mode,src,group_id,metric,mean,n_hparams
sign_test_cel0.0,chunk_0,0,GR,3.456039304534594,48
sign_test_cel0.0,chunk_0,0,IPC,6.22050042450428,48
sign_test_cel0.0,chunk_0,0,KR,2.4075723439455032,48
sign_test_cel0.0,chunk_0,0,MC,4.119640660782655,48
sign_test_cel0.0,chunk_0,0,cosine_similarity,1.000000298023224,48
sign_test_cel0.0,chunk_0,0,wt_mean,0.0019408084335736503,48
sign_test_cel0.0,chunk_0,1,GR,3.791808490951856,48
sign_test_cel0.0,chunk_0,1,IPC,5.8565591250856714,48
sign_test_cel0.0,chunk_0,1,KR,2.54206520318985,48
sign_test_cel0.0,chunk_0,1,MC,3.961000715692838,48
sign_test_cel0.0,chunk_0,1,cosine_similarity,1.000000298023224,48
sign_test_cel0.0,chunk_0,1,wt_mean,0.0019408084335736503,48
sign_test_cel0.0,chunk_0,10,GR,4.418028891086578,48
sign_test_cel0.0,chunk_0,10,IPC,5.589958318819602,48
sign_test_cel0.0,chunk_0,10,KR,2.9613773797949157,48
sign_test_cel0.0,chunk_0,10,MC,3.658951704700788,48
sign_test_cel0.0,chunk_0,10,cosine_similarity,1.000000298023224,48
sign_test_cel0.0,chunk_0,10,wt_mean,0.0019408084335736503,48
sign_test_cel0.0,chunk_0,11,GR,3.8517692585786185,48
sign_test_cel0.0,chunk_0,11,IPC,5.533344602833192,48
sign_test_cel0.0,chunk_0,11,KR,2.583227830628554,48
sign_test_cel0.0,chunk_0,11,MC,3.9082222133874893,48
sign_test_cel0.0,chunk_0,11,cosine_similarity,1.000000298023224,48
sign_test_cel0.0,chunk_0,11,wt_mean,0.0019408084335736503,48
sign_test_cel0.0,chunk_0,12,GR,3.3769461885094643,48
sign_test_cel0.0,chunk_0,12,IPC,6.1751468653480215,48
sign_test_cel0.0,chunk_0,12,KR,2.3384969060619674,48
sign_test_cel0.0,chunk_0,12,MC,4.367051800092061,48
sign_test_cel0.0,chunk_0,12,cosine_similarity,1.000000298023224,48
sign_test_cel0.0,chunk_0,12,wt_mean,0.0019408084335736503,48
sign_test_cel0.0,chunk_0,2,GR,4.180495110650857,48
sign_test_cel0.0,chunk_0,2,IPC,6.046575694034497,48
sign_test_cel0.0,chunk_0,2,KR,2.645406484603882,48
sign_test_cel0.0,chunk_0,2,MC,4.148345023393631,48
sign_test_cel0.0,chunk_0,2,cosine_similarity,1.000000298023224,48
sign_test_cel0.0,chunk_0,2,wt_mean,0.0019408084335736503,48
sign_test_cel0.0,chunk_0,3,GR,4.720880088706811,48
sign_test_cel0.0,chunk_0,3,IPC,5.702149324119091,48
sign_test_cel0.0,chunk_0,3,KR,3.060460776090622,48
sign_test_cel0.0,chunk_0,3,MC,3.660176689426104,48
sign_test_cel0.0,chunk_0,3,cosine_similarity,1.000000298023224,48
sign_test_cel0.0,chunk_0,3,wt_mean,0.0019408084335736503,48
sign_test_cel0.0,chunk_0,4,GR,3.7629941081007323,48
sign_test_cel0.0,chunk_0,4,IPC,5.819269335518281,48
sign_test_cel0.0,chunk_0,4,KR,2.4948734069863954,48
sign_test_cel0.0,chunk_0,4,MC,4.206716388463974,48
sign_test_cel0.0,chunk_0,4,cosine_similarity,1.000000298023224,48
sign_test_cel0.0,chunk_0,4,wt_mean,0.0019408084335736503,48
sign_test_cel0.0,chunk_0,5,GR,4.182728568712871,48
sign_test_cel0.0,chunk_0,5,IPC,5.591173129777114,48
sign_test_cel0.0,chunk_0,5,KR,2.747365318238735,48
sign_test_cel0.0,chunk_0,5,MC,4.0668255512913065,48
sign_test_cel0.0,chunk_0,5,cosine_similarity,1.000000298023224,48
sign_test_cel0.0,chunk_0,5,wt_mean,0.0019408084335736503,48
sign_test_cel0.0,chunk_0,6,GR,4.031024406353633,48
sign_test_cel0.0,chunk_0,6,IPC,5.525545209646225,48
sign_test_cel0.0,chunk_0,6,KR,2.613785684108734,48
sign_test_cel0.0,chunk_0,6,MC,3.6091473450263343,48
sign_test_cel0.0,chunk_0,6,cosine_similarity,1.000000298023224,48
sign_test_cel0.0,chunk_0,6,wt_mean,0.0019408084335736503,48
sign_test_cel0.0,chunk_0,7,GR,4.30640468498071,48
sign_test_cel0.0,chunk_0,7,IPC,5.27776609112819,48
sign_test_cel0.0,chunk_0,7,KR,2.833737519880136,48
sign_test_cel0.0,chunk_0,7,MC,3.6365516036748886,48
sign_test_cel0.0,chunk_0,7,cosine_similarity,1.000000298023224,48
sign_test_cel0.0,chunk_0,7,wt_mean,0.0019408084335736503,48
sign_test_cel0.0,chunk_0,8,GR,4.354383530716102,48
sign_test_cel0.0,chunk_0,8,IPC,5.518960991253455,48
sign_test_cel0.0,chunk_0,8,KR,2.7974459528923035,48
sign_test_cel0.0,chunk_0,8,MC,3.627298079431057,48
sign_test_cel0.0,chunk_0,8,cosine_similarity,1.000000298023224,48
sign_test_cel0.0,chunk_0,8,wt_mean,0.0019408084335736503,48
sign_test_cel0.0,chunk_0,9,GR,5.083097460369269,48
sign_test_cel0.0,chunk_0,9,IPC,5.0286094670494395,48
sign_test_cel0.0,chunk_0,9,KR,3.2149553497632346,48
sign_test_cel0.0,chunk_0,9,MC,3.678944615026315,48
sign_test_cel0.0,chunk_0,9,cosine_similarity,1.000000298023224,48
sign_test_cel0.0,chunk_0,9,wt_mean,0.0019408084335736503,48
sign_test_cel0.0,chunk_1,13,GR,4.508558327953021,48
sign_test_cel0.0,chunk_1,13,IPC,5.812813865641753,48
sign_test_cel0.0,chunk_1,13,KR,2.8939354891578355,48
sign_test_cel0.0,chunk_1,13,MC,3.677778815229734,48
sign_test_cel0.0,chunk_1,13,cosine_similarity,1.000000298023224,48
sign_test_cel0.0,chunk_1,13,wt_mean,0.0019408084335736503,48
sign_test_cel0.0,chunk_1,14,GR,4.520967478553454,48
sign_test_cel0.0,chunk_1,14,IPC,5.464890836427609,48
sign_test_cel0.0,chunk_1,14,KR,2.9030597880482674,48
sign_test_cel0.0,chunk_1,14,MC,3.6909272422393165,48
sign_test_cel0.0,chunk_1,14,cosine_similarity,1.000000298023224,48
sign_test_cel0.0,chunk_1,14,wt_mean,0.0019408084335736503,48
sign_test_cel0.0,chunk_1,15,GR,4.243073530495167,48
sign_test_cel0.0,chunk_1,15,IPC,5.830507869521777,48
sign_test_cel0.0,chunk_1,15,KR,2.755910019079844,48
sign_test_cel0.0,chunk_1,15,MC,4.099609677990277,48
sign_test_cel0.0,chunk_1,15,cosine_similarity,1.000000298023224,48
sign_test_cel0.0,chunk_1,15,wt_mean,0.0019408084335736503,48
sign_test_cel0.0,chunk_1,16,GR,3.9978004842996597,48
sign_test_cel0.0,chunk_1,16,IPC,5.789327179392179,48
sign_test_cel0.0,chunk_1,16,KR,2.7206013749043145,48
sign_test_cel0.0,chunk_1,16,MC,3.892493481437365,48
sign_test_cel0.0,chunk_1,16,cosine_similarity,1.000000298023224,48
sign_test_cel0.0,chunk_1,16,wt_mean,0.0019408084335736503,48
sign_test_cel0.0,chunk_1,17,GR,3.7850546687841415,48
sign_test_cel0.0,chunk_1,17,IPC,5.132853373885155,48
sign_test_cel0.0,chunk_1,17,KR,2.479924867550532,48
sign_test_cel0.0,chunk_1,17,MC,3.3655277093251548,48
sign_test_cel0.0,chunk_1,17,cosine_similarity,1.000000298023224,48
sign_test_cel0.0,chunk_1,17,wt_mean,0.0019408084335736503,48
sign_test_cel0.0,chunk_1,18,GR,3.598432076474031,48
sign_test_cel0.0,chunk_1,18,IPC,5.096594572067261,48
sign_test_cel0.0,chunk_1,18,KR,2.462632971505324,48
sign_test_cel0.0,chunk_1,18,MC,3.7266028995315232,48
sign_test_cel0.0,chunk_1,18,cosine_similarity,1.000000298023224,48
sign_test_cel0.0,chunk_1,18,wt_mean,0.0019408084335736503,48
sign_test_cel0.0,chunk_1,19,GR,3.9872946068644524,48
sign_test_cel0.0,chunk_1,19,IPC,5.3978850692510605,48
sign_test_cel0.0,chunk_1,19,KR,2.5264216139912605,48
sign_test_cel0.0,chunk_1,19,MC,3.6050381859143577,48
sign_test_cel0.0,chunk_1,19,cosine_similarity,1.000000298023224,48
sign_test_cel0.0,chunk_1,19,wt_mean,0.0019408084335736503,48
sign_test_cel0.0,chunk_1,20,GR,3.6179585928718248,48
sign_test_cel0.0,chunk_1,20,IPC,5.515577495098114,48
sign_test_cel0.0,chunk_1,20,KR,2.3393686612447104,48
sign_test_cel0.0,chunk_1,20,MC,3.810039425889651,48
sign_test_cel0.0,chunk_1,20,cosine_similarity,1.000000298023224,48
sign_test_cel0.0,chunk_1,20,wt_mean,0.0019408084335736503,48
sign_test_cel0.0,chunk_1,21,GR,3.4861257076263428,48
sign_test_cel0.0,chunk_1,21,IPC,6.166924235721429,48
sign_test_cel0.0,chunk_1,21,KR,2.3593992963433266,48
sign_test_cel0.0,chunk_1,21,MC,4.15343193958203,48
sign_test_cel0.0,chunk_1,21,cosine_similarity,1.000000298023224,48
sign_test_cel0.0,chunk_1,21,wt_mean,0.0019408084335736503,48
sign_test_cel0.0,chunk_1,22,GR,3.6560134341319404,48
sign_test_cel0.0,chunk_1,22,IPC,5.4071587560077505,48
sign_test_cel0.0,chunk_1,22,KR,2.534850629667441,48
sign_test_cel0.0,chunk_1,22,MC,3.525545304020246,48
sign_test_cel0.0,chunk_1,22,cosine_similarity,1.000000298023224,48
sign_test_cel0.0,chunk_1,22,wt_mean,0.0019408084335736503,48
sign_test_cel0.0,chunk_1,23,GR,3.4739880015452704,48
sign_test_cel0.0,chunk_1,23,IPC,5.6761503381033735,48
sign_test_cel0.0,chunk_1,23,KR,2.2673064594467482,48
sign_test_cel0.0,chunk_1,23,MC,3.763452817996343,48
sign_test_cel0.0,chunk_1,23,cosine_similarity,1.000000298023224,48
sign_test_cel0.0,chunk_1,23,wt_mean,0.0019408084335736503,48
sign_test_cel0.0,chunk_1,24,GR,3.89223891745011,48
sign_test_cel0.0,chunk_1,24,IPC,5.793815118571122,48
sign_test_cel0.0,chunk_1,24,KR,2.598934362332026,48
sign_test_cel0.0,chunk_1,24,MC,3.853070924679438,48
sign_test_cel0.0,chunk_1,24,cosine_similarity,1.000000298023224,48
sign_test_cel0.0,chunk_1,24,wt_mean,0.0019408084335736503,48
sign_test_cel0.0,chunk_1,25,GR,3.9881552954514823,48
sign_test_cel0.0,chunk_1,25,IPC,5.732602426161368,48
sign_test_cel0.0,chunk_1,25,KR,2.6344417929649353,48
sign_test_cel0.0,chunk_1,25,MC,3.7586651543776193,48
sign_test_cel0.0,chunk_1,25,cosine_similarity,1.000000298023224,48
sign_test_cel0.0,chunk_1,25,wt_mean,0.0019408084335736503,48
sign_test_cel0.0,chunk_10,130,GR,4.676851890981197,48
sign_test_cel0.0,chunk_10,130,IPC,5.3072218497594195,48
sign_test_cel0.0,chunk_10,130,KR,3.1071053544680276,48
sign_test_cel0.0,chunk_10,130,MC,3.6273614217837653,48
sign_test_cel0.0,chunk_10,130,cosine_similarity,1.000000298023224,48
sign_test_cel0.0,chunk_10,130,wt_mean,0.0019408084335736503,48
sign_test_cel0.0,chunk_10,131,GR,3.8729613572359085,48
sign_test_cel0.0,chunk_10,131,IPC,5.777712192386389,48
sign_test_cel0.0,chunk_10,131,KR,2.487511806190014,48
sign_test_cel0.0,chunk_10,131,MC,3.820977677901586,48
sign_test_cel0.0,chunk_10,131,cosine_similarity,1.000000298023224,48
sign_test_cel0.0,chunk_10,131,wt_mean,0.0019408084335736503,48
sign_test_cel0.0,chunk_10,132,GR,3.7512988969683647,48
sign_test_cel0.0,chunk_10,132,IPC,6.169214473416408,48
sign_test_cel0.0,chunk_10,132,KR,2.5605118051171303,48
sign_test_cel0.0,chunk_10,132,MC,3.9945729871590934,48
sign_test_cel0.0,chunk_10,132,cosine_similarity,1.000000298023224,48
sign_test_cel0.0,chunk_10,132,wt_mean,0.0019408084335736503,48
sign_test_cel0.0,chunk_10,133,GR,4.716773239274819,48
sign_test_cel0.0,chunk_10,133,IPC,5.52700895567735,48
sign_test_cel0.0,chunk_10,133,KR,3.042302834490935,48
sign_test_cel0.0,chunk_10,133,MC,3.597163014113903,48
sign_test_cel0.0,chunk_10,133,cosine_similarity,1.000000298023224,48
sign_test_cel0.0,chunk_10,133,wt_mean,0.0019408084335736503,48
sign_test_cel0.0,chunk_10,134,GR,4.048608330388864,48
sign_test_cel0.0,chunk_10,134,IPC,5.272518706818421,48
sign_test_cel0.0,chunk_10,134,KR,2.678133510053158,48
sign_test_cel0.0,chunk_10,134,MC,3.3667031849424043,48
sign_test_cel0.0,chunk_10,134,cosine_similarity,1.000000298023224,48
sign_test_cel0.0,chunk_10,134,wt_mean,0.0019408084335736503,48
sign_test_cel0.0,chunk_10,135,GR,3.66081719348828,48
sign_test_cel0.0,chunk_10,135,IPC,5.733617226282756,48
sign_test_cel0.0,chunk_10,135,KR,2.409955886503061,48
sign_test_cel0.0,chunk_10,135,MC,3.6859534829854965,48
sign_test_cel0.0,chunk_10,135,cosine_similarity,1.000000298023224,48
sign_test_cel0.0,chunk_10,135,wt_mean,0.0019408084335736503,48
sign_test_cel0.0,chunk_10,136,GR,3.7569614375631013,48
sign_test_cel0.0,chunk_10,136,IPC,5.583713701615731,48
sign_test_cel0.0,chunk_10,136,KR,2.4633785213033357,48
sign_test_cel0.0,chunk_10,136,MC,3.6716135988632836,48
sign_test_cel0.0,chunk_10,136,cosine_similarity,1.000000298023224,48
sign_test_cel0.0,chunk_10,136,wt_mean,0.0019408084335736503,48
sign_test_cel0.0,chunk_10,137,GR,4.1478250324726105,48
sign_test_cel0.0,chunk_10,137,IPC,6.0492141507565975,48
sign_test_cel0.0,chunk_10,137,KR,2.6999780957897506,48
sign_test_cel0.0,chunk_10,137,MC,4.229090591271718,48
sign_test_cel0.0,chunk_10,137,cosine_similarity,1.000000298023224,48
sign_test_cel0.0,chunk_10,137,wt_mean,0.0019408084335736503,48
sign_test_cel0.0,chunk_10,138,GR,4.6492225378751755,48
sign_test_cel0.0,chunk_10,138,IPC,5.688035409897566,48
sign_test_cel0.0,chunk_10,138,KR,3.0376877188682556,48
sign_test_cel0.0,chunk_10,138,MC,4.048909775912762,48
sign_test_cel0.0,chunk_10,138,cosine_similarity,1.000000298023224,48
sign_test_cel0.0,chunk_10,138,wt_mean,0.0019408084335736503,48
sign_test_cel0.0,chunk_10,139,GR,4.53072106341521,48
sign_test_cel0.0,chunk_10,139,IPC,4.8015468915303545,48
sign_test_cel0.0,chunk_10,139,KR,2.923911708096663,48
sign_test_cel0.0,chunk_10,139,MC,3.2323159351944923,48
sign_test_cel0.0,chunk_10,139,cosine_similarity,1.000000298023224,48
sign_test_cel0.0,chunk_10,139,wt_mean,0.0019408084335736503,48
sign_test_cel0.0,chunk_10,140,GR,4.348863318562508,48
sign_test_cel0.0,chunk_10,140,IPC,5.519166221221288,48
sign_test_cel0.0,chunk_10,140,KR,2.8571268195907273,48
sign_test_cel0.0,chunk_10,140,MC,3.755753127237161,48
sign_test_cel0.0,chunk_10,140,cosine_similarity,1.000000298023224,48
sign_test_cel0.0,chunk_10,140,wt_mean,0.0019408084335736503,48
sign_test_cel0.0,chunk_10,141,GR,4.288460011283557,48
sign_test_cel0.0,chunk_10,141,IPC,5.998066563159227,48
sign_test_cel0.0,chunk_10,141,KR,2.8744683638215065,48
sign_test_cel0.0,chunk_10,141,MC,4.108439589540164,48
sign_test_cel0.0,chunk_10,141,cosine_similarity,1.000000298023224,48
sign_test_cel0.0,chunk_10,141,wt_mean,0.0019408084335736503,48
sign_test_cel0.0,chunk_11,142,GR,4.184667609632015,48
sign_test_cel0.0,chunk_11,142,IPC,6.073720023036003,48
sign_test_cel0.0,chunk_11,142,KR,2.703648693859577,48
sign_test_cel0.0,chunk_11,142,MC,4.3665462384621305,48
sign_test_cel0.0,chunk_11,142,cosine_similarity,1.000000298023224,48
sign_test_cel0.0,chunk_11,142,wt_mean,0.0019408084335736503,48
sign_test_cel0.0,chunk_11,143,GR,4.09421503295501,48
sign_test_cel0.0,chunk_11,143,IPC,5.807181113710006,48
sign_test_cel0.0,chunk_11,143,KR,2.7606555968523026,48
sign_test_cel0.0,chunk_11,143,MC,3.132784314453602,48
sign_test_cel0.0,chunk_11,143,cosine_similarity,1.000000298023224,48
sign_test_cel0.0,chunk_11,143,wt_mean,0.0019408084335736503,48
sign_test_cel0.0,chunk_11,144,GR,3.989844597876072,48
sign_test_cel0.0,chunk_11,144,IPC,6.00652431199948,48
sign_test_cel0.0,chunk_11,144,KR,2.5571940715114274,48
sign_test_cel0.0,chunk_11,144,MC,4.029152827958266,48
sign_test_cel0.0,chunk_11,144,cosine_similarity,1.000000298023224,48
sign_test_cel0.0,chunk_11,144,wt_mean,0.0019408084335736503,48
sign_test_cel0.0,chunk_11,145,GR,3.779197903970877,48
sign_test_cel0.0,chunk_11,145,IPC,5.389423884451389,48
sign_test_cel0.0,chunk_11,145,KR,2.4839754228790603,48
sign_test_cel0.0,chunk_11,145,MC,3.568422943353653,48
sign_test_cel0.0,chunk_11,145,cosine_similarity,1.000000298023224,48
sign_test_cel0.0,chunk_11,145,wt_mean,0.0019408084335736503,48
sign_test_cel0.0,chunk_11,146,GR,3.4777464916308722,48
sign_test_cel0.0,chunk_11,146,IPC,5.777060045550267,48
sign_test_cel0.0,chunk_11,146,KR,2.3163062582413354,48
sign_test_cel0.0,chunk_11,146,MC,3.79367874811093,48
sign_test_cel0.0,chunk_11,146,cosine_similarity,1.000000298023224,48
sign_test_cel0.0,chunk_11,146,wt_mean,0.0019408084335736503,48
sign_test_cel0.0,chunk_11,147,GR,4.105993136763573,48
sign_test_cel0.0,chunk_11,147,IPC,6.296571069707473,48
sign_test_cel0.0,chunk_11,147,KR,2.7256622537970543,48
sign_test_cel0.0,chunk_11,147,MC,4.243503945569198,48
sign_test_cel0.0,chunk_11,147,cosine_similarity,1.000000298023224,48
sign_test_cel0.0,chunk_11,147,wt_mean,0.0019408084335736503,48
sign_test_cel0.0,chunk_11,148,GR,3.957327052950859,48
sign_test_cel0.0,chunk_11,148,IPC,5.8673231440285845,48
sign_test_cel0.0,chunk_11,148,KR,2.601007044315338,48
sign_test_cel0.0,chunk_11,148,MC,3.707051598777374,48
sign_test_cel0.0,chunk_11,148,cosine_similarity,1.000000298023224,48
sign_test_cel0.0,chunk_11,148,wt_mean,0.0019408084335736503,48
sign_test_cel0.0,chunk_11,149,GR,4.599382204314073,48
sign_test_cel0.0,chunk_11,149,IPC,6.125256883601348,48
sign_test_cel0.0,chunk_11,149,KR,3.0282214979330697,48
sign_test_cel0.0,chunk_11,149,MC,4.177961414059003,48
sign_test_cel0.0,chunk_11,149,cosine_similarity,1.000000298023224,48
sign_test_cel0.0,chunk_11,149,wt_mean,0.0019408084335736503,48
sign_test_cel0.0,chunk_11,150,GR,4.019673469165961,48
sign_test_cel0.0,chunk_11,150,IPC,5.621054553737243,48
sign_test_cel0.0,chunk_11,150,KR,2.599521942436695,48
sign_test_cel0.0,chunk_11,150,MC,3.8308625568946204,48
sign_test_cel0.0,chunk_11,150,cosine_similarity,1.000000298023224,48
sign_test_cel0.0,chunk_11,150,wt_mean,0.0019408084335736503,48
sign_test_cel0.0,chunk_11,151,GR,3.7022021959225335,48
sign_test_cel0.0,chunk_11,151,IPC,6.120397375275691,48
sign_test_cel0.0,chunk_11,151,KR,2.38695660730203,48
sign_test_cel0.0,chunk_11,151,MC,4.05198394258817,48
sign_test_cel0.0,chunk_11,151,cosine_similarity,1.000000298023224,48
sign_test_cel0.0,chunk_11,151,wt_mean,0.0019408084335736503,48
sign_test_cel0.0,chunk_11,152,GR,3.8152468080321946,48
sign_test_cel0.0,chunk_11,152,IPC,5.384193920840819,48
sign_test_cel0.0,chunk_11,152,KR,2.4543515716989837,48
sign_test_cel0.0,chunk_11,152,MC,3.4369855001568794,48
sign_test_cel0.0,chunk_11,152,cosine_similarity,1.000000298023224,48
sign_test_cel0.0,chunk_11,152,wt_mean,0.0019408084335736503,48
sign_test_cel0.0,chunk_11,153,GR,3.652742018302282,48
sign_test_cel0.0,chunk_11,153,IPC,5.493055932223797,48
sign_test_cel0.0,chunk_11,153,KR,2.4490943724910417,48
sign_test_cel0.0,chunk_11,153,MC,3.861936571697394,48
sign_test_cel0.0,chunk_11,153,cosine_similarity,1.000000298023224,48
sign_test_cel0.0,chunk_11,153,wt_mean,0.0019408084335736503,48
sign_test_cel0.0,chunk_12,154,GR,3.6683368434508643,48
sign_test_cel0.0,chunk_12,154,IPC,6.098317024608453,48
sign_test_cel0.0,chunk_12,154,KR,2.4136242295304933,48
sign_test_cel0.0,chunk_12,154,MC,4.1104262719551725,48
sign_test_cel0.0,chunk_12,154,cosine_similarity,1.000000298023224,48
sign_test_cel0.0,chunk_12,154,wt_mean,0.0019408084335736503,48
sign_test_cel0.0,chunk_12,155,GR,3.7011827528476715,48
sign_test_cel0.0,chunk_12,155,IPC,5.702330083896716,48
sign_test_cel0.0,chunk_12,155,KR,2.4706157421072326,48
sign_test_cel0.0,chunk_12,155,MC,3.9644706547260284,48
sign_test_cel0.0,chunk_12,155,cosine_similarity,1.000000298023224,48
sign_test_cel0.0,chunk_12,155,wt_mean,0.0019408084335736503,48
sign_test_cel0.0,chunk_12,156,GR,4.5548223207394285,48
sign_test_cel0.0,chunk_12,156,IPC,5.771308680375417,48
sign_test_cel0.0,chunk_12,156,KR,2.992555744946003,48
sign_test_cel0.0,chunk_12,156,MC,3.8250713969270387,48
sign_test_cel0.0,chunk_12,156,cosine_similarity,1.000000298023224,48
sign_test_cel0.0,chunk_12,156,wt_mean,0.0019408084335736503,48
sign_test_cel0.0,chunk_12,157,GR,4.2757328649361925,48
sign_test_cel0.0,chunk_12,157,IPC,5.414983831346035,48
sign_test_cel0.0,chunk_12,157,KR,2.717285692691803,48
sign_test_cel0.0,chunk_12,157,MC,3.188466382523378,48
sign_test_cel0.0,chunk_12,157,cosine_similarity,1.000000298023224,48
sign_test_cel0.0,chunk_12,157,wt_mean,0.0019408084335736503,48
sign_test_cel0.0,chunk_12,158,GR,4.633172027766705,48
sign_test_cel0.0,chunk_12,158,IPC,4.920591065039237,48
sign_test_cel0.0,chunk_12,158,KR,3.0707819908857346,48
sign_test_cel0.0,chunk_12,158,MC,3.372099849085013,48
sign_test_cel0.0,chunk_12,158,cosine_similarity,1.000000298023224,48
sign_test_cel0.0,chunk_12,158,wt_mean,0.0019408084335736503,48
sign_test_cel0.0,chunk_12,159,GR,3.761241706709067,48
sign_test_cel0.0,chunk_12,159,IPC,6.580107908695936,48
sign_test_cel0.0,chunk_12,159,KR,2.5069723402460418,48
sign_test_cel0.0,chunk_12,159,MC,5.074700653553009,48
sign_test_cel0.0,chunk_12,159,cosine_similarity,1.000000298023224,48
sign_test_cel0.0,chunk_12,159,wt_mean,0.0019408084335736503,48
sign_test_cel0.0,chunk_12,160,GR,3.90358450760444,48
sign_test_cel0.0,chunk_12,160,IPC,5.5444123186171055,48
sign_test_cel0.0,chunk_12,160,KR,2.6423811838030815,48
sign_test_cel0.0,chunk_12,160,MC,3.504208187262217,48
sign_test_cel0.0,chunk_12,160,cosine_similarity,1.000000298023224,48
sign_test_cel0.0,chunk_12,160,wt_mean,0.0019408084335736503,48
sign_test_cel0.0,chunk_12,161,GR,4.159735441207886,48
sign_test_cel0.0,chunk_12,161,IPC,5.517268945773442,48
sign_test_cel0.0,chunk_12,161,KR,2.6420166045427322,48
sign_test_cel0.0,chunk_12,161,MC,3.8615210354328156,48
sign_test_cel0.0,chunk_12,161,cosine_similarity,1.000000298023224,48
sign_test_cel0.0,chunk_12,161,wt_mean,0.0019408084335736503,48
sign_test_cel0.0,chunk_12,162,GR,4.102661927541097,48
sign_test_cel0.0,chunk_12,162,IPC,5.75126589089632,48
sign_test_cel0.0,chunk_12,162,KR,2.697862404088179,48
sign_test_cel0.0,chunk_12,162,MC,3.789457475145658,48
sign_test_cel0.0,chunk_12,162,cosine_similarity,1.000000298023224,48
sign_test_cel0.0,chunk_12,162,wt_mean,0.0019408084335736503,48
sign_test_cel0.0,chunk_12,163,GR,4.43387595564127,48
sign_test_cel0.0,chunk_12,163,IPC,5.620653383433819,48
sign_test_cel0.0,chunk_12,163,KR,2.9215441842873893,48
sign_test_cel0.0,chunk_12,163,MC,3.657317300637563,48
sign_test_cel0.0,chunk_12,163,cosine_similarity,1.000000298023224,48
sign_test_cel0.0,chunk_12,163,wt_mean,0.0019408084335736503,48
sign_test_cel0.0,chunk_12,164,GR,3.460137096544107,48
sign_test_cel0.0,chunk_12,164,IPC,5.259205274283886,48
sign_test_cel0.0,chunk_12,164,KR,2.3835340812802315,48
sign_test_cel0.0,chunk_12,164,MC,3.585031839708487,48
sign_test_cel0.0,chunk_12,164,cosine_similarity,1.000000298023224,48
sign_test_cel0.0,chunk_12,164,wt_mean,0.0019408084335736503,48
sign_test_cel0.0,chunk_12,165,GR,3.648907075325648,48
sign_test_cel0.0,chunk_12,165,IPC,5.999941111852725,48
sign_test_cel0.0,chunk_12,165,KR,2.4301243672768273,48
sign_test_cel0.0,chunk_12,165,MC,4.125742261608441,48
sign_test_cel0.0,chunk_12,165,cosine_similarity,1.000000298023224,48
sign_test_cel0.0,chunk_12,165,wt_mean,0.0019408084335736503,48
sign_test_cel0.0,chunk_13,166,GR,4.388999881843726,48
sign_test_cel0.0,chunk_13,166,IPC,5.4449113719165325,48
sign_test_cel0.0,chunk_13,166,KR,2.8097543294231095,48
sign_test_cel0.0,chunk_13,166,MC,3.8443187524875007,48
sign_test_cel0.0,chunk_13,166,cosine_similarity,1.000000298023224,48
sign_test_cel0.0,chunk_13,166,wt_mean,0.0019408084335736503,48
sign_test_cel0.0,chunk_13,167,GR,3.4685769006609917,48
sign_test_cel0.0,chunk_13,167,IPC,5.798759178568919,48
sign_test_cel0.0,chunk_13,167,KR,2.3890990391373634,48
sign_test_cel0.0,chunk_13,167,MC,4.018142183621724,48
sign_test_cel0.0,chunk_13,167,cosine_similarity,1.000000298023224,48
sign_test_cel0.0,chunk_13,167,wt_mean,0.0019408084335736503,48
sign_test_cel0.0,chunk_13,168,GR,4.038584152857463,48
sign_test_cel0.0,chunk_13,168,IPC,5.25976325571537,48
sign_test_cel0.0,chunk_13,168,KR,2.634637157122294,48
sign_test_cel0.0,chunk_13,168,MC,3.6412231624126434,48
sign_test_cel0.0,chunk_13,168,cosine_similarity,1.000000298023224,48
sign_test_cel0.0,chunk_13,168,wt_mean,0.0019408084335736503,48
sign_test_cel0.0,chunk_13,169,GR,4.5331767946481705,48
sign_test_cel0.0,chunk_13,169,IPC,5.872200058152278,48
sign_test_cel0.0,chunk_13,169,KR,2.9056591987609863,48
sign_test_cel0.0,chunk_13,169,MC,3.782523746291796,48
sign_test_cel0.0,chunk_13,169,cosine_similarity,1.000000298023224,48
sign_test_cel0.0,chunk_13,169,wt_mean,0.0019408084335736503,48
sign_test_cel0.0,chunk_13,170,GR,4.31157935410738,48
sign_test_cel0.0,chunk_13,170,IPC,5.728141836822033,48
sign_test_cel0.0,chunk_13,170,KR,2.905189643303553,48
sign_test_cel0.0,chunk_13,170,MC,3.988367254535357,48
sign_test_cel0.0,chunk_13,170,cosine_similarity,1.000000298023224,48
sign_test_cel0.0,chunk_13,170,wt_mean,0.0019408084335736503,48
sign_test_cel0.0,chunk_13,171,GR,4.775481919447581,48
sign_test_cel0.0,chunk_13,171,IPC,5.06513882925113,48
sign_test_cel0.0,chunk_13,171,KR,3.0922485093275704,48
sign_test_cel0.0,chunk_13,171,MC,3.474142366399368,48
sign_test_cel0.0,chunk_13,171,cosine_similarity,1.000000298023224,48
sign_test_cel0.0,chunk_13,171,wt_mean,0.0019408084335736503,48
sign_test_cel0.0,chunk_13,172,GR,4.2472257887323694,48
sign_test_cel0.0,chunk_13,172,IPC,5.593512461831172,48
sign_test_cel0.0,chunk_13,172,KR,2.7172844310601554,48
sign_test_cel0.0,chunk_13,172,MC,4.066908713430166,48
sign_test_cel0.0,chunk_13,172,cosine_similarity,1.000000298023224,48
sign_test_cel0.0,chunk_13,172,wt_mean,0.0019408084335736503,48
sign_test_cel0.0,chunk_13,173,GR,3.8740576903025308,48
sign_test_cel0.0,chunk_13,173,IPC,5.925557994594176,48
sign_test_cel0.0,chunk_13,173,KR,2.527274283270041,48
sign_test_cel0.0,chunk_13,173,MC,3.8781906565030417,48
sign_test_cel0.0,chunk_13,173,cosine_similarity,1.000000298023224,48
sign_test_cel0.0,chunk_13,173,wt_mean,0.0019408084335736503,48
sign_test_cel0.0,chunk_13,174,GR,3.716187489529451,48
sign_test_cel0.0,chunk_13,174,IPC,5.917441584169865,48
sign_test_cel0.0,chunk_13,174,KR,2.4461072757840157,48
sign_test_cel0.0,chunk_13,174,MC,4.07393438120683,48
sign_test_cel0.0,chunk_13,174,cosine_similarity,1.000000298023224,48
sign_test_cel0.0,chunk_13,174,wt_mean,0.0019408084335736503,48
sign_test_cel0.0,chunk_13,175,GR,3.9903979996840158,48
sign_test_cel0.0,chunk_13,175,IPC,6.159800730645657,48
sign_test_cel0.0,chunk_13,175,KR,2.5619733010729155,48
sign_test_cel0.0,chunk_13,175,MC,3.969195937116941,48
sign_test_cel0.0,chunk_13,175,cosine_similarity,1.000000298023224,48
sign_test_cel0.0,chunk_13,175,wt_mean,0.0019408084335736503,48
sign_test_cel0.0,chunk_13,176,GR,3.989706108967463,48
sign_test_cel0.0,chunk_13,176,IPC,5.64851438626647,48
sign_test_cel0.0,chunk_13,176,KR,2.685819312930107,48
sign_test_cel0.0,chunk_13,176,MC,3.978158292671045,48
sign_test_cel0.0,chunk_13,176,cosine_similarity,1.000000298023224,48
sign_test_cel0.0,chunk_13,176,wt_mean,0.0019408084335736503,48
sign_test_cel0.0,chunk_13,177,GR,3.699731027086576,48
sign_test_cel0.0,chunk_13,177,IPC,5.984702947239081,48
sign_test_cel0.0,chunk_13,177,KR,2.4803791468342147,48
sign_test_cel0.0,chunk_13,177,MC,3.882830979923407,48
sign_test_cel0.0,chunk_13,177,cosine_similarity,1.000000298023224,48
sign_test_cel0.0,chunk_13,177,wt_mean,0.0019408084335736503,48
sign_test_cel0.0,chunk_14,178,GR,4.063228463133176,48
sign_test_cel0.0,chunk_14,178,IPC,5.3568305522203445,48
sign_test_cel0.0,chunk_14,178,KR,2.6431320359309516,48
sign_test_cel0.0,chunk_14,178,MC,3.674164501329263,48
sign_test_cel0.0,chunk_14,178,cosine_similarity,1.000000298023224,48
sign_test_cel0.0,chunk_14,178,wt_mean,0.0019408084335736503,48
sign_test_cel0.0,chunk_14,179,GR,3.707643104096254,48
sign_test_cel0.0,chunk_14,179,IPC,5.642183220634858,48
sign_test_cel0.0,chunk_14,179,KR,2.4636714855829873,48
sign_test_cel0.0,chunk_14,179,MC,3.667126548786958,48
sign_test_cel0.0,chunk_14,179,cosine_similarity,1.000000298023224,48
sign_test_cel0.0,chunk_14,179,wt_mean,0.0019408084335736503,48
sign_test_cel0.0,chunk_14,180,GR,4.058510959148407,48
sign_test_cel0.0,chunk_14,180,IPC,6.1396794356405735,48
sign_test_cel0.0,chunk_14,180,KR,2.5052330965797105,48
sign_test_cel0.0,chunk_14,180,MC,4.226492094496886,48
sign_test_cel0.0,chunk_14,180,cosine_similarity,1.000000298023224,48
sign_test_cel0.0,chunk_14,180,wt_mean,0.0019408084335736503,48
sign_test_cel0.0,chunk_14,181,GR,4.0412837987144785,48
sign_test_cel0.0,chunk_14,181,IPC,5.745017097642024,48
sign_test_cel0.0,chunk_14,181,KR,2.6599338725209236,48
sign_test_cel0.0,chunk_14,181,MC,4.074155777692795,48
sign_test_cel0.0,chunk_14,181,cosine_similarity,1.000000298023224,48
sign_test_cel0.0,chunk_14,181,wt_mean,0.0019408084335736503,48
sign_test_cel0.0,chunk_14,182,GR,3.7732903584837914,48
sign_test_cel0.0,chunk_14,182,IPC,6.0844286407033605,48
sign_test_cel0.0,chunk_14,182,KR,2.5049675554037094,48
sign_test_cel0.0,chunk_14,182,MC,4.271008337537448,48
sign_test_cel0.0,chunk_14,182,cosine_similarity,1.000000298023224,48
sign_test_cel0.0,chunk_14,182,wt_mean,0.0019408084335736503,48
sign_test_cel0.0,chunk_14,183,GR,3.7483679031332335,48
sign_test_cel0.0,chunk_14,183,IPC,5.855344717701276,48
sign_test_cel0.0,chunk_14,183,KR,2.581650525331497,48
sign_test_cel0.0,chunk_14,183,MC,3.872773381570975,48
sign_test_cel0.0,chunk_14,183,cosine_similarity,1.000000298023224,48
sign_test_cel0.0,chunk_14,183,wt_mean,0.0019408084335736503,48
sign_test_cel0.0,chunk_14,184,GR,4.493626654148102,48
sign_test_cel0.0,chunk_14,184,IPC,5.6608441931505995,48
sign_test_cel0.0,chunk_14,184,KR,2.821675712863604,48
sign_test_cel0.0,chunk_14,184,MC,3.6044290512800217,48
sign_test_cel0.0,chunk_14,184,cosine_similarity,1.000000298023224,48
sign_test_cel0.0,chunk_14,184,wt_mean,0.0019408084335736503,48
sign_test_cel0.0,chunk_14,185,GR,3.89009220401446,48
sign_test_cel0.0,chunk_14,185,IPC,5.802157435566187,48
sign_test_cel0.0,chunk_14,185,KR,2.628758132457733,48
sign_test_cel0.0,chunk_14,185,MC,4.079670121272405,48
sign_test_cel0.0,chunk_14,185,cosine_similarity,1.000000298023224,48
sign_test_cel0.0,chunk_14,185,wt_mean,0.0019408084335736503,48
sign_test_cel0.0,chunk_14,186,GR,4.072455644607544,48
sign_test_cel0.0,chunk_14,186,IPC,5.876153488953908,48
sign_test_cel0.0,chunk_14,186,KR,2.68042736997207,48
sign_test_cel0.0,chunk_14,186,MC,3.614464374879996,48
sign_test_cel0.0,chunk_14,186,cosine_similarity,1.000000298023224,48
sign_test_cel0.0,chunk_14,186,wt_mean,0.0019408084335736503,48
sign_test_cel0.0,chunk_14,187,GR,3.8906549836198487,48
sign_test_cel0.0,chunk_14,187,IPC,5.334190186113119,48
sign_test_cel0.0,chunk_14,187,KR,2.549973045786222,48
sign_test_cel0.0,chunk_14,187,MC,3.636163115501404,48
sign_test_cel0.0,chunk_14,187,cosine_similarity,1.000000298023224,48
sign_test_cel0.0,chunk_14,187,wt_mean,0.0019408084335736503,48
sign_test_cel0.0,chunk_14,188,GR,4.496920670072238,48
sign_test_cel0.0,chunk_14,188,IPC,5.996705133467913,48
sign_test_cel0.0,chunk_14,188,KR,2.831572781006495,48
sign_test_cel0.0,chunk_14,188,MC,4.237865140040715,48
sign_test_cel0.0,chunk_14,188,cosine_similarity,1.000000298023224,48
sign_test_cel0.0,chunk_14,188,wt_mean,0.0019408084335736503,48
sign_test_cel0.0,chunk_14,189,GR,4.071590719123681,48
sign_test_cel0.0,chunk_14,189,IPC,6.063261762261391,48
sign_test_cel0.0,chunk_14,189,KR,2.7692670822143555,48
sign_test_cel0.0,chunk_14,189,MC,4.09935915718476,48
sign_test_cel0.0,chunk_14,189,cosine_similarity,1.000000298023224,48
sign_test_cel0.0,chunk_14,189,wt_mean,0.0019408084335736503,48
sign_test_cel0.0,chunk_15,190,GR,4.400683827698231,48
sign_test_cel0.0,chunk_15,190,IPC,4.820759862661362,48
sign_test_cel0.0,chunk_15,190,KR,2.8062812412778535,48
sign_test_cel0.0,chunk_15,190,MC,3.6870091582338014,48
sign_test_cel0.0,chunk_15,190,cosine_similarity,1.000000298023224,48
sign_test_cel0.0,chunk_15,190,wt_mean,0.0019408084335736503,48
sign_test_cel0.0,chunk_15,191,GR,3.6644760544101396,48
sign_test_cel0.0,chunk_15,191,IPC,6.2002993648250895,48
sign_test_cel0.0,chunk_15,191,KR,2.423728791375955,48
sign_test_cel0.0,chunk_15,191,MC,4.179046260813872,48
sign_test_cel0.0,chunk_15,191,cosine_similarity,1.000000298023224,48
sign_test_cel0.0,chunk_15,191,wt_mean,0.0019408084335736503,48
sign_test_cel0.0,chunk_15,192,GR,3.9513262286782265,48
sign_test_cel0.0,chunk_15,192,IPC,6.5722575423618155,48
sign_test_cel0.0,chunk_15,192,KR,2.61289531737566,48
sign_test_cel0.0,chunk_15,192,MC,4.543121685584386,48
sign_test_cel0.0,chunk_15,192,cosine_similarity,1.000000298023224,48
sign_test_cel0.0,chunk_15,192,wt_mean,0.0019408084335736503,48
sign_test_cel0.0,chunk_15,193,GR,4.299730149408181,48
sign_test_cel0.0,chunk_15,193,IPC,5.491074970612924,48
sign_test_cel0.0,chunk_15,193,KR,2.8377928162614503,48
sign_test_cel0.0,chunk_15,193,MC,3.802471362054348,48
sign_test_cel0.0,chunk_15,193,cosine_similarity,1.000000298023224,48
sign_test_cel0.0,chunk_15,193,wt_mean,0.0019408084335736503,48
sign_test_cel0.0,chunk_15,194,GR,4.271666350464026,48
sign_test_cel0.0,chunk_15,194,IPC,6.140553665657838,48
sign_test_cel0.0,chunk_15,194,KR,2.6553118973970413,48
sign_test_cel0.0,chunk_15,194,MC,3.731678212682406,48
sign_test_cel0.0,chunk_15,194,cosine_similarity,1.000000298023224,48
sign_test_cel0.0,chunk_15,194,wt_mean,0.0019408084335736503,48
sign_test_cel0.0,chunk_15,195,GR,4.767986245453358,48
sign_test_cel0.0,chunk_15,195,IPC,5.75770206997792,48
sign_test_cel0.0,chunk_15,195,KR,3.0054792438944182,48
sign_test_cel0.0,chunk_15,195,MC,3.7132630000511804,48
sign_test_cel0.0,chunk_15,195,cosine_similarity,1.000000298023224,48
sign_test_cel0.0,chunk_15,195,wt_mean,0.0019408084335736503,48
sign_test_cel0.0,chunk_15,196,GR,4.226834458609422,48
sign_test_cel0.0,chunk_15,196,IPC,5.790196700642507,48
sign_test_cel0.0,chunk_15,196,KR,2.7240872234106064,48
sign_test_cel0.0,chunk_15,196,MC,3.6788652117053666,48
sign_test_cel0.0,chunk_15,196,cosine_similarity,1.000000298023224,48
sign_test_cel0.0,chunk_15,196,wt_mean,0.0019408084335736503,48
sign_test_cel0.0,chunk_15,197,GR,4.2501346444090204,48
sign_test_cel0.0,chunk_15,197,IPC,5.566463792075713,48
sign_test_cel0.0,chunk_15,197,KR,2.812403552234173,48
sign_test_cel0.0,chunk_15,197,MC,3.5044746870795884,48
sign_test_cel0.0,chunk_15,197,cosine_similarity,1.000000298023224,48
sign_test_cel0.0,chunk_15,197,wt_mean,0.0019408084335736503,48
sign_test_cel0.0,chunk_15,198,GR,4.350038550794125,48
sign_test_cel0.0,chunk_15,198,IPC,6.160626413921515,48
sign_test_cel0.0,chunk_15,198,KR,2.790340483188629,48
sign_test_cel0.0,chunk_15,198,MC,4.1838515276710195,48
sign_test_cel0.0,chunk_15,198,cosine_similarity,1.000000298023224,48
sign_test_cel0.0,chunk_15,198,wt_mean,0.0019408084335736503,48
sign_test_cel0.0,chunk_15,199,GR,4.652030477921168,48
sign_test_cel0.0,chunk_15,199,IPC,5.532579039533933,48
sign_test_cel0.0,chunk_15,199,KR,2.9863293717304864,48
sign_test_cel0.0,chunk_15,199,MC,3.804975697149833,48
sign_test_cel0.0,chunk_15,199,cosine_similarity,1.000000298023224,48
sign_test_cel0.0,chunk_15,199,wt_mean,0.0019408084335736503,48
sign_test_cel0.0,chunk_15,200,GR,4.091983363032341,48
sign_test_cel0.0,chunk_15,200,IPC,6.2261006236076355,48
sign_test_cel0.0,chunk_15,200,KR,2.756669469177723,48
sign_test_cel0.0,chunk_15,200,MC,4.243074173728625,48
sign_test_cel0.0,chunk_15,200,cosine_similarity,1.000000298023224,48
sign_test_cel0.0,chunk_15,200,wt_mean,0.0019408084335736503,48
sign_test_cel0.0,chunk_15,201,GR,5.327092982828617,48
sign_test_cel0.0,chunk_15,201,IPC,5.479560156663259,48
sign_test_cel0.0,chunk_15,201,KR,3.470290184020996,48
sign_test_cel0.0,chunk_15,201,MC,3.8954952905575433,48
sign_test_cel0.0,chunk_15,201,cosine_similarity,1.000000298023224,48
sign_test_cel0.0,chunk_15,201,wt_mean,0.0019408084335736503,48
sign_test_cel0.0,chunk_16,202,GR,3.954211063683033,48
sign_test_cel0.0,chunk_16,202,IPC,5.364609708388646,48
sign_test_cel0.0,chunk_16,202,KR,2.6689197247227034,48
sign_test_cel0.0,chunk_16,202,MC,3.7412334010004997,48
sign_test_cel0.0,chunk_16,202,cosine_similarity,1.000000298023224,48
sign_test_cel0.0,chunk_16,202,wt_mean,0.0019408084335736503,48
sign_test_cel0.0,chunk_16,203,GR,4.468342835704486,48
sign_test_cel0.0,chunk_16,203,IPC,6.058963430424531,48
sign_test_cel0.0,chunk_16,203,KR,3.0133835723002753,48
sign_test_cel0.0,chunk_16,203,MC,3.890519847472509,48
sign_test_cel0.0,chunk_16,203,cosine_similarity,1.000000298023224,48
sign_test_cel0.0,chunk_16,203,wt_mean,0.0019408084335736503,48
sign_test_cel0.0,chunk_16,204,GR,3.895212545990944,48
sign_test_cel0.0,chunk_16,204,IPC,6.1244769506156445,48
sign_test_cel0.0,chunk_16,204,KR,2.659602388739586,48
sign_test_cel0.0,chunk_16,204,MC,4.001457877457142,48
sign_test_cel0.0,chunk_16,204,cosine_similarity,1.000000298023224,48
sign_test_cel0.0,chunk_16,204,wt_mean,0.0019408084335736503,48
sign_test_cel0.0,chunk_16,205,GR,4.41861957559983,48
sign_test_cel0.0,chunk_16,205,IPC,5.491486497223377,48
sign_test_cel0.0,chunk_16,205,KR,2.8919345065951347,48
sign_test_cel0.0,chunk_16,205,MC,3.731261464456717,48
sign_test_cel0.0,chunk_16,205,cosine_similarity,1.000000298023224,48
sign_test_cel0.0,chunk_16,205,wt_mean,0.0019408084335736503,48
sign_test_cel0.0,chunk_16,206,GR,3.9830325742562613,48
sign_test_cel0.0,chunk_16,206,IPC,5.606712584694226,48
sign_test_cel0.0,chunk_16,206,KR,2.664625977476438,48
sign_test_cel0.0,chunk_16,206,MC,3.780624416967233,48
sign_test_cel0.0,chunk_16,206,cosine_similarity,1.000000298023224,48
sign_test_cel0.0,chunk_16,206,wt_mean,0.0019408084335736503,48
sign_test_cel0.0,chunk_16,207,GR,4.311649210751057,48
sign_test_cel0.0,chunk_16,207,IPC,5.051287005345027,48
sign_test_cel0.0,chunk_16,207,KR,2.8103177348772683,48
sign_test_cel0.0,chunk_16,207,MC,3.5434219328065715,48
sign_test_cel0.0,chunk_16,207,cosine_similarity,1.000000298023224,48
sign_test_cel0.0,chunk_16,207,wt_mean,0.0019408084335736503,48
sign_test_cel0.0,chunk_16,208,GR,4.179601674278577,48
sign_test_cel0.0,chunk_16,208,IPC,5.28012836848696,48
sign_test_cel0.0,chunk_16,208,KR,2.757799712320169,48
sign_test_cel0.0,chunk_16,208,MC,3.8088519933323064,48
sign_test_cel0.0,chunk_16,208,cosine_similarity,1.000000298023224,48
sign_test_cel0.0,chunk_16,208,wt_mean,0.0019408084335736503,48
sign_test_cel0.0,chunk_16,209,GR,4.360862612724304,48
sign_test_cel0.0,chunk_16,209,IPC,5.715427067130804,48
sign_test_cel0.0,chunk_16,209,KR,2.8549076691269875,48
sign_test_cel0.0,chunk_16,209,MC,3.9112922102212906,48
sign_test_cel0.0,chunk_16,209,cosine_similarity,1.000000298023224,48
sign_test_cel0.0,chunk_16,209,wt_mean,0.0019408084335736503,48
sign_test_cel0.0,chunk_16,210,GR,3.963192264238993,48
sign_test_cel0.0,chunk_16,210,IPC,5.732762736578782,48
sign_test_cel0.0,chunk_16,210,KR,2.672334869702657,48
sign_test_cel0.0,chunk_16,210,MC,3.987259119749069,48
sign_test_cel0.0,chunk_16,210,cosine_similarity,1.000000298023224,48
sign_test_cel0.0,chunk_16,210,wt_mean,0.0019408084335736503,48
sign_test_cel0.0,chunk_16,211,GR,4.316505464414756,48
sign_test_cel0.0,chunk_16,211,IPC,6.031121609111627,48
sign_test_cel0.0,chunk_16,211,KR,2.8733230705062547,48
sign_test_cel0.0,chunk_16,211,MC,4.5486058096090956,48
sign_test_cel0.0,chunk_16,211,cosine_similarity,1.000000298023224,48
sign_test_cel0.0,chunk_16,211,wt_mean,0.0019408084335736503,48
sign_test_cel0.0,chunk_16,212,GR,4.588373986383279,48
sign_test_cel0.0,chunk_16,212,IPC,5.130353670567274,48
sign_test_cel0.0,chunk_16,212,KR,3.0200903366009393,48
sign_test_cel0.0,chunk_16,212,MC,3.816417316595713,48
sign_test_cel0.0,chunk_16,212,cosine_similarity,1.000000298023224,48
sign_test_cel0.0,chunk_16,212,wt_mean,0.0019408084335736503,48
sign_test_cel0.0,chunk_16,213,GR,4.519987590610981,48
sign_test_cel0.0,chunk_16,213,IPC,5.543765070537726,48
sign_test_cel0.0,chunk_16,213,KR,2.901889113088449,48
sign_test_cel0.0,chunk_16,213,MC,3.8288199404875436,48
sign_test_cel0.0,chunk_16,213,cosine_similarity,1.000000298023224,48
sign_test_cel0.0,chunk_16,213,wt_mean,0.0019408084335736503,48
sign_test_cel0.0,chunk_17,214,GR,3.980704940855503,48
sign_test_cel0.0,chunk_17,214,IPC,5.805790118873119,48
sign_test_cel0.0,chunk_17,214,KR,2.6627283543348312,48
sign_test_cel0.0,chunk_17,214,MC,4.234148518492778,48
sign_test_cel0.0,chunk_17,214,cosine_similarity,1.000000298023224,48
sign_test_cel0.0,chunk_17,214,wt_mean,0.0019408084335736503,48
sign_test_cel0.0,chunk_17,215,GR,3.74307569116354,48
sign_test_cel0.0,chunk_17,215,IPC,5.517544454584519,48
sign_test_cel0.0,chunk_17,215,KR,2.449122056365013,48
sign_test_cel0.0,chunk_17,215,MC,3.3735279887914658,48
sign_test_cel0.0,chunk_17,215,cosine_similarity,1.000000298023224,48
sign_test_cel0.0,chunk_17,215,wt_mean,0.0019408084335736503,48
sign_test_cel0.0,chunk_17,216,GR,4.0571634496251745,48
sign_test_cel0.0,chunk_17,216,IPC,5.474695297578971,48
sign_test_cel0.0,chunk_17,216,KR,2.7016670306523642,48
sign_test_cel0.0,chunk_17,216,MC,3.703337639570236,48
sign_test_cel0.0,chunk_17,216,cosine_similarity,1.000000298023224,48
sign_test_cel0.0,chunk_17,216,wt_mean,0.0019408084335736503,48
sign_test_cel0.0,chunk_17,217,GR,4.74299564709266,48
sign_test_cel0.0,chunk_17,217,IPC,5.5493532593051595,48
sign_test_cel0.0,chunk_17,217,KR,2.970814399421215,48
sign_test_cel0.0,chunk_17,217,MC,3.655049910147985,48
sign_test_cel0.0,chunk_17,217,cosine_similarity,1.000000298023224,48
sign_test_cel0.0,chunk_17,217,wt_mean,0.0019408084335736503,48
sign_test_cel0.0,chunk_17,218,GR,5.08659181992213,48
sign_test_cel0.0,chunk_17,218,IPC,4.914023037999868,48
sign_test_cel0.0,chunk_17,218,KR,3.2278231928745904,48
sign_test_cel0.0,chunk_17,218,MC,3.3564136028289795,48
sign_test_cel0.0,chunk_17,218,cosine_similarity,1.000000298023224,48
sign_test_cel0.0,chunk_17,218,wt_mean,0.0019408084335736503,48
sign_test_cel0.0,chunk_17,219,GR,4.091508333881696,48
sign_test_cel0.0,chunk_17,219,IPC,5.6170062609016895,48
sign_test_cel0.0,chunk_17,219,KR,2.7147183616956077,48
sign_test_cel0.0,chunk_17,219,MC,3.52687881141901,48
sign_test_cel0.0,chunk_17,219,cosine_similarity,1.000000298023224,48
sign_test_cel0.0,chunk_17,219,wt_mean,0.0019408084335736503,48
sign_test_cel0.0,chunk_17,220,GR,5.05550732711951,48
sign_test_cel0.0,chunk_17,220,IPC,5.1665311468144255,48
sign_test_cel0.0,chunk_17,220,KR,3.2709549367427826,48
sign_test_cel0.0,chunk_17,220,MC,3.8894830718636513,48
sign_test_cel0.0,chunk_17,220,cosine_similarity,1.000000298023224,48
sign_test_cel0.0,chunk_17,220,wt_mean,0.0019408084335736503,48
sign_test_cel0.0,chunk_17,221,GR,4.0427696232994395,48
sign_test_cel0.0,chunk_17,221,IPC,6.065010003745556,48
sign_test_cel0.0,chunk_17,221,KR,2.6600445012251535,48
sign_test_cel0.0,chunk_17,221,MC,3.887277379631996,48
sign_test_cel0.0,chunk_17,221,cosine_similarity,1.000000298023224,48
sign_test_cel0.0,chunk_17,221,wt_mean,0.0019408084335736503,48
sign_test_cel0.0,chunk_17,222,GR,3.9814633801579475,48
sign_test_cel0.0,chunk_17,222,IPC,5.735293887555599,48
sign_test_cel0.0,chunk_17,222,KR,2.650907479226589,48
sign_test_cel0.0,chunk_17,222,MC,3.5731641141076884,48
sign_test_cel0.0,chunk_17,222,cosine_similarity,1.000000298023224,48
sign_test_cel0.0,chunk_17,222,wt_mean,0.0019408084335736503,48
sign_test_cel0.0,chunk_17,223,GR,3.7492637584606805,48
sign_test_cel0.0,chunk_17,223,IPC,6.501703978826602,48
sign_test_cel0.0,chunk_17,223,KR,2.4354740058382354,48
sign_test_cel0.0,chunk_17,223,MC,4.429822653532028,48
sign_test_cel0.0,chunk_17,223,cosine_similarity,1.000000298023224,48
sign_test_cel0.0,chunk_17,223,wt_mean,0.0019408084335736503,48
sign_test_cel0.0,chunk_17,224,GR,4.59545208265384,48
sign_test_cel0.0,chunk_17,224,IPC,5.477041432013114,48
sign_test_cel0.0,chunk_17,224,KR,3.0673033644755683,48
sign_test_cel0.0,chunk_17,224,MC,3.825223430991173,48
sign_test_cel0.0,chunk_17,224,cosine_similarity,1.000000298023224,48
sign_test_cel0.0,chunk_17,224,wt_mean,0.0019408084335736503,48
sign_test_cel0.0,chunk_17,225,GR,4.276128932833672,48
sign_test_cel0.0,chunk_17,225,IPC,5.881990077594916,48
sign_test_cel0.0,chunk_17,225,KR,2.698606826364994,48
sign_test_cel0.0,chunk_17,225,MC,4.06718463699023,48
sign_test_cel0.0,chunk_17,225,cosine_similarity,1.000000298023224,48
sign_test_cel0.0,chunk_17,225,wt_mean,0.0019408084335736503,48
sign_test_cel0.0,chunk_18,226,GR,4.120015042523543,48
sign_test_cel0.0,chunk_18,226,IPC,6.07513515651226,48
sign_test_cel0.0,chunk_18,226,KR,2.6729028845826783,48
sign_test_cel0.0,chunk_18,226,MC,4.0037302648027735,48
sign_test_cel0.0,chunk_18,226,cosine_similarity,1.000000298023224,48
sign_test_cel0.0,chunk_18,226,wt_mean,0.0019408084335736503,48
sign_test_cel0.0,chunk_18,227,GR,4.104203899701436,48
sign_test_cel0.0,chunk_18,227,IPC,6.236169577886661,48
sign_test_cel0.0,chunk_18,227,KR,2.5832335526744523,48
sign_test_cel0.0,chunk_18,227,MC,3.9479758044083915,48
sign_test_cel0.0,chunk_18,227,cosine_similarity,1.000000298023224,48
sign_test_cel0.0,chunk_18,227,wt_mean,0.0019408084335736503,48
sign_test_cel0.0,chunk_18,228,GR,3.7678356741865477,48
sign_test_cel0.0,chunk_18,228,IPC,5.611733913421631,48
sign_test_cel0.0,chunk_18,228,KR,2.506925789018472,48
sign_test_cel0.0,chunk_18,228,MC,3.824121137460073,48
sign_test_cel0.0,chunk_18,228,cosine_similarity,1.000000298023224,48
sign_test_cel0.0,chunk_18,228,wt_mean,0.0019408084335736503,48
sign_test_cel0.0,chunk_18,229,GR,4.259304749468963,48
sign_test_cel0.0,chunk_18,229,IPC,5.732485958685477,48
sign_test_cel0.0,chunk_18,229,KR,2.836052847405275,48
sign_test_cel0.0,chunk_18,229,MC,3.8215663408239684,48
sign_test_cel0.0,chunk_18,229,cosine_similarity,1.000000298023224,48
sign_test_cel0.0,chunk_18,229,wt_mean,0.0019408084335736503,48
sign_test_cel0.0,chunk_18,230,GR,4.250279088815053,48
sign_test_cel0.0,chunk_18,230,IPC,4.971501036236684,48
sign_test_cel0.0,chunk_18,230,KR,2.854048326611519,48
sign_test_cel0.0,chunk_18,230,MC,3.548747849961122,48
sign_test_cel0.0,chunk_18,230,cosine_similarity,1.000000298023224,48
sign_test_cel0.0,chunk_18,230,wt_mean,0.0019408084335736503,48
sign_test_cel0.0,chunk_18,231,GR,3.6391876290241876,48
sign_test_cel0.0,chunk_18,231,IPC,5.760189497222503,48
sign_test_cel0.0,chunk_18,231,KR,2.452670810123285,48
sign_test_cel0.0,chunk_18,231,MC,3.8833753168582916,48
sign_test_cel0.0,chunk_18,231,cosine_similarity,1.000000298023224,48
sign_test_cel0.0,chunk_18,231,wt_mean,0.0019408084335736503,48
sign_test_cel0.0,chunk_18,232,GR,4.778826346000035,48
sign_test_cel0.0,chunk_18,232,IPC,5.832622828582923,48
sign_test_cel0.0,chunk_18,232,KR,3.1036043713490167,48
sign_test_cel0.0,chunk_18,232,MC,4.164115163187186,48
sign_test_cel0.0,chunk_18,232,cosine_similarity,1.000000298023224,48
sign_test_cel0.0,chunk_18,232,wt_mean,0.0019408084335736503,48
sign_test_cel0.0,chunk_18,233,GR,4.326243547101815,48
sign_test_cel0.0,chunk_18,233,IPC,6.091478709131479,48
sign_test_cel0.0,chunk_18,233,KR,2.587067802747091,48
sign_test_cel0.0,chunk_18,233,MC,4.028002642095089,48
sign_test_cel0.0,chunk_18,233,cosine_similarity,1.000000298023224,48
sign_test_cel0.0,chunk_18,233,wt_mean,0.0019408084335736503,48
sign_test_cel0.0,chunk_18,234,GR,4.052736426393191,48
sign_test_cel0.0,chunk_18,234,IPC,5.505454788605372,48
sign_test_cel0.0,chunk_18,234,KR,2.6868482356270156,48
sign_test_cel0.0,chunk_18,234,MC,3.818616117040316,48
sign_test_cel0.0,chunk_18,234,cosine_similarity,1.000000298023224,48
sign_test_cel0.0,chunk_18,234,wt_mean,0.0019408084335736503,48
sign_test_cel0.0,chunk_18,235,GR,4.36206491291523,48
sign_test_cel0.0,chunk_18,235,IPC,5.6651624739170074,48
sign_test_cel0.0,chunk_18,235,KR,2.779316008090973,48
sign_test_cel0.0,chunk_18,235,MC,3.695009303589662,48
sign_test_cel0.0,chunk_18,235,cosine_similarity,1.000000298023224,48
sign_test_cel0.0,chunk_18,235,wt_mean,0.0019408084335736503,48
sign_test_cel0.0,chunk_18,236,GR,3.6465642750263214,48
sign_test_cel0.0,chunk_18,236,IPC,5.85878707592686,48
sign_test_cel0.0,chunk_18,236,KR,2.445200396080812,48
sign_test_cel0.0,chunk_18,236,MC,3.7314994732538858,48
sign_test_cel0.0,chunk_18,236,cosine_similarity,1.000000298023224,48
sign_test_cel0.0,chunk_18,236,wt_mean,0.0019408084335736503,48
sign_test_cel0.0,chunk_18,237,GR,3.8613131369153657,48
sign_test_cel0.0,chunk_18,237,IPC,5.384256643553575,48
sign_test_cel0.0,chunk_18,237,KR,2.658506485323111,48
sign_test_cel0.0,chunk_18,237,MC,3.7432258278131485,48
sign_test_cel0.0,chunk_18,237,cosine_similarity,1.000000298023224,48
sign_test_cel0.0,chunk_18,237,wt_mean,0.0019408084335736503,48
sign_test_cel0.0,chunk_19,238,GR,3.7978270004192987,48
sign_test_cel0.0,chunk_19,238,IPC,5.650954632709424,48
sign_test_cel0.0,chunk_19,238,KR,2.5241869812210402,48
sign_test_cel0.0,chunk_19,238,MC,3.929386412103971,48
sign_test_cel0.0,chunk_19,238,cosine_similarity,1.000000298023224,48
sign_test_cel0.0,chunk_19,238,wt_mean,0.0019408084335736503,48
sign_test_cel0.0,chunk_19,239,GR,4.135684162378311,48
sign_test_cel0.0,chunk_19,239,IPC,5.519734850774209,48
sign_test_cel0.0,chunk_19,239,KR,2.737753003835678,48
sign_test_cel0.0,chunk_19,239,MC,3.6851654251416526,48
sign_test_cel0.0,chunk_19,239,cosine_similarity,1.000000298023224,48
sign_test_cel0.0,chunk_19,239,wt_mean,0.0019408084335736503,48
sign_test_cel0.0,chunk_19,240,GR,3.8421377167105675,48
sign_test_cel0.0,chunk_19,240,IPC,5.711386593679587,48
sign_test_cel0.0,chunk_19,240,KR,2.474893001218637,48
sign_test_cel0.0,chunk_19,240,MC,3.5758805572986603,48
sign_test_cel0.0,chunk_19,240,cosine_similarity,1.000000298023224,48
sign_test_cel0.0,chunk_19,240,wt_mean,0.0019408084335736503,48
sign_test_cel0.0,chunk_19,241,GR,4.540497546394666,48
sign_test_cel0.0,chunk_19,241,IPC,5.1731896959245205,48
sign_test_cel0.0,chunk_19,241,KR,2.9504075050354004,48
sign_test_cel0.0,chunk_19,241,MC,3.645492466787497,48
sign_test_cel0.0,chunk_19,241,cosine_similarity,1.000000298023224,48
sign_test_cel0.0,chunk_19,241,wt_mean,0.0019408084335736503,48
sign_test_cel0.0,chunk_19,242,GR,4.134852521121502,48
sign_test_cel0.0,chunk_19,242,IPC,6.253656093031168,48
sign_test_cel0.0,chunk_19,242,KR,2.6515575473507247,48
sign_test_cel0.0,chunk_19,242,MC,3.687117171784242,48
sign_test_cel0.0,chunk_19,242,cosine_similarity,1.000000298023224,48
sign_test_cel0.0,chunk_19,242,wt_mean,0.0019408084335736503,48
sign_test_cel0.0,chunk_19,243,GR,3.7366815730929375,48
sign_test_cel0.0,chunk_19,243,IPC,5.8966446580986185,48
sign_test_cel0.0,chunk_19,243,KR,2.41635013371706,48
sign_test_cel0.0,chunk_19,243,MC,3.715444748600324,48
sign_test_cel0.0,chunk_19,243,cosine_similarity,1.000000298023224,48
sign_test_cel0.0,chunk_19,243,wt_mean,0.0019408084335736503,48
sign_test_cel0.0,chunk_19,244,GR,4.4402645255128546,48
sign_test_cel0.0,chunk_19,244,IPC,5.647572123756011,48
sign_test_cel0.0,chunk_19,244,KR,2.943769191702207,48
sign_test_cel0.0,chunk_19,244,MC,4.055781962970893,48
sign_test_cel0.0,chunk_19,244,cosine_similarity,1.000000298023224,48
sign_test_cel0.0,chunk_19,244,wt_mean,0.0019408084335736503,48
sign_test_cel0.0,chunk_19,245,GR,3.7601430863142014,48
sign_test_cel0.0,chunk_19,245,IPC,6.055185743918021,48
sign_test_cel0.0,chunk_19,245,KR,2.5839129835367203,48
sign_test_cel0.0,chunk_19,245,MC,4.124054729938507,48
sign_test_cel0.0,chunk_19,245,cosine_similarity,1.000000298023224,48
sign_test_cel0.0,chunk_19,245,wt_mean,0.0019408084335736503,48
sign_test_cel0.0,chunk_19,246,GR,4.1991478105386095,48
sign_test_cel0.0,chunk_19,246,IPC,5.41871861120065,48
sign_test_cel0.0,chunk_19,246,KR,2.711522581676642,48
sign_test_cel0.0,chunk_19,246,MC,3.8664190073808036,48
sign_test_cel0.0,chunk_19,246,cosine_similarity,1.000000298023224,48
sign_test_cel0.0,chunk_19,246,wt_mean,0.0019408084335736503,48
sign_test_cel0.0,chunk_19,247,GR,4.1260687584678335,48
sign_test_cel0.0,chunk_19,247,IPC,5.525028895586729,48
sign_test_cel0.0,chunk_19,247,KR,2.7638933807611465,48
sign_test_cel0.0,chunk_19,247,MC,3.6915434077382088,48
sign_test_cel0.0,chunk_19,247,cosine_similarity,1.000000298023224,48
sign_test_cel0.0,chunk_19,247,wt_mean,0.0019408084335736503,48
sign_test_cel0.0,chunk_19,248,GR,3.3637293527523675,48
sign_test_cel0.0,chunk_19,248,IPC,6.2110861378411455,48
sign_test_cel0.0,chunk_19,248,KR,2.2845106348395348,48
sign_test_cel0.0,chunk_19,248,MC,4.086333364248276,48
sign_test_cel0.0,chunk_19,248,cosine_similarity,1.000000298023224,48
sign_test_cel0.0,chunk_19,248,wt_mean,0.0019408084335736503,48
sign_test_cel0.0,chunk_19,249,GR,3.566846065223217,48
sign_test_cel0.0,chunk_19,249,IPC,5.7742622544368105,48
sign_test_cel0.0,chunk_19,249,KR,2.3254371657967567,48
sign_test_cel0.0,chunk_19,249,MC,3.570740468800068,48
sign_test_cel0.0,chunk_19,249,cosine_similarity,1.000000298023224,48
sign_test_cel0.0,chunk_19,249,wt_mean,0.0019408084335736503,48
sign_test_cel0.0,chunk_2,26,GR,5.031947411596775,48
sign_test_cel0.0,chunk_2,26,IPC,4.982969969511032,48
sign_test_cel0.0,chunk_2,26,KR,3.1660814558466277,48
sign_test_cel0.0,chunk_2,26,MC,3.796732227007548,48
sign_test_cel0.0,chunk_2,26,cosine_similarity,1.000000298023224,48
sign_test_cel0.0,chunk_2,26,wt_mean,0.0019408084335736503,48
sign_test_cel0.0,chunk_2,27,GR,3.4608705590168634,48
sign_test_cel0.0,chunk_2,27,IPC,5.86325212692221,48
sign_test_cel0.0,chunk_2,27,KR,2.379466859002908,48
sign_test_cel0.0,chunk_2,27,MC,4.035613457361857,48
sign_test_cel0.0,chunk_2,27,cosine_similarity,1.000000298023224,48
sign_test_cel0.0,chunk_2,27,wt_mean,0.0019408084335736503,48
sign_test_cel0.0,chunk_2,28,GR,4.491732177635034,48
sign_test_cel0.0,chunk_2,28,IPC,5.623326030870278,48
sign_test_cel0.0,chunk_2,28,KR,2.913177788257599,48
sign_test_cel0.0,chunk_2,28,MC,4.098242864012718,48
sign_test_cel0.0,chunk_2,28,cosine_similarity,1.000000298023224,48
sign_test_cel0.0,chunk_2,28,wt_mean,0.0019408084335736503,48
sign_test_cel0.0,chunk_2,29,GR,3.758028544485569,48
sign_test_cel0.0,chunk_2,29,IPC,5.153763382385175,48
sign_test_cel0.0,chunk_2,29,KR,2.4619269917408624,48
sign_test_cel0.0,chunk_2,29,MC,3.546687620381514,48
sign_test_cel0.0,chunk_2,29,cosine_similarity,1.000000298023224,48
sign_test_cel0.0,chunk_2,29,wt_mean,0.0019408084335736503,48
sign_test_cel0.0,chunk_2,30,GR,3.8075369969010353,48
sign_test_cel0.0,chunk_2,30,IPC,5.24450604369243,48
sign_test_cel0.0,chunk_2,30,KR,2.4977992375691733,48
sign_test_cel0.0,chunk_2,30,MC,3.6872037947177887,48
sign_test_cel0.0,chunk_2,30,cosine_similarity,1.000000298023224,48
sign_test_cel0.0,chunk_2,30,wt_mean,0.0019408084335736503,48
sign_test_cel0.0,chunk_2,31,GR,3.561639795700709,48
sign_test_cel0.0,chunk_2,31,IPC,5.052710305899382,48
sign_test_cel0.0,chunk_2,31,KR,2.4056210244695344,48
sign_test_cel0.0,chunk_2,31,MC,3.5006692558526993,48
sign_test_cel0.0,chunk_2,31,cosine_similarity,1.000000298023224,48
sign_test_cel0.0,chunk_2,31,wt_mean,0.0019408084335736503,48
sign_test_cel0.0,chunk_2,32,GR,4.0893164823452635,48
sign_test_cel0.0,chunk_2,32,IPC,5.56793721144398,48
sign_test_cel0.0,chunk_2,32,KR,2.7575252006451287,48
sign_test_cel0.0,chunk_2,32,MC,4.116628363728523,48
sign_test_cel0.0,chunk_2,32,cosine_similarity,1.000000298023224,48
sign_test_cel0.0,chunk_2,32,wt_mean,0.0019408084335736503,48
sign_test_cel0.0,chunk_2,33,GR,3.8011238078276315,48
sign_test_cel0.0,chunk_2,33,IPC,6.1703235395252705,48
sign_test_cel0.0,chunk_2,33,KR,2.6255481466650963,48
sign_test_cel0.0,chunk_2,33,MC,4.364042282104492,48
sign_test_cel0.0,chunk_2,33,cosine_similarity,1.000000298023224,48
sign_test_cel0.0,chunk_2,33,wt_mean,0.0019408084335736503,48
sign_test_cel0.0,chunk_2,34,GR,3.921813778579235,48
sign_test_cel0.0,chunk_2,34,IPC,5.976769090940555,48
sign_test_cel0.0,chunk_2,34,KR,2.6186329076687493,48
sign_test_cel0.0,chunk_2,34,MC,4.030779351790746,48
sign_test_cel0.0,chunk_2,34,cosine_similarity,1.000000298023224,48
sign_test_cel0.0,chunk_2,34,wt_mean,0.0019408084335736503,48
sign_test_cel0.0,chunk_2,35,GR,4.055083009103934,48
sign_test_cel0.0,chunk_2,35,IPC,5.04022553563118,48
sign_test_cel0.0,chunk_2,35,KR,2.675876105825106,48
sign_test_cel0.0,chunk_2,35,MC,3.635568988819917,48
sign_test_cel0.0,chunk_2,35,cosine_similarity,1.000000298023224,48
sign_test_cel0.0,chunk_2,35,wt_mean,0.0019408084335736503,48
sign_test_cel0.0,chunk_2,36,GR,3.900928763051828,48
sign_test_cel0.0,chunk_2,36,IPC,5.819616127759218,48
sign_test_cel0.0,chunk_2,36,KR,2.5602123315135636,48
sign_test_cel0.0,chunk_2,36,MC,4.044747692843278,48
sign_test_cel0.0,chunk_2,36,cosine_similarity,1.000000298023224,48
sign_test_cel0.0,chunk_2,36,wt_mean,0.0019408084335736503,48
sign_test_cel0.0,chunk_2,37,GR,3.9243451108535132,48
sign_test_cel0.0,chunk_2,37,IPC,5.787031497806311,48
sign_test_cel0.0,chunk_2,37,KR,2.5809114947915077,48
sign_test_cel0.0,chunk_2,37,MC,4.006315690775712,48
sign_test_cel0.0,chunk_2,37,cosine_similarity,1.000000298023224,48
sign_test_cel0.0,chunk_2,37,wt_mean,0.0019408084335736503,48
sign_test_cel0.0,chunk_2,38,GR,3.6261449034015336,48
sign_test_cel0.0,chunk_2,38,IPC,5.940372875581185,48
sign_test_cel0.0,chunk_2,38,KR,2.4707852825522423,48
sign_test_cel0.0,chunk_2,38,MC,3.937285607059797,48
sign_test_cel0.0,chunk_2,38,cosine_similarity,1.000000298023224,48
sign_test_cel0.0,chunk_2,38,wt_mean,0.0019408084335736503,48
sign_test_cel0.0,chunk_3,39,GR,3.9878609652320542,48
sign_test_cel0.0,chunk_3,39,IPC,6.3361556828022,48
sign_test_cel0.0,chunk_3,39,KR,2.5374900872508683,48
sign_test_cel0.0,chunk_3,39,MC,4.1191515401005745,48
sign_test_cel0.0,chunk_3,39,cosine_similarity,1.000000298023224,48
sign_test_cel0.0,chunk_3,39,wt_mean,0.0019408084335736503,48
sign_test_cel0.0,chunk_3,40,GR,4.281328315536181,48
sign_test_cel0.0,chunk_3,40,IPC,5.490475691854954,48
sign_test_cel0.0,chunk_3,40,KR,2.845071998735269,48
sign_test_cel0.0,chunk_3,40,MC,3.493353709578514,48
sign_test_cel0.0,chunk_3,40,cosine_similarity,1.000000298023224,48
sign_test_cel0.0,chunk_3,40,wt_mean,0.0019408084335736503,48
sign_test_cel0.0,chunk_3,41,GR,4.448593681057294,48
sign_test_cel0.0,chunk_3,41,IPC,5.361180018633604,48
sign_test_cel0.0,chunk_3,41,KR,2.8134916548927627,48
sign_test_cel0.0,chunk_3,41,MC,3.5342135230700173,48
sign_test_cel0.0,chunk_3,41,cosine_similarity,1.000000298023224,48
sign_test_cel0.0,chunk_3,41,wt_mean,0.0019408084335736503,48
sign_test_cel0.0,chunk_3,42,GR,4.007848384479682,48
sign_test_cel0.0,chunk_3,42,IPC,6.114461505164702,48
sign_test_cel0.0,chunk_3,42,KR,2.5917456646760306,48
sign_test_cel0.0,chunk_3,42,MC,3.9549535401165485,48
sign_test_cel0.0,chunk_3,42,cosine_similarity,1.000000298023224,48
sign_test_cel0.0,chunk_3,42,wt_mean,0.0019408084335736503,48
sign_test_cel0.0,chunk_3,43,GR,4.590518144269784,48
sign_test_cel0.0,chunk_3,43,IPC,6.228289807836215,48
sign_test_cel0.0,chunk_3,43,KR,2.9320980608463287,48
sign_test_cel0.0,chunk_3,43,MC,4.537254646420479,48
sign_test_cel0.0,chunk_3,43,cosine_similarity,1.000000298023224,48
sign_test_cel0.0,chunk_3,43,wt_mean,0.0019408084335736503,48
sign_test_cel0.0,chunk_3,44,GR,3.600438875456651,48
sign_test_cel0.0,chunk_3,44,IPC,5.7628050943215685,48
sign_test_cel0.0,chunk_3,44,KR,2.4329156105717025,48
sign_test_cel0.0,chunk_3,44,MC,4.086952872574329,48
sign_test_cel0.0,chunk_3,44,cosine_similarity,1.000000298023224,48
sign_test_cel0.0,chunk_3,44,wt_mean,0.0019408084335736503,48
sign_test_cel0.0,chunk_3,45,GR,3.514112710952759,48
sign_test_cel0.0,chunk_3,45,IPC,5.9930157127479715,48
sign_test_cel0.0,chunk_3,45,KR,2.4156924138466516,48
sign_test_cel0.0,chunk_3,45,MC,3.945803973823786,48
sign_test_cel0.0,chunk_3,45,cosine_similarity,1.000000298023224,48
sign_test_cel0.0,chunk_3,45,wt_mean,0.0019408084335736503,48
sign_test_cel0.0,chunk_3,46,GR,4.064009281496207,48
sign_test_cel0.0,chunk_3,46,IPC,5.7471278583010035,48
sign_test_cel0.0,chunk_3,46,KR,2.7122284596165023,48
sign_test_cel0.0,chunk_3,46,MC,3.755820674200853,48
sign_test_cel0.0,chunk_3,46,cosine_similarity,1.000000298023224,48
sign_test_cel0.0,chunk_3,46,wt_mean,0.0019408084335736503,48
sign_test_cel0.0,chunk_3,47,GR,3.974000866214434,48
sign_test_cel0.0,chunk_3,47,IPC,6.134507715702057,48
sign_test_cel0.0,chunk_3,47,KR,2.5755210146307945,48
sign_test_cel0.0,chunk_3,47,MC,4.131080364187558,48
sign_test_cel0.0,chunk_3,47,cosine_similarity,1.000000298023224,48
sign_test_cel0.0,chunk_3,47,wt_mean,0.0019408084335736503,48
sign_test_cel0.0,chunk_3,48,GR,4.668530305226644,48
sign_test_cel0.0,chunk_3,48,IPC,5.227762459466855,48
sign_test_cel0.0,chunk_3,48,KR,3.01255468527476,48
sign_test_cel0.0,chunk_3,48,MC,3.424609442551931,48
sign_test_cel0.0,chunk_3,48,cosine_similarity,1.000000298023224,48
sign_test_cel0.0,chunk_3,48,wt_mean,0.0019408084335736503,48
sign_test_cel0.0,chunk_3,49,GR,3.928775424758593,48
sign_test_cel0.0,chunk_3,49,IPC,5.596488244831562,48
sign_test_cel0.0,chunk_3,49,KR,2.6079678336779275,48
sign_test_cel0.0,chunk_3,49,MC,3.479371597369512,48
sign_test_cel0.0,chunk_3,49,cosine_similarity,1.000000298023224,48
sign_test_cel0.0,chunk_3,49,wt_mean,0.0019408084335736503,48
sign_test_cel0.0,chunk_3,50,GR,3.425492820640405,48
sign_test_cel0.0,chunk_3,50,IPC,6.08695546289285,48
sign_test_cel0.0,chunk_3,50,KR,2.3910549730062485,48
sign_test_cel0.0,chunk_3,50,MC,3.797262233992418,48
sign_test_cel0.0,chunk_3,50,cosine_similarity,1.000000298023224,48
sign_test_cel0.0,chunk_3,50,wt_mean,0.0019408084335736503,48
sign_test_cel0.0,chunk_3,51,GR,3.9827725837628045,48
sign_test_cel0.0,chunk_3,51,IPC,5.136365855733554,48
sign_test_cel0.0,chunk_3,51,KR,2.6686946724851928,48
sign_test_cel0.0,chunk_3,51,MC,3.7320784802238145,48
sign_test_cel0.0,chunk_3,51,cosine_similarity,1.000000298023224,48
sign_test_cel0.0,chunk_3,51,wt_mean,0.0019408084335736503,48
sign_test_cel0.0,chunk_4,52,GR,3.9367635821302733,48
sign_test_cel0.0,chunk_4,52,IPC,5.9558819855252905,48
sign_test_cel0.0,chunk_4,52,KR,2.667412410179774,48
sign_test_cel0.0,chunk_4,52,MC,3.8712077687184014,48
sign_test_cel0.0,chunk_4,52,cosine_similarity,1.000000298023224,48
sign_test_cel0.0,chunk_4,52,wt_mean,0.0019408084335736503,48
sign_test_cel0.0,chunk_4,53,GR,4.320623497168223,48
sign_test_cel0.0,chunk_4,53,IPC,5.050100666781266,48
sign_test_cel0.0,chunk_4,53,KR,2.7961752861738205,48
sign_test_cel0.0,chunk_4,53,MC,3.352981093029181,48
sign_test_cel0.0,chunk_4,53,cosine_similarity,1.000000298023224,48
sign_test_cel0.0,chunk_4,53,wt_mean,0.0019408084335736503,48
sign_test_cel0.0,chunk_4,54,GR,3.9846493353446326,48
sign_test_cel0.0,chunk_4,54,IPC,5.934652554492156,48
sign_test_cel0.0,chunk_4,54,KR,2.5856097837289176,48
sign_test_cel0.0,chunk_4,54,MC,4.090168448785941,48
sign_test_cel0.0,chunk_4,54,cosine_similarity,1.000000298023224,48
sign_test_cel0.0,chunk_4,54,wt_mean,0.0019408084335736503,48
sign_test_cel0.0,chunk_4,55,GR,3.653806167344252,48
sign_test_cel0.0,chunk_4,55,IPC,5.736861114700635,48
sign_test_cel0.0,chunk_4,55,KR,2.425907718638579,48
sign_test_cel0.0,chunk_4,55,MC,3.7320182099938393,48
sign_test_cel0.0,chunk_4,55,cosine_similarity,1.000000298023224,48
sign_test_cel0.0,chunk_4,55,wt_mean,0.0019408084335736503,48
sign_test_cel0.0,chunk_4,56,GR,3.4959282676378884,48
sign_test_cel0.0,chunk_4,56,IPC,5.29739015425245,48
sign_test_cel0.0,chunk_4,56,KR,2.33341400573651,48
sign_test_cel0.0,chunk_4,56,MC,3.905957780778408,48
sign_test_cel0.0,chunk_4,56,cosine_similarity,1.000000298023224,48
sign_test_cel0.0,chunk_4,56,wt_mean,0.0019408084335736503,48
sign_test_cel0.0,chunk_4,57,GR,4.3325194120407104,48
sign_test_cel0.0,chunk_4,57,IPC,5.506661883244912,48
sign_test_cel0.0,chunk_4,57,KR,2.85899189611276,48
sign_test_cel0.0,chunk_4,57,MC,3.673236216108004,48
sign_test_cel0.0,chunk_4,57,cosine_similarity,1.000000298023224,48
sign_test_cel0.0,chunk_4,57,wt_mean,0.0019408084335736503,48
sign_test_cel0.0,chunk_4,58,GR,3.676693543791771,48
sign_test_cel0.0,chunk_4,58,IPC,5.170319889982541,48
sign_test_cel0.0,chunk_4,58,KR,2.5038908322652182,48
sign_test_cel0.0,chunk_4,58,MC,3.3060389384627342,48
sign_test_cel0.0,chunk_4,58,cosine_similarity,1.000000298023224,48
sign_test_cel0.0,chunk_4,58,wt_mean,0.0019408084335736503,48
sign_test_cel0.0,chunk_4,59,GR,3.977525139848391,48
sign_test_cel0.0,chunk_4,59,IPC,6.17798275873065,48
sign_test_cel0.0,chunk_4,59,KR,2.502170850833257,48
sign_test_cel0.0,chunk_4,59,MC,4.254033995171388,48
sign_test_cel0.0,chunk_4,59,cosine_similarity,1.000000298023224,48
sign_test_cel0.0,chunk_4,59,wt_mean,0.0019408084335736503,48
sign_test_cel0.0,chunk_4,60,GR,4.238634134332339,48
sign_test_cel0.0,chunk_4,60,IPC,5.370429375519355,48
sign_test_cel0.0,chunk_4,60,KR,2.820522077381611,48
sign_test_cel0.0,chunk_4,60,MC,3.6447661419709525,48
sign_test_cel0.0,chunk_4,60,cosine_similarity,1.000000298023224,48
sign_test_cel0.0,chunk_4,60,wt_mean,0.0019408084335736503,48
sign_test_cel0.0,chunk_4,61,GR,4.91392136613528,48
sign_test_cel0.0,chunk_4,61,IPC,5.302924190958341,48
sign_test_cel0.0,chunk_4,61,KR,3.043742182354132,48
sign_test_cel0.0,chunk_4,61,MC,3.355669798950354,48
sign_test_cel0.0,chunk_4,61,cosine_similarity,1.000000298023224,48
sign_test_cel0.0,chunk_4,61,wt_mean,0.0019408084335736503,48
sign_test_cel0.0,chunk_4,62,GR,4.211755678057671,48
sign_test_cel0.0,chunk_4,62,IPC,6.30153101682663,48
sign_test_cel0.0,chunk_4,62,KR,2.711231251557668,48
sign_test_cel0.0,chunk_4,62,MC,4.512388343612353,48
sign_test_cel0.0,chunk_4,62,cosine_similarity,1.000000298023224,48
sign_test_cel0.0,chunk_4,62,wt_mean,0.0019408084335736503,48
sign_test_cel0.0,chunk_4,63,GR,3.4662523915370307,48
sign_test_cel0.0,chunk_4,63,IPC,6.451783931503694,48
sign_test_cel0.0,chunk_4,63,KR,2.3745310033361116,48
sign_test_cel0.0,chunk_4,63,MC,3.8137542282541594,48
sign_test_cel0.0,chunk_4,63,cosine_similarity,1.000000298023224,48
sign_test_cel0.0,chunk_4,63,wt_mean,0.0019408084335736503,48
sign_test_cel0.0,chunk_4,64,GR,4.4888114631175995,48
sign_test_cel0.0,chunk_4,64,IPC,5.657560255378485,48
sign_test_cel0.0,chunk_4,64,KR,3.041159100830555,48
sign_test_cel0.0,chunk_4,64,MC,3.8222230275472007,48
sign_test_cel0.0,chunk_4,64,cosine_similarity,1.000000298023224,48
sign_test_cel0.0,chunk_4,64,wt_mean,0.0019408084335736503,48
sign_test_cel0.0,chunk_5,65,GR,3.787713423371315,48
sign_test_cel0.0,chunk_5,65,IPC,7.186333304891984,48
sign_test_cel0.0,chunk_5,65,KR,2.408427389959494,48
sign_test_cel0.0,chunk_5,65,MC,4.750111411015193,48
sign_test_cel0.0,chunk_5,65,cosine_similarity,1.000000298023224,48
sign_test_cel0.0,chunk_5,65,wt_mean,0.0019408084335736503,48
sign_test_cel0.0,chunk_5,66,GR,3.4296876390775046,48
sign_test_cel0.0,chunk_5,66,IPC,6.154773406684399,48
sign_test_cel0.0,chunk_5,66,KR,2.3414684931437173,48
sign_test_cel0.0,chunk_5,66,MC,3.8872087920705476,48
sign_test_cel0.0,chunk_5,66,cosine_similarity,1.000000298023224,48
sign_test_cel0.0,chunk_5,66,wt_mean,0.0019408084335736503,48
sign_test_cel0.0,chunk_5,67,GR,3.535474973420302,48
sign_test_cel0.0,chunk_5,67,IPC,6.272735721121232,48
sign_test_cel0.0,chunk_5,67,KR,2.344293346007665,48
sign_test_cel0.0,chunk_5,67,MC,4.0359538942575455,48
sign_test_cel0.0,chunk_5,67,cosine_similarity,1.000000298023224,48
sign_test_cel0.0,chunk_5,67,wt_mean,0.0019408084335736503,48
sign_test_cel0.0,chunk_5,68,GR,4.039965910216172,48
sign_test_cel0.0,chunk_5,68,IPC,5.6488878553112345,48
sign_test_cel0.0,chunk_5,68,KR,2.6972191805640855,48
sign_test_cel0.0,chunk_5,68,MC,3.9792050967613855,48
sign_test_cel0.0,chunk_5,68,cosine_similarity,1.000000298023224,48
sign_test_cel0.0,chunk_5,68,wt_mean,0.0019408084335736503,48
sign_test_cel0.0,chunk_5,69,GR,3.8171114027500153,48
sign_test_cel0.0,chunk_5,69,IPC,5.448630054791768,48
sign_test_cel0.0,chunk_5,69,KR,2.529262517889341,48
sign_test_cel0.0,chunk_5,69,MC,3.763516776263714,48
sign_test_cel0.0,chunk_5,69,cosine_similarity,1.000000298023224,48
sign_test_cel0.0,chunk_5,69,wt_mean,0.0019408084335736503,48
sign_test_cel0.0,chunk_5,70,GR,4.274196498095989,48
sign_test_cel0.0,chunk_5,70,IPC,6.187602148701747,48
sign_test_cel0.0,chunk_5,70,KR,2.8218942657113075,48
sign_test_cel0.0,chunk_5,70,MC,3.998754635453224,48
sign_test_cel0.0,chunk_5,70,cosine_similarity,1.000000298023224,48
sign_test_cel0.0,chunk_5,70,wt_mean,0.0019408084335736503,48
sign_test_cel0.0,chunk_5,71,GR,4.085067217548688,48
sign_test_cel0.0,chunk_5,71,IPC,5.594206355512142,48
sign_test_cel0.0,chunk_5,71,KR,2.6913774063189826,48
sign_test_cel0.0,chunk_5,71,MC,3.772342059761286,48
sign_test_cel0.0,chunk_5,71,cosine_similarity,1.000000298023224,48
sign_test_cel0.0,chunk_5,71,wt_mean,0.0019408084335736503,48
sign_test_cel0.0,chunk_5,72,GR,4.198406308889389,48
sign_test_cel0.0,chunk_5,72,IPC,5.599316967030366,48
sign_test_cel0.0,chunk_5,72,KR,2.763286843895912,48
sign_test_cel0.0,chunk_5,72,MC,3.9045677880446115,48
sign_test_cel0.0,chunk_5,72,cosine_similarity,1.000000298023224,48
sign_test_cel0.0,chunk_5,72,wt_mean,0.0019408084335736503,48
sign_test_cel0.0,chunk_5,73,GR,4.297269848485787,48
sign_test_cel0.0,chunk_5,73,IPC,4.8647540012995405,48
sign_test_cel0.0,chunk_5,73,KR,2.7974941109617553,48
sign_test_cel0.0,chunk_5,73,MC,3.3720319444934526,48
sign_test_cel0.0,chunk_5,73,cosine_similarity,1.000000298023224,48
sign_test_cel0.0,chunk_5,73,wt_mean,0.0019408084335736503,48
sign_test_cel0.0,chunk_5,74,GR,3.7527201051513353,48
sign_test_cel0.0,chunk_5,74,IPC,6.2247378180424375,48
sign_test_cel0.0,chunk_5,74,KR,2.5786676655213037,48
sign_test_cel0.0,chunk_5,74,MC,4.071803510189056,48
sign_test_cel0.0,chunk_5,74,cosine_similarity,1.000000298023224,48
sign_test_cel0.0,chunk_5,74,wt_mean,0.0019408084335736503,48
sign_test_cel0.0,chunk_5,75,GR,4.012408874928951,48
sign_test_cel0.0,chunk_5,75,IPC,5.8326256821552915,48
sign_test_cel0.0,chunk_5,75,KR,2.666809899111589,48
sign_test_cel0.0,chunk_5,75,MC,3.831850099066893,48
sign_test_cel0.0,chunk_5,75,cosine_similarity,1.000000298023224,48
sign_test_cel0.0,chunk_5,75,wt_mean,0.0019408084335736503,48
sign_test_cel0.0,chunk_5,76,GR,3.8634421452879906,48
sign_test_cel0.0,chunk_5,76,IPC,5.585209996749957,48
sign_test_cel0.0,chunk_5,76,KR,2.5272300988435745,48
sign_test_cel0.0,chunk_5,76,MC,3.889193962017695,48
sign_test_cel0.0,chunk_5,76,cosine_similarity,1.000000298023224,48
sign_test_cel0.0,chunk_5,76,wt_mean,0.0019408084335736503,48
sign_test_cel0.0,chunk_5,77,GR,4.179016386469205,48
sign_test_cel0.0,chunk_5,77,IPC,6.003562763333321,48
sign_test_cel0.0,chunk_5,77,KR,2.680125576754411,48
sign_test_cel0.0,chunk_5,77,MC,4.092614000042279,48
sign_test_cel0.0,chunk_5,77,cosine_similarity,1.000000298023224,48
sign_test_cel0.0,chunk_5,77,wt_mean,0.0019408084335736503,48
sign_test_cel0.0,chunk_6,78,GR,3.880930701891581,48
sign_test_cel0.0,chunk_6,78,IPC,5.583946363379558,48
sign_test_cel0.0,chunk_6,78,KR,2.5564058447877565,48
sign_test_cel0.0,chunk_6,78,MC,4.011421951154868,48
sign_test_cel0.0,chunk_6,78,cosine_similarity,1.000000298023224,48
sign_test_cel0.0,chunk_6,78,wt_mean,0.0019408084335736503,48
sign_test_cel0.0,chunk_6,79,GR,4.208668102820714,48
sign_test_cel0.0,chunk_6,79,IPC,5.9155134210983915,48
sign_test_cel0.0,chunk_6,79,KR,2.7271822889645896,48
sign_test_cel0.0,chunk_6,79,MC,4.255513697862625,48
sign_test_cel0.0,chunk_6,79,cosine_similarity,1.000000298023224,48
sign_test_cel0.0,chunk_6,79,wt_mean,0.0019408084335736503,48
sign_test_cel0.0,chunk_6,80,GR,4.665769651532173,48
sign_test_cel0.0,chunk_6,80,IPC,6.15905990699927,48
sign_test_cel0.0,chunk_6,80,KR,3.007426048318545,48
sign_test_cel0.0,chunk_6,80,MC,4.0324030593037605,48
sign_test_cel0.0,chunk_6,80,cosine_similarity,1.000000298023224,48
sign_test_cel0.0,chunk_6,80,wt_mean,0.0019408084335736503,48
sign_test_cel0.0,chunk_6,81,GR,3.9282423506180444,48
sign_test_cel0.0,chunk_6,81,IPC,5.592349490771691,48
sign_test_cel0.0,chunk_6,81,KR,2.597631186246872,48
sign_test_cel0.0,chunk_6,81,MC,4.029460015396277,48
sign_test_cel0.0,chunk_6,81,cosine_similarity,1.000000298023224,48
sign_test_cel0.0,chunk_6,81,wt_mean,0.0019408084335736503,48
sign_test_cel0.0,chunk_6,82,GR,3.764798608918985,48
sign_test_cel0.0,chunk_6,82,IPC,5.955449886620045,48
sign_test_cel0.0,chunk_6,82,KR,2.503145361940066,48
sign_test_cel0.0,chunk_6,82,MC,4.195941939949989,48
sign_test_cel0.0,chunk_6,82,cosine_similarity,1.000000298023224,48
sign_test_cel0.0,chunk_6,82,wt_mean,0.0019408084335736503,48
sign_test_cel0.0,chunk_6,83,GR,3.894147706528505,48
sign_test_cel0.0,chunk_6,83,IPC,5.619758176306884,48
sign_test_cel0.0,chunk_6,83,KR,2.526475988328457,48
sign_test_cel0.0,chunk_6,83,MC,3.7980228712161384,48
sign_test_cel0.0,chunk_6,83,cosine_similarity,1.000000298023224,48
sign_test_cel0.0,chunk_6,83,wt_mean,0.0019408084335736503,48
sign_test_cel0.0,chunk_6,84,GR,3.5866825953125954,48
sign_test_cel0.0,chunk_6,84,IPC,5.966671004891396,48
sign_test_cel0.0,chunk_6,84,KR,2.3385640382766724,48
sign_test_cel0.0,chunk_6,84,MC,3.908319135506948,48
sign_test_cel0.0,chunk_6,84,cosine_similarity,1.000000298023224,48
sign_test_cel0.0,chunk_6,84,wt_mean,0.0019408084335736503,48
sign_test_cel0.0,chunk_6,85,GR,3.7284009282787642,48
sign_test_cel0.0,chunk_6,85,IPC,5.6849303630491095,48
sign_test_cel0.0,chunk_6,85,KR,2.511715571085612,48
sign_test_cel0.0,chunk_6,85,MC,3.6718263725439706,48
sign_test_cel0.0,chunk_6,85,cosine_similarity,1.000000298023224,48
sign_test_cel0.0,chunk_6,85,wt_mean,0.0019408084335736503,48
sign_test_cel0.0,chunk_6,86,GR,3.2580981701612473,48
sign_test_cel0.0,chunk_6,86,IPC,6.2968504428863525,48
sign_test_cel0.0,chunk_6,86,KR,2.2090338518222175,48
sign_test_cel0.0,chunk_6,86,MC,4.053582002719243,48
sign_test_cel0.0,chunk_6,86,cosine_similarity,1.000000298023224,48
sign_test_cel0.0,chunk_6,86,wt_mean,0.0019408084335736503,48
sign_test_cel0.0,chunk_6,87,GR,3.7362011447548866,48
sign_test_cel0.0,chunk_6,87,IPC,5.423766735941172,48
sign_test_cel0.0,chunk_6,87,KR,2.4319632897774377,48
sign_test_cel0.0,chunk_6,87,MC,3.7767282277345657,48
sign_test_cel0.0,chunk_6,87,cosine_similarity,1.000000298023224,48
sign_test_cel0.0,chunk_6,87,wt_mean,0.0019408084335736503,48
sign_test_cel0.0,chunk_6,88,GR,4.146792103846868,48
sign_test_cel0.0,chunk_6,88,IPC,5.457655670742194,48
sign_test_cel0.0,chunk_6,88,KR,2.740019137660662,48
sign_test_cel0.0,chunk_6,88,MC,4.132816337049007,48
sign_test_cel0.0,chunk_6,88,cosine_similarity,1.000000298023224,48
sign_test_cel0.0,chunk_6,88,wt_mean,0.0019408084335736503,48
sign_test_cel0.0,chunk_6,89,GR,3.966984398663044,48
sign_test_cel0.0,chunk_6,89,IPC,5.569865609208743,48
sign_test_cel0.0,chunk_6,89,KR,2.623023475209872,48
sign_test_cel0.0,chunk_6,89,MC,3.9688707242409387,48
sign_test_cel0.0,chunk_6,89,cosine_similarity,1.000000298023224,48
sign_test_cel0.0,chunk_6,89,wt_mean,0.0019408084335736503,48
sign_test_cel0.0,chunk_6,90,GR,4.662389884392421,48
sign_test_cel0.0,chunk_6,90,IPC,5.897432842602332,48
sign_test_cel0.0,chunk_6,90,KR,3.0504547407229743,48
sign_test_cel0.0,chunk_6,90,MC,4.019861375292142,48
sign_test_cel0.0,chunk_6,90,cosine_similarity,1.000000298023224,48
sign_test_cel0.0,chunk_6,90,wt_mean,0.0019408084335736503,48
sign_test_cel0.0,chunk_7,100,GR,4.23578479886055,48
sign_test_cel0.0,chunk_7,100,IPC,6.267304490009944,48
sign_test_cel0.0,chunk_7,100,KR,2.834036407371362,48
sign_test_cel0.0,chunk_7,100,MC,3.9084024329980216,48
sign_test_cel0.0,chunk_7,100,cosine_similarity,1.000000298023224,48
sign_test_cel0.0,chunk_7,100,wt_mean,0.0019408084335736503,48
sign_test_cel0.0,chunk_7,101,GR,4.105061853925387,48
sign_test_cel0.0,chunk_7,101,IPC,5.4661054375271005,48
sign_test_cel0.0,chunk_7,101,KR,2.7065246552228928,48
sign_test_cel0.0,chunk_7,101,MC,3.8265585700670877,48
sign_test_cel0.0,chunk_7,101,cosine_similarity,1.000000298023224,48
sign_test_cel0.0,chunk_7,101,wt_mean,0.0019408084335736503,48
sign_test_cel0.0,chunk_7,102,GR,4.041828895608584,48
sign_test_cel0.0,chunk_7,102,IPC,6.174725695202748,48
sign_test_cel0.0,chunk_7,102,KR,2.5442099794745445,48
sign_test_cel0.0,chunk_7,102,MC,4.1938265934586525,48
sign_test_cel0.0,chunk_7,102,cosine_similarity,1.000000298023224,48
sign_test_cel0.0,chunk_7,102,wt_mean,0.0019408084335736503,48
sign_test_cel0.0,chunk_7,103,GR,3.8689762701590857,48
sign_test_cel0.0,chunk_7,103,IPC,5.632360093295574,48
sign_test_cel0.0,chunk_7,103,KR,2.5215442031621933,48
sign_test_cel0.0,chunk_7,103,MC,3.5137000245352588,48
sign_test_cel0.0,chunk_7,103,cosine_similarity,1.000000298023224,48
sign_test_cel0.0,chunk_7,103,wt_mean,0.0019408084335736503,48
sign_test_cel0.0,chunk_7,91,GR,4.103386980791886,48
sign_test_cel0.0,chunk_7,91,IPC,5.803422577679157,48
sign_test_cel0.0,chunk_7,91,KR,2.7145410353938737,48
sign_test_cel0.0,chunk_7,91,MC,3.9912062684694924,48
sign_test_cel0.0,chunk_7,91,cosine_similarity,1.000000298023224,48
sign_test_cel0.0,chunk_7,91,wt_mean,0.0019408084335736503,48
sign_test_cel0.0,chunk_7,92,GR,5.152196690440178,48
sign_test_cel0.0,chunk_7,92,IPC,5.705269854515791,48
sign_test_cel0.0,chunk_7,92,KR,3.373365809520086,48
sign_test_cel0.0,chunk_7,92,MC,3.8784050022562346,48
sign_test_cel0.0,chunk_7,92,cosine_similarity,1.000000298023224,48
sign_test_cel0.0,chunk_7,92,wt_mean,0.0019408084335736503,48
sign_test_cel0.0,chunk_7,93,GR,4.540666883190473,48
sign_test_cel0.0,chunk_7,93,IPC,5.771384449054797,48
sign_test_cel0.0,chunk_7,93,KR,2.8512007370591164,48
sign_test_cel0.0,chunk_7,93,MC,3.765708023061355,48
sign_test_cel0.0,chunk_7,93,cosine_similarity,1.000000298023224,48
sign_test_cel0.0,chunk_7,93,wt_mean,0.0019408084335736503,48
sign_test_cel0.0,chunk_7,94,GR,3.717329996327559,48
sign_test_cel0.0,chunk_7,94,IPC,5.800578324745099,48
sign_test_cel0.0,chunk_7,94,KR,2.5197273045778275,48
sign_test_cel0.0,chunk_7,94,MC,3.8339444076021514,48
sign_test_cel0.0,chunk_7,94,cosine_similarity,1.000000298023224,48
sign_test_cel0.0,chunk_7,94,wt_mean,0.0019408084335736503,48
sign_test_cel0.0,chunk_7,95,GR,4.337296572824319,48
sign_test_cel0.0,chunk_7,95,IPC,5.54189603899916,48
sign_test_cel0.0,chunk_7,95,KR,2.8711462691426277,48
sign_test_cel0.0,chunk_7,95,MC,3.713067565113306,48
sign_test_cel0.0,chunk_7,95,cosine_similarity,1.000000298023224,48
sign_test_cel0.0,chunk_7,95,wt_mean,0.0019408084335736503,48
sign_test_cel0.0,chunk_7,96,GR,3.342812272409598,48
sign_test_cel0.0,chunk_7,96,IPC,5.404591518143813,48
sign_test_cel0.0,chunk_7,96,KR,2.2355605686704316,48
sign_test_cel0.0,chunk_7,96,MC,3.62014622737964,48
sign_test_cel0.0,chunk_7,96,cosine_similarity,1.000000298023224,48
sign_test_cel0.0,chunk_7,96,wt_mean,0.0019408084335736503,48
sign_test_cel0.0,chunk_7,97,GR,4.6673537865281105,48
sign_test_cel0.0,chunk_7,97,IPC,5.75119261443615,48
sign_test_cel0.0,chunk_7,97,KR,3.0794089982906976,48
sign_test_cel0.0,chunk_7,97,MC,4.065610557794571,48
sign_test_cel0.0,chunk_7,97,cosine_similarity,1.000000298023224,48
sign_test_cel0.0,chunk_7,97,wt_mean,0.0019408084335736503,48
sign_test_cel0.0,chunk_7,98,GR,3.6788291285435357,48
sign_test_cel0.0,chunk_7,98,IPC,5.960121647765239,48
sign_test_cel0.0,chunk_7,98,KR,2.4116172517339387,48
sign_test_cel0.0,chunk_7,98,MC,4.1690280710657435,48
sign_test_cel0.0,chunk_7,98,cosine_similarity,1.000000298023224,48
sign_test_cel0.0,chunk_7,98,wt_mean,0.0019408084335736503,48
sign_test_cel0.0,chunk_7,99,GR,4.1009465878208475,48
sign_test_cel0.0,chunk_7,99,IPC,5.355022631585598,48
sign_test_cel0.0,chunk_7,99,KR,2.70136488477389,48
sign_test_cel0.0,chunk_7,99,MC,3.615816980600357,48
sign_test_cel0.0,chunk_7,99,cosine_similarity,1.000000298023224,48
sign_test_cel0.0,chunk_7,99,wt_mean,0.0019408084335736503,48
sign_test_cel0.0,chunk_8,104,GR,4.1740181396404905,48
sign_test_cel0.0,chunk_8,104,IPC,5.203627165406942,48
sign_test_cel0.0,chunk_8,104,KR,2.790528565645218,48
sign_test_cel0.0,chunk_8,104,MC,3.5464673129220805,48
sign_test_cel0.0,chunk_8,104,cosine_similarity,1.000000298023224,48
sign_test_cel0.0,chunk_8,104,wt_mean,0.0019408084335736503,48
sign_test_cel0.0,chunk_8,105,GR,4.417134046554565,48
sign_test_cel0.0,chunk_8,105,IPC,6.196157229443391,48
sign_test_cel0.0,chunk_8,105,KR,2.8756333912412324,48
sign_test_cel0.0,chunk_8,105,MC,4.310385634501775,48
sign_test_cel0.0,chunk_8,105,cosine_similarity,1.000000298023224,48
sign_test_cel0.0,chunk_8,105,wt_mean,0.0019408084335736503,48
sign_test_cel0.0,chunk_8,106,GR,3.5563194702068963,48
sign_test_cel0.0,chunk_8,106,IPC,5.667127521087726,48
sign_test_cel0.0,chunk_8,106,KR,2.419314252833525,48
sign_test_cel0.0,chunk_8,106,MC,3.5640027771393457,48
sign_test_cel0.0,chunk_8,106,cosine_similarity,1.000000298023224,48
sign_test_cel0.0,chunk_8,106,wt_mean,0.0019408084335736503,48
sign_test_cel0.0,chunk_8,107,GR,4.182029634714127,48
sign_test_cel0.0,chunk_8,107,IPC,5.477860813339551,48
sign_test_cel0.0,chunk_8,107,KR,2.6323913584152856,48
sign_test_cel0.0,chunk_8,107,MC,3.4837158570686975,48
sign_test_cel0.0,chunk_8,107,cosine_similarity,1.000000298023224,48
sign_test_cel0.0,chunk_8,107,wt_mean,0.0019408084335736503,48
sign_test_cel0.0,chunk_8,108,GR,3.940626365443071,48
sign_test_cel0.0,chunk_8,108,IPC,5.871970770259698,48
sign_test_cel0.0,chunk_8,108,KR,2.567333586513996,48
sign_test_cel0.0,chunk_8,108,MC,3.8026771818598113,48
sign_test_cel0.0,chunk_8,108,cosine_similarity,1.000000298023224,48
sign_test_cel0.0,chunk_8,108,wt_mean,0.0019408084335736503,48
sign_test_cel0.0,chunk_8,109,GR,3.764059878885746,48
sign_test_cel0.0,chunk_8,109,IPC,5.4676389545202255,48
sign_test_cel0.0,chunk_8,109,KR,2.4133933732906976,48
sign_test_cel0.0,chunk_8,109,MC,3.6238408337036767,48
sign_test_cel0.0,chunk_8,109,cosine_similarity,1.000000298023224,48
sign_test_cel0.0,chunk_8,109,wt_mean,0.0019408084335736503,48
sign_test_cel0.0,chunk_8,110,GR,4.0680722544590635,48
sign_test_cel0.0,chunk_8,110,IPC,5.781954215218623,48
sign_test_cel0.0,chunk_8,110,KR,2.74361731360356,48
sign_test_cel0.0,chunk_8,110,MC,4.091932870447636,48
sign_test_cel0.0,chunk_8,110,cosine_similarity,1.000000298023224,48
sign_test_cel0.0,chunk_8,110,wt_mean,0.0019408084335736503,48
sign_test_cel0.0,chunk_8,111,GR,3.621896649400393,48
sign_test_cel0.0,chunk_8,111,IPC,5.92803880572319,48
sign_test_cel0.0,chunk_8,111,KR,2.5319126173853874,48
sign_test_cel0.0,chunk_8,111,MC,4.063648963967959,48
sign_test_cel0.0,chunk_8,111,cosine_similarity,1.000000298023224,48
sign_test_cel0.0,chunk_8,111,wt_mean,0.0019408084335736503,48
sign_test_cel0.0,chunk_8,112,GR,4.563836062947909,48
sign_test_cel0.0,chunk_8,112,IPC,5.4442567725976305,48
sign_test_cel0.0,chunk_8,112,KR,3.1231411124269166,48
sign_test_cel0.0,chunk_8,112,MC,4.01631145675977,48
sign_test_cel0.0,chunk_8,112,cosine_similarity,1.000000298023224,48
sign_test_cel0.0,chunk_8,112,wt_mean,0.0019408084335736503,48
sign_test_cel0.0,chunk_8,113,GR,3.7063881481687226,48
sign_test_cel0.0,chunk_8,113,IPC,5.828475646674633,48
sign_test_cel0.0,chunk_8,113,KR,2.4481383884946504,48
sign_test_cel0.0,chunk_8,113,MC,3.8828309699892998,48
sign_test_cel0.0,chunk_8,113,cosine_similarity,1.000000298023224,48
sign_test_cel0.0,chunk_8,113,wt_mean,0.0019408084335736503,48
sign_test_cel0.0,chunk_8,114,GR,3.8939378832777343,48
sign_test_cel0.0,chunk_8,114,IPC,5.978403318673372,48
sign_test_cel0.0,chunk_8,114,KR,2.5556432629625,48
sign_test_cel0.0,chunk_8,114,MC,4.211699063579242,48
sign_test_cel0.0,chunk_8,114,cosine_similarity,1.000000298023224,48
sign_test_cel0.0,chunk_8,114,wt_mean,0.0019408084335736503,48
sign_test_cel0.0,chunk_8,115,GR,3.976300284266472,48
sign_test_cel0.0,chunk_8,115,IPC,5.499823595086734,48
sign_test_cel0.0,chunk_8,115,KR,2.649097050229708,48
sign_test_cel0.0,chunk_8,115,MC,3.9107745240132012,48
sign_test_cel0.0,chunk_8,115,cosine_similarity,1.000000298023224,48
sign_test_cel0.0,chunk_8,115,wt_mean,0.0019408084335736503,48
sign_test_cel0.0,chunk_8,116,GR,5.011939133207004,48
sign_test_cel0.0,chunk_8,116,IPC,5.47510099162658,48
sign_test_cel0.0,chunk_8,116,KR,3.1893568883339563,48
sign_test_cel0.0,chunk_8,116,MC,3.8469037264585495,48
sign_test_cel0.0,chunk_8,116,cosine_similarity,1.000000298023224,48
sign_test_cel0.0,chunk_8,116,wt_mean,0.0019408084335736503,48
sign_test_cel0.0,chunk_9,117,GR,4.182557016611099,48
sign_test_cel0.0,chunk_9,117,IPC,5.68401496236523,48
sign_test_cel0.0,chunk_9,117,KR,2.844769681493441,48
sign_test_cel0.0,chunk_9,117,MC,3.815809046228727,48
sign_test_cel0.0,chunk_9,117,cosine_similarity,1.000000298023224,48
sign_test_cel0.0,chunk_9,117,wt_mean,0.0019408084335736503,48
sign_test_cel0.0,chunk_9,118,GR,4.431681796908379,48
sign_test_cel0.0,chunk_9,118,IPC,5.297754875073831,48
sign_test_cel0.0,chunk_9,118,KR,2.8902898405989013,48
sign_test_cel0.0,chunk_9,118,MC,3.662312366068363,48
sign_test_cel0.0,chunk_9,118,cosine_similarity,1.000000298023224,48
sign_test_cel0.0,chunk_9,118,wt_mean,0.0019408084335736503,48
sign_test_cel0.0,chunk_9,119,GR,3.792758916815122,48
sign_test_cel0.0,chunk_9,119,IPC,5.835397634655237,48
sign_test_cel0.0,chunk_9,119,KR,2.4661949376265206,48
sign_test_cel0.0,chunk_9,119,MC,3.9076187362273536,48
sign_test_cel0.0,chunk_9,119,cosine_similarity,1.000000298023224,48
sign_test_cel0.0,chunk_9,119,wt_mean,0.0019408084335736503,48
sign_test_cel0.0,chunk_9,120,GR,3.9455485890309014,48
sign_test_cel0.0,chunk_9,120,IPC,5.618906460702419,48
sign_test_cel0.0,chunk_9,120,KR,2.687423879901568,48
sign_test_cel0.0,chunk_9,120,MC,3.7996450463930764,48
sign_test_cel0.0,chunk_9,120,cosine_similarity,1.000000298023224,48
sign_test_cel0.0,chunk_9,120,wt_mean,0.0019408084335736503,48
sign_test_cel0.0,chunk_9,121,GR,4.7021578426162405,48
sign_test_cel0.0,chunk_9,121,IPC,5.907204460352659,48
sign_test_cel0.0,chunk_9,121,KR,3.05098287264506,48
sign_test_cel0.0,chunk_9,121,MC,4.103364636500676,48
sign_test_cel0.0,chunk_9,121,cosine_similarity,1.000000298023224,48
sign_test_cel0.0,chunk_9,121,wt_mean,0.0019408084335736503,48
sign_test_cel0.0,chunk_9,122,GR,4.2204113726814585,48
sign_test_cel0.0,chunk_9,122,IPC,5.885864259054263,48
sign_test_cel0.0,chunk_9,122,KR,2.7307445084055266,48
sign_test_cel0.0,chunk_9,122,MC,3.6929661060372987,48
sign_test_cel0.0,chunk_9,122,cosine_similarity,1.000000298023224,48
sign_test_cel0.0,chunk_9,122,wt_mean,0.0019408084335736503,48
sign_test_cel0.0,chunk_9,123,GR,4.527292191982269,48
sign_test_cel0.0,chunk_9,123,IPC,4.593907900154591,48
sign_test_cel0.0,chunk_9,123,KR,2.918244702120622,48
sign_test_cel0.0,chunk_9,123,MC,3.283120530347029,48
sign_test_cel0.0,chunk_9,123,cosine_similarity,1.000000298023224,48
sign_test_cel0.0,chunk_9,123,wt_mean,0.0019408084335736503,48
sign_test_cel0.0,chunk_9,124,GR,4.057164403299491,48
sign_test_cel0.0,chunk_9,124,IPC,5.062195760508378,48
sign_test_cel0.0,chunk_9,124,KR,2.665998717149099,48
sign_test_cel0.0,chunk_9,124,MC,3.4919498935341835,48
sign_test_cel0.0,chunk_9,124,cosine_similarity,1.000000298023224,48
sign_test_cel0.0,chunk_9,124,wt_mean,0.0019408084335736503,48
sign_test_cel0.0,chunk_9,125,GR,4.234263730545838,48
sign_test_cel0.0,chunk_9,125,IPC,5.565295966962974,48
sign_test_cel0.0,chunk_9,125,KR,2.7717522556583085,48
sign_test_cel0.0,chunk_9,125,MC,3.941748204330603,48
sign_test_cel0.0,chunk_9,125,cosine_similarity,1.000000298023224,48
sign_test_cel0.0,chunk_9,125,wt_mean,0.0019408084335736503,48
sign_test_cel0.0,chunk_9,126,GR,4.395941843589147,48
sign_test_cel0.0,chunk_9,126,IPC,5.71990712856253,48
sign_test_cel0.0,chunk_9,126,KR,2.86447345217069,48
sign_test_cel0.0,chunk_9,126,MC,3.952056768039862,48
sign_test_cel0.0,chunk_9,126,cosine_similarity,1.000000298023224,48
sign_test_cel0.0,chunk_9,126,wt_mean,0.0019408084335736503,48
sign_test_cel0.0,chunk_9,127,GR,4.414577220877011,48
sign_test_cel0.0,chunk_9,127,IPC,6.10056584700942,48
sign_test_cel0.0,chunk_9,127,KR,2.8114475707213082,48
sign_test_cel0.0,chunk_9,127,MC,4.315552676717441,48
sign_test_cel0.0,chunk_9,127,cosine_similarity,1.000000298023224,48
sign_test_cel0.0,chunk_9,127,wt_mean,0.0019408084335736503,48
sign_test_cel0.0,chunk_9,128,GR,4.0586498727401095,48
sign_test_cel0.0,chunk_9,128,IPC,5.627710023274024,48
sign_test_cel0.0,chunk_9,128,KR,2.657786558071772,48
sign_test_cel0.0,chunk_9,128,MC,3.9960614691178002,48
sign_test_cel0.0,chunk_9,128,cosine_similarity,1.000000298023224,48
sign_test_cel0.0,chunk_9,128,wt_mean,0.0019408084335736503,48
sign_test_cel0.0,chunk_9,129,GR,3.637714626888434,48
sign_test_cel0.0,chunk_9,129,IPC,5.49417978276809,48
sign_test_cel0.0,chunk_9,129,KR,2.3627596447865167,48
sign_test_cel0.0,chunk_9,129,MC,3.723091478149096,48
sign_test_cel0.0,chunk_9,129,cosine_similarity,1.000000298023224,48
sign_test_cel0.0,chunk_9,129,wt_mean,0.0019408084335736503,48
sign_test_cel0.1,chunk_0,0,GR,3.8952990993857384,48
sign_test_cel0.1,chunk_0,0,IPC,6.743768708159526,48
sign_test_cel0.1,chunk_0,0,KR,2.6472190196315446,48
sign_test_cel0.1,chunk_0,0,MC,4.46617507437865,48
sign_test_cel0.1,chunk_0,0,cosine_similarity,0.8005151003599167,48
sign_test_cel0.1,chunk_0,0,wt_mean,0.001900912204291625,48
sign_test_cel0.1,chunk_0,1,GR,4.971157481273015,48
sign_test_cel0.1,chunk_0,1,IPC,6.303338808317979,48
sign_test_cel0.1,chunk_0,1,KR,3.1500924030939736,48
sign_test_cel0.1,chunk_0,1,MC,4.415489723285039,48
sign_test_cel0.1,chunk_0,1,cosine_similarity,0.8005150854587555,48
sign_test_cel0.1,chunk_0,1,wt_mean,0.00197876931633795,48
sign_test_cel0.1,chunk_0,10,GR,5.216183632612228,48
sign_test_cel0.1,chunk_0,10,IPC,6.267013051857551,48
sign_test_cel0.1,chunk_0,10,KR,3.339620033899943,48
sign_test_cel0.1,chunk_0,10,MC,4.071725559731324,48
sign_test_cel0.1,chunk_0,10,cosine_similarity,0.8005151450634003,48
sign_test_cel0.1,chunk_0,10,wt_mean,0.001989826094359125,48
sign_test_cel0.1,chunk_0,11,GR,4.777730772892634,48
sign_test_cel0.1,chunk_0,11,IPC,5.812681343406439,48
sign_test_cel0.1,chunk_0,11,KR,3.0372543334960938,48
sign_test_cel0.1,chunk_0,11,MC,4.036509215831757,48
sign_test_cel0.1,chunk_0,11,cosine_similarity,0.8005151152610779,48
sign_test_cel0.1,chunk_0,11,wt_mean,0.00195518054533745,48
sign_test_cel0.1,chunk_0,12,GR,4.038587515552838,48
sign_test_cel0.1,chunk_0,12,IPC,6.537513102094333,48
sign_test_cel0.1,chunk_0,12,KR,2.695250816643238,48
sign_test_cel0.1,chunk_0,12,MC,4.559173469742139,48
sign_test_cel0.1,chunk_0,12,cosine_similarity,0.8005150705575943,48
sign_test_cel0.1,chunk_0,12,wt_mean,0.001942557224538125,48
sign_test_cel0.1,chunk_0,2,GR,4.724303690095742,48
sign_test_cel0.1,chunk_0,2,IPC,5.955295067280531,48
sign_test_cel0.1,chunk_0,2,KR,2.89642154922088,48
sign_test_cel0.1,chunk_0,2,MC,4.117117223640283,48
sign_test_cel0.1,chunk_0,2,cosine_similarity,0.8005151003599167,48
sign_test_cel0.1,chunk_0,2,wt_mean,0.0018597172747831499,48
sign_test_cel0.1,chunk_0,3,GR,5.593135875960191,48
sign_test_cel0.1,chunk_0,3,IPC,6.2740268856287,48
sign_test_cel0.1,chunk_0,3,KR,3.4993566324313483,48
sign_test_cel0.1,chunk_0,3,MC,4.006482837100823,48
sign_test_cel0.1,chunk_0,3,cosine_similarity,0.800515204668045,48
sign_test_cel0.1,chunk_0,3,wt_mean,0.001976468251086725,48
sign_test_cel0.1,chunk_0,4,GR,4.189854107797146,48
sign_test_cel0.1,chunk_0,4,IPC,6.209753431379795,48
sign_test_cel0.1,chunk_0,4,KR,2.690106585621834,48
sign_test_cel0.1,chunk_0,4,MC,4.39237746099631,48
sign_test_cel0.1,chunk_0,4,cosine_similarity,0.8005149811506271,48
sign_test_cel0.1,chunk_0,4,wt_mean,0.00189916533417995,48
sign_test_cel0.1,chunk_0,5,GR,5.199255473911762,48
sign_test_cel0.1,chunk_0,5,IPC,5.530285480121772,48
sign_test_cel0.1,chunk_0,5,KR,3.2663769274950027,48
sign_test_cel0.1,chunk_0,5,MC,4.0208065658807755,48
sign_test_cel0.1,chunk_0,5,cosine_similarity,0.8005151301622391,48
sign_test_cel0.1,chunk_0,5,wt_mean,0.0019486052624415,48
sign_test_cel0.1,chunk_0,6,GR,4.791206041971843,48
sign_test_cel0.1,chunk_0,6,IPC,5.8315927013754845,48
sign_test_cel0.1,chunk_0,6,KR,3.0093940893809,48
sign_test_cel0.1,chunk_0,6,MC,3.7781031479438147,48
sign_test_cel0.1,chunk_0,6,cosine_similarity,0.8005148768424988,48
sign_test_cel0.1,chunk_0,6,wt_mean,0.0018461705185472,48
sign_test_cel0.1,chunk_0,7,GR,5.4547255883614225,48
sign_test_cel0.1,chunk_0,7,IPC,5.899441699186961,48
sign_test_cel0.1,chunk_0,7,KR,3.3957200596729913,48
sign_test_cel0.1,chunk_0,7,MC,4.131764888763428,48
sign_test_cel0.1,chunk_0,7,cosine_similarity,0.800514817237854,48
sign_test_cel0.1,chunk_0,7,wt_mean,0.002010782074648825,48
sign_test_cel0.1,chunk_0,8,GR,5.009789402286212,48
sign_test_cel0.1,chunk_0,8,IPC,5.959735969702403,48
sign_test_cel0.1,chunk_0,8,KR,3.1129772067070007,48
sign_test_cel0.1,chunk_0,8,MC,3.8909701704978943,48
sign_test_cel0.1,chunk_0,8,cosine_similarity,0.8005149066448212,48
sign_test_cel0.1,chunk_0,8,wt_mean,0.001921389804920125,48
sign_test_cel0.1,chunk_0,9,GR,5.722132066885631,48
sign_test_cel0.1,chunk_0,9,IPC,4.912746664136648,48
sign_test_cel0.1,chunk_0,9,KR,3.515339344739914,48
sign_test_cel0.1,chunk_0,9,MC,3.722648629297813,48
sign_test_cel0.1,chunk_0,9,cosine_similarity,0.8005150109529495,48
sign_test_cel0.1,chunk_0,9,wt_mean,0.00188065366819495,48
sign_test_cel0.1,chunk_1,13,GR,5.372676648199558,48
sign_test_cel0.1,chunk_1,13,IPC,6.277360280354817,48
sign_test_cel0.1,chunk_1,13,KR,3.2946942349274955,48
sign_test_cel0.1,chunk_1,13,MC,4.09670673807462,48
sign_test_cel0.1,chunk_1,13,cosine_similarity,0.8005150109529495,48
sign_test_cel0.1,chunk_1,13,wt_mean,0.0019720137061085,48
sign_test_cel0.1,chunk_1,14,GR,5.156809796889623,48
sign_test_cel0.1,chunk_1,14,IPC,5.915045800308387,48
sign_test_cel0.1,chunk_1,14,KR,3.20961361626784,48
sign_test_cel0.1,chunk_1,14,MC,3.9856272538503013,48
sign_test_cel0.1,chunk_1,14,cosine_similarity,0.8005151599645615,48
sign_test_cel0.1,chunk_1,14,wt_mean,0.001907300291350075,48
sign_test_cel0.1,chunk_1,15,GR,4.454808071255684,48
sign_test_cel0.1,chunk_1,15,IPC,6.362433320532243,48
sign_test_cel0.1,chunk_1,15,KR,2.8519695128003755,48
sign_test_cel0.1,chunk_1,15,MC,4.357650712132454,48
sign_test_cel0.1,chunk_1,15,cosine_similarity,0.800515204668045,48
sign_test_cel0.1,chunk_1,15,wt_mean,0.0018966012867167,48
sign_test_cel0.1,chunk_1,16,GR,4.662957804898421,48
sign_test_cel0.1,chunk_1,16,IPC,6.348127803454797,48
sign_test_cel0.1,chunk_1,16,KR,3.0440229872862496,48
sign_test_cel0.1,chunk_1,16,MC,4.182345639914274,48
sign_test_cel0.1,chunk_1,16,cosine_similarity,0.8005149960517883,48
sign_test_cel0.1,chunk_1,16,wt_mean,0.002031411655479975,48
sign_test_cel0.1,chunk_1,17,GR,4.849151601394017,48
sign_test_cel0.1,chunk_1,17,IPC,5.824661999940872,48
sign_test_cel0.1,chunk_1,17,KR,3.0165051544706025,48
sign_test_cel0.1,chunk_1,17,MC,3.8473777944842973,48
sign_test_cel0.1,chunk_1,17,cosine_similarity,0.8005149066448212,48
sign_test_cel0.1,chunk_1,17,wt_mean,0.0019732164510059247,48
sign_test_cel0.1,chunk_1,18,GR,4.038902719815572,48
sign_test_cel0.1,chunk_1,18,IPC,5.61279633641243,48
sign_test_cel0.1,chunk_1,18,KR,2.659072851141294,48
sign_test_cel0.1,chunk_1,18,MC,4.116767572859923,48
sign_test_cel0.1,chunk_1,18,cosine_similarity,0.8005151152610779,48
sign_test_cel0.1,chunk_1,18,wt_mean,0.001905021956190425,48
sign_test_cel0.1,chunk_1,19,GR,4.836108381549518,48
sign_test_cel0.1,chunk_1,19,IPC,5.953379411250353,48
sign_test_cel0.1,chunk_1,19,KR,2.9525294775764146,48
sign_test_cel0.1,chunk_1,19,MC,4.039826442797978,48
sign_test_cel0.1,chunk_1,19,cosine_similarity,0.8005149066448212,48
sign_test_cel0.1,chunk_1,19,wt_mean,0.001904482283862225,48
sign_test_cel0.1,chunk_1,20,GR,4.567256775995095,48
sign_test_cel0.1,chunk_1,20,IPC,5.879432859520118,48
sign_test_cel0.1,chunk_1,20,KR,2.7616361305117607,48
sign_test_cel0.1,chunk_1,20,MC,3.956101564069589,48
sign_test_cel0.1,chunk_1,20,cosine_similarity,0.8005151450634003,48
sign_test_cel0.1,chunk_1,20,wt_mean,0.002010415657423375,48
sign_test_cel0.1,chunk_1,21,GR,4.24649204313755,48
sign_test_cel0.1,chunk_1,21,IPC,6.821276418864727,48
sign_test_cel0.1,chunk_1,21,KR,2.749702880779902,48
sign_test_cel0.1,chunk_1,21,MC,4.437277622520924,48
sign_test_cel0.1,chunk_1,21,cosine_similarity,0.8005149066448212,48
sign_test_cel0.1,chunk_1,21,wt_mean,0.0019599520310293497,48
sign_test_cel0.1,chunk_1,22,GR,4.551548843582471,48
sign_test_cel0.1,chunk_1,22,IPC,5.986202547947566,48
sign_test_cel0.1,chunk_1,22,KR,3.008543993035952,48
sign_test_cel0.1,chunk_1,22,MC,3.946972874303659,48
sign_test_cel0.1,chunk_1,22,cosine_similarity,0.8005149513483047,48
sign_test_cel0.1,chunk_1,22,wt_mean,0.001956440362846425,48
sign_test_cel0.1,chunk_1,23,GR,4.186894831558068,48
sign_test_cel0.1,chunk_1,23,IPC,6.250608279059331,48
sign_test_cel0.1,chunk_1,23,KR,2.6459654246767363,48
sign_test_cel0.1,chunk_1,23,MC,4.114697653800249,48
sign_test_cel0.1,chunk_1,23,cosine_similarity,0.8005149662494659,48
sign_test_cel0.1,chunk_1,23,wt_mean,0.0019600205996539,48
sign_test_cel0.1,chunk_1,24,GR,4.98524372279644,48
sign_test_cel0.1,chunk_1,24,IPC,6.2115847033758955,48
sign_test_cel0.1,chunk_1,24,KR,3.1720668698350587,48
sign_test_cel0.1,chunk_1,24,MC,4.048221488793691,48
sign_test_cel0.1,chunk_1,24,cosine_similarity,0.8005149364471436,48
sign_test_cel0.1,chunk_1,24,wt_mean,0.0019145631813443501,48
sign_test_cel0.1,chunk_1,25,GR,4.492785409092903,48
sign_test_cel0.1,chunk_1,25,IPC,5.59297073011597,48
sign_test_cel0.1,chunk_1,25,KR,2.872735815743605,48
sign_test_cel0.1,chunk_1,25,MC,3.7976982506612935,48
sign_test_cel0.1,chunk_1,25,cosine_similarity,0.8005151152610779,48
sign_test_cel0.1,chunk_1,25,wt_mean,0.0018468108610249499,48
sign_test_cel0.1,chunk_10,130,GR,5.441810617844264,48
sign_test_cel0.1,chunk_10,130,IPC,5.65979291498661,48
sign_test_cel0.1,chunk_10,130,KR,3.5113462458054223,48
sign_test_cel0.1,chunk_10,130,MC,3.93962782373031,48
sign_test_cel0.1,chunk_10,130,cosine_similarity,0.8005150854587555,48
sign_test_cel0.1,chunk_10,130,wt_mean,0.00190357820247295,48
sign_test_cel0.1,chunk_10,131,GR,4.779482622941335,48
sign_test_cel0.1,chunk_10,131,IPC,6.107549911985795,48
sign_test_cel0.1,chunk_10,131,KR,2.9521386648217836,48
sign_test_cel0.1,chunk_10,131,MC,3.992092708746592,48
sign_test_cel0.1,chunk_10,131,cosine_similarity,0.8005149662494659,48
sign_test_cel0.1,chunk_10,131,wt_mean,0.002049303147941775,48
sign_test_cel0.1,chunk_10,132,GR,4.398263556261857,48
sign_test_cel0.1,chunk_10,132,IPC,6.551391923179229,48
sign_test_cel0.1,chunk_10,132,KR,2.8887565210461617,48
sign_test_cel0.1,chunk_10,132,MC,4.293475076556206,48
sign_test_cel0.1,chunk_10,132,cosine_similarity,0.8005149960517883,48
sign_test_cel0.1,chunk_10,132,wt_mean,0.0019788302015512752,48
sign_test_cel0.1,chunk_10,133,GR,6.088316639264424,48
sign_test_cel0.1,chunk_10,133,IPC,6.074047565460205,48
sign_test_cel0.1,chunk_10,133,KR,3.7388368298610053,48
sign_test_cel0.1,chunk_10,133,MC,4.1413747270901995,48
sign_test_cel0.1,chunk_10,133,cosine_similarity,0.8005151748657227,48
sign_test_cel0.1,chunk_10,133,wt_mean,0.002012471872149,48
sign_test_cel0.1,chunk_10,134,GR,4.762258360783259,48
sign_test_cel0.1,chunk_10,134,IPC,5.94559799010555,48
sign_test_cel0.1,chunk_10,134,KR,3.0216471130649247,48
sign_test_cel0.1,chunk_10,134,MC,3.7316991140445075,48
sign_test_cel0.1,chunk_10,134,cosine_similarity,0.8005150258541107,48
sign_test_cel0.1,chunk_10,134,wt_mean,0.002019092324189825,48
sign_test_cel0.1,chunk_10,135,GR,4.49151524156332,48
sign_test_cel0.1,chunk_10,135,IPC,6.193962288399537,48
sign_test_cel0.1,chunk_10,135,KR,2.841121551891168,48
sign_test_cel0.1,chunk_10,135,MC,4.027578368782997,48
sign_test_cel0.1,chunk_10,135,cosine_similarity,0.8005151897668839,48
sign_test_cel0.1,chunk_10,135,wt_mean,0.0019403531623538,48
sign_test_cel0.1,chunk_10,136,GR,4.309922568500042,48
sign_test_cel0.1,chunk_10,136,IPC,6.217468500137329,48
sign_test_cel0.1,chunk_10,136,KR,2.729947845141093,48
sign_test_cel0.1,chunk_10,136,MC,4.054394505918026,48
sign_test_cel0.1,chunk_10,136,cosine_similarity,0.8005149662494659,48
sign_test_cel0.1,chunk_10,136,wt_mean,0.00195727622485715,48
sign_test_cel0.1,chunk_10,137,GR,5.132398863633473,48
sign_test_cel0.1,chunk_10,137,IPC,6.433042290310065,48
sign_test_cel0.1,chunk_10,137,KR,3.2051834439237914,48
sign_test_cel0.1,chunk_10,137,MC,4.509756738940875,48
sign_test_cel0.1,chunk_10,137,cosine_similarity,0.8005150407552719,48
sign_test_cel0.1,chunk_10,137,wt_mean,0.00194325041957195,48
sign_test_cel0.1,chunk_10,138,GR,5.760426357388496,48
sign_test_cel0.1,chunk_10,138,IPC,5.999984471748273,48
sign_test_cel0.1,chunk_10,138,KR,3.592191760738691,48
sign_test_cel0.1,chunk_10,138,MC,4.309867677589257,48
sign_test_cel0.1,chunk_10,138,cosine_similarity,0.8005150556564331,48
sign_test_cel0.1,chunk_10,138,wt_mean,0.001958001172169975,48
sign_test_cel0.1,chunk_10,139,GR,5.2033490066727,48
sign_test_cel0.1,chunk_10,139,IPC,5.158167537301779,48
sign_test_cel0.1,chunk_10,139,KR,3.2570073902606964,48
sign_test_cel0.1,chunk_10,139,MC,3.463751394301653,48
sign_test_cel0.1,chunk_10,139,cosine_similarity,0.8005149811506271,48
sign_test_cel0.1,chunk_10,139,wt_mean,0.0019331487128510499,48
sign_test_cel0.1,chunk_10,140,GR,5.025819567342599,48
sign_test_cel0.1,chunk_10,140,IPC,5.853319289783637,48
sign_test_cel0.1,chunk_10,140,KR,3.162849341829618,48
sign_test_cel0.1,chunk_10,140,MC,3.9010188157359758,48
sign_test_cel0.1,chunk_10,140,cosine_similarity,0.8005150556564331,48
sign_test_cel0.1,chunk_10,140,wt_mean,0.001960044464794875,48
sign_test_cel0.1,chunk_10,141,GR,5.081671103835106,48
sign_test_cel0.1,chunk_10,141,IPC,6.551431075980266,48
sign_test_cel0.1,chunk_10,141,KR,3.3081923946738243,48
sign_test_cel0.1,chunk_10,141,MC,4.460006540020307,48
sign_test_cel0.1,chunk_10,141,cosine_similarity,0.8005149215459824,48
sign_test_cel0.1,chunk_10,141,wt_mean,0.0019097545591648,48
sign_test_cel0.1,chunk_11,142,GR,5.0632457211613655,48
sign_test_cel0.1,chunk_11,142,IPC,6.684212206552426,48
sign_test_cel0.1,chunk_11,142,KR,3.1729139337937036,48
sign_test_cel0.1,chunk_11,142,MC,4.609902981668711,48
sign_test_cel0.1,chunk_11,142,cosine_similarity,0.8005149066448212,48
sign_test_cel0.1,chunk_11,142,wt_mean,0.0019007824012078,48
sign_test_cel0.1,chunk_11,143,GR,4.865620501339436,48
sign_test_cel0.1,chunk_11,143,IPC,6.131341237574816,48
sign_test_cel0.1,chunk_11,143,KR,3.1491837948560715,48
sign_test_cel0.1,chunk_11,143,MC,3.3710973585645356,48
sign_test_cel0.1,chunk_11,143,cosine_similarity,0.8005151748657227,48
sign_test_cel0.1,chunk_11,143,wt_mean,0.001871778804343125,48
sign_test_cel0.1,chunk_11,144,GR,4.694225477675597,48
sign_test_cel0.1,chunk_11,144,IPC,6.34101980427901,48
sign_test_cel0.1,chunk_11,144,KR,2.871339350938797,48
sign_test_cel0.1,chunk_11,144,MC,4.3049676070610685,48
sign_test_cel0.1,chunk_11,144,cosine_similarity,0.8005151301622391,48
sign_test_cel0.1,chunk_11,144,wt_mean,0.0019272495119366,48
sign_test_cel0.1,chunk_11,145,GR,4.436195269227028,48
sign_test_cel0.1,chunk_11,145,IPC,5.976381078362465,48
sign_test_cel0.1,chunk_11,145,KR,2.822198515137037,48
sign_test_cel0.1,chunk_11,145,MC,3.9819946189721427,48
sign_test_cel0.1,chunk_11,145,cosine_similarity,0.8005152344703674,48
sign_test_cel0.1,chunk_11,145,wt_mean,0.0019377084972802,48
sign_test_cel0.1,chunk_11,146,GR,4.345430955290794,48
sign_test_cel0.1,chunk_11,146,IPC,5.948816079646349,48
sign_test_cel0.1,chunk_11,146,KR,2.7468806728720665,48
sign_test_cel0.1,chunk_11,146,MC,3.934621470669905,48
sign_test_cel0.1,chunk_11,146,cosine_similarity,0.8005148023366928,48
sign_test_cel0.1,chunk_11,146,wt_mean,0.00194387405645095,48
sign_test_cel0.1,chunk_11,147,GR,4.721303284168243,48
sign_test_cel0.1,chunk_11,147,IPC,6.524254864702622,48
sign_test_cel0.1,chunk_11,147,KR,3.0366048937042556,48
sign_test_cel0.1,chunk_11,147,MC,4.420431228975455,48
sign_test_cel0.1,chunk_11,147,cosine_similarity,0.8005148768424988,48
sign_test_cel0.1,chunk_11,147,wt_mean,0.001959115063073075,48
sign_test_cel0.1,chunk_11,148,GR,4.468025396267573,48
sign_test_cel0.1,chunk_11,148,IPC,6.085038751363754,48
sign_test_cel0.1,chunk_11,148,KR,2.840853696068128,48
sign_test_cel0.1,chunk_11,148,MC,3.8262227227290473,48
sign_test_cel0.1,chunk_11,148,cosine_similarity,0.8005149215459824,48
sign_test_cel0.1,chunk_11,148,wt_mean,0.001908096077386225,48
sign_test_cel0.1,chunk_11,149,GR,5.285022683441639,48
sign_test_cel0.1,chunk_11,149,IPC,6.5045540643235045,48
sign_test_cel0.1,chunk_11,149,KR,3.3416871279478073,48
sign_test_cel0.1,chunk_11,149,MC,4.460835628211498,48
sign_test_cel0.1,chunk_11,149,cosine_similarity,0.8005147278308868,48
sign_test_cel0.1,chunk_11,149,wt_mean,0.001963340619113225,48
sign_test_cel0.1,chunk_11,150,GR,4.91452074299256,48
sign_test_cel0.1,chunk_11,150,IPC,5.867504915843408,48
sign_test_cel0.1,chunk_11,150,KR,3.0848296731710434,48
sign_test_cel0.1,chunk_11,150,MC,3.9896576553583145,48
sign_test_cel0.1,chunk_11,150,cosine_similarity,0.8005152493715286,48
sign_test_cel0.1,chunk_11,150,wt_mean,0.0019708582258317,48
sign_test_cel0.1,chunk_11,151,GR,4.350174613296986,48
sign_test_cel0.1,chunk_11,151,IPC,6.935483438273271,48
sign_test_cel0.1,chunk_11,151,KR,2.7285471335053444,48
sign_test_cel0.1,chunk_11,151,MC,4.6648180186748505,48
sign_test_cel0.1,chunk_11,151,cosine_similarity,0.8005150258541107,48
sign_test_cel0.1,chunk_11,151,wt_mean,0.00193189652054565,48
sign_test_cel0.1,chunk_11,152,GR,4.412332532306512,48
sign_test_cel0.1,chunk_11,152,IPC,5.84998810539643,48
sign_test_cel0.1,chunk_11,152,KR,2.722612830499808,48
sign_test_cel0.1,chunk_11,152,MC,3.7569598903258643,48
sign_test_cel0.1,chunk_11,152,cosine_similarity,0.8005151450634003,48
sign_test_cel0.1,chunk_11,152,wt_mean,0.0019128050480503,48
sign_test_cel0.1,chunk_11,153,GR,4.529824197292328,48
sign_test_cel0.1,chunk_11,153,IPC,6.0991811864078045,48
sign_test_cel0.1,chunk_11,153,KR,2.906373657286167,48
sign_test_cel0.1,chunk_11,153,MC,4.298692854742209,48
sign_test_cel0.1,chunk_11,153,cosine_similarity,0.8005151897668839,48
sign_test_cel0.1,chunk_11,153,wt_mean,0.00199115389841605,48
sign_test_cel0.1,chunk_12,154,GR,4.35724613815546,48
sign_test_cel0.1,chunk_12,154,IPC,6.103779974083106,48
sign_test_cel0.1,chunk_12,154,KR,2.720434027413527,48
sign_test_cel0.1,chunk_12,154,MC,4.112683147192001,48
sign_test_cel0.1,chunk_12,154,cosine_similarity,0.8005151301622391,48
sign_test_cel0.1,chunk_12,154,wt_mean,0.0019392290269024,48
sign_test_cel0.1,chunk_12,155,GR,4.252091534435749,48
sign_test_cel0.1,chunk_12,155,IPC,6.137246765196323,48
sign_test_cel0.1,chunk_12,155,KR,2.7474824115633965,48
sign_test_cel0.1,chunk_12,155,MC,4.383092413345973,48
sign_test_cel0.1,chunk_12,155,cosine_similarity,0.8005150258541107,48
sign_test_cel0.1,chunk_12,155,wt_mean,0.001891882100608175,48
sign_test_cel0.1,chunk_12,156,GR,5.078532720605533,48
sign_test_cel0.1,chunk_12,156,IPC,6.162819263835748,48
sign_test_cel0.1,chunk_12,156,KR,3.2434002260367074,48
sign_test_cel0.1,chunk_12,156,MC,4.073353702823321,48
sign_test_cel0.1,chunk_12,156,cosine_similarity,0.8005151450634003,48
sign_test_cel0.1,chunk_12,156,wt_mean,0.001841214048908975,48
sign_test_cel0.1,chunk_12,157,GR,5.301202967762947,48
sign_test_cel0.1,chunk_12,157,IPC,6.072042727222045,48
sign_test_cel0.1,chunk_12,157,KR,3.194222549597422,48
sign_test_cel0.1,chunk_12,157,MC,3.7055508121848106,48
sign_test_cel0.1,chunk_12,157,cosine_similarity,0.8005150258541107,48
sign_test_cel0.1,chunk_12,157,wt_mean,0.001968120399396825,48
sign_test_cel0.1,chunk_12,158,GR,5.616094691058,48
sign_test_cel0.1,chunk_12,158,IPC,5.189388985435168,48
sign_test_cel0.1,chunk_12,158,KR,3.5557225570082664,48
sign_test_cel0.1,chunk_12,158,MC,3.6301694388190904,48
sign_test_cel0.1,chunk_12,158,cosine_similarity,0.8005151152610779,48
sign_test_cel0.1,chunk_12,158,wt_mean,0.0020380926725919748,48
sign_test_cel0.1,chunk_12,159,GR,4.0627902547518415,48
sign_test_cel0.1,chunk_12,159,IPC,6.577714271843433,48
sign_test_cel0.1,chunk_12,159,KR,2.5836517785986266,48
sign_test_cel0.1,chunk_12,159,MC,4.999656498432159,48
sign_test_cel0.1,chunk_12,159,cosine_similarity,0.8005149960517883,48
sign_test_cel0.1,chunk_12,159,wt_mean,0.00190368006587955,48
sign_test_cel0.1,chunk_12,160,GR,4.990507600208123,48
sign_test_cel0.1,chunk_12,160,IPC,5.894097309559584,48
sign_test_cel0.1,chunk_12,160,KR,3.2198473488291106,48
sign_test_cel0.1,chunk_12,160,MC,3.778148132065932,48
sign_test_cel0.1,chunk_12,160,cosine_similarity,0.8005149960517883,48
sign_test_cel0.1,chunk_12,160,wt_mean,0.0019763747404794503,48
sign_test_cel0.1,chunk_12,161,GR,5.517313227057457,48
sign_test_cel0.1,chunk_12,161,IPC,5.913334405670564,48
sign_test_cel0.1,chunk_12,161,KR,3.3315033093094826,48
sign_test_cel0.1,chunk_12,161,MC,4.248144167164962,48
sign_test_cel0.1,chunk_12,161,cosine_similarity,0.8005150407552719,48
sign_test_cel0.1,chunk_12,161,wt_mean,0.001967040967429025,48
sign_test_cel0.1,chunk_12,162,GR,4.940420900781949,48
sign_test_cel0.1,chunk_12,162,IPC,5.970866780728102,48
sign_test_cel0.1,chunk_12,162,KR,3.1414857928951583,48
sign_test_cel0.1,chunk_12,162,MC,3.9467823381225267,48
sign_test_cel0.1,chunk_12,162,cosine_similarity,0.8005150109529495,48
sign_test_cel0.1,chunk_12,162,wt_mean,0.0018591615080367,48
sign_test_cel0.1,chunk_12,163,GR,5.133537935713927,48
sign_test_cel0.1,chunk_12,163,IPC,6.101709702362617,48
sign_test_cel0.1,chunk_12,163,KR,3.2734749615192413,48
sign_test_cel0.1,chunk_12,163,MC,4.1077767958243685,48
sign_test_cel0.1,chunk_12,163,cosine_similarity,0.8005150407552719,48
sign_test_cel0.1,chunk_12,163,wt_mean,0.001961667643627125,48
sign_test_cel0.1,chunk_12,164,GR,3.939095474779606,48
sign_test_cel0.1,chunk_12,164,IPC,5.593976474056642,48
sign_test_cel0.1,chunk_12,164,KR,2.616897001862526,48
sign_test_cel0.1,chunk_12,164,MC,3.706143006682396,48
sign_test_cel0.1,chunk_12,164,cosine_similarity,0.8005150854587555,48
sign_test_cel0.1,chunk_12,164,wt_mean,0.0019124833925161001,48
sign_test_cel0.1,chunk_12,165,GR,4.3082234760125475,48
sign_test_cel0.1,chunk_12,165,IPC,6.4064254860083265,48
sign_test_cel0.1,chunk_12,165,KR,2.7703373432159424,48
sign_test_cel0.1,chunk_12,165,MC,4.431267564495404,48
sign_test_cel0.1,chunk_12,165,cosine_similarity,0.8005151599645615,48
sign_test_cel0.1,chunk_12,165,wt_mean,0.0018605059012770252,48
sign_test_cel0.1,chunk_13,166,GR,5.275874932607015,48
sign_test_cel0.1,chunk_13,166,IPC,5.981049665560325,48
sign_test_cel0.1,chunk_13,166,KR,3.197813587884108,48
sign_test_cel0.1,chunk_13,166,MC,4.089688514669736,48
sign_test_cel0.1,chunk_13,166,cosine_similarity,0.8005150556564331,48
sign_test_cel0.1,chunk_13,166,wt_mean,0.00198779179481785,48
sign_test_cel0.1,chunk_13,167,GR,3.964702159166336,48
sign_test_cel0.1,chunk_13,167,IPC,6.076031532138586,48
sign_test_cel0.1,chunk_13,167,KR,2.6424546341101327,48
sign_test_cel0.1,chunk_13,167,MC,4.24104347328345,48
sign_test_cel0.1,chunk_13,167,cosine_similarity,0.8005150258541107,48
sign_test_cel0.1,chunk_13,167,wt_mean,0.001864706893684275,48
sign_test_cel0.1,chunk_13,168,GR,4.826472530762355,48
sign_test_cel0.1,chunk_13,168,IPC,5.507734014342229,48
sign_test_cel0.1,chunk_13,168,KR,3.0011742611726127,48
sign_test_cel0.1,chunk_13,168,MC,3.856456436216831,48
sign_test_cel0.1,chunk_13,168,cosine_similarity,0.8005150258541107,48
sign_test_cel0.1,chunk_13,168,wt_mean,0.00197340219165195,48
sign_test_cel0.1,chunk_13,169,GR,5.643745638430119,48
sign_test_cel0.1,chunk_13,169,IPC,6.100195849935214,48
sign_test_cel0.1,chunk_13,169,KR,3.469306878745556,48
sign_test_cel0.1,chunk_13,169,MC,4.098765574395657,48
sign_test_cel0.1,chunk_13,169,cosine_similarity,0.8005150258541107,48
sign_test_cel0.1,chunk_13,169,wt_mean,0.00193390247295605,48
sign_test_cel0.1,chunk_13,170,GR,5.059693006177743,48
sign_test_cel0.1,chunk_13,170,IPC,6.009930223226547,48
sign_test_cel0.1,chunk_13,170,KR,3.2866137946645417,48
sign_test_cel0.1,chunk_13,170,MC,4.207424841821194,48
sign_test_cel0.1,chunk_13,170,cosine_similarity,0.8005151003599167,48
sign_test_cel0.1,chunk_13,170,wt_mean,0.0019106188265140501,48
sign_test_cel0.1,chunk_13,171,GR,5.412202087541421,48
sign_test_cel0.1,chunk_13,171,IPC,5.27820819367965,48
sign_test_cel0.1,chunk_13,171,KR,3.3873451252778373,48
sign_test_cel0.1,chunk_13,171,MC,3.573076962182919,48
sign_test_cel0.1,chunk_13,171,cosine_similarity,0.8005151599645615,48
sign_test_cel0.1,chunk_13,171,wt_mean,0.001877171016531025,48
sign_test_cel0.1,chunk_13,172,GR,4.674278671542804,48
sign_test_cel0.1,chunk_13,172,IPC,6.284381294002135,48
sign_test_cel0.1,chunk_13,172,KR,2.9051624412337937,48
sign_test_cel0.1,chunk_13,172,MC,4.429239481687546,48
sign_test_cel0.1,chunk_13,172,cosine_similarity,0.8005151450634003,48
sign_test_cel0.1,chunk_13,172,wt_mean,0.0019857930601574,48
sign_test_cel0.1,chunk_13,173,GR,4.77241017172734,48
sign_test_cel0.1,chunk_13,173,IPC,6.311888139694929,48
sign_test_cel0.1,chunk_13,173,KR,2.964761699239413,48
sign_test_cel0.1,chunk_13,173,MC,3.9788501958052316,48
sign_test_cel0.1,chunk_13,173,cosine_similarity,0.8005149960517883,48
sign_test_cel0.1,chunk_13,173,wt_mean,0.001921003247844025,48
sign_test_cel0.1,chunk_13,174,GR,4.452229559421539,48
sign_test_cel0.1,chunk_13,174,IPC,6.430580530315638,48
sign_test_cel0.1,chunk_13,174,KR,2.779773379365603,48
sign_test_cel0.1,chunk_13,174,MC,4.478134686748187,48
sign_test_cel0.1,chunk_13,174,cosine_similarity,0.8005149513483047,48
sign_test_cel0.1,chunk_13,174,wt_mean,0.002059008576907175,48
sign_test_cel0.1,chunk_13,175,GR,4.723615835110347,48
sign_test_cel0.1,chunk_13,175,IPC,6.573960131655137,48
sign_test_cel0.1,chunk_13,175,KR,2.930827707052231,48
sign_test_cel0.1,chunk_13,175,MC,4.176343075931072,48
sign_test_cel0.1,chunk_13,175,cosine_similarity,0.8005149662494659,48
sign_test_cel0.1,chunk_13,175,wt_mean,0.0019310723873786253,48
sign_test_cel0.1,chunk_13,176,GR,4.867309699455897,48
sign_test_cel0.1,chunk_13,176,IPC,5.86981463804841,48
sign_test_cel0.1,chunk_13,176,KR,3.1599304477373757,48
sign_test_cel0.1,chunk_13,176,MC,4.186511725187302,48
sign_test_cel0.1,chunk_13,176,cosine_similarity,0.8005151003599167,48
sign_test_cel0.1,chunk_13,176,wt_mean,0.0019329697825014001,48
sign_test_cel0.1,chunk_13,177,GR,4.461173546810945,48
sign_test_cel0.1,chunk_13,177,IPC,6.338807117193937,48
sign_test_cel0.1,chunk_13,177,KR,2.874106285472711,48
sign_test_cel0.1,chunk_13,177,MC,4.133914073308309,48
sign_test_cel0.1,chunk_13,177,cosine_similarity,0.8005150407552719,48
sign_test_cel0.1,chunk_13,177,wt_mean,0.001928869372932175,48
sign_test_cel0.1,chunk_14,178,GR,4.818428655465444,48
sign_test_cel0.1,chunk_14,178,IPC,5.641341572006543,48
sign_test_cel0.1,chunk_14,178,KR,3.0221430187424025,48
sign_test_cel0.1,chunk_14,178,MC,3.90851878374815,48
sign_test_cel0.1,chunk_14,178,cosine_similarity,0.8005150109529495,48
sign_test_cel0.1,chunk_14,178,wt_mean,0.0018787343578878502,48
sign_test_cel0.1,chunk_14,179,GR,4.181575876971086,48
sign_test_cel0.1,chunk_14,179,IPC,6.1122772470116615,48
sign_test_cel0.1,chunk_14,179,KR,2.6292471761504808,48
sign_test_cel0.1,chunk_14,179,MC,4.018604042629401,48
sign_test_cel0.1,chunk_14,179,cosine_similarity,0.8005149960517883,48
sign_test_cel0.1,chunk_14,179,wt_mean,0.0019289602350908751,48
sign_test_cel0.1,chunk_14,180,GR,5.086623139679432,48
sign_test_cel0.1,chunk_14,180,IPC,6.243068822969993,48
sign_test_cel0.1,chunk_14,180,KR,2.9829258422056832,48
sign_test_cel0.1,chunk_14,180,MC,4.239862884084384,48
sign_test_cel0.1,chunk_14,180,cosine_similarity,0.8005150705575943,48
sign_test_cel0.1,chunk_14,180,wt_mean,0.0019903903303202003,48
sign_test_cel0.1,chunk_14,181,GR,5.097906609376271,48
sign_test_cel0.1,chunk_14,181,IPC,6.030942492187023,48
sign_test_cel0.1,chunk_14,181,KR,3.1874323586622872,48
sign_test_cel0.1,chunk_14,181,MC,4.381071341534455,48
sign_test_cel0.1,chunk_14,181,cosine_similarity,0.8005151152610779,48
sign_test_cel0.1,chunk_14,181,wt_mean,0.001931971899466525,48
sign_test_cel0.1,chunk_14,182,GR,4.206436845163505,48
sign_test_cel0.1,chunk_14,182,IPC,6.244406588375568,48
sign_test_cel0.1,chunk_14,182,KR,2.7290277083714805,48
sign_test_cel0.1,chunk_14,182,MC,4.432728096842766,48
sign_test_cel0.1,chunk_14,182,cosine_similarity,0.8005150258541107,48
sign_test_cel0.1,chunk_14,182,wt_mean,0.001905839773826225,48
sign_test_cel0.1,chunk_14,183,GR,4.178949050605297,48
sign_test_cel0.1,chunk_14,183,IPC,6.156368811925252,48
sign_test_cel0.1,chunk_14,183,KR,2.727680653333664,48
sign_test_cel0.1,chunk_14,183,MC,4.00268039604028,48
sign_test_cel0.1,chunk_14,183,cosine_similarity,0.8005150854587555,48
sign_test_cel0.1,chunk_14,183,wt_mean,0.0018606886733323,48
sign_test_cel0.1,chunk_14,184,GR,5.510703548789024,48
sign_test_cel0.1,chunk_14,184,IPC,6.131827277441819,48
sign_test_cel0.1,chunk_14,184,KR,3.289100617170334,48
sign_test_cel0.1,chunk_14,184,MC,4.0110475569963455,48
sign_test_cel0.1,chunk_14,184,cosine_similarity,0.8005149066448212,48
sign_test_cel0.1,chunk_14,184,wt_mean,0.001951568032382,48
sign_test_cel0.1,chunk_14,185,GR,4.539296917617321,48
sign_test_cel0.1,chunk_14,185,IPC,6.238899990916252,48
sign_test_cel0.1,chunk_14,185,KR,2.936983880897363,48
sign_test_cel0.1,chunk_14,185,MC,4.2530485689640045,48
sign_test_cel0.1,chunk_14,185,cosine_similarity,0.8005149364471436,48
sign_test_cel0.1,chunk_14,185,wt_mean,0.001949817757122175,48
sign_test_cel0.1,chunk_14,186,GR,5.100048358241717,48
sign_test_cel0.1,chunk_14,186,IPC,6.33084553728501,48
sign_test_cel0.1,chunk_14,186,KR,3.2264641573031745,48
sign_test_cel0.1,chunk_14,186,MC,4.026244496305783,48
sign_test_cel0.1,chunk_14,186,cosine_similarity,0.8005149513483047,48
sign_test_cel0.1,chunk_14,186,wt_mean,0.00199560780311,48
sign_test_cel0.1,chunk_14,187,GR,4.633939375480016,48
sign_test_cel0.1,chunk_14,187,IPC,6.137551700075467,48
sign_test_cel0.1,chunk_14,187,KR,2.90191808094581,48
sign_test_cel0.1,chunk_14,187,MC,4.2723424558838206,48
sign_test_cel0.1,chunk_14,187,cosine_similarity,0.8005150556564331,48
sign_test_cel0.1,chunk_14,187,wt_mean,0.001980421162443175,48
sign_test_cel0.1,chunk_14,188,GR,5.456891844669978,48
sign_test_cel0.1,chunk_14,188,IPC,6.42877551044027,48
sign_test_cel0.1,chunk_14,188,KR,3.32440427194039,48
sign_test_cel0.1,chunk_14,188,MC,4.4735216200351715,48
sign_test_cel0.1,chunk_14,188,cosine_similarity,0.8005150854587555,48
sign_test_cel0.1,chunk_14,188,wt_mean,0.001916470180731225,48
sign_test_cel0.1,chunk_14,189,GR,4.829399784406026,48
sign_test_cel0.1,chunk_14,189,IPC,6.360487703233957,48
sign_test_cel0.1,chunk_14,189,KR,3.1482762147982917,48
sign_test_cel0.1,chunk_14,189,MC,4.193009520570437,48
sign_test_cel0.1,chunk_14,189,cosine_similarity,0.8005150705575943,48
sign_test_cel0.1,chunk_14,189,wt_mean,0.0018761787214316,48
sign_test_cel0.1,chunk_15,190,GR,5.254160458842914,48
sign_test_cel0.1,chunk_15,190,IPC,5.360397528856993,48
sign_test_cel0.1,chunk_15,190,KR,3.2207275480031967,48
sign_test_cel0.1,chunk_15,190,MC,4.007213085889816,48
sign_test_cel0.1,chunk_15,190,cosine_similarity,0.8005149662494659,48
sign_test_cel0.1,chunk_15,190,wt_mean,0.001991534198168625,48
sign_test_cel0.1,chunk_15,191,GR,4.351652763783932,48
sign_test_cel0.1,chunk_15,191,IPC,6.528202269226313,48
sign_test_cel0.1,chunk_15,191,KR,2.762939048310121,48
sign_test_cel0.1,chunk_15,191,MC,4.4862696925799055,48
sign_test_cel0.1,chunk_15,191,cosine_similarity,0.8005149215459824,48
sign_test_cel0.1,chunk_15,191,wt_mean,0.001904561300761925,48
sign_test_cel0.1,chunk_15,192,GR,4.927037643889586,48
sign_test_cel0.1,chunk_15,192,IPC,7.185811075071494,48
sign_test_cel0.1,chunk_15,192,KR,3.107565430303415,48
sign_test_cel0.1,chunk_15,192,MC,4.869627758860588,48
sign_test_cel0.1,chunk_15,192,cosine_similarity,0.8005151748657227,48
sign_test_cel0.1,chunk_15,192,wt_mean,0.00209931700373995,48
sign_test_cel0.1,chunk_15,193,GR,4.741808399558067,48
sign_test_cel0.1,chunk_15,193,IPC,5.959425088018179,48
sign_test_cel0.1,chunk_15,193,KR,3.028470071653525,48
sign_test_cel0.1,chunk_15,193,MC,4.192881191770236,48
sign_test_cel0.1,chunk_15,193,cosine_similarity,0.8005150854587555,48
sign_test_cel0.1,chunk_15,193,wt_mean,0.0018568049126769749,48
sign_test_cel0.1,chunk_15,194,GR,5.007833868265152,48
sign_test_cel0.1,chunk_15,194,IPC,6.3351618486146135,48
sign_test_cel0.1,chunk_15,194,KR,3.025723854700724,48
sign_test_cel0.1,chunk_15,194,MC,3.8980384320020676,48
sign_test_cel0.1,chunk_15,194,cosine_similarity,0.8005151450634003,48
sign_test_cel0.1,chunk_15,194,wt_mean,0.0019155082700308002,48
sign_test_cel0.1,chunk_15,195,GR,5.584856741130352,48
sign_test_cel0.1,chunk_15,195,IPC,6.063068963587284,48
sign_test_cel0.1,chunk_15,195,KR,3.3731644625465074,48
sign_test_cel0.1,chunk_15,195,MC,3.9111292337377868,48
sign_test_cel0.1,chunk_15,195,cosine_similarity,0.8005150556564331,48
sign_test_cel0.1,chunk_15,195,wt_mean,0.0018973645928781,48
sign_test_cel0.1,chunk_15,196,GR,4.990325500567754,48
sign_test_cel0.1,chunk_15,196,IPC,6.0174821789066,48
sign_test_cel0.1,chunk_15,196,KR,3.0973114147782326,48
sign_test_cel0.1,chunk_15,196,MC,3.950506307184696,48
sign_test_cel0.1,chunk_15,196,cosine_similarity,0.8005149662494659,48
sign_test_cel0.1,chunk_15,196,wt_mean,0.001899966184282625,48
sign_test_cel0.1,chunk_15,197,GR,5.13181955118974,48
sign_test_cel0.1,chunk_15,197,IPC,5.880113964279492,48
sign_test_cel0.1,chunk_15,197,KR,3.2591200346748033,48
sign_test_cel0.1,chunk_15,197,MC,3.690867096185684,48
sign_test_cel0.1,chunk_15,197,cosine_similarity,0.8005149364471436,48
sign_test_cel0.1,chunk_15,197,wt_mean,0.0019388526561669752,48
sign_test_cel0.1,chunk_15,198,GR,5.220712624490261,48
sign_test_cel0.1,chunk_15,198,IPC,6.565055008977652,48
sign_test_cel0.1,chunk_15,198,KR,3.194294013082981,48
sign_test_cel0.1,chunk_15,198,MC,4.607975959777832,48
sign_test_cel0.1,chunk_15,198,cosine_similarity,0.8005151152610779,48
sign_test_cel0.1,chunk_15,198,wt_mean,0.0019871084659825503,48
sign_test_cel0.1,chunk_15,199,GR,5.898969349761804,48
sign_test_cel0.1,chunk_15,199,IPC,5.723112943271796,48
sign_test_cel0.1,chunk_15,199,KR,3.5980451876918473,48
sign_test_cel0.1,chunk_15,199,MC,3.833001460880041,48
sign_test_cel0.1,chunk_15,199,cosine_similarity,0.8005149364471436,48
sign_test_cel0.1,chunk_15,199,wt_mean,0.00202575331786645,48
sign_test_cel0.1,chunk_15,200,GR,4.680622470875581,48
sign_test_cel0.1,chunk_15,200,IPC,6.448317099362612,48
sign_test_cel0.1,chunk_15,200,KR,3.0206401695807776,48
sign_test_cel0.1,chunk_15,200,MC,4.445851306120555,48
sign_test_cel0.1,chunk_15,200,cosine_similarity,0.8005149215459824,48
sign_test_cel0.1,chunk_15,200,wt_mean,0.0019726814643945,48
sign_test_cel0.1,chunk_15,201,GR,6.34037284553051,48
sign_test_cel0.1,chunk_15,201,IPC,5.718524020165205,48
sign_test_cel0.1,chunk_15,201,KR,3.9541343450546265,48
sign_test_cel0.1,chunk_15,201,MC,3.9737781956791878,48
sign_test_cel0.1,chunk_15,201,cosine_similarity,0.8005149960517883,48
sign_test_cel0.1,chunk_15,201,wt_mean,0.0019407066865823749,48
sign_test_cel0.1,chunk_16,202,GR,4.468603824575742,48
sign_test_cel0.1,chunk_16,202,IPC,5.716788856933515,48
sign_test_cel0.1,chunk_16,202,KR,2.936766323943933,48
sign_test_cel0.1,chunk_16,202,MC,3.9810219878951707,48
sign_test_cel0.1,chunk_16,202,cosine_similarity,0.8005151748657227,48
sign_test_cel0.1,chunk_16,202,wt_mean,0.001828497595852175,48
sign_test_cel0.1,chunk_16,203,GR,5.232893578708172,48
sign_test_cel0.1,chunk_16,203,IPC,6.5429241334398585,48
sign_test_cel0.1,chunk_16,203,KR,3.3851299534241357,48
sign_test_cel0.1,chunk_16,203,MC,4.128279889623324,48
sign_test_cel0.1,chunk_16,203,cosine_similarity,0.8005150258541107,48
sign_test_cel0.1,chunk_16,203,wt_mean,0.001948572607943725,48
sign_test_cel0.1,chunk_16,204,GR,4.404318814476331,48
sign_test_cel0.1,chunk_16,204,IPC,6.721935982505481,48
sign_test_cel0.1,chunk_16,204,KR,2.9006708562374115,48
sign_test_cel0.1,chunk_16,204,MC,4.1984442298611,48
sign_test_cel0.1,chunk_16,204,cosine_similarity,0.8005150705575943,48
sign_test_cel0.1,chunk_16,204,wt_mean,0.0019413740665185752,48
sign_test_cel0.1,chunk_16,205,GR,5.336955959598224,48
sign_test_cel0.1,chunk_16,205,IPC,5.81281379237771,48
sign_test_cel0.1,chunk_16,205,KR,3.3599589293201766,48
sign_test_cel0.1,chunk_16,205,MC,3.976531078418096,48
sign_test_cel0.1,chunk_16,205,cosine_similarity,0.8005150556564331,48
sign_test_cel0.1,chunk_16,205,wt_mean,0.001999754545977325,48
sign_test_cel0.1,chunk_16,206,GR,4.667993565400441,48
sign_test_cel0.1,chunk_16,206,IPC,5.880675445000331,48
sign_test_cel0.1,chunk_16,206,KR,3.0075332621733346,48
sign_test_cel0.1,chunk_16,206,MC,4.057638928294182,48
sign_test_cel0.1,chunk_16,206,cosine_similarity,0.8005151450634003,48
sign_test_cel0.1,chunk_16,206,wt_mean,0.0019539140921551253,48
sign_test_cel0.1,chunk_16,207,GR,4.973208844661713,48
sign_test_cel0.1,chunk_16,207,IPC,5.417343841244777,48
sign_test_cel0.1,chunk_16,207,KR,3.120269196728865,48
sign_test_cel0.1,chunk_16,207,MC,3.730623127271732,48
sign_test_cel0.1,chunk_16,207,cosine_similarity,0.8005150556564331,48
sign_test_cel0.1,chunk_16,207,wt_mean,0.0019369116635061252,48
sign_test_cel0.1,chunk_16,208,GR,4.882757417857647,48
sign_test_cel0.1,chunk_16,208,IPC,5.673796980331342,48
sign_test_cel0.1,chunk_16,208,KR,3.094917081296444,48
sign_test_cel0.1,chunk_16,208,MC,3.9441776697834334,48
sign_test_cel0.1,chunk_16,208,cosine_similarity,0.8005150258541107,48
sign_test_cel0.1,chunk_16,208,wt_mean,0.0019340212456881248,48
sign_test_cel0.1,chunk_16,209,GR,5.678998795648416,48
sign_test_cel0.1,chunk_16,209,IPC,6.233229347815116,48
sign_test_cel0.1,chunk_16,209,KR,3.5177676950891814,48
sign_test_cel0.1,chunk_16,209,MC,4.2614287212491035,48
sign_test_cel0.1,chunk_16,209,cosine_similarity,0.8005149960517883,48
sign_test_cel0.1,chunk_16,209,wt_mean,0.0020778335165232,48
sign_test_cel0.1,chunk_16,210,GR,4.890357402463754,48
sign_test_cel0.1,chunk_16,210,IPC,6.301796779036522,48
sign_test_cel0.1,chunk_16,210,KR,3.1625479931632676,48
sign_test_cel0.1,chunk_16,210,MC,4.2969089448452,48
sign_test_cel0.1,chunk_16,210,cosine_similarity,0.8005149066448212,48
sign_test_cel0.1,chunk_16,210,wt_mean,0.002009737072512475,48
sign_test_cel0.1,chunk_16,211,GR,5.2901478211085005,48
sign_test_cel0.1,chunk_16,211,IPC,6.131248115251462,48
sign_test_cel0.1,chunk_16,211,KR,3.3556328862905502,48
sign_test_cel0.1,chunk_16,211,MC,4.568016029894352,48
sign_test_cel0.1,chunk_16,211,cosine_similarity,0.8005150556564331,48
sign_test_cel0.1,chunk_16,211,wt_mean,0.0019347659836057001,48
sign_test_cel0.1,chunk_16,212,GR,5.543572977185249,48
sign_test_cel0.1,chunk_16,212,IPC,5.587286117176215,48
sign_test_cel0.1,chunk_16,212,KR,3.4762987146774926,48
sign_test_cel0.1,chunk_16,212,MC,4.230838482578595,48
sign_test_cel0.1,chunk_16,212,cosine_similarity,0.8005151152610779,48
sign_test_cel0.1,chunk_16,212,wt_mean,0.0019949979614466,48
sign_test_cel0.1,chunk_16,213,GR,5.243502818048,48
sign_test_cel0.1,chunk_16,213,IPC,5.949565512438615,48
sign_test_cel0.1,chunk_16,213,KR,3.248691181341807,48
sign_test_cel0.1,chunk_16,213,MC,4.11443671087424,48
sign_test_cel0.1,chunk_16,213,cosine_similarity,0.8005149215459824,48
sign_test_cel0.1,chunk_16,213,wt_mean,0.001925076066981975,48
sign_test_cel0.1,chunk_17,214,GR,4.97990120947361,48
sign_test_cel0.1,chunk_17,214,IPC,6.469060180087884,48
sign_test_cel0.1,chunk_17,214,KR,3.154103102783362,48
sign_test_cel0.1,chunk_17,214,MC,4.4428708627820015,48
sign_test_cel0.1,chunk_17,214,cosine_similarity,0.8005150556564331,48
sign_test_cel0.1,chunk_17,214,wt_mean,0.001988984964555075,48
sign_test_cel0.1,chunk_17,215,GR,4.660381133357684,48
sign_test_cel0.1,chunk_17,215,IPC,5.923176282395919,48
sign_test_cel0.1,chunk_17,215,KR,2.879304602742195,48
sign_test_cel0.1,chunk_17,215,MC,3.6571032057205834,48
sign_test_cel0.1,chunk_17,215,cosine_similarity,0.8005151152610779,48
sign_test_cel0.1,chunk_17,215,wt_mean,0.0019683988939504502,48
sign_test_cel0.1,chunk_17,216,GR,4.373996357123057,48
sign_test_cel0.1,chunk_17,216,IPC,5.8412187186380224,48
sign_test_cel0.1,chunk_17,216,KR,2.805085003376007,48
sign_test_cel0.1,chunk_17,216,MC,3.90076286966602,48
sign_test_cel0.1,chunk_17,216,cosine_similarity,0.8005149662494659,48
sign_test_cel0.1,chunk_17,216,wt_mean,0.001942264527315225,48
sign_test_cel0.1,chunk_17,217,GR,5.285690764586131,48
sign_test_cel0.1,chunk_17,217,IPC,6.018090831736724,48
sign_test_cel0.1,chunk_17,217,KR,3.197658747434616,48
sign_test_cel0.1,chunk_17,217,MC,3.7956656689445176,48
sign_test_cel0.1,chunk_17,217,cosine_similarity,0.8005150407552719,48
sign_test_cel0.1,chunk_17,217,wt_mean,0.001941748254466775,48
sign_test_cel0.1,chunk_17,218,GR,5.948781229555607,48
sign_test_cel0.1,chunk_17,218,IPC,5.091974464555581,48
sign_test_cel0.1,chunk_17,218,KR,3.638234034180641,48
sign_test_cel0.1,chunk_17,218,MC,3.6074433190127215,48
sign_test_cel0.1,chunk_17,218,cosine_similarity,0.8005150854587555,48
sign_test_cel0.1,chunk_17,218,wt_mean,0.0019221160910091748,48
sign_test_cel0.1,chunk_17,219,GR,4.775496251881123,48
sign_test_cel0.1,chunk_17,219,IPC,6.165717610468467,48
sign_test_cel0.1,chunk_17,219,KR,3.0701600263516107,48
sign_test_cel0.1,chunk_17,219,MC,3.8273416608572006,48
sign_test_cel0.1,chunk_17,219,cosine_similarity,0.8005149513483047,48
sign_test_cel0.1,chunk_17,219,wt_mean,0.001909277314553,48
sign_test_cel0.1,chunk_17,220,GR,5.733531894783179,48
sign_test_cel0.1,chunk_17,220,IPC,5.586781680583954,48
sign_test_cel0.1,chunk_17,220,KR,3.594153493642807,48
sign_test_cel0.1,chunk_17,220,MC,4.121464245021343,48
sign_test_cel0.1,chunk_17,220,cosine_similarity,0.8005151152610779,48
sign_test_cel0.1,chunk_17,220,wt_mean,0.001949026976944825,48
sign_test_cel0.1,chunk_17,221,GR,4.774719359974067,48
sign_test_cel0.1,chunk_17,221,IPC,6.463543303310871,48
sign_test_cel0.1,chunk_17,221,KR,3.001087640722593,48
sign_test_cel0.1,chunk_17,221,MC,4.129730770985286,48
sign_test_cel0.1,chunk_17,221,cosine_similarity,0.800515204668045,48
sign_test_cel0.1,chunk_17,221,wt_mean,0.001984816044568975,48
sign_test_cel0.1,chunk_17,222,GR,4.642733380198479,48
sign_test_cel0.1,chunk_17,222,IPC,6.240916972359021,48
sign_test_cel0.1,chunk_17,222,KR,3.019965042670568,48
sign_test_cel0.1,chunk_17,222,MC,4.044738441705704,48
sign_test_cel0.1,chunk_17,222,cosine_similarity,0.8005150109529495,48
sign_test_cel0.1,chunk_17,222,wt_mean,0.00195705969235855,48
sign_test_cel0.1,chunk_17,223,GR,4.24768091738224,48
sign_test_cel0.1,chunk_17,223,IPC,7.014820646494627,48
sign_test_cel0.1,chunk_17,223,KR,2.684626047809919,48
sign_test_cel0.1,chunk_17,223,MC,4.800475639601548,48
sign_test_cel0.1,chunk_17,223,cosine_similarity,0.8005149662494659,48
sign_test_cel0.1,chunk_17,223,wt_mean,0.0018990961834788002,48
sign_test_cel0.1,chunk_17,224,GR,5.314056031405926,48
sign_test_cel0.1,chunk_17,224,IPC,5.88601445282499,48
sign_test_cel0.1,chunk_17,224,KR,3.420749470591545,48
sign_test_cel0.1,chunk_17,224,MC,4.054924090703328,48
sign_test_cel0.1,chunk_17,224,cosine_similarity,0.8005151301622391,48
sign_test_cel0.1,chunk_17,224,wt_mean,0.00194304515025575,48
sign_test_cel0.1,chunk_17,225,GR,5.03753712028265,48
sign_test_cel0.1,chunk_17,225,IPC,6.153942048549652,48
sign_test_cel0.1,chunk_17,225,KR,3.0295313596725464,48
sign_test_cel0.1,chunk_17,225,MC,4.183297822872798,48
sign_test_cel0.1,chunk_17,225,cosine_similarity,0.8005150258541107,48
sign_test_cel0.1,chunk_17,225,wt_mean,0.001961743197170975,48
sign_test_cel0.1,chunk_18,226,GR,5.3067514051993685,48
sign_test_cel0.1,chunk_18,226,IPC,6.32935032248497,48
sign_test_cel0.1,chunk_18,226,KR,3.2937334179878235,48
sign_test_cel0.1,chunk_18,226,MC,4.284810254971187,48
sign_test_cel0.1,chunk_18,226,cosine_similarity,0.8005150854587555,48
sign_test_cel0.1,chunk_18,226,wt_mean,0.0019401587778701752,48
sign_test_cel0.1,chunk_18,227,GR,4.800584375858307,48
sign_test_cel0.1,chunk_18,227,IPC,6.553233214964469,48
sign_test_cel0.1,chunk_18,227,KR,2.9352959717313447,48
sign_test_cel0.1,chunk_18,227,MC,4.272052804629008,48
sign_test_cel0.1,chunk_18,227,cosine_similarity,0.8005149960517883,48
sign_test_cel0.1,chunk_18,227,wt_mean,0.002010982338106175,48
sign_test_cel0.1,chunk_18,228,GR,4.385167819758256,48
sign_test_cel0.1,chunk_18,228,IPC,6.246680637200673,48
sign_test_cel0.1,chunk_18,228,KR,2.8189347560207048,48
sign_test_cel0.1,chunk_18,228,MC,4.162134965260823,48
sign_test_cel0.1,chunk_18,228,cosine_similarity,0.8005149662494659,48
sign_test_cel0.1,chunk_18,228,wt_mean,0.0019052489078603,48
sign_test_cel0.1,chunk_18,229,GR,5.007465161383152,48
sign_test_cel0.1,chunk_18,229,IPC,6.073493896673123,48
sign_test_cel0.1,chunk_18,229,KR,3.2125224148233733,48
sign_test_cel0.1,chunk_18,229,MC,4.064926154911518,48
sign_test_cel0.1,chunk_18,229,cosine_similarity,0.8005148768424988,48
sign_test_cel0.1,chunk_18,229,wt_mean,0.0019790981605182748,48
sign_test_cel0.1,chunk_18,230,GR,5.008855007588863,48
sign_test_cel0.1,chunk_18,230,IPC,5.552471357087295,48
sign_test_cel0.1,chunk_18,230,KR,3.234178272386392,48
sign_test_cel0.1,chunk_18,230,MC,4.011664189398289,48
sign_test_cel0.1,chunk_18,230,cosine_similarity,0.8005149960517883,48
sign_test_cel0.1,chunk_18,230,wt_mean,0.002006704831728675,48
sign_test_cel0.1,chunk_18,231,GR,4.185248384873073,48
sign_test_cel0.1,chunk_18,231,IPC,6.0558858054379625,48
sign_test_cel0.1,chunk_18,231,KR,2.6828611195087433,48
sign_test_cel0.1,chunk_18,231,MC,4.000319118301074,48
sign_test_cel0.1,chunk_18,231,cosine_similarity,0.8005150407552719,48
sign_test_cel0.1,chunk_18,231,wt_mean,0.0019075975869782,48
sign_test_cel0.1,chunk_18,232,GR,5.7321595797936125,48
sign_test_cel0.1,chunk_18,232,IPC,6.164501156657934,48
sign_test_cel0.1,chunk_18,232,KR,3.5819575463732085,48
sign_test_cel0.1,chunk_18,232,MC,4.384607185920079,48
sign_test_cel0.1,chunk_18,232,cosine_similarity,0.8005151003599167,48
sign_test_cel0.1,chunk_18,232,wt_mean,0.001992721226997625,48
sign_test_cel0.1,chunk_18,233,GR,5.60900632540385,48
sign_test_cel0.1,chunk_18,233,IPC,6.526957089702289,48
sign_test_cel0.1,chunk_18,233,KR,3.2222846324245134,48
sign_test_cel0.1,chunk_18,233,MC,4.435268521308899,48
sign_test_cel0.1,chunk_18,233,cosine_similarity,0.8005151003599167,48
sign_test_cel0.1,chunk_18,233,wt_mean,0.0020495616190600503,48
sign_test_cel0.1,chunk_18,234,GR,5.102500160535176,48
sign_test_cel0.1,chunk_18,234,IPC,6.1983896642923355,48
sign_test_cel0.1,chunk_18,234,KR,3.235975960890452,48
sign_test_cel0.1,chunk_18,234,MC,4.228332842389743,48
sign_test_cel0.1,chunk_18,234,cosine_similarity,0.8005150407552719,48
sign_test_cel0.1,chunk_18,234,wt_mean,0.002040259918430775,48
sign_test_cel0.1,chunk_18,235,GR,4.967978318532308,48
sign_test_cel0.1,chunk_18,235,IPC,6.024602024505536,48
sign_test_cel0.1,chunk_18,235,KR,3.067786417901516,48
sign_test_cel0.1,chunk_18,235,MC,3.927389128754536,48
sign_test_cel0.1,chunk_18,235,cosine_similarity,0.8005150854587555,48
sign_test_cel0.1,chunk_18,235,wt_mean,0.00186547983321355,48
sign_test_cel0.1,chunk_18,236,GR,4.273174906770389,48
sign_test_cel0.1,chunk_18,236,IPC,6.4080774163206415,48
sign_test_cel0.1,chunk_18,236,KR,2.7477146287759147,48
sign_test_cel0.1,chunk_18,236,MC,3.9970601995786033,48
sign_test_cel0.1,chunk_18,236,cosine_similarity,0.8005149662494659,48
sign_test_cel0.1,chunk_18,236,wt_mean,0.002013959921896425,48
sign_test_cel0.1,chunk_18,237,GR,4.941528901457787,48
sign_test_cel0.1,chunk_18,237,IPC,5.7376450051863985,48
sign_test_cel0.1,chunk_18,237,KR,3.258385310570399,48
sign_test_cel0.1,chunk_18,237,MC,4.050141088664532,48
sign_test_cel0.1,chunk_18,237,cosine_similarity,0.8005151152610779,48
sign_test_cel0.1,chunk_18,237,wt_mean,0.001978718122700175,48
sign_test_cel0.1,chunk_19,238,GR,4.603153648475806,48
sign_test_cel0.1,chunk_19,238,IPC,5.5024469420313835,48
sign_test_cel0.1,chunk_19,238,KR,2.9559593374530473,48
sign_test_cel0.1,chunk_19,238,MC,3.928477210303148,48
sign_test_cel0.1,chunk_19,238,cosine_similarity,0.8005150258541107,48
sign_test_cel0.1,chunk_19,238,wt_mean,0.0019238918903283248,48
sign_test_cel0.1,chunk_19,239,GR,5.130573995411396,48
sign_test_cel0.1,chunk_19,239,IPC,6.113110779474179,48
sign_test_cel0.1,chunk_19,239,KR,3.222219859560331,48
sign_test_cel0.1,chunk_19,239,MC,4.027953674395879,48
sign_test_cel0.1,chunk_19,239,cosine_similarity,0.8005149364471436,48
sign_test_cel0.1,chunk_19,239,wt_mean,0.0019184720295015248,48
sign_test_cel0.1,chunk_19,240,GR,4.555992633104324,48
sign_test_cel0.1,chunk_19,240,IPC,6.149380125105381,48
sign_test_cel0.1,chunk_19,240,KR,2.804478491346041,48
sign_test_cel0.1,chunk_19,240,MC,3.9677584543824196,48
sign_test_cel0.1,chunk_19,240,cosine_similarity,0.8005149513483047,48
sign_test_cel0.1,chunk_19,240,wt_mean,0.001933707215357525,48
sign_test_cel0.1,chunk_19,241,GR,5.591329671442509,48
sign_test_cel0.1,chunk_19,241,IPC,5.615511488169432,48
sign_test_cel0.1,chunk_19,241,KR,3.4411552473902702,48
sign_test_cel0.1,chunk_19,241,MC,4.085002438475688,48
sign_test_cel0.1,chunk_19,241,cosine_similarity,0.8005149215459824,48
sign_test_cel0.1,chunk_19,241,wt_mean,0.00201021440443575,48
sign_test_cel0.1,chunk_19,242,GR,4.927986579636733,48
sign_test_cel0.1,chunk_19,242,IPC,6.912440650165081,48
sign_test_cel0.1,chunk_19,242,KR,3.0208017975091934,48
sign_test_cel0.1,chunk_19,242,MC,4.188942961394787,48
sign_test_cel0.1,chunk_19,242,cosine_similarity,0.8005149513483047,48
sign_test_cel0.1,chunk_19,242,wt_mean,0.002028357965173175,48
sign_test_cel0.1,chunk_19,243,GR,4.530425901214282,48
sign_test_cel0.1,chunk_19,243,IPC,6.2588102879623575,48
sign_test_cel0.1,chunk_19,243,KR,2.8306755075852075,48
sign_test_cel0.1,chunk_19,243,MC,3.9894015192985535,48
sign_test_cel0.1,chunk_19,243,cosine_similarity,0.8005149215459824,48
sign_test_cel0.1,chunk_19,243,wt_mean,0.0019065541273448,48
sign_test_cel0.1,chunk_19,244,GR,5.190866174797217,48
sign_test_cel0.1,chunk_19,244,IPC,5.866238875935475,48
sign_test_cel0.1,chunk_19,244,KR,3.306507940093676,48
sign_test_cel0.1,chunk_19,244,MC,4.160646464675665,48
sign_test_cel0.1,chunk_19,244,cosine_similarity,0.80051489174366,48
sign_test_cel0.1,chunk_19,244,wt_mean,0.001883521268609875,48
sign_test_cel0.1,chunk_19,245,GR,4.397200753291448,48
sign_test_cel0.1,chunk_19,245,IPC,6.408156021187703,48
sign_test_cel0.1,chunk_19,245,KR,2.928984766205152,48
sign_test_cel0.1,chunk_19,245,MC,4.3610249410072965,48
sign_test_cel0.1,chunk_19,245,cosine_similarity,0.8005147874355316,48
sign_test_cel0.1,chunk_19,245,wt_mean,0.001901823765365375,48
sign_test_cel0.1,chunk_19,246,GR,5.0117631157239275,48
sign_test_cel0.1,chunk_19,246,IPC,5.955150369554758,48
sign_test_cel0.1,chunk_19,246,KR,3.133964717388153,48
sign_test_cel0.1,chunk_19,246,MC,4.189675611754258,48
sign_test_cel0.1,chunk_19,246,cosine_similarity,0.8005150258541107,48
sign_test_cel0.1,chunk_19,246,wt_mean,0.0019218374800402248,48
sign_test_cel0.1,chunk_19,247,GR,4.680838584899902,48
sign_test_cel0.1,chunk_19,247,IPC,6.031871194640796,48
sign_test_cel0.1,chunk_19,247,KR,3.0097798680265746,48
sign_test_cel0.1,chunk_19,247,MC,4.171023264527321,48
sign_test_cel0.1,chunk_19,247,cosine_similarity,0.8005149215459824,48
sign_test_cel0.1,chunk_19,247,wt_mean,0.0019017018785234,48
sign_test_cel0.1,chunk_19,248,GR,4.372862309217453,48
sign_test_cel0.1,chunk_19,248,IPC,6.827384343991677,48
sign_test_cel0.1,chunk_19,248,KR,2.814367694159349,48
sign_test_cel0.1,chunk_19,248,MC,4.634843612710635,48
sign_test_cel0.1,chunk_19,248,cosine_similarity,0.8005150407552719,48
sign_test_cel0.1,chunk_19,248,wt_mean,0.0019760350696742,48
sign_test_cel0.1,chunk_19,249,GR,4.4118824899196625,48
sign_test_cel0.1,chunk_19,249,IPC,6.280525018771489,48
sign_test_cel0.1,chunk_19,249,KR,2.763669788837433,48
sign_test_cel0.1,chunk_19,249,MC,3.983125443259875,48
sign_test_cel0.1,chunk_19,249,cosine_similarity,0.8005150854587555,48
sign_test_cel0.1,chunk_19,249,wt_mean,0.001910377788590225,48
sign_test_cel0.1,chunk_2,26,GR,5.636772163212299,48
sign_test_cel0.1,chunk_2,26,IPC,5.225475911051035,48
sign_test_cel0.1,chunk_2,26,KR,3.447633537153403,48
sign_test_cel0.1,chunk_2,26,MC,3.9661330009500184,48
sign_test_cel0.1,chunk_2,26,cosine_similarity,0.8005148619413376,48
sign_test_cel0.1,chunk_2,26,wt_mean,0.00191680493298915,48
sign_test_cel0.1,chunk_2,27,GR,4.046559914946556,48
sign_test_cel0.1,chunk_2,27,IPC,6.301691067715486,48
sign_test_cel0.1,chunk_2,27,KR,2.6821340744694075,48
sign_test_cel0.1,chunk_2,27,MC,4.344450205564499,48
sign_test_cel0.1,chunk_2,27,cosine_similarity,0.8005150258541107,48
sign_test_cel0.1,chunk_2,27,wt_mean,0.0019044409855268252,48
sign_test_cel0.1,chunk_2,28,GR,5.533627778291702,48
sign_test_cel0.1,chunk_2,28,IPC,5.9860897560914355,48
sign_test_cel0.1,chunk_2,28,KR,3.3951658755540848,48
sign_test_cel0.1,chunk_2,28,MC,4.339275633295377,48
sign_test_cel0.1,chunk_2,28,cosine_similarity,0.8005149364471436,48
sign_test_cel0.1,chunk_2,28,wt_mean,0.0019721583812497,48
sign_test_cel0.1,chunk_2,29,GR,4.728129295011361,48
sign_test_cel0.1,chunk_2,29,IPC,5.46898649012049,48
sign_test_cel0.1,chunk_2,29,KR,2.9407353550195694,48
sign_test_cel0.1,chunk_2,29,MC,3.778901383280754,48
sign_test_cel0.1,chunk_2,29,cosine_similarity,0.8005151152610779,48
sign_test_cel0.1,chunk_2,29,wt_mean,0.0019395216950215,48
sign_test_cel0.1,chunk_2,30,GR,4.784150838851929,48
sign_test_cel0.1,chunk_2,30,IPC,5.555832716325919,48
sign_test_cel0.1,chunk_2,30,KR,3.0263400624195733,48
sign_test_cel0.1,chunk_2,30,MC,4.013667528827985,48
sign_test_cel0.1,chunk_2,30,cosine_similarity,0.8005151450634003,48
sign_test_cel0.1,chunk_2,30,wt_mean,0.001920514041557875,48
sign_test_cel0.1,chunk_2,31,GR,4.198389860490958,48
sign_test_cel0.1,chunk_2,31,IPC,5.368682447820902,48
sign_test_cel0.1,chunk_2,31,KR,2.7167577718695006,48
sign_test_cel0.1,chunk_2,31,MC,3.8089357850452266,48
sign_test_cel0.1,chunk_2,31,cosine_similarity,0.800515204668045,48
sign_test_cel0.1,chunk_2,31,wt_mean,0.0018901310977525749,48
sign_test_cel0.1,chunk_2,32,GR,4.863111101090908,48
sign_test_cel0.1,chunk_2,32,IPC,6.150113797436158,48
sign_test_cel0.1,chunk_2,32,KR,3.1357929507891336,48
sign_test_cel0.1,chunk_2,32,MC,4.417861841619015,48
sign_test_cel0.1,chunk_2,32,cosine_similarity,0.8005149513483047,48
sign_test_cel0.1,chunk_2,32,wt_mean,0.0020091020560357,48
sign_test_cel0.1,chunk_2,33,GR,4.544582722087701,48
sign_test_cel0.1,chunk_2,33,IPC,6.57530311619242,48
sign_test_cel0.1,chunk_2,33,KR,3.0084414233764014,48
sign_test_cel0.1,chunk_2,33,MC,4.615800542136033,48
sign_test_cel0.1,chunk_2,33,cosine_similarity,0.8005149364471436,48
sign_test_cel0.1,chunk_2,33,wt_mean,0.0019650501199066253,48
sign_test_cel0.1,chunk_2,34,GR,4.4028011709451675,48
sign_test_cel0.1,chunk_2,34,IPC,6.001628252367179,48
sign_test_cel0.1,chunk_2,34,KR,2.872415835658709,48
sign_test_cel0.1,chunk_2,34,MC,4.113667219877243,48
sign_test_cel0.1,chunk_2,34,cosine_similarity,0.8005150705575943,48
sign_test_cel0.1,chunk_2,34,wt_mean,0.00188911703298795,48
sign_test_cel0.1,chunk_2,35,GR,4.741829154392083,48
sign_test_cel0.1,chunk_2,35,IPC,5.537587247788906,48
sign_test_cel0.1,chunk_2,35,KR,3.02294430633386,48
sign_test_cel0.1,chunk_2,35,MC,3.9981463104486465,48
sign_test_cel0.1,chunk_2,35,cosine_similarity,0.8005149066448212,48
sign_test_cel0.1,chunk_2,35,wt_mean,0.0019286638416815,48
sign_test_cel0.1,chunk_2,36,GR,4.382877471546332,48
sign_test_cel0.1,chunk_2,36,IPC,6.452830284833908,48
sign_test_cel0.1,chunk_2,36,KR,2.762651041150093,48
sign_test_cel0.1,chunk_2,36,MC,4.318020075559616,48
sign_test_cel0.1,chunk_2,36,cosine_similarity,0.8005150258541107,48
sign_test_cel0.1,chunk_2,36,wt_mean,0.001955542684299825,48
sign_test_cel0.1,chunk_2,37,GR,4.799783031145732,48
sign_test_cel0.1,chunk_2,37,IPC,6.424795612692833,48
sign_test_cel0.1,chunk_2,37,KR,3.0177597974737487,48
sign_test_cel0.1,chunk_2,37,MC,4.326135349770387,48
sign_test_cel0.1,chunk_2,37,cosine_similarity,0.8005148321390152,48
sign_test_cel0.1,chunk_2,37,wt_mean,0.00198128650663415,48
sign_test_cel0.1,chunk_2,38,GR,4.125006092091401,48
sign_test_cel0.1,chunk_2,38,IPC,6.050614160796006,48
sign_test_cel0.1,chunk_2,38,KR,2.702496533592542,48
sign_test_cel0.1,chunk_2,38,MC,4.060701926549275,48
sign_test_cel0.1,chunk_2,38,cosine_similarity,0.8005151301622391,48
sign_test_cel0.1,chunk_2,38,wt_mean,0.001810191955883025,48
sign_test_cel0.1,chunk_3,39,GR,4.377527018388112,48
sign_test_cel0.1,chunk_3,39,IPC,6.517378106713295,48
sign_test_cel0.1,chunk_3,39,KR,2.7098797460397086,48
sign_test_cel0.1,chunk_3,39,MC,4.195673058430354,48
sign_test_cel0.1,chunk_3,39,cosine_similarity,0.8005151301622391,48
sign_test_cel0.1,chunk_3,39,wt_mean,0.0018733926699496001,48
sign_test_cel0.1,chunk_3,40,GR,5.034361784656842,48
sign_test_cel0.1,chunk_3,40,IPC,5.706419383486112,48
sign_test_cel0.1,chunk_3,40,KR,3.2486225441098213,48
sign_test_cel0.1,chunk_3,40,MC,3.7574098159869513,48
sign_test_cel0.1,chunk_3,40,cosine_similarity,0.8005149662494659,48
sign_test_cel0.1,chunk_3,40,wt_mean,0.0018965734925586,48
sign_test_cel0.1,chunk_3,41,GR,4.8230031207203865,48
sign_test_cel0.1,chunk_3,41,IPC,5.659373577684164,48
sign_test_cel0.1,chunk_3,41,KR,2.9818448026974997,48
sign_test_cel0.1,chunk_3,41,MC,3.975056104362011,48
sign_test_cel0.1,chunk_3,41,cosine_similarity,0.8005151450634003,48
sign_test_cel0.1,chunk_3,41,wt_mean,0.0019113087037112,48
sign_test_cel0.1,chunk_3,42,GR,4.468491390347481,48
sign_test_cel0.1,chunk_3,42,IPC,6.438219516227643,48
sign_test_cel0.1,chunk_3,42,KR,2.789621519545714,48
sign_test_cel0.1,chunk_3,42,MC,4.103291571140289,48
sign_test_cel0.1,chunk_3,42,cosine_similarity,0.8005150258541107,48
sign_test_cel0.1,chunk_3,42,wt_mean,0.001893522276077375,48
sign_test_cel0.1,chunk_3,43,GR,5.295238417883714,48
sign_test_cel0.1,chunk_3,43,IPC,6.517738102624814,48
sign_test_cel0.1,chunk_3,43,KR,3.2623406499624252,48
sign_test_cel0.1,chunk_3,43,MC,4.85503605256478,48
sign_test_cel0.1,chunk_3,43,cosine_similarity,0.80051489174366,48
sign_test_cel0.1,chunk_3,43,wt_mean,0.0018984096823259752,48
sign_test_cel0.1,chunk_3,44,GR,3.9889105707406998,48
sign_test_cel0.1,chunk_3,44,IPC,6.012600692609946,48
sign_test_cel0.1,chunk_3,44,KR,2.6143852521975837,48
sign_test_cel0.1,chunk_3,44,MC,4.272288665175438,48
sign_test_cel0.1,chunk_3,44,cosine_similarity,0.8005152493715286,48
sign_test_cel0.1,chunk_3,44,wt_mean,0.001873508474090975,48
sign_test_cel0.1,chunk_3,45,GR,4.663515927890937,48
sign_test_cel0.1,chunk_3,45,IPC,6.7874361872673035,48
sign_test_cel0.1,chunk_3,45,KR,3.034092272321383,48
sign_test_cel0.1,chunk_3,45,MC,4.501499126354854,48
sign_test_cel0.1,chunk_3,45,cosine_similarity,0.8005150854587555,48
sign_test_cel0.1,chunk_3,45,wt_mean,0.0020708709780592,48
sign_test_cel0.1,chunk_3,46,GR,4.785834709803264,48
sign_test_cel0.1,chunk_3,46,IPC,6.138387358436982,48
sign_test_cel0.1,chunk_3,46,KR,3.080721798042456,48
sign_test_cel0.1,chunk_3,46,MC,4.071799869338672,48
sign_test_cel0.1,chunk_3,46,cosine_similarity,0.8005149960517883,48
sign_test_cel0.1,chunk_3,46,wt_mean,0.0019078135082963002,48
sign_test_cel0.1,chunk_3,47,GR,5.4928135350346565,48
sign_test_cel0.1,chunk_3,47,IPC,6.449752050141494,48
sign_test_cel0.1,chunk_3,47,KR,3.3461770365635553,48
sign_test_cel0.1,chunk_3,47,MC,4.265247950951259,48
sign_test_cel0.1,chunk_3,47,cosine_similarity,0.8005151748657227,48
sign_test_cel0.1,chunk_3,47,wt_mean,0.00203826854703945,48
sign_test_cel0.1,chunk_3,48,GR,5.950258115927379,48
sign_test_cel0.1,chunk_3,48,IPC,5.891926900794108,48
sign_test_cel0.1,chunk_3,48,KR,3.633473426103592,48
sign_test_cel0.1,chunk_3,48,MC,3.78787250071764,48
sign_test_cel0.1,chunk_3,48,cosine_similarity,0.8005151003599167,48
sign_test_cel0.1,chunk_3,48,wt_mean,0.0019901156774721498,48
sign_test_cel0.1,chunk_3,49,GR,4.7387788618604345,48
sign_test_cel0.1,chunk_3,49,IPC,6.140339796741803,48
sign_test_cel0.1,chunk_3,49,KR,3.0005026161670685,48
sign_test_cel0.1,chunk_3,49,MC,3.746231789390246,48
sign_test_cel0.1,chunk_3,49,cosine_similarity,0.8005151003599167,48
sign_test_cel0.1,chunk_3,49,wt_mean,0.0019673491769935498,48
sign_test_cel0.1,chunk_3,50,GR,4.362033133705457,48
sign_test_cel0.1,chunk_3,50,IPC,6.507265020161867,48
sign_test_cel0.1,chunk_3,50,KR,2.879667637248834,48
sign_test_cel0.1,chunk_3,50,MC,4.243952549993992,48
sign_test_cel0.1,chunk_3,50,cosine_similarity,0.8005151450634003,48
sign_test_cel0.1,chunk_3,50,wt_mean,0.0020392707665450502,48
sign_test_cel0.1,chunk_3,51,GR,4.622562239567439,48
sign_test_cel0.1,chunk_3,51,IPC,5.488507176438968,48
sign_test_cel0.1,chunk_3,51,KR,2.976826846599579,48
sign_test_cel0.1,chunk_3,51,MC,3.8924514278769493,48
sign_test_cel0.1,chunk_3,51,cosine_similarity,0.8005149215459824,48
sign_test_cel0.1,chunk_3,51,wt_mean,0.0019329641363583,48
sign_test_cel0.1,chunk_4,52,GR,4.6504552985231085,48
sign_test_cel0.1,chunk_4,52,IPC,6.0848062336444855,48
sign_test_cel0.1,chunk_4,52,KR,3.0338483105103173,48
sign_test_cel0.1,chunk_4,52,MC,3.8954020589590073,48
sign_test_cel0.1,chunk_4,52,cosine_similarity,0.8005151897668839,48
sign_test_cel0.1,chunk_4,52,wt_mean,0.001957452041096925,48
sign_test_cel0.1,chunk_4,53,GR,5.1473712374766665,48
sign_test_cel0.1,chunk_4,53,IPC,5.620353062947591,48
sign_test_cel0.1,chunk_4,53,KR,3.1951490119099617,48
sign_test_cel0.1,chunk_4,53,MC,3.6982986393074193,48
sign_test_cel0.1,chunk_4,53,cosine_similarity,0.8005149811506271,48
sign_test_cel0.1,chunk_4,53,wt_mean,0.001958703622221875,48
sign_test_cel0.1,chunk_4,54,GR,4.288005076348782,48
sign_test_cel0.1,chunk_4,54,IPC,6.356651363273461,48
sign_test_cel0.1,chunk_4,54,KR,2.6928404197096825,48
sign_test_cel0.1,chunk_4,54,MC,4.154733166098595,48
sign_test_cel0.1,chunk_4,54,cosine_similarity,0.8005149215459824,48
sign_test_cel0.1,chunk_4,54,wt_mean,0.001920728740515125,48
sign_test_cel0.1,chunk_4,55,GR,4.551345897217591,48
sign_test_cel0.1,chunk_4,55,IPC,6.044660430401564,48
sign_test_cel0.1,chunk_4,55,KR,2.8820746143658957,48
sign_test_cel0.1,chunk_4,55,MC,3.9603542536497116,48
sign_test_cel0.1,chunk_4,55,cosine_similarity,0.8005149662494659,48
sign_test_cel0.1,chunk_4,55,wt_mean,0.00194218894466755,48
sign_test_cel0.1,chunk_4,56,GR,3.8465677251418433,48
sign_test_cel0.1,chunk_4,56,IPC,5.722031286607186,48
sign_test_cel0.1,chunk_4,56,KR,2.512695223093033,48
sign_test_cel0.1,chunk_4,56,MC,4.139469675719738,48
sign_test_cel0.1,chunk_4,56,cosine_similarity,0.8005151003599167,48
sign_test_cel0.1,chunk_4,56,wt_mean,0.0019383425242267252,48
sign_test_cel0.1,chunk_4,57,GR,5.063538846870263,48
sign_test_cel0.1,chunk_4,57,IPC,5.7103925334910555,48
sign_test_cel0.1,chunk_4,57,KR,3.224687345325947,48
sign_test_cel0.1,chunk_4,57,MC,3.7384902387857437,48
sign_test_cel0.1,chunk_4,57,cosine_similarity,0.8005150705575943,48
sign_test_cel0.1,chunk_4,57,wt_mean,0.0018584385397843503,48
sign_test_cel0.1,chunk_4,58,GR,4.303918560345967,48
sign_test_cel0.1,chunk_4,58,IPC,5.630152868727843,48
sign_test_cel0.1,chunk_4,58,KR,2.82473886013031,48
sign_test_cel0.1,chunk_4,58,MC,3.7067420184612274,48
sign_test_cel0.1,chunk_4,58,cosine_similarity,0.8005151748657227,48
sign_test_cel0.1,chunk_4,58,wt_mean,0.0019099445198662,48
sign_test_cel0.1,chunk_4,59,GR,5.103508611520131,48
sign_test_cel0.1,chunk_4,59,IPC,6.726686308781306,48
sign_test_cel0.1,chunk_4,59,KR,3.057474652926127,48
sign_test_cel0.1,chunk_4,59,MC,4.486015198131402,48
sign_test_cel0.1,chunk_4,59,cosine_similarity,0.8005149811506271,48
sign_test_cel0.1,chunk_4,59,wt_mean,0.0019385365885681751,48
sign_test_cel0.1,chunk_4,60,GR,4.9915842314561205,48
sign_test_cel0.1,chunk_4,60,IPC,5.849230901648601,48
sign_test_cel0.1,chunk_4,60,KR,3.199429968992869,48
sign_test_cel0.1,chunk_4,60,MC,4.084200118978818,48
sign_test_cel0.1,chunk_4,60,cosine_similarity,0.8005149662494659,48
sign_test_cel0.1,chunk_4,60,wt_mean,0.0019753040978684497,48
sign_test_cel0.1,chunk_4,61,GR,5.727733102937539,48
sign_test_cel0.1,chunk_4,61,IPC,5.4273327973981695,48
sign_test_cel0.1,chunk_4,61,KR,3.4404209926724434,48
sign_test_cel0.1,chunk_4,61,MC,3.501372924695412,48
sign_test_cel0.1,chunk_4,61,cosine_similarity,0.8005150407552719,48
sign_test_cel0.1,chunk_4,61,wt_mean,0.0018829422770067748,48
sign_test_cel0.1,chunk_4,62,GR,5.283911680181821,48
sign_test_cel0.1,chunk_4,62,IPC,6.490175707886617,48
sign_test_cel0.1,chunk_4,62,KR,3.2596104939778647,48
sign_test_cel0.1,chunk_4,62,MC,4.668483654658,48
sign_test_cel0.1,chunk_4,62,cosine_similarity,0.8005150705575943,48
sign_test_cel0.1,chunk_4,62,wt_mean,0.0019738416012841753,48
sign_test_cel0.1,chunk_4,63,GR,4.084697224199772,48
sign_test_cel0.1,chunk_4,63,IPC,6.399867194394271,48
sign_test_cel0.1,chunk_4,63,KR,2.69119706004858,48
sign_test_cel0.1,chunk_4,63,MC,3.955672286450863,48
sign_test_cel0.1,chunk_4,63,cosine_similarity,0.8005150556564331,48
sign_test_cel0.1,chunk_4,63,wt_mean,0.00191786163486535,48
sign_test_cel0.1,chunk_4,64,GR,5.294434192279975,48
sign_test_cel0.1,chunk_4,64,IPC,6.009586280832688,48
sign_test_cel0.1,chunk_4,64,KR,3.4356500084201493,48
sign_test_cel0.1,chunk_4,64,MC,4.045202697316806,48
sign_test_cel0.1,chunk_4,64,cosine_similarity,0.8005151748657227,48
sign_test_cel0.1,chunk_4,64,wt_mean,0.0019599617226049,48
sign_test_cel0.1,chunk_5,65,GR,4.929568029940128,48
sign_test_cel0.1,chunk_5,65,IPC,7.440277352929115,48
sign_test_cel0.1,chunk_5,65,KR,2.9959981590509415,48
sign_test_cel0.1,chunk_5,65,MC,5.113741680979729,48
sign_test_cel0.1,chunk_5,65,cosine_similarity,0.8005151003599167,48
sign_test_cel0.1,chunk_5,65,wt_mean,0.002031641022767825,48
sign_test_cel0.1,chunk_5,66,GR,4.037871355811755,48
sign_test_cel0.1,chunk_5,66,IPC,6.5433155708014965,48
sign_test_cel0.1,chunk_5,66,KR,2.6510784750183425,48
sign_test_cel0.1,chunk_5,66,MC,4.1833911289771395,48
sign_test_cel0.1,chunk_5,66,cosine_similarity,0.8005150556564331,48
sign_test_cel0.1,chunk_5,66,wt_mean,0.001910955383209475,48
sign_test_cel0.1,chunk_5,67,GR,4.362068625787894,48
sign_test_cel0.1,chunk_5,67,IPC,6.8430511218806105,48
sign_test_cel0.1,chunk_5,67,KR,2.8003826116522155,48
sign_test_cel0.1,chunk_5,67,MC,4.515335395932198,48
sign_test_cel0.1,chunk_5,67,cosine_similarity,0.8005151897668839,48
sign_test_cel0.1,chunk_5,67,wt_mean,0.001912624342367,48
sign_test_cel0.1,chunk_5,68,GR,4.750320653120677,48
sign_test_cel0.1,chunk_5,68,IPC,6.125321624179681,48
sign_test_cel0.1,chunk_5,68,KR,3.038197504977385,48
sign_test_cel0.1,chunk_5,68,MC,4.3231769154469175,48
sign_test_cel0.1,chunk_5,68,cosine_similarity,0.8005151003599167,48
sign_test_cel0.1,chunk_5,68,wt_mean,0.001955146464752,48
sign_test_cel0.1,chunk_5,69,GR,4.519732264180978,48
sign_test_cel0.1,chunk_5,69,IPC,5.9764549272755785,48
sign_test_cel0.1,chunk_5,69,KR,2.8780684943000474,48
sign_test_cel0.1,chunk_5,69,MC,4.006599153081576,48
sign_test_cel0.1,chunk_5,69,cosine_similarity,0.8005151450634003,48
sign_test_cel0.1,chunk_5,69,wt_mean,0.001981984212761675,48
sign_test_cel0.1,chunk_5,70,GR,4.938892605404059,48
sign_test_cel0.1,chunk_5,70,IPC,6.454596082369487,48
sign_test_cel0.1,chunk_5,70,KR,3.1559465875228248,48
sign_test_cel0.1,chunk_5,70,MC,4.208400497833888,48
sign_test_cel0.1,chunk_5,70,cosine_similarity,0.8005150109529495,48
sign_test_cel0.1,chunk_5,70,wt_mean,0.0019012780394404751,48
sign_test_cel0.1,chunk_5,71,GR,5.226425784329574,48
sign_test_cel0.1,chunk_5,71,IPC,6.01001833875974,48
sign_test_cel0.1,chunk_5,71,KR,3.2690971344709396,48
sign_test_cel0.1,chunk_5,71,MC,3.966321673244238,48
sign_test_cel0.1,chunk_5,71,cosine_similarity,0.8005151897668839,48
sign_test_cel0.1,chunk_5,71,wt_mean,0.0018940085137728248,48
sign_test_cel0.1,chunk_5,72,GR,5.030043872694175,48
sign_test_cel0.1,chunk_5,72,IPC,6.058164820075035,48
sign_test_cel0.1,chunk_5,72,KR,3.1798364371061325,48
sign_test_cel0.1,chunk_5,72,MC,4.222281490763028,48
sign_test_cel0.1,chunk_5,72,cosine_similarity,0.8005150109529495,48
sign_test_cel0.1,chunk_5,72,wt_mean,0.001951337937498425,48
sign_test_cel0.1,chunk_5,73,GR,4.813475742936134,48
sign_test_cel0.1,chunk_5,73,IPC,5.606477292875449,48
sign_test_cel0.1,chunk_5,73,KR,3.034153071542581,48
sign_test_cel0.1,chunk_5,73,MC,3.8232924292484918,48
sign_test_cel0.1,chunk_5,73,cosine_similarity,0.8005150258541107,48
sign_test_cel0.1,chunk_5,73,wt_mean,0.001914883090648775,48
sign_test_cel0.1,chunk_5,74,GR,4.581633768975735,48
sign_test_cel0.1,chunk_5,74,IPC,6.453629042953253,48
sign_test_cel0.1,chunk_5,74,KR,3.041255568464597,48
sign_test_cel0.1,chunk_5,74,MC,4.293863510092099,48
sign_test_cel0.1,chunk_5,74,cosine_similarity,0.8005151152610779,48
sign_test_cel0.1,chunk_5,74,wt_mean,0.0018326280696782753,48
sign_test_cel0.1,chunk_5,75,GR,4.759719970325629,48
sign_test_cel0.1,chunk_5,75,IPC,6.5043722453216715,48
sign_test_cel0.1,chunk_5,75,KR,2.9973096971710524,48
sign_test_cel0.1,chunk_5,75,MC,4.33467332025369,48
sign_test_cel0.1,chunk_5,75,cosine_similarity,0.8005149513483047,48
sign_test_cel0.1,chunk_5,75,wt_mean,0.001998695224756325,48
sign_test_cel0.1,chunk_5,76,GR,4.512148092190425,48
sign_test_cel0.1,chunk_5,76,IPC,6.241924957682689,48
sign_test_cel0.1,chunk_5,76,KR,2.83081133912007,48
sign_test_cel0.1,chunk_5,76,MC,4.258917858203252,48
sign_test_cel0.1,chunk_5,76,cosine_similarity,0.8005150854587555,48
sign_test_cel0.1,chunk_5,76,wt_mean,0.0018868571496567998,48
sign_test_cel0.1,chunk_5,77,GR,4.671008425454299,48
sign_test_cel0.1,chunk_5,77,IPC,6.532543279230595,48
sign_test_cel0.1,chunk_5,77,KR,2.9034574727217355,48
sign_test_cel0.1,chunk_5,77,MC,4.560620511571567,48
sign_test_cel0.1,chunk_5,77,cosine_similarity,0.8005151748657227,48
sign_test_cel0.1,chunk_5,77,wt_mean,0.0019421606266405,48
sign_test_cel0.1,chunk_6,78,GR,4.856170090536277,48
sign_test_cel0.1,chunk_6,78,IPC,6.05699057256182,48
sign_test_cel0.1,chunk_6,78,KR,3.057173470656077,48
sign_test_cel0.1,chunk_6,78,MC,4.420961360136668,48
sign_test_cel0.1,chunk_6,78,cosine_similarity,0.8005149364471436,48
sign_test_cel0.1,chunk_6,78,wt_mean,0.002024832559982275,48
sign_test_cel0.1,chunk_6,79,GR,4.5001628423730535,48
sign_test_cel0.1,chunk_6,79,IPC,6.397826302796602,48
sign_test_cel0.1,chunk_6,79,KR,2.836691210667292,48
sign_test_cel0.1,chunk_6,79,MC,4.501605048775673,48
sign_test_cel0.1,chunk_6,79,cosine_similarity,0.8005151003599167,48
sign_test_cel0.1,chunk_6,79,wt_mean,0.001857560215285,48
sign_test_cel0.1,chunk_6,80,GR,5.304419182240963,48
sign_test_cel0.1,chunk_6,80,IPC,6.3367066234350204,48
sign_test_cel0.1,chunk_6,80,KR,3.3216389442483583,48
sign_test_cel0.1,chunk_6,80,MC,4.2032891636093455,48
sign_test_cel0.1,chunk_6,80,cosine_similarity,0.8005150258541107,48
sign_test_cel0.1,chunk_6,80,wt_mean,0.0018772860930766251,48
sign_test_cel0.1,chunk_6,81,GR,5.19454700499773,48
sign_test_cel0.1,chunk_6,81,IPC,5.942504900197188,48
sign_test_cel0.1,chunk_6,81,KR,3.2329026932517686,48
sign_test_cel0.1,chunk_6,81,MC,4.182120233774185,48
sign_test_cel0.1,chunk_6,81,cosine_similarity,0.8005149662494659,48
sign_test_cel0.1,chunk_6,81,wt_mean,0.0019922797509934,48
sign_test_cel0.1,chunk_6,82,GR,4.732824109494686,48
sign_test_cel0.1,chunk_6,82,IPC,6.424414775023858,48
sign_test_cel0.1,chunk_6,82,KR,2.983083670337995,48
sign_test_cel0.1,chunk_6,82,MC,4.461409131685893,48
sign_test_cel0.1,chunk_6,82,cosine_similarity,0.8005151152610779,48
sign_test_cel0.1,chunk_6,82,wt_mean,0.001990002550883175,48
sign_test_cel0.1,chunk_6,83,GR,4.526044689118862,48
sign_test_cel0.1,chunk_6,83,IPC,6.143861593057712,48
sign_test_cel0.1,chunk_6,83,KR,2.815544212857882,48
sign_test_cel0.1,chunk_6,83,MC,3.916527452568213,48
sign_test_cel0.1,chunk_6,83,cosine_similarity,0.8005150258541107,48
sign_test_cel0.1,chunk_6,83,wt_mean,0.00193385689635755,48
sign_test_cel0.1,chunk_6,84,GR,4.287776706119378,48
sign_test_cel0.1,chunk_6,84,IPC,6.33961359038949,48
sign_test_cel0.1,chunk_6,84,KR,2.6831904277205467,48
sign_test_cel0.1,chunk_6,84,MC,4.170562259852886,48
sign_test_cel0.1,chunk_6,84,cosine_similarity,0.800514742732048,48
sign_test_cel0.1,chunk_6,84,wt_mean,0.00193936502910215,48
sign_test_cel0.1,chunk_6,85,GR,4.437435309092204,48
sign_test_cel0.1,chunk_6,85,IPC,5.931503026435773,48
sign_test_cel0.1,chunk_6,85,KR,2.8567584877212844,48
sign_test_cel0.1,chunk_6,85,MC,3.9072306901216507,48
sign_test_cel0.1,chunk_6,85,cosine_similarity,0.8005152195692062,48
sign_test_cel0.1,chunk_6,85,wt_mean,0.0019145833794027,48
sign_test_cel0.1,chunk_6,86,GR,3.9108679989973703,48
sign_test_cel0.1,chunk_6,86,IPC,6.784768809874852,48
sign_test_cel0.1,chunk_6,86,KR,2.5654496401548386,48
sign_test_cel0.1,chunk_6,86,MC,4.409687355160713,48
sign_test_cel0.1,chunk_6,86,cosine_similarity,0.8005151748657227,48
sign_test_cel0.1,chunk_6,86,wt_mean,0.001969425793504275,48
sign_test_cel0.1,chunk_6,87,GR,4.42585592965285,48
sign_test_cel0.1,chunk_6,87,IPC,5.840761352330446,48
sign_test_cel0.1,chunk_6,87,KR,2.779949446519216,48
sign_test_cel0.1,chunk_6,87,MC,3.971712609132131,48
sign_test_cel0.1,chunk_6,87,cosine_similarity,0.8005151152610779,48
sign_test_cel0.1,chunk_6,87,wt_mean,0.0019140089862048001,48
sign_test_cel0.1,chunk_6,88,GR,4.715866796672344,48
sign_test_cel0.1,chunk_6,88,IPC,5.762092600266139,48
sign_test_cel0.1,chunk_6,88,KR,3.007820395131906,48
sign_test_cel0.1,chunk_6,88,MC,4.312127210199833,48
sign_test_cel0.1,chunk_6,88,cosine_similarity,0.8005150407552719,48
sign_test_cel0.1,chunk_6,88,wt_mean,0.0018869749037548498,48
sign_test_cel0.1,chunk_6,89,GR,4.619614653289318,48
sign_test_cel0.1,chunk_6,89,IPC,5.94845224916935,48
sign_test_cel0.1,chunk_6,89,KR,2.937979777654012,48
sign_test_cel0.1,chunk_6,89,MC,4.312813336650531,48
sign_test_cel0.1,chunk_6,89,cosine_similarity,0.8005150705575943,48
sign_test_cel0.1,chunk_6,89,wt_mean,0.0019422417681198001,48
sign_test_cel0.1,chunk_6,90,GR,5.213187749187152,48
sign_test_cel0.1,chunk_6,90,IPC,6.210493699957927,48
sign_test_cel0.1,chunk_6,90,KR,3.306143932044506,48
sign_test_cel0.1,chunk_6,90,MC,4.212788008153439,48
sign_test_cel0.1,chunk_6,90,cosine_similarity,0.8005149811506271,48
sign_test_cel0.1,chunk_6,90,wt_mean,0.001934173575136775,48
sign_test_cel0.1,chunk_7,100,GR,5.38157469779253,48
sign_test_cel0.1,chunk_7,100,IPC,6.261097355435292,48
sign_test_cel0.1,chunk_7,100,KR,3.427558553715547,48
sign_test_cel0.1,chunk_7,100,MC,3.9964536602298417,48
sign_test_cel0.1,chunk_7,100,cosine_similarity,0.8005151152610779,48
sign_test_cel0.1,chunk_7,100,wt_mean,0.002021686959778825,48
sign_test_cel0.1,chunk_7,101,GR,4.935925513505936,48
sign_test_cel0.1,chunk_7,101,IPC,5.821741722524166,48
sign_test_cel0.1,chunk_7,101,KR,3.1136831094821296,48
sign_test_cel0.1,chunk_7,101,MC,4.002266762157281,48
sign_test_cel0.1,chunk_7,101,cosine_similarity,0.8005151301622391,48
sign_test_cel0.1,chunk_7,101,wt_mean,0.0019112025038338749,48
sign_test_cel0.1,chunk_7,102,GR,5.271628295381864,48
sign_test_cel0.1,chunk_7,102,IPC,6.438548735032479,48
sign_test_cel0.1,chunk_7,102,KR,3.164819471538067,48
sign_test_cel0.1,chunk_7,102,MC,4.46633455902338,48
sign_test_cel0.1,chunk_7,102,cosine_similarity,0.8005149662494659,48
sign_test_cel0.1,chunk_7,102,wt_mean,0.00198585141333745,48
sign_test_cel0.1,chunk_7,103,GR,4.514301719764869,48
sign_test_cel0.1,chunk_7,103,IPC,6.24032320578893,48
sign_test_cel0.1,chunk_7,103,KR,2.8409514178832374,48
sign_test_cel0.1,chunk_7,103,MC,3.9554148986935616,48
sign_test_cel0.1,chunk_7,103,cosine_similarity,0.8005150109529495,48
sign_test_cel0.1,chunk_7,103,wt_mean,0.0019713407964445,48
sign_test_cel0.1,chunk_7,91,GR,4.715927670399348,48
sign_test_cel0.1,chunk_7,91,IPC,6.092445282886426,48
sign_test_cel0.1,chunk_7,91,KR,3.027047276496887,48
sign_test_cel0.1,chunk_7,91,MC,4.291581665476163,48
sign_test_cel0.1,chunk_7,91,cosine_similarity,0.8005149811506271,48
sign_test_cel0.1,chunk_7,91,wt_mean,0.001914676395244825,48
sign_test_cel0.1,chunk_7,92,GR,5.923867704967658,48
sign_test_cel0.1,chunk_7,92,IPC,6.265641355266173,48
sign_test_cel0.1,chunk_7,92,KR,3.7558978820840516,48
sign_test_cel0.1,chunk_7,92,MC,4.120805551608403,48
sign_test_cel0.1,chunk_7,92,cosine_similarity,0.8005149066448212,48
sign_test_cel0.1,chunk_7,92,wt_mean,0.0019087903201579501,48
sign_test_cel0.1,chunk_7,93,GR,5.901852406561375,48
sign_test_cel0.1,chunk_7,93,IPC,6.1493589381376905,48
sign_test_cel0.1,chunk_7,93,KR,3.5605771293242774,48
sign_test_cel0.1,chunk_7,93,MC,3.9920357863108316,48
sign_test_cel0.1,chunk_7,93,cosine_similarity,0.8005149960517883,48
sign_test_cel0.1,chunk_7,93,wt_mean,0.002063262363662875,48
sign_test_cel0.1,chunk_7,94,GR,4.149901134272416,48
sign_test_cel0.1,chunk_7,94,IPC,6.1904287325839205,48
sign_test_cel0.1,chunk_7,94,KR,2.751021300752958,48
sign_test_cel0.1,chunk_7,94,MC,4.157243010898431,48
sign_test_cel0.1,chunk_7,94,cosine_similarity,0.8005151003599167,48
sign_test_cel0.1,chunk_7,94,wt_mean,0.0019035446748602752,48
sign_test_cel0.1,chunk_7,95,GR,5.125029668211937,48
sign_test_cel0.1,chunk_7,95,IPC,5.92581311861674,48
sign_test_cel0.1,chunk_7,95,KR,3.258249379694462,48
sign_test_cel0.1,chunk_7,95,MC,4.003293347855409,48
sign_test_cel0.1,chunk_7,95,cosine_similarity,0.8005148768424988,48
sign_test_cel0.1,chunk_7,95,wt_mean,0.0019378931901883002,48
sign_test_cel0.1,chunk_7,96,GR,3.930334401627382,48
sign_test_cel0.1,chunk_7,96,IPC,5.9904338705043,48
sign_test_cel0.1,chunk_7,96,KR,2.528155113259951,48
sign_test_cel0.1,chunk_7,96,MC,4.145552530884743,48
sign_test_cel0.1,chunk_7,96,cosine_similarity,0.8005151599645615,48
sign_test_cel0.1,chunk_7,96,wt_mean,0.0019235045765526,48
sign_test_cel0.1,chunk_7,97,GR,5.12939943621556,48
sign_test_cel0.1,chunk_7,97,IPC,5.94855867822965,48
sign_test_cel0.1,chunk_7,97,KR,3.2992452134688697,48
sign_test_cel0.1,chunk_7,97,MC,4.08968149125576,48
sign_test_cel0.1,chunk_7,97,cosine_similarity,0.8005148023366928,48
sign_test_cel0.1,chunk_7,97,wt_mean,0.00182960345409805,48
sign_test_cel0.1,chunk_7,98,GR,3.956606569389502,48
sign_test_cel0.1,chunk_7,98,IPC,6.483392622321844,48
sign_test_cel0.1,chunk_7,98,KR,2.523138855894407,48
sign_test_cel0.1,chunk_7,98,MC,4.374510044852893,48
sign_test_cel0.1,chunk_7,98,cosine_similarity,0.8005149215459824,48
sign_test_cel0.1,chunk_7,98,wt_mean,0.0019392209069337,48
sign_test_cel0.1,chunk_7,99,GR,4.62077006449302,48
sign_test_cel0.1,chunk_7,99,IPC,5.800067598621051,48
sign_test_cel0.1,chunk_7,99,KR,2.9821242292722068,48
sign_test_cel0.1,chunk_7,99,MC,3.9578320185343423,48
sign_test_cel0.1,chunk_7,99,cosine_similarity,0.8005150556564331,48
sign_test_cel0.1,chunk_7,99,wt_mean,0.0018088609795085498,48
sign_test_cel0.1,chunk_8,104,GR,4.723283000290394,48
sign_test_cel0.1,chunk_8,104,IPC,5.48949941371878,48
sign_test_cel0.1,chunk_8,104,KR,3.068320448199908,48
sign_test_cel0.1,chunk_8,104,MC,3.67570997774601,48
sign_test_cel0.1,chunk_8,104,cosine_similarity,0.8005150258541107,48
sign_test_cel0.1,chunk_8,104,wt_mean,0.001906240126118025,48
sign_test_cel0.1,chunk_8,105,GR,5.013882204890251,48
sign_test_cel0.1,chunk_8,105,IPC,6.498386745651563,48
sign_test_cel0.1,chunk_8,105,KR,3.138469010591507,48
sign_test_cel0.1,chunk_8,105,MC,4.42938003440698,48
sign_test_cel0.1,chunk_8,105,cosine_similarity,0.8005149513483047,48
sign_test_cel0.1,chunk_8,105,wt_mean,0.001881305302958875,48
sign_test_cel0.1,chunk_8,106,GR,4.349876140554746,48
sign_test_cel0.1,chunk_8,106,IPC,6.264549410591523,48
sign_test_cel0.1,chunk_8,106,KR,2.8290425737698874,48
sign_test_cel0.1,chunk_8,106,MC,4.0156708012024565,48
sign_test_cel0.1,chunk_8,106,cosine_similarity,0.8005149364471436,48
sign_test_cel0.1,chunk_8,106,wt_mean,0.001948104792973,48
sign_test_cel0.1,chunk_8,107,GR,4.628507487475872,48
sign_test_cel0.1,chunk_8,107,IPC,5.915382092197736,48
sign_test_cel0.1,chunk_8,107,KR,2.807496247192224,48
sign_test_cel0.1,chunk_8,107,MC,3.720183211068312,48
sign_test_cel0.1,chunk_8,107,cosine_similarity,0.8005151748657227,48
sign_test_cel0.1,chunk_8,107,wt_mean,0.00193746885634025,48
sign_test_cel0.1,chunk_8,108,GR,4.564208117624124,48
sign_test_cel0.1,chunk_8,108,IPC,6.336347137888272,48
sign_test_cel0.1,chunk_8,108,KR,2.863498568534851,48
sign_test_cel0.1,chunk_8,108,MC,4.162970284620921,48
sign_test_cel0.1,chunk_8,108,cosine_similarity,0.8005150109529495,48
sign_test_cel0.1,chunk_8,108,wt_mean,0.001983713533263625,48
sign_test_cel0.1,chunk_8,109,GR,4.813457893828551,48
sign_test_cel0.1,chunk_8,109,IPC,5.899485852569342,48
sign_test_cel0.1,chunk_8,109,KR,2.9761927351355553,48
sign_test_cel0.1,chunk_8,109,MC,3.9437705452243486,48
sign_test_cel0.1,chunk_8,109,cosine_similarity,0.8005150258541107,48
sign_test_cel0.1,chunk_8,109,wt_mean,0.0018790752219501501,48
sign_test_cel0.1,chunk_8,110,GR,4.9915792519847555,48
sign_test_cel0.1,chunk_8,110,IPC,6.28916681309541,48
sign_test_cel0.1,chunk_8,110,KR,3.199945420026779,48
sign_test_cel0.1,chunk_8,110,MC,4.486113811532657,48
sign_test_cel0.1,chunk_8,110,cosine_similarity,0.8005151748657227,48
sign_test_cel0.1,chunk_8,110,wt_mean,0.001966439245734325,48
sign_test_cel0.1,chunk_8,111,GR,4.265608623623848,48
sign_test_cel0.1,chunk_8,111,IPC,6.2723075449466705,48
sign_test_cel0.1,chunk_8,111,KR,2.856045094629129,48
sign_test_cel0.1,chunk_8,111,MC,4.233441861967246,48
sign_test_cel0.1,chunk_8,111,cosine_similarity,0.8005151152610779,48
sign_test_cel0.1,chunk_8,111,wt_mean,0.001955815736437175,48
sign_test_cel0.1,chunk_8,112,GR,5.180498378972213,48
sign_test_cel0.1,chunk_8,112,IPC,5.623664195338885,48
sign_test_cel0.1,chunk_8,112,KR,3.4282292972008386,48
sign_test_cel0.1,chunk_8,112,MC,4.195043941338857,48
sign_test_cel0.1,chunk_8,112,cosine_similarity,0.8005150109529495,48
sign_test_cel0.1,chunk_8,112,wt_mean,0.0019000481988768502,48
sign_test_cel0.1,chunk_8,113,GR,4.6349563002586365,48
sign_test_cel0.1,chunk_8,113,IPC,6.226041754086812,48
sign_test_cel0.1,chunk_8,113,KR,2.9914265597860017,48
sign_test_cel0.1,chunk_8,113,MC,4.271173864603043,48
sign_test_cel0.1,chunk_8,113,cosine_similarity,0.800514817237854,48
sign_test_cel0.1,chunk_8,113,wt_mean,0.00190078112063925,48
sign_test_cel0.1,chunk_8,114,GR,4.651986392835776,48
sign_test_cel0.1,chunk_8,114,IPC,6.381144707401593,48
sign_test_cel0.1,chunk_8,114,KR,2.927895416816076,48
sign_test_cel0.1,chunk_8,114,MC,4.439040382703145,48
sign_test_cel0.1,chunk_8,114,cosine_similarity,0.8005152493715286,48
sign_test_cel0.1,chunk_8,114,wt_mean,0.0019047377863898752,48
sign_test_cel0.1,chunk_8,115,GR,4.565049449602763,48
sign_test_cel0.1,chunk_8,115,IPC,6.03659959261616,48
sign_test_cel0.1,chunk_8,115,KR,2.9508293916781745,48
sign_test_cel0.1,chunk_8,115,MC,4.086131811141968,48
sign_test_cel0.1,chunk_8,115,cosine_similarity,0.8005151450634003,48
sign_test_cel0.1,chunk_8,115,wt_mean,0.001916840177727825,48
sign_test_cel0.1,chunk_8,116,GR,6.051897801458836,48
sign_test_cel0.1,chunk_8,116,IPC,6.035533772160609,48
sign_test_cel0.1,chunk_8,116,KR,3.6785427555441856,48
sign_test_cel0.1,chunk_8,116,MC,4.257220722734928,48
sign_test_cel0.1,chunk_8,116,cosine_similarity,0.8005151003599167,48
sign_test_cel0.1,chunk_8,116,wt_mean,0.0020439097716007,48
sign_test_cel0.1,chunk_9,117,GR,5.497383259236813,48
sign_test_cel0.1,chunk_9,117,IPC,6.063435524702072,48
sign_test_cel0.1,chunk_9,117,KR,3.5213655903935432,48
sign_test_cel0.1,chunk_9,117,MC,4.053234435617924,48
sign_test_cel0.1,chunk_9,117,cosine_similarity,0.8005148023366928,48
sign_test_cel0.1,chunk_9,117,wt_mean,0.001968443975783825,48
sign_test_cel0.1,chunk_9,118,GR,5.149924273292224,48
sign_test_cel0.1,chunk_9,118,IPC,5.485351342707872,48
sign_test_cel0.1,chunk_9,118,KR,3.2158904001116753,48
sign_test_cel0.1,chunk_9,118,MC,3.754106397430102,48
sign_test_cel0.1,chunk_9,118,cosine_similarity,0.8005150258541107,48
sign_test_cel0.1,chunk_9,118,wt_mean,0.001870412146672575,48
sign_test_cel0.1,chunk_9,119,GR,4.402705746392409,48
sign_test_cel0.1,chunk_9,119,IPC,6.196429497251908,48
sign_test_cel0.1,chunk_9,119,KR,2.7501780291398368,48
sign_test_cel0.1,chunk_9,119,MC,4.090281700094541,48
sign_test_cel0.1,chunk_9,119,cosine_similarity,0.8005150705575943,48
sign_test_cel0.1,chunk_9,119,wt_mean,0.001990940712857925,48
sign_test_cel0.1,chunk_9,120,GR,4.938673697412014,48
sign_test_cel0.1,chunk_9,120,IPC,5.960382589449485,48
sign_test_cel0.1,chunk_9,120,KR,3.216012333830198,48
sign_test_cel0.1,chunk_9,120,MC,4.0245474850138026,48
sign_test_cel0.1,chunk_9,120,cosine_similarity,0.8005150556564331,48
sign_test_cel0.1,chunk_9,120,wt_mean,0.0019922978826798,48
sign_test_cel0.1,chunk_9,121,GR,5.420065561930339,48
sign_test_cel0.1,chunk_9,121,IPC,6.650985958675544,48
sign_test_cel0.1,chunk_9,121,KR,3.39617058634758,48
sign_test_cel0.1,chunk_9,121,MC,4.568042313059171,48
sign_test_cel0.1,chunk_9,121,cosine_similarity,0.8005150258541107,48
sign_test_cel0.1,chunk_9,121,wt_mean,0.0019334566604811002,48
sign_test_cel0.1,chunk_9,122,GR,4.861829328040282,48
sign_test_cel0.1,chunk_9,122,IPC,6.4808467489977675,48
sign_test_cel0.1,chunk_9,122,KR,3.041584774851799,48
sign_test_cel0.1,chunk_9,122,MC,4.113593220710754,48
sign_test_cel0.1,chunk_9,122,cosine_similarity,0.8005149215459824,48
sign_test_cel0.1,chunk_9,122,wt_mean,0.002000825974391725,48
sign_test_cel0.1,chunk_9,123,GR,5.175648743907611,48
sign_test_cel0.1,chunk_9,123,IPC,4.919004131108522,48
sign_test_cel0.1,chunk_9,123,KR,3.216548427939415,48
sign_test_cel0.1,chunk_9,123,MC,3.5223834179341793,48
sign_test_cel0.1,chunk_9,123,cosine_similarity,0.8005150407552719,48
sign_test_cel0.1,chunk_9,123,wt_mean,0.0018994061683769749,48
sign_test_cel0.1,chunk_9,124,GR,4.788807024558385,48
sign_test_cel0.1,chunk_9,124,IPC,5.717602923512459,48
sign_test_cel0.1,chunk_9,124,KR,3.0310626849532127,48
sign_test_cel0.1,chunk_9,124,MC,3.8582923263311386,48
sign_test_cel0.1,chunk_9,124,cosine_similarity,0.8005150109529495,48
sign_test_cel0.1,chunk_9,124,wt_mean,0.0019485411175992,48
sign_test_cel0.1,chunk_9,125,GR,4.701651103794575,48
sign_test_cel0.1,chunk_9,125,IPC,6.40866223971049,48
sign_test_cel0.1,chunk_9,125,KR,2.9621263717611632,48
sign_test_cel0.1,chunk_9,125,MC,4.413332402706146,48
sign_test_cel0.1,chunk_9,125,cosine_similarity,0.8005150705575943,48
sign_test_cel0.1,chunk_9,125,wt_mean,0.0019015597354154498,48
sign_test_cel0.1,chunk_9,126,GR,5.454800878961881,48
sign_test_cel0.1,chunk_9,126,IPC,6.25384125734369,48
sign_test_cel0.1,chunk_9,126,KR,3.3598901530106864,48
sign_test_cel0.1,chunk_9,126,MC,4.217791014661391,48
sign_test_cel0.1,chunk_9,126,cosine_similarity,0.8005151450634003,48
sign_test_cel0.1,chunk_9,126,wt_mean,0.001954554056283025,48
sign_test_cel0.1,chunk_9,127,GR,5.33182451625665,48
sign_test_cel0.1,chunk_9,127,IPC,6.47831717133522,48
sign_test_cel0.1,chunk_9,127,KR,3.230666473507881,48
sign_test_cel0.1,chunk_9,127,MC,4.574077866971493,48
sign_test_cel0.1,chunk_9,127,cosine_similarity,0.8005149662494659,48
sign_test_cel0.1,chunk_9,127,wt_mean,0.001895822933874975,48
sign_test_cel0.1,chunk_9,128,GR,4.853688662250836,48
sign_test_cel0.1,chunk_9,128,IPC,6.105046094705661,48
sign_test_cel0.1,chunk_9,128,KR,3.032769985496998,48
sign_test_cel0.1,chunk_9,128,MC,4.333475396037102,48
sign_test_cel0.1,chunk_9,128,cosine_similarity,0.8005149960517883,48
sign_test_cel0.1,chunk_9,128,wt_mean,0.0020232203532941,48
sign_test_cel0.1,chunk_9,129,GR,4.6595621059338255,48
sign_test_cel0.1,chunk_9,129,IPC,6.1778895581762,48
sign_test_cel0.1,chunk_9,129,KR,2.85774435599645,48
sign_test_cel0.1,chunk_9,129,MC,4.358471564948559,48
sign_test_cel0.1,chunk_9,129,cosine_similarity,0.8005149215459824,48
sign_test_cel0.1,chunk_9,129,wt_mean,0.00202482024906195,48
sign_test_cel0.2,chunk_0,0,GR,5.390333806475003,48
sign_test_cel0.2,chunk_0,0,IPC,7.329637539883454,48
sign_test_cel0.2,chunk_0,0,KR,3.4220216597119966,48
sign_test_cel0.2,chunk_0,0,MC,5.041176771124204,48
sign_test_cel0.2,chunk_0,0,cosine_similarity,0.6003863215446472,48
sign_test_cel0.2,chunk_0,0,wt_mean,0.001905052107758775,48
sign_test_cel0.2,chunk_0,1,GR,6.614252045750618,48
sign_test_cel0.2,chunk_0,1,IPC,7.008276201784611,48
sign_test_cel0.2,chunk_0,1,KR,3.905943142871062,48
sign_test_cel0.2,chunk_0,1,MC,4.843988473216693,48
sign_test_cel0.2,chunk_0,1,cosine_similarity,0.6003861725330353,48
sign_test_cel0.2,chunk_0,1,wt_mean,0.001967010874068325,48
sign_test_cel0.2,chunk_0,10,GR,6.139639044801394,48
sign_test_cel0.2,chunk_0,10,IPC,7.03909079482158,48
sign_test_cel0.2,chunk_0,10,KR,3.7411999652783074,48
sign_test_cel0.2,chunk_0,10,MC,4.5984204187989235,48
sign_test_cel0.2,chunk_0,10,cosine_similarity,0.6003864407539368,48
sign_test_cel0.2,chunk_0,10,wt_mean,0.00199980899924405,48
sign_test_cel0.2,chunk_0,11,GR,5.509793256719907,48
sign_test_cel0.2,chunk_0,11,IPC,6.624391896029313,48
sign_test_cel0.2,chunk_0,11,KR,3.3485959445436797,48
sign_test_cel0.2,chunk_0,11,MC,4.328212382892768,48
sign_test_cel0.2,chunk_0,11,cosine_similarity,0.6003863960504532,48
sign_test_cel0.2,chunk_0,11,wt_mean,0.0019112472364212752,48
sign_test_cel0.2,chunk_0,12,GR,5.1419360140959425,48
sign_test_cel0.2,chunk_0,12,IPC,7.2208551454047365,48
sign_test_cel0.2,chunk_0,12,KR,3.294240447382132,48
sign_test_cel0.2,chunk_0,12,MC,5.072745521863301,48
sign_test_cel0.2,chunk_0,12,cosine_similarity,0.6003862023353577,48
sign_test_cel0.2,chunk_0,12,wt_mean,0.0018459894927218001,48
sign_test_cel0.2,chunk_0,2,GR,5.961894236505032,48
sign_test_cel0.2,chunk_0,2,IPC,6.781825224558513,48
sign_test_cel0.2,chunk_0,2,KR,3.455054171383381,48
sign_test_cel0.2,chunk_0,2,MC,4.589998627702395,48
sign_test_cel0.2,chunk_0,2,cosine_similarity,0.6003861576318741,48
sign_test_cel0.2,chunk_0,2,wt_mean,0.001759332313667925,48
sign_test_cel0.2,chunk_0,3,GR,7.336324070890744,48
sign_test_cel0.2,chunk_0,3,IPC,6.881642700483401,48
sign_test_cel0.2,chunk_0,3,KR,4.326623695592086,48
sign_test_cel0.2,chunk_0,3,MC,4.470895081758499,48
sign_test_cel0.2,chunk_0,3,cosine_similarity,0.6003861874341965,48
sign_test_cel0.2,chunk_0,3,wt_mean,0.00196681558736595,48
sign_test_cel0.2,chunk_0,4,GR,5.703433978060882,48
sign_test_cel0.2,chunk_0,4,IPC,7.149205273638169,48
sign_test_cel0.2,chunk_0,4,KR,3.389342558880647,48
sign_test_cel0.2,chunk_0,4,MC,5.050127257903417,48
sign_test_cel0.2,chunk_0,4,cosine_similarity,0.6003862619400024,48
sign_test_cel0.2,chunk_0,4,wt_mean,0.001947860582731625,48
sign_test_cel0.2,chunk_0,5,GR,7.948578382531802,48
sign_test_cel0.2,chunk_0,5,IPC,6.19252918412288,48
sign_test_cel0.2,chunk_0,5,KR,4.58165509502093,48
sign_test_cel0.2,chunk_0,5,MC,4.375007150073846,48
sign_test_cel0.2,chunk_0,5,cosine_similarity,0.6003862619400024,48
sign_test_cel0.2,chunk_0,5,wt_mean,0.00202332541812205,48
sign_test_cel0.2,chunk_0,6,GR,6.8610104123751325,48
sign_test_cel0.2,chunk_0,6,IPC,6.595957048237324,48
sign_test_cel0.2,chunk_0,6,KR,3.9785460084676743,48
sign_test_cel0.2,chunk_0,6,MC,4.4642340044180555,48
sign_test_cel0.2,chunk_0,6,cosine_similarity,0.6003861725330353,48
sign_test_cel0.2,chunk_0,6,wt_mean,0.0018294758338015,48
sign_test_cel0.2,chunk_0,7,GR,7.2225215335687,48
sign_test_cel0.2,chunk_0,7,IPC,6.567052200436592,48
sign_test_cel0.2,chunk_0,7,KR,4.182868825892608,48
sign_test_cel0.2,chunk_0,7,MC,4.6118514860669775,48
sign_test_cel0.2,chunk_0,7,cosine_similarity,0.6003863513469696,48
sign_test_cel0.2,chunk_0,7,wt_mean,0.002037258615018725,48
sign_test_cel0.2,chunk_0,8,GR,6.765532371898492,48
sign_test_cel0.2,chunk_0,8,IPC,6.839233736197154,48
sign_test_cel0.2,chunk_0,8,KR,3.9506254891554513,48
sign_test_cel0.2,chunk_0,8,MC,4.498692179719607,48
sign_test_cel0.2,chunk_0,8,cosine_similarity,0.6003863215446472,48
sign_test_cel0.2,chunk_0,8,wt_mean,0.00191337321302845,48
sign_test_cel0.2,chunk_0,9,GR,7.725041002035141,48
sign_test_cel0.2,chunk_0,9,IPC,5.81588859980305,48
sign_test_cel0.2,chunk_0,9,KR,4.402413559456666,48
sign_test_cel0.2,chunk_0,9,MC,4.411760897686084,48
sign_test_cel0.2,chunk_0,9,cosine_similarity,0.6003862470388412,48
sign_test_cel0.2,chunk_0,9,wt_mean,0.001975615043193075,48
sign_test_cel0.2,chunk_1,13,GR,6.764350148538749,48
sign_test_cel0.2,chunk_1,13,IPC,6.746967724213998,48
sign_test_cel0.2,chunk_1,13,KR,3.930578015744686,48
sign_test_cel0.2,chunk_1,13,MC,4.51653893912832,48
sign_test_cel0.2,chunk_1,13,cosine_similarity,0.6003863215446472,48
sign_test_cel0.2,chunk_1,13,wt_mean,0.0018903143354691001,48
sign_test_cel0.2,chunk_1,14,GR,6.565607068439324,48
sign_test_cel0.2,chunk_1,14,IPC,6.398519878586133,48
sign_test_cel0.2,chunk_1,14,KR,3.8786510676145554,48
sign_test_cel0.2,chunk_1,14,MC,4.357020432750384,48
sign_test_cel0.2,chunk_1,14,cosine_similarity,0.6003864109516144,48
sign_test_cel0.2,chunk_1,14,wt_mean,0.00190020471927705,48
sign_test_cel0.2,chunk_1,15,GR,5.263015404343605,48
sign_test_cel0.2,chunk_1,15,IPC,6.727119453251362,48
sign_test_cel0.2,chunk_1,15,KR,3.2086114957928658,48
sign_test_cel0.2,chunk_1,15,MC,4.556395495931308,48
sign_test_cel0.2,chunk_1,15,cosine_similarity,0.6003863662481308,48
sign_test_cel0.2,chunk_1,15,wt_mean,0.001813209702959225,48
sign_test_cel0.2,chunk_1,16,GR,6.142561962207158,48
sign_test_cel0.2,chunk_1,16,IPC,7.476084171483914,48
sign_test_cel0.2,chunk_1,16,KR,3.7745704079667726,48
sign_test_cel0.2,chunk_1,16,MC,4.928504134217898,48
sign_test_cel0.2,chunk_1,16,cosine_similarity,0.6003861725330353,48
sign_test_cel0.2,chunk_1,16,wt_mean,0.001995699392864425,48
sign_test_cel0.2,chunk_1,17,GR,6.081175285081069,48
sign_test_cel0.2,chunk_1,17,IPC,6.431399753938119,48
sign_test_cel0.2,chunk_1,17,KR,3.561212219297886,48
sign_test_cel0.2,chunk_1,17,MC,4.2285060584545135,48
sign_test_cel0.2,chunk_1,17,cosine_similarity,0.6003863513469696,48
sign_test_cel0.2,chunk_1,17,wt_mean,0.0019219094247091,48
sign_test_cel0.2,chunk_1,18,GR,5.558520716925462,48
sign_test_cel0.2,chunk_1,18,IPC,6.393946596731742,48
sign_test_cel0.2,chunk_1,18,KR,3.403004383047422,48
sign_test_cel0.2,chunk_1,18,MC,4.60644535223643,48
sign_test_cel0.2,chunk_1,18,cosine_similarity,0.6003863215446472,48
sign_test_cel0.2,chunk_1,18,wt_mean,0.00194613618077705,48
sign_test_cel0.2,chunk_1,19,GR,5.890400546292464,48
sign_test_cel0.2,chunk_1,19,IPC,6.783117425938447,48
sign_test_cel0.2,chunk_1,19,KR,3.3765329445401826,48
sign_test_cel0.2,chunk_1,19,MC,4.531900957226753,48
sign_test_cel0.2,chunk_1,19,cosine_similarity,0.6003862768411636,48
sign_test_cel0.2,chunk_1,19,wt_mean,0.001950859819771675,48
sign_test_cel0.2,chunk_1,20,GR,6.456575577457746,48
sign_test_cel0.2,chunk_1,20,IPC,6.438545455535253,48
sign_test_cel0.2,chunk_1,20,KR,3.669854593773683,48
sign_test_cel0.2,chunk_1,20,MC,4.479013241827488,48
sign_test_cel0.2,chunk_1,20,cosine_similarity,0.60038623213768,48
sign_test_cel0.2,chunk_1,20,wt_mean,0.00198603258468205,48
sign_test_cel0.2,chunk_1,21,GR,5.72262046734492,48
sign_test_cel0.2,chunk_1,21,IPC,7.79947488506635,48
sign_test_cel0.2,chunk_1,21,KR,3.4773138910531998,48
sign_test_cel0.2,chunk_1,21,MC,5.268985614180565,48
sign_test_cel0.2,chunk_1,21,cosine_similarity,0.6003862619400024,48
sign_test_cel0.2,chunk_1,21,wt_mean,0.0019317686965222751,48
sign_test_cel0.2,chunk_1,22,GR,6.857563229898612,48
sign_test_cel0.2,chunk_1,22,IPC,6.474084178606669,48
sign_test_cel0.2,chunk_1,22,KR,4.147256982823213,48
sign_test_cel0.2,chunk_1,22,MC,4.4642634863654775,48
sign_test_cel0.2,chunk_1,22,cosine_similarity,0.6003862619400024,48
sign_test_cel0.2,chunk_1,22,wt_mean,0.002057796285953325,48
sign_test_cel0.2,chunk_1,23,GR,5.75411640604337,48
sign_test_cel0.2,chunk_1,23,IPC,6.846394834419091,48
sign_test_cel0.2,chunk_1,23,KR,3.410006863375505,48
sign_test_cel0.2,chunk_1,23,MC,4.65941755225261,48
sign_test_cel0.2,chunk_1,23,cosine_similarity,0.6003863215446472,48
sign_test_cel0.2,chunk_1,23,wt_mean,0.002023606008151475,48
sign_test_cel0.2,chunk_1,24,GR,6.599636731048425,48
sign_test_cel0.2,chunk_1,24,IPC,6.790946941822767,48
sign_test_cel0.2,chunk_1,24,KR,3.9358321502804756,48
sign_test_cel0.2,chunk_1,24,MC,4.480300421516101,48
sign_test_cel0.2,chunk_1,24,cosine_similarity,0.6003862172365189,48
sign_test_cel0.2,chunk_1,24,wt_mean,0.001908557256683675,48
sign_test_cel0.2,chunk_1,25,GR,6.0389143625895185,48
sign_test_cel0.2,chunk_1,25,IPC,6.754462398588657,48
sign_test_cel0.2,chunk_1,25,KR,3.597909912467003,48
sign_test_cel0.2,chunk_1,25,MC,4.5440226048231125,48
sign_test_cel0.2,chunk_1,25,cosine_similarity,0.6003863513469696,48
sign_test_cel0.2,chunk_1,25,wt_mean,0.001907796831801475,48
sign_test_cel0.2,chunk_10,130,GR,6.901374290386836,48
sign_test_cel0.2,chunk_10,130,IPC,6.401138021300237,48
sign_test_cel0.2,chunk_10,130,KR,4.252488374710083,48
sign_test_cel0.2,chunk_10,130,MC,4.579786737759908,48
sign_test_cel0.2,chunk_10,130,cosine_similarity,0.6003862619400024,48
sign_test_cel0.2,chunk_10,130,wt_mean,0.00184079405153165,48
sign_test_cel0.2,chunk_10,131,GR,6.470068775117397,48
sign_test_cel0.2,chunk_10,131,IPC,6.861296157042186,48
sign_test_cel0.2,chunk_10,131,KR,3.73851320395867,48
sign_test_cel0.2,chunk_10,131,MC,4.6086932097872095,48
sign_test_cel0.2,chunk_10,131,cosine_similarity,0.600386306643486,48
sign_test_cel0.2,chunk_10,131,wt_mean,0.0020856313349212753,48
sign_test_cel0.2,chunk_10,132,GR,6.32058169444402,48
sign_test_cel0.2,chunk_10,132,IPC,7.242690436542034,48
sign_test_cel0.2,chunk_10,132,KR,3.781474401553472,48
sign_test_cel0.2,chunk_10,132,MC,4.860525360951821,48
sign_test_cel0.2,chunk_10,132,cosine_similarity,0.6003862023353577,48
sign_test_cel0.2,chunk_10,132,wt_mean,0.0021297799539752,48
sign_test_cel0.2,chunk_10,133,GR,7.887510716915131,48
sign_test_cel0.2,chunk_10,133,IPC,6.971435377995173,48
sign_test_cel0.2,chunk_10,133,KR,4.509975731372833,48
sign_test_cel0.2,chunk_10,133,MC,4.62554598848025,48
sign_test_cel0.2,chunk_10,133,cosine_similarity,0.6003863364458084,48
sign_test_cel0.2,chunk_10,133,wt_mean,0.00207852778839875,48
sign_test_cel0.2,chunk_10,134,GR,6.2071303725242615,48
sign_test_cel0.2,chunk_10,134,IPC,6.612913894156615,48
sign_test_cel0.2,chunk_10,134,KR,3.7496287152171135,48
sign_test_cel0.2,chunk_10,134,MC,4.256934384504954,48
sign_test_cel0.2,chunk_10,134,cosine_similarity,0.6003861427307129,48
sign_test_cel0.2,chunk_10,134,wt_mean,0.001987930125324,48
sign_test_cel0.2,chunk_10,135,GR,5.972287920614083,48
sign_test_cel0.2,chunk_10,135,IPC,6.815376610805591,48
sign_test_cel0.2,chunk_10,135,KR,3.57701126486063,48
sign_test_cel0.2,chunk_10,135,MC,4.606894160310428,48
sign_test_cel0.2,chunk_10,135,cosine_similarity,0.6003861278295517,48
sign_test_cel0.2,chunk_10,135,wt_mean,0.0019315089157316502,48
sign_test_cel0.2,chunk_10,136,GR,6.149478241801262,48
sign_test_cel0.2,chunk_10,136,IPC,6.835675798356533,48
sign_test_cel0.2,chunk_10,136,KR,3.5810426771640778,48
sign_test_cel0.2,chunk_10,136,MC,4.542812795688708,48
sign_test_cel0.2,chunk_10,136,cosine_similarity,0.6003862768411636,48
sign_test_cel0.2,chunk_10,136,wt_mean,0.0019911564304492748,48
sign_test_cel0.2,chunk_10,137,GR,6.6719749396046,48
sign_test_cel0.2,chunk_10,137,IPC,7.288914641986291,48
sign_test_cel0.2,chunk_10,137,KR,3.921238956352075,48
sign_test_cel0.2,chunk_10,137,MC,5.0095794548590975,48
sign_test_cel0.2,chunk_10,137,cosine_similarity,0.6003861129283905,48
sign_test_cel0.2,chunk_10,137,wt_mean,0.0018998174637089998,48
sign_test_cel0.2,chunk_10,138,GR,9.897987420360247,48
sign_test_cel0.2,chunk_10,138,IPC,7.116800216337045,48
sign_test_cel0.2,chunk_10,138,KR,5.583336442708969,48
sign_test_cel0.2,chunk_10,138,MC,5.2908385048309965,48
sign_test_cel0.2,chunk_10,138,cosine_similarity,0.60038623213768,48
sign_test_cel0.2,chunk_10,138,wt_mean,0.00223142854520115,48
sign_test_cel0.2,chunk_10,139,GR,7.741668418049812,48
sign_test_cel0.2,chunk_10,139,IPC,6.116960804909468,48
sign_test_cel0.2,chunk_10,139,KR,4.486055354277293,48
sign_test_cel0.2,chunk_10,139,MC,4.181797129412492,48
sign_test_cel0.2,chunk_10,139,cosine_similarity,0.6003861129283905,48
sign_test_cel0.2,chunk_10,139,wt_mean,0.002046733337920125,48
sign_test_cel0.2,chunk_10,140,GR,6.6055533190568285,48
sign_test_cel0.2,chunk_10,140,IPC,6.491864750782649,48
sign_test_cel0.2,chunk_10,140,KR,3.922902286052704,48
sign_test_cel0.2,chunk_10,140,MC,4.387406966338555,48
sign_test_cel0.2,chunk_10,140,cosine_similarity,0.6003862768411636,48
sign_test_cel0.2,chunk_10,140,wt_mean,0.00198684816132295,48
sign_test_cel0.2,chunk_10,141,GR,6.425765755275886,48
sign_test_cel0.2,chunk_10,141,IPC,7.172433926413457,48
sign_test_cel0.2,chunk_10,141,KR,3.993541936079661,48
sign_test_cel0.2,chunk_10,141,MC,4.835687776406606,48
sign_test_cel0.2,chunk_10,141,cosine_similarity,0.6003861874341965,48
sign_test_cel0.2,chunk_10,141,wt_mean,0.001804437983082575,48
sign_test_cel0.2,chunk_11,142,GR,6.174067591627439,48
sign_test_cel0.2,chunk_11,142,IPC,7.239443192879359,48
sign_test_cel0.2,chunk_11,142,KR,3.628254108130932,48
sign_test_cel0.2,chunk_11,142,MC,5.033045520385106,48
sign_test_cel0.2,chunk_11,142,cosine_similarity,0.6003860831260681,48
sign_test_cel0.2,chunk_11,142,wt_mean,0.001951186102814925,48
sign_test_cel0.2,chunk_11,143,GR,6.994535672167937,48
sign_test_cel0.2,chunk_11,143,IPC,7.293503588686387,48
sign_test_cel0.2,chunk_11,143,KR,4.191140602032344,48
sign_test_cel0.2,chunk_11,143,MC,4.240366545816262,48
sign_test_cel0.2,chunk_11,143,cosine_similarity,0.6003862023353577,48
sign_test_cel0.2,chunk_11,143,wt_mean,0.001975827966816675,48
sign_test_cel0.2,chunk_11,144,GR,6.839990782241027,48
sign_test_cel0.2,chunk_11,144,IPC,7.3598974434038,48
sign_test_cel0.2,chunk_11,144,KR,3.851753811041514,48
sign_test_cel0.2,chunk_11,144,MC,4.951681385437648,48
sign_test_cel0.2,chunk_11,144,cosine_similarity,0.6003860682249069,48
sign_test_cel0.2,chunk_11,144,wt_mean,0.002038876496953825,48
sign_test_cel0.2,chunk_11,145,GR,5.959337964653969,48
sign_test_cel0.2,chunk_11,145,IPC,6.690862330297629,48
sign_test_cel0.2,chunk_11,145,KR,3.493131640056769,48
sign_test_cel0.2,chunk_11,145,MC,4.4371322095394135,48
sign_test_cel0.2,chunk_11,145,cosine_similarity,0.6003861725330353,48
sign_test_cel0.2,chunk_11,145,wt_mean,0.002025441586738425,48
sign_test_cel0.2,chunk_11,146,GR,6.43466920653979,48
sign_test_cel0.2,chunk_11,146,IPC,6.4820887458821135,48
sign_test_cel0.2,chunk_11,146,KR,3.731976941227913,48
sign_test_cel0.2,chunk_11,146,MC,4.277769358207782,48
sign_test_cel0.2,chunk_11,146,cosine_similarity,0.6003863513469696,48
sign_test_cel0.2,chunk_11,146,wt_mean,0.001956315623829075,48
sign_test_cel0.2,chunk_11,147,GR,6.469809686144193,48
sign_test_cel0.2,chunk_11,147,IPC,7.399979420006275,48
sign_test_cel0.2,chunk_11,147,KR,3.90295439461867,48
sign_test_cel0.2,chunk_11,147,MC,4.985954362899065,48
sign_test_cel0.2,chunk_11,147,cosine_similarity,0.6003862470388412,48
sign_test_cel0.2,chunk_11,147,wt_mean,0.002004248031880675,48
sign_test_cel0.2,chunk_11,148,GR,6.751625555257003,48
sign_test_cel0.2,chunk_11,148,IPC,7.279264238973458,48
sign_test_cel0.2,chunk_11,148,KR,3.960850882033507,48
sign_test_cel0.2,chunk_11,148,MC,4.707705820600192,48
sign_test_cel0.2,chunk_11,148,cosine_similarity,0.6003862172365189,48
sign_test_cel0.2,chunk_11,148,wt_mean,0.0020138702529948,48
sign_test_cel0.2,chunk_11,149,GR,6.750060098866622,48
sign_test_cel0.2,chunk_11,149,IPC,6.914862333486478,48
sign_test_cel0.2,chunk_11,149,KR,4.058847482005755,48
sign_test_cel0.2,chunk_11,149,MC,4.795746711393197,48
sign_test_cel0.2,chunk_11,149,cosine_similarity,0.6003863215446472,48
sign_test_cel0.2,chunk_11,149,wt_mean,0.001860843243775825,48
sign_test_cel0.2,chunk_11,150,GR,6.94298222164313,48
sign_test_cel0.2,chunk_11,150,IPC,6.89249595751365,48
sign_test_cel0.2,chunk_11,150,KR,4.005850777029991,48
sign_test_cel0.2,chunk_11,150,MC,4.629251144826412,48
sign_test_cel0.2,chunk_11,150,cosine_similarity,0.600386381149292,48
sign_test_cel0.2,chunk_11,150,wt_mean,0.002035189827438375,48
sign_test_cel0.2,chunk_11,151,GR,5.616211988031864,48
sign_test_cel0.2,chunk_11,151,IPC,7.710266277194023,48
sign_test_cel0.2,chunk_11,151,KR,3.3054137279589972,48
sign_test_cel0.2,chunk_11,151,MC,5.061430111527443,48
sign_test_cel0.2,chunk_11,151,cosine_similarity,0.60038623213768,48
sign_test_cel0.2,chunk_11,151,wt_mean,0.0019116642361041,48
sign_test_cel0.2,chunk_11,152,GR,6.201372201244037,48
sign_test_cel0.2,chunk_11,152,IPC,6.770666774362326,48
sign_test_cel0.2,chunk_11,152,KR,3.5635946393013,48
sign_test_cel0.2,chunk_11,152,MC,4.3827026064197225,48
sign_test_cel0.2,chunk_11,152,cosine_similarity,0.600386381149292,48
sign_test_cel0.2,chunk_11,152,wt_mean,0.00191515305778005,48
sign_test_cel0.2,chunk_11,153,GR,6.560738280415535,48
sign_test_cel0.2,chunk_11,153,IPC,6.734214058766763,48
sign_test_cel0.2,chunk_11,153,KR,3.8446178461114564,48
sign_test_cel0.2,chunk_11,153,MC,4.897923106948535,48
sign_test_cel0.2,chunk_11,153,cosine_similarity,0.6003862470388412,48
sign_test_cel0.2,chunk_11,153,wt_mean,0.0021144409256521,48
sign_test_cel0.2,chunk_12,154,GR,6.507802317539851,48
sign_test_cel0.2,chunk_12,154,IPC,7.177090813716252,48
sign_test_cel0.2,chunk_12,154,KR,3.8241815318663916,48
sign_test_cel0.2,chunk_12,154,MC,5.0192955906192465,48
sign_test_cel0.2,chunk_12,154,cosine_similarity,0.6003862619400024,48
sign_test_cel0.2,chunk_12,154,wt_mean,0.001978791086003125,48
sign_test_cel0.2,chunk_12,155,GR,5.587081971267859,48
sign_test_cel0.2,chunk_12,155,IPC,6.640192937105894,48
sign_test_cel0.2,chunk_12,155,KR,3.3810151666402817,48
sign_test_cel0.2,chunk_12,155,MC,4.590162331859271,48
sign_test_cel0.2,chunk_12,155,cosine_similarity,0.6003863215446472,48
sign_test_cel0.2,chunk_12,155,wt_mean,0.001881584757938925,48
sign_test_cel0.2,chunk_12,156,GR,6.21212553481261,48
sign_test_cel0.2,chunk_12,156,IPC,6.45614297563831,48
sign_test_cel0.2,chunk_12,156,KR,3.7792752409974733,48
sign_test_cel0.2,chunk_12,156,MC,4.231647705038388,48
sign_test_cel0.2,chunk_12,156,cosine_similarity,0.6003862768411636,48
sign_test_cel0.2,chunk_12,156,wt_mean,0.00176980328978965,48
sign_test_cel0.2,chunk_12,157,GR,7.13605210930109,48
sign_test_cel0.2,chunk_12,157,IPC,6.512152922650178,48
sign_test_cel0.2,chunk_12,157,KR,4.009030871093273,48
sign_test_cel0.2,chunk_12,157,MC,3.9642160336176553,48
sign_test_cel0.2,chunk_12,157,cosine_similarity,0.6003861427307129,48
sign_test_cel0.2,chunk_12,157,wt_mean,0.001996167731704125,48
sign_test_cel0.2,chunk_12,158,GR,7.371081913510959,48
sign_test_cel0.2,chunk_12,158,IPC,6.122329194098711,48
sign_test_cel0.2,chunk_12,158,KR,4.403498227397601,48
sign_test_cel0.2,chunk_12,158,MC,4.321726841231187,48
sign_test_cel0.2,chunk_12,158,cosine_similarity,0.6003862619400024,48
sign_test_cel0.2,chunk_12,158,wt_mean,0.0019904260989278247,48
sign_test_cel0.2,chunk_12,159,GR,6.725604720413685,48
sign_test_cel0.2,chunk_12,159,IPC,7.543636456131935,48
sign_test_cel0.2,chunk_12,159,KR,3.9357727294166884,48
sign_test_cel0.2,chunk_12,159,MC,5.871650266150634,48
sign_test_cel0.2,chunk_12,159,cosine_similarity,0.6003863513469696,48
sign_test_cel0.2,chunk_12,159,wt_mean,0.002093530463753225,48
sign_test_cel0.2,chunk_12,160,GR,7.1977260410785675,48
sign_test_cel0.2,chunk_12,160,IPC,6.67520663763086,48
sign_test_cel0.2,chunk_12,160,KR,4.268464560310046,48
sign_test_cel0.2,chunk_12,160,MC,4.481647007167339,48
sign_test_cel0.2,chunk_12,160,cosine_similarity,0.6003863513469696,48
sign_test_cel0.2,chunk_12,160,wt_mean,0.00200060181668955,48
sign_test_cel0.2,chunk_12,161,GR,7.830759043494861,48
sign_test_cel0.2,chunk_12,161,IPC,6.36275066062808,48
sign_test_cel0.2,chunk_12,161,KR,4.464929826557636,48
sign_test_cel0.2,chunk_12,161,MC,4.591545343399048,48
sign_test_cel0.2,chunk_12,161,cosine_similarity,0.6003861129283905,48
sign_test_cel0.2,chunk_12,161,wt_mean,0.001922976283822175,48
sign_test_cel0.2,chunk_12,162,GR,6.306422874331474,48
sign_test_cel0.2,chunk_12,162,IPC,6.807903558015823,48
sign_test_cel0.2,chunk_12,162,KR,3.7717887784043946,48
sign_test_cel0.2,chunk_12,162,MC,4.47340511282285,48
sign_test_cel0.2,chunk_12,162,cosine_similarity,0.6003862470388412,48
sign_test_cel0.2,chunk_12,162,wt_mean,0.0018569355597719249,48
sign_test_cel0.2,chunk_12,163,GR,6.816011493404706,48
sign_test_cel0.2,chunk_12,163,IPC,7.178027202685674,48
sign_test_cel0.2,chunk_12,163,KR,4.041007998088996,48
sign_test_cel0.2,chunk_12,163,MC,4.8414250661929445,48
sign_test_cel0.2,chunk_12,163,cosine_similarity,0.6003863513469696,48
sign_test_cel0.2,chunk_12,163,wt_mean,0.002065535722067525,48
sign_test_cel0.2,chunk_12,164,GR,5.763135579725106,48
sign_test_cel0.2,chunk_12,164,IPC,5.811063713083665,48
sign_test_cel0.2,chunk_12,164,KR,3.5855399668216705,48
sign_test_cel0.2,chunk_12,164,MC,4.120432955523332,48
sign_test_cel0.2,chunk_12,164,cosine_similarity,0.6003860831260681,48
sign_test_cel0.2,chunk_12,164,wt_mean,0.001799724414013275,48
sign_test_cel0.2,chunk_12,165,GR,5.991047188639641,48
sign_test_cel0.2,chunk_12,165,IPC,7.172011033942302,48
sign_test_cel0.2,chunk_12,165,KR,3.629723072052002,48
sign_test_cel0.2,chunk_12,165,MC,5.048673118154208,48
sign_test_cel0.2,chunk_12,165,cosine_similarity,0.6003863662481308,48
sign_test_cel0.2,chunk_12,165,wt_mean,0.001915376313263525,48
sign_test_cel0.2,chunk_13,166,GR,7.0676399519046145,48
sign_test_cel0.2,chunk_13,166,IPC,6.488321433464686,48
sign_test_cel0.2,chunk_13,166,KR,3.995020235578219,48
sign_test_cel0.2,chunk_13,166,MC,4.457882925868034,48
sign_test_cel0.2,chunk_13,166,cosine_similarity,0.6003862023353577,48
sign_test_cel0.2,chunk_13,166,wt_mean,0.001994710881262975,48
sign_test_cel0.2,chunk_13,167,GR,5.360685686270396,48
sign_test_cel0.2,chunk_13,167,IPC,6.8053993073602514,48
sign_test_cel0.2,chunk_13,167,KR,3.346444030602773,48
sign_test_cel0.2,chunk_13,167,MC,4.7547393043835955,48
sign_test_cel0.2,chunk_13,167,cosine_similarity,0.6003863513469696,48
sign_test_cel0.2,chunk_13,167,wt_mean,0.00185982364928345,48
sign_test_cel0.2,chunk_13,168,GR,6.277471755941709,48
sign_test_cel0.2,chunk_13,168,IPC,5.961319424211979,48
sign_test_cel0.2,chunk_13,168,KR,3.627152924736341,48
sign_test_cel0.2,chunk_13,168,MC,4.284841388463974,48
sign_test_cel0.2,chunk_13,168,cosine_similarity,0.6003862917423248,48
sign_test_cel0.2,chunk_13,168,wt_mean,0.00196487191715275,48
sign_test_cel0.2,chunk_13,169,GR,6.805652375022571,48
sign_test_cel0.2,chunk_13,169,IPC,6.848633070786794,48
sign_test_cel0.2,chunk_13,169,KR,3.9872094268600144,48
sign_test_cel0.2,chunk_13,169,MC,4.48527625699838,48
sign_test_cel0.2,chunk_13,169,cosine_similarity,0.6003861427307129,48
sign_test_cel0.2,chunk_13,169,wt_mean,0.0018321599345653748,48
sign_test_cel0.2,chunk_13,170,GR,6.091522020598252,48
sign_test_cel0.2,chunk_13,170,IPC,6.326786424964666,48
sign_test_cel0.2,chunk_13,170,KR,3.749713065723578,48
sign_test_cel0.2,chunk_13,170,MC,4.4813349805772305,48
sign_test_cel0.2,chunk_13,170,cosine_similarity,0.6003861427307129,48
sign_test_cel0.2,chunk_13,170,wt_mean,0.0018458335835020501,48
sign_test_cel0.2,chunk_13,171,GR,6.716802815596263,48
sign_test_cel0.2,chunk_13,171,IPC,5.983172225455443,48
sign_test_cel0.2,chunk_13,171,KR,4.01761182397604,48
sign_test_cel0.2,chunk_13,171,MC,4.13187700137496,48
sign_test_cel0.2,chunk_13,171,cosine_similarity,0.6003861725330353,48
sign_test_cel0.2,chunk_13,171,wt_mean,0.001752008072799025,48
sign_test_cel0.2,chunk_13,172,GR,5.960744192202886,48
sign_test_cel0.2,chunk_13,172,IPC,7.230810360362132,48
sign_test_cel0.2,chunk_13,172,KR,3.4870799258351326,48
sign_test_cel0.2,chunk_13,172,MC,5.134507973988851,48
sign_test_cel0.2,chunk_13,172,cosine_similarity,0.6003862470388412,48
sign_test_cel0.2,chunk_13,172,wt_mean,0.0019893462012987,48
sign_test_cel0.2,chunk_13,173,GR,6.095393603046735,48
sign_test_cel0.2,chunk_13,173,IPC,7.271185809125503,48
sign_test_cel0.2,chunk_13,173,KR,3.582846293846766,48
sign_test_cel0.2,chunk_13,173,MC,4.547448520859082,48
sign_test_cel0.2,chunk_13,173,cosine_similarity,0.60038623213768,48
sign_test_cel0.2,chunk_13,173,wt_mean,0.001992523379158175,48
sign_test_cel0.2,chunk_13,174,GR,6.336511341234048,48
sign_test_cel0.2,chunk_13,174,IPC,6.907994281500578,48
sign_test_cel0.2,chunk_13,174,KR,3.6855690206090608,48
sign_test_cel0.2,chunk_13,174,MC,5.107653570671876,48
sign_test_cel0.2,chunk_13,174,cosine_similarity,0.6003862470388412,48
sign_test_cel0.2,chunk_13,174,wt_mean,0.002051775256404625,48
sign_test_cel0.2,chunk_13,175,GR,6.778233443697293,48
sign_test_cel0.2,chunk_13,175,IPC,7.16523094723622,48
sign_test_cel0.2,chunk_13,175,KR,3.947241596877575,48
sign_test_cel0.2,chunk_13,175,MC,4.727196147044499,48
sign_test_cel0.2,chunk_13,175,cosine_similarity,0.6003862023353577,48
sign_test_cel0.2,chunk_13,175,wt_mean,0.0018911906227003252,48
sign_test_cel0.2,chunk_13,176,GR,6.345772055288156,48
sign_test_cel0.2,chunk_13,176,IPC,6.511568378657103,48
sign_test_cel0.2,chunk_13,176,KR,3.8747309197982154,48
sign_test_cel0.2,chunk_13,176,MC,4.700754391650359,48
sign_test_cel0.2,chunk_13,176,cosine_similarity,0.6003863364458084,48
sign_test_cel0.2,chunk_13,176,wt_mean,0.0019808100769295746,48
sign_test_cel0.2,chunk_13,177,GR,7.682759481171767,48
sign_test_cel0.2,chunk_13,177,IPC,7.421850870052974,48
sign_test_cel0.2,chunk_13,177,KR,4.5417277465264005,48
sign_test_cel0.2,chunk_13,177,MC,5.023610204458237,48
sign_test_cel0.2,chunk_13,177,cosine_similarity,0.60038623213768,48
sign_test_cel0.2,chunk_13,177,wt_mean,0.0021310231240931504,48
sign_test_cel0.2,chunk_14,178,GR,6.475587097307046,48
sign_test_cel0.2,chunk_14,178,IPC,6.069150920957327,48
sign_test_cel0.2,chunk_14,178,KR,3.792118305961291,48
sign_test_cel0.2,chunk_14,178,MC,4.194964090983073,48
sign_test_cel0.2,chunk_14,178,cosine_similarity,0.60038623213768,48
sign_test_cel0.2,chunk_14,178,wt_mean,0.0018776736105791502,48
sign_test_cel0.2,chunk_14,179,GR,5.2752082745234175,48
sign_test_cel0.2,chunk_14,179,IPC,6.836235300948222,48
sign_test_cel0.2,chunk_14,179,KR,3.204820044338703,48
sign_test_cel0.2,chunk_14,179,MC,4.507635898888111,48
sign_test_cel0.2,chunk_14,179,cosine_similarity,0.6003863215446472,48
sign_test_cel0.2,chunk_14,179,wt_mean,0.0018404167203697498,48
sign_test_cel0.2,chunk_14,180,GR,7.153969414532185,48
sign_test_cel0.2,chunk_14,180,IPC,7.351790862778823,48
sign_test_cel0.2,chunk_14,180,KR,3.904005485276381,48
sign_test_cel0.2,chunk_14,180,MC,5.096179842948914,48
sign_test_cel0.2,chunk_14,180,cosine_similarity,0.6003861725330353,48
sign_test_cel0.2,chunk_14,180,wt_mean,0.0020441488595679,48
sign_test_cel0.2,chunk_14,181,GR,6.943302738169829,48
sign_test_cel0.2,chunk_14,181,IPC,6.608174566179514,48
sign_test_cel0.2,chunk_14,181,KR,4.018315302828948,48
sign_test_cel0.2,chunk_14,181,MC,4.7827134529749555,48
sign_test_cel0.2,chunk_14,181,cosine_similarity,0.6003863215446472,48
sign_test_cel0.2,chunk_14,181,wt_mean,0.0019171265012118749,48
sign_test_cel0.2,chunk_14,182,GR,4.989165522158146,48
sign_test_cel0.2,chunk_14,182,IPC,7.24921418974797,48
sign_test_cel0.2,chunk_14,182,KR,3.0762718841433525,48
sign_test_cel0.2,chunk_14,182,MC,4.99308405816555,48
sign_test_cel0.2,chunk_14,182,cosine_similarity,0.6003862619400024,48
sign_test_cel0.2,chunk_14,182,wt_mean,0.00183782490785225,48
sign_test_cel0.2,chunk_14,183,GR,5.180647470057011,48
sign_test_cel0.2,chunk_14,183,IPC,6.972327669461568,48
sign_test_cel0.2,chunk_14,183,KR,3.1826975469787917,48
sign_test_cel0.2,chunk_14,183,MC,4.506296152869861,48
sign_test_cel0.2,chunk_14,183,cosine_similarity,0.6003863364458084,48
sign_test_cel0.2,chunk_14,183,wt_mean,0.0018247903208247502,48
sign_test_cel0.2,chunk_14,184,GR,7.8902400235335035,48
sign_test_cel0.2,chunk_14,184,IPC,6.701179931561152,48
sign_test_cel0.2,chunk_14,184,KR,4.338310917218526,48
sign_test_cel0.2,chunk_14,184,MC,4.415115490555763,48
sign_test_cel0.2,chunk_14,184,cosine_similarity,0.6003861725330353,48
sign_test_cel0.2,chunk_14,184,wt_mean,0.001986710471101075,48
sign_test_cel0.2,chunk_14,185,GR,6.310820701221625,48
sign_test_cel0.2,chunk_14,185,IPC,6.556713458150625,48
sign_test_cel0.2,chunk_14,185,KR,3.633582460383574,48
sign_test_cel0.2,chunk_14,185,MC,4.438395823041598,48
sign_test_cel0.2,chunk_14,185,cosine_similarity,0.600386381149292,48
sign_test_cel0.2,chunk_14,185,wt_mean,0.002054913347819775,48
sign_test_cel0.2,chunk_14,186,GR,6.0081804518898325,48
sign_test_cel0.2,chunk_14,186,IPC,6.866171132773161,48
sign_test_cel0.2,chunk_14,186,KR,3.5515047212441764,48
sign_test_cel0.2,chunk_14,186,MC,4.448168287674586,48
sign_test_cel0.2,chunk_14,186,cosine_similarity,0.600386381149292,48
sign_test_cel0.2,chunk_14,186,wt_mean,0.0018515869160182247,48
sign_test_cel0.2,chunk_14,187,GR,6.462615872422854,48
sign_test_cel0.2,chunk_14,187,IPC,6.390431098639965,48
sign_test_cel0.2,chunk_14,187,KR,3.8175661861896515,48
sign_test_cel0.2,chunk_14,187,MC,4.595472221573194,48
sign_test_cel0.2,chunk_14,187,cosine_similarity,0.6003862917423248,48
sign_test_cel0.2,chunk_14,187,wt_mean,0.0019357435812707498,48
sign_test_cel0.2,chunk_14,188,GR,6.970474138855934,48
sign_test_cel0.2,chunk_14,188,IPC,7.252790148059527,48
sign_test_cel0.2,chunk_14,188,KR,4.010950336853663,48
sign_test_cel0.2,chunk_14,188,MC,5.069819745918115,48
sign_test_cel0.2,chunk_14,188,cosine_similarity,0.6003862023353577,48
sign_test_cel0.2,chunk_14,188,wt_mean,0.001969581149751275,48
sign_test_cel0.2,chunk_14,189,GR,5.944825197259585,48
sign_test_cel0.2,chunk_14,189,IPC,6.915049326916535,48
sign_test_cel0.2,chunk_14,189,KR,3.704327409466108,48
sign_test_cel0.2,chunk_14,189,MC,4.618311397731304,48
sign_test_cel0.2,chunk_14,189,cosine_similarity,0.60038623213768,48
sign_test_cel0.2,chunk_14,189,wt_mean,0.00176245963666585,48
sign_test_cel0.2,chunk_15,190,GR,6.673686432341735,48
sign_test_cel0.2,chunk_15,190,IPC,6.1331597690780955,48
sign_test_cel0.2,chunk_15,190,KR,3.8641675685842833,48
sign_test_cel0.2,chunk_15,190,MC,4.481447257101536,48
sign_test_cel0.2,chunk_15,190,cosine_similarity,0.6003862619400024,48
sign_test_cel0.2,chunk_15,190,wt_mean,0.0019677106756716503,48
sign_test_cel0.2,chunk_15,191,GR,4.985603471597035,48
sign_test_cel0.2,chunk_15,191,IPC,6.906093782434861,48
sign_test_cel0.2,chunk_15,191,KR,3.008556897441546,48
sign_test_cel0.2,chunk_15,191,MC,4.6479525317748385,48
sign_test_cel0.2,chunk_15,191,cosine_similarity,0.6003862172365189,48
sign_test_cel0.2,chunk_15,191,wt_mean,0.00179993416531935,48
sign_test_cel0.2,chunk_15,192,GR,7.138403269151847,48
sign_test_cel0.2,chunk_15,192,IPC,7.921510826796293,48
sign_test_cel0.2,chunk_15,192,KR,4.142574081818263,48
sign_test_cel0.2,chunk_15,192,MC,5.508304685354233,48
sign_test_cel0.2,chunk_15,192,cosine_similarity,0.6003861427307129,48
sign_test_cel0.2,chunk_15,192,wt_mean,0.0021455475944094,48
sign_test_cel0.2,chunk_15,193,GR,6.024950894216697,48
sign_test_cel0.2,chunk_15,193,IPC,6.803000250210364,48
sign_test_cel0.2,chunk_15,193,KR,3.6252042974034944,48
sign_test_cel0.2,chunk_15,193,MC,4.7274914383888245,48
sign_test_cel0.2,chunk_15,193,cosine_similarity,0.6003862023353577,48
sign_test_cel0.2,chunk_15,193,wt_mean,0.001852079789387025,48
sign_test_cel0.2,chunk_15,194,GR,6.556295375029246,48
sign_test_cel0.2,chunk_15,194,IPC,7.192716853072246,48
sign_test_cel0.2,chunk_15,194,KR,3.7110489582022033,48
sign_test_cel0.2,chunk_15,194,MC,4.433208172520001,48
sign_test_cel0.2,chunk_15,194,cosine_similarity,0.6003859639167786,48
sign_test_cel0.2,chunk_15,194,wt_mean,0.0019409294764045,48
sign_test_cel0.2,chunk_15,195,GR,7.394624133904775,48
sign_test_cel0.2,chunk_15,195,IPC,6.821242536107699,48
sign_test_cel0.2,chunk_15,195,KR,4.182645032803218,48
sign_test_cel0.2,chunk_15,195,MC,4.295381324986617,48
sign_test_cel0.2,chunk_15,195,cosine_similarity,0.6003862172365189,48
sign_test_cel0.2,chunk_15,195,wt_mean,0.001891028980025975,48
sign_test_cel0.2,chunk_15,196,GR,6.093696678678195,48
sign_test_cel0.2,chunk_15,196,IPC,6.610254266609748,48
sign_test_cel0.2,chunk_15,196,KR,3.634722533325354,48
sign_test_cel0.2,chunk_15,196,MC,4.249689437448978,48
sign_test_cel0.2,chunk_15,196,cosine_similarity,0.6003860235214233,48
sign_test_cel0.2,chunk_15,196,wt_mean,0.00178547928226175,48
sign_test_cel0.2,chunk_15,197,GR,7.26079598814249,48
sign_test_cel0.2,chunk_15,197,IPC,6.689247993131478,48
sign_test_cel0.2,chunk_15,197,KR,4.273933857679367,48
sign_test_cel0.2,chunk_15,197,MC,4.3553957641124725,48
sign_test_cel0.2,chunk_15,197,cosine_similarity,0.6003862470388412,48
sign_test_cel0.2,chunk_15,197,wt_mean,0.0020018461509607,48
sign_test_cel0.2,chunk_15,198,GR,6.9126915608843165,48
sign_test_cel0.2,chunk_15,198,IPC,7.320958438018958,48
sign_test_cel0.2,chunk_15,198,KR,3.837326449652513,48
sign_test_cel0.2,chunk_15,198,MC,5.1345311378439265,48
sign_test_cel0.2,chunk_15,198,cosine_similarity,0.6003861576318741,48
sign_test_cel0.2,chunk_15,198,wt_mean,0.0020384285598993,48
sign_test_cel0.2,chunk_15,199,GR,7.365059653917949,48
sign_test_cel0.2,chunk_15,199,IPC,6.163670901209116,48
sign_test_cel0.2,chunk_15,199,KR,4.23196758578221,48
sign_test_cel0.2,chunk_15,199,MC,4.3724211901426315,48
sign_test_cel0.2,chunk_15,199,cosine_similarity,0.6003861874341965,48
sign_test_cel0.2,chunk_15,199,wt_mean,0.0019503295479807248,48
sign_test_cel0.2,chunk_15,200,GR,6.180055931210518,48
sign_test_cel0.2,chunk_15,200,IPC,7.394300315529108,48
sign_test_cel0.2,chunk_15,200,KR,3.701116499801477,48
sign_test_cel0.2,chunk_15,200,MC,5.082278907299042,48
sign_test_cel0.2,chunk_15,200,cosine_similarity,0.6003862768411636,48
sign_test_cel0.2,chunk_15,200,wt_mean,0.0019958445045631,48
sign_test_cel0.2,chunk_15,201,GR,7.66564064224561,48
sign_test_cel0.2,chunk_15,201,IPC,6.344380161414544,48
sign_test_cel0.2,chunk_15,201,KR,4.494064837694168,48
sign_test_cel0.2,chunk_15,201,MC,4.456787983576457,48
sign_test_cel0.2,chunk_15,201,cosine_similarity,0.600386306643486,48
sign_test_cel0.2,chunk_15,201,wt_mean,0.0018978801090270001,48
sign_test_cel0.2,chunk_16,202,GR,5.579516187310219,48
sign_test_cel0.2,chunk_16,202,IPC,6.3183687801162405,48
sign_test_cel0.2,chunk_16,202,KR,3.4743992065389953,48
sign_test_cel0.2,chunk_16,202,MC,4.375473459561666,48
sign_test_cel0.2,chunk_16,202,cosine_similarity,0.6003862917423248,48
sign_test_cel0.2,chunk_16,202,wt_mean,0.0018170291150454,48
sign_test_cel0.2,chunk_16,203,GR,6.557768302659194,48
sign_test_cel0.2,chunk_16,203,IPC,7.356896777947743,48
sign_test_cel0.2,chunk_16,203,KR,4.048144342998664,48
sign_test_cel0.2,chunk_16,203,MC,4.698406100273132,48
sign_test_cel0.2,chunk_16,203,cosine_similarity,0.6003863364458084,48
sign_test_cel0.2,chunk_16,203,wt_mean,0.0019249183824285,48
sign_test_cel0.2,chunk_16,204,GR,5.595337584614754,48
sign_test_cel0.2,chunk_16,204,IPC,7.321301639080048,48
sign_test_cel0.2,chunk_16,204,KR,3.5026872605085373,48
sign_test_cel0.2,chunk_16,204,MC,4.720164696375529,48
sign_test_cel0.2,chunk_16,204,cosine_similarity,0.6003862470388412,48
sign_test_cel0.2,chunk_16,204,wt_mean,0.00194270649808455,48
sign_test_cel0.2,chunk_16,205,GR,7.319752146800359,48
sign_test_cel0.2,chunk_16,205,IPC,6.9867270005246,48
sign_test_cel0.2,chunk_16,205,KR,4.284083502988021,48
sign_test_cel0.2,chunk_16,205,MC,4.851979618271192,48
sign_test_cel0.2,chunk_16,205,cosine_similarity,0.6003863364458084,48
sign_test_cel0.2,chunk_16,205,wt_mean,0.002101846330333425,48
sign_test_cel0.2,chunk_16,206,GR,6.919366240501404,48
sign_test_cel0.2,chunk_16,206,IPC,6.363830919067065,48
sign_test_cel0.2,chunk_16,206,KR,4.131467789411545,48
sign_test_cel0.2,chunk_16,206,MC,4.480062201619148,48
sign_test_cel0.2,chunk_16,206,cosine_similarity,0.6003863215446472,48
sign_test_cel0.2,chunk_16,206,wt_mean,0.002010152471484575,48
sign_test_cel0.2,chunk_16,207,GR,7.034382224082947,48
sign_test_cel0.2,chunk_16,207,IPC,5.829259778062503,48
sign_test_cel0.2,chunk_16,207,KR,4.095569123824437,48
sign_test_cel0.2,chunk_16,207,MC,4.129469532519579,48
sign_test_cel0.2,chunk_16,207,cosine_similarity,0.600386381149292,48
sign_test_cel0.2,chunk_16,207,wt_mean,0.001890181476483075,48
sign_test_cel0.2,chunk_16,208,GR,6.074608815213044,48
sign_test_cel0.2,chunk_16,208,IPC,6.0924106414119406,48
sign_test_cel0.2,chunk_16,208,KR,3.6181553825736046,48
sign_test_cel0.2,chunk_16,208,MC,4.298356299599011,48
sign_test_cel0.2,chunk_16,208,cosine_similarity,0.600386381149292,48
sign_test_cel0.2,chunk_16,208,wt_mean,0.0019089789129793499,48
sign_test_cel0.2,chunk_16,209,GR,7.317693717777729,48
sign_test_cel0.2,chunk_16,209,IPC,7.219632349908352,48
sign_test_cel0.2,chunk_16,209,KR,4.263303776582082,48
sign_test_cel0.2,chunk_16,209,MC,4.992787964642048,48
sign_test_cel0.2,chunk_16,209,cosine_similarity,0.6003861725330353,48
sign_test_cel0.2,chunk_16,209,wt_mean,0.0021494199172593,48
sign_test_cel0.2,chunk_16,210,GR,5.885573240617911,48
sign_test_cel0.2,chunk_16,210,IPC,6.903935618698597,48
sign_test_cel0.2,chunk_16,210,KR,3.546144336462021,48
sign_test_cel0.2,chunk_16,210,MC,4.620482422411442,48
sign_test_cel0.2,chunk_16,210,cosine_similarity,0.6003863364458084,48
sign_test_cel0.2,chunk_16,210,wt_mean,0.001992829929804375,48
sign_test_cel0.2,chunk_16,211,GR,7.035207482675712,48
sign_test_cel0.2,chunk_16,211,IPC,6.530261396119992,48
sign_test_cel0.2,chunk_16,211,KR,4.210080708066623,48
sign_test_cel0.2,chunk_16,211,MC,5.025035848220189,48
sign_test_cel0.2,chunk_16,211,cosine_similarity,0.6003861129283905,48
sign_test_cel0.2,chunk_16,211,wt_mean,0.001895921537652575,48
sign_test_cel0.2,chunk_16,212,GR,7.551445337633292,48
sign_test_cel0.2,chunk_16,212,IPC,6.086564421653748,48
sign_test_cel0.2,chunk_16,212,KR,4.3986335520943,48
sign_test_cel0.2,chunk_16,212,MC,4.756015698115031,48
sign_test_cel0.2,chunk_16,212,cosine_similarity,0.600386381149292,48
sign_test_cel0.2,chunk_16,212,wt_mean,0.002048512164037625,48
sign_test_cel0.2,chunk_16,213,GR,6.803758236269156,48
sign_test_cel0.2,chunk_16,213,IPC,6.7398670601348085,48
sign_test_cel0.2,chunk_16,213,KR,3.94090273976326,48
sign_test_cel0.2,chunk_16,213,MC,4.561844728887081,48
sign_test_cel0.2,chunk_16,213,cosine_similarity,0.6003862768411636,48
sign_test_cel0.2,chunk_16,213,wt_mean,0.00193195661995555,48
sign_test_cel0.2,chunk_17,214,GR,6.726531520485878,48
sign_test_cel0.2,chunk_17,214,IPC,7.264367714524269,48
sign_test_cel0.2,chunk_17,214,KR,3.9857066373030343,48
sign_test_cel0.2,chunk_17,214,MC,5.272431160012881,48
sign_test_cel0.2,chunk_17,214,cosine_similarity,0.6003863960504532,48
sign_test_cel0.2,chunk_17,214,wt_mean,0.0020290940010454,48
sign_test_cel0.2,chunk_17,215,GR,6.429673405985038,48
sign_test_cel0.2,chunk_17,215,IPC,6.569499668975671,48
sign_test_cel0.2,chunk_17,215,KR,3.7048443208138147,48
sign_test_cel0.2,chunk_17,215,MC,4.21098942309618,48
sign_test_cel0.2,chunk_17,215,cosine_similarity,0.6003863513469696,48
sign_test_cel0.2,chunk_17,215,wt_mean,0.00195815399638375,48
sign_test_cel0.2,chunk_17,216,GR,5.700391526023547,48
sign_test_cel0.2,chunk_17,216,IPC,6.58296891177694,48
sign_test_cel0.2,chunk_17,216,KR,3.488373671968778,48
sign_test_cel0.2,chunk_17,216,MC,4.447320943077405,48
sign_test_cel0.2,chunk_17,216,cosine_similarity,0.6003863364458084,48
sign_test_cel0.2,chunk_17,216,wt_mean,0.0019251399498898,48
sign_test_cel0.2,chunk_17,217,GR,6.1787444949150085,48
sign_test_cel0.2,chunk_17,217,IPC,6.563532865295808,48
sign_test_cel0.2,chunk_17,217,KR,3.583820663392544,48
sign_test_cel0.2,chunk_17,217,MC,4.124698939422767,48
sign_test_cel0.2,chunk_17,217,cosine_similarity,0.6003864109516144,48
sign_test_cel0.2,chunk_17,217,wt_mean,0.00184230186277995,48
sign_test_cel0.2,chunk_17,218,GR,7.546007459362348,48
sign_test_cel0.2,chunk_17,218,IPC,6.027914248406887,48
sign_test_cel0.2,chunk_17,218,KR,4.332629203796387,48
sign_test_cel0.2,chunk_17,218,MC,4.202450752258301,48
sign_test_cel0.2,chunk_17,218,cosine_similarity,0.6003862470388412,48
sign_test_cel0.2,chunk_17,218,wt_mean,0.0019144746765959498,48
sign_test_cel0.2,chunk_17,219,GR,5.923335316280524,48
sign_test_cel0.2,chunk_17,219,IPC,6.689009354760249,48
sign_test_cel0.2,chunk_17,219,KR,3.6357501099507012,48
sign_test_cel0.2,chunk_17,219,MC,4.333136027057965,48
sign_test_cel0.2,chunk_17,219,cosine_similarity,0.6003863215446472,48
sign_test_cel0.2,chunk_17,219,wt_mean,0.001781933591701025,48
sign_test_cel0.2,chunk_17,220,GR,7.04867020001014,48
sign_test_cel0.2,chunk_17,220,IPC,6.045531631757815,48
sign_test_cel0.2,chunk_17,220,KR,4.1853645741939545,48
sign_test_cel0.2,chunk_17,220,MC,4.453965321183205,48
sign_test_cel0.2,chunk_17,220,cosine_similarity,0.6003862023353577,48
sign_test_cel0.2,chunk_17,220,wt_mean,0.0018803007842506751,48
sign_test_cel0.2,chunk_17,221,GR,6.465186993281047,48
sign_test_cel0.2,chunk_17,221,IPC,7.665656597663959,48
sign_test_cel0.2,chunk_17,221,KR,3.6811452036102614,48
sign_test_cel0.2,chunk_17,221,MC,4.820198856294155,48
sign_test_cel0.2,chunk_17,221,cosine_similarity,0.6003862470388412,48
sign_test_cel0.2,chunk_17,221,wt_mean,0.0020935376523993497,48
sign_test_cel0.2,chunk_17,222,GR,5.602711262802283,48
sign_test_cel0.2,chunk_17,222,IPC,7.11709804708759,48
sign_test_cel0.2,chunk_17,222,KR,3.480159781873226,48
sign_test_cel0.2,chunk_17,222,MC,4.638669605056445,48
sign_test_cel0.2,chunk_17,222,cosine_similarity,0.6003861874341965,48
sign_test_cel0.2,chunk_17,222,wt_mean,0.00193885556655,48
sign_test_cel0.2,chunk_17,223,GR,5.688231046001117,48
sign_test_cel0.2,chunk_17,223,IPC,7.756987262517214,48
sign_test_cel0.2,chunk_17,223,KR,3.3926687141259513,48
sign_test_cel0.2,chunk_17,223,MC,5.387265476087729,48
sign_test_cel0.2,chunk_17,223,cosine_similarity,0.6003863513469696,48
sign_test_cel0.2,chunk_17,223,wt_mean,0.0019263101276009748,48
sign_test_cel0.2,chunk_17,224,GR,6.6287823269764585,48
sign_test_cel0.2,chunk_17,224,IPC,7.0331326859692735,48
sign_test_cel0.2,chunk_17,224,KR,4.008580334484577,48
sign_test_cel0.2,chunk_17,224,MC,4.825218558311462,48
sign_test_cel0.2,chunk_17,224,cosine_similarity,0.6003861725330353,48
sign_test_cel0.2,chunk_17,224,wt_mean,0.002023854089202325,48
sign_test_cel0.2,chunk_17,225,GR,7.125474728643894,48
sign_test_cel0.2,chunk_17,225,IPC,6.688330074151357,48
sign_test_cel0.2,chunk_17,225,KR,4.001751092573007,48
sign_test_cel0.2,chunk_17,225,MC,4.741681939611833,48
sign_test_cel0.2,chunk_17,225,cosine_similarity,0.6003862768411636,48
sign_test_cel0.2,chunk_17,225,wt_mean,0.0019094435847364,48
sign_test_cel0.2,chunk_18,226,GR,6.471162267029285,48
sign_test_cel0.2,chunk_18,226,IPC,6.665994580835104,48
sign_test_cel0.2,chunk_18,226,KR,3.8416674534479776,48
sign_test_cel0.2,chunk_18,226,MC,4.604497355719407,48
sign_test_cel0.2,chunk_18,226,cosine_similarity,0.6003862470388412,48
sign_test_cel0.2,chunk_18,226,wt_mean,0.0017970454646273999,48
sign_test_cel0.2,chunk_18,227,GR,7.174538743992646,48
sign_test_cel0.2,chunk_18,227,IPC,6.9614459574222565,48
sign_test_cel0.2,chunk_18,227,KR,4.060063225527604,48
sign_test_cel0.2,chunk_18,227,MC,4.691417895257473,48
sign_test_cel0.2,chunk_18,227,cosine_similarity,0.6003862917423248,48
sign_test_cel0.2,chunk_18,227,wt_mean,0.00208169705001635,48
sign_test_cel0.2,chunk_18,228,GR,5.424319264789422,48
sign_test_cel0.2,chunk_18,228,IPC,6.745418590803941,48
sign_test_cel0.2,chunk_18,228,KR,3.351459344228109,48
sign_test_cel0.2,chunk_18,228,MC,4.539548814296722,48
sign_test_cel0.2,chunk_18,228,cosine_similarity,0.6003863215446472,48
sign_test_cel0.2,chunk_18,228,wt_mean,0.001799016434233575,48
sign_test_cel0.2,chunk_18,229,GR,7.072268230219682,48
sign_test_cel0.2,chunk_18,229,IPC,6.657480056087176,48
sign_test_cel0.2,chunk_18,229,KR,4.236523260672887,48
sign_test_cel0.2,chunk_18,229,MC,4.565181240439415,48
sign_test_cel0.2,chunk_18,229,cosine_similarity,0.6003862172365189,48
sign_test_cel0.2,chunk_18,229,wt_mean,0.001990725082578075,48
sign_test_cel0.2,chunk_18,230,GR,7.33090744415919,48
sign_test_cel0.2,chunk_18,230,IPC,6.4548434515794115,48
sign_test_cel0.2,chunk_18,230,KR,4.371786221861839,48
sign_test_cel0.2,chunk_18,230,MC,4.691248295207818,48
sign_test_cel0.2,chunk_18,230,cosine_similarity,0.6003861129283905,48
sign_test_cel0.2,chunk_18,230,wt_mean,0.00219456656486725,48
sign_test_cel0.2,chunk_18,231,GR,5.8373932763934135,48
sign_test_cel0.2,chunk_18,231,IPC,6.633044114957253,48
sign_test_cel0.2,chunk_18,231,KR,3.5614441335201263,48
sign_test_cel0.2,chunk_18,231,MC,4.586044065654278,48
sign_test_cel0.2,chunk_18,231,cosine_similarity,0.6003861874341965,48
sign_test_cel0.2,chunk_18,231,wt_mean,0.0017970950575545003,48
sign_test_cel0.2,chunk_18,232,GR,7.133470843235652,48
sign_test_cel0.2,chunk_18,232,IPC,6.849763398369153,48
sign_test_cel0.2,chunk_18,232,KR,4.226369753479958,48
sign_test_cel0.2,chunk_18,232,MC,4.821728433171908,48
sign_test_cel0.2,chunk_18,232,cosine_similarity,0.6003861725330353,48
sign_test_cel0.2,chunk_18,232,wt_mean,0.001905599376186675,48
sign_test_cel0.2,chunk_18,233,GR,7.760002784430981,48
sign_test_cel0.2,chunk_18,233,IPC,7.463948778808117,48
sign_test_cel0.2,chunk_18,233,KR,4.187617632249991,48
sign_test_cel0.2,chunk_18,233,MC,5.14435338228941,48
sign_test_cel0.2,chunk_18,233,cosine_similarity,0.6003862470388412,48
sign_test_cel0.2,chunk_18,233,wt_mean,0.002135559683665575,48
sign_test_cel0.2,chunk_18,234,GR,6.639251001179218,48
sign_test_cel0.2,chunk_18,234,IPC,6.694323631624381,48
sign_test_cel0.2,chunk_18,234,KR,4.001384737590949,48
sign_test_cel0.2,chunk_18,234,MC,4.6818361183007555,48
sign_test_cel0.2,chunk_18,234,cosine_similarity,0.6003863215446472,48
sign_test_cel0.2,chunk_18,234,wt_mean,0.0019948621920774998,48
sign_test_cel0.2,chunk_18,235,GR,6.381875606874625,48
sign_test_cel0.2,chunk_18,235,IPC,6.655443597584963,48
sign_test_cel0.2,chunk_18,235,KR,3.7044325098395348,48
sign_test_cel0.2,chunk_18,235,MC,4.359895738462607,48
sign_test_cel0.2,chunk_18,235,cosine_similarity,0.6003861725330353,48
sign_test_cel0.2,chunk_18,235,wt_mean,0.0018425988091621,48
sign_test_cel0.2,chunk_18,236,GR,6.177556745707989,48
sign_test_cel0.2,chunk_18,236,IPC,7.324061814695597,48
sign_test_cel0.2,chunk_18,236,KR,3.6653075888752937,48
sign_test_cel0.2,chunk_18,236,MC,4.685851184030374,48
sign_test_cel0.2,chunk_18,236,cosine_similarity,0.60038623213768,48
sign_test_cel0.2,chunk_18,236,wt_mean,0.00208217839826825,48
sign_test_cel0.2,chunk_18,237,GR,7.457137535015742,48
sign_test_cel0.2,chunk_18,237,IPC,6.50305703903238,48
sign_test_cel0.2,chunk_18,237,KR,4.5376695692539215,48
sign_test_cel0.2,chunk_18,237,MC,4.7589746216932935,48
sign_test_cel0.2,chunk_18,237,cosine_similarity,0.6003860533237457,48
sign_test_cel0.2,chunk_18,237,wt_mean,0.00208711330196815,48
sign_test_cel0.2,chunk_19,238,GR,5.767841589947541,48
sign_test_cel0.2,chunk_19,238,IPC,5.941919885575771,48
sign_test_cel0.2,chunk_19,238,KR,3.504435566564401,48
sign_test_cel0.2,chunk_19,238,MC,4.278518409778674,48
sign_test_cel0.2,chunk_19,238,cosine_similarity,0.6003861129283905,48
sign_test_cel0.2,chunk_19,238,wt_mean,0.001856194750871425,48
sign_test_cel0.2,chunk_19,239,GR,6.599847177664439,48
sign_test_cel0.2,chunk_19,239,IPC,6.519605915993452,48
sign_test_cel0.2,chunk_19,239,KR,3.8750871320565543,48
sign_test_cel0.2,chunk_19,239,MC,4.373826524863641,48
sign_test_cel0.2,chunk_19,239,cosine_similarity,0.6003863215446472,48
sign_test_cel0.2,chunk_19,239,wt_mean,0.001950298290466825,48
sign_test_cel0.2,chunk_19,240,GR,6.39250984787941,48
sign_test_cel0.2,chunk_19,240,IPC,7.137274827808142,48
sign_test_cel0.2,chunk_19,240,KR,3.657350736359755,48
sign_test_cel0.2,chunk_19,240,MC,4.747870835165183,48
sign_test_cel0.2,chunk_19,240,cosine_similarity,0.600386381149292,48
sign_test_cel0.2,chunk_19,240,wt_mean,0.001957762084202775,48
sign_test_cel0.2,chunk_19,241,GR,8.360331589976946,48
sign_test_cel0.2,chunk_19,241,IPC,6.56235021725297,48
sign_test_cel0.2,chunk_19,241,KR,4.734765122334163,48
sign_test_cel0.2,chunk_19,241,MC,4.665748551487923,48
sign_test_cel0.2,chunk_19,241,cosine_similarity,0.600386381149292,48
sign_test_cel0.2,chunk_19,241,wt_mean,0.002173458138713575,48
sign_test_cel0.2,chunk_19,242,GR,6.681321054697037,48
sign_test_cel0.2,chunk_19,242,IPC,8.022173867871365,48
sign_test_cel0.2,chunk_19,242,KR,3.847219668328762,48
sign_test_cel0.2,chunk_19,242,MC,5.0035853038231535,48
sign_test_cel0.2,chunk_19,242,cosine_similarity,0.6003863215446472,48
sign_test_cel0.2,chunk_19,242,wt_mean,0.00206883775535965,48
sign_test_cel0.2,chunk_19,243,GR,6.339121624827385,48
sign_test_cel0.2,chunk_19,243,IPC,6.97535980741183,48
sign_test_cel0.2,chunk_19,243,KR,3.6749283174673715,48
sign_test_cel0.2,chunk_19,243,MC,4.599404349923134,48
sign_test_cel0.2,chunk_19,243,cosine_similarity,0.60038623213768,48
sign_test_cel0.2,chunk_19,243,wt_mean,0.00191158911911765,48
sign_test_cel0.2,chunk_19,244,GR,6.2873769750197726,48
sign_test_cel0.2,chunk_19,244,IPC,6.588300885011752,48
sign_test_cel0.2,chunk_19,244,KR,3.840445965528488,48
sign_test_cel0.2,chunk_19,244,MC,4.661912749210994,48
sign_test_cel0.2,chunk_19,244,cosine_similarity,0.6003862470388412,48
sign_test_cel0.2,chunk_19,244,wt_mean,0.001839689706684975,48
sign_test_cel0.2,chunk_19,245,GR,5.507999348143737,48
sign_test_cel0.2,chunk_19,245,IPC,7.123045930018027,48
sign_test_cel0.2,chunk_19,245,KR,3.48635470867157,48
sign_test_cel0.2,chunk_19,245,MC,4.875998104612033,48
sign_test_cel0.2,chunk_19,245,cosine_similarity,0.6003862172365189,48
sign_test_cel0.2,chunk_19,245,wt_mean,0.0018464055901858498,48
sign_test_cel0.2,chunk_19,246,GR,6.2894245733817415,48
sign_test_cel0.2,chunk_19,246,IPC,6.604242235422134,48
sign_test_cel0.2,chunk_19,246,KR,3.699375050763289,48
sign_test_cel0.2,chunk_19,246,MC,4.596467000742753,48
sign_test_cel0.2,chunk_19,246,cosine_similarity,0.6003863215446472,48
sign_test_cel0.2,chunk_19,246,wt_mean,0.0018724871042650002,48
sign_test_cel0.2,chunk_19,247,GR,6.229401337603728,48
sign_test_cel0.2,chunk_19,247,IPC,6.881539014478524,48
sign_test_cel0.2,chunk_19,247,KR,3.6921148772041,48
sign_test_cel0.2,chunk_19,247,MC,4.587628339727719,48
sign_test_cel0.2,chunk_19,247,cosine_similarity,0.6003860831260681,48
sign_test_cel0.2,chunk_19,247,wt_mean,0.0019624388951342,48
sign_test_cel0.2,chunk_19,248,GR,7.727735348045826,48
sign_test_cel0.2,chunk_19,248,IPC,7.9078848498562975,48
sign_test_cel0.2,chunk_19,248,KR,4.501318541665872,48
sign_test_cel0.2,chunk_19,248,MC,5.610605746507645,48
sign_test_cel0.2,chunk_19,248,cosine_similarity,0.6003862917423248,48
sign_test_cel0.2,chunk_19,248,wt_mean,0.00222923530964175,48
sign_test_cel0.2,chunk_19,249,GR,6.353636100888252,48
sign_test_cel0.2,chunk_19,249,IPC,7.049720409015815,48
sign_test_cel0.2,chunk_19,249,KR,3.72169337173303,48
sign_test_cel0.2,chunk_19,249,MC,4.633334830403328,48
sign_test_cel0.2,chunk_19,249,cosine_similarity,0.6003862470388412,48
sign_test_cel0.2,chunk_19,249,wt_mean,0.0019324542372487,48
sign_test_cel0.2,chunk_2,26,GR,7.06741979221503,48
sign_test_cel0.2,chunk_2,26,IPC,5.9906449529031915,48
sign_test_cel0.2,chunk_2,26,KR,4.102605750163396,48
sign_test_cel0.2,chunk_2,26,MC,4.5064344853162766,48
sign_test_cel0.2,chunk_2,26,cosine_similarity,0.60038623213768,48
sign_test_cel0.2,chunk_2,26,wt_mean,0.001887417602119925,48
sign_test_cel0.2,chunk_2,27,GR,5.8429505452513695,48
sign_test_cel0.2,chunk_2,27,IPC,6.7520959712564945,48
sign_test_cel0.2,chunk_2,27,KR,3.649893236656984,48
sign_test_cel0.2,chunk_2,27,MC,4.774820789694786,48
sign_test_cel0.2,chunk_2,27,cosine_similarity,0.6003860980272293,48
sign_test_cel0.2,chunk_2,27,wt_mean,0.001856910006608775,48
sign_test_cel0.2,chunk_2,28,GR,7.853166311979294,48
sign_test_cel0.2,chunk_2,28,IPC,6.795368619263172,48
sign_test_cel0.2,chunk_2,28,KR,4.429737016558647,48
sign_test_cel0.2,chunk_2,28,MC,4.916805297136307,48
sign_test_cel0.2,chunk_2,28,cosine_similarity,0.6003862023353577,48
sign_test_cel0.2,chunk_2,28,wt_mean,0.00207039676024575,48
sign_test_cel0.2,chunk_2,29,GR,6.067614696919918,48
sign_test_cel0.2,chunk_2,29,IPC,5.895906053483486,48
sign_test_cel0.2,chunk_2,29,KR,3.543255696694056,48
sign_test_cel0.2,chunk_2,29,MC,4.103928097834189,48
sign_test_cel0.2,chunk_2,29,cosine_similarity,0.6003861725330353,48
sign_test_cel0.2,chunk_2,29,wt_mean,0.001906502322526625,48
sign_test_cel0.2,chunk_2,30,GR,6.656239226460457,48
sign_test_cel0.2,chunk_2,30,IPC,6.555387212584416,48
sign_test_cel0.2,chunk_2,30,KR,3.9556112438440323,48
sign_test_cel0.2,chunk_2,30,MC,4.702788720528285,48
sign_test_cel0.2,chunk_2,30,cosine_similarity,0.6003862172365189,48
sign_test_cel0.2,chunk_2,30,wt_mean,0.0019117490737698502,48
sign_test_cel0.2,chunk_2,31,GR,5.4137366736928625,48
sign_test_cel0.2,chunk_2,31,IPC,5.692388101170461,48
sign_test_cel0.2,chunk_2,31,KR,3.282508338491122,48
sign_test_cel0.2,chunk_2,31,MC,4.082984221478303,48
sign_test_cel0.2,chunk_2,31,cosine_similarity,0.6003861576318741,48
sign_test_cel0.2,chunk_2,31,wt_mean,0.001852925517596275,48
sign_test_cel0.2,chunk_2,32,GR,6.805383538206418,48
sign_test_cel0.2,chunk_2,32,IPC,6.534981913864613,48
sign_test_cel0.2,chunk_2,32,KR,4.097602774699529,48
sign_test_cel0.2,chunk_2,32,MC,4.840849958360195,48
sign_test_cel0.2,chunk_2,32,cosine_similarity,0.6003862470388412,48
sign_test_cel0.2,chunk_2,32,wt_mean,0.00200925490935325,48
sign_test_cel0.2,chunk_2,33,GR,6.9029392922918005,48
sign_test_cel0.2,chunk_2,33,IPC,7.343385842939218,48
sign_test_cel0.2,chunk_2,33,KR,4.200469466547172,48
sign_test_cel0.2,chunk_2,33,MC,5.197374537587166,48
sign_test_cel0.2,chunk_2,33,cosine_similarity,0.6003861725330353,48
sign_test_cel0.2,chunk_2,33,wt_mean,0.0020729831885546,48
sign_test_cel0.2,chunk_2,34,GR,5.68672006080548,48
sign_test_cel0.2,chunk_2,34,IPC,6.840946615984042,48
sign_test_cel0.2,chunk_2,34,KR,3.4798211654027305,48
sign_test_cel0.2,chunk_2,34,MC,4.655907577524583,48
sign_test_cel0.2,chunk_2,34,cosine_similarity,0.6003862619400024,48
sign_test_cel0.2,chunk_2,34,wt_mean,0.001932872837642175,48
sign_test_cel0.2,chunk_2,35,GR,5.777234353125095,48
sign_test_cel0.2,chunk_2,35,IPC,5.788374109814565,48
sign_test_cel0.2,chunk_2,35,KR,3.470057184497515,48
sign_test_cel0.2,chunk_2,35,MC,4.375645990173022,48
sign_test_cel0.2,chunk_2,35,cosine_similarity,0.6003862023353577,48
sign_test_cel0.2,chunk_2,35,wt_mean,0.001883089862531,48
sign_test_cel0.2,chunk_2,36,GR,6.211106389760971,48
sign_test_cel0.2,chunk_2,36,IPC,7.153232096383969,48
sign_test_cel0.2,chunk_2,36,KR,3.622135524948438,48
sign_test_cel0.2,chunk_2,36,MC,4.856827725966771,48
sign_test_cel0.2,chunk_2,36,cosine_similarity,0.6003863960504532,48
sign_test_cel0.2,chunk_2,36,wt_mean,0.0020260080927982497,48
sign_test_cel0.2,chunk_2,37,GR,5.964880516131719,48
sign_test_cel0.2,chunk_2,37,IPC,6.82099615285794,48
sign_test_cel0.2,chunk_2,37,KR,3.5483533094326654,48
sign_test_cel0.2,chunk_2,37,MC,4.5884407584865885,48
sign_test_cel0.2,chunk_2,37,cosine_similarity,0.6003862023353577,48
sign_test_cel0.2,chunk_2,37,wt_mean,0.001898123038699825,48
sign_test_cel0.2,chunk_2,38,GR,4.913406598071258,48
sign_test_cel0.2,chunk_2,38,IPC,6.626593040923278,48
sign_test_cel0.2,chunk_2,38,KR,3.0991792728503547,48
sign_test_cel0.2,chunk_2,38,MC,4.473229542374611,48
sign_test_cel0.2,chunk_2,38,cosine_similarity,0.6003862917423248,48
sign_test_cel0.2,chunk_2,38,wt_mean,0.0016478070465381501,48
sign_test_cel0.2,chunk_3,39,GR,5.872021064162254,48
sign_test_cel0.2,chunk_3,39,IPC,7.019762113690376,48
sign_test_cel0.2,chunk_3,39,KR,3.4472053423523903,48
sign_test_cel0.2,chunk_3,39,MC,4.638795152306557,48
sign_test_cel0.2,chunk_3,39,cosine_similarity,0.6003860831260681,48
sign_test_cel0.2,chunk_3,39,wt_mean,0.001766187371686075,48
sign_test_cel0.2,chunk_3,40,GR,6.884561114013195,48
sign_test_cel0.2,chunk_3,40,IPC,6.765744046618541,48
sign_test_cel0.2,chunk_3,40,KR,4.1662789011995,48
sign_test_cel0.2,chunk_3,40,MC,4.414644005397956,48
sign_test_cel0.2,chunk_3,40,cosine_similarity,0.6003862172365189,48
sign_test_cel0.2,chunk_3,40,wt_mean,0.001976896834094025,48
sign_test_cel0.2,chunk_3,41,GR,6.104401546219985,48
sign_test_cel0.2,chunk_3,41,IPC,6.380327707777421,48
sign_test_cel0.2,chunk_3,41,KR,3.5508065273364386,48
sign_test_cel0.2,chunk_3,41,MC,4.3997170974810915,48
sign_test_cel0.2,chunk_3,41,cosine_similarity,0.6003862768411636,48
sign_test_cel0.2,chunk_3,41,wt_mean,0.0018782144761643749,48
sign_test_cel0.2,chunk_3,42,GR,5.703041483958562,48
sign_test_cel0.2,chunk_3,42,IPC,6.919255508730809,48
sign_test_cel0.2,chunk_3,42,KR,3.3933330476284027,48
sign_test_cel0.2,chunk_3,42,MC,4.396886736154556,48
sign_test_cel0.2,chunk_3,42,cosine_similarity,0.6003863215446472,48
sign_test_cel0.2,chunk_3,42,wt_mean,0.0018395009392406252,48
sign_test_cel0.2,chunk_3,43,GR,6.3024830793341,48
sign_test_cel0.2,chunk_3,43,IPC,7.099121174464623,48
sign_test_cel0.2,chunk_3,43,KR,3.689998798072338,48
sign_test_cel0.2,chunk_3,43,MC,5.292201767365138,48
sign_test_cel0.2,chunk_3,43,cosine_similarity,0.60038623213768,48
sign_test_cel0.2,chunk_3,43,wt_mean,0.0018115771235897502,48
sign_test_cel0.2,chunk_3,44,GR,5.631558147569497,48
sign_test_cel0.2,chunk_3,44,IPC,6.964250496278207,48
sign_test_cel0.2,chunk_3,44,KR,3.4496934736768403,48
sign_test_cel0.2,chunk_3,44,MC,4.972935659190019,48
sign_test_cel0.2,chunk_3,44,cosine_similarity,0.6003862470388412,48
sign_test_cel0.2,chunk_3,44,wt_mean,0.0018855486996471249,48
sign_test_cel0.2,chunk_3,45,GR,6.363965322573979,48
sign_test_cel0.2,chunk_3,45,IPC,7.4873853996396065,48
sign_test_cel0.2,chunk_3,45,KR,3.839724918206533,48
sign_test_cel0.2,chunk_3,45,MC,5.026116828123729,48
sign_test_cel0.2,chunk_3,45,cosine_similarity,0.6003862917423248,48
sign_test_cel0.2,chunk_3,45,wt_mean,0.002111870562657675,48
sign_test_cel0.2,chunk_3,46,GR,5.421479031443596,48
sign_test_cel0.2,chunk_3,46,IPC,6.869481842964888,48
sign_test_cel0.2,chunk_3,46,KR,3.365235755840937,48
sign_test_cel0.2,chunk_3,46,MC,4.485246524214745,48
sign_test_cel0.2,chunk_3,46,cosine_similarity,0.6003864109516144,48
sign_test_cel0.2,chunk_3,46,wt_mean,0.0018078167922794249,48
sign_test_cel0.2,chunk_3,47,GR,8.006278519829115,48
sign_test_cel0.2,chunk_3,47,IPC,7.437109676500161,48
sign_test_cel0.2,chunk_3,47,KR,4.55038168032964,48
sign_test_cel0.2,chunk_3,47,MC,5.020151183009148,48
sign_test_cel0.2,chunk_3,47,cosine_similarity,0.600386306643486,48
sign_test_cel0.2,chunk_3,47,wt_mean,0.00212025997461745,48
sign_test_cel0.2,chunk_3,48,GR,7.10939243187507,48
sign_test_cel0.2,chunk_3,48,IPC,6.617433689534664,48
sign_test_cel0.2,chunk_3,48,KR,4.170451395213604,48
sign_test_cel0.2,chunk_3,48,MC,4.370721861720085,48
sign_test_cel0.2,chunk_3,48,cosine_similarity,0.6003862023353577,48
sign_test_cel0.2,chunk_3,48,wt_mean,0.0019193672051187,48
sign_test_cel0.2,chunk_3,49,GR,6.743499954541524,48
sign_test_cel0.2,chunk_3,49,IPC,6.562916148453951,48
sign_test_cel0.2,chunk_3,49,KR,4.016891007622083,48
sign_test_cel0.2,chunk_3,49,MC,4.096023400624593,48
sign_test_cel0.2,chunk_3,49,cosine_similarity,0.6003862023353577,48
sign_test_cel0.2,chunk_3,49,wt_mean,0.0019042487838305002,48
sign_test_cel0.2,chunk_3,50,GR,5.958852251370748,48
sign_test_cel0.2,chunk_3,50,IPC,7.671546132614215,48
sign_test_cel0.2,chunk_3,50,KR,3.687588463226954,48
sign_test_cel0.2,chunk_3,50,MC,5.087670927246411,48
sign_test_cel0.2,chunk_3,50,cosine_similarity,0.6003863215446472,48
sign_test_cel0.2,chunk_3,50,wt_mean,0.0020940378599334,48
sign_test_cel0.2,chunk_3,51,GR,6.279981488982837,48
sign_test_cel0.2,chunk_3,51,IPC,6.227346388002236,48
sign_test_cel0.2,chunk_3,51,KR,3.7712139363090196,48
sign_test_cel0.2,chunk_3,51,MC,4.657639323423306,48
sign_test_cel0.2,chunk_3,51,cosine_similarity,0.6003862172365189,48
sign_test_cel0.2,chunk_3,51,wt_mean,0.0019529896962921748,48
sign_test_cel0.2,chunk_4,52,GR,5.712698007623355,48
sign_test_cel0.2,chunk_4,52,IPC,7.176033813506365,48
sign_test_cel0.2,chunk_4,52,KR,3.5208768670757613,48
sign_test_cel0.2,chunk_4,52,MC,4.822796317438285,48
sign_test_cel0.2,chunk_4,52,cosine_similarity,0.6003862768411636,48
sign_test_cel0.2,chunk_4,52,wt_mean,0.00201566080795595,48
sign_test_cel0.2,chunk_4,53,GR,7.151817247271538,48
sign_test_cel0.2,chunk_4,53,IPC,6.30193754285574,48
sign_test_cel0.2,chunk_4,53,KR,4.141954762240251,48
sign_test_cel0.2,chunk_4,53,MC,4.295218661427498,48
sign_test_cel0.2,chunk_4,53,cosine_similarity,0.6003861874341965,48
sign_test_cel0.2,chunk_4,53,wt_mean,0.0019592112512326998,48
sign_test_cel0.2,chunk_4,54,GR,5.913250871002674,48
sign_test_cel0.2,chunk_4,54,IPC,6.945264680931966,48
sign_test_cel0.2,chunk_4,54,KR,3.441519940892855,48
sign_test_cel0.2,chunk_4,54,MC,4.666498663524787,48
sign_test_cel0.2,chunk_4,54,cosine_similarity,0.6003862470388412,48
sign_test_cel0.2,chunk_4,54,wt_mean,0.001993901823880075,48
sign_test_cel0.2,chunk_4,55,GR,6.42165086666743,48
sign_test_cel0.2,chunk_4,55,IPC,6.956669216354688,48
sign_test_cel0.2,chunk_4,55,KR,3.7654547666509948,48
sign_test_cel0.2,chunk_4,55,MC,4.788179251054923,48
sign_test_cel0.2,chunk_4,55,cosine_similarity,0.6003862172365189,48
sign_test_cel0.2,chunk_4,55,wt_mean,0.00194192511844445,48
sign_test_cel0.2,chunk_4,56,GR,5.3822201291720075,48
sign_test_cel0.2,chunk_4,56,IPC,6.440270149459441,48
sign_test_cel0.2,chunk_4,56,KR,3.2857389425237975,48
sign_test_cel0.2,chunk_4,56,MC,4.794388681650162,48
sign_test_cel0.2,chunk_4,56,cosine_similarity,0.6003863215446472,48
sign_test_cel0.2,chunk_4,56,wt_mean,0.00193415454123165,48
sign_test_cel0.2,chunk_4,57,GR,6.685844533145428,48
sign_test_cel0.2,chunk_4,57,IPC,6.092029062410195,48
sign_test_cel0.2,chunk_4,57,KR,3.9750200286507607,48
sign_test_cel0.2,chunk_4,57,MC,4.066892243921757,48
sign_test_cel0.2,chunk_4,57,cosine_similarity,0.6003861874341965,48
sign_test_cel0.2,chunk_4,57,wt_mean,0.0018234559975098,48
sign_test_cel0.2,chunk_4,58,GR,5.748686735828717,48
sign_test_cel0.2,chunk_4,58,IPC,6.485952991992235,48
sign_test_cel0.2,chunk_4,58,KR,3.547099227706591,48
sign_test_cel0.2,chunk_4,58,MC,4.234698136647542,48
sign_test_cel0.2,chunk_4,58,cosine_similarity,0.6003863662481308,48
sign_test_cel0.2,chunk_4,58,wt_mean,0.001905124314362125,48
sign_test_cel0.2,chunk_4,59,GR,7.317920046548049,48
sign_test_cel0.2,chunk_4,59,IPC,7.34277639662226,48
sign_test_cel0.2,chunk_4,59,KR,4.09653760989507,48
sign_test_cel0.2,chunk_4,59,MC,5.0403827379147215,48
sign_test_cel0.2,chunk_4,59,cosine_similarity,0.6003862768411636,48
sign_test_cel0.2,chunk_4,59,wt_mean,0.001925678981933675,48
sign_test_cel0.2,chunk_4,60,GR,7.285766460001469,48
sign_test_cel0.2,chunk_4,60,IPC,6.533434179921945,48
sign_test_cel0.2,chunk_4,60,KR,4.340989475448926,48
sign_test_cel0.2,chunk_4,60,MC,4.551440596580505,48
sign_test_cel0.2,chunk_4,60,cosine_similarity,0.6003862172365189,48
sign_test_cel0.2,chunk_4,60,wt_mean,0.0020219546568114003,48
sign_test_cel0.2,chunk_4,61,GR,7.448684466381867,48
sign_test_cel0.2,chunk_4,61,IPC,6.487311411648989,48
sign_test_cel0.2,chunk_4,61,KR,4.230807622273763,48
sign_test_cel0.2,chunk_4,61,MC,4.187068241337935,48
sign_test_cel0.2,chunk_4,61,cosine_similarity,0.6003862023353577,48
sign_test_cel0.2,chunk_4,61,wt_mean,0.001898649876238725,48
sign_test_cel0.2,chunk_4,62,GR,7.512904437879722,48
sign_test_cel0.2,chunk_4,62,IPC,7.121623042970896,48
sign_test_cel0.2,chunk_4,62,KR,4.37540532151858,48
sign_test_cel0.2,chunk_4,62,MC,5.014953628182411,48
sign_test_cel0.2,chunk_4,62,cosine_similarity,0.6003862619400024,48
sign_test_cel0.2,chunk_4,62,wt_mean,0.001995312573853825,48
sign_test_cel0.2,chunk_4,63,GR,6.105838256577651,48
sign_test_cel0.2,chunk_4,63,IPC,7.4056454586486025,48
sign_test_cel0.2,chunk_4,63,KR,3.816910296678543,48
sign_test_cel0.2,chunk_4,63,MC,4.800400172670682,48
sign_test_cel0.2,chunk_4,63,cosine_similarity,0.6003862917423248,48
sign_test_cel0.2,chunk_4,63,wt_mean,0.001883289398392625,48
sign_test_cel0.2,chunk_4,64,GR,6.500057506064574,48
sign_test_cel0.2,chunk_4,64,IPC,7.084564030170441,48
sign_test_cel0.2,chunk_4,64,KR,3.993075961867968,48
sign_test_cel0.2,chunk_4,64,MC,4.690883065263431,48
sign_test_cel0.2,chunk_4,64,cosine_similarity,0.6003862917423248,48
sign_test_cel0.2,chunk_4,64,wt_mean,0.001933249412104425,48
sign_test_cel0.2,chunk_5,65,GR,7.306723741193612,48
sign_test_cel0.2,chunk_5,65,IPC,7.923723905036847,48
sign_test_cel0.2,chunk_5,65,KR,4.153360436360042,48
sign_test_cel0.2,chunk_5,65,MC,5.573145389556885,48
sign_test_cel0.2,chunk_5,65,cosine_similarity,0.6003861129283905,48
sign_test_cel0.2,chunk_5,65,wt_mean,0.002023751760134425,48
sign_test_cel0.2,chunk_5,66,GR,6.24326438208421,48
sign_test_cel0.2,chunk_5,66,IPC,7.388220217078924,48
sign_test_cel0.2,chunk_5,66,KR,3.7690206790963807,48
sign_test_cel0.2,chunk_5,66,MC,4.8367040405670805,48
sign_test_cel0.2,chunk_5,66,cosine_similarity,0.600386381149292,48
sign_test_cel0.2,chunk_5,66,wt_mean,0.0020516898075584,48
sign_test_cel0.2,chunk_5,67,GR,5.812540257970492,48
sign_test_cel0.2,chunk_5,67,IPC,7.392398065576951,48
sign_test_cel0.2,chunk_5,67,KR,3.553670182824135,48
sign_test_cel0.2,chunk_5,67,MC,5.000282054146131,48
sign_test_cel0.2,chunk_5,67,cosine_similarity,0.6003863364458084,48
sign_test_cel0.2,chunk_5,67,wt_mean,0.001863099780166475,48
sign_test_cel0.2,chunk_5,68,GR,5.314033309618632,48
sign_test_cel0.2,chunk_5,68,IPC,7.135182784249385,48
sign_test_cel0.2,chunk_5,68,KR,3.1946494579315186,48
sign_test_cel0.2,chunk_5,68,MC,4.875335554281871,48
sign_test_cel0.2,chunk_5,68,cosine_similarity,0.6003861874341965,48
sign_test_cel0.2,chunk_5,68,wt_mean,0.0018733269826043,48
sign_test_cel0.2,chunk_5,69,GR,5.413879419366519,48
sign_test_cel0.2,chunk_5,69,IPC,6.732085965573788,48
sign_test_cel0.2,chunk_5,69,KR,3.2857341592510543,48
sign_test_cel0.2,chunk_5,69,MC,4.5204638838768005,48
sign_test_cel0.2,chunk_5,69,cosine_similarity,0.6003861129283905,48
sign_test_cel0.2,chunk_5,69,wt_mean,0.0018708057177718,48
sign_test_cel0.2,chunk_5,70,GR,5.818791009485722,48
sign_test_cel0.2,chunk_5,70,IPC,6.928564918537934,48
sign_test_cel0.2,chunk_5,70,KR,3.5406647995114326,48
sign_test_cel0.2,chunk_5,70,MC,4.443958061436812,48
sign_test_cel0.2,chunk_5,70,cosine_similarity,0.6003861427307129,48
sign_test_cel0.2,chunk_5,70,wt_mean,0.001842649391619425,48
sign_test_cel0.2,chunk_5,71,GR,7.498064671953519,48
sign_test_cel0.2,chunk_5,71,IPC,6.9154238402843475,48
sign_test_cel0.2,chunk_5,71,KR,4.299444131553173,48
sign_test_cel0.2,chunk_5,71,MC,4.710194836060206,48
sign_test_cel0.2,chunk_5,71,cosine_similarity,0.60038623213768,48
sign_test_cel0.2,chunk_5,71,wt_mean,0.002028131886618175,48
sign_test_cel0.2,chunk_5,72,GR,6.4727841566006346,48
sign_test_cel0.2,chunk_5,72,IPC,6.837315977861484,48
sign_test_cel0.2,chunk_5,72,KR,3.8452849636475244,48
sign_test_cel0.2,chunk_5,72,MC,4.6563909612596035,48
sign_test_cel0.2,chunk_5,72,cosine_similarity,0.6003862917423248,48
sign_test_cel0.2,chunk_5,72,wt_mean,0.00199976682779375,48
sign_test_cel0.2,chunk_5,73,GR,6.617115753392379,48
sign_test_cel0.2,chunk_5,73,IPC,6.523261729627848,48
sign_test_cel0.2,chunk_5,73,KR,3.8182820603251457,48
sign_test_cel0.2,chunk_5,73,MC,4.500651812801759,48
sign_test_cel0.2,chunk_5,73,cosine_similarity,0.6003863364458084,48
sign_test_cel0.2,chunk_5,73,wt_mean,0.001999734144192175,48
sign_test_cel0.2,chunk_5,74,GR,6.177764107783635,48
sign_test_cel0.2,chunk_5,74,IPC,7.027268295486768,48
sign_test_cel0.2,chunk_5,74,KR,3.8079945469895997,48
sign_test_cel0.2,chunk_5,74,MC,4.748565008242925,48
sign_test_cel0.2,chunk_5,74,cosine_similarity,0.6003861576318741,48
sign_test_cel0.2,chunk_5,74,wt_mean,0.001854703528806525,48
sign_test_cel0.2,chunk_5,75,GR,6.527410584191482,48
sign_test_cel0.2,chunk_5,75,IPC,7.098543060322602,48
sign_test_cel0.2,chunk_5,75,KR,3.9069427649180093,48
sign_test_cel0.2,chunk_5,75,MC,4.903478915492694,48
sign_test_cel0.2,chunk_5,75,cosine_similarity,0.6003861874341965,48
sign_test_cel0.2,chunk_5,75,wt_mean,0.001941497030202225,48
sign_test_cel0.2,chunk_5,76,GR,5.7236636852224665,48
sign_test_cel0.2,chunk_5,76,IPC,6.386398104329904,48
sign_test_cel0.2,chunk_5,76,KR,3.39052801579237,48
sign_test_cel0.2,chunk_5,76,MC,4.395899390180905,48
sign_test_cel0.2,chunk_5,76,cosine_similarity,0.6003862470388412,48
sign_test_cel0.2,chunk_5,76,wt_mean,0.0017805883835535,48
sign_test_cel0.2,chunk_5,77,GR,6.933002623418967,48
sign_test_cel0.2,chunk_5,77,IPC,7.403831111888091,48
sign_test_cel0.2,chunk_5,77,KR,3.947449112931887,48
sign_test_cel0.2,chunk_5,77,MC,5.08563947925965,48
sign_test_cel0.2,chunk_5,77,cosine_similarity,0.6003862917423248,48
sign_test_cel0.2,chunk_5,77,wt_mean,0.002020346175413525,48
sign_test_cel0.2,chunk_6,78,GR,6.691718988120556,48
sign_test_cel0.2,chunk_6,78,IPC,6.657003736744325,48
sign_test_cel0.2,chunk_6,78,KR,3.990235490103563,48
sign_test_cel0.2,chunk_6,78,MC,4.91905411084493,48
sign_test_cel0.2,chunk_6,78,cosine_similarity,0.60038623213768,48
sign_test_cel0.2,chunk_6,78,wt_mean,0.0019753609376493247,48
sign_test_cel0.2,chunk_6,79,GR,6.1433248445391655,48
sign_test_cel0.2,chunk_6,79,IPC,6.371687043458223,48
sign_test_cel0.2,chunk_6,79,KR,3.667620934545994,48
sign_test_cel0.2,chunk_6,79,MC,4.562483417491118,48
sign_test_cel0.2,chunk_6,79,cosine_similarity,0.6003863513469696,48
sign_test_cel0.2,chunk_6,79,wt_mean,0.0018111495883203251,48
sign_test_cel0.2,chunk_6,80,GR,7.9543129950761795,48
sign_test_cel0.2,chunk_6,80,IPC,7.2590099188188715,48
sign_test_cel0.2,chunk_6,80,KR,4.572757504880428,48
sign_test_cel0.2,chunk_6,80,MC,4.802681785076857,48
sign_test_cel0.2,chunk_6,80,cosine_similarity,0.6003862470388412,48
sign_test_cel0.2,chunk_6,80,wt_mean,0.001974366401554975,48
sign_test_cel0.2,chunk_6,81,GR,7.272614506383737,48
sign_test_cel0.2,chunk_6,81,IPC,6.644000242153804,48
sign_test_cel0.2,chunk_6,81,KR,4.196495833496253,48
sign_test_cel0.2,chunk_6,81,MC,4.864855406184991,48
sign_test_cel0.2,chunk_6,81,cosine_similarity,0.6003861576318741,48
sign_test_cel0.2,chunk_6,81,wt_mean,0.002046747365966425,48
sign_test_cel0.2,chunk_6,82,GR,7.784449363748233,48
sign_test_cel0.2,chunk_6,82,IPC,6.9507422509292764,48
sign_test_cel0.2,chunk_6,82,KR,4.450339878598849,48
sign_test_cel0.2,chunk_6,82,MC,4.896946407854557,48
sign_test_cel0.2,chunk_6,82,cosine_similarity,0.6003860086202621,48
sign_test_cel0.2,chunk_6,82,wt_mean,0.0020458182552828747,48
sign_test_cel0.2,chunk_6,83,GR,5.5956075464685755,48
sign_test_cel0.2,chunk_6,83,IPC,6.747020358840625,48
sign_test_cel0.2,chunk_6,83,KR,3.3091103235880532,48
sign_test_cel0.2,chunk_6,83,MC,4.322559493283431,48
sign_test_cel0.2,chunk_6,83,cosine_similarity,0.6003863215446472,48
sign_test_cel0.2,chunk_6,83,wt_mean,0.0018466867040842251,48
sign_test_cel0.2,chunk_6,84,GR,6.26768463353316,48
sign_test_cel0.2,chunk_6,84,IPC,6.8844871409237385,48
sign_test_cel0.2,chunk_6,84,KR,3.702727230886618,48
sign_test_cel0.2,chunk_6,84,MC,4.604649394750595,48
sign_test_cel0.2,chunk_6,84,cosine_similarity,0.600385993719101,48
sign_test_cel0.2,chunk_6,84,wt_mean,0.0019116091425529999,48
sign_test_cel0.2,chunk_6,85,GR,5.915212822457154,48
sign_test_cel0.2,chunk_6,85,IPC,6.8507594751815,48
sign_test_cel0.2,chunk_6,85,KR,3.6016354809204736,48
sign_test_cel0.2,chunk_6,85,MC,4.444483357171218,48
sign_test_cel0.2,chunk_6,85,cosine_similarity,0.6003863215446472,48
sign_test_cel0.2,chunk_6,85,wt_mean,0.0018740730010904,48
sign_test_cel0.2,chunk_6,86,GR,5.1865016768376035,48
sign_test_cel0.2,chunk_6,86,IPC,7.2461813514431315,48
sign_test_cel0.2,chunk_6,86,KR,3.2101067850987115,48
sign_test_cel0.2,chunk_6,86,MC,4.866305910050869,48
sign_test_cel0.2,chunk_6,86,cosine_similarity,0.6003863513469696,48
sign_test_cel0.2,chunk_6,86,wt_mean,0.001870971173047975,48
sign_test_cel0.2,chunk_6,87,GR,5.368762748936812,48
sign_test_cel0.2,chunk_6,87,IPC,6.341690001388391,48
sign_test_cel0.2,chunk_6,87,KR,3.2131074517965317,48
sign_test_cel0.2,chunk_6,87,MC,4.404024260739486,48
sign_test_cel0.2,chunk_6,87,cosine_similarity,0.6003860533237457,48
sign_test_cel0.2,chunk_6,87,wt_mean,0.0017891120514832001,48
sign_test_cel0.2,chunk_6,88,GR,5.448373434444268,48
sign_test_cel0.2,chunk_6,88,IPC,6.127536817143361,48
sign_test_cel0.2,chunk_6,88,KR,3.329377621412277,48
sign_test_cel0.2,chunk_6,88,MC,4.674376770853996,48
sign_test_cel0.2,chunk_6,88,cosine_similarity,0.6003862619400024,48
sign_test_cel0.2,chunk_6,88,wt_mean,0.00174434683867725,48
sign_test_cel0.2,chunk_6,89,GR,6.204856462776661,48
sign_test_cel0.2,chunk_6,89,IPC,6.512823171913624,48
sign_test_cel0.2,chunk_6,89,KR,3.7049607262015343,48
sign_test_cel0.2,chunk_6,89,MC,4.676959430178006,48
sign_test_cel0.2,chunk_6,89,cosine_similarity,0.6003863215446472,48
sign_test_cel0.2,chunk_6,89,wt_mean,0.0018835894588846251,48
sign_test_cel0.2,chunk_6,90,GR,8.293839856982231,48
sign_test_cel0.2,chunk_6,90,IPC,7.345439898471038,48
sign_test_cel0.2,chunk_6,90,KR,4.787681236863136,48
sign_test_cel0.2,chunk_6,90,MC,5.151868934432666,48
sign_test_cel0.2,chunk_6,90,cosine_similarity,0.6003863513469696,48
sign_test_cel0.2,chunk_6,90,wt_mean,0.0022009855601936,48
sign_test_cel0.2,chunk_7,100,GR,7.214528063933055,48
sign_test_cel0.2,chunk_7,100,IPC,7.115198088188966,48
sign_test_cel0.2,chunk_7,100,KR,4.302060437699159,48
sign_test_cel0.2,chunk_7,100,MC,4.703727275133133,48
sign_test_cel0.2,chunk_7,100,cosine_similarity,0.6003863513469696,48
sign_test_cel0.2,chunk_7,100,wt_mean,0.0020086345903109,48
sign_test_cel0.2,chunk_7,101,GR,6.820473675926526,48
sign_test_cel0.2,chunk_7,101,IPC,6.461456413070361,48
sign_test_cel0.2,chunk_7,101,KR,4.00505484888951,48
sign_test_cel0.2,chunk_7,101,MC,4.599382718404134,48
sign_test_cel0.2,chunk_7,101,cosine_similarity,0.6003862470388412,48
sign_test_cel0.2,chunk_7,101,wt_mean,0.0019388076907488748,48
sign_test_cel0.2,chunk_7,102,GR,6.879121656219165,48
sign_test_cel0.2,chunk_7,102,IPC,7.144352916628122,48
sign_test_cel0.2,chunk_7,102,KR,3.8522378727793694,48
sign_test_cel0.2,chunk_7,102,MC,4.869183038671811,48
sign_test_cel0.2,chunk_7,102,cosine_similarity,0.6003862619400024,48
sign_test_cel0.2,chunk_7,102,wt_mean,0.002060865052044325,48
sign_test_cel0.2,chunk_7,103,GR,5.637456029653549,48
sign_test_cel0.2,chunk_7,103,IPC,6.422876267383496,48
sign_test_cel0.2,chunk_7,103,KR,3.3610115001598992,48
sign_test_cel0.2,chunk_7,103,MC,4.162729844450951,48
sign_test_cel0.2,chunk_7,103,cosine_similarity,0.6003863662481308,48
sign_test_cel0.2,chunk_7,103,wt_mean,0.001802620245143725,48
sign_test_cel0.2,chunk_7,91,GR,6.321682080626488,48
sign_test_cel0.2,chunk_7,91,IPC,7.164792725195487,48
sign_test_cel0.2,chunk_7,91,KR,3.762701933582624,48
sign_test_cel0.2,chunk_7,91,MC,4.9372249990701675,48
sign_test_cel0.2,chunk_7,91,cosine_similarity,0.6003861278295517,48
sign_test_cel0.2,chunk_7,91,wt_mean,0.001973179023480025,48
sign_test_cel0.2,chunk_7,92,GR,7.969932864109675,48
sign_test_cel0.2,chunk_7,92,IPC,6.861239419629176,48
sign_test_cel0.2,chunk_7,92,KR,4.711832558115323,48
sign_test_cel0.2,chunk_7,92,MC,4.517458466192086,48
sign_test_cel0.2,chunk_7,92,cosine_similarity,0.60038623213768,48
sign_test_cel0.2,chunk_7,92,wt_mean,0.001967590593267175,48
sign_test_cel0.2,chunk_7,93,GR,6.96589969098568,48
sign_test_cel0.2,chunk_7,93,IPC,7.288534753024578,48
sign_test_cel0.2,chunk_7,93,KR,4.024129311243693,48
sign_test_cel0.2,chunk_7,93,MC,4.64063290009896,48
sign_test_cel0.2,chunk_7,93,cosine_similarity,0.60038623213768,48
sign_test_cel0.2,chunk_7,93,wt_mean,0.0020580433774739,48
sign_test_cel0.2,chunk_7,94,GR,6.049597630898158,48
sign_test_cel0.2,chunk_7,94,IPC,6.407229319214821,48
sign_test_cel0.2,chunk_7,94,KR,3.729789473116398,48
sign_test_cel0.2,chunk_7,94,MC,4.489429697394371,48
sign_test_cel0.2,chunk_7,94,cosine_similarity,0.6003861725330353,48
sign_test_cel0.2,chunk_7,94,wt_mean,0.00186771893640975,48
sign_test_cel0.2,chunk_7,95,GR,6.4214252804716425,48
sign_test_cel0.2,chunk_7,95,IPC,6.647057055185239,48
sign_test_cel0.2,chunk_7,95,KR,3.858355479935805,48
sign_test_cel0.2,chunk_7,95,MC,4.482571125030518,48
sign_test_cel0.2,chunk_7,95,cosine_similarity,0.6003862470388412,48
sign_test_cel0.2,chunk_7,95,wt_mean,0.001939645851962225,48
sign_test_cel0.2,chunk_7,96,GR,4.717432143787543,48
sign_test_cel0.2,chunk_7,96,IPC,6.399244310955207,48
sign_test_cel0.2,chunk_7,96,KR,2.9163605372111,48
sign_test_cel0.2,chunk_7,96,MC,4.443353117754062,48
sign_test_cel0.2,chunk_7,96,cosine_similarity,0.6003862917423248,48
sign_test_cel0.2,chunk_7,96,wt_mean,0.0017545176960993248,48
sign_test_cel0.2,chunk_7,97,GR,6.63774552444617,48
sign_test_cel0.2,chunk_7,97,IPC,6.563649170100689,48
sign_test_cel0.2,chunk_7,97,KR,4.0110826169451075,48
sign_test_cel0.2,chunk_7,97,MC,4.531064922610919,48
sign_test_cel0.2,chunk_7,97,cosine_similarity,0.6003861874341965,48
sign_test_cel0.2,chunk_7,97,wt_mean,0.001856594812124925,48
sign_test_cel0.2,chunk_7,98,GR,6.433350533246994,48
sign_test_cel0.2,chunk_7,98,IPC,7.453043804814418,48
sign_test_cel0.2,chunk_7,98,KR,3.7409282152851424,48
sign_test_cel0.2,chunk_7,98,MC,5.29339233537515,48
sign_test_cel0.2,chunk_7,98,cosine_similarity,0.60038623213768,48
sign_test_cel0.2,chunk_7,98,wt_mean,0.002055742923403125,48
sign_test_cel0.2,chunk_7,99,GR,6.157485502461593,48
sign_test_cel0.2,chunk_7,99,IPC,6.193144562343757,48
sign_test_cel0.2,chunk_7,99,KR,3.774418813486894,48
sign_test_cel0.2,chunk_7,99,MC,4.465797808021307,48
sign_test_cel0.2,chunk_7,99,cosine_similarity,0.6003860980272293,48
sign_test_cel0.2,chunk_7,99,wt_mean,0.001847876497777125,48
sign_test_cel0.2,chunk_8,104,GR,6.588237871726354,48
sign_test_cel0.2,chunk_8,104,IPC,5.984933295597632,48
sign_test_cel0.2,chunk_8,104,KR,3.9558187847336135,48
sign_test_cel0.2,chunk_8,104,MC,4.175939689079921,48
sign_test_cel0.2,chunk_8,104,cosine_similarity,0.6003862619400024,48
sign_test_cel0.2,chunk_8,104,wt_mean,0.0020037149079143502,48
sign_test_cel0.2,chunk_8,105,GR,6.344791938861211,48
sign_test_cel0.2,chunk_8,105,IPC,7.195781254520019,48
sign_test_cel0.2,chunk_8,105,KR,3.779126192132632,48
sign_test_cel0.2,chunk_8,105,MC,5.030889170865218,48
sign_test_cel0.2,chunk_8,105,cosine_similarity,0.6003862917423248,48
sign_test_cel0.2,chunk_8,105,wt_mean,0.001846400409704025,48
sign_test_cel0.2,chunk_8,106,GR,7.185862508912881,48
sign_test_cel0.2,chunk_8,106,IPC,7.250100833674272,48
sign_test_cel0.2,chunk_8,106,KR,4.206133708357811,48
sign_test_cel0.2,chunk_8,106,MC,4.8475640416145325,48
sign_test_cel0.2,chunk_8,106,cosine_similarity,0.6003862768411636,48
sign_test_cel0.2,chunk_8,106,wt_mean,0.00210670725209635,48
sign_test_cel0.2,chunk_8,107,GR,6.5716912398735685,48
sign_test_cel0.2,chunk_8,107,IPC,6.79218515381217,48
sign_test_cel0.2,chunk_8,107,KR,3.6609564820925393,48
sign_test_cel0.2,chunk_8,107,MC,4.322132994731267,48
sign_test_cel0.2,chunk_8,107,cosine_similarity,0.6003862619400024,48
sign_test_cel0.2,chunk_8,107,wt_mean,0.0020191914518362998,48
sign_test_cel0.2,chunk_8,108,GR,5.746212522188823,48
sign_test_cel0.2,chunk_8,108,IPC,6.824332409848769,48
sign_test_cel0.2,chunk_8,108,KR,3.4169538468122482,48
sign_test_cel0.2,chunk_8,108,MC,4.443739369511604,48
sign_test_cel0.2,chunk_8,108,cosine_similarity,0.6003862172365189,48
sign_test_cel0.2,chunk_8,108,wt_mean,0.001856335002230425,48
sign_test_cel0.2,chunk_8,109,GR,6.442095970114072,48
sign_test_cel0.2,chunk_8,109,IPC,6.670779831707478,48
sign_test_cel0.2,chunk_8,109,KR,3.74419654160738,48
sign_test_cel0.2,chunk_8,109,MC,4.474256361524264,48
sign_test_cel0.2,chunk_8,109,cosine_similarity,0.6003862619400024,48
sign_test_cel0.2,chunk_8,109,wt_mean,0.0019435363064985,48
sign_test_cel0.2,chunk_8,110,GR,7.740158994992574,48
sign_test_cel0.2,chunk_8,110,IPC,7.235151495784521,48
sign_test_cel0.2,chunk_8,110,KR,4.462102614343166,48
sign_test_cel0.2,chunk_8,110,MC,5.009261898696423,48
sign_test_cel0.2,chunk_8,110,cosine_similarity,0.60038623213768,48
sign_test_cel0.2,chunk_8,110,wt_mean,0.002098465047310975,48
sign_test_cel0.2,chunk_8,111,GR,5.828548786540826,48
sign_test_cel0.2,chunk_8,111,IPC,6.612143682936828,48
sign_test_cel0.2,chunk_8,111,KR,3.615880566338698,48
sign_test_cel0.2,chunk_8,111,MC,4.7786154101292295,48
sign_test_cel0.2,chunk_8,111,cosine_similarity,0.6003861129283905,48
sign_test_cel0.2,chunk_8,111,wt_mean,0.001923128409543975,48
sign_test_cel0.2,chunk_8,112,GR,6.157939987878005,48
sign_test_cel0.2,chunk_8,112,IPC,6.36895536010464,48
sign_test_cel0.2,chunk_8,112,KR,3.939677814642588,48
sign_test_cel0.2,chunk_8,112,MC,4.8633064577976866,48
sign_test_cel0.2,chunk_8,112,cosine_similarity,0.6003863215446472,48
sign_test_cel0.2,chunk_8,112,wt_mean,0.0017977854586206001,48
sign_test_cel0.2,chunk_8,113,GR,5.878257659574349,48
sign_test_cel0.2,chunk_8,113,IPC,6.8906363149484,48
sign_test_cel0.2,chunk_8,113,KR,3.5431630139549575,48
sign_test_cel0.2,chunk_8,113,MC,4.754336116214593,48
sign_test_cel0.2,chunk_8,113,cosine_similarity,0.6003861427307129,48
sign_test_cel0.2,chunk_8,113,wt_mean,0.001910344144562175,48
sign_test_cel0.2,chunk_8,114,GR,6.749838061630726,48
sign_test_cel0.2,chunk_8,114,IPC,7.073770120739937,48
sign_test_cel0.2,chunk_8,114,KR,3.9466516400376954,48
sign_test_cel0.2,chunk_8,114,MC,5.019300356507301,48
sign_test_cel0.2,chunk_8,114,cosine_similarity,0.6003862023353577,48
sign_test_cel0.2,chunk_8,114,wt_mean,0.0020420729415491,48
sign_test_cel0.2,chunk_8,115,GR,6.707871148983638,48
sign_test_cel0.2,chunk_8,115,IPC,6.908720996230841,48
sign_test_cel0.2,chunk_8,115,KR,3.992175574103991,48
sign_test_cel0.2,chunk_8,115,MC,4.847500388820966,48
sign_test_cel0.2,chunk_8,115,cosine_similarity,0.6003863215446472,48
sign_test_cel0.2,chunk_8,115,wt_mean,0.002041998464846925,48
sign_test_cel0.2,chunk_8,116,GR,8.464713022112846,48
sign_test_cel0.2,chunk_8,116,IPC,6.83631490295132,48
sign_test_cel0.2,chunk_8,116,KR,4.779134119550387,48
sign_test_cel0.2,chunk_8,116,MC,4.754113554954529,48
sign_test_cel0.2,chunk_8,116,cosine_similarity,0.6003863513469696,48
sign_test_cel0.2,chunk_8,116,wt_mean,0.0021451927023008,48
sign_test_cel0.2,chunk_9,117,GR,8.43782422443231,48
sign_test_cel0.2,chunk_9,117,IPC,6.837512116879225,48
sign_test_cel0.2,chunk_9,117,KR,4.8895562291145325,48
sign_test_cel0.2,chunk_9,117,MC,4.653389573097229,48
sign_test_cel0.2,chunk_9,117,cosine_similarity,0.6003862172365189,48
sign_test_cel0.2,chunk_9,117,wt_mean,0.001983434049179725,48
sign_test_cel0.2,chunk_9,118,GR,7.263494312763214,48
sign_test_cel0.2,chunk_9,118,IPC,6.372081333150466,48
sign_test_cel0.2,chunk_9,118,KR,4.1687480211257935,48
sign_test_cel0.2,chunk_9,118,MC,4.422015472004811,48
sign_test_cel0.2,chunk_9,118,cosine_similarity,0.6003861874341965,48
sign_test_cel0.2,chunk_9,118,wt_mean,0.001911047613248175,48
sign_test_cel0.2,chunk_9,119,GR,5.750096999108791,48
sign_test_cel0.2,chunk_9,119,IPC,6.906099253644546,48
sign_test_cel0.2,chunk_9,119,KR,3.345847268899282,48
sign_test_cel0.2,chunk_9,119,MC,4.509504405160745,48
sign_test_cel0.2,chunk_9,119,cosine_similarity,0.6003862619400024,48
sign_test_cel0.2,chunk_9,119,wt_mean,0.00200781814055515,48
sign_test_cel0.2,chunk_9,120,GR,6.5416895896196365,48
sign_test_cel0.2,chunk_9,120,IPC,6.858175348490477,48
sign_test_cel0.2,chunk_9,120,KR,4.043188477555911,48
sign_test_cel0.2,chunk_9,120,MC,4.7133447950085,48
sign_test_cel0.2,chunk_9,120,cosine_similarity,0.6003863215446472,48
sign_test_cel0.2,chunk_9,120,wt_mean,0.00196756370132785,48
sign_test_cel0.2,chunk_9,121,GR,6.639724060893059,48
sign_test_cel0.2,chunk_9,121,IPC,7.451356627047062,48
sign_test_cel0.2,chunk_9,121,KR,3.9581665073831878,48
sign_test_cel0.2,chunk_9,121,MC,5.164591948191325,48
sign_test_cel0.2,chunk_9,121,cosine_similarity,0.6003861725330353,48
sign_test_cel0.2,chunk_9,121,wt_mean,0.001900916744489175,48
sign_test_cel0.2,chunk_9,122,GR,7.1808215752244,48
sign_test_cel0.2,chunk_9,122,IPC,7.559311062097549,48
sign_test_cel0.2,chunk_9,122,KR,4.134663554529349,48
sign_test_cel0.2,chunk_9,122,MC,4.932022280991077,48
sign_test_cel0.2,chunk_9,122,cosine_similarity,0.6003862619400024,48
sign_test_cel0.2,chunk_9,122,wt_mean,0.0020961486152372747,48
sign_test_cel0.2,chunk_9,123,GR,6.9702778334418936,48
sign_test_cel0.2,chunk_9,123,IPC,5.3095051646232605,48
sign_test_cel0.2,chunk_9,123,KR,4.035370826721191,48
sign_test_cel0.2,chunk_9,123,MC,3.9560496186216674,48
sign_test_cel0.2,chunk_9,123,cosine_similarity,0.6003862172365189,48
sign_test_cel0.2,chunk_9,123,wt_mean,0.00182902274536895,48
sign_test_cel0.2,chunk_9,124,GR,6.510104628900687,48
sign_test_cel0.2,chunk_9,124,IPC,6.39882734293739,48
sign_test_cel0.2,chunk_9,124,KR,3.8174362778663635,48
sign_test_cel0.2,chunk_9,124,MC,4.453519170482953,48
sign_test_cel0.2,chunk_9,124,cosine_similarity,0.6003860831260681,48
sign_test_cel0.2,chunk_9,124,wt_mean,0.0019809169170912,48
sign_test_cel0.2,chunk_9,125,GR,5.73189785828193,48
sign_test_cel0.2,chunk_9,125,IPC,6.663984537124634,48
sign_test_cel0.2,chunk_9,125,KR,3.430693427721659,48
sign_test_cel0.2,chunk_9,125,MC,4.621031453212102,48
sign_test_cel0.2,chunk_9,125,cosine_similarity,0.6003863215446472,48
sign_test_cel0.2,chunk_9,125,wt_mean,0.0018534901610109498,48
sign_test_cel0.2,chunk_9,126,GR,7.25532831499974,48
sign_test_cel0.2,chunk_9,126,IPC,7.259671863168478,48
sign_test_cel0.2,chunk_9,126,KR,4.1904459322492285,48
sign_test_cel0.2,chunk_9,126,MC,4.945049745341142,48
sign_test_cel0.2,chunk_9,126,cosine_similarity,0.6003864109516144,48
sign_test_cel0.2,chunk_9,126,wt_mean,0.002052272582659475,48
sign_test_cel0.2,chunk_9,127,GR,6.732949527601401,48
sign_test_cel0.2,chunk_9,127,IPC,6.8676676116883755,48
sign_test_cel0.2,chunk_9,127,KR,3.8389325911800065,48
sign_test_cel0.2,chunk_9,127,MC,4.926861214141051,48
sign_test_cel0.2,chunk_9,127,cosine_similarity,0.6003862023353577,48
sign_test_cel0.2,chunk_9,127,wt_mean,0.0018902832525782,48
sign_test_cel0.2,chunk_9,128,GR,7.13662401586771,48
sign_test_cel0.2,chunk_9,128,IPC,7.27129512031873,48
sign_test_cel0.2,chunk_9,128,KR,4.083439533909162,48
sign_test_cel0.2,chunk_9,128,MC,5.231990858912468,48
sign_test_cel0.2,chunk_9,128,cosine_similarity,0.6003862917423248,48
sign_test_cel0.2,chunk_9,128,wt_mean,0.002089332323521325,48
sign_test_cel0.2,chunk_9,129,GR,7.230812055369218,48
sign_test_cel0.2,chunk_9,129,IPC,6.723417249818643,48
sign_test_cel0.2,chunk_9,129,KR,4.022637091577053,48
sign_test_cel0.2,chunk_9,129,MC,4.914329220851262,48
sign_test_cel0.2,chunk_9,129,cosine_similarity,0.6003863364458084,48
sign_test_cel0.2,chunk_9,129,wt_mean,0.0021722500387113,48
sign_test_cel0.3,chunk_0,0,GR,10.424991165598234,48
sign_test_cel0.3,chunk_0,0,IPC,8.560582789282003,48
sign_test_cel0.3,chunk_0,0,KR,5.968980029225349,48
sign_test_cel0.3,chunk_0,0,MC,6.06995190680027,48
sign_test_cel0.3,chunk_0,0,cosine_similarity,0.40025739371776575,48
sign_test_cel0.3,chunk_0,0,wt_mean,0.00187715873471455,48
sign_test_cel0.3,chunk_0,1,GR,15.799649760127068,48
sign_test_cel0.3,chunk_0,1,IPC,8.819158668319384,48
sign_test_cel0.3,chunk_0,1,KR,8.273795997103056,48
sign_test_cel0.3,chunk_0,1,MC,6.55248586833477,48
sign_test_cel0.3,chunk_0,1,cosine_similarity,0.400257408618927,48
sign_test_cel0.3,chunk_0,1,wt_mean,0.00213876046473155,48
sign_test_cel0.3,chunk_0,10,GR,11.851972823341688,48
sign_test_cel0.3,chunk_0,10,IPC,8.850238577773174,48
sign_test_cel0.3,chunk_0,10,KR,6.507356946667035,48
sign_test_cel0.3,chunk_0,10,MC,5.895936315258344,48
sign_test_cel0.3,chunk_0,10,cosine_similarity,0.4002574533224106,48
sign_test_cel0.3,chunk_0,10,wt_mean,0.001996153325308075,48
sign_test_cel0.3,chunk_0,11,GR,11.532926460107168,48
sign_test_cel0.3,chunk_0,11,IPC,8.45881830404202,48
sign_test_cel0.3,chunk_0,11,KR,6.168080339829127,48
sign_test_cel0.3,chunk_0,11,MC,5.894084182878335,48
sign_test_cel0.3,chunk_0,11,cosine_similarity,0.4002573639154434,48
sign_test_cel0.3,chunk_0,11,wt_mean,0.00201003759866575,48
sign_test_cel0.3,chunk_0,12,GR,9.985536694526672,48
sign_test_cel0.3,chunk_0,12,IPC,8.967506448427836,48
sign_test_cel0.3,chunk_0,12,KR,5.790402784943581,48
sign_test_cel0.3,chunk_0,12,MC,6.490602731704712,48
sign_test_cel0.3,chunk_0,12,cosine_similarity,0.4002574533224106,48
sign_test_cel0.3,chunk_0,12,wt_mean,0.0018955989507958,48
sign_test_cel0.3,chunk_0,2,GR,9.85457686583201,48
sign_test_cel0.3,chunk_0,2,IPC,7.916295810292165,48
sign_test_cel0.3,chunk_0,2,KR,5.122478460272153,48
sign_test_cel0.3,chunk_0,2,MC,5.5586003089944525,48
sign_test_cel0.3,chunk_0,2,cosine_similarity,0.40025743842124933,48
sign_test_cel0.3,chunk_0,2,wt_mean,0.0016793137474450752,48
sign_test_cel0.3,chunk_0,3,GR,19.139032026131947,48
sign_test_cel0.3,chunk_0,3,IPC,8.92160508905848,48
sign_test_cel0.3,chunk_0,3,KR,10.151623646418253,48
sign_test_cel0.3,chunk_0,3,MC,6.532808820406596,48
sign_test_cel0.3,chunk_0,3,cosine_similarity,0.4002575129270553,48
sign_test_cel0.3,chunk_0,3,wt_mean,0.00228775155846955,48
sign_test_cel0.3,chunk_0,4,GR,15.683039690057436,48
sign_test_cel0.3,chunk_0,4,IPC,8.978627388676008,48
sign_test_cel0.3,chunk_0,4,KR,8.245466833313307,48
sign_test_cel0.3,chunk_0,4,MC,6.822197635968526,48
sign_test_cel0.3,chunk_0,4,cosine_similarity,0.4002575054764747,48
sign_test_cel0.3,chunk_0,4,wt_mean,0.00223052408546205,48
sign_test_cel0.3,chunk_0,5,GR,17.02538816134135,48
sign_test_cel0.3,chunk_0,5,IPC,8.515088507284721,48
sign_test_cel0.3,chunk_0,5,KR,8.843709622820219,48
sign_test_cel0.3,chunk_0,5,MC,6.316692327459653,48
sign_test_cel0.3,chunk_0,5,cosine_similarity,0.40025742352008814,48
sign_test_cel0.3,chunk_0,5,wt_mean,0.0022342582524288,48
sign_test_cel0.3,chunk_0,6,GR,12.782085781296095,48
sign_test_cel0.3,chunk_0,6,IPC,7.726635010292132,48
sign_test_cel0.3,chunk_0,6,KR,6.56251027683417,48
sign_test_cel0.3,chunk_0,6,MC,5.418550906081994,48
sign_test_cel0.3,chunk_0,6,cosine_similarity,0.40025745332241053,48
sign_test_cel0.3,chunk_0,6,wt_mean,0.0018640746711753003,48
sign_test_cel0.3,chunk_0,7,GR,17.181099995970726,48
sign_test_cel0.3,chunk_0,7,IPC,8.200709418704113,48
sign_test_cel0.3,chunk_0,7,KR,8.649709473053614,48
sign_test_cel0.3,chunk_0,7,MC,6.164915803819895,48
sign_test_cel0.3,chunk_0,7,cosine_similarity,0.40025744587182993,48
sign_test_cel0.3,chunk_0,7,wt_mean,0.0022428133815992003,48
sign_test_cel0.3,chunk_0,8,GR,11.420723150173822,48
sign_test_cel0.3,chunk_0,8,IPC,7.878606836001079,48
sign_test_cel0.3,chunk_0,8,KR,5.993851865331332,48
sign_test_cel0.3,chunk_0,8,MC,5.3771259387334185,48
sign_test_cel0.3,chunk_0,8,cosine_similarity,0.4002575501799583,48
sign_test_cel0.3,chunk_0,8,wt_mean,0.00183446169830855,48
sign_test_cel0.3,chunk_0,9,GR,12.04236850142479,48
sign_test_cel0.3,chunk_0,9,IPC,7.3481423271199064,48
sign_test_cel0.3,chunk_0,9,KR,6.306344116727511,48
sign_test_cel0.3,chunk_0,9,MC,5.585314393043518,48
sign_test_cel0.3,chunk_0,9,cosine_similarity,0.4002574607729912,48
sign_test_cel0.3,chunk_0,9,wt_mean,0.0018646029930095497,48
sign_test_cel0.3,chunk_1,13,GR,9.146209468444189,48
sign_test_cel0.3,chunk_1,13,IPC,8.208328643192848,48
sign_test_cel0.3,chunk_1,13,KR,4.954326351483663,48
sign_test_cel0.3,chunk_1,13,MC,5.438850954174995,48
sign_test_cel0.3,chunk_1,13,cosine_similarity,0.4002574980258941,48
sign_test_cel0.3,chunk_1,13,wt_mean,0.001702837384073025,48
sign_test_cel0.3,chunk_1,14,GR,12.026653945446014,48
sign_test_cel0.3,chunk_1,14,IPC,8.38578724488616,48
sign_test_cel0.3,chunk_1,14,KR,6.381117820739746,48
sign_test_cel0.3,chunk_1,14,MC,5.978869979580243,48
sign_test_cel0.3,chunk_1,14,cosine_similarity,0.4002575278282165,48
sign_test_cel0.3,chunk_1,14,wt_mean,0.001899784401757575,48
sign_test_cel0.3,chunk_1,15,GR,11.3997659633557,48
sign_test_cel0.3,chunk_1,15,IPC,9.076743523279825,48
sign_test_cel0.3,chunk_1,15,KR,5.982460856437683,48
sign_test_cel0.3,chunk_1,15,MC,6.485004790127277,48
sign_test_cel0.3,chunk_1,15,cosine_similarity,0.4002574235200882,48
sign_test_cel0.3,chunk_1,15,wt_mean,0.0020528299792203753,48
sign_test_cel0.3,chunk_1,16,GR,12.914612174034119,48
sign_test_cel0.3,chunk_1,16,IPC,9.01823354139924,48
sign_test_cel0.3,chunk_1,16,KR,6.927700370550156,48
sign_test_cel0.3,chunk_1,16,MC,6.153410762548447,48
sign_test_cel0.3,chunk_1,16,cosine_similarity,0.4002575203776359,48
sign_test_cel0.3,chunk_1,16,wt_mean,0.0020874059409833998,48
sign_test_cel0.3,chunk_1,17,GR,10.693113322059313,48
sign_test_cel0.3,chunk_1,17,IPC,7.896410980572303,48
sign_test_cel0.3,chunk_1,17,KR,5.586271107196808,48
sign_test_cel0.3,chunk_1,17,MC,5.472908762594064,48
sign_test_cel0.3,chunk_1,17,cosine_similarity,0.4002575725317001,48
sign_test_cel0.3,chunk_1,17,wt_mean,0.001851314038503875,48
sign_test_cel0.3,chunk_1,18,GR,10.129582906762758,48
sign_test_cel0.3,chunk_1,18,IPC,7.327812898904085,48
sign_test_cel0.3,chunk_1,18,KR,5.656202033162117,48
sign_test_cel0.3,chunk_1,18,MC,5.652927242219448,48
sign_test_cel0.3,chunk_1,18,cosine_similarity,0.4002575650811195,48
sign_test_cel0.3,chunk_1,18,wt_mean,0.0018225733656435752,48
sign_test_cel0.3,chunk_1,19,GR,11.203818793098131,48
sign_test_cel0.3,chunk_1,19,IPC,8.052387365450462,48
sign_test_cel0.3,chunk_1,19,KR,5.836213161547978,48
sign_test_cel0.3,chunk_1,19,MC,5.718027852475643,48
sign_test_cel0.3,chunk_1,19,cosine_similarity,0.4002574682235718,48
sign_test_cel0.3,chunk_1,19,wt_mean,0.001929388585267525,48
sign_test_cel0.3,chunk_1,20,GR,17.974292000134785,48
sign_test_cel0.3,chunk_1,20,IPC,8.318483158946037,48
sign_test_cel0.3,chunk_1,20,KR,8.95874281724294,48
sign_test_cel0.3,chunk_1,20,MC,6.210552960634232,48
sign_test_cel0.3,chunk_1,20,cosine_similarity,0.4002574980258941,48
sign_test_cel0.3,chunk_1,20,wt_mean,0.002343626547371925,48
sign_test_cel0.3,chunk_1,21,GR,9.445389042297998,48
sign_test_cel0.3,chunk_1,21,IPC,8.881460467974344,48
sign_test_cel0.3,chunk_1,21,KR,5.308326507608096,48
sign_test_cel0.3,chunk_1,21,MC,6.145169461766879,48
sign_test_cel0.3,chunk_1,21,cosine_similarity,0.40025744587182993,48
sign_test_cel0.3,chunk_1,21,wt_mean,0.0018008981132879248,48
sign_test_cel0.3,chunk_1,22,GR,12.544652437170347,48
sign_test_cel0.3,chunk_1,22,IPC,8.598246733347574,48
sign_test_cel0.3,chunk_1,22,KR,6.897922346989314,48
sign_test_cel0.3,chunk_1,22,MC,6.053791691859563,48
sign_test_cel0.3,chunk_1,22,cosine_similarity,0.4002573862671852,48
sign_test_cel0.3,chunk_1,22,wt_mean,0.002011143020354175,48
sign_test_cel0.3,chunk_1,23,GR,11.399416401982307,48
sign_test_cel0.3,chunk_1,23,IPC,8.466112845887741,48
sign_test_cel0.3,chunk_1,23,KR,5.862471774220467,48
sign_test_cel0.3,chunk_1,23,MC,6.155016454557578,48
sign_test_cel0.3,chunk_1,23,cosine_similarity,0.4002574235200882,48
sign_test_cel0.3,chunk_1,23,wt_mean,0.001992469944525475,48
sign_test_cel0.3,chunk_1,24,GR,10.211033895611763,48
sign_test_cel0.3,chunk_1,24,IPC,8.201750945299864,48
sign_test_cel0.3,chunk_1,24,KR,5.635338147481282,48
sign_test_cel0.3,chunk_1,24,MC,5.666390962898731,48
sign_test_cel0.3,chunk_1,24,cosine_similarity,0.40025748312473297,48
sign_test_cel0.3,chunk_1,24,wt_mean,0.001800350961275375,48
sign_test_cel0.3,chunk_1,25,GR,13.077291270097097,48
sign_test_cel0.3,chunk_1,25,IPC,8.715400443722805,48
sign_test_cel0.3,chunk_1,25,KR,6.887324129541715,48
sign_test_cel0.3,chunk_1,25,MC,6.0279394164681435,48
sign_test_cel0.3,chunk_1,25,cosine_similarity,0.40025755763053894,48
sign_test_cel0.3,chunk_1,25,wt_mean,0.00205068144714455,48
sign_test_cel0.3,chunk_10,130,GR,9.78735222419103,48
sign_test_cel0.3,chunk_10,130,IPC,8.023917178312937,48
sign_test_cel0.3,chunk_10,130,KR,5.643768096963565,48
sign_test_cel0.3,chunk_10,130,MC,5.8086582869291306,48
sign_test_cel0.3,chunk_10,130,cosine_similarity,0.40025743097066874,48
sign_test_cel0.3,chunk_10,130,wt_mean,0.0016931506397668001,48
sign_test_cel0.3,chunk_10,131,GR,12.997433225313822,48
sign_test_cel0.3,chunk_10,131,IPC,8.322116578618685,48
sign_test_cel0.3,chunk_10,131,KR,6.685925071438153,48
sign_test_cel0.3,chunk_10,131,MC,5.768649627765019,48
sign_test_cel0.3,chunk_10,131,cosine_similarity,0.4002573266625404,48
sign_test_cel0.3,chunk_10,131,wt_mean,0.002056955854641225,48
sign_test_cel0.3,chunk_10,132,GR,20.080313061674435,48
sign_test_cel0.3,chunk_10,132,IPC,8.976312982539335,48
sign_test_cel0.3,chunk_10,132,KR,10.415675183137258,48
sign_test_cel0.3,chunk_10,132,MC,6.544663089017074,48
sign_test_cel0.3,chunk_10,132,cosine_similarity,0.4002575874328613,48
sign_test_cel0.3,chunk_10,132,wt_mean,0.0025034576538018253,48
sign_test_cel0.3,chunk_10,133,GR,17.273755540450413,48
sign_test_cel0.3,chunk_10,133,IPC,8.659833796322346,48
sign_test_cel0.3,chunk_10,133,KR,8.774004275600115,48
sign_test_cel0.3,chunk_10,133,MC,5.996355315049489,48
sign_test_cel0.3,chunk_10,133,cosine_similarity,0.40025742352008814,48
sign_test_cel0.3,chunk_10,133,wt_mean,0.0021763782424386252,48
sign_test_cel0.3,chunk_10,134,GR,10.45160847902298,48
sign_test_cel0.3,chunk_10,134,IPC,8.096936563650766,48
sign_test_cel0.3,chunk_10,134,KR,5.680442189176877,48
sign_test_cel0.3,chunk_10,134,MC,5.375655521949132,48
sign_test_cel0.3,chunk_10,134,cosine_similarity,0.40025754272937775,48
sign_test_cel0.3,chunk_10,134,wt_mean,0.001844791200710425,48
sign_test_cel0.3,chunk_10,135,GR,13.597047492861748,48
sign_test_cel0.3,chunk_10,135,IPC,8.17258795723319,48
sign_test_cel0.3,chunk_10,135,KR,7.316605299711227,48
sign_test_cel0.3,chunk_10,135,MC,5.94390890498956,48
sign_test_cel0.3,chunk_10,135,cosine_similarity,0.40025753527879715,48
sign_test_cel0.3,chunk_10,135,wt_mean,0.0020171208598184997,48
sign_test_cel0.3,chunk_10,136,GR,14.316606740156809,48
sign_test_cel0.3,chunk_10,136,IPC,8.510241770495972,48
sign_test_cel0.3,chunk_10,136,KR,7.3145347734292345,48
sign_test_cel0.3,chunk_10,136,MC,6.049945945541064,48
sign_test_cel0.3,chunk_10,136,cosine_similarity,0.40025744587182993,48
sign_test_cel0.3,chunk_10,136,wt_mean,0.002011827134992875,48
sign_test_cel0.3,chunk_10,137,GR,11.483494083086649,48
sign_test_cel0.3,chunk_10,137,IPC,8.547586599985758,48
sign_test_cel0.3,chunk_10,137,KR,6.172040621439616,48
sign_test_cel0.3,chunk_10,137,MC,6.110414231816928,48
sign_test_cel0.3,chunk_10,137,cosine_similarity,0.40025755763053894,48
sign_test_cel0.3,chunk_10,137,wt_mean,0.001818502554669925,48
sign_test_cel0.3,chunk_10,138,GR,23.917270277937252,48
sign_test_cel0.3,chunk_10,138,IPC,8.800022353728613,48
sign_test_cel0.3,chunk_10,138,KR,12.459896514813105,48
sign_test_cel0.3,chunk_10,138,MC,6.957480728626251,48
sign_test_cel0.3,chunk_10,138,cosine_similarity,0.4002575278282165,48
sign_test_cel0.3,chunk_10,138,wt_mean,0.002603365865070325,48
sign_test_cel0.3,chunk_10,139,GR,14.773561537265778,48
sign_test_cel0.3,chunk_10,139,IPC,7.907746662696202,48
sign_test_cel0.3,chunk_10,139,KR,7.737374097108841,48
sign_test_cel0.3,chunk_10,139,MC,5.662239288290341,48
sign_test_cel0.3,chunk_10,139,cosine_similarity,0.4002574682235717,48
sign_test_cel0.3,chunk_10,139,wt_mean,0.0021507844503503002,48
sign_test_cel0.3,chunk_10,140,GR,11.168448507785797,48
sign_test_cel0.3,chunk_10,140,IPC,7.873957127332687,48
sign_test_cel0.3,chunk_10,140,KR,6.045258949200313,48
sign_test_cel0.3,chunk_10,140,MC,5.698856703937054,48
sign_test_cel0.3,chunk_10,140,cosine_similarity,0.4002574682235718,48
sign_test_cel0.3,chunk_10,140,wt_mean,0.0018942321185022,48
sign_test_cel0.3,chunk_10,141,GR,9.002012630303701,48
sign_test_cel0.3,chunk_10,141,IPC,7.829841112097104,48
sign_test_cel0.3,chunk_10,141,KR,5.223066662748654,48
sign_test_cel0.3,chunk_10,141,MC,5.416333456834157,48
sign_test_cel0.3,chunk_10,141,cosine_similarity,0.40025753527879715,48
sign_test_cel0.3,chunk_10,141,wt_mean,0.001541222620289725,48
sign_test_cel0.3,chunk_11,142,GR,13.224094768365225,48
sign_test_cel0.3,chunk_11,142,IPC,9.758211314678192,48
sign_test_cel0.3,chunk_11,142,KR,6.818949307004611,48
sign_test_cel0.3,chunk_11,142,MC,6.8504128356774645,48
sign_test_cel0.3,chunk_11,142,cosine_similarity,0.4002573788166046,48
sign_test_cel0.3,chunk_11,142,wt_mean,0.002072461240459175,48
sign_test_cel0.3,chunk_11,143,GR,12.299644604325294,48
sign_test_cel0.3,chunk_11,143,IPC,8.579281539966663,48
sign_test_cel0.3,chunk_11,143,KR,6.667548780639966,48
sign_test_cel0.3,chunk_11,143,MC,5.420402077337106,48
sign_test_cel0.3,chunk_11,143,cosine_similarity,0.4002575129270553,48
sign_test_cel0.3,chunk_11,143,wt_mean,0.00192028499441215,48
sign_test_cel0.3,chunk_11,144,GR,13.716494669516882,48
sign_test_cel0.3,chunk_11,144,IPC,8.912021648138762,48
sign_test_cel0.3,chunk_11,144,KR,7.23024250070254,48
sign_test_cel0.3,chunk_11,144,MC,6.452599147955577,48
sign_test_cel0.3,chunk_11,144,cosine_similarity,0.40025751292705536,48
sign_test_cel0.3,chunk_11,144,wt_mean,0.00202545931097115,48
sign_test_cel0.3,chunk_11,145,GR,14.92410260438919,48
sign_test_cel0.3,chunk_11,145,IPC,8.832341785232225,48
sign_test_cel0.3,chunk_11,145,KR,7.659481818477313,48
sign_test_cel0.3,chunk_11,145,MC,6.353687937060992,48
sign_test_cel0.3,chunk_11,145,cosine_similarity,0.40025739371776575,48
sign_test_cel0.3,chunk_11,145,wt_mean,0.0022464658250100247,48
sign_test_cel0.3,chunk_11,146,GR,10.429113894701004,48
sign_test_cel0.3,chunk_11,146,IPC,7.867891300469637,48
sign_test_cel0.3,chunk_11,146,KR,5.531039928396543,48
sign_test_cel0.3,chunk_11,146,MC,5.508500253160794,48
sign_test_cel0.3,chunk_11,146,cosine_similarity,0.40025743842124933,48
sign_test_cel0.3,chunk_11,146,wt_mean,0.0018106746138073,48
sign_test_cel0.3,chunk_11,147,GR,12.29794466495514,48
sign_test_cel0.3,chunk_11,147,IPC,9.36830661073327,48
sign_test_cel0.3,chunk_11,147,KR,6.543826321760814,48
sign_test_cel0.3,chunk_11,147,MC,6.503874967495601,48
sign_test_cel0.3,chunk_11,147,cosine_similarity,0.4002574160695076,48
sign_test_cel0.3,chunk_11,147,wt_mean,0.00206178525695575,48
sign_test_cel0.3,chunk_11,148,GR,11.993326415618261,48
sign_test_cel0.3,chunk_11,148,IPC,8.004565765460333,48
sign_test_cel0.3,chunk_11,148,KR,6.479819749792417,48
sign_test_cel0.3,chunk_11,148,MC,5.523332213362058,48
sign_test_cel0.3,chunk_11,148,cosine_similarity,0.40025739371776575,48
sign_test_cel0.3,chunk_11,148,wt_mean,0.00187409180216485,48
sign_test_cel0.3,chunk_11,149,GR,10.805951317151388,48
sign_test_cel0.3,chunk_11,149,IPC,8.139869927118221,48
sign_test_cel0.3,chunk_11,149,KR,5.998883679509163,48
sign_test_cel0.3,chunk_11,149,MC,5.7113805289069814,48
sign_test_cel0.3,chunk_11,149,cosine_similarity,0.40025743842124933,48
sign_test_cel0.3,chunk_11,149,wt_mean,0.0017693590780254252,48
sign_test_cel0.3,chunk_11,150,GR,21.50067141155402,48
sign_test_cel0.3,chunk_11,150,IPC,8.875545081992945,48
sign_test_cel0.3,chunk_11,150,KR,11.356094469626745,48
sign_test_cel0.3,chunk_11,150,MC,6.853591129183769,48
sign_test_cel0.3,chunk_11,150,cosine_similarity,0.40025744587182993,48
sign_test_cel0.3,chunk_11,150,wt_mean,0.002517534332582675,48
sign_test_cel0.3,chunk_11,151,GR,12.111748044689497,48
sign_test_cel0.3,chunk_11,151,IPC,9.254705545802912,48
sign_test_cel0.3,chunk_11,151,KR,6.270908897121747,48
sign_test_cel0.3,chunk_11,151,MC,6.318330044547717,48
sign_test_cel0.3,chunk_11,151,cosine_similarity,0.40025757253170013,48
sign_test_cel0.3,chunk_11,151,wt_mean,0.0019162888056597999,48
sign_test_cel0.3,chunk_11,152,GR,12.06029603878657,48
sign_test_cel0.3,chunk_11,152,IPC,8.250913868347803,48
sign_test_cel0.3,chunk_11,152,KR,6.138493364055951,48
sign_test_cel0.3,chunk_11,152,MC,5.642997381587823,48
sign_test_cel0.3,chunk_11,152,cosine_similarity,0.4002574235200882,48
sign_test_cel0.3,chunk_11,152,wt_mean,0.0018857622053473752,48
sign_test_cel0.3,chunk_11,153,GR,17.253650655349094,48
sign_test_cel0.3,chunk_11,153,IPC,8.329221012691656,48
sign_test_cel0.3,chunk_11,153,KR,8.893184160192808,48
sign_test_cel0.3,chunk_11,153,MC,6.408894886573155,48
sign_test_cel0.3,chunk_11,153,cosine_similarity,0.40025740861892695,48
sign_test_cel0.3,chunk_11,153,wt_mean,0.00224522015196265,48
sign_test_cel0.3,chunk_12,154,GR,10.514891843001047,48
sign_test_cel0.3,chunk_12,154,IPC,8.231842326621214,48
sign_test_cel0.3,chunk_12,154,KR,5.624266376097997,48
sign_test_cel0.3,chunk_12,154,MC,5.797385672728221,48
sign_test_cel0.3,chunk_12,154,cosine_similarity,0.40025753527879715,48
sign_test_cel0.3,chunk_12,154,wt_mean,0.0017832429439294752,48
sign_test_cel0.3,chunk_12,155,GR,13.283170153697332,48
sign_test_cel0.3,chunk_12,155,IPC,8.458155614634356,48
sign_test_cel0.3,chunk_12,155,KR,6.883328010638555,48
sign_test_cel0.3,chunk_12,155,MC,6.321560149391492,48
sign_test_cel0.3,chunk_12,155,cosine_similarity,0.40025745332241053,48
sign_test_cel0.3,chunk_12,155,wt_mean,0.002007334522204425,48
sign_test_cel0.3,chunk_12,156,GR,9.917326619227728,48
sign_test_cel0.3,chunk_12,156,IPC,7.801420044153929,48
sign_test_cel0.3,chunk_12,156,KR,5.553414985537529,48
sign_test_cel0.3,chunk_12,156,MC,5.195238259931405,48
sign_test_cel0.3,chunk_12,156,cosine_similarity,0.40025753527879715,48
sign_test_cel0.3,chunk_12,156,wt_mean,0.0016892858257051252,48
sign_test_cel0.3,chunk_12,157,GR,11.439748336871466,48
sign_test_cel0.3,chunk_12,157,IPC,8.54907064884901,48
sign_test_cel0.3,chunk_12,157,KR,5.730812097589175,48
sign_test_cel0.3,chunk_12,157,MC,5.515383563935757,48
sign_test_cel0.3,chunk_12,157,cosine_similarity,0.4002574011683464,48
sign_test_cel0.3,chunk_12,157,wt_mean,0.001955682993866475,48
sign_test_cel0.3,chunk_12,158,GR,12.762823805212975,48
sign_test_cel0.3,chunk_12,158,IPC,7.585544743885596,48
sign_test_cel0.3,chunk_12,158,KR,6.920647372802098,48
sign_test_cel0.3,chunk_12,158,MC,5.54768559212486,48
sign_test_cel0.3,chunk_12,158,cosine_similarity,0.40025748312473297,48
sign_test_cel0.3,chunk_12,158,wt_mean,0.0019848973897751,48
sign_test_cel0.3,chunk_12,159,GR,19.417987540364265,48
sign_test_cel0.3,chunk_12,159,IPC,8.885278092076382,48
sign_test_cel0.3,chunk_12,159,KR,10.053694625695547,48
sign_test_cel0.3,chunk_12,159,MC,7.43885371585687,48
sign_test_cel0.3,chunk_12,159,cosine_similarity,0.40025738626718516,48
sign_test_cel0.3,chunk_12,159,wt_mean,0.00241516900132405,48
sign_test_cel0.3,chunk_12,160,GR,22.359560852249462,48
sign_test_cel0.3,chunk_12,160,IPC,8.40626704444488,48
sign_test_cel0.3,chunk_12,160,KR,11.572802757223448,48
sign_test_cel0.3,chunk_12,160,MC,6.377814024686813,48
sign_test_cel0.3,chunk_12,160,cosine_similarity,0.4002575576305389,48
sign_test_cel0.3,chunk_12,160,wt_mean,0.002419916825601775,48
sign_test_cel0.3,chunk_12,161,GR,23.022141526142757,48
sign_test_cel0.3,chunk_12,161,IPC,8.028067298233509,48
sign_test_cel0.3,chunk_12,161,KR,11.56064740816752,48
sign_test_cel0.3,chunk_12,161,MC,6.123032495379448,48
sign_test_cel0.3,chunk_12,161,cosine_similarity,0.4002575278282165,48
sign_test_cel0.3,chunk_12,161,wt_mean,0.0024453117512166,48
sign_test_cel0.3,chunk_12,162,GR,10.714672769109407,48
sign_test_cel0.3,chunk_12,162,IPC,8.47616575906674,48
sign_test_cel0.3,chunk_12,162,KR,5.77086382607619,48
sign_test_cel0.3,chunk_12,162,MC,5.676142806808154,48
sign_test_cel0.3,chunk_12,162,cosine_similarity,0.40025753527879715,48
sign_test_cel0.3,chunk_12,162,wt_mean,0.001815834344597475,48
sign_test_cel0.3,chunk_12,163,GR,10.720132395625114,48
sign_test_cel0.3,chunk_12,163,IPC,9.03465723991394,48
sign_test_cel0.3,chunk_12,163,KR,5.735398069024086,48
sign_test_cel0.3,chunk_12,163,MC,6.122095714012782,48
sign_test_cel0.3,chunk_12,163,cosine_similarity,0.4002574905753135,48
sign_test_cel0.3,chunk_12,163,wt_mean,0.00197913931333455,48
sign_test_cel0.3,chunk_12,164,GR,9.885489463806152,48
sign_test_cel0.3,chunk_12,164,IPC,6.994052466005087,48
sign_test_cel0.3,chunk_12,164,KR,5.5312589555978775,48
sign_test_cel0.3,chunk_12,164,MC,5.220663204789162,48
sign_test_cel0.3,chunk_12,164,cosine_similarity,0.4002573266625404,48
sign_test_cel0.3,chunk_12,164,wt_mean,0.0017435323970857498,48
sign_test_cel0.3,chunk_12,165,GR,11.386752287546793,48
sign_test_cel0.3,chunk_12,165,IPC,8.583059635013342,48
sign_test_cel0.3,chunk_12,165,KR,6.19150809943676,48
sign_test_cel0.3,chunk_12,165,MC,6.155095636844635,48
sign_test_cel0.3,chunk_12,165,cosine_similarity,0.4002575203776359,48
sign_test_cel0.3,chunk_12,165,wt_mean,0.001890502171590875,48
sign_test_cel0.3,chunk_13,166,GR,11.76541654765606,48
sign_test_cel0.3,chunk_13,166,IPC,8.139295242726803,48
sign_test_cel0.3,chunk_13,166,KR,6.025073677301407,48
sign_test_cel0.3,chunk_13,166,MC,5.693358364204566,48
sign_test_cel0.3,chunk_13,166,cosine_similarity,0.4002574160695076,48
sign_test_cel0.3,chunk_13,166,wt_mean,0.00198965461459005,48
sign_test_cel0.3,chunk_13,167,GR,11.373158698280653,48
sign_test_cel0.3,chunk_13,167,IPC,8.82527623946468,48
sign_test_cel0.3,chunk_13,167,KR,6.312326033910115,48
sign_test_cel0.3,chunk_13,167,MC,6.413509264588356,48
sign_test_cel0.3,chunk_13,167,cosine_similarity,0.40025745332241053,48
sign_test_cel0.3,chunk_13,167,wt_mean,0.0019218294473830001,48
sign_test_cel0.3,chunk_13,168,GR,18.992764671643574,48
sign_test_cel0.3,chunk_13,168,IPC,7.756978647162517,48
sign_test_cel0.3,chunk_13,168,KR,9.332754184802374,48
sign_test_cel0.3,chunk_13,168,MC,6.030780356377363,48
sign_test_cel0.3,chunk_13,168,cosine_similarity,0.4002575725317001,48
sign_test_cel0.3,chunk_13,168,wt_mean,0.0023393231094814503,48
sign_test_cel0.3,chunk_13,169,GR,11.454843943317732,48
sign_test_cel0.3,chunk_13,169,IPC,8.433955239752928,48
sign_test_cel0.3,chunk_13,169,KR,6.147574385007222,48
sign_test_cel0.3,chunk_13,169,MC,5.695247729619344,48
sign_test_cel0.3,chunk_13,169,cosine_similarity,0.40025744587183,48
sign_test_cel0.3,chunk_13,169,wt_mean,0.0017929430177900248,48
sign_test_cel0.3,chunk_13,170,GR,9.942683160305023,48
sign_test_cel0.3,chunk_13,170,IPC,7.928956162184477,48
sign_test_cel0.3,chunk_13,170,KR,5.559666072328885,48
sign_test_cel0.3,chunk_13,170,MC,5.597631399830182,48
sign_test_cel0.3,chunk_13,170,cosine_similarity,0.4002574980258941,48
sign_test_cel0.3,chunk_13,170,wt_mean,0.001722721790429175,48
sign_test_cel0.3,chunk_13,171,GR,10.728202049930891,48
sign_test_cel0.3,chunk_13,171,IPC,6.9407394242783385,48
sign_test_cel0.3,chunk_13,171,KR,5.846425692240397,48
sign_test_cel0.3,chunk_13,171,MC,5.009965193768342,48
sign_test_cel0.3,chunk_13,171,cosine_similarity,0.40025740116834635,48
sign_test_cel0.3,chunk_13,171,wt_mean,0.0016978681378531498,48
sign_test_cel0.3,chunk_13,172,GR,14.743791540463766,48
sign_test_cel0.3,chunk_13,172,IPC,8.50645051151514,48
sign_test_cel0.3,chunk_13,172,KR,7.644475316007932,48
sign_test_cel0.3,chunk_13,172,MC,6.4505045140782995,48
sign_test_cel0.3,chunk_13,172,cosine_similarity,0.4002574607729912,48
sign_test_cel0.3,chunk_13,172,wt_mean,0.002096478856401475,48
sign_test_cel0.3,chunk_13,173,GR,10.92889216542244,48
sign_test_cel0.3,chunk_13,173,IPC,8.727335224548975,48
sign_test_cel0.3,chunk_13,173,KR,5.8575922300418215,48
sign_test_cel0.3,chunk_13,173,MC,5.651224960883458,48
sign_test_cel0.3,chunk_13,173,cosine_similarity,0.40025743097066874,48
sign_test_cel0.3,chunk_13,173,wt_mean,0.0018821039120666251,48
sign_test_cel0.3,chunk_13,174,GR,10.48910477757454,48
sign_test_cel0.3,chunk_13,174,IPC,8.74365925664703,48
sign_test_cel0.3,chunk_13,174,KR,5.582680140932401,48
sign_test_cel0.3,chunk_13,174,MC,6.451689561208089,48
sign_test_cel0.3,chunk_13,174,cosine_similarity,0.40025757998228073,48
sign_test_cel0.3,chunk_13,174,wt_mean,0.001900839764857625,48
sign_test_cel0.3,chunk_13,175,GR,11.883697226643562,48
sign_test_cel0.3,chunk_13,175,IPC,8.413335076222817,48
sign_test_cel0.3,chunk_13,175,KR,6.355111852288246,48
sign_test_cel0.3,chunk_13,175,MC,5.7970311641693115,48
sign_test_cel0.3,chunk_13,175,cosine_similarity,0.40025743842124933,48
sign_test_cel0.3,chunk_13,175,wt_mean,0.001773972297087275,48
sign_test_cel0.3,chunk_13,176,GR,14.397939518094063,48
sign_test_cel0.3,chunk_13,176,IPC,8.69363950068752,48
sign_test_cel0.3,chunk_13,176,KR,7.560422345995903,48
sign_test_cel0.3,chunk_13,176,MC,6.3915175050497055,48
sign_test_cel0.3,chunk_13,176,cosine_similarity,0.40025748312473297,48
sign_test_cel0.3,chunk_13,176,wt_mean,0.0021240791247691252,48
sign_test_cel0.3,chunk_13,177,GR,15.550724496444067,48
sign_test_cel0.3,chunk_13,177,IPC,9.102592303107182,48
sign_test_cel0.3,chunk_13,177,KR,8.405380725860596,48
sign_test_cel0.3,chunk_13,177,MC,6.38166881352663,48
sign_test_cel0.3,chunk_13,177,cosine_similarity,0.40025735646486277,48
sign_test_cel0.3,chunk_13,177,wt_mean,0.0021906394977122003,48
sign_test_cel0.3,chunk_14,178,GR,15.512191037336985,48
sign_test_cel0.3,chunk_14,178,IPC,7.866013806313276,48
sign_test_cel0.3,chunk_14,178,KR,7.639465893308322,48
sign_test_cel0.3,chunk_14,178,MC,5.8260601957639055,48
sign_test_cel0.3,chunk_14,178,cosine_similarity,0.4002574160695076,48
sign_test_cel0.3,chunk_14,178,wt_mean,0.00211698643397535,48
sign_test_cel0.3,chunk_14,179,GR,8.302952364087105,48
sign_test_cel0.3,chunk_14,179,IPC,7.831828368206819,48
sign_test_cel0.3,chunk_14,179,KR,4.535016052424908,48
sign_test_cel0.3,chunk_14,179,MC,5.432559467852116,48
sign_test_cel0.3,chunk_14,179,cosine_similarity,0.4002574682235718,48
sign_test_cel0.3,chunk_14,179,wt_mean,0.0016380181477870248,48
sign_test_cel0.3,chunk_14,180,GR,15.334755291541418,48
sign_test_cel0.3,chunk_14,180,IPC,8.53299623603622,48
sign_test_cel0.3,chunk_14,180,KR,7.405516882737477,48
sign_test_cel0.3,chunk_14,180,MC,6.252498641610146,48
sign_test_cel0.3,chunk_14,180,cosine_similarity,0.4002575278282165,48
sign_test_cel0.3,chunk_14,180,wt_mean,0.0021233765291981,48
sign_test_cel0.3,chunk_14,181,GR,14.097466732064882,48
sign_test_cel0.3,chunk_14,181,IPC,8.41778153553605,48
sign_test_cel0.3,chunk_14,181,KR,7.243191654483478,48
sign_test_cel0.3,chunk_14,181,MC,6.34822961439689,48
sign_test_cel0.3,chunk_14,181,cosine_similarity,0.4002574980258941,48
sign_test_cel0.3,chunk_14,181,wt_mean,0.0020175845420453,48
sign_test_cel0.3,chunk_14,182,GR,10.198094089825949,48
sign_test_cel0.3,chunk_14,182,IPC,8.793069511651993,48
sign_test_cel0.3,chunk_14,182,KR,5.5450987468163175,48
sign_test_cel0.3,chunk_14,182,MC,6.4577992881337805,48
sign_test_cel0.3,chunk_14,182,cosine_similarity,0.4002573862671852,48
sign_test_cel0.3,chunk_14,182,wt_mean,0.0019242849957663251,48
sign_test_cel0.3,chunk_14,183,GR,8.706199869513512,48
sign_test_cel0.3,chunk_14,183,IPC,8.566170334815979,48
sign_test_cel0.3,chunk_14,183,KR,4.889803946018219,48
sign_test_cel0.3,chunk_14,183,MC,5.622253616650899,48
sign_test_cel0.3,chunk_14,183,cosine_similarity,0.4002574384212494,48
sign_test_cel0.3,chunk_14,183,wt_mean,0.001730392628814975,48
sign_test_cel0.3,chunk_14,184,GR,16.362993175784748,48
sign_test_cel0.3,chunk_14,184,IPC,8.019000135362148,48
sign_test_cel0.3,chunk_14,184,KR,7.996823623776436,48
sign_test_cel0.3,chunk_14,184,MC,5.630383598307769,48
sign_test_cel0.3,chunk_14,184,cosine_similarity,0.40025754272937775,48
sign_test_cel0.3,chunk_14,184,wt_mean,0.002036312245763775,48
sign_test_cel0.3,chunk_14,185,GR,11.841870119174322,48
sign_test_cel0.3,chunk_14,185,IPC,8.666858959943056,48
sign_test_cel0.3,chunk_14,185,KR,6.247075368960698,48
sign_test_cel0.3,chunk_14,185,MC,6.123355249563853,48
sign_test_cel0.3,chunk_14,185,cosine_similarity,0.4002574756741523,48
sign_test_cel0.3,chunk_14,185,wt_mean,0.0019258164684287501,48
sign_test_cel0.3,chunk_14,186,GR,11.036491483449936,48
sign_test_cel0.3,chunk_14,186,IPC,8.375099868824085,48
sign_test_cel0.3,chunk_14,186,KR,6.024803395072619,48
sign_test_cel0.3,chunk_14,186,MC,5.816166043281555,48
sign_test_cel0.3,chunk_14,186,cosine_similarity,0.40025739371776575,48
sign_test_cel0.3,chunk_14,186,wt_mean,0.001824992563342625,48
sign_test_cel0.3,chunk_14,187,GR,9.504814346631369,48
sign_test_cel0.3,chunk_14,187,IPC,6.865151287366946,48
sign_test_cel0.3,chunk_14,187,KR,5.286412080128987,48
sign_test_cel0.3,chunk_14,187,MC,5.171975376705329,48
sign_test_cel0.3,chunk_14,187,cosine_similarity,0.40025739371776575,48
sign_test_cel0.3,chunk_14,187,wt_mean,0.001612170628504775,48
sign_test_cel0.3,chunk_14,188,GR,11.48279350499312,48
sign_test_cel0.3,chunk_14,188,IPC,8.714582664271196,48
sign_test_cel0.3,chunk_14,188,KR,6.028494626283646,48
sign_test_cel0.3,chunk_14,188,MC,6.269661625226338,48
sign_test_cel0.3,chunk_14,188,cosine_similarity,0.4002573862671852,48
sign_test_cel0.3,chunk_14,188,wt_mean,0.0018647146061993752,48
sign_test_cel0.3,chunk_14,189,GR,8.59962873160839,48
sign_test_cel0.3,chunk_14,189,IPC,8.209522377699614,48
sign_test_cel0.3,chunk_14,189,KR,4.944081549843152,48
sign_test_cel0.3,chunk_14,189,MC,5.523746659358342,48
sign_test_cel0.3,chunk_14,189,cosine_similarity,0.40025740861892695,48
sign_test_cel0.3,chunk_14,189,wt_mean,0.001628946716664325,48
sign_test_cel0.3,chunk_15,190,GR,12.802661617596945,48
sign_test_cel0.3,chunk_15,190,IPC,7.128211909284194,48
sign_test_cel0.3,chunk_15,190,KR,6.617774054408073,48
sign_test_cel0.3,chunk_15,190,MC,5.386052213609219,48
sign_test_cel0.3,chunk_15,190,cosine_similarity,0.4002574905753135,48
sign_test_cel0.3,chunk_15,190,wt_mean,0.001976158266188525,48
sign_test_cel0.3,chunk_15,191,GR,10.080855632821718,48
sign_test_cel0.3,chunk_15,191,IPC,8.53049511089921,48
sign_test_cel0.3,chunk_15,191,KR,5.4411777555942535,48
sign_test_cel0.3,chunk_15,191,MC,6.1037905017534895,48
sign_test_cel0.3,chunk_15,191,cosine_similarity,0.4002574235200882,48
sign_test_cel0.3,chunk_15,191,wt_mean,0.001828562206355775,48
sign_test_cel0.3,chunk_15,192,GR,16.635047470529873,48
sign_test_cel0.3,chunk_15,192,IPC,10.476622705658277,48
sign_test_cel0.3,chunk_15,192,KR,8.655876462658247,48
sign_test_cel0.3,chunk_15,192,MC,7.54950970908006,48
sign_test_cel0.3,chunk_15,192,cosine_similarity,0.40025755763053894,48
sign_test_cel0.3,chunk_15,192,wt_mean,0.002328227681573425,48
sign_test_cel0.3,chunk_15,193,GR,9.128905465205511,48
sign_test_cel0.3,chunk_15,193,IPC,8.706950029979149,48
sign_test_cel0.3,chunk_15,193,KR,5.039343404273192,48
sign_test_cel0.3,chunk_15,193,MC,6.2091221908728285,48
sign_test_cel0.3,chunk_15,193,cosine_similarity,0.4002573639154434,48
sign_test_cel0.3,chunk_15,193,wt_mean,0.0017633471579756,48
sign_test_cel0.3,chunk_15,194,GR,9.987580716609955,48
sign_test_cel0.3,chunk_15,194,IPC,8.388403537372747,48
sign_test_cel0.3,chunk_15,194,KR,5.129101137320201,48
sign_test_cel0.3,chunk_15,194,MC,5.496444746851921,48
sign_test_cel0.3,chunk_15,194,cosine_similarity,0.4002574756741523,48
sign_test_cel0.3,chunk_15,194,wt_mean,0.0017412643355782752,48
sign_test_cel0.3,chunk_15,195,GR,13.760683144132296,48
sign_test_cel0.3,chunk_15,195,IPC,8.819609615951777,48
sign_test_cel0.3,chunk_15,195,KR,7.061991547544797,48
sign_test_cel0.3,chunk_15,195,MC,5.924997560679913,48
sign_test_cel0.3,chunk_15,195,cosine_similarity,0.40025738626718516,48
sign_test_cel0.3,chunk_15,195,wt_mean,0.0019428007944952252,48
sign_test_cel0.3,chunk_15,196,GR,10.435192520419756,48
sign_test_cel0.3,chunk_15,196,IPC,8.818367735793194,48
sign_test_cel0.3,chunk_15,196,KR,5.551709488034248,48
sign_test_cel0.3,chunk_15,196,MC,5.747798015673955,48
sign_test_cel0.3,chunk_15,196,cosine_similarity,0.4002575427293777,48
sign_test_cel0.3,chunk_15,196,wt_mean,0.0018333129410165998,48
sign_test_cel0.3,chunk_15,197,GR,16.009982575972874,48
sign_test_cel0.3,chunk_15,197,IPC,8.93815011655291,48
sign_test_cel0.3,chunk_15,197,KR,8.456796248753866,48
sign_test_cel0.3,chunk_15,197,MC,6.116927554210027,48
sign_test_cel0.3,chunk_15,197,cosine_similarity,0.40025754272937775,48
sign_test_cel0.3,chunk_15,197,wt_mean,0.002136003284249425,48
sign_test_cel0.3,chunk_15,198,GR,16.033208350340526,48
sign_test_cel0.3,chunk_15,198,IPC,8.970221791416407,48
sign_test_cel0.3,chunk_15,198,KR,7.9527443299690885,48
sign_test_cel0.3,chunk_15,198,MC,6.425368467966716,48
sign_test_cel0.3,chunk_15,198,cosine_similarity,0.4002574682235718,48
sign_test_cel0.3,chunk_15,198,wt_mean,0.002185704332077825,48
sign_test_cel0.3,chunk_15,199,GR,11.691561177372932,48
sign_test_cel0.3,chunk_15,199,IPC,7.406240315486987,48
sign_test_cel0.3,chunk_15,199,KR,6.090034355719884,48
sign_test_cel0.3,chunk_15,199,MC,5.326506150265534,48
sign_test_cel0.3,chunk_15,199,cosine_similarity,0.4002574831247329,48
sign_test_cel0.3,chunk_15,199,wt_mean,0.0018232389702461,48
sign_test_cel0.3,chunk_15,200,GR,11.87890442709128,48
sign_test_cel0.3,chunk_15,200,IPC,8.826623664548,48
sign_test_cel0.3,chunk_15,200,KR,6.419352864225705,48
sign_test_cel0.3,chunk_15,200,MC,6.2443003207445145,48
sign_test_cel0.3,chunk_15,200,cosine_similarity,0.4002573937177658,48
sign_test_cel0.3,chunk_15,200,wt_mean,0.001972873316844875,48
sign_test_cel0.3,chunk_15,201,GR,16.737030908465385,48
sign_test_cel0.3,chunk_15,201,IPC,8.303442606081566,48
sign_test_cel0.3,chunk_15,201,KR,8.58050905664762,48
sign_test_cel0.3,chunk_15,201,MC,6.162274122238159,48
sign_test_cel0.3,chunk_15,201,cosine_similarity,0.40025737881660456,48
sign_test_cel0.3,chunk_15,201,wt_mean,0.0021621809864882002,48
sign_test_cel0.3,chunk_16,202,GR,8.85895482202371,48
sign_test_cel0.3,chunk_16,202,IPC,7.697898680965106,48
sign_test_cel0.3,chunk_16,202,KR,4.970013106862704,48
sign_test_cel0.3,chunk_16,202,MC,5.302386691172917,48
sign_test_cel0.3,chunk_16,202,cosine_similarity,0.40025751292705536,48
sign_test_cel0.3,chunk_16,202,wt_mean,0.001776699238689575,48
sign_test_cel0.3,chunk_16,203,GR,10.955788811047872,48
sign_test_cel0.3,chunk_16,203,IPC,8.815092521409193,48
sign_test_cel0.3,chunk_16,203,KR,6.122678279876709,48
sign_test_cel0.3,chunk_16,203,MC,5.918093259135882,48
sign_test_cel0.3,chunk_16,203,cosine_similarity,0.40025757998228073,48
sign_test_cel0.3,chunk_16,203,wt_mean,0.00182313026743935,48
sign_test_cel0.3,chunk_16,204,GR,10.15150765577952,48
sign_test_cel0.3,chunk_16,204,IPC,8.930657083789507,48
sign_test_cel0.3,chunk_16,204,KR,5.64166637758414,48
sign_test_cel0.3,chunk_16,204,MC,5.958723987142245,48
sign_test_cel0.3,chunk_16,204,cosine_similarity,0.4002574756741524,48
sign_test_cel0.3,chunk_16,204,wt_mean,0.001845029590185675,48
sign_test_cel0.3,chunk_16,205,GR,15.41951522231102,48
sign_test_cel0.3,chunk_16,205,IPC,8.533167850226164,48
sign_test_cel0.3,chunk_16,205,KR,8.101285010576248,48
sign_test_cel0.3,chunk_16,205,MC,6.062935630480449,48
sign_test_cel0.3,chunk_16,205,cosine_similarity,0.4002574607729912,48
sign_test_cel0.3,chunk_16,205,wt_mean,0.00220357187208715,48
sign_test_cel0.3,chunk_16,206,GR,14.660798907279968,48
sign_test_cel0.3,chunk_16,206,IPC,8.146283201873302,48
sign_test_cel0.3,chunk_16,206,KR,7.671423877278964,48
sign_test_cel0.3,chunk_16,206,MC,5.810432190696399,48
sign_test_cel0.3,chunk_16,206,cosine_similarity,0.40025741606950754,48
sign_test_cel0.3,chunk_16,206,wt_mean,0.002012135635595725,48
sign_test_cel0.3,chunk_16,207,GR,11.475910221536955,48
sign_test_cel0.3,chunk_16,207,IPC,7.063981145620346,48
sign_test_cel0.3,chunk_16,207,KR,6.106986696521441,48
sign_test_cel0.3,chunk_16,207,MC,5.242154588301976,48
sign_test_cel0.3,chunk_16,207,cosine_similarity,0.4002574309706688,48
sign_test_cel0.3,chunk_16,207,wt_mean,0.0018230017158202248,48
sign_test_cel0.3,chunk_16,208,GR,11.858931963642439,48
sign_test_cel0.3,chunk_16,208,IPC,8.198357238123814,48
sign_test_cel0.3,chunk_16,208,KR,6.253607506553332,48
sign_test_cel0.3,chunk_16,208,MC,5.942304953932762,48
sign_test_cel0.3,chunk_16,208,cosine_similarity,0.4002574682235718,48
sign_test_cel0.3,chunk_16,208,wt_mean,0.0019357269047758998,48
sign_test_cel0.3,chunk_16,209,GR,16.785203407208126,48
sign_test_cel0.3,chunk_16,209,IPC,8.906875944385925,48
sign_test_cel0.3,chunk_16,209,KR,8.732350046435991,48
sign_test_cel0.3,chunk_16,209,MC,6.54123921195666,48
sign_test_cel0.3,chunk_16,209,cosine_similarity,0.40025737136602396,48
sign_test_cel0.3,chunk_16,209,wt_mean,0.0022943934600334,48
sign_test_cel0.3,chunk_16,210,GR,9.307901680469513,48
sign_test_cel0.3,chunk_16,210,IPC,8.01101803034544,48
sign_test_cel0.3,chunk_16,210,KR,5.149278814593951,48
sign_test_cel0.3,chunk_16,210,MC,5.634039483964443,48
sign_test_cel0.3,chunk_16,210,cosine_similarity,0.40025738626718516,48
sign_test_cel0.3,chunk_16,210,wt_mean,0.0018351492763030751,48
sign_test_cel0.3,chunk_16,211,GR,10.72113041083018,48
sign_test_cel0.3,chunk_16,211,IPC,8.133118423322836,48
sign_test_cel0.3,chunk_16,211,KR,5.9720684587955475,48
sign_test_cel0.3,chunk_16,211,MC,6.239417453606923,48
sign_test_cel0.3,chunk_16,211,cosine_similarity,0.4002574682235718,48
sign_test_cel0.3,chunk_16,211,wt_mean,0.0018254731257911251,48
sign_test_cel0.3,chunk_16,212,GR,13.361048077543577,48
sign_test_cel0.3,chunk_16,212,IPC,7.784868157158296,48
sign_test_cel0.3,chunk_16,212,KR,7.149749919772148,48
sign_test_cel0.3,chunk_16,212,MC,6.460546885927518,48
sign_test_cel0.3,chunk_16,212,cosine_similarity,0.40025744587182993,48
sign_test_cel0.3,chunk_16,212,wt_mean,0.0020059063972439,48
sign_test_cel0.3,chunk_16,213,GR,11.651147097349167,48
sign_test_cel0.3,chunk_16,213,IPC,8.04152009015282,48
sign_test_cel0.3,chunk_16,213,KR,6.166581774751346,48
sign_test_cel0.3,chunk_16,213,MC,5.70148429274559,48
sign_test_cel0.3,chunk_16,213,cosine_similarity,0.40025739371776575,48
sign_test_cel0.3,chunk_16,213,wt_mean,0.0018830647459253,48
sign_test_cel0.3,chunk_17,214,GR,15.491819297273954,48
sign_test_cel0.3,chunk_17,214,IPC,8.71124260003368,48
sign_test_cel0.3,chunk_17,214,KR,8.01307142774264,48
sign_test_cel0.3,chunk_17,214,MC,6.463395754496257,48
sign_test_cel0.3,chunk_17,214,cosine_similarity,0.4002573937177658,48
sign_test_cel0.3,chunk_17,214,wt_mean,0.00216840006760315,48
sign_test_cel0.3,chunk_17,215,GR,12.726662258307138,48
sign_test_cel0.3,chunk_17,215,IPC,8.649864576756954,48
sign_test_cel0.3,chunk_17,215,KR,6.53147208193938,48
sign_test_cel0.3,chunk_17,215,MC,5.577315469582875,48
sign_test_cel0.3,chunk_17,215,cosine_similarity,0.4002574309706688,48
sign_test_cel0.3,chunk_17,215,wt_mean,0.0020289478998165,48
sign_test_cel0.3,chunk_17,216,GR,10.915430068969727,48
sign_test_cel0.3,chunk_17,216,IPC,7.801436927169561,48
sign_test_cel0.3,chunk_17,216,KR,6.010688344637553,48
sign_test_cel0.3,chunk_17,216,MC,5.499157761534055,48
sign_test_cel0.3,chunk_17,216,cosine_similarity,0.40025744587183,48
sign_test_cel0.3,chunk_17,216,wt_mean,0.0018640848866197752,48
sign_test_cel0.3,chunk_17,217,GR,10.720087865988413,48
sign_test_cel0.3,chunk_17,217,IPC,7.898696182916562,48
sign_test_cel0.3,chunk_17,217,KR,5.676823198795319,48
sign_test_cel0.3,chunk_17,217,MC,5.245959227283795,48
sign_test_cel0.3,chunk_17,217,cosine_similarity,0.400257408618927,48
sign_test_cel0.3,chunk_17,217,wt_mean,0.0017452880274503749,48
sign_test_cel0.3,chunk_17,218,GR,15.612686589360237,48
sign_test_cel0.3,chunk_17,218,IPC,8.094334557652473,48
sign_test_cel0.3,chunk_17,218,KR,7.863217651844025,48
sign_test_cel0.3,chunk_17,218,MC,5.80437542249759,48
sign_test_cel0.3,chunk_17,218,cosine_similarity,0.4002574980258941,48
sign_test_cel0.3,chunk_17,218,wt_mean,0.002127093845047025,48
sign_test_cel0.3,chunk_17,219,GR,10.507922197381655,48
sign_test_cel0.3,chunk_17,219,IPC,8.355931294461092,48
sign_test_cel0.3,chunk_17,219,KR,5.803779015938441,48
sign_test_cel0.3,chunk_17,219,MC,5.620168586572011,48
sign_test_cel0.3,chunk_17,219,cosine_similarity,0.4002574235200882,48
sign_test_cel0.3,chunk_17,219,wt_mean,0.00177040626294905,48
sign_test_cel0.3,chunk_17,220,GR,13.518897394339243,48
sign_test_cel0.3,chunk_17,220,IPC,7.910200080523889,48
sign_test_cel0.3,chunk_17,220,KR,7.1314527442057924,48
sign_test_cel0.3,chunk_17,220,MC,5.933848279217879,48
sign_test_cel0.3,chunk_17,220,cosine_similarity,0.40025749057531357,48
sign_test_cel0.3,chunk_17,220,wt_mean,0.001973047474166325,48
sign_test_cel0.3,chunk_17,221,GR,14.636625488599142,48
sign_test_cel0.3,chunk_17,221,IPC,9.653339362392822,48
sign_test_cel0.3,chunk_17,221,KR,7.546697194377582,48
sign_test_cel0.3,chunk_17,221,MC,6.673752357562383,48
sign_test_cel0.3,chunk_17,221,cosine_similarity,0.4002574011683464,48
sign_test_cel0.3,chunk_17,221,wt_mean,0.0021552456310018502,48
sign_test_cel0.3,chunk_17,222,GR,15.156240498026213,48
sign_test_cel0.3,chunk_17,222,IPC,9.615626490364471,48
sign_test_cel0.3,chunk_17,222,KR,8.174530237913132,48
sign_test_cel0.3,chunk_17,222,MC,6.60859243820111,48
sign_test_cel0.3,chunk_17,222,cosine_similarity,0.4002574682235717,48
sign_test_cel0.3,chunk_17,222,wt_mean,0.002327155933016875,48
sign_test_cel0.3,chunk_17,223,GR,11.074267367521921,48
sign_test_cel0.3,chunk_17,223,IPC,9.462757661938667,48
sign_test_cel0.3,chunk_17,223,KR,6.004580621918042,48
sign_test_cel0.3,chunk_17,223,MC,6.594496369361877,48
sign_test_cel0.3,chunk_17,223,cosine_similarity,0.4002574980258941,48
sign_test_cel0.3,chunk_17,223,wt_mean,0.00190597976325075,48
sign_test_cel0.3,chunk_17,224,GR,14.878423521916071,48
sign_test_cel0.3,chunk_17,224,IPC,9.487995211035013,48
sign_test_cel0.3,chunk_17,224,KR,7.8469586571057635,48
sign_test_cel0.3,chunk_17,224,MC,6.764013518889745,48
sign_test_cel0.3,chunk_17,224,cosine_similarity,0.4002574011683464,48
sign_test_cel0.3,chunk_17,224,wt_mean,0.002237764652818375,48
sign_test_cel0.3,chunk_17,225,GR,14.798016374309858,48
sign_test_cel0.3,chunk_17,225,IPC,8.13403476898869,48
sign_test_cel0.3,chunk_17,225,KR,7.344386701782544,48
sign_test_cel0.3,chunk_17,225,MC,6.108900373180707,48
sign_test_cel0.3,chunk_17,225,cosine_similarity,0.4002573862671852,48
sign_test_cel0.3,chunk_17,225,wt_mean,0.001967843476450025,48
sign_test_cel0.3,chunk_18,226,GR,10.45267234245936,48
sign_test_cel0.3,chunk_18,226,IPC,8.167904581874609,48
sign_test_cel0.3,chunk_18,226,KR,5.6296877066294355,48
sign_test_cel0.3,chunk_18,226,MC,5.598079587022464,48
sign_test_cel0.3,chunk_18,226,cosine_similarity,0.40025728940963745,48
sign_test_cel0.3,chunk_18,226,wt_mean,0.0017381972284056001,48
sign_test_cel0.3,chunk_18,227,GR,16.87102686862151,48
sign_test_cel0.3,chunk_18,227,IPC,9.252834483981133,48
sign_test_cel0.3,chunk_18,227,KR,8.705433716376623,48
sign_test_cel0.3,chunk_18,227,MC,6.583567023277283,48
sign_test_cel0.3,chunk_18,227,cosine_similarity,0.4002575129270553,48
sign_test_cel0.3,chunk_18,227,wt_mean,0.002174057357478825,48
sign_test_cel0.3,chunk_18,228,GR,9.003593464692434,48
sign_test_cel0.3,chunk_18,228,IPC,8.189755691836277,48
sign_test_cel0.3,chunk_18,228,KR,5.093785266081492,48
sign_test_cel0.3,chunk_18,228,MC,5.470087086160977,48
sign_test_cel0.3,chunk_18,228,cosine_similarity,0.4002574905753135,48
sign_test_cel0.3,chunk_18,228,wt_mean,0.00174008420435705,48
sign_test_cel0.3,chunk_18,229,GR,11.69318729142348,48
sign_test_cel0.3,chunk_18,229,IPC,8.462074334422747,48
sign_test_cel0.3,chunk_18,229,KR,6.277367661396663,48
sign_test_cel0.3,chunk_18,229,MC,5.786840041478475,48
sign_test_cel0.3,chunk_18,229,cosine_similarity,0.40025752782821655,48
sign_test_cel0.3,chunk_18,229,wt_mean,0.001898693182738475,48
sign_test_cel0.3,chunk_18,230,GR,17.48181540767352,48
sign_test_cel0.3,chunk_18,230,IPC,8.346576189001402,48
sign_test_cel0.3,chunk_18,230,KR,9.184406359990438,48
sign_test_cel0.3,chunk_18,230,MC,6.62986280520757,48
sign_test_cel0.3,chunk_18,230,cosine_similarity,0.40025752782821655,48
sign_test_cel0.3,chunk_18,230,wt_mean,0.0023316598380915252,48
sign_test_cel0.3,chunk_18,231,GR,11.672879949212074,48
sign_test_cel0.3,chunk_18,231,IPC,8.212275605648756,48
sign_test_cel0.3,chunk_18,231,KR,6.362744083007176,48
sign_test_cel0.3,chunk_18,231,MC,5.828307007749875,48
sign_test_cel0.3,chunk_18,231,cosine_similarity,0.4002573862671852,48
sign_test_cel0.3,chunk_18,231,wt_mean,0.00180562864989035,48
sign_test_cel0.3,chunk_18,232,GR,11.63927674293518,48
sign_test_cel0.3,chunk_18,232,IPC,8.359207697212696,48
sign_test_cel0.3,chunk_18,232,KR,6.297123476862907,48
sign_test_cel0.3,chunk_18,232,MC,5.8257643431425095,48
sign_test_cel0.3,chunk_18,232,cosine_similarity,0.40025753527879715,48
sign_test_cel0.3,chunk_18,232,wt_mean,0.001799323625164075,48
sign_test_cel0.3,chunk_18,233,GR,14.445139606793722,48
sign_test_cel0.3,chunk_18,233,IPC,9.177105840295553,48
sign_test_cel0.3,chunk_18,233,KR,7.214369684457779,48
sign_test_cel0.3,chunk_18,233,MC,6.378863354523976,48
sign_test_cel0.3,chunk_18,233,cosine_similarity,0.4002575725317001,48
sign_test_cel0.3,chunk_18,233,wt_mean,0.0021544951596296747,48
sign_test_cel0.3,chunk_18,234,GR,11.880970373749733,48
sign_test_cel0.3,chunk_18,234,IPC,8.139942244937023,48
sign_test_cel0.3,chunk_18,234,KR,6.525493110219638,48
sign_test_cel0.3,chunk_18,234,MC,5.730937336881955,48
sign_test_cel0.3,chunk_18,234,cosine_similarity,0.40025749057531357,48
sign_test_cel0.3,chunk_18,234,wt_mean,0.0019599048246163498,48
sign_test_cel0.3,chunk_18,235,GR,10.413177574674288,48
sign_test_cel0.3,chunk_18,235,IPC,8.225332086284956,48
sign_test_cel0.3,chunk_18,235,KR,5.569774866104126,48
sign_test_cel0.3,chunk_18,235,MC,5.609869991739591,48
sign_test_cel0.3,chunk_18,235,cosine_similarity,0.4002574682235717,48
sign_test_cel0.3,chunk_18,235,wt_mean,0.001793175528291575,48
sign_test_cel0.3,chunk_18,236,GR,14.095726157228151,48
sign_test_cel0.3,chunk_18,236,IPC,8.892077203840017,48
sign_test_cel0.3,chunk_18,236,KR,7.466222777962685,48
sign_test_cel0.3,chunk_18,236,MC,6.233150944113731,48
sign_test_cel0.3,chunk_18,236,cosine_similarity,0.4002574756741524,48
sign_test_cel0.3,chunk_18,236,wt_mean,0.0021081239683553,48
sign_test_cel0.3,chunk_18,237,GR,24.716222410400707,48
sign_test_cel0.3,chunk_18,237,IPC,8.819495650629202,48
sign_test_cel0.3,chunk_18,237,KR,13.456260035435358,48
sign_test_cel0.3,chunk_18,237,MC,7.060423384110133,48
sign_test_cel0.3,chunk_18,237,cosine_similarity,0.40025751292705536,48
sign_test_cel0.3,chunk_18,237,wt_mean,0.002701159071875675,48
sign_test_cel0.3,chunk_19,238,GR,11.074760680397352,48
sign_test_cel0.3,chunk_19,238,IPC,7.261840918411811,48
sign_test_cel0.3,chunk_19,238,KR,6.095726748307546,48
sign_test_cel0.3,chunk_19,238,MC,5.433498900383711,48
sign_test_cel0.3,chunk_19,238,cosine_similarity,0.40025744587183,48
sign_test_cel0.3,chunk_19,238,wt_mean,0.001909985585370975,48
sign_test_cel0.3,chunk_19,239,GR,10.421826586127281,48
sign_test_cel0.3,chunk_19,239,IPC,8.069988480458656,48
sign_test_cel0.3,chunk_19,239,KR,5.587355027596156,48
sign_test_cel0.3,chunk_19,239,MC,5.678426461915175,48
sign_test_cel0.3,chunk_19,239,cosine_similarity,0.40025742352008814,48
sign_test_cel0.3,chunk_19,239,wt_mean,0.0018019998969975501,48
sign_test_cel0.3,chunk_19,240,GR,12.51717350880305,48
sign_test_cel0.3,chunk_19,240,IPC,9.040797847012678,48
sign_test_cel0.3,chunk_19,240,KR,6.317577555775642,48
sign_test_cel0.3,chunk_19,240,MC,6.1497305271526175,48
sign_test_cel0.3,chunk_19,240,cosine_similarity,0.4002574607729912,48
sign_test_cel0.3,chunk_19,240,wt_mean,0.0019822935282717753,48
sign_test_cel0.3,chunk_19,241,GR,15.948462203145027,48
sign_test_cel0.3,chunk_19,241,IPC,8.840013374884924,48
sign_test_cel0.3,chunk_19,241,KR,8.178397258122763,48
sign_test_cel0.3,chunk_19,241,MC,6.427437946200371,48
sign_test_cel0.3,chunk_19,241,cosine_similarity,0.4002574384212494,48
sign_test_cel0.3,chunk_19,241,wt_mean,0.0023051735188346,48
sign_test_cel0.3,chunk_19,242,GR,13.823456039031347,48
sign_test_cel0.3,chunk_19,242,IPC,9.900313856701056,48
sign_test_cel0.3,chunk_19,242,KR,7.107211942474048,48
sign_test_cel0.3,chunk_19,242,MC,6.68592310945193,48
sign_test_cel0.3,chunk_19,242,cosine_similarity,0.40025745332241053,48
sign_test_cel0.3,chunk_19,242,wt_mean,0.002162237768061425,48
sign_test_cel0.3,chunk_19,243,GR,11.173262804746628,48
sign_test_cel0.3,chunk_19,243,IPC,8.317563292880854,48
sign_test_cel0.3,chunk_19,243,KR,5.751439680655797,48
sign_test_cel0.3,chunk_19,243,MC,5.694702781736851,48
sign_test_cel0.3,chunk_19,243,cosine_similarity,0.40025744587183,48
sign_test_cel0.3,chunk_19,243,wt_mean,0.0018692250596359001,48
sign_test_cel0.3,chunk_19,244,GR,9.876655350128809,48
sign_test_cel0.3,chunk_19,244,IPC,7.8751985269288225,48
sign_test_cel0.3,chunk_19,244,KR,5.509032651782036,48
sign_test_cel0.3,chunk_19,244,MC,5.709474580983321,48
sign_test_cel0.3,chunk_19,244,cosine_similarity,0.40025754272937775,48
sign_test_cel0.3,chunk_19,244,wt_mean,0.0017276002909056498,48
sign_test_cel0.3,chunk_19,245,GR,11.143759916226069,48
sign_test_cel0.3,chunk_19,245,IPC,9.264311206837496,48
sign_test_cel0.3,chunk_19,245,KR,6.159482806921005,48
sign_test_cel0.3,chunk_19,245,MC,6.588556287189324,48
sign_test_cel0.3,chunk_19,245,cosine_similarity,0.40025744587182993,48
sign_test_cel0.3,chunk_19,245,wt_mean,0.00205839145928615,48
sign_test_cel0.3,chunk_19,246,GR,23.88621337711811,48
sign_test_cel0.3,chunk_19,246,IPC,8.685928707321485,48
sign_test_cel0.3,chunk_19,246,KR,12.118743499120077,48
sign_test_cel0.3,chunk_19,246,MC,6.5420977373917895,48
sign_test_cel0.3,chunk_19,246,cosine_similarity,0.40025739371776575,48
sign_test_cel0.3,chunk_19,246,wt_mean,0.0024969995138235,48
sign_test_cel0.3,chunk_19,247,GR,11.078186735510826,48
sign_test_cel0.3,chunk_19,247,IPC,8.2423818881313,48
sign_test_cel0.3,chunk_19,247,KR,5.952536577979724,48
sign_test_cel0.3,chunk_19,247,MC,5.7367224643627805,48
sign_test_cel0.3,chunk_19,247,cosine_similarity,0.40025755763053894,48
sign_test_cel0.3,chunk_19,247,wt_mean,0.001863007142674125,48
sign_test_cel0.3,chunk_19,248,GR,19.79654490451018,48
sign_test_cel0.3,chunk_19,248,IPC,9.91038466244936,48
sign_test_cel0.3,chunk_19,248,KR,10.710723678270975,48
sign_test_cel0.3,chunk_19,248,MC,7.553535784284274,48
sign_test_cel0.3,chunk_19,248,cosine_similarity,0.40025742352008814,48
sign_test_cel0.3,chunk_19,248,wt_mean,0.0024381704279221,48
sign_test_cel0.3,chunk_19,249,GR,13.23484474917253,48
sign_test_cel0.3,chunk_19,249,IPC,8.624146565794945,48
sign_test_cel0.3,chunk_19,249,KR,6.9648753354946775,48
sign_test_cel0.3,chunk_19,249,MC,5.9809488753477735,48
sign_test_cel0.3,chunk_19,249,cosine_similarity,0.4002574160695076,48
sign_test_cel0.3,chunk_19,249,wt_mean,0.0020190530631225,48
sign_test_cel0.3,chunk_2,26,GR,13.074129040042559,48
sign_test_cel0.3,chunk_2,26,IPC,7.552110551546018,48
sign_test_cel0.3,chunk_2,26,KR,6.8069033821423846,48
sign_test_cel0.3,chunk_2,26,MC,5.763256400823593,48
sign_test_cel0.3,chunk_2,26,cosine_similarity,0.40025738626718516,48
sign_test_cel0.3,chunk_2,26,wt_mean,0.0018940262962132,48
sign_test_cel0.3,chunk_2,27,GR,10.346962109208107,48
sign_test_cel0.3,chunk_2,27,IPC,7.8828677001098795,48
sign_test_cel0.3,chunk_2,27,KR,5.852168222268422,48
sign_test_cel0.3,chunk_2,27,MC,5.87029551466306,48
sign_test_cel0.3,chunk_2,27,cosine_similarity,0.4002574309706688,48
sign_test_cel0.3,chunk_2,27,wt_mean,0.001733742479700575,48
sign_test_cel0.3,chunk_2,28,GR,14.711853856841723,48
sign_test_cel0.3,chunk_2,28,IPC,8.551175832748413,48
sign_test_cel0.3,chunk_2,28,KR,7.525144442915916,48
sign_test_cel0.3,chunk_2,28,MC,6.345890998840332,48
sign_test_cel0.3,chunk_2,28,cosine_similarity,0.4002574980258941,48
sign_test_cel0.3,chunk_2,28,wt_mean,0.00194953556638205,48
sign_test_cel0.3,chunk_2,29,GR,13.529392202695211,48
sign_test_cel0.3,chunk_2,29,IPC,7.635781506697337,48
sign_test_cel0.3,chunk_2,29,KR,6.950940012931824,48
sign_test_cel0.3,chunk_2,29,MC,5.689064333836238,48
sign_test_cel0.3,chunk_2,29,cosine_similarity,0.4002574607729911,48
sign_test_cel0.3,chunk_2,29,wt_mean,0.0020402294467203002,48
sign_test_cel0.3,chunk_2,30,GR,12.884850377837816,48
sign_test_cel0.3,chunk_2,30,IPC,7.952895067632198,48
sign_test_cel0.3,chunk_2,30,KR,6.872141450643539,48
sign_test_cel0.3,chunk_2,30,MC,5.916824921965599,48
sign_test_cel0.3,chunk_2,30,cosine_similarity,0.4002573490142822,48
sign_test_cel0.3,chunk_2,30,wt_mean,0.0019360970181878248,48
sign_test_cel0.3,chunk_2,31,GR,20.057802160580952,48
sign_test_cel0.3,chunk_2,31,IPC,8.108448720226685,48
sign_test_cel0.3,chunk_2,31,KR,10.467366541425386,48
sign_test_cel0.3,chunk_2,31,MC,6.434294921656449,48
sign_test_cel0.3,chunk_2,31,cosine_similarity,0.4002573862671852,48
sign_test_cel0.3,chunk_2,31,wt_mean,0.0024468119081575003,48
sign_test_cel0.3,chunk_2,32,GR,12.933219199379286,48
sign_test_cel0.3,chunk_2,32,IPC,8.905743269870678,48
sign_test_cel0.3,chunk_2,32,KR,6.914281765619914,48
sign_test_cel0.3,chunk_2,32,MC,6.640007868409157,48
sign_test_cel0.3,chunk_2,32,cosine_similarity,0.4002575501799583,48
sign_test_cel0.3,chunk_2,32,wt_mean,0.002128903637640125,48
sign_test_cel0.3,chunk_2,33,GR,13.203881169358889,48
sign_test_cel0.3,chunk_2,33,IPC,9.161969542503357,48
sign_test_cel0.3,chunk_2,33,KR,7.207893078525861,48
sign_test_cel0.3,chunk_2,33,MC,6.683539524674416,48
sign_test_cel0.3,chunk_2,33,cosine_similarity,0.4002574533224106,48
sign_test_cel0.3,chunk_2,33,wt_mean,0.0021525469492189,48
sign_test_cel0.3,chunk_2,34,GR,10.697751586635908,48
sign_test_cel0.3,chunk_2,34,IPC,8.240692009528479,48
sign_test_cel0.3,chunk_2,34,KR,5.866382201512654,48
sign_test_cel0.3,chunk_2,34,MC,5.911535193522771,48
sign_test_cel0.3,chunk_2,34,cosine_similarity,0.40025757253170013,48
sign_test_cel0.3,chunk_2,34,wt_mean,0.001927941979374675,48
sign_test_cel0.3,chunk_2,35,GR,9.648999045292536,48
sign_test_cel0.3,chunk_2,35,IPC,7.3390804541607695,48
sign_test_cel0.3,chunk_2,35,KR,5.107342109084129,48
sign_test_cel0.3,chunk_2,35,MC,5.523725893348455,48
sign_test_cel0.3,chunk_2,35,cosine_similarity,0.4002574831247329,48
sign_test_cel0.3,chunk_2,35,wt_mean,0.001860032818512925,48
sign_test_cel0.3,chunk_2,36,GR,9.977413182457289,48
sign_test_cel0.3,chunk_2,36,IPC,8.5194788351655,48
sign_test_cel0.3,chunk_2,36,KR,5.388149172067642,48
sign_test_cel0.3,chunk_2,36,MC,5.883620649576187,48
sign_test_cel0.3,chunk_2,36,cosine_similarity,0.40025737881660456,48
sign_test_cel0.3,chunk_2,36,wt_mean,0.001871822576504175,48
sign_test_cel0.3,chunk_2,37,GR,11.71292976041635,48
sign_test_cel0.3,chunk_2,37,IPC,8.73397488022844,48
sign_test_cel0.3,chunk_2,37,KR,6.218144143621127,48
sign_test_cel0.3,chunk_2,37,MC,6.022204255064328,48
sign_test_cel0.3,chunk_2,37,cosine_similarity,0.4002575203776359,48
sign_test_cel0.3,chunk_2,37,wt_mean,0.00195304740918795,48
sign_test_cel0.3,chunk_2,38,GR,8.004674280683199,48
sign_test_cel0.3,chunk_2,38,IPC,7.209866256763537,48
sign_test_cel0.3,chunk_2,38,KR,4.461478737493356,48
sign_test_cel0.3,chunk_2,38,MC,5.103664435446262,48
sign_test_cel0.3,chunk_2,38,cosine_similarity,0.40025743097066874,48
sign_test_cel0.3,chunk_2,38,wt_mean,0.00153597650933075,48
sign_test_cel0.3,chunk_3,39,GR,12.689321801066399,48
sign_test_cel0.3,chunk_3,39,IPC,8.703047260642052,48
sign_test_cel0.3,chunk_3,39,KR,6.491756588220596,48
sign_test_cel0.3,chunk_3,39,MC,6.0252758512894316,48
sign_test_cel0.3,chunk_3,39,cosine_similarity,0.40025737881660456,48
sign_test_cel0.3,chunk_3,39,wt_mean,0.0019467710517346501,48
sign_test_cel0.3,chunk_3,40,GR,11.739008431633314,48
sign_test_cel0.3,chunk_3,40,IPC,8.64133391653498,48
sign_test_cel0.3,chunk_3,40,KR,6.4663544942935305,48
sign_test_cel0.3,chunk_3,40,MC,5.7108726153771086,48
sign_test_cel0.3,chunk_3,40,cosine_similarity,0.4002574682235717,48
sign_test_cel0.3,chunk_3,40,wt_mean,0.0019047058885916502,48
sign_test_cel0.3,chunk_3,41,GR,10.080039118727049,48
sign_test_cel0.3,chunk_3,41,IPC,7.742555444439252,48
sign_test_cel0.3,chunk_3,41,KR,5.287485872705777,48
sign_test_cel0.3,chunk_3,41,MC,5.525975547730923,48
sign_test_cel0.3,chunk_3,41,cosine_similarity,0.4002575352787971,48
sign_test_cel0.3,chunk_3,41,wt_mean,0.00185845867963505,48
sign_test_cel0.3,chunk_3,42,GR,11.986001148819923,48
sign_test_cel0.3,chunk_3,42,IPC,9.029962529738745,48
sign_test_cel0.3,chunk_3,42,KR,6.199564139048259,48
sign_test_cel0.3,chunk_3,42,MC,6.019765575726827,48
sign_test_cel0.3,chunk_3,42,cosine_similarity,0.4002574756741523,48
sign_test_cel0.3,chunk_3,42,wt_mean,0.00198447736329395,48
sign_test_cel0.3,chunk_3,43,GR,9.47701301674048,48
sign_test_cel0.3,chunk_3,43,IPC,8.070062053700289,48
sign_test_cel0.3,chunk_3,43,KR,5.03013801574707,48
sign_test_cel0.3,chunk_3,43,MC,5.98277382304271,48
sign_test_cel0.3,chunk_3,43,cosine_similarity,0.4002574160695076,48
sign_test_cel0.3,chunk_3,43,wt_mean,0.0017092897905967499,48
sign_test_cel0.3,chunk_3,44,GR,13.214594269792238,48
sign_test_cel0.3,chunk_3,44,IPC,8.844930093735456,48
sign_test_cel0.3,chunk_3,44,KR,7.097197512785594,48
sign_test_cel0.3,chunk_3,44,MC,6.494431974987189,48
sign_test_cel0.3,chunk_3,44,cosine_similarity,0.40025737136602396,48
sign_test_cel0.3,chunk_3,44,wt_mean,0.002093557384796425,48
sign_test_cel0.3,chunk_3,45,GR,12.04964937766393,48
sign_test_cel0.3,chunk_3,45,IPC,8.96400179589788,48
sign_test_cel0.3,chunk_3,45,KR,6.758471171061198,48
sign_test_cel0.3,chunk_3,45,MC,6.138590017954509,48
sign_test_cel0.3,chunk_3,45,cosine_similarity,0.4002575129270553,48
sign_test_cel0.3,chunk_3,45,wt_mean,0.0019893589196726,48
sign_test_cel0.3,chunk_3,46,GR,9.135064333677292,48
sign_test_cel0.3,chunk_3,46,IPC,8.345762388159832,48
sign_test_cel0.3,chunk_3,46,KR,5.0870750695466995,48
sign_test_cel0.3,chunk_3,46,MC,5.490727916359901,48
sign_test_cel0.3,chunk_3,46,cosine_similarity,0.4002574682235718,48
sign_test_cel0.3,chunk_3,46,wt_mean,0.0017837510677053997,48
sign_test_cel0.3,chunk_3,47,GR,20.787892654538155,48
sign_test_cel0.3,chunk_3,47,IPC,8.952557237197956,48
sign_test_cel0.3,chunk_3,47,KR,10.63615475098292,48
sign_test_cel0.3,chunk_3,47,MC,6.4976716587940855,48
sign_test_cel0.3,chunk_3,47,cosine_similarity,0.4002574384212494,48
sign_test_cel0.3,chunk_3,47,wt_mean,0.002341938234167125,48
sign_test_cel0.3,chunk_3,48,GR,12.259473840395609,48
sign_test_cel0.3,chunk_3,48,IPC,8.506054735432068,48
sign_test_cel0.3,chunk_3,48,KR,6.45154832303524,48
sign_test_cel0.3,chunk_3,48,MC,5.873530934254329,48
sign_test_cel0.3,chunk_3,48,cosine_similarity,0.4002575129270553,48
sign_test_cel0.3,chunk_3,48,wt_mean,0.00195913098286835,48
sign_test_cel0.3,chunk_3,49,GR,14.287442664305368,48
sign_test_cel0.3,chunk_3,49,IPC,8.273490313440561,48
sign_test_cel0.3,chunk_3,49,KR,7.576419020692508,48
sign_test_cel0.3,chunk_3,49,MC,5.500169013937314,48
sign_test_cel0.3,chunk_3,49,cosine_similarity,0.40025749802589417,48
sign_test_cel0.3,chunk_3,49,wt_mean,0.002079723868519025,48
sign_test_cel0.3,chunk_3,50,GR,10.840730195244154,48
sign_test_cel0.3,chunk_3,50,IPC,9.361846785992384,48
sign_test_cel0.3,chunk_3,50,KR,6.094351038336754,48
sign_test_cel0.3,chunk_3,50,MC,6.425368805726369,48
sign_test_cel0.3,chunk_3,50,cosine_similarity,0.40025745332241053,48
sign_test_cel0.3,chunk_3,50,wt_mean,0.0019914354197680503,48
sign_test_cel0.3,chunk_3,51,GR,9.480927765369415,48
sign_test_cel0.3,chunk_3,51,IPC,6.977379782746236,48
sign_test_cel0.3,chunk_3,51,KR,5.194958413640658,48
sign_test_cel0.3,chunk_3,51,MC,5.440321990599235,48
sign_test_cel0.3,chunk_3,51,cosine_similarity,0.40025745332241053,48
sign_test_cel0.3,chunk_3,51,wt_mean,0.001814985211240075,48
sign_test_cel0.3,chunk_4,52,GR,10.524695585171381,48
sign_test_cel0.3,chunk_4,52,IPC,8.610624264925718,48
sign_test_cel0.3,chunk_4,52,KR,5.947334850827853,48
sign_test_cel0.3,chunk_4,52,MC,6.007223196327686,48
sign_test_cel0.3,chunk_4,52,cosine_similarity,0.40025749802589417,48
sign_test_cel0.3,chunk_4,52,wt_mean,0.001852132147178,48
sign_test_cel0.3,chunk_4,53,GR,10.595971167087555,48
sign_test_cel0.3,chunk_4,53,IPC,7.509242104987304,48
sign_test_cel0.3,chunk_4,53,KR,5.663899764418602,48
sign_test_cel0.3,chunk_4,53,MC,5.086201784511407,48
sign_test_cel0.3,chunk_4,53,cosine_similarity,0.4002575576305389,48
sign_test_cel0.3,chunk_4,53,wt_mean,0.0017330411646980248,48
sign_test_cel0.3,chunk_4,54,GR,19.88299955924352,48
sign_test_cel0.3,chunk_4,54,IPC,9.497292374571165,48
sign_test_cel0.3,chunk_4,54,KR,10.15739836792151,48
sign_test_cel0.3,chunk_4,54,MC,6.938564484318097,48
sign_test_cel0.3,chunk_4,54,cosine_similarity,0.4002574309706688,48
sign_test_cel0.3,chunk_4,54,wt_mean,0.00249252037610855,48
sign_test_cel0.3,chunk_4,55,GR,13.591930399338404,48
sign_test_cel0.3,chunk_4,55,IPC,8.360522404313087,48
sign_test_cel0.3,chunk_4,55,KR,7.118514398733775,48
sign_test_cel0.3,chunk_4,55,MC,5.981505781412125,48
sign_test_cel0.3,chunk_4,55,cosine_similarity,0.40025749802589417,48
sign_test_cel0.3,chunk_4,55,wt_mean,0.0020060259557794498,48
sign_test_cel0.3,chunk_4,56,GR,10.058290218313536,48
sign_test_cel0.3,chunk_4,56,IPC,7.11012065410614,48
sign_test_cel0.3,chunk_4,56,KR,5.376225546002388,48
sign_test_cel0.3,chunk_4,56,MC,5.591276710232099,48
sign_test_cel0.3,chunk_4,56,cosine_similarity,0.40025743097066874,48
sign_test_cel0.3,chunk_4,56,wt_mean,0.001873064553365075,48
sign_test_cel0.3,chunk_4,57,GR,13.393541246652603,48
sign_test_cel0.3,chunk_4,57,IPC,8.228338096290827,48
sign_test_cel0.3,chunk_4,57,KR,6.981795529524486,48
sign_test_cel0.3,chunk_4,57,MC,5.633905914922555,48
sign_test_cel0.3,chunk_4,57,cosine_similarity,0.4002573564648628,48
sign_test_cel0.3,chunk_4,57,wt_mean,0.0019499690388328748,48
sign_test_cel0.3,chunk_4,58,GR,10.172111312548319,48
sign_test_cel0.3,chunk_4,58,IPC,7.83772944410642,48
sign_test_cel0.3,chunk_4,58,KR,5.578838835159938,48
sign_test_cel0.3,chunk_4,58,MC,5.424026067058246,48
sign_test_cel0.3,chunk_4,58,cosine_similarity,0.4002573639154434,48
sign_test_cel0.3,chunk_4,58,wt_mean,0.0018550487293395501,48
sign_test_cel0.3,chunk_4,59,GR,15.261303861935934,48
sign_test_cel0.3,chunk_4,59,IPC,8.974919207394123,48
sign_test_cel0.3,chunk_4,59,KR,7.628182525436084,48
sign_test_cel0.3,chunk_4,59,MC,6.334074546893437,48
sign_test_cel0.3,chunk_4,59,cosine_similarity,0.4002575203776359,48
sign_test_cel0.3,chunk_4,59,wt_mean,0.0020321003685239,48
sign_test_cel0.3,chunk_4,60,GR,13.225501000881195,48
sign_test_cel0.3,chunk_4,60,IPC,8.3227132546405,48
sign_test_cel0.3,chunk_4,60,KR,7.181452731291453,48
sign_test_cel0.3,chunk_4,60,MC,6.005467022458713,48
sign_test_cel0.3,chunk_4,60,cosine_similarity,0.40025755017995834,48
sign_test_cel0.3,chunk_4,60,wt_mean,0.002012491197092425,48
sign_test_cel0.3,chunk_4,61,GR,14.66668002307415,48
sign_test_cel0.3,chunk_4,61,IPC,8.179763649900755,48
sign_test_cel0.3,chunk_4,61,KR,7.579028929273288,48
sign_test_cel0.3,chunk_4,61,MC,5.654414979120095,48
sign_test_cel0.3,chunk_4,61,cosine_similarity,0.4002574160695076,48
sign_test_cel0.3,chunk_4,61,wt_mean,0.001989125390537025,48
sign_test_cel0.3,chunk_4,62,GR,12.605483750502268,48
sign_test_cel0.3,chunk_4,62,IPC,8.631182167679071,48
sign_test_cel0.3,chunk_4,62,KR,6.691018020113309,48
sign_test_cel0.3,chunk_4,62,MC,6.102723635733128,48
sign_test_cel0.3,chunk_4,62,cosine_similarity,0.4002573937177658,48
sign_test_cel0.3,chunk_4,62,wt_mean,0.001940106332767725,48
sign_test_cel0.3,chunk_4,63,GR,13.724580610791842,48
sign_test_cel0.3,chunk_4,63,IPC,9.052854718019566,48
sign_test_cel0.3,chunk_4,63,KR,7.365475818514824,48
sign_test_cel0.3,chunk_4,63,MC,6.092810067037742,48
sign_test_cel0.3,chunk_4,63,cosine_similarity,0.4002574533224106,48
sign_test_cel0.3,chunk_4,63,wt_mean,0.0020170797652099,48
sign_test_cel0.3,chunk_4,64,GR,11.636361916859945,48
sign_test_cel0.3,chunk_4,64,IPC,8.798437674840292,48
sign_test_cel0.3,chunk_4,64,KR,6.365751738349597,48
sign_test_cel0.3,chunk_4,64,MC,5.949695467948914,48
sign_test_cel0.3,chunk_4,64,cosine_similarity,0.4002575129270553,48
sign_test_cel0.3,chunk_4,64,wt_mean,0.00186181787285015,48
sign_test_cel0.3,chunk_5,65,GR,12.610652471582094,48
sign_test_cel0.3,chunk_5,65,IPC,9.050325377533833,48
sign_test_cel0.3,chunk_5,65,KR,6.546159744262695,48
sign_test_cel0.3,chunk_5,65,MC,6.411606058478355,48
sign_test_cel0.3,chunk_5,65,cosine_similarity,0.4002575501799583,48
sign_test_cel0.3,chunk_5,65,wt_mean,0.001864762802142625,48
sign_test_cel0.3,chunk_5,66,GR,11.717790658275286,48
sign_test_cel0.3,chunk_5,66,IPC,8.98111541941762,48
sign_test_cel0.3,chunk_5,66,KR,6.374449089169502,48
sign_test_cel0.3,chunk_5,66,MC,5.992583721876144,48
sign_test_cel0.3,chunk_5,66,cosine_similarity,0.4002574384212494,48
sign_test_cel0.3,chunk_5,66,wt_mean,0.001995155063923375,48
sign_test_cel0.3,chunk_5,67,GR,10.616832296053568,48
sign_test_cel0.3,chunk_5,67,IPC,9.31320378308495,48
sign_test_cel0.3,chunk_5,67,KR,5.851776450872421,48
sign_test_cel0.3,chunk_5,67,MC,6.371856282154719,48
sign_test_cel0.3,chunk_5,67,cosine_similarity,0.4002574607729911,48
sign_test_cel0.3,chunk_5,67,wt_mean,0.001849489839514675,48
sign_test_cel0.3,chunk_5,68,GR,9.575587610403696,48
sign_test_cel0.3,chunk_5,68,IPC,8.055059069146713,48
sign_test_cel0.3,chunk_5,68,KR,5.166359454393387,48
sign_test_cel0.3,chunk_5,68,MC,5.598971754312515,48
sign_test_cel0.3,chunk_5,68,cosine_similarity,0.4002574756741524,48
sign_test_cel0.3,chunk_5,68,wt_mean,0.0018198029429185502,48
sign_test_cel0.3,chunk_5,69,GR,10.271377687652906,48
sign_test_cel0.3,chunk_5,69,IPC,8.437839602430662,48
sign_test_cel0.3,chunk_5,69,KR,5.619539697964986,48
sign_test_cel0.3,chunk_5,69,MC,5.9715641637643175,48
sign_test_cel0.3,chunk_5,69,cosine_similarity,0.40025744587182993,48
sign_test_cel0.3,chunk_5,69,wt_mean,0.0019020444597117002,48
sign_test_cel0.3,chunk_5,70,GR,10.799994950493177,48
sign_test_cel0.3,chunk_5,70,IPC,8.85959693044424,48
sign_test_cel0.3,chunk_5,70,KR,5.908825139204661,48
sign_test_cel0.3,chunk_5,70,MC,5.8281836460034055,48
sign_test_cel0.3,chunk_5,70,cosine_similarity,0.4002575501799583,48
sign_test_cel0.3,chunk_5,70,wt_mean,0.001868385297711875,48
sign_test_cel0.3,chunk_5,71,GR,14.486976618568102,48
sign_test_cel0.3,chunk_5,71,IPC,8.513219129294157,48
sign_test_cel0.3,chunk_5,71,KR,7.569017092386882,48
sign_test_cel0.3,chunk_5,71,MC,6.193284228444099,48
sign_test_cel0.3,chunk_5,71,cosine_similarity,0.4002573937177658,48
sign_test_cel0.3,chunk_5,71,wt_mean,0.00200660811970005,48
sign_test_cel0.3,chunk_5,72,GR,13.678858598073324,48
sign_test_cel0.3,chunk_5,72,IPC,8.517788760364056,48
sign_test_cel0.3,chunk_5,72,KR,7.194551438093185,48
sign_test_cel0.3,chunk_5,72,MC,6.0303807482123375,48
sign_test_cel0.3,chunk_5,72,cosine_similarity,0.4002574533224106,48
sign_test_cel0.3,chunk_5,72,wt_mean,0.002084273495711325,48
sign_test_cel0.3,chunk_5,73,GR,9.62379509707292,48
sign_test_cel0.3,chunk_5,73,IPC,7.781802485386531,48
sign_test_cel0.3,chunk_5,73,KR,5.101199835538864,48
sign_test_cel0.3,chunk_5,73,MC,5.3434967920184135,48
sign_test_cel0.3,chunk_5,73,cosine_similarity,0.4002574682235717,48
sign_test_cel0.3,chunk_5,73,wt_mean,0.001732805743813475,48
sign_test_cel0.3,chunk_5,74,GR,13.522422249118486,48
sign_test_cel0.3,chunk_5,74,IPC,9.03464775532484,48
sign_test_cel0.3,chunk_5,74,KR,7.243531455596288,48
sign_test_cel0.3,chunk_5,74,MC,6.373936379949252,48
sign_test_cel0.3,chunk_5,74,cosine_similarity,0.40025748312473297,48
sign_test_cel0.3,chunk_5,74,wt_mean,0.0020468632865231003,48
sign_test_cel0.3,chunk_5,75,GR,11.745783478021622,48
sign_test_cel0.3,chunk_5,75,IPC,8.820155837883553,48
sign_test_cel0.3,chunk_5,75,KR,6.2550830990076065,48
sign_test_cel0.3,chunk_5,75,MC,6.213959279159705,48
sign_test_cel0.3,chunk_5,75,cosine_similarity,0.4002574607729911,48
sign_test_cel0.3,chunk_5,75,wt_mean,0.00197833031415935,48
sign_test_cel0.3,chunk_5,76,GR,9.097656086087227,48
sign_test_cel0.3,chunk_5,76,IPC,7.544082558403413,48
sign_test_cel0.3,chunk_5,76,KR,4.849014500776927,48
sign_test_cel0.3,chunk_5,76,MC,5.32071187098821,48
sign_test_cel0.3,chunk_5,76,cosine_similarity,0.40025743097066874,48
sign_test_cel0.3,chunk_5,76,wt_mean,0.0016881220799404748,48
sign_test_cel0.3,chunk_5,77,GR,14.793449059128761,48
sign_test_cel0.3,chunk_5,77,IPC,8.960259531935057,48
sign_test_cel0.3,chunk_5,77,KR,7.56674945851167,48
sign_test_cel0.3,chunk_5,77,MC,6.577373124659061,48
sign_test_cel0.3,chunk_5,77,cosine_similarity,0.4002574607729912,48
sign_test_cel0.3,chunk_5,77,wt_mean,0.002118126460118175,48
sign_test_cel0.3,chunk_6,78,GR,11.681211243073145,48
sign_test_cel0.3,chunk_6,78,IPC,7.82781786719958,48
sign_test_cel0.3,chunk_6,78,KR,6.217926154534022,48
sign_test_cel0.3,chunk_6,78,MC,6.040231853723526,48
sign_test_cel0.3,chunk_6,78,cosine_similarity,0.4002574309706688,48
sign_test_cel0.3,chunk_6,78,wt_mean,0.0018841935379896,48
sign_test_cel0.3,chunk_6,79,GR,10.422366241614023,48
sign_test_cel0.3,chunk_6,79,IPC,7.540927242487669,48
sign_test_cel0.3,chunk_6,79,KR,5.7293745676676435,48
sign_test_cel0.3,chunk_6,79,MC,5.69519825776418,48
sign_test_cel0.3,chunk_6,79,cosine_similarity,0.40025742352008814,48
sign_test_cel0.3,chunk_6,79,wt_mean,0.0016761800216044751,48
sign_test_cel0.3,chunk_6,80,GR,13.359029849370321,48
sign_test_cel0.3,chunk_6,80,IPC,8.989747498184443,48
sign_test_cel0.3,chunk_6,80,KR,6.889970749616623,48
sign_test_cel0.3,chunk_6,80,MC,5.97088227669398,48
sign_test_cel0.3,chunk_6,80,cosine_similarity,0.4002573639154434,48
sign_test_cel0.3,chunk_6,80,wt_mean,0.001945024676388075,48
sign_test_cel0.3,chunk_6,81,GR,12.796869893868765,48
sign_test_cel0.3,chunk_6,81,IPC,8.143838424235582,48
sign_test_cel0.3,chunk_6,81,KR,6.539082124829292,48
sign_test_cel0.3,chunk_6,81,MC,5.903276264667511,48
sign_test_cel0.3,chunk_6,81,cosine_similarity,0.4002574235200882,48
sign_test_cel0.3,chunk_6,81,wt_mean,0.002004701294936175,48
sign_test_cel0.3,chunk_6,82,GR,21.85386695464452,48
sign_test_cel0.3,chunk_6,82,IPC,9.107102036476135,48
sign_test_cel0.3,chunk_6,82,KR,11.008584320545197,48
sign_test_cel0.3,chunk_6,82,MC,7.082451795538266,48
sign_test_cel0.3,chunk_6,82,cosine_similarity,0.4002574682235718,48
sign_test_cel0.3,chunk_6,82,wt_mean,0.002419464464765,48
sign_test_cel0.3,chunk_6,83,GR,9.546073858936628,48
sign_test_cel0.3,chunk_6,83,IPC,8.158096730709076,48
sign_test_cel0.3,chunk_6,83,KR,5.083961178859075,48
sign_test_cel0.3,chunk_6,83,MC,5.532694076498349,48
sign_test_cel0.3,chunk_6,83,cosine_similarity,0.40025737881660456,48
sign_test_cel0.3,chunk_6,83,wt_mean,0.001800180732971025,48
sign_test_cel0.3,chunk_6,84,GR,9.71443784236908,48
sign_test_cel0.3,chunk_6,84,IPC,7.723609360555808,48
sign_test_cel0.3,chunk_6,84,KR,5.321030522386233,48
sign_test_cel0.3,chunk_6,84,MC,5.3070272008577986,48
sign_test_cel0.3,chunk_6,84,cosine_similarity,0.4002575427293777,48
sign_test_cel0.3,chunk_6,84,wt_mean,0.0017251328390556749,48
sign_test_cel0.3,chunk_6,85,GR,15.525132109721502,48
sign_test_cel0.3,chunk_6,85,IPC,9.36270022764802,48
sign_test_cel0.3,chunk_6,85,KR,8.157627994815508,48
sign_test_cel0.3,chunk_6,85,MC,6.411375746130943,48
sign_test_cel0.3,chunk_6,85,cosine_similarity,0.40025748312473297,48
sign_test_cel0.3,chunk_6,85,wt_mean,0.0021824529394507248,48
sign_test_cel0.3,chunk_6,86,GR,9.145072937011719,48
sign_test_cel0.3,chunk_6,86,IPC,8.778908172001442,48
sign_test_cel0.3,chunk_6,86,KR,5.145897289117177,48
sign_test_cel0.3,chunk_6,86,MC,6.174293736616771,48
sign_test_cel0.3,chunk_6,86,cosine_similarity,0.40025737881660456,48
sign_test_cel0.3,chunk_6,86,wt_mean,0.0017825775139498998,48
sign_test_cel0.3,chunk_6,87,GR,8.617927437027296,48
sign_test_cel0.3,chunk_6,87,IPC,7.48518455401063,48
sign_test_cel0.3,chunk_6,87,KR,4.685108030835788,48
sign_test_cel0.3,chunk_6,87,MC,5.4927744915088015,48
sign_test_cel0.3,chunk_6,87,cosine_similarity,0.4002574756741524,48
sign_test_cel0.3,chunk_6,87,wt_mean,0.0016801806923467,48
sign_test_cel0.3,chunk_6,88,GR,8.316553329428038,48
sign_test_cel0.3,chunk_6,88,IPC,7.039925400167704,48
sign_test_cel0.3,chunk_6,88,KR,4.670765933891137,48
sign_test_cel0.3,chunk_6,88,MC,5.566368798414866,48
sign_test_cel0.3,chunk_6,88,cosine_similarity,0.40025755017995834,48
sign_test_cel0.3,chunk_6,88,wt_mean,0.0016149317962117,48
sign_test_cel0.3,chunk_6,89,GR,12.850688432653746,48
sign_test_cel0.3,chunk_6,89,IPC,8.834865740189949,48
sign_test_cel0.3,chunk_6,89,KR,6.781043887138367,48
sign_test_cel0.3,chunk_6,89,MC,6.476664215326309,48
sign_test_cel0.3,chunk_6,89,cosine_similarity,0.40025756508111954,48
sign_test_cel0.3,chunk_6,89,wt_mean,0.0020231654634698753,48
sign_test_cel0.3,chunk_6,90,GR,28.29169198870659,48
sign_test_cel0.3,chunk_6,90,IPC,9.00003624955813,48
sign_test_cel0.3,chunk_6,90,KR,15.2639173467954,48
sign_test_cel0.3,chunk_6,90,MC,6.956391078730424,48
sign_test_cel0.3,chunk_6,90,cosine_similarity,0.400257371366024,48
sign_test_cel0.3,chunk_6,90,wt_mean,0.002801100024953425,48
sign_test_cel0.3,chunk_7,100,GR,8.669358948866526,48
sign_test_cel0.3,chunk_7,100,IPC,8.388277297218641,48
sign_test_cel0.3,chunk_7,100,KR,4.982010123630364,48
sign_test_cel0.3,chunk_7,100,MC,5.595594783624013,48
sign_test_cel0.3,chunk_7,100,cosine_similarity,0.4002574905753135,48
sign_test_cel0.3,chunk_7,100,wt_mean,0.001646335178520475,48
sign_test_cel0.3,chunk_7,101,GR,13.081725974877676,48
sign_test_cel0.3,chunk_7,101,IPC,7.82344293097655,48
sign_test_cel0.3,chunk_7,101,KR,6.827645406126976,48
sign_test_cel0.3,chunk_7,101,MC,5.739995802442233,48
sign_test_cel0.3,chunk_7,101,cosine_similarity,0.4002575352787971,48
sign_test_cel0.3,chunk_7,101,wt_mean,0.0020075694774277252,48
sign_test_cel0.3,chunk_7,102,GR,14.117237905661264,48
sign_test_cel0.3,chunk_7,102,IPC,9.56428537145257,48
sign_test_cel0.3,chunk_7,102,KR,6.954741199811299,48
sign_test_cel0.3,chunk_7,102,MC,6.631502136588097,48
sign_test_cel0.3,chunk_7,102,cosine_similarity,0.40025749802589417,48
sign_test_cel0.3,chunk_7,102,wt_mean,0.00214812351623545,48
sign_test_cel0.3,chunk_7,103,GR,9.026905978719393,48
sign_test_cel0.3,chunk_7,103,IPC,7.583493397881587,48
sign_test_cel0.3,chunk_7,103,KR,4.950860902667046,48
sign_test_cel0.3,chunk_7,103,MC,5.010217214624087,48
sign_test_cel0.3,chunk_7,103,cosine_similarity,0.4002575352787971,48
sign_test_cel0.3,chunk_7,103,wt_mean,0.001643208699533675,48
sign_test_cel0.3,chunk_7,91,GR,9.979340473810831,48
sign_test_cel0.3,chunk_7,91,IPC,8.361882408459982,48
sign_test_cel0.3,chunk_7,91,KR,5.3979800542195635,48
sign_test_cel0.3,chunk_7,91,MC,5.973652675747871,48
sign_test_cel0.3,chunk_7,91,cosine_similarity,0.4002574682235717,48
sign_test_cel0.3,chunk_7,91,wt_mean,0.0018070181831717,48
sign_test_cel0.3,chunk_7,92,GR,16.230401560664177,48
sign_test_cel0.3,chunk_7,92,IPC,8.545420281589031,48
sign_test_cel0.3,chunk_7,92,KR,8.59728817641735,48
sign_test_cel0.3,chunk_7,92,MC,6.040884832541148,48
sign_test_cel0.3,chunk_7,92,cosine_similarity,0.40025754272937775,48
sign_test_cel0.3,chunk_7,92,wt_mean,0.0020822162914555,48
sign_test_cel0.3,chunk_7,93,GR,14.816842555999756,48
sign_test_cel0.3,chunk_7,93,IPC,8.608748896668354,48
sign_test_cel0.3,chunk_7,93,KR,7.73033011953036,48
sign_test_cel0.3,chunk_7,93,MC,5.739087981482347,48
sign_test_cel0.3,chunk_7,93,cosine_similarity,0.4002573266625404,48
sign_test_cel0.3,chunk_7,93,wt_mean,0.0021045309258624248,48
sign_test_cel0.3,chunk_7,94,GR,8.87431089580059,48
sign_test_cel0.3,chunk_7,94,IPC,7.940992560237646,48
sign_test_cel0.3,chunk_7,94,KR,5.053243711590767,48
sign_test_cel0.3,chunk_7,94,MC,5.69921038299799,48
sign_test_cel0.3,chunk_7,94,cosine_similarity,0.4002574235200882,48
sign_test_cel0.3,chunk_7,94,wt_mean,0.0016986971022560499,48
sign_test_cel0.3,chunk_7,95,GR,9.716317142049471,48
sign_test_cel0.3,chunk_7,95,IPC,8.111066526422897,48
sign_test_cel0.3,chunk_7,95,KR,5.392953311403592,48
sign_test_cel0.3,chunk_7,95,MC,5.55019657065471,48
sign_test_cel0.3,chunk_7,95,cosine_similarity,0.400257371366024,48
sign_test_cel0.3,chunk_7,95,wt_mean,0.0017661942110862002,48
sign_test_cel0.3,chunk_7,96,GR,8.005038594206175,48
sign_test_cel0.3,chunk_7,96,IPC,7.483307405064504,48
sign_test_cel0.3,chunk_7,96,KR,4.476715418199698,48
sign_test_cel0.3,chunk_7,96,MC,5.5829607745011645,48
sign_test_cel0.3,chunk_7,96,cosine_similarity,0.4002574905753135,48
sign_test_cel0.3,chunk_7,96,wt_mean,0.001634261047001875,48
sign_test_cel0.3,chunk_7,97,GR,11.636930341521898,48
sign_test_cel0.3,chunk_7,97,IPC,8.224245296170315,48
sign_test_cel0.3,chunk_7,97,KR,6.3563859810431795,48
sign_test_cel0.3,chunk_7,97,MC,5.9931408415238066,48
sign_test_cel0.3,chunk_7,97,cosine_similarity,0.4002574607729912,48
sign_test_cel0.3,chunk_7,97,wt_mean,0.001844149082899025,48
sign_test_cel0.3,chunk_7,98,GR,12.879983271161715,48
sign_test_cel0.3,chunk_7,98,IPC,8.936521625767151,48
sign_test_cel0.3,chunk_7,98,KR,6.652163570125897,48
sign_test_cel0.3,chunk_7,98,MC,6.631010420620441,48
sign_test_cel0.3,chunk_7,98,cosine_similarity,0.4002575278282165,48
sign_test_cel0.3,chunk_7,98,wt_mean,0.002042192791122925,48
sign_test_cel0.3,chunk_7,99,GR,11.003048876921335,48
sign_test_cel0.3,chunk_7,99,IPC,7.5687016149361925,48
sign_test_cel0.3,chunk_7,99,KR,5.994506910443306,48
sign_test_cel0.3,chunk_7,99,MC,5.622484854112069,48
sign_test_cel0.3,chunk_7,99,cosine_similarity,0.4002574756741523,48
sign_test_cel0.3,chunk_7,99,wt_mean,0.0018799320096149748,48
sign_test_cel0.3,chunk_8,104,GR,11.744957824548086,48
sign_test_cel0.3,chunk_8,104,IPC,7.860509263972442,48
sign_test_cel0.3,chunk_8,104,KR,6.227365925908089,48
sign_test_cel0.3,chunk_8,104,MC,5.5956985627611475,48
sign_test_cel0.3,chunk_8,104,cosine_similarity,0.4002574756741523,48
sign_test_cel0.3,chunk_8,104,wt_mean,0.001995069149415875,48
sign_test_cel0.3,chunk_8,105,GR,12.408238460620245,48
sign_test_cel0.3,chunk_8,105,IPC,9.5637780589362,48
sign_test_cel0.3,chunk_8,105,KR,6.494560226798058,48
sign_test_cel0.3,chunk_8,105,MC,6.765496889750163,48
sign_test_cel0.3,chunk_8,105,cosine_similarity,0.40025738626718516,48
sign_test_cel0.3,chunk_8,105,wt_mean,0.00198650942184025,48
sign_test_cel0.3,chunk_8,106,GR,30.185309395194054,48
sign_test_cel0.3,chunk_8,106,IPC,9.120370807747046,48
sign_test_cel0.3,chunk_8,106,KR,15.44570984939734,48
sign_test_cel0.3,chunk_8,106,MC,6.833181723952293,48
sign_test_cel0.3,chunk_8,106,cosine_similarity,0.4002575278282165,48
sign_test_cel0.3,chunk_8,106,wt_mean,0.002751964755589075,48
sign_test_cel0.3,chunk_8,107,GR,11.454670170942942,48
sign_test_cel0.3,chunk_8,107,IPC,8.558753654360771,48
sign_test_cel0.3,chunk_8,107,KR,5.719006831447284,48
sign_test_cel0.3,chunk_8,107,MC,5.513817181189855,48
sign_test_cel0.3,chunk_8,107,cosine_similarity,0.4002574235200882,48
sign_test_cel0.3,chunk_8,107,wt_mean,0.00193509168457235,48
sign_test_cel0.3,chunk_8,108,GR,9.360660508275032,48
sign_test_cel0.3,chunk_8,108,IPC,8.385729854305586,48
sign_test_cel0.3,chunk_8,108,KR,5.075971998274326,48
sign_test_cel0.3,chunk_8,108,MC,5.6510896782080335,48
sign_test_cel0.3,chunk_8,108,cosine_similarity,0.4002574682235717,48
sign_test_cel0.3,chunk_8,108,wt_mean,0.0018087198841385,48
sign_test_cel0.3,chunk_8,109,GR,12.689670875668526,48
sign_test_cel0.3,chunk_8,109,IPC,8.015319552272558,48
sign_test_cel0.3,chunk_8,109,KR,6.5223212738831835,48
sign_test_cel0.3,chunk_8,109,MC,5.671042074759801,48
sign_test_cel0.3,chunk_8,109,cosine_similarity,0.40025748312473297,48
sign_test_cel0.3,chunk_8,109,wt_mean,0.001956544030690525,48
sign_test_cel0.3,chunk_8,110,GR,11.30021566649278,48
sign_test_cel0.3,chunk_8,110,IPC,8.554062511771917,48
sign_test_cel0.3,chunk_8,110,KR,6.105924511949222,48
sign_test_cel0.3,chunk_8,110,MC,6.200285951296489,48
sign_test_cel0.3,chunk_8,110,cosine_similarity,0.4002574235200882,48
sign_test_cel0.3,chunk_8,110,wt_mean,0.0019021832558791501,48
sign_test_cel0.3,chunk_8,111,GR,10.464539964993795,48
sign_test_cel0.3,chunk_8,111,IPC,8.224826095004877,48
sign_test_cel0.3,chunk_8,111,KR,5.725117181738217,48
sign_test_cel0.3,chunk_8,111,MC,6.003844819962978,48
sign_test_cel0.3,chunk_8,111,cosine_similarity,0.4002574682235718,48
sign_test_cel0.3,chunk_8,111,wt_mean,0.0019036792509723002,48
sign_test_cel0.3,chunk_8,112,GR,9.357733234763145,48
sign_test_cel0.3,chunk_8,112,IPC,7.5584211486081285,48
sign_test_cel0.3,chunk_8,112,KR,5.552387257417043,48
sign_test_cel0.3,chunk_8,112,MC,5.64359721293052,48
sign_test_cel0.3,chunk_8,112,cosine_similarity,0.40025754272937775,48
sign_test_cel0.3,chunk_8,112,wt_mean,0.0016445755900349,48
sign_test_cel0.3,chunk_8,113,GR,10.235982403159142,48
sign_test_cel0.3,chunk_8,113,IPC,8.577306978404522,48
sign_test_cel0.3,chunk_8,113,KR,5.585409839948018,48
sign_test_cel0.3,chunk_8,113,MC,6.0838512281576795,48
sign_test_cel0.3,chunk_8,113,cosine_similarity,0.4002574384212494,48
sign_test_cel0.3,chunk_8,113,wt_mean,0.0018915525288320499,48
sign_test_cel0.3,chunk_8,114,GR,12.846821467081705,48
sign_test_cel0.3,chunk_8,114,IPC,9.08635517458121,48
sign_test_cel0.3,chunk_8,114,KR,6.691611419121425,48
sign_test_cel0.3,chunk_8,114,MC,6.495844766497612,48
sign_test_cel0.3,chunk_8,114,cosine_similarity,0.4002575427293777,48
sign_test_cel0.3,chunk_8,114,wt_mean,0.0020930998725816,48
sign_test_cel0.3,chunk_8,115,GR,12.891562889019648,48
sign_test_cel0.3,chunk_8,115,IPC,8.784770415474972,48
sign_test_cel0.3,chunk_8,115,KR,6.762485245863597,48
sign_test_cel0.3,chunk_8,115,MC,6.277290046215057,48
sign_test_cel0.3,chunk_8,115,cosine_similarity,0.4002574682235717,48
sign_test_cel0.3,chunk_8,115,wt_mean,0.002072808652883375,48
sign_test_cel0.3,chunk_8,116,GR,14.47657180329164,48
sign_test_cel0.3,chunk_8,116,IPC,9.2543163895607,48
sign_test_cel0.3,chunk_8,116,KR,7.401442075769107,48
sign_test_cel0.3,chunk_8,116,MC,6.486535544196765,48
sign_test_cel0.3,chunk_8,116,cosine_similarity,0.4002575129270553,48
sign_test_cel0.3,chunk_8,116,wt_mean,0.002094156807288475,48
sign_test_cel0.3,chunk_9,117,GR,14.003677199284235,48
sign_test_cel0.3,chunk_9,117,IPC,8.51512198150158,48
sign_test_cel0.3,chunk_9,117,KR,7.5166638145844145,48
sign_test_cel0.3,chunk_9,117,MC,6.045231064160665,48
sign_test_cel0.3,chunk_9,117,cosine_similarity,0.4002574533224106,48
sign_test_cel0.3,chunk_9,117,wt_mean,0.001960066088940875,48
sign_test_cel0.3,chunk_9,118,GR,13.255364373326302,48
sign_test_cel0.3,chunk_9,118,IPC,7.7734624954561395,48
sign_test_cel0.3,chunk_9,118,KR,6.812991013129552,48
sign_test_cel0.3,chunk_9,118,MC,5.62237964818875,48
sign_test_cel0.3,chunk_9,118,cosine_similarity,0.4002575278282165,48
sign_test_cel0.3,chunk_9,118,wt_mean,0.0019105404207948,48
sign_test_cel0.3,chunk_9,119,GR,13.271176089843115,48
sign_test_cel0.3,chunk_9,119,IPC,8.827171453585228,48
sign_test_cel0.3,chunk_9,119,KR,7.006374508142471,48
sign_test_cel0.3,chunk_9,119,MC,6.2303246806065244,48
sign_test_cel0.3,chunk_9,119,cosine_similarity,0.40025743842124933,48
sign_test_cel0.3,chunk_9,119,wt_mean,0.002090487134410025,48
sign_test_cel0.3,chunk_9,120,GR,11.462836335102716,48
sign_test_cel0.3,chunk_9,120,IPC,8.709582621852556,48
sign_test_cel0.3,chunk_9,120,KR,6.474992896119754,48
sign_test_cel0.3,chunk_9,120,MC,6.091811363895734,48
sign_test_cel0.3,chunk_9,120,cosine_similarity,0.40025737136602396,48
sign_test_cel0.3,chunk_9,120,wt_mean,0.0019167563295922748,48
sign_test_cel0.3,chunk_9,121,GR,10.897298519810041,48
sign_test_cel0.3,chunk_9,121,IPC,9.466201903919378,48
sign_test_cel0.3,chunk_9,121,KR,5.941689332326253,48
sign_test_cel0.3,chunk_9,121,MC,6.671600883205731,48
sign_test_cel0.3,chunk_9,121,cosine_similarity,0.4002575576305389,48
sign_test_cel0.3,chunk_9,121,wt_mean,0.001902844582218625,48
sign_test_cel0.3,chunk_9,122,GR,20.132358218232792,48
sign_test_cel0.3,chunk_9,122,IPC,9.350812851140896,48
sign_test_cel0.3,chunk_9,122,KR,10.161712482571602,48
sign_test_cel0.3,chunk_9,122,MC,6.690557176868121,48
sign_test_cel0.3,chunk_9,122,cosine_similarity,0.4002575501799583,48
sign_test_cel0.3,chunk_9,122,wt_mean,0.0023158892290666253,48
sign_test_cel0.3,chunk_9,123,GR,15.260458916425705,48
sign_test_cel0.3,chunk_9,123,IPC,7.332714022447665,48
sign_test_cel0.3,chunk_9,123,KR,7.70784371594588,48
sign_test_cel0.3,chunk_9,123,MC,5.691200415293376,48
sign_test_cel0.3,chunk_9,123,cosine_similarity,0.40025755763053894,48
sign_test_cel0.3,chunk_9,123,wt_mean,0.0020093480998184,48
sign_test_cel0.3,chunk_9,124,GR,11.205053175489107,48
sign_test_cel0.3,chunk_9,124,IPC,8.396427943060795,48
sign_test_cel0.3,chunk_9,124,KR,5.990445161859195,48
sign_test_cel0.3,chunk_9,124,MC,6.018975352247556,48
sign_test_cel0.3,chunk_9,124,cosine_similarity,0.4002574607729911,48
sign_test_cel0.3,chunk_9,124,wt_mean,0.00199711663299235,48
sign_test_cel0.3,chunk_9,125,GR,10.553089832266172,48
sign_test_cel0.3,chunk_9,125,IPC,8.736588193724552,48
sign_test_cel0.3,chunk_9,125,KR,5.688739493489265,48
sign_test_cel0.3,chunk_9,125,MC,6.154480782647927,48
sign_test_cel0.3,chunk_9,125,cosine_similarity,0.40025753527879715,48
sign_test_cel0.3,chunk_9,125,wt_mean,0.001806931803002925,48
sign_test_cel0.3,chunk_9,126,GR,16.57383958498637,48
sign_test_cel0.3,chunk_9,126,IPC,8.923272136598825,48
sign_test_cel0.3,chunk_9,126,KR,8.601579800248146,48
sign_test_cel0.3,chunk_9,126,MC,6.3003614246845245,48
sign_test_cel0.3,chunk_9,126,cosine_similarity,0.4002574756741524,48
sign_test_cel0.3,chunk_9,126,wt_mean,0.002200148534029675,48
sign_test_cel0.3,chunk_9,127,GR,10.436358407139778,48
sign_test_cel0.3,chunk_9,127,IPC,7.956527216980855,48
sign_test_cel0.3,chunk_9,127,KR,5.443080842494965,48
sign_test_cel0.3,chunk_9,127,MC,5.793408378958702,48
sign_test_cel0.3,chunk_9,127,cosine_similarity,0.4002574607729911,48
sign_test_cel0.3,chunk_9,127,wt_mean,0.0017235508421435501,48
sign_test_cel0.3,chunk_9,128,GR,17.81667664150397,48
sign_test_cel0.3,chunk_9,128,IPC,9.134798847138882,48
sign_test_cel0.3,chunk_9,128,KR,8.963311632474264,48
sign_test_cel0.3,chunk_9,128,MC,6.812674626708031,48
sign_test_cel0.3,chunk_9,128,cosine_similarity,0.4002574980258941,48
sign_test_cel0.3,chunk_9,128,wt_mean,0.0023289122327696,48
sign_test_cel0.3,chunk_9,129,GR,18.986816331744194,48
sign_test_cel0.3,chunk_9,129,IPC,8.30691813553373,48
sign_test_cel0.3,chunk_9,129,KR,9.42758971452713,48
sign_test_cel0.3,chunk_9,129,MC,6.402478786806266,48
sign_test_cel0.3,chunk_9,129,cosine_similarity,0.4002575576305389,48
sign_test_cel0.3,chunk_9,129,wt_mean,0.0023006461851763998,48
sign_test_cel0.4,chunk_0,0,GR,25.007193113366764,48
sign_test_cel0.4,chunk_0,0,IPC,9.877629588047663,48
sign_test_cel0.4,chunk_0,0,KR,13.512988716363907,48
sign_test_cel0.4,chunk_0,0,MC,7.677697345614433,48
sign_test_cel0.4,chunk_0,0,cosine_similarity,0.20012871921062467,48
sign_test_cel0.4,chunk_0,0,wt_mean,0.00139212270732965,48
sign_test_cel0.4,chunk_0,1,GR,29.329793830712635,48
sign_test_cel0.4,chunk_0,1,IPC,9.393852333227793,48
sign_test_cel0.4,chunk_0,1,KR,14.966759378711382,48
sign_test_cel0.4,chunk_0,1,MC,7.38082108894984,48
sign_test_cel0.4,chunk_0,1,cosine_similarity,0.2001287564635276,48
sign_test_cel0.4,chunk_0,1,wt_mean,0.0014115110388956502,48
sign_test_cel0.4,chunk_0,10,GR,29.227502688765526,48
sign_test_cel0.4,chunk_0,10,IPC,9.883916361878315,48
sign_test_cel0.4,chunk_0,10,KR,15.605639735857645,48
sign_test_cel0.4,chunk_0,10,MC,7.388926749428113,48
sign_test_cel0.4,chunk_0,10,cosine_similarity,0.2001286558806896,48
sign_test_cel0.4,chunk_0,10,wt_mean,0.0014856717607471751,48
sign_test_cel0.4,chunk_0,11,GR,24.24503567814827,48
sign_test_cel0.4,chunk_0,11,IPC,9.829311919709047,48
sign_test_cel0.4,chunk_0,11,KR,12.330706775188446,48
sign_test_cel0.4,chunk_0,11,MC,7.647722020745277,48
sign_test_cel0.4,chunk_0,11,cosine_similarity,0.20012877508997914,48
sign_test_cel0.4,chunk_0,11,wt_mean,0.0013929506239946249,48
sign_test_cel0.4,chunk_0,12,GR,23.084732313950855,48
sign_test_cel0.4,chunk_0,12,IPC,10.504707703987757,48
sign_test_cel0.4,chunk_0,12,KR,12.759854738910994,48
sign_test_cel0.4,chunk_0,12,MC,8.370756725470224,48
sign_test_cel0.4,chunk_0,12,cosine_similarity,0.20012876391410825,48
sign_test_cel0.4,chunk_0,12,wt_mean,0.0013495570456143,48
sign_test_cel0.4,chunk_0,2,GR,34.08769061168035,48
sign_test_cel0.4,chunk_0,2,IPC,9.363298304378986,48
sign_test_cel0.4,chunk_0,2,KR,16.86422973871231,48
sign_test_cel0.4,chunk_0,2,MC,7.449848721424739,48
sign_test_cel0.4,chunk_0,2,cosine_similarity,0.2001287117600441,48
sign_test_cel0.4,chunk_0,2,wt_mean,0.0015219745982903501,48
sign_test_cel0.4,chunk_0,3,GR,26.865328152974445,48
sign_test_cel0.4,chunk_0,3,IPC,9.302019998431206,48
sign_test_cel0.4,chunk_0,3,KR,14.022537673513094,48
sign_test_cel0.4,chunk_0,3,MC,6.9805336346228914,48
sign_test_cel0.4,chunk_0,3,cosine_similarity,0.20012874901294705,48
sign_test_cel0.4,chunk_0,3,wt_mean,0.001383861934300475,48
sign_test_cel0.4,chunk_0,4,GR,18.88505121568839,48
sign_test_cel0.4,chunk_0,4,IPC,10.292083155363798,48
sign_test_cel0.4,chunk_0,4,KR,9.581101422508558,48
sign_test_cel0.4,chunk_0,4,MC,7.961828837792079,48
sign_test_cel0.4,chunk_0,4,cosine_similarity,0.20012871548533437,48
sign_test_cel0.4,chunk_0,4,wt_mean,0.001308996041188875,48
sign_test_cel0.4,chunk_0,5,GR,35.05535697937012,48
sign_test_cel0.4,chunk_0,5,IPC,9.758029991139969,48
sign_test_cel0.4,chunk_0,5,KR,18.131104479233425,48
sign_test_cel0.4,chunk_0,5,MC,7.549969896674156,48
sign_test_cel0.4,chunk_0,5,cosine_similarity,0.2001287341117859,48
sign_test_cel0.4,chunk_0,5,wt_mean,0.001532601541839475,48
sign_test_cel0.4,chunk_0,6,GR,32.070571233828865,48
sign_test_cel0.4,chunk_0,6,IPC,8.88921652113398,48
sign_test_cel0.4,chunk_0,6,KR,15.838422174255053,48
sign_test_cel0.4,chunk_0,6,MC,6.954876720905304,48
sign_test_cel0.4,chunk_0,6,cosine_similarity,0.20012875273823735,48
sign_test_cel0.4,chunk_0,6,wt_mean,0.00144681465462775,48
sign_test_cel0.4,chunk_0,7,GR,23.575190713008244,48
sign_test_cel0.4,chunk_0,7,IPC,9.160273159543673,48
sign_test_cel0.4,chunk_0,7,KR,11.768673921624819,48
sign_test_cel0.4,chunk_0,7,MC,7.108429963390033,48
sign_test_cel0.4,chunk_0,7,cosine_similarity,0.20012871921062467,48
sign_test_cel0.4,chunk_0,7,wt_mean,0.001310574589297125,48
sign_test_cel0.4,chunk_0,8,GR,33.829033533732094,48
sign_test_cel0.4,chunk_0,8,IPC,9.326123256236315,48
sign_test_cel0.4,chunk_0,8,KR,17.542429387569427,48
sign_test_cel0.4,chunk_0,8,MC,7.178386600067218,48
sign_test_cel0.4,chunk_0,8,cosine_similarity,0.20012877881526944,48
sign_test_cel0.4,chunk_0,8,wt_mean,0.001510050962679075,48
sign_test_cel0.4,chunk_0,9,GR,20.6743602057298,48
sign_test_cel0.4,chunk_0,9,IPC,8.454262605557838,48
sign_test_cel0.4,chunk_0,9,KR,10.185586531956991,48
sign_test_cel0.4,chunk_0,9,MC,6.704783623417218,48
sign_test_cel0.4,chunk_0,9,cosine_similarity,0.20012876763939855,48
sign_test_cel0.4,chunk_0,9,wt_mean,0.001211161346873225,48
sign_test_cel0.4,chunk_1,13,GR,28.19587830702464,48
sign_test_cel0.4,chunk_1,13,IPC,9.37518198788166,48
sign_test_cel0.4,chunk_1,13,KR,13.998230745395025,48
sign_test_cel0.4,chunk_1,13,MC,7.295785268147786,48
sign_test_cel0.4,chunk_1,13,cosine_similarity,0.2001287378370762,48
sign_test_cel0.4,chunk_1,13,wt_mean,0.0014289879181887501,48
sign_test_cel0.4,chunk_1,14,GR,23.59620861709118,48
sign_test_cel0.4,chunk_1,14,IPC,9.811989537129799,48
sign_test_cel0.4,chunk_1,14,KR,11.903831650813421,48
sign_test_cel0.4,chunk_1,14,MC,7.499026043961446,48
sign_test_cel0.4,chunk_1,14,cosine_similarity,0.2001286894083023,48
sign_test_cel0.4,chunk_1,14,wt_mean,0.0013056030147708501,48
sign_test_cel0.4,chunk_1,15,GR,24.34945089618365,48
sign_test_cel0.4,chunk_1,15,IPC,10.350541776667038,48
sign_test_cel0.4,chunk_1,15,KR,12.505804444352785,48
sign_test_cel0.4,chunk_1,15,MC,7.92070372402668,48
sign_test_cel0.4,chunk_1,15,cosine_similarity,0.20012874156236649,48
sign_test_cel0.4,chunk_1,15,wt_mean,0.0013869919348507749,48
sign_test_cel0.4,chunk_1,16,GR,31.540493840972584,48
sign_test_cel0.4,chunk_1,16,IPC,9.285866681486368,48
sign_test_cel0.4,chunk_1,16,KR,16.679652268687885,48
sign_test_cel0.4,chunk_1,16,MC,7.207314848899841,48
sign_test_cel0.4,chunk_1,16,cosine_similarity,0.2001287080347538,48
sign_test_cel0.4,chunk_1,16,wt_mean,0.001462126907426825,48
sign_test_cel0.4,chunk_1,17,GR,27.619177197416622,48
sign_test_cel0.4,chunk_1,17,IPC,9.823144668092331,48
sign_test_cel0.4,chunk_1,17,KR,13.62967642645041,48
sign_test_cel0.4,chunk_1,17,MC,7.384624893466632,48
sign_test_cel0.4,chunk_1,17,cosine_similarity,0.20012871176004407,48
sign_test_cel0.4,chunk_1,17,wt_mean,0.0014242806355468502,48
sign_test_cel0.4,chunk_1,18,GR,18.66312661767006,48
sign_test_cel0.4,chunk_1,18,IPC,8.484633887807528,48
sign_test_cel0.4,chunk_1,18,KR,9.915819356838862,48
sign_test_cel0.4,chunk_1,18,MC,6.929317702849706,48
sign_test_cel0.4,chunk_1,18,cosine_similarity,0.20012870803475377,48
sign_test_cel0.4,chunk_1,18,wt_mean,0.001208743036841,48
sign_test_cel0.4,chunk_1,19,GR,32.384354427456856,48
sign_test_cel0.4,chunk_1,19,IPC,8.740679992983738,48
sign_test_cel0.4,chunk_1,19,KR,16.50631822148959,48
sign_test_cel0.4,chunk_1,19,MC,7.112094496687253,48
sign_test_cel0.4,chunk_1,19,cosine_similarity,0.20012871921062467,48
sign_test_cel0.4,chunk_1,19,wt_mean,0.0014766712847631,48
sign_test_cel0.4,chunk_1,20,GR,31.645019362370174,48
sign_test_cel0.4,chunk_1,20,IPC,8.316716204086939,48
sign_test_cel0.4,chunk_1,20,KR,15.680413261055946,48
sign_test_cel0.4,chunk_1,20,MC,6.747806961337726,48
sign_test_cel0.4,chunk_1,20,cosine_similarity,0.2001287005841732,48
sign_test_cel0.4,chunk_1,20,wt_mean,0.00145286554470655,48
sign_test_cel0.4,chunk_1,21,GR,30.715638746817906,48
sign_test_cel0.4,chunk_1,21,IPC,9.920230916390816,48
sign_test_cel0.4,chunk_1,21,KR,16.247881179054577,48
sign_test_cel0.4,chunk_1,21,MC,7.81274950504303,48
sign_test_cel0.4,chunk_1,21,cosine_similarity,0.20012877136468885,48
sign_test_cel0.4,chunk_1,21,wt_mean,0.0014662632311228249,48
sign_test_cel0.4,chunk_1,22,GR,22.9136743247509,48
sign_test_cel0.4,chunk_1,22,IPC,9.701019536703825,48
sign_test_cel0.4,chunk_1,22,KR,11.871430019537607,48
sign_test_cel0.4,chunk_1,22,MC,7.281029996772607,48
sign_test_cel0.4,chunk_1,22,cosine_similarity,0.20012872293591497,48
sign_test_cel0.4,chunk_1,22,wt_mean,0.0013470275443978,48
sign_test_cel0.4,chunk_1,23,GR,23.237331449985504,48
sign_test_cel0.4,chunk_1,23,IPC,9.96864083657662,48
sign_test_cel0.4,chunk_1,23,KR,11.697798813382784,48
sign_test_cel0.4,chunk_1,23,MC,7.826408659418424,48
sign_test_cel0.4,chunk_1,23,cosine_similarity,0.20012872293591497,48
sign_test_cel0.4,chunk_1,23,wt_mean,0.0013362627505557002,48
sign_test_cel0.4,chunk_1,24,GR,23.033674607674282,48
sign_test_cel0.4,chunk_1,24,IPC,9.410945244133472,48
sign_test_cel0.4,chunk_1,24,KR,12.091215794285139,48
sign_test_cel0.4,chunk_1,24,MC,7.133078331748645,48
sign_test_cel0.4,chunk_1,24,cosine_similarity,0.2001286633312702,48
sign_test_cel0.4,chunk_1,24,wt_mean,0.0012858371046604248,48
sign_test_cel0.4,chunk_1,25,GR,19.53625752031803,48
sign_test_cel0.4,chunk_1,25,IPC,9.834160827100277,48
sign_test_cel0.4,chunk_1,25,KR,10.065659975012144,48
sign_test_cel0.4,chunk_1,25,MC,7.090248743693034,48
sign_test_cel0.4,chunk_1,25,cosine_similarity,0.20012877136468885,48
sign_test_cel0.4,chunk_1,25,wt_mean,0.0012079754815203499,48
sign_test_cel0.4,chunk_10,130,GR,23.181201751033466,48
sign_test_cel0.4,chunk_10,130,IPC,9.90799450625976,48
sign_test_cel0.4,chunk_10,130,KR,12.4664023766915,48
sign_test_cel0.4,chunk_10,130,MC,7.5237026065588,48
sign_test_cel0.4,chunk_10,130,cosine_similarity,0.20012874528765676,48
sign_test_cel0.4,chunk_10,130,wt_mean,0.0013577254721894498,48
sign_test_cel0.4,chunk_10,131,GR,31.667282198866207,48
sign_test_cel0.4,chunk_10,131,IPC,9.011523344864449,48
sign_test_cel0.4,chunk_10,131,KR,16.039963175853092,48
sign_test_cel0.4,chunk_10,131,MC,7.302509680390358,48
sign_test_cel0.4,chunk_10,131,cosine_similarity,0.20012873038649556,48
sign_test_cel0.4,chunk_10,131,wt_mean,0.0014726026274729,48
sign_test_cel0.4,chunk_10,132,GR,21.295441990097363,48
sign_test_cel0.4,chunk_10,132,IPC,10.157729393492142,48
sign_test_cel0.4,chunk_10,132,KR,10.968532080451647,48
sign_test_cel0.4,chunk_10,132,MC,7.415497759977977,48
sign_test_cel0.4,chunk_10,132,cosine_similarity,0.20012871548533437,48
sign_test_cel0.4,chunk_10,132,wt_mean,0.00128157419385385,48
sign_test_cel0.4,chunk_10,133,GR,26.409234563509624,48
sign_test_cel0.4,chunk_10,133,IPC,9.38641239826878,48
sign_test_cel0.4,chunk_10,133,KR,13.48731686671575,48
sign_test_cel0.4,chunk_10,133,MC,7.058624431490898,48
sign_test_cel0.4,chunk_10,133,cosine_similarity,0.20012873411178586,48
sign_test_cel0.4,chunk_10,133,wt_mean,0.0013426689547485998,48
sign_test_cel0.4,chunk_10,134,GR,31.58930743734042,48
sign_test_cel0.4,chunk_10,134,IPC,9.24020796145002,48
sign_test_cel0.4,chunk_10,134,KR,16.63103876511256,48
sign_test_cel0.4,chunk_10,134,MC,7.034015581011772,48
sign_test_cel0.4,chunk_10,134,cosine_similarity,0.20012875273823738,48
sign_test_cel0.4,chunk_10,134,wt_mean,0.0014884238189551752,48
sign_test_cel0.4,chunk_10,135,GR,20.793584033846855,48
sign_test_cel0.4,chunk_10,135,IPC,9.212791178375483,48
sign_test_cel0.4,chunk_10,135,KR,10.809227153658867,48
sign_test_cel0.4,chunk_10,135,MC,6.970236477752526,48
sign_test_cel0.4,chunk_10,135,cosine_similarity,0.20012873038649556,48
sign_test_cel0.4,chunk_10,135,wt_mean,0.001261408484424425,48
sign_test_cel0.4,chunk_10,136,GR,29.056688576936722,48
sign_test_cel0.4,chunk_10,136,IPC,9.340948447585106,48
sign_test_cel0.4,chunk_10,136,KR,14.508683333794275,48
sign_test_cel0.4,chunk_10,136,MC,7.1649921635786695,48
sign_test_cel0.4,chunk_10,136,cosine_similarity,0.20012874528765678,48
sign_test_cel0.4,chunk_10,136,wt_mean,0.0013743381859967,48
sign_test_cel0.4,chunk_10,137,GR,27.547243093450863,48
sign_test_cel0.4,chunk_10,137,IPC,10.631613286832968,48
sign_test_cel0.4,chunk_10,137,KR,14.39230965077877,48
sign_test_cel0.4,chunk_10,137,MC,8.346164782842001,48
sign_test_cel0.4,chunk_10,137,cosine_similarity,0.20012875273823738,48
sign_test_cel0.4,chunk_10,137,wt_mean,0.0014304926735348499,48
sign_test_cel0.4,chunk_10,138,GR,28.617065290609997,48
sign_test_cel0.4,chunk_10,138,IPC,9.631567464520534,48
sign_test_cel0.4,chunk_10,138,KR,15.311787391702333,48
sign_test_cel0.4,chunk_10,138,MC,7.914784789085388,48
sign_test_cel0.4,chunk_10,138,cosine_similarity,0.2001286819577217,48
sign_test_cel0.4,chunk_10,138,wt_mean,0.001433293131412925,48
sign_test_cel0.4,chunk_10,139,GR,32.09068804482619,48
sign_test_cel0.4,chunk_10,139,IPC,8.061330556869507,48
sign_test_cel0.4,chunk_10,139,KR,17.029891247550648,48
sign_test_cel0.4,chunk_10,139,MC,6.5180680851141615,48
sign_test_cel0.4,chunk_10,139,cosine_similarity,0.20012873038649556,48
sign_test_cel0.4,chunk_10,139,wt_mean,0.0014360327040776,48
sign_test_cel0.4,chunk_10,140,GR,30.8654968837897,48
sign_test_cel0.4,chunk_10,140,IPC,9.297822366158167,48
sign_test_cel0.4,chunk_10,140,KR,15.896031121412912,48
sign_test_cel0.4,chunk_10,140,MC,7.267503286401431,48
sign_test_cel0.4,chunk_10,140,cosine_similarity,0.20012874901294708,48
sign_test_cel0.4,chunk_10,140,wt_mean,0.001493081334046975,48
sign_test_cel0.4,chunk_10,141,GR,17.291348323225975,48
sign_test_cel0.4,chunk_10,141,IPC,9.69660323113203,48
sign_test_cel0.4,chunk_10,141,KR,9.356895536184311,48
sign_test_cel0.4,chunk_10,141,MC,7.015418027838071,48
sign_test_cel0.4,chunk_10,141,cosine_similarity,0.2001287601888179,48
sign_test_cel0.4,chunk_10,141,wt_mean,0.001146655107731875,48
sign_test_cel0.4,chunk_11,142,GR,23.938390105962753,48
sign_test_cel0.4,chunk_11,142,IPC,10.501646577070156,48
sign_test_cel0.4,chunk_11,142,KR,12.19314630329609,48
sign_test_cel0.4,chunk_11,142,MC,7.942754616340001,48
sign_test_cel0.4,chunk_11,142,cosine_similarity,0.20012870058417317,48
sign_test_cel0.4,chunk_11,142,wt_mean,0.001367948090773975,48
sign_test_cel0.4,chunk_11,143,GR,30.8674233853817,48
sign_test_cel0.4,chunk_11,143,IPC,9.803706416239342,48
sign_test_cel0.4,chunk_11,143,KR,16.217763433853786,48
sign_test_cel0.4,chunk_11,143,MC,7.363229691982269,48
sign_test_cel0.4,chunk_11,143,cosine_similarity,0.20012873038649556,48
sign_test_cel0.4,chunk_11,143,wt_mean,0.001431404263712425,48
sign_test_cel0.4,chunk_11,144,GR,29.560764133930206,48
sign_test_cel0.4,chunk_11,144,IPC,9.388002759466568,48
sign_test_cel0.4,chunk_11,144,KR,15.227764700849852,48
sign_test_cel0.4,chunk_11,144,MC,7.407099296649297,48
sign_test_cel0.4,chunk_11,144,cosine_similarity,0.20012873783707616,48
sign_test_cel0.4,chunk_11,144,wt_mean,0.001406910421792375,48
sign_test_cel0.4,chunk_11,145,GR,27.798847903807957,48
sign_test_cel0.4,chunk_11,145,IPC,9.405043783287207,48
sign_test_cel0.4,chunk_11,145,KR,14.362777337431908,48
sign_test_cel0.4,chunk_11,145,MC,7.409795331458251,48
sign_test_cel0.4,chunk_11,145,cosine_similarity,0.20012876391410825,48
sign_test_cel0.4,chunk_11,145,wt_mean,0.0014433749020099,48
sign_test_cel0.4,chunk_11,146,GR,30.798389320572216,48
sign_test_cel0.4,chunk_11,146,IPC,8.941616593549648,48
sign_test_cel0.4,chunk_11,146,KR,15.525516455372175,48
sign_test_cel0.4,chunk_11,146,MC,7.090833678841591,48
sign_test_cel0.4,chunk_11,146,cosine_similarity,0.20012876018881795,48
sign_test_cel0.4,chunk_11,146,wt_mean,0.0014618788263759998,48
sign_test_cel0.4,chunk_11,147,GR,23.304407253861427,48
sign_test_cel0.4,chunk_11,147,IPC,9.452862629046043,48
sign_test_cel0.4,chunk_11,147,KR,12.10454220076402,48
sign_test_cel0.4,chunk_11,147,MC,7.155694571634133,48
sign_test_cel0.4,chunk_11,147,cosine_similarity,0.2001287192106247,48
sign_test_cel0.4,chunk_11,147,wt_mean,0.001290916363359375,48
sign_test_cel0.4,chunk_11,148,GR,29.337551186482113,48
sign_test_cel0.4,chunk_11,148,IPC,9.81945956001679,48
sign_test_cel0.4,chunk_11,148,KR,15.29253483315309,48
sign_test_cel0.4,chunk_11,148,MC,7.4840598205725355,48
sign_test_cel0.4,chunk_11,148,cosine_similarity,0.20012872666120526,48
sign_test_cel0.4,chunk_11,148,wt_mean,0.0014300839102360998,48
sign_test_cel0.4,chunk_11,149,GR,28.42726305623849,48
sign_test_cel0.4,chunk_11,149,IPC,9.582451819131771,48
sign_test_cel0.4,chunk_11,149,KR,15.023726051052412,48
sign_test_cel0.4,chunk_11,149,MC,7.554173116882642,48
sign_test_cel0.4,chunk_11,149,cosine_similarity,0.20012877508997914,48
sign_test_cel0.4,chunk_11,149,wt_mean,0.001418146566720625,48
sign_test_cel0.4,chunk_11,150,GR,25.136843750874203,48
sign_test_cel0.4,chunk_11,150,IPC,8.919634552051624,48
sign_test_cel0.4,chunk_11,150,KR,13.304358984033266,48
sign_test_cel0.4,chunk_11,150,MC,6.9403112183014555,48
sign_test_cel0.4,chunk_11,150,cosine_similarity,0.20012871548533437,48
sign_test_cel0.4,chunk_11,150,wt_mean,0.001315834568231325,48
sign_test_cel0.4,chunk_11,151,GR,26.397342065970104,48
sign_test_cel0.4,chunk_11,151,IPC,9.992387238889933,48
sign_test_cel0.4,chunk_11,151,KR,13.196406612793604,48
sign_test_cel0.4,chunk_11,151,MC,7.298402359088262,48
sign_test_cel0.4,chunk_11,151,cosine_similarity,0.20012871548533437,48
sign_test_cel0.4,chunk_11,151,wt_mean,0.0013242169952718253,48
sign_test_cel0.4,chunk_11,152,GR,36.53418063124021,48
sign_test_cel0.4,chunk_11,152,IPC,9.12005922695001,48
sign_test_cel0.4,chunk_11,152,KR,18.117145374417305,48
sign_test_cel0.4,chunk_11,152,MC,7.188031638662021,48
sign_test_cel0.4,chunk_11,152,cosine_similarity,0.20012871548533437,48
sign_test_cel0.4,chunk_11,152,wt_mean,0.001479728583944925,48
sign_test_cel0.4,chunk_11,153,GR,35.47469528516134,48
sign_test_cel0.4,chunk_11,153,IPC,8.466059849907955,48
sign_test_cel0.4,chunk_11,153,KR,18.0219034999609,48
sign_test_cel0.4,chunk_11,153,MC,7.163488273819287,48
sign_test_cel0.4,chunk_11,153,cosine_similarity,0.200128722935915,48
sign_test_cel0.4,chunk_11,153,wt_mean,0.001520172983873575,48
sign_test_cel0.4,chunk_12,154,GR,25.97971299290657,48
sign_test_cel0.4,chunk_12,154,IPC,9.508864246308804,48
sign_test_cel0.4,chunk_12,154,KR,12.996086339155832,48
sign_test_cel0.4,chunk_12,154,MC,7.119498495012522,48
sign_test_cel0.4,chunk_12,154,cosine_similarity,0.20012868195772168,48
sign_test_cel0.4,chunk_12,154,wt_mean,0.0013590299495262498,48
sign_test_cel0.4,chunk_12,155,GR,27.270024965206783,48
sign_test_cel0.4,chunk_12,155,IPC,9.18735197558999,48
sign_test_cel0.4,chunk_12,155,KR,13.6294587602218,48
sign_test_cel0.4,chunk_12,155,MC,7.342938015858333,48
sign_test_cel0.4,chunk_12,155,cosine_similarity,0.20012871921062467,48
sign_test_cel0.4,chunk_12,155,wt_mean,0.0013946885010227249,48
sign_test_cel0.4,chunk_12,156,GR,20.276836504538853,48
sign_test_cel0.4,chunk_12,156,IPC,9.575900894900164,48
sign_test_cel0.4,chunk_12,156,KR,10.439458474516869,48
sign_test_cel0.4,chunk_12,156,MC,6.903596132993698,48
sign_test_cel0.4,chunk_12,156,cosine_similarity,0.20012870430946347,48
sign_test_cel0.4,chunk_12,156,wt_mean,0.00126280405675055,48
sign_test_cel0.4,chunk_12,157,GR,32.50107519328594,48
sign_test_cel0.4,chunk_12,157,IPC,9.201755752166113,48
sign_test_cel0.4,chunk_12,157,KR,16.44777299463749,48
sign_test_cel0.4,chunk_12,157,MC,6.903428229192893,48
sign_test_cel0.4,chunk_12,157,cosine_similarity,0.20012875646352765,48
sign_test_cel0.4,chunk_12,157,wt_mean,0.001481090381275825,48
sign_test_cel0.4,chunk_12,158,GR,26.32896105448405,48
sign_test_cel0.4,chunk_12,158,IPC,9.01156480362018,48
sign_test_cel0.4,chunk_12,158,KR,13.77469639480114,48
sign_test_cel0.4,chunk_12,158,MC,7.192773585518201,48
sign_test_cel0.4,chunk_12,158,cosine_similarity,0.20012876018881795,48
sign_test_cel0.4,chunk_12,158,wt_mean,0.00137748850102065,48
sign_test_cel0.4,chunk_12,159,GR,20.868202830354374,48
sign_test_cel0.4,chunk_12,159,IPC,9.948683160046736,48
sign_test_cel0.4,chunk_12,159,KR,10.674189080794653,48
sign_test_cel0.4,chunk_12,159,MC,8.192207247018814,48
sign_test_cel0.4,chunk_12,159,cosine_similarity,0.20012870058417317,48
sign_test_cel0.4,chunk_12,159,wt_mean,0.0012617534812306749,48
sign_test_cel0.4,chunk_12,160,GR,20.778294796744984,48
sign_test_cel0.4,chunk_12,160,IPC,9.618361253291368,48
sign_test_cel0.4,chunk_12,160,KR,10.64995572467645,48
sign_test_cel0.4,chunk_12,160,MC,7.2092690616846085,48
sign_test_cel0.4,chunk_12,160,cosine_similarity,0.20012871548533437,48
sign_test_cel0.4,chunk_12,160,wt_mean,0.001272746769245675,48
sign_test_cel0.4,chunk_12,161,GR,21.78571190436681,48
sign_test_cel0.4,chunk_12,161,IPC,9.193820691357056,48
sign_test_cel0.4,chunk_12,161,KR,10.757439295450846,48
sign_test_cel0.4,chunk_12,161,MC,6.949813837806384,48
sign_test_cel0.4,chunk_12,161,cosine_similarity,0.2001287005841732,48
sign_test_cel0.4,chunk_12,161,wt_mean,0.001249717795872075,48
sign_test_cel0.4,chunk_12,162,GR,26.87453031539917,48
sign_test_cel0.4,chunk_12,162,IPC,10.198675391574701,48
sign_test_cel0.4,chunk_12,162,KR,13.742502565185228,48
sign_test_cel0.4,chunk_12,162,MC,7.581465651591619,48
sign_test_cel0.4,chunk_12,162,cosine_similarity,0.20012870430946347,48
sign_test_cel0.4,chunk_12,162,wt_mean,0.0013926987012382,48
sign_test_cel0.4,chunk_12,163,GR,29.99795361359914,48
sign_test_cel0.4,chunk_12,163,IPC,9.614180985838175,48
sign_test_cel0.4,chunk_12,163,KR,15.843564411004385,48
sign_test_cel0.4,chunk_12,163,MC,7.601247638463974,48
sign_test_cel0.4,chunk_12,163,cosine_similarity,0.20012869685888288,48
sign_test_cel0.4,chunk_12,163,wt_mean,0.00147876556729895,48
sign_test_cel0.4,chunk_12,164,GR,22.173836514353752,48
sign_test_cel0.4,chunk_12,164,IPC,8.426762089133263,48
sign_test_cel0.4,chunk_12,164,KR,11.366210768620173,48
sign_test_cel0.4,chunk_12,164,MC,6.63468358417352,48
sign_test_cel0.4,chunk_12,164,cosine_similarity,0.2001287639141082,48
sign_test_cel0.4,chunk_12,164,wt_mean,0.0013085028622299,48
sign_test_cel0.4,chunk_12,165,GR,25.31780533492565,48
sign_test_cel0.4,chunk_12,165,IPC,10.172827928016583,48
sign_test_cel0.4,chunk_12,165,KR,13.253513763348261,48
sign_test_cel0.4,chunk_12,165,MC,7.851220736900966,48
sign_test_cel0.4,chunk_12,165,cosine_similarity,0.2001286670565605,48
sign_test_cel0.4,chunk_12,165,wt_mean,0.0013983334647491251,48
sign_test_cel0.4,chunk_13,166,GR,31.70730846126874,48
sign_test_cel0.4,chunk_13,166,IPC,9.750651379426321,48
sign_test_cel0.4,chunk_13,166,KR,15.98985064526399,48
sign_test_cel0.4,chunk_13,166,MC,7.900118102629979,48
sign_test_cel0.4,chunk_13,166,cosine_similarity,0.2001287043094635,48
sign_test_cel0.4,chunk_13,166,wt_mean,0.0014859757211524499,48
sign_test_cel0.4,chunk_13,167,GR,27.95583627621333,48
sign_test_cel0.4,chunk_13,167,IPC,9.925753003607193,48
sign_test_cel0.4,chunk_13,167,KR,14.931033353010813,48
sign_test_cel0.4,chunk_13,167,MC,7.956789766748746,48
sign_test_cel0.4,chunk_13,167,cosine_similarity,0.2001287005841732,48
sign_test_cel0.4,chunk_13,167,wt_mean,0.001409426680766,48
sign_test_cel0.4,chunk_13,168,GR,24.60092863937219,48
sign_test_cel0.4,chunk_13,168,IPC,8.65463568518559,48
sign_test_cel0.4,chunk_13,168,KR,11.927155007918676,48
sign_test_cel0.4,chunk_13,168,MC,6.717937196294467,48
sign_test_cel0.4,chunk_13,168,cosine_similarity,0.20012874156236649,48
sign_test_cel0.4,chunk_13,168,wt_mean,0.0013925994862801752,48
sign_test_cel0.4,chunk_13,169,GR,26.670110364754994,48
sign_test_cel0.4,chunk_13,169,IPC,9.717552340279022,48
sign_test_cel0.4,chunk_13,169,KR,13.658829440673193,48
sign_test_cel0.4,chunk_13,169,MC,7.37433992822965,48
sign_test_cel0.4,chunk_13,169,cosine_similarity,0.2001287117600441,48
sign_test_cel0.4,chunk_13,169,wt_mean,0.001360731126624125,48
sign_test_cel0.4,chunk_13,170,GR,30.05716057618459,48
sign_test_cel0.4,chunk_13,170,IPC,9.170942729959885,48
sign_test_cel0.4,chunk_13,170,KR,15.847232510646185,48
sign_test_cel0.4,chunk_13,170,MC,7.3800448427597685,48
sign_test_cel0.4,chunk_13,170,cosine_similarity,0.20012871548533437,48
sign_test_cel0.4,chunk_13,170,wt_mean,0.0014818858762737,48
sign_test_cel0.4,chunk_13,171,GR,24.77593993147214,48
sign_test_cel0.4,chunk_13,171,IPC,9.65085502465566,48
sign_test_cel0.4,chunk_13,171,KR,12.495660250385603,48
sign_test_cel0.4,chunk_13,171,MC,7.451190918684006,48
sign_test_cel0.4,chunk_13,171,cosine_similarity,0.20012875273823735,48
sign_test_cel0.4,chunk_13,171,wt_mean,0.00139767213840965,48
sign_test_cel0.4,chunk_13,172,GR,30.25606459379196,48
sign_test_cel0.4,chunk_13,172,IPC,9.262628032515446,48
sign_test_cel0.4,chunk_13,172,KR,15.286512533823648,48
sign_test_cel0.4,chunk_13,172,MC,7.4918700605630875,48
sign_test_cel0.4,chunk_13,172,cosine_similarity,0.20012872666120526,48
sign_test_cel0.4,chunk_13,172,wt_mean,0.001420895918272375,48
sign_test_cel0.4,chunk_13,173,GR,29.028680091102917,48
sign_test_cel0.4,chunk_13,173,IPC,10.133053712546825,48
sign_test_cel0.4,chunk_13,173,KR,14.971285040179888,48
sign_test_cel0.4,chunk_13,173,MC,7.344469244281451,48
sign_test_cel0.4,chunk_13,173,cosine_similarity,0.2001286782324314,48
sign_test_cel0.4,chunk_13,173,wt_mean,0.00140948905027465,48
sign_test_cel0.4,chunk_13,174,GR,23.00096893310547,48
sign_test_cel0.4,chunk_13,174,IPC,9.721660003066063,48
sign_test_cel0.4,chunk_13,174,KR,11.896395802497864,48
sign_test_cel0.4,chunk_13,174,MC,7.73913732667764,48
sign_test_cel0.4,chunk_13,174,cosine_similarity,0.2001287378370762,48
sign_test_cel0.4,chunk_13,174,wt_mean,0.001304859819356275,48
sign_test_cel0.4,chunk_13,175,GR,32.29927862187227,48
sign_test_cel0.4,chunk_13,175,IPC,9.887748558074236,48
sign_test_cel0.4,chunk_13,175,KR,16.292116930087406,48
sign_test_cel0.4,chunk_13,175,MC,7.5540382117033005,48
sign_test_cel0.4,chunk_13,175,cosine_similarity,0.2001286894083023,48
sign_test_cel0.4,chunk_13,175,wt_mean,0.001492910465458375,48
sign_test_cel0.4,chunk_13,176,GR,27.180088261763256,48
sign_test_cel0.4,chunk_13,176,IPC,9.48843053355813,48
sign_test_cel0.4,chunk_13,176,KR,13.949908013145128,48
sign_test_cel0.4,chunk_13,176,MC,7.5675579607486725,48
sign_test_cel0.4,chunk_13,176,cosine_similarity,0.20012875273823735,48
sign_test_cel0.4,chunk_13,176,wt_mean,0.0014288662641774499,48
sign_test_cel0.4,chunk_13,177,GR,22.96705264846484,48
sign_test_cel0.4,chunk_13,177,IPC,9.68306098257502,48
sign_test_cel0.4,chunk_13,177,KR,12.205737883845964,48
sign_test_cel0.4,chunk_13,177,MC,7.415198435386022,48
sign_test_cel0.4,chunk_13,177,cosine_similarity,0.20012879744172093,48
sign_test_cel0.4,chunk_13,177,wt_mean,0.0013064606464467249,48
sign_test_cel0.4,chunk_14,178,GR,34.30326298375925,48
sign_test_cel0.4,chunk_14,178,IPC,9.013468640546003,48
sign_test_cel0.4,chunk_14,178,KR,17.0168942262729,48
sign_test_cel0.4,chunk_14,178,MC,7.375942587852478,48
sign_test_cel0.4,chunk_14,178,cosine_similarity,0.200128685683012,48
sign_test_cel0.4,chunk_14,178,wt_mean,0.001537599571747675,48
sign_test_cel0.4,chunk_14,179,GR,26.13705078760783,48
sign_test_cel0.4,chunk_14,179,IPC,10.249111961573362,48
sign_test_cel0.4,chunk_14,179,KR,13.302471821506819,48
sign_test_cel0.4,chunk_14,179,MC,7.682288164893786,48
sign_test_cel0.4,chunk_14,179,cosine_similarity,0.20012871921062467,48
sign_test_cel0.4,chunk_14,179,wt_mean,0.0013789192453259002,48
sign_test_cel0.4,chunk_14,180,GR,37.03397090236346,48
sign_test_cel0.4,chunk_14,180,IPC,8.882176507264376,48
sign_test_cel0.4,chunk_14,180,KR,17.802114869157474,48
sign_test_cel0.4,chunk_14,180,MC,7.123577264448007,48
sign_test_cel0.4,chunk_14,180,cosine_similarity,0.20012876391410825,48
sign_test_cel0.4,chunk_14,180,wt_mean,0.00154359190491955,48
sign_test_cel0.4,chunk_14,181,GR,25.50800363222758,48
sign_test_cel0.4,chunk_14,181,IPC,9.439913234362999,48
sign_test_cel0.4,chunk_14,181,KR,12.615965003768602,48
sign_test_cel0.4,chunk_14,181,MC,7.753931641578674,48
sign_test_cel0.4,chunk_14,181,cosine_similarity,0.200128685683012,48
sign_test_cel0.4,chunk_14,181,wt_mean,0.001304112593061225,48
sign_test_cel0.4,chunk_14,182,GR,29.15997510155042,48
sign_test_cel0.4,chunk_14,182,IPC,9.850455094128847,48
sign_test_cel0.4,chunk_14,182,KR,14.685577362775803,48
sign_test_cel0.4,chunk_14,182,MC,7.9655734946330385,48
sign_test_cel0.4,chunk_14,182,cosine_similarity,0.20012876018881795,48
sign_test_cel0.4,chunk_14,182,wt_mean,0.00147762752021655,48
sign_test_cel0.4,chunk_14,183,GR,27.18157759308815,48
sign_test_cel0.4,chunk_14,183,IPC,10.42370211581389,48
sign_test_cel0.4,chunk_14,183,KR,14.236982196569443,48
sign_test_cel0.4,chunk_14,183,MC,7.844030350446701,48
sign_test_cel0.4,chunk_14,183,cosine_similarity,0.20012872666120526,48
sign_test_cel0.4,chunk_14,183,wt_mean,0.001432927965652125,48
sign_test_cel0.4,chunk_14,184,GR,38.11787290374438,48
sign_test_cel0.4,chunk_14,184,IPC,8.94807850321134,48
sign_test_cel0.4,chunk_14,184,KR,19.205606157581013,48
sign_test_cel0.4,chunk_14,184,MC,7.078597883383433,48
sign_test_cel0.4,chunk_14,184,cosine_similarity,0.20012874156236646,48
sign_test_cel0.4,chunk_14,184,wt_mean,0.00154722158913495,48
sign_test_cel0.4,chunk_14,185,GR,27.88705366353194,48
sign_test_cel0.4,chunk_14,185,IPC,9.292250696569681,48
sign_test_cel0.4,chunk_14,185,KR,13.739492550492287,48
sign_test_cel0.4,chunk_14,185,MC,7.08235631386439,48
sign_test_cel0.4,chunk_14,185,cosine_similarity,0.20012870058417317,48
sign_test_cel0.4,chunk_14,185,wt_mean,0.0013529980496968502,48
sign_test_cel0.4,chunk_14,186,GR,31.509582420190174,48
sign_test_cel0.4,chunk_14,186,IPC,9.38443417971333,48
sign_test_cel0.4,chunk_14,186,KR,16.49048197766145,48
sign_test_cel0.4,chunk_14,186,MC,7.3935026079416275,48
sign_test_cel0.4,chunk_14,186,cosine_similarity,0.20012870058417317,48
sign_test_cel0.4,chunk_14,186,wt_mean,0.001446675771148825,48
sign_test_cel0.4,chunk_14,187,GR,16.43796320259571,48
sign_test_cel0.4,chunk_14,187,IPC,8.377466787894567,48
sign_test_cel0.4,chunk_14,187,KR,8.593155538042387,48
sign_test_cel0.4,chunk_14,187,MC,6.528999755779902,48
sign_test_cel0.4,chunk_14,187,cosine_similarity,0.2001286782324314,48
sign_test_cel0.4,chunk_14,187,wt_mean,0.001087298311176675,48
sign_test_cel0.4,chunk_14,188,GR,27.268376628557842,48
sign_test_cel0.4,chunk_14,188,IPC,9.768860352536043,48
sign_test_cel0.4,chunk_14,188,KR,13.760955055554708,48
sign_test_cel0.4,chunk_14,188,MC,7.547748739520709,48
sign_test_cel0.4,chunk_14,188,cosine_similarity,0.20012874156236649,48
sign_test_cel0.4,chunk_14,188,wt_mean,0.0013669396284967,48
sign_test_cel0.4,chunk_14,189,GR,16.80297877887885,48
sign_test_cel0.4,chunk_14,189,IPC,10.447331345329681,48
sign_test_cel0.4,chunk_14,189,KR,8.711941560109457,48
sign_test_cel0.4,chunk_14,189,MC,7.336573754747708,48
sign_test_cel0.4,chunk_14,189,cosine_similarity,0.2001287192106247,48
sign_test_cel0.4,chunk_14,189,wt_mean,0.00122435140656305,48
sign_test_cel0.4,chunk_15,190,GR,33.06448539098104,48
sign_test_cel0.4,chunk_15,190,IPC,8.289640629043182,48
sign_test_cel0.4,chunk_15,190,KR,16.78471203148365,48
sign_test_cel0.4,chunk_15,190,MC,6.93159798036019,48
sign_test_cel0.4,chunk_15,190,cosine_similarity,0.20012879371643064,48
sign_test_cel0.4,chunk_15,190,wt_mean,0.001493087504059025,48
sign_test_cel0.4,chunk_15,191,GR,34.19709620376428,48
sign_test_cel0.4,chunk_15,191,IPC,9.506821624934673,48
sign_test_cel0.4,chunk_15,191,KR,17.550007805228233,48
sign_test_cel0.4,chunk_15,191,MC,7.7313948174317675,48
sign_test_cel0.4,chunk_15,191,cosine_similarity,0.2001287080347538,48
sign_test_cel0.4,chunk_15,191,wt_mean,0.001531660178443375,48
sign_test_cel0.4,chunk_15,192,GR,20.86194632947445,48
sign_test_cel0.4,chunk_15,192,IPC,10.772449351847172,48
sign_test_cel0.4,chunk_15,192,KR,10.14494144419829,48
sign_test_cel0.4,chunk_15,192,MC,7.86948349326849,48
sign_test_cel0.4,chunk_15,192,cosine_similarity,0.20012868940830228,48
sign_test_cel0.4,chunk_15,192,wt_mean,0.001315779532887925,48
sign_test_cel0.4,chunk_15,193,GR,28.50007000565529,48
sign_test_cel0.4,chunk_15,193,IPC,10.384312427292267,48
sign_test_cel0.4,chunk_15,193,KR,15.012843132019043,48
sign_test_cel0.4,chunk_15,193,MC,8.06203273932139,48
sign_test_cel0.4,chunk_15,193,cosine_similarity,0.20012877881526944,48
sign_test_cel0.4,chunk_15,193,wt_mean,0.001451743562938575,48
sign_test_cel0.4,chunk_15,194,GR,28.479871585965157,48
sign_test_cel0.4,chunk_15,194,IPC,9.092504334946474,48
sign_test_cel0.4,chunk_15,194,KR,14.073654825488726,48
sign_test_cel0.4,chunk_15,194,MC,6.780095010995865,48
sign_test_cel0.4,chunk_15,194,cosine_similarity,0.20012876018881795,48
sign_test_cel0.4,chunk_15,194,wt_mean,0.00139167311135675,48
sign_test_cel0.4,chunk_15,195,GR,38.661125327150025,48
sign_test_cel0.4,chunk_15,195,IPC,9.177400138229132,48
sign_test_cel0.4,chunk_15,195,KR,20.204354753096897,48
sign_test_cel0.4,chunk_15,195,MC,7.091285238663356,48
sign_test_cel0.4,chunk_15,195,cosine_similarity,0.2001287564635276,48
sign_test_cel0.4,chunk_15,195,wt_mean,0.0015739790105726,48
sign_test_cel0.4,chunk_15,196,GR,26.033630033334095,48
sign_test_cel0.4,chunk_15,196,IPC,9.674200682590405,48
sign_test_cel0.4,chunk_15,196,KR,13.695979033907255,48
sign_test_cel0.4,chunk_15,196,MC,7.274972299734752,48
sign_test_cel0.4,chunk_15,196,cosine_similarity,0.2001287043094635,48
sign_test_cel0.4,chunk_15,196,wt_mean,0.0013398142327787,48
sign_test_cel0.4,chunk_15,197,GR,21.549280628561974,48
sign_test_cel0.4,chunk_15,197,IPC,9.869175663838783,48
sign_test_cel0.4,chunk_15,197,KR,11.097251330812773,48
sign_test_cel0.4,chunk_15,197,MC,6.951903273661931,48
sign_test_cel0.4,chunk_15,197,cosine_similarity,0.20012872666120526,48
sign_test_cel0.4,chunk_15,197,wt_mean,0.001300867821555525,48
sign_test_cel0.4,chunk_15,198,GR,34.55778878430525,48
sign_test_cel0.4,chunk_15,198,IPC,9.78666190057993,48
sign_test_cel0.4,chunk_15,198,KR,17.177657773097355,48
sign_test_cel0.4,chunk_15,198,MC,7.555834839741389,48
sign_test_cel0.4,chunk_15,198,cosine_similarity,0.2001287080347538,48
sign_test_cel0.4,chunk_15,198,wt_mean,0.001483670115703675,48
sign_test_cel0.4,chunk_15,199,GR,26.869502991437912,48
sign_test_cel0.4,chunk_15,199,IPC,9.014765735715628,48
sign_test_cel0.4,chunk_15,199,KR,13.137179106473923,48
sign_test_cel0.4,chunk_15,199,MC,7.0185835883021355,48
sign_test_cel0.4,chunk_15,199,cosine_similarity,0.2001287005841732,48
sign_test_cel0.4,chunk_15,199,wt_mean,0.0013935136958025,48
sign_test_cel0.4,chunk_15,200,GR,31.694862971703213,48
sign_test_cel0.4,chunk_15,200,IPC,9.747551425049702,48
sign_test_cel0.4,chunk_15,200,KR,16.616907974084217,48
sign_test_cel0.4,chunk_15,200,MC,7.5527720501025515,48
sign_test_cel0.4,chunk_15,200,cosine_similarity,0.2001287043094635,48
sign_test_cel0.4,chunk_15,200,wt_mean,0.0014866224955766751,48
sign_test_cel0.4,chunk_15,201,GR,27.25012981891632,48
sign_test_cel0.4,chunk_15,201,IPC,9.337251344074806,48
sign_test_cel0.4,chunk_15,201,KR,14.317635039488474,48
sign_test_cel0.4,chunk_15,201,MC,7.5236628750960035,48
sign_test_cel0.4,chunk_15,201,cosine_similarity,0.20012873038649556,48
sign_test_cel0.4,chunk_15,201,wt_mean,0.0013951053260825,48
sign_test_cel0.4,chunk_16,202,GR,24.216199944416683,48
sign_test_cel0.4,chunk_16,202,IPC,8.727817683170239,48
sign_test_cel0.4,chunk_16,202,KR,12.593914856513342,48
sign_test_cel0.4,chunk_16,202,MC,6.702276180187861,48
sign_test_cel0.4,chunk_16,202,cosine_similarity,0.2001286819577217,48
sign_test_cel0.4,chunk_16,202,wt_mean,0.001337089051958125,48
sign_test_cel0.4,chunk_16,203,GR,21.606908813118935,48
sign_test_cel0.4,chunk_16,203,IPC,10.563292351861795,48
sign_test_cel0.4,chunk_16,203,KR,11.297361632188162,48
sign_test_cel0.4,chunk_16,203,MC,7.83950578669707,48
sign_test_cel0.4,chunk_16,203,cosine_similarity,0.20012870803475377,48
sign_test_cel0.4,chunk_16,203,wt_mean,0.001269777159905,48
sign_test_cel0.4,chunk_16,204,GR,20.00698445737362,48
sign_test_cel0.4,chunk_16,204,IPC,10.140348296612501,48
sign_test_cel0.4,chunk_16,204,KR,10.840732951958975,48
sign_test_cel0.4,chunk_16,204,MC,7.148324663440387,48
sign_test_cel0.4,chunk_16,204,cosine_similarity,0.20012868940830228,48
sign_test_cel0.4,chunk_16,204,wt_mean,0.00127915936172935,48
sign_test_cel0.4,chunk_16,205,GR,30.016217807928722,48
sign_test_cel0.4,chunk_16,205,IPC,9.653442131976286,48
sign_test_cel0.4,chunk_16,205,KR,15.871347943941752,48
sign_test_cel0.4,chunk_16,205,MC,7.480185821652412,48
sign_test_cel0.4,chunk_16,205,cosine_similarity,0.20012876018881795,48
sign_test_cel0.4,chunk_16,205,wt_mean,0.001485001790570025,48
sign_test_cel0.4,chunk_16,206,GR,31.546360969543457,48
sign_test_cel0.4,chunk_16,206,IPC,9.040693623324236,48
sign_test_cel0.4,chunk_16,206,KR,16.290860335032146,48
sign_test_cel0.4,chunk_16,206,MC,7.351861134171486,48
sign_test_cel0.4,chunk_16,206,cosine_similarity,0.20012877508997914,48
sign_test_cel0.4,chunk_16,206,wt_mean,0.00145418988540765,48
sign_test_cel0.4,chunk_16,207,GR,20.58392823735873,48
sign_test_cel0.4,chunk_16,207,IPC,8.261589349557957,48
sign_test_cel0.4,chunk_16,207,KR,10.575235764185587,48
sign_test_cel0.4,chunk_16,207,MC,6.4807633111874265,48
sign_test_cel0.4,chunk_16,207,cosine_similarity,0.20012871548533437,48
sign_test_cel0.4,chunk_16,207,wt_mean,0.001243653954588775,48
sign_test_cel0.4,chunk_16,208,GR,19.140916034579277,48
sign_test_cel0.4,chunk_16,208,IPC,8.99633406723539,48
sign_test_cel0.4,chunk_16,208,KR,9.657020206252733,48
sign_test_cel0.4,chunk_16,208,MC,6.712932664901018,48
sign_test_cel0.4,chunk_16,208,cosine_similarity,0.20012872666120526,48
sign_test_cel0.4,chunk_16,208,wt_mean,0.0012277589994482252,48
sign_test_cel0.4,chunk_16,209,GR,19.636483455697697,48
sign_test_cel0.4,chunk_16,209,IPC,9.993690196424723,48
sign_test_cel0.4,chunk_16,209,KR,9.891057779391607,48
sign_test_cel0.4,chunk_16,209,MC,7.493480809032917,48
sign_test_cel0.4,chunk_16,209,cosine_similarity,0.20012873038649556,48
sign_test_cel0.4,chunk_16,209,wt_mean,0.001269358399440475,48
sign_test_cel0.4,chunk_16,210,GR,16.551414867242176,48
sign_test_cel0.4,chunk_16,210,IPC,9.32956988364458,48
sign_test_cel0.4,chunk_16,210,KR,8.482166235645613,48
sign_test_cel0.4,chunk_16,210,MC,6.736249466737111,48
sign_test_cel0.4,chunk_16,210,cosine_similarity,0.20012873783707616,48
sign_test_cel0.4,chunk_16,210,wt_mean,0.001187668472994075,48
sign_test_cel0.4,chunk_16,211,GR,18.53412775695324,48
sign_test_cel0.4,chunk_16,211,IPC,9.552292195459207,48
sign_test_cel0.4,chunk_16,211,KR,9.673081835110983,48
sign_test_cel0.4,chunk_16,211,MC,7.4750116765499115,48
sign_test_cel0.4,chunk_16,211,cosine_similarity,0.200128749012947,48
sign_test_cel0.4,chunk_16,211,wt_mean,0.00123261615226505,48
sign_test_cel0.4,chunk_16,212,GR,25.78100631137689,48
sign_test_cel0.4,chunk_16,212,IPC,9.544540169338385,48
sign_test_cel0.4,chunk_16,212,KR,13.254283716281256,48
sign_test_cel0.4,chunk_16,212,MC,8.258454432090124,48
sign_test_cel0.4,chunk_16,212,cosine_similarity,0.2001286819577217,48
sign_test_cel0.4,chunk_16,212,wt_mean,0.0013913228467572248,48
sign_test_cel0.4,chunk_16,213,GR,30.269506856799126,48
sign_test_cel0.4,chunk_16,213,IPC,9.038599892208973,48
sign_test_cel0.4,chunk_16,213,KR,15.354939331610998,48
sign_test_cel0.4,chunk_16,213,MC,7.060214921832085,48
sign_test_cel0.4,chunk_16,213,cosine_similarity,0.20012871548533437,48
sign_test_cel0.4,chunk_16,213,wt_mean,0.0014532675850204501,48
sign_test_cel0.4,chunk_17,214,GR,31.35559832553069,48
sign_test_cel0.4,chunk_17,214,IPC,10.046881907929977,48
sign_test_cel0.4,chunk_17,214,KR,15.862266113360723,48
sign_test_cel0.4,chunk_17,214,MC,7.942707717418671,48
sign_test_cel0.4,chunk_17,214,cosine_similarity,0.20012873783707616,48
sign_test_cel0.4,chunk_17,214,wt_mean,0.00149321355274875,48
sign_test_cel0.4,chunk_17,215,GR,26.338407923777897,48
sign_test_cel0.4,chunk_17,215,IPC,9.43290689587593,48
sign_test_cel0.4,chunk_17,215,KR,13.030943264563879,48
sign_test_cel0.4,chunk_17,215,MC,6.7686490168174105,48
sign_test_cel0.4,chunk_17,215,cosine_similarity,0.20012873783707616,48
sign_test_cel0.4,chunk_17,215,wt_mean,0.0013610540045192,48
sign_test_cel0.4,chunk_17,216,GR,22.054808487494785,48
sign_test_cel0.4,chunk_17,216,IPC,8.884779943774143,48
sign_test_cel0.4,chunk_17,216,KR,11.457714781165123,48
sign_test_cel0.4,chunk_17,216,MC,6.869318490227063,48
sign_test_cel0.4,chunk_17,216,cosine_similarity,0.20012874156236649,48
sign_test_cel0.4,chunk_17,216,wt_mean,0.00130505987908685,48
sign_test_cel0.4,chunk_17,217,GR,22.822876090804737,48
sign_test_cel0.4,chunk_17,217,IPC,9.506489874174198,48
sign_test_cel0.4,chunk_17,217,KR,11.251691182454428,48
sign_test_cel0.4,chunk_17,217,MC,6.897501582900683,48
sign_test_cel0.4,chunk_17,217,cosine_similarity,0.20012874528765676,48
sign_test_cel0.4,chunk_17,217,wt_mean,0.001276779672480125,48
sign_test_cel0.4,chunk_17,218,GR,21.85120154420535,48
sign_test_cel0.4,chunk_17,218,IPC,9.546752193321785,48
sign_test_cel0.4,chunk_17,218,KR,10.9802049746116,48
sign_test_cel0.4,chunk_17,218,MC,7.2255421330531435,48
sign_test_cel0.4,chunk_17,218,cosine_similarity,0.2001286782324314,48
sign_test_cel0.4,chunk_17,218,wt_mean,0.001279734322451925,48
sign_test_cel0.4,chunk_17,219,GR,27.856462130943935,48
sign_test_cel0.4,chunk_17,219,IPC,9.778086201598247,48
sign_test_cel0.4,chunk_17,219,KR,14.347085684537888,48
sign_test_cel0.4,chunk_17,219,MC,7.556660642226537,48
sign_test_cel0.4,chunk_17,219,cosine_similarity,0.2001287005841732,48
sign_test_cel0.4,chunk_17,219,wt_mean,0.0013773853279417,48
sign_test_cel0.4,chunk_17,220,GR,26.636318574349087,48
sign_test_cel0.4,chunk_17,220,IPC,8.410254752884308,48
sign_test_cel0.4,chunk_17,220,KR,13.441101968288422,48
sign_test_cel0.4,chunk_17,220,MC,6.764192312955856,48
sign_test_cel0.4,chunk_17,220,cosine_similarity,0.2001287415623664,48
sign_test_cel0.4,chunk_17,220,wt_mean,0.00135357606632165,48
sign_test_cel0.4,chunk_17,221,GR,18.212466955184937,48
sign_test_cel0.4,chunk_17,221,IPC,10.168957578639189,48
sign_test_cel0.4,chunk_17,221,KR,9.262457385659218,48
sign_test_cel0.4,chunk_17,221,MC,7.1000875060757,48
sign_test_cel0.4,chunk_17,221,cosine_similarity,0.20012873783707616,48
sign_test_cel0.4,chunk_17,221,wt_mean,0.0012041582667734,48
sign_test_cel0.4,chunk_17,222,GR,28.04053796827793,48
sign_test_cel0.4,chunk_17,222,IPC,9.841895898183187,48
sign_test_cel0.4,chunk_17,222,KR,14.997871845960617,48
sign_test_cel0.4,chunk_17,222,MC,7.589699293176333,48
sign_test_cel0.4,chunk_17,222,cosine_similarity,0.2001287117600441,48
sign_test_cel0.4,chunk_17,222,wt_mean,0.0014482980768661502,48
sign_test_cel0.4,chunk_17,223,GR,37.16816955308119,48
sign_test_cel0.4,chunk_17,223,IPC,9.358409252017736,48
sign_test_cel0.4,chunk_17,223,KR,20.086446210741997,48
sign_test_cel0.4,chunk_17,223,MC,7.502211391925812,48
sign_test_cel0.4,chunk_17,223,cosine_similarity,0.2001286819577217,48
sign_test_cel0.4,chunk_17,223,wt_mean,0.0015785509021952252,48
sign_test_cel0.4,chunk_17,224,GR,33.07053329050541,48
sign_test_cel0.4,chunk_17,224,IPC,9.4708190895617,48
sign_test_cel0.4,chunk_17,224,KR,17.482155029972393,48
sign_test_cel0.4,chunk_17,224,MC,7.423795854051908,48
sign_test_cel0.4,chunk_17,224,cosine_similarity,0.20012875646352765,48
sign_test_cel0.4,chunk_17,224,wt_mean,0.0015070375229697,48
sign_test_cel0.4,chunk_17,225,GR,25.310904661814373,48
sign_test_cel0.4,chunk_17,225,IPC,9.548520355174938,48
sign_test_cel0.4,chunk_17,225,KR,12.2656592776378,48
sign_test_cel0.4,chunk_17,225,MC,7.49153970181942,48
sign_test_cel0.4,chunk_17,225,cosine_similarity,0.20012873411178586,48
sign_test_cel0.4,chunk_17,225,wt_mean,0.0012948001385666,48
sign_test_cel0.4,chunk_18,226,GR,20.247468913594883,48
sign_test_cel0.4,chunk_18,226,IPC,10.172401721278826,48
sign_test_cel0.4,chunk_18,226,KR,10.0264819363753,48
sign_test_cel0.4,chunk_18,226,MC,7.313442692160606,48
sign_test_cel0.4,chunk_18,226,cosine_similarity,0.20012872666120526,48
sign_test_cel0.4,chunk_18,226,wt_mean,0.001242662750882975,48
sign_test_cel0.4,chunk_18,227,GR,28.282214586933453,48
sign_test_cel0.4,chunk_18,227,IPC,9.77925551434358,48
sign_test_cel0.4,chunk_18,227,KR,14.625592201948166,48
sign_test_cel0.4,chunk_18,227,MC,7.563704803586006,48
sign_test_cel0.4,chunk_18,227,cosine_similarity,0.20012874528765676,48
sign_test_cel0.4,chunk_18,227,wt_mean,0.001381097536068375,48
sign_test_cel0.4,chunk_18,228,GR,18.826892266670864,48
sign_test_cel0.4,chunk_18,228,IPC,10.129708534727493,48
sign_test_cel0.4,chunk_18,228,KR,9.87864057223002,48
sign_test_cel0.4,chunk_18,228,MC,7.4347294221321745,48
sign_test_cel0.4,chunk_18,228,cosine_similarity,0.20012872293591497,48
sign_test_cel0.4,chunk_18,228,wt_mean,0.0012331796169746,48
sign_test_cel0.4,chunk_18,229,GR,28.70876655479272,48
sign_test_cel0.4,chunk_18,229,IPC,9.814919578532377,48
sign_test_cel0.4,chunk_18,229,KR,14.874071662624678,48
sign_test_cel0.4,chunk_18,229,MC,7.447595804929733,48
sign_test_cel0.4,chunk_18,229,cosine_similarity,0.20012874156236649,48
sign_test_cel0.4,chunk_18,229,wt_mean,0.0014260968600865,48
sign_test_cel0.4,chunk_18,230,GR,34.0133833338817,48
sign_test_cel0.4,chunk_18,230,IPC,7.8747577629983425,48
sign_test_cel0.4,chunk_18,230,KR,18.1758020867904,48
sign_test_cel0.4,chunk_18,230,MC,6.7106723835070925,48
sign_test_cel0.4,chunk_18,230,cosine_similarity,0.2001287043094635,48
sign_test_cel0.4,chunk_18,230,wt_mean,0.0015013897791504498,48
sign_test_cel0.4,chunk_18,231,GR,28.008929510911305,48
sign_test_cel0.4,chunk_18,231,IPC,8.964831883708635,48
sign_test_cel0.4,chunk_18,231,KR,14.548754180471102,48
sign_test_cel0.4,chunk_18,231,MC,7.039125556747119,48
sign_test_cel0.4,chunk_18,231,cosine_similarity,0.20012874156236646,48
sign_test_cel0.4,chunk_18,231,wt_mean,0.001400892797391825,48
sign_test_cel0.4,chunk_18,232,GR,32.81752596298853,48
sign_test_cel0.4,chunk_18,232,IPC,9.032711858550707,48
sign_test_cel0.4,chunk_18,232,KR,17.507808282971382,48
sign_test_cel0.4,chunk_18,232,MC,7.229610199729602,48
sign_test_cel0.4,chunk_18,232,cosine_similarity,0.20012875273823738,48
sign_test_cel0.4,chunk_18,232,wt_mean,0.0014646039635408498,48
sign_test_cel0.4,chunk_18,233,GR,31.787662853797276,48
sign_test_cel0.4,chunk_18,233,IPC,9.155541071047386,48
sign_test_cel0.4,chunk_18,233,KR,16.028324117263157,48
sign_test_cel0.4,chunk_18,233,MC,7.229770382245381,48
sign_test_cel0.4,chunk_18,233,cosine_similarity,0.20012867823243138,48
sign_test_cel0.4,chunk_18,233,wt_mean,0.00148897327017035,48
sign_test_cel0.4,chunk_18,234,GR,25.77532236278057,48
sign_test_cel0.4,chunk_18,234,IPC,9.451736502349377,48
sign_test_cel0.4,chunk_18,234,KR,13.335852280259132,48
sign_test_cel0.4,chunk_18,234,MC,7.432161554694176,48
sign_test_cel0.4,chunk_18,234,cosine_similarity,0.2001287192106247,48
sign_test_cel0.4,chunk_18,234,wt_mean,0.00136436150933145,48
sign_test_cel0.4,chunk_18,235,GR,27.923886169989903,48
sign_test_cel0.4,chunk_18,235,IPC,9.944019133845964,48
sign_test_cel0.4,chunk_18,235,KR,14.21323099732399,48
sign_test_cel0.4,chunk_18,235,MC,7.540279224514961,48
sign_test_cel0.4,chunk_18,235,cosine_similarity,0.20012874901294708,48
sign_test_cel0.4,chunk_18,235,wt_mean,0.00139264552853995,48
sign_test_cel0.4,chunk_18,236,GR,25.014330372214317,48
sign_test_cel0.4,chunk_18,236,IPC,9.652736737082401,48
sign_test_cel0.4,chunk_18,236,KR,13.04439174135526,48
sign_test_cel0.4,chunk_18,236,MC,7.256236548225085,48
sign_test_cel0.4,chunk_18,236,cosine_similarity,0.2001286968588829,48
sign_test_cel0.4,chunk_18,236,wt_mean,0.001349623154965175,48
sign_test_cel0.4,chunk_18,237,GR,28.63127775490284,48
sign_test_cel0.4,chunk_18,237,IPC,9.457283644626537,48
sign_test_cel0.4,chunk_18,237,KR,15.29638617237409,48
sign_test_cel0.4,chunk_18,237,MC,7.809300233920415,48
sign_test_cel0.4,chunk_18,237,cosine_similarity,0.2001287154853344,48
sign_test_cel0.4,chunk_18,237,wt_mean,0.0014718529419041752,48
sign_test_cel0.4,chunk_19,238,GR,25.046263431509335,48
sign_test_cel0.4,chunk_19,238,IPC,8.705920671423277,48
sign_test_cel0.4,chunk_19,238,KR,13.287502576907476,48
sign_test_cel0.4,chunk_19,238,MC,7.070608605941136,48
sign_test_cel0.4,chunk_19,238,cosine_similarity,0.20012868940830228,48
sign_test_cel0.4,chunk_19,238,wt_mean,0.001413151505403175,48
sign_test_cel0.4,chunk_19,239,GR,27.292637517054875,48
sign_test_cel0.4,chunk_19,239,IPC,9.893218167126179,48
sign_test_cel0.4,chunk_19,239,KR,13.777568439642588,48
sign_test_cel0.4,chunk_19,239,MC,7.611491943399112,48
sign_test_cel0.4,chunk_19,239,cosine_similarity,0.200128722935915,48
sign_test_cel0.4,chunk_19,239,wt_mean,0.0013926012325100252,48
sign_test_cel0.4,chunk_19,240,GR,36.95518979926904,48
sign_test_cel0.4,chunk_19,240,IPC,10.0983058710893,48
sign_test_cel0.4,chunk_19,240,KR,19.03611047565937,48
sign_test_cel0.4,chunk_19,240,MC,8.013451447089514,48
sign_test_cel0.4,chunk_19,240,cosine_similarity,0.20012870803475377,48
sign_test_cel0.4,chunk_19,240,wt_mean,0.00153982060146515,48
sign_test_cel0.4,chunk_19,241,GR,31.663862933715183,48
sign_test_cel0.4,chunk_19,241,IPC,9.602736249566078,48
sign_test_cel0.4,chunk_19,241,KR,16.459955806533497,48
sign_test_cel0.4,chunk_19,241,MC,7.629247869054477,48
sign_test_cel0.4,chunk_19,241,cosine_similarity,0.20012870430946342,48
sign_test_cel0.4,chunk_19,241,wt_mean,0.0014943513378966,48
sign_test_cel0.4,chunk_19,242,GR,24.88044284284115,48
sign_test_cel0.4,chunk_19,242,IPC,10.663991724451384,48
sign_test_cel0.4,chunk_19,242,KR,12.665828322370848,48
sign_test_cel0.4,chunk_19,242,MC,7.857408906022708,48
sign_test_cel0.4,chunk_19,242,cosine_similarity,0.20012874528765676,48
sign_test_cel0.4,chunk_19,242,wt_mean,0.00138147574034515,48
sign_test_cel0.4,chunk_19,243,GR,33.90980536739031,48
sign_test_cel0.4,chunk_19,243,IPC,8.84543780858318,48
sign_test_cel0.4,chunk_19,243,KR,16.792310630281765,48
sign_test_cel0.4,chunk_19,243,MC,7.128765484939019,48
sign_test_cel0.4,chunk_19,243,cosine_similarity,0.20012871548533437,48
sign_test_cel0.4,chunk_19,243,wt_mean,0.00149816912016825,48
sign_test_cel0.4,chunk_19,244,GR,23.474789197246235,48
sign_test_cel0.4,chunk_19,244,IPC,9.169329952448606,48
sign_test_cel0.4,chunk_19,244,KR,12.226080015301704,48
sign_test_cel0.4,chunk_19,244,MC,7.260402222474416,48
sign_test_cel0.4,chunk_19,244,cosine_similarity,0.20012870430946347,48
sign_test_cel0.4,chunk_19,244,wt_mean,0.0012974373967153498,48
sign_test_cel0.4,chunk_19,245,GR,27.335754374663036,48
sign_test_cel0.4,chunk_19,245,IPC,10.240042850375175,48
sign_test_cel0.4,chunk_19,245,KR,14.694652100404104,48
sign_test_cel0.4,chunk_19,245,MC,8.046123936772346,48
sign_test_cel0.4,chunk_19,245,cosine_similarity,0.20012876018881795,48
sign_test_cel0.4,chunk_19,245,wt_mean,0.0014931428595445502,48
sign_test_cel0.4,chunk_19,246,GR,25.958378036816914,48
sign_test_cel0.4,chunk_19,246,IPC,8.90572660168012,48
sign_test_cel0.4,chunk_19,246,KR,13.195296709736189,48
sign_test_cel0.4,chunk_19,246,MC,6.7349406977494555,48
sign_test_cel0.4,chunk_19,246,cosine_similarity,0.20012873038649556,48
sign_test_cel0.4,chunk_19,246,wt_mean,0.001324954442679825,48
sign_test_cel0.4,chunk_19,247,GR,30.773000394304592,48
sign_test_cel0.4,chunk_19,247,IPC,9.440379771093527,48
sign_test_cel0.4,chunk_19,247,KR,15.424340153733889,48
sign_test_cel0.4,chunk_19,247,MC,7.172046363353729,48
sign_test_cel0.4,chunk_19,247,cosine_similarity,0.20012876391410825,48
sign_test_cel0.4,chunk_19,247,wt_mean,0.001439278450561625,48
sign_test_cel0.4,chunk_19,248,GR,24.315010289351147,48
sign_test_cel0.4,chunk_19,248,IPC,10.233132107804218,48
sign_test_cel0.4,chunk_19,248,KR,12.895967031518618,48
sign_test_cel0.4,chunk_19,248,MC,7.853362739086151,48
sign_test_cel0.4,chunk_19,248,cosine_similarity,0.2001287266612053,48
sign_test_cel0.4,chunk_19,248,wt_mean,0.001347903686109875,48
sign_test_cel0.4,chunk_19,249,GR,38.036662608385086,48
sign_test_cel0.4,chunk_19,249,IPC,9.28284360592564,48
sign_test_cel0.4,chunk_19,249,KR,19.878366122643154,48
sign_test_cel0.4,chunk_19,249,MC,7.463762879371643,48
sign_test_cel0.4,chunk_19,249,cosine_similarity,0.20012870058417317,48
sign_test_cel0.4,chunk_19,249,wt_mean,0.001587136182934,48
sign_test_cel0.4,chunk_2,26,GR,29.78773458302021,48
sign_test_cel0.4,chunk_2,26,IPC,8.988527270654837,48
sign_test_cel0.4,chunk_2,26,KR,15.104676693677902,48
sign_test_cel0.4,chunk_2,26,MC,7.37257852156957,48
sign_test_cel0.4,chunk_2,26,cosine_similarity,0.2001287452876567,48
sign_test_cel0.4,chunk_2,26,wt_mean,0.001403836649842525,48
sign_test_cel0.4,chunk_2,27,GR,27.304410378138225,48
sign_test_cel0.4,chunk_2,27,IPC,9.174805330733458,48
sign_test_cel0.4,chunk_2,27,KR,14.167090967297554,48
sign_test_cel0.4,chunk_2,27,MC,7.556551069021225,48
sign_test_cel0.4,chunk_2,27,cosine_similarity,0.20012870430946347,48
sign_test_cel0.4,chunk_2,27,wt_mean,0.00142419018084175,48
sign_test_cel0.4,chunk_2,28,GR,29.272973145047825,48
sign_test_cel0.4,chunk_2,28,IPC,9.80164111405611,48
sign_test_cel0.4,chunk_2,28,KR,14.776588196555773,48
sign_test_cel0.4,chunk_2,28,MC,7.886756678422292,48
sign_test_cel0.4,chunk_2,28,cosine_similarity,0.20012871176004407,48
sign_test_cel0.4,chunk_2,28,wt_mean,0.001405036309733925,48
sign_test_cel0.4,chunk_2,29,GR,30.098986277977627,48
sign_test_cel0.4,chunk_2,29,IPC,8.641932297497988,48
sign_test_cel0.4,chunk_2,29,KR,14.804002568125725,48
sign_test_cel0.4,chunk_2,29,MC,6.880524188280106,48
sign_test_cel0.4,chunk_2,29,cosine_similarity,0.20012872666120526,48
sign_test_cel0.4,chunk_2,29,wt_mean,0.001436232007108575,48
sign_test_cel0.4,chunk_2,30,GR,30.941242794195812,48
sign_test_cel0.4,chunk_2,30,IPC,8.667851749807596,48
sign_test_cel0.4,chunk_2,30,KR,16.07223851978779,48
sign_test_cel0.4,chunk_2,30,MC,7.035257637500763,48
sign_test_cel0.4,chunk_2,30,cosine_similarity,0.20012872666120526,48
sign_test_cel0.4,chunk_2,30,wt_mean,0.0013735427637583998,48
sign_test_cel0.4,chunk_2,31,GR,35.84855431814989,48
sign_test_cel0.4,chunk_2,31,IPC,8.469235205401977,48
sign_test_cel0.4,chunk_2,31,KR,18.905698488156002,48
sign_test_cel0.4,chunk_2,31,MC,7.300410454471906,48
sign_test_cel0.4,chunk_2,31,cosine_similarity,0.20012868940830228,48
sign_test_cel0.4,chunk_2,31,wt_mean,0.00152292443090115,48
sign_test_cel0.4,chunk_2,32,GR,28.680438955624897,48
sign_test_cel0.4,chunk_2,32,IPC,9.697737542291483,48
sign_test_cel0.4,chunk_2,32,KR,15.17847997446855,48
sign_test_cel0.4,chunk_2,32,MC,7.817234297593434,48
sign_test_cel0.4,chunk_2,32,cosine_similarity,0.2001287080347538,48
sign_test_cel0.4,chunk_2,32,wt_mean,0.00147872642264695,48
sign_test_cel0.4,chunk_2,33,GR,27.741707558433216,48
sign_test_cel0.4,chunk_2,33,IPC,10.056538032988707,48
sign_test_cel0.4,chunk_2,33,KR,15.15377251803875,48
sign_test_cel0.4,chunk_2,33,MC,8.041284799575806,48
sign_test_cel0.4,chunk_2,33,cosine_similarity,0.20012871921062467,48
sign_test_cel0.4,chunk_2,33,wt_mean,0.0014754890289623002,48
sign_test_cel0.4,chunk_2,34,GR,25.122668012976646,48
sign_test_cel0.4,chunk_2,34,IPC,9.159015651792288,48
sign_test_cel0.4,chunk_2,34,KR,12.582976341247559,48
sign_test_cel0.4,chunk_2,34,MC,7.1443314254283905,48
sign_test_cel0.4,chunk_2,34,cosine_similarity,0.20012874901294708,48
sign_test_cel0.4,chunk_2,34,wt_mean,0.001387934491503925,48
sign_test_cel0.4,chunk_2,35,GR,20.331146851181984,48
sign_test_cel0.4,chunk_2,35,IPC,8.944841474294662,48
sign_test_cel0.4,chunk_2,35,KR,10.069039354721705,48
sign_test_cel0.4,chunk_2,35,MC,7.402327244480451,48
sign_test_cel0.4,chunk_2,35,cosine_similarity,0.20012874901294705,48
sign_test_cel0.4,chunk_2,35,wt_mean,0.001299725787248425,48
sign_test_cel0.4,chunk_2,36,GR,22.797931134700775,48
sign_test_cel0.4,chunk_2,36,IPC,9.882298536598682,48
sign_test_cel0.4,chunk_2,36,KR,11.580826292435328,48
sign_test_cel0.4,chunk_2,36,MC,7.570210163791974,48
sign_test_cel0.4,chunk_2,36,cosine_similarity,0.20012871548533437,48
sign_test_cel0.4,chunk_2,36,wt_mean,0.00133550383907275,48
sign_test_cel0.4,chunk_2,37,GR,27.498633489012718,48
sign_test_cel0.4,chunk_2,37,IPC,9.068175021559,48
sign_test_cel0.4,chunk_2,37,KR,13.93730037411054,48
sign_test_cel0.4,chunk_2,37,MC,7.080303758382797,48
sign_test_cel0.4,chunk_2,37,cosine_similarity,0.20012869313359258,48
sign_test_cel0.4,chunk_2,37,wt_mean,0.0013803873735014,48
sign_test_cel0.4,chunk_2,38,GR,19.494001512726147,48
sign_test_cel0.4,chunk_2,38,IPC,9.241942257930836,48
sign_test_cel0.4,chunk_2,38,KR,10.147194102406502,48
sign_test_cel0.4,chunk_2,38,MC,6.831526840726535,48
sign_test_cel0.4,chunk_2,38,cosine_similarity,0.20012872666120526,48
sign_test_cel0.4,chunk_2,38,wt_mean,0.0012294914922676501,48
sign_test_cel0.4,chunk_3,39,GR,34.137360061208405,48
sign_test_cel0.4,chunk_3,39,IPC,10.288514195630947,48
sign_test_cel0.4,chunk_3,39,KR,17.484528372685116,48
sign_test_cel0.4,chunk_3,39,MC,8.027087599039078,48
sign_test_cel0.4,chunk_3,39,cosine_similarity,0.2001287043094635,48
sign_test_cel0.4,chunk_3,39,wt_mean,0.0015463117160834,48
sign_test_cel0.4,chunk_3,40,GR,25.92558537920316,48
sign_test_cel0.4,chunk_3,40,IPC,9.80718811104695,48
sign_test_cel0.4,chunk_3,40,KR,13.698026339213053,48
sign_test_cel0.4,chunk_3,40,MC,7.1411431431770325,48
sign_test_cel0.4,chunk_3,40,cosine_similarity,0.20012866705656052,48
sign_test_cel0.4,chunk_3,40,wt_mean,0.00138342064747115,48
sign_test_cel0.4,chunk_3,41,GR,27.257185235619545,48
sign_test_cel0.4,chunk_3,41,IPC,9.062103609244028,48
sign_test_cel0.4,chunk_3,41,KR,13.57875382900238,48
sign_test_cel0.4,chunk_3,41,MC,7.315751433372498,48
sign_test_cel0.4,chunk_3,41,cosine_similarity,0.2001287117600441,48
sign_test_cel0.4,chunk_3,41,wt_mean,0.001413229823810925,48
sign_test_cel0.4,chunk_3,42,GR,33.159049128492676,48
sign_test_cel0.4,chunk_3,42,IPC,9.860555578023195,48
sign_test_cel0.4,chunk_3,42,KR,16.963928376634914,48
sign_test_cel0.4,chunk_3,42,MC,7.679244081179301,48
sign_test_cel0.4,chunk_3,42,cosine_similarity,0.20012875273823735,48
sign_test_cel0.4,chunk_3,42,wt_mean,0.0015168468526098502,48
sign_test_cel0.4,chunk_3,43,GR,25.402121474345524,48
sign_test_cel0.4,chunk_3,43,IPC,9.884989752123753,48
sign_test_cel0.4,chunk_3,43,KR,12.113102729121843,48
sign_test_cel0.4,chunk_3,43,MC,7.791257721682389,48
sign_test_cel0.4,chunk_3,43,cosine_similarity,0.20012873411178586,48
sign_test_cel0.4,chunk_3,43,wt_mean,0.00138703157426785,48
sign_test_cel0.4,chunk_3,44,GR,23.36735850572586,48
sign_test_cel0.4,chunk_3,44,IPC,10.025637064129114,48
sign_test_cel0.4,chunk_3,44,KR,12.195444842179617,48
sign_test_cel0.4,chunk_3,44,MC,7.562693119049072,48
sign_test_cel0.4,chunk_3,44,cosine_similarity,0.20012869313359258,48
sign_test_cel0.4,chunk_3,44,wt_mean,0.00139349655364635,48
sign_test_cel0.4,chunk_3,45,GR,30.510332624117535,48
sign_test_cel0.4,chunk_3,45,IPC,9.802909622589747,48
sign_test_cel0.4,chunk_3,45,KR,16.363762497901917,48
sign_test_cel0.4,chunk_3,45,MC,7.516999629636605,48
sign_test_cel0.4,chunk_3,45,cosine_similarity,0.2001286968588829,48
sign_test_cel0.4,chunk_3,45,wt_mean,0.0014672383840661,48
sign_test_cel0.4,chunk_3,46,GR,29.636715317765873,48
sign_test_cel0.4,chunk_3,46,IPC,10.050969091554483,48
sign_test_cel0.4,chunk_3,46,KR,15.278728241721788,48
sign_test_cel0.4,chunk_3,46,MC,7.7553257296482725,48
sign_test_cel0.4,chunk_3,46,cosine_similarity,0.2001287043094635,48
sign_test_cel0.4,chunk_3,46,wt_mean,0.001514430361567,48
sign_test_cel0.4,chunk_3,47,GR,26.76429754992326,48
sign_test_cel0.4,chunk_3,47,IPC,10.543344182272753,48
sign_test_cel0.4,chunk_3,47,KR,13.435430650909742,48
sign_test_cel0.4,chunk_3,47,MC,7.863798553744952,48
sign_test_cel0.4,chunk_3,47,cosine_similarity,0.2001286968588829,48
sign_test_cel0.4,chunk_3,47,wt_mean,0.0013889673282392,48
sign_test_cel0.4,chunk_3,48,GR,21.486464723944664,48
sign_test_cel0.4,chunk_3,48,IPC,9.763316113501787,48
sign_test_cel0.4,chunk_3,48,KR,10.841908971468607,48
sign_test_cel0.4,chunk_3,48,MC,7.126048559943835,48
sign_test_cel0.4,chunk_3,48,cosine_similarity,0.20012869313359258,48
sign_test_cel0.4,chunk_3,48,wt_mean,0.0012771979236275998,48
sign_test_cel0.4,chunk_3,49,GR,27.934591680765152,48
sign_test_cel0.4,chunk_3,49,IPC,9.375954423099756,48
sign_test_cel0.4,chunk_3,49,KR,14.839183896780014,48
sign_test_cel0.4,chunk_3,49,MC,6.851573837300141,48
sign_test_cel0.4,chunk_3,49,cosine_similarity,0.2001286745071411,48
sign_test_cel0.4,chunk_3,49,wt_mean,0.001425285852746975,48
sign_test_cel0.4,chunk_3,50,GR,25.292029549678166,48
sign_test_cel0.4,chunk_3,50,IPC,10.154777365426222,48
sign_test_cel0.4,chunk_3,50,KR,13.580021858215332,48
sign_test_cel0.4,chunk_3,50,MC,7.64322334031264,48
sign_test_cel0.4,chunk_3,50,cosine_similarity,0.20012872666120526,48
sign_test_cel0.4,chunk_3,50,wt_mean,0.00142909510759635,48
sign_test_cel0.4,chunk_3,51,GR,29.550129547715187,48
sign_test_cel0.4,chunk_3,51,IPC,9.223747853189707,48
sign_test_cel0.4,chunk_3,51,KR,15.5597213357687,48
sign_test_cel0.4,chunk_3,51,MC,7.722625431915124,48
sign_test_cel0.4,chunk_3,51,cosine_similarity,0.20012876391410825,48
sign_test_cel0.4,chunk_3,51,wt_mean,0.001450466545065825,48
sign_test_cel0.4,chunk_4,52,GR,20.595878019928932,48
sign_test_cel0.4,chunk_4,52,IPC,10.59042056898276,48
sign_test_cel0.4,chunk_4,52,KR,10.87936401863893,48
sign_test_cel0.4,chunk_4,52,MC,7.766540095210075,48
sign_test_cel0.4,chunk_4,52,cosine_similarity,0.20012871548533437,48
sign_test_cel0.4,chunk_4,52,wt_mean,0.00129989592824125,48
sign_test_cel0.4,chunk_4,53,GR,27.64647452533245,48
sign_test_cel0.4,chunk_4,53,IPC,8.78509313489,48
sign_test_cel0.4,chunk_4,53,KR,14.02613016963005,48
sign_test_cel0.4,chunk_4,53,MC,6.692075436313947,48
sign_test_cel0.4,chunk_4,53,cosine_similarity,0.2001287117600441,48
sign_test_cel0.4,chunk_4,53,wt_mean,0.001412658253684625,48
sign_test_cel0.4,chunk_4,54,GR,16.662212853630383,48
sign_test_cel0.4,chunk_4,54,IPC,9.568139662345251,48
sign_test_cel0.4,chunk_4,54,KR,8.460258707404137,48
sign_test_cel0.4,chunk_4,54,MC,6.92292778690656,48
sign_test_cel0.4,chunk_4,54,cosine_similarity,0.20012871548533437,48
sign_test_cel0.4,chunk_4,54,wt_mean,0.00116941965825385,48
sign_test_cel0.4,chunk_4,55,GR,24.60932291050752,48
sign_test_cel0.4,chunk_4,55,IPC,9.287683859467506,48
sign_test_cel0.4,chunk_4,55,KR,12.313156535228094,48
sign_test_cel0.4,chunk_4,55,MC,7.113180513183276,48
sign_test_cel0.4,chunk_4,55,cosine_similarity,0.20012877881526944,48
sign_test_cel0.4,chunk_4,55,wt_mean,0.0013447175588225501,48
sign_test_cel0.4,chunk_4,56,GR,24.36460955440998,48
sign_test_cel0.4,chunk_4,56,IPC,8.795043470958868,48
sign_test_cel0.4,chunk_4,56,KR,12.046174744764963,48
sign_test_cel0.4,chunk_4,56,MC,7.419726227720578,48
sign_test_cel0.4,chunk_4,56,cosine_similarity,0.20012868940830228,48
sign_test_cel0.4,chunk_4,56,wt_mean,0.001406144961947525,48
sign_test_cel0.4,chunk_4,57,GR,39.55229691167673,48
sign_test_cel0.4,chunk_4,57,IPC,8.993463514993588,48
sign_test_cel0.4,chunk_4,57,KR,20.46108888586362,48
sign_test_cel0.4,chunk_4,57,MC,6.947861631711324,48
sign_test_cel0.4,chunk_4,57,cosine_similarity,0.20012868940830228,48
sign_test_cel0.4,chunk_4,57,wt_mean,0.001565507205668775,48
sign_test_cel0.4,chunk_4,58,GR,24.573430101076763,48
sign_test_cel0.4,chunk_4,58,IPC,9.660328835248947,48
sign_test_cel0.4,chunk_4,58,KR,12.46304640173912,48
sign_test_cel0.4,chunk_4,58,MC,7.099808474381764,48
sign_test_cel0.4,chunk_4,58,cosine_similarity,0.20012871176004407,48
sign_test_cel0.4,chunk_4,58,wt_mean,0.0013862797059118251,48
sign_test_cel0.4,chunk_4,59,GR,32.04127433896065,48
sign_test_cel0.4,chunk_4,59,IPC,9.629114586859941,48
sign_test_cel0.4,chunk_4,59,KR,15.924927850564321,48
sign_test_cel0.4,chunk_4,59,MC,7.467296689748764,48
sign_test_cel0.4,chunk_4,59,cosine_similarity,0.20012869313359258,48
sign_test_cel0.4,chunk_4,59,wt_mean,0.001425359980203175,48
sign_test_cel0.4,chunk_4,60,GR,33.946941082676254,48
sign_test_cel0.4,chunk_4,60,IPC,9.177250914275646,48
sign_test_cel0.4,chunk_4,60,KR,18.12321749329567,48
sign_test_cel0.4,chunk_4,60,MC,7.429308225711186,48
sign_test_cel0.4,chunk_4,60,cosine_similarity,0.2001286968588829,48
sign_test_cel0.4,chunk_4,60,wt_mean,0.00151731289224695,48
sign_test_cel0.4,chunk_4,61,GR,33.633800849318504,48
sign_test_cel0.4,chunk_4,61,IPC,9.086641802142063,48
sign_test_cel0.4,chunk_4,61,KR,17.003031685948372,48
sign_test_cel0.4,chunk_4,61,MC,7.019837285081546,48
sign_test_cel0.4,chunk_4,61,cosine_similarity,0.2001286931335926,48
sign_test_cel0.4,chunk_4,61,wt_mean,0.0014900882088113249,48
sign_test_cel0.4,chunk_4,62,GR,21.213404575983684,48
sign_test_cel0.4,chunk_4,62,IPC,9.512418045351902,48
sign_test_cel0.4,chunk_4,62,KR,10.817671010891596,48
sign_test_cel0.4,chunk_4,62,MC,7.036037216583888,48
sign_test_cel0.4,chunk_4,62,cosine_similarity,0.2001287341117859,48
sign_test_cel0.4,chunk_4,62,wt_mean,0.0012710855226032,48
sign_test_cel0.4,chunk_4,63,GR,31.856643736362457,48
sign_test_cel0.4,chunk_4,63,IPC,10.024522577722868,48
sign_test_cel0.4,chunk_4,63,KR,16.366405551632244,48
sign_test_cel0.4,chunk_4,63,MC,7.3639548271894455,48
sign_test_cel0.4,chunk_4,63,cosine_similarity,0.2001287043094635,48
sign_test_cel0.4,chunk_4,63,wt_mean,0.001478770136600325,48
sign_test_cel0.4,chunk_4,64,GR,27.2492489417394,48
sign_test_cel0.4,chunk_4,64,IPC,10.1750496601065,48
sign_test_cel0.4,chunk_4,64,KR,14.305550023913383,48
sign_test_cel0.4,chunk_4,64,MC,7.655610546469688,48
sign_test_cel0.4,chunk_4,64,cosine_similarity,0.20012871921062467,48
sign_test_cel0.4,chunk_4,64,wt_mean,0.0014295421133282999,48
sign_test_cel0.4,chunk_5,65,GR,25.84140694141388,48
sign_test_cel0.4,chunk_5,65,IPC,9.903062195827564,48
sign_test_cel0.4,chunk_5,65,KR,12.89643436173598,48
sign_test_cel0.4,chunk_5,65,MC,7.591711794336637,48
sign_test_cel0.4,chunk_5,65,cosine_similarity,0.20012870803475377,48
sign_test_cel0.4,chunk_5,65,wt_mean,0.001311977364821325,48
sign_test_cel0.4,chunk_5,66,GR,29.692292074362438,48
sign_test_cel0.4,chunk_5,66,IPC,9.690253345916668,48
sign_test_cel0.4,chunk_5,66,KR,15.593152423699697,48
sign_test_cel0.4,chunk_5,66,MC,7.45860077937444,48
sign_test_cel0.4,chunk_5,66,cosine_similarity,0.20012873411178586,48
sign_test_cel0.4,chunk_5,66,wt_mean,0.0014873174368403251,48
sign_test_cel0.4,chunk_5,67,GR,27.988805204629898,48
sign_test_cel0.4,chunk_5,67,IPC,9.989583426465591,48
sign_test_cel0.4,chunk_5,67,KR,14.70944402118524,48
sign_test_cel0.4,chunk_5,67,MC,7.675734688838323,48
sign_test_cel0.4,chunk_5,67,cosine_similarity,0.20012870058417317,48
sign_test_cel0.4,chunk_5,67,wt_mean,0.0014175585529301001,48
sign_test_cel0.4,chunk_5,68,GR,22.117683053016663,48
sign_test_cel0.4,chunk_5,68,IPC,9.766666326671839,48
sign_test_cel0.4,chunk_5,68,KR,11.069694176316261,48
sign_test_cel0.4,chunk_5,68,MC,7.502677867809932,48
sign_test_cel0.4,chunk_5,68,cosine_similarity,0.20012876018881795,48
sign_test_cel0.4,chunk_5,68,wt_mean,0.001336407207418175,48
sign_test_cel0.4,chunk_5,69,GR,29.384730110565823,48
sign_test_cel0.4,chunk_5,69,IPC,9.43541936824719,48
sign_test_cel0.4,chunk_5,69,KR,15.08365811407566,48
sign_test_cel0.4,chunk_5,69,MC,7.468496759732564,48
sign_test_cel0.4,chunk_5,69,cosine_similarity,0.20012868940830222,48
sign_test_cel0.4,chunk_5,69,wt_mean,0.001477777695981725,48
sign_test_cel0.4,chunk_5,70,GR,26.76146777967612,48
sign_test_cel0.4,chunk_5,70,IPC,9.58808384463191,48
sign_test_cel0.4,chunk_5,70,KR,13.950722421209017,48
sign_test_cel0.4,chunk_5,70,MC,7.019143626093864,48
sign_test_cel0.4,chunk_5,70,cosine_similarity,0.20012873411178586,48
sign_test_cel0.4,chunk_5,70,wt_mean,0.001361360918963275,48
sign_test_cel0.4,chunk_5,71,GR,28.017993554472923,48
sign_test_cel0.4,chunk_5,71,IPC,10.094942214588324,48
sign_test_cel0.4,chunk_5,71,KR,13.982040996352831,48
sign_test_cel0.4,chunk_5,71,MC,7.721700529257457,48
sign_test_cel0.4,chunk_5,71,cosine_similarity,0.2001287005841732,48
sign_test_cel0.4,chunk_5,71,wt_mean,0.0014049018791411,48
sign_test_cel0.4,chunk_5,72,GR,21.630143945415814,48
sign_test_cel0.4,chunk_5,72,IPC,9.328877115001282,48
sign_test_cel0.4,chunk_5,72,KR,11.150676091512045,48
sign_test_cel0.4,chunk_5,72,MC,7.045736230909824,48
sign_test_cel0.4,chunk_5,72,cosine_similarity,0.2001287117600441,48
sign_test_cel0.4,chunk_5,72,wt_mean,0.001293415058171325,48
sign_test_cel0.4,chunk_5,73,GR,22.30911107858022,48
sign_test_cel0.4,chunk_5,73,IPC,9.190928517530361,48
sign_test_cel0.4,chunk_5,73,KR,11.054222524166107,48
sign_test_cel0.4,chunk_5,73,MC,6.945419974625111,48
sign_test_cel0.4,chunk_5,73,cosine_similarity,0.20012871176004407,48
sign_test_cel0.4,chunk_5,73,wt_mean,0.001284886035136825,48
sign_test_cel0.4,chunk_5,74,GR,37.549889554580055,48
sign_test_cel0.4,chunk_5,74,IPC,9.721649583429098,48
sign_test_cel0.4,chunk_5,74,KR,19.6872401535511,48
sign_test_cel0.4,chunk_5,74,MC,7.847658733526866,48
sign_test_cel0.4,chunk_5,74,cosine_similarity,0.2001287378370762,48
sign_test_cel0.4,chunk_5,74,wt_mean,0.001556555973365875,48
sign_test_cel0.4,chunk_5,75,GR,18.978265921274822,48
sign_test_cel0.4,chunk_5,75,IPC,9.458373087147871,48
sign_test_cel0.4,chunk_5,75,KR,9.575281808773676,48
sign_test_cel0.4,chunk_5,75,MC,6.940780033667882,48
sign_test_cel0.4,chunk_5,75,cosine_similarity,0.20012876391410825,48
sign_test_cel0.4,chunk_5,75,wt_mean,0.0012413481890689,48
sign_test_cel0.4,chunk_5,76,GR,17.110156963268917,48
sign_test_cel0.4,chunk_5,76,IPC,9.31271756067872,48
sign_test_cel0.4,chunk_5,76,KR,8.450126419464747,48
sign_test_cel0.4,chunk_5,76,MC,6.973066461582978,48
sign_test_cel0.4,chunk_5,76,cosine_similarity,0.2001286931335926,48
sign_test_cel0.4,chunk_5,76,wt_mean,0.0011941212287637749,48
sign_test_cel0.4,chunk_5,77,GR,26.73779408633709,48
sign_test_cel0.4,chunk_5,77,IPC,10.488528604308764,48
sign_test_cel0.4,chunk_5,77,KR,13.507308522860209,48
sign_test_cel0.4,chunk_5,77,MC,8.176164120435715,48
sign_test_cel0.4,chunk_5,77,cosine_similarity,0.2001286521553993,48
sign_test_cel0.4,chunk_5,77,wt_mean,0.001387878583045625,48
sign_test_cel0.4,chunk_6,78,GR,26.12524514893691,48
sign_test_cel0.4,chunk_6,78,IPC,8.646767877042294,48
sign_test_cel0.4,chunk_6,78,KR,13.360942050814629,48
sign_test_cel0.4,chunk_6,78,MC,7.380461265643437,48
sign_test_cel0.4,chunk_6,78,cosine_similarity,0.20012873783707616,48
sign_test_cel0.4,chunk_6,78,wt_mean,0.0013826663489452749,48
sign_test_cel0.4,chunk_6,79,GR,29.82676703731219,48
sign_test_cel0.4,chunk_6,79,IPC,9.451525765160719,48
sign_test_cel0.4,chunk_6,79,KR,15.431598151723543,48
sign_test_cel0.4,chunk_6,79,MC,7.70560555656751,48
sign_test_cel0.4,chunk_6,79,cosine_similarity,0.20012868195772168,48
sign_test_cel0.4,chunk_6,79,wt_mean,0.001419501291820725,48
sign_test_cel0.4,chunk_6,80,GR,28.838352769613266,48
sign_test_cel0.4,chunk_6,80,IPC,10.348590303212404,48
sign_test_cel0.4,chunk_6,80,KR,14.126396531860033,48
sign_test_cel0.4,chunk_6,80,MC,7.555338184038798,48
sign_test_cel0.4,chunk_6,80,cosine_similarity,0.20012873038649556,48
sign_test_cel0.4,chunk_6,80,wt_mean,0.001434348174370775,48
sign_test_cel0.4,chunk_6,81,GR,32.67970431347688,48
sign_test_cel0.4,chunk_6,81,IPC,9.6399298508962,48
sign_test_cel0.4,chunk_6,81,KR,16.585465535521507,48
sign_test_cel0.4,chunk_6,81,MC,7.842641378442447,48
sign_test_cel0.4,chunk_6,81,cosine_similarity,0.20012874901294708,48
sign_test_cel0.4,chunk_6,81,wt_mean,0.0014749636466148749,48
sign_test_cel0.4,chunk_6,82,GR,21.584216356277466,48
sign_test_cel0.4,chunk_6,82,IPC,9.999476005633673,48
sign_test_cel0.4,chunk_6,82,KR,10.6521557867527,48
sign_test_cel0.4,chunk_6,82,MC,7.552247638503711,48
sign_test_cel0.4,chunk_6,82,cosine_similarity,0.20012868940830228,48
sign_test_cel0.4,chunk_6,82,wt_mean,0.001304520061239575,48
sign_test_cel0.4,chunk_6,83,GR,19.341881756981213,48
sign_test_cel0.4,chunk_6,83,IPC,9.492515013863644,48
sign_test_cel0.4,chunk_6,83,KR,9.631939003864924,48
sign_test_cel0.4,chunk_6,83,MC,6.68569028377533,48
sign_test_cel0.4,chunk_6,83,cosine_similarity,0.20012873783707616,48
sign_test_cel0.4,chunk_6,83,wt_mean,0.0012560664181364251,48
sign_test_cel0.4,chunk_6,84,GR,14.262088964382807,48
sign_test_cel0.4,chunk_6,84,IPC,9.36886497711142,48
sign_test_cel0.4,chunk_6,84,KR,7.328919182221095,48
sign_test_cel0.4,chunk_6,84,MC,6.593540857235591,48
sign_test_cel0.4,chunk_6,84,cosine_similarity,0.20012873038649556,48
sign_test_cel0.4,chunk_6,84,wt_mean,0.001101349756936475,48
sign_test_cel0.4,chunk_6,85,GR,29.047279159228008,48
sign_test_cel0.4,chunk_6,85,IPC,10.202743670592705,48
sign_test_cel0.4,chunk_6,85,KR,15.340321024258932,48
sign_test_cel0.4,chunk_6,85,MC,7.645168513059616,48
sign_test_cel0.4,chunk_6,85,cosine_similarity,0.20012872666120526,48
sign_test_cel0.4,chunk_6,85,wt_mean,0.00146007188595825,48
sign_test_cel0.4,chunk_6,86,GR,19.85379769404729,48
sign_test_cel0.4,chunk_6,86,IPC,9.865143454323212,48
sign_test_cel0.4,chunk_6,86,KR,10.415162538488707,48
sign_test_cel0.4,chunk_6,86,MC,7.415649617711703,48
sign_test_cel0.4,chunk_6,86,cosine_similarity,0.20012872293591497,48
sign_test_cel0.4,chunk_6,86,wt_mean,0.001235885501955575,48
sign_test_cel0.4,chunk_6,87,GR,20.200092588861782,48
sign_test_cel0.4,chunk_6,87,IPC,9.61485293135047,48
sign_test_cel0.4,chunk_6,87,KR,10.260839993755022,48
sign_test_cel0.4,chunk_6,87,MC,7.462814768155416,48
sign_test_cel0.4,chunk_6,87,cosine_similarity,0.20012870803475377,48
sign_test_cel0.4,chunk_6,87,wt_mean,0.001272486901143525,48
sign_test_cel0.4,chunk_6,88,GR,27.233815789222717,48
sign_test_cel0.4,chunk_6,88,IPC,8.9247070774436,48
sign_test_cel0.4,chunk_6,88,KR,13.951330055793127,48
sign_test_cel0.4,chunk_6,88,MC,7.661647781729698,48
sign_test_cel0.4,chunk_6,88,cosine_similarity,0.2001287043094635,48
sign_test_cel0.4,chunk_6,88,wt_mean,0.001392427802784325,48
sign_test_cel0.4,chunk_6,89,GR,23.426488801836967,48
sign_test_cel0.4,chunk_6,89,IPC,9.771571875860294,48
sign_test_cel0.4,chunk_6,89,KR,12.09217626353105,48
sign_test_cel0.4,chunk_6,89,MC,7.898683925469716,48
sign_test_cel0.4,chunk_6,89,cosine_similarity,0.20012873783707616,48
sign_test_cel0.4,chunk_6,89,wt_mean,0.0013090633292448999,48
sign_test_cel0.4,chunk_6,90,GR,38.16863100230694,48
sign_test_cel0.4,chunk_6,90,IPC,9.539701006064812,48
sign_test_cel0.4,chunk_6,90,KR,20.501434753338497,48
sign_test_cel0.4,chunk_6,90,MC,7.590386405587196,48
sign_test_cel0.4,chunk_6,90,cosine_similarity,0.20012868940830228,48
sign_test_cel0.4,chunk_6,90,wt_mean,0.0015845143061596501,48
sign_test_cel0.4,chunk_7,100,GR,24.178600678841274,48
sign_test_cel0.4,chunk_7,100,IPC,10.406890989591679,48
sign_test_cel0.4,chunk_7,100,KR,12.586326017975807,48
sign_test_cel0.4,chunk_7,100,MC,7.7913330147663755,48
sign_test_cel0.4,chunk_7,100,cosine_similarity,0.20012867823243138,48
sign_test_cel0.4,chunk_7,100,wt_mean,0.0013115718174958,48
sign_test_cel0.4,chunk_7,101,GR,24.331338316202164,48
sign_test_cel0.4,chunk_7,101,IPC,9.053803981592258,48
sign_test_cel0.4,chunk_7,101,KR,12.301395972569784,48
sign_test_cel0.4,chunk_7,101,MC,7.090197913348675,48
sign_test_cel0.4,chunk_7,101,cosine_similarity,0.20012868568301198,48
sign_test_cel0.4,chunk_7,101,wt_mean,0.001305287645664,48
sign_test_cel0.4,chunk_7,102,GR,29.022005548079807,48
sign_test_cel0.4,chunk_7,102,IPC,10.132336754351854,48
sign_test_cel0.4,chunk_7,102,KR,14.280856743454933,48
sign_test_cel0.4,chunk_7,102,MC,7.926180675625801,48
sign_test_cel0.4,chunk_7,102,cosine_similarity,0.20012869685888288,48
sign_test_cel0.4,chunk_7,102,wt_mean,0.00147886603372165,48
sign_test_cel0.4,chunk_7,103,GR,28.9482455799977,48
sign_test_cel0.4,chunk_7,103,IPC,9.622325422863165,48
sign_test_cel0.4,chunk_7,103,KR,14.77016002436479,48
sign_test_cel0.4,chunk_7,103,MC,7.378152231375377,48
sign_test_cel0.4,chunk_7,103,cosine_similarity,0.2001287080347538,48
sign_test_cel0.4,chunk_7,103,wt_mean,0.0014201565645634501,48
sign_test_cel0.4,chunk_7,91,GR,25.496882284681003,48
sign_test_cel0.4,chunk_7,91,IPC,10.295329850167036,48
sign_test_cel0.4,chunk_7,91,KR,13.013644461830458,48
sign_test_cel0.4,chunk_7,91,MC,7.928047185142835,48
sign_test_cel0.4,chunk_7,91,cosine_similarity,0.20012874528765676,48
sign_test_cel0.4,chunk_7,91,wt_mean,0.0014004073454998,48
sign_test_cel0.4,chunk_7,92,GR,24.443794136246044,48
sign_test_cel0.4,chunk_7,92,IPC,9.622420767943064,48
sign_test_cel0.4,chunk_7,92,KR,12.585375487804413,48
sign_test_cel0.4,chunk_7,92,MC,7.085003430644671,48
sign_test_cel0.4,chunk_7,92,cosine_similarity,0.20012874901294705,48
sign_test_cel0.4,chunk_7,92,wt_mean,0.0013295739336171748,48
sign_test_cel0.4,chunk_7,93,GR,27.423235813776653,48
sign_test_cel0.4,chunk_7,93,IPC,10.235921217749516,48
sign_test_cel0.4,chunk_7,93,KR,14.073717226584753,48
sign_test_cel0.4,chunk_7,93,MC,7.507579083244006,48
sign_test_cel0.4,chunk_7,93,cosine_similarity,0.20012871921062467,48
sign_test_cel0.4,chunk_7,93,wt_mean,0.00144533815910105,48
sign_test_cel0.4,chunk_7,94,GR,22.36725028852622,48
sign_test_cel0.4,chunk_7,94,IPC,9.740311525762081,48
sign_test_cel0.4,chunk_7,94,KR,11.338819493850073,48
sign_test_cel0.4,chunk_7,94,MC,7.372877736886342,48
sign_test_cel0.4,chunk_7,94,cosine_similarity,0.20012867823243138,48
sign_test_cel0.4,chunk_7,94,wt_mean,0.0013066183746559,48
sign_test_cel0.4,chunk_7,95,GR,28.597115601102512,48
sign_test_cel0.4,chunk_7,95,IPC,9.318287678062916,48
sign_test_cel0.4,chunk_7,95,KR,14.609997491041819,48
sign_test_cel0.4,chunk_7,95,MC,7.313125034173329,48
sign_test_cel0.4,chunk_7,95,cosine_similarity,0.20012868940830228,48
sign_test_cel0.4,chunk_7,95,wt_mean,0.001429413445293875,48
sign_test_cel0.4,chunk_7,96,GR,20.46949278811614,48
sign_test_cel0.4,chunk_7,96,IPC,9.03203022107482,48
sign_test_cel0.4,chunk_7,96,KR,10.333611925443014,48
sign_test_cel0.4,chunk_7,96,MC,7.089261541763942,48
sign_test_cel0.4,chunk_7,96,cosine_similarity,0.20012874901294708,48
sign_test_cel0.4,chunk_7,96,wt_mean,0.00127902757958505,48
sign_test_cel0.4,chunk_7,97,GR,28.5038264443477,48
sign_test_cel0.4,chunk_7,97,IPC,9.83627567688624,48
sign_test_cel0.4,chunk_7,97,KR,14.790771514177322,48
sign_test_cel0.4,chunk_7,97,MC,7.687904934088389,48
sign_test_cel0.4,chunk_7,97,cosine_similarity,0.200128685683012,48
sign_test_cel0.4,chunk_7,97,wt_mean,0.0014893969055264748,48
sign_test_cel0.4,chunk_7,98,GR,30.209735065698624,48
sign_test_cel0.4,chunk_7,98,IPC,9.37002764766415,48
sign_test_cel0.4,chunk_7,98,KR,15.472265993555387,48
sign_test_cel0.4,chunk_7,98,MC,7.689511443177859,48
sign_test_cel0.4,chunk_7,98,cosine_similarity,0.2001287043094635,48
sign_test_cel0.4,chunk_7,98,wt_mean,0.001437695726053725,48
sign_test_cel0.4,chunk_7,99,GR,23.997374052802723,48
sign_test_cel0.4,chunk_7,99,IPC,8.752394180744886,48
sign_test_cel0.4,chunk_7,99,KR,12.558095529675484,48
sign_test_cel0.4,chunk_7,99,MC,7.183912619948387,48
sign_test_cel0.4,chunk_7,99,cosine_similarity,0.2001287080347538,48
sign_test_cel0.4,chunk_7,99,wt_mean,0.00132967952231405,48
sign_test_cel0.4,chunk_8,104,GR,32.808302442232765,48
sign_test_cel0.4,chunk_8,104,IPC,8.40568678205212,48
sign_test_cel0.4,chunk_8,104,KR,16.851987193028133,48
sign_test_cel0.4,chunk_8,104,MC,6.869560793042183,48
sign_test_cel0.4,chunk_8,104,cosine_similarity,0.20012868940830228,48
sign_test_cel0.4,chunk_8,104,wt_mean,0.0015123946650419,48
sign_test_cel0.4,chunk_8,105,GR,21.99407596886158,48
sign_test_cel0.4,chunk_8,105,IPC,10.020030320932468,48
sign_test_cel0.4,chunk_8,105,KR,11.396545027693113,48
sign_test_cel0.4,chunk_8,105,MC,7.6086780081192655,48
sign_test_cel0.4,chunk_8,105,cosine_similarity,0.20012874901294705,48
sign_test_cel0.4,chunk_8,105,wt_mean,0.0013054063601884499,48
sign_test_cel0.4,chunk_8,106,GR,33.02970657249292,48
sign_test_cel0.4,chunk_8,106,IPC,10.153821213791767,48
sign_test_cel0.4,chunk_8,106,KR,16.956735601027805,48
sign_test_cel0.4,chunk_8,106,MC,7.802354618906975,48
sign_test_cel0.4,chunk_8,106,cosine_similarity,0.2001287266612053,48
sign_test_cel0.4,chunk_8,106,wt_mean,0.0015345851425081249,48
sign_test_cel0.4,chunk_8,107,GR,27.5213566472133,48
sign_test_cel0.4,chunk_8,107,IPC,8.915693483004967,48
sign_test_cel0.4,chunk_8,107,KR,13.408408169945082,48
sign_test_cel0.4,chunk_8,107,MC,6.738702515761058,48
sign_test_cel0.4,chunk_8,107,cosine_similarity,0.2001287378370762,48
sign_test_cel0.4,chunk_8,107,wt_mean,0.001368352182907925,48
sign_test_cel0.4,chunk_8,108,GR,23.727980678280193,48
sign_test_cel0.4,chunk_8,108,IPC,10.61296932771802,48
sign_test_cel0.4,chunk_8,108,KR,11.845727309584618,48
sign_test_cel0.4,chunk_8,108,MC,7.786511041224003,48
sign_test_cel0.4,chunk_8,108,cosine_similarity,0.20012875646352765,48
sign_test_cel0.4,chunk_8,108,wt_mean,0.001380708563374275,48
sign_test_cel0.4,chunk_8,109,GR,24.992318391799927,48
sign_test_cel0.4,chunk_8,109,IPC,9.16941641519467,48
sign_test_cel0.4,chunk_8,109,KR,12.367152680953344,48
sign_test_cel0.4,chunk_8,109,MC,6.931552146871884,48
sign_test_cel0.4,chunk_8,109,cosine_similarity,0.20012877508997914,48
sign_test_cel0.4,chunk_8,109,wt_mean,0.0013095230387988501,48
sign_test_cel0.4,chunk_8,110,GR,32.181281581521034,48
sign_test_cel0.4,chunk_8,110,IPC,9.921412751078606,48
sign_test_cel0.4,chunk_8,110,KR,16.71778480708599,48
sign_test_cel0.4,chunk_8,110,MC,7.81167717774709,48
sign_test_cel0.4,chunk_8,110,cosine_similarity,0.2001287341117859,48
sign_test_cel0.4,chunk_8,110,wt_mean,0.0015094926056917,48
sign_test_cel0.4,chunk_8,111,GR,26.11758949359258,48
sign_test_cel0.4,chunk_8,111,IPC,9.630966911713282,48
sign_test_cel0.4,chunk_8,111,KR,13.246938422322273,48
sign_test_cel0.4,chunk_8,111,MC,7.725401063760121,48
sign_test_cel0.4,chunk_8,111,cosine_similarity,0.2001287266612053,48
sign_test_cel0.4,chunk_8,111,wt_mean,0.0014405488618648998,48
sign_test_cel0.4,chunk_8,112,GR,27.256024440129597,48
sign_test_cel0.4,chunk_8,112,IPC,9.482656558354696,48
sign_test_cel0.4,chunk_8,112,KR,14.789721871415773,48
sign_test_cel0.4,chunk_8,112,MC,7.552056267857552,48
sign_test_cel0.4,chunk_8,112,cosine_similarity,0.20012873411178586,48
sign_test_cel0.4,chunk_8,112,wt_mean,0.0013815137499477252,48
sign_test_cel0.4,chunk_8,113,GR,21.040566911300022,48
sign_test_cel0.4,chunk_8,113,IPC,9.554985294739405,48
sign_test_cel0.4,chunk_8,113,KR,10.838792353868484,48
sign_test_cel0.4,chunk_8,113,MC,7.3621686945358915,48
sign_test_cel0.4,chunk_8,113,cosine_similarity,0.20012870430946347,48
sign_test_cel0.4,chunk_8,113,wt_mean,0.001255631970707275,48
sign_test_cel0.4,chunk_8,114,GR,24.72248647113641,48
sign_test_cel0.4,chunk_8,114,IPC,9.694599360227585,48
sign_test_cel0.4,chunk_8,114,KR,12.117923602461815,48
sign_test_cel0.4,chunk_8,114,MC,7.319153606891632,48
sign_test_cel0.4,chunk_8,114,cosine_similarity,0.20012873038649556,48
sign_test_cel0.4,chunk_8,114,wt_mean,0.0013834645214956,48
sign_test_cel0.4,chunk_8,115,GR,27.453434576590855,48
sign_test_cel0.4,chunk_8,115,IPC,9.839259232083956,48
sign_test_cel0.4,chunk_8,115,KR,13.84147339562575,48
sign_test_cel0.4,chunk_8,115,MC,7.726249347130458,48
sign_test_cel0.4,chunk_8,115,cosine_similarity,0.200128685683012,48
sign_test_cel0.4,chunk_8,115,wt_mean,0.00144293729681515,48
sign_test_cel0.4,chunk_8,116,GR,27.043935015797615,48
sign_test_cel0.4,chunk_8,116,IPC,9.746598850935698,48
sign_test_cel0.4,chunk_8,116,KR,13.677788009246191,48
sign_test_cel0.4,chunk_8,116,MC,7.525477608044942,48
sign_test_cel0.4,chunk_8,116,cosine_similarity,0.20012873038649556,48
sign_test_cel0.4,chunk_8,116,wt_mean,0.001399024971760775,48
sign_test_cel0.4,chunk_9,117,GR,22.923337504267693,48
sign_test_cel0.4,chunk_9,117,IPC,9.486183067162832,48
sign_test_cel0.4,chunk_9,117,KR,11.891098702947298,48
sign_test_cel0.4,chunk_9,117,MC,7.106332475940387,48
sign_test_cel0.4,chunk_9,117,cosine_similarity,0.20012870430946347,48
sign_test_cel0.4,chunk_9,117,wt_mean,0.0012758401135214749,48
sign_test_cel0.4,chunk_9,118,GR,32.57335178554058,48
sign_test_cel0.4,chunk_9,118,IPC,8.58808266123136,48
sign_test_cel0.4,chunk_9,118,KR,15.9984650015831,48
sign_test_cel0.4,chunk_9,118,MC,6.793370738625526,48
sign_test_cel0.4,chunk_9,118,cosine_similarity,0.2001287192106247,48
sign_test_cel0.4,chunk_9,118,wt_mean,0.001459964347304725,48
sign_test_cel0.4,chunk_9,119,GR,28.662735988696415,48
sign_test_cel0.4,chunk_9,119,IPC,9.344549299528202,48
sign_test_cel0.4,chunk_9,119,KR,14.89028658469518,48
sign_test_cel0.4,chunk_9,119,MC,7.13086133946975,48
sign_test_cel0.4,chunk_9,119,cosine_similarity,0.20012875646352765,48
sign_test_cel0.4,chunk_9,119,wt_mean,0.001454184995964125,48
sign_test_cel0.4,chunk_9,120,GR,23.117584496736526,48
sign_test_cel0.4,chunk_9,120,IPC,10.384970370680094,48
sign_test_cel0.4,chunk_9,120,KR,12.459980621933937,48
sign_test_cel0.4,chunk_9,120,MC,7.983407080173492,48
sign_test_cel0.4,chunk_9,120,cosine_similarity,0.20012873411178586,48
sign_test_cel0.4,chunk_9,120,wt_mean,0.0014120159321464,48
sign_test_cel0.4,chunk_9,121,GR,25.321970130006473,48
sign_test_cel0.4,chunk_9,121,IPC,10.878804236650467,48
sign_test_cel0.4,chunk_9,121,KR,13.104643682638804,48
sign_test_cel0.4,chunk_9,121,MC,8.192978948354721,48
sign_test_cel0.4,chunk_9,121,cosine_similarity,0.20012871176004407,48
sign_test_cel0.4,chunk_9,121,wt_mean,0.00136468411074015,48
sign_test_cel0.4,chunk_9,122,GR,23.60140199462573,48
sign_test_cel0.4,chunk_9,122,IPC,10.2603357086579,48
sign_test_cel0.4,chunk_9,122,KR,11.621169020732244,48
sign_test_cel0.4,chunk_9,122,MC,7.35919373234113,48
sign_test_cel0.4,chunk_9,122,cosine_similarity,0.20012874156236649,48
sign_test_cel0.4,chunk_9,122,wt_mean,0.0013215256185503,48
sign_test_cel0.4,chunk_9,123,GR,26.321659356355667,48
sign_test_cel0.4,chunk_9,123,IPC,8.612736591448387,48
sign_test_cel0.4,chunk_9,123,KR,13.156401231884956,48
sign_test_cel0.4,chunk_9,123,MC,7.125244292120139,48
sign_test_cel0.4,chunk_9,123,cosine_similarity,0.20012871921062467,48
sign_test_cel0.4,chunk_9,123,wt_mean,0.001338070345809625,48
sign_test_cel0.4,chunk_9,124,GR,24.710924143592518,48
sign_test_cel0.4,chunk_9,124,IPC,9.25414302945137,48
sign_test_cel0.4,chunk_9,124,KR,12.855604266126951,48
sign_test_cel0.4,chunk_9,124,MC,7.430624256531398,48
sign_test_cel0.4,chunk_9,124,cosine_similarity,0.20012868568301198,48
sign_test_cel0.4,chunk_9,124,wt_mean,0.001373215345665775,48
sign_test_cel0.4,chunk_9,125,GR,23.349215611815453,48
sign_test_cel0.4,chunk_9,125,IPC,10.008212305605412,48
sign_test_cel0.4,chunk_9,125,KR,11.775516778230667,48
sign_test_cel0.4,chunk_9,125,MC,7.651157965262731,48
sign_test_cel0.4,chunk_9,125,cosine_similarity,0.200128685683012,48
sign_test_cel0.4,chunk_9,125,wt_mean,0.001299393625231375,48
sign_test_cel0.4,chunk_9,126,GR,33.43325114746889,48
sign_test_cel0.4,chunk_9,126,IPC,9.247384222845236,48
sign_test_cel0.4,chunk_9,126,KR,16.817715257406235,48
sign_test_cel0.4,chunk_9,126,MC,7.217371702194214,48
sign_test_cel0.4,chunk_9,126,cosine_similarity,0.2001286707818508,48
sign_test_cel0.4,chunk_9,126,wt_mean,0.00150451957597395,48
sign_test_cel0.4,chunk_9,127,GR,29.164826323588688,48
sign_test_cel0.4,chunk_9,127,IPC,9.195902494092783,48
sign_test_cel0.4,chunk_9,127,KR,14.086501310269037,48
sign_test_cel0.4,chunk_9,127,MC,7.289564249416192,48
sign_test_cel0.4,chunk_9,127,cosine_similarity,0.2001287005841732,48
sign_test_cel0.4,chunk_9,127,wt_mean,0.001417196559486875,48
sign_test_cel0.4,chunk_9,128,GR,27.613245000441868,48
sign_test_cel0.4,chunk_9,128,IPC,9.603822155545155,48
sign_test_cel0.4,chunk_9,128,KR,14.032141546408335,48
sign_test_cel0.4,chunk_9,128,MC,7.749792831639449,48
sign_test_cel0.4,chunk_9,128,cosine_similarity,0.20012873411178586,48
sign_test_cel0.4,chunk_9,128,wt_mean,0.001410519849741775,48
sign_test_cel0.4,chunk_9,129,GR,34.75098539888859,48
sign_test_cel0.4,chunk_9,129,IPC,8.802867921690146,48
sign_test_cel0.4,chunk_9,129,KR,17.757859736680984,48
sign_test_cel0.4,chunk_9,129,MC,7.162039279937744,48
sign_test_cel0.4,chunk_9,129,cosine_similarity,0.20012874528765676,48
sign_test_cel0.4,chunk_9,129,wt_mean,0.001493842079071275,48
sign_test_cel0.5,chunk_0,0,GR,21.192529797554016,48
sign_test_cel0.5,chunk_0,0,IPC,10.269794534891844,48
sign_test_cel0.5,chunk_0,0,KR,11.685825342933336,48
sign_test_cel0.5,chunk_0,0,MC,7.929583519697189,48
sign_test_cel0.5,chunk_0,0,cosine_similarity,9.968061931431293e-10,48
sign_test_cel0.5,chunk_0,0,wt_mean,-3.666911284165575e-12,48
sign_test_cel0.5,chunk_0,1,GR,34.09329894681772,48
sign_test_cel0.5,chunk_0,1,IPC,9.220940650751194,48
sign_test_cel0.5,chunk_0,1,KR,17.496731653809547,48
sign_test_cel0.5,chunk_0,1,MC,7.51925461490949,48
sign_test_cel0.5,chunk_0,1,cosine_similarity,-6.984919309616089e-10,48
sign_test_cel0.5,chunk_0,1,wt_mean,0.0,48
sign_test_cel0.5,chunk_0,10,GR,30.38966711362203,48
sign_test_cel0.5,chunk_0,10,IPC,10.347404380639395,48
sign_test_cel0.5,chunk_0,10,KR,16.013627350330353,48
sign_test_cel0.5,chunk_0,10,MC,7.897897019982338,48
sign_test_cel0.5,chunk_0,10,cosine_similarity,5.675246939063073e-10,48
sign_test_cel0.5,chunk_0,10,wt_mean,-1.0667378655751514e-11,48
sign_test_cel0.5,chunk_0,11,GR,22.789888684948284,48
sign_test_cel0.5,chunk_0,11,IPC,9.637015075733265,48
sign_test_cel0.5,chunk_0,11,KR,11.35232941309611,48
sign_test_cel0.5,chunk_0,11,MC,7.315853560964267,48
sign_test_cel0.5,chunk_0,11,cosine_similarity,-1.5133991837501526e-09,48
sign_test_cel0.5,chunk_0,11,wt_mean,-6.500433763316493e-12,48
sign_test_cel0.5,chunk_0,12,GR,30.680185203750927,48
sign_test_cel0.5,chunk_0,12,IPC,9.64588850736618,48
sign_test_cel0.5,chunk_0,12,KR,16.80543573697408,48
sign_test_cel0.5,chunk_0,12,MC,7.699599593877792,48
sign_test_cel0.5,chunk_0,12,cosine_similarity,2.40106601268053e-10,48
sign_test_cel0.5,chunk_0,12,wt_mean,0.0,48
sign_test_cel0.5,chunk_0,2,GR,29.676924337943394,48
sign_test_cel0.5,chunk_0,2,IPC,10.233047164976597,48
sign_test_cel0.5,chunk_0,2,KR,14.27217067281405,48
sign_test_cel0.5,chunk_0,2,MC,7.837291720012824,48
sign_test_cel0.5,chunk_0,2,cosine_similarity,-1.309672370553017e-10,48
sign_test_cel0.5,chunk_0,2,wt_mean,-1.000066674437805e-12,48
sign_test_cel0.5,chunk_0,3,GR,19.884550258517265,48
sign_test_cel0.5,chunk_0,3,IPC,10.211048542211453,48
sign_test_cel0.5,chunk_0,3,KR,10.632547676563263,48
sign_test_cel0.5,chunk_0,3,MC,7.449746285875638,48
sign_test_cel0.5,chunk_0,3,cosine_similarity,-1.0186340659856796e-09,48
sign_test_cel0.5,chunk_0,3,wt_mean,0.0,48
sign_test_cel0.5,chunk_0,4,GR,14.671094750364622,48
sign_test_cel0.5,chunk_0,4,IPC,9.994219140460094,48
sign_test_cel0.5,chunk_0,4,KR,7.379556467135747,48
sign_test_cel0.5,chunk_0,4,MC,7.279391497373581,48
sign_test_cel0.5,chunk_0,4,cosine_similarity,-2.255546860396862e-10,48
sign_test_cel0.5,chunk_0,4,wt_mean,-3.0002001317336324e-12,48
sign_test_cel0.5,chunk_0,5,GR,29.252678488691647,48
sign_test_cel0.5,chunk_0,5,IPC,9.420240089297295,48
sign_test_cel0.5,chunk_0,5,KR,14.862293551365534,48
sign_test_cel0.5,chunk_0,5,MC,7.37542920311292,48
sign_test_cel0.5,chunk_0,5,cosine_similarity,4.5838532969355583e-10,48
sign_test_cel0.5,chunk_0,5,wt_mean,6.000400426097591e-12,48
sign_test_cel0.5,chunk_0,6,GR,29.37623460094134,48
sign_test_cel0.5,chunk_0,6,IPC,9.536254028479258,48
sign_test_cel0.5,chunk_0,6,KR,14.618789464235306,48
sign_test_cel0.5,chunk_0,6,MC,7.238953456282616,48
sign_test_cel0.5,chunk_0,6,cosine_similarity,7.712515071034431e-10,48
sign_test_cel0.5,chunk_0,6,wt_mean,1.333422304863885e-12,48
sign_test_cel0.5,chunk_0,7,GR,23.439555724461872,48
sign_test_cel0.5,chunk_0,7,IPC,9.05426855882009,48
sign_test_cel0.5,chunk_0,7,KR,11.7228492051363,48
sign_test_cel0.5,chunk_0,7,MC,7.125397523244222,48
sign_test_cel0.5,chunk_0,7,cosine_similarity,9.895302355289457e-10,48
sign_test_cel0.5,chunk_0,7,wt_mean,2.66684460972777e-12,48
sign_test_cel0.5,chunk_0,8,GR,33.52964059015115,48
sign_test_cel0.5,chunk_0,8,IPC,9.069488880534967,48
sign_test_cel0.5,chunk_0,8,KR,17.108437299728394,48
sign_test_cel0.5,chunk_0,8,MC,7.049506997068723,48
sign_test_cel0.5,chunk_0,8,cosine_similarity,1.5061232261359692e-09,48
sign_test_cel0.5,chunk_0,8,wt_mean,6.667111524319425e-13,48
sign_test_cel0.5,chunk_0,9,GR,27.010555883248646,48
sign_test_cel0.5,chunk_0,9,IPC,8.664822738617659,48
sign_test_cel0.5,chunk_0,9,KR,13.14157697558403,48
sign_test_cel0.5,chunk_0,9,MC,7.067302842934926,48
sign_test_cel0.5,chunk_0,9,cosine_similarity,-2.5465851649641996e-10,48
sign_test_cel0.5,chunk_0,9,wt_mean,2.66684460972777e-12,48
sign_test_cel0.5,chunk_1,13,GR,28.54891204337279,48
sign_test_cel0.5,chunk_1,13,IPC,10.310080654919147,48
sign_test_cel0.5,chunk_1,13,KR,14.107776701450348,48
sign_test_cel0.5,chunk_1,13,MC,7.698801517486572,48
sign_test_cel0.5,chunk_1,13,cosine_similarity,7.8580342233181e-10,48
sign_test_cel0.5,chunk_1,13,wt_mean,1.066737843891108e-11,48
sign_test_cel0.5,chunk_1,14,GR,18.304190576076508,48
sign_test_cel0.5,chunk_1,14,IPC,10.13529627646009,48
sign_test_cel0.5,chunk_1,14,KR,9.169089615345001,48
sign_test_cel0.5,chunk_1,14,MC,7.653852209448814,48
sign_test_cel0.5,chunk_1,14,cosine_similarity,1.4551915228366904e-11,48
sign_test_cel0.5,chunk_1,14,wt_mean,1.333422304863885e-12,48
sign_test_cel0.5,chunk_1,15,GR,24.406002884109814,48
sign_test_cel0.5,chunk_1,15,IPC,10.424063020696243,48
sign_test_cel0.5,chunk_1,15,KR,12.452102676033974,48
sign_test_cel0.5,chunk_1,15,MC,8.256276855866114,48
sign_test_cel0.5,chunk_1,15,cosine_similarity,-3.8562575355172157e-10,48
sign_test_cel0.5,chunk_1,15,wt_mean,0.0,48
sign_test_cel0.5,chunk_1,16,GR,33.458704287807144,48
sign_test_cel0.5,chunk_1,16,IPC,9.79738443220655,48
sign_test_cel0.5,chunk_1,16,KR,17.619524285197258,48
sign_test_cel0.5,chunk_1,16,MC,7.648444304863612,48
sign_test_cel0.5,chunk_1,16,cosine_similarity,-4.656612873077393e-10,48
sign_test_cel0.5,chunk_1,16,wt_mean,1.333422304863885e-12,48
sign_test_cel0.5,chunk_1,17,GR,28.674379979570706,48
sign_test_cel0.5,chunk_1,17,IPC,9.678164085994164,48
sign_test_cel0.5,chunk_1,17,KR,14.513819366693497,48
sign_test_cel0.5,chunk_1,17,MC,7.554684189458688,48
sign_test_cel0.5,chunk_1,17,cosine_similarity,-1.0186340659856794e-09,48
sign_test_cel0.5,chunk_1,17,wt_mean,6.667110440117244e-13,48
sign_test_cel0.5,chunk_1,18,GR,26.39262903233369,48
sign_test_cel0.5,chunk_1,18,IPC,8.711752147724232,48
sign_test_cel0.5,chunk_1,18,KR,14.109447911381721,48
sign_test_cel0.5,chunk_1,18,MC,7.309252331654231,48
sign_test_cel0.5,chunk_1,18,cosine_similarity,3.0559021979570384e-10,48
sign_test_cel0.5,chunk_1,18,wt_mean,1.333422304863885e-12,48
sign_test_cel0.5,chunk_1,19,GR,25.484734132885933,48
sign_test_cel0.5,chunk_1,19,IPC,9.729804572959742,48
sign_test_cel0.5,chunk_1,19,KR,12.671919624010721,48
sign_test_cel0.5,chunk_1,19,MC,7.64280383537213,48
sign_test_cel0.5,chunk_1,19,cosine_similarity,4.729372449219227e-10,48
sign_test_cel0.5,chunk_1,19,wt_mean,2.33348897930169e-12,48
sign_test_cel0.5,chunk_1,20,GR,26.624250893791515,48
sign_test_cel0.5,chunk_1,20,IPC,8.999576999495426,48
sign_test_cel0.5,chunk_1,20,KR,12.983439589540163,48
sign_test_cel0.5,chunk_1,20,MC,7.1136157512664795,48
sign_test_cel0.5,chunk_1,20,cosine_similarity,2.692104317247868e-10,48
sign_test_cel0.5,chunk_1,20,wt_mean,5.33368921945554e-12,48
sign_test_cel0.5,chunk_1,21,GR,31.1783859282732,48
sign_test_cel0.5,chunk_1,21,IPC,10.458120440443357,48
sign_test_cel0.5,chunk_1,21,KR,16.435816730062168,48
sign_test_cel0.5,chunk_1,21,MC,8.012645443280539,48
sign_test_cel0.5,chunk_1,21,cosine_similarity,6.621121428906918e-10,48
sign_test_cel0.5,chunk_1,21,wt_mean,-1.600106765836662e-11,48
sign_test_cel0.5,chunk_1,22,GR,27.84548628826936,48
sign_test_cel0.5,chunk_1,22,IPC,9.551244856168827,48
sign_test_cel0.5,chunk_1,22,KR,14.528974175453186,48
sign_test_cel0.5,chunk_1,22,MC,7.36982698738575,48
sign_test_cel0.5,chunk_1,22,cosine_similarity,6.83940015733242e-10,48
sign_test_cel0.5,chunk_1,22,wt_mean,2.0001334572958274e-12,48
sign_test_cel0.5,chunk_1,23,GR,17.300656179587047,48
sign_test_cel0.5,chunk_1,23,IPC,9.808183672527472,48
sign_test_cel0.5,chunk_1,23,KR,8.423688893516859,48
sign_test_cel0.5,chunk_1,23,MC,7.395127932230632,48
sign_test_cel0.5,chunk_1,23,cosine_similarity,6.47560227662325e-10,48
sign_test_cel0.5,chunk_1,23,wt_mean,0.0,48
sign_test_cel0.5,chunk_1,24,GR,28.44961281120777,48
sign_test_cel0.5,chunk_1,24,IPC,9.68258772417903,48
sign_test_cel0.5,chunk_1,24,KR,15.011832917730013,48
sign_test_cel0.5,chunk_1,24,MC,7.5290335565805435,48
sign_test_cel0.5,chunk_1,24,cosine_similarity,5.020410753786563e-10,48
sign_test_cel0.5,chunk_1,24,wt_mean,2.66684460972777e-12,48
sign_test_cel0.5,chunk_1,25,GR,24.957472523053486,48
sign_test_cel0.5,chunk_1,25,IPC,9.863161224871874,48
sign_test_cel0.5,chunk_1,25,KR,12.888441547751427,48
sign_test_cel0.5,chunk_1,25,MC,7.314333587884903,48
sign_test_cel0.5,chunk_1,25,cosine_similarity,-4.947651177644729e-10,48
sign_test_cel0.5,chunk_1,25,wt_mean,2.66684460972777e-12,48
sign_test_cel0.5,chunk_10,130,GR,29.885042746861775,48
sign_test_cel0.5,chunk_10,130,IPC,10.169525069495043,48
sign_test_cel0.5,chunk_10,130,KR,15.908899197975794,48
sign_test_cel0.5,chunk_10,130,MC,8.034478977322578,48
sign_test_cel0.5,chunk_10,130,cosine_similarity,-7.421476766467093e-10,48
sign_test_cel0.5,chunk_10,130,wt_mean,-6.667110440117252e-13,48
sign_test_cel0.5,chunk_10,131,GR,34.667029981811844,48
sign_test_cel0.5,chunk_10,131,IPC,8.881808295845985,48
sign_test_cel0.5,chunk_10,131,KR,17.611500745018322,48
sign_test_cel0.5,chunk_10,131,MC,7.303401971856753,48
sign_test_cel0.5,chunk_10,131,cosine_similarity,-1.2732925824820993e-09,48
sign_test_cel0.5,chunk_10,131,wt_mean,-6.667111524319425e-13,48
sign_test_cel0.5,chunk_10,132,GR,36.22721376518408,48
sign_test_cel0.5,chunk_10,132,IPC,9.157155942171812,48
sign_test_cel0.5,chunk_10,132,KR,19.093803962071735,48
sign_test_cel0.5,chunk_10,132,MC,7.2174197137355804,48
sign_test_cel0.5,chunk_10,132,cosine_similarity,-2.9831426218152036e-10,48
sign_test_cel0.5,chunk_10,132,wt_mean,-9.667311872893491e-12,48
sign_test_cel0.5,chunk_10,133,GR,37.16759733359019,48
sign_test_cel0.5,chunk_10,133,IPC,8.85671171421806,48
sign_test_cel0.5,chunk_10,133,KR,19.04872909684976,48
sign_test_cel0.5,chunk_10,133,MC,6.931790421406428,48
sign_test_cel0.5,chunk_10,133,cosine_similarity,-6.83940015733242e-10,48
sign_test_cel0.5,chunk_10,133,wt_mean,-2.33348897930169e-12,48
sign_test_cel0.5,chunk_10,134,GR,31.876172438263893,48
sign_test_cel0.5,chunk_10,134,IPC,8.97967740520835,48
sign_test_cel0.5,chunk_10,134,KR,16.64622611304124,48
sign_test_cel0.5,chunk_10,134,MC,6.947830935319264,48
sign_test_cel0.5,chunk_10,134,cosine_similarity,2.2555468603968623e-10,48
sign_test_cel0.5,chunk_10,134,wt_mean,-1.333422304863885e-12,48
sign_test_cel0.5,chunk_10,135,GR,26.49736172457536,48
sign_test_cel0.5,chunk_10,135,IPC,9.293044758339724,48
sign_test_cel0.5,chunk_10,135,KR,13.765920341014862,48
sign_test_cel0.5,chunk_10,135,MC,7.27412215868632,48
sign_test_cel0.5,chunk_10,135,cosine_similarity,5.3114490583539e-10,48
sign_test_cel0.5,chunk_10,135,wt_mean,-5.333689436295974e-12,48
sign_test_cel0.5,chunk_10,136,GR,23.218961114684742,48
sign_test_cel0.5,chunk_10,136,IPC,8.804992289592823,48
sign_test_cel0.5,chunk_10,136,KR,11.675366058945656,48
sign_test_cel0.5,chunk_10,136,MC,6.722716927528381,48
sign_test_cel0.5,chunk_10,136,cosine_similarity,1.2441887520253658e-09,48
sign_test_cel0.5,chunk_10,136,wt_mean,5.333689436295974e-12,48
sign_test_cel0.5,chunk_10,137,GR,26.943839902679127,48
sign_test_cel0.5,chunk_10,137,IPC,10.478558695564667,48
sign_test_cel0.5,chunk_10,137,KR,13.976818958918253,48
sign_test_cel0.5,chunk_10,137,MC,8.166742319862047,48
sign_test_cel0.5,chunk_10,137,cosine_similarity,4.292814992368222e-10,48
sign_test_cel0.5,chunk_10,137,wt_mean,-5.33368921945554e-12,48
sign_test_cel0.5,chunk_10,138,GR,25.939691493908565,48
sign_test_cel0.5,chunk_10,138,IPC,10.085792740186056,48
sign_test_cel0.5,chunk_10,138,KR,13.612395852804184,48
sign_test_cel0.5,chunk_10,138,MC,8.239264075954756,48
sign_test_cel0.5,chunk_10,138,cosine_similarity,-1.8189894035458562e-10,48
sign_test_cel0.5,chunk_10,138,wt_mean,6.000400371887482e-12,48
sign_test_cel0.5,chunk_10,139,GR,35.337623397509255,48
sign_test_cel0.5,chunk_10,139,IPC,8.099357184022665,48
sign_test_cel0.5,chunk_10,139,KR,18.706164106726646,48
sign_test_cel0.5,chunk_10,139,MC,6.6773887276649475,48
sign_test_cel0.5,chunk_10,139,cosine_similarity,8.003553375601767e-10,48
sign_test_cel0.5,chunk_10,139,wt_mean,-1.6667778810798555e-12,48
sign_test_cel0.5,chunk_10,140,GR,33.21545558671156,48
sign_test_cel0.5,chunk_10,140,IPC,9.59745533640186,48
sign_test_cel0.5,chunk_10,140,KR,17.426719387372334,48
sign_test_cel0.5,chunk_10,140,MC,7.839223851760228,48
sign_test_cel0.5,chunk_10,140,cosine_similarity,-5.165929906070234e-10,48
sign_test_cel0.5,chunk_10,140,wt_mean,-1.3334224132841022e-12,48
sign_test_cel0.5,chunk_10,141,GR,26.24333557486534,48
sign_test_cel0.5,chunk_10,141,IPC,10.722753314922253,48
sign_test_cel0.5,chunk_10,141,KR,14.179884731769562,48
sign_test_cel0.5,chunk_10,141,MC,8.148599748810133,48
sign_test_cel0.5,chunk_10,141,cosine_similarity,7.421476766467093e-10,48
sign_test_cel0.5,chunk_10,141,wt_mean,4.000266914591655e-12,48
sign_test_cel0.5,chunk_11,142,GR,33.361935809254646,48
sign_test_cel0.5,chunk_11,142,IPC,10.433963593095541,48
sign_test_cel0.5,chunk_11,142,KR,17.403802449504536,48
sign_test_cel0.5,chunk_11,142,MC,8.247362380226454,48
sign_test_cel0.5,chunk_11,142,cosine_similarity,-2.401066012680532e-10,48
sign_test_cel0.5,chunk_11,142,wt_mean,-2.66684460972777e-12,48
sign_test_cel0.5,chunk_11,143,GR,23.543569306532543,48
sign_test_cel0.5,chunk_11,143,IPC,9.95254041502873,48
sign_test_cel0.5,chunk_11,143,KR,12.408274640639624,48
sign_test_cel0.5,chunk_11,143,MC,6.980135959883531,48
sign_test_cel0.5,chunk_11,143,cosine_similarity,-5.529727786779403e-10,48
sign_test_cel0.5,chunk_11,143,wt_mean,2.000133674136262e-12,48
sign_test_cel0.5,chunk_11,144,GR,30.585090279579163,48
sign_test_cel0.5,chunk_11,144,IPC,10.273898533234993,48
sign_test_cel0.5,chunk_11,144,KR,15.570574268698692,48
sign_test_cel0.5,chunk_11,144,MC,8.009817488491535,48
sign_test_cel0.5,chunk_11,144,cosine_similarity,-8.803908713161945e-10,48
sign_test_cel0.5,chunk_11,144,wt_mean,6.667112066420511e-13,48
sign_test_cel0.5,chunk_11,145,GR,31.788609529534977,48
sign_test_cel0.5,chunk_11,145,IPC,9.36820355678598,48
sign_test_cel0.5,chunk_11,145,KR,16.65017121533553,48
sign_test_cel0.5,chunk_11,145,MC,7.423428262273471,48
sign_test_cel0.5,chunk_11,145,cosine_similarity,2.0372681319713593e-10,48
sign_test_cel0.5,chunk_11,145,wt_mean,-6.66711130747899e-12,48
sign_test_cel0.5,chunk_11,146,GR,23.544944629073143,48
sign_test_cel0.5,chunk_11,146,IPC,9.70399508625269,48
sign_test_cel0.5,chunk_11,146,KR,11.952561105291048,48
sign_test_cel0.5,chunk_11,146,MC,7.389349699020386,48
sign_test_cel0.5,chunk_11,146,cosine_similarity,-8.22183210402727e-10,48
sign_test_cel0.5,chunk_11,146,wt_mean,2.500166875829893e-12,48
sign_test_cel0.5,chunk_11,147,GR,32.513545806209244,48
sign_test_cel0.5,chunk_11,147,IPC,9.597437099864086,48
sign_test_cel0.5,chunk_11,147,KR,17.026360576351482,48
sign_test_cel0.5,chunk_11,147,MC,7.602300723393758,48
sign_test_cel0.5,chunk_11,147,cosine_similarity,1.4551915228366852e-11,48
sign_test_cel0.5,chunk_11,147,wt_mean,4.0002668061714375e-12,48
sign_test_cel0.5,chunk_11,148,GR,27.16731699804465,48
sign_test_cel0.5,chunk_11,148,IPC,10.04753946264585,48
sign_test_cel0.5,chunk_11,148,KR,13.750287170211474,48
sign_test_cel0.5,chunk_11,148,MC,7.467667857805888,48
sign_test_cel0.5,chunk_11,148,cosine_similarity,6.402842700481415e-10,48
sign_test_cel0.5,chunk_11,148,wt_mean,-6.6671115243194246e-12,48
sign_test_cel0.5,chunk_11,149,GR,29.343165690700214,48
sign_test_cel0.5,chunk_11,149,IPC,9.94832000012199,48
sign_test_cel0.5,chunk_11,149,KR,15.24527333676815,48
sign_test_cel0.5,chunk_11,149,MC,7.78555644551913,48
sign_test_cel0.5,chunk_11,149,cosine_similarity,7.057678885757923e-10,48
sign_test_cel0.5,chunk_11,149,wt_mean,1.333422304863885e-12,48
sign_test_cel0.5,chunk_11,150,GR,22.53845340013504,48
sign_test_cel0.5,chunk_11,150,IPC,9.415175619224707,48
sign_test_cel0.5,chunk_11,150,KR,11.621116921305656,48
sign_test_cel0.5,chunk_11,150,MC,7.093405574560165,48
sign_test_cel0.5,chunk_11,150,cosine_similarity,-4.583853296935557e-10,48
sign_test_cel0.5,chunk_11,150,wt_mean,-1.3334224132841022e-12,48
sign_test_cel0.5,chunk_11,151,GR,38.07992305358251,48
sign_test_cel0.5,chunk_11,151,IPC,9.703757899502913,48
sign_test_cel0.5,chunk_11,151,KR,19.144132216771443,48
sign_test_cel0.5,chunk_11,151,MC,7.387938762704532,48
sign_test_cel0.5,chunk_11,151,cosine_similarity,-5.3114490583539e-10,48
sign_test_cel0.5,chunk_11,151,wt_mean,-2.66684460972777e-12,48
sign_test_cel0.5,chunk_11,152,GR,26.403886422514915,48
sign_test_cel0.5,chunk_11,152,IPC,9.579299387832483,48
sign_test_cel0.5,chunk_11,152,KR,13.014257460832596,48
sign_test_cel0.5,chunk_11,152,MC,7.260297964016597,48
sign_test_cel0.5,chunk_11,152,cosine_similarity,-1.2078089639544485e-09,48
sign_test_cel0.5,chunk_11,152,wt_mean,-2.66684460972777e-12,48
sign_test_cel0.5,chunk_11,153,GR,22.4260975420475,48
sign_test_cel0.5,chunk_11,153,IPC,9.426349605123201,48
sign_test_cel0.5,chunk_11,153,KR,11.274180303017298,48
sign_test_cel0.5,chunk_11,153,MC,7.340821867187818,48
sign_test_cel0.5,chunk_11,153,cosine_similarity,1.2296368367969988e-09,48
sign_test_cel0.5,chunk_11,153,wt_mean,-2.66684460972777e-12,48
sign_test_cel0.5,chunk_12,154,GR,29.885531703631084,48
sign_test_cel0.5,chunk_12,154,IPC,9.396262289335331,48
sign_test_cel0.5,chunk_12,154,KR,14.943925961852074,48
sign_test_cel0.5,chunk_12,154,MC,7.226014411697785,48
sign_test_cel0.5,chunk_12,154,cosine_similarity,-5.893525667488575e-10,48
sign_test_cel0.5,chunk_12,154,wt_mean,-2.6668443928873353e-12,48
sign_test_cel0.5,chunk_12,155,GR,24.21926459670067,48
sign_test_cel0.5,chunk_12,155,IPC,9.145196617891392,48
sign_test_cel0.5,chunk_12,155,KR,12.29508932431539,48
sign_test_cel0.5,chunk_12,155,MC,7.387660046418508,48
sign_test_cel0.5,chunk_12,155,cosine_similarity,3.8562575355172157e-10,48
sign_test_cel0.5,chunk_12,155,wt_mean,6.6671115243194246e-12,48
sign_test_cel0.5,chunk_12,156,GR,37.659530172745384,48
sign_test_cel0.5,chunk_12,156,IPC,8.661485017587742,48
sign_test_cel0.5,chunk_12,156,KR,20.1258860429128,48
sign_test_cel0.5,chunk_12,156,MC,7.049549552301566,48
sign_test_cel0.5,chunk_12,156,cosine_similarity,9.094947017729281e-10,48
sign_test_cel0.5,chunk_12,156,wt_mean,9.333956350887629e-12,48
sign_test_cel0.5,chunk_12,157,GR,26.4731457978487,48
sign_test_cel0.5,chunk_12,157,IPC,9.395489691446224,48
sign_test_cel0.5,chunk_12,157,KR,13.143202503522238,48
sign_test_cel0.5,chunk_12,157,MC,6.794843276341756,48
sign_test_cel0.5,chunk_12,157,cosine_similarity,-2.9685907065868374e-09,48
sign_test_cel0.5,chunk_12,157,wt_mean,9.333956242467412e-12,48
sign_test_cel0.5,chunk_12,158,GR,25.46308832367261,48
sign_test_cel0.5,chunk_12,158,IPC,8.965506097922722,48
sign_test_cel0.5,chunk_12,158,KR,13.285682891805967,48
sign_test_cel0.5,chunk_12,158,MC,7.140735700726509,48
sign_test_cel0.5,chunk_12,158,cosine_similarity,1.0768417268991468e-09,48
sign_test_cel0.5,chunk_12,158,wt_mean,-1.3334225217043194e-12,48
sign_test_cel0.5,chunk_12,159,GR,28.28305511176586,48
sign_test_cel0.5,chunk_12,159,IPC,10.008737533042828,48
sign_test_cel0.5,chunk_12,159,KR,14.325801814595858,48
sign_test_cel0.5,chunk_12,159,MC,8.342071508367857,48
sign_test_cel0.5,chunk_12,159,cosine_similarity,-2.1100277081131927e-10,48
sign_test_cel0.5,chunk_12,159,wt_mean,4.000266914591655e-12,48
sign_test_cel0.5,chunk_12,160,GR,27.637946620583534,48
sign_test_cel0.5,chunk_12,160,IPC,9.760838833947977,48
sign_test_cel0.5,chunk_12,160,KR,14.484078819553057,48
sign_test_cel0.5,chunk_12,160,MC,7.54198216398557,48
sign_test_cel0.5,chunk_12,160,cosine_similarity,-1.0841176845133303e-09,48
sign_test_cel0.5,chunk_12,160,wt_mean,1.333422304863885e-12,48
sign_test_cel0.5,chunk_12,161,GR,34.02542437116305,48
sign_test_cel0.5,chunk_12,161,IPC,9.050648366411528,48
sign_test_cel0.5,chunk_12,161,KR,17.074431652824085,48
sign_test_cel0.5,chunk_12,161,MC,7.103599431614081,48
sign_test_cel0.5,chunk_12,161,cosine_similarity,-1.8917489796876915e-10,48
sign_test_cel0.5,chunk_12,161,wt_mean,-3.500233740003078e-12,48
sign_test_cel0.5,chunk_12,162,GR,32.19729124009609,48
sign_test_cel0.5,chunk_12,162,IPC,10.054478629181782,48
sign_test_cel0.5,chunk_12,162,KR,16.446123331785202,48
sign_test_cel0.5,chunk_12,162,MC,7.7765278071165085,48
sign_test_cel0.5,chunk_12,162,cosine_similarity,-1.971784513443708e-09,48
sign_test_cel0.5,chunk_12,162,wt_mean,2.0001335657160446e-12,48
sign_test_cel0.5,chunk_12,163,GR,33.936651249726616,48
sign_test_cel0.5,chunk_12,163,IPC,9.507410993178686,48
sign_test_cel0.5,chunk_12,163,KR,17.933675527572632,48
sign_test_cel0.5,chunk_12,163,MC,7.6509320586919785,48
sign_test_cel0.5,chunk_12,163,cosine_similarity,3.0559021979570394e-10,48
sign_test_cel0.5,chunk_12,163,wt_mean,9.333956134047194e-12,48
sign_test_cel0.5,chunk_12,164,GR,29.25451571245988,48
sign_test_cel0.5,chunk_12,164,IPC,8.793340501685938,48
sign_test_cel0.5,chunk_12,164,KR,15.431510796149572,48
sign_test_cel0.5,chunk_12,164,MC,7.224292295674483,48
sign_test_cel0.5,chunk_12,164,cosine_similarity,-1.9645085558295253e-10,48
sign_test_cel0.5,chunk_12,164,wt_mean,1.0000663491771533e-12,48
sign_test_cel0.5,chunk_12,165,GR,29.413930003841717,48
sign_test_cel0.5,chunk_12,165,IPC,9.657307705531517,48
sign_test_cel0.5,chunk_12,165,KR,15.411811247467995,48
sign_test_cel0.5,chunk_12,165,MC,7.689146796862285,48
sign_test_cel0.5,chunk_12,165,cosine_similarity,-2.1100277081131933e-10,48
sign_test_cel0.5,chunk_12,165,wt_mean,2.66684460972777e-12,48
sign_test_cel0.5,chunk_13,166,GR,35.98041788240274,48
sign_test_cel0.5,chunk_13,166,IPC,9.124202458808819,48
sign_test_cel0.5,chunk_13,166,KR,18.403105204304058,48
sign_test_cel0.5,chunk_13,166,MC,7.489941626787186,48
sign_test_cel0.5,chunk_13,166,cosine_similarity,9.022187441587448e-10,48
sign_test_cel0.5,chunk_13,166,wt_mean,0.0,48
sign_test_cel0.5,chunk_13,167,GR,31.199920311570168,48
sign_test_cel0.5,chunk_13,167,IPC,9.936093972374996,48
sign_test_cel0.5,chunk_13,167,KR,16.846935684482258,48
sign_test_cel0.5,chunk_13,167,MC,8.15016457438469,48
sign_test_cel0.5,chunk_13,167,cosine_similarity,-2.546585164964199e-09,48
sign_test_cel0.5,chunk_13,167,wt_mean,6.6671115243194246e-12,48
sign_test_cel0.5,chunk_13,168,GR,31.850923265020054,48
sign_test_cel0.5,chunk_13,168,IPC,8.941477219263712,48
sign_test_cel0.5,chunk_13,168,KR,15.50531759361426,48
sign_test_cel0.5,chunk_13,168,MC,7.303691307703654,48
sign_test_cel0.5,chunk_13,168,cosine_similarity,-2.255546860396862e-10,48
sign_test_cel0.5,chunk_13,168,wt_mean,-6.6671115243194246e-12,48
sign_test_cel0.5,chunk_13,169,GR,19.623951082428295,48
sign_test_cel0.5,chunk_13,169,IPC,10.44128576417764,48
sign_test_cel0.5,chunk_13,169,KR,9.896213134129843,48
sign_test_cel0.5,chunk_13,169,MC,7.368878364562988,48
sign_test_cel0.5,chunk_13,169,cosine_similarity,-6.33008312433958e-10,48
sign_test_cel0.5,chunk_13,169,wt_mean,6.667110982218338e-13,48
sign_test_cel0.5,chunk_13,170,GR,29.670778994758923,48
sign_test_cel0.5,chunk_13,170,IPC,9.50293525060018,48
sign_test_cel0.5,chunk_13,170,KR,15.532573903600374,48
sign_test_cel0.5,chunk_13,170,MC,7.640149002273877,48
sign_test_cel0.5,chunk_13,170,cosine_similarity,-4.94765117764473e-10,48
sign_test_cel0.5,chunk_13,170,wt_mean,-6.66711130747899e-12,48
sign_test_cel0.5,chunk_13,171,GR,31.564471786220867,48
sign_test_cel0.5,chunk_13,171,IPC,9.4244849011302,48
sign_test_cel0.5,chunk_13,171,KR,16.3680433879296,48
sign_test_cel0.5,chunk_13,171,MC,7.500946829716365,48
sign_test_cel0.5,chunk_13,171,cosine_similarity,-4.656612873077394e-10,48
sign_test_cel0.5,chunk_13,171,wt_mean,-2.66684460972777e-12,48
sign_test_cel0.5,chunk_13,172,GR,31.976970593134563,48
sign_test_cel0.5,chunk_13,172,IPC,9.334303544213375,48
sign_test_cel0.5,chunk_13,172,KR,16.327066014210384,48
sign_test_cel0.5,chunk_13,172,MC,7.5172436982393265,48
sign_test_cel0.5,chunk_13,172,cosine_similarity,2.401066012680531e-10,48
sign_test_cel0.5,chunk_13,172,wt_mean,-4.000266914591655e-12,48
sign_test_cel0.5,chunk_13,173,GR,29.823349465926487,48
sign_test_cel0.5,chunk_13,173,IPC,10.454491011798382,48
sign_test_cel0.5,chunk_13,173,KR,15.587996050715446,48
sign_test_cel0.5,chunk_13,173,MC,7.749032964309056,48
sign_test_cel0.5,chunk_13,173,cosine_similarity,6.548361852765083e-10,48
sign_test_cel0.5,chunk_13,173,wt_mean,-1.3334225217043194e-12,48
sign_test_cel0.5,chunk_13,174,GR,30.165764719247818,48
sign_test_cel0.5,chunk_13,174,IPC,9.53232835729917,48
sign_test_cel0.5,chunk_13,174,KR,15.448826546470324,48
sign_test_cel0.5,chunk_13,174,MC,7.752885689338048,48
sign_test_cel0.5,chunk_13,174,cosine_similarity,6.402842700481415e-10,48
sign_test_cel0.5,chunk_13,174,wt_mean,-2.66684460972777e-12,48
sign_test_cel0.5,chunk_13,175,GR,29.808825423320133,48
sign_test_cel0.5,chunk_13,175,IPC,10.275426459809145,48
sign_test_cel0.5,chunk_13,175,KR,15.120323633154234,48
sign_test_cel0.5,chunk_13,175,MC,7.816148951649666,48
sign_test_cel0.5,chunk_13,175,cosine_similarity,1.1204974725842476e-09,48
sign_test_cel0.5,chunk_13,175,wt_mean,-1.333422088023451e-12,48
sign_test_cel0.5,chunk_13,176,GR,26.723929564158123,48
sign_test_cel0.5,chunk_13,176,IPC,9.71632052709659,48
sign_test_cel0.5,chunk_13,176,KR,13.772759030262629,48
sign_test_cel0.5,chunk_13,176,MC,7.614179576436679,48
sign_test_cel0.5,chunk_13,176,cosine_similarity,-2.40106601268053e-10,48
sign_test_cel0.5,chunk_13,176,wt_mean,2.66684460972777e-12,48
sign_test_cel0.5,chunk_13,177,GR,26.324095969398815,48
sign_test_cel0.5,chunk_13,177,IPC,9.616629235446453,48
sign_test_cel0.5,chunk_13,177,KR,14.037265002727509,48
sign_test_cel0.5,chunk_13,177,MC,7.523565461238225,48
sign_test_cel0.5,chunk_13,177,cosine_similarity,-7.275957614183452e-12,48
sign_test_cel0.5,chunk_13,177,wt_mean,3.3335559790001468e-12,48
sign_test_cel0.5,chunk_14,178,GR,26.13662760456403,48
sign_test_cel0.5,chunk_14,178,IPC,9.209813280651966,48
sign_test_cel0.5,chunk_14,178,KR,12.831386183698973,48
sign_test_cel0.5,chunk_14,178,MC,7.19577472905318,48
sign_test_cel0.5,chunk_14,178,cosine_similarity,4.94765117764473e-10,48
sign_test_cel0.5,chunk_14,178,wt_mean,-6.667111524319425e-13,48
sign_test_cel0.5,chunk_14,179,GR,33.765198811888695,48
sign_test_cel0.5,chunk_14,179,IPC,9.429693716267744,48
sign_test_cel0.5,chunk_14,179,KR,17.245658963918686,48
sign_test_cel0.5,chunk_14,179,MC,7.333121995131175,48
sign_test_cel0.5,chunk_14,179,cosine_similarity,-2.692104317247867e-10,48
sign_test_cel0.5,chunk_14,179,wt_mean,-3.333556087420364e-12,48
sign_test_cel0.5,chunk_14,180,GR,23.14059481024742,48
sign_test_cel0.5,chunk_14,180,IPC,9.413012007872263,48
sign_test_cel0.5,chunk_14,180,KR,11.073681836326918,48
sign_test_cel0.5,chunk_14,180,MC,7.267043394347032,48
sign_test_cel0.5,chunk_14,180,cosine_similarity,2.401066012680531e-10,48
sign_test_cel0.5,chunk_14,180,wt_mean,-4.000267131432089e-12,48
sign_test_cel0.5,chunk_14,181,GR,27.56039961675803,48
sign_test_cel0.5,chunk_14,181,IPC,9.573452594379583,48
sign_test_cel0.5,chunk_14,181,KR,13.508768856525421,48
sign_test_cel0.5,chunk_14,181,MC,7.746562257409096,48
sign_test_cel0.5,chunk_14,181,cosine_similarity,3.565219230949878e-10,48
sign_test_cel0.5,chunk_14,181,wt_mean,5.333689327875757e-12,48
sign_test_cel0.5,chunk_14,182,GR,33.51732545097669,48
sign_test_cel0.5,chunk_14,182,IPC,9.722125748793284,48
sign_test_cel0.5,chunk_14,182,KR,17.290700579682987,48
sign_test_cel0.5,chunk_14,182,MC,8.066908955574036,48
sign_test_cel0.5,chunk_14,182,cosine_similarity,1.9717845134437084e-09,48
sign_test_cel0.5,chunk_14,182,wt_mean,6.667111524319425e-13,48
sign_test_cel0.5,chunk_14,183,GR,24.339979792634647,48
sign_test_cel0.5,chunk_14,183,IPC,10.73156013339758,48
sign_test_cel0.5,chunk_14,183,KR,12.527135819196701,48
sign_test_cel0.5,chunk_14,183,MC,7.9233450293540955,48
sign_test_cel0.5,chunk_14,183,cosine_similarity,1.6589183360338211e-09,48
sign_test_cel0.5,chunk_14,183,wt_mean,-2.0001334572958274e-12,48
sign_test_cel0.5,chunk_14,184,GR,20.239698936541874,48
sign_test_cel0.5,chunk_14,184,IPC,9.411183059215546,48
sign_test_cel0.5,chunk_14,184,KR,9.68628354370594,48
sign_test_cel0.5,chunk_14,184,MC,6.876936189830303,48
sign_test_cel0.5,chunk_14,184,cosine_similarity,3.637978807091718e-11,48
sign_test_cel0.5,chunk_14,184,wt_mean,-1.000066674437805e-12,48
sign_test_cel0.5,chunk_14,185,GR,22.570436229308445,48
sign_test_cel0.5,chunk_14,185,IPC,9.055835913866758,48
sign_test_cel0.5,chunk_14,185,KR,11.06474166115125,48
sign_test_cel0.5,chunk_14,185,MC,6.852778539061546,48
sign_test_cel0.5,chunk_14,185,cosine_similarity,7.930793799459933e-10,48
sign_test_cel0.5,chunk_14,185,wt_mean,3.0002002401538497e-12,48
sign_test_cel0.5,chunk_14,186,GR,30.161325052380562,48
sign_test_cel0.5,chunk_14,186,IPC,10.03471389040351,48
sign_test_cel0.5,chunk_14,186,KR,15.518585547804832,48
sign_test_cel0.5,chunk_14,186,MC,7.600934048493703,48
sign_test_cel0.5,chunk_14,186,cosine_similarity,-1.2951204553246498e-09,48
sign_test_cel0.5,chunk_14,186,wt_mean,-5.333689436295974e-12,48
sign_test_cel0.5,chunk_14,187,GR,31.625513568520546,48
sign_test_cel0.5,chunk_14,187,IPC,8.462329131861528,48
sign_test_cel0.5,chunk_14,187,KR,16.685143103202183,48
sign_test_cel0.5,chunk_14,187,MC,7.111848130822182,48
sign_test_cel0.5,chunk_14,187,cosine_similarity,-2.837623469531536e-10,48
sign_test_cel0.5,chunk_14,187,wt_mean,-1.333422304863885e-12,48
sign_test_cel0.5,chunk_14,188,GR,28.61873783171177,48
sign_test_cel0.5,chunk_14,188,IPC,9.535898281882206,48
sign_test_cel0.5,chunk_14,188,KR,14.4288799315691,48
sign_test_cel0.5,chunk_14,188,MC,7.5193502853314085,48
sign_test_cel0.5,chunk_14,188,cosine_similarity,4.147295840084552e-10,48
sign_test_cel0.5,chunk_14,188,wt_mean,1.333422304863885e-12,48
sign_test_cel0.5,chunk_14,189,GR,34.186517760157585,48
sign_test_cel0.5,chunk_14,189,IPC,10.458134875943264,48
sign_test_cel0.5,chunk_14,189,KR,18.24512980381648,48
sign_test_cel0.5,chunk_14,189,MC,8.113613257805506,48
sign_test_cel0.5,chunk_14,189,cosine_similarity,8.003553375601765e-11,48
sign_test_cel0.5,chunk_14,189,wt_mean,-4.000266914591655e-12,48
sign_test_cel0.5,chunk_15,190,GR,34.57300158341726,48
sign_test_cel0.5,chunk_15,190,IPC,8.244056994716326,48
sign_test_cel0.5,chunk_15,190,KR,17.345466395219166,48
sign_test_cel0.5,chunk_15,190,MC,6.879262755314509,48
sign_test_cel0.5,chunk_15,190,cosine_similarity,5.529727786779404e-10,48
sign_test_cel0.5,chunk_15,190,wt_mean,-5.33368921945554e-12,48
sign_test_cel0.5,chunk_15,191,GR,31.99443358182907,48
sign_test_cel0.5,chunk_15,191,IPC,9.745698021103939,48
sign_test_cel0.5,chunk_15,191,KR,16.247454583644867,48
sign_test_cel0.5,chunk_15,191,MC,7.809871042768161,48
sign_test_cel0.5,chunk_15,191,cosine_similarity,-1.7025740817189217e-09,48
sign_test_cel0.5,chunk_15,191,wt_mean,-5.33368921945554e-12,48
sign_test_cel0.5,chunk_15,192,GR,17.907079224785168,48
sign_test_cel0.5,chunk_15,192,IPC,10.614594656974077,48
sign_test_cel0.5,chunk_15,192,KR,8.83704032500585,48
sign_test_cel0.5,chunk_15,192,MC,7.75917208691438,48
sign_test_cel0.5,chunk_15,192,cosine_similarity,1.2369127944111824e-10,48
sign_test_cel0.5,chunk_15,192,wt_mean,-2.3334890335117986e-12,48
sign_test_cel0.5,chunk_15,193,GR,23.356205364068348,48
sign_test_cel0.5,chunk_15,193,IPC,10.667667826016745,48
sign_test_cel0.5,chunk_15,193,KR,12.100802481174469,48
sign_test_cel0.5,chunk_15,193,MC,8.253896032770475,48
sign_test_cel0.5,chunk_15,193,cosine_similarity,1.0913936421275139e-10,48
sign_test_cel0.5,chunk_15,193,wt_mean,3.333555653739495e-12,48
sign_test_cel0.5,chunk_15,194,GR,34.71787139276663,48
sign_test_cel0.5,chunk_15,194,IPC,9.848309556643168,48
sign_test_cel0.5,chunk_15,194,KR,17.63929958144824,48
sign_test_cel0.5,chunk_15,194,MC,7.6161143481731415,48
sign_test_cel0.5,chunk_15,194,cosine_similarity,-4.80213202536106e-10,48
sign_test_cel0.5,chunk_15,194,wt_mean,3.666911392585792e-12,48
sign_test_cel0.5,chunk_15,195,GR,28.398403401176136,48
sign_test_cel0.5,chunk_15,195,IPC,10.27718792607387,48
sign_test_cel0.5,chunk_15,195,KR,14.129395594199499,48
sign_test_cel0.5,chunk_15,195,MC,7.229196315010388,48
sign_test_cel0.5,chunk_15,195,cosine_similarity,4.438334144651888e-10,48
sign_test_cel0.5,chunk_15,195,wt_mean,1.3334221964436677e-12,48
sign_test_cel0.5,chunk_15,196,GR,27.89218723277251,48
sign_test_cel0.5,chunk_15,196,IPC,10.173168187340101,48
sign_test_cel0.5,chunk_15,196,KR,14.430113280812899,48
sign_test_cel0.5,chunk_15,196,MC,7.649113655090332,48
sign_test_cel0.5,chunk_15,196,cosine_similarity,1.913576852530241e-09,48
sign_test_cel0.5,chunk_15,196,wt_mean,-3.333555220058622e-13,48
sign_test_cel0.5,chunk_15,197,GR,29.650057325760525,48
sign_test_cel0.5,chunk_15,197,IPC,9.422723149259886,48
sign_test_cel0.5,chunk_15,197,KR,15.59408507247766,48
sign_test_cel0.5,chunk_15,197,MC,7.070029338200887,48
sign_test_cel0.5,chunk_15,197,cosine_similarity,1.331500243395567e-09,48
sign_test_cel0.5,chunk_15,197,wt_mean,-4.000266914591655e-12,48
sign_test_cel0.5,chunk_15,198,GR,31.23868654171626,48
sign_test_cel0.5,chunk_15,198,IPC,9.886825202653805,48
sign_test_cel0.5,chunk_15,198,KR,15.582783649365107,48
sign_test_cel0.5,chunk_15,198,MC,7.563018982609113,48
sign_test_cel0.5,chunk_15,198,cosine_similarity,-8.949427865445614e-10,48
sign_test_cel0.5,chunk_15,198,wt_mean,-2.66684460972777e-12,48
sign_test_cel0.5,chunk_15,199,GR,25.073911488056183,48
sign_test_cel0.5,chunk_15,199,IPC,9.413430831084648,48
sign_test_cel0.5,chunk_15,199,KR,12.014431665341059,48
sign_test_cel0.5,chunk_15,199,MC,7.159310092528661,48
sign_test_cel0.5,chunk_15,199,cosine_similarity,1.0913936421275139e-09,48
sign_test_cel0.5,chunk_15,199,wt_mean,0.0,48
sign_test_cel0.5,chunk_15,200,GR,32.26765495042006,48
sign_test_cel0.5,chunk_15,200,IPC,10.451831274976334,48
sign_test_cel0.5,chunk_15,200,KR,16.71022089322408,48
sign_test_cel0.5,chunk_15,200,MC,8.064646184444427,48
sign_test_cel0.5,chunk_15,200,cosine_similarity,-4.292814992368222e-10,48
sign_test_cel0.5,chunk_15,200,wt_mean,-4.000267131432089e-12,48
sign_test_cel0.5,chunk_15,201,GR,22.30176706115405,48
sign_test_cel0.5,chunk_15,201,IPC,10.002340101947388,48
sign_test_cel0.5,chunk_15,201,KR,11.41168782611688,48
sign_test_cel0.5,chunk_15,201,MC,7.825132007400195,48
sign_test_cel0.5,chunk_15,201,cosine_similarity,-1.6007106751203537e-10,48
sign_test_cel0.5,chunk_15,201,wt_mean,6.667111741159858e-12,48
sign_test_cel0.5,chunk_16,202,GR,14.187641248106956,48
sign_test_cel0.5,chunk_16,202,IPC,9.364032356689373,48
sign_test_cel0.5,chunk_16,202,KR,7.527085805932681,48
sign_test_cel0.5,chunk_16,202,MC,6.74571497241656,48
sign_test_cel0.5,chunk_16,202,cosine_similarity,4.001776687800884e-10,48
sign_test_cel0.5,chunk_16,202,wt_mean,-2.0001334572958274e-12,48
sign_test_cel0.5,chunk_16,203,GR,31.70352352162202,48
sign_test_cel0.5,chunk_16,203,IPC,10.395270612090826,48
sign_test_cel0.5,chunk_16,203,KR,16.75893711547057,48
sign_test_cel0.5,chunk_16,203,MC,7.957430164019267,48
sign_test_cel0.5,chunk_16,203,cosine_similarity,2.983142621815204e-10,48
sign_test_cel0.5,chunk_16,203,wt_mean,-1.333422304863885e-12,48
sign_test_cel0.5,chunk_16,204,GR,23.112091069420178,48
sign_test_cel0.5,chunk_16,204,IPC,10.418331667780876,48
sign_test_cel0.5,chunk_16,204,KR,12.307455460230509,48
sign_test_cel0.5,chunk_16,204,MC,7.731858765085538,48
sign_test_cel0.5,chunk_16,204,cosine_similarity,7.785274647176267e-10,48
sign_test_cel0.5,chunk_16,204,wt_mean,5.33368921945554e-12,48
sign_test_cel0.5,chunk_16,205,GR,29.217994824051857,48
sign_test_cel0.5,chunk_16,205,IPC,9.770383882025877,48
sign_test_cel0.5,chunk_16,205,KR,15.323981816569963,48
sign_test_cel0.5,chunk_16,205,MC,7.544295156995456,48
sign_test_cel0.5,chunk_16,205,cosine_similarity,-7.566995918750762e-10,48
sign_test_cel0.5,chunk_16,205,wt_mean,4.000266914591655e-12,48
sign_test_cel0.5,chunk_16,206,GR,32.11910222967466,48
sign_test_cel0.5,chunk_16,206,IPC,9.119023147970438,48
sign_test_cel0.5,chunk_16,206,KR,16.181497265895207,48
sign_test_cel0.5,chunk_16,206,MC,7.247649669647217,48
sign_test_cel0.5,chunk_16,206,cosine_similarity,-1.0913936421275139e-10,48
sign_test_cel0.5,chunk_16,206,wt_mean,-2.66684460972777e-12,48
sign_test_cel0.5,chunk_16,207,GR,27.282036150495212,48
sign_test_cel0.5,chunk_16,207,IPC,8.604530820002159,48
sign_test_cel0.5,chunk_16,207,KR,13.705303256710371,48
sign_test_cel0.5,chunk_16,207,MC,6.790726783374946,48
sign_test_cel0.5,chunk_16,207,cosine_similarity,-1.5425030142068863e-09,48
sign_test_cel0.5,chunk_16,207,wt_mean,5.00033358902946e-12,48
sign_test_cel0.5,chunk_16,208,GR,28.75628973543644,48
sign_test_cel0.5,chunk_16,208,IPC,9.594247521211704,48
sign_test_cel0.5,chunk_16,208,KR,14.654300719499588,48
sign_test_cel0.5,chunk_16,208,MC,7.498737861712773,48
sign_test_cel0.5,chunk_16,208,cosine_similarity,-3.2014213502407074e-10,48
sign_test_cel0.5,chunk_16,208,wt_mean,-2.66684460972777e-12,48
sign_test_cel0.5,chunk_16,209,GR,32.82944361368815,48
sign_test_cel0.5,chunk_16,209,IPC,9.987122471133867,48
sign_test_cel0.5,chunk_16,209,KR,17.0405120352904,48
sign_test_cel0.5,chunk_16,209,MC,8.050097544987997,48
sign_test_cel0.5,chunk_16,209,cosine_similarity,-7.421476766467093e-10,48
sign_test_cel0.5,chunk_16,209,wt_mean,1.333422304863885e-12,48
sign_test_cel0.5,chunk_16,210,GR,21.33828853070736,48
sign_test_cel0.5,chunk_16,210,IPC,9.54241730645299,48
sign_test_cel0.5,chunk_16,210,KR,10.674130290746689,48
sign_test_cel0.5,chunk_16,210,MC,7.016577872137229,48
sign_test_cel0.5,chunk_16,210,cosine_similarity,2.40106601268053e-10,48
sign_test_cel0.5,chunk_16,210,wt_mean,-5.33368921945554e-12,48
sign_test_cel0.5,chunk_16,211,GR,35.460667088627815,48
sign_test_cel0.5,chunk_16,211,IPC,8.725314671794573,48
sign_test_cel0.5,chunk_16,211,KR,18.74225491285324,48
sign_test_cel0.5,chunk_16,211,MC,7.441656544804573,48
sign_test_cel0.5,chunk_16,211,cosine_similarity,1.6007106751203537e-10,48
sign_test_cel0.5,chunk_16,211,wt_mean,-4.000267348272524e-12,48
sign_test_cel0.5,chunk_16,212,GR,21.45077393949032,48
sign_test_cel0.5,chunk_16,212,IPC,9.075222093611956,48
sign_test_cel0.5,chunk_16,212,KR,10.797112355629602,48
sign_test_cel0.5,chunk_16,212,MC,7.564272418618202,48
sign_test_cel0.5,chunk_16,212,cosine_similarity,-9.094947017729282e-10,48
sign_test_cel0.5,chunk_16,212,wt_mean,6.667110440117252e-13,48
sign_test_cel0.5,chunk_16,213,GR,26.10829710463683,48
sign_test_cel0.5,chunk_16,213,IPC,9.310357339680195,48
sign_test_cel0.5,chunk_16,213,KR,13.147401943802834,48
sign_test_cel0.5,chunk_16,213,MC,7.195936441421509,48
sign_test_cel0.5,chunk_16,213,cosine_similarity,1.0913936421275139e-10,48
sign_test_cel0.5,chunk_16,213,wt_mean,-6.667112608521597e-13,48
sign_test_cel0.5,chunk_17,214,GR,31.40057162940502,48
sign_test_cel0.5,chunk_17,214,IPC,9.763579672823349,48
sign_test_cel0.5,chunk_17,214,KR,15.542792831858,48
sign_test_cel0.5,chunk_17,214,MC,7.597948635617892,48
sign_test_cel0.5,chunk_17,214,cosine_similarity,7.639755494892597e-10,48
sign_test_cel0.5,chunk_17,214,wt_mean,-8.000534046023744e-12,48
sign_test_cel0.5,chunk_17,215,GR,26.175441270073254,48
sign_test_cel0.5,chunk_17,215,IPC,9.642669452975193,48
sign_test_cel0.5,chunk_17,215,KR,12.992064744234085,48
sign_test_cel0.5,chunk_17,215,MC,7.182521154483159,48
sign_test_cel0.5,chunk_17,215,cosine_similarity,1.89174897968769e-10,48
sign_test_cel0.5,chunk_17,215,wt_mean,-1.333422304863885e-12,48
sign_test_cel0.5,chunk_17,216,GR,27.637742494543392,48
sign_test_cel0.5,chunk_17,216,IPC,9.363254077732563,48
sign_test_cel0.5,chunk_17,216,KR,14.500453914205233,48
sign_test_cel0.5,chunk_17,216,MC,7.462521110971768,48
sign_test_cel0.5,chunk_17,216,cosine_similarity,-5.675246939063071e-10,48
sign_test_cel0.5,chunk_17,216,wt_mean,1.3334225217043194e-12,48
sign_test_cel0.5,chunk_17,217,GR,23.635321974754333,48
sign_test_cel0.5,chunk_17,217,IPC,9.754480836292108,48
sign_test_cel0.5,chunk_17,217,KR,11.69461147983869,48
sign_test_cel0.5,chunk_17,217,MC,6.922254607081413,48
sign_test_cel0.5,chunk_17,217,cosine_similarity,-8.731149137020116e-11,48
sign_test_cel0.5,chunk_17,217,wt_mean,3.333556846361885e-13,48
sign_test_cel0.5,chunk_17,218,GR,20.531711573402088,48
sign_test_cel0.5,chunk_17,218,IPC,9.542866454770168,48
sign_test_cel0.5,chunk_17,218,KR,10.197348748644194,48
sign_test_cel0.5,chunk_17,218,MC,7.08595356841882,48
sign_test_cel0.5,chunk_17,218,cosine_similarity,1.8480932340025902e-09,48
sign_test_cel0.5,chunk_17,218,wt_mean,2.66684460972777e-12,48
sign_test_cel0.5,chunk_17,219,GR,35.478756830096245,48
sign_test_cel0.5,chunk_17,219,IPC,10.138413958251476,48
sign_test_cel0.5,chunk_17,219,KR,18.48241354028384,48
sign_test_cel0.5,chunk_17,219,MC,7.981165120999019,48
sign_test_cel0.5,chunk_17,219,cosine_similarity,2.4665496312081814e-09,48
sign_test_cel0.5,chunk_17,219,wt_mean,4.333622761858169e-12,48
sign_test_cel0.5,chunk_17,220,GR,24.276579399903614,48
sign_test_cel0.5,chunk_17,220,IPC,9.111107510824999,48
sign_test_cel0.5,chunk_17,220,KR,12.21504993736744,48
sign_test_cel0.5,chunk_17,220,MC,7.203354636828105,48
sign_test_cel0.5,chunk_17,220,cosine_similarity,-2.1827872842550226e-11,48
sign_test_cel0.5,chunk_17,220,wt_mean,2.66684460972777e-12,48
sign_test_cel0.5,chunk_17,221,GR,36.93207001686096,48
sign_test_cel0.5,chunk_17,221,IPC,9.910016614943743,48
sign_test_cel0.5,chunk_17,221,KR,19.397099420428276,48
sign_test_cel0.5,chunk_17,221,MC,7.556635374824206,48
sign_test_cel0.5,chunk_17,221,cosine_similarity,2.61206878349185e-09,48
sign_test_cel0.5,chunk_17,221,wt_mean,8.667245306875904e-12,48
sign_test_cel0.5,chunk_17,222,GR,28.509203419089317,48
sign_test_cel0.5,chunk_17,222,IPC,10.233066437145075,48
sign_test_cel0.5,chunk_17,222,KR,15.173198158542315,48
sign_test_cel0.5,chunk_17,222,MC,7.795835569500923,48
sign_test_cel0.5,chunk_17,222,cosine_similarity,-9.60426405072212e-10,48
sign_test_cel0.5,chunk_17,222,wt_mean,-4.0002668061714375e-12,48
sign_test_cel0.5,chunk_17,223,GR,29.50709215303262,48
sign_test_cel0.5,chunk_17,223,IPC,10.036037549376488,48
sign_test_cel0.5,chunk_17,223,KR,15.537935987114906,48
sign_test_cel0.5,chunk_17,223,MC,7.902617871761322,48
sign_test_cel0.5,chunk_17,223,cosine_similarity,-7.203198038041593e-10,48
sign_test_cel0.5,chunk_17,223,wt_mean,-1.333422304863885e-12,48
sign_test_cel0.5,chunk_17,224,GR,26.8139916708072,48
sign_test_cel0.5,chunk_17,224,IPC,10.559388782829046,48
sign_test_cel0.5,chunk_17,224,KR,13.980830157796541,48
sign_test_cel0.5,chunk_17,224,MC,8.123774449030558,48
sign_test_cel0.5,chunk_17,224,cosine_similarity,-6.184563972055912e-10,48
sign_test_cel0.5,chunk_17,224,wt_mean,-8.00053382918331e-12,48
sign_test_cel0.5,chunk_17,225,GR,30.900080367922783,48
sign_test_cel0.5,chunk_17,225,IPC,9.669011609007915,48
sign_test_cel0.5,chunk_17,225,KR,15.024877687295279,48
sign_test_cel0.5,chunk_17,225,MC,7.725049714247386,48
sign_test_cel0.5,chunk_17,225,cosine_similarity,4.147295840084552e-10,48
sign_test_cel0.5,chunk_17,225,wt_mean,1.333422304863885e-12,48
sign_test_cel0.5,chunk_18,226,GR,30.539366727073986,48
sign_test_cel0.5,chunk_18,226,IPC,9.247839141637087,48
sign_test_cel0.5,chunk_18,226,KR,15.230894779165586,48
sign_test_cel0.5,chunk_18,226,MC,6.987031355500221,48
sign_test_cel0.5,chunk_18,226,cosine_similarity,1.3751559890806675e-09,48
sign_test_cel0.5,chunk_18,226,wt_mean,1.333422304863885e-12,48
sign_test_cel0.5,chunk_18,227,GR,30.721353660027187,48
sign_test_cel0.5,chunk_18,227,IPC,9.881552533557018,48
sign_test_cel0.5,chunk_18,227,KR,16.109120801091194,48
sign_test_cel0.5,chunk_18,227,MC,7.643431191643079,48
sign_test_cel0.5,chunk_18,227,cosine_similarity,-7.275957614183426e-11,48
sign_test_cel0.5,chunk_18,227,wt_mean,4.0002672398523065e-12,48
sign_test_cel0.5,chunk_18,228,GR,25.28287972509861,48
sign_test_cel0.5,chunk_18,228,IPC,9.989623823513588,48
sign_test_cel0.5,chunk_18,228,KR,13.32413163781166,48
sign_test_cel0.5,chunk_18,228,MC,7.585369383295377,48
sign_test_cel0.5,chunk_18,228,cosine_similarity,-1.7680577002465725e-09,48
sign_test_cel0.5,chunk_18,228,wt_mean,3.666911175745358e-12,48
sign_test_cel0.5,chunk_18,229,GR,25.29149137934049,48
sign_test_cel0.5,chunk_18,229,IPC,9.645829336096844,48
sign_test_cel0.5,chunk_18,229,KR,12.845867723226547,48
sign_test_cel0.5,chunk_18,229,MC,7.144190549850464,48
sign_test_cel0.5,chunk_18,229,cosine_similarity,-6.766640581190586e-10,48
sign_test_cel0.5,chunk_18,229,wt_mean,-4.000266914591655e-12,48
sign_test_cel0.5,chunk_18,230,GR,21.008551329374313,48
sign_test_cel0.5,chunk_18,230,IPC,8.98663784811894,48
sign_test_cel0.5,chunk_18,230,KR,10.925211365024248,48
sign_test_cel0.5,chunk_18,230,MC,7.230024263262749,48
sign_test_cel0.5,chunk_18,230,cosine_similarity,1.1932570487260818e-09,48
sign_test_cel0.5,chunk_18,230,wt_mean,-1.3334220880234504e-12,48
sign_test_cel0.5,chunk_18,231,GR,24.772541602452595,48
sign_test_cel0.5,chunk_18,231,IPC,9.603531438857317,48
sign_test_cel0.5,chunk_18,231,KR,12.7910066395998,48
sign_test_cel0.5,chunk_18,231,MC,7.3794726977745695,48
sign_test_cel0.5,chunk_18,231,cosine_similarity,-5.384208634495734e-10,48
sign_test_cel0.5,chunk_18,231,wt_mean,2.666844718147987e-12,48
sign_test_cel0.5,chunk_18,232,GR,19.149135023355484,48
sign_test_cel0.5,chunk_18,232,IPC,9.86019661401709,48
sign_test_cel0.5,chunk_18,232,KR,9.869553516308466,48
sign_test_cel0.5,chunk_18,232,MC,7.447938318053882,48
sign_test_cel0.5,chunk_18,232,cosine_similarity,1.6079866327345371e-09,48
sign_test_cel0.5,chunk_18,232,wt_mean,2.66684460972777e-12,48
sign_test_cel0.5,chunk_18,233,GR,30.334842711687088,48
sign_test_cel0.5,chunk_18,233,IPC,9.430599201470613,48
sign_test_cel0.5,chunk_18,233,KR,15.070275763670603,48
sign_test_cel0.5,chunk_18,233,MC,7.357167993982633,48
sign_test_cel0.5,chunk_18,233,cosine_similarity,1.8699211068451405e-09,48
sign_test_cel0.5,chunk_18,233,wt_mean,6.667115861128114e-13,48
sign_test_cel0.5,chunk_18,234,GR,31.601155276099842,48
sign_test_cel0.5,chunk_18,234,IPC,9.630317067106565,48
sign_test_cel0.5,chunk_18,234,KR,16.702320843935013,48
sign_test_cel0.5,chunk_18,234,MC,7.759166245659192,48
sign_test_cel0.5,chunk_18,234,cosine_similarity,1.5643308870494366e-09,48
sign_test_cel0.5,chunk_18,234,wt_mean,4.000266914591655e-12,48
sign_test_cel0.5,chunk_18,235,GR,24.06624562541644,48
sign_test_cel0.5,chunk_18,235,IPC,10.04817545041442,48
sign_test_cel0.5,chunk_18,235,KR,12.217168599367142,48
sign_test_cel0.5,chunk_18,235,MC,7.470301538705826,48
sign_test_cel0.5,chunk_18,235,cosine_similarity,-3.5652192309498787e-10,48
sign_test_cel0.5,chunk_18,235,wt_mean,0.0,48
sign_test_cel0.5,chunk_18,236,GR,23.25715631743272,48
sign_test_cel0.5,chunk_18,236,IPC,9.670277842630943,48
sign_test_cel0.5,chunk_18,236,KR,12.120438446601232,48
sign_test_cel0.5,chunk_18,236,MC,7.275795350472133,48
sign_test_cel0.5,chunk_18,236,cosine_similarity,4.947651177644731e-10,48
sign_test_cel0.5,chunk_18,236,wt_mean,4.000266914591655e-12,48
sign_test_cel0.5,chunk_18,237,GR,24.909765248497326,48
sign_test_cel0.5,chunk_18,237,IPC,9.320470208923021,48
sign_test_cel0.5,chunk_18,237,KR,13.141249482830366,48
sign_test_cel0.5,chunk_18,237,MC,7.479984641075134,48
sign_test_cel0.5,chunk_18,237,cosine_similarity,2.1827872842550278e-10,48
sign_test_cel0.5,chunk_18,237,wt_mean,1.333422304863885e-12,48
sign_test_cel0.5,chunk_19,238,GR,19.34459023674329,48
sign_test_cel0.5,chunk_19,238,IPC,8.935253015408913,48
sign_test_cel0.5,chunk_19,238,KR,10.11069626112779,48
sign_test_cel0.5,chunk_19,238,MC,7.138242880503337,48
sign_test_cel0.5,chunk_19,238,cosine_similarity,9.74978320300579e-10,48
sign_test_cel0.5,chunk_19,238,wt_mean,6.6671115243194246e-12,48
sign_test_cel0.5,chunk_19,239,GR,36.41788059473038,48
sign_test_cel0.5,chunk_19,239,IPC,9.247557379305363,48
sign_test_cel0.5,chunk_19,239,KR,18.748345534006756,48
sign_test_cel0.5,chunk_19,239,MC,7.357023932039738,48
sign_test_cel0.5,chunk_19,239,cosine_similarity,-4.656612873077394e-10,48
sign_test_cel0.5,chunk_19,239,wt_mean,5.33368921945554e-12,48
sign_test_cel0.5,chunk_19,240,GR,36.46085834503174,48
sign_test_cel0.5,chunk_19,240,IPC,9.994992698232332,48
sign_test_cel0.5,chunk_19,240,KR,18.889247556527454,48
sign_test_cel0.5,chunk_19,240,MC,7.8132115205128985,48
sign_test_cel0.5,chunk_19,240,cosine_similarity,2.1100277081131925e-10,48
sign_test_cel0.5,chunk_19,240,wt_mean,-8.00053382918331e-12,48
sign_test_cel0.5,chunk_19,241,GR,27.441044251124065,48
sign_test_cel0.5,chunk_19,241,IPC,9.636867389082909,48
sign_test_cel0.5,chunk_19,241,KR,13.896827469269434,48
sign_test_cel0.5,chunk_19,241,MC,7.394715192417304,48
sign_test_cel0.5,chunk_19,241,cosine_similarity,-8.803908713161944e-10,48
sign_test_cel0.5,chunk_19,241,wt_mean,-2.0001334572958274e-12,48
sign_test_cel0.5,chunk_19,242,GR,26.091937765479088,48
sign_test_cel0.5,chunk_19,242,IPC,10.910910899440447,48
sign_test_cel0.5,chunk_19,242,KR,13.297610327601433,48
sign_test_cel0.5,chunk_19,242,MC,8.059241424004236,48
sign_test_cel0.5,chunk_19,242,cosine_similarity,-1.1568772606551647e-09,48
sign_test_cel0.5,chunk_19,242,wt_mean,-2.66684460972777e-12,48
sign_test_cel0.5,chunk_19,243,GR,33.76024650037289,48
sign_test_cel0.5,chunk_19,243,IPC,9.19037040323019,48
sign_test_cel0.5,chunk_19,243,KR,16.72636203964551,48
sign_test_cel0.5,chunk_19,243,MC,7.362371678153674,48
sign_test_cel0.5,chunk_19,243,cosine_similarity,-2.6193447411060333e-10,48
sign_test_cel0.5,chunk_19,243,wt_mean,3.333555653739495e-12,48
sign_test_cel0.5,chunk_19,244,GR,30.384331708153088,48
sign_test_cel0.5,chunk_19,244,IPC,9.88818142314752,48
sign_test_cel0.5,chunk_19,244,KR,15.927513594428698,48
sign_test_cel0.5,chunk_19,244,MC,8.068257361650467,48
sign_test_cel0.5,chunk_19,244,cosine_similarity,-1.2369127944111821e-10,48
sign_test_cel0.5,chunk_19,244,wt_mean,-5.33368921945554e-12,48
sign_test_cel0.5,chunk_19,245,GR,30.27053347726663,48
sign_test_cel0.5,chunk_19,245,IPC,10.190784008552631,48
sign_test_cel0.5,chunk_19,245,KR,16.36930577456951,48
sign_test_cel0.5,chunk_19,245,MC,8.036989137530327,48
sign_test_cel0.5,chunk_19,245,cosine_similarity,-1.0040821507573126e-09,48
sign_test_cel0.5,chunk_19,245,wt_mean,1.333422304863885e-12,48
sign_test_cel0.5,chunk_19,246,GR,21.602521712581318,48
sign_test_cel0.5,chunk_19,246,IPC,9.738909670462212,48
sign_test_cel0.5,chunk_19,246,KR,10.990055814385414,48
sign_test_cel0.5,chunk_19,246,MC,7.227293461561203,48
sign_test_cel0.5,chunk_19,246,cosine_similarity,4.365574568510061e-11,48
sign_test_cel0.5,chunk_19,246,wt_mean,-1.333422304863885e-12,48
sign_test_cel0.5,chunk_19,247,GR,34.703254491090775,48
sign_test_cel0.5,chunk_19,247,IPC,9.179068248718977,48
sign_test_cel0.5,chunk_19,247,KR,17.749270011981327,48
sign_test_cel0.5,chunk_19,247,MC,7.1367455422878265,48
sign_test_cel0.5,chunk_19,247,cosine_similarity,6.83940015733242e-10,48
sign_test_cel0.5,chunk_19,247,wt_mean,2.000133240455393e-12,48
sign_test_cel0.5,chunk_19,248,GR,20.452447921037674,48
sign_test_cel0.5,chunk_19,248,IPC,10.0900799681743,48
sign_test_cel0.5,chunk_19,248,KR,10.88757461309433,48
sign_test_cel0.5,chunk_19,248,MC,7.544216260313988,48
sign_test_cel0.5,chunk_19,248,cosine_similarity,-9.60426405072212e-10,48
sign_test_cel0.5,chunk_19,248,wt_mean,0.0,48
sign_test_cel0.5,chunk_19,249,GR,33.163142124811806,48
sign_test_cel0.5,chunk_19,249,IPC,9.634914961953958,48
sign_test_cel0.5,chunk_19,249,KR,16.94814442594846,48
sign_test_cel0.5,chunk_19,249,MC,7.494451016187668,48
sign_test_cel0.5,chunk_19,249,cosine_similarity,1.3096723705530164e-10,48
sign_test_cel0.5,chunk_19,249,wt_mean,1.4667645245082517e-11,48
sign_test_cel0.5,chunk_2,26,GR,22.70555612941583,48
sign_test_cel0.5,chunk_2,26,IPC,9.635887780537209,48
sign_test_cel0.5,chunk_2,26,KR,11.414091030756632,48
sign_test_cel0.5,chunk_2,26,MC,7.711082701881726,48
sign_test_cel0.5,chunk_2,26,cosine_similarity,-1.2369127944111824e-09,48
sign_test_cel0.5,chunk_2,26,wt_mean,6.667112608521597e-13,48
sign_test_cel0.5,chunk_2,27,GR,25.0931662072738,48
sign_test_cel0.5,chunk_2,27,IPC,9.660202044993639,48
sign_test_cel0.5,chunk_2,27,KR,13.104831705490747,48
sign_test_cel0.5,chunk_2,27,MC,7.802901854117711,48
sign_test_cel0.5,chunk_2,27,cosine_similarity,-6.548361852765082e-10,48
sign_test_cel0.5,chunk_2,27,wt_mean,0.0,48
sign_test_cel0.5,chunk_2,28,GR,24.663045222560566,48
sign_test_cel0.5,chunk_2,28,IPC,10.467606350779533,48
sign_test_cel0.5,chunk_2,28,KR,12.500314916173616,48
sign_test_cel0.5,chunk_2,28,MC,8.167451485991478,48
sign_test_cel0.5,chunk_2,28,cosine_similarity,-2.3283064365386963e-10,48
sign_test_cel0.5,chunk_2,28,wt_mean,4.0002668061714375e-12,48
sign_test_cel0.5,chunk_2,29,GR,23.930345063408215,48
sign_test_cel0.5,chunk_2,29,IPC,8.794704695542654,48
sign_test_cel0.5,chunk_2,29,KR,11.461580882469812,48
sign_test_cel0.5,chunk_2,29,MC,6.90821207811435,48
sign_test_cel0.5,chunk_2,29,cosine_similarity,-1.6807462088763714e-09,48
sign_test_cel0.5,chunk_2,29,wt_mean,2.33348897930169e-12,48
sign_test_cel0.5,chunk_2,30,GR,33.57780906558037,48
sign_test_cel0.5,chunk_2,30,IPC,8.433893353988728,48
sign_test_cel0.5,chunk_2,30,KR,17.433661555250485,48
sign_test_cel0.5,chunk_2,30,MC,6.881799494226773,48
sign_test_cel0.5,chunk_2,30,cosine_similarity,-8.658389560878276e-10,48
sign_test_cel0.5,chunk_2,30,wt_mean,-2.66684460972777e-12,48
sign_test_cel0.5,chunk_2,31,GR,31.91890578965346,48
sign_test_cel0.5,chunk_2,31,IPC,8.752932901183764,48
sign_test_cel0.5,chunk_2,31,KR,16.55375360449155,48
sign_test_cel0.5,chunk_2,31,MC,7.482213377952576,48
sign_test_cel0.5,chunk_2,31,cosine_similarity,6.548361852765084e-10,48
sign_test_cel0.5,chunk_2,31,wt_mean,1.333422304863885e-12,48
sign_test_cel0.5,chunk_2,32,GR,36.84054256975651,48
sign_test_cel0.5,chunk_2,32,IPC,9.009506411850452,48
sign_test_cel0.5,chunk_2,32,KR,19.912816564242046,48
sign_test_cel0.5,chunk_2,32,MC,7.465494220455487,48
sign_test_cel0.5,chunk_2,32,cosine_similarity,-1.1496013030409813e-09,48
sign_test_cel0.5,chunk_2,32,wt_mean,8.667245198455686e-12,48
sign_test_cel0.5,chunk_2,33,GR,22.317886968453724,48
sign_test_cel0.5,chunk_2,33,IPC,10.23554920653502,48
sign_test_cel0.5,chunk_2,33,KR,12.051719680428505,48
sign_test_cel0.5,chunk_2,33,MC,7.997980480392774,48
sign_test_cel0.5,chunk_2,33,cosine_similarity,-8.003553375601768e-11,48
sign_test_cel0.5,chunk_2,33,wt_mean,-1.0000669996984568e-12,48
sign_test_cel0.5,chunk_2,34,GR,21.5927986651659,48
sign_test_cel0.5,chunk_2,34,IPC,9.453398949156204,48
sign_test_cel0.5,chunk_2,34,KR,11.026989286144575,48
sign_test_cel0.5,chunk_2,34,MC,7.2650236040353775,48
sign_test_cel0.5,chunk_2,34,cosine_similarity,-4.94765117764473e-10,48
sign_test_cel0.5,chunk_2,34,wt_mean,-2.00013334887561e-12,48
sign_test_cel0.5,chunk_2,35,GR,33.72667924066385,48
sign_test_cel0.5,chunk_2,35,IPC,8.674636586258808,48
sign_test_cel0.5,chunk_2,35,KR,17.125507881244022,48
sign_test_cel0.5,chunk_2,35,MC,7.529095480839412,48
sign_test_cel0.5,chunk_2,35,cosine_similarity,-2.692104317247866e-10,48
sign_test_cel0.5,chunk_2,35,wt_mean,-4.000266914591655e-12,48
sign_test_cel0.5,chunk_2,36,GR,25.997124458352726,48
sign_test_cel0.5,chunk_2,36,IPC,9.695583052933216,48
sign_test_cel0.5,chunk_2,36,KR,13.429140816132227,48
sign_test_cel0.5,chunk_2,36,MC,7.498606090744336,48
sign_test_cel0.5,chunk_2,36,cosine_similarity,1.0113581083714962e-09,48
sign_test_cel0.5,chunk_2,36,wt_mean,4.0002668061714375e-12,48
sign_test_cel0.5,chunk_2,37,GR,30.40293323000272,48
sign_test_cel0.5,chunk_2,37,IPC,8.958274204283953,48
sign_test_cel0.5,chunk_2,37,KR,15.395596106847128,48
sign_test_cel0.5,chunk_2,37,MC,7.0476337894797325,48
sign_test_cel0.5,chunk_2,37,cosine_similarity,3.637978807091713e-11,48
sign_test_cel0.5,chunk_2,37,wt_mean,3.3335557621597123e-13,48
sign_test_cel0.5,chunk_2,38,GR,28.551787147919338,48
sign_test_cel0.5,chunk_2,38,IPC,9.48651977131764,48
sign_test_cel0.5,chunk_2,38,KR,14.756910572449366,48
sign_test_cel0.5,chunk_2,38,MC,7.509188522895177,48
sign_test_cel0.5,chunk_2,38,cosine_similarity,1.7680577002465725e-09,48
sign_test_cel0.5,chunk_2,38,wt_mean,-4.000266914591655e-12,48
sign_test_cel0.5,chunk_3,39,GR,22.29870191713174,48
sign_test_cel0.5,chunk_3,39,IPC,10.514160335063934,48
sign_test_cel0.5,chunk_3,39,KR,10.9814363270998,48
sign_test_cel0.5,chunk_3,39,MC,7.720567584037781,48
sign_test_cel0.5,chunk_3,39,cosine_similarity,2.9831426218152046e-10,48
sign_test_cel0.5,chunk_3,39,wt_mean,-2.66684460972777e-12,48
sign_test_cel0.5,chunk_3,40,GR,32.95002916455269,48
sign_test_cel0.5,chunk_3,40,IPC,9.780082082996765,48
sign_test_cel0.5,chunk_3,40,KR,17.822129319111507,48
sign_test_cel0.5,chunk_3,40,MC,7.459596162041028,48
sign_test_cel0.5,chunk_3,40,cosine_similarity,8.876668289303779e-10,48
sign_test_cel0.5,chunk_3,40,wt_mean,1.3334225217043194e-12,48
sign_test_cel0.5,chunk_3,41,GR,33.69751316805681,48
sign_test_cel0.5,chunk_3,41,IPC,9.216019347310066,48
sign_test_cel0.5,chunk_3,41,KR,16.870775441328686,48
sign_test_cel0.5,chunk_3,41,MC,7.557586376865705,48
sign_test_cel0.5,chunk_3,41,cosine_similarity,-8.585629984736443e-10,48
sign_test_cel0.5,chunk_3,41,wt_mean,-5.00033358902946e-12,48
sign_test_cel0.5,chunk_3,42,GR,36.17078570028146,48
sign_test_cel0.5,chunk_3,42,IPC,9.669667515903711,48
sign_test_cel0.5,chunk_3,42,KR,18.81530278424422,48
sign_test_cel0.5,chunk_3,42,MC,7.715392897526423,48
sign_test_cel0.5,chunk_3,42,cosine_similarity,-3.565219230949878e-10,48
sign_test_cel0.5,chunk_3,42,wt_mean,0.0,48
sign_test_cel0.5,chunk_3,43,GR,25.887744694948196,48
sign_test_cel0.5,chunk_3,43,IPC,9.775827948004007,48
sign_test_cel0.5,chunk_3,43,KR,12.529818867643675,48
sign_test_cel0.5,chunk_3,43,MC,7.7757937759160995,48
sign_test_cel0.5,chunk_3,43,cosine_similarity,7.930793799459934e-10,48
sign_test_cel0.5,chunk_3,43,wt_mean,5.667044958301837e-12,48
sign_test_cel0.5,chunk_3,44,GR,30.599636549750965,48
sign_test_cel0.5,chunk_3,44,IPC,10.025126494467258,48
sign_test_cel0.5,chunk_3,44,KR,16.281257793307304,48
sign_test_cel0.5,chunk_3,44,MC,8.03585093220075,48
sign_test_cel0.5,chunk_3,44,cosine_similarity,-1.0113581083714962e-09,48
sign_test_cel0.5,chunk_3,44,wt_mean,1.333422304863885e-12,48
sign_test_cel0.5,chunk_3,45,GR,25.644177878896397,48
sign_test_cel0.5,chunk_3,45,IPC,9.777986207356056,48
sign_test_cel0.5,chunk_3,45,KR,13.75862991809845,48
sign_test_cel0.5,chunk_3,45,MC,7.547899266084035,48
sign_test_cel0.5,chunk_3,45,cosine_similarity,1.45519152283668e-11,48
sign_test_cel0.5,chunk_3,45,wt_mean,6.667112608521597e-13,48
sign_test_cel0.5,chunk_3,46,GR,19.20226964354515,48
sign_test_cel0.5,chunk_3,46,IPC,10.539724968373775,48
sign_test_cel0.5,chunk_3,46,KR,9.854684124390284,48
sign_test_cel0.5,chunk_3,46,MC,7.687188774347305,48
sign_test_cel0.5,chunk_3,46,cosine_similarity,-3.7107383832335457e-10,48
sign_test_cel0.5,chunk_3,46,wt_mean,-4.000266914591655e-12,48
sign_test_cel0.5,chunk_3,47,GR,28.22864654660225,48
sign_test_cel0.5,chunk_3,47,IPC,10.57047144944469,48
sign_test_cel0.5,chunk_3,47,KR,14.282675231496492,48
sign_test_cel0.5,chunk_3,47,MC,8.035983140269915,48
sign_test_cel0.5,chunk_3,47,cosine_similarity,-8.076312951743602e-10,48
sign_test_cel0.5,chunk_3,47,wt_mean,0.0,48
sign_test_cel0.5,chunk_3,48,GR,35.35663801431656,48
sign_test_cel0.5,chunk_3,48,IPC,9.642516604314247,48
sign_test_cel0.5,chunk_3,48,KR,18.525819331407547,48
sign_test_cel0.5,chunk_3,48,MC,7.634294420480728,48
sign_test_cel0.5,chunk_3,48,cosine_similarity,-8.876668289303779e-10,48
sign_test_cel0.5,chunk_3,48,wt_mean,1.333422304863885e-12,48
sign_test_cel0.5,chunk_3,49,GR,19.937132373452187,48
sign_test_cel0.5,chunk_3,49,IPC,9.552621737122536,48
sign_test_cel0.5,chunk_3,49,KR,10.394654840230942,48
sign_test_cel0.5,chunk_3,49,MC,6.690799390276273,48
sign_test_cel0.5,chunk_3,49,cosine_similarity,-1.1059455573558805e-09,48
sign_test_cel0.5,chunk_3,49,wt_mean,-8.000534046023744e-12,48
sign_test_cel0.5,chunk_3,50,GR,18.261589914560318,48
sign_test_cel0.5,chunk_3,50,IPC,10.413900842269262,48
sign_test_cel0.5,chunk_3,50,KR,9.633687118689219,48
sign_test_cel0.5,chunk_3,50,MC,7.546060775717099,48
sign_test_cel0.5,chunk_3,50,cosine_similarity,3.0559021979570384e-10,48
sign_test_cel0.5,chunk_3,50,wt_mean,-2.0001334572958274e-12,48
sign_test_cel0.5,chunk_3,51,GR,24.945515632629395,48
sign_test_cel0.5,chunk_3,51,IPC,9.351292942961058,48
sign_test_cel0.5,chunk_3,51,KR,12.693623160322508,48
sign_test_cel0.5,chunk_3,51,MC,7.604139360288779,48
sign_test_cel0.5,chunk_3,51,cosine_similarity,-1.6734702512621882e-10,48
sign_test_cel0.5,chunk_3,51,wt_mean,3.3335557621597123e-12,48
sign_test_cel0.5,chunk_4,52,GR,30.08386151989301,48
sign_test_cel0.5,chunk_4,52,IPC,9.8723492299517,48
sign_test_cel0.5,chunk_4,52,KR,15.92014309267203,48
sign_test_cel0.5,chunk_4,52,MC,7.692618285616239,48
sign_test_cel0.5,chunk_4,52,cosine_similarity,-2.182787284255028e-10,48
sign_test_cel0.5,chunk_4,52,wt_mean,7.333822676751367e-12,48
sign_test_cel0.5,chunk_4,53,GR,24.670244137446087,48
sign_test_cel0.5,chunk_4,53,IPC,9.269292706002792,48
sign_test_cel0.5,chunk_4,53,KR,12.136826013525328,48
sign_test_cel0.5,chunk_4,53,MC,6.760026102264722,48
sign_test_cel0.5,chunk_4,53,cosine_similarity,-3.565219230949879e-10,48
sign_test_cel0.5,chunk_4,53,wt_mean,-2.6668448265682043e-12,48
sign_test_cel0.5,chunk_4,54,GR,14.005110790332159,48
sign_test_cel0.5,chunk_4,54,IPC,9.829884720345339,48
sign_test_cel0.5,chunk_4,54,KR,7.231534058849017,48
sign_test_cel0.5,chunk_4,54,MC,6.897901142636935,48
sign_test_cel0.5,chunk_4,54,cosine_similarity,-3.055902197957039e-10,48
sign_test_cel0.5,chunk_4,54,wt_mean,3.166878001156781e-12,48
sign_test_cel0.5,chunk_4,55,GR,31.225275536378224,48
sign_test_cel0.5,chunk_4,55,IPC,9.308672623087963,48
sign_test_cel0.5,chunk_4,55,KR,15.862533857425055,48
sign_test_cel0.5,chunk_4,55,MC,7.2247162113587065,48
sign_test_cel0.5,chunk_4,55,cosine_similarity,-7.275957614183478e-12,48
sign_test_cel0.5,chunk_4,55,wt_mean,-5.333689436295974e-12,48
sign_test_cel0.5,chunk_4,56,GR,23.521719728906948,48
sign_test_cel0.5,chunk_4,56,IPC,8.773605539153019,48
sign_test_cel0.5,chunk_4,56,KR,11.773264144857725,48
sign_test_cel0.5,chunk_4,56,MC,7.403383816281955,48
sign_test_cel0.5,chunk_4,56,cosine_similarity,-1.7462298274040222e-10,48
sign_test_cel0.5,chunk_4,56,wt_mean,2.66684460972777e-12,48
sign_test_cel0.5,chunk_4,57,GR,28.61021699011326,48
sign_test_cel0.5,chunk_4,57,IPC,9.082107281933228,48
sign_test_cel0.5,chunk_4,57,KR,14.206885521610578,48
sign_test_cel0.5,chunk_4,57,MC,6.804954196015994,48
sign_test_cel0.5,chunk_4,57,cosine_similarity,-2.3719621822237964e-09,48
sign_test_cel0.5,chunk_4,57,wt_mean,4.666978067023597e-12,48
sign_test_cel0.5,chunk_4,58,GR,31.500537117322285,48
sign_test_cel0.5,chunk_4,58,IPC,9.11027184377114,48
sign_test_cel0.5,chunk_4,58,KR,16.17859196662903,48
sign_test_cel0.5,chunk_4,58,MC,6.914994952579339,48
sign_test_cel0.5,chunk_4,58,cosine_similarity,-7.785274647176266e-10,48
sign_test_cel0.5,chunk_4,58,wt_mean,-6.667111524319425e-13,48
sign_test_cel0.5,chunk_4,59,GR,21.517464518547058,48
sign_test_cel0.5,chunk_4,59,IPC,9.865676504870256,48
sign_test_cel0.5,chunk_4,59,KR,10.441098178426424,48
sign_test_cel0.5,chunk_4,59,MC,7.251818984746933,48
sign_test_cel0.5,chunk_4,59,cosine_similarity,1.8917489796876907e-10,48
sign_test_cel0.5,chunk_4,59,wt_mean,-5.33368921945554e-12,48
sign_test_cel0.5,chunk_4,60,GR,29.179638107617695,48
sign_test_cel0.5,chunk_4,60,IPC,9.365323066711426,48
sign_test_cel0.5,chunk_4,60,KR,15.42718754708767,48
sign_test_cel0.5,chunk_4,60,MC,7.4765099088350935,48
sign_test_cel0.5,chunk_4,60,cosine_similarity,9.313225746154785e-10,48
sign_test_cel0.5,chunk_4,60,wt_mean,2.66684460972777e-12,48
sign_test_cel0.5,chunk_4,61,GR,32.1076155602932,48
sign_test_cel0.5,chunk_4,61,IPC,9.315303657203913,48
sign_test_cel0.5,chunk_4,61,KR,16.21846469740073,48
sign_test_cel0.5,chunk_4,61,MC,7.039252504706383,48
sign_test_cel0.5,chunk_4,61,cosine_similarity,-2.03726813197136e-10,48
sign_test_cel0.5,chunk_4,61,wt_mean,1.133408926608237e-11,48
sign_test_cel0.5,chunk_4,62,GR,35.245228876670204,48
sign_test_cel0.5,chunk_4,62,IPC,9.901774036387602,48
sign_test_cel0.5,chunk_4,62,KR,18.32412479321162,48
sign_test_cel0.5,chunk_4,62,MC,7.9305500239133835,48
sign_test_cel0.5,chunk_4,62,cosine_similarity,1.3242242857813835e-09,48
sign_test_cel0.5,chunk_4,62,wt_mean,6.667111741159859e-12,48
sign_test_cel0.5,chunk_4,63,GR,28.482204735279083,48
sign_test_cel0.5,chunk_4,63,IPC,10.739696343739828,48
sign_test_cel0.5,chunk_4,63,KR,14.84988808631897,48
sign_test_cel0.5,chunk_4,63,MC,8.010562554001808,48
sign_test_cel0.5,chunk_4,63,cosine_similarity,7.130438461899756e-10,48
sign_test_cel0.5,chunk_4,63,wt_mean,-1.3334220880234504e-12,48
sign_test_cel0.5,chunk_4,64,GR,30.851654181877773,48
sign_test_cel0.5,chunk_4,64,IPC,9.857362783203522,48
sign_test_cel0.5,chunk_4,64,KR,16.42626629769802,48
sign_test_cel0.5,chunk_4,64,MC,7.653753280639648,48
sign_test_cel0.5,chunk_4,64,cosine_similarity,4.220055416226387e-10,48
sign_test_cel0.5,chunk_4,64,wt_mean,3.3335558705799295e-12,48
sign_test_cel0.5,chunk_5,65,GR,35.779057229558624,48
sign_test_cel0.5,chunk_5,65,IPC,9.533497090140978,48
sign_test_cel0.5,chunk_5,65,KR,18.255904247363407,48
sign_test_cel0.5,chunk_5,65,MC,7.566379100084305,48
sign_test_cel0.5,chunk_5,65,cosine_similarity,1.004082150757313e-09,48
sign_test_cel0.5,chunk_5,65,wt_mean,-2.00013334887561e-12,48
sign_test_cel0.5,chunk_5,66,GR,36.76761516928673,48
sign_test_cel0.5,chunk_5,66,IPC,9.649401914328337,48
sign_test_cel0.5,chunk_5,66,KR,19.191977510849636,48
sign_test_cel0.5,chunk_5,66,MC,7.541832198699315,48
sign_test_cel0.5,chunk_5,66,cosine_similarity,5.675246939063071e-10,48
sign_test_cel0.5,chunk_5,66,wt_mean,6.667110440117252e-13,48
sign_test_cel0.5,chunk_5,67,GR,31.677802175283432,48
sign_test_cel0.5,chunk_5,67,IPC,10.51714726909995,48
sign_test_cel0.5,chunk_5,67,KR,16.623047987620037,48
sign_test_cel0.5,chunk_5,67,MC,8.163108006119728,48
sign_test_cel0.5,chunk_5,67,cosine_similarity,-7.785274647176265e-10,48
sign_test_cel0.5,chunk_5,67,wt_mean,1.333422304863885e-12,48
sign_test_cel0.5,chunk_5,68,GR,31.393515517314274,48
sign_test_cel0.5,chunk_5,68,IPC,9.634876533101002,48
sign_test_cel0.5,chunk_5,68,KR,16.170074502627056,48
sign_test_cel0.5,chunk_5,68,MC,7.841009050607681,48
sign_test_cel0.5,chunk_5,68,cosine_similarity,-4.43833414465189e-10,48
sign_test_cel0.5,chunk_5,68,wt_mean,5.333689111035322e-12,48
sign_test_cel0.5,chunk_5,69,GR,40.13761456310749,48
sign_test_cel0.5,chunk_5,69,IPC,9.334406601885954,48
sign_test_cel0.5,chunk_5,69,KR,21.58860960106055,48
sign_test_cel0.5,chunk_5,69,MC,7.647412682573001,48
sign_test_cel0.5,chunk_5,69,cosine_similarity,6.766640581190586e-10,48
sign_test_cel0.5,chunk_5,69,wt_mean,2.66684460972777e-12,48
sign_test_cel0.5,chunk_5,70,GR,27.627577135960262,48
sign_test_cel0.5,chunk_5,70,IPC,10.617320224642754,48
sign_test_cel0.5,chunk_5,70,KR,14.210811346769333,48
sign_test_cel0.5,chunk_5,70,MC,7.682617550094922,48
sign_test_cel0.5,chunk_5,70,cosine_similarity,-1.1859810911118984e-09,48
sign_test_cel0.5,chunk_5,70,wt_mean,-3.3335558705799295e-12,48
sign_test_cel0.5,chunk_5,71,GR,33.83957786858082,48
sign_test_cel0.5,chunk_5,71,IPC,9.300826250265041,48
sign_test_cel0.5,chunk_5,71,KR,17.26928207774957,48
sign_test_cel0.5,chunk_5,71,MC,7.418140108386676,48
sign_test_cel0.5,chunk_5,71,cosine_similarity,3.2741809263825417e-10,48
sign_test_cel0.5,chunk_5,71,wt_mean,-3.000200023313415e-12,48
sign_test_cel0.5,chunk_5,72,GR,25.31103527545929,48
sign_test_cel0.5,chunk_5,72,IPC,9.242425747215748,48
sign_test_cel0.5,chunk_5,72,KR,12.959104150533676,48
sign_test_cel0.5,chunk_5,72,MC,7.062697543452184,48
sign_test_cel0.5,chunk_5,72,cosine_similarity,-4.729372449219226e-10,48
sign_test_cel0.5,chunk_5,72,wt_mean,-2.33348897930169e-12,48
sign_test_cel0.5,chunk_5,73,GR,24.78674889107545,48
sign_test_cel0.5,chunk_5,73,IPC,9.093422684818506,48
sign_test_cel0.5,chunk_5,73,KR,12.202697282036146,48
sign_test_cel0.5,chunk_5,73,MC,6.982215101520221,48
sign_test_cel0.5,chunk_5,73,cosine_similarity,-4.4383341446518893e-10,48
sign_test_cel0.5,chunk_5,73,wt_mean,-8.667245306875904e-12,48
sign_test_cel0.5,chunk_5,74,GR,21.811356494824093,48
sign_test_cel0.5,chunk_5,74,IPC,10.670489852627119,48
sign_test_cel0.5,chunk_5,74,KR,11.048844009637833,48
sign_test_cel0.5,chunk_5,74,MC,7.787749831875165,48
sign_test_cel0.5,chunk_5,74,cosine_similarity,-3.4924596548080444e-10,48
sign_test_cel0.5,chunk_5,74,wt_mean,-7.333823002012019e-12,48
sign_test_cel0.5,chunk_5,75,GR,22.47820749382178,48
sign_test_cel0.5,chunk_5,75,IPC,9.641091477125883,48
sign_test_cel0.5,chunk_5,75,KR,11.209939628839493,48
sign_test_cel0.5,chunk_5,75,MC,7.068321739633878,48
sign_test_cel0.5,chunk_5,75,cosine_similarity,3.2014213502407074e-10,48
sign_test_cel0.5,chunk_5,75,wt_mean,-6.667111524319425e-13,48
sign_test_cel0.5,chunk_5,76,GR,33.35398064057032,48
sign_test_cel0.5,chunk_5,76,IPC,9.363559558987617,48
sign_test_cel0.5,chunk_5,76,KR,16.760010634859402,48
sign_test_cel0.5,chunk_5,76,MC,7.643834248185158,48
sign_test_cel0.5,chunk_5,76,cosine_similarity,-6.330083124339581e-10,48
sign_test_cel0.5,chunk_5,76,wt_mean,-6.667112608521597e-13,48
sign_test_cel0.5,chunk_5,77,GR,31.479675466815632,48
sign_test_cel0.5,chunk_5,77,IPC,9.946275131156048,48
sign_test_cel0.5,chunk_5,77,KR,15.995838781197866,48
sign_test_cel0.5,chunk_5,77,MC,7.907540671527386,48
sign_test_cel0.5,chunk_5,77,cosine_similarity,7.275957614183452e-12,48
sign_test_cel0.5,chunk_5,77,wt_mean,-5.33368921945554e-12,48
sign_test_cel0.5,chunk_6,78,GR,27.73316897948583,48
sign_test_cel0.5,chunk_6,78,IPC,8.78572785978516,48
sign_test_cel0.5,chunk_6,78,KR,14.321177646517754,48
sign_test_cel0.5,chunk_6,78,MC,7.621905068556468,48
sign_test_cel0.5,chunk_6,78,cosine_similarity,9.458744898438454e-11,48
sign_test_cel0.5,chunk_6,78,wt_mean,-4.000267131432089e-12,48
sign_test_cel0.5,chunk_6,79,GR,22.430048063397408,48
sign_test_cel0.5,chunk_6,79,IPC,10.057115523765484,48
sign_test_cel0.5,chunk_6,79,KR,11.433386926849684,48
sign_test_cel0.5,chunk_6,79,MC,7.948056434591611,48
sign_test_cel0.5,chunk_6,79,cosine_similarity,-8.803908713161945e-10,48
sign_test_cel0.5,chunk_6,79,wt_mean,-2.0001334572958274e-12,48
sign_test_cel0.5,chunk_6,80,GR,21.493490065137546,48
sign_test_cel0.5,chunk_6,80,IPC,10.560104551414648,48
sign_test_cel0.5,chunk_6,80,KR,10.669394433498383,48
sign_test_cel0.5,chunk_6,80,MC,7.415808935960134,48
sign_test_cel0.5,chunk_6,80,cosine_similarity,-1.0186340659856796e-10,48
sign_test_cel0.5,chunk_6,80,wt_mean,-4.666978067023597e-12,48
sign_test_cel0.5,chunk_6,81,GR,32.129703198870025,48
sign_test_cel0.5,chunk_6,81,IPC,9.287478160113096,48
sign_test_cel0.5,chunk_6,81,KR,16.388881559173267,48
sign_test_cel0.5,chunk_6,81,MC,7.433456902702649,48
sign_test_cel0.5,chunk_6,81,cosine_similarity,1.200533006340265e-09,48
sign_test_cel0.5,chunk_6,81,wt_mean,-3.333555220058626e-13,48
sign_test_cel0.5,chunk_6,82,GR,22.33140617609024,48
sign_test_cel0.5,chunk_6,82,IPC,10.385074300070604,48
sign_test_cel0.5,chunk_6,82,KR,11.298873429497084,48
sign_test_cel0.5,chunk_6,82,MC,7.938104862968127,48
sign_test_cel0.5,chunk_6,82,cosine_similarity,7.858034223318099e-10,48
sign_test_cel0.5,chunk_6,82,wt_mean,5.33368921945554e-12,48
sign_test_cel0.5,chunk_6,83,GR,26.535483544071514,48
sign_test_cel0.5,chunk_6,83,IPC,8.935828160494566,48
sign_test_cel0.5,chunk_6,83,KR,13.150171503424644,48
sign_test_cel0.5,chunk_6,83,MC,6.57570665081342,48
sign_test_cel0.5,chunk_6,83,cosine_similarity,-1.8189894035458565e-10,48
sign_test_cel0.5,chunk_6,83,wt_mean,6.333755893893345e-12,48
sign_test_cel0.5,chunk_6,84,GR,27.468412821491558,48
sign_test_cel0.5,chunk_6,84,IPC,10.339678443968296,48
sign_test_cel0.5,chunk_6,84,KR,14.352647935350737,48
sign_test_cel0.5,chunk_6,84,MC,7.932402059435844,48
sign_test_cel0.5,chunk_6,84,cosine_similarity,-9.458744898438454e-10,48
sign_test_cel0.5,chunk_6,84,wt_mean,2.0001334572958274e-12,48
sign_test_cel0.5,chunk_6,85,GR,31.921382784843445,48
sign_test_cel0.5,chunk_6,85,IPC,10.259391363710165,48
sign_test_cel0.5,chunk_6,85,KR,16.96980956196785,48
sign_test_cel0.5,chunk_6,85,MC,7.6724119782447815,48
sign_test_cel0.5,chunk_6,85,cosine_similarity,1.2369127944111824e-10,48
sign_test_cel0.5,chunk_6,85,wt_mean,-4.336808689942018e-19,48
sign_test_cel0.5,chunk_6,86,GR,26.826824883619945,48
sign_test_cel0.5,chunk_6,86,IPC,9.940728466957808,48
sign_test_cel0.5,chunk_6,86,KR,14.064706027507782,48
sign_test_cel0.5,chunk_6,86,MC,7.665362705787023,48
sign_test_cel0.5,chunk_6,86,cosine_similarity,4.729372449219226e-10,48
sign_test_cel0.5,chunk_6,86,wt_mean,8.000533937603527e-12,48
sign_test_cel0.5,chunk_6,87,GR,30.888844673832256,48
sign_test_cel0.5,chunk_6,87,IPC,9.379169867684444,48
sign_test_cel0.5,chunk_6,87,KR,15.72504131992658,48
sign_test_cel0.5,chunk_6,87,MC,7.632385825117429,48
sign_test_cel0.5,chunk_6,87,cosine_similarity,-2.91038304567337e-10,48
sign_test_cel0.5,chunk_6,87,wt_mean,0.0,48
sign_test_cel0.5,chunk_6,88,GR,36.09144831697146,48
sign_test_cel0.5,chunk_6,88,IPC,8.79818590482076,48
sign_test_cel0.5,chunk_6,88,KR,18.902412220835686,48
sign_test_cel0.5,chunk_6,88,MC,7.690688706934452,48
sign_test_cel0.5,chunk_6,88,cosine_similarity,5.82076609134674e-10,48
sign_test_cel0.5,chunk_6,88,wt_mean,8.00053382918331e-12,48
sign_test_cel0.5,chunk_6,89,GR,28.2014190107584,48
sign_test_cel0.5,chunk_6,89,IPC,10.006685410936674,48
sign_test_cel0.5,chunk_6,89,KR,14.49962610999743,48
sign_test_cel0.5,chunk_6,89,MC,8.000266328454018,48
sign_test_cel0.5,chunk_6,89,cosine_similarity,1.5133991837501524e-09,48
sign_test_cel0.5,chunk_6,89,wt_mean,-1.3334225217043194e-12,48
sign_test_cel0.5,chunk_6,90,GR,28.973589917023975,48
sign_test_cel0.5,chunk_6,90,IPC,10.060736255099377,48
sign_test_cel0.5,chunk_6,90,KR,15.00342707335949,48
sign_test_cel0.5,chunk_6,90,MC,7.7127330750226974,48
sign_test_cel0.5,chunk_6,90,cosine_similarity,-8.731149137020116e-11,48
sign_test_cel0.5,chunk_6,90,wt_mean,-2.000133674136262e-12,48
sign_test_cel0.5,chunk_7,100,GR,28.107654412587483,48
sign_test_cel0.5,chunk_7,100,IPC,10.533737642069658,48
sign_test_cel0.5,chunk_7,100,KR,14.645534664392471,48
sign_test_cel0.5,chunk_7,100,MC,7.985898757974307,48
sign_test_cel0.5,chunk_7,100,cosine_similarity,1.5133991837501526e-09,48
sign_test_cel0.5,chunk_7,100,wt_mean,4.000266914591655e-12,48
sign_test_cel0.5,chunk_7,101,GR,14.868020181854567,48
sign_test_cel0.5,chunk_7,101,IPC,8.739940963685513,48
sign_test_cel0.5,chunk_7,101,KR,7.579577997326851,48
sign_test_cel0.5,chunk_7,101,MC,6.4680071622133255,48
sign_test_cel0.5,chunk_7,101,cosine_similarity,7.275957614183426e-10,48
sign_test_cel0.5,chunk_7,101,wt_mean,6.0004005887279166e-12,48
sign_test_cel0.5,chunk_7,102,GR,33.56625554462274,48
sign_test_cel0.5,chunk_7,102,IPC,9.649155529836813,48
sign_test_cel0.5,chunk_7,102,KR,16.983930220206577,48
sign_test_cel0.5,chunk_7,102,MC,7.658647378285726,48
sign_test_cel0.5,chunk_7,102,cosine_similarity,-7.34871719032526e-10,48
sign_test_cel0.5,chunk_7,102,wt_mean,6.000400263467265e-12,48
sign_test_cel0.5,chunk_7,103,GR,22.469520926475525,48
sign_test_cel0.5,chunk_7,103,IPC,9.643702252457539,48
sign_test_cel0.5,chunk_7,103,KR,11.411179800828299,48
sign_test_cel0.5,chunk_7,103,MC,7.207129706939061,48
sign_test_cel0.5,chunk_7,103,cosine_similarity,-3.710738383233547e-10,48
sign_test_cel0.5,chunk_7,103,wt_mean,5.000334076920437e-12,48
sign_test_cel0.5,chunk_7,91,GR,18.676009361942608,48
sign_test_cel0.5,chunk_7,91,IPC,10.41298729305466,48
sign_test_cel0.5,chunk_7,91,KR,9.614272758364677,48
sign_test_cel0.5,chunk_7,91,MC,7.624998112519582,48
sign_test_cel0.5,chunk_7,91,cosine_similarity,-1.0841176845133303e-09,48
sign_test_cel0.5,chunk_7,91,wt_mean,-3.000200185943741e-12,48
sign_test_cel0.5,chunk_7,92,GR,32.02231792112192,48
sign_test_cel0.5,chunk_7,92,IPC,10.409126343826452,48
sign_test_cel0.5,chunk_7,92,KR,16.86801906923453,48
sign_test_cel0.5,chunk_7,92,MC,8.018771623571714,48
sign_test_cel0.5,chunk_7,92,cosine_similarity,-9.822542779147623e-10,48
sign_test_cel0.5,chunk_7,92,wt_mean,2.66684460972777e-12,48
sign_test_cel0.5,chunk_7,93,GR,27.027837629119556,48
sign_test_cel0.5,chunk_7,93,IPC,9.942083864162365,48
sign_test_cel0.5,chunk_7,93,KR,13.579070776700974,48
sign_test_cel0.5,chunk_7,93,MC,7.467935208231211,48
sign_test_cel0.5,chunk_7,93,cosine_similarity,-3.783497959375382e-10,48
sign_test_cel0.5,chunk_7,93,wt_mean,2.168404344971009e-19,48
sign_test_cel0.5,chunk_7,94,GR,21.504420454303425,48
sign_test_cel0.5,chunk_7,94,IPC,10.138246276726326,48
sign_test_cel0.5,chunk_7,94,KR,11.162787745396296,48
sign_test_cel0.5,chunk_7,94,MC,7.657950659592946,48
sign_test_cel0.5,chunk_7,94,cosine_similarity,5.820766091346742e-10,48
sign_test_cel0.5,chunk_7,94,wt_mean,7.333822676751367e-12,48
sign_test_cel0.5,chunk_7,95,GR,26.776609554886818,48
sign_test_cel0.5,chunk_7,95,IPC,9.781983323395252,48
sign_test_cel0.5,chunk_7,95,KR,13.738684554894766,48
sign_test_cel0.5,chunk_7,95,MC,7.6210817359387875,48
sign_test_cel0.5,chunk_7,95,cosine_similarity,1.673470251262188e-09,48
sign_test_cel0.5,chunk_7,95,wt_mean,-6.667111524319425e-13,48
sign_test_cel0.5,chunk_7,96,GR,35.277869150042534,48
sign_test_cel0.5,chunk_7,96,IPC,8.888433568179607,48
sign_test_cel0.5,chunk_7,96,KR,18.538704469799995,48
sign_test_cel0.5,chunk_7,96,MC,7.429678812623024,48
sign_test_cel0.5,chunk_7,96,cosine_similarity,3.9290171116590495e-10,48
sign_test_cel0.5,chunk_7,96,wt_mean,-6.667111741159859e-12,48
sign_test_cel0.5,chunk_7,97,GR,33.695202777783074,48
sign_test_cel0.5,chunk_7,97,IPC,9.426158421983322,48
sign_test_cel0.5,chunk_7,97,KR,17.972705746690433,48
sign_test_cel0.5,chunk_7,97,MC,7.544966374834378,48
sign_test_cel0.5,chunk_7,97,cosine_similarity,-3.055902197957038e-10,48
sign_test_cel0.5,chunk_7,97,wt_mean,-1.3334225217043194e-12,48
sign_test_cel0.5,chunk_7,98,GR,28.6015129139026,48
sign_test_cel0.5,chunk_7,98,IPC,9.643028323849043,48
sign_test_cel0.5,chunk_7,98,KR,14.48468874891599,48
sign_test_cel0.5,chunk_7,98,MC,7.7072178075710935,48
sign_test_cel0.5,chunk_7,98,cosine_similarity,7.785274647176265e-10,48
sign_test_cel0.5,chunk_7,98,wt_mean,2.66684460972777e-12,48
sign_test_cel0.5,chunk_7,99,GR,30.273755823572476,48
sign_test_cel0.5,chunk_7,99,IPC,9.23632520561417,48
sign_test_cel0.5,chunk_7,99,KR,15.771385545531908,48
sign_test_cel0.5,chunk_7,99,MC,7.700498620669047,48
sign_test_cel0.5,chunk_7,99,cosine_similarity,-4.3655745685100555e-11,48
sign_test_cel0.5,chunk_7,99,wt_mean,7.667178307177447e-12,48
sign_test_cel0.5,chunk_8,104,GR,24.476901655395825,48
sign_test_cel0.5,chunk_8,104,IPC,9.010256357491016,48
sign_test_cel0.5,chunk_8,104,KR,12.412971292932829,48
sign_test_cel0.5,chunk_8,104,MC,7.074214617411296,48
sign_test_cel0.5,chunk_8,104,cosine_similarity,3.9290171116590495e-10,48
sign_test_cel0.5,chunk_8,104,wt_mean,6.000400480307699e-12,48
sign_test_cel0.5,chunk_8,105,GR,16.59987622499466,48
sign_test_cel0.5,chunk_8,105,IPC,10.152107181648413,48
sign_test_cel0.5,chunk_8,105,KR,8.464770356814066,48
sign_test_cel0.5,chunk_8,105,MC,7.495365997155507,48
sign_test_cel0.5,chunk_8,105,cosine_similarity,-2.619344741106033e-10,48
sign_test_cel0.5,chunk_8,105,wt_mean,5.667045012511945e-12,48
sign_test_cel0.5,chunk_8,106,GR,27.201499104499817,48
sign_test_cel0.5,chunk_8,106,IPC,10.296218074858189,48
sign_test_cel0.5,chunk_8,106,KR,13.819522202014923,48
sign_test_cel0.5,chunk_8,106,MC,7.880621547500293,48
sign_test_cel0.5,chunk_8,106,cosine_similarity,-1.1277734301984308e-09,48
sign_test_cel0.5,chunk_8,106,wt_mean,-3.333556087420364e-12,48
sign_test_cel0.5,chunk_8,107,GR,32.17637915412585,48
sign_test_cel0.5,chunk_8,107,IPC,9.10070647050937,48
sign_test_cel0.5,chunk_8,107,KR,16.064200326800346,48
sign_test_cel0.5,chunk_8,107,MC,7.161829258004825,48
sign_test_cel0.5,chunk_8,107,cosine_similarity,-5.3114490583539e-10,48
sign_test_cel0.5,chunk_8,107,wt_mean,-1.333422304863885e-12,48
sign_test_cel0.5,chunk_8,108,GR,29.4898408104976,48
sign_test_cel0.5,chunk_8,108,IPC,10.398651022464037,48
sign_test_cel0.5,chunk_8,108,KR,15.271811500191689,48
sign_test_cel0.5,chunk_8,108,MC,8.087758565942446,48
sign_test_cel0.5,chunk_8,108,cosine_similarity,-1.1641532182693471e-10,48
sign_test_cel0.5,chunk_8,108,wt_mean,-1.3334220880234504e-12,48
sign_test_cel0.5,chunk_8,109,GR,35.41436639924844,48
sign_test_cel0.5,chunk_8,109,IPC,9.27234936133027,48
sign_test_cel0.5,chunk_8,109,KR,18.191163753469784,48
sign_test_cel0.5,chunk_8,109,MC,7.371124578018983,48
sign_test_cel0.5,chunk_8,109,cosine_similarity,-7.203198038041592e-10,48
sign_test_cel0.5,chunk_8,109,wt_mean,1.066737843891108e-11,48
sign_test_cel0.5,chunk_8,110,GR,30.49561373392741,48
sign_test_cel0.5,chunk_8,110,IPC,9.910314531375965,48
sign_test_cel0.5,chunk_8,110,KR,15.682449931899706,48
sign_test_cel0.5,chunk_8,110,MC,7.824126601219177,48
sign_test_cel0.5,chunk_8,110,cosine_similarity,-1.011358108371496e-09,48
sign_test_cel0.5,chunk_8,110,wt_mean,-6.000400480307699e-12,48
sign_test_cel0.5,chunk_8,111,GR,29.49725239475568,48
sign_test_cel0.5,chunk_8,111,IPC,9.627319676180681,48
sign_test_cel0.5,chunk_8,111,KR,15.236049940188726,48
sign_test_cel0.5,chunk_8,111,MC,7.816013062993686,48
sign_test_cel0.5,chunk_8,111,cosine_similarity,0.0,48
sign_test_cel0.5,chunk_8,111,wt_mean,-6.667111741159859e-12,48
sign_test_cel0.5,chunk_8,112,GR,24.913604115446407,48
sign_test_cel0.5,chunk_8,112,IPC,9.321523846437534,48
sign_test_cel0.5,chunk_8,112,KR,13.539819568395615,48
sign_test_cel0.5,chunk_8,112,MC,7.379399875799815,48
sign_test_cel0.5,chunk_8,112,cosine_similarity,3.41970007866621e-10,48
sign_test_cel0.5,chunk_8,112,wt_mean,6.667108271712915e-13,48
sign_test_cel0.5,chunk_8,113,GR,23.908821279803913,48
sign_test_cel0.5,chunk_8,113,IPC,9.394465255240599,48
sign_test_cel0.5,chunk_8,113,KR,12.232989832758904,48
sign_test_cel0.5,chunk_8,113,MC,7.289215599497159,48
sign_test_cel0.5,chunk_8,113,cosine_similarity,6.184563972055911e-10,48
sign_test_cel0.5,chunk_8,113,wt_mean,-2.0001334572958274e-12,48
sign_test_cel0.5,chunk_8,114,GR,29.788927132884663,48
sign_test_cel0.5,chunk_8,114,IPC,9.952613342553377,48
sign_test_cel0.5,chunk_8,114,KR,15.26734521985054,48
sign_test_cel0.5,chunk_8,114,MC,7.786825756231944,48
sign_test_cel0.5,chunk_8,114,cosine_similarity,-4.94765117764473e-10,48
sign_test_cel0.5,chunk_8,114,wt_mean,6.000400371887482e-12,48
sign_test_cel0.5,chunk_8,115,GR,26.047894701361656,48
sign_test_cel0.5,chunk_8,115,IPC,9.972635551045338,48
sign_test_cel0.5,chunk_8,115,KR,13.369868422547976,48
sign_test_cel0.5,chunk_8,115,MC,7.835455531875293,48
sign_test_cel0.5,chunk_8,115,cosine_similarity,1.1932570487260816e-09,48
sign_test_cel0.5,chunk_8,115,wt_mean,7.333822676751367e-12,48
sign_test_cel0.5,chunk_8,116,GR,22.032347107927006,48
sign_test_cel0.5,chunk_8,116,IPC,10.010251678526402,48
sign_test_cel0.5,chunk_8,116,KR,11.047160431742668,48
sign_test_cel0.5,chunk_8,116,MC,7.4736301600933075,48
sign_test_cel0.5,chunk_8,116,cosine_similarity,1.2223608791828156e-09,48
sign_test_cel0.5,chunk_8,116,wt_mean,-2.66684460972777e-12,48
sign_test_cel0.5,chunk_9,117,GR,19.537177075942356,48
sign_test_cel0.5,chunk_9,117,IPC,9.751422749211391,48
sign_test_cel0.5,chunk_9,117,KR,10.299665823578835,48
sign_test_cel0.5,chunk_9,117,MC,7.2458536724249525,48
sign_test_cel0.5,chunk_9,117,cosine_similarity,1.3824319466948507e-10,48
sign_test_cel0.5,chunk_9,117,wt_mean,-1.3334221964436677e-12,48
sign_test_cel0.5,chunk_9,118,GR,34.0212566802899,48
sign_test_cel0.5,chunk_9,118,IPC,8.990086329480013,48
sign_test_cel0.5,chunk_9,118,KR,16.886874839663506,48
sign_test_cel0.5,chunk_9,118,MC,7.0852597405513125,48
sign_test_cel0.5,chunk_9,118,cosine_similarity,3.92901711165905e-10,48
sign_test_cel0.5,chunk_9,118,wt_mean,3.333555816369821e-12,48
sign_test_cel0.5,chunk_9,119,GR,26.83817916115125,48
sign_test_cel0.5,chunk_9,119,IPC,9.698625691235065,48
sign_test_cel0.5,chunk_9,119,KR,13.998901098966599,48
sign_test_cel0.5,chunk_9,119,MC,7.435654863715172,48
sign_test_cel0.5,chunk_9,119,cosine_similarity,-1.8189894035458557e-10,48
sign_test_cel0.5,chunk_9,119,wt_mean,-2.6668449349884216e-12,48
sign_test_cel0.5,chunk_9,120,GR,28.57354062795639,48
sign_test_cel0.5,chunk_9,120,IPC,10.550810369352499,48
sign_test_cel0.5,chunk_9,120,KR,15.378457933664322,48
sign_test_cel0.5,chunk_9,120,MC,8.14064102868239,48
sign_test_cel0.5,chunk_9,120,cosine_similarity,-5.966285243630408e-10,48
sign_test_cel0.5,chunk_9,120,wt_mean,-4.666978067023597e-12,48
sign_test_cel0.5,chunk_9,121,GR,28.30632257958253,48
sign_test_cel0.5,chunk_9,121,IPC,11.21066469574968,48
sign_test_cel0.5,chunk_9,121,KR,14.717355221509933,48
sign_test_cel0.5,chunk_9,121,MC,8.550424004594484,48
sign_test_cel0.5,chunk_9,121,cosine_similarity,5.020410753786563e-10,48
sign_test_cel0.5,chunk_9,121,wt_mean,-6.833789447952682e-12,48
sign_test_cel0.5,chunk_9,122,GR,26.601453776160877,48
sign_test_cel0.5,chunk_9,122,IPC,10.542572894444069,48
sign_test_cel0.5,chunk_9,122,KR,13.529836823542913,48
sign_test_cel0.5,chunk_9,122,MC,7.883060522377491,48
sign_test_cel0.5,chunk_9,122,cosine_similarity,-1.673470251262187e-10,48
sign_test_cel0.5,chunk_9,122,wt_mean,7.333822785171584e-12,48
sign_test_cel0.5,chunk_9,123,GR,26.189197982350986,48
sign_test_cel0.5,chunk_9,123,IPC,8.832933892806372,48
sign_test_cel0.5,chunk_9,123,KR,13.145702968041101,48
sign_test_cel0.5,chunk_9,123,MC,7.18547535687685,48
sign_test_cel0.5,chunk_9,123,cosine_similarity,5.893525667488575e-10,48
sign_test_cel0.5,chunk_9,123,wt_mean,-1.3334225217043194e-12,48
sign_test_cel0.5,chunk_9,124,GR,30.385998869935673,48
sign_test_cel0.5,chunk_9,124,IPC,9.267930256823698,48
sign_test_cel0.5,chunk_9,124,KR,15.84699659049511,48
sign_test_cel0.5,chunk_9,124,MC,7.570600176850955,48
sign_test_cel0.5,chunk_9,124,cosine_similarity,7.130438461899756e-10,48
sign_test_cel0.5,chunk_9,124,wt_mean,-1.0000667286479137e-11,48
sign_test_cel0.5,chunk_9,125,GR,24.718052635590237,48
sign_test_cel0.5,chunk_9,125,IPC,9.78321264932553,48
sign_test_cel0.5,chunk_9,125,KR,12.431725124518076,48
sign_test_cel0.5,chunk_9,125,MC,7.375354891022046,48
sign_test_cel0.5,chunk_9,125,cosine_similarity,3.128661774098873e-10,48
sign_test_cel0.5,chunk_9,125,wt_mean,1.3334225217043194e-12,48
sign_test_cel0.5,chunk_9,126,GR,25.787706489364307,48
sign_test_cel0.5,chunk_9,126,IPC,9.729156063248714,48
sign_test_cel0.5,chunk_9,126,KR,12.939444517095884,48
sign_test_cel0.5,chunk_9,126,MC,7.288744519154231,48
sign_test_cel0.5,chunk_9,126,cosine_similarity,-1.9936123862862583e-09,48
sign_test_cel0.5,chunk_9,126,wt_mean,-4.000266914591655e-12,48
sign_test_cel0.5,chunk_9,127,GR,25.107672313849132,48
sign_test_cel0.5,chunk_9,127,IPC,9.258722616980473,48
sign_test_cel0.5,chunk_9,127,KR,12.0347591539224,48
sign_test_cel0.5,chunk_9,127,MC,7.318937809516986,48
sign_test_cel0.5,chunk_9,127,cosine_similarity,1.1204974725842476e-09,48
sign_test_cel0.5,chunk_9,127,wt_mean,1.333422304863885e-12,48
sign_test_cel0.5,chunk_9,128,GR,24.13506253560384,48
sign_test_cel0.5,chunk_9,128,IPC,9.764173025886217,48
sign_test_cel0.5,chunk_9,128,KR,12.167753924926123,48
sign_test_cel0.5,chunk_9,128,MC,7.765652887523174,48
sign_test_cel0.5,chunk_9,128,cosine_similarity,1.2732925824820995e-09,48
sign_test_cel0.5,chunk_9,128,wt_mean,6.667110440117252e-13,48
sign_test_cel0.5,chunk_9,129,GR,26.920852318406105,48
sign_test_cel0.5,chunk_9,129,IPC,9.273366735627254,48
sign_test_cel0.5,chunk_9,129,KR,13.597047090530396,48
sign_test_cel0.5,chunk_9,129,MC,7.422562102476756,48
sign_test_cel0.5,chunk_9,129,cosine_similarity,-4.94765117764473e-10,48
sign_test_cel0.5,chunk_9,129,wt_mean,-3.3335558705799295e-12,48
sign_test_cel0.6,chunk_0,0,GR,22.62781883776188,48
sign_test_cel0.6,chunk_0,0,IPC,10.358044677724441,48
sign_test_cel0.6,chunk_0,0,KR,12.307259266575178,48
sign_test_cel0.6,chunk_0,0,MC,8.019691611329714,48
sign_test_cel0.6,chunk_0,0,cosine_similarity,-0.1994852274656295,48
sign_test_cel0.6,chunk_0,0,wt_mean,-0.00136103914701375,48
sign_test_cel0.6,chunk_0,1,GR,33.65722172955672,48
sign_test_cel0.6,chunk_0,1,IPC,9.460603967308998,48
sign_test_cel0.6,chunk_0,1,KR,17.362915466229122,48
sign_test_cel0.6,chunk_0,1,MC,7.718788102269173,48
sign_test_cel0.6,chunk_0,1,cosine_similarity,-0.19948525726795188,48
sign_test_cel0.6,chunk_0,1,wt_mean,-0.001492007286287775,48
sign_test_cel0.6,chunk_0,10,GR,25.488035519917805,48
sign_test_cel0.6,chunk_0,10,IPC,10.262578119834265,48
sign_test_cel0.6,chunk_0,10,KR,13.245914205908775,48
sign_test_cel0.6,chunk_0,10,MC,7.617774933576584,48
sign_test_cel0.6,chunk_0,10,cosine_similarity,-0.19948523119091985,48
sign_test_cel0.6,chunk_0,10,wt_mean,-0.0014253145200199748,48
sign_test_cel0.6,chunk_0,11,GR,32.320415422320366,48
sign_test_cel0.6,chunk_0,11,IPC,9.133825403948626,48
sign_test_cel0.6,chunk_0,11,KR,16.22523234287898,48
sign_test_cel0.6,chunk_0,11,MC,7.186259672045708,48
sign_test_cel0.6,chunk_0,11,cosine_similarity,-0.1994852349162101,48
sign_test_cel0.6,chunk_0,11,wt_mean,-0.0014955193619243252,48
sign_test_cel0.6,chunk_0,12,GR,23.25227776666482,48
sign_test_cel0.6,chunk_0,12,IPC,10.027146248767773,48
sign_test_cel0.6,chunk_0,12,KR,12.607747927308083,48
sign_test_cel0.6,chunk_0,12,MC,7.966115519404411,48
sign_test_cel0.6,chunk_0,12,cosine_similarity,-0.1994852386415004,48
sign_test_cel0.6,chunk_0,12,wt_mean,-0.0013655052462126498,48
sign_test_cel0.6,chunk_0,2,GR,31.32523975769679,48
sign_test_cel0.6,chunk_0,2,IPC,9.835915191719929,48
sign_test_cel0.6,chunk_0,2,KR,15.321022421121597,48
sign_test_cel0.6,chunk_0,2,MC,7.5407751848300295,48
sign_test_cel0.6,chunk_0,2,cosine_similarity,-0.19948526099324218,48
sign_test_cel0.6,chunk_0,2,wt_mean,-0.00143760684295555,48
sign_test_cel0.6,chunk_0,3,GR,21.269368385275204,48
sign_test_cel0.6,chunk_0,3,IPC,9.902830527474483,48
sign_test_cel0.6,chunk_0,3,KR,11.196170270442963,48
sign_test_cel0.6,chunk_0,3,MC,7.193139746785164,48
sign_test_cel0.6,chunk_0,3,cosine_similarity,-0.19948524981737129,48
sign_test_cel0.6,chunk_0,3,wt_mean,-0.001270037959329725,48
sign_test_cel0.6,chunk_0,4,GR,13.760122035940489,48
sign_test_cel0.6,chunk_0,4,IPC,9.624850083142519,48
sign_test_cel0.6,chunk_0,4,KR,7.009736801187198,48
sign_test_cel0.6,chunk_0,4,MC,7.170377776026726,48
sign_test_cel0.6,chunk_0,4,cosine_similarity,-0.19948521256446838,48
sign_test_cel0.6,chunk_0,4,wt_mean,-0.001093984756153025,48
sign_test_cel0.6,chunk_0,5,GR,29.2934676160415,48
sign_test_cel0.6,chunk_0,5,IPC,9.474828584740559,48
sign_test_cel0.6,chunk_0,5,KR,14.906560177604357,48
sign_test_cel0.6,chunk_0,5,MC,7.481065561374028,48
sign_test_cel0.6,chunk_0,5,cosine_similarity,-0.1994852274656295,48
sign_test_cel0.6,chunk_0,5,wt_mean,-0.001442477660020775,48
sign_test_cel0.6,chunk_0,6,GR,19.506314913431805,48
sign_test_cel0.6,chunk_0,6,IPC,9.52889321371913,48
sign_test_cel0.6,chunk_0,6,KR,9.670118217666944,48
sign_test_cel0.6,chunk_0,6,MC,6.948688745498657,48
sign_test_cel0.6,chunk_0,6,cosine_similarity,-0.1994852386415004,48
sign_test_cel0.6,chunk_0,6,wt_mean,-0.001200805199914575,48
sign_test_cel0.6,chunk_0,7,GR,28.988716155290604,48
sign_test_cel0.6,chunk_0,7,IPC,9.19993224615852,48
sign_test_cel0.6,chunk_0,7,KR,14.34272663295269,48
sign_test_cel0.6,chunk_0,7,MC,7.362347160776456,48
sign_test_cel0.6,chunk_0,7,cosine_similarity,-0.19948519393801686,48
sign_test_cel0.6,chunk_0,7,wt_mean,-0.0014114179066382,48
sign_test_cel0.6,chunk_0,8,GR,34.551937525471054,48
sign_test_cel0.6,chunk_0,8,IPC,8.878007839123407,48
sign_test_cel0.6,chunk_0,8,KR,17.533967221776646,48
sign_test_cel0.6,chunk_0,8,MC,6.848127126693726,48
sign_test_cel0.6,chunk_0,8,cosine_similarity,-0.1994852237403392,48
sign_test_cel0.6,chunk_0,8,wt_mean,-0.00148867254029025,48
sign_test_cel0.6,chunk_0,9,GR,19.900690153241158,48
sign_test_cel0.6,chunk_0,9,IPC,8.657337254534164,48
sign_test_cel0.6,chunk_0,9,KR,9.792329405744871,48
sign_test_cel0.6,chunk_0,9,MC,6.874990525345008,48
sign_test_cel0.6,chunk_0,9,cosine_similarity,-0.19948520511388776,48
sign_test_cel0.6,chunk_0,9,wt_mean,-0.001200490616611125,48
sign_test_cel0.6,chunk_1,13,GR,20.98203096787135,48
sign_test_cel0.6,chunk_1,13,IPC,10.103088151663542,48
sign_test_cel0.6,chunk_1,13,KR,10.26672705511252,48
sign_test_cel0.6,chunk_1,13,MC,7.442992761731148,48
sign_test_cel0.6,chunk_1,13,cosine_similarity,-0.19948524981737129,48
sign_test_cel0.6,chunk_1,13,wt_mean,-0.0012591724225785,48
sign_test_cel0.6,chunk_1,14,GR,20.571136822303135,48
sign_test_cel0.6,chunk_1,14,IPC,10.470459749301275,48
sign_test_cel0.6,chunk_1,14,KR,10.366512417793274,48
sign_test_cel0.6,chunk_1,14,MC,7.996545662482579,48
sign_test_cel0.6,chunk_1,14,cosine_similarity,-0.1994851976633071,48
sign_test_cel0.6,chunk_1,14,wt_mean,-0.0013035248703089752,48
sign_test_cel0.6,chunk_1,15,GR,25.881754914919537,48
sign_test_cel0.6,chunk_1,15,IPC,9.403243059913317,48
sign_test_cel0.6,chunk_1,15,KR,13.247933089733124,48
sign_test_cel0.6,chunk_1,15,MC,7.2746125385165215,48
sign_test_cel0.6,chunk_1,15,cosine_similarity,-0.1994852237403392,48
sign_test_cel0.6,chunk_1,15,wt_mean,-0.0013902834325562501,48
sign_test_cel0.6,chunk_1,16,GR,24.273341978589695,48
sign_test_cel0.6,chunk_1,16,IPC,10.179727823783955,48
sign_test_cel0.6,chunk_1,16,KR,12.62283585468928,48
sign_test_cel0.6,chunk_1,16,MC,7.576127747694652,48
sign_test_cel0.6,chunk_1,16,cosine_similarity,-0.19948519766330716,48
sign_test_cel0.6,chunk_1,16,wt_mean,-0.0013565275585278498,48
sign_test_cel0.6,chunk_1,17,GR,25.66687895854314,48
sign_test_cel0.6,chunk_1,17,IPC,9.166614515086016,48
sign_test_cel0.6,chunk_1,17,KR,12.850983743866285,48
sign_test_cel0.6,chunk_1,17,MC,7.098677655061086,48
sign_test_cel0.6,chunk_1,17,cosine_similarity,-0.199485246092081,48
sign_test_cel0.6,chunk_1,17,wt_mean,-0.0013454007712424998,48
sign_test_cel0.6,chunk_1,18,GR,19.11951510111491,48
sign_test_cel0.6,chunk_1,18,IPC,8.97379540031155,48
sign_test_cel0.6,chunk_1,18,KR,9.972999965151152,48
sign_test_cel0.6,chunk_1,18,MC,7.0454559822877245,48
sign_test_cel0.6,chunk_1,18,cosine_similarity,-0.1994852237403392,48
sign_test_cel0.6,chunk_1,18,wt_mean,-0.001276904018595775,48
sign_test_cel0.6,chunk_1,19,GR,30.6255252212286,48
sign_test_cel0.6,chunk_1,19,IPC,9.12219679603974,48
sign_test_cel0.6,chunk_1,19,KR,15.05351667602857,48
sign_test_cel0.6,chunk_1,19,MC,7.319925740361214,48
sign_test_cel0.6,chunk_1,19,cosine_similarity,-0.19948526099324218,48
sign_test_cel0.6,chunk_1,19,wt_mean,-0.0014648503565694749,48
sign_test_cel0.6,chunk_1,20,GR,29.681487888097763,48
sign_test_cel0.6,chunk_1,20,IPC,8.439307685941458,48
sign_test_cel0.6,chunk_1,20,KR,14.682535399993261,48
sign_test_cel0.6,chunk_1,20,MC,6.797750880320867,48
sign_test_cel0.6,chunk_1,20,cosine_similarity,-0.19948524236679074,48
sign_test_cel0.6,chunk_1,20,wt_mean,-0.00143794418545435,48
sign_test_cel0.6,chunk_1,21,GR,27.22621287405491,48
sign_test_cel0.6,chunk_1,21,IPC,10.624025965730349,48
sign_test_cel0.6,chunk_1,21,KR,14.20729457338651,48
sign_test_cel0.6,chunk_1,21,MC,8.135801747441292,48
sign_test_cel0.6,chunk_1,21,cosine_similarity,-0.19948530197143546,48
sign_test_cel0.6,chunk_1,21,wt_mean,-0.0014011799648869499,48
sign_test_cel0.6,chunk_1,22,GR,31.510451808571815,48
sign_test_cel0.6,chunk_1,22,IPC,9.254451812555393,48
sign_test_cel0.6,chunk_1,22,KR,16.56439218421777,48
sign_test_cel0.6,chunk_1,22,MC,7.253171093761921,48
sign_test_cel0.6,chunk_1,22,cosine_similarity,-0.1994852349162101,48
sign_test_cel0.6,chunk_1,22,wt_mean,-0.00148819645983165,48
sign_test_cel0.6,chunk_1,23,GR,30.386537825067837,48
sign_test_cel0.6,chunk_1,23,IPC,9.817260415603718,48
sign_test_cel0.6,chunk_1,23,KR,15.397738804419836,48
sign_test_cel0.6,chunk_1,23,MC,7.9789614751935005,48
sign_test_cel0.6,chunk_1,23,cosine_similarity,-0.1994852051138877,48
sign_test_cel0.6,chunk_1,23,wt_mean,-0.0015046290354802751,48
sign_test_cel0.6,chunk_1,24,GR,24.712744782368343,48
sign_test_cel0.6,chunk_1,24,IPC,9.440921136488518,48
sign_test_cel0.6,chunk_1,24,KR,12.738170529405275,48
sign_test_cel0.6,chunk_1,24,MC,7.24482557674249,48
sign_test_cel0.6,chunk_1,24,cosine_similarity,-0.19948520883917806,48
sign_test_cel0.6,chunk_1,24,wt_mean,-0.0013428936072159001,48
sign_test_cel0.6,chunk_1,25,GR,31.083927099903423,48
sign_test_cel0.6,chunk_1,25,IPC,9.362292526910702,48
sign_test_cel0.6,chunk_1,25,KR,16.249992082516354,48
sign_test_cel0.6,chunk_1,25,MC,7.219493185480435,48
sign_test_cel0.6,chunk_1,25,cosine_similarity,-0.19948523864150045,48
sign_test_cel0.6,chunk_1,25,wt_mean,-0.001416333223460225,48
sign_test_cel0.6,chunk_10,130,GR,24.22388223807017,48
sign_test_cel0.6,chunk_10,130,IPC,10.038419025639692,48
sign_test_cel0.6,chunk_10,130,KR,13.11228080590566,48
sign_test_cel0.6,chunk_10,130,MC,7.8637210329373675,48
sign_test_cel0.6,chunk_10,130,cosine_similarity,-0.19948525726795188,48
sign_test_cel0.6,chunk_10,130,wt_mean,-0.001320585142821025,48
sign_test_cel0.6,chunk_10,131,GR,31.683055902520817,48
sign_test_cel0.6,chunk_10,131,IPC,9.239242209742466,48
sign_test_cel0.6,chunk_10,131,KR,16.13876436650753,48
sign_test_cel0.6,chunk_10,131,MC,7.455503170688947,48
sign_test_cel0.6,chunk_10,131,cosine_similarity,-0.1994852051138877,48
sign_test_cel0.6,chunk_10,131,wt_mean,-0.0014775300514883502,48
sign_test_cel0.6,chunk_10,132,GR,32.07924264172713,48
sign_test_cel0.6,chunk_10,132,IPC,9.706442366043726,48
sign_test_cel0.6,chunk_10,132,KR,16.822192559639614,48
sign_test_cel0.6,chunk_10,132,MC,7.5920736988385515,48
sign_test_cel0.6,chunk_10,132,cosine_similarity,-0.19948521628975865,48
sign_test_cel0.6,chunk_10,132,wt_mean,-0.001484463660744875,48
sign_test_cel0.6,chunk_10,133,GR,31.2875886708498,48
sign_test_cel0.6,chunk_10,133,IPC,8.883925994237265,48
sign_test_cel0.6,chunk_10,133,KR,15.741842766602835,48
sign_test_cel0.6,chunk_10,133,MC,6.823074584205945,48
sign_test_cel0.6,chunk_10,133,cosine_similarity,-0.1994852274656295,48
sign_test_cel0.6,chunk_10,133,wt_mean,-0.0013989771250635002,48
sign_test_cel0.6,chunk_10,134,GR,27.34718997279803,48
sign_test_cel0.6,chunk_10,134,IPC,8.99887535472711,48
sign_test_cel0.6,chunk_10,134,KR,13.882398009300232,48
sign_test_cel0.6,chunk_10,134,MC,6.61115662753582,48
sign_test_cel0.6,chunk_10,134,cosine_similarity,-0.1994851976633071,48
sign_test_cel0.6,chunk_10,134,wt_mean,-0.0014091526099945751,48
sign_test_cel0.6,chunk_10,135,GR,20.493488520383835,48
sign_test_cel0.6,chunk_10,135,IPC,9.21015709017714,48
sign_test_cel0.6,chunk_10,135,KR,10.341487045089403,48
sign_test_cel0.6,chunk_10,135,MC,6.920476635297139,48
sign_test_cel0.6,chunk_10,135,cosine_similarity,-0.19948525726795188,48
sign_test_cel0.6,chunk_10,135,wt_mean,-0.001271580738830325,48
sign_test_cel0.6,chunk_10,136,GR,35.678789834181465,48
sign_test_cel0.6,chunk_10,136,IPC,8.839002806693316,48
sign_test_cel0.6,chunk_10,136,KR,18.383902152379353,48
sign_test_cel0.6,chunk_10,136,MC,7.134759038686752,48
sign_test_cel0.6,chunk_10,136,cosine_similarity,-0.19948524236679074,48
sign_test_cel0.6,chunk_10,136,wt_mean,-0.00152626237832005,48
sign_test_cel0.6,chunk_10,137,GR,27.874707604448,48
sign_test_cel0.6,chunk_10,137,IPC,11.014987190564474,48
sign_test_cel0.6,chunk_10,137,KR,14.553724239269892,48
sign_test_cel0.6,chunk_10,137,MC,8.57935711244742,48
sign_test_cel0.6,chunk_10,137,cosine_similarity,-0.19948523491621015,48
sign_test_cel0.6,chunk_10,137,wt_mean,-0.0015077507414389,48
sign_test_cel0.6,chunk_10,138,GR,24.13650656739871,48
sign_test_cel0.6,chunk_10,138,IPC,9.653451764335236,48
sign_test_cel0.6,chunk_10,138,KR,12.591257810592651,48
sign_test_cel0.6,chunk_10,138,MC,7.923949748277664,48
sign_test_cel0.6,chunk_10,138,cosine_similarity,-0.1994851976633071,48
sign_test_cel0.6,chunk_10,138,wt_mean,-0.001361691800411725,48
sign_test_cel0.6,chunk_10,139,GR,25.69106816748778,48
sign_test_cel0.6,chunk_10,139,IPC,8.583987187594175,48
sign_test_cel0.6,chunk_10,139,KR,13.510730097691217,48
sign_test_cel0.6,chunk_10,139,MC,6.743391901254654,48
sign_test_cel0.6,chunk_10,139,cosine_similarity,-0.19948519766330716,48
sign_test_cel0.6,chunk_10,139,wt_mean,-0.0013894877338315752,48
sign_test_cel0.6,chunk_10,140,GR,28.13361555337906,48
sign_test_cel0.6,chunk_10,140,IPC,9.11331215252479,48
sign_test_cel0.6,chunk_10,140,KR,14.521308009823164,48
sign_test_cel0.6,chunk_10,140,MC,7.193091904123624,48
sign_test_cel0.6,chunk_10,140,cosine_similarity,-0.1994852349162101,48
sign_test_cel0.6,chunk_10,140,wt_mean,-0.0013979062205179999,48
sign_test_cel0.6,chunk_10,141,GR,28.68774062395096,48
sign_test_cel0.6,chunk_10,141,IPC,10.247667821745077,48
sign_test_cel0.6,chunk_10,141,KR,15.395045166214308,48
sign_test_cel0.6,chunk_10,141,MC,7.891954441865285,48
sign_test_cel0.6,chunk_10,141,cosine_similarity,-0.1994852349162101,48
sign_test_cel0.6,chunk_10,141,wt_mean,-0.0014435198681894002,48
sign_test_cel0.6,chunk_11,142,GR,28.59650109708309,48
sign_test_cel0.6,chunk_11,142,IPC,10.59975297873219,48
sign_test_cel0.6,chunk_11,142,KR,14.47560860713323,48
sign_test_cel0.6,chunk_11,142,MC,8.2389285415411,48
sign_test_cel0.6,chunk_11,142,cosine_similarity,-0.19948519021272657,48
sign_test_cel0.6,chunk_11,142,wt_mean,-0.001439287501852925,48
sign_test_cel0.6,chunk_11,143,GR,23.302931010723114,48
sign_test_cel0.6,chunk_11,143,IPC,10.116920253882805,48
sign_test_cel0.6,chunk_11,143,KR,12.071970333655676,48
sign_test_cel0.6,chunk_11,143,MC,7.106508418917656,48
sign_test_cel0.6,chunk_11,143,cosine_similarity,-0.19948525354266158,48
sign_test_cel0.6,chunk_11,143,wt_mean,-0.0013452771963783751,48
sign_test_cel0.6,chunk_11,144,GR,32.825396716594696,48
sign_test_cel0.6,chunk_11,144,IPC,9.658182801057896,48
sign_test_cel0.6,chunk_11,144,KR,16.524333943923313,48
sign_test_cel0.6,chunk_11,144,MC,7.611977522571881,48
sign_test_cel0.6,chunk_11,144,cosine_similarity,-0.1994852125644683,48
sign_test_cel0.6,chunk_11,144,wt_mean,-0.001502562430687225,48
sign_test_cel0.6,chunk_11,145,GR,21.304115345080692,48
sign_test_cel0.6,chunk_11,145,IPC,9.787206211437782,48
sign_test_cel0.6,chunk_11,145,KR,10.852518712480864,48
sign_test_cel0.6,chunk_11,145,MC,7.332946280638377,48
sign_test_cel0.6,chunk_11,145,cosine_similarity,-0.19948525726795188,48
sign_test_cel0.6,chunk_11,145,wt_mean,-0.0013201127294450502,48
sign_test_cel0.6,chunk_11,146,GR,30.958819677432377,48
sign_test_cel0.6,chunk_11,146,IPC,9.226303531477848,48
sign_test_cel0.6,chunk_11,146,KR,15.490768060088158,48
sign_test_cel0.6,chunk_11,146,MC,7.280242964625359,48
sign_test_cel0.6,chunk_11,146,cosine_similarity,-0.1994852125644683,48
sign_test_cel0.6,chunk_11,146,wt_mean,-0.001485235174186475,48
sign_test_cel0.6,chunk_11,147,GR,31.14582420885563,48
sign_test_cel0.6,chunk_11,147,IPC,9.79862055182457,48
sign_test_cel0.6,chunk_11,147,KR,16.271805971860886,48
sign_test_cel0.6,chunk_11,147,MC,7.796751740078132,48
sign_test_cel0.6,chunk_11,147,cosine_similarity,-0.1994852274656295,48
sign_test_cel0.6,chunk_11,147,wt_mean,-0.0014870890590827498,48
sign_test_cel0.6,chunk_11,148,GR,15.189216574033102,48
sign_test_cel0.6,chunk_11,148,IPC,9.489511216680208,48
sign_test_cel0.6,chunk_11,148,KR,7.485003183285396,48
sign_test_cel0.6,chunk_11,148,MC,6.488393974800904,48
sign_test_cel0.6,chunk_11,148,cosine_similarity,-0.1994852349162101,48
sign_test_cel0.6,chunk_11,148,wt_mean,-0.001108421696699175,48
sign_test_cel0.6,chunk_11,149,GR,21.19554424782594,48
sign_test_cel0.6,chunk_11,149,IPC,9.875645053883394,48
sign_test_cel0.6,chunk_11,149,KR,10.757478510340055,48
sign_test_cel0.6,chunk_11,149,MC,7.332165223856767,48
sign_test_cel0.6,chunk_11,149,cosine_similarity,-0.1994852125644683,48
sign_test_cel0.6,chunk_11,149,wt_mean,-0.001308355873334175,48
sign_test_cel0.6,chunk_11,150,GR,15.457731445630392,48
sign_test_cel0.6,chunk_11,150,IPC,8.887081985672316,48
sign_test_cel0.6,chunk_11,150,KR,8.088595648606619,48
sign_test_cel0.6,chunk_11,150,MC,6.4216278642416,48
sign_test_cel0.6,chunk_11,150,cosine_similarity,-0.1994852311909198,48
sign_test_cel0.6,chunk_11,150,wt_mean,-0.0011210102238691751,48
sign_test_cel0.6,chunk_11,151,GR,26.527424176534016,48
sign_test_cel0.6,chunk_11,151,IPC,9.972353691856066,48
sign_test_cel0.6,chunk_11,151,KR,13.239165777961412,48
sign_test_cel0.6,chunk_11,151,MC,7.320913429061572,48
sign_test_cel0.6,chunk_11,151,cosine_similarity,-0.1994852423667907,48
sign_test_cel0.6,chunk_11,151,wt_mean,-0.0013029198889853,48
sign_test_cel0.6,chunk_11,152,GR,30.134367326895397,48
sign_test_cel0.6,chunk_11,152,IPC,10.016601152718067,48
sign_test_cel0.6,chunk_11,152,KR,14.799671590328217,48
sign_test_cel0.6,chunk_11,152,MC,7.634807964166005,48
sign_test_cel0.6,chunk_11,152,cosine_similarity,-0.1994852125644683,48
sign_test_cel0.6,chunk_11,152,wt_mean,-0.001463749591493925,48
sign_test_cel0.6,chunk_11,153,GR,31.00072854757309,48
sign_test_cel0.6,chunk_11,153,IPC,9.334825767825047,48
sign_test_cel0.6,chunk_11,153,KR,15.845347518722216,48
sign_test_cel0.6,chunk_11,153,MC,7.754276543855667,48
sign_test_cel0.6,chunk_11,153,cosine_similarity,-0.19948526471853248,48
sign_test_cel0.6,chunk_11,153,wt_mean,-0.00149393186438825,48
sign_test_cel0.6,chunk_12,154,GR,23.16083921988805,48
sign_test_cel0.6,chunk_12,154,IPC,9.658594279239574,48
sign_test_cel0.6,chunk_12,154,KR,11.537206555406252,48
sign_test_cel0.6,chunk_12,154,MC,7.255206793546677,48
sign_test_cel0.6,chunk_12,154,cosine_similarity,-0.1994852125644683,48
sign_test_cel0.6,chunk_12,154,wt_mean,-0.0012979348248336,48
sign_test_cel0.6,chunk_12,155,GR,30.958164642254513,48
sign_test_cel0.6,chunk_12,155,IPC,9.460611121108135,48
sign_test_cel0.6,chunk_12,155,KR,15.792554438114166,48
sign_test_cel0.6,chunk_12,155,MC,7.676327074567477,48
sign_test_cel0.6,chunk_12,155,cosine_similarity,-0.19948526471853248,48
sign_test_cel0.6,chunk_12,155,wt_mean,-0.0015320486563722999,48
sign_test_cel0.6,chunk_12,156,GR,29.377772962053616,48
sign_test_cel0.6,chunk_12,156,IPC,9.362061226119598,48
sign_test_cel0.6,chunk_12,156,KR,15.427941754460335,48
sign_test_cel0.6,chunk_12,156,MC,7.139715726176898,48
sign_test_cel0.6,chunk_12,156,cosine_similarity,-0.19948523119091985,48
sign_test_cel0.6,chunk_12,156,wt_mean,-0.0014358489424921,48
sign_test_cel0.6,chunk_12,157,GR,27.736644074320793,48
sign_test_cel0.6,chunk_12,157,IPC,9.881542831659317,48
sign_test_cel0.6,chunk_12,157,KR,13.713839511076609,48
sign_test_cel0.6,chunk_12,157,MC,7.193610702951749,48
sign_test_cel0.6,chunk_12,157,cosine_similarity,-0.1994852349162101,48
sign_test_cel0.6,chunk_12,157,wt_mean,-0.0014221132150850498,48
sign_test_cel0.6,chunk_12,158,GR,24.36181976397832,48
sign_test_cel0.6,chunk_12,158,IPC,8.736159394184748,48
sign_test_cel0.6,chunk_12,158,KR,12.649131670594215,48
sign_test_cel0.6,chunk_12,158,MC,6.804948175946872,48
sign_test_cel0.6,chunk_12,158,cosine_similarity,-0.1994852423667907,48
sign_test_cel0.6,chunk_12,158,wt_mean,-0.0013825388887198,48
sign_test_cel0.6,chunk_12,159,GR,22.739224712053936,48
sign_test_cel0.6,chunk_12,159,IPC,10.00235346953074,48
sign_test_cel0.6,chunk_12,159,KR,11.47568998237451,48
sign_test_cel0.6,chunk_12,159,MC,8.215103084842363,48
sign_test_cel0.6,chunk_12,159,cosine_similarity,-0.19948521628975868,48
sign_test_cel0.6,chunk_12,159,wt_mean,-0.00129417963034935,48
sign_test_cel0.6,chunk_12,160,GR,24.05273908873399,48
sign_test_cel0.6,chunk_12,160,IPC,9.375447579969963,48
sign_test_cel0.6,chunk_12,160,KR,12.170192142327627,48
sign_test_cel0.6,chunk_12,160,MC,7.004231505095959,48
sign_test_cel0.6,chunk_12,160,cosine_similarity,-0.19948517531156532,48
sign_test_cel0.6,chunk_12,160,wt_mean,-0.00136387012025805,48
sign_test_cel0.6,chunk_12,161,GR,19.512272198994953,48
sign_test_cel0.6,chunk_12,161,IPC,9.214924393842617,48
sign_test_cel0.6,chunk_12,161,KR,9.521110206842422,48
sign_test_cel0.6,chunk_12,161,MC,7.011028376718362,48
sign_test_cel0.6,chunk_12,161,cosine_similarity,-0.1994852125644683,48
sign_test_cel0.6,chunk_12,161,wt_mean,-0.001218347053509125,48
sign_test_cel0.6,chunk_12,162,GR,29.073317418495815,48
sign_test_cel0.6,chunk_12,162,IPC,10.395761832594872,48
sign_test_cel0.6,chunk_12,162,KR,14.435180818041166,48
sign_test_cel0.6,chunk_12,162,MC,7.760349949200948,48
sign_test_cel0.6,chunk_12,162,cosine_similarity,-0.19948515295982358,48
sign_test_cel0.6,chunk_12,162,wt_mean,-0.0014767230895813,48
sign_test_cel0.6,chunk_12,163,GR,26.204024126132328,48
sign_test_cel0.6,chunk_12,163,IPC,10.497640556345383,48
sign_test_cel0.6,chunk_12,163,KR,13.676694323619207,48
sign_test_cel0.6,chunk_12,163,MC,8.146657546361288,48
sign_test_cel0.6,chunk_12,163,cosine_similarity,-0.19948527216911308,48
sign_test_cel0.6,chunk_12,163,wt_mean,-0.0014547881728503248,48
sign_test_cel0.6,chunk_12,164,GR,19.27699466049671,48
sign_test_cel0.6,chunk_12,164,IPC,8.826524453858534,48
sign_test_cel0.6,chunk_12,164,KR,9.951334416866302,48
sign_test_cel0.6,chunk_12,164,MC,6.936932623386383,48
sign_test_cel0.6,chunk_12,164,cosine_similarity,-0.19948525354266158,48
sign_test_cel0.6,chunk_12,164,wt_mean,-0.00124990534095555,48
sign_test_cel0.6,chunk_12,165,GR,28.608684892455738,48
sign_test_cel0.6,chunk_12,165,IPC,10.129110541194677,48
sign_test_cel0.6,chunk_12,165,KR,15.056235174338022,48
sign_test_cel0.6,chunk_12,165,MC,7.832509458065033,48
sign_test_cel0.6,chunk_12,165,cosine_similarity,-0.19948525726795194,48
sign_test_cel0.6,chunk_12,165,wt_mean,-0.001446504291379775,48
sign_test_cel0.6,chunk_13,166,GR,25.226098284125328,48
sign_test_cel0.6,chunk_13,166,IPC,9.455512270331383,48
sign_test_cel0.6,chunk_13,166,KR,12.400026892622313,48
sign_test_cel0.6,chunk_13,166,MC,7.388435478011767,48
sign_test_cel0.6,chunk_13,166,cosine_similarity,-0.1994852423667907,48
sign_test_cel0.6,chunk_13,166,wt_mean,-0.001331140956608525,48
sign_test_cel0.6,chunk_13,167,GR,35.95051812628905,48
sign_test_cel0.6,chunk_13,167,IPC,9.590139950315157,48
sign_test_cel0.6,chunk_13,167,KR,19.693051367998123,48
sign_test_cel0.6,chunk_13,167,MC,7.972796926895778,48
sign_test_cel0.6,chunk_13,167,cosine_similarity,-0.1994852349162101,48
sign_test_cel0.6,chunk_13,167,wt_mean,-0.0015716681082267,48
sign_test_cel0.6,chunk_13,168,GR,24.20574486752351,48
sign_test_cel0.6,chunk_13,168,IPC,8.669399677465359,48
sign_test_cel0.6,chunk_13,168,KR,11.88239572942257,48
sign_test_cel0.6,chunk_13,168,MC,6.935614467908938,48
sign_test_cel0.6,chunk_13,168,cosine_similarity,-0.199485208839178,48
sign_test_cel0.6,chunk_13,168,wt_mean,-0.00135933791170825,48
sign_test_cel0.6,chunk_13,169,GR,30.572399139404297,48
sign_test_cel0.6,chunk_13,169,IPC,10.122384041547775,48
sign_test_cel0.6,chunk_13,169,KR,15.74500929315885,48
sign_test_cel0.6,chunk_13,169,MC,7.737654951711495,48
sign_test_cel0.6,chunk_13,169,cosine_similarity,-0.19948526471853248,48
sign_test_cel0.6,chunk_13,169,wt_mean,-0.00143767462577665,48
sign_test_cel0.6,chunk_13,170,GR,27.387608274817467,48
sign_test_cel0.6,chunk_13,170,IPC,9.718893557786942,48
sign_test_cel0.6,chunk_13,170,KR,14.477894226710001,48
sign_test_cel0.6,chunk_13,170,MC,7.639916966358821,48
sign_test_cel0.6,chunk_13,170,cosine_similarity,-0.1994852349162101,48
sign_test_cel0.6,chunk_13,170,wt_mean,-0.001432301185559425,48
sign_test_cel0.6,chunk_13,171,GR,35.15511632462343,48
sign_test_cel0.6,chunk_13,171,IPC,9.277556122591099,48
sign_test_cel0.6,chunk_13,171,KR,18.17855333785216,48
sign_test_cel0.6,chunk_13,171,MC,7.422961205244064,48
sign_test_cel0.6,chunk_13,171,cosine_similarity,-0.19948523491621015,48
sign_test_cel0.6,chunk_13,171,wt_mean,-0.00155083741992705,48
sign_test_cel0.6,chunk_13,172,GR,31.737433930238087,48
sign_test_cel0.6,chunk_13,172,IPC,8.746861259142557,48
sign_test_cel0.6,chunk_13,172,KR,16.190958907206852,48
sign_test_cel0.6,chunk_13,172,MC,7.02863600725929,48
sign_test_cel0.6,chunk_13,172,cosine_similarity,-0.19948516413569448,48
sign_test_cel0.6,chunk_13,172,wt_mean,-0.0014409694413188249,48
sign_test_cel0.6,chunk_13,173,GR,30.28520901997884,48
sign_test_cel0.6,chunk_13,173,IPC,10.096960524717966,48
sign_test_cel0.6,chunk_13,173,KR,15.43134498099486,48
sign_test_cel0.6,chunk_13,173,MC,7.611901342868805,48
sign_test_cel0.6,chunk_13,173,cosine_similarity,-0.19948519393801686,48
sign_test_cel0.6,chunk_13,173,wt_mean,-0.00145275393151675,48
sign_test_cel0.6,chunk_13,174,GR,20.20818443596363,48
sign_test_cel0.6,chunk_13,174,IPC,9.472816810011864,48
sign_test_cel0.6,chunk_13,174,KR,10.322318310538927,48
sign_test_cel0.6,chunk_13,174,MC,7.509449928998947,48
sign_test_cel0.6,chunk_13,174,cosine_similarity,-0.19948527216911308,48
sign_test_cel0.6,chunk_13,174,wt_mean,-0.00122105813352385,48
sign_test_cel0.6,chunk_13,175,GR,31.10094474752744,48
sign_test_cel0.6,chunk_13,175,IPC,10.382041891415914,48
sign_test_cel0.6,chunk_13,175,KR,15.686350246270498,48
sign_test_cel0.6,chunk_13,175,MC,7.938250109553337,48
sign_test_cel0.6,chunk_13,175,cosine_similarity,-0.1994852274656295,48
sign_test_cel0.6,chunk_13,175,wt_mean,-0.001467666937969575,48
sign_test_cel0.6,chunk_13,176,GR,27.241406247019768,48
sign_test_cel0.6,chunk_13,176,IPC,9.357506124923626,48
sign_test_cel0.6,chunk_13,176,KR,13.962060560782751,48
sign_test_cel0.6,chunk_13,176,MC,7.401365015655756,48
sign_test_cel0.6,chunk_13,176,cosine_similarity,-0.19948517531156532,48
sign_test_cel0.6,chunk_13,176,wt_mean,-0.001417605031747325,48
sign_test_cel0.6,chunk_13,177,GR,27.970153724153835,48
sign_test_cel0.6,chunk_13,177,IPC,9.38367255901297,48
sign_test_cel0.6,chunk_13,177,KR,15.018490081032118,48
sign_test_cel0.6,chunk_13,177,MC,7.297610908746719,48
sign_test_cel0.6,chunk_13,177,cosine_similarity,-0.19948524236679074,48
sign_test_cel0.6,chunk_13,177,wt_mean,-0.0014037933142389749,48
sign_test_cel0.6,chunk_14,178,GR,29.926208307345707,48
sign_test_cel0.6,chunk_14,178,IPC,9.113407517472902,48
sign_test_cel0.6,chunk_14,178,KR,14.94113165140152,48
sign_test_cel0.6,chunk_14,178,MC,7.367486074566841,48
sign_test_cel0.6,chunk_14,178,cosine_similarity,-0.1994852200150489,48
sign_test_cel0.6,chunk_14,178,wt_mean,-0.0014731711708008749,48
sign_test_cel0.6,chunk_14,179,GR,27.51298014819622,48
sign_test_cel0.6,chunk_14,179,IPC,10.429027938594421,48
sign_test_cel0.6,chunk_14,179,KR,14.015139068166414,48
sign_test_cel0.6,chunk_14,179,MC,8.090548167626062,48
sign_test_cel0.6,chunk_14,179,cosine_similarity,-0.1994852200150489,48
sign_test_cel0.6,chunk_14,179,wt_mean,-0.0014495563518721,48
sign_test_cel0.6,chunk_14,180,GR,31.447111129760742,48
sign_test_cel0.6,chunk_14,180,IPC,8.542431657512983,48
sign_test_cel0.6,chunk_14,180,KR,14.940369049708048,48
sign_test_cel0.6,chunk_14,180,MC,6.7743480404218035,48
sign_test_cel0.6,chunk_14,180,cosine_similarity,-0.1994852274656295,48
sign_test_cel0.6,chunk_14,180,wt_mean,-0.001400117500452275,48
sign_test_cel0.6,chunk_14,181,GR,25.790138935049374,48
sign_test_cel0.6,chunk_14,181,IPC,9.076225044826666,48
sign_test_cel0.6,chunk_14,181,KR,12.830423757433891,48
sign_test_cel0.6,chunk_14,181,MC,7.474555149674416,48
sign_test_cel0.6,chunk_14,181,cosine_similarity,-0.19948524981737129,48
sign_test_cel0.6,chunk_14,181,wt_mean,-0.00138302035338705,48
sign_test_cel0.6,chunk_14,182,GR,28.099776431918144,48
sign_test_cel0.6,chunk_14,182,IPC,9.406688990692297,48
sign_test_cel0.6,chunk_14,182,KR,14.446318864822388,48
sign_test_cel0.6,chunk_14,182,MC,7.694758827487628,48
sign_test_cel0.6,chunk_14,182,cosine_similarity,-0.1994852051138877,48
sign_test_cel0.6,chunk_14,182,wt_mean,-0.00140731415012845,48
sign_test_cel0.6,chunk_14,183,GR,31.061810592810314,48
sign_test_cel0.6,chunk_14,183,IPC,10.493256678183874,48
sign_test_cel0.6,chunk_14,183,KR,16.45409506559372,48
sign_test_cel0.6,chunk_14,183,MC,8.097868685921034,48
sign_test_cel0.6,chunk_14,183,cosine_similarity,-0.1994852125644683,48
sign_test_cel0.6,chunk_14,183,wt_mean,-0.001509802212240125,48
sign_test_cel0.6,chunk_14,184,GR,20.910416185855865,48
sign_test_cel0.6,chunk_14,184,IPC,9.50855298464497,48
sign_test_cel0.6,chunk_14,184,KR,10.094722534219423,48
sign_test_cel0.6,chunk_14,184,MC,6.821880355477333,48
sign_test_cel0.6,chunk_14,184,cosine_similarity,-0.1994852200150489,48
sign_test_cel0.6,chunk_14,184,wt_mean,-0.001252014815690875,48
sign_test_cel0.6,chunk_14,185,GR,18.716949741045635,48
sign_test_cel0.6,chunk_14,185,IPC,9.285119354724884,48
sign_test_cel0.6,chunk_14,185,KR,9.21802386144797,48
sign_test_cel0.6,chunk_14,185,MC,6.672252920766671,48
sign_test_cel0.6,chunk_14,185,cosine_similarity,-0.19948522374033925,48
sign_test_cel0.6,chunk_14,185,wt_mean,-0.001189837596029925,48
sign_test_cel0.6,chunk_14,186,GR,36.460718189676605,48
sign_test_cel0.6,chunk_14,186,IPC,9.699569047739109,48
sign_test_cel0.6,chunk_14,186,KR,19.218147486448288,48
sign_test_cel0.6,chunk_14,186,MC,7.731099148591359,48
sign_test_cel0.6,chunk_14,186,cosine_similarity,-0.1994852162897586,48
sign_test_cel0.6,chunk_14,186,wt_mean,-0.001581468590302325,48
sign_test_cel0.6,chunk_14,187,GR,26.609625990192097,48
sign_test_cel0.6,chunk_14,187,IPC,8.357868313789368,48
sign_test_cel0.6,chunk_14,187,KR,13.923946668704351,48
sign_test_cel0.6,chunk_14,187,MC,6.766274149219195,48
sign_test_cel0.6,chunk_14,187,cosine_similarity,-0.1994852162897586,48
sign_test_cel0.6,chunk_14,187,wt_mean,-0.001337169393082125,48
sign_test_cel0.6,chunk_14,188,GR,32.19354977210363,48
sign_test_cel0.6,chunk_14,188,IPC,9.97962437570095,48
sign_test_cel0.6,chunk_14,188,KR,16.54360720515251,48
sign_test_cel0.6,chunk_14,188,MC,7.881925195455551,48
sign_test_cel0.6,chunk_14,188,cosine_similarity,-0.19948523491621015,48
sign_test_cel0.6,chunk_14,188,wt_mean,-0.001502992527093675,48
sign_test_cel0.6,chunk_14,189,GR,25.62013668815295,48
sign_test_cel0.6,chunk_14,189,IPC,10.816345242162546,48
sign_test_cel0.6,chunk_14,189,KR,13.391099194685617,48
sign_test_cel0.6,chunk_14,189,MC,8.18714191019535,48
sign_test_cel0.6,chunk_14,189,cosine_similarity,-0.1994852237403392,48
sign_test_cel0.6,chunk_14,189,wt_mean,-0.0014271950058172749,48
sign_test_cel0.6,chunk_15,190,GR,25.78682182232539,48
sign_test_cel0.6,chunk_15,190,IPC,8.648896334071955,48
sign_test_cel0.6,chunk_15,190,KR,12.835091243187586,48
sign_test_cel0.6,chunk_15,190,MC,7.093330348531405,48
sign_test_cel0.6,chunk_15,190,cosine_similarity,-0.1994852200150489,48
sign_test_cel0.6,chunk_15,190,wt_mean,-0.00136809045216065,48
sign_test_cel0.6,chunk_15,191,GR,24.1930231153965,48
sign_test_cel0.6,chunk_15,191,IPC,9.93542323882381,48
sign_test_cel0.6,chunk_15,191,KR,12.282182703415552,48
sign_test_cel0.6,chunk_15,191,MC,7.673328831791878,48
sign_test_cel0.6,chunk_15,191,cosine_similarity,-0.19948520138859746,48
sign_test_cel0.6,chunk_15,191,wt_mean,-0.001375140607706225,48
sign_test_cel0.6,chunk_15,192,GR,20.445488532384235,48
sign_test_cel0.6,chunk_15,192,IPC,10.423392677058777,48
sign_test_cel0.6,chunk_15,192,KR,10.184478883941969,48
sign_test_cel0.6,chunk_15,192,MC,7.736664702494939,48
sign_test_cel0.6,chunk_15,192,cosine_similarity,-0.1994852051138877,48
sign_test_cel0.6,chunk_15,192,wt_mean,-0.001270320892217525,48
sign_test_cel0.6,chunk_15,193,GR,33.45238867402077,48
sign_test_cel0.6,chunk_15,193,IPC,10.777013041079044,48
sign_test_cel0.6,chunk_15,193,KR,17.677930722634,48
sign_test_cel0.6,chunk_15,193,MC,8.437420512239138,48
sign_test_cel0.6,chunk_15,193,cosine_similarity,-0.199485246092081,48
sign_test_cel0.6,chunk_15,193,wt_mean,-0.001519266981631475,48
sign_test_cel0.6,chunk_15,194,GR,28.60007891555627,48
sign_test_cel0.6,chunk_15,194,IPC,9.8823191759487,48
sign_test_cel0.6,chunk_15,194,KR,14.147470926245054,48
sign_test_cel0.6,chunk_15,194,MC,7.310234288374583,48
sign_test_cel0.6,chunk_15,194,cosine_similarity,-0.1994852051138877,48
sign_test_cel0.6,chunk_15,194,wt_mean,-0.0014143926964606751,48
sign_test_cel0.6,chunk_15,195,GR,26.105308612187702,48
sign_test_cel0.6,chunk_15,195,IPC,10.908324899772802,48
sign_test_cel0.6,chunk_15,195,KR,12.963278954227766,48
sign_test_cel0.6,chunk_15,195,MC,7.667294641335805,48
sign_test_cel0.6,chunk_15,195,cosine_similarity,-0.1994851976633071,48
sign_test_cel0.6,chunk_15,195,wt_mean,-0.0013753083767369,48
sign_test_cel0.6,chunk_15,196,GR,29.767779231071472,48
sign_test_cel0.6,chunk_15,196,IPC,9.401245885839066,48
sign_test_cel0.6,chunk_15,196,KR,15.424914007385572,48
sign_test_cel0.6,chunk_15,196,MC,7.117286359270413,48
sign_test_cel0.6,chunk_15,196,cosine_similarity,-0.19948524236679074,48
sign_test_cel0.6,chunk_15,196,wt_mean,-0.001420886459527525,48
sign_test_cel0.6,chunk_15,197,GR,31.42120410501957,48
sign_test_cel0.6,chunk_15,197,IPC,9.14050436889132,48
sign_test_cel0.6,chunk_15,197,KR,16.415592258175213,48
sign_test_cel0.6,chunk_15,197,MC,6.904202898343404,48
sign_test_cel0.6,chunk_15,197,cosine_similarity,-0.1994852274656295,48
sign_test_cel0.6,chunk_15,197,wt_mean,-0.00145585864083835,48
sign_test_cel0.6,chunk_15,198,GR,27.592640459537506,48
sign_test_cel0.6,chunk_15,198,IPC,10.303833915541569,48
sign_test_cel0.6,chunk_15,198,KR,13.598635882139206,48
sign_test_cel0.6,chunk_15,198,MC,7.9178823580344515,48
sign_test_cel0.6,chunk_15,198,cosine_similarity,-0.1994851902127265,48
sign_test_cel0.6,chunk_15,198,wt_mean,-0.001435870333807475,48
sign_test_cel0.6,chunk_15,199,GR,22.401178906361263,48
sign_test_cel0.6,chunk_15,199,IPC,9.223125583181778,48
sign_test_cel0.6,chunk_15,199,KR,10.737589726845423,48
sign_test_cel0.6,chunk_15,199,MC,6.857956950863202,48
sign_test_cel0.6,chunk_15,199,cosine_similarity,-0.1994852162897586,48
sign_test_cel0.6,chunk_15,199,wt_mean,-0.001289136431296325,48
sign_test_cel0.6,chunk_15,200,GR,29.106562172373135,48
sign_test_cel0.6,chunk_15,200,IPC,10.025665402412415,48
sign_test_cel0.6,chunk_15,200,KR,15.266192252437273,48
sign_test_cel0.6,chunk_15,200,MC,7.828609148661296,48
sign_test_cel0.6,chunk_15,200,cosine_similarity,-0.19948520511388776,48
sign_test_cel0.6,chunk_15,200,wt_mean,-0.0014235273702069501,48
sign_test_cel0.6,chunk_15,201,GR,35.21255262196064,48
sign_test_cel0.6,chunk_15,201,IPC,9.384774624059597,48
sign_test_cel0.6,chunk_15,201,KR,18.63173719247182,48
sign_test_cel0.6,chunk_15,201,MC,7.684948722521464,48
sign_test_cel0.6,chunk_15,201,cosine_similarity,-0.19948522374033925,48
sign_test_cel0.6,chunk_15,201,wt_mean,-0.00155124801676715,48
sign_test_cel0.6,chunk_16,202,GR,12.787509088714918,48
sign_test_cel0.6,chunk_16,202,IPC,8.923647161573172,48
sign_test_cel0.6,chunk_16,202,KR,6.841970965266228,48
sign_test_cel0.6,chunk_16,202,MC,6.452373802661896,48
sign_test_cel0.6,chunk_16,202,cosine_similarity,-0.1994852051138877,48
sign_test_cel0.6,chunk_16,202,wt_mean,-0.00104823384026525,48
sign_test_cel0.6,chunk_16,203,GR,31.680787707368534,48
sign_test_cel0.6,chunk_16,203,IPC,10.49393450220426,48
sign_test_cel0.6,chunk_16,203,KR,16.673522462447483,48
sign_test_cel0.6,chunk_16,203,MC,8.035125121474266,48
sign_test_cel0.6,chunk_16,203,cosine_similarity,-0.1994852200150489,48
sign_test_cel0.6,chunk_16,203,wt_mean,-0.001447865273803425,48
sign_test_cel0.6,chunk_16,204,GR,17.943066184719402,48
sign_test_cel0.6,chunk_16,204,IPC,10.792339466512203,48
sign_test_cel0.6,chunk_16,204,KR,9.473058645923933,48
sign_test_cel0.6,chunk_16,204,MC,7.610814536611239,48
sign_test_cel0.6,chunk_16,204,cosine_similarity,-0.1994852349162101,48
sign_test_cel0.6,chunk_16,204,wt_mean,-0.001247725929715625,48
sign_test_cel0.6,chunk_16,205,GR,24.71618750691414,48
sign_test_cel0.6,chunk_16,205,IPC,9.599990129470825,48
sign_test_cel0.6,chunk_16,205,KR,12.85546158750852,48
sign_test_cel0.6,chunk_16,205,MC,7.416284869114558,48
sign_test_cel0.6,chunk_16,205,cosine_similarity,-0.19948526471853248,48
sign_test_cel0.6,chunk_16,205,wt_mean,-0.001354181251372175,48
sign_test_cel0.6,chunk_16,206,GR,25.91357935468356,48
sign_test_cel0.6,chunk_16,206,IPC,8.990977493425211,48
sign_test_cel0.6,chunk_16,206,KR,13.32964862883091,48
sign_test_cel0.6,chunk_16,206,MC,7.157979975144069,48
sign_test_cel0.6,chunk_16,206,cosine_similarity,-0.1994852125644683,48
sign_test_cel0.6,chunk_16,206,wt_mean,-0.0013503331138053501,48
sign_test_cel0.6,chunk_16,207,GR,28.618104219436646,48
sign_test_cel0.6,chunk_16,207,IPC,8.504594733317694,48
sign_test_cel0.6,chunk_16,207,KR,14.690936689575514,48
sign_test_cel0.6,chunk_16,207,MC,6.754104023178418,48
sign_test_cel0.6,chunk_16,207,cosine_similarity,-0.19948517158627507,48
sign_test_cel0.6,chunk_16,207,wt_mean,-0.0014318611938506,48
sign_test_cel0.6,chunk_16,208,GR,28.36687144637108,48
sign_test_cel0.6,chunk_16,208,IPC,9.263838232805332,48
sign_test_cel0.6,chunk_16,208,KR,14.432844196756681,48
sign_test_cel0.6,chunk_16,208,MC,7.2546861072381335,48
sign_test_cel0.6,chunk_16,208,cosine_similarity,-0.1994852274656295,48
sign_test_cel0.6,chunk_16,208,wt_mean,-0.00142520785448135,48
sign_test_cel0.6,chunk_16,209,GR,29.78834743797779,48
sign_test_cel0.6,chunk_16,209,IPC,10.38834243019422,48
sign_test_cel0.6,chunk_16,209,KR,15.47371537486712,48
sign_test_cel0.6,chunk_16,209,MC,8.236360338826975,48
sign_test_cel0.6,chunk_16,209,cosine_similarity,-0.19948517531156532,48
sign_test_cel0.6,chunk_16,209,wt_mean,-0.0014607488410546751,48
sign_test_cel0.6,chunk_16,210,GR,30.00267826517423,48
sign_test_cel0.6,chunk_16,210,IPC,9.9093633753558,48
sign_test_cel0.6,chunk_16,210,KR,15.70319677889347,48
sign_test_cel0.6,chunk_16,210,MC,7.733462395767371,48
sign_test_cel0.6,chunk_16,210,cosine_similarity,-0.1994851976633071,48
sign_test_cel0.6,chunk_16,210,wt_mean,-0.0014409578579943,48
sign_test_cel0.6,chunk_16,211,GR,25.769238303105038,48
sign_test_cel0.6,chunk_16,211,IPC,9.41258359203736,48
sign_test_cel0.6,chunk_16,211,KR,13.31490125755469,48
sign_test_cel0.6,chunk_16,211,MC,7.702245329817136,48
sign_test_cel0.6,chunk_16,211,cosine_similarity,-0.19948519393801686,48
sign_test_cel0.6,chunk_16,211,wt_mean,-0.001354644045932175,48
sign_test_cel0.6,chunk_16,212,GR,18.861519689361256,48
sign_test_cel0.6,chunk_16,212,IPC,9.03690263008078,48
sign_test_cel0.6,chunk_16,212,KR,9.562498142321905,48
sign_test_cel0.6,chunk_16,212,MC,7.6199246396621065,48
sign_test_cel0.6,chunk_16,212,cosine_similarity,-0.19948525726795188,48
sign_test_cel0.6,chunk_16,212,wt_mean,-0.0012183975632069,48
sign_test_cel0.6,chunk_16,213,GR,34.16320273776849,48
sign_test_cel0.6,chunk_16,213,IPC,9.11536137883862,48
sign_test_cel0.6,chunk_16,213,KR,17.67705086370309,48
sign_test_cel0.6,chunk_16,213,MC,7.344080716371536,48
sign_test_cel0.6,chunk_16,213,cosine_similarity,-0.1994852125644683,48
sign_test_cel0.6,chunk_16,213,wt_mean,-0.0015292777970898248,48
sign_test_cel0.6,chunk_17,214,GR,25.974194770057995,48
sign_test_cel0.6,chunk_17,214,IPC,9.517352106670538,48
sign_test_cel0.6,chunk_17,214,KR,12.776630515853563,48
sign_test_cel0.6,chunk_17,214,MC,7.2768086567521095,48
sign_test_cel0.6,chunk_17,214,cosine_similarity,-0.19948515295982358,48
sign_test_cel0.6,chunk_17,214,wt_mean,-0.00138436083216215,48
sign_test_cel0.6,chunk_17,215,GR,22.639137864112854,48
sign_test_cel0.6,chunk_17,215,IPC,9.57386814057827,48
sign_test_cel0.6,chunk_17,215,KR,11.22056028743585,48
sign_test_cel0.6,chunk_17,215,MC,6.930592621366183,48
sign_test_cel0.6,chunk_17,215,cosine_similarity,-0.1994852386415004,48
sign_test_cel0.6,chunk_17,215,wt_mean,-0.001298402567044775,48
sign_test_cel0.6,chunk_17,216,GR,25.162088453769684,48
sign_test_cel0.6,chunk_17,216,IPC,9.456347804516554,48
sign_test_cel0.6,chunk_17,216,KR,13.217609892288843,48
sign_test_cel0.6,chunk_17,216,MC,7.460600972175598,48
sign_test_cel0.6,chunk_17,216,cosine_similarity,-0.19948522374033925,48
sign_test_cel0.6,chunk_17,216,wt_mean,-0.0013566916459239499,48
sign_test_cel0.6,chunk_17,217,GR,18.358015090227127,48
sign_test_cel0.6,chunk_17,217,IPC,9.210122543076674,48
sign_test_cel0.6,chunk_17,217,KR,9.042552550633749,48
sign_test_cel0.6,chunk_17,217,MC,6.473988148073356,48
sign_test_cel0.6,chunk_17,217,cosine_similarity,-0.19948523119091985,48
sign_test_cel0.6,chunk_17,217,wt_mean,-0.0011775571620091252,48
sign_test_cel0.6,chunk_17,218,GR,24.390098586678505,48
sign_test_cel0.6,chunk_17,218,IPC,9.390257250517607,48
sign_test_cel0.6,chunk_17,218,KR,12.12592987716198,48
sign_test_cel0.6,chunk_17,218,MC,7.178934400280316,48
sign_test_cel0.6,chunk_17,218,cosine_similarity,-0.1994852274656295,48
sign_test_cel0.6,chunk_17,218,wt_mean,-0.00132282935373945,48
sign_test_cel0.6,chunk_17,219,GR,27.506676505009334,48
sign_test_cel0.6,chunk_17,219,IPC,10.06118493527174,48
sign_test_cel0.6,chunk_17,219,KR,14.345926543076834,48
sign_test_cel0.6,chunk_17,219,MC,7.725037892659505,48
sign_test_cel0.6,chunk_17,219,cosine_similarity,-0.19948519393801686,48
sign_test_cel0.6,chunk_17,219,wt_mean,-0.00139440954080775,48
sign_test_cel0.6,chunk_17,220,GR,20.732132424910862,48
sign_test_cel0.6,chunk_17,220,IPC,8.640802377214035,48
sign_test_cel0.6,chunk_17,220,KR,10.476175715525946,48
sign_test_cel0.6,chunk_17,220,MC,6.790249625841777,48
sign_test_cel0.6,chunk_17,220,cosine_similarity,-0.1994852200150489,48
sign_test_cel0.6,chunk_17,220,wt_mean,-0.001257107011042475,48
sign_test_cel0.6,chunk_17,221,GR,34.07649483283361,48
sign_test_cel0.6,chunk_17,221,IPC,10.155052283157906,48
sign_test_cel0.6,chunk_17,221,KR,17.707313155134518,48
sign_test_cel0.6,chunk_17,221,MC,7.759463702638944,48
sign_test_cel0.6,chunk_17,221,cosine_similarity,-0.1994852125644683,48
sign_test_cel0.6,chunk_17,221,wt_mean,-0.0015219441556837,48
sign_test_cel0.6,chunk_17,222,GR,29.835621292392414,48
sign_test_cel0.6,chunk_17,222,IPC,10.525382152448097,48
sign_test_cel0.6,chunk_17,222,KR,15.761236036817232,48
sign_test_cel0.6,chunk_17,222,MC,8.04307247698307,48
sign_test_cel0.6,chunk_17,222,cosine_similarity,-0.19948524981737129,48
sign_test_cel0.6,chunk_17,222,wt_mean,-0.0014795314345974,48
sign_test_cel0.6,chunk_17,223,GR,32.343720937768616,48
sign_test_cel0.6,chunk_17,223,IPC,9.896058599154154,48
sign_test_cel0.6,chunk_17,223,KR,17.357239956657093,48
sign_test_cel0.6,chunk_17,223,MC,7.958057751258214,48
sign_test_cel0.6,chunk_17,223,cosine_similarity,-0.19948519766330716,48
sign_test_cel0.6,chunk_17,223,wt_mean,-0.0014437416684813249,48
sign_test_cel0.6,chunk_17,224,GR,25.861394807696342,48
sign_test_cel0.6,chunk_17,224,IPC,10.744668437788883,48
sign_test_cel0.6,chunk_17,224,KR,13.491357162594795,48
sign_test_cel0.6,chunk_17,224,MC,8.272508978843689,48
sign_test_cel0.6,chunk_17,224,cosine_similarity,-0.1994852237403392,48
sign_test_cel0.6,chunk_17,224,wt_mean,-0.001400039822328775,48
sign_test_cel0.6,chunk_17,225,GR,25.231290583809216,48
sign_test_cel0.6,chunk_17,225,IPC,9.682812709361315,48
sign_test_cel0.6,chunk_17,225,KR,12.204615463813147,48
sign_test_cel0.6,chunk_17,225,MC,7.537979903320472,48
sign_test_cel0.6,chunk_17,225,cosine_similarity,-0.1994852349162101,48
sign_test_cel0.6,chunk_17,225,wt_mean,-0.0013441285555017498,48
sign_test_cel0.6,chunk_18,226,GR,34.22683594624201,48
sign_test_cel0.6,chunk_18,226,IPC,9.137455919136604,48
sign_test_cel0.6,chunk_18,226,KR,17.125810593366623,48
sign_test_cel0.6,chunk_18,226,MC,7.123772443582614,48
sign_test_cel0.6,chunk_18,226,cosine_similarity,-0.1994852237403392,48
sign_test_cel0.6,chunk_18,226,wt_mean,-0.00147021657903675,48
sign_test_cel0.6,chunk_18,227,GR,31.490798955162365,48
sign_test_cel0.6,chunk_18,227,IPC,9.969535535822311,48
sign_test_cel0.6,chunk_18,227,KR,16.30362132191658,48
sign_test_cel0.6,chunk_18,227,MC,7.782455702622731,48
sign_test_cel0.6,chunk_18,227,cosine_similarity,-0.1994852311909198,48
sign_test_cel0.6,chunk_18,227,wt_mean,-0.001459534309105875,48
sign_test_cel0.6,chunk_18,228,GR,26.082951654990513,48
sign_test_cel0.6,chunk_18,228,IPC,9.150413788855076,48
sign_test_cel0.6,chunk_18,228,KR,13.703205198049545,48
sign_test_cel0.6,chunk_18,228,MC,6.840875382224719,48
sign_test_cel0.6,chunk_18,228,cosine_similarity,-0.19948521256446836,48
sign_test_cel0.6,chunk_18,228,wt_mean,-0.0013550984003813749,48
sign_test_cel0.6,chunk_18,229,GR,35.39942106604576,48
sign_test_cel0.6,chunk_18,229,IPC,9.388496357947588,48
sign_test_cel0.6,chunk_18,229,KR,18.76473069190979,48
sign_test_cel0.6,chunk_18,229,MC,7.450625737508138,48
sign_test_cel0.6,chunk_18,229,cosine_similarity,-0.19948519393801686,48
sign_test_cel0.6,chunk_18,229,wt_mean,-0.00152910628821695,48
sign_test_cel0.6,chunk_18,230,GR,25.09122411410014,48
sign_test_cel0.6,chunk_18,230,IPC,8.87324496358633,48
sign_test_cel0.6,chunk_18,230,KR,13.178158278266588,48
sign_test_cel0.6,chunk_18,230,MC,7.120108137528102,48
sign_test_cel0.6,chunk_18,230,cosine_similarity,-0.1994852386415004,48
sign_test_cel0.6,chunk_18,230,wt_mean,-0.0013543242530431,48
sign_test_cel0.6,chunk_18,231,GR,23.384351665774982,48
sign_test_cel0.6,chunk_18,231,IPC,9.755313345541557,48
sign_test_cel0.6,chunk_18,231,KR,11.978150849541029,48
sign_test_cel0.6,chunk_18,231,MC,7.383000488082568,48
sign_test_cel0.6,chunk_18,231,cosine_similarity,-0.19948517531156537,48
sign_test_cel0.6,chunk_18,231,wt_mean,-0.00130147932213725,48
sign_test_cel0.6,chunk_18,232,GR,28.11672077079614,48
sign_test_cel0.6,chunk_18,232,IPC,9.514228715250889,48
sign_test_cel0.6,chunk_18,232,KR,14.785142014424006,48
sign_test_cel0.6,chunk_18,232,MC,7.468492428461711,48
sign_test_cel0.6,chunk_18,232,cosine_similarity,-0.1994852274656295,48
sign_test_cel0.6,chunk_18,232,wt_mean,-0.001393178856233075,48
sign_test_cel0.6,chunk_18,233,GR,25.671075254678726,48
sign_test_cel0.6,chunk_18,233,IPC,9.167508317778507,48
sign_test_cel0.6,chunk_18,233,KR,12.6650849878788,48
sign_test_cel0.6,chunk_18,233,MC,7.007012779513995,48
sign_test_cel0.6,chunk_18,233,cosine_similarity,-0.1994852200150489,48
sign_test_cel0.6,chunk_18,233,wt_mean,-0.0013191214384277751,48
sign_test_cel0.6,chunk_18,234,GR,21.311238115032513,48
sign_test_cel0.6,chunk_18,234,IPC,9.653330148508152,48
sign_test_cel0.6,chunk_18,234,KR,10.990559721986452,48
sign_test_cel0.6,chunk_18,234,MC,7.399484386046727,48
sign_test_cel0.6,chunk_18,234,cosine_similarity,-0.1994852200150489,48
sign_test_cel0.6,chunk_18,234,wt_mean,-0.001271385379368375,48
sign_test_cel0.6,chunk_18,235,GR,15.628628025452295,48
sign_test_cel0.6,chunk_18,235,IPC,9.146652396768332,48
sign_test_cel0.6,chunk_18,235,KR,8.023249497016272,48
sign_test_cel0.6,chunk_18,235,MC,6.44937879840533,48
sign_test_cel0.6,chunk_18,235,cosine_similarity,-0.19948524981737134,48
sign_test_cel0.6,chunk_18,235,wt_mean,-0.001106234936742075,48
sign_test_cel0.6,chunk_18,236,GR,24.82726777593295,48
sign_test_cel0.6,chunk_18,236,IPC,9.700397009650866,48
sign_test_cel0.6,chunk_18,236,KR,13.05052188038826,48
sign_test_cel0.6,chunk_18,236,MC,7.31361552576224,48
sign_test_cel0.6,chunk_18,236,cosine_similarity,-0.19948517903685561,48
sign_test_cel0.6,chunk_18,236,wt_mean,-0.0013649918691953252,48
sign_test_cel0.6,chunk_18,237,GR,16.965581794579823,48
sign_test_cel0.6,chunk_18,237,IPC,8.846797694762548,48
sign_test_cel0.6,chunk_18,237,KR,8.941869765520096,48
sign_test_cel0.6,chunk_18,237,MC,6.773917888601621,48
sign_test_cel0.6,chunk_18,237,cosine_similarity,-0.1994852274656295,48
sign_test_cel0.6,chunk_18,237,wt_mean,-0.0012189200642751,48
sign_test_cel0.6,chunk_19,238,GR,25.330760141213734,48
sign_test_cel0.6,chunk_19,238,IPC,8.959673058241606,48
sign_test_cel0.6,chunk_19,238,KR,13.42702530324459,48
sign_test_cel0.6,chunk_19,238,MC,7.479133605957031,48
sign_test_cel0.6,chunk_19,238,cosine_similarity,-0.1994852200150489,48
sign_test_cel0.6,chunk_19,238,wt_mean,-0.0014000385417602252,48
sign_test_cel0.6,chunk_19,239,GR,37.35981447994709,48
sign_test_cel0.6,chunk_19,239,IPC,8.597855762888988,48
sign_test_cel0.6,chunk_19,239,KR,19.265041872859,48
sign_test_cel0.6,chunk_19,239,MC,6.856935252745946,48
sign_test_cel0.6,chunk_19,239,cosine_similarity,-0.1994852125644683,48
sign_test_cel0.6,chunk_19,239,wt_mean,-0.0015424245793837499,48
sign_test_cel0.6,chunk_19,240,GR,25.73590975999832,48
sign_test_cel0.6,chunk_19,240,IPC,10.371947089831034,48
sign_test_cel0.6,chunk_19,240,KR,12.930492242177328,48
sign_test_cel0.6,chunk_19,240,MC,7.868074337641398,48
sign_test_cel0.6,chunk_19,240,cosine_similarity,-0.1994852125644683,48
sign_test_cel0.6,chunk_19,240,wt_mean,-0.0013401862815953,48
sign_test_cel0.6,chunk_19,241,GR,29.151421571771305,48
sign_test_cel0.6,chunk_19,241,IPC,9.463157714655003,48
sign_test_cel0.6,chunk_19,241,KR,14.76760975519816,48
sign_test_cel0.6,chunk_19,241,MC,7.426705916722615,48
sign_test_cel0.6,chunk_19,241,cosine_similarity,-0.1994852423667907,48
sign_test_cel0.6,chunk_19,241,wt_mean,-0.0014185876934788499,48
sign_test_cel0.6,chunk_19,242,GR,20.982723966240883,48
sign_test_cel0.6,chunk_19,242,IPC,10.783353657772144,48
sign_test_cel0.6,chunk_19,242,KR,10.465178976456324,48
sign_test_cel0.6,chunk_19,242,MC,7.886377577980359,48
sign_test_cel0.6,chunk_19,242,cosine_similarity,-0.19948519766330716,48
sign_test_cel0.6,chunk_19,242,wt_mean,-0.001259301876416375,48
sign_test_cel0.6,chunk_19,243,GR,31.198734059929848,48
sign_test_cel0.6,chunk_19,243,IPC,9.771134732911984,48
sign_test_cel0.6,chunk_19,243,KR,15.475467428565025,48
sign_test_cel0.6,chunk_19,243,MC,7.680387968818347,48
sign_test_cel0.6,chunk_19,243,cosine_similarity,-0.1994852274656295,48
sign_test_cel0.6,chunk_19,243,wt_mean,-0.001485074142692575,48
sign_test_cel0.6,chunk_19,244,GR,26.08498760064443,48
sign_test_cel0.6,chunk_19,244,IPC,9.544219904889664,48
sign_test_cel0.6,chunk_19,244,KR,13.498295033971468,48
sign_test_cel0.6,chunk_19,244,MC,7.582807997862498,48
sign_test_cel0.6,chunk_19,244,cosine_similarity,-0.19948517903685567,48
sign_test_cel0.6,chunk_19,244,wt_mean,-0.001407257863320375,48
sign_test_cel0.6,chunk_19,245,GR,18.99705629547437,48
sign_test_cel0.6,chunk_19,245,IPC,10.427004096408686,48
sign_test_cel0.6,chunk_19,245,KR,10.080839152137438,48
sign_test_cel0.6,chunk_19,245,MC,7.610472271839778,48
sign_test_cel0.6,chunk_19,245,cosine_similarity,-0.19948525726795194,48
sign_test_cel0.6,chunk_19,245,wt_mean,-0.0013096136681269499,48
sign_test_cel0.6,chunk_19,246,GR,24.92344046632449,48
sign_test_cel0.6,chunk_19,246,IPC,9.56659409031272,48
sign_test_cel0.6,chunk_19,246,KR,12.552756890654564,48
sign_test_cel0.6,chunk_19,246,MC,7.281411329905192,48
sign_test_cel0.6,chunk_19,246,cosine_similarity,-0.19948527589440343,48
sign_test_cel0.6,chunk_19,246,wt_mean,-0.0013446699595078251,48
sign_test_cel0.6,chunk_19,247,GR,36.48193470637003,48
sign_test_cel0.6,chunk_19,247,IPC,8.999084835251173,48
sign_test_cel0.6,chunk_19,247,KR,18.398694599668186,48
sign_test_cel0.6,chunk_19,247,MC,7.036439468463262,48
sign_test_cel0.6,chunk_19,247,cosine_similarity,-0.1994852200150489,48
sign_test_cel0.6,chunk_19,247,wt_mean,-0.00151478737825525,48
sign_test_cel0.6,chunk_19,248,GR,25.13134730855624,48
sign_test_cel0.6,chunk_19,248,IPC,10.195226214826107,48
sign_test_cel0.6,chunk_19,248,KR,13.134279469648996,48
sign_test_cel0.6,chunk_19,248,MC,7.772861224909623,48
sign_test_cel0.6,chunk_19,248,cosine_similarity,-0.1994852200150489,48
sign_test_cel0.6,chunk_19,248,wt_mean,-0.00130696683481795,48
sign_test_cel0.6,chunk_19,249,GR,34.54052557051182,48
sign_test_cel0.6,chunk_19,249,IPC,9.108185121168693,48
sign_test_cel0.6,chunk_19,249,KR,17.81151854991913,48
sign_test_cel0.6,chunk_19,249,MC,7.188806687792142,48
sign_test_cel0.6,chunk_19,249,cosine_similarity,-0.19948525354266164,48
sign_test_cel0.6,chunk_19,249,wt_mean,-0.001502137311035725,48
sign_test_cel0.6,chunk_2,26,GR,25.81199648976326,48
sign_test_cel0.6,chunk_2,26,IPC,8.916776166607937,48
sign_test_cel0.6,chunk_2,26,KR,13.266780277093252,48
sign_test_cel0.6,chunk_2,26,MC,7.355923280119896,48
sign_test_cel0.6,chunk_2,26,cosine_similarity,-0.19948517531156537,48
sign_test_cel0.6,chunk_2,26,wt_mean,-0.0013540981599362248,48
sign_test_cel0.6,chunk_2,27,GR,26.853415826956432,48
sign_test_cel0.6,chunk_2,27,IPC,9.123565262804428,48
sign_test_cel0.6,chunk_2,27,KR,13.923232346773148,48
sign_test_cel0.6,chunk_2,27,MC,7.477886935075124,48
sign_test_cel0.6,chunk_2,27,cosine_similarity,-0.1994851976633071,48
sign_test_cel0.6,chunk_2,27,wt_mean,-0.0013666860468219749,48
sign_test_cel0.6,chunk_2,28,GR,27.440560693542164,48
sign_test_cel0.6,chunk_2,28,IPC,9.893492331107458,48
sign_test_cel0.6,chunk_2,28,KR,13.95134965578715,48
sign_test_cel0.6,chunk_2,28,MC,7.881331791480382,48
sign_test_cel0.6,chunk_2,28,cosine_similarity,-0.19948519021272657,48
sign_test_cel0.6,chunk_2,28,wt_mean,-0.0014111080381553002,48
sign_test_cel0.6,chunk_2,29,GR,40.068244367837906,48
sign_test_cel0.6,chunk_2,29,IPC,8.722798923651377,48
sign_test_cel0.6,chunk_2,29,KR,19.91395704448223,48
sign_test_cel0.6,chunk_2,29,MC,7.069639439384143,48
sign_test_cel0.6,chunk_2,29,cosine_similarity,-0.1994852423667907,48
sign_test_cel0.6,chunk_2,29,wt_mean,-0.001587444829055975,48
sign_test_cel0.6,chunk_2,30,GR,14.941171233852705,48
sign_test_cel0.6,chunk_2,30,IPC,8.4664510798951,48
sign_test_cel0.6,chunk_2,30,KR,7.759612674514453,48
sign_test_cel0.6,chunk_2,30,MC,6.3996481746435165,48
sign_test_cel0.6,chunk_2,30,cosine_similarity,-0.19948524981737134,48
sign_test_cel0.6,chunk_2,30,wt_mean,-0.001067098768544325,48
sign_test_cel0.6,chunk_2,31,GR,30.1936374604702,48
sign_test_cel0.6,chunk_2,31,IPC,8.287114518384138,48
sign_test_cel0.6,chunk_2,31,KR,15.559384887417158,48
sign_test_cel0.6,chunk_2,31,MC,6.954366972049077,48
sign_test_cel0.6,chunk_2,31,cosine_similarity,-0.19948519393801686,48
sign_test_cel0.6,chunk_2,31,wt_mean,-0.0014430193405132249,48
sign_test_cel0.6,chunk_2,32,GR,30.935655837257702,48
sign_test_cel0.6,chunk_2,32,IPC,9.344471520433823,48
sign_test_cel0.6,chunk_2,32,KR,16.512458781401318,48
sign_test_cel0.6,chunk_2,32,MC,7.589346205194791,48
sign_test_cel0.6,chunk_2,32,cosine_similarity,-0.19948524981737129,48
sign_test_cel0.6,chunk_2,32,wt_mean,-0.001462270214687975,48
sign_test_cel0.6,chunk_2,33,GR,24.494069476922352,48
sign_test_cel0.6,chunk_2,33,IPC,9.98728801930944,48
sign_test_cel0.6,chunk_2,33,KR,13.06287037829558,48
sign_test_cel0.6,chunk_2,33,MC,7.824854662021001,48
sign_test_cel0.6,chunk_2,33,cosine_similarity,-0.19948519766330716,48
sign_test_cel0.6,chunk_2,33,wt_mean,-0.00139914278406645,48
sign_test_cel0.6,chunk_2,34,GR,21.773558855056763,48
sign_test_cel0.6,chunk_2,34,IPC,9.251302593698105,48
sign_test_cel0.6,chunk_2,34,KR,11.137838875253996,48
sign_test_cel0.6,chunk_2,34,MC,7.2296271324157715,48
sign_test_cel0.6,chunk_2,34,cosine_similarity,-0.19948517903685567,48
sign_test_cel0.6,chunk_2,34,wt_mean,-0.0012704312684945,48
sign_test_cel0.6,chunk_2,35,GR,29.213947623968124,48
sign_test_cel0.6,chunk_2,35,IPC,9.036206999172768,48
sign_test_cel0.6,chunk_2,35,KR,14.832764700055122,48
sign_test_cel0.6,chunk_2,35,MC,7.839574967821439,48
sign_test_cel0.6,chunk_2,35,cosine_similarity,-0.19948526471853248,48
sign_test_cel0.6,chunk_2,35,wt_mean,-0.00141432732925745,48
sign_test_cel0.6,chunk_2,36,GR,29.05460910995801,48
sign_test_cel0.6,chunk_2,36,IPC,10.07903860261043,48
sign_test_cel0.6,chunk_2,36,KR,15.187855963905653,48
sign_test_cel0.6,chunk_2,36,MC,8.007883568604788,48
sign_test_cel0.6,chunk_2,36,cosine_similarity,-0.1994852162897586,48
sign_test_cel0.6,chunk_2,36,wt_mean,-0.00143875260255295,48
sign_test_cel0.6,chunk_2,37,GR,24.881562342246372,48
sign_test_cel0.6,chunk_2,37,IPC,9.413386706262827,48
sign_test_cel0.6,chunk_2,37,KR,12.509118204315504,48
sign_test_cel0.6,chunk_2,37,MC,7.0233529061079025,48
sign_test_cel0.6,chunk_2,37,cosine_similarity,-0.1994852200150489,48
sign_test_cel0.6,chunk_2,37,wt_mean,-0.0013393732369877,48
sign_test_cel0.6,chunk_2,38,GR,30.834485297401745,48
sign_test_cel0.6,chunk_2,38,IPC,9.758684209237495,48
sign_test_cel0.6,chunk_2,38,KR,15.917572235067686,48
sign_test_cel0.6,chunk_2,38,MC,7.581342975298564,48
sign_test_cel0.6,chunk_2,38,cosine_similarity,-0.1994852423667907,48
sign_test_cel0.6,chunk_2,38,wt_mean,-0.0014443249965551748,48
sign_test_cel0.6,chunk_3,39,GR,34.974725127220154,48
sign_test_cel0.6,chunk_3,39,IPC,9.7089768362542,48
sign_test_cel0.6,chunk_3,39,KR,17.684713174899418,48
sign_test_cel0.6,chunk_3,39,MC,7.518378034234047,48
sign_test_cel0.6,chunk_3,39,cosine_similarity,-0.1994852125644683,48
sign_test_cel0.6,chunk_3,39,wt_mean,-0.001471059222239975,48
sign_test_cel0.6,chunk_3,40,GR,33.757364655534424,48
sign_test_cel0.6,chunk_3,40,IPC,10.34446732327342,48
sign_test_cel0.6,chunk_3,40,KR,18.34016051888466,48
sign_test_cel0.6,chunk_3,40,MC,7.931996464729309,48
sign_test_cel0.6,chunk_3,40,cosine_similarity,-0.19948525726795188,48
sign_test_cel0.6,chunk_3,40,wt_mean,-0.00155785153037865,48
sign_test_cel0.6,chunk_3,41,GR,25.322141657272976,48
sign_test_cel0.6,chunk_3,41,IPC,9.413900174200535,48
sign_test_cel0.6,chunk_3,41,KR,12.219504709045092,48
sign_test_cel0.6,chunk_3,41,MC,7.358672435084979,48
sign_test_cel0.6,chunk_3,41,cosine_similarity,-0.1994852423667907,48
sign_test_cel0.6,chunk_3,41,wt_mean,-0.00137009641912295,48
sign_test_cel0.6,chunk_3,42,GR,29.92545234163602,48
sign_test_cel0.6,chunk_3,42,IPC,10.151485784600178,48
sign_test_cel0.6,chunk_3,42,KR,15.321932961543402,48
sign_test_cel0.6,chunk_3,42,MC,7.957700838645299,48
sign_test_cel0.6,chunk_3,42,cosine_similarity,-0.1994851902127265,48
sign_test_cel0.6,chunk_3,42,wt_mean,-0.001477262325352,48
sign_test_cel0.6,chunk_3,43,GR,32.63244207700094,48
sign_test_cel0.6,chunk_3,43,IPC,9.876967060069243,48
sign_test_cel0.6,chunk_3,43,KR,16.286386067668598,48
sign_test_cel0.6,chunk_3,43,MC,8.16342897216479,48
sign_test_cel0.6,chunk_3,43,cosine_similarity,-0.19948527961969367,48
sign_test_cel0.6,chunk_3,43,wt_mean,-0.001507415436208225,48
sign_test_cel0.6,chunk_3,44,GR,30.20160075525443,48
sign_test_cel0.6,chunk_3,44,IPC,9.575991866489252,48
sign_test_cel0.6,chunk_3,44,KR,15.851248487830162,48
sign_test_cel0.6,chunk_3,44,MC,7.566608687241872,48
sign_test_cel0.6,chunk_3,44,cosine_similarity,-0.1994852200150489,48
sign_test_cel0.6,chunk_3,44,wt_mean,-0.00148884090594945,48
sign_test_cel0.6,chunk_3,45,GR,26.530051584045093,48
sign_test_cel0.6,chunk_3,45,IPC,9.846620126316944,48
sign_test_cel0.6,chunk_3,45,KR,14.209832136829695,48
sign_test_cel0.6,chunk_3,45,MC,7.567249417304993,48
sign_test_cel0.6,chunk_3,45,cosine_similarity,-0.1994852274656295,48
sign_test_cel0.6,chunk_3,45,wt_mean,-0.001394770253682475,48
sign_test_cel0.6,chunk_3,46,GR,25.501571238040924,48
sign_test_cel0.6,chunk_3,46,IPC,9.864582738528648,48
sign_test_cel0.6,chunk_3,46,KR,13.225205168128014,48
sign_test_cel0.6,chunk_3,46,MC,7.648747141162555,48
sign_test_cel0.6,chunk_3,46,cosine_similarity,-0.1994852013885974,48
sign_test_cel0.6,chunk_3,46,wt_mean,-0.00142174577922555,48
sign_test_cel0.6,chunk_3,47,GR,21.87627364695072,48
sign_test_cel0.6,chunk_3,47,IPC,10.077325848241648,48
sign_test_cel0.6,chunk_3,47,KR,10.881618415315947,48
sign_test_cel0.6,chunk_3,47,MC,7.518534292777379,48
sign_test_cel0.6,chunk_3,47,cosine_similarity,-0.19948519766330716,48
sign_test_cel0.6,chunk_3,47,wt_mean,-0.0012707307614618498,48
sign_test_cel0.6,chunk_3,48,GR,31.59274661540985,48
sign_test_cel0.6,chunk_3,48,IPC,9.885877721011639,48
sign_test_cel0.6,chunk_3,48,KR,16.160686473051708,48
sign_test_cel0.6,chunk_3,48,MC,7.537047515312831,48
sign_test_cel0.6,chunk_3,48,cosine_similarity,-0.1994852051138877,48
sign_test_cel0.6,chunk_3,48,wt_mean,-0.001474389806389775,48
sign_test_cel0.6,chunk_3,49,GR,24.61946019033591,48
sign_test_cel0.6,chunk_3,49,IPC,9.79097438727816,48
sign_test_cel0.6,chunk_3,49,KR,12.897435580690702,48
sign_test_cel0.6,chunk_3,49,MC,7.1845573137203855,48
sign_test_cel0.6,chunk_3,49,cosine_similarity,-0.1994852237403392,48
sign_test_cel0.6,chunk_3,49,wt_mean,-0.00137776437622955,48
sign_test_cel0.6,chunk_3,50,GR,19.347954228520393,48
sign_test_cel0.6,chunk_3,50,IPC,10.469936205695072,48
sign_test_cel0.6,chunk_3,50,KR,10.243343194325766,48
sign_test_cel0.6,chunk_3,50,MC,7.680068204800288,48
sign_test_cel0.6,chunk_3,50,cosine_similarity,-0.199485246092081,48
sign_test_cel0.6,chunk_3,50,wt_mean,-0.001293733701459075,48
sign_test_cel0.6,chunk_3,51,GR,32.14951801300049,48
sign_test_cel0.6,chunk_3,51,IPC,8.932295626650253,48
sign_test_cel0.6,chunk_3,51,KR,16.522168164451916,48
sign_test_cel0.6,chunk_3,51,MC,7.504168897867203,48
sign_test_cel0.6,chunk_3,51,cosine_similarity,-0.19948523491621015,48
sign_test_cel0.6,chunk_3,51,wt_mean,-0.001527900691144125,48
sign_test_cel0.6,chunk_4,52,GR,30.82337054113547,48
sign_test_cel0.6,chunk_4,52,IPC,9.64906998599569,48
sign_test_cel0.6,chunk_4,52,KR,16.591959183414776,48
sign_test_cel0.6,chunk_4,52,MC,7.668797808388869,48
sign_test_cel0.6,chunk_4,52,cosine_similarity,-0.19948524236679074,48
sign_test_cel0.6,chunk_4,52,wt_mean,-0.001401009183609825,48
sign_test_cel0.6,chunk_4,53,GR,38.90896035234133,48
sign_test_cel0.6,chunk_4,53,IPC,8.880753753085932,48
sign_test_cel0.6,chunk_4,53,KR,20.29850319524606,48
sign_test_cel0.6,chunk_4,53,MC,7.078537215789159,48
sign_test_cel0.6,chunk_4,53,cosine_similarity,-0.1994852274656295,48
sign_test_cel0.6,chunk_4,53,wt_mean,-0.0015435812529175752,48
sign_test_cel0.6,chunk_4,54,GR,15.493834803501764,48
sign_test_cel0.6,chunk_4,54,IPC,10.01175561050574,48
sign_test_cel0.6,chunk_4,54,KR,7.906519720951716,48
sign_test_cel0.6,chunk_4,54,MC,6.94480041662852,48
sign_test_cel0.6,chunk_4,54,cosine_similarity,-0.1994852423667907,48
sign_test_cel0.6,chunk_4,54,wt_mean,-0.0011485448776511,48
sign_test_cel0.6,chunk_4,55,GR,30.191312193870544,48
sign_test_cel0.6,chunk_4,55,IPC,9.575489291300377,48
sign_test_cel0.6,chunk_4,55,KR,15.768035973111788,48
sign_test_cel0.6,chunk_4,55,MC,7.46852008998394,48
sign_test_cel0.6,chunk_4,55,cosine_similarity,-0.19948519021272657,48
sign_test_cel0.6,chunk_4,55,wt_mean,-0.00144630999420765,48
sign_test_cel0.6,chunk_4,56,GR,26.30534492433071,48
sign_test_cel0.6,chunk_4,56,IPC,8.832586515694857,48
sign_test_cel0.6,chunk_4,56,KR,13.390774314602217,48
sign_test_cel0.6,chunk_4,56,MC,7.39619742333889,48
sign_test_cel0.6,chunk_4,56,cosine_similarity,-0.19948523119091985,48
sign_test_cel0.6,chunk_4,56,wt_mean,-0.0013727814657613251,48
sign_test_cel0.6,chunk_4,57,GR,24.326976319154102,48
sign_test_cel0.6,chunk_4,57,IPC,9.362660137315592,48
sign_test_cel0.6,chunk_4,57,KR,12.076024115085602,48
sign_test_cel0.6,chunk_4,57,MC,6.867862264315288,48
sign_test_cel0.6,chunk_4,57,cosine_similarity,-0.199485246092081,48
sign_test_cel0.6,chunk_4,57,wt_mean,-0.001336698682280175,48
sign_test_cel0.6,chunk_4,58,GR,27.543591663241386,48
sign_test_cel0.6,chunk_4,58,IPC,9.548883443077406,48
sign_test_cel0.6,chunk_4,58,KR,14.07356108725071,48
sign_test_cel0.6,chunk_4,58,MC,7.1020437926054,48
sign_test_cel0.6,chunk_4,58,cosine_similarity,-0.1994852349162101,48
sign_test_cel0.6,chunk_4,58,wt_mean,-0.001414898579241675,48
sign_test_cel0.6,chunk_4,59,GR,36.16907061636448,48
sign_test_cel0.6,chunk_4,59,IPC,9.72135616466403,48
sign_test_cel0.6,chunk_4,59,KR,17.990217501918476,48
sign_test_cel0.6,chunk_4,59,MC,7.535574495792389,48
sign_test_cel0.6,chunk_4,59,cosine_similarity,-0.1994852423667907,48
sign_test_cel0.6,chunk_4,59,wt_mean,-0.0015741637616883501,48
sign_test_cel0.6,chunk_4,60,GR,34.451750218868256,48
sign_test_cel0.6,chunk_4,60,IPC,9.27801995848616,48
sign_test_cel0.6,chunk_4,60,KR,18.35981618364652,48
sign_test_cel0.6,chunk_4,60,MC,7.443614095449448,48
sign_test_cel0.6,chunk_4,60,cosine_similarity,-0.19948525726795188,48
sign_test_cel0.6,chunk_4,60,wt_mean,-0.0015213860024232,48
sign_test_cel0.6,chunk_4,61,GR,25.45125266412894,48
sign_test_cel0.6,chunk_4,61,IPC,9.388398177921772,48
sign_test_cel0.6,chunk_4,61,KR,12.48228087524573,48
sign_test_cel0.6,chunk_4,61,MC,6.879538337389628,48
sign_test_cel0.6,chunk_4,61,cosine_similarity,-0.1994852349162101,48
sign_test_cel0.6,chunk_4,61,wt_mean,-0.0013451368431560001,48
sign_test_cel0.6,chunk_4,62,GR,30.025548820694286,48
sign_test_cel0.6,chunk_4,62,IPC,9.921807282914719,48
sign_test_cel0.6,chunk_4,62,KR,15.56028863787651,48
sign_test_cel0.6,chunk_4,62,MC,7.90039524435997,48
sign_test_cel0.6,chunk_4,62,cosine_similarity,-0.19948525726795188,48
sign_test_cel0.6,chunk_4,62,wt_mean,-0.0014604483731090751,48
sign_test_cel0.6,chunk_4,63,GR,30.122108702858288,48
sign_test_cel0.6,chunk_4,63,IPC,10.671754640837511,48
sign_test_cel0.6,chunk_4,63,KR,15.58909521996975,48
sign_test_cel0.6,chunk_4,63,MC,7.918676247199376,48
sign_test_cel0.6,chunk_4,63,cosine_similarity,-0.1994852013885974,48
sign_test_cel0.6,chunk_4,63,wt_mean,-0.001500342274084625,48
sign_test_cel0.6,chunk_4,64,GR,30.7164053718249,48
sign_test_cel0.6,chunk_4,64,IPC,9.884104264279207,48
sign_test_cel0.6,chunk_4,64,KR,16.186036715904873,48
sign_test_cel0.6,chunk_4,64,MC,7.676357825597127,48
sign_test_cel0.6,chunk_4,64,cosine_similarity,-0.19948519766330716,48
sign_test_cel0.6,chunk_4,64,wt_mean,-0.0014817006303928248,48
sign_test_cel0.6,chunk_5,65,GR,31.81976367533207,48
sign_test_cel0.6,chunk_5,65,IPC,10.275442094852528,48
sign_test_cel0.6,chunk_5,65,KR,16.147410854697227,48
sign_test_cel0.6,chunk_5,65,MC,8.08918796479702,48
sign_test_cel0.6,chunk_5,65,cosine_similarity,-0.1994852349162101,48
sign_test_cel0.6,chunk_5,65,wt_mean,-0.001444997964426825,48
sign_test_cel0.6,chunk_5,66,GR,19.754314844806988,48
sign_test_cel0.6,chunk_5,66,IPC,10.09048716723919,48
sign_test_cel0.6,chunk_5,66,KR,10.065229932467142,48
sign_test_cel0.6,chunk_5,66,MC,7.154745490600665,48
sign_test_cel0.6,chunk_5,66,cosine_similarity,-0.1994852274656295,48
sign_test_cel0.6,chunk_5,66,wt_mean,-0.0012772032350767,48
sign_test_cel0.6,chunk_5,67,GR,27.085824484626453,48
sign_test_cel0.6,chunk_5,67,IPC,10.439791082094112,48
sign_test_cel0.6,chunk_5,67,KR,13.833118413885435,48
sign_test_cel0.6,chunk_5,67,MC,7.837597101926804,48
sign_test_cel0.6,chunk_5,67,cosine_similarity,-0.19948516041040418,48
sign_test_cel0.6,chunk_5,67,wt_mean,-0.0014372256409842,48
sign_test_cel0.6,chunk_5,68,GR,25.481402029593784,48
sign_test_cel0.6,chunk_5,68,IPC,9.659194166461626,48
sign_test_cel0.6,chunk_5,68,KR,12.8826136191686,48
sign_test_cel0.6,chunk_5,68,MC,7.65544681251049,48
sign_test_cel0.6,chunk_5,68,cosine_similarity,-0.19948521628975865,48
sign_test_cel0.6,chunk_5,68,wt_mean,-0.001358915775199375,48
sign_test_cel0.6,chunk_5,69,GR,35.77053174376488,48
sign_test_cel0.6,chunk_5,69,IPC,9.390613461534182,48
sign_test_cel0.6,chunk_5,69,KR,18.677993178367615,48
sign_test_cel0.6,chunk_5,69,MC,7.692297304670016,48
sign_test_cel0.6,chunk_5,69,cosine_similarity,-0.19948524981737129,48
sign_test_cel0.6,chunk_5,69,wt_mean,-0.0015486432530451,48
sign_test_cel0.6,chunk_5,70,GR,28.70704048871994,48
sign_test_cel0.6,chunk_5,70,IPC,10.52020058532556,48
sign_test_cel0.6,chunk_5,70,KR,14.742322067419687,48
sign_test_cel0.6,chunk_5,70,MC,7.692810321847598,48
sign_test_cel0.6,chunk_5,70,cosine_similarity,-0.19948525354266158,48
sign_test_cel0.6,chunk_5,70,wt_mean,-0.0014628694625571,48
sign_test_cel0.6,chunk_5,71,GR,31.308086385329563,48
sign_test_cel0.6,chunk_5,71,IPC,9.178615060945353,48
sign_test_cel0.6,chunk_5,71,KR,15.960294783115387,48
sign_test_cel0.6,chunk_5,71,MC,7.2367851957678795,48
sign_test_cel0.6,chunk_5,71,cosine_similarity,-0.1994852125644683,48
sign_test_cel0.6,chunk_5,71,wt_mean,-0.00144987096427935,48
sign_test_cel0.6,chunk_5,72,GR,18.25593915084998,48
sign_test_cel0.6,chunk_5,72,IPC,10.147278471539417,48
sign_test_cel0.6,chunk_5,72,KR,9.285992900530497,48
sign_test_cel0.6,chunk_5,72,MC,7.352332542339961,48
sign_test_cel0.6,chunk_5,72,cosine_similarity,-0.1994852274656295,48
sign_test_cel0.6,chunk_5,72,wt_mean,-0.001234909883351025,48
sign_test_cel0.6,chunk_5,73,GR,30.780673424402874,48
sign_test_cel0.6,chunk_5,73,IPC,8.75888662909468,48
sign_test_cel0.6,chunk_5,73,KR,15.57057731350263,48
sign_test_cel0.6,chunk_5,73,MC,6.817537819345792,48
sign_test_cel0.6,chunk_5,73,cosine_similarity,-0.19948516786098472,48
sign_test_cel0.6,chunk_5,73,wt_mean,-0.0014298606547526748,48
sign_test_cel0.6,chunk_5,74,GR,31.39469702045123,48
sign_test_cel0.6,chunk_5,74,IPC,10.01412744820118,48
sign_test_cel0.6,chunk_5,74,KR,15.884756257136663,48
sign_test_cel0.6,chunk_5,74,MC,7.766960591077805,48
sign_test_cel0.6,chunk_5,74,cosine_similarity,-0.1994852349162101,48
sign_test_cel0.6,chunk_5,74,wt_mean,-0.0014673304394818502,48
sign_test_cel0.6,chunk_5,75,GR,20.968178495764732,48
sign_test_cel0.6,chunk_5,75,IPC,10.180138380577167,48
sign_test_cel0.6,chunk_5,75,KR,10.49036773542563,48
sign_test_cel0.6,chunk_5,75,MC,7.4158678104480105,48
sign_test_cel0.6,chunk_5,75,cosine_similarity,-0.1994852274656295,48
sign_test_cel0.6,chunk_5,75,wt_mean,-0.00130297424038865,48
sign_test_cel0.6,chunk_5,76,GR,21.490446622172993,48
sign_test_cel0.6,chunk_5,76,IPC,9.479407840718826,48
sign_test_cel0.6,chunk_5,76,KR,10.31905003885428,48
sign_test_cel0.6,chunk_5,76,MC,7.201313704252243,48
sign_test_cel0.6,chunk_5,76,cosine_similarity,-0.19948524609208104,48
sign_test_cel0.6,chunk_5,76,wt_mean,-0.0012958967708982,48
sign_test_cel0.6,chunk_5,77,GR,29.789654289682705,48
sign_test_cel0.6,chunk_5,77,IPC,9.802662956217924,48
sign_test_cel0.6,chunk_5,77,KR,14.881774907310804,48
sign_test_cel0.6,chunk_5,77,MC,7.8128815939029055,48
sign_test_cel0.6,chunk_5,77,cosine_similarity,-0.1994852311909198,48
sign_test_cel0.6,chunk_5,77,wt_mean,-0.00144382042344655,48
sign_test_cel0.6,chunk_6,78,GR,33.569728538393974,48
sign_test_cel0.6,chunk_6,78,IPC,8.582997323324284,48
sign_test_cel0.6,chunk_6,78,KR,17.454820747176807,48
sign_test_cel0.6,chunk_6,78,MC,7.619712074597676,48
sign_test_cel0.6,chunk_6,78,cosine_similarity,-0.19948518648743627,48
sign_test_cel0.6,chunk_6,78,wt_mean,-0.00152936985250555,48
sign_test_cel0.6,chunk_6,79,GR,21.14899714787801,48
sign_test_cel0.6,chunk_6,79,IPC,9.782115697860718,48
sign_test_cel0.6,chunk_6,79,KR,10.721519062916437,48
sign_test_cel0.6,chunk_6,79,MC,7.646736825505893,48
sign_test_cel0.6,chunk_6,79,cosine_similarity,-0.1994852349162101,48
sign_test_cel0.6,chunk_6,79,wt_mean,-0.0012852623331127,48
sign_test_cel0.6,chunk_6,80,GR,29.5866456925869,48
sign_test_cel0.6,chunk_6,80,IPC,10.572785301754871,48
sign_test_cel0.6,chunk_6,80,KR,15.047493413090706,48
sign_test_cel0.6,chunk_6,80,MC,7.788823092977206,48
sign_test_cel0.6,chunk_6,80,cosine_similarity,-0.19948519393801686,48
sign_test_cel0.6,chunk_6,80,wt_mean,-0.00148723565507675,48
sign_test_cel0.6,chunk_6,81,GR,29.33471594254176,48
sign_test_cel0.6,chunk_6,81,IPC,9.234520462652048,48
sign_test_cel0.6,chunk_6,81,KR,14.916080812613169,48
sign_test_cel0.6,chunk_6,81,MC,7.398989935715993,48
sign_test_cel0.6,chunk_6,81,cosine_similarity,-0.1994852349162101,48
sign_test_cel0.6,chunk_6,81,wt_mean,-0.00140724694938395,48
sign_test_cel0.6,chunk_6,82,GR,28.40874156852563,48
sign_test_cel0.6,chunk_6,82,IPC,9.919061777492365,48
sign_test_cel0.6,chunk_6,82,KR,14.395436381300291,48
sign_test_cel0.6,chunk_6,82,MC,7.754248956839244,48
sign_test_cel0.6,chunk_6,82,cosine_similarity,-0.1994852311909198,48
sign_test_cel0.6,chunk_6,82,wt_mean,-0.001423211069777575,48
sign_test_cel0.6,chunk_6,83,GR,14.070918207367262,48
sign_test_cel0.6,chunk_6,83,IPC,8.89254899074634,48
sign_test_cel0.6,chunk_6,83,KR,7.169785564144452,48
sign_test_cel0.6,chunk_6,83,MC,6.024752356112003,48
sign_test_cel0.6,chunk_6,83,cosine_similarity,-0.1994852125644683,48
sign_test_cel0.6,chunk_6,83,wt_mean,-0.001068868208676525,48
sign_test_cel0.6,chunk_6,84,GR,29.670176029205322,48
sign_test_cel0.6,chunk_6,84,IPC,10.525943612058958,48
sign_test_cel0.6,chunk_6,84,KR,15.380031804243723,48
sign_test_cel0.6,chunk_6,84,MC,8.061154435078302,48
sign_test_cel0.6,chunk_6,84,cosine_similarity,-0.1994852200150489,48
sign_test_cel0.6,chunk_6,84,wt_mean,-0.0015171753475442,48
sign_test_cel0.6,chunk_6,85,GR,24.41652376453082,48
sign_test_cel0.6,chunk_6,85,IPC,10.503192096948624,48
sign_test_cel0.6,chunk_6,85,KR,12.552603915333748,48
sign_test_cel0.6,chunk_6,85,MC,7.612017730871837,48
sign_test_cel0.6,chunk_6,85,cosine_similarity,-0.1994851939380168,48
sign_test_cel0.6,chunk_6,85,wt_mean,-0.0013883830979465998,48
sign_test_cel0.6,chunk_6,86,GR,26.206743821501732,48
sign_test_cel0.6,chunk_6,86,IPC,10.15175478036205,48
sign_test_cel0.6,chunk_6,86,KR,13.752153466145197,48
sign_test_cel0.6,chunk_6,86,MC,7.932687399288018,48
sign_test_cel0.6,chunk_6,86,cosine_similarity,-0.19948520511388776,48
sign_test_cel0.6,chunk_6,86,wt_mean,-0.00136660033604125,48
sign_test_cel0.6,chunk_6,87,GR,20.908987591663998,48
sign_test_cel0.6,chunk_6,87,IPC,9.249319286396107,48
sign_test_cel0.6,chunk_6,87,KR,10.40151779850324,48
sign_test_cel0.6,chunk_6,87,MC,7.135414446393649,48
sign_test_cel0.6,chunk_6,87,cosine_similarity,-0.19948525726795188,48
sign_test_cel0.6,chunk_6,87,wt_mean,-0.001286734564928275,48
sign_test_cel0.6,chunk_6,88,GR,28.823399126529694,48
sign_test_cel0.6,chunk_6,88,IPC,9.268553953617811,48
sign_test_cel0.6,chunk_6,88,KR,14.871019517381987,48
sign_test_cel0.6,chunk_6,88,MC,7.8839255919059115,48
sign_test_cel0.6,chunk_6,88,cosine_similarity,-0.1994852349162101,48
sign_test_cel0.6,chunk_6,88,wt_mean,-0.00143463799031445,48
sign_test_cel0.6,chunk_6,89,GR,31.028052782018978,48
sign_test_cel0.6,chunk_6,89,IPC,10.392537043740353,48
sign_test_cel0.6,chunk_6,89,KR,16.214299475153286,48
sign_test_cel0.6,chunk_6,89,MC,8.351834083596865,48
sign_test_cel0.6,chunk_6,89,cosine_similarity,-0.19948517903685561,48
sign_test_cel0.6,chunk_6,89,wt_mean,-0.00150109364767555,48
sign_test_cel0.6,chunk_6,90,GR,24.533603345354397,48
sign_test_cel0.6,chunk_6,90,IPC,9.476930567373833,48
sign_test_cel0.6,chunk_6,90,KR,12.562094633777937,48
sign_test_cel0.6,chunk_6,90,MC,7.065182263652484,48
sign_test_cel0.6,chunk_6,90,cosine_similarity,-0.19948519766330716,48
sign_test_cel0.6,chunk_6,90,wt_mean,-0.0013582384854089,48
sign_test_cel0.6,chunk_7,100,GR,18.395868216951687,48
sign_test_cel0.6,chunk_7,100,IPC,9.895445238798857,48
sign_test_cel0.6,chunk_7,100,KR,9.608969122171402,48
sign_test_cel0.6,chunk_7,100,MC,7.0053092787663145,48
sign_test_cel0.6,chunk_7,100,cosine_similarity,-0.19948526099324218,48
sign_test_cel0.6,chunk_7,100,wt_mean,-0.0012094652920495,48
sign_test_cel0.6,chunk_7,101,GR,20.015431930621464,48
sign_test_cel0.6,chunk_7,101,IPC,9.036747875312964,48
sign_test_cel0.6,chunk_7,101,KR,10.1043624629577,48
sign_test_cel0.6,chunk_7,101,MC,6.926214173436165,48
sign_test_cel0.6,chunk_7,101,cosine_similarity,-0.1994852200150489,48
sign_test_cel0.6,chunk_7,101,wt_mean,-0.0012292703322599999,48
sign_test_cel0.6,chunk_7,102,GR,27.780907839536667,48
sign_test_cel0.6,chunk_7,102,IPC,9.915008390943209,48
sign_test_cel0.6,chunk_7,102,KR,13.857679232954979,48
sign_test_cel0.6,chunk_7,102,MC,7.67055578281482,48
sign_test_cel0.6,chunk_7,102,cosine_similarity,-0.1994852349162101,48
sign_test_cel0.6,chunk_7,102,wt_mean,-0.00142783537739885,48
sign_test_cel0.6,chunk_7,103,GR,37.54702859123548,48
sign_test_cel0.6,chunk_7,103,IPC,8.9597679823637,48
sign_test_cel0.6,chunk_7,103,KR,19.660384555657703,48
sign_test_cel0.6,chunk_7,103,MC,7.133698185284932,48
sign_test_cel0.6,chunk_7,103,cosine_similarity,-0.1994852349162101,48
sign_test_cel0.6,chunk_7,103,wt_mean,-0.001544024562463125,48
sign_test_cel0.6,chunk_7,91,GR,32.68722949425379,48
sign_test_cel0.6,chunk_7,91,IPC,9.9472382205228,48
sign_test_cel0.6,chunk_7,91,KR,17.21587559580803,48
sign_test_cel0.6,chunk_7,91,MC,7.944293305277824,48
sign_test_cel0.6,chunk_7,91,cosine_similarity,-0.1994852200150489,48
sign_test_cel0.6,chunk_7,91,wt_mean,-0.001503010338637925,48
sign_test_cel0.6,chunk_7,92,GR,30.099806586901348,48
sign_test_cel0.6,chunk_7,92,IPC,10.139749658604464,48
sign_test_cel0.6,chunk_7,92,KR,15.77005510032177,48
sign_test_cel0.6,chunk_7,92,MC,7.7720982283353806,48
sign_test_cel0.6,chunk_7,92,cosine_similarity,-0.19948527961969367,48
sign_test_cel0.6,chunk_7,92,wt_mean,-0.0014733058633282,48
sign_test_cel0.6,chunk_7,93,GR,20.411219015717506,48
sign_test_cel0.6,chunk_7,93,IPC,9.462469237546125,48
sign_test_cel0.6,chunk_7,93,KR,10.152275001009306,48
sign_test_cel0.6,chunk_7,93,MC,6.665048656364282,48
sign_test_cel0.6,chunk_7,93,cosine_similarity,-0.19948517531156537,48
sign_test_cel0.6,chunk_7,93,wt_mean,-0.001270520137040825,48
sign_test_cel0.6,chunk_7,94,GR,32.738900835315384,48
sign_test_cel0.6,chunk_7,94,IPC,10.103590408960978,48
sign_test_cel0.6,chunk_7,94,KR,17.690270135800045,48
sign_test_cel0.6,chunk_7,94,MC,8.136058216293653,48
sign_test_cel0.6,chunk_7,94,cosine_similarity,-0.1994852274656295,48
sign_test_cel0.6,chunk_7,94,wt_mean,-0.001587740844115575,48
sign_test_cel0.6,chunk_7,95,GR,31.65929427742958,48
sign_test_cel0.6,chunk_7,95,IPC,9.442992077519497,48
sign_test_cel0.6,chunk_7,95,KR,16.50035372376442,48
sign_test_cel0.6,chunk_7,95,MC,7.587109297513962,48
sign_test_cel0.6,chunk_7,95,cosine_similarity,-0.19948524981737129,48
sign_test_cel0.6,chunk_7,95,wt_mean,-0.001467710768338225,48
sign_test_cel0.6,chunk_7,96,GR,23.75904466708501,48
sign_test_cel0.6,chunk_7,96,IPC,9.554196997235218,48
sign_test_cel0.6,chunk_7,96,KR,12.07842642068863,48
sign_test_cel0.6,chunk_7,96,MC,7.568640157580376,48
sign_test_cel0.6,chunk_7,96,cosine_similarity,-0.19948516786098477,48
sign_test_cel0.6,chunk_7,96,wt_mean,-0.0013838708400725748,48
sign_test_cel0.6,chunk_7,97,GR,26.764104063312214,48
sign_test_cel0.6,chunk_7,97,IPC,9.489802607645592,48
sign_test_cel0.6,chunk_7,97,KR,13.98240153491497,48
sign_test_cel0.6,chunk_7,97,MC,7.400686452786128,48
sign_test_cel0.6,chunk_7,97,cosine_similarity,-0.1994852349162101,48
sign_test_cel0.6,chunk_7,97,wt_mean,-0.001391723722917925,48
sign_test_cel0.6,chunk_7,98,GR,20.448614075779915,48
sign_test_cel0.6,chunk_7,98,IPC,9.765412213901678,48
sign_test_cel0.6,chunk_7,98,KR,10.098738412062326,48
sign_test_cel0.6,chunk_7,98,MC,7.5141845891873045,48
sign_test_cel0.6,chunk_7,98,cosine_similarity,-0.19948526471853248,48
sign_test_cel0.6,chunk_7,98,wt_mean,-0.001275919450563325,48
sign_test_cel0.6,chunk_7,99,GR,32.13861513634523,48
sign_test_cel0.6,chunk_7,99,IPC,8.755853179842234,48
sign_test_cel0.6,chunk_7,99,KR,16.477881744503975,48
sign_test_cel0.6,chunk_7,99,MC,7.239167029658954,48
sign_test_cel0.6,chunk_7,99,cosine_similarity,-0.1994852237403392,48
sign_test_cel0.6,chunk_7,99,wt_mean,-0.001490807742811675,48
sign_test_cel0.6,chunk_8,104,GR,22.78661384185155,48
sign_test_cel0.6,chunk_8,104,IPC,8.494880422949791,48
sign_test_cel0.6,chunk_8,104,KR,11.719013954202333,48
sign_test_cel0.6,chunk_8,104,MC,6.721702809135119,48
sign_test_cel0.6,chunk_8,104,cosine_similarity,-0.1994852125644683,48
sign_test_cel0.6,chunk_8,104,wt_mean,-0.0012903618480777001,48
sign_test_cel0.6,chunk_8,105,GR,11.046693796912828,48
sign_test_cel0.6,chunk_8,105,IPC,9.568032875657082,48
sign_test_cel0.6,chunk_8,105,KR,5.920758659640948,48
sign_test_cel0.6,chunk_8,105,MC,6.9084775770703954,48
sign_test_cel0.6,chunk_8,105,cosine_similarity,-0.1994852423667907,48
sign_test_cel0.6,chunk_8,105,wt_mean,-0.0009668513812357251,48
sign_test_cel0.6,chunk_8,106,GR,33.45854026079178,48
sign_test_cel0.6,chunk_8,106,IPC,9.035987752179304,48
sign_test_cel0.6,chunk_8,106,KR,17.424052735169727,48
sign_test_cel0.6,chunk_8,106,MC,7.2296991149584455,48
sign_test_cel0.6,chunk_8,106,cosine_similarity,-0.199485208839178,48
sign_test_cel0.6,chunk_8,106,wt_mean,-0.001471640687668675,48
sign_test_cel0.6,chunk_8,107,GR,26.153751184542973,48
sign_test_cel0.6,chunk_8,107,IPC,9.637483719736338,48
sign_test_cel0.6,chunk_8,107,KR,12.772427091995874,48
sign_test_cel0.6,chunk_8,107,MC,7.318054882188638,48
sign_test_cel0.6,chunk_8,107,cosine_similarity,-0.1994852125644683,48
sign_test_cel0.6,chunk_8,107,wt_mean,-0.0013644983264384251,48
sign_test_cel0.6,chunk_8,108,GR,28.684582034746807,48
sign_test_cel0.6,chunk_8,108,IPC,9.9554432220757,48
sign_test_cel0.6,chunk_8,108,KR,14.650127187371254,48
sign_test_cel0.6,chunk_8,108,MC,7.6571228702863054,48
sign_test_cel0.6,chunk_8,108,cosine_similarity,-0.19948515295982358,48
sign_test_cel0.6,chunk_8,108,wt_mean,-0.00145304866600775,48
sign_test_cel0.6,chunk_8,109,GR,27.608140562971432,48
sign_test_cel0.6,chunk_8,109,IPC,9.685118270417055,48
sign_test_cel0.6,chunk_8,109,KR,13.794285754362742,48
sign_test_cel0.6,chunk_8,109,MC,7.419335116942723,48
sign_test_cel0.6,chunk_8,109,cosine_similarity,-0.19948519766330716,48
sign_test_cel0.6,chunk_8,109,wt_mean,-0.001412616053130425,48
sign_test_cel0.6,chunk_8,110,GR,38.551558862129845,48
sign_test_cel0.6,chunk_8,110,IPC,9.560074181606373,48
sign_test_cel0.6,chunk_8,110,KR,20.247420350710552,48
sign_test_cel0.6,chunk_8,110,MC,7.7025450989604,48
sign_test_cel0.6,chunk_8,110,cosine_similarity,-0.19948526471853248,48
sign_test_cel0.6,chunk_8,110,wt_mean,-0.001612403866602075,48
sign_test_cel0.6,chunk_8,111,GR,29.21178146203359,48
sign_test_cel0.6,chunk_8,111,IPC,9.533024738232294,48
sign_test_cel0.6,chunk_8,111,KR,15.025122106075287,48
sign_test_cel0.6,chunk_8,111,MC,7.769385372598966,48
sign_test_cel0.6,chunk_8,111,cosine_similarity,-0.1994852051138877,48
sign_test_cel0.6,chunk_8,111,wt_mean,-0.001477022917242675,48
sign_test_cel0.6,chunk_8,112,GR,19.90605791906516,48
sign_test_cel0.6,chunk_8,112,IPC,9.392316095530987,48
sign_test_cel0.6,chunk_8,112,KR,10.835953185955683,48
sign_test_cel0.6,chunk_8,112,MC,7.274709100524585,48
sign_test_cel0.6,chunk_8,112,cosine_similarity,-0.1994852051138877,48
sign_test_cel0.6,chunk_8,112,wt_mean,-0.001296777598326975,48
sign_test_cel0.6,chunk_8,113,GR,29.242373953262966,48
sign_test_cel0.6,chunk_8,113,IPC,9.505512658506632,48
sign_test_cel0.6,chunk_8,113,KR,15.104471921920776,48
sign_test_cel0.6,chunk_8,113,MC,7.532607739170392,48
sign_test_cel0.6,chunk_8,113,cosine_similarity,-0.1994852274656295,48
sign_test_cel0.6,chunk_8,113,wt_mean,-0.0014255544811020999,48
sign_test_cel0.6,chunk_8,114,GR,18.74873673915863,48
sign_test_cel0.6,chunk_8,114,IPC,9.970869168639183,48
sign_test_cel0.6,chunk_8,114,KR,9.496840099493662,48
sign_test_cel0.6,chunk_8,114,MC,7.356305201848348,48
sign_test_cel0.6,chunk_8,114,cosine_similarity,-0.19948527589440337,48
sign_test_cel0.6,chunk_8,114,wt_mean,-0.001223195344209625,48
sign_test_cel0.6,chunk_8,115,GR,26.59329679608345,48
sign_test_cel0.6,chunk_8,115,IPC,9.44509850566586,48
sign_test_cel0.6,chunk_8,115,KR,13.54614876707395,48
sign_test_cel0.6,chunk_8,115,MC,7.460135608911514,48
sign_test_cel0.6,chunk_8,115,cosine_similarity,-0.1994852349162101,48
sign_test_cel0.6,chunk_8,115,wt_mean,-0.0013959871430415,48
sign_test_cel0.6,chunk_8,116,GR,31.637515405813854,48
sign_test_cel0.6,chunk_8,116,IPC,9.66319447507461,48
sign_test_cel0.6,chunk_8,116,KR,15.94529881576697,48
sign_test_cel0.6,chunk_8,116,MC,7.446407665808995,48
sign_test_cel0.6,chunk_8,116,cosine_similarity,-0.1994852237403392,48
sign_test_cel0.6,chunk_8,116,wt_mean,-0.0014684154011774,48
sign_test_cel0.6,chunk_9,117,GR,18.475558405121166,48
sign_test_cel0.6,chunk_9,117,IPC,9.505566390852133,48
sign_test_cel0.6,chunk_9,117,KR,9.645910441875458,48
sign_test_cel0.6,chunk_9,117,MC,6.871709614992142,48
sign_test_cel0.6,chunk_9,117,cosine_similarity,-0.1994852386415004,48
sign_test_cel0.6,chunk_9,117,wt_mean,-0.0012169421243015,48
sign_test_cel0.6,chunk_9,118,GR,30.73406123618285,48
sign_test_cel0.6,chunk_9,118,IPC,8.864081863313913,48
sign_test_cel0.6,chunk_9,118,KR,15.417696019013723,48
sign_test_cel0.6,chunk_9,118,MC,7.114811107516289,48
sign_test_cel0.6,chunk_9,118,cosine_similarity,-0.19948527589440337,48
sign_test_cel0.6,chunk_9,118,wt_mean,-0.001452528464142175,48
sign_test_cel0.6,chunk_9,119,GR,20.348855018615723,48
sign_test_cel0.6,chunk_9,119,IPC,9.899826863159737,48
sign_test_cel0.6,chunk_9,119,KR,10.235737755894661,48
sign_test_cel0.6,chunk_9,119,MC,7.230948453148206,48
sign_test_cel0.6,chunk_9,119,cosine_similarity,-0.1994852162897586,48
sign_test_cel0.6,chunk_9,119,wt_mean,-0.001269034983124525,48
sign_test_cel0.6,chunk_9,120,GR,21.655168265104294,48
sign_test_cel0.6,chunk_9,120,IPC,10.238209015379349,48
sign_test_cel0.6,chunk_9,120,KR,11.529452338814735,48
sign_test_cel0.6,chunk_9,120,MC,7.737704560160637,48
sign_test_cel0.6,chunk_9,120,cosine_similarity,-0.19948517531156532,48
sign_test_cel0.6,chunk_9,120,wt_mean,-0.00133366780937645,48
sign_test_cel0.6,chunk_9,121,GR,15.222888628641764,48
sign_test_cel0.6,chunk_9,121,IPC,10.618661012500525,48
sign_test_cel0.6,chunk_9,121,KR,7.8700980593760805,48
sign_test_cel0.6,chunk_9,121,MC,7.7098414450883865,48
sign_test_cel0.6,chunk_9,121,cosine_similarity,-0.1994852125644683,48
sign_test_cel0.6,chunk_9,121,wt_mean,-0.0011628881184151,48
sign_test_cel0.6,chunk_9,122,GR,31.09217378993829,48
sign_test_cel0.6,chunk_9,122,IPC,10.538431762407223,48
sign_test_cel0.6,chunk_9,122,KR,15.890883401036263,48
sign_test_cel0.6,chunk_9,122,MC,8.017363985379538,48
sign_test_cel0.6,chunk_9,122,cosine_similarity,-0.1994852274656295,48
sign_test_cel0.6,chunk_9,122,wt_mean,-0.001495482196332825,48
sign_test_cel0.6,chunk_9,123,GR,26.76300486425559,48
sign_test_cel0.6,chunk_9,123,IPC,8.595684042821327,48
sign_test_cel0.6,chunk_9,123,KR,13.528195609649023,48
sign_test_cel0.6,chunk_9,123,MC,7.163632353146871,48
sign_test_cel0.6,chunk_9,123,cosine_similarity,-0.1994852162897586,48
sign_test_cel0.6,chunk_9,123,wt_mean,-0.001399283704813525,48
sign_test_cel0.6,chunk_9,124,GR,31.855041722456615,48
sign_test_cel0.6,chunk_9,124,IPC,9.380009022851786,48
sign_test_cel0.6,chunk_9,124,KR,16.605398525794346,48
sign_test_cel0.6,chunk_9,124,MC,7.618048772215843,48
sign_test_cel0.6,chunk_9,124,cosine_similarity,-0.19948520883917806,48
sign_test_cel0.6,chunk_9,124,wt_mean,-0.0015000928542576,48
sign_test_cel0.6,chunk_9,125,GR,21.020129919052124,48
sign_test_cel0.6,chunk_9,125,IPC,9.854542796810469,48
sign_test_cel0.6,chunk_9,125,KR,10.358420545856157,48
sign_test_cel0.6,chunk_9,125,MC,7.1742648382981615,48
sign_test_cel0.6,chunk_9,125,cosine_similarity,-0.1994852349162101,48
sign_test_cel0.6,chunk_9,125,wt_mean,-0.001221762518980475,48
sign_test_cel0.6,chunk_9,126,GR,21.451633036136627,48
sign_test_cel0.6,chunk_9,126,IPC,9.38193078711629,48
sign_test_cel0.6,chunk_9,126,KR,10.781079406539599,48
sign_test_cel0.6,chunk_9,126,MC,6.801751216252645,48
sign_test_cel0.6,chunk_9,126,cosine_similarity,-0.19948518648743627,48
sign_test_cel0.6,chunk_9,126,wt_mean,-0.001263742888113425,48
sign_test_cel0.6,chunk_9,127,GR,27.426232029994328,48
sign_test_cel0.6,chunk_9,127,IPC,9.353497168670097,48
sign_test_cel0.6,chunk_9,127,KR,13.522264331579208,48
sign_test_cel0.6,chunk_9,127,MC,7.658874946335952,48
sign_test_cel0.6,chunk_9,127,cosine_similarity,-0.1994852349162101,48
sign_test_cel0.6,chunk_9,127,wt_mean,-0.001395667408360125,48
sign_test_cel0.6,chunk_9,128,GR,27.387656221787136,48
sign_test_cel0.6,chunk_9,128,IPC,9.531984892984232,48
sign_test_cel0.6,chunk_9,128,KR,13.890112360318502,48
sign_test_cel0.6,chunk_9,128,MC,7.655738803247611,48
sign_test_cel0.6,chunk_9,128,cosine_similarity,-0.199485246092081,48
sign_test_cel0.6,chunk_9,128,wt_mean,-0.0013829690724378,48
sign_test_cel0.6,chunk_9,129,GR,29.47750226656596,48
sign_test_cel0.6,chunk_9,129,IPC,9.310175566623608,48
sign_test_cel0.6,chunk_9,129,KR,15.024305820465088,48
sign_test_cel0.6,chunk_9,129,MC,7.57933634519577,48
sign_test_cel0.6,chunk_9,129,cosine_similarity,-0.1994852200150489,48
sign_test_cel0.6,chunk_9,129,wt_mean,-0.001457345962990025,48
sign_test_cel0.7,chunk_0,0,GR,7.523073012630145,48
sign_test_cel0.7,chunk_0,0,IPC,8.482609224816164,48
sign_test_cel0.7,chunk_0,0,KR,4.497017152607441,48
sign_test_cel0.7,chunk_0,0,MC,5.798244471351306,48
sign_test_cel0.7,chunk_0,0,cosine_similarity,-0.3996139839291572,48
sign_test_cel0.7,chunk_0,0,wt_mean,-0.001672907179454275,48
sign_test_cel0.7,chunk_0,1,GR,14.271998971700668,48
sign_test_cel0.7,chunk_0,1,IPC,9.135327637195587,48
sign_test_cel0.7,chunk_0,1,KR,7.398838336269061,48
sign_test_cel0.7,chunk_0,1,MC,6.918576933443546,48
sign_test_cel0.7,chunk_0,1,cosine_similarity,-0.39961403608322144,48
sign_test_cel0.7,chunk_0,1,wt_mean,-0.0020953365892637,48
sign_test_cel0.7,chunk_0,10,GR,12.014878203471502,48
sign_test_cel0.7,chunk_0,10,IPC,9.067442506551743,48
sign_test_cel0.7,chunk_0,10,KR,6.357591797908147,48
sign_test_cel0.7,chunk_0,10,MC,6.234226534763972,48
sign_test_cel0.7,chunk_0,10,cosine_similarity,-0.3996139243245124,48
sign_test_cel0.7,chunk_0,10,wt_mean,-0.0020575988746713253,48
sign_test_cel0.7,chunk_0,11,GR,11.774524410565695,48
sign_test_cel0.7,chunk_0,11,IPC,8.382678462813297,48
sign_test_cel0.7,chunk_0,11,KR,6.013185491164525,48
sign_test_cel0.7,chunk_0,11,MC,5.964487458268802,48
sign_test_cel0.7,chunk_0,11,cosine_similarity,-0.3996140286326408,48
sign_test_cel0.7,chunk_0,11,wt_mean,-0.00193315395154055,48
sign_test_cel0.7,chunk_0,12,GR,11.757878174384436,48
sign_test_cel0.7,chunk_0,12,IPC,9.835210738082727,48
sign_test_cel0.7,chunk_0,12,KR,6.654876753687859,48
sign_test_cel0.7,chunk_0,12,MC,7.272823358575503,48
sign_test_cel0.7,chunk_0,12,cosine_similarity,-0.3996139466762542,48
sign_test_cel0.7,chunk_0,12,wt_mean,-0.001991155790165025,48
sign_test_cel0.7,chunk_0,2,GR,12.013780787587166,48
sign_test_cel0.7,chunk_0,2,IPC,8.859924702594677,48
sign_test_cel0.7,chunk_0,2,KR,6.023724218209584,48
sign_test_cel0.7,chunk_0,2,MC,6.290856351455052,48
sign_test_cel0.7,chunk_0,2,cosine_similarity,-0.399614006280899,48
sign_test_cel0.7,chunk_0,2,wt_mean,-0.00190632452722635,48
sign_test_cel0.7,chunk_0,3,GR,9.947273100415865,48
sign_test_cel0.7,chunk_0,3,IPC,8.7365546276172,48
sign_test_cel0.7,chunk_0,3,KR,5.45192048450311,48
sign_test_cel0.7,chunk_0,3,MC,5.797685081760089,48
sign_test_cel0.7,chunk_0,3,cosine_similarity,-0.3996139392256736,48
sign_test_cel0.7,chunk_0,3,wt_mean,-0.0017943679704330248,48
sign_test_cel0.7,chunk_0,4,GR,9.346860830982527,48
sign_test_cel0.7,chunk_0,4,IPC,8.512106504291296,48
sign_test_cel0.7,chunk_0,4,KR,5.053765378892422,48
sign_test_cel0.7,chunk_0,4,MC,6.34257684648037,48
sign_test_cel0.7,chunk_0,4,cosine_similarity,-0.39961399137973785,48
sign_test_cel0.7,chunk_0,4,wt_mean,-0.0017902010295073748,48
sign_test_cel0.7,chunk_0,5,GR,10.659444456299147,48
sign_test_cel0.7,chunk_0,5,IPC,8.649657718837261,48
sign_test_cel0.7,chunk_0,5,KR,5.641822824875514,48
sign_test_cel0.7,chunk_0,5,MC,6.064938475688298,48
sign_test_cel0.7,chunk_0,5,cosine_similarity,-0.39961387217044825,48
sign_test_cel0.7,chunk_0,5,wt_mean,-0.0018381208064965498,48
sign_test_cel0.7,chunk_0,6,GR,12.499735613663992,48
sign_test_cel0.7,chunk_0,6,IPC,8.708100512623787,48
sign_test_cel0.7,chunk_0,6,KR,6.172263200084369,48
sign_test_cel0.7,chunk_0,6,MC,6.02056211233139,48
sign_test_cel0.7,chunk_0,6,cosine_similarity,-0.3996140360832214,48
sign_test_cel0.7,chunk_0,6,wt_mean,-0.00201997449039475,48
sign_test_cel0.7,chunk_0,7,GR,10.466100662946701,48
sign_test_cel0.7,chunk_0,7,IPC,8.156827812393507,48
sign_test_cel0.7,chunk_0,7,KR,5.4388722976048784,48
sign_test_cel0.7,chunk_0,7,MC,5.864102413256963,48
sign_test_cel0.7,chunk_0,7,cosine_similarity,-0.3996139839291572,48
sign_test_cel0.7,chunk_0,7,wt_mean,-0.0018010063213295749,48
sign_test_cel0.7,chunk_0,8,GR,15.098857954144478,48
sign_test_cel0.7,chunk_0,8,IPC,8.836442259450754,48
sign_test_cel0.7,chunk_0,8,KR,7.525522738695145,48
sign_test_cel0.7,chunk_0,8,MC,6.1492833395799,48
sign_test_cel0.7,chunk_0,8,cosine_similarity,-0.3996140584349632,48
sign_test_cel0.7,chunk_0,8,wt_mean,-0.002130786451743875,48
sign_test_cel0.7,chunk_0,9,GR,10.69914385676384,48
sign_test_cel0.7,chunk_0,9,IPC,7.378997535755237,48
sign_test_cel0.7,chunk_0,9,KR,5.575202976663907,48
sign_test_cel0.7,chunk_0,9,MC,5.6117590963840485,48
sign_test_cel0.7,chunk_0,9,cosine_similarity,-0.39961390197277064,48
sign_test_cel0.7,chunk_0,9,wt_mean,-0.0017161054711322748,48
sign_test_cel0.7,chunk_1,13,GR,14.82577700416247,48
sign_test_cel0.7,chunk_1,13,IPC,9.721515553692976,48
sign_test_cel0.7,chunk_1,13,KR,7.512333368261655,48
sign_test_cel0.7,chunk_1,13,MC,6.840299114584923,48
sign_test_cel0.7,chunk_1,13,cosine_similarity,-0.39961400628089905,48
sign_test_cel0.7,chunk_1,13,wt_mean,-0.002126658073393575,48
sign_test_cel0.7,chunk_1,14,GR,12.373664339383444,48
sign_test_cel0.7,chunk_1,14,IPC,8.8787422478199,48
sign_test_cel0.7,chunk_1,14,KR,6.495891486605008,48
sign_test_cel0.7,chunk_1,14,MC,6.507431373000145,48
sign_test_cel0.7,chunk_1,14,cosine_similarity,-0.39961397647857666,48
sign_test_cel0.7,chunk_1,14,wt_mean,-0.001962351525435175,48
sign_test_cel0.7,chunk_1,15,GR,11.9290109872818,48
sign_test_cel0.7,chunk_1,15,IPC,8.765364448229471,48
sign_test_cel0.7,chunk_1,15,KR,6.24200040102005,48
sign_test_cel0.7,chunk_1,15,MC,6.384661341706912,48
sign_test_cel0.7,chunk_1,15,cosine_similarity,-0.3996139541268348,48
sign_test_cel0.7,chunk_1,15,wt_mean,-0.001974474667804275,48
sign_test_cel0.7,chunk_1,16,GR,11.353157137831053,48
sign_test_cel0.7,chunk_1,16,IPC,8.953756514936686,48
sign_test_cel0.7,chunk_1,16,KR,6.171329990029335,48
sign_test_cel0.7,chunk_1,16,MC,6.262454355756442,48
sign_test_cel0.7,chunk_1,16,cosine_similarity,-0.3996139466762542,48
sign_test_cel0.7,chunk_1,16,wt_mean,-0.0019202841212972502,48
sign_test_cel0.7,chunk_1,17,GR,12.596571246782938,48
sign_test_cel0.7,chunk_1,17,IPC,8.405325061331192,48
sign_test_cel0.7,chunk_1,17,KR,6.455365141232808,48
sign_test_cel0.7,chunk_1,17,MC,5.907622545957565,48
sign_test_cel0.7,chunk_1,17,cosine_similarity,-0.399613969027996,48
sign_test_cel0.7,chunk_1,17,wt_mean,-0.002081741811707575,48
sign_test_cel0.7,chunk_1,18,GR,9.57209383447965,48
sign_test_cel0.7,chunk_1,18,IPC,7.457658623655637,48
sign_test_cel0.7,chunk_1,18,KR,5.319025148948033,48
sign_test_cel0.7,chunk_1,18,MC,5.783731957276662,48
sign_test_cel0.7,chunk_1,18,cosine_similarity,-0.39961390942335123,48
sign_test_cel0.7,chunk_1,18,wt_mean,-0.0018410747288725498,48
sign_test_cel0.7,chunk_1,19,GR,16.77844390273094,48
sign_test_cel0.7,chunk_1,19,IPC,8.383469112217426,48
sign_test_cel0.7,chunk_1,19,KR,8.185201331973076,48
sign_test_cel0.7,chunk_1,19,MC,6.242085476716359,48
sign_test_cel0.7,chunk_1,19,cosine_similarity,-0.3996140658855438,48
sign_test_cel0.7,chunk_1,19,wt_mean,-0.00218219490488985,48
sign_test_cel0.7,chunk_1,20,GR,8.861086482803026,48
sign_test_cel0.7,chunk_1,20,IPC,7.36719186976552,48
sign_test_cel0.7,chunk_1,20,KR,4.667279223601024,48
sign_test_cel0.7,chunk_1,20,MC,5.22925562163194,48
sign_test_cel0.7,chunk_1,20,cosine_similarity,-0.3996140286326408,48
sign_test_cel0.7,chunk_1,20,wt_mean,-0.001656686479691375,48
sign_test_cel0.7,chunk_1,21,GR,10.499941036105156,48
sign_test_cel0.7,chunk_1,21,IPC,9.536733448505402,48
sign_test_cel0.7,chunk_1,21,KR,5.615852018197377,48
sign_test_cel0.7,chunk_1,21,MC,6.672016734878222,48
sign_test_cel0.7,chunk_1,21,cosine_similarity,-0.39961404353380203,48
sign_test_cel0.7,chunk_1,21,wt_mean,-0.0020018085197079497,48
sign_test_cel0.7,chunk_1,22,GR,10.012270758549372,48
sign_test_cel0.7,chunk_1,22,IPC,8.569660815099875,48
sign_test_cel0.7,chunk_1,22,KR,5.476267119248708,48
sign_test_cel0.7,chunk_1,22,MC,6.011758481462796,48
sign_test_cel0.7,chunk_1,22,cosine_similarity,-0.399613969027996,48
sign_test_cel0.7,chunk_1,22,wt_mean,-0.001891503896331375,48
sign_test_cel0.7,chunk_1,23,GR,15.527588749925295,48
sign_test_cel0.7,chunk_1,23,IPC,9.511358154316744,48
sign_test_cel0.7,chunk_1,23,KR,7.799896940588951,48
sign_test_cel0.7,chunk_1,23,MC,7.110773305098216,48
sign_test_cel0.7,chunk_1,23,cosine_similarity,-0.3996139317750931,48
sign_test_cel0.7,chunk_1,23,wt_mean,-0.00227617975906465,48
sign_test_cel0.7,chunk_1,24,GR,13.711834659179052,48
sign_test_cel0.7,chunk_1,24,IPC,8.997278458128372,48
sign_test_cel0.7,chunk_1,24,KR,7.175524150331815,48
sign_test_cel0.7,chunk_1,24,MC,6.236654430627823,48
sign_test_cel0.7,chunk_1,24,cosine_similarity,-0.39961397647857666,48
sign_test_cel0.7,chunk_1,24,wt_mean,-0.002083423867588825,48
sign_test_cel0.7,chunk_1,25,GR,8.925503571828207,48
sign_test_cel0.7,chunk_1,25,IPC,7.91957825422287,48
sign_test_cel0.7,chunk_1,25,KR,4.894046043356259,48
sign_test_cel0.7,chunk_1,25,MC,5.432641764481862,48
sign_test_cel0.7,chunk_1,25,cosine_similarity,-0.399614006280899,48
sign_test_cel0.7,chunk_1,25,wt_mean,-0.0016256513772531752,48
sign_test_cel0.7,chunk_10,130,GR,19.17503881951173,48
sign_test_cel0.7,chunk_10,130,IPC,10.19210196658969,48
sign_test_cel0.7,chunk_10,130,KR,10.091071958343187,48
sign_test_cel0.7,chunk_10,130,MC,7.586946710944176,48
sign_test_cel0.7,chunk_10,130,cosine_similarity,-0.3996139541268348,48
sign_test_cel0.7,chunk_10,130,wt_mean,-0.0024284119426738,48
sign_test_cel0.7,chunk_10,131,GR,9.96696762740612,48
sign_test_cel0.7,chunk_10,131,IPC,8.017478769024214,48
sign_test_cel0.7,chunk_10,131,KR,5.265313123663266,48
sign_test_cel0.7,chunk_10,131,MC,5.724087682863076,48
sign_test_cel0.7,chunk_10,131,cosine_similarity,-0.3996139615774154,48
sign_test_cel0.7,chunk_10,131,wt_mean,-0.00176658525015225,48
sign_test_cel0.7,chunk_10,132,GR,11.911141186952591,48
sign_test_cel0.7,chunk_10,132,IPC,9.05086749792099,48
sign_test_cel0.7,chunk_10,132,KR,6.376881102720897,48
sign_test_cel0.7,chunk_10,132,MC,6.375229969620705,48
sign_test_cel0.7,chunk_10,132,cosine_similarity,-0.3996139243245124,48
sign_test_cel0.7,chunk_10,132,wt_mean,-0.00201790954452,48
sign_test_cel0.7,chunk_10,133,GR,11.35876145462195,48
sign_test_cel0.7,chunk_10,133,IPC,8.458575225124756,48
sign_test_cel0.7,chunk_10,133,KR,6.020242209235827,48
sign_test_cel0.7,chunk_10,133,MC,5.742422953248024,48
sign_test_cel0.7,chunk_10,133,cosine_similarity,-0.39961402118206024,48
sign_test_cel0.7,chunk_10,133,wt_mean,-0.0017512068443465499,48
sign_test_cel0.7,chunk_10,134,GR,10.887766420841217,48
sign_test_cel0.7,chunk_10,134,IPC,8.458426184952259,48
sign_test_cel0.7,chunk_10,134,KR,5.78353887796402,48
sign_test_cel0.7,chunk_10,134,MC,5.644279927015305,48
sign_test_cel0.7,chunk_10,134,cosine_similarity,-0.3996139764785766,48
sign_test_cel0.7,chunk_10,134,wt_mean,-0.0018737849022727,48
sign_test_cel0.7,chunk_10,135,GR,12.331404874722162,48
sign_test_cel0.7,chunk_10,135,IPC,9.0122821268936,48
sign_test_cel0.7,chunk_10,135,KR,6.376784051458041,48
sign_test_cel0.7,chunk_10,135,MC,6.2829881608486176,48
sign_test_cel0.7,chunk_10,135,cosine_similarity,-0.3996139839291572,48
sign_test_cel0.7,chunk_10,135,wt_mean,-0.002082984283333575,48
sign_test_cel0.7,chunk_10,136,GR,12.468028649687767,48
sign_test_cel0.7,chunk_10,136,IPC,8.277882060656944,48
sign_test_cel0.7,chunk_10,136,KR,6.437417387962341,48
sign_test_cel0.7,chunk_10,136,MC,5.867430942753951,48
sign_test_cel0.7,chunk_10,136,cosine_similarity,-0.3996139615774154,48
sign_test_cel0.7,chunk_10,136,wt_mean,-0.00191423206706525,48
sign_test_cel0.7,chunk_10,137,GR,12.874750763177872,48
sign_test_cel0.7,chunk_10,137,IPC,9.883573257674774,48
sign_test_cel0.7,chunk_10,137,KR,6.666504422823588,48
sign_test_cel0.7,chunk_10,137,MC,7.1059097448984785,48
sign_test_cel0.7,chunk_10,137,cosine_similarity,-0.399613931775093,48
sign_test_cel0.7,chunk_10,137,wt_mean,-0.00211052701342845,48
sign_test_cel0.7,chunk_10,138,GR,11.322315613428751,48
sign_test_cel0.7,chunk_10,138,IPC,8.498739887028933,48
sign_test_cel0.7,chunk_10,138,KR,6.178286065657933,48
sign_test_cel0.7,chunk_10,138,MC,6.351069917281468,48
sign_test_cel0.7,chunk_10,138,cosine_similarity,-0.3996139764785766,48
sign_test_cel0.7,chunk_10,138,wt_mean,-0.0018810642941388498,48
sign_test_cel0.7,chunk_10,139,GR,8.374256238341331,48
sign_test_cel0.7,chunk_10,139,IPC,6.823291533937057,48
sign_test_cel0.7,chunk_10,139,KR,4.643673559029897,48
sign_test_cel0.7,chunk_10,139,MC,4.83866195132335,48
sign_test_cel0.7,chunk_10,139,cosine_similarity,-0.39961387962102884,48
sign_test_cel0.7,chunk_10,139,wt_mean,-0.001697350642643825,48
sign_test_cel0.7,chunk_10,140,GR,15.893702333172163,48
sign_test_cel0.7,chunk_10,140,IPC,8.959573172032833,48
sign_test_cel0.7,chunk_10,140,KR,8.196454326311747,48
sign_test_cel0.7,chunk_10,140,MC,6.57940599322319,48
sign_test_cel0.7,chunk_10,140,cosine_similarity,-0.3996139913797378,48
sign_test_cel0.7,chunk_10,140,wt_mean,-0.0021647542889695,48
sign_test_cel0.7,chunk_10,141,GR,22.76295481622219,48
sign_test_cel0.7,chunk_10,141,IPC,9.975916783014933,48
sign_test_cel0.7,chunk_10,141,KR,12.22021878262361,48
sign_test_cel0.7,chunk_10,141,MC,7.417956540981929,48
sign_test_cel0.7,chunk_10,141,cosine_similarity,-0.3996139615774154,48
sign_test_cel0.7,chunk_10,141,wt_mean,-0.00254024585592555,48
sign_test_cel0.7,chunk_11,142,GR,11.784241447846094,48
sign_test_cel0.7,chunk_11,142,IPC,9.35507462422053,48
sign_test_cel0.7,chunk_11,142,KR,6.065518036484718,48
sign_test_cel0.7,chunk_11,142,MC,6.646893252929051,48
sign_test_cel0.7,chunk_11,142,cosine_similarity,-0.3996140137314796,48
sign_test_cel0.7,chunk_11,142,wt_mean,-0.0019604044791775997,48
sign_test_cel0.7,chunk_11,143,GR,9.667111198107401,48
sign_test_cel0.7,chunk_11,143,IPC,8.873114266743263,48
sign_test_cel0.7,chunk_11,143,KR,5.242717246214549,48
sign_test_cel0.7,chunk_11,143,MC,5.368079925576846,48
sign_test_cel0.7,chunk_11,143,cosine_similarity,-0.3996140360832214,48
sign_test_cel0.7,chunk_11,143,wt_mean,-0.00185989370220335,48
sign_test_cel0.7,chunk_11,144,GR,10.538834949334463,48
sign_test_cel0.7,chunk_11,144,IPC,8.792822480201721,48
sign_test_cel0.7,chunk_11,144,KR,5.50118965903918,48
sign_test_cel0.7,chunk_11,144,MC,6.210224017500877,48
sign_test_cel0.7,chunk_11,144,cosine_similarity,-0.399613931775093,48
sign_test_cel0.7,chunk_11,144,wt_mean,-0.001873143453849425,48
sign_test_cel0.7,chunk_11,145,GR,9.556414837638536,48
sign_test_cel0.7,chunk_11,145,IPC,8.358553789556026,48
sign_test_cel0.7,chunk_11,145,KR,5.024146683514118,48
sign_test_cel0.7,chunk_11,145,MC,5.578073183695476,48
sign_test_cel0.7,chunk_11,145,cosine_similarity,-0.39961389452219004,48
sign_test_cel0.7,chunk_11,145,wt_mean,-0.0018164584180339748,48
sign_test_cel0.7,chunk_11,146,GR,11.850552270809809,48
sign_test_cel0.7,chunk_11,146,IPC,8.341375899811586,48
sign_test_cel0.7,chunk_11,146,KR,6.093265056610107,48
sign_test_cel0.7,chunk_11,146,MC,6.019226710001628,48
sign_test_cel0.7,chunk_11,146,cosine_similarity,-0.39961384236812586,48
sign_test_cel0.7,chunk_11,146,wt_mean,-0.002016569924307925,48
sign_test_cel0.7,chunk_11,147,GR,11.190359935164452,48
sign_test_cel0.7,chunk_11,147,IPC,9.129197946439186,48
sign_test_cel0.7,chunk_11,147,KR,5.999095285932223,48
sign_test_cel0.7,chunk_11,147,MC,6.566385169823964,48
sign_test_cel0.7,chunk_11,147,cosine_similarity,-0.39961388707160944,48
sign_test_cel0.7,chunk_11,147,wt_mean,-0.001965775678399925,48
sign_test_cel0.7,chunk_11,148,GR,8.64574264983336,48
sign_test_cel0.7,chunk_11,148,IPC,8.383501706024012,48
sign_test_cel0.7,chunk_11,148,KR,4.6348941798011465,48
sign_test_cel0.7,chunk_11,148,MC,5.559106265505155,48
sign_test_cel0.7,chunk_11,148,cosine_similarity,-0.3996140584349632,48
sign_test_cel0.7,chunk_11,148,wt_mean,-0.001738644437864375,48
sign_test_cel0.7,chunk_11,149,GR,9.585366462667784,48
sign_test_cel0.7,chunk_11,149,IPC,8.239578288048506,48
sign_test_cel0.7,chunk_11,149,KR,5.249122848113378,48
sign_test_cel0.7,chunk_11,149,MC,5.733979761600494,48
sign_test_cel0.7,chunk_11,149,cosine_similarity,-0.3996140286326408,48
sign_test_cel0.7,chunk_11,149,wt_mean,-0.001686808478552825,48
sign_test_cel0.7,chunk_11,150,GR,13.115895390510559,48
sign_test_cel0.7,chunk_11,150,IPC,8.703986161698898,48
sign_test_cel0.7,chunk_11,150,KR,6.843020543456078,48
sign_test_cel0.7,chunk_11,150,MC,6.113355455299218,48
sign_test_cel0.7,chunk_11,150,cosine_similarity,-0.3996140211820602,48
sign_test_cel0.7,chunk_11,150,wt_mean,-0.0020464633998926,48
sign_test_cel0.7,chunk_11,151,GR,15.595128690203031,48
sign_test_cel0.7,chunk_11,151,IPC,9.239943147947391,48
sign_test_cel0.7,chunk_11,151,KR,7.79426587621371,48
sign_test_cel0.7,chunk_11,151,MC,6.448132388293743,48
sign_test_cel0.7,chunk_11,151,cosine_similarity,-0.3996139764785766,48
sign_test_cel0.7,chunk_11,151,wt_mean,-0.00211084206239315,48
sign_test_cel0.7,chunk_11,152,GR,11.548113773266474,48
sign_test_cel0.7,chunk_11,152,IPC,8.691640133659044,48
sign_test_cel0.7,chunk_11,152,KR,5.876060490806897,48
sign_test_cel0.7,chunk_11,152,MC,5.929373713831107,48
sign_test_cel0.7,chunk_11,152,cosine_similarity,-0.39961403608322144,48
sign_test_cel0.7,chunk_11,152,wt_mean,-0.001892441621748675,48
sign_test_cel0.7,chunk_11,153,GR,11.271020044883093,48
sign_test_cel0.7,chunk_11,153,IPC,8.319102965295315,48
sign_test_cel0.7,chunk_11,153,KR,5.894078224897385,48
sign_test_cel0.7,chunk_11,153,MC,6.183384694159031,48
sign_test_cel0.7,chunk_11,153,cosine_similarity,-0.3996140584349632,48
sign_test_cel0.7,chunk_11,153,wt_mean,-0.001956433494342425,48
sign_test_cel0.7,chunk_12,154,GR,13.193720266222954,48
sign_test_cel0.7,chunk_12,154,IPC,8.806455413500467,48
sign_test_cel0.7,chunk_12,154,KR,6.63226921359698,48
sign_test_cel0.7,chunk_12,154,MC,6.188711240887642,48
sign_test_cel0.7,chunk_12,154,cosine_similarity,-0.3996139764785766,48
sign_test_cel0.7,chunk_12,154,wt_mean,-0.002008095500059375,48
sign_test_cel0.7,chunk_12,155,GR,11.52550508081913,48
sign_test_cel0.7,chunk_12,155,IPC,8.307649780064821,48
sign_test_cel0.7,chunk_12,155,KR,5.969683021306992,48
sign_test_cel0.7,chunk_12,155,MC,6.111037010947864,48
sign_test_cel0.7,chunk_12,155,cosine_similarity,-0.39961390942335123,48
sign_test_cel0.7,chunk_12,155,wt_mean,-0.00187414884567255,48
sign_test_cel0.7,chunk_12,156,GR,11.360995615522066,48
sign_test_cel0.7,chunk_12,156,IPC,8.675438422709703,48
sign_test_cel0.7,chunk_12,156,KR,6.073885132869084,48
sign_test_cel0.7,chunk_12,156,MC,5.9743441591660185,48
sign_test_cel0.7,chunk_12,156,cosine_similarity,-0.39961398392915726,48
sign_test_cel0.7,chunk_12,156,wt_mean,-0.0019401538884266751,48
sign_test_cel0.7,chunk_12,157,GR,10.529733235637346,48
sign_test_cel0.7,chunk_12,157,IPC,8.443149997542301,48
sign_test_cel0.7,chunk_12,157,KR,5.379415189226468,48
sign_test_cel0.7,chunk_12,157,MC,5.482191796104114,48
sign_test_cel0.7,chunk_12,157,cosine_similarity,-0.3996139764785766,48
sign_test_cel0.7,chunk_12,157,wt_mean,-0.0018563478661235,48
sign_test_cel0.7,chunk_12,158,GR,9.67440252006054,48
sign_test_cel0.7,chunk_12,158,IPC,7.643051921079556,48
sign_test_cel0.7,chunk_12,158,KR,5.298679207762082,48
sign_test_cel0.7,chunk_12,158,MC,5.513585172593594,48
sign_test_cel0.7,chunk_12,158,cosine_similarity,-0.39961405098438263,48
sign_test_cel0.7,chunk_12,158,wt_mean,-0.00182921710074875,48
sign_test_cel0.7,chunk_12,159,GR,12.7734764367342,48
sign_test_cel0.7,chunk_12,159,IPC,9.139829164991776,48
sign_test_cel0.7,chunk_12,159,KR,6.548147762815158,48
sign_test_cel0.7,chunk_12,159,MC,7.0870899359385175,48
sign_test_cel0.7,chunk_12,159,cosine_similarity,-0.39961397647857666,48
sign_test_cel0.7,chunk_12,159,wt_mean,-0.0019781838927883,48
sign_test_cel0.7,chunk_12,160,GR,10.812877853711447,48
sign_test_cel0.7,chunk_12,160,IPC,8.111777570098639,48
sign_test_cel0.7,chunk_12,160,KR,5.739898920059204,48
sign_test_cel0.7,chunk_12,160,MC,5.65206711490949,48
sign_test_cel0.7,chunk_12,160,cosine_similarity,-0.39961402863264084,48
sign_test_cel0.7,chunk_12,160,wt_mean,-0.00184044698835345,48
sign_test_cel0.7,chunk_12,161,GR,11.25700048605601,48
sign_test_cel0.7,chunk_12,161,IPC,8.34113259240985,48
sign_test_cel0.7,chunk_12,161,KR,5.7011551062266035,48
sign_test_cel0.7,chunk_12,161,MC,6.023698369661967,48
sign_test_cel0.7,chunk_12,161,cosine_similarity,-0.3996139541268348,48
sign_test_cel0.7,chunk_12,161,wt_mean,-0.0018916421104222,48
sign_test_cel0.7,chunk_12,162,GR,12.403316105405489,48
sign_test_cel0.7,chunk_12,162,IPC,9.25492280970017,48
sign_test_cel0.7,chunk_12,162,KR,6.4852234820524854,48
sign_test_cel0.7,chunk_12,162,MC,6.446129376689593,48
sign_test_cel0.7,chunk_12,162,cosine_similarity,-0.39961391687393183,48
sign_test_cel0.7,chunk_12,162,wt_mean,-0.0019765013712458,48
sign_test_cel0.7,chunk_12,163,GR,9.337535326679548,48
sign_test_cel0.7,chunk_12,163,IPC,8.714051646490892,48
sign_test_cel0.7,chunk_12,163,KR,5.2213085641463595,48
sign_test_cel0.7,chunk_12,163,MC,6.1075876752535505,48
sign_test_cel0.7,chunk_12,163,cosine_similarity,-0.39961399137973785,48
sign_test_cel0.7,chunk_12,163,wt_mean,-0.001759333914378625,48
sign_test_cel0.7,chunk_12,164,GR,7.502667985856533,48
sign_test_cel0.7,chunk_12,164,IPC,7.318977303802967,48
sign_test_cel0.7,chunk_12,164,KR,4.188512556254864,48
sign_test_cel0.7,chunk_12,164,MC,5.213789736231168,48
sign_test_cel0.7,chunk_12,164,cosine_similarity,-0.3996139839291572,48
sign_test_cel0.7,chunk_12,164,wt_mean,-0.0017050774476956001,48
sign_test_cel0.7,chunk_12,165,GR,8.90303103129069,48
sign_test_cel0.7,chunk_12,165,IPC,8.669677497198185,48
sign_test_cel0.7,chunk_12,165,KR,4.94468071560065,48
sign_test_cel0.7,chunk_12,165,MC,6.063777854045232,48
sign_test_cel0.7,chunk_12,165,cosine_similarity,-0.3996138721704483,48
sign_test_cel0.7,chunk_12,165,wt_mean,-0.0017435076006221998,48
sign_test_cel0.7,chunk_13,166,GR,10.521881977717081,48
sign_test_cel0.7,chunk_13,166,IPC,8.375601669152578,48
sign_test_cel0.7,chunk_13,166,KR,5.470578198631604,48
sign_test_cel0.7,chunk_13,166,MC,5.927594810724258,48
sign_test_cel0.7,chunk_13,166,cosine_similarity,-0.3996139466762542,48
sign_test_cel0.7,chunk_13,166,wt_mean,-0.0018007038161158,48
sign_test_cel0.7,chunk_13,167,GR,10.150842746098837,48
sign_test_cel0.7,chunk_13,167,IPC,8.638004872947931,48
sign_test_cel0.7,chunk_13,167,KR,5.717825288573901,48
sign_test_cel0.7,chunk_13,167,MC,6.328961128989856,48
sign_test_cel0.7,chunk_13,167,cosine_similarity,-0.399613969027996,48
sign_test_cel0.7,chunk_13,167,wt_mean,-0.0017932428454514,48
sign_test_cel0.7,chunk_13,168,GR,10.462536667784056,48
sign_test_cel0.7,chunk_13,168,IPC,7.348389865209659,48
sign_test_cel0.7,chunk_13,168,KR,5.3061060309410095,48
sign_test_cel0.7,chunk_13,168,MC,5.477233902861674,48
sign_test_cel0.7,chunk_13,168,cosine_similarity,-0.3996139466762543,48
sign_test_cel0.7,chunk_13,168,wt_mean,-0.001865516213001625,48
sign_test_cel0.7,chunk_13,169,GR,11.975941091775894,48
sign_test_cel0.7,chunk_13,169,IPC,8.99494101976355,48
sign_test_cel0.7,chunk_13,169,KR,6.204653734962146,48
sign_test_cel0.7,chunk_13,169,MC,6.087598060568173,48
sign_test_cel0.7,chunk_13,169,cosine_similarity,-0.3996140584349632,48
sign_test_cel0.7,chunk_13,169,wt_mean,-0.0018480583967174751,48
sign_test_cel0.7,chunk_13,170,GR,10.097759028275808,48
sign_test_cel0.7,chunk_13,170,IPC,8.81419574841857,48
sign_test_cel0.7,chunk_13,170,KR,5.566347926855087,48
sign_test_cel0.7,chunk_13,170,MC,6.22085469464461,48
sign_test_cel0.7,chunk_13,170,cosine_similarity,-0.39961388707160944,48
sign_test_cel0.7,chunk_13,170,wt_mean,-0.001839577686041525,48
sign_test_cel0.7,chunk_13,171,GR,12.854758734504381,48
sign_test_cel0.7,chunk_13,171,IPC,8.657973997294903,48
sign_test_cel0.7,chunk_13,171,KR,6.549400468667348,48
sign_test_cel0.7,chunk_13,171,MC,6.183672157426675,48
sign_test_cel0.7,chunk_13,171,cosine_similarity,-0.39961399883031845,48
sign_test_cel0.7,chunk_13,171,wt_mean,-0.002061276521999325,48
sign_test_cel0.7,chunk_13,172,GR,14.67547575632731,48
sign_test_cel0.7,chunk_13,172,IPC,8.382889887938896,48
sign_test_cel0.7,chunk_13,172,KR,7.490497812628746,48
sign_test_cel0.7,chunk_13,172,MC,6.246539288510879,48
sign_test_cel0.7,chunk_13,172,cosine_similarity,-0.3996139764785766,48
sign_test_cel0.7,chunk_13,172,wt_mean,-0.002001803397433775,48
sign_test_cel0.7,chunk_13,173,GR,20.734264095624287,48
sign_test_cel0.7,chunk_13,173,IPC,9.83962206915021,48
sign_test_cel0.7,chunk_13,173,KR,10.439993858337402,48
sign_test_cel0.7,chunk_13,173,MC,7.05076177418232,48
sign_test_cel0.7,chunk_13,173,cosine_similarity,-0.3996139541268348,48
sign_test_cel0.7,chunk_13,173,wt_mean,-0.0024765972339082,48
sign_test_cel0.7,chunk_13,174,GR,8.399393729865551,48
sign_test_cel0.7,chunk_13,174,IPC,8.447643383095661,48
sign_test_cel0.7,chunk_13,174,KR,4.574653613070647,48
sign_test_cel0.7,chunk_13,174,MC,6.112773885329564,48
sign_test_cel0.7,chunk_13,174,cosine_similarity,-0.3996140286326408,48
sign_test_cel0.7,chunk_13,174,wt_mean,-0.00174832672928455,48
sign_test_cel0.7,chunk_13,175,GR,13.190915187199911,48
sign_test_cel0.7,chunk_13,175,IPC,9.76652708525459,48
sign_test_cel0.7,chunk_13,175,KR,6.709670826792717,48
sign_test_cel0.7,chunk_13,175,MC,6.639660080273946,48
sign_test_cel0.7,chunk_13,175,cosine_similarity,-0.39961391687393183,48
sign_test_cel0.7,chunk_13,175,wt_mean,-0.0020918450900353,48
sign_test_cel0.7,chunk_13,176,GR,13.968710526823997,48
sign_test_cel0.7,chunk_13,176,IPC,8.872708648443222,48
sign_test_cel0.7,chunk_13,176,KR,7.185405661662419,48
sign_test_cel0.7,chunk_13,176,MC,6.362000063061714,48
sign_test_cel0.7,chunk_13,176,cosine_similarity,-0.399613931775093,48
sign_test_cel0.7,chunk_13,176,wt_mean,-0.002139434509444925,48
sign_test_cel0.7,chunk_13,177,GR,11.705378795663515,48
sign_test_cel0.7,chunk_13,177,IPC,8.881921154757341,48
sign_test_cel0.7,chunk_13,177,KR,6.301716441909472,48
sign_test_cel0.7,chunk_13,177,MC,6.24917475382487,48
sign_test_cel0.7,chunk_13,177,cosine_similarity,-0.3996139466762542,48
sign_test_cel0.7,chunk_13,177,wt_mean,-0.0019461523625068,48
sign_test_cel0.7,chunk_14,178,GR,10.89773345987002,48
sign_test_cel0.7,chunk_14,178,IPC,8.19303435087204,48
sign_test_cel0.7,chunk_14,178,KR,5.578780293464661,48
sign_test_cel0.7,chunk_14,178,MC,5.898596326510112,48
sign_test_cel0.7,chunk_14,178,cosine_similarity,-0.39961389452219004,48
sign_test_cel0.7,chunk_14,178,wt_mean,-0.001885244972072475,48
sign_test_cel0.7,chunk_14,179,GR,10.23630608121554,48
sign_test_cel0.7,chunk_14,179,IPC,8.558679899821678,48
sign_test_cel0.7,chunk_14,179,KR,5.340724964936574,48
sign_test_cel0.7,chunk_14,179,MC,6.022973460455735,48
sign_test_cel0.7,chunk_14,179,cosine_similarity,-0.3996140360832214,48
sign_test_cel0.7,chunk_14,179,wt_mean,-0.0018989130330737001,48
sign_test_cel0.7,chunk_14,180,GR,12.25871093571186,48
sign_test_cel0.7,chunk_14,180,IPC,8.345924024780592,48
sign_test_cel0.7,chunk_14,180,KR,6.057955756783485,48
sign_test_cel0.7,chunk_14,180,MC,5.974239304661751,48
sign_test_cel0.7,chunk_14,180,cosine_similarity,-0.3996140360832214,48
sign_test_cel0.7,chunk_14,180,wt_mean,-0.0018402411951683251,48
sign_test_cel0.7,chunk_14,181,GR,10.697695682446161,48
sign_test_cel0.7,chunk_14,181,IPC,8.393408089876175,48
sign_test_cel0.7,chunk_14,181,KR,5.496614178021749,48
sign_test_cel0.7,chunk_14,181,MC,6.231734822193782,48
sign_test_cel0.7,chunk_14,181,cosine_similarity,-0.3996140956878662,48
sign_test_cel0.7,chunk_14,181,wt_mean,-0.0018460442661307498,48
sign_test_cel0.7,chunk_14,182,GR,9.370721936225891,48
sign_test_cel0.7,chunk_14,182,IPC,8.498774606734514,48
sign_test_cel0.7,chunk_14,182,KR,5.028499451776345,48
sign_test_cel0.7,chunk_14,182,MC,6.365759457151095,48
sign_test_cel0.7,chunk_14,182,cosine_similarity,-0.3996139764785766,48
sign_test_cel0.7,chunk_14,182,wt_mean,-0.001800601196009625,48
sign_test_cel0.7,chunk_14,183,GR,13.58034698665142,48
sign_test_cel0.7,chunk_14,183,IPC,9.514617645492157,48
sign_test_cel0.7,chunk_14,183,KR,7.12037522594134,48
sign_test_cel0.7,chunk_14,183,MC,6.603331923484802,48
sign_test_cel0.7,chunk_14,183,cosine_similarity,-0.39961391687393183,48
sign_test_cel0.7,chunk_14,183,wt_mean,-0.00208368687890465,48
sign_test_cel0.7,chunk_14,184,GR,10.264250045021376,48
sign_test_cel0.7,chunk_14,184,IPC,8.35136823852857,48
sign_test_cel0.7,chunk_14,184,KR,5.292212689916293,48
sign_test_cel0.7,chunk_14,184,MC,5.6423991570870085,48
sign_test_cel0.7,chunk_14,184,cosine_similarity,-0.3996140211820602,48
sign_test_cel0.7,chunk_14,184,wt_mean,-0.0017424438265151749,48
sign_test_cel0.7,chunk_14,185,GR,18.170514310399692,48
sign_test_cel0.7,chunk_14,185,IPC,8.888608628263077,48
sign_test_cel0.7,chunk_14,185,KR,9.243815715114275,48
sign_test_cel0.7,chunk_14,185,MC,6.424953671793143,48
sign_test_cel0.7,chunk_14,185,cosine_similarity,-0.3996140286326408,48
sign_test_cel0.7,chunk_14,185,wt_mean,-0.0022142136003821503,48
sign_test_cel0.7,chunk_14,186,GR,16.564692745606106,48
sign_test_cel0.7,chunk_14,186,IPC,9.014802006383738,48
sign_test_cel0.7,chunk_14,186,KR,8.467397515972456,48
sign_test_cel0.7,chunk_14,186,MC,6.4777131627003355,48
sign_test_cel0.7,chunk_14,186,cosine_similarity,-0.39961384981870646,48
sign_test_cel0.7,chunk_14,186,wt_mean,-0.00222999689867715,48
sign_test_cel0.7,chunk_14,187,GR,8.111994244158268,48
sign_test_cel0.7,chunk_14,187,IPC,7.268445783605178,48
sign_test_cel0.7,chunk_14,187,KR,4.596781092385451,48
sign_test_cel0.7,chunk_14,187,MC,5.347893168528874,48
sign_test_cel0.7,chunk_14,187,cosine_similarity,-0.3996139764785766,48
sign_test_cel0.7,chunk_14,187,wt_mean,-0.001609726838069,48
sign_test_cel0.7,chunk_14,188,GR,9.796999330321947,48
sign_test_cel0.7,chunk_14,188,IPC,8.612147394567728,48
sign_test_cel0.7,chunk_14,188,KR,5.130474751194318,48
sign_test_cel0.7,chunk_14,188,MC,6.0078985542058945,48
sign_test_cel0.7,chunk_14,188,cosine_similarity,-0.3996139764785766,48
sign_test_cel0.7,chunk_14,188,wt_mean,-0.00184823342715385,48
sign_test_cel0.7,chunk_14,189,GR,8.669899851083755,48
sign_test_cel0.7,chunk_14,189,IPC,9.22346455603838,48
sign_test_cel0.7,chunk_14,189,KR,4.753398281832536,48
sign_test_cel0.7,chunk_14,189,MC,6.180133273204167,48
sign_test_cel0.7,chunk_14,189,cosine_similarity,-0.39961399883031845,48
sign_test_cel0.7,chunk_14,189,wt_mean,-0.0018312819011043,48
sign_test_cel0.7,chunk_15,190,GR,10.928576245903969,48
sign_test_cel0.7,chunk_15,190,IPC,7.600258426119884,48
sign_test_cel0.7,chunk_15,190,KR,5.636117463310559,48
sign_test_cel0.7,chunk_15,190,MC,5.820778203507264,48
sign_test_cel0.7,chunk_15,190,cosine_similarity,-0.3996140137314796,48
sign_test_cel0.7,chunk_15,190,wt_mean,-0.0019134487665723248,48
sign_test_cel0.7,chunk_15,191,GR,11.230466812849045,48
sign_test_cel0.7,chunk_15,191,IPC,9.324226184437672,48
sign_test_cel0.7,chunk_15,191,KR,5.7748714834451675,48
sign_test_cel0.7,chunk_15,191,MC,6.6188319474458694,48
sign_test_cel0.7,chunk_15,191,cosine_similarity,-0.39961390197277064,48
sign_test_cel0.7,chunk_15,191,wt_mean,-0.001979826978640575,48
sign_test_cel0.7,chunk_15,192,GR,12.491431911786398,48
sign_test_cel0.7,chunk_15,192,IPC,9.519291861603657,48
sign_test_cel0.7,chunk_15,192,KR,6.397032981117566,48
sign_test_cel0.7,chunk_15,192,MC,6.774550169706345,48
sign_test_cel0.7,chunk_15,192,cosine_similarity,-0.399613969027996,48
sign_test_cel0.7,chunk_15,192,wt_mean,-0.002013517107116,48
sign_test_cel0.7,chunk_15,193,GR,12.630751639604568,48
sign_test_cel0.7,chunk_15,193,IPC,9.591871655235687,48
sign_test_cel0.7,chunk_15,193,KR,6.624621386329333,48
sign_test_cel0.7,chunk_15,193,MC,6.81643429895242,48
sign_test_cel0.7,chunk_15,193,cosine_similarity,-0.3996139466762542,48
sign_test_cel0.7,chunk_15,193,wt_mean,-0.00207186464103865,48
sign_test_cel0.7,chunk_15,194,GR,12.101035475730896,48
sign_test_cel0.7,chunk_15,194,IPC,9.53748249883453,48
sign_test_cel0.7,chunk_15,194,KR,5.899660165111224,48
sign_test_cel0.7,chunk_15,194,MC,6.098680451512337,48
sign_test_cel0.7,chunk_15,194,cosine_similarity,-0.39961387217044825,48
sign_test_cel0.7,chunk_15,194,wt_mean,-0.002022529777605025,48
sign_test_cel0.7,chunk_15,195,GR,16.443905234336853,48
sign_test_cel0.7,chunk_15,195,IPC,10.274377305060625,48
sign_test_cel0.7,chunk_15,195,KR,8.211562797427177,48
sign_test_cel0.7,chunk_15,195,MC,6.825660169124603,48
sign_test_cel0.7,chunk_15,195,cosine_similarity,-0.39961398392915726,48
sign_test_cel0.7,chunk_15,195,wt_mean,-0.002216975146438875,48
sign_test_cel0.7,chunk_15,196,GR,22.0277136216561,48
sign_test_cel0.7,chunk_15,196,IPC,9.096783079206944,48
sign_test_cel0.7,chunk_15,196,KR,11.575001810987791,48
sign_test_cel0.7,chunk_15,196,MC,6.642505298058192,48
sign_test_cel0.7,chunk_15,196,cosine_similarity,-0.39961404353380203,48
sign_test_cel0.7,chunk_15,196,wt_mean,-0.00249587677535595,48
sign_test_cel0.7,chunk_15,197,GR,11.612211192647615,48
sign_test_cel0.7,chunk_15,197,IPC,8.682239439338446,48
sign_test_cel0.7,chunk_15,197,KR,6.243561868866284,48
sign_test_cel0.7,chunk_15,197,MC,5.93140924970309,48
sign_test_cel0.7,chunk_15,197,cosine_similarity,-0.3996139243245124,48
sign_test_cel0.7,chunk_15,197,wt_mean,-0.0018554792623035,48
sign_test_cel0.7,chunk_15,198,GR,10.809908399979273,48
sign_test_cel0.7,chunk_15,198,IPC,9.215292107313871,48
sign_test_cel0.7,chunk_15,198,KR,5.629923800627391,48
sign_test_cel0.7,chunk_15,198,MC,6.393437474966049,48
sign_test_cel0.7,chunk_15,198,cosine_similarity,-0.39961403608322144,48
sign_test_cel0.7,chunk_15,198,wt_mean,-0.0019033605640288,48
sign_test_cel0.7,chunk_15,199,GR,13.687766234079996,48
sign_test_cel0.7,chunk_15,199,IPC,8.289256236205498,48
sign_test_cel0.7,chunk_15,199,KR,6.723213270306587,48
sign_test_cel0.7,chunk_15,199,MC,5.9967022103567915,48
sign_test_cel0.7,chunk_15,199,cosine_similarity,-0.3996140137314796,48
sign_test_cel0.7,chunk_15,199,wt_mean,-0.002016234589973425,48
sign_test_cel0.7,chunk_15,200,GR,14.62753164768219,48
sign_test_cel0.7,chunk_15,200,IPC,9.267395280301571,48
sign_test_cel0.7,chunk_15,200,KR,7.635971705118815,48
sign_test_cel0.7,chunk_15,200,MC,6.755135903755824,48
sign_test_cel0.7,chunk_15,200,cosine_similarity,-0.3996140286326408,48
sign_test_cel0.7,chunk_15,200,wt_mean,-0.0021758309740106748,48
sign_test_cel0.7,chunk_15,201,GR,11.841877107818922,48
sign_test_cel0.7,chunk_15,201,IPC,9.183407152692476,48
sign_test_cel0.7,chunk_15,201,KR,6.182947253187497,48
sign_test_cel0.7,chunk_15,201,MC,6.8086999381581945,48
sign_test_cel0.7,chunk_15,201,cosine_similarity,-0.3996139764785766,48
sign_test_cel0.7,chunk_15,201,wt_mean,-0.00204077610396775,48
sign_test_cel0.7,chunk_16,202,GR,8.601053461432457,48
sign_test_cel0.7,chunk_16,202,IPC,8.090178806334734,48
sign_test_cel0.7,chunk_16,202,KR,4.826929407815139,48
sign_test_cel0.7,chunk_16,202,MC,5.750311613082886,48
sign_test_cel0.7,chunk_16,202,cosine_similarity,-0.3996139392256736,48
sign_test_cel0.7,chunk_16,202,wt_mean,-0.00171388915623535,48
sign_test_cel0.7,chunk_16,203,GR,13.583071038126945,48
sign_test_cel0.7,chunk_16,203,IPC,9.724801688144604,48
sign_test_cel0.7,chunk_16,203,KR,7.097299784421921,48
sign_test_cel0.7,chunk_16,203,MC,6.576793896655242,48
sign_test_cel0.7,chunk_16,203,cosine_similarity,-0.3996139615774154,48
sign_test_cel0.7,chunk_16,203,wt_mean,-0.002012560406001225,48
sign_test_cel0.7,chunk_16,204,GR,11.292275180419287,48
sign_test_cel0.7,chunk_16,204,IPC,9.835936420907577,48
sign_test_cel0.7,chunk_16,204,KR,6.141065984964371,48
sign_test_cel0.7,chunk_16,204,MC,6.468757798274358,48
sign_test_cel0.7,chunk_16,204,cosine_similarity,-0.3996139615774154,48
sign_test_cel0.7,chunk_16,204,wt_mean,-0.002068550267722425,48
sign_test_cel0.7,chunk_16,205,GR,9.969852194190025,48
sign_test_cel0.7,chunk_16,205,IPC,8.602547621975342,48
sign_test_cel0.7,chunk_16,205,KR,5.462024167180061,48
sign_test_cel0.7,chunk_16,205,MC,6.046081850926082,48
sign_test_cel0.7,chunk_16,205,cosine_similarity,-0.3996139615774154,48
sign_test_cel0.7,chunk_16,205,wt_mean,-0.001796058291802125,48
sign_test_cel0.7,chunk_16,206,GR,10.747555385033289,48
sign_test_cel0.7,chunk_16,206,IPC,8.239928214500347,48
sign_test_cel0.7,chunk_16,206,KR,5.617290362715721,48
sign_test_cel0.7,chunk_16,206,MC,5.856127426028252,48
sign_test_cel0.7,chunk_16,206,cosine_similarity,-0.39961397647857666,48
sign_test_cel0.7,chunk_16,206,wt_mean,-0.001940278219990375,48
sign_test_cel0.7,chunk_16,207,GR,11.192874064048132,48
sign_test_cel0.7,chunk_16,207,IPC,7.815324664115906,48
sign_test_cel0.7,chunk_16,207,KR,5.836503272255261,48
sign_test_cel0.7,chunk_16,207,MC,5.641343546410401,48
sign_test_cel0.7,chunk_16,207,cosine_similarity,-0.3996139988303184,48
sign_test_cel0.7,chunk_16,207,wt_mean,-0.001921783376019375,48
sign_test_cel0.7,chunk_16,208,GR,11.172002871831259,48
sign_test_cel0.7,chunk_16,208,IPC,7.974043128391107,48
sign_test_cel0.7,chunk_16,208,KR,5.809655760725339,48
sign_test_cel0.7,chunk_16,208,MC,5.6991943915685015,48
sign_test_cel0.7,chunk_16,208,cosine_similarity,-0.3996139764785766,48
sign_test_cel0.7,chunk_16,208,wt_mean,-0.001899983006296625,48
sign_test_cel0.7,chunk_16,209,GR,9.291080221533775,48
sign_test_cel0.7,chunk_16,209,IPC,8.61524698510766,48
sign_test_cel0.7,chunk_16,209,KR,4.9818510338664055,48
sign_test_cel0.7,chunk_16,209,MC,6.168090586860974,48
sign_test_cel0.7,chunk_16,209,cosine_similarity,-0.39961395412683487,48
sign_test_cel0.7,chunk_16,209,wt_mean,-0.00177721455111165,48
sign_test_cel0.7,chunk_16,210,GR,11.668930371602377,48
sign_test_cel0.7,chunk_16,210,IPC,8.449061263352633,48
sign_test_cel0.7,chunk_16,210,KR,6.169518520434697,48
sign_test_cel0.7,chunk_16,210,MC,5.886184206853311,48
sign_test_cel0.7,chunk_16,210,cosine_similarity,-0.39961401373147964,48
sign_test_cel0.7,chunk_16,210,wt_mean,-0.001927362463902625,48
sign_test_cel0.7,chunk_16,211,GR,9.887267529964447,48
sign_test_cel0.7,chunk_16,211,IPC,8.768247338632742,48
sign_test_cel0.7,chunk_16,211,KR,5.419027770558993,48
sign_test_cel0.7,chunk_16,211,MC,6.399127706885338,48
sign_test_cel0.7,chunk_16,211,cosine_similarity,-0.39961383491754526,48
sign_test_cel0.7,chunk_16,211,wt_mean,-0.00178881920874115,48
sign_test_cel0.7,chunk_16,212,GR,12.871346692244211,48
sign_test_cel0.7,chunk_16,212,IPC,8.670116562396288,48
sign_test_cel0.7,chunk_16,212,KR,6.607920120159785,48
sign_test_cel0.7,chunk_16,212,MC,6.838783120115598,48
sign_test_cel0.7,chunk_16,212,cosine_similarity,-0.39961404353380203,48
sign_test_cel0.7,chunk_16,212,wt_mean,-0.002121718745911425,48
sign_test_cel0.7,chunk_16,213,GR,10.613975827892622,48
sign_test_cel0.7,chunk_16,213,IPC,8.42565031349659,48
sign_test_cel0.7,chunk_16,213,KR,5.575557033220927,48
sign_test_cel0.7,chunk_16,213,MC,5.9369682893157005,48
sign_test_cel0.7,chunk_16,213,cosine_similarity,-0.39961390197277064,48
sign_test_cel0.7,chunk_16,213,wt_mean,-0.001856326329288975,48
sign_test_cel0.7,chunk_17,214,GR,16.186024963855743,48
sign_test_cel0.7,chunk_17,214,IPC,9.847400603195032,48
sign_test_cel0.7,chunk_17,214,KR,7.984706714749336,48
sign_test_cel0.7,chunk_17,214,MC,7.137724940975507,48
sign_test_cel0.7,chunk_17,214,cosine_similarity,-0.3996140658855438,48
sign_test_cel0.7,chunk_17,214,wt_mean,-0.0023048235161695,48
sign_test_cel0.7,chunk_17,215,GR,18.783565665284794,48
sign_test_cel0.7,chunk_17,215,IPC,9.29413516819477,48
sign_test_cel0.7,chunk_17,215,KR,9.102318758765856,48
sign_test_cel0.7,chunk_17,215,MC,6.360454066346089,48
sign_test_cel0.7,chunk_17,215,cosine_similarity,-0.399614006280899,48
sign_test_cel0.7,chunk_17,215,wt_mean,-0.0023997355310711502,48
sign_test_cel0.7,chunk_17,216,GR,9.470753699541092,48
sign_test_cel0.7,chunk_17,216,IPC,8.008268933743238,48
sign_test_cel0.7,chunk_17,216,KR,5.237542614340782,48
sign_test_cel0.7,chunk_17,216,MC,5.599612479408582,48
sign_test_cel0.7,chunk_17,216,cosine_similarity,-0.3996139243245124,48
sign_test_cel0.7,chunk_17,216,wt_mean,-0.0017737040179781,48
sign_test_cel0.7,chunk_17,217,GR,12.899529789884886,48
sign_test_cel0.7,chunk_17,217,IPC,8.530128466586271,48
sign_test_cel0.7,chunk_17,217,KR,6.604860732952754,48
sign_test_cel0.7,chunk_17,217,MC,5.918601510425408,48
sign_test_cel0.7,chunk_17,217,cosine_similarity,-0.3996140211820602,48
sign_test_cel0.7,chunk_17,217,wt_mean,-0.00193918097647835,48
sign_test_cel0.7,chunk_17,218,GR,11.299011021852493,48
sign_test_cel0.7,chunk_17,218,IPC,8.07724997897943,48
sign_test_cel0.7,chunk_17,218,KR,5.883662114540736,48
sign_test_cel0.7,chunk_17,218,MC,5.719166100025177,48
sign_test_cel0.7,chunk_17,218,cosine_similarity,-0.39961399137973785,48
sign_test_cel0.7,chunk_17,218,wt_mean,-0.001786842156434375,48
sign_test_cel0.7,chunk_17,219,GR,12.885655328631401,48
sign_test_cel0.7,chunk_17,219,IPC,9.328317298243443,48
sign_test_cel0.7,chunk_17,219,KR,6.763778741161029,48
sign_test_cel0.7,chunk_17,219,MC,6.475133148332437,48
sign_test_cel0.7,chunk_17,219,cosine_similarity,-0.3996139466762542,48
sign_test_cel0.7,chunk_17,219,wt_mean,-0.00207618394051675,48
sign_test_cel0.7,chunk_17,220,GR,9.323926324645678,48
sign_test_cel0.7,chunk_17,220,IPC,7.500479919215043,48
sign_test_cel0.7,chunk_17,220,KR,5.134888519843419,48
sign_test_cel0.7,chunk_17,220,MC,5.581641385952632,48
sign_test_cel0.7,chunk_17,220,cosine_similarity,-0.3996140137314796,48
sign_test_cel0.7,chunk_17,220,wt_mean,-0.001684853632468675,48
sign_test_cel0.7,chunk_17,221,GR,10.965846826632818,48
sign_test_cel0.7,chunk_17,221,IPC,8.892066543300947,48
sign_test_cel0.7,chunk_17,221,KR,5.748661994934082,48
sign_test_cel0.7,chunk_17,221,MC,5.8693176458279295,48
sign_test_cel0.7,chunk_17,221,cosine_similarity,-0.3996139615774154,48
sign_test_cel0.7,chunk_17,221,wt_mean,-0.001845699880504925,48
sign_test_cel0.7,chunk_17,222,GR,10.928397605816523,48
sign_test_cel0.7,chunk_17,222,IPC,9.396486144512892,48
sign_test_cel0.7,chunk_17,222,KR,6.010935013492902,48
sign_test_cel0.7,chunk_17,222,MC,6.378227725625038,48
sign_test_cel0.7,chunk_17,222,cosine_similarity,-0.399614006280899,48
sign_test_cel0.7,chunk_17,222,wt_mean,-0.0020116005034651247,48
sign_test_cel0.7,chunk_17,223,GR,20.070281445980072,48
sign_test_cel0.7,chunk_17,223,IPC,10.257147355626026,48
sign_test_cel0.7,chunk_17,223,KR,10.604615479707718,48
sign_test_cel0.7,chunk_17,223,MC,7.663569316267967,48
sign_test_cel0.7,chunk_17,223,cosine_similarity,-0.39961406588554377,48
sign_test_cel0.7,chunk_17,223,wt_mean,-0.0023462660319637,48
sign_test_cel0.7,chunk_17,224,GR,8.775752420226732,48
sign_test_cel0.7,chunk_17,224,IPC,8.490671751399836,48
sign_test_cel0.7,chunk_17,224,KR,5.0044457738598185,48
sign_test_cel0.7,chunk_17,224,MC,6.0183737725019455,48
sign_test_cel0.7,chunk_17,224,cosine_similarity,-0.3996140211820602,48
sign_test_cel0.7,chunk_17,224,wt_mean,-0.0016437052108812498,48
sign_test_cel0.7,chunk_17,225,GR,14.561381921172142,48
sign_test_cel0.7,chunk_17,225,IPC,9.070387626687685,48
sign_test_cel0.7,chunk_17,225,KR,6.997478460272153,48
sign_test_cel0.7,chunk_17,225,MC,6.669821128249168,48
sign_test_cel0.7,chunk_17,225,cosine_similarity,-0.3996139317750931,48
sign_test_cel0.7,chunk_17,225,wt_mean,-0.002133008179953275,48
sign_test_cel0.7,chunk_18,226,GR,12.329245487848917,48
sign_test_cel0.7,chunk_18,226,IPC,8.979774306217829,48
sign_test_cel0.7,chunk_18,226,KR,6.239240527153015,48
sign_test_cel0.7,chunk_18,226,MC,6.174145072698593,48
sign_test_cel0.7,chunk_18,226,cosine_similarity,-0.3996139913797378,48
sign_test_cel0.7,chunk_18,226,wt_mean,-0.0019967639818787,48
sign_test_cel0.7,chunk_18,227,GR,13.851426497101784,48
sign_test_cel0.7,chunk_18,227,IPC,9.466400567442179,48
sign_test_cel0.7,chunk_18,227,KR,7.006955494483312,48
sign_test_cel0.7,chunk_18,227,MC,6.601805008947849,48
sign_test_cel0.7,chunk_18,227,cosine_similarity,-0.3996140733361244,48
sign_test_cel0.7,chunk_18,227,wt_mean,-0.0020749413815792,48
sign_test_cel0.7,chunk_18,228,GR,13.389331569274267,48
sign_test_cel0.7,chunk_18,228,IPC,9.101132278641066,48
sign_test_cel0.7,chunk_18,228,KR,7.095887755354245,48
sign_test_cel0.7,chunk_18,228,MC,6.503715331355731,48
sign_test_cel0.7,chunk_18,228,cosine_similarity,-0.3996140360832214,48
sign_test_cel0.7,chunk_18,228,wt_mean,-0.0021004131995141,48
sign_test_cel0.7,chunk_18,229,GR,10.582515011231104,48
sign_test_cel0.7,chunk_18,229,IPC,8.729610811918974,48
sign_test_cel0.7,chunk_18,229,KR,5.746903359889984,48
sign_test_cel0.7,chunk_18,229,MC,6.059442887703578,48
sign_test_cel0.7,chunk_18,229,cosine_similarity,-0.3996139392256736,48
sign_test_cel0.7,chunk_18,229,wt_mean,-0.0018941867165267,48
sign_test_cel0.7,chunk_18,230,GR,14.156129116813341,48
sign_test_cel0.7,chunk_18,230,IPC,7.966438149412473,48
sign_test_cel0.7,chunk_18,230,KR,7.504524409770966,48
sign_test_cel0.7,chunk_18,230,MC,6.114519556363423,48
sign_test_cel0.7,chunk_18,230,cosine_similarity,-0.39961401373147964,48
sign_test_cel0.7,chunk_18,230,wt_mean,-0.0020651629019994,48
sign_test_cel0.7,chunk_18,231,GR,13.184690867861113,48
sign_test_cel0.7,chunk_18,231,IPC,8.675168473273516,48
sign_test_cel0.7,chunk_18,231,KR,6.929656441013019,48
sign_test_cel0.7,chunk_18,231,MC,6.138416009644668,48
sign_test_cel0.7,chunk_18,231,cosine_similarity,-0.3996139243245124,48
sign_test_cel0.7,chunk_18,231,wt_mean,-0.0020585882884915497,48
sign_test_cel0.7,chunk_18,232,GR,14.345953558882078,48
sign_test_cel0.7,chunk_18,232,IPC,9.228413791706165,48
sign_test_cel0.7,chunk_18,232,KR,7.6171853591998415,48
sign_test_cel0.7,chunk_18,232,MC,6.7459698269764585,48
sign_test_cel0.7,chunk_18,232,cosine_similarity,-0.3996139615774154,48
sign_test_cel0.7,chunk_18,232,wt_mean,-0.0020774246368091,48
sign_test_cel0.7,chunk_18,233,GR,12.996999060114225,48
sign_test_cel0.7,chunk_18,233,IPC,8.646086004873117,48
sign_test_cel0.7,chunk_18,233,KR,6.446885178486506,48
sign_test_cel0.7,chunk_18,233,MC,6.061156988143921,48
sign_test_cel0.7,chunk_18,233,cosine_similarity,-0.3996139764785766,48
sign_test_cel0.7,chunk_18,233,wt_mean,-0.001925061107613075,48
sign_test_cel0.7,chunk_18,234,GR,11.5400467167298,48
sign_test_cel0.7,chunk_18,234,IPC,8.401306242992481,48
sign_test_cel0.7,chunk_18,234,KR,6.1998091340065,48
sign_test_cel0.7,chunk_18,234,MC,6.05397538592418,48
sign_test_cel0.7,chunk_18,234,cosine_similarity,-0.3996140211820602,48
sign_test_cel0.7,chunk_18,234,wt_mean,-0.0018402709974907,48
sign_test_cel0.7,chunk_18,235,GR,11.261030316352844,48
sign_test_cel0.7,chunk_18,235,IPC,8.73903743798534,48
sign_test_cel0.7,chunk_18,235,KR,5.974676589171092,48
sign_test_cel0.7,chunk_18,235,MC,5.991716826955478,48
sign_test_cel0.7,chunk_18,235,cosine_similarity,-0.39961399883031845,48
sign_test_cel0.7,chunk_18,235,wt_mean,-0.0018507860950193501,48
sign_test_cel0.7,chunk_18,236,GR,11.070274333159128,48
sign_test_cel0.7,chunk_18,236,IPC,8.697594954321781,48
sign_test_cel0.7,chunk_18,236,KR,5.935589770476024,48
sign_test_cel0.7,chunk_18,236,MC,5.934761956334114,48
sign_test_cel0.7,chunk_18,236,cosine_similarity,-0.3996139466762542,48
sign_test_cel0.7,chunk_18,236,wt_mean,-0.00192190764937545,48
sign_test_cel0.7,chunk_18,237,GR,7.997527718544006,48
sign_test_cel0.7,chunk_18,237,IPC,7.609698407351971,48
sign_test_cel0.7,chunk_18,237,KR,4.612817957997322,48
sign_test_cel0.7,chunk_18,237,MC,5.5320534482598305,48
sign_test_cel0.7,chunk_18,237,cosine_similarity,-0.39961404353380203,48
sign_test_cel0.7,chunk_18,237,wt_mean,-0.00163140642689535,48
sign_test_cel0.7,chunk_19,238,GR,10.369341830412546,48
sign_test_cel0.7,chunk_19,238,IPC,7.637203740576903,48
sign_test_cel0.7,chunk_19,238,KR,5.614318350950877,48
sign_test_cel0.7,chunk_19,238,MC,5.691410839557648,48
sign_test_cel0.7,chunk_19,238,cosine_similarity,-0.39961397647857666,48
sign_test_cel0.7,chunk_19,238,wt_mean,-0.001853366557043,48
sign_test_cel0.7,chunk_19,239,GR,11.76206836104393,48
sign_test_cel0.7,chunk_19,239,IPC,8.493473324924707,48
sign_test_cel0.7,chunk_19,239,KR,5.997755870223045,48
sign_test_cel0.7,chunk_19,239,MC,5.8907816881934805,48
sign_test_cel0.7,chunk_19,239,cosine_similarity,-0.3996140658855438,48
sign_test_cel0.7,chunk_19,239,wt_mean,-0.002007847477216225,48
sign_test_cel0.7,chunk_19,240,GR,12.465750043590864,48
sign_test_cel0.7,chunk_19,240,IPC,9.40960294380784,48
sign_test_cel0.7,chunk_19,240,KR,6.210562730828921,48
sign_test_cel0.7,chunk_19,240,MC,6.384568269054095,48
sign_test_cel0.7,chunk_19,240,cosine_similarity,-0.39961389452219004,48
sign_test_cel0.7,chunk_19,240,wt_mean,-0.002034327539149625,48
sign_test_cel0.7,chunk_19,241,GR,17.53532986342907,48
sign_test_cel0.7,chunk_19,241,IPC,8.730797626078129,48
sign_test_cel0.7,chunk_19,241,KR,8.8695846448342,48
sign_test_cel0.7,chunk_19,241,MC,6.355877096454303,48
sign_test_cel0.7,chunk_19,241,cosine_similarity,-0.399613969027996,48
sign_test_cel0.7,chunk_19,241,wt_mean,-0.002183833683375225,48
sign_test_cel0.7,chunk_19,242,GR,9.708139975865683,48
sign_test_cel0.7,chunk_19,242,IPC,9.35805386925737,48
sign_test_cel0.7,chunk_19,242,KR,5.103160003821055,48
sign_test_cel0.7,chunk_19,242,MC,5.9208553830782575,48
sign_test_cel0.7,chunk_19,242,cosine_similarity,-0.3996139541268348,48
sign_test_cel0.7,chunk_19,242,wt_mean,-0.0017643040628171748,48
sign_test_cel0.7,chunk_19,243,GR,10.770726362864176,48
sign_test_cel0.7,chunk_19,243,IPC,8.568097040057182,48
sign_test_cel0.7,chunk_19,243,KR,5.423678090174993,48
sign_test_cel0.7,chunk_19,243,MC,5.80729965865612,48
sign_test_cel0.7,chunk_19,243,cosine_similarity,-0.3996139615774154,48
sign_test_cel0.7,chunk_19,243,wt_mean,-0.00187512303818945,48
sign_test_cel0.7,chunk_19,244,GR,12.47754617035389,48
sign_test_cel0.7,chunk_19,244,IPC,8.969726682951054,48
sign_test_cel0.7,chunk_19,244,KR,6.60966844856739,48
sign_test_cel0.7,chunk_19,244,MC,6.49383869767189,48
sign_test_cel0.7,chunk_19,244,cosine_similarity,-0.399613931775093,48
sign_test_cel0.7,chunk_19,244,wt_mean,-0.002031141979387,48
sign_test_cel0.7,chunk_19,245,GR,10.077872370680174,48
sign_test_cel0.7,chunk_19,245,IPC,9.321210104972124,48
sign_test_cel0.7,chunk_19,245,KR,5.496959884961446,48
sign_test_cel0.7,chunk_19,245,MC,6.268340115745862,48
sign_test_cel0.7,chunk_19,245,cosine_similarity,-0.3996139839291572,48
sign_test_cel0.7,chunk_19,245,wt_mean,-0.00198508196626785,48
sign_test_cel0.7,chunk_19,246,GR,10.638961335023245,48
sign_test_cel0.7,chunk_19,246,IPC,8.598925527185202,48
sign_test_cel0.7,chunk_19,246,KR,5.661395529905955,48
sign_test_cel0.7,chunk_19,246,MC,6.09900866697232,48
sign_test_cel0.7,chunk_19,246,cosine_similarity,-0.3996139243245124,48
sign_test_cel0.7,chunk_19,246,wt_mean,-0.0018619906913954,48
sign_test_cel0.7,chunk_19,247,GR,9.492366711298624,48
sign_test_cel0.7,chunk_19,247,IPC,8.231366300334534,48
sign_test_cel0.7,chunk_19,247,KR,5.070088684558868,48
sign_test_cel0.7,chunk_19,247,MC,5.567700520157814,48
sign_test_cel0.7,chunk_19,247,cosine_similarity,-0.3996140584349632,48
sign_test_cel0.7,chunk_19,247,wt_mean,-0.001723091088933825,48
sign_test_cel0.7,chunk_19,248,GR,8.864281659324964,48
sign_test_cel0.7,chunk_19,248,IPC,8.835096546759209,48
sign_test_cel0.7,chunk_19,248,KR,5.038745080431302,48
sign_test_cel0.7,chunk_19,248,MC,6.283719976743062,48
sign_test_cel0.7,chunk_19,248,cosine_similarity,-0.399614006280899,48
sign_test_cel0.7,chunk_19,248,wt_mean,-0.00168458535335955,48
sign_test_cel0.7,chunk_19,249,GR,13.604358648260435,48
sign_test_cel0.7,chunk_19,249,IPC,9.051738488177458,48
sign_test_cel0.7,chunk_19,249,KR,6.95729639629523,48
sign_test_cel0.7,chunk_19,249,MC,6.275732236603896,48
sign_test_cel0.7,chunk_19,249,cosine_similarity,-0.39961399883031845,48
sign_test_cel0.7,chunk_19,249,wt_mean,-0.0021081991726532,48
sign_test_cel0.7,chunk_2,26,GR,9.6462143411239,48
sign_test_cel0.7,chunk_2,26,IPC,7.779363992313544,48
sign_test_cel0.7,chunk_2,26,KR,5.065173124273618,48
sign_test_cel0.7,chunk_2,26,MC,5.946662023663521,48
sign_test_cel0.7,chunk_2,26,cosine_similarity,-0.3996140137314796,48
sign_test_cel0.7,chunk_2,26,wt_mean,-0.001796025608200525,48
sign_test_cel0.7,chunk_2,27,GR,9.943555096785227,48
sign_test_cel0.7,chunk_2,27,IPC,8.309176754206419,48
sign_test_cel0.7,chunk_2,27,KR,5.463440751036008,48
sign_test_cel0.7,chunk_2,27,MC,6.10422286639611,48
sign_test_cel0.7,chunk_2,27,cosine_similarity,-0.3996140286326408,48
sign_test_cel0.7,chunk_2,27,wt_mean,-0.001811897556763125,48
sign_test_cel0.7,chunk_2,28,GR,11.006100957592329,48
sign_test_cel0.7,chunk_2,28,IPC,9.05064788957437,48
sign_test_cel0.7,chunk_2,28,KR,5.727493807673454,48
sign_test_cel0.7,chunk_2,28,MC,6.351368047297001,48
sign_test_cel0.7,chunk_2,28,cosine_similarity,-0.3996140211820602,48
sign_test_cel0.7,chunk_2,28,wt_mean,-0.0019759428978431497,48
sign_test_cel0.7,chunk_2,29,GR,9.87458111345768,48
sign_test_cel0.7,chunk_2,29,IPC,7.073725637048483,48
sign_test_cel0.7,chunk_2,29,KR,5.113355452815692,48
sign_test_cel0.7,chunk_2,29,MC,5.173683673143387,48
sign_test_cel0.7,chunk_2,29,cosine_similarity,-0.3996140211820602,48
sign_test_cel0.7,chunk_2,29,wt_mean,-0.0017446672136429248,48
sign_test_cel0.7,chunk_2,30,GR,9.531346917152405,48
sign_test_cel0.7,chunk_2,30,IPC,7.76666185259819,48
sign_test_cel0.7,chunk_2,30,KR,5.223280141750972,48
sign_test_cel0.7,chunk_2,30,MC,5.613744164506595,48
sign_test_cel0.7,chunk_2,30,cosine_similarity,-0.399614006280899,48
sign_test_cel0.7,chunk_2,30,wt_mean,-0.001704562891973125,48
sign_test_cel0.7,chunk_2,31,GR,10.390463297565779,48
sign_test_cel0.7,chunk_2,31,IPC,7.308572423954804,48
sign_test_cel0.7,chunk_2,31,KR,5.661263306935628,48
sign_test_cel0.7,chunk_2,31,MC,5.643548169483741,48
sign_test_cel0.7,chunk_2,31,cosine_similarity,-0.3996138051152229,48
sign_test_cel0.7,chunk_2,31,wt_mean,-0.0018452106742187998,48
sign_test_cel0.7,chunk_2,32,GR,9.10837046802044,48
sign_test_cel0.7,chunk_2,32,IPC,8.21488969027996,48
sign_test_cel0.7,chunk_2,32,KR,5.0745514035224915,48
sign_test_cel0.7,chunk_2,32,MC,5.91395328938961,48
sign_test_cel0.7,chunk_2,32,cosine_similarity,-0.39961400628089905,48
sign_test_cel0.7,chunk_2,32,wt_mean,-0.0017469960439484252,48
sign_test_cel0.7,chunk_2,33,GR,13.30275330444177,48
sign_test_cel0.7,chunk_2,33,IPC,9.394595548510551,48
sign_test_cel0.7,chunk_2,33,KR,7.203655734658241,48
sign_test_cel0.7,chunk_2,33,MC,6.982855419317882,48
sign_test_cel0.7,chunk_2,33,cosine_similarity,-0.3996139541268348,48
sign_test_cel0.7,chunk_2,33,wt_mean,-0.00210196690750305,48
sign_test_cel0.7,chunk_2,34,GR,10.739162241419157,48
sign_test_cel0.7,chunk_2,34,IPC,8.467063387235006,48
sign_test_cel0.7,chunk_2,34,KR,5.634271403153737,48
sign_test_cel0.7,chunk_2,34,MC,6.071268141269684,48
sign_test_cel0.7,chunk_2,34,cosine_similarity,-0.3996139615774154,48
sign_test_cel0.7,chunk_2,34,wt_mean,-0.0018860540294553501,48
sign_test_cel0.7,chunk_2,35,GR,9.631812378764153,48
sign_test_cel0.7,chunk_2,35,IPC,7.156002012391885,48
sign_test_cel0.7,chunk_2,35,KR,5.032440101106961,48
sign_test_cel0.7,chunk_2,35,MC,5.482557234664758,48
sign_test_cel0.7,chunk_2,35,cosine_similarity,-0.3996139615774154,48
sign_test_cel0.7,chunk_2,35,wt_mean,-0.001776338613126375,48
sign_test_cel0.7,chunk_2,36,GR,13.935324802994728,48
sign_test_cel0.7,chunk_2,36,IPC,9.0901163443923,48
sign_test_cel0.7,chunk_2,36,KR,7.179677004615466,48
sign_test_cel0.7,chunk_2,36,MC,6.603738422195117,48
sign_test_cel0.7,chunk_2,36,cosine_similarity,-0.3996140733361244,48
sign_test_cel0.7,chunk_2,36,wt_mean,-0.002153499954147225,48
sign_test_cel0.7,chunk_2,37,GR,9.562211309870085,48
sign_test_cel0.7,chunk_2,37,IPC,7.9862427326540155,48
sign_test_cel0.7,chunk_2,37,KR,5.088517129421234,48
sign_test_cel0.7,chunk_2,37,MC,5.44285033394893,48
sign_test_cel0.7,chunk_2,37,cosine_similarity,-0.39961390942335123,48
sign_test_cel0.7,chunk_2,37,wt_mean,-0.001787522138329175,48
sign_test_cel0.7,chunk_2,38,GR,11.44931511580944,48
sign_test_cel0.7,chunk_2,38,IPC,8.949190437793732,48
sign_test_cel0.7,chunk_2,38,KR,6.023105238874753,48
sign_test_cel0.7,chunk_2,38,MC,6.19179480522871,48
sign_test_cel0.7,chunk_2,38,cosine_similarity,-0.39961398392915726,48
sign_test_cel0.7,chunk_2,38,wt_mean,-0.001937966269906575,48
sign_test_cel0.7,chunk_3,39,GR,19.158475438753765,48
sign_test_cel0.7,chunk_3,39,IPC,9.624232602616152,48
sign_test_cel0.7,chunk_3,39,KR,9.328290402889252,48
sign_test_cel0.7,chunk_3,39,MC,6.687389676769574,48
sign_test_cel0.7,chunk_3,39,cosine_similarity,-0.3996139615774154,48
sign_test_cel0.7,chunk_3,39,wt_mean,-0.002294631063705275,48
sign_test_cel0.7,chunk_3,40,GR,15.449205110470453,48
sign_test_cel0.7,chunk_3,40,IPC,9.457047035296759,48
sign_test_cel0.7,chunk_3,40,KR,8.233934874335924,48
sign_test_cel0.7,chunk_3,40,MC,6.667187407612801,48
sign_test_cel0.7,chunk_3,40,cosine_similarity,-0.3996140658855438,48
sign_test_cel0.7,chunk_3,40,wt_mean,-0.00226105589536015,48
sign_test_cel0.7,chunk_3,41,GR,13.71304971476396,48
sign_test_cel0.7,chunk_3,41,IPC,8.590204174319902,48
sign_test_cel0.7,chunk_3,41,KR,6.8532538463672,48
sign_test_cel0.7,chunk_3,41,MC,6.255625657737255,48
sign_test_cel0.7,chunk_3,41,cosine_similarity,-0.3996139913797378,48
sign_test_cel0.7,chunk_3,41,wt_mean,-0.002009874326176875,48
sign_test_cel0.7,chunk_3,42,GR,15.00751074651877,48
sign_test_cel0.7,chunk_3,42,IPC,9.565913985172907,48
sign_test_cel0.7,chunk_3,42,KR,7.7650753408670425,48
sign_test_cel0.7,chunk_3,42,MC,6.704358711838722,48
sign_test_cel0.7,chunk_3,42,cosine_similarity,-0.399613931775093,48
sign_test_cel0.7,chunk_3,42,wt_mean,-0.0021381866827141,48
sign_test_cel0.7,chunk_3,43,GR,11.665952160954475,48
sign_test_cel0.7,chunk_3,43,IPC,8.834621123969555,48
sign_test_cel0.7,chunk_3,43,KR,5.833559160431226,48
sign_test_cel0.7,chunk_3,43,MC,6.594341819485028,48
sign_test_cel0.7,chunk_3,43,cosine_similarity,-0.399614006280899,48
sign_test_cel0.7,chunk_3,43,wt_mean,-0.0019390903180464502,48
sign_test_cel0.7,chunk_3,44,GR,18.221477006872494,48
sign_test_cel0.7,chunk_3,44,IPC,9.117261310418447,48
sign_test_cel0.7,chunk_3,44,KR,9.57600106795629,48
sign_test_cel0.7,chunk_3,44,MC,6.977004860838254,48
sign_test_cel0.7,chunk_3,44,cosine_similarity,-0.399614006280899,48
sign_test_cel0.7,chunk_3,44,wt_mean,-0.0023854177852626252,48
sign_test_cel0.7,chunk_3,45,GR,10.710408652822176,48
sign_test_cel0.7,chunk_3,45,IPC,9.123800948262215,48
sign_test_cel0.7,chunk_3,45,KR,5.862319181362788,48
sign_test_cel0.7,chunk_3,45,MC,6.149402007460594,48
sign_test_cel0.7,chunk_3,45,cosine_similarity,-0.3996140286326408,48
sign_test_cel0.7,chunk_3,45,wt_mean,-0.0018623847863636748,48
sign_test_cel0.7,chunk_3,46,GR,10.709532856941223,48
sign_test_cel0.7,chunk_3,46,IPC,8.476205615947643,48
sign_test_cel0.7,chunk_3,46,KR,5.834188252687454,48
sign_test_cel0.7,chunk_3,46,MC,5.723110531767209,48
sign_test_cel0.7,chunk_3,46,cosine_similarity,-0.39961391687393183,48
sign_test_cel0.7,chunk_3,46,wt_mean,-0.001889743027277225,48
sign_test_cel0.7,chunk_3,47,GR,10.85053122540315,48
sign_test_cel0.7,chunk_3,47,IPC,9.446773198743662,48
sign_test_cel0.7,chunk_3,47,KR,5.551600590348244,48
sign_test_cel0.7,chunk_3,47,MC,6.399103557070096,48
sign_test_cel0.7,chunk_3,47,cosine_similarity,-0.39961403608322144,48
sign_test_cel0.7,chunk_3,47,wt_mean,-0.001892548374598775,48
sign_test_cel0.7,chunk_3,48,GR,12.211896901329359,48
sign_test_cel0.7,chunk_3,48,IPC,8.64009148379167,48
sign_test_cel0.7,chunk_3,48,KR,6.326383064190547,48
sign_test_cel0.7,chunk_3,48,MC,5.9953157355388,48
sign_test_cel0.7,chunk_3,48,cosine_similarity,-0.3996139913797378,48
sign_test_cel0.7,chunk_3,48,wt_mean,-0.001943767769262125,48
sign_test_cel0.7,chunk_3,49,GR,10.048831562201181,48
sign_test_cel0.7,chunk_3,49,IPC,8.633023084451755,48
sign_test_cel0.7,chunk_3,49,KR,5.382363999883334,48
sign_test_cel0.7,chunk_3,49,MC,5.620095411936442,48
sign_test_cel0.7,chunk_3,49,cosine_similarity,-0.3996139764785766,48
sign_test_cel0.7,chunk_3,49,wt_mean,-0.0018957782303914,48
sign_test_cel0.7,chunk_3,50,GR,11.555139005184174,48
sign_test_cel0.7,chunk_3,50,IPC,9.316695810606083,48
sign_test_cel0.7,chunk_3,50,KR,6.307810544967651,48
sign_test_cel0.7,chunk_3,50,MC,6.295731008052826,48
sign_test_cel0.7,chunk_3,50,cosine_similarity,-0.3996139466762542,48
sign_test_cel0.7,chunk_3,50,wt_mean,-0.00194041538634335,48
sign_test_cel0.7,chunk_3,51,GR,14.097030073404312,48
sign_test_cel0.7,chunk_3,51,IPC,8.765370869388184,48
sign_test_cel0.7,chunk_3,51,KR,7.193943237264951,48
sign_test_cel0.7,chunk_3,51,MC,6.586847464243571,48
sign_test_cel0.7,chunk_3,51,cosine_similarity,-0.3996138125658035,48
sign_test_cel0.7,chunk_3,51,wt_mean,-0.00216549079050305,48
sign_test_cel0.7,chunk_4,52,GR,12.544306188821793,48
sign_test_cel0.7,chunk_4,52,IPC,9.131428406884273,48
sign_test_cel0.7,chunk_4,52,KR,6.7512898196776705,48
sign_test_cel0.7,chunk_4,52,MC,6.488021378715833,48
sign_test_cel0.7,chunk_4,52,cosine_similarity,-0.3996139243245124,48
sign_test_cel0.7,chunk_4,52,wt_mean,-0.0019349597569089001,48
sign_test_cel0.7,chunk_4,53,GR,11.04013678431511,48
sign_test_cel0.7,chunk_4,53,IPC,8.152231127023697,48
sign_test_cel0.7,chunk_4,53,KR,5.789580896496773,48
sign_test_cel0.7,chunk_4,53,MC,5.486354765792687,48
sign_test_cel0.7,chunk_4,53,cosine_similarity,-0.39961399137973785,48
sign_test_cel0.7,chunk_4,53,wt_mean,-0.0017499212699475998,48
sign_test_cel0.7,chunk_4,54,GR,14.19914414982001,48
sign_test_cel0.7,chunk_4,54,IPC,10.05891551822424,48
sign_test_cel0.7,chunk_4,54,KR,7.337217609087626,48
sign_test_cel0.7,chunk_4,54,MC,7.104262674848239,48
sign_test_cel0.7,chunk_4,54,cosine_similarity,-0.399613969027996,48
sign_test_cel0.7,chunk_4,54,wt_mean,-0.002189347433159075,48
sign_test_cel0.7,chunk_4,55,GR,13.251774673660597,48
sign_test_cel0.7,chunk_4,55,IPC,8.98384411384662,48
sign_test_cel0.7,chunk_4,55,KR,6.860901286204656,48
sign_test_cel0.7,chunk_4,55,MC,6.3759013414382935,48
sign_test_cel0.7,chunk_4,55,cosine_similarity,-0.3996139243245124,48
sign_test_cel0.7,chunk_4,55,wt_mean,-0.00203987632994535,48
sign_test_cel0.7,chunk_4,56,GR,10.101887255907059,48
sign_test_cel0.7,chunk_4,56,IPC,7.689464828620355,48
sign_test_cel0.7,chunk_4,56,KR,5.407609408100446,48
sign_test_cel0.7,chunk_4,56,MC,5.931070700287819,48
sign_test_cel0.7,chunk_4,56,cosine_similarity,-0.399613969027996,48
sign_test_cel0.7,chunk_4,56,wt_mean,-0.001810830348404075,48
sign_test_cel0.7,chunk_4,57,GR,9.362623726328215,48
sign_test_cel0.7,chunk_4,57,IPC,7.8035181276500225,48
sign_test_cel0.7,chunk_4,57,KR,5.084543168544769,48
sign_test_cel0.7,chunk_4,57,MC,5.4031831075747805,48
sign_test_cel0.7,chunk_4,57,cosine_similarity,-0.39961390942335123,48
sign_test_cel0.7,chunk_4,57,wt_mean,-0.001744722132570975,48
sign_test_cel0.7,chunk_4,58,GR,14.0943932980299,48
sign_test_cel0.7,chunk_4,58,IPC,8.511992591122786,48
sign_test_cel0.7,chunk_4,58,KR,7.13209131360054,48
sign_test_cel0.7,chunk_4,58,MC,5.890130321184794,48
sign_test_cel0.7,chunk_4,58,cosine_similarity,-0.39961403608322144,48
sign_test_cel0.7,chunk_4,58,wt_mean,-0.0021677490731235,48
sign_test_cel0.7,chunk_4,59,GR,16.073904901742935,48
sign_test_cel0.7,chunk_4,59,IPC,10.677998509258032,48
sign_test_cel0.7,chunk_4,59,KR,7.655990968147914,48
sign_test_cel0.7,chunk_4,59,MC,7.350526921451092,48
sign_test_cel0.7,chunk_4,59,cosine_similarity,-0.39961399137973785,48
sign_test_cel0.7,chunk_4,59,wt_mean,-0.00234062480740245,48
sign_test_cel0.7,chunk_4,60,GR,11.264489571253458,48
sign_test_cel0.7,chunk_4,60,IPC,8.594794259717068,48
sign_test_cel0.7,chunk_4,60,KR,6.099351326624553,48
sign_test_cel0.7,chunk_4,60,MC,6.087449640035629,48
sign_test_cel0.7,chunk_4,60,cosine_similarity,-0.399613969027996,48
sign_test_cel0.7,chunk_4,60,wt_mean,-0.001876457827165675,48
sign_test_cel0.7,chunk_4,61,GR,10.911900326609612,48
sign_test_cel0.7,chunk_4,61,IPC,8.198167926321426,48
sign_test_cel0.7,chunk_4,61,KR,5.708587268988292,48
sign_test_cel0.7,chunk_4,61,MC,5.627549240986506,48
sign_test_cel0.7,chunk_4,61,cosine_similarity,-0.3996139764785766,48
sign_test_cel0.7,chunk_4,61,wt_mean,-0.0017731484549585502,48
sign_test_cel0.7,chunk_4,62,GR,10.231882398327192,48
sign_test_cel0.7,chunk_4,62,IPC,9.464800796161095,48
sign_test_cel0.7,chunk_4,62,KR,5.422057236234347,48
sign_test_cel0.7,chunk_4,62,MC,6.641742095351219,48
sign_test_cel0.7,chunk_4,62,cosine_similarity,-0.39961403608322144,48
sign_test_cel0.7,chunk_4,62,wt_mean,-0.00188642009743485,48
sign_test_cel0.7,chunk_4,63,GR,9.885296578208605,48
sign_test_cel0.7,chunk_4,63,IPC,9.201346077024937,48
sign_test_cel0.7,chunk_4,63,KR,5.320919871330261,48
sign_test_cel0.7,chunk_4,63,MC,5.948418324192365,48
sign_test_cel0.7,chunk_4,63,cosine_similarity,-0.399614006280899,48
sign_test_cel0.7,chunk_4,63,wt_mean,-0.001822206773795125,48
sign_test_cel0.7,chunk_4,64,GR,17.84586742023627,48
sign_test_cel0.7,chunk_4,64,IPC,9.805721723785004,48
sign_test_cel0.7,chunk_4,64,KR,9.438849786917368,48
sign_test_cel0.7,chunk_4,64,MC,7.161850929260254,48
sign_test_cel0.7,chunk_4,64,cosine_similarity,-0.39961390197277064,48
sign_test_cel0.7,chunk_4,64,wt_mean,-0.002354576805373575,48
sign_test_cel0.7,chunk_5,65,GR,10.893957699338594,48
sign_test_cel0.7,chunk_5,65,IPC,9.55720216780901,48
sign_test_cel0.7,chunk_5,65,KR,5.652267386515935,48
sign_test_cel0.7,chunk_5,65,MC,6.809835950533549,48
sign_test_cel0.7,chunk_5,65,cosine_similarity,-0.3996139913797378,48
sign_test_cel0.7,chunk_5,65,wt_mean,-0.001802371698431625,48
sign_test_cel0.7,chunk_5,66,GR,8.56990079085032,48
sign_test_cel0.7,chunk_5,66,IPC,8.685335515687862,48
sign_test_cel0.7,chunk_5,66,KR,4.707655797402064,48
sign_test_cel0.7,chunk_5,66,MC,5.719186422725518,48
sign_test_cel0.7,chunk_5,66,cosine_similarity,-0.3996139466762542,48
sign_test_cel0.7,chunk_5,66,wt_mean,-0.0017980886041186498,48
sign_test_cel0.7,chunk_5,67,GR,12.296427920460701,48
sign_test_cel0.7,chunk_5,67,IPC,9.580259393900633,48
sign_test_cel0.7,chunk_5,67,KR,6.550082271297772,48
sign_test_cel0.7,chunk_5,67,MC,6.634142113228639,48
sign_test_cel0.7,chunk_5,67,cosine_similarity,-0.3996140360832214,48
sign_test_cel0.7,chunk_5,67,wt_mean,-0.002013746881857475,48
sign_test_cel0.7,chunk_5,68,GR,7.547738025585811,48
sign_test_cel0.7,chunk_5,68,IPC,7.723688221226136,48
sign_test_cel0.7,chunk_5,68,KR,4.165215005477269,48
sign_test_cel0.7,chunk_5,68,MC,5.369742934902509,48
sign_test_cel0.7,chunk_5,68,cosine_similarity,-0.3996139466762542,48
sign_test_cel0.7,chunk_5,68,wt_mean,-0.001586362806847275,48
sign_test_cel0.7,chunk_5,69,GR,13.151385590434074,48
sign_test_cel0.7,chunk_5,69,IPC,8.9409731477499,48
sign_test_cel0.7,chunk_5,69,KR,6.7670560131470365,48
sign_test_cel0.7,chunk_5,69,MC,6.483676011363666,48
sign_test_cel0.7,chunk_5,69,cosine_similarity,-0.3996139764785766,48
sign_test_cel0.7,chunk_5,69,wt_mean,-0.002109911612933425,48
sign_test_cel0.7,chunk_5,70,GR,19.21995751063029,48
sign_test_cel0.7,chunk_5,70,IPC,10.136152320851883,48
sign_test_cel0.7,chunk_5,70,KR,9.755080615480741,48
sign_test_cel0.7,chunk_5,70,MC,7.157080377141635,48
sign_test_cel0.7,chunk_5,70,cosine_similarity,-0.3996139615774154,48
sign_test_cel0.7,chunk_5,70,wt_mean,-0.002537947235396075,48
sign_test_cel0.7,chunk_5,71,GR,15.960030555725098,48
sign_test_cel0.7,chunk_5,71,IPC,9.35324557001392,48
sign_test_cel0.7,chunk_5,71,KR,8.119589785734812,48
sign_test_cel0.7,chunk_5,71,MC,6.684629666308562,48
sign_test_cel0.7,chunk_5,71,cosine_similarity,-0.3996139764785766,48
sign_test_cel0.7,chunk_5,71,wt_mean,-0.0022783170570619,48
sign_test_cel0.7,chunk_5,72,GR,9.16861692070961,48
sign_test_cel0.7,chunk_5,72,IPC,8.49968103443583,48
sign_test_cel0.7,chunk_5,72,KR,4.969124635060628,48
sign_test_cel0.7,chunk_5,72,MC,5.839298044641812,48
sign_test_cel0.7,chunk_5,72,cosine_similarity,-0.399613969027996,48
sign_test_cel0.7,chunk_5,72,wt_mean,-0.0017920664686243502,48
sign_test_cel0.7,chunk_5,73,GR,10.380227034290632,48
sign_test_cel0.7,chunk_5,73,IPC,7.9077508971095085,48
sign_test_cel0.7,chunk_5,73,KR,5.4036876658598585,48
sign_test_cel0.7,chunk_5,73,MC,5.607593292991321,48
sign_test_cel0.7,chunk_5,73,cosine_similarity,-0.3996139317750931,48
sign_test_cel0.7,chunk_5,73,wt_mean,-0.0018542838224675001,48
sign_test_cel0.7,chunk_5,74,GR,9.46929033100605,48
sign_test_cel0.7,chunk_5,74,IPC,8.794016233334938,48
sign_test_cel0.7,chunk_5,74,KR,5.184155444304149,48
sign_test_cel0.7,chunk_5,74,MC,6.065348376830419,48
sign_test_cel0.7,chunk_5,74,cosine_similarity,-0.39961384236812586,48
sign_test_cel0.7,chunk_5,74,wt_mean,-0.001694524486083475,48
sign_test_cel0.7,chunk_5,75,GR,10.118105933070183,48
sign_test_cel0.7,chunk_5,75,IPC,8.865838464349508,48
sign_test_cel0.7,chunk_5,75,KR,5.405941228071849,48
sign_test_cel0.7,chunk_5,75,MC,6.107760714987914,48
sign_test_cel0.7,chunk_5,75,cosine_similarity,-0.3996139615774154,48
sign_test_cel0.7,chunk_5,75,wt_mean,-0.00181576301110905,48
sign_test_cel0.7,chunk_5,76,GR,14.42852289477984,48
sign_test_cel0.7,chunk_5,76,IPC,8.732303705066442,48
sign_test_cel0.7,chunk_5,76,KR,7.119256913661957,48
sign_test_cel0.7,chunk_5,76,MC,6.4453251461188,48
sign_test_cel0.7,chunk_5,76,cosine_similarity,-0.39961390942335123,48
sign_test_cel0.7,chunk_5,76,wt_mean,-0.0021514130348805,48
sign_test_cel0.7,chunk_5,77,GR,11.827128673593203,48
sign_test_cel0.7,chunk_5,77,IPC,9.169873724381128,48
sign_test_cel0.7,chunk_5,77,KR,6.080263569951057,48
sign_test_cel0.7,chunk_5,77,MC,6.463063483436902,48
sign_test_cel0.7,chunk_5,77,cosine_similarity,-0.3996140137314796,48
sign_test_cel0.7,chunk_5,77,wt_mean,-0.001986640447285,48
sign_test_cel0.7,chunk_6,78,GR,10.326624095439911,48
sign_test_cel0.7,chunk_6,78,IPC,7.980318491657575,48
sign_test_cel0.7,chunk_6,78,KR,5.520699078838031,48
sign_test_cel0.7,chunk_6,78,MC,6.141588494181633,48
sign_test_cel0.7,chunk_6,78,cosine_similarity,-0.39961387962102884,48
sign_test_cel0.7,chunk_6,78,wt_mean,-0.001929979043779825,48
sign_test_cel0.7,chunk_6,79,GR,10.944748987754187,48
sign_test_cel0.7,chunk_6,79,IPC,8.658826222022375,48
sign_test_cel0.7,chunk_6,79,KR,5.7255652248859406,48
sign_test_cel0.7,chunk_6,79,MC,6.525385091702144,48
sign_test_cel0.7,chunk_6,79,cosine_similarity,-0.39961391687393183,48
sign_test_cel0.7,chunk_6,79,wt_mean,-0.001963089423952575,48
sign_test_cel0.7,chunk_6,80,GR,12.736524820327759,48
sign_test_cel0.7,chunk_6,80,IPC,9.502486404031515,48
sign_test_cel0.7,chunk_6,80,KR,6.474719534317653,48
sign_test_cel0.7,chunk_6,80,MC,6.20358806848526,48
sign_test_cel0.7,chunk_6,80,cosine_similarity,-0.3996139392256736,48
sign_test_cel0.7,chunk_6,80,wt_mean,-0.0020043292024638,48
sign_test_cel0.7,chunk_6,81,GR,10.819607531030973,48
sign_test_cel0.7,chunk_6,81,IPC,8.059941656887531,48
sign_test_cel0.7,chunk_6,81,KR,5.620706011851628,48
sign_test_cel0.7,chunk_6,81,MC,5.823346443474293,48
sign_test_cel0.7,chunk_6,81,cosine_similarity,-0.399614006280899,48
sign_test_cel0.7,chunk_6,81,wt_mean,-0.00182042492087925,48
sign_test_cel0.7,chunk_6,82,GR,11.413462057709694,48
sign_test_cel0.7,chunk_6,82,IPC,9.009651155521473,48
sign_test_cel0.7,chunk_6,82,KR,5.956070293982823,48
sign_test_cel0.7,chunk_6,82,MC,6.456401978929837,48
sign_test_cel0.7,chunk_6,82,cosine_similarity,-0.39961390942335123,48
sign_test_cel0.7,chunk_6,82,wt_mean,-0.0019436422735452502,48
sign_test_cel0.7,chunk_6,83,GR,10.366027817130089,48
sign_test_cel0.7,chunk_6,83,IPC,8.3308513648808,48
sign_test_cel0.7,chunk_6,83,KR,5.417804131905238,48
sign_test_cel0.7,chunk_6,83,MC,5.647484295070171,48
sign_test_cel0.7,chunk_6,83,cosine_similarity,-0.399613931775093,48
sign_test_cel0.7,chunk_6,83,wt_mean,-0.00179835961898785,48
sign_test_cel0.7,chunk_6,84,GR,12.364472717046738,48
sign_test_cel0.7,chunk_6,84,IPC,9.347397138675055,48
sign_test_cel0.7,chunk_6,84,KR,6.416373213132222,48
sign_test_cel0.7,chunk_6,84,MC,6.450646057724953,48
sign_test_cel0.7,chunk_6,84,cosine_similarity,-0.3996140286326408,48
sign_test_cel0.7,chunk_6,84,wt_mean,-0.0020997649116907,48
sign_test_cel0.7,chunk_6,85,GR,10.307496483127276,48
sign_test_cel0.7,chunk_6,85,IPC,9.241574000567198,48
sign_test_cel0.7,chunk_6,85,KR,5.5320689380168915,48
sign_test_cel0.7,chunk_6,85,MC,6.0478314111630125,48
sign_test_cel0.7,chunk_6,85,cosine_similarity,-0.399613969027996,48
sign_test_cel0.7,chunk_6,85,wt_mean,-0.0018943619506899,48
sign_test_cel0.7,chunk_6,86,GR,12.893129661679268,48
sign_test_cel0.7,chunk_6,86,IPC,9.660037980725368,48
sign_test_cel0.7,chunk_6,86,KR,6.780401845773061,48
sign_test_cel0.7,chunk_6,86,MC,6.870856409271558,48
sign_test_cel0.7,chunk_6,86,cosine_similarity,-0.39961399137973785,48
sign_test_cel0.7,chunk_6,86,wt_mean,-0.002045339118922075,48
sign_test_cel0.7,chunk_6,87,GR,12.685147603352865,48
sign_test_cel0.7,chunk_6,87,IPC,8.263186182826757,48
sign_test_cel0.7,chunk_6,87,KR,6.473379701375961,48
sign_test_cel0.7,chunk_6,87,MC,6.2174461632966995,48
sign_test_cel0.7,chunk_6,87,cosine_similarity,-0.39961385726928705,48
sign_test_cel0.7,chunk_6,87,wt_mean,-0.001993031823076225,48
sign_test_cel0.7,chunk_6,88,GR,11.367329905430475,48
sign_test_cel0.7,chunk_6,88,IPC,7.9395330262680845,48
sign_test_cel0.7,chunk_6,88,KR,5.989294831951459,48
sign_test_cel0.7,chunk_6,88,MC,6.352772168815136,48
sign_test_cel0.7,chunk_6,88,cosine_similarity,-0.3996139392256736,48
sign_test_cel0.7,chunk_6,88,wt_mean,-0.0020352230058051,48
sign_test_cel0.7,chunk_6,89,GR,10.196440870563189,48
sign_test_cel0.7,chunk_6,89,IPC,8.97926759471496,48
sign_test_cel0.7,chunk_6,89,KR,5.447161917885144,48
sign_test_cel0.7,chunk_6,89,MC,6.311394641796748,48
sign_test_cel0.7,chunk_6,89,cosine_similarity,-0.3996139615774154,48
sign_test_cel0.7,chunk_6,89,wt_mean,-0.0019097047625109,48
sign_test_cel0.7,chunk_6,90,GR,9.07593746483326,48
sign_test_cel0.7,chunk_6,90,IPC,8.094948728879293,48
sign_test_cel0.7,chunk_6,90,KR,4.948681240280469,48
sign_test_cel0.7,chunk_6,90,MC,5.59072254349788,48
sign_test_cel0.7,chunk_6,90,cosine_similarity,-0.39961405098438263,48
sign_test_cel0.7,chunk_6,90,wt_mean,-0.001704267866443775,48
sign_test_cel0.7,chunk_7,100,GR,12.531589234868685,48
sign_test_cel0.7,chunk_7,100,IPC,9.57492850596706,48
sign_test_cel0.7,chunk_7,100,KR,6.648418913284938,48
sign_test_cel0.7,chunk_7,100,MC,6.56739467382431,48
sign_test_cel0.7,chunk_7,100,cosine_similarity,-0.3996140211820602,48
sign_test_cel0.7,chunk_7,100,wt_mean,-0.001990727410884525,48
sign_test_cel0.7,chunk_7,101,GR,19.986457914114,48
sign_test_cel0.7,chunk_7,101,IPC,9.066941853612661,48
sign_test_cel0.7,chunk_7,101,KR,9.993879129489263,48
sign_test_cel0.7,chunk_7,101,MC,6.83915277197957,48
sign_test_cel0.7,chunk_7,101,cosine_similarity,-0.39961388707160944,48
sign_test_cel0.7,chunk_7,101,wt_mean,-0.00250473583582785,48
sign_test_cel0.7,chunk_7,102,GR,12.539651210109392,48
sign_test_cel0.7,chunk_7,102,IPC,9.198412094265223,48
sign_test_cel0.7,chunk_7,102,KR,6.273709764083226,48
sign_test_cel0.7,chunk_7,102,MC,6.478488571941853,48
sign_test_cel0.7,chunk_7,102,cosine_similarity,-0.3996140360832214,48
sign_test_cel0.7,chunk_7,102,wt_mean,-0.0020674107363447248,48
sign_test_cel0.7,chunk_7,103,GR,11.74309237798055,48
sign_test_cel0.7,chunk_7,103,IPC,8.739160363872847,48
sign_test_cel0.7,chunk_7,103,KR,5.897016003727913,48
sign_test_cel0.7,chunk_7,103,MC,5.726658662160237,48
sign_test_cel0.7,chunk_7,103,cosine_similarity,-0.39961390197277064,48
sign_test_cel0.7,chunk_7,103,wt_mean,-0.001947499316884125,48
sign_test_cel0.7,chunk_7,91,GR,8.93920350074768,48
sign_test_cel0.7,chunk_7,91,IPC,8.786643127600351,48
sign_test_cel0.7,chunk_7,91,KR,4.890451317032178,48
sign_test_cel0.7,chunk_7,91,MC,6.133681058883667,48
sign_test_cel0.7,chunk_7,91,cosine_similarity,-0.3996140137314796,48
sign_test_cel0.7,chunk_7,91,wt_mean,-0.0017166713951154752,48
sign_test_cel0.7,chunk_7,92,GR,12.688639332850775,48
sign_test_cel0.7,chunk_7,92,IPC,9.306537004808584,48
sign_test_cel0.7,chunk_7,92,KR,6.735541780789693,48
sign_test_cel0.7,chunk_7,92,MC,6.330759435892105,48
sign_test_cel0.7,chunk_7,92,cosine_similarity,-0.39961399137973785,48
sign_test_cel0.7,chunk_7,92,wt_mean,-0.0019627307483460247,48
sign_test_cel0.7,chunk_7,93,GR,9.925074900190035,48
sign_test_cel0.7,chunk_7,93,IPC,8.609664152065912,48
sign_test_cel0.7,chunk_7,93,KR,5.1982018649578094,48
sign_test_cel0.7,chunk_7,93,MC,5.705444648861885,48
sign_test_cel0.7,chunk_7,93,cosine_similarity,-0.3996139764785766,48
sign_test_cel0.7,chunk_7,93,wt_mean,-0.0017348568653687499,48
sign_test_cel0.7,chunk_7,94,GR,10.723130121827126,48
sign_test_cel0.7,chunk_7,94,IPC,9.129335389782986,48
sign_test_cel0.7,chunk_7,94,KR,5.904921179016431,48
sign_test_cel0.7,chunk_7,94,MC,6.458158448338509,48
sign_test_cel0.7,chunk_7,94,cosine_similarity,-0.39961387962102884,48
sign_test_cel0.7,chunk_7,94,wt_mean,-0.00196373375365505,48
sign_test_cel0.7,chunk_7,95,GR,11.293999940156937,48
sign_test_cel0.7,chunk_7,95,IPC,8.593249591688314,48
sign_test_cel0.7,chunk_7,95,KR,6.004795745015144,48
sign_test_cel0.7,chunk_7,95,MC,6.125948081413905,48
sign_test_cel0.7,chunk_7,95,cosine_similarity,-0.39961404353380203,48
sign_test_cel0.7,chunk_7,95,wt_mean,-0.0019037234596907752,48
sign_test_cel0.7,chunk_7,96,GR,7.746137256423633,48
sign_test_cel0.7,chunk_7,96,IPC,7.787479152282079,48
sign_test_cel0.7,chunk_7,96,KR,4.343149232367675,48
sign_test_cel0.7,chunk_7,96,MC,5.711450745662053,48
sign_test_cel0.7,chunk_7,96,cosine_similarity,-0.39961390942335123,48
sign_test_cel0.7,chunk_7,96,wt_mean,-0.0016576118941884,48
sign_test_cel0.7,chunk_7,97,GR,16.032700295249622,48
sign_test_cel0.7,chunk_7,97,IPC,9.046442277729511,48
sign_test_cel0.7,chunk_7,97,KR,8.334078912933668,48
sign_test_cel0.7,chunk_7,97,MC,6.576973915100098,48
sign_test_cel0.7,chunk_7,97,cosine_similarity,-0.39961398392915726,48
sign_test_cel0.7,chunk_7,97,wt_mean,-0.00213885956327425,48
sign_test_cel0.7,chunk_7,98,GR,9.821981136997541,48
sign_test_cel0.7,chunk_7,98,IPC,8.3801025574406,48
sign_test_cel0.7,chunk_7,98,KR,5.192695274949074,48
sign_test_cel0.7,chunk_7,98,MC,6.12491013109684,48
sign_test_cel0.7,chunk_7,98,cosine_similarity,-0.39961390197277064,48
sign_test_cel0.7,chunk_7,98,wt_mean,-0.00185559719102455,48
sign_test_cel0.7,chunk_7,99,GR,16.615329588452976,48
sign_test_cel0.7,chunk_7,99,IPC,8.519769652436176,48
sign_test_cel0.7,chunk_7,99,KR,8.336090197165808,48
sign_test_cel0.7,chunk_7,99,MC,6.379186436533928,48
sign_test_cel0.7,chunk_7,99,cosine_similarity,-0.39961388707160944,48
sign_test_cel0.7,chunk_7,99,wt_mean,-0.0022596261696889498,48
sign_test_cel0.7,chunk_8,104,GR,12.094468250870705,48
sign_test_cel0.7,chunk_8,104,IPC,7.834293843557437,48
sign_test_cel0.7,chunk_8,104,KR,6.376896729071935,48
sign_test_cel0.7,chunk_8,104,MC,5.871164381504059,48
sign_test_cel0.7,chunk_8,104,cosine_similarity,-0.3996139541268348,48
sign_test_cel0.7,chunk_8,104,wt_mean,-0.00193541208864185,48
sign_test_cel0.7,chunk_8,105,GR,7.267498664557934,48
sign_test_cel0.7,chunk_8,105,IPC,8.555991109460592,48
sign_test_cel0.7,chunk_8,105,KR,4.141433065136273,48
sign_test_cel0.7,chunk_8,105,MC,5.9466286053260164,48
sign_test_cel0.7,chunk_8,105,cosine_similarity,-0.39961398392915726,48
sign_test_cel0.7,chunk_8,105,wt_mean,-0.0015192737919278,48
sign_test_cel0.7,chunk_8,106,GR,12.325508117675781,48
sign_test_cel0.7,chunk_8,106,IPC,8.915187306702137,48
sign_test_cel0.7,chunk_8,106,KR,6.3963427891333895,48
sign_test_cel0.7,chunk_8,106,MC,6.371862431367238,48
sign_test_cel0.7,chunk_8,106,cosine_similarity,-0.3996139615774154,48
sign_test_cel0.7,chunk_8,106,wt_mean,-0.00201605571783145,48
sign_test_cel0.7,chunk_8,107,GR,11.804481590787569,48
sign_test_cel0.7,chunk_8,107,IPC,8.828654053310553,48
sign_test_cel0.7,chunk_8,107,KR,5.74376617372036,48
sign_test_cel0.7,chunk_8,107,MC,5.7218857035040855,48
sign_test_cel0.7,chunk_8,107,cosine_similarity,-0.3996140137314796,48
sign_test_cel0.7,chunk_8,107,wt_mean,-0.00197594231576655,48
sign_test_cel0.7,chunk_8,108,GR,13.172246858477592,48
sign_test_cel0.7,chunk_8,108,IPC,9.472772510101398,48
sign_test_cel0.7,chunk_8,108,KR,6.677968040108681,48
sign_test_cel0.7,chunk_8,108,MC,6.563931713501613,48
sign_test_cel0.7,chunk_8,108,cosine_similarity,-0.3996139466762542,48
sign_test_cel0.7,chunk_8,108,wt_mean,-0.0020733429992105252,48
sign_test_cel0.7,chunk_8,109,GR,16.531211152672768,48
sign_test_cel0.7,chunk_8,109,IPC,8.658312687029442,48
sign_test_cel0.7,chunk_8,109,KR,8.367190192143122,48
sign_test_cel0.7,chunk_8,109,MC,6.355431377887726,48
sign_test_cel0.7,chunk_8,109,cosine_similarity,-0.3996140137314796,48
sign_test_cel0.7,chunk_8,109,wt_mean,-0.0021578293526544503,48
sign_test_cel0.7,chunk_8,110,GR,9.187466512123743,48
sign_test_cel0.7,chunk_8,110,IPC,8.47538255279263,48
sign_test_cel0.7,chunk_8,110,KR,4.941682343681653,48
sign_test_cel0.7,chunk_8,110,MC,5.835622362792492,48
sign_test_cel0.7,chunk_8,110,cosine_similarity,-0.399613969027996,48
sign_test_cel0.7,chunk_8,110,wt_mean,-0.0018188253743573748,48
sign_test_cel0.7,chunk_8,111,GR,9.618747264146805,48
sign_test_cel0.7,chunk_8,111,IPC,8.372809818635384,48
sign_test_cel0.7,chunk_8,111,KR,5.106101671854655,48
sign_test_cel0.7,chunk_8,111,MC,5.932109634081523,48
sign_test_cel0.7,chunk_8,111,cosine_similarity,-0.3996140137314796,48
sign_test_cel0.7,chunk_8,111,wt_mean,-0.0019169205334036998,48
sign_test_cel0.7,chunk_8,112,GR,17.43621067206065,48
sign_test_cel0.7,chunk_8,112,IPC,9.606028944253922,48
sign_test_cel0.7,chunk_8,112,KR,9.495101322730383,48
sign_test_cel0.7,chunk_8,112,MC,7.140387753645579,48
sign_test_cel0.7,chunk_8,112,cosine_similarity,-0.399613931775093,48
sign_test_cel0.7,chunk_8,112,wt_mean,-0.002318041340913575,48
sign_test_cel0.7,chunk_8,113,GR,9.364565124114355,48
sign_test_cel0.7,chunk_8,113,IPC,8.22814766317606,48
sign_test_cel0.7,chunk_8,113,KR,5.105080862840016,48
sign_test_cel0.7,chunk_8,113,MC,5.766020625829697,48
sign_test_cel0.7,chunk_8,113,cosine_similarity,-0.399613969027996,48
sign_test_cel0.7,chunk_8,113,wt_mean,-0.001783697371138225,48
sign_test_cel0.7,chunk_8,114,GR,12.04199486474196,48
sign_test_cel0.7,chunk_8,114,IPC,9.041709093997875,48
sign_test_cel0.7,chunk_8,114,KR,6.184525812665622,48
sign_test_cel0.7,chunk_8,114,MC,6.426655518511931,48
sign_test_cel0.7,chunk_8,114,cosine_similarity,-0.3996139615774154,48
sign_test_cel0.7,chunk_8,114,wt_mean,-0.0019458727037999501,48
sign_test_cel0.7,chunk_8,115,GR,10.074210837483406,48
sign_test_cel0.7,chunk_8,115,IPC,9.131005179136992,48
sign_test_cel0.7,chunk_8,115,KR,5.269435033202171,48
sign_test_cel0.7,chunk_8,115,MC,6.335453237096469,48
sign_test_cel0.7,chunk_8,115,cosine_similarity,-0.39961400628089905,48
sign_test_cel0.7,chunk_8,115,wt_mean,-0.00188641782733605,48
sign_test_cel0.7,chunk_8,116,GR,12.330539857347807,48
sign_test_cel0.7,chunk_8,116,IPC,8.670527740071217,48
sign_test_cel0.7,chunk_8,116,KR,6.386744191249211,48
sign_test_cel0.7,chunk_8,116,MC,6.180831864476204,48
sign_test_cel0.7,chunk_8,116,cosine_similarity,-0.3996139466762542,48
sign_test_cel0.7,chunk_8,116,wt_mean,-0.001888102939119525,48
sign_test_cel0.7,chunk_9,117,GR,10.634768535693487,48
sign_test_cel0.7,chunk_9,117,IPC,8.993192245562872,48
sign_test_cel0.7,chunk_9,117,KR,5.748366738359134,48
sign_test_cel0.7,chunk_9,117,MC,6.164657533168793,48
sign_test_cel0.7,chunk_9,117,cosine_similarity,-0.39961387962102884,48
sign_test_cel0.7,chunk_9,117,wt_mean,-0.001904007367556875,48
sign_test_cel0.7,chunk_9,118,GR,11.769385809699694,48
sign_test_cel0.7,chunk_9,118,IPC,7.963042660305898,48
sign_test_cel0.7,chunk_9,118,KR,5.984532718857129,48
sign_test_cel0.7,chunk_9,118,MC,5.7234539811809855,48
sign_test_cel0.7,chunk_9,118,cosine_similarity,-0.399614006280899,48
sign_test_cel0.7,chunk_9,118,wt_mean,-0.0018567466177046002,48
sign_test_cel0.7,chunk_9,119,GR,8.504079644878706,48
sign_test_cel0.7,chunk_9,119,IPC,8.234551213681698,48
sign_test_cel0.7,chunk_9,119,KR,4.607534455756347,48
sign_test_cel0.7,chunk_9,119,MC,5.741402904192607,48
sign_test_cel0.7,chunk_9,119,cosine_similarity,-0.39961397647857666,48
sign_test_cel0.7,chunk_9,119,wt_mean,-0.001643792667891775,48
sign_test_cel0.7,chunk_9,120,GR,10.169988637169203,48
sign_test_cel0.7,chunk_9,120,IPC,9.092057281484207,48
sign_test_cel0.7,chunk_9,120,KR,5.706105207403501,48
sign_test_cel0.7,chunk_9,120,MC,6.3147580573956175,48
sign_test_cel0.7,chunk_9,120,cosine_similarity,-0.3996140286326408,48
sign_test_cel0.7,chunk_9,120,wt_mean,-0.00189759349450465,48
sign_test_cel0.7,chunk_9,121,GR,10.733101064960161,48
sign_test_cel0.7,chunk_9,121,IPC,9.97060034548243,48
sign_test_cel0.7,chunk_9,121,KR,5.726761008302371,48
sign_test_cel0.7,chunk_9,121,MC,6.939045419295629,48
sign_test_cel0.7,chunk_9,121,cosine_similarity,-0.3996140286326408,48
sign_test_cel0.7,chunk_9,121,wt_mean,-0.0019631865434347998,48
sign_test_cel0.7,chunk_9,122,GR,11.706255321701368,48
sign_test_cel0.7,chunk_9,122,IPC,9.800278943032026,48
sign_test_cel0.7,chunk_9,122,KR,5.928670883178711,48
sign_test_cel0.7,chunk_9,122,MC,6.316297690073649,48
sign_test_cel0.7,chunk_9,122,cosine_similarity,-0.39961390197277064,48
sign_test_cel0.7,chunk_9,122,wt_mean,-0.00203103758394715,48
sign_test_cel0.7,chunk_9,123,GR,11.139851043621698,48
sign_test_cel0.7,chunk_9,123,IPC,7.417100285490354,48
sign_test_cel0.7,chunk_9,123,KR,5.69085477789243,48
sign_test_cel0.7,chunk_9,123,MC,5.654270768165588,48
sign_test_cel0.7,chunk_9,123,cosine_similarity,-0.399613931775093,48
sign_test_cel0.7,chunk_9,123,wt_mean,-0.0019752641965168753,48
sign_test_cel0.7,chunk_9,124,GR,9.526207894086838,48
sign_test_cel0.7,chunk_9,124,IPC,8.152621752272049,48
sign_test_cel0.7,chunk_9,124,KR,5.139311571915944,48
sign_test_cel0.7,chunk_9,124,MC,5.873122528195381,48
sign_test_cel0.7,chunk_9,124,cosine_similarity,-0.399614006280899,48
sign_test_cel0.7,chunk_9,124,wt_mean,-0.001901945564895825,48
sign_test_cel0.7,chunk_9,125,GR,11.91318312784036,48
sign_test_cel0.7,chunk_9,125,IPC,8.618515751014153,48
sign_test_cel0.7,chunk_9,125,KR,6.13748474419117,48
sign_test_cel0.7,chunk_9,125,MC,6.027304098010063,48
sign_test_cel0.7,chunk_9,125,cosine_similarity,-0.39961398392915726,48
sign_test_cel0.7,chunk_9,125,wt_mean,-0.001872426189947825,48
sign_test_cel0.7,chunk_9,126,GR,10.65435998638471,48
sign_test_cel0.7,chunk_9,126,IPC,8.61476343870163,48
sign_test_cel0.7,chunk_9,126,KR,5.615297824144363,48
sign_test_cel0.7,chunk_9,126,MC,6.1192138741413755,48
sign_test_cel0.7,chunk_9,126,cosine_similarity,-0.399613931775093,48
sign_test_cel0.7,chunk_9,126,wt_mean,-0.0018560588941908748,48
sign_test_cel0.7,chunk_9,127,GR,15.841820110877356,48
sign_test_cel0.7,chunk_9,127,IPC,9.246014518042406,48
sign_test_cel0.7,chunk_9,127,KR,7.638461783528328,48
sign_test_cel0.7,chunk_9,127,MC,6.882244512438774,48
sign_test_cel0.7,chunk_9,127,cosine_similarity,-0.3996139615774154,48
sign_test_cel0.7,chunk_9,127,wt_mean,-0.0022005932114552,48
sign_test_cel0.7,chunk_9,128,GR,10.360053986310959,48
sign_test_cel0.7,chunk_9,128,IPC,8.490661516785622,48
sign_test_cel0.7,chunk_9,128,KR,5.462585349877675,48
sign_test_cel0.7,chunk_9,128,MC,6.295893763502439,48
sign_test_cel0.7,chunk_9,128,cosine_similarity,-0.3996139466762542,48
sign_test_cel0.7,chunk_9,128,wt_mean,-0.001860147400293475,48
sign_test_cel0.7,chunk_9,129,GR,9.239980344971022,48
sign_test_cel0.7,chunk_9,129,IPC,7.569254652907451,48
sign_test_cel0.7,chunk_9,129,KR,4.8032108669479685,48
sign_test_cel0.7,chunk_9,129,MC,5.573227619131406,48
sign_test_cel0.7,chunk_9,129,cosine_similarity,-0.399614006280899,48
sign_test_cel0.7,chunk_9,129,wt_mean,-0.0017594047239981,48
sign_test_cel0.8,chunk_0,0,GR,4.940067857503891,48
sign_test_cel0.8,chunk_0,0,IPC,7.303170543164015,48
sign_test_cel0.8,chunk_0,0,KR,3.1991396148999534,48
sign_test_cel0.8,chunk_0,0,MC,4.982859596610069,48
sign_test_cel0.8,chunk_0,0,cosine_similarity,-0.5997428894042969,48
sign_test_cel0.8,chunk_0,0,wt_mean,-0.00180170004023235,48
sign_test_cel0.8,chunk_0,1,GR,6.519126916925113,48
sign_test_cel0.8,chunk_0,1,IPC,7.420651466896136,48
sign_test_cel0.8,chunk_0,1,KR,3.74357441564401,48
sign_test_cel0.8,chunk_0,1,MC,5.256099184354146,48
sign_test_cel0.8,chunk_0,1,cosine_similarity,-0.599742591381073,48
sign_test_cel0.8,chunk_0,1,wt_mean,-0.00207074958598235,48
sign_test_cel0.8,chunk_0,10,GR,6.2357989847660065,48
sign_test_cel0.8,chunk_0,10,IPC,7.301819254954656,48
sign_test_cel0.8,chunk_0,10,KR,3.6757752721508345,48
sign_test_cel0.8,chunk_0,10,MC,4.861638456583023,48
sign_test_cel0.8,chunk_0,10,cosine_similarity,-0.5997427552938461,48
sign_test_cel0.8,chunk_0,10,wt_mean,-0.00208064031903625,48
sign_test_cel0.8,chunk_0,11,GR,6.036587081849575,48
sign_test_cel0.8,chunk_0,11,IPC,6.775027420371771,48
sign_test_cel0.8,chunk_0,11,KR,3.490105852484703,48
sign_test_cel0.8,chunk_0,11,MC,4.822857571144898,48
sign_test_cel0.8,chunk_0,11,cosine_similarity,-0.5997426211833954,48
sign_test_cel0.8,chunk_0,11,wt_mean,-0.001954155566636425,48
sign_test_cel0.8,chunk_0,12,GR,5.66458464662234,48
sign_test_cel0.8,chunk_0,12,IPC,8.006570844600597,48
sign_test_cel0.8,chunk_0,12,KR,3.575810839732488,48
sign_test_cel0.8,chunk_0,12,MC,5.775088379780452,48
sign_test_cel0.8,chunk_0,12,cosine_similarity,-0.5997427254915237,48
sign_test_cel0.8,chunk_0,12,wt_mean,-0.002115160954417625,48
sign_test_cel0.8,chunk_0,2,GR,5.9604222625494,48
sign_test_cel0.8,chunk_0,2,IPC,7.232454081376393,48
sign_test_cel0.8,chunk_0,2,KR,3.3256329322854676,48
sign_test_cel0.8,chunk_0,2,MC,4.735260245700677,48
sign_test_cel0.8,chunk_0,2,cosine_similarity,-0.5997427552938461,48
sign_test_cel0.8,chunk_0,2,wt_mean,-0.0019191601604688251,48
sign_test_cel0.8,chunk_0,3,GR,6.190606047709783,48
sign_test_cel0.8,chunk_0,3,IPC,7.445675371835629,48
sign_test_cel0.8,chunk_0,3,KR,3.6445961371064186,48
sign_test_cel0.8,chunk_0,3,MC,4.79009547829628,48
sign_test_cel0.8,chunk_0,3,cosine_similarity,-0.5997427701950073,48
sign_test_cel0.8,chunk_0,3,wt_mean,-0.0019245964067522,48
sign_test_cel0.8,chunk_0,4,GR,5.835788677136104,48
sign_test_cel0.8,chunk_0,4,IPC,7.447964251041412,48
sign_test_cel0.8,chunk_0,4,KR,3.455937142173449,48
sign_test_cel0.8,chunk_0,4,MC,5.391957826912403,48
sign_test_cel0.8,chunk_0,4,cosine_similarity,-0.5997427999973297,48
sign_test_cel0.8,chunk_0,4,wt_mean,-0.0019344449683557751,48
sign_test_cel0.8,chunk_0,5,GR,5.883117097119491,48
sign_test_cel0.8,chunk_0,5,IPC,7.1038864987591905,48
sign_test_cel0.8,chunk_0,5,KR,3.475802098711332,48
sign_test_cel0.8,chunk_0,5,MC,4.858944691717625,48
sign_test_cel0.8,chunk_0,5,cosine_similarity,-0.5997426360845566,48
sign_test_cel0.8,chunk_0,5,wt_mean,-0.001890333573101025,48
sign_test_cel0.8,chunk_0,6,GR,6.522185084720452,48
sign_test_cel0.8,chunk_0,6,IPC,7.228351021806399,48
sign_test_cel0.8,chunk_0,6,KR,3.6214329650004706,48
sign_test_cel0.8,chunk_0,6,MC,4.744634593526523,48
sign_test_cel0.8,chunk_0,6,cosine_similarity,-0.599742665886879,48
sign_test_cel0.8,chunk_0,6,wt_mean,-0.0020319920149631247,48
sign_test_cel0.8,chunk_0,7,GR,6.300228337446849,48
sign_test_cel0.8,chunk_0,7,IPC,6.93121463060379,48
sign_test_cel0.8,chunk_0,7,KR,3.60360948741436,48
sign_test_cel0.8,chunk_0,7,MC,4.790354385972023,48
sign_test_cel0.8,chunk_0,7,cosine_similarity,-0.5997424870729446,48
sign_test_cel0.8,chunk_0,7,wt_mean,-0.0019372188544366,48
sign_test_cel0.8,chunk_0,8,GR,7.133096605539322,48
sign_test_cel0.8,chunk_0,8,IPC,7.424886004378398,48
sign_test_cel0.8,chunk_0,8,KR,4.037941205004851,48
sign_test_cel0.8,chunk_0,8,MC,4.969604377945264,48
sign_test_cel0.8,chunk_0,8,cosine_similarity,-0.5997428297996521,48
sign_test_cel0.8,chunk_0,8,wt_mean,-0.0020962663402314748,48
sign_test_cel0.8,chunk_0,9,GR,6.778671021262805,48
sign_test_cel0.8,chunk_0,9,IPC,6.3248191339274245,48
sign_test_cel0.8,chunk_0,9,KR,3.7934126605590186,48
sign_test_cel0.8,chunk_0,9,MC,4.742963269352913,48
sign_test_cel0.8,chunk_0,9,cosine_similarity,-0.5997426509857178,48
sign_test_cel0.8,chunk_0,9,wt_mean,-0.001869579398771675,48
sign_test_cel0.8,chunk_1,13,GR,6.283239247898261,48
sign_test_cel0.8,chunk_1,13,IPC,8.106558848172426,48
sign_test_cel0.8,chunk_1,13,KR,3.5798597087462745,48
sign_test_cel0.8,chunk_1,13,MC,5.504265030225118,48
sign_test_cel0.8,chunk_1,13,cosine_similarity,-0.5997426360845566,48
sign_test_cel0.8,chunk_1,13,wt_mean,-0.00199300475651395,48
sign_test_cel0.8,chunk_1,14,GR,6.086481203635533,48
sign_test_cel0.8,chunk_1,14,IPC,6.961252032468717,48
sign_test_cel0.8,chunk_1,14,KR,3.5267957175771394,48
sign_test_cel0.8,chunk_1,14,MC,4.97361949334542,48
sign_test_cel0.8,chunk_1,14,cosine_similarity,-0.5997428297996521,48
sign_test_cel0.8,chunk_1,14,wt_mean,-0.0019202220428269,48
sign_test_cel0.8,chunk_1,15,GR,6.439955418308576,48
sign_test_cel0.8,chunk_1,15,IPC,7.394085496664047,48
sign_test_cel0.8,chunk_1,15,KR,3.742279037833214,48
sign_test_cel0.8,chunk_1,15,MC,5.252791891495387,48
sign_test_cel0.8,chunk_1,15,cosine_similarity,-0.5997426807880402,48
sign_test_cel0.8,chunk_1,15,wt_mean,-0.0019483896030578248,48
sign_test_cel0.8,chunk_1,16,GR,6.802116632461548,48
sign_test_cel0.8,chunk_1,16,IPC,7.522352027396361,48
sign_test_cel0.8,chunk_1,16,KR,4.0073564276099205,48
sign_test_cel0.8,chunk_1,16,MC,5.087987194458644,48
sign_test_cel0.8,chunk_1,16,cosine_similarity,-0.5997429043054581,48
sign_test_cel0.8,chunk_1,16,wt_mean,-0.002026617643423325,48
sign_test_cel0.8,chunk_1,17,GR,5.01666846126318,48
sign_test_cel0.8,chunk_1,17,IPC,6.493680986265342,48
sign_test_cel0.8,chunk_1,17,KR,2.9628408749898276,48
sign_test_cel0.8,chunk_1,17,MC,4.411613499124845,48
sign_test_cel0.8,chunk_1,17,cosine_similarity,-0.5997427999973297,48
sign_test_cel0.8,chunk_1,17,wt_mean,-0.00182920269435265,48
sign_test_cel0.8,chunk_1,18,GR,5.485378406941891,48
sign_test_cel0.8,chunk_1,18,IPC,6.261174640307824,48
sign_test_cel0.8,chunk_1,18,KR,3.356793319185575,48
sign_test_cel0.8,chunk_1,18,MC,4.495443628480037,48
sign_test_cel0.8,chunk_1,18,cosine_similarity,-0.5997427403926849,48
sign_test_cel0.8,chunk_1,18,wt_mean,-0.001998932886635825,48
sign_test_cel0.8,chunk_1,19,GR,6.05913582444191,48
sign_test_cel0.8,chunk_1,19,IPC,6.438801976541678,48
sign_test_cel0.8,chunk_1,19,KR,3.4210634728272757,48
sign_test_cel0.8,chunk_1,19,MC,4.470119923353195,48
sign_test_cel0.8,chunk_1,19,cosine_similarity,-0.5997426807880402,48
sign_test_cel0.8,chunk_1,19,wt_mean,-0.0018122215114999,48
sign_test_cel0.8,chunk_1,20,GR,5.736588614682357,48
sign_test_cel0.8,chunk_1,20,IPC,6.667204946279526,48
sign_test_cel0.8,chunk_1,20,KR,3.3256543378035226,48
sign_test_cel0.8,chunk_1,20,MC,4.663044313589732,48
sign_test_cel0.8,chunk_1,20,cosine_similarity,-0.5997429043054581,48
sign_test_cel0.8,chunk_1,20,wt_mean,-0.0018039843416772252,48
sign_test_cel0.8,chunk_1,21,GR,5.1793704728285475,48
sign_test_cel0.8,chunk_1,21,IPC,7.516646998624007,48
sign_test_cel0.8,chunk_1,21,KR,3.180643325050672,48
sign_test_cel0.8,chunk_1,21,MC,5.009923445681731,48
sign_test_cel0.8,chunk_1,21,cosine_similarity,-0.5997426807880402,48
sign_test_cel0.8,chunk_1,21,wt_mean,-0.0019355236727278248,48
sign_test_cel0.8,chunk_1,22,GR,5.496170337001483,48
sign_test_cel0.8,chunk_1,22,IPC,7.454515180240075,48
sign_test_cel0.8,chunk_1,22,KR,3.3786977951725325,48
sign_test_cel0.8,chunk_1,22,MC,4.885609959562619,48
sign_test_cel0.8,chunk_1,22,cosine_similarity,-0.5997426956892014,48
sign_test_cel0.8,chunk_1,22,wt_mean,-0.001961900969035875,48
sign_test_cel0.8,chunk_1,23,GR,6.025198668241501,48
sign_test_cel0.8,chunk_1,23,IPC,7.328246294210355,48
sign_test_cel0.8,chunk_1,23,KR,3.4382355163494744,48
sign_test_cel0.8,chunk_1,23,MC,4.989186609784762,48
sign_test_cel0.8,chunk_1,23,cosine_similarity,-0.5997428148984909,48
sign_test_cel0.8,chunk_1,23,wt_mean,-0.002086889115162175,48
sign_test_cel0.8,chunk_1,24,GR,6.23074534535408,48
sign_test_cel0.8,chunk_1,24,IPC,7.073076204707225,48
sign_test_cel0.8,chunk_1,24,KR,3.7051555439829826,48
sign_test_cel0.8,chunk_1,24,MC,4.787228633960088,48
sign_test_cel0.8,chunk_1,24,cosine_similarity,-0.5997427999973297,48
sign_test_cel0.8,chunk_1,24,wt_mean,-0.00198426484712395,48
sign_test_cel0.8,chunk_1,25,GR,5.554625655213992,48
sign_test_cel0.8,chunk_1,25,IPC,6.930424490322669,48
sign_test_cel0.8,chunk_1,25,KR,3.33990478515625,48
sign_test_cel0.8,chunk_1,25,MC,4.723093902071317,48
sign_test_cel0.8,chunk_1,25,cosine_similarity,-0.5997427403926849,48
sign_test_cel0.8,chunk_1,25,wt_mean,-0.0017978484684135502,48
sign_test_cel0.8,chunk_10,130,GR,7.339190850655238,48
sign_test_cel0.8,chunk_10,130,IPC,7.805070146918297,48
sign_test_cel0.8,chunk_10,130,KR,4.275555019577344,48
sign_test_cel0.8,chunk_10,130,MC,5.481959521770477,48
sign_test_cel0.8,chunk_10,130,cosine_similarity,-0.5997428447008133,48
sign_test_cel0.8,chunk_10,130,wt_mean,-0.002118504431564325,48
sign_test_cel0.8,chunk_10,131,GR,5.584886245429516,48
sign_test_cel0.8,chunk_10,131,IPC,6.889766062299411,48
sign_test_cel0.8,chunk_10,131,KR,3.257436081767082,48
sign_test_cel0.8,chunk_10,131,MC,4.6509924829006195,48
sign_test_cel0.8,chunk_10,131,cosine_similarity,-0.5997427701950073,48
sign_test_cel0.8,chunk_10,131,wt_mean,-0.0018914912943727498,48
sign_test_cel0.8,chunk_10,132,GR,5.359511757890384,48
sign_test_cel0.8,chunk_10,132,IPC,7.058603525161743,48
sign_test_cel0.8,chunk_10,132,KR,3.280591554939747,48
sign_test_cel0.8,chunk_10,132,MC,4.79052537928025,48
sign_test_cel0.8,chunk_10,132,cosine_similarity,-0.5997427701950073,48
sign_test_cel0.8,chunk_10,132,wt_mean,-0.0018583524797577001,48
sign_test_cel0.8,chunk_10,133,GR,6.267195234696071,48
sign_test_cel0.8,chunk_10,133,IPC,7.127869945019484,48
sign_test_cel0.8,chunk_10,133,KR,3.693927377462387,48
sign_test_cel0.8,chunk_10,133,MC,4.808480814099312,48
sign_test_cel0.8,chunk_10,133,cosine_similarity,-0.5997427701950073,48
sign_test_cel0.8,chunk_10,133,wt_mean,-0.001820316567318475,48
sign_test_cel0.8,chunk_10,134,GR,5.960292331874371,48
sign_test_cel0.8,chunk_10,134,IPC,6.758498570571343,48
sign_test_cel0.8,chunk_10,134,KR,3.503770135343075,48
sign_test_cel0.8,chunk_10,134,MC,4.3906160444021225,48
sign_test_cel0.8,chunk_10,134,cosine_similarity,-0.5997428894042969,48
sign_test_cel0.8,chunk_10,134,wt_mean,-0.0018642686773091,48
sign_test_cel0.8,chunk_10,135,GR,6.172192354996999,48
sign_test_cel0.8,chunk_10,135,IPC,7.469307503352563,48
sign_test_cel0.8,chunk_10,135,KR,3.532860721151034,48
sign_test_cel0.8,chunk_10,135,MC,4.896216909090678,48
sign_test_cel0.8,chunk_10,135,cosine_similarity,-0.5997427254915237,48
sign_test_cel0.8,chunk_10,135,wt_mean,-0.00211906875483685,48
sign_test_cel0.8,chunk_10,136,GR,6.604803055524826,48
sign_test_cel0.8,chunk_10,136,IPC,7.105513274669647,48
sign_test_cel0.8,chunk_10,136,KR,3.7452288568019867,48
sign_test_cel0.8,chunk_10,136,MC,4.896409434576829,48
sign_test_cel0.8,chunk_10,136,cosine_similarity,-0.5997427403926849,48
sign_test_cel0.8,chunk_10,136,wt_mean,-0.00202114274725315,48
sign_test_cel0.8,chunk_10,137,GR,6.648864162464936,48
sign_test_cel0.8,chunk_10,137,IPC,7.8765793939431505,48
sign_test_cel0.8,chunk_10,137,KR,3.8464777717987695,48
sign_test_cel0.8,chunk_10,137,MC,5.497820218404134,48
sign_test_cel0.8,chunk_10,137,cosine_similarity,-0.5997428894042969,48
sign_test_cel0.8,chunk_10,137,wt_mean,-0.0020577634859364,48
sign_test_cel0.8,chunk_10,138,GR,6.6070007507999735,48
sign_test_cel0.8,chunk_10,138,IPC,7.105853412300348,48
sign_test_cel0.8,chunk_10,138,KR,3.8977842877308526,48
sign_test_cel0.8,chunk_10,138,MC,5.240270122885704,48
sign_test_cel0.8,chunk_10,138,cosine_similarity,-0.5997427999973297,48
sign_test_cel0.8,chunk_10,138,wt_mean,-0.001999557978706375,48
sign_test_cel0.8,chunk_10,139,GR,5.647841778894265,48
sign_test_cel0.8,chunk_10,139,IPC,6.064760280152162,48
sign_test_cel0.8,chunk_10,139,KR,3.4049951061606407,48
sign_test_cel0.8,chunk_10,139,MC,4.246806321044763,48
sign_test_cel0.8,chunk_10,139,cosine_similarity,-0.5997427999973297,48
sign_test_cel0.8,chunk_10,139,wt_mean,-0.0018135595018975,48
sign_test_cel0.8,chunk_10,140,GR,6.562449850142002,48
sign_test_cel0.8,chunk_10,140,IPC,6.997507722427447,48
sign_test_cel0.8,chunk_10,140,KR,3.877040535211563,48
sign_test_cel0.8,chunk_10,140,MC,4.763723596930504,48
sign_test_cel0.8,chunk_10,140,cosine_similarity,-0.5997427403926849,48
sign_test_cel0.8,chunk_10,140,wt_mean,-0.001985281793167775,48
sign_test_cel0.8,chunk_10,141,GR,7.580530047416687,48
sign_test_cel0.8,chunk_10,141,IPC,8.492250589032968,48
sign_test_cel0.8,chunk_10,141,KR,4.41844979673624,48
sign_test_cel0.8,chunk_10,141,MC,5.7792758618791895,48
sign_test_cel0.8,chunk_10,141,cosine_similarity,-0.5997427105903625,48
sign_test_cel0.8,chunk_10,141,wt_mean,-0.002260082954307975,48
sign_test_cel0.8,chunk_11,142,GR,5.919487128655116,48
sign_test_cel0.8,chunk_11,142,IPC,7.364387780427933,48
sign_test_cel0.8,chunk_11,142,KR,3.4085166255633035,48
sign_test_cel0.8,chunk_11,142,MC,5.1093266904354095,48
sign_test_cel0.8,chunk_11,142,cosine_similarity,-0.5997427254915237,48
sign_test_cel0.8,chunk_11,142,wt_mean,-0.001936368847964275,48
sign_test_cel0.8,chunk_11,143,GR,6.105205458899339,48
sign_test_cel0.8,chunk_11,143,IPC,7.73744900772969,48
sign_test_cel0.8,chunk_11,143,KR,3.634612979988257,48
sign_test_cel0.8,chunk_11,143,MC,4.749207600951195,48
sign_test_cel0.8,chunk_11,143,cosine_similarity,-0.5997426956892014,48
sign_test_cel0.8,chunk_11,143,wt_mean,-0.001991091412492025,48
sign_test_cel0.8,chunk_11,144,GR,5.354231645663579,48
sign_test_cel0.8,chunk_11,144,IPC,7.179641680171092,48
sign_test_cel0.8,chunk_11,144,KR,3.159236860771974,48
sign_test_cel0.8,chunk_11,144,MC,4.905209797124068,48
sign_test_cel0.8,chunk_11,144,cosine_similarity,-0.5997427850961685,48
sign_test_cel0.8,chunk_11,144,wt_mean,-0.00182545566349285,48
sign_test_cel0.8,chunk_11,145,GR,5.531240276992321,48
sign_test_cel0.8,chunk_11,145,IPC,6.780526136358579,48
sign_test_cel0.8,chunk_11,145,KR,3.2327078878879547,48
sign_test_cel0.8,chunk_11,145,MC,4.531480615337689,48
sign_test_cel0.8,chunk_11,145,cosine_similarity,-0.5997427701950073,48
sign_test_cel0.8,chunk_11,145,wt_mean,-0.0019264116999692749,48
sign_test_cel0.8,chunk_11,146,GR,5.3986291115482645,48
sign_test_cel0.8,chunk_11,146,IPC,6.9669524903098745,48
sign_test_cel0.8,chunk_11,146,KR,3.226935995121797,48
sign_test_cel0.8,chunk_11,146,MC,4.685649799803893,48
sign_test_cel0.8,chunk_11,146,cosine_similarity,-0.5997427254915237,48
sign_test_cel0.8,chunk_11,146,wt_mean,-0.001940398331498675,48
sign_test_cel0.8,chunk_11,147,GR,6.211911628643672,48
sign_test_cel0.8,chunk_11,147,IPC,7.380156657348077,48
sign_test_cel0.8,chunk_11,147,KR,3.700859323143959,48
sign_test_cel0.8,chunk_11,147,MC,5.199650277694066,48
sign_test_cel0.8,chunk_11,147,cosine_similarity,-0.5997427552938461,48
sign_test_cel0.8,chunk_11,147,wt_mean,-0.001963738672202425,48
sign_test_cel0.8,chunk_11,148,GR,5.7650973573327065,48
sign_test_cel0.8,chunk_11,148,IPC,7.228341204424699,48
sign_test_cel0.8,chunk_11,148,KR,3.3327774504820504,48
sign_test_cel0.8,chunk_11,148,MC,4.596268181999524,48
sign_test_cel0.8,chunk_11,148,cosine_similarity,-0.5997427999973297,48
sign_test_cel0.8,chunk_11,148,wt_mean,-0.00188708535279145,48
sign_test_cel0.8,chunk_11,149,GR,5.870821503301461,48
sign_test_cel0.8,chunk_11,149,IPC,7.268357646962007,48
sign_test_cel0.8,chunk_11,149,KR,3.5043635020653405,48
sign_test_cel0.8,chunk_11,149,MC,4.963641539216042,48
sign_test_cel0.8,chunk_11,149,cosine_similarity,-0.5997426509857178,48
sign_test_cel0.8,chunk_11,149,wt_mean,-0.0018262177763971748,48
sign_test_cel0.8,chunk_11,150,GR,6.9391136566797895,48
sign_test_cel0.8,chunk_11,150,IPC,7.136048140625159,48
sign_test_cel0.8,chunk_11,150,KR,3.957549055417379,48
sign_test_cel0.8,chunk_11,150,MC,4.824515258272489,48
sign_test_cel0.8,chunk_11,150,cosine_similarity,-0.5997427403926849,48
sign_test_cel0.8,chunk_11,150,wt_mean,-0.002024284418439425,48
sign_test_cel0.8,chunk_11,151,GR,5.694698974490166,48
sign_test_cel0.8,chunk_11,151,IPC,7.546403735876083,48
sign_test_cel0.8,chunk_11,151,KR,3.330909957488378,48
sign_test_cel0.8,chunk_11,151,MC,4.974994507928689,48
sign_test_cel0.8,chunk_11,151,cosine_similarity,-0.5997426509857178,48
sign_test_cel0.8,chunk_11,151,wt_mean,-0.001891489519039125,48
sign_test_cel0.8,chunk_11,152,GR,5.536369373401006,48
sign_test_cel0.8,chunk_11,152,IPC,6.82079105079174,48
sign_test_cel0.8,chunk_11,152,KR,3.204698920249939,48
sign_test_cel0.8,chunk_11,152,MC,4.382535984118779,48
sign_test_cel0.8,chunk_11,152,cosine_similarity,-0.5997428297996521,48
sign_test_cel0.8,chunk_11,152,wt_mean,-0.001882043492514575,48
sign_test_cel0.8,chunk_11,153,GR,5.547401962180932,48
sign_test_cel0.8,chunk_11,153,IPC,6.670781093339126,48
sign_test_cel0.8,chunk_11,153,KR,3.3093840926885605,48
sign_test_cel0.8,chunk_11,153,MC,4.642746388912201,48
sign_test_cel0.8,chunk_11,153,cosine_similarity,-0.599742591381073,48
sign_test_cel0.8,chunk_11,153,wt_mean,-0.001924803160363775,48
sign_test_cel0.8,chunk_12,154,GR,6.376941504577796,48
sign_test_cel0.8,chunk_12,154,IPC,7.265334516763687,48
sign_test_cel0.8,chunk_12,154,KR,3.5613845959305763,48
sign_test_cel0.8,chunk_12,154,MC,4.882722578942776,48
sign_test_cel0.8,chunk_12,154,cosine_similarity,-0.599742665886879,48
sign_test_cel0.8,chunk_12,154,wt_mean,-0.002030342700891125,48
sign_test_cel0.8,chunk_12,155,GR,5.76810775945584,48
sign_test_cel0.8,chunk_12,155,IPC,7.309230744838715,48
sign_test_cel0.8,chunk_12,155,KR,3.3916543846329055,48
sign_test_cel0.8,chunk_12,155,MC,5.153517941633861,48
sign_test_cel0.8,chunk_12,155,cosine_similarity,-0.5997427701950073,48
sign_test_cel0.8,chunk_12,155,wt_mean,-0.00202122543123545,48
sign_test_cel0.8,chunk_12,156,GR,6.149722578624885,48
sign_test_cel0.8,chunk_12,156,IPC,6.965383719652891,48
sign_test_cel0.8,chunk_12,156,KR,3.633963465690613,48
sign_test_cel0.8,chunk_12,156,MC,4.771714312334855,48
sign_test_cel0.8,chunk_12,156,cosine_similarity,-0.5997428148984909,48
sign_test_cel0.8,chunk_12,156,wt_mean,-0.001909398502903,48
sign_test_cel0.8,chunk_12,157,GR,6.227800538142522,48
sign_test_cel0.8,chunk_12,157,IPC,6.700621582567692,48
sign_test_cel0.8,chunk_12,157,KR,3.5067989006638527,48
sign_test_cel0.8,chunk_12,157,MC,4.246767756839593,48
sign_test_cel0.8,chunk_12,157,cosine_similarity,-0.5997426807880402,48
sign_test_cel0.8,chunk_12,157,wt_mean,-0.0019183924305252,48
sign_test_cel0.8,chunk_12,158,GR,6.14030968149503,48
sign_test_cel0.8,chunk_12,158,IPC,6.556416773547729,48
sign_test_cel0.8,chunk_12,158,KR,3.6598019475738206,48
sign_test_cel0.8,chunk_12,158,MC,4.736551612615585,48
sign_test_cel0.8,chunk_12,158,cosine_similarity,-0.5997428297996521,48
sign_test_cel0.8,chunk_12,158,wt_mean,-0.002024734392762125,48
sign_test_cel0.8,chunk_12,159,GR,5.3997620443503065,48
sign_test_cel0.8,chunk_12,159,IPC,7.097985822707415,48
sign_test_cel0.8,chunk_12,159,KR,3.2161482026179633,48
sign_test_cel0.8,chunk_12,159,MC,5.363775963584582,48
sign_test_cel0.8,chunk_12,159,cosine_similarity,-0.5997426360845566,48
sign_test_cel0.8,chunk_12,159,wt_mean,-0.001867513841716525,48
sign_test_cel0.8,chunk_12,160,GR,6.209829392532508,48
sign_test_cel0.8,chunk_12,160,IPC,6.976561135301988,48
sign_test_cel0.8,chunk_12,160,KR,3.6461384246746698,48
sign_test_cel0.8,chunk_12,160,MC,4.749099766214688,48
sign_test_cel0.8,chunk_12,160,cosine_similarity,-0.5997427105903625,48
sign_test_cel0.8,chunk_12,160,wt_mean,-0.00194690685020755,48
sign_test_cel0.8,chunk_12,161,GR,5.446203937133153,48
sign_test_cel0.8,chunk_12,161,IPC,6.858911513040463,48
sign_test_cel0.8,chunk_12,161,KR,3.115749478340149,48
sign_test_cel0.8,chunk_12,161,MC,4.6740056201815605,48
sign_test_cel0.8,chunk_12,161,cosine_similarity,-0.5997427999973297,48
sign_test_cel0.8,chunk_12,161,wt_mean,-0.0018838625983334499,48
sign_test_cel0.8,chunk_12,162,GR,6.018360073367755,48
sign_test_cel0.8,chunk_12,162,IPC,7.386270361642043,48
sign_test_cel0.8,chunk_12,162,KR,3.474096082150936,48
sign_test_cel0.8,chunk_12,162,MC,4.7400377343098326,48
sign_test_cel0.8,chunk_12,162,cosine_similarity,-0.5997426956892014,48
sign_test_cel0.8,chunk_12,162,wt_mean,-0.0019556072656996,48
sign_test_cel0.8,chunk_12,163,GR,5.401894773046176,48
sign_test_cel0.8,chunk_12,163,IPC,7.286525314052899,48
sign_test_cel0.8,chunk_12,163,KR,3.3343899274865785,48
sign_test_cel0.8,chunk_12,163,MC,4.868215387066205,48
sign_test_cel0.8,chunk_12,163,cosine_similarity,-0.5997427105903625,48
sign_test_cel0.8,chunk_12,163,wt_mean,-0.0017758634639903502,48
sign_test_cel0.8,chunk_12,164,GR,4.860051155090332,48
sign_test_cel0.8,chunk_12,164,IPC,6.1772510434190435,48
sign_test_cel0.8,chunk_12,164,KR,3.0201158970594406,48
sign_test_cel0.8,chunk_12,164,MC,4.366590216755867,48
sign_test_cel0.8,chunk_12,164,cosine_similarity,-0.5997428297996521,48
sign_test_cel0.8,chunk_12,164,wt_mean,-0.001827199826948275,48
sign_test_cel0.8,chunk_12,165,GR,5.528091584642728,48
sign_test_cel0.8,chunk_12,165,IPC,7.073633175343275,48
sign_test_cel0.8,chunk_12,165,KR,3.349357485771179,48
sign_test_cel0.8,chunk_12,165,MC,5.071668431162834,48
sign_test_cel0.8,chunk_12,165,cosine_similarity,-0.5997427403926849,48
sign_test_cel0.8,chunk_12,165,wt_mean,-0.0018775372882373,48
sign_test_cel0.8,chunk_13,166,GR,6.321125822762649,48
sign_test_cel0.8,chunk_13,166,IPC,7.050444448987643,48
sign_test_cel0.8,chunk_13,166,KR,3.5834179123242698,48
sign_test_cel0.8,chunk_13,166,MC,4.846807586650054,48
sign_test_cel0.8,chunk_13,166,cosine_similarity,-0.5997426807880402,48
sign_test_cel0.8,chunk_13,166,wt_mean,-0.001920688082464,48
sign_test_cel0.8,chunk_13,167,GR,5.993886282046636,48
sign_test_cel0.8,chunk_13,167,IPC,6.982662623127301,48
sign_test_cel0.8,chunk_13,167,KR,3.6969473535815873,48
sign_test_cel0.8,chunk_13,167,MC,5.022298102577527,48
sign_test_cel0.8,chunk_13,167,cosine_similarity,-0.5997427701950073,48
sign_test_cel0.8,chunk_13,167,wt_mean,-0.001913080137455775,48
sign_test_cel0.8,chunk_13,168,GR,5.228304813305537,48
sign_test_cel0.8,chunk_13,168,IPC,6.07958373054862,48
sign_test_cel0.8,chunk_13,168,KR,3.028404086828232,48
sign_test_cel0.8,chunk_13,168,MC,4.266088616102934,48
sign_test_cel0.8,chunk_13,168,cosine_similarity,-0.5997427701950073,48
sign_test_cel0.8,chunk_13,168,wt_mean,-0.001846998464316075,48
sign_test_cel0.8,chunk_13,169,GR,6.126683175563812,48
sign_test_cel0.8,chunk_13,169,IPC,7.340383219222228,48
sign_test_cel0.8,chunk_13,169,KR,3.569250985980034,48
sign_test_cel0.8,chunk_13,169,MC,4.790010040005048,48
sign_test_cel0.8,chunk_13,169,cosine_similarity,-0.5997427999973297,48
sign_test_cel0.8,chunk_13,169,wt_mean,-0.001807239896152125,48
sign_test_cel0.8,chunk_13,170,GR,5.673012899855773,48
sign_test_cel0.8,chunk_13,170,IPC,6.9423034352560835,48
sign_test_cel0.8,chunk_13,170,KR,3.4856002579132714,48
sign_test_cel0.8,chunk_13,170,MC,4.901235808928807,48
sign_test_cel0.8,chunk_13,170,cosine_similarity,-0.5997426509857178,48
sign_test_cel0.8,chunk_13,170,wt_mean,-0.001891204679850425,48
sign_test_cel0.8,chunk_13,171,GR,6.939943000674248,48
sign_test_cel0.8,chunk_13,171,IPC,7.028123407314221,48
sign_test_cel0.8,chunk_13,171,KR,3.960994246105353,48
sign_test_cel0.8,chunk_13,171,MC,4.896527166167895,48
sign_test_cel0.8,chunk_13,171,cosine_similarity,-0.5997427403926849,48
sign_test_cel0.8,chunk_13,171,wt_mean,-0.00200629935716275,48
sign_test_cel0.8,chunk_13,172,GR,6.46223300198714,48
sign_test_cel0.8,chunk_13,172,IPC,7.003875804444154,48
sign_test_cel0.8,chunk_13,172,KR,3.760836035013199,48
sign_test_cel0.8,chunk_13,172,MC,5.083168484270573,48
sign_test_cel0.8,chunk_13,172,cosine_similarity,-0.5997427999973297,48
sign_test_cel0.8,chunk_13,172,wt_mean,-0.001927349745528725,48
sign_test_cel0.8,chunk_13,173,GR,7.0598502432306605,48
sign_test_cel0.8,chunk_13,173,IPC,7.752710071702798,48
sign_test_cel0.8,chunk_13,173,KR,3.9518246774872146,48
sign_test_cel0.8,chunk_13,173,MC,5.061365015804768,48
sign_test_cel0.8,chunk_13,173,cosine_similarity,-0.5997426807880402,48
sign_test_cel0.8,chunk_13,173,wt_mean,-0.002127057872712575,48
sign_test_cel0.8,chunk_13,174,GR,5.384906719128291,48
sign_test_cel0.8,chunk_13,174,IPC,7.315981224179268,48
sign_test_cel0.8,chunk_13,174,KR,3.1881309002637863,48
sign_test_cel0.8,chunk_13,174,MC,5.2013343547781306,48
sign_test_cel0.8,chunk_13,174,cosine_similarity,-0.5997427403926849,48
sign_test_cel0.8,chunk_13,174,wt_mean,-0.001952842343598575,48
sign_test_cel0.8,chunk_13,175,GR,6.072168106834094,48
sign_test_cel0.8,chunk_13,175,IPC,7.651967156678438,48
sign_test_cel0.8,chunk_13,175,KR,3.4959356586138406,48
sign_test_cel0.8,chunk_13,175,MC,5.026145135362943,48
sign_test_cel0.8,chunk_13,175,cosine_similarity,-0.5997426807880402,48
sign_test_cel0.8,chunk_13,175,wt_mean,-0.0019576392078306253,48
sign_test_cel0.8,chunk_13,176,GR,5.92934272189935,48
sign_test_cel0.8,chunk_13,176,IPC,6.531335194905599,48
sign_test_cel0.8,chunk_13,176,KR,3.502830440799395,48
sign_test_cel0.8,chunk_13,176,MC,4.614213173588117,48
sign_test_cel0.8,chunk_13,176,cosine_similarity,-0.5997427552938461,48
sign_test_cel0.8,chunk_13,176,wt_mean,-0.00191546100541015,48
sign_test_cel0.8,chunk_13,177,GR,6.038543929656346,48
sign_test_cel0.8,chunk_13,177,IPC,7.252423986792564,48
sign_test_cel0.8,chunk_13,177,KR,3.574726477265358,48
sign_test_cel0.8,chunk_13,177,MC,4.931878427664439,48
sign_test_cel0.8,chunk_13,177,cosine_similarity,-0.5997427105903625,48
sign_test_cel0.8,chunk_13,177,wt_mean,-0.002014645084273025,48
sign_test_cel0.8,chunk_14,178,GR,6.185227816303571,48
sign_test_cel0.8,chunk_14,178,IPC,6.482268551985423,48
sign_test_cel0.8,chunk_14,178,KR,3.527906651298205,48
sign_test_cel0.8,chunk_14,178,MC,4.670179585615794,48
sign_test_cel0.8,chunk_14,178,cosine_similarity,-0.5997426509857178,48
sign_test_cel0.8,chunk_14,178,wt_mean,-0.0018732899334281,48
sign_test_cel0.8,chunk_14,179,GR,5.804262471695741,48
sign_test_cel0.8,chunk_14,179,IPC,7.190781428168218,48
sign_test_cel0.8,chunk_14,179,KR,3.3835571532448134,48
sign_test_cel0.8,chunk_14,179,MC,5.030824740727742,48
sign_test_cel0.8,chunk_14,179,cosine_similarity,-0.5997428596019745,48
sign_test_cel0.8,chunk_14,179,wt_mean,-0.001964724593562975,48
sign_test_cel0.8,chunk_14,180,GR,6.66755838940541,48
sign_test_cel0.8,chunk_14,180,IPC,7.086418805023034,48
sign_test_cel0.8,chunk_14,180,KR,3.627318454285463,48
sign_test_cel0.8,chunk_14,180,MC,4.847608268260956,48
sign_test_cel0.8,chunk_14,180,cosine_similarity,-0.5997427403926849,48
sign_test_cel0.8,chunk_14,180,wt_mean,-0.0018240264034829503,48
sign_test_cel0.8,chunk_14,181,GR,6.9054829726616545,48
sign_test_cel0.8,chunk_14,181,IPC,7.086175387104352,48
sign_test_cel0.8,chunk_14,181,KR,3.9012239376703897,48
sign_test_cel0.8,chunk_14,181,MC,5.233222862084706,48
sign_test_cel0.8,chunk_14,181,cosine_similarity,-0.5997426211833954,48
sign_test_cel0.8,chunk_14,181,wt_mean,-0.002003360510570875,48
sign_test_cel0.8,chunk_14,182,GR,5.375596543153127,48
sign_test_cel0.8,chunk_14,182,IPC,7.230181530117989,48
sign_test_cel0.8,chunk_14,182,KR,3.208122024933497,48
sign_test_cel0.8,chunk_14,182,MC,5.269371127088864,48
sign_test_cel0.8,chunk_14,182,cosine_similarity,-0.5997428297996521,48
sign_test_cel0.8,chunk_14,182,wt_mean,-0.0018643980729393,48
sign_test_cel0.8,chunk_14,183,GR,5.902165529628594,48
sign_test_cel0.8,chunk_14,183,IPC,7.026243157684803,48
sign_test_cel0.8,chunk_14,183,KR,3.561448728044828,48
sign_test_cel0.8,chunk_14,183,MC,4.707693082590898,48
sign_test_cel0.8,chunk_14,183,cosine_similarity,-0.5997428297996521,48
sign_test_cel0.8,chunk_14,183,wt_mean,-0.00191008951514955,48
sign_test_cel0.8,chunk_14,184,GR,7.0659240037202835,48
sign_test_cel0.8,chunk_14,184,IPC,7.427573541800181,48
sign_test_cel0.8,chunk_14,184,KR,3.952482722699642,48
sign_test_cel0.8,chunk_14,184,MC,4.944878702362378,48
sign_test_cel0.8,chunk_14,184,cosine_similarity,-0.5997427701950073,48
sign_test_cel0.8,chunk_14,184,wt_mean,-0.00198730934062035,48
sign_test_cel0.8,chunk_14,185,GR,6.517530406514804,48
sign_test_cel0.8,chunk_14,185,IPC,7.100085161626339,48
sign_test_cel0.8,chunk_14,185,KR,3.766706911226114,48
sign_test_cel0.8,chunk_14,185,MC,4.904321638246377,48
sign_test_cel0.8,chunk_14,185,cosine_similarity,-0.5997428297996521,48
sign_test_cel0.8,chunk_14,185,wt_mean,-0.00194677832769225,48
sign_test_cel0.8,chunk_14,186,GR,7.16559153298537,48
sign_test_cel0.8,chunk_14,186,IPC,7.230617720633745,48
sign_test_cel0.8,chunk_14,186,KR,4.087130645910899,48
sign_test_cel0.8,chunk_14,186,MC,4.906983306010564,48
sign_test_cel0.8,chunk_14,186,cosine_similarity,-0.5997427999973297,48
sign_test_cel0.8,chunk_14,186,wt_mean,-0.002127282437868375,48
sign_test_cel0.8,chunk_14,187,GR,5.420476324856281,48
sign_test_cel0.8,chunk_14,187,IPC,6.571775731941064,48
sign_test_cel0.8,chunk_14,187,KR,3.3056215792894363,48
sign_test_cel0.8,chunk_14,187,MC,4.6853583082556725,48
sign_test_cel0.8,chunk_14,187,cosine_similarity,-0.5997426956892014,48
sign_test_cel0.8,chunk_14,187,wt_mean,-0.0019038673199246999,48
sign_test_cel0.8,chunk_14,188,GR,5.940165375669797,48
sign_test_cel0.8,chunk_14,188,IPC,7.117543765654166,48
sign_test_cel0.8,chunk_14,188,KR,3.4631875654061637,48
sign_test_cel0.8,chunk_14,188,MC,4.838388940940301,48
sign_test_cel0.8,chunk_14,188,cosine_similarity,-0.5997427254915237,48
sign_test_cel0.8,chunk_14,188,wt_mean,-0.0019237751257605502,48
sign_test_cel0.8,chunk_14,189,GR,4.746931257347266,48
sign_test_cel0.8,chunk_14,189,IPC,7.031372069070737,48
sign_test_cel0.8,chunk_14,189,KR,2.965337154765924,48
sign_test_cel0.8,chunk_14,189,MC,4.627750352025032,48
sign_test_cel0.8,chunk_14,189,cosine_similarity,-0.5997427403926849,48
sign_test_cel0.8,chunk_14,189,wt_mean,-0.001889159495476575,48
sign_test_cel0.8,chunk_15,190,GR,6.354303151369095,48
sign_test_cel0.8,chunk_15,190,IPC,6.414935797452927,48
sign_test_cel0.8,chunk_15,190,KR,3.646272117892901,48
sign_test_cel0.8,chunk_15,190,MC,4.723685344060262,48
sign_test_cel0.8,chunk_15,190,cosine_similarity,-0.5997427701950073,48
sign_test_cel0.8,chunk_15,190,wt_mean,-0.001978615327971025,48
sign_test_cel0.8,chunk_15,191,GR,5.705168468256791,48
sign_test_cel0.8,chunk_15,191,IPC,7.580535677572091,48
sign_test_cel0.8,chunk_15,191,KR,3.32777988165617,48
sign_test_cel0.8,chunk_15,191,MC,5.231799470881621,48
sign_test_cel0.8,chunk_15,191,cosine_similarity,-0.5997427999973297,48
sign_test_cel0.8,chunk_15,191,wt_mean,-0.0019524305243976,48
sign_test_cel0.8,chunk_15,192,GR,5.522498247524102,48
sign_test_cel0.8,chunk_15,192,IPC,7.432104369004567,48
sign_test_cel0.8,chunk_15,192,KR,3.210941510895888,48
sign_test_cel0.8,chunk_15,192,MC,4.984303057193756,48
sign_test_cel0.8,chunk_15,192,cosine_similarity,-0.5997427999973297,48
sign_test_cel0.8,chunk_15,192,wt_mean,-0.00187872711103405,48
sign_test_cel0.8,chunk_15,193,GR,6.717289564510186,48
sign_test_cel0.8,chunk_15,193,IPC,7.301309312383334,48
sign_test_cel0.8,chunk_15,193,KR,3.93768260627985,48
sign_test_cel0.8,chunk_15,193,MC,5.123549660046895,48
sign_test_cel0.8,chunk_15,193,cosine_similarity,-0.5997428297996521,48
sign_test_cel0.8,chunk_15,193,wt_mean,-0.002079878933727675,48
sign_test_cel0.8,chunk_15,194,GR,6.731648035347462,48
sign_test_cel0.8,chunk_15,194,IPC,7.664019181082646,48
sign_test_cel0.8,chunk_15,194,KR,3.6643959432840347,48
sign_test_cel0.8,chunk_15,194,MC,4.788109987974167,48
sign_test_cel0.8,chunk_15,194,cosine_similarity,-0.5997426509857178,48
sign_test_cel0.8,chunk_15,194,wt_mean,-0.00199740505195215,48
sign_test_cel0.8,chunk_15,195,GR,7.092351401845614,48
sign_test_cel0.8,chunk_15,195,IPC,7.810662056008975,48
sign_test_cel0.8,chunk_15,195,KR,3.9698998605211577,48
sign_test_cel0.8,chunk_15,195,MC,4.837342619895935,48
sign_test_cel0.8,chunk_15,195,cosine_similarity,-0.5997427403926849,48
sign_test_cel0.8,chunk_15,195,wt_mean,-0.001974132435861925,48
sign_test_cel0.8,chunk_15,196,GR,6.100097445150216,48
sign_test_cel0.8,chunk_15,196,IPC,7.239712060739596,48
sign_test_cel0.8,chunk_15,196,KR,3.5150490974386535,48
sign_test_cel0.8,chunk_15,196,MC,4.611084694663684,48
sign_test_cel0.8,chunk_15,196,cosine_similarity,-0.5997426807880402,48
sign_test_cel0.8,chunk_15,196,wt_mean,-0.002005941147217475,48
sign_test_cel0.8,chunk_15,197,GR,5.497211667398612,48
sign_test_cel0.8,chunk_15,197,IPC,7.167966682463884,48
sign_test_cel0.8,chunk_15,197,KR,3.3059159045418105,48
sign_test_cel0.8,chunk_15,197,MC,4.712451974550883,48
sign_test_cel0.8,chunk_15,197,cosine_similarity,-0.5997426807880402,48
sign_test_cel0.8,chunk_15,197,wt_mean,-0.001811992144212075,48
sign_test_cel0.8,chunk_15,198,GR,6.236051648855209,48
sign_test_cel0.8,chunk_15,198,IPC,7.650965886811416,48
sign_test_cel0.8,chunk_15,198,KR,3.564368990560373,48
sign_test_cel0.8,chunk_15,198,MC,5.182451938589414,48
sign_test_cel0.8,chunk_15,198,cosine_similarity,-0.5997426956892014,48
sign_test_cel0.8,chunk_15,198,wt_mean,-0.001917578512802675,48
sign_test_cel0.8,chunk_15,199,GR,7.182195896903674,48
sign_test_cel0.8,chunk_15,199,IPC,6.841851517558098,48
sign_test_cel0.8,chunk_15,199,KR,3.972740054130554,48
sign_test_cel0.8,chunk_15,199,MC,4.813441634178162,48
sign_test_cel0.8,chunk_15,199,cosine_similarity,-0.5997427552938461,48
sign_test_cel0.8,chunk_15,199,wt_mean,-0.0019502474751788498,48
sign_test_cel0.8,chunk_15,200,GR,5.936741530895233,48
sign_test_cel0.8,chunk_15,200,IPC,7.640264796713988,48
sign_test_cel0.8,chunk_15,200,KR,3.569698696335157,48
sign_test_cel0.8,chunk_15,200,MC,5.373817001779874,48
sign_test_cel0.8,chunk_15,200,cosine_similarity,-0.5997426956892014,48
sign_test_cel0.8,chunk_15,200,wt_mean,-0.001959140790859175,48
sign_test_cel0.8,chunk_15,201,GR,6.705381475389004,48
sign_test_cel0.8,chunk_15,201,IPC,7.034616640458505,48
sign_test_cel0.8,chunk_15,201,KR,3.8765805984536805,48
sign_test_cel0.8,chunk_15,201,MC,5.075735027591388,48
sign_test_cel0.8,chunk_15,201,cosine_similarity,-0.599742591381073,48
sign_test_cel0.8,chunk_15,201,wt_mean,-0.0019510544952936,48
sign_test_cel0.8,chunk_16,202,GR,5.695918187499046,48
sign_test_cel0.8,chunk_16,202,IPC,7.179014233251412,48
sign_test_cel0.8,chunk_16,202,KR,3.433274413148562,48
sign_test_cel0.8,chunk_16,202,MC,4.9312248677015305,48
sign_test_cel0.8,chunk_16,202,cosine_similarity,-0.5997426360845566,48
sign_test_cel0.8,chunk_16,202,wt_mean,-0.001980288448976325,48
sign_test_cel0.8,chunk_16,203,GR,7.111241432527701,48
sign_test_cel0.8,chunk_16,203,IPC,7.885993705441554,48
sign_test_cel0.8,chunk_16,203,KR,4.065160594880581,48
sign_test_cel0.8,chunk_16,203,MC,5.113373940189679,48
sign_test_cel0.8,chunk_16,203,cosine_similarity,-0.5997428297996521,48
sign_test_cel0.8,chunk_16,203,wt_mean,-0.00193375567323525,48
sign_test_cel0.8,chunk_16,204,GR,5.3750120749076205,48
sign_test_cel0.8,chunk_16,204,IPC,7.647196823110183,48
sign_test_cel0.8,chunk_16,204,KR,3.2900624548395476,48
sign_test_cel0.8,chunk_16,204,MC,4.808753003676732,48
sign_test_cel0.8,chunk_16,204,cosine_similarity,-0.5997428894042969,48
sign_test_cel0.8,chunk_16,204,wt_mean,-0.0018927949713542752,48
sign_test_cel0.8,chunk_16,205,GR,5.603024065494537,48
sign_test_cel0.8,chunk_16,205,IPC,7.046210038165252,48
sign_test_cel0.8,chunk_16,205,KR,3.4066526517271996,48
sign_test_cel0.8,chunk_16,205,MC,4.819384212295215,48
sign_test_cel0.8,chunk_16,205,cosine_similarity,-0.599742591381073,48
sign_test_cel0.8,chunk_16,205,wt_mean,-0.001806840329663775,48
sign_test_cel0.8,chunk_16,206,GR,5.7405024617910385,48
sign_test_cel0.8,chunk_16,206,IPC,6.619005889942248,48
sign_test_cel0.8,chunk_16,206,KR,3.4220188384254775,48
sign_test_cel0.8,chunk_16,206,MC,4.647649750113487,48
sign_test_cel0.8,chunk_16,206,cosine_similarity,-0.599742665886879,48
sign_test_cel0.8,chunk_16,206,wt_mean,-0.0018800551188177998,48
sign_test_cel0.8,chunk_16,207,GR,5.986948199570179,48
sign_test_cel0.8,chunk_16,207,IPC,6.238757697244485,48
sign_test_cel0.8,chunk_16,207,KR,3.546894893050194,48
sign_test_cel0.8,chunk_16,207,MC,4.422723372777303,48
sign_test_cel0.8,chunk_16,207,cosine_similarity,-0.5997428894042969,48
sign_test_cel0.8,chunk_16,207,wt_mean,-0.0018914970569312,48
sign_test_cel0.8,chunk_16,208,GR,5.543609867493312,48
sign_test_cel0.8,chunk_16,208,IPC,6.1922715455293655,48
sign_test_cel0.8,chunk_16,208,KR,3.274889258046945,48
sign_test_cel0.8,chunk_16,208,MC,4.208687372505665,48
sign_test_cel0.8,chunk_16,208,cosine_similarity,-0.5997427403926849,48
sign_test_cel0.8,chunk_16,208,wt_mean,-0.0018424289883114,48
sign_test_cel0.8,chunk_16,209,GR,4.922615508238475,48
sign_test_cel0.8,chunk_16,209,IPC,6.93816103041172,48
sign_test_cel0.8,chunk_16,209,KR,2.9941246608893075,48
sign_test_cel0.8,chunk_16,209,MC,4.796037271618843,48
sign_test_cel0.8,chunk_16,209,cosine_similarity,-0.5997427999973297,48
sign_test_cel0.8,chunk_16,209,wt_mean,-0.001725170033751,48
sign_test_cel0.8,chunk_16,210,GR,6.36342574407657,48
sign_test_cel0.8,chunk_16,210,IPC,6.781052169700463,48
sign_test_cel0.8,chunk_16,210,KR,3.74799012641112,48
sign_test_cel0.8,chunk_16,210,MC,4.666743655999501,48
sign_test_cel0.8,chunk_16,210,cosine_similarity,-0.5997427552938461,48
sign_test_cel0.8,chunk_16,210,wt_mean,-0.001923828240251125,48
sign_test_cel0.8,chunk_16,211,GR,5.288420585294564,48
sign_test_cel0.8,chunk_16,211,IPC,7.121831400940816,48
sign_test_cel0.8,chunk_16,211,KR,3.2376306305329003,48
sign_test_cel0.8,chunk_16,211,MC,4.949524700641632,48
sign_test_cel0.8,chunk_16,211,cosine_similarity,-0.5997427403926849,48
sign_test_cel0.8,chunk_16,211,wt_mean,-0.0017953542701433748,48
sign_test_cel0.8,chunk_16,212,GR,6.670141160488129,48
sign_test_cel0.8,chunk_16,212,IPC,6.699147825439771,48
sign_test_cel0.8,chunk_16,212,KR,3.782778210937977,48
sign_test_cel0.8,chunk_16,212,MC,4.923566535115242,48
sign_test_cel0.8,chunk_16,212,cosine_similarity,-0.5997427552938461,48
sign_test_cel0.8,chunk_16,212,wt_mean,-0.002041681815171575,48
sign_test_cel0.8,chunk_16,213,GR,5.962017692625523,48
sign_test_cel0.8,chunk_16,213,IPC,7.146275001267592,48
sign_test_cel0.8,chunk_16,213,KR,3.470277917881807,48
sign_test_cel0.8,chunk_16,213,MC,4.926214339832465,48
sign_test_cel0.8,chunk_16,213,cosine_similarity,-0.5997426509857178,48
sign_test_cel0.8,chunk_16,213,wt_mean,-0.0019350511720403751,48
sign_test_cel0.8,chunk_17,214,GR,5.719193031390508,48
sign_test_cel0.8,chunk_17,214,IPC,7.300096211334069,48
sign_test_cel0.8,chunk_17,214,KR,3.365144516030947,48
sign_test_cel0.8,chunk_17,214,MC,4.997887884577115,48
sign_test_cel0.8,chunk_17,214,cosine_similarity,-0.5997428297996521,48
sign_test_cel0.8,chunk_17,214,wt_mean,-0.0019229413592256,48
sign_test_cel0.8,chunk_17,215,GR,6.494935818016529,48
sign_test_cel0.8,chunk_17,215,IPC,7.418930862098932,48
sign_test_cel0.8,chunk_17,215,KR,3.604751872519652,48
sign_test_cel0.8,chunk_17,215,MC,4.626118779182434,48
sign_test_cel0.8,chunk_17,215,cosine_similarity,-0.5997427701950073,48
sign_test_cel0.8,chunk_17,215,wt_mean,-0.002100968180457075,48
sign_test_cel0.8,chunk_17,216,GR,5.3797179361184435,48
sign_test_cel0.8,chunk_17,216,IPC,6.7428021766245365,48
sign_test_cel0.8,chunk_17,216,KR,3.3032813693086305,48
sign_test_cel0.8,chunk_17,216,MC,4.465732092658679,48
sign_test_cel0.8,chunk_17,216,cosine_similarity,-0.5997428447008133,48
sign_test_cel0.8,chunk_17,216,wt_mean,-0.0018707293202168752,48
sign_test_cel0.8,chunk_17,217,GR,7.212863000730674,48
sign_test_cel0.8,chunk_17,217,IPC,7.1929600810011225,48
sign_test_cel0.8,chunk_17,217,KR,4.046596936881542,48
sign_test_cel0.8,chunk_17,217,MC,4.833688264091809,48
sign_test_cel0.8,chunk_17,217,cosine_similarity,-0.5997427701950073,48
sign_test_cel0.8,chunk_17,217,wt_mean,-0.0020130964694544252,48
sign_test_cel0.8,chunk_17,218,GR,7.106643358866374,48
sign_test_cel0.8,chunk_17,218,IPC,6.419313512742519,48
sign_test_cel0.8,chunk_17,218,KR,3.9748166476686797,48
sign_test_cel0.8,chunk_17,218,MC,4.498243659734726,48
sign_test_cel0.8,chunk_17,218,cosine_similarity,-0.5997427403926849,48
sign_test_cel0.8,chunk_17,218,wt_mean,-0.001942041853908425,48
sign_test_cel0.8,chunk_17,219,GR,6.486194118857384,48
sign_test_cel0.8,chunk_17,219,IPC,7.533140818277995,48
sign_test_cel0.8,chunk_17,219,KR,3.7470391715566316,48
sign_test_cel0.8,chunk_17,219,MC,5.0438312242428465,48
sign_test_cel0.8,chunk_17,219,cosine_similarity,-0.5997427701950073,48
sign_test_cel0.8,chunk_17,219,wt_mean,-0.002124548453139075,48
sign_test_cel0.8,chunk_17,220,GR,6.849416782458623,48
sign_test_cel0.8,chunk_17,220,IPC,6.497097329547008,48
sign_test_cel0.8,chunk_17,220,KR,3.9744843865434327,48
sign_test_cel0.8,chunk_17,220,MC,4.801767433683078,48
sign_test_cel0.8,chunk_17,220,cosine_similarity,-0.5997425317764282,48
sign_test_cel0.8,chunk_17,220,wt_mean,-0.001879626070149175,48
sign_test_cel0.8,chunk_17,221,GR,5.701910103360812,48
sign_test_cel0.8,chunk_17,221,IPC,7.297121499975522,48
sign_test_cel0.8,chunk_17,221,KR,3.389503762125969,48
sign_test_cel0.8,chunk_17,221,MC,4.835681100686391,48
sign_test_cel0.8,chunk_17,221,cosine_similarity,-0.5997426807880402,48
sign_test_cel0.8,chunk_17,221,wt_mean,-0.0017618185374885249,48
sign_test_cel0.8,chunk_17,222,GR,5.087181220451991,48
sign_test_cel0.8,chunk_17,222,IPC,6.9641173506776495,48
sign_test_cel0.8,chunk_17,222,KR,3.1768193393945694,48
sign_test_cel0.8,chunk_17,222,MC,4.497641836603482,48
sign_test_cel0.8,chunk_17,222,cosine_similarity,-0.5997427403926849,48
sign_test_cel0.8,chunk_17,222,wt_mean,-0.001786637760233075,48
sign_test_cel0.8,chunk_17,223,GR,8.037806247671446,48
sign_test_cel0.8,chunk_17,223,IPC,8.595631040632725,48
sign_test_cel0.8,chunk_17,223,KR,4.612306731442611,48
sign_test_cel0.8,chunk_17,223,MC,6.087683121363322,48
sign_test_cel0.8,chunk_17,223,cosine_similarity,-0.5997429043054581,48
sign_test_cel0.8,chunk_17,223,wt_mean,-0.00220242689829315,48
sign_test_cel0.8,chunk_17,224,GR,5.814083407322566,48
sign_test_cel0.8,chunk_17,224,IPC,6.944220144301653,48
sign_test_cel0.8,chunk_17,224,KR,3.528829197088877,48
sign_test_cel0.8,chunk_17,224,MC,4.814761857191722,48
sign_test_cel0.8,chunk_17,224,cosine_similarity,-0.5997428297996521,48
sign_test_cel0.8,chunk_17,224,wt_mean,-0.0017356467433273248,48
sign_test_cel0.8,chunk_17,225,GR,6.047200193007787,48
sign_test_cel0.8,chunk_17,225,IPC,6.998376003156106,48
sign_test_cel0.8,chunk_17,225,KR,3.322343227763971,48
sign_test_cel0.8,chunk_17,225,MC,4.827164317170779,48
sign_test_cel0.8,chunk_17,225,cosine_similarity,-0.5997428297996521,48
sign_test_cel0.8,chunk_17,225,wt_mean,-0.0019642269762698,48
sign_test_cel0.8,chunk_18,226,GR,5.971551510194938,48
sign_test_cel0.8,chunk_18,226,IPC,7.177985238532226,48
sign_test_cel0.8,chunk_18,226,KR,3.4208324998617172,48
sign_test_cel0.8,chunk_18,226,MC,4.781324734290441,48
sign_test_cel0.8,chunk_18,226,cosine_similarity,-0.5997426211833954,48
sign_test_cel0.8,chunk_18,226,wt_mean,-0.0019268302712589,48
sign_test_cel0.8,chunk_18,227,GR,6.683514858285586,48
sign_test_cel0.8,chunk_18,227,IPC,7.451154984533787,48
sign_test_cel0.8,chunk_18,227,KR,3.737882340947787,48
sign_test_cel0.8,chunk_18,227,MC,4.8512722452481585,48
sign_test_cel0.8,chunk_18,227,cosine_similarity,-0.5997427403926849,48
sign_test_cel0.8,chunk_18,227,wt_mean,-0.00195846756105305,48
sign_test_cel0.8,chunk_18,228,GR,5.800690566500028,48
sign_test_cel0.8,chunk_18,228,IPC,7.032780557870865,48
sign_test_cel0.8,chunk_18,228,KR,3.4790509591499963,48
sign_test_cel0.8,chunk_18,228,MC,4.883525252342224,48
sign_test_cel0.8,chunk_18,228,cosine_similarity,-0.5997428447008133,48
sign_test_cel0.8,chunk_18,228,wt_mean,-0.0018278074858243752,48
sign_test_cel0.8,chunk_18,229,GR,5.901496400435765,48
sign_test_cel0.8,chunk_18,229,IPC,7.217077504843473,48
sign_test_cel0.8,chunk_18,229,KR,3.539780062933763,48
sign_test_cel0.8,chunk_18,229,MC,4.786923214793205,48
sign_test_cel0.8,chunk_18,229,cosine_similarity,-0.5997427999973297,48
sign_test_cel0.8,chunk_18,229,wt_mean,-0.001849795022280825,48
sign_test_cel0.8,chunk_18,230,GR,6.763101808726788,48
sign_test_cel0.8,chunk_18,230,IPC,6.66910973812143,48
sign_test_cel0.8,chunk_18,230,KR,3.959972913066546,48
sign_test_cel0.8,chunk_18,230,MC,4.815049315492312,48
sign_test_cel0.8,chunk_18,230,cosine_similarity,-0.5997427105903625,48
sign_test_cel0.8,chunk_18,230,wt_mean,-0.00200574894552115,48
sign_test_cel0.8,chunk_18,231,GR,6.0456161722540855,48
sign_test_cel0.8,chunk_18,231,IPC,7.023426805933316,48
sign_test_cel0.8,chunk_18,231,KR,3.5647600516676903,48
sign_test_cel0.8,chunk_18,231,MC,4.83029384414355,48
sign_test_cel0.8,chunk_18,231,cosine_similarity,-0.599742665886879,48
sign_test_cel0.8,chunk_18,231,wt_mean,-0.001943214243510675,48
sign_test_cel0.8,chunk_18,232,GR,7.897993954519431,48
sign_test_cel0.8,chunk_18,232,IPC,7.73074742530783,48
sign_test_cel0.8,chunk_18,232,KR,4.524483459691207,48
sign_test_cel0.8,chunk_18,232,MC,5.4936797966559725,48
sign_test_cel0.8,chunk_18,232,cosine_similarity,-0.5997426807880402,48
sign_test_cel0.8,chunk_18,232,wt_mean,-0.0020860357326455002,48
sign_test_cel0.8,chunk_18,233,GR,6.602404388288657,48
sign_test_cel0.8,chunk_18,233,IPC,7.194090973585844,48
sign_test_cel0.8,chunk_18,233,KR,3.6048931752641997,48
sign_test_cel0.8,chunk_18,233,MC,4.768223740160465,48
sign_test_cel0.8,chunk_18,233,cosine_similarity,-0.5997428596019745,48
sign_test_cel0.8,chunk_18,233,wt_mean,-0.001960441906703575,48
sign_test_cel0.8,chunk_18,234,GR,6.448308728635311,48
sign_test_cel0.8,chunk_18,234,IPC,6.924636675665776,48
sign_test_cel0.8,chunk_18,234,KR,3.8161997174223266,48
sign_test_cel0.8,chunk_18,234,MC,4.814170268674691,48
sign_test_cel0.8,chunk_18,234,cosine_similarity,-0.5997427105903625,48
sign_test_cel0.8,chunk_18,234,wt_mean,-0.00192140214494425,48
sign_test_cel0.8,chunk_18,235,GR,6.489475006858508,48
sign_test_cel0.8,chunk_18,235,IPC,7.454744378725688,48
sign_test_cel0.8,chunk_18,235,KR,3.726240076124668,48
sign_test_cel0.8,chunk_18,235,MC,5.124404184520245,48
sign_test_cel0.8,chunk_18,235,cosine_similarity,-0.5997427254915237,48
sign_test_cel0.8,chunk_18,235,wt_mean,-0.00196715979836875,48
sign_test_cel0.8,chunk_18,236,GR,6.107362054288387,48
sign_test_cel0.8,chunk_18,236,IPC,7.377812282492717,48
sign_test_cel0.8,chunk_18,236,KR,3.6141072437167168,48
sign_test_cel0.8,chunk_18,236,MC,4.824423934022586,48
sign_test_cel0.8,chunk_18,236,cosine_similarity,-0.5997428596019745,48
sign_test_cel0.8,chunk_18,236,wt_mean,-0.0020540661062113503,48
sign_test_cel0.8,chunk_18,237,GR,5.245634205639362,48
sign_test_cel0.8,chunk_18,237,IPC,6.614013570050399,48
sign_test_cel0.8,chunk_18,237,KR,3.29474068681399,48
sign_test_cel0.8,chunk_18,237,MC,4.675430183609326,48
sign_test_cel0.8,chunk_18,237,cosine_similarity,-0.5997427552938461,48
sign_test_cel0.8,chunk_18,237,wt_mean,-0.001788373774616,48
sign_test_cel0.8,chunk_19,238,GR,5.58434980114301,48
sign_test_cel0.8,chunk_19,238,IPC,6.4566340533395605,48
sign_test_cel0.8,chunk_19,238,KR,3.351713036497434,48
sign_test_cel0.8,chunk_19,238,MC,4.5322143857677775,48
sign_test_cel0.8,chunk_19,238,cosine_similarity,-0.5997426211833954,48
sign_test_cel0.8,chunk_19,238,wt_mean,-0.0018243383965454501,48
sign_test_cel0.8,chunk_19,239,GR,5.528235216935475,48
sign_test_cel0.8,chunk_19,239,IPC,7.00863508010904,48
sign_test_cel0.8,chunk_19,239,KR,3.262429582575957,48
sign_test_cel0.8,chunk_19,239,MC,4.722646147012711,48
sign_test_cel0.8,chunk_19,239,cosine_similarity,-0.5997427701950073,48
sign_test_cel0.8,chunk_19,239,wt_mean,-0.001953678554855225,48
sign_test_cel0.8,chunk_19,240,GR,5.452683806419373,48
sign_test_cel0.8,chunk_19,240,IPC,7.374850008636713,48
sign_test_cel0.8,chunk_19,240,KR,3.179216146469116,48
sign_test_cel0.8,chunk_19,240,MC,4.798953232665856,48
sign_test_cel0.8,chunk_19,240,cosine_similarity,-0.599742665886879,48
sign_test_cel0.8,chunk_19,240,wt_mean,-0.001846306549850825,48
sign_test_cel0.8,chunk_19,241,GR,7.231136493384838,48
sign_test_cel0.8,chunk_19,241,IPC,6.599885515868664,48
sign_test_cel0.8,chunk_19,241,KR,4.15324180573225,48
sign_test_cel0.8,chunk_19,241,MC,4.857160260279973,48
sign_test_cel0.8,chunk_19,241,cosine_similarity,-0.5997426807880402,48
sign_test_cel0.8,chunk_19,241,wt_mean,-0.001987162482691875,48
sign_test_cel0.8,chunk_19,242,GR,5.837240931888421,48
sign_test_cel0.8,chunk_19,242,IPC,7.5582085226972895,48
sign_test_cel0.8,chunk_19,242,KR,3.3816089779138565,48
sign_test_cel0.8,chunk_19,242,MC,4.721360454956691,48
sign_test_cel0.8,chunk_19,242,cosine_similarity,-0.5997426509857178,48
sign_test_cel0.8,chunk_19,242,wt_mean,-0.0018104133487212997,48
sign_test_cel0.8,chunk_19,243,GR,6.213178696731727,48
sign_test_cel0.8,chunk_19,243,IPC,7.252598877996206,48
sign_test_cel0.8,chunk_19,243,KR,3.5070763851205506,48
sign_test_cel0.8,chunk_19,243,MC,4.840064540505409,48
sign_test_cel0.8,chunk_19,243,cosine_similarity,-0.5997428447008133,48
sign_test_cel0.8,chunk_19,243,wt_mean,-0.001979606953682325,48
sign_test_cel0.8,chunk_19,244,GR,7.400388086835544,48
sign_test_cel0.8,chunk_19,244,IPC,7.251474206646283,48
sign_test_cel0.8,chunk_19,244,KR,4.240942465762298,48
sign_test_cel0.8,chunk_19,244,MC,5.113741556803386,48
sign_test_cel0.8,chunk_19,244,cosine_similarity,-0.599742665886879,48
sign_test_cel0.8,chunk_19,244,wt_mean,-0.0020705102651845,48
sign_test_cel0.8,chunk_19,245,GR,5.36712837467591,48
sign_test_cel0.8,chunk_19,245,IPC,7.544788951675097,48
sign_test_cel0.8,chunk_19,245,KR,3.3286534175276756,48
sign_test_cel0.8,chunk_19,245,MC,5.020417859156926,48
sign_test_cel0.8,chunk_19,245,cosine_similarity,-0.5997427403926849,48
sign_test_cel0.8,chunk_19,245,wt_mean,-0.0018804633291437751,48
sign_test_cel0.8,chunk_19,246,GR,6.479763838152091,48
sign_test_cel0.8,chunk_19,246,IPC,7.149572889010112,48
sign_test_cel0.8,chunk_19,246,KR,3.7903485149145126,48
sign_test_cel0.8,chunk_19,246,MC,4.952380374073982,48
sign_test_cel0.8,chunk_19,246,cosine_similarity,-0.5997427105903625,48
sign_test_cel0.8,chunk_19,246,wt_mean,-0.00195702616474585,48
sign_test_cel0.8,chunk_19,247,GR,5.921137474477291,48
sign_test_cel0.8,chunk_19,247,IPC,7.584191150963306,48
sign_test_cel0.8,chunk_19,247,KR,3.5198500603437424,48
sign_test_cel0.8,chunk_19,247,MC,5.14232762157917,48
sign_test_cel0.8,chunk_19,247,cosine_similarity,-0.5997428297996521,48
sign_test_cel0.8,chunk_19,247,wt_mean,-0.0018653810257091752,48
sign_test_cel0.8,chunk_19,248,GR,5.390878704686959,48
sign_test_cel0.8,chunk_19,248,IPC,7.558834187686443,48
sign_test_cel0.8,chunk_19,248,KR,3.332752967874209,48
sign_test_cel0.8,chunk_19,248,MC,5.340797384579976,48
sign_test_cel0.8,chunk_19,248,cosine_similarity,-0.599742516875267,48
sign_test_cel0.8,chunk_19,248,wt_mean,-0.0018433262303005251,48
sign_test_cel0.8,chunk_19,249,GR,5.682162545621395,48
sign_test_cel0.8,chunk_19,249,IPC,7.537460318456094,48
sign_test_cel0.8,chunk_19,249,KR,3.301941581070423,48
sign_test_cel0.8,chunk_19,249,MC,4.828162531057994,48
sign_test_cel0.8,chunk_19,249,cosine_similarity,-0.5997428596019745,48
sign_test_cel0.8,chunk_19,249,wt_mean,-0.00206725281896065,48
sign_test_cel0.8,chunk_2,26,GR,6.49125840763251,48
sign_test_cel0.8,chunk_2,26,IPC,6.407064848889907,48
sign_test_cel0.8,chunk_2,26,KR,3.7184674019614854,48
sign_test_cel0.8,chunk_2,26,MC,4.860272541642189,48
sign_test_cel0.8,chunk_2,26,cosine_similarity,-0.5997427999973297,48
sign_test_cel0.8,chunk_2,26,wt_mean,-0.0018926657212431752,48
sign_test_cel0.8,chunk_2,27,GR,5.2952915752927465,48
sign_test_cel0.8,chunk_2,27,IPC,7.020274244248867,48
sign_test_cel0.8,chunk_2,27,KR,3.279841055472692,48
sign_test_cel0.8,chunk_2,27,MC,4.913761223355929,48
sign_test_cel0.8,chunk_2,27,cosine_similarity,-0.5997428596019745,48
sign_test_cel0.8,chunk_2,27,wt_mean,-0.0019114036986138249,48
sign_test_cel0.8,chunk_2,28,GR,6.216006591916084,48
sign_test_cel0.8,chunk_2,28,IPC,7.050713275869687,48
sign_test_cel0.8,chunk_2,28,KR,3.6241775527596474,48
sign_test_cel0.8,chunk_2,28,MC,5.086574964225292,48
sign_test_cel0.8,chunk_2,28,cosine_similarity,-0.5997427105903625,48
sign_test_cel0.8,chunk_2,28,wt_mean,-0.001953289058292225,48
sign_test_cel0.8,chunk_2,29,GR,5.625556354721387,48
sign_test_cel0.8,chunk_2,29,IPC,6.523034760107596,48
sign_test_cel0.8,chunk_2,29,KR,3.304281490544478,48
sign_test_cel0.8,chunk_2,29,MC,4.573631902535756,48
sign_test_cel0.8,chunk_2,29,cosine_similarity,-0.5997428297996521,48
sign_test_cel0.8,chunk_2,29,wt_mean,-0.001842483470682025,48
sign_test_cel0.8,chunk_2,30,GR,5.494250131150086,48
sign_test_cel0.8,chunk_2,30,IPC,6.38126702234149,48
sign_test_cel0.8,chunk_2,30,KR,3.296149474879106,48
sign_test_cel0.8,chunk_2,30,MC,4.42578595628341,48
sign_test_cel0.8,chunk_2,30,cosine_similarity,-0.5997427105903625,48
sign_test_cel0.8,chunk_2,30,wt_mean,-0.001799580670194675,48
sign_test_cel0.8,chunk_2,31,GR,5.39414622883002,48
sign_test_cel0.8,chunk_2,31,IPC,6.312613386660814,48
sign_test_cel0.8,chunk_2,31,KR,3.3085002029935517,48
sign_test_cel0.8,chunk_2,31,MC,4.7227275023857755,48
sign_test_cel0.8,chunk_2,31,cosine_similarity,-0.5997426956892014,48
sign_test_cel0.8,chunk_2,31,wt_mean,-0.0019390981760806752,48
sign_test_cel0.8,chunk_2,32,GR,5.812265520294507,48
sign_test_cel0.8,chunk_2,32,IPC,6.838837475826343,48
sign_test_cel0.8,chunk_2,32,KR,3.51198231925567,48
sign_test_cel0.8,chunk_2,32,MC,4.967389484246572,48
sign_test_cel0.8,chunk_2,32,cosine_similarity,-0.5997426211833954,48
sign_test_cel0.8,chunk_2,32,wt_mean,-0.0018370366597081748,48
sign_test_cel0.8,chunk_2,33,GR,6.509504688282807,48
sign_test_cel0.8,chunk_2,33,IPC,7.385783200462659,48
sign_test_cel0.8,chunk_2,33,KR,3.9887596666812897,48
sign_test_cel0.8,chunk_2,33,MC,5.263799210389455,48
sign_test_cel0.8,chunk_2,33,cosine_similarity,-0.5997427552938461,48
sign_test_cel0.8,chunk_2,33,wt_mean,-0.001956797728780625,48
sign_test_cel0.8,chunk_2,34,GR,5.923964877923329,48
sign_test_cel0.8,chunk_2,34,IPC,7.015264580647151,48
sign_test_cel0.8,chunk_2,34,KR,3.4744290138284364,48
sign_test_cel0.8,chunk_2,34,MC,4.8846413145462675,48
sign_test_cel0.8,chunk_2,34,cosine_similarity,-0.5997427105903625,48
sign_test_cel0.8,chunk_2,34,wt_mean,-0.001891383901238375,48
sign_test_cel0.8,chunk_2,35,GR,5.884562897185485,48
sign_test_cel0.8,chunk_2,35,IPC,6.449445554365714,48
sign_test_cel0.8,chunk_2,35,KR,3.368990903099378,48
sign_test_cel0.8,chunk_2,35,MC,4.789185628294945,48
sign_test_cel0.8,chunk_2,35,cosine_similarity,-0.5997426807880402,48
sign_test_cel0.8,chunk_2,35,wt_mean,-0.0019408017979003001,48
sign_test_cel0.8,chunk_2,36,GR,6.418542198836803,48
sign_test_cel0.8,chunk_2,36,IPC,7.3916900207599,48
sign_test_cel0.8,chunk_2,36,KR,3.681007427473863,48
sign_test_cel0.8,chunk_2,36,MC,5.053357511758804,48
sign_test_cel0.8,chunk_2,36,cosine_similarity,-0.5997426956892014,48
sign_test_cel0.8,chunk_2,36,wt_mean,-0.00212538530468005,48
sign_test_cel0.8,chunk_2,37,GR,6.010507931311925,48
sign_test_cel0.8,chunk_2,37,IPC,6.941523949305217,48
sign_test_cel0.8,chunk_2,37,KR,3.53934079905351,48
sign_test_cel0.8,chunk_2,37,MC,4.850943361719449,48
sign_test_cel0.8,chunk_2,37,cosine_similarity,-0.5997427701950073,48
sign_test_cel0.8,chunk_2,37,wt_mean,-0.001878020324511425,48
sign_test_cel0.8,chunk_2,38,GR,5.697475954890251,48
sign_test_cel0.8,chunk_2,38,IPC,7.412361226975918,48
sign_test_cel0.8,chunk_2,38,KR,3.3627462461590767,48
sign_test_cel0.8,chunk_2,38,MC,4.827973196903865,48
sign_test_cel0.8,chunk_2,38,cosine_similarity,-0.5997427850961685,48
sign_test_cel0.8,chunk_2,38,wt_mean,-0.001977947860723325,48
sign_test_cel0.8,chunk_3,39,GR,7.634398348629475,48
sign_test_cel0.8,chunk_3,39,IPC,7.7529679872095585,48
sign_test_cel0.8,chunk_3,39,KR,4.133152239024639,48
sign_test_cel0.8,chunk_3,39,MC,5.184100404381752,48
sign_test_cel0.8,chunk_3,39,cosine_similarity,-0.5997427701950073,48
sign_test_cel0.8,chunk_3,39,wt_mean,-0.0021050137002020497,48
sign_test_cel0.8,chunk_3,40,GR,6.285111303130786,48
sign_test_cel0.8,chunk_3,40,IPC,7.351066603014867,48
sign_test_cel0.8,chunk_3,40,KR,3.803405704597632,48
sign_test_cel0.8,chunk_3,40,MC,4.908313224713008,48
sign_test_cel0.8,chunk_3,40,cosine_similarity,-0.5997426956892014,48
sign_test_cel0.8,chunk_3,40,wt_mean,-0.002051111805485525,48
sign_test_cel0.8,chunk_3,41,GR,6.799890379110972,48
sign_test_cel0.8,chunk_3,41,IPC,6.928662593166034,48
sign_test_cel0.8,chunk_3,41,KR,3.772511199116707,48
sign_test_cel0.8,chunk_3,41,MC,4.990421603123347,48
sign_test_cel0.8,chunk_3,41,cosine_similarity,-0.599742665886879,48
sign_test_cel0.8,chunk_3,41,wt_mean,-0.00195240267203185,48
sign_test_cel0.8,chunk_3,42,GR,6.3652444531520205,48
sign_test_cel0.8,chunk_3,42,IPC,7.51201506704092,48
sign_test_cel0.8,chunk_3,42,KR,3.7109188536802926,48
sign_test_cel0.8,chunk_3,42,MC,5.092550203204155,48
sign_test_cel0.8,chunk_3,42,cosine_similarity,-0.5997427850961685,48
sign_test_cel0.8,chunk_3,42,wt_mean,-0.001983228081371575,48
sign_test_cel0.8,chunk_3,43,GR,6.286530000468095,48
sign_test_cel0.8,chunk_3,43,IPC,7.40821023657918,48
sign_test_cel0.8,chunk_3,43,KR,3.570612778266271,48
sign_test_cel0.8,chunk_3,43,MC,5.463958616058032,48
sign_test_cel0.8,chunk_3,43,cosine_similarity,-0.5997427105903625,48
sign_test_cel0.8,chunk_3,43,wt_mean,-0.001914235414005775,48
sign_test_cel0.8,chunk_3,44,GR,5.60677366455396,48
sign_test_cel0.8,chunk_3,44,IPC,7.140392067531745,48
sign_test_cel0.8,chunk_3,44,KR,3.391373932361603,48
sign_test_cel0.8,chunk_3,44,MC,4.999257090191047,48
sign_test_cel0.8,chunk_3,44,cosine_similarity,-0.5997426509857178,48
sign_test_cel0.8,chunk_3,44,wt_mean,-0.0019592526659834753,48
sign_test_cel0.8,chunk_3,45,GR,5.589205890893936,48
sign_test_cel0.8,chunk_3,45,IPC,7.3549984867374105,48
sign_test_cel0.8,chunk_3,45,KR,3.4085676223039627,48
sign_test_cel0.8,chunk_3,45,MC,4.8729867314298945,48
sign_test_cel0.8,chunk_3,45,cosine_similarity,-0.5997428894042969,48
sign_test_cel0.8,chunk_3,45,wt_mean,-0.0018743946857284251,48
sign_test_cel0.8,chunk_3,46,GR,6.269125290215015,48
sign_test_cel0.8,chunk_3,46,IPC,7.219359009216229,48
sign_test_cel0.8,chunk_3,46,KR,3.7479286367694535,48
sign_test_cel0.8,chunk_3,46,MC,4.89274384578069,48
sign_test_cel0.8,chunk_3,46,cosine_similarity,-0.5997427403926849,48
sign_test_cel0.8,chunk_3,46,wt_mean,-0.001972893922356825,48
sign_test_cel0.8,chunk_3,47,GR,6.0063450286785764,48
sign_test_cel0.8,chunk_3,47,IPC,7.4841372184455395,48
sign_test_cel0.8,chunk_3,47,KR,3.452031356592973,48
sign_test_cel0.8,chunk_3,47,MC,4.942352811495463,48
sign_test_cel0.8,chunk_3,47,cosine_similarity,-0.5997427701950073,48
sign_test_cel0.8,chunk_3,47,wt_mean,-0.001858426141552575,48
sign_test_cel0.8,chunk_3,48,GR,6.02187963326772,48
sign_test_cel0.8,chunk_3,48,IPC,6.989347000916799,48
sign_test_cel0.8,chunk_3,48,KR,3.5585968047380447,48
sign_test_cel0.8,chunk_3,48,MC,4.711701730887095,48
sign_test_cel0.8,chunk_3,48,cosine_similarity,-0.5997427701950073,48
sign_test_cel0.8,chunk_3,48,wt_mean,-0.0018200488702859,48
sign_test_cel0.8,chunk_3,49,GR,5.341342858970165,48
sign_test_cel0.8,chunk_3,49,IPC,6.920508825530608,48
sign_test_cel0.8,chunk_3,49,KR,3.1919477532307305,48
sign_test_cel0.8,chunk_3,49,MC,4.283633689085643,48
sign_test_cel0.8,chunk_3,49,cosine_similarity,-0.599742591381073,48
sign_test_cel0.8,chunk_3,49,wt_mean,-0.0018719304061960002,48
sign_test_cel0.8,chunk_3,50,GR,5.825739639500777,48
sign_test_cel0.8,chunk_3,50,IPC,7.519310619682074,48
sign_test_cel0.8,chunk_3,50,KR,3.5545084749658904,48
sign_test_cel0.8,chunk_3,50,MC,5.053972816715638,48
sign_test_cel0.8,chunk_3,50,cosine_similarity,-0.5997427999973297,48
sign_test_cel0.8,chunk_3,50,wt_mean,-0.001999394880840525,48
sign_test_cel0.8,chunk_3,51,GR,5.605604228874047,48
sign_test_cel0.8,chunk_3,51,IPC,6.774936520804961,48
sign_test_cel0.8,chunk_3,51,KR,3.280421701570352,48
sign_test_cel0.8,chunk_3,51,MC,4.891396542390187,48
sign_test_cel0.8,chunk_3,51,cosine_similarity,-0.5997426509857178,48
sign_test_cel0.8,chunk_3,51,wt_mean,-0.00196889281505715,48
sign_test_cel0.8,chunk_4,52,GR,6.090199182430903,48
sign_test_cel0.8,chunk_4,52,IPC,7.528540077308814,48
sign_test_cel0.8,chunk_4,52,KR,3.6649529114365578,48
sign_test_cel0.8,chunk_4,52,MC,5.109322975079219,48
sign_test_cel0.8,chunk_4,52,cosine_similarity,-0.5997428148984909,48
sign_test_cel0.8,chunk_4,52,wt_mean,-0.0019145010446663501,48
sign_test_cel0.8,chunk_4,53,GR,6.191099022825559,48
sign_test_cel0.8,chunk_4,53,IPC,6.951845911641915,48
sign_test_cel0.8,chunk_4,53,KR,3.585937261581421,48
sign_test_cel0.8,chunk_4,53,MC,4.528493431707223,48
sign_test_cel0.8,chunk_4,53,cosine_similarity,-0.599742665886879,48
sign_test_cel0.8,chunk_4,53,wt_mean,-0.001898839051136675,48
sign_test_cel0.8,chunk_4,54,GR,7.0580172290404635,48
sign_test_cel0.8,chunk_4,54,IPC,7.410871950288613,48
sign_test_cel0.8,chunk_4,54,KR,3.9891180942455926,48
sign_test_cel0.8,chunk_4,54,MC,5.094721769293149,48
sign_test_cel0.8,chunk_4,54,cosine_similarity,-0.5997427701950073,48
sign_test_cel0.8,chunk_4,54,wt_mean,-0.0020657127315643503,48
sign_test_cel0.8,chunk_4,55,GR,6.422516038020452,48
sign_test_cel0.8,chunk_4,55,IPC,7.506182114283244,48
sign_test_cel0.8,chunk_4,55,KR,3.684527352452278,48
sign_test_cel0.8,chunk_4,55,MC,5.005127993722756,48
sign_test_cel0.8,chunk_4,55,cosine_similarity,-0.5997427105903625,48
sign_test_cel0.8,chunk_4,55,wt_mean,-0.002082846389384875,48
sign_test_cel0.8,chunk_4,56,GR,5.531789829333623,48
sign_test_cel0.8,chunk_4,56,IPC,6.68289827555418,48
sign_test_cel0.8,chunk_4,56,KR,3.2998739456137023,48
sign_test_cel0.8,chunk_4,56,MC,4.913208733002345,48
sign_test_cel0.8,chunk_4,56,cosine_similarity,-0.5997426956892014,48
sign_test_cel0.8,chunk_4,56,wt_mean,-0.0019140148942824,48
sign_test_cel0.8,chunk_4,57,GR,5.515319474041462,48
sign_test_cel0.8,chunk_4,57,IPC,6.905755415558815,48
sign_test_cel0.8,chunk_4,57,KR,3.335403668383757,48
sign_test_cel0.8,chunk_4,57,MC,4.633132144808769,48
sign_test_cel0.8,chunk_4,57,cosine_similarity,-0.5997427999973297,48
sign_test_cel0.8,chunk_4,57,wt_mean,-0.00181050781975495,48
sign_test_cel0.8,chunk_4,58,GR,6.256680751840274,48
sign_test_cel0.8,chunk_4,58,IPC,6.927113874504964,48
sign_test_cel0.8,chunk_4,58,KR,3.614034948249658,48
sign_test_cel0.8,chunk_4,58,MC,4.565626046309869,48
sign_test_cel0.8,chunk_4,58,cosine_similarity,-0.5997428297996521,48
sign_test_cel0.8,chunk_4,58,wt_mean,-0.00200637840316625,48
sign_test_cel0.8,chunk_4,59,GR,6.049387941757838,48
sign_test_cel0.8,chunk_4,59,IPC,8.098166270802418,48
sign_test_cel0.8,chunk_4,59,KR,3.3738149305184684,48
sign_test_cel0.8,chunk_4,59,MC,5.357619280616443,48
sign_test_cel0.8,chunk_4,59,cosine_similarity,-0.5997427850961685,48
sign_test_cel0.8,chunk_4,59,wt_mean,-0.0019538586202542747,48
sign_test_cel0.8,chunk_4,60,GR,6.719554511209329,48
sign_test_cel0.8,chunk_4,60,IPC,6.944819121311109,48
sign_test_cel0.8,chunk_4,60,KR,3.9889538114269576,48
sign_test_cel0.8,chunk_4,60,MC,4.840837771693866,48
sign_test_cel0.8,chunk_4,60,cosine_similarity,-0.5997427105903625,48
sign_test_cel0.8,chunk_4,60,wt_mean,-0.001960602850886025,48
sign_test_cel0.8,chunk_4,61,GR,6.466642369826634,48
sign_test_cel0.8,chunk_4,61,IPC,6.910874715695779,48
sign_test_cel0.8,chunk_4,61,KR,3.7385735462109246,48
sign_test_cel0.8,chunk_4,61,MC,4.689163699746132,48
sign_test_cel0.8,chunk_4,61,cosine_similarity,-0.5997426211833954,48
sign_test_cel0.8,chunk_4,61,wt_mean,-0.0018000793061218748,48
sign_test_cel0.8,chunk_4,62,GR,5.459411039948463,48
sign_test_cel0.8,chunk_4,62,IPC,7.285690147429705,48
sign_test_cel0.8,chunk_4,62,KR,3.214564653734366,48
sign_test_cel0.8,chunk_4,62,MC,4.951906797786553,48
sign_test_cel0.8,chunk_4,62,cosine_similarity,-0.5997428447008133,48
sign_test_cel0.8,chunk_4,62,wt_mean,-0.0018789059831760251,48
sign_test_cel0.8,chunk_4,63,GR,5.992949652175109,48
sign_test_cel0.8,chunk_4,63,IPC,7.448180769880612,48
sign_test_cel0.8,chunk_4,63,KR,3.5644302144646645,48
sign_test_cel0.8,chunk_4,63,MC,4.822446599602699,48
sign_test_cel0.8,chunk_4,63,cosine_similarity,-0.5997429192066193,48
sign_test_cel0.8,chunk_4,63,wt_mean,-0.00194232573267065,48
sign_test_cel0.8,chunk_4,64,GR,7.293762480219205,48
sign_test_cel0.8,chunk_4,64,IPC,7.945520987113317,48
sign_test_cel0.8,chunk_4,64,KR,4.2943860565622645,48
sign_test_cel0.8,chunk_4,64,MC,5.516739572087924,48
sign_test_cel0.8,chunk_4,64,cosine_similarity,-0.5997425615787506,48
sign_test_cel0.8,chunk_4,64,wt_mean,-0.0021883284207433,48
sign_test_cel0.8,chunk_5,65,GR,6.691283896565437,48
sign_test_cel0.8,chunk_5,65,IPC,8.219769650449356,48
sign_test_cel0.8,chunk_5,65,KR,3.743909897903601,48
sign_test_cel0.8,chunk_5,65,MC,5.712297101815541,48
sign_test_cel0.8,chunk_5,65,cosine_similarity,-0.5997426062822342,48
sign_test_cel0.8,chunk_5,65,wt_mean,-0.00197675792151125,48
sign_test_cel0.8,chunk_5,66,GR,5.199480024476846,48
sign_test_cel0.8,chunk_5,66,IPC,7.428564501305421,48
sign_test_cel0.8,chunk_5,66,KR,3.1252925818165145,48
sign_test_cel0.8,chunk_5,66,MC,4.71207611511151,48
sign_test_cel0.8,chunk_5,66,cosine_similarity,-0.5997425317764282,48
sign_test_cel0.8,chunk_5,66,wt_mean,-0.0019189447630196248,48
sign_test_cel0.8,chunk_5,67,GR,6.524487788478534,48
sign_test_cel0.8,chunk_5,67,IPC,7.843297012150288,48
sign_test_cel0.8,chunk_5,67,KR,3.8229723994930587,48
sign_test_cel0.8,chunk_5,67,MC,5.319745684663455,48
sign_test_cel0.8,chunk_5,67,cosine_similarity,-0.5997426211833954,48
sign_test_cel0.8,chunk_5,67,wt_mean,-0.0021373258787206746,48
sign_test_cel0.8,chunk_5,68,GR,5.291137255728245,48
sign_test_cel0.8,chunk_5,68,IPC,6.985616294046243,48
sign_test_cel0.8,chunk_5,68,KR,3.160701277355353,48
sign_test_cel0.8,chunk_5,68,MC,4.891334707538287,48
sign_test_cel0.8,chunk_5,68,cosine_similarity,-0.5997426807880402,48
sign_test_cel0.8,chunk_5,68,wt_mean,-0.001755933160893575,48
sign_test_cel0.8,chunk_5,69,GR,6.502602892617385,48
sign_test_cel0.8,chunk_5,69,IPC,6.965336347619693,48
sign_test_cel0.8,chunk_5,69,KR,3.8136925722161927,48
sign_test_cel0.8,chunk_5,69,MC,4.913253411650658,48
sign_test_cel0.8,chunk_5,69,cosine_similarity,-0.5997426062822342,48
sign_test_cel0.8,chunk_5,69,wt_mean,-0.001979643071535925,48
sign_test_cel0.8,chunk_5,70,GR,6.987932580212752,48
sign_test_cel0.8,chunk_5,70,IPC,7.880111037443082,48
sign_test_cel0.8,chunk_5,70,KR,3.9914709677298865,48
sign_test_cel0.8,chunk_5,70,MC,5.0673606644074125,48
sign_test_cel0.8,chunk_5,70,cosine_similarity,-0.5997428894042969,48
sign_test_cel0.8,chunk_5,70,wt_mean,-0.002199434355134075,48
sign_test_cel0.8,chunk_5,71,GR,6.270792712767919,48
sign_test_cel0.8,chunk_5,71,IPC,7.46412864451607,48
sign_test_cel0.8,chunk_5,71,KR,3.6313453589876494,48
sign_test_cel0.8,chunk_5,71,MC,4.96364629516999,48
sign_test_cel0.8,chunk_5,71,cosine_similarity,-0.5997426807880402,48
sign_test_cel0.8,chunk_5,71,wt_mean,-0.0020492479961830502,48
sign_test_cel0.8,chunk_5,72,GR,5.359097105761369,48
sign_test_cel0.8,chunk_5,72,IPC,7.051943950355053,48
sign_test_cel0.8,chunk_5,72,KR,3.251491829752922,48
sign_test_cel0.8,chunk_5,72,MC,4.7580955276886625,48
sign_test_cel0.8,chunk_5,72,cosine_similarity,-0.5997426509857178,48
sign_test_cel0.8,chunk_5,72,wt_mean,-0.001812543516280075,48
sign_test_cel0.8,chunk_5,73,GR,6.39695996294419,48
sign_test_cel0.8,chunk_5,73,IPC,7.089230711261432,48
sign_test_cel0.8,chunk_5,73,KR,3.6540366734067597,48
sign_test_cel0.8,chunk_5,73,MC,4.924530257781346,48
sign_test_cel0.8,chunk_5,73,cosine_similarity,-0.5997427254915237,48
sign_test_cel0.8,chunk_5,73,wt_mean,-0.0019466872327029248,48
sign_test_cel0.8,chunk_5,74,GR,5.181196287274361,48
sign_test_cel0.8,chunk_5,74,IPC,7.157415367662907,48
sign_test_cel0.8,chunk_5,74,KR,3.1595438395937285,48
sign_test_cel0.8,chunk_5,74,MC,4.754919147739808,48
sign_test_cel0.8,chunk_5,74,cosine_similarity,-0.5997427999973297,48
sign_test_cel0.8,chunk_5,74,wt_mean,-0.0017837712075560999,48
sign_test_cel0.8,chunk_5,75,GR,5.629159800708294,48
sign_test_cel0.8,chunk_5,75,IPC,7.569012477993965,48
sign_test_cel0.8,chunk_5,75,KR,3.32655959824721,48
sign_test_cel0.8,chunk_5,75,MC,4.949965576330821,48
sign_test_cel0.8,chunk_5,75,cosine_similarity,-0.5997427254915237,48
sign_test_cel0.8,chunk_5,75,wt_mean,-0.0019119753269478252,48
sign_test_cel0.8,chunk_5,76,GR,5.5627302924791975,48
sign_test_cel0.8,chunk_5,76,IPC,6.716410665462415,48
sign_test_cel0.8,chunk_5,76,KR,3.2334601978460946,48
sign_test_cel0.8,chunk_5,76,MC,4.673755933841069,48
sign_test_cel0.8,chunk_5,76,cosine_similarity,-0.5997426360845566,48
sign_test_cel0.8,chunk_5,76,wt_mean,-0.001901154901133775,48
sign_test_cel0.8,chunk_5,77,GR,6.102793005605538,48
sign_test_cel0.8,chunk_5,77,IPC,7.383242912590504,48
sign_test_cel0.8,chunk_5,77,KR,3.4876246651013694,48
sign_test_cel0.8,chunk_5,77,MC,5.093535500268142,48
sign_test_cel0.8,chunk_5,77,cosine_similarity,-0.5997426807880402,48
sign_test_cel0.8,chunk_5,77,wt_mean,-0.0018978939915540998,48
sign_test_cel0.8,chunk_6,78,GR,6.097676567733288,48
sign_test_cel0.8,chunk_6,78,IPC,6.661817041536172,48
sign_test_cel0.8,chunk_6,78,KR,3.574074154098829,48
sign_test_cel0.8,chunk_6,78,MC,4.955851015945275,48
sign_test_cel0.8,chunk_6,78,cosine_similarity,-0.5997428596019745,48
sign_test_cel0.8,chunk_6,78,wt_mean,-0.0020444227557163248,48
sign_test_cel0.8,chunk_6,79,GR,5.606212384998798,48
sign_test_cel0.8,chunk_6,79,IPC,7.453149435420831,48
sign_test_cel0.8,chunk_6,79,KR,3.333109383781751,48
sign_test_cel0.8,chunk_6,79,MC,5.288339441021283,48
sign_test_cel0.8,chunk_6,79,cosine_similarity,-0.5997426807880402,48
sign_test_cel0.8,chunk_6,79,wt_mean,-0.0019317902333568498,48
sign_test_cel0.8,chunk_6,80,GR,7.053427172203858,48
sign_test_cel0.8,chunk_6,80,IPC,7.435855783522129,48
sign_test_cel0.8,chunk_6,80,KR,3.9961777180433273,48
sign_test_cel0.8,chunk_6,80,MC,4.876111386964719,48
sign_test_cel0.8,chunk_6,80,cosine_similarity,-0.5997426956892014,48
sign_test_cel0.8,chunk_6,80,wt_mean,-0.00197958521312095,48
sign_test_cel0.8,chunk_6,81,GR,5.799518749117851,48
sign_test_cel0.8,chunk_6,81,IPC,6.746231994281213,48
sign_test_cel0.8,chunk_6,81,KR,3.347677747408549,48
sign_test_cel0.8,chunk_6,81,MC,4.74469805508852,48
sign_test_cel0.8,chunk_6,81,cosine_similarity,-0.5997428148984909,48
sign_test_cel0.8,chunk_6,81,wt_mean,-0.001896585279609975,48
sign_test_cel0.8,chunk_6,82,GR,5.990691604713599,48
sign_test_cel0.8,chunk_6,82,IPC,7.489693486442168,48
sign_test_cel0.8,chunk_6,82,KR,3.5098789309461913,48
sign_test_cel0.8,chunk_6,82,MC,5.238209555546443,48
sign_test_cel0.8,chunk_6,82,cosine_similarity,-0.5997425019741058,48
sign_test_cel0.8,chunk_6,82,wt_mean,-0.001967112359125125,48
sign_test_cel0.8,chunk_6,83,GR,5.84679717818896,48
sign_test_cel0.8,chunk_6,83,IPC,6.622139451404412,48
sign_test_cel0.8,chunk_6,83,KR,3.3539577946066856,48
sign_test_cel0.8,chunk_6,83,MC,4.2975671030581,48
sign_test_cel0.8,chunk_6,83,cosine_similarity,-0.5997426360845566,48
sign_test_cel0.8,chunk_6,83,wt_mean,-0.0019202026596758252,48
sign_test_cel0.8,chunk_6,84,GR,5.804030142724514,48
sign_test_cel0.8,chunk_6,84,IPC,7.213412729402383,48
sign_test_cel0.8,chunk_6,84,KR,3.410670613249143,48
sign_test_cel0.8,chunk_6,84,MC,4.648078779379527,48
sign_test_cel0.8,chunk_6,84,cosine_similarity,-0.5997427701950073,48
sign_test_cel0.8,chunk_6,84,wt_mean,-0.0020070937753189,48
sign_test_cel0.8,chunk_6,85,GR,5.819882002969583,48
sign_test_cel0.8,chunk_6,85,IPC,7.292158454656601,48
sign_test_cel0.8,chunk_6,85,KR,3.4613196328282356,48
sign_test_cel0.8,chunk_6,85,MC,4.669551769892375,48
sign_test_cel0.8,chunk_6,85,cosine_similarity,-0.5997429043054581,48
sign_test_cel0.8,chunk_6,85,wt_mean,-0.0020816916658077003,48
sign_test_cel0.8,chunk_6,86,GR,6.233552063504855,48
sign_test_cel0.8,chunk_6,86,IPC,7.90582712739706,48
sign_test_cel0.8,chunk_6,86,KR,3.7023034940163293,48
sign_test_cel0.8,chunk_6,86,MC,5.469904993971189,48
sign_test_cel0.8,chunk_6,86,cosine_similarity,-0.5997427701950073,48
sign_test_cel0.8,chunk_6,86,wt_mean,-0.002066311455564525,48
sign_test_cel0.8,chunk_6,87,GR,5.85696001847585,48
sign_test_cel0.8,chunk_6,87,IPC,6.942302418251832,48
sign_test_cel0.8,chunk_6,87,KR,3.398424838980039,48
sign_test_cel0.8,chunk_6,87,MC,5.001392121116321,48
sign_test_cel0.8,chunk_6,87,cosine_similarity,-0.599742665886879,48
sign_test_cel0.8,chunk_6,87,wt_mean,-0.001955207320861475,48
sign_test_cel0.8,chunk_6,88,GR,6.111473272244136,48
sign_test_cel0.8,chunk_6,88,IPC,6.690892145037651,48
sign_test_cel0.8,chunk_6,88,KR,3.580167606472969,48
sign_test_cel0.8,chunk_6,88,MC,5.0457100967566175,48
sign_test_cel0.8,chunk_6,88,cosine_similarity,-0.5997427254915237,48
sign_test_cel0.8,chunk_6,88,wt_mean,-0.002024926419835475,48
sign_test_cel0.8,chunk_6,89,GR,5.305971336861451,48
sign_test_cel0.8,chunk_6,89,IPC,7.106869224458933,48
sign_test_cel0.8,chunk_6,89,KR,3.2370382472872734,48
sign_test_cel0.8,chunk_6,89,MC,4.898317649960518,48
sign_test_cel0.8,chunk_6,89,cosine_similarity,-0.5997428297996521,48
sign_test_cel0.8,chunk_6,89,wt_mean,-0.00183757481863715,48
sign_test_cel0.8,chunk_6,90,GR,6.389181653658549,48
sign_test_cel0.8,chunk_6,90,IPC,7.111241004119317,48
sign_test_cel0.8,chunk_6,90,KR,3.751520869632562,48
sign_test_cel0.8,chunk_6,90,MC,4.888872524102529,48
sign_test_cel0.8,chunk_6,90,cosine_similarity,-0.599742591381073,48
sign_test_cel0.8,chunk_6,90,wt_mean,-0.0018473129312041251,48
sign_test_cel0.8,chunk_7,100,GR,5.899790061016877,48
sign_test_cel0.8,chunk_7,100,IPC,7.592849546422561,48
sign_test_cel0.8,chunk_7,100,KR,3.506739775339762,48
sign_test_cel0.8,chunk_7,100,MC,5.015739316741626,48
sign_test_cel0.8,chunk_7,100,cosine_similarity,-0.5997426211833954,48
sign_test_cel0.8,chunk_7,100,wt_mean,-0.0019356631091795751,48
sign_test_cel0.8,chunk_7,101,GR,6.164437266687552,48
sign_test_cel0.8,chunk_7,101,IPC,6.770018578817447,48
sign_test_cel0.8,chunk_7,101,KR,3.579217717051506,48
sign_test_cel0.8,chunk_7,101,MC,4.783000752329826,48
sign_test_cel0.8,chunk_7,101,cosine_similarity,-0.5997428596019745,48
sign_test_cel0.8,chunk_7,101,wt_mean,-0.002000041014980475,48
sign_test_cel0.8,chunk_7,102,GR,6.330881185829639,48
sign_test_cel0.8,chunk_7,102,IPC,7.5888991591831045,48
sign_test_cel0.8,chunk_7,102,KR,3.5549668918053308,48
sign_test_cel0.8,chunk_7,102,MC,5.304379257063071,48
sign_test_cel0.8,chunk_7,102,cosine_similarity,-0.5997428297996521,48
sign_test_cel0.8,chunk_7,102,wt_mean,-0.0019779313297476,48
sign_test_cel0.8,chunk_7,103,GR,6.262606603403886,48
sign_test_cel0.8,chunk_7,103,IPC,7.435919384161632,48
sign_test_cel0.8,chunk_7,103,KR,3.581215480963389,48
sign_test_cel0.8,chunk_7,103,MC,4.8018509695927305,48
sign_test_cel0.8,chunk_7,103,cosine_similarity,-0.5997427701950073,48
sign_test_cel0.8,chunk_7,103,wt_mean,-0.002013741584960325,48
sign_test_cel0.8,chunk_7,91,GR,5.762312149008115,48
sign_test_cel0.8,chunk_7,91,IPC,7.094547567268212,48
sign_test_cel0.8,chunk_7,91,KR,3.4559430852532387,48
sign_test_cel0.8,chunk_7,91,MC,4.959978878498077,48
sign_test_cel0.8,chunk_7,91,cosine_similarity,-0.5997427254915237,48
sign_test_cel0.8,chunk_7,91,wt_mean,-0.001816598174627825,48
sign_test_cel0.8,chunk_7,92,GR,6.211362781624,48
sign_test_cel0.8,chunk_7,92,IPC,7.428271196782589,48
sign_test_cel0.8,chunk_7,92,KR,3.6900462433695793,48
sign_test_cel0.8,chunk_7,92,MC,4.913052469491959,48
sign_test_cel0.8,chunk_7,92,cosine_similarity,-0.5997427254915237,48
sign_test_cel0.8,chunk_7,92,wt_mean,-0.0018300270021427,48
sign_test_cel0.8,chunk_7,93,GR,5.648650772869587,48
sign_test_cel0.8,chunk_7,93,IPC,7.248648622383674,48
sign_test_cel0.8,chunk_7,93,KR,3.2445303897062936,48
sign_test_cel0.8,chunk_7,93,MC,4.613095248738925,48
sign_test_cel0.8,chunk_7,93,cosine_similarity,-0.5997428447008133,48
sign_test_cel0.8,chunk_7,93,wt_mean,-0.0018133495468646,48
sign_test_cel0.8,chunk_7,94,GR,5.500913927952449,48
sign_test_cel0.8,chunk_7,94,IPC,7.239272084087133,48
sign_test_cel0.8,chunk_7,94,KR,3.3934995581706366,48
sign_test_cel0.8,chunk_7,94,MC,4.980237635473411,48
sign_test_cel0.8,chunk_7,94,cosine_similarity,-0.5997427999973297,48
sign_test_cel0.8,chunk_7,94,wt_mean,-0.0018988156807608501,48
sign_test_cel0.8,chunk_7,95,GR,6.1649288063248,48
sign_test_cel0.8,chunk_7,95,IPC,6.905990917235613,48
sign_test_cel0.8,chunk_7,95,KR,3.6416982039809227,48
sign_test_cel0.8,chunk_7,95,MC,4.862869113683701,48
sign_test_cel0.8,chunk_7,95,cosine_similarity,-0.5997427850961685,48
sign_test_cel0.8,chunk_7,95,wt_mean,-0.001949651545146425,48
sign_test_cel0.8,chunk_7,96,GR,5.029891781508923,48
sign_test_cel0.8,chunk_7,96,IPC,6.524260461330414,48
sign_test_cel0.8,chunk_7,96,KR,3.100313678383827,48
sign_test_cel0.8,chunk_7,96,MC,4.662913369635741,48
sign_test_cel0.8,chunk_7,96,cosine_similarity,-0.5997427105903625,48
sign_test_cel0.8,chunk_7,96,wt_mean,-0.00174404171411875,48
sign_test_cel0.8,chunk_7,97,GR,6.668791696429253,48
sign_test_cel0.8,chunk_7,97,IPC,7.263926515976588,48
sign_test_cel0.8,chunk_7,97,KR,3.8760417799154916,48
sign_test_cel0.8,chunk_7,97,MC,5.081512480974197,48
sign_test_cel0.8,chunk_7,97,cosine_similarity,-0.5997426360845566,48
sign_test_cel0.8,chunk_7,97,wt_mean,-0.002001426328206375,48
sign_test_cel0.8,chunk_7,98,GR,5.616393464306991,48
sign_test_cel0.8,chunk_7,98,IPC,7.013755698998769,48
sign_test_cel0.8,chunk_7,98,KR,3.3282878225048385,48
sign_test_cel0.8,chunk_7,98,MC,5.073969848453999,48
sign_test_cel0.8,chunk_7,98,cosine_similarity,-0.5997428596019745,48
sign_test_cel0.8,chunk_7,98,wt_mean,-0.0019224821007810002,48
sign_test_cel0.8,chunk_7,99,GR,7.572730342547099,48
sign_test_cel0.8,chunk_7,99,IPC,6.7252991485099,48
sign_test_cel0.8,chunk_7,99,KR,4.303529515862465,48
sign_test_cel0.8,chunk_7,99,MC,4.923377585907777,48
sign_test_cel0.8,chunk_7,99,cosine_similarity,-0.5997427701950073,48
sign_test_cel0.8,chunk_7,99,wt_mean,-0.00213227284257295,48
sign_test_cel0.8,chunk_8,104,GR,6.3947659358382225,48
sign_test_cel0.8,chunk_8,104,IPC,6.558517015228669,48
sign_test_cel0.8,chunk_8,104,KR,3.7544811268647513,48
sign_test_cel0.8,chunk_8,104,MC,4.548165722439687,48
sign_test_cel0.8,chunk_8,104,cosine_similarity,-0.5997427999973297,48
sign_test_cel0.8,chunk_8,104,wt_mean,-0.00190823656157585,48
sign_test_cel0.8,chunk_8,105,GR,5.982727696498235,48
sign_test_cel0.8,chunk_8,105,IPC,7.68001006791989,48
sign_test_cel0.8,chunk_8,105,KR,3.553909140328566,48
sign_test_cel0.8,chunk_8,105,MC,5.243133683999379,48
sign_test_cel0.8,chunk_8,105,cosine_similarity,-0.5997426360845566,48
sign_test_cel0.8,chunk_8,105,wt_mean,-0.001856552000390325,48
sign_test_cel0.8,chunk_8,106,GR,5.62177882840236,48
sign_test_cel0.8,chunk_8,106,IPC,7.1389191771547,48
sign_test_cel0.8,chunk_8,106,KR,3.30913503219684,48
sign_test_cel0.8,chunk_8,106,MC,4.7089230840404825,48
sign_test_cel0.8,chunk_8,106,cosine_similarity,-0.5997427999973297,48
sign_test_cel0.8,chunk_8,106,wt_mean,-0.0019466047233435751,48
sign_test_cel0.8,chunk_8,107,GR,5.8680269966522856,48
sign_test_cel0.8,chunk_8,107,IPC,6.648814279586077,48
sign_test_cel0.8,chunk_8,107,KR,3.2657092586159706,48
sign_test_cel0.8,chunk_8,107,MC,4.2123628581563635,48
sign_test_cel0.8,chunk_8,107,cosine_similarity,-0.5997427254915237,48
sign_test_cel0.8,chunk_8,107,wt_mean,-0.001896200410556025,48
sign_test_cel0.8,chunk_8,108,GR,5.571246606608232,48
sign_test_cel0.8,chunk_8,108,IPC,7.323420222848654,48
sign_test_cel0.8,chunk_8,108,KR,3.2563901717464128,48
sign_test_cel0.8,chunk_8,108,MC,4.836449444293976,48
sign_test_cel0.8,chunk_8,108,cosine_similarity,-0.5997428894042969,48
sign_test_cel0.8,chunk_8,108,wt_mean,-0.0019361709419172,48
sign_test_cel0.8,chunk_8,109,GR,6.0736062948902445,48
sign_test_cel0.8,chunk_8,109,IPC,6.623027827590704,48
sign_test_cel0.8,chunk_8,109,KR,3.4693367034196854,48
sign_test_cel0.8,chunk_8,109,MC,4.716119766235352,48
sign_test_cel0.8,chunk_8,109,cosine_similarity,-0.5997427403926849,48
sign_test_cel0.8,chunk_8,109,wt_mean,-0.0019443617202341,48
sign_test_cel0.8,chunk_8,110,GR,5.0666511952877045,48
sign_test_cel0.8,chunk_8,110,IPC,7.301833347727855,48
sign_test_cel0.8,chunk_8,110,KR,3.1248423705498376,48
sign_test_cel0.8,chunk_8,110,MC,5.128299208978812,48
sign_test_cel0.8,chunk_8,110,cosine_similarity,-0.599742591381073,48
sign_test_cel0.8,chunk_8,110,wt_mean,-0.0018343401898163498,48
sign_test_cel0.8,chunk_8,111,GR,4.874669385453065,48
sign_test_cel0.8,chunk_8,111,IPC,6.835139061013858,48
sign_test_cel0.8,chunk_8,111,KR,2.984153983493646,48
sign_test_cel0.8,chunk_8,111,MC,4.630091046293576,48
sign_test_cel0.8,chunk_8,111,cosine_similarity,-0.5997428297996521,48
sign_test_cel0.8,chunk_8,111,wt_mean,-0.001813776558265025,48
sign_test_cel0.8,chunk_8,112,GR,6.157325454056263,48
sign_test_cel0.8,chunk_8,112,IPC,7.24077224607269,48
sign_test_cel0.8,chunk_8,112,KR,3.8243838598330817,48
sign_test_cel0.8,chunk_8,112,MC,5.283602674802144,48
sign_test_cel0.8,chunk_8,112,cosine_similarity,-0.5997426211833954,48
sign_test_cel0.8,chunk_8,112,wt_mean,-0.00193588252295735,48
sign_test_cel0.8,chunk_8,113,GR,5.3106726085146265,48
sign_test_cel0.8,chunk_8,113,IPC,6.807633342842261,48
sign_test_cel0.8,chunk_8,113,KR,3.20098228007555,48
sign_test_cel0.8,chunk_8,113,MC,4.636492515603702,48
sign_test_cel0.8,chunk_8,113,cosine_similarity,-0.5997427105903625,48
sign_test_cel0.8,chunk_8,113,wt_mean,-0.0018348290468565749,48
sign_test_cel0.8,chunk_8,114,GR,5.5861156185468035,48
sign_test_cel0.8,chunk_8,114,IPC,6.718852988133828,48
sign_test_cel0.8,chunk_8,114,KR,3.2429767747720084,48
sign_test_cel0.8,chunk_8,114,MC,4.59780752658844,48
sign_test_cel0.8,chunk_8,114,cosine_similarity,-0.5997428894042969,48
sign_test_cel0.8,chunk_8,114,wt_mean,-0.0017958696989807752,48
sign_test_cel0.8,chunk_8,115,GR,5.972944455842177,48
sign_test_cel0.8,chunk_8,115,IPC,7.701394757876794,48
sign_test_cel0.8,chunk_8,115,KR,3.427603860696157,48
sign_test_cel0.8,chunk_8,115,MC,5.202454678714275,48
sign_test_cel0.8,chunk_8,115,cosine_similarity,-0.5997427105903625,48
sign_test_cel0.8,chunk_8,115,wt_mean,-0.00202954260748805,48
sign_test_cel0.8,chunk_8,116,GR,7.443238576253255,48
sign_test_cel0.8,chunk_8,116,IPC,7.240989389518897,48
sign_test_cel0.8,chunk_8,116,KR,4.163780175149441,48
sign_test_cel0.8,chunk_8,116,MC,4.93429958820343,48
sign_test_cel0.8,chunk_8,116,cosine_similarity,-0.5997427254915237,48
sign_test_cel0.8,chunk_8,116,wt_mean,-0.0019510415440890502,48
sign_test_cel0.8,chunk_9,117,GR,6.20410084972779,48
sign_test_cel0.8,chunk_9,117,IPC,7.575847351302703,48
sign_test_cel0.8,chunk_9,117,KR,3.6518068437774978,48
sign_test_cel0.8,chunk_9,117,MC,4.976522942384084,48
sign_test_cel0.8,chunk_9,117,cosine_similarity,-0.5997428596019745,48
sign_test_cel0.8,chunk_9,117,wt_mean,-0.00204626630875275,48
sign_test_cel0.8,chunk_9,118,GR,6.211477088431518,48
sign_test_cel0.8,chunk_9,118,IPC,6.570767516891162,48
sign_test_cel0.8,chunk_9,118,KR,3.573622619112333,48
sign_test_cel0.8,chunk_9,118,MC,4.56115164856116,48
sign_test_cel0.8,chunk_9,118,cosine_similarity,-0.5997427105903625,48
sign_test_cel0.8,chunk_9,118,wt_mean,-0.0018109979864675248,48
sign_test_cel0.8,chunk_9,119,GR,5.273778289556503,48
sign_test_cel0.8,chunk_9,119,IPC,6.9700347657004995,48
sign_test_cel0.8,chunk_9,119,KR,3.1276399915417037,48
sign_test_cel0.8,chunk_9,119,MC,4.738542760411899,48
sign_test_cel0.8,chunk_9,119,cosine_similarity,-0.5997427701950073,48
sign_test_cel0.8,chunk_9,119,wt_mean,-0.0017847467388491499,48
sign_test_cel0.8,chunk_9,120,GR,5.388106087843577,48
sign_test_cel0.8,chunk_9,120,IPC,7.2768847433229285,48
sign_test_cel0.8,chunk_9,120,KR,3.375205844640732,48
sign_test_cel0.8,chunk_9,120,MC,4.978488941987355,48
sign_test_cel0.8,chunk_9,120,cosine_similarity,-0.5997427701950073,48
sign_test_cel0.8,chunk_9,120,wt_mean,-0.0019410111708566,48
sign_test_cel0.8,chunk_9,121,GR,6.005015912155311,48
sign_test_cel0.8,chunk_9,121,IPC,7.786473456770182,48
sign_test_cel0.8,chunk_9,121,KR,3.604431783159574,48
sign_test_cel0.8,chunk_9,121,MC,5.421998143196106,48
sign_test_cel0.8,chunk_9,121,cosine_similarity,-0.5997426509857178,48
sign_test_cel0.8,chunk_9,121,wt_mean,-0.0018732472963165,48
sign_test_cel0.8,chunk_9,122,GR,5.579468595484893,48
sign_test_cel0.8,chunk_9,122,IPC,7.663344889879227,48
sign_test_cel0.8,chunk_9,122,KR,3.2277018328507743,48
sign_test_cel0.8,chunk_9,122,MC,4.714457755287488,48
sign_test_cel0.8,chunk_9,122,cosine_similarity,-0.5997429192066193,48
sign_test_cel0.8,chunk_9,122,wt_mean,-0.001978753658477175,48
sign_test_cel0.8,chunk_9,123,GR,5.755645068983237,48
sign_test_cel0.8,chunk_9,123,IPC,5.672469209879637,48
sign_test_cel0.8,chunk_9,123,KR,3.309480565289656,48
sign_test_cel0.8,chunk_9,123,MC,4.390894817809264,48
sign_test_cel0.8,chunk_9,123,cosine_similarity,-0.5997427254915237,48
sign_test_cel0.8,chunk_9,123,wt_mean,-0.001834595313994175,48
sign_test_cel0.8,chunk_9,124,GR,5.692327591280143,48
sign_test_cel0.8,chunk_9,124,IPC,6.923597544431686,48
sign_test_cel0.8,chunk_9,124,KR,3.389698252081871,48
sign_test_cel0.8,chunk_9,124,MC,4.85086190700531,48
sign_test_cel0.8,chunk_9,124,cosine_similarity,-0.5997427850961685,48
sign_test_cel0.8,chunk_9,124,wt_mean,-0.00193129305262115,48
sign_test_cel0.8,chunk_9,125,GR,5.924817296365897,48
sign_test_cel0.8,chunk_9,125,IPC,7.013140416393678,48
sign_test_cel0.8,chunk_9,125,KR,3.441053112347921,48
sign_test_cel0.8,chunk_9,125,MC,4.640435107052326,48
sign_test_cel0.8,chunk_9,125,cosine_similarity,-0.5997428596019745,48
sign_test_cel0.8,chunk_9,125,wt_mean,-0.001838257914641825,48
sign_test_cel0.8,chunk_9,126,GR,5.762790364523728,48
sign_test_cel0.8,chunk_9,126,IPC,7.254241419335206,48
sign_test_cel0.8,chunk_9,126,KR,3.4102800861001015,48
sign_test_cel0.8,chunk_9,126,MC,4.99042924741904,48
sign_test_cel0.8,chunk_9,126,cosine_similarity,-0.5997428148984909,48
sign_test_cel0.8,chunk_9,126,wt_mean,-0.001927617879118725,48
sign_test_cel0.8,chunk_9,127,GR,6.831267503400643,48
sign_test_cel0.8,chunk_9,127,IPC,6.843563875804345,48
sign_test_cel0.8,chunk_9,127,KR,3.8306502029299736,48
sign_test_cel0.8,chunk_9,127,MC,5.07236993809541,48
sign_test_cel0.8,chunk_9,127,cosine_similarity,-0.5997427254915237,48
sign_test_cel0.8,chunk_9,127,wt_mean,-0.0019078343175351002,48
sign_test_cel0.8,chunk_9,128,GR,5.28878207753102,48
sign_test_cel0.8,chunk_9,128,IPC,7.1379910707473755,48
sign_test_cel0.8,chunk_9,128,KR,3.1345775624116263,48
sign_test_cel0.8,chunk_9,128,MC,5.034717038273811,48
sign_test_cel0.8,chunk_9,128,cosine_similarity,-0.5997426807880402,48
sign_test_cel0.8,chunk_9,128,wt_mean,-0.00186778011266135,48
sign_test_cel0.8,chunk_9,129,GR,5.185662383834521,48
sign_test_cel0.8,chunk_9,129,IPC,6.5058719627559185,48
sign_test_cel0.8,chunk_9,129,KR,2.9580269753932953,48
sign_test_cel0.8,chunk_9,129,MC,4.428873727718989,48
sign_test_cel0.8,chunk_9,129,cosine_similarity,-0.5997427850961685,48
sign_test_cel0.8,chunk_9,129,wt_mean,-0.0018572033150121,48
sign_test_cel0.9,chunk_0,0,GR,3.595292108754317,48
sign_test_cel0.9,chunk_0,0,IPC,6.603837796797355,48
sign_test_cel0.9,chunk_0,0,KR,2.4568789303302765,48
sign_test_cel0.9,chunk_0,0,MC,4.298236911495526,48
sign_test_cel0.9,chunk_0,0,cosine_similarity,-0.799871638417244,48
sign_test_cel0.9,chunk_0,0,wt_mean,-0.0018592399719636252,48
sign_test_cel0.9,chunk_0,1,GR,4.310025975108147,48
sign_test_cel0.9,chunk_0,1,IPC,6.5477108644942446,48
sign_test_cel0.9,chunk_0,1,KR,2.6892578353484473,48
sign_test_cel0.9,chunk_0,1,MC,4.39332561691602,48
sign_test_cel0.9,chunk_0,1,cosine_similarity,-0.799871489405632,48
sign_test_cel0.9,chunk_0,1,wt_mean,-0.002078776713460625,48
sign_test_cel0.9,chunk_0,10,GR,4.2439198940992355,48
sign_test_cel0.9,chunk_0,10,IPC,6.496348928660154,48
sign_test_cel0.9,chunk_0,10,KR,2.742643599708875,48
sign_test_cel0.9,chunk_0,10,MC,4.27755647401015,48
sign_test_cel0.9,chunk_0,10,cosine_similarity,-0.7998716235160828,48
sign_test_cel0.9,chunk_0,10,wt_mean,-0.001895426743430975,48
sign_test_cel0.9,chunk_0,11,GR,4.191068919996421,48
sign_test_cel0.9,chunk_0,11,IPC,6.254728904614846,48
sign_test_cel0.9,chunk_0,11,KR,2.6468842327594757,48
sign_test_cel0.9,chunk_0,11,MC,4.277910932898521,48
sign_test_cel0.9,chunk_0,11,cosine_similarity,-0.7998715937137604,48
sign_test_cel0.9,chunk_0,11,wt_mean,-0.00190784293226895,48
sign_test_cel0.9,chunk_0,12,GR,3.7444275245070457,48
sign_test_cel0.9,chunk_0,12,IPC,6.707250795016686,48
sign_test_cel0.9,chunk_0,12,KR,2.512402780354023,48
sign_test_cel0.9,chunk_0,12,MC,4.645769104361534,48
sign_test_cel0.9,chunk_0,12,cosine_similarity,-0.7998717427253723,48
sign_test_cel0.9,chunk_0,12,wt_mean,-0.0019604520639404,48
sign_test_cel0.9,chunk_0,2,GR,4.206547702352206,48
sign_test_cel0.9,chunk_0,2,IPC,6.779515681167443,48
sign_test_cel0.9,chunk_0,2,KR,2.5682394603888192,48
sign_test_cel0.9,chunk_0,2,MC,4.400576074918111,48
sign_test_cel0.9,chunk_0,2,cosine_similarity,-0.7998715043067932,48
sign_test_cel0.9,chunk_0,2,wt_mean,-0.0019274959340691,48
sign_test_cel0.9,chunk_0,3,GR,5.071734341482322,48
sign_test_cel0.9,chunk_0,3,IPC,6.4946665453414125,48
sign_test_cel0.9,chunk_0,3,KR,3.1275916745265326,48
sign_test_cel0.9,chunk_0,3,MC,4.164675191044807,48
sign_test_cel0.9,chunk_0,3,cosine_similarity,-0.7998716831207275,48
sign_test_cel0.9,chunk_0,3,wt_mean,-0.00193919579032805,48
sign_test_cel0.9,chunk_0,4,GR,4.298571373025577,48
sign_test_cel0.9,chunk_0,4,IPC,6.214175156007211,48
sign_test_cel0.9,chunk_0,4,KR,2.7244323392709098,48
sign_test_cel0.9,chunk_0,4,MC,4.590610578656197,48
sign_test_cel0.9,chunk_0,4,cosine_similarity,-0.7998716235160828,48
sign_test_cel0.9,chunk_0,4,wt_mean,-0.0019409780506975498,48
sign_test_cel0.9,chunk_0,5,GR,4.4533739512165385,48
sign_test_cel0.9,chunk_0,5,IPC,6.731006243576606,48
sign_test_cel0.9,chunk_0,5,KR,2.816656847794851,48
sign_test_cel0.9,chunk_0,5,MC,4.53466372191906,48
sign_test_cel0.9,chunk_0,5,cosine_similarity,-0.7998715192079544,48
sign_test_cel0.9,chunk_0,5,wt_mean,-0.001910576131194775,48
sign_test_cel0.9,chunk_0,6,GR,4.528110119203727,48
sign_test_cel0.9,chunk_0,6,IPC,6.314036627610524,48
sign_test_cel0.9,chunk_0,6,KR,2.7467951948444047,48
sign_test_cel0.9,chunk_0,6,MC,4.070846666892369,48
sign_test_cel0.9,chunk_0,6,cosine_similarity,-0.7998716980218887,48
sign_test_cel0.9,chunk_0,6,wt_mean,-0.0020105668518226,48
sign_test_cel0.9,chunk_0,7,GR,4.85709481438001,48
sign_test_cel0.9,chunk_0,7,IPC,6.354634376863639,48
sign_test_cel0.9,chunk_0,7,KR,2.9639483590920768,48
sign_test_cel0.9,chunk_0,7,MC,4.238699292143186,48
sign_test_cel0.9,chunk_0,7,cosine_similarity,-0.7998715788125992,48
sign_test_cel0.9,chunk_0,7,wt_mean,-0.00192823377437885,48
sign_test_cel0.9,chunk_0,8,GR,4.58298388371865,48
sign_test_cel0.9,chunk_0,8,IPC,6.374395312120517,48
sign_test_cel0.9,chunk_0,8,KR,2.873534820973873,48
sign_test_cel0.9,chunk_0,8,MC,4.172414116561413,48
sign_test_cel0.9,chunk_0,8,cosine_similarity,-0.7998713403940201,48
sign_test_cel0.9,chunk_0,8,wt_mean,-0.002015462348936075,48
sign_test_cel0.9,chunk_0,9,GR,5.050569238762061,48
sign_test_cel0.9,chunk_0,9,IPC,5.836656603962183,48
sign_test_cel0.9,chunk_0,9,KR,3.024804857869943,48
sign_test_cel0.9,chunk_0,9,MC,4.303466434280078,48
sign_test_cel0.9,chunk_0,9,cosine_similarity,-0.7998712956905365,48
sign_test_cel0.9,chunk_0,9,wt_mean,-0.001921696064528,48
sign_test_cel0.9,chunk_1,13,GR,4.387870696683724,48
sign_test_cel0.9,chunk_1,13,IPC,6.602406429747741,48
sign_test_cel0.9,chunk_1,13,KR,2.699385436872641,48
sign_test_cel0.9,chunk_1,13,MC,4.3020143161217375,48
sign_test_cel0.9,chunk_1,13,cosine_similarity,-0.7998716533184052,48
sign_test_cel0.9,chunk_1,13,wt_mean,-0.0018863548466469752,48
sign_test_cel0.9,chunk_1,14,GR,4.7475792070229845,48
sign_test_cel0.9,chunk_1,14,IPC,6.302812309314807,48
sign_test_cel0.9,chunk_1,14,KR,2.910963386297226,48
sign_test_cel0.9,chunk_1,14,MC,4.449184065063794,48
sign_test_cel0.9,chunk_1,14,cosine_similarity,-0.7998716682195663,48
sign_test_cel0.9,chunk_1,14,wt_mean,-0.001953830564161725,48
sign_test_cel0.9,chunk_1,15,GR,4.682434481879075,48
sign_test_cel0.9,chunk_1,15,IPC,6.643294222652912,48
sign_test_cel0.9,chunk_1,15,KR,2.905065725247065,48
sign_test_cel0.9,chunk_1,15,MC,4.703997150063515,48
sign_test_cel0.9,chunk_1,15,cosine_similarity,-0.799871563911438,48
sign_test_cel0.9,chunk_1,15,wt_mean,-0.001958230073796525,48
sign_test_cel0.9,chunk_1,16,GR,4.50668340921402,48
sign_test_cel0.9,chunk_1,16,IPC,6.856202309330304,48
sign_test_cel0.9,chunk_1,16,KR,2.9150044918060303,48
sign_test_cel0.9,chunk_1,16,MC,4.587346096833547,48
sign_test_cel0.9,chunk_1,16,cosine_similarity,-0.7998715043067932,48
sign_test_cel0.9,chunk_1,16,wt_mean,-0.0019493747968226001,48
sign_test_cel0.9,chunk_1,17,GR,3.8350843290487924,48
sign_test_cel0.9,chunk_1,17,IPC,5.920503170539935,48
sign_test_cel0.9,chunk_1,17,KR,2.4211751595139503,48
sign_test_cel0.9,chunk_1,17,MC,3.862494612733523,48
sign_test_cel0.9,chunk_1,17,cosine_similarity,-0.799871414899826,48
sign_test_cel0.9,chunk_1,17,wt_mean,-0.0018935644766315252,48
sign_test_cel0.9,chunk_1,18,GR,3.9593302284677825,48
sign_test_cel0.9,chunk_1,18,IPC,5.6506450821956,48
sign_test_cel0.9,chunk_1,18,KR,2.6064249028762183,48
sign_test_cel0.9,chunk_1,18,MC,4.110649133721988,48
sign_test_cel0.9,chunk_1,18,cosine_similarity,-0.7998712807893753,48
sign_test_cel0.9,chunk_1,18,wt_mean,-0.001953695522388375,48
sign_test_cel0.9,chunk_1,19,GR,4.330850514272849,48
sign_test_cel0.9,chunk_1,19,IPC,6.05305748557051,48
sign_test_cel0.9,chunk_1,19,KR,2.6251970529556274,48
sign_test_cel0.9,chunk_1,19,MC,4.134491095940272,48
sign_test_cel0.9,chunk_1,19,cosine_similarity,-0.7998716682195663,48
sign_test_cel0.9,chunk_1,19,wt_mean,-0.001880702067865,48
sign_test_cel0.9,chunk_1,20,GR,4.10280263920625,48
sign_test_cel0.9,chunk_1,20,IPC,6.27835638821125,48
sign_test_cel0.9,chunk_1,20,KR,2.5452991078297296,48
sign_test_cel0.9,chunk_1,20,MC,4.135966964066029,48
sign_test_cel0.9,chunk_1,20,cosine_similarity,-0.7998715490102768,48
sign_test_cel0.9,chunk_1,20,wt_mean,-0.0018858490802812749,48
sign_test_cel0.9,chunk_1,21,GR,3.8459115028381348,48
sign_test_cel0.9,chunk_1,21,IPC,6.841121540715297,48
sign_test_cel0.9,chunk_1,21,KR,2.493312751253446,48
sign_test_cel0.9,chunk_1,21,MC,4.532998226583004,48
sign_test_cel0.9,chunk_1,21,cosine_similarity,-0.799871563911438,48
sign_test_cel0.9,chunk_1,21,wt_mean,-0.0019290093623566499,48
sign_test_cel0.9,chunk_1,22,GR,4.083916746079922,48
sign_test_cel0.9,chunk_1,22,IPC,6.728362427403529,48
sign_test_cel0.9,chunk_1,22,KR,2.673986648519834,48
sign_test_cel0.9,chunk_1,22,MC,4.432542636990547,48
sign_test_cel0.9,chunk_1,22,cosine_similarity,-0.799871563911438,48
sign_test_cel0.9,chunk_1,22,wt_mean,-0.00192861590767275,48
sign_test_cel0.9,chunk_1,23,GR,3.6898904144763947,48
sign_test_cel0.9,chunk_1,23,IPC,6.265882691989343,48
sign_test_cel0.9,chunk_1,23,KR,2.323425516486168,48
sign_test_cel0.9,chunk_1,23,MC,4.003596678376198,48
sign_test_cel0.9,chunk_1,23,cosine_similarity,-0.7998716533184052,48
sign_test_cel0.9,chunk_1,23,wt_mean,-0.0018849639163817748,48
sign_test_cel0.9,chunk_1,24,GR,4.311876508096854,48
sign_test_cel0.9,chunk_1,24,IPC,6.631375189870596,48
sign_test_cel0.9,chunk_1,24,KR,2.785038501024246,48
sign_test_cel0.9,chunk_1,24,MC,4.436664938926697,48
sign_test_cel0.9,chunk_1,24,cosine_similarity,-0.7998716533184052,48
sign_test_cel0.9,chunk_1,24,wt_mean,-0.0019432832195888752,48
sign_test_cel0.9,chunk_1,25,GR,4.390293337404728,48
sign_test_cel0.9,chunk_1,25,IPC,6.2336386032402515,48
sign_test_cel0.9,chunk_1,25,KR,2.7660964826742807,48
sign_test_cel0.9,chunk_1,25,MC,4.21798952917258,48
sign_test_cel0.9,chunk_1,25,cosine_similarity,-0.799871563911438,48
sign_test_cel0.9,chunk_1,25,wt_mean,-0.00186675487202585,48
sign_test_cel0.9,chunk_10,130,GR,4.995937476555507,48
sign_test_cel0.9,chunk_10,130,IPC,7.129388473927975,48
sign_test_cel0.9,chunk_10,130,KR,3.156687537829081,48
sign_test_cel0.9,chunk_10,130,MC,4.985311259826024,48
sign_test_cel0.9,chunk_10,130,cosine_similarity,-0.7998716235160828,48
sign_test_cel0.9,chunk_10,130,wt_mean,-0.002012641605688175,48
sign_test_cel0.9,chunk_10,131,GR,4.078736898799737,48
sign_test_cel0.9,chunk_10,131,IPC,6.203457807501157,48
sign_test_cel0.9,chunk_10,131,KR,2.5481713513533273,48
sign_test_cel0.9,chunk_10,131,MC,4.1194851125280065,48
sign_test_cel0.9,chunk_10,131,cosine_similarity,-0.7998716235160828,48
sign_test_cel0.9,chunk_10,131,wt_mean,-0.0019289241754449498,48
sign_test_cel0.9,chunk_10,132,GR,4.085477210581303,48
sign_test_cel0.9,chunk_10,132,IPC,6.612994275987148,48
sign_test_cel0.9,chunk_10,132,KR,2.6717162057757378,48
sign_test_cel0.9,chunk_10,132,MC,4.362691164016724,48
sign_test_cel0.9,chunk_10,132,cosine_similarity,-0.7998716235160828,48
sign_test_cel0.9,chunk_10,132,wt_mean,-0.0019374979892745,48
sign_test_cel0.9,chunk_10,133,GR,4.730883774658044,48
sign_test_cel0.9,chunk_10,133,IPC,6.653886742889881,48
sign_test_cel0.9,chunk_10,133,KR,2.9538841818769774,48
sign_test_cel0.9,chunk_10,133,MC,4.401452307899793,48
sign_test_cel0.9,chunk_10,133,cosine_similarity,-0.7998715341091156,48
sign_test_cel0.9,chunk_10,133,wt_mean,-0.001874064008006775,48
sign_test_cel0.9,chunk_10,134,GR,4.458332359790802,48
sign_test_cel0.9,chunk_10,134,IPC,6.338996248940627,48
sign_test_cel0.9,chunk_10,134,KR,2.804242250820001,48
sign_test_cel0.9,chunk_10,134,MC,3.986606759329637,48
sign_test_cel0.9,chunk_10,134,cosine_similarity,-0.7998714447021484,48
sign_test_cel0.9,chunk_10,134,wt_mean,-0.0019059686455875503,48
sign_test_cel0.9,chunk_10,135,GR,4.009338493148486,48
sign_test_cel0.9,chunk_10,135,IPC,6.443675433595975,48
sign_test_cel0.9,chunk_10,135,KR,2.5032149081428847,48
sign_test_cel0.9,chunk_10,135,MC,3.8991415773828826,48
sign_test_cel0.9,chunk_10,135,cosine_similarity,-0.7998715043067932,48
sign_test_cel0.9,chunk_10,135,wt_mean,-0.002022882545134,48
sign_test_cel0.9,chunk_10,136,GR,4.4515953461329145,48
sign_test_cel0.9,chunk_10,136,IPC,6.445969417691231,48
sign_test_cel0.9,chunk_10,136,KR,2.746460922062397,48
sign_test_cel0.9,chunk_10,136,MC,4.307337457935016,48
sign_test_cel0.9,chunk_10,136,cosine_similarity,-0.799871414899826,48
sign_test_cel0.9,chunk_10,136,wt_mean,-0.00202118718880225,48
sign_test_cel0.9,chunk_10,137,GR,4.6035066197315855,48
sign_test_cel0.9,chunk_10,137,IPC,6.808121709773938,48
sign_test_cel0.9,chunk_10,137,KR,2.8795047774910927,48
sign_test_cel0.9,chunk_10,137,MC,4.57592248916626,48
sign_test_cel0.9,chunk_10,137,cosine_similarity,-0.7998713999986649,48
sign_test_cel0.9,chunk_10,137,wt_mean,-0.001943156647030225,48
sign_test_cel0.9,chunk_10,138,GR,4.728878900408745,48
sign_test_cel0.9,chunk_10,138,IPC,6.806169733405113,48
sign_test_cel0.9,chunk_10,138,KR,2.9771118188897767,48
sign_test_cel0.9,chunk_10,138,MC,4.734955787658691,48
sign_test_cel0.9,chunk_10,138,cosine_similarity,-0.799871414899826,48
sign_test_cel0.9,chunk_10,138,wt_mean,-0.001974425947992075,48
sign_test_cel0.9,chunk_10,139,GR,4.666142026583354,48
sign_test_cel0.9,chunk_10,139,IPC,5.571854381511609,48
sign_test_cel0.9,chunk_10,139,KR,2.9581240167220435,48
sign_test_cel0.9,chunk_10,139,MC,3.8869429901242256,48
sign_test_cel0.9,chunk_10,139,cosine_similarity,-0.799871414899826,48
sign_test_cel0.9,chunk_10,139,wt_mean,-0.00189165447955015,48
sign_test_cel0.9,chunk_10,140,GR,4.737184971570969,48
sign_test_cel0.9,chunk_10,140,IPC,6.416802975038688,48
sign_test_cel0.9,chunk_10,140,KR,3.005689096947511,48
sign_test_cel0.9,chunk_10,140,MC,4.3738661880294485,48
sign_test_cel0.9,chunk_10,140,cosine_similarity,-0.7998715341091156,48
sign_test_cel0.9,chunk_10,140,wt_mean,-0.001971404213691075,48
sign_test_cel0.9,chunk_10,141,GR,5.008119444052379,48
sign_test_cel0.9,chunk_10,141,IPC,7.316325969994068,48
sign_test_cel0.9,chunk_10,141,KR,3.155653382341067,48
sign_test_cel0.9,chunk_10,141,MC,4.998266463478406,48
sign_test_cel0.9,chunk_10,141,cosine_similarity,-0.799871414899826,48
sign_test_cel0.9,chunk_10,141,wt_mean,-0.0020593100343830498,48
sign_test_cel0.9,chunk_11,142,GR,4.415261298418045,48
sign_test_cel0.9,chunk_11,142,IPC,6.551221123586099,48
sign_test_cel0.9,chunk_11,142,KR,2.728538393974304,48
sign_test_cel0.9,chunk_11,142,MC,4.529161844402552,48
sign_test_cel0.9,chunk_11,142,cosine_similarity,-0.7998715043067932,48
sign_test_cel0.9,chunk_11,142,wt_mean,-0.001893593522254325,48
sign_test_cel0.9,chunk_11,143,GR,4.645620241761208,48
sign_test_cel0.9,chunk_11,143,IPC,6.910006750375032,48
sign_test_cel0.9,chunk_11,143,KR,2.952509137491385,48
sign_test_cel0.9,chunk_11,143,MC,4.2116603553295135,48
sign_test_cel0.9,chunk_11,143,cosine_similarity,-0.7998715937137604,48
sign_test_cel0.9,chunk_11,143,wt_mean,-0.001984833099413625,48
sign_test_cel0.9,chunk_11,144,GR,4.339086798330148,48
sign_test_cel0.9,chunk_11,144,IPC,6.685710803916057,48
sign_test_cel0.9,chunk_11,144,KR,2.666365221142769,48
sign_test_cel0.9,chunk_11,144,MC,4.501072138547897,48
sign_test_cel0.9,chunk_11,144,cosine_similarity,-0.7998714298009872,48
sign_test_cel0.9,chunk_11,144,wt_mean,-0.0019278831314295001,48
sign_test_cel0.9,chunk_11,145,GR,4.00989406555891,48
sign_test_cel0.9,chunk_11,145,IPC,6.363558097432057,48
sign_test_cel0.9,chunk_11,145,KR,2.5202631130814552,48
sign_test_cel0.9,chunk_11,145,MC,4.125578830639522,48
sign_test_cel0.9,chunk_11,145,cosine_similarity,-0.7998715937137604,48
sign_test_cel0.9,chunk_11,145,wt_mean,-0.0018926368793472,48
sign_test_cel0.9,chunk_11,146,GR,4.108330890536308,48
sign_test_cel0.9,chunk_11,146,IPC,6.284490045160055,48
sign_test_cel0.9,chunk_11,146,KR,2.624418795108795,48
sign_test_cel0.9,chunk_11,146,MC,4.233157197634379,48
sign_test_cel0.9,chunk_11,146,cosine_similarity,-0.7998716086149216,48
sign_test_cel0.9,chunk_11,146,wt_mean,-0.001962932117748925,48
sign_test_cel0.9,chunk_11,147,GR,4.486696037153403,48
sign_test_cel0.9,chunk_11,147,IPC,7.016520959635575,48
sign_test_cel0.9,chunk_11,147,KR,2.841806317369143,48
sign_test_cel0.9,chunk_11,147,MC,4.775170415639877,48
sign_test_cel0.9,chunk_11,147,cosine_similarity,-0.799871563911438,48
sign_test_cel0.9,chunk_11,147,wt_mean,-0.001913265237817475,48
sign_test_cel0.9,chunk_11,148,GR,4.402051488558452,48
sign_test_cel0.9,chunk_11,148,IPC,6.588191823412974,48
sign_test_cel0.9,chunk_11,148,KR,2.7006834944089255,48
sign_test_cel0.9,chunk_11,148,MC,4.144776823620002,48
sign_test_cel0.9,chunk_11,148,cosine_similarity,-0.7998716533184052,48
sign_test_cel0.9,chunk_11,148,wt_mean,-0.0019280588021501248,48
sign_test_cel0.9,chunk_11,149,GR,4.692448717852433,48
sign_test_cel0.9,chunk_11,149,IPC,6.787936143577099,48
sign_test_cel0.9,chunk_11,149,KR,2.950743200878302,48
sign_test_cel0.9,chunk_11,149,MC,4.614517907301585,48
sign_test_cel0.9,chunk_11,149,cosine_similarity,-0.799871563911438,48
sign_test_cel0.9,chunk_11,149,wt_mean,-0.00184027012437575,48
sign_test_cel0.9,chunk_11,150,GR,4.7667157997687655,48
sign_test_cel0.9,chunk_11,150,IPC,6.502805964400371,48
sign_test_cel0.9,chunk_11,150,KR,2.952984365324179,48
sign_test_cel0.9,chunk_11,150,MC,4.300134407977263,48
sign_test_cel0.9,chunk_11,150,cosine_similarity,-0.7998713254928589,48
sign_test_cel0.9,chunk_11,150,wt_mean,-0.0020198710553813253,48
sign_test_cel0.9,chunk_11,151,GR,4.206786185503006,48
sign_test_cel0.9,chunk_11,151,IPC,6.551292697588603,48
sign_test_cel0.9,chunk_11,151,KR,2.615516684949398,48
sign_test_cel0.9,chunk_11,151,MC,4.486520146330197,48
sign_test_cel0.9,chunk_11,151,cosine_similarity,-0.7998714745044708,48
sign_test_cel0.9,chunk_11,151,wt_mean,-0.00196314806817095,48
sign_test_cel0.9,chunk_11,152,GR,3.928751880923907,48
sign_test_cel0.9,chunk_11,152,IPC,6.24272158741951,48
sign_test_cel0.9,chunk_11,152,KR,2.4734353125095367,48
sign_test_cel0.9,chunk_11,152,MC,3.9621573785940805,48
sign_test_cel0.9,chunk_11,152,cosine_similarity,-0.7998716533184052,48
sign_test_cel0.9,chunk_11,152,wt_mean,-0.0018477235862519252,48
sign_test_cel0.9,chunk_11,153,GR,3.874219904343287,48
sign_test_cel0.9,chunk_11,153,IPC,6.007214460521936,48
sign_test_cel0.9,chunk_11,153,KR,2.510386851926645,48
sign_test_cel0.9,chunk_11,153,MC,4.068768287698428,48
sign_test_cel0.9,chunk_11,153,cosine_similarity,-0.7998714447021484,48
sign_test_cel0.9,chunk_11,153,wt_mean,-0.001876968308351875,48
sign_test_cel0.9,chunk_12,154,GR,4.298617420097192,48
sign_test_cel0.9,chunk_12,154,IPC,6.458303359647592,48
sign_test_cel0.9,chunk_12,154,KR,2.609623764952024,48
sign_test_cel0.9,chunk_12,154,MC,4.218661544223626,48
sign_test_cel0.9,chunk_12,154,cosine_similarity,-0.7998715192079544,48
sign_test_cel0.9,chunk_12,154,wt_mean,-0.00199798782705325,48
sign_test_cel0.9,chunk_12,155,GR,4.1452353696028394,48
sign_test_cel0.9,chunk_12,155,IPC,6.449450638145208,48
sign_test_cel0.9,chunk_12,155,KR,2.611222637196382,48
sign_test_cel0.9,chunk_12,155,MC,4.571506227056186,48
sign_test_cel0.9,chunk_12,155,cosine_similarity,-0.7998716533184052,48
sign_test_cel0.9,chunk_12,155,wt_mean,-0.001965581090189475,48
sign_test_cel0.9,chunk_12,156,GR,4.714406644304593,48
sign_test_cel0.9,chunk_12,156,IPC,6.353537114957969,48
sign_test_cel0.9,chunk_12,156,KR,2.9593187322219214,48
sign_test_cel0.9,chunk_12,156,MC,4.272297215958436,48
sign_test_cel0.9,chunk_12,156,cosine_similarity,-0.7998715043067932,48
sign_test_cel0.9,chunk_12,156,wt_mean,-0.0018941034795715748,48
sign_test_cel0.9,chunk_12,157,GR,4.536471876005332,48
sign_test_cel0.9,chunk_12,157,IPC,6.260484001288812,48
sign_test_cel0.9,chunk_12,157,KR,2.7386830374598503,48
sign_test_cel0.9,chunk_12,157,MC,3.976691228648027,48
sign_test_cel0.9,chunk_12,157,cosine_similarity,-0.7998716682195663,48
sign_test_cel0.9,chunk_12,157,wt_mean,-0.0018995670252479,48
sign_test_cel0.9,chunk_12,158,GR,4.710077966252963,48
sign_test_cel0.9,chunk_12,158,IPC,5.921952930589517,48
sign_test_cel0.9,chunk_12,158,KR,2.9907366558909416,48
sign_test_cel0.9,chunk_12,158,MC,4.158429620166619,48
sign_test_cel0.9,chunk_12,158,cosine_similarity,-0.7998715192079544,48
sign_test_cel0.9,chunk_12,158,wt_mean,-0.001951578917214575,48
sign_test_cel0.9,chunk_12,159,GR,4.165445916354656,48
sign_test_cel0.9,chunk_12,159,IPC,6.548095618685086,48
sign_test_cel0.9,chunk_12,159,KR,2.6432605534791946,48
sign_test_cel0.9,chunk_12,159,MC,4.9300602699319525,48
sign_test_cel0.9,chunk_12,159,cosine_similarity,-0.7998714745044708,48
sign_test_cel0.9,chunk_12,159,wt_mean,-0.00187838595593345,48
sign_test_cel0.9,chunk_12,160,GR,4.516503843168418,48
sign_test_cel0.9,chunk_12,160,IPC,6.553055925915639,48
sign_test_cel0.9,chunk_12,160,KR,2.8481295059124627,48
sign_test_cel0.9,chunk_12,160,MC,4.416205083330472,48
sign_test_cel0.9,chunk_12,160,cosine_similarity,-0.7998714447021484,48
sign_test_cel0.9,chunk_12,160,wt_mean,-0.0020258425502106,48
sign_test_cel0.9,chunk_12,161,GR,4.233780232568582,48
sign_test_cel0.9,chunk_12,161,IPC,6.116357645640771,48
sign_test_cel0.9,chunk_12,161,KR,2.5828390245636306,48
sign_test_cel0.9,chunk_12,161,MC,4.320766627788544,48
sign_test_cel0.9,chunk_12,161,cosine_similarity,-0.7998716235160828,48
sign_test_cel0.9,chunk_12,161,wt_mean,-0.00188921726658005,48
sign_test_cel0.9,chunk_12,162,GR,4.533981387813886,48
sign_test_cel0.9,chunk_12,162,IPC,6.464832630008459,48
sign_test_cel0.9,chunk_12,162,KR,2.795845198134581,48
sign_test_cel0.9,chunk_12,162,MC,4.2530923411250114,48
sign_test_cel0.9,chunk_12,162,cosine_similarity,-0.7998714745044708,48
sign_test_cel0.9,chunk_12,162,wt_mean,-0.0020071201724931,48
sign_test_cel0.9,chunk_12,163,GR,4.33773123472929,48
sign_test_cel0.9,chunk_12,163,IPC,6.5605285838246346,48
sign_test_cel0.9,chunk_12,163,KR,2.8078586061795554,48
sign_test_cel0.9,chunk_12,163,MC,4.441586760183175,48
sign_test_cel0.9,chunk_12,163,cosine_similarity,-0.7998715192079544,48
sign_test_cel0.9,chunk_12,163,wt_mean,-0.001875772402854575,48
sign_test_cel0.9,chunk_12,164,GR,3.8386393984158835,48
sign_test_cel0.9,chunk_12,164,IPC,5.987890640894572,48
sign_test_cel0.9,chunk_12,164,KR,2.512352461616198,48
sign_test_cel0.9,chunk_12,164,MC,4.200309986869494,48
sign_test_cel0.9,chunk_12,164,cosine_similarity,-0.7998714596033096,48
sign_test_cel0.9,chunk_12,164,wt_mean,-0.0019588360737543002,48
sign_test_cel0.9,chunk_12,165,GR,4.072029456496239,48
sign_test_cel0.9,chunk_12,165,IPC,6.676767190297444,48
sign_test_cel0.9,chunk_12,165,KR,2.6286960442860923,48
sign_test_cel0.9,chunk_12,165,MC,4.440419897437096,48
sign_test_cel0.9,chunk_12,165,cosine_similarity,-0.7998716980218887,48
sign_test_cel0.9,chunk_12,165,wt_mean,-0.00195329787675285,48
sign_test_cel0.9,chunk_13,166,GR,4.890178680419922,48
sign_test_cel0.9,chunk_13,166,IPC,6.48916782438755,48
sign_test_cel0.9,chunk_13,166,KR,2.948342156906923,48
sign_test_cel0.9,chunk_13,166,MC,4.501103724042575,48
sign_test_cel0.9,chunk_13,166,cosine_similarity,-0.7998715341091156,48
sign_test_cel0.9,chunk_13,166,wt_mean,-0.001974769547814475,48
sign_test_cel0.9,chunk_13,167,GR,3.9042582561572394,48
sign_test_cel0.9,chunk_13,167,IPC,6.247431766241789,48
sign_test_cel0.9,chunk_13,167,KR,2.614572952191035,48
sign_test_cel0.9,chunk_13,167,MC,4.365803490082423,48
sign_test_cel0.9,chunk_13,167,cosine_similarity,-0.7998716682195663,48
sign_test_cel0.9,chunk_13,167,wt_mean,-0.001922491355799075,48
sign_test_cel0.9,chunk_13,168,GR,4.313563697040081,48
sign_test_cel0.9,chunk_13,168,IPC,6.033194184303284,48
sign_test_cel0.9,chunk_13,168,KR,2.631966163714727,48
sign_test_cel0.9,chunk_13,168,MC,4.16481829682986,48
sign_test_cel0.9,chunk_13,168,cosine_similarity,-0.7998715341091156,48
sign_test_cel0.9,chunk_13,168,wt_mean,-0.001931363745825325,48
sign_test_cel0.9,chunk_13,169,GR,4.712291732430458,48
sign_test_cel0.9,chunk_13,169,IPC,6.5305800301333266,48
sign_test_cel0.9,chunk_13,169,KR,2.913497152427832,48
sign_test_cel0.9,chunk_13,169,MC,4.290015588204066,48
sign_test_cel0.9,chunk_13,169,cosine_similarity,-0.7998715341091156,48
sign_test_cel0.9,chunk_13,169,wt_mean,-0.0018761944957077,48
sign_test_cel0.9,chunk_13,170,GR,4.6212402805686,48
sign_test_cel0.9,chunk_13,170,IPC,6.436157553146283,48
sign_test_cel0.9,chunk_13,170,KR,2.9896874402960143,48
sign_test_cel0.9,chunk_13,170,MC,4.4561987817287445,48
sign_test_cel0.9,chunk_13,170,cosine_similarity,-0.7998715043067932,48
sign_test_cel0.9,chunk_13,170,wt_mean,-0.0019590973097365,48
sign_test_cel0.9,chunk_13,171,GR,5.158326727648576,48
sign_test_cel0.9,chunk_13,171,IPC,6.288715132822593,48
sign_test_cel0.9,chunk_13,171,KR,3.1395980740586915,48
sign_test_cel0.9,chunk_13,171,MC,4.291944066683452,48
sign_test_cel0.9,chunk_13,171,cosine_similarity,-0.7998716533184052,48
sign_test_cel0.9,chunk_13,171,wt_mean,-0.002030892326729325,48
sign_test_cel0.9,chunk_13,172,GR,4.5639722893635435,48
sign_test_cel0.9,chunk_13,172,IPC,6.272816759844621,48
sign_test_cel0.9,chunk_13,172,KR,2.88070156176885,48
sign_test_cel0.9,chunk_13,172,MC,4.441662634412448,48
sign_test_cel0.9,chunk_13,172,cosine_similarity,-0.7998715341091156,48
sign_test_cel0.9,chunk_13,172,wt_mean,-0.001910815219161975,48
sign_test_cel0.9,chunk_13,173,GR,4.4394189566373825,48
sign_test_cel0.9,chunk_13,173,IPC,6.734622200330098,48
sign_test_cel0.9,chunk_13,173,KR,2.7436096916596093,48
sign_test_cel0.9,chunk_13,173,MC,4.369497259457906,48
sign_test_cel0.9,chunk_13,173,cosine_similarity,-0.7998715043067932,48
sign_test_cel0.9,chunk_13,173,wt_mean,-0.0020049878803547,48
sign_test_cel0.9,chunk_13,174,GR,4.207886594037215,48
sign_test_cel0.9,chunk_13,174,IPC,6.418443539490302,48
sign_test_cel0.9,chunk_13,174,KR,2.651410269240538,48
sign_test_cel0.9,chunk_13,174,MC,4.548150909443696,48
sign_test_cel0.9,chunk_13,174,cosine_similarity,-0.7998716682195663,48
sign_test_cel0.9,chunk_13,174,wt_mean,-0.0019435994618106,48
sign_test_cel0.9,chunk_13,175,GR,4.329370324810346,48
sign_test_cel0.9,chunk_13,175,IPC,6.781868953257799,48
sign_test_cel0.9,chunk_13,175,KR,2.6818687294920287,48
sign_test_cel0.9,chunk_13,175,MC,4.329138254125913,48
sign_test_cel0.9,chunk_13,175,cosine_similarity,-0.7998715490102768,48
sign_test_cel0.9,chunk_13,175,wt_mean,-0.001952885650098275,48
sign_test_cel0.9,chunk_13,176,GR,4.408849293986957,48
sign_test_cel0.9,chunk_13,176,IPC,6.080348737537861,48
sign_test_cel0.9,chunk_13,176,KR,2.797323264181614,48
sign_test_cel0.9,chunk_13,176,MC,4.261554489533107,48
sign_test_cel0.9,chunk_13,176,cosine_similarity,-0.7998712062835693,48
sign_test_cel0.9,chunk_13,176,wt_mean,-0.001925494521856275,48
sign_test_cel0.9,chunk_13,177,GR,4.059294551610947,48
sign_test_cel0.9,chunk_13,177,IPC,6.305700182914734,48
sign_test_cel0.9,chunk_13,177,KR,2.611202913026015,48
sign_test_cel0.9,chunk_13,177,MC,4.111411725481351,48
sign_test_cel0.9,chunk_13,177,cosine_similarity,-0.7998713552951813,48
sign_test_cel0.9,chunk_13,177,wt_mean,-0.0019051025155931,48
sign_test_cel0.9,chunk_14,178,GR,4.494551305969556,48
sign_test_cel0.9,chunk_14,178,IPC,6.108095744003852,48
sign_test_cel0.9,chunk_14,178,KR,2.741213416059812,48
sign_test_cel0.9,chunk_14,178,MC,4.338130896290143,48
sign_test_cel0.9,chunk_14,178,cosine_similarity,-0.7998714447021484,48
sign_test_cel0.9,chunk_14,178,wt_mean,-0.001905968354549225,48
sign_test_cel0.9,chunk_14,179,GR,4.369399497906367,48
sign_test_cel0.9,chunk_14,179,IPC,6.548595268279314,48
sign_test_cel0.9,chunk_14,179,KR,2.7304624269406,48
sign_test_cel0.9,chunk_14,179,MC,4.432699136435986,48
sign_test_cel0.9,chunk_14,179,cosine_similarity,-0.7998715937137604,48
sign_test_cel0.9,chunk_14,179,wt_mean,-0.001983820198802225,48
sign_test_cel0.9,chunk_14,180,GR,4.994310028851032,48
sign_test_cel0.9,chunk_14,180,IPC,6.580760998030503,48
sign_test_cel0.9,chunk_14,180,KR,2.858089509109656,48
sign_test_cel0.9,chunk_14,180,MC,4.36644505461057,48
sign_test_cel0.9,chunk_14,180,cosine_similarity,-0.799871563911438,48
sign_test_cel0.9,chunk_14,180,wt_mean,-0.0019519359047989748,48
sign_test_cel0.9,chunk_14,181,GR,4.743693587680657,48
sign_test_cel0.9,chunk_14,181,IPC,6.778326820582151,48
sign_test_cel0.9,chunk_14,181,KR,2.8908014968037605,48
sign_test_cel0.9,chunk_14,181,MC,4.874258642395337,48
sign_test_cel0.9,chunk_14,181,cosine_similarity,-0.7998716235160828,48
sign_test_cel0.9,chunk_14,181,wt_mean,-0.0019986262195743,48
sign_test_cel0.9,chunk_14,182,GR,4.093347795307636,48
sign_test_cel0.9,chunk_14,182,IPC,6.569266238560279,48
sign_test_cel0.9,chunk_14,182,KR,2.599188191195329,48
sign_test_cel0.9,chunk_14,182,MC,4.566285098592441,48
sign_test_cel0.9,chunk_14,182,cosine_similarity,-0.7998716235160828,48
sign_test_cel0.9,chunk_14,182,wt_mean,-0.001928323355969,48
sign_test_cel0.9,chunk_14,183,GR,4.321596637368202,48
sign_test_cel0.9,chunk_14,183,IPC,6.478588252017896,48
sign_test_cel0.9,chunk_14,183,KR,2.7910166854659715,48
sign_test_cel0.9,chunk_14,183,MC,4.3249163428942365,48
sign_test_cel0.9,chunk_14,183,cosine_similarity,-0.799871563911438,48
sign_test_cel0.9,chunk_14,183,wt_mean,-0.00186669189133675,48
sign_test_cel0.9,chunk_14,184,GR,4.794326037168503,48
sign_test_cel0.9,chunk_14,184,IPC,6.569420268138249,48
sign_test_cel0.9,chunk_14,184,KR,2.917077511548996,48
sign_test_cel0.9,chunk_14,184,MC,4.335048156479995,48
sign_test_cel0.9,chunk_14,184,cosine_similarity,-0.7998715341091156,48
sign_test_cel0.9,chunk_14,184,wt_mean,-0.00197010362171565,48
sign_test_cel0.9,chunk_14,185,GR,4.22857994089524,48
sign_test_cel0.9,chunk_14,185,IPC,6.326933916658163,48
sign_test_cel0.9,chunk_14,185,KR,2.7010100657741227,48
sign_test_cel0.9,chunk_14,185,MC,4.264357030391693,48
sign_test_cel0.9,chunk_14,185,cosine_similarity,-0.799871638417244,48
sign_test_cel0.9,chunk_14,185,wt_mean,-0.00187544556683855,48
sign_test_cel0.9,chunk_14,186,GR,4.773641474545002,48
sign_test_cel0.9,chunk_14,186,IPC,6.6021476450065775,48
sign_test_cel0.9,chunk_14,186,KR,2.9481670012076697,48
sign_test_cel0.9,chunk_14,186,MC,4.3969986860950785,48
sign_test_cel0.9,chunk_14,186,cosine_similarity,-0.799871563911438,48
sign_test_cel0.9,chunk_14,186,wt_mean,-0.0020919444214086247,48
sign_test_cel0.9,chunk_14,187,GR,4.206257107357184,48
sign_test_cel0.9,chunk_14,187,IPC,6.135956026613712,48
sign_test_cel0.9,chunk_14,187,KR,2.673671893775463,48
sign_test_cel0.9,chunk_14,187,MC,4.183587575952212,48
sign_test_cel0.9,chunk_14,187,cosine_similarity,-0.7998715341091156,48
sign_test_cel0.9,chunk_14,187,wt_mean,-0.001912300387630175,48
sign_test_cel0.9,chunk_14,188,GR,4.745212696492672,48
sign_test_cel0.9,chunk_14,188,IPC,6.581389899055163,48
sign_test_cel0.9,chunk_14,188,KR,2.909758868316809,48
sign_test_cel0.9,chunk_14,188,MC,4.4016360739866895,48
sign_test_cel0.9,chunk_14,188,cosine_similarity,-0.7998715788125992,48
sign_test_cel0.9,chunk_14,188,wt_mean,-0.00189116300316525,48
sign_test_cel0.9,chunk_14,189,GR,4.116027568777402,48
sign_test_cel0.9,chunk_14,189,IPC,6.831584033866723,48
sign_test_cel0.9,chunk_14,189,KR,2.688230020304521,48
sign_test_cel0.9,chunk_14,189,MC,4.505490444600582,48
sign_test_cel0.9,chunk_14,189,cosine_similarity,-0.7998716533184052,48
sign_test_cel0.9,chunk_14,189,wt_mean,-0.0019682995334733,48
sign_test_cel0.9,chunk_15,190,GR,4.754805001119773,48
sign_test_cel0.9,chunk_15,190,IPC,5.6422594748437405,48
sign_test_cel0.9,chunk_15,190,KR,2.9268989016612372,48
sign_test_cel0.9,chunk_15,190,MC,4.175265702108542,48
sign_test_cel0.9,chunk_15,190,cosine_similarity,-0.7998715937137604,48
sign_test_cel0.9,chunk_15,190,wt_mean,-0.0019469024555291501,48
sign_test_cel0.9,chunk_15,191,GR,4.113165110349655,48
sign_test_cel0.9,chunk_15,191,IPC,6.924559007088344,48
sign_test_cel0.9,chunk_15,191,KR,2.573246863981088,48
sign_test_cel0.9,chunk_15,191,MC,4.517464339733124,48
sign_test_cel0.9,chunk_15,191,cosine_similarity,-0.7998714745044708,48
sign_test_cel0.9,chunk_15,191,wt_mean,-0.0020301634795032,48
sign_test_cel0.9,chunk_15,192,GR,4.164455682039261,48
sign_test_cel0.9,chunk_15,192,IPC,6.731240277489026,48
sign_test_cel0.9,chunk_15,192,KR,2.5859964663783708,48
sign_test_cel0.9,chunk_15,192,MC,4.585206603010495,48
sign_test_cel0.9,chunk_15,192,cosine_similarity,-0.7998715788125992,48
sign_test_cel0.9,chunk_15,192,wt_mean,-0.0019330538634676,48
sign_test_cel0.9,chunk_15,193,GR,4.9626434445381165,48
sign_test_cel0.9,chunk_15,193,IPC,6.476085526247819,48
sign_test_cel0.9,chunk_15,193,KR,3.103391538063685,48
sign_test_cel0.9,chunk_15,193,MC,4.511922270059586,48
sign_test_cel0.9,chunk_15,193,cosine_similarity,-0.799871563911438,48
sign_test_cel0.9,chunk_15,193,wt_mean,-0.002058280486380625,48
sign_test_cel0.9,chunk_15,194,GR,4.716224794586499,48
sign_test_cel0.9,chunk_15,194,IPC,6.729793891310692,48
sign_test_cel0.9,chunk_15,194,KR,2.8124303817749023,48
sign_test_cel0.9,chunk_15,194,MC,4.161790932218234,48
sign_test_cel0.9,chunk_15,194,cosine_similarity,-0.7998715341091156,48
sign_test_cel0.9,chunk_15,194,wt_mean,-0.0018963468028231998,48
sign_test_cel0.9,chunk_15,195,GR,5.173850600918134,48
sign_test_cel0.9,chunk_15,195,IPC,6.899643025050561,48
sign_test_cel0.9,chunk_15,195,KR,3.1299588829278946,48
sign_test_cel0.9,chunk_15,195,MC,4.2717472314834595,48
sign_test_cel0.9,chunk_15,195,cosine_similarity,-0.799871563911438,48
sign_test_cel0.9,chunk_15,195,wt_mean,-0.00190959929022935,48
sign_test_cel0.9,chunk_15,196,GR,4.659981936216354,48
sign_test_cel0.9,chunk_15,196,IPC,6.537613891065121,48
sign_test_cel0.9,chunk_15,196,KR,2.8621193543076515,48
sign_test_cel0.9,chunk_15,196,MC,4.316369493802388,48
sign_test_cel0.9,chunk_15,196,cosine_similarity,-0.7998715192079544,48
sign_test_cel0.9,chunk_15,196,wt_mean,-0.002042286942014425,48
sign_test_cel0.9,chunk_15,197,GR,4.499585544069608,48
sign_test_cel0.9,chunk_15,197,IPC,6.633239798247814,48
sign_test_cel0.9,chunk_15,197,KR,2.8197487145662308,48
sign_test_cel0.9,chunk_15,197,MC,4.281758124629657,48
sign_test_cel0.9,chunk_15,197,cosine_similarity,-0.7998715341091156,48
sign_test_cel0.9,chunk_15,197,wt_mean,-0.0019474525470286,48
sign_test_cel0.9,chunk_15,198,GR,4.4450092787543936,48
sign_test_cel0.9,chunk_15,198,IPC,6.850127622485161,48
sign_test_cel0.9,chunk_15,198,KR,2.7260936896006265,48
sign_test_cel0.9,chunk_15,198,MC,4.541862224539121,48
sign_test_cel0.9,chunk_15,198,cosine_similarity,-0.7998716533184052,48
sign_test_cel0.9,chunk_15,198,wt_mean,-0.001924481330206575,48
sign_test_cel0.9,chunk_15,199,GR,5.136898053189118,48
sign_test_cel0.9,chunk_15,199,IPC,6.281423235932986,48
sign_test_cel0.9,chunk_15,199,KR,3.073403388261795,48
sign_test_cel0.9,chunk_15,199,MC,4.335266336798668,48
sign_test_cel0.9,chunk_15,199,cosine_similarity,-0.7998713999986649,48
sign_test_cel0.9,chunk_15,199,wt_mean,-0.0019727433973457252,48
sign_test_cel0.9,chunk_15,200,GR,4.5667125061154366,48
sign_test_cel0.9,chunk_15,200,IPC,6.777231828620036,48
sign_test_cel0.9,chunk_15,200,KR,2.9267411132653556,48
sign_test_cel0.9,chunk_15,200,MC,4.727602769931157,48
sign_test_cel0.9,chunk_15,200,cosine_similarity,-0.7998716980218887,48
sign_test_cel0.9,chunk_15,200,wt_mean,-0.001989822631003275,48
sign_test_cel0.9,chunk_15,201,GR,5.388699581225713,48
sign_test_cel0.9,chunk_15,201,IPC,6.294579389194648,48
sign_test_cel0.9,chunk_15,201,KR,3.2833173324664435,48
sign_test_cel0.9,chunk_15,201,MC,4.517307649056117,48
sign_test_cel0.9,chunk_15,201,cosine_similarity,-0.7998715490102768,48
sign_test_cel0.9,chunk_15,201,wt_mean,-0.001971932506421525,48
sign_test_cel0.9,chunk_16,202,GR,4.008777792255084,48
sign_test_cel0.9,chunk_16,202,IPC,6.204050014416377,48
sign_test_cel0.9,chunk_16,202,KR,2.6148061603307724,48
sign_test_cel0.9,chunk_16,202,MC,4.181259264548619,48
sign_test_cel0.9,chunk_16,202,cosine_similarity,-0.799871414899826,48
sign_test_cel0.9,chunk_16,202,wt_mean,-0.001971194695215625,48
sign_test_cel0.9,chunk_16,203,GR,5.314171584943931,48
sign_test_cel0.9,chunk_16,203,IPC,7.138778585940599,48
sign_test_cel0.9,chunk_16,203,KR,3.226481465001901,48
sign_test_cel0.9,chunk_16,203,MC,4.603270466128985,48
sign_test_cel0.9,chunk_16,203,cosine_similarity,-0.7998715192079544,48
sign_test_cel0.9,chunk_16,203,wt_mean,-0.00200478543411005,48
sign_test_cel0.9,chunk_16,204,GR,4.191149349013965,48
sign_test_cel0.9,chunk_16,204,IPC,6.879819497466087,48
sign_test_cel0.9,chunk_16,204,KR,2.751734753449758,48
sign_test_cel0.9,chunk_16,204,MC,4.351121803124745,48
sign_test_cel0.9,chunk_16,204,cosine_similarity,-0.7998715043067932,48
sign_test_cel0.9,chunk_16,204,wt_mean,-0.001926361030200425,48
sign_test_cel0.9,chunk_16,205,GR,4.27627232670784,48
sign_test_cel0.9,chunk_16,205,IPC,6.476327495028575,48
sign_test_cel0.9,chunk_16,205,KR,2.7470028226574263,48
sign_test_cel0.9,chunk_16,205,MC,4.407498061656952,48
sign_test_cel0.9,chunk_16,205,cosine_similarity,-0.799871563911438,48
sign_test_cel0.9,chunk_16,205,wt_mean,-0.001884866505861225,48
sign_test_cel0.9,chunk_16,206,GR,4.332526328663032,48
sign_test_cel0.9,chunk_16,206,IPC,6.3059698057671385,48
sign_test_cel0.9,chunk_16,206,KR,2.767983540892601,48
sign_test_cel0.9,chunk_16,206,MC,4.351274040838082,48
sign_test_cel0.9,chunk_16,206,cosine_similarity,-0.7998713850975037,48
sign_test_cel0.9,chunk_16,206,wt_mean,-0.0019173532782587749,48
sign_test_cel0.9,chunk_16,207,GR,4.588080195089181,48
sign_test_cel0.9,chunk_16,207,IPC,5.966322707633178,48
sign_test_cel0.9,chunk_16,207,KR,2.868272033830484,48
sign_test_cel0.9,chunk_16,207,MC,4.1062324941158295,48
sign_test_cel0.9,chunk_16,207,cosine_similarity,-0.799871638417244,48
sign_test_cel0.9,chunk_16,207,wt_mean,-0.0019627730362117,48
sign_test_cel0.9,chunk_16,208,GR,4.426401451230049,48
sign_test_cel0.9,chunk_16,208,IPC,5.7453434107204275,48
sign_test_cel0.9,chunk_16,208,KR,2.7875698332985244,48
sign_test_cel0.9,chunk_16,208,MC,3.982299230992794,48
sign_test_cel0.9,chunk_16,208,cosine_similarity,-0.799871563911438,48
sign_test_cel0.9,chunk_16,208,wt_mean,-0.00193537035374895,48
sign_test_cel0.9,chunk_16,209,GR,4.077722437679768,48
sign_test_cel0.9,chunk_16,209,IPC,6.314225427806377,48
sign_test_cel0.9,chunk_16,209,KR,2.588018467028936,48
sign_test_cel0.9,chunk_16,209,MC,4.15997181336085,48
sign_test_cel0.9,chunk_16,209,cosine_similarity,-0.7998714745044708,48
sign_test_cel0.9,chunk_16,209,wt_mean,-0.0018639835470821,48
sign_test_cel0.9,chunk_16,210,GR,4.3062210728724795,48
sign_test_cel0.9,chunk_16,210,IPC,6.389864629755418,48
sign_test_cel0.9,chunk_16,210,KR,2.7815841510891914,48
sign_test_cel0.9,chunk_16,210,MC,4.32531160612901,48
sign_test_cel0.9,chunk_16,210,cosine_similarity,-0.799871563911438,48
sign_test_cel0.9,chunk_16,210,wt_mean,-0.001926718308823125,48
sign_test_cel0.9,chunk_16,211,GR,4.3269022181630135,48
sign_test_cel0.9,chunk_16,211,IPC,6.648127915958564,48
sign_test_cel0.9,chunk_16,211,KR,2.8077884117762246,48
sign_test_cel0.9,chunk_16,211,MC,4.669027790427208,48
sign_test_cel0.9,chunk_16,211,cosine_similarity,-0.7998715192079544,48
sign_test_cel0.9,chunk_16,211,wt_mean,-0.0018674003367777252,48
sign_test_cel0.9,chunk_16,212,GR,4.753712147474289,48
sign_test_cel0.9,chunk_16,212,IPC,5.841158865640561,48
sign_test_cel0.9,chunk_16,212,KR,2.89214043567578,48
sign_test_cel0.9,chunk_16,212,MC,4.253023470441501,48
sign_test_cel0.9,chunk_16,212,cosine_similarity,-0.799871563911438,48
sign_test_cel0.9,chunk_16,212,wt_mean,-0.0019332085794303,48
sign_test_cel0.9,chunk_16,213,GR,4.575396736462911,48
sign_test_cel0.9,chunk_16,213,IPC,6.459750822434823,48
sign_test_cel0.9,chunk_16,213,KR,2.870236501097679,48
sign_test_cel0.9,chunk_16,213,MC,4.3845687458912534,48
sign_test_cel0.9,chunk_16,213,cosine_similarity,-0.7998715341091156,48
sign_test_cel0.9,chunk_16,213,wt_mean,-0.00192347136908205,48
sign_test_cel0.9,chunk_17,214,GR,4.16636239985625,48
sign_test_cel0.9,chunk_17,214,IPC,6.569416994849841,48
sign_test_cel0.9,chunk_17,214,KR,2.6476389144857726,48
sign_test_cel0.9,chunk_17,214,MC,4.473100821177165,48
sign_test_cel0.9,chunk_17,214,cosine_similarity,-0.7998715937137604,48
sign_test_cel0.9,chunk_17,214,wt_mean,-0.001948023884324325,48
sign_test_cel0.9,chunk_17,215,GR,4.32909020036459,48
sign_test_cel0.9,chunk_17,215,IPC,6.6546530822912855,48
sign_test_cel0.9,chunk_17,215,KR,2.645579400161902,48
sign_test_cel0.9,chunk_17,215,MC,4.115034657220046,48
sign_test_cel0.9,chunk_17,215,cosine_similarity,-0.7998716980218887,48
sign_test_cel0.9,chunk_17,215,wt_mean,-0.0019989810825790997,48
sign_test_cel0.9,chunk_17,216,GR,4.274222433567047,48
sign_test_cel0.9,chunk_17,216,IPC,6.246523498247067,48
sign_test_cel0.9,chunk_17,216,KR,2.7419260491927466,48
sign_test_cel0.9,chunk_17,216,MC,4.131225680311521,48
sign_test_cel0.9,chunk_17,216,cosine_similarity,-0.7998715937137604,48
sign_test_cel0.9,chunk_17,216,wt_mean,-0.0019441679178271,48
sign_test_cel0.9,chunk_17,217,GR,5.2900265256563825,48
sign_test_cel0.9,chunk_17,217,IPC,6.627268614868323,48
sign_test_cel0.9,chunk_17,217,KR,3.166064557929834,48
sign_test_cel0.9,chunk_17,217,MC,4.351452529430389,48
sign_test_cel0.9,chunk_17,217,cosine_similarity,-0.7998715192079544,48
sign_test_cel0.9,chunk_17,217,wt_mean,-0.00201862922403955,48
sign_test_cel0.9,chunk_17,218,GR,5.247015915811062,48
sign_test_cel0.9,chunk_17,218,IPC,5.819105379283428,48
sign_test_cel0.9,chunk_17,218,KR,3.13632254054149,48
sign_test_cel0.9,chunk_17,218,MC,3.941774681210518,48
sign_test_cel0.9,chunk_17,218,cosine_similarity,-0.799871414899826,48
sign_test_cel0.9,chunk_17,218,wt_mean,-0.001964980707271,48
sign_test_cel0.9,chunk_17,219,GR,4.461306884884834,48
sign_test_cel0.9,chunk_17,219,IPC,6.227845488737027,48
sign_test_cel0.9,chunk_17,219,KR,2.7966654375195503,48
sign_test_cel0.9,chunk_17,219,MC,4.127480427424113,48
sign_test_cel0.9,chunk_17,219,cosine_similarity,-0.7998715341091156,48
sign_test_cel0.9,chunk_17,219,wt_mean,-0.00195880982209925,48
sign_test_cel0.9,chunk_17,220,GR,5.239323129256566,48
sign_test_cel0.9,chunk_17,220,IPC,6.028819782038529,48
sign_test_cel0.9,chunk_17,220,KR,3.218882739543915,48
sign_test_cel0.9,chunk_17,220,MC,4.399135202169418,48
sign_test_cel0.9,chunk_17,220,cosine_similarity,-0.7998715192079544,48
sign_test_cel0.9,chunk_17,220,wt_mean,-0.00190523659694005,48
sign_test_cel0.9,chunk_17,221,GR,4.425796074171861,48
sign_test_cel0.9,chunk_17,221,IPC,6.730988009522359,48
sign_test_cel0.9,chunk_17,221,KR,2.76924845824639,48
sign_test_cel0.9,chunk_17,221,MC,4.5097052454948425,48
sign_test_cel0.9,chunk_17,221,cosine_similarity,-0.7998713552951813,48
sign_test_cel0.9,chunk_17,221,wt_mean,-0.0018780891259666248,48
sign_test_cel0.9,chunk_17,222,GR,4.127387995521228,48
sign_test_cel0.9,chunk_17,222,IPC,6.905974528441827,48
sign_test_cel0.9,chunk_17,222,KR,2.6918698996305466,48
sign_test_cel0.9,chunk_17,222,MC,4.458688269058864,48
sign_test_cel0.9,chunk_17,222,cosine_similarity,-0.7998715788125992,48
sign_test_cel0.9,chunk_17,222,wt_mean,-0.001899885013699475,48
sign_test_cel0.9,chunk_17,223,GR,4.805766299366951,48
sign_test_cel0.9,chunk_17,223,IPC,7.533168904483318,48
sign_test_cel0.9,chunk_17,223,KR,3.016146073738734,48
sign_test_cel0.9,chunk_17,223,MC,5.081700657804807,48
sign_test_cel0.9,chunk_17,223,cosine_similarity,-0.7998714447021484,48
sign_test_cel0.9,chunk_17,223,wt_mean,-0.0020717795414384,48
sign_test_cel0.9,chunk_17,224,GR,4.577674562732379,48
sign_test_cel0.9,chunk_17,224,IPC,6.181579846888781,48
sign_test_cel0.9,chunk_17,224,KR,2.930403041342894,48
sign_test_cel0.9,chunk_17,224,MC,4.189478650689125,48
sign_test_cel0.9,chunk_17,224,cosine_similarity,-0.7998715490102768,48
sign_test_cel0.9,chunk_17,224,wt_mean,-0.00181055886787355,48
sign_test_cel0.9,chunk_17,225,GR,4.6926332240303354,48
sign_test_cel0.9,chunk_17,225,IPC,6.359166697909434,48
sign_test_cel0.9,chunk_17,225,KR,2.7304954156279564,48
sign_test_cel0.9,chunk_17,225,MC,4.314801745116711,48
sign_test_cel0.9,chunk_17,225,cosine_similarity,-0.799871563911438,48
sign_test_cel0.9,chunk_17,225,wt_mean,-0.0019423989579081,48
sign_test_cel0.9,chunk_18,226,GR,4.461870613197486,48
sign_test_cel0.9,chunk_18,226,IPC,6.482045195996761,48
sign_test_cel0.9,chunk_18,226,KR,2.749633843700091,48
sign_test_cel0.9,chunk_18,226,MC,4.353666317959626,48
sign_test_cel0.9,chunk_18,226,cosine_similarity,-0.7998715937137604,48
sign_test_cel0.9,chunk_18,226,wt_mean,-0.001928418845636725,48
sign_test_cel0.9,chunk_18,227,GR,4.884954065084457,48
sign_test_cel0.9,chunk_18,227,IPC,6.919792331755161,48
sign_test_cel0.9,chunk_18,227,KR,2.923224767049154,48
sign_test_cel0.9,chunk_18,227,MC,4.360014036297798,48
sign_test_cel0.9,chunk_18,227,cosine_similarity,-0.7998714447021484,48
sign_test_cel0.9,chunk_18,227,wt_mean,-0.0019463253556750249,48
sign_test_cel0.9,chunk_18,228,GR,4.28763763854901,48
sign_test_cel0.9,chunk_18,228,IPC,6.4035033347706,48
sign_test_cel0.9,chunk_18,228,KR,2.7289341539144516,48
sign_test_cel0.9,chunk_18,228,MC,4.374762788414955,48
sign_test_cel0.9,chunk_18,228,cosine_similarity,-0.7998715341091156,48
sign_test_cel0.9,chunk_18,228,wt_mean,-0.0018742228276095749,48
sign_test_cel0.9,chunk_18,229,GR,4.518700438241164,48
sign_test_cel0.9,chunk_18,229,IPC,6.721030257642269,48
sign_test_cel0.9,chunk_18,229,KR,2.875337322552999,48
sign_test_cel0.9,chunk_18,229,MC,4.483790551622708,48
sign_test_cel0.9,chunk_18,229,cosine_similarity,-0.7998715341091156,48
sign_test_cel0.9,chunk_18,229,wt_mean,-0.0019384840852580503,48
sign_test_cel0.9,chunk_18,230,GR,4.513517580926418,48
sign_test_cel0.9,chunk_18,230,IPC,6.004278137038152,48
sign_test_cel0.9,chunk_18,230,KR,2.876286725203196,48
sign_test_cel0.9,chunk_18,230,MC,4.2625771562258405,48
sign_test_cel0.9,chunk_18,230,cosine_similarity,-0.7998714447021484,48
sign_test_cel0.9,chunk_18,230,wt_mean,-0.0019657317898236003,48
sign_test_cel0.9,chunk_18,231,GR,4.20186851421992,48
sign_test_cel0.9,chunk_18,231,IPC,6.306519505878289,48
sign_test_cel0.9,chunk_18,231,KR,2.6700447176893554,48
sign_test_cel0.9,chunk_18,231,MC,4.267050601541996,48
sign_test_cel0.9,chunk_18,231,cosine_similarity,-0.7998715937137604,48
sign_test_cel0.9,chunk_18,231,wt_mean,-0.001918682915857025,48
sign_test_cel0.9,chunk_18,232,GR,4.969813995063305,48
sign_test_cel0.9,chunk_18,232,IPC,6.680359208335479,48
sign_test_cel0.9,chunk_18,232,KR,3.1069566210110984,48
sign_test_cel0.9,chunk_18,232,MC,4.602489973107974,48
sign_test_cel0.9,chunk_18,232,cosine_similarity,-0.7998714447021484,48
sign_test_cel0.9,chunk_18,232,wt_mean,-0.0019524059607647002,48
sign_test_cel0.9,chunk_18,233,GR,4.851025573909283,48
sign_test_cel0.9,chunk_18,233,IPC,6.68660772467653,48
sign_test_cel0.9,chunk_18,233,KR,2.8173365543286004,48
sign_test_cel0.9,chunk_18,233,MC,4.413616264859836,48
sign_test_cel0.9,chunk_18,233,cosine_similarity,-0.7998715788125992,48
sign_test_cel0.9,chunk_18,233,wt_mean,-0.0019525746174621748,48
sign_test_cel0.9,chunk_18,234,GR,4.535748817026615,48
sign_test_cel0.9,chunk_18,234,IPC,6.259566516925891,48
sign_test_cel0.9,chunk_18,234,KR,2.9014586930473647,48
sign_test_cel0.9,chunk_18,234,MC,4.312698128322761,48
sign_test_cel0.9,chunk_18,234,cosine_similarity,-0.799871489405632,48
sign_test_cel0.9,chunk_18,234,wt_mean,-0.00193188287084915,48
sign_test_cel0.9,chunk_18,235,GR,4.705302310486634,48
sign_test_cel0.9,chunk_18,235,IPC,6.750110806276401,48
sign_test_cel0.9,chunk_18,235,KR,2.890968253215154,48
sign_test_cel0.9,chunk_18,235,MC,4.5728422701358795,48
sign_test_cel0.9,chunk_18,235,cosine_similarity,-0.7998715937137604,48
sign_test_cel0.9,chunk_18,235,wt_mean,-0.0019662355189211,48
sign_test_cel0.9,chunk_18,236,GR,4.68748930344979,48
sign_test_cel0.9,chunk_18,236,IPC,6.732903691629569,48
sign_test_cel0.9,chunk_18,236,KR,2.9435510585705438,48
sign_test_cel0.9,chunk_18,236,MC,4.335875670115153,48
sign_test_cel0.9,chunk_18,236,cosine_similarity,-0.799871414899826,48
sign_test_cel0.9,chunk_18,236,wt_mean,-0.002055019023828175,48
sign_test_cel0.9,chunk_18,237,GR,4.097509607672691,48
sign_test_cel0.9,chunk_18,237,IPC,6.038604874163866,48
sign_test_cel0.9,chunk_18,237,KR,2.724179503818353,48
sign_test_cel0.9,chunk_18,237,MC,4.32181208084027,48
sign_test_cel0.9,chunk_18,237,cosine_similarity,-0.7998716533184052,48
sign_test_cel0.9,chunk_18,237,wt_mean,-0.001877198868896775,48
sign_test_cel0.9,chunk_19,238,GR,4.265410982072353,48
sign_test_cel0.9,chunk_19,238,IPC,6.339852333068848,48
sign_test_cel0.9,chunk_19,238,KR,2.7288925175865493,48
sign_test_cel0.9,chunk_19,238,MC,4.317284951607387,48
sign_test_cel0.9,chunk_19,238,cosine_similarity,-0.7998715192079544,48
sign_test_cel0.9,chunk_19,238,wt_mean,-0.0019059815385844001,48
sign_test_cel0.9,chunk_19,239,GR,4.275523650149505,48
sign_test_cel0.9,chunk_19,239,IPC,6.829383065303166,48
sign_test_cel0.9,chunk_19,239,KR,2.707303802172343,48
sign_test_cel0.9,chunk_19,239,MC,4.5095706433057785,48
sign_test_cel0.9,chunk_19,239,cosine_similarity,-0.7998713850975037,48
sign_test_cel0.9,chunk_19,239,wt_mean,-0.0019493049767333752,48
sign_test_cel0.9,chunk_19,240,GR,4.28100819637378,48
sign_test_cel0.9,chunk_19,240,IPC,6.579835123072068,48
sign_test_cel0.9,chunk_19,240,KR,2.635775089263916,48
sign_test_cel0.9,chunk_19,240,MC,4.256276379028956,48
sign_test_cel0.9,chunk_19,240,cosine_similarity,-0.7998715043067932,48
sign_test_cel0.9,chunk_19,240,wt_mean,-0.0019300241838209001,48
sign_test_cel0.9,chunk_19,241,GR,5.054712536434333,48
sign_test_cel0.9,chunk_19,241,IPC,6.013341950873534,48
sign_test_cel0.9,chunk_19,241,KR,3.140864642957846,48
sign_test_cel0.9,chunk_19,241,MC,4.347114577889442,48
sign_test_cel0.9,chunk_19,241,cosine_similarity,-0.7998713850975037,48
sign_test_cel0.9,chunk_19,241,wt_mean,-0.00192656886065375,48
sign_test_cel0.9,chunk_19,242,GR,4.572363081077735,48
sign_test_cel0.9,chunk_19,242,IPC,7.0021384345988436,48
sign_test_cel0.9,chunk_19,242,KR,2.7944600184758506,48
sign_test_cel0.9,chunk_19,242,MC,4.241737427810828,48
sign_test_cel0.9,chunk_19,242,cosine_similarity,-0.799871563911438,48
sign_test_cel0.9,chunk_19,242,wt_mean,-0.0019085242820437748,48
sign_test_cel0.9,chunk_19,243,GR,4.661937743425369,48
sign_test_cel0.9,chunk_19,243,IPC,6.642654754221439,48
sign_test_cel0.9,chunk_19,243,KR,2.822895703216394,48
sign_test_cel0.9,chunk_19,243,MC,4.381254963576794,48
sign_test_cel0.9,chunk_19,243,cosine_similarity,-0.7998714298009872,48
sign_test_cel0.9,chunk_19,243,wt_mean,-0.001942425908055125,48
sign_test_cel0.9,chunk_19,244,GR,4.900673779348533,48
sign_test_cel0.9,chunk_19,244,IPC,6.299456565330426,48
sign_test_cel0.9,chunk_19,244,KR,3.080722339451313,48
sign_test_cel0.9,chunk_19,244,MC,4.487933029731114,48
sign_test_cel0.9,chunk_19,244,cosine_similarity,-0.7998717576265335,48
sign_test_cel0.9,chunk_19,244,wt_mean,-0.00198135350365185,48
sign_test_cel0.9,chunk_19,245,GR,4.102818076809247,48
sign_test_cel0.9,chunk_19,245,IPC,6.7577683838705225,48
sign_test_cel0.9,chunk_19,245,KR,2.7000378196438155,48
sign_test_cel0.9,chunk_19,245,MC,4.616051688790321,48
sign_test_cel0.9,chunk_19,245,cosine_similarity,-0.7998717129230499,48
sign_test_cel0.9,chunk_19,245,wt_mean,-0.0019095731840934249,48
sign_test_cel0.9,chunk_19,246,GR,4.486734879513581,48
sign_test_cel0.9,chunk_19,246,IPC,6.51421279584368,48
sign_test_cel0.9,chunk_19,246,KR,2.8480257218082747,48
sign_test_cel0.9,chunk_19,246,MC,4.577351813515027,48
sign_test_cel0.9,chunk_19,246,cosine_similarity,-0.7998714745044708,48
sign_test_cel0.9,chunk_19,246,wt_mean,-0.001911299943458225,48
sign_test_cel0.9,chunk_19,247,GR,4.1656641239921255,48
sign_test_cel0.9,chunk_19,247,IPC,6.9332201816141605,48
sign_test_cel0.9,chunk_19,247,KR,2.686552862326304,48
sign_test_cel0.9,chunk_19,247,MC,4.7047684490680695,48
sign_test_cel0.9,chunk_19,247,cosine_similarity,-0.799871563911438,48
sign_test_cel0.9,chunk_19,247,wt_mean,-0.00193693660548885,48
sign_test_cel0.9,chunk_19,248,GR,3.9334969942768416,48
sign_test_cel0.9,chunk_19,248,IPC,6.817927531898022,48
sign_test_cel0.9,chunk_19,248,KR,2.566405067841212,48
sign_test_cel0.9,chunk_19,248,MC,4.733516529202461,48
sign_test_cel0.9,chunk_19,248,cosine_similarity,-0.7998715043067932,48
sign_test_cel0.9,chunk_19,248,wt_mean,-0.00191724672913545,48
sign_test_cel0.9,chunk_19,249,GR,4.18594287832578,48
sign_test_cel0.9,chunk_19,249,IPC,6.482471762845914,48
sign_test_cel0.9,chunk_19,249,KR,2.6222697471578917,48
sign_test_cel0.9,chunk_19,249,MC,4.156034971276919,48
sign_test_cel0.9,chunk_19,249,cosine_similarity,-0.7998714745044708,48
sign_test_cel0.9,chunk_19,249,wt_mean,-0.0019894727738573753,48
sign_test_cel0.9,chunk_2,26,GR,5.147012020150821,48
sign_test_cel0.9,chunk_2,26,IPC,5.790336679667234,48
sign_test_cel0.9,chunk_2,26,KR,3.129855434099833,48
sign_test_cel0.9,chunk_2,26,MC,4.414832428097725,48
sign_test_cel0.9,chunk_2,26,cosine_similarity,-0.7998712956905365,48
sign_test_cel0.9,chunk_2,26,wt_mean,-0.001989884738577475,48
sign_test_cel0.9,chunk_2,27,GR,3.7957000186045966,48
sign_test_cel0.9,chunk_2,27,IPC,6.309421339382728,48
sign_test_cel0.9,chunk_2,27,KR,2.5381384839614234,48
sign_test_cel0.9,chunk_2,27,MC,4.316444550951322,48
sign_test_cel0.9,chunk_2,27,cosine_similarity,-0.7998715043067932,48
sign_test_cel0.9,chunk_2,27,wt_mean,-0.0018932099919765747,48
sign_test_cel0.9,chunk_2,28,GR,4.748254562417666,48
sign_test_cel0.9,chunk_2,28,IPC,6.47682964677612,48
sign_test_cel0.9,chunk_2,28,KR,2.934367060661316,48
sign_test_cel0.9,chunk_2,28,MC,4.485081322491169,48
sign_test_cel0.9,chunk_2,28,cosine_similarity,-0.799871563911438,48
sign_test_cel0.9,chunk_2,28,wt_mean,-0.001979054621187925,48
sign_test_cel0.9,chunk_2,29,GR,4.123444830377896,48
sign_test_cel0.9,chunk_2,29,IPC,5.362767140070598,48
sign_test_cel0.9,chunk_2,29,KR,2.5542551626761756,48
sign_test_cel0.9,chunk_2,29,MC,3.766011449197928,48
sign_test_cel0.9,chunk_2,29,cosine_similarity,-0.7998714745044708,48
sign_test_cel0.9,chunk_2,29,wt_mean,-0.0019609168521128,48
sign_test_cel0.9,chunk_2,30,GR,4.329605937004089,48
sign_test_cel0.9,chunk_2,30,IPC,6.01977131019036,48
sign_test_cel0.9,chunk_2,30,KR,2.718094882865747,48
sign_test_cel0.9,chunk_2,30,MC,4.147933582464854,48
sign_test_cel0.9,chunk_2,30,cosine_similarity,-0.7998715788125992,48
sign_test_cel0.9,chunk_2,30,wt_mean,-0.0019360270816832,48
sign_test_cel0.9,chunk_2,31,GR,4.13883172472318,48
sign_test_cel0.9,chunk_2,31,IPC,5.681576777249575,48
sign_test_cel0.9,chunk_2,31,KR,2.640385371943315,48
sign_test_cel0.9,chunk_2,31,MC,4.1113883554935455,48
sign_test_cel0.9,chunk_2,31,cosine_similarity,-0.7998717129230499,48
sign_test_cel0.9,chunk_2,31,wt_mean,-0.00201973086223,48
sign_test_cel0.9,chunk_2,32,GR,4.5332211926579475,48
sign_test_cel0.9,chunk_2,32,IPC,5.9007577647765475,48
sign_test_cel0.9,chunk_2,32,KR,2.89031795412302,48
sign_test_cel0.9,chunk_2,32,MC,4.343421374758084,48
sign_test_cel0.9,chunk_2,32,cosine_similarity,-0.799871414899826,48
sign_test_cel0.9,chunk_2,32,wt_mean,-0.0019253864884376,48
sign_test_cel0.9,chunk_2,33,GR,4.686234414577484,48
sign_test_cel0.9,chunk_2,33,IPC,6.745365769912799,48
sign_test_cel0.9,chunk_2,33,KR,3.0683121730883918,48
sign_test_cel0.9,chunk_2,33,MC,4.790425067146619,48
sign_test_cel0.9,chunk_2,33,cosine_similarity,-0.7998716086149216,48
sign_test_cel0.9,chunk_2,33,wt_mean,-0.00198911118786775,48
sign_test_cel0.9,chunk_2,34,GR,4.36142514894406,48
sign_test_cel0.9,chunk_2,34,IPC,6.413104678193728,48
sign_test_cel0.9,chunk_2,34,KR,2.742587059736252,48
sign_test_cel0.9,chunk_2,34,MC,4.340981354316075,48
sign_test_cel0.9,chunk_2,34,cosine_similarity,-0.799871563911438,48
sign_test_cel0.9,chunk_2,34,wt_mean,-0.001866295497165925,48
sign_test_cel0.9,chunk_2,35,GR,4.269646612306436,48
sign_test_cel0.9,chunk_2,35,IPC,5.878469940274954,48
sign_test_cel0.9,chunk_2,35,KR,2.6443550661206245,48
sign_test_cel0.9,chunk_2,35,MC,4.120478520790736,48
sign_test_cel0.9,chunk_2,35,cosine_similarity,-0.7998716235160828,48
sign_test_cel0.9,chunk_2,35,wt_mean,-0.001867811399279125,48
sign_test_cel0.9,chunk_2,36,GR,4.06616731484731,48
sign_test_cel0.9,chunk_2,36,IPC,6.568595663954814,48
sign_test_cel0.9,chunk_2,36,KR,2.590173644324144,48
sign_test_cel0.9,chunk_2,36,MC,4.424407174189885,48
sign_test_cel0.9,chunk_2,36,cosine_similarity,-0.799871414899826,48
sign_test_cel0.9,chunk_2,36,wt_mean,-0.001985867100302075,48
sign_test_cel0.9,chunk_2,37,GR,4.668093216915925,48
sign_test_cel0.9,chunk_2,37,IPC,6.1882065298656626,48
sign_test_cel0.9,chunk_2,37,KR,2.906615287065506,48
sign_test_cel0.9,chunk_2,37,MC,4.349845310052236,48
sign_test_cel0.9,chunk_2,37,cosine_similarity,-0.799871414899826,48
sign_test_cel0.9,chunk_2,37,wt_mean,-0.0019185568380635,48
sign_test_cel0.9,chunk_2,38,GR,4.035866801937421,48
sign_test_cel0.9,chunk_2,38,IPC,6.316293844332297,48
sign_test_cel0.9,chunk_2,38,KR,2.552525324126085,48
sign_test_cel0.9,chunk_2,38,MC,4.308328951398532,48
sign_test_cel0.9,chunk_2,38,cosine_similarity,-0.7998716086149216,48
sign_test_cel0.9,chunk_2,38,wt_mean,-0.00199267794960175,48
sign_test_cel0.9,chunk_3,39,GR,4.649785324931145,48
sign_test_cel0.9,chunk_3,39,IPC,6.824973564594984,48
sign_test_cel0.9,chunk_3,39,KR,2.7741421908140182,48
sign_test_cel0.9,chunk_3,39,MC,4.409691162407398,48
sign_test_cel0.9,chunk_3,39,cosine_similarity,-0.7998716533184052,48
sign_test_cel0.9,chunk_3,39,wt_mean,-0.002060196042293625,48
sign_test_cel0.9,chunk_3,40,GR,4.521117540697257,48
sign_test_cel0.9,chunk_3,40,IPC,6.368466562281053,48
sign_test_cel0.9,chunk_3,40,KR,2.92939775933822,48
sign_test_cel0.9,chunk_3,40,MC,4.329096131026745,48
sign_test_cel0.9,chunk_3,40,cosine_similarity,-0.7998715043067932,48
sign_test_cel0.9,chunk_3,40,wt_mean,-0.002002545690629575,48
sign_test_cel0.9,chunk_3,41,GR,4.788292696078618,48
sign_test_cel0.9,chunk_3,41,IPC,6.175132397562265,48
sign_test_cel0.9,chunk_3,41,KR,2.891636493305365,48
sign_test_cel0.9,chunk_3,41,MC,4.222335780660312,48
sign_test_cel0.9,chunk_3,41,cosine_similarity,-0.7998716831207275,48
sign_test_cel0.9,chunk_3,41,wt_mean,-0.0019356259726918499,48
sign_test_cel0.9,chunk_3,42,GR,4.49259115755558,48
sign_test_cel0.9,chunk_3,42,IPC,6.9240301214158535,48
sign_test_cel0.9,chunk_3,42,KR,2.823075868189335,48
sign_test_cel0.9,chunk_3,42,MC,4.483280112346013,48
sign_test_cel0.9,chunk_3,42,cosine_similarity,-0.799871563911438,48
sign_test_cel0.9,chunk_3,42,wt_mean,-0.001931958453496875,48
sign_test_cel0.9,chunk_3,43,GR,4.920310378074646,48
sign_test_cel0.9,chunk_3,43,IPC,6.886466554055612,48
sign_test_cel0.9,chunk_3,43,KR,2.967460073530674,48
sign_test_cel0.9,chunk_3,43,MC,4.957088182369868,48
sign_test_cel0.9,chunk_3,43,cosine_similarity,-0.7998715341091156,48
sign_test_cel0.9,chunk_3,43,wt_mean,-0.001967058895388575,48
sign_test_cel0.9,chunk_3,44,GR,4.255256988108158,48
sign_test_cel0.9,chunk_3,44,IPC,6.406759264568488,48
sign_test_cel0.9,chunk_3,44,KR,2.727370001375675,48
sign_test_cel0.9,chunk_3,44,MC,4.5813979357481,48
sign_test_cel0.9,chunk_3,44,cosine_similarity,-0.7998715192079544,48
sign_test_cel0.9,chunk_3,44,wt_mean,-0.001983531314181125,48
sign_test_cel0.9,chunk_3,45,GR,3.9978433325886726,48
sign_test_cel0.9,chunk_3,45,IPC,6.4252470172941685,48
sign_test_cel0.9,chunk_3,45,KR,2.6204707473516464,48
sign_test_cel0.9,chunk_3,45,MC,4.395994504292806,48
sign_test_cel0.9,chunk_3,45,cosine_similarity,-0.7998715043067932,48
sign_test_cel0.9,chunk_3,45,wt_mean,-0.0018689292483031002,48
sign_test_cel0.9,chunk_3,46,GR,4.535443007946014,48
sign_test_cel0.9,chunk_3,46,IPC,6.646498939643304,48
sign_test_cel0.9,chunk_3,46,KR,2.9071893667181334,48
sign_test_cel0.9,chunk_3,46,MC,4.4187426418066025,48
sign_test_cel0.9,chunk_3,46,cosine_similarity,-0.7998715043067932,48
sign_test_cel0.9,chunk_3,46,wt_mean,-0.0020156758546363003,48
sign_test_cel0.9,chunk_3,47,GR,4.346585211654504,48
sign_test_cel0.9,chunk_3,47,IPC,6.677052330225706,48
sign_test_cel0.9,chunk_3,47,KR,2.6873280157645545,48
sign_test_cel0.9,chunk_3,47,MC,4.485852127273877,48
sign_test_cel0.9,chunk_3,47,cosine_similarity,-0.799871489405632,48
sign_test_cel0.9,chunk_3,47,wt_mean,-0.0019262779387645,48
sign_test_cel0.9,chunk_3,48,GR,4.902894256015618,48
sign_test_cel0.9,chunk_3,48,IPC,6.3402416333556175,48
sign_test_cel0.9,chunk_3,48,KR,3.0472980265816054,48
sign_test_cel0.9,chunk_3,48,MC,4.265899817148845,48
sign_test_cel0.9,chunk_3,48,cosine_similarity,-0.799871638417244,48
sign_test_cel0.9,chunk_3,48,wt_mean,-0.0018894124368671,48
sign_test_cel0.9,chunk_3,49,GR,4.064660007754962,48
sign_test_cel0.9,chunk_3,49,IPC,6.309641903887193,48
sign_test_cel0.9,chunk_3,49,KR,2.6005452598134675,48
sign_test_cel0.9,chunk_3,49,MC,3.9052851547797522,48
sign_test_cel0.9,chunk_3,49,cosine_similarity,-0.7998714596033096,48
sign_test_cel0.9,chunk_3,49,wt_mean,-0.001889877166831825,48
sign_test_cel0.9,chunk_3,50,GR,4.287224049369494,48
sign_test_cel0.9,chunk_3,50,IPC,6.897041354328394,48
sign_test_cel0.9,chunk_3,50,KR,2.7894465749462447,48
sign_test_cel0.9,chunk_3,50,MC,4.461664030949275,48
sign_test_cel0.9,chunk_3,50,cosine_similarity,-0.7998715341091156,48
sign_test_cel0.9,chunk_3,50,wt_mean,-0.0019619272206909248,48
sign_test_cel0.9,chunk_3,51,GR,4.1211881985267,48
sign_test_cel0.9,chunk_3,51,IPC,5.897425586978595,48
sign_test_cel0.9,chunk_3,51,KR,2.6210194478432336,48
sign_test_cel0.9,chunk_3,51,MC,4.112341194103162,48
sign_test_cel0.9,chunk_3,51,cosine_similarity,-0.7998715341091156,48
sign_test_cel0.9,chunk_3,51,wt_mean,-0.001926691125845475,48
sign_test_cel0.9,chunk_4,52,GR,4.506033020714919,48
sign_test_cel0.9,chunk_4,52,IPC,6.495984901984532,48
sign_test_cel0.9,chunk_4,52,KR,2.88747758915027,48
sign_test_cel0.9,chunk_4,52,MC,4.530745627979438,48
sign_test_cel0.9,chunk_4,52,cosine_similarity,-0.7998716831207275,48
sign_test_cel0.9,chunk_4,52,wt_mean,-0.0019985890248789997,48
sign_test_cel0.9,chunk_4,53,GR,4.607042233149211,48
sign_test_cel0.9,chunk_4,53,IPC,6.36842751627167,48
sign_test_cel0.9,chunk_4,53,KR,2.8457966347535453,48
sign_test_cel0.9,chunk_4,53,MC,4.105604857206345,48
sign_test_cel0.9,chunk_4,53,cosine_similarity,-0.7998715043067932,48
sign_test_cel0.9,chunk_4,53,wt_mean,-0.00192921631969505,48
sign_test_cel0.9,chunk_4,54,GR,4.449493673940499,48
sign_test_cel0.9,chunk_4,54,IPC,6.681495927274227,48
sign_test_cel0.9,chunk_4,54,KR,2.795494206249714,48
sign_test_cel0.9,chunk_4,54,MC,4.584045271078746,48
sign_test_cel0.9,chunk_4,54,cosine_similarity,-0.7998715043067932,48
sign_test_cel0.9,chunk_4,54,wt_mean,-0.0019062980718444502,48
sign_test_cel0.9,chunk_4,55,GR,4.135286120076974,48
sign_test_cel0.9,chunk_4,55,IPC,6.492162391543388,48
sign_test_cel0.9,chunk_4,55,KR,2.621202583114306,48
sign_test_cel0.9,chunk_4,55,MC,4.142425941924254,48
sign_test_cel0.9,chunk_4,55,cosine_similarity,-0.7998714596033096,48
sign_test_cel0.9,chunk_4,55,wt_mean,-0.0019474541477392752,48
sign_test_cel0.9,chunk_4,56,GR,3.959337569773197,48
sign_test_cel0.9,chunk_4,56,IPC,5.982046318550904,48
sign_test_cel0.9,chunk_4,56,KR,2.541765868663788,48
sign_test_cel0.9,chunk_4,56,MC,4.281017507116,48
sign_test_cel0.9,chunk_4,56,cosine_similarity,-0.7998716235160828,48
sign_test_cel0.9,chunk_4,56,wt_mean,-0.00191695135436015,48
sign_test_cel0.9,chunk_4,57,GR,4.288930490612984,48
sign_test_cel0.9,chunk_4,57,IPC,6.379113932450612,48
sign_test_cel0.9,chunk_4,57,KR,2.7248459234833717,48
sign_test_cel0.9,chunk_4,57,MC,4.172651591400306,48
sign_test_cel0.9,chunk_4,57,cosine_similarity,-0.7998715490102768,48
sign_test_cel0.9,chunk_4,57,wt_mean,-0.0018737910431809001,48
sign_test_cel0.9,chunk_4,58,GR,4.373644965390365,48
sign_test_cel0.9,chunk_4,58,IPC,6.1099703547855215,48
sign_test_cel0.9,chunk_4,58,KR,2.732715559502443,48
sign_test_cel0.9,chunk_4,58,MC,4.042858590682347,48
sign_test_cel0.9,chunk_4,58,cosine_similarity,-0.799871563911438,48
sign_test_cel0.9,chunk_4,58,wt_mean,-0.001995466562220775,48
sign_test_cel0.9,chunk_4,59,GR,4.143381744623184,48
sign_test_cel0.9,chunk_4,59,IPC,7.285231579095125,48
sign_test_cel0.9,chunk_4,59,KR,2.5080589776237807,48
sign_test_cel0.9,chunk_4,59,MC,4.687462056676547,48
sign_test_cel0.9,chunk_4,59,cosine_similarity,-0.799871414899826,48
sign_test_cel0.9,chunk_4,59,wt_mean,-0.001911531260702725,48
sign_test_cel0.9,chunk_4,60,GR,4.4249992445111275,48
sign_test_cel0.9,chunk_4,60,IPC,6.207613927622636,48
sign_test_cel0.9,chunk_4,60,KR,2.8448232635855675,48
sign_test_cel0.9,chunk_4,60,MC,4.293455198407173,48
sign_test_cel0.9,chunk_4,60,cosine_similarity,-0.7998715341091156,48
sign_test_cel0.9,chunk_4,60,wt_mean,-0.001996611215872675,48
sign_test_cel0.9,chunk_4,61,GR,4.982728362083435,48
sign_test_cel0.9,chunk_4,61,IPC,6.148149232069652,48
sign_test_cel0.9,chunk_4,61,KR,3.0044661288460097,48
sign_test_cel0.9,chunk_4,61,MC,4.1940717697143555,48
sign_test_cel0.9,chunk_4,61,cosine_similarity,-0.7998715043067932,48
sign_test_cel0.9,chunk_4,61,wt_mean,-0.001910201768623625,48
sign_test_cel0.9,chunk_4,62,GR,4.450235185523828,48
sign_test_cel0.9,chunk_4,62,IPC,6.92309092481931,48
sign_test_cel0.9,chunk_4,62,KR,2.761852997044722,48
sign_test_cel0.9,chunk_4,62,MC,4.84366046388944,48
sign_test_cel0.9,chunk_4,62,cosine_similarity,-0.7998714596033096,48
sign_test_cel0.9,chunk_4,62,wt_mean,-0.0019280738488305002,48
sign_test_cel0.9,chunk_4,63,GR,4.004511567453544,48
sign_test_cel0.9,chunk_4,63,IPC,6.556449857850869,48
sign_test_cel0.9,chunk_4,63,KR,2.5716218277812004,48
sign_test_cel0.9,chunk_4,63,MC,4.076920458426078,48
sign_test_cel0.9,chunk_4,63,cosine_similarity,-0.7998717129230499,48
sign_test_cel0.9,chunk_4,63,wt_mean,-0.001974244427401525,48
sign_test_cel0.9,chunk_4,64,GR,4.542720894018809,48
sign_test_cel0.9,chunk_4,64,IPC,6.437201707313458,48
sign_test_cel0.9,chunk_4,64,KR,2.9498776917656264,48
sign_test_cel0.9,chunk_4,64,MC,4.38126062353452,48
sign_test_cel0.9,chunk_4,64,cosine_similarity,-0.7998715490102768,48
sign_test_cel0.9,chunk_4,64,wt_mean,-0.00196477313875215,48
sign_test_cel0.9,chunk_5,65,GR,4.507089642186959,48
sign_test_cel0.9,chunk_5,65,IPC,7.425898600369692,48
sign_test_cel0.9,chunk_5,65,KR,2.7276941214998565,48
sign_test_cel0.9,chunk_5,65,MC,4.931776642799377,48
sign_test_cel0.9,chunk_5,65,cosine_similarity,-0.7998715341091156,48
sign_test_cel0.9,chunk_5,65,wt_mean,-0.00198483618441965,48
sign_test_cel0.9,chunk_5,66,GR,3.8563641210397086,48
sign_test_cel0.9,chunk_5,66,IPC,6.753478424002727,48
sign_test_cel0.9,chunk_5,66,KR,2.4904188315073648,48
sign_test_cel0.9,chunk_5,66,MC,4.260623390475909,48
sign_test_cel0.9,chunk_5,66,cosine_similarity,-0.7998715341091156,48
sign_test_cel0.9,chunk_5,66,wt_mean,-0.001902680349303375,48
sign_test_cel0.9,chunk_5,67,GR,4.402863418062528,48
sign_test_cel0.9,chunk_5,67,IPC,6.951574192692836,48
sign_test_cel0.9,chunk_5,67,KR,2.7865391249457994,48
sign_test_cel0.9,chunk_5,67,MC,4.49605218321085,48
sign_test_cel0.9,chunk_5,67,cosine_similarity,-0.7998716235160828,48
sign_test_cel0.9,chunk_5,67,wt_mean,-0.002000154985580575,48
sign_test_cel0.9,chunk_5,68,GR,4.210314057767391,48
sign_test_cel0.9,chunk_5,68,IPC,6.462709101537864,48
sign_test_cel0.9,chunk_5,68,KR,2.6604544098178544,48
sign_test_cel0.9,chunk_5,68,MC,4.48942169547081,48
sign_test_cel0.9,chunk_5,68,cosine_similarity,-0.7998715937137604,48
sign_test_cel0.9,chunk_5,68,wt_mean,-0.001869490894023275,48
sign_test_cel0.9,chunk_5,69,GR,4.264203675091267,48
sign_test_cel0.9,chunk_5,69,IPC,6.479993977894385,48
sign_test_cel0.9,chunk_5,69,KR,2.727668635547161,48
sign_test_cel0.9,chunk_5,69,MC,4.479599600036939,48
sign_test_cel0.9,chunk_5,69,cosine_similarity,-0.7998716533184052,48
sign_test_cel0.9,chunk_5,69,wt_mean,-0.001891032792627775,48
sign_test_cel0.9,chunk_5,70,GR,4.796965770423412,48
sign_test_cel0.9,chunk_5,70,IPC,7.011363697548707,48
sign_test_cel0.9,chunk_5,70,KR,2.9915683940052986,48
sign_test_cel0.9,chunk_5,70,MC,4.44974588851134,48
sign_test_cel0.9,chunk_5,70,cosine_similarity,-0.7998715341091156,48
sign_test_cel0.9,chunk_5,70,wt_mean,-0.002058383775874925,48
sign_test_cel0.9,chunk_5,71,GR,4.492668638626735,48
sign_test_cel0.9,chunk_5,71,IPC,6.763368397951126,48
sign_test_cel0.9,chunk_5,71,KR,2.8273920069138208,48
sign_test_cel0.9,chunk_5,71,MC,4.486861591537793,48
sign_test_cel0.9,chunk_5,71,cosine_similarity,-0.7998716533184052,48
sign_test_cel0.9,chunk_5,71,wt_mean,-0.00193911037058565,48
sign_test_cel0.9,chunk_5,72,GR,4.3685939361651736,48
sign_test_cel0.9,chunk_5,72,IPC,6.676811909923951,48
sign_test_cel0.9,chunk_5,72,KR,2.7885833606123924,48
sign_test_cel0.9,chunk_5,72,MC,4.477031494180362,48
sign_test_cel0.9,chunk_5,72,cosine_similarity,-0.7998715192079544,48
sign_test_cel0.9,chunk_5,72,wt_mean,-0.00192237569717685,48
sign_test_cel0.9,chunk_5,73,GR,4.749719714124997,48
sign_test_cel0.9,chunk_5,73,IPC,6.073799683401982,48
sign_test_cel0.9,chunk_5,73,KR,2.898003136118253,48
sign_test_cel0.9,chunk_5,73,MC,4.131594543655713,48
sign_test_cel0.9,chunk_5,73,cosine_similarity,-0.7998715192079544,48
sign_test_cel0.9,chunk_5,73,wt_mean,-0.0019605811685323503,48
sign_test_cel0.9,chunk_5,74,GR,4.076946256061395,48
sign_test_cel0.9,chunk_5,74,IPC,6.600881076107423,48
sign_test_cel0.9,chunk_5,74,KR,2.6193395579854646,48
sign_test_cel0.9,chunk_5,74,MC,4.400441621740659,48
sign_test_cel0.9,chunk_5,74,cosine_similarity,-0.7998713850975037,48
sign_test_cel0.9,chunk_5,74,wt_mean,-0.0019011838012374749,48
sign_test_cel0.9,chunk_5,75,GR,4.204619963963826,48
sign_test_cel0.9,chunk_5,75,IPC,6.672107686599095,48
sign_test_cel0.9,chunk_5,75,KR,2.686847018698851,48
sign_test_cel0.9,chunk_5,75,MC,4.3605582639575005,48
sign_test_cel0.9,chunk_5,75,cosine_similarity,-0.799871414899826,48
sign_test_cel0.9,chunk_5,75,wt_mean,-0.00190623538219365,48
sign_test_cel0.9,chunk_5,76,GR,4.139478512108326,48
sign_test_cel0.9,chunk_5,76,IPC,6.2484831263621645,48
sign_test_cel0.9,chunk_5,76,KR,2.5905385141571364,48
sign_test_cel0.9,chunk_5,76,MC,4.230523526668549,48
sign_test_cel0.9,chunk_5,76,cosine_similarity,-0.7998715490102768,48
sign_test_cel0.9,chunk_5,76,wt_mean,-0.0019733431108761,48
sign_test_cel0.9,chunk_5,77,GR,4.786572838823001,48
sign_test_cel0.9,chunk_5,77,IPC,6.830726084609826,48
sign_test_cel0.9,chunk_5,77,KR,2.904569295545419,48
sign_test_cel0.9,chunk_5,77,MC,4.611306771636009,48
sign_test_cel0.9,chunk_5,77,cosine_similarity,-0.7998716831207275,48
sign_test_cel0.9,chunk_5,77,wt_mean,-0.001990517805097575,48
sign_test_cel0.9,chunk_6,78,GR,4.3686234305302305,48
sign_test_cel0.9,chunk_6,78,IPC,6.2310501138369245,48
sign_test_cel0.9,chunk_6,78,KR,2.7773050790031752,48
sign_test_cel0.9,chunk_6,78,MC,4.426415145397186,48
sign_test_cel0.9,chunk_6,78,cosine_similarity,-0.799871563911438,48
sign_test_cel0.9,chunk_6,78,wt_mean,-0.001985599112231225,48
sign_test_cel0.9,chunk_6,79,GR,4.392909054954846,48
sign_test_cel0.9,chunk_6,79,IPC,6.595288579662641,48
sign_test_cel0.9,chunk_6,79,KR,2.7460232004523277,48
sign_test_cel0.9,chunk_6,79,MC,4.554373741149902,48
sign_test_cel0.9,chunk_6,79,cosine_similarity,-0.7998715788125992,48
sign_test_cel0.9,chunk_6,79,wt_mean,-0.0019505616510286502,48
sign_test_cel0.9,chunk_6,80,GR,5.100062417487304,48
sign_test_cel0.9,chunk_6,80,IPC,7.018763562043508,48
sign_test_cel0.9,chunk_6,80,KR,3.107589453458786,48
sign_test_cel0.9,chunk_6,80,MC,4.57057445247968,48
sign_test_cel0.9,chunk_6,80,cosine_similarity,-0.799871414899826,48
sign_test_cel0.9,chunk_6,80,wt_mean,-0.001988464413443525,48
sign_test_cel0.9,chunk_6,81,GR,4.693652252356212,48
sign_test_cel0.9,chunk_6,81,IPC,6.325261566787958,48
sign_test_cel0.9,chunk_6,81,KR,2.8732890089352927,48
sign_test_cel0.9,chunk_6,81,MC,4.531287332375844,48
sign_test_cel0.9,chunk_6,81,cosine_similarity,-0.7998713999986649,48
sign_test_cel0.9,chunk_6,81,wt_mean,-0.0019549803691915747,48
sign_test_cel0.9,chunk_6,82,GR,4.239778901139895,48
sign_test_cel0.9,chunk_6,82,IPC,6.85735451305906,48
sign_test_cel0.9,chunk_6,82,KR,2.6843816116452217,48
sign_test_cel0.9,chunk_6,82,MC,4.667480578025182,48
sign_test_cel0.9,chunk_6,82,cosine_similarity,-0.7998714447021484,48
sign_test_cel0.9,chunk_6,82,wt_mean,-0.001984383910894325,48
sign_test_cel0.9,chunk_6,83,GR,4.601681537926197,48
sign_test_cel0.9,chunk_6,83,IPC,6.415958891312282,48
sign_test_cel0.9,chunk_6,83,KR,2.8309733842809996,48
sign_test_cel0.9,chunk_6,83,MC,4.192994716266791,48
sign_test_cel0.9,chunk_6,83,cosine_similarity,-0.7998714447021484,48
sign_test_cel0.9,chunk_6,83,wt_mean,-0.001992744917515625,48
sign_test_cel0.9,chunk_6,84,GR,4.060105592012405,48
sign_test_cel0.9,chunk_6,84,IPC,6.510720565915108,48
sign_test_cel0.9,chunk_6,84,KR,2.573193530241648,48
sign_test_cel0.9,chunk_6,84,MC,4.13070988158385,48
sign_test_cel0.9,chunk_6,84,cosine_similarity,-0.7998715788125992,48
sign_test_cel0.9,chunk_6,84,wt_mean,-0.00195797655032945,48
sign_test_cel0.9,chunk_6,85,GR,4.184224476416905,48
sign_test_cel0.9,chunk_6,85,IPC,6.747367360939582,48
sign_test_cel0.9,chunk_6,85,KR,2.7065219109257064,48
sign_test_cel0.9,chunk_6,85,MC,4.312814474105835,48
sign_test_cel0.9,chunk_6,85,cosine_similarity,-0.7998715192079544,48
sign_test_cel0.9,chunk_6,85,wt_mean,-0.002025899768341275,48
sign_test_cel0.9,chunk_6,86,GR,3.7959642882148423,48
sign_test_cel0.9,chunk_6,86,IPC,6.783038732906182,48
sign_test_cel0.9,chunk_6,86,KR,2.455517441034317,48
sign_test_cel0.9,chunk_6,86,MC,4.405957564711571,48
sign_test_cel0.9,chunk_6,86,cosine_similarity,-0.7998716533184052,48
sign_test_cel0.9,chunk_6,86,wt_mean,-0.001966004201676625,48
sign_test_cel0.9,chunk_6,87,GR,4.358985943098863,48
sign_test_cel0.9,chunk_6,87,IPC,6.309476193040609,48
sign_test_cel0.9,chunk_6,87,KR,2.688359106580416,48
sign_test_cel0.9,chunk_6,87,MC,4.397837112347285,48
sign_test_cel0.9,chunk_6,87,cosine_similarity,-0.7998717129230499,48
sign_test_cel0.9,chunk_6,87,wt_mean,-0.001969903969438675,48
sign_test_cel0.9,chunk_6,88,GR,4.307010293006897,48
sign_test_cel0.9,chunk_6,88,IPC,6.046728402376175,48
sign_test_cel0.9,chunk_6,88,KR,2.7336981371045113,48
sign_test_cel0.9,chunk_6,88,MC,4.468951975305875,48
sign_test_cel0.9,chunk_6,88,cosine_similarity,-0.7998716235160828,48
sign_test_cel0.9,chunk_6,88,wt_mean,-0.00191490547149435,48
sign_test_cel0.9,chunk_6,89,GR,4.260195672512054,48
sign_test_cel0.9,chunk_6,89,IPC,6.448562576125066,48
sign_test_cel0.9,chunk_6,89,KR,2.7370735158522925,48
sign_test_cel0.9,chunk_6,89,MC,4.489971508582433,48
sign_test_cel0.9,chunk_6,89,cosine_similarity,-0.7998714447021484,48
sign_test_cel0.9,chunk_6,89,wt_mean,-0.0019066614622715247,48
sign_test_cel0.9,chunk_6,90,GR,4.782049412528674,48
sign_test_cel0.9,chunk_6,90,IPC,6.442690790941318,48
sign_test_cel0.9,chunk_6,90,KR,2.982541692753633,48
sign_test_cel0.9,chunk_6,90,MC,4.395720715324084,48
sign_test_cel0.9,chunk_6,90,cosine_similarity,-0.7998716831207275,48
sign_test_cel0.9,chunk_6,90,wt_mean,-0.0019128570274915251,48
sign_test_cel0.9,chunk_7,100,GR,4.453670755028725,48
sign_test_cel0.9,chunk_7,100,IPC,6.916121943543355,48
sign_test_cel0.9,chunk_7,100,KR,2.806026111046473,48
sign_test_cel0.9,chunk_7,100,MC,4.427753031253815,48
sign_test_cel0.9,chunk_7,100,cosine_similarity,-0.7998714596033096,48
sign_test_cel0.9,chunk_7,100,wt_mean,-0.0019474638684186501,48
sign_test_cel0.9,chunk_7,101,GR,4.847384164730708,48
sign_test_cel0.9,chunk_7,101,IPC,6.446935307234526,48
sign_test_cel0.9,chunk_7,101,KR,2.987132986386617,48
sign_test_cel0.9,chunk_7,101,MC,4.48942128320535,48
sign_test_cel0.9,chunk_7,101,cosine_similarity,-0.7998716235160828,48
sign_test_cel0.9,chunk_7,101,wt_mean,-0.00198894404456945,48
sign_test_cel0.9,chunk_7,102,GR,4.482602169116338,48
sign_test_cel0.9,chunk_7,102,IPC,6.7798182144761086,48
sign_test_cel0.9,chunk_7,102,KR,2.7288409247994423,48
sign_test_cel0.9,chunk_7,102,MC,4.659987037380536,48
sign_test_cel0.9,chunk_7,102,cosine_similarity,-0.799871638417244,48
sign_test_cel0.9,chunk_7,102,wt_mean,-0.0019253238860983,48
sign_test_cel0.9,chunk_7,103,GR,4.220080005625884,48
sign_test_cel0.9,chunk_7,103,IPC,6.751866628726323,48
sign_test_cel0.9,chunk_7,103,KR,2.65800021837155,48
sign_test_cel0.9,chunk_7,103,MC,4.324067150553067,48
sign_test_cel0.9,chunk_7,103,cosine_similarity,-0.799871638417244,48
sign_test_cel0.9,chunk_7,103,wt_mean,-0.001910539664095225,48
sign_test_cel0.9,chunk_7,91,GR,4.240659678975741,48
sign_test_cel0.9,chunk_7,91,IPC,6.268279218425353,48
sign_test_cel0.9,chunk_7,91,KR,2.7275879184405007,48
sign_test_cel0.9,chunk_7,91,MC,4.253732701142629,48
sign_test_cel0.9,chunk_7,91,cosine_similarity,-0.799871563911438,48
sign_test_cel0.9,chunk_7,91,wt_mean,-0.001886004843981875,48
sign_test_cel0.9,chunk_7,92,GR,4.981196915109952,48
sign_test_cel0.9,chunk_7,92,IPC,6.576329833517472,48
sign_test_cel0.9,chunk_7,92,KR,3.1115265786647797,48
sign_test_cel0.9,chunk_7,92,MC,4.341783359646797,48
sign_test_cel0.9,chunk_7,92,cosine_similarity,-0.7998716533184052,48
sign_test_cel0.9,chunk_7,92,wt_mean,-0.0018898517300839999,48
sign_test_cel0.9,chunk_7,93,GR,4.597150819996993,48
sign_test_cel0.9,chunk_7,93,IPC,6.470241489509742,48
sign_test_cel0.9,chunk_7,93,KR,2.750758317609628,48
sign_test_cel0.9,chunk_7,93,MC,4.185884686807792,48
sign_test_cel0.9,chunk_7,93,cosine_similarity,-0.7998715192079544,48
sign_test_cel0.9,chunk_7,93,wt_mean,-0.0018784521671477,48
sign_test_cel0.9,chunk_7,94,GR,4.107699262599151,48
sign_test_cel0.9,chunk_7,94,IPC,6.4788644922276335,48
sign_test_cel0.9,chunk_7,94,KR,2.6884947096308074,48
sign_test_cel0.9,chunk_7,94,MC,4.3989328394333524,48
sign_test_cel0.9,chunk_7,94,cosine_similarity,-0.7998715341091156,48
sign_test_cel0.9,chunk_7,94,wt_mean,-0.001898424321552675,48
sign_test_cel0.9,chunk_7,95,GR,4.655631110072136,48
sign_test_cel0.9,chunk_7,95,IPC,6.32954032594959,48
sign_test_cel0.9,chunk_7,95,KR,2.9571959326664605,48
sign_test_cel0.9,chunk_7,95,MC,4.528529047966003,48
sign_test_cel0.9,chunk_7,95,cosine_similarity,-0.7998716533184052,48
sign_test_cel0.9,chunk_7,95,wt_mean,-0.0019271661876700248,48
sign_test_cel0.9,chunk_7,96,GR,3.7186770737171173,48
sign_test_cel0.9,chunk_7,96,IPC,6.000613645960887,48
sign_test_cel0.9,chunk_7,96,KR,2.4245784233013787,48
sign_test_cel0.9,chunk_7,96,MC,4.127817297975223,48
sign_test_cel0.9,chunk_7,96,cosine_similarity,-0.7998716682195663,48
sign_test_cel0.9,chunk_7,96,wt_mean,-0.0018443209119140501,48
sign_test_cel0.9,chunk_7,97,GR,4.669059711198012,48
sign_test_cel0.9,chunk_7,97,IPC,6.574696592986584,48
sign_test_cel0.9,chunk_7,97,KR,2.942135068277518,48
sign_test_cel0.9,chunk_7,97,MC,4.516103866199653,48
sign_test_cel0.9,chunk_7,97,cosine_similarity,-0.7998717129230499,48
sign_test_cel0.9,chunk_7,97,wt_mean,-0.001942761824466225,48
sign_test_cel0.9,chunk_7,98,GR,4.345229722559452,48
sign_test_cel0.9,chunk_7,98,IPC,6.6118225293854875,48
sign_test_cel0.9,chunk_7,98,KR,2.713799513876438,48
sign_test_cel0.9,chunk_7,98,MC,4.487798718114694,48
sign_test_cel0.9,chunk_7,98,cosine_similarity,-0.7998715937137604,48
sign_test_cel0.9,chunk_7,98,wt_mean,-0.00197322817984965,48
sign_test_cel0.9,chunk_7,99,GR,4.720975138247013,48
sign_test_cel0.9,chunk_7,99,IPC,6.268079195171595,48
sign_test_cel0.9,chunk_7,99,KR,2.9871789813041687,48
sign_test_cel0.9,chunk_7,99,MC,4.396120344599088,48
sign_test_cel0.9,chunk_7,99,cosine_similarity,-0.799871414899826,48
sign_test_cel0.9,chunk_7,99,wt_mean,-0.001917218003654825,48
sign_test_cel0.9,chunk_8,104,GR,4.66622369736433,48
sign_test_cel0.9,chunk_8,104,IPC,6.072311580181122,48
sign_test_cel0.9,chunk_8,104,KR,2.9220756267507872,48
sign_test_cel0.9,chunk_8,104,MC,4.207075752317905,48
sign_test_cel0.9,chunk_8,104,cosine_similarity,-0.799871563911438,48
sign_test_cel0.9,chunk_8,104,wt_mean,-0.0020195005636196,48
sign_test_cel0.9,chunk_8,105,GR,4.4668421397606535,48
sign_test_cel0.9,chunk_8,105,IPC,6.747444531569879,48
sign_test_cel0.9,chunk_8,105,KR,2.8143753906091056,48
sign_test_cel0.9,chunk_8,105,MC,4.533954381942749,48
sign_test_cel0.9,chunk_8,105,cosine_similarity,-0.7998716533184052,48
sign_test_cel0.9,chunk_8,105,wt_mean,-0.001876618742244275,48
sign_test_cel0.9,chunk_8,106,GR,4.043894059956074,48
sign_test_cel0.9,chunk_8,106,IPC,6.241480478396018,48
sign_test_cel0.9,chunk_8,106,KR,2.5823728715380034,48
sign_test_cel0.9,chunk_8,106,MC,4.1000045736630755,48
sign_test_cel0.9,chunk_8,106,cosine_similarity,-0.7998714447021484,48
sign_test_cel0.9,chunk_8,106,wt_mean,-0.0018898434936999752,48
sign_test_cel0.9,chunk_8,107,GR,4.882435150444508,48
sign_test_cel0.9,chunk_8,107,IPC,6.125736580540736,48
sign_test_cel0.9,chunk_8,107,KR,2.8545022383332253,48
sign_test_cel0.9,chunk_8,107,MC,3.9922010377049446,48
sign_test_cel0.9,chunk_8,107,cosine_similarity,-0.7998716235160828,48
sign_test_cel0.9,chunk_8,107,wt_mean,-0.0019498705514706248,48
sign_test_cel0.9,chunk_8,108,GR,4.093092754483223,48
sign_test_cel0.9,chunk_8,108,IPC,6.550708740949631,48
sign_test_cel0.9,chunk_8,108,KR,2.580543098350366,48
sign_test_cel0.9,chunk_8,108,MC,4.271395454804103,48
sign_test_cel0.9,chunk_8,108,cosine_similarity,-0.7998715937137604,48
sign_test_cel0.9,chunk_8,108,wt_mean,-0.001894477492896825,48
sign_test_cel0.9,chunk_8,109,GR,4.174917702873548,48
sign_test_cel0.9,chunk_8,109,IPC,6.011810531218846,48
sign_test_cel0.9,chunk_8,109,KR,2.5717083836595216,48
sign_test_cel0.9,chunk_8,109,MC,4.0486756811539335,48
sign_test_cel0.9,chunk_8,109,cosine_similarity,-0.7998713999986649,48
sign_test_cel0.9,chunk_8,109,wt_mean,-0.001958212873432725,48
sign_test_cel0.9,chunk_8,110,GR,4.1504014159242315,48
sign_test_cel0.9,chunk_8,110,IPC,6.666058624784152,48
sign_test_cel0.9,chunk_8,110,KR,2.694062300026417,48
sign_test_cel0.9,chunk_8,110,MC,4.712637623151143,48
sign_test_cel0.9,chunk_8,110,cosine_similarity,-0.7998715192079544,48
sign_test_cel0.9,chunk_8,110,wt_mean,-0.00196015319670545,48
sign_test_cel0.9,chunk_8,111,GR,3.8404296909769378,48
sign_test_cel0.9,chunk_8,111,IPC,6.233650032430887,48
sign_test_cel0.9,chunk_8,111,KR,2.4917967145641646,48
sign_test_cel0.9,chunk_8,111,MC,4.248023832837741,48
sign_test_cel0.9,chunk_8,111,cosine_similarity,-0.7998716086149216,48
sign_test_cel0.9,chunk_8,111,wt_mean,-0.0018910809885709751,48
sign_test_cel0.9,chunk_8,112,GR,4.539597337444623,48
sign_test_cel0.9,chunk_8,112,IPC,6.477712628742059,48
sign_test_cel0.9,chunk_8,112,KR,3.013976519306501,48
sign_test_cel0.9,chunk_8,112,MC,4.596364652117093,48
sign_test_cel0.9,chunk_8,112,cosine_similarity,-0.799871414899826,48
sign_test_cel0.9,chunk_8,112,wt_mean,-0.0019399356096982498,48
sign_test_cel0.9,chunk_8,113,GR,4.049096668759982,48
sign_test_cel0.9,chunk_8,113,IPC,6.373084245870511,48
sign_test_cel0.9,chunk_8,113,KR,2.580075554549694,48
sign_test_cel0.9,chunk_8,113,MC,4.251546209057172,48
sign_test_cel0.9,chunk_8,113,cosine_similarity,-0.7998716086149216,48
sign_test_cel0.9,chunk_8,113,wt_mean,-0.0018825330189428749,48
sign_test_cel0.9,chunk_8,114,GR,4.223319957653682,48
sign_test_cel0.9,chunk_8,114,IPC,6.506703580419223,48
sign_test_cel0.9,chunk_8,114,KR,2.6219752952456474,48
sign_test_cel0.9,chunk_8,114,MC,4.404656827449799,48
sign_test_cel0.9,chunk_8,114,cosine_similarity,-0.7998716831207275,48
sign_test_cel0.9,chunk_8,114,wt_mean,-0.0018894061504397001,48
sign_test_cel0.9,chunk_8,115,GR,4.293942995369434,48
sign_test_cel0.9,chunk_8,115,IPC,6.638026654720306,48
sign_test_cel0.9,chunk_8,115,KR,2.636461061735948,48
sign_test_cel0.9,chunk_8,115,MC,4.553109270830949,48
sign_test_cel0.9,chunk_8,115,cosine_similarity,-0.799871563911438,48
sign_test_cel0.9,chunk_8,115,wt_mean,-0.0019778114801738,48
sign_test_cel0.9,chunk_8,116,GR,5.139804827670257,48
sign_test_cel0.9,chunk_8,116,IPC,6.721655173848073,48
sign_test_cel0.9,chunk_8,116,KR,3.1291698614756265,48
sign_test_cel0.9,chunk_8,116,MC,4.424125423034032,48
sign_test_cel0.9,chunk_8,116,cosine_similarity,-0.7998713999986649,48
sign_test_cel0.9,chunk_8,116,wt_mean,-0.0018999050953425,48
sign_test_cel0.9,chunk_9,117,GR,4.741964052120845,48
sign_test_cel0.9,chunk_9,117,IPC,6.4845528937876225,48
sign_test_cel0.9,chunk_9,117,KR,2.9856324394543967,48
sign_test_cel0.9,chunk_9,117,MC,4.472045940657456,48
sign_test_cel0.9,chunk_9,117,cosine_similarity,-0.7998713850975037,48
sign_test_cel0.9,chunk_9,117,wt_mean,-0.0020686775387730003,48
sign_test_cel0.9,chunk_9,118,GR,4.935276227692763,48
sign_test_cel0.9,chunk_9,118,IPC,6.266355366756518,48
sign_test_cel0.9,chunk_9,118,KR,2.9836644530296326,48
sign_test_cel0.9,chunk_9,118,MC,4.290232894321282,48
sign_test_cel0.9,chunk_9,118,cosine_similarity,-0.7998713850975037,48
sign_test_cel0.9,chunk_9,118,wt_mean,-0.001968235301319475,48
sign_test_cel0.9,chunk_9,119,GR,4.400865808129311,48
sign_test_cel0.9,chunk_9,119,IPC,6.520982269197702,48
sign_test_cel0.9,chunk_9,119,KR,2.735495445628961,48
sign_test_cel0.9,chunk_9,119,MC,4.448821564515431,48
sign_test_cel0.9,chunk_9,119,cosine_similarity,-0.7998715341091156,48
sign_test_cel0.9,chunk_9,119,wt_mean,-0.00190577993635085,48
sign_test_cel0.9,chunk_9,120,GR,3.9679343551397324,48
sign_test_cel0.9,chunk_9,120,IPC,6.495327508697907,48
sign_test_cel0.9,chunk_9,120,KR,2.6518610094984374,48
sign_test_cel0.9,chunk_9,120,MC,4.377905348936717,48
sign_test_cel0.9,chunk_9,120,cosine_similarity,-0.7998716086149216,48
sign_test_cel0.9,chunk_9,120,wt_mean,-0.001974783284822425,48
sign_test_cel0.9,chunk_9,121,GR,5.04391464094321,48
sign_test_cel0.9,chunk_9,121,IPC,6.993709561725457,48
sign_test_cel0.9,chunk_9,121,KR,3.1420424158374467,48
sign_test_cel0.9,chunk_9,121,MC,4.93447333574295,48
sign_test_cel0.9,chunk_9,121,cosine_similarity,-0.7998715043067932,48
sign_test_cel0.9,chunk_9,121,wt_mean,-0.00193345351726745,48
sign_test_cel0.9,chunk_9,122,GR,4.36795827994744,48
sign_test_cel0.9,chunk_9,122,IPC,6.771958546092113,48
sign_test_cel0.9,chunk_9,122,KR,2.727629341185093,48
sign_test_cel0.9,chunk_9,122,MC,4.324787760774295,48
sign_test_cel0.9,chunk_9,122,cosine_similarity,-0.799871638417244,48
sign_test_cel0.9,chunk_9,122,wt_mean,-0.001900059607578425,48
sign_test_cel0.9,chunk_9,123,GR,4.4765748009085655,48
sign_test_cel0.9,chunk_9,123,IPC,5.343903161585331,48
sign_test_cel0.9,chunk_9,123,KR,2.7380631268024445,48
sign_test_cel0.9,chunk_9,123,MC,3.944339908659458,48
sign_test_cel0.9,chunk_9,123,cosine_similarity,-0.7998717576265335,48
sign_test_cel0.9,chunk_9,123,wt_mean,-0.00189716808381485,48
sign_test_cel0.9,chunk_9,124,GR,4.354137760897477,48
sign_test_cel0.9,chunk_9,124,IPC,6.415183283388615,48
sign_test_cel0.9,chunk_9,124,KR,2.7586105863253274,48
sign_test_cel0.9,chunk_9,124,MC,4.342615286509196,48
sign_test_cel0.9,chunk_9,124,cosine_similarity,-0.7998716533184052,48
sign_test_cel0.9,chunk_9,124,wt_mean,-0.0019402420730329501,48
sign_test_cel0.9,chunk_9,125,GR,4.514786350230376,48
sign_test_cel0.9,chunk_9,125,IPC,6.405719305078189,48
sign_test_cel0.9,chunk_9,125,KR,2.7988970254858336,48
sign_test_cel0.9,chunk_9,125,MC,4.187823141614596,48
sign_test_cel0.9,chunk_9,125,cosine_similarity,-0.7998716831207275,48
sign_test_cel0.9,chunk_9,125,wt_mean,-0.0019049953552894,48
sign_test_cel0.9,chunk_9,126,GR,4.760888670881589,48
sign_test_cel0.9,chunk_9,126,IPC,6.504175682862599,48
sign_test_cel0.9,chunk_9,126,KR,2.950428200264772,48
sign_test_cel0.9,chunk_9,126,MC,4.3618330011765165,48
sign_test_cel0.9,chunk_9,126,cosine_similarity,-0.7998716235160828,48
sign_test_cel0.9,chunk_9,126,wt_mean,-0.00195067308959545,48
sign_test_cel0.9,chunk_9,127,GR,4.693549141287804,48
sign_test_cel0.9,chunk_9,127,IPC,6.439782651762168,48
sign_test_cel0.9,chunk_9,127,KR,2.8677468771735826,48
sign_test_cel0.9,chunk_9,127,MC,4.5043982937932014,48
sign_test_cel0.9,chunk_9,127,cosine_similarity,-0.7998714745044708,48
sign_test_cel0.9,chunk_9,127,wt_mean,-0.001885127363493625,48
sign_test_cel0.9,chunk_9,128,GR,4.244829547901948,48
sign_test_cel0.9,chunk_9,128,IPC,6.552339165161054,48
sign_test_cel0.9,chunk_9,128,KR,2.657255125542482,48
sign_test_cel0.9,chunk_9,128,MC,4.407504017154376,48
sign_test_cel0.9,chunk_9,128,cosine_similarity,-0.7998715788125992,48
sign_test_cel0.9,chunk_9,128,wt_mean,-0.001949486788362225,48
sign_test_cel0.9,chunk_9,129,GR,4.050066642463207,48
sign_test_cel0.9,chunk_9,129,IPC,5.751633495092392,48
sign_test_cel0.9,chunk_9,129,KR,2.4772401253382363,48
sign_test_cel0.9,chunk_9,129,MC,3.9448944330215454,48
sign_test_cel0.9,chunk_9,129,cosine_similarity,-0.7998716235160828,48
sign_test_cel0.9,chunk_9,129,wt_mean,-0.0019078408076892751,48
sign_test_cel1.0,chunk_0,0,GR,3.258958059052626,48
sign_test_cel1.0,chunk_0,0,IPC,6.30202442407608,48
sign_test_cel1.0,chunk_0,0,KR,2.260977807144324,48
sign_test_cel1.0,chunk_0,0,MC,4.122860739628474,48
sign_test_cel1.0,chunk_0,0,cosine_similarity,-1.000000298023224,48
sign_test_cel1.0,chunk_0,0,wt_mean,-0.001940808375365975,48
sign_test_cel1.0,chunk_0,1,GR,3.491563563545545,48
sign_test_cel1.0,chunk_0,1,IPC,6.147093822558721,48
sign_test_cel1.0,chunk_0,1,KR,2.30338371048371,48
sign_test_cel1.0,chunk_0,1,MC,4.210953772068024,48
sign_test_cel1.0,chunk_0,1,cosine_similarity,-1.000000298023224,48
sign_test_cel1.0,chunk_0,1,wt_mean,-0.001940808375365975,48
sign_test_cel1.0,chunk_0,10,GR,3.8174636910359063,48
sign_test_cel1.0,chunk_0,10,IPC,6.152116940667232,48
sign_test_cel1.0,chunk_0,10,KR,2.5541027784347534,48
sign_test_cel1.0,chunk_0,10,MC,4.137639219562213,48
sign_test_cel1.0,chunk_0,10,cosine_similarity,-1.000000298023224,48
sign_test_cel1.0,chunk_0,10,wt_mean,-0.001940808375365975,48
sign_test_cel1.0,chunk_0,11,GR,3.5668013816078505,48
sign_test_cel1.0,chunk_0,11,IPC,5.816637606670459,48
sign_test_cel1.0,chunk_0,11,KR,2.3376793016990027,48
sign_test_cel1.0,chunk_0,11,MC,4.050290820499261,48
sign_test_cel1.0,chunk_0,11,cosine_similarity,-1.000000298023224,48
sign_test_cel1.0,chunk_0,11,wt_mean,-0.001940808375365975,48
sign_test_cel1.0,chunk_0,12,GR,3.237065128982067,48
sign_test_cel1.0,chunk_0,12,IPC,6.354500335951646,48
sign_test_cel1.0,chunk_0,12,KR,2.2559430251518884,48
sign_test_cel1.0,chunk_0,12,MC,4.351975952585538,48
sign_test_cel1.0,chunk_0,12,cosine_similarity,-1.000000298023224,48
sign_test_cel1.0,chunk_0,12,wt_mean,-0.001940808375365975,48
sign_test_cel1.0,chunk_0,2,GR,3.80923959116141,48
sign_test_cel1.0,chunk_0,2,IPC,6.238643001765013,48
sign_test_cel1.0,chunk_0,2,KR,2.40335755298535,48
sign_test_cel1.0,chunk_0,2,MC,4.309361815452576,48
sign_test_cel1.0,chunk_0,2,cosine_similarity,-1.000000298023224,48
sign_test_cel1.0,chunk_0,2,wt_mean,-0.001940808375365975,48
sign_test_cel1.0,chunk_0,3,GR,4.197511027256648,48
sign_test_cel1.0,chunk_0,3,IPC,6.1606809459626675,48
sign_test_cel1.0,chunk_0,3,KR,2.6934871251384416,48
sign_test_cel1.0,chunk_0,3,MC,3.9156705935796103,48
sign_test_cel1.0,chunk_0,3,cosine_similarity,-1.000000298023224,48
sign_test_cel1.0,chunk_0,3,wt_mean,-0.001940808375365975,48
sign_test_cel1.0,chunk_0,4,GR,3.480941966176033,48
sign_test_cel1.0,chunk_0,4,IPC,6.103412243227164,48
sign_test_cel1.0,chunk_0,4,KR,2.2842079798380532,48
sign_test_cel1.0,chunk_0,4,MC,4.369996676842372,48
sign_test_cel1.0,chunk_0,4,cosine_similarity,-1.000000298023224,48
sign_test_cel1.0,chunk_0,4,wt_mean,-0.001940808375365975,48
sign_test_cel1.0,chunk_0,5,GR,3.7796509290734925,48
sign_test_cel1.0,chunk_0,5,IPC,6.274677246809006,48
sign_test_cel1.0,chunk_0,5,KR,2.479799029727777,48
sign_test_cel1.0,chunk_0,5,MC,4.400652701656024,48
sign_test_cel1.0,chunk_0,5,cosine_similarity,-1.000000298023224,48
sign_test_cel1.0,chunk_0,5,wt_mean,-0.001940808375365975,48
sign_test_cel1.0,chunk_0,6,GR,3.75236214697361,48
sign_test_cel1.0,chunk_0,6,IPC,6.117161365846793,48
sign_test_cel1.0,chunk_0,6,KR,2.409213535487652,48
sign_test_cel1.0,chunk_0,6,MC,4.140799303849538,48
sign_test_cel1.0,chunk_0,6,cosine_similarity,-1.000000298023224,48
sign_test_cel1.0,chunk_0,6,wt_mean,-0.001940808375365975,48
sign_test_cel1.0,chunk_0,7,GR,3.889856460193793,48
sign_test_cel1.0,chunk_0,7,IPC,5.935151267796755,48
sign_test_cel1.0,chunk_0,7,KR,2.4933680767814317,48
sign_test_cel1.0,chunk_0,7,MC,3.896630123257637,48
sign_test_cel1.0,chunk_0,7,cosine_similarity,-1.000000298023224,48
sign_test_cel1.0,chunk_0,7,wt_mean,-0.001940808375365975,48
sign_test_cel1.0,chunk_0,8,GR,3.8310980747143426,48
sign_test_cel1.0,chunk_0,8,IPC,6.130761833240588,48
sign_test_cel1.0,chunk_0,8,KR,2.502798984448115,48
sign_test_cel1.0,chunk_0,8,MC,3.961575592557589,48
sign_test_cel1.0,chunk_0,8,cosine_similarity,-1.000000298023224,48
sign_test_cel1.0,chunk_0,8,wt_mean,-0.001940808375365975,48
sign_test_cel1.0,chunk_0,9,GR,4.464446934560935,48
sign_test_cel1.0,chunk_0,9,IPC,5.331770694504182,48
sign_test_cel1.0,chunk_0,9,KR,2.780168948074182,48
sign_test_cel1.0,chunk_0,9,MC,3.935925640165806,48
sign_test_cel1.0,chunk_0,9,cosine_similarity,-1.000000298023224,48
sign_test_cel1.0,chunk_0,9,wt_mean,-0.001940808375365975,48
sign_test_cel1.0,chunk_1,13,GR,3.9671892250577607,48
sign_test_cel1.0,chunk_1,13,IPC,6.255770665903886,48
sign_test_cel1.0,chunk_1,13,KR,2.4937454784909883,48
sign_test_cel1.0,chunk_1,13,MC,4.0498951226472855,48
sign_test_cel1.0,chunk_1,13,cosine_similarity,-1.000000298023224,48
sign_test_cel1.0,chunk_1,13,wt_mean,-0.001940808375365975,48
sign_test_cel1.0,chunk_1,14,GR,3.971610151231289,48
sign_test_cel1.0,chunk_1,14,IPC,5.927157811820507,48
sign_test_cel1.0,chunk_1,14,KR,2.552389197051525,48
sign_test_cel1.0,chunk_1,14,MC,4.069351099431515,48
sign_test_cel1.0,chunk_1,14,cosine_similarity,-1.000000298023224,48
sign_test_cel1.0,chunk_1,14,wt_mean,-0.001940808375365975,48
sign_test_cel1.0,chunk_1,15,GR,3.8534976691007614,48
sign_test_cel1.0,chunk_1,15,IPC,6.2646359875798225,48
sign_test_cel1.0,chunk_1,15,KR,2.5140020499626794,48
sign_test_cel1.0,chunk_1,15,MC,4.462082038323085,48
sign_test_cel1.0,chunk_1,15,cosine_similarity,-1.000000298023224,48
sign_test_cel1.0,chunk_1,15,wt_mean,-0.001940808375365975,48
sign_test_cel1.0,chunk_1,16,GR,3.624993691841761,48
sign_test_cel1.0,chunk_1,16,IPC,6.44598285232981,48
sign_test_cel1.0,chunk_1,16,KR,2.463416151702404,48
sign_test_cel1.0,chunk_1,16,MC,4.339941029747327,48
sign_test_cel1.0,chunk_1,16,cosine_similarity,-1.000000298023224,48
sign_test_cel1.0,chunk_1,16,wt_mean,-0.001940808375365975,48
sign_test_cel1.0,chunk_1,17,GR,3.495015375316143,48
sign_test_cel1.0,chunk_1,17,IPC,5.6407923971613245,48
sign_test_cel1.0,chunk_1,17,KR,2.272749533255895,48
sign_test_cel1.0,chunk_1,17,MC,3.7704119880994162,48
sign_test_cel1.0,chunk_1,17,cosine_similarity,-1.000000298023224,48
sign_test_cel1.0,chunk_1,17,wt_mean,-0.001940808375365975,48
sign_test_cel1.0,chunk_1,18,GR,3.3511857142051062,48
sign_test_cel1.0,chunk_1,18,IPC,5.787253030886252,48
sign_test_cel1.0,chunk_1,18,KR,2.2976367995142937,48
sign_test_cel1.0,chunk_1,18,MC,4.080649271607399,48
sign_test_cel1.0,chunk_1,18,cosine_similarity,-1.000000298023224,48
sign_test_cel1.0,chunk_1,18,wt_mean,-0.001940808375365975,48
sign_test_cel1.0,chunk_1,19,GR,3.686500775317351,48
sign_test_cel1.0,chunk_1,19,IPC,5.840743120759726,48
sign_test_cel1.0,chunk_1,19,KR,2.3265915339191756,48
sign_test_cel1.0,chunk_1,19,MC,3.9791782572865486,48
sign_test_cel1.0,chunk_1,19,cosine_similarity,-1.000000298023224,48
sign_test_cel1.0,chunk_1,19,wt_mean,-0.001940808375365975,48
sign_test_cel1.0,chunk_1,20,GR,3.4562959795196853,48
sign_test_cel1.0,chunk_1,20,IPC,5.710589001576106,48
sign_test_cel1.0,chunk_1,20,KR,2.233066993455092,48
sign_test_cel1.0,chunk_1,20,MC,3.8168329472343125,48
sign_test_cel1.0,chunk_1,20,cosine_similarity,-1.000000298023224,48
sign_test_cel1.0,chunk_1,20,wt_mean,-0.001940808375365975,48
sign_test_cel1.0,chunk_1,21,GR,3.2999744589130082,48
sign_test_cel1.0,chunk_1,21,IPC,6.449067819863558,48
sign_test_cel1.0,chunk_1,21,KR,2.20468220859766,48
sign_test_cel1.0,chunk_1,21,MC,4.203166296084722,48
sign_test_cel1.0,chunk_1,21,cosine_similarity,-1.000000298023224,48
sign_test_cel1.0,chunk_1,21,wt_mean,-0.001940808375365975,48
sign_test_cel1.0,chunk_1,22,GR,3.3845990945895514,48
sign_test_cel1.0,chunk_1,22,IPC,6.1036334211627645,48
sign_test_cel1.0,chunk_1,22,KR,2.3042458966374397,48
sign_test_cel1.0,chunk_1,22,MC,4.06366303563118,48
sign_test_cel1.0,chunk_1,22,cosine_similarity,-1.000000298023224,48
sign_test_cel1.0,chunk_1,22,wt_mean,-0.001940808375365975,48
sign_test_cel1.0,chunk_1,23,GR,3.2919584438204765,48
sign_test_cel1.0,chunk_1,23,IPC,6.1209820583462715,48
sign_test_cel1.0,chunk_1,23,KR,2.13445312778155,48
sign_test_cel1.0,chunk_1,23,MC,3.9515237758557,48
sign_test_cel1.0,chunk_1,23,cosine_similarity,-1.000000298023224,48
sign_test_cel1.0,chunk_1,23,wt_mean,-0.001940808375365975,48
sign_test_cel1.0,chunk_1,24,GR,3.53358972320954,48
sign_test_cel1.0,chunk_1,24,IPC,6.127245752761762,48
sign_test_cel1.0,chunk_1,24,KR,2.4077518383661904,48
sign_test_cel1.0,chunk_1,24,MC,4.110806236664454,48
sign_test_cel1.0,chunk_1,24,cosine_similarity,-1.000000298023224,48
sign_test_cel1.0,chunk_1,24,wt_mean,-0.001940808375365975,48
sign_test_cel1.0,chunk_1,25,GR,3.682574545343717,48
sign_test_cel1.0,chunk_1,25,IPC,5.863964080810547,48
sign_test_cel1.0,chunk_1,25,KR,2.4040729453166327,48
sign_test_cel1.0,chunk_1,25,MC,3.9108554422855377,48
sign_test_cel1.0,chunk_1,25,cosine_similarity,-1.000000298023224,48
sign_test_cel1.0,chunk_1,25,wt_mean,-0.001940808375365975,48
sign_test_cel1.0,chunk_10,130,GR,4.052138673762481,48
sign_test_cel1.0,chunk_10,130,IPC,6.032457518080871,48
sign_test_cel1.0,chunk_10,130,KR,2.6833542535702386,48
sign_test_cel1.0,chunk_10,130,MC,4.230807090799014,48
sign_test_cel1.0,chunk_10,130,cosine_similarity,-1.000000298023224,48
sign_test_cel1.0,chunk_10,130,wt_mean,-0.001940808375365975,48
sign_test_cel1.0,chunk_10,131,GR,3.6238286942243576,48
sign_test_cel1.0,chunk_10,131,IPC,6.051654482881228,48
sign_test_cel1.0,chunk_10,131,KR,2.334548607468605,48
sign_test_cel1.0,chunk_10,131,MC,3.9846504578987756,48
sign_test_cel1.0,chunk_10,131,cosine_similarity,-1.000000298023224,48
sign_test_cel1.0,chunk_10,131,wt_mean,-0.001940808375365975,48
sign_test_cel1.0,chunk_10,132,GR,3.4797943184773126,48
sign_test_cel1.0,chunk_10,132,IPC,6.33884700636069,48
sign_test_cel1.0,chunk_10,132,KR,2.3698441982269287,48
sign_test_cel1.0,chunk_10,132,MC,4.09418556590875,48
sign_test_cel1.0,chunk_10,132,cosine_similarity,-1.000000298023224,48
sign_test_cel1.0,chunk_10,132,wt_mean,-0.001940808375365975,48
sign_test_cel1.0,chunk_10,133,GR,4.087452605366707,48
sign_test_cel1.0,chunk_10,133,IPC,6.179086421926816,48
sign_test_cel1.0,chunk_10,133,KR,2.645424256722132,48
sign_test_cel1.0,chunk_10,133,MC,4.190884078542392,48
sign_test_cel1.0,chunk_10,133,cosine_similarity,-1.000000298023224,48
sign_test_cel1.0,chunk_10,133,wt_mean,-0.001940808375365975,48
sign_test_cel1.0,chunk_10,134,GR,3.6902030731240907,48
sign_test_cel1.0,chunk_10,134,IPC,5.865211895356576,48
sign_test_cel1.0,chunk_10,134,KR,2.43235290547212,48
sign_test_cel1.0,chunk_10,134,MC,3.8022462179263434,48
sign_test_cel1.0,chunk_10,134,cosine_similarity,-1.000000298023224,48
sign_test_cel1.0,chunk_10,134,wt_mean,-0.001940808375365975,48
sign_test_cel1.0,chunk_10,135,GR,3.4378214180469513,48
sign_test_cel1.0,chunk_10,135,IPC,6.087556179612875,48
sign_test_cel1.0,chunk_10,135,KR,2.2666477411985397,48
sign_test_cel1.0,chunk_10,135,MC,3.9763696640729904,48
sign_test_cel1.0,chunk_10,135,cosine_similarity,-1.000000298023224,48
sign_test_cel1.0,chunk_10,135,wt_mean,-0.001940808375365975,48
sign_test_cel1.0,chunk_10,136,GR,3.479177199304104,48
sign_test_cel1.0,chunk_10,136,IPC,6.033789828419685,48
sign_test_cel1.0,chunk_10,136,KR,2.2696774303913116,48
sign_test_cel1.0,chunk_10,136,MC,4.005231151978175,48
sign_test_cel1.0,chunk_10,136,cosine_similarity,-1.000000298023224,48
sign_test_cel1.0,chunk_10,136,wt_mean,-0.001940808375365975,48
sign_test_cel1.0,chunk_10,137,GR,3.742845319211483,48
sign_test_cel1.0,chunk_10,137,IPC,6.35081772133708,48
sign_test_cel1.0,chunk_10,137,KR,2.4576412265499434,48
sign_test_cel1.0,chunk_10,137,MC,4.3686225314935045,48
sign_test_cel1.0,chunk_10,137,cosine_similarity,-1.000000298023224,48
sign_test_cel1.0,chunk_10,137,wt_mean,-0.001940808375365975,48
sign_test_cel1.0,chunk_10,138,GR,4.007438910504182,48
sign_test_cel1.0,chunk_10,138,IPC,6.116553912560145,48
sign_test_cel1.0,chunk_10,138,KR,2.618039677540461,48
sign_test_cel1.0,chunk_10,138,MC,4.287466009457906,48
sign_test_cel1.0,chunk_10,138,cosine_similarity,-1.000000298023224,48
sign_test_cel1.0,chunk_10,138,wt_mean,-0.001940808375365975,48
sign_test_cel1.0,chunk_10,139,GR,4.025654802719752,48
sign_test_cel1.0,chunk_10,139,IPC,5.141779738167922,48
sign_test_cel1.0,chunk_10,139,KR,2.6170793995261192,48
sign_test_cel1.0,chunk_10,139,MC,3.616506613790989,48
sign_test_cel1.0,chunk_10,139,cosine_similarity,-1.000000298023224,48
sign_test_cel1.0,chunk_10,139,wt_mean,-0.001940808375365975,48
sign_test_cel1.0,chunk_10,140,GR,3.909688338637352,48
sign_test_cel1.0,chunk_10,140,IPC,6.023757799218099,48
sign_test_cel1.0,chunk_10,140,KR,2.5733755553762117,48
sign_test_cel1.0,chunk_10,140,MC,4.113102999826272,48
sign_test_cel1.0,chunk_10,140,cosine_similarity,-1.000000298023224,48
sign_test_cel1.0,chunk_10,140,wt_mean,-0.001940808375365975,48
sign_test_cel1.0,chunk_10,141,GR,3.7809448167681694,48
sign_test_cel1.0,chunk_10,141,IPC,6.444830446193616,48
sign_test_cel1.0,chunk_10,141,KR,2.528623471657435,48
sign_test_cel1.0,chunk_10,141,MC,4.420346255103747,48
sign_test_cel1.0,chunk_10,141,cosine_similarity,-1.000000298023224,48
sign_test_cel1.0,chunk_10,141,wt_mean,-0.001940808375365975,48
sign_test_cel1.0,chunk_11,142,GR,3.8438822676738105,48
sign_test_cel1.0,chunk_11,142,IPC,6.071282595396042,48
sign_test_cel1.0,chunk_11,142,KR,2.4694566056132317,48
sign_test_cel1.0,chunk_11,142,MC,4.22090461353461,48
sign_test_cel1.0,chunk_11,142,cosine_similarity,-1.000000298023224,48
sign_test_cel1.0,chunk_11,142,wt_mean,-0.001940808375365975,48
sign_test_cel1.0,chunk_11,143,GR,3.6265801414847374,48
sign_test_cel1.0,chunk_11,143,IPC,6.332721913854281,48
sign_test_cel1.0,chunk_11,143,KR,2.4222697292764983,48
sign_test_cel1.0,chunk_11,143,MC,3.823499937852224,48
sign_test_cel1.0,chunk_11,143,cosine_similarity,-1.000000298023224,48
sign_test_cel1.0,chunk_11,143,wt_mean,-0.001940808375365975,48
sign_test_cel1.0,chunk_11,144,GR,3.7467990865310035,48
sign_test_cel1.0,chunk_11,144,IPC,6.309151079505682,48
sign_test_cel1.0,chunk_11,144,KR,2.4030014822880426,48
sign_test_cel1.0,chunk_11,144,MC,4.218351612488429,48
sign_test_cel1.0,chunk_11,144,cosine_similarity,-1.000000298023224,48
sign_test_cel1.0,chunk_11,144,wt_mean,-0.001940808375365975,48
sign_test_cel1.0,chunk_11,145,GR,3.4670577148596444,48
sign_test_cel1.0,chunk_11,145,IPC,5.996198566009601,48
sign_test_cel1.0,chunk_11,145,KR,2.2595199843247733,48
sign_test_cel1.0,chunk_11,145,MC,3.83283365269502,48
sign_test_cel1.0,chunk_11,145,cosine_similarity,-1.000000298023224,48
sign_test_cel1.0,chunk_11,145,wt_mean,-0.001940808375365975,48
sign_test_cel1.0,chunk_11,146,GR,3.3289335817098618,48
sign_test_cel1.0,chunk_11,146,IPC,5.961905637135108,48
sign_test_cel1.0,chunk_11,146,KR,2.2291504020492234,48
sign_test_cel1.0,chunk_11,146,MC,3.9462270587682724,48
sign_test_cel1.0,chunk_11,146,cosine_similarity,-1.000000298023224,48
sign_test_cel1.0,chunk_11,146,wt_mean,-0.001940808375365975,48
sign_test_cel1.0,chunk_11,147,GR,3.6646451354026794,48
sign_test_cel1.0,chunk_11,147,IPC,6.40382253502806,48
sign_test_cel1.0,chunk_11,147,KR,2.412836459775766,48
sign_test_cel1.0,chunk_11,147,MC,4.349236200253169,48
sign_test_cel1.0,chunk_11,147,cosine_similarity,-1.000000298023224,48
sign_test_cel1.0,chunk_11,147,wt_mean,-0.001940808375365975,48
sign_test_cel1.0,chunk_11,148,GR,3.8292754565676055,48
sign_test_cel1.0,chunk_11,148,IPC,6.2296283555527525,48
sign_test_cel1.0,chunk_11,148,KR,2.448435105383396,48
sign_test_cel1.0,chunk_11,148,MC,3.9533160428206124,48
sign_test_cel1.0,chunk_11,148,cosine_similarity,-1.000000298023224,48
sign_test_cel1.0,chunk_11,148,wt_mean,-0.001940808375365975,48
sign_test_cel1.0,chunk_11,149,GR,4.1010240117708845,48
sign_test_cel1.0,chunk_11,149,IPC,6.5012944874664145,48
sign_test_cel1.0,chunk_11,149,KR,2.6601619571447372,48
sign_test_cel1.0,chunk_11,149,MC,4.482934082547824,48
sign_test_cel1.0,chunk_11,149,cosine_similarity,-1.000000298023224,48
sign_test_cel1.0,chunk_11,149,wt_mean,-0.001940808375365975,48
sign_test_cel1.0,chunk_11,150,GR,3.6903071651856103,48
sign_test_cel1.0,chunk_11,150,IPC,6.077750963469346,48
sign_test_cel1.0,chunk_11,150,KR,2.428185852865378,48
sign_test_cel1.0,chunk_11,150,MC,3.974272976318995,48
sign_test_cel1.0,chunk_11,150,cosine_similarity,-1.000000298023224,48
sign_test_cel1.0,chunk_11,150,wt_mean,-0.001940808375365975,48
sign_test_cel1.0,chunk_11,151,GR,3.5287915964921317,48
sign_test_cel1.0,chunk_11,151,IPC,6.149448223412037,48
sign_test_cel1.0,chunk_11,151,KR,2.267374108235041,48
sign_test_cel1.0,chunk_11,151,MC,3.924185186624527,48
sign_test_cel1.0,chunk_11,151,cosine_similarity,-1.000000298023224,48
sign_test_cel1.0,chunk_11,151,wt_mean,-0.001940808375365975,48
sign_test_cel1.0,chunk_11,152,GR,3.559101896981398,48
sign_test_cel1.0,chunk_11,152,IPC,5.9454304203391075,48
sign_test_cel1.0,chunk_11,152,KR,2.307693506280581,48
sign_test_cel1.0,chunk_11,152,MC,3.8791353876392045,48
sign_test_cel1.0,chunk_11,152,cosine_similarity,-1.000000298023224,48
sign_test_cel1.0,chunk_11,152,wt_mean,-0.001940808375365975,48
sign_test_cel1.0,chunk_11,153,GR,3.4198983584841094,48
sign_test_cel1.0,chunk_11,153,IPC,5.5025269985198975,48
sign_test_cel1.0,chunk_11,153,KR,2.2773149808247886,48
sign_test_cel1.0,chunk_11,153,MC,3.78604906052351,48
sign_test_cel1.0,chunk_11,153,cosine_similarity,-1.000000298023224,48
sign_test_cel1.0,chunk_11,153,wt_mean,-0.001940808375365975,48
sign_test_cel1.0,chunk_12,154,GR,3.540818472703298,48
sign_test_cel1.0,chunk_12,154,IPC,6.008855077127616,48
sign_test_cel1.0,chunk_12,154,KR,2.2566052625576654,48
sign_test_cel1.0,chunk_12,154,MC,4.049097215135892,48
sign_test_cel1.0,chunk_12,154,cosine_similarity,-1.000000298023224,48
sign_test_cel1.0,chunk_12,154,wt_mean,-0.001940808375365975,48
sign_test_cel1.0,chunk_12,155,GR,3.460605445007483,48
sign_test_cel1.0,chunk_12,155,IPC,6.243779638161262,48
sign_test_cel1.0,chunk_12,155,KR,2.2943012043833733,48
sign_test_cel1.0,chunk_12,155,MC,4.276189379394054,48
sign_test_cel1.0,chunk_12,155,cosine_similarity,-1.000000298023224,48
sign_test_cel1.0,chunk_12,155,wt_mean,-0.001940808375365975,48
sign_test_cel1.0,chunk_12,156,GR,4.113367500404517,48
sign_test_cel1.0,chunk_12,156,IPC,6.3708073534071445,48
sign_test_cel1.0,chunk_12,156,KR,2.6720919236540794,48
sign_test_cel1.0,chunk_12,156,MC,4.332130466898282,48
sign_test_cel1.0,chunk_12,156,cosine_similarity,-1.000000298023224,48
sign_test_cel1.0,chunk_12,156,wt_mean,-0.001940808375365975,48
sign_test_cel1.0,chunk_12,157,GR,3.7924123456080756,48
sign_test_cel1.0,chunk_12,157,IPC,5.807305138558149,48
sign_test_cel1.0,chunk_12,157,KR,2.3929773345589638,48
sign_test_cel1.0,chunk_12,157,MC,3.6445426469047866,48
sign_test_cel1.0,chunk_12,157,cosine_similarity,-1.000000298023224,48
sign_test_cel1.0,chunk_12,157,wt_mean,-0.001940808375365975,48
sign_test_cel1.0,chunk_12,158,GR,4.094341869155566,48
sign_test_cel1.0,chunk_12,158,IPC,5.704623747617006,48
sign_test_cel1.0,chunk_12,158,KR,2.684476805229982,48
sign_test_cel1.0,chunk_12,158,MC,4.028834114472072,48
sign_test_cel1.0,chunk_12,158,cosine_similarity,-1.000000298023224,48
sign_test_cel1.0,chunk_12,158,wt_mean,-0.001940808375365975,48
sign_test_cel1.0,chunk_12,159,GR,3.4841149424513183,48
sign_test_cel1.0,chunk_12,159,IPC,6.328582186251879,48
sign_test_cel1.0,chunk_12,159,KR,2.3034589489301047,48
sign_test_cel1.0,chunk_12,159,MC,4.79705037176609,48
sign_test_cel1.0,chunk_12,159,cosine_similarity,-1.000000298023224,48
sign_test_cel1.0,chunk_12,159,wt_mean,-0.001940808375365975,48
sign_test_cel1.0,chunk_12,160,GR,3.5016310388843217,48
sign_test_cel1.0,chunk_12,160,IPC,6.04654574021697,48
sign_test_cel1.0,chunk_12,160,KR,2.335336335003376,48
sign_test_cel1.0,chunk_12,160,MC,3.9073900605241456,48
sign_test_cel1.0,chunk_12,160,cosine_similarity,-1.000000298023224,48
sign_test_cel1.0,chunk_12,160,wt_mean,-0.001940808375365975,48
sign_test_cel1.0,chunk_12,161,GR,3.770829550921917,48
sign_test_cel1.0,chunk_12,161,IPC,5.784430392086506,48
sign_test_cel1.0,chunk_12,161,KR,2.3856265569726625,48
sign_test_cel1.0,chunk_12,161,MC,4.06909691542387,48
sign_test_cel1.0,chunk_12,161,cosine_similarity,-1.000000298023224,48
sign_test_cel1.0,chunk_12,161,wt_mean,-0.001940808375365975,48
sign_test_cel1.0,chunk_12,162,GR,3.748555933435758,48
sign_test_cel1.0,chunk_12,162,IPC,6.040364349881808,48
sign_test_cel1.0,chunk_12,162,KR,2.440876799325148,48
sign_test_cel1.0,chunk_12,162,MC,3.998674596349398,48
sign_test_cel1.0,chunk_12,162,cosine_similarity,-1.000000298023224,48
sign_test_cel1.0,chunk_12,162,wt_mean,-0.001940808375365975,48
sign_test_cel1.0,chunk_12,163,GR,3.871319092810154,48
sign_test_cel1.0,chunk_12,163,IPC,6.208941372732322,48
sign_test_cel1.0,chunk_12,163,KR,2.562066691617171,48
sign_test_cel1.0,chunk_12,163,MC,4.11987600227197,48
sign_test_cel1.0,chunk_12,163,cosine_similarity,-1.000000298023224,48
sign_test_cel1.0,chunk_12,163,wt_mean,-0.001940808375365975,48
sign_test_cel1.0,chunk_12,164,GR,3.2219752594828606,48
sign_test_cel1.0,chunk_12,164,IPC,5.391915362328291,48
sign_test_cel1.0,chunk_12,164,KR,2.188958319524924,48
sign_test_cel1.0,chunk_12,164,MC,3.856290265917778,48
sign_test_cel1.0,chunk_12,164,cosine_similarity,-1.000000298023224,48
sign_test_cel1.0,chunk_12,164,wt_mean,-0.001940808375365975,48
sign_test_cel1.0,chunk_12,165,GR,3.447018916408221,48
sign_test_cel1.0,chunk_12,165,IPC,6.186082811405261,48
sign_test_cel1.0,chunk_12,165,KR,2.3169536143541336,48
sign_test_cel1.0,chunk_12,165,MC,4.2154281834761305,48
sign_test_cel1.0,chunk_12,165,cosine_similarity,-1.000000298023224,48
sign_test_cel1.0,chunk_12,165,wt_mean,-0.001940808375365975,48
sign_test_cel1.0,chunk_13,166,GR,4.017889807621638,48
sign_test_cel1.0,chunk_13,166,IPC,6.1637362490097685,48
sign_test_cel1.0,chunk_13,166,KR,2.541242904961109,48
sign_test_cel1.0,chunk_13,166,MC,4.154245510697365,48
sign_test_cel1.0,chunk_13,166,cosine_similarity,-1.000000298023224,48
sign_test_cel1.0,chunk_13,166,wt_mean,-0.001940808375365975,48
sign_test_cel1.0,chunk_13,167,GR,3.233814351260662,48
sign_test_cel1.0,chunk_13,167,IPC,5.9266603117187815,48
sign_test_cel1.0,chunk_13,167,KR,2.249367614587148,48
sign_test_cel1.0,chunk_13,167,MC,4.07642038539052,48
sign_test_cel1.0,chunk_13,167,cosine_similarity,-1.000000298023224,48
sign_test_cel1.0,chunk_13,167,wt_mean,-0.001940808375365975,48
sign_test_cel1.0,chunk_13,168,GR,3.7695063799619675,48
sign_test_cel1.0,chunk_13,168,IPC,5.686255652457476,48
sign_test_cel1.0,chunk_13,168,KR,2.398749994734923,48
sign_test_cel1.0,chunk_13,168,MC,3.9263078023989997,48
sign_test_cel1.0,chunk_13,168,cosine_similarity,-1.000000298023224,48
sign_test_cel1.0,chunk_13,168,wt_mean,-0.001940808375365975,48
sign_test_cel1.0,chunk_13,169,GR,4.107151659826438,48
sign_test_cel1.0,chunk_13,169,IPC,6.209504903604587,48
sign_test_cel1.0,chunk_13,169,KR,2.6244367882609367,48
sign_test_cel1.0,chunk_13,169,MC,4.0356075167655945,48
sign_test_cel1.0,chunk_13,169,cosine_similarity,-1.000000298023224,48
sign_test_cel1.0,chunk_13,169,wt_mean,-0.001940808375365975,48
sign_test_cel1.0,chunk_13,170,GR,3.88009404639403,48
sign_test_cel1.0,chunk_13,170,IPC,5.903747584670782,48
sign_test_cel1.0,chunk_13,170,KR,2.602020007868608,48
sign_test_cel1.0,chunk_13,170,MC,4.100160946448644,48
sign_test_cel1.0,chunk_13,170,cosine_similarity,-1.000000298023224,48
sign_test_cel1.0,chunk_13,170,wt_mean,-0.001940808375365975,48
sign_test_cel1.0,chunk_13,171,GR,4.115313790738583,48
sign_test_cel1.0,chunk_13,171,IPC,5.647450697918733,48
sign_test_cel1.0,chunk_13,171,KR,2.6443943977355957,48
sign_test_cel1.0,chunk_13,171,MC,3.9060484816630683,48
sign_test_cel1.0,chunk_13,171,cosine_similarity,-1.000000298023224,48
sign_test_cel1.0,chunk_13,171,wt_mean,-0.001940808375365975,48
sign_test_cel1.0,chunk_13,172,GR,3.830140302578608,48
sign_test_cel1.0,chunk_13,172,IPC,5.892263785004616,48
sign_test_cel1.0,chunk_13,172,KR,2.5073221176862717,48
sign_test_cel1.0,chunk_13,172,MC,4.163136887053649,48
sign_test_cel1.0,chunk_13,172,cosine_similarity,-1.000000298023224,48
sign_test_cel1.0,chunk_13,172,wt_mean,-0.001940808375365975,48
sign_test_cel1.0,chunk_13,173,GR,3.6582179640730224,48
sign_test_cel1.0,chunk_13,173,IPC,6.314229227602482,48
sign_test_cel1.0,chunk_13,173,KR,2.348488435149193,48
sign_test_cel1.0,chunk_13,173,MC,4.217392171422641,48
sign_test_cel1.0,chunk_13,173,cosine_similarity,-1.000000298023224,48
sign_test_cel1.0,chunk_13,173,wt_mean,-0.001940808375365975,48
sign_test_cel1.0,chunk_13,174,GR,3.4002337555090585,48
sign_test_cel1.0,chunk_13,174,IPC,6.073136671135823,48
sign_test_cel1.0,chunk_13,174,KR,2.240746632218361,48
sign_test_cel1.0,chunk_13,174,MC,4.199770897626877,48
sign_test_cel1.0,chunk_13,174,cosine_similarity,-1.000000298023224,48
sign_test_cel1.0,chunk_13,174,wt_mean,-0.001940808375365975,48
sign_test_cel1.0,chunk_13,175,GR,3.7346318612496057,48
sign_test_cel1.0,chunk_13,175,IPC,6.073808177063863,48
sign_test_cel1.0,chunk_13,175,KR,2.3880626882116,48
sign_test_cel1.0,chunk_13,175,MC,3.9845773677031198,48
sign_test_cel1.0,chunk_13,175,cosine_similarity,-1.000000298023224,48
sign_test_cel1.0,chunk_13,175,wt_mean,-0.001940808375365975,48
sign_test_cel1.0,chunk_13,176,GR,3.7143415808677673,48
sign_test_cel1.0,chunk_13,176,IPC,5.840158672382434,48
sign_test_cel1.0,chunk_13,176,KR,2.459570703407129,48
sign_test_cel1.0,chunk_13,176,MC,4.0068392877777415,48
sign_test_cel1.0,chunk_13,176,cosine_similarity,-1.000000298023224,48
sign_test_cel1.0,chunk_13,176,wt_mean,-0.001940808375365975,48
sign_test_cel1.0,chunk_13,177,GR,3.5191785718003907,48
sign_test_cel1.0,chunk_13,177,IPC,6.16863468537728,48
sign_test_cel1.0,chunk_13,177,KR,2.3347417364517846,48
sign_test_cel1.0,chunk_13,177,MC,4.041509265700976,48
sign_test_cel1.0,chunk_13,177,cosine_similarity,-1.000000298023224,48
sign_test_cel1.0,chunk_13,177,wt_mean,-0.001940808375365975,48
sign_test_cel1.0,chunk_14,178,GR,3.6592158476511636,48
sign_test_cel1.0,chunk_14,178,IPC,5.917116527756055,48
sign_test_cel1.0,chunk_14,178,KR,2.335433224836985,48
sign_test_cel1.0,chunk_14,178,MC,4.0786769191424055,48
sign_test_cel1.0,chunk_14,178,cosine_similarity,-1.000000298023224,48
sign_test_cel1.0,chunk_14,178,wt_mean,-0.001940808375365975,48
sign_test_cel1.0,chunk_14,179,GR,3.4367275635401406,48
sign_test_cel1.0,chunk_14,179,IPC,5.802354251344998,48
sign_test_cel1.0,chunk_14,179,KR,2.2579485128323236,48
sign_test_cel1.0,chunk_14,179,MC,3.9284982308745384,48
sign_test_cel1.0,chunk_14,179,cosine_similarity,-1.000000298023224,48
sign_test_cel1.0,chunk_14,179,wt_mean,-0.001940808375365975,48
sign_test_cel1.0,chunk_14,180,GR,3.87668427079916,48
sign_test_cel1.0,chunk_14,180,IPC,6.14388916020592,48
sign_test_cel1.0,chunk_14,180,KR,2.3680362179875374,48
sign_test_cel1.0,chunk_14,180,MC,3.9923272306720414,48
sign_test_cel1.0,chunk_14,180,cosine_similarity,-1.000000298023224,48
sign_test_cel1.0,chunk_14,180,wt_mean,-0.001940808375365975,48
sign_test_cel1.0,chunk_14,181,GR,3.746224078039328,48
sign_test_cel1.0,chunk_14,181,IPC,6.540231466293335,48
sign_test_cel1.0,chunk_14,181,KR,2.421374330917994,48
sign_test_cel1.0,chunk_14,181,MC,4.525685812036197,48
sign_test_cel1.0,chunk_14,181,cosine_similarity,-1.000000298023224,48
sign_test_cel1.0,chunk_14,181,wt_mean,-0.001940808375365975,48
sign_test_cel1.0,chunk_14,182,GR,3.4692429527640343,48
sign_test_cel1.0,chunk_14,182,IPC,6.147148444006841,48
sign_test_cel1.0,chunk_14,182,KR,2.282403364777565,48
sign_test_cel1.0,chunk_14,182,MC,4.295982360839844,48
sign_test_cel1.0,chunk_14,182,cosine_similarity,-1.000000298023224,48
sign_test_cel1.0,chunk_14,182,wt_mean,-0.001940808375365975,48
sign_test_cel1.0,chunk_14,183,GR,3.5105780561765036,48
sign_test_cel1.0,chunk_14,183,IPC,6.088924701015155,48
sign_test_cel1.0,chunk_14,183,KR,2.355741816262404,48
sign_test_cel1.0,chunk_14,183,MC,4.020493825276692,48
sign_test_cel1.0,chunk_14,183,cosine_similarity,-1.000000298023224,48
sign_test_cel1.0,chunk_14,183,wt_mean,-0.001940808375365975,48
sign_test_cel1.0,chunk_14,184,GR,3.980850232144197,48
sign_test_cel1.0,chunk_14,184,IPC,6.351794329782327,48
sign_test_cel1.0,chunk_14,184,KR,2.5208633641401925,48
sign_test_cel1.0,chunk_14,184,MC,4.063534115751584,48
sign_test_cel1.0,chunk_14,184,cosine_similarity,-1.000000298023224,48
sign_test_cel1.0,chunk_14,184,wt_mean,-0.001940808375365975,48
sign_test_cel1.0,chunk_14,185,GR,3.5225191339850426,48
sign_test_cel1.0,chunk_14,185,IPC,6.0787425463398295,48
sign_test_cel1.0,chunk_14,185,KR,2.3455725262562432,48
sign_test_cel1.0,chunk_14,185,MC,4.173065875967343,48
sign_test_cel1.0,chunk_14,185,cosine_similarity,-1.000000298023224,48
sign_test_cel1.0,chunk_14,185,wt_mean,-0.001940808375365975,48
sign_test_cel1.0,chunk_14,186,GR,3.734383719662825,48
sign_test_cel1.0,chunk_14,186,IPC,6.254918939123551,48
sign_test_cel1.0,chunk_14,186,KR,2.399868495762348,48
sign_test_cel1.0,chunk_14,186,MC,4.032642801602681,48
sign_test_cel1.0,chunk_14,186,cosine_similarity,-1.000000298023224,48
sign_test_cel1.0,chunk_14,186,wt_mean,-0.001940808375365975,48
sign_test_cel1.0,chunk_14,187,GR,3.573409209648768,48
sign_test_cel1.0,chunk_14,187,IPC,5.727579006304343,48
sign_test_cel1.0,chunk_14,187,KR,2.3832413852214813,48
sign_test_cel1.0,chunk_14,187,MC,3.89359017709891,48
sign_test_cel1.0,chunk_14,187,cosine_similarity,-1.000000298023224,48
sign_test_cel1.0,chunk_14,187,wt_mean,-0.001940808375365975,48
sign_test_cel1.0,chunk_14,188,GR,4.0515458434820175,48
sign_test_cel1.0,chunk_14,188,IPC,6.0933023778100806,48
sign_test_cel1.0,chunk_14,188,KR,2.5636712461709976,48
sign_test_cel1.0,chunk_14,188,MC,4.179750479757786,48
sign_test_cel1.0,chunk_14,188,cosine_similarity,-1.000000298023224,48
sign_test_cel1.0,chunk_14,188,wt_mean,-0.001940808375365975,48
sign_test_cel1.0,chunk_14,189,GR,3.700243959824244,48
sign_test_cel1.0,chunk_14,189,IPC,6.468636985868216,48
sign_test_cel1.0,chunk_14,189,KR,2.5021029288570085,48
sign_test_cel1.0,chunk_14,189,MC,4.315148999293645,48
sign_test_cel1.0,chunk_14,189,cosine_similarity,-1.000000298023224,48
sign_test_cel1.0,chunk_14,189,wt_mean,-0.001940808375365975,48
sign_test_cel1.0,chunk_15,190,GR,4.032667209704717,48
sign_test_cel1.0,chunk_15,190,IPC,5.580113434543212,48
sign_test_cel1.0,chunk_15,190,KR,2.577877732614676,48
sign_test_cel1.0,chunk_15,190,MC,4.0747141391038895,48
sign_test_cel1.0,chunk_15,190,cosine_similarity,-1.000000298023224,48
sign_test_cel1.0,chunk_15,190,wt_mean,-0.001940808375365975,48
sign_test_cel1.0,chunk_15,191,GR,3.3258721406261125,48
sign_test_cel1.0,chunk_15,191,IPC,6.254729891816775,48
sign_test_cel1.0,chunk_15,191,KR,2.206567565600077,48
sign_test_cel1.0,chunk_15,191,MC,4.104020153482755,48
sign_test_cel1.0,chunk_15,191,cosine_similarity,-1.000000298023224,48
sign_test_cel1.0,chunk_15,191,wt_mean,-0.001940808375365975,48
sign_test_cel1.0,chunk_15,192,GR,3.7322915916641555,48
sign_test_cel1.0,chunk_15,192,IPC,6.429449666291475,48
sign_test_cel1.0,chunk_15,192,KR,2.399743219216665,48
sign_test_cel1.0,chunk_15,192,MC,4.366378255188465,48
sign_test_cel1.0,chunk_15,192,cosine_similarity,-1.000000298023224,48
sign_test_cel1.0,chunk_15,192,wt_mean,-0.001940808375365975,48
sign_test_cel1.0,chunk_15,193,GR,3.8753239711125693,48
sign_test_cel1.0,chunk_15,193,IPC,6.17844595760107,48
sign_test_cel1.0,chunk_15,193,KR,2.541211570302645,48
sign_test_cel1.0,chunk_15,193,MC,4.184640233715375,48
sign_test_cel1.0,chunk_15,193,cosine_similarity,-1.000000298023224,48
sign_test_cel1.0,chunk_15,193,wt_mean,-0.001940808375365975,48
sign_test_cel1.0,chunk_15,194,GR,4.0094975506265955,48
sign_test_cel1.0,chunk_15,194,IPC,6.371936331192653,48
sign_test_cel1.0,chunk_15,194,KR,2.4796137114365897,48
sign_test_cel1.0,chunk_15,194,MC,3.960744592050711,48
sign_test_cel1.0,chunk_15,194,cosine_similarity,-1.000000298023224,48
sign_test_cel1.0,chunk_15,194,wt_mean,-0.001940808375365975,48
sign_test_cel1.0,chunk_15,195,GR,4.290168816844623,48
sign_test_cel1.0,chunk_15,195,IPC,6.29667188723882,48
sign_test_cel1.0,chunk_15,195,KR,2.707722800473372,48
sign_test_cel1.0,chunk_15,195,MC,3.9646604706843696,48
sign_test_cel1.0,chunk_15,195,cosine_similarity,-1.000000298023224,48
sign_test_cel1.0,chunk_15,195,wt_mean,-0.001940808375365975,48
sign_test_cel1.0,chunk_15,196,GR,3.835793095330397,48
sign_test_cel1.0,chunk_15,196,IPC,6.097547056774299,48
sign_test_cel1.0,chunk_15,196,KR,2.4721167782942453,48
sign_test_cel1.0,chunk_15,196,MC,3.9976267591118813,48
sign_test_cel1.0,chunk_15,196,cosine_similarity,-1.000000298023224,48
sign_test_cel1.0,chunk_15,196,wt_mean,-0.001940808375365975,48
sign_test_cel1.0,chunk_15,197,GR,3.846760588387648,48
sign_test_cel1.0,chunk_15,197,IPC,6.223546574513118,48
sign_test_cel1.0,chunk_15,197,KR,2.499896747370561,48
sign_test_cel1.0,chunk_15,197,MC,4.0836460292339325,48
sign_test_cel1.0,chunk_15,197,cosine_similarity,-1.000000298023224,48
sign_test_cel1.0,chunk_15,197,wt_mean,-0.001940808375365975,48
sign_test_cel1.0,chunk_15,198,GR,3.932781087855498,48
sign_test_cel1.0,chunk_15,198,IPC,6.507319250454505,48
sign_test_cel1.0,chunk_15,198,KR,2.508889133731524,48
sign_test_cel1.0,chunk_15,198,MC,4.385841553409894,48
sign_test_cel1.0,chunk_15,198,cosine_similarity,-1.000000298023224,48
sign_test_cel1.0,chunk_15,198,wt_mean,-0.001940808375365975,48
sign_test_cel1.0,chunk_15,199,GR,4.216323872407277,48
sign_test_cel1.0,chunk_15,199,IPC,5.999857842922211,48
sign_test_cel1.0,chunk_15,199,KR,2.6644345050056777,48
sign_test_cel1.0,chunk_15,199,MC,4.053899941345056,48
sign_test_cel1.0,chunk_15,199,cosine_similarity,-1.000000298023224,48
sign_test_cel1.0,chunk_15,199,wt_mean,-0.001940808375365975,48
sign_test_cel1.0,chunk_15,200,GR,3.742180128892263,48
sign_test_cel1.0,chunk_15,200,IPC,6.564819609125455,48
sign_test_cel1.0,chunk_15,200,KR,2.497636375327905,48
sign_test_cel1.0,chunk_15,200,MC,4.3849461277325945,48
sign_test_cel1.0,chunk_15,200,cosine_similarity,-1.000000298023224,48
sign_test_cel1.0,chunk_15,200,wt_mean,-0.001940808375365975,48
sign_test_cel1.0,chunk_15,201,GR,4.643080055713654,48
sign_test_cel1.0,chunk_15,201,IPC,5.937025633951028,48
sign_test_cel1.0,chunk_15,201,KR,2.9494067852695784,48
sign_test_cel1.0,chunk_15,201,MC,4.293639759222667,48
sign_test_cel1.0,chunk_15,201,cosine_similarity,-1.000000298023224,48
sign_test_cel1.0,chunk_15,201,wt_mean,-0.001940808375365975,48
sign_test_cel1.0,chunk_16,202,GR,3.533524639904499,48
sign_test_cel1.0,chunk_16,202,IPC,5.779792862633864,48
sign_test_cel1.0,chunk_16,202,KR,2.3933109690745673,48
sign_test_cel1.0,chunk_16,202,MC,4.092731346686681,48
sign_test_cel1.0,chunk_16,202,cosine_similarity,-1.000000298023224,48
sign_test_cel1.0,chunk_16,202,wt_mean,-0.001940808375365975,48
sign_test_cel1.0,chunk_16,203,GR,3.972444027662277,48
sign_test_cel1.0,chunk_16,203,IPC,6.4825945645570755,48
sign_test_cel1.0,chunk_16,203,KR,2.562173222502073,48
sign_test_cel1.0,chunk_16,203,MC,4.167747835318248,48
sign_test_cel1.0,chunk_16,203,cosine_similarity,-1.000000298023224,48
sign_test_cel1.0,chunk_16,203,wt_mean,-0.001940808375365975,48
sign_test_cel1.0,chunk_16,204,GR,3.5804441000024476,48
sign_test_cel1.0,chunk_16,204,IPC,6.6672937249143915,48
sign_test_cel1.0,chunk_16,204,KR,2.4415831863880157,48
sign_test_cel1.0,chunk_16,204,MC,4.3755021045605345,48
sign_test_cel1.0,chunk_16,204,cosine_similarity,-1.000000298023224,48
sign_test_cel1.0,chunk_16,204,wt_mean,-0.001940808375365975,48
sign_test_cel1.0,chunk_16,205,GR,3.842042662203312,48
sign_test_cel1.0,chunk_16,205,IPC,6.162975440422694,48
sign_test_cel1.0,chunk_16,205,KR,2.539452930291494,48
sign_test_cel1.0,chunk_16,205,MC,4.124522586663564,48
sign_test_cel1.0,chunk_16,205,cosine_similarity,-1.000000298023224,48
sign_test_cel1.0,chunk_16,205,wt_mean,-0.001940808375365975,48
sign_test_cel1.0,chunk_16,206,GR,3.630432277917862,48
sign_test_cel1.0,chunk_16,206,IPC,5.976919736713171,48
sign_test_cel1.0,chunk_16,206,KR,2.4124580547213554,48
sign_test_cel1.0,chunk_16,206,MC,4.122650370001793,48
sign_test_cel1.0,chunk_16,206,cosine_similarity,-1.000000298023224,48
sign_test_cel1.0,chunk_16,206,wt_mean,-0.001940808375365975,48
sign_test_cel1.0,chunk_16,207,GR,3.949089373151461,48
sign_test_cel1.0,chunk_16,207,IPC,5.5882549695670605,48
sign_test_cel1.0,chunk_16,207,KR,2.545323053995768,48
sign_test_cel1.0,chunk_16,207,MC,3.7996399079759917,48
sign_test_cel1.0,chunk_16,207,cosine_similarity,-1.000000298023224,48
sign_test_cel1.0,chunk_16,207,wt_mean,-0.001940808375365975,48
sign_test_cel1.0,chunk_16,208,GR,3.868292989830176,48
sign_test_cel1.0,chunk_16,208,IPC,5.568665084739526,48
sign_test_cel1.0,chunk_16,208,KR,2.5324665357669196,48
sign_test_cel1.0,chunk_16,208,MC,3.9370196710030236,48
sign_test_cel1.0,chunk_16,208,cosine_similarity,-1.000000298023224,48
sign_test_cel1.0,chunk_16,208,wt_mean,-0.001940808375365975,48
sign_test_cel1.0,chunk_16,209,GR,3.8083293586969376,48
sign_test_cel1.0,chunk_16,209,IPC,6.0700092886885,48
sign_test_cel1.0,chunk_16,209,KR,2.4679578070839248,48
sign_test_cel1.0,chunk_16,209,MC,4.121156324942906,48
sign_test_cel1.0,chunk_16,209,cosine_similarity,-1.000000298023224,48
sign_test_cel1.0,chunk_16,209,wt_mean,-0.001940808375365975,48
sign_test_cel1.0,chunk_16,210,GR,3.63998906314373,48
sign_test_cel1.0,chunk_16,210,IPC,6.121220490584771,48
sign_test_cel1.0,chunk_16,210,KR,2.4328483094771705,48
sign_test_cel1.0,chunk_16,210,MC,4.105698361992836,48
sign_test_cel1.0,chunk_16,210,cosine_similarity,-1.000000298023224,48
sign_test_cel1.0,chunk_16,210,wt_mean,-0.001940808375365975,48
sign_test_cel1.0,chunk_16,211,GR,3.900820165872574,48
sign_test_cel1.0,chunk_16,211,IPC,6.256173089146614,48
sign_test_cel1.0,chunk_16,211,KR,2.5901863177617392,48
sign_test_cel1.0,chunk_16,211,MC,4.444916864236196,48
sign_test_cel1.0,chunk_16,211,cosine_similarity,-1.000000298023224,48
sign_test_cel1.0,chunk_16,211,wt_mean,-0.001940808375365975,48
sign_test_cel1.0,chunk_16,212,GR,4.0742333109180136,48
sign_test_cel1.0,chunk_16,212,IPC,5.727021985997756,48
sign_test_cel1.0,chunk_16,212,KR,2.6054375593860946,48
sign_test_cel1.0,chunk_16,212,MC,4.077882046500842,48
sign_test_cel1.0,chunk_16,212,cosine_similarity,-1.000000298023224,48
sign_test_cel1.0,chunk_16,212,wt_mean,-0.001940808375365975,48
sign_test_cel1.0,chunk_16,213,GR,3.9820692415038743,48
sign_test_cel1.0,chunk_16,213,IPC,5.946260303258896,48
sign_test_cel1.0,chunk_16,213,KR,2.595713491241137,48
sign_test_cel1.0,chunk_16,213,MC,4.046882386008899,48
sign_test_cel1.0,chunk_16,213,cosine_similarity,-1.000000298023224,48
sign_test_cel1.0,chunk_16,213,wt_mean,-0.001940808375365975,48
sign_test_cel1.0,chunk_17,214,GR,3.640443573395411,48
sign_test_cel1.0,chunk_17,214,IPC,6.306793571760257,48
sign_test_cel1.0,chunk_17,214,KR,2.4001137589414916,48
sign_test_cel1.0,chunk_17,214,MC,4.301441545287768,48
sign_test_cel1.0,chunk_17,214,cosine_similarity,-1.000000298023224,48
sign_test_cel1.0,chunk_17,214,wt_mean,-0.001940808375365975,48
sign_test_cel1.0,chunk_17,215,GR,3.548279196023941,48
sign_test_cel1.0,chunk_17,215,IPC,6.035529854396979,48
sign_test_cel1.0,chunk_17,215,KR,2.2689525013168654,48
sign_test_cel1.0,chunk_17,215,MC,3.6645733788609505,48
sign_test_cel1.0,chunk_17,215,cosine_similarity,-1.000000298023224,48
sign_test_cel1.0,chunk_17,215,wt_mean,-0.001940808375365975,48
sign_test_cel1.0,chunk_17,216,GR,3.738151299456755,48
sign_test_cel1.0,chunk_17,216,IPC,5.904577719668548,48
sign_test_cel1.0,chunk_17,216,KR,2.476864409943422,48
sign_test_cel1.0,chunk_17,216,MC,4.0014036645491915,48
sign_test_cel1.0,chunk_17,216,cosine_similarity,-1.000000298023224,48
sign_test_cel1.0,chunk_17,216,wt_mean,-0.001940808375365975,48
sign_test_cel1.0,chunk_17,217,GR,4.173513174057007,48
sign_test_cel1.0,chunk_17,217,IPC,6.123132687062025,48
sign_test_cel1.0,chunk_17,217,KR,2.633513060708841,48
sign_test_cel1.0,chunk_17,217,MC,4.022313517828782,48
sign_test_cel1.0,chunk_17,217,cosine_similarity,-1.000000298023224,48
sign_test_cel1.0,chunk_17,217,wt_mean,-0.001940808375365975,48
sign_test_cel1.0,chunk_17,218,GR,4.315442815423012,48
sign_test_cel1.0,chunk_17,218,IPC,5.516990986963113,48
sign_test_cel1.0,chunk_17,218,KR,2.713095724582672,48
sign_test_cel1.0,chunk_17,218,MC,3.857373903195063,48
sign_test_cel1.0,chunk_17,218,cosine_similarity,-1.000000298023224,48
sign_test_cel1.0,chunk_17,218,wt_mean,-0.001940808375365975,48
sign_test_cel1.0,chunk_17,219,GR,3.7206897089878717,48
sign_test_cel1.0,chunk_17,219,IPC,6.052071650822957,48
sign_test_cel1.0,chunk_17,219,KR,2.4361097713311515,48
sign_test_cel1.0,chunk_17,219,MC,4.10305452098449,48
sign_test_cel1.0,chunk_17,219,cosine_similarity,-1.000000298023224,48
sign_test_cel1.0,chunk_17,219,wt_mean,-0.001940808375365975,48
sign_test_cel1.0,chunk_17,220,GR,4.492526801923911,48
sign_test_cel1.0,chunk_17,220,IPC,5.572022116432588,48
sign_test_cel1.0,chunk_17,220,KR,2.8726474046707153,48
sign_test_cel1.0,chunk_17,220,MC,4.206197296579679,48
sign_test_cel1.0,chunk_17,220,cosine_similarity,-1.000000298023224,48
sign_test_cel1.0,chunk_17,220,wt_mean,-0.001940808375365975,48
sign_test_cel1.0,chunk_17,221,GR,3.6842618162433305,48
sign_test_cel1.0,chunk_17,221,IPC,6.495290011167526,48
sign_test_cel1.0,chunk_17,221,KR,2.4048882573843002,48
sign_test_cel1.0,chunk_17,221,MC,4.301253646612167,48
sign_test_cel1.0,chunk_17,221,cosine_similarity,-1.000000298023224,48
sign_test_cel1.0,chunk_17,221,wt_mean,-0.001940808375365975,48
sign_test_cel1.0,chunk_17,222,GR,3.5571779360373816,48
sign_test_cel1.0,chunk_17,222,IPC,6.1001883546511335,48
sign_test_cel1.0,chunk_17,222,KR,2.385338395833969,48
sign_test_cel1.0,chunk_17,222,MC,3.941919947663943,48
sign_test_cel1.0,chunk_17,222,cosine_similarity,-1.000000298023224,48
sign_test_cel1.0,chunk_17,222,wt_mean,-0.001940808375365975,48
sign_test_cel1.0,chunk_17,223,GR,3.5394541521867118,48
sign_test_cel1.0,chunk_17,223,IPC,6.747520100325346,48
sign_test_cel1.0,chunk_17,223,KR,2.317589836815993,48
sign_test_cel1.0,chunk_17,223,MC,4.407134960095088,48
sign_test_cel1.0,chunk_17,223,cosine_similarity,-1.000000298023224,48
sign_test_cel1.0,chunk_17,223,wt_mean,-0.001940808375365975,48
sign_test_cel1.0,chunk_17,224,GR,4.032687892516454,48
sign_test_cel1.0,chunk_17,224,IPC,5.789081947257121,48
sign_test_cel1.0,chunk_17,224,KR,2.651955316464106,48
sign_test_cel1.0,chunk_17,224,MC,3.9390196800231934,48
sign_test_cel1.0,chunk_17,224,cosine_similarity,-1.000000298023224,48
sign_test_cel1.0,chunk_17,224,wt_mean,-0.001940808375365975,48
sign_test_cel1.0,chunk_17,225,GR,3.83002857118845,48
sign_test_cel1.0,chunk_17,225,IPC,6.031290555993716,48
sign_test_cel1.0,chunk_17,225,KR,2.338947350780169,48
sign_test_cel1.0,chunk_17,225,MC,4.074915284911792,48
sign_test_cel1.0,chunk_17,225,cosine_similarity,-1.000000298023224,48
sign_test_cel1.0,chunk_17,225,wt_mean,-0.001940808375365975,48
sign_test_cel1.0,chunk_18,226,GR,3.7939692040284476,48
sign_test_cel1.0,chunk_18,226,IPC,6.144264090806246,48
sign_test_cel1.0,chunk_18,226,KR,2.4364466592669487,48
sign_test_cel1.0,chunk_18,226,MC,4.158521006504695,48
sign_test_cel1.0,chunk_18,226,cosine_similarity,-1.000000298023224,48
sign_test_cel1.0,chunk_18,226,wt_mean,-0.001940808375365975,48
sign_test_cel1.0,chunk_18,227,GR,3.8885166868567467,48
sign_test_cel1.0,chunk_18,227,IPC,6.407780364155769,48
sign_test_cel1.0,chunk_18,227,KR,2.451997729639212,48
sign_test_cel1.0,chunk_18,227,MC,3.96053438882033,48
sign_test_cel1.0,chunk_18,227,cosine_similarity,-1.000000298023224,48
sign_test_cel1.0,chunk_18,227,wt_mean,-0.001940808375365975,48
sign_test_cel1.0,chunk_18,228,GR,3.5604608630140624,48
sign_test_cel1.0,chunk_18,228,IPC,5.860662765800953,48
sign_test_cel1.0,chunk_18,228,KR,2.3490421747167907,48
sign_test_cel1.0,chunk_18,228,MC,4.026517940064271,48
sign_test_cel1.0,chunk_18,228,cosine_similarity,-1.000000298023224,48
sign_test_cel1.0,chunk_18,228,wt_mean,-0.001940808375365975,48
sign_test_cel1.0,chunk_18,229,GR,3.7894769261280694,48
sign_test_cel1.0,chunk_18,229,IPC,6.169416382908821,48
sign_test_cel1.0,chunk_18,229,KR,2.511911687751611,48
sign_test_cel1.0,chunk_18,229,MC,4.19670803596576,48
sign_test_cel1.0,chunk_18,229,cosine_similarity,-1.000000298023224,48
sign_test_cel1.0,chunk_18,229,wt_mean,-0.001940808375365975,48
sign_test_cel1.0,chunk_18,230,GR,3.805581472814083,48
sign_test_cel1.0,chunk_18,230,IPC,5.352444563060999,48
sign_test_cel1.0,chunk_18,230,KR,2.5409742891788483,48
sign_test_cel1.0,chunk_18,230,MC,4.065422793229421,48
sign_test_cel1.0,chunk_18,230,cosine_similarity,-1.000000298023224,48
sign_test_cel1.0,chunk_18,230,wt_mean,-0.001940808375365975,48
sign_test_cel1.0,chunk_18,231,GR,3.3725876783331237,48
sign_test_cel1.0,chunk_18,231,IPC,5.806581637511651,48
sign_test_cel1.0,chunk_18,231,KR,2.2475334654251733,48
sign_test_cel1.0,chunk_18,231,MC,3.886242094139258,48
sign_test_cel1.0,chunk_18,231,cosine_similarity,-1.000000298023224,48
sign_test_cel1.0,chunk_18,231,wt_mean,-0.001940808375365975,48
sign_test_cel1.0,chunk_18,232,GR,4.173907585442066,48
sign_test_cel1.0,chunk_18,232,IPC,6.134101254244645,48
sign_test_cel1.0,chunk_18,232,KR,2.7288982023795447,48
sign_test_cel1.0,chunk_18,232,MC,4.273387139042218,48
sign_test_cel1.0,chunk_18,232,cosine_similarity,-1.000000298023224,48
sign_test_cel1.0,chunk_18,232,wt_mean,-0.001940808375365975,48
sign_test_cel1.0,chunk_18,233,GR,4.045026222864787,48
sign_test_cel1.0,chunk_18,233,IPC,6.243602197617292,48
sign_test_cel1.0,chunk_18,233,KR,2.445702930291494,48
sign_test_cel1.0,chunk_18,233,MC,4.032102165122827,48
sign_test_cel1.0,chunk_18,233,cosine_similarity,-1.000000298023224,48
sign_test_cel1.0,chunk_18,233,wt_mean,-0.001940808375365975,48
sign_test_cel1.0,chunk_18,234,GR,3.707192269464334,48
sign_test_cel1.0,chunk_18,234,IPC,5.995050400495529,48
sign_test_cel1.0,chunk_18,234,KR,2.4760370502869287,48
sign_test_cel1.0,chunk_18,234,MC,4.198743239045143,48
sign_test_cel1.0,chunk_18,234,cosine_similarity,-1.000000298023224,48
sign_test_cel1.0,chunk_18,234,wt_mean,-0.001940808375365975,48
sign_test_cel1.0,chunk_18,235,GR,3.935799963772297,48
sign_test_cel1.0,chunk_18,235,IPC,6.143178415795167,48
sign_test_cel1.0,chunk_18,235,KR,2.507063386340936,48
sign_test_cel1.0,chunk_18,235,MC,4.104311565558116,48
sign_test_cel1.0,chunk_18,235,cosine_similarity,-1.000000298023224,48
sign_test_cel1.0,chunk_18,235,wt_mean,-0.001940808375365975,48
sign_test_cel1.0,chunk_18,236,GR,3.5060286472241082,48
sign_test_cel1.0,chunk_18,236,IPC,6.082720724244912,48
sign_test_cel1.0,chunk_18,236,KR,2.3407330264647803,48
sign_test_cel1.0,chunk_18,236,MC,3.846097300450007,48
sign_test_cel1.0,chunk_18,236,cosine_similarity,-1.000000298023224,48
sign_test_cel1.0,chunk_18,236,wt_mean,-0.001940808375365975,48
sign_test_cel1.0,chunk_18,237,GR,3.4568528284629187,48
sign_test_cel1.0,chunk_18,237,IPC,5.819783927251895,48
sign_test_cel1.0,chunk_18,237,KR,2.3888160859545073,48
sign_test_cel1.0,chunk_18,237,MC,4.09723528722922,48
sign_test_cel1.0,chunk_18,237,cosine_similarity,-1.000000298023224,48
sign_test_cel1.0,chunk_18,237,wt_mean,-0.001940808375365975,48
sign_test_cel1.0,chunk_19,238,GR,3.5583750183383622,48
sign_test_cel1.0,chunk_19,238,IPC,5.987674430012703,48
sign_test_cel1.0,chunk_19,238,KR,2.3457546159625053,48
sign_test_cel1.0,chunk_19,238,MC,4.003436783949534,48
sign_test_cel1.0,chunk_19,238,cosine_similarity,-1.000000298023224,48
sign_test_cel1.0,chunk_19,238,wt_mean,-0.001940808375365975,48
sign_test_cel1.0,chunk_19,239,GR,3.5874919493993125,48
sign_test_cel1.0,chunk_19,239,IPC,6.163481932133436,48
sign_test_cel1.0,chunk_19,239,KR,2.376945244769255,48
sign_test_cel1.0,chunk_19,239,MC,4.164353837569554,48
sign_test_cel1.0,chunk_19,239,cosine_similarity,-1.000000298023224,48
sign_test_cel1.0,chunk_19,239,wt_mean,-0.001940808375365975,48
sign_test_cel1.0,chunk_19,240,GR,3.540548605223497,48
sign_test_cel1.0,chunk_19,240,IPC,6.014608517289162,48
sign_test_cel1.0,chunk_19,240,KR,2.267975394924482,48
sign_test_cel1.0,chunk_19,240,MC,3.836889257033666,48
sign_test_cel1.0,chunk_19,240,cosine_similarity,-1.000000298023224,48
sign_test_cel1.0,chunk_19,240,wt_mean,-0.001940808375365975,48
sign_test_cel1.0,chunk_19,241,GR,3.9511891876657805,48
sign_test_cel1.0,chunk_19,241,IPC,5.574847257385652,48
sign_test_cel1.0,chunk_19,241,KR,2.591716187695662,48
sign_test_cel1.0,chunk_19,241,MC,4.013155763347943,48
sign_test_cel1.0,chunk_19,241,cosine_similarity,-1.000000298023224,48
sign_test_cel1.0,chunk_19,241,wt_mean,-0.001940808375365975,48
sign_test_cel1.0,chunk_19,242,GR,3.817419193685055,48
sign_test_cel1.0,chunk_19,242,IPC,6.700319519887368,48
sign_test_cel1.0,chunk_19,242,KR,2.4345859438180923,48
sign_test_cel1.0,chunk_19,242,MC,3.969120259086291,48
sign_test_cel1.0,chunk_19,242,cosine_similarity,-1.000000298023224,48
sign_test_cel1.0,chunk_19,242,wt_mean,-0.001940808375365975,48
sign_test_cel1.0,chunk_19,243,GR,3.5889301920930543,48
sign_test_cel1.0,chunk_19,243,IPC,5.780269871155421,48
sign_test_cel1.0,chunk_19,243,KR,2.300438637534777,48
sign_test_cel1.0,chunk_19,243,MC,3.6457060451308885,48
sign_test_cel1.0,chunk_19,243,cosine_similarity,-1.000000298023224,48
sign_test_cel1.0,chunk_19,243,wt_mean,-0.001940808375365975,48
sign_test_cel1.0,chunk_19,244,GR,3.976201275984446,48
sign_test_cel1.0,chunk_19,244,IPC,5.940005128582318,48
sign_test_cel1.0,chunk_19,244,KR,2.6245311001936593,48
sign_test_cel1.0,chunk_19,244,MC,4.253873139619827,48
sign_test_cel1.0,chunk_19,244,cosine_similarity,-1.000000298023224,48
sign_test_cel1.0,chunk_19,244,wt_mean,-0.001940808375365975,48
sign_test_cel1.0,chunk_19,245,GR,3.4644499694307647,48
sign_test_cel1.0,chunk_19,245,IPC,6.360687832037608,48
sign_test_cel1.0,chunk_19,245,KR,2.342043270667394,48
sign_test_cel1.0,chunk_19,245,MC,4.256751015782356,48
sign_test_cel1.0,chunk_19,245,cosine_similarity,-1.000000298023224,48
sign_test_cel1.0,chunk_19,245,wt_mean,-0.001940808375365975,48
sign_test_cel1.0,chunk_19,246,GR,3.806402531762918,48
sign_test_cel1.0,chunk_19,246,IPC,6.035010848194361,48
sign_test_cel1.0,chunk_19,246,KR,2.4947615365187326,48
sign_test_cel1.0,chunk_19,246,MC,4.201845611135165,48
sign_test_cel1.0,chunk_19,246,cosine_similarity,-1.000000298023224,48
sign_test_cel1.0,chunk_19,246,wt_mean,-0.001940808375365975,48
sign_test_cel1.0,chunk_19,247,GR,3.7398143832882247,48
sign_test_cel1.0,chunk_19,247,IPC,6.39652077977856,48
sign_test_cel1.0,chunk_19,247,KR,2.494537688791752,48
sign_test_cel1.0,chunk_19,247,MC,4.398430849115054,48
sign_test_cel1.0,chunk_19,247,cosine_similarity,-1.000000298023224,48
sign_test_cel1.0,chunk_19,247,wt_mean,-0.001940808375365975,48
sign_test_cel1.0,chunk_19,248,GR,3.193656288087368,48
sign_test_cel1.0,chunk_19,248,IPC,6.230153849969308,48
sign_test_cel1.0,chunk_19,248,KR,2.1750158915917077,48
sign_test_cel1.0,chunk_19,248,MC,4.111959400276343,48
sign_test_cel1.0,chunk_19,248,cosine_similarity,-1.000000298023224,48
sign_test_cel1.0,chunk_19,248,wt_mean,-0.001940808375365975,48
sign_test_cel1.0,chunk_19,249,GR,3.3939142475525537,48
sign_test_cel1.0,chunk_19,249,IPC,6.179001498967409,48
sign_test_cel1.0,chunk_19,249,KR,2.2204244136810303,48
sign_test_cel1.0,chunk_19,249,MC,3.808136815826098,48
sign_test_cel1.0,chunk_19,249,cosine_similarity,-1.000000298023224,48
sign_test_cel1.0,chunk_19,249,wt_mean,-0.001940808375365975,48
sign_test_cel1.0,chunk_2,26,GR,4.443770368893941,48
sign_test_cel1.0,chunk_2,26,IPC,5.492235152671735,48
sign_test_cel1.0,chunk_2,26,KR,2.815473295748234,48
sign_test_cel1.0,chunk_2,26,MC,4.224956202010314,48
sign_test_cel1.0,chunk_2,26,cosine_similarity,-1.000000298023224,48
sign_test_cel1.0,chunk_2,26,wt_mean,-0.001940808375365975,48
sign_test_cel1.0,chunk_2,27,GR,3.2366253236929574,48
sign_test_cel1.0,chunk_2,27,IPC,6.123172800987959,48
sign_test_cel1.0,chunk_2,27,KR,2.2467244789004326,48
sign_test_cel1.0,chunk_2,27,MC,4.079349681735039,48
sign_test_cel1.0,chunk_2,27,cosine_similarity,-1.000000298023224,48
sign_test_cel1.0,chunk_2,27,wt_mean,-0.001940808375365975,48
sign_test_cel1.0,chunk_2,28,GR,3.9835154910882316,48
sign_test_cel1.0,chunk_2,28,IPC,5.991295280555884,48
sign_test_cel1.0,chunk_2,28,KR,2.580578284958998,48
sign_test_cel1.0,chunk_2,28,MC,4.1672075887521105,48
sign_test_cel1.0,chunk_2,28,cosine_similarity,-1.000000298023224,48
sign_test_cel1.0,chunk_2,28,wt_mean,-0.001940808375365975,48
sign_test_cel1.0,chunk_2,29,GR,3.5046692018707595,48
sign_test_cel1.0,chunk_2,29,IPC,5.640165855487187,48
sign_test_cel1.0,chunk_2,29,KR,2.285255750020345,48
sign_test_cel1.0,chunk_2,29,MC,3.9453763465086618,48
sign_test_cel1.0,chunk_2,29,cosine_similarity,-1.000000298023224,48
sign_test_cel1.0,chunk_2,29,wt_mean,-0.001940808375365975,48
sign_test_cel1.0,chunk_2,30,GR,3.5789142102003098,48
sign_test_cel1.0,chunk_2,30,IPC,5.845566112548113,48
sign_test_cel1.0,chunk_2,30,KR,2.3370918358365693,48
sign_test_cel1.0,chunk_2,30,MC,3.8652566274007163,48
sign_test_cel1.0,chunk_2,30,cosine_similarity,-1.000000298023224,48
sign_test_cel1.0,chunk_2,30,wt_mean,-0.001940808375365975,48
sign_test_cel1.0,chunk_2,31,GR,3.350278896590074,48
sign_test_cel1.0,chunk_2,31,IPC,5.18920336291194,48
sign_test_cel1.0,chunk_2,31,KR,2.2550761699676514,48
sign_test_cel1.0,chunk_2,31,MC,3.8051147932807603,48
sign_test_cel1.0,chunk_2,31,cosine_similarity,-1.000000298023224,48
sign_test_cel1.0,chunk_2,31,wt_mean,-0.001940808375365975,48
sign_test_cel1.0,chunk_2,32,GR,3.688191555440426,48
sign_test_cel1.0,chunk_2,32,IPC,5.859548764924209,48
sign_test_cel1.0,chunk_2,32,KR,2.4519798209269843,48
sign_test_cel1.0,chunk_2,32,MC,4.3065681258837385,48
sign_test_cel1.0,chunk_2,32,cosine_similarity,-1.000000298023224,48
sign_test_cel1.0,chunk_2,32,wt_mean,-0.001940808375365975,48
sign_test_cel1.0,chunk_2,33,GR,3.614388791223367,48
sign_test_cel1.0,chunk_2,33,IPC,6.270431359608968,48
sign_test_cel1.0,chunk_2,33,KR,2.4972562169035277,48
sign_test_cel1.0,chunk_2,33,MC,4.417419207592805,48
sign_test_cel1.0,chunk_2,33,cosine_similarity,-1.000000298023224,48
sign_test_cel1.0,chunk_2,33,wt_mean,-0.001940808375365975,48
sign_test_cel1.0,chunk_2,34,GR,3.637714092930158,48
sign_test_cel1.0,chunk_2,34,IPC,6.150147921095292,48
sign_test_cel1.0,chunk_2,34,KR,2.374195168415705,48
sign_test_cel1.0,chunk_2,34,MC,4.127574518322945,48
sign_test_cel1.0,chunk_2,34,cosine_similarity,-1.000000298023224,48
sign_test_cel1.0,chunk_2,34,wt_mean,-0.001940808375365975,48
sign_test_cel1.0,chunk_2,35,GR,3.66519753386577,48
sign_test_cel1.0,chunk_2,35,IPC,5.554844205578168,48
sign_test_cel1.0,chunk_2,35,KR,2.366693824529648,48
sign_test_cel1.0,chunk_2,35,MC,3.9631406317154565,48
sign_test_cel1.0,chunk_2,35,cosine_similarity,-1.000000298023224,48
sign_test_cel1.0,chunk_2,35,wt_mean,-0.001940808375365975,48
sign_test_cel1.0,chunk_2,36,GR,3.590561054646969,48
sign_test_cel1.0,chunk_2,36,IPC,6.269172145674626,48
sign_test_cel1.0,chunk_2,36,KR,2.3702805737654367,48
sign_test_cel1.0,chunk_2,36,MC,4.265460630257924,48
sign_test_cel1.0,chunk_2,36,cosine_similarity,-1.000000298023224,48
sign_test_cel1.0,chunk_2,36,wt_mean,-0.001940808375365975,48
sign_test_cel1.0,chunk_2,37,GR,3.6061008498072624,48
sign_test_cel1.0,chunk_2,37,IPC,6.518089172740777,48
sign_test_cel1.0,chunk_2,37,KR,2.3680997838576636,48
sign_test_cel1.0,chunk_2,37,MC,4.411918337146441,48
sign_test_cel1.0,chunk_2,37,cosine_similarity,-1.000000298023224,48
sign_test_cel1.0,chunk_2,37,wt_mean,-0.001940808375365975,48
sign_test_cel1.0,chunk_2,38,GR,3.4806274423996606,48
sign_test_cel1.0,chunk_2,38,IPC,6.0915687556068105,48
sign_test_cel1.0,chunk_2,38,KR,2.2954898377259574,48
sign_test_cel1.0,chunk_2,38,MC,4.179439544677734,48
sign_test_cel1.0,chunk_2,38,cosine_similarity,-1.000000298023224,48
sign_test_cel1.0,chunk_2,38,wt_mean,-0.001940808375365975,48
sign_test_cel1.0,chunk_3,39,GR,3.7303868954380355,48
sign_test_cel1.0,chunk_3,39,IPC,6.490292649716139,48
sign_test_cel1.0,chunk_3,39,KR,2.357939340174198,48
sign_test_cel1.0,chunk_3,39,MC,4.235983669757843,48
sign_test_cel1.0,chunk_3,39,cosine_similarity,-1.000000298023224,48
sign_test_cel1.0,chunk_3,39,wt_mean,-0.001940808375365975,48
sign_test_cel1.0,chunk_3,40,GR,3.791611318786939,48
sign_test_cel1.0,chunk_3,40,IPC,6.315308316300313,48
sign_test_cel1.0,chunk_3,40,KR,2.550979013244311,48
sign_test_cel1.0,chunk_3,40,MC,4.100665335853894,48
sign_test_cel1.0,chunk_3,40,cosine_similarity,-1.000000298023224,48
sign_test_cel1.0,chunk_3,40,wt_mean,-0.001940808375365975,48
sign_test_cel1.0,chunk_3,41,GR,3.9540662989020348,48
sign_test_cel1.0,chunk_3,41,IPC,5.646532728026311,48
sign_test_cel1.0,chunk_3,41,KR,2.4744756321112313,48
sign_test_cel1.0,chunk_3,41,MC,3.7757303019364676,48
sign_test_cel1.0,chunk_3,41,cosine_similarity,-1.000000298023224,48
sign_test_cel1.0,chunk_3,41,wt_mean,-0.001940808375365975,48
sign_test_cel1.0,chunk_3,42,GR,3.6855808968345323,48
sign_test_cel1.0,chunk_3,42,IPC,6.474633260319631,48
sign_test_cel1.0,chunk_3,42,KR,2.4220467507839203,48
sign_test_cel1.0,chunk_3,42,MC,4.153593922654788,48
sign_test_cel1.0,chunk_3,42,cosine_similarity,-1.000000298023224,48
sign_test_cel1.0,chunk_3,42,wt_mean,-0.001940808375365975,48
sign_test_cel1.0,chunk_3,43,GR,4.045333236455917,48
sign_test_cel1.0,chunk_3,43,IPC,6.208618717888991,48
sign_test_cel1.0,chunk_3,43,KR,2.5549411152799926,48
sign_test_cel1.0,chunk_3,43,MC,4.447297732035319,48
sign_test_cel1.0,chunk_3,43,cosine_similarity,-1.000000298023224,48
sign_test_cel1.0,chunk_3,43,wt_mean,-0.001940808375365975,48
sign_test_cel1.0,chunk_3,44,GR,3.328881603976091,48
sign_test_cel1.0,chunk_3,44,IPC,6.1036265430351095,48
sign_test_cel1.0,chunk_3,44,KR,2.242686008413633,48
sign_test_cel1.0,chunk_3,44,MC,4.326082145174344,48
sign_test_cel1.0,chunk_3,44,cosine_similarity,-1.000000298023224,48
sign_test_cel1.0,chunk_3,44,wt_mean,-0.001940808375365975,48
sign_test_cel1.0,chunk_3,45,GR,3.3230158388614655,48
sign_test_cel1.0,chunk_3,45,IPC,6.343943079312642,48
sign_test_cel1.0,chunk_3,45,KR,2.262341978649298,48
sign_test_cel1.0,chunk_3,45,MC,4.156076406439145,48
sign_test_cel1.0,chunk_3,45,cosine_similarity,-1.000000298023224,48
sign_test_cel1.0,chunk_3,45,wt_mean,-0.001940808375365975,48
sign_test_cel1.0,chunk_3,46,GR,3.6829598198334375,48
sign_test_cel1.0,chunk_3,46,IPC,6.137956877549489,48
sign_test_cel1.0,chunk_3,46,KR,2.4841811483105025,48
sign_test_cel1.0,chunk_3,46,MC,4.095749710996945,48
sign_test_cel1.0,chunk_3,46,cosine_similarity,-1.000000298023224,48
sign_test_cel1.0,chunk_3,46,wt_mean,-0.001940808375365975,48
sign_test_cel1.0,chunk_3,47,GR,3.6642186467846236,48
sign_test_cel1.0,chunk_3,47,IPC,6.289724368602037,48
sign_test_cel1.0,chunk_3,47,KR,2.369141288101673,48
sign_test_cel1.0,chunk_3,47,MC,4.237411260604858,48
sign_test_cel1.0,chunk_3,47,cosine_similarity,-1.000000298023224,48
sign_test_cel1.0,chunk_3,47,wt_mean,-0.001940808375365975,48
sign_test_cel1.0,chunk_3,48,GR,4.107005874315898,48
sign_test_cel1.0,chunk_3,48,IPC,5.872288251916568,48
sign_test_cel1.0,chunk_3,48,KR,2.6309192925691605,48
sign_test_cel1.0,chunk_3,48,MC,3.9362018704414368,48
sign_test_cel1.0,chunk_3,48,cosine_similarity,-1.000000298023224,48
sign_test_cel1.0,chunk_3,48,wt_mean,-0.001940808375365975,48
sign_test_cel1.0,chunk_3,49,GR,3.6745686009526253,48
sign_test_cel1.0,chunk_3,49,IPC,5.941462817291419,48
sign_test_cel1.0,chunk_3,49,KR,2.4093179975946746,48
sign_test_cel1.0,chunk_3,49,MC,3.7905528793732324,48
sign_test_cel1.0,chunk_3,49,cosine_similarity,-1.000000298023224,48
sign_test_cel1.0,chunk_3,49,wt_mean,-0.001940808375365975,48
sign_test_cel1.0,chunk_3,50,GR,3.2350208510955176,48
sign_test_cel1.0,chunk_3,50,IPC,6.305436655879021,48
sign_test_cel1.0,chunk_3,50,KR,2.1992162466049194,48
sign_test_cel1.0,chunk_3,50,MC,3.886165643731753,48
sign_test_cel1.0,chunk_3,50,cosine_similarity,-1.000000298023224,48
sign_test_cel1.0,chunk_3,50,wt_mean,-0.001940808375365975,48
sign_test_cel1.0,chunk_3,51,GR,3.6272006829579673,48
sign_test_cel1.0,chunk_3,51,IPC,5.5711863078176975,48
sign_test_cel1.0,chunk_3,51,KR,2.3931255464752517,48
sign_test_cel1.0,chunk_3,51,MC,3.9393906692663827,48
sign_test_cel1.0,chunk_3,51,cosine_similarity,-1.000000298023224,48
sign_test_cel1.0,chunk_3,51,wt_mean,-0.001940808375365975,48
sign_test_cel1.0,chunk_4,52,GR,3.52492876102527,48
sign_test_cel1.0,chunk_4,52,IPC,6.1760605325301485,48
sign_test_cel1.0,chunk_4,52,KR,2.3687769497434297,48
sign_test_cel1.0,chunk_4,52,MC,4.046665214002132,48
sign_test_cel1.0,chunk_4,52,cosine_similarity,-1.000000298023224,48
sign_test_cel1.0,chunk_4,52,wt_mean,-0.001940808375365975,48
sign_test_cel1.0,chunk_4,53,GR,3.935182270904382,48
sign_test_cel1.0,chunk_4,53,IPC,5.948426735897859,48
sign_test_cel1.0,chunk_4,53,KR,2.5068437481919923,48
sign_test_cel1.0,chunk_4,53,MC,3.8225687742233276,48
sign_test_cel1.0,chunk_4,53,cosine_similarity,-1.000000298023224,48
sign_test_cel1.0,chunk_4,53,wt_mean,-0.001940808375365975,48
sign_test_cel1.0,chunk_4,54,GR,3.7019165605306625,48
sign_test_cel1.0,chunk_4,54,IPC,6.19750627502799,48
sign_test_cel1.0,chunk_4,54,KR,2.4202093159159026,48
sign_test_cel1.0,chunk_4,54,MC,4.283766120672226,48
sign_test_cel1.0,chunk_4,54,cosine_similarity,-1.000000298023224,48
sign_test_cel1.0,chunk_4,54,wt_mean,-0.001940808375365975,48
sign_test_cel1.0,chunk_4,55,GR,3.4205468222498894,48
sign_test_cel1.0,chunk_4,55,IPC,6.016004585971435,48
sign_test_cel1.0,chunk_4,55,KR,2.2674344331026077,48
sign_test_cel1.0,chunk_4,55,MC,3.859150506556034,48
sign_test_cel1.0,chunk_4,55,cosine_similarity,-1.000000298023224,48
sign_test_cel1.0,chunk_4,55,wt_mean,-0.001940808375365975,48
sign_test_cel1.0,chunk_4,56,GR,3.2868230616052947,48
sign_test_cel1.0,chunk_4,56,IPC,5.622604198753834,48
sign_test_cel1.0,chunk_4,56,KR,2.2024434904257455,48
sign_test_cel1.0,chunk_4,56,MC,4.045271724462509,48
sign_test_cel1.0,chunk_4,56,cosine_similarity,-1.000000298023224,48
sign_test_cel1.0,chunk_4,56,wt_mean,-0.001940808375365975,48
sign_test_cel1.0,chunk_4,57,GR,3.883400989075502,48
sign_test_cel1.0,chunk_4,57,IPC,5.93803109228611,48
sign_test_cel1.0,chunk_4,57,KR,2.5393908843398094,48
sign_test_cel1.0,chunk_4,57,MC,4.084369542698066,48
sign_test_cel1.0,chunk_4,57,cosine_similarity,-1.000000298023224,48
sign_test_cel1.0,chunk_4,57,wt_mean,-0.001940808375365975,48
sign_test_cel1.0,chunk_4,58,GR,3.41000780214866,48
sign_test_cel1.0,chunk_4,58,IPC,5.7419569827616215,48
sign_test_cel1.0,chunk_4,58,KR,2.2682050118843713,48
sign_test_cel1.0,chunk_4,58,MC,3.7809410244226456,48
sign_test_cel1.0,chunk_4,58,cosine_similarity,-1.000000298023224,48
sign_test_cel1.0,chunk_4,58,wt_mean,-0.001940808375365975,48
sign_test_cel1.0,chunk_4,59,GR,3.684826225042343,48
sign_test_cel1.0,chunk_4,59,IPC,6.6471824285884695,48
sign_test_cel1.0,chunk_4,59,KR,2.3037131105860076,48
sign_test_cel1.0,chunk_4,59,MC,4.360631215075652,48
sign_test_cel1.0,chunk_4,59,cosine_similarity,-1.000000298023224,48
sign_test_cel1.0,chunk_4,59,wt_mean,-0.001940808375365975,48
sign_test_cel1.0,chunk_4,60,GR,3.7895854289333024,48
sign_test_cel1.0,chunk_4,60,IPC,5.859821772823731,48
sign_test_cel1.0,chunk_4,60,KR,2.5355956330895424,48
sign_test_cel1.0,chunk_4,60,MC,4.0395960335930186,48
sign_test_cel1.0,chunk_4,60,cosine_similarity,-1.000000298023224,48
sign_test_cel1.0,chunk_4,60,wt_mean,-0.001940808375365975,48
sign_test_cel1.0,chunk_4,61,GR,4.228935162226359,48
sign_test_cel1.0,chunk_4,61,IPC,5.824654582887888,48
sign_test_cel1.0,chunk_4,61,KR,2.636862007280191,48
sign_test_cel1.0,chunk_4,61,MC,3.859412553409735,48
sign_test_cel1.0,chunk_4,61,cosine_similarity,-1.000000298023224,48
sign_test_cel1.0,chunk_4,61,wt_mean,-0.001940808375365975,48
sign_test_cel1.0,chunk_4,62,GR,3.917450189590454,48
sign_test_cel1.0,chunk_4,62,IPC,6.420789988090594,48
sign_test_cel1.0,chunk_4,62,KR,2.5130072832107544,48
sign_test_cel1.0,chunk_4,62,MC,4.491287648677826,48
sign_test_cel1.0,chunk_4,62,cosine_similarity,-1.000000298023224,48
sign_test_cel1.0,chunk_4,62,wt_mean,-0.001940808375365975,48
sign_test_cel1.0,chunk_4,63,GR,3.310100570321083,48
sign_test_cel1.0,chunk_4,63,IPC,6.242182532946269,48
sign_test_cel1.0,chunk_4,63,KR,2.2342215701937675,48
sign_test_cel1.0,chunk_4,63,MC,3.8514304980635643,48
sign_test_cel1.0,chunk_4,63,cosine_similarity,-1.000000298023224,48
sign_test_cel1.0,chunk_4,63,wt_mean,-0.001940808375365975,48
sign_test_cel1.0,chunk_4,64,GR,3.9264890626072884,48
sign_test_cel1.0,chunk_4,64,IPC,6.047736283391714,48
sign_test_cel1.0,chunk_4,64,KR,2.6370078598459563,48
sign_test_cel1.0,chunk_4,64,MC,4.116047650575638,48
sign_test_cel1.0,chunk_4,64,cosine_similarity,-1.000000298023224,48
sign_test_cel1.0,chunk_4,64,wt_mean,-0.001940808375365975,48
sign_test_cel1.0,chunk_5,65,GR,3.64480023086071,48
sign_test_cel1.0,chunk_5,65,IPC,7.030689209699631,48
sign_test_cel1.0,chunk_5,65,KR,2.3052432164549828,48
sign_test_cel1.0,chunk_5,65,MC,4.49630584816138,48
sign_test_cel1.0,chunk_5,65,cosine_similarity,-1.000000298023224,48
sign_test_cel1.0,chunk_5,65,wt_mean,-0.001940808375365975,48
sign_test_cel1.0,chunk_5,66,GR,3.3173454428712525,48
sign_test_cel1.0,chunk_5,66,IPC,6.478604627152284,48
sign_test_cel1.0,chunk_5,66,KR,2.2274694045384726,48
sign_test_cel1.0,chunk_5,66,MC,4.142996122439702,48
sign_test_cel1.0,chunk_5,66,cosine_similarity,-1.000000298023224,48
sign_test_cel1.0,chunk_5,66,wt_mean,-0.001940808375365975,48
sign_test_cel1.0,chunk_5,67,GR,3.388525446256002,48
sign_test_cel1.0,chunk_5,67,IPC,6.248528157671292,48
sign_test_cel1.0,chunk_5,67,KR,2.260868159433206,48
sign_test_cel1.0,chunk_5,67,MC,4.002233249445756,48
sign_test_cel1.0,chunk_5,67,cosine_similarity,-1.000000298023224,48
sign_test_cel1.0,chunk_5,67,wt_mean,-0.001940808375365975,48
sign_test_cel1.0,chunk_5,68,GR,3.634697106977304,48
sign_test_cel1.0,chunk_5,68,IPC,6.118164319545031,48
sign_test_cel1.0,chunk_5,68,KR,2.372754601140817,48
sign_test_cel1.0,chunk_5,68,MC,4.324450954794884,48
sign_test_cel1.0,chunk_5,68,cosine_similarity,-1.000000298023224,48
sign_test_cel1.0,chunk_5,68,wt_mean,-0.001940808375365975,48
sign_test_cel1.0,chunk_5,69,GR,3.5167768175403276,48
sign_test_cel1.0,chunk_5,69,IPC,5.874051701277494,48
sign_test_cel1.0,chunk_5,69,KR,2.360484699408213,48
sign_test_cel1.0,chunk_5,69,MC,4.135252659519513,48
sign_test_cel1.0,chunk_5,69,cosine_similarity,-1.000000298023224,48
sign_test_cel1.0,chunk_5,69,wt_mean,-0.001940808375365975,48
sign_test_cel1.0,chunk_5,70,GR,3.847233389814695,48
sign_test_cel1.0,chunk_5,70,IPC,6.570910847435395,48
sign_test_cel1.0,chunk_5,70,KR,2.535185116032759,48
sign_test_cel1.0,chunk_5,70,MC,4.199153915047646,48
sign_test_cel1.0,chunk_5,70,cosine_similarity,-1.000000298023224,48
sign_test_cel1.0,chunk_5,70,wt_mean,-0.001940808375365975,48
sign_test_cel1.0,chunk_5,71,GR,3.720238814751307,48
sign_test_cel1.0,chunk_5,71,IPC,6.494578208774328,48
sign_test_cel1.0,chunk_5,71,KR,2.4449906597534814,48
sign_test_cel1.0,chunk_5,71,MC,4.208590646584828,48
sign_test_cel1.0,chunk_5,71,cosine_similarity,-1.000000298023224,48
sign_test_cel1.0,chunk_5,71,wt_mean,-0.001940808375365975,48
sign_test_cel1.0,chunk_5,72,GR,3.8017774323622384,48
sign_test_cel1.0,chunk_5,72,IPC,6.137364937613408,48
sign_test_cel1.0,chunk_5,72,KR,2.5068657621741295,48
sign_test_cel1.0,chunk_5,72,MC,4.213671177625656,48
sign_test_cel1.0,chunk_5,72,cosine_similarity,-1.000000298023224,48
sign_test_cel1.0,chunk_5,72,wt_mean,-0.001940808375365975,48
sign_test_cel1.0,chunk_5,73,GR,3.8134455705682435,48
sign_test_cel1.0,chunk_5,73,IPC,5.728151132663091,48
sign_test_cel1.0,chunk_5,73,KR,2.4524675036470094,48
sign_test_cel1.0,chunk_5,73,MC,3.8696186939875283,48
sign_test_cel1.0,chunk_5,73,cosine_similarity,-1.000000298023224,48
sign_test_cel1.0,chunk_5,73,wt_mean,-0.001940808375365975,48
sign_test_cel1.0,chunk_5,74,GR,3.460023428002993,48
sign_test_cel1.0,chunk_5,74,IPC,6.468708374847968,48
sign_test_cel1.0,chunk_5,74,KR,2.3269939174254737,48
sign_test_cel1.0,chunk_5,74,MC,4.238428761561711,48
sign_test_cel1.0,chunk_5,74,cosine_similarity,-1.000000298023224,48
sign_test_cel1.0,chunk_5,74,wt_mean,-0.001940808375365975,48
sign_test_cel1.0,chunk_5,75,GR,3.5415974160035453,48
sign_test_cel1.0,chunk_5,75,IPC,6.3235990690688295,48
sign_test_cel1.0,chunk_5,75,KR,2.3606294095516205,48
sign_test_cel1.0,chunk_5,75,MC,4.151936769485474,48
sign_test_cel1.0,chunk_5,75,cosine_similarity,-1.000000298023224,48
sign_test_cel1.0,chunk_5,75,wt_mean,-0.001940808375365975,48
sign_test_cel1.0,chunk_5,76,GR,3.5143749887744584,48
sign_test_cel1.0,chunk_5,76,IPC,5.931568942964077,48
sign_test_cel1.0,chunk_5,76,KR,2.299168683588505,48
sign_test_cel1.0,chunk_5,76,MC,4.087237983942032,48
sign_test_cel1.0,chunk_5,76,cosine_similarity,-1.000000298023224,48
sign_test_cel1.0,chunk_5,76,wt_mean,-0.001940808375365975,48
sign_test_cel1.0,chunk_5,77,GR,3.7829644282658896,48
sign_test_cel1.0,chunk_5,77,IPC,6.29578401396672,48
sign_test_cel1.0,chunk_5,77,KR,2.4250144263108573,48
sign_test_cel1.0,chunk_5,77,MC,4.216362863779068,48
sign_test_cel1.0,chunk_5,77,cosine_similarity,-1.000000298023224,48
sign_test_cel1.0,chunk_5,77,wt_mean,-0.001940808375365975,48
sign_test_cel1.0,chunk_6,78,GR,3.6244589214523635,48
sign_test_cel1.0,chunk_6,78,IPC,5.713355578482151,48
sign_test_cel1.0,chunk_6,78,KR,2.3879194582502046,48
sign_test_cel1.0,chunk_6,78,MC,4.086685453852017,48
sign_test_cel1.0,chunk_6,78,cosine_similarity,-1.000000298023224,48
sign_test_cel1.0,chunk_6,78,wt_mean,-0.001940808375365975,48
sign_test_cel1.0,chunk_6,79,GR,3.7690505385398865,48
sign_test_cel1.0,chunk_6,79,IPC,6.357306323945522,48
sign_test_cel1.0,chunk_6,79,KR,2.4544400994976363,48
sign_test_cel1.0,chunk_6,79,MC,4.423129399617513,48
sign_test_cel1.0,chunk_6,79,cosine_similarity,-1.000000298023224,48
sign_test_cel1.0,chunk_6,79,wt_mean,-0.001940808375365975,48
sign_test_cel1.0,chunk_6,80,GR,4.095612188180287,48
sign_test_cel1.0,chunk_6,80,IPC,6.5431098739306135,48
sign_test_cel1.0,chunk_6,80,KR,2.62837324043115,48
sign_test_cel1.0,chunk_6,80,MC,4.339271048704783,48
sign_test_cel1.0,chunk_6,80,cosine_similarity,-1.000000298023224,48
sign_test_cel1.0,chunk_6,80,wt_mean,-0.001940808375365975,48
sign_test_cel1.0,chunk_6,81,GR,3.6442819659908614,48
sign_test_cel1.0,chunk_6,81,IPC,5.858113011966149,48
sign_test_cel1.0,chunk_6,81,KR,2.374673599998156,48
sign_test_cel1.0,chunk_6,81,MC,4.22145580748717,48
sign_test_cel1.0,chunk_6,81,cosine_similarity,-1.000000298023224,48
sign_test_cel1.0,chunk_6,81,wt_mean,-0.001940808375365975,48
sign_test_cel1.0,chunk_6,82,GR,3.4657769898573556,48
sign_test_cel1.0,chunk_6,82,IPC,6.151485839237769,48
sign_test_cel1.0,chunk_6,82,KR,2.312795341014862,48
sign_test_cel1.0,chunk_6,82,MC,4.276379883289337,48
sign_test_cel1.0,chunk_6,82,cosine_similarity,-1.000000298023224,48
sign_test_cel1.0,chunk_6,82,wt_mean,-0.001940808375365975,48
sign_test_cel1.0,chunk_6,83,GR,3.6668086871504784,48
sign_test_cel1.0,chunk_6,83,IPC,6.156279747684796,48
sign_test_cel1.0,chunk_6,83,KR,2.371813103556633,48
sign_test_cel1.0,chunk_6,83,MC,4.013553609450658,48
sign_test_cel1.0,chunk_6,83,cosine_similarity,-1.000000298023224,48
sign_test_cel1.0,chunk_6,83,wt_mean,-0.001940808375365975,48
sign_test_cel1.0,chunk_6,84,GR,3.3992250760396323,48
sign_test_cel1.0,chunk_6,84,IPC,6.071629863232374,48
sign_test_cel1.0,chunk_6,84,KR,2.2336886251966157,48
sign_test_cel1.0,chunk_6,84,MC,3.9056724285085997,48
sign_test_cel1.0,chunk_6,84,cosine_similarity,-1.000000298023224,48
sign_test_cel1.0,chunk_6,84,wt_mean,-0.001940808375365975,48
sign_test_cel1.0,chunk_6,85,GR,3.435118280351162,48
sign_test_cel1.0,chunk_6,85,IPC,6.031258273869753,48
sign_test_cel1.0,chunk_6,85,KR,2.3529610907038054,48
sign_test_cel1.0,chunk_6,85,MC,4.0079363733530045,48
sign_test_cel1.0,chunk_6,85,cosine_similarity,-1.000000298023224,48
sign_test_cel1.0,chunk_6,85,wt_mean,-0.001940808375365975,48
sign_test_cel1.0,chunk_6,86,GR,3.1037611265977225,48
sign_test_cel1.0,chunk_6,86,IPC,6.026669912040234,48
sign_test_cel1.0,chunk_6,86,KR,2.0924626737833023,48
sign_test_cel1.0,chunk_6,86,MC,3.9097576340039573,48
sign_test_cel1.0,chunk_6,86,cosine_similarity,-1.000000298023224,48
sign_test_cel1.0,chunk_6,86,wt_mean,-0.001940808375365975,48
sign_test_cel1.0,chunk_6,87,GR,3.416586088637511,48
sign_test_cel1.0,chunk_6,87,IPC,5.53294812515378,48
sign_test_cel1.0,chunk_6,87,KR,2.226494903365771,48
sign_test_cel1.0,chunk_6,87,MC,3.8311392664909363,48
sign_test_cel1.0,chunk_6,87,cosine_similarity,-1.000000298023224,48
sign_test_cel1.0,chunk_6,87,wt_mean,-0.001940808375365975,48
sign_test_cel1.0,chunk_6,88,GR,3.724752627313137,48
sign_test_cel1.0,chunk_6,88,IPC,5.7801638307670755,48
sign_test_cel1.0,chunk_6,88,KR,2.449368762473265,48
sign_test_cel1.0,chunk_6,88,MC,4.305699358383815,48
sign_test_cel1.0,chunk_6,88,cosine_similarity,-1.000000298023224,48
sign_test_cel1.0,chunk_6,88,wt_mean,-0.001940808375365975,48
sign_test_cel1.0,chunk_6,89,GR,3.631424881517887,48
sign_test_cel1.0,chunk_6,89,IPC,5.978509196390708,48
sign_test_cel1.0,chunk_6,89,KR,2.424080654978752,48
sign_test_cel1.0,chunk_6,89,MC,4.104354426264763,48
sign_test_cel1.0,chunk_6,89,cosine_similarity,-1.000000298023224,48
sign_test_cel1.0,chunk_6,89,wt_mean,-0.001940808375365975,48
sign_test_cel1.0,chunk_6,90,GR,4.176302301386992,48
sign_test_cel1.0,chunk_6,90,IPC,5.972662066419919,48
sign_test_cel1.0,chunk_6,90,KR,2.672591050465902,48
sign_test_cel1.0,chunk_6,90,MC,4.160614902774493,48
sign_test_cel1.0,chunk_6,90,cosine_similarity,-1.000000298023224,48
sign_test_cel1.0,chunk_6,90,wt_mean,-0.001940808375365975,48
sign_test_cel1.0,chunk_7,100,GR,3.8865542858839035,48
sign_test_cel1.0,chunk_7,100,IPC,6.466967680801948,48
sign_test_cel1.0,chunk_7,100,KR,2.541923515498638,48
sign_test_cel1.0,chunk_7,100,MC,4.167654444773992,48
sign_test_cel1.0,chunk_7,100,cosine_similarity,-1.000000298023224,48
sign_test_cel1.0,chunk_7,100,wt_mean,-0.001940808375365975,48
sign_test_cel1.0,chunk_7,101,GR,3.707958328227202,48
sign_test_cel1.0,chunk_7,101,IPC,5.898766004790862,48
sign_test_cel1.0,chunk_7,101,KR,2.4407325560847917,48
sign_test_cel1.0,chunk_7,101,MC,4.141579399506251,48
sign_test_cel1.0,chunk_7,101,cosine_similarity,-1.000000298023224,48
sign_test_cel1.0,chunk_7,101,wt_mean,-0.001940808375365975,48
sign_test_cel1.0,chunk_7,102,GR,3.678277256588141,48
sign_test_cel1.0,chunk_7,102,IPC,6.4260294151802855,48
sign_test_cel1.0,chunk_7,102,KR,2.3114252810676894,48
sign_test_cel1.0,chunk_7,102,MC,4.299131105343501,48
sign_test_cel1.0,chunk_7,102,cosine_similarity,-1.000000298023224,48
sign_test_cel1.0,chunk_7,102,wt_mean,-0.001940808375365975,48
sign_test_cel1.0,chunk_7,103,GR,3.578485687573751,48
sign_test_cel1.0,chunk_7,103,IPC,6.163898843030135,48
sign_test_cel1.0,chunk_7,103,KR,2.3388592451810837,48
sign_test_cel1.0,chunk_7,103,MC,3.9295713156461716,48
sign_test_cel1.0,chunk_7,103,cosine_similarity,-1.000000298023224,48
sign_test_cel1.0,chunk_7,103,wt_mean,-0.001940808375365975,48
sign_test_cel1.0,chunk_7,91,GR,3.679513985912005,48
sign_test_cel1.0,chunk_7,91,IPC,6.343718680242698,48
sign_test_cel1.0,chunk_7,91,KR,2.4495651746789613,48
sign_test_cel1.0,chunk_7,91,MC,4.317424148321152,48
sign_test_cel1.0,chunk_7,91,cosine_similarity,-1.000000298023224,48
sign_test_cel1.0,chunk_7,91,wt_mean,-0.001940808375365975,48
sign_test_cel1.0,chunk_7,92,GR,4.472534408171971,48
sign_test_cel1.0,chunk_7,92,IPC,6.300155133008957,48
sign_test_cel1.0,chunk_7,92,KR,2.8851297547419867,48
sign_test_cel1.0,chunk_7,92,MC,4.219926605621974,48
sign_test_cel1.0,chunk_7,92,cosine_similarity,-1.000000298023224,48
sign_test_cel1.0,chunk_7,92,wt_mean,-0.001940808375365975,48
sign_test_cel1.0,chunk_7,93,GR,4.138007305562496,48
sign_test_cel1.0,chunk_7,93,IPC,6.2713913060724735,48
sign_test_cel1.0,chunk_7,93,KR,2.551419491569201,48
sign_test_cel1.0,chunk_7,93,MC,4.071322456002235,48
sign_test_cel1.0,chunk_7,93,cosine_similarity,-1.000000298023224,48
sign_test_cel1.0,chunk_7,93,wt_mean,-0.001940808375365975,48
sign_test_cel1.0,chunk_7,94,GR,3.5449807345867157,48
sign_test_cel1.0,chunk_7,94,IPC,5.915261924266815,48
sign_test_cel1.0,chunk_7,94,KR,2.3889239678780236,48
sign_test_cel1.0,chunk_7,94,MC,3.9530131767193475,48
sign_test_cel1.0,chunk_7,94,cosine_similarity,-1.000000298023224,48
sign_test_cel1.0,chunk_7,94,wt_mean,-0.001940808375365975,48
sign_test_cel1.0,chunk_7,95,GR,3.7569377000133195,48
sign_test_cel1.0,chunk_7,95,IPC,5.9238620189328985,48
sign_test_cel1.0,chunk_7,95,KR,2.4847140411535897,48
sign_test_cel1.0,chunk_7,95,MC,4.138019502162933,48
sign_test_cel1.0,chunk_7,95,cosine_similarity,-1.000000298023224,48
sign_test_cel1.0,chunk_7,95,wt_mean,-0.001940808375365975,48
sign_test_cel1.0,chunk_7,96,GR,3.1871547798315683,48
sign_test_cel1.0,chunk_7,96,IPC,5.5628157903750735,48
sign_test_cel1.0,chunk_7,96,KR,2.139306530356407,48
sign_test_cel1.0,chunk_7,96,MC,3.7292528823018074,48
sign_test_cel1.0,chunk_7,96,cosine_similarity,-1.000000298023224,48
sign_test_cel1.0,chunk_7,96,wt_mean,-0.001940808375365975,48
sign_test_cel1.0,chunk_7,97,GR,4.121958655615647,48
sign_test_cel1.0,chunk_7,97,IPC,6.242657204469045,48
sign_test_cel1.0,chunk_7,97,KR,2.6838215639193854,48
sign_test_cel1.0,chunk_7,97,MC,4.439409737785657,48
sign_test_cel1.0,chunk_7,97,cosine_similarity,-1.000000298023224,48
sign_test_cel1.0,chunk_7,97,wt_mean,-0.001940808375365975,48
sign_test_cel1.0,chunk_7,98,GR,3.3930183996756873,48
sign_test_cel1.0,chunk_7,98,IPC,6.151506559302409,48
sign_test_cel1.0,chunk_7,98,KR,2.2540913770596185,48
sign_test_cel1.0,chunk_7,98,MC,4.253761236866315,48
sign_test_cel1.0,chunk_7,98,cosine_similarity,-1.000000298023224,48
sign_test_cel1.0,chunk_7,98,wt_mean,-0.001940808375365975,48
sign_test_cel1.0,chunk_7,99,GR,3.777724727988243,48
sign_test_cel1.0,chunk_7,99,IPC,5.822988326350848,48
sign_test_cel1.0,chunk_7,99,KR,2.4783231914043427,48
sign_test_cel1.0,chunk_7,99,MC,4.0035622119903564,48
sign_test_cel1.0,chunk_7,99,cosine_similarity,-1.000000298023224,48
sign_test_cel1.0,chunk_7,99,wt_mean,-0.001940808375365975,48
sign_test_cel1.0,chunk_8,104,GR,3.7542705883582435,48
sign_test_cel1.0,chunk_8,104,IPC,5.464364534864823,48
sign_test_cel1.0,chunk_8,104,KR,2.4860362907250724,48
sign_test_cel1.0,chunk_8,104,MC,3.80066154897213,48
sign_test_cel1.0,chunk_8,104,cosine_similarity,-1.000000298023224,48
sign_test_cel1.0,chunk_8,104,wt_mean,-0.001940808375365975,48
sign_test_cel1.0,chunk_8,105,GR,3.9153058702747026,48
sign_test_cel1.0,chunk_8,105,IPC,6.559606718520324,48
sign_test_cel1.0,chunk_8,105,KR,2.5556702266136804,48
sign_test_cel1.0,chunk_8,105,MC,4.351821591456731,48
sign_test_cel1.0,chunk_8,105,cosine_similarity,-1.000000298023224,48
sign_test_cel1.0,chunk_8,105,wt_mean,-0.001940808375365975,48
sign_test_cel1.0,chunk_8,106,GR,3.364285536110401,48
sign_test_cel1.0,chunk_8,106,IPC,5.869982818762462,48
sign_test_cel1.0,chunk_8,106,KR,2.2322362512350082,48
sign_test_cel1.0,chunk_8,106,MC,3.779456244160732,48
sign_test_cel1.0,chunk_8,106,cosine_similarity,-1.000000298023224,48
sign_test_cel1.0,chunk_8,106,wt_mean,-0.001940808375365975,48
sign_test_cel1.0,chunk_8,107,GR,3.9197059671084085,48
sign_test_cel1.0,chunk_8,107,IPC,5.786861129105091,48
sign_test_cel1.0,chunk_8,107,KR,2.43390283981959,48
sign_test_cel1.0,chunk_8,107,MC,3.915974423289299,48
sign_test_cel1.0,chunk_8,107,cosine_similarity,-1.000000298023224,48
sign_test_cel1.0,chunk_8,107,wt_mean,-0.001940808375365975,48
sign_test_cel1.0,chunk_8,108,GR,3.5816031570235887,48
sign_test_cel1.0,chunk_8,108,IPC,6.52211432531476,48
sign_test_cel1.0,chunk_8,108,KR,2.338877961039543,48
sign_test_cel1.0,chunk_8,108,MC,4.222755561272304,48
sign_test_cel1.0,chunk_8,108,cosine_similarity,-1.000000298023224,48
sign_test_cel1.0,chunk_8,108,wt_mean,-0.001940808375365975,48
sign_test_cel1.0,chunk_8,109,GR,3.488643025358518,48
sign_test_cel1.0,chunk_8,109,IPC,5.712810969601075,48
sign_test_cel1.0,chunk_8,109,KR,2.236074281235536,48
sign_test_cel1.0,chunk_8,109,MC,3.7506740962465606,48
sign_test_cel1.0,chunk_8,109,cosine_similarity,-1.000000298023224,48
sign_test_cel1.0,chunk_8,109,wt_mean,-0.001940808375365975,48
sign_test_cel1.0,chunk_8,110,GR,3.5297183195749917,48
sign_test_cel1.0,chunk_8,110,IPC,6.255951777100563,48
sign_test_cel1.0,chunk_8,110,KR,2.37476959079504,48
sign_test_cel1.0,chunk_8,110,MC,4.421721925338109,48
sign_test_cel1.0,chunk_8,110,cosine_similarity,-1.000000298023224,48
sign_test_cel1.0,chunk_8,110,wt_mean,-0.001940808375365975,48
sign_test_cel1.0,chunk_8,111,GR,3.405081200102965,48
sign_test_cel1.0,chunk_8,111,IPC,6.003483209758997,48
sign_test_cel1.0,chunk_8,111,KR,2.277884545425574,48
sign_test_cel1.0,chunk_8,111,MC,4.071822598576546,48
sign_test_cel1.0,chunk_8,111,cosine_similarity,-1.000000298023224,48
sign_test_cel1.0,chunk_8,111,wt_mean,-0.001940808375365975,48
sign_test_cel1.0,chunk_8,112,GR,3.972446270287037,48
sign_test_cel1.0,chunk_8,112,IPC,5.971485452105601,48
sign_test_cel1.0,chunk_8,112,KR,2.7203127617637315,48
sign_test_cel1.0,chunk_8,112,MC,4.32188680768013,48
sign_test_cel1.0,chunk_8,112,cosine_similarity,-1.000000298023224,48
sign_test_cel1.0,chunk_8,112,wt_mean,-0.001940808375365975,48
sign_test_cel1.0,chunk_8,113,GR,3.504776125152906,48
sign_test_cel1.0,chunk_8,113,IPC,6.041425559669733,48
sign_test_cel1.0,chunk_8,113,KR,2.3045800551772118,48
sign_test_cel1.0,chunk_8,113,MC,3.984927535057068,48
sign_test_cel1.0,chunk_8,113,cosine_similarity,-1.000000298023224,48
sign_test_cel1.0,chunk_8,113,wt_mean,-0.001940808375365975,48
sign_test_cel1.0,chunk_8,114,GR,3.6913549254337945,48
sign_test_cel1.0,chunk_8,114,IPC,6.209425774713357,48
sign_test_cel1.0,chunk_8,114,KR,2.3599879145622253,48
sign_test_cel1.0,chunk_8,114,MC,4.247008323669434,48
sign_test_cel1.0,chunk_8,114,cosine_similarity,-1.000000298023224,48
sign_test_cel1.0,chunk_8,114,wt_mean,-0.001940808375365975,48
sign_test_cel1.0,chunk_8,115,GR,3.6917459840575853,48
sign_test_cel1.0,chunk_8,115,IPC,6.074196275323629,48
sign_test_cel1.0,chunk_8,115,KR,2.370224709312121,48
sign_test_cel1.0,chunk_8,115,MC,4.184531549612681,48
sign_test_cel1.0,chunk_8,115,cosine_similarity,-1.000000298023224,48
sign_test_cel1.0,chunk_8,115,wt_mean,-0.001940808375365975,48
sign_test_cel1.0,chunk_8,116,GR,4.307981925706069,48
sign_test_cel1.0,chunk_8,116,IPC,6.026709487040837,48
sign_test_cel1.0,chunk_8,116,KR,2.7276237482825914,48
sign_test_cel1.0,chunk_8,116,MC,4.0646983459591866,48
sign_test_cel1.0,chunk_8,116,cosine_similarity,-1.000000298023224,48
sign_test_cel1.0,chunk_8,116,wt_mean,-0.001940808375365975,48
sign_test_cel1.0,chunk_9,117,GR,3.744282362361749,48
sign_test_cel1.0,chunk_9,117,IPC,5.636451547344525,48
sign_test_cel1.0,chunk_9,117,KR,2.501176613072554,48
sign_test_cel1.0,chunk_9,117,MC,3.853769918282827,48
sign_test_cel1.0,chunk_9,117,cosine_similarity,-1.000000298023224,48
sign_test_cel1.0,chunk_9,117,wt_mean,-0.001940808375365975,48
sign_test_cel1.0,chunk_9,118,GR,3.884058761099974,48
sign_test_cel1.0,chunk_9,118,IPC,5.705005772411823,48
sign_test_cel1.0,chunk_9,118,KR,2.491333618760109,48
sign_test_cel1.0,chunk_9,118,MC,3.931170014043649,48
sign_test_cel1.0,chunk_9,118,cosine_similarity,-1.000000298023224,48
sign_test_cel1.0,chunk_9,118,wt_mean,-0.001940808375365975,48
sign_test_cel1.0,chunk_9,119,GR,3.5728381474812827,48
sign_test_cel1.0,chunk_9,119,IPC,6.111583152165015,48
sign_test_cel1.0,chunk_9,119,KR,2.3129399617513022,48
sign_test_cel1.0,chunk_9,119,MC,4.167799358566602,48
sign_test_cel1.0,chunk_9,119,cosine_similarity,-1.000000298023224,48
sign_test_cel1.0,chunk_9,119,wt_mean,-0.001940808375365975,48
sign_test_cel1.0,chunk_9,120,GR,3.4279573460419974,48
sign_test_cel1.0,chunk_9,120,IPC,5.968807098766168,48
sign_test_cel1.0,chunk_9,120,KR,2.3765077690283456,48
sign_test_cel1.0,chunk_9,120,MC,4.047581161061923,48
sign_test_cel1.0,chunk_9,120,cosine_similarity,-1.000000298023224,48
sign_test_cel1.0,chunk_9,120,wt_mean,-0.001940808375365975,48
sign_test_cel1.0,chunk_9,121,GR,4.142175123095512,48
sign_test_cel1.0,chunk_9,121,IPC,6.410869184881449,48
sign_test_cel1.0,chunk_9,121,KR,2.681376119454702,48
sign_test_cel1.0,chunk_9,121,MC,4.406394484142463,48
sign_test_cel1.0,chunk_9,121,cosine_similarity,-1.000000298023224,48
sign_test_cel1.0,chunk_9,121,wt_mean,-0.001940808375365975,48
sign_test_cel1.0,chunk_9,122,GR,3.761615971724192,48
sign_test_cel1.0,chunk_9,122,IPC,6.226575594395399,48
sign_test_cel1.0,chunk_9,122,KR,2.43467299391826,48
sign_test_cel1.0,chunk_9,122,MC,3.9153813483814397,48
sign_test_cel1.0,chunk_9,122,cosine_similarity,-1.000000298023224,48
sign_test_cel1.0,chunk_9,122,wt_mean,-0.001940808375365975,48
sign_test_cel1.0,chunk_9,123,GR,4.041889535884063,48
sign_test_cel1.0,chunk_9,123,IPC,5.103844810277224,48
sign_test_cel1.0,chunk_9,123,KR,2.5474886323014894,48
sign_test_cel1.0,chunk_9,123,MC,3.7686769291758537,48
sign_test_cel1.0,chunk_9,123,cosine_similarity,-1.000000298023224,48
sign_test_cel1.0,chunk_9,123,wt_mean,-0.001940808375365975,48
sign_test_cel1.0,chunk_9,124,GR,3.668395755191644,48
sign_test_cel1.0,chunk_9,124,IPC,5.951709883908431,48
sign_test_cel1.0,chunk_9,124,KR,2.4185343210895858,48
sign_test_cel1.0,chunk_9,124,MC,4.039637515942256,48
sign_test_cel1.0,chunk_9,124,cosine_similarity,-1.000000298023224,48
sign_test_cel1.0,chunk_9,124,wt_mean,-0.001940808375365975,48
sign_test_cel1.0,chunk_9,125,GR,3.818206489086151,48
sign_test_cel1.0,chunk_9,125,IPC,6.0105871595442295,48
sign_test_cel1.0,chunk_9,125,KR,2.485590492685636,48
sign_test_cel1.0,chunk_9,125,MC,4.139782061179479,48
sign_test_cel1.0,chunk_9,125,cosine_similarity,-1.000000298023224,48
sign_test_cel1.0,chunk_9,125,wt_mean,-0.001940808375365975,48
sign_test_cel1.0,chunk_9,126,GR,3.915511943399906,48
sign_test_cel1.0,chunk_9,126,IPC,6.028869718313217,48
sign_test_cel1.0,chunk_9,126,KR,2.5413574477036796,48
sign_test_cel1.0,chunk_9,126,MC,4.090865636865298,48
sign_test_cel1.0,chunk_9,126,cosine_similarity,-1.000000298023224,48
sign_test_cel1.0,chunk_9,126,wt_mean,-0.001940808375365975,48
sign_test_cel1.0,chunk_9,127,GR,3.962243544558684,48
sign_test_cel1.0,chunk_9,127,IPC,6.050569987545411,48
sign_test_cel1.0,chunk_9,127,KR,2.5241912255684533,48
sign_test_cel1.0,chunk_9,127,MC,4.243462656935056,48
sign_test_cel1.0,chunk_9,127,cosine_similarity,-1.000000298023224,48
sign_test_cel1.0,chunk_9,127,wt_mean,-0.001940808375365975,48
sign_test_cel1.0,chunk_9,128,GR,3.6121499836444855,48
sign_test_cel1.0,chunk_9,128,IPC,6.1315884081025915,48
sign_test_cel1.0,chunk_9,128,KR,2.3497707694768906,48
sign_test_cel1.0,chunk_9,128,MC,4.194496840238571,48
sign_test_cel1.0,chunk_9,128,cosine_similarity,-1.000000298023224,48
sign_test_cel1.0,chunk_9,128,wt_mean,-0.001940808375365975,48
sign_test_cel1.0,chunk_9,129,GR,3.4935437267025313,48
sign_test_cel1.0,chunk_9,129,IPC,5.4547193087637424,48
sign_test_cel1.0,chunk_9,129,KR,2.2326395586133003,48
sign_test_cel1.0,chunk_9,129,MC,3.7279491424560547,48
sign_test_cel1.0,chunk_9,129,cosine_similarity,-1.000000298023224,48
sign_test_cel1.0,chunk_9,129,wt_mean,-0.001940808375365975,48
