EI_bal,frac_replace,seed_id,rho_target,leak,input_scale,MC,IPC,KR,GR
240,1,0,0.8,0.2,0.5,7.139608860015869,8.88841587305069,2.650517225265503,3.7176263332366943
240,1,0,0.8,0.2,1.0,5.450621604919434,8.312749087810516,2.9576148986816406,4.450733661651611
240,1,0,0.8,0.2,2.0,1.1434296369552612,2.2843345999717712,3.541898250579834,7.185169219970703
240,1,0,0.8,0.5,0.5,6.143708229064941,9.413479030132294,3.6150143146514893,5.233816146850586
240,1,0,0.8,0.5,1.0,2.578763961791992,4.432569682598114,4.196232795715332,7.35404634475708
240,1,0,0.8,0.5,2.0,1.235705852508545,2.031960606575012,4.774722099304199,11.22421646118164
240,1,0,0.8,0.8,0.5,6.537535667419434,9.2431121468544,4.6872029304504395,7.508970260620117
240,1,0,0.8,0.8,1.0,3.371483087539673,5.708566606044769,5.252942085266113,10.472501754760742
240,1,0,0.8,0.8,2.0,2.7665650844573975,3.011406898498535,6.666099548339844,16.88909339904785
240,1,0,1.0,0.2,0.5,6.838157653808594,9.084148645401001,3.825321912765503,5.4963507652282715
240,1,0,1.0,0.2,1.0,4.968228816986084,7.422139942646027,3.963129758834839,6.994732856750488
240,1,0,1.0,0.2,2.0,0.41524821519851685,0.4282054901123047,4.630490779876709,9.621726989746094
240,1,0,1.0,0.5,0.5,5.664058685302734,8.181235194206238,5.109511375427246,8.253506660461426
240,1,0,1.0,0.5,1.0,2.2532167434692383,3.760202646255493,5.979407787322998,11.665582656860352
240,1,0,1.0,0.5,2.0,0.19444751739501953,0.5162262320518494,6.391872406005859,15.345746994018555
240,1,0,1.0,0.8,0.5,7.571017742156982,11.812410354614258,6.265345573425293,10.354438781738281
240,1,0,1.0,0.8,1.0,3.9150967597961426,5.705440998077393,9.121249198913574,19.955717086791992
240,1,0,1.0,0.8,2.0,2.450904369354248,3.668213963508606,10.591849327087402,28.56556510925293
240,1,0,1.2,0.2,0.5,8.543403625488281,9.837796688079834,4.24167013168335,6.262092590332031
240,1,0,1.2,0.2,1.0,3.9547390937805176,6.847039461135864,5.304219722747803,9.598050117492676
240,1,0,1.2,0.2,2.0,0.36987555027008057,0.44440895318984985,5.2389068603515625,10.99936580657959
240,1,0,1.2,0.5,0.5,7.993224620819092,12.411501109600067,6.615224361419678,10.474505424499512
240,1,0,1.2,0.5,1.0,3.946336269378662,6.484334647655487,8.127046585083008,16.910112380981445
240,1,0,1.2,0.5,2.0,0.7853904962539673,0.7735688090324402,8.226577758789062,20.949779510498047
240,1,0,1.2,0.8,0.5,12.070516586303711,17.038513720035553,11.005546569824219,20.287622451782227
240,1,0,1.2,0.8,1.0,7.5225629806518555,11.217327356338501,13.015971183776855,29.148414611816406
240,1,0,1.2,0.8,2.0,5.136957168579102,7.8205230832099915,16.015316009521484,43.61241912841797
240,1,1,0.8,0.2,0.5,5.001496315002441,7.454561471939087,2.6991500854492188,3.6061959266662598
240,1,1,0.8,0.2,1.0,4.53994607925415,5.667183816432953,3.4226694107055664,5.979996681213379
240,1,1,0.8,0.2,2.0,1.999438762664795,2.789839029312134,3.50007700920105,6.987675189971924
240,1,1,0.8,0.5,0.5,6.738570690155029,10.321351289749146,3.4944024085998535,5.064502239227295
240,1,1,0.8,0.5,1.0,1.7422387599945068,3.3072623014450073,3.9813008308410645,7.510140895843506
240,1,1,0.8,0.5,2.0,0.8985881209373474,1.5880388617515564,4.767906188964844,10.765398025512695
240,1,1,0.8,0.8,0.5,4.762631416320801,7.175753533840179,4.788815975189209,7.762496471405029
240,1,1,0.8,0.8,1.0,3.9159910678863525,6.8520514369010925,5.583301544189453,10.979948043823242
240,1,1,0.8,0.8,2.0,2.8355727195739746,3.869483232498169,6.354461193084717,16.029590606689453
240,1,1,1.0,0.2,0.5,6.722408771514893,9.459225594997406,3.5210111141204834,4.712645530700684
240,1,1,1.0,0.2,1.0,4.001572608947754,6.839823782444,3.7374815940856934,6.614233016967773
240,1,1,1.0,0.2,2.0,1.0884329080581665,1.5741000175476074,4.569847106933594,9.824016571044922
240,1,1,1.0,0.5,0.5,8.776288986206055,12.132733583450317,4.365407466888428,6.435159206390381
240,1,1,1.0,0.5,1.0,3.839949369430542,3.819391965866089,5.600292205810547,11.307927131652832
240,1,1,1.0,0.5,2.0,1.1294692754745483,1.8404764533042908,6.62040901184082,16.610700607299805
240,1,1,1.0,0.8,0.5,6.483208179473877,10.133890748023987,6.127354145050049,10.14826488494873
240,1,1,1.0,0.8,1.0,3.10862398147583,5.491406798362732,8.874049186706543,19.33966636657715
240,1,1,1.0,0.8,2.0,3.2761833667755127,3.2681028842926025,8.68981647491455,23.165536880493164
240,1,1,1.2,0.2,0.5,6.483911037445068,11.519096672534943,5.121034145355225,7.283919811248779
240,1,1,1.2,0.2,1.0,4.459170818328857,6.334533393383026,5.310577869415283,9.806412696838379
240,1,1,1.2,0.2,2.0,0.8250732421875,1.3855285048484802,5.571807861328125,12.06512451171875
240,1,1,1.2,0.5,0.5,7.831902980804443,12.528704702854156,7.285521984100342,12.220088005065918
240,1,1,1.2,0.5,1.0,2.9639482498168945,4.68469899892807,8.158254623413086,16.992090225219727
240,1,1,1.2,0.5,2.0,1.5218791961669922,1.8716285824775696,9.157604217529297,23.816883087158203
240,1,1,1.2,0.8,0.5,11.81739616394043,17.27204257249832,10.154494285583496,17.729713439941406
240,1,1,1.2,0.8,1.0,7.688233852386475,12.10304445028305,15.092978477478027,35.59357833862305
240,1,1,1.2,0.8,2.0,4.728724956512451,6.888451397418976,13.435012817382812,35.568241119384766
240,1,2,0.8,0.2,0.5,5.993312358856201,9.838417053222656,2.7274274826049805,3.668179512023926
240,1,2,0.8,0.2,1.0,4.561202049255371,6.91511458158493,3.321760416030884,5.277698993682861
240,1,2,0.8,0.2,2.0,1.349777102470398,2.214304029941559,3.467910051345825,7.008303642272949
240,1,2,0.8,0.5,0.5,7.339637756347656,10.775407016277313,3.3417470455169678,4.775242805480957
240,1,2,0.8,0.5,1.0,3.4677681922912598,5.7108635902404785,4.340969085693359,8.472434997558594
240,1,2,0.8,0.5,2.0,1.3805088996887207,1.536173701286316,4.853452682495117,11.349855422973633
240,1,2,0.8,0.8,0.5,6.694721221923828,10.405204892158508,4.351157188415527,6.506070613861084
240,1,2,0.8,0.8,1.0,5.3569841384887695,6.359462678432465,5.592845439910889,11.69423770904541
240,1,2,0.8,0.8,2.0,3.665034294128418,5.741379976272583,6.111241817474365,14.754095077514648
240,1,2,1.0,0.2,0.5,6.537654399871826,9.7740438580513,3.242561101913452,4.442561149597168
240,1,2,1.0,0.2,1.0,4.526400089263916,6.992546558380127,3.8288373947143555,6.974099159240723
240,1,2,1.0,0.2,2.0,0.5210642218589783,0.6234790682792664,4.141318321228027,9.104591369628906
240,1,2,1.0,0.5,0.5,7.7308831214904785,11.815227568149567,4.564525604248047,7.165121078491211
240,1,2,1.0,0.5,1.0,1.811804175376892,2.567829728126526,5.587802410125732,10.861602783203125
240,1,2,1.0,0.5,2.0,1.277246356010437,1.8694412112236023,6.499540328979492,16.772506713867188
240,1,2,1.0,0.8,0.5,9.124683380126953,13.194950819015503,6.760763645172119,11.644502639770508
240,1,2,1.0,0.8,1.0,4.963731288909912,5.836863994598389,8.154273986816406,18.128801345825195
240,1,2,1.0,0.8,2.0,3.536346912384033,3.7487908601760864,10.14998722076416,27.46290397644043
240,1,2,1.2,0.2,0.5,5.23899507522583,9.245853841304779,3.975520133972168,5.498625755310059
240,1,2,1.2,0.2,1.0,5.092200756072998,7.5275551080703735,5.072460174560547,9.204524993896484
240,1,2,1.2,0.2,2.0,0.8083560466766357,1.1635448336601257,5.998253345489502,13.340621948242188
240,1,2,1.2,0.5,0.5,8.789961814880371,13.54691207408905,7.386125564575195,11.877021789550781
240,1,2,1.2,0.5,1.0,1.2049812078475952,1.8266146183013916,8.494961738586426,18.054718017578125
240,1,2,1.2,0.5,2.0,0.5478528141975403,0.563585102558136,8.198081970214844,21.46344757080078
240,1,2,1.2,0.8,0.5,10.011465072631836,14.703610360622406,8.96756362915039,15.814193725585938
240,1,2,1.2,0.8,1.0,6.356071949005127,10.266094207763672,12.244608879089355,27.690021514892578
240,1,2,1.2,0.8,2.0,4.972198009490967,7.410861849784851,13.493793487548828,37.457950592041016
241,1,0,0.8,0.2,0.5,4.73160457611084,7.302428185939789,2.8160369396209717,3.8184690475463867
241,1,0,0.8,0.2,1.0,3.2277772426605225,5.304899156093597,3.025812864303589,4.834006309509277
241,1,0,0.8,0.2,2.0,1.6577937602996826,2.3100696802139282,3.3204729557037354,6.834017276763916
241,1,0,0.8,0.5,0.5,6.407161235809326,8.438398361206055,3.920349359512329,5.6933722496032715
241,1,0,0.8,0.5,1.0,3.0511746406555176,5.171283960342407,3.9084391593933105,7.161021709442139
241,1,0,0.8,0.5,2.0,1.261904001235962,1.3172078728675842,4.685632705688477,10.779326438903809
241,1,0,0.8,0.8,0.5,7.5283026695251465,11.136439561843872,4.821507930755615,7.566566467285156
241,1,0,0.8,0.8,1.0,4.047290802001953,6.232288718223572,5.824645519256592,12.098974227905273
241,1,0,0.8,0.8,2.0,1.6206049919128418,3.003763735294342,6.176992416381836,16.00481605529785
241,1,0,1.0,0.2,0.5,8.65652847290039,9.616163849830627,4.175461292266846,5.620136737823486
241,1,0,1.0,0.2,1.0,5.175048828125,8.032779693603516,4.258050918579102,7.704223155975342
241,1,0,1.0,0.2,2.0,1.2528855800628662,1.610377550125122,4.396112442016602,9.710160255432129
241,1,0,1.0,0.5,0.5,6.80039119720459,10.060258328914642,4.674252986907959,7.225915431976318
241,1,0,1.0,0.5,1.0,1.8782258033752441,3.0011924505233765,5.9806413650512695,11.80824089050293
241,1,0,1.0,0.5,2.0,1.2776210308074951,1.4644190073013306,6.389441967010498,15.35791301727295
241,1,0,1.0,0.8,0.5,7.475602149963379,10.93205976486206,6.282416343688965,10.289118766784668
241,1,0,1.0,0.8,1.0,4.110949993133545,5.794686198234558,7.832607746124268,17.468690872192383
241,1,0,1.0,0.8,2.0,2.5354881286621094,2.578059732913971,9.237378120422363,24.19341468811035
241,1,0,1.2,0.2,0.5,8.320960998535156,11.259704351425171,4.254000663757324,5.996671676635742
241,1,0,1.2,0.2,1.0,4.418099403381348,7.607292115688324,5.426197528839111,10.1813325881958
241,1,0,1.2,0.2,2.0,0.9049208164215088,0.95140141248703,4.97983980178833,11.190058708190918
241,1,0,1.2,0.5,0.5,7.817805767059326,11.519339501857758,6.0309224128723145,9.153820991516113
241,1,0,1.2,0.5,1.0,4.358913898468018,6.145729243755341,8.413790702819824,18.293262481689453
241,1,0,1.2,0.5,2.0,1.5609674453735352,2.2097966074943542,7.818788051605225,20.115224838256836
241,1,0,1.2,0.8,0.5,12.352163314819336,17.420121788978577,13.28872013092041,23.516481399536133
241,1,0,1.2,0.8,1.0,7.438199996948242,11.622819304466248,14.282428741455078,33.806846618652344
241,1,0,1.2,0.8,2.0,5.149764060974121,5.958268702030182,13.559412956237793,38.65619659423828
241,1,1,0.8,0.2,0.5,6.084747791290283,7.497098207473755,2.612445831298828,3.5222792625427246
241,1,1,0.8,0.2,1.0,4.203733444213867,6.29978221654892,2.866332530975342,4.470710277557373
241,1,1,0.8,0.2,2.0,1.05202317237854,1.6335949897766113,3.4817588329315186,7.361719608306885
241,1,1,0.8,0.5,0.5,5.506495952606201,8.015529990196228,3.381751537322998,4.926003456115723
241,1,1,0.8,0.5,1.0,2.7781386375427246,4.247455835342407,4.214568614959717,7.655793190002441
241,1,1,0.8,0.5,2.0,1.1802055835723877,1.9332846403121948,4.632456302642822,10.300477981567383
241,1,1,0.8,0.8,0.5,7.646310806274414,9.508869230747223,4.712850570678711,7.50285005569458
241,1,1,0.8,0.8,1.0,4.754663467407227,6.880500078201294,6.298142910003662,13.242514610290527
241,1,1,0.8,0.8,2.0,3.4716715812683105,5.6043301820755005,6.636781692504883,16.62439727783203
241,1,1,1.0,0.2,0.5,6.9305620193481445,8.991478681564331,3.4647834300994873,4.977445602416992
241,1,1,1.0,0.2,1.0,3.8535971641540527,6.561267852783203,3.887295961380005,7.242656707763672
241,1,1,1.0,0.2,2.0,1.460249423980713,2.3647316694259644,4.3692145347595215,8.724327087402344
241,1,1,1.0,0.5,0.5,8.387578010559082,12.150026738643646,5.161327838897705,8.065123558044434
241,1,1,1.0,0.5,1.0,2.330035448074341,3.7356830835342407,5.140909671783447,9.979702949523926
241,1,1,1.0,0.5,2.0,0.7310071587562561,0.7320184111595154,6.742669105529785,16.363012313842773
241,1,1,1.0,0.8,0.5,9.038915634155273,13.095924139022827,6.810878753662109,10.922072410583496
241,1,1,1.0,0.8,1.0,3.9881935119628906,6.104851186275482,7.133132457733154,15.553075790405273
241,1,1,1.0,0.8,2.0,3.6978654861450195,4.509845197200775,9.311172485351562,25.005390167236328
241,1,1,1.2,0.2,0.5,7.526233196258545,10.560196280479431,4.844638347625732,7.110843181610107
241,1,1,1.2,0.2,1.0,4.920971870422363,7.672451853752136,5.442163944244385,9.497406959533691
241,1,1,1.2,0.2,2.0,0.47981494665145874,0.5031903386116028,5.500331878662109,12.398316383361816
241,1,1,1.2,0.5,0.5,8.427335739135742,12.884962797164917,6.241335868835449,9.848699569702148
241,1,1,1.2,0.5,1.0,2.332685947418213,4.14696341753006,8.036877632141113,15.638182640075684
241,1,1,1.2,0.5,2.0,1.2180153131484985,1.9196109771728516,8.277976989746094,21.695213317871094
241,1,1,1.2,0.8,0.5,9.31938362121582,12.963689088821411,9.737452507019043,16.873424530029297
241,1,1,1.2,0.8,1.0,7.3904242515563965,10.572961390018463,13.518524169921875,30.958629608154297
241,1,1,1.2,0.8,2.0,5.053768634796143,7.340039253234863,13.648177146911621,38.34841537475586
241,1,2,0.8,0.2,0.5,5.072173118591309,7.901933073997498,2.8270087242126465,3.7378268241882324
241,1,2,0.8,0.2,1.0,4.362581253051758,6.6045708656311035,3.104583978652954,5.27134895324707
241,1,2,0.8,0.2,2.0,1.4864728450775146,2.563464939594269,3.4072842597961426,6.626772403717041
241,1,2,0.8,0.5,0.5,6.15139102935791,10.021450340747833,3.2438697814941406,4.529005527496338
241,1,2,0.8,0.5,1.0,2.367525100708008,3.423123061656952,3.991295099258423,7.498854637145996
241,1,2,0.8,0.5,2.0,2.0041847229003906,2.857555329799652,4.931534290313721,11.453347206115723
241,1,2,0.8,0.8,0.5,7.730273723602295,11.493062138557434,5.3480424880981445,8.822968482971191
241,1,2,0.8,0.8,1.0,4.247720241546631,6.167670369148254,5.5998053550720215,11.788795471191406
241,1,2,0.8,0.8,2.0,3.1552212238311768,4.595016837120056,7.413220405578613,18.985408782958984
241,1,2,1.0,0.2,0.5,4.988332271575928,6.956458032131195,3.5361154079437256,4.860490798950195
241,1,2,1.0,0.2,1.0,5.345712661743164,7.3318005204200745,3.958001136779785,6.803385257720947
241,1,2,1.0,0.2,2.0,1.0955495834350586,1.4941020011901855,4.6653008460998535,9.892448425292969
241,1,2,1.0,0.5,0.5,8.690783500671387,11.814833402633667,5.590373516082764,8.35927677154541
241,1,2,1.0,0.5,1.0,4.194844722747803,5.538773894309998,6.15840482711792,12.164236068725586
241,1,2,1.0,0.5,2.0,1.5814666748046875,2.5662087202072144,6.398197174072266,15.594528198242188
241,1,2,1.0,0.8,0.5,8.294400215148926,12.421204447746277,6.714417457580566,11.580940246582031
241,1,2,1.0,0.8,1.0,3.461341619491577,4.545088410377502,7.9307861328125,16.908714294433594
241,1,2,1.0,0.8,2.0,4.320131301879883,7.074567437171936,12.676508903503418,33.85645294189453
241,1,2,1.2,0.2,0.5,7.059473037719727,9.415058672428131,4.292181015014648,5.987594127655029
241,1,2,1.2,0.2,1.0,4.406285762786865,7.419404923915863,5.838626861572266,10.6670503616333
241,1,2,1.2,0.2,2.0,0.6061580777168274,0.8283438086509705,5.712470531463623,13.442769050598145
241,1,2,1.2,0.5,0.5,8.531779289245605,13.652096927165985,5.9126482009887695,9.631123542785645
241,1,2,1.2,0.5,1.0,3.8383684158325195,5.0042197704315186,7.800369739532471,16.389604568481445
241,1,2,1.2,0.5,2.0,1.0872721672058105,1.3291544914245605,7.458276271820068,19.49410057067871
241,1,2,1.2,0.8,0.5,11.623625755310059,16.53643012046814,14.483102798461914,26.382585525512695
241,1,2,1.2,0.8,1.0,3.948646306991577,6.484894871711731,12.398656845092773,27.462297439575195
241,1,2,1.2,0.8,2.0,5.638830184936523,8.308835804462433,15.54446792602539,43.53190994262695
242,1,0,0.8,0.2,0.5,4.28542423248291,7.556548655033112,2.776848793029785,3.7383742332458496
242,1,0,0.8,0.2,1.0,4.931570529937744,6.739418685436249,3.2960565090179443,5.417633533477783
242,1,0,0.8,0.2,2.0,0.9334481954574585,1.7858679294586182,4.0434980392456055,8.064743041992188
242,1,0,0.8,0.5,0.5,5.256148815155029,7.971518099308014,3.503981590270996,5.268746852874756
242,1,0,0.8,0.5,1.0,3.842590570449829,5.274857401847839,4.23491907119751,7.911811828613281
242,1,0,0.8,0.5,2.0,1.8237890005111694,2.4913834929466248,5.0187506675720215,11.765414237976074
242,1,0,0.8,0.8,0.5,6.534554481506348,8.508915841579437,4.644967555999756,7.3900251388549805
242,1,0,0.8,0.8,1.0,4.7772016525268555,7.799778044223785,5.517177581787109,10.90798282623291
242,1,0,0.8,0.8,2.0,3.548976421356201,4.350339412689209,7.162992000579834,17.83405303955078
242,1,0,1.0,0.2,0.5,5.729925155639648,10.894205927848816,3.622299909591675,5.049215316772461
242,1,0,1.0,0.2,1.0,5.19028377532959,8.542541444301605,3.8255507946014404,6.364832401275635
242,1,0,1.0,0.2,2.0,0.7675239443778992,0.9257100224494934,4.184563159942627,8.730921745300293
242,1,0,1.0,0.5,0.5,8.445186614990234,12.751758813858032,4.947303295135498,7.461910247802734
242,1,0,1.0,0.5,1.0,1.9367759227752686,3.0063069462776184,6.384934425354004,13.289840698242188
242,1,0,1.0,0.5,2.0,1.1490137577056885,1.4925010204315186,5.8967671394348145,13.922624588012695
242,1,0,1.0,0.8,0.5,9.163370132446289,12.877572298049927,7.882082462310791,13.394163131713867
242,1,0,1.0,0.8,1.0,3.8921284675598145,6.300452411174774,9.150785446166992,20.45359992980957
242,1,0,1.0,0.8,2.0,3.055762767791748,5.04445207118988,11.944311141967773,32.414459228515625
242,1,0,1.2,0.2,0.5,6.559882164001465,9.696604609489441,4.802962303161621,7.029378414154053
242,1,0,1.2,0.2,1.0,5.413177490234375,7.985352277755737,4.8589253425598145,8.732259750366211
242,1,0,1.2,0.2,2.0,0.0,0.05237114429473877,5.697486877441406,12.64240550994873
242,1,0,1.2,0.5,0.5,7.308735370635986,12.339155197143555,7.664658546447754,13.121376037597656
242,1,0,1.2,0.5,1.0,4.981320381164551,6.247109293937683,9.102924346923828,18.515445709228516
242,1,0,1.2,0.5,2.0,0.9647481441497803,1.737118899822235,9.361130714416504,23.645475387573242
242,1,0,1.2,0.8,0.5,12.146209716796875,17.305002689361572,10.656057357788086,18.950483322143555
242,1,0,1.2,0.8,1.0,7.515953063964844,12.34438008069992,15.787311553955078,36.64008331298828
242,1,0,1.2,0.8,2.0,5.105401515960693,7.5522449016571045,14.34762191772461,38.30556869506836
242,1,1,0.8,0.2,0.5,6.3657073974609375,7.767247319221497,2.688026189804077,3.518068552017212
242,1,1,0.8,0.2,1.0,5.302138805389404,8.393209874629974,3.102656364440918,4.911344051361084
242,1,1,0.8,0.2,2.0,0.7739075422286987,1.1541555523872375,3.5058226585388184,7.249472141265869
242,1,1,0.8,0.5,0.5,6.17728853225708,9.51527088880539,3.3151257038116455,4.639515399932861
242,1,1,0.8,0.5,1.0,2.55065655708313,3.8862464427948,4.413010120391846,8.501469612121582
242,1,1,0.8,0.5,2.0,0.9065654873847961,1.2382028698921204,4.990779399871826,12.025703430175781
242,1,1,0.8,0.8,0.5,8.024073600769043,11.193945467472076,4.7170538902282715,7.532085418701172
242,1,1,0.8,0.8,1.0,4.0945611000061035,6.231777846813202,5.958556175231934,11.935973167419434
242,1,1,0.8,0.8,2.0,3.8010802268981934,5.23715215921402,6.8004913330078125,17.012910842895508
242,1,1,1.0,0.2,0.5,5.44702672958374,8.759839594364166,3.7137651443481445,5.2249755859375
242,1,1,1.0,0.2,1.0,4.2188520431518555,6.223608613014221,4.190475940704346,7.748558521270752
242,1,1,1.0,0.2,2.0,1.2030894756317139,2.0567699670791626,4.3090667724609375,8.264666557312012
242,1,1,1.0,0.5,0.5,7.309096813201904,11.436715304851532,5.02250862121582,7.651932239532471
242,1,1,1.0,0.5,1.0,3.2770185470581055,4.169644296169281,6.405588150024414,12.624344825744629
242,1,1,1.0,0.5,2.0,1.4742071628570557,1.647026002407074,7.375843048095703,18.436609268188477
242,1,1,1.0,0.8,0.5,8.012750625610352,12.28838300704956,6.087831974029541,9.590770721435547
242,1,1,1.0,0.8,1.0,3.9416284561157227,5.688402891159058,8.79854679107666,20.576162338256836
242,1,1,1.0,0.8,2.0,4.7055983543396,6.6754854917526245,12.055017471313477,33.43354034423828
242,1,1,1.2,0.2,0.5,5.357528209686279,9.319221436977386,5.442409515380859,7.91240930557251
242,1,1,1.2,0.2,1.0,4.04835319519043,6.755559206008911,5.491135120391846,10.094632148742676
242,1,1,1.2,0.2,2.0,0.639323890209198,0.6981813311576843,5.5216779708862305,11.258767127990723
242,1,1,1.2,0.5,0.5,8.983743667602539,13.053430616855621,6.18958854675293,9.757936477661133
242,1,1,1.2,0.5,1.0,2.9528276920318604,4.344678997993469,9.791303634643555,20.664098739624023
242,1,1,1.2,0.5,2.0,1.9062461853027344,2.8173072934150696,9.455220222473145,25.68514633178711
242,1,1,1.2,0.8,0.5,9.467615127563477,13.384462535381317,9.008413314819336,16.081640243530273
242,1,1,1.2,0.8,1.0,6.556400299072266,9.673864960670471,12.567595481872559,29.366348266601562
242,1,1,1.2,0.8,2.0,3.1399664878845215,4.37063455581665,14.120182991027832,39.193145751953125
242,1,2,0.8,0.2,0.5,5.079387664794922,7.9862178564071655,2.6290924549102783,3.602396011352539
242,1,2,0.8,0.2,1.0,4.253208160400391,7.281280159950256,3.036931276321411,4.944529056549072
242,1,2,0.8,0.2,2.0,1.5516481399536133,2.6400794982910156,3.437290906906128,7.2515482902526855
242,1,2,0.8,0.5,0.5,5.991772174835205,9.65447849035263,3.7348408699035645,5.687997817993164
242,1,2,0.8,0.5,1.0,2.5589728355407715,3.0942326188087463,4.284261226654053,7.610247611999512
242,1,2,0.8,0.5,2.0,1.3559386730194092,1.9614487290382385,5.475352764129639,13.225462913513184
242,1,2,0.8,0.8,0.5,6.32990026473999,8.882872462272644,4.887937545776367,8.031194686889648
242,1,2,0.8,0.8,1.0,5.545725345611572,8.352663159370422,6.7678680419921875,14.19421100616455
242,1,2,0.8,0.8,2.0,2.822652578353882,3.826241672039032,7.317452907562256,19.2988224029541
242,1,2,1.0,0.2,0.5,6.893332004547119,10.248091161251068,3.6645405292510986,5.116683006286621
242,1,2,1.0,0.2,1.0,4.347579479217529,6.494664490222931,4.201658725738525,7.560238838195801
242,1,2,1.0,0.2,2.0,0.9022398591041565,1.1582551002502441,4.4838972091674805,9.331406593322754
242,1,2,1.0,0.5,0.5,8.844175338745117,12.532966256141663,5.064995765686035,7.7461042404174805
242,1,2,1.0,0.5,1.0,2.629619598388672,3.762870192527771,6.117867469787598,12.037096977233887
242,1,2,1.0,0.5,2.0,1.205003023147583,1.2610623836517334,6.368788242340088,15.322689056396484
242,1,2,1.0,0.8,0.5,7.864903926849365,12.202086448669434,6.455390453338623,10.950135231018066
242,1,2,1.0,0.8,1.0,6.781711578369141,9.390881597995758,8.615487098693848,18.9133358001709
242,1,2,1.0,0.8,2.0,3.583775043487549,4.906197428703308,11.358997344970703,30.494352340698242
242,1,2,1.2,0.2,0.5,5.196359157562256,7.561562240123749,6.3055524826049805,8.695545196533203
242,1,2,1.2,0.2,1.0,4.486950874328613,8.103700876235962,4.821199893951416,8.467570304870605
242,1,2,1.2,0.2,2.0,0.3911106586456299,0.6442385315895081,5.8341851234436035,12.714595794677734
242,1,2,1.2,0.5,0.5,8.144357681274414,14.056935369968414,6.726516246795654,11.260149955749512
242,1,2,1.2,0.5,1.0,3.6823806762695312,5.5142417550086975,8.839869499206543,18.907045364379883
242,1,2,1.2,0.5,2.0,1.6761283874511719,2.188977539539337,9.286304473876953,24.19797134399414
242,1,2,1.2,0.8,0.5,10.722654342651367,15.789669275283813,11.669219017028809,21.016565322875977
242,1,2,1.2,0.8,1.0,7.715724945068359,12.215073764324188,14.858316421508789,34.45888137817383
242,1,2,1.2,0.8,2.0,4.9306230545043945,6.44279408454895,13.051392555236816,36.75937271118164
243,1,0,0.8,0.2,0.5,5.571432113647461,8.248322129249573,3.1133532524108887,4.312932014465332
243,1,0,0.8,0.2,1.0,3.377101182937622,6.097965657711029,3.7811532020568848,6.317722320556641
243,1,0,0.8,0.2,2.0,1.1844087839126587,1.643365204334259,3.856713056564331,8.066278457641602
243,1,0,0.8,0.5,0.5,6.336893081665039,10.076261818408966,3.5053043365478516,5.1192402839660645
243,1,0,0.8,0.5,1.0,2.389176607131958,3.3222236037254333,5.000197410583496,9.793722152709961
243,1,0,0.8,0.5,2.0,1.2858585119247437,2.2511793971061707,4.332617282867432,9.867354393005371
243,1,0,0.8,0.8,0.5,7.363415241241455,10.470446944236755,5.269179344177246,8.553057670593262
243,1,0,0.8,0.8,1.0,4.831968784332275,6.938981115818024,6.784483909606934,14.34296703338623
243,1,0,0.8,0.8,2.0,2.15391206741333,3.1692013144493103,7.221236228942871,19.28092384338379
243,1,0,1.0,0.2,0.5,5.848933219909668,9.631846725940704,4.792152404785156,6.966495513916016
243,1,0,1.0,0.2,1.0,6.352329254150391,8.843890309333801,4.214901447296143,7.308590412139893
243,1,0,1.0,0.2,2.0,0.5485923290252686,1.122482180595398,4.565277576446533,9.146041870117188
243,1,0,1.0,0.5,0.5,7.9085588455200195,12.66322535276413,5.217910289764404,8.029579162597656
243,1,0,1.0,0.5,1.0,1.9086716175079346,3.3737012147903442,6.935070037841797,14.455198287963867
243,1,0,1.0,0.5,2.0,1.7133102416992188,2.556794226169586,7.049483776092529,17.147075653076172
243,1,0,1.0,0.8,0.5,8.089348793029785,11.897347927093506,8.808881759643555,15.562077522277832
243,1,0,1.0,0.8,1.0,5.6673808097839355,7.303283393383026,10.425236701965332,23.99137306213379
243,1,0,1.0,0.8,2.0,4.712753772735596,6.727955758571625,11.497191429138184,32.347469329833984
243,1,0,1.2,0.2,0.5,4.511115550994873,7.224522650241852,6.407114028930664,9.081008911132812
243,1,0,1.2,0.2,1.0,4.0483598709106445,6.513268768787384,8.159017562866211,14.379096984863281
243,1,0,1.2,0.2,2.0,0.28787630796432495,0.9755399227142334,4.710376739501953,10.907449722290039
243,1,0,1.2,0.5,0.5,6.9235382080078125,10.5822634100914,10.076552391052246,17.576719284057617
243,1,0,1.2,0.5,1.0,3.648677110671997,5.609623908996582,8.763314247131348,17.874589920043945
243,1,0,1.2,0.5,2.0,1.0266218185424805,2.410302519798279,10.246535301208496,26.594135284423828
243,1,0,1.2,0.8,0.5,10.141687393188477,14.467388689517975,17.26219940185547,32.94715881347656
243,1,0,1.2,0.8,1.0,8.143733024597168,12.188425362110138,18.83040428161621,41.772857666015625
243,1,0,1.2,0.8,2.0,5.313587665557861,8.4905326962471,19.312963485717773,53.172977447509766
243,1,1,0.8,0.2,0.5,5.109422206878662,7.358221113681793,2.9254214763641357,3.9104363918304443
243,1,1,0.8,0.2,1.0,3.4170432090759277,6.204031944274902,3.251755952835083,5.314784049987793
243,1,1,0.8,0.2,2.0,1.426248550415039,2.3528114557266235,3.5913147926330566,7.083682537078857
243,1,1,0.8,0.5,0.5,6.703939914703369,10.387038171291351,3.881795644760132,5.746192455291748
243,1,1,0.8,0.5,1.0,1.6023998260498047,2.5801281929016113,4.214043617248535,8.005728721618652
243,1,1,0.8,0.5,2.0,1.6241730451583862,1.8963733315467834,5.287996292114258,12.075660705566406
243,1,1,0.8,0.8,0.5,7.6517791748046875,10.463922560214996,5.668392658233643,9.26844596862793
243,1,1,0.8,0.8,1.0,4.498702526092529,6.235257148742676,6.868955135345459,14.564192771911621
243,1,1,0.8,0.8,2.0,2.516068458557129,3.5279532074928284,7.745401859283447,19.92080307006836
243,1,1,1.0,0.2,0.5,6.931821823120117,8.417476296424866,3.8591771125793457,5.690550327301025
243,1,1,1.0,0.2,1.0,4.034007549285889,8.534644365310669,4.0223565101623535,7.05582857131958
243,1,1,1.0,0.2,2.0,0.996574878692627,1.2170739769935608,4.788604259490967,10.902390480041504
243,1,1,1.0,0.5,0.5,6.830965518951416,10.29576200246811,5.692049026489258,8.960850715637207
243,1,1,1.0,0.5,1.0,1.6891885995864868,2.980081260204315,6.538700103759766,12.830080032348633
243,1,1,1.0,0.5,2.0,1.507055401802063,1.6027873754501343,8.125218391418457,20.61951446533203
243,1,1,1.0,0.8,0.5,10.642705917358398,15.53382271528244,8.050244331359863,13.274496078491211
243,1,1,1.0,0.8,1.0,5.252602577209473,7.556839644908905,7.747162342071533,16.997386932373047
243,1,1,1.0,0.8,2.0,3.6624021530151367,5.8962671756744385,12.48537540435791,34.35349655151367
243,1,1,1.2,0.2,0.5,4.357836723327637,8.701177895069122,7.09072732925415,11.678434371948242
243,1,1,1.2,0.2,1.0,4.399659633636475,6.7826011180877686,6.59485387802124,10.907913208007812
243,1,1,1.2,0.2,2.0,0.9287376403808594,1.6473188400268555,5.112780570983887,11.152971267700195
243,1,1,1.2,0.5,0.5,8.267671585083008,12.250567376613617,8.190817832946777,13.605992317199707
243,1,1,1.2,0.5,1.0,2.1390514373779297,2.627605617046356,9.876656532287598,20.34132957458496
243,1,1,1.2,0.5,2.0,3.0676612854003906,4.7266969084739685,12.375635147094727,33.00796127319336
243,1,1,1.2,0.8,0.5,9.450552940368652,14.700147867202759,12.781025886535645,23.962568283081055
243,1,1,1.2,0.8,1.0,7.808895111083984,11.759503901004791,17.1829776763916,39.59455490112305
243,1,1,1.2,0.8,2.0,5.191354751586914,7.678680837154388,18.131818771362305,50.06009292602539
243,1,2,0.8,0.2,0.5,5.426820755004883,8.108961820602417,3.4139492511749268,4.580908298492432
243,1,2,0.8,0.2,1.0,4.409487724304199,5.988840162754059,3.8638739585876465,6.729502201080322
243,1,2,0.8,0.2,2.0,0.8940120339393616,1.4627394676208496,3.76322865486145,7.597916126251221
243,1,2,0.8,0.5,0.5,6.276041507720947,9.282492458820343,3.8319056034088135,5.739792823791504
243,1,2,0.8,0.5,1.0,2.1201796531677246,2.3963722586631775,5.181333541870117,10.407755851745605
243,1,2,0.8,0.5,2.0,0.8061665892601013,0.9725301265716553,5.258103370666504,12.113469123840332
243,1,2,0.8,0.8,0.5,5.604727745056152,7.669527590274811,5.68979024887085,9.337689399719238
243,1,2,0.8,0.8,1.0,4.781349182128906,5.732557654380798,7.168197154998779,15.566753387451172
243,1,2,0.8,0.8,2.0,2.7958807945251465,3.7256290912628174,8.037758827209473,21.16581153869629
243,1,2,1.0,0.2,0.5,6.498813629150391,8.701126039028168,3.79221773147583,4.975781440734863
243,1,2,1.0,0.2,1.0,4.5131754875183105,7.3707355260849,4.887474536895752,8.777566909790039
243,1,2,1.0,0.2,2.0,0.42016059160232544,0.5870867371559143,5.166055202484131,10.485401153564453
243,1,2,1.0,0.5,0.5,7.717031955718994,12.110467433929443,5.7055983543396,8.85425090789795
243,1,2,1.0,0.5,1.0,3.7027626037597656,5.388282835483551,6.683979511260986,13.252413749694824
243,1,2,1.0,0.5,2.0,0.9863019585609436,1.242644190788269,9.606195449829102,26.659894943237305
243,1,2,1.0,0.8,0.5,5.868447303771973,8.350034177303314,6.243592262268066,10.093295097351074
243,1,2,1.0,0.8,1.0,6.303068161010742,9.371327638626099,11.4022798538208,25.269119262695312
243,1,2,1.0,0.8,2.0,2.0880961418151855,3.482031226158142,8.349784851074219,23.090486526489258
243,1,2,1.2,0.2,0.5,5.77985954284668,7.390360176563263,6.7885026931762695,10.141258239746094
243,1,2,1.2,0.2,1.0,4.201417922973633,7.185808777809143,5.0865325927734375,8.970646858215332
243,1,2,1.2,0.2,2.0,0.5960822701454163,0.581767201423645,6.175623893737793,13.443140983581543
243,1,2,1.2,0.5,0.5,8.993124961853027,12.855204224586487,6.603766441345215,10.346827507019043
243,1,2,1.2,0.5,1.0,2.7734079360961914,4.712372899055481,7.593942165374756,15.922741889953613
243,1,2,1.2,0.5,2.0,1.1629148721694946,1.788575530052185,10.956324577331543,28.868566513061523
243,1,2,1.2,0.8,0.5,10.35174560546875,15.666078448295593,10.799698829650879,18.92403793334961
243,1,2,1.2,0.8,1.0,7.716291427612305,11.846043109893799,16.77570915222168,39.23102569580078
243,1,2,1.2,0.8,2.0,5.543320655822754,8.945886194705963,14.547087669372559,37.49460220336914
244,1,0,0.8,0.2,0.5,5.528470516204834,7.925099790096283,2.6583733558654785,3.5989904403686523
244,1,0,0.8,0.2,1.0,6.209968566894531,8.430854737758636,3.2210590839385986,5.6691999435424805
244,1,0,0.8,0.2,2.0,1.2507798671722412,1.9971142411231995,3.6105916500091553,7.424376010894775
244,1,0,0.8,0.5,0.5,6.473265647888184,9.437885820865631,3.2714319229125977,4.6196370124816895
244,1,0,0.8,0.5,1.0,2.151301860809326,3.2810252904891968,4.050800800323486,7.659137725830078
244,1,0,0.8,0.5,2.0,0.6484478116035461,0.9675285220146179,4.841967582702637,11.054390907287598
244,1,0,0.8,0.8,0.5,6.790918350219727,10.037394165992737,4.54693603515625,7.24431848526001
244,1,0,0.8,0.8,1.0,3.927495002746582,5.608062446117401,5.976489067077637,12.493826866149902
244,1,0,0.8,0.8,2.0,2.956019878387451,4.246542513370514,5.878709316253662,14.812586784362793
244,1,0,1.0,0.2,0.5,5.944386959075928,9.931730091571808,3.500892400741577,4.660123348236084
244,1,0,1.0,0.2,1.0,4.292557239532471,6.26089471578598,4.195308208465576,7.174654960632324
244,1,0,1.0,0.2,2.0,1.3568248748779297,2.3222721219062805,4.348243713378906,8.969911575317383
244,1,0,1.0,0.5,0.5,6.572827339172363,10.094438910484314,4.01678991317749,6.154374122619629
244,1,0,1.0,0.5,1.0,2.3086013793945312,3.017187714576721,5.168553352355957,10.423641204833984
244,1,0,1.0,0.5,2.0,0.9674496650695801,1.591689944267273,6.762592315673828,16.947063446044922
244,1,0,1.0,0.8,0.5,7.947188377380371,10.72424978017807,7.269449234008789,12.386899948120117
244,1,0,1.0,0.8,1.0,5.902459144592285,8.712194442749023,8.868858337402344,19.26372528076172
244,1,0,1.0,0.8,2.0,3.137869358062744,4.4964404702186584,8.640669822692871,23.331806182861328
244,1,0,1.2,0.2,0.5,6.493717670440674,8.677744507789612,5.20375919342041,7.458944797515869
244,1,0,1.2,0.2,1.0,4.512416839599609,7.1400498151779175,5.438736438751221,11.011279106140137
244,1,0,1.2,0.2,2.0,0.6824272274971008,0.903802216053009,5.582492351531982,13.591886520385742
244,1,0,1.2,0.5,0.5,8.916443824768066,13.399594068527222,5.851818561553955,9.200844764709473
244,1,0,1.2,0.5,1.0,1.4606592655181885,2.3796527981758118,7.513640403747559,15.749051094055176
244,1,0,1.2,0.5,2.0,0.3016068935394287,0.5430710315704346,7.845653057098389,20.00383949279785
244,1,0,1.2,0.8,0.5,10.511795043945312,15.341201066970825,13.848427772521973,25.604766845703125
244,1,0,1.2,0.8,1.0,6.8471174240112305,10.3504998087883,11.802407264709473,27.387317657470703
244,1,0,1.2,0.8,2.0,5.697775840759277,8.67379105091095,15.26368522644043,42.75157165527344
244,1,1,0.8,0.2,0.5,5.2305588722229,7.973128437995911,2.7890355587005615,3.847669839859009
244,1,1,0.8,0.2,1.0,3.648035764694214,6.369682312011719,3.0238211154937744,5.09151554107666
244,1,1,0.8,0.2,2.0,0.906489908695221,1.861205279827118,3.396270275115967,7.090178489685059
244,1,1,0.8,0.5,0.5,5.686899185180664,9.098932385444641,3.133115291595459,4.502507209777832
244,1,1,0.8,0.5,1.0,2.7900986671447754,4.411552131175995,4.099585056304932,7.597480773925781
244,1,1,0.8,0.5,2.0,1.0584781169891357,1.2971431016921997,4.625517845153809,10.238627433776855
244,1,1,0.8,0.8,0.5,6.094919204711914,8.944858491420746,4.080729961395264,6.03679895401001
244,1,1,0.8,0.8,1.0,4.864461421966553,6.335002541542053,6.094717502593994,12.274173736572266
244,1,1,0.8,0.8,2.0,1.0096440315246582,1.147197961807251,6.370489120483398,15.713140487670898
244,1,1,1.0,0.2,0.5,6.804725646972656,9.356909394264221,3.576876640319824,4.9651031494140625
244,1,1,1.0,0.2,1.0,4.963508605957031,7.635751128196716,3.7506508827209473,6.4827656745910645
244,1,1,1.0,0.2,2.0,1.4097814559936523,2.2031440138816833,4.157706260681152,8.24084758758545
244,1,1,1.0,0.5,0.5,7.5482096672058105,11.272122740745544,4.451613426208496,6.758115768432617
244,1,1,1.0,0.5,1.0,3.3904025554656982,4.7483726143836975,5.234506607055664,10.002517700195312
244,1,1,1.0,0.5,2.0,0.701284646987915,0.86867755651474,6.126413345336914,15.143428802490234
244,1,1,1.0,0.8,0.5,7.7251996994018555,10.827359735965729,6.862392902374268,11.651501655578613
244,1,1,1.0,0.8,1.0,3.032994270324707,4.009111404418945,9.302465438842773,20.44586753845215
244,1,1,1.0,0.8,2.0,3.527453899383545,3.8631234169006348,9.584437370300293,25.408124923706055
244,1,1,1.2,0.2,0.5,7.257065773010254,9.453293442726135,4.8620924949646,7.030116558074951
244,1,1,1.2,0.2,1.0,5.34632682800293,6.655088126659393,4.914390563964844,8.005828857421875
244,1,1,1.2,0.2,2.0,0.8123571872711182,1.3580325245857239,5.184535503387451,11.497424125671387
244,1,1,1.2,0.5,0.5,8.98123836517334,12.795929610729218,6.625245094299316,10.825883865356445
244,1,1,1.2,0.5,1.0,1.9868578910827637,2.2716636657714844,6.985171318054199,14.80734634399414
244,1,1,1.2,0.5,2.0,2.394697666168213,2.949309825897217,8.49863052368164,21.68692970275879
244,1,1,1.2,0.8,0.5,10.686464309692383,15.80006605386734,11.354626655578613,20.127262115478516
244,1,1,1.2,0.8,1.0,7.252028465270996,11.069985687732697,13.131966590881348,31.418922424316406
244,1,1,1.2,0.8,2.0,5.859072685241699,9.185646116733551,14.64532470703125,39.4969596862793
244,1,2,0.8,0.2,0.5,5.529483795166016,7.295172929763794,2.7593469619750977,3.8485796451568604
244,1,2,0.8,0.2,1.0,4.778467178344727,6.884042203426361,3.0553712844848633,4.835384845733643
244,1,2,0.8,0.2,2.0,1.8952796459197998,2.674323081970215,3.503406047821045,7.4055495262146
244,1,2,0.8,0.5,0.5,5.616534233093262,8.335288166999817,3.0977394580841064,4.351934909820557
244,1,2,0.8,0.5,1.0,3.0930263996124268,4.3111571073532104,4.039402961730957,7.4013895988464355
244,1,2,0.8,0.5,2.0,1.1018075942993164,1.4977512955665588,4.936117172241211,10.839832305908203
244,1,2,0.8,0.8,0.5,5.515338897705078,8.037481248378754,3.7687549591064453,5.4985551834106445
244,1,2,0.8,0.8,1.0,4.537359714508057,6.238426864147186,5.930974960327148,12.334822654724121
244,1,2,0.8,0.8,2.0,2.0723838806152344,3.3224686980247498,6.841727256774902,18.167146682739258
244,1,2,1.0,0.2,0.5,5.656226634979248,8.78096067905426,3.6490318775177,5.223329067230225
244,1,2,1.0,0.2,1.0,4.288207054138184,5.832223176956177,4.34733247756958,7.648355007171631
244,1,2,1.0,0.2,2.0,1.3798563480377197,1.9542537927627563,4.4079790115356445,9.536572456359863
244,1,2,1.0,0.5,0.5,7.683972358703613,12.199323832988739,4.095603942871094,6.1178693771362305
244,1,2,1.0,0.5,1.0,1.4054086208343506,2.6452582478523254,5.4175801277160645,10.633026123046875
244,1,2,1.0,0.5,2.0,0.25475335121154785,0.2528226375579834,5.694679260253906,13.694592475891113
244,1,2,1.0,0.8,0.5,8.291976928710938,10.808500051498413,6.672987461090088,10.828454971313477
244,1,2,1.0,0.8,1.0,4.984098434448242,7.70838725566864,7.999718189239502,17.848905563354492
244,1,2,1.0,0.8,2.0,3.8410394191741943,5.1281561851501465,9.719305038452148,26.127212524414062
244,1,2,1.2,0.2,0.5,6.756910800933838,9.476932287216187,4.619923114776611,6.610171318054199
244,1,2,1.2,0.2,1.0,5.246255397796631,7.031177282333374,4.669923782348633,8.259992599487305
244,1,2,1.2,0.2,2.0,0.4720374345779419,0.7305612564086914,5.0776872634887695,10.834081649780273
244,1,2,1.2,0.5,0.5,8.040361404418945,11.922882556915283,6.768194675445557,11.018301010131836
244,1,2,1.2,0.5,1.0,1.4597265720367432,3.1533644795417786,7.317389965057373,14.13510799407959
244,1,2,1.2,0.5,2.0,1.2982754707336426,1.6993812322616577,8.4893798828125,20.456668853759766
244,1,2,1.2,0.8,0.5,7.464107990264893,11.539448499679565,8.717666625976562,15.58453369140625
244,1,2,1.2,0.8,1.0,6.766385078430176,9.491361498832703,12.793428421020508,29.80940818786621
244,1,2,1.2,0.8,2.0,5.607171058654785,8.554259061813354,14.967592239379883,40.03428268432617
245,1,0,0.8,0.2,0.5,5.512454032897949,7.441769599914551,2.655494213104248,3.6135072708129883
245,1,0,0.8,0.2,1.0,3.8612828254699707,6.44275838136673,3.0479211807250977,4.932969570159912
245,1,0,0.8,0.2,2.0,1.5942332744598389,2.7383625507354736,3.1304922103881836,5.970314979553223
245,1,0,0.8,0.5,0.5,5.712757110595703,9.137556552886963,3.335937261581421,4.918046951293945
245,1,0,0.8,0.5,1.0,2.617659330368042,3.6460713744163513,4.00604772567749,7.410097599029541
245,1,0,0.8,0.5,2.0,1.5643153190612793,2.1655203104019165,4.370949745178223,9.779723167419434
245,1,0,0.8,0.8,0.5,5.911618232727051,9.1009880900383,4.2432332038879395,6.678427219390869
245,1,0,0.8,0.8,1.0,3.164306163787842,5.288507759571075,5.253695011138916,10.43387508392334
245,1,0,0.8,0.8,2.0,1.4221590757369995,2.1084338426589966,6.208197116851807,16.391775131225586
245,1,0,1.0,0.2,0.5,6.027640342712402,9.956904947757721,2.921281576156616,3.896780490875244
245,1,0,1.0,0.2,1.0,4.8287858963012695,7.608710467815399,3.7649335861206055,6.7322492599487305
245,1,0,1.0,0.2,2.0,1.3924455642700195,2.319165885448456,4.079952239990234,8.136100769042969
245,1,0,1.0,0.5,0.5,6.925239562988281,10.177237153053284,3.7321603298187256,5.475042343139648
245,1,0,1.0,0.5,1.0,2.7642199993133545,4.802462637424469,4.462751388549805,8.111278533935547
245,1,0,1.0,0.5,2.0,1.3867783546447754,1.747261106967926,5.738719463348389,13.756166458129883
245,1,0,1.0,0.8,0.5,7.88983154296875,11.185691118240356,7.061647415161133,12.162690162658691
245,1,0,1.0,0.8,1.0,4.101955890655518,6.452753067016602,7.757510662078857,16.560501098632812
245,1,0,1.0,0.8,2.0,2.7435083389282227,3.3301786184310913,10.182311058044434,27.94626808166504
245,1,0,1.2,0.2,0.5,5.673490047454834,8.149344742298126,4.106434345245361,5.98628044128418
245,1,0,1.2,0.2,1.0,4.83234977722168,6.522405683994293,4.777469158172607,8.44751262664795
245,1,0,1.2,0.2,2.0,0.01723712682723999,0.025301754474639893,5.404303550720215,11.253861427307129
245,1,0,1.2,0.5,0.5,7.461665630340576,11.355276644229889,6.024805068969727,9.687950134277344
245,1,0,1.2,0.5,1.0,1.6166634559631348,2.292118549346924,7.3030009269714355,14.554383277893066
245,1,0,1.2,0.5,2.0,1.693849802017212,2.3177014589309692,7.803010940551758,19.443273544311523
245,1,0,1.2,0.8,0.5,8.953973770141602,13.187058448791504,8.9245023727417,15.231704711914062
245,1,0,1.2,0.8,1.0,6.393383026123047,9.86710774898529,11.254802703857422,24.125774383544922
245,1,0,1.2,0.8,2.0,2.702666759490967,3.5720744132995605,11.774958610534668,33.05083084106445
245,1,1,0.8,0.2,0.5,5.623560905456543,8.542270183563232,2.7802464962005615,3.7754721641540527
245,1,1,0.8,0.2,1.0,4.532843112945557,7.100568473339081,3.0372161865234375,5.200859546661377
245,1,1,0.8,0.2,2.0,1.7924855947494507,3.1973705887794495,3.4209067821502686,6.576666355133057
245,1,1,0.8,0.5,0.5,7.218472003936768,10.380874693393707,3.2595040798187256,4.828734874725342
245,1,1,0.8,0.5,1.0,3.432227611541748,5.414414942264557,4.119143962860107,7.651125431060791
245,1,1,0.8,0.5,2.0,1.1597263813018799,1.9148573875427246,4.208623886108398,9.74127197265625
245,1,1,0.8,0.8,0.5,5.611006736755371,8.459025263786316,3.925191640853882,6.259779453277588
245,1,1,0.8,0.8,1.0,5.348137855529785,7.189866662025452,4.464256286621094,8.78464126586914
245,1,1,0.8,0.8,2.0,4.016470909118652,5.82241815328598,5.386632442474365,12.992578506469727
245,1,1,1.0,0.2,0.5,6.247072696685791,8.840912938117981,3.190095901489258,4.376166343688965
245,1,1,1.0,0.2,1.0,5.946390628814697,8.449248969554901,3.7761640548706055,6.450976848602295
245,1,1,1.0,0.2,2.0,1.2875841856002808,1.9261317253112793,4.251870632171631,9.038506507873535
245,1,1,1.0,0.5,0.5,6.378293991088867,10.039195239543915,4.536501884460449,7.217956066131592
245,1,1,1.0,0.5,1.0,3.786402463912964,5.57168447971344,5.238535404205322,10.447649002075195
245,1,1,1.0,0.5,2.0,1.9721002578735352,2.6938998699188232,6.156907558441162,14.503705024719238
245,1,1,1.0,0.8,0.5,5.839175701141357,9.072513580322266,6.048036575317383,10.5316743850708
245,1,1,1.0,0.8,1.0,5.4502458572387695,6.401790916919708,9.465372085571289,21.64615821838379
245,1,1,1.0,0.8,2.0,2.8320937156677246,4.235144913196564,8.063558578491211,21.313318252563477
245,1,1,1.2,0.2,0.5,8.16574478149414,9.095541715621948,4.407005786895752,5.947787761688232
245,1,1,1.2,0.2,1.0,3.9033737182617188,6.721851408481598,4.751949787139893,8.388233184814453
245,1,1,1.2,0.2,2.0,0.6130580306053162,1.3772878050804138,4.834650993347168,10.458364486694336
245,1,1,1.2,0.5,0.5,8.370713233947754,12.203178584575653,6.6322526931762695,10.689220428466797
245,1,1,1.2,0.5,1.0,2.2055892944335938,2.716123640537262,6.7716145515441895,13.755054473876953
245,1,1,1.2,0.5,2.0,1.4141621589660645,1.4945668578147888,7.297346115112305,18.21765899658203
245,1,1,1.2,0.8,0.5,10.464113235473633,15.058354914188385,10.207736015319824,17.51323699951172
245,1,1,1.2,0.8,1.0,5.274646282196045,8.968337953090668,11.477462768554688,24.90801239013672
245,1,1,1.2,0.8,2.0,6.337991714477539,9.387673795223236,13.511457443237305,38.344478607177734
245,1,2,0.8,0.2,0.5,6.077827453613281,8.22743409872055,2.701078176498413,3.621975898742676
245,1,2,0.8,0.2,1.0,4.8665666580200195,7.489615023136139,3.1745457649230957,5.20175313949585
245,1,2,0.8,0.2,2.0,1.5231965780258179,2.794966995716095,3.4460954666137695,6.7996296882629395
245,1,2,0.8,0.5,0.5,5.210034370422363,8.276684641838074,3.1983203887939453,4.568456649780273
245,1,2,0.8,0.5,1.0,1.6928528547286987,3.0018081068992615,3.7720048427581787,7.100654602050781
245,1,2,0.8,0.5,2.0,1.1945149898529053,1.1502783298492432,4.727940082550049,10.592879295349121
245,1,2,0.8,0.8,0.5,4.891113758087158,8.157499551773071,4.398344993591309,6.678499221801758
245,1,2,0.8,0.8,1.0,5.132818222045898,7.117969870567322,4.9274983406066895,9.872161865234375
245,1,2,0.8,0.8,2.0,1.9827758073806763,3.5752803087234497,6.190988540649414,15.739794731140137
245,1,2,1.0,0.2,0.5,4.74507474899292,6.532818078994751,2.9827847480773926,4.205033302307129
245,1,2,1.0,0.2,1.0,3.499661445617676,4.72093278169632,3.88763165473938,7.121404647827148
245,1,2,1.0,0.2,2.0,1.550643801689148,2.7221720218658447,3.942951202392578,8.077460289001465
245,1,2,1.0,0.5,0.5,7.063013076782227,10.167735278606415,4.146629810333252,6.397968769073486
245,1,2,1.0,0.5,1.0,2.4358201026916504,2.717461407184601,4.771813869476318,9.629631042480469
245,1,2,1.0,0.5,2.0,1.5984938144683838,2.244096279144287,5.955661773681641,14.148334503173828
245,1,2,1.0,0.8,0.5,6.8433051109313965,9.96589195728302,5.2332000732421875,8.697325706481934
245,1,2,1.0,0.8,1.0,5.330738067626953,6.564472675323486,7.197699546813965,15.407659530639648
245,1,2,1.0,0.8,2.0,2.2233195304870605,2.2745307087898254,8.447704315185547,22.997127532958984
245,1,2,1.2,0.2,0.5,5.190014362335205,6.540838003158569,4.0052571296691895,5.276806831359863
245,1,2,1.2,0.2,1.0,4.126351356506348,6.483574450016022,4.918356895446777,8.712611198425293
245,1,2,1.2,0.2,2.0,0.9677533507347107,1.3927001357078552,5.022917747497559,10.262829780578613
245,1,2,1.2,0.5,0.5,8.44636058807373,12.944739043712616,5.9739837646484375,9.750432014465332
245,1,2,1.2,0.5,1.0,3.907691717147827,5.023151993751526,7.033328056335449,14.351546287536621
245,1,2,1.2,0.5,2.0,1.9567005634307861,2.865287184715271,7.416112422943115,17.901565551757812
245,1,2,1.2,0.8,0.5,10.023996353149414,15.13198870420456,9.638073921203613,17.076284408569336
245,1,2,1.2,0.8,1.0,5.2908854484558105,7.131350040435791,10.20987319946289,23.081533432006836
245,1,2,1.2,0.8,2.0,3.893502712249756,5.703227639198303,12.221161842346191,33.8843994140625
246,1,0,0.8,0.2,0.5,4.825354099273682,6.394191026687622,2.9454352855682373,4.044111728668213
246,1,0,0.8,0.2,1.0,5.659318923950195,8.702543199062347,3.0534629821777344,4.883155345916748
246,1,0,0.8,0.2,2.0,2.080254077911377,2.8874245285987854,3.394333839416504,6.723829746246338
246,1,0,0.8,0.5,0.5,6.561108589172363,10.047110974788666,3.4679477214813232,4.951874732971191
246,1,0,0.8,0.5,1.0,1.8374606370925903,2.7551276683807373,4.019314765930176,7.697484493255615
246,1,0,0.8,0.5,2.0,1.8439733982086182,2.9040945172309875,4.677122592926025,10.574254989624023
246,1,0,0.8,0.8,0.5,7.485769271850586,11.563710033893585,4.951143264770508,7.815304279327393
246,1,0,0.8,0.8,1.0,4.046408653259277,6.404040157794952,6.172718048095703,12.903179168701172
246,1,0,0.8,0.8,2.0,2.6688222885131836,3.56769597530365,6.736332893371582,17.562179565429688
246,1,0,1.0,0.2,0.5,7.099362850189209,8.707868576049805,3.394130229949951,4.430288314819336
246,1,0,1.0,0.2,1.0,6.803669452667236,8.770745158195496,3.6654486656188965,6.494174957275391
246,1,0,1.0,0.2,2.0,0.8072687983512878,0.9889212250709534,4.353148460388184,9.887796401977539
246,1,0,1.0,0.5,0.5,7.341550827026367,11.611451148986816,4.400386333465576,6.532589435577393
246,1,0,1.0,0.5,1.0,2.9132604598999023,3.5641403198242188,5.260328769683838,10.25383186340332
246,1,0,1.0,0.5,2.0,1.6336255073547363,1.9053927659988403,7.044266223907471,17.686471939086914
246,1,0,1.0,0.8,0.5,8.83595085144043,13.03629982471466,8.028703689575195,14.016716957092285
246,1,0,1.0,0.8,1.0,3.685387134552002,5.003644227981567,9.614909172058105,21.152626037597656
246,1,0,1.0,0.8,2.0,1.9576131105422974,2.0372257232666016,10.678414344787598,29.28860855102539
246,1,0,1.2,0.2,0.5,5.89756965637207,9.203312754631042,4.839505195617676,6.785653114318848
246,1,0,1.2,0.2,1.0,4.6479573249816895,7.167730093002319,5.125384330749512,8.730504989624023
246,1,0,1.2,0.2,2.0,1.0893058776855469,1.5851996541023254,6.042015075683594,13.12033748626709
246,1,0,1.2,0.5,0.5,8.336058616638184,11.22186028957367,6.566405773162842,10.357475280761719
246,1,0,1.2,0.5,1.0,3.3605804443359375,5.013687074184418,9.141444206237793,20.358427047729492
246,1,0,1.2,0.5,2.0,2.070800542831421,2.8441430926322937,9.30529499053955,24.433631896972656
246,1,0,1.2,0.8,0.5,10.748523712158203,15.611737072467804,13.26905345916748,25.594520568847656
246,1,0,1.2,0.8,1.0,7.889370918273926,11.869490087032318,13.996203422546387,31.395275115966797
246,1,0,1.2,0.8,2.0,5.62474250793457,8.499890685081482,16.341453552246094,44.3824462890625
246,1,1,0.8,0.2,0.5,4.958855628967285,8.163875699043274,2.771916627883911,3.746037483215332
246,1,1,0.8,0.2,1.0,3.756044387817383,5.965032160282135,3.177326202392578,5.1729559898376465
246,1,1,0.8,0.2,2.0,1.3730511665344238,2.288131594657898,3.5791897773742676,6.914739608764648
246,1,1,0.8,0.5,0.5,6.889820098876953,9.490903794765472,3.769529342651367,5.498582363128662
246,1,1,0.8,0.5,1.0,2.8712410926818848,2.965802788734436,4.138282299041748,7.725671768188477
246,1,1,0.8,0.5,2.0,1.9510447978973389,2.6184052228927612,4.835525035858154,11.321733474731445
246,1,1,0.8,0.8,0.5,6.318220138549805,9.26892763376236,4.566650390625,7.091433048248291
246,1,1,0.8,0.8,1.0,3.3647422790527344,5.229906499385834,6.0204243659973145,12.373750686645508
246,1,1,0.8,0.8,2.0,2.8103644847869873,3.7013662457466125,5.993385314941406,14.349592208862305
246,1,1,1.0,0.2,0.5,6.658414363861084,9.21963095664978,3.5481269359588623,4.709367752075195
246,1,1,1.0,0.2,1.0,4.785524845123291,6.814033389091492,4.256848335266113,7.210169792175293
246,1,1,1.0,0.2,2.0,1.2649331092834473,1.9285810589790344,4.215631484985352,8.23088264465332
246,1,1,1.0,0.5,0.5,8.273510932922363,12.113731980323792,4.789709568023682,7.627209663391113
246,1,1,1.0,0.5,1.0,2.2291488647460938,2.979390799999237,5.924052715301514,11.658520698547363
246,1,1,1.0,0.5,2.0,1.4234423637390137,1.4741751551628113,6.359248161315918,15.914186477661133
246,1,1,1.0,0.8,0.5,7.781734466552734,11.569299161434174,6.879240036010742,11.448583602905273
246,1,1,1.0,0.8,1.0,5.283407211303711,7.086999714374542,8.422002792358398,18.876745223999023
246,1,1,1.0,0.8,2.0,3.187589168548584,5.37044757604599,11.03974723815918,30.980670928955078
246,1,1,1.2,0.2,0.5,6.786187648773193,10.046637237071991,4.792444705963135,7.044903755187988
246,1,1,1.2,0.2,1.0,4.991934299468994,6.768441319465637,5.3371992111206055,9.147531509399414
246,1,1,1.2,0.2,2.0,0.2947239875793457,0.2865680456161499,5.114690780639648,11.299763679504395
246,1,1,1.2,0.5,0.5,7.475099563598633,11.62978208065033,8.113670349121094,13.588390350341797
246,1,1,1.2,0.5,1.0,2.779025077819824,3.78925222158432,8.992911338806152,19.375179290771484
246,1,1,1.2,0.5,2.0,1.1621369123458862,1.9817352890968323,8.779473304748535,22.454193115234375
246,1,1,1.2,0.8,0.5,9.828579902648926,12.932415246963501,9.353660583496094,15.948193550109863
246,1,1,1.2,0.8,1.0,8.354096412658691,12.656168222427368,13.921950340270996,31.17475128173828
246,1,1,1.2,0.8,2.0,5.3917741775512695,8.486092984676361,13.616668701171875,37.33872985839844
246,1,2,0.8,0.2,0.5,5.509716987609863,7.838714122772217,2.9586753845214844,4.052934646606445
246,1,2,0.8,0.2,1.0,5.733665466308594,8.627472877502441,3.175323486328125,5.000540733337402
246,1,2,0.8,0.2,2.0,1.8897044658660889,3.0386833548545837,3.4248147010803223,6.520592212677002
246,1,2,0.8,0.5,0.5,6.631130218505859,10.360955774784088,3.437957286834717,4.825264930725098
246,1,2,0.8,0.5,1.0,2.5934653282165527,3.9840645790100098,4.659915447235107,8.770591735839844
246,1,2,0.8,0.5,2.0,1.2143274545669556,1.9955624341964722,4.589559555053711,10.68126106262207
246,1,2,0.8,0.8,0.5,6.259701728820801,10.351091861724854,4.702030181884766,7.609177112579346
246,1,2,0.8,0.8,1.0,3.6281471252441406,6.213469564914703,5.467734336853027,11.119231224060059
246,1,2,0.8,0.8,2.0,1.9934924840927124,2.840954899787903,7.856635570526123,20.55348014831543
246,1,2,1.0,0.2,0.5,5.854409217834473,7.895499289035797,3.241499423980713,4.329399585723877
246,1,2,1.0,0.2,1.0,3.529489040374756,6.133766174316406,4.109553813934326,7.736323833465576
246,1,2,1.0,0.2,2.0,0.9341477155685425,1.1628626585006714,4.340835094451904,9.047797203063965
246,1,2,1.0,0.5,0.5,6.213621139526367,10.00833523273468,5.030585289001465,8.193702697753906
246,1,2,1.0,0.5,1.0,3.6230568885803223,4.817631959915161,5.957225799560547,11.805209159851074
246,1,2,1.0,0.5,2.0,0.9573016166687012,1.6449463963508606,6.699098110198975,15.92957592010498
246,1,2,1.0,0.8,0.5,7.257055282592773,10.062459886074066,7.2379150390625,12.636194229125977
246,1,2,1.0,0.8,1.0,4.802036762237549,6.728875458240509,10.1607666015625,23.037879943847656
246,1,2,1.0,0.8,2.0,2.79050874710083,3.5283989310264587,9.835880279541016,27.760169982910156
246,1,2,1.2,0.2,0.5,6.827519416809082,9.677039802074432,5.836522579193115,7.141543865203857
246,1,2,1.2,0.2,1.0,3.28969407081604,4.939108908176422,5.367642402648926,9.496438026428223
246,1,2,1.2,0.2,2.0,1.4037774801254272,2.6364572644233704,5.946903705596924,13.683046340942383
246,1,2,1.2,0.5,0.5,9.740325927734375,13.379999041557312,6.829078674316406,11.259618759155273
246,1,2,1.2,0.5,1.0,3.6550304889678955,5.487589359283447,8.574044227600098,17.890613555908203
246,1,2,1.2,0.5,2.0,0.9329468607902527,1.4684965014457703,8.191329002380371,21.3182430267334
246,1,2,1.2,0.8,0.5,10.237977981567383,15.418888509273529,12.748404502868652,23.715574264526367
246,1,2,1.2,0.8,1.0,7.100961685180664,11.333507716655731,13.30031967163086,31.646038055419922
246,1,2,1.2,0.8,2.0,4.909176826477051,7.538859486579895,13.830227851867676,37.732696533203125
247,1,0,0.8,0.2,0.5,4.336311340332031,7.528859555721283,2.7666492462158203,3.644073009490967
247,1,0,0.8,0.2,1.0,4.522526264190674,6.257891595363617,3.095092296600342,4.947611331939697
247,1,0,0.8,0.2,2.0,1.0990166664123535,2.02156138420105,3.476793050765991,6.955535411834717
247,1,0,0.8,0.5,0.5,3.8138842582702637,6.406214535236359,3.3244969844818115,4.817799091339111
247,1,0,0.8,0.5,1.0,2.049649477005005,3.170380115509033,3.614069938659668,6.334033012390137
247,1,0,0.8,0.5,2.0,1.2589186429977417,1.947947382926941,4.489606857299805,10.57188606262207
247,1,0,0.8,0.8,0.5,6.469534873962402,9.740206837654114,4.66261625289917,7.124965190887451
247,1,0,0.8,0.8,1.0,3.893587827682495,7.1492860317230225,6.38138484954834,12.997845649719238
247,1,0,0.8,0.8,2.0,3.4808225631713867,5.197117805480957,6.158497333526611,14.843194961547852
247,1,0,1.0,0.2,0.5,6.573276042938232,10.260268449783325,3.2657322883605957,4.571858882904053
247,1,0,1.0,0.2,1.0,4.20975923538208,8.121320486068726,4.173328876495361,7.541469573974609
247,1,0,1.0,0.2,2.0,0.6841789484024048,1.1736648678779602,4.3906660079956055,9.061751365661621
247,1,0,1.0,0.5,0.5,8.164633750915527,12.091617345809937,4.059045314788818,5.8966450691223145
247,1,0,1.0,0.5,1.0,3.8729023933410645,5.743041574954987,5.7928786277771,11.587493896484375
247,1,0,1.0,0.5,2.0,0.8584080338478088,1.1656191945075989,5.7887773513793945,14.493476867675781
247,1,0,1.0,0.8,0.5,7.98398494720459,12.404821217060089,6.734708309173584,11.045679092407227
247,1,0,1.0,0.8,1.0,3.200446128845215,5.517729163169861,8.681061744689941,19.51385498046875
247,1,0,1.0,0.8,2.0,2.683521270751953,3.5911418795585632,9.531167030334473,25.42363929748535
247,1,0,1.2,0.2,0.5,4.697214603424072,6.731696844100952,5.045964241027832,6.850386619567871
247,1,0,1.2,0.2,1.0,5.138405799865723,6.957665979862213,5.491509437561035,9.554603576660156
247,1,0,1.2,0.2,2.0,1.1134288311004639,1.9450645446777344,5.617271423339844,12.189595222473145
247,1,0,1.2,0.5,0.5,7.5331597328186035,11.914335310459137,6.611550331115723,10.50369644165039
247,1,0,1.2,0.5,1.0,3.13763427734375,4.857755064964294,7.245493412017822,14.872458457946777
247,1,0,1.2,0.5,2.0,0.14337223768234253,0.2265535593032837,7.644957065582275,20.456829071044922
247,1,0,1.2,0.8,0.5,10.443556785583496,16.11515247821808,14.378918647766113,25.537418365478516
247,1,0,1.2,0.8,1.0,8.182121276855469,12.40083795785904,14.215523719787598,32.15353775024414
247,1,0,1.2,0.8,2.0,3.635368824005127,6.152272403240204,13.086833953857422,37.583709716796875
247,1,1,0.8,0.2,0.5,8.567779541015625,10.693530023097992,2.7351975440979004,3.614534616470337
247,1,1,0.8,0.2,1.0,4.199891090393066,7.185495138168335,3.114046096801758,5.05560827255249
247,1,1,0.8,0.2,2.0,1.6278274059295654,2.300720512866974,3.814026117324829,7.5363359451293945
247,1,1,0.8,0.5,0.5,5.685024261474609,8.325875759124756,3.240994930267334,4.68697452545166
247,1,1,0.8,0.5,1.0,2.0664751529693604,3.454828977584839,4.399200439453125,8.391162872314453
247,1,1,0.8,0.5,2.0,0.7110844850540161,0.7586493492126465,4.806851387023926,10.983302116394043
247,1,1,0.8,0.8,0.5,7.3887858390808105,9.648590087890625,4.868852138519287,8.02049446105957
247,1,1,0.8,0.8,1.0,3.9724416732788086,6.2459747195243835,6.276827812194824,12.778810501098633
247,1,1,0.8,0.8,2.0,2.812058448791504,3.349622905254364,5.812010765075684,14.91052532196045
247,1,1,1.0,0.2,0.5,6.013491630554199,8.285176396369934,2.7803797721862793,3.6068737506866455
247,1,1,1.0,0.2,1.0,4.005868911743164,7.209962844848633,3.8598923683166504,6.566720962524414
247,1,1,1.0,0.2,2.0,0.46125632524490356,0.611607551574707,4.228565692901611,9.339639663696289
247,1,1,1.0,0.5,0.5,8.215997695922852,12.486889004707336,4.646787643432617,6.917282581329346
247,1,1,1.0,0.5,1.0,2.7404839992523193,4.585142076015472,5.975529193878174,12.040247917175293
247,1,1,1.0,0.5,2.0,0.9583604335784912,1.0175727605819702,5.824460506439209,14.290905952453613
247,1,1,1.0,0.8,0.5,7.011760234832764,9.890669882297516,6.298598766326904,10.789554595947266
247,1,1,1.0,0.8,1.0,5.173958778381348,7.338384032249451,8.746110916137695,19.587839126586914
247,1,1,1.0,0.8,2.0,2.048246145248413,2.050461173057556,9.212089538574219,25.24420166015625
247,1,1,1.2,0.2,0.5,5.085879325866699,9.522331833839417,5.793611526489258,8.120229721069336
247,1,1,1.2,0.2,1.0,4.974530220031738,8.114149868488312,5.3266706466674805,8.841792106628418
247,1,1,1.2,0.2,2.0,0.1811235547065735,0.6920467615127563,4.94781494140625,11.14197826385498
247,1,1,1.2,0.5,0.5,7.708413124084473,13.221755623817444,6.906842231750488,11.358474731445312
247,1,1,1.2,0.5,1.0,3.059852123260498,3.2130290269851685,8.233635902404785,16.231199264526367
247,1,1,1.2,0.5,2.0,1.5620505809783936,2.6026947498321533,9.698888778686523,24.651155471801758
247,1,1,1.2,0.8,0.5,10.030462265014648,15.244726777076721,11.831768989562988,20.385791778564453
247,1,1,1.2,0.8,1.0,3.9447312355041504,5.839797854423523,11.659502029418945,26.393266677856445
247,1,1,1.2,0.8,2.0,7.097462177276611,10.350077748298645,20.356340408325195,52.395503997802734
247,1,2,0.8,0.2,0.5,5.081657409667969,7.886395990848541,2.6118228435516357,3.2625961303710938
247,1,2,0.8,0.2,1.0,2.805940628051758,4.2928988337516785,3.1384143829345703,5.510725975036621
247,1,2,0.8,0.2,2.0,1.784665584564209,2.9943639039993286,3.300842523574829,6.838906288146973
247,1,2,0.8,0.5,0.5,5.766025066375732,8.207479238510132,3.354205369949341,4.881918907165527
247,1,2,0.8,0.5,1.0,3.685859441757202,5.148790001869202,4.208037853240967,7.9899187088012695
247,1,2,0.8,0.5,2.0,1.3576149940490723,2.4480342268943787,5.476789951324463,12.831971168518066
247,1,2,0.8,0.8,0.5,6.405918121337891,9.409364461898804,4.763087272644043,7.3938212394714355
247,1,2,0.8,0.8,1.0,4.356234550476074,6.270135402679443,5.941159725189209,12.156929969787598
247,1,2,0.8,0.8,2.0,2.5121123790740967,3.4496707916259766,7.215732574462891,18.880104064941406
247,1,2,1.0,0.2,0.5,7.753647804260254,9.743127048015594,3.4966681003570557,4.637933254241943
247,1,2,1.0,0.2,1.0,4.059629917144775,8.18836635351181,4.069533824920654,7.206851959228516
247,1,2,1.0,0.2,2.0,0.9532861113548279,1.4469373226165771,4.503500938415527,9.390125274658203
247,1,2,1.0,0.5,0.5,6.189396381378174,9.705982387065887,3.9326488971710205,5.956422328948975
247,1,2,1.0,0.5,1.0,2.4237940311431885,3.773594379425049,5.895147800445557,13.010315895080566
247,1,2,1.0,0.5,2.0,2.032050371170044,3.215045154094696,7.428636074066162,17.45867919921875
247,1,2,1.0,0.8,0.5,8.65755558013916,12.639591336250305,7.103724479675293,11.32213020324707
247,1,2,1.0,0.8,1.0,4.363542556762695,6.849748909473419,8.514835357666016,19.011632919311523
247,1,2,1.0,0.8,2.0,3.6594247817993164,5.011511921882629,11.802642822265625,31.91367530822754
247,1,2,1.2,0.2,0.5,6.294964790344238,8.995410978794098,4.699916839599609,6.565567970275879
247,1,2,1.2,0.2,1.0,3.8603086471557617,6.804884910583496,6.383431911468506,6.789316177368164
247,1,2,1.2,0.2,2.0,0.43249982595443726,0.4605764150619507,5.812158584594727,11.608417510986328
247,1,2,1.2,0.5,0.5,8.236673355102539,12.842561304569244,7.183959484100342,6.388721466064453
247,1,2,1.2,0.5,1.0,3.1507561206817627,4.927532613277435,8.95373249053955,18.340662002563477
247,1,2,1.2,0.5,2.0,1.067594051361084,1.8109824657440186,9.937373161315918,25.77545738220215
247,1,2,1.2,0.8,0.5,10.259678840637207,15.153847396373749,13.203328132629395,23.5352840423584
247,1,2,1.2,0.8,1.0,7.282637119293213,10.587767660617828,11.52624797821045,24.990501403808594
247,1,2,1.2,0.8,2.0,5.186762809753418,8.257565319538116,14.384881973266602,39.572139739990234
248,1,0,0.8,0.2,0.5,5.913654327392578,6.992682874202728,2.643730878829956,3.3841354846954346
248,1,0,0.8,0.2,1.0,3.7209200859069824,6.932582080364227,3.1926066875457764,5.278775215148926
248,1,0,0.8,0.2,2.0,1.1090478897094727,1.7790760397911072,3.483466863632202,7.426468372344971
248,1,0,0.8,0.5,0.5,5.570947647094727,8.437827944755554,3.4859514236450195,5.3732171058654785
248,1,0,0.8,0.5,1.0,2.476284980773926,3.7789539098739624,4.497260570526123,8.827625274658203
248,1,0,0.8,0.5,2.0,0.8687725067138672,1.5166688561439514,4.598666191101074,10.494609832763672
248,1,0,0.8,0.8,0.5,7.134698867797852,10.550848543643951,4.56602144241333,7.217165470123291
248,1,0,0.8,0.8,1.0,3.075202703475952,4.81415194272995,5.421067714691162,11.036283493041992
248,1,0,0.8,0.8,2.0,3.093839645385742,3.741672396659851,6.306416988372803,16.328125
248,1,0,1.0,0.2,0.5,6.420863151550293,10.602681040763855,3.2714285850524902,4.4195404052734375
248,1,0,1.0,0.2,1.0,5.034150123596191,7.972704529762268,3.8474395275115967,6.609102725982666
248,1,0,1.0,0.2,2.0,1.0584642887115479,1.6037681698799133,4.7580180168151855,9.891044616699219
248,1,0,1.0,0.5,0.5,7.426575660705566,11.927851140499115,4.666778564453125,7.256856441497803
248,1,0,1.0,0.5,1.0,1.3324296474456787,1.5420112609863281,5.3430562019348145,10.743562698364258
248,1,0,1.0,0.5,2.0,0.38930273056030273,0.6710460782051086,6.132083892822266,14.79343318939209
248,1,0,1.0,0.8,0.5,7.895209312438965,11.709632694721222,7.2226433753967285,13.233064651489258
248,1,0,1.0,0.8,1.0,4.915250301361084,8.146017074584961,9.152875900268555,20.53240394592285
248,1,0,1.0,0.8,2.0,2.741668224334717,4.173862516880035,9.530062675476074,25.50442123413086
248,1,0,1.2,0.2,0.5,6.368590831756592,8.448686957359314,4.2106428146362305,6.165255546569824
248,1,0,1.2,0.2,1.0,4.538067817687988,7.077448844909668,5.488507270812988,9.469450950622559
248,1,0,1.2,0.2,2.0,0.4624541997909546,0.8762173056602478,5.679352283477783,12.89842700958252
248,1,0,1.2,0.5,0.5,8.288274765014648,11.887392282485962,5.72487735748291,8.840147972106934
248,1,0,1.2,0.5,1.0,2.813109874725342,3.468000113964081,6.543600082397461,13.136744499206543
248,1,0,1.2,0.5,2.0,1.0061454772949219,1.18888920545578,8.029813766479492,20.368467330932617
248,1,0,1.2,0.8,0.5,9.493983268737793,13.587370574474335,9.272125244140625,16.83917236328125
248,1,0,1.2,0.8,1.0,7.555370330810547,11.611240267753601,11.874213218688965,27.49555778503418
248,1,0,1.2,0.8,2.0,4.437705039978027,7.115841269493103,12.786646842956543,36.626338958740234
248,1,1,0.8,0.2,0.5,4.463775634765625,6.765885174274445,2.8328278064727783,3.8720407485961914
248,1,1,0.8,0.2,1.0,3.877983331680298,6.013858914375305,3.1585593223571777,5.684519290924072
248,1,1,0.8,0.2,2.0,0.6157380938529968,0.9622592926025391,3.483560562133789,6.409738063812256
248,1,1,0.8,0.5,0.5,6.377964973449707,8.861454486846924,3.357976198196411,4.883843421936035
248,1,1,0.8,0.5,1.0,1.4998788833618164,2.718923330307007,4.144532680511475,7.7121710777282715
248,1,1,0.8,0.5,2.0,1.992220163345337,3.5686761140823364,4.465531349182129,10.424217224121094
248,1,1,0.8,0.8,0.5,4.930490493774414,6.367068350315094,4.55454683303833,7.090120315551758
248,1,1,0.8,0.8,1.0,4.737342834472656,7.288351058959961,6.593084335327148,14.086153984069824
248,1,1,0.8,0.8,2.0,2.0010437965393066,2.756701707839966,6.869410037994385,17.154844284057617
248,1,1,1.0,0.2,0.5,6.024482727050781,8.151169121265411,4.095190525054932,5.8779778480529785
248,1,1,1.0,0.2,1.0,3.896588087081909,6.67182183265686,3.9052329063415527,6.7856950759887695
248,1,1,1.0,0.2,2.0,0.502617597579956,0.4658128619194031,4.532893180847168,9.16400146484375
248,1,1,1.0,0.5,0.5,6.873170852661133,9.79833608865738,4.587287425994873,7.1200056076049805
248,1,1,1.0,0.5,1.0,2.050140380859375,3.2740674018859863,5.306253433227539,10.504671096801758
248,1,1,1.0,0.5,2.0,1.1549690961837769,1.9661575555801392,6.030035495758057,15.251994132995605
248,1,1,1.0,0.8,0.5,6.5624895095825195,9.13638174533844,6.35280179977417,10.670063018798828
248,1,1,1.0,0.8,1.0,5.19873571395874,6.192494571208954,8.35405445098877,18.346036911010742
248,1,1,1.0,0.8,2.0,2.8241872787475586,3.866498827934265,9.067684173583984,24.030059814453125
248,1,1,1.2,0.2,0.5,5.230212688446045,8.119399011135101,6.464486598968506,8.912603378295898
248,1,1,1.2,0.2,1.0,4.44426965713501,7.926725447177887,5.3937764167785645,9.126862525939941
248,1,1,1.2,0.2,2.0,0.523348867893219,0.7080087065696716,5.832163333892822,12.909034729003906
248,1,1,1.2,0.5,0.5,7.71424674987793,12.130168497562408,8.481760025024414,14.368558883666992
248,1,1,1.2,0.5,1.0,3.40425443649292,5.535378694534302,7.967020034790039,16.818687438964844
248,1,1,1.2,0.5,2.0,1.383083701133728,1.8014830946922302,7.750125408172607,19.91046142578125
248,1,1,1.2,0.8,0.5,10.681051254272461,15.570389032363892,11.199456214904785,20.586318969726562
248,1,1,1.2,0.8,1.0,6.140947341918945,9.818658888339996,12.991649627685547,29.589109420776367
248,1,1,1.2,0.8,2.0,5.619636535644531,8.596277236938477,14.703313827514648,39.91239929199219
248,1,2,0.8,0.2,0.5,6.092315673828125,8.08188396692276,2.738438367843628,3.558651924133301
248,1,2,0.8,0.2,1.0,3.456777572631836,5.759813725948334,3.0766282081604004,5.340938568115234
248,1,2,0.8,0.2,2.0,2.052168846130371,3.0120259523391724,3.7311835289001465,7.3785319328308105
248,1,2,0.8,0.5,0.5,5.0281147956848145,7.702434659004211,3.2881693840026855,4.688181400299072
248,1,2,0.8,0.5,1.0,2.3509669303894043,3.3647735118865967,4.327408790588379,8.067789077758789
248,1,2,0.8,0.5,2.0,0.5558551549911499,0.5736923813819885,4.895453929901123,11.270057678222656
248,1,2,0.8,0.8,0.5,5.408177375793457,7.932432472705841,4.716845989227295,7.541713714599609
248,1,2,0.8,0.8,1.0,3.6807708740234375,6.318454742431641,5.788367748260498,12.422565460205078
248,1,2,0.8,0.8,2.0,3.07566499710083,4.443377792835236,6.90773868560791,17.899227142333984
248,1,2,1.0,0.2,0.5,6.645467758178711,9.380759537220001,3.513716459274292,5.137112140655518
248,1,2,1.0,0.2,1.0,3.753469228744507,5.538725972175598,3.8940346240997314,7.08611536026001
248,1,2,1.0,0.2,2.0,0.9366259574890137,1.4606950283050537,4.0853495597839355,7.718360900878906
248,1,2,1.0,0.5,0.5,6.255064487457275,10.225877225399017,4.735033988952637,7.280197620391846
248,1,2,1.0,0.5,1.0,3.160128116607666,3.64962500333786,5.603115558624268,10.62239933013916
248,1,2,1.0,0.5,2.0,1.6059699058532715,1.7158174514770508,5.9064040184021,14.601221084594727
248,1,2,1.0,0.8,0.5,8.579842567443848,12.474170327186584,6.331897258758545,11.099503517150879
248,1,2,1.0,0.8,1.0,5.231607437133789,8.82988554239273,9.738698959350586,22.234357833862305
248,1,2,1.0,0.8,2.0,2.5954747200012207,3.553630292415619,9.628087997436523,26.532764434814453
248,1,2,1.2,0.2,0.5,5.223193645477295,7.942458868026733,4.7362141609191895,6.738399982452393
248,1,2,1.2,0.2,1.0,4.833099365234375,6.829943597316742,4.941757678985596,8.998562812805176
248,1,2,1.2,0.2,2.0,0.9285634756088257,1.5605236887931824,5.6104912757873535,12.168583869934082
248,1,2,1.2,0.5,0.5,8.361906051635742,12.500318229198456,7.171899795532227,11.098029136657715
248,1,2,1.2,0.5,1.0,3.1466639041900635,4.522086024284363,7.831235408782959,16.2181396484375
248,1,2,1.2,0.5,2.0,0.6485023498535156,0.5858953595161438,8.449518203735352,22.22813606262207
248,1,2,1.2,0.8,0.5,9.836544036865234,15.218963265419006,10.292320251464844,19.466520309448242
248,1,2,1.2,0.8,1.0,5.501700401306152,8.392543137073517,11.239356994628906,24.921607971191406
248,1,2,1.2,0.8,2.0,3.82367205619812,6.169459104537964,13.581086158752441,38.108890533447266
249,1,0,0.8,0.2,0.5,5.482553482055664,9.670602321624756,2.889173984527588,4.030080795288086
249,1,0,0.8,0.2,1.0,3.735811471939087,7.5585426688194275,3.5010461807250977,6.243529796600342
249,1,0,0.8,0.2,2.0,1.3334894180297852,1.975890040397644,3.8398799896240234,8.058662414550781
249,1,0,0.8,0.5,0.5,5.157958984375,7.623386919498444,3.8506929874420166,6.076675891876221
249,1,0,0.8,0.5,1.0,2.4543607234954834,4.064243316650391,4.50590705871582,8.323772430419922
249,1,0,0.8,0.5,2.0,1.1316938400268555,1.9087907671928406,4.855628967285156,11.641022682189941
249,1,0,0.8,0.8,0.5,7.319869041442871,9.67410409450531,4.787228107452393,7.786883354187012
249,1,0,0.8,0.8,1.0,4.939383029937744,7.380328834056854,6.4166717529296875,13.340144157409668
249,1,0,0.8,0.8,2.0,2.8627004623413086,3.9550832509994507,6.985281944274902,19.204784393310547
249,1,0,1.0,0.2,0.5,7.200287342071533,9.62635624408722,4.25995397567749,6.294337749481201
249,1,0,1.0,0.2,1.0,4.396505355834961,6.792755365371704,4.053018093109131,6.695285320281982
249,1,0,1.0,0.2,2.0,0.9768832325935364,1.1992803812026978,4.726962089538574,10.193995475769043
249,1,0,1.0,0.5,0.5,5.755005359649658,10.294627904891968,4.523900985717773,6.964975357055664
249,1,0,1.0,0.5,1.0,3.239069938659668,4.906018555164337,6.028107643127441,12.584842681884766
249,1,0,1.0,0.5,2.0,0.46157264709472656,0.3956528902053833,6.820230484008789,16.910694122314453
249,1,0,1.0,0.8,0.5,7.719038009643555,11.957014262676239,6.871006011962891,11.947456359863281
249,1,0,1.0,0.8,1.0,4.032341003417969,6.450846493244171,9.663241386413574,21.844457626342773
249,1,0,1.0,0.8,2.0,4.400540351867676,6.217485010623932,12.333304405212402,34.08584213256836
249,1,0,1.2,0.2,0.5,6.5316033363342285,10.284953832626343,4.35109281539917,6.263511657714844
249,1,0,1.2,0.2,1.0,3.564578056335449,6.188350319862366,6.011783599853516,11.097942352294922
249,1,0,1.2,0.2,2.0,1.2123618125915527,1.5471476912498474,6.057218551635742,13.325653076171875
249,1,0,1.2,0.5,0.5,7.661814212799072,12.27665913105011,7.236208438873291,4.45100212097168
249,1,0,1.2,0.5,1.0,3.8961832523345947,5.518840789794922,9.052151679992676,19.72450065612793
249,1,0,1.2,0.5,2.0,1.1591252088546753,1.0751472115516663,8.983681678771973,22.48092269897461
249,1,0,1.2,0.8,0.5,10.88251781463623,15.198032855987549,13.526790618896484,25.32086753845215
249,1,0,1.2,0.8,1.0,8.134008407592773,12.211543142795563,18.303316116333008,41.86417007446289
249,1,0,1.2,0.8,2.0,5.273837089538574,8.367155909538269,18.44642448425293,50.03019332885742
249,1,1,0.8,0.2,0.5,4.134713649749756,8.53474497795105,3.0934154987335205,4.308204650878906
249,1,1,0.8,0.2,1.0,4.510106086730957,6.763018727302551,3.464822769165039,5.46984338760376
249,1,1,0.8,0.2,2.0,1.2825002670288086,2.7092628479003906,4.212494850158691,8.5753755569458
249,1,1,0.8,0.5,0.5,6.553165912628174,9.719703316688538,3.735100030899048,5.3588457107543945
249,1,1,0.8,0.5,1.0,2.079253911972046,3.258314788341522,4.389591693878174,8.261083602905273
249,1,1,0.8,0.5,2.0,1.709010362625122,2.0877838730812073,5.021252632141113,11.35521125793457
249,1,1,0.8,0.8,0.5,5.655972957611084,8.466270506381989,4.816441059112549,7.91933012008667
249,1,1,0.8,0.8,1.0,3.838967800140381,6.229377627372742,6.379563808441162,12.881237983703613
249,1,1,0.8,0.8,2.0,2.9158523082733154,3.0596996545791626,7.66182804107666,20.73246955871582
249,1,1,1.0,0.2,0.5,6.178934097290039,8.717361330986023,3.9549992084503174,5.7709174156188965
249,1,1,1.0,0.2,1.0,4.9437713623046875,7.90644246339798,4.188701629638672,6.94110631942749
249,1,1,1.0,0.2,2.0,1.4126360416412354,1.9373927116394043,4.826235294342041,10.508090019226074
249,1,1,1.0,0.5,0.5,7.096285343170166,10.870534002780914,5.706149578094482,9.554754257202148
249,1,1,1.0,0.5,1.0,2.864731788635254,4.3492361307144165,6.738463401794434,12.899291038513184
249,1,1,1.0,0.5,2.0,1.2705779075622559,1.1971609592437744,7.372950077056885,17.659666061401367
249,1,1,1.0,0.8,0.5,7.002036094665527,10.530452370643616,5.926154136657715,9.91405963897705
249,1,1,1.0,0.8,1.0,5.459112167358398,8.37100738286972,10.937777519226074,26.06951141357422
249,1,1,1.0,0.8,2.0,3.9452428817749023,6.29803466796875,11.625232696533203,32.681236267089844
249,1,1,1.2,0.2,0.5,7.565242767333984,9.273397743701935,6.074765682220459,9.008917808532715
249,1,1,1.2,0.2,1.0,3.5625224113464355,5.498920559883118,5.5283074378967285,10.229314804077148
249,1,1,1.2,0.2,2.0,0.3346549868583679,0.4362815022468567,6.053507328033447,13.195158004760742
249,1,1,1.2,0.5,0.5,9.513221740722656,14.974356293678284,7.746554851531982,13.559671401977539
249,1,1,1.2,0.5,1.0,3.8102192878723145,6.604109168052673,9.528271675109863,20.17479705810547
249,1,1,1.2,0.5,2.0,0.7729222774505615,0.8034494519233704,8.19158935546875,21.502477645874023
249,1,1,1.2,0.8,0.5,10.56717300415039,15.646827697753906,11.383301734924316,21.091781616210938
249,1,1,1.2,0.8,1.0,7.805038928985596,11.796485602855682,13.581892967224121,30.83949851989746
249,1,1,1.2,0.8,2.0,5.665401458740234,8.493221461772919,13.714634895324707,38.10469436645508
249,1,2,0.8,0.2,0.5,5.389784812927246,8.504121482372284,2.7590107917785645,3.5807321071624756
249,1,2,0.8,0.2,1.0,3.206028699874878,5.980738341808319,3.5251383781433105,6.0587544441223145
249,1,2,0.8,0.2,2.0,1.1697965860366821,1.8048704266548157,3.5855495929718018,6.956338882446289
249,1,2,0.8,0.5,0.5,6.686647891998291,10.804277777671814,3.3061447143554688,4.812222957611084
249,1,2,0.8,0.5,1.0,2.5384674072265625,2.8533499240875244,4.347421169281006,8.512872695922852
249,1,2,0.8,0.5,2.0,0.6590509414672852,0.7671821713447571,4.5282440185546875,10.045817375183105
249,1,2,0.8,0.8,0.5,7.7919769287109375,12.698223531246185,5.360231876373291,9.184943199157715
249,1,2,0.8,0.8,1.0,4.0745391845703125,6.160593569278717,5.638851165771484,11.324719429016113
249,1,2,0.8,0.8,2.0,2.3005943298339844,2.827035427093506,7.403080463409424,19.22706413269043
249,1,2,1.0,0.2,0.5,6.345837593078613,8.513560235500336,4.3174662590026855,6.324816703796387
249,1,2,1.0,0.2,1.0,3.5998613834381104,6.906369268894196,4.795316696166992,8.510242462158203
249,1,2,1.0,0.2,2.0,1.2851982116699219,1.8178189992904663,4.183208465576172,9.032554626464844
249,1,2,1.0,0.5,0.5,7.95436429977417,11.591257929801941,5.386923313140869,8.429439544677734
249,1,2,1.0,0.5,1.0,2.7936363220214844,3.3019432425498962,6.597475528717041,13.561403274536133
249,1,2,1.0,0.5,2.0,1.2575465440750122,1.5580648183822632,7.843870639801025,21.487123489379883
249,1,2,1.0,0.8,0.5,9.317998886108398,13.382075309753418,7.1666741371154785,12.223840713500977
249,1,2,1.0,0.8,1.0,6.360494136810303,9.680934190750122,11.444978713989258,27.271467208862305
249,1,2,1.0,0.8,2.0,3.0013937950134277,5.130980730056763,10.114461898803711,29.109376907348633
249,1,2,1.2,0.2,0.5,8.060482025146484,11.20705270767212,4.5658063888549805,6.160146236419678
249,1,2,1.2,0.2,1.0,5.754344940185547,8.677035093307495,5.942692279815674,10.524161338806152
249,1,2,1.2,0.2,2.0,1.1598689556121826,1.3592345714569092,5.9763712882995605,12.463932991027832
249,1,2,1.2,0.5,0.5,7.551941871643066,15.421462416648865,8.127652168273926,14.052587509155273
249,1,2,1.2,0.5,1.0,3.664029836654663,5.283025503158569,8.706475257873535,16.267255783081055
249,1,2,1.2,0.5,2.0,1.5861005783081055,2.349335730075836,8.951943397521973,24.454635620117188
249,1,2,1.2,0.8,0.5,10.542304992675781,15.530817031860352,12.582781791687012,23.580318450927734
249,1,2,1.2,0.8,1.0,8.719677925109863,12.975996613502502,15.182975769042969,34.260921478271484
249,1,2,1.2,0.8,2.0,5.695361137390137,9.041583061218262,16.296972274780273,45.21976852416992
250,1,0,0.8,0.2,0.5,7.0236382484436035,8.535370230674744,2.4736762046813965,3.1856496334075928
250,1,0,0.8,0.2,1.0,6.156611442565918,8.265653192996979,3.388468027114868,5.483031749725342
250,1,0,0.8,0.2,2.0,1.1730480194091797,1.6021507382392883,3.7368557453155518,7.446201324462891
250,1,0,0.8,0.5,0.5,6.850465774536133,10.11843329668045,4.311007022857666,6.663128852844238
250,1,0,0.8,0.5,1.0,3.7953009605407715,5.769502699375153,4.2184739112854,7.4585981369018555
250,1,0,0.8,0.5,2.0,1.2043871879577637,1.9221001863479614,5.664320468902588,13.536646842956543
250,1,0,0.8,0.8,0.5,6.97076940536499,10.785306870937347,5.203625679016113,8.200582504272461
250,1,0,0.8,0.8,1.0,4.583083152770996,6.544495105743408,5.676304340362549,11.348929405212402
250,1,0,0.8,0.8,2.0,1.993861198425293,3.379365921020508,8.060791015625,21.183551788330078
250,1,0,1.0,0.2,0.5,5.117521286010742,8.102181911468506,3.603616237640381,4.865758895874023
250,1,0,1.0,0.2,1.0,4.103861331939697,7.3861629366874695,3.642683982849121,6.227044582366943
250,1,0,1.0,0.2,2.0,0.7357705235481262,0.8148514628410339,4.423586368560791,10.497284889221191
250,1,0,1.0,0.5,0.5,6.641983509063721,10.377861261367798,4.572962284088135,6.794981956481934
250,1,0,1.0,0.5,1.0,3.4113566875457764,5.587405681610107,5.532654285430908,10.91907024383545
250,1,0,1.0,0.5,2.0,1.038038969039917,1.2218196392059326,6.31815767288208,15.326870918273926
250,1,0,1.0,0.8,0.5,6.172456741333008,8.478981137275696,7.355083465576172,12.773431777954102
250,1,0,1.0,0.8,1.0,4.862918853759766,5.824014902114868,9.563870429992676,20.66521644592285
250,1,0,1.0,0.8,2.0,3.121960163116455,4.202958941459656,9.304224014282227,25.250995635986328
250,1,0,1.2,0.2,0.5,6.4120683670043945,8.645942986011505,6.220517635345459,8.99121379852295
250,1,0,1.2,0.2,1.0,3.4788036346435547,5.801045477390289,6.046494007110596,11.483893394470215
250,1,0,1.2,0.2,2.0,0.37611275911331177,0.7854182124137878,5.4347615242004395,12.082332611083984
250,1,0,1.2,0.5,0.5,8.469980239868164,12.051785409450531,5.920598983764648,9.302248001098633
250,1,0,1.2,0.5,1.0,3.711580514907837,5.189624726772308,10.037047386169434,21.288286209106445
250,1,0,1.2,0.5,2.0,2.5539710521698,3.740744173526764,10.60758113861084,29.857973098754883
250,1,0,1.2,0.8,0.5,9.464456558227539,13.918146431446075,11.041770935058594,19.62127685546875
250,1,0,1.2,0.8,1.0,7.294239044189453,11.117159962654114,17.39346694946289,39.881805419921875
250,1,0,1.2,0.8,2.0,3.586007833480835,5.245139837265015,10.239555358886719,27.65762710571289
250,1,1,0.8,0.2,0.5,5.857579708099365,8.699486494064331,2.6914114952087402,3.6752965450286865
250,1,1,0.8,0.2,1.0,3.8813512325286865,5.4872483015060425,3.558117389678955,6.1099853515625
250,1,1,0.8,0.2,2.0,1.201108694076538,1.8933556079864502,3.8658766746520996,7.84160852432251
250,1,1,0.8,0.5,0.5,4.525583267211914,7.327566564083099,3.5774102210998535,5.158383369445801
250,1,1,0.8,0.5,1.0,2.249619960784912,3.826543629169464,4.54063081741333,8.850327491760254
250,1,1,0.8,0.5,2.0,1.032996416091919,1.045484721660614,5.609259128570557,13.21954345703125
250,1,1,0.8,0.8,0.5,6.848537445068359,9.245920360088348,6.060503005981445,10.186595916748047
250,1,1,0.8,0.8,1.0,3.6589667797088623,4.934435188770294,6.579689025878906,14.12872314453125
250,1,1,0.8,0.8,2.0,2.980311870574951,5.098243355751038,8.01057243347168,20.82977294921875
250,1,1,1.0,0.2,0.5,5.946739196777344,8.734621226787567,4.040224075317383,5.813266754150391
250,1,1,1.0,0.2,1.0,4.534488201141357,7.8252036571502686,3.628955364227295,6.075529098510742
250,1,1,1.0,0.2,2.0,2.377930164337158,3.5150542855262756,4.006320476531982,7.17067813873291
250,1,1,1.0,0.5,0.5,7.561384677886963,10.832700908184052,5.0690460205078125,7.87141752243042
250,1,1,1.0,0.5,1.0,1.3573932647705078,2.1989579796791077,6.203466415405273,12.691913604736328
250,1,1,1.0,0.5,2.0,0.8265734314918518,0.969691276550293,6.960275173187256,17.034814834594727
250,1,1,1.0,0.8,0.5,10.14764404296875,14.866054773330688,9.061875343322754,16.307933807373047
250,1,1,1.0,0.8,1.0,4.567693710327148,7.329060852527618,10.501898765563965,23.84596061706543
250,1,1,1.0,0.8,2.0,3.7929089069366455,5.145908772945404,10.94075870513916,30.921266555786133
250,1,1,1.2,0.2,0.5,6.431960105895996,9.192249953746796,5.662905216217041,8.347818374633789
250,1,1,1.2,0.2,1.0,4.347728252410889,6.949615240097046,6.34944486618042,12.162663459777832
250,1,1,1.2,0.2,2.0,0.9617502093315125,1.210367739200592,5.452478885650635,11.65828800201416
250,1,1,1.2,0.5,0.5,8.860869407653809,12.678557455539703,7.984643936157227,13.235836029052734
250,1,1,1.2,0.5,1.0,3.412097215652466,5.153809726238251,8.832942962646484,19.03687286376953
250,1,1,1.2,0.5,2.0,1.1621284484863281,2.085082769393921,9.94839859008789,25.569366455078125
250,1,1,1.2,0.8,0.5,10.992608070373535,15.711556017398834,14.704095840454102,27.333717346191406
250,1,1,1.2,0.8,1.0,7.672817230224609,11.893064677715302,13.615488052368164,30.608318328857422
250,1,1,1.2,0.8,2.0,5.671792507171631,8.836491286754608,15.156363487243652,42.63958740234375
250,1,2,0.8,0.2,0.5,6.928094863891602,8.808056890964508,2.861142158508301,3.9182262420654297
250,1,2,0.8,0.2,1.0,3.842942714691162,6.230306148529053,3.5572354793548584,6.049081325531006
250,1,2,0.8,0.2,2.0,1.3126869201660156,2.370307445526123,3.671807050704956,7.301893711090088
250,1,2,0.8,0.5,0.5,4.7217631340026855,6.783702313899994,3.2523181438446045,4.675961494445801
250,1,2,0.8,0.5,1.0,2.529226064682007,4.076940476894379,4.3276143074035645,8.717485427856445
250,1,2,0.8,0.5,2.0,0.9639875292778015,1.6624484062194824,4.226113319396973,9.669734001159668
250,1,2,0.8,0.8,0.5,6.600281715393066,9.411746144294739,4.846984386444092,7.60508918762207
250,1,2,0.8,0.8,1.0,3.7475569248199463,5.423347890377045,6.541406631469727,13.410009384155273
250,1,2,0.8,0.8,2.0,2.612840175628662,4.063066363334656,5.980754375457764,14.897754669189453
250,1,2,1.0,0.2,0.5,5.333274841308594,7.904860615730286,4.0284104347229,5.571719646453857
250,1,2,1.0,0.2,1.0,4.341272354125977,7.695819139480591,4.539848327636719,7.654236316680908
250,1,2,1.0,0.2,2.0,0.5312861204147339,1.1451660990715027,4.714713096618652,9.5369291305542
250,1,2,1.0,0.5,0.5,5.712530612945557,8.53568434715271,3.7636547088623047,5.437707424163818
250,1,2,1.0,0.5,1.0,1.3936288356781006,2.5565608739852905,4.606557369232178,8.474427223205566
250,1,2,1.0,0.5,2.0,1.0655760765075684,1.6840862035751343,8.006388664245605,19.806032180786133
250,1,2,1.0,0.8,0.5,7.039853096008301,10.802798807621002,8.522566795349121,15.05374526977539
250,1,2,1.0,0.8,1.0,3.71224308013916,5.505131423473358,8.045528411865234,17.39374351501465
250,1,2,1.0,0.8,2.0,2.0398454666137695,2.1276236176490784,9.993683815002441,27.988134384155273
250,1,2,1.2,0.2,0.5,5.3802618980407715,8.077764332294464,5.930918216705322,8.740689277648926
250,1,2,1.2,0.2,1.0,5.319761276245117,7.609233736991882,4.540141582489014,8.256383895874023
250,1,2,1.2,0.2,2.0,0.6765888929367065,1.2810054421424866,6.181030750274658,14.248740196228027
250,1,2,1.2,0.5,0.5,6.891902923583984,11.209019184112549,9.935161590576172,17.387187957763672
250,1,2,1.2,0.5,1.0,2.362834930419922,2.4941274523735046,8.645502090454102,18.354331970214844
250,1,2,1.2,0.5,2.0,1.2866076231002808,1.9250253438949585,8.286598205566406,19.656402587890625
250,1,2,1.2,0.8,0.5,10.47644329071045,15.565533936023712,13.368803024291992,24.101648330688477
250,1,2,1.2,0.8,1.0,7.4895219802856445,11.721108555793762,17.694490432739258,40.198448181152344
250,1,2,1.2,0.8,2.0,4.374452590942383,7.313647091388702,12.939438819885254,36.57319641113281
251,1,0,0.8,0.2,0.5,5.5537333488464355,9.089828193187714,2.8482255935668945,3.7361106872558594
251,1,0,0.8,0.2,1.0,3.492058038711548,6.63662189245224,2.9286067485809326,4.753876209259033
251,1,0,0.8,0.2,2.0,1.3441882133483887,2.222369611263275,3.204699993133545,6.275399684906006
251,1,0,0.8,0.5,0.5,3.938911199569702,6.126759111881256,3.205739974975586,4.550218105316162
251,1,0,0.8,0.5,1.0,0.7052907347679138,1.5972962975502014,3.837630271911621,7.007959365844727
251,1,0,0.8,0.5,2.0,1.140743374824524,1.9093303680419922,4.413607597351074,9.868000984191895
251,1,0,0.8,0.8,0.5,6.227737903594971,9.68905359506607,3.9174654483795166,5.863733768463135
251,1,0,0.8,0.8,1.0,3.96574330329895,6.562265515327454,5.366602897644043,11.028018951416016
251,1,0,0.8,0.8,2.0,3.3929712772369385,4.383801996707916,6.312723159790039,16.066165924072266
251,1,0,1.0,0.2,0.5,5.6787872314453125,6.779809296131134,3.763808488845825,5.168570518493652
251,1,0,1.0,0.2,1.0,4.147349834442139,7.233796060085297,4.300495147705078,7.716153144836426
251,1,0,1.0,0.2,2.0,1.3287103176116943,1.9550096988677979,4.2702107429504395,9.370780944824219
251,1,0,1.0,0.5,0.5,6.155087947845459,9.328006565570831,4.144493579864502,6.254542827606201
251,1,0,1.0,0.5,1.0,2.8231687545776367,3.094278931617737,4.685135364532471,9.443242073059082
251,1,0,1.0,0.5,2.0,2.2559235095977783,2.217037260532379,5.8737263679504395,14.059765815734863
251,1,0,1.0,0.8,0.5,6.980831623077393,9.870416402816772,5.8054399490356445,9.702498435974121
251,1,0,1.0,0.8,1.0,4.264804840087891,5.130898952484131,8.485910415649414,18.290117263793945
251,1,0,1.0,0.8,2.0,2.979822874069214,4.353934049606323,9.942265510559082,28.289255142211914
251,1,0,1.2,0.2,0.5,4.7158942222595215,6.721357107162476,4.702012062072754,7.196604251861572
251,1,0,1.2,0.2,1.0,3.6897051334381104,7.942478120326996,5.289765357971191,9.346721649169922
251,1,0,1.2,0.2,2.0,0.5520773530006409,0.8380837440490723,4.7128400802612305,10.591087341308594
251,1,0,1.2,0.5,0.5,6.573305130004883,8.556544423103333,6.087949275970459,9.889095306396484
251,1,0,1.2,0.5,1.0,2.5535502433776855,3.8074954748153687,7.350863933563232,14.772764205932617
251,1,0,1.2,0.5,2.0,0.9465464353561401,1.3607813119888306,8.135507583618164,21.7209415435791
251,1,0,1.2,0.8,0.5,9.268393516540527,15.03892582654953,9.973299980163574,18.67848777770996
251,1,0,1.2,0.8,1.0,6.91385555267334,10.681510627269745,13.012567520141602,29.263999938964844
251,1,0,1.2,0.8,2.0,4.418168544769287,7.30686616897583,12.713126182556152,34.312747955322266
251,1,1,0.8,0.2,0.5,6.943208694458008,8.796951532363892,2.631566286087036,3.4411449432373047
251,1,1,0.8,0.2,1.0,4.773562431335449,7.107780456542969,2.9885997772216797,4.751377105712891
251,1,1,0.8,0.2,2.0,1.4215251207351685,2.7695411443710327,3.359822988510132,6.904894828796387
251,1,1,0.8,0.5,0.5,5.889874458312988,9.190447449684143,3.3012895584106445,4.572132587432861
251,1,1,0.8,0.5,1.0,2.153596878051758,3.991062581539154,4.28683614730835,8.074151039123535
251,1,1,0.8,0.5,2.0,1.4261806011199951,2.1345525979995728,5.1386566162109375,11.863771438598633
251,1,1,0.8,0.8,0.5,6.332971572875977,9.287684619426727,4.331566333770752,6.74629020690918
251,1,1,0.8,0.8,1.0,4.0929131507873535,5.287217736244202,5.425073623657227,11.184642791748047
251,1,1,0.8,0.8,2.0,2.956932544708252,4.6005160212516785,5.697676658630371,14.522656440734863
251,1,1,1.0,0.2,0.5,6.37962007522583,8.742340683937073,3.398332118988037,4.948304176330566
251,1,1,1.0,0.2,1.0,4.687663555145264,6.931663155555725,3.6406450271606445,6.235461711883545
251,1,1,1.0,0.2,2.0,1.3195915222167969,1.5747811794281006,4.091983795166016,8.253203392028809
251,1,1,1.0,0.5,0.5,8.056755065917969,11.59976476430893,4.58899450302124,6.618015766143799
251,1,1,1.0,0.5,1.0,2.5077426433563232,3.828848958015442,5.424855709075928,10.815953254699707
251,1,1,1.0,0.5,2.0,0.9303099513053894,1.3732338547706604,6.162576198577881,15.104623794555664
251,1,1,1.0,0.8,0.5,6.704156875610352,10.525508642196655,5.785257339477539,9.536065101623535
251,1,1,1.0,0.8,1.0,3.439969539642334,5.533897042274475,7.672033309936523,16.686098098754883
251,1,1,1.0,0.8,2.0,3.3566317558288574,4.1540855169296265,9.96723747253418,27.40292739868164
251,1,1,1.2,0.2,0.5,6.64621114730835,9.331900596618652,5.01644229888916,7.2323174476623535
251,1,1,1.2,0.2,1.0,4.90765905380249,7.311909735202789,4.721821308135986,8.268784523010254
251,1,1,1.2,0.2,2.0,0.40564215183258057,0.9606403112411499,5.55197286605835,13.38336181640625
251,1,1,1.2,0.5,0.5,7.743509292602539,14.533201456069946,6.366767406463623,10.400115966796875
251,1,1,1.2,0.5,1.0,3.3012852668762207,4.798308193683624,7.046762466430664,14.522071838378906
251,1,1,1.2,0.5,2.0,1.228451132774353,1.6164461970329285,8.560157775878906,23.660402297973633
251,1,1,1.2,0.8,0.5,9.317773818969727,14.03872299194336,9.274925231933594,16.792804718017578
251,1,1,1.2,0.8,1.0,7.692211627960205,11.435699224472046,15.311224937438965,35.09598922729492
251,1,1,1.2,0.8,2.0,3.2235305309295654,4.88847029209137,12.782464027404785,35.772586822509766
251,1,2,0.8,0.2,0.5,4.528810024261475,7.328487813472748,2.6367974281311035,3.5528485774993896
251,1,2,0.8,0.2,1.0,4.166918754577637,7.477696478366852,2.9930553436279297,4.66885232925415
251,1,2,0.8,0.2,2.0,0.8051599264144897,1.040639877319336,3.4225189685821533,6.855297088623047
251,1,2,0.8,0.5,0.5,5.179383754730225,8.14090234041214,3.1920340061187744,4.767890930175781
251,1,2,0.8,0.5,1.0,2.642709255218506,4.36267751455307,4.134358882904053,7.875293254852295
251,1,2,0.8,0.5,2.0,1.1160669326782227,2.2213345170021057,4.9633402824401855,11.365723609924316
251,1,2,0.8,0.8,0.5,6.277493953704834,9.820233404636383,4.093858242034912,6.306326389312744
251,1,2,0.8,0.8,1.0,3.8814587593078613,6.137438714504242,5.637688159942627,11.712410926818848
251,1,2,0.8,0.8,2.0,2.772519588470459,3.333946645259857,6.174444675445557,15.28138542175293
251,1,2,1.0,0.2,0.5,5.883175849914551,9.142850935459137,3.361201286315918,4.843955993652344
251,1,2,1.0,0.2,1.0,4.634270191192627,6.865563213825226,3.757169723510742,6.361472129821777
251,1,2,1.0,0.2,2.0,1.807150959968567,2.7558098435401917,4.302064895629883,8.813763618469238
251,1,2,1.0,0.5,0.5,7.177314758300781,12.00698184967041,4.276467800140381,6.317099571228027
251,1,2,1.0,0.5,1.0,1.3306472301483154,1.3369961977005005,5.492671012878418,10.39238166809082
251,1,2,1.0,0.5,2.0,1.0064313411712646,0.9755016565322876,6.827456474304199,15.860687255859375
251,1,2,1.0,0.8,0.5,5.975712776184082,8.874711275100708,4.859527587890625,7.517482280731201
251,1,2,1.0,0.8,1.0,4.93214225769043,7.726604580879211,7.477421760559082,15.356239318847656
251,1,2,1.0,0.8,2.0,3.742203950881958,4.68913197517395,8.789970397949219,22.752647399902344
251,1,2,1.2,0.2,0.5,5.303948402404785,8.726736962795258,5.862225532531738,7.945995330810547
251,1,2,1.2,0.2,1.0,3.8289949893951416,7.052430272102356,5.0045671463012695,8.618598937988281
251,1,2,1.2,0.2,2.0,0.8846684694290161,1.4693446159362793,4.835019111633301,10.39437198638916
251,1,2,1.2,0.5,0.5,7.502758026123047,10.57966548204422,6.199740886688232,10.280472755432129
251,1,2,1.2,0.5,1.0,4.024828910827637,5.515222132205963,7.825357913970947,16.34634017944336
251,1,2,1.2,0.5,2.0,0.8868420720100403,1.0412846207618713,7.540448188781738,19.597801208496094
251,1,2,1.2,0.8,0.5,9.108987808227539,13.56884115934372,9.743144035339355,17.177091598510742
251,1,2,1.2,0.8,1.0,7.168199062347412,10.790701687335968,11.976750373840332,27.14156150817871
251,1,2,1.2,0.8,2.0,5.484631538391113,8.66917622089386,15.456019401550293,43.48044967651367
252,1,0,0.8,0.2,0.5,5.145899295806885,8.17872029542923,2.8339684009552,3.680421829223633
252,1,0,0.8,0.2,1.0,3.200685739517212,6.509130656719208,3.209512710571289,4.998071670532227
252,1,0,0.8,0.2,2.0,1.8646341562271118,3.0334683656692505,3.5243334770202637,6.724018096923828
252,1,0,0.8,0.5,0.5,4.508423328399658,7.107281148433685,3.1218693256378174,4.51862096786499
252,1,0,0.8,0.5,1.0,3.7319092750549316,6.489322781562805,4.040937900543213,7.58396053314209
252,1,0,0.8,0.5,2.0,1.341077208518982,1.7613835334777832,5.246955871582031,12.254375457763672
252,1,0,0.8,0.8,0.5,5.525632858276367,7.873939156532288,4.488045692443848,7.106980800628662
252,1,0,0.8,0.8,1.0,5.693641662597656,8.219239234924316,5.5607523918151855,10.916264533996582
252,1,0,0.8,0.8,2.0,3.1352484226226807,4.838269889354706,7.116243839263916,18.651138305664062
252,1,0,1.0,0.2,0.5,5.726790904998779,7.98435366153717,3.4547157287597656,4.926874160766602
252,1,0,1.0,0.2,1.0,5.1086344718933105,7.306988298892975,4.000302791595459,6.944701671600342
252,1,0,1.0,0.2,2.0,0.7896899580955505,1.2895368337631226,4.240572929382324,8.549717903137207
252,1,0,1.0,0.5,0.5,7.734194755554199,11.2351393699646,5.077269077301025,7.8983635902404785
252,1,0,1.0,0.5,1.0,2.0991153717041016,3.4592867493629456,6.290048122406006,12.69385051727295
252,1,0,1.0,0.5,2.0,1.1397712230682373,1.9182637333869934,6.227075099945068,15.205967903137207
252,1,0,1.0,0.8,0.5,7.3556342124938965,10.102014243602753,6.0284223556518555,10.263798713684082
252,1,0,1.0,0.8,1.0,5.101129531860352,7.9434046149253845,8.760798454284668,19.434940338134766
252,1,0,1.0,0.8,2.0,2.9016542434692383,3.811356484889984,7.9781107902526855,20.730424880981445
252,1,0,1.2,0.2,0.5,5.500499725341797,8.174147486686707,4.677855491638184,6.368643760681152
252,1,0,1.2,0.2,1.0,3.502091407775879,5.619232475757599,6.216072082519531,10.879122734069824
252,1,0,1.2,0.2,2.0,0.615639865398407,0.9203241467475891,4.864769458770752,10.043118476867676
252,1,0,1.2,0.5,0.5,9.2393798828125,14.389927327632904,5.465355396270752,8.713028907775879
252,1,0,1.2,0.5,1.0,3.3036320209503174,5.241238653659821,8.137524604797363,16.040882110595703
252,1,0,1.2,0.5,2.0,0.9835950136184692,0.9840685129165649,9.09655475616455,24.307621002197266
252,1,0,1.2,0.8,0.5,9.90427017211914,14.761057436466217,9.645691871643066,16.96756935119629
252,1,0,1.2,0.8,1.0,6.53428840637207,10.282633662223816,12.062653541564941,28.14038848876953
252,1,0,1.2,0.8,2.0,5.452916145324707,8.298823475837708,16.403757095336914,46.28635787963867
252,1,1,0.8,0.2,0.5,7.684247016906738,10.555245280265808,2.951852560043335,3.98991060256958
252,1,1,0.8,0.2,1.0,3.699307441711426,6.475304365158081,3.1289944648742676,5.146395206451416
252,1,1,0.8,0.2,2.0,1.2825627326965332,1.7345324754714966,3.1330666542053223,5.955573081970215
252,1,1,0.8,0.5,0.5,5.699421405792236,8.97434264421463,3.304661989212036,4.864194393157959
252,1,1,0.8,0.5,1.0,3.499281883239746,4.7701587080955505,4.098005294799805,7.33766508102417
252,1,1,0.8,0.5,2.0,2.1302056312561035,2.360509216785431,4.819618225097656,11.166410446166992
252,1,1,0.8,0.8,0.5,5.786099433898926,8.434562027454376,4.15675687789917,6.506630897521973
252,1,1,0.8,0.8,1.0,4.9687581062316895,5.959786593914032,6.084670543670654,12.10599136352539
252,1,1,0.8,0.8,2.0,2.964888095855713,4.089895784854889,7.220853328704834,19.56133460998535
252,1,1,1.0,0.2,0.5,7.375521659851074,8.200974225997925,3.737138509750366,5.191115856170654
252,1,1,1.0,0.2,1.0,3.762373924255371,6.4313947558403015,4.191145420074463,6.982182502746582
252,1,1,1.0,0.2,2.0,1.4965274333953857,2.173796832561493,4.631817817687988,9.414831161499023
252,1,1,1.0,0.5,0.5,6.301393508911133,10.115557432174683,4.379149913787842,6.673746585845947
252,1,1,1.0,0.5,1.0,2.9876911640167236,3.838951051235199,5.372215270996094,10.980204582214355
252,1,1,1.0,0.5,2.0,1.3216571807861328,2.0061153769493103,6.00603723526001,14.786048889160156
252,1,1,1.0,0.8,0.5,6.149690628051758,7.620502829551697,5.123798847198486,8.208012580871582
252,1,1,1.0,0.8,1.0,4.281696796417236,6.769704878330231,7.5106329917907715,16.25804328918457
252,1,1,1.0,0.8,2.0,1.873502492904663,2.722261905670166,10.321799278259277,28.943729400634766
252,1,1,1.2,0.2,0.5,7.816044807434082,10.222660660743713,4.866837978363037,6.6702728271484375
252,1,1,1.2,0.2,1.0,4.178127765655518,6.798785448074341,5.167472839355469,9.706262588500977
252,1,1,1.2,0.2,2.0,0.7643059492111206,0.9251002669334412,5.789373874664307,12.561951637268066
252,1,1,1.2,0.5,0.5,8.510749816894531,13.969859004020691,7.2893385887146,11.102621078491211
252,1,1,1.2,0.5,1.0,2.4531517028808594,3.5217800736427307,7.680972576141357,16.69447898864746
252,1,1,1.2,0.5,2.0,0.9816498756408691,1.7076098322868347,7.433130264282227,17.816062927246094
252,1,1,1.2,0.8,0.5,9.754108428955078,16.806907415390015,11.198125839233398,20.802804946899414
252,1,1,1.2,0.8,1.0,8.086441040039062,12.486910700798035,14.796890258789062,33.72172927856445
252,1,1,1.2,0.8,2.0,3.600186586380005,5.904956042766571,11.079764366149902,31.322444915771484
252,1,2,0.8,0.2,0.5,4.891591548919678,7.868362843990326,2.7846388816833496,3.6432294845581055
252,1,2,0.8,0.2,1.0,4.031864166259766,6.555476546287537,3.587501287460327,5.989024639129639
252,1,2,0.8,0.2,2.0,1.977834939956665,2.736901879310608,3.580777168273926,6.868198394775391
252,1,2,0.8,0.5,0.5,5.415788173675537,8.638015270233154,3.490964651107788,5.032051086425781
252,1,2,0.8,0.5,1.0,3.024991989135742,3.9986302852630615,4.4418840408325195,8.255805015563965
252,1,2,0.8,0.5,2.0,0.9160847663879395,1.64329993724823,3.899587631225586,8.589612007141113
252,1,2,0.8,0.8,0.5,5.62583065032959,8.212091445922852,4.675278663635254,7.506895542144775
252,1,2,0.8,0.8,1.0,4.213903903961182,5.873807191848755,5.609862327575684,11.482844352722168
252,1,2,0.8,0.8,2.0,2.6571645736694336,4.373466908931732,6.4789886474609375,17.01486587524414
252,1,2,1.0,0.2,0.5,5.212458610534668,7.50887531042099,4.336470127105713,5.911971569061279
252,1,2,1.0,0.2,1.0,3.5547335147857666,7.635569512844086,4.786812782287598,8.498933792114258
252,1,2,1.0,0.2,2.0,1.0490787029266357,1.7497695684432983,4.799205303192139,10.146140098571777
252,1,2,1.0,0.5,0.5,6.916233062744141,10.838904082775116,3.9674715995788574,5.89414644241333
252,1,2,1.0,0.5,1.0,2.1151509284973145,3.3044398427009583,5.122705936431885,9.816044807434082
252,1,2,1.0,0.5,2.0,0.36595410108566284,0.5001456141471863,6.21096658706665,14.895491600036621
252,1,2,1.0,0.8,0.5,5.901484489440918,8.994590997695923,6.282909393310547,10.727800369262695
252,1,2,1.0,0.8,1.0,3.7297420501708984,5.085535883903503,9.400798797607422,21.145423889160156
252,1,2,1.0,0.8,2.0,3.9938461780548096,3.995580017566681,8.534265518188477,24.16385841369629
252,1,2,1.2,0.2,0.5,6.859620094299316,8.374086797237396,4.469160079956055,6.286092758178711
252,1,2,1.2,0.2,1.0,4.984857559204102,9.559594631195068,5.26671838760376,9.225090026855469
252,1,2,1.2,0.2,2.0,0.5297553539276123,0.8672710061073303,5.371142387390137,12.658415794372559
252,1,2,1.2,0.5,0.5,6.484609603881836,10.033438861370087,7.439279079437256,9.018194198608398
252,1,2,1.2,0.5,1.0,2.983546733856201,4.56544303894043,6.380816459655762,12.67541217803955
252,1,2,1.2,0.5,2.0,1.7086982727050781,2.5154739022254944,7.08062219619751,17.28493309020996
252,1,2,1.2,0.8,0.5,10.722350120544434,15.4714235663414,9.357948303222656,16.35096549987793
252,1,2,1.2,0.8,1.0,5.848899841308594,7.532748103141785,11.086755752563477,24.422576904296875
252,1,2,1.2,0.8,2.0,4.993699073791504,8.093577980995178,14.082101821899414,40.83458709716797
253,1,0,0.8,0.2,0.5,4.754927635192871,8.359385371208191,2.7460882663726807,3.7361180782318115
253,1,0,0.8,0.2,1.0,4.518803119659424,6.874618589878082,3.232152223587036,5.53812313079834
253,1,0,0.8,0.2,2.0,0.8932449221611023,0.8173395991325378,3.7768540382385254,7.794485092163086
253,1,0,0.8,0.5,0.5,5.344827175140381,7.174578487873077,3.4054737091064453,5.04783296585083
253,1,0,0.8,0.5,1.0,3.755281448364258,4.689914584159851,4.380953788757324,8.097673416137695
253,1,0,0.8,0.5,2.0,1.1989061832427979,2.00161212682724,5.010912895202637,11.584880828857422
253,1,0,0.8,0.8,0.5,6.5018391609191895,8.969002544879913,4.6743645668029785,7.634397506713867
253,1,0,0.8,0.8,1.0,3.915879249572754,6.4249924421310425,5.548774242401123,11.706031799316406
253,1,0,0.8,0.8,2.0,1.5450140237808228,2.7967846393585205,7.474254131317139,19.20863151550293
253,1,0,1.0,0.2,0.5,5.629694938659668,8.786317110061646,3.7402503490448,5.305055618286133
253,1,0,1.0,0.2,1.0,4.398603916168213,7.007792174816132,3.922308921813965,6.45703125
253,1,0,1.0,0.2,2.0,0.21502351760864258,0.3372091054916382,4.758352279663086,9.981280326843262
253,1,0,1.0,0.5,0.5,6.875762462615967,10.272692382335663,4.681368350982666,7.145421028137207
253,1,0,1.0,0.5,1.0,2.6937131881713867,3.5394851565361023,6.257991313934326,12.796070098876953
253,1,0,1.0,0.5,2.0,0.5340956449508667,0.5405304431915283,6.58934211730957,15.717647552490234
253,1,0,1.0,0.8,0.5,7.624147891998291,11.018455982208252,7.574121475219727,13.040245056152344
253,1,0,1.0,0.8,1.0,5.315500259399414,7.179057061672211,8.33247184753418,18.550273895263672
253,1,0,1.0,0.8,2.0,2.941927194595337,3.8553171157836914,8.736053466796875,24.05203628540039
253,1,0,1.2,0.2,0.5,6.373628616333008,9.824289321899414,4.578839302062988,6.5083208084106445
253,1,0,1.2,0.2,1.0,5.843353748321533,8.005220472812653,5.201858043670654,9.53244400024414
253,1,0,1.2,0.2,2.0,1.3118433952331543,1.4999837279319763,5.280513286590576,10.6795015335083
253,1,0,1.2,0.5,0.5,7.9177703857421875,12.378097593784332,7.774283409118652,12.314151763916016
253,1,0,1.2,0.5,1.0,3.070481538772583,5.345081627368927,8.393925666809082,18.149410247802734
253,1,0,1.2,0.5,2.0,1.0519073009490967,1.7251101732254028,9.094348907470703,24.160293579101562
253,1,0,1.2,0.8,0.5,10.623504638671875,16.003272593021393,11.157854080200195,20.40683364868164
253,1,0,1.2,0.8,1.0,7.771851539611816,11.992182314395905,16.394868850708008,35.7674674987793
253,1,0,1.2,0.8,2.0,5.781465530395508,8.79520696401596,15.201995849609375,43.190643310546875
253,1,1,0.8,0.2,0.5,5.997463226318359,8.369214236736298,2.99263334274292,4.168666839599609
253,1,1,0.8,0.2,1.0,4.1718597412109375,6.512389540672302,3.375185966491699,5.604007720947266
253,1,1,0.8,0.2,2.0,1.5920662879943848,2.1787933707237244,3.542316436767578,6.7385149002075195
253,1,1,0.8,0.5,0.5,5.495563507080078,8.749480843544006,3.332195281982422,4.866106986999512
253,1,1,0.8,0.5,1.0,3.475344657897949,5.106838822364807,4.341429233551025,8.45787525177002
253,1,1,0.8,0.5,2.0,1.7697676420211792,2.5470988154411316,5.075202465057373,11.47256851196289
253,1,1,0.8,0.8,0.5,5.965015411376953,9.28281283378601,4.851357460021973,7.6248698234558105
253,1,1,0.8,0.8,1.0,3.9767467975616455,6.138047695159912,6.297026634216309,13.244397163391113
253,1,1,0.8,0.8,2.0,1.9893076419830322,3.713982939720154,6.90053653717041,18.20354461669922
253,1,1,1.0,0.2,0.5,5.389278888702393,7.489807605743408,3.386960744857788,4.6577982902526855
253,1,1,1.0,0.2,1.0,5.698428153991699,8.315886616706848,4.073287487030029,6.808620452880859
253,1,1,1.0,0.2,2.0,1.477295994758606,2.067210376262665,4.118738651275635,9.264581680297852
253,1,1,1.0,0.5,0.5,7.877721309661865,11.937382221221924,4.9372100830078125,7.774520397186279
253,1,1,1.0,0.5,1.0,1.8119451999664307,2.6428576707839966,5.82366418838501,11.25719165802002
253,1,1,1.0,0.5,2.0,1.1316627264022827,2.360546290874481,7.665210247039795,19.6243839263916
253,1,1,1.0,0.8,0.5,8.393288612365723,12.11963838338852,7.199484825134277,12.25873851776123
253,1,1,1.0,0.8,1.0,5.314821243286133,7.5364421010017395,8.638298988342285,19.24451446533203
253,1,1,1.0,0.8,2.0,2.935718059539795,5.061069011688232,10.649374008178711,29.853424072265625
253,1,1,1.2,0.2,0.5,6.5739617347717285,11.436450481414795,4.506213665008545,6.269066333770752
253,1,1,1.2,0.2,1.0,3.71303129196167,6.350848317146301,5.676168918609619,10.509217262268066
253,1,1,1.2,0.2,2.0,0.8329045176506042,1.100314736366272,5.256357192993164,10.973071098327637
253,1,1,1.2,0.5,0.5,8.016267776489258,12.532785594463348,6.898246765136719,10.768475532531738
253,1,1,1.2,0.5,1.0,3.5322155952453613,3.8503971695899963,7.124361038208008,15.485438346862793
253,1,1,1.2,0.5,2.0,1.163510799407959,2.0432170629501343,8.763320922851562,21.86761474609375
253,1,1,1.2,0.8,0.5,11.36778736114502,16.05899202823639,13.781988143920898,25.14280891418457
253,1,1,1.2,0.8,1.0,7.738742828369141,11.762543141841888,14.632529258728027,33.965171813964844
253,1,1,1.2,0.8,2.0,6.00813627243042,9.017883777618408,14.430867195129395,38.15321731567383
253,1,2,0.8,0.2,0.5,4.788560390472412,7.055238366127014,2.7962141036987305,3.7990000247955322
253,1,2,0.8,0.2,1.0,3.6541848182678223,5.235367238521576,3.300077199935913,5.6240715980529785
253,1,2,0.8,0.2,2.0,1.7498129606246948,2.880034387111664,3.865415573120117,7.773731231689453
253,1,2,0.8,0.5,0.5,7.005972385406494,10.46278065443039,3.2864139080047607,4.5845112800598145
253,1,2,0.8,0.5,1.0,3.08914852142334,4.187003195285797,4.360447406768799,8.118609428405762
253,1,2,0.8,0.5,2.0,1.0974501371383667,1.8575370907783508,4.844025135040283,11.336575508117676
253,1,2,0.8,0.8,0.5,6.631319522857666,10.035167217254639,4.6581220626831055,7.443219184875488
253,1,2,0.8,0.8,1.0,4.786803245544434,7.398591637611389,6.408000946044922,13.908242225646973
253,1,2,0.8,0.8,2.0,2.3326714038848877,3.250489115715027,7.161900043487549,18.49086570739746
253,1,2,1.0,0.2,0.5,5.404108047485352,8.448063015937805,4.004421234130859,5.59003210067749
253,1,2,1.0,0.2,1.0,5.007656574249268,7.797946453094482,3.61423921585083,6.455729007720947
253,1,2,1.0,0.2,2.0,0.41548532247543335,0.49479055404663086,4.53447961807251,9.709887504577637
253,1,2,1.0,0.5,0.5,7.8053202629089355,12.361300885677338,4.8915252685546875,7.747406005859375
253,1,2,1.0,0.5,1.0,2.1776440143585205,3.8060861229896545,5.3420729637146,10.303182601928711
253,1,2,1.0,0.5,2.0,1.870378017425537,2.0588077306747437,6.79935884475708,17.268518447875977
253,1,2,1.0,0.8,0.5,8.483993530273438,11.008944511413574,6.793686866760254,11.254765510559082
253,1,2,1.0,0.8,1.0,2.706134557723999,3.79679536819458,7.490334510803223,16.423311233520508
253,1,2,1.0,0.8,2.0,2.432894468307495,3.9110262393951416,9.612740516662598,25.436147689819336
253,1,2,1.2,0.2,0.5,9.277812957763672,9.545739591121674,4.576023101806641,6.195917129516602
253,1,2,1.2,0.2,1.0,4.766408443450928,7.4699748158454895,5.039085388183594,8.931876182556152
253,1,2,1.2,0.2,2.0,1.2203774452209473,1.2582152485847473,6.060491561889648,13.324695587158203
253,1,2,1.2,0.5,0.5,8.529031753540039,12.527739703655243,6.271061897277832,9.947444915771484
253,1,2,1.2,0.5,1.0,2.6226727962493896,2.9592264890670776,7.161392688751221,15.328121185302734
253,1,2,1.2,0.5,2.0,1.1525256633758545,1.0910529494285583,8.385984420776367,21.38251304626465
253,1,2,1.2,0.8,0.5,8.712995529174805,12.52918541431427,9.523695945739746,17.577770233154297
253,1,2,1.2,0.8,1.0,7.663477897644043,11.54462480545044,11.567289352416992,26.42998504638672
253,1,2,1.2,0.8,2.0,5.220026016235352,8.151367485523224,13.170890808105469,36.76083755493164
254,1,0,0.8,0.2,0.5,4.328073024749756,7.817715227603912,2.6653847694396973,3.4303665161132812
254,1,0,0.8,0.2,1.0,4.490289211273193,7.8986809849739075,3.323775053024292,5.4413676261901855
254,1,0,0.8,0.2,2.0,1.2553224563598633,1.5164936184883118,4.180634498596191,8.329214096069336
254,1,0,0.8,0.5,0.5,5.181565284729004,8.359942078590393,2.908979892730713,4.077808856964111
254,1,0,0.8,0.5,1.0,2.5832338333129883,3.908023178577423,3.8920154571533203,7.136270523071289
254,1,0,0.8,0.5,2.0,1.1758990287780762,2.120548665523529,5.1408586502075195,11.83655834197998
254,1,0,0.8,0.8,0.5,6.502706050872803,10.30470210313797,5.148816108703613,8.28186321258545
254,1,0,0.8,0.8,1.0,3.8015356063842773,5.967146039009094,6.334887504577637,13.183507919311523
254,1,0,0.8,0.8,2.0,3.610328435897827,5.256958484649658,8.0374174118042,21.65892219543457
254,1,0,1.0,0.2,0.5,6.351753234863281,9.86459106206894,3.6037487983703613,5.119142532348633
254,1,0,1.0,0.2,1.0,4.373350143432617,7.052306175231934,5.575081825256348,10.841104507446289
254,1,0,1.0,0.2,2.0,0.9093003273010254,1.1073271036148071,4.739484786987305,10.698002815246582
254,1,0,1.0,0.5,0.5,6.634199142456055,9.987105250358582,4.878920078277588,7.591461181640625
254,1,0,1.0,0.5,1.0,2.956390380859375,3.5486836433410645,6.0249342918396,11.744285583496094
254,1,0,1.0,0.5,2.0,1.353144645690918,1.6128903031349182,7.941868305206299,20.397319793701172
254,1,0,1.0,0.8,0.5,8.83602523803711,13.246435046195984,7.567573070526123,13.009310722351074
254,1,0,1.0,0.8,1.0,7.423348426818848,11.259012460708618,11.810721397399902,26.384937286376953
254,1,0,1.0,0.8,2.0,5.168109893798828,8.23711109161377,14.087085723876953,38.84068298339844
254,1,0,1.2,0.2,0.5,8.854305267333984,10.822706282138824,4.722440719604492,6.866334438323975
254,1,0,1.2,0.2,1.0,4.600196361541748,6.754382610321045,6.870434761047363,12.32497501373291
254,1,0,1.2,0.2,2.0,0.4592328667640686,1.0726522207260132,5.662628650665283,12.77892017364502
254,1,0,1.2,0.5,0.5,9.358410835266113,14.284027457237244,6.836707592010498,11.04971694946289
254,1,0,1.2,0.5,1.0,3.582749128341675,5.487106144428253,8.49235725402832,17.394180297851562
254,1,0,1.2,0.5,2.0,0.9733308553695679,1.16765296459198,8.337897300720215,21.145837783813477
254,1,0,1.2,0.8,0.5,11.424691200256348,15.48128616809845,14.620161056518555,26.94304084777832
254,1,0,1.2,0.8,1.0,7.61700439453125,11.739532113075256,19.33770179748535,46.5643196105957
254,1,0,1.2,0.8,2.0,5.276359558105469,8.398342192173004,17.23031997680664,47.29543685913086
254,1,1,0.8,0.2,0.5,6.81420373916626,9.188236594200134,2.6474595069885254,3.4475646018981934
254,1,1,0.8,0.2,1.0,3.334537982940674,7.0717721581459045,3.0567336082458496,4.736515045166016
254,1,1,0.8,0.2,2.0,1.8288410902023315,2.474229097366333,3.9527313709259033,7.626035213470459
254,1,1,0.8,0.5,0.5,6.641985893249512,10.273048758506775,3.775998592376709,5.7121052742004395
254,1,1,0.8,0.5,1.0,0.6671267151832581,0.7760657072067261,4.771860122680664,9.484160423278809
254,1,1,0.8,0.5,2.0,1.2246078252792358,2.058094024658203,5.148172378540039,11.547082901000977
254,1,1,0.8,0.8,0.5,6.559360027313232,9.316274285316467,4.659012794494629,7.167261600494385
254,1,1,0.8,0.8,1.0,5.581308364868164,8.180780827999115,5.997318267822266,12.452001571655273
254,1,1,0.8,0.8,2.0,3.2069594860076904,3.731233835220337,7.687811851501465,19.641874313354492
254,1,1,1.0,0.2,0.5,4.985266208648682,6.986256420612335,3.3683862686157227,4.684436321258545
254,1,1,1.0,0.2,1.0,5.178474426269531,6.628807723522186,4.605282783508301,7.70384407043457
254,1,1,1.0,0.2,2.0,1.2684998512268066,1.9010909795761108,5.381389617919922,11.942634582519531
254,1,1,1.0,0.5,0.5,6.726801872253418,11.029463410377502,4.954399108886719,7.663325786590576
254,1,1,1.0,0.5,1.0,2.039503574371338,3.8617130517959595,5.7455878257751465,11.05073070526123
254,1,1,1.0,0.5,2.0,1.4160584211349487,2.547966182231903,7.329385757446289,17.65486717224121
254,1,1,1.0,0.8,0.5,9.661134719848633,14.173000395298004,7.263593673706055,12.85890007019043
254,1,1,1.0,0.8,1.0,6.536662578582764,9.996541857719421,11.070121765136719,25.733814239501953
254,1,1,1.0,0.8,2.0,3.758418083190918,5.491190552711487,10.904178619384766,29.482269287109375
254,1,1,1.2,0.2,0.5,7.399515628814697,12.605868458747864,4.663385391235352,6.848400115966797
254,1,1,1.2,0.2,1.0,4.374623775482178,6.660929501056671,6.365471363067627,12.10898494720459
254,1,1,1.2,0.2,2.0,0.13269859552383423,0.1365342140197754,5.9839348793029785,12.75552749633789
254,1,1,1.2,0.5,0.5,8.434688568115234,15.820903360843658,8.271835327148438,14.293063163757324
254,1,1,1.2,0.5,1.0,5.768277168273926,8.375811576843262,9.757159233093262,20.423612594604492
254,1,1,1.2,0.5,2.0,0.41780394315719604,0.7019197344779968,9.265195846557617,24.297256469726562
254,1,1,1.2,0.8,0.5,10.578359603881836,15.193650364875793,17.949462890625,32.14895248413086
254,1,1,1.2,0.8,1.0,7.776606559753418,11.677695095539093,18.260967254638672,42.12977981567383
254,1,1,1.2,0.8,2.0,5.156504154205322,7.879909992218018,14.3145751953125,40.069393157958984
254,1,2,0.8,0.2,0.5,7.194700717926025,8.39913696050644,2.750596284866333,3.785540819168091
254,1,2,0.8,0.2,1.0,3.8198304176330566,5.8860392570495605,3.1113626956939697,5.60067081451416
254,1,2,0.8,0.2,2.0,1.3052008152008057,1.8699003458023071,3.8079302310943604,7.447603702545166
254,1,2,0.8,0.5,0.5,6.5003228187561035,9.344594657421112,3.6542975902557373,5.454833507537842
254,1,2,0.8,0.5,1.0,2.705221652984619,4.415106773376465,3.795645236968994,6.557714939117432
254,1,2,0.8,0.5,2.0,1.08571195602417,1.953075349330902,5.282939910888672,13.014857292175293
254,1,2,0.8,0.8,0.5,6.782993316650391,8.052862226963043,4.953429222106934,7.648869514465332
254,1,2,0.8,0.8,1.0,3.2143349647521973,4.5146485567092896,6.933066368103027,15.033462524414062
254,1,2,0.8,0.8,2.0,3.1011903285980225,4.103595077991486,8.01688289642334,21.184823989868164
254,1,2,1.0,0.2,0.5,7.245792388916016,9.715775787830353,3.982959032058716,5.782506942749023
254,1,2,1.0,0.2,1.0,4.738272190093994,7.0033140778541565,4.242105484008789,7.205911159515381
254,1,2,1.0,0.2,2.0,0.5040040016174316,0.9053451418876648,4.983097076416016,10.374495506286621
254,1,2,1.0,0.5,0.5,9.240152359008789,12.938004434108734,5.253377437591553,8.045927047729492
254,1,2,1.0,0.5,1.0,3.0468363761901855,4.934802055358887,5.027609348297119,9.519314765930176
254,1,2,1.0,0.5,2.0,0.9883992075920105,1.697245717048645,7.587360382080078,18.273527145385742
254,1,2,1.0,0.8,0.5,8.53181266784668,13.463894128799438,7.59056282043457,12.618125915527344
254,1,2,1.0,0.8,1.0,4.253843307495117,5.749315083026886,8.622629165649414,18.508955001831055
254,1,2,1.0,0.8,2.0,3.919179916381836,6.565048456192017,12.326732635498047,33.73143005371094
254,1,2,1.2,0.2,0.5,6.0845947265625,8.785226166248322,5.580082416534424,8.187381744384766
254,1,2,1.2,0.2,1.0,4.379665374755859,6.99705582857132,5.873280048370361,10.777822494506836
254,1,2,1.2,0.2,2.0,0.986515998840332,1.2197161316871643,6.410378456115723,15.014302253723145
254,1,2,1.2,0.5,0.5,9.095304489135742,13.49042797088623,6.8437700271606445,10.638962745666504
254,1,2,1.2,0.5,1.0,3.038701295852661,5.402907371520996,7.369349956512451,14.12454605102539
254,1,2,1.2,0.5,2.0,2.350274085998535,3.153080105781555,10.003691673278809,26.10356330871582
254,1,2,1.2,0.8,0.5,11.940929412841797,16.722502946853638,10.47679328918457,18.46714973449707
254,1,2,1.2,0.8,1.0,7.957519054412842,12.059932708740234,17.071752548217773,38.684791564941406
254,1,2,1.2,0.8,2.0,6.104310989379883,9.136657238006592,17.829317092895508,48.80912399291992
255,1,0,0.8,0.2,0.5,4.2149481773376465,7.254762887954712,2.7378880977630615,3.6925766468048096
255,1,0,0.8,0.2,1.0,4.791144847869873,7.549665629863739,3.064706563949585,5.11057710647583
255,1,0,0.8,0.2,2.0,1.343569278717041,2.260077714920044,3.763742685317993,7.889048099517822
255,1,0,0.8,0.5,0.5,6.353854656219482,9.89059853553772,3.5445215702056885,5.0939507484436035
255,1,0,0.8,0.5,1.0,2.8720860481262207,4.09431916475296,4.210256099700928,7.686343669891357
255,1,0,0.8,0.5,2.0,1.5213528871536255,1.7792300581932068,4.758491516113281,10.938265800476074
255,1,0,0.8,0.8,0.5,7.32363748550415,10.283243536949158,4.638862609863281,7.179582595825195
255,1,0,0.8,0.8,1.0,4.999421119689941,6.226322054862976,5.648972988128662,11.71379566192627
255,1,0,0.8,0.8,2.0,2.905282735824585,3.002207040786743,5.582172393798828,13.477032661437988
255,1,0,1.0,0.2,0.5,6.656351089477539,8.583889663219452,3.6223175525665283,4.885725975036621
255,1,0,1.0,0.2,1.0,4.031913757324219,6.558899939060211,4.032679557800293,6.690021514892578
255,1,0,1.0,0.2,2.0,0.2857106924057007,0.5913460850715637,4.7808332443237305,11.081643104553223
255,1,0,1.0,0.5,0.5,6.499786376953125,9.743734121322632,4.432888984680176,6.753116607666016
255,1,0,1.0,0.5,1.0,1.9514567852020264,3.1223023533821106,5.223284721374512,10.305916786193848
255,1,0,1.0,0.5,2.0,0.6595384478569031,0.5674932599067688,6.19969367980957,15.076793670654297
255,1,0,1.0,0.8,0.5,8.26186752319336,12.254478573799133,7.448997974395752,13.162961959838867
255,1,0,1.0,0.8,1.0,4.126377105712891,5.196012377738953,8.614095687866211,18.673303604125977
255,1,0,1.0,0.8,2.0,3.517817974090576,4.4936235547065735,10.026079177856445,27.391380310058594
255,1,0,1.2,0.2,0.5,6.240669250488281,8.398768305778503,4.366486072540283,5.9634318351745605
255,1,0,1.2,0.2,1.0,4.646869659423828,6.629494667053223,4.872313022613525,8.814587593078613
255,1,0,1.2,0.2,2.0,0.0,0.05518084764480591,5.32180118560791,11.06216049194336
255,1,0,1.2,0.5,0.5,9.066168785095215,13.92830777168274,7.555084705352783,9.736602783203125
255,1,0,1.2,0.5,1.0,2.8214168548583984,3.6196218132972717,8.94826889038086,19.038089752197266
255,1,0,1.2,0.5,2.0,1.841353178024292,1.7483574151992798,8.777642250061035,23.020387649536133
255,1,0,1.2,0.8,0.5,10.599357604980469,15.852656245231628,9.634411811828613,16.72467613220215
255,1,0,1.2,0.8,1.0,6.94410514831543,9.000472962856293,11.897552490234375,26.135784149169922
255,1,0,1.2,0.8,2.0,3.6621298789978027,5.466445624828339,12.61907958984375,34.76422882080078
255,1,1,0.8,0.2,0.5,7.009407997131348,10.074842691421509,2.9065122604370117,4.031951427459717
255,1,1,0.8,0.2,1.0,4.503199100494385,7.883820295333862,3.3727035522460938,5.490047931671143
255,1,1,0.8,0.2,2.0,1.556164026260376,2.2039451003074646,3.5100347995758057,7.170164585113525
255,1,1,0.8,0.5,0.5,6.190633296966553,9.745052754878998,3.4720041751861572,5.1517815589904785
255,1,1,0.8,0.5,1.0,1.3308720588684082,2.2037445306777954,4.152403354644775,8.239559173583984
255,1,1,0.8,0.5,2.0,0.5258572697639465,0.8829513192176819,4.854761123657227,11.30443286895752
255,1,1,0.8,0.8,0.5,6.137845039367676,8.792047500610352,5.148337364196777,8.593827247619629
255,1,1,0.8,0.8,1.0,3.5795061588287354,4.496255338191986,5.780306339263916,11.752164840698242
255,1,1,0.8,0.8,2.0,1.9947466850280762,3.723604381084442,6.79276704788208,16.89198112487793
255,1,1,1.0,0.2,0.5,5.180120468139648,6.379059076309204,3.4988086223602295,4.821105480194092
255,1,1,1.0,0.2,1.0,3.9353861808776855,6.205096125602722,4.0778303146362305,6.9061503410339355
255,1,1,1.0,0.2,2.0,1.2404911518096924,1.4197792410850525,4.452117443084717,9.704668998718262
255,1,1,1.0,0.5,0.5,7.1833977699279785,11.455883383750916,4.993645668029785,7.587469100952148
255,1,1,1.0,0.5,1.0,3.023007392883301,4.0240907073020935,5.924387454986572,11.918783187866211
255,1,1,1.0,0.5,2.0,0.8377218246459961,1.266953945159912,5.773712158203125,14.223626136779785
255,1,1,1.0,0.8,0.5,9.040533065795898,13.31196254491806,6.959155559539795,11.621702194213867
255,1,1,1.0,0.8,1.0,4.916565895080566,6.45202761888504,8.744978904724121,19.344396591186523
255,1,1,1.0,0.8,2.0,3.0255496501922607,3.8860474824905396,10.435710906982422,28.470849990844727
255,1,1,1.2,0.2,0.5,5.909435749053955,8.671964466571808,4.58498477935791,6.6927595138549805
255,1,1,1.2,0.2,1.0,3.554914712905884,6.810338139533997,5.012106418609619,8.781729698181152
255,1,1,1.2,0.2,2.0,0.5033819079399109,0.6303415298461914,5.419678688049316,12.434305191040039
255,1,1,1.2,0.5,0.5,6.650557994842529,11.213412582874298,6.601767063140869,10.959744453430176
255,1,1,1.2,0.5,1.0,2.4902915954589844,3.5779556035995483,8.447375297546387,17.268917083740234
255,1,1,1.2,0.5,2.0,0.49786001443862915,0.49948251247406006,8.48037338256836,22.022262573242188
255,1,1,1.2,0.8,0.5,10.738594055175781,16.095266938209534,10.463876724243164,19.574241638183594
255,1,1,1.2,0.8,1.0,6.826623916625977,9.34490555524826,11.111712455749512,25.144134521484375
255,1,1,1.2,0.8,2.0,4.810397624969482,7.088504672050476,13.036372184753418,37.21656036376953
255,1,2,0.8,0.2,0.5,5.771880626678467,8.70257192850113,2.6303229331970215,3.6131069660186768
255,1,2,0.8,0.2,1.0,4.547969341278076,7.377172410488129,3.3455164432525635,5.713037490844727
255,1,2,0.8,0.2,2.0,1.6021091938018799,2.3495336174964905,3.4670987129211426,6.490457057952881
255,1,2,0.8,0.5,0.5,6.168979644775391,8.525315940380096,3.337631940841675,5.058363437652588
255,1,2,0.8,0.5,1.0,2.5878419876098633,4.559436798095703,3.9513659477233887,7.28104829788208
255,1,2,0.8,0.5,2.0,1.0482990741729736,1.9370142817497253,4.637281894683838,10.230470657348633
255,1,2,0.8,0.8,0.5,6.789933204650879,9.7883540391922,4.396335601806641,6.875794887542725
255,1,2,0.8,0.8,1.0,4.073420524597168,4.910472273826599,5.598508358001709,11.280031204223633
255,1,2,0.8,0.8,2.0,1.9823744297027588,2.977497100830078,6.340020179748535,16.039512634277344
255,1,2,1.0,0.2,0.5,5.702671051025391,8.138625919818878,3.3022372722625732,4.746131420135498
255,1,2,1.0,0.2,1.0,6.245724678039551,8.80380266904831,3.744638681411743,6.239830493927002
255,1,2,1.0,0.2,2.0,1.1418930292129517,1.7067829370498657,4.473217487335205,9.078465461730957
255,1,2,1.0,0.5,0.5,6.719554901123047,10.243691086769104,4.452333927154541,6.786435127258301
255,1,2,1.0,0.5,1.0,3.31740665435791,4.532501518726349,5.471157073974609,10.51801586151123
255,1,2,1.0,0.5,2.0,2.0489938259124756,2.7713087797164917,6.489617824554443,15.80289077758789
255,1,2,1.0,0.8,0.5,8.115236282348633,11.753795683383942,6.534407138824463,11.247815132141113
255,1,2,1.0,0.8,1.0,4.8733229637146,7.279308080673218,9.140247344970703,20.00700569152832
255,1,2,1.0,0.8,2.0,2.874422550201416,4.282769978046417,8.763936996459961,22.373441696166992
255,1,2,1.2,0.2,0.5,6.323179721832275,8.80595988035202,6.9571051597595215,10.073151588439941
255,1,2,1.2,0.2,1.0,4.107048988342285,5.986126720905304,5.331079959869385,9.013346672058105
255,1,2,1.2,0.2,2.0,0.8275663256645203,0.9313187003135681,5.650870323181152,12.312994956970215
255,1,2,1.2,0.5,0.5,8.115667343139648,13.144451320171356,5.753085613250732,8.773643493652344
255,1,2,1.2,0.5,1.0,3.8094024658203125,5.540234744548798,7.667032718658447,15.967262268066406
255,1,2,1.2,0.5,2.0,0.25017738342285156,0.2982667088508606,8.394883155822754,20.80670928955078
255,1,2,1.2,0.8,0.5,10.005499839782715,14.37457424402237,10.433451652526855,18.812213897705078
255,1,2,1.2,0.8,1.0,6.740028381347656,9.710471391677856,11.972186088562012,27.46118927001953
255,1,2,1.2,0.8,2.0,6.028193473815918,9.225392937660217,14.88253116607666,39.41107940673828
256,1,0,0.8,0.2,0.5,6.263089179992676,7.8037577867507935,2.629279613494873,3.5937440395355225
256,1,0,0.8,0.2,1.0,4.671815872192383,7.838207364082336,2.938168525695801,4.72467565536499
256,1,0,0.8,0.2,2.0,1.9721935987472534,3.061700940132141,3.1013946533203125,6.300221920013428
256,1,0,0.8,0.5,0.5,5.118494987487793,8.260796189308167,3.1095099449157715,4.667001247406006
256,1,0,0.8,0.5,1.0,3.0499236583709717,4.520166575908661,3.9064769744873047,7.166231632232666
256,1,0,0.8,0.5,2.0,1.1899312734603882,1.8066697120666504,4.426740646362305,9.823805809020996
256,1,0,0.8,0.8,0.5,6.0488739013671875,8.995791912078857,3.8970651626586914,6.02215576171875
256,1,0,0.8,0.8,1.0,3.362548589706421,4.723365068435669,5.206524848937988,10.615962982177734
256,1,0,0.8,0.8,2.0,2.8353114128112793,3.5880324840545654,6.1724629402160645,15.057107925415039
256,1,0,1.0,0.2,0.5,5.515625,7.938846826553345,3.2404301166534424,4.317766189575195
256,1,0,1.0,0.2,1.0,4.378585338592529,6.771506369113922,3.5877535343170166,6.291943550109863
256,1,0,1.0,0.2,2.0,0.9464327096939087,1.5611554384231567,4.420675277709961,8.606849670410156
256,1,0,1.0,0.5,0.5,5.853271484375,9.415580213069916,3.7191483974456787,5.354434490203857
256,1,0,1.0,0.5,1.0,2.279616355895996,3.0969467163085938,5.172105312347412,10.144590377807617
256,1,0,1.0,0.5,2.0,1.2034213542938232,1.886547029018402,6.3309807777404785,16.15813636779785
256,1,0,1.0,0.8,0.5,6.700133323669434,10.026547133922577,5.758749008178711,9.394824981689453
256,1,0,1.0,0.8,1.0,3.5540571212768555,4.626711428165436,7.66602897644043,16.69679069519043
256,1,0,1.0,0.8,2.0,1.455735683441162,1.791445553302765,8.070977210998535,21.76112937927246
256,1,0,1.2,0.2,0.5,6.527761459350586,11.846150040626526,4.829573154449463,7.8150177001953125
256,1,0,1.2,0.2,1.0,3.8922348022460938,6.143740117549896,4.491708278656006,8.489883422851562
256,1,0,1.2,0.2,2.0,1.2528494596481323,1.6780476570129395,4.882334232330322,11.219927787780762
256,1,0,1.2,0.5,0.5,8.18588638305664,12.464830696582794,6.136995315551758,9.40275764465332
256,1,0,1.2,0.5,1.0,3.6175456047058105,5.032503724098206,7.806964874267578,17.179107666015625
256,1,0,1.2,0.5,2.0,0.7195994853973389,0.7318884134292603,8.096142768859863,20.91437530517578
256,1,0,1.2,0.8,0.5,8.219730377197266,11.734923183918,7.582072734832764,12.823144912719727
256,1,0,1.2,0.8,1.0,5.749535083770752,7.581343352794647,11.41275691986084,25.89392852783203
256,1,0,1.2,0.8,2.0,5.159733295440674,7.5640634298324585,14.238381385803223,39.038482666015625
256,1,1,0.8,0.2,0.5,5.229114532470703,9.341072976589203,2.568575620651245,3.331956624984741
256,1,1,0.8,0.2,1.0,3.648507595062256,6.074519395828247,2.8584721088409424,4.639889717102051
256,1,1,0.8,0.2,2.0,1.8229122161865234,3.0207521319389343,3.1436965465545654,6.587791919708252
256,1,1,0.8,0.5,0.5,5.129934787750244,8.09362542629242,3.4238297939300537,5.045148849487305
256,1,1,0.8,0.5,1.0,2.643733501434326,4.3266183733940125,3.7134592533111572,6.8928914070129395
256,1,1,0.8,0.5,2.0,0.7818219065666199,1.0653402209281921,4.298214435577393,9.73068904876709
256,1,1,0.8,0.8,0.5,5.422966003417969,7.455915451049805,4.67751932144165,7.26250696182251
256,1,1,0.8,0.8,1.0,4.678963661193848,7.788142383098602,5.015398025512695,9.833200454711914
256,1,1,0.8,0.8,2.0,2.7014122009277344,3.1096982955932617,5.519471645355225,13.156721115112305
256,1,1,1.0,0.2,0.5,6.401299476623535,9.281222522258759,3.2777059078216553,4.586768627166748
256,1,1,1.0,0.2,1.0,3.9234399795532227,7.222605586051941,3.503105878829956,5.636414527893066
256,1,1,1.0,0.2,2.0,0.7993789911270142,1.5506752729415894,4.067213535308838,8.901350021362305
256,1,1,1.0,0.5,0.5,6.951764106750488,11.314530909061432,4.161809921264648,6.5975871086120605
256,1,1,1.0,0.5,1.0,1.7666263580322266,2.2098476886749268,4.977455139160156,9.688484191894531
256,1,1,1.0,0.5,2.0,1.963531255722046,2.08718740940094,6.0467939376831055,15.042465209960938
256,1,1,1.0,0.8,0.5,5.236682415008545,8.143834173679352,5.4168009757995605,8.808048248291016
256,1,1,1.0,0.8,1.0,4.202347755432129,5.266417026519775,8.32735538482666,18.03013038635254
256,1,1,1.0,0.8,2.0,1.9245543479919434,2.6195330023765564,8.133000373840332,22.268095016479492
256,1,1,1.2,0.2,0.5,6.120907783508301,9.479692339897156,4.199455738067627,5.949532508850098
256,1,1,1.2,0.2,1.0,4.350681304931641,6.968154013156891,4.761639595031738,8.042317390441895
256,1,1,1.2,0.2,2.0,0.8802593350410461,1.247607707977295,4.932742118835449,10.376677513122559
256,1,1,1.2,0.5,0.5,6.321905612945557,11.524129331111908,5.754244804382324,9.323843955993652
256,1,1,1.2,0.5,1.0,2.1641030311584473,3.4640318155288696,6.197355270385742,12.719395637512207
256,1,1,1.2,0.5,2.0,1.2363739013671875,1.2116644978523254,7.775334358215332,18.664655685424805
256,1,1,1.2,0.8,0.5,9.592239379882812,13.400656878948212,10.047723770141602,18.083280563354492
256,1,1,1.2,0.8,1.0,5.882340431213379,8.689550995826721,11.50976276397705,25.131818771362305
256,1,1,1.2,0.8,2.0,2.6961464881896973,4.616711854934692,11.903706550598145,32.720191955566406
256,1,2,0.8,0.2,0.5,6.210686683654785,7.163090527057648,2.572521209716797,3.321089267730713
256,1,2,0.8,0.2,1.0,4.6342010498046875,6.531610488891602,2.9704034328460693,4.861428737640381
256,1,2,0.8,0.2,2.0,1.6924328804016113,3.1299794912338257,3.6092708110809326,7.184835910797119
256,1,2,0.8,0.5,0.5,6.038473606109619,8.696337699890137,3.1725313663482666,4.494412422180176
256,1,2,0.8,0.5,1.0,2.5192270278930664,3.0906495451927185,3.79464054107666,6.926573753356934
256,1,2,0.8,0.5,2.0,1.5121265649795532,1.9549310207366943,4.42370080947876,9.57076358795166
256,1,2,0.8,0.8,0.5,6.438237190246582,9.351441323757172,4.448891639709473,6.793243885040283
256,1,2,0.8,0.8,1.0,4.157562255859375,6.427406072616577,5.1054534912109375,10.321698188781738
256,1,2,0.8,0.8,2.0,2.449105739593506,2.4780730605125427,6.1541523933410645,15.120816230773926
256,1,2,1.0,0.2,0.5,5.154994964599609,8.275707304477692,3.0716116428375244,4.040007591247559
256,1,2,1.0,0.2,1.0,4.120296955108643,7.269586086273193,3.725513458251953,6.609713554382324
256,1,2,1.0,0.2,2.0,1.3341007232666016,2.1353715658187866,4.136148452758789,8.615595817565918
256,1,2,1.0,0.5,0.5,7.085031509399414,10.939654350280762,3.754350185394287,5.61334228515625
256,1,2,1.0,0.5,1.0,3.767970085144043,5.733462035655975,6.274730682373047,12.15661334991455
256,1,2,1.0,0.5,2.0,1.0084919929504395,1.2126407027244568,6.053828716278076,14.906015396118164
256,1,2,1.0,0.8,0.5,7.802879333496094,11.259431421756744,6.282810688018799,10.186208724975586
256,1,2,1.0,0.8,1.0,5.236754417419434,6.786751806735992,7.4439897537231445,16.607431411743164
256,1,2,1.0,0.8,2.0,3.2383358478546143,4.434604585170746,7.532822132110596,19.732690811157227
256,1,2,1.2,0.2,0.5,5.768564224243164,8.662676811218262,4.753469944000244,6.614035129547119
256,1,2,1.2,0.2,1.0,4.337344646453857,6.1722089648246765,4.816122055053711,8.46844482421875
256,1,2,1.2,0.2,2.0,0.36184215545654297,0.9597152471542358,5.000364303588867,10.793292999267578
256,1,2,1.2,0.5,0.5,7.760660171508789,12.164988160133362,6.0201263427734375,9.623781204223633
256,1,2,1.2,0.5,1.0,2.9473748207092285,4.104376554489136,6.853488922119141,13.972468376159668
256,1,2,1.2,0.5,2.0,1.5219833850860596,2.6938262581825256,7.456322193145752,18.318540573120117
256,1,2,1.2,0.8,0.5,8.835866928100586,13.372160017490387,9.539214134216309,16.95383644104004
256,1,2,1.2,0.8,1.0,4.104603290557861,6.56413996219635,10.532894134521484,24.510818481445312
256,1,2,1.2,0.8,2.0,2.9184348583221436,4.614825010299683,10.811792373657227,28.38593101501465
257,1,0,0.8,0.2,0.5,3.9870405197143555,7.231933772563934,2.591151475906372,3.478585720062256
257,1,0,0.8,0.2,1.0,3.9042108058929443,5.550057947635651,2.8755438327789307,4.62748908996582
257,1,0,0.8,0.2,2.0,2.11340069770813,3.312915802001953,3.288487672805786,6.7137451171875
257,1,0,0.8,0.5,0.5,5.4325151443481445,8.965569853782654,3.3509464263916016,4.765660285949707
257,1,0,0.8,0.5,1.0,3.721919298171997,6.75672447681427,3.7123303413391113,6.418166160583496
257,1,0,0.8,0.5,2.0,1.9884659051895142,2.4586918354034424,4.397782802581787,9.85268783569336
257,1,0,0.8,0.8,0.5,6.496886253356934,9.676128089427948,4.32396125793457,6.725940227508545
257,1,0,0.8,0.8,1.0,4.065637588500977,6.068207204341888,5.794279098510742,12.315718650817871
257,1,0,0.8,0.8,2.0,2.406975269317627,3.349593937397003,5.9375386238098145,15.095991134643555
257,1,0,1.0,0.2,0.5,6.694933891296387,8.649253487586975,3.3936901092529297,4.55643367767334
257,1,0,1.0,0.2,1.0,3.809128999710083,5.443418502807617,3.524719476699829,6.029623985290527
257,1,0,1.0,0.2,2.0,1.0060369968414307,1.9405755996704102,3.9925191402435303,7.973222255706787
257,1,0,1.0,0.5,0.5,5.64987325668335,10.04635626077652,4.247385025024414,6.716891765594482
257,1,0,1.0,0.5,1.0,2.4551796913146973,4.466357588768005,5.4726972579956055,11.106979370117188
257,1,0,1.0,0.5,2.0,0.9404102563858032,1.3658859133720398,5.744114875793457,14.08421802520752
257,1,0,1.0,0.8,0.5,7.239982604980469,10.686085999011993,5.936248779296875,10.31554126739502
257,1,0,1.0,0.8,1.0,3.7260398864746094,5.601308465003967,6.8583879470825195,14.898880958557129
257,1,0,1.0,0.8,2.0,3.223280429840088,5.648851275444031,8.758328437805176,21.68187713623047
257,1,0,1.2,0.2,0.5,6.152814865112305,8.45455950498581,5.039609432220459,7.43712043762207
257,1,0,1.2,0.2,1.0,4.115550994873047,6.1594091057777405,4.83383846282959,8.507234573364258
257,1,0,1.2,0.2,2.0,0.5759816765785217,0.6559281349182129,4.866137504577637,10.96574592590332
257,1,0,1.2,0.5,0.5,7.483966827392578,11.207534074783325,6.805692672729492,10.795814514160156
257,1,0,1.2,0.5,1.0,3.0782277584075928,4.306386113166809,7.623837471008301,15.669529914855957
257,1,0,1.2,0.5,2.0,0.6840670108795166,0.5545352697372437,7.097223281860352,17.557615280151367
257,1,0,1.2,0.8,0.5,9.987292289733887,14.453571498394012,9.169918060302734,16.649864196777344
257,1,0,1.2,0.8,1.0,6.295554161071777,9.095914423465729,10.392770767211914,23.178733825683594
257,1,0,1.2,0.8,2.0,3.9620656967163086,5.484353244304657,12.146939277648926,33.92742156982422
257,1,1,0.8,0.2,0.5,6.507015705108643,8.338252782821655,2.8574562072753906,3.918221950531006
257,1,1,0.8,0.2,1.0,4.619377136230469,6.4402956366539,2.9707679748535156,4.860323429107666
257,1,1,0.8,0.2,2.0,1.0485906600952148,1.8469080328941345,3.3321433067321777,6.692689418792725
257,1,1,0.8,0.5,0.5,5.939043045043945,8.894596993923187,3.1029555797576904,4.492521286010742
257,1,1,0.8,0.5,1.0,1.455973744392395,1.6683430671691895,3.9038236141204834,7.028569221496582
257,1,1,0.8,0.5,2.0,0.15447145700454712,0.6540020108222961,4.504932403564453,10.222831726074219
257,1,1,0.8,0.8,0.5,6.656554698944092,8.938283860683441,3.8763067722320557,5.950362682342529
257,1,1,0.8,0.8,1.0,3.832568407058716,4.76200407743454,5.471566677093506,11.236947059631348
257,1,1,0.8,0.8,2.0,2.707458019256592,4.073527991771698,5.955273628234863,15.296174049377441
257,1,1,1.0,0.2,0.5,5.9435272216796875,8.238933861255646,2.9861080646514893,3.9409053325653076
257,1,1,1.0,0.2,1.0,5.475245475769043,7.5249218344688416,3.8274483680725098,6.742122650146484
257,1,1,1.0,0.2,2.0,1.6898263692855835,2.29669189453125,3.7397234439849854,6.891425609588623
257,1,1,1.0,0.5,0.5,7.368281364440918,10.776893675327301,3.8825223445892334,5.662517070770264
257,1,1,1.0,0.5,1.0,2.850759506225586,4.2448670864105225,5.36769962310791,10.48169231414795
257,1,1,1.0,0.5,2.0,0.9107093214988708,1.7873236536979675,5.590002059936523,13.73736572265625
257,1,1,1.0,0.8,0.5,5.0319366455078125,6.996026575565338,6.809602737426758,11.449397087097168
257,1,1,1.0,0.8,1.0,4.698056221008301,7.10484391450882,7.118278980255127,15.40524959564209
257,1,1,1.0,0.8,2.0,2.7794911861419678,3.079485595226288,9.582160949707031,25.815994262695312
257,1,1,1.2,0.2,0.5,7.078204154968262,10.361741542816162,3.815690279006958,5.203280925750732
257,1,1,1.2,0.2,1.0,4.581166744232178,7.216092824935913,4.910531997680664,8.208948135375977
257,1,1,1.2,0.2,2.0,1.2421082258224487,1.8728028535842896,5.080856800079346,10.730744361877441
257,1,1,1.2,0.5,0.5,7.122041702270508,11.952379763126373,5.5345869064331055,8.88293170928955
257,1,1,1.2,0.5,1.0,4.008296489715576,5.6427658796310425,7.909497261047363,15.354262351989746
257,1,1,1.2,0.5,2.0,0.10319793224334717,0.544357180595398,7.52316427230835,19.720293045043945
257,1,1,1.2,0.8,0.5,8.143033981323242,12.72660768032074,7.945512294769287,13.323288917541504
257,1,1,1.2,0.8,1.0,6.59461784362793,9.656468093395233,10.722250938415527,23.86271095275879
257,1,1,1.2,0.8,2.0,3.462092876434326,5.663666605949402,11.815407752990723,30.669986724853516
257,1,2,0.8,0.2,0.5,6.822137832641602,8.950057208538055,2.692598342895508,3.6286211013793945
257,1,2,0.8,0.2,1.0,4.181161880493164,7.421045184135437,3.0323538780212402,5.143086910247803
257,1,2,0.8,0.2,2.0,1.5503427982330322,2.6348270177841187,3.465108871459961,6.581112861633301
257,1,2,0.8,0.5,0.5,6.746304512023926,10.431126296520233,3.254936695098877,4.541722774505615
257,1,2,0.8,0.5,1.0,3.622591733932495,5.5116992592811584,3.8482279777526855,6.767951965332031
257,1,2,0.8,0.5,2.0,1.6011359691619873,1.9842628240585327,4.392468452453613,10.214399337768555
257,1,2,0.8,0.8,0.5,7.577173709869385,11.782223284244537,5.045515060424805,8.251437187194824
257,1,2,0.8,0.8,1.0,4.712163925170898,6.966817796230316,5.490652084350586,10.786377906799316
257,1,2,0.8,0.8,2.0,0.9951380491256714,1.5022920966148376,6.409117698669434,16.079469680786133
257,1,2,1.0,0.2,0.5,6.297618865966797,7.624422967433929,3.516636610031128,4.81172513961792
257,1,2,1.0,0.2,1.0,4.115856170654297,6.615145921707153,3.7264130115509033,6.105742931365967
257,1,2,1.0,0.2,2.0,0.7326480150222778,1.168146014213562,4.13027811050415,8.756175994873047
257,1,2,1.0,0.5,0.5,6.585600852966309,10.441064059734344,4.336915016174316,6.587611675262451
257,1,2,1.0,0.5,1.0,2.7428574562072754,3.461621344089508,5.193556785583496,10.142461776733398
257,1,2,1.0,0.5,2.0,1.0983400344848633,0.7360360622406006,6.117587089538574,15.342541694641113
257,1,2,1.0,0.8,0.5,7.120941162109375,9.455165386199951,5.189930438995361,8.38634967803955
257,1,2,1.0,0.8,1.0,3.600114345550537,5.640360534191132,7.832712650299072,17.541210174560547
257,1,2,1.0,0.8,2.0,2.872392416000366,4.336038649082184,9.00953483581543,23.864871978759766
257,1,2,1.2,0.2,0.5,8.369418144226074,10.356361091136932,3.7688465118408203,5.299417972564697
257,1,2,1.2,0.2,1.0,4.728687286376953,7.631783425807953,4.917187690734863,8.79426383972168
257,1,2,1.2,0.2,2.0,1.0897784233093262,1.5179606676101685,4.93379545211792,11.038331031799316
257,1,2,1.2,0.5,0.5,7.974123477935791,12.300337612628937,5.904115676879883,9.461706161499023
257,1,2,1.2,0.5,1.0,1.68560791015625,2.530346632003784,7.01737642288208,14.855242729187012
257,1,2,1.2,0.5,2.0,1.7573769092559814,2.5117414593696594,7.627045631408691,19.983156204223633
257,1,2,1.2,0.8,0.5,8.852334976196289,13.691351354122162,8.362860679626465,14.657258033752441
257,1,2,1.2,0.8,1.0,5.536149978637695,7.999391496181488,11.618584632873535,26.203062057495117
257,1,2,1.2,0.8,2.0,3.6296093463897705,6.3872716426849365,13.424591064453125,36.28144454956055
258,1,0,0.8,0.2,0.5,6.261880874633789,7.484831869602203,3.0900111198425293,4.243205547332764
258,1,0,0.8,0.2,1.0,3.4321129322052,5.446963548660278,3.196939706802368,5.64630651473999
258,1,0,0.8,0.2,2.0,1.773667335510254,2.6228728890419006,3.462646484375,6.831381320953369
258,1,0,0.8,0.5,0.5,6.237332820892334,8.568564653396606,3.162576675415039,4.526058673858643
258,1,0,0.8,0.5,1.0,3.478184223175049,4.986362516880035,4.115158557891846,7.594420433044434
258,1,0,0.8,0.5,2.0,1.0533156394958496,1.8869234919548035,5.33803129196167,12.06194019317627
258,1,0,0.8,0.8,0.5,6.923106670379639,8.937029123306274,4.244949817657471,6.563033103942871
258,1,0,0.8,0.8,1.0,4.704278469085693,7.314256906509399,5.562656879425049,11.232438087463379
258,1,0,0.8,0.8,2.0,2.862941265106201,3.208626627922058,5.979702472686768,14.931796073913574
258,1,0,1.0,0.2,0.5,5.687933444976807,7.81832355260849,3.4014840126037598,4.778655052185059
258,1,0,1.0,0.2,1.0,4.56447696685791,7.668285429477692,3.572692632675171,5.876132488250732
258,1,0,1.0,0.2,2.0,0.5619339346885681,1.0255205631256104,4.3998212814331055,9.368766784667969
258,1,0,1.0,0.5,0.5,7.575860977172852,11.727524042129517,3.706712245941162,5.345283508300781
258,1,0,1.0,0.5,1.0,3.177243232727051,4.28253972530365,5.480238437652588,10.4984130859375
258,1,0,1.0,0.5,2.0,1.567603588104248,2.3404192328453064,5.7266998291015625,13.69150447845459
258,1,0,1.0,0.8,0.5,6.738045692443848,9.38349175453186,4.918801784515381,7.9097371101379395
258,1,0,1.0,0.8,1.0,5.023601531982422,5.937328338623047,9.568867683410645,22.047395706176758
258,1,0,1.0,0.8,2.0,2.991431713104248,4.623902678489685,7.85491418838501,20.474599838256836
258,1,0,1.2,0.2,0.5,5.399044036865234,8.668149530887604,4.848825931549072,7.2101850509643555
258,1,0,1.2,0.2,1.0,4.288237571716309,7.189333975315094,4.526460647583008,7.750655651092529
258,1,0,1.2,0.2,2.0,0.6138286590576172,0.9848232865333557,5.041851043701172,10.568208694458008
258,1,0,1.2,0.5,0.5,7.705558776855469,11.941170871257782,5.430657386779785,8.28500747680664
258,1,0,1.2,0.5,1.0,1.8352689743041992,1.9338781833648682,7.1562323570251465,14.844111442565918
258,1,0,1.2,0.5,2.0,1.6630489826202393,2.79597270488739,8.707249641418457,22.727066040039062
258,1,0,1.2,0.8,0.5,9.54269790649414,14.152615547180176,9.479695320129395,16.421072006225586
258,1,0,1.2,0.8,1.0,4.799406051635742,7.884656071662903,9.600544929504395,21.429615020751953
258,1,0,1.2,0.8,2.0,5.821201324462891,8.511506080627441,13.710502624511719,37.78822708129883
258,1,1,0.8,0.2,0.5,4.239795684814453,6.717800736427307,2.5937271118164062,3.4837734699249268
258,1,1,0.8,0.2,1.0,4.4765214920043945,6.668271839618683,3.1747312545776367,5.262327671051025
258,1,1,0.8,0.2,2.0,1.2757673263549805,1.6465123891830444,3.6887624263763428,7.0798420906066895
258,1,1,0.8,0.5,0.5,5.172901153564453,8.466372430324554,3.1834981441497803,4.541428565979004
258,1,1,0.8,0.5,1.0,2.7124176025390625,4.213329493999481,4.170680999755859,7.5948662757873535
258,1,1,0.8,0.5,2.0,1.755304217338562,2.133506417274475,4.9701762199401855,11.275755882263184
258,1,1,0.8,0.8,0.5,6.5657734870910645,10.118140578269958,4.37040901184082,6.860941410064697
258,1,1,0.8,0.8,1.0,2.3913323879241943,4.241343319416046,4.852684020996094,9.398056030273438
258,1,1,0.8,0.8,2.0,3.291821002960205,4.150637984275818,6.822902202606201,17.598896026611328
258,1,1,1.0,0.2,0.5,4.834776878356934,6.712195456027985,3.2753822803497314,4.562311172485352
258,1,1,1.0,0.2,1.0,5.332635402679443,7.576013565063477,3.5054574012756348,5.9381937980651855
258,1,1,1.0,0.2,2.0,1.450590968132019,2.561395585536957,4.3642497062683105,8.999807357788086
258,1,1,1.0,0.5,0.5,7.12711238861084,10.919719636440277,4.886624813079834,7.7229905128479
258,1,1,1.0,0.5,1.0,2.2293546199798584,3.9731979370117188,5.4507269859313965,10.155084609985352
258,1,1,1.0,0.5,2.0,0.9309961795806885,1.5520349740982056,6.520578861236572,16.27347183227539
258,1,1,1.0,0.8,0.5,7.9292144775390625,11.218329668045044,5.797828197479248,9.349638938903809
258,1,1,1.0,0.8,1.0,4.389477252960205,4.771483361721039,8.032669067382812,17.192859649658203
258,1,1,1.0,0.8,2.0,2.199221134185791,3.176808178424835,9.092843055725098,24.03533172607422
258,1,1,1.2,0.2,0.5,6.689180374145508,8.74295824766159,5.454692363739014,7.554563045501709
258,1,1,1.2,0.2,1.0,4.794686794281006,9.132037580013275,4.513681888580322,7.707252502441406
258,1,1,1.2,0.2,2.0,1.4083003997802734,2.2606694102287292,4.7294230461120605,9.6713285446167
258,1,1,1.2,0.5,0.5,7.896388530731201,11.826240181922913,5.743903160095215,9.203970909118652
258,1,1,1.2,0.5,1.0,2.7095348834991455,3.5634506940841675,8.291690826416016,17.72531509399414
258,1,1,1.2,0.5,2.0,1.1199336051940918,1.9631248712539673,7.3714141845703125,18.120479583740234
258,1,1,1.2,0.8,0.5,8.925518035888672,13.658996164798737,8.816672325134277,15.577795028686523
258,1,1,1.2,0.8,1.0,7.2686285972595215,11.438964784145355,12.640848159790039,29.960750579833984
258,1,1,1.2,0.8,2.0,5.16054630279541,7.634085834026337,14.257222175598145,38.883609771728516
258,1,2,0.8,0.2,0.5,4.697777271270752,7.054438531398773,2.6623566150665283,3.5646255016326904
258,1,2,0.8,0.2,1.0,4.795159339904785,7.218250274658203,2.8424105644226074,4.288476467132568
258,1,2,0.8,0.2,2.0,2.077157974243164,3.6849740743637085,3.4138638973236084,6.432059288024902
258,1,2,0.8,0.5,0.5,6.569882869720459,9.291748702526093,3.333430290222168,4.669580459594727
258,1,2,0.8,0.5,1.0,2.787102460861206,4.3915523290634155,4.689239978790283,9.462737083435059
258,1,2,0.8,0.5,2.0,2.007009983062744,2.5957449674606323,4.775501728057861,11.133964538574219
258,1,2,0.8,0.8,0.5,6.452252388000488,8.82508909702301,4.386749744415283,6.912150859832764
258,1,2,0.8,0.8,1.0,3.9598381519317627,5.872885644435883,5.057946681976318,9.893115043640137
258,1,2,0.8,0.8,2.0,1.7029314041137695,2.703195810317993,5.646615505218506,13.488083839416504
258,1,2,1.0,0.2,0.5,5.363179683685303,7.38313752412796,2.8925774097442627,3.990727663040161
258,1,2,1.0,0.2,1.0,4.04135274887085,7.619523227214813,3.8287243843078613,6.591629505157471
258,1,2,1.0,0.2,2.0,1.3800325393676758,2.0603625774383545,3.868649959564209,8.155872344970703
258,1,2,1.0,0.5,0.5,7.364377975463867,11.169172406196594,4.223334312438965,6.384011268615723
258,1,2,1.0,0.5,1.0,3.7522547245025635,4.909332275390625,4.46796989440918,8.508419036865234
258,1,2,1.0,0.5,2.0,1.5881779193878174,1.5817513465881348,6.222154140472412,15.244162559509277
258,1,2,1.0,0.8,0.5,7.2250142097473145,11.685416340827942,5.4994120597839355,9.211729049682617
258,1,2,1.0,0.8,1.0,4.919546127319336,5.690656363964081,7.653650760650635,16.788986206054688
258,1,2,1.0,0.8,2.0,3.2652387619018555,5.034178197383881,10.050957679748535,26.124969482421875
258,1,2,1.2,0.2,0.5,6.735372543334961,10.113500535488129,3.956242799758911,5.57999849319458
258,1,2,1.2,0.2,1.0,3.4500341415405273,6.216024696826935,4.511324882507324,8.751325607299805
258,1,2,1.2,0.2,2.0,0.37708085775375366,0.49720871448516846,4.794637680053711,10.273207664489746
258,1,2,1.2,0.5,0.5,8.579931259155273,12.51940542459488,6.225595951080322,9.751737594604492
258,1,2,1.2,0.5,1.0,2.9360623359680176,4.090993106365204,7.732515811920166,15.803184509277344
258,1,2,1.2,0.5,2.0,1.8862361907958984,2.3861037492752075,6.97164249420166,18.054197311401367
258,1,2,1.2,0.8,0.5,10.658010482788086,15.415477216243744,10.486128807067871,18.98938751220703
258,1,2,1.2,0.8,1.0,6.614776611328125,9.641362309455872,11.880439758300781,26.167987823486328
258,1,2,1.2,0.8,2.0,4.001017093658447,5.452192306518555,11.625121116638184,32.15760803222656
259,1,0,0.8,0.2,0.5,5.899292945861816,8.462742745876312,2.8468422889709473,3.8520009517669678
259,1,0,0.8,0.2,1.0,4.1495866775512695,6.668083548545837,3.2539451122283936,5.557548999786377
259,1,0,0.8,0.2,2.0,1.3952319622039795,2.311805307865143,3.6025304794311523,6.991482257843018
259,1,0,0.8,0.5,0.5,6.24973726272583,9.862167656421661,3.2896814346313477,4.836309909820557
259,1,0,0.8,0.5,1.0,2.2208762168884277,3.3977595567703247,3.834817409515381,7.028156280517578
259,1,0,0.8,0.5,2.0,0.5187370777130127,0.6239351630210876,4.8640851974487305,11.608038902282715
259,1,0,0.8,0.8,0.5,5.881330490112305,8.718575477600098,4.404087543487549,6.815942287445068
259,1,0,0.8,0.8,1.0,4.637843608856201,6.553695619106293,5.713694095611572,11.68128490447998
259,1,0,0.8,0.8,2.0,3.8424019813537598,5.6199177503585815,7.626562595367432,20.1290225982666
259,1,0,1.0,0.2,0.5,4.614675998687744,8.055764853954315,3.779360771179199,5.468918323516846
259,1,0,1.0,0.2,1.0,3.9832866191864014,7.231178402900696,4.057861804962158,6.733834266662598
259,1,0,1.0,0.2,2.0,0.7280532717704773,1.008812665939331,4.498645782470703,9.5174560546875
259,1,0,1.0,0.5,0.5,7.235909461975098,11.105933248996735,4.435454845428467,6.699431419372559
259,1,0,1.0,0.5,1.0,2.5185699462890625,3.5570446848869324,5.158996105194092,10.017446517944336
259,1,0,1.0,0.5,2.0,1.426689624786377,2.0622518062591553,5.489817142486572,12.933892250061035
259,1,0,1.0,0.8,0.5,6.642819404602051,9.451066672801971,6.130595684051514,10.038454055786133
259,1,0,1.0,0.8,1.0,4.461686134338379,7.547158360481262,7.5954508781433105,16.646780014038086
259,1,0,1.0,0.8,2.0,2.626636505126953,2.745236575603485,9.03042221069336,23.860788345336914
259,1,0,1.2,0.2,0.5,5.527568817138672,8.668980240821838,4.327218532562256,5.897121429443359
259,1,0,1.2,0.2,1.0,4.604030609130859,7.553152322769165,5.529600143432617,9.868027687072754
259,1,0,1.2,0.2,2.0,1.0484400987625122,1.364591896533966,5.417994976043701,12.264765739440918
259,1,0,1.2,0.5,0.5,8.58778190612793,12.100095927715302,6.120563983917236,10.083088874816895
259,1,0,1.2,0.5,1.0,3.911100149154663,5.671814143657684,8.56199836730957,17.02486801147461
259,1,0,1.2,0.5,2.0,1.7162883281707764,2.702496886253357,8.677529335021973,22.10797119140625
259,1,0,1.2,0.8,0.5,9.631842613220215,14.361371397972107,8.959833145141602,15.904571533203125
259,1,0,1.2,0.8,1.0,7.9687418937683105,12.437404334545135,16.562143325805664,38.08016586303711
259,1,0,1.2,0.8,2.0,5.250985145568848,8.512002825737,15.255536079406738,43.133148193359375
259,1,1,0.8,0.2,0.5,6.469098091125488,8.377926170825958,2.866114854812622,3.940945625305176
259,1,1,0.8,0.2,1.0,5.073139667510986,7.256029963493347,3.052541971206665,5.103830337524414
259,1,1,0.8,0.2,2.0,1.9821199178695679,2.906410038471222,3.5755560398101807,6.88957405090332
259,1,1,0.8,0.5,0.5,7.027401924133301,10.355851531028748,3.467839241027832,5.344699382781982
259,1,1,0.8,0.5,1.0,2.011441707611084,3.50772225856781,4.2818193435668945,7.893072128295898
259,1,1,0.8,0.5,2.0,1.3833873271942139,1.8068285584449768,4.578720569610596,10.453852653503418
259,1,1,0.8,0.8,0.5,5.841991424560547,8.535548090934753,4.493122577667236,7.153407096862793
259,1,1,0.8,0.8,1.0,4.003703594207764,5.205970644950867,6.396393775939941,13.105199813842773
259,1,1,0.8,0.8,2.0,3.449552536010742,4.808258771896362,6.504878044128418,16.689483642578125
259,1,1,1.0,0.2,0.5,5.578712463378906,8.208406150341034,3.7504520416259766,5.319560527801514
259,1,1,1.0,0.2,1.0,4.056522369384766,5.752321302890778,4.423205375671387,7.487124443054199
259,1,1,1.0,0.2,2.0,0.878447413444519,1.7904012799263,4.77791690826416,10.141439437866211
259,1,1,1.0,0.5,0.5,7.162387847900391,11.19770359992981,4.668034076690674,7.011438846588135
259,1,1,1.0,0.5,1.0,2.036846160888672,2.9378368854522705,6.50493860244751,13.408669471740723
259,1,1,1.0,0.5,2.0,2.228393077850342,2.9244940876960754,7.50492525100708,18.556076049804688
259,1,1,1.0,0.8,0.5,5.673243045806885,8.674200654029846,6.756412506103516,11.705791473388672
259,1,1,1.0,0.8,1.0,4.9524641036987305,6.887336075305939,8.195941925048828,17.362503051757812
259,1,1,1.0,0.8,2.0,4.455422401428223,6.04502671957016,11.736143112182617,31.967805862426758
259,1,1,1.2,0.2,0.5,5.646026134490967,9.645565211772919,4.326323509216309,6.222630023956299
259,1,1,1.2,0.2,1.0,4.427646636962891,7.387484490871429,4.977199077606201,8.592612266540527
259,1,1,1.2,0.2,2.0,0.8867456912994385,1.3253175020217896,5.197606563568115,11.469647407531738
259,1,1,1.2,0.5,0.5,7.614341735839844,13.4544198513031,7.248229503631592,11.945565223693848
259,1,1,1.2,0.5,1.0,2.8099851608276367,4.7469223737716675,8.820457458496094,18.20276641845703
259,1,1,1.2,0.5,2.0,1.8964459896087646,2.2545283436775208,9.894835472106934,26.02616310119629
259,1,1,1.2,0.8,0.5,8.860441207885742,12.689476609230042,8.583922386169434,15.184097290039062
259,1,1,1.2,0.8,1.0,7.76725959777832,11.807069957256317,15.303619384765625,34.58248519897461
259,1,1,1.2,0.8,2.0,2.5851352214813232,4.500343024730682,11.653676986694336,33.64616775512695
259,1,2,0.8,0.2,0.5,4.660986423492432,7.135737359523773,2.982206344604492,4.086333751678467
259,1,2,0.8,0.2,1.0,4.246805191040039,6.571714341640472,3.34859561920166,5.624587059020996
259,1,2,0.8,0.2,2.0,0.7762807011604309,1.3318063616752625,3.6603546142578125,6.765363693237305
259,1,2,0.8,0.5,0.5,5.833046913146973,8.460046529769897,3.4801344871520996,5.067168235778809
259,1,2,0.8,0.5,1.0,2.4420244693756104,4.3194692730903625,4.119085788726807,7.755082607269287
259,1,2,0.8,0.5,2.0,1.7464020252227783,2.503270983695984,5.055596351623535,11.23613166809082
259,1,2,0.8,0.8,0.5,6.094046592712402,8.819875836372375,4.279847145080566,6.583248138427734
259,1,2,0.8,0.8,1.0,2.7849788665771484,4.646713733673096,6.052001953125,12.39404010772705
259,1,2,0.8,0.8,2.0,2.0121543407440186,3.2001521587371826,6.231436729431152,15.763642311096191
259,1,2,1.0,0.2,0.5,5.913888931274414,8.249913454055786,3.565728187561035,4.811364650726318
259,1,2,1.0,0.2,1.0,5.199641704559326,6.926098167896271,3.934851884841919,6.890973091125488
259,1,2,1.0,0.2,2.0,0.950070858001709,1.833525002002716,4.726909637451172,10.586143493652344
259,1,2,1.0,0.5,0.5,6.782036781311035,11.517559707164764,5.037145137786865,8.064336776733398
259,1,2,1.0,0.5,1.0,1.7183318138122559,2.6394081115722656,6.058947563171387,12.444451332092285
259,1,2,1.0,0.5,2.0,0.9736611843109131,1.0275496244430542,6.22670316696167,15.104482650756836
259,1,2,1.0,0.8,0.5,8.433613777160645,11.610389351844788,9.178437232971191,16.22015953063965
259,1,2,1.0,0.8,1.0,4.347648620605469,5.4214266538619995,8.967556953430176,20.025604248046875
259,1,2,1.0,0.8,2.0,3.3938674926757812,4.6537394523620605,9.368891716003418,25.815881729125977
259,1,2,1.2,0.2,0.5,6.440165996551514,9.319663286209106,5.283003330230713,7.6907854080200195
259,1,2,1.2,0.2,1.0,3.758852958679199,6.376089990139008,5.39493989944458,9.900628089904785
259,1,2,1.2,0.2,2.0,0.5998980402946472,1.0330204367637634,5.619464874267578,11.785855293273926
259,1,2,1.2,0.5,0.5,7.820030689239502,12.030720174312592,6.556790828704834,10.873039245605469
259,1,2,1.2,0.5,1.0,2.414139747619629,3.1119883060455322,8.155353546142578,18.46515655517578
259,1,2,1.2,0.5,2.0,2.0312507152557373,2.638877511024475,7.658206939697266,20.026721954345703
259,1,2,1.2,0.8,0.5,10.0147123336792,14.874170899391174,10.434170722961426,18.147232055664062
259,1,2,1.2,0.8,1.0,7.2705302238464355,11.335168957710266,11.67419719696045,26.276357650756836
259,1,2,1.2,0.8,2.0,5.165671348571777,8.05336207151413,15.590097427368164,44.289398193359375
260,1,0,0.8,0.2,0.5,5.332184791564941,7.321442782878876,2.69511079788208,3.549626350402832
260,1,0,0.8,0.2,1.0,3.438478946685791,5.622893989086151,3.0687434673309326,5.366335868835449
260,1,0,0.8,0.2,2.0,1.5482301712036133,2.7808457016944885,3.39393949508667,6.7792840003967285
260,1,0,0.8,0.5,0.5,6.645596504211426,9.225806653499603,3.0809526443481445,4.373307228088379
260,1,0,0.8,0.5,1.0,3.058976173400879,5.19330769777298,3.7155673503875732,6.59858512878418
260,1,0,0.8,0.5,2.0,1.0279264450073242,1.4363800883293152,4.89460563659668,11.088362693786621
260,1,0,0.8,0.8,0.5,6.725853443145752,9.944517374038696,4.123830795288086,6.492316722869873
260,1,0,0.8,0.8,1.0,2.4529004096984863,4.30888044834137,5.090798377990723,9.981261253356934
260,1,0,0.8,0.8,2.0,2.656764268875122,2.6998186707496643,5.400102138519287,13.491486549377441
260,1,0,1.0,0.2,0.5,6.559617519378662,9.227194786071777,3.2247002124786377,4.187966346740723
260,1,0,1.0,0.2,1.0,5.915560722351074,8.364035904407501,3.8228871822357178,6.529847145080566
260,1,0,1.0,0.2,2.0,0.9294325113296509,1.8301937580108643,4.013618469238281,8.260229110717773
260,1,0,1.0,0.5,0.5,6.132732391357422,9.350609481334686,4.077334880828857,6.003279209136963
260,1,0,1.0,0.5,1.0,2.6041407585144043,3.96660178899765,5.007227897644043,9.472185134887695
260,1,0,1.0,0.5,2.0,1.521174430847168,1.9338974356651306,6.038750171661377,14.33627986907959
260,1,0,1.0,0.8,0.5,6.756168365478516,10.09110426902771,5.099238395690918,8.409250259399414
260,1,0,1.0,0.8,1.0,3.798908233642578,4.757465302944183,7.488039970397949,16.111106872558594
260,1,0,1.0,0.8,2.0,2.8970165252685547,3.274405300617218,9.331389427185059,25.303512573242188
260,1,0,1.2,0.2,0.5,6.2264509201049805,8.7421253323555,4.820958614349365,6.67959451675415
260,1,0,1.2,0.2,1.0,3.3323707580566406,5.2561599016189575,4.825930595397949,8.293831825256348
260,1,0,1.2,0.2,2.0,0.8567309975624084,1.5153244137763977,4.6725754737854,9.863680839538574
260,1,0,1.2,0.5,0.5,7.27047061920166,11.105784177780151,4.975152492523193,7.811070442199707
260,1,0,1.2,0.5,1.0,1.3960137367248535,1.943684160709381,7.377055644989014,14.950604438781738
260,1,0,1.2,0.5,2.0,1.0769559144973755,1.7829517722129822,7.482962608337402,19.525442123413086
260,1,0,1.2,0.8,0.5,7.865155220031738,12.867077469825745,8.638581275939941,15.5393648147583
260,1,0,1.2,0.8,1.0,6.941120147705078,9.765971302986145,10.832013130187988,24.76047706604004
260,1,0,1.2,0.8,2.0,3.568096160888672,5.599093019962311,12.58005142211914,34.342899322509766
260,1,1,0.8,0.2,0.5,6.565916061401367,9.163628041744232,2.694173574447632,3.5317957401275635
260,1,1,0.8,0.2,1.0,4.09174919128418,6.243645787239075,2.869284152984619,4.638730049133301
260,1,1,0.8,0.2,2.0,1.3586807250976562,1.9562551975250244,3.3211324214935303,6.843376636505127
260,1,1,0.8,0.5,0.5,5.101403713226318,7.807161629199982,2.8823084831237793,4.1268157958984375
260,1,1,0.8,0.5,1.0,2.709057092666626,3.4706308245658875,3.9906795024871826,7.330886363983154
260,1,1,0.8,0.5,2.0,1.9298796653747559,3.37559574842453,4.4236297607421875,9.872291564941406
260,1,1,0.8,0.8,0.5,5.8482160568237305,7.744886100292206,4.681456089019775,7.317225933074951
260,1,1,0.8,0.8,1.0,4.498723030090332,6.056776225566864,5.9024882316589355,12.425446510314941
260,1,1,0.8,0.8,2.0,2.9441843032836914,4.466053664684296,6.2585883140563965,15.84261417388916
260,1,1,1.0,0.2,0.5,6.014898300170898,8.034875869750977,2.86962628364563,3.819056510925293
260,1,1,1.0,0.2,1.0,4.822220802307129,7.0564292669296265,3.5107109546661377,6.186450481414795
260,1,1,1.0,0.2,2.0,1.1620497703552246,2.449883460998535,3.928471565246582,7.77191686630249
260,1,1,1.0,0.5,0.5,7.393982887268066,10.94650024175644,4.4390130043029785,6.744300842285156
260,1,1,1.0,0.5,1.0,1.8851170539855957,2.3552554845809937,5.208750247955322,10.242715835571289
260,1,1,1.0,0.5,2.0,0.6234250068664551,0.9080730676651001,5.0805745124816895,11.550797462463379
260,1,1,1.0,0.8,0.5,6.956282615661621,9.20242589712143,5.963749408721924,9.815999984741211
260,1,1,1.0,0.8,1.0,4.476341247558594,7.162033200263977,8.687108993530273,19.906747817993164
260,1,1,1.0,0.8,2.0,2.9272193908691406,2.7635924220085144,7.972368240356445,21.39827537536621
260,1,1,1.2,0.2,0.5,4.8177103996276855,7.098755359649658,4.935787677764893,6.94266939163208
260,1,1,1.2,0.2,1.0,4.383297443389893,6.270159959793091,4.902231216430664,8.483335494995117
260,1,1,1.2,0.2,2.0,1.3808162212371826,1.8880195021629333,4.664304733276367,9.468392372131348
260,1,1,1.2,0.5,0.5,6.308597087860107,9.490407466888428,5.7065043449401855,8.920507431030273
260,1,1,1.2,0.5,1.0,3.956096887588501,5.99369740486145,6.158236503601074,12.261809349060059
260,1,1,1.2,0.5,2.0,0.8026429414749146,0.7965781688690186,7.657107830047607,19.58972930908203
260,1,1,1.2,0.8,0.5,7.477920055389404,10.413786768913269,6.73004674911499,10.667819023132324
260,1,1,1.2,0.8,1.0,5.643405914306641,6.839707851409912,10.053719520568848,23.06043815612793
260,1,1,1.2,0.8,2.0,3.7855215072631836,4.700535595417023,12.379244804382324,33.48783874511719
260,1,2,0.8,0.2,0.5,4.246976852416992,7.19763845205307,2.4618077278137207,3.254152536392212
260,1,2,0.8,0.2,1.0,3.696183204650879,6.426561534404755,3.0054781436920166,4.895123481750488
260,1,2,0.8,0.2,2.0,1.750148057937622,3.0595701336860657,3.0918691158294678,5.86677885055542
260,1,2,0.8,0.5,0.5,5.780639171600342,7.425303876399994,2.924631357192993,4.244633674621582
260,1,2,0.8,0.5,1.0,3.212251901626587,4.24713659286499,3.696662425994873,6.722724437713623
260,1,2,0.8,0.5,2.0,1.006791591644287,2.0759361386299133,4.126224040985107,9.053741455078125
260,1,2,0.8,0.8,0.5,5.877277851104736,8.382339239120483,3.9840359687805176,6.024857044219971
260,1,2,0.8,0.8,1.0,4.008478164672852,6.6102853417396545,5.0655741691589355,10.057116508483887
260,1,2,0.8,0.8,2.0,2.156018018722534,2.7503780126571655,5.9349517822265625,15.161785125732422
260,1,2,1.0,0.2,0.5,5.7276811599731445,8.272532761096954,3.3724286556243896,4.437809944152832
260,1,2,1.0,0.2,1.0,4.725766181945801,7.51516330242157,3.90285325050354,6.759522438049316
260,1,2,1.0,0.2,2.0,0.7923941016197205,1.1114307641983032,3.5995538234710693,7.744417667388916
260,1,2,1.0,0.5,0.5,6.879817962646484,10.20021665096283,4.358595371246338,6.834742546081543
260,1,2,1.0,0.5,1.0,3.213231086730957,4.722768723964691,4.9714555740356445,9.465970993041992
260,1,2,1.0,0.5,2.0,1.1663486957550049,1.9056656956672668,6.1722540855407715,15.045291900634766
260,1,2,1.0,0.8,0.5,5.976412296295166,9.675017178058624,6.386128902435303,11.28808307647705
260,1,2,1.0,0.8,1.0,2.368929862976074,3.346680760383606,7.572384357452393,16.365142822265625
260,1,2,1.0,0.8,2.0,2.5250399112701416,3.4312379956245422,7.943902492523193,21.553800582885742
260,1,2,1.2,0.2,0.5,6.001323223114014,8.06679767370224,4.032846927642822,5.672347545623779
260,1,2,1.2,0.2,1.0,4.260183334350586,7.491249263286591,4.20729923248291,7.434231281280518
260,1,2,1.2,0.2,2.0,0.32361745834350586,0.4607429504394531,4.713533878326416,9.921818733215332
260,1,2,1.2,0.5,0.5,8.854284286499023,13.271601378917694,5.834987640380859,9.475300788879395
260,1,2,1.2,0.5,1.0,2.94392991065979,5.091282606124878,5.933177947998047,11.962135314941406
260,1,2,1.2,0.5,2.0,1.1516368389129639,1.2514193654060364,7.210980415344238,18.29418182373047
260,1,2,1.2,0.8,0.5,7.807142734527588,12.14353597164154,8.12466812133789,13.940553665161133
260,1,2,1.2,0.8,1.0,6.186787128448486,10.187114357948303,12.5110502243042,28.199827194213867
260,1,2,1.2,0.8,2.0,3.571967601776123,5.226505160331726,11.403115272521973,31.349687576293945
261,1,0,0.8,0.2,0.5,4.794310092926025,7.1615700125694275,2.6634349822998047,3.3917269706726074
261,1,0,0.8,0.2,1.0,5.461061477661133,8.64548259973526,3.0376243591308594,4.735931873321533
261,1,0,0.8,0.2,2.0,1.1485631465911865,1.94663405418396,3.1011924743652344,5.809378147125244
261,1,0,0.8,0.5,0.5,5.831392288208008,8.587647259235382,2.7936878204345703,3.730621814727783
261,1,0,0.8,0.5,1.0,2.5122342109680176,4.054779827594757,3.800201177597046,6.810286998748779
261,1,0,0.8,0.5,2.0,1.5216764211654663,2.1152883172035217,4.15742826461792,9.10002326965332
261,1,0,0.8,0.8,0.5,5.180276870727539,7.167258381843567,4.095829010009766,6.419467926025391
261,1,0,0.8,0.8,1.0,3.71181583404541,4.288818418979645,5.080647945404053,9.861427307128906
261,1,0,0.8,0.8,2.0,1.8949710130691528,2.6327433586120605,5.716765880584717,13.816496849060059
261,1,0,1.0,0.2,0.5,5.513829708099365,8.078238785266876,3.331824779510498,4.520772457122803
261,1,0,1.0,0.2,1.0,3.012564182281494,5.672386407852173,3.4889864921569824,5.8333539962768555
261,1,0,1.0,0.2,2.0,1.5818612575531006,2.4648271799087524,3.8649914264678955,8.091299057006836
261,1,0,1.0,0.5,0.5,5.978723526000977,9.208330273628235,4.2272138595581055,6.280770301818848
261,1,0,1.0,0.5,1.0,2.3520541191101074,4.1619566679000854,4.738551616668701,9.626472473144531
261,1,0,1.0,0.5,2.0,0.0,0.31218332052230835,5.8264479637146,14.634260177612305
261,1,0,1.0,0.8,0.5,4.774527549743652,7.977713763713837,5.396156311035156,8.753396034240723
261,1,0,1.0,0.8,1.0,4.98050594329834,7.151000440120697,7.754537582397461,16.74363899230957
261,1,0,1.0,0.8,2.0,2.5138278007507324,3.562948167324066,9.043808937072754,24.712430953979492
261,1,0,1.2,0.2,0.5,5.551513195037842,8.24601823091507,4.044787406921387,5.591606616973877
261,1,0,1.2,0.2,1.0,4.475600242614746,6.910931169986725,4.35643196105957,7.028387546539307
261,1,0,1.2,0.2,2.0,0.8857833743095398,1.4399151802062988,4.593659400939941,9.548015594482422
261,1,0,1.2,0.5,0.5,7.355360507965088,11.384914338588715,5.445807933807373,8.599440574645996
261,1,0,1.2,0.5,1.0,2.8078863620758057,4.27407443523407,7.0811767578125,13.933011054992676
261,1,0,1.2,0.5,2.0,0.9929399490356445,1.5480799674987793,6.620426654815674,16.35363006591797
261,1,0,1.2,0.8,0.5,9.48402214050293,14.328356385231018,8.379585266113281,15.013829231262207
261,1,0,1.2,0.8,1.0,7.498385429382324,11.671189427375793,12.875223159790039,29.842729568481445
261,1,0,1.2,0.8,2.0,2.628659725189209,4.258342683315277,12.11203670501709,33.46290588378906
261,1,1,0.8,0.2,0.5,4.373118877410889,7.954314172267914,2.652137517929077,3.55039381980896
261,1,1,0.8,0.2,1.0,3.450326919555664,5.978167653083801,2.9479124546051025,4.935582637786865
261,1,1,0.8,0.2,2.0,2.0512804985046387,2.666969895362854,3.4195737838745117,6.516942977905273
261,1,1,0.8,0.5,0.5,5.799797058105469,8.982353270053864,2.8214914798736572,3.9665005207061768
261,1,1,0.8,0.5,1.0,3.18984055519104,4.729713439941406,3.8166069984436035,6.9823198318481445
261,1,1,0.8,0.5,2.0,1.1953585147857666,1.1986143589019775,4.078804016113281,9.132773399353027
261,1,1,0.8,0.8,0.5,6.357064247131348,9.698341965675354,3.559201240539551,5.353482723236084
261,1,1,0.8,0.8,1.0,3.1412410736083984,4.725045084953308,5.090093612670898,10.187298774719238
261,1,1,0.8,0.8,2.0,2.4625487327575684,3.223358392715454,5.596167087554932,13.896932601928711
261,1,1,1.0,0.2,0.5,4.40228796005249,6.914676249027252,2.9978950023651123,3.9033920764923096
261,1,1,1.0,0.2,1.0,3.981292247772217,7.657678246498108,3.6277201175689697,5.744108200073242
261,1,1,1.0,0.2,2.0,1.4190291166305542,1.739592969417572,3.882187604904175,7.980586051940918
261,1,1,1.0,0.5,0.5,6.8911566734313965,9.449159920215607,3.407153844833374,4.882202625274658
261,1,1,1.0,0.5,1.0,2.6184351444244385,3.4763895869255066,5.1198577880859375,9.90675163269043
261,1,1,1.0,0.5,2.0,2.1364803314208984,2.3845909237861633,5.1973876953125,12.172300338745117
261,1,1,1.0,0.8,0.5,7.665741920471191,10.73188030719757,6.665999412536621,11.122312545776367
261,1,1,1.0,0.8,1.0,3.447938919067383,4.96817272901535,8.705738067626953,18.732824325561523
261,1,1,1.0,0.8,2.0,3.6099321842193604,4.556505799293518,9.114216804504395,24.131031036376953
261,1,1,1.2,0.2,0.5,6.428884983062744,9.549113869667053,3.836848497390747,5.183272838592529
261,1,1,1.2,0.2,1.0,4.513651371002197,6.758923411369324,4.859471797943115,8.2360200881958
261,1,1,1.2,0.2,2.0,0.9879416823387146,1.3171370029449463,5.051175117492676,10.393818855285645
261,1,1,1.2,0.5,0.5,6.532674789428711,10.657507717609406,5.625786781311035,9.360854148864746
261,1,1,1.2,0.5,1.0,2.737999200820923,4.0640745759010315,5.480372905731201,11.0381498336792
261,1,1,1.2,0.5,2.0,1.618505597114563,2.5130589604377747,7.2246174812316895,18.103511810302734
261,1,1,1.2,0.8,0.5,9.5871000289917,14.05958479642868,10.10985279083252,18.53077507019043
261,1,1,1.2,0.8,1.0,4.334189414978027,6.83447265625,10.477396965026855,23.56182861328125
261,1,1,1.2,0.8,2.0,2.882758855819702,3.7701991200447083,9.930809020996094,26.86623764038086
261,1,2,0.8,0.2,0.5,4.971781253814697,7.779438555240631,2.640850782394409,3.6305086612701416
261,1,2,0.8,0.2,1.0,1.9151887893676758,3.6241767406463623,2.7504689693450928,4.7976579666137695
261,1,2,0.8,0.2,2.0,1.3093304634094238,2.746894657611847,3.3580682277679443,6.540087699890137
261,1,2,0.8,0.5,0.5,6.5712995529174805,10.286038398742676,3.0594959259033203,4.365660667419434
261,1,2,0.8,0.5,1.0,1.894946575164795,2.6085498332977295,3.89578914642334,7.035693168640137
261,1,2,0.8,0.5,2.0,1.2465026378631592,1.6757069826126099,4.050904273986816,8.975574493408203
261,1,2,0.8,0.8,0.5,6.066699504852295,9.235745191574097,3.845737934112549,5.630542278289795
261,1,2,0.8,0.8,1.0,4.447198867797852,5.701988637447357,4.957187652587891,9.826581954956055
261,1,2,0.8,0.8,2.0,2.9245662689208984,4.324759840965271,6.4527082443237305,16.436687469482422
261,1,2,1.0,0.2,0.5,6.530979633331299,7.587969541549683,3.1370227336883545,4.26270866394043
261,1,2,1.0,0.2,1.0,4.701475143432617,8.343360424041748,3.918704032897949,6.537697792053223
261,1,2,1.0,0.2,2.0,1.4368411302566528,1.8078556656837463,4.041536331176758,8.087512969970703
261,1,2,1.0,0.5,0.5,7.835731506347656,11.642103016376495,4.0092549324035645,5.82518196105957
261,1,2,1.0,0.5,1.0,1.6865341663360596,3.1016885638237,5.19659423828125,9.873823165893555
261,1,2,1.0,0.5,2.0,0.9876818060874939,1.742615520954132,5.022759914398193,11.987655639648438
261,1,2,1.0,0.8,0.5,4.942904949188232,8.593435049057007,5.032217025756836,8.012125968933105
261,1,2,1.0,0.8,1.0,3.870694875717163,5.794780492782593,7.036627769470215,14.938368797302246
261,1,2,1.0,0.8,2.0,2.837742805480957,4.386614501476288,7.126488208770752,17.966064453125
261,1,2,1.2,0.2,0.5,7.352051258087158,8.412236273288727,4.392375946044922,6.055566787719727
261,1,2,1.2,0.2,1.0,3.678755760192871,6.0264148116111755,4.807278633117676,8.427042961120605
261,1,2,1.2,0.2,2.0,0.713358998298645,0.8350869417190552,5.137542247772217,10.858965873718262
261,1,2,1.2,0.5,0.5,7.295516490936279,11.16280722618103,5.278010368347168,8.29978084564209
261,1,2,1.2,0.5,1.0,1.3748528957366943,3.1307177543640137,6.535477161407471,13.007797241210938
261,1,2,1.2,0.5,2.0,1.3014070987701416,2.0758028626441956,8.635737419128418,22.834577560424805
261,1,2,1.2,0.8,0.5,6.346644878387451,9.856330335140228,8.033191680908203,13.446805000305176
261,1,2,1.2,0.8,1.0,5.258523941040039,7.613986074924469,9.510490417480469,20.84320640563965
261,1,2,1.2,0.8,2.0,3.1545097827911377,4.8385613560676575,11.861714363098145,32.81898880004883
262,1,0,0.8,0.2,0.5,6.100142955780029,8.335329174995422,2.64034366607666,3.5992894172668457
262,1,0,0.8,0.2,1.0,3.1251983642578125,5.2201409339904785,3.036468744277954,4.983299255371094
262,1,0,0.8,0.2,2.0,1.2174906730651855,2.242289662361145,3.353236436843872,6.608071327209473
262,1,0,0.8,0.5,0.5,5.221011161804199,7.620046377182007,3.1717872619628906,4.413232803344727
262,1,0,0.8,0.5,1.0,3.210355281829834,4.583371698856354,3.7520294189453125,6.913266658782959
262,1,0,0.8,0.5,2.0,1.1547590494155884,2.056966006755829,3.8636763095855713,8.379585266113281
262,1,0,0.8,0.8,0.5,7.4772233963012695,11.133911073207855,3.7869467735290527,5.49571418762207
262,1,0,0.8,0.8,1.0,2.784396171569824,3.7251014709472656,4.9249677658081055,9.32090950012207
262,1,0,0.8,0.8,2.0,3.3678717613220215,4.403613448143005,4.984323501586914,11.784302711486816
262,1,0,1.0,0.2,0.5,6.518667221069336,8.340625524520874,3.3324384689331055,4.630244255065918
262,1,0,1.0,0.2,1.0,4.2416276931762695,5.652300119400024,3.3090708255767822,5.731952667236328
262,1,0,1.0,0.2,2.0,1.55265474319458,2.3664283752441406,3.745081901550293,7.472816467285156
262,1,0,1.0,0.5,0.5,6.623733997344971,9.959895730018616,4.046950340270996,5.904995441436768
262,1,0,1.0,0.5,1.0,3.3171498775482178,4.944970011711121,4.698090076446533,8.8725004196167
262,1,0,1.0,0.5,2.0,1.215895414352417,1.3123319745063782,5.3634819984436035,13.132575988769531
262,1,0,1.0,0.8,0.5,7.992465019226074,11.344296872615814,5.474528789520264,8.946104049682617
262,1,0,1.0,0.8,1.0,3.347303867340088,4.821282505989075,7.0770134925842285,14.869678497314453
262,1,0,1.0,0.8,2.0,3.42494535446167,4.335776746273041,8.81170654296875,21.90833282470703
262,1,0,1.2,0.2,0.5,6.479724884033203,8.948350548744202,4.271049976348877,5.744486331939697
262,1,0,1.2,0.2,1.0,2.881784200668335,3.9392319321632385,4.033941745758057,7.267129421234131
262,1,0,1.2,0.2,2.0,1.1860389709472656,1.6503779888153076,4.709846019744873,9.912467002868652
262,1,0,1.2,0.5,0.5,8.815162658691406,12.76292234659195,4.739745616912842,7.025392532348633
262,1,0,1.2,0.5,1.0,2.039436101913452,2.7509477138519287,5.431055068969727,10.43419075012207
262,1,0,1.2,0.5,2.0,1.1489920616149902,1.1372771859169006,7.730278015136719,18.795228958129883
262,1,0,1.2,0.8,0.5,9.528968811035156,14.105671525001526,7.930566310882568,13.091036796569824
262,1,0,1.2,0.8,1.0,5.6107330322265625,7.1121044754981995,9.536746978759766,20.760061264038086
262,1,0,1.2,0.8,2.0,3.330864906311035,4.24136346578598,11.02627182006836,30.750551223754883
262,1,1,0.8,0.2,0.5,4.850714206695557,7.06050181388855,2.4139797687530518,3.203439950942993
262,1,1,0.8,0.2,1.0,3.440809965133667,4.673305511474609,2.9322075843811035,4.746122360229492
262,1,1,0.8,0.2,2.0,2.12113618850708,3.472236454486847,3.1047067642211914,5.649301528930664
262,1,1,0.8,0.5,0.5,5.484289646148682,8.7687047123909,2.801299571990967,3.9014992713928223
262,1,1,0.8,0.5,1.0,3.286322593688965,4.399427652359009,3.608665704727173,6.305241107940674
262,1,1,0.8,0.5,2.0,2.0017690658569336,3.2990249395370483,3.987947463989258,8.523258209228516
262,1,1,0.8,0.8,0.5,6.0788092613220215,8.581883907318115,4.105607032775879,6.140186309814453
262,1,1,0.8,0.8,1.0,4.247213840484619,6.394535601139069,4.595147132873535,8.775503158569336
262,1,1,0.8,0.8,2.0,2.1431028842926025,3.997347056865692,5.660976886749268,13.010066986083984
262,1,1,1.0,0.2,0.5,7.26450252532959,9.183889627456665,3.167271375656128,4.329245567321777
262,1,1,1.0,0.2,1.0,5.62894344329834,7.173864185810089,3.5865261554718018,6.0265116691589355
262,1,1,1.0,0.2,2.0,0.5513299107551575,1.2448314428329468,4.071824550628662,8.399449348449707
262,1,1,1.0,0.5,0.5,6.177825927734375,9.860227644443512,3.695035696029663,5.547940254211426
262,1,1,1.0,0.5,1.0,2.172633409500122,3.1131595373153687,4.960982322692871,9.638129234313965
262,1,1,1.0,0.5,2.0,1.2601398229599,1.9163654446601868,5.5705437660217285,12.941749572753906
262,1,1,1.0,0.8,0.5,5.468900680541992,8.20831573009491,5.03694486618042,7.937906742095947
262,1,1,1.0,0.8,1.0,4.366654396057129,6.111457586288452,5.628990173339844,11.764810562133789
262,1,1,1.0,0.8,2.0,0.9979721903800964,1.9165294766426086,7.0954179763793945,18.096220016479492
262,1,1,1.2,0.2,0.5,5.429244041442871,7.951907575130463,3.6028454303741455,5.052475929260254
262,1,1,1.2,0.2,1.0,4.7955522537231445,6.860917925834656,4.821010589599609,8.226677894592285
262,1,1,1.2,0.2,2.0,0.9383624196052551,1.585789680480957,4.615872859954834,10.011204719543457
262,1,1,1.2,0.5,0.5,9.236573219299316,13.118470907211304,5.04168176651001,7.740218162536621
262,1,1,1.2,0.5,1.0,2.8585920333862305,4.0165122747421265,5.777975559234619,11.765947341918945
262,1,1,1.2,0.5,2.0,1.2386716604232788,1.8597641587257385,7.299792766571045,18.81780433654785
262,1,1,1.2,0.8,0.5,8.365857124328613,10.868560016155243,7.100774765014648,11.973636627197266
262,1,1,1.2,0.8,1.0,4.722076892852783,6.84116131067276,9.789970397949219,22.20052146911621
262,1,1,1.2,0.8,2.0,3.8071048259735107,6.425531804561615,9.491140365600586,25.43215560913086
262,1,2,0.8,0.2,0.5,6.287501811981201,8.86880475282669,2.5899252891540527,3.4625725746154785
262,1,2,0.8,0.2,1.0,2.9621009826660156,5.833085298538208,2.857884407043457,4.5930705070495605
262,1,2,0.8,0.2,2.0,1.6345055103302002,2.2607441544532776,3.1368892192840576,5.9857611656188965
262,1,2,0.8,0.5,0.5,6.016437530517578,8.899023473262787,2.9180662631988525,4.054961204528809
262,1,2,0.8,0.5,1.0,3.2946574687957764,4.621876120567322,3.6874356269836426,6.4804182052612305
262,1,2,0.8,0.5,2.0,1.3409082889556885,1.4278399348258972,4.2920098304748535,9.38415813446045
262,1,2,0.8,0.8,0.5,6.668891906738281,8.805836200714111,3.6180856227874756,5.452060222625732
262,1,2,0.8,0.8,1.0,4.6924638748168945,8.205378651618958,4.862445831298828,9.248384475708008
262,1,2,0.8,0.8,2.0,2.6453189849853516,4.187191307544708,6.033039093017578,15.509084701538086
262,1,2,1.0,0.2,0.5,7.510928630828857,8.515883564949036,3.0993711948394775,4.208510875701904
262,1,2,1.0,0.2,1.0,4.498751640319824,7.014378368854523,3.371873617172241,5.793701171875
262,1,2,1.0,0.2,2.0,1.0232186317443848,1.269871473312378,4.165131092071533,8.378472328186035
262,1,2,1.0,0.5,0.5,7.886651515960693,10.786737859249115,4.6789727210998535,7.20285177230835
262,1,2,1.0,0.5,1.0,1.4981365203857422,1.752653419971466,4.884873390197754,9.67298698425293
262,1,2,1.0,0.5,2.0,1.791946530342102,2.936511754989624,5.308810234069824,12.255075454711914
262,1,2,1.0,0.8,0.5,7.012968063354492,10.751329481601715,5.697651386260986,9.798457145690918
262,1,2,1.0,0.8,1.0,3.520543098449707,6.118468940258026,6.9045491218566895,14.647269248962402
262,1,2,1.0,0.8,2.0,3.3917198181152344,3.724197566509247,7.567327499389648,19.4643497467041
262,1,2,1.2,0.2,0.5,4.812638759613037,8.999720454216003,4.488808631896973,6.073033332824707
262,1,2,1.2,0.2,1.0,4.423632621765137,7.3523096442222595,4.3085737228393555,7.542089462280273
262,1,2,1.2,0.2,2.0,0.6399784088134766,1.0375720262527466,4.782466411590576,9.904894828796387
262,1,2,1.2,0.5,0.5,8.747557640075684,13.125067830085754,5.583487510681152,8.59482479095459
262,1,2,1.2,0.5,1.0,3.184846878051758,4.645510196685791,5.749458312988281,11.386773109436035
262,1,2,1.2,0.5,2.0,0.0,0.0,6.844456672668457,17.45646095275879
262,1,2,1.2,0.8,0.5,8.036865234375,11.435552418231964,8.086974143981934,13.845796585083008
262,1,2,1.2,0.8,1.0,3.9310731887817383,5.456422030925751,9.58552074432373,21.213563919067383
262,1,2,1.2,0.8,2.0,4.33253288269043,5.760927498340607,11.918672561645508,31.10144805908203
263,1,0,0.8,0.2,0.5,5.5756425857543945,8.754270493984222,2.6792259216308594,3.5382204055786133
263,1,0,0.8,0.2,1.0,5.148849010467529,8.213951766490936,2.97025465965271,4.730885982513428
263,1,0,0.8,0.2,2.0,1.761277675628662,2.942577838897705,3.4553029537200928,7.0793867111206055
263,1,0,0.8,0.5,0.5,6.882091999053955,9.978620648384094,3.2031772136688232,4.669056415557861
263,1,0,0.8,0.5,1.0,3.42816424369812,4.859328389167786,4.2710347175598145,8.29829216003418
263,1,0,0.8,0.5,2.0,0.48405396938323975,1.073486864566803,4.6623663902282715,10.619693756103516
263,1,0,0.8,0.8,0.5,6.4886980056762695,8.523113787174225,4.759978294372559,7.738373279571533
263,1,0,0.8,0.8,1.0,3.959916830062866,5.979090332984924,5.234355926513672,10.106554985046387
263,1,0,0.8,0.8,2.0,2.3471755981445312,3.5466471314430237,6.3098249435424805,15.969023704528809
263,1,0,1.0,0.2,0.5,6.390286445617676,8.31336534023285,3.4702348709106445,4.949473857879639
263,1,0,1.0,0.2,1.0,4.691013336181641,7.778601050376892,3.888414144515991,6.545383453369141
263,1,0,1.0,0.2,2.0,1.4856098890304565,2.555940270423889,4.197987079620361,8.35748291015625
263,1,0,1.0,0.5,0.5,7.728206634521484,10.58140879869461,4.082702159881592,6.1405134201049805
263,1,0,1.0,0.5,1.0,3.1937692165374756,4.4728153347969055,4.768644332885742,9.052783012390137
263,1,0,1.0,0.5,2.0,1.2003382444381714,1.5584197640419006,6.136220932006836,15.086912155151367
263,1,0,1.0,0.8,0.5,8.06654167175293,11.335066556930542,6.214323997497559,10.195119857788086
263,1,0,1.0,0.8,1.0,4.426942825317383,7.741185188293457,6.8889079093933105,14.560148239135742
263,1,0,1.0,0.8,2.0,2.60178542137146,4.429478883743286,8.870649337768555,24.35373878479004
263,1,0,1.2,0.2,0.5,6.221106052398682,9.265861988067627,4.872986316680908,6.634619235992432
263,1,0,1.2,0.2,1.0,4.2944746017456055,7.087137043476105,4.6713690757751465,7.931646347045898
263,1,0,1.2,0.2,2.0,0.8633408546447754,1.0932470560073853,4.793941497802734,10.620122909545898
263,1,0,1.2,0.5,0.5,6.632713317871094,10.784753322601318,5.6992878913879395,9.112483978271484
263,1,0,1.2,0.5,1.0,3.8670947551727295,4.563057005405426,6.793480396270752,13.441900253295898
263,1,0,1.2,0.5,2.0,0.9645364880561829,1.7730708718299866,7.494144916534424,18.982025146484375
263,1,0,1.2,0.8,0.5,6.954588890075684,10.409996449947357,9.338811874389648,16.059080123901367
263,1,0,1.2,0.8,1.0,4.834730625152588,6.875299155712128,10.660432815551758,23.941442489624023
263,1,0,1.2,0.8,2.0,5.1126708984375,7.972979545593262,12.181829452514648,33.43460464477539
263,1,1,0.8,0.2,0.5,6.603969573974609,8.852263152599335,2.5945546627044678,3.4816818237304688
263,1,1,0.8,0.2,1.0,3.829930067062378,5.345540821552277,3.1859591007232666,5.6770219802856445
263,1,1,0.8,0.2,2.0,1.5115950107574463,3.087088406085968,3.3807692527770996,6.451428413391113
263,1,1,0.8,0.5,0.5,5.4504289627075195,8.013699293136597,3.0910725593566895,4.446839332580566
263,1,1,0.8,0.5,1.0,3.531521797180176,4.928833067417145,4.115479469299316,7.724568843841553
263,1,1,0.8,0.5,2.0,0.6205627918243408,2.016810894012451,4.555362701416016,10.592422485351562
263,1,1,0.8,0.8,0.5,6.432373046875,8.571249663829803,4.008634090423584,6.04049825668335
263,1,1,0.8,0.8,1.0,3.5327134132385254,5.313665270805359,5.742187976837158,11.773110389709473
263,1,1,0.8,0.8,2.0,1.4912033081054688,2.2967888712882996,5.863374710083008,14.43803596496582
263,1,1,1.0,0.2,0.5,5.134631156921387,8.534522831439972,3.0725252628326416,4.059612274169922
263,1,1,1.0,0.2,1.0,3.093433380126953,5.237989366054535,3.832955837249756,7.0317254066467285
263,1,1,1.0,0.2,2.0,1.0280017852783203,1.7758861780166626,4.334736347198486,8.645495414733887
263,1,1,1.0,0.5,0.5,7.406038284301758,11.032111704349518,4.534677505493164,7.171339511871338
263,1,1,1.0,0.5,1.0,3.1627933979034424,3.8755744099617004,5.156452655792236,10.17809009552002
263,1,1,1.0,0.5,2.0,1.0964769124984741,1.2832401990890503,5.736468315124512,13.77744197845459
263,1,1,1.0,0.8,0.5,6.924850940704346,10.066698729991913,6.013916015625,9.90421199798584
263,1,1,1.0,0.8,1.0,4.49656343460083,6.385086297988892,8.443582534790039,18.240894317626953
263,1,1,1.0,0.8,2.0,2.4144933223724365,3.911147713661194,9.283353805541992,24.45575523376465
263,1,1,1.2,0.2,0.5,6.423959732055664,9.443808019161224,3.875290632247925,5.767312526702881
263,1,1,1.2,0.2,1.0,4.372808933258057,6.7069936990737915,5.415651798248291,9.806344032287598
263,1,1,1.2,0.2,2.0,0.7108730673789978,0.9502376914024353,4.967843055725098,10.48071575164795
263,1,1,1.2,0.5,0.5,8.070290565490723,12.562430560588837,5.798358917236328,9.316166877746582
263,1,1,1.2,0.5,1.0,2.833836317062378,3.4315122961997986,7.079319477081299,14.843838691711426
263,1,1,1.2,0.5,2.0,0.5001367330551147,0.47051161527633667,7.433696269989014,18.695056915283203
263,1,1,1.2,0.8,0.5,9.892337799072266,13.732522308826447,9.23068904876709,16.502660751342773
263,1,1,1.2,0.8,1.0,8.045669555664062,12.462969362735748,12.773748397827148,30.132766723632812
263,1,1,1.2,0.8,2.0,3.458601236343384,5.162449538707733,10.983650207519531,30.203506469726562
263,1,2,0.8,0.2,0.5,4.823971271514893,7.407559335231781,2.60744309425354,3.562401294708252
263,1,2,0.8,0.2,1.0,4.258861541748047,7.405929207801819,3.0510942935943604,4.760349273681641
263,1,2,0.8,0.2,2.0,1.1007540225982666,1.7666752338409424,3.5652120113372803,7.390516757965088
263,1,2,0.8,0.5,0.5,6.206700325012207,8.763756275177002,3.1619858741760254,4.488105297088623
263,1,2,0.8,0.5,1.0,3.382927179336548,5.3894084095954895,4.134000301361084,7.613390922546387
263,1,2,0.8,0.5,2.0,1.3948981761932373,1.9734857678413391,4.3294501304626465,9.79574966430664
263,1,2,0.8,0.8,0.5,5.885882377624512,8.848335802555084,4.27842903137207,6.917596340179443
263,1,2,0.8,0.8,1.0,4.053216457366943,5.980562806129456,5.069730758666992,10.07068920135498
263,1,2,0.8,0.8,2.0,2.7662904262542725,4.299868404865265,6.200346946716309,15.446337699890137
263,1,2,1.0,0.2,0.5,4.914875030517578,8.141384661197662,3.369140148162842,4.761955738067627
263,1,2,1.0,0.2,1.0,4.592041969299316,6.5514907240867615,3.7322278022766113,5.797597885131836
263,1,2,1.0,0.2,2.0,1.460310459136963,2.3688547015190125,3.8887062072753906,8.08284854888916
263,1,2,1.0,0.5,0.5,7.64402437210083,11.327529907226562,4.396011829376221,6.652661323547363
263,1,2,1.0,0.5,1.0,2.302520751953125,3.5578885078430176,4.785880088806152,9.333856582641602
263,1,2,1.0,0.5,2.0,1.3122127056121826,1.7861303091049194,6.209564685821533,15.44619083404541
263,1,2,1.0,0.8,0.5,6.4691619873046875,10.527908027172089,6.704466342926025,11.968347549438477
263,1,2,1.0,0.8,1.0,4.256235599517822,5.4888564348220825,7.170156955718994,15.19930648803711
263,1,2,1.0,0.8,2.0,4.174656867980957,5.066383063793182,10.770732879638672,29.045473098754883
263,1,2,1.2,0.2,0.5,6.8428192138671875,9.524627387523651,4.454936504364014,6.590885639190674
263,1,2,1.2,0.2,1.0,6.049739837646484,8.208918988704681,4.459017753601074,7.7866621017456055
263,1,2,1.2,0.2,2.0,1.0111565589904785,1.7562037706375122,5.009368419647217,10.608516693115234
263,1,2,1.2,0.5,0.5,7.148325443267822,13.698492228984833,5.767001628875732,9.222475051879883
263,1,2,1.2,0.5,1.0,3.995323657989502,5.535895347595215,7.264761447906494,15.315566062927246
263,1,2,1.2,0.5,2.0,2.032012939453125,2.711357355117798,8.13237190246582,19.908000946044922
263,1,2,1.2,0.8,0.5,10.076772689819336,15.201133906841278,9.544831275939941,16.579795837402344
263,1,2,1.2,0.8,1.0,5.711199760437012,8.57513028383255,11.536934852600098,26.621376037597656
263,1,2,1.2,0.8,2.0,5.391635894775391,8.255119383335114,12.298929214477539,35.587646484375
264,1,0,0.8,0.2,0.5,5.211891174316406,8.379580616950989,2.7877180576324463,3.8321375846862793
264,1,0,0.8,0.2,1.0,4.099038124084473,6.000358581542969,3.1461217403411865,4.873029708862305
264,1,0,0.8,0.2,2.0,1.8296328783035278,3.2730448842048645,3.1982953548431396,5.87634801864624
264,1,0,0.8,0.5,0.5,6.323731899261475,8.255666434764862,3.184307813644409,4.517059803009033
264,1,0,0.8,0.5,1.0,2.7539968490600586,4.76513808965683,3.952810287475586,7.313714027404785
264,1,0,0.8,0.5,2.0,1.307268738746643,2.1150638461112976,4.215808391571045,9.51932144165039
264,1,0,0.8,0.8,0.5,6.863983154296875,9.741618692874908,4.175006866455078,6.339607238769531
264,1,0,0.8,0.8,1.0,4.1984477043151855,6.269137322902679,4.756180763244629,9.417891502380371
264,1,0,0.8,0.8,2.0,1.6934101581573486,2.430921733379364,6.026348114013672,15.022504806518555
264,1,0,1.0,0.2,0.5,4.396466255187988,7.353536605834961,3.3479397296905518,4.67318058013916
264,1,0,1.0,0.2,1.0,4.308379650115967,6.880180239677429,3.7238059043884277,6.3398566246032715
264,1,0,1.0,0.2,2.0,0.8988227248191833,1.7359845042228699,4.2425031661987305,8.74923324584961
264,1,0,1.0,0.5,0.5,8.099462509155273,12.175890803337097,4.004456520080566,5.886257171630859
264,1,0,1.0,0.5,1.0,2.0884194374084473,3.691128671169281,5.029743194580078,9.939762115478516
264,1,0,1.0,0.5,2.0,0.17365986108779907,0.16800826787948608,5.854691028594971,13.638068199157715
264,1,0,1.0,0.8,0.5,7.916823863983154,11.731225967407227,6.175795555114746,10.157661437988281
264,1,0,1.0,0.8,1.0,4.6193671226501465,5.587169408798218,8.620551109313965,18.239337921142578
264,1,0,1.0,0.8,2.0,3.790600299835205,5.782390892505646,8.246588706970215,22.070131301879883
264,1,0,1.2,0.2,0.5,5.7825727462768555,7.695791661739349,4.3145222663879395,6.068877696990967
264,1,0,1.2,0.2,1.0,4.338408470153809,5.880731701850891,4.944540023803711,9.190415382385254
264,1,0,1.2,0.2,2.0,1.2512507438659668,2.154898226261139,4.801212787628174,10.520373344421387
264,1,0,1.2,0.5,0.5,7.873210906982422,12.673334181308746,5.0964179039001465,7.9621429443359375
264,1,0,1.2,0.5,1.0,2.8725638389587402,3.433579683303833,6.522106170654297,13.798539161682129
264,1,0,1.2,0.5,2.0,1.4402073621749878,1.458440899848938,7.341004848480225,18.323463439941406
264,1,0,1.2,0.8,0.5,7.096678733825684,11.532928109169006,8.748321533203125,16.343841552734375
264,1,0,1.2,0.8,1.0,7.016745567321777,9.724978387355804,12.094581604003906,25.930776596069336
264,1,0,1.2,0.8,2.0,5.066293716430664,7.471548497676849,11.842865943908691,32.6290283203125
264,1,1,0.8,0.2,0.5,4.943875789642334,7.352934777736664,2.557542085647583,3.4115562438964844
264,1,1,0.8,0.2,1.0,4.504512786865234,6.7239328026771545,3.020460844039917,5.059528350830078
264,1,1,0.8,0.2,2.0,1.3858911991119385,2.690432071685791,3.480602264404297,7.057985305786133
264,1,1,0.8,0.5,0.5,5.639804363250732,8.099171161651611,2.951089859008789,4.12840461730957
264,1,1,0.8,0.5,1.0,2.0345239639282227,2.4181554317474365,3.6502013206481934,6.810683250427246
264,1,1,0.8,0.5,2.0,1.274686574935913,2.405087471008301,4.41975736618042,9.451587677001953
264,1,1,0.8,0.8,0.5,6.08119535446167,7.817996323108673,4.045459270477295,6.285826683044434
264,1,1,0.8,0.8,1.0,3.3014206886291504,5.931115508079529,5.080564022064209,10.053512573242188
264,1,1,0.8,0.8,2.0,2.1856653690338135,3.5356359481811523,5.855746746063232,14.112520217895508
264,1,1,1.0,0.2,0.5,4.4673590660095215,6.621337711811066,2.8629536628723145,3.723677396774292
264,1,1,1.0,0.2,1.0,4.132074356079102,6.813454031944275,3.992800712585449,6.638217449188232
264,1,1,1.0,0.2,2.0,1.0435190200805664,1.482372224330902,3.865114450454712,7.833326816558838
264,1,1,1.0,0.5,0.5,5.388288497924805,7.958897590637207,3.9238319396972656,5.739590644836426
264,1,1,1.0,0.5,1.0,3.4942424297332764,5.398227095603943,5.4567999839782715,10.528008460998535
264,1,1,1.0,0.5,2.0,0.9985164403915405,1.7603204846382141,5.456954002380371,13.513494491577148
264,1,1,1.0,0.8,0.5,8.018566131591797,11.336377620697021,6.69951057434082,11.042823791503906
264,1,1,1.0,0.8,1.0,5.172167778015137,7.247565031051636,7.75606632232666,16.437686920166016
264,1,1,1.0,0.8,2.0,2.9422929286956787,4.588004410266876,8.706153869628906,23.1038818359375
264,1,1,1.2,0.2,0.5,6.393066883087158,8.852764010429382,4.208349704742432,5.864470958709717
264,1,1,1.2,0.2,1.0,4.00309944152832,5.7485708594322205,5.441883563995361,9.247357368469238
264,1,1,1.2,0.2,2.0,0.2593040466308594,0.5079082250595093,5.256257057189941,10.955856323242188
264,1,1,1.2,0.5,0.5,8.113456726074219,12.148658215999603,5.169523239135742,8.36241340637207
264,1,1,1.2,0.5,1.0,3.262134313583374,4.0138660073280334,6.674903392791748,14.111019134521484
264,1,1,1.2,0.5,2.0,1.4391733407974243,1.9368343949317932,7.95326566696167,19.945825576782227
264,1,1,1.2,0.8,0.5,8.145880699157715,12.836326837539673,8.725318908691406,15.369945526123047
264,1,1,1.2,0.8,1.0,5.180734634399414,8.477108657360077,12.343151092529297,28.95403289794922
264,1,1,1.2,0.8,2.0,4.56235933303833,5.762853443622589,11.789461135864258,32.160423278808594
264,1,2,0.8,0.2,0.5,5.519911766052246,8.85491406917572,2.843857526779175,3.8102681636810303
264,1,2,0.8,0.2,1.0,3.3674447536468506,5.764879107475281,2.9605069160461426,4.626911163330078
264,1,2,0.8,0.2,2.0,1.6600286960601807,1.8988088369369507,3.229501247406006,6.276190280914307
264,1,2,0.8,0.5,0.5,5.284482002258301,7.53317654132843,3.0896480083465576,4.431349277496338
264,1,2,0.8,0.5,1.0,2.2290797233581543,3.494894504547119,3.9987943172454834,7.693119525909424
264,1,2,0.8,0.5,2.0,1.9846532344818115,2.557578146457672,4.218620777130127,9.360025405883789
264,1,2,0.8,0.8,0.5,7.151834487915039,8.950772106647491,4.121907711029053,6.385300159454346
264,1,2,0.8,0.8,1.0,4.164758205413818,6.245620608329773,4.90991735458374,9.583925247192383
264,1,2,0.8,0.8,2.0,1.980797290802002,2.888608694076538,6.5159735679626465,16.690725326538086
264,1,2,1.0,0.2,0.5,4.798725128173828,7.126411318778992,3.210629940032959,4.336432933807373
264,1,2,1.0,0.2,1.0,2.7338619232177734,5.026952385902405,3.852560043334961,6.872844219207764
264,1,2,1.0,0.2,2.0,0.9248692393302917,1.2338095903396606,4.03430700302124,8.19196605682373
264,1,2,1.0,0.5,0.5,6.663515567779541,10.565204858779907,4.0869927406311035,6.117559432983398
264,1,2,1.0,0.5,1.0,3.1587111949920654,2.9930699467658997,5.184874534606934,10.45366096496582
264,1,2,1.0,0.5,2.0,1.2859195470809937,2.031028628349304,5.739173412322998,13.5419340133667
264,1,2,1.0,0.8,0.5,6.546233177185059,10.460957646369934,5.194644927978516,8.19541072845459
264,1,2,1.0,0.8,1.0,4.677023887634277,6.321184873580933,7.575376510620117,15.425812721252441
264,1,2,1.0,0.8,2.0,2.1085848808288574,3.2987449765205383,8.932929992675781,23.671829223632812
264,1,2,1.2,0.2,0.5,6.579107761383057,8.411033749580383,4.090036869049072,5.7522053718566895
264,1,2,1.2,0.2,1.0,4.502263069152832,6.938098311424255,4.873427391052246,8.996655464172363
264,1,2,1.2,0.2,2.0,0.2472187876701355,0.38542211055755615,4.741628646850586,10.227705001831055
264,1,2,1.2,0.5,0.5,7.73746395111084,12.146725356578827,6.798962593078613,10.729826927185059
264,1,2,1.2,0.5,1.0,3.0244367122650146,4.206160485744476,6.340309143066406,12.254316329956055
264,1,2,1.2,0.5,2.0,1.506251573562622,1.569389283657074,7.299551010131836,19.642623901367188
264,1,2,1.2,0.8,0.5,9.090141296386719,13.288982272148132,8.842300415039062,15.796611785888672
264,1,2,1.2,0.8,1.0,6.636336803436279,9.820828020572662,12.219452857971191,27.460599899291992
264,1,2,1.2,0.8,2.0,2.721250057220459,4.164680242538452,11.318071365356445,31.5198974609375
265,1,0,0.8,0.2,0.5,5.695808410644531,8.327058136463165,2.5638010501861572,3.4718234539031982
265,1,0,0.8,0.2,1.0,4.305164337158203,6.413645327091217,3.059704303741455,4.831950664520264
265,1,0,0.8,0.2,2.0,1.482254147529602,2.369986832141876,3.2836170196533203,6.105886459350586
265,1,0,0.8,0.5,0.5,6.050231456756592,9.094137907028198,3.1114120483398438,4.450541019439697
265,1,0,0.8,0.5,1.0,2.4585072994232178,3.6830407977104187,3.5609960556030273,6.2572245597839355
265,1,0,0.8,0.5,2.0,1.4276812076568604,2.090739905834198,4.174780368804932,9.152570724487305
265,1,0,0.8,0.8,0.5,6.503424644470215,9.974194288253784,3.83089542388916,5.841410160064697
265,1,0,0.8,0.8,1.0,3.660946846008301,6.392358422279358,5.561723232269287,11.270971298217773
265,1,0,0.8,0.8,2.0,2.5147416591644287,3.821801543235779,5.455678462982178,13.503902435302734
265,1,0,1.0,0.2,0.5,5.47522497177124,9.068477630615234,3.266413688659668,4.318170070648193
265,1,0,1.0,0.2,1.0,3.753324031829834,6.666703879833221,3.4744796752929688,5.880672454833984
265,1,0,1.0,0.2,2.0,1.5081760883331299,2.198061466217041,4.129958629608154,8.677030563354492
265,1,0,1.0,0.5,0.5,6.954719543457031,10.552973806858063,3.4001033306121826,4.9712395668029785
265,1,0,1.0,0.5,1.0,2.922105073928833,4.707243382930756,5.000016689300537,9.578045845031738
265,1,0,1.0,0.5,2.0,1.660034418106079,2.1611404418945312,5.881443977355957,14.31303882598877
265,1,0,1.0,0.8,0.5,5.686041831970215,8.652425646781921,6.0639448165893555,10.069073677062988
265,1,0,1.0,0.8,1.0,3.6459133625030518,5.255065858364105,6.146844863891602,12.51359748840332
265,1,0,1.0,0.8,2.0,2.7236056327819824,4.410793423652649,9.096328735351562,23.631057739257812
265,1,0,1.2,0.2,0.5,5.866673469543457,8.637709856033325,4.22292947769165,6.077956199645996
265,1,0,1.2,0.2,1.0,5.555775165557861,8.690180480480194,4.408308029174805,7.5665388107299805
265,1,0,1.2,0.2,2.0,0.8628248572349548,1.0376707911491394,5.050432205200195,10.719074249267578
265,1,0,1.2,0.5,0.5,7.395340919494629,12.391557395458221,5.205808162689209,7.864885330200195
265,1,0,1.2,0.5,1.0,2.261732578277588,3.2270870208740234,6.124205112457275,12.148062705993652
265,1,0,1.2,0.5,2.0,0.8966168165206909,1.224741518497467,7.031678199768066,16.1859130859375
265,1,0,1.2,0.8,0.5,8.453078269958496,11.655420362949371,6.836492538452148,11.615737915039062
265,1,0,1.2,0.8,1.0,5.844172477722168,9.013310015201569,10.242639541625977,23.69368553161621
265,1,0,1.2,0.8,2.0,3.7685623168945312,5.394206464290619,11.927003860473633,32.89749526977539
265,1,1,0.8,0.2,0.5,6.311657428741455,8.255882620811462,2.783406972885132,3.847414016723633
265,1,1,0.8,0.2,1.0,4.02987813949585,6.471707046031952,3.1078033447265625,5.062394142150879
265,1,1,0.8,0.2,2.0,1.5013325214385986,2.1356736421585083,3.4257655143737793,7.043907165527344
265,1,1,0.8,0.5,0.5,4.820013046264648,7.258954107761383,3.1586639881134033,4.70463228225708
265,1,1,0.8,0.5,1.0,2.9929497241973877,4.399129390716553,3.708428382873535,6.527820587158203
265,1,1,0.8,0.5,2.0,1.0215635299682617,1.0337111353874207,4.352666854858398,9.76766586303711
265,1,1,0.8,0.8,0.5,5.091598987579346,7.087166130542755,3.6691393852233887,5.7527852058410645
265,1,1,0.8,0.8,1.0,3.948592185974121,5.831363379955292,5.187789440155029,9.967933654785156
265,1,1,0.8,0.8,2.0,2.8635354042053223,4.712598979473114,5.025813102722168,11.960206985473633
265,1,1,1.0,0.2,0.5,5.891314506530762,8.594959735870361,3.114933490753174,4.269197940826416
265,1,1,1.0,0.2,1.0,4.984172344207764,7.252199053764343,3.7519335746765137,6.309952259063721
265,1,1,1.0,0.2,2.0,1.6377390623092651,2.213487386703491,3.959291458129883,7.655838966369629
265,1,1,1.0,0.5,0.5,5.774166584014893,8.654111802577972,3.9825825691223145,5.902039527893066
265,1,1,1.0,0.5,1.0,2.233471155166626,2.7662335634231567,4.849145412445068,9.245637893676758
265,1,1,1.0,0.5,2.0,1.668989896774292,2.4065322279930115,5.388733863830566,12.811837196350098
265,1,1,1.0,0.8,0.5,6.839997291564941,9.675465881824493,6.248632907867432,10.66527271270752
265,1,1,1.0,0.8,1.0,4.151320457458496,5.696493983268738,7.804324150085449,17.67428970336914
265,1,1,1.0,0.8,2.0,1.8747079372406006,2.815055549144745,7.304302215576172,19.049114227294922
265,1,1,1.2,0.2,0.5,7.439310073852539,10.597108602523804,4.052852153778076,5.899953842163086
265,1,1,1.2,0.2,1.0,4.5799407958984375,7.234566807746887,4.879007816314697,8.464203834533691
265,1,1,1.2,0.2,2.0,0.7271651029586792,1.1165865063667297,4.886237621307373,11.078451156616211
265,1,1,1.2,0.5,0.5,8.387822151184082,12.532084703445435,5.011707782745361,7.793966770172119
265,1,1,1.2,0.5,1.0,3.730666160583496,4.180504620075226,7.248916149139404,14.04344367980957
265,1,1,1.2,0.5,2.0,1.0804402828216553,1.665566623210907,7.631928443908691,19.979677200317383
265,1,1,1.2,0.8,0.5,7.265082359313965,11.244675874710083,7.50701904296875,12.870257377624512
265,1,1,1.2,0.8,1.0,7.391222953796387,11.165552318096161,13.20749282836914,29.33464241027832
265,1,1,1.2,0.8,2.0,3.0206007957458496,3.2397334575653076,10.966322898864746,30.160245895385742
265,1,2,0.8,0.2,0.5,3.7524220943450928,6.438791513442993,2.6935222148895264,3.502527952194214
265,1,2,0.8,0.2,1.0,4.488323211669922,7.020061135292053,2.7651102542877197,4.470703601837158
265,1,2,0.8,0.2,2.0,1.7830214500427246,2.212963819503784,3.157719612121582,5.641871452331543
265,1,2,0.8,0.5,0.5,6.764078617095947,9.562723517417908,3.038301467895508,4.1845622062683105
265,1,2,0.8,0.5,1.0,3.162602186203003,4.575479745864868,3.3154706954956055,5.896212100982666
265,1,2,0.8,0.5,2.0,2.036006450653076,3.2320249676704407,3.9202544689178467,8.41966438293457
265,1,2,0.8,0.8,0.5,6.371535301208496,7.609289884567261,3.9066107273101807,5.831955909729004
265,1,2,0.8,0.8,1.0,3.375900983810425,4.136636316776276,5.078906059265137,10.611706733703613
265,1,2,0.8,0.8,2.0,2.1854259967803955,2.2557297348976135,5.202812194824219,12.462916374206543
265,1,2,1.0,0.2,0.5,4.784606456756592,8.813030064105988,3.366323471069336,4.94073486328125
265,1,2,1.0,0.2,1.0,3.626505136489868,6.1519206166267395,3.5778138637542725,5.766714572906494
265,1,2,1.0,0.2,2.0,0.6895971894264221,1.3329055905342102,3.8613672256469727,8.232040405273438
265,1,2,1.0,0.5,0.5,6.830132007598877,9.921348631381989,4.202004909515381,6.357326984405518
265,1,2,1.0,0.5,1.0,1.9663898944854736,2.173159956932068,5.468722343444824,10.649871826171875
265,1,2,1.0,0.5,2.0,1.7700083255767822,2.4295142889022827,5.966519832611084,14.684087753295898
265,1,2,1.0,0.8,0.5,7.342666149139404,10.78459095954895,4.987372398376465,7.736561298370361
265,1,2,1.0,0.8,1.0,4.39070987701416,5.952559053897858,6.512623310089111,13.46835994720459
265,1,2,1.0,0.8,2.0,2.4707112312316895,3.2276849150657654,7.208280086517334,18.83171272277832
265,1,2,1.2,0.2,0.5,5.427221775054932,8.305778563022614,4.18673849105835,5.75277853012085
265,1,2,1.2,0.2,1.0,4.109860420227051,7.035428106784821,5.5588698387146,9.679972648620605
265,1,2,1.2,0.2,2.0,0.22042512893676758,0.3145105838775635,4.607624530792236,9.388799667358398
265,1,2,1.2,0.5,0.5,7.847405433654785,11.68901664018631,5.103670120239258,8.039937019348145
265,1,2,1.2,0.5,1.0,1.4161388874053955,2.696247935295105,7.311307430267334,15.146833419799805
265,1,2,1.2,0.5,2.0,0.0,0.16547328233718872,6.884914875030518,17.180255889892578
265,1,2,1.2,0.8,0.5,9.126684188842773,13.819322109222412,9.335236549377441,16.927001953125
265,1,2,1.2,0.8,1.0,5.648327827453613,7.373501658439636,11.146589279174805,25.249034881591797
265,1,2,1.2,0.8,2.0,3.454470634460449,5.751146197319031,12.181334495544434,34.48521423339844
266,1,0,0.8,0.2,0.5,5.249693870544434,7.454983234405518,2.5911762714385986,3.419273614883423
266,1,0,0.8,0.2,1.0,6.019635200500488,7.828819096088409,2.869769811630249,4.559859275817871
266,1,0,0.8,0.2,2.0,1.8075453042984009,3.231200873851776,3.377434492111206,6.7831339836120605
266,1,0,0.8,0.5,0.5,6.055983543395996,9.507197380065918,2.974583625793457,4.12347412109375
266,1,0,0.8,0.5,1.0,3.124570608139038,5.322267591953278,3.8445234298706055,7.144216537475586
266,1,0,0.8,0.5,2.0,0.9358352422714233,1.4381039142608643,4.206146240234375,9.481623649597168
266,1,0,0.8,0.8,0.5,5.8681640625,9.630955278873444,4.164869785308838,6.488289833068848
266,1,0,0.8,0.8,1.0,4.424487590789795,6.299058139324188,5.260919094085693,10.284907341003418
266,1,0,0.8,0.8,2.0,2.116434097290039,2.7210983633995056,6.201338768005371,15.547477722167969
266,1,0,1.0,0.2,0.5,6.943245887756348,9.315669536590576,3.049588680267334,4.021263599395752
266,1,0,1.0,0.2,1.0,4.4219794273376465,6.941606342792511,3.791511297225952,6.352684497833252
266,1,0,1.0,0.2,2.0,0.8408902287483215,1.25826096534729,4.000330448150635,7.652703762054443
266,1,0,1.0,0.5,0.5,5.482619762420654,8.648813486099243,4.15730094909668,6.070049285888672
266,1,0,1.0,0.5,1.0,2.7051591873168945,3.20374858379364,5.093527793884277,10.087367057800293
266,1,0,1.0,0.5,2.0,1.746533989906311,2.3526638746261597,5.935764789581299,14.754798889160156
266,1,0,1.0,0.8,0.5,7.560378074645996,10.330611765384674,6.195153713226318,10.233771324157715
266,1,0,1.0,0.8,1.0,5.003112316131592,7.187966048717499,7.449008941650391,16.486764907836914
266,1,0,1.0,0.8,2.0,3.3785836696624756,4.489051640033722,7.993071556091309,21.880687713623047
266,1,0,1.2,0.2,0.5,5.837952613830566,8.727479577064514,4.310809135437012,6.070432186126709
266,1,0,1.2,0.2,1.0,4.924631118774414,6.811954736709595,4.978387832641602,8.759859085083008
266,1,0,1.2,0.2,2.0,1.0319030284881592,1.595344066619873,5.073125839233398,11.047680854797363
266,1,0,1.2,0.5,0.5,6.918215274810791,11.179730236530304,5.631435394287109,9.083694458007812
266,1,0,1.2,0.5,1.0,2.6208980083465576,4.371787846088409,6.2855000495910645,12.908674240112305
266,1,0,1.2,0.5,2.0,1.0837748050689697,1.3135206699371338,7.473634243011475,18.57657814025879
266,1,0,1.2,0.8,0.5,8.248839378356934,12.550798833370209,9.16810131072998,16.35181999206543
266,1,0,1.2,0.8,1.0,7.104700088500977,9.760231792926788,10.19444465637207,22.254438400268555
266,1,0,1.2,0.8,2.0,3.70235013961792,5.693907380104065,11.904430389404297,32.93925476074219
266,1,1,0.8,0.2,0.5,4.650099277496338,7.285997152328491,2.58178973197937,3.529933214187622
266,1,1,0.8,0.2,1.0,3.809896945953369,6.044222295284271,2.869845151901245,4.497994899749756
266,1,1,0.8,0.2,2.0,1.0989820957183838,1.7538095116615295,3.0487141609191895,5.441204071044922
266,1,1,0.8,0.5,0.5,5.2970123291015625,7.987389922142029,3.152623414993286,4.559038162231445
266,1,1,0.8,0.5,1.0,2.1853835582733154,3.9941924810409546,3.8206560611724854,7.091322898864746
266,1,1,0.8,0.5,2.0,1.8818178176879883,2.820236384868622,4.55628776550293,9.857147216796875
266,1,1,0.8,0.8,0.5,6.659305095672607,8.972187936306,3.9462335109710693,5.907970905303955
266,1,1,0.8,0.8,1.0,4.6435017585754395,6.72814017534256,4.91093111038208,10.048866271972656
266,1,1,0.8,0.8,2.0,3.664752960205078,5.337204217910767,5.596352577209473,13.067621231079102
266,1,1,1.0,0.2,0.5,6.528165340423584,9.528755962848663,2.8827402591705322,3.9668850898742676
266,1,1,1.0,0.2,1.0,4.540175914764404,5.7716909646987915,3.449908971786499,5.753990173339844
266,1,1,1.0,0.2,2.0,1.4923964738845825,3.006192922592163,3.7808384895324707,7.388869285583496
266,1,1,1.0,0.5,0.5,5.597027778625488,7.445763170719147,4.028107643127441,6.15262508392334
266,1,1,1.0,0.5,1.0,1.7768902778625488,3.1332104802131653,4.587832450866699,8.98780345916748
266,1,1,1.0,0.5,2.0,1.5907397270202637,1.9008508920669556,6.03483772277832,14.55592155456543
266,1,1,1.0,0.8,0.5,7.720371246337891,11.34957492351532,6.953116416931152,12.35727596282959
266,1,1,1.0,0.8,1.0,4.567353248596191,7.285499453544617,6.622951507568359,13.931816101074219
266,1,1,1.0,0.8,2.0,2.881580352783203,4.40676611661911,7.544705867767334,20.370075225830078
266,1,1,1.2,0.2,0.5,6.036860942840576,7.868491530418396,3.7128429412841797,5.417041778564453
266,1,1,1.2,0.2,1.0,4.9949164390563965,7.745547950267792,4.288420677185059,7.763660430908203
266,1,1,1.2,0.2,2.0,0.8137548565864563,1.350874125957489,5.0803680419921875,11.16490364074707
266,1,1,1.2,0.5,0.5,8.377908706665039,12.344367027282715,6.104792594909668,9.472273826599121
266,1,1,1.2,0.5,1.0,2.59857439994812,3.4863609075546265,6.224250316619873,12.537748336791992
266,1,1,1.2,0.5,2.0,1.3806241750717163,2.0181182622909546,8.42521858215332,20.90961456298828
266,1,1,1.2,0.8,0.5,8.429758071899414,16.107125878334045,8.552023887634277,14.922563552856445
266,1,1,1.2,0.8,1.0,4.500399589538574,5.3691694140434265,10.208157539367676,22.064865112304688
266,1,1,1.2,0.8,2.0,4.12811279296875,4.786536157131195,11.846111297607422,33.16737747192383
266,1,2,0.8,0.2,0.5,5.696700096130371,7.934695363044739,2.532299518585205,3.361959934234619
266,1,2,0.8,0.2,1.0,3.415727376937866,5.5239938497543335,3.0446531772613525,4.983767986297607
266,1,2,0.8,0.2,2.0,1.9871737957000732,2.2827800512313843,3.288966655731201,6.276398181915283
266,1,2,0.8,0.5,0.5,5.516624927520752,7.851405560970306,3.1964809894561768,4.616027355194092
266,1,2,0.8,0.5,1.0,3.0833213329315186,3.635796904563904,3.611650228500366,6.483280658721924
266,1,2,0.8,0.5,2.0,1.4854143857955933,2.1279426217079163,4.285717487335205,8.807090759277344
266,1,2,0.8,0.8,0.5,5.448477268218994,8.717791378498077,4.198887348175049,6.686094760894775
266,1,2,0.8,0.8,1.0,3.9385907649993896,5.912083208560944,5.457169055938721,11.401956558227539
266,1,2,0.8,0.8,2.0,2.885620355606079,4.420718193054199,5.663569927215576,13.739678382873535
266,1,2,1.0,0.2,0.5,5.013069152832031,7.537685334682465,3.5049479007720947,4.905580997467041
266,1,2,1.0,0.2,1.0,5.303345203399658,7.501798570156097,3.597450017929077,6.1799235343933105
266,1,2,1.0,0.2,2.0,1.4008517265319824,2.2973333597183228,4.12443733215332,8.56932544708252
266,1,2,1.0,0.5,0.5,6.520471096038818,10.750992119312286,3.8107542991638184,5.898098468780518
266,1,2,1.0,0.5,1.0,3.0732483863830566,5.626589775085449,5.460029125213623,10.322697639465332
266,1,2,1.0,0.5,2.0,1.0655419826507568,1.8597506880760193,5.654681205749512,13.70869255065918
266,1,2,1.0,0.8,0.5,5.560726165771484,8.771221816539764,6.023151397705078,10.469151496887207
266,1,2,1.0,0.8,1.0,4.041360855102539,6.63214236497879,6.841294765472412,14.962185859680176
266,1,2,1.0,0.8,2.0,3.1896414756774902,4.414460599422455,8.606532096862793,23.20203399658203
266,1,2,1.2,0.2,0.5,5.531615257263184,8.298522233963013,4.716442108154297,6.8140869140625
266,1,2,1.2,0.2,1.0,3.758608341217041,6.586070537567139,4.382693767547607,8.093469619750977
266,1,2,1.2,0.2,2.0,0.5890987515449524,1.626253604888916,4.948704242706299,11.022446632385254
266,1,2,1.2,0.5,0.5,8.298917770385742,12.559585630893707,5.012076377868652,8.065107345581055
266,1,2,1.2,0.5,1.0,3.064143419265747,4.220875263214111,6.4785284996032715,12.763812065124512
266,1,2,1.2,0.5,2.0,1.8757662773132324,2.4522411227226257,7.227343559265137,18.709819793701172
266,1,2,1.2,0.8,0.5,7.714785575866699,11.940158545970917,7.848023891448975,13.509242057800293
266,1,2,1.2,0.8,1.0,4.738362789154053,7.122448682785034,9.749748229980469,22.364347457885742
266,1,2,1.2,0.8,2.0,4.703673839569092,7.52795284986496,11.753375053405762,32.348751068115234
267,1,0,0.8,0.2,0.5,5.549837589263916,7.391822636127472,2.6967461109161377,3.5748353004455566
267,1,0,0.8,0.2,1.0,3.719266414642334,7.069967865943909,3.1222431659698486,5.084122657775879
267,1,0,0.8,0.2,2.0,2.2510619163513184,3.3767812848091125,3.131810188293457,6.680865287780762
267,1,0,0.8,0.5,0.5,6.186509132385254,8.74612158536911,3.065200090408325,4.338874340057373
267,1,0,0.8,0.5,1.0,2.7945408821105957,3.2455859184265137,3.3721423149108887,5.949115753173828
267,1,0,0.8,0.5,2.0,1.1384553909301758,1.8144605159759521,4.674127101898193,10.432703971862793
267,1,0,0.8,0.8,0.5,6.428613185882568,9.25169575214386,4.23237943649292,6.639675617218018
267,1,0,0.8,0.8,1.0,2.6018729209899902,4.375317394733429,4.817772388458252,9.25411319732666
267,1,0,0.8,0.8,2.0,3.4612154960632324,5.101300477981567,5.504755973815918,13.55309009552002
267,1,0,1.0,0.2,0.5,4.607586860656738,7.126523971557617,3.2175440788269043,4.468979358673096
267,1,0,1.0,0.2,1.0,3.604612112045288,6.000141024589539,3.6121814250946045,6.326852798461914
267,1,0,1.0,0.2,2.0,0.6306988000869751,1.0507953763008118,3.9973678588867188,8.108179092407227
267,1,0,1.0,0.5,0.5,5.864790916442871,8.805744707584381,3.625727415084839,5.169492244720459
267,1,0,1.0,0.5,1.0,3.39449143409729,5.485294163227081,5.693930625915527,11.235823631286621
267,1,0,1.0,0.5,2.0,0.9202253222465515,0.989311933517456,5.255686283111572,12.73676586151123
267,1,0,1.0,0.8,0.5,8.41405200958252,11.222707688808441,7.016847133636475,11.551700592041016
267,1,0,1.0,0.8,1.0,4.206142425537109,6.801104545593262,6.569235324859619,13.431248664855957
267,1,0,1.0,0.8,2.0,3.4169228076934814,5.1191176772117615,7.721817493438721,19.629886627197266
267,1,0,1.2,0.2,0.5,7.5116190910339355,8.853343427181244,4.344124794006348,6.170870780944824
267,1,0,1.2,0.2,1.0,4.027605056762695,6.670352578163147,4.27884578704834,7.376491069793701
267,1,0,1.2,0.2,2.0,0.595433235168457,0.8343017101287842,4.572254657745361,9.459944725036621
267,1,0,1.2,0.5,0.5,5.571782112121582,8.657984137535095,5.1465744972229,8.347105979919434
267,1,0,1.2,0.5,1.0,3.1760737895965576,4.507283926010132,6.183243274688721,12.373095512390137
267,1,0,1.2,0.5,2.0,1.8733315467834473,1.8664253950119019,8.431535720825195,21.66650390625
267,1,0,1.2,0.8,0.5,7.938349723815918,10.613753080368042,8.0211820602417,14.275728225708008
267,1,0,1.2,0.8,1.0,4.773223400115967,6.622548043727875,11.357366561889648,25.209232330322266
267,1,0,1.2,0.8,2.0,2.3770909309387207,5.073685884475708,12.298283576965332,35.19078826904297
267,1,1,0.8,0.2,0.5,6.639346599578857,9.908196747303009,2.432145118713379,3.159503698348999
267,1,1,0.8,0.2,1.0,4.6347222328186035,7.753535807132721,2.9334874153137207,4.583189487457275
267,1,1,0.8,0.2,2.0,1.2813990116119385,2.3132388591766357,3.5444343090057373,7.334978103637695
267,1,1,0.8,0.5,0.5,5.2317118644714355,7.4169838428497314,3.108055353164673,4.595557689666748
267,1,1,0.8,0.5,1.0,3.07509183883667,4.327193439006805,3.5739247798919678,6.226301670074463
267,1,1,0.8,0.5,2.0,0.6518361568450928,1.061299204826355,4.321704864501953,9.871297836303711
267,1,1,0.8,0.8,0.5,6.642841339111328,9.440332412719727,4.038817405700684,6.324371337890625
267,1,1,0.8,0.8,1.0,3.5977871417999268,5.285119354724884,4.797306060791016,9.185887336730957
267,1,1,0.8,0.8,2.0,1.9214732646942139,2.8550251126289368,5.927031993865967,14.788982391357422
267,1,1,1.0,0.2,0.5,4.679146766662598,7.346769988536835,3.0088467597961426,4.153109073638916
267,1,1,1.0,0.2,1.0,3.2446212768554688,6.096271574497223,3.4779374599456787,6.052555084228516
267,1,1,1.0,0.2,2.0,0.19851714372634888,0.27017831802368164,3.907494306564331,7.870919704437256
267,1,1,1.0,0.5,0.5,6.953696250915527,10.816648423671722,3.708941698074341,5.633342266082764
267,1,1,1.0,0.5,1.0,2.6392481327056885,3.013727307319641,4.702637672424316,8.842411994934082
267,1,1,1.0,0.5,2.0,1.1435387134552002,1.8629848957061768,6.213512420654297,15.290635108947754
267,1,1,1.0,0.8,0.5,7.794222831726074,10.218209207057953,5.3367085456848145,8.859052658081055
267,1,1,1.0,0.8,1.0,3.632239818572998,4.725275337696075,6.3105010986328125,13.340465545654297
267,1,1,1.0,0.8,2.0,2.6418943405151367,3.405572295188904,8.247678756713867,22.121912002563477
267,1,1,1.2,0.2,0.5,6.150620937347412,9.87278002500534,3.7894930839538574,5.345757007598877
267,1,1,1.2,0.2,1.0,4.534809589385986,7.367477238178253,4.191280364990234,7.658975124359131
267,1,1,1.2,0.2,2.0,0.6279077529907227,1.234211027622223,4.695129871368408,9.853842735290527
267,1,1,1.2,0.5,0.5,7.23713493347168,11.313029706478119,5.139346599578857,7.554123878479004
267,1,1,1.2,0.5,1.0,2.9305214881896973,5.314550161361694,6.360422611236572,13.1160888671875
267,1,1,1.2,0.5,2.0,1.8062896728515625,1.8180348873138428,7.861591815948486,19.840356826782227
267,1,1,1.2,0.8,0.5,8.52862548828125,13.15129280090332,7.948486804962158,13.386521339416504
267,1,1,1.2,0.8,1.0,7.466058731079102,11.365565478801727,13.188618659973145,30.991823196411133
267,1,1,1.2,0.8,2.0,4.36793327331543,6.758880853652954,10.677905082702637,29.17902183532715
267,1,2,0.8,0.2,0.5,6.156094074249268,8.081682324409485,2.398329973220825,3.133876085281372
267,1,2,0.8,0.2,1.0,3.977741241455078,6.267937064170837,3.012528419494629,4.870844841003418
267,1,2,0.8,0.2,2.0,1.7214211225509644,1.9693056344985962,3.18813419342041,6.399616241455078
267,1,2,0.8,0.5,0.5,5.144798278808594,7.6250128746032715,3.134214401245117,4.620157241821289
267,1,2,0.8,0.5,1.0,2.7940244674682617,4.135119557380676,4.051644802093506,7.413584232330322
267,1,2,0.8,0.5,2.0,1.6440019607543945,2.4218923449516296,4.504289627075195,10.088398933410645
267,1,2,0.8,0.8,0.5,5.684735298156738,8.974182486534119,4.140425205230713,6.29355525970459
267,1,2,0.8,0.8,1.0,4.274288654327393,6.5489543080329895,4.709748268127441,9.146484375
267,1,2,0.8,0.8,2.0,2.952943801879883,5.037907540798187,5.993701934814453,14.81617546081543
267,1,2,1.0,0.2,0.5,5.039321422576904,7.530944585800171,3.129221200942993,4.25347375869751
267,1,2,1.0,0.2,1.0,3.658510208129883,5.596833944320679,3.9372642040252686,6.912906646728516
267,1,2,1.0,0.2,2.0,0.7311431765556335,1.028796136379242,4.190001487731934,8.783305168151855
267,1,2,1.0,0.5,0.5,6.892495632171631,9.844191491603851,4.499057292938232,6.847771644592285
267,1,2,1.0,0.5,1.0,2.9621567726135254,4.819444417953491,5.061404705047607,9.626105308532715
267,1,2,1.0,0.5,2.0,1.2058674097061157,1.4742313623428345,5.5650153160095215,13.391104698181152
267,1,2,1.0,0.8,0.5,5.88838005065918,9.007023334503174,6.1482720375061035,10.110953330993652
267,1,2,1.0,0.8,1.0,4.014231204986572,4.669927000999451,6.507278919219971,14.029468536376953
267,1,2,1.0,0.8,2.0,2.2568681240081787,2.2089592814445496,7.896512985229492,20.601285934448242
267,1,2,1.2,0.2,0.5,7.272058486938477,9.948188185691833,4.153236389160156,6.035644054412842
267,1,2,1.2,0.2,1.0,4.53079891204834,7.319861054420471,4.324294567108154,7.987813949584961
267,1,2,1.2,0.2,2.0,1.1654939651489258,2.046733260154724,4.708270072937012,10.113200187683105
267,1,2,1.2,0.5,0.5,8.273930549621582,11.878065168857574,6.393349647521973,10.194981575012207
267,1,2,1.2,0.5,1.0,2.9930996894836426,4.135109305381775,6.0016984939575195,11.948110580444336
267,1,2,1.2,0.5,2.0,1.531356930732727,1.669593632221222,7.534546375274658,19.68619728088379
267,1,2,1.2,0.8,0.5,8.894693374633789,13.520284950733185,9.274126052856445,16.94660758972168
267,1,2,1.2,0.8,1.0,5.546717166900635,6.622761845588684,8.689582824707031,19.772493362426758
267,1,2,1.2,0.8,2.0,1.1624338626861572,1.863634705543518,11.454054832458496,30.505537033081055
268,1,0,0.8,0.2,0.5,4.77037239074707,7.109508633613586,2.703437566757202,3.641571521759033
268,1,0,0.8,0.2,1.0,4.150936603546143,5.893785893917084,2.9443857669830322,4.852977275848389
268,1,0,0.8,0.2,2.0,1.1851623058319092,2.4043920636177063,3.392153263092041,6.71272611618042
268,1,0,0.8,0.5,0.5,5.706191062927246,8.696131467819214,3.4289145469665527,4.998258590698242
268,1,0,0.8,0.5,1.0,3.764359474182129,5.711190760135651,3.900820732116699,7.085205554962158
268,1,0,0.8,0.5,2.0,1.0132665634155273,1.3216485977172852,4.3187408447265625,9.35222053527832
268,1,0,0.8,0.8,0.5,6.223178386688232,8.723392128944397,4.076680660247803,6.435193061828613
268,1,0,0.8,0.8,1.0,3.113877773284912,4.33706271648407,5.715998649597168,11.784672737121582
268,1,0,0.8,0.8,2.0,2.8349900245666504,4.275481224060059,6.040147304534912,15.373207092285156
268,1,0,1.0,0.2,0.5,6.695661544799805,10.277859151363373,3.2431986331939697,4.5222249031066895
268,1,0,1.0,0.2,1.0,4.608412742614746,8.257468581199646,3.368757486343384,5.899639129638672
268,1,0,1.0,0.2,2.0,1.7907453775405884,2.9278465509414673,4.045403480529785,7.949963569641113
268,1,0,1.0,0.5,0.5,7.2129130363464355,9.941394209861755,4.018957614898682,6.079312801361084
268,1,0,1.0,0.5,1.0,2.0605452060699463,3.87103408575058,5.182514190673828,10.2260103225708
268,1,0,1.0,0.5,2.0,1.413088321685791,2.4326366186141968,5.837252616882324,13.866927146911621
268,1,0,1.0,0.8,0.5,6.583176612854004,10.241566896438599,5.925354957580566,10.008598327636719
268,1,0,1.0,0.8,1.0,4.415957927703857,6.075689375400543,6.977672576904297,14.768067359924316
268,1,0,1.0,0.8,2.0,2.6171486377716064,3.1864017844200134,9.108890533447266,24.86649513244629
268,1,0,1.2,0.2,0.5,6.944594860076904,10.702608823776245,4.634471893310547,6.523165702819824
268,1,0,1.2,0.2,1.0,5.69677209854126,8.205103099346161,4.701360702514648,8.24242115020752
268,1,0,1.2,0.2,2.0,1.049506664276123,1.482915461063385,4.730108261108398,10.277478218078613
268,1,0,1.2,0.5,0.5,7.846741199493408,11.768410325050354,5.874178886413574,9.652852058410645
268,1,0,1.2,0.5,1.0,2.263629198074341,3.650333344936371,6.577089786529541,13.42807674407959
268,1,0,1.2,0.5,2.0,0.6351656317710876,0.8047064542770386,8.170562744140625,20.486684799194336
268,1,0,1.2,0.8,0.5,9.453166961669922,12.940644323825836,8.763936996459961,15.493152618408203
268,1,0,1.2,0.8,1.0,5.455119609832764,6.201574683189392,9.656649589538574,21.363527297973633
268,1,0,1.2,0.8,2.0,3.6863555908203125,5.281920075416565,11.346787452697754,31.4101505279541
268,1,1,0.8,0.2,0.5,5.494384288787842,7.782521367073059,2.6139588356018066,3.4173471927642822
268,1,1,0.8,0.2,1.0,4.101239204406738,6.934479176998138,3.205610513687134,5.070731163024902
268,1,1,0.8,0.2,2.0,1.8377653360366821,2.720071315765381,3.3580617904663086,6.517917156219482
268,1,1,0.8,0.5,0.5,5.641529083251953,9.007360875606537,2.9180848598480225,4.107577800750732
268,1,1,0.8,0.5,1.0,2.565795660018921,3.986960291862488,4.3204216957092285,8.146393775939941
268,1,1,0.8,0.5,2.0,0.794224739074707,1.0725531578063965,4.374732971191406,9.559062004089355
268,1,1,0.8,0.8,0.5,5.8832550048828125,9.278448820114136,3.8483078479766846,5.872318744659424
268,1,1,0.8,0.8,1.0,3.857449531555176,5.574866235256195,4.868545055389404,10.138530731201172
268,1,1,0.8,0.8,2.0,2.0432262420654297,3.5426138639450073,6.280885696411133,15.547737121582031
268,1,1,1.0,0.2,0.5,4.699958324432373,9.520048201084137,3.385692596435547,4.7578511238098145
268,1,1,1.0,0.2,1.0,4.906529903411865,7.856202244758606,3.5720038414001465,5.575799465179443
268,1,1,1.0,0.2,2.0,0.7623035311698914,1.474848210811615,4.0229668617248535,8.858153343200684
268,1,1,1.0,0.5,0.5,7.8400139808654785,11.193567752838135,4.456670761108398,6.738994598388672
268,1,1,1.0,0.5,1.0,3.6870579719543457,4.831132411956787,4.918367385864258,9.765633583068848
268,1,1,1.0,0.5,2.0,1.149336338043213,1.9876407980918884,5.750115871429443,13.93301773071289
268,1,1,1.0,0.8,0.5,7.769021987915039,11.32423883676529,6.06118106842041,9.991665840148926
268,1,1,1.0,0.8,1.0,4.731023788452148,6.034312725067139,7.905140399932861,17.380287170410156
268,1,1,1.0,0.8,2.0,4.080849647521973,5.324525058269501,10.135533332824707,27.208080291748047
268,1,1,1.2,0.2,0.5,5.899674415588379,9.339861869812012,5.036023139953613,7.224124908447266
268,1,1,1.2,0.2,1.0,4.691208362579346,7.558877944946289,4.406545162200928,7.601224422454834
268,1,1,1.2,0.2,2.0,0.7963640689849854,1.66427743434906,4.687121391296387,9.957136154174805
268,1,1,1.2,0.5,0.5,7.056779861450195,10.822855293750763,5.798476696014404,9.123478889465332
268,1,1,1.2,0.5,1.0,2.8301336765289307,4.04496705532074,7.464910507202148,15.620800018310547
268,1,1,1.2,0.5,2.0,1.251564621925354,1.2803848385810852,7.487356185913086,18.21616554260254
268,1,1,1.2,0.8,0.5,12.04938793182373,16.79895806312561,11.444326400756836,19.765277862548828
268,1,1,1.2,0.8,1.0,7.216716766357422,11.24568259716034,13.855868339538574,31.5534610748291
268,1,1,1.2,0.8,2.0,3.5847623348236084,5.8888402581214905,12.236513137817383,34.18043518066406
268,1,2,0.8,0.2,0.5,6.04412317276001,8.076187670230865,2.618767738342285,3.6056675910949707
268,1,2,0.8,0.2,1.0,3.970966339111328,6.877060174942017,3.2199363708496094,5.420128345489502
268,1,2,0.8,0.2,2.0,1.3405053615570068,2.4416874647140503,3.382765293121338,6.512280464172363
268,1,2,0.8,0.5,0.5,5.975178241729736,9.782901287078857,3.223405122756958,4.696590423583984
268,1,2,0.8,0.5,1.0,3.6917240619659424,5.7234731912612915,3.685598134994507,6.641488552093506
268,1,2,0.8,0.5,2.0,2.059652805328369,2.7454965114593506,4.573724269866943,10.1128511428833
268,1,2,0.8,0.8,0.5,6.948204517364502,9.447059154510498,4.040184020996094,6.156975746154785
268,1,2,0.8,0.8,1.0,3.990311622619629,5.131279110908508,5.644806861877441,11.674121856689453
268,1,2,0.8,0.8,2.0,2.6359102725982666,4.502859592437744,6.14134407043457,15.653302192687988
268,1,2,1.0,0.2,0.5,6.761483669281006,10.325976252555847,3.2669031620025635,4.4684224128723145
268,1,2,1.0,0.2,1.0,5.521686553955078,7.397218406200409,3.83270001411438,6.458008289337158
268,1,2,1.0,0.2,2.0,1.004138708114624,1.4525946974754333,3.9550535678863525,8.345073699951172
268,1,2,1.0,0.5,0.5,6.421657085418701,9.668474614620209,4.156570911407471,6.279417514801025
268,1,2,1.0,0.5,1.0,2.2245872020721436,3.240976631641388,5.468655586242676,10.629472732543945
268,1,2,1.0,0.5,2.0,1.3860352039337158,2.0541756749153137,5.710205554962158,13.112478256225586
268,1,2,1.0,0.8,0.5,6.669074058532715,10.234435200691223,6.689438819885254,11.350212097167969
268,1,2,1.0,0.8,1.0,4.514510154724121,7.394525229930878,7.915345668792725,16.813135147094727
268,1,2,1.0,0.8,2.0,2.8016624450683594,3.898818850517273,8.381797790527344,22.277555465698242
268,1,2,1.2,0.2,0.5,7.9755964279174805,10.291238188743591,3.828277111053467,5.310544967651367
268,1,2,1.2,0.2,1.0,4.197242736816406,7.653280198574066,4.79457426071167,8.547871589660645
268,1,2,1.2,0.2,2.0,0.9387571215629578,1.4298904538154602,4.854411602020264,10.356470108032227
268,1,2,1.2,0.5,0.5,6.899810314178467,10.900823175907135,5.595259666442871,9.014229774475098
268,1,2,1.2,0.5,1.0,2.3169360160827637,3.791901171207428,7.357293605804443,15.497722625732422
268,1,2,1.2,0.5,2.0,0.15177685022354126,0.8261858224868774,7.619234561920166,19.580013275146484
268,1,2,1.2,0.8,0.5,8.648606300354004,12.822326421737671,7.22910737991333,12.061100959777832
268,1,2,1.2,0.8,1.0,6.224295616149902,10.243317365646362,11.698365211486816,27.200965881347656
268,1,2,1.2,0.8,2.0,3.2265260219573975,4.545409858226776,11.289390563964844,30.08051300048828
