mode,normalization,shuffle_id,rho_target,leak,input_scale,neuron_bias,MC,IPC,KR,GR,wt_mean,cosine_similarity,kl_to_gaussian,seed,src,raw_rho,ref_rho,post_rho,raw_fro,ref_fro,post_fro,scale_factor
sign_test_og_cel0.22058823529411764__norm_spectral_radius,spectral_radius,24,1.0,0.6,0.1,0.1,7.029617786407471,11.231450759673976,3.0860157012939453,3.414231777191162,0.0020429673604667187,0.3606352210044861,1.1599982015208496,2412346,new_cel_4to1_chunk_8,61.92839813232422,65.74830627441406,0.9999990463256836,515.4706420898438,515.4706420898438,8.32365608215332,0.01614768071125093
sign_test_og_cel0.22058823529411764__norm_spectral_radius,spectral_radius,24,1.0,0.6,0.5,0.1,5.565459728240967,14.535842624548877,4.829013824462891,7.535852432250977,0.0020429673604667187,0.3606352210044861,1.1599982015208496,2412346,new_cel_4to1_chunk_8,61.92839813232422,65.74830627441406,0.9999990463256836,515.4706420898438,515.4706420898438,8.32365608215332,0.01614768071125093
sign_test_og_cel0.22058823529411764__norm_spectral_radius,spectral_radius,24,1.0,0.6,1.0,0.1,2.411865711212158,6.621114301484823,5.669184684753418,11.223748207092285,0.0020429673604667187,0.3606352210044861,1.1599982015208496,2412346,new_cel_4to1_chunk_8,61.92839813232422,65.74830627441406,0.9999990463256836,515.4706420898438,515.4706420898438,8.32365608215332,0.01614768071125093
sign_test_og_cel0.22058823529411764__norm_spectral_radius,spectral_radius,24,1.0,0.6,1.5,0.1,2.518660545349121,6.843870993501696,6.05253267288208,13.661791801452637,0.0020429673604667187,0.3606352210044861,1.1599982015208496,2412346,new_cel_4to1_chunk_8,61.92839813232422,65.74830627441406,0.9999990463256836,515.4706420898438,515.4706420898438,8.32365608215332,0.01614768071125093
sign_test_og_cel0.22058823529411764__norm_spectral_radius,spectral_radius,24,1.0,0.8,0.1,0.1,8.390230178833008,13.461249097580207,3.5378620624542236,3.9632568359375,0.0020429673604667187,0.3606352210044861,1.1599982015208496,2412346,new_cel_4to1_chunk_8,61.92839813232422,65.74830627441406,0.9999990463256836,515.4706420898438,515.4706420898438,8.32365608215332,0.01614768071125093
sign_test_og_cel0.22058823529411764__norm_spectral_radius,spectral_radius,24,1.0,0.8,0.5,0.1,6.128439903259277,14.71563877437697,5.698811054229736,9.2520751953125,0.0020429673604667187,0.3606352210044861,1.1599982015208496,2412346,new_cel_4to1_chunk_8,61.92839813232422,65.74830627441406,0.9999990463256836,515.4706420898438,515.4706420898438,8.32365608215332,0.01614768071125093
sign_test_og_cel0.22058823529411764__norm_spectral_radius,spectral_radius,24,1.0,0.8,1.0,0.1,4.123628616333008,6.8051625799114674,6.824373245239258,14.119340896606445,0.0020429673604667187,0.3606352210044861,1.1599982015208496,2412346,new_cel_4to1_chunk_8,61.92839813232422,65.74830627441406,0.9999990463256836,515.4706420898438,515.4706420898438,8.32365608215332,0.01614768071125093
sign_test_og_cel0.22058823529411764__norm_spectral_radius,spectral_radius,24,1.0,0.8,1.5,0.1,4.17898416519165,8.909923740938865,7.32556676864624,17.27054786682129,0.0020429673604667187,0.3606352210044861,1.1599982015208496,2412346,new_cel_4to1_chunk_8,61.92839813232422,65.74830627441406,0.9999990463256836,515.4706420898438,515.4706420898438,8.32365608215332,0.01614768071125093
sign_test_og_cel0.22058823529411764__norm_spectral_radius,spectral_radius,24,1.0,1.0,0.1,0.1,10.023431777954102,16.45519730137147,4.542618274688721,5.164978504180908,0.0020429673604667187,0.3606352210044861,1.1599982015208496,2412346,new_cel_4to1_chunk_8,61.92839813232422,65.74830627441406,0.9999990463256836,515.4706420898438,515.4706420898438,8.32365608215332,0.01614768071125093
sign_test_og_cel0.22058823529411764__norm_spectral_radius,spectral_radius,24,1.0,1.0,0.5,0.1,7.842072486877441,16.081644388211544,7.4528117179870605,12.457236289978027,0.0020429673604667187,0.3606352210044861,1.1599982015208496,2412346,new_cel_4to1_chunk_8,61.92839813232422,65.74830627441406,0.9999990463256836,515.4706420898438,515.4706420898438,8.32365608215332,0.01614768071125093
sign_test_og_cel0.22058823529411764__norm_spectral_radius,spectral_radius,24,1.0,1.0,1.0,0.1,4.5228705406188965,11.674883025678923,8.875456809997559,19.005029678344727,0.0020429673604667187,0.3606352210044861,1.1599982015208496,2412346,new_cel_4to1_chunk_8,61.92839813232422,65.74830627441406,0.9999990463256836,515.4706420898438,515.4706420898438,8.32365608215332,0.01614768071125093
sign_test_og_cel0.22058823529411764__norm_spectral_radius,spectral_radius,24,1.0,1.0,1.5,0.1,4.745253562927246,10.115977723500029,9.446921348571777,23.015867233276367,0.0020429673604667187,0.3606352210044861,1.1599982015208496,2412346,new_cel_4to1_chunk_8,61.92839813232422,65.74830627441406,0.9999990463256836,515.4706420898438,515.4706420898438,8.32365608215332,0.01614768071125093
sign_test_og_cel0.0__norm_spectral_radius,spectral_radius,24,1.0,0.6,0.1,0.1,4.843034267425537,7.54742054738918,3.016692876815796,3.3072125911712646,0.002205354394391179,0.6321458220481873,1.15999820542446,2412346,new_cel_4to1_chunk_8,100.5592269897461,65.74830627441406,1.0000011920928955,515.4706420898438,515.4706420898438,5.126040458679199,0.009944388296679815
sign_test_og_cel0.0__norm_spectral_radius,spectral_radius,24,1.0,0.6,0.5,0.1,3.895167112350464,9.792205688182065,4.289144039154053,6.245680332183838,0.002205354394391179,0.6321458220481873,1.15999820542446,2412346,new_cel_4to1_chunk_8,100.5592269897461,65.74830627441406,1.0000011920928955,515.4706420898438,515.4706420898438,5.126040458679199,0.009944388296679815
sign_test_og_cel0.0__norm_spectral_radius,spectral_radius,24,1.0,0.6,1.0,0.1,3.385403633117676,8.754762209799445,4.548666000366211,8.19591236114502,0.002205354394391179,0.6321458220481873,1.15999820542446,2412346,new_cel_4to1_chunk_8,100.5592269897461,65.74830627441406,1.0000011920928955,515.4706420898438,515.4706420898438,5.126040458679199,0.009944388296679815
sign_test_og_cel0.0__norm_spectral_radius,spectral_radius,24,1.0,0.6,1.5,0.1,2.807814121246338,6.637571327308478,4.4694390296936035,9.236547470092773,0.002205354394391179,0.6321458220481873,1.15999820542446,2412346,new_cel_4to1_chunk_8,100.5592269897461,65.74830627441406,1.0000011920928955,515.4706420898438,515.4706420898438,5.126040458679199,0.009944388296679815
sign_test_og_cel0.0__norm_spectral_radius,spectral_radius,24,1.0,0.8,0.1,0.1,5.919032096862793,9.481033006353414,3.2246832847595215,3.563936471939087,0.002205354394391179,0.6321458220481873,1.15999820542446,2412346,new_cel_4to1_chunk_8,100.5592269897461,65.74830627441406,1.0000011920928955,515.4706420898438,515.4706420898438,5.126040458679199,0.009944388296679815
sign_test_og_cel0.0__norm_spectral_radius,spectral_radius,24,1.0,0.8,0.5,0.1,4.576729774475098,9.708390875464687,4.693935394287109,7.057687282562256,0.002205354394391179,0.6321458220481873,1.15999820542446,2412346,new_cel_4to1_chunk_8,100.5592269897461,65.74830627441406,1.0000011920928955,515.4706420898438,515.4706420898438,5.126040458679199,0.009944388296679815
sign_test_og_cel0.0__norm_spectral_radius,spectral_radius,24,1.0,0.8,1.0,0.1,2.6837563514709473,7.322792657454444,5.087398052215576,9.56065559387207,0.002205354394391179,0.6321458220481873,1.15999820542446,2412346,new_cel_4to1_chunk_8,100.5592269897461,65.74830627441406,1.0000011920928955,515.4706420898438,515.4706420898438,5.126040458679199,0.009944388296679815
sign_test_og_cel0.0__norm_spectral_radius,spectral_radius,24,1.0,0.8,1.5,0.1,2.753856897354126,5.753596329388415,5.05966329574585,10.919746398925781,0.002205354394391179,0.6321458220481873,1.15999820542446,2412346,new_cel_4to1_chunk_8,100.5592269897461,65.74830627441406,1.0000011920928955,515.4706420898438,515.4706420898438,5.126040458679199,0.009944388296679815
sign_test_og_cel0.0__norm_spectral_radius,spectral_radius,24,1.0,1.0,0.1,0.1,6.872681140899658,11.119517641069685,3.5358169078826904,3.9443304538726807,0.002205354394391179,0.6321458220481873,1.15999820542446,2412346,new_cel_4to1_chunk_8,100.5592269897461,65.74830627441406,1.0000011920928955,515.4706420898438,515.4706420898438,5.126040458679199,0.009944388296679815
sign_test_og_cel0.0__norm_spectral_radius,spectral_radius,24,1.0,1.0,0.5,0.1,5.2221269607543945,12.973279096965163,5.2866692543029785,8.211138725280762,0.002205354394391179,0.6321458220481873,1.15999820542446,2412346,new_cel_4to1_chunk_8,100.5592269897461,65.74830627441406,1.0000011920928955,515.4706420898438,515.4706420898438,5.126040458679199,0.009944388296679815
sign_test_og_cel0.0__norm_spectral_radius,spectral_radius,24,1.0,1.0,1.0,0.1,4.552553653717041,10.006999724007251,5.862565994262695,11.451638221740723,0.002205354394391179,0.6321458220481873,1.15999820542446,2412346,new_cel_4to1_chunk_8,100.5592269897461,65.74830627441406,1.0000011920928955,515.4706420898438,515.4706420898438,5.126040458679199,0.009944388296679815
sign_test_og_cel0.0__norm_spectral_radius,spectral_radius,24,1.0,1.0,1.5,0.1,3.8364691734313965,8.287604199922795,5.900266647338867,13.233201026916504,0.002205354394391179,0.6321458220481873,1.15999820542446,2412346,new_cel_4to1_chunk_8,100.5592269897461,65.74830627441406,1.0000011920928955,515.4706420898438,515.4706420898438,5.126040458679199,0.009944388296679815
sign_test_og_cel0.1__norm_spectral_radius,spectral_radius,24,1.0,0.6,0.1,0.1,5.473268508911133,8.433116365616684,3.250197649002075,3.527735471725464,0.00208667223341763,0.5113523006439209,1.1599980773262568,2412346,new_cel_4to1_chunk_8,85.9704360961914,65.74830627441406,1.0000001192092896,515.4706420898438,515.4706420898438,5.995906352996826,0.011631905634177668
sign_test_og_cel0.1__norm_spectral_radius,spectral_radius,24,1.0,0.6,0.5,0.1,4.0685200691223145,9.178933470723052,4.4307541847229,6.497095108032227,0.00208667223341763,0.5113523006439209,1.1599980773262568,2412346,new_cel_4to1_chunk_8,85.9704360961914,65.74830627441406,1.0000001192092896,515.4706420898438,515.4706420898438,5.995906352996826,0.011631905634177668
sign_test_og_cel0.1__norm_spectral_radius,spectral_radius,24,1.0,0.6,1.0,0.1,3.4819209575653076,9.623192913285642,4.828986644744873,8.96666145324707,0.00208667223341763,0.5113523006439209,1.1599980773262568,2412346,new_cel_4to1_chunk_8,85.9704360961914,65.74830627441406,1.0000001192092896,515.4706420898438,515.4706420898438,5.995906352996826,0.011631905634177668
sign_test_og_cel0.1__norm_spectral_radius,spectral_radius,24,1.0,0.6,1.5,0.1,2.078458547592163,5.7724743400008265,4.824123382568359,10.324888229370117,0.00208667223341763,0.5113523006439209,1.1599980773262568,2412346,new_cel_4to1_chunk_8,85.9704360961914,65.74830627441406,1.0000001192092896,515.4706420898438,515.4706420898438,5.995906352996826,0.011631905634177668
sign_test_og_cel0.1__norm_spectral_radius,spectral_radius,24,1.0,0.8,0.1,0.1,6.4239182472229,9.837756148339931,3.516944408416748,3.8533735275268555,0.00208667223341763,0.5113523006439209,1.1599980773262568,2412346,new_cel_4to1_chunk_8,85.9704360961914,65.74830627441406,1.0000001192092896,515.4706420898438,515.4706420898438,5.995906352996826,0.011631905634177668
sign_test_og_cel0.1__norm_spectral_radius,spectral_radius,24,1.0,0.8,0.5,0.1,5.011440277099609,8.441979377947291,4.934566020965576,7.517589569091797,0.00208667223341763,0.5113523006439209,1.1599980773262568,2412346,new_cel_4to1_chunk_8,85.9704360961914,65.74830627441406,1.0000001192092896,515.4706420898438,515.4706420898438,5.995906352996826,0.011631905634177668
sign_test_og_cel0.1__norm_spectral_radius,spectral_radius,24,1.0,0.8,1.0,0.1,2.8480043411254883,7.610265622230507,5.527442932128906,10.732927322387695,0.00208667223341763,0.5113523006439209,1.1599980773262568,2412346,new_cel_4to1_chunk_8,85.9704360961914,65.74830627441406,1.0000001192092896,515.4706420898438,515.4706420898438,5.995906352996826,0.011631905634177668
sign_test_og_cel0.1__norm_spectral_radius,spectral_radius,24,1.0,0.8,1.5,0.1,2.235039472579956,5.37193389700181,5.596229076385498,12.50632381439209,0.00208667223341763,0.5113523006439209,1.1599980773262568,2412346,new_cel_4to1_chunk_8,85.9704360961914,65.74830627441406,1.0000001192092896,515.4706420898438,515.4706420898438,5.995906352996826,0.011631905634177668
sign_test_og_cel0.1__norm_spectral_radius,spectral_radius,24,1.0,1.0,0.1,0.1,7.671481132507324,11.93555142950321,3.9402801990509033,4.36016321182251,0.00208667223341763,0.5113523006439209,1.1599980773262568,2412346,new_cel_4to1_chunk_8,85.9704360961914,65.74830627441406,1.0000001192092896,515.4706420898438,515.4706420898438,5.995906352996826,0.011631905634177668
sign_test_og_cel0.1__norm_spectral_radius,spectral_radius,24,1.0,1.0,0.5,0.1,5.645590782165527,11.487116774862443,5.730781078338623,9.070051193237305,0.00208667223341763,0.5113523006439209,1.1599980773262568,2412346,new_cel_4to1_chunk_8,85.9704360961914,65.74830627441406,1.0000001192092896,515.4706420898438,515.4706420898438,5.995906352996826,0.011631905634177668
sign_test_og_cel0.1__norm_spectral_radius,spectral_radius,24,1.0,1.0,1.0,0.1,3.6301910877227783,8.618296286164536,6.606445789337158,13.330955505371094,0.00208667223341763,0.5113523006439209,1.1599980773262568,2412346,new_cel_4to1_chunk_8,85.9704360961914,65.74830627441406,1.0000001192092896,515.4706420898438,515.4706420898438,5.995906352996826,0.011631905634177668
sign_test_og_cel0.1__norm_spectral_radius,spectral_radius,24,1.0,1.0,1.5,0.1,4.2655816078186035,10.010815778165913,6.758135795593262,15.662107467651367,0.00208667223341763,0.5113523006439209,1.1599980773262568,2412346,new_cel_4to1_chunk_8,85.9704360961914,65.74830627441406,1.0000001192092896,515.4706420898438,515.4706420898438,5.995906352996826,0.011631905634177668
sign_test_og_cel0.2__norm_spectral_radius,spectral_radius,24,1.0,0.6,0.1,0.1,6.443667888641357,10.247593420317514,3.1951334476470947,3.524198532104492,0.0020164172165095806,0.381575345993042,1.1599982433966365,2412346,new_cel_4to1_chunk_8,66.38700103759766,65.74830627441406,0.9999985694885254,515.4706420898438,515.4706420898438,7.764632225036621,0.015063189846965062
sign_test_og_cel0.2__norm_spectral_radius,spectral_radius,24,1.0,0.6,0.5,0.1,5.072159767150879,12.293141010950762,4.934951305389404,7.658358097076416,0.0020164172165095806,0.381575345993042,1.1599982433966365,2412346,new_cel_4to1_chunk_8,66.38700103759766,65.74830627441406,0.9999985694885254,515.4706420898438,515.4706420898438,7.764632225036621,0.015063189846965062
sign_test_og_cel0.2__norm_spectral_radius,spectral_radius,24,1.0,0.6,1.0,0.1,3.320185422897339,7.414860327887595,5.63707971572876,11.101875305175781,0.0020164172165095806,0.381575345993042,1.1599982433966365,2412346,new_cel_4to1_chunk_8,66.38700103759766,65.74830627441406,0.9999985694885254,515.4706420898438,515.4706420898438,7.764632225036621,0.015063189846965062
sign_test_og_cel0.2__norm_spectral_radius,spectral_radius,24,1.0,0.6,1.5,0.1,2.750122547149658,7.270677817970935,5.929009437561035,13.32252025604248,0.0020164172165095806,0.381575345993042,1.1599982433966365,2412346,new_cel_4to1_chunk_8,66.38700103759766,65.74830627441406,0.9999985694885254,515.4706420898438,515.4706420898438,7.764632225036621,0.015063189846965062
sign_test_og_cel0.2__norm_spectral_radius,spectral_radius,24,1.0,0.8,0.1,0.1,7.977943420410156,12.724681697003064,3.6098198890686035,4.025976657867432,0.0020164172165095806,0.381575345993042,1.1599982433966365,2412346,new_cel_4to1_chunk_8,66.38700103759766,65.74830627441406,0.9999985694885254,515.4706420898438,515.4706420898438,7.764632225036621,0.015063189846965062
sign_test_og_cel0.2__norm_spectral_radius,spectral_radius,24,1.0,0.8,0.5,0.1,5.83781099319458,12.048854430875394,5.742531776428223,9.260869026184082,0.0020164172165095806,0.381575345993042,1.1599982433966365,2412346,new_cel_4to1_chunk_8,66.38700103759766,65.74830627441406,0.9999985694885254,515.4706420898438,515.4706420898438,7.764632225036621,0.015063189846965062
sign_test_og_cel0.2__norm_spectral_radius,spectral_radius,24,1.0,0.8,1.0,0.1,5.027900695800781,9.764587272875303,6.698818683624268,13.801678657531738,0.0020164172165095806,0.381575345993042,1.1599982433966365,2412346,new_cel_4to1_chunk_8,66.38700103759766,65.74830627441406,0.9999985694885254,515.4706420898438,515.4706420898438,7.764632225036621,0.015063189846965062
sign_test_og_cel0.2__norm_spectral_radius,spectral_radius,24,1.0,0.8,1.5,0.1,3.7868521213531494,9.467402310587829,7.102584362030029,16.69538688659668,0.0020164172165095806,0.381575345993042,1.1599982433966365,2412346,new_cel_4to1_chunk_8,66.38700103759766,65.74830627441406,0.9999985694885254,515.4706420898438,515.4706420898438,7.764632225036621,0.015063189846965062
sign_test_og_cel0.2__norm_spectral_radius,spectral_radius,24,1.0,1.0,0.1,0.1,9.631606101989746,15.576783866322103,4.439873695373535,5.014590263366699,0.0020164172165095806,0.381575345993042,1.1599982433966365,2412346,new_cel_4to1_chunk_8,66.38700103759766,65.74830627441406,0.9999985694885254,515.4706420898438,515.4706420898438,7.764632225036621,0.015063189846965062
sign_test_og_cel0.2__norm_spectral_radius,spectral_radius,24,1.0,1.0,0.5,0.1,7.7381720542907715,15.074287243654567,7.2386322021484375,12.053925514221191,0.0020164172165095806,0.381575345993042,1.1599982433966365,2412346,new_cel_4to1_chunk_8,66.38700103759766,65.74830627441406,0.9999985694885254,515.4706420898438,515.4706420898438,7.764632225036621,0.015063189846965062
sign_test_og_cel0.2__norm_spectral_radius,spectral_radius,24,1.0,1.0,1.0,0.1,5.7721381187438965,13.303439514269797,8.499039649963379,18.16587257385254,0.0020164172165095806,0.381575345993042,1.1599982433966365,2412346,new_cel_4to1_chunk_8,66.38700103759766,65.74830627441406,0.9999985694885254,515.4706420898438,515.4706420898438,7.764632225036621,0.015063189846965062
sign_test_og_cel0.2__norm_spectral_radius,spectral_radius,24,1.0,1.0,1.5,0.1,4.3653130531311035,10.551857881118082,8.991683006286621,21.921703338623047,0.0020164172165095806,0.381575345993042,1.1599982433966365,2412346,new_cel_4to1_chunk_8,66.38700103759766,65.74830627441406,0.9999985694885254,515.4706420898438,515.4706420898438,7.764632225036621,0.015063189846965062
sign_test_og_cel0.3__norm_spectral_radius,spectral_radius,24,1.0,0.6,0.1,0.1,7.790881156921387,12.14498641596844,5.184541702270508,6.024302005767822,0.0022529331035912037,0.26116958260536194,1.1599980918516946,2412346,new_cel_4to1_chunk_8,40.66845703125,65.74830627441406,0.9999994039535522,515.4706420898438,515.4706420898438,12.674949645996094,0.02458908139130017
sign_test_og_cel0.3__norm_spectral_radius,spectral_radius,24,1.0,0.6,0.5,0.1,7.648594379425049,17.962832399975383,9.423760414123535,16.055646896362305,0.0022529331035912037,0.26116958260536194,1.1599980918516946,2412346,new_cel_4to1_chunk_8,40.66845703125,65.74830627441406,0.9999994039535522,515.4706420898438,515.4706420898438,12.674949645996094,0.02458908139130017
sign_test_og_cel0.3__norm_spectral_radius,spectral_radius,24,1.0,0.6,1.0,0.1,3.6220333576202393,8.43445535757661,11.12597942352295,23.329545974731445,0.0022529331035912037,0.26116958260536194,1.1599980918516946,2412346,new_cel_4to1_chunk_8,40.66845703125,65.74830627441406,0.9999994039535522,515.4706420898438,515.4706420898438,12.674949645996094,0.02458908139130017
sign_test_og_cel0.3__norm_spectral_radius,spectral_radius,24,1.0,0.6,1.5,0.1,3.016085147857666,6.15703015274045,11.631245613098145,27.44009017944336,0.0022529331035912037,0.26116958260536194,1.1599980918516946,2412346,new_cel_4to1_chunk_8,40.66845703125,65.74830627441406,0.9999994039535522,515.4706420898438,515.4706420898438,12.674949645996094,0.02458908139130017
sign_test_og_cel0.3__norm_spectral_radius,spectral_radius,24,1.0,0.8,0.1,0.1,11.37682056427002,18.738455978012325,6.689117431640625,7.99412202835083,0.0022529331035912037,0.26116958260536194,1.1599980918516946,2412346,new_cel_4to1_chunk_8,40.66845703125,65.74830627441406,0.9999994039535522,515.4706420898438,515.4706420898438,12.674949645996094,0.02458908139130017
sign_test_og_cel0.3__norm_spectral_radius,spectral_radius,24,1.0,0.8,0.5,0.1,8.714174270629883,18.880206752064396,12.523046493530273,22.09084129333496,0.0022529331035912037,0.26116958260536194,1.1599980918516946,2412346,new_cel_4to1_chunk_8,40.66845703125,65.74830627441406,0.9999994039535522,515.4706420898438,515.4706420898438,12.674949645996094,0.02458908139130017
sign_test_og_cel0.3__norm_spectral_radius,spectral_radius,24,1.0,0.8,1.0,0.1,5.451911926269531,10.39047600200066,14.87159252166748,31.894575119018555,0.0022529331035912037,0.26116958260536194,1.1599980918516946,2412346,new_cel_4to1_chunk_8,40.66845703125,65.74830627441406,0.9999994039535522,515.4706420898438,515.4706420898438,12.674949645996094,0.02458908139130017
sign_test_og_cel0.3__norm_spectral_radius,spectral_radius,24,1.0,0.8,1.5,0.1,4.775086402893066,10.520958853255706,15.469077110290527,37.053733825683594,0.0022529331035912037,0.26116958260536194,1.1599980918516946,2412346,new_cel_4to1_chunk_8,40.66845703125,65.74830627441406,0.9999994039535522,515.4706420898438,515.4706420898438,12.674949645996094,0.02458908139130017
sign_test_og_cel0.3__norm_spectral_radius,spectral_radius,24,1.0,1.0,0.1,0.1,14.097257614135742,23.11007960230333,10.399248123168945,12.92042064666748,0.0022529331035912037,0.26116958260536194,1.1599980918516946,2412346,new_cel_4to1_chunk_8,40.66845703125,65.74830627441406,0.9999994039535522,515.4706420898438,515.4706420898438,12.674949645996094,0.02458908139130017
sign_test_og_cel0.3__norm_spectral_radius,spectral_radius,24,1.0,1.0,0.5,0.1,9.85156536102295,19.000506525619713,18.99681854248047,34.21723937988281,0.0022529331035912037,0.26116958260536194,1.1599980918516946,2412346,new_cel_4to1_chunk_8,40.66845703125,65.74830627441406,0.9999994039535522,515.4706420898438,515.4706420898438,12.674949645996094,0.02458908139130017
sign_test_og_cel0.3__norm_spectral_radius,spectral_radius,24,1.0,1.0,1.0,0.1,6.404934883117676,14.269864852192683,21.774873733520508,46.67451477050781,0.0022529331035912037,0.26116958260536194,1.1599980918516946,2412346,new_cel_4to1_chunk_8,40.66845703125,65.74830627441406,0.9999994039535522,515.4706420898438,515.4706420898438,12.674949645996094,0.02458908139130017
sign_test_og_cel0.3__norm_spectral_radius,spectral_radius,24,1.0,1.0,1.5,0.1,5.887449741363525,11.530650034185655,22.164522171020508,52.44491958618164,0.0022529331035912037,0.26116958260536194,1.1599980918516946,2412346,new_cel_4to1_chunk_8,40.66845703125,65.74830627441406,0.9999994039535522,515.4706420898438,515.4706420898438,12.674949645996094,0.02458908139130017
sign_test_og_cel0.4__norm_spectral_radius,spectral_radius,24,1.0,0.6,0.1,0.1,9.799891471862793,14.552265422028611,5.452858924865723,5.993872165679932,0.0009834029478952289,0.1375325620174408,1.1599983429430964,2412346,new_cel_4to1_chunk_8,49.063350677490234,65.74830627441406,0.9999994039535522,515.4706420898438,515.4706420898438,10.5062255859375,0.02038181221199778
sign_test_og_cel0.4__norm_spectral_radius,spectral_radius,24,1.0,0.6,0.5,0.1,6.165694236755371,13.38015474704083,7.719597339630127,12.27644157409668,0.0009834029478952289,0.1375325620174408,1.1599983429430964,2412346,new_cel_4to1_chunk_8,49.063350677490234,65.74830627441406,0.9999994039535522,515.4706420898438,515.4706420898438,10.5062255859375,0.02038181221199778
sign_test_og_cel0.4__norm_spectral_radius,spectral_radius,24,1.0,0.6,1.0,0.1,4.492683410644531,9.977210556351366,8.854846000671387,17.714689254760742,0.0009834029478952289,0.1375325620174408,1.1599983429430964,2412346,new_cel_4to1_chunk_8,49.063350677490234,65.74830627441406,0.9999994039535522,515.4706420898438,515.4706420898438,10.5062255859375,0.02038181221199778
sign_test_og_cel0.4__norm_spectral_radius,spectral_radius,24,1.0,0.6,1.5,0.1,2.851999521255493,5.172103204315135,9.106276512145996,20.7259464263916,0.0009834029478952289,0.1375325620174408,1.1599983429430964,2412346,new_cel_4to1_chunk_8,49.063350677490234,65.74830627441406,0.9999994039535522,515.4706420898438,515.4706420898438,10.5062255859375,0.02038181221199778
sign_test_og_cel0.4__norm_spectral_radius,spectral_radius,24,1.0,0.8,0.1,0.1,11.512472152709961,17.06285825568949,7.170557975769043,8.065083503723145,0.0009834029478952289,0.1375325620174408,1.1599983429430964,2412346,new_cel_4to1_chunk_8,49.063350677490234,65.74830627441406,0.9999994039535522,515.4706420898438,515.4706420898438,10.5062255859375,0.02038181221199778
sign_test_og_cel0.4__norm_spectral_radius,spectral_radius,24,1.0,0.8,0.5,0.1,8.105331420898438,16.74832862670413,10.370783805847168,17.22974967956543,0.0009834029478952289,0.1375325620174408,1.1599983429430964,2412346,new_cel_4to1_chunk_8,49.063350677490234,65.74830627441406,0.9999994039535522,515.4706420898438,515.4706420898438,10.5062255859375,0.02038181221199778
sign_test_og_cel0.4__norm_spectral_radius,spectral_radius,24,1.0,0.8,1.0,0.1,4.458619594573975,9.607932071045354,11.7562255859375,24.305673599243164,0.0009834029478952289,0.1375325620174408,1.1599983429430964,2412346,new_cel_4to1_chunk_8,49.063350677490234,65.74830627441406,0.9999994039535522,515.4706420898438,515.4706420898438,10.5062255859375,0.02038181221199778
sign_test_og_cel0.4__norm_spectral_radius,spectral_radius,24,1.0,0.8,1.5,0.1,3.3964662551879883,5.661819161566664,11.933796882629395,28.026565551757812,0.0009834029478952289,0.1375325620174408,1.1599983429430964,2412346,new_cel_4to1_chunk_8,49.063350677490234,65.74830627441406,0.9999994039535522,515.4706420898438,515.4706420898438,10.5062255859375,0.02038181221199778
sign_test_og_cel0.4__norm_spectral_radius,spectral_radius,24,1.0,1.0,0.1,0.1,12.947615623474121,19.253997995502914,10.50406265258789,12.435632705688477,0.0009834029478952289,0.1375325620174408,1.1599983429430964,2412346,new_cel_4to1_chunk_8,49.063350677490234,65.74830627441406,0.9999994039535522,515.4706420898438,515.4706420898438,10.5062255859375,0.02038181221199778
sign_test_og_cel0.4__norm_spectral_radius,spectral_radius,24,1.0,1.0,0.5,0.1,9.39185619354248,16.83857911546751,15.006553649902344,26.01576805114746,0.0009834029478952289,0.1375325620174408,1.1599983429430964,2412346,new_cel_4to1_chunk_8,49.063350677490234,65.74830627441406,0.9999994039535522,515.4706420898438,515.4706420898438,10.5062255859375,0.02038181221199778
sign_test_og_cel0.4__norm_spectral_radius,spectral_radius,24,1.0,1.0,1.0,0.1,6.524670600891113,13.0236978286135,16.65228843688965,34.84690856933594,0.0009834029478952289,0.1375325620174408,1.1599983429430964,2412346,new_cel_4to1_chunk_8,49.063350677490234,65.74830627441406,0.9999994039535522,515.4706420898438,515.4706420898438,10.5062255859375,0.02038181221199778
sign_test_og_cel0.4__norm_spectral_radius,spectral_radius,24,1.0,1.0,1.5,0.1,5.492206573486328,10.51968356446497,16.640195846557617,39.05397415161133,0.0009834029478952289,0.1375325620174408,1.1599983429430964,2412346,new_cel_4to1_chunk_8,49.063350677490234,65.74830627441406,0.9999994039535522,515.4706420898438,515.4706420898438,10.5062255859375,0.02038181221199778
sign_test_og_cel0.5__norm_spectral_radius,spectral_radius,24,1.0,0.6,0.1,0.1,8.076231956481934,11.695620703851773,3.36234712600708,3.62496280670166,9.876538570097182e-06,0.0018096407875418663,1.1599982822477306,2412346,new_cel_4to1_chunk_8,64.2791748046875,65.74830627441406,1.0000004768371582,515.4706420898438,515.4706420898438,8.019248962402344,0.01555713810948108
sign_test_og_cel0.5__norm_spectral_radius,spectral_radius,24,1.0,0.6,0.5,0.1,6.209901332855225,13.5283036067293,4.730757713317871,7.289295673370361,9.876538570097182e-06,0.0018096407875418663,1.1599982822477306,2412346,new_cel_4to1_chunk_8,64.2791748046875,65.74830627441406,1.0000004768371582,515.4706420898438,515.4706420898438,8.019248962402344,0.01555713810948108
sign_test_og_cel0.5__norm_spectral_radius,spectral_radius,24,1.0,0.6,1.0,0.1,3.276580333709717,8.939743875847363,5.732820510864258,11.136110305786133,9.876538570097182e-06,0.0018096407875418663,1.1599982822477306,2412346,new_cel_4to1_chunk_8,64.2791748046875,65.74830627441406,1.0000004768371582,515.4706420898438,515.4706420898438,8.019248962402344,0.01555713810948108
sign_test_og_cel0.5__norm_spectral_radius,spectral_radius,24,1.0,0.6,1.5,0.1,1.6483749151229858,3.1461743888747833,6.1219964027404785,13.540814399719238,9.876538570097182e-06,0.0018096407875418663,1.1599982822477306,2412346,new_cel_4to1_chunk_8,64.2791748046875,65.74830627441406,1.0000004768371582,515.4706420898438,515.4706420898438,8.019248962402344,0.01555713810948108
sign_test_og_cel0.5__norm_spectral_radius,spectral_radius,24,1.0,0.8,0.1,0.1,9.303298950195312,13.692172488218848,4.267952919006348,4.642300605773926,9.876538570097182e-06,0.0018096407875418663,1.1599982822477306,2412346,new_cel_4to1_chunk_8,64.2791748046875,65.74830627441406,1.0000004768371582,515.4706420898438,515.4706420898438,8.019248962402344,0.01555713810948108
sign_test_og_cel0.5__norm_spectral_radius,spectral_radius,24,1.0,0.8,0.5,0.1,7.139198303222656,13.702023575994982,6.072681427001953,9.706811904907227,9.876538570097182e-06,0.0018096407875418663,1.1599982822477306,2412346,new_cel_4to1_chunk_8,64.2791748046875,65.74830627441406,1.0000004768371582,515.4706420898438,515.4706420898438,8.019248962402344,0.01555713810948108
sign_test_og_cel0.5__norm_spectral_radius,spectral_radius,24,1.0,0.8,1.0,0.1,4.7049455642700195,11.415638963017955,7.231917381286621,14.60183048248291,9.876538570097182e-06,0.0018096407875418663,1.1599982822477306,2412346,new_cel_4to1_chunk_8,64.2791748046875,65.74830627441406,1.0000004768371582,515.4706420898438,515.4706420898438,8.019248962402344,0.01555713810948108
sign_test_og_cel0.5__norm_spectral_radius,spectral_radius,24,1.0,0.8,1.5,0.1,4.010901927947998,9.326925418070914,7.599024772644043,17.530418395996094,9.876538570097182e-06,0.0018096407875418663,1.1599982822477306,2412346,new_cel_4to1_chunk_8,64.2791748046875,65.74830627441406,1.0000004768371582,515.4706420898438,515.4706420898438,8.019248962402344,0.01555713810948108
sign_test_og_cel0.5__norm_spectral_radius,spectral_radius,24,1.0,1.0,0.1,0.1,10.156901359558105,15.032443529852742,6.396556377410889,7.219339847564697,9.876538570097182e-06,0.0018096407875418663,1.1599982822477306,2412346,new_cel_4to1_chunk_8,64.2791748046875,65.74830627441406,1.0000004768371582,515.4706420898438,515.4706420898438,8.019248962402344,0.01555713810948108
sign_test_og_cel0.5__norm_spectral_radius,spectral_radius,24,1.0,1.0,0.5,0.1,7.390244007110596,13.511000978978736,8.6453275680542,14.384833335876465,9.876538570097182e-06,0.0018096407875418663,1.1599982822477306,2412346,new_cel_4to1_chunk_8,64.2791748046875,65.74830627441406,1.0000004768371582,515.4706420898438,515.4706420898438,8.019248962402344,0.01555713810948108
sign_test_og_cel0.5__norm_spectral_radius,spectral_radius,24,1.0,1.0,1.0,0.1,5.412155628204346,9.244908398724732,9.88686466217041,20.577436447143555,9.876538570097182e-06,0.0018096407875418663,1.1599982822477306,2412346,new_cel_4to1_chunk_8,64.2791748046875,65.74830627441406,1.0000004768371582,515.4706420898438,515.4706420898438,8.019248962402344,0.01555713810948108
sign_test_og_cel0.5__norm_spectral_radius,spectral_radius,24,1.0,1.0,1.5,0.1,4.021595478057861,10.34607006251551,10.119949340820312,23.997940063476562,9.876538570097182e-06,0.0018096407875418663,1.1599982822477306,2412346,new_cel_4to1_chunk_8,64.2791748046875,65.74830627441406,1.0000004768371582,515.4706420898438,515.4706420898438,8.019248962402344,0.01555713810948108
sign_test_og_cel0.6__norm_spectral_radius,spectral_radius,24,1.0,0.6,0.1,0.1,9.873265266418457,14.450844455743002,5.632373809814453,6.197893142700195,-0.0009625285747461021,-0.13022936880588531,1.159998223731888,2412346,new_cel_4to1_chunk_8,47.46554946899414,65.74830627441406,0.9999993443489075,515.4706420898438,515.4706420898438,10.85988998413086,0.02106791159456036
sign_test_og_cel0.6__norm_spectral_radius,spectral_radius,24,1.0,0.6,0.5,0.1,7.7276506423950195,14.535847678941778,8.256017684936523,13.261750221252441,-0.0009625285747461021,-0.13022936880588531,1.159998223731888,2412346,new_cel_4to1_chunk_8,47.46554946899414,65.74830627441406,0.9999993443489075,515.4706420898438,515.4706420898438,10.85988998413086,0.02106791159456036
sign_test_og_cel0.6__norm_spectral_radius,spectral_radius,24,1.0,0.6,1.0,0.1,4.197856903076172,8.584269810370813,9.698442459106445,19.496763229370117,-0.0009625285747461021,-0.13022936880588531,1.159998223731888,2412346,new_cel_4to1_chunk_8,47.46554946899414,65.74830627441406,0.9999993443489075,515.4706420898438,515.4706420898438,10.85988998413086,0.02106791159456036
sign_test_og_cel0.6__norm_spectral_radius,spectral_radius,24,1.0,0.6,1.5,0.1,2.924088478088379,5.755693669929315,10.062507629394531,22.9886417388916,-0.0009625285747461021,-0.13022936880588531,1.159998223731888,2412346,new_cel_4to1_chunk_8,47.46554946899414,65.74830627441406,0.9999993443489075,515.4706420898438,515.4706420898438,10.85988998413086,0.02106791159456036
sign_test_og_cel0.6__norm_spectral_radius,spectral_radius,24,1.0,0.8,0.1,0.1,11.268190383911133,16.910939713854056,7.434321403503418,8.446273803710938,-0.0009625285747461021,-0.13022936880588531,1.159998223731888,2412346,new_cel_4to1_chunk_8,47.46554946899414,65.74830627441406,0.9999993443489075,515.4706420898438,515.4706420898438,10.85988998413086,0.02106791159456036
sign_test_og_cel0.6__norm_spectral_radius,spectral_radius,24,1.0,0.8,0.5,0.1,7.895432949066162,16.40427294336574,11.1261568069458,18.79649543762207,-0.0009625285747461021,-0.13022936880588531,1.159998223731888,2412346,new_cel_4to1_chunk_8,47.46554946899414,65.74830627441406,0.9999993443489075,515.4706420898438,515.4706420898438,10.85988998413086,0.02106791159456036
sign_test_og_cel0.6__norm_spectral_radius,spectral_radius,24,1.0,0.8,1.0,0.1,4.3462395668029785,8.159737381013723,12.86008358001709,26.711387634277344,-0.0009625285747461021,-0.13022936880588531,1.159998223731888,2412346,new_cel_4to1_chunk_8,47.46554946899414,65.74830627441406,0.9999993443489075,515.4706420898438,515.4706420898438,10.85988998413086,0.02106791159456036
sign_test_og_cel0.6__norm_spectral_radius,spectral_radius,24,1.0,0.8,1.5,0.1,4.170228958129883,6.970618330988486,13.184538841247559,30.819780349731445,-0.0009625285747461021,-0.13022936880588531,1.159998223731888,2412346,new_cel_4to1_chunk_8,47.46554946899414,65.74830627441406,0.9999993443489075,515.4706420898438,515.4706420898438,10.85988998413086,0.02106791159456036
sign_test_og_cel0.6__norm_spectral_radius,spectral_radius,24,1.0,1.0,0.1,0.1,12.575128555297852,18.98344558575127,10.785981178283691,12.960312843322754,-0.0009625285747461021,-0.13022936880588531,1.159998223731888,2412346,new_cel_4to1_chunk_8,47.46554946899414,65.74830627441406,0.9999993443489075,515.4706420898438,515.4706420898438,10.85988998413086,0.02106791159456036
sign_test_og_cel0.6__norm_spectral_radius,spectral_radius,24,1.0,1.0,0.5,0.1,8.529340744018555,14.358479360161322,16.24665641784668,28.623384475708008,-0.0009625285747461021,-0.13022936880588531,1.159998223731888,2412346,new_cel_4to1_chunk_8,47.46554946899414,65.74830627441406,0.9999993443489075,515.4706420898438,515.4706420898438,10.85988998413086,0.02106791159456036
sign_test_og_cel0.6__norm_spectral_radius,spectral_radius,24,1.0,1.0,1.0,0.1,5.917466163635254,12.474046396779727,18.183387756347656,38.36016845703125,-0.0009625285747461021,-0.13022936880588531,1.159998223731888,2412346,new_cel_4to1_chunk_8,47.46554946899414,65.74830627441406,0.9999993443489075,515.4706420898438,515.4706420898438,10.85988998413086,0.02106791159456036
sign_test_og_cel0.6__norm_spectral_radius,spectral_radius,24,1.0,1.0,1.5,0.1,5.446583271026611,11.926842053558232,18.31440544128418,42.965091705322266,-0.0009625285747461021,-0.13022936880588531,1.159998223731888,2412346,new_cel_4to1_chunk_8,47.46554946899414,65.74830627441406,0.9999993443489075,515.4706420898438,515.4706420898438,10.85988998413086,0.02106791159456036
sign_test_og_cel0.7__norm_spectral_radius,spectral_radius,24,1.0,0.6,0.1,0.1,9.778000831604004,15.207018117957801,5.076631546020508,5.701380252838135,-0.0019044780638068914,-0.2532847821712494,1.1599981838629092,2412346,new_cel_4to1_chunk_8,46.656951904296875,65.74830627441406,0.9999992847442627,515.4706420898438,515.4706420898438,11.048099517822266,0.02143303321766943
sign_test_og_cel0.7__norm_spectral_radius,spectral_radius,24,1.0,0.6,0.5,0.1,7.3949456214904785,16.790157964048717,7.906736850738525,12.938700675964355,-0.0019044780638068914,-0.2532847821712494,1.1599981838629092,2412346,new_cel_4to1_chunk_8,46.656951904296875,65.74830627441406,0.9999992847442627,515.4706420898438,515.4706420898438,11.048099517822266,0.02143303321766943
sign_test_og_cel0.7__norm_spectral_radius,spectral_radius,24,1.0,0.6,1.0,0.1,4.2759246826171875,9.645090575917346,9.581345558166504,19.484067916870117,-0.0019044780638068914,-0.2532847821712494,1.1599981838629092,2412346,new_cel_4to1_chunk_8,46.656951904296875,65.74830627441406,0.9999992847442627,515.4706420898438,515.4706420898438,11.048099517822266,0.02143303321766943
sign_test_og_cel0.7__norm_spectral_radius,spectral_radius,24,1.0,0.6,1.5,0.1,2.268181324005127,4.2858798783506415,10.099853515625,23.142080307006836,-0.0019044780638068914,-0.2532847821712494,1.1599981838629092,2412346,new_cel_4to1_chunk_8,46.656951904296875,65.74830627441406,0.9999992847442627,515.4706420898438,515.4706420898438,11.048099517822266,0.02143303321766943
sign_test_og_cel0.7__norm_spectral_radius,spectral_radius,24,1.0,0.8,0.1,0.1,11.530957221984863,18.813160014435923,6.721226692199707,7.726185321807861,-0.0019044780638068914,-0.2532847821712494,1.1599981838629092,2412346,new_cel_4to1_chunk_8,46.656951904296875,65.74830627441406,0.9999992847442627,515.4706420898438,515.4706420898438,11.048099517822266,0.02143303321766943
sign_test_og_cel0.7__norm_spectral_radius,spectral_radius,24,1.0,0.8,0.5,0.1,7.76874303817749,15.45124095751006,10.802017211914062,18.424171447753906,-0.0019044780638068914,-0.2532847821712494,1.1599981838629092,2412346,new_cel_4to1_chunk_8,46.656951904296875,65.74830627441406,0.9999992847442627,515.4706420898438,515.4706420898438,11.048099517822266,0.02143303321766943
sign_test_og_cel0.7__norm_spectral_radius,spectral_radius,24,1.0,0.8,1.0,0.1,4.753643035888672,10.355460050036626,12.860245704650879,27.00177764892578,-0.0019044780638068914,-0.2532847821712494,1.1599981838629092,2412346,new_cel_4to1_chunk_8,46.656951904296875,65.74830627441406,0.9999992847442627,515.4706420898438,515.4706420898438,11.048099517822266,0.02143303321766943
sign_test_og_cel0.7__norm_spectral_radius,spectral_radius,24,1.0,0.8,1.5,0.1,4.556328296661377,10.067013569677044,13.366973876953125,31.367294311523438,-0.0019044780638068914,-0.2532847821712494,1.1599981838629092,2412346,new_cel_4to1_chunk_8,46.656951904296875,65.74830627441406,0.9999992847442627,515.4706420898438,515.4706420898438,11.048099517822266,0.02143303321766943
sign_test_og_cel0.7__norm_spectral_radius,spectral_radius,24,1.0,1.0,0.1,0.1,13.01932430267334,21.288148427276013,10.407052993774414,13.239341735839844,-0.0019044780638068914,-0.2532847821712494,1.1599981838629092,2412346,new_cel_4to1_chunk_8,46.656951904296875,65.74830627441406,0.9999992847442627,515.4706420898438,515.4706420898438,11.048099517822266,0.02143303321766943
sign_test_og_cel0.7__norm_spectral_radius,spectral_radius,24,1.0,1.0,0.5,0.1,8.247756004333496,18.474074569049623,16.396753311157227,29.28685760498047,-0.0019044780638068914,-0.2532847821712494,1.1599981838629092,2412346,new_cel_4to1_chunk_8,46.656951904296875,65.74830627441406,0.9999992847442627,515.4706420898438,515.4706420898438,11.048099517822266,0.02143303321766943
sign_test_og_cel0.7__norm_spectral_radius,spectral_radius,24,1.0,1.0,1.0,0.1,5.620771408081055,12.40422117485887,18.583763122558594,39.59086608886719,-0.0019044780638068914,-0.2532847821712494,1.1599981838629092,2412346,new_cel_4to1_chunk_8,46.656951904296875,65.74830627441406,0.9999992847442627,515.4706420898438,515.4706420898438,11.048099517822266,0.02143303321766943
sign_test_og_cel0.7__norm_spectral_radius,spectral_radius,24,1.0,1.0,1.5,0.1,5.106033802032471,10.381235197847934,18.873023986816406,44.48445129394531,-0.0019044780638068914,-0.2532847821712494,1.1599981838629092,2412346,new_cel_4to1_chunk_8,46.656951904296875,65.74830627441406,0.9999992847442627,515.4706420898438,515.4706420898438,11.048099517822266,0.02143303321766943
sign_test_og_cel0.8__norm_spectral_radius,spectral_radius,24,1.0,0.6,0.1,0.1,9.05594253540039,13.597938345596152,3.8881335258483887,4.236347198486328,-0.002429643413051963,-0.37550005316734314,1.1599981836329443,2412346,new_cel_4to1_chunk_8,54.21889877319336,65.74830627441406,0.9999992847442627,515.4706420898438,515.4706420898438,9.507213592529297,0.01844375342596252
sign_test_og_cel0.8__norm_spectral_radius,spectral_radius,24,1.0,0.6,0.5,0.1,6.8151350021362305,14.854119250336868,5.647772789001465,8.976553916931152,-0.002429643413051963,-0.37550005316734314,1.1599981836329443,2412346,new_cel_4to1_chunk_8,54.21889877319336,65.74830627441406,0.9999992847442627,515.4706420898438,515.4706420898438,9.507213592529297,0.01844375342596252
sign_test_og_cel0.8__norm_spectral_radius,spectral_radius,24,1.0,0.6,1.0,0.1,4.558278560638428,10.076676803124684,6.915229797363281,13.859278678894043,-0.002429643413051963,-0.37550005316734314,1.1599981836329443,2412346,new_cel_4to1_chunk_8,54.21889877319336,65.74830627441406,0.9999992847442627,515.4706420898438,515.4706420898438,9.507213592529297,0.01844375342596252
sign_test_og_cel0.8__norm_spectral_radius,spectral_radius,24,1.0,0.6,1.5,0.1,2.202946186065674,4.9612511259073395,7.359822750091553,16.73583984375,-0.002429643413051963,-0.37550005316734314,1.1599981836329443,2412346,new_cel_4to1_chunk_8,54.21889877319336,65.74830627441406,0.9999992847442627,515.4706420898438,515.4706420898438,9.507213592529297,0.01844375342596252
sign_test_og_cel0.8__norm_spectral_radius,spectral_radius,24,1.0,0.8,0.1,0.1,10.788446426391602,16.086418722704387,5.18344259262085,5.740968227386475,-0.002429643413051963,-0.37550005316734314,1.1599981836329443,2412346,new_cel_4to1_chunk_8,54.21889877319336,65.74830627441406,0.9999992847442627,515.4706420898438,515.4706420898438,9.507213592529297,0.01844375342596252
sign_test_og_cel0.8__norm_spectral_radius,spectral_radius,24,1.0,0.8,0.5,0.1,7.465793609619141,14.48028206514914,7.945768356323242,13.146143913269043,-0.002429643413051963,-0.37550005316734314,1.1599981836329443,2412346,new_cel_4to1_chunk_8,54.21889877319336,65.74830627441406,0.9999992847442627,515.4706420898438,515.4706420898438,9.507213592529297,0.01844375342596252
sign_test_og_cel0.8__norm_spectral_radius,spectral_radius,24,1.0,0.8,1.0,0.1,5.593086242675781,12.402516065883542,9.67070198059082,19.932954788208008,-0.002429643413051963,-0.37550005316734314,1.1599981836329443,2412346,new_cel_4to1_chunk_8,54.21889877319336,65.74830627441406,0.9999992847442627,515.4706420898438,515.4706420898438,9.507213592529297,0.01844375342596252
sign_test_og_cel0.8__norm_spectral_radius,spectral_radius,24,1.0,0.8,1.5,0.1,3.0212295055389404,6.197950420410848,10.095829010009766,23.50615692138672,-0.002429643413051963,-0.37550005316734314,1.1599981836329443,2412346,new_cel_4to1_chunk_8,54.21889877319336,65.74830627441406,0.9999992847442627,515.4706420898438,515.4706420898438,9.507213592529297,0.01844375342596252
sign_test_og_cel0.8__norm_spectral_radius,spectral_radius,24,1.0,1.0,0.1,0.1,11.302244186401367,16.66557520088096,7.68111515045166,9.862109184265137,-0.002429643413051963,-0.37550005316734314,1.1599981836329443,2412346,new_cel_4to1_chunk_8,54.21889877319336,65.74830627441406,0.9999992847442627,515.4706420898438,515.4706420898438,9.507213592529297,0.01844375342596252
sign_test_og_cel0.8__norm_spectral_radius,spectral_radius,24,1.0,1.0,0.5,0.1,8.198344230651855,15.21738435045036,13.072675704956055,22.761362075805664,-0.002429643413051963,-0.37550005316734314,1.1599981836329443,2412346,new_cel_4to1_chunk_8,54.21889877319336,65.74830627441406,0.9999992847442627,515.4706420898438,515.4706420898438,9.507213592529297,0.01844375342596252
sign_test_og_cel0.8__norm_spectral_radius,spectral_radius,24,1.0,1.0,1.0,0.1,6.1003875732421875,11.289219296330657,15.270995140075684,31.709033966064453,-0.002429643413051963,-0.37550005316734314,1.1599981836329443,2412346,new_cel_4to1_chunk_8,54.21889877319336,65.74830627441406,0.9999992847442627,515.4706420898438,515.4706420898438,9.507213592529297,0.01844375342596252
sign_test_og_cel0.8__norm_spectral_radius,spectral_radius,24,1.0,1.0,1.5,0.1,4.824563503265381,9.660086283650287,15.476048469543457,35.8106689453125,-0.002429643413051963,-0.37550005316734314,1.1599981836329443,2412346,new_cel_4to1_chunk_8,54.21889877319336,65.74830627441406,0.9999992847442627,515.4706420898438,515.4706420898438,9.507213592529297,0.01844375342596252
sign_test_og_cel0.9__norm_spectral_radius,spectral_radius,24,1.0,0.6,0.1,0.1,7.50894021987915,11.42065015473565,2.933248996734619,3.1728763580322266,-0.0025883910711854696,-0.4966166019439697,1.1599982490428666,2412346,new_cel_4to1_chunk_8,67.30921936035156,65.74830627441406,1.000000238418579,515.4706420898438,515.4706420898438,7.658247470855713,0.01485680579128881
sign_test_og_cel0.9__norm_spectral_radius,spectral_radius,24,1.0,0.6,0.5,0.1,6.0395965576171875,14.295268048987964,4.158597469329834,6.386834144592285,-0.0025883910711854696,-0.4966166019439697,1.1599982490428666,2412346,new_cel_4to1_chunk_8,67.30921936035156,65.74830627441406,1.000000238418579,515.4706420898438,515.4706420898438,7.658247470855713,0.01485680579128881
sign_test_og_cel0.9__norm_spectral_radius,spectral_radius,24,1.0,0.6,1.0,0.1,3.635718584060669,8.766456917510311,5.154072284698486,9.983043670654297,-0.0025883910711854696,-0.4966166019439697,1.1599982490428666,2412346,new_cel_4to1_chunk_8,67.30921936035156,65.74830627441406,1.000000238418579,515.4706420898438,515.4706420898438,7.658247470855713,0.01485680579128881
sign_test_og_cel0.9__norm_spectral_radius,spectral_radius,24,1.0,0.6,1.5,0.1,2.9273712635040283,5.343290901116379,5.566774845123291,12.232820510864258,-0.0025883910711854696,-0.4966166019439697,1.1599982490428666,2412346,new_cel_4to1_chunk_8,67.30921936035156,65.74830627441406,1.000000238418579,515.4706420898438,515.4706420898438,7.658247470855713,0.01485680579128881
sign_test_og_cel0.9__norm_spectral_radius,spectral_radius,24,1.0,0.8,0.1,0.1,8.776750564575195,13.417106535393117,3.842423439025879,4.213963031768799,-0.0025883910711854696,-0.4966166019439697,1.1599982490428666,2412346,new_cel_4to1_chunk_8,67.30921936035156,65.74830627441406,1.000000238418579,515.4706420898438,515.4706420898438,7.658247470855713,0.01485680579128881
sign_test_og_cel0.9__norm_spectral_radius,spectral_radius,24,1.0,0.8,0.5,0.1,6.902337074279785,14.304924795000439,5.699405193328857,9.069267272949219,-0.0025883910711854696,-0.4966166019439697,1.1599982490428666,2412346,new_cel_4to1_chunk_8,67.30921936035156,65.74830627441406,1.000000238418579,515.4706420898438,515.4706420898438,7.658247470855713,0.01485680579128881
sign_test_og_cel0.9__norm_spectral_radius,spectral_radius,24,1.0,0.8,1.0,0.1,5.218338966369629,11.409842775191704,6.980068206787109,13.988534927368164,-0.0025883910711854696,-0.4966166019439697,1.1599982490428666,2412346,new_cel_4to1_chunk_8,67.30921936035156,65.74830627441406,1.000000238418579,515.4706420898438,515.4706420898438,7.658247470855713,0.01485680579128881
sign_test_og_cel0.9__norm_spectral_radius,spectral_radius,24,1.0,0.8,1.5,0.1,3.8694446086883545,6.412964360008969,7.367844104766846,16.77926254272461,-0.0025883910711854696,-0.4966166019439697,1.1599982490428666,2412346,new_cel_4to1_chunk_8,67.30921936035156,65.74830627441406,1.000000238418579,515.4706420898438,515.4706420898438,7.658247470855713,0.01485680579128881
sign_test_og_cel0.9__norm_spectral_radius,spectral_radius,24,1.0,1.0,0.1,0.1,9.004892349243164,13.310682020313607,5.944518566131592,7.527568340301514,-0.0025883910711854696,-0.4966166019439697,1.1599982490428666,2412346,new_cel_4to1_chunk_8,67.30921936035156,65.74830627441406,1.000000238418579,515.4706420898438,515.4706420898438,7.658247470855713,0.01485680579128881
sign_test_og_cel0.9__norm_spectral_radius,spectral_radius,24,1.0,1.0,0.5,0.1,6.941071510314941,14.070700556024349,9.86173152923584,16.786476135253906,-0.0025883910711854696,-0.4966166019439697,1.1599982490428666,2412346,new_cel_4to1_chunk_8,67.30921936035156,65.74830627441406,1.000000238418579,515.4706420898438,515.4706420898438,7.658247470855713,0.01485680579128881
sign_test_og_cel0.9__norm_spectral_radius,spectral_radius,24,1.0,1.0,1.0,0.1,3.907898426055908,9.732450686456048,11.401853561401367,23.36180305480957,-0.0025883910711854696,-0.4966166019439697,1.1599982490428666,2412346,new_cel_4to1_chunk_8,67.30921936035156,65.74830627441406,1.000000238418579,515.4706420898438,515.4706420898438,7.658247470855713,0.01485680579128881
sign_test_og_cel0.9__norm_spectral_radius,spectral_radius,24,1.0,1.0,1.5,0.1,4.07990837097168,8.94061119257384,11.56159496307373,26.538713455200195,-0.0025883910711854696,-0.4966166019439697,1.1599982490428666,2412346,new_cel_4to1_chunk_8,67.30921936035156,65.74830627441406,1.000000238418579,515.4706420898438,515.4706420898438,7.658247470855713,0.01485680579128881
sign_test_og_cel1.0__norm_spectral_radius,spectral_radius,24,1.0,0.6,0.1,0.1,5.721370220184326,8.515899636091731,2.03128981590271,2.1733551025390625,-0.002205352298915386,-0.6321457624435425,1.159998265312932,2412346,new_cel_4to1_chunk_8,100.55933380126953,65.74830627441406,1.0,515.4706420898438,515.4706420898438,5.126034736633301,0.009944377734007774
sign_test_og_cel1.0__norm_spectral_radius,spectral_radius,24,1.0,0.6,0.5,0.1,4.65452766418457,9.904398569729386,2.7043960094451904,3.9063329696655273,-0.002205352298915386,-0.6321457624435425,1.159998265312932,2412346,new_cel_4to1_chunk_8,100.55933380126953,65.74830627441406,1.0,515.4706420898438,515.4706420898438,5.126034736633301,0.009944377734007774
sign_test_og_cel1.0__norm_spectral_radius,spectral_radius,24,1.0,0.6,1.0,0.1,3.5445711612701416,6.453673679301346,3.3042280673980713,5.8999409675598145,-0.002205352298915386,-0.6321457624435425,1.159998265312932,2412346,new_cel_4to1_chunk_8,100.55933380126953,65.74830627441406,1.0,515.4706420898438,515.4706420898438,5.126034736633301,0.009944377734007774
sign_test_og_cel1.0__norm_spectral_radius,spectral_radius,24,1.0,0.6,1.5,0.1,1.6612852811813354,4.313921500360458,3.6061065196990967,7.246729850769043,-0.002205352298915386,-0.6321457624435425,1.159998265312932,2412346,new_cel_4to1_chunk_8,100.55933380126953,65.74830627441406,1.0,515.4706420898438,515.4706420898438,5.126034736633301,0.009944377734007774
sign_test_og_cel1.0__norm_spectral_radius,spectral_radius,24,1.0,0.8,0.1,0.1,6.828458786010742,10.219701485580515,2.371919631958008,2.5558338165283203,-0.002205352298915386,-0.6321457624435425,1.159998265312932,2412346,new_cel_4to1_chunk_8,100.55933380126953,65.74830627441406,1.0,515.4706420898438,515.4706420898438,5.126034736633301,0.009944377734007774
sign_test_og_cel1.0__norm_spectral_radius,spectral_radius,24,1.0,0.8,0.5,0.1,4.265580177307129,11.267499332352969,3.2279744148254395,4.793684482574463,-0.002205352298915386,-0.6321457624435425,1.159998265312932,2412346,new_cel_4to1_chunk_8,100.55933380126953,65.74830627441406,1.0,515.4706420898438,515.4706420898438,5.126034736633301,0.009944377734007774
sign_test_og_cel1.0__norm_spectral_radius,spectral_radius,24,1.0,0.8,1.0,0.1,4.525740146636963,10.37750430722916,3.9497010707855225,7.340062141418457,-0.002205352298915386,-0.6321457624435425,1.159998265312932,2412346,new_cel_4to1_chunk_8,100.55933380126953,65.74830627441406,1.0,515.4706420898438,515.4706420898438,5.126034736633301,0.009944377734007774
sign_test_og_cel1.0__norm_spectral_radius,spectral_radius,24,1.0,0.8,1.5,0.1,2.891256332397461,6.183969112087084,4.275309085845947,9.00800609588623,-0.002205352298915386,-0.6321457624435425,1.159998265312932,2412346,new_cel_4to1_chunk_8,100.55933380126953,65.74830627441406,1.0,515.4706420898438,515.4706420898438,5.126034736633301,0.009944377734007774
sign_test_og_cel1.0__norm_spectral_radius,spectral_radius,24,1.0,1.0,0.1,0.1,7.18778133392334,10.862267033596174,3.983901023864746,4.344281196594238,-0.002205352298915386,-0.6321457624435425,1.159998265312932,2412346,new_cel_4to1_chunk_8,100.55933380126953,65.74830627441406,1.0,515.4706420898438,515.4706420898438,5.126034736633301,0.009944377734007774
sign_test_og_cel1.0__norm_spectral_radius,spectral_radius,24,1.0,1.0,0.5,0.1,4.382355213165283,10.559072331684092,5.076237678527832,7.735910892486572,-0.002205352298915386,-0.6321457624435425,1.159998265312932,2412346,new_cel_4to1_chunk_8,100.55933380126953,65.74830627441406,1.0,515.4706420898438,515.4706420898438,5.126034736633301,0.009944377734007774
sign_test_og_cel1.0__norm_spectral_radius,spectral_radius,24,1.0,1.0,1.0,0.1,4.104757785797119,7.336472956426547,5.687926292419434,10.914700508117676,-0.002205352298915386,-0.6321457624435425,1.159998265312932,2412346,new_cel_4to1_chunk_8,100.55933380126953,65.74830627441406,1.0,515.4706420898438,515.4706420898438,5.126034736633301,0.009944377734007774
sign_test_og_cel1.0__norm_spectral_radius,spectral_radius,24,1.0,1.0,1.5,0.1,3.9317362308502197,6.920301086011392,5.811831474304199,12.74739933013916,-0.002205352298915386,-0.6321457624435425,1.159998265312932,2412346,new_cel_4to1_chunk_8,100.55933380126953,65.74830627441406,1.0,515.4706420898438,515.4706420898438,5.126034736633301,0.009944377734007774
sign_test_og_cel0.22058823529411764__norm_spectral_radius,spectral_radius,25,1.0,0.6,0.1,0.1,8.831189155578613,12.792114255864085,4.69590425491333,5.153903961181641,0.0022293776273727417,0.3442191779613495,1.1599982018356227,2512346,new_cel_4to1_chunk_8,54.1669807434082,68.69010162353516,1.0000007152557373,515.4706420898438,515.4706420898438,9.516326904296875,0.01846143141588511
sign_test_og_cel0.22058823529411764__norm_spectral_radius,spectral_radius,25,1.0,0.6,0.5,0.1,6.804953098297119,14.468075083088962,6.363211154937744,10.15477466583252,0.0022293776273727417,0.3442191779613495,1.1599982018356227,2512346,new_cel_4to1_chunk_8,54.1669807434082,68.69010162353516,1.0000007152557373,515.4706420898438,515.4706420898438,9.516326904296875,0.01846143141588511
sign_test_og_cel0.22058823529411764__norm_spectral_radius,spectral_radius,25,1.0,0.6,1.0,0.1,3.066810131072998,7.041510479876273,7.206456184387207,14.686532020568848,0.0022293776273727417,0.3442191779613495,1.1599982018356227,2512346,new_cel_4to1_chunk_8,54.1669807434082,68.69010162353516,1.0000007152557373,515.4706420898438,515.4706420898438,9.516326904296875,0.01846143141588511
sign_test_og_cel0.22058823529411764__norm_spectral_radius,spectral_radius,25,1.0,0.6,1.5,0.1,1.734173059463501,3.7136907640064813,7.409987926483154,17.16512680053711,0.0022293776273727417,0.3442191779613495,1.1599982018356227,2512346,new_cel_4to1_chunk_8,54.1669807434082,68.69010162353516,1.0000007152557373,515.4706420898438,515.4706420898438,9.516326904296875,0.01846143141588511
sign_test_og_cel0.22058823529411764__norm_spectral_radius,spectral_radius,25,1.0,0.8,0.1,0.1,10.54906177520752,15.535352625849526,5.691324234008789,6.317361354827881,0.0022293776273727417,0.3442191779613495,1.1599982018356227,2512346,new_cel_4to1_chunk_8,54.1669807434082,68.69010162353516,1.0000007152557373,515.4706420898438,515.4706420898438,9.516326904296875,0.01846143141588511
sign_test_og_cel0.22058823529411764__norm_spectral_radius,spectral_radius,25,1.0,0.8,0.5,0.1,7.689528465270996,16.615115272605635,7.96928596496582,13.313363075256348,0.0022293776273727417,0.3442191779613495,1.1599982018356227,2512346,new_cel_4to1_chunk_8,54.1669807434082,68.69010162353516,1.0000007152557373,515.4706420898438,515.4706420898438,9.516326904296875,0.01846143141588511
sign_test_og_cel0.22058823529411764__norm_spectral_radius,spectral_radius,25,1.0,0.8,1.0,0.1,4.499101161956787,9.937417706288137,9.220101356506348,19.52863121032715,0.0022293776273727417,0.3442191779613495,1.1599982018356227,2512346,new_cel_4to1_chunk_8,54.1669807434082,68.69010162353516,1.0000007152557373,515.4706420898438,515.4706420898438,9.516326904296875,0.01846143141588511
sign_test_og_cel0.22058823529411764__norm_spectral_radius,spectral_radius,25,1.0,0.8,1.5,0.1,3.747074842453003,8.904138085506702,9.519105911254883,22.85918617248535,0.0022293776273727417,0.3442191779613495,1.1599982018356227,2512346,new_cel_4to1_chunk_8,54.1669807434082,68.69010162353516,1.0000007152557373,515.4706420898438,515.4706420898438,9.516326904296875,0.01846143141588511
sign_test_og_cel0.22058823529411764__norm_spectral_radius,spectral_radius,25,1.0,1.0,0.1,0.1,13.235486030578613,19.676375347826223,7.8886566162109375,8.94404125213623,0.0022293776273727417,0.3442191779613495,1.1599982018356227,2512346,new_cel_4to1_chunk_8,54.1669807434082,68.69010162353516,1.0000007152557373,515.4706420898438,515.4706420898438,9.516326904296875,0.01846143141588511
sign_test_og_cel0.22058823529411764__norm_spectral_radius,spectral_radius,25,1.0,1.0,0.5,0.1,8.498407363891602,17.102190189924098,11.24053955078125,19.57493019104004,0.0022293776273727417,0.3442191779613495,1.1599982018356227,2512346,new_cel_4to1_chunk_8,54.1669807434082,68.69010162353516,1.0000007152557373,515.4706420898438,515.4706420898438,9.516326904296875,0.01846143141588511
sign_test_og_cel0.22058823529411764__norm_spectral_radius,spectral_radius,25,1.0,1.0,1.0,0.1,5.821256637573242,12.575083613411955,12.911961555480957,27.978940963745117,0.0022293776273727417,0.3442191779613495,1.1599982018356227,2512346,new_cel_4to1_chunk_8,54.1669807434082,68.69010162353516,1.0000007152557373,515.4706420898438,515.4706420898438,9.516326904296875,0.01846143141588511
sign_test_og_cel0.22058823529411764__norm_spectral_radius,spectral_radius,25,1.0,1.0,1.5,0.1,4.7998270988464355,10.111594849038596,13.245006561279297,32.189762115478516,0.0022293776273727417,0.3442191779613495,1.1599982018356227,2512346,new_cel_4to1_chunk_8,54.1669807434082,68.69010162353516,1.0000007152557373,515.4706420898438,515.4706420898438,9.516326904296875,0.01846143141588511
sign_test_og_cel0.0__norm_spectral_radius,spectral_radius,25,1.0,0.6,0.1,0.1,5.396521091461182,8.158376296613852,2.8610787391662598,3.0560507774353027,0.002205354394391179,0.6321458220481873,1.15999820542446,2512346,new_cel_4to1_chunk_8,100.5592269897461,68.69010162353516,1.0000011920928955,515.4706420898438,515.4706420898438,5.126040458679199,0.009944388296679815
sign_test_og_cel0.0__norm_spectral_radius,spectral_radius,25,1.0,0.6,0.5,0.1,4.488222599029541,10.665340105986672,3.71702241897583,5.315150737762451,0.002205354394391179,0.6321458220481873,1.15999820542446,2512346,new_cel_4to1_chunk_8,100.5592269897461,68.69010162353516,1.0000011920928955,515.4706420898438,515.4706420898438,5.126040458679199,0.009944388296679815
sign_test_og_cel0.0__norm_spectral_radius,spectral_radius,25,1.0,0.6,1.0,0.1,2.4354066848754883,6.331957670589759,3.892725944519043,7.056560039520264,0.002205354394391179,0.6321458220481873,1.15999820542446,2512346,new_cel_4to1_chunk_8,100.5592269897461,68.69010162353516,1.0000011920928955,515.4706420898438,515.4706420898438,5.126040458679199,0.009944388296679815
sign_test_og_cel0.0__norm_spectral_radius,spectral_radius,25,1.0,0.6,1.5,0.1,2.3281848430633545,7.119117831207859,3.950026512145996,8.128174781799316,0.002205354394391179,0.6321458220481873,1.15999820542446,2512346,new_cel_4to1_chunk_8,100.5592269897461,68.69010162353516,1.0000011920928955,515.4706420898438,515.4706420898438,5.126040458679199,0.009944388296679815
sign_test_og_cel0.0__norm_spectral_radius,spectral_radius,25,1.0,0.8,0.1,0.1,6.292805194854736,9.69597145646344,3.047327995300293,3.277921676635742,0.002205354394391179,0.6321458220481873,1.15999820542446,2512346,new_cel_4to1_chunk_8,100.5592269897461,68.69010162353516,1.0000011920928955,515.4706420898438,515.4706420898438,5.126040458679199,0.009944388296679815
sign_test_og_cel0.0__norm_spectral_radius,spectral_radius,25,1.0,0.8,0.5,0.1,4.676968097686768,10.859967701989166,4.078175067901611,5.996744632720947,0.002205354394391179,0.6321458220481873,1.15999820542446,2512346,new_cel_4to1_chunk_8,100.5592269897461,68.69010162353516,1.0000011920928955,515.4706420898438,515.4706420898438,5.126040458679199,0.009944388296679815
sign_test_og_cel0.0__norm_spectral_radius,spectral_radius,25,1.0,0.8,1.0,0.1,3.74005126953125,9.60809736809232,4.399153709411621,8.238704681396484,0.002205354394391179,0.6321458220481873,1.15999820542446,2512346,new_cel_4to1_chunk_8,100.5592269897461,68.69010162353516,1.0000011920928955,515.4706420898438,515.4706420898438,5.126040458679199,0.009944388296679815
sign_test_og_cel0.0__norm_spectral_radius,spectral_radius,25,1.0,0.8,1.5,0.1,3.042858123779297,5.721823797455486,4.501549243927002,9.603696823120117,0.002205354394391179,0.6321458220481873,1.15999820542446,2512346,new_cel_4to1_chunk_8,100.5592269897461,68.69010162353516,1.0000011920928955,515.4706420898438,515.4706420898438,5.126040458679199,0.009944388296679815
sign_test_og_cel0.0__norm_spectral_radius,spectral_radius,25,1.0,1.0,0.1,0.1,7.337766170501709,11.449418715869058,3.3195011615753174,3.6063523292541504,0.002205354394391179,0.6321458220481873,1.15999820542446,2512346,new_cel_4to1_chunk_8,100.5592269897461,68.69010162353516,1.0000011920928955,515.4706420898438,515.4706420898438,5.126040458679199,0.009944388296679815
sign_test_og_cel0.0__norm_spectral_radius,spectral_radius,25,1.0,1.0,0.5,0.1,5.229254722595215,12.178033294192598,4.5935845375061035,6.988955020904541,0.002205354394391179,0.6321458220481873,1.15999820542446,2512346,new_cel_4to1_chunk_8,100.5592269897461,68.69010162353516,1.0000011920928955,515.4706420898438,515.4706420898438,5.126040458679199,0.009944388296679815
sign_test_og_cel0.0__norm_spectral_radius,spectral_radius,25,1.0,1.0,1.0,0.1,3.44907808303833,7.8541108670070585,5.1065216064453125,9.936613082885742,0.002205354394391179,0.6321458220481873,1.15999820542446,2512346,new_cel_4to1_chunk_8,100.5592269897461,68.69010162353516,1.0000011920928955,515.4706420898438,515.4706420898438,5.126040458679199,0.009944388296679815
sign_test_og_cel0.0__norm_spectral_radius,spectral_radius,25,1.0,1.0,1.5,0.1,3.5082716941833496,8.01333612944552,5.270805835723877,11.700953483581543,0.002205354394391179,0.6321458220481873,1.15999820542446,2512346,new_cel_4to1_chunk_8,100.5592269897461,68.69010162353516,1.0000011920928955,515.4706420898438,515.4706420898438,5.126040458679199,0.009944388296679815
sign_test_og_cel0.1__norm_spectral_radius,spectral_radius,25,1.0,0.6,0.1,0.1,6.179893970489502,9.54689375258863,2.9241721630096436,3.211745023727417,0.0021956446580588818,0.504243016242981,1.159998188004359,2512346,new_cel_4to1_chunk_8,80.56769561767578,68.69010162353516,0.9999995231628418,515.4706420898438,515.4706420898438,6.397981643676758,0.012411922574345164
sign_test_og_cel0.1__norm_spectral_radius,spectral_radius,25,1.0,0.6,0.5,0.1,4.856861114501953,11.3794000262169,4.533247470855713,6.8510637283325195,0.0021956446580588818,0.504243016242981,1.159998188004359,2512346,new_cel_4to1_chunk_8,80.56769561767578,68.69010162353516,0.9999995231628418,515.4706420898438,515.4706420898438,6.397981643676758,0.012411922574345164
sign_test_og_cel0.1__norm_spectral_radius,spectral_radius,25,1.0,0.6,1.0,0.1,3.6352126598358154,7.404959657899894,5.013852596282959,9.453516960144043,0.0021956446580588818,0.504243016242981,1.159998188004359,2512346,new_cel_4to1_chunk_8,80.56769561767578,68.69010162353516,0.9999995231628418,515.4706420898438,515.4706420898438,6.397981643676758,0.012411922574345164
sign_test_og_cel0.1__norm_spectral_radius,spectral_radius,25,1.0,0.6,1.5,0.1,3.118974208831787,6.819388515196124,5.063416481018066,10.879962921142578,0.0021956446580588818,0.504243016242981,1.159998188004359,2512346,new_cel_4to1_chunk_8,80.56769561767578,68.69010162353516,0.9999995231628418,515.4706420898438,515.4706420898438,6.397981643676758,0.012411922574345164
sign_test_og_cel0.1__norm_spectral_radius,spectral_radius,25,1.0,0.8,0.1,0.1,7.020821571350098,11.028835607871608,3.2799971103668213,3.649548053741455,0.0021956446580588818,0.504243016242981,1.159998188004359,2512346,new_cel_4to1_chunk_8,80.56769561767578,68.69010162353516,0.9999995231628418,515.4706420898438,515.4706420898438,6.397981643676758,0.012411922574345164
sign_test_og_cel0.1__norm_spectral_radius,spectral_radius,25,1.0,0.8,0.5,0.1,4.613741397857666,11.619618474567105,5.240500450134277,8.193890571594238,0.0021956446580588818,0.504243016242981,1.159998188004359,2512346,new_cel_4to1_chunk_8,80.56769561767578,68.69010162353516,0.9999995231628418,515.4706420898438,515.4706420898438,6.397981643676758,0.012411922574345164
sign_test_og_cel0.1__norm_spectral_radius,spectral_radius,25,1.0,0.8,1.0,0.1,3.5553598403930664,8.8789833729668,5.894730091094971,11.579435348510742,0.0021956446580588818,0.504243016242981,1.159998188004359,2512346,new_cel_4to1_chunk_8,80.56769561767578,68.69010162353516,0.9999995231628418,515.4706420898438,515.4706420898438,6.397981643676758,0.012411922574345164
sign_test_og_cel0.1__norm_spectral_radius,spectral_radius,25,1.0,0.8,1.5,0.1,3.4610345363616943,5.921625058791292,6.00573205947876,13.450604438781738,0.0021956446580588818,0.504243016242981,1.159998188004359,2512346,new_cel_4to1_chunk_8,80.56769561767578,68.69010162353516,0.9999995231628418,515.4706420898438,515.4706420898438,6.397981643676758,0.012411922574345164
sign_test_og_cel0.1__norm_spectral_radius,spectral_radius,25,1.0,1.0,0.1,0.1,8.445019721984863,13.623353274281982,3.8743085861206055,4.386433124542236,0.0021956446580588818,0.504243016242981,1.159998188004359,2512346,new_cel_4to1_chunk_8,80.56769561767578,68.69010162353516,0.9999995231628418,515.4706420898438,515.4706420898438,6.397981643676758,0.012411922574345164
sign_test_og_cel0.1__norm_spectral_radius,spectral_radius,25,1.0,1.0,0.5,0.1,6.618432998657227,15.020956449860652,6.350396156311035,10.350545883178711,0.0021956446580588818,0.504243016242981,1.159998188004359,2512346,new_cel_4to1_chunk_8,80.56769561767578,68.69010162353516,0.9999995231628418,515.4706420898438,515.4706420898438,6.397981643676758,0.012411922574345164
sign_test_og_cel0.1__norm_spectral_radius,spectral_radius,25,1.0,1.0,1.0,0.1,5.119878768920898,10.193280454708628,7.255425453186035,14.914127349853516,0.0021956446580588818,0.504243016242981,1.159998188004359,2512346,new_cel_4to1_chunk_8,80.56769561767578,68.69010162353516,0.9999995231628418,515.4706420898438,515.4706420898438,6.397981643676758,0.012411922574345164
sign_test_og_cel0.1__norm_spectral_radius,spectral_radius,25,1.0,1.0,1.5,0.1,3.686728000640869,6.995654904185642,7.439630031585693,17.39995765686035,0.0021956446580588818,0.504243016242981,1.159998188004359,2512346,new_cel_4to1_chunk_8,80.56769561767578,68.69010162353516,0.9999995231628418,515.4706420898438,515.4706420898438,6.397981643676758,0.012411922574345164
sign_test_og_cel0.2__norm_spectral_radius,spectral_radius,25,1.0,0.6,0.1,0.1,7.765815258026123,12.502910781858702,3.7397286891937256,4.227579116821289,0.002310993382707238,0.37285029888153076,1.1599983309206912,2512346,new_cel_4to1_chunk_8,56.60032653808594,68.69010162353516,1.0000005960464478,515.4706420898438,515.4706420898438,9.107203483581543,0.017667742593801248
sign_test_og_cel0.2__norm_spectral_radius,spectral_radius,25,1.0,0.6,0.5,0.1,6.500019550323486,14.272224385369157,6.050816535949707,9.961956977844238,0.002310993382707238,0.37285029888153076,1.1599983309206912,2512346,new_cel_4to1_chunk_8,56.60032653808594,68.69010162353516,1.0000005960464478,515.4706420898438,515.4706420898438,9.107203483581543,0.017667742593801248
sign_test_og_cel0.2__norm_spectral_radius,spectral_radius,25,1.0,0.6,1.0,0.1,3.9571332931518555,9.302492251318814,6.9919586181640625,14.313216209411621,0.002310993382707238,0.37285029888153076,1.1599983309206912,2512346,new_cel_4to1_chunk_8,56.60032653808594,68.69010162353516,1.0000005960464478,515.4706420898438,515.4706420898438,9.107203483581543,0.017667742593801248
sign_test_og_cel0.2__norm_spectral_radius,spectral_radius,25,1.0,0.6,1.5,0.1,2.2705576419830322,4.295586014205641,7.264451503753662,16.818452835083008,0.002310993382707238,0.37285029888153076,1.1599983309206912,2512346,new_cel_4to1_chunk_8,56.60032653808594,68.69010162353516,1.0000005960464478,515.4706420898438,515.4706420898438,9.107203483581543,0.017667742593801248
sign_test_og_cel0.2__norm_spectral_radius,spectral_radius,25,1.0,0.8,0.1,0.1,9.062885284423828,14.78301825526039,4.5267558097839355,5.226248264312744,0.002310993382707238,0.37285029888153076,1.1599983309206912,2512346,new_cel_4to1_chunk_8,56.60032653808594,68.69010162353516,1.0000005960464478,515.4706420898438,515.4706420898438,9.107203483581543,0.017667742593801248
sign_test_og_cel0.2__norm_spectral_radius,spectral_radius,25,1.0,0.8,0.5,0.1,5.718532562255859,14.416076715552585,7.660496711730957,13.092720031738281,0.002310993382707238,0.37285029888153076,1.1599983309206912,2512346,new_cel_4to1_chunk_8,56.60032653808594,68.69010162353516,1.0000005960464478,515.4706420898438,515.4706420898438,9.107203483581543,0.017667742593801248
sign_test_og_cel0.2__norm_spectral_radius,spectral_radius,25,1.0,0.8,1.0,0.1,4.6469011306762695,9.3518164941947,8.88383960723877,18.93479347229004,0.002310993382707238,0.37285029888153076,1.1599983309206912,2512346,new_cel_4to1_chunk_8,56.60032653808594,68.69010162353516,1.0000005960464478,515.4706420898438,515.4706420898438,9.107203483581543,0.017667742593801248
sign_test_og_cel0.2__norm_spectral_radius,spectral_radius,25,1.0,0.8,1.5,0.1,4.0686798095703125,9.646973163155252,9.219781875610352,22.175323486328125,0.002310993382707238,0.37285029888153076,1.1599983309206912,2512346,new_cel_4to1_chunk_8,56.60032653808594,68.69010162353516,1.0000005960464478,515.4706420898438,515.4706420898438,9.107203483581543,0.017667742593801248
sign_test_og_cel0.2__norm_spectral_radius,spectral_radius,25,1.0,1.0,0.1,0.1,11.244804382324219,18.5175211608382,6.145407199859619,7.254477500915527,0.002310993382707238,0.37285029888153076,1.1599983309206912,2512346,new_cel_4to1_chunk_8,56.60032653808594,68.69010162353516,1.0000005960464478,515.4706420898438,515.4706420898438,9.107203483581543,0.017667742593801248
sign_test_og_cel0.2__norm_spectral_radius,spectral_radius,25,1.0,1.0,0.5,0.1,7.512231349945068,14.2018654990501,10.469146728515625,18.624462127685547,0.002310993382707238,0.37285029888153076,1.1599983309206912,2512346,new_cel_4to1_chunk_8,56.60032653808594,68.69010162353516,1.0000005960464478,515.4706420898438,515.4706420898438,9.107203483581543,0.017667742593801248
sign_test_og_cel0.2__norm_spectral_radius,spectral_radius,25,1.0,1.0,1.0,0.1,5.7932658195495605,13.417942578968107,12.106046676635742,26.517087936401367,0.002310993382707238,0.37285029888153076,1.1599983309206912,2512346,new_cel_4to1_chunk_8,56.60032653808594,68.69010162353516,1.0000005960464478,515.4706420898438,515.4706420898438,9.107203483581543,0.017667742593801248
sign_test_og_cel0.2__norm_spectral_radius,spectral_radius,25,1.0,1.0,1.5,0.1,5.098875045776367,9.910318832282439,12.499109268188477,30.60723876953125,0.002310993382707238,0.37285029888153076,1.1599983309206912,2512346,new_cel_4to1_chunk_8,56.60032653808594,68.69010162353516,1.0000005960464478,515.4706420898438,515.4706420898438,9.107203483581543,0.017667742593801248
sign_test_og_cel0.3__norm_spectral_radius,spectral_radius,25,1.0,0.6,0.1,0.1,9.546784400939941,13.462331418228445,4.662306785583496,5.091044902801514,0.0016820759046822786,0.2542542815208435,1.1599983327735417,2512346,new_cel_4to1_chunk_8,53.028076171875,68.69010162353516,0.9999996423721313,515.4706420898438,515.4706420898438,9.720712661743164,0.018857934743074452
sign_test_og_cel0.3__norm_spectral_radius,spectral_radius,25,1.0,0.6,0.5,0.1,6.724638938903809,14.686286430883683,6.690683841705322,10.665536880493164,0.0016820759046822786,0.2542542815208435,1.1599983327735417,2512346,new_cel_4to1_chunk_8,53.028076171875,68.69010162353516,0.9999996423721313,515.4706420898438,515.4706420898438,9.720712661743164,0.018857934743074452
sign_test_og_cel0.3__norm_spectral_radius,spectral_radius,25,1.0,0.6,1.0,0.1,4.440194606781006,9.119097714036329,7.953689098358154,16.00760841369629,0.0016820759046822786,0.2542542815208435,1.1599983327735417,2512346,new_cel_4to1_chunk_8,53.028076171875,68.69010162353516,0.9999996423721313,515.4706420898438,515.4706420898438,9.720712661743164,0.018857934743074452
sign_test_og_cel0.3__norm_spectral_radius,spectral_radius,25,1.0,0.6,1.5,0.1,2.6393375396728516,5.125602578821663,8.284745216369629,18.950014114379883,0.0016820759046822786,0.2542542815208435,1.1599983327735417,2512346,new_cel_4to1_chunk_8,53.028076171875,68.69010162353516,0.9999996423721313,515.4706420898438,515.4706420898438,9.720712661743164,0.018857934743074452
sign_test_og_cel0.3__norm_spectral_radius,spectral_radius,25,1.0,0.8,0.1,0.1,11.230466842651367,15.874001255940001,5.976175785064697,6.645843982696533,0.0016820759046822786,0.2542542815208435,1.1599983327735417,2512346,new_cel_4to1_chunk_8,53.028076171875,68.69010162353516,0.9999996423721313,515.4706420898438,515.4706420898438,9.720712661743164,0.018857934743074452
sign_test_og_cel0.3__norm_spectral_radius,spectral_radius,25,1.0,0.8,0.5,0.1,6.737703800201416,13.24776989050008,8.751571655273438,14.555268287658691,0.0016820759046822786,0.2542542815208435,1.1599983327735417,2512346,new_cel_4to1_chunk_8,53.028076171875,68.69010162353516,0.9999996423721313,515.4706420898438,515.4706420898438,9.720712661743164,0.018857934743074452
sign_test_og_cel0.3__norm_spectral_radius,spectral_radius,25,1.0,0.8,1.0,0.1,4.359014987945557,10.254102122925701,10.385161399841309,21.624425888061523,0.0016820759046822786,0.2542542815208435,1.1599983327735417,2512346,new_cel_4to1_chunk_8,53.028076171875,68.69010162353516,0.9999996423721313,515.4706420898438,515.4706420898438,9.720712661743164,0.018857934743074452
sign_test_og_cel0.3__norm_spectral_radius,spectral_radius,25,1.0,0.8,1.5,0.1,4.600980281829834,9.849221808580523,10.762112617492676,25.298070907592773,0.0016820759046822786,0.2542542815208435,1.1599983327735417,2512346,new_cel_4to1_chunk_8,53.028076171875,68.69010162353516,0.9999996423721313,515.4706420898438,515.4706420898438,9.720712661743164,0.018857934743074452
sign_test_og_cel0.3__norm_spectral_radius,spectral_radius,25,1.0,1.0,0.1,0.1,12.999815940856934,18.694038209466875,9.226763725280762,10.563477516174316,0.0016820759046822786,0.2542542815208435,1.1599983327735417,2512346,new_cel_4to1_chunk_8,53.028076171875,68.69010162353516,0.9999996423721313,515.4706420898438,515.4706420898438,9.720712661743164,0.018857934743074452
sign_test_og_cel0.3__norm_spectral_radius,spectral_radius,25,1.0,1.0,0.5,0.1,8.653227806091309,16.447848114315462,12.700743675231934,22.072084426879883,0.0016820759046822786,0.2542542815208435,1.1599983327735417,2512346,new_cel_4to1_chunk_8,53.028076171875,68.69010162353516,0.9999996423721313,515.4706420898438,515.4706420898438,9.720712661743164,0.018857934743074452
sign_test_og_cel0.3__norm_spectral_radius,spectral_radius,25,1.0,1.0,1.0,0.1,6.127823829650879,12.250867543982842,14.576177597045898,30.90937042236328,0.0016820759046822786,0.2542542815208435,1.1599983327735417,2512346,new_cel_4to1_chunk_8,53.028076171875,68.69010162353516,0.9999996423721313,515.4706420898438,515.4706420898438,9.720712661743164,0.018857934743074452
sign_test_og_cel0.3__norm_spectral_radius,spectral_radius,25,1.0,1.0,1.5,0.1,4.683667182922363,9.990030821839952,14.907155990600586,35.19397735595703,0.0016820759046822786,0.2542542815208435,1.1599983327735417,2512346,new_cel_4to1_chunk_8,53.028076171875,68.69010162353516,0.9999996423721313,515.4706420898438,515.4706420898438,9.720712661743164,0.018857934743074452
sign_test_og_cel0.4__norm_spectral_radius,spectral_radius,25,1.0,0.6,0.1,0.1,9.411351203918457,13.480563954307065,4.793476581573486,5.290777683258057,0.0009522614418528974,0.13985921442508698,1.1599981590939028,2512346,new_cel_4to1_chunk_8,51.525020599365234,68.69010162353516,0.9999997019767761,515.4706420898438,515.4706420898438,10.004278182983398,0.019408046583339347
sign_test_og_cel0.4__norm_spectral_radius,spectral_radius,25,1.0,0.6,0.5,0.1,7.237008571624756,15.579565106279688,7.0800933837890625,11.429062843322754,0.0009522614418528974,0.13985921442508698,1.1599981590939028,2512346,new_cel_4to1_chunk_8,51.525020599365234,68.69010162353516,0.9999997019767761,515.4706420898438,515.4706420898438,10.004278182983398,0.019408046583339347
sign_test_og_cel0.4__norm_spectral_radius,spectral_radius,25,1.0,0.6,1.0,0.1,3.6590218544006348,7.404827536024434,8.551047325134277,17.406408309936523,0.0009522614418528974,0.13985921442508698,1.1599981590939028,2512346,new_cel_4to1_chunk_8,51.525020599365234,68.69010162353516,0.9999997019767761,515.4706420898438,515.4706420898438,10.004278182983398,0.019408046583339347
sign_test_og_cel0.4__norm_spectral_radius,spectral_radius,25,1.0,0.6,1.5,0.1,3.940629243850708,9.01252950162609,9.018280029296875,20.727567672729492,0.0009522614418528974,0.13985921442508698,1.1599981590939028,2512346,new_cel_4to1_chunk_8,51.525020599365234,68.69010162353516,0.9999997019767761,515.4706420898438,515.4706420898438,10.004278182983398,0.019408046583339347
sign_test_og_cel0.4__norm_spectral_radius,spectral_radius,25,1.0,0.8,0.1,0.1,10.692389488220215,16.20803919186028,6.136868000030518,6.9245829582214355,0.0009522614418528974,0.13985921442508698,1.1599981590939028,2512346,new_cel_4to1_chunk_8,51.525020599365234,68.69010162353516,0.9999997019767761,515.4706420898438,515.4706420898438,10.004278182983398,0.019408046583339347
sign_test_og_cel0.4__norm_spectral_radius,spectral_radius,25,1.0,0.8,0.5,0.1,7.628298759460449,16.289851532973216,9.25278091430664,15.624979019165039,0.0009522614418528974,0.13985921442508698,1.1599981590939028,2512346,new_cel_4to1_chunk_8,51.525020599365234,68.69010162353516,0.9999997019767761,515.4706420898438,515.4706420898438,10.004278182983398,0.019408046583339347
sign_test_og_cel0.4__norm_spectral_radius,spectral_radius,25,1.0,0.8,1.0,0.1,4.432300090789795,8.424086828028265,11.086126327514648,23.404455184936523,0.0009522614418528974,0.13985921442508698,1.1599981590939028,2512346,new_cel_4to1_chunk_8,51.525020599365234,68.69010162353516,0.9999997019767761,515.4706420898438,515.4706420898438,10.004278182983398,0.019408046583339347
sign_test_og_cel0.4__norm_spectral_radius,spectral_radius,25,1.0,0.8,1.5,0.1,4.711083889007568,9.487185128041347,11.619925498962402,27.44976043701172,0.0009522614418528974,0.13985921442508698,1.1599981590939028,2512346,new_cel_4to1_chunk_8,51.525020599365234,68.69010162353516,0.9999997019767761,515.4706420898438,515.4706420898438,10.004278182983398,0.019408046583339347
sign_test_og_cel0.4__norm_spectral_radius,spectral_radius,25,1.0,1.0,0.1,0.1,12.019248008728027,18.656987201896083,9.194022178649902,10.753167152404785,0.0009522614418528974,0.13985921442508698,1.1599981590939028,2512346,new_cel_4to1_chunk_8,51.525020599365234,68.69010162353516,0.9999997019767761,515.4706420898438,515.4706420898438,10.004278182983398,0.019408046583339347
sign_test_og_cel0.4__norm_spectral_radius,spectral_radius,25,1.0,1.0,0.5,0.1,8.599231719970703,17.862121398497607,13.293453216552734,23.3394832611084,0.0009522614418528974,0.13985921442508698,1.1599981590939028,2512346,new_cel_4to1_chunk_8,51.525020599365234,68.69010162353516,0.9999997019767761,515.4706420898438,515.4706420898438,10.004278182983398,0.019408046583339347
sign_test_og_cel0.4__norm_spectral_radius,spectral_radius,25,1.0,1.0,1.0,0.1,6.178990840911865,13.223510673619,15.360076904296875,32.973758697509766,0.0009522614418528974,0.13985921442508698,1.1599981590939028,2512346,new_cel_4to1_chunk_8,51.525020599365234,68.69010162353516,0.9999997019767761,515.4706420898438,515.4706420898438,10.004278182983398,0.019408046583339347
sign_test_og_cel0.4__norm_spectral_radius,spectral_radius,25,1.0,1.0,1.5,0.1,5.826405048370361,12.176822950652308,15.794140815734863,37.742244720458984,0.0009522614418528974,0.13985921442508698,1.1599981590939028,2512346,new_cel_4to1_chunk_8,51.525020599365234,68.69010162353516,0.9999997019767761,515.4706420898438,515.4706420898438,10.004278182983398,0.019408046583339347
sign_test_og_cel0.5__norm_spectral_radius,spectral_radius,25,1.0,0.6,0.1,0.1,10.1756010055542,14.574667484283507,5.954347610473633,6.633548259735107,1.0804735211422667e-05,0.0013572266325354576,1.1599981321904758,2512346,new_cel_4to1_chunk_8,44.067874908447266,68.69010162353516,1.0000009536743164,515.4706420898438,515.4706420898438,11.697197914123535,0.02269226737339931
sign_test_og_cel0.5__norm_spectral_radius,spectral_radius,25,1.0,0.6,0.5,0.1,7.492282390594482,16.81011907154504,8.75810718536377,14.471902847290039,1.0804735211422667e-05,0.0013572266325354576,1.1599981321904758,2512346,new_cel_4to1_chunk_8,44.067874908447266,68.69010162353516,1.0000009536743164,515.4706420898438,515.4706420898438,11.697197914123535,0.02269226737339931
sign_test_og_cel0.5__norm_spectral_radius,spectral_radius,25,1.0,0.6,1.0,0.1,4.846473217010498,10.306795886669741,10.027085304260254,21.188108444213867,1.0804735211422667e-05,0.0013572266325354576,1.1599981321904758,2512346,new_cel_4to1_chunk_8,44.067874908447266,68.69010162353516,1.0000009536743164,515.4706420898438,515.4706420898438,11.697197914123535,0.02269226737339931
sign_test_og_cel0.5__norm_spectral_radius,spectral_radius,25,1.0,0.6,1.5,0.1,2.318420171737671,5.7862020908335365,10.603803634643555,24.942163467407227,1.0804735211422667e-05,0.0013572266325354576,1.1599981321904758,2512346,new_cel_4to1_chunk_8,44.067874908447266,68.69010162353516,1.0000009536743164,515.4706420898438,515.4706420898438,11.697197914123535,0.02269226737339931
sign_test_og_cel0.5__norm_spectral_radius,spectral_radius,25,1.0,0.8,0.1,0.1,12.297053337097168,18.17040967455001,7.60649299621582,8.67784595489502,1.0804735211422667e-05,0.0013572266325354576,1.1599981321904758,2512346,new_cel_4to1_chunk_8,44.067874908447266,68.69010162353516,1.0000009536743164,515.4706420898438,515.4706420898438,11.697197914123535,0.02269226737339931
sign_test_og_cel0.5__norm_spectral_radius,spectral_radius,25,1.0,0.8,0.5,0.1,8.419486045837402,16.78983648352873,11.341363906860352,19.610612869262695,1.0804735211422667e-05,0.0013572266325354576,1.1599981321904758,2512346,new_cel_4to1_chunk_8,44.067874908447266,68.69010162353516,1.0000009536743164,515.4706420898438,515.4706420898438,11.697197914123535,0.02269226737339931
sign_test_og_cel0.5__norm_spectral_radius,spectral_radius,25,1.0,0.8,1.0,0.1,4.651602745056152,11.776683149595215,13.098130226135254,28.389123916625977,1.0804735211422667e-05,0.0013572266325354576,1.1599981321904758,2512346,new_cel_4to1_chunk_8,44.067874908447266,68.69010162353516,1.0000009536743164,515.4706420898438,515.4706420898438,11.697197914123535,0.02269226737339931
sign_test_og_cel0.5__norm_spectral_radius,spectral_radius,25,1.0,0.8,1.5,0.1,4.432590007781982,9.739200752239295,13.842677116394043,33.13706970214844,1.0804735211422667e-05,0.0013572266325354576,1.1599981321904758,2512346,new_cel_4to1_chunk_8,44.067874908447266,68.69010162353516,1.0000009536743164,515.4706420898438,515.4706420898438,11.697197914123535,0.02269226737339931
sign_test_og_cel0.5__norm_spectral_radius,spectral_radius,25,1.0,1.0,0.1,0.1,14.614038467407227,21.17216376029633,12.244216918945312,14.433286666870117,1.0804735211422667e-05,0.0013572266325354576,1.1599981321904758,2512346,new_cel_4to1_chunk_8,44.067874908447266,68.69010162353516,1.0000009536743164,515.4706420898438,515.4706420898438,11.697197914123535,0.02269226737339931
sign_test_og_cel0.5__norm_spectral_radius,spectral_radius,25,1.0,1.0,0.5,0.1,8.76122760772705,13.784612889781783,16.822505950927734,29.844295501708984,1.0804735211422667e-05,0.0013572266325354576,1.1599981321904758,2512346,new_cel_4to1_chunk_8,44.067874908447266,68.69010162353516,1.0000009536743164,515.4706420898438,515.4706420898438,11.697197914123535,0.02269226737339931
sign_test_og_cel0.5__norm_spectral_radius,spectral_radius,25,1.0,1.0,1.0,0.1,7.164262294769287,12.726314840098876,18.633604049682617,40.39506149291992,1.0804735211422667e-05,0.0013572266325354576,1.1599981321904758,2512346,new_cel_4to1_chunk_8,44.067874908447266,68.69010162353516,1.0000009536743164,515.4706420898438,515.4706420898438,11.697197914123535,0.02269226737339931
sign_test_og_cel0.5__norm_spectral_radius,spectral_radius,25,1.0,1.0,1.5,0.1,5.771665096282959,10.674617360549028,19.208574295043945,45.72599411010742,1.0804735211422667e-05,0.0013572266325354576,1.1599981321904758,2512346,new_cel_4to1_chunk_8,44.067874908447266,68.69010162353516,1.0000009536743164,515.4706420898438,515.4706420898438,11.697197914123535,0.02269226737339931
sign_test_og_cel0.6__norm_spectral_radius,spectral_radius,25,1.0,0.6,0.1,0.1,9.508509635925293,14.32428833787776,5.042745113372803,5.6893134117126465,-0.0008763582445681095,-0.11659245193004608,1.1599983069882134,2512346,new_cel_4to1_chunk_8,46.673667907714844,68.69010162353516,1.0000003576278687,515.4706420898438,515.4706420898438,11.044142723083496,0.021425357055229566
sign_test_og_cel0.6__norm_spectral_radius,spectral_radius,25,1.0,0.6,0.5,0.1,6.489688873291016,13.653838903681617,7.460054397583008,12.61608600616455,-0.0008763582445681095,-0.11659245193004608,1.1599983069882134,2512346,new_cel_4to1_chunk_8,46.673667907714844,68.69010162353516,1.0000003576278687,515.4706420898438,515.4706420898438,11.044142723083496,0.021425357055229566
sign_test_og_cel0.6__norm_spectral_radius,spectral_radius,25,1.0,0.6,1.0,0.1,4.242809772491455,9.457064968469126,8.754704475402832,18.780925750732422,-0.0008763582445681095,-0.11659245193004608,1.1599983069882134,2512346,new_cel_4to1_chunk_8,46.673667907714844,68.69010162353516,1.0000003576278687,515.4706420898438,515.4706420898438,11.044142723083496,0.021425357055229566
sign_test_og_cel0.6__norm_spectral_radius,spectral_radius,25,1.0,0.6,1.5,0.1,3.0158591270446777,7.254893406489771,9.17661190032959,22.11530876159668,-0.0008763582445681095,-0.11659245193004608,1.1599983069882134,2512346,new_cel_4to1_chunk_8,46.673667907714844,68.69010162353516,1.0000003576278687,515.4706420898438,515.4706420898438,11.044142723083496,0.021425357055229566
sign_test_og_cel0.6__norm_spectral_radius,spectral_radius,25,1.0,0.8,0.1,0.1,12.179779052734375,18.728957770732947,6.516996383666992,7.511691093444824,-0.0008763582445681095,-0.11659245193004608,1.1599983069882134,2512346,new_cel_4to1_chunk_8,46.673667907714844,68.69010162353516,1.0000003576278687,515.4706420898438,515.4706420898438,11.044142723083496,0.021425357055229566
sign_test_og_cel0.6__norm_spectral_radius,spectral_radius,25,1.0,0.8,0.5,0.1,7.507081508636475,15.144950495335038,9.95149040222168,17.431446075439453,-0.0008763582445681095,-0.11659245193004608,1.1599983069882134,2512346,new_cel_4to1_chunk_8,46.673667907714844,68.69010162353516,1.0000003576278687,515.4706420898438,515.4706420898438,11.044142723083496,0.021425357055229566
sign_test_og_cel0.6__norm_spectral_radius,spectral_radius,25,1.0,0.8,1.0,0.1,4.537508487701416,10.144925835671444,11.722943305969238,25.789012908935547,-0.0008763582445681095,-0.11659245193004608,1.1599983069882134,2512346,new_cel_4to1_chunk_8,46.673667907714844,68.69010162353516,1.0000003576278687,515.4706420898438,515.4706420898438,11.044142723083496,0.021425357055229566
sign_test_og_cel0.6__norm_spectral_radius,spectral_radius,25,1.0,0.8,1.5,0.1,4.6405205726623535,9.84245057429078,12.235156059265137,30.115358352661133,-0.0008763582445681095,-0.11659245193004608,1.1599983069882134,2512346,new_cel_4to1_chunk_8,46.673667907714844,68.69010162353516,1.0000003576278687,515.4706420898438,515.4706420898438,11.044142723083496,0.021425357055229566
sign_test_og_cel0.6__norm_spectral_radius,spectral_radius,25,1.0,1.0,0.1,0.1,13.462800025939941,20.66700371485328,11.115533828735352,13.04568099975586,-0.0008763582445681095,-0.11659245193004608,1.1599983069882134,2512346,new_cel_4to1_chunk_8,46.673667907714844,68.69010162353516,1.0000003576278687,515.4706420898438,515.4706420898438,11.044142723083496,0.021425357055229566
sign_test_og_cel0.6__norm_spectral_radius,spectral_radius,25,1.0,1.0,0.5,0.1,9.125432968139648,19.179978735584882,15.440652847290039,27.66095542907715,-0.0008763582445681095,-0.11659245193004608,1.1599983069882134,2512346,new_cel_4to1_chunk_8,46.673667907714844,68.69010162353516,1.0000003576278687,515.4706420898438,515.4706420898438,11.044142723083496,0.021425357055229566
sign_test_og_cel0.6__norm_spectral_radius,spectral_radius,25,1.0,1.0,1.0,0.1,6.414292812347412,15.121325685479894,17.452007293701172,38.0687370300293,-0.0008763582445681095,-0.11659245193004608,1.1599983069882134,2512346,new_cel_4to1_chunk_8,46.673667907714844,68.69010162353516,1.0000003576278687,515.4706420898438,515.4706420898438,11.044142723083496,0.021425357055229566
sign_test_og_cel0.6__norm_spectral_radius,spectral_radius,25,1.0,1.0,1.5,0.1,4.872926712036133,9.46853497165662,17.85731315612793,43.33533477783203,-0.0008763582445681095,-0.11659245193004608,1.1599983069882134,2512346,new_cel_4to1_chunk_8,46.673667907714844,68.69010162353516,1.0000003576278687,515.4706420898438,515.4706420898438,11.044142723083496,0.021425357055229566
sign_test_og_cel0.7__norm_spectral_radius,spectral_radius,25,1.0,0.6,0.1,0.1,9.696185111999512,15.081100424593448,5.541642189025879,6.3565673828125,-0.001987409545108676,-0.2443659007549286,1.1599982567455966,2512346,new_cel_4to1_chunk_8,43.13565444946289,68.69010162353516,1.000001311302185,515.4706420898438,515.4706420898438,11.949990272521973,0.023182678291611074
sign_test_og_cel0.7__norm_spectral_radius,spectral_radius,25,1.0,0.6,0.5,0.1,7.240042209625244,16.88709850117465,8.690206527709961,14.816408157348633,-0.001987409545108676,-0.2443659007549286,1.1599982567455966,2512346,new_cel_4to1_chunk_8,43.13565444946289,68.69010162353516,1.000001311302185,515.4706420898438,515.4706420898438,11.949990272521973,0.023182678291611074
sign_test_og_cel0.7__norm_spectral_radius,spectral_radius,25,1.0,0.6,1.0,0.1,3.9784629344940186,10.275372061479196,10.241020202636719,21.733213424682617,-0.001987409545108676,-0.2443659007549286,1.1599982567455966,2512346,new_cel_4to1_chunk_8,43.13565444946289,68.69010162353516,1.000001311302185,515.4706420898438,515.4706420898438,11.949990272521973,0.023182678291611074
sign_test_og_cel0.7__norm_spectral_radius,spectral_radius,25,1.0,0.6,1.5,0.1,3.591945171356201,8.657352847363995,10.691666603088379,25.46331024169922,-0.001987409545108676,-0.2443659007549286,1.1599982567455966,2512346,new_cel_4to1_chunk_8,43.13565444946289,68.69010162353516,1.000001311302185,515.4706420898438,515.4706420898438,11.949990272521973,0.023182678291611074
sign_test_og_cel0.7__norm_spectral_radius,spectral_radius,25,1.0,0.8,0.1,0.1,11.905807495117188,19.47190535080427,7.3114824295043945,8.612030029296875,-0.001987409545108676,-0.2443659007549286,1.1599982567455966,2512346,new_cel_4to1_chunk_8,43.13565444946289,68.69010162353516,1.000001311302185,515.4706420898438,515.4706420898438,11.949990272521973,0.023182678291611074
sign_test_og_cel0.7__norm_spectral_radius,spectral_radius,25,1.0,0.8,0.5,0.1,7.848937511444092,17.351126255614872,11.8704252243042,21.09546661376953,-0.001987409545108676,-0.2443659007549286,1.1599982567455966,2512346,new_cel_4to1_chunk_8,43.13565444946289,68.69010162353516,1.000001311302185,515.4706420898438,515.4706420898438,11.949990272521973,0.023182678291611074
sign_test_og_cel0.7__norm_spectral_radius,spectral_radius,25,1.0,0.8,1.0,0.1,5.554988861083984,12.351648799564828,14.009974479675293,30.381650924682617,-0.001987409545108676,-0.2443659007549286,1.1599982567455966,2512346,new_cel_4to1_chunk_8,43.13565444946289,68.69010162353516,1.000001311302185,515.4706420898438,515.4706420898438,11.949990272521973,0.023182678291611074
sign_test_og_cel0.7__norm_spectral_radius,spectral_radius,25,1.0,0.8,1.5,0.1,3.9070122241973877,9.926247174882963,14.584893226623535,35.250492095947266,-0.001987409545108676,-0.2443659007549286,1.1599982567455966,2512346,new_cel_4to1_chunk_8,43.13565444946289,68.69010162353516,1.000001311302185,515.4706420898438,515.4706420898438,11.949990272521973,0.023182678291611074
sign_test_og_cel0.7__norm_spectral_radius,spectral_radius,25,1.0,1.0,0.1,0.1,13.952916145324707,21.889695586575943,12.396120071411133,15.228669166564941,-0.001987409545108676,-0.2443659007549286,1.1599982567455966,2512346,new_cel_4to1_chunk_8,43.13565444946289,68.69010162353516,1.000001311302185,515.4706420898438,515.4706420898438,11.949990272521973,0.023182678291611074
sign_test_og_cel0.7__norm_spectral_radius,spectral_radius,25,1.0,1.0,0.5,0.1,9.046425819396973,18.90755742403394,18.7424259185791,33.8227424621582,-0.001987409545108676,-0.2443659007549286,1.1599982567455966,2512346,new_cel_4to1_chunk_8,43.13565444946289,68.69010162353516,1.000001311302185,515.4706420898438,515.4706420898438,11.949990272521973,0.023182678291611074
sign_test_og_cel0.7__norm_spectral_radius,spectral_radius,25,1.0,1.0,1.0,0.1,5.937016010284424,13.544912450492127,20.999080657958984,45.06959915161133,-0.001987409545108676,-0.2443659007549286,1.1599982567455966,2512346,new_cel_4to1_chunk_8,43.13565444946289,68.69010162353516,1.000001311302185,515.4706420898438,515.4706420898438,11.949990272521973,0.023182678291611074
sign_test_og_cel0.7__norm_spectral_radius,spectral_radius,25,1.0,1.0,1.5,0.1,5.910769462585449,10.695184222193468,21.395959854125977,50.78191375732422,-0.001987409545108676,-0.2443659007549286,1.1599982567455966,2512346,new_cel_4to1_chunk_8,43.13565444946289,68.69010162353516,1.000001311302185,515.4706420898438,515.4706420898438,11.949990272521973,0.023182678291611074
sign_test_og_cel0.8__norm_spectral_radius,spectral_radius,25,1.0,0.6,0.1,0.1,7.876724720001221,12.273926000773631,3.096816301345825,3.373582124710083,-0.0022100121714174747,-0.37285029888153076,1.1599980787388473,2512346,new_cel_4to1_chunk_8,59.186546325683594,68.69010162353516,0.9999990463256836,515.4706420898438,515.4706420898438,8.709254264831543,0.016895731582264276
sign_test_og_cel0.8__norm_spectral_radius,spectral_radius,25,1.0,0.6,0.5,0.1,6.070102691650391,15.103691250036986,4.343161582946777,6.894974708557129,-0.0022100121714174747,-0.37285029888153076,1.1599980787388473,2512346,new_cel_4to1_chunk_8,59.186546325683594,68.69010162353516,0.9999990463256836,515.4706420898438,515.4706420898438,8.709254264831543,0.016895731582264276
sign_test_og_cel0.8__norm_spectral_radius,spectral_radius,25,1.0,0.6,1.0,0.1,2.833926200866699,7.907354064479819,5.358983993530273,10.817266464233398,-0.0022100121714174747,-0.37285029888153076,1.1599980787388473,2512346,new_cel_4to1_chunk_8,59.186546325683594,68.69010162353516,0.9999990463256836,515.4706420898438,515.4706420898438,8.709254264831543,0.016895731582264276
sign_test_og_cel0.8__norm_spectral_radius,spectral_radius,25,1.0,0.6,1.5,0.1,2.6818578243255615,8.030128016742395,5.850196361541748,13.354716300964355,-0.0022100121714174747,-0.37285029888153076,1.1599980787388473,2512346,new_cel_4to1_chunk_8,59.186546325683594,68.69010162353516,0.9999990463256836,515.4706420898438,515.4706420898438,8.709254264831543,0.016895731582264276
sign_test_og_cel0.8__norm_spectral_radius,spectral_radius,25,1.0,0.8,0.1,0.1,9.68493366241455,15.300138419399804,3.7386322021484375,4.102610111236572,-0.0022100121714174747,-0.37285029888153076,1.1599980787388473,2512346,new_cel_4to1_chunk_8,59.186546325683594,68.69010162353516,0.9999990463256836,515.4706420898438,515.4706420898438,8.709254264831543,0.016895731582264276
sign_test_og_cel0.8__norm_spectral_radius,spectral_radius,25,1.0,0.8,0.5,0.1,6.669897079467773,16.734381919818468,5.453273773193359,8.96159839630127,-0.0022100121714174747,-0.37285029888153076,1.1599980787388473,2512346,new_cel_4to1_chunk_8,59.186546325683594,68.69010162353516,0.9999990463256836,515.4706420898438,515.4706420898438,8.709254264831543,0.016895731582264276
sign_test_og_cel0.8__norm_spectral_radius,spectral_radius,25,1.0,0.8,1.0,0.1,4.760006904602051,8.839115992047581,6.770419120788574,14.220333099365234,-0.0022100121714174747,-0.37285029888153076,1.1599980787388473,2512346,new_cel_4to1_chunk_8,59.186546325683594,68.69010162353516,0.9999990463256836,515.4706420898438,515.4706420898438,8.709254264831543,0.016895731582264276
sign_test_og_cel0.8__norm_spectral_radius,spectral_radius,25,1.0,0.8,1.5,0.1,3.7144899368286133,6.578844507480596,7.353002548217773,17.495872497558594,-0.0022100121714174747,-0.37285029888153076,1.1599980787388473,2512346,new_cel_4to1_chunk_8,59.186546325683594,68.69010162353516,0.9999990463256836,515.4706420898438,515.4706420898438,8.709254264831543,0.016895731582264276
sign_test_og_cel0.8__norm_spectral_radius,spectral_radius,25,1.0,1.0,0.1,0.1,10.770584106445312,16.820597043370654,6.056703090667725,7.115675449371338,-0.0022100121714174747,-0.37285029888153076,1.1599980787388473,2512346,new_cel_4to1_chunk_8,59.186546325683594,68.69010162353516,0.9999990463256836,515.4706420898438,515.4706420898438,8.709254264831543,0.016895731582264276
sign_test_og_cel0.8__norm_spectral_radius,spectral_radius,25,1.0,1.0,0.5,0.1,6.648783206939697,10.380167109782064,8.889410018920898,15.108621597290039,-0.0022100121714174747,-0.37285029888153076,1.1599980787388473,2512346,new_cel_4to1_chunk_8,59.186546325683594,68.69010162353516,0.9999990463256836,515.4706420898438,515.4706420898438,8.709254264831543,0.016895731582264276
sign_test_og_cel0.8__norm_spectral_radius,spectral_radius,25,1.0,1.0,1.0,0.1,5.02526330947876,10.84680391896704,10.106078147888184,21.788400650024414,-0.0022100121714174747,-0.37285029888153076,1.1599980787388473,2512346,new_cel_4to1_chunk_8,59.186546325683594,68.69010162353516,0.9999990463256836,515.4706420898438,515.4706420898438,8.709254264831543,0.016895731582264276
sign_test_og_cel0.8__norm_spectral_radius,spectral_radius,25,1.0,1.0,1.5,0.1,2.906383752822876,8.720314409594778,10.443882942199707,25.470762252807617,-0.0022100121714174747,-0.37285029888153076,1.1599980787388473,2512346,new_cel_4to1_chunk_8,59.186546325683594,68.69010162353516,0.9999990463256836,515.4706420898438,515.4706420898438,8.709254264831543,0.016895731582264276
sign_test_og_cel0.9__norm_spectral_radius,spectral_radius,25,1.0,0.6,0.1,0.1,6.892834186553955,10.820486741557815,2.727952480316162,2.9584760665893555,-0.0024482656735926867,-0.49887871742248535,1.1599981467175953,2512346,new_cel_4to1_chunk_8,71.48576354980469,68.69010162353516,1.0000011920928955,515.4706420898438,515.4706420898438,7.210815906524658,0.013988799312513353
sign_test_og_cel0.9__norm_spectral_radius,spectral_radius,25,1.0,0.6,0.5,0.1,5.528408050537109,12.8228195309966,3.802553653717041,5.857540607452393,-0.0024482656735926867,-0.49887871742248535,1.1599981467175953,2512346,new_cel_4to1_chunk_8,71.48576354980469,68.69010162353516,1.0000011920928955,515.4706420898438,515.4706420898438,7.210815906524658,0.013988799312513353
sign_test_og_cel0.9__norm_spectral_radius,spectral_radius,25,1.0,0.6,1.0,0.1,3.594273090362549,8.74016727007479,4.662595748901367,9.089712142944336,-0.0024482656735926867,-0.49887871742248535,1.1599981467175953,2512346,new_cel_4to1_chunk_8,71.48576354980469,68.69010162353516,1.0000011920928955,515.4706420898438,515.4706420898438,7.210815906524658,0.013988799312513353
sign_test_og_cel0.9__norm_spectral_radius,spectral_radius,25,1.0,0.6,1.5,0.1,2.3206276893615723,5.3818143800585645,5.038835525512695,11.124838829040527,-0.0024482656735926867,-0.49887871742248535,1.1599981467175953,2512346,new_cel_4to1_chunk_8,71.48576354980469,68.69010162353516,1.0000011920928955,515.4706420898438,515.4706420898438,7.210815906524658,0.013988799312513353
sign_test_og_cel0.9__norm_spectral_radius,spectral_radius,25,1.0,0.8,0.1,0.1,8.271698951721191,13.262033139932043,3.2087154388427734,3.5040531158447266,-0.0024482656735926867,-0.49887871742248535,1.1599981467175953,2512346,new_cel_4to1_chunk_8,71.48576354980469,68.69010162353516,1.0000011920928955,515.4706420898438,515.4706420898438,7.210815906524658,0.013988799312513353
sign_test_og_cel0.9__norm_spectral_radius,spectral_radius,25,1.0,0.8,0.5,0.1,5.101017475128174,12.580146518901543,4.618527889251709,7.3915510177612305,-0.0024482656735926867,-0.49887871742248535,1.1599981467175953,2512346,new_cel_4to1_chunk_8,71.48576354980469,68.69010162353516,1.0000011920928955,515.4706420898438,515.4706420898438,7.210815906524658,0.013988799312513353
sign_test_og_cel0.9__norm_spectral_radius,spectral_radius,25,1.0,0.8,1.0,0.1,3.4086015224456787,7.118675980472631,5.699777126312256,11.639476776123047,-0.0024482656735926867,-0.49887871742248535,1.1599981467175953,2512346,new_cel_4to1_chunk_8,71.48576354980469,68.69010162353516,1.0000011920928955,515.4706420898438,515.4706420898438,7.210815906524658,0.013988799312513353
sign_test_og_cel0.9__norm_spectral_radius,spectral_radius,25,1.0,0.8,1.5,0.1,3.3549323081970215,9.361159195198221,6.134842872619629,14.210905075073242,-0.0024482656735926867,-0.49887871742248535,1.1599981467175953,2512346,new_cel_4to1_chunk_8,71.48576354980469,68.69010162353516,1.0000011920928955,515.4706420898438,515.4706420898438,7.210815906524658,0.013988799312513353
sign_test_og_cel0.9__norm_spectral_radius,spectral_radius,25,1.0,1.0,0.1,0.1,8.996411323547363,14.379421270212333,5.199078559875488,5.568384647369385,-0.0024482656735926867,-0.49887871742248535,1.1599981467175953,2512346,new_cel_4to1_chunk_8,71.48576354980469,68.69010162353516,1.0000011920928955,515.4706420898438,515.4706420898438,7.210815906524658,0.013988799312513353
sign_test_og_cel0.9__norm_spectral_radius,spectral_radius,25,1.0,1.0,0.5,0.1,6.947071075439453,14.838994574649433,6.6828508377075195,11.060230255126953,-0.0024482656735926867,-0.49887871742248535,1.1599981467175953,2512346,new_cel_4to1_chunk_8,71.48576354980469,68.69010162353516,1.0000011920928955,515.4706420898438,515.4706420898438,7.210815906524658,0.013988799312513353
sign_test_og_cel0.9__norm_spectral_radius,spectral_radius,25,1.0,1.0,1.0,0.1,4.322327136993408,11.55015655977644,7.785280704498291,16.700469970703125,-0.0024482656735926867,-0.49887871742248535,1.1599981467175953,2512346,new_cel_4to1_chunk_8,71.48576354980469,68.69010162353516,1.0000011920928955,515.4706420898438,515.4706420898438,7.210815906524658,0.013988799312513353
sign_test_og_cel0.9__norm_spectral_radius,spectral_radius,25,1.0,1.0,1.5,0.1,4.199336051940918,9.102652883227472,8.136927604675293,19.843616485595703,-0.0024482656735926867,-0.49887871742248535,1.1599981467175953,2512346,new_cel_4to1_chunk_8,71.48576354980469,68.69010162353516,1.0000011920928955,515.4706420898438,515.4706420898438,7.210815906524658,0.013988799312513353
sign_test_og_cel1.0__norm_spectral_radius,spectral_radius,25,1.0,0.6,0.1,0.1,5.471233367919922,8.415446188676313,2.061786651611328,2.216170072555542,-0.002205352298915386,-0.6321457624435425,1.159998265312932,2512346,new_cel_4to1_chunk_8,100.55933380126953,68.69010162353516,1.0,515.4706420898438,515.4706420898438,5.126034736633301,0.009944377734007774
sign_test_og_cel1.0__norm_spectral_radius,spectral_radius,25,1.0,0.6,0.5,0.1,4.9934611320495605,11.902294180583507,2.7430052757263184,4.030913352966309,-0.002205352298915386,-0.6321457624435425,1.159998265312932,2512346,new_cel_4to1_chunk_8,100.55933380126953,68.69010162353516,1.0,515.4706420898438,515.4706420898438,5.126034736633301,0.009944377734007774
sign_test_og_cel1.0__norm_spectral_radius,spectral_radius,25,1.0,0.6,1.0,0.1,2.8936073780059814,7.884572992583664,3.3217196464538574,6.05106782913208,-0.002205352298915386,-0.6321457624435425,1.159998265312932,2512346,new_cel_4to1_chunk_8,100.55933380126953,68.69010162353516,1.0,515.4706420898438,515.4706420898438,5.126034736633301,0.009944377734007774
sign_test_og_cel1.0__norm_spectral_radius,spectral_radius,25,1.0,0.6,1.5,0.1,2.4329333305358887,5.922749765246067,3.6121582984924316,7.3907036781311035,-0.002205352298915386,-0.6321457624435425,1.159998265312932,2512346,new_cel_4to1_chunk_8,100.55933380126953,68.69010162353516,1.0,515.4706420898438,515.4706420898438,5.126034736633301,0.009944377734007774
sign_test_og_cel1.0__norm_spectral_radius,spectral_radius,25,1.0,0.8,0.1,0.1,6.740454196929932,10.3708573096348,2.3626527786254883,2.5432958602905273,-0.002205352298915386,-0.6321457624435425,1.159998265312932,2512346,new_cel_4to1_chunk_8,100.55933380126953,68.69010162353516,1.0,515.4706420898438,515.4706420898438,5.126034736633301,0.009944377734007774
sign_test_og_cel1.0__norm_spectral_radius,spectral_radius,25,1.0,0.8,0.5,0.1,4.624185085296631,9.715041575469202,3.1973631381988525,4.796558856964111,-0.002205352298915386,-0.6321457624435425,1.159998265312932,2512346,new_cel_4to1_chunk_8,100.55933380126953,68.69010162353516,1.0,515.4706420898438,515.4706420898438,5.126034736633301,0.009944377734007774
sign_test_og_cel1.0__norm_spectral_radius,spectral_radius,25,1.0,0.8,1.0,0.1,4.224593639373779,8.60630567125657,3.8718461990356445,7.288002967834473,-0.002205352298915386,-0.6321457624435425,1.159998265312932,2512346,new_cel_4to1_chunk_8,100.55933380126953,68.69010162353516,1.0,515.4706420898438,515.4706420898438,5.126034736633301,0.009944377734007774
sign_test_og_cel1.0__norm_spectral_radius,spectral_radius,25,1.0,0.8,1.5,0.1,3.3083813190460205,6.253495427930189,4.181600093841553,8.907662391662598,-0.002205352298915386,-0.6321457624435425,1.159998265312932,2512346,new_cel_4to1_chunk_8,100.55933380126953,68.69010162353516,1.0,515.4706420898438,515.4706420898438,5.126034736633301,0.009944377734007774
sign_test_og_cel1.0__norm_spectral_radius,spectral_radius,25,1.0,1.0,0.1,0.1,7.26383638381958,11.417486709946033,3.850236177444458,4.046048641204834,-0.002205352298915386,-0.6321457624435425,1.159998265312932,2512346,new_cel_4to1_chunk_8,100.55933380126953,68.69010162353516,1.0,515.4706420898438,515.4706420898438,5.126034736633301,0.009944377734007774
sign_test_og_cel1.0__norm_spectral_radius,spectral_radius,25,1.0,1.0,0.5,0.1,5.254542350769043,9.854947999875296,4.610009670257568,6.999739646911621,-0.002205352298915386,-0.6321457624435425,1.159998265312932,2512346,new_cel_4to1_chunk_8,100.55933380126953,68.69010162353516,1.0,515.4706420898438,515.4706420898438,5.126034736633301,0.009944377734007774
sign_test_og_cel1.0__norm_spectral_radius,spectral_radius,25,1.0,1.0,1.0,0.1,4.231766223907471,10.368226062716076,5.096371173858643,9.958897590637207,-0.002205352298915386,-0.6321457624435425,1.159998265312932,2512346,new_cel_4to1_chunk_8,100.55933380126953,68.69010162353516,1.0,515.4706420898438,515.4706420898438,5.126034736633301,0.009944377734007774
sign_test_og_cel1.0__norm_spectral_radius,spectral_radius,25,1.0,1.0,1.5,0.1,3.9849445819854736,9.471094438259229,5.254848480224609,11.772103309631348,-0.002205352298915386,-0.6321457624435425,1.159998265312932,2512346,new_cel_4to1_chunk_8,100.55933380126953,68.69010162353516,1.0,515.4706420898438,515.4706420898438,5.126034736633301,0.009944377734007774
sign_test_og_cel0.22058823529411764__norm_spectral_radius,spectral_radius,26,1.0,0.6,0.1,0.1,8.748373031616211,13.468838411509154,5.588717937469482,6.328581809997559,0.0024290529545396566,0.33710986375808716,1.1599982070127428,2612346,new_cel_4to1_chunk_8,48.687522888183594,70.7999267578125,0.999999463558197,515.4706420898438,515.4706420898438,10.587325096130371,0.02053914310441739
sign_test_og_cel0.22058823529411764__norm_spectral_radius,spectral_radius,26,1.0,0.6,0.5,0.1,7.048251152038574,16.013409007917122,8.721569061279297,14.055556297302246,0.0024290529545396566,0.33710986375808716,1.1599982070127428,2612346,new_cel_4to1_chunk_8,48.687522888183594,70.7999267578125,0.999999463558197,515.4706420898438,515.4706420898438,10.587325096130371,0.02053914310441739
sign_test_og_cel0.22058823529411764__norm_spectral_radius,spectral_radius,26,1.0,0.6,1.0,0.1,3.797640562057495,9.06853683381857,9.832883834838867,19.646530151367188,0.0024290529545396566,0.33710986375808716,1.1599982070127428,2612346,new_cel_4to1_chunk_8,48.687522888183594,70.7999267578125,0.999999463558197,515.4706420898438,515.4706420898438,10.587325096130371,0.02053914310441739
sign_test_og_cel0.22058823529411764__norm_spectral_radius,spectral_radius,26,1.0,0.6,1.5,0.1,2.1644601821899414,4.034820178247726,9.96756362915039,22.317554473876953,0.0024290529545396566,0.33710986375808716,1.1599982070127428,2612346,new_cel_4to1_chunk_8,48.687522888183594,70.7999267578125,0.999999463558197,515.4706420898438,515.4706420898438,10.587325096130371,0.02053914310441739
sign_test_og_cel0.22058823529411764__norm_spectral_radius,spectral_radius,26,1.0,0.8,0.1,0.1,10.497701644897461,16.493683369721907,6.873926639556885,7.946812152862549,0.0024290529545396566,0.33710986375808716,1.1599982070127428,2612346,new_cel_4to1_chunk_8,48.687522888183594,70.7999267578125,0.999999463558197,515.4706420898438,515.4706420898438,10.587325096130371,0.02053914310441739
sign_test_og_cel0.22058823529411764__norm_spectral_radius,spectral_radius,26,1.0,0.8,0.5,0.1,6.887653827667236,13.479741549216492,11.056015014648438,18.840120315551758,0.0024290529545396566,0.33710986375808716,1.1599982070127428,2612346,new_cel_4to1_chunk_8,48.687522888183594,70.7999267578125,0.999999463558197,515.4706420898438,515.4706420898438,10.587325096130371,0.02053914310441739
sign_test_og_cel0.22058823529411764__norm_spectral_radius,spectral_radius,26,1.0,0.8,1.0,0.1,4.040755748748779,9.341777977923229,12.48805046081543,26.19135856628418,0.0024290529545396566,0.33710986375808716,1.1599982070127428,2612346,new_cel_4to1_chunk_8,48.687522888183594,70.7999267578125,0.999999463558197,515.4706420898438,515.4706420898438,10.587325096130371,0.02053914310441739
sign_test_og_cel0.22058823529411764__norm_spectral_radius,spectral_radius,26,1.0,0.8,1.5,0.1,3.860138416290283,5.686094668737326,12.653559684753418,29.668210983276367,0.0024290529545396566,0.33710986375808716,1.1599982070127428,2612346,new_cel_4to1_chunk_8,48.687522888183594,70.7999267578125,0.999999463558197,515.4706420898438,515.4706420898438,10.587325096130371,0.02053914310441739
sign_test_og_cel0.22058823529411764__norm_spectral_radius,spectral_radius,26,1.0,1.0,0.1,0.1,12.34489631652832,19.412637546217923,10.432907104492188,12.520610809326172,0.0024290529545396566,0.33710986375808716,1.1599982070127428,2612346,new_cel_4to1_chunk_8,48.687522888183594,70.7999267578125,0.999999463558197,515.4706420898438,515.4706420898438,10.587325096130371,0.02053914310441739
sign_test_og_cel0.22058823529411764__norm_spectral_radius,spectral_radius,26,1.0,1.0,0.5,0.1,8.890542984008789,16.008917501356564,15.781042098999023,27.801712036132812,0.0024290529545396566,0.33710986375808716,1.1599982070127428,2612346,new_cel_4to1_chunk_8,48.687522888183594,70.7999267578125,0.999999463558197,515.4706420898438,515.4706420898438,10.587325096130371,0.02053914310441739
sign_test_og_cel0.22058823529411764__norm_spectral_radius,spectral_radius,26,1.0,1.0,1.0,0.1,5.683897972106934,11.808597274066237,17.163433074951172,36.87611389160156,0.0024290529545396566,0.33710986375808716,1.1599982070127428,2612346,new_cel_4to1_chunk_8,48.687522888183594,70.7999267578125,0.999999463558197,515.4706420898438,515.4706420898438,10.587325096130371,0.02053914310441739
sign_test_og_cel0.22058823529411764__norm_spectral_radius,spectral_radius,26,1.0,1.0,1.5,0.1,4.101822376251221,7.322060261679055,17.070158004760742,40.882896423339844,0.0024290529545396566,0.33710986375808716,1.1599982070127428,2612346,new_cel_4to1_chunk_8,48.687522888183594,70.7999267578125,0.999999463558197,515.4706420898438,515.4706420898438,10.587325096130371,0.02053914310441739
sign_test_og_cel0.0__norm_spectral_radius,spectral_radius,26,1.0,0.6,0.1,0.1,5.644344806671143,8.558588862833972,3.4536192417144775,3.806675434112549,0.002205354394391179,0.6321458220481873,1.15999820542446,2612346,new_cel_4to1_chunk_8,100.5592269897461,70.7999267578125,1.0000011920928955,515.4706420898438,515.4706420898438,5.126040458679199,0.009944388296679815
sign_test_og_cel0.0__norm_spectral_radius,spectral_radius,26,1.0,0.6,0.5,0.1,5.025315284729004,10.034029941134065,4.595943927764893,6.737640857696533,0.002205354394391179,0.6321458220481873,1.15999820542446,2612346,new_cel_4to1_chunk_8,100.5592269897461,70.7999267578125,1.0000011920928955,515.4706420898438,515.4706420898438,5.126040458679199,0.009944388296679815
sign_test_og_cel0.0__norm_spectral_radius,spectral_radius,26,1.0,0.6,1.0,0.1,2.1409034729003906,4.870742670957952,4.934999942779541,8.755516052246094,0.002205354394391179,0.6321458220481873,1.15999820542446,2612346,new_cel_4to1_chunk_8,100.5592269897461,70.7999267578125,1.0000011920928955,515.4706420898438,515.4706420898438,5.126040458679199,0.009944388296679815
sign_test_og_cel0.0__norm_spectral_radius,spectral_radius,26,1.0,0.6,1.5,0.1,2.1818530559539795,5.944170345261682,4.936773777008057,9.805451393127441,0.002205354394391179,0.6321458220481873,1.15999820542446,2612346,new_cel_4to1_chunk_8,100.5592269897461,70.7999267578125,1.0000011920928955,515.4706420898438,515.4706420898438,5.126040458679199,0.009944388296679815
sign_test_og_cel0.0__norm_spectral_radius,spectral_radius,26,1.0,0.8,0.1,0.1,6.566407680511475,9.907285802152892,3.7402400970458984,4.144811630249023,0.002205354394391179,0.6321458220481873,1.15999820542446,2612346,new_cel_4to1_chunk_8,100.5592269897461,70.7999267578125,1.0000011920928955,515.4706420898438,515.4706420898438,5.126040458679199,0.009944388296679815
sign_test_og_cel0.0__norm_spectral_radius,spectral_radius,26,1.0,0.8,0.5,0.1,4.655933380126953,9.38853332116721,5.060913562774658,7.661884784698486,0.002205354394391179,0.6321458220481873,1.15999820542446,2612346,new_cel_4to1_chunk_8,100.5592269897461,70.7999267578125,1.0000011920928955,515.4706420898438,515.4706420898438,5.126040458679199,0.009944388296679815
sign_test_og_cel0.0__norm_spectral_radius,spectral_radius,26,1.0,0.8,1.0,0.1,3.316781997680664,5.919527065737839,5.542946815490723,10.242456436157227,0.002205354394391179,0.6321458220481873,1.15999820542446,2612346,new_cel_4to1_chunk_8,100.5592269897461,70.7999267578125,1.0000011920928955,515.4706420898438,515.4706420898438,5.126040458679199,0.009944388296679815
sign_test_og_cel0.0__norm_spectral_radius,spectral_radius,26,1.0,0.8,1.5,0.1,3.3846662044525146,8.143110003595766,5.604923248291016,11.658945083618164,0.002205354394391179,0.6321458220481873,1.15999820542446,2612346,new_cel_4to1_chunk_8,100.5592269897461,70.7999267578125,1.0000011920928955,515.4706420898438,515.4706420898438,5.126040458679199,0.009944388296679815
sign_test_og_cel0.0__norm_spectral_radius,spectral_radius,26,1.0,1.0,0.1,0.1,7.670339584350586,11.738907100063942,4.149980545043945,4.635547637939453,0.002205354394391179,0.6321458220481873,1.15999820542446,2612346,new_cel_4to1_chunk_8,100.5592269897461,70.7999267578125,1.0000011920928955,515.4706420898438,515.4706420898438,5.126040458679199,0.009944388296679815
sign_test_og_cel0.0__norm_spectral_radius,spectral_radius,26,1.0,1.0,0.5,0.1,5.889178276062012,11.38074761902675,5.749140739440918,8.962044715881348,0.002205354394391179,0.6321458220481873,1.15999820542446,2612346,new_cel_4to1_chunk_8,100.5592269897461,70.7999267578125,1.0000011920928955,515.4706420898438,515.4706420898438,5.126040458679199,0.009944388296679815
sign_test_og_cel0.0__norm_spectral_radius,spectral_radius,26,1.0,1.0,1.0,0.1,4.994816780090332,10.678179958052795,6.417654514312744,12.336716651916504,0.002205354394391179,0.6321458220481873,1.15999820542446,2612346,new_cel_4to1_chunk_8,100.5592269897461,70.7999267578125,1.0000011920928955,515.4706420898438,515.4706420898438,5.126040458679199,0.009944388296679815
sign_test_og_cel0.0__norm_spectral_radius,spectral_radius,26,1.0,1.0,1.5,0.1,4.056499004364014,7.796303934304017,6.548187732696533,14.22360897064209,0.002205354394391179,0.6321458220481873,1.15999820542446,2612346,new_cel_4to1_chunk_8,100.5592269897461,70.7999267578125,1.0000011920928955,515.4706420898438,515.4706420898438,5.126040458679199,0.009944388296679815
sign_test_og_cel0.1__norm_spectral_radius,spectral_radius,26,1.0,0.6,0.1,0.1,6.119609355926514,9.166798947332353,3.8699352741241455,4.245321273803711,0.002103731269016862,0.49396684765815735,1.1599982400034161,2612346,new_cel_4to1_chunk_8,82.37409973144531,70.7999267578125,0.9999997615814209,515.4706420898438,515.4706420898438,6.257678985595703,0.012139738136868064
sign_test_og_cel0.1__norm_spectral_radius,spectral_radius,26,1.0,0.6,0.5,0.1,4.743618011474609,9.450122731799638,5.336368083953857,8.046957015991211,0.002103731269016862,0.49396684765815735,1.1599982400034161,2612346,new_cel_4to1_chunk_8,82.37409973144531,70.7999267578125,0.9999997615814209,515.4706420898438,515.4706420898438,6.257678985595703,0.012139738136868064
sign_test_og_cel0.1__norm_spectral_radius,spectral_radius,26,1.0,0.6,1.0,0.1,3.2777838706970215,7.095147747411318,6.018983840942383,11.049485206604004,0.002103731269016862,0.49396684765815735,1.1599982400034161,2612346,new_cel_4to1_chunk_8,82.37409973144531,70.7999267578125,0.9999997615814209,515.4706420898438,515.4706420898438,6.257678985595703,0.012139738136868064
sign_test_og_cel0.1__norm_spectral_radius,spectral_radius,26,1.0,0.6,1.5,0.1,3.120532751083374,7.457023323289292,6.182121276855469,12.707201957702637,0.002103731269016862,0.49396684765815735,1.1599982400034161,2612346,new_cel_4to1_chunk_8,82.37409973144531,70.7999267578125,0.9999997615814209,515.4706420898438,515.4706420898438,6.257678985595703,0.012139738136868064
sign_test_og_cel0.1__norm_spectral_radius,spectral_radius,26,1.0,0.8,0.1,0.1,7.207976341247559,10.890310120010042,4.261979103088379,4.745856761932373,0.002103731269016862,0.49396684765815735,1.1599982400034161,2612346,new_cel_4to1_chunk_8,82.37409973144531,70.7999267578125,0.9999997615814209,515.4706420898438,515.4706420898438,6.257678985595703,0.012139738136868064
sign_test_og_cel0.1__norm_spectral_radius,spectral_radius,26,1.0,0.8,0.5,0.1,5.388601303100586,12.39182601260859,6.053510665893555,9.529808044433594,0.002103731269016862,0.49396684765815735,1.1599982400034161,2612346,new_cel_4to1_chunk_8,82.37409973144531,70.7999267578125,0.9999997615814209,515.4706420898438,515.4706420898438,6.257678985595703,0.012139738136868064
sign_test_og_cel0.1__norm_spectral_radius,spectral_radius,26,1.0,0.8,1.0,0.1,3.80172061920166,8.618713553758653,6.933226585388184,13.368513107299805,0.002103731269016862,0.49396684765815735,1.1599982400034161,2612346,new_cel_4to1_chunk_8,82.37409973144531,70.7999267578125,0.9999997615814209,515.4706420898438,515.4706420898438,6.257678985595703,0.012139738136868064
sign_test_og_cel0.1__norm_spectral_radius,spectral_radius,26,1.0,0.8,1.5,0.1,2.5857436656951904,6.369960770991564,7.169205188751221,15.52851676940918,0.002103731269016862,0.49396684765815735,1.1599982400034161,2612346,new_cel_4to1_chunk_8,82.37409973144531,70.7999267578125,0.9999997615814209,515.4706420898438,515.4706420898438,6.257678985595703,0.012139738136868064
sign_test_og_cel0.1__norm_spectral_radius,spectral_radius,26,1.0,1.0,0.1,0.1,8.525935173034668,13.151392570458825,4.898963928222656,5.548531532287598,0.002103731269016862,0.49396684765815735,1.1599982400034161,2612346,new_cel_4to1_chunk_8,82.37409973144531,70.7999267578125,0.9999997615814209,515.4706420898438,515.4706420898438,6.257678985595703,0.012139738136868064
sign_test_og_cel0.1__norm_spectral_radius,spectral_radius,26,1.0,1.0,0.5,0.1,6.890641689300537,13.04718786332947,7.18415641784668,11.792781829833984,0.002103731269016862,0.49396684765815735,1.1599982400034161,2612346,new_cel_4to1_chunk_8,82.37409973144531,70.7999267578125,0.9999997615814209,515.4706420898438,515.4706420898438,6.257678985595703,0.012139738136868064
sign_test_og_cel0.1__norm_spectral_radius,spectral_radius,26,1.0,1.0,1.0,0.1,5.019276142120361,10.569703585305163,8.303604125976562,16.83768653869629,0.002103731269016862,0.49396684765815735,1.1599982400034161,2612346,new_cel_4to1_chunk_8,82.37409973144531,70.7999267578125,0.9999997615814209,515.4706420898438,515.4706420898438,6.257678985595703,0.012139738136868064
sign_test_og_cel0.1__norm_spectral_radius,spectral_radius,26,1.0,1.0,1.5,0.1,3.4271726608276367,6.468495685548646,8.599900245666504,19.593252182006836,0.002103731269016862,0.49396684765815735,1.1599982400034161,2612346,new_cel_4to1_chunk_8,82.37409973144531,70.7999267578125,0.9999997615814209,515.4706420898438,515.4706420898438,6.257678985595703,0.012139738136868064
sign_test_og_cel0.2__norm_spectral_radius,spectral_radius,26,1.0,0.6,0.1,0.1,8.346423149108887,12.834881276025612,5.800415992736816,6.6197896003723145,0.002521747723221779,0.3594072461128235,1.1599982601583028,2612346,new_cel_4to1_chunk_8,49.99980926513672,70.7999267578125,1.000002145767212,515.4706420898438,515.4706420898438,10.309452056884766,0.020000076294236353
sign_test_og_cel0.2__norm_spectral_radius,spectral_radius,26,1.0,0.6,0.5,0.1,6.5454630851745605,15.281193410348294,9.394999504089355,15.231876373291016,0.002521747723221779,0.3594072461128235,1.1599982601583028,2612346,new_cel_4to1_chunk_8,49.99980926513672,70.7999267578125,1.000002145767212,515.4706420898438,515.4706420898438,10.309452056884766,0.020000076294236353
sign_test_og_cel0.2__norm_spectral_radius,spectral_radius,26,1.0,0.6,1.0,0.1,4.433561325073242,10.429560210978268,10.540432929992676,21.02962303161621,0.002521747723221779,0.3594072461128235,1.1599982601583028,2612346,new_cel_4to1_chunk_8,49.99980926513672,70.7999267578125,1.000002145767212,515.4706420898438,515.4706420898438,10.309452056884766,0.020000076294236353
sign_test_og_cel0.2__norm_spectral_radius,spectral_radius,26,1.0,0.6,1.5,0.1,3.0582613945007324,7.0160655709349555,10.725138664245605,23.81189727783203,0.002521747723221779,0.3594072461128235,1.1599982601583028,2612346,new_cel_4to1_chunk_8,49.99980926513672,70.7999267578125,1.000002145767212,515.4706420898438,515.4706420898438,10.309452056884766,0.020000076294236353
sign_test_og_cel0.2__norm_spectral_radius,spectral_radius,26,1.0,0.8,0.1,0.1,10.026483535766602,16.014986572757152,7.087958812713623,8.2821044921875,0.002521747723221779,0.3594072461128235,1.1599982601583028,2612346,new_cel_4to1_chunk_8,49.99980926513672,70.7999267578125,1.000002145767212,515.4706420898438,515.4706420898438,10.309452056884766,0.020000076294236353
sign_test_og_cel0.2__norm_spectral_radius,spectral_radius,26,1.0,0.8,0.5,0.1,6.9305219650268555,13.704893780041544,11.7360200881958,20.244020462036133,0.002521747723221779,0.3594072461128235,1.1599982601583028,2612346,new_cel_4to1_chunk_8,49.99980926513672,70.7999267578125,1.000002145767212,515.4706420898438,515.4706420898438,10.309452056884766,0.020000076294236353
sign_test_og_cel0.2__norm_spectral_radius,spectral_radius,26,1.0,0.8,1.0,0.1,4.729918003082275,9.215962861310345,13.244383811950684,27.724281311035156,0.002521747723221779,0.3594072461128235,1.1599982601583028,2612346,new_cel_4to1_chunk_8,49.99980926513672,70.7999267578125,1.000002145767212,515.4706420898438,515.4706420898438,10.309452056884766,0.020000076294236353
sign_test_og_cel0.2__norm_spectral_radius,spectral_radius,26,1.0,0.8,1.5,0.1,3.2409143447875977,6.063132941687414,13.456914901733398,31.26619529724121,0.002521747723221779,0.3594072461128235,1.1599982601583028,2612346,new_cel_4to1_chunk_8,49.99980926513672,70.7999267578125,1.000002145767212,515.4706420898438,515.4706420898438,10.309452056884766,0.020000076294236353
sign_test_og_cel0.2__norm_spectral_radius,spectral_radius,26,1.0,1.0,0.1,0.1,12.075769424438477,19.86306855640794,10.052578926086426,12.254222869873047,0.002521747723221779,0.3594072461128235,1.1599982601583028,2612346,new_cel_4to1_chunk_8,49.99980926513672,70.7999267578125,1.000002145767212,515.4706420898438,515.4706420898438,10.309452056884766,0.020000076294236353
sign_test_og_cel0.2__norm_spectral_radius,spectral_radius,26,1.0,1.0,0.5,0.1,8.41500473022461,16.900237766529244,16.223472595214844,28.993249893188477,0.002521747723221779,0.3594072461128235,1.1599982601583028,2612346,new_cel_4to1_chunk_8,49.99980926513672,70.7999267578125,1.000002145767212,515.4706420898438,515.4706420898438,10.309452056884766,0.020000076294236353
sign_test_og_cel0.2__norm_spectral_radius,spectral_radius,26,1.0,1.0,1.0,0.1,6.56544303894043,10.153486459555925,17.743499755859375,38.20734405517578,0.002521747723221779,0.3594072461128235,1.1599982601583028,2612346,new_cel_4to1_chunk_8,49.99980926513672,70.7999267578125,1.000002145767212,515.4706420898438,515.4706420898438,10.309452056884766,0.020000076294236353
sign_test_og_cel0.2__norm_spectral_radius,spectral_radius,26,1.0,1.0,1.5,0.1,5.216083526611328,11.148526716547302,17.7017822265625,42.22969055175781,0.002521747723221779,0.3594072461128235,1.1599982601583028,2612346,new_cel_4to1_chunk_8,49.99980926513672,70.7999267578125,1.000002145767212,515.4706420898438,515.4706420898438,10.309452056884766,0.020000076294236353
sign_test_og_cel0.3__norm_spectral_radius,spectral_radius,26,1.0,0.6,0.1,0.1,9.161252975463867,14.89307885459948,6.230546951293945,7.196713447570801,0.0019777906127274036,0.23816145956516266,1.1599982308111247,2612346,new_cel_4to1_chunk_8,42.244895935058594,70.7999267578125,1.0000005960464478,515.4706420898438,515.4706420898438,12.2019624710083,0.023671498718738956
sign_test_og_cel0.3__norm_spectral_radius,spectral_radius,26,1.0,0.6,0.5,0.1,7.581097602844238,17.438403173356107,9.825782775878906,16.490488052368164,0.0019777906127274036,0.23816145956516266,1.1599982308111247,2612346,new_cel_4to1_chunk_8,42.244895935058594,70.7999267578125,1.0000005960464478,515.4706420898438,515.4706420898438,12.2019624710083,0.023671498718738956
sign_test_og_cel0.3__norm_spectral_radius,spectral_radius,26,1.0,0.6,1.0,0.1,4.152882099151611,7.832179787416512,10.744194984436035,22.55242919921875,0.0019777906127274036,0.23816145956516266,1.1599982308111247,2612346,new_cel_4to1_chunk_8,42.244895935058594,70.7999267578125,1.0000005960464478,515.4706420898438,515.4706420898438,12.2019624710083,0.023671498718738956
sign_test_og_cel0.3__norm_spectral_radius,spectral_radius,26,1.0,0.6,1.5,0.1,2.363596200942993,5.927266528627911,10.936661720275879,25.900943756103516,0.0019777906127274036,0.23816145956516266,1.1599982308111247,2612346,new_cel_4to1_chunk_8,42.244895935058594,70.7999267578125,1.0000005960464478,515.4706420898438,515.4706420898438,12.2019624710083,0.023671498718738956
sign_test_og_cel0.3__norm_spectral_radius,spectral_radius,26,1.0,0.8,0.1,0.1,11.045632362365723,18.197988924137974,7.949141025543213,9.559354782104492,0.0019777906127274036,0.23816145956516266,1.1599982308111247,2612346,new_cel_4to1_chunk_8,42.244895935058594,70.7999267578125,1.0000005960464478,515.4706420898438,515.4706420898438,12.2019624710083,0.023671498718738956
sign_test_og_cel0.3__norm_spectral_radius,spectral_radius,26,1.0,0.8,0.5,0.1,8.429941177368164,18.186279176026574,12.859975814819336,22.643369674682617,0.0019777906127274036,0.23816145956516266,1.1599982308111247,2612346,new_cel_4to1_chunk_8,42.244895935058594,70.7999267578125,1.0000005960464478,515.4706420898438,515.4706420898438,12.2019624710083,0.023671498718738956
sign_test_og_cel0.3__norm_spectral_radius,spectral_radius,26,1.0,0.8,1.0,0.1,5.126547813415527,10.522857312867927,14.302796363830566,31.01999855041504,0.0019777906127274036,0.23816145956516266,1.1599982308111247,2612346,new_cel_4to1_chunk_8,42.244895935058594,70.7999267578125,1.0000005960464478,515.4706420898438,515.4706420898438,12.2019624710083,0.023671498718738956
sign_test_og_cel0.3__norm_spectral_radius,spectral_radius,26,1.0,0.8,1.5,0.1,4.72103214263916,8.406698916635719,14.475085258483887,35.08329772949219,0.0019777906127274036,0.23816145956516266,1.1599982308111247,2612346,new_cel_4to1_chunk_8,42.244895935058594,70.7999267578125,1.0000005960464478,515.4706420898438,515.4706420898438,12.2019624710083,0.023671498718738956
sign_test_og_cel0.3__norm_spectral_radius,spectral_radius,26,1.0,1.0,0.1,0.1,13.831275939941406,21.949360103158824,11.759720802307129,14.761093139648438,0.0019777906127274036,0.23816145956516266,1.1599982308111247,2612346,new_cel_4to1_chunk_8,42.244895935058594,70.7999267578125,1.0000005960464478,515.4706420898438,515.4706420898438,12.2019624710083,0.023671498718738956
sign_test_og_cel0.3__norm_spectral_radius,spectral_radius,26,1.0,1.0,0.5,0.1,9.499106407165527,19.144118708758356,18.935195922851562,34.06734848022461,0.0019777906127274036,0.23816145956516266,1.1599982308111247,2612346,new_cel_4to1_chunk_8,42.244895935058594,70.7999267578125,1.0000005960464478,515.4706420898438,515.4706420898438,12.2019624710083,0.023671498718738956
sign_test_og_cel0.3__norm_spectral_radius,spectral_radius,26,1.0,1.0,1.0,0.1,6.8422675132751465,13.915789871452745,20.600223541259766,44.524559020996094,0.0019777906127274036,0.23816145956516266,1.1599982308111247,2612346,new_cel_4to1_chunk_8,42.244895935058594,70.7999267578125,1.0000005960464478,515.4706420898438,515.4706420898438,12.2019624710083,0.023671498718738956
sign_test_og_cel0.3__norm_spectral_radius,spectral_radius,26,1.0,1.0,1.5,0.1,5.243681907653809,10.391070115968432,20.45766830444336,49.09210205078125,0.0019777906127274036,0.23816145956516266,1.1599982308111247,2612346,new_cel_4to1_chunk_8,42.244895935058594,70.7999267578125,1.0000005960464478,515.4706420898438,515.4706420898438,12.2019624710083,0.023671498718738956
sign_test_og_cel0.4__norm_spectral_radius,spectral_radius,26,1.0,0.6,0.1,0.1,8.450078964233398,13.961307859505354,5.050729274749756,5.674338340759277,0.0008168176864273846,0.11756190657615662,1.159998288300431,2612346,new_cel_4to1_chunk_8,50.492244720458984,70.7999267578125,1.0000007152557373,515.4706420898438,515.4706420898438,10.208907127380371,0.019805021653054165
sign_test_og_cel0.4__norm_spectral_radius,spectral_radius,26,1.0,0.6,0.5,0.1,6.2939372062683105,14.069442144108734,7.382184982299805,11.922844886779785,0.0008168176864273846,0.11756190657615662,1.159998288300431,2612346,new_cel_4to1_chunk_8,50.492244720458984,70.7999267578125,1.0000007152557373,515.4706420898438,515.4706420898438,10.208907127380371,0.019805021653054165
sign_test_og_cel0.4__norm_spectral_radius,spectral_radius,26,1.0,0.6,1.0,0.1,4.335332870483398,9.334648093163818,8.314922332763672,16.859256744384766,0.0008168176864273846,0.11756190657615662,1.159998288300431,2612346,new_cel_4to1_chunk_8,50.492244720458984,70.7999267578125,1.0000007152557373,515.4706420898438,515.4706420898438,10.208907127380371,0.019805021653054165
sign_test_og_cel0.4__norm_spectral_radius,spectral_radius,26,1.0,0.6,1.5,0.1,3.5737557411193848,7.579992482072523,8.611299514770508,19.676897048950195,0.0008168176864273846,0.11756190657615662,1.159998288300431,2612346,new_cel_4to1_chunk_8,50.492244720458984,70.7999267578125,1.0000007152557373,515.4706420898438,515.4706420898438,10.208907127380371,0.019805021653054165
sign_test_og_cel0.4__norm_spectral_radius,spectral_radius,26,1.0,0.8,0.1,0.1,10.159600257873535,16.648300322555883,6.266816139221191,7.173524856567383,0.0008168176864273846,0.11756190657615662,1.159998288300431,2612346,new_cel_4to1_chunk_8,50.492244720458984,70.7999267578125,1.0000007152557373,515.4706420898438,515.4706420898438,10.208907127380371,0.019805021653054165
sign_test_og_cel0.4__norm_spectral_radius,spectral_radius,26,1.0,0.8,0.5,0.1,6.727183818817139,13.143077926919226,9.434548377990723,15.951006889343262,0.0008168176864273846,0.11756190657615662,1.159998288300431,2612346,new_cel_4to1_chunk_8,50.492244720458984,70.7999267578125,1.0000007152557373,515.4706420898438,515.4706420898438,10.208907127380371,0.019805021653054165
sign_test_og_cel0.4__norm_spectral_radius,spectral_radius,26,1.0,0.8,1.0,0.1,5.650601863861084,12.153846080416201,10.699737548828125,22.557538986206055,0.0008168176864273846,0.11756190657615662,1.159998288300431,2612346,new_cel_4to1_chunk_8,50.492244720458984,70.7999267578125,1.0000007152557373,515.4706420898438,515.4706420898438,10.208907127380371,0.019805021653054165
sign_test_og_cel0.4__norm_spectral_radius,spectral_radius,26,1.0,0.8,1.5,0.1,3.310249090194702,7.216880021381741,11.030994415283203,26.062999725341797,0.0008168176864273846,0.11756190657615662,1.159998288300431,2612346,new_cel_4to1_chunk_8,50.492244720458984,70.7999267578125,1.0000007152557373,515.4706420898438,515.4706420898438,10.208907127380371,0.019805021653054165
sign_test_og_cel0.4__norm_spectral_radius,spectral_radius,26,1.0,1.0,0.1,0.1,11.940919876098633,18.560413121786155,9.560032844543457,11.309250831604004,0.0008168176864273846,0.11756190657615662,1.159998288300431,2612346,new_cel_4to1_chunk_8,50.492244720458984,70.7999267578125,1.0000007152557373,515.4706420898438,515.4706420898438,10.208907127380371,0.019805021653054165
sign_test_og_cel0.4__norm_spectral_radius,spectral_radius,26,1.0,1.0,0.5,0.1,7.15073299407959,15.54400654612806,13.859552383422852,24.116416931152344,0.0008168176864273846,0.11756190657615662,1.159998288300431,2612346,new_cel_4to1_chunk_8,50.492244720458984,70.7999267578125,1.0000007152557373,515.4706420898438,515.4706420898438,10.208907127380371,0.019805021653054165
sign_test_og_cel0.4__norm_spectral_radius,spectral_radius,26,1.0,1.0,1.0,0.1,5.953921794891357,13.8736151916915,15.148810386657715,32.35233688354492,0.0008168176864273846,0.11756190657615662,1.159998288300431,2612346,new_cel_4to1_chunk_8,50.492244720458984,70.7999267578125,1.0000007152557373,515.4706420898438,515.4706420898438,10.208907127380371,0.019805021653054165
sign_test_og_cel0.4__norm_spectral_radius,spectral_radius,26,1.0,1.0,1.5,0.1,4.438108921051025,9.624234514207545,15.261502265930176,36.447593688964844,0.0008168176864273846,0.11756190657615662,1.159998288300431,2612346,new_cel_4to1_chunk_8,50.492244720458984,70.7999267578125,1.0000007152557373,515.4706420898438,515.4706420898438,10.208907127380371,0.019805021653054165
sign_test_og_cel0.5__norm_spectral_radius,spectral_radius,26,1.0,0.6,0.1,0.1,9.240732192993164,14.219617791661818,6.324325084686279,7.082300662994385,-0.00010456859308760613,-0.013766180723905563,1.1599981154461418,2612346,new_cel_4to1_chunk_8,46.18441390991211,70.7999267578125,0.9999984502792358,515.4706420898438,515.4706420898438,11.161138534545898,0.02165232630104633
sign_test_og_cel0.5__norm_spectral_radius,spectral_radius,26,1.0,0.6,0.5,0.1,7.434471130371094,17.16008306541795,8.866837501525879,14.598068237304688,-0.00010456859308760613,-0.013766180723905563,1.1599981154461418,2612346,new_cel_4to1_chunk_8,46.18441390991211,70.7999267578125,0.9999984502792358,515.4706420898438,515.4706420898438,11.161138534545898,0.02165232630104633
sign_test_og_cel0.5__norm_spectral_radius,spectral_radius,26,1.0,0.6,1.0,0.1,4.025017738342285,8.863799540426044,9.909008026123047,20.610000610351562,-0.00010456859308760613,-0.013766180723905563,1.1599981154461418,2612346,new_cel_4to1_chunk_8,46.18441390991211,70.7999267578125,0.9999984502792358,515.4706420898438,515.4706420898438,11.161138534545898,0.02165232630104633
sign_test_og_cel0.5__norm_spectral_radius,spectral_radius,26,1.0,0.6,1.5,0.1,3.2832980155944824,5.660677878921625,10.18839168548584,23.937517166137695,-0.00010456859308760613,-0.013766180723905563,1.1599981154461418,2612346,new_cel_4to1_chunk_8,46.18441390991211,70.7999267578125,0.9999984502792358,515.4706420898438,515.4706420898438,11.161138534545898,0.02165232630104633
sign_test_og_cel0.5__norm_spectral_radius,spectral_radius,26,1.0,0.8,0.1,0.1,11.505497932434082,17.509644464186294,7.872635841369629,9.08565902709961,-0.00010456859308760613,-0.013766180723905563,1.1599981154461418,2612346,new_cel_4to1_chunk_8,46.18441390991211,70.7999267578125,0.9999984502792358,515.4706420898438,515.4706420898438,11.161138534545898,0.02165232630104633
sign_test_og_cel0.5__norm_spectral_radius,spectral_radius,26,1.0,0.8,0.5,0.1,7.818039894104004,17.708689664393546,11.417258262634277,19.84081268310547,-0.00010456859308760613,-0.013766180723905563,1.1599981154461418,2612346,new_cel_4to1_chunk_8,46.18441390991211,70.7999267578125,0.9999984502792358,515.4706420898438,515.4706420898438,11.161138534545898,0.02165232630104633
sign_test_og_cel0.5__norm_spectral_radius,spectral_radius,26,1.0,0.8,1.0,0.1,5.268189907073975,10.400413225074665,12.8561372756958,27.67666244506836,-0.00010456859308760613,-0.013766180723905563,1.1599981154461418,2612346,new_cel_4to1_chunk_8,46.18441390991211,70.7999267578125,0.9999984502792358,515.4706420898438,515.4706420898438,11.161138534545898,0.02165232630104633
sign_test_og_cel0.5__norm_spectral_radius,spectral_radius,26,1.0,0.8,1.5,0.1,4.295479774475098,6.931594821858084,13.135880470275879,31.687894821166992,-0.00010456859308760613,-0.013766180723905563,1.1599981154461418,2612346,new_cel_4to1_chunk_8,46.18441390991211,70.7999267578125,0.9999984502792358,515.4706420898438,515.4706420898438,11.161138534545898,0.02165232630104633
sign_test_og_cel0.5__norm_spectral_radius,spectral_radius,26,1.0,1.0,0.1,0.1,13.420365333557129,20.592966212501665,11.87006664276123,14.455233573913574,-0.00010456859308760613,-0.013766180723905563,1.1599981154461418,2612346,new_cel_4to1_chunk_8,46.18441390991211,70.7999267578125,0.9999984502792358,515.4706420898438,515.4706420898438,11.161138534545898,0.02165232630104633
sign_test_og_cel0.5__norm_spectral_radius,spectral_radius,26,1.0,1.0,0.5,0.1,6.6143293380737305,13.84510443463995,16.80246353149414,29.999879837036133,-0.00010456859308760613,-0.013766180723905563,1.1599981154461418,2612346,new_cel_4to1_chunk_8,46.18441390991211,70.7999267578125,0.9999984502792358,515.4706420898438,515.4706420898438,11.161138534545898,0.02165232630104633
sign_test_og_cel0.5__norm_spectral_radius,spectral_radius,26,1.0,1.0,1.0,0.1,5.788975238800049,12.286248337053621,18.24039077758789,39.4061164855957,-0.00010456859308760613,-0.013766180723905563,1.1599981154461418,2612346,new_cel_4to1_chunk_8,46.18441390991211,70.7999267578125,0.9999984502792358,515.4706420898438,515.4706420898438,11.161138534545898,0.02165232630104633
sign_test_og_cel0.5__norm_spectral_radius,spectral_radius,26,1.0,1.0,1.5,0.1,5.029494285583496,9.124483336771718,18.174936294555664,43.69292449951172,-0.00010456859308760613,-0.013766180723905563,1.1599981154461418,2612346,new_cel_4to1_chunk_8,46.18441390991211,70.7999267578125,0.9999984502792358,515.4706420898438,515.4706420898438,11.161138534545898,0.02165232630104633
sign_test_og_cel0.6__norm_spectral_radius,spectral_radius,26,1.0,0.6,0.1,0.1,8.358609199523926,14.940535204617703,5.043050289154053,5.876230716705322,-0.0011638024589046836,-0.15239746868610382,1.1599981984071521,2612346,new_cel_4to1_chunk_8,45.93901062011719,70.7999267578125,0.9999982118606567,515.4706420898438,515.4706420898438,11.2207612991333,0.021767991658969015
sign_test_og_cel0.6__norm_spectral_radius,spectral_radius,26,1.0,0.6,0.5,0.1,6.783921241760254,17.775336867063743,8.309198379516602,14.027753829956055,-0.0011638024589046836,-0.15239746868610382,1.1599981984071521,2612346,new_cel_4to1_chunk_8,45.93901062011719,70.7999267578125,0.9999982118606567,515.4706420898438,515.4706420898438,11.2207612991333,0.021767991658969015
sign_test_og_cel0.6__norm_spectral_radius,spectral_radius,26,1.0,0.6,1.0,0.1,4.052553653717041,8.865186396192541,9.571913719177246,19.813922882080078,-0.0011638024589046836,-0.15239746868610382,1.1599981984071521,2612346,new_cel_4to1_chunk_8,45.93901062011719,70.7999267578125,0.9999982118606567,515.4706420898438,515.4706420898438,11.2207612991333,0.021767991658969015
sign_test_og_cel0.6__norm_spectral_radius,spectral_radius,26,1.0,0.6,1.5,0.1,2.638885974884033,6.1626079531843345,10.146097183227539,23.37059783935547,-0.0011638024589046836,-0.15239746868610382,1.1599981984071521,2612346,new_cel_4to1_chunk_8,45.93901062011719,70.7999267578125,0.9999982118606567,515.4706420898438,515.4706420898438,11.2207612991333,0.021767991658969015
sign_test_og_cel0.6__norm_spectral_radius,spectral_radius,26,1.0,0.8,0.1,0.1,9.701299667358398,17.74587268540455,6.679887771606445,8.038146018981934,-0.0011638024589046836,-0.15239746868610382,1.1599981984071521,2612346,new_cel_4to1_chunk_8,45.93901062011719,70.7999267578125,0.9999982118606567,515.4706420898438,515.4706420898438,11.2207612991333,0.021767991658969015
sign_test_og_cel0.6__norm_spectral_radius,spectral_radius,26,1.0,0.8,0.5,0.1,7.519915580749512,15.989311411498534,11.100543022155762,19.46440887451172,-0.0011638024589046836,-0.15239746868610382,1.1599981984071521,2612346,new_cel_4to1_chunk_8,45.93901062011719,70.7999267578125,0.9999982118606567,515.4706420898438,515.4706420898438,11.2207612991333,0.021767991658969015
sign_test_og_cel0.6__norm_spectral_radius,spectral_radius,26,1.0,0.8,1.0,0.1,5.539999485015869,11.324670099262026,12.737069129943848,27.441267013549805,-0.0011638024589046836,-0.15239746868610382,1.1599981984071521,2612346,new_cel_4to1_chunk_8,45.93901062011719,70.7999267578125,0.9999982118606567,515.4706420898438,515.4706420898438,11.2207612991333,0.021767991658969015
sign_test_og_cel0.6__norm_spectral_radius,spectral_radius,26,1.0,0.8,1.5,0.1,3.8413262367248535,5.642870885860077,13.234636306762695,31.654239654541016,-0.0011638024589046836,-0.15239746868610382,1.1599981984071521,2612346,new_cel_4to1_chunk_8,45.93901062011719,70.7999267578125,0.9999982118606567,515.4706420898438,515.4706420898438,11.2207612991333,0.021767991658969015
sign_test_og_cel0.6__norm_spectral_radius,spectral_radius,26,1.0,1.0,0.1,0.1,11.779293060302734,20.20799279898,11.325987815856934,14.27879524230957,-0.0011638024589046836,-0.15239746868610382,1.1599981984071521,2612346,new_cel_4to1_chunk_8,45.93901062011719,70.7999267578125,0.9999982118606567,515.4706420898438,515.4706420898438,11.2207612991333,0.021767991658969015
sign_test_og_cel0.6__norm_spectral_radius,spectral_radius,26,1.0,1.0,0.5,0.1,8.24049186706543,17.605658030657565,16.85088348388672,30.573745727539062,-0.0011638024589046836,-0.15239746868610382,1.1599981984071521,2612346,new_cel_4to1_chunk_8,45.93901062011719,70.7999267578125,0.9999982118606567,515.4706420898438,515.4706420898438,11.2207612991333,0.021767991658969015
sign_test_og_cel0.6__norm_spectral_radius,spectral_radius,26,1.0,1.0,1.0,0.1,6.602075576782227,11.153408314906173,18.436336517333984,40.00046920776367,-0.0011638024589046836,-0.15239746868610382,1.1599981984071521,2612346,new_cel_4to1_chunk_8,45.93901062011719,70.7999267578125,0.9999982118606567,515.4706420898438,515.4706420898438,11.2207612991333,0.021767991658969015
sign_test_og_cel0.6__norm_spectral_radius,spectral_radius,26,1.0,1.0,1.5,0.1,3.523639678955078,7.544829428415957,18.486295700073242,44.40438461303711,-0.0011638024589046836,-0.15239746868610382,1.1599981984071521,2612346,new_cel_4to1_chunk_8,45.93901062011719,70.7999267578125,0.9999982118606567,515.4706420898438,515.4706420898438,11.2207612991333,0.021767991658969015
sign_test_og_cel0.7__norm_spectral_radius,spectral_radius,26,1.0,0.6,0.1,0.1,8.358665466308594,14.100153676920314,4.449612617492676,5.067575931549072,-0.001852227607741952,-0.27189815044403076,1.1599983100414513,2612346,new_cel_4to1_chunk_8,51.49858093261719,70.7999267578125,0.9999990463256836,515.4706420898438,515.4706420898438,10.009414672851562,0.019418010785742623
sign_test_og_cel0.7__norm_spectral_radius,spectral_radius,26,1.0,0.6,0.5,0.1,5.768651485443115,14.813370481008317,6.9518208503723145,11.323650360107422,-0.001852227607741952,-0.27189815044403076,1.1599983100414513,2612346,new_cel_4to1_chunk_8,51.49858093261719,70.7999267578125,0.9999990463256836,515.4706420898438,515.4706420898438,10.009414672851562,0.019418010785742623
sign_test_og_cel0.7__norm_spectral_radius,spectral_radius,26,1.0,0.6,1.0,0.1,3.6935226917266846,7.655380643815704,8.242352485656738,16.582590103149414,-0.001852227607741952,-0.27189815044403076,1.1599983100414513,2612346,new_cel_4to1_chunk_8,51.49858093261719,70.7999267578125,0.9999990463256836,515.4706420898438,515.4706420898438,10.009414672851562,0.019418010785742623
sign_test_og_cel0.7__norm_spectral_radius,spectral_radius,26,1.0,0.6,1.5,0.1,2.9654078483581543,6.904425249602468,8.73549747467041,19.712568283081055,-0.001852227607741952,-0.27189815044403076,1.1599983100414513,2612346,new_cel_4to1_chunk_8,51.49858093261719,70.7999267578125,0.9999990463256836,515.4706420898438,515.4706420898438,10.009414672851562,0.019418010785742623
sign_test_og_cel0.7__norm_spectral_radius,spectral_radius,26,1.0,0.8,0.1,0.1,9.834854125976562,17.00402966726341,5.61910343170166,6.555481910705566,-0.001852227607741952,-0.27189815044403076,1.1599983100414513,2612346,new_cel_4to1_chunk_8,51.49858093261719,70.7999267578125,0.9999990463256836,515.4706420898438,515.4706420898438,10.009414672851562,0.019418010785742623
sign_test_og_cel0.7__norm_spectral_radius,spectral_radius,26,1.0,0.8,0.5,0.1,7.450260639190674,16.327131822639558,8.994007110595703,15.377995491027832,-0.001852227607741952,-0.27189815044403076,1.1599983100414513,2612346,new_cel_4to1_chunk_8,51.49858093261719,70.7999267578125,0.9999990463256836,515.4706420898438,515.4706420898438,10.009414672851562,0.019418010785742623
sign_test_og_cel0.7__norm_spectral_radius,spectral_radius,26,1.0,0.8,1.0,0.1,4.676852703094482,11.80221757759438,10.596327781677246,22.386472702026367,-0.001852227607741952,-0.27189815044403076,1.1599983100414513,2612346,new_cel_4to1_chunk_8,51.49858093261719,70.7999267578125,0.9999990463256836,515.4706420898438,515.4706420898438,10.009414672851562,0.019418010785742623
sign_test_og_cel0.7__norm_spectral_radius,spectral_radius,26,1.0,0.8,1.5,0.1,3.8007888793945312,8.57190888974849,11.092622756958008,26.184856414794922,-0.001852227607741952,-0.27189815044403076,1.1599983100414513,2612346,new_cel_4to1_chunk_8,51.49858093261719,70.7999267578125,0.9999990463256836,515.4706420898438,515.4706420898438,10.009414672851562,0.019418010785742623
sign_test_og_cel0.7__norm_spectral_radius,spectral_radius,26,1.0,1.0,0.1,0.1,11.598555564880371,18.646074848432164,8.960756301879883,10.787967681884766,-0.001852227607741952,-0.27189815044403076,1.1599983100414513,2612346,new_cel_4to1_chunk_8,51.49858093261719,70.7999267578125,0.9999990463256836,515.4706420898438,515.4706420898438,10.009414672851562,0.019418010785742623
sign_test_og_cel0.7__norm_spectral_radius,spectral_radius,26,1.0,1.0,0.5,0.1,7.7471113204956055,16.5958145039275,13.169816017150879,23.276538848876953,-0.001852227607741952,-0.27189815044403076,1.1599983100414513,2612346,new_cel_4to1_chunk_8,51.49858093261719,70.7999267578125,0.9999990463256836,515.4706420898438,515.4706420898438,10.009414672851562,0.019418010785742623
sign_test_og_cel0.7__norm_spectral_radius,spectral_radius,26,1.0,1.0,1.0,0.1,6.107994556427002,11.990314151976236,14.813455581665039,31.894224166870117,-0.001852227607741952,-0.27189815044403076,1.1599983100414513,2612346,new_cel_4to1_chunk_8,51.49858093261719,70.7999267578125,0.9999990463256836,515.4706420898438,515.4706420898438,10.009414672851562,0.019418010785742623
sign_test_og_cel0.7__norm_spectral_radius,spectral_radius,26,1.0,1.0,1.5,0.1,4.815057754516602,9.377133399836225,15.05363655090332,36.11366653442383,-0.001852227607741952,-0.27189815044403076,1.1599983100414513,2612346,new_cel_4to1_chunk_8,51.49858093261719,70.7999267578125,0.9999990463256836,515.4706420898438,515.4706420898438,10.009414672851562,0.019418010785742623
sign_test_og_cel0.8__norm_spectral_radius,spectral_radius,26,1.0,0.6,0.1,0.1,6.057211875915527,9.926936558137157,2.3877785205841064,2.5798232555389404,-0.001665388816036284,-0.39805594086647034,1.1599982177859212,2612346,new_cel_4to1_chunk_8,83.8516616821289,70.7999267578125,1.0000001192092896,515.4706420898438,515.4706420898438,6.147411346435547,0.011925822099875303
sign_test_og_cel0.8__norm_spectral_radius,spectral_radius,26,1.0,0.6,0.5,0.1,5.313222885131836,11.979967769860679,3.2795634269714355,4.887338161468506,-0.001665388816036284,-0.39805594086647034,1.1599982177859212,2612346,new_cel_4to1_chunk_8,83.8516616821289,70.7999267578125,1.0000001192092896,515.4706420898438,515.4706420898438,6.147411346435547,0.011925822099875303
sign_test_og_cel0.8__norm_spectral_radius,spectral_radius,26,1.0,0.6,1.0,0.1,4.372259616851807,10.582414993044466,3.9826600551605225,7.314302444458008,-0.001665388816036284,-0.39805594086647034,1.1599982177859212,2612346,new_cel_4to1_chunk_8,83.8516616821289,70.7999267578125,1.0000001192092896,515.4706420898438,515.4706420898438,6.147411346435547,0.011925822099875303
sign_test_og_cel0.8__norm_spectral_radius,spectral_radius,26,1.0,0.6,1.5,0.1,3.4052112102508545,7.872480420170225,4.308986663818359,8.85222053527832,-0.001665388816036284,-0.39805594086647034,1.1599982177859212,2612346,new_cel_4to1_chunk_8,83.8516616821289,70.7999267578125,1.0000001192092896,515.4706420898438,515.4706420898438,6.147411346435547,0.011925822099875303
sign_test_og_cel0.8__norm_spectral_radius,spectral_radius,26,1.0,0.8,0.1,0.1,7.187021255493164,11.8856305631367,2.7252018451690674,2.9623985290527344,-0.001665388816036284,-0.39805594086647034,1.1599982177859212,2612346,new_cel_4to1_chunk_8,83.8516616821289,70.7999267578125,1.0000001192092896,515.4706420898438,515.4706420898438,6.147411346435547,0.011925822099875303
sign_test_og_cel0.8__norm_spectral_radius,spectral_radius,26,1.0,0.8,0.5,0.1,5.779268741607666,14.110221856268481,3.8443212509155273,5.907211780548096,-0.001665388816036284,-0.39805594086647034,1.1599982177859212,2612346,new_cel_4to1_chunk_8,83.8516616821289,70.7999267578125,1.0000001192092896,515.4706420898438,515.4706420898438,6.147411346435547,0.011925822099875303
sign_test_og_cel0.8__norm_spectral_radius,spectral_radius,26,1.0,0.8,1.0,0.1,3.0960288047790527,8.058076630931227,4.6863694190979,8.992019653320312,-0.001665388816036284,-0.39805594086647034,1.1599982177859212,2612346,new_cel_4to1_chunk_8,83.8516616821289,70.7999267578125,1.0000001192092896,515.4706420898438,515.4706420898438,6.147411346435547,0.011925822099875303
sign_test_og_cel0.8__norm_spectral_radius,spectral_radius,26,1.0,0.8,1.5,0.1,4.016913890838623,9.371144126335821,5.050565242767334,10.90487289428711,-0.001665388816036284,-0.39805594086647034,1.1599982177859212,2612346,new_cel_4to1_chunk_8,83.8516616821289,70.7999267578125,1.0000001192092896,515.4706420898438,515.4706420898438,6.147411346435547,0.011925822099875303
sign_test_og_cel0.8__norm_spectral_radius,spectral_radius,26,1.0,1.0,0.1,0.1,8.324896812438965,13.012749400773828,4.000104904174805,4.3786821365356445,-0.001665388816036284,-0.39805594086647034,1.1599982177859212,2612346,new_cel_4to1_chunk_8,83.8516616821289,70.7999267578125,1.0000001192092896,515.4706420898438,515.4706420898438,6.147411346435547,0.011925822099875303
sign_test_og_cel0.8__norm_spectral_radius,spectral_radius,26,1.0,1.0,0.5,0.1,6.985231876373291,11.89729163934091,5.236363887786865,8.280611991882324,-0.001665388816036284,-0.39805594086647034,1.1599982177859212,2612346,new_cel_4to1_chunk_8,83.8516616821289,70.7999267578125,1.0000001192092896,515.4706420898438,515.4706420898438,6.147411346435547,0.011925822099875303
sign_test_og_cel0.8__norm_spectral_radius,spectral_radius,26,1.0,1.0,1.0,0.1,3.563098430633545,8.776833805533215,6.06742000579834,12.08942699432373,-0.001665388816036284,-0.39805594086647034,1.1599982177859212,2612346,new_cel_4to1_chunk_8,83.8516616821289,70.7999267578125,1.0000001192092896,515.4706420898438,515.4706420898438,6.147411346435547,0.011925822099875303
sign_test_og_cel0.8__norm_spectral_radius,spectral_radius,26,1.0,1.0,1.5,0.1,4.4712934494018555,10.084876564459755,6.352020740509033,14.338218688964844,-0.001665388816036284,-0.39805594086647034,1.1599982177859212,2612346,new_cel_4to1_chunk_8,83.8516616821289,70.7999267578125,1.0000001192092896,515.4706420898438,515.4706420898438,6.147411346435547,0.011925822099875303
sign_test_og_cel0.9__norm_spectral_radius,spectral_radius,26,1.0,0.6,0.1,0.1,6.529898643493652,9.754207865992157,2.4579391479492188,2.6474499702453613,-0.002039696089923382,-0.5182030200958252,1.159998019364577,2612346,new_cel_4to1_chunk_8,89.12872314453125,70.7999267578125,1.0000007152557373,515.4706420898438,515.4706420898438,5.783440589904785,0.011219727655902786
sign_test_og_cel0.9__norm_spectral_radius,spectral_radius,26,1.0,0.6,0.5,0.1,5.669497013092041,9.575119544651416,3.3422060012817383,4.922733306884766,-0.002039696089923382,-0.5182030200958252,1.159998019364577,2612346,new_cel_4to1_chunk_8,89.12872314453125,70.7999267578125,1.0000007152557373,515.4706420898438,515.4706420898438,5.783440589904785,0.011219727655902786
sign_test_og_cel0.9__norm_spectral_radius,spectral_radius,26,1.0,0.6,1.0,0.1,4.044661998748779,7.982109257537218,4.0518951416015625,7.351438045501709,-0.002039696089923382,-0.5182030200958252,1.159998019364577,2612346,new_cel_4to1_chunk_8,89.12872314453125,70.7999267578125,1.0000007152557373,515.4706420898438,515.4706420898438,5.783440589904785,0.011219727655902786
sign_test_og_cel0.9__norm_spectral_radius,spectral_radius,26,1.0,0.6,1.5,0.1,2.8254892826080322,5.9345223441960115,4.3876953125,8.94457721710205,-0.002039696089923382,-0.5182030200958252,1.159998019364577,2612346,new_cel_4to1_chunk_8,89.12872314453125,70.7999267578125,1.0000007152557373,515.4706420898438,515.4706420898438,5.783440589904785,0.011219727655902786
sign_test_og_cel0.9__norm_spectral_radius,spectral_radius,26,1.0,0.8,0.1,0.1,7.6527838706970215,11.63653008511051,2.9667372703552246,3.2164931297302246,-0.002039696089923382,-0.5182030200958252,1.159998019364577,2612346,new_cel_4to1_chunk_8,89.12872314453125,70.7999267578125,1.0000007152557373,515.4706420898438,515.4706420898438,5.783440589904785,0.011219727655902786
sign_test_og_cel0.9__norm_spectral_radius,spectral_radius,26,1.0,0.8,0.5,0.1,6.291390419006348,12.091802625408945,4.14579963684082,6.287651538848877,-0.002039696089923382,-0.5182030200958252,1.159998019364577,2612346,new_cel_4to1_chunk_8,89.12872314453125,70.7999267578125,1.0000007152557373,515.4706420898438,515.4706420898438,5.783440589904785,0.011219727655902786
sign_test_og_cel0.9__norm_spectral_radius,spectral_radius,26,1.0,0.8,1.0,0.1,4.54896354675293,9.82539490325627,5.008856296539307,9.46802043914795,-0.002039696089923382,-0.5182030200958252,1.159998019364577,2612346,new_cel_4to1_chunk_8,89.12872314453125,70.7999267578125,1.0000007152557373,515.4706420898438,515.4706420898438,5.783440589904785,0.011219727655902786
sign_test_og_cel0.9__norm_spectral_radius,spectral_radius,26,1.0,0.8,1.5,0.1,2.6971750259399414,6.203884899541549,5.3567328453063965,11.443122863769531,-0.002039696089923382,-0.5182030200958252,1.159998019364577,2612346,new_cel_4to1_chunk_8,89.12872314453125,70.7999267578125,1.0000007152557373,515.4706420898438,515.4706420898438,5.783440589904785,0.011219727655902786
sign_test_og_cel0.9__norm_spectral_radius,spectral_radius,26,1.0,1.0,0.1,0.1,8.270187377929688,12.31086939687151,4.602381706237793,5.1316375732421875,-0.002039696089923382,-0.5182030200958252,1.159998019364577,2612346,new_cel_4to1_chunk_8,89.12872314453125,70.7999267578125,1.0000007152557373,515.4706420898438,515.4706420898438,5.783440589904785,0.011219727655902786
sign_test_og_cel0.9__norm_spectral_radius,spectral_radius,26,1.0,1.0,0.5,0.1,5.480450630187988,11.6391037169563,6.322773456573486,10.050694465637207,-0.002039696089923382,-0.5182030200958252,1.159998019364577,2612346,new_cel_4to1_chunk_8,89.12872314453125,70.7999267578125,1.0000007152557373,515.4706420898438,515.4706420898438,5.783440589904785,0.011219727655902786
sign_test_og_cel0.9__norm_spectral_radius,spectral_radius,26,1.0,1.0,1.0,0.1,4.531604290008545,9.615266222612174,7.195018291473389,14.219940185546875,-0.002039696089923382,-0.5182030200958252,1.159998019364577,2612346,new_cel_4to1_chunk_8,89.12872314453125,70.7999267578125,1.0000007152557373,515.4706420898438,515.4706420898438,5.783440589904785,0.011219727655902786
sign_test_og_cel0.9__norm_spectral_radius,spectral_radius,26,1.0,1.0,1.5,0.1,3.531201124191284,8.17054647888024,7.378652572631836,16.455976486206055,-0.002039696089923382,-0.5182030200958252,1.159998019364577,2612346,new_cel_4to1_chunk_8,89.12872314453125,70.7999267578125,1.0000007152557373,515.4706420898438,515.4706420898438,5.783440589904785,0.011219727655902786
sign_test_og_cel1.0__norm_spectral_radius,spectral_radius,26,1.0,0.6,0.1,0.1,6.198583602905273,8.868755388574044,2.2099742889404297,2.3707895278930664,-0.002205352298915386,-0.6321457624435425,1.159998265312932,2612346,new_cel_4to1_chunk_8,100.55933380126953,70.7999267578125,1.0,515.4706420898438,515.4706420898438,5.126034736633301,0.009944377734007774
sign_test_og_cel1.0__norm_spectral_radius,spectral_radius,26,1.0,0.6,0.5,0.1,5.139885902404785,10.502640203627251,2.938417911529541,4.236629962921143,-0.002205352298915386,-0.6321457624435425,1.159998265312932,2612346,new_cel_4to1_chunk_8,100.55933380126953,70.7999267578125,1.0,515.4706420898438,515.4706420898438,5.126034736633301,0.009944377734007774
sign_test_og_cel1.0__norm_spectral_radius,spectral_radius,26,1.0,0.6,1.0,0.1,2.934877872467041,6.622323378960026,3.544482707977295,6.276525974273682,-0.002205352298915386,-0.6321457624435425,1.159998265312932,2612346,new_cel_4to1_chunk_8,100.55933380126953,70.7999267578125,1.0,515.4706420898438,515.4706420898438,5.126034736633301,0.009944377734007774
sign_test_og_cel1.0__norm_spectral_radius,spectral_radius,26,1.0,0.6,1.5,0.1,3.546776294708252,8.228758883251373,3.848729372024536,7.641822338104248,-0.002205352298915386,-0.6321457624435425,1.159998265312932,2612346,new_cel_4to1_chunk_8,100.55933380126953,70.7999267578125,1.0,515.4706420898438,515.4706420898438,5.126034736633301,0.009944377734007774
sign_test_og_cel1.0__norm_spectral_radius,spectral_radius,26,1.0,0.8,0.1,0.1,7.209011077880859,10.43944338031028,2.6749463081359863,2.8847670555114746,-0.002205352298915386,-0.6321457624435425,1.159998265312932,2612346,new_cel_4to1_chunk_8,100.55933380126953,70.7999267578125,1.0,515.4706420898438,515.4706420898438,5.126034736633301,0.009944377734007774
sign_test_og_cel1.0__norm_spectral_radius,spectral_radius,26,1.0,0.8,0.5,0.1,5.085766792297363,11.95395241385939,3.6280295848846436,5.367688179016113,-0.002205352298915386,-0.6321457624435425,1.159998265312932,2612346,new_cel_4to1_chunk_8,100.55933380126953,70.7999267578125,1.0,515.4706420898438,515.4706420898438,5.126034736633301,0.009944377734007774
sign_test_og_cel1.0__norm_spectral_radius,spectral_radius,26,1.0,0.8,1.0,0.1,3.9429819583892822,6.625407667273407,4.353806495666504,8.012596130371094,-0.002205352298915386,-0.6321457624435425,1.159998265312932,2612346,new_cel_4to1_chunk_8,100.55933380126953,70.7999267578125,1.0,515.4706420898438,515.4706420898438,5.126034736633301,0.009944377734007774
sign_test_og_cel1.0__norm_spectral_radius,spectral_radius,26,1.0,0.8,1.5,0.1,3.5816643238067627,8.254702282171252,4.667230129241943,9.685952186584473,-0.002205352298915386,-0.6321457624435425,1.159998265312932,2612346,new_cel_4to1_chunk_8,100.55933380126953,70.7999267578125,1.0,515.4706420898438,515.4706420898438,5.126034736633301,0.009944377734007774
sign_test_og_cel1.0__norm_spectral_radius,spectral_radius,26,1.0,1.0,0.1,0.1,7.610118389129639,10.980131780274093,4.147886753082275,4.619221210479736,-0.002205352298915386,-0.6321457624435425,1.159998265312932,2612346,new_cel_4to1_chunk_8,100.55933380126953,70.7999267578125,1.0,515.4706420898438,515.4706420898438,5.126034736633301,0.009944377734007774
sign_test_og_cel1.0__norm_spectral_radius,spectral_radius,26,1.0,1.0,0.5,0.1,4.319141387939453,10.02306260596853,5.640641689300537,8.835335731506348,-0.002205352298915386,-0.6321457624435425,1.159998265312932,2612346,new_cel_4to1_chunk_8,100.55933380126953,70.7999267578125,1.0,515.4706420898438,515.4706420898438,5.126034736633301,0.009944377734007774
sign_test_og_cel1.0__norm_spectral_radius,spectral_radius,26,1.0,1.0,1.0,0.1,3.8135740756988525,8.817812348408435,6.369156837463379,12.332881927490234,-0.002205352298915386,-0.6321457624435425,1.159998265312932,2612346,new_cel_4to1_chunk_8,100.55933380126953,70.7999267578125,1.0,515.4706420898438,515.4706420898438,5.126034736633301,0.009944377734007774
sign_test_og_cel1.0__norm_spectral_radius,spectral_radius,26,1.0,1.0,1.5,0.1,3.636349678039551,6.7900670253548014,6.527832508087158,14.230091094970703,-0.002205352298915386,-0.6321457624435425,1.159998265312932,2612346,new_cel_4to1_chunk_8,100.55933380126953,70.7999267578125,1.0,515.4706420898438,515.4706420898438,5.126034736633301,0.009944377734007774
sign_test_og_cel0.22058823529411764__norm_original_radius,original_radius,24,1.0,0.6,0.1,0.1,6.910880088806152,10.87196730118825,2.9645721912384033,3.2416958808898926,0.0019242730922996998,0.3606351912021637,1.159998219998838,2412346,new_cel_4to1_chunk_8,61.92839813232422,65.74830627441406,0.9419004321098328,515.4706420898438,515.4706420898438,7.840060234069824,0.015209517273742302
sign_test_og_cel0.22058823529411764__norm_original_radius,original_radius,24,1.0,0.6,0.5,0.1,4.7480244636535645,12.123818845421667,4.303543567657471,6.654150009155273,0.0019242730922996998,0.3606351912021637,1.159998219998838,2412346,new_cel_4to1_chunk_8,61.92839813232422,65.74830627441406,0.9419004321098328,515.4706420898438,515.4706420898438,7.840060234069824,0.015209517273742302
sign_test_og_cel0.22058823529411764__norm_original_radius,original_radius,24,1.0,0.6,1.0,0.1,4.183389663696289,10.082659242062913,5.183266639709473,10.154074668884277,0.0019242730922996998,0.3606351912021637,1.159998219998838,2412346,new_cel_4to1_chunk_8,61.92839813232422,65.74830627441406,0.9419004321098328,515.4706420898438,515.4706420898438,7.840060234069824,0.015209517273742302
sign_test_og_cel0.22058823529411764__norm_original_radius,original_radius,24,1.0,0.6,1.5,0.1,2.4094021320343018,6.787425882818297,5.582860946655273,12.446979522705078,0.0019242730922996998,0.3606351912021637,1.159998219998838,2412346,new_cel_4to1_chunk_8,61.92839813232422,65.74830627441406,0.9419004321098328,515.4706420898438,515.4706420898438,7.840060234069824,0.015209517273742302
sign_test_og_cel0.22058823529411764__norm_original_radius,original_radius,24,1.0,0.8,0.1,0.1,8.305747985839844,13.10614599533529,3.3597099781036377,3.7137582302093506,0.0019242730922996998,0.3606351912021637,1.159998219998838,2412346,new_cel_4to1_chunk_8,61.92839813232422,65.74830627441406,0.9419004321098328,515.4706420898438,515.4706420898438,7.840060234069824,0.015209517273742302
sign_test_og_cel0.22058823529411764__norm_original_radius,original_radius,24,1.0,0.8,0.5,0.1,6.517444610595703,11.913656834265108,5.0515456199646,8.112223625183105,0.0019242730922996998,0.3606351912021637,1.159998219998838,2412346,new_cel_4to1_chunk_8,61.92839813232422,65.74830627441406,0.9419004321098328,515.4706420898438,515.4706420898438,7.840060234069824,0.015209517273742302
sign_test_og_cel0.22058823529411764__norm_original_radius,original_radius,24,1.0,0.8,1.0,0.1,3.142969846725464,7.635341783886691,6.188143253326416,12.666448593139648,0.0019242730922996998,0.3606351912021637,1.159998219998838,2412346,new_cel_4to1_chunk_8,61.92839813232422,65.74830627441406,0.9419004321098328,515.4706420898438,515.4706420898438,7.840060234069824,0.015209517273742302
sign_test_og_cel0.22058823529411764__norm_original_radius,original_radius,24,1.0,0.8,1.5,0.1,3.3899388313293457,8.404991395326874,6.696630001068115,15.609720230102539,0.0019242730922996998,0.3606351912021637,1.159998219998838,2412346,new_cel_4to1_chunk_8,61.92839813232422,65.74830627441406,0.9419004321098328,515.4706420898438,515.4706420898438,7.840060234069824,0.015209517273742302
sign_test_og_cel0.22058823529411764__norm_original_radius,original_radius,24,1.0,1.0,0.1,0.1,9.880127906799316,16.003483188095572,4.228419303894043,4.728120803833008,0.0019242730922996998,0.3606351912021637,1.159998219998838,2412346,new_cel_4to1_chunk_8,61.92839813232422,65.74830627441406,0.9419004321098328,515.4706420898438,515.4706420898438,7.840060234069824,0.015209517273742302
sign_test_og_cel0.22058823529411764__norm_original_radius,original_radius,24,1.0,1.0,0.5,0.1,7.400838375091553,18.27263535378529,6.5086140632629395,10.778207778930664,0.0019242730922996998,0.3606351912021637,1.159998219998838,2412346,new_cel_4to1_chunk_8,61.92839813232422,65.74830627441406,0.9419004321098328,515.4706420898438,515.4706420898438,7.840060234069824,0.015209517273742302
sign_test_og_cel0.22058823529411764__norm_original_radius,original_radius,24,1.0,1.0,1.0,0.1,5.702652454376221,12.786642061877728,7.927292823791504,16.844375610351562,0.0019242730922996998,0.3606351912021637,1.159998219998838,2412346,new_cel_4to1_chunk_8,61.92839813232422,65.74830627441406,0.9419004321098328,515.4706420898438,515.4706420898438,7.840060234069824,0.015209517273742302
sign_test_og_cel0.22058823529411764__norm_original_radius,original_radius,24,1.0,1.0,1.5,0.1,5.200164318084717,9.91471318382419,8.523730278015137,20.605031967163086,0.0019242730922996998,0.3606351912021637,1.159998219998838,2412346,new_cel_4to1_chunk_8,61.92839813232422,65.74830627441406,0.9419004321098328,515.4706420898438,515.4706420898438,7.840060234069824,0.015209517273742302
sign_test_og_cel0.0__norm_original_radius,original_radius,24,1.0,0.6,0.1,0.1,4.926986217498779,7.505677318119524,3.0847814083099365,3.501023769378662,0.003372995415702462,0.6321457028388977,1.159998219998838,2412346,new_cel_4to1_chunk_8,100.5592269897461,65.74830627441406,1.5294588804244995,515.4706420898438,515.4706420898438,7.840060234069824,0.015209517273742302
sign_test_og_cel0.0__norm_original_radius,original_radius,24,1.0,0.6,0.5,0.1,3.5441460609436035,8.311031864796432,6.111238479614258,9.863057136535645,0.003372995415702462,0.6321457028388977,1.159998219998838,2412346,new_cel_4to1_chunk_8,100.5592269897461,65.74830627441406,1.5294588804244995,515.4706420898438,515.4706420898438,7.840060234069824,0.015209517273742302
sign_test_og_cel0.0__norm_original_radius,original_radius,24,1.0,0.6,1.0,0.1,3.052628755569458,6.190643791840516,10.032992362976074,12.864919662475586,0.003372995415702462,0.6321457028388977,1.159998219998838,2412346,new_cel_4to1_chunk_8,100.5592269897461,65.74830627441406,1.5294588804244995,515.4706420898438,515.4706420898438,7.840060234069824,0.015209517273742302
sign_test_og_cel0.0__norm_original_radius,original_radius,24,1.0,0.6,1.5,0.1,2.1698269844055176,4.527103552964036,10.382018089294434,22.306074142456055,0.003372995415702462,0.6321457028388977,1.159998219998838,2412346,new_cel_4to1_chunk_8,100.5592269897461,65.74830627441406,1.5294588804244995,515.4706420898438,515.4706420898438,7.840060234069824,0.015209517273742302
sign_test_og_cel0.0__norm_original_radius,original_radius,24,1.0,0.8,0.1,0.1,5.028903961181641,7.628502131622923,3.355612277984619,3.841095209121704,0.003372995415702462,0.6321457028388977,1.159998219998838,2412346,new_cel_4to1_chunk_8,100.5592269897461,65.74830627441406,1.5294588804244995,515.4706420898438,515.4706420898438,7.840060234069824,0.015209517273742302
sign_test_og_cel0.0__norm_original_radius,original_radius,24,1.0,0.8,0.5,0.1,2.7791054248809814,5.967029871971114,7.242522239685059,12.17045783996582,0.003372995415702462,0.6321457028388977,1.159998219998838,2412346,new_cel_4to1_chunk_8,100.5592269897461,65.74830627441406,1.5294588804244995,515.4706420898438,515.4706420898438,7.840060234069824,0.015209517273742302
sign_test_og_cel0.0__norm_original_radius,original_radius,24,1.0,0.8,1.0,0.1,3.5556490421295166,5.554580929450509,11.614073753356934,9.49982738494873,0.003372995415702462,0.6321457028388977,1.159998219998838,2412346,new_cel_4to1_chunk_8,100.5592269897461,65.74830627441406,1.5294588804244995,515.4706420898438,515.4706420898438,7.840060234069824,0.015209517273742302
sign_test_og_cel0.0__norm_original_radius,original_radius,24,1.0,0.8,1.5,0.1,2.4035470485687256,5.409699600598749,11.88838005065918,26.659770965576172,0.003372995415702462,0.6321457028388977,1.159998219998838,2412346,new_cel_4to1_chunk_8,100.5592269897461,65.74830627441406,1.5294588804244995,515.4706420898438,515.4706420898438,7.840060234069824,0.015209517273742302
sign_test_og_cel0.0__norm_original_radius,original_radius,24,1.0,1.0,0.1,0.1,6.096149921417236,10.223588960665438,3.7798471450805664,4.372106552124023,0.003372995415702462,0.6321457028388977,1.159998219998838,2412346,new_cel_4to1_chunk_8,100.5592269897461,65.74830627441406,1.5294588804244995,515.4706420898438,515.4706420898438,7.840060234069824,0.015209517273742302
sign_test_og_cel0.0__norm_original_radius,original_radius,24,1.0,1.0,0.5,0.1,5.890547275543213,12.344612776692827,8.971675872802734,15.568560600280762,0.003372995415702462,0.6321457028388977,1.159998219998838,2412346,new_cel_4to1_chunk_8,100.5592269897461,65.74830627441406,1.5294588804244995,515.4706420898438,515.4706420898438,7.840060234069824,0.015209517273742302
sign_test_og_cel0.0__norm_original_radius,original_radius,24,1.0,1.0,1.0,0.1,4.69496488571167,10.698703207227934,13.933937072753906,16.014389038085938,0.003372995415702462,0.6321457028388977,1.159998219998838,2412346,new_cel_4to1_chunk_8,100.5592269897461,65.74830627441406,1.5294588804244995,515.4706420898438,515.4706420898438,7.840060234069824,0.015209517273742302
sign_test_og_cel0.0__norm_original_radius,original_radius,24,1.0,1.0,1.5,0.1,4.063016891479492,9.053263046174735,14.08662223815918,32.597007751464844,0.003372995415702462,0.6321457028388977,1.159998219998838,2412346,new_cel_4to1_chunk_8,100.5592269897461,65.74830627441406,1.5294588804244995,515.4706420898438,515.4706420898438,7.840060234069824,0.015209517273742302
sign_test_og_cel0.1__norm_original_radius,original_radius,24,1.0,0.6,0.1,0.1,5.108997344970703,7.417395727765097,3.3823390007019043,3.7096755504608154,0.0027284675743430853,0.5113523006439209,1.159998219998838,2412346,new_cel_4to1_chunk_8,85.9704360961914,65.74830627441406,1.3075695037841797,515.4706420898438,515.4706420898438,7.840060234069824,0.015209517273742302
sign_test_og_cel0.1__norm_original_radius,original_radius,24,1.0,0.6,0.5,0.1,4.655933380126953,11.104015302901644,5.522261142730713,8.655241012573242,0.0027284675743430853,0.5113523006439209,1.159998219998838,2412346,new_cel_4to1_chunk_8,85.9704360961914,65.74830627441406,1.3075695037841797,515.4706420898438,515.4706420898438,7.840060234069824,0.015209517273742302
sign_test_og_cel0.1__norm_original_radius,original_radius,24,1.0,0.6,1.0,0.1,3.1113362312316895,7.295092598978648,8.077109336853027,15.422606468200684,0.0027284675743430853,0.5113523006439209,1.159998219998838,2412346,new_cel_4to1_chunk_8,85.9704360961914,65.74830627441406,1.3075695037841797,515.4706420898438,515.4706420898438,7.840060234069824,0.015209517273742302
sign_test_og_cel0.1__norm_original_radius,original_radius,24,1.0,0.6,1.5,0.1,2.1461164951324463,4.659158910292774,7.800430774688721,17.118389129638672,0.0027284675743430853,0.5113523006439209,1.159998219998838,2412346,new_cel_4to1_chunk_8,85.9704360961914,65.74830627441406,1.3075695037841797,515.4706420898438,515.4706420898438,7.840060234069824,0.015209517273742302
sign_test_og_cel0.1__norm_original_radius,original_radius,24,1.0,0.8,0.1,0.1,7.220240592956543,10.786717540351809,3.753465414047241,4.166839599609375,0.0027284675743430853,0.5113523006439209,1.159998219998838,2412346,new_cel_4to1_chunk_8,85.9704360961914,65.74830627441406,1.3075695037841797,515.4706420898438,515.4706420898438,7.840060234069824,0.015209517273742302
sign_test_og_cel0.1__norm_original_radius,original_radius,24,1.0,0.8,0.5,0.1,3.8654284477233887,9.65018741837784,7.8020734786987305,13.535223007202148,0.0027284675743430853,0.5113523006439209,1.159998219998838,2412346,new_cel_4to1_chunk_8,85.9704360961914,65.74830627441406,1.3075695037841797,515.4706420898438,515.4706420898438,7.840060234069824,0.015209517273742302
sign_test_og_cel0.1__norm_original_radius,original_radius,24,1.0,0.8,1.0,0.1,3.052598714828491,8.25246125819335,9.394975662231445,18.866865158081055,0.0027284675743430853,0.5113523006439209,1.159998219998838,2412346,new_cel_4to1_chunk_8,85.9704360961914,65.74830627441406,1.3075695037841797,515.4706420898438,515.4706420898438,7.840060234069824,0.015209517273742302
sign_test_og_cel0.1__norm_original_radius,original_radius,24,1.0,0.8,1.5,0.1,2.653266668319702,6.1423652313370365,9.134651184082031,21.091806411743164,0.0027284675743430853,0.5113523006439209,1.159998219998838,2412346,new_cel_4to1_chunk_8,85.9704360961914,65.74830627441406,1.3075695037841797,515.4706420898438,515.4706420898438,7.840060234069824,0.015209517273742302
sign_test_og_cel0.1__norm_original_radius,original_radius,24,1.0,1.0,0.1,0.1,8.387889862060547,13.3852308934826,4.386027812957764,4.934743404388428,0.0027284675743430853,0.5113523006439209,1.159998219998838,2412346,new_cel_4to1_chunk_8,85.9704360961914,65.74830627441406,1.3075695037841797,515.4706420898438,515.4706420898438,7.840060234069824,0.015209517273742302
sign_test_og_cel0.1__norm_original_radius,original_radius,24,1.0,1.0,0.5,0.1,5.736200332641602,12.671727569361504,9.522910118103027,17.221694946289062,0.0027284675743430853,0.5113523006439209,1.159998219998838,2412346,new_cel_4to1_chunk_8,85.9704360961914,65.74830627441406,1.3075695037841797,515.4706420898438,515.4706420898438,7.840060234069824,0.015209517273742302
sign_test_og_cel0.1__norm_original_radius,original_radius,24,1.0,1.0,1.0,0.1,5.131246089935303,9.321310548990947,11.448378562927246,23.967269897460938,0.0027284675743430853,0.5113523006439209,1.159998219998838,2412346,new_cel_4to1_chunk_8,85.9704360961914,65.74830627441406,1.3075695037841797,515.4706420898438,515.4706420898438,7.840060234069824,0.015209517273742302
sign_test_og_cel0.1__norm_original_radius,original_radius,24,1.0,1.0,1.5,0.1,4.2549147605896,9.940402411853604,11.28016185760498,26.917743682861328,0.0027284675743430853,0.5113523006439209,1.159998219998838,2412346,new_cel_4to1_chunk_8,85.9704360961914,65.74830627441406,1.3075695037841797,515.4706420898438,515.4706420898438,7.840060234069824,0.015209517273742302
sign_test_og_cel0.2__norm_original_radius,original_radius,24,1.0,0.6,0.1,0.1,6.604372024536133,10.532101859620187,3.1988587379455566,3.5347747802734375,0.002036005025729537,0.3815752863883972,1.159998219998838,2412346,new_cel_4to1_chunk_8,66.38700103759766,65.74830627441406,1.0097129344940186,515.4706420898438,515.4706420898438,7.840060234069824,0.015209517273742302
sign_test_og_cel0.2__norm_original_radius,original_radius,24,1.0,0.6,0.5,0.1,5.062184810638428,12.088237926586316,5.038609027862549,7.839419364929199,0.002036005025729537,0.3815752863883972,1.159998219998838,2412346,new_cel_4to1_chunk_8,66.38700103759766,65.74830627441406,1.0097129344940186,515.4706420898438,515.4706420898438,7.840060234069824,0.015209517273742302
sign_test_og_cel0.2__norm_original_radius,original_radius,24,1.0,0.6,1.0,0.1,2.953493356704712,8.825525285812319,5.727498531341553,11.296353340148926,0.002036005025729537,0.3815752863883972,1.159998219998838,2412346,new_cel_4to1_chunk_8,66.38700103759766,65.74830627441406,1.0097129344940186,515.4706420898438,515.4706420898438,7.840060234069824,0.015209517273742302
sign_test_og_cel0.2__norm_original_radius,original_radius,24,1.0,0.6,1.5,0.1,3.1793625354766846,6.670768206686262,6.008614540100098,13.529038429260254,0.002036005025729537,0.3815752863883972,1.159998219998838,2412346,new_cel_4to1_chunk_8,66.38700103759766,65.74830627441406,1.0097129344940186,515.4706420898438,515.4706420898438,7.840060234069824,0.015209517273742302
sign_test_og_cel0.2__norm_original_radius,original_radius,24,1.0,0.8,0.1,0.1,8.003753662109375,12.846018966610032,3.6206424236297607,4.046614170074463,0.002036005025729537,0.3815752863883972,1.159998219998838,2412346,new_cel_4to1_chunk_8,66.38700103759766,65.74830627441406,1.0097129344940186,515.4706420898438,515.4706420898438,7.840060234069824,0.015209517273742302
sign_test_og_cel0.2__norm_original_radius,original_radius,24,1.0,0.8,0.5,0.1,5.330952167510986,10.012462078918219,5.869203090667725,9.486433029174805,0.002036005025729537,0.3815752863883972,1.159998219998838,2412346,new_cel_4to1_chunk_8,66.38700103759766,65.74830627441406,1.0097129344940186,515.4706420898438,515.4706420898438,7.840060234069824,0.015209517273742302
sign_test_og_cel0.2__norm_original_radius,original_radius,24,1.0,0.8,1.0,0.1,4.0912065505981445,9.269914050191735,6.812445163726807,14.058100700378418,0.002036005025729537,0.3815752863883972,1.159998219998838,2412346,new_cel_4to1_chunk_8,66.38700103759766,65.74830627441406,1.0097129344940186,515.4706420898438,515.4706420898438,7.840060234069824,0.015209517273742302
sign_test_og_cel0.2__norm_original_radius,original_radius,24,1.0,0.8,1.5,0.1,3.053872585296631,5.5417417747733,7.206925868988037,16.972671508789062,0.002036005025729537,0.3815752863883972,1.159998219998838,2412346,new_cel_4to1_chunk_8,66.38700103759766,65.74830627441406,1.0097129344940186,515.4706420898438,515.4706420898438,7.840060234069824,0.015209517273742302
sign_test_og_cel0.2__norm_original_radius,original_radius,24,1.0,1.0,0.1,0.1,9.628212928771973,15.60046075512367,4.461584568023682,5.0531792640686035,0.002036005025729537,0.3815752863883972,1.159998219998838,2412346,new_cel_4to1_chunk_8,66.38700103759766,65.74830627441406,1.0097129344940186,515.4706420898438,515.4706420898438,7.840060234069824,0.015209517273742302
sign_test_og_cel0.2__norm_original_radius,original_radius,24,1.0,1.0,0.5,0.1,7.593287944793701,16.538208826411605,7.409200668334961,12.35882568359375,0.002036005025729537,0.3815752863883972,1.159998219998838,2412346,new_cel_4to1_chunk_8,66.38700103759766,65.74830627441406,1.0097129344940186,515.4706420898438,515.4706420898438,7.840060234069824,0.015209517273742302
sign_test_og_cel0.2__norm_original_radius,original_radius,24,1.0,1.0,1.0,0.1,4.892110824584961,10.743699731261103,8.658485412597656,18.528827667236328,0.002036005025729537,0.3815752863883972,1.159998219998838,2412346,new_cel_4to1_chunk_8,66.38700103759766,65.74830627441406,1.0097129344940186,515.4706420898438,515.4706420898438,7.840060234069824,0.015209517273742302
sign_test_og_cel0.2__norm_original_radius,original_radius,24,1.0,1.0,1.5,0.1,4.53988790512085,9.254386751301709,9.140114784240723,22.314292907714844,0.002036005025729537,0.3815752863883972,1.159998219998838,2412346,new_cel_4to1_chunk_8,66.38700103759766,65.74830627441406,1.0097129344940186,515.4706420898438,515.4706420898438,7.840060234069824,0.015209517273742302
sign_test_og_cel0.3__norm_original_radius,original_radius,24,1.0,0.6,0.1,0.1,6.34902811050415,10.556741870767532,2.7572948932647705,3.005624771118164,0.0013935462338849902,0.2611696720123291,1.159998219998838,2412346,new_cel_4to1_chunk_8,40.66845703125,65.74830627441406,0.6185477375984192,515.4706420898438,515.4706420898438,7.840060234069824,0.015209517273742302
sign_test_og_cel0.3__norm_original_radius,original_radius,24,1.0,0.6,0.5,0.1,4.957431793212891,13.119017997105743,4.003490924835205,6.217219352722168,0.0013935462338849902,0.2611696720123291,1.159998219998838,2412346,new_cel_4to1_chunk_8,40.66845703125,65.74830627441406,0.6185477375984192,515.4706420898438,515.4706420898438,7.840060234069824,0.015209517273742302
sign_test_og_cel0.3__norm_original_radius,original_radius,24,1.0,0.6,1.0,0.1,3.125920295715332,7.724489324883848,5.0154500007629395,9.781989097595215,0.0013935462338849902,0.2611696720123291,1.159998219998838,2412346,new_cel_4to1_chunk_8,40.66845703125,65.74830627441406,0.6185477375984192,515.4706420898438,515.4706420898438,7.840060234069824,0.015209517273742302
sign_test_og_cel0.3__norm_original_radius,original_radius,24,1.0,0.6,1.5,0.1,3.546370029449463,8.881140650704353,5.499250888824463,12.133164405822754,0.0013935462338849902,0.2611696720123291,1.159998219998838,2412346,new_cel_4to1_chunk_8,40.66845703125,65.74830627441406,0.6185477375984192,515.4706420898438,515.4706420898438,7.840060234069824,0.015209517273742302
sign_test_og_cel0.3__norm_original_radius,original_radius,24,1.0,0.8,0.1,0.1,7.624684810638428,12.772161518838413,3.185837507247925,3.504760265350342,0.0013935462338849902,0.2611696720123291,1.159998219998838,2412346,new_cel_4to1_chunk_8,40.66845703125,65.74830627441406,0.6185477375984192,515.4706420898438,515.4706420898438,7.840060234069824,0.015209517273742302
sign_test_og_cel0.3__norm_original_radius,original_radius,24,1.0,0.8,0.5,0.1,5.765273571014404,14.97000240136306,4.8267130851745605,7.794704914093018,0.0013935462338849902,0.2611696720123291,1.159998219998838,2412346,new_cel_4to1_chunk_8,40.66845703125,65.74830627441406,0.6185477375984192,515.4706420898438,515.4706420898438,7.840060234069824,0.015209517273742302
sign_test_og_cel0.3__norm_original_radius,original_radius,24,1.0,0.8,1.0,0.1,4.396158695220947,11.396048942011241,6.134096145629883,12.482852935791016,0.0013935462338849902,0.2611696720123291,1.159998219998838,2412346,new_cel_4to1_chunk_8,40.66845703125,65.74830627441406,0.6185477375984192,515.4706420898438,515.4706420898438,7.840060234069824,0.015209517273742302
sign_test_og_cel0.3__norm_original_radius,original_radius,24,1.0,0.8,1.5,0.1,3.463124990463257,8.482344595210733,6.718957901000977,15.48033332824707,0.0013935462338849902,0.2611696720123291,1.159998219998838,2412346,new_cel_4to1_chunk_8,40.66845703125,65.74830627441406,0.6185477375984192,515.4706420898438,515.4706420898438,7.840060234069824,0.015209517273742302
sign_test_og_cel0.3__norm_original_radius,original_radius,24,1.0,1.0,0.1,0.1,9.635068893432617,15.858376027594474,3.988839626312256,4.443490982055664,0.0013935462338849902,0.2611696720123291,1.159998219998838,2412346,new_cel_4to1_chunk_8,40.66845703125,65.74830627441406,0.6185477375984192,515.4706420898438,515.4706420898438,7.840060234069824,0.015209517273742302
sign_test_og_cel0.3__norm_original_radius,original_radius,24,1.0,1.0,0.5,0.1,6.845270156860352,14.30578069252509,6.328786373138428,10.651911735534668,0.0013935462338849902,0.2611696720123291,1.159998219998838,2412346,new_cel_4to1_chunk_8,40.66845703125,65.74830627441406,0.6185477375984192,515.4706420898438,515.4706420898438,7.840060234069824,0.015209517273742302
sign_test_og_cel0.3__norm_original_radius,original_radius,24,1.0,1.0,1.0,0.1,5.702049732208252,11.730521935636261,8.094732284545898,17.109420776367188,0.0013935462338849902,0.2611696720123291,1.159998219998838,2412346,new_cel_4to1_chunk_8,40.66845703125,65.74830627441406,0.6185477375984192,515.4706420898438,515.4706420898438,7.840060234069824,0.015209517273742302
sign_test_og_cel0.3__norm_original_radius,original_radius,24,1.0,1.0,1.5,0.1,4.560617923736572,11.110613103314336,8.789752960205078,20.991025924682617,0.0013935462338849902,0.2611696720123291,1.159998219998838,2412346,new_cel_4to1_chunk_8,40.66845703125,65.74830627441406,0.6185477375984192,515.4706420898438,515.4706420898438,7.840060234069824,0.015209517273742302
sign_test_og_cel0.4__norm_original_radius,original_radius,24,1.0,0.6,0.1,0.1,7.9378437995910645,11.956056729432916,3.2435319423675537,3.505171537399292,0.0007338446448557079,0.1375325471162796,1.159998219998838,2412346,new_cel_4to1_chunk_8,49.063350677490234,65.74830627441406,0.7462297081947327,515.4706420898438,515.4706420898438,7.840060234069824,0.015209517273742302
sign_test_og_cel0.4__norm_original_radius,original_radius,24,1.0,0.6,0.5,0.1,6.2558698654174805,14.453867253180324,4.462271690368652,6.777590274810791,0.0007338446448557079,0.1375325471162796,1.159998219998838,2412346,new_cel_4to1_chunk_8,49.063350677490234,65.74830627441406,0.7462297081947327,515.4706420898438,515.4706420898438,7.840060234069824,0.015209517273742302
sign_test_og_cel0.4__norm_original_radius,original_radius,24,1.0,0.6,1.0,0.1,3.537999153137207,8.275979914141146,5.35710334777832,10.269269943237305,0.0007338446448557079,0.1375325471162796,1.159998219998838,2412346,new_cel_4to1_chunk_8,49.063350677490234,65.74830627441406,0.7462297081947327,515.4706420898438,515.4706420898438,7.840060234069824,0.015209517273742302
sign_test_og_cel0.4__norm_original_radius,original_radius,24,1.0,0.6,1.5,0.1,3.8000144958496094,7.505111446240562,5.714498996734619,12.477107048034668,0.0007338446448557079,0.1375325471162796,1.159998219998838,2412346,new_cel_4to1_chunk_8,49.063350677490234,65.74830627441406,0.7462297081947327,515.4706420898438,515.4706420898438,7.840060234069824,0.015209517273742302
sign_test_og_cel0.4__norm_original_radius,original_radius,24,1.0,0.8,0.1,0.1,9.233323097229004,14.172538032870378,3.934727907180786,4.2792439460754395,0.0007338446448557079,0.1375325471162796,1.159998219998838,2412346,new_cel_4to1_chunk_8,49.063350677490234,65.74830627441406,0.7462297081947327,515.4706420898438,515.4706420898438,7.840060234069824,0.015209517273742302
sign_test_og_cel0.4__norm_original_radius,original_radius,24,1.0,0.8,0.5,0.1,7.069365978240967,14.98177629546781,5.600722312927246,8.832511901855469,0.0007338446448557079,0.1375325471162796,1.159998219998838,2412346,new_cel_4to1_chunk_8,49.063350677490234,65.74830627441406,0.7462297081947327,515.4706420898438,515.4706420898438,7.840060234069824,0.015209517273742302
sign_test_og_cel0.4__norm_original_radius,original_radius,24,1.0,0.8,1.0,0.1,4.503474235534668,8.54971046417468,6.712301254272461,13.406621932983398,0.0007338446448557079,0.1375325471162796,1.159998219998838,2412346,new_cel_4to1_chunk_8,49.063350677490234,65.74830627441406,0.7462297081947327,515.4706420898438,515.4706420898438,7.840060234069824,0.015209517273742302
sign_test_og_cel0.4__norm_original_radius,original_radius,24,1.0,0.8,1.5,0.1,4.448205947875977,7.586943541052854,7.082669734954834,16.162883758544922,0.0007338446448557079,0.1375325471162796,1.159998219998838,2412346,new_cel_4to1_chunk_8,49.063350677490234,65.74830627441406,0.7462297081947327,515.4706420898438,515.4706420898438,7.840060234069824,0.015209517273742302
sign_test_og_cel0.4__norm_original_radius,original_radius,24,1.0,1.0,0.1,0.1,10.960474014282227,16.84716937781934,5.260043144226074,5.78482723236084,0.0007338446448557079,0.1375325471162796,1.159998219998838,2412346,new_cel_4to1_chunk_8,49.063350677490234,65.74830627441406,0.7462297081947327,515.4706420898438,515.4706420898438,7.840060234069824,0.015209517273742302
sign_test_og_cel0.4__norm_original_radius,original_radius,24,1.0,1.0,0.5,0.1,7.923805236816406,16.88850509787497,7.673539161682129,12.57208251953125,0.0007338446448557079,0.1375325471162796,1.159998219998838,2412346,new_cel_4to1_chunk_8,49.063350677490234,65.74830627441406,0.7462297081947327,515.4706420898438,515.4706420898438,7.840060234069824,0.015209517273742302
sign_test_og_cel0.4__norm_original_radius,original_radius,24,1.0,1.0,1.0,0.1,4.152988910675049,9.17293096091231,9.044665336608887,18.672012329101562,0.0007338446448557079,0.1375325471162796,1.159998219998838,2412346,new_cel_4to1_chunk_8,49.063350677490234,65.74830627441406,0.7462297081947327,515.4706420898438,515.4706420898438,7.840060234069824,0.015209517273742302
sign_test_og_cel0.4__norm_original_radius,original_radius,24,1.0,1.0,1.5,0.1,4.879690170288086,8.857576314023163,9.363940238952637,22.07971954345703,0.0007338446448557079,0.1375325471162796,1.159998219998838,2412346,new_cel_4to1_chunk_8,49.063350677490234,65.74830627441406,0.7462297081947327,515.4706420898438,515.4706420898438,7.840060234069824,0.015209517273742302
sign_test_og_cel0.5__norm_original_radius,original_radius,24,1.0,0.6,0.1,0.1,7.9438066482543945,11.513857906081682,3.2631239891052246,3.515756845474243,9.655847861722577e-06,0.0018096384592354298,1.159998219998838,2412346,new_cel_4to1_chunk_8,64.2791748046875,65.74830627441406,0.9776554703712463,515.4706420898438,515.4706420898438,7.840060234069824,0.015209517273742302
sign_test_og_cel0.5__norm_original_radius,original_radius,24,1.0,0.6,0.5,0.1,6.764442443847656,14.446231671414449,4.580799579620361,7.034871578216553,9.655847861722577e-06,0.0018096384592354298,1.159998219998838,2412346,new_cel_4to1_chunk_8,64.2791748046875,65.74830627441406,0.9776554703712463,515.4706420898438,515.4706420898438,7.840060234069824,0.015209517273742302
sign_test_og_cel0.5__norm_original_radius,original_radius,24,1.0,0.6,1.0,0.1,4.785725116729736,11.938627432190628,5.560043811798096,10.760190963745117,9.655847861722577e-06,0.0018096384592354298,1.159998219998838,2412346,new_cel_4to1_chunk_8,64.2791748046875,65.74830627441406,0.9776554703712463,515.4706420898438,515.4706420898438,7.840060234069824,0.015209517273742302
sign_test_og_cel0.5__norm_original_radius,original_radius,24,1.0,0.6,1.5,0.1,3.1139490604400635,8.137840568780213,5.948212146759033,13.101407051086426,9.655847861722577e-06,0.0018096384592354298,1.159998219998838,2412346,new_cel_4to1_chunk_8,64.2791748046875,65.74830627441406,0.9776554703712463,515.4706420898438,515.4706420898438,7.840060234069824,0.015209517273742302
sign_test_og_cel0.5__norm_original_radius,original_radius,24,1.0,0.8,0.1,0.1,9.16112995147705,13.493823589395486,4.1031365394592285,4.45656681060791,9.655847861722577e-06,0.0018096384592354298,1.159998219998838,2412346,new_cel_4to1_chunk_8,64.2791748046875,65.74830627441406,0.9776554703712463,515.4706420898438,515.4706420898438,7.840060234069824,0.015209517273742302
sign_test_og_cel0.5__norm_original_radius,original_radius,24,1.0,0.8,0.5,0.1,6.95832633972168,13.202729110053273,5.838518142700195,9.29509162902832,9.655847861722577e-06,0.0018096384592354298,1.159998219998838,2412346,new_cel_4to1_chunk_8,64.2791748046875,65.74830627441406,0.9776554703712463,515.4706420898438,515.4706420898438,7.840060234069824,0.015209517273742302
sign_test_og_cel0.5__norm_original_radius,original_radius,24,1.0,0.8,1.0,0.1,4.707797527313232,11.66519961058367,6.977414608001709,14.03742790222168,9.655847861722577e-06,0.0018096384592354298,1.159998219998838,2412346,new_cel_4to1_chunk_8,64.2791748046875,65.74830627441406,0.9776554703712463,515.4706420898438,515.4706420898438,7.840060234069824,0.015209517273742302
sign_test_og_cel0.5__norm_original_radius,original_radius,24,1.0,0.8,1.5,0.1,3.3985514640808105,8.573944924315729,7.3508381843566895,16.896974563598633,9.655847861722577e-06,0.0018096384592354298,1.159998219998838,2412346,new_cel_4to1_chunk_8,64.2791748046875,65.74830627441406,0.9776554703712463,515.4706420898438,515.4706420898438,7.840060234069824,0.015209517273742302
sign_test_og_cel0.5__norm_original_radius,original_radius,24,1.0,1.0,0.1,0.1,10.248717308044434,15.134838521423148,6.052671909332275,6.744375228881836,9.655847861722577e-06,0.0018096384592354298,1.159998219998838,2412346,new_cel_4to1_chunk_8,64.2791748046875,65.74830627441406,0.9776554703712463,515.4706420898438,515.4706420898438,7.840060234069824,0.015209517273742302
sign_test_og_cel0.5__norm_original_radius,original_radius,24,1.0,1.0,0.5,0.1,8.02118968963623,13.85355309460283,8.249140739440918,13.653098106384277,9.655847861722577e-06,0.0018096384592354298,1.159998219998838,2412346,new_cel_4to1_chunk_8,64.2791748046875,65.74830627441406,0.9776554703712463,515.4706420898438,515.4706420898438,7.840060234069824,0.015209517273742302
sign_test_og_cel0.5__norm_original_radius,original_radius,24,1.0,1.0,1.0,0.1,4.216867923736572,9.148445808192484,9.483675956726074,19.679744720458984,9.655847861722577e-06,0.0018096384592354298,1.159998219998838,2412346,new_cel_4to1_chunk_8,64.2791748046875,65.74830627441406,0.9776554703712463,515.4706420898438,515.4706420898438,7.840060234069824,0.015209517273742302
sign_test_og_cel0.5__norm_original_radius,original_radius,24,1.0,1.0,1.5,0.1,4.425129413604736,10.360688718957618,9.738197326660156,23.045835494995117,9.655847861722577e-06,0.0018096384592354298,1.159998219998838,2412346,new_cel_4to1_chunk_8,64.2791748046875,65.74830627441406,0.9776554703712463,515.4706420898438,515.4706420898438,7.840060234069824,0.015209517273742302
sign_test_og_cel0.6__norm_original_radius,original_radius,24,1.0,0.6,0.1,0.1,7.739417552947998,11.385672505884258,3.267613649368286,3.5318098068237305,-0.0006948764203116298,-0.13022933900356293,1.159998219998838,2412346,new_cel_4to1_chunk_8,47.46554946899414,65.74830627441406,0.7219277024269104,515.4706420898438,515.4706420898438,7.840060234069824,0.015209517273742302
sign_test_og_cel0.6__norm_original_radius,original_radius,24,1.0,0.6,0.5,0.1,6.295949935913086,13.825715747157346,4.641055583953857,7.107102394104004,-0.0006948764203116298,-0.13022933900356293,1.159998219998838,2412346,new_cel_4to1_chunk_8,47.46554946899414,65.74830627441406,0.7219277024269104,515.4706420898438,515.4706420898438,7.840060234069824,0.015209517273742302
sign_test_og_cel0.6__norm_original_radius,original_radius,24,1.0,0.6,1.0,0.1,4.3554487228393555,10.308015433832843,5.682286262512207,10.96623420715332,-0.0006948764203116298,-0.13022933900356293,1.159998219998838,2412346,new_cel_4to1_chunk_8,47.46554946899414,65.74830627441406,0.7219277024269104,515.4706420898438,515.4706420898438,7.840060234069824,0.015209517273742302
sign_test_og_cel0.6__norm_original_radius,original_radius,24,1.0,0.6,1.5,0.1,2.585300922393799,6.090555672936195,6.090588569641113,13.420980453491211,-0.0006948764203116298,-0.13022933900356293,1.159998219998838,2412346,new_cel_4to1_chunk_8,47.46554946899414,65.74830627441406,0.7219277024269104,515.4706420898438,515.4706420898438,7.840060234069824,0.015209517273742302
sign_test_og_cel0.6__norm_original_radius,original_radius,24,1.0,0.8,0.1,0.1,8.915328025817871,13.56085439048033,4.017690181732178,4.377824306488037,-0.0006948764203116298,-0.13022933900356293,1.159998219998838,2412346,new_cel_4to1_chunk_8,47.46554946899414,65.74830627441406,0.7219277024269104,515.4706420898438,515.4706420898438,7.840060234069824,0.015209517273742302
sign_test_og_cel0.6__norm_original_radius,original_radius,24,1.0,0.8,0.5,0.1,6.940522193908691,14.250263506743181,5.889665603637695,9.353654861450195,-0.0006948764203116298,-0.13022933900356293,1.159998219998838,2412346,new_cel_4to1_chunk_8,47.46554946899414,65.74830627441406,0.7219277024269104,515.4706420898438,515.4706420898438,7.840060234069824,0.015209517273742302
sign_test_og_cel0.6__norm_original_radius,original_radius,24,1.0,0.8,1.0,0.1,5.216350078582764,10.347533818094973,7.179662704467773,14.376355171203613,-0.0006948764203116298,-0.13022933900356293,1.159998219998838,2412346,new_cel_4to1_chunk_8,47.46554946899414,65.74830627441406,0.7219277024269104,515.4706420898438,515.4706420898438,7.840060234069824,0.015209517273742302
sign_test_og_cel0.6__norm_original_radius,original_radius,24,1.0,0.8,1.5,0.1,3.543978691101074,7.01702663078396,7.6168060302734375,17.440044403076172,-0.0006948764203116298,-0.13022933900356293,1.159998219998838,2412346,new_cel_4to1_chunk_8,47.46554946899414,65.74830627441406,0.7219277024269104,515.4706420898438,515.4706420898438,7.840060234069824,0.015209517273742302
sign_test_og_cel0.6__norm_original_radius,original_radius,24,1.0,1.0,0.1,0.1,10.41041374206543,16.261524667267565,5.42506217956543,6.004617691040039,-0.0006948764203116298,-0.13022933900356293,1.159998219998838,2412346,new_cel_4to1_chunk_8,47.46554946899414,65.74830627441406,0.7219277024269104,515.4706420898438,515.4706420898438,7.840060234069824,0.015209517273742302
sign_test_og_cel0.6__norm_original_radius,original_radius,24,1.0,1.0,0.5,0.1,7.095571994781494,13.383941966496515,8.160922050476074,13.503658294677734,-0.0006948764203116298,-0.13022933900356293,1.159998219998838,2412346,new_cel_4to1_chunk_8,47.46554946899414,65.74830627441406,0.7219277024269104,515.4706420898438,515.4706420898438,7.840060234069824,0.015209517273742302
sign_test_og_cel0.6__norm_original_radius,original_radius,24,1.0,1.0,1.0,0.1,5.058631896972656,12.011663379648667,9.757834434509277,20.161746978759766,-0.0006948764203116298,-0.13022933900356293,1.159998219998838,2412346,new_cel_4to1_chunk_8,47.46554946899414,65.74830627441406,0.7219277024269104,515.4706420898438,515.4706420898438,7.840060234069824,0.015209517273742302
sign_test_og_cel0.6__norm_original_radius,original_radius,24,1.0,1.0,1.5,0.1,4.193699836730957,8.579578134124475,10.179718971252441,23.880149841308594,-0.0006948764203116298,-0.13022933900356293,1.159998219998838,2412346,new_cel_4to1_chunk_8,47.46554946899414,65.74830627441406,0.7219277024269104,515.4706420898438,515.4706420898438,7.840060234069824,0.015209517273742302
sign_test_og_cel0.7__norm_original_radius,original_radius,24,1.0,0.6,0.1,0.1,7.273977756500244,11.234296708610124,3.094574451446533,3.3651857376098633,-0.001351474318653345,-0.2532847821712494,1.159998219998838,2412346,new_cel_4to1_chunk_8,46.656951904296875,65.74830627441406,0.7096298933029175,515.4706420898438,515.4706420898438,7.840060234069824,0.015209517273742302
sign_test_og_cel0.7__norm_original_radius,original_radius,24,1.0,0.6,0.5,0.1,6.326057434082031,13.474103248122674,4.472337245941162,6.889073371887207,-0.001351474318653345,-0.2532847821712494,1.159998219998838,2412346,new_cel_4to1_chunk_8,46.656951904296875,65.74830627441406,0.7096298933029175,515.4706420898438,515.4706420898438,7.840060234069824,0.015209517273742302
sign_test_og_cel0.7__norm_original_radius,original_radius,24,1.0,0.6,1.0,0.1,4.256706237792969,9.090050236899515,5.532262325286865,10.73389720916748,-0.001351474318653345,-0.2532847821712494,1.159998219998838,2412346,new_cel_4to1_chunk_8,46.656951904296875,65.74830627441406,0.7096298933029175,515.4706420898438,515.4706420898438,7.840060234069824,0.015209517273742302
sign_test_og_cel0.7__norm_original_radius,original_radius,24,1.0,0.6,1.5,0.1,2.7216620445251465,4.36179982098395,5.968924522399902,13.148981094360352,-0.001351474318653345,-0.2532847821712494,1.159998219998838,2412346,new_cel_4to1_chunk_8,46.656951904296875,65.74830627441406,0.7096298933029175,515.4706420898438,515.4706420898438,7.840060234069824,0.015209517273742302
sign_test_og_cel0.7__norm_original_radius,original_radius,24,1.0,0.8,0.1,0.1,8.644550323486328,13.7187974657186,3.750323534011841,4.118053913116455,-0.001351474318653345,-0.2532847821712494,1.159998219998838,2412346,new_cel_4to1_chunk_8,46.656951904296875,65.74830627441406,0.7096298933029175,515.4706420898438,515.4706420898438,7.840060234069824,0.015209517273742302
sign_test_og_cel0.7__norm_original_radius,original_radius,24,1.0,0.8,0.5,0.1,5.730703830718994,13.16013069105082,5.64340353012085,9.029622077941895,-0.001351474318653345,-0.2532847821712494,1.159998219998838,2412346,new_cel_4to1_chunk_8,46.656951904296875,65.74830627441406,0.7096298933029175,515.4706420898438,515.4706420898438,7.840060234069824,0.015209517273742302
sign_test_og_cel0.7__norm_original_radius,original_radius,24,1.0,0.8,1.0,0.1,4.636481285095215,8.165294561538143,6.990176677703857,14.10750961303711,-0.001351474318653345,-0.2532847821712494,1.159998219998838,2412346,new_cel_4to1_chunk_8,46.656951904296875,65.74830627441406,0.7096298933029175,515.4706420898438,515.4706420898438,7.840060234069824,0.015209517273742302
sign_test_og_cel0.7__norm_original_radius,original_radius,24,1.0,0.8,1.5,0.1,3.8819658756256104,8.377557823065288,7.478045463562012,17.141843795776367,-0.001351474318653345,-0.2532847821712494,1.159998219998838,2412346,new_cel_4to1_chunk_8,46.656951904296875,65.74830627441406,0.7096298933029175,515.4706420898438,515.4706420898438,7.840060234069824,0.015209517273742302
sign_test_og_cel0.7__norm_original_radius,original_radius,24,1.0,1.0,0.1,0.1,10.257604598999023,17.032525565090197,5.146636009216309,5.737716197967529,-0.001351474318653345,-0.2532847821712494,1.159998219998838,2412346,new_cel_4to1_chunk_8,46.656951904296875,65.74830627441406,0.7096298933029175,515.4706420898438,515.4706420898438,7.840060234069824,0.015209517273742302
sign_test_og_cel0.7__norm_original_radius,original_radius,24,1.0,1.0,0.5,0.1,6.9973273277282715,13.68708552919307,7.962887287139893,13.223613739013672,-0.001351474318653345,-0.2532847821712494,1.159998219998838,2412346,new_cel_4to1_chunk_8,46.656951904296875,65.74830627441406,0.7096298933029175,515.4706420898438,515.4706420898438,7.840060234069824,0.015209517273742302
sign_test_og_cel0.7__norm_original_radius,original_radius,24,1.0,1.0,1.0,0.1,5.0711989402771,8.516735348719816,9.650196075439453,20.05882453918457,-0.001351474318653345,-0.2532847821712494,1.159998219998838,2412346,new_cel_4to1_chunk_8,46.656951904296875,65.74830627441406,0.7096298933029175,515.4706420898438,515.4706420898438,7.840060234069824,0.015209517273742302
sign_test_og_cel0.7__norm_original_radius,original_radius,24,1.0,1.0,1.5,0.1,5.0714263916015625,10.72902904917601,10.126440048217773,23.767311096191406,-0.001351474318653345,-0.2532847821712494,1.159998219998838,2412346,new_cel_4to1_chunk_8,46.656951904296875,65.74830627441406,0.7096298933029175,515.4706420898438,515.4706420898438,7.840060234069824,0.015209517273742302
sign_test_og_cel0.8__norm_original_radius,original_radius,24,1.0,0.6,0.1,0.1,7.656135559082031,11.59265662425969,2.9538187980651855,3.1968960762023926,-0.0020035889465361834,-0.3755000829696655,1.159998219998838,2412346,new_cel_4to1_chunk_8,54.21889877319336,65.74830627441406,0.824643611907959,515.4706420898438,515.4706420898438,7.840060234069824,0.015209517273742302
sign_test_og_cel0.8__norm_original_radius,original_radius,24,1.0,0.6,0.5,0.1,6.48630952835083,13.982782699799287,4.184919834136963,6.451296329498291,-0.0020035889465361834,-0.3755000829696655,1.159998219998838,2412346,new_cel_4to1_chunk_8,54.21889877319336,65.74830627441406,0.824643611907959,515.4706420898438,515.4706420898438,7.840060234069824,0.015209517273742302
sign_test_og_cel0.8__norm_original_radius,original_radius,24,1.0,0.6,1.0,0.1,3.6556777954101562,8.653409156677071,5.171910762786865,10.05127239227295,-0.0020035889465361834,-0.3755000829696655,1.159998219998838,2412346,new_cel_4to1_chunk_8,54.21889877319336,65.74830627441406,0.824643611907959,515.4706420898438,515.4706420898438,7.840060234069824,0.015209517273742302
sign_test_og_cel0.8__norm_original_radius,original_radius,24,1.0,0.6,1.5,0.1,1.9538222551345825,5.318470390952989,5.582912921905518,12.31115436553955,-0.0020035889465361834,-0.3755000829696655,1.159998219998838,2412346,new_cel_4to1_chunk_8,54.21889877319336,65.74830627441406,0.824643611907959,515.4706420898438,515.4706420898438,7.840060234069824,0.015209517273742302
sign_test_og_cel0.8__norm_original_radius,original_radius,24,1.0,0.8,0.1,0.1,8.920170783996582,13.64642122863006,3.7000999450683594,4.046082496643066,-0.0020035889465361834,-0.3755000829696655,1.159998219998838,2412346,new_cel_4to1_chunk_8,54.21889877319336,65.74830627441406,0.824643611907959,515.4706420898438,515.4706420898438,7.840060234069824,0.015209517273742302
sign_test_og_cel0.8__norm_original_radius,original_radius,24,1.0,0.8,0.5,0.1,6.920616149902344,14.34768937636315,5.475770950317383,8.75274658203125,-0.0020035889465361834,-0.3755000829696655,1.159998219998838,2412346,new_cel_4to1_chunk_8,54.21889877319336,65.74830627441406,0.824643611907959,515.4706420898438,515.4706420898438,7.840060234069824,0.015209517273742302
sign_test_og_cel0.8__norm_original_radius,original_radius,24,1.0,0.8,1.0,0.1,4.63826322555542,10.112185973028453,6.787409782409668,13.665010452270508,-0.0020035889465361834,-0.3755000829696655,1.159998219998838,2412346,new_cel_4to1_chunk_8,54.21889877319336,65.74830627441406,0.824643611907959,515.4706420898438,515.4706420898438,7.840060234069824,0.015209517273742302
sign_test_og_cel0.8__norm_original_radius,original_radius,24,1.0,0.8,1.5,0.1,4.187037467956543,6.910019152852706,7.230823516845703,16.53770637512207,-0.0020035889465361834,-0.3755000829696655,1.159998219998838,2412346,new_cel_4to1_chunk_8,54.21889877319336,65.74830627441406,0.824643611907959,515.4706420898438,515.4706420898438,7.840060234069824,0.015209517273742302
sign_test_og_cel0.8__norm_original_radius,original_radius,24,1.0,1.0,0.1,0.1,10.533157348632812,15.810543416126002,5.542875289916992,6.200052738189697,-0.0020035889465361834,-0.3755000829696655,1.159998219998838,2412346,new_cel_4to1_chunk_8,54.21889877319336,65.74830627441406,0.824643611907959,515.4706420898438,515.4706420898438,7.840060234069824,0.015209517273742302
sign_test_og_cel0.8__norm_original_radius,original_radius,24,1.0,1.0,0.5,0.1,7.417710781097412,11.501748210621884,8.588088035583496,14.195259094238281,-0.0020035889465361834,-0.3755000829696655,1.159998219998838,2412346,new_cel_4to1_chunk_8,54.21889877319336,65.74830627441406,0.824643611907959,515.4706420898438,515.4706420898438,7.840060234069824,0.015209517273742302
sign_test_og_cel0.8__norm_original_radius,original_radius,24,1.0,1.0,1.0,0.1,5.115011215209961,9.86448342110694,10.262903213500977,21.04659652709961,-0.0020035889465361834,-0.3755000829696655,1.159998219998838,2412346,new_cel_4to1_chunk_8,54.21889877319336,65.74830627441406,0.824643611907959,515.4706420898438,515.4706420898438,7.840060234069824,0.015209517273742302
sign_test_og_cel0.8__norm_original_radius,original_radius,24,1.0,1.0,1.5,0.1,3.7099716663360596,8.436483492690257,10.568619728088379,24.511484146118164,-0.0020035889465361834,-0.3755000829696655,1.159998219998838,2412346,new_cel_4to1_chunk_8,54.21889877319336,65.74830627441406,0.824643611907959,515.4706420898438,515.4706420898438,7.840060234069824,0.015209517273742302
sign_test_og_cel0.9__norm_original_radius,original_radius,24,1.0,0.6,0.1,0.1,7.640133857727051,11.618723058095242,3.0136477947235107,3.262744426727295,-0.0026498413644731045,-0.4966166317462921,1.159998219998838,2412346,new_cel_4to1_chunk_8,67.30921936035156,65.74830627441406,1.023740530014038,515.4706420898438,515.4706420898438,7.840060234069824,0.015209517273742302
sign_test_og_cel0.9__norm_original_radius,original_radius,24,1.0,0.6,0.5,0.1,6.197543144226074,12.046913668599291,4.289356708526611,6.612545490264893,-0.0026498413644731045,-0.4966166317462921,1.159998219998838,2412346,new_cel_4to1_chunk_8,67.30921936035156,65.74830627441406,1.023740530014038,515.4706420898438,515.4706420898438,7.840060234069824,0.015209517273742302
sign_test_og_cel0.9__norm_original_radius,original_radius,24,1.0,0.6,1.0,0.1,3.939403533935547,9.305721408629173,5.315125942230225,10.340238571166992,-0.0026498413644731045,-0.4966166317462921,1.159998219998838,2412346,new_cel_4to1_chunk_8,67.30921936035156,65.74830627441406,1.023740530014038,515.4706420898438,515.4706420898438,7.840060234069824,0.015209517273742302
sign_test_og_cel0.9__norm_original_radius,original_radius,24,1.0,0.6,1.5,0.1,3.572648763656616,8.797783964242853,5.732487201690674,12.654897689819336,-0.0026498413644731045,-0.4966166317462921,1.159998219998838,2412346,new_cel_4to1_chunk_8,67.30921936035156,65.74830627441406,1.023740530014038,515.4706420898438,515.4706420898438,7.840060234069824,0.015209517273742302
sign_test_og_cel0.9__norm_original_radius,original_radius,24,1.0,0.8,0.1,0.1,8.940458297729492,13.668041353715893,3.986208915710449,4.379848003387451,-0.0026498413644731045,-0.4966166317462921,1.159998219998838,2412346,new_cel_4to1_chunk_8,67.30921936035156,65.74830627441406,1.023740530014038,515.4706420898438,515.4706420898438,7.840060234069824,0.015209517273742302
sign_test_og_cel0.9__norm_original_radius,original_radius,24,1.0,0.8,0.5,0.1,6.779178142547607,13.35239058991101,5.946310043334961,9.505770683288574,-0.0026498413644731045,-0.4966166317462921,1.159998219998838,2412346,new_cel_4to1_chunk_8,67.30921936035156,65.74830627441406,1.023740530014038,515.4706420898438,515.4706420898438,7.840060234069824,0.015209517273742302
sign_test_og_cel0.9__norm_original_radius,original_radius,24,1.0,0.8,1.0,0.1,3.8268494606018066,7.166711080553114,7.26600980758667,14.617131233215332,-0.0026498413644731045,-0.4966166317462921,1.159998219998838,2412346,new_cel_4to1_chunk_8,67.30921936035156,65.74830627441406,1.023740530014038,515.4706420898438,515.4706420898438,7.840060234069824,0.015209517273742302
sign_test_og_cel0.9__norm_original_radius,original_radius,24,1.0,0.8,1.5,0.1,4.073797225952148,9.302855035616176,7.6495041847229,17.481414794921875,-0.0026498413644731045,-0.4966166317462921,1.159998219998838,2412346,new_cel_4to1_chunk_8,67.30921936035156,65.74830627441406,1.023740530014038,515.4706420898438,515.4706420898438,7.840060234069824,0.015209517273742302
sign_test_og_cel0.9__norm_original_radius,original_radius,24,1.0,1.0,0.1,0.1,8.879673957824707,13.057799915343168,5.94036865234375,7.944534778594971,-0.0026498413644731045,-0.4966166317462921,1.159998219998838,2412346,new_cel_4to1_chunk_8,67.30921936035156,65.74830627441406,1.023740530014038,515.4706420898438,515.4706420898438,7.840060234069824,0.015209517273742302
sign_test_og_cel0.9__norm_original_radius,original_radius,24,1.0,1.0,0.5,0.1,5.678316116333008,10.482479230571471,10.357504844665527,17.836658477783203,-0.0026498413644731045,-0.4966166317462921,1.159998219998838,2412346,new_cel_4to1_chunk_8,67.30921936035156,65.74830627441406,1.023740530014038,515.4706420898438,515.4706420898438,7.840060234069824,0.015209517273742302
sign_test_og_cel0.9__norm_original_radius,original_radius,24,1.0,1.0,1.0,0.1,4.049016952514648,8.015094454922878,11.956974029541016,24.59703826904297,-0.0026498413644731045,-0.4966166317462921,1.159998219998838,2412346,new_cel_4to1_chunk_8,67.30921936035156,65.74830627441406,1.023740530014038,515.4706420898438,515.4706420898438,7.840060234069824,0.015209517273742302
sign_test_og_cel0.9__norm_original_radius,original_radius,24,1.0,1.0,1.5,0.1,3.6513309478759766,5.694554566269488,12.105705261230469,27.80643081665039,-0.0026498413644731045,-0.4966166317462921,1.159998219998838,2412346,new_cel_4to1_chunk_8,67.30921936035156,65.74830627441406,1.023740530014038,515.4706420898438,515.4706420898438,7.840060234069824,0.015209517273742302
sign_test_og_cel1.0__norm_original_radius,original_radius,24,1.0,0.6,0.1,0.1,7.875060558319092,11.605167998969591,2.9220612049102783,3.1787569522857666,-0.003372995415702462,-0.6321457028388977,1.159998219998838,2412346,new_cel_4to1_chunk_8,100.55933380126953,65.74830627441406,1.529458999633789,515.4706420898438,515.4706420898438,7.840060234069824,0.015209517273742302
sign_test_og_cel1.0__norm_original_radius,original_radius,24,1.0,0.6,0.5,0.1,5.988552570343018,12.907144096006618,4.164011001586914,6.3656110763549805,-0.003372995415702462,-0.6321457028388977,1.159998219998838,2412346,new_cel_4to1_chunk_8,100.55933380126953,65.74830627441406,1.529458999633789,515.4706420898438,515.4706420898438,7.840060234069824,0.015209517273742302
sign_test_og_cel1.0__norm_original_radius,original_radius,24,1.0,0.6,1.0,0.1,2.7253823280334473,4.627832432455762,5.105094909667969,9.82311725616455,-0.003372995415702462,-0.6321457028388977,1.159998219998838,2412346,new_cel_4to1_chunk_8,100.55933380126953,65.74830627441406,1.529458999633789,515.4706420898438,515.4706420898438,7.840060234069824,0.015209517273742302
sign_test_og_cel1.0__norm_original_radius,original_radius,24,1.0,0.6,1.5,0.1,2.0006823539733887,5.37668736675937,5.495339870452881,12.032588958740234,-0.003372995415702462,-0.6321457028388977,1.159998219998838,2412346,new_cel_4to1_chunk_8,100.55933380126953,65.74830627441406,1.529458999633789,515.4706420898438,515.4706420898438,7.840060234069824,0.015209517273742302
sign_test_og_cel1.0__norm_original_radius,original_radius,24,1.0,0.8,0.1,0.1,8.396838188171387,12.33018753761636,5.064255237579346,5.745389461517334,-0.003372995415702462,-0.6321457028388977,1.159998219998838,2412346,new_cel_4to1_chunk_8,100.55933380126953,65.74830627441406,1.529458999633789,515.4706420898438,515.4706420898438,7.840060234069824,0.015209517273742302
sign_test_og_cel1.0__norm_original_radius,original_radius,24,1.0,0.8,0.5,0.1,7.277853965759277,13.724576116406439,6.55385684967041,10.451998710632324,-0.003372995415702462,-0.6321457028388977,1.159998219998838,2412346,new_cel_4to1_chunk_8,100.55933380126953,65.74830627441406,1.529458999633789,515.4706420898438,515.4706420898438,7.840060234069824,0.015209517273742302
sign_test_og_cel1.0__norm_original_radius,original_radius,24,1.0,0.8,1.0,0.1,5.269283294677734,11.870483091570918,7.379752159118652,14.77582836151123,-0.003372995415702462,-0.6321457028388977,1.159998219998838,2412346,new_cel_4to1_chunk_8,100.55933380126953,65.74830627441406,1.529458999633789,515.4706420898438,515.4706420898438,7.840060234069824,0.015209517273742302
sign_test_og_cel1.0__norm_original_radius,original_radius,24,1.0,0.8,1.5,0.1,4.394234657287598,8.958788922636506,7.546474933624268,17.279577255249023,-0.003372995415702462,-0.6321457028388977,1.159998219998838,2412346,new_cel_4to1_chunk_8,100.55933380126953,65.74830627441406,1.529458999633789,515.4706420898438,515.4706420898438,7.840060234069824,0.015209517273742302
sign_test_og_cel1.0__norm_original_radius,original_radius,24,1.0,1.0,0.1,0.1,6.581598281860352,8.868091327290308,2.405651092529297,5.129802227020264,-0.003372995415702462,-0.6321457028388977,1.159998219998838,2412346,new_cel_4to1_chunk_8,100.55933380126953,65.74830627441406,1.529458999633789,515.4706420898438,515.4706420898438,7.840060234069824,0.015209517273742302
sign_test_og_cel1.0__norm_original_radius,original_radius,24,1.0,1.0,0.5,0.1,5.047898769378662,11.920576061518943,8.171504020690918,16.466203689575195,-0.003372995415702462,-0.6321457028388977,1.159998219998838,2412346,new_cel_4to1_chunk_8,100.55933380126953,65.74830627441406,1.529458999633789,515.4706420898438,515.4706420898438,7.840060234069824,0.015209517273742302
sign_test_og_cel1.0__norm_original_radius,original_radius,24,1.0,1.0,1.0,0.1,5.354755878448486,11.264291134798611,13.495598793029785,29.802122116088867,-0.003372995415702462,-0.6321457028388977,1.159998219998838,2412346,new_cel_4to1_chunk_8,100.55933380126953,65.74830627441406,1.529458999633789,515.4706420898438,515.4706420898438,7.840060234069824,0.015209517273742302
sign_test_og_cel1.0__norm_original_radius,original_radius,24,1.0,1.0,1.5,0.1,3.435941219329834,6.262174541071246,13.830147743225098,31.612653732299805,-0.003372995415702462,-0.6321457028388977,1.159998219998838,2412346,new_cel_4to1_chunk_8,100.55933380126953,65.74830627441406,1.529458999633789,515.4706420898438,515.4706420898438,7.840060234069824,0.015209517273742302
sign_test_og_cel0.22058823529411764__norm_original_radius,original_radius,25,1.0,0.6,0.1,0.1,7.626415252685547,10.96325517624698,2.950502395629883,3.1938843727111816,0.0017580210696905851,0.3442190885543823,1.1599981092351386,2512346,new_cel_4to1_chunk_8,54.1669807434082,68.69010162353516,0.7885704040527344,515.4706420898438,515.4706420898438,7.504292964935303,0.014558138310533113
sign_test_og_cel0.22058823529411764__norm_original_radius,original_radius,25,1.0,0.6,0.5,0.1,5.091259002685547,11.118842160363997,4.106368541717529,6.377383708953857,0.0017580210696905851,0.3442190885543823,1.1599981092351386,2512346,new_cel_4to1_chunk_8,54.1669807434082,68.69010162353516,0.7885704040527344,515.4706420898438,515.4706420898438,7.504292964935303,0.014558138310533113
sign_test_og_cel0.22058823529411764__norm_original_radius,original_radius,25,1.0,0.6,1.0,0.1,3.7128002643585205,7.455899898731246,4.94831657409668,9.699484825134277,0.0017580210696905851,0.3442190885543823,1.1599981092351386,2512346,new_cel_4to1_chunk_8,54.1669807434082,68.69010162353516,0.7885704040527344,515.4706420898438,515.4706420898438,7.504292964935303,0.014558138310533113
sign_test_og_cel0.22058823529411764__norm_original_radius,original_radius,25,1.0,0.6,1.5,0.1,1.8079252243041992,3.796420787379546,5.27616024017334,11.665209770202637,0.0017580210696905851,0.3442190885543823,1.1599981092351386,2512346,new_cel_4to1_chunk_8,54.1669807434082,68.69010162353516,0.7885704040527344,515.4706420898438,515.4706420898438,7.504292964935303,0.014558138310533113
sign_test_og_cel0.22058823529411764__norm_original_radius,original_radius,25,1.0,0.8,0.1,0.1,8.964982986450195,13.088101064115499,3.439096450805664,3.754983901977539,0.0017580210696905851,0.3442190885543823,1.1599981092351386,2512346,new_cel_4to1_chunk_8,54.1669807434082,68.69010162353516,0.7885704040527344,515.4706420898438,515.4706420898438,7.504292964935303,0.014558138310533113
sign_test_og_cel0.22058823529411764__norm_original_radius,original_radius,25,1.0,0.8,0.5,0.1,6.662449836730957,13.552558983430686,4.974567890167236,7.998943328857422,0.0017580210696905851,0.3442190885543823,1.1599981092351386,2512346,new_cel_4to1_chunk_8,54.1669807434082,68.69010162353516,0.7885704040527344,515.4706420898438,515.4706420898438,7.504292964935303,0.014558138310533113
sign_test_og_cel0.22058823529411764__norm_original_radius,original_radius,25,1.0,0.8,1.0,0.1,3.4884605407714844,7.214371270671582,6.080533027648926,12.407812118530273,0.0017580210696905851,0.3442190885543823,1.1599981092351386,2512346,new_cel_4to1_chunk_8,54.1669807434082,68.69010162353516,0.7885704040527344,515.4706420898438,515.4706420898438,7.504292964935303,0.014558138310533113
sign_test_og_cel0.22058823529411764__norm_original_radius,original_radius,25,1.0,0.8,1.5,0.1,3.140976905822754,6.75845379682962,6.478375434875488,14.964170455932617,0.0017580210696905851,0.3442190885543823,1.1599981092351386,2512346,new_cel_4to1_chunk_8,54.1669807434082,68.69010162353516,0.7885704040527344,515.4706420898438,515.4706420898438,7.504292964935303,0.014558138310533113
sign_test_og_cel0.22058823529411764__norm_original_radius,original_radius,25,1.0,1.0,0.1,0.1,11.231965065002441,16.540933399267733,4.405091762542725,4.869176864624023,0.0017580210696905851,0.3442190885543823,1.1599981092351386,2512346,new_cel_4to1_chunk_8,54.1669807434082,68.69010162353516,0.7885704040527344,515.4706420898438,515.4706420898438,7.504292964935303,0.014558138310533113
sign_test_og_cel0.22058823529411764__norm_original_radius,original_radius,25,1.0,1.0,0.5,0.1,7.272198677062988,15.784230145002766,6.603768348693848,11.048932075500488,0.0017580210696905851,0.3442190885543823,1.1599981092351386,2512346,new_cel_4to1_chunk_8,54.1669807434082,68.69010162353516,0.7885704040527344,515.4706420898438,515.4706420898438,7.504292964935303,0.014558138310533113
sign_test_og_cel0.22058823529411764__norm_original_radius,original_radius,25,1.0,1.0,1.0,0.1,6.2477498054504395,12.445140517336913,8.083544731140137,17.103012084960938,0.0017580210696905851,0.3442190885543823,1.1599981092351386,2512346,new_cel_4to1_chunk_8,54.1669807434082,68.69010162353516,0.7885704040527344,515.4706420898438,515.4706420898438,7.504292964935303,0.014558138310533113
sign_test_og_cel0.22058823529411764__norm_original_radius,original_radius,25,1.0,1.0,1.5,0.1,5.0505571365356445,9.07162853770363,8.557245254516602,20.45785903930664,0.0017580210696905851,0.3442190885543823,1.1599981092351386,2512346,new_cel_4to1_chunk_8,54.1669807434082,68.69010162353516,0.7885704040527344,515.4706420898438,515.4706420898438,7.504292964935303,0.014558138310533113
sign_test_og_cel0.0__norm_original_radius,original_radius,25,1.0,0.6,0.1,0.1,4.42948579788208,6.321003131142362,2.642427444458008,3.0524682998657227,0.0032285398337990046,0.6321455240249634,1.1599981092351386,2512346,new_cel_4to1_chunk_8,100.5592269897461,68.69010162353516,1.463956594467163,515.4706420898438,515.4706420898438,7.504292964935303,0.014558138310533113
sign_test_og_cel0.0__norm_original_radius,original_radius,25,1.0,0.6,0.5,0.1,3.5824575424194336,7.0810443068466355,4.6365065574646,7.774400234222412,0.0032285398337990046,0.6321455240249634,1.1599981092351386,2512346,new_cel_4to1_chunk_8,100.5592269897461,68.69010162353516,1.463956594467163,515.4706420898438,515.4706420898438,7.504292964935303,0.014558138310533113
sign_test_og_cel0.0__norm_original_radius,original_radius,25,1.0,0.6,1.0,0.1,2.369049072265625,6.624220261897335,6.648340702056885,13.574891090393066,0.0032285398337990046,0.6321455240249634,1.1599981092351386,2512346,new_cel_4to1_chunk_8,100.5592269897461,68.69010162353516,1.463956594467163,515.4706420898438,515.4706420898438,7.504292964935303,0.014558138310533113
sign_test_og_cel0.0__norm_original_radius,original_radius,25,1.0,0.6,1.5,0.1,2.587110757827759,6.988337016255457,8.266021728515625,17.83430290222168,0.0032285398337990046,0.6321455240249634,1.1599981092351386,2512346,new_cel_4to1_chunk_8,100.5592269897461,68.69010162353516,1.463956594467163,515.4706420898438,515.4706420898438,7.504292964935303,0.014558138310533113
sign_test_og_cel0.0__norm_original_radius,original_radius,25,1.0,0.8,0.1,0.1,5.236896991729736,7.970914207316767,2.898333787918091,3.391824722290039,0.0032285398337990046,0.6321455240249634,1.1599981092351386,2512346,new_cel_4to1_chunk_8,100.5592269897461,68.69010162353516,1.463956594467163,515.4706420898438,515.4706420898438,7.504292964935303,0.014558138310533113
sign_test_og_cel0.0__norm_original_radius,original_radius,25,1.0,0.8,0.5,0.1,4.40851354598999,9.475512413982358,5.402833938598633,9.360458374023438,0.0032285398337990046,0.6321455240249634,1.1599981092351386,2512346,new_cel_4to1_chunk_8,100.5592269897461,68.69010162353516,1.463956594467163,515.4706420898438,515.4706420898438,7.504292964935303,0.014558138310533113
sign_test_og_cel0.0__norm_original_radius,original_radius,25,1.0,0.8,1.0,0.1,2.534407377243042,4.666473638545007,7.948335647583008,16.949201583862305,0.0032285398337990046,0.6321455240249634,1.1599981092351386,2512346,new_cel_4to1_chunk_8,100.5592269897461,68.69010162353516,1.463956594467163,515.4706420898438,515.4706420898438,7.504292964935303,0.014558138310533113
sign_test_og_cel0.0__norm_original_radius,original_radius,25,1.0,0.8,1.5,0.1,2.8198723793029785,6.127288440667854,9.41876220703125,21.700796127319336,0.0032285398337990046,0.6321455240249634,1.1599981092351386,2512346,new_cel_4to1_chunk_8,100.5592269897461,68.69010162353516,1.463956594467163,515.4706420898438,515.4706420898438,7.504292964935303,0.014558138310533113
sign_test_og_cel0.0__norm_original_radius,original_radius,25,1.0,1.0,0.1,0.1,5.134507179260254,9.113890843040153,3.280198574066162,3.898491621017456,0.0032285398337990046,0.6321455240249634,1.1599981092351386,2512346,new_cel_4to1_chunk_8,100.5592269897461,68.69010162353516,1.463956594467163,515.4706420898438,515.4706420898438,7.504292964935303,0.014558138310533113
sign_test_og_cel0.0__norm_original_radius,original_radius,25,1.0,1.0,0.5,0.1,5.109328269958496,11.64776629658661,6.584172248840332,11.815518379211426,0.0032285398337990046,0.6321455240249634,1.1599981092351386,2512346,new_cel_4to1_chunk_8,100.5592269897461,68.69010162353516,1.463956594467163,515.4706420898438,515.4706420898438,7.504292964935303,0.014558138310533113
sign_test_og_cel0.0__norm_original_radius,original_radius,25,1.0,1.0,1.0,0.1,4.213383674621582,9.729102994251264,11.308610916137695,23.989622116088867,0.0032285398337990046,0.6321455240249634,1.1599981092351386,2512346,new_cel_4to1_chunk_8,100.5592269897461,68.69010162353516,1.463956594467163,515.4706420898438,515.4706420898438,7.504292964935303,0.014558138310533113
sign_test_og_cel0.0__norm_original_radius,original_radius,25,1.0,1.0,1.5,0.1,3.287137985229492,6.714815693546242,11.087258338928223,25.89704704284668,0.0032285398337990046,0.6321455240249634,1.1599981092351386,2512346,new_cel_4to1_chunk_8,100.5592269897461,68.69010162353516,1.463956594467163,515.4706420898438,515.4706420898438,7.504292964935303,0.014558138310533113
sign_test_og_cel0.1__norm_original_radius,original_radius,25,1.0,0.6,0.1,0.1,6.020186901092529,9.49292732024162,2.9669337272644043,3.395963191986084,0.002575306221842766,0.5042428374290466,1.1599981092351386,2512346,new_cel_4to1_chunk_8,80.56769561767578,68.69010162353516,1.1729153394699097,515.4706420898438,515.4706420898438,7.504292964935303,0.014558138310533113
sign_test_og_cel0.1__norm_original_radius,original_radius,25,1.0,0.6,0.5,0.1,5.436795234680176,13.651156537443926,4.923684120178223,8.092647552490234,0.002575306221842766,0.5042428374290466,1.1599981092351386,2512346,new_cel_4to1_chunk_8,80.56769561767578,68.69010162353516,1.1729153394699097,515.4706420898438,515.4706420898438,7.504292964935303,0.014558138310533113
sign_test_og_cel0.1__norm_original_radius,original_radius,25,1.0,0.6,1.0,0.1,3.6856203079223633,9.429239293249765,6.919043064117432,13.309049606323242,0.002575306221842766,0.5042428374290466,1.1599981092351386,2512346,new_cel_4to1_chunk_8,80.56769561767578,68.69010162353516,1.1729153394699097,515.4706420898438,515.4706420898438,7.504292964935303,0.014558138310533113
sign_test_og_cel0.1__norm_original_radius,original_radius,25,1.0,0.6,1.5,0.1,3.023735761642456,7.074882031510981,6.58991003036499,14.479195594787598,0.002575306221842766,0.5042428374290466,1.1599981092351386,2512346,new_cel_4to1_chunk_8,80.56769561767578,68.69010162353516,1.1729153394699097,515.4706420898438,515.4706420898438,7.504292964935303,0.014558138310533113
sign_test_og_cel0.1__norm_original_radius,original_radius,25,1.0,0.8,0.1,0.1,7.250282287597656,10.879963164461572,3.405212163925171,3.952969789505005,0.002575306221842766,0.5042428374290466,1.1599981092351386,2512346,new_cel_4to1_chunk_8,80.56769561767578,68.69010162353516,1.1729153394699097,515.4706420898438,515.4706420898438,7.504292964935303,0.014558138310533113
sign_test_og_cel0.1__norm_original_radius,original_radius,25,1.0,0.8,0.5,0.1,5.013816833496094,10.861052159810015,6.016571998596191,10.272007942199707,0.002575306221842766,0.5042428374290466,1.1599981092351386,2512346,new_cel_4to1_chunk_8,80.56769561767578,68.69010162353516,1.1729153394699097,515.4706420898438,515.4706420898438,7.504292964935303,0.014558138310533113
sign_test_og_cel0.1__norm_original_radius,original_radius,25,1.0,0.8,1.0,0.1,4.286110877990723,10.231717010487444,8.187443733215332,16.40697479248047,0.002575306221842766,0.5042428374290466,1.1599981092351386,2512346,new_cel_4to1_chunk_8,80.56769561767578,68.69010162353516,1.1729153394699097,515.4706420898438,515.4706420898438,7.504292964935303,0.014558138310533113
sign_test_og_cel0.1__norm_original_radius,original_radius,25,1.0,0.8,1.5,0.1,3.143739700317383,5.201107713493101,7.916496753692627,18.11579704284668,0.002575306221842766,0.5042428374290466,1.1599981092351386,2512346,new_cel_4to1_chunk_8,80.56769561767578,68.69010162353516,1.1729153394699097,515.4706420898438,515.4706420898438,7.504292964935303,0.014558138310533113
sign_test_og_cel0.1__norm_original_radius,original_radius,25,1.0,1.0,0.1,0.1,8.076089859008789,13.638212384978715,4.166787624359131,4.921821594238281,0.002575306221842766,0.5042428374290466,1.1599981092351386,2512346,new_cel_4to1_chunk_8,80.56769561767578,68.69010162353516,1.1729153394699097,515.4706420898438,515.4706420898438,7.504292964935303,0.014558138310533113
sign_test_og_cel0.1__norm_original_radius,original_radius,25,1.0,1.0,0.5,0.1,5.985091209411621,14.358751457565404,7.911755084991455,14.000505447387695,0.002575306221842766,0.5042428374290466,1.1599981092351386,2512346,new_cel_4to1_chunk_8,80.56769561767578,68.69010162353516,1.1729153394699097,515.4706420898438,515.4706420898438,7.504292964935303,0.014558138310533113
sign_test_og_cel0.1__norm_original_radius,original_radius,25,1.0,1.0,1.0,0.1,5.531332969665527,11.979536652676643,10.14249324798584,21.209810256958008,0.002575306221842766,0.5042428374290466,1.1599981092351386,2512346,new_cel_4to1_chunk_8,80.56769561767578,68.69010162353516,1.1729153394699097,515.4706420898438,515.4706420898438,7.504292964935303,0.014558138310533113
sign_test_og_cel0.1__norm_original_radius,original_radius,25,1.0,1.0,1.5,0.1,3.972564220428467,8.330082254060244,9.954757690429688,23.719629287719727,0.002575306221842766,0.5042428374290466,1.1599981092351386,2512346,new_cel_4to1_chunk_8,80.56769561767578,68.69010162353516,1.1729153394699097,515.4706420898438,515.4706420898438,7.504292964935303,0.014558138310533113
sign_test_og_cel0.2__norm_original_radius,original_radius,25,1.0,0.6,0.1,0.1,7.264705181121826,11.1959464486023,2.9722211360931396,3.2630765438079834,0.001904247677884996,0.37285012006759644,1.1599981092351386,2512346,new_cel_4to1_chunk_8,56.60032653808594,68.69010162353516,0.8239948749542236,515.4706420898438,515.4706420898438,7.504292964935303,0.014558138310533113
sign_test_og_cel0.2__norm_original_radius,original_radius,25,1.0,0.6,0.5,0.1,5.515559196472168,13.441475278334508,4.270705223083496,6.763219356536865,0.001904247677884996,0.37285012006759644,1.1599981092351386,2512346,new_cel_4to1_chunk_8,56.60032653808594,68.69010162353516,0.8239948749542236,515.4706420898438,515.4706420898438,7.504292964935303,0.014558138310533113
sign_test_og_cel0.2__norm_original_radius,original_radius,25,1.0,0.6,1.0,0.1,3.451354503631592,8.654838335927877,5.2125372886657715,10.284863471984863,0.001904247677884996,0.37285012006759644,1.1599981092351386,2512346,new_cel_4to1_chunk_8,56.60032653808594,68.69010162353516,0.8239948749542236,515.4706420898438,515.4706420898438,7.504292964935303,0.014558138310533113
sign_test_og_cel0.2__norm_original_radius,original_radius,25,1.0,0.6,1.5,0.1,2.069852590560913,5.274225777880872,5.562857151031494,12.389026641845703,0.001904247677884996,0.37285012006759644,1.1599981092351386,2512346,new_cel_4to1_chunk_8,56.60032653808594,68.69010162353516,0.8239948749542236,515.4706420898438,515.4706420898438,7.504292964935303,0.014558138310533113
sign_test_og_cel0.2__norm_original_radius,original_radius,25,1.0,0.8,0.1,0.1,8.215895652770996,12.984217066174615,3.49226713180542,3.8715593814849854,0.001904247677884996,0.37285012006759644,1.1599981092351386,2512346,new_cel_4to1_chunk_8,56.60032653808594,68.69010162353516,0.8239948749542236,515.4706420898438,515.4706420898438,7.504292964935303,0.014558138310533113
sign_test_og_cel0.2__norm_original_radius,original_radius,25,1.0,0.8,0.5,0.1,5.974265098571777,12.922119197471602,5.229650020599365,8.596919059753418,0.001904247677884996,0.37285012006759644,1.1599981092351386,2512346,new_cel_4to1_chunk_8,56.60032653808594,68.69010162353516,0.8239948749542236,515.4706420898438,515.4706420898438,7.504292964935303,0.014558138310533113
sign_test_og_cel0.2__norm_original_radius,original_radius,25,1.0,0.8,1.0,0.1,4.810997009277344,11.186304888452042,6.436094284057617,13.240168571472168,0.001904247677884996,0.37285012006759644,1.1599981092351386,2512346,new_cel_4to1_chunk_8,56.60032653808594,68.69010162353516,0.8239948749542236,515.4706420898438,515.4706420898438,7.504292964935303,0.014558138310533113
sign_test_og_cel0.2__norm_original_radius,original_radius,25,1.0,0.8,1.5,0.1,3.7932770252227783,7.815128159530531,6.842865943908691,15.906106948852539,0.001904247677884996,0.37285012006759644,1.1599981092351386,2512346,new_cel_4to1_chunk_8,56.60032653808594,68.69010162353516,0.8239948749542236,515.4706420898438,515.4706420898438,7.504292964935303,0.014558138310533113
sign_test_og_cel0.2__norm_original_radius,original_radius,25,1.0,1.0,0.1,0.1,9.954062461853027,16.00578861002813,4.453841686248779,5.0043487548828125,0.001904247677884996,0.37285012006759644,1.1599981092351386,2512346,new_cel_4to1_chunk_8,56.60032653808594,68.69010162353516,0.8239948749542236,515.4706420898438,515.4706420898438,7.504292964935303,0.014558138310533113
sign_test_og_cel0.2__norm_original_radius,original_radius,25,1.0,1.0,0.5,0.1,7.476221084594727,14.943697118404089,6.919899940490723,11.837630271911621,0.001904247677884996,0.37285012006759644,1.1599981092351386,2512346,new_cel_4to1_chunk_8,56.60032653808594,68.69010162353516,0.8239948749542236,515.4706420898438,515.4706420898438,7.504292964935303,0.014558138310533113
sign_test_og_cel0.2__norm_original_radius,original_radius,25,1.0,1.0,1.0,0.1,6.205433368682861,10.085161778660336,8.495348930358887,18.121843338012695,0.001904247677884996,0.37285012006759644,1.1599981092351386,2512346,new_cel_4to1_chunk_8,56.60032653808594,68.69010162353516,0.8239948749542236,515.4706420898438,515.4706420898438,7.504292964935303,0.014558138310533113
sign_test_og_cel0.2__norm_original_radius,original_radius,25,1.0,1.0,1.5,0.1,5.246592044830322,11.302692019869937,8.967524528503418,21.52471923828125,0.001904247677884996,0.37285012006759644,1.1599981092351386,2512346,new_cel_4to1_chunk_8,56.60032653808594,68.69010162353516,0.8239948749542236,515.4706420898438,515.4706420898438,7.504292964935303,0.014558138310533113
sign_test_og_cel0.3__norm_original_radius,original_radius,25,1.0,0.6,0.1,0.1,7.690842151641846,11.177542215834514,3.027231454849243,3.284775495529175,0.0012985458597540855,0.25425419211387634,1.1599981092351386,2512346,new_cel_4to1_chunk_8,53.028076171875,68.69010162353516,0.7719900012016296,515.4706420898438,515.4706420898438,7.504292964935303,0.014558138310533113
sign_test_og_cel0.3__norm_original_radius,original_radius,25,1.0,0.6,0.5,0.1,6.060882091522217,13.778563494054282,4.293166160583496,6.634897232055664,0.0012985458597540855,0.25425419211387634,1.1599981092351386,2512346,new_cel_4to1_chunk_8,53.028076171875,68.69010162353516,0.7719900012016296,515.4706420898438,515.4706420898438,7.504292964935303,0.014558138310533113
sign_test_og_cel0.3__norm_original_radius,original_radius,25,1.0,0.6,1.0,0.1,4.464242458343506,10.122439778109083,5.26264762878418,10.257801055908203,0.0012985458597540855,0.25425419211387634,1.1599981092351386,2512346,new_cel_4to1_chunk_8,53.028076171875,68.69010162353516,0.7719900012016296,515.4706420898438,515.4706420898438,7.504292964935303,0.014558138310533113
sign_test_og_cel0.3__norm_original_radius,original_radius,25,1.0,0.6,1.5,0.1,3.2736833095550537,6.689054921355279,5.642795562744141,12.439714431762695,0.0012985458597540855,0.25425419211387634,1.1599981092351386,2512346,new_cel_4to1_chunk_8,53.028076171875,68.69010162353516,0.7719900012016296,515.4706420898438,515.4706420898438,7.504292964935303,0.014558138310533113
sign_test_og_cel0.3__norm_original_radius,original_radius,25,1.0,0.8,0.1,0.1,9.158265113830566,13.22408635848906,3.626168727874756,3.969147205352783,0.0012985458597540855,0.25425419211387634,1.1599981092351386,2512346,new_cel_4to1_chunk_8,53.028076171875,68.69010162353516,0.7719900012016296,515.4706420898438,515.4706420898438,7.504292964935303,0.014558138310533113
sign_test_og_cel0.3__norm_original_radius,original_radius,25,1.0,0.8,0.5,0.1,5.872138977050781,12.830924152095402,5.32488489151001,8.506927490234375,0.0012985458597540855,0.25425419211387634,1.1599981092351386,2512346,new_cel_4to1_chunk_8,53.028076171875,68.69010162353516,0.7719900012016296,515.4706420898438,515.4706420898438,7.504292964935303,0.014558138310533113
sign_test_og_cel0.3__norm_original_radius,original_radius,25,1.0,0.8,1.0,0.1,4.76356840133667,10.648313747509098,6.570992469787598,13.275279998779297,0.0012985458597540855,0.25425419211387634,1.1599981092351386,2512346,new_cel_4to1_chunk_8,53.028076171875,68.69010162353516,0.7719900012016296,515.4706420898438,515.4706420898438,7.504292964935303,0.014558138310533113
sign_test_og_cel0.3__norm_original_radius,original_radius,25,1.0,0.8,1.5,0.1,3.6289665699005127,8.783854563990872,7.012603759765625,16.04928970336914,0.0012985458597540855,0.25425419211387634,1.1599981092351386,2512346,new_cel_4to1_chunk_8,53.028076171875,68.69010162353516,0.7719900012016296,515.4706420898438,515.4706420898438,7.504292964935303,0.014558138310533113
sign_test_og_cel0.3__norm_original_radius,original_radius,25,1.0,1.0,0.1,0.1,11.13416576385498,16.066596642840246,4.890545845031738,5.417219638824463,0.0012985458597540855,0.25425419211387634,1.1599981092351386,2512346,new_cel_4to1_chunk_8,53.028076171875,68.69010162353516,0.7719900012016296,515.4706420898438,515.4706420898438,7.504292964935303,0.014558138310533113
sign_test_og_cel0.3__norm_original_radius,original_radius,25,1.0,1.0,0.5,0.1,7.763251781463623,14.530356939325602,7.249403476715088,12.032464981079102,0.0012985458597540855,0.25425419211387634,1.1599981092351386,2512346,new_cel_4to1_chunk_8,53.028076171875,68.69010162353516,0.7719900012016296,515.4706420898438,515.4706420898438,7.504292964935303,0.014558138310533113
sign_test_og_cel0.3__norm_original_radius,original_radius,25,1.0,1.0,1.0,0.1,5.421479225158691,11.16036529715889,8.826324462890625,18.36166763305664,0.0012985458597540855,0.25425419211387634,1.1599981092351386,2512346,new_cel_4to1_chunk_8,53.028076171875,68.69010162353516,0.7719900012016296,515.4706420898438,515.4706420898438,7.504292964935303,0.014558138310533113
sign_test_og_cel0.3__norm_original_radius,original_radius,25,1.0,1.0,1.5,0.1,4.406805992126465,9.922438251477168,9.314709663391113,21.80397605895996,0.0012985458597540855,0.25425419211387634,1.1599981092351386,2512346,new_cel_4to1_chunk_8,53.028076171875,68.69010162353516,0.7719900012016296,515.4706420898438,515.4706420898438,7.504292964935303,0.014558138310533113
sign_test_og_cel0.4__norm_original_radius,original_radius,25,1.0,0.6,0.1,0.1,7.334624767303467,10.663398545357966,3.15024733543396,3.4166290760040283,0.0007142992108128965,0.13985919952392578,1.1599981092351386,2512346,new_cel_4to1_chunk_8,51.525020599365234,68.69010162353516,0.750108540058136,515.4706420898438,515.4706420898438,7.504292964935303,0.014558138310533113
sign_test_og_cel0.4__norm_original_radius,original_radius,25,1.0,0.6,0.5,0.1,6.062257289886475,13.561963029661058,4.487946510314941,6.944643497467041,0.0007142992108128965,0.13985919952392578,1.1599981092351386,2512346,new_cel_4to1_chunk_8,51.525020599365234,68.69010162353516,0.750108540058136,515.4706420898438,515.4706420898438,7.504292964935303,0.014558138310533113
sign_test_og_cel0.4__norm_original_radius,original_radius,25,1.0,0.6,1.0,0.1,4.335301399230957,9.859791129164591,5.555052757263184,10.867039680480957,0.0007142992108128965,0.13985919952392578,1.1599981092351386,2512346,new_cel_4to1_chunk_8,51.525020599365234,68.69010162353516,0.750108540058136,515.4706420898438,515.4706420898438,7.504292964935303,0.014558138310533113
sign_test_og_cel0.4__norm_original_radius,original_radius,25,1.0,0.6,1.5,0.1,2.6340763568878174,6.849354095628502,6.0048651695251465,13.25816822052002,0.0007142992108128965,0.13985919952392578,1.1599981092351386,2512346,new_cel_4to1_chunk_8,51.525020599365234,68.69010162353516,0.750108540058136,515.4706420898438,515.4706420898438,7.504292964935303,0.014558138310533113
sign_test_og_cel0.4__norm_original_radius,original_radius,25,1.0,0.8,0.1,0.1,8.564919471740723,12.728333081152241,3.738485097885132,4.102658271789551,0.0007142992108128965,0.13985919952392578,1.1599981092351386,2512346,new_cel_4to1_chunk_8,51.525020599365234,68.69010162353516,0.750108540058136,515.4706420898438,515.4706420898438,7.504292964935303,0.014558138310533113
sign_test_og_cel0.4__norm_original_radius,original_radius,25,1.0,0.8,0.5,0.1,6.906479358673096,14.519151662506243,5.526271343231201,8.885308265686035,0.0007142992108128965,0.13985919952392578,1.1599981092351386,2512346,new_cel_4to1_chunk_8,51.525020599365234,68.69010162353516,0.750108540058136,515.4706420898438,515.4706420898438,7.504292964935303,0.014558138310533113
sign_test_og_cel0.4__norm_original_radius,original_radius,25,1.0,0.8,1.0,0.1,4.416014671325684,8.736745996754422,6.881937026977539,13.981406211853027,0.0007142992108128965,0.13985919952392578,1.1599981092351386,2512346,new_cel_4to1_chunk_8,51.525020599365234,68.69010162353516,0.750108540058136,515.4706420898438,515.4706420898438,7.504292964935303,0.014558138310533113
sign_test_og_cel0.4__norm_original_radius,original_radius,25,1.0,0.8,1.5,0.1,3.309567928314209,5.8283871295518,7.416824817657471,16.966999053955078,0.0007142992108128965,0.13985919952392578,1.1599981092351386,2512346,new_cel_4to1_chunk_8,51.525020599365234,68.69010162353516,0.750108540058136,515.4706420898438,515.4706420898438,7.504292964935303,0.014558138310533113
sign_test_og_cel0.4__norm_original_radius,original_radius,25,1.0,1.0,0.1,0.1,10.046656608581543,15.582452107114975,4.8813652992248535,5.443566799163818,0.0007142992108128965,0.13985919952392578,1.1599981092351386,2512346,new_cel_4to1_chunk_8,51.525020599365234,68.69010162353516,0.750108540058136,515.4706420898438,515.4706420898438,7.504292964935303,0.014558138310533113
sign_test_og_cel0.4__norm_original_radius,original_radius,25,1.0,1.0,0.5,0.1,6.193658351898193,15.015775267089179,7.38014554977417,12.371556282043457,0.0007142992108128965,0.13985919952392578,1.1599981092351386,2512346,new_cel_4to1_chunk_8,51.525020599365234,68.69010162353516,0.750108540058136,515.4706420898438,515.4706420898438,7.504292964935303,0.014558138310533113
sign_test_og_cel0.4__norm_original_radius,original_radius,25,1.0,1.0,1.0,0.1,5.150627613067627,10.99147522883591,9.0509033203125,19.030338287353516,0.0007142992108128965,0.13985919952392578,1.1599981092351386,2512346,new_cel_4to1_chunk_8,51.525020599365234,68.69010162353516,0.750108540058136,515.4706420898438,515.4706420898438,7.504292964935303,0.014558138310533113
sign_test_og_cel0.4__norm_original_radius,original_radius,25,1.0,1.0,1.5,0.1,3.427957534790039,6.187631230462273,9.637922286987305,22.756183624267578,0.0007142992108128965,0.13985919952392578,1.1599981092351386,2512346,new_cel_4to1_chunk_8,51.525020599365234,68.69010162353516,0.750108540058136,515.4706420898438,515.4706420898438,7.504292964935303,0.014558138310533113
sign_test_og_cel0.5__norm_original_radius,original_radius,25,1.0,0.6,0.1,0.1,7.297244071960449,10.70103187833547,2.9400634765625,3.184138536453247,6.931745247129584e-06,0.001357228378765285,1.1599981092351386,2512346,new_cel_4to1_chunk_8,44.067874908447266,68.69010162353516,0.6415456533432007,515.4706420898438,515.4706420898438,7.504292964935303,0.014558138310533113
sign_test_og_cel0.5__norm_original_radius,original_radius,25,1.0,0.6,0.5,0.1,5.784608840942383,13.859771692107671,4.121204853057861,6.394289016723633,6.931745247129584e-06,0.001357228378765285,1.1599981092351386,2512346,new_cel_4to1_chunk_8,44.067874908447266,68.69010162353516,0.6415456533432007,515.4706420898438,515.4706420898438,7.504292964935303,0.014558138310533113
sign_test_og_cel0.5__norm_original_radius,original_radius,25,1.0,0.6,1.0,0.1,3.572843074798584,9.727383563890356,5.089478492736816,9.99526596069336,6.931745247129584e-06,0.001357228378765285,1.1599981092351386,2512346,new_cel_4to1_chunk_8,44.067874908447266,68.69010162353516,0.6415456533432007,515.4706420898438,515.4706420898438,7.504292964935303,0.014558138310533113
sign_test_og_cel0.5__norm_original_radius,original_radius,25,1.0,0.6,1.5,0.1,2.267559766769409,5.734291096157449,5.539484977722168,12.236140251159668,6.931745247129584e-06,0.001357228378765285,1.1599981092351386,2512346,new_cel_4to1_chunk_8,44.067874908447266,68.69010162353516,0.6415456533432007,515.4706420898438,515.4706420898438,7.504292964935303,0.014558138310533113
sign_test_og_cel0.5__norm_original_radius,original_radius,25,1.0,0.8,0.1,0.1,8.649798393249512,12.65763137429009,3.3966002464294434,3.7093794345855713,6.931745247129584e-06,0.001357228378765285,1.1599981092351386,2512346,new_cel_4to1_chunk_8,44.067874908447266,68.69010162353516,0.6415456533432007,515.4706420898438,515.4706420898438,7.504292964935303,0.014558138310533113
sign_test_og_cel0.5__norm_original_radius,original_radius,25,1.0,0.8,0.5,0.1,5.94480562210083,10.534942174606808,4.955371856689453,7.959844589233398,6.931745247129584e-06,0.001357228378765285,1.1599981092351386,2512346,new_cel_4to1_chunk_8,44.067874908447266,68.69010162353516,0.6415456533432007,515.4706420898438,515.4706420898438,7.504292964935303,0.014558138310533113
sign_test_og_cel0.5__norm_original_radius,original_radius,25,1.0,0.8,1.0,0.1,3.3191051483154297,8.683986477048288,6.209589958190918,12.64856243133545,6.931745247129584e-06,0.001357228378765285,1.1599981092351386,2512346,new_cel_4to1_chunk_8,44.067874908447266,68.69010162353516,0.6415456533432007,515.4706420898438,515.4706420898438,7.504292964935303,0.014558138310533113
sign_test_og_cel0.5__norm_original_radius,original_radius,25,1.0,0.8,1.5,0.1,3.5603764057159424,6.9391845165810935,6.775703430175781,15.51648998260498,6.931745247129584e-06,0.001357228378765285,1.1599981092351386,2512346,new_cel_4to1_chunk_8,44.067874908447266,68.69010162353516,0.6415456533432007,515.4706420898438,515.4706420898438,7.504292964935303,0.014558138310533113
sign_test_og_cel0.5__norm_original_radius,original_radius,25,1.0,1.0,0.1,0.1,10.436310768127441,15.522742413072223,4.271834373474121,4.717921733856201,6.931745247129584e-06,0.001357228378765285,1.1599981092351386,2512346,new_cel_4to1_chunk_8,44.067874908447266,68.69010162353516,0.6415456533432007,515.4706420898438,515.4706420898438,7.504292964935303,0.014558138310533113
sign_test_og_cel0.5__norm_original_radius,original_radius,25,1.0,1.0,0.5,0.1,7.758726596832275,16.673903972567132,6.427957534790039,10.733477592468262,6.931745247129584e-06,0.001357228378765285,1.1599981092351386,2512346,new_cel_4to1_chunk_8,44.067874908447266,68.69010162353516,0.6415456533432007,515.4706420898438,515.4706420898438,7.504292964935303,0.014558138310533113
sign_test_og_cel0.5__norm_original_radius,original_radius,25,1.0,1.0,1.0,0.1,5.4815545082092285,12.406436925211409,8.056964874267578,16.997791290283203,6.931745247129584e-06,0.001357228378765285,1.1599981092351386,2512346,new_cel_4to1_chunk_8,44.067874908447266,68.69010162353516,0.6415456533432007,515.4706420898438,515.4706420898438,7.504292964935303,0.014558138310533113
sign_test_og_cel0.5__norm_original_radius,original_radius,25,1.0,1.0,1.5,0.1,3.8081276416778564,8.224925112141506,8.75790023803711,20.675674438476562,6.931745247129584e-06,0.001357228378765285,1.1599981092351386,2512346,new_cel_4to1_chunk_8,44.067874908447266,68.69010162353516,0.6415456533432007,515.4706420898438,515.4706420898438,7.504292964935303,0.014558138310533113
sign_test_og_cel0.6__norm_original_radius,original_radius,25,1.0,0.6,0.1,0.1,6.983996391296387,10.661337062753423,2.953634738922119,3.234752655029297,-0.0005954693770036101,-0.1165924146771431,1.1599981092351386,2512346,new_cel_4to1_chunk_8,46.673667907714844,68.69010162353516,0.6794829368591309,515.4706420898438,515.4706420898438,7.504292964935303,0.014558138310533113
sign_test_og_cel0.6__norm_original_radius,original_radius,25,1.0,0.6,0.5,0.1,5.175200462341309,12.326218874232488,4.168429851531982,6.628591537475586,-0.0005954693770036101,-0.1165924146771431,1.1599981092351386,2512346,new_cel_4to1_chunk_8,46.673667907714844,68.69010162353516,0.6794829368591309,515.4706420898438,515.4706420898438,7.504292964935303,0.014558138310533113
sign_test_og_cel0.6__norm_original_radius,original_radius,25,1.0,0.6,1.0,0.1,2.8412652015686035,8.169179029683455,5.020802021026611,10.07125186920166,-0.0005954693770036101,-0.1165924146771431,1.1599981092351386,2512346,new_cel_4to1_chunk_8,46.673667907714844,68.69010162353516,0.6794829368591309,515.4706420898438,515.4706420898438,7.504292964935303,0.014558138310533113
sign_test_og_cel0.6__norm_original_radius,original_radius,25,1.0,0.6,1.5,0.1,3.5318613052368164,8.680281784686485,5.367565631866455,12.166775703430176,-0.0005954693770036101,-0.1165924146771431,1.1599981092351386,2512346,new_cel_4to1_chunk_8,46.673667907714844,68.69010162353516,0.6794829368591309,515.4706420898438,515.4706420898438,7.504292964935303,0.014558138310533113
sign_test_og_cel0.6__norm_original_radius,original_radius,25,1.0,0.8,0.1,0.1,8.367793083190918,13.025723167554148,3.4782869815826416,3.843470335006714,-0.0005954693770036101,-0.1165924146771431,1.1599981092351386,2512346,new_cel_4to1_chunk_8,46.673667907714844,68.69010162353516,0.6794829368591309,515.4706420898438,515.4706420898438,7.504292964935303,0.014558138310533113
sign_test_og_cel0.6__norm_original_radius,original_radius,25,1.0,0.8,0.5,0.1,6.103095054626465,13.656803508410917,5.105286598205566,8.391122817993164,-0.0005954693770036101,-0.1165924146771431,1.1599981092351386,2512346,new_cel_4to1_chunk_8,46.673667907714844,68.69010162353516,0.6794829368591309,515.4706420898438,515.4706420898438,7.504292964935303,0.014558138310533113
sign_test_og_cel0.6__norm_original_radius,original_radius,25,1.0,0.8,1.0,0.1,3.110642671585083,8.714557787081377,6.2060933113098145,12.953782081604004,-0.0005954693770036101,-0.1165924146771431,1.1599981092351386,2512346,new_cel_4to1_chunk_8,46.673667907714844,68.69010162353516,0.6794829368591309,515.4706420898438,515.4706420898438,7.504292964935303,0.014558138310533113
sign_test_og_cel0.6__norm_original_radius,original_radius,25,1.0,0.8,1.5,0.1,3.0099165439605713,7.200406447733371,6.6034722328186035,15.614097595214844,-0.0005954693770036101,-0.1165924146771431,1.1599981092351386,2512346,new_cel_4to1_chunk_8,46.673667907714844,68.69010162353516,0.6794829368591309,515.4706420898438,515.4706420898438,7.504292964935303,0.014558138310533113
sign_test_og_cel0.6__norm_original_radius,original_radius,25,1.0,1.0,0.1,0.1,10.57168960571289,16.42155524162238,4.512584686279297,5.042933464050293,-0.0005954693770036101,-0.1165924146771431,1.1599981092351386,2512346,new_cel_4to1_chunk_8,46.673667907714844,68.69010162353516,0.6794829368591309,515.4706420898438,515.4706420898438,7.504292964935303,0.014558138310533113
sign_test_og_cel0.6__norm_original_radius,original_radius,25,1.0,1.0,0.5,0.1,7.256487846374512,14.993667488603165,6.8486433029174805,11.6544771194458,-0.0005954693770036101,-0.1165924146771431,1.1599981092351386,2512346,new_cel_4to1_chunk_8,46.673667907714844,68.69010162353516,0.6794829368591309,515.4706420898438,515.4706420898438,7.504292964935303,0.014558138310533113
sign_test_og_cel0.6__norm_original_radius,original_radius,25,1.0,1.0,1.0,0.1,4.025105953216553,8.67356880667299,8.319864273071289,17.898845672607422,-0.0005954693770036101,-0.1165924146771431,1.1599981092351386,2512346,new_cel_4to1_chunk_8,46.673667907714844,68.69010162353516,0.6794829368591309,515.4706420898438,515.4706420898438,7.504292964935303,0.014558138310533113
sign_test_og_cel0.6__norm_original_radius,original_radius,25,1.0,1.0,1.5,0.1,4.58512544631958,9.947344607164432,8.767646789550781,21.327159881591797,-0.0005954693770036101,-0.1165924146771431,1.1599981092351386,2512346,new_cel_4to1_chunk_8,46.673667907714844,68.69010162353516,0.6794829368591309,515.4706420898438,515.4706420898438,7.504292964935303,0.014558138310533113
sign_test_og_cel0.7__norm_original_radius,original_radius,25,1.0,0.6,0.1,0.1,7.065546989440918,10.850811073298836,2.880951404571533,3.1462109088897705,-0.0012480432633310556,-0.24436579644680023,1.1599981092351386,2512346,new_cel_4to1_chunk_8,43.13565444946289,68.69010162353516,0.6279754042625427,515.4706420898438,515.4706420898438,7.504292964935303,0.014558138310533113
sign_test_og_cel0.7__norm_original_radius,original_radius,25,1.0,0.6,0.5,0.1,5.658664703369141,12.51020447372943,4.057527542114258,6.360734462738037,-0.0012480432633310556,-0.24436579644680023,1.1599981092351386,2512346,new_cel_4to1_chunk_8,43.13565444946289,68.69010162353516,0.6279754042625427,515.4706420898438,515.4706420898438,7.504292964935303,0.014558138310533113
sign_test_og_cel0.7__norm_original_radius,original_radius,25,1.0,0.6,1.0,0.1,3.2371954917907715,7.8117051097955645,4.9662652015686035,9.794672966003418,-0.0012480432633310556,-0.24436579644680023,1.1599981092351386,2512346,new_cel_4to1_chunk_8,43.13565444946289,68.69010162353516,0.6279754042625427,515.4706420898438,515.4706420898438,7.504292964935303,0.014558138310533113
sign_test_og_cel0.7__norm_original_radius,original_radius,25,1.0,0.6,1.5,0.1,3.096545696258545,6.452282755738615,5.371770858764648,11.970778465270996,-0.0012480432633310556,-0.24436579644680023,1.1599981092351386,2512346,new_cel_4to1_chunk_8,43.13565444946289,68.69010162353516,0.6279754042625427,515.4706420898438,515.4706420898438,7.504292964935303,0.014558138310533113
sign_test_og_cel0.7__norm_original_radius,original_radius,25,1.0,0.8,0.1,0.1,8.364977836608887,13.017658029455028,3.3882596492767334,3.7290432453155518,-0.0012480432633310556,-0.24436579644680023,1.1599981092351386,2512346,new_cel_4to1_chunk_8,43.13565444946289,68.69010162353516,0.6279754042625427,515.4706420898438,515.4706420898438,7.504292964935303,0.014558138310533113
sign_test_og_cel0.7__norm_original_radius,original_radius,25,1.0,0.8,0.5,0.1,6.5368757247924805,14.292609676404538,4.987400054931641,8.096957206726074,-0.0012480432633310556,-0.24436579644680023,1.1599981092351386,2512346,new_cel_4to1_chunk_8,43.13565444946289,68.69010162353516,0.6279754042625427,515.4706420898438,515.4706420898438,7.504292964935303,0.014558138310533113
sign_test_og_cel0.7__norm_original_radius,original_radius,25,1.0,0.8,1.0,0.1,3.8437304496765137,8.310736168616362,6.189088344573975,12.697616577148438,-0.0012480432633310556,-0.24436579644680023,1.1599981092351386,2512346,new_cel_4to1_chunk_8,43.13565444946289,68.69010162353516,0.6279754042625427,515.4706420898438,515.4706420898438,7.504292964935303,0.014558138310533113
sign_test_og_cel0.7__norm_original_radius,original_radius,25,1.0,0.8,1.5,0.1,3.1647262573242188,6.804922029546532,6.682037353515625,15.533446311950684,-0.0012480432633310556,-0.24436579644680023,1.1599981092351386,2512346,new_cel_4to1_chunk_8,43.13565444946289,68.69010162353516,0.6279754042625427,515.4706420898438,515.4706420898438,7.504292964935303,0.014558138310533113
sign_test_og_cel0.7__norm_original_radius,original_radius,25,1.0,1.0,0.1,0.1,10.16231632232666,16.064592767818525,4.396362781524658,4.903701305389404,-0.0012480432633310556,-0.24436579644680023,1.1599981092351386,2512346,new_cel_4to1_chunk_8,43.13565444946289,68.69010162353516,0.6279754042625427,515.4706420898438,515.4706420898438,7.504292964935303,0.014558138310533113
sign_test_og_cel0.7__norm_original_radius,original_radius,25,1.0,1.0,0.5,0.1,6.660587787628174,15.331454881518265,6.759406089782715,11.449785232543945,-0.0012480432633310556,-0.24436579644680023,1.1599981092351386,2512346,new_cel_4to1_chunk_8,43.13565444946289,68.69010162353516,0.6279754042625427,515.4706420898438,515.4706420898438,7.504292964935303,0.014558138310533113
sign_test_og_cel0.7__norm_original_radius,original_radius,25,1.0,1.0,1.0,0.1,4.2425007820129395,10.073499451584716,8.407249450683594,17.89862823486328,-0.0012480432633310556,-0.24436579644680023,1.1599981092351386,2512346,new_cel_4to1_chunk_8,43.13565444946289,68.69010162353516,0.6279754042625427,515.4706420898438,515.4706420898438,7.504292964935303,0.014558138310533113
sign_test_og_cel0.7__norm_original_radius,original_radius,25,1.0,1.0,1.5,0.1,4.426144123077393,9.938537106934461,9.002838134765625,21.62935447692871,-0.0012480432633310556,-0.24436579644680023,1.1599981092351386,2512346,new_cel_4to1_chunk_8,43.13565444946289,68.69010162353516,0.6279754042625427,515.4706420898438,515.4706420898438,7.504292964935303,0.014558138310533113
sign_test_og_cel0.8__norm_original_radius,original_radius,25,1.0,0.6,0.1,0.1,6.906439304351807,10.757701986609646,2.6505093574523926,2.870500326156616,-0.0019042477943003178,-0.3728501498699188,1.1599981092351386,2512346,new_cel_4to1_chunk_8,59.186546325683594,68.69010162353516,0.8616455793380737,515.4706420898438,515.4706420898438,7.504292964935303,0.014558138310533113
sign_test_og_cel0.8__norm_original_radius,original_radius,25,1.0,0.6,0.5,0.1,4.842689514160156,12.642463365223193,3.6459407806396484,5.631051540374756,-0.0019042477943003178,-0.3728501498699188,1.1599981092351386,2512346,new_cel_4to1_chunk_8,59.186546325683594,68.69010162353516,0.8616455793380737,515.4706420898438,515.4706420898438,7.504292964935303,0.014558138310533113
sign_test_og_cel0.8__norm_original_radius,original_radius,25,1.0,0.6,1.0,0.1,3.6128971576690674,9.62704193933277,4.498921871185303,8.789847373962402,-0.0019042477943003178,-0.3728501498699188,1.1599981092351386,2512346,new_cel_4to1_chunk_8,59.186546325683594,68.69010162353516,0.8616455793380737,515.4706420898438,515.4706420898438,7.504292964935303,0.014558138310533113
sign_test_og_cel0.8__norm_original_radius,original_radius,25,1.0,0.6,1.5,0.1,3.3044047355651855,6.045527468780904,4.934691429138184,10.892704010009766,-0.0019042477943003178,-0.3728501498699188,1.1599981092351386,2512346,new_cel_4to1_chunk_8,59.186546325683594,68.69010162353516,0.8616455793380737,515.4706420898438,515.4706420898438,7.504292964935303,0.014558138310533113
sign_test_og_cel0.8__norm_original_radius,original_radius,25,1.0,0.8,0.1,0.1,8.28183364868164,13.257704644072511,3.0859694480895996,3.359551191329956,-0.0019042477943003178,-0.3728501498699188,1.1599981092351386,2512346,new_cel_4to1_chunk_8,59.186546325683594,68.69010162353516,0.8616455793380737,515.4706420898438,515.4706420898438,7.504292964935303,0.014558138310533113
sign_test_og_cel0.8__norm_original_radius,original_radius,25,1.0,0.8,0.5,0.1,6.343317985534668,14.22972480819184,4.3940019607543945,6.9923624992370605,-0.0019042477943003178,-0.3728501498699188,1.1599981092351386,2512346,new_cel_4to1_chunk_8,59.186546325683594,68.69010162353516,0.8616455793380737,515.4706420898438,515.4706420898438,7.504292964935303,0.014558138310533113
sign_test_og_cel0.8__norm_original_radius,original_radius,25,1.0,0.8,1.0,0.1,4.260287761688232,10.089425328222376,5.480070114135742,11.129781723022461,-0.0019042477943003178,-0.3728501498699188,1.1599981092351386,2512346,new_cel_4to1_chunk_8,59.186546325683594,68.69010162353516,0.8616455793380737,515.4706420898438,515.4706420898438,7.504292964935303,0.014558138310533113
sign_test_og_cel0.8__norm_original_radius,original_radius,25,1.0,0.8,1.5,0.1,4.088903427124023,10.140996507939207,6.002053260803223,13.823126792907715,-0.0019042477943003178,-0.3728501498699188,1.1599981092351386,2512346,new_cel_4to1_chunk_8,59.186546325683594,68.69010162353516,0.8616455793380737,515.4706420898438,515.4706420898438,7.504292964935303,0.014558138310533113
sign_test_og_cel0.8__norm_original_radius,original_radius,25,1.0,1.0,0.1,0.1,10.254276275634766,16.234687746315387,4.3288702964782715,4.722925186157227,-0.0019042477943003178,-0.3728501498699188,1.1599981092351386,2512346,new_cel_4to1_chunk_8,59.186546325683594,68.69010162353516,0.8616455793380737,515.4706420898438,515.4706420898438,7.504292964935303,0.014558138310533113
sign_test_og_cel0.8__norm_original_radius,original_radius,25,1.0,1.0,0.5,0.1,6.918374061584473,15.628558009729183,6.2613372802734375,10.299920082092285,-0.0019042477943003178,-0.3728501498699188,1.1599981092351386,2512346,new_cel_4to1_chunk_8,59.186546325683594,68.69010162353516,0.8616455793380737,515.4706420898438,515.4706420898438,7.504292964935303,0.014558138310533113
sign_test_og_cel0.8__norm_original_radius,original_radius,25,1.0,1.0,1.0,0.1,4.486867904663086,11.028770723693853,7.547658443450928,15.892706871032715,-0.0019042477943003178,-0.3728501498699188,1.1599981092351386,2512346,new_cel_4to1_chunk_8,59.186546325683594,68.69010162353516,0.8616455793380737,515.4706420898438,515.4706420898438,7.504292964935303,0.014558138310533113
sign_test_og_cel0.8__norm_original_radius,original_radius,25,1.0,1.0,1.5,0.1,4.579100131988525,7.170839478569279,8.036824226379395,19.20702362060547,-0.0019042477943003178,-0.3728501498699188,1.1599981092351386,2512346,new_cel_4to1_chunk_8,59.186546325683594,68.69010162353516,0.8616455793380737,515.4706420898438,515.4706420898438,7.504292964935303,0.014558138310533113
sign_test_og_cel0.9__norm_original_radius,original_radius,25,1.0,0.6,0.1,0.1,7.139090538024902,11.190201718984028,2.8350043296813965,3.079005241394043,-0.0025479092728346586,-0.4988785684108734,1.1599981092351386,2512346,new_cel_4to1_chunk_8,71.48576354980469,68.69010162353516,1.040700912475586,515.4706420898438,515.4706420898438,7.504292964935303,0.014558138310533113
sign_test_og_cel0.9__norm_original_radius,original_radius,25,1.0,0.6,0.5,0.1,5.198173522949219,12.65916346506394,3.976893424987793,6.168415546417236,-0.0025479092728346586,-0.4988785684108734,1.1599981092351386,2512346,new_cel_4to1_chunk_8,71.48576354980469,68.69010162353516,1.040700912475586,515.4706420898438,515.4706420898438,7.504292964935303,0.014558138310533113
sign_test_og_cel0.9__norm_original_radius,original_radius,25,1.0,0.6,1.0,0.1,3.249466896057129,8.02385144594379,4.878570079803467,9.592684745788574,-0.0025479092728346586,-0.4988785684108734,1.1599981092351386,2512346,new_cel_4to1_chunk_8,71.48576354980469,68.69010162353516,1.040700912475586,515.4706420898438,515.4706420898438,7.504292964935303,0.014558138310533113
sign_test_og_cel0.9__norm_original_radius,original_radius,25,1.0,0.6,1.5,0.1,2.838747978210449,6.181910824744538,5.265066146850586,11.7285795211792,-0.0025479092728346586,-0.4988785684108734,1.1599981092351386,2512346,new_cel_4to1_chunk_8,71.48576354980469,68.69010162353516,1.040700912475586,515.4706420898438,515.4706420898438,7.504292964935303,0.014558138310533113
sign_test_og_cel0.9__norm_original_radius,original_radius,25,1.0,0.8,0.1,0.1,8.625458717346191,13.787613778471439,3.363805055618286,3.6806094646453857,-0.0025479092728346586,-0.4988785684108734,1.1599981092351386,2512346,new_cel_4to1_chunk_8,71.48576354980469,68.69010162353516,1.040700912475586,515.4706420898438,515.4706420898438,7.504292964935303,0.014558138310533113
sign_test_og_cel0.9__norm_original_radius,original_radius,25,1.0,0.8,0.5,0.1,5.861414432525635,14.497319796727425,4.8774733543396,7.872669696807861,-0.0025479092728346586,-0.4988785684108734,1.1599981092351386,2512346,new_cel_4to1_chunk_8,71.48576354980469,68.69010162353516,1.040700912475586,515.4706420898438,515.4706420898438,7.504292964935303,0.014558138310533113
sign_test_og_cel0.9__norm_original_radius,original_radius,25,1.0,0.8,1.0,0.1,4.180355548858643,11.465653766431728,6.015624523162842,12.400445938110352,-0.0025479092728346586,-0.4988785684108734,1.1599981092351386,2512346,new_cel_4to1_chunk_8,71.48576354980469,68.69010162353516,1.040700912475586,515.4706420898438,515.4706420898438,7.504292964935303,0.014558138310533113
sign_test_og_cel0.9__norm_original_radius,original_radius,25,1.0,0.8,1.5,0.1,3.2287161350250244,7.934243680517319,6.460725784301758,15.102956771850586,-0.0025479092728346586,-0.4988785684108734,1.1599981092351386,2512346,new_cel_4to1_chunk_8,71.48576354980469,68.69010162353516,1.040700912475586,515.4706420898438,515.4706420898438,7.504292964935303,0.014558138310533113
sign_test_og_cel0.9__norm_original_radius,original_radius,25,1.0,1.0,0.1,0.1,8.832555770874023,13.871918841437921,4.69136381149292,6.080992698669434,-0.0025479092728346586,-0.4988785684108734,1.1599981092351386,2512346,new_cel_4to1_chunk_8,71.48576354980469,68.69010162353516,1.040700912475586,515.4706420898438,515.4706420898438,7.504292964935303,0.014558138310533113
sign_test_og_cel0.9__norm_original_radius,original_radius,25,1.0,1.0,0.5,0.1,6.5584564208984375,13.067085882171668,7.458596229553223,12.317492485046387,-0.0025479092728346586,-0.4988785684108734,1.1599981092351386,2512346,new_cel_4to1_chunk_8,71.48576354980469,68.69010162353516,1.040700912475586,515.4706420898438,515.4706420898438,7.504292964935303,0.014558138310533113
sign_test_og_cel0.9__norm_original_radius,original_radius,25,1.0,1.0,1.0,0.1,5.419495105743408,11.466926665959978,8.387354850769043,18.114940643310547,-0.0025479092728346586,-0.4988785684108734,1.1599981092351386,2512346,new_cel_4to1_chunk_8,71.48576354980469,68.69010162353516,1.040700912475586,515.4706420898438,515.4706420898438,7.504292964935303,0.014558138310533113
sign_test_og_cel0.9__norm_original_radius,original_radius,25,1.0,1.0,1.5,0.1,4.732243061065674,8.742393696214208,8.689449310302734,21.3585147857666,-0.0025479092728346586,-0.4988785684108734,1.1599981092351386,2512346,new_cel_4to1_chunk_8,71.48576354980469,68.69010162353516,1.040700912475586,515.4706420898438,515.4706420898438,7.504292964935303,0.014558138310533113
sign_test_og_cel1.0__norm_original_radius,original_radius,25,1.0,0.6,0.1,0.1,7.448848724365234,11.325470554454933,2.78908371925354,3.026320695877075,-0.0032285398337990046,-0.6321455240249634,1.1599981092351386,2512346,new_cel_4to1_chunk_8,100.55933380126953,68.69010162353516,1.4639567136764526,515.4706420898438,515.4706420898438,7.504292964935303,0.014558138310533113
sign_test_og_cel1.0__norm_original_radius,original_radius,25,1.0,0.6,0.5,0.1,5.63859748840332,13.35907063740261,3.8708443641662598,6.007331371307373,-0.0032285398337990046,-0.6321455240249634,1.1599981092351386,2512346,new_cel_4to1_chunk_8,100.55933380126953,68.69010162353516,1.4639567136764526,515.4706420898438,515.4706420898438,7.504292964935303,0.014558138310533113
sign_test_og_cel1.0__norm_original_radius,original_radius,25,1.0,0.6,1.0,0.1,4.225913047790527,9.193477121889373,4.713411808013916,9.255925178527832,-0.0032285398337990046,-0.6321455240249634,1.1599981092351386,2512346,new_cel_4to1_chunk_8,100.55933380126953,68.69010162353516,1.4639567136764526,515.4706420898438,515.4706420898438,7.504292964935303,0.014558138310533113
sign_test_og_cel1.0__norm_original_radius,original_radius,25,1.0,0.6,1.5,0.1,2.9886155128479004,6.275695531894456,5.108861446380615,11.314846992492676,-0.0032285398337990046,-0.6321455240249634,1.1599981092351386,2512346,new_cel_4to1_chunk_8,100.55933380126953,68.69010162353516,1.4639567136764526,515.4706420898438,515.4706420898438,7.504292964935303,0.014558138310533113
sign_test_og_cel1.0__norm_original_radius,original_radius,25,1.0,0.8,0.1,0.1,8.883194923400879,13.487492879176827,3.9817867279052734,4.273562431335449,-0.0032285398337990046,-0.6321455240249634,1.1599981092351386,2512346,new_cel_4to1_chunk_8,100.55933380126953,68.69010162353516,1.4639567136764526,515.4706420898438,515.4706420898438,7.504292964935303,0.014558138310533113
sign_test_og_cel1.0__norm_original_radius,original_radius,25,1.0,0.8,0.5,0.1,6.902053356170654,14.31922127076294,5.3086724281311035,8.455164909362793,-0.0032285398337990046,-0.6321455240249634,1.1599981092351386,2512346,new_cel_4to1_chunk_8,100.55933380126953,68.69010162353516,1.4639567136764526,515.4706420898438,515.4706420898438,7.504292964935303,0.014558138310533113
sign_test_og_cel1.0__norm_original_radius,original_radius,25,1.0,0.8,1.0,0.1,5.046950817108154,9.683309383557543,6.137723445892334,12.532855987548828,-0.0032285398337990046,-0.6321455240249634,1.1599981092351386,2512346,new_cel_4to1_chunk_8,100.55933380126953,68.69010162353516,1.4639567136764526,515.4706420898438,515.4706420898438,7.504292964935303,0.014558138310533113
sign_test_og_cel1.0__norm_original_radius,original_radius,25,1.0,0.8,1.5,0.1,3.8293116092681885,8.643801177227154,6.429880619049072,14.938101768493652,-0.0032285398337990046,-0.6321455240249634,1.1599981092351386,2512346,new_cel_4to1_chunk_8,100.55933380126953,68.69010162353516,1.4639567136764526,515.4706420898438,515.4706420898438,7.504292964935303,0.014558138310533113
sign_test_og_cel1.0__norm_original_radius,original_radius,25,1.0,1.0,0.1,0.1,5.629510402679443,6.152838312880469,2.4167001247406006,4.804226875305176,-0.0032285398337990046,-0.6321455240249634,1.1599981092351386,2512346,new_cel_4to1_chunk_8,100.55933380126953,68.69010162353516,1.4639567136764526,515.4706420898438,515.4706420898438,7.504292964935303,0.014558138310533113
sign_test_og_cel1.0__norm_original_radius,original_radius,25,1.0,1.0,0.5,0.1,6.133955478668213,13.628613726692095,7.321931838989258,14.240530967712402,-0.0032285398337990046,-0.6321455240249634,1.1599981092351386,2512346,new_cel_4to1_chunk_8,100.55933380126953,68.69010162353516,1.4639567136764526,515.4706420898438,515.4706420898438,7.504292964935303,0.014558138310533113
sign_test_og_cel1.0__norm_original_radius,original_radius,25,1.0,1.0,1.0,0.1,3.6740636825561523,8.483182554793318,11.045902252197266,23.260671615600586,-0.0032285398337990046,-0.6321455240249634,1.1599981092351386,2512346,new_cel_4to1_chunk_8,100.55933380126953,68.69010162353516,1.4639567136764526,515.4706420898438,515.4706420898438,7.504292964935303,0.014558138310533113
sign_test_og_cel1.0__norm_original_radius,original_radius,25,1.0,1.0,1.5,0.1,4.076552867889404,8.72841999441774,10.85822582244873,25.795251846313477,-0.0032285398337990046,-0.6321455240249634,1.1599981092351386,2512346,new_cel_4to1_chunk_8,100.55933380126953,68.69010162353516,1.4639567136764526,515.4706420898438,515.4706420898438,7.504292964935303,0.014558138310533113
sign_test_og_cel0.22058823529411764__norm_original_radius,original_radius,26,1.0,0.6,0.1,0.1,7.174288749694824,11.10672345295815,3.053659677505493,3.3279690742492676,0.0016704053850844502,0.33710992336273193,1.1599982953404562,2612346,new_cel_4to1_chunk_8,48.687522888183594,70.7999267578125,0.687676191329956,515.4706420898438,515.4706420898438,7.280666828155518,0.014124308396825479
sign_test_og_cel0.22058823529411764__norm_original_radius,original_radius,26,1.0,0.6,0.5,0.1,5.335249423980713,12.285426360868428,4.311358451843262,6.606511116027832,0.0016704053850844502,0.33710992336273193,1.1599982953404562,2612346,new_cel_4to1_chunk_8,48.687522888183594,70.7999267578125,0.687676191329956,515.4706420898438,515.4706420898438,7.280666828155518,0.014124308396825479
sign_test_og_cel0.22058823529411764__norm_original_radius,original_radius,26,1.0,0.6,1.0,0.1,2.4553589820861816,5.9758443369207015,5.174613952636719,9.88267707824707,0.0016704053850844502,0.33710992336273193,1.1599982953404562,2612346,new_cel_4to1_chunk_8,48.687522888183594,70.7999267578125,0.687676191329956,515.4706420898438,515.4706420898438,7.280666828155518,0.014124308396825479
sign_test_og_cel0.22058823529411764__norm_original_radius,original_radius,26,1.0,0.6,1.5,0.1,3.083045721054077,6.563421369149907,5.517492294311523,11.886270523071289,0.0016704053850844502,0.33710992336273193,1.1599982953404562,2612346,new_cel_4to1_chunk_8,48.687522888183594,70.7999267578125,0.687676191329956,515.4706420898438,515.4706420898438,7.280666828155518,0.014124308396825479
sign_test_og_cel0.22058823529411764__norm_original_radius,original_radius,26,1.0,0.8,0.1,0.1,8.330389022827148,13.198272234473137,3.5059659481048584,3.849287509918213,0.0016704053850844502,0.33710992336273193,1.1599982953404562,2612346,new_cel_4to1_chunk_8,48.687522888183594,70.7999267578125,0.687676191329956,515.4706420898438,515.4706420898438,7.280666828155518,0.014124308396825479
sign_test_og_cel0.22058823529411764__norm_original_radius,original_radius,26,1.0,0.8,0.5,0.1,6.224508285522461,14.580669918576746,5.1385579109191895,8.17988109588623,0.0016704053850844502,0.33710992336273193,1.1599982953404562,2612346,new_cel_4to1_chunk_8,48.687522888183594,70.7999267578125,0.687676191329956,515.4706420898438,515.4706420898438,7.280666828155518,0.014124308396825479
sign_test_og_cel0.22058823529411764__norm_original_radius,original_radius,26,1.0,0.8,1.0,0.1,3.411557912826538,8.999110402323463,6.254043102264404,12.515952110290527,0.0016704053850844502,0.33710992336273193,1.1599982953404562,2612346,new_cel_4to1_chunk_8,48.687522888183594,70.7999267578125,0.687676191329956,515.4706420898438,515.4706420898438,7.280666828155518,0.014124308396825479
sign_test_og_cel0.22058823529411764__norm_original_radius,original_radius,26,1.0,0.8,1.5,0.1,3.620835304260254,7.240829355572583,6.683266639709473,15.101227760314941,0.0016704053850844502,0.33710992336273193,1.1599982953404562,2612346,new_cel_4to1_chunk_8,48.687522888183594,70.7999267578125,0.687676191329956,515.4706420898438,515.4706420898438,7.280666828155518,0.014124308396825479
sign_test_og_cel0.22058823529411764__norm_original_radius,original_radius,26,1.0,1.0,0.1,0.1,9.996478080749512,16.138882518024424,4.410715579986572,4.897027015686035,0.0016704053850844502,0.33710992336273193,1.1599982953404562,2612346,new_cel_4to1_chunk_8,48.687522888183594,70.7999267578125,0.687676191329956,515.4706420898438,515.4706420898438,7.280666828155518,0.014124308396825479
sign_test_og_cel0.22058823529411764__norm_original_radius,original_radius,26,1.0,1.0,0.5,0.1,7.212403774261475,11.257872134815216,6.666929244995117,11.032450675964355,0.0016704053850844502,0.33710992336273193,1.1599982953404562,2612346,new_cel_4to1_chunk_8,48.687522888183594,70.7999267578125,0.687676191329956,515.4706420898438,515.4706420898438,7.280666828155518,0.014124308396825479
sign_test_og_cel0.22058823529411764__norm_original_radius,original_radius,26,1.0,1.0,1.0,0.1,4.45683479309082,9.367882629751712,8.084840774536133,16.871063232421875,0.0016704053850844502,0.33710992336273193,1.1599982953404562,2612346,new_cel_4to1_chunk_8,48.687522888183594,70.7999267578125,0.687676191329956,515.4706420898438,515.4706420898438,7.280666828155518,0.014124308396825479
sign_test_og_cel0.22058823529411764__norm_original_radius,original_radius,26,1.0,1.0,1.5,0.1,3.219728469848633,7.129563628581877,8.580883026123047,20.18132972717285,0.0016704053850844502,0.33710992336273193,1.1599982953404562,2612346,new_cel_4to1_chunk_8,48.687522888183594,70.7999267578125,0.687676191329956,515.4706420898438,515.4706420898438,7.280666828155518,0.014124308396825479
sign_test_og_cel0.0__norm_original_radius,original_radius,26,1.0,0.6,0.1,0.1,4.695710182189941,7.271892381156604,3.444650888442993,3.8711588382720947,0.003132330486550927,0.6321458220481873,1.1599982953404562,2612346,new_cel_4to1_chunk_8,100.5592269897461,70.7999267578125,1.420332431793213,515.4706420898438,515.4706420898438,7.280666828155518,0.014124308396825479
sign_test_og_cel0.0__norm_original_radius,original_radius,26,1.0,0.6,0.5,0.1,4.5189385414123535,10.173139616475424,7.446682929992676,12.34907054901123,0.003132330486550927,0.6321458220481873,1.1599982953404562,2612346,new_cel_4to1_chunk_8,100.5592269897461,70.7999267578125,1.420332431793213,515.4706420898438,515.4706420898438,7.280666828155518,0.014124308396825479
sign_test_og_cel0.0__norm_original_radius,original_radius,26,1.0,0.6,1.0,0.1,3.2114415168762207,7.157408531535541,8.995952606201172,17.01847267150879,0.003132330486550927,0.6321458220481873,1.1599982953404562,2612346,new_cel_4to1_chunk_8,100.5592269897461,70.7999267578125,1.420332431793213,515.4706420898438,515.4706420898438,7.280666828155518,0.014124308396825479
sign_test_og_cel0.0__norm_original_radius,original_radius,26,1.0,0.6,1.5,0.1,1.73348069190979,4.581510656862783,8.873019218444824,18.76619529724121,0.003132330486550927,0.6321458220481873,1.1599982953404562,2612346,new_cel_4to1_chunk_8,100.5592269897461,70.7999267578125,1.420332431793213,515.4706420898438,515.4706420898438,7.280666828155518,0.014124308396825479
sign_test_og_cel0.0__norm_original_radius,original_radius,26,1.0,0.8,0.1,0.1,5.304077625274658,8.382807824672128,3.7911641597747803,4.311742305755615,0.003132330486550927,0.6321458220481873,1.1599982953404562,2612346,new_cel_4to1_chunk_8,100.5592269897461,70.7999267578125,1.420332431793213,515.4706420898438,515.4706420898438,7.280666828155518,0.014124308396825479
sign_test_og_cel0.0__norm_original_radius,original_radius,26,1.0,0.8,0.5,0.1,4.1548261642456055,8.705317276222672,8.870037078857422,15.028863906860352,0.003132330486550927,0.6321458220481873,1.1599982953404562,2612346,new_cel_4to1_chunk_8,100.5592269897461,70.7999267578125,1.420332431793213,515.4706420898438,515.4706420898438,7.280666828155518,0.014124308396825479
sign_test_og_cel0.0__norm_original_radius,original_radius,26,1.0,0.8,1.0,0.1,3.4148311614990234,6.776484943531265,10.503363609313965,20.785066604614258,0.003132330486550927,0.6321458220481873,1.1599982953404562,2612346,new_cel_4to1_chunk_8,100.5592269897461,70.7999267578125,1.420332431793213,515.4706420898438,515.4706420898438,7.280666828155518,0.014124308396825479
sign_test_og_cel0.0__norm_original_radius,original_radius,26,1.0,0.8,1.5,0.1,2.8425188064575195,4.675860295071686,10.216399192810059,22.782033920288086,0.003132330486550927,0.6321458220481873,1.1599982953404562,2612346,new_cel_4to1_chunk_8,100.5592269897461,70.7999267578125,1.420332431793213,515.4706420898438,515.4706420898438,7.280666828155518,0.014124308396825479
sign_test_og_cel0.0__norm_original_radius,original_radius,26,1.0,1.0,0.1,0.1,6.4610419273376465,10.01514435783001,4.313729763031006,4.983755588531494,0.003132330486550927,0.6321458220481873,1.1599982953404562,2612346,new_cel_4to1_chunk_8,100.5592269897461,70.7999267578125,1.420332431793213,515.4706420898438,515.4706420898438,7.280666828155518,0.014124308396825479
sign_test_og_cel0.0__norm_original_radius,original_radius,26,1.0,1.0,0.5,0.1,5.386704921722412,11.001309265877126,10.694662094116211,14.753765106201172,0.003132330486550927,0.6321458220481873,1.1599982953404562,2612346,new_cel_4to1_chunk_8,100.5592269897461,70.7999267578125,1.420332431793213,515.4706420898438,515.4706420898438,7.280666828155518,0.014124308396825479
sign_test_og_cel0.0__norm_original_radius,original_radius,26,1.0,1.0,1.0,0.1,4.3981122970581055,7.645088942857328,12.500981330871582,26.474761962890625,0.003132330486550927,0.6321458220481873,1.1599982953404562,2612346,new_cel_4to1_chunk_8,100.5592269897461,70.7999267578125,1.420332431793213,515.4706420898438,515.4706420898438,7.280666828155518,0.014124308396825479
sign_test_og_cel0.0__norm_original_radius,original_radius,26,1.0,1.0,1.5,0.1,4.201496124267578,8.001195038915945,12.19688606262207,28.15475082397461,0.003132330486550927,0.6321458220481873,1.1599982953404562,2612346,new_cel_4to1_chunk_8,100.5592269897461,70.7999267578125,1.420332431793213,515.4706420898438,515.4706420898438,7.280666828155518,0.014124308396825479
sign_test_og_cel0.1__norm_original_radius,original_radius,26,1.0,0.6,0.1,0.1,6.381202220916748,8.782920800756841,4.165267467498779,4.613264560699463,0.0024476433172822,0.49396687746047974,1.1599982953404562,2612346,new_cel_4to1_chunk_8,82.37409973144531,70.7999267578125,1.163476824760437,515.4706420898438,515.4706420898438,7.280666828155518,0.014124308396825479
sign_test_og_cel0.1__norm_original_radius,original_radius,26,1.0,0.6,0.5,0.1,5.3869733810424805,12.316839635043038,6.742081642150879,10.679097175598145,0.0024476433172822,0.49396687746047974,1.1599982953404562,2612346,new_cel_4to1_chunk_8,82.37409973144531,70.7999267578125,1.163476824760437,515.4706420898438,515.4706420898438,7.280666828155518,0.014124308396825479
sign_test_og_cel0.1__norm_original_radius,original_radius,26,1.0,0.6,1.0,0.1,2.605585813522339,5.91619277965863,7.604998588562012,14.527606010437012,0.0024476433172822,0.49396687746047974,1.1599982953404562,2612346,new_cel_4to1_chunk_8,82.37409973144531,70.7999267578125,1.163476824760437,515.4706420898438,515.4706420898438,7.280666828155518,0.014124308396825479
sign_test_og_cel0.1__norm_original_radius,original_radius,26,1.0,0.6,1.5,0.1,2.018690347671509,4.2172033462555785,7.730998516082764,16.328609466552734,0.0024476433172822,0.49396687746047974,1.1599982953404562,2612346,new_cel_4to1_chunk_8,82.37409973144531,70.7999267578125,1.163476824760437,515.4706420898438,515.4706420898438,7.280666828155518,0.014124308396825479
sign_test_og_cel0.1__norm_original_radius,original_radius,26,1.0,0.8,0.1,0.1,7.229160308837891,10.512247325354565,4.797632694244385,5.378652572631836,0.0024476433172822,0.49396687746047974,1.1599982953404562,2612346,new_cel_4to1_chunk_8,82.37409973144531,70.7999267578125,1.163476824760437,515.4706420898438,515.4706420898438,7.280666828155518,0.014124308396825479
sign_test_og_cel0.1__norm_original_radius,original_radius,26,1.0,0.8,0.5,0.1,5.488916397094727,11.900537423984074,7.856251239776611,12.991317749023438,0.0024476433172822,0.49396687746047974,1.1599982953404562,2612346,new_cel_4to1_chunk_8,82.37409973144531,70.7999267578125,1.163476824760437,515.4706420898438,515.4706420898438,7.280666828155518,0.014124308396825479
sign_test_og_cel0.1__norm_original_radius,original_radius,26,1.0,0.8,1.0,0.1,4.039607524871826,8.37636698543588,8.863863945007324,17.74892807006836,0.0024476433172822,0.49396687746047974,1.1599982953404562,2612346,new_cel_4to1_chunk_8,82.37409973144531,70.7999267578125,1.163476824760437,515.4706420898438,515.4706420898438,7.280666828155518,0.014124308396825479
sign_test_og_cel0.1__norm_original_radius,original_radius,26,1.0,0.8,1.5,0.1,3.853058338165283,8.320690701536947,9.047971725463867,20.128101348876953,0.0024476433172822,0.49396687746047974,1.1599982953404562,2612346,new_cel_4to1_chunk_8,82.37409973144531,70.7999267578125,1.163476824760437,515.4706420898438,515.4706420898438,7.280666828155518,0.014124308396825479
sign_test_og_cel0.1__norm_original_radius,original_radius,26,1.0,1.0,0.1,0.1,8.41497802734375,13.607766666804082,5.858557224273682,6.7556047439575195,0.0024476433172822,0.49396687746047974,1.1599982953404562,2612346,new_cel_4to1_chunk_8,82.37409973144531,70.7999267578125,1.163476824760437,515.4706420898438,515.4706420898438,7.280666828155518,0.014124308396825479
sign_test_og_cel0.1__norm_original_radius,original_radius,26,1.0,1.0,0.5,0.1,6.697782516479492,12.563099284479165,9.570270538330078,16.640644073486328,0.0024476433172822,0.49396687746047974,1.1599982953404562,2612346,new_cel_4to1_chunk_8,82.37409973144531,70.7999267578125,1.163476824760437,515.4706420898438,515.4706420898438,7.280666828155518,0.014124308396825479
sign_test_og_cel0.1__norm_original_radius,original_radius,26,1.0,1.0,1.0,0.1,5.110528945922852,11.013523227116963,10.796226501464844,22.618383407592773,0.0024476433172822,0.49396687746047974,1.1599982953404562,2612346,new_cel_4to1_chunk_8,82.37409973144531,70.7999267578125,1.163476824760437,515.4706420898438,515.4706420898438,7.280666828155518,0.014124308396825479
sign_test_og_cel0.1__norm_original_radius,original_radius,26,1.0,1.0,1.5,0.1,4.594898700714111,10.196758825317946,10.998870849609375,25.702634811401367,0.0024476433172822,0.49396687746047974,1.1599982953404562,2612346,new_cel_4to1_chunk_8,82.37409973144531,70.7999267578125,1.163476824760437,515.4706420898438,515.4706420898438,7.280666828155518,0.014124308396825479
sign_test_og_cel0.2__norm_original_radius,original_radius,26,1.0,0.6,0.1,0.1,7.436163425445557,11.310125974814216,3.397801637649536,3.6947133541107178,0.0017808903940021992,0.3594072759151459,1.1599982953404562,2612346,new_cel_4to1_chunk_8,49.99980926513672,70.7999267578125,0.7062138319015503,515.4706420898438,515.4706420898438,7.280666828155518,0.014124308396825479
sign_test_og_cel0.2__norm_original_radius,original_radius,26,1.0,0.6,0.5,0.1,6.022795677185059,14.11325204025647,4.827682018280029,7.361802577972412,0.0017808903940021992,0.3594072759151459,1.1599982953404562,2612346,new_cel_4to1_chunk_8,49.99980926513672,70.7999267578125,0.7062138319015503,515.4706420898438,515.4706420898438,7.280666828155518,0.014124308396825479
sign_test_og_cel0.2__norm_original_radius,original_radius,26,1.0,0.6,1.0,0.1,3.2929797172546387,6.274391059754635,5.764341831207275,10.933539390563965,0.0017808903940021992,0.3594072759151459,1.1599982953404562,2612346,new_cel_4to1_chunk_8,49.99980926513672,70.7999267578125,0.7062138319015503,515.4706420898438,515.4706420898438,7.280666828155518,0.014124308396825479
sign_test_og_cel0.2__norm_original_radius,original_radius,26,1.0,0.6,1.5,0.1,3.1157474517822266,6.3289983592057695,6.100934028625488,13.039045333862305,0.0017808903940021992,0.3594072759151459,1.1599982953404562,2612346,new_cel_4to1_chunk_8,49.99980926513672,70.7999267578125,0.7062138319015503,515.4706420898438,515.4706420898438,7.280666828155518,0.014124308396825479
sign_test_og_cel0.2__norm_original_radius,original_radius,26,1.0,0.8,0.1,0.1,8.426427841186523,13.320671376791609,3.8974380493164062,4.27606201171875,0.0017808903940021992,0.3594072759151459,1.1599982953404562,2612346,new_cel_4to1_chunk_8,49.99980926513672,70.7999267578125,0.7062138319015503,515.4706420898438,515.4706420898438,7.280666828155518,0.014124308396825479
sign_test_og_cel0.2__norm_original_radius,original_radius,26,1.0,0.8,0.5,0.1,5.849382400512695,14.115372190174455,5.768287658691406,9.162554740905762,0.0017808903940021992,0.3594072759151459,1.1599982953404562,2612346,new_cel_4to1_chunk_8,49.99980926513672,70.7999267578125,0.7062138319015503,515.4706420898438,515.4706420898438,7.280666828155518,0.014124308396825479
sign_test_og_cel0.2__norm_original_radius,original_radius,26,1.0,0.8,1.0,0.1,3.247580051422119,6.096495919238578,6.978977203369141,13.884672164916992,0.0017808903940021992,0.3594072759151459,1.1599982953404562,2612346,new_cel_4to1_chunk_8,49.99980926513672,70.7999267578125,0.7062138319015503,515.4706420898438,515.4706420898438,7.280666828155518,0.014124308396825479
sign_test_og_cel0.2__norm_original_radius,original_radius,26,1.0,0.8,1.5,0.1,3.913261890411377,8.878289650971894,7.402676105499268,16.60919952392578,0.0017808903940021992,0.3594072759151459,1.1599982953404562,2612346,new_cel_4to1_chunk_8,49.99980926513672,70.7999267578125,0.7062138319015503,515.4706420898438,515.4706420898438,7.280666828155518,0.014124308396825479
sign_test_og_cel0.2__norm_original_radius,original_radius,26,1.0,1.0,0.1,0.1,10.021377563476562,16.135054867484484,4.886936187744141,5.435123443603516,0.0017808903940021992,0.3594072759151459,1.1599982953404562,2612346,new_cel_4to1_chunk_8,49.99980926513672,70.7999267578125,0.7062138319015503,515.4706420898438,515.4706420898438,7.280666828155518,0.014124308396825479
sign_test_og_cel0.2__norm_original_radius,original_radius,26,1.0,1.0,0.5,0.1,6.750666618347168,12.62200441017627,7.4617838859558105,12.388562202453613,0.0017808903940021992,0.3594072759151459,1.1599982953404562,2612346,new_cel_4to1_chunk_8,49.99980926513672,70.7999267578125,0.7062138319015503,515.4706420898438,515.4706420898438,7.280666828155518,0.014124308396825479
sign_test_og_cel0.2__norm_original_radius,original_radius,26,1.0,1.0,1.0,0.1,5.076042175292969,12.020595287093515,8.96864128112793,18.664833068847656,0.0017808903940021992,0.3594072759151459,1.1599982953404562,2612346,new_cel_4to1_chunk_8,49.99980926513672,70.7999267578125,0.7062138319015503,515.4706420898438,515.4706420898438,7.280666828155518,0.014124308396825479
sign_test_og_cel0.2__norm_original_radius,original_radius,26,1.0,1.0,1.5,0.1,3.754006862640381,7.478857532380459,9.444074630737305,22.09795379638672,0.0017808903940021992,0.3594072759151459,1.1599982953404562,2612346,new_cel_4to1_chunk_8,49.99980926513672,70.7999267578125,0.7062138319015503,515.4706420898438,515.4706420898438,7.280666828155518,0.014124308396825479
sign_test_og_cel0.3__norm_original_radius,original_radius,26,1.0,0.6,0.1,0.1,6.689516544342041,10.675520488059604,2.888791084289551,3.136896848678589,0.0011801080545410514,0.23816145956516266,1.1599982953404562,2612346,new_cel_4to1_chunk_8,42.244895935058594,70.7999267578125,0.5966810584068298,515.4706420898438,515.4706420898438,7.280666828155518,0.014124308396825479
sign_test_og_cel0.3__norm_original_radius,original_radius,26,1.0,0.6,0.5,0.1,4.810034275054932,12.279989209336634,4.060205459594727,6.2940874099731445,0.0011801080545410514,0.23816145956516266,1.1599982953404562,2612346,new_cel_4to1_chunk_8,42.244895935058594,70.7999267578125,0.5966810584068298,515.4706420898438,515.4706420898438,7.280666828155518,0.014124308396825479
sign_test_og_cel0.3__norm_original_radius,original_radius,26,1.0,0.6,1.0,0.1,3.780503034591675,9.680765996836953,4.851130485534668,9.448004722595215,0.0011801080545410514,0.23816145956516266,1.1599982953404562,2612346,new_cel_4to1_chunk_8,42.244895935058594,70.7999267578125,0.5966810584068298,515.4706420898438,515.4706420898438,7.280666828155518,0.014124308396825479
sign_test_og_cel0.3__norm_original_radius,original_radius,26,1.0,0.6,1.5,0.1,2.851731061935425,5.677803037566605,5.178077697753906,11.392587661743164,0.0011801080545410514,0.23816145956516266,1.1599982953404562,2612346,new_cel_4to1_chunk_8,42.244895935058594,70.7999267578125,0.5966810584068298,515.4706420898438,515.4706420898438,7.280666828155518,0.014124308396825479
sign_test_og_cel0.3__norm_original_radius,original_radius,26,1.0,0.8,0.1,0.1,7.624101161956787,12.63993912537508,3.3027877807617188,3.6214921474456787,0.0011801080545410514,0.23816145956516266,1.1599982953404562,2612346,new_cel_4to1_chunk_8,42.244895935058594,70.7999267578125,0.5966810584068298,515.4706420898438,515.4706420898438,7.280666828155518,0.014124308396825479
sign_test_og_cel0.3__norm_original_radius,original_radius,26,1.0,0.8,0.5,0.1,4.589017868041992,11.552064181070705,4.855395317077637,7.829155921936035,0.0011801080545410514,0.23816145956516266,1.1599982953404562,2612346,new_cel_4to1_chunk_8,42.244895935058594,70.7999267578125,0.5966810584068298,515.4706420898438,515.4706420898438,7.280666828155518,0.014124308396825479
sign_test_og_cel0.3__norm_original_radius,original_radius,26,1.0,0.8,1.0,0.1,4.839534759521484,9.834683102067629,5.879217624664307,11.961737632751465,0.0011801080545410514,0.23816145956516266,1.1599982953404562,2612346,new_cel_4to1_chunk_8,42.244895935058594,70.7999267578125,0.5966810584068298,515.4706420898438,515.4706420898438,7.280666828155518,0.014124308396825479
sign_test_og_cel0.3__norm_original_radius,original_radius,26,1.0,0.8,1.5,0.1,3.914060592651367,7.546020531226418,6.264176845550537,14.423516273498535,0.0011801080545410514,0.23816145956516266,1.1599982953404562,2612346,new_cel_4to1_chunk_8,42.244895935058594,70.7999267578125,0.5966810584068298,515.4706420898438,515.4706420898438,7.280666828155518,0.014124308396825479
sign_test_og_cel0.3__norm_original_radius,original_radius,26,1.0,1.0,0.1,0.1,9.191710472106934,15.209562188874543,4.060996055603027,4.516414165496826,0.0011801080545410514,0.23816145956516266,1.1599982953404562,2612346,new_cel_4to1_chunk_8,42.244895935058594,70.7999267578125,0.5966810584068298,515.4706420898438,515.4706420898438,7.280666828155518,0.014124308396825479
sign_test_og_cel0.3__norm_original_radius,original_radius,26,1.0,1.0,0.5,0.1,6.371531963348389,13.486626641565266,6.278323650360107,10.533474922180176,0.0011801080545410514,0.23816145956516266,1.1599982953404562,2612346,new_cel_4to1_chunk_8,42.244895935058594,70.7999267578125,0.5966810584068298,515.4706420898438,515.4706420898438,7.280666828155518,0.014124308396825479
sign_test_og_cel0.3__norm_original_radius,original_radius,26,1.0,1.0,1.0,0.1,4.963033676147461,10.938446894808465,7.633373260498047,16.097562789916992,0.0011801080545410514,0.23816145956516266,1.1599982953404562,2612346,new_cel_4to1_chunk_8,42.244895935058594,70.7999267578125,0.5966810584068298,515.4706420898438,515.4706420898438,7.280666828155518,0.014124308396825479
sign_test_og_cel0.3__norm_original_radius,original_radius,26,1.0,1.0,1.5,0.1,4.218587398529053,7.8779844780696635,8.068010330200195,19.232479095458984,0.0011801080545410514,0.23816145956516266,1.1599982953404562,2612346,new_cel_4to1_chunk_8,42.244895935058594,70.7999267578125,0.5966810584068298,515.4706420898438,515.4706420898438,7.280666828155518,0.014124308396825479
sign_test_og_cel0.4__norm_original_radius,original_radius,26,1.0,0.6,0.1,0.1,7.192108154296875,11.255561236131086,3.027212142944336,3.289750337600708,0.0005825283005833626,0.11756190657615662,1.1599982953404562,2612346,new_cel_4to1_chunk_8,50.492244720458984,70.7999267578125,0.713168203830719,515.4706420898438,515.4706420898438,7.280666828155518,0.014124308396825479
sign_test_og_cel0.4__norm_original_radius,original_radius,26,1.0,0.6,0.5,0.1,4.783750534057617,11.860600376727234,4.193807125091553,6.4158782958984375,0.0005825283005833626,0.11756190657615662,1.1599982953404562,2612346,new_cel_4to1_chunk_8,50.492244720458984,70.7999267578125,0.713168203830719,515.4706420898438,515.4706420898438,7.280666828155518,0.014124308396825479
sign_test_og_cel0.4__norm_original_radius,original_radius,26,1.0,0.6,1.0,0.1,3.7068798542022705,7.803213204891983,4.987163066864014,9.576716423034668,0.0005825283005833626,0.11756190657615662,1.1599982953404562,2612346,new_cel_4to1_chunk_8,50.492244720458984,70.7999267578125,0.713168203830719,515.4706420898438,515.4706420898438,7.280666828155518,0.014124308396825479
sign_test_og_cel0.4__norm_original_radius,original_radius,26,1.0,0.6,1.5,0.1,3.0322272777557373,6.8602323617600405,5.334442138671875,11.563949584960938,0.0005825283005833626,0.11756190657615662,1.1599982953404562,2612346,new_cel_4to1_chunk_8,50.492244720458984,70.7999267578125,0.713168203830719,515.4706420898438,515.4706420898438,7.280666828155518,0.014124308396825479
sign_test_og_cel0.4__norm_original_radius,original_radius,26,1.0,0.8,0.1,0.1,8.2215576171875,13.233869202891142,3.511864185333252,3.846968650817871,0.0005825283005833626,0.11756190657615662,1.1599982953404562,2612346,new_cel_4to1_chunk_8,50.492244720458984,70.7999267578125,0.713168203830719,515.4706420898438,515.4706420898438,7.280666828155518,0.014124308396825479
sign_test_og_cel0.4__norm_original_radius,original_radius,26,1.0,0.8,0.5,0.1,5.712025165557861,13.606428195675491,5.05506706237793,8.022581100463867,0.0005825283005833626,0.11756190657615662,1.1599982953404562,2612346,new_cel_4to1_chunk_8,50.492244720458984,70.7999267578125,0.713168203830719,515.4706420898438,515.4706420898438,7.280666828155518,0.014124308396825479
sign_test_og_cel0.4__norm_original_radius,original_radius,26,1.0,0.8,1.0,0.1,4.141298770904541,8.81547802324286,6.076288223266602,12.18585205078125,0.0005825283005833626,0.11756190657615662,1.1599982953404562,2612346,new_cel_4to1_chunk_8,50.492244720458984,70.7999267578125,0.713168203830719,515.4706420898438,515.4706420898438,7.280666828155518,0.014124308396825479
sign_test_og_cel0.4__norm_original_radius,original_radius,26,1.0,0.8,1.5,0.1,4.030030250549316,8.972631086470557,6.493524551391602,14.718939781188965,0.0005825283005833626,0.11756190657615662,1.1599982953404562,2612346,new_cel_4to1_chunk_8,50.492244720458984,70.7999267578125,0.713168203830719,515.4706420898438,515.4706420898438,7.280666828155518,0.014124308396825479
sign_test_og_cel0.4__norm_original_radius,original_radius,26,1.0,1.0,0.1,0.1,9.759833335876465,15.82610462819764,4.566771507263184,5.0648298263549805,0.0005825283005833626,0.11756190657615662,1.1599982953404562,2612346,new_cel_4to1_chunk_8,50.492244720458984,70.7999267578125,0.713168203830719,515.4706420898438,515.4706420898438,7.280666828155518,0.014124308396825479
sign_test_og_cel0.4__norm_original_radius,original_radius,26,1.0,1.0,0.5,0.1,7.636650085449219,15.765579101627957,6.749842643737793,11.06997013092041,0.0005825283005833626,0.11756190657615662,1.1599982953404562,2612346,new_cel_4to1_chunk_8,50.492244720458984,70.7999267578125,0.713168203830719,515.4706420898438,515.4706420898438,7.280666828155518,0.014124308396825479
sign_test_og_cel0.4__norm_original_radius,original_radius,26,1.0,1.0,1.0,0.1,4.724704265594482,9.804634300482988,8.03178596496582,16.673629760742188,0.0005825283005833626,0.11756190657615662,1.1599982953404562,2612346,new_cel_4to1_chunk_8,50.492244720458984,70.7999267578125,0.713168203830719,515.4706420898438,515.4706420898438,7.280666828155518,0.014124308396825479
sign_test_og_cel0.4__norm_original_radius,original_radius,26,1.0,1.0,1.5,0.1,3.890141487121582,8.379846435797617,8.491009712219238,19.904964447021484,0.0005825283005833626,0.11756190657615662,1.1599982953404562,2612346,new_cel_4to1_chunk_8,50.492244720458984,70.7999267578125,0.713168203830719,515.4706420898438,515.4706420898438,7.280666828155518,0.014124308396825479
sign_test_og_cel0.5__norm_original_radius,original_radius,26,1.0,0.6,0.1,0.1,7.078951358795166,10.839119164849564,3.043036699295044,3.310407876968384,-6.821248098276556e-05,-0.013766179792582989,1.1599982953404562,2612346,new_cel_4to1_chunk_8,46.18441390991211,70.7999267578125,0.6523224115371704,515.4706420898438,515.4706420898438,7.280666828155518,0.014124308396825479
sign_test_og_cel0.5__norm_original_radius,original_radius,26,1.0,0.6,0.5,0.1,5.6288862228393555,12.99491481983469,4.2981858253479,6.642230033874512,-6.821248098276556e-05,-0.013766179792582989,1.1599982953404562,2612346,new_cel_4to1_chunk_8,46.18441390991211,70.7999267578125,0.6523224115371704,515.4706420898438,515.4706420898438,7.280666828155518,0.014124308396825479
sign_test_og_cel0.5__norm_original_radius,original_radius,26,1.0,0.6,1.0,0.1,2.7006521224975586,6.745998642899508,5.203630447387695,10.136079788208008,-6.821248098276556e-05,-0.013766179792582989,1.1599982953404562,2612346,new_cel_4to1_chunk_8,46.18441390991211,70.7999267578125,0.6523224115371704,515.4706420898438,515.4706420898438,7.280666828155518,0.014124308396825479
sign_test_og_cel0.5__norm_original_radius,original_radius,26,1.0,0.6,1.5,0.1,3.106788396835327,7.324688121148824,5.599040508270264,12.339655876159668,-6.821248098276556e-05,-0.013766179792582989,1.1599982953404562,2612346,new_cel_4to1_chunk_8,46.18441390991211,70.7999267578125,0.6523224115371704,515.4706420898438,515.4706420898438,7.280666828155518,0.014124308396825479
sign_test_og_cel0.5__norm_original_radius,original_radius,26,1.0,0.8,0.1,0.1,8.162117004394531,12.906490663698719,3.5418262481689453,3.891145944595337,-6.821248098276556e-05,-0.013766179792582989,1.1599982953404562,2612346,new_cel_4to1_chunk_8,46.18441390991211,70.7999267578125,0.6523224115371704,515.4706420898438,515.4706420898438,7.280666828155518,0.014124308396825479
sign_test_og_cel0.5__norm_original_radius,original_radius,26,1.0,0.8,0.5,0.1,6.72374963760376,14.758973681925696,5.1999921798706055,8.36459732055664,-6.821248098276556e-05,-0.013766179792582989,1.1599982953404562,2612346,new_cel_4to1_chunk_8,46.18441390991211,70.7999267578125,0.6523224115371704,515.4706420898438,515.4706420898438,7.280666828155518,0.014124308396825479
sign_test_og_cel0.5__norm_original_radius,original_radius,26,1.0,0.8,1.0,0.1,4.983193397521973,10.035662136705147,6.339052677154541,12.919169425964355,-6.821248098276556e-05,-0.013766179792582989,1.1599982953404562,2612346,new_cel_4to1_chunk_8,46.18441390991211,70.7999267578125,0.6523224115371704,515.4706420898438,515.4706420898438,7.280666828155518,0.014124308396825479
sign_test_og_cel0.5__norm_original_radius,original_radius,26,1.0,0.8,1.5,0.1,3.1060001850128174,6.34734049146619,6.795750617980957,15.680830955505371,-6.821248098276556e-05,-0.013766179792582989,1.1599982953404562,2612346,new_cel_4to1_chunk_8,46.18441390991211,70.7999267578125,0.6523224115371704,515.4706420898438,515.4706420898438,7.280666828155518,0.014124308396825479
sign_test_og_cel0.5__norm_original_radius,original_radius,26,1.0,1.0,0.1,0.1,9.741847038269043,15.725970825511695,4.571780681610107,5.0923919677734375,-6.821248098276556e-05,-0.013766179792582989,1.1599982953404562,2612346,new_cel_4to1_chunk_8,46.18441390991211,70.7999267578125,0.6523224115371704,515.4706420898438,515.4706420898438,7.280666828155518,0.014124308396825479
sign_test_og_cel0.5__norm_original_radius,original_radius,26,1.0,1.0,0.5,0.1,6.108534336090088,11.696391023310412,6.924027919769287,11.539016723632812,-6.821248098276556e-05,-0.013766179792582989,1.1599982953404562,2612346,new_cel_4to1_chunk_8,46.18441390991211,70.7999267578125,0.6523224115371704,515.4706420898438,515.4706420898438,7.280666828155518,0.014124308396825479
sign_test_og_cel0.5__norm_original_radius,original_radius,26,1.0,1.0,1.0,0.1,5.792705059051514,11.626111320593509,8.306093215942383,17.48626708984375,-6.821248098276556e-05,-0.013766179792582989,1.1599982953404562,2612346,new_cel_4to1_chunk_8,46.18441390991211,70.7999267578125,0.6523224115371704,515.4706420898438,515.4706420898438,7.280666828155518,0.014124308396825479
sign_test_og_cel0.5__norm_original_radius,original_radius,26,1.0,1.0,1.5,0.1,3.8848724365234375,8.322279535807663,8.780494689941406,20.885921478271484,-6.821248098276556e-05,-0.013766179792582989,1.1599982953404562,2612346,new_cel_4to1_chunk_8,46.18441390991211,70.7999267578125,0.6523224115371704,515.4706420898438,515.4706420898438,7.280666828155518,0.014124308396825479
sign_test_og_cel0.6__norm_original_radius,original_radius,26,1.0,0.6,0.1,0.1,6.844184875488281,11.211993546599729,2.933227062225342,3.2040624618530273,-0.0007551411399617791,-0.15239746868610382,1.1599982953404562,2612346,new_cel_4to1_chunk_8,45.93901062011719,70.7999267578125,0.6488560438156128,515.4706420898438,515.4706420898438,7.280666828155518,0.014124308396825479
sign_test_og_cel0.6__norm_original_radius,original_radius,26,1.0,0.6,0.5,0.1,5.305320739746094,9.84625844679789,4.1846160888671875,6.490804672241211,-0.0007551411399617791,-0.15239746868610382,1.1599982953404562,2612346,new_cel_4to1_chunk_8,45.93901062011719,70.7999267578125,0.6488560438156128,515.4706420898438,515.4706420898438,7.280666828155518,0.014124308396825479
sign_test_og_cel0.6__norm_original_radius,original_radius,26,1.0,0.6,1.0,0.1,3.4315736293792725,7.513442669800256,5.177412033081055,9.951169967651367,-0.0007551411399617791,-0.15239746868610382,1.1599982953404562,2612346,new_cel_4to1_chunk_8,45.93901062011719,70.7999267578125,0.6488560438156128,515.4706420898438,515.4706420898438,7.280666828155518,0.014124308396825479
sign_test_og_cel0.6__norm_original_radius,original_radius,26,1.0,0.6,1.5,0.1,2.437281370162964,5.592073122128085,5.668609619140625,12.195781707763672,-0.0007551411399617791,-0.15239746868610382,1.1599982953404562,2612346,new_cel_4to1_chunk_8,45.93901062011719,70.7999267578125,0.6488560438156128,515.4706420898438,515.4706420898438,7.280666828155518,0.014124308396825479
sign_test_og_cel0.6__norm_original_radius,original_radius,26,1.0,0.8,0.1,0.1,7.892757415771484,13.486055402863713,3.452421188354492,3.808832883834839,-0.0007551411399617791,-0.15239746868610382,1.1599982953404562,2612346,new_cel_4to1_chunk_8,45.93901062011719,70.7999267578125,0.6488560438156128,515.4706420898438,515.4706420898438,7.280666828155518,0.014124308396825479
sign_test_og_cel0.6__norm_original_radius,original_radius,26,1.0,0.8,0.5,0.1,5.900525093078613,12.266510010481241,5.116494178771973,8.271695137023926,-0.0007551411399617791,-0.15239746868610382,1.1599982953404562,2612346,new_cel_4to1_chunk_8,45.93901062011719,70.7999267578125,0.6488560438156128,515.4706420898438,515.4706420898438,7.280666828155518,0.014124308396825479
sign_test_og_cel0.6__norm_original_radius,original_radius,26,1.0,0.8,1.0,0.1,3.4095191955566406,8.331498439101779,6.347198486328125,12.80875015258789,-0.0007551411399617791,-0.15239746868610382,1.1599982953404562,2612346,new_cel_4to1_chunk_8,45.93901062011719,70.7999267578125,0.6488560438156128,515.4706420898438,515.4706420898438,7.280666828155518,0.014124308396825479
sign_test_og_cel0.6__norm_original_radius,original_radius,26,1.0,0.8,1.5,0.1,3.1165294647216797,7.155063746044135,6.8968305587768555,15.64618968963623,-0.0007551411399617791,-0.15239746868610382,1.1599982953404562,2612346,new_cel_4to1_chunk_8,45.93901062011719,70.7999267578125,0.6488560438156128,515.4706420898438,515.4706420898438,7.280666828155518,0.014124308396825479
sign_test_og_cel0.6__norm_original_radius,original_radius,26,1.0,1.0,0.1,0.1,9.244576454162598,15.78012395349332,4.526508331298828,5.071511268615723,-0.0007551411399617791,-0.15239746868610382,1.1599982953404562,2612346,new_cel_4to1_chunk_8,45.93901062011719,70.7999267578125,0.6488560438156128,515.4706420898438,515.4706420898438,7.280666828155518,0.014124308396825479
sign_test_og_cel0.6__norm_original_radius,original_radius,26,1.0,1.0,0.5,0.1,6.472756862640381,14.194385892541277,6.943741321563721,11.662054061889648,-0.0007551411399617791,-0.15239746868610382,1.1599982953404562,2612346,new_cel_4to1_chunk_8,45.93901062011719,70.7999267578125,0.6488560438156128,515.4706420898438,515.4706420898438,7.280666828155518,0.014124308396825479
sign_test_og_cel0.6__norm_original_radius,original_radius,26,1.0,1.0,1.0,0.1,5.368892669677734,11.656050223421062,8.42446517944336,17.65073585510254,-0.0007551411399617791,-0.15239746868610382,1.1599982953404562,2612346,new_cel_4to1_chunk_8,45.93901062011719,70.7999267578125,0.6488560438156128,515.4706420898438,515.4706420898438,7.280666828155518,0.014124308396825479
sign_test_og_cel0.6__norm_original_radius,original_radius,26,1.0,1.0,1.5,0.1,3.764676570892334,8.100605609730927,8.955611228942871,21.087310791015625,-0.0007551411399617791,-0.15239746868610382,1.1599982953404562,2612346,new_cel_4to1_chunk_8,45.93901062011719,70.7999267578125,0.6488560438156128,515.4706420898438,515.4706420898438,7.280666828155518,0.014124308396825479
sign_test_og_cel0.7__norm_original_radius,original_radius,26,1.0,0.6,0.1,0.1,6.708267688751221,11.338869291305855,2.97042179107666,3.2407116889953613,-0.0013472767313942313,-0.2718982994556427,1.1599982953404562,2612346,new_cel_4to1_chunk_8,51.49858093261719,70.7999267578125,0.7273829579353333,515.4706420898438,515.4706420898438,7.280666828155518,0.014124308396825479
sign_test_og_cel0.7__norm_original_radius,original_radius,26,1.0,0.6,0.5,0.1,5.335820198059082,13.32779608819855,4.2841033935546875,6.58414888381958,-0.0013472767313942313,-0.2718982994556427,1.1599982953404562,2612346,new_cel_4to1_chunk_8,51.49858093261719,70.7999267578125,0.7273829579353333,515.4706420898438,515.4706420898438,7.280666828155518,0.014124308396825479
sign_test_og_cel0.7__norm_original_radius,original_radius,26,1.0,0.6,1.0,0.1,4.008259296417236,9.163598224134319,5.282867908477783,10.05293083190918,-0.0013472767313942313,-0.2718982994556427,1.1599982953404562,2612346,new_cel_4to1_chunk_8,51.49858093261719,70.7999267578125,0.7273829579353333,515.4706420898438,515.4706420898438,7.280666828155518,0.014124308396825479
sign_test_og_cel0.7__norm_original_radius,original_radius,26,1.0,0.6,1.5,0.1,2.8773069381713867,7.518215265164028,5.735835075378418,12.243099212646484,-0.0013472767313942313,-0.2718982994556427,1.1599982953404562,2612346,new_cel_4to1_chunk_8,51.49858093261719,70.7999267578125,0.7273829579353333,515.4706420898438,515.4706420898438,7.280666828155518,0.014124308396825479
sign_test_og_cel0.7__norm_original_radius,original_radius,26,1.0,0.8,0.1,0.1,7.868210315704346,13.553921067362708,3.4803571701049805,3.835357666015625,-0.0013472767313942313,-0.2718982994556427,1.1599982953404562,2612346,new_cel_4to1_chunk_8,51.49858093261719,70.7999267578125,0.7273829579353333,515.4706420898438,515.4706420898438,7.280666828155518,0.014124308396825479
sign_test_og_cel0.7__norm_original_radius,original_radius,26,1.0,0.8,0.5,0.1,6.015389442443848,12.753503939780714,5.2127275466918945,8.348907470703125,-0.0013472767313942313,-0.2718982994556427,1.1599982953404562,2612346,new_cel_4to1_chunk_8,51.49858093261719,70.7999267578125,0.7273829579353333,515.4706420898438,515.4706420898438,7.280666828155518,0.014124308396825479
sign_test_og_cel0.7__norm_original_radius,original_radius,26,1.0,0.8,1.0,0.1,4.1173095703125,6.827512070044918,6.446937084197998,12.883333206176758,-0.0013472767313942313,-0.2718982994556427,1.1599982953404562,2612346,new_cel_4to1_chunk_8,51.49858093261719,70.7999267578125,0.7273829579353333,515.4706420898438,515.4706420898438,7.280666828155518,0.014124308396825479
sign_test_og_cel0.7__norm_original_radius,original_radius,26,1.0,0.8,1.5,0.1,3.8396968841552734,6.607292328634799,6.956871032714844,15.627724647521973,-0.0013472767313942313,-0.2718982994556427,1.1599982953404562,2612346,new_cel_4to1_chunk_8,51.49858093261719,70.7999267578125,0.7273829579353333,515.4706420898438,515.4706420898438,7.280666828155518,0.014124308396825479
sign_test_og_cel0.7__norm_original_radius,original_radius,26,1.0,1.0,0.1,0.1,9.249419212341309,15.97422295922814,4.504204273223877,5.038448810577393,-0.0013472767313942313,-0.2718982994556427,1.1599982953404562,2612346,new_cel_4to1_chunk_8,51.49858093261719,70.7999267578125,0.7273829579353333,515.4706420898438,515.4706420898438,7.280666828155518,0.014124308396825479
sign_test_og_cel0.7__norm_original_radius,original_radius,26,1.0,1.0,0.5,0.1,6.524721145629883,14.105134422904385,6.948640823364258,11.555198669433594,-0.0013472767313942313,-0.2718982994556427,1.1599982953404562,2612346,new_cel_4to1_chunk_8,51.49858093261719,70.7999267578125,0.7273829579353333,515.4706420898438,515.4706420898438,7.280666828155518,0.014124308396825479
sign_test_og_cel0.7__norm_original_radius,original_radius,26,1.0,1.0,1.0,0.1,3.431675434112549,8.56099993381764,8.438474655151367,17.504098892211914,-0.0013472767313942313,-0.2718982994556427,1.1599982953404562,2612346,new_cel_4to1_chunk_8,51.49858093261719,70.7999267578125,0.7273829579353333,515.4706420898438,515.4706420898438,7.280666828155518,0.014124308396825479
sign_test_og_cel0.7__norm_original_radius,original_radius,26,1.0,1.0,1.5,0.1,4.251203536987305,9.27291497926609,8.938549995422363,20.84281349182129,-0.0013472767313942313,-0.2718982994556427,1.1599982953404562,2612346,new_cel_4to1_chunk_8,51.49858093261719,70.7999267578125,0.7273829579353333,515.4706420898438,515.4706420898438,7.280666828155518,0.014124308396825479
sign_test_og_cel0.8__norm_original_radius,original_radius,26,1.0,0.6,0.1,0.1,7.010900020599365,11.346202128052646,2.800964832305908,3.04827880859375,-0.0019723977893590927,-0.3980560004711151,1.1599982953404562,2612346,new_cel_4to1_chunk_8,83.8516616821289,70.7999267578125,1.1843481063842773,515.4706420898438,515.4706420898438,7.280666828155518,0.014124308396825479
sign_test_og_cel0.8__norm_original_radius,original_radius,26,1.0,0.6,0.5,0.1,6.101263999938965,14.352355747054801,3.9542877674102783,6.032632827758789,-0.0019723977893590927,-0.3980560004711151,1.1599982953404562,2612346,new_cel_4to1_chunk_8,83.8516616821289,70.7999267578125,1.1843481063842773,515.4706420898438,515.4706420898438,7.280666828155518,0.014124308396825479
sign_test_og_cel0.8__norm_original_radius,original_radius,26,1.0,0.6,1.0,0.1,4.076005458831787,10.66554612657444,4.8043341636657715,9.077595710754395,-0.0019723977893590927,-0.3980560004711151,1.1599982953404562,2612346,new_cel_4to1_chunk_8,83.8516616821289,70.7999267578125,1.1843481063842773,515.4706420898438,515.4706420898438,7.280666828155518,0.014124308396825479
sign_test_og_cel0.8__norm_original_radius,original_radius,26,1.0,0.6,1.5,0.1,2.7377214431762695,5.853632458345913,5.173346042633057,10.950396537780762,-0.0019723977893590927,-0.3980560004711151,1.1599982953404562,2612346,new_cel_4to1_chunk_8,83.8516616821289,70.7999267578125,1.1843481063842773,515.4706420898438,515.4706420898438,7.280666828155518,0.014124308396825479
sign_test_og_cel0.8__norm_original_radius,original_radius,26,1.0,0.8,0.1,0.1,8.497241973876953,13.698031995240367,3.3223190307617188,3.6498241424560547,-0.0019723977893590927,-0.3980560004711151,1.1599982953404562,2612346,new_cel_4to1_chunk_8,83.8516616821289,70.7999267578125,1.1843481063842773,515.4706420898438,515.4706420898438,7.280666828155518,0.014124308396825479
sign_test_og_cel0.8__norm_original_radius,original_radius,26,1.0,0.8,0.5,0.1,6.715126037597656,12.439634111652124,4.825697898864746,7.627119064331055,-0.0019723977893590927,-0.3980560004711151,1.1599982953404562,2612346,new_cel_4to1_chunk_8,83.8516616821289,70.7999267578125,1.1843481063842773,515.4706420898438,515.4706420898438,7.280666828155518,0.014124308396825479
sign_test_og_cel0.8__norm_original_radius,original_radius,26,1.0,0.8,1.0,0.1,3.786184787750244,5.552047852236165,5.84490442276001,11.576815605163574,-0.0019723977893590927,-0.3980560004711151,1.1599982953404562,2612346,new_cel_4to1_chunk_8,83.8516616821289,70.7999267578125,1.1843481063842773,515.4706420898438,515.4706420898438,7.280666828155518,0.014124308396825479
sign_test_og_cel0.8__norm_original_radius,original_radius,26,1.0,0.8,1.5,0.1,3.2622876167297363,7.878010521653621,6.239071846008301,13.924575805664062,-0.0019723977893590927,-0.3980560004711151,1.1599982953404562,2612346,new_cel_4to1_chunk_8,83.8516616821289,70.7999267578125,1.1843481063842773,515.4706420898438,515.4706420898438,7.280666828155518,0.014124308396825479
sign_test_og_cel0.8__norm_original_radius,original_radius,26,1.0,1.0,0.1,0.1,8.866994857788086,13.930043728271492,4.049098014831543,5.338873863220215,-0.0019723977893590927,-0.3980560004711151,1.1599982953404562,2612346,new_cel_4to1_chunk_8,83.8516616821289,70.7999267578125,1.1843481063842773,515.4706420898438,515.4706420898438,7.280666828155518,0.014124308396825479
sign_test_og_cel0.8__norm_original_radius,original_radius,26,1.0,1.0,0.5,0.1,6.567536354064941,12.838288674169252,7.920449733734131,13.46041202545166,-0.0019723977893590927,-0.3980560004711151,1.1599982953404562,2612346,new_cel_4to1_chunk_8,83.8516616821289,70.7999267578125,1.1843481063842773,515.4706420898438,515.4706420898438,7.280666828155518,0.014124308396825479
sign_test_og_cel0.8__norm_original_radius,original_radius,26,1.0,1.0,1.0,0.1,4.637265205383301,9.000870965822642,8.374956130981445,17.186948776245117,-0.0019723977893590927,-0.3980560004711151,1.1599982953404562,2612346,new_cel_4to1_chunk_8,83.8516616821289,70.7999267578125,1.1843481063842773,515.4706420898438,515.4706420898438,7.280666828155518,0.014124308396825479
sign_test_og_cel0.8__norm_original_radius,original_radius,26,1.0,1.0,1.5,0.1,4.472923755645752,9.269201844790416,8.369134902954102,19.418169021606445,-0.0019723977893590927,-0.3980560004711151,1.1599982953404562,2612346,new_cel_4to1_chunk_8,83.8516616821289,70.7999267578125,1.1843481063842773,515.4706420898438,515.4706420898438,7.280666828155518,0.014124308396825479
sign_test_og_cel0.9__norm_original_radius,original_radius,26,1.0,0.6,0.1,0.1,8.008148193359375,11.805463175771365,3.124063014984131,3.3866100311279297,-0.0025677357334643602,-0.5182031393051147,1.1599982953404562,2612346,new_cel_4to1_chunk_8,89.12872314453125,70.7999267578125,1.2588815689086914,515.4706420898438,515.4706420898438,7.280666828155518,0.014124308396825479
sign_test_og_cel0.9__norm_original_radius,original_radius,26,1.0,0.6,0.5,0.1,5.765408992767334,12.623424292962767,4.371846675872803,6.631049156188965,-0.0025677357334643602,-0.5182031393051147,1.1599982953404562,2612346,new_cel_4to1_chunk_8,89.12872314453125,70.7999267578125,1.2588815689086914,515.4706420898438,515.4706420898438,7.280666828155518,0.014124308396825479
sign_test_og_cel0.9__norm_original_radius,original_radius,26,1.0,0.6,1.0,0.1,4.908851146697998,10.070081242062102,5.294992923736572,9.955038070678711,-0.0025677357334643602,-0.5182031393051147,1.1599982953404562,2612346,new_cel_4to1_chunk_8,89.12872314453125,70.7999267578125,1.2588815689086914,515.4706420898438,515.4706420898438,7.280666828155518,0.014124308396825479
sign_test_og_cel0.9__norm_original_radius,original_radius,26,1.0,0.6,1.5,0.1,3.8023176193237305,6.516131870517275,5.680994510650635,12.044089317321777,-0.0025677357334643602,-0.5182031393051147,1.1599982953404562,2612346,new_cel_4to1_chunk_8,89.12872314453125,70.7999267578125,1.2588815689086914,515.4706420898438,515.4706420898438,7.280666828155518,0.014124308396825479
sign_test_og_cel0.9__norm_original_radius,original_radius,26,1.0,0.8,0.1,0.1,9.543585777282715,13.784284609014268,4.1234517097473145,4.532952308654785,-0.0025677357334643602,-0.5182031393051147,1.1599982953404562,2612346,new_cel_4to1_chunk_8,89.12872314453125,70.7999267578125,1.2588815689086914,515.4706420898438,515.4706420898438,7.280666828155518,0.014124308396825479
sign_test_og_cel0.9__norm_original_radius,original_radius,26,1.0,0.8,0.5,0.1,6.816864967346191,13.765688555761244,5.965599060058594,9.423187255859375,-0.0025677357334643602,-0.5182031393051147,1.1599982953404562,2612346,new_cel_4to1_chunk_8,89.12872314453125,70.7999267578125,1.2588815689086914,515.4706420898438,515.4706420898438,7.280666828155518,0.014124308396825479
sign_test_og_cel0.9__norm_original_radius,original_radius,26,1.0,0.8,1.0,0.1,5.062046527862549,9.355153688834598,7.065225601196289,13.899774551391602,-0.0025677357334643602,-0.5182031393051147,1.1599982953404562,2612346,new_cel_4to1_chunk_8,89.12872314453125,70.7999267578125,1.2588815689086914,515.4706420898438,515.4706420898438,7.280666828155518,0.014124308396825479
sign_test_og_cel0.9__norm_original_radius,original_radius,26,1.0,0.8,1.5,0.1,4.03705358505249,9.128659240011018,7.392541885375977,16.450237274169922,-0.0025677357334643602,-0.5182031393051147,1.1599982953404562,2612346,new_cel_4to1_chunk_8,89.12872314453125,70.7999267578125,1.2588815689086914,515.4706420898438,515.4706420898438,7.280666828155518,0.014124308396825479
sign_test_og_cel0.9__norm_original_radius,original_radius,26,1.0,1.0,0.1,0.1,7.99976921081543,11.404582404545877,3.8300039768218994,7.090952396392822,-0.0025677357334643602,-0.5182031393051147,1.1599982953404562,2612346,new_cel_4to1_chunk_8,89.12872314453125,70.7999267578125,1.2588815689086914,515.4706420898438,515.4706420898438,7.280666828155518,0.014124308396825479
sign_test_og_cel0.9__norm_original_radius,original_radius,26,1.0,1.0,0.5,0.1,6.2615966796875,11.319635862896476,10.337664604187012,17.81464385986328,-0.0025677357334643602,-0.5182031393051147,1.1599982953404562,2612346,new_cel_4to1_chunk_8,89.12872314453125,70.7999267578125,1.2588815689086914,515.4706420898438,515.4706420898438,7.280666828155518,0.014124308396825479
sign_test_og_cel0.9__norm_original_radius,original_radius,26,1.0,1.0,1.0,0.1,5.509728908538818,10.541861438822878,11.170931816101074,23.150341033935547,-0.0025677357334643602,-0.5182031393051147,1.1599982953404562,2612346,new_cel_4to1_chunk_8,89.12872314453125,70.7999267578125,1.2588815689086914,515.4706420898438,515.4706420898438,7.280666828155518,0.014124308396825479
sign_test_og_cel0.9__norm_original_radius,original_radius,26,1.0,1.0,1.5,0.1,4.537115097045898,8.6811143471474,11.054286003112793,25.602325439453125,-0.0025677357334643602,-0.5182031393051147,1.1599982953404562,2612346,new_cel_4to1_chunk_8,89.12872314453125,70.7999267578125,1.2588815689086914,515.4706420898438,515.4706420898438,7.280666828155518,0.014124308396825479
sign_test_og_cel1.0__norm_original_radius,original_radius,26,1.0,0.6,0.1,0.1,8.008606910705566,11.358744389160165,3.1574978828430176,3.416386604309082,-0.003132330486550927,-0.6321458220481873,1.1599982953404562,2612346,new_cel_4to1_chunk_8,100.55933380126953,70.7999267578125,1.4203318357467651,515.4706420898438,515.4706420898438,7.280666828155518,0.014124308396825479
sign_test_og_cel1.0__norm_original_radius,original_radius,26,1.0,0.6,0.5,0.1,6.310821533203125,13.6463438369354,4.320828437805176,6.447800159454346,-0.003132330486550927,-0.6321458220481873,1.1599982953404562,2612346,new_cel_4to1_chunk_8,100.55933380126953,70.7999267578125,1.4203318357467651,515.4706420898438,515.4706420898438,7.280666828155518,0.014124308396825479
sign_test_og_cel1.0__norm_original_radius,original_radius,26,1.0,0.6,1.0,0.1,2.8619446754455566,6.406980145568241,5.171278953552246,9.623477935791016,-0.003132330486550927,-0.6321458220481873,1.1599982953404562,2612346,new_cel_4to1_chunk_8,100.55933380126953,70.7999267578125,1.4203318357467651,515.4706420898438,515.4706420898438,7.280666828155518,0.014124308396825479
sign_test_og_cel1.0__norm_original_radius,original_radius,26,1.0,0.6,1.5,0.1,3.2283413410186768,5.968560707341087,5.538834571838379,11.642557144165039,-0.003132330486550927,-0.6321458220481873,1.1599982953404562,2612346,new_cel_4to1_chunk_8,100.55933380126953,70.7999267578125,1.4203318357467651,515.4706420898438,515.4706420898438,7.280666828155518,0.014124308396825479
sign_test_og_cel1.0__norm_original_radius,original_radius,26,1.0,0.8,0.1,0.1,9.105585098266602,12.686600048402738,4.575953483581543,5.061774253845215,-0.003132330486550927,-0.6321458220481873,1.1599982953404562,2612346,new_cel_4to1_chunk_8,100.55933380126953,70.7999267578125,1.4203318357467651,515.4706420898438,515.4706420898438,7.280666828155518,0.014124308396825479
sign_test_og_cel1.0__norm_original_radius,original_radius,26,1.0,0.8,0.5,0.1,6.2257280349731445,12.547952737515118,6.3470635414123535,10.052103042602539,-0.003132330486550927,-0.6321458220481873,1.1599982953404562,2612346,new_cel_4to1_chunk_8,100.55933380126953,70.7999267578125,1.4203318357467651,515.4706420898438,515.4706420898438,7.280666828155518,0.014124308396825479
sign_test_og_cel1.0__norm_original_radius,original_radius,26,1.0,0.8,1.0,0.1,4.891342639923096,9.607719968205389,7.2916789054870605,14.3644380569458,-0.003132330486550927,-0.6321458220481873,1.1599982953404562,2612346,new_cel_4to1_chunk_8,100.55933380126953,70.7999267578125,1.4203318357467651,515.4706420898438,515.4706420898438,7.280666828155518,0.014124308396825479
sign_test_og_cel1.0__norm_original_radius,original_radius,26,1.0,0.8,1.5,0.1,3.922170639038086,8.682486339430966,7.543413162231445,16.75680923461914,-0.003132330486550927,-0.6321458220481873,1.1599982953404562,2612346,new_cel_4to1_chunk_8,100.55933380126953,70.7999267578125,1.4203318357467651,515.4706420898438,515.4706420898438,7.280666828155518,0.014124308396825479
sign_test_og_cel1.0__norm_original_radius,original_radius,26,1.0,1.0,0.1,0.1,5.538371562957764,8.500089510903308,2.8374149799346924,6.0307087898254395,-0.003132330486550927,-0.6321458220481873,1.1599982953404562,2612346,new_cel_4to1_chunk_8,100.55933380126953,70.7999267578125,1.4203318357467651,515.4706420898438,515.4706420898438,7.280666828155518,0.014124308396825479
sign_test_og_cel1.0__norm_original_radius,original_radius,26,1.0,1.0,0.5,0.1,5.491631507873535,10.112416628885626,10.44312858581543,16.493261337280273,-0.003132330486550927,-0.6321458220481873,1.1599982953404562,2612346,new_cel_4to1_chunk_8,100.55933380126953,70.7999267578125,1.4203318357467651,515.4706420898438,515.4706420898438,7.280666828155518,0.014124308396825479
sign_test_og_cel1.0__norm_original_radius,original_radius,26,1.0,1.0,1.0,0.1,4.355469703674316,8.508959350253718,12.362921714782715,25.822765350341797,-0.003132330486550927,-0.6321458220481873,1.1599982953404562,2612346,new_cel_4to1_chunk_8,100.55933380126953,70.7999267578125,1.4203318357467651,515.4706420898438,515.4706420898438,7.280666828155518,0.014124308396825479
sign_test_og_cel1.0__norm_original_radius,original_radius,26,1.0,1.0,1.5,0.1,3.7922611236572266,8.332998266775348,12.17122745513916,28.35671615600586,-0.003132330486550927,-0.6321458220481873,1.1599982953404562,2612346,new_cel_4to1_chunk_8,100.55933380126953,70.7999267578125,1.4203318357467651,515.4706420898438,515.4706420898438,7.280666828155518,0.014124308396825479
