mode,normalization,shuffle_id,rho_target,leak,input_scale,neuron_bias,MC,IPC,KR,GR,wt_mean,cosine_similarity,kl_to_gaussian,seed,src,raw_rho,ref_rho,post_rho,raw_fro,ref_fro,post_fro,scale_factor
sign_test_og_cel0.06113256113256113__norm_spectral_radius,spectral_radius,48,1.0,0.6,0.1,0.0,5.347396373748779,6.448645089077786,3.064488172531128,3.2062249183654785,0.0018065368058159947,0.564674973487854,0.8963916817385638,4812346,chunk_19,44.98279571533203,52.364280700683594,0.9999985694885254,230.77911376953125,230.77911376953125,5.1303863525390625,0.022230721414657602
sign_test_og_cel0.06113256113256113__norm_spectral_radius,spectral_radius,48,1.0,0.6,0.5,0.0,5.40186071395874,9.009830168825374,3.4971697330474854,4.836777687072754,0.0018065368058159947,0.564674973487854,0.8963916817385638,4812346,chunk_19,44.98279571533203,52.364280700683594,0.9999985694885254,230.77911376953125,230.77911376953125,5.1303863525390625,0.022230721414657602
sign_test_og_cel0.06113256113256113__norm_spectral_radius,spectral_radius,48,1.0,0.6,1.0,0.0,2.889045238494873,4.748531118640379,3.861128330230713,6.584956169128418,0.0018065368058159947,0.564674973487854,0.8963916817385638,4812346,chunk_19,44.98279571533203,52.364280700683594,0.9999985694885254,230.77911376953125,230.77911376953125,5.1303863525390625,0.022230721414657602
sign_test_og_cel0.06113256113256113__norm_spectral_radius,spectral_radius,48,1.0,0.6,1.5,0.0,2.8129637241363525,5.265561009412579,4.044103145599365,7.702750205993652,0.0018065368058159947,0.564674973487854,0.8963916817385638,4812346,chunk_19,44.98279571533203,52.364280700683594,0.9999985694885254,230.77911376953125,230.77911376953125,5.1303863525390625,0.022230721414657602
sign_test_og_cel0.06113256113256113__norm_spectral_radius,spectral_radius,48,1.0,0.8,0.1,0.0,6.1776299476623535,7.4819818249899015,3.2539167404174805,3.4342780113220215,0.0018065368058159947,0.564674973487854,0.8963916817385638,4812346,chunk_19,44.98279571533203,52.364280700683594,0.9999985694885254,230.77911376953125,230.77911376953125,5.1303863525390625,0.022230721414657602
sign_test_og_cel0.06113256113256113__norm_spectral_radius,spectral_radius,48,1.0,0.8,0.5,0.0,5.492835521697998,8.481799186862965,3.827664852142334,5.510032653808594,0.0018065368058159947,0.564674973487854,0.8963916817385638,4812346,chunk_19,44.98279571533203,52.364280700683594,0.9999985694885254,230.77911376953125,230.77911376953125,5.1303863525390625,0.022230721414657602
sign_test_og_cel0.06113256113256113__norm_spectral_radius,spectral_radius,48,1.0,0.8,1.0,0.0,4.457371711730957,7.828612782152034,4.338294982910156,7.784482955932617,0.0018065368058159947,0.564674973487854,0.8963916817385638,4812346,chunk_19,44.98279571533203,52.364280700683594,0.9999985694885254,230.77911376953125,230.77911376953125,5.1303863525390625,0.022230721414657602
sign_test_og_cel0.06113256113256113__norm_spectral_radius,spectral_radius,48,1.0,0.8,1.5,0.0,3.7156050205230713,5.482545237440036,4.607608318328857,9.24613094329834,0.0018065368058159947,0.564674973487854,0.8963916817385638,4812346,chunk_19,44.98279571533203,52.364280700683594,0.9999985694885254,230.77911376953125,230.77911376953125,5.1303863525390625,0.022230721414657602
sign_test_og_cel0.06113256113256113__norm_spectral_radius,spectral_radius,48,1.0,1.0,0.1,0.0,7.449195384979248,9.011433214416968,3.5703747272491455,3.80941104888916,0.0018065368058159947,0.564674973487854,0.8963916817385638,4812346,chunk_19,44.98279571533203,52.364280700683594,0.9999985694885254,230.77911376953125,230.77911376953125,5.1303863525390625,0.022230721414657602
sign_test_og_cel0.06113256113256113__norm_spectral_radius,spectral_radius,48,1.0,1.0,0.5,0.0,6.557878494262695,10.045417242343547,4.365743637084961,6.553843975067139,0.0018065368058159947,0.564674973487854,0.8963916817385638,4812346,chunk_19,44.98279571533203,52.364280700683594,0.9999985694885254,230.77911376953125,230.77911376953125,5.1303863525390625,0.022230721414657602
sign_test_og_cel0.06113256113256113__norm_spectral_radius,spectral_radius,48,1.0,1.0,1.0,0.0,5.1963324546813965,9.343658316086065,5.098384857177734,9.60385513305664,0.0018065368058159947,0.564674973487854,0.8963916817385638,4812346,chunk_19,44.98279571533203,52.364280700683594,0.9999985694885254,230.77911376953125,230.77911376953125,5.1303863525390625,0.022230721414657602
sign_test_og_cel0.06113256113256113__norm_spectral_radius,spectral_radius,48,1.0,1.0,1.5,0.0,4.104753017425537,7.276794189049724,5.482077598571777,11.561112403869629,0.0018065368058159947,0.564674973487854,0.8963916817385638,4812346,chunk_19,44.98279571533203,52.364280700683594,0.9999985694885254,230.77911376953125,230.77911376953125,5.1303863525390625,0.022230721414657602
sign_test_og_cel0.0__norm_spectral_radius,spectral_radius,48,1.0,0.6,0.1,0.0,4.758403778076172,5.758727054871429,2.8081681728363037,2.9062132835388184,0.0017045936547219753,0.6414676308631897,0.89639169301893,4812346,chunk_19,54.156253814697266,52.364280700683594,0.9999997019767761,230.77911376953125,230.77911376953125,4.261356830596924,0.01846508813961969
sign_test_og_cel0.0__norm_spectral_radius,spectral_radius,48,1.0,0.6,0.5,0.0,4.922420024871826,8.643995551692342,3.122962236404419,4.211546897888184,0.0017045936547219753,0.6414676308631897,0.89639169301893,4812346,chunk_19,54.156253814697266,52.364280700683594,0.9999997019767761,230.77911376953125,230.77911376953125,4.261356830596924,0.01846508813961969
sign_test_og_cel0.0__norm_spectral_radius,spectral_radius,48,1.0,0.6,1.0,0.0,3.432004451751709,6.489471132037895,3.440356969833374,5.6417412757873535,0.0017045936547219753,0.6414676308631897,0.89639169301893,4812346,chunk_19,54.156253814697266,52.364280700683594,0.9999997019767761,230.77911376953125,230.77911376953125,4.261356830596924,0.01846508813961969
sign_test_og_cel0.0__norm_spectral_radius,spectral_radius,48,1.0,0.6,1.5,0.0,3.1447272300720215,5.339324821295492,3.6050195693969727,6.537657260894775,0.0017045936547219753,0.6414676308631897,0.89639169301893,4812346,chunk_19,54.156253814697266,52.364280700683594,0.9999997019767761,230.77911376953125,230.77911376953125,4.261356830596924,0.01846508813961969
sign_test_og_cel0.0__norm_spectral_radius,spectral_radius,48,1.0,0.8,0.1,0.0,5.501711368560791,6.639196397843051,2.940406084060669,3.0717720985412598,0.0017045936547219753,0.6414676308631897,0.89639169301893,4812346,chunk_19,54.156253814697266,52.364280700683594,0.9999997019767761,230.77911376953125,230.77911376953125,4.261356830596924,0.01846508813961969
sign_test_og_cel0.0__norm_spectral_radius,spectral_radius,48,1.0,0.8,0.5,0.0,5.108574390411377,8.911596191178958,3.3490641117095947,4.674590587615967,0.0017045936547219753,0.6414676308631897,0.89639169301893,4812346,chunk_19,54.156253814697266,52.364280700683594,0.9999997019767761,230.77911376953125,230.77911376953125,4.261356830596924,0.01846508813961969
sign_test_og_cel0.0__norm_spectral_radius,spectral_radius,48,1.0,0.8,1.0,0.0,4.564701080322266,7.685105941872948,3.7731130123138428,6.463170051574707,0.0017045936547219753,0.6414676308631897,0.89639169301893,4812346,chunk_19,54.156253814697266,52.364280700683594,0.9999997019767761,230.77911376953125,230.77911376953125,4.261356830596924,0.01846508813961969
sign_test_og_cel0.0__norm_spectral_radius,spectral_radius,48,1.0,0.8,1.5,0.0,2.722459554672241,3.2463571123462884,4.0071024894714355,7.611878871917725,0.0017045936547219753,0.6414676308631897,0.89639169301893,4812346,chunk_19,54.156253814697266,52.364280700683594,0.9999997019767761,230.77911376953125,230.77911376953125,4.261356830596924,0.01846508813961969
sign_test_og_cel0.0__norm_spectral_radius,spectral_radius,48,1.0,1.0,0.1,0.0,6.4692230224609375,7.8089258916981095,3.166469097137451,3.345123291015625,0.0017045936547219753,0.6414676308631897,0.89639169301893,4812346,chunk_19,54.156253814697266,52.364280700683594,0.9999997019767761,230.77911376953125,230.77911376953125,4.261356830596924,0.01846508813961969
sign_test_og_cel0.0__norm_spectral_radius,spectral_radius,48,1.0,1.0,0.5,0.0,5.733165264129639,9.12081770638656,3.7160441875457764,5.37798547744751,0.0017045936547219753,0.6414676308631897,0.89639169301893,4812346,chunk_19,54.156253814697266,52.364280700683594,0.9999997019767761,230.77911376953125,230.77911376953125,4.261356830596924,0.01846508813961969
sign_test_og_cel0.0__norm_spectral_radius,spectral_radius,48,1.0,1.0,1.0,0.0,5.169041633605957,9.425028098593117,4.294302463531494,7.679765701293945,0.0017045936547219753,0.6414676308631897,0.89639169301893,4812346,chunk_19,54.156253814697266,52.364280700683594,0.9999997019767761,230.77911376953125,230.77911376953125,4.261356830596924,0.01846508813961969
sign_test_og_cel0.0__norm_spectral_radius,spectral_radius,48,1.0,1.0,1.5,0.0,3.2979958057403564,5.608045273043731,4.618185043334961,9.183045387268066,0.0017045936547219753,0.6414676308631897,0.89639169301893,4812346,chunk_19,54.156253814697266,52.364280700683594,0.9999997019767761,230.77911376953125,230.77911376953125,4.261356830596924,0.01846508813961969
sign_test_og_cel0.1__norm_spectral_radius,spectral_radius,48,1.0,0.6,0.1,0.0,6.217703819274902,7.321608252715073,3.196582078933716,3.3243587017059326,0.0018409604672342539,0.5189723968505859,0.8958846969837225,4812346,chunk_19,40.56901931762695,52.364280700683594,0.9999990463256836,230.77911376953125,230.77911376953125,5.688555717468262,0.024649351076758887
sign_test_og_cel0.1__norm_spectral_radius,spectral_radius,48,1.0,0.6,0.5,0.0,5.787654399871826,9.734921126004338,3.632103443145752,5.03810453414917,0.0018409604672342539,0.5189723968505859,0.8958846969837225,4812346,chunk_19,40.56901931762695,52.364280700683594,0.9999990463256836,230.77911376953125,230.77911376953125,5.688555717468262,0.024649351076758887
sign_test_og_cel0.1__norm_spectral_radius,spectral_radius,48,1.0,0.6,1.0,0.0,3.6508939266204834,6.34775249166635,4.0568766593933105,6.964756965637207,0.0018409604672342539,0.5189723968505859,0.8958846969837225,4812346,chunk_19,40.56901931762695,52.364280700683594,0.9999990463256836,230.77911376953125,230.77911376953125,5.688555717468262,0.024649351076758887
sign_test_og_cel0.1__norm_spectral_radius,spectral_radius,48,1.0,0.6,1.5,0.0,2.907771348953247,5.587574170161652,4.2931342124938965,8.245107650756836,0.0018409604672342539,0.5189723968505859,0.8958846969837225,4812346,chunk_19,40.56901931762695,52.364280700683594,0.9999990463256836,230.77911376953125,230.77911376953125,5.688555717468262,0.024649351076758887
sign_test_og_cel0.1__norm_spectral_radius,spectral_radius,48,1.0,0.8,0.1,0.0,7.285303115844727,8.541827421906873,3.4304616451263428,3.6023247241973877,0.0018409604672342539,0.5189723968505859,0.8958846969837225,4812346,chunk_19,40.56901931762695,52.364280700683594,0.9999990463256836,230.77911376953125,230.77911376953125,5.688555717468262,0.024649351076758887
sign_test_og_cel0.1__norm_spectral_radius,spectral_radius,48,1.0,0.8,0.5,0.0,5.854059219360352,9.791990159455963,4.03546142578125,5.825765609741211,0.0018409604672342539,0.5189723968505859,0.8958846969837225,4812346,chunk_19,40.56901931762695,52.364280700683594,0.9999990463256836,230.77911376953125,230.77911376953125,5.688555717468262,0.024649351076758887
sign_test_og_cel0.1__norm_spectral_radius,spectral_radius,48,1.0,0.8,1.0,0.0,4.945728302001953,9.035968254806448,4.632452487945557,8.366132736206055,0.0018409604672342539,0.5189723968505859,0.8958846969837225,4812346,chunk_19,40.56901931762695,52.364280700683594,0.9999990463256836,230.77911376953125,230.77911376953125,5.688555717468262,0.024649351076758887
sign_test_og_cel0.1__norm_spectral_radius,spectral_radius,48,1.0,0.8,1.5,0.0,3.8870291709899902,6.343785043528474,4.9652533531188965,10.041389465332031,0.0018409604672342539,0.5189723968505859,0.8958846969837225,4812346,chunk_19,40.56901931762695,52.364280700683594,0.9999990463256836,230.77911376953125,230.77911376953125,5.688555717468262,0.024649351076758887
sign_test_og_cel0.1__norm_spectral_radius,spectral_radius,48,1.0,1.0,0.1,0.0,8.725192070007324,10.066650836642225,3.8688676357269287,4.110605239868164,0.0018409604672342539,0.5189723968505859,0.8958846969837225,4812346,chunk_19,40.56901931762695,52.364280700683594,0.9999990463256836,230.77911376953125,230.77911376953125,5.688555717468262,0.024649351076758887
sign_test_og_cel0.1__norm_spectral_radius,spectral_radius,48,1.0,1.0,0.5,0.0,6.680790901184082,10.535727338695551,4.738656997680664,7.112600803375244,0.0018409604672342539,0.5189723968505859,0.8958846969837225,4812346,chunk_19,40.56901931762695,52.364280700683594,0.9999990463256836,230.77911376953125,230.77911376953125,5.688555717468262,0.024649351076758887
sign_test_og_cel0.1__norm_spectral_radius,spectral_radius,48,1.0,1.0,1.0,0.0,5.465242385864258,8.760113019391147,5.580551624298096,10.562211036682129,0.0018409604672342539,0.5189723968505859,0.8958846969837225,4812346,chunk_19,40.56901931762695,52.364280700683594,0.9999990463256836,230.77911376953125,230.77911376953125,5.688555717468262,0.024649351076758887
sign_test_og_cel0.1__norm_spectral_radius,spectral_radius,48,1.0,1.0,1.5,0.0,2.275099039077759,2.5546323654610568,6.033266067504883,12.796225547790527,0.0018409604672342539,0.5189723968505859,0.8958846969837225,4812346,chunk_19,40.56901931762695,52.364280700683594,0.9999990463256836,230.77911376953125,230.77911376953125,5.688555717468262,0.024649351076758887
sign_test_og_cel0.2__norm_spectral_radius,spectral_radius,48,1.0,0.6,0.1,0.0,8.141023635864258,9.51322059989252,3.987891435623169,4.319219589233398,0.001979283755645156,0.3832639455795288,0.8920823675923953,4812346,chunk_19,27.86663818359375,52.364280700683594,0.9999989867210388,230.77911376953125,230.77911376953125,8.281556129455566,0.035885204143094006
sign_test_og_cel0.2__norm_spectral_radius,spectral_radius,48,1.0,0.6,0.5,0.0,7.337203025817871,11.805615470517296,5.131489276885986,7.480693817138672,0.001979283755645156,0.3832639455795288,0.8920823675923953,4812346,chunk_19,27.86663818359375,52.364280700683594,0.9999989867210388,230.77911376953125,230.77911376953125,8.281556129455566,0.035885204143094006
sign_test_og_cel0.2__norm_spectral_radius,spectral_radius,48,1.0,0.6,1.0,0.0,3.9464805126190186,6.094821488097417,5.947058200836182,10.945320129394531,0.001979283755645156,0.3832639455795288,0.8920823675923953,4812346,chunk_19,27.86663818359375,52.364280700683594,0.9999989867210388,230.77911376953125,230.77911376953125,8.281556129455566,0.035885204143094006
sign_test_og_cel0.2__norm_spectral_radius,spectral_radius,48,1.0,0.6,1.5,0.0,3.139928102493286,6.106178719705213,6.345993995666504,13.129551887512207,0.001979283755645156,0.3832639455795288,0.8920823675923953,4812346,chunk_19,27.86663818359375,52.364280700683594,0.9999989867210388,230.77911376953125,230.77911376953125,8.281556129455566,0.035885204143094006
sign_test_og_cel0.2__norm_spectral_radius,spectral_radius,48,1.0,0.8,0.1,0.0,9.849440574645996,11.246579233422153,4.614337921142578,5.00465202331543,0.001979283755645156,0.3832639455795288,0.8920823675923953,4812346,chunk_19,27.86663818359375,52.364280700683594,0.9999989867210388,230.77911376953125,230.77911376953125,8.281556129455566,0.035885204143094006
sign_test_og_cel0.2__norm_spectral_radius,spectral_radius,48,1.0,0.8,0.5,0.0,6.5846123695373535,11.126381375232036,6.129521369934082,9.397031784057617,0.001979283755645156,0.3832639455795288,0.8920823675923953,4812346,chunk_19,27.86663818359375,52.364280700683594,0.9999989867210388,230.77911376953125,230.77911376953125,8.281556129455566,0.035885204143094006
sign_test_og_cel0.2__norm_spectral_radius,spectral_radius,48,1.0,0.8,1.0,0.0,5.909538745880127,9.249959145364755,7.22738790512085,14.049542427062988,0.001979283755645156,0.3832639455795288,0.8920823675923953,4812346,chunk_19,27.86663818359375,52.364280700683594,0.9999989867210388,230.77911376953125,230.77911376953125,8.281556129455566,0.035885204143094006
sign_test_og_cel0.2__norm_spectral_radius,spectral_radius,48,1.0,0.8,1.5,0.0,4.016409873962402,6.359321026076373,7.750544548034668,16.937393188476562,0.001979283755645156,0.3832639455795288,0.8920823675923953,4812346,chunk_19,27.86663818359375,52.364280700683594,0.9999989867210388,230.77911376953125,230.77911376953125,8.281556129455566,0.035885204143094006
sign_test_og_cel0.2__norm_spectral_radius,spectral_radius,48,1.0,1.0,0.1,0.0,12.263389587402344,13.956266269831652,6.077744483947754,6.641444683074951,0.001979283755645156,0.3832639455795288,0.8920823675923953,4812346,chunk_19,27.86663818359375,52.364280700683594,0.9999989867210388,230.77911376953125,230.77911376953125,8.281556129455566,0.035885204143094006
sign_test_og_cel0.2__norm_spectral_radius,spectral_radius,48,1.0,1.0,0.5,0.0,8.335246086120605,12.112407480600552,8.152753829956055,13.136316299438477,0.001979283755645156,0.3832639455795288,0.8920823675923953,4812346,chunk_19,27.86663818359375,52.364280700683594,0.9999989867210388,230.77911376953125,230.77911376953125,8.281556129455566,0.035885204143094006
sign_test_og_cel0.2__norm_spectral_radius,spectral_radius,48,1.0,1.0,1.0,0.0,5.484358310699463,8.08705791610555,9.569018363952637,19.40872573852539,0.001979283755645156,0.3832639455795288,0.8920823675923953,4812346,chunk_19,27.86663818359375,52.364280700683594,0.9999989867210388,230.77911376953125,230.77911376953125,8.281556129455566,0.035885204143094006
sign_test_og_cel0.2__norm_spectral_radius,spectral_radius,48,1.0,1.0,1.5,0.0,5.404126167297363,9.590891778078799,10.163622856140137,23.173734664916992,0.001979283755645156,0.3832639455795288,0.8920823675923953,4812346,chunk_19,27.86663818359375,52.364280700683594,0.9999989867210388,230.77911376953125,230.77911376953125,8.281556129455566,0.035885204143094006
sign_test_og_cel0.3__norm_spectral_radius,spectral_radius,48,1.0,0.6,0.1,0.0,8.812142372131348,10.500589984551754,3.438037872314453,3.5766682624816895,0.0013271368807181716,0.2548615336418152,0.8963917292652068,4812346,chunk_19,27.636518478393555,52.364280700683594,1.0000001192092896,230.77911376953125,230.77911376953125,8.350513458251953,0.03618400779323227
sign_test_og_cel0.3__norm_spectral_radius,spectral_radius,48,1.0,0.6,0.5,0.0,7.191245079040527,12.020217799315333,4.346959590911865,6.190783500671387,0.0013271368807181716,0.2548615336418152,0.8963917292652068,4812346,chunk_19,27.636518478393555,52.364280700683594,1.0000001192092896,230.77911376953125,230.77911376953125,8.350513458251953,0.03618400779323227
sign_test_og_cel0.3__norm_spectral_radius,spectral_radius,48,1.0,0.6,1.0,0.0,4.829165935516357,7.925567087851876,5.224888801574707,9.463706970214844,0.0013271368807181716,0.2548615336418152,0.8963917292652068,4812346,chunk_19,27.636518478393555,52.364280700683594,1.0000001192092896,230.77911376953125,230.77911376953125,8.350513458251953,0.03618400779323227
sign_test_og_cel0.3__norm_spectral_radius,spectral_radius,48,1.0,0.6,1.5,0.0,3.451443910598755,5.533493873357827,5.675548553466797,11.604316711425781,0.0013271368807181716,0.2548615336418152,0.8963917292652068,4812346,chunk_19,27.636518478393555,52.364280700683594,1.0000001192092896,230.77911376953125,230.77911376953125,8.350513458251953,0.03618400779323227
sign_test_og_cel0.3__norm_spectral_radius,spectral_radius,48,1.0,0.8,0.1,0.0,10.366256713867188,12.172056809907858,4.087340831756592,4.286844253540039,0.0013271368807181716,0.2548615336418152,0.8963917292652068,4812346,chunk_19,27.636518478393555,52.364280700683594,1.0000001192092896,230.77911376953125,230.77911376953125,8.350513458251953,0.03618400779323227
sign_test_og_cel0.3__norm_spectral_radius,spectral_radius,48,1.0,0.8,0.5,0.0,8.373080253601074,11.824887286688636,5.404512882232666,8.074300765991211,0.0013271368807181716,0.2548615336418152,0.8963917292652068,4812346,chunk_19,27.636518478393555,52.364280700683594,1.0000001192092896,230.77911376953125,230.77911376953125,8.350513458251953,0.03618400779323227
sign_test_og_cel0.3__norm_spectral_radius,spectral_radius,48,1.0,0.8,1.0,0.0,4.870176792144775,8.717077753317568,6.57525110244751,12.533184051513672,0.0013271368807181716,0.2548615336418152,0.8963917292652068,4812346,chunk_19,27.636518478393555,52.364280700683594,1.0000001192092896,230.77911376953125,230.77911376953125,8.350513458251953,0.03618400779323227
sign_test_og_cel0.3__norm_spectral_radius,spectral_radius,48,1.0,0.8,1.5,0.0,5.435173034667969,8.489123646207588,7.1185173988342285,15.333739280700684,0.0013271368807181716,0.2548615336418152,0.8963917292652068,4812346,chunk_19,27.636518478393555,52.364280700683594,1.0000001192092896,230.77911376953125,230.77911376953125,8.350513458251953,0.03618400779323227
sign_test_og_cel0.3__norm_spectral_radius,spectral_radius,48,1.0,1.0,0.1,0.0,11.270415306091309,13.424032868467066,6.134559154510498,6.514886856079102,0.0013271368807181716,0.2548615336418152,0.8963917292652068,4812346,chunk_19,27.636518478393555,52.364280700683594,1.0000001192092896,230.77911376953125,230.77911376953125,8.350513458251953,0.03618400779323227
sign_test_og_cel0.3__norm_spectral_radius,spectral_radius,48,1.0,1.0,0.5,0.0,8.36699390411377,12.649526216204322,7.694601535797119,12.273998260498047,0.0013271368807181716,0.2548615336418152,0.8963917292652068,4812346,chunk_19,27.636518478393555,52.364280700683594,1.0000001192092896,230.77911376953125,230.77911376953125,8.350513458251953,0.03618400779323227
sign_test_og_cel0.3__norm_spectral_radius,spectral_radius,48,1.0,1.0,1.0,0.0,4.94033670425415,8.175785886408107,9.160914421081543,18.33669662475586,0.0013271368807181716,0.2548615336418152,0.8963917292652068,4812346,chunk_19,27.636518478393555,52.364280700683594,1.0000001192092896,230.77911376953125,230.77911376953125,8.350513458251953,0.03618400779323227
sign_test_og_cel0.3__norm_spectral_radius,spectral_radius,48,1.0,1.0,1.5,0.0,4.378127574920654,8.631536595665906,9.735978126525879,21.91899299621582,0.0013271368807181716,0.2548615336418152,0.8963917292652068,4812346,chunk_19,27.636518478393555,52.364280700683594,1.0000001192092896,230.77911376953125,230.77911376953125,8.350513458251953,0.03618400779323227
sign_test_og_cel0.4__norm_spectral_radius,spectral_radius,48,1.0,0.6,0.1,0.0,7.823233127593994,9.343023316659327,4.240940093994141,4.328062534332275,0.000628159788902849,0.11775396764278412,0.896391686689989,4812346,chunk_19,26.977401733398438,52.364280700683594,1.0000007152557373,230.77911376953125,230.77911376953125,8.554533958435059,0.03706806199805316
sign_test_og_cel0.4__norm_spectral_radius,spectral_radius,48,1.0,0.6,0.5,0.0,6.274157524108887,10.687476494518826,4.888113498687744,7.056746959686279,0.000628159788902849,0.11775396764278412,0.896391686689989,4812346,chunk_19,26.977401733398438,52.364280700683594,1.0000007152557373,230.77911376953125,230.77911376953125,8.554533958435059,0.03706806199805316
sign_test_og_cel0.4__norm_spectral_radius,spectral_radius,48,1.0,0.6,1.0,0.0,3.917696952819824,7.299889022724364,5.574204444885254,10.19412612915039,0.000628159788902849,0.11775396764278412,0.896391686689989,4812346,chunk_19,26.977401733398438,52.364280700683594,1.0000007152557373,230.77911376953125,230.77911376953125,8.554533958435059,0.03706806199805316
sign_test_og_cel0.4__norm_spectral_radius,spectral_radius,48,1.0,0.6,1.5,0.0,3.047476053237915,6.004119311315492,5.870441913604736,12.110445976257324,0.000628159788902849,0.11775396764278412,0.896391686689989,4812346,chunk_19,26.977401733398438,52.364280700683594,1.0000007152557373,230.77911376953125,230.77911376953125,8.554533958435059,0.03706806199805316
sign_test_og_cel0.4__norm_spectral_radius,spectral_radius,48,1.0,0.8,0.1,0.0,8.989737510681152,10.893428073083811,4.816509246826172,5.026226997375488,0.000628159788902849,0.11775396764278412,0.896391686689989,4812346,chunk_19,26.977401733398438,52.364280700683594,1.0000007152557373,230.77911376953125,230.77911376953125,8.554533958435059,0.03706806199805316
sign_test_og_cel0.4__norm_spectral_radius,spectral_radius,48,1.0,0.8,0.5,0.0,6.294417858123779,11.038624700912266,5.8778886795043945,9.001582145690918,0.000628159788902849,0.11775396764278412,0.896391686689989,4812346,chunk_19,26.977401733398438,52.364280700683594,1.0000007152557373,230.77911376953125,230.77911376953125,8.554533958435059,0.03706806199805316
sign_test_og_cel0.4__norm_spectral_radius,spectral_radius,48,1.0,0.8,1.0,0.0,4.680479526519775,9.039261893845428,6.810031414031982,13.249512672424316,0.000628159788902849,0.11775396764278412,0.896391686689989,4812346,chunk_19,26.977401733398438,52.364280700683594,1.0000007152557373,230.77911376953125,230.77911376953125,8.554533958435059,0.03706806199805316
sign_test_og_cel0.4__norm_spectral_radius,spectral_radius,48,1.0,0.8,1.5,0.0,2.8890340328216553,4.347065022535958,7.180062770843506,15.798521041870117,0.000628159788902849,0.11775396764278412,0.896391686689989,4812346,chunk_19,26.977401733398438,52.364280700683594,1.0000007152557373,230.77911376953125,230.77911376953125,8.554533958435059,0.03706806199805316
sign_test_og_cel0.4__norm_spectral_radius,spectral_radius,48,1.0,1.0,0.1,0.0,11.915922164916992,14.118769187610809,6.33366060256958,6.862175941467285,0.000628159788902849,0.11775396764278412,0.896391686689989,4812346,chunk_19,26.977401733398438,52.364280700683594,1.0000007152557373,230.77911376953125,230.77911376953125,8.554533958435059,0.03706806199805316
sign_test_og_cel0.4__norm_spectral_radius,spectral_radius,48,1.0,1.0,0.5,0.0,8.214958190917969,12.284916623016215,7.996676445007324,13.032248497009277,0.000628159788902849,0.11775396764278412,0.896391686689989,4812346,chunk_19,26.977401733398438,52.364280700683594,1.0000007152557373,230.77911376953125,230.77911376953125,8.554533958435059,0.03706806199805316
sign_test_og_cel0.4__norm_spectral_radius,spectral_radius,48,1.0,1.0,1.0,0.0,5.0811967849731445,8.423542214247801,9.092816352844238,18.667776107788086,0.000628159788902849,0.11775396764278412,0.896391686689989,4812346,chunk_19,26.977401733398438,52.364280700683594,1.0000007152557373,230.77911376953125,230.77911376953125,8.554533958435059,0.03706806199805316
sign_test_og_cel0.4__norm_spectral_radius,spectral_radius,48,1.0,1.0,1.5,0.0,4.51573371887207,7.230436107358846,9.419900894165039,21.887493133544922,0.000628159788902849,0.11775396764278412,0.896391686689989,4812346,chunk_19,26.977401733398438,52.364280700683594,1.0000007152557373,230.77911376953125,230.77911376953125,8.554533958435059,0.03706806199805316
sign_test_og_cel0.5__norm_spectral_radius,spectral_radius,48,1.0,0.6,0.1,0.0,7.2887396812438965,8.72271916870146,3.9028687477111816,3.9559032917022705,3.789748370763846e-05,0.007539360783994198,0.8963917126149485,4812346,chunk_19,28.629838943481445,52.364280700683594,0.9999998807907104,230.77911376953125,230.77911376953125,8.060790061950684,0.0349285932755023
sign_test_og_cel0.5__norm_spectral_radius,spectral_radius,48,1.0,0.6,0.5,0.0,6.459804534912109,11.283927505474189,4.554142951965332,6.541225910186768,3.789748370763846e-05,0.007539360783994198,0.8963917126149485,4812346,chunk_19,28.629838943481445,52.364280700683594,0.9999998807907104,230.77911376953125,230.77911376953125,8.060790061950684,0.0349285932755023
sign_test_og_cel0.5__norm_spectral_radius,spectral_radius,48,1.0,0.6,1.0,0.0,4.699802398681641,8.02072274928571,5.2964863777160645,9.6083345413208,3.789748370763846e-05,0.007539360783994198,0.8963917126149485,4812346,chunk_19,28.629838943481445,52.364280700683594,0.9999998807907104,230.77911376953125,230.77911376953125,8.060790061950684,0.0349285932755023
sign_test_og_cel0.5__norm_spectral_radius,spectral_radius,48,1.0,0.6,1.5,0.0,2.005253791809082,3.457129166779623,5.635569095611572,11.537495613098145,3.789748370763846e-05,0.007539360783994198,0.8963917126149485,4812346,chunk_19,28.629838943481445,52.364280700683594,0.9999998807907104,230.77911376953125,230.77911376953125,8.060790061950684,0.0349285932755023
sign_test_og_cel0.5__norm_spectral_radius,spectral_radius,48,1.0,0.8,0.1,0.0,8.625758171081543,10.519162427250194,4.443477630615234,4.604273319244385,3.789748370763846e-05,0.007539360783994198,0.8963917126149485,4812346,chunk_19,28.629838943481445,52.364280700683594,0.9999998807907104,230.77911376953125,230.77911376953125,8.060790061950684,0.0349285932755023
sign_test_og_cel0.5__norm_spectral_radius,spectral_radius,48,1.0,0.8,0.5,0.0,6.870942115783691,11.52729466000494,5.49190092086792,8.329349517822266,3.789748370763846e-05,0.007539360783994198,0.8963917126149485,4812346,chunk_19,28.629838943481445,52.364280700683594,0.9999998807907104,230.77911376953125,230.77911376953125,8.060790061950684,0.0349285932755023
sign_test_og_cel0.5__norm_spectral_radius,spectral_radius,48,1.0,0.8,1.0,0.0,4.839681148529053,8.455947298930198,6.490745544433594,12.505122184753418,3.789748370763846e-05,0.007539360783994198,0.8963917126149485,4812346,chunk_19,28.629838943481445,52.364280700683594,0.9999998807907104,230.77911376953125,230.77911376953125,8.060790061950684,0.0349285932755023
sign_test_og_cel0.5__norm_spectral_radius,spectral_radius,48,1.0,0.8,1.5,0.0,4.4588541984558105,7.994669231075534,6.917501449584961,15.06960678100586,3.789748370763846e-05,0.007539360783994198,0.8963917126149485,4812346,chunk_19,28.629838943481445,52.364280700683594,0.9999998807907104,230.77911376953125,230.77911376953125,8.060790061950684,0.0349285932755023
sign_test_og_cel0.5__norm_spectral_radius,spectral_radius,48,1.0,1.0,0.1,0.0,11.21837329864502,13.688119504576207,5.709256172180176,6.106000900268555,3.789748370763846e-05,0.007539360783994198,0.8963917126149485,4812346,chunk_19,28.629838943481445,52.364280700683594,0.9999998807907104,230.77911376953125,230.77911376953125,8.060790061950684,0.0349285932755023
sign_test_og_cel0.5__norm_spectral_radius,spectral_radius,48,1.0,1.0,0.5,0.0,7.616694927215576,12.246762172023722,7.397767543792725,11.882349967956543,3.789748370763846e-05,0.007539360783994198,0.8963917126149485,4812346,chunk_19,28.629838943481445,52.364280700683594,0.9999998807907104,230.77911376953125,230.77911376953125,8.060790061950684,0.0349285932755023
sign_test_og_cel0.5__norm_spectral_radius,spectral_radius,48,1.0,1.0,1.0,0.0,4.743649005889893,9.422195825009226,8.634790420532227,17.552579879760742,3.789748370763846e-05,0.007539360783994198,0.8963917126149485,4812346,chunk_19,28.629838943481445,52.364280700683594,0.9999998807907104,230.77911376953125,230.77911376953125,8.060790061950684,0.0349285932755023
sign_test_og_cel0.5__norm_spectral_radius,spectral_radius,48,1.0,1.0,1.5,0.0,4.605644226074219,7.748122020777828,9.07303237915039,20.858736038208008,3.789748370763846e-05,0.007539360783994198,0.8963917126149485,4812346,chunk_19,28.629838943481445,52.364280700683594,0.9999998807907104,230.77911376953125,230.77911376953125,8.060790061950684,0.0349285932755023
sign_test_og_cel0.6__norm_spectral_radius,spectral_radius,48,1.0,0.6,0.1,0.0,7.874814987182617,9.477894142939817,3.8198366165161133,3.9827640056610107,-0.0006184346857480705,-0.1210184097290039,0.8963916490481973,4812346,chunk_19,28.161279678344727,52.364280700683594,1.0000007152557373,230.77911376953125,230.77911376953125,8.194908142089844,0.035509749962427076
sign_test_og_cel0.6__norm_spectral_radius,spectral_radius,48,1.0,0.6,0.5,0.0,6.827549457550049,10.991092660580534,4.668759346008301,6.726846694946289,-0.0006184346857480705,-0.1210184097290039,0.8963916490481973,4812346,chunk_19,28.161279678344727,52.364280700683594,1.0000007152557373,230.77911376953125,230.77911376953125,8.194908142089844,0.035509749962427076
sign_test_og_cel0.6__norm_spectral_radius,spectral_radius,48,1.0,0.6,1.0,0.0,3.053088665008545,5.6329305400713565,5.386004447937012,9.877100944519043,-0.0006184346857480705,-0.1210184097290039,0.8963916490481973,4812346,chunk_19,28.161279678344727,52.364280700683594,1.0000007152557373,230.77911376953125,230.77911376953125,8.194908142089844,0.035509749962427076
sign_test_og_cel0.6__norm_spectral_radius,spectral_radius,48,1.0,0.6,1.5,0.0,2.614938259124756,3.9265982850846513,5.728652000427246,11.87170696258545,-0.0006184346857480705,-0.1210184097290039,0.8963916490481973,4812346,chunk_19,28.161279678344727,52.364280700683594,1.0000007152557373,230.77911376953125,230.77911376953125,8.194908142089844,0.035509749962427076
sign_test_og_cel0.6__norm_spectral_radius,spectral_radius,48,1.0,0.8,0.1,0.0,10.030858039855957,11.971681316700451,4.443648815155029,4.696653842926025,-0.0006184346857480705,-0.1210184097290039,0.8963916490481973,4812346,chunk_19,28.161279678344727,52.364280700683594,1.0000007152557373,230.77911376953125,230.77911376953125,8.194908142089844,0.035509749962427076
sign_test_og_cel0.6__norm_spectral_radius,spectral_radius,48,1.0,0.8,0.5,0.0,7.732250690460205,12.478578647725499,5.635282516479492,8.598994255065918,-0.0006184346857480705,-0.1210184097290039,0.8963916490481973,4812346,chunk_19,28.161279678344727,52.364280700683594,1.0000007152557373,230.77911376953125,230.77911376953125,8.194908142089844,0.035509749962427076
sign_test_og_cel0.6__norm_spectral_radius,spectral_radius,48,1.0,0.8,1.0,0.0,4.612127304077148,7.094638304872947,6.580320358276367,12.791418075561523,-0.0006184346857480705,-0.1210184097290039,0.8963916490481973,4812346,chunk_19,28.161279678344727,52.364280700683594,1.0000007152557373,230.77911376953125,230.77911376953125,8.194908142089844,0.035509749962427076
sign_test_og_cel0.6__norm_spectral_radius,spectral_radius,48,1.0,0.8,1.5,0.0,4.451321601867676,7.576693384680084,7.0024895668029785,15.374336242675781,-0.0006184346857480705,-0.1210184097290039,0.8963916490481973,4812346,chunk_19,28.161279678344727,52.364280700683594,1.0000007152557373,230.77911376953125,230.77911376953125,8.194908142089844,0.035509749962427076
sign_test_og_cel0.6__norm_spectral_radius,spectral_radius,48,1.0,1.0,0.1,0.0,12.016322135925293,14.793975786177214,6.2288899421691895,6.771342754364014,-0.0006184346857480705,-0.1210184097290039,0.8963916490481973,4812346,chunk_19,28.161279678344727,52.364280700683594,1.0000007152557373,230.77911376953125,230.77911376953125,8.194908142089844,0.035509749962427076
sign_test_og_cel0.6__norm_spectral_radius,spectral_radius,48,1.0,1.0,0.5,0.0,7.903578758239746,12.218970993948119,7.838747978210449,12.57282543182373,-0.0006184346857480705,-0.1210184097290039,0.8963916490481973,4812346,chunk_19,28.161279678344727,52.364280700683594,1.0000007152557373,230.77911376953125,230.77911376953125,8.194908142089844,0.035509749962427076
sign_test_og_cel0.6__norm_spectral_radius,spectral_radius,48,1.0,1.0,1.0,0.0,5.007884979248047,9.030195993293361,8.886796951293945,18.156166076660156,-0.0006184346857480705,-0.1210184097290039,0.8963916490481973,4812346,chunk_19,28.161279678344727,52.364280700683594,1.0000007152557373,230.77911376953125,230.77911376953125,8.194908142089844,0.035509749962427076
sign_test_og_cel0.6__norm_spectral_radius,spectral_radius,48,1.0,1.0,1.5,0.0,4.536571979522705,6.319278408289392,9.239151000976562,21.410293579101562,-0.0006184346857480705,-0.1210184097290039,0.8963916490481973,4812346,chunk_19,28.161279678344727,52.364280700683594,1.0000007152557373,230.77911376953125,230.77911376953125,8.194908142089844,0.035509749962427076
sign_test_og_cel0.7__norm_spectral_radius,spectral_radius,48,1.0,0.6,0.1,0.0,8.390493392944336,10.131231761414604,3.4095966815948486,3.5574285984039307,-0.0012499793665483594,-0.24444632232189178,0.8963916519991845,4812346,chunk_19,28.143329620361328,52.364280700683594,0.9999987483024597,230.77911376953125,230.77911376953125,8.200136184692383,0.03553239838673933
sign_test_og_cel0.7__norm_spectral_radius,spectral_radius,48,1.0,0.6,0.5,0.0,7.216579437255859,12.386067207368573,4.343724250793457,6.278656959533691,-0.0012499793665483594,-0.24444632232189178,0.8963916519991845,4812346,chunk_19,28.143329620361328,52.364280700683594,0.9999987483024597,230.77911376953125,230.77911376953125,8.200136184692383,0.03553239838673933
sign_test_og_cel0.7__norm_spectral_radius,spectral_radius,48,1.0,0.6,1.0,0.0,5.365103721618652,8.922312215110225,5.212508201599121,9.54551887512207,-0.0012499793665483594,-0.24444632232189178,0.8963916519991845,4812346,chunk_19,28.143329620361328,52.364280700683594,0.9999987483024597,230.77911376953125,230.77911376953125,8.200136184692383,0.03553239838673933
sign_test_og_cel0.7__norm_spectral_radius,spectral_radius,48,1.0,0.6,1.5,0.0,3.772326946258545,6.223785399689682,5.662126064300537,11.702038764953613,-0.0012499793665483594,-0.24444632232189178,0.8963916519991845,4812346,chunk_19,28.143329620361328,52.364280700683594,0.9999987483024597,230.77911376953125,230.77911376953125,8.200136184692383,0.03553239838673933
sign_test_og_cel0.7__norm_spectral_radius,spectral_radius,48,1.0,0.8,0.1,0.0,10.380294799804688,12.796960356817635,4.209006309509277,4.44868278503418,-0.0012499793665483594,-0.24444632232189178,0.8963916519991845,4812346,chunk_19,28.143329620361328,52.364280700683594,0.9999987483024597,230.77911376953125,230.77911376953125,8.200136184692383,0.03553239838673933
sign_test_og_cel0.7__norm_spectral_radius,spectral_radius,48,1.0,0.8,0.5,0.0,8.435525894165039,12.478057292441008,5.485421180725098,8.320220947265625,-0.0012499793665483594,-0.24444632232189178,0.8963916519991845,4812346,chunk_19,28.143329620361328,52.364280700683594,0.9999987483024597,230.77911376953125,230.77911376953125,8.200136184692383,0.03553239838673933
sign_test_og_cel0.7__norm_spectral_radius,spectral_radius,48,1.0,0.8,1.0,0.0,6.083143711090088,10.58320747656844,6.55502462387085,12.67050552368164,-0.0012499793665483594,-0.24444632232189178,0.8963916519991845,4812346,chunk_19,28.143329620361328,52.364280700683594,0.9999987483024597,230.77911376953125,230.77911376953125,8.200136184692383,0.03553239838673933
sign_test_og_cel0.7__norm_spectral_radius,spectral_radius,48,1.0,0.8,1.5,0.0,3.9688661098480225,6.9168329787183165,7.076406955718994,15.466285705566406,-0.0012499793665483594,-0.24444632232189178,0.8963916519991845,4812346,chunk_19,28.143329620361328,52.364280700683594,0.9999987483024597,230.77911376953125,230.77911376953125,8.200136184692383,0.03553239838673933
sign_test_og_cel0.7__norm_spectral_radius,spectral_radius,48,1.0,1.0,0.1,0.0,12.437443733215332,15.056869345528668,6.573648452758789,7.15966272354126,-0.0012499793665483594,-0.24444632232189178,0.8963916519991845,4812346,chunk_19,28.143329620361328,52.364280700683594,0.9999987483024597,230.77911376953125,230.77911376953125,8.200136184692383,0.03553239838673933
sign_test_og_cel0.7__norm_spectral_radius,spectral_radius,48,1.0,1.0,0.5,0.0,8.653711318969727,13.03018088863655,8.238012313842773,13.07077407836914,-0.0012499793665483594,-0.24444632232189178,0.8963916519991845,4812346,chunk_19,28.143329620361328,52.364280700683594,0.9999987483024597,230.77911376953125,230.77911376953125,8.200136184692383,0.03553239838673933
sign_test_og_cel0.7__norm_spectral_radius,spectral_radius,48,1.0,1.0,1.0,0.0,5.6947550773620605,9.91776173928912,9.33365249633789,18.8339900970459,-0.0012499793665483594,-0.24444632232189178,0.8963916519991845,4812346,chunk_19,28.143329620361328,52.364280700683594,0.9999987483024597,230.77911376953125,230.77911376953125,8.200136184692383,0.03553239838673933
sign_test_og_cel0.7__norm_spectral_radius,spectral_radius,48,1.0,1.0,1.5,0.0,4.6495513916015625,8.502973529259947,9.725028038024902,22.20047378540039,-0.0012499793665483594,-0.24444632232189178,0.8963916519991845,4812346,chunk_19,28.143329620361328,52.364280700683594,0.9999987483024597,230.77911376953125,230.77911376953125,8.200136184692383,0.03553239838673933
sign_test_og_cel0.8__norm_spectral_radius,spectral_radius,48,1.0,0.6,0.1,0.0,7.0703558921813965,8.638400527172116,2.1593284606933594,2.2425520420074463,-0.0014681818429380655,-0.37471407651901245,0.8963916487145489,4812346,chunk_19,36.7294921875,52.364280700683594,0.9999993443489075,230.77911376953125,230.77911376953125,6.283210277557373,0.027226077477333757
sign_test_og_cel0.8__norm_spectral_radius,spectral_radius,48,1.0,0.6,0.5,0.0,6.333914756774902,11.5015095317965,2.701127052307129,3.7551937103271484,-0.0014681818429380655,-0.37471407651901245,0.8963916487145489,4812346,chunk_19,36.7294921875,52.364280700683594,0.9999993443489075,230.77911376953125,230.77911376953125,6.283210277557373,0.027226077477333757
sign_test_og_cel0.8__norm_spectral_radius,spectral_radius,48,1.0,0.6,1.0,0.0,4.418294906616211,8.461003252793063,3.3281049728393555,5.808424949645996,-0.0014681818429380655,-0.37471407651901245,0.8963916487145489,4812346,chunk_19,36.7294921875,52.364280700683594,0.9999993443489075,230.77911376953125,230.77911376953125,6.283210277557373,0.027226077477333757
sign_test_og_cel0.8__norm_spectral_radius,spectral_radius,48,1.0,0.6,1.5,0.0,4.163906574249268,7.995198229649986,3.713404893875122,7.2412896156311035,-0.0014681818429380655,-0.37471407651901245,0.8963916487145489,4812346,chunk_19,36.7294921875,52.364280700683594,0.9999993443489075,230.77911376953125,230.77911376953125,6.283210277557373,0.027226077477333757
sign_test_og_cel0.8__norm_spectral_radius,spectral_radius,48,1.0,0.8,0.1,0.0,8.689681053161621,10.481794120378659,2.508157968521118,2.619692802429199,-0.0014681818429380655,-0.37471407651901245,0.8963916487145489,4812346,chunk_19,36.7294921875,52.364280700683594,0.9999993443489075,230.77911376953125,230.77911376953125,6.283210277557373,0.027226077477333757
sign_test_og_cel0.8__norm_spectral_radius,spectral_radius,48,1.0,0.8,0.5,0.0,5.773329257965088,9.337008096490763,3.21696138381958,4.615357875823975,-0.0014681818429380655,-0.37471407651901245,0.8963916487145489,4812346,chunk_19,36.7294921875,52.364280700683594,0.9999993443489075,230.77911376953125,230.77911376953125,6.283210277557373,0.027226077477333757
sign_test_og_cel0.8__norm_spectral_radius,spectral_radius,48,1.0,0.8,1.0,0.0,5.4348835945129395,8.867140465483317,4.0246758460998535,7.306487560272217,-0.0014681818429380655,-0.37471407651901245,0.8963916487145489,4812346,chunk_19,36.7294921875,52.364280700683594,0.9999993443489075,230.77911376953125,230.77911376953125,6.283210277557373,0.027226077477333757
sign_test_og_cel0.8__norm_spectral_radius,spectral_radius,48,1.0,0.8,1.5,0.0,3.762786626815796,6.340239163678656,4.507601737976074,9.179265022277832,-0.0014681818429380655,-0.37471407651901245,0.8963916487145489,4812346,chunk_19,36.7294921875,52.364280700683594,0.9999993443489075,230.77911376953125,230.77911376953125,6.283210277557373,0.027226077477333757
sign_test_og_cel0.8__norm_spectral_radius,spectral_radius,48,1.0,1.0,0.1,0.0,9.59245777130127,11.310692974465837,3.8467447757720947,4.096114635467529,-0.0014681818429380655,-0.37471407651901245,0.8963916487145489,4812346,chunk_19,36.7294921875,52.364280700683594,0.9999993443489075,230.77911376953125,230.77911376953125,6.283210277557373,0.027226077477333757
sign_test_og_cel0.8__norm_spectral_radius,spectral_radius,48,1.0,1.0,0.5,0.0,7.758371829986572,11.358329899705524,4.8684611320495605,7.2825422286987305,-0.0014681818429380655,-0.37471407651901245,0.8963916487145489,4812346,chunk_19,36.7294921875,52.364280700683594,0.9999993443489075,230.77911376953125,230.77911376953125,6.283210277557373,0.027226077477333757
sign_test_og_cel0.8__norm_spectral_radius,spectral_radius,48,1.0,1.0,1.0,0.0,5.498466491699219,7.9671855281638955,5.797328948974609,10.98975658416748,-0.0014681818429380655,-0.37471407651901245,0.8963916487145489,4812346,chunk_19,36.7294921875,52.364280700683594,0.9999993443489075,230.77911376953125,230.77911376953125,6.283210277557373,0.027226077477333757
sign_test_og_cel0.8__norm_spectral_radius,spectral_radius,48,1.0,1.0,1.5,0.0,4.3865485191345215,7.1564108078422315,6.274496555328369,13.373040199279785,-0.0014681818429380655,-0.37471407651901245,0.8963916487145489,4812346,chunk_19,36.7294921875,52.364280700683594,0.9999993443489075,230.77911376953125,230.77911376953125,6.283210277557373,0.027226077477333757
sign_test_og_cel0.9__norm_spectral_radius,spectral_radius,48,1.0,0.6,0.1,0.0,6.009856700897217,7.230029038461692,2.053687572479248,2.125947952270508,-0.001636129105463624,-0.5118216872215271,0.8963917597760865,4812346,chunk_19,45.01900100708008,52.364280700683594,0.9999983906745911,230.77911376953125,230.77911376953125,5.126260280609131,0.022212842969188306
sign_test_og_cel0.9__norm_spectral_radius,spectral_radius,48,1.0,0.6,0.5,0.0,4.890681266784668,7.975790109862487,2.5005767345428467,3.3681859970092773,-0.001636129105463624,-0.5118216872215271,0.8963917597760865,4812346,chunk_19,45.01900100708008,52.364280700683594,0.9999983906745911,230.77911376953125,230.77911376953125,5.126260280609131,0.022212842969188306
sign_test_og_cel0.9__norm_spectral_radius,spectral_radius,48,1.0,0.6,1.0,0.0,3.450627565383911,5.6565088188565715,3.0311386585235596,5.047535419464111,-0.001636129105463624,-0.5118216872215271,0.8963917597760865,4812346,chunk_19,45.01900100708008,52.364280700683594,0.9999983906745911,230.77911376953125,230.77911376953125,5.126260280609131,0.022212842969188306
sign_test_og_cel0.9__norm_spectral_radius,spectral_radius,48,1.0,0.6,1.5,0.0,4.0231757164001465,8.01737225624072,3.3690123558044434,6.243925094604492,-0.001636129105463624,-0.5118216872215271,0.8963917597760865,4812346,chunk_19,45.01900100708008,52.364280700683594,0.9999983906745911,230.77911376953125,230.77911376953125,5.126260280609131,0.022212842969188306
sign_test_og_cel0.9__norm_spectral_radius,spectral_radius,48,1.0,0.8,0.1,0.0,7.0540289878845215,8.387444965128429,2.411078453063965,2.508885383605957,-0.001636129105463624,-0.5118216872215271,0.8963917597760865,4812346,chunk_19,45.01900100708008,52.364280700683594,0.9999983906745911,230.77911376953125,230.77911376953125,5.126260280609131,0.022212842969188306
sign_test_og_cel0.9__norm_spectral_radius,spectral_radius,48,1.0,0.8,0.5,0.0,5.865930557250977,9.311176152442926,2.998370885848999,4.16237735748291,-0.001636129105463624,-0.5118216872215271,0.8963917597760865,4812346,chunk_19,45.01900100708008,52.364280700683594,0.9999983906745911,230.77911376953125,230.77911376953125,5.126260280609131,0.022212842969188306
sign_test_og_cel0.9__norm_spectral_radius,spectral_radius,48,1.0,0.8,1.0,0.0,4.154117107391357,7.808642228738712,3.6595513820648193,6.343417644500732,-0.001636129105463624,-0.5118216872215271,0.8963917597760865,4812346,chunk_19,45.01900100708008,52.364280700683594,0.9999983906745911,230.77911376953125,230.77911376953125,5.126260280609131,0.022212842969188306
sign_test_og_cel0.9__norm_spectral_radius,spectral_radius,48,1.0,0.8,1.5,0.0,4.455964088439941,7.037710020386157,4.054688930511475,7.87381649017334,-0.001636129105463624,-0.5118216872215271,0.8963917597760865,4812346,chunk_19,45.01900100708008,52.364280700683594,0.9999983906745911,230.77911376953125,230.77911376953125,5.126260280609131,0.022212842969188306
sign_test_og_cel0.9__norm_spectral_radius,spectral_radius,48,1.0,1.0,0.1,0.0,8.108787536621094,9.49756579564707,3.5328283309936523,3.7787530422210693,-0.001636129105463624,-0.5118216872215271,0.8963917597760865,4812346,chunk_19,45.01900100708008,52.364280700683594,0.9999983906745911,230.77911376953125,230.77911376953125,5.126260280609131,0.022212842969188306
sign_test_og_cel0.9__norm_spectral_radius,spectral_radius,48,1.0,1.0,0.5,0.0,6.201149940490723,9.587561405499798,4.386059761047363,6.4712653160095215,-0.001636129105463624,-0.5118216872215271,0.8963917597760865,4812346,chunk_19,45.01900100708008,52.364280700683594,0.9999983906745911,230.77911376953125,230.77911376953125,5.126260280609131,0.022212842969188306
sign_test_og_cel0.9__norm_spectral_radius,spectral_radius,48,1.0,1.0,1.0,0.0,4.897678852081299,8.814513389719536,5.117958068847656,9.456491470336914,-0.001636129105463624,-0.5118216872215271,0.8963917597760865,4812346,chunk_19,45.01900100708008,52.364280700683594,0.9999983906745911,230.77911376953125,230.77911376953125,5.126260280609131,0.022212842969188306
sign_test_og_cel0.9__norm_spectral_radius,spectral_radius,48,1.0,1.0,1.5,0.0,3.995450258255005,6.128633355102561,5.486571788787842,11.323609352111816,-0.001636129105463624,-0.5118216872215271,0.8963917597760865,4812346,chunk_19,45.01900100708008,52.364280700683594,0.9999983906745911,230.77911376953125,230.77911376953125,5.126260280609131,0.022212842969188306
sign_test_og_cel1.0__norm_spectral_radius,spectral_radius,48,1.0,0.6,0.1,0.0,5.421927452087402,6.512420894872548,1.8769068717956543,1.939975380897522,-0.0017045937711372972,-0.6414676904678345,0.8963916915026319,4812346,chunk_19,54.15624237060547,52.364280700683594,0.9999998807907104,230.77911376953125,230.77911376953125,4.26135778427124,0.0184650920415921
sign_test_og_cel1.0__norm_spectral_radius,spectral_radius,48,1.0,0.6,0.5,0.0,4.721090793609619,8.677833764207787,2.2446141242980957,2.9777913093566895,-0.0017045937711372972,-0.6414676904678345,0.8963916915026319,4812346,chunk_19,54.15624237060547,52.364280700683594,0.9999998807907104,230.77911376953125,230.77911376953125,4.26135778427124,0.0184650920415921
sign_test_og_cel1.0__norm_spectral_radius,spectral_radius,48,1.0,0.6,1.0,0.0,4.604116916656494,8.261871102675752,2.6886889934539795,4.369786739349365,-0.0017045937711372972,-0.6414676904678345,0.8963916915026319,4812346,chunk_19,54.15624237060547,52.364280700683594,0.9999998807907104,230.77911376953125,230.77911376953125,4.26135778427124,0.0184650920415921
sign_test_og_cel1.0__norm_spectral_radius,spectral_radius,48,1.0,0.6,1.5,0.0,3.6129915714263916,7.177717978679553,2.9826149940490723,5.3547539710998535,-0.0017045937711372972,-0.6414676904678345,0.8963916915026319,4812346,chunk_19,54.15624237060547,52.364280700683594,0.9999998807907104,230.77911376953125,230.77911376953125,4.26135778427124,0.0184650920415921
sign_test_og_cel1.0__norm_spectral_radius,spectral_radius,48,1.0,0.8,0.1,0.0,6.325692176818848,7.5302308806497535,2.157377243041992,2.2393417358398438,-0.0017045937711372972,-0.6414676904678345,0.8963916915026319,4812346,chunk_19,54.15624237060547,52.364280700683594,0.9999998807907104,230.77911376953125,230.77911376953125,4.26135778427124,0.0184650920415921
sign_test_og_cel1.0__norm_spectral_radius,spectral_radius,48,1.0,0.8,0.5,0.0,5.340590476989746,9.369330565980817,2.6170666217803955,3.562232255935669,-0.0017045937711372972,-0.6414676904678345,0.8963916915026319,4812346,chunk_19,54.15624237060547,52.364280700683594,0.9999998807907104,230.77911376953125,230.77911376953125,4.26135778427124,0.0184650920415921
sign_test_og_cel1.0__norm_spectral_radius,spectral_radius,48,1.0,0.8,1.0,0.0,4.664307117462158,8.297719355415047,3.1594204902648926,5.3263702392578125,-0.0017045937711372972,-0.6414676904678345,0.8963916915026319,4812346,chunk_19,54.15624237060547,52.364280700683594,0.9999998807907104,230.77911376953125,230.77911376953125,4.26135778427124,0.0184650920415921
sign_test_og_cel1.0__norm_spectral_radius,spectral_radius,48,1.0,0.8,1.5,0.0,3.737950086593628,5.760940504131753,3.5031652450561523,6.562465190887451,-0.0017045937711372972,-0.6414676904678345,0.8963916915026319,4812346,chunk_19,54.15624237060547,52.364280700683594,0.9999998807907104,230.77911376953125,230.77911376953125,4.26135778427124,0.0184650920415921
sign_test_og_cel1.0__norm_spectral_radius,spectral_radius,48,1.0,1.0,0.1,0.0,6.701330184936523,7.95508071317397,3.1863248348236084,3.3790435791015625,-0.0017045937711372972,-0.6414676904678345,0.8963916915026319,4812346,chunk_19,54.15624237060547,52.364280700683594,0.9999998807907104,230.77911376953125,230.77911376953125,4.26135778427124,0.0184650920415921
sign_test_og_cel1.0__norm_spectral_radius,spectral_radius,48,1.0,1.0,0.5,0.0,5.5550618171691895,9.192315925812263,3.755394697189331,5.3754425048828125,-0.0017045937711372972,-0.6414676904678345,0.8963916915026319,4812346,chunk_19,54.15624237060547,52.364280700683594,0.9999998807907104,230.77911376953125,230.77911376953125,4.26135778427124,0.0184650920415921
sign_test_og_cel1.0__norm_spectral_radius,spectral_radius,48,1.0,1.0,1.0,0.0,4.905400276184082,6.875896086625019,4.310868740081787,7.716997146606445,-0.0017045937711372972,-0.6414676904678345,0.8963916915026319,4812346,chunk_19,54.15624237060547,52.364280700683594,0.9999998807907104,230.77911376953125,230.77911376953125,4.26135778427124,0.0184650920415921
sign_test_og_cel1.0__norm_spectral_radius,spectral_radius,48,1.0,1.0,1.5,0.0,3.878709316253662,5.852619433710856,4.622622013092041,9.21668815612793,-0.0017045937711372972,-0.6414676904678345,0.8963916915026319,4812346,chunk_19,54.15624237060547,52.364280700683594,0.9999998807907104,230.77911376953125,230.77911376953125,4.26135778427124,0.0184650920415921
sign_test_og_cel0.06113256113256113__norm_spectral_radius,spectral_radius,49,1.0,0.6,0.1,0.0,5.71436882019043,6.595848724532061,2.7287254333496094,2.8412764072418213,0.0017548161558806896,0.5677838921546936,0.8963917085919809,4912346,chunk_19,46.563560485839844,52.364280700683594,1.0000003576278687,230.77911376953125,230.77911376953125,4.956217288970947,0.021476020939251494
sign_test_og_cel0.06113256113256113__norm_spectral_radius,spectral_radius,49,1.0,0.6,0.5,0.0,5.775625705718994,9.73491518383588,2.887747287750244,3.8967580795288086,0.0017548161558806896,0.5677838921546936,0.8963917085919809,4912346,chunk_19,46.563560485839844,52.364280700683594,1.0000003576278687,230.77911376953125,230.77911376953125,4.956217288970947,0.021476020939251494
sign_test_og_cel0.06113256113256113__norm_spectral_radius,spectral_radius,49,1.0,0.6,1.0,0.0,4.302539825439453,7.661215914567492,3.1217641830444336,5.221755027770996,0.0017548161558806896,0.5677838921546936,0.8963917085919809,4912346,chunk_19,46.563560485839844,52.364280700683594,1.0000003576278687,230.77911376953125,230.77911376953125,4.956217288970947,0.021476020939251494
sign_test_og_cel0.06113256113256113__norm_spectral_radius,spectral_radius,49,1.0,0.6,1.5,0.0,3.122852325439453,5.9037372975238895,3.3087124824523926,6.192405700683594,0.0017548161558806896,0.5677838921546936,0.8963917085919809,4912346,chunk_19,46.563560485839844,52.364280700683594,1.0000003576278687,230.77911376953125,230.77911376953125,4.956217288970947,0.021476020939251494
sign_test_og_cel0.06113256113256113__norm_spectral_radius,spectral_radius,49,1.0,0.8,0.1,0.0,6.44773530960083,7.560340368421521,2.993293523788452,3.1396865844726562,0.0017548161558806896,0.5677838921546936,0.8963917085919809,4912346,chunk_19,46.563560485839844,52.364280700683594,1.0000003576278687,230.77911376953125,230.77911376953125,4.956217288970947,0.021476020939251494
sign_test_og_cel0.06113256113256113__norm_spectral_radius,spectral_radius,49,1.0,0.8,0.5,0.0,6.22016716003418,9.742382865231434,3.2298991680145264,4.478182792663574,0.0017548161558806896,0.5677838921546936,0.8963917085919809,4912346,chunk_19,46.563560485839844,52.364280700683594,1.0000003576278687,230.77911376953125,230.77911376953125,4.956217288970947,0.021476020939251494
sign_test_og_cel0.06113256113256113__norm_spectral_radius,spectral_radius,49,1.0,0.8,1.0,0.0,4.802606582641602,8.473206717772428,3.5571396350860596,6.187380313873291,0.0017548161558806896,0.5677838921546936,0.8963917085919809,4912346,chunk_19,46.563560485839844,52.364280700683594,1.0000003576278687,230.77911376953125,230.77911376953125,4.956217288970947,0.021476020939251494
sign_test_og_cel0.06113256113256113__norm_spectral_radius,spectral_radius,49,1.0,0.8,1.5,0.0,3.8086934089660645,6.854763246461701,3.793555498123169,7.429068088531494,0.0017548161558806896,0.5677838921546936,0.8963917085919809,4912346,chunk_19,46.563560485839844,52.364280700683594,1.0000003576278687,230.77911376953125,230.77911376953125,4.956217288970947,0.021476020939251494
sign_test_og_cel0.06113256113256113__norm_spectral_radius,spectral_radius,49,1.0,1.0,0.1,0.0,7.363224983215332,8.753807670786557,3.4510552883148193,3.6510555744171143,0.0017548161558806896,0.5677838921546936,0.8963917085919809,4912346,chunk_19,46.563560485839844,52.364280700683594,1.0000003576278687,230.77911376953125,230.77911376953125,4.956217288970947,0.021476020939251494
sign_test_og_cel0.06113256113256113__norm_spectral_radius,spectral_radius,49,1.0,1.0,0.5,0.0,6.023153305053711,9.728604023905554,3.8421871662139893,5.491012096405029,0.0017548161558806896,0.5677838921546936,0.8963917085919809,4912346,chunk_19,46.563560485839844,52.364280700683594,1.0000003576278687,230.77911376953125,230.77911376953125,4.956217288970947,0.021476020939251494
sign_test_og_cel0.06113256113256113__norm_spectral_radius,spectral_radius,49,1.0,1.0,1.0,0.0,5.255821228027344,8.018068095842409,4.307457447052002,7.8086981773376465,0.0017548161558806896,0.5677838921546936,0.8963917085919809,4912346,chunk_19,46.563560485839844,52.364280700683594,1.0000003576278687,230.77911376953125,230.77911376953125,4.956217288970947,0.021476020939251494
sign_test_og_cel0.06113256113256113__norm_spectral_radius,spectral_radius,49,1.0,1.0,1.5,0.0,4.347097873687744,6.645917982443663,4.597434043884277,9.445549964904785,0.0017548161558806896,0.5677838921546936,0.8963917085919809,4912346,chunk_19,46.563560485839844,52.364280700683594,1.0000003576278687,230.77911376953125,230.77911376953125,4.956217288970947,0.021476020939251494
sign_test_og_cel0.0__norm_spectral_radius,spectral_radius,49,1.0,0.6,0.1,0.0,5.153345584869385,5.926974928847045,2.621840000152588,2.7351365089416504,0.0017045936547219753,0.6414676308631897,0.89639169301893,4912346,chunk_19,54.156253814697266,52.364280700683594,0.9999997019767761,230.77911376953125,230.77911376953125,4.261356830596924,0.01846508813961969
sign_test_og_cel0.0__norm_spectral_radius,spectral_radius,49,1.0,0.6,0.5,0.0,5.356269359588623,8.758887109120224,2.753788471221924,3.6734821796417236,0.0017045936547219753,0.6414676308631897,0.89639169301893,4912346,chunk_19,54.156253814697266,52.364280700683594,0.9999997019767761,230.77911376953125,230.77911376953125,4.261356830596924,0.01846508813961969
sign_test_og_cel0.0__norm_spectral_radius,spectral_radius,49,1.0,0.6,1.0,0.0,2.9967236518859863,5.9348564000056285,2.920583724975586,4.778132915496826,0.0017045936547219753,0.6414676308631897,0.89639169301893,4912346,chunk_19,54.156253814697266,52.364280700683594,0.9999997019767761,230.77911376953125,230.77911376953125,4.261356830596924,0.01846508813961969
sign_test_og_cel0.0__norm_spectral_radius,spectral_radius,49,1.0,0.6,1.5,0.0,3.365882158279419,5.349019038735662,3.0429670810699463,5.552089691162109,0.0017045936547219753,0.6414676308631897,0.89639169301893,4912346,chunk_19,54.156253814697266,52.364280700683594,0.9999997019767761,230.77911376953125,230.77911376953125,4.261356830596924,0.01846508813961969
sign_test_og_cel0.0__norm_spectral_radius,spectral_radius,49,1.0,0.8,0.1,0.0,5.744345664978027,6.767201106013545,2.808579683303833,2.944413661956787,0.0017045936547219753,0.6414676308631897,0.89639169301893,4912346,chunk_19,54.156253814697266,52.364280700683594,0.9999997019767761,230.77911376953125,230.77911376953125,4.261356830596924,0.01846508813961969
sign_test_og_cel0.0__norm_spectral_radius,spectral_radius,49,1.0,0.8,0.5,0.0,5.027076721191406,7.615323014485085,3.0002012252807617,4.097414493560791,0.0017045936547219753,0.6414676308631897,0.89639169301893,4912346,chunk_19,54.156253814697266,52.364280700683594,0.9999997019767761,230.77911376953125,230.77911376953125,4.261356830596924,0.01846508813961969
sign_test_og_cel0.0__norm_spectral_radius,spectral_radius,49,1.0,0.8,1.0,0.0,4.6234822273254395,7.885751255648984,3.2385246753692627,5.48773717880249,0.0017045936547219753,0.6414676308631897,0.89639169301893,4912346,chunk_19,54.156253814697266,52.364280700683594,0.9999997019767761,230.77911376953125,230.77911376953125,4.261356830596924,0.01846508813961969
sign_test_og_cel0.0__norm_spectral_radius,spectral_radius,49,1.0,0.8,1.5,0.0,3.179588556289673,6.056701933974921,3.3985648155212402,6.445118427276611,0.0017045936547219753,0.6414676308631897,0.89639169301893,4912346,chunk_19,54.156253814697266,52.364280700683594,0.9999997019767761,230.77911376953125,230.77911376953125,4.261356830596924,0.01846508813961969
sign_test_og_cel0.0__norm_spectral_radius,spectral_radius,49,1.0,1.0,0.1,0.0,6.812799453735352,8.086312304763624,3.1281020641326904,3.302945137023926,0.0017045936547219753,0.6414676308631897,0.89639169301893,4912346,chunk_19,54.156253814697266,52.364280700683594,0.9999997019767761,230.77911376953125,230.77911376953125,4.261356830596924,0.01846508813961969
sign_test_og_cel0.0__norm_spectral_radius,spectral_radius,49,1.0,1.0,0.5,0.0,6.454823970794678,9.432420855634518,3.4267349243164062,4.790882587432861,0.0017045936547219753,0.6414676308631897,0.89639169301893,4912346,chunk_19,54.156253814697266,52.364280700683594,0.9999997019767761,230.77911376953125,230.77911376953125,4.261356830596924,0.01846508813961969
sign_test_og_cel0.0__norm_spectral_radius,spectral_radius,49,1.0,1.0,1.0,0.0,4.909878253936768,9.13477379862626,3.761087417602539,6.575277805328369,0.0017045936547219753,0.6414676308631897,0.89639169301893,4912346,chunk_19,54.156253814697266,52.364280700683594,0.9999997019767761,230.77911376953125,230.77911376953125,4.261356830596924,0.01846508813961969
sign_test_og_cel0.0__norm_spectral_radius,spectral_radius,49,1.0,1.0,1.5,0.0,2.6033544540405273,4.933885043241503,3.959789991378784,7.800185203552246,0.0017045936547219753,0.6414676308631897,0.89639169301893,4912346,chunk_19,54.156253814697266,52.364280700683594,0.9999997019767761,230.77911376953125,230.77911376953125,4.261356830596924,0.01846508813961969
sign_test_og_cel0.1__norm_spectral_radius,spectral_radius,49,1.0,0.6,0.1,0.0,6.0906877517700195,6.958951991194141,2.958696126937866,3.097928285598755,0.0017296186415478587,0.5191277861595154,0.8963916654218644,4912346,chunk_19,43.19352722167969,52.364280700683594,1.0000005960464478,230.77911376953125,230.77911376953125,5.342909812927246,0.02315161702047987
sign_test_og_cel0.1__norm_spectral_radius,spectral_radius,49,1.0,0.6,0.5,0.0,5.182011127471924,8.012093323625777,3.167843818664551,4.341231822967529,0.0017296186415478587,0.5191277861595154,0.8963916654218644,4912346,chunk_19,43.19352722167969,52.364280700683594,1.0000005960464478,230.77911376953125,230.77911376953125,5.342909812927246,0.02315161702047987
sign_test_og_cel0.1__norm_spectral_radius,spectral_radius,49,1.0,0.6,1.0,0.0,3.2479004859924316,6.29035984113068,3.4181947708129883,5.798243999481201,0.0017296186415478587,0.5191277861595154,0.8963916654218644,4912346,chunk_19,43.19352722167969,52.364280700683594,1.0000005960464478,230.77911376953125,230.77911376953125,5.342909812927246,0.02315161702047987
sign_test_og_cel0.1__norm_spectral_radius,spectral_radius,49,1.0,0.6,1.5,0.0,2.355325698852539,3.4613727706961015,3.58833646774292,6.831334114074707,0.0017296186415478587,0.5191277861595154,0.8963916654218644,4912346,chunk_19,43.19352722167969,52.364280700683594,1.0000005960464478,230.77911376953125,230.77911376953125,5.342909812927246,0.02315161702047987
sign_test_og_cel0.1__norm_spectral_radius,spectral_radius,49,1.0,0.8,0.1,0.0,6.9272942543029785,8.03799122087047,3.235905647277832,3.412595748901367,0.0017296186415478587,0.5191277861595154,0.8963916654218644,4912346,chunk_19,43.19352722167969,52.364280700683594,1.0000005960464478,230.77911376953125,230.77911376953125,5.342909812927246,0.02315161702047987
sign_test_og_cel0.1__norm_spectral_radius,spectral_radius,49,1.0,0.8,0.5,0.0,5.9148077964782715,10.077527464586936,3.5520272254943848,5.022475719451904,0.0017296186415478587,0.5191277861595154,0.8963916654218644,4912346,chunk_19,43.19352722167969,52.364280700683594,1.0000005960464478,230.77911376953125,230.77911376953125,5.342909812927246,0.02315161702047987
sign_test_og_cel0.1__norm_spectral_radius,spectral_radius,49,1.0,0.8,1.0,0.0,4.827435493469238,7.325395280708335,3.910529136657715,6.930866718292236,0.0017296186415478587,0.5191277861595154,0.8963916654218644,4912346,chunk_19,43.19352722167969,52.364280700683594,1.0000005960464478,230.77911376953125,230.77911376953125,5.342909812927246,0.02315161702047987
sign_test_og_cel0.1__norm_spectral_radius,spectral_radius,49,1.0,0.8,1.5,0.0,3.4725685119628906,6.6000685798389895,4.138403415679932,8.27469539642334,0.0017296186415478587,0.5191277861595154,0.8963916654218644,4912346,chunk_19,43.19352722167969,52.364280700683594,1.0000005960464478,230.77911376953125,230.77911376953125,5.342909812927246,0.02315161702047987
sign_test_og_cel0.1__norm_spectral_radius,spectral_radius,49,1.0,1.0,0.1,0.0,8.00283145904541,9.524477568654845,3.733124256134033,3.9820659160614014,0.0017296186415478587,0.5191277861595154,0.8963916654218644,4912346,chunk_19,43.19352722167969,52.364280700683594,1.0000005960464478,230.77911376953125,230.77911376953125,5.342909812927246,0.02315161702047987
sign_test_og_cel0.1__norm_spectral_radius,spectral_radius,49,1.0,1.0,0.5,0.0,6.725773334503174,9.985049396002154,4.2407379150390625,6.206942558288574,0.0017296186415478587,0.5191277861595154,0.8963916654218644,4912346,chunk_19,43.19352722167969,52.364280700683594,1.0000005960464478,230.77911376953125,230.77911376953125,5.342909812927246,0.02315161702047987
sign_test_og_cel0.1__norm_spectral_radius,spectral_radius,49,1.0,1.0,1.0,0.0,5.473568916320801,8.402586957796956,4.750498294830322,8.807882308959961,0.0017296186415478587,0.5191277861595154,0.8963916654218644,4912346,chunk_19,43.19352722167969,52.364280700683594,1.0000005960464478,230.77911376953125,230.77911376953125,5.342909812927246,0.02315161702047987
sign_test_og_cel0.1__norm_spectral_radius,spectral_radius,49,1.0,1.0,1.5,0.0,4.829715728759766,7.445494475385942,5.044775485992432,10.62209415435791,0.0017296186415478587,0.5191277861595154,0.8963916654218644,4912346,chunk_19,43.19352722167969,52.364280700683594,1.0000005960464478,230.77911376953125,230.77911376953125,5.342909812927246,0.02315161702047987
sign_test_og_cel0.2__norm_spectral_radius,spectral_radius,49,1.0,0.6,0.1,0.0,7.377357006072998,8.349788541044568,3.5416641235351562,3.7392001152038574,0.001527409884147346,0.3924354910850525,0.8925894022928637,4912346,chunk_19,36.97492980957031,52.364280700683594,0.9999977350234985,230.77911376953125,230.77911376953125,6.241502285003662,0.027045352219740186
sign_test_og_cel0.2__norm_spectral_radius,spectral_radius,49,1.0,0.6,0.5,0.0,5.621396064758301,8.690992044176312,4.092160701751709,5.870146751403809,0.001527409884147346,0.3924354910850525,0.8925894022928637,4912346,chunk_19,36.97492980957031,52.364280700683594,0.9999977350234985,230.77911376953125,230.77911376953125,6.241502285003662,0.027045352219740186
sign_test_og_cel0.2__norm_spectral_radius,spectral_radius,49,1.0,0.6,1.0,0.0,4.816269874572754,8.087174248943484,4.456935405731201,7.914083480834961,0.001527409884147346,0.3924354910850525,0.8925894022928637,4912346,chunk_19,36.97492980957031,52.364280700683594,0.9999977350234985,230.77911376953125,230.77911376953125,6.241502285003662,0.027045352219740186
sign_test_og_cel0.2__norm_spectral_radius,spectral_radius,49,1.0,0.6,1.5,0.0,2.5495004653930664,4.5690683917643184,4.625629901885986,9.244595527648926,0.001527409884147346,0.3924354910850525,0.8925894022928637,4912346,chunk_19,36.97492980957031,52.364280700683594,0.9999977350234985,230.77911376953125,230.77911376953125,6.241502285003662,0.027045352219740186
sign_test_og_cel0.2__norm_spectral_radius,spectral_radius,49,1.0,0.8,0.1,0.0,8.434447288513184,9.670306994342502,3.9652748107910156,4.228053092956543,0.001527409884147346,0.3924354910850525,0.8925894022928637,4912346,chunk_19,36.97492980957031,52.364280700683594,0.9999977350234985,230.77911376953125,230.77911376953125,6.241502285003662,0.027045352219740186
sign_test_og_cel0.2__norm_spectral_radius,spectral_radius,49,1.0,0.8,0.5,0.0,6.515941619873047,10.08018385786545,4.690882205963135,7.0199408531188965,0.001527409884147346,0.3924354910850525,0.8925894022928637,4912346,chunk_19,36.97492980957031,52.364280700683594,0.9999977350234985,230.77911376953125,230.77911376953125,6.241502285003662,0.027045352219740186
sign_test_og_cel0.2__norm_spectral_radius,spectral_radius,49,1.0,0.8,1.0,0.0,4.182284355163574,7.129189658397991,5.192952632904053,9.731770515441895,0.001527409884147346,0.3924354910850525,0.8925894022928637,4912346,chunk_19,36.97492980957031,52.364280700683594,0.9999977350234985,230.77911376953125,230.77911376953125,6.241502285003662,0.027045352219740186
sign_test_og_cel0.2__norm_spectral_radius,spectral_radius,49,1.0,0.8,1.5,0.0,4.010576248168945,6.669881869225575,5.425992488861084,11.493795394897461,0.001527409884147346,0.3924354910850525,0.8925894022928637,4912346,chunk_19,36.97492980957031,52.364280700683594,0.9999977350234985,230.77911376953125,230.77911376953125,6.241502285003662,0.027045352219740186
sign_test_og_cel0.2__norm_spectral_radius,spectral_radius,49,1.0,1.0,0.1,0.0,9.887582778930664,11.53932682517477,4.7598347663879395,5.167006969451904,0.001527409884147346,0.3924354910850525,0.8925894022928637,4912346,chunk_19,36.97492980957031,52.364280700683594,0.9999977350234985,230.77911376953125,230.77911376953125,6.241502285003662,0.027045352219740186
sign_test_og_cel0.2__norm_spectral_radius,spectral_radius,49,1.0,1.0,0.5,0.0,6.9449286460876465,10.094642131832188,5.768751621246338,9.050959587097168,0.001527409884147346,0.3924354910850525,0.8925894022928637,4912346,chunk_19,36.97492980957031,52.364280700683594,0.9999977350234985,230.77911376953125,230.77911376953125,6.241502285003662,0.027045352219740186
sign_test_og_cel0.2__norm_spectral_radius,spectral_radius,49,1.0,1.0,1.0,0.0,4.95404577255249,8.627205210994816,6.425079822540283,12.670122146606445,0.001527409884147346,0.3924354910850525,0.8925894022928637,4912346,chunk_19,36.97492980957031,52.364280700683594,0.9999977350234985,230.77911376953125,230.77911376953125,6.241502285003662,0.027045352219740186
sign_test_og_cel0.2__norm_spectral_radius,spectral_radius,49,1.0,1.0,1.5,0.0,4.694862365722656,8.451050690562909,6.697483062744141,14.97035026550293,0.001527409884147346,0.3924354910850525,0.8925894022928637,4912346,chunk_19,36.97492980957031,52.364280700683594,0.9999977350234985,230.77911376953125,230.77911376953125,6.241502285003662,0.027045352219740186
sign_test_og_cel0.3__norm_spectral_radius,spectral_radius,49,1.0,0.6,0.1,0.0,9.911175727844238,11.075059043119566,5.050414562225342,5.514759540557861,0.0015762454131618142,0.27631378173828125,0.8963917041322239,4912346,chunk_19,25.227453231811523,52.364280700683594,0.9999998807907104,230.77911376953125,230.77911376953125,9.14793586730957,0.039639356014701144
sign_test_og_cel0.3__norm_spectral_radius,spectral_radius,49,1.0,0.6,0.5,0.0,7.724112033843994,12.06328030833265,6.567714691162109,10.382389068603516,0.0015762454131618142,0.27631378173828125,0.8963917041322239,4912346,chunk_19,25.227453231811523,52.364280700683594,0.9999998807907104,230.77911376953125,230.77911376953125,9.14793586730957,0.039639356014701144
sign_test_og_cel0.3__norm_spectral_radius,spectral_radius,49,1.0,0.6,1.0,0.0,3.6752166748046875,5.490227243846562,7.374325752258301,14.40325927734375,0.0015762454131618142,0.27631378173828125,0.8963917041322239,4912346,chunk_19,25.227453231811523,52.364280700683594,0.9999998807907104,230.77911376953125,230.77911376953125,9.14793586730957,0.039639356014701144
sign_test_og_cel0.3__norm_spectral_radius,spectral_radius,49,1.0,0.6,1.5,0.0,3.3064866065979004,5.832486052687273,7.643178462982178,16.73531723022461,0.0015762454131618142,0.27631378173828125,0.8963917041322239,4912346,chunk_19,25.227453231811523,52.364280700683594,0.9999998807907104,230.77911376953125,230.77911376953125,9.14793586730957,0.039639356014701144
sign_test_og_cel0.3__norm_spectral_radius,spectral_radius,49,1.0,0.8,0.1,0.0,11.557902336120605,13.295082992514708,6.076762676239014,6.782281398773193,0.0015762454131618142,0.27631378173828125,0.8963917041322239,4912346,chunk_19,25.227453231811523,52.364280700683594,0.9999998807907104,230.77911376953125,230.77911376953125,9.14793586730957,0.039639356014701144
sign_test_og_cel0.3__norm_spectral_radius,spectral_radius,49,1.0,0.8,0.5,0.0,8.225699424743652,12.310100932818614,8.179367065429688,13.581070899963379,0.0015762454131618142,0.27631378173828125,0.8963917041322239,4912346,chunk_19,25.227453231811523,52.364280700683594,0.9999998807907104,230.77911376953125,230.77911376953125,9.14793586730957,0.039639356014701144
sign_test_og_cel0.3__norm_spectral_radius,spectral_radius,49,1.0,0.8,1.0,0.0,5.397480010986328,9.004787759776605,9.221412658691406,19.010833740234375,0.0015762454131618142,0.27631378173828125,0.8963917041322239,4912346,chunk_19,25.227453231811523,52.364280700683594,0.9999998807907104,230.77911376953125,230.77911376953125,9.14793586730957,0.039639356014701144
sign_test_og_cel0.3__norm_spectral_radius,spectral_radius,49,1.0,0.8,1.5,0.0,4.432050704956055,7.384066792557405,9.538796424865723,22.069778442382812,0.0015762454131618142,0.27631378173828125,0.8963917041322239,4912346,chunk_19,25.227453231811523,52.364280700683594,0.9999998807907104,230.77911376953125,230.77911376953125,9.14793586730957,0.039639356014701144
sign_test_og_cel0.3__norm_spectral_radius,spectral_radius,49,1.0,1.0,0.1,0.0,13.007601737976074,15.290931226198154,8.91940975189209,10.135313034057617,0.0015762454131618142,0.27631378173828125,0.8963917041322239,4912346,chunk_19,25.227453231811523,52.364280700683594,0.9999998807907104,230.77911376953125,230.77911376953125,9.14793586730957,0.039639356014701144
sign_test_og_cel0.3__norm_spectral_radius,spectral_radius,49,1.0,1.0,0.5,0.0,8.011797904968262,12.042521171567387,11.236953735351562,19.554790496826172,0.0015762454131618142,0.27631378173828125,0.8963917041322239,4912346,chunk_19,25.227453231811523,52.364280700683594,0.9999998807907104,230.77911376953125,230.77911376953125,9.14793586730957,0.039639356014701144
sign_test_og_cel0.3__norm_spectral_radius,spectral_radius,49,1.0,1.0,1.0,0.0,5.242127895355225,8.963930128434413,12.470813751220703,26.73023796081543,0.0015762454131618142,0.27631378173828125,0.8963917041322239,4912346,chunk_19,25.227453231811523,52.364280700683594,0.9999998807907104,230.77911376953125,230.77911376953125,9.14793586730957,0.039639356014701144
sign_test_og_cel0.3__norm_spectral_radius,spectral_radius,49,1.0,1.0,1.5,0.0,4.353004455566406,6.535538174145074,12.796460151672363,30.505477905273438,0.0015762454131618142,0.27631378173828125,0.8963917041322239,4912346,chunk_19,25.227453231811523,52.364280700683594,0.9999998807907104,230.77911376953125,230.77911376953125,9.14793586730957,0.039639356014701144
sign_test_og_cel0.4__norm_spectral_radius,spectral_radius,49,1.0,0.6,0.1,0.0,10.666351318359375,11.908287852254944,4.501648426055908,4.825167179107666,0.0008451458998024464,0.14977681636810303,0.8963917001823685,4912346,chunk_19,25.50395965576172,52.364280700683594,1.0000009536743164,230.77911376953125,230.77911376953125,9.04875659942627,0.039209597783930204
sign_test_og_cel0.4__norm_spectral_radius,spectral_radius,49,1.0,0.6,0.5,0.0,7.878763675689697,12.244610731165409,6.0239129066467285,9.335405349731445,0.0008451458998024464,0.14977681636810303,0.8963917001823685,4912346,chunk_19,25.50395965576172,52.364280700683594,1.0000009536743164,230.77911376953125,230.77911376953125,9.04875659942627,0.039209597783930204
sign_test_og_cel0.4__norm_spectral_radius,spectral_radius,49,1.0,0.6,1.0,0.0,3.501088857650757,6.437506253739116,6.993971824645996,13.492188453674316,0.0008451458998024464,0.14977681636810303,0.8963917001823685,4912346,chunk_19,25.50395965576172,52.364280700683594,1.0000009536743164,230.77911376953125,230.77911376953125,9.04875659942627,0.039209597783930204
sign_test_og_cel0.4__norm_spectral_radius,spectral_radius,49,1.0,0.6,1.5,0.0,4.163225173950195,6.980979328691729,7.329625606536865,15.89988899230957,0.0008451458998024464,0.14977681636810303,0.8963917001823685,4912346,chunk_19,25.50395965576172,52.364280700683594,1.0000009536743164,230.77911376953125,230.77911376953125,9.04875659942627,0.039209597783930204
sign_test_og_cel0.4__norm_spectral_radius,spectral_radius,49,1.0,0.8,0.1,0.0,12.034830093383789,13.832008514583435,5.775628089904785,6.313984394073486,0.0008451458998024464,0.14977681636810303,0.8963917001823685,4912346,chunk_19,25.50395965576172,52.364280700683594,1.0000009536743164,230.77911376953125,230.77911376953125,9.04875659942627,0.039209597783930204
sign_test_og_cel0.4__norm_spectral_radius,spectral_radius,49,1.0,0.8,0.5,0.0,8.655098915100098,13.289197339805384,7.827125072479248,12.800027847290039,0.0008451458998024464,0.14977681636810303,0.8963917001823685,4912346,chunk_19,25.50395965576172,52.364280700683594,1.0000009536743164,230.77911376953125,230.77911376953125,9.04875659942627,0.039209597783930204
sign_test_og_cel0.4__norm_spectral_radius,spectral_radius,49,1.0,0.8,1.0,0.0,5.740398406982422,9.782527640381288,8.970565795898438,18.333404541015625,0.0008451458998024464,0.14977681636810303,0.8963917001823685,4912346,chunk_19,25.50395965576172,52.364280700683594,1.0000009536743164,230.77911376953125,230.77911376953125,9.04875659942627,0.039209597783930204
sign_test_og_cel0.4__norm_spectral_radius,spectral_radius,49,1.0,0.8,1.5,0.0,3.214371681213379,5.380105072552595,9.308037757873535,21.394500732421875,0.0008451458998024464,0.14977681636810303,0.8963917001823685,4912346,chunk_19,25.50395965576172,52.364280700683594,1.0000009536743164,230.77911376953125,230.77911376953125,9.04875659942627,0.039209597783930204
sign_test_og_cel0.4__norm_spectral_radius,spectral_radius,49,1.0,1.0,0.1,0.0,13.03826904296875,15.664339984793116,8.944414138793945,10.145835876464844,0.0008451458998024464,0.14977681636810303,0.8963917001823685,4912346,chunk_19,25.50395965576172,52.364280700683594,1.0000009536743164,230.77911376953125,230.77911376953125,9.04875659942627,0.039209597783930204
sign_test_og_cel0.4__norm_spectral_radius,spectral_radius,49,1.0,1.0,0.5,0.0,9.38735294342041,14.495492281526623,11.285881996154785,19.367263793945312,0.0008451458998024464,0.14977681636810303,0.8963917001823685,4912346,chunk_19,25.50395965576172,52.364280700683594,1.0000009536743164,230.77911376953125,230.77911376953125,9.04875659942627,0.039209597783930204
sign_test_og_cel0.4__norm_spectral_radius,spectral_radius,49,1.0,1.0,1.0,0.0,6.029001235961914,9.649906640236843,12.438169479370117,26.41217803955078,0.0008451458998024464,0.14977681636810303,0.8963917001823685,4912346,chunk_19,25.50395965576172,52.364280700683594,1.0000009536743164,230.77911376953125,230.77911376953125,9.04875659942627,0.039209597783930204
sign_test_og_cel0.4__norm_spectral_radius,spectral_radius,49,1.0,1.0,1.5,0.0,4.675169467926025,7.90496146344924,12.654006004333496,30.14764976501465,0.0008451458998024464,0.14977681636810303,0.8963917001823685,4912346,chunk_19,25.50395965576172,52.364280700683594,1.0000009536743164,230.77911376953125,230.77911376953125,9.04875659942627,0.039209597783930204
sign_test_og_cel0.5__norm_spectral_radius,spectral_radius,49,1.0,0.6,0.1,0.0,9.691242218017578,10.96725048090832,3.0621554851531982,3.2013001441955566,0.00013036436575930566,0.024949854239821434,0.8963917258197918,4912346,chunk_19,27.542522430419922,52.364280700683594,1.000000238418579,230.77911376953125,230.77911376953125,8.379011154174805,0.03630749516593037
sign_test_og_cel0.5__norm_spectral_radius,spectral_radius,49,1.0,0.6,0.5,0.0,6.435970783233643,10.313989413991067,3.936831474304199,5.728806972503662,0.00013036436575930566,0.024949854239821434,0.8963917258197918,4912346,chunk_19,27.542522430419922,52.364280700683594,1.000000238418579,230.77911376953125,230.77911376953125,8.379011154174805,0.03630749516593037
sign_test_og_cel0.5__norm_spectral_radius,spectral_radius,49,1.0,0.6,1.0,0.0,4.857761859893799,8.552636022883235,4.77574348449707,8.786201477050781,0.00013036436575930566,0.024949854239821434,0.8963917258197918,4912346,chunk_19,27.542522430419922,52.364280700683594,1.000000238418579,230.77911376953125,230.77911376953125,8.379011154174805,0.03630749516593037
sign_test_og_cel0.5__norm_spectral_radius,spectral_radius,49,1.0,0.6,1.5,0.0,3.5782153606414795,6.761947395432799,5.215560436248779,10.91500186920166,0.00013036436575930566,0.024949854239821434,0.8963917258197918,4912346,chunk_19,27.542522430419922,52.364280700683594,1.000000238418579,230.77911376953125,230.77911376953125,8.379011154174805,0.03630749516593037
sign_test_og_cel0.5__norm_spectral_radius,spectral_radius,49,1.0,0.8,0.1,0.0,11.006168365478516,12.901123301669514,3.877626657485962,4.089846611022949,0.00013036436575930566,0.024949854239821434,0.8963917258197918,4912346,chunk_19,27.542522430419922,52.364280700683594,1.000000238418579,230.77911376953125,230.77911376953125,8.379011154174805,0.03630749516593037
sign_test_og_cel0.5__norm_spectral_radius,spectral_radius,49,1.0,0.8,0.5,0.0,8.157187461853027,12.35056298605275,5.038762092590332,7.685832500457764,0.00013036436575930566,0.024949854239821434,0.8963917258197918,4912346,chunk_19,27.542522430419922,52.364280700683594,1.000000238418579,230.77911376953125,230.77911376953125,8.379011154174805,0.03630749516593037
sign_test_og_cel0.5__norm_spectral_radius,spectral_radius,49,1.0,0.8,1.0,0.0,4.266993045806885,7.004113766770843,6.085564613342285,11.843668937683105,0.00013036436575930566,0.024949854239821434,0.8963917258197918,4912346,chunk_19,27.542522430419922,52.364280700683594,1.000000238418579,230.77911376953125,230.77911376953125,8.379011154174805,0.03630749516593037
sign_test_og_cel0.5__norm_spectral_radius,spectral_radius,49,1.0,0.8,1.5,0.0,4.15140438079834,6.437609906423574,6.59191370010376,14.63113784790039,0.00013036436575930566,0.024949854239821434,0.8963917258197918,4912346,chunk_19,27.542522430419922,52.364280700683594,1.000000238418579,230.77911376953125,230.77911376953125,8.379011154174805,0.03630749516593037
sign_test_og_cel0.5__norm_spectral_radius,spectral_radius,49,1.0,1.0,0.1,0.0,12.150528907775879,14.463637397778882,6.627230644226074,7.188388347625732,0.00013036436575930566,0.024949854239821434,0.8963917258197918,4912346,chunk_19,27.542522430419922,52.364280700683594,1.000000238418579,230.77911376953125,230.77911376953125,8.379011154174805,0.03630749516593037
sign_test_og_cel0.5__norm_spectral_radius,spectral_radius,49,1.0,1.0,0.5,0.0,8.435797691345215,12.864360165593098,7.772815704345703,12.534173011779785,0.00013036436575930566,0.024949854239821434,0.8963917258197918,4912346,chunk_19,27.542522430419922,52.364280700683594,1.000000238418579,230.77911376953125,230.77911376953125,8.379011154174805,0.03630749516593037
sign_test_og_cel0.5__norm_spectral_radius,spectral_radius,49,1.0,1.0,1.0,0.0,6.676726341247559,10.277717764050326,8.778437614440918,17.9826717376709,0.00013036436575930566,0.024949854239821434,0.8963917258197918,4912346,chunk_19,27.542522430419922,52.364280700683594,1.000000238418579,230.77911376953125,230.77911376953125,8.379011154174805,0.03630749516593037
sign_test_og_cel0.5__norm_spectral_radius,spectral_radius,49,1.0,1.0,1.5,0.0,3.70786190032959,7.165509667244351,9.195621490478516,21.40652847290039,0.00013036436575930566,0.024949854239821434,0.8963917258197918,4912346,chunk_19,27.542522430419922,52.364280700683594,1.000000238418579,230.77911376953125,230.77911376953125,8.379011154174805,0.03630749516593037
sign_test_og_cel0.6__norm_spectral_radius,spectral_radius,49,1.0,0.6,0.1,0.0,9.881464004516602,11.064517381075706,4.017826557159424,4.218174934387207,-0.0005016991053707898,-0.0959908589720726,0.8963917646728751,4912346,chunk_19,27.53475570678711,52.364280700683594,0.9999997615814209,230.77911376953125,230.77911376953125,8.381375312805176,0.03631773641461825
sign_test_og_cel0.6__norm_spectral_radius,spectral_radius,49,1.0,0.6,0.5,0.0,7.955658912658691,12.081242680109256,4.915950298309326,7.220056056976318,-0.0005016991053707898,-0.0959908589720726,0.8963917646728751,4912346,chunk_19,27.53475570678711,52.364280700683594,0.9999997615814209,230.77911376953125,230.77911376953125,8.381375312805176,0.03631773641461825
sign_test_og_cel0.6__norm_spectral_radius,spectral_radius,49,1.0,0.6,1.0,0.0,4.23369026184082,7.275619570178833,5.575281620025635,10.398992538452148,-0.0005016991053707898,-0.0959908589720726,0.8963917646728751,4912346,chunk_19,27.53475570678711,52.364280700683594,0.9999997615814209,230.77911376953125,230.77911376953125,8.381375312805176,0.03631773641461825
sign_test_og_cel0.6__norm_spectral_radius,spectral_radius,49,1.0,0.6,1.5,0.0,3.336376190185547,5.535447258824377,5.927276134490967,12.548113822937012,-0.0005016991053707898,-0.0959908589720726,0.8963917646728751,4912346,chunk_19,27.53475570678711,52.364280700683594,0.9999997615814209,230.77911376953125,230.77911376953125,8.381375312805176,0.03631773641461825
sign_test_og_cel0.6__norm_spectral_radius,spectral_radius,49,1.0,0.8,0.1,0.0,11.413379669189453,13.032609762005961,4.957635402679443,5.266181945800781,-0.0005016991053707898,-0.0959908589720726,0.8963917646728751,4912346,chunk_19,27.53475570678711,52.364280700683594,0.9999997615814209,230.77911376953125,230.77911376953125,8.381375312805176,0.03631773641461825
sign_test_og_cel0.6__norm_spectral_radius,spectral_radius,49,1.0,0.8,0.5,0.0,8.851673126220703,12.61534366698561,6.205955982208252,9.504293441772461,-0.0005016991053707898,-0.0959908589720726,0.8963917646728751,4912346,chunk_19,27.53475570678711,52.364280700683594,0.9999997615814209,230.77911376953125,230.77911376953125,8.381375312805176,0.03631773641461825
sign_test_og_cel0.6__norm_spectral_radius,spectral_radius,49,1.0,0.8,1.0,0.0,5.617551803588867,7.207724933745581,7.119739055633545,13.932994842529297,-0.0005016991053707898,-0.0959908589720726,0.8963917646728751,4912346,chunk_19,27.53475570678711,52.364280700683594,0.9999997615814209,230.77911376953125,230.77911376953125,8.381375312805176,0.03631773641461825
sign_test_og_cel0.6__norm_spectral_radius,spectral_radius,49,1.0,0.8,1.5,0.0,5.041683673858643,8.525565784222707,7.569063186645508,16.84864044189453,-0.0005016991053707898,-0.0959908589720726,0.8963917646728751,4912346,chunk_19,27.53475570678711,52.364280700683594,0.9999997615814209,230.77911376953125,230.77911376953125,8.381375312805176,0.03631773641461825
sign_test_og_cel0.6__norm_spectral_radius,spectral_radius,49,1.0,1.0,0.1,0.0,12.486420631408691,14.391053927732457,7.723262786865234,8.376351356506348,-0.0005016991053707898,-0.0959908589720726,0.8963917646728751,4912346,chunk_19,27.53475570678711,52.364280700683594,0.9999997615814209,230.77911376953125,230.77911376953125,8.381375312805176,0.03631773641461825
sign_test_og_cel0.6__norm_spectral_radius,spectral_radius,49,1.0,1.0,0.5,0.0,9.098908424377441,12.138051738897047,9.177393913269043,14.836793899536133,-0.0005016991053707898,-0.0959908589720726,0.8963917646728751,4912346,chunk_19,27.53475570678711,52.364280700683594,0.9999997615814209,230.77911376953125,230.77911376953125,8.381375312805176,0.03631773641461825
sign_test_og_cel0.6__norm_spectral_radius,spectral_radius,49,1.0,1.0,1.0,0.0,6.56857442855835,10.373170581965951,10.210722923278809,20.72336769104004,-0.0005016991053707898,-0.0959908589720726,0.8963917646728751,4912346,chunk_19,27.53475570678711,52.364280700683594,0.9999997615814209,230.77911376953125,230.77911376953125,8.381375312805176,0.03631773641461825
sign_test_og_cel0.6__norm_spectral_radius,spectral_radius,49,1.0,1.0,1.5,0.0,5.0341596603393555,7.476196659986273,10.62795352935791,24.3266658782959,-0.0005016991053707898,-0.0959908589720726,0.8963917646728751,4912346,chunk_19,27.53475570678711,52.364280700683594,0.9999997615814209,230.77911376953125,230.77911376953125,8.381375312805176,0.03631773641461825
sign_test_og_cel0.7__norm_spectral_radius,spectral_radius,49,1.0,0.6,0.1,0.0,8.070684432983398,9.15327371523199,3.6841940879821777,3.8713760375976562,-0.0010759838623926044,-0.22765761613845825,0.8963917329536022,4912346,chunk_19,30.44887351989746,52.364280700683594,1.0000001192092896,230.77911376953125,230.77911376953125,7.579232692718506,0.03284193746433768
sign_test_og_cel0.7__norm_spectral_radius,spectral_radius,49,1.0,0.6,0.5,0.0,6.6137542724609375,10.562755731402376,4.090268611907959,5.875766754150391,-0.0010759838623926044,-0.22765761613845825,0.8963917329536022,4912346,chunk_19,30.44887351989746,52.364280700683594,1.0000001192092896,230.77911376953125,230.77911376953125,7.579232692718506,0.03284193746433768
sign_test_og_cel0.7__norm_spectral_radius,spectral_radius,49,1.0,0.6,1.0,0.0,5.058426380157471,7.95818385174578,4.516711235046387,8.215376853942871,-0.0010759838623926044,-0.22765761613845825,0.8963917329536022,4912346,chunk_19,30.44887351989746,52.364280700683594,1.0000001192092896,230.77911376953125,230.77911376953125,7.579232692718506,0.03284193746433768
sign_test_og_cel0.7__norm_spectral_radius,spectral_radius,49,1.0,0.6,1.5,0.0,3.379117488861084,6.784084146414045,4.793971061706543,9.905345916748047,-0.0010759838623926044,-0.22765761613845825,0.8963917329536022,4912346,chunk_19,30.44887351989746,52.364280700683594,1.0000001192092896,230.77911376953125,230.77911376953125,7.579232692718506,0.03284193746433768
sign_test_og_cel0.7__norm_spectral_radius,spectral_radius,49,1.0,0.8,0.1,0.0,9.574735641479492,10.993598584552412,4.310451984405518,4.568456172943115,-0.0010759838623926044,-0.22765761613845825,0.8963917329536022,4912346,chunk_19,30.44887351989746,52.364280700683594,1.0000001192092896,230.77911376953125,230.77911376953125,7.579232692718506,0.03284193746433768
sign_test_og_cel0.7__norm_spectral_radius,spectral_radius,49,1.0,0.8,0.5,0.0,7.574838161468506,11.108652674581244,4.99466609954834,7.474785327911377,-0.0010759838623926044,-0.22765761613845825,0.8963917329536022,4912346,chunk_19,30.44887351989746,52.364280700683594,1.0000001192092896,230.77911376953125,230.77911376953125,7.579232692718506,0.03284193746433768
sign_test_og_cel0.7__norm_spectral_radius,spectral_radius,49,1.0,0.8,1.0,0.0,5.70721435546875,8.347931615859263,5.651497840881348,10.828666687011719,-0.0010759838623926044,-0.22765761613845825,0.8963917329536022,4912346,chunk_19,30.44887351989746,52.364280700683594,1.0000001192092896,230.77911376953125,230.77911376953125,7.579232692718506,0.03284193746433768
sign_test_og_cel0.7__norm_spectral_radius,spectral_radius,49,1.0,0.8,1.5,0.0,3.4303128719329834,6.090691507719669,6.014289379119873,13.136076927185059,-0.0010759838623926044,-0.22765761613845825,0.8963917329536022,4912346,chunk_19,30.44887351989746,52.364280700683594,1.0000001192092896,230.77911376953125,230.77911376953125,7.579232692718506,0.03284193746433768
sign_test_og_cel0.7__norm_spectral_radius,spectral_radius,49,1.0,1.0,0.1,0.0,11.72476577758789,13.660133355333528,5.770443916320801,6.167514324188232,-0.0010759838623926044,-0.22765761613845825,0.8963917329536022,4912346,chunk_19,30.44887351989746,52.364280700683594,1.0000001192092896,230.77911376953125,230.77911376953125,7.579232692718506,0.03284193746433768
sign_test_og_cel0.7__norm_spectral_radius,spectral_radius,49,1.0,1.0,0.5,0.0,9.015496253967285,13.28708281547324,6.776581764221191,10.580791473388672,-0.0010759838623926044,-0.22765761613845825,0.8963917329536022,4912346,chunk_19,30.44887351989746,52.364280700683594,1.0000001192092896,230.77911376953125,230.77911376953125,7.579232692718506,0.03284193746433768
sign_test_og_cel0.7__norm_spectral_radius,spectral_radius,49,1.0,1.0,1.0,0.0,6.021398544311523,10.596211551736268,7.742836952209473,15.524685859680176,-0.0010759838623926044,-0.22765761613845825,0.8963917329536022,4912346,chunk_19,30.44887351989746,52.364280700683594,1.0000001192092896,230.77911376953125,230.77911376953125,7.579232692718506,0.03284193746433768
sign_test_og_cel0.7__norm_spectral_radius,spectral_radius,49,1.0,1.0,1.5,0.0,5.715298652648926,7.5772918731674395,8.206247329711914,18.699291229248047,-0.0010759838623926044,-0.22765761613845825,0.8963917329536022,4912346,chunk_19,30.44887351989746,52.364280700683594,1.0000001192092896,230.77911376953125,230.77911376953125,7.579232692718506,0.03284193746433768
sign_test_og_cel0.8__norm_spectral_radius,spectral_radius,49,1.0,0.6,0.1,0.0,7.941620349884033,9.151354157616083,2.2435007095336914,2.3309361934661865,-0.0015022804727777839,-0.3740922808647156,0.8963917294774767,4912346,chunk_19,35.83624267578125,52.364280700683594,1.0000007152557373,230.77911376953125,230.77911376953125,6.43982458114624,0.02790471113412281
sign_test_og_cel0.8__norm_spectral_radius,spectral_radius,49,1.0,0.6,0.5,0.0,5.876616954803467,9.05905205213071,2.7514538764953613,3.850541591644287,-0.0015022804727777839,-0.3740922808647156,0.8963917294774767,4912346,chunk_19,35.83624267578125,52.364280700683594,1.0000007152557373,230.77911376953125,230.77911376953125,6.43982458114624,0.02790471113412281
sign_test_og_cel0.8__norm_spectral_radius,spectral_radius,49,1.0,0.6,1.0,0.0,4.648451805114746,8.987207286901366,3.3052194118499756,5.736954689025879,-0.0015022804727777839,-0.3740922808647156,0.8963917294774767,4912346,chunk_19,35.83624267578125,52.364280700683594,1.0000007152557373,230.77911376953125,230.77911376953125,6.43982458114624,0.02790471113412281
sign_test_og_cel0.8__norm_spectral_radius,spectral_radius,49,1.0,0.6,1.5,0.0,3.234225273132324,6.203343979804103,3.6261117458343506,7.0609893798828125,-0.0015022804727777839,-0.3740922808647156,0.8963917294774767,4912346,chunk_19,35.83624267578125,52.364280700683594,1.0000007152557373,230.77911376953125,230.77911376953125,6.43982458114624,0.02790471113412281
sign_test_og_cel0.8__norm_spectral_radius,spectral_radius,49,1.0,0.8,0.1,0.0,9.145909309387207,10.707058923758723,2.623784065246582,2.741074800491333,-0.0015022804727777839,-0.3740922808647156,0.8963917294774767,4912346,chunk_19,35.83624267578125,52.364280700683594,1.0000007152557373,230.77911376953125,230.77911376953125,6.43982458114624,0.02790471113412281
sign_test_og_cel0.8__norm_spectral_radius,spectral_radius,49,1.0,0.8,0.5,0.0,7.356041431427002,11.083036267240914,3.262176036834717,4.727005481719971,-0.0015022804727777839,-0.3740922808647156,0.8963917294774767,4912346,chunk_19,35.83624267578125,52.364280700683594,1.0000007152557373,230.77911376953125,230.77911376953125,6.43982458114624,0.02790471113412281
sign_test_og_cel0.8__norm_spectral_radius,spectral_radius,49,1.0,0.8,1.0,0.0,5.310563087463379,9.11110426682734,3.9459431171417236,7.228156566619873,-0.0015022804727777839,-0.3740922808647156,0.8963917294774767,4912346,chunk_19,35.83624267578125,52.364280700683594,1.0000007152557373,230.77911376953125,230.77911376953125,6.43982458114624,0.02790471113412281
sign_test_og_cel0.8__norm_spectral_radius,spectral_radius,49,1.0,0.8,1.5,0.0,3.7924904823303223,6.437092421671878,4.33597993850708,8.962998390197754,-0.0015022804727777839,-0.3740922808647156,0.8963917294774767,4912346,chunk_19,35.83624267578125,52.364280700683594,1.0000007152557373,230.77911376953125,230.77911376953125,6.43982458114624,0.02790471113412281
sign_test_og_cel0.8__norm_spectral_radius,spectral_radius,49,1.0,1.0,0.1,0.0,10.174588203430176,11.944230136473038,3.930119037628174,4.303478240966797,-0.0015022804727777839,-0.3740922808647156,0.8963917294774767,4912346,chunk_19,35.83624267578125,52.364280700683594,1.0000007152557373,230.77911376953125,230.77911376953125,6.43982458114624,0.02790471113412281
sign_test_og_cel0.8__norm_spectral_radius,spectral_radius,49,1.0,1.0,0.5,0.0,7.270209789276123,12.01686689762289,4.510090351104736,6.820749282836914,-0.0015022804727777839,-0.3740922808647156,0.8963917294774767,4912346,chunk_19,35.83624267578125,52.364280700683594,1.0000007152557373,230.77911376953125,230.77911376953125,6.43982458114624,0.02790471113412281
sign_test_og_cel0.8__norm_spectral_radius,spectral_radius,49,1.0,1.0,1.0,0.0,4.825348854064941,9.23143861345443,5.168957710266113,10.10342788696289,-0.0015022804727777839,-0.3740922808647156,0.8963917294774767,4912346,chunk_19,35.83624267578125,52.364280700683594,1.0000007152557373,230.77911376953125,230.77911376953125,6.43982458114624,0.02790471113412281
sign_test_og_cel0.8__norm_spectral_radius,spectral_radius,49,1.0,1.0,1.5,0.0,4.025941848754883,6.736496458144057,5.622918128967285,12.414129257202148,-0.0015022804727777839,-0.3740922808647156,0.8963917294774767,4912346,chunk_19,35.83624267578125,52.364280700683594,1.0000007152557373,230.77911376953125,230.77911376953125,6.43982458114624,0.02790471113412281
sign_test_og_cel0.9__norm_spectral_radius,spectral_radius,49,1.0,0.6,0.1,0.0,6.003194808959961,7.0381670288994655,1.957529902458191,2.028635263442993,-0.0015923628816381097,-0.5104226469993591,0.8963916956760745,4912346,chunk_19,46.129905700683594,52.364280700683594,0.999998927116394,230.77911376953125,230.77911376953125,5.002809047698975,0.02167791121205741
sign_test_og_cel0.9__norm_spectral_radius,spectral_radius,49,1.0,0.6,0.5,0.0,4.9806108474731445,8.409744822702123,2.361145257949829,3.1975605487823486,-0.0015923628816381097,-0.5104226469993591,0.8963916956760745,4912346,chunk_19,46.129905700683594,52.364280700683594,0.999998927116394,230.77911376953125,230.77911376953125,5.002809047698975,0.02167791121205741
sign_test_og_cel0.9__norm_spectral_radius,spectral_radius,49,1.0,0.6,1.0,0.0,3.6362056732177734,7.152087752163979,2.768916368484497,4.578032493591309,-0.0015923628816381097,-0.5104226469993591,0.8963916956760745,4912346,chunk_19,46.129905700683594,52.364280700683594,0.999998927116394,230.77911376953125,230.77911376953125,5.002809047698975,0.02167791121205741
sign_test_og_cel0.9__norm_spectral_radius,spectral_radius,49,1.0,0.6,1.5,0.0,3.3619582653045654,7.331310647400187,2.9965434074401855,5.539144992828369,-0.0015923628816381097,-0.5104226469993591,0.8963916956760745,4912346,chunk_19,46.129905700683594,52.364280700683594,0.999998927116394,230.77911376953125,230.77911376953125,5.002809047698975,0.02167791121205741
sign_test_og_cel0.9__norm_spectral_radius,spectral_radius,49,1.0,0.8,0.1,0.0,6.772715091705322,8.050627886703296,2.218125820159912,2.311873435974121,-0.0015923628816381097,-0.5104226469993591,0.8963916956760745,4912346,chunk_19,46.129905700683594,52.364280700683594,0.999998927116394,230.77911376953125,230.77911376953125,5.002809047698975,0.02167791121205741
sign_test_og_cel0.9__norm_spectral_radius,spectral_radius,49,1.0,0.8,0.5,0.0,5.6497039794921875,9.372447285818101,2.7156178951263428,3.78020977973938,-0.0015923628816381097,-0.5104226469993591,0.8963916956760745,4912346,chunk_19,46.129905700683594,52.364280700683594,0.999998927116394,230.77911376953125,230.77911376953125,5.002809047698975,0.02167791121205741
sign_test_og_cel0.9__norm_spectral_radius,spectral_radius,49,1.0,0.8,1.0,0.0,4.082968711853027,7.767432336492558,3.199782133102417,5.531307697296143,-0.0015923628816381097,-0.5104226469993591,0.8963916956760745,4912346,chunk_19,46.129905700683594,52.364280700683594,0.999998927116394,230.77911376953125,230.77911376953125,5.002809047698975,0.02167791121205741
sign_test_og_cel0.9__norm_spectral_radius,spectral_radius,49,1.0,0.8,1.5,0.0,3.5172462463378906,6.026697583640498,3.4574429988861084,6.735621929168701,-0.0015923628816381097,-0.5104226469993591,0.8963916956760745,4912346,chunk_19,46.129905700683594,52.364280700683594,0.999998927116394,230.77911376953125,230.77911376953125,5.002809047698975,0.02167791121205741
sign_test_og_cel0.9__norm_spectral_radius,spectral_radius,49,1.0,1.0,0.1,0.0,7.1253767013549805,8.49199526073744,3.265693187713623,3.5645759105682373,-0.0015923628816381097,-0.5104226469993591,0.8963916956760745,4912346,chunk_19,46.129905700683594,52.364280700683594,0.999998927116394,230.77911376953125,230.77911376953125,5.002809047698975,0.02167791121205741
sign_test_og_cel0.9__norm_spectral_radius,spectral_radius,49,1.0,1.0,0.5,0.0,5.788398742675781,8.999452388963306,3.7132513523101807,5.4007391929626465,-0.0015923628816381097,-0.5104226469993591,0.8963916956760745,4912346,chunk_19,46.129905700683594,52.364280700683594,0.999998927116394,230.77911376953125,230.77911376953125,5.002809047698975,0.02167791121205741
sign_test_og_cel0.9__norm_spectral_radius,spectral_radius,49,1.0,1.0,1.0,0.0,4.889410018920898,8.41876689484404,4.137630939483643,7.567948341369629,-0.0015923628816381097,-0.5104226469993591,0.8963916956760745,4912346,chunk_19,46.129905700683594,52.364280700683594,0.999998927116394,230.77911376953125,230.77911376953125,5.002809047698975,0.02167791121205741
sign_test_og_cel0.9__norm_spectral_radius,spectral_radius,49,1.0,1.0,1.5,0.0,4.346116065979004,8.064474115612114,4.348878860473633,9.052850723266602,-0.0015923628816381097,-0.5104226469993591,0.8963916956760745,4912346,chunk_19,46.129905700683594,52.364280700683594,0.999998927116394,230.77911376953125,230.77911376953125,5.002809047698975,0.02167791121205741
sign_test_og_cel1.0__norm_spectral_radius,spectral_radius,49,1.0,0.6,0.1,0.0,5.8274054527282715,6.656380907805044,1.951291561126709,2.0144877433776855,-0.0017045937711372972,-0.6414676904678345,0.8963916915026319,4912346,chunk_19,54.15624237060547,52.364280700683594,0.9999998807907104,230.77911376953125,230.77911376953125,4.26135778427124,0.0184650920415921
sign_test_og_cel1.0__norm_spectral_radius,spectral_radius,49,1.0,0.6,0.5,0.0,5.676741600036621,7.84012682565132,2.3058552742004395,3.048877239227295,-0.0017045937711372972,-0.6414676904678345,0.8963916915026319,4912346,chunk_19,54.15624237060547,52.364280700683594,0.9999998807907104,230.77911376953125,230.77911376953125,4.26135778427124,0.0184650920415921
sign_test_og_cel1.0__norm_spectral_radius,spectral_radius,49,1.0,0.6,1.0,0.0,3.840768575668335,6.6581395500975304,2.6649723052978516,4.265689849853516,-0.0017045937711372972,-0.6414676904678345,0.8963916915026319,4912346,chunk_19,54.15624237060547,52.364280700683594,0.9999998807907104,230.77911376953125,230.77911376953125,4.26135778427124,0.0184650920415921
sign_test_og_cel1.0__norm_spectral_radius,spectral_radius,49,1.0,0.6,1.5,0.0,3.3011975288391113,6.275749950830772,2.866856813430786,5.096577167510986,-0.0017045937711372972,-0.6414676904678345,0.8963916915026319,4912346,chunk_19,54.15624237060547,52.364280700683594,0.9999998807907104,230.77911376953125,230.77911376953125,4.26135778427124,0.0184650920415921
sign_test_og_cel1.0__norm_spectral_radius,spectral_radius,49,1.0,0.8,0.1,0.0,6.548539161682129,7.675729541649204,2.1720311641693115,2.2523586750030518,-0.0017045937711372972,-0.6414676904678345,0.8963916915026319,4912346,chunk_19,54.15624237060547,52.364280700683594,0.9999998807907104,230.77911376953125,230.77911376953125,4.26135778427124,0.0184650920415921
sign_test_og_cel1.0__norm_spectral_radius,spectral_radius,49,1.0,0.8,0.5,0.0,5.054157257080078,8.34125136271097,2.597878932952881,3.5138461589813232,-0.0017045937711372972,-0.6414676904678345,0.8963916915026319,4912346,chunk_19,54.15624237060547,52.364280700683594,0.9999998807907104,230.77911376953125,230.77911376953125,4.26135778427124,0.0184650920415921
sign_test_og_cel1.0__norm_spectral_radius,spectral_radius,49,1.0,0.8,1.0,0.0,3.6432464122772217,7.414006516240203,3.0207791328430176,5.028045654296875,-0.0017045937711372972,-0.6414676904678345,0.8963916915026319,4912346,chunk_19,54.15624237060547,52.364280700683594,0.9999998807907104,230.77911376953125,230.77911376953125,4.26135778427124,0.0184650920415921
sign_test_og_cel1.0__norm_spectral_radius,spectral_radius,49,1.0,0.8,1.5,0.0,3.9261343479156494,6.518260438477455,3.2530572414398193,6.0572099685668945,-0.0017045937711372972,-0.6414676904678345,0.8963916915026319,4912346,chunk_19,54.15624237060547,52.364280700683594,0.9999998807907104,230.77911376953125,230.77911376953125,4.26135778427124,0.0184650920415921
sign_test_og_cel1.0__norm_spectral_radius,spectral_radius,49,1.0,1.0,0.1,0.0,6.6977949142456055,7.949543255601554,3.0923330783843994,3.371812343597412,-0.0017045937711372972,-0.6414676904678345,0.8963916915026319,4912346,chunk_19,54.15624237060547,52.364280700683594,0.9999998807907104,230.77911376953125,230.77911376953125,4.26135778427124,0.0184650920415921
sign_test_og_cel1.0__norm_spectral_radius,spectral_radius,49,1.0,1.0,0.5,0.0,5.312205791473389,8.479768171774936,3.410378932952881,4.791120529174805,-0.0017045937711372972,-0.6414676904678345,0.8963916915026319,4912346,chunk_19,54.15624237060547,52.364280700683594,0.9999998807907104,230.77911376953125,230.77911376953125,4.26135778427124,0.0184650920415921
sign_test_og_cel1.0__norm_spectral_radius,spectral_radius,49,1.0,1.0,1.0,0.0,4.009636402130127,7.834308132986962,3.7718257904052734,6.601921081542969,-0.0017045937711372972,-0.6414676904678345,0.8963916915026319,4912346,chunk_19,54.15624237060547,52.364280700683594,0.9999998807907104,230.77911376953125,230.77911376953125,4.26135778427124,0.0184650920415921
sign_test_og_cel1.0__norm_spectral_radius,spectral_radius,49,1.0,1.0,1.5,0.0,4.069394111633301,7.561143320416022,3.9744749069213867,7.857355117797852,-0.0017045937711372972,-0.6414676904678345,0.8963916915026319,4912346,chunk_19,54.15624237060547,52.364280700683594,0.9999998807907104,230.77911376953125,230.77911376953125,4.26135778427124,0.0184650920415921
sign_test_og_cel0.06113256113256113__norm_original_radius,original_radius,48,1.0,0.6,0.1,0.0,5.639437198638916,6.930063352716729,2.3339669704437256,2.41178560256958,0.0015518798027187586,0.5646748542785645,0.8963917035634091,4812346,chunk_19,44.98279571533203,52.364280700683594,0.8590344190597534,230.77911376953125,230.77911376953125,4.407186031341553,0.019096987232881925
sign_test_og_cel0.06113256113256113__norm_original_radius,original_radius,48,1.0,0.6,0.5,0.0,5.487582206726074,9.647979233152,2.7422633171081543,3.667264699935913,0.0015518798027187586,0.5646748542785645,0.8963917035634091,4812346,chunk_19,44.98279571533203,52.364280700683594,0.8590344190597534,230.77911376953125,230.77911376953125,4.407186031341553,0.019096987232881925
sign_test_og_cel0.06113256113256113__norm_original_radius,original_radius,48,1.0,0.6,1.0,0.0,3.4547507762908936,5.642067325917606,3.149888753890991,5.188979625701904,0.0015518798027187586,0.5646748542785645,0.8963917035634091,4812346,chunk_19,44.98279571533203,52.364280700683594,0.8590344190597534,230.77911376953125,230.77911376953125,4.407186031341553,0.019096987232881925
sign_test_og_cel0.06113256113256113__norm_original_radius,original_radius,48,1.0,0.6,1.5,0.0,2.80712890625,4.872165088319946,3.3830251693725586,6.208075046539307,0.0015518798027187586,0.5646748542785645,0.8963917035634091,4812346,chunk_19,44.98279571533203,52.364280700683594,0.8590344190597534,230.77911376953125,230.77911376953125,4.407186031341553,0.019096987232881925
sign_test_og_cel0.06113256113256113__norm_original_radius,original_radius,48,1.0,0.8,0.1,0.0,6.319911479949951,7.762867291622115,2.4762144088745117,2.5674750804901123,0.0015518798027187586,0.5646748542785645,0.8963917035634091,4812346,chunk_19,44.98279571533203,52.364280700683594,0.8590344190597534,230.77911376953125,230.77911376953125,4.407186031341553,0.019096987232881925
sign_test_og_cel0.06113256113256113__norm_original_radius,original_radius,48,1.0,0.8,0.5,0.0,5.759448051452637,9.607225372460437,2.985774040222168,4.117003440856934,0.0015518798027187586,0.5646748542785645,0.8963917035634091,4812346,chunk_19,44.98279571533203,52.364280700683594,0.8590344190597534,230.77911376953125,230.77911376953125,4.407186031341553,0.019096987232881925
sign_test_og_cel0.06113256113256113__norm_original_radius,original_radius,48,1.0,0.8,1.0,0.0,4.354881763458252,7.455729713770726,3.5091540813446045,6.02780818939209,0.0015518798027187586,0.5646748542785645,0.8963917035634091,4812346,chunk_19,44.98279571533203,52.364280700683594,0.8590344190597534,230.77911376953125,230.77911376953125,4.407186031341553,0.019096987232881925
sign_test_og_cel0.06113256113256113__norm_original_radius,original_radius,48,1.0,0.8,1.5,0.0,3.5772156715393066,6.379143197127405,3.8091535568237305,7.3145575523376465,0.0015518798027187586,0.5646748542785645,0.8963917035634091,4812346,chunk_19,44.98279571533203,52.364280700683594,0.8590344190597534,230.77911376953125,230.77911376953125,4.407186031341553,0.019096987232881925
sign_test_og_cel0.06113256113256113__norm_original_radius,original_radius,48,1.0,1.0,0.1,0.0,7.477873802185059,9.120064086799175,2.702561855316162,2.811084270477295,0.0015518798027187586,0.5646748542785645,0.8963917035634091,4812346,chunk_19,44.98279571533203,52.364280700683594,0.8590344190597534,230.77911376953125,230.77911376953125,4.407186031341553,0.019096987232881925
sign_test_og_cel0.06113256113256113__norm_original_radius,original_radius,48,1.0,1.0,0.5,0.0,6.362220764160156,9.864211312900888,3.365952730178833,4.796527862548828,0.0015518798027187586,0.5646748542785645,0.8963917035634091,4812346,chunk_19,44.98279571533203,52.364280700683594,0.8590344190597534,230.77911376953125,230.77911376953125,4.407186031341553,0.019096987232881925
sign_test_og_cel0.06113256113256113__norm_original_radius,original_radius,48,1.0,1.0,1.0,0.0,4.965052604675293,7.9506029322546965,4.059219837188721,7.280032634735107,0.0015518798027187586,0.5646748542785645,0.8963917035634091,4812346,chunk_19,44.98279571533203,52.364280700683594,0.8590344190597534,230.77911376953125,230.77911376953125,4.407186031341553,0.019096987232881925
sign_test_og_cel0.06113256113256113__norm_original_radius,original_radius,48,1.0,1.0,1.5,0.0,4.528021335601807,8.024439032464256,4.451401233673096,8.956358909606934,0.0015518798027187586,0.5646748542785645,0.8963917035634091,4812346,chunk_19,44.98279571533203,52.364280700683594,0.8590344190597534,230.77911376953125,230.77911376953125,4.407186031341553,0.019096987232881925
sign_test_og_cel0.0__norm_original_radius,original_radius,48,1.0,0.6,0.1,0.0,4.897481441497803,5.960468204359017,2.7840213775634766,2.944531202316284,0.001762926927767694,0.6414675712585449,0.8963917035634091,4812346,chunk_19,54.156253814697266,52.364280700683594,1.034220576286316,230.77911376953125,230.77911376953125,4.407186031341553,0.019096987232881925
sign_test_og_cel0.0__norm_original_radius,original_radius,48,1.0,0.6,0.5,0.0,4.736955165863037,8.380568243508833,3.2993199825286865,4.509430408477783,0.001762926927767694,0.6414675712585449,0.8963917035634091,4812346,chunk_19,54.156253814697266,52.364280700683594,1.034220576286316,230.77911376953125,230.77911376953125,4.407186031341553,0.019096987232881925
sign_test_og_cel0.0__norm_original_radius,original_radius,48,1.0,0.6,1.0,0.0,3.322114944458008,5.519182032606352,3.605764627456665,5.9727959632873535,0.001762926927767694,0.6414675712585449,0.8963917035634091,4812346,chunk_19,54.156253814697266,52.364280700683594,1.034220576286316,230.77911376953125,230.77911376953125,4.407186031341553,0.019096987232881925
sign_test_og_cel0.0__norm_original_radius,original_radius,48,1.0,0.6,1.5,0.0,1.7835590839385986,2.8907602494573954,3.7577064037323,6.8761067390441895,0.001762926927767694,0.6414675712585449,0.8963917035634091,4812346,chunk_19,54.156253814697266,52.364280700683594,1.034220576286316,230.77911376953125,230.77911376953125,4.407186031341553,0.019096987232881925
sign_test_og_cel0.0__norm_original_radius,original_radius,48,1.0,0.8,0.1,0.0,5.37148380279541,6.532586892724259,3.0495219230651855,3.2787442207336426,0.001762926927767694,0.6414675712585449,0.8963917035634091,4812346,chunk_19,54.156253814697266,52.364280700683594,1.034220576286316,230.77911376953125,230.77911376953125,4.407186031341553,0.019096987232881925
sign_test_og_cel0.0__norm_original_radius,original_radius,48,1.0,0.8,0.5,0.0,5.054482460021973,7.780008544094983,3.53766131401062,5.014108180999756,0.001762926927767694,0.6414675712585449,0.8963917035634091,4812346,chunk_19,54.156253814697266,52.364280700683594,1.034220576286316,230.77911376953125,230.77911376953125,4.407186031341553,0.019096987232881925
sign_test_og_cel0.0__norm_original_radius,original_radius,48,1.0,0.8,1.0,0.0,3.5702593326568604,5.788350409753882,3.9582526683807373,6.858486652374268,0.001762926927767694,0.6414675712585449,0.8963917035634091,4812346,chunk_19,54.156253814697266,52.364280700683594,1.034220576286316,230.77911376953125,230.77911376953125,4.407186031341553,0.019096987232881925
sign_test_og_cel0.0__norm_original_radius,original_radius,48,1.0,0.8,1.5,0.0,3.2062714099884033,4.643730893799592,4.182419300079346,8.025901794433594,0.001762926927767694,0.6414675712585449,0.8963917035634091,4812346,chunk_19,54.156253814697266,52.364280700683594,1.034220576286316,230.77911376953125,230.77911376953125,4.407186031341553,0.019096987232881925
sign_test_og_cel0.0__norm_original_radius,original_radius,48,1.0,1.0,0.1,0.0,6.2943525314331055,7.552697141922309,3.288588047027588,3.515745162963867,0.001762926927767694,0.6414675712585449,0.8963917035634091,4812346,chunk_19,54.156253814697266,52.364280700683594,1.034220576286316,230.77911376953125,230.77911376953125,4.407186031341553,0.019096987232881925
sign_test_og_cel0.0__norm_original_radius,original_radius,48,1.0,1.0,0.5,0.0,4.832126617431641,7.713728346125066,3.9343717098236084,5.811553955078125,0.001762926927767694,0.6414675712585449,0.8963917035634091,4812346,chunk_19,54.156253814697266,52.364280700683594,1.034220576286316,230.77911376953125,230.77911376953125,4.407186031341553,0.019096987232881925
sign_test_og_cel0.0__norm_original_radius,original_radius,48,1.0,1.0,1.0,0.0,3.599067449569702,6.571580238093738,4.5157270431518555,8.176426887512207,0.001762926927767694,0.6414675712585449,0.8963917035634091,4812346,chunk_19,54.156253814697266,52.364280700683594,1.034220576286316,230.77911376953125,230.77911376953125,4.407186031341553,0.019096987232881925
sign_test_og_cel0.0__norm_original_radius,original_radius,48,1.0,1.0,1.5,0.0,4.3428449630737305,8.040148823308016,4.833539009094238,9.717947006225586,0.001762926927767694,0.6414675712585449,0.8963917035634091,4812346,chunk_19,54.156253814697266,52.364280700683594,1.034220576286316,230.77911376953125,230.77911376953125,4.407186031341553,0.019096987232881925
sign_test_og_cel0.1__norm_original_radius,original_radius,48,1.0,0.6,0.1,0.0,5.83092737197876,7.060562075440089,2.124978542327881,2.194169044494629,0.001426276983693242,0.5189723968505859,0.8963917035634091,4812346,chunk_19,40.56901931762695,52.364280700683594,0.774746298789978,230.77911376953125,230.77911376953125,4.407186031341553,0.019096987232881925
sign_test_og_cel0.1__norm_original_radius,original_radius,48,1.0,0.6,0.5,0.0,5.085529804229736,8.498843386053068,2.5238165855407715,3.3559141159057617,0.001426276983693242,0.5189723968505859,0.8963917035634091,4812346,chunk_19,40.56901931762695,52.364280700683594,0.774746298789978,230.77911376953125,230.77911376953125,4.407186031341553,0.019096987232881925
sign_test_og_cel0.1__norm_original_radius,original_radius,48,1.0,0.6,1.0,0.0,3.172626256942749,5.493250434400608,2.9655990600585938,4.837876796722412,0.001426276983693242,0.5189723968505859,0.8963917035634091,4812346,chunk_19,40.56901931762695,52.364280700683594,0.774746298789978,230.77911376953125,230.77911376953125,4.407186031341553,0.019096987232881925
sign_test_og_cel0.1__norm_original_radius,original_radius,48,1.0,0.6,1.5,0.0,3.2351396083831787,6.687781068579653,3.2387735843658447,5.87178373336792,0.001426276983693242,0.5189723968505859,0.8963917035634091,4812346,chunk_19,40.56901931762695,52.364280700683594,0.774746298789978,230.77911376953125,230.77911376953125,4.407186031341553,0.019096987232881925
sign_test_og_cel0.1__norm_original_radius,original_radius,48,1.0,0.8,0.1,0.0,6.64973783493042,7.990281742048342,2.2767953872680664,2.3569564819335938,0.001426276983693242,0.5189723968505859,0.8963917035634091,4812346,chunk_19,40.56901931762695,52.364280700683594,0.774746298789978,230.77911376953125,230.77911376953125,4.407186031341553,0.019096987232881925
sign_test_og_cel0.1__norm_original_radius,original_radius,48,1.0,0.8,0.5,0.0,6.097972869873047,8.783082469379224,2.7667973041534424,3.7789340019226074,0.001426276983693242,0.5189723968505859,0.8963917035634091,4812346,chunk_19,40.56901931762695,52.364280700683594,0.774746298789978,230.77911376953125,230.77911376953125,4.407186031341553,0.019096987232881925
sign_test_og_cel0.1__norm_original_radius,original_radius,48,1.0,0.8,1.0,0.0,4.585716724395752,7.903587842375913,3.3200058937072754,5.622954368591309,0.001426276983693242,0.5189723968505859,0.8963917035634091,4812346,chunk_19,40.56901931762695,52.364280700683594,0.774746298789978,230.77911376953125,230.77911376953125,4.407186031341553,0.019096987232881925
sign_test_og_cel0.1__norm_original_radius,original_radius,48,1.0,0.8,1.5,0.0,3.8396761417388916,6.821436008165705,3.659395217895508,6.915700912475586,0.001426276983693242,0.5189723968505859,0.8963917035634091,4812346,chunk_19,40.56901931762695,52.364280700683594,0.774746298789978,230.77911376953125,230.77911376953125,4.407186031341553,0.019096987232881925
sign_test_og_cel0.1__norm_original_radius,original_radius,48,1.0,1.0,0.1,0.0,7.827290058135986,9.399209265200511,2.524998426437378,2.6207387447357178,0.001426276983693242,0.5189723968505859,0.8963917035634091,4812346,chunk_19,40.56901931762695,52.364280700683594,0.774746298789978,230.77911376953125,230.77911376953125,4.407186031341553,0.019096987232881925
sign_test_og_cel0.1__norm_original_radius,original_radius,48,1.0,1.0,0.5,0.0,6.588303089141846,10.173592543201096,3.153637170791626,4.431434631347656,0.001426276983693242,0.5189723968505859,0.8963917035634091,4812346,chunk_19,40.56901931762695,52.364280700683594,0.774746298789978,230.77911376953125,230.77911376953125,4.407186031341553,0.019096987232881925
sign_test_og_cel0.1__norm_original_radius,original_radius,48,1.0,1.0,1.0,0.0,4.7881598472595215,8.9011806561236,3.8685739040374756,6.816598415374756,0.001426276983693242,0.5189723968505859,0.8963917035634091,4812346,chunk_19,40.56901931762695,52.364280700683594,0.774746298789978,230.77911376953125,230.77911376953125,4.407186031341553,0.019096987232881925
sign_test_og_cel0.1__norm_original_radius,original_radius,48,1.0,1.0,1.5,0.0,4.881875514984131,7.50913435726352,4.299849987030029,8.490310668945312,0.001426276983693242,0.5189723968505859,0.8963917035634091,4812346,chunk_19,40.56901931762695,52.364280700683594,0.774746298789978,230.77911376953125,230.77911376953125,4.407186031341553,0.019096987232881925
sign_test_og_cel0.2__norm_original_radius,original_radius,48,1.0,0.6,0.1,0.0,5.134876728057861,6.305083447857612,1.9360573291778564,1.9949488639831543,0.0010533130262047052,0.38326382637023926,0.8963917035634091,4812346,chunk_19,27.86663818359375,52.364280700683594,0.5321679711341858,230.77911376953125,230.77911376953125,4.407186031341553,0.019096987232881925
sign_test_og_cel0.2__norm_original_radius,original_radius,48,1.0,0.6,0.5,0.0,5.332029819488525,9.497617034748373,2.3090579509735107,3.0385279655456543,0.0010533130262047052,0.38326382637023926,0.8963917035634091,4812346,chunk_19,27.86663818359375,52.364280700683594,0.5321679711341858,230.77911376953125,230.77911376953125,4.407186031341553,0.019096987232881925
sign_test_og_cel0.2__norm_original_radius,original_radius,48,1.0,0.6,1.0,0.0,3.5594499111175537,7.664507472595357,2.7528162002563477,4.434197425842285,0.0010533130262047052,0.38326382637023926,0.8963917035634091,4812346,chunk_19,27.86663818359375,52.364280700683594,0.5321679711341858,230.77911376953125,230.77911376953125,4.407186031341553,0.019096987232881925
sign_test_og_cel0.2__norm_original_radius,original_radius,48,1.0,0.6,1.5,0.0,2.748098134994507,5.6980928843446,3.0370166301727295,5.438814163208008,0.0010533130262047052,0.38326382637023926,0.8963917035634091,4812346,chunk_19,27.86663818359375,52.364280700683594,0.5321679711341858,230.77911376953125,230.77911376953125,4.407186031341553,0.019096987232881925
sign_test_og_cel0.2__norm_original_radius,original_radius,48,1.0,0.8,0.1,0.0,5.934828758239746,7.27331231762264,2.0995376110076904,2.1666386127471924,0.0010533130262047052,0.38326382637023926,0.8963917035634091,4812346,chunk_19,27.86663818359375,52.364280700683594,0.5321679711341858,230.77911376953125,230.77911376953125,4.407186031341553,0.019096987232881925
sign_test_og_cel0.2__norm_original_radius,original_radius,48,1.0,0.8,0.5,0.0,5.405011177062988,8.866942097278326,2.5505244731903076,3.4308035373687744,0.0010533130262047052,0.38326382637023926,0.8963917035634091,4812346,chunk_19,27.86663818359375,52.364280700683594,0.5321679711341858,230.77911376953125,230.77911376953125,4.407186031341553,0.019096987232881925
sign_test_og_cel0.2__norm_original_radius,original_radius,48,1.0,0.8,1.0,0.0,4.521681785583496,7.330245197568729,3.093053102493286,5.157890796661377,0.0010533130262047052,0.38326382637023926,0.8963917035634091,4812346,chunk_19,27.86663818359375,52.364280700683594,0.5321679711341858,230.77911376953125,230.77911376953125,4.407186031341553,0.019096987232881925
sign_test_og_cel0.2__norm_original_radius,original_radius,48,1.0,0.8,1.5,0.0,3.8756680488586426,7.464139207335116,3.4381322860717773,6.409974575042725,0.0010533130262047052,0.38326382637023926,0.8963917035634091,4812346,chunk_19,27.86663818359375,52.364280700683594,0.5321679711341858,230.77911376953125,230.77911376953125,4.407186031341553,0.019096987232881925
sign_test_og_cel0.2__norm_original_radius,original_radius,48,1.0,1.0,0.1,0.0,7.7037763595581055,9.209751879413972,2.3574318885803223,2.437483549118042,0.0010533130262047052,0.38326382637023926,0.8963917035634091,4812346,chunk_19,27.86663818359375,52.364280700683594,0.5321679711341858,230.77911376953125,230.77911376953125,4.407186031341553,0.019096987232881925
sign_test_og_cel0.2__norm_original_radius,original_radius,48,1.0,1.0,0.5,0.0,6.26945686340332,9.688873853132677,2.9335081577301025,4.048658847808838,0.0010533130262047052,0.38326382637023926,0.8963917035634091,4812346,chunk_19,27.86663818359375,52.364280700683594,0.5321679711341858,230.77911376953125,230.77911376953125,4.407186031341553,0.019096987232881925
sign_test_og_cel0.2__norm_original_radius,original_radius,48,1.0,1.0,1.0,0.0,5.080417156219482,8.91752528161976,3.6242973804473877,6.281846046447754,0.0010533130262047052,0.38326382637023926,0.8963917035634091,4812346,chunk_19,27.86663818359375,52.364280700683594,0.5321679711341858,230.77911376953125,230.77911376953125,4.407186031341553,0.019096987232881925
sign_test_og_cel0.2__norm_original_radius,original_radius,48,1.0,1.0,1.5,0.0,4.625004768371582,8.468564097651921,4.054543972015381,7.903359413146973,0.0010533130262047052,0.38326382637023926,0.8963917035634091,4812346,chunk_19,27.86663818359375,52.364280700683594,0.5321679711341858,230.77911376953125,230.77911376953125,4.407186031341553,0.019096987232881925
sign_test_og_cel0.3__norm_original_radius,original_radius,48,1.0,0.6,0.1,0.0,5.016513824462891,6.164958616495596,1.8263578414916992,1.8817319869995117,0.0007004286744631827,0.2548615336418152,0.8963917035634091,4812346,chunk_19,27.636518478393555,52.364280700683594,0.5277743339538574,230.77911376953125,230.77911376953125,4.407186031341553,0.019096987232881925
sign_test_og_cel0.3__norm_original_radius,original_radius,48,1.0,0.6,0.5,0.0,5.380551815032959,9.730654094199224,2.1684086322784424,2.8474903106689453,0.0007004286744631827,0.2548615336418152,0.8963917035634091,4812346,chunk_19,27.636518478393555,52.364280700683594,0.5277743339538574,230.77911376953125,230.77911376953125,4.407186031341553,0.019096987232881925
sign_test_og_cel0.3__norm_original_radius,original_radius,48,1.0,0.6,1.0,0.0,3.7145845890045166,7.4989988640923,2.5716803073883057,4.131313323974609,0.0007004286744631827,0.2548615336418152,0.8963917035634091,4812346,chunk_19,27.636518478393555,52.364280700683594,0.5277743339538574,230.77911376953125,230.77911376953125,4.407186031341553,0.019096987232881925
sign_test_og_cel0.3__norm_original_radius,original_radius,48,1.0,0.6,1.5,0.0,2.5486695766448975,4.886956330185626,2.8299763202667236,5.053138256072998,0.0007004286744631827,0.2548615336418152,0.8963917035634091,4812346,chunk_19,27.636518478393555,52.364280700683594,0.5277743339538574,230.77911376953125,230.77911376953125,4.407186031341553,0.019096987232881925
sign_test_og_cel0.3__norm_original_radius,original_radius,48,1.0,0.8,0.1,0.0,5.93772029876709,7.276289207660454,1.990408182144165,2.0542969703674316,0.0007004286744631827,0.2548615336418152,0.8963917035634091,4812346,chunk_19,27.636518478393555,52.364280700683594,0.5277743339538574,230.77911376953125,230.77911376953125,4.407186031341553,0.019096987232881925
sign_test_og_cel0.3__norm_original_radius,original_radius,48,1.0,0.8,0.5,0.0,5.411078929901123,9.173347060064739,2.4022231101989746,3.2201454639434814,0.0007004286744631827,0.2548615336418152,0.8963917035634091,4812346,chunk_19,27.636518478393555,52.364280700683594,0.5277743339538574,230.77911376953125,230.77911376953125,4.407186031341553,0.019096987232881925
sign_test_og_cel0.3__norm_original_radius,original_radius,48,1.0,0.8,1.0,0.0,4.22123908996582,7.999665700370889,2.8909213542938232,4.796278476715088,0.0007004286744631827,0.2548615336418152,0.8963917035634091,4812346,chunk_19,27.636518478393555,52.364280700683594,0.5277743339538574,230.77911376953125,230.77911376953125,4.407186031341553,0.019096987232881925
sign_test_og_cel0.3__norm_original_radius,original_radius,48,1.0,0.8,1.5,0.0,4.098080158233643,7.025001140557492,3.200624465942383,5.937314510345459,0.0007004286744631827,0.2548615336418152,0.8963917035634091,4812346,chunk_19,27.636518478393555,52.364280700683594,0.5277743339538574,230.77911376953125,230.77911376953125,4.407186031341553,0.019096987232881925
sign_test_og_cel0.3__norm_original_radius,original_radius,48,1.0,1.0,0.1,0.0,7.42075777053833,9.205143649309676,2.2601656913757324,2.3381683826446533,0.0007004286744631827,0.2548615336418152,0.8963917035634091,4812346,chunk_19,27.636518478393555,52.364280700683594,0.5277743339538574,230.77911376953125,230.77911376953125,4.407186031341553,0.019096987232881925
sign_test_og_cel0.3__norm_original_radius,original_radius,48,1.0,1.0,0.5,0.0,6.054105758666992,9.036735307865172,2.7897210121154785,3.83709454536438,0.0007004286744631827,0.2548615336418152,0.8963917035634091,4812346,chunk_19,27.636518478393555,52.364280700683594,0.5277743339538574,230.77911376953125,230.77911376953125,4.407186031341553,0.019096987232881925
sign_test_og_cel0.3__norm_original_radius,original_radius,48,1.0,1.0,1.0,0.0,4.609978199005127,8.093093518351964,3.4101710319519043,5.874853134155273,0.0007004286744631827,0.2548615336418152,0.8963917035634091,4812346,chunk_19,27.636518478393555,52.364280700683594,0.5277743339538574,230.77911376953125,230.77911376953125,4.407186031341553,0.019096987232881925
sign_test_og_cel0.3__norm_original_radius,original_radius,48,1.0,1.0,1.5,0.0,4.65018892288208,8.351817453137187,3.7906532287597656,7.342823028564453,0.0007004286744631827,0.2548615336418152,0.8963917035634091,4812346,chunk_19,27.636518478393555,52.364280700683594,0.5277743339538574,230.77911376953125,230.77911376953125,4.407186031341553,0.019096987232881925
sign_test_og_cel0.4__norm_original_radius,original_radius,48,1.0,0.6,0.1,0.0,5.101895809173584,6.195879985791054,1.8780324459075928,1.933498501777649,0.00032361980993300676,0.11775396019220352,0.8963917035634091,4812346,chunk_19,26.977401733398438,52.364280700683594,0.5151875019073486,230.77911376953125,230.77911376953125,4.407186031341553,0.019096987232881925
sign_test_og_cel0.4__norm_original_radius,original_radius,48,1.0,0.6,0.5,0.0,5.189813137054443,9.296997947533367,2.229198455810547,2.91449236869812,0.00032361980993300676,0.11775396019220352,0.8963917035634091,4812346,chunk_19,26.977401733398438,52.364280700683594,0.5151875019073486,230.77911376953125,230.77911376953125,4.407186031341553,0.019096987232881925
sign_test_og_cel0.4__norm_original_radius,original_radius,48,1.0,0.6,1.0,0.0,3.55741286277771,7.4499173358486175,2.634859085083008,4.199371337890625,0.00032361980993300676,0.11775396019220352,0.8963917035634091,4812346,chunk_19,26.977401733398438,52.364280700683594,0.5151875019073486,230.77911376953125,230.77911376953125,4.407186031341553,0.019096987232881925
sign_test_og_cel0.4__norm_original_radius,original_radius,48,1.0,0.6,1.5,0.0,3.014117479324341,5.643128462650196,2.8856310844421387,5.1087260246276855,0.00032361980993300676,0.11775396019220352,0.8963917035634091,4812346,chunk_19,26.977401733398438,52.364280700683594,0.5151875019073486,230.77911376953125,230.77911376953125,4.407186031341553,0.019096987232881925
sign_test_og_cel0.4__norm_original_radius,original_radius,48,1.0,0.8,0.1,0.0,5.847352504730225,7.144981447862733,2.054542303085327,2.118304491043091,0.00032361980993300676,0.11775396019220352,0.8963917035634091,4812346,chunk_19,26.977401733398438,52.364280700683594,0.5151875019073486,230.77911376953125,230.77911376953125,4.407186031341553,0.019096987232881925
sign_test_og_cel0.4__norm_original_radius,original_radius,48,1.0,0.8,0.5,0.0,5.748256206512451,9.666006549634101,2.4719793796539307,3.2925403118133545,0.00032361980993300676,0.11775396019220352,0.8963917035634091,4812346,chunk_19,26.977401733398438,52.364280700683594,0.5151875019073486,230.77911376953125,230.77911376953125,4.407186031341553,0.019096987232881925
sign_test_og_cel0.4__norm_original_radius,original_radius,48,1.0,0.8,1.0,0.0,4.479953289031982,7.999604870535447,2.9540905952453613,4.85655403137207,0.00032361980993300676,0.11775396019220352,0.8963917035634091,4812346,chunk_19,26.977401733398438,52.364280700683594,0.5151875019073486,230.77911376953125,230.77911376953125,4.407186031341553,0.019096987232881925
sign_test_og_cel0.4__norm_original_radius,original_radius,48,1.0,0.8,1.5,0.0,2.3295798301696777,3.6387151934320343,3.24920392036438,5.977821350097656,0.00032361980993300676,0.11775396019220352,0.8963917035634091,4812346,chunk_19,26.977401733398438,52.364280700683594,0.5151875019073486,230.77911376953125,230.77911376953125,4.407186031341553,0.019096987232881925
sign_test_og_cel0.4__norm_original_radius,original_radius,48,1.0,1.0,0.1,0.0,7.268185138702393,9.040175761425964,2.3408658504486084,2.418832540512085,0.00032361980993300676,0.11775396019220352,0.8963917035634091,4812346,chunk_19,26.977401733398438,52.364280700683594,0.5151875019073486,230.77911376953125,230.77911376953125,4.407186031341553,0.019096987232881925
sign_test_og_cel0.4__norm_original_radius,original_radius,48,1.0,1.0,0.5,0.0,5.886407375335693,7.616639347947967,2.8682920932769775,3.9147844314575195,0.00032361980993300676,0.11775396019220352,0.8963917035634091,4812346,chunk_19,26.977401733398438,52.364280700683594,0.5151875019073486,230.77911376953125,230.77911376953125,4.407186031341553,0.019096987232881925
sign_test_og_cel0.4__norm_original_radius,original_radius,48,1.0,1.0,1.0,0.0,5.091826438903809,8.722309588604588,3.461472988128662,5.908315658569336,0.00032361980993300676,0.11775396019220352,0.8963917035634091,4812346,chunk_19,26.977401733398438,52.364280700683594,0.5151875019073486,230.77911376953125,230.77911376953125,4.407186031341553,0.019096987232881925
sign_test_og_cel0.4__norm_original_radius,original_radius,48,1.0,1.0,1.5,0.0,4.431374549865723,7.911817261808324,3.8129043579101562,7.331116676330566,0.00032361980993300676,0.11775396019220352,0.8963917035634091,4812346,chunk_19,26.977401733398438,52.364280700683594,0.5151875019073486,230.77911376953125,230.77911376953125,4.407186031341553,0.019096987232881925
sign_test_og_cel0.5__norm_original_radius,original_radius,48,1.0,0.6,0.1,0.0,5.255908489227295,6.287099166403745,1.908017873764038,1.9673856496810913,2.0720208340208046e-05,0.007539360783994198,0.8963917035634091,4812346,chunk_19,28.629838943481445,52.364280700683594,0.5467433929443359,230.77911376953125,230.77911376953125,4.407186031341553,0.019096987232881925
sign_test_og_cel0.5__norm_original_radius,original_radius,48,1.0,0.6,0.5,0.0,4.83771276473999,8.425020579072417,2.2893662452697754,3.0244932174682617,2.0720208340208046e-05,0.007539360783994198,0.8963917035634091,4812346,chunk_19,28.629838943481445,52.364280700683594,0.5467433929443359,230.77911376953125,230.77911376953125,4.407186031341553,0.019096987232881925
sign_test_og_cel0.5__norm_original_radius,original_radius,48,1.0,0.6,1.0,0.0,2.8957877159118652,5.272509772962724,2.7099273204803467,4.37348747253418,2.0720208340208046e-05,0.007539360783994198,0.8963917035634091,4812346,chunk_19,28.629838943481445,52.364280700683594,0.5467433929443359,230.77911376953125,230.77911376953125,4.407186031341553,0.019096987232881925
sign_test_og_cel0.5__norm_original_radius,original_radius,48,1.0,0.6,1.5,0.0,3.7720463275909424,7.163769918831349,2.958601236343384,5.312205791473389,2.0720208340208046e-05,0.007539360783994198,0.8963917035634091,4812346,chunk_19,28.629838943481445,52.364280700683594,0.5467433929443359,230.77911376953125,230.77911376953125,4.407186031341553,0.019096987232881925
sign_test_og_cel0.5__norm_original_radius,original_radius,48,1.0,0.8,0.1,0.0,6.041325092315674,7.279021580482372,2.0946054458618164,2.1643707752227783,2.0720208340208046e-05,0.007539360783994198,0.8963917035634091,4812346,chunk_19,28.629838943481445,52.364280700683594,0.5467433929443359,230.77911376953125,230.77911376953125,4.407186031341553,0.019096987232881925
sign_test_og_cel0.5__norm_original_radius,original_radius,48,1.0,0.8,0.5,0.0,5.376335620880127,9.286613073633816,2.556570291519165,3.4530911445617676,2.0720208340208046e-05,0.007539360783994198,0.8963917035634091,4812346,chunk_19,28.629838943481445,52.364280700683594,0.5467433929443359,230.77911376953125,230.77911376953125,4.407186031341553,0.019096987232881925
sign_test_og_cel0.5__norm_original_radius,original_radius,48,1.0,0.8,1.0,0.0,4.234889984130859,6.548096975024748,3.061117649078369,5.110694408416748,2.0720208340208046e-05,0.007539360783994198,0.8963917035634091,4812346,chunk_19,28.629838943481445,52.364280700683594,0.5467433929443359,230.77911376953125,230.77911376953125,4.407186031341553,0.019096987232881925
sign_test_og_cel0.5__norm_original_radius,original_radius,48,1.0,0.8,1.5,0.0,3.4538159370422363,6.502380326352139,3.3567121028900146,6.271670341491699,2.0720208340208046e-05,0.007539360783994198,0.8963917035634091,4812346,chunk_19,28.629838943481445,52.364280700683594,0.5467433929443359,230.77911376953125,230.77911376953125,4.407186031341553,0.019096987232881925
sign_test_og_cel0.5__norm_original_radius,original_radius,48,1.0,1.0,0.1,0.0,7.5646138191223145,9.139269815812185,2.394896984100342,2.482297420501709,2.0720208340208046e-05,0.007539360783994198,0.8963917035634091,4812346,chunk_19,28.629838943481445,52.364280700683594,0.5467433929443359,230.77911376953125,230.77911376953125,4.407186031341553,0.019096987232881925
sign_test_og_cel0.5__norm_original_radius,original_radius,48,1.0,1.0,0.5,0.0,5.900547027587891,10.061064629659882,2.988006353378296,4.147609710693359,2.0720208340208046e-05,0.007539360783994198,0.8963917035634091,4812346,chunk_19,28.629838943481445,52.364280700683594,0.5467433929443359,230.77911376953125,230.77911376953125,4.407186031341553,0.019096987232881925
sign_test_og_cel0.5__norm_original_radius,original_radius,48,1.0,1.0,1.0,0.0,5.173707962036133,7.525900824236437,3.615638256072998,6.280266761779785,2.0720208340208046e-05,0.007539360783994198,0.8963917035634091,4812346,chunk_19,28.629838943481445,52.364280700683594,0.5467433929443359,230.77911376953125,230.77911376953125,4.407186031341553,0.019096987232881925
sign_test_og_cel0.5__norm_original_radius,original_radius,48,1.0,1.0,1.5,0.0,4.63779354095459,8.238395148685129,3.971719980239868,7.762753486633301,2.0720208340208046e-05,0.007539360783994198,0.8963917035634091,4812346,chunk_19,28.629838943481445,52.364280700683594,0.5467433929443359,230.77911376953125,230.77911376953125,4.407186031341553,0.019096987232881925
sign_test_og_cel0.6__norm_original_radius,original_radius,48,1.0,0.6,0.1,0.0,5.20676326751709,6.225541138600192,1.9268559217453003,1.9871007204055786,-0.00033259144402109087,-0.1210184171795845,0.8963917035634091,4812346,chunk_19,28.161279678344727,52.364280700683594,0.5377964377403259,230.77911376953125,230.77911376953125,4.407186031341553,0.019096987232881925
sign_test_og_cel0.6__norm_original_radius,original_radius,48,1.0,0.6,0.5,0.0,5.148900985717773,8.986209600776732,2.307898998260498,3.045950174331665,-0.00033259144402109087,-0.1210184171795845,0.8963917035634091,4812346,chunk_19,28.161279678344727,52.364280700683594,0.5377964377403259,230.77911376953125,230.77911376953125,4.407186031341553,0.019096987232881925
sign_test_og_cel0.6__norm_original_radius,original_radius,48,1.0,0.6,1.0,0.0,3.8152730464935303,6.586271241687427,2.7281126976013184,4.394411087036133,-0.00033259144402109087,-0.1210184171795845,0.8963917035634091,4812346,chunk_19,28.161279678344727,52.364280700683594,0.5377964377403259,230.77911376953125,230.77911376953125,4.407186031341553,0.019096987232881925
sign_test_og_cel0.6__norm_original_radius,original_radius,48,1.0,0.6,1.5,0.0,3.682422161102295,7.12456982000333,2.980475902557373,5.338998794555664,-0.00033259144402109087,-0.1210184171795845,0.8963917035634091,4812346,chunk_19,28.161279678344727,52.364280700683594,0.5377964377403259,230.77911376953125,230.77911376953125,4.407186031341553,0.019096987232881925
sign_test_og_cel0.6__norm_original_radius,original_radius,48,1.0,0.8,0.1,0.0,5.912623882293701,7.13983160853013,2.1127772331237793,2.1844258308410645,-0.00033259144402109087,-0.1210184171795845,0.8963917035634091,4812346,chunk_19,28.161279678344727,52.364280700683594,0.5377964377403259,230.77911376953125,230.77911376953125,4.407186031341553,0.019096987232881925
sign_test_og_cel0.6__norm_original_radius,original_radius,48,1.0,0.8,0.5,0.0,5.040124893188477,8.427179396304382,2.5731937885284424,3.476416826248169,-0.00033259144402109087,-0.1210184171795845,0.8963917035634091,4812346,chunk_19,28.161279678344727,52.364280700683594,0.5377964377403259,230.77911376953125,230.77911376953125,4.407186031341553,0.019096987232881925
sign_test_og_cel0.6__norm_original_radius,original_radius,48,1.0,0.8,1.0,0.0,4.219529628753662,7.736440044298546,3.0774972438812256,5.126243591308594,-0.00033259144402109087,-0.1210184171795845,0.8963917035634091,4812346,chunk_19,28.161279678344727,52.364280700683594,0.5377964377403259,230.77911376953125,230.77911376953125,4.407186031341553,0.019096987232881925
sign_test_og_cel0.6__norm_original_radius,original_radius,48,1.0,0.8,1.5,0.0,3.1682236194610596,6.355026973769782,3.3754830360412598,6.2828369140625,-0.00033259144402109087,-0.1210184171795845,0.8963917035634091,4812346,chunk_19,28.161279678344727,52.364280700683594,0.5377964377403259,230.77911376953125,230.77911376953125,4.407186031341553,0.019096987232881925
sign_test_og_cel0.6__norm_original_radius,original_radius,48,1.0,1.0,0.1,0.0,7.546141147613525,9.075668410072296,2.428004264831543,2.5188660621643066,-0.00033259144402109087,-0.1210184171795845,0.8963917035634091,4812346,chunk_19,28.161279678344727,52.364280700683594,0.5377964377403259,230.77911376953125,230.77911376953125,4.407186031341553,0.019096987232881925
sign_test_og_cel0.6__norm_original_radius,original_radius,48,1.0,1.0,0.5,0.0,6.163013935089111,9.653813026407818,3.0153000354766846,4.181556701660156,-0.00033259144402109087,-0.1210184171795845,0.8963917035634091,4812346,chunk_19,28.161279678344727,52.364280700683594,0.5377964377403259,230.77911376953125,230.77911376953125,4.407186031341553,0.019096987232881925
sign_test_og_cel0.6__norm_original_radius,original_radius,48,1.0,1.0,1.0,0.0,5.042738914489746,8.251287856405987,3.6368794441223145,6.287285327911377,-0.00033259144402109087,-0.1210184171795845,0.8963917035634091,4812346,chunk_19,28.161279678344727,52.364280700683594,0.5377964377403259,230.77911376953125,230.77911376953125,4.407186031341553,0.019096987232881925
sign_test_og_cel0.6__norm_original_radius,original_radius,48,1.0,1.0,1.5,0.0,4.518394947052002,8.35405382346432,3.9873170852661133,7.7520527839660645,-0.00033259144402109087,-0.1210184171795845,0.8963917035634091,4812346,chunk_19,28.161279678344727,52.364280700683594,0.5377964377403259,230.77911376953125,230.77911376953125,4.407186031341553,0.019096987232881925
sign_test_og_cel0.7__norm_original_radius,original_radius,48,1.0,0.6,0.1,0.0,5.519028186798096,6.652071448268316,1.8789806365966797,1.9409199953079224,-0.0006718048825860023,-0.2444463074207306,0.8963917035634091,4812346,chunk_19,28.143329620361328,52.364280700683594,0.5374524593353271,230.77911376953125,230.77911376953125,4.407186031341553,0.019096987232881925
sign_test_og_cel0.7__norm_original_radius,original_radius,48,1.0,0.6,0.5,0.0,5.216752529144287,8.92040378165893,2.2747080326080322,3.035625457763672,-0.0006718048825860023,-0.2444463074207306,0.8963917035634091,4812346,chunk_19,28.143329620361328,52.364280700683594,0.5374524593353271,230.77911376953125,230.77911376953125,4.407186031341553,0.019096987232881925
sign_test_og_cel0.7__norm_original_radius,original_radius,48,1.0,0.6,1.0,0.0,3.8087313175201416,7.44895063116744,2.7118351459503174,4.439823627471924,-0.0006718048825860023,-0.2444463074207306,0.8963917035634091,4812346,chunk_19,28.143329620361328,52.364280700683594,0.5374524593353271,230.77911376953125,230.77911376953125,4.407186031341553,0.019096987232881925
sign_test_og_cel0.7__norm_original_radius,original_radius,48,1.0,0.6,1.5,0.0,3.1724131107330322,5.400565102639575,2.986056089401245,5.437960624694824,-0.0006718048825860023,-0.2444463074207306,0.8963917035634091,4812346,chunk_19,28.143329620361328,52.364280700683594,0.5374524593353271,230.77911376953125,230.77911376953125,4.407186031341553,0.019096987232881925
sign_test_og_cel0.7__norm_original_radius,original_radius,48,1.0,0.8,0.1,0.0,6.360928535461426,7.621240213911733,2.075453996658325,2.1515800952911377,-0.0006718048825860023,-0.2444463074207306,0.8963917035634091,4812346,chunk_19,28.143329620361328,52.364280700683594,0.5374524593353271,230.77911376953125,230.77911376953125,4.407186031341553,0.019096987232881925
sign_test_og_cel0.7__norm_original_radius,original_radius,48,1.0,0.8,0.5,0.0,6.214007377624512,10.105375933804865,2.5547492504119873,3.4949681758880615,-0.0006718048825860023,-0.2444463074207306,0.8963917035634091,4812346,chunk_19,28.143329620361328,52.364280700683594,0.5374524593353271,230.77911376953125,230.77911376953125,4.407186031341553,0.019096987232881925
sign_test_og_cel0.7__norm_original_radius,original_radius,48,1.0,0.8,1.0,0.0,5.458517551422119,9.33310600356208,3.0787110328674316,5.208606719970703,-0.0006718048825860023,-0.2444463074207306,0.8963917035634091,4812346,chunk_19,28.143329620361328,52.364280700683594,0.5374524593353271,230.77911376953125,230.77911376953125,4.407186031341553,0.019096987232881925
sign_test_og_cel0.7__norm_original_radius,original_radius,48,1.0,0.8,1.5,0.0,4.157918930053711,6.662292591565574,3.40136981010437,6.424333572387695,-0.0006718048825860023,-0.2444463074207306,0.8963917035634091,4812346,chunk_19,28.143329620361328,52.364280700683594,0.5374524593353271,230.77911376953125,230.77911376953125,4.407186031341553,0.019096987232881925
sign_test_og_cel0.7__norm_original_radius,original_radius,48,1.0,1.0,0.1,0.0,7.997834205627441,9.620592156370265,2.4187912940979004,2.519474983215332,-0.0006718048825860023,-0.2444463074207306,0.8963917035634091,4812346,chunk_19,28.143329620361328,52.364280700683594,0.5374524593353271,230.77911376953125,230.77911376953125,4.407186031341553,0.019096987232881925
sign_test_og_cel0.7__norm_original_radius,original_radius,48,1.0,1.0,0.5,0.0,6.795482635498047,10.762097620774155,3.0363011360168457,4.271574020385742,-0.0006718048825860023,-0.2444463074207306,0.8963917035634091,4812346,chunk_19,28.143329620361328,52.364280700683594,0.5374524593353271,230.77911376953125,230.77911376953125,4.407186031341553,0.019096987232881925
sign_test_og_cel0.7__norm_original_radius,original_radius,48,1.0,1.0,1.0,0.0,5.852502822875977,9.843431618952408,3.6836049556732178,6.467058181762695,-0.0006718048825860023,-0.2444463074207306,0.8963917035634091,4812346,chunk_19,28.143329620361328,52.364280700683594,0.5374524593353271,230.77911376953125,230.77911376953125,4.407186031341553,0.019096987232881925
sign_test_og_cel0.7__norm_original_radius,original_radius,48,1.0,1.0,1.5,0.0,4.091492652893066,7.978044867239078,4.0657548904418945,8.00495719909668,-0.0006718048825860023,-0.2444463074207306,0.8963917035634091,4812346,chunk_19,28.143329620361328,52.364280700683594,0.5374524593353271,230.77911376953125,230.77911376953125,4.407186031341553,0.019096987232881925
sign_test_og_cel0.8__norm_original_radius,original_radius,48,1.0,0.6,0.1,0.0,5.123773097991943,6.31352338270629,1.7234655618667603,1.7794984579086304,-0.0010298158740624785,-0.37471407651901245,0.8963917035634091,4812346,chunk_19,36.7294921875,52.364280700683594,0.7014214396476746,230.77911376953125,230.77911376953125,4.407186031341553,0.019096987232881925
sign_test_og_cel0.8__norm_original_radius,original_radius,48,1.0,0.6,0.5,0.0,4.927005290985107,9.329523246435201,2.070315361022949,2.750657558441162,-0.0010298158740624785,-0.37471407651901245,0.8963917035634091,4812346,chunk_19,36.7294921875,52.364280700683594,0.7014214396476746,230.77911376953125,230.77911376953125,4.407186031341553,0.019096987232881925
sign_test_og_cel0.8__norm_original_radius,original_radius,48,1.0,0.6,1.0,0.0,3.176919937133789,6.125196606180964,2.47369122505188,4.037881374359131,-0.0010298158740624785,-0.37471407651901245,0.8963917035634091,4812346,chunk_19,36.7294921875,52.364280700683594,0.7014214396476746,230.77911376953125,230.77911376953125,4.407186031341553,0.019096987232881925
sign_test_og_cel0.8__norm_original_radius,original_radius,48,1.0,0.6,1.5,0.0,3.1525697708129883,5.554772352533732,2.7340595722198486,4.94973087310791,-0.0010298158740624785,-0.37471407651901245,0.8963917035634091,4812346,chunk_19,36.7294921875,52.364280700683594,0.7014214396476746,230.77911376953125,230.77911376953125,4.407186031341553,0.019096987232881925
sign_test_og_cel0.8__norm_original_radius,original_radius,48,1.0,0.8,0.1,0.0,5.9303717613220215,7.228917197181481,1.889762043952942,1.9578102827072144,-0.0010298158740624785,-0.37471407651901245,0.8963917035634091,4812346,chunk_19,36.7294921875,52.364280700683594,0.7014214396476746,230.77911376953125,230.77911376953125,4.407186031341553,0.019096987232881925
sign_test_og_cel0.8__norm_original_radius,original_radius,48,1.0,0.8,0.5,0.0,5.529069423675537,9.458691127503414,2.3060758113861084,3.132699728012085,-0.0010298158740624785,-0.37471407651901245,0.8963917035634091,4812346,chunk_19,36.7294921875,52.364280700683594,0.7014214396476746,230.77911376953125,230.77911376953125,4.407186031341553,0.019096987232881925
sign_test_og_cel0.8__norm_original_radius,original_radius,48,1.0,0.8,1.0,0.0,4.990537643432617,8.429930618963652,2.7952566146850586,4.7069783210754395,-0.0010298158740624785,-0.37471407651901245,0.8963917035634091,4812346,chunk_19,36.7294921875,52.364280700683594,0.7014214396476746,230.77911376953125,230.77911376953125,4.407186031341553,0.019096987232881925
sign_test_og_cel0.8__norm_original_radius,original_radius,48,1.0,0.8,1.5,0.0,3.617997884750366,7.203371091784902,3.110375165939331,5.831937313079834,-0.0010298158740624785,-0.37471407651901245,0.8963917035634091,4812346,chunk_19,36.7294921875,52.364280700683594,0.7014214396476746,230.77911376953125,230.77911376953125,4.407186031341553,0.019096987232881925
sign_test_og_cel0.8__norm_original_radius,original_radius,48,1.0,1.0,0.1,0.0,7.488018035888672,9.167831946701114,2.2395803928375244,2.3270511627197266,-0.0010298158740624785,-0.37471407651901245,0.8963917035634091,4812346,chunk_19,36.7294921875,52.364280700683594,0.7014214396476746,230.77911376953125,230.77911376953125,4.407186031341553,0.019096987232881925
sign_test_og_cel0.8__norm_original_radius,original_radius,48,1.0,1.0,0.5,0.0,6.063911437988281,9.422040129797097,2.7844972610473633,3.867570161819458,-0.0010298158740624785,-0.37471407651901245,0.8963917035634091,4812346,chunk_19,36.7294921875,52.364280700683594,0.7014214396476746,230.77911376953125,230.77911376953125,4.407186031341553,0.019096987232881925
sign_test_og_cel0.8__norm_original_radius,original_radius,48,1.0,1.0,1.0,0.0,5.166682720184326,8.290159081455272,3.4046714305877686,5.916305065155029,-0.0010298158740624785,-0.37471407651901245,0.8963917035634091,4812346,chunk_19,36.7294921875,52.364280700683594,0.7014214396476746,230.77911376953125,230.77911376953125,4.407186031341553,0.019096987232881925
sign_test_og_cel0.8__norm_original_radius,original_radius,48,1.0,1.0,1.5,0.0,3.0806047916412354,5.099993972077527,3.78897762298584,7.368292331695557,-0.0010298158740624785,-0.37471407651901245,0.8963917035634091,4812346,chunk_19,36.7294921875,52.364280700683594,0.7014214396476746,230.77911376953125,230.77911376953125,4.407186031341553,0.019096987232881925
sign_test_og_cel0.9__norm_original_radius,original_radius,48,1.0,0.6,0.1,0.0,5.405422687530518,6.530287301431997,1.8617552518844604,1.9228856563568115,-0.0014066247968003154,-0.5118216276168823,0.8963917035634091,4812346,chunk_19,45.01900100708008,52.364280700683594,0.8597275018692017,230.77911376953125,230.77911376953125,4.407186031341553,0.019096987232881925
sign_test_og_cel0.9__norm_original_radius,original_radius,48,1.0,0.6,0.5,0.0,5.455026626586914,9.736466971292202,2.2374935150146484,2.9654648303985596,-0.0014066247968003154,-0.5118216276168823,0.8963917035634091,4812346,chunk_19,45.01900100708008,52.364280700683594,0.8597275018692017,230.77911376953125,230.77911376953125,4.407186031341553,0.019096987232881925
sign_test_og_cel0.9__norm_original_radius,original_radius,48,1.0,0.6,1.0,0.0,3.8204991817474365,7.806711413931708,2.6870381832122803,4.361081123352051,-0.0014066247968003154,-0.5118216276168823,0.8963917035634091,4812346,chunk_19,45.01900100708008,52.364280700683594,0.8597275018692017,230.77911376953125,230.77911376953125,4.407186031341553,0.019096987232881925
sign_test_og_cel0.9__norm_original_radius,original_radius,48,1.0,0.6,1.5,0.0,3.4699456691741943,7.089494999511821,2.9799652099609375,5.357785224914551,-0.0014066247968003154,-0.5118216276168823,0.8963917035634091,4812346,chunk_19,45.01900100708008,52.364280700683594,0.8597275018692017,230.77911376953125,230.77911376953125,4.407186031341553,0.019096987232881925
sign_test_og_cel0.9__norm_original_radius,original_radius,48,1.0,0.8,0.1,0.0,6.2060112953186035,7.417710135972811,2.1183807849884033,2.196798086166382,-0.0014066247968003154,-0.5118216276168823,0.8963917035634091,4812346,chunk_19,45.01900100708008,52.364280700683594,0.8597275018692017,230.77911376953125,230.77911376953125,4.407186031341553,0.019096987232881925
sign_test_og_cel0.9__norm_original_radius,original_radius,48,1.0,0.8,0.5,0.0,5.426535606384277,7.819705904763623,2.586263418197632,3.508117437362671,-0.0014066247968003154,-0.5118216276168823,0.8963917035634091,4812346,chunk_19,45.01900100708008,52.364280700683594,0.8597275018692017,230.77911376953125,230.77911376953125,4.407186031341553,0.019096987232881925
sign_test_og_cel0.9__norm_original_radius,original_radius,48,1.0,0.8,1.0,0.0,4.561135768890381,8.284753379563227,3.134382963180542,5.260010242462158,-0.0014066247968003154,-0.5118216276168823,0.8963917035634091,4812346,chunk_19,45.01900100708008,52.364280700683594,0.8597275018692017,230.77911376953125,230.77911376953125,4.407186031341553,0.019096987232881925
sign_test_og_cel0.9__norm_original_radius,original_radius,48,1.0,0.8,1.5,0.0,3.4216718673706055,6.21196505318494,3.4798800945281982,6.511734962463379,-0.0014066247968003154,-0.5118216276168823,0.8963917035634091,4812346,chunk_19,45.01900100708008,52.364280700683594,0.8597275018692017,230.77911376953125,230.77911376953125,4.407186031341553,0.019096987232881925
sign_test_og_cel0.9__norm_original_radius,original_radius,48,1.0,1.0,0.1,0.0,7.692961692810059,9.152486194015353,2.7818222045898438,2.899630308151245,-0.0014066247968003154,-0.5118216276168823,0.8963917035634091,4812346,chunk_19,45.01900100708008,52.364280700683594,0.8597275018692017,230.77911376953125,230.77911376953125,4.407186031341553,0.019096987232881925
sign_test_og_cel0.9__norm_original_radius,original_radius,48,1.0,1.0,0.5,0.0,5.930240631103516,9.871018582226498,3.4469857215881348,4.857669353485107,-0.0014066247968003154,-0.5118216276168823,0.8963917035634091,4812346,chunk_19,45.01900100708008,52.364280700683594,0.8597275018692017,230.77911376953125,230.77911376953125,4.407186031341553,0.019096987232881925
sign_test_og_cel0.9__norm_original_radius,original_radius,48,1.0,1.0,1.0,0.0,4.7862162590026855,8.97450445560165,4.110287189483643,7.225551605224609,-0.0014066247968003154,-0.5118216276168823,0.8963917035634091,4812346,chunk_19,45.01900100708008,52.364280700683594,0.8597275018692017,230.77911376953125,230.77911376953125,4.407186031341553,0.019096987232881925
sign_test_og_cel0.9__norm_original_radius,original_radius,48,1.0,1.0,1.5,0.0,3.352621555328369,5.610242534892052,4.476670265197754,8.80953311920166,-0.0014066247968003154,-0.5118216276168823,0.8963917035634091,4812346,chunk_19,45.01900100708008,52.364280700683594,0.8597275018692017,230.77911376953125,230.77911376953125,4.407186031341553,0.019096987232881925
sign_test_og_cel1.0__norm_original_radius,original_radius,48,1.0,0.6,0.1,0.0,5.575523853302002,6.684812608748668,1.9180467128753662,1.9835326671600342,-0.001762926927767694,-0.6414675712585449,0.8963917035634091,4812346,chunk_19,54.15624237060547,52.364280700683594,1.0342210531234741,230.77911376953125,230.77911376953125,4.407186031341553,0.019096987232881925
sign_test_og_cel1.0__norm_original_radius,original_radius,48,1.0,0.6,0.5,0.0,5.401552200317383,9.47555025854421,2.299154758453369,3.0602688789367676,-0.001762926927767694,-0.6414675712585449,0.8963917035634091,4812346,chunk_19,54.15624237060547,52.364280700683594,1.0342210531234741,230.77911376953125,230.77911376953125,4.407186031341553,0.019096987232881925
sign_test_og_cel1.0__norm_original_radius,original_radius,48,1.0,0.6,1.0,0.0,4.082008361816406,6.787263545886037,2.759084463119507,4.508810520172119,-0.001762926927767694,-0.6414675712585449,0.8963917035634091,4812346,chunk_19,54.15624237060547,52.364280700683594,1.0342210531234741,230.77911376953125,230.77911376953125,4.407186031341553,0.019096987232881925
sign_test_og_cel1.0__norm_original_radius,original_radius,48,1.0,0.6,1.5,0.0,3.5128307342529297,6.881262573699132,3.062835454940796,5.533577919006348,-0.001762926927767694,-0.6414675712585449,0.8963917035634091,4812346,chunk_19,54.15624237060547,52.364280700683594,1.0342210531234741,230.77911376953125,230.77911376953125,4.407186031341553,0.019096987232881925
sign_test_og_cel1.0__norm_original_radius,original_radius,48,1.0,0.8,0.1,0.0,6.511105060577393,7.742417774716255,2.22159481048584,2.3076040744781494,-0.001762926927767694,-0.6414675712585449,0.8963917035634091,4812346,chunk_19,54.15624237060547,52.364280700683594,1.0342210531234741,230.77911376953125,230.77911376953125,4.407186031341553,0.019096987232881925
sign_test_og_cel1.0__norm_original_radius,original_radius,48,1.0,0.8,0.5,0.0,5.69305419921875,9.601817344152618,2.702946662902832,3.6971662044525146,-0.001762926927767694,-0.6414675712585449,0.8963917035634091,4812346,chunk_19,54.15624237060547,52.364280700683594,1.0342210531234741,230.77911376953125,230.77911376953125,4.407186031341553,0.019096987232881925
sign_test_og_cel1.0__norm_original_radius,original_radius,48,1.0,0.8,1.0,0.0,3.9827938079833984,6.617357345312996,3.2667996883392334,5.547093391418457,-0.001762926927767694,-0.6414675712585449,0.8963917035634091,4812346,chunk_19,54.15624237060547,52.364280700683594,1.0342210531234741,230.77911376953125,230.77911376953125,4.407186031341553,0.019096987232881925
sign_test_og_cel1.0__norm_original_radius,original_radius,48,1.0,0.8,1.5,0.0,3.368046998977661,5.283175419602159,3.621250629425049,6.838452339172363,-0.001762926927767694,-0.6414675712585449,0.8963917035634091,4812346,chunk_19,54.15624237060547,52.364280700683594,1.0342210531234741,230.77911376953125,230.77911376953125,4.407186031341553,0.019096987232881925
sign_test_og_cel1.0__norm_original_radius,original_radius,48,1.0,1.0,0.1,0.0,6.449642181396484,7.816534653324894,3.2582414150238037,3.631096124649048,-0.001762926927767694,-0.6414675712585449,0.8963917035634091,4812346,chunk_19,54.15624237060547,52.364280700683594,1.0342210531234741,230.77911376953125,230.77911376953125,4.407186031341553,0.019096987232881925
sign_test_og_cel1.0__norm_original_radius,original_radius,48,1.0,1.0,0.5,0.0,6.052521228790283,8.849751207355155,3.9786269664764404,5.765814304351807,-0.001762926927767694,-0.6414675712585449,0.8963917035634091,4812346,chunk_19,54.15624237060547,52.364280700683594,1.0342210531234741,230.77911376953125,230.77911376953125,4.407186031341553,0.019096987232881925
sign_test_og_cel1.0__norm_original_radius,original_radius,48,1.0,1.0,1.0,0.0,4.175700664520264,6.960886166119483,4.534485340118408,8.214122772216797,-0.001762926927767694,-0.6414675712585449,0.8963917035634091,4812346,chunk_19,54.15624237060547,52.364280700683594,1.0342210531234741,230.77911376953125,230.77911376953125,4.407186031341553,0.019096987232881925
sign_test_og_cel1.0__norm_original_radius,original_radius,48,1.0,1.0,1.5,0.0,3.644726514816284,7.221265759635907,4.8385515213012695,9.767216682434082,-0.001762926927767694,-0.6414675712585449,0.8963917035634091,4812346,chunk_19,54.15624237060547,52.364280700683594,1.0342210531234741,230.77911376953125,230.77911376953125,4.407186031341553,0.019096987232881925
sign_test_og_cel0.06113256113256113__norm_original_radius,original_radius,49,1.0,0.6,0.1,0.0,6.296579837799072,7.224757079022311,2.144486427307129,2.2090227603912354,0.0015604243380948901,0.5677839517593384,0.8963917035634091,4912346,chunk_19,46.563560485839844,52.364280700683594,0.8892247080802917,230.77911376953125,230.77911376953125,4.407186031341553,0.019096987232881925
sign_test_og_cel0.06113256113256113__norm_original_radius,original_radius,49,1.0,0.6,0.5,0.0,5.7048821449279785,9.3903878000703,2.459615707397461,3.274064540863037,0.0015604243380948901,0.5677839517593384,0.8963917035634091,4912346,chunk_19,46.563560485839844,52.364280700683594,0.8892247080802917,230.77911376953125,230.77911376953125,4.407186031341553,0.019096987232881925
sign_test_og_cel0.06113256113256113__norm_original_radius,original_radius,49,1.0,0.6,1.0,0.0,4.06370735168457,7.728094626780148,2.7740299701690674,4.533936023712158,0.0015604243380948901,0.5677839517593384,0.8963917035634091,4912346,chunk_19,46.563560485839844,52.364280700683594,0.8892247080802917,230.77911376953125,230.77911376953125,4.407186031341553,0.019096987232881925
sign_test_og_cel0.06113256113256113__norm_original_radius,original_radius,49,1.0,0.6,1.5,0.0,3.3384947776794434,6.487451131869875,2.9828670024871826,5.423437595367432,0.0015604243380948901,0.5677839517593384,0.8963917035634091,4912346,chunk_19,46.563560485839844,52.364280700683594,0.8892247080802917,230.77911376953125,230.77911376953125,4.407186031341553,0.019096987232881925
sign_test_og_cel0.06113256113256113__norm_original_radius,original_radius,49,1.0,0.8,0.1,0.0,7.0188188552856445,8.204561297552559,2.3330206871032715,2.410332679748535,0.0015604243380948901,0.5677839517593384,0.8963917035634091,4912346,chunk_19,46.563560485839844,52.364280700683594,0.8892247080802917,230.77911376953125,230.77911376953125,4.407186031341553,0.019096987232881925
sign_test_og_cel0.06113256113256113__norm_original_radius,original_radius,49,1.0,0.8,0.5,0.0,5.367098808288574,8.665811340339275,2.7297093868255615,3.7184159755706787,0.0015604243380948901,0.5677839517593384,0.8963917035634091,4912346,chunk_19,46.563560485839844,52.364280700683594,0.8892247080802917,230.77911376953125,230.77911376953125,4.407186031341553,0.019096987232881925
sign_test_og_cel0.06113256113256113__norm_original_radius,original_radius,49,1.0,0.8,1.0,0.0,4.211652755737305,7.760841393274518,3.1222097873687744,5.284214019775391,0.0015604243380948901,0.5677839517593384,0.8963917035634091,4912346,chunk_19,46.563560485839844,52.364280700683594,0.8892247080802917,230.77911376953125,230.77911376953125,4.407186031341553,0.019096987232881925
sign_test_og_cel0.06113256113256113__norm_original_radius,original_radius,49,1.0,0.8,1.5,0.0,3.7402522563934326,7.543633760390254,3.3715832233428955,6.396153926849365,0.0015604243380948901,0.5677839517593384,0.8963917035634091,4912346,chunk_19,46.563560485839844,52.364280700683594,0.8892247080802917,230.77911376953125,230.77911376953125,4.407186031341553,0.019096987232881925
sign_test_og_cel0.06113256113256113__norm_original_radius,original_radius,49,1.0,1.0,0.1,0.0,7.520746231079102,9.130918438371282,2.6763298511505127,2.778266429901123,0.0015604243380948901,0.5677839517593384,0.8963917035634091,4912346,chunk_19,46.563560485839844,52.364280700683594,0.8892247080802917,230.77911376953125,230.77911376953125,4.407186031341553,0.019096987232881925
sign_test_og_cel0.06113256113256113__norm_original_radius,original_radius,49,1.0,1.0,0.5,0.0,5.9660115242004395,9.530587012179623,3.202493190765381,4.474979877471924,0.0015604243380948901,0.5677839517593384,0.8963917035634091,4912346,chunk_19,46.563560485839844,52.364280700683594,0.8892247080802917,230.77911376953125,230.77911376953125,4.407186031341553,0.019096987232881925
sign_test_og_cel0.06113256113256113__norm_original_radius,original_radius,49,1.0,1.0,1.0,0.0,4.489180088043213,8.403599944577365,3.705474615097046,6.512176990509033,0.0015604243380948901,0.5677839517593384,0.8963917035634091,4912346,chunk_19,46.563560485839844,52.364280700683594,0.8892247080802917,230.77911376953125,230.77911376953125,4.407186031341553,0.019096987232881925
sign_test_og_cel0.06113256113256113__norm_original_radius,original_radius,49,1.0,1.0,1.5,0.0,4.172818660736084,7.309437452539413,4.000594615936279,7.938850402832031,0.0015604243380948901,0.5677839517593384,0.8963917035634091,4912346,chunk_19,46.563560485839844,52.364280700683594,0.8892247080802917,230.77911376953125,230.77911376953125,4.407186031341553,0.019096987232881925
sign_test_og_cel0.0__norm_original_radius,original_radius,49,1.0,0.6,0.1,0.0,5.685406684875488,6.475029782362981,2.452069044113159,2.5866057872772217,0.001762926927767694,0.6414675712585449,0.8963917035634091,4912346,chunk_19,54.156253814697266,52.364280700683594,1.034220576286316,230.77911376953125,230.77911376953125,4.407186031341553,0.019096987232881925
sign_test_og_cel0.0__norm_original_radius,original_radius,49,1.0,0.6,0.5,0.0,5.482629299163818,8.79414910390426,2.937917709350586,3.9896464347839355,0.001762926927767694,0.6414675712585449,0.8963917035634091,4912346,chunk_19,54.156253814697266,52.364280700683594,1.034220576286316,230.77911376953125,230.77911376953125,4.407186031341553,0.019096987232881925
sign_test_og_cel0.0__norm_original_radius,original_radius,49,1.0,0.6,1.0,0.0,4.114083766937256,7.245445991308543,3.0425968170166016,5.010875225067139,0.001762926927767694,0.6414675712585449,0.8963917035634091,4912346,chunk_19,54.156253814697266,52.364280700683594,1.034220576286316,230.77911376953125,230.77911376953125,4.407186031341553,0.019096987232881925
sign_test_og_cel0.0__norm_original_radius,original_radius,49,1.0,0.6,1.5,0.0,2.9160244464874268,5.39591326923744,3.1431031227111816,5.7848005294799805,0.001762926927767694,0.6414675712585449,0.8963917035634091,4912346,chunk_19,54.156253814697266,52.364280700683594,1.034220576286316,230.77911376953125,230.77911376953125,4.407186031341553,0.019096987232881925
sign_test_og_cel0.0__norm_original_radius,original_radius,49,1.0,0.8,0.1,0.0,6.343047142028809,7.305785451345685,2.6476869583129883,2.810936450958252,0.001762926927767694,0.6414675712585449,0.8963917035634091,4912346,chunk_19,54.156253814697266,52.364280700683594,1.034220576286316,230.77911376953125,230.77911376953125,4.407186031341553,0.019096987232881925
sign_test_og_cel0.0__norm_original_radius,original_radius,49,1.0,0.8,0.5,0.0,5.071644306182861,8.20084682998936,3.2011001110076904,4.4449591636657715,0.001762926927767694,0.6414675712585449,0.8963917035634091,4912346,chunk_19,54.156253814697266,52.364280700683594,1.034220576286316,230.77911376953125,230.77911376953125,4.407186031341553,0.019096987232881925
sign_test_og_cel0.0__norm_original_radius,original_radius,49,1.0,0.8,1.0,0.0,4.410984516143799,7.108879684067233,3.380938768386841,5.777510166168213,0.001762926927767694,0.6414675712585449,0.8963917035634091,4912346,chunk_19,54.156253814697266,52.364280700683594,1.034220576286316,230.77911376953125,230.77911376953125,4.407186031341553,0.019096987232881925
sign_test_og_cel0.0__norm_original_radius,original_radius,49,1.0,0.8,1.5,0.0,3.085390567779541,5.468880279677194,3.5208017826080322,6.7404913902282715,0.001762926927767694,0.6414675712585449,0.8963917035634091,4912346,chunk_19,54.156253814697266,52.364280700683594,1.034220576286316,230.77911376953125,230.77911376953125,4.407186031341553,0.019096987232881925
sign_test_og_cel0.0__norm_original_radius,original_radius,49,1.0,1.0,0.1,0.0,7.196457862854004,8.388044491474801,2.9942712783813477,3.221531867980957,0.001762926927767694,0.6414675712585449,0.8963917035634091,4912346,chunk_19,54.156253814697266,52.364280700683594,1.034220576286316,230.77911376953125,230.77911376953125,4.407186031341553,0.019096987232881925
sign_test_og_cel0.0__norm_original_radius,original_radius,49,1.0,1.0,0.5,0.0,5.600292205810547,9.154286528727141,3.660961389541626,5.1932053565979,0.001762926927767694,0.6414675712585449,0.8963917035634091,4912346,chunk_19,54.156253814697266,52.364280700683594,1.034220576286316,230.77911376953125,230.77911376953125,4.407186031341553,0.019096987232881925
sign_test_og_cel0.0__norm_original_radius,original_radius,49,1.0,1.0,1.0,0.0,5.174701690673828,8.479873003928105,3.9411535263061523,6.954438209533691,0.001762926927767694,0.6414675712585449,0.8963917035634091,4912346,chunk_19,54.156253814697266,52.364280700683594,1.034220576286316,230.77911376953125,230.77911376953125,4.407186031341553,0.019096987232881925
sign_test_og_cel0.0__norm_original_radius,original_radius,49,1.0,1.0,1.5,0.0,3.7365188598632812,7.398598721167495,4.122010707855225,8.201189994812012,0.001762926927767694,0.6414675712585449,0.8963917035634091,4912346,chunk_19,54.156253814697266,52.364280700683594,1.034220576286316,230.77911376953125,230.77911376953125,4.407186031341553,0.019096987232881925
sign_test_og_cel0.1__norm_original_radius,original_radius,49,1.0,0.6,0.1,0.0,6.291421413421631,7.198913709149938,2.1101443767547607,2.1769256591796875,0.001426704227924347,0.5191277861595154,0.8963917035634091,4912346,chunk_19,43.19352722167969,52.364280700683594,0.8248674869537354,230.77911376953125,230.77911376953125,4.407186031341553,0.019096987232881925
sign_test_og_cel0.1__norm_original_radius,original_radius,49,1.0,0.6,0.5,0.0,5.560054779052734,9.195766854164503,2.460545301437378,3.2857651710510254,0.001426704227924347,0.5191277861595154,0.8963917035634091,4912346,chunk_19,43.19352722167969,52.364280700683594,0.8248674869537354,230.77911376953125,230.77911376953125,4.407186031341553,0.019096987232881925
sign_test_og_cel0.1__norm_original_radius,original_radius,49,1.0,0.6,1.0,0.0,3.2728729248046875,4.932138377327647,2.8011035919189453,4.568660259246826,0.001426704227924347,0.5191277861595154,0.8963917035634091,4912346,chunk_19,43.19352722167969,52.364280700683594,0.8248674869537354,230.77911376953125,230.77911376953125,4.407186031341553,0.019096987232881925
sign_test_og_cel0.1__norm_original_radius,original_radius,49,1.0,0.6,1.5,0.0,3.452166795730591,6.42776498443493,3.0061843395233154,5.460239410400391,0.001426704227924347,0.5191277861595154,0.8963917035634091,4912346,chunk_19,43.19352722167969,52.364280700683594,0.8248674869537354,230.77911376953125,230.77911376953125,4.407186031341553,0.019096987232881925
sign_test_og_cel0.1__norm_original_radius,original_radius,49,1.0,0.8,0.1,0.0,6.875643730163574,8.049253627667241,2.2916507720947266,2.3716158866882324,0.001426704227924347,0.5191277861595154,0.8963917035634091,4912346,chunk_19,43.19352722167969,52.364280700683594,0.8248674869537354,230.77911376953125,230.77911376953125,4.407186031341553,0.019096987232881925
sign_test_og_cel0.1__norm_original_radius,original_radius,49,1.0,0.8,0.5,0.0,5.665983200073242,7.905439059828041,2.7256689071655273,3.7261855602264404,0.001426704227924347,0.5191277861595154,0.8963917035634091,4912346,chunk_19,43.19352722167969,52.364280700683594,0.8248674869537354,230.77911376953125,230.77911376953125,4.407186031341553,0.019096987232881925
sign_test_og_cel0.1__norm_original_radius,original_radius,49,1.0,0.8,1.0,0.0,4.17592191696167,8.298814329645268,3.1450278759002686,5.319783687591553,0.001426704227924347,0.5191277861595154,0.8963917035634091,4912346,chunk_19,43.19352722167969,52.364280700683594,0.8248674869537354,230.77911376953125,230.77911376953125,4.407186031341553,0.019096987232881925
sign_test_og_cel0.1__norm_original_radius,original_radius,49,1.0,0.8,1.5,0.0,3.3865854740142822,6.256923030004373,3.391352891921997,6.435623645782471,0.001426704227924347,0.5191277861595154,0.8963917035634091,4912346,chunk_19,43.19352722167969,52.364280700683594,0.8248674869537354,230.77911376953125,230.77911376953125,4.407186031341553,0.019096987232881925
sign_test_og_cel0.1__norm_original_radius,original_radius,49,1.0,1.0,0.1,0.0,7.507811546325684,9.095778369347638,2.6132709980010986,2.7166783809661865,0.001426704227924347,0.5191277861595154,0.8963917035634091,4912346,chunk_19,43.19352722167969,52.364280700683594,0.8248674869537354,230.77911376953125,230.77911376953125,4.407186031341553,0.019096987232881925
sign_test_og_cel0.1__norm_original_radius,original_radius,49,1.0,1.0,0.5,0.0,6.087253570556641,10.005637954898702,3.1756443977355957,4.454722881317139,0.001426704227924347,0.5191277861595154,0.8963917035634091,4912346,chunk_19,43.19352722167969,52.364280700683594,0.8248674869537354,230.77911376953125,230.77911376953125,4.407186031341553,0.019096987232881925
sign_test_og_cel0.1__norm_original_radius,original_radius,49,1.0,1.0,1.0,0.0,4.659512519836426,8.630129438128023,3.7045254707336426,6.517526149749756,0.001426704227924347,0.5191277861595154,0.8963917035634091,4912346,chunk_19,43.19352722167969,52.364280700683594,0.8248674869537354,230.77911376953125,230.77911376953125,4.407186031341553,0.019096987232881925
sign_test_og_cel0.1__norm_original_radius,original_radius,49,1.0,1.0,1.5,0.0,3.9952993392944336,6.893416179756514,4.00234842300415,7.95526123046875,0.001426704227924347,0.5191277861595154,0.8963917035634091,4912346,chunk_19,43.19352722167969,52.364280700683594,0.8248674869537354,230.77911376953125,230.77911376953125,4.407186031341553,0.019096987232881925
sign_test_og_cel0.2__norm_original_radius,original_radius,49,1.0,0.6,0.1,0.0,6.241945266723633,7.170084357060205,2.272465944290161,2.34865665435791,0.0010785191552713513,0.3924354612827301,0.8963917035634091,4912346,chunk_19,36.97492980957031,52.364280700683594,0.7061086297035217,230.77911376953125,230.77911376953125,4.407186031341553,0.019096987232881925
sign_test_og_cel0.2__norm_original_radius,original_radius,49,1.0,0.6,0.5,0.0,5.838353633880615,9.369793585203524,2.6834795475006104,3.60408878326416,0.0010785191552713513,0.3924354612827301,0.8963917035634091,4912346,chunk_19,36.97492980957031,52.364280700683594,0.7061086297035217,230.77911376953125,230.77911376953125,4.407186031341553,0.019096987232881925
sign_test_og_cel0.2__norm_original_radius,original_radius,49,1.0,0.6,1.0,0.0,3.997270107269287,6.648317646444994,3.076023578643799,5.032884120941162,0.0010785191552713513,0.3924354612827301,0.8963917035634091,4912346,chunk_19,36.97492980957031,52.364280700683594,0.7061086297035217,230.77911376953125,230.77911376953125,4.407186031341553,0.019096987232881925
sign_test_og_cel0.2__norm_original_radius,original_radius,49,1.0,0.6,1.5,0.0,2.392754554748535,4.183096333719732,3.2929134368896484,6.0122294425964355,0.0010785191552713513,0.3924354612827301,0.8963917035634091,4912346,chunk_19,36.97492980957031,52.364280700683594,0.7061086297035217,230.77911376953125,230.77911376953125,4.407186031341553,0.019096987232881925
sign_test_og_cel0.2__norm_original_radius,original_radius,49,1.0,0.8,0.1,0.0,6.98723840713501,8.249673637944241,2.4854815006256104,2.57706356048584,0.0010785191552713513,0.3924354612827301,0.8963917035634091,4912346,chunk_19,36.97492980957031,52.364280700683594,0.7061086297035217,230.77911376953125,230.77911376953125,4.407186031341553,0.019096987232881925
sign_test_og_cel0.2__norm_original_radius,original_radius,49,1.0,0.8,0.5,0.0,5.29646635055542,8.88216317666371,2.9855096340179443,4.113739013671875,0.0010785191552713513,0.3924354612827301,0.8963917035634091,4912346,chunk_19,36.97492980957031,52.364280700683594,0.7061086297035217,230.77911376953125,230.77911376953125,4.407186031341553,0.019096987232881925
sign_test_og_cel0.2__norm_original_radius,original_radius,49,1.0,0.8,1.0,0.0,3.792224407196045,6.590538730459457,3.4583003520965576,5.89115571975708,0.0010785191552713513,0.3924354612827301,0.8963917035634091,4912346,chunk_19,36.97492980957031,52.364280700683594,0.7061086297035217,230.77911376953125,230.77911376953125,4.407186031341553,0.019096987232881925
sign_test_og_cel0.2__norm_original_radius,original_radius,49,1.0,0.8,1.5,0.0,2.1369264125823975,3.0625746285599575,3.716352701187134,7.115785121917725,0.0010785191552713513,0.3924354612827301,0.8963917035634091,4912346,chunk_19,36.97492980957031,52.364280700683594,0.7061086297035217,230.77911376953125,230.77911376953125,4.407186031341553,0.019096987232881925
sign_test_og_cel0.2__norm_original_radius,original_radius,49,1.0,1.0,0.1,0.0,7.882785797119141,9.540890547547804,2.8390626907348633,2.9563193321228027,0.0010785191552713513,0.3924354612827301,0.8963917035634091,4912346,chunk_19,36.97492980957031,52.364280700683594,0.7061086297035217,230.77911376953125,230.77911376953125,4.407186031341553,0.019096987232881925
sign_test_og_cel0.2__norm_original_radius,original_radius,49,1.0,1.0,0.5,0.0,6.122247219085693,10.381387731157872,3.467366933822632,4.926476001739502,0.0010785191552713513,0.3924354612827301,0.8963917035634091,4912346,chunk_19,36.97492980957031,52.364280700683594,0.7061086297035217,230.77911376953125,230.77911376953125,4.407186031341553,0.019096987232881925
sign_test_og_cel0.2__norm_original_radius,original_radius,49,1.0,1.0,1.0,0.0,4.823331832885742,8.628700626006475,4.042776107788086,7.188909530639648,0.0010785191552713513,0.3924354612827301,0.8963917035634091,4912346,chunk_19,36.97492980957031,52.364280700683594,0.7061086297035217,230.77911376953125,230.77911376953125,4.407186031341553,0.019096987232881925
sign_test_og_cel0.2__norm_original_radius,original_radius,49,1.0,1.0,1.5,0.0,3.491331100463867,6.392981927879191,4.345639705657959,8.722342491149902,0.0010785191552713513,0.3924354612827301,0.8963917035634091,4912346,chunk_19,36.97492980957031,52.364280700683594,0.7061086297035217,230.77911376953125,230.77911376953125,4.407186031341553,0.019096987232881925
sign_test_og_cel0.3__norm_original_radius,original_radius,49,1.0,0.6,0.1,0.0,5.744459629058838,6.6094496078158045,2.178201913833618,2.2508203983306885,0.00075938506051898,0.2763137221336365,0.8963917035634091,4912346,chunk_19,25.227453231811523,52.364280700683594,0.4817679524421692,230.77911376953125,230.77911376953125,4.407186031341553,0.019096987232881925
sign_test_og_cel0.3__norm_original_radius,original_radius,49,1.0,0.6,0.5,0.0,5.1752214431762695,7.781286689179694,2.61407470703125,3.506322145462036,0.00075938506051898,0.2763137221336365,0.8963917035634091,4912346,chunk_19,25.227453231811523,52.364280700683594,0.4817679524421692,230.77911376953125,230.77911376953125,4.407186031341553,0.019096987232881925
sign_test_og_cel0.3__norm_original_radius,original_radius,49,1.0,0.6,1.0,0.0,3.65101957321167,7.083201591965917,3.0574541091918945,4.97890567779541,0.00075938506051898,0.2763137221336365,0.8963917035634091,4912346,chunk_19,25.227453231811523,52.364280700683594,0.4817679524421692,230.77911376953125,230.77911376953125,4.407186031341553,0.019096987232881925
sign_test_og_cel0.3__norm_original_radius,original_radius,49,1.0,0.6,1.5,0.0,3.121875286102295,5.630912130772231,3.2962207794189453,5.989426612854004,0.00075938506051898,0.2763137221336365,0.8963917035634091,4912346,chunk_19,25.227453231811523,52.364280700683594,0.4817679524421692,230.77911376953125,230.77911376953125,4.407186031341553,0.019096987232881925
sign_test_og_cel0.3__norm_original_radius,original_radius,49,1.0,0.8,0.1,0.0,6.56269645690918,7.6756846716431255,2.369598865509033,2.455548048019409,0.00075938506051898,0.2763137221336365,0.8963917035634091,4912346,chunk_19,25.227453231811523,52.364280700683594,0.4817679524421692,230.77911376953125,230.77911376953125,4.407186031341553,0.019096987232881925
sign_test_og_cel0.3__norm_original_radius,original_radius,49,1.0,0.8,0.5,0.0,5.292120456695557,7.355802270160325,2.907813787460327,4.003766059875488,0.00075938506051898,0.2763137221336365,0.8963917035634091,4912346,chunk_19,25.227453231811523,52.364280700683594,0.4817679524421692,230.77911376953125,230.77911376953125,4.407186031341553,0.019096987232881925
sign_test_og_cel0.3__norm_original_radius,original_radius,49,1.0,0.8,1.0,0.0,4.1102399826049805,7.148318835945247,3.444733142852783,5.844206809997559,0.00075938506051898,0.2763137221336365,0.8963917035634091,4912346,chunk_19,25.227453231811523,52.364280700683594,0.4817679524421692,230.77911376953125,230.77911376953125,4.407186031341553,0.019096987232881925
sign_test_og_cel0.3__norm_original_radius,original_radius,49,1.0,0.8,1.5,0.0,3.947136878967285,6.398323732945983,3.7281956672668457,7.114127159118652,0.00075938506051898,0.2763137221336365,0.8963917035634091,4912346,chunk_19,25.227453231811523,52.364280700683594,0.4817679524421692,230.77911376953125,230.77911376953125,4.407186031341553,0.019096987232881925
sign_test_og_cel0.3__norm_original_radius,original_radius,49,1.0,1.0,0.1,0.0,7.7413330078125,9.154293427060583,2.666926860809326,2.773219108581543,0.00075938506051898,0.2763137221336365,0.8963917035634091,4912346,chunk_19,25.227453231811523,52.364280700683594,0.4817679524421692,230.77911376953125,230.77911376953125,4.407186031341553,0.019096987232881925
sign_test_og_cel0.3__norm_original_radius,original_radius,49,1.0,1.0,0.5,0.0,6.097542762756348,9.261625801792206,3.3622546195983887,4.777005195617676,0.00075938506051898,0.2763137221336365,0.8963917035634091,4912346,chunk_19,25.227453231811523,52.364280700683594,0.4817679524421692,230.77911376953125,230.77911376953125,4.407186031341553,0.019096987232881925
sign_test_og_cel0.3__norm_original_radius,original_radius,49,1.0,1.0,1.0,0.0,3.7442991733551025,7.706065706113331,4.0384392738342285,7.1563262939453125,0.00075938506051898,0.2763137221336365,0.8963917035634091,4912346,chunk_19,25.227453231811523,52.364280700683594,0.4817679524421692,230.77911376953125,230.77911376953125,4.407186031341553,0.019096987232881925
sign_test_og_cel0.3__norm_original_radius,original_radius,49,1.0,1.0,1.5,0.0,4.2199249267578125,7.717283682669034,4.385829925537109,8.777767181396484,0.00075938506051898,0.2763137221336365,0.8963917035634091,4912346,chunk_19,25.227453231811523,52.364280700683594,0.4817679524421692,230.77911376953125,230.77911376953125,4.407186031341553,0.019096987232881925
sign_test_og_cel0.4__norm_original_radius,original_radius,49,1.0,0.6,0.1,0.0,5.685308456420898,6.533119446344806,2.1148905754089355,2.1886234283447266,0.0004116273485124111,0.14977681636810303,0.8963917035634091,4912346,chunk_19,25.50395965576172,52.364280700683594,0.487049400806427,230.77911376953125,230.77911376953125,4.407186031341553,0.019096987232881925
sign_test_og_cel0.4__norm_original_radius,original_radius,49,1.0,0.6,0.5,0.0,5.1204118728637695,8.863997909381364,2.5608088970184326,3.4360287189483643,0.0004116273485124111,0.14977681636810303,0.8963917035634091,4912346,chunk_19,25.50395965576172,52.364280700683594,0.487049400806427,230.77911376953125,230.77911376953125,4.407186031341553,0.019096987232881925
sign_test_og_cel0.4__norm_original_radius,original_radius,49,1.0,0.6,1.0,0.0,3.3836655616760254,5.594145663464587,3.008333206176758,4.8849592208862305,0.0004116273485124111,0.14977681636810303,0.8963917035634091,4912346,chunk_19,25.50395965576172,52.364280700683594,0.487049400806427,230.77911376953125,230.77911376953125,4.407186031341553,0.019096987232881925
sign_test_og_cel0.4__norm_original_radius,original_radius,49,1.0,0.6,1.5,0.0,3.0604052543640137,5.063257985588848,3.2517189979553223,5.881257057189941,0.0004116273485124111,0.14977681636810303,0.8963917035634091,4912346,chunk_19,25.50395965576172,52.364280700683594,0.487049400806427,230.77911376953125,230.77911376953125,4.407186031341553,0.019096987232881925
sign_test_og_cel0.4__norm_original_radius,original_radius,49,1.0,0.8,0.1,0.0,6.631916522979736,7.749324333490321,2.3416013717651367,2.4315268993377686,0.0004116273485124111,0.14977681636810303,0.8963917035634091,4912346,chunk_19,25.50395965576172,52.364280700683594,0.487049400806427,230.77911376953125,230.77911376953125,4.407186031341553,0.019096987232881925
sign_test_og_cel0.4__norm_original_radius,original_radius,49,1.0,0.8,0.5,0.0,4.681361675262451,7.883735072439549,2.8865013122558594,3.9720382690429688,0.0004116273485124111,0.14977681636810303,0.8963917035634091,4912346,chunk_19,25.50395965576172,52.364280700683594,0.487049400806427,230.77911376953125,230.77911376953125,4.407186031341553,0.019096987232881925
sign_test_og_cel0.4__norm_original_radius,original_radius,49,1.0,0.8,1.0,0.0,4.153598785400391,7.977333920104115,3.421293258666992,5.776362419128418,0.0004116273485124111,0.14977681636810303,0.8963917035634091,4912346,chunk_19,25.50395965576172,52.364280700683594,0.487049400806427,230.77911376953125,230.77911376953125,4.407186031341553,0.019096987232881925
sign_test_og_cel0.4__norm_original_radius,original_radius,49,1.0,0.8,1.5,0.0,4.020790100097656,6.250717041972635,3.703792095184326,7.016561031341553,0.0004116273485124111,0.14977681636810303,0.8963917035634091,4912346,chunk_19,25.50395965576172,52.364280700683594,0.487049400806427,230.77911376953125,230.77911376953125,4.407186031341553,0.019096987232881925
sign_test_og_cel0.4__norm_original_radius,original_radius,49,1.0,1.0,0.1,0.0,8.091925621032715,9.571795656428776,2.732412338256836,2.851445198059082,0.0004116273485124111,0.14977681636810303,0.8963917035634091,4912346,chunk_19,25.50395965576172,52.364280700683594,0.487049400806427,230.77911376953125,230.77911376953125,4.407186031341553,0.019096987232881925
sign_test_og_cel0.4__norm_original_radius,original_radius,49,1.0,1.0,0.5,0.0,5.092819690704346,8.683924328248935,3.4309260845184326,4.865071773529053,0.0004116273485124111,0.14977681636810303,0.8963917035634091,4912346,chunk_19,25.50395965576172,52.364280700683594,0.487049400806427,230.77911376953125,230.77911376953125,4.407186031341553,0.019096987232881925
sign_test_og_cel0.4__norm_original_radius,original_radius,49,1.0,1.0,1.0,0.0,5.264636993408203,8.762029415991947,4.0865478515625,7.204498291015625,0.0004116273485124111,0.14977681636810303,0.8963917035634091,4912346,chunk_19,25.50395965576172,52.364280700683594,0.487049400806427,230.77911376953125,230.77911376953125,4.407186031341553,0.019096987232881925
sign_test_og_cel0.4__norm_original_radius,original_radius,49,1.0,1.0,1.5,0.0,4.434468746185303,5.570193468136722,4.414679527282715,8.77592658996582,0.0004116273485124111,0.14977681636810303,0.8963917035634091,4912346,chunk_19,25.50395965576172,52.364280700683594,0.487049400806427,230.77911376953125,230.77911376953125,4.407186031341553,0.019096987232881925
sign_test_og_cel0.5__norm_original_radius,original_radius,49,1.0,0.6,0.1,0.0,5.3003973960876465,6.138432899994271,1.830805778503418,1.8917722702026367,6.856895197415724e-05,0.024949848651885986,0.8963917035634091,4912346,chunk_19,27.542522430419922,52.364280700683594,0.5259788632392883,230.77911376953125,230.77911376953125,4.407186031341553,0.019096987232881925
sign_test_og_cel0.5__norm_original_radius,original_radius,49,1.0,0.6,0.5,0.0,4.932621002197266,8.281763316286288,2.198564052581787,2.9154977798461914,6.856895197415724e-05,0.024949848651885986,0.8963917035634091,4912346,chunk_19,27.542522430419922,52.364280700683594,0.5259788632392883,230.77911376953125,230.77911376953125,4.407186031341553,0.019096987232881925
sign_test_og_cel0.5__norm_original_radius,original_radius,49,1.0,0.6,1.0,0.0,3.7936055660247803,7.412573800540308,2.5962870121002197,4.166169166564941,6.856895197415724e-05,0.024949848651885986,0.8963917035634091,4912346,chunk_19,27.542522430419922,52.364280700683594,0.5259788632392883,230.77911376953125,230.77911376953125,4.407186031341553,0.019096987232881925
sign_test_og_cel0.5__norm_original_radius,original_radius,49,1.0,0.6,1.5,0.0,3.6035685539245605,7.3076729336083215,2.8333961963653564,5.0747151374816895,6.856895197415724e-05,0.024949848651885986,0.8963917035634091,4912346,chunk_19,27.542522430419922,52.364280700683594,0.5259788632392883,230.77911376953125,230.77911376953125,4.407186031341553,0.019096987232881925
sign_test_og_cel0.5__norm_original_radius,original_radius,49,1.0,0.8,0.1,0.0,6.269815921783447,7.430536150815982,2.0043859481811523,2.0767033100128174,6.856895197415724e-05,0.024949848651885986,0.8963917035634091,4912346,chunk_19,27.542522430419922,52.364280700683594,0.5259788632392883,230.77911376953125,230.77911376953125,4.407186031341553,0.019096987232881925
sign_test_og_cel0.5__norm_original_radius,original_radius,49,1.0,0.8,0.5,0.0,5.635448455810547,9.48193973516859,2.443774700164795,3.3161346912384033,6.856895197415724e-05,0.024949848651885986,0.8963917035634091,4912346,chunk_19,27.542522430419922,52.364280700683594,0.5259788632392883,230.77911376953125,230.77911376953125,4.407186031341553,0.019096987232881925
sign_test_og_cel0.5__norm_original_radius,original_radius,49,1.0,0.8,1.0,0.0,4.356319427490234,8.390001528329265,2.9139554500579834,4.856058597564697,6.856895197415724e-05,0.024949848651885986,0.8963917035634091,4912346,chunk_19,27.542522430419922,52.364280700683594,0.5259788632392883,230.77911376953125,230.77911376953125,4.407186031341553,0.019096987232881925
sign_test_og_cel0.5__norm_original_radius,original_radius,49,1.0,0.8,1.5,0.0,2.877897262573242,5.693843876223543,3.1878554821014404,5.978740692138672,6.856895197415724e-05,0.024949848651885986,0.8963917035634091,4912346,chunk_19,27.542522430419922,52.364280700683594,0.5259788632392883,230.77911376953125,230.77911376953125,4.407186031341553,0.019096987232881925
sign_test_og_cel0.5__norm_original_radius,original_radius,49,1.0,1.0,0.1,0.0,7.542929649353027,8.996497582101235,2.303952693939209,2.3951661586761475,6.856895197415724e-05,0.024949848651885986,0.8963917035634091,4912346,chunk_19,27.542522430419922,52.364280700683594,0.5259788632392883,230.77911376953125,230.77911376953125,4.407186031341553,0.019096987232881925
sign_test_og_cel0.5__norm_original_radius,original_radius,49,1.0,1.0,0.5,0.0,6.311567783355713,9.626417421697369,2.8589017391204834,3.9905364513397217,6.856895197415724e-05,0.024949848651885986,0.8963917035634091,4912346,chunk_19,27.542522430419922,52.364280700683594,0.5259788632392883,230.77911376953125,230.77911376953125,4.407186031341553,0.019096987232881925
sign_test_og_cel0.5__norm_original_radius,original_radius,49,1.0,1.0,1.0,0.0,4.606986999511719,7.70154633041583,3.4331564903259277,5.973865509033203,6.856895197415724e-05,0.024949848651885986,0.8963917035634091,4912346,chunk_19,27.542522430419922,52.364280700683594,0.5259788632392883,230.77911376953125,230.77911376953125,4.407186031341553,0.019096987232881925
sign_test_og_cel0.5__norm_original_radius,original_radius,49,1.0,1.0,1.5,0.0,2.6733345985412598,5.348608280661341,3.753586769104004,7.402152061462402,6.856895197415724e-05,0.024949848651885986,0.8963917035634091,4912346,chunk_19,27.542522430419922,52.364280700683594,0.5259788632392883,230.77911376953125,230.77911376953125,4.407186031341553,0.019096987232881925
sign_test_og_cel0.6__norm_original_radius,original_radius,49,1.0,0.6,0.1,0.0,5.989243984222412,6.846790260029763,1.9027103185653687,1.9667741060256958,-0.00026380890631116927,-0.095990851521492,0.8963917035634091,4912346,chunk_19,27.53475570678711,52.364280700683594,0.5258310437202454,230.77911376953125,230.77911376953125,4.407186031341553,0.019096987232881925
sign_test_og_cel0.6__norm_original_radius,original_radius,49,1.0,0.6,0.5,0.0,5.466577053070068,7.865662371353096,2.282954454421997,3.0458931922912598,-0.00026380890631116927,-0.095990851521492,0.8963917035634091,4912346,chunk_19,27.53475570678711,52.364280700683594,0.5258310437202454,230.77911376953125,230.77911376953125,4.407186031341553,0.019096987232881925
sign_test_og_cel0.6__norm_original_radius,original_radius,49,1.0,0.6,1.0,0.0,3.284498453140259,6.214293082574272,2.692657709121704,4.360658168792725,-0.00026380890631116927,-0.095990851521492,0.8963917035634091,4912346,chunk_19,27.53475570678711,52.364280700683594,0.5258310437202454,230.77911376953125,230.77911376953125,4.407186031341553,0.019096987232881925
sign_test_og_cel0.6__norm_original_radius,original_radius,49,1.0,0.6,1.5,0.0,3.463404893875122,6.122171160011433,2.9368066787719727,5.299740791320801,-0.00026380890631116927,-0.095990851521492,0.8963917035634091,4912346,chunk_19,27.53475570678711,52.364280700683594,0.5258310437202454,230.77911376953125,230.77911376953125,4.407186031341553,0.019096987232881925
sign_test_og_cel0.6__norm_original_radius,original_radius,49,1.0,0.8,0.1,0.0,6.854857444763184,8.046634142575016,2.0907626152038574,2.1678285598754883,-0.00026380890631116927,-0.095990851521492,0.8963917035634091,4912346,chunk_19,27.53475570678711,52.364280700683594,0.5258310437202454,230.77911376953125,230.77911376953125,4.407186031341553,0.019096987232881925
sign_test_og_cel0.6__norm_original_radius,original_radius,49,1.0,0.8,0.5,0.0,6.267767429351807,8.434962912544734,2.5543570518493652,3.4897003173828125,-0.00026380890631116927,-0.095990851521492,0.8963917035634091,4912346,chunk_19,27.53475570678711,52.364280700683594,0.5258310437202454,230.77911376953125,230.77911376953125,4.407186031341553,0.019096987232881925
sign_test_og_cel0.6__norm_original_radius,original_radius,49,1.0,0.8,1.0,0.0,3.6724181175231934,6.528866212363937,3.0499508380889893,5.134033203125,-0.00026380890631116927,-0.095990851521492,0.8963917035634091,4912346,chunk_19,27.53475570678711,52.364280700683594,0.5258310437202454,230.77911376953125,230.77911376953125,4.407186031341553,0.019096987232881925
sign_test_og_cel0.6__norm_original_radius,original_radius,49,1.0,0.8,1.5,0.0,4.716621398925781,8.446608146024232,3.3377790451049805,6.317343711853027,-0.00026380890631116927,-0.095990851521492,0.8963917035634091,4912346,chunk_19,27.53475570678711,52.364280700683594,0.5258310437202454,230.77911376953125,230.77911376953125,4.407186031341553,0.019096987232881925
sign_test_og_cel0.6__norm_original_radius,original_radius,49,1.0,1.0,0.1,0.0,8.237936019897461,9.640766265462787,2.4290313720703125,2.5294790267944336,-0.00026380890631116927,-0.095990851521492,0.8963917035634091,4912346,chunk_19,27.53475570678711,52.364280700683594,0.5258310437202454,230.77911376953125,230.77911376953125,4.407186031341553,0.019096987232881925
sign_test_og_cel0.6__norm_original_radius,original_radius,49,1.0,1.0,0.5,0.0,7.261809349060059,11.405801562284822,3.027147054672241,4.250908851623535,-0.00026380890631116927,-0.095990851521492,0.8963917035634091,4912346,chunk_19,27.53475570678711,52.364280700683594,0.5258310437202454,230.77911376953125,230.77911376953125,4.407186031341553,0.019096987232881925
sign_test_og_cel0.6__norm_original_radius,original_radius,49,1.0,1.0,1.0,0.0,4.2182817459106445,6.722474140611235,3.647690534591675,6.403364181518555,-0.00026380890631116927,-0.095990851521492,0.8963917035634091,4912346,chunk_19,27.53475570678711,52.364280700683594,0.5258310437202454,230.77911376953125,230.77911376953125,4.407186031341553,0.019096987232881925
sign_test_og_cel0.6__norm_original_radius,original_radius,49,1.0,1.0,1.5,0.0,4.425749778747559,7.666097950801827,3.9931609630584717,7.940089225769043,-0.00026380890631116927,-0.095990851521492,0.8963917035634091,4912346,chunk_19,27.53475570678711,52.364280700683594,0.5258310437202454,230.77911376953125,230.77911376953125,4.407186031341553,0.019096987232881925
sign_test_og_cel0.7__norm_original_radius,original_radius,49,1.0,0.6,0.1,0.0,5.900701999664307,6.825168772431198,1.8363336324691772,1.8980131149291992,-0.0006256650085560977,-0.22765764594078064,0.8963917035634091,4912346,chunk_19,30.44887351989746,52.364280700683594,0.581480860710144,230.77911376953125,230.77911376953125,4.407186031341553,0.019096987232881925
sign_test_og_cel0.7__norm_original_radius,original_radius,49,1.0,0.6,0.5,0.0,5.3258514404296875,8.64921294025023,2.1875722408294678,2.92405366897583,-0.0006256650085560977,-0.22765764594078064,0.8963917035634091,4912346,chunk_19,30.44887351989746,52.364280700683594,0.581480860710144,230.77911376953125,230.77911376953125,4.407186031341553,0.019096987232881925
sign_test_og_cel0.7__norm_original_radius,original_radius,49,1.0,0.6,1.0,0.0,3.8391306400299072,7.009171964715279,2.5664124488830566,4.168097972869873,-0.0006256650085560977,-0.22765764594078064,0.8963917035634091,4912346,chunk_19,30.44887351989746,52.364280700683594,0.581480860710144,230.77911376953125,230.77911376953125,4.407186031341553,0.019096987232881925
sign_test_og_cel0.7__norm_original_radius,original_radius,49,1.0,0.6,1.5,0.0,2.658639430999756,4.83379145307083,2.7971086502075195,5.062002658843994,-0.0006256650085560977,-0.22765764594078064,0.8963917035634091,4912346,chunk_19,30.44887351989746,52.364280700683594,0.581480860710144,230.77911376953125,230.77911376953125,4.407186031341553,0.019096987232881925
sign_test_og_cel0.7__norm_original_radius,original_radius,49,1.0,0.8,0.1,0.0,6.767918109893799,7.944148011583735,2.014359712600708,2.087801694869995,-0.0006256650085560977,-0.22765764594078064,0.8963917035634091,4912346,chunk_19,30.44887351989746,52.364280700683594,0.581480860710144,230.77911376953125,230.77911376953125,4.407186031341553,0.019096987232881925
sign_test_og_cel0.7__norm_original_radius,original_radius,49,1.0,0.8,0.5,0.0,5.645016670227051,9.34126363842819,2.44376277923584,3.345255136489868,-0.0006256650085560977,-0.22765764594078064,0.8963917035634091,4912346,chunk_19,30.44887351989746,52.364280700683594,0.581480860710144,230.77911376953125,230.77911376953125,4.407186031341553,0.019096987232881925
sign_test_og_cel0.7__norm_original_radius,original_radius,49,1.0,0.8,1.0,0.0,2.6380765438079834,3.97654061633736,2.9036426544189453,4.903464317321777,-0.0006256650085560977,-0.22765764594078064,0.8963917035634091,4912346,chunk_19,30.44887351989746,52.364280700683594,0.581480860710144,230.77911376953125,230.77911376953125,4.407186031341553,0.019096987232881925
sign_test_og_cel0.7__norm_original_radius,original_radius,49,1.0,0.8,1.5,0.0,3.7966105937957764,7.285319550521109,3.1741466522216797,6.025575637817383,-0.0006256650085560977,-0.22765764594078064,0.8963917035634091,4912346,chunk_19,30.44887351989746,52.364280700683594,0.581480860710144,230.77911376953125,230.77911376953125,4.407186031341553,0.019096987232881925
sign_test_og_cel0.7__norm_original_radius,original_radius,49,1.0,1.0,0.1,0.0,8.312430381774902,9.689354880118774,2.318896532058716,2.411151885986328,-0.0006256650085560977,-0.22765764594078064,0.8963917035634091,4912346,chunk_19,30.44887351989746,52.364280700683594,0.581480860710144,230.77911376953125,230.77911376953125,4.407186031341553,0.019096987232881925
sign_test_og_cel0.7__norm_original_radius,original_radius,49,1.0,1.0,0.5,0.0,6.184620380401611,9.520066231634594,2.8749399185180664,4.046962738037109,-0.0006256650085560977,-0.22765764594078064,0.8963917035634091,4912346,chunk_19,30.44887351989746,52.364280700683594,0.581480860710144,230.77911376953125,230.77911376953125,4.407186031341553,0.019096987232881925
sign_test_og_cel0.7__norm_original_radius,original_radius,49,1.0,1.0,1.0,0.0,4.259209632873535,7.518843414085268,3.461994171142578,6.1012115478515625,-0.0006256650085560977,-0.22765764594078064,0.8963917035634091,4912346,chunk_19,30.44887351989746,52.364280700683594,0.581480860710144,230.77911376953125,230.77911376953125,4.407186031341553,0.019096987232881925
sign_test_og_cel0.7__norm_original_radius,original_radius,49,1.0,1.0,1.5,0.0,3.508565902709961,7.77839353548,3.7906861305236816,7.563307285308838,-0.0006256650085560977,-0.22765764594078064,0.8963917035634091,4912346,chunk_19,30.44887351989746,52.364280700683594,0.581480860710144,230.77911376953125,230.77911376953125,4.407186031341553,0.019096987232881925
sign_test_og_cel0.8__norm_original_radius,original_radius,49,1.0,0.6,0.1,0.0,5.678469181060791,6.607976659673113,1.736021876335144,1.7952330112457275,-0.0010281071299687028,-0.3740922808647156,0.8963917035634091,4912346,chunk_19,35.83624267578125,52.364280700683594,0.6843650341033936,230.77911376953125,230.77911376953125,4.407186031341553,0.019096987232881925
sign_test_og_cel0.8__norm_original_radius,original_radius,49,1.0,0.6,0.5,0.0,5.099809646606445,9.337315985344624,2.0841002464294434,2.784846305847168,-0.0010281071299687028,-0.3740922808647156,0.8963917035634091,4912346,chunk_19,35.83624267578125,52.364280700683594,0.6843650341033936,230.77911376953125,230.77911376953125,4.407186031341553,0.019096987232881925
sign_test_og_cel0.8__norm_original_radius,original_radius,49,1.0,0.6,1.0,0.0,3.8244426250457764,7.8563845275876645,2.465176582336426,3.9786012172698975,-0.0010281071299687028,-0.3740922808647156,0.8963917035634091,4912346,chunk_19,35.83624267578125,52.364280700683594,0.6843650341033936,230.77911376953125,230.77911376953125,4.407186031341553,0.019096987232881925
sign_test_og_cel0.8__norm_original_radius,original_radius,49,1.0,0.6,1.5,0.0,2.5086445808410645,5.56128384563571,2.6942224502563477,4.823576927185059,-0.0010281071299687028,-0.3740922808647156,0.8963917035634091,4912346,chunk_19,35.83624267578125,52.364280700683594,0.6843650341033936,230.77911376953125,230.77911376953125,4.407186031341553,0.019096987232881925
sign_test_og_cel0.8__norm_original_radius,original_radius,49,1.0,0.8,0.1,0.0,6.6822190284729,7.9043910990951645,1.9004498720169067,1.9707192182540894,-0.0010281071299687028,-0.3740922808647156,0.8963917035634091,4912346,chunk_19,35.83624267578125,52.364280700683594,0.6843650341033936,230.77911376953125,230.77911376953125,4.407186031341553,0.019096987232881925
sign_test_og_cel0.8__norm_original_radius,original_radius,49,1.0,0.8,0.5,0.0,6.033541679382324,10.547698836296988,2.3105897903442383,3.1614537239074707,-0.0010281071299687028,-0.3740922808647156,0.8963917035634091,4912346,chunk_19,35.83624267578125,52.364280700683594,0.6843650341033936,230.77911376953125,230.77911376953125,4.407186031341553,0.019096987232881925
sign_test_og_cel0.8__norm_original_radius,original_radius,49,1.0,0.8,1.0,0.0,3.933016061782837,7.279537162253064,2.7613086700439453,4.6346940994262695,-0.0010281071299687028,-0.3740922808647156,0.8963917035634091,4912346,chunk_19,35.83624267578125,52.364280700683594,0.6843650341033936,230.77911376953125,230.77911376953125,4.407186031341553,0.019096987232881925
sign_test_og_cel0.8__norm_original_radius,original_radius,49,1.0,0.8,1.5,0.0,3.6472904682159424,7.344626713832525,3.0289146900177,5.678603172302246,-0.0010281071299687028,-0.3740922808647156,0.8963917035634091,4912346,chunk_19,35.83624267578125,52.364280700683594,0.6843650341033936,230.77911376953125,230.77911376953125,4.407186031341553,0.019096987232881925
sign_test_og_cel0.8__norm_original_radius,original_radius,49,1.0,1.0,0.1,0.0,7.889894962310791,9.543711101226904,2.20623779296875,2.2976536750793457,-0.0010281071299687028,-0.3740922808647156,0.8963917035634091,4912346,chunk_19,35.83624267578125,52.364280700683594,0.6843650341033936,230.77911376953125,230.77911376953125,4.407186031341553,0.019096987232881925
sign_test_og_cel0.8__norm_original_radius,original_radius,49,1.0,1.0,0.5,0.0,6.444153308868408,10.714689082912741,2.7028939723968506,3.8046772480010986,-0.0010281071299687028,-0.3740922808647156,0.8963917035634091,4912346,chunk_19,35.83624267578125,52.364280700683594,0.6843650341033936,230.77911376953125,230.77911376953125,4.407186031341553,0.019096987232881925
sign_test_og_cel0.8__norm_original_radius,original_radius,49,1.0,1.0,1.0,0.0,4.8115386962890625,9.119780833450847,3.2452218532562256,5.709652900695801,-0.0010281071299687028,-0.3740922808647156,0.8963917035634091,4912346,chunk_19,35.83624267578125,52.364280700683594,0.6843650341033936,230.77911376953125,230.77911376953125,4.407186031341553,0.019096987232881925
sign_test_og_cel0.8__norm_original_radius,original_radius,49,1.0,1.0,1.5,0.0,3.8299529552459717,6.775824309052609,3.5682520866394043,7.048795223236084,-0.0010281071299687028,-0.3740922808647156,0.8963917035634091,4912346,chunk_19,35.83624267578125,52.364280700683594,0.6843650341033936,230.77911376953125,230.77911376953125,4.407186031341553,0.019096987232881925
sign_test_og_cel0.9__norm_original_radius,original_radius,49,1.0,0.6,0.1,0.0,5.413400650024414,6.3621584300069,1.8070404529571533,1.8698502779006958,-0.0014027799479663372,-0.5104225873947144,0.8963917035634091,4912346,chunk_19,46.129905700683594,52.364280700683594,0.8809415698051453,230.77911376953125,230.77911376953125,4.407186031341553,0.019096987232881925
sign_test_og_cel0.9__norm_original_radius,original_radius,49,1.0,0.6,0.5,0.0,4.908563613891602,8.475079438016635,2.163231134414673,2.8893613815307617,-0.0014027799479663372,-0.5104225873947144,0.8963917035634091,4912346,chunk_19,46.129905700683594,52.364280700683594,0.8809415698051453,230.77911376953125,230.77911376953125,4.407186031341553,0.019096987232881925
sign_test_og_cel0.9__norm_original_radius,original_radius,49,1.0,0.6,1.0,0.0,3.7562527656555176,7.42247145009118,2.530884027481079,4.092880725860596,-0.0014027799479663372,-0.5104225873947144,0.8963917035634091,4912346,chunk_19,46.129905700683594,52.364280700683594,0.8809415698051453,230.77911376953125,230.77911376953125,4.407186031341553,0.019096987232881925
sign_test_og_cel0.9__norm_original_radius,original_radius,49,1.0,0.6,1.5,0.0,3.5158886909484863,7.236548852833238,2.741741418838501,4.9348907470703125,-0.0014027799479663372,-0.5104225873947144,0.8963917035634091,4912346,chunk_19,46.129905700683594,52.364280700683594,0.8809415698051453,230.77911376953125,230.77911376953125,4.407186031341553,0.019096987232881925
sign_test_og_cel0.9__norm_original_radius,original_radius,49,1.0,0.8,0.1,0.0,6.133523941040039,7.328251824467316,2.007937431335449,2.0863568782806396,-0.0014027799479663372,-0.5104225873947144,0.8963917035634091,4912346,chunk_19,46.129905700683594,52.364280700683594,0.8809415698051453,230.77911376953125,230.77911376953125,4.407186031341553,0.019096987232881925
sign_test_og_cel0.9__norm_original_radius,original_radius,49,1.0,0.8,0.5,0.0,5.0831828117370605,8.543778072187024,2.43514347076416,3.3309903144836426,-0.0014027799479663372,-0.5104225873947144,0.8963917035634091,4912346,chunk_19,46.129905700683594,52.364280700683594,0.8809415698051453,230.77911376953125,230.77911376953125,4.407186031341553,0.019096987232881925
sign_test_og_cel0.9__norm_original_radius,original_radius,49,1.0,0.8,1.0,0.0,3.7583529949188232,5.965705788440175,2.865461826324463,4.822076797485352,-0.0014027799479663372,-0.5104225873947144,0.8963917035634091,4912346,chunk_19,46.129905700683594,52.364280700683594,0.8809415698051453,230.77911376953125,230.77911376953125,4.407186031341553,0.019096987232881925
sign_test_og_cel0.9__norm_original_radius,original_radius,49,1.0,0.8,1.5,0.0,3.492853879928589,5.603257973228807,3.10361385345459,5.858531475067139,-0.0014027799479663372,-0.5104225873947144,0.8963917035634091,4912346,chunk_19,46.129905700683594,52.364280700683594,0.8809415698051453,230.77911376953125,230.77911376953125,4.407186031341553,0.019096987232881925
sign_test_og_cel0.9__norm_original_radius,original_radius,49,1.0,1.0,0.1,0.0,7.009817600250244,8.477475062367944,2.5210535526275635,2.6582298278808594,-0.0014027799479663372,-0.5104225873947144,0.8963917035634091,4912346,chunk_19,46.129905700683594,52.364280700683594,0.8809415698051453,230.77911376953125,230.77911376953125,4.407186031341553,0.019096987232881925
sign_test_og_cel0.9__norm_original_radius,original_radius,49,1.0,1.0,0.5,0.0,5.8045196533203125,8.548253573081254,3.045923948287964,4.295292377471924,-0.0014027799479663372,-0.5104225873947144,0.8963917035634091,4912346,chunk_19,46.129905700683594,52.364280700683594,0.8809415698051453,230.77911376953125,230.77911376953125,4.407186031341553,0.019096987232881925
sign_test_og_cel0.9__norm_original_radius,original_radius,49,1.0,1.0,1.0,0.0,4.3640289306640625,8.25583286536721,3.5127241611480713,6.210801124572754,-0.0014027799479663372,-0.5104225873947144,0.8963917035634091,4912346,chunk_19,46.129905700683594,52.364280700683594,0.8809415698051453,230.77911376953125,230.77911376953125,4.407186031341553,0.019096987232881925
sign_test_og_cel0.9__norm_original_radius,original_radius,49,1.0,1.0,1.5,0.0,3.7970399856567383,7.292079353934437,3.7497572898864746,7.509732723236084,-0.0014027799479663372,-0.5104225873947144,0.8963917035634091,4912346,chunk_19,46.129905700683594,52.364280700683594,0.8809415698051453,230.77911376953125,230.77911376953125,4.407186031341553,0.019096987232881925
sign_test_og_cel1.0__norm_original_radius,original_radius,49,1.0,0.6,0.1,0.0,6.018327236175537,6.868310717388113,2.0041744709014893,2.069528341293335,-0.001762926927767694,-0.6414675712585449,0.8963917035634091,4912346,chunk_19,54.15624237060547,52.364280700683594,1.0342210531234741,230.77911376953125,230.77911376953125,4.407186031341553,0.019096987232881925
sign_test_og_cel1.0__norm_original_radius,original_radius,49,1.0,0.6,0.5,0.0,5.560710906982422,8.606481081095296,2.3701388835906982,3.142967939376831,-0.001762926927767694,-0.6414675712585449,0.8963917035634091,4912346,chunk_19,54.15624237060547,52.364280700683594,1.0342210531234741,230.77911376953125,230.77911376953125,4.407186031341553,0.019096987232881925
sign_test_og_cel1.0__norm_original_radius,original_radius,49,1.0,0.6,1.0,0.0,4.033818244934082,7.5422191311895705,2.737004280090332,4.404029369354248,-0.001762926927767694,-0.6414675712585449,0.8963917035634091,4912346,chunk_19,54.15624237060547,52.364280700683594,1.0342210531234741,230.77911376953125,230.77911376953125,4.407186031341553,0.019096987232881925
sign_test_og_cel1.0__norm_original_radius,original_radius,49,1.0,0.6,1.5,0.0,2.790374517440796,5.239446184561871,2.9408042430877686,5.262171268463135,-0.001762926927767694,-0.6414675712585449,0.8963917035634091,4912346,chunk_19,54.15624237060547,52.364280700683594,1.0342210531234741,230.77911376953125,230.77911376953125,4.407186031341553,0.019096987232881925
sign_test_og_cel1.0__norm_original_radius,original_radius,49,1.0,0.8,0.1,0.0,6.727746486663818,7.8726083412643675,2.2413582801818848,2.325892210006714,-0.001762926927767694,-0.6414675712585449,0.8963917035634091,4912346,chunk_19,54.15624237060547,52.364280700683594,1.0342210531234741,230.77911376953125,230.77911376953125,4.407186031341553,0.019096987232881925
sign_test_og_cel1.0__norm_original_radius,original_radius,49,1.0,0.8,0.5,0.0,6.209448337554932,10.20850806686108,2.683703899383545,3.643911361694336,-0.001762926927767694,-0.6414675712585449,0.8963917035634091,4912346,chunk_19,54.15624237060547,52.364280700683594,1.0342210531234741,230.77911376953125,230.77911376953125,4.407186031341553,0.019096987232881925
sign_test_og_cel1.0__norm_original_radius,original_radius,49,1.0,0.8,1.0,0.0,4.955702781677246,6.888335821895453,3.117159128189087,5.222517013549805,-0.001762926927767694,-0.6414675712585449,0.8963917035634091,4912346,chunk_19,54.15624237060547,52.364280700683594,1.0342210531234741,230.77911376953125,230.77911376953125,4.407186031341553,0.019096987232881925
sign_test_og_cel1.0__norm_original_radius,original_radius,49,1.0,0.8,1.5,0.0,3.851099729537964,7.749285288825181,3.35237455368042,6.290553092956543,-0.001762926927767694,-0.6414675712585449,0.8963917035634091,4912346,chunk_19,54.15624237060547,52.364280700683594,1.0342210531234741,230.77911376953125,230.77911376953125,4.407186031341553,0.019096987232881925
sign_test_og_cel1.0__norm_original_radius,original_radius,49,1.0,1.0,0.1,0.0,6.814108848571777,7.9679851149062415,3.212639331817627,3.1672656536102295,-0.001762926927767694,-0.6414675712585449,0.8963917035634091,4912346,chunk_19,54.15624237060547,52.364280700683594,1.0342210531234741,230.77911376953125,230.77911376953125,4.407186031341553,0.019096987232881925
sign_test_og_cel1.0__norm_original_radius,original_radius,49,1.0,1.0,0.5,0.0,5.073080062866211,6.696526502447341,3.646407127380371,5.186214447021484,-0.001762926927767694,-0.6414675712585449,0.8963917035634091,4912346,chunk_19,54.15624237060547,52.364280700683594,1.0342210531234741,230.77911376953125,230.77911376953125,4.407186031341553,0.019096987232881925
sign_test_og_cel1.0__norm_original_radius,original_radius,49,1.0,1.0,1.0,0.0,4.237039566040039,7.14507671284069,3.953258514404297,6.981654644012451,-0.001762926927767694,-0.6414675712585449,0.8963917035634091,4912346,chunk_19,54.15624237060547,52.364280700683594,1.0342210531234741,230.77911376953125,230.77911376953125,4.407186031341553,0.019096987232881925
sign_test_og_cel1.0__norm_original_radius,original_radius,49,1.0,1.0,1.5,0.0,4.187528610229492,7.602041837549223,4.140300273895264,8.266615867614746,-0.001762926927767694,-0.6414675712585449,0.8963917035634091,4912346,chunk_19,54.15624237060547,52.364280700683594,1.0342210531234741,230.77911376953125,230.77911376953125,4.407186031341553,0.019096987232881925
sign_test_og_cel0.06113256113256113__norm_frobenius,frobenius,48,1.0,0.6,0.1,0.0,1.0250968933105469,1.1658039577715442,1.8202887773513794,2.111787796020508,0.08126307278871536,0.564674973487854,0.8963917056755308,4812346,chunk_19,44.98279571533203,52.364280700683594,44.98279571533203,230.77911376953125,230.77911376953125,230.77911376953125,1.0
sign_test_og_cel0.06113256113256113__norm_frobenius,frobenius,48,1.0,0.6,0.5,0.0,1.211727499961853,1.6604331375298023,3.8220391273498535,4.9725494384765625,0.08126307278871536,0.564674973487854,0.8963917056755308,4812346,chunk_19,44.98279571533203,52.364280700683594,44.98279571533203,230.77911376953125,230.77911376953125,230.77911376953125,1.0
sign_test_og_cel0.06113256113256113__norm_frobenius,frobenius,48,1.0,0.6,1.0,0.0,1.3706575632095337,2.3607553492728357,5.119414329528809,7.532596111297607,0.08126307278871536,0.564674973487854,0.8963917056755308,4812346,chunk_19,44.98279571533203,52.364280700683594,44.98279571533203,230.77911376953125,230.77911376953125,230.77911376953125,1.0
sign_test_og_cel0.06113256113256113__norm_frobenius,frobenius,48,1.0,0.6,1.5,0.0,1.3632888793945312,2.4823279456132568,7.010676383972168,10.915480613708496,0.08126307278871536,0.564674973487854,0.8963917056755308,4812346,chunk_19,44.98279571533203,52.364280700683594,44.98279571533203,230.77911376953125,230.77911376953125,230.77911376953125,1.0
sign_test_og_cel0.06113256113256113__norm_frobenius,frobenius,48,1.0,0.8,0.1,0.0,0.9892862439155579,1.1017795323379644,1.9268604516983032,2.2760159969329834,0.08126307278871536,0.564674973487854,0.8963917056755308,4812346,chunk_19,44.98279571533203,52.364280700683594,44.98279571533203,230.77911376953125,230.77911376953125,230.77911376953125,1.0
sign_test_og_cel0.06113256113256113__norm_frobenius,frobenius,48,1.0,0.8,0.5,0.0,0.8954636454582214,1.1170046789803294,3.9830145835876465,4.925895690917969,0.08126307278871536,0.564674973487854,0.8963917056755308,4812346,chunk_19,44.98279571533203,52.364280700683594,44.98279571533203,230.77911376953125,230.77911376953125,230.77911376953125,1.0
sign_test_og_cel0.06113256113256113__norm_frobenius,frobenius,48,1.0,0.8,1.0,0.0,1.3728840351104736,2.1947237199034078,5.424496173858643,8.112167358398438,0.08126307278871536,0.564674973487854,0.8963917056755308,4812346,chunk_19,44.98279571533203,52.364280700683594,44.98279571533203,230.77911376953125,230.77911376953125,230.77911376953125,1.0
sign_test_og_cel0.06113256113256113__norm_frobenius,frobenius,48,1.0,0.8,1.5,0.0,1.249293565750122,2.3983338284278943,7.642587661743164,12.2794771194458,0.08126307278871536,0.564674973487854,0.8963917056755308,4812346,chunk_19,44.98279571533203,52.364280700683594,44.98279571533203,230.77911376953125,230.77911376953125,230.77911376953125,1.0
sign_test_og_cel0.06113256113256113__norm_frobenius,frobenius,48,1.0,1.0,0.1,0.0,1.3722478151321411,1.5626306364123632,2.0695431232452393,2.4871644973754883,0.08126307278871536,0.564674973487854,0.8963917056755308,4812346,chunk_19,44.98279571533203,52.364280700683594,44.98279571533203,230.77911376953125,230.77911376953125,230.77911376953125,1.0
sign_test_og_cel0.06113256113256113__norm_frobenius,frobenius,48,1.0,1.0,0.5,0.0,0.701276421546936,1.0838543499705793,4.0249505043029785,4.8877272605896,0.08126307278871536,0.564674973487854,0.8963917056755308,4812346,chunk_19,44.98279571533203,52.364280700683594,44.98279571533203,230.77911376953125,230.77911376953125,230.77911376953125,1.0
sign_test_og_cel0.06113256113256113__norm_frobenius,frobenius,48,1.0,1.0,1.0,0.0,1.5257738828659058,2.4558613123994064,5.825071811676025,8.867212295532227,0.08126307278871536,0.564674973487854,0.8963917056755308,4812346,chunk_19,44.98279571533203,52.364280700683594,44.98279571533203,230.77911376953125,230.77911376953125,230.77911376953125,1.0
sign_test_og_cel0.06113256113256113__norm_frobenius,frobenius,48,1.0,1.0,1.5,0.0,1.525312900543213,2.879512869150208,8.598042488098145,3.5279476642608643,0.08126307278871536,0.564674973487854,0.8963917056755308,4812346,chunk_19,44.98279571533203,52.364280700683594,44.98279571533203,230.77911376953125,230.77911376953125,230.77911376953125,1.0
sign_test_og_cel0.0__norm_frobenius,frobenius,48,1.0,0.6,0.1,0.0,1.0263276100158691,1.1572620074009592,1.8108247518539429,2.0669500827789307,0.09231439977884293,0.6414676308631897,0.8963917056755308,4812346,chunk_19,54.156253814697266,52.364280700683594,54.156253814697266,230.77911376953125,230.77911376953125,230.77911376953125,1.0
sign_test_og_cel0.0__norm_frobenius,frobenius,48,1.0,0.6,0.5,0.0,0.9152385592460632,1.413421991814463,3.0124008655548096,3.953296661376953,0.09231439977884293,0.6414676308631897,0.8963917056755308,4812346,chunk_19,54.156253814697266,52.364280700683594,54.156253814697266,230.77911376953125,230.77911376953125,230.77911376953125,1.0
sign_test_og_cel0.0__norm_frobenius,frobenius,48,1.0,0.6,1.0,0.0,0.8948836326599121,1.3102410037465972,3.9012954235076904,5.202321529388428,0.09231439977884293,0.6414676308631897,0.8963917056755308,4812346,chunk_19,54.156253814697266,52.364280700683594,54.156253814697266,230.77911376953125,230.77911376953125,230.77911376953125,1.0
sign_test_og_cel0.0__norm_frobenius,frobenius,48,1.0,0.6,1.5,0.0,1.1002092361450195,1.6907450366207968,4.59878396987915,7.0590009689331055,0.09231439977884293,0.6414676308631897,0.8963917056755308,4812346,chunk_19,54.156253814697266,52.364280700683594,54.156253814697266,230.77911376953125,230.77911376953125,230.77911376953125,1.0
sign_test_og_cel0.0__norm_frobenius,frobenius,48,1.0,0.8,0.1,0.0,1.0157572031021118,1.1280371719185496,1.9021650552749634,2.197054624557495,0.09231439977884293,0.6414676308631897,0.8963917056755308,4812346,chunk_19,54.156253814697266,52.364280700683594,54.156253814697266,230.77911376953125,230.77911376953125,230.77911376953125,1.0
sign_test_og_cel0.0__norm_frobenius,frobenius,48,1.0,0.8,0.5,0.0,1.1068147420883179,1.3411776958522026,3.1348869800567627,4.045849323272705,0.09231439977884293,0.6414676308631897,0.8963917056755308,4812346,chunk_19,54.156253814697266,52.364280700683594,54.156253814697266,230.77911376953125,230.77911376953125,230.77911376953125,1.0
sign_test_og_cel0.0__norm_frobenius,frobenius,48,1.0,0.8,1.0,0.0,0.9749297499656677,1.6434003829082044,4.048118591308594,5.432657718658447,0.09231439977884293,0.6414676308631897,0.8963917056755308,4812346,chunk_19,54.156253814697266,52.364280700683594,54.156253814697266,230.77911376953125,230.77911376953125,230.77911376953125,1.0
sign_test_og_cel0.0__norm_frobenius,frobenius,48,1.0,0.8,1.5,0.0,1.1909098625183105,2.1084917391413,4.903374195098877,7.648893356323242,0.09231439977884293,0.6414676308631897,0.8963917056755308,4812346,chunk_19,54.156253814697266,52.364280700683594,54.156253814697266,230.77911376953125,230.77911376953125,230.77911376953125,1.0
sign_test_og_cel0.0__norm_frobenius,frobenius,48,1.0,1.0,0.1,0.0,1.0448973178863525,1.132581528764483,2.0254735946655273,2.3613312244415283,0.09231439977884293,0.6414676308631897,0.8963917056755308,4812346,chunk_19,54.156253814697266,52.364280700683594,54.156253814697266,230.77911376953125,230.77911376953125,230.77911376953125,1.0
sign_test_og_cel0.0__norm_frobenius,frobenius,48,1.0,1.0,0.5,0.0,1.2602962255477905,1.3954493610947374,3.265777111053467,4.127031326293945,0.09231439977884293,0.6414676308631897,0.8963917056755308,4812346,chunk_19,54.156253814697266,52.364280700683594,54.156253814697266,230.77911376953125,230.77911376953125,230.77911376953125,1.0
sign_test_og_cel0.0__norm_frobenius,frobenius,48,1.0,1.0,1.0,0.0,1.303257703781128,2.1518018588163397,4.239599704742432,5.753942012786865,0.09231439977884293,0.6414676308631897,0.8963917056755308,4812346,chunk_19,54.156253814697266,52.364280700683594,54.156253814697266,230.77911376953125,230.77911376953125,230.77911376953125,1.0
sign_test_og_cel0.0__norm_frobenius,frobenius,48,1.0,1.0,1.5,0.0,1.2806363105773926,2.3030171082434663,5.3246612548828125,8.308951377868652,0.09231439977884293,0.6414676308631897,0.8963917056755308,4812346,chunk_19,54.156253814697266,52.364280700683594,54.156253814697266,230.77911376953125,230.77911376953125,230.77911376953125,1.0
sign_test_og_cel0.1__norm_frobenius,frobenius,48,1.0,0.6,0.1,0.0,2.181954860687256,2.3841108388793857,2.5160090923309326,2.9026758670806885,0.0746859610080719,0.5189723968505859,0.8963917056755308,4812346,chunk_19,40.56901931762695,52.364280700683594,40.56901931762695,230.77911376953125,230.77911376953125,230.77911376953125,1.0
sign_test_og_cel0.1__norm_frobenius,frobenius,48,1.0,0.6,0.5,0.0,2.4350457191467285,3.388594956617908,4.980561256408691,6.553978443145752,0.0746859610080719,0.5189723968505859,0.8963917056755308,4812346,chunk_19,40.56901931762695,52.364280700683594,40.56901931762695,230.77911376953125,230.77911376953125,230.77911376953125,1.0
sign_test_og_cel0.1__norm_frobenius,frobenius,48,1.0,0.6,1.0,0.0,0.6668020486831665,1.3016143005819316,6.227468967437744,9.338751792907715,0.0746859610080719,0.5189723968505859,0.8963917056755308,4812346,chunk_19,40.56901931762695,52.364280700683594,40.56901931762695,230.77911376953125,230.77911376953125,230.77911376953125,1.0
sign_test_og_cel0.1__norm_frobenius,frobenius,48,1.0,0.6,1.5,0.0,1.206094741821289,2.2844591214672647,9.193474769592285,15.068208694458008,0.0746859610080719,0.5189723968505859,0.8963917056755308,4812346,chunk_19,40.56901931762695,52.364280700683594,40.56901931762695,230.77911376953125,230.77911376953125,230.77911376953125,1.0
sign_test_og_cel0.1__norm_frobenius,frobenius,48,1.0,0.8,0.1,0.0,2.659308910369873,2.7533258312555766,2.7685482501983643,3.2189903259277344,0.0746859610080719,0.5189723968505859,0.8963917056755308,4812346,chunk_19,40.56901931762695,52.364280700683594,40.56901931762695,230.77911376953125,230.77911376953125,230.77911376953125,1.0
sign_test_og_cel0.1__norm_frobenius,frobenius,48,1.0,0.8,0.5,0.0,2.2741897106170654,3.243239512764603,5.261005878448486,6.63784122467041,0.0746859610080719,0.5189723968505859,0.8963917056755308,4812346,chunk_19,40.56901931762695,52.364280700683594,40.56901931762695,230.77911376953125,230.77911376953125,230.77911376953125,1.0
sign_test_og_cel0.1__norm_frobenius,frobenius,48,1.0,0.8,1.0,0.0,1.8508847951889038,3.3061216372556714,6.4786248207092285,10.037954330444336,0.0746859610080719,0.5189723968505859,0.8963917056755308,4812346,chunk_19,40.56901931762695,52.364280700683594,40.56901931762695,230.77911376953125,230.77911376953125,230.77911376953125,1.0
sign_test_og_cel0.1__norm_frobenius,frobenius,48,1.0,0.8,1.5,0.0,1.6153955459594727,3.1421697199261693,10.547934532165527,17.69193458557129,0.0746859610080719,0.5189723968505859,0.8963917056755308,4812346,chunk_19,40.56901931762695,52.364280700683594,40.56901931762695,230.77911376953125,230.77911376953125,230.77911376953125,1.0
sign_test_og_cel0.1__norm_frobenius,frobenius,48,1.0,1.0,0.1,0.0,2.859907865524292,3.275412732526759,3.1667094230651855,3.704834461212158,0.0746859610080719,0.5189723968505859,0.8963917056755308,4812346,chunk_19,40.56901931762695,52.364280700683594,40.56901931762695,230.77911376953125,230.77911376953125,230.77911376953125,1.0
sign_test_og_cel0.1__norm_frobenius,frobenius,48,1.0,1.0,0.5,0.0,1.8698763847351074,3.2496601431190797,4.83425760269165,8.384016036987305,0.0746859610080719,0.5189723968505859,0.8963917056755308,4812346,chunk_19,40.56901931762695,52.364280700683594,40.56901931762695,230.77911376953125,230.77911376953125,230.77911376953125,1.0
sign_test_og_cel0.1__norm_frobenius,frobenius,48,1.0,1.0,1.0,0.0,1.3344906568527222,2.614232384775505,6.853204727172852,5.00380802154541,0.0746859610080719,0.5189723968505859,0.8963917056755308,4812346,chunk_19,40.56901931762695,52.364280700683594,40.56901931762695,230.77911376953125,230.77911376953125,230.77911376953125,1.0
sign_test_og_cel0.1__norm_frobenius,frobenius,48,1.0,1.0,1.5,0.0,1.8785077333450317,3.4433380782512018,12.804298400878906,4.511098861694336,0.0746859610080719,0.5189723968505859,0.8963917056755308,4812346,chunk_19,40.56901931762695,52.364280700683594,40.56901931762695,230.77911376953125,230.77911376953125,230.77911376953125,1.0
sign_test_og_cel0.2__norm_frobenius,frobenius,48,1.0,0.6,0.1,0.0,3.2419774532318115,3.359023424434568,7.58275842666626,5.29085636138916,0.055155981332063675,0.38326388597488403,0.8963917056755308,4812346,chunk_19,27.86663818359375,52.364280700683594,27.86663818359375,230.77911376953125,230.77911376953125,230.77911376953125,1.0
sign_test_og_cel0.2__norm_frobenius,frobenius,48,1.0,0.6,0.5,0.0,3.12843656539917,4.069034889648606,14.877281188964844,11.496296882629395,0.055155981332063675,0.38326388597488403,0.8963917056755308,4812346,chunk_19,27.86663818359375,52.364280700683594,27.86663818359375,230.77911376953125,230.77911376953125,230.77911376953125,1.0
sign_test_og_cel0.2__norm_frobenius,frobenius,48,1.0,0.6,1.0,0.0,2.1837544441223145,3.39593340897727,24.41803550720215,15.599853515625,0.055155981332063675,0.38326388597488403,0.8963917056755308,4812346,chunk_19,27.86663818359375,52.364280700683594,27.86663818359375,230.77911376953125,230.77911376953125,230.77911376953125,1.0
sign_test_og_cel0.2__norm_frobenius,frobenius,48,1.0,0.6,1.5,0.0,2.211919069290161,3.5738973130828526,34.2357063293457,25.968427658081055,0.055155981332063675,0.38326388597488403,0.8963917056755308,4812346,chunk_19,27.86663818359375,52.364280700683594,27.86663818359375,230.77911376953125,230.77911376953125,230.77911376953125,1.0
sign_test_og_cel0.2__norm_frobenius,frobenius,48,1.0,0.8,0.1,0.0,4.03892707824707,4.387681613720386,6.3481831550598145,8.607842445373535,0.055155981332063675,0.38326388597488403,0.8963917056755308,4812346,chunk_19,27.86663818359375,52.364280700683594,27.86663818359375,230.77911376953125,230.77911376953125,230.77911376953125,1.0
sign_test_og_cel0.2__norm_frobenius,frobenius,48,1.0,0.8,0.5,0.0,3.159067392349243,3.71023769333771,16.501224517822266,8.44086742401123,0.055155981332063675,0.38326388597488403,0.8963917056755308,4812346,chunk_19,27.86663818359375,52.364280700683594,27.86663818359375,230.77911376953125,230.77911376953125,230.77911376953125,1.0
sign_test_og_cel0.2__norm_frobenius,frobenius,48,1.0,0.8,1.0,0.0,2.131873607635498,2.3146255957558424,30.3510684967041,22.689884185791016,0.055155981332063675,0.38326388597488403,0.8963917056755308,4812346,chunk_19,27.86663818359375,52.364280700683594,27.86663818359375,230.77911376953125,230.77911376953125,230.77911376953125,1.0
sign_test_og_cel0.2__norm_frobenius,frobenius,48,1.0,0.8,1.5,0.0,0.12243368476629257,0.1518327743344372,41.805301666259766,20.123577117919922,0.055155981332063675,0.38326388597488403,0.8963917056755308,4812346,chunk_19,27.86663818359375,52.364280700683594,27.86663818359375,230.77911376953125,230.77911376953125,230.77911376953125,1.0
sign_test_og_cel0.2__norm_frobenius,frobenius,48,1.0,1.0,0.1,0.0,3.9467413425445557,4.235625310155342,6.106936454772949,5.174234390258789,0.055155981332063675,0.38326388597488403,0.8963917056755308,4812346,chunk_19,27.86663818359375,52.364280700683594,27.86663818359375,230.77911376953125,230.77911376953125,230.77911376953125,1.0
sign_test_og_cel0.2__norm_frobenius,frobenius,48,1.0,1.0,0.5,0.0,3.5881388187408447,4.93045218032814,17.33768081665039,23.144412994384766,0.055155981332063675,0.38326388597488403,0.8963917056755308,4812346,chunk_19,27.86663818359375,52.364280700683594,27.86663818359375,230.77911376953125,230.77911376953125,230.77911376953125,1.0
sign_test_og_cel0.2__norm_frobenius,frobenius,48,1.0,1.0,1.0,0.0,3.3425536155700684,5.019312181619625,38.326847076416016,34.27394485473633,0.055155981332063675,0.38326388597488403,0.8963917056755308,4812346,chunk_19,27.86663818359375,52.364280700683594,27.86663818359375,230.77911376953125,230.77911376953125,230.77911376953125,1.0
sign_test_og_cel0.2__norm_frobenius,frobenius,48,1.0,1.0,1.5,0.0,3.144636869430542,4.788074162750888,57.89816665649414,115.79640197753906,0.055155981332063675,0.38326388597488403,0.8963917056755308,4812346,chunk_19,27.86663818359375,52.364280700683594,27.86663818359375,230.77911376953125,230.77911376953125,230.77911376953125,1.0
sign_test_og_cel0.3__norm_frobenius,frobenius,48,1.0,0.6,0.1,0.0,2.6247572898864746,2.752074462700843,30.227956771850586,29.421173095703125,0.036677442491054535,0.2548615336418152,0.8963917056755308,4812346,chunk_19,27.636518478393555,52.364280700683594,27.636518478393555,230.77911376953125,230.77911376953125,230.77911376953125,1.0
sign_test_og_cel0.3__norm_frobenius,frobenius,48,1.0,0.6,0.5,0.0,2.36210560798645,2.4630268451519655,70.73770904541016,62.48617935180664,0.036677442491054535,0.2548615336418152,0.8963917056755308,4812346,chunk_19,27.636518478393555,52.364280700683594,27.636518478393555,230.77911376953125,230.77911376953125,230.77911376953125,1.0
sign_test_og_cel0.3__norm_frobenius,frobenius,48,1.0,0.6,1.0,0.0,2.092719793319702,2.429805769905343,125.63587951660156,143.46336364746094,0.036677442491054535,0.2548615336418152,0.8963917056755308,4812346,chunk_19,27.636518478393555,52.364280700683594,27.636518478393555,230.77911376953125,230.77911376953125,230.77911376953125,1.0
sign_test_og_cel0.3__norm_frobenius,frobenius,48,1.0,0.6,1.5,0.0,2.919110059738159,3.2549082281517787,145.452392578125,154.23550415039062,0.036677442491054535,0.2548615336418152,0.8963917056755308,4812346,chunk_19,27.636518478393555,52.364280700683594,27.636518478393555,230.77911376953125,230.77911376953125,230.77911376953125,1.0
sign_test_og_cel0.3__norm_frobenius,frobenius,48,1.0,0.8,0.1,0.0,1.0924783945083618,1.1895398119368963,67.52923583984375,67.7425765991211,0.036677442491054535,0.2548615336418152,0.8963917056755308,4812346,chunk_19,27.636518478393555,52.364280700683594,27.636518478393555,230.77911376953125,230.77911376953125,230.77911376953125,1.0
sign_test_og_cel0.3__norm_frobenius,frobenius,48,1.0,0.8,0.5,0.0,0.3215484321117401,0.44133385073193665,100.04607391357422,130.44088745117188,0.036677442491054535,0.2548615336418152,0.8963917056755308,4812346,chunk_19,27.636518478393555,52.364280700683594,27.636518478393555,230.77911376953125,230.77911376953125,230.77911376953125,1.0
sign_test_og_cel0.3__norm_frobenius,frobenius,48,1.0,0.8,1.0,0.0,2.844888687133789,3.138653802596764,172.09046936035156,176.31568908691406,0.036677442491054535,0.2548615336418152,0.8963917056755308,4812346,chunk_19,27.636518478393555,52.364280700683594,27.636518478393555,230.77911376953125,230.77911376953125,230.77911376953125,1.0
sign_test_og_cel0.3__norm_frobenius,frobenius,48,1.0,0.8,1.5,0.0,3.2826600074768066,3.6716371768387717,190.29513549804688,194.92001342773438,0.036677442491054535,0.2548615336418152,0.8963917056755308,4812346,chunk_19,27.636518478393555,52.364280700683594,27.636518478393555,230.77911376953125,230.77911376953125,230.77911376953125,1.0
sign_test_og_cel0.3__norm_frobenius,frobenius,48,1.0,1.0,0.1,0.0,1.8433568477630615,1.996198034613002,52.84054183959961,44.190330505371094,0.036677442491054535,0.2548615336418152,0.8963917056755308,4812346,chunk_19,27.636518478393555,52.364280700683594,27.636518478393555,230.77911376953125,230.77911376953125,230.77911376953125,1.0
sign_test_og_cel0.3__norm_frobenius,frobenius,48,1.0,1.0,0.5,0.0,0.08919209241867065,0.19418113254344183,191.81680297851562,202.93142700195312,0.036677442491054535,0.2548615336418152,0.8963917056755308,4812346,chunk_19,27.636518478393555,52.364280700683594,27.636518478393555,230.77911376953125,230.77911376953125,230.77911376953125,1.0
sign_test_og_cel0.3__norm_frobenius,frobenius,48,1.0,1.0,1.0,0.0,3.399106979370117,3.72720583193178,212.24563598632812,215.26463317871094,0.036677442491054535,0.2548615336418152,0.8963917056755308,4812346,chunk_19,27.636518478393555,52.364280700683594,27.636518478393555,230.77911376953125,230.77911376953125,230.77911376953125,1.0
sign_test_og_cel0.3__norm_frobenius,frobenius,48,1.0,1.0,1.5,0.0,0.5233112573623657,0.6874768812153889,215.81222534179688,222.86871337890625,0.036677442491054535,0.2548615336418152,0.8963917056755308,4812346,chunk_19,27.636518478393555,52.364280700683594,27.636518478393555,230.77911376953125,230.77911376953125,230.77911376953125,1.0
sign_test_og_cel0.4__norm_frobenius,frobenius,48,1.0,0.6,0.1,0.0,3.3990330696105957,3.661607295806732,29.933042526245117,59.06722640991211,0.01694611832499504,0.11775397509336472,0.8963917056755308,4812346,chunk_19,26.977401733398438,52.364280700683594,26.977401733398438,230.77911376953125,230.77911376953125,230.77911376953125,1.0
sign_test_og_cel0.4__norm_frobenius,frobenius,48,1.0,0.6,0.5,0.0,0.16520413756370544,0.2680070755765769,92.17977905273438,96.44013977050781,0.01694611832499504,0.11775397509336472,0.8963917056755308,4812346,chunk_19,26.977401733398438,52.364280700683594,26.977401733398438,230.77911376953125,230.77911376953125,230.77911376953125,1.0
sign_test_og_cel0.4__norm_frobenius,frobenius,48,1.0,0.6,1.0,0.0,2.4360833168029785,2.688130137325743,136.3609161376953,135.7677764892578,0.01694611832499504,0.11775397509336472,0.8963917056755308,4812346,chunk_19,26.977401733398438,52.364280700683594,26.977401733398438,230.77911376953125,230.77911376953125,230.77911376953125,1.0
sign_test_og_cel0.4__norm_frobenius,frobenius,48,1.0,0.6,1.5,0.0,2.8670544624328613,3.4062897952438362,162.9785919189453,159.29660034179688,0.01694611832499504,0.11775397509336472,0.8963917056755308,4812346,chunk_19,26.977401733398438,52.364280700683594,26.977401733398438,230.77911376953125,230.77911376953125,230.77911376953125,1.0
sign_test_og_cel0.4__norm_frobenius,frobenius,48,1.0,0.8,0.1,0.0,0.08836394548416138,0.18129347840249466,94.36990356445312,106.24058532714844,0.01694611832499504,0.11775397509336472,0.8963917056755308,4812346,chunk_19,26.977401733398438,52.364280700683594,26.977401733398438,230.77911376953125,230.77911376953125,230.77911376953125,1.0
sign_test_og_cel0.4__norm_frobenius,frobenius,48,1.0,0.8,0.5,0.0,0.8996685147285461,1.029153550311662,164.83409118652344,158.1375274658203,0.01694611832499504,0.11775397509336472,0.8963917056755308,4812346,chunk_19,26.977401733398438,52.364280700683594,26.977401733398438,230.77911376953125,230.77911376953125,230.77911376953125,1.0
sign_test_og_cel0.4__norm_frobenius,frobenius,48,1.0,0.8,1.0,0.0,2.9189624786376953,3.311695913683252,184.06240844726562,184.29592895507812,0.01694611832499504,0.11775397509336472,0.8963917056755308,4812346,chunk_19,26.977401733398438,52.364280700683594,26.977401733398438,230.77911376953125,230.77911376953125,230.77911376953125,1.0
sign_test_og_cel0.4__norm_frobenius,frobenius,48,1.0,0.8,1.5,0.0,3.454829216003418,3.970331563653872,197.03501892089844,202.39141845703125,0.01694611832499504,0.11775397509336472,0.8963917056755308,4812346,chunk_19,26.977401733398438,52.364280700683594,26.977401733398438,230.77911376953125,230.77911376953125,230.77911376953125,1.0
sign_test_og_cel0.4__norm_frobenius,frobenius,48,1.0,1.0,0.1,0.0,1.0762838125228882,1.2186849720874307,203.5087890625,204.29612731933594,0.01694611832499504,0.11775397509336472,0.8963917056755308,4812346,chunk_19,26.977401733398438,52.364280700683594,26.977401733398438,230.77911376953125,230.77911376953125,230.77911376953125,1.0
sign_test_og_cel0.4__norm_frobenius,frobenius,48,1.0,1.0,0.5,0.0,1.511021375656128,1.64165310295067,210.2748260498047,213.40304565429688,0.01694611832499504,0.11775397509336472,0.8963917056755308,4812346,chunk_19,26.977401733398438,52.364280700683594,26.977401733398438,230.77911376953125,230.77911376953125,230.77911376953125,1.0
sign_test_og_cel0.4__norm_frobenius,frobenius,48,1.0,1.0,1.0,0.0,2.9088735580444336,3.1816813936857216,216.12200927734375,216.65524291992188,0.01694611832499504,0.11775397509336472,0.8963917056755308,4812346,chunk_19,26.977401733398438,52.364280700683594,26.977401733398438,230.77911376953125,230.77911376953125,230.77911376953125,1.0
sign_test_og_cel0.4__norm_frobenius,frobenius,48,1.0,1.0,1.5,0.0,4.023037910461426,4.349854286849791,224.30694580078125,225.9698486328125,0.01694611832499504,0.11775397509336472,0.8963917056755308,4812346,chunk_19,26.977401733398438,52.364280700683594,26.977401733398438,230.77911376953125,230.77911376953125,230.77911376953125,1.0
sign_test_og_cel0.5__norm_frobenius,frobenius,48,1.0,0.6,0.1,0.0,1.791980266571045,1.9624291959894364,152.11949157714844,149.3679962158203,0.0010849990649148822,0.0075393617153167725,0.8963917056755308,4812346,chunk_19,28.629838943481445,52.364280700683594,28.629838943481445,230.77911376953125,230.77911376953125,230.77911376953125,1.0
sign_test_og_cel0.5__norm_frobenius,frobenius,48,1.0,0.6,0.5,0.0,1.3628729581832886,1.4999402768136119,161.93821716308594,156.20263671875,0.0010849990649148822,0.0075393617153167725,0.8963917056755308,4812346,chunk_19,28.629838943481445,52.364280700683594,28.629838943481445,230.77911376953125,230.77911376953125,230.77911376953125,1.0
sign_test_og_cel0.5__norm_frobenius,frobenius,48,1.0,0.6,1.0,0.0,3.1735308170318604,3.511269474674833,172.96627807617188,176.5225372314453,0.0010849990649148822,0.0075393617153167725,0.8963917056755308,4812346,chunk_19,28.629838943481445,52.364280700683594,28.629838943481445,230.77911376953125,230.77911376953125,230.77911376953125,1.0
sign_test_og_cel0.5__norm_frobenius,frobenius,48,1.0,0.6,1.5,0.0,3.6609880924224854,4.182617139559902,189.14620971679688,190.90496826171875,0.0010849990649148822,0.0075393617153167725,0.8963917056755308,4812346,chunk_19,28.629838943481445,52.364280700683594,28.629838943481445,230.77911376953125,230.77911376953125,230.77911376953125,1.0
sign_test_og_cel0.5__norm_frobenius,frobenius,48,1.0,0.8,0.1,0.0,0.17875047028064728,0.29667836817365156,184.63104248046875,185.42323303222656,0.0010849990649148822,0.0075393617153167725,0.8963917056755308,4812346,chunk_19,28.629838943481445,52.364280700683594,28.629838943481445,230.77911376953125,230.77911376953125,230.77911376953125,1.0
sign_test_og_cel0.5__norm_frobenius,frobenius,48,1.0,0.8,0.5,0.0,2.9555888175964355,3.2876630473396062,201.61257934570312,196.00900268554688,0.0010849990649148822,0.0075393617153167725,0.8963917056755308,4812346,chunk_19,28.629838943481445,52.364280700683594,28.629838943481445,230.77911376953125,230.77911376953125,230.77911376953125,1.0
sign_test_og_cel0.5__norm_frobenius,frobenius,48,1.0,0.8,1.0,0.0,3.3916945457458496,3.707290818094407,212.88034057617188,206.6236114501953,0.0010849990649148822,0.0075393617153167725,0.8963917056755308,4812346,chunk_19,28.629838943481445,52.364280700683594,28.629838943481445,230.77911376953125,230.77911376953125,230.77911376953125,1.0
sign_test_og_cel0.5__norm_frobenius,frobenius,48,1.0,0.8,1.5,0.0,3.978860855102539,4.363211587333353,214.66140747070312,218.47946166992188,0.0010849990649148822,0.0075393617153167725,0.8963917056755308,4812346,chunk_19,28.629838943481445,52.364280700683594,28.629838943481445,230.77911376953125,230.77911376953125,230.77911376953125,1.0
sign_test_og_cel0.5__norm_frobenius,frobenius,48,1.0,1.0,0.1,0.0,0.7520745396614075,0.8769925501370787,209.9372100830078,216.0696563720703,0.0010849990649148822,0.0075393617153167725,0.8963917056755308,4812346,chunk_19,28.629838943481445,52.364280700683594,28.629838943481445,230.77911376953125,230.77911376953125,230.77911376953125,1.0
sign_test_og_cel0.5__norm_frobenius,frobenius,48,1.0,1.0,0.5,0.0,1.8658894300460815,1.9608884052714757,216.1747589111328,224.31935119628906,0.0010849990649148822,0.0075393617153167725,0.8963917056755308,4812346,chunk_19,28.629838943481445,52.364280700683594,28.629838943481445,230.77911376953125,230.77911376953125,230.77911376953125,1.0
sign_test_og_cel0.5__norm_frobenius,frobenius,48,1.0,1.0,1.0,0.0,3.5588788986206055,3.8532668802234014,223.65843200683594,227.98663330078125,0.0010849990649148822,0.0075393617153167725,0.8963917056755308,4812346,chunk_19,28.629838943481445,52.364280700683594,28.629838943481445,230.77911376953125,230.77911376953125,230.77911376953125,1.0
sign_test_og_cel0.5__norm_frobenius,frobenius,48,1.0,1.0,1.5,0.0,3.828993797302246,4.175841237306706,228.6093292236328,233.64739990234375,0.0010849990649148822,0.0075393617153167725,0.8963917056755308,4812346,chunk_19,28.629838943481445,52.364280700683594,28.629838943481445,230.77911376953125,230.77911376953125,230.77911376953125,1.0
sign_test_og_cel0.6__norm_frobenius,frobenius,48,1.0,0.6,0.1,0.0,0.8410543203353882,1.0068660744834688,167.6144561767578,163.8848419189453,-0.017415912821888924,-0.1210184246301651,0.8963917056755308,4812346,chunk_19,28.161279678344727,52.364280700683594,28.161279678344727,230.77911376953125,230.77911376953125,230.77911376953125,1.0
sign_test_og_cel0.6__norm_frobenius,frobenius,48,1.0,0.6,0.5,0.0,0.6546361446380615,0.7979590188005616,177.48623657226562,172.60195922851562,-0.017415912821888924,-0.1210184246301651,0.8963917056755308,4812346,chunk_19,28.161279678344727,52.364280700683594,28.161279678344727,230.77911376953125,230.77911376953125,230.77911376953125,1.0
sign_test_og_cel0.6__norm_frobenius,frobenius,48,1.0,0.6,1.0,0.0,2.518552780151367,2.9065036274901104,185.2889862060547,183.28668212890625,-0.017415912821888924,-0.1210184246301651,0.8963917056755308,4812346,chunk_19,28.161279678344727,52.364280700683594,28.161279678344727,230.77911376953125,230.77911376953125,230.77911376953125,1.0
sign_test_og_cel0.6__norm_frobenius,frobenius,48,1.0,0.6,1.5,0.0,2.9567980766296387,3.3839113333241677,191.71685791015625,194.79466247558594,-0.017415912821888924,-0.1210184246301651,0.8963917056755308,4812346,chunk_19,28.161279678344727,52.364280700683594,28.161279678344727,230.77911376953125,230.77911376953125,230.77911376953125,1.0
sign_test_og_cel0.6__norm_frobenius,frobenius,48,1.0,0.8,0.1,0.0,1.3876365423202515,1.4979233400476488,203.59107971191406,200.37582397460938,-0.017415912821888924,-0.1210184246301651,0.8963917056755308,4812346,chunk_19,28.161279678344727,52.364280700683594,28.161279678344727,230.77911376953125,230.77911376953125,230.77911376953125,1.0
sign_test_og_cel0.6__norm_frobenius,frobenius,48,1.0,0.8,0.5,0.0,2.405567169189453,2.54046449794771,214.39871215820312,207.2977294921875,-0.017415912821888924,-0.1210184246301651,0.8963917056755308,4812346,chunk_19,28.161279678344727,52.364280700683594,28.161279678344727,230.77911376953125,230.77911376953125,230.77911376953125,1.0
sign_test_og_cel0.6__norm_frobenius,frobenius,48,1.0,0.8,1.0,0.0,3.7207813262939453,4.0459909706057715,215.8774871826172,216.13064575195312,-0.017415912821888924,-0.1210184246301651,0.8963917056755308,4812346,chunk_19,28.161279678344727,52.364280700683594,28.161279678344727,230.77911376953125,230.77911376953125,230.77911376953125,1.0
sign_test_og_cel0.6__norm_frobenius,frobenius,48,1.0,0.8,1.5,0.0,3.8347585201263428,4.250892258452495,222.33543395996094,221.74612426757812,-0.017415912821888924,-0.1210184246301651,0.8963917056755308,4812346,chunk_19,28.161279678344727,52.364280700683594,28.161279678344727,230.77911376953125,230.77911376953125,230.77911376953125,1.0
sign_test_og_cel0.6__norm_frobenius,frobenius,48,1.0,1.0,0.1,0.0,0.672089695930481,0.8106530572847532,216.54885864257812,219.3505859375,-0.017415912821888924,-0.1210184246301651,0.8963917056755308,4812346,chunk_19,28.161279678344727,52.364280700683594,28.161279678344727,230.77911376953125,230.77911376953125,230.77911376953125,1.0
sign_test_og_cel0.6__norm_frobenius,frobenius,48,1.0,1.0,0.5,0.0,1.7475546598434448,1.9181306666494446,224.1356658935547,220.03138732910156,-0.017415912821888924,-0.1210184246301651,0.8963917056755308,4812346,chunk_19,28.161279678344727,52.364280700683594,28.161279678344727,230.77911376953125,230.77911376953125,230.77911376953125,1.0
sign_test_og_cel0.6__norm_frobenius,frobenius,48,1.0,1.0,1.0,0.0,3.0276284217834473,3.2285310763836605,223.29632568359375,223.211181640625,-0.017415912821888924,-0.1210184246301651,0.8963917056755308,4812346,chunk_19,28.161279678344727,52.364280700683594,28.161279678344727,230.77911376953125,230.77911376953125,230.77911376953125,1.0
sign_test_og_cel0.6__norm_frobenius,frobenius,48,1.0,1.0,1.5,0.0,3.851783037185669,4.185608539454394,231.17872619628906,234.73829650878906,-0.017415912821888924,-0.1210184246301651,0.8963917056755308,4812346,chunk_19,28.161279678344727,52.364280700683594,28.161279678344727,230.77911376953125,230.77911376953125,230.77911376953125,1.0
sign_test_og_cel0.7__norm_frobenius,frobenius,48,1.0,0.6,0.1,0.0,2.697113037109375,2.8320706857280697,180.57496643066406,181.3757781982422,-0.03517857566475868,-0.24444633722305298,0.8963917056755308,4812346,chunk_19,28.143329620361328,52.364280700683594,28.143329620361328,230.77911376953125,230.77911376953125,230.77911376953125,1.0
sign_test_og_cel0.7__norm_frobenius,frobenius,48,1.0,0.6,0.5,0.0,1.227529525756836,1.3947293713540603,192.29457092285156,182.73211669921875,-0.03517857566475868,-0.24444633722305298,0.8963917056755308,4812346,chunk_19,28.143329620361328,52.364280700683594,28.143329620361328,230.77911376953125,230.77911376953125,230.77911376953125,1.0
sign_test_og_cel0.7__norm_frobenius,frobenius,48,1.0,0.6,1.0,0.0,3.1537375450134277,3.5302888447367593,187.66201782226562,193.88612365722656,-0.03517857566475868,-0.24444633722305298,0.8963917056755308,4812346,chunk_19,28.143329620361328,52.364280700683594,28.143329620361328,230.77911376953125,230.77911376953125,230.77911376953125,1.0
sign_test_og_cel0.7__norm_frobenius,frobenius,48,1.0,0.6,1.5,0.0,3.366333246231079,3.8163566287403228,197.13792419433594,193.42681884765625,-0.03517857566475868,-0.24444633722305298,0.8963917056755308,4812346,chunk_19,28.143329620361328,52.364280700683594,28.143329620361328,230.77911376953125,230.77911376953125,230.77911376953125,1.0
sign_test_og_cel0.7__norm_frobenius,frobenius,48,1.0,0.8,0.1,0.0,0.28716400265693665,0.40838628507588837,216.3916473388672,209.8162078857422,-0.03517857566475868,-0.24444633722305298,0.8963917056755308,4812346,chunk_19,28.143329620361328,52.364280700683594,28.143329620361328,230.77911376953125,230.77911376953125,230.77911376953125,1.0
sign_test_og_cel0.7__norm_frobenius,frobenius,48,1.0,0.8,0.5,0.0,1.9110931158065796,2.0141552700603507,218.98092651367188,220.40731811523438,-0.03517857566475868,-0.24444633722305298,0.8963917056755308,4812346,chunk_19,28.143329620361328,52.364280700683594,28.143329620361328,230.77911376953125,230.77911376953125,230.77911376953125,1.0
sign_test_og_cel0.7__norm_frobenius,frobenius,48,1.0,0.8,1.0,0.0,3.152918577194214,3.356326719557728,221.1963348388672,223.1065673828125,-0.03517857566475868,-0.24444633722305298,0.8963917056755308,4812346,chunk_19,28.143329620361328,52.364280700683594,28.143329620361328,230.77911376953125,230.77911376953125,230.77911376953125,1.0
sign_test_og_cel0.7__norm_frobenius,frobenius,48,1.0,0.8,1.5,0.0,3.8721065521240234,4.136264363441114,220.13865661621094,223.68756103515625,-0.03517857566475868,-0.24444633722305298,0.8963917056755308,4812346,chunk_19,28.143329620361328,52.364280700683594,28.143329620361328,230.77911376953125,230.77911376953125,230.77911376953125,1.0
sign_test_og_cel0.7__norm_frobenius,frobenius,48,1.0,1.0,0.1,0.0,0.4881671071052551,0.6547737471460594,212.14524841308594,217.9503631591797,-0.03517857566475868,-0.24444633722305298,0.8963917056755308,4812346,chunk_19,28.143329620361328,52.364280700683594,28.143329620361328,230.77911376953125,230.77911376953125,230.77911376953125,1.0
sign_test_og_cel0.7__norm_frobenius,frobenius,48,1.0,1.0,0.5,0.0,1.7287144660949707,1.8654534537484437,219.47906494140625,226.0997314453125,-0.03517857566475868,-0.24444633722305298,0.8963917056755308,4812346,chunk_19,28.143329620361328,52.364280700683594,28.143329620361328,230.77911376953125,230.77911376953125,230.77911376953125,1.0
sign_test_og_cel0.7__norm_frobenius,frobenius,48,1.0,1.0,1.0,0.0,2.897364616394043,3.123123786667122,225.65306091308594,231.27915954589844,-0.03517857566475868,-0.24444633722305298,0.8963917056755308,4812346,chunk_19,28.143329620361328,52.364280700683594,28.143329620361328,230.77911376953125,230.77911376953125,230.77911376953125,1.0
sign_test_og_cel0.7__norm_frobenius,frobenius,48,1.0,1.0,1.5,0.0,3.9576635360717773,4.298360570455998,228.5907745361328,233.91415405273438,-0.03517857566475868,-0.24444633722305298,0.8963917056755308,4812346,chunk_19,28.143329620361328,52.364280700683594,28.143329620361328,230.77911376953125,230.77911376953125,230.77911376953125,1.0
sign_test_og_cel0.8__norm_frobenius,frobenius,48,1.0,0.6,0.1,0.0,0.6754636764526367,0.8223115217288068,147.6277313232422,148.43460083007812,-0.05392557010054588,-0.37471407651901245,0.8963917056755308,4812346,chunk_19,36.7294921875,52.364280700683594,36.7294921875,230.77911376953125,230.77911376953125,230.77911376953125,1.0
sign_test_og_cel0.8__norm_frobenius,frobenius,48,1.0,0.6,0.5,0.0,0.798082172870636,0.9445023765102292,149.0985107421875,152.66302490234375,-0.05392557010054588,-0.37471407651901245,0.8963917056755308,4812346,chunk_19,36.7294921875,52.364280700683594,36.7294921875,230.77911376953125,230.77911376953125,230.77911376953125,1.0
sign_test_og_cel0.8__norm_frobenius,frobenius,48,1.0,0.6,1.0,0.0,2.400921106338501,2.699168304174428,175.26194763183594,171.51528930664062,-0.05392557010054588,-0.37471407651901245,0.8963917056755308,4812346,chunk_19,36.7294921875,52.364280700683594,36.7294921875,230.77911376953125,230.77911376953125,230.77911376953125,1.0
sign_test_og_cel0.8__norm_frobenius,frobenius,48,1.0,0.6,1.5,0.0,2.7469093799591064,3.071224284467398,176.03030395507812,175.60458374023438,-0.05392557010054588,-0.37471407651901245,0.8963917056755308,4812346,chunk_19,36.7294921875,52.364280700683594,36.7294921875,230.77911376953125,230.77911376953125,230.77911376953125,1.0
sign_test_og_cel0.8__norm_frobenius,frobenius,48,1.0,0.8,0.1,0.0,0.06717922538518906,0.1699277574200142,81.7896728515625,109.83873748779297,-0.05392557010054588,-0.37471407651901245,0.8963917056755308,4812346,chunk_19,36.7294921875,52.364280700683594,36.7294921875,230.77911376953125,230.77911376953125,230.77911376953125,1.0
sign_test_og_cel0.8__norm_frobenius,frobenius,48,1.0,0.8,0.5,0.0,1.2044130563735962,1.354513313534511,109.67858123779297,126.35496520996094,-0.05392557010054588,-0.37471407651901245,0.8963917056755308,4812346,chunk_19,36.7294921875,52.364280700683594,36.7294921875,230.77911376953125,230.77911376953125,230.77911376953125,1.0
sign_test_og_cel0.8__norm_frobenius,frobenius,48,1.0,0.8,1.0,0.0,2.677924633026123,3.199588893274644,126.53844451904297,153.0816650390625,-0.05392557010054588,-0.37471407651901245,0.8963917056755308,4812346,chunk_19,36.7294921875,52.364280700683594,36.7294921875,230.77911376953125,230.77911376953125,230.77911376953125,1.0
sign_test_og_cel0.8__norm_frobenius,frobenius,48,1.0,0.8,1.5,0.0,3.2175846099853516,3.8503897485338143,140.78282165527344,163.0554656982422,-0.05392557010054588,-0.37471407651901245,0.8963917056755308,4812346,chunk_19,36.7294921875,52.364280700683594,36.7294921875,230.77911376953125,230.77911376953125,230.77911376953125,1.0
sign_test_og_cel0.8__norm_frobenius,frobenius,48,1.0,1.0,0.1,0.0,2.6174299716949463,2.8219233347757138,11.37450122833252,24.386926651000977,-0.05392557010054588,-0.37471407651901245,0.8963917056755308,4812346,chunk_19,36.7294921875,52.364280700683594,36.7294921875,230.77911376953125,230.77911376953125,230.77911376953125,1.0
sign_test_og_cel0.8__norm_frobenius,frobenius,48,1.0,1.0,0.5,0.0,0.10302227735519409,0.20522518475428342,46.5283317565918,62.81718826293945,-0.05392557010054588,-0.37471407651901245,0.8963917056755308,4812346,chunk_19,36.7294921875,52.364280700683594,36.7294921875,230.77911376953125,230.77911376953125,230.77911376953125,1.0
sign_test_og_cel0.8__norm_frobenius,frobenius,48,1.0,1.0,1.0,0.0,1.5299484729766846,2.1437458246900576,58.27866744995117,92.26460266113281,-0.05392557010054588,-0.37471407651901245,0.8963917056755308,4812346,chunk_19,36.7294921875,52.364280700683594,36.7294921875,230.77911376953125,230.77911376953125,230.77911376953125,1.0
sign_test_og_cel0.8__norm_frobenius,frobenius,48,1.0,1.0,1.5,0.0,2.9552416801452637,4.4466222857928415,66.45919036865234,103.79660034179688,-0.05392557010054588,-0.37471407651901245,0.8963917056755308,4812346,chunk_19,36.7294921875,52.364280700683594,36.7294921875,230.77911376953125,230.77911376953125,230.77911376953125,1.0
sign_test_og_cel0.9__norm_frobenius,frobenius,48,1.0,0.6,0.1,0.0,4.645345211029053,4.898389224712389,14.442022323608398,28.0467529296875,-0.07365689426660538,-0.5118216872215271,0.8963917056755308,4812346,chunk_19,45.01900100708008,52.364280700683594,45.01900100708008,230.77911376953125,230.77911376953125,230.77911376953125,1.0
sign_test_og_cel0.9__norm_frobenius,frobenius,48,1.0,0.6,0.5,0.0,0.42111465334892273,0.5509411706691436,62.445072174072266,81.34258270263672,-0.07365689426660538,-0.5118216872215271,0.8963917056755308,4812346,chunk_19,45.01900100708008,52.364280700683594,45.01900100708008,230.77911376953125,230.77911376953125,230.77911376953125,1.0
sign_test_og_cel0.9__norm_frobenius,frobenius,48,1.0,0.6,1.0,0.0,2.5364413261413574,3.0862130350844836,126.02774810791016,142.4005584716797,-0.07365689426660538,-0.5118216872215271,0.8963917056755308,4812346,chunk_19,45.01900100708008,52.364280700683594,45.01900100708008,230.77911376953125,230.77911376953125,230.77911376953125,1.0
sign_test_og_cel0.9__norm_frobenius,frobenius,48,1.0,0.6,1.5,0.0,0.07632967829704285,0.1673873822587666,116.56717681884766,127.70048522949219,-0.07365689426660538,-0.5118216872215271,0.8963917056755308,4812346,chunk_19,45.01900100708008,52.364280700683594,45.01900100708008,230.77911376953125,230.77911376953125,230.77911376953125,1.0
sign_test_og_cel0.9__norm_frobenius,frobenius,48,1.0,0.8,0.1,0.0,4.987135410308838,5.379863802969041,2.4525742530822754,9.837386131286621,-0.07365689426660538,-0.5118216872215271,0.8963917056755308,4812346,chunk_19,45.01900100708008,52.364280700683594,45.01900100708008,230.77911376953125,230.77911376953125,230.77911376953125,1.0
sign_test_og_cel0.9__norm_frobenius,frobenius,48,1.0,0.8,0.5,0.0,2.699315309524536,3.7950482593258714,5.44319486618042,18.502641677856445,-0.07365689426660538,-0.5118216872215271,0.8963917056755308,4812346,chunk_19,45.01900100708008,52.364280700683594,45.01900100708008,230.77911376953125,230.77911376953125,230.77911376953125,1.0
sign_test_og_cel0.9__norm_frobenius,frobenius,48,1.0,0.8,1.0,0.0,0.29849958419799805,0.5898786357033714,14.046942710876465,6.006297588348389,-0.07365689426660538,-0.5118216872215271,0.8963917056755308,4812346,chunk_19,45.01900100708008,52.364280700683594,45.01900100708008,230.77911376953125,230.77911376953125,230.77911376953125,1.0
sign_test_og_cel0.9__norm_frobenius,frobenius,48,1.0,0.8,1.5,0.0,2.3970298767089844,3.7923161550145323,23.826820373535156,48.202579498291016,-0.07365689426660538,-0.5118216872215271,0.8963917056755308,4812346,chunk_19,45.01900100708008,52.364280700683594,45.01900100708008,230.77911376953125,230.77911376953125,230.77911376953125,1.0
sign_test_og_cel0.9__norm_frobenius,frobenius,48,1.0,1.0,0.1,0.0,2.126758337020874,2.589994437732571,1.9420716762542725,4.248409748077393,-0.07365689426660538,-0.5118216872215271,0.8963917056755308,4812346,chunk_19,45.01900100708008,52.364280700683594,45.01900100708008,230.77911376953125,230.77911376953125,230.77911376953125,1.0
sign_test_og_cel0.9__norm_frobenius,frobenius,48,1.0,1.0,0.5,0.0,2.2068376541137695,2.928404481202392,3.1354551315307617,8.704559326171875,-0.07365689426660538,-0.5118216872215271,0.8963917056755308,4812346,chunk_19,45.01900100708008,52.364280700683594,45.01900100708008,230.77911376953125,230.77911376953125,230.77911376953125,1.0
sign_test_og_cel0.9__norm_frobenius,frobenius,48,1.0,1.0,1.0,0.0,2.500171661376953,3.420104938131722,9.188819885253906,19.566356658935547,-0.07365689426660538,-0.5118216872215271,0.8963917056755308,4812346,chunk_19,45.01900100708008,52.364280700683594,45.01900100708008,230.77911376953125,230.77911376953125,230.77911376953125,1.0
sign_test_og_cel0.9__norm_frobenius,frobenius,48,1.0,1.0,1.5,0.0,2.5982096195220947,4.6846590998944855,11.189239501953125,21.135345458984375,-0.07365689426660538,-0.5118216872215271,0.8963917056755308,4812346,chunk_19,45.01900100708008,52.364280700683594,45.01900100708008,230.77911376953125,230.77911376953125,230.77911376953125,1.0
sign_test_og_cel1.0__norm_frobenius,frobenius,48,1.0,0.6,0.1,0.0,3.4031107425689697,3.5663068352863196,1.276469111442566,5.872193336486816,-0.09231439977884293,-0.6414676308631897,0.8963917056755308,4812346,chunk_19,54.15624237060547,52.364280700683594,54.15624237060547,230.77911376953125,230.77911376953125,230.77911376953125,1.0
sign_test_og_cel1.0__norm_frobenius,frobenius,48,1.0,0.6,0.5,0.0,2.2470481395721436,2.7620355813703554,4.316224575042725,19.898672103881836,-0.09231439977884293,-0.6414676308631897,0.8963917056755308,4812346,chunk_19,54.15624237060547,52.364280700683594,54.15624237060547,230.77911376953125,230.77911376953125,230.77911376953125,1.0
sign_test_og_cel1.0__norm_frobenius,frobenius,48,1.0,0.6,1.0,0.0,2.060041666030884,3.1115853073470134,9.174184799194336,39.80073928833008,-0.09231439977884293,-0.6414676308631897,0.8963917056755308,4812346,chunk_19,54.15624237060547,52.364280700683594,54.15624237060547,230.77911376953125,230.77911376953125,230.77911376953125,1.0
sign_test_og_cel1.0__norm_frobenius,frobenius,48,1.0,0.6,1.5,0.0,2.1772985458374023,3.314223625973066,18.839069366455078,57.40808868408203,-0.09231439977884293,-0.6414676308631897,0.8963917056755308,4812346,chunk_19,54.15624237060547,52.364280700683594,54.15624237060547,230.77911376953125,230.77911376953125,230.77911376953125,1.0
sign_test_og_cel1.0__norm_frobenius,frobenius,48,1.0,0.8,0.1,0.0,2.4209811687469482,2.5529336570447767,1.1463217735290527,4.534278392791748,-0.09231439977884293,-0.6414676308631897,0.8963917056755308,4812346,chunk_19,54.15624237060547,52.364280700683594,54.15624237060547,230.77911376953125,230.77911376953125,230.77911376953125,1.0
sign_test_og_cel1.0__norm_frobenius,frobenius,48,1.0,0.8,0.5,0.0,1.9184719324111938,2.5996770673887597,2.1006650924682617,11.214822769165039,-0.09231439977884293,-0.6414676308631897,0.8963917056755308,4812346,chunk_19,54.15624237060547,52.364280700683594,54.15624237060547,230.77911376953125,230.77911376953125,230.77911376953125,1.0
sign_test_og_cel1.0__norm_frobenius,frobenius,48,1.0,0.8,1.0,0.0,0.07375786453485489,0.2848871709943843,4.191086769104004,6.0306901931762695,-0.09231439977884293,-0.6414676308631897,0.8963917056755308,4812346,chunk_19,54.15624237060547,52.364280700683594,54.15624237060547,230.77911376953125,230.77911376953125,230.77911376953125,1.0
sign_test_og_cel1.0__norm_frobenius,frobenius,48,1.0,0.8,1.5,0.0,1.747292399406433,3.022602056412026,4.239535808563232,19.256162643432617,-0.09231439977884293,-0.6414676308631897,0.8963917056755308,4812346,chunk_19,54.15624237060547,52.364280700683594,54.15624237060547,230.77911376953125,230.77911376953125,230.77911376953125,1.0
sign_test_og_cel1.0__norm_frobenius,frobenius,48,1.0,1.0,0.1,0.0,3.0151772499084473,3.152045358348523,1.1287007331848145,4.955508708953857,-0.09231439977884293,-0.6414676308631897,0.8963917056755308,4812346,chunk_19,54.15624237060547,52.364280700683594,54.15624237060547,230.77911376953125,230.77911376953125,230.77911376953125,1.0
sign_test_og_cel1.0__norm_frobenius,frobenius,48,1.0,1.0,0.5,0.0,1.2685848474502563,1.4588915239654199,1.3786653280258179,4.09786319732666,-0.09231439977884293,-0.6414676308631897,0.8963917056755308,4812346,chunk_19,54.15624237060547,52.364280700683594,54.15624237060547,230.77911376953125,230.77911376953125,230.77911376953125,1.0
sign_test_og_cel1.0__norm_frobenius,frobenius,48,1.0,1.0,1.0,0.0,1.3154854774475098,1.805908809023948,1.7689664363861084,5.6421380043029785,-0.09231439977884293,-0.6414676308631897,0.8963917056755308,4812346,chunk_19,54.15624237060547,52.364280700683594,54.15624237060547,230.77911376953125,230.77911376953125,230.77911376953125,1.0
sign_test_og_cel1.0__norm_frobenius,frobenius,48,1.0,1.0,1.5,0.0,1.210355281829834,1.9618866330440845,2.133517026901245,8.073917388916016,-0.09231439977884293,-0.6414676308631897,0.8963917056755308,4812346,chunk_19,54.15624237060547,52.364280700683594,54.15624237060547,230.77911376953125,230.77911376953125,230.77911376953125,1.0
sign_test_og_cel0.06113256113256113__norm_frobenius,frobenius,49,1.0,0.6,0.1,0.0,4.252145767211914,4.368246426248561,4.731724262237549,6.277780055999756,0.08171049505472183,0.5677839517593384,0.8963917056755308,4912346,chunk_19,46.563560485839844,52.364280700683594,46.563560485839844,230.77911376953125,230.77911376953125,230.77911376953125,1.0
sign_test_og_cel0.06113256113256113__norm_frobenius,frobenius,49,1.0,0.6,0.5,0.0,3.3410770893096924,4.140986833711398,7.932323455810547,10.032752990722656,0.08171049505472183,0.5677839517593384,0.8963917056755308,4912346,chunk_19,46.563560485839844,52.364280700683594,46.563560485839844,230.77911376953125,230.77911376953125,230.77911376953125,1.0
sign_test_og_cel0.06113256113256113__norm_frobenius,frobenius,49,1.0,0.6,1.0,0.0,2.5329878330230713,3.1330376807854066,13.60201644897461,17.97161293029785,0.08171049505472183,0.5677839517593384,0.8963917056755308,4912346,chunk_19,46.563560485839844,52.364280700683594,46.563560485839844,230.77911376953125,230.77911376953125,230.77911376953125,1.0
sign_test_og_cel0.06113256113256113__norm_frobenius,frobenius,49,1.0,0.6,1.5,0.0,2.623164176940918,3.998205214061727,18.904075622558594,27.391752243041992,0.08171049505472183,0.5677839517593384,0.8963917056755308,4912346,chunk_19,46.563560485839844,52.364280700683594,46.563560485839844,230.77911376953125,230.77911376953125,230.77911376953125,1.0
sign_test_og_cel0.06113256113256113__norm_frobenius,frobenius,49,1.0,0.8,0.1,0.0,4.839272975921631,5.038144576802068,5.64469575881958,3.0742547512054443,0.08171049505472183,0.5677839517593384,0.8963917056755308,4912346,chunk_19,46.563560485839844,52.364280700683594,46.563560485839844,230.77911376953125,230.77911376953125,230.77911376953125,1.0
sign_test_og_cel0.06113256113256113__norm_frobenius,frobenius,49,1.0,0.8,0.5,0.0,2.8561089038848877,3.2503656808827888,10.456368446350098,4.7852702140808105,0.08171049505472183,0.5677839517593384,0.8963917056755308,4912346,chunk_19,46.563560485839844,52.364280700683594,46.563560485839844,230.77911376953125,230.77911376953125,230.77911376953125,1.0
sign_test_og_cel0.06113256113256113__norm_frobenius,frobenius,49,1.0,0.8,1.0,0.0,3.0097036361694336,4.110937658677813,16.217008590698242,13.461816787719727,0.08171049505472183,0.5677839517593384,0.8963917056755308,4912346,chunk_19,46.563560485839844,52.364280700683594,46.563560485839844,230.77911376953125,230.77911376953125,230.77911376953125,1.0
sign_test_og_cel0.06113256113256113__norm_frobenius,frobenius,49,1.0,0.8,1.5,0.0,2.518131971359253,4.535490078280418,25.480850219726562,37.66838455200195,0.08171049505472183,0.5677839517593384,0.8963917056755308,4912346,chunk_19,46.563560485839844,52.364280700683594,46.563560485839844,230.77911376953125,230.77911376953125,230.77911376953125,1.0
sign_test_og_cel0.06113256113256113__norm_frobenius,frobenius,49,1.0,1.0,0.1,0.0,5.444671154022217,5.694719390921364,4.8769330978393555,8.1451997756958,0.08171049505472183,0.5677839517593384,0.8963917056755308,4912346,chunk_19,46.563560485839844,52.364280700683594,46.563560485839844,230.77911376953125,230.77911376953125,230.77911376953125,1.0
sign_test_og_cel0.06113256113256113__norm_frobenius,frobenius,49,1.0,1.0,0.5,0.0,3.644606828689575,3.876048063834446,10.371379852294922,16.612531661987305,0.08171049505472183,0.5677839517593384,0.8963917056755308,4912346,chunk_19,46.563560485839844,52.364280700683594,46.563560485839844,230.77911376953125,230.77911376953125,230.77911376953125,1.0
sign_test_og_cel0.06113256113256113__norm_frobenius,frobenius,49,1.0,1.0,1.0,0.0,2.1891074180603027,3.5452212304021486,18.671297073364258,9.404918670654297,0.08171049505472183,0.5677839517593384,0.8963917056755308,4912346,chunk_19,46.563560485839844,52.364280700683594,46.563560485839844,230.77911376953125,230.77911376953125,230.77911376953125,1.0
sign_test_og_cel0.06113256113256113__norm_frobenius,frobenius,49,1.0,1.0,1.5,0.0,1.0877835750579834,1.3206364062308937,30.13150978088379,21.421987533569336,0.08171049505472183,0.5677839517593384,0.8963917056755308,4912346,chunk_19,46.563560485839844,52.364280700683594,46.563560485839844,230.77911376953125,230.77911376953125,230.77911376953125,1.0
sign_test_og_cel0.0__norm_frobenius,frobenius,49,1.0,0.6,0.1,0.0,2.611692190170288,2.750904453911744,3.1489245891571045,3.984565019607544,0.09231439977884293,0.6414676308631897,0.8963917056755308,4912346,chunk_19,54.156253814697266,52.364280700683594,54.156253814697266,230.77911376953125,230.77911376953125,230.77911376953125,1.0
sign_test_og_cel0.0__norm_frobenius,frobenius,49,1.0,0.6,0.5,0.0,1.6264283657073975,1.7652726137253012,4.206972122192383,5.159916877746582,0.09231439977884293,0.6414676308631897,0.8963917056755308,4912346,chunk_19,54.156253814697266,52.364280700683594,54.156253814697266,230.77911376953125,230.77911376953125,230.77911376953125,1.0
sign_test_og_cel0.0__norm_frobenius,frobenius,49,1.0,0.6,1.0,0.0,1.2145344018936157,1.7876995510687266,3.786858558654785,5.430782318115234,0.09231439977884293,0.6414676308631897,0.8963917056755308,4912346,chunk_19,54.156253814697266,52.364280700683594,54.156253814697266,230.77911376953125,230.77911376953125,230.77911376953125,1.0
sign_test_og_cel0.0__norm_frobenius,frobenius,49,1.0,0.6,1.5,0.0,1.9902077913284302,3.175495131389937,10.02399730682373,15.71960735321045,0.09231439977884293,0.6414676308631897,0.8963917056755308,4912346,chunk_19,54.156253814697266,52.364280700683594,54.156253814697266,230.77911376953125,230.77911376953125,230.77911376953125,1.0
sign_test_og_cel0.0__norm_frobenius,frobenius,49,1.0,0.8,0.1,0.0,2.7744922637939453,2.8990240455984093,2.2486186027526855,4.138515472412109,0.09231439977884293,0.6414676308631897,0.8963917056755308,4912346,chunk_19,54.156253814697266,52.364280700683594,54.156253814697266,230.77911376953125,230.77911376953125,230.77911376953125,1.0
sign_test_og_cel0.0__norm_frobenius,frobenius,49,1.0,0.8,0.5,0.0,2.4201672077178955,2.7628110759338007,4.256691932678223,8.253024101257324,0.09231439977884293,0.6414676308631897,0.8963917056755308,4912346,chunk_19,54.156253814697266,52.364280700683594,54.156253814697266,230.77911376953125,230.77911376953125,230.77911376953125,1.0
sign_test_og_cel0.0__norm_frobenius,frobenius,49,1.0,0.8,1.0,0.0,2.4677250385284424,3.7424651303409746,7.907835960388184,13.523843765258789,0.09231439977884293,0.6414676308631897,0.8963917056755308,4912346,chunk_19,54.156253814697266,52.364280700683594,54.156253814697266,230.77911376953125,230.77911376953125,230.77911376953125,1.0
sign_test_og_cel0.0__norm_frobenius,frobenius,49,1.0,0.8,1.5,0.0,2.1274209022521973,3.2531798677924657,18.758939743041992,12.568224906921387,0.09231439977884293,0.6414676308631897,0.8963917056755308,4912346,chunk_19,54.156253814697266,52.364280700683594,54.156253814697266,230.77911376953125,230.77911376953125,230.77911376953125,1.0
sign_test_og_cel0.0__norm_frobenius,frobenius,49,1.0,1.0,0.1,0.0,1.0948991775512695,1.2197888671776695,1.3372976779937744,3.0602316856384277,0.09231439977884293,0.6414676308631897,0.8963917056755308,4912346,chunk_19,54.156253814697266,52.364280700683594,54.156253814697266,230.77911376953125,230.77911376953125,230.77911376953125,1.0
sign_test_og_cel0.0__norm_frobenius,frobenius,49,1.0,1.0,0.5,0.0,2.961798906326294,3.413206492070202,5.354705810546875,10.23628044128418,0.09231439977884293,0.6414676308631897,0.8963917056755308,4912346,chunk_19,54.156253814697266,52.364280700683594,54.156253814697266,230.77911376953125,230.77911376953125,230.77911376953125,1.0
sign_test_og_cel0.0__norm_frobenius,frobenius,49,1.0,1.0,1.0,0.0,1.9100341796875,3.386224140955356,10.319650650024414,20.027902603149414,0.09231439977884293,0.6414676308631897,0.8963917056755308,4912346,chunk_19,54.156253814697266,52.364280700683594,54.156253814697266,230.77911376953125,230.77911376953125,230.77911376953125,1.0
sign_test_og_cel0.0__norm_frobenius,frobenius,49,1.0,1.0,1.5,0.0,2.165513277053833,3.3589063631272893,20.38386344909668,28.854814529418945,0.09231439977884293,0.6414676308631897,0.8963917056755308,4912346,chunk_19,54.156253814697266,52.364280700683594,54.156253814697266,230.77911376953125,230.77911376953125,230.77911376953125,1.0
sign_test_og_cel0.1__norm_frobenius,frobenius,49,1.0,0.6,0.1,0.0,3.340487480163574,3.4663956608609396,15.492769241333008,13.14110279083252,0.07470833510160446,0.5191278457641602,0.8963917056755308,4912346,chunk_19,43.19352722167969,52.364280700683594,43.19352722167969,230.77911376953125,230.77911376953125,230.77911376953125,1.0
sign_test_og_cel0.1__norm_frobenius,frobenius,49,1.0,0.6,0.5,0.0,3.8740732669830322,4.768298714324374,7.43109655380249,9.616341590881348,0.07470833510160446,0.5191278457641602,0.8963917056755308,4912346,chunk_19,43.19352722167969,52.364280700683594,43.19352722167969,230.77911376953125,230.77911376953125,230.77911376953125,1.0
sign_test_og_cel0.1__norm_frobenius,frobenius,49,1.0,0.6,1.0,0.0,0.40164777636528015,0.5081108501661049,20.946863174438477,20.454063415527344,0.07470833510160446,0.5191278457641602,0.8963917056755308,4912346,chunk_19,43.19352722167969,52.364280700683594,43.19352722167969,230.77911376953125,230.77911376953125,230.77911376953125,1.0
sign_test_og_cel0.1__norm_frobenius,frobenius,49,1.0,0.6,1.5,0.0,1.4218008518218994,1.7399328914965508,24.467880249023438,53.423282623291016,0.07470833510160446,0.5191278457641602,0.8963917056755308,4912346,chunk_19,43.19352722167969,52.364280700683594,43.19352722167969,230.77911376953125,230.77911376953125,230.77911376953125,1.0
sign_test_og_cel0.1__norm_frobenius,frobenius,49,1.0,0.8,0.1,0.0,4.854957580566406,4.982386960191483,10.310802459716797,6.934007167816162,0.07470833510160446,0.5191278457641602,0.8963917056755308,4912346,chunk_19,43.19352722167969,52.364280700683594,43.19352722167969,230.77911376953125,230.77911376953125,230.77911376953125,1.0
sign_test_og_cel0.1__norm_frobenius,frobenius,49,1.0,0.8,0.5,0.0,3.698655128479004,4.6598149454273425,19.467090606689453,13.24681568145752,0.07470833510160446,0.5191278457641602,0.8963917056755308,4912346,chunk_19,43.19352722167969,52.364280700683594,43.19352722167969,230.77911376953125,230.77911376953125,230.77911376953125,1.0
sign_test_og_cel0.1__norm_frobenius,frobenius,49,1.0,0.8,1.0,0.0,3.822024345397949,5.120640192638035,33.64215850830078,32.02873611450195,0.07470833510160446,0.5191278457641602,0.8963917056755308,4912346,chunk_19,43.19352722167969,52.364280700683594,43.19352722167969,230.77911376953125,230.77911376953125,230.77911376953125,1.0
sign_test_og_cel0.1__norm_frobenius,frobenius,49,1.0,0.8,1.5,0.0,1.9976186752319336,2.950414491981519,11.235450744628906,18.710872650146484,0.07470833510160446,0.5191278457641602,0.8963917056755308,4912346,chunk_19,43.19352722167969,52.364280700683594,43.19352722167969,230.77911376953125,230.77911376953125,230.77911376953125,1.0
sign_test_og_cel0.1__norm_frobenius,frobenius,49,1.0,1.0,0.1,0.0,3.7655582427978516,3.8869210519396624,8.59939956665039,12.16977596282959,0.07470833510160446,0.5191278457641602,0.8963917056755308,4912346,chunk_19,43.19352722167969,52.364280700683594,43.19352722167969,230.77911376953125,230.77911376953125,230.77911376953125,1.0
sign_test_og_cel0.1__norm_frobenius,frobenius,49,1.0,1.0,0.5,0.0,3.055027961730957,3.8779552740411845,31.432401657104492,28.982891082763672,0.07470833510160446,0.5191278457641602,0.8963917056755308,4912346,chunk_19,43.19352722167969,52.364280700683594,43.19352722167969,230.77911376953125,230.77911376953125,230.77911376953125,1.0
sign_test_og_cel0.1__norm_frobenius,frobenius,49,1.0,1.0,1.0,0.0,3.1318318843841553,4.304366107806686,48.47869873046875,53.87467575073242,0.07470833510160446,0.5191278457641602,0.8963917056755308,4912346,chunk_19,43.19352722167969,52.364280700683594,43.19352722167969,230.77911376953125,230.77911376953125,230.77911376953125,1.0
sign_test_og_cel0.1__norm_frobenius,frobenius,49,1.0,1.0,1.5,0.0,1.6307746171951294,1.8728100756528647,64.71338653564453,60.54127502441406,0.07470833510160446,0.5191278457641602,0.8963917056755308,4912346,chunk_19,43.19352722167969,52.364280700683594,43.19352722167969,230.77911376953125,230.77911376953125,230.77911376953125,1.0
sign_test_og_cel0.2__norm_frobenius,frobenius,49,1.0,0.6,0.1,0.0,3.961200714111328,4.083739227763942,20.278308868408203,8.505064010620117,0.05647587776184082,0.3924354910850525,0.8963917056755308,4912346,chunk_19,36.97492980957031,52.364280700683594,36.97492980957031,230.77911376953125,230.77911376953125,230.77911376953125,1.0
sign_test_og_cel0.2__norm_frobenius,frobenius,49,1.0,0.6,0.5,0.0,2.9407618045806885,3.1788010647207656,42.22187805175781,33.77006149291992,0.05647587776184082,0.3924354910850525,0.8963917056755308,4912346,chunk_19,36.97492980957031,52.364280700683594,36.97492980957031,230.77911376953125,230.77911376953125,230.77911376953125,1.0
sign_test_og_cel0.2__norm_frobenius,frobenius,49,1.0,0.6,1.0,0.0,1.909557580947876,2.3589119649588213,37.47861099243164,27.536659240722656,0.05647587776184082,0.3924354910850525,0.8963917056755308,4912346,chunk_19,36.97492980957031,52.364280700683594,36.97492980957031,230.77911376953125,230.77911376953125,230.77911376953125,1.0
sign_test_og_cel0.2__norm_frobenius,frobenius,49,1.0,0.6,1.5,0.0,3.1012401580810547,4.672615016292582,39.0805778503418,39.85249328613281,0.05647587776184082,0.3924354910850525,0.8963917056755308,4912346,chunk_19,36.97492980957031,52.364280700683594,36.97492980957031,230.77911376953125,230.77911376953125,230.77911376953125,1.0
sign_test_og_cel0.2__norm_frobenius,frobenius,49,1.0,0.8,0.1,0.0,4.989803791046143,5.227993499631907,12.282153129577637,11.767857551574707,0.05647587776184082,0.3924354910850525,0.8963917056755308,4912346,chunk_19,36.97492980957031,52.364280700683594,36.97492980957031,230.77911376953125,230.77911376953125,230.77911376953125,1.0
sign_test_og_cel0.2__norm_frobenius,frobenius,49,1.0,0.8,0.5,0.0,3.1711528301239014,3.406876090110522,43.71809005737305,50.48064041137695,0.05647587776184082,0.3924354910850525,0.8963917056755308,4912346,chunk_19,36.97492980957031,52.364280700683594,36.97492980957031,230.77911376953125,230.77911376953125,230.77911376953125,1.0
sign_test_og_cel0.2__norm_frobenius,frobenius,49,1.0,0.8,1.0,0.0,0.17737267911434174,0.27611252595073665,44.961341857910156,22.468765258789062,0.05647587776184082,0.3924354910850525,0.8963917056755308,4912346,chunk_19,36.97492980957031,52.364280700683594,36.97492980957031,230.77911376953125,230.77911376953125,230.77911376953125,1.0
sign_test_og_cel0.2__norm_frobenius,frobenius,49,1.0,0.8,1.5,0.0,3.789294481277466,5.069833442905406,47.27408218383789,45.078941345214844,0.05647587776184082,0.3924354910850525,0.8963917056755308,4912346,chunk_19,36.97492980957031,52.364280700683594,36.97492980957031,230.77911376953125,230.77911376953125,230.77911376953125,1.0
sign_test_og_cel0.2__norm_frobenius,frobenius,49,1.0,1.0,0.1,0.0,3.425377607345581,3.528052642940267,24.942270278930664,23.691638946533203,0.05647587776184082,0.3924354910850525,0.8963917056755308,4912346,chunk_19,36.97492980957031,52.364280700683594,36.97492980957031,230.77911376953125,230.77911376953125,230.77911376953125,1.0
sign_test_og_cel0.2__norm_frobenius,frobenius,49,1.0,1.0,0.5,0.0,2.494523048400879,3.1098074435805074,41.65016174316406,26.863876342773438,0.05647587776184082,0.3924354910850525,0.8963917056755308,4912346,chunk_19,36.97492980957031,52.364280700683594,36.97492980957031,230.77911376953125,230.77911376953125,230.77911376953125,1.0
sign_test_og_cel0.2__norm_frobenius,frobenius,49,1.0,1.0,1.0,0.0,3.4787395000457764,4.2844767609445285,79.85719299316406,96.99258422851562,0.05647587776184082,0.3924354910850525,0.8963917056755308,4912346,chunk_19,36.97492980957031,52.364280700683594,36.97492980957031,230.77911376953125,230.77911376953125,230.77911376953125,1.0
sign_test_og_cel0.2__norm_frobenius,frobenius,49,1.0,1.0,1.5,0.0,2.938420295715332,3.59604322482447,100.9902114868164,101.96634674072266,0.05647587776184082,0.3924354910850525,0.8963917056755308,4912346,chunk_19,36.97492980957031,52.364280700683594,36.97492980957031,230.77911376953125,230.77911376953125,230.77911376953125,1.0
sign_test_og_cel0.3__norm_frobenius,frobenius,49,1.0,0.6,0.1,0.0,2.0372283458709717,2.185672430595332,33.968223571777344,26.844911575317383,0.039764653891325,0.2763137221336365,0.8963917056755308,4912346,chunk_19,25.227453231811523,52.364280700683594,25.227453231811523,230.77911376953125,230.77911376953125,230.77911376953125,1.0
sign_test_og_cel0.3__norm_frobenius,frobenius,49,1.0,0.6,0.5,0.0,2.444798707962036,2.6989390042719776,62.37820053100586,56.45425033569336,0.039764653891325,0.2763137221336365,0.8963917056755308,4912346,chunk_19,25.227453231811523,52.364280700683594,25.227453231811523,230.77911376953125,230.77911376953125,230.77911376953125,1.0
sign_test_og_cel0.3__norm_frobenius,frobenius,49,1.0,0.6,1.0,0.0,1.9690001010894775,2.240956719836035,112.24496459960938,110.61045837402344,0.039764653891325,0.2763137221336365,0.8963917056755308,4912346,chunk_19,25.227453231811523,52.364280700683594,25.227453231811523,230.77911376953125,230.77911376953125,230.77911376953125,1.0
sign_test_og_cel0.3__norm_frobenius,frobenius,49,1.0,0.6,1.5,0.0,0.08382179588079453,0.20788827968793555,108.49510955810547,120.2604751586914,0.039764653891325,0.2763137221336365,0.8963917056755308,4912346,chunk_19,25.227453231811523,52.364280700683594,25.227453231811523,230.77911376953125,230.77911376953125,230.77911376953125,1.0
sign_test_og_cel0.3__norm_frobenius,frobenius,49,1.0,0.8,0.1,0.0,0.08576296269893646,0.1636905816125136,69.24070739746094,68.39614868164062,0.039764653891325,0.2763137221336365,0.8963917056755308,4912346,chunk_19,25.227453231811523,52.364280700683594,25.227453231811523,230.77911376953125,230.77911376953125,230.77911376953125,1.0
sign_test_og_cel0.3__norm_frobenius,frobenius,49,1.0,0.8,0.5,0.0,2.093944787979126,2.2339155564845896,135.6890106201172,140.2372283935547,0.039764653891325,0.2763137221336365,0.8963917056755308,4912346,chunk_19,25.227453231811523,52.364280700683594,25.227453231811523,230.77911376953125,230.77911376953125,230.77911376953125,1.0
sign_test_og_cel0.3__norm_frobenius,frobenius,49,1.0,0.8,1.0,0.0,1.5613183975219727,1.6725766444042165,148.7472686767578,151.9339141845703,0.039764653891325,0.2763137221336365,0.8963917056755308,4912346,chunk_19,25.227453231811523,52.364280700683594,25.227453231811523,230.77911376953125,230.77911376953125,230.77911376953125,1.0
sign_test_og_cel0.3__norm_frobenius,frobenius,49,1.0,0.8,1.5,0.0,2.5966665744781494,2.9537382897053703,166.4734344482422,176.36570739746094,0.039764653891325,0.2763137221336365,0.8963917056755308,4912346,chunk_19,25.227453231811523,52.364280700683594,25.227453231811523,230.77911376953125,230.77911376953125,230.77911376953125,1.0
sign_test_og_cel0.3__norm_frobenius,frobenius,49,1.0,1.0,0.1,0.0,1.7620974779129028,1.8760399386961808,7.45020055770874,146.53826904296875,0.039764653891325,0.2763137221336365,0.8963917056755308,4912346,chunk_19,25.227453231811523,52.364280700683594,25.227453231811523,230.77911376953125,230.77911376953125,230.77911376953125,1.0
sign_test_og_cel0.3__norm_frobenius,frobenius,49,1.0,1.0,0.5,0.0,0.4905427098274231,0.6129934286496121,185.04379272460938,196.08827209472656,0.039764653891325,0.2763137221336365,0.8963917056755308,4912346,chunk_19,25.227453231811523,52.364280700683594,25.227453231811523,230.77911376953125,230.77911376953125,230.77911376953125,1.0
sign_test_og_cel0.3__norm_frobenius,frobenius,49,1.0,1.0,1.0,0.0,2.4801840782165527,2.664446230762394,202.02320861816406,210.0966339111328,0.039764653891325,0.2763137221336365,0.8963917056755308,4912346,chunk_19,25.227453231811523,52.364280700683594,25.227453231811523,230.77911376953125,230.77911376953125,230.77911376953125,1.0
sign_test_og_cel0.3__norm_frobenius,frobenius,49,1.0,1.0,1.5,0.0,0.6056070923805237,0.770625785526363,214.44810485839844,222.77542114257812,0.039764653891325,0.2763137221336365,0.8963917056755308,4912346,chunk_19,25.227453231811523,52.364280700683594,25.227453231811523,230.77911376953125,230.77911376953125,230.77911376953125,1.0
sign_test_og_cel0.4__norm_frobenius,frobenius,49,1.0,0.6,0.1,0.0,1.7638834714889526,1.953170724428901,142.07229614257812,142.27798461914062,0.02155456878244877,0.14977681636810303,0.8963917056755308,4912346,chunk_19,25.50395965576172,52.364280700683594,25.50395965576172,230.77911376953125,230.77911376953125,230.77911376953125,1.0
sign_test_og_cel0.4__norm_frobenius,frobenius,49,1.0,0.6,0.5,0.0,0.5833625197410583,0.7275725592042477,159.06471252441406,157.93226623535156,0.02155456878244877,0.14977681636810303,0.8963917056755308,4912346,chunk_19,25.50395965576172,52.364280700683594,25.50395965576172,230.77911376953125,230.77911376953125,230.77911376953125,1.0
sign_test_og_cel0.4__norm_frobenius,frobenius,49,1.0,0.6,1.0,0.0,2.082564353942871,2.354043890212573,174.25413513183594,177.29025268554688,0.02155456878244877,0.14977681636810303,0.8963917056755308,4912346,chunk_19,25.50395965576172,52.364280700683594,25.50395965576172,230.77911376953125,230.77911376953125,230.77911376953125,1.0
sign_test_og_cel0.4__norm_frobenius,frobenius,49,1.0,0.6,1.5,0.0,2.6836800575256348,3.141681282059835,180.3672332763672,182.51161193847656,0.02155456878244877,0.14977681636810303,0.8963917056755308,4912346,chunk_19,25.50395965576172,52.364280700683594,25.50395965576172,230.77911376953125,230.77911376953125,230.77911376953125,1.0
sign_test_og_cel0.4__norm_frobenius,frobenius,49,1.0,0.8,0.1,0.0,1.6205984354019165,1.7156926114208773,188.7965850830078,184.6499786376953,0.02155456878244877,0.14977681636810303,0.8963917056755308,4912346,chunk_19,25.50395965576172,52.364280700683594,25.50395965576172,230.77911376953125,230.77911376953125,230.77911376953125,1.0
sign_test_og_cel0.4__norm_frobenius,frobenius,49,1.0,0.8,0.5,0.0,2.0676803588867188,2.1566991938365447,194.637939453125,189.67747497558594,0.02155456878244877,0.14977681636810303,0.8963917056755308,4912346,chunk_19,25.50395965576172,52.364280700683594,25.50395965576172,230.77911376953125,230.77911376953125,230.77911376953125,1.0
sign_test_og_cel0.4__norm_frobenius,frobenius,49,1.0,0.8,1.0,0.0,2.654096841812134,2.825667827788351,197.9865264892578,189.53317260742188,0.02155456878244877,0.14977681636810303,0.8963917056755308,4912346,chunk_19,25.50395965576172,52.364280700683594,25.50395965576172,230.77911376953125,230.77911376953125,230.77911376953125,1.0
sign_test_og_cel0.4__norm_frobenius,frobenius,49,1.0,0.8,1.5,0.0,3.0331971645355225,3.401702321663265,208.81961059570312,209.8571319580078,0.02155456878244877,0.14977681636810303,0.8963917056755308,4912346,chunk_19,25.50395965576172,52.364280700683594,25.50395965576172,230.77911376953125,230.77911376953125,230.77911376953125,1.0
sign_test_og_cel0.4__norm_frobenius,frobenius,49,1.0,1.0,0.1,0.0,1.933771014213562,2.0675490771046725,207.98268127441406,213.0974578857422,0.02155456878244877,0.14977681636810303,0.8963917056755308,4912346,chunk_19,25.50395965576172,52.364280700683594,25.50395965576172,230.77911376953125,230.77911376953125,230.77911376953125,1.0
sign_test_og_cel0.4__norm_frobenius,frobenius,49,1.0,1.0,0.5,0.0,2.2467474937438965,2.330277903415322,217.35464477539062,213.8244171142578,0.02155456878244877,0.14977681636810303,0.8963917056755308,4912346,chunk_19,25.50395965576172,52.364280700683594,25.50395965576172,230.77911376953125,230.77911376953125,230.77911376953125,1.0
sign_test_og_cel0.4__norm_frobenius,frobenius,49,1.0,1.0,1.0,0.0,2.8112826347351074,2.9742190700954154,223.0384979248047,219.17555236816406,0.02155456878244877,0.14977681636810303,0.8963917056755308,4912346,chunk_19,25.50395965576172,52.364280700683594,25.50395965576172,230.77911376953125,230.77911376953125,230.77911376953125,1.0
sign_test_og_cel0.4__norm_frobenius,frobenius,49,1.0,1.0,1.5,0.0,3.483621120452881,3.741062662538411,225.0748291015625,222.6270751953125,0.02155456878244877,0.14977681636810303,0.8963917056755308,4912346,chunk_19,25.50395965576172,52.364280700683594,25.50395965576172,230.77911376953125,230.77911376953125,230.77911376953125,1.0
sign_test_og_cel0.5__norm_frobenius,frobenius,49,1.0,0.6,0.1,0.0,0.9237755537033081,1.0769843039035152,165.18272399902344,155.66712951660156,0.003590563777834177,0.024949852377176285,0.8963917056755308,4912346,chunk_19,27.542522430419922,52.364280700683594,27.542522430419922,230.77911376953125,230.77911376953125,230.77911376953125,1.0
sign_test_og_cel0.5__norm_frobenius,frobenius,49,1.0,0.6,0.5,0.0,1.2682040929794312,1.4322939362724014,183.90940856933594,182.23526000976562,0.003590563777834177,0.024949852377176285,0.8963917056755308,4912346,chunk_19,27.542522430419922,52.364280700683594,27.542522430419922,230.77911376953125,230.77911376953125,230.77911376953125,1.0
sign_test_og_cel0.5__norm_frobenius,frobenius,49,1.0,0.6,1.0,0.0,1.9925806522369385,2.1590374273944093,189.4039764404297,189.64617919921875,0.003590563777834177,0.024949852377176285,0.8963917056755308,4912346,chunk_19,27.542522430419922,52.364280700683594,27.542522430419922,230.77911376953125,230.77911376953125,230.77911376953125,1.0
sign_test_og_cel0.5__norm_frobenius,frobenius,49,1.0,0.6,1.5,0.0,2.7419416904449463,3.035002917316234,193.1777801513672,195.74197387695312,0.003590563777834177,0.024949852377176285,0.8963917056755308,4912346,chunk_19,27.542522430419922,52.364280700683594,27.542522430419922,230.77911376953125,230.77911376953125,230.77911376953125,1.0
sign_test_og_cel0.5__norm_frobenius,frobenius,49,1.0,0.8,0.1,0.0,1.7834023237228394,1.8598233796794261,196.5454864501953,196.6808624267578,0.003590563777834177,0.024949852377176285,0.8963917056755308,4912346,chunk_19,27.542522430419922,52.364280700683594,27.542522430419922,230.77911376953125,230.77911376953125,230.77911376953125,1.0
sign_test_og_cel0.5__norm_frobenius,frobenius,49,1.0,0.8,0.5,0.0,1.864973783493042,1.9939582144960077,208.9951171875,207.70350646972656,0.003590563777834177,0.024949852377176285,0.8963917056755308,4912346,chunk_19,27.542522430419922,52.364280700683594,27.542522430419922,230.77911376953125,230.77911376953125,230.77911376953125,1.0
sign_test_og_cel0.5__norm_frobenius,frobenius,49,1.0,0.8,1.0,0.0,2.6244778633117676,2.780938677006112,213.4746856689453,214.36141967773438,0.003590563777834177,0.024949852377176285,0.8963917056755308,4912346,chunk_19,27.542522430419922,52.364280700683594,27.542522430419922,230.77911376953125,230.77911376953125,230.77911376953125,1.0
sign_test_og_cel0.5__norm_frobenius,frobenius,49,1.0,0.8,1.5,0.0,3.2989604473114014,3.5595692839065123,215.74586486816406,218.49810791015625,0.003590563777834177,0.024949852377176285,0.8963917056755308,4912346,chunk_19,27.542522430419922,52.364280700683594,27.542522430419922,230.77911376953125,230.77911376953125,230.77911376953125,1.0
sign_test_og_cel0.5__norm_frobenius,frobenius,49,1.0,1.0,0.1,0.0,1.575920820236206,1.7106841026901218,203.1887969970703,211.32301330566406,0.003590563777834177,0.024949852377176285,0.8963917056755308,4912346,chunk_19,27.542522430419922,52.364280700683594,27.542522430419922,230.77911376953125,230.77911376953125,230.77911376953125,1.0
sign_test_og_cel0.5__norm_frobenius,frobenius,49,1.0,1.0,0.5,0.0,1.8398118019104004,1.9851812853626143,208.7124786376953,213.072265625,0.003590563777834177,0.024949852377176285,0.8963917056755308,4912346,chunk_19,27.542522430419922,52.364280700683594,27.542522430419922,230.77911376953125,230.77911376953125,230.77911376953125,1.0
sign_test_og_cel0.5__norm_frobenius,frobenius,49,1.0,1.0,1.0,0.0,2.4759042263031006,2.6211063176546077,217.4569549560547,220.71884155273438,0.003590563777834177,0.024949852377176285,0.8963917056755308,4912346,chunk_19,27.542522430419922,52.364280700683594,27.542522430419922,230.77911376953125,230.77911376953125,230.77911376953125,1.0
sign_test_og_cel0.5__norm_frobenius,frobenius,49,1.0,1.0,1.5,0.0,3.0443801879882812,3.3159082443825696,222.25233459472656,228.9323272705078,0.003590563777834177,0.024949852377176285,0.8963917056755308,4912346,chunk_19,27.542522430419922,52.364280700683594,27.542522430419922,230.77911376953125,230.77911376953125,230.77911376953125,1.0
sign_test_og_cel0.6__norm_frobenius,frobenius,49,1.0,0.6,0.1,0.0,0.7016061544418335,0.8248823727054727,170.76426696777344,173.598876953125,-0.013814162462949753,-0.0959908589720726,0.8963917056755308,4912346,chunk_19,27.53475570678711,52.364280700683594,27.53475570678711,230.77911376953125,230.77911376953125,230.77911376953125,1.0
sign_test_og_cel0.6__norm_frobenius,frobenius,49,1.0,0.6,0.5,0.0,1.321204662322998,1.4727687164375993,175.72042846679688,179.0019073486328,-0.013814162462949753,-0.0959908589720726,0.8963917056755308,4912346,chunk_19,27.53475570678711,52.364280700683594,27.53475570678711,230.77911376953125,230.77911376953125,230.77911376953125,1.0
sign_test_og_cel0.6__norm_frobenius,frobenius,49,1.0,0.6,1.0,0.0,2.423510789871216,2.6570460109813894,182.4566192626953,181.55360412597656,-0.013814162462949753,-0.0959908589720726,0.8963917056755308,4912346,chunk_19,27.53475570678711,52.364280700683594,27.53475570678711,230.77911376953125,230.77911376953125,230.77911376953125,1.0
sign_test_og_cel0.6__norm_frobenius,frobenius,49,1.0,0.6,1.5,0.0,3.096198081970215,3.545793178159989,175.76693725585938,183.0561065673828,-0.013814162462949753,-0.0959908589720726,0.8963917056755308,4912346,chunk_19,27.53475570678711,52.364280700683594,27.53475570678711,230.77911376953125,230.77911376953125,230.77911376953125,1.0
sign_test_og_cel0.6__norm_frobenius,frobenius,49,1.0,0.8,0.1,0.0,0.07188680022954941,0.17044803148564824,193.42811584472656,195.19503784179688,-0.013814162462949753,-0.0959908589720726,0.8963917056755308,4912346,chunk_19,27.53475570678711,52.364280700683594,27.53475570678711,230.77911376953125,230.77911376953125,230.77911376953125,1.0
sign_test_og_cel0.6__norm_frobenius,frobenius,49,1.0,0.8,0.5,0.0,1.4220497608184814,1.5615085817355236,203.67605590820312,207.88491821289062,-0.013814162462949753,-0.0959908589720726,0.8963917056755308,4912346,chunk_19,27.53475570678711,52.364280700683594,27.53475570678711,230.77911376953125,230.77911376953125,230.77911376953125,1.0
sign_test_og_cel0.6__norm_frobenius,frobenius,49,1.0,0.8,1.0,0.0,2.8095664978027344,3.0262136632363763,208.6554718017578,215.2532501220703,-0.013814162462949753,-0.0959908589720726,0.8963917056755308,4912346,chunk_19,27.53475570678711,52.364280700683594,27.53475570678711,230.77911376953125,230.77911376953125,230.77911376953125,1.0
sign_test_og_cel0.6__norm_frobenius,frobenius,49,1.0,0.8,1.5,0.0,3.5548815727233887,3.839211034705299,216.89556884765625,217.146728515625,-0.013814162462949753,-0.0959908589720726,0.8963917056755308,4912346,chunk_19,27.53475570678711,52.364280700683594,27.53475570678711,230.77911376953125,230.77911376953125,230.77911376953125,1.0
sign_test_og_cel0.6__norm_frobenius,frobenius,49,1.0,1.0,0.1,0.0,0.3679889440536499,0.47052759841011493,200.6101531982422,213.15203857421875,-0.013814162462949753,-0.0959908589720726,0.8963917056755308,4912346,chunk_19,27.53475570678711,52.364280700683594,27.53475570678711,230.77911376953125,230.77911376953125,230.77911376953125,1.0
sign_test_og_cel0.6__norm_frobenius,frobenius,49,1.0,1.0,0.5,0.0,1.628353476524353,1.7394268607885195,213.65380859375,224.25262451171875,-0.013814162462949753,-0.0959908589720726,0.8963917056755308,4912346,chunk_19,27.53475570678711,52.364280700683594,27.53475570678711,230.77911376953125,230.77911376953125,230.77911376953125,1.0
sign_test_og_cel0.6__norm_frobenius,frobenius,49,1.0,1.0,1.0,0.0,2.4944818019866943,2.6791696585219142,218.3090057373047,229.3619384765625,-0.013814162462949753,-0.0959908589720726,0.8963917056755308,4912346,chunk_19,27.53475570678711,52.364280700683594,27.53475570678711,230.77911376953125,230.77911376953125,230.77911376953125,1.0
sign_test_og_cel0.6__norm_frobenius,frobenius,49,1.0,1.0,1.5,0.0,3.3363728523254395,3.5429207027087615,220.72242736816406,235.9993438720703,-0.013814162462949753,-0.0959908589720726,0.8963917056755308,4912346,chunk_19,27.53475570678711,52.364280700683594,27.53475570678711,230.77911376953125,230.77911376953125,230.77911376953125,1.0
sign_test_og_cel0.7__norm_frobenius,frobenius,49,1.0,0.6,0.1,0.0,0.04081307724118233,0.07172821997335177,134.01019287109375,153.71591186523438,-0.032762497663497925,-0.22765764594078064,0.8963917056755308,4912346,chunk_19,30.44887351989746,52.364280700683594,30.44887351989746,230.77911376953125,230.77911376953125,230.77911376953125,1.0
sign_test_og_cel0.7__norm_frobenius,frobenius,49,1.0,0.6,0.5,0.0,0.8453987240791321,0.9806669912322832,153.55320739746094,151.90167236328125,-0.032762497663497925,-0.22765764594078064,0.8963917056755308,4912346,chunk_19,30.44887351989746,52.364280700683594,30.44887351989746,230.77911376953125,230.77911376953125,230.77911376953125,1.0
sign_test_og_cel0.7__norm_frobenius,frobenius,49,1.0,0.6,1.0,0.0,0.2675146162509918,0.3972642717292274,121.08878326416016,127.04502868652344,-0.032762497663497925,-0.22765764594078064,0.8963917056755308,4912346,chunk_19,30.44887351989746,52.364280700683594,30.44887351989746,230.77911376953125,230.77911376953125,230.77911376953125,1.0
sign_test_og_cel0.7__norm_frobenius,frobenius,49,1.0,0.6,1.5,0.0,2.630122661590576,2.906186946231614,165.87535095214844,164.76046752929688,-0.032762497663497925,-0.22765764594078064,0.8963917056755308,4912346,chunk_19,30.44887351989746,52.364280700683594,30.44887351989746,230.77911376953125,230.77911376953125,230.77911376953125,1.0
sign_test_og_cel0.7__norm_frobenius,frobenius,49,1.0,0.8,0.1,0.0,0.8820832967758179,1.0469760243396387,108.26136779785156,151.19435119628906,-0.032762497663497925,-0.22765764594078064,0.8963917056755308,4912346,chunk_19,30.44887351989746,52.364280700683594,30.44887351989746,230.77911376953125,230.77911376953125,230.77911376953125,1.0
sign_test_og_cel0.7__norm_frobenius,frobenius,49,1.0,0.8,0.5,0.0,2.132138729095459,2.7332895653639184,133.82711791992188,165.2255096435547,-0.032762497663497925,-0.22765764594078064,0.8963917056755308,4912346,chunk_19,30.44887351989746,52.364280700683594,30.44887351989746,230.77911376953125,230.77911376953125,230.77911376953125,1.0
sign_test_og_cel0.7__norm_frobenius,frobenius,49,1.0,0.8,1.0,0.0,2.9554073810577393,3.347455988114106,195.4541473388672,202.0011444091797,-0.032762497663497925,-0.22765764594078064,0.8963917056755308,4912346,chunk_19,30.44887351989746,52.364280700683594,30.44887351989746,230.77911376953125,230.77911376953125,230.77911376953125,1.0
sign_test_og_cel0.7__norm_frobenius,frobenius,49,1.0,0.8,1.5,0.0,3.2680160999298096,3.4397527527508434,187.5865020751953,206.3236083984375,-0.032762497663497925,-0.22765764594078064,0.8963917056755308,4912346,chunk_19,30.44887351989746,52.364280700683594,30.44887351989746,230.77911376953125,230.77911376953125,230.77911376953125,1.0
sign_test_og_cel0.7__norm_frobenius,frobenius,49,1.0,1.0,0.1,0.0,0.724506676197052,0.8267128895890892,195.7325439453125,215.5641632080078,-0.032762497663497925,-0.22765764594078064,0.8963917056755308,4912346,chunk_19,30.44887351989746,52.364280700683594,30.44887351989746,230.77911376953125,230.77911376953125,230.77911376953125,1.0
sign_test_og_cel0.7__norm_frobenius,frobenius,49,1.0,1.0,0.5,0.0,1.900203824043274,2.060740767625475,202.5331573486328,220.3966064453125,-0.032762497663497925,-0.22765764594078064,0.8963917056755308,4912346,chunk_19,30.44887351989746,52.364280700683594,30.44887351989746,230.77911376953125,230.77911376953125,230.77911376953125,1.0
sign_test_og_cel0.7__norm_frobenius,frobenius,49,1.0,1.0,1.0,0.0,2.6135973930358887,2.868165637303022,208.078125,227.3062286376953,-0.032762497663497925,-0.22765764594078064,0.8963917056755308,4912346,chunk_19,30.44887351989746,52.364280700683594,30.44887351989746,230.77911376953125,230.77911376953125,230.77911376953125,1.0
sign_test_og_cel0.7__norm_frobenius,frobenius,49,1.0,1.0,1.5,0.0,3.429068088531494,3.7535215667938076,212.98165893554688,233.23631286621094,-0.032762497663497925,-0.22765764594078064,0.8963917056755308,4912346,chunk_19,30.44887351989746,52.364280700683594,30.44887351989746,230.77911376953125,230.77911376953125,230.77911376953125,1.0
sign_test_og_cel0.8__norm_frobenius,frobenius,49,1.0,0.6,0.1,0.0,0.4671192765235901,0.5753336651247309,102.63640594482422,105.05908966064453,-0.05383608490228653,-0.3740922808647156,0.8963917056755308,4912346,chunk_19,35.83624267578125,52.364280700683594,35.83624267578125,230.77911376953125,230.77911376953125,230.77911376953125,1.0
sign_test_og_cel0.8__norm_frobenius,frobenius,49,1.0,0.6,0.5,0.0,0.8732224106788635,1.0079548734400987,111.90005493164062,118.7068099975586,-0.05383608490228653,-0.3740922808647156,0.8963917056755308,4912346,chunk_19,35.83624267578125,52.364280700683594,35.83624267578125,230.77911376953125,230.77911376953125,230.77911376953125,1.0
sign_test_og_cel0.8__norm_frobenius,frobenius,49,1.0,0.6,1.0,0.0,2.837766170501709,3.228656840534236,156.2586669921875,160.66812133789062,-0.05383608490228653,-0.3740922808647156,0.8963917056755308,4912346,chunk_19,35.83624267578125,52.364280700683594,35.83624267578125,230.77911376953125,230.77911376953125,230.77911376953125,1.0
sign_test_og_cel0.8__norm_frobenius,frobenius,49,1.0,0.6,1.5,0.0,0.8189866542816162,1.0187599110958399,165.91078186035156,165.260498046875,-0.05383608490228653,-0.3740922808647156,0.8963917056755308,4912346,chunk_19,35.83624267578125,52.364280700683594,35.83624267578125,230.77911376953125,230.77911376953125,230.77911376953125,1.0
sign_test_og_cel0.8__norm_frobenius,frobenius,49,1.0,0.8,0.1,0.0,1.2658989429473877,1.3932651343374722,23.45237159729004,46.07301330566406,-0.05383608490228653,-0.3740922808647156,0.8963917056755308,4912346,chunk_19,35.83624267578125,52.364280700683594,35.83624267578125,230.77911376953125,230.77911376953125,230.77911376953125,1.0
sign_test_og_cel0.8__norm_frobenius,frobenius,49,1.0,0.8,0.5,0.0,0.14169958233833313,0.2641045502941779,50.75908660888672,84.0503921508789,-0.05383608490228653,-0.3740922808647156,0.8963917056755308,4912346,chunk_19,35.83624267578125,52.364280700683594,35.83624267578125,230.77911376953125,230.77911376953125,230.77911376953125,1.0
sign_test_og_cel0.8__norm_frobenius,frobenius,49,1.0,0.8,1.0,0.0,0.10602632910013199,0.23741305376836408,107.51777648925781,143.56800842285156,-0.05383608490228653,-0.3740922808647156,0.8963917056755308,4912346,chunk_19,35.83624267578125,52.364280700683594,35.83624267578125,230.77911376953125,230.77911376953125,230.77911376953125,1.0
sign_test_og_cel0.8__norm_frobenius,frobenius,49,1.0,0.8,1.5,0.0,3.418984889984131,4.062538140225991,119.59346771240234,145.30813598632812,-0.05383608490228653,-0.3740922808647156,0.8963917056755308,4912346,chunk_19,35.83624267578125,52.364280700683594,35.83624267578125,230.77911376953125,230.77911376953125,230.77911376953125,1.0
sign_test_og_cel0.8__norm_frobenius,frobenius,49,1.0,1.0,0.1,0.0,3.330594062805176,3.415762666851194,9.242695808410645,22.50039291381836,-0.05383608490228653,-0.3740922808647156,0.8963917056755308,4912346,chunk_19,35.83624267578125,52.364280700683594,35.83624267578125,230.77911376953125,230.77911376953125,230.77911376953125,1.0
sign_test_og_cel0.8__norm_frobenius,frobenius,49,1.0,1.0,0.5,0.0,3.987210273742676,4.156552583567645,14.77922248840332,28.992183685302734,-0.05383608490228653,-0.3740922808647156,0.8963917056755308,4912346,chunk_19,35.83624267578125,52.364280700683594,35.83624267578125,230.77911376953125,230.77911376953125,230.77911376953125,1.0
sign_test_og_cel0.8__norm_frobenius,frobenius,49,1.0,1.0,1.0,0.0,3.695371389389038,4.339931875339232,20.24337387084961,43.788211822509766,-0.05383608490228653,-0.3740922808647156,0.8963917056755308,4912346,chunk_19,35.83624267578125,52.364280700683594,35.83624267578125,230.77911376953125,230.77911376953125,230.77911376953125,1.0
sign_test_og_cel0.8__norm_frobenius,frobenius,49,1.0,1.0,1.5,0.0,3.307394504547119,3.6819207014129915,31.341838836669922,63.06815719604492,-0.05383608490228653,-0.3740922808647156,0.8963917056755308,4912346,chunk_19,35.83624267578125,52.364280700683594,35.83624267578125,230.77911376953125,230.77911376953125,230.77911376953125,1.0
sign_test_og_cel0.9__norm_frobenius,frobenius,49,1.0,0.6,0.1,0.0,0.4949488043785095,0.6423726128950875,128.5421600341797,137.6620635986328,-0.07345554977655411,-0.5104225873947144,0.8963917056755308,4912346,chunk_19,46.129905700683594,52.364280700683594,46.129905700683594,230.77911376953125,230.77911376953125,230.77911376953125,1.0
sign_test_og_cel0.9__norm_frobenius,frobenius,49,1.0,0.6,0.5,0.0,1.9496005773544312,2.108088727500217,140.5286865234375,145.23948669433594,-0.07345554977655411,-0.5104225873947144,0.8963917056755308,4912346,chunk_19,46.129905700683594,52.364280700683594,46.129905700683594,230.77911376953125,230.77911376953125,230.77911376953125,1.0
sign_test_og_cel0.9__norm_frobenius,frobenius,49,1.0,0.6,1.0,0.0,2.286388397216797,2.5875590254981944,147.5276641845703,143.8937530517578,-0.07345554977655411,-0.5104225873947144,0.8963917056755308,4912346,chunk_19,46.129905700683594,52.364280700683594,46.129905700683594,230.77911376953125,230.77911376953125,230.77911376953125,1.0
sign_test_og_cel0.9__norm_frobenius,frobenius,49,1.0,0.6,1.5,0.0,0.08050944656133652,0.2416691926918233,157.6116180419922,161.2141571044922,-0.07345554977655411,-0.5104225873947144,0.8963917056755308,4912346,chunk_19,46.129905700683594,52.364280700683594,46.129905700683594,230.77911376953125,230.77911376953125,230.77911376953125,1.0
sign_test_og_cel0.9__norm_frobenius,frobenius,49,1.0,0.8,0.1,0.0,2.3567681312561035,2.5031552670530743,4.696309566497803,11.210115432739258,-0.07345554977655411,-0.5104225873947144,0.8963917056755308,4912346,chunk_19,46.129905700683594,52.364280700683594,46.129905700683594,230.77911376953125,230.77911376953125,230.77911376953125,1.0
sign_test_og_cel0.9__norm_frobenius,frobenius,49,1.0,0.8,0.5,0.0,3.150277614593506,4.094350821786165,5.634124279022217,15.568501472473145,-0.07345554977655411,-0.5104225873947144,0.8963917056755308,4912346,chunk_19,46.129905700683594,52.364280700683594,46.129905700683594,230.77911376953125,230.77911376953125,230.77911376953125,1.0
sign_test_og_cel0.9__norm_frobenius,frobenius,49,1.0,0.8,1.0,0.0,2.3769257068634033,2.82834723966738,8.357510566711426,17.64802360534668,-0.07345554977655411,-0.5104225873947144,0.8963917056755308,4912346,chunk_19,46.129905700683594,52.364280700683594,46.129905700683594,230.77911376953125,230.77911376953125,230.77911376953125,1.0
sign_test_og_cel0.9__norm_frobenius,frobenius,49,1.0,0.8,1.5,0.0,3.0501363277435303,4.054494020924977,21.097103118896484,39.589656829833984,-0.07345554977655411,-0.5104225873947144,0.8963917056755308,4912346,chunk_19,46.129905700683594,52.364280700683594,46.129905700683594,230.77911376953125,230.77911376953125,230.77911376953125,1.0
sign_test_og_cel0.9__norm_frobenius,frobenius,49,1.0,1.0,0.1,0.0,1.7948565483093262,1.8806241203116087,2.4162306785583496,7.848484039306641,-0.07345554977655411,-0.5104225873947144,0.8963917056755308,4912346,chunk_19,46.129905700683594,52.364280700683594,46.129905700683594,230.77911376953125,230.77911376953125,230.77911376953125,1.0
sign_test_og_cel0.9__norm_frobenius,frobenius,49,1.0,1.0,0.5,0.0,1.944413185119629,2.2852883121062106,3.663010835647583,7.382458209991455,-0.07345554977655411,-0.5104225873947144,0.8963917056755308,4912346,chunk_19,46.129905700683594,52.364280700683594,46.129905700683594,230.77911376953125,230.77911376953125,230.77911376953125,1.0
sign_test_og_cel0.9__norm_frobenius,frobenius,49,1.0,1.0,1.0,0.0,1.683173656463623,2.7520806923472176,4.897135257720947,10.211448669433594,-0.07345554977655411,-0.5104225873947144,0.8963917056755308,4912346,chunk_19,46.129905700683594,52.364280700683594,46.129905700683594,230.77911376953125,230.77911376953125,230.77911376953125,1.0
sign_test_og_cel0.9__norm_frobenius,frobenius,49,1.0,1.0,1.5,0.0,2.2812156677246094,3.1906813917159007,6.808196067810059,15.549646377563477,-0.07345554977655411,-0.5104225873947144,0.8963917056755308,4912346,chunk_19,46.129905700683594,52.364280700683594,46.129905700683594,230.77911376953125,230.77911376953125,230.77911376953125,1.0
sign_test_og_cel1.0__norm_frobenius,frobenius,49,1.0,0.6,0.1,0.0,1.9715967178344727,2.128088329838235,13.974893569946289,6.976376056671143,-0.09231439977884293,-0.6414676308631897,0.8963917056755308,4912346,chunk_19,54.15624237060547,52.364280700683594,54.15624237060547,230.77911376953125,230.77911376953125,230.77911376953125,1.0
sign_test_og_cel1.0__norm_frobenius,frobenius,49,1.0,0.6,0.5,0.0,2.882387638092041,3.167605998182637,31.92490005493164,47.709232330322266,-0.09231439977884293,-0.6414676308631897,0.8963917056755308,4912346,chunk_19,54.15624237060547,52.364280700683594,54.15624237060547,230.77911376953125,230.77911376953125,230.77911376953125,1.0
sign_test_og_cel1.0__norm_frobenius,frobenius,49,1.0,0.6,1.0,0.0,0.03962764889001846,0.07881407566172438,76.01956939697266,73.76935577392578,-0.09231439977884293,-0.6414676308631897,0.8963917056755308,4912346,chunk_19,54.15624237060547,52.364280700683594,54.15624237060547,230.77911376953125,230.77911376953125,230.77911376953125,1.0
sign_test_og_cel1.0__norm_frobenius,frobenius,49,1.0,0.6,1.5,0.0,0.24919945001602173,0.42166382279265235,73.18749237060547,88.62390899658203,-0.09231439977884293,-0.6414676308631897,0.8963917056755308,4912346,chunk_19,54.15624237060547,52.364280700683594,54.15624237060547,230.77911376953125,230.77911376953125,230.77911376953125,1.0
sign_test_og_cel1.0__norm_frobenius,frobenius,49,1.0,0.8,0.1,0.0,3.2957634925842285,3.4308463101275555,1.168278455734253,6.192188739776611,-0.09231439977884293,-0.6414676308631897,0.8963917056755308,4912346,chunk_19,54.15624237060547,52.364280700683594,54.15624237060547,230.77911376953125,230.77911376953125,230.77911376953125,1.0
sign_test_og_cel1.0__norm_frobenius,frobenius,49,1.0,0.8,0.5,0.0,2.9670350551605225,3.5878351459257374,2.019401788711548,11.625484466552734,-0.09231439977884293,-0.6414676308631897,0.8963917056755308,4912346,chunk_19,54.15624237060547,52.364280700683594,54.15624237060547,230.77911376953125,230.77911376953125,230.77911376953125,1.0
sign_test_og_cel1.0__norm_frobenius,frobenius,49,1.0,0.8,1.0,0.0,1.570426344871521,1.7788026342934917,3.111588478088379,12.604818344116211,-0.09231439977884293,-0.6414676308631897,0.8963917056755308,4912346,chunk_19,54.15624237060547,52.364280700683594,54.15624237060547,230.77911376953125,230.77911376953125,230.77911376953125,1.0
sign_test_og_cel1.0__norm_frobenius,frobenius,49,1.0,0.8,1.5,0.0,1.5098994970321655,2.3965020338802674,3.8283071517944336,16.489835739135742,-0.09231439977884293,-0.6414676308631897,0.8963917056755308,4912346,chunk_19,54.15624237060547,52.364280700683594,54.15624237060547,230.77911376953125,230.77911376953125,230.77911376953125,1.0
sign_test_og_cel1.0__norm_frobenius,frobenius,49,1.0,1.0,0.1,0.0,1.1088476181030273,1.231933632998789,1.0729846954345703,3.0674567222595215,-0.09231439977884293,-0.6414676308631897,0.8963917056755308,4912346,chunk_19,54.15624237060547,52.364280700683594,54.15624237060547,230.77911376953125,230.77911376953125,230.77911376953125,1.0
sign_test_og_cel1.0__norm_frobenius,frobenius,49,1.0,1.0,0.5,0.0,1.3646916151046753,1.5499866832662528,1.3907411098480225,4.907512187957764,-0.09231439977884293,-0.6414676308631897,0.8963917056755308,4912346,chunk_19,54.15624237060547,52.364280700683594,54.15624237060547,230.77911376953125,230.77911376953125,230.77911376953125,1.0
sign_test_og_cel1.0__norm_frobenius,frobenius,49,1.0,1.0,1.0,0.0,1.1718761920928955,1.3433683715170526,1.7891241312026978,7.8697829246521,-0.09231439977884293,-0.6414676308631897,0.8963917056755308,4912346,chunk_19,54.15624237060547,52.364280700683594,54.15624237060547,230.77911376953125,230.77911376953125,230.77911376953125,1.0
sign_test_og_cel1.0__norm_frobenius,frobenius,49,1.0,1.0,1.5,0.0,1.1491435766220093,1.5235986556247623,3.163658857345581,13.900487899780273,-0.09231439977884293,-0.6414676308631897,0.8963917056755308,4912346,chunk_19,54.15624237060547,52.364280700683594,54.15624237060547,230.77911376953125,230.77911376953125,230.77911376953125,1.0
