EI_bal,frac_replace,seed_id,rho_target,leak,input_scale,MC,IPC,KR,GR
210,1,0,0.8,0.2,0.5,6.594418048858643,9.125910758972168,4.024022102355957,6.007847309112549
210,1,0,0.8,0.2,1.0,4.486026763916016,7.106238424777985,3.705043077468872,6.162143230438232
210,1,0,0.8,0.2,2.0,0.9192347526550293,1.8203834891319275,4.14975643157959,7.872523307800293
210,1,0,0.8,0.5,0.5,6.52431583404541,10.021367013454437,3.7685327529907227,5.875090599060059
210,1,0,0.8,0.5,1.0,1.8053767681121826,3.157413899898529,4.848654270172119,9.315284729003906
210,1,0,0.8,0.5,2.0,1.0665282011032104,1.0742002725601196,6.647779941558838,15.985922813415527
210,1,0,0.8,0.8,0.5,5.671136856079102,7.623421669006348,4.354082107543945,6.853346824645996
210,1,0,0.8,0.8,1.0,3.405900478363037,4.611765384674072,5.563232421875,11.237616539001465
210,1,0,0.8,0.8,2.0,1.965113878250122,2.5824325680732727,8.050827980041504,21.95244026184082
210,1,0,1.0,0.2,0.5,4.729654788970947,7.547323822975159,3.8639304637908936,5.6896891593933105
210,1,0,1.0,0.2,1.0,3.207205057144165,5.503021419048309,4.496631622314453,8.029350280761719
210,1,0,1.0,0.2,2.0,0.5361753106117249,0.8846739530563354,5.029681205749512,10.388866424560547
210,1,0,1.0,0.5,0.5,8.617659568786621,12.826765835285187,5.414366245269775,8.627784729003906
210,1,0,1.0,0.5,1.0,5.531219959259033,8.477627456188202,10.57470703125,22.260272979736328
210,1,0,1.0,0.5,2.0,1.0078256130218506,1.5035399794578552,7.38710880279541,19.315486907958984
210,1,0,1.0,0.8,0.5,10.130804061889648,15.555202901363373,9.836886405944824,18.09306526184082
210,1,0,1.0,0.8,1.0,8.537086486816406,13.15540498495102,14.776030540466309,34.807315826416016
210,1,0,1.0,0.8,2.0,5.661575794219971,8.797056496143341,18.439287185668945,50.70622634887695
210,1,0,1.2,0.2,0.5,5.134346008300781,7.730135202407837,6.675359725952148,9.82911491394043
210,1,0,1.2,0.2,1.0,5.524477958679199,7.741587281227112,8.011918067932129,13.547727584838867
210,1,0,1.2,0.2,2.0,0.05412602424621582,0.05646860599517822,6.991115570068359,15.816554069519043
210,1,0,1.2,0.5,0.5,9.706599235534668,13.727766156196594,11.606460571289062,19.7984619140625
210,1,0,1.2,0.5,1.0,4.045777320861816,6.331571578979492,7.649213790893555,15.648529052734375
210,1,0,1.2,0.5,2.0,1.374467372894287,2.1511868238449097,10.382646560668945,26.999858856201172
210,1,0,1.2,0.8,0.5,8.23763656616211,12.156866014003754,8.492692947387695,14.739401817321777
210,1,0,1.2,0.8,1.0,7.628879547119141,11.720956802368164,18.066020965576172,42.75896072387695
210,1,0,1.2,0.8,2.0,5.142658233642578,7.938255548477173,22.811830520629883,62.485042572021484
210,1,1,0.8,0.2,0.5,5.477256774902344,8.424770295619965,3.458468198776245,4.7432756423950195
210,1,1,0.8,0.2,1.0,3.924119472503662,7.535186767578125,3.1781013011932373,5.0239081382751465
210,1,1,0.8,0.2,2.0,0.4600867033004761,0.5773966908454895,5.247072219848633,11.385361671447754
210,1,1,0.8,0.5,0.5,5.719398498535156,9.167112708091736,3.6371910572052,5.35051965713501
210,1,1,0.8,0.5,1.0,3.3698015213012695,4.132250607013702,5.4919209480285645,10.328150749206543
210,1,1,0.8,0.5,2.0,2.56834077835083,3.594165623188019,5.784614086151123,13.65036392211914
210,1,1,0.8,0.8,0.5,7.2772369384765625,10.824086844921112,5.686498641967773,9.742300987243652
210,1,1,0.8,0.8,1.0,4.881004810333252,6.843542158603668,9.207074165344238,20.70468521118164
210,1,1,0.8,0.8,2.0,3.150841474533081,3.325404644012451,9.95363998413086,28.343027114868164
210,1,1,1.0,0.2,0.5,5.907039642333984,8.543399631977081,3.424375534057617,4.842546463012695
210,1,1,1.0,0.2,1.0,4.082977771759033,7.1593376994133,5.13361930847168,9.2492036819458
210,1,1,1.0,0.2,2.0,1.1062955856323242,1.7013328671455383,4.6729278564453125,9.393346786499023
210,1,1,1.0,0.5,0.5,10.215411186218262,14.491716086864471,6.363036155700684,10.14850902557373
210,1,1,1.0,0.5,1.0,3.52606201171875,4.564856708049774,9.013873100280762,18.63898468017578
210,1,1,1.0,0.5,2.0,0.0,0.0,7.66420316696167,19.38770294189453
210,1,1,1.0,0.8,0.5,7.483375549316406,9.970210254192352,5.4714484214782715,9.18757152557373
210,1,1,1.0,0.8,1.0,8.463014602661133,12.468994379043579,14.285721778869629,31.507648468017578
210,1,1,1.0,0.8,2.0,2.7660598754882812,3.8477351665496826,8.877555847167969,23.731327056884766
210,1,1,1.2,0.2,0.5,6.829992294311523,10.955171525478363,6.387038707733154,9.189635276794434
210,1,1,1.2,0.2,1.0,3.4930856227874756,5.568568468093872,10.591915130615234,20.703731536865234
210,1,1,1.2,0.2,2.0,0.9389727115631104,0.9204511642456055,6.112787246704102,14.942097663879395
210,1,1,1.2,0.5,0.5,8.417009353637695,12.706060588359833,8.222101211547852,13.241683959960938
210,1,1,1.2,0.5,1.0,6.02808952331543,10.411949157714844,11.474081993103027,23.92911148071289
210,1,1,1.2,0.5,2.0,2.0202455520629883,2.4702849984169006,9.593474388122559,25.278688430786133
210,1,1,1.2,0.8,0.5,11.31787109375,16.180292546749115,17.78902244567871,33.39933776855469
210,1,1,1.2,0.8,1.0,8.869705200195312,12.698813676834106,18.91579818725586,43.9103889465332
210,1,1,1.2,0.8,2.0,5.851964950561523,8.024856507778168,15.57651424407959,41.77742385864258
210,1,2,0.8,0.2,0.5,5.641736030578613,8.062092900276184,3.1205899715423584,4.470551490783691
210,1,2,0.8,0.2,1.0,4.628272533416748,8.524408042430878,3.3592302799224854,5.397951126098633
210,1,2,0.8,0.2,2.0,1.036049485206604,1.9511224031448364,4.205060005187988,8.618963241577148
210,1,2,0.8,0.5,0.5,8.046685218811035,12.324179291725159,5.021975040435791,7.916479587554932
210,1,2,0.8,0.5,1.0,3.114872932434082,4.314652264118195,5.711552143096924,10.825605392456055
210,1,2,0.8,0.5,2.0,1.1096343994140625,1.046269178390503,7.98192024230957,20.523242950439453
210,1,2,0.8,0.8,0.5,5.5705342292785645,8.693899095058441,4.915987014770508,7.891821384429932
210,1,2,0.8,0.8,1.0,4.627082824707031,7.212800443172455,9.42874526977539,21.38099479675293
210,1,2,0.8,0.8,2.0,1.992995262145996,3.6202778220176697,7.666609764099121,20.1011962890625
210,1,2,1.0,0.2,0.5,5.536555290222168,7.825003504753113,3.8517191410064697,5.212635517120361
210,1,2,1.0,0.2,1.0,4.998663902282715,7.680425345897675,5.082982063293457,9.053021430969238
210,1,2,1.0,0.2,2.0,0.381244957447052,0.9733739495277405,6.258219242095947,14.30214786529541
210,1,2,1.0,0.5,0.5,6.459924221038818,9.346778690814972,4.324907302856445,6.6123809814453125
210,1,2,1.0,0.5,1.0,3.2497618198394775,5.26765364408493,8.572667121887207,18.779966354370117
210,1,2,1.0,0.5,2.0,1.6522756814956665,2.1273706555366516,6.086400985717773,14.776226997375488
210,1,2,1.0,0.8,0.5,10.22606372833252,15.123270630836487,9.935205459594727,17.752424240112305
210,1,2,1.0,0.8,1.0,7.668622970581055,11.71511971950531,12.739896774291992,29.379446029663086
210,1,2,1.0,0.8,2.0,5.630873203277588,8.856049537658691,14.790735244750977,41.744964599609375
210,1,2,1.2,0.2,0.5,6.89607048034668,8.311365246772766,8.256513595581055,11.55578899383545
210,1,2,1.2,0.2,1.0,5.143624782562256,8.53900408744812,5.480676174163818,9.432003021240234
210,1,2,1.2,0.2,2.0,0.577838122844696,0.778800368309021,6.130537509918213,13.532402992248535
210,1,2,1.2,0.5,0.5,8.600334167480469,12.803103864192963,7.850918769836426,12.994945526123047
210,1,2,1.2,0.5,1.0,5.415622234344482,8.011857509613037,19.023239135742188,40.350303649902344
210,1,2,1.2,0.5,2.0,1.0957529544830322,1.506330668926239,9.40922737121582,24.720449447631836
210,1,2,1.2,0.8,0.5,10.685436248779297,15.971656024456024,12.412620544433594,22.517196655273438
210,1,2,1.2,0.8,1.0,7.739998817443848,12.348729193210602,23.77201271057129,55.0323486328125
210,1,2,1.2,0.8,2.0,5.309977054595947,8.057440519332886,21.71634864807129,60.385990142822266
211,1,0,0.8,0.2,0.5,5.396032333374023,7.752395689487457,3.411369562149048,4.641997814178467
211,1,0,0.8,0.2,1.0,5.519288063049316,8.297877013683319,3.836735486984253,6.472928047180176
211,1,0,0.8,0.2,2.0,1.22255539894104,1.6520277261734009,3.969904661178589,7.726804733276367
211,1,0,0.8,0.5,0.5,6.778234481811523,10.951060056686401,4.8633904457092285,7.821527004241943
211,1,0,0.8,0.5,1.0,2.976689100265503,5.180154621601105,5.734902381896973,11.358011245727539
211,1,0,0.8,0.5,2.0,1.56715726852417,2.5045305490493774,5.8632893562316895,14.367517471313477
211,1,0,0.8,0.8,0.5,6.4537153244018555,9.449991166591644,5.424370765686035,8.865501403808594
211,1,0,0.8,0.8,1.0,4.982240200042725,7.640425801277161,8.380986213684082,18.38705062866211
211,1,0,0.8,0.8,2.0,3.2536261081695557,3.032008945941925,8.047496795654297,20.9288272857666
211,1,0,1.0,0.2,0.5,7.347514629364014,10.39920312166214,3.6712188720703125,5.489846706390381
211,1,0,1.0,0.2,1.0,4.951930046081543,8.907918632030487,5.153073787689209,9.28062915802002
211,1,0,1.0,0.2,2.0,0.7539837956428528,1.1580837965011597,5.02248477935791,11.913496017456055
211,1,0,1.0,0.5,0.5,7.198936939239502,10.956446528434753,4.957741737365723,7.614109992980957
211,1,0,1.0,0.5,1.0,4.168118476867676,6.049357175827026,9.197184562683105,19.539520263671875
211,1,0,1.0,0.5,2.0,1.7011265754699707,1.8739619851112366,9.29488468170166,25.252971649169922
211,1,0,1.0,0.8,0.5,10.514861106872559,15.649459481239319,9.997551918029785,18.17796516418457
211,1,0,1.0,0.8,1.0,7.624481678009033,11.857910871505737,14.191510200500488,32.76708984375
211,1,0,1.0,0.8,2.0,5.614810943603516,8.623708426952362,16.61343002319336,46.36146926879883
211,1,0,1.2,0.2,0.5,6.456831932067871,8.917449116706848,7.191153049468994,10.266770362854004
211,1,0,1.2,0.2,1.0,3.99835205078125,7.183351516723633,6.84625768661499,13.775875091552734
211,1,0,1.2,0.2,2.0,0.06265884637832642,0.08178883790969849,5.885323524475098,13.984559059143066
211,1,0,1.2,0.5,0.5,10.014164924621582,14.418461263179779,9.334837913513184,16.233030319213867
211,1,0,1.2,0.5,1.0,5.434334754943848,8.38188624382019,12.320849418640137,27.409709930419922
211,1,0,1.2,0.5,2.0,4.355933666229248,6.526656985282898,15.123019218444824,39.1061897277832
211,1,0,1.2,0.8,0.5,11.52003288269043,15.740040600299835,23.484481811523438,42.747623443603516
211,1,0,1.2,0.8,1.0,5.672393798828125,9.331906199455261,14.131492614746094,32.57184600830078
211,1,0,1.2,0.8,2.0,6.273925304412842,9.420924007892609,20.885684967041016,57.98859786987305
211,1,1,0.8,0.2,0.5,4.866893768310547,9.701927483081818,3.8404595851898193,5.715019226074219
211,1,1,0.8,0.2,1.0,3.4785213470458984,5.699521362781525,2.9093973636627197,4.878859996795654
211,1,1,0.8,0.2,2.0,1.2507219314575195,1.8290324211120605,4.433444023132324,9.765181541442871
211,1,1,0.8,0.5,0.5,5.602817535400391,8.28716790676117,3.471837282180786,5.055341720581055
211,1,1,0.8,0.5,1.0,4.170011043548584,6.209577023983002,4.563370227813721,8.636034965515137
211,1,1,0.8,0.5,2.0,1.8471016883850098,2.697940409183502,6.0929436683654785,14.994338035583496
211,1,1,0.8,0.8,0.5,5.926593780517578,8.816947042942047,5.044775485992432,7.865687847137451
211,1,1,0.8,0.8,1.0,4.034096717834473,6.386171042919159,9.30893611907959,20.207199096679688
211,1,1,0.8,0.8,2.0,3.3246631622314453,4.340336382389069,9.883675575256348,27.61128807067871
211,1,1,1.0,0.2,0.5,6.329376697540283,9.027688384056091,3.831160545349121,5.367175102233887
211,1,1,1.0,0.2,1.0,5.6185622215271,8.914635837078094,4.571852684020996,7.679666519165039
211,1,1,1.0,0.2,2.0,0.4919015169143677,0.5503976345062256,5.915223121643066,12.903206825256348
211,1,1,1.0,0.5,0.5,9.060678482055664,13.43513309955597,5.840131759643555,9.392097473144531
211,1,1,1.0,0.5,1.0,3.4035661220550537,5.281394124031067,8.970863342285156,20.112396240234375
211,1,1,1.0,0.5,2.0,0.7459971308708191,1.434529721736908,7.719049453735352,18.53234100341797
211,1,1,1.0,0.8,0.5,10.634907722473145,15.920786917209625,8.933218002319336,16.009859085083008
211,1,1,1.0,0.8,1.0,6.070934772491455,8.602349162101746,10.509004592895508,24.00091552734375
211,1,1,1.0,0.8,2.0,5.1849870681762695,8.181178271770477,13.760282516479492,37.14923095703125
211,1,1,1.2,0.2,0.5,5.874514579772949,7.8678489327430725,6.066150665283203,8.973633766174316
211,1,1,1.2,0.2,1.0,3.1288506984710693,4.909950852394104,9.307713508605957,17.514188766479492
211,1,1,1.2,0.2,2.0,1.0026698112487793,1.4537635445594788,5.307700157165527,12.569286346435547
211,1,1,1.2,0.5,0.5,8.578152656555176,12.720352947711945,9.930171966552734,17.019834518432617
211,1,1,1.2,0.5,1.0,5.653597831726074,8.997513949871063,13.365508079528809,29.41392707824707
211,1,1,1.2,0.5,2.0,3.447809934616089,4.85695606470108,14.273536682128906,37.99732971191406
211,1,1,1.2,0.8,0.5,11.018051147460938,16.393595695495605,19.188678741455078,37.25146484375
211,1,1,1.2,0.8,1.0,7.835025787353516,11.681063890457153,22.273998260498047,51.20730972290039
211,1,1,1.2,0.8,2.0,6.297760009765625,9.282812237739563,14.040471076965332,39.073402404785156
211,1,2,0.8,0.2,0.5,6.232551574707031,9.936785221099854,3.919649600982666,5.984135150909424
211,1,2,0.8,0.2,1.0,6.166605472564697,7.659276306629181,3.2640066146850586,5.461625099182129
211,1,2,0.8,0.2,2.0,1.0928013324737549,1.782526433467865,4.1113600730896,8.655348777770996
211,1,2,0.8,0.5,0.5,7.2615156173706055,10.662489295005798,3.733454942703247,5.680408954620361
211,1,2,0.8,0.5,1.0,3.254380464553833,5.208959221839905,6.060826301574707,12.3211088180542
211,1,2,0.8,0.5,2.0,2.4068870544433594,3.566995680332184,5.077540397644043,11.450775146484375
211,1,2,0.8,0.8,0.5,6.217258453369141,9.657458662986755,5.607176303863525,9.250420570373535
211,1,2,0.8,0.8,1.0,4.977809906005859,7.623909413814545,8.6123628616333,18.452159881591797
211,1,2,0.8,0.8,2.0,2.9324798583984375,5.0375694036483765,8.90140151977539,23.983068466186523
211,1,2,1.0,0.2,0.5,7.161604881286621,9.92333972454071,4.883133888244629,6.841675758361816
211,1,2,1.0,0.2,1.0,4.156713485717773,6.357249975204468,6.440992832183838,11.798617362976074
211,1,2,1.0,0.2,2.0,1.2822648286819458,2.357272505760193,4.398229122161865,9.253374099731445
211,1,2,1.0,0.5,0.5,8.17697525024414,13.345511972904205,5.383903503417969,8.218365669250488
211,1,2,1.0,0.5,1.0,4.169793605804443,6.861809730529785,8.706725120544434,17.906585693359375
211,1,2,1.0,0.5,2.0,1.8319703340530396,2.0519126057624817,8.15002727508545,20.595548629760742
211,1,2,1.0,0.8,0.5,7.863513469696045,10.154226899147034,7.016536235809326,12.046709060668945
211,1,2,1.0,0.8,1.0,8.067375183105469,12.324165940284729,15.209395408630371,33.65216827392578
211,1,2,1.0,0.8,2.0,5.372206687927246,8.066457986831665,16.683584213256836,48.58114242553711
211,1,2,1.2,0.2,0.5,7.53840970993042,9.577912747859955,3.7911648750305176,5.312949180603027
211,1,2,1.2,0.2,1.0,2.3917365074157715,3.917127311229706,7.234052658081055,14.137311935424805
211,1,2,1.2,0.2,2.0,0.28907889127731323,0.3245633840560913,8.326292991638184,19.2238826751709
211,1,2,1.2,0.5,0.5,7.911529541015625,11.833972692489624,10.794776916503906,18.412490844726562
211,1,2,1.2,0.5,1.0,5.366612911224365,8.120574474334717,10.601005554199219,22.528186798095703
211,1,2,1.2,0.5,2.0,4.784214973449707,7.198019027709961,15.591572761535645,41.23895263671875
211,1,2,1.2,0.8,0.5,9.227477073669434,11.342171430587769,8.181832313537598,14.817895889282227
211,1,2,1.2,0.8,1.0,8.58681583404541,12.440192878246307,27.50560760498047,63.02429962158203
211,1,2,1.2,0.8,2.0,5.608139514923096,8.465948164463043,23.96304702758789,64.25337219238281
212,1,0,0.8,0.2,0.5,5.090292930603027,6.733208119869232,3.440786838531494,4.873073101043701
212,1,0,0.8,0.2,1.0,4.182699203491211,6.297135174274445,3.6957271099090576,6.165482997894287
212,1,0,0.8,0.2,2.0,2.0015649795532227,2.7336960434913635,3.895564556121826,7.712231636047363
212,1,0,0.8,0.5,0.5,6.219806671142578,8.98670381307602,3.510559320449829,5.138248920440674
212,1,0,0.8,0.5,1.0,3.001789093017578,4.514342486858368,4.8790998458862305,9.620231628417969
212,1,0,0.8,0.5,2.0,1.225982666015625,1.740664780139923,6.120765209197998,14.147956848144531
212,1,0,0.8,0.8,0.5,7.387303352355957,10.886666715145111,5.1768798828125,8.191733360290527
212,1,0,0.8,0.8,1.0,4.704141616821289,7.293046414852142,6.790755271911621,14.295927047729492
212,1,0,0.8,0.8,2.0,2.9865293502807617,3.8472434282302856,6.452303886413574,16.471336364746094
212,1,0,1.0,0.2,0.5,5.790711402893066,9.606035232543945,4.758352279663086,6.488396644592285
212,1,0,1.0,0.2,1.0,4.88898229598999,7.643827259540558,4.745331287384033,7.956945419311523
212,1,0,1.0,0.2,2.0,1.1598751544952393,1.8914687037467957,4.960862636566162,10.826188087463379
212,1,0,1.0,0.5,0.5,6.464223861694336,10.30709570646286,4.695211410522461,7.490016937255859
212,1,0,1.0,0.5,1.0,3.019894599914551,4.680748760700226,5.947036266326904,12.590929985046387
212,1,0,1.0,0.5,2.0,0.968041181564331,1.7833675742149353,7.688744068145752,20.397184371948242
212,1,0,1.0,0.8,0.5,9.115290641784668,14.228179156780243,7.542298316955566,12.692876815795898
212,1,0,1.0,0.8,1.0,6.654602527618408,10.116157233715057,10.735296249389648,24.706727981567383
212,1,0,1.0,0.8,2.0,6.336757659912109,9.690205335617065,15.552712440490723,40.20604705810547
212,1,0,1.2,0.2,0.5,6.175619125366211,9.543587505817413,6.326818466186523,9.610868453979492
212,1,0,1.2,0.2,1.0,3.1413567066192627,4.986190915107727,8.5639066696167,15.017176628112793
212,1,0,1.2,0.2,2.0,0.5934624671936035,0.6833453178405762,6.590416431427002,14.621697425842285
212,1,0,1.2,0.5,0.5,8.1431884765625,11.96001797914505,7.061464309692383,11.602766990661621
212,1,0,1.2,0.5,1.0,4.836009502410889,7.268692493438721,9.806618690490723,20.64694595336914
212,1,0,1.2,0.5,2.0,2.438239574432373,2.8274789452552795,12.007317543029785,31.867706298828125
212,1,0,1.2,0.8,0.5,11.391007423400879,15.443339228630066,17.480648040771484,32.22747802734375
212,1,0,1.2,0.8,1.0,8.07974910736084,12.180270552635193,16.815372467041016,38.88727569580078
212,1,0,1.2,0.8,2.0,6.48847770690918,9.670280575752258,25.42718505859375,66.74944305419922
212,1,1,0.8,0.2,0.5,6.238499641418457,7.717428624629974,3.1155407428741455,4.284027576446533
212,1,1,0.8,0.2,1.0,3.0739874839782715,5.331513822078705,3.0775837898254395,5.149553298950195
212,1,1,0.8,0.2,2.0,1.0730701684951782,1.7316309809684753,3.9121251106262207,8.103979110717773
212,1,1,0.8,0.5,0.5,7.088254451751709,10.373049259185791,4.330276012420654,6.430480003356934
212,1,1,0.8,0.5,1.0,3.0447187423706055,4.960459053516388,5.021184921264648,9.49632740020752
212,1,1,0.8,0.5,2.0,1.0034135580062866,1.0268885493278503,6.691829681396484,16.494813919067383
212,1,1,0.8,0.8,0.5,7.333593368530273,8.838829576969147,5.424947738647461,8.752389907836914
212,1,1,0.8,0.8,1.0,4.689579486846924,7.27802836894989,6.734616756439209,13.619072914123535
212,1,1,0.8,0.8,2.0,2.5068955421447754,4.08300393819809,9.153343200683594,24.759227752685547
212,1,1,1.0,0.2,0.5,5.962556838989258,9.03860330581665,3.7547686100006104,5.049873352050781
212,1,1,1.0,0.2,1.0,4.653898239135742,6.905292570590973,5.377401351928711,9.88916015625
212,1,1,1.0,0.2,2.0,0.46835678815841675,0.45034849643707275,5.670033931732178,11.813777923583984
212,1,1,1.0,0.5,0.5,8.476898193359375,13.494934797286987,6.0995869636535645,9.607118606567383
212,1,1,1.0,0.5,1.0,2.332287311553955,3.099363625049591,7.327487468719482,15.23580551147461
212,1,1,1.0,0.5,2.0,1.5584231615066528,2.1075525879859924,8.324934005737305,20.513988494873047
212,1,1,1.0,0.8,0.5,10.602582931518555,15.621661007404327,11.944994926452637,22.48783302307129
212,1,1,1.0,0.8,1.0,6.594634056091309,10.264362871646881,12.012360572814941,27.05567741394043
212,1,1,1.0,0.8,2.0,5.005143165588379,7.842488169670105,14.954808235168457,41.85088348388672
212,1,1,1.2,0.2,0.5,6.078393936157227,8.027832388877869,6.108339786529541,9.330534934997559
212,1,1,1.2,0.2,1.0,4.312656879425049,7.993356823921204,7.134712219238281,12.07568359375
212,1,1,1.2,0.2,2.0,0.6420695185661316,0.764285147190094,7.23978853225708,17.113121032714844
212,1,1,1.2,0.5,0.5,8.212337493896484,12.615860104560852,10.054354667663574,17.180450439453125
212,1,1,1.2,0.5,1.0,5.696281433105469,9.11646318435669,15.033692359924316,32.178070068359375
212,1,1,1.2,0.5,2.0,3.962496519088745,6.261215090751648,15.159034729003906,39.872314453125
212,1,1,1.2,0.8,0.5,11.52920913696289,16.63091105222702,14.09981632232666,26.049072265625
212,1,1,1.2,0.8,1.0,8.01080322265625,12.333328247070312,25.68227767944336,58.978824615478516
212,1,1,1.2,0.8,2.0,6.04786491394043,8.942723035812378,24.053176879882812,65.67308044433594
212,1,2,0.8,0.2,0.5,5.756936550140381,9.394303739070892,3.0260541439056396,4.2183685302734375
212,1,2,0.8,0.2,1.0,5.164368152618408,8.31361848115921,3.932500123977661,6.836169719696045
212,1,2,0.8,0.2,2.0,1.5580334663391113,2.2461888790130615,3.7689120769500732,7.831437110900879
212,1,2,0.8,0.5,0.5,5.810243606567383,8.742527067661285,3.8286092281341553,5.660964488983154
212,1,2,0.8,0.5,1.0,2.918505907058716,5.105610430240631,5.055972099304199,9.813037872314453
212,1,2,0.8,0.5,2.0,1.9812952280044556,2.4006786942481995,4.933376312255859,11.208102226257324
212,1,2,0.8,0.8,0.5,7.37650203704834,10.56877064704895,6.274888038635254,10.324514389038086
212,1,2,0.8,0.8,1.0,4.793946743011475,6.701503872871399,7.721005916595459,16.070022583007812
212,1,2,0.8,0.8,2.0,2.0853278636932373,1.9753032326698303,9.0029878616333,24.050067901611328
212,1,2,1.0,0.2,0.5,6.066440105438232,10.08110100030899,4.7868242263793945,7.085270404815674
212,1,2,1.0,0.2,1.0,5.118316173553467,7.583607733249664,4.448958873748779,8.077296257019043
212,1,2,1.0,0.2,2.0,1.2622019052505493,1.4943127036094666,5.196014881134033,12.038175582885742
212,1,2,1.0,0.5,0.5,8.931707382202148,13.462649583816528,5.3359527587890625,8.19486141204834
212,1,2,1.0,0.5,1.0,3.142814874649048,4.326961278915405,8.78681755065918,18.223068237304688
212,1,2,1.0,0.5,2.0,0.9080175757408142,0.900362491607666,8.620818138122559,20.9992618560791
212,1,2,1.0,0.8,0.5,8.797750473022461,12.535972893238068,6.7973809242248535,11.476686477661133
212,1,2,1.0,0.8,1.0,7.529241561889648,11.7601677775383,12.786993980407715,29.623506546020508
212,1,2,1.0,0.8,2.0,5.150396347045898,8.47103613615036,13.951366424560547,40.5189323425293
212,1,2,1.2,0.2,0.5,5.912418842315674,9.087478876113892,6.048236846923828,8.860546112060547
212,1,2,1.2,0.2,1.0,3.8284316062927246,6.860681474208832,8.238384246826172,16.095373153686523
212,1,2,1.2,0.2,2.0,0.4132111072540283,0.5463316440582275,7.115452289581299,17.255352020263672
212,1,2,1.2,0.5,0.5,8.66555404663086,13.743632793426514,8.295896530151367,14.266715049743652
212,1,2,1.2,0.5,1.0,4.170001029968262,6.211263000965118,11.059723854064941,24.808134078979492
212,1,2,1.2,0.5,2.0,3.807058572769165,5.706860363483429,12.563392639160156,33.10975646972656
212,1,2,1.2,0.8,0.5,10.629849433898926,15.428902089595795,19.36747932434082,37.897117614746094
212,1,2,1.2,0.8,1.0,8.355669021606445,12.826841533184052,23.325620651245117,52.70567321777344
212,1,2,1.2,0.8,2.0,5.493111610412598,8.327081859111786,17.570323944091797,48.4949951171875
213,1,0,0.8,0.2,0.5,4.949129104614258,8.02071225643158,2.9422826766967773,3.9104514122009277
213,1,0,0.8,0.2,1.0,4.869210720062256,6.254285514354706,3.0370664596557617,4.69233512878418
213,1,0,0.8,0.2,2.0,1.3414134979248047,2.065456509590149,2.9842851161956787,5.677447319030762
213,1,0,0.8,0.5,0.5,5.388776779174805,8.234730839729309,3.264115571975708,4.663870334625244
213,1,0,0.8,0.5,1.0,3.23396635055542,5.246671199798584,4.3389973640441895,8.613309860229492
213,1,0,0.8,0.5,2.0,1.4508562088012695,1.6294389963150024,4.426009178161621,9.854846000671387
213,1,0,0.8,0.8,0.5,5.547231674194336,8.077389657497406,6.105525970458984,10.09402847290039
213,1,0,0.8,0.8,1.0,4.589887619018555,7.34086412191391,6.038088798522949,12.771589279174805
213,1,0,0.8,0.8,2.0,2.7038979530334473,3.6049323081970215,7.179476737976074,18.686336517333984
213,1,0,1.0,0.2,0.5,5.669307231903076,7.948499381542206,3.7457027435302734,5.316628932952881
213,1,0,1.0,0.2,1.0,4.311831951141357,6.428654253482819,4.740346431732178,8.1863431930542
213,1,0,1.0,0.2,2.0,0.9450910091400146,1.1477728486061096,4.594294548034668,9.392708778381348
213,1,0,1.0,0.5,0.5,8.079822540283203,11.452589631080627,4.06619930267334,5.864052772521973
213,1,0,1.0,0.5,1.0,1.6746950149536133,3.336520195007324,6.132325172424316,12.559837341308594
213,1,0,1.0,0.5,2.0,1.1337971687316895,1.8454912900924683,5.531072616577148,13.321345329284668
213,1,0,1.0,0.8,0.5,5.501305103302002,8.896004855632782,6.76358699798584,11.909849166870117
213,1,0,1.0,0.8,1.0,6.030531883239746,9.45106303691864,9.176523208618164,20.212209701538086
213,1,0,1.0,0.8,2.0,3.535102605819702,4.772525727748871,11.110631942749023,30.272789001464844
213,1,0,1.2,0.2,0.5,5.784076690673828,8.738584816455841,5.772167682647705,8.70900821685791
213,1,0,1.2,0.2,1.0,4.841127395629883,8.006471395492554,5.3767008781433105,9.294156074523926
213,1,0,1.2,0.2,2.0,1.163996696472168,1.5789939165115356,5.742684364318848,12.25765609741211
213,1,0,1.2,0.5,0.5,7.809128761291504,14.729919075965881,6.093729496002197,9.812094688415527
213,1,0,1.2,0.5,1.0,3.719545602798462,5.622056603431702,9.32452392578125,19.326934814453125
213,1,0,1.2,0.5,2.0,1.2996717691421509,1.502605378627777,8.578508377075195,22.333070755004883
213,1,0,1.2,0.8,0.5,10.404680252075195,15.97061836719513,14.177533149719238,25.843374252319336
213,1,0,1.2,0.8,1.0,5.585511207580566,7.098959743976593,10.553924560546875,23.607694625854492
213,1,0,1.2,0.8,2.0,5.884756088256836,9.047180533409119,15.075654983520508,41.40229034423828
213,1,1,0.8,0.2,0.5,4.629861354827881,7.399004578590393,3.0730926990509033,4.275299549102783
213,1,1,0.8,0.2,1.0,3.2678282260894775,4.662182986736298,3.1278977394104004,5.325109481811523
213,1,1,0.8,0.2,2.0,1.3921114206314087,2.4320708513259888,3.2544381618499756,6.392125129699707
213,1,1,0.8,0.5,0.5,5.270456790924072,8.331626892089844,3.269963026046753,4.790509223937988
213,1,1,0.8,0.5,1.0,1.9721403121948242,2.9081940054893494,4.125140190124512,7.923792839050293
213,1,1,0.8,0.5,2.0,0.9191684126853943,1.276643455028534,4.964028358459473,11.921614646911621
213,1,1,0.8,0.8,0.5,5.006211280822754,8.395989179611206,4.389587879180908,6.986897945404053
213,1,1,0.8,0.8,1.0,4.269792556762695,6.173742592334747,5.76853609085083,11.609979629516602
213,1,1,0.8,0.8,2.0,2.9593567848205566,3.49124014377594,6.322035789489746,16.45821762084961
213,1,1,1.0,0.2,0.5,5.856688499450684,7.782980382442474,3.413987874984741,4.630843162536621
213,1,1,1.0,0.2,1.0,2.636164665222168,5.281992316246033,4.637722492218018,8.437044143676758
213,1,1,1.0,0.2,2.0,0.32763785123825073,0.4888049364089966,5.239266395568848,12.594054222106934
213,1,1,1.0,0.5,0.5,7.9731597900390625,12.144454002380371,5.296900749206543,8.05961799621582
213,1,1,1.0,0.5,1.0,2.763245105743408,4.5340576171875,5.048527717590332,9.375761032104492
213,1,1,1.0,0.5,2.0,2.1792092323303223,3.5671163201332092,7.382542610168457,18.35196876525879
213,1,1,1.0,0.8,0.5,6.677654266357422,8.648945271968842,5.605700969696045,9.504508018493652
213,1,1,1.0,0.8,1.0,4.456020832061768,6.560557067394257,10.71700668334961,24.044050216674805
213,1,1,1.0,0.8,2.0,3.7040822505950928,5.01082706451416,10.889253616333008,29.197860717773438
213,1,1,1.2,0.2,0.5,7.997081279754639,9.621754229068756,5.755906581878662,8.6504545211792
213,1,1,1.2,0.2,1.0,2.87972354888916,5.674381673336029,10.335702896118164,12.700544357299805
213,1,1,1.2,0.2,2.0,0.442302405834198,0.5235814452171326,6.431272983551025,13.54004192352295
213,1,1,1.2,0.5,0.5,9.394649505615234,13.670038878917694,6.82064151763916,11.054634094238281
213,1,1,1.2,0.5,1.0,2.923521041870117,4.731828391551971,10.077444076538086,20.227203369140625
213,1,1,1.2,0.5,2.0,1.771782398223877,2.1354839205741882,8.28174114227295,21.21532440185547
213,1,1,1.2,0.8,0.5,9.97081470489502,15.30136924982071,9.90322494506836,16.78851318359375
213,1,1,1.2,0.8,1.0,5.638258934020996,7.325730800628662,12.28618049621582,27.784454345703125
213,1,1,1.2,0.8,2.0,5.23870849609375,7.0414732694625854,13.520133018493652,37.281925201416016
213,1,2,0.8,0.2,0.5,5.980204105377197,8.800047278404236,3.130329132080078,4.167629718780518
213,1,2,0.8,0.2,1.0,2.9139091968536377,6.016420304775238,3.5400607585906982,6.194035053253174
213,1,2,0.8,0.2,2.0,1.1854263544082642,1.5123335123062134,4.010275363922119,7.734451770782471
213,1,2,0.8,0.5,0.5,7.272701263427734,10.577141642570496,3.981081485748291,5.993343353271484
213,1,2,0.8,0.5,1.0,3.343425750732422,4.877015233039856,5.710805892944336,10.606610298156738
213,1,2,0.8,0.5,2.0,1.3236020803451538,1.850089192390442,4.033799171447754,9.024445533752441
213,1,2,0.8,0.8,0.5,5.79197359085083,7.188868582248688,4.333626747131348,6.717793941497803
213,1,2,0.8,0.8,1.0,4.054333209991455,5.035866975784302,7.246677875518799,15.47917366027832
213,1,2,0.8,0.8,2.0,2.6563098430633545,4.321407794952393,6.4683990478515625,16.76104164123535
213,1,2,1.0,0.2,0.5,6.756507873535156,8.693785548210144,3.8058388233184814,5.111640930175781
213,1,2,1.0,0.2,1.0,4.680447578430176,6.919450879096985,4.5309062004089355,8.435917854309082
213,1,2,1.0,0.2,2.0,1.042825698852539,1.4195429682731628,4.4023003578186035,9.055896759033203
213,1,2,1.0,0.5,0.5,5.5289106369018555,8.697325766086578,5.020491600036621,8.105720520019531
213,1,2,1.0,0.5,1.0,2.807706594467163,3.9152769446372986,6.101089000701904,12.268497467041016
213,1,2,1.0,0.5,2.0,0.9160516262054443,0.9614773988723755,7.454838275909424,18.794279098510742
213,1,2,1.0,0.8,0.5,7.8503313064575195,11.65366792678833,7.171497344970703,12.25233268737793
213,1,2,1.0,0.8,1.0,3.55178165435791,4.890461444854736,8.878860473632812,19.146392822265625
213,1,2,1.0,0.8,2.0,4.465571880340576,7.188065230846405,13.285605430603027,37.480751037597656
213,1,2,1.2,0.2,0.5,5.824028968811035,8.042863011360168,4.23541784286499,5.978079795837402
213,1,2,1.2,0.2,1.0,4.98140811920166,7.418663740158081,4.29588508605957,7.115649700164795
213,1,2,1.2,0.2,2.0,0.7728220224380493,0.9591710567474365,4.575970649719238,9.940693855285645
213,1,2,1.2,0.5,0.5,8.376520156860352,15.005952835083008,7.9913835525512695,13.741726875305176
213,1,2,1.2,0.5,1.0,5.637896537780762,8.441649436950684,13.256872177124023,27.988195419311523
213,1,2,1.2,0.5,2.0,1.6115598678588867,2.0332114696502686,8.245790481567383,22.000818252563477
213,1,2,1.2,0.8,0.5,10.085127830505371,15.127855002880096,12.340950965881348,20.928495407104492
213,1,2,1.2,0.8,1.0,8.3648042678833,12.44528317451477,13.977952003479004,31.754714965820312
213,1,2,1.2,0.8,2.0,5.836679458618164,8.96343994140625,19.81720542907715,52.724510192871094
214,1,0,0.8,0.2,0.5,5.540889739990234,10.467773675918579,3.2125165462493896,4.483940124511719
214,1,0,0.8,0.2,1.0,4.370603561401367,6.511731564998627,4.921457767486572,8.950835227966309
214,1,0,0.8,0.2,2.0,0.3154459595680237,0.5716736316680908,4.740353107452393,10.540853500366211
214,1,0,0.8,0.5,0.5,8.786827087402344,13.021505355834961,4.84395170211792,7.50734281539917
214,1,0,0.8,0.5,1.0,3.8266751766204834,5.6586979031562805,7.34923791885376,15.66533088684082
214,1,0,0.8,0.5,2.0,0.9139631390571594,1.9796062707901,5.774951457977295,14.651576042175293
214,1,0,0.8,0.8,0.5,10.028820037841797,14.752938628196716,9.443897247314453,17.05742835998535
214,1,0,0.8,0.8,1.0,5.6391496658325195,8.658784806728363,10.613872528076172,23.939760208129883
214,1,0,0.8,0.8,2.0,3.8728857040405273,5.2161107659339905,11.098498344421387,30.891637802124023
214,1,0,1.0,0.2,0.5,5.809559345245361,10.022156774997711,4.188171863555908,5.966225624084473
214,1,0,1.0,0.2,1.0,4.059771537780762,7.097436964511871,6.2164812088012695,11.682784080505371
214,1,0,1.0,0.2,2.0,0.4876861572265625,0.6425313949584961,6.726629257202148,15.521147727966309
214,1,0,1.0,0.5,0.5,8.793231964111328,13.648917376995087,5.867385387420654,9.49629020690918
214,1,0,1.0,0.5,1.0,2.519725799560547,4.5570403933525085,6.443167209625244,13.38115119934082
214,1,0,1.0,0.5,2.0,0.0,0.7061576843261719,7.497193813323975,19.715530395507812
214,1,0,1.0,0.8,0.5,11.599349975585938,16.400681912899017,12.929791450500488,23.155458450317383
214,1,0,1.0,0.8,1.0,6.66213321685791,10.579170405864716,12.073484420776367,27.760591506958008
214,1,0,1.0,0.8,2.0,5.075404167175293,6.937242269515991,13.719599723815918,37.72780990600586
214,1,0,1.2,0.2,0.5,6.365746974945068,9.529735386371613,4.629088401794434,6.734525203704834
214,1,0,1.2,0.2,1.0,3.239898204803467,6.314590692520142,8.79493522644043,18.225610733032227
214,1,0,1.2,0.2,2.0,0.5479547381401062,0.9033331274986267,7.605928421020508,16.513484954833984
214,1,0,1.2,0.5,0.5,8.540648460388184,14.321275651454926,7.897931098937988,12.444388389587402
214,1,0,1.2,0.5,1.0,6.662207126617432,10.305318295955658,12.293717384338379,25.840496063232422
214,1,0,1.2,0.5,2.0,4.219536304473877,6.420210182666779,13.580633163452148,36.55867385864258
214,1,0,1.2,0.8,0.5,11.125699043273926,15.485805571079254,21.289493560791016,41.0328369140625
214,1,0,1.2,0.8,1.0,8.977396965026855,12.696261286735535,25.31077766418457,57.00483703613281
214,1,0,1.2,0.8,2.0,6.068805694580078,9.252670288085938,21.212404251098633,57.91943359375
214,1,1,0.8,0.2,0.5,6.0424323081970215,8.308512687683105,3.790187358856201,5.629127502441406
214,1,1,0.8,0.2,1.0,5.332435607910156,6.981792390346527,3.1449663639068604,4.999258995056152
214,1,1,0.8,0.2,2.0,1.6845543384552002,2.3710027933120728,3.4182205200195312,6.562541484832764
214,1,1,0.8,0.5,0.5,6.188982963562012,9.347330868244171,3.725921630859375,5.561385154724121
214,1,1,0.8,0.5,1.0,3.5791778564453125,4.634851932525635,6.4251813888549805,13.03612995147705
214,1,1,0.8,0.5,2.0,0.9814729690551758,1.2383881211280823,6.606167793273926,16.137582778930664
214,1,1,0.8,0.8,0.5,6.421238899230957,9.949970662593842,6.1467604637146,9.923660278320312
214,1,1,0.8,0.8,1.0,3.4182963371276855,5.275977790355682,9.407560348510742,20.905467987060547
214,1,1,0.8,0.8,2.0,2.7306225299835205,3.580248236656189,10.395196914672852,28.84640884399414
214,1,1,1.0,0.2,0.5,6.520984172821045,9.622943758964539,5.805115222930908,8.51400375366211
214,1,1,1.0,0.2,1.0,4.0833024978637695,6.386395215988159,6.957465171813965,13.283004760742188
214,1,1,1.0,0.2,2.0,1.6296075582504272,2.585409164428711,6.555614471435547,13.738826751708984
214,1,1,1.0,0.5,0.5,8.879573822021484,12.808848023414612,8.80026912689209,15.33047103881836
214,1,1,1.0,0.5,1.0,3.223808765411377,4.393350780010223,9.811126708984375,21.919321060180664
214,1,1,1.0,0.5,2.0,0.9717972874641418,0.5793710947036743,8.50951862335205,21.427734375
214,1,1,1.0,0.8,0.5,11.802556037902832,17.39227205514908,11.247209548950195,20.199331283569336
214,1,1,1.0,0.8,1.0,7.65234375,11.855226814746857,16.86909294128418,39.567161560058594
214,1,1,1.0,0.8,2.0,5.114883899688721,7.869714021682739,15.740440368652344,44.63582229614258
214,1,1,1.2,0.2,0.5,5.2383222579956055,11.998670041561127,4.646723747253418,7.326338291168213
214,1,1,1.2,0.2,1.0,4.47451114654541,7.352859973907471,4.944597244262695,8.855049133300781
214,1,1,1.2,0.2,2.0,0.35866475105285645,0.5704606175422668,8.72984504699707,21.68871307373047
214,1,1,1.2,0.5,0.5,10.006322860717773,13.917560994625092,9.664505958557129,17.51700782775879
214,1,1,1.2,0.5,1.0,5.943539619445801,8.617119431495667,14.493109703063965,33.28893280029297
214,1,1,1.2,0.5,2.0,4.657671928405762,6.8229352831840515,16.12980079650879,42.176822662353516
214,1,1,1.2,0.8,0.5,12.044279098510742,16.381501376628876,26.399202346801758,48.32038879394531
214,1,1,1.2,0.8,1.0,7.855110168457031,11.584096848964691,22.646625518798828,50.18686294555664
214,1,1,1.2,0.8,2.0,5.437300682067871,8.402467787265778,15.317713737487793,41.505287170410156
214,1,2,0.8,0.2,0.5,6.230227947235107,10.080396950244904,3.174046039581299,4.406803607940674
214,1,2,0.8,0.2,1.0,4.8322930335998535,7.501040399074554,4.6682844161987305,7.821213722229004
214,1,2,0.8,0.2,2.0,1.3626272678375244,2.448729157447815,3.5765645503997803,6.820536136627197
214,1,2,0.8,0.5,0.5,6.794459342956543,10.185624659061432,4.226040840148926,6.585455417633057
214,1,2,0.8,0.5,1.0,2.6012861728668213,4.438605785369873,4.283888816833496,7.68648099899292
214,1,2,0.8,0.5,2.0,1.6149072647094727,2.5500388741493225,8.554081916809082,21.758499145507812
214,1,2,0.8,0.8,0.5,6.455479145050049,8.439267098903656,5.613423824310303,9.248722076416016
214,1,2,0.8,0.8,1.0,5.217614650726318,7.4647621512413025,10.228448867797852,22.920866012573242
214,1,2,0.8,0.8,2.0,2.570863723754883,3.2120803594589233,8.72424030303955,23.541540145874023
214,1,2,1.0,0.2,0.5,5.746853828430176,9.279444217681885,3.2373156547546387,4.44146728515625
214,1,2,1.0,0.2,1.0,4.311735153198242,8.169057786464691,5.148749828338623,9.366926193237305
214,1,2,1.0,0.2,2.0,0.6037244200706482,0.9111716747283936,6.310065746307373,13.563425064086914
214,1,2,1.0,0.5,0.5,8.469075202941895,12.646845281124115,7.172441482543945,11.825213432312012
214,1,2,1.0,0.5,1.0,3.1444671154022217,4.356683254241943,9.213240623474121,20.809585571289062
214,1,2,1.0,0.5,2.0,1.5265884399414062,1.8050676584243774,8.231886863708496,21.021060943603516
214,1,2,1.0,0.8,0.5,6.990301132202148,10.25331735610962,6.832036018371582,11.202286720275879
214,1,2,1.0,0.8,1.0,8.036086082458496,11.9190593957901,20.7972412109375,48.30497741699219
214,1,2,1.0,0.8,2.0,3.1598551273345947,4.549465537071228,10.225037574768066,29.5828800201416
214,1,2,1.2,0.2,0.5,5.566202640533447,9.371019542217255,5.371993064880371,8.146417617797852
214,1,2,1.2,0.2,1.0,3.7259681224823,6.281062662601471,8.690869331359863,14.757859230041504
214,1,2,1.2,0.2,2.0,0.5862830281257629,0.8431407809257507,6.128390789031982,13.142335891723633
214,1,2,1.2,0.5,0.5,8.037311553955078,11.59237951040268,13.594971656799316,22.0301513671875
214,1,2,1.2,0.5,1.0,6.7091875076293945,9.986754298210144,13.380987167358398,28.64533233642578
214,1,2,1.2,0.5,2.0,3.708202838897705,5.5797282457351685,17.384130477905273,47.851409912109375
214,1,2,1.2,0.8,0.5,11.066142082214355,16.898520350456238,25.442041397094727,47.16780471801758
214,1,2,1.2,0.8,1.0,8.57420825958252,12.20231693983078,37.145084381103516,80.32430267333984
214,1,2,1.2,0.8,2.0,6.03963565826416,8.838939249515533,24.889259338378906,67.69927215576172
215,1,0,0.8,0.2,0.5,4.5524725914001465,7.584530591964722,2.7506103515625,3.8160393238067627
215,1,0,0.8,0.2,1.0,5.702050685882568,8.328264236450195,3.4442026615142822,5.983424663543701
215,1,0,0.8,0.2,2.0,1.4887531995773315,1.9979671835899353,3.795182228088379,7.831645965576172
215,1,0,0.8,0.5,0.5,5.8498101234436035,8.702129483222961,3.9491968154907227,5.875482082366943
215,1,0,0.8,0.5,1.0,3.834071636199951,5.396068513393402,3.8961291313171387,7.0128045082092285
215,1,0,0.8,0.5,2.0,0.9190080761909485,1.2363945841789246,5.486498832702637,12.700732231140137
215,1,0,0.8,0.8,0.5,7.909709930419922,12.672974348068237,6.276912212371826,10.19701099395752
215,1,0,0.8,0.8,1.0,5.032536029815674,6.365968704223633,5.959506034851074,11.978267669677734
215,1,0,0.8,0.8,2.0,1.9849364757537842,2.612002730369568,9.4139986038208,26.205699920654297
215,1,0,1.0,0.2,0.5,6.546585559844971,8.740166544914246,4.584378242492676,6.701484203338623
215,1,0,1.0,0.2,1.0,4.687171459197998,9.024421274662018,4.111149787902832,6.9683027267456055
215,1,0,1.0,0.2,2.0,0.5308435559272766,0.8078305125236511,4.414124011993408,9.327451705932617
215,1,0,1.0,0.5,0.5,7.982654571533203,11.200497150421143,5.8298211097717285,9.737138748168945
215,1,0,1.0,0.5,1.0,2.8152854442596436,4.973586142063141,7.134559154510498,14.274870872497559
215,1,0,1.0,0.5,2.0,1.7110008001327515,1.7074028849601746,7.014873027801514,17.474681854248047
215,1,0,1.0,0.8,0.5,11.245963096618652,17.004875242710114,10.376697540283203,19.328418731689453
215,1,0,1.0,0.8,1.0,5.355438232421875,8.213761925697327,9.902885437011719,21.879165649414062
215,1,0,1.0,0.8,2.0,2.805461883544922,4.1371946930885315,9.135136604309082,25.712257385253906
215,1,0,1.2,0.2,0.5,5.857138633728027,9.824758112430573,5.6963958740234375,8.876228332519531
215,1,0,1.2,0.2,1.0,4.5312395095825195,7.656859934329987,5.771775722503662,10.757177352905273
215,1,0,1.2,0.2,2.0,0.5793883800506592,1.2121542692184448,5.619787216186523,12.58346939086914
215,1,0,1.2,0.5,0.5,8.885015487670898,13.186451733112335,6.603923797607422,10.720664024353027
215,1,0,1.2,0.5,1.0,6.38050651550293,8.735472679138184,17.7105712890625,39.225162506103516
215,1,0,1.2,0.5,2.0,2.0433030128479004,3.3131966590881348,11.52298641204834,30.604969024658203
215,1,0,1.2,0.8,0.5,10.200876235961914,14.54977011680603,22.1317138671875,38.685489654541016
215,1,0,1.2,0.8,1.0,8.53446102142334,12.564124286174774,15.535552978515625,35.40994644165039
215,1,0,1.2,0.8,2.0,4.839034557342529,7.551209568977356,15.6815824508667,43.647560119628906
215,1,1,0.8,0.2,0.5,4.0738911628723145,7.876482248306274,3.17213773727417,4.3421430587768555
215,1,1,0.8,0.2,1.0,5.418652057647705,8.184381306171417,3.4794106483459473,5.861840724945068
215,1,1,0.8,0.2,2.0,0.7893590331077576,1.4601178765296936,3.8057334423065186,7.341373920440674
215,1,1,0.8,0.5,0.5,7.2540669441223145,10.970192670822144,3.6412503719329834,5.3949689865112305
215,1,1,0.8,0.5,1.0,2.8756656646728516,3.3042486906051636,5.520349979400635,11.249775886535645
215,1,1,0.8,0.5,2.0,0.7859617471694946,0.9715572595596313,4.78179407119751,11.342964172363281
215,1,1,0.8,0.8,0.5,6.852725982666016,10.644615471363068,4.528361797332764,7.087374687194824
215,1,1,0.8,0.8,1.0,4.306241989135742,6.176182568073273,5.785197734832764,11.561724662780762
215,1,1,0.8,0.8,2.0,3.5246617794036865,4.943670690059662,7.021728515625,19.11713981628418
215,1,1,1.0,0.2,0.5,8.406816482543945,12.766631841659546,4.393608093261719,6.097611427307129
215,1,1,1.0,0.2,1.0,4.348907470703125,7.519478380680084,4.126643180847168,7.26021671295166
215,1,1,1.0,0.2,2.0,0.8585596680641174,1.4459726214408875,4.594440937042236,10.045042991638184
215,1,1,1.0,0.5,0.5,7.137214660644531,10.73555701971054,4.883133888244629,7.840030670166016
215,1,1,1.0,0.5,1.0,3.0922257900238037,4.912345349788666,7.942089557647705,16.435998916625977
215,1,1,1.0,0.5,2.0,1.4575177431106567,1.7456698417663574,8.520366668701172,22.01365852355957
215,1,1,1.0,0.8,0.5,11.142101287841797,16.053114116191864,13.37646198272705,24.311439514160156
215,1,1,1.0,0.8,1.0,8.608600616455078,13.056565940380096,12.366003036499023,27.68808937072754
215,1,1,1.0,0.8,2.0,3.5314762592315674,5.437780261039734,11.89261245727539,32.505126953125
215,1,1,1.2,0.2,0.5,5.521547794342041,8.982990622520447,5.419644832611084,7.930647850036621
215,1,1,1.2,0.2,1.0,5.082991123199463,8.153701543807983,5.544858932495117,10.611653327941895
215,1,1,1.2,0.2,2.0,1.5605347156524658,2.2486314177513123,6.114051342010498,12.606584548950195
215,1,1,1.2,0.5,0.5,9.525569915771484,13.341965019702911,6.896707057952881,11.156172752380371
215,1,1,1.2,0.5,1.0,4.0644683837890625,5.581984877586365,8.506248474121094,17.977052688598633
215,1,1,1.2,0.5,2.0,2.108867645263672,2.287828505039215,10.718801498413086,28.083620071411133
215,1,1,1.2,0.8,0.5,10.538373947143555,15.69932907819748,12.979246139526367,24.353071212768555
215,1,1,1.2,0.8,1.0,7.747438430786133,12.072003424167633,23.328590393066406,53.369483947753906
215,1,1,1.2,0.8,2.0,6.667813301086426,10.268740892410278,19.778873443603516,52.22755813598633
215,1,2,0.8,0.2,0.5,5.62571907043457,7.902581512928009,2.8425164222717285,3.818840980529785
215,1,2,0.8,0.2,1.0,4.528252601623535,8.17203277349472,3.538363456726074,5.724971294403076
215,1,2,0.8,0.2,2.0,1.750718116760254,2.722160816192627,3.5011346340179443,6.3948445320129395
215,1,2,0.8,0.5,0.5,6.087868690490723,9.237468838691711,3.4796359539031982,5.074336051940918
215,1,2,0.8,0.5,1.0,2.906191349029541,4.295997798442841,4.758443832397461,8.91036605834961
215,1,2,0.8,0.5,2.0,1.7982945442199707,2.8729937076568604,4.963632583618164,11.073286056518555
215,1,2,0.8,0.8,0.5,6.689919948577881,10.89381343126297,5.910155296325684,10.235811233520508
215,1,2,0.8,0.8,1.0,3.1105566024780273,5.2964858412742615,6.2755608558654785,12.869475364685059
215,1,2,0.8,0.8,2.0,2.590651512145996,3.340162932872772,6.697423934936523,16.741914749145508
215,1,2,1.0,0.2,0.5,5.458339691162109,8.14170390367508,3.095756769180298,4.285129070281982
215,1,2,1.0,0.2,1.0,3.040242910385132,4.565047860145569,4.009739875793457,7.281560897827148
215,1,2,1.0,0.2,2.0,0.7179186344146729,1.3317950963974,4.570005416870117,9.598731994628906
215,1,2,1.0,0.5,0.5,6.592306137084961,8.83179783821106,5.075465679168701,8.414546966552734
215,1,2,1.0,0.5,1.0,2.0167272090911865,2.9556981921195984,5.601602554321289,11.058382987976074
215,1,2,1.0,0.5,2.0,1.2501628398895264,1.2702574729919434,7.276840686798096,17.5236873626709
215,1,2,1.0,0.8,0.5,8.220086097717285,13.431653797626495,8.888276100158691,15.775177001953125
215,1,2,1.0,0.8,1.0,6.0939178466796875,7.887603163719177,8.18488597869873,17.905506134033203
215,1,2,1.0,0.8,2.0,3.3267643451690674,4.734564483165741,10.342218399047852,27.174110412597656
215,1,2,1.2,0.2,0.5,9.819775581359863,10.369134962558746,4.835076332092285,7.062171459197998
215,1,2,1.2,0.2,1.0,4.159212112426758,6.34898966550827,6.111151218414307,12.328048706054688
215,1,2,1.2,0.2,2.0,1.0551271438598633,1.486380696296692,7.123664855957031,16.709857940673828
215,1,2,1.2,0.5,0.5,9.271586418151855,14.035177409648895,7.123117446899414,11.439908981323242
215,1,2,1.2,0.5,1.0,5.893957138061523,11.30066442489624,11.047986030578613,22.965492248535156
215,1,2,1.2,0.5,2.0,0.46619272232055664,0.9700925350189209,10.110509872436523,26.535600662231445
215,1,2,1.2,0.8,0.5,12.046455383300781,17.584961712360382,10.540310859680176,18.021514892578125
215,1,2,1.2,0.8,1.0,8.624796867370605,12.808799147605896,22.056533813476562,49.59938049316406
215,1,2,1.2,0.8,2.0,3.898437023162842,5.9479758739471436,11.150490760803223,32.702369689941406
216,1,0,0.8,0.2,0.5,5.661805629730225,8.495943665504456,3.0298383235931396,4.228884220123291
216,1,0,0.8,0.2,1.0,4.2543511390686035,7.110648095607758,3.9955267906188965,6.803997993469238
216,1,0,0.8,0.2,2.0,0.7524555921554565,1.118612825870514,3.6413214206695557,7.363652229309082
216,1,0,0.8,0.5,0.5,6.572444915771484,9.252497375011444,2.862579345703125,3.9614627361297607
216,1,0,0.8,0.5,1.0,1.2008178234100342,1.985934555530548,4.015317440032959,7.579875469207764
216,1,0,0.8,0.5,2.0,0.3998609185218811,0.47292381525039673,5.403278350830078,12.619558334350586
216,1,0,0.8,0.8,0.5,5.813527584075928,8.70782071352005,4.0392632484436035,6.204905033111572
216,1,0,0.8,0.8,1.0,3.9712228775024414,6.014680743217468,7.013033866882324,15.197563171386719
216,1,0,0.8,0.8,2.0,3.6008148193359375,4.841161072254181,9.023552894592285,23.732955932617188
216,1,0,1.0,0.2,0.5,6.340002536773682,8.672470510005951,3.426453113555908,4.726203918457031
216,1,0,1.0,0.2,1.0,3.6790988445281982,7.202836394309998,4.713565349578857,8.470532417297363
216,1,0,1.0,0.2,2.0,0.39255380630493164,0.5776926279067993,4.571988582611084,10.282119750976562
216,1,0,1.0,0.5,0.5,8.527812957763672,12.598059058189392,7.460424900054932,12.231308937072754
216,1,0,1.0,0.5,1.0,1.501075029373169,2.4506481289863586,7.419456958770752,15.178750991821289
216,1,0,1.0,0.5,2.0,0.8422536253929138,0.8524477481842041,6.844795227050781,16.615299224853516
216,1,0,1.0,0.8,0.5,6.832150936126709,10.94682788848877,6.584011077880859,11.465587615966797
216,1,0,1.0,0.8,1.0,5.534126281738281,9.169190347194672,12.820374488830566,28.838891983032227
216,1,0,1.0,0.8,2.0,5.565314292907715,8.530664622783661,17.366445541381836,48.075889587402344
216,1,0,1.2,0.2,0.5,8.176958084106445,8.251541078090668,5.219093322753906,7.458877086639404
216,1,0,1.2,0.2,1.0,2.852501392364502,4.316657602787018,9.076218605041504,16.75420570373535
216,1,0,1.2,0.2,2.0,0.5780500173568726,0.7386084794998169,8.407544136047363,19.13774871826172
216,1,0,1.2,0.5,0.5,8.616582870483398,12.687009274959564,8.243624687194824,13.749778747558594
216,1,0,1.2,0.5,1.0,3.5966901779174805,5.827107608318329,7.598812580108643,14.945316314697266
216,1,0,1.2,0.5,2.0,2.0972189903259277,2.7837257385253906,10.511114120483398,27.546092987060547
216,1,0,1.2,0.8,0.5,12.32822036743164,16.905042350292206,26.88971710205078,50.30775451660156
216,1,0,1.2,0.8,1.0,5.705358028411865,8.191779017448425,12.322004318237305,28.16130256652832
216,1,0,1.2,0.8,2.0,5.4194111824035645,8.443883121013641,16.689937591552734,46.034034729003906
216,1,1,0.8,0.2,0.5,4.756812572479248,8.005745112895966,3.2938241958618164,4.645918846130371
216,1,1,0.8,0.2,1.0,4.199016571044922,6.305356979370117,3.5986127853393555,6.18499231338501
216,1,1,0.8,0.2,2.0,1.7901725769042969,3.0563842058181763,3.8976149559020996,7.609792232513428
216,1,1,0.8,0.5,0.5,4.866770267486572,8.438730537891388,4.016684532165527,6.147286891937256
216,1,1,0.8,0.5,1.0,3.1485939025878906,5.244867563247681,4.403270244598389,8.15584945678711
216,1,1,0.8,0.5,2.0,0.2713944911956787,0.2975379228591919,5.036271572113037,11.866071701049805
216,1,1,0.8,0.8,0.5,7.218199729919434,10.450071096420288,4.911835670471191,7.832194805145264
216,1,1,0.8,0.8,1.0,4.834667682647705,6.166381001472473,8.214712142944336,17.980287551879883
216,1,1,0.8,0.8,2.0,3.4505929946899414,4.301746428012848,8.651322364807129,23.634580612182617
216,1,1,1.0,0.2,0.5,4.939507961273193,8.346705853939056,3.9142038822174072,5.636197566986084
216,1,1,1.0,0.2,1.0,5.063301086425781,7.21350222826004,4.213347911834717,7.547064781188965
216,1,1,1.0,0.2,2.0,0.5154521465301514,1.2300259470939636,4.429163455963135,9.587584495544434
216,1,1,1.0,0.5,0.5,7.662640571594238,11.955711722373962,5.691835880279541,9.193415641784668
216,1,1,1.0,0.5,1.0,2.8207881450653076,4.533960580825806,7.251621723175049,14.913473129272461
216,1,1,1.0,0.5,2.0,1.0915100574493408,1.9292514324188232,7.784592151641846,20.115997314453125
216,1,1,1.0,0.8,0.5,9.688752174377441,13.55069887638092,8.426538467407227,14.488916397094727
216,1,1,1.0,0.8,1.0,8.594794273376465,13.042064547538757,13.534768104553223,29.887760162353516
216,1,1,1.0,0.8,2.0,5.430524826049805,8.289687037467957,14.311419486999512,38.36505126953125
216,1,1,1.2,0.2,0.5,5.40266752243042,12.872677445411682,7.067673683166504,10.613973617553711
216,1,1,1.2,0.2,1.0,3.9419140815734863,5.642992377281189,6.295405864715576,11.179567337036133
216,1,1,1.2,0.2,2.0,0.3717570900917053,0.4904438257217407,7.554869174957275,16.42174530029297
216,1,1,1.2,0.5,0.5,9.553887367248535,16.118369817733765,7.774036884307861,12.945384979248047
216,1,1,1.2,0.5,1.0,3.7813563346862793,6.081328213214874,9.642105102539062,20.494976043701172
216,1,1,1.2,0.5,2.0,2.046645402908325,2.6359166502952576,10.198885917663574,26.167207717895508
216,1,1,1.2,0.8,0.5,10.611428260803223,15.601680159568787,13.532883644104004,25.23532485961914
216,1,1,1.2,0.8,1.0,8.210441589355469,12.184391558170319,19.43337059020996,43.883934020996094
216,1,1,1.2,0.8,2.0,5.58441686630249,8.407476902008057,21.31998062133789,59.04027557373047
216,1,2,0.8,0.2,0.5,5.211759567260742,7.764107406139374,3.14770770072937,4.538339614868164
216,1,2,0.8,0.2,1.0,3.929306745529175,6.145558297634125,3.468484878540039,5.672968864440918
216,1,2,0.8,0.2,2.0,1.223286747932434,1.8096874952316284,4.457415580749512,9.459358215332031
216,1,2,0.8,0.5,0.5,5.472784996032715,8.640341997146606,3.6374690532684326,5.570199966430664
216,1,2,0.8,0.5,1.0,2.3056442737579346,3.8587281107902527,4.482731342315674,8.620771408081055
216,1,2,0.8,0.5,2.0,1.6518467664718628,1.5943751335144043,5.064378261566162,12.154816627502441
216,1,2,0.8,0.8,0.5,6.7019829750061035,9.617618918418884,4.573824882507324,6.787126541137695
216,1,2,0.8,0.8,1.0,3.5537617206573486,4.711911678314209,7.23406457901001,15.926082611083984
216,1,2,0.8,0.8,2.0,1.8711055517196655,2.742854952812195,6.972433567047119,17.977813720703125
216,1,2,1.0,0.2,0.5,6.4027910232543945,9.75548529624939,4.134189605712891,6.158850193023682
216,1,2,1.0,0.2,1.0,4.548645973205566,7.04832661151886,3.9433434009552,6.629846572875977
216,1,2,1.0,0.2,2.0,1.3636798858642578,2.1955660581588745,4.597568035125732,10.229358673095703
216,1,2,1.0,0.5,0.5,7.370755672454834,11.713520884513855,6.6586079597473145,10.923043251037598
216,1,2,1.0,0.5,1.0,3.8105380535125732,4.788978397846222,7.660907745361328,15.145642280578613
216,1,2,1.0,0.5,2.0,1.5561175346374512,1.6430962681770325,8.781060218811035,22.563703536987305
216,1,2,1.0,0.8,0.5,9.067283630371094,13.52314841747284,9.261136054992676,15.78550910949707
216,1,2,1.0,0.8,1.0,6.668668746948242,9.957269310951233,13.490827560424805,29.946834564208984
216,1,2,1.0,0.8,2.0,3.7570223808288574,5.532598257064819,13.57540512084961,37.56436538696289
216,1,2,1.2,0.2,0.5,5.456048011779785,10.266595721244812,5.20583963394165,8.072052001953125
216,1,2,1.2,0.2,1.0,4.198784828186035,7.160658776760101,5.193408012390137,8.478472709655762
216,1,2,1.2,0.2,2.0,0.25829488039016724,0.4336780905723572,6.748682975769043,15.660408973693848
216,1,2,1.2,0.5,0.5,6.608108997344971,10.629107594490051,13.13739013671875,19.541933059692383
216,1,2,1.2,0.5,1.0,4.285650253295898,6.52994567155838,9.301048278808594,19.191877365112305
216,1,2,1.2,0.5,2.0,2.2529983520507812,2.6325570940971375,10.306090354919434,27.1201114654541
216,1,2,1.2,0.8,0.5,9.437307357788086,13.20269912481308,9.000951766967773,15.331308364868164
216,1,2,1.2,0.8,1.0,8.54623031616211,12.638730883598328,21.373985290527344,48.47178649902344
216,1,2,1.2,0.8,2.0,5.252278804779053,8.252127826213837,14.720132827758789,40.13132858276367
217,1,0,0.8,0.2,0.5,6.742420673370361,9.616828799247742,3.4746909141540527,4.754950523376465
217,1,0,0.8,0.2,1.0,3.966169834136963,5.89182984828949,4.144721031188965,6.781235694885254
217,1,0,0.8,0.2,2.0,0.835851788520813,1.606272041797638,3.8154146671295166,7.367920875549316
217,1,0,0.8,0.5,0.5,7.487127780914307,10.701663076877594,4.142205238342285,6.029738903045654
217,1,0,0.8,0.5,1.0,1.754911184310913,2.4794116616249084,4.691908836364746,9.10286808013916
217,1,0,0.8,0.5,2.0,1.710168480873108,1.6815656423568726,6.749940395355225,16.97275733947754
217,1,0,0.8,0.8,0.5,8.894789695739746,11.629086315631866,6.850264549255371,11.51536750793457
217,1,0,0.8,0.8,1.0,5.079702377319336,6.680397570133209,7.098668098449707,15.514684677124023
217,1,0,0.8,0.8,2.0,3.331667900085449,3.8948002457618713,7.3258056640625,18.945356369018555
217,1,0,1.0,0.2,0.5,7.4679341316223145,9.769633769989014,4.488070487976074,6.167026042938232
217,1,0,1.0,0.2,1.0,4.810854911804199,7.789369285106659,4.404544353485107,7.459140300750732
217,1,0,1.0,0.2,2.0,0.7868220806121826,1.3916019797325134,5.548018455505371,11.818011283874512
217,1,0,1.0,0.5,0.5,8.374189376831055,12.336011946201324,7.645259380340576,12.701631546020508
217,1,0,1.0,0.5,1.0,2.6195766925811768,3.4115265011787415,7.077428340911865,15.371455192565918
217,1,0,1.0,0.5,2.0,1.0168757438659668,1.8708462119102478,6.328061103820801,14.808876037597656
217,1,0,1.0,0.8,0.5,6.877247333526611,10.016495823860168,8.151362419128418,14.483562469482422
217,1,0,1.0,0.8,1.0,7.741678237915039,12.09431129693985,15.367080688476562,35.896575927734375
217,1,0,1.0,0.8,2.0,3.7537801265716553,4.0553058385849,11.614363670349121,31.26385498046875
217,1,0,1.2,0.2,0.5,4.46702766418457,6.9069589376449585,8.517928123474121,14.838715553283691
217,1,0,1.2,0.2,1.0,3.486067771911621,5.986402153968811,7.754518985748291,14.966988563537598
217,1,0,1.2,0.2,2.0,0.17956185340881348,0.3236691951751709,7.470978260040283,16.59189796447754
217,1,0,1.2,0.5,0.5,8.675287246704102,13.619766414165497,11.44389533996582,19.594406127929688
217,1,0,1.2,0.5,1.0,4.827652931213379,6.858160853385925,11.053215980529785,23.44689178466797
217,1,0,1.2,0.5,2.0,2.071171760559082,2.3556251525878906,9.419509887695312,25.186168670654297
217,1,0,1.2,0.8,0.5,10.947481155395508,16.14412397146225,17.50026512145996,29.959667205810547
217,1,0,1.2,0.8,1.0,8.009777069091797,11.723757922649384,24.684019088745117,55.485164642333984
217,1,0,1.2,0.8,2.0,5.526904106140137,8.596912145614624,24.39925765991211,62.69001388549805
217,1,1,0.8,0.2,0.5,5.776676177978516,9.419737637043,3.0540969371795654,4.125156402587891
217,1,1,0.8,0.2,1.0,4.877054691314697,8.45366382598877,3.225402593612671,5.419919490814209
217,1,1,0.8,0.2,2.0,1.4500315189361572,2.8245068192481995,4.354713439941406,9.082193374633789
217,1,1,0.8,0.5,0.5,8.230615615844727,11.79979795217514,4.275067329406738,6.354549884796143
217,1,1,0.8,0.5,1.0,2.737295627593994,4.3810954093933105,4.755397319793701,9.39215087890625
217,1,1,0.8,0.5,2.0,1.3385013341903687,1.3303868770599365,6.179681777954102,14.738956451416016
217,1,1,0.8,0.8,0.5,6.741321563720703,10.378313541412354,4.962984561920166,7.67891788482666
217,1,1,0.8,0.8,1.0,4.954237461090088,7.9973114132881165,7.938992977142334,17.464431762695312
217,1,1,0.8,0.8,2.0,3.2330374717712402,4.0686880350112915,7.510083198547363,20.11359977722168
217,1,1,1.0,0.2,0.5,6.986073017120361,10.083708345890045,4.5886688232421875,6.677637577056885
217,1,1,1.0,0.2,1.0,3.8818352222442627,6.243259608745575,5.068499565124512,9.380491256713867
217,1,1,1.0,0.2,2.0,0.8889250159263611,1.4863686561584473,6.36237907409668,13.894546508789062
217,1,1,1.0,0.5,0.5,7.616434097290039,11.784878551959991,5.998782157897949,9.887628555297852
217,1,1,1.0,0.5,1.0,3.087146282196045,4.882080018520355,7.506827354431152,15.913325309753418
217,1,1,1.0,0.5,2.0,0.8121600151062012,0.731910228729248,8.424332618713379,20.662446975708008
217,1,1,1.0,0.8,0.5,8.585028648376465,13.715318620204926,8.309497833251953,14.611432075500488
217,1,1,1.0,0.8,1.0,4.862486362457275,7.771846413612366,9.149701118469238,20.065841674804688
217,1,1,1.0,0.8,2.0,4.873468399047852,7.20672208070755,12.928484916687012,36.89619827270508
217,1,1,1.2,0.2,0.5,4.753560543060303,9.794452607631683,5.758810520172119,8.356008529663086
217,1,1,1.2,0.2,1.0,3.5504212379455566,5.565416693687439,7.4904398918151855,12.867278099060059
217,1,1,1.2,0.2,2.0,0.23165464401245117,0.26194632053375244,7.832491874694824,19.18646812438965
217,1,1,1.2,0.5,0.5,7.5142974853515625,11.915425062179565,11.408846855163574,19.193180084228516
217,1,1,1.2,0.5,1.0,4.650618553161621,7.164160370826721,10.436346054077148,21.880521774291992
217,1,1,1.2,0.5,2.0,4.435906410217285,6.989450395107269,17.50138282775879,44.92007064819336
217,1,1,1.2,0.8,0.5,7.796090602874756,11.89409202337265,9.31609058380127,16.582599639892578
217,1,1,1.2,0.8,1.0,8.153822898864746,11.832606732845306,21.288814544677734,48.84857940673828
217,1,1,1.2,0.8,2.0,5.285452842712402,8.028629422187805,18.072599411010742,49.173095703125
217,1,2,0.8,0.2,0.5,6.634785175323486,8.987410724163055,3.473456382751465,5.016499042510986
217,1,2,0.8,0.2,1.0,5.3906965255737305,7.724581003189087,3.538515329360962,5.824098110198975
217,1,2,0.8,0.2,2.0,1.9664732217788696,2.891497552394867,3.5695345401763916,6.748702526092529
217,1,2,0.8,0.5,0.5,6.137469291687012,9.62572592496872,3.928316116333008,5.637582778930664
217,1,2,0.8,0.5,1.0,2.326796531677246,3.412154257297516,4.4928460121154785,8.388426780700684
217,1,2,0.8,0.5,2.0,1.5912225246429443,1.8539486527442932,6.18772554397583,15.001399040222168
217,1,2,0.8,0.8,0.5,6.8382487297058105,9.302804231643677,6.810408115386963,11.710107803344727
217,1,2,0.8,0.8,1.0,3.1069626808166504,4.137431025505066,5.754817962646484,11.753016471862793
217,1,2,0.8,0.8,2.0,3.0279173851013184,3.990119159221649,7.192693710327148,17.762216567993164
217,1,2,1.0,0.2,0.5,5.334061622619629,8.351140141487122,4.015005588531494,5.34787654876709
217,1,2,1.0,0.2,1.0,5.048732757568359,8.11287921667099,4.852988243103027,8.592082977294922
217,1,2,1.0,0.2,2.0,0.48608875274658203,0.8546140193939209,5.037414073944092,10.662494659423828
217,1,2,1.0,0.5,0.5,9.375301361083984,13.27067893743515,6.354612350463867,9.906782150268555
217,1,2,1.0,0.5,1.0,3.1125574111938477,5.192784905433655,8.773457527160645,18.444326400756836
217,1,2,1.0,0.5,2.0,0.15978670120239258,0.3053370714187622,8.048720359802246,19.971343994140625
217,1,2,1.0,0.8,0.5,8.151571273803711,11.927615582942963,7.969998836517334,13.749922752380371
217,1,2,1.0,0.8,1.0,5.966078758239746,7.455977082252502,11.14570140838623,25.035198211669922
217,1,2,1.0,0.8,2.0,5.324605941772461,8.422800421714783,12.993861198425293,36.06243896484375
217,1,2,1.2,0.2,0.5,6.450307369232178,10.701539933681488,5.118837356567383,7.356054306030273
217,1,2,1.2,0.2,1.0,4.670219898223877,6.541396975517273,6.859605312347412,12.443092346191406
217,1,2,1.2,0.2,2.0,0.7884314656257629,1.2865727543830872,6.140935897827148,12.986207962036133
217,1,2,1.2,0.5,0.5,8.085750579833984,12.274208128452301,8.189501762390137,13.245513916015625
217,1,2,1.2,0.5,1.0,4.564040184020996,6.964711606502533,10.552786827087402,21.233091354370117
217,1,2,1.2,0.5,2.0,2.526538848876953,3.3622624278068542,12.470626831054688,32.08742141723633
217,1,2,1.2,0.8,0.5,11.020849227905273,16.117615342140198,16.628028869628906,31.60361671447754
217,1,2,1.2,0.8,1.0,7.991716384887695,11.71446669101715,21.19673728942871,49.10170364379883
217,1,2,1.2,0.8,2.0,5.442173957824707,8.43576580286026,17.03628158569336,48.31161117553711
218,1,0,0.8,0.2,0.5,5.844173908233643,8.543126583099365,3.1476361751556396,4.2857465744018555
218,1,0,0.8,0.2,1.0,5.3582353591918945,7.3012717962265015,3.207491636276245,5.31859016418457
218,1,0,0.8,0.2,2.0,0.7420828342437744,1.2728144526481628,3.8606231212615967,7.515571594238281
218,1,0,0.8,0.5,0.5,6.123569488525391,9.41752427816391,4.3743438720703125,6.814563274383545
218,1,0,0.8,0.5,1.0,2.9687116146087646,4.236395359039307,5.085545063018799,9.788444519042969
218,1,0,0.8,0.5,2.0,0.6996479630470276,1.4195141196250916,4.904797554016113,11.267292976379395
218,1,0,0.8,0.8,0.5,5.643181800842285,7.7382354736328125,5.746306896209717,9.426092147827148
218,1,0,0.8,0.8,1.0,4.566300868988037,5.497153282165527,6.416029930114746,13.640506744384766
218,1,0,0.8,0.8,2.0,3.1964917182922363,4.007815659046173,9.055401802062988,24.351177215576172
218,1,0,1.0,0.2,0.5,6.929452896118164,9.522729992866516,3.819220542907715,5.293781757354736
218,1,0,1.0,0.2,1.0,4.222939491271973,7.38301694393158,4.573983669281006,7.91806173324585
218,1,0,1.0,0.2,2.0,1.6276941299438477,2.686235189437866,4.758045673370361,9.638660430908203
218,1,0,1.0,0.5,0.5,8.563304901123047,13.19316416978836,6.107559680938721,10.192606925964355
218,1,0,1.0,0.5,1.0,3.232175350189209,5.302350580692291,7.381943225860596,15.57101821899414
218,1,0,1.0,0.5,2.0,1.4772799015045166,2.262663781642914,7.153479099273682,17.930234909057617
218,1,0,1.0,0.8,0.5,10.339136123657227,15.815308332443237,11.175165176391602,21.55594825744629
218,1,0,1.0,0.8,1.0,8.273523330688477,12.51050066947937,13.54803466796875,30.796369552612305
218,1,0,1.0,0.8,2.0,5.898674964904785,9.01156884431839,17.064496994018555,46.573734283447266
218,1,0,1.2,0.2,0.5,6.70262336730957,10.817167401313782,5.407302379608154,7.815235137939453
218,1,0,1.2,0.2,1.0,3.4765329360961914,5.8749125599861145,6.700528621673584,12.385178565979004
218,1,0,1.2,0.2,2.0,0.24783945083618164,0.29927539825439453,7.672351360321045,17.934473037719727
218,1,0,1.2,0.5,0.5,7.489144325256348,12.147109389305115,9.653215408325195,16.814342498779297
218,1,0,1.2,0.5,1.0,5.096280574798584,7.621480882167816,10.073064804077148,21.236797332763672
218,1,0,1.2,0.5,2.0,1.7166163921356201,1.8007362484931946,9.648781776428223,26.475053787231445
218,1,0,1.2,0.8,0.5,11.60292911529541,16.063715517520905,15.88071060180664,30.3193416595459
218,1,0,1.2,0.8,1.0,7.6836419105529785,11.271798968315125,23.53901481628418,54.261756896972656
218,1,0,1.2,0.8,2.0,6.140812873840332,9.312435686588287,21.883384704589844,56.175357818603516
218,1,1,0.8,0.2,0.5,4.493582725524902,6.66401082277298,3.0347490310668945,4.1875762939453125
218,1,1,0.8,0.2,1.0,4.634396076202393,7.365641713142395,3.53949236869812,5.871918201446533
218,1,1,0.8,0.2,2.0,0.8429784774780273,1.1501485705375671,4.361570358276367,9.269209861755371
218,1,1,0.8,0.5,0.5,7.1065850257873535,10.985777258872986,3.572841167449951,5.1467719078063965
218,1,1,0.8,0.5,1.0,3.505126714706421,5.199702441692352,4.685619831085205,8.832801818847656
218,1,1,0.8,0.5,2.0,1.2036101818084717,1.67568039894104,5.289845943450928,12.478300094604492
218,1,1,0.8,0.8,0.5,6.9213995933532715,10.04248821735382,6.036383628845215,10.07813549041748
218,1,1,0.8,0.8,1.0,4.538470268249512,5.864354193210602,7.302854537963867,15.2435302734375
218,1,1,0.8,0.8,2.0,3.5629100799560547,4.077694952487946,7.671821594238281,20.723466873168945
218,1,1,1.0,0.2,0.5,6.8532280921936035,9.565651416778564,4.542162895202637,6.671339988708496
218,1,1,1.0,0.2,1.0,4.407649040222168,6.59380578994751,4.636374473571777,7.578134536743164
218,1,1,1.0,0.2,2.0,0.34729665517807007,0.3886398673057556,4.522449016571045,10.009317398071289
218,1,1,1.0,0.5,0.5,6.946587562561035,11.710139632225037,5.187253475189209,8.404565811157227
218,1,1,1.0,0.5,1.0,1.6318554878234863,2.4322659969329834,6.823419094085693,14.1271333694458
218,1,1,1.0,0.5,2.0,0.5888781547546387,0.5807710289955139,7.21116304397583,18.728721618652344
218,1,1,1.0,0.8,0.5,9.030719757080078,13.331832766532898,8.385475158691406,14.244711875915527
218,1,1,1.0,0.8,1.0,7.793708801269531,11.93382853269577,12.315140724182129,27.843515396118164
218,1,1,1.0,0.8,2.0,4.625583171844482,6.373529613018036,11.939801216125488,31.23354148864746
218,1,1,1.2,0.2,0.5,8.074016571044922,10.939937233924866,4.449071407318115,6.255203723907471
218,1,1,1.2,0.2,1.0,4.622184753417969,6.876338481903076,7.1759724617004395,12.736164093017578
218,1,1,1.2,0.2,2.0,0.6516554951667786,0.8753692507743835,7.216369152069092,16.960220336914062
218,1,1,1.2,0.5,0.5,9.06923770904541,13.298692047595978,8.63494873046875,14.15947437286377
218,1,1,1.2,0.5,1.0,4.051219940185547,5.918699085712433,7.888696193695068,16.89504051208496
218,1,1,1.2,0.5,2.0,2.1956369876861572,2.786439597606659,9.82593059539795,25.389007568359375
218,1,1,1.2,0.8,0.5,11.341287612915039,15.526462972164154,10.705076217651367,18.58209991455078
218,1,1,1.2,0.8,1.0,8.067059516906738,11.438943266868591,22.01833152770996,50.1606330871582
218,1,1,1.2,0.8,2.0,5.794608116149902,8.78769725561142,16.862693786621094,46.03172302246094
218,1,2,0.8,0.2,0.5,6.8597612380981445,9.769560933113098,3.1938297748565674,4.451557159423828
218,1,2,0.8,0.2,1.0,4.479023456573486,6.892394185066223,3.373669385910034,5.641844272613525
218,1,2,0.8,0.2,2.0,0.8318485021591187,1.3650270700454712,4.012834072113037,8.17824935913086
218,1,2,0.8,0.5,0.5,7.780758380889893,11.067003846168518,3.9845211505889893,6.040187835693359
218,1,2,0.8,0.5,1.0,3.1544547080993652,4.673368275165558,5.239476203918457,10.866806030273438
218,1,2,0.8,0.5,2.0,0.7001845240592957,1.8676543235778809,5.48895788192749,12.404351234436035
218,1,2,0.8,0.8,0.5,6.679860591888428,8.629191040992737,6.00726318359375,10.16572093963623
218,1,2,0.8,0.8,1.0,4.542087078094482,5.7613460421562195,7.7244486808776855,16.65930938720703
218,1,2,0.8,0.8,2.0,2.2107701301574707,2.941149353981018,7.774845123291016,20.752735137939453
218,1,2,1.0,0.2,0.5,6.5494704246521,8.927846074104309,4.095016002655029,5.964498996734619
218,1,2,1.0,0.2,1.0,4.003600597381592,6.348257005214691,4.97213888168335,9.427186965942383
218,1,2,1.0,0.2,2.0,0.8603794574737549,0.8708670735359192,4.977448463439941,10.559542655944824
218,1,2,1.0,0.5,0.5,8.689506530761719,12.709534645080566,5.460832118988037,8.786486625671387
218,1,2,1.0,0.5,1.0,3.052199602127075,4.372341454029083,7.644455432891846,16.03188133239746
218,1,2,1.0,0.5,2.0,1.9896736145019531,2.91093772649765,8.093106269836426,19.418275833129883
218,1,2,1.0,0.8,0.5,11.299921989440918,16.260437309741974,8.870320320129395,15.441901206970215
218,1,2,1.0,0.8,1.0,7.5380940437316895,11.457602322101593,16.69147300720215,38.75487518310547
218,1,2,1.0,0.8,2.0,5.301754951477051,8.670079112052917,15.153610229492188,40.7818603515625
218,1,2,1.2,0.2,0.5,6.011777877807617,9.661995649337769,5.341471195220947,8.015044212341309
218,1,2,1.2,0.2,1.0,4.042733669281006,6.5047019720077515,7.830998420715332,15.194665908813477
218,1,2,1.2,0.2,2.0,0.49166786670684814,0.9032673835754395,8.445796966552734,19.399742126464844
218,1,2,1.2,0.5,0.5,9.965076446533203,14.679470837116241,7.681230068206787,12.636363983154297
218,1,2,1.2,0.5,1.0,7.088068962097168,9.953124046325684,12.322615623474121,28.205402374267578
218,1,2,1.2,0.5,2.0,2.0067577362060547,2.1453261375427246,9.033260345458984,24.06220054626465
218,1,2,1.2,0.8,0.5,10.016668319702148,14.952174961566925,14.33782958984375,27.118797302246094
218,1,2,1.2,0.8,1.0,8.183416366577148,12.30094850063324,19.041738510131836,44.03752136230469
218,1,2,1.2,0.8,2.0,5.529893398284912,8.560572922229767,15.795289039611816,43.80134201049805
219,1,0,0.8,0.2,0.5,5.249111652374268,9.170331001281738,3.2031166553497314,4.240096569061279
219,1,0,0.8,0.2,1.0,4.16709041595459,6.809557914733887,3.0786397457122803,4.85748815536499
219,1,0,0.8,0.2,2.0,1.7184823751449585,2.08697909116745,4.001424789428711,7.637177467346191
219,1,0,0.8,0.5,0.5,7.489283084869385,11.283742070198059,4.12733793258667,6.170893669128418
219,1,0,0.8,0.5,1.0,2.731645345687866,4.054594874382019,4.913793563842773,9.183574676513672
219,1,0,0.8,0.5,2.0,2.0805013179779053,2.8740234971046448,6.063271522521973,15.938423156738281
219,1,0,0.8,0.8,0.5,5.938313961029053,9.108479142189026,5.396991729736328,9.08254623413086
219,1,0,0.8,0.8,1.0,3.4416680335998535,5.078140318393707,7.916532516479492,17.159217834472656
219,1,0,0.8,0.8,2.0,3.1846232414245605,4.7069284319877625,8.411048889160156,22.04554557800293
219,1,0,1.0,0.2,0.5,4.583305358886719,6.383449733257294,5.360875606536865,7.815950870513916
219,1,0,1.0,0.2,1.0,4.129432678222656,6.658577144145966,5.2061309814453125,9.675655364990234
219,1,0,1.0,0.2,2.0,0.8791594505310059,1.1021307706832886,5.050832271575928,11.139835357666016
219,1,0,1.0,0.5,0.5,7.098718643188477,9.989875197410583,5.1578497886657715,7.996346950531006
219,1,0,1.0,0.5,1.0,2.1968562602996826,3.617955267429352,7.588355541229248,16.186128616333008
219,1,0,1.0,0.5,2.0,1.3284928798675537,1.911870002746582,8.533064842224121,22.000446319580078
219,1,0,1.0,0.8,0.5,9.199651718139648,14.30069124698639,9.871012687683105,17.7423152923584
219,1,0,1.0,0.8,1.0,7.3689751625061035,11.135210871696472,13.560162544250488,31.51517105102539
219,1,0,1.0,0.8,2.0,2.940261125564575,4.334166884422302,10.385107040405273,28.01797866821289
219,1,0,1.2,0.2,0.5,4.877998352050781,8.719267308712006,6.088252544403076,8.902458190917969
219,1,0,1.2,0.2,1.0,3.695072650909424,5.338186860084534,7.188158988952637,12.615813255310059
219,1,0,1.2,0.2,2.0,0.7132309079170227,1.1906479001045227,6.243221282958984,14.464165687561035
219,1,0,1.2,0.5,0.5,8.170694351196289,12.730108439922333,6.385349273681641,9.848868370056152
219,1,0,1.2,0.5,1.0,2.0375280380249023,3.1469447016716003,9.315022468566895,20.571990966796875
219,1,0,1.2,0.5,2.0,1.8687744140625,2.590493083000183,10.285355567932129,25.527982711791992
219,1,0,1.2,0.8,0.5,12.826864242553711,17.856797993183136,17.190916061401367,31.972759246826172
219,1,0,1.2,0.8,1.0,7.188238143920898,11.032856523990631,15.926435470581055,36.73252868652344
219,1,0,1.2,0.8,2.0,4.713266372680664,6.753195881843567,12.63818073272705,35.601253509521484
219,1,1,0.8,0.2,0.5,5.366497039794922,8.038423955440521,2.9467432498931885,3.9734859466552734
219,1,1,0.8,0.2,1.0,3.8704445362091064,6.746638178825378,3.6315500736236572,5.903034210205078
219,1,1,0.8,0.2,2.0,0.9144312739372253,1.0745243430137634,3.510572910308838,7.224168300628662
219,1,1,0.8,0.5,0.5,6.74149227142334,10.327630400657654,4.433046817779541,6.763433456420898
219,1,1,0.8,0.5,1.0,2.1397640705108643,2.5682587027549744,6.305461883544922,12.85810661315918
219,1,1,0.8,0.5,2.0,0.8327024579048157,0.8676031231880188,5.271572113037109,11.958606719970703
219,1,1,0.8,0.8,0.5,5.496198654174805,7.8399710059165955,5.556145668029785,9.533378601074219
219,1,1,0.8,0.8,1.0,4.824812889099121,5.936805188655853,7.266623020172119,15.224019050598145
219,1,1,0.8,0.8,2.0,3.8767056465148926,4.76127701997757,8.65007495880127,22.375442504882812
219,1,1,1.0,0.2,0.5,8.318321228027344,9.851535499095917,4.639765739440918,6.39008092880249
219,1,1,1.0,0.2,1.0,6.6498565673828125,8.358099460601807,4.886232852935791,8.01956844329834
219,1,1,1.0,0.2,2.0,1.155135154724121,1.7002540230751038,4.936249256134033,10.674296379089355
219,1,1,1.0,0.5,0.5,7.367525100708008,11.14330530166626,5.315098285675049,8.180063247680664
219,1,1,1.0,0.5,1.0,2.791840076446533,4.5793739557266235,7.06003475189209,14.088902473449707
219,1,1,1.0,0.5,2.0,0.3214549422264099,0.3698396682739258,8.585763931274414,20.335037231445312
219,1,1,1.0,0.8,0.5,7.926806449890137,11.913754343986511,8.114408493041992,14.171483039855957
219,1,1,1.0,0.8,1.0,6.07286262512207,9.636967062950134,10.623175621032715,23.527429580688477
219,1,1,1.0,0.8,2.0,3.6356897354125977,4.810244023799896,12.273445129394531,34.97261047363281
219,1,1,1.2,0.2,0.5,5.362009525299072,9.034002304077148,7.152566909790039,11.020759582519531
219,1,1,1.2,0.2,1.0,3.6157150268554688,5.6967010498046875,7.402604103088379,13.51113224029541
219,1,1,1.2,0.2,2.0,0.26844584941864014,0.26639324426651,6.448254585266113,15.156350135803223
219,1,1,1.2,0.5,0.5,7.546327590942383,11.113995671272278,8.74862003326416,14.527913093566895
219,1,1,1.2,0.5,1.0,2.727281332015991,4.788801491260529,7.826478958129883,16.143932342529297
219,1,1,1.2,0.5,2.0,2.078953266143799,2.5625171661376953,11.497308731079102,30.229145050048828
219,1,1,1.2,0.8,0.5,10.434093475341797,15.07585746049881,15.98091983795166,29.786396026611328
219,1,1,1.2,0.8,1.0,7.248880863189697,11.026622116565704,18.411941528320312,44.74831008911133
219,1,1,1.2,0.8,2.0,5.490126609802246,8.570845425128937,19.43292808532715,53.679019927978516
219,1,2,0.8,0.2,0.5,4.962098598480225,7.887903094291687,3.2162697315216064,4.487295627593994
219,1,2,0.8,0.2,1.0,5.076523303985596,8.7670978307724,3.91078519821167,6.668265342712402
219,1,2,0.8,0.2,2.0,0.7825141549110413,1.22905832529068,4.443058490753174,9.125717163085938
219,1,2,0.8,0.5,0.5,6.322621822357178,10.121501624584198,4.370898246765137,6.570125579833984
219,1,2,0.8,0.5,1.0,3.2012522220611572,4.622361838817596,5.3354997634887695,10.608758926391602
219,1,2,0.8,0.5,2.0,1.4049663543701172,1.928070068359375,6.24224328994751,15.167150497436523
219,1,2,0.8,0.8,0.5,5.549075126647949,7.8618356585502625,5.196059226989746,8.20110034942627
219,1,2,0.8,0.8,1.0,4.404975891113281,5.228700578212738,7.934508323669434,18.233959197998047
219,1,2,0.8,0.8,2.0,2.479801893234253,2.5946356058120728,8.444812774658203,23.377403259277344
219,1,2,1.0,0.2,0.5,6.569325923919678,8.362703561782837,4.251395225524902,5.706454277038574
219,1,2,1.0,0.2,1.0,3.4836654663085938,5.343044459819794,4.652670860290527,8.356189727783203
219,1,2,1.0,0.2,2.0,0.3510812520980835,0.3967782258987427,5.516152381896973,13.308792114257812
219,1,2,1.0,0.5,0.5,7.880873203277588,11.749515354633331,6.652445316314697,11.006826400756836
219,1,2,1.0,0.5,1.0,3.1894748210906982,4.644957602024078,7.067112445831299,14.223014831542969
219,1,2,1.0,0.5,2.0,1.0636804103851318,0.9926257133483887,8.75994873046875,24.009305953979492
219,1,2,1.0,0.8,0.5,6.493020057678223,10.612519264221191,7.79127311706543,13.403399467468262
219,1,2,1.0,0.8,1.0,4.875819206237793,7.92611688375473,12.362374305725098,27.021438598632812
219,1,2,1.0,0.8,2.0,2.333735227584839,2.836074411869049,10.225250244140625,27.815967559814453
219,1,2,1.2,0.2,0.5,6.332874298095703,12.677480399608612,6.163751602172852,9.694724082946777
219,1,2,1.2,0.2,1.0,2.884446620941162,4.739727437496185,7.177837371826172,13.835036277770996
219,1,2,1.2,0.2,2.0,0.113461434841156,0.247281014919281,7.706778049468994,17.150285720825195
219,1,2,1.2,0.5,0.5,8.037009239196777,14.218741595745087,12.69382381439209,21.598485946655273
219,1,2,1.2,0.5,1.0,5.602508544921875,8.831531584262848,11.450685501098633,23.652421951293945
219,1,2,1.2,0.5,2.0,2.5715880393981934,3.037925899028778,11.783540725708008,30.855819702148438
219,1,2,1.2,0.8,0.5,10.83851432800293,15.677777528762817,24.261157989501953,43.771968841552734
219,1,2,1.2,0.8,1.0,7.9937968254089355,11.72697788476944,13.104645729064941,28.79403305053711
219,1,2,1.2,0.8,2.0,5.804983615875244,8.767783641815186,18.031322479248047,50.63863754272461
220,1,0,0.8,0.2,0.5,5.6292266845703125,8.598761856555939,2.8420567512512207,3.8967084884643555
220,1,0,0.8,0.2,1.0,3.696059226989746,6.8987619280815125,3.391589879989624,5.609491348266602
220,1,0,0.8,0.2,2.0,1.589707612991333,2.743871510028839,3.816859722137451,7.9858717918396
220,1,0,0.8,0.5,0.5,7.218034744262695,10.380586862564087,3.615854501724243,5.06712007522583
220,1,0,0.8,0.5,1.0,3.01442289352417,4.726835668087006,5.00868558883667,9.775712966918945
220,1,0,0.8,0.5,2.0,1.5296528339385986,2.5436074137687683,5.608249664306641,12.973050117492676
220,1,0,0.8,0.8,0.5,4.920865058898926,7.226941406726837,4.4917168617248535,6.856993198394775
220,1,0,0.8,0.8,1.0,4.397489070892334,6.643017113208771,5.893046855926514,12.038723945617676
220,1,0,0.8,0.8,2.0,2.8126699924468994,3.5177205204963684,8.479642868041992,22.34588050842285
220,1,0,1.0,0.2,0.5,7.564727783203125,9.428831458091736,3.4646642208099365,4.790287017822266
220,1,0,1.0,0.2,1.0,4.706315994262695,9.425108194351196,3.8324007987976074,6.303755283355713
220,1,0,1.0,0.2,2.0,2.299311637878418,2.9838424921035767,4.350734233856201,8.359280586242676
220,1,0,1.0,0.5,0.5,7.435029983520508,11.052513778209686,4.418059349060059,6.8156609535217285
220,1,0,1.0,0.5,1.0,2.5238547325134277,3.85285085439682,5.443769931793213,10.742310523986816
220,1,0,1.0,0.5,2.0,1.4633684158325195,2.1702558994293213,8.344855308532715,20.89328956604004
220,1,0,1.0,0.8,0.5,8.981634140014648,13.635282456874847,7.844833850860596,13.7444429397583
220,1,0,1.0,0.8,1.0,5.287887096405029,7.431898891925812,11.076550483703613,24.457853317260742
220,1,0,1.0,0.8,2.0,6.13212251663208,9.223989427089691,12.733735084533691,34.64892578125
220,1,0,1.2,0.2,0.5,5.878298759460449,9.44836038351059,6.217741012573242,9.22568416595459
220,1,0,1.2,0.2,1.0,4.352900981903076,6.790863394737244,5.719217300415039,10.744301795959473
220,1,0,1.2,0.2,2.0,0.7603300213813782,0.899739682674408,5.5012593269348145,11.330236434936523
220,1,0,1.2,0.5,0.5,8.739815711975098,12.952058851718903,8.729074478149414,14.803092956542969
220,1,0,1.2,0.5,1.0,3.464839458465576,5.758071660995483,7.732255935668945,16.2537841796875
220,1,0,1.2,0.5,2.0,2.2943570613861084,3.5058743357658386,13.816661834716797,36.69346618652344
220,1,0,1.2,0.8,0.5,11.457026481628418,16.46827870607376,13.421443939208984,24.12059783935547
220,1,0,1.2,0.8,1.0,7.852532863616943,11.881917595863342,20.710708618164062,49.31600570678711
220,1,0,1.2,0.8,2.0,6.136878967285156,9.223891735076904,15.29417610168457,41.54616165161133
220,1,1,0.8,0.2,0.5,4.806552886962891,8.467127978801727,2.914090871810913,4.108331203460693
220,1,1,0.8,0.2,1.0,4.532217979431152,7.309027314186096,3.3606977462768555,5.596244812011719
220,1,1,0.8,0.2,2.0,1.2845605611801147,2.194310247898102,3.774020195007324,7.332388877868652
220,1,1,0.8,0.5,0.5,6.196127414703369,9.70531314611435,4.205639839172363,6.394381999969482
220,1,1,0.8,0.5,1.0,3.1355862617492676,3.421506404876709,5.133251190185547,10.16695785522461
220,1,1,0.8,0.5,2.0,1.6424927711486816,2.89724338054657,6.0271315574646,14.373444557189941
220,1,1,0.8,0.8,0.5,6.6045403480529785,9.48708164691925,5.180132865905762,8.459357261657715
220,1,1,0.8,0.8,1.0,3.822563886642456,6.852487921714783,6.11915397644043,12.687121391296387
220,1,1,0.8,0.8,2.0,2.8208324909210205,3.7380661368370056,5.706525802612305,14.692839622497559
220,1,1,1.0,0.2,0.5,5.363945007324219,7.828325808048248,3.8663086891174316,5.278072834014893
220,1,1,1.0,0.2,1.0,4.509852409362793,7.286178767681122,4.106706619262695,6.969985485076904
220,1,1,1.0,0.2,2.0,1.1082770824432373,1.4844223260879517,4.6613359451293945,10.068742752075195
220,1,1,1.0,0.5,0.5,6.822776794433594,11.003707528114319,5.329345226287842,8.260390281677246
220,1,1,1.0,0.5,1.0,2.7243435382843018,3.4926838874816895,6.52705192565918,12.722270965576172
220,1,1,1.0,0.5,2.0,0.5555064678192139,0.6665061712265015,7.2328643798828125,18.119476318359375
220,1,1,1.0,0.8,0.5,7.284787654876709,11.72983431816101,9.805037498474121,17.288253784179688
220,1,1,1.0,0.8,1.0,3.532285451889038,3.83309805393219,10.677836418151855,24.518165588378906
220,1,1,1.0,0.8,2.0,3.399470090866089,5.262899935245514,9.883183479309082,26.28425407409668
220,1,1,1.2,0.2,0.5,5.263282775878906,9.869064152240753,5.734381198883057,8.502079963684082
220,1,1,1.2,0.2,1.0,5.982320785522461,7.681113183498383,5.674892902374268,9.985550880432129
220,1,1,1.2,0.2,2.0,0.23085182905197144,0.40060603618621826,5.736346244812012,12.891509056091309
220,1,1,1.2,0.5,0.5,8.539653778076172,12.383680880069733,11.07209587097168,17.270341873168945
220,1,1,1.2,0.5,1.0,3.429151773452759,4.626874387264252,6.650597095489502,13.225031852722168
220,1,1,1.2,0.5,2.0,1.8570574522018433,2.6613115668296814,9.186966896057129,24.57925796508789
220,1,1,1.2,0.8,0.5,10.119000434875488,15.451049447059631,12.418783187866211,23.503028869628906
220,1,1,1.2,0.8,1.0,9.195852279663086,13.361202955245972,17.37491798400879,38.53937530517578
220,1,1,1.2,0.8,2.0,5.488844394683838,8.587775588035583,19.259408950805664,53.32438278198242
220,1,2,0.8,0.2,0.5,6.9364471435546875,9.494417786598206,2.7404544353485107,3.5813772678375244
220,1,2,0.8,0.2,1.0,4.117934226989746,6.594945669174194,3.184174060821533,5.197124004364014
220,1,2,0.8,0.2,2.0,1.6383472681045532,2.796095609664917,3.735422134399414,7.508148193359375
220,1,2,0.8,0.5,0.5,7.3332929611206055,10.691797018051147,3.735029697418213,5.389745712280273
220,1,2,0.8,0.5,1.0,2.862610340118408,4.49618124961853,5.405673027038574,10.254815101623535
220,1,2,0.8,0.5,2.0,1.4028561115264893,2.794460356235504,5.61358118057251,13.00335693359375
220,1,2,0.8,0.8,0.5,5.215616703033447,7.904495596885681,5.155791759490967,8.166374206542969
220,1,2,0.8,0.8,1.0,3.3475866317749023,5.687947988510132,6.78865909576416,14.757719039916992
220,1,2,0.8,0.8,2.0,1.5582854747772217,2.3021320104599,8.875500679016113,23.201513290405273
220,1,2,1.0,0.2,0.5,6.393457412719727,10.316002607345581,3.019033908843994,4.244650840759277
220,1,2,1.0,0.2,1.0,5.454799652099609,7.388943791389465,4.229066371917725,6.9662628173828125
220,1,2,1.0,0.2,2.0,0.05209451913833618,0.25807881355285645,5.1788835525512695,11.157349586486816
220,1,2,1.0,0.5,0.5,6.637275218963623,10.562066078186035,4.988104820251465,8.006205558776855
220,1,2,1.0,0.5,1.0,3.372434616088867,4.529616355895996,5.174307346343994,9.576211929321289
220,1,2,1.0,0.5,2.0,0.5411296486854553,0.5443083643913269,6.393835067749023,15.268864631652832
220,1,2,1.0,0.8,0.5,9.846088409423828,12.477030575275421,7.310283660888672,12.478954315185547
220,1,2,1.0,0.8,1.0,4.987730026245117,6.7601563930511475,9.936551094055176,22.196678161621094
220,1,2,1.0,0.8,2.0,3.7712481021881104,4.805110454559326,12.411845207214355,32.969295501708984
220,1,2,1.2,0.2,0.5,7.075582981109619,9.691262900829315,6.081243991851807,8.318984985351562
220,1,2,1.2,0.2,1.0,4.500913619995117,6.663730263710022,5.4164252281188965,9.710103034973145
220,1,2,1.2,0.2,2.0,0.5671247243881226,1.047331988811493,5.4895524978637695,12.111496925354004
220,1,2,1.2,0.5,0.5,9.180641174316406,14.079331874847412,6.853507995605469,11.363842010498047
220,1,2,1.2,0.5,1.0,3.56113338470459,4.9362964034080505,8.70399284362793,19.209396362304688
220,1,2,1.2,0.5,2.0,1.3564200401306152,1.8475043773651123,8.63740062713623,21.74596405029297
220,1,2,1.2,0.8,0.5,10.306680679321289,15.177374601364136,13.183262825012207,25.316341400146484
220,1,2,1.2,0.8,1.0,9.382955551147461,14.167856276035309,17.568845748901367,39.629180908203125
220,1,2,1.2,0.8,2.0,5.754166603088379,8.37159812450409,16.779544830322266,46.928466796875
221,1,0,0.8,0.2,0.5,5.222428321838379,8.712728202342987,2.8051564693450928,3.7610549926757812
221,1,0,0.8,0.2,1.0,3.1894371509552,5.211861073970795,3.1908013820648193,5.240698337554932
221,1,0,0.8,0.2,2.0,1.5673056840896606,2.515359342098236,3.7250566482543945,7.330552101135254
221,1,0,0.8,0.5,0.5,6.553278923034668,9.83847987651825,4.140621662139893,6.259012699127197
221,1,0,0.8,0.5,1.0,2.6901466846466064,3.518275558948517,4.692239284515381,8.399636268615723
221,1,0,0.8,0.5,2.0,1.4196101427078247,2.1159780025482178,5.924126625061035,14.812643051147461
221,1,0,0.8,0.8,0.5,5.928918361663818,8.128394186496735,4.043643951416016,5.928891658782959
221,1,0,0.8,0.8,1.0,4.4327192306518555,7.340844094753265,6.029591083526611,12.464322090148926
221,1,0,0.8,0.8,2.0,1.4126708507537842,1.510606288909912,6.312617778778076,15.280882835388184
221,1,0,1.0,0.2,0.5,6.705324649810791,9.120955526828766,3.367521047592163,4.498240947723389
221,1,0,1.0,0.2,1.0,3.412513494491577,5.591995894908905,4.02243709564209,6.923888683319092
221,1,0,1.0,0.2,2.0,1.0971720218658447,2.1367244124412537,4.095990180969238,8.178312301635742
221,1,0,1.0,0.5,0.5,9.41064739227295,13.207676231861115,5.810405731201172,9.293737411499023
221,1,0,1.0,0.5,1.0,1.8759806156158447,1.9390037059783936,7.382294178009033,15.202985763549805
221,1,0,1.0,0.5,2.0,0.7618107795715332,1.0351835489273071,6.9712934494018555,16.871919631958008
221,1,0,1.0,0.8,0.5,7.753637313842773,12.361859261989594,7.118720054626465,12.566568374633789
221,1,0,1.0,0.8,1.0,5.36652135848999,8.66349583864212,12.42668628692627,28.21495246887207
221,1,0,1.0,0.8,2.0,1.986052393913269,3.4386245012283325,10.30453109741211,28.460168838500977
221,1,0,1.2,0.2,0.5,6.455594539642334,11.142643749713898,6.138680934906006,9.658620834350586
221,1,0,1.2,0.2,1.0,4.393718719482422,6.594477653503418,7.109165191650391,13.755510330200195
221,1,0,1.2,0.2,2.0,0.5744336247444153,0.7386019825935364,6.918770790100098,15.13278865814209
221,1,0,1.2,0.5,0.5,8.481609344482422,13.43938559293747,7.720679759979248,13.397708892822266
221,1,0,1.2,0.5,1.0,4.944406509399414,7.0718406438827515,9.467252731323242,19.50919532775879
221,1,0,1.2,0.5,2.0,2.116943836212158,3.2814655900001526,11.83510971069336,32.490272521972656
221,1,0,1.2,0.8,0.5,9.1646728515625,13.745089530944824,8.695103645324707,14.980684280395508
221,1,0,1.2,0.8,1.0,7.522325038909912,11.582640171051025,15.582401275634766,36.69378662109375
221,1,0,1.2,0.8,2.0,5.359336853027344,8.281736552715302,16.302907943725586,43.97227478027344
221,1,1,0.8,0.2,0.5,5.523183822631836,9.135818064212799,2.844829797744751,3.7833940982818604
221,1,1,0.8,0.2,1.0,3.094871997833252,4.57498037815094,3.7406673431396484,6.50614595413208
221,1,1,0.8,0.2,2.0,1.7357350587844849,2.8865514397621155,3.9522457122802734,7.845526218414307
221,1,1,0.8,0.5,0.5,6.072024345397949,8.873221755027771,3.645188331604004,5.2951979637146
221,1,1,0.8,0.5,1.0,2.78067684173584,4.465038537979126,5.657382488250732,11.139545440673828
221,1,1,0.8,0.5,2.0,1.512166976928711,1.4986461997032166,5.839071273803711,13.820305824279785
221,1,1,0.8,0.8,0.5,7.408579349517822,9.739775717258453,5.045761585235596,8.070688247680664
221,1,1,0.8,0.8,1.0,3.3133888244628906,5.523470103740692,9.066923141479492,20.342275619506836
221,1,1,0.8,0.8,2.0,3.1006741523742676,4.239805698394775,9.188461303710938,25.242263793945312
221,1,1,1.0,0.2,0.5,5.891939640045166,9.143197298049927,4.029344081878662,5.54900598526001
221,1,1,1.0,0.2,1.0,3.6043219566345215,6.041019976139069,4.886900901794434,8.835283279418945
221,1,1,1.0,0.2,2.0,1.0659599304199219,1.4491618275642395,4.857540130615234,10.29763412475586
221,1,1,1.0,0.5,0.5,6.965056419372559,10.49604845046997,5.007084369659424,7.606169700622559
221,1,1,1.0,0.5,1.0,1.7002952098846436,1.8970330953598022,6.735931873321533,14.231917381286621
221,1,1,1.0,0.5,2.0,1.2375819683074951,1.863104224205017,7.697229385375977,19.87009048461914
221,1,1,1.0,0.8,0.5,6.112891674041748,7.085106194019318,7.964789867401123,14.033225059509277
221,1,1,1.0,0.8,1.0,4.942061901092529,6.788661301136017,9.617621421813965,21.146831512451172
221,1,1,1.0,0.8,2.0,3.939363956451416,6.241130113601685,11.432479858398438,30.761035919189453
221,1,1,1.2,0.2,0.5,6.3299994468688965,9.554547369480133,5.604279518127441,8.133119583129883
221,1,1,1.2,0.2,1.0,4.87814998626709,8.250190436840057,5.783946514129639,10.124076843261719
221,1,1,1.2,0.2,2.0,0.4048777222633362,0.9738777279853821,6.904543399810791,15.387871742248535
221,1,1,1.2,0.5,0.5,8.718990325927734,11.725262582302094,10.282740592956543,17.66316032409668
221,1,1,1.2,0.5,1.0,3.8533947467803955,6.662510573863983,8.84328556060791,19.325952529907227
221,1,1,1.2,0.5,2.0,1.7840423583984375,2.0658873319625854,10.934532165527344,28.065046310424805
221,1,1,1.2,0.8,0.5,11.824695587158203,16.43566334247589,16.971899032592773,30.489198684692383
221,1,1,1.2,0.8,1.0,8.081822395324707,12.065658807754517,19.61494255065918,44.5114631652832
221,1,1,1.2,0.8,2.0,5.0494842529296875,8.43281900882721,17.34157943725586,47.11988067626953
221,1,2,0.8,0.2,0.5,5.272717475891113,8.471989333629608,2.864637613296509,3.787726402282715
221,1,2,0.8,0.2,1.0,4.4043731689453125,6.659660160541534,3.5204880237579346,5.9802141189575195
221,1,2,0.8,0.2,2.0,0.5922608971595764,1.5936657786369324,3.5762271881103516,7.315537452697754
221,1,2,0.8,0.5,0.5,5.1541547775268555,7.752179682254791,3.3351080417633057,4.822322368621826
221,1,2,0.8,0.5,1.0,2.263845682144165,3.3727561831474304,5.2423248291015625,10.309703826904297
221,1,2,0.8,0.5,2.0,0.9119855761528015,1.286834955215454,5.947164535522461,13.66257095336914
221,1,2,0.8,0.8,0.5,5.96917724609375,9.256541848182678,4.16464900970459,6.353893280029297
221,1,2,0.8,0.8,1.0,4.875763893127441,6.8064616322517395,6.593108654022217,14.082319259643555
221,1,2,0.8,0.8,2.0,3.225734233856201,4.157428741455078,8.38955020904541,22.268491744995117
221,1,2,1.0,0.2,0.5,8.071747779846191,10.627446830272675,3.837634563446045,5.375988960266113
221,1,2,1.0,0.2,1.0,3.3548099994659424,4.525650978088379,4.8140435218811035,8.858327865600586
221,1,2,1.0,0.2,2.0,0.8972569704055786,1.4000486135482788,4.798608303070068,10.519553184509277
221,1,2,1.0,0.5,0.5,7.217262268066406,10.808283746242523,5.364216327667236,8.67540454864502
221,1,2,1.0,0.5,1.0,2.5368144512176514,3.3516725301742554,5.929002285003662,11.670039176940918
221,1,2,1.0,0.5,2.0,1.6324615478515625,1.6136175990104675,8.684686660766602,23.137165069580078
221,1,2,1.0,0.8,0.5,8.254834175109863,12.142252802848816,8.996546745300293,15.423209190368652
221,1,2,1.0,0.8,1.0,6.051126480102539,9.052100658416748,12.411128997802734,29.974105834960938
221,1,2,1.0,0.8,2.0,2.6131300926208496,3.5790297985076904,10.883333206176758,28.13497543334961
221,1,2,1.2,0.2,0.5,5.712695121765137,8.000025629997253,7.661532402038574,11.102261543273926
221,1,2,1.2,0.2,1.0,4.608925819396973,6.705857515335083,5.928134918212891,12.194929122924805
221,1,2,1.2,0.2,2.0,0.6116477251052856,0.5721597671508789,7.855802059173584,18.67951011657715
221,1,2,1.2,0.5,0.5,7.468502998352051,12.399753630161285,10.477961540222168,18.278860092163086
221,1,2,1.2,0.5,1.0,3.912900924682617,5.512391567230225,9.757072448730469,19.581436157226562
221,1,2,1.2,0.5,2.0,3.2240865230560303,4.514412701129913,10.911463737487793,28.88510513305664
221,1,2,1.2,0.8,0.5,10.270467758178711,15.187137722969055,10.980759620666504,19.61431121826172
221,1,2,1.2,0.8,1.0,7.275805950164795,11.111192226409912,16.97163963317871,40.11896896362305
221,1,2,1.2,0.8,2.0,5.884162902832031,9.373805820941925,15.65246295928955,44.45463943481445
222,1,0,0.8,0.2,0.5,5.587308406829834,7.064121425151825,3.576035499572754,4.980040073394775
222,1,0,0.8,0.2,1.0,3.0123038291931152,5.270344316959381,3.75264835357666,7.027822494506836
222,1,0,0.8,0.2,2.0,1.4340229034423828,2.029088318347931,4.355955123901367,9.120268821716309
222,1,0,0.8,0.5,0.5,7.332154273986816,10.913603663444519,4.206273555755615,6.3158955574035645
222,1,0,0.8,0.5,1.0,2.4380946159362793,3.136174738407135,5.51180362701416,11.210988998413086
222,1,0,0.8,0.5,2.0,1.6176410913467407,2.5479129552841187,5.235250949859619,12.228848457336426
222,1,0,0.8,0.8,0.5,7.691629409790039,8.840291023254395,6.019659042358398,9.989315032958984
222,1,0,0.8,0.8,1.0,3.0234932899475098,4.520751416683197,4.250687599182129,8.335604667663574
222,1,0,0.8,0.8,2.0,2.7751739025115967,3.822415351867676,6.640105247497559,16.08995246887207
222,1,0,1.0,0.2,0.5,7.019780158996582,10.017041146755219,3.783980369567871,5.445189476013184
222,1,0,1.0,0.2,1.0,4.06687593460083,7.04672908782959,5.407166957855225,9.120929718017578
222,1,0,1.0,0.2,2.0,0.9736291766166687,1.7272953391075134,4.688051700592041,9.725214958190918
222,1,0,1.0,0.5,0.5,8.087141036987305,12.445278942584991,7.038852691650391,11.370124816894531
222,1,0,1.0,0.5,1.0,2.680081844329834,3.9859506487846375,6.166264533996582,12.33580493927002
222,1,0,1.0,0.5,2.0,1.9330084323883057,2.6406789422035217,7.19944429397583,17.869140625
222,1,0,1.0,0.8,0.5,9.79150390625,14.746291160583496,10.628293991088867,18.765148162841797
222,1,0,1.0,0.8,1.0,6.502424240112305,10.322439134120941,12.215289115905762,28.50935173034668
222,1,0,1.0,0.8,2.0,3.423429250717163,5.218329727649689,11.58994197845459,31.483583450317383
222,1,0,1.2,0.2,0.5,5.662486553192139,8.706365287303925,6.488066673278809,7.792020320892334
222,1,0,1.2,0.2,1.0,4.202195167541504,7.685595631599426,5.476066589355469,9.420495986938477
222,1,0,1.2,0.2,2.0,0.45711129903793335,0.6689120531082153,5.232583999633789,13.562541961669922
222,1,0,1.2,0.5,0.5,7.76231050491333,11.802660286426544,9.798768997192383,17.47031593322754
222,1,0,1.2,0.5,1.0,6.173765182495117,8.994256377220154,10.928722381591797,22.45522689819336
222,1,0,1.2,0.5,2.0,1.1890134811401367,1.3183123469352722,8.750744819641113,22.80692481994629
222,1,0,1.2,0.8,0.5,9.83289623260498,15.056879341602325,14.557906150817871,27.494035720825195
222,1,0,1.2,0.8,1.0,7.801787853240967,12.295398116111755,12.862615585327148,28.960474014282227
222,1,0,1.2,0.8,2.0,5.085188865661621,8.27620267868042,13.10163402557373,37.44382858276367
222,1,1,0.8,0.2,0.5,4.939537048339844,7.771763920783997,3.7533960342407227,5.105405330657959
222,1,1,0.8,0.2,1.0,4.722279071807861,7.659053564071655,3.8858842849731445,6.956739902496338
222,1,1,0.8,0.2,2.0,2.116774797439575,2.6186878085136414,3.822009801864624,7.450351715087891
222,1,1,0.8,0.5,0.5,6.454798221588135,9.832540571689606,3.9150948524475098,5.81218957901001
222,1,1,0.8,0.5,1.0,3.870281219482422,6.104227364063263,4.470709323883057,7.971925735473633
222,1,1,0.8,0.5,2.0,1.1181962490081787,1.056768774986267,4.394388198852539,9.949763298034668
222,1,1,0.8,0.8,0.5,4.37367057800293,5.512839257717133,5.457464218139648,9.150800704956055
222,1,1,0.8,0.8,1.0,3.3229246139526367,4.228496015071869,6.152182102203369,12.319863319396973
222,1,1,0.8,0.8,2.0,2.7264440059661865,3.6890183687210083,7.722713947296143,19.74042510986328
222,1,1,1.0,0.2,0.5,6.794759750366211,8.812913715839386,4.196034908294678,5.816494464874268
222,1,1,1.0,0.2,1.0,4.256554126739502,5.992798864841461,5.784079551696777,9.901124000549316
222,1,1,1.0,0.2,2.0,1.040001392364502,1.5813877582550049,5.780317783355713,12.090807914733887
222,1,1,1.0,0.5,0.5,7.040951728820801,11.164913892745972,5.2671380043029785,8.166576385498047
222,1,1,1.0,0.5,1.0,3.6371569633483887,5.092838108539581,6.640164375305176,13.542709350585938
222,1,1,1.0,0.5,2.0,0.26609861850738525,0.2747761607170105,6.429061412811279,15.632633209228516
222,1,1,1.0,0.8,0.5,10.194419860839844,15.28528106212616,9.307933807373047,16.46833610534668
222,1,1,1.0,0.8,1.0,5.663976669311523,7.905773103237152,9.401285171508789,20.373620986938477
222,1,1,1.0,0.8,2.0,4.406044006347656,6.529154300689697,12.865959167480469,35.90372848510742
222,1,1,1.2,0.2,0.5,5.926300048828125,7.831342160701752,7.633236408233643,10.15552043914795
222,1,1,1.2,0.2,1.0,2.7873988151550293,4.760312914848328,9.66604995727539,17.754844665527344
222,1,1,1.2,0.2,2.0,0.45055049657821655,0.7022768259048462,6.847765922546387,15.878273010253906
222,1,1,1.2,0.5,0.5,8.389429092407227,14.745736479759216,10.452990531921387,17.578487396240234
222,1,1,1.2,0.5,1.0,3.2818524837493896,5.534283220767975,10.642620086669922,22.7445125579834
222,1,1,1.2,0.5,2.0,1.1517645120620728,1.5605640411376953,8.983246803283691,24.499073028564453
222,1,1,1.2,0.8,0.5,10.51194953918457,16.126180350780487,20.11543083190918,36.972862243652344
222,1,1,1.2,0.8,1.0,7.537581443786621,11.218508124351501,19.704647064208984,46.05131530761719
222,1,1,1.2,0.8,2.0,5.747368812561035,8.514830112457275,25.01961898803711,68.547607421875
222,1,2,0.8,0.2,0.5,6.62510347366333,9.543537616729736,3.234657049179077,4.340972900390625
222,1,2,0.8,0.2,1.0,2.761122703552246,5.147136926651001,3.3304824829101562,5.509491443634033
222,1,2,0.8,0.2,2.0,0.9677746891975403,1.78629869222641,4.283703327178955,8.534751892089844
222,1,2,0.8,0.5,0.5,6.406501770019531,10.618514955043793,4.062894821166992,6.078895568847656
222,1,2,0.8,0.5,1.0,3.274832248687744,4.554444909095764,4.534671306610107,8.354363441467285
222,1,2,0.8,0.5,2.0,1.1342246532440186,0.9451907873153687,5.440713405609131,13.0761137008667
222,1,2,0.8,0.8,0.5,6.683259010314941,10.610728025436401,5.103960037231445,8.11475658416748
222,1,2,0.8,0.8,1.0,4.006377696990967,6.256378889083862,7.995159149169922,17.377304077148438
222,1,2,0.8,0.8,2.0,2.950321912765503,4.212287545204163,7.512805461883545,19.84762954711914
222,1,2,1.0,0.2,0.5,6.808777809143066,8.581026136875153,4.2296247482299805,6.000732898712158
222,1,2,1.0,0.2,1.0,4.870636940002441,8.113922774791718,5.088422775268555,8.758299827575684
222,1,2,1.0,0.2,2.0,1.6739249229431152,2.512789726257324,4.812626361846924,10.079207420349121
222,1,2,1.0,0.5,0.5,7.656275749206543,12.449680626392365,7.22943639755249,12.356067657470703
222,1,2,1.0,0.5,1.0,3.0699501037597656,4.733504354953766,8.56625747680664,16.396652221679688
222,1,2,1.0,0.5,2.0,1.7024693489074707,2.5808948278427124,7.5784149169921875,18.45166778564453
222,1,2,1.0,0.8,0.5,7.815929889678955,11.892952144145966,6.332980155944824,10.511332511901855
222,1,2,1.0,0.8,1.0,2.874797821044922,3.563694417476654,9.108975410461426,20.046260833740234
222,1,2,1.0,0.8,2.0,2.7290499210357666,4.044020771980286,8.239046096801758,22.445398330688477
222,1,2,1.2,0.2,0.5,4.6142730712890625,8.695258021354675,7.617876052856445,12.154465675354004
222,1,2,1.2,0.2,1.0,4.48007345199585,7.914333641529083,7.714598655700684,14.546828269958496
222,1,2,1.2,0.2,2.0,0.825380802154541,0.9332650899887085,6.194707870483398,12.65929889678955
222,1,2,1.2,0.5,0.5,8.29965591430664,12.90457421541214,10.240758895874023,18.118181228637695
222,1,2,1.2,0.5,1.0,2.7400686740875244,4.251359283924103,6.840725421905518,13.900003433227539
222,1,2,1.2,0.5,2.0,4.791338920593262,7.224108397960663,16.56600570678711,43.85778045654297
222,1,2,1.2,0.8,0.5,10.821992874145508,15.45533162355423,21.212915420532227,38.11907958984375
222,1,2,1.2,0.8,1.0,7.697065830230713,11.469416975975037,19.69704246520996,44.770774841308594
222,1,2,1.2,0.8,2.0,5.837736129760742,8.504493117332458,23.413475036621094,60.97198486328125
223,1,0,0.8,0.2,0.5,6.310853481292725,8.933990955352783,3.038461685180664,4.181771278381348
223,1,0,0.8,0.2,1.0,4.4099202156066895,7.625812113285065,4.089875221252441,6.958654403686523
223,1,0,0.8,0.2,2.0,1.3148152828216553,2.334903657436371,3.9430336952209473,7.7132391929626465
223,1,0,0.8,0.5,0.5,4.7619757652282715,6.735977828502655,3.182166337966919,4.330551624298096
223,1,0,0.8,0.5,1.0,1.1764304637908936,2.9966663122177124,4.400923252105713,8.44750690460205
223,1,0,0.8,0.5,2.0,1.9354277849197388,2.8242821097373962,5.017230033874512,11.945467948913574
223,1,0,0.8,0.8,0.5,7.484441757202148,11.08842021226883,4.661295413970947,7.333888053894043
223,1,0,0.8,0.8,1.0,4.128659248352051,5.857388854026794,7.308966636657715,15.33594799041748
223,1,0,0.8,0.8,2.0,3.67185115814209,5.4389960169792175,7.957871437072754,20.642608642578125
223,1,0,1.0,0.2,0.5,6.979414463043213,10.183046817779541,3.6204750537872314,4.996446132659912
223,1,0,1.0,0.2,1.0,3.6566121578216553,6.774282991886139,4.635353088378906,8.570612907409668
223,1,0,1.0,0.2,2.0,1.4590201377868652,1.8841412663459778,4.719293117523193,10.348044395446777
223,1,0,1.0,0.5,0.5,7.245581150054932,12.146556377410889,5.506286144256592,8.514579772949219
223,1,0,1.0,0.5,1.0,2.975306749343872,3.924192249774933,6.802722930908203,14.121953010559082
223,1,0,1.0,0.5,2.0,0.3297094702720642,0.4714583158493042,6.776183605194092,17.705310821533203
223,1,0,1.0,0.8,0.5,6.755870819091797,10.48134332895279,8.121296882629395,14.415804862976074
223,1,0,1.0,0.8,1.0,4.505834579467773,7.1500988602638245,9.08610725402832,20.648738861083984
223,1,0,1.0,0.8,2.0,5.1811041831970215,7.638926863670349,12.305795669555664,31.75341796875
223,1,0,1.2,0.2,0.5,6.167909622192383,8.83525961637497,6.896790504455566,9.198017120361328
223,1,0,1.2,0.2,1.0,3.722245454788208,6.364272832870483,6.152637481689453,11.1286039352417
223,1,0,1.2,0.2,2.0,0.6570143103599548,0.7902860641479492,6.493313789367676,15.256026268005371
223,1,0,1.2,0.5,0.5,8.845338821411133,12.328142702579498,9.425607681274414,15.57171630859375
223,1,0,1.2,0.5,1.0,2.7957258224487305,4.166268527507782,8.660140991210938,19.230562210083008
223,1,0,1.2,0.5,2.0,1.5505695343017578,2.0733078122138977,11.443448066711426,29.827171325683594
223,1,0,1.2,0.8,0.5,10.274794578552246,15.283043265342712,13.462671279907227,25.662582397460938
223,1,0,1.2,0.8,1.0,7.43324613571167,11.799155712127686,16.34551239013672,36.33640670776367
223,1,0,1.2,0.8,2.0,5.650919437408447,8.947402477264404,17.660369873046875,48.92703628540039
223,1,1,0.8,0.2,0.5,7.822386741638184,9.85437524318695,3.331472158432007,4.675132751464844
223,1,1,0.8,0.2,1.0,5.773587703704834,8.608603835105896,3.856003761291504,6.561439514160156
223,1,1,0.8,0.2,2.0,1.6373250484466553,2.653081476688385,3.314408302307129,6.317651271820068
223,1,1,0.8,0.5,0.5,7.085332870483398,10.80775648355484,3.7551183700561523,5.613263130187988
223,1,1,0.8,0.5,1.0,2.0248446464538574,3.886086881160736,5.188571453094482,10.045811653137207
223,1,1,0.8,0.5,2.0,0.8884233832359314,1.2908431887626648,5.337797164916992,12.042505264282227
223,1,1,0.8,0.8,0.5,6.725315093994141,9.523605465888977,4.659673690795898,7.161147117614746
223,1,1,0.8,0.8,1.0,2.9849066734313965,4.882997930049896,5.298285484313965,10.371207237243652
223,1,1,0.8,0.8,2.0,2.7866899967193604,3.7381373047828674,8.766101837158203,23.93990135192871
223,1,1,1.0,0.2,0.5,5.203088283538818,8.226358532905579,4.071821689605713,5.459903240203857
223,1,1,1.0,0.2,1.0,5.094792366027832,8.863390684127808,3.985013723373413,6.458479404449463
223,1,1,1.0,0.2,2.0,1.1927638053894043,1.6718191504478455,4.333073139190674,9.417871475219727
223,1,1,1.0,0.5,0.5,8.227718353271484,12.788254261016846,6.284629821777344,10.18638801574707
223,1,1,1.0,0.5,1.0,1.8999261856079102,3.5816736817359924,6.109277248382568,12.53943157196045
223,1,1,1.0,0.5,2.0,1.4203482866287231,2.1370328664779663,6.829157829284668,16.314483642578125
223,1,1,1.0,0.8,0.5,8.061222076416016,12.40205717086792,7.515002250671387,12.937129974365234
223,1,1,1.0,0.8,1.0,4.7350945472717285,7.099638640880585,10.302874565124512,23.030839920043945
223,1,1,1.0,0.8,2.0,4.468213081359863,4.997908055782318,11.212347030639648,31.282339096069336
223,1,1,1.2,0.2,0.5,5.66654109954834,8.83716231584549,7.053137302398682,10.572556495666504
223,1,1,1.2,0.2,1.0,3.6634061336517334,6.480674386024475,6.169414043426514,11.906436920166016
223,1,1,1.2,0.2,2.0,0.21090364456176758,0.4432622194290161,6.747440338134766,15.42609977722168
223,1,1,1.2,0.5,0.5,8.052888870239258,12.050731122493744,9.447545051574707,16.66474723815918
223,1,1,1.2,0.5,1.0,2.8171281814575195,3.9360271096229553,7.939104080200195,16.344106674194336
223,1,1,1.2,0.5,2.0,0.7170020341873169,1.4769426584243774,11.181772232055664,29.274675369262695
223,1,1,1.2,0.8,0.5,10.315118789672852,14.918560326099396,12.897780418395996,23.885353088378906
223,1,1,1.2,0.8,1.0,8.666011810302734,12.505662083625793,20.009864807128906,44.98567199707031
223,1,1,1.2,0.8,2.0,3.9593539237976074,5.753767490386963,11.393970489501953,31.956525802612305
223,1,2,0.8,0.2,0.5,7.029648303985596,10.258031129837036,2.92307186126709,4.187678813934326
223,1,2,0.8,0.2,1.0,5.100170135498047,8.064861476421356,3.1911814212799072,5.284501075744629
223,1,2,0.8,0.2,2.0,1.2726073265075684,2.165368139743805,3.989956855773926,8.338316917419434
223,1,2,0.8,0.5,0.5,7.173628330230713,10.61969804763794,3.3042073249816895,4.59266471862793
223,1,2,0.8,0.5,1.0,3.1419992446899414,4.815370976924896,4.646666049957275,8.842367172241211
223,1,2,0.8,0.5,2.0,1.2152743339538574,1.7743552327156067,5.666117191314697,13.488492965698242
223,1,2,0.8,0.8,0.5,5.727756500244141,9.236336886882782,5.030538558959961,8.069687843322754
223,1,2,0.8,0.8,1.0,4.968489646911621,6.852435111999512,6.190576553344727,13.321671485900879
223,1,2,0.8,0.8,2.0,3.604602098464966,4.789753675460815,7.743712425231934,20.0412654876709
223,1,2,1.0,0.2,0.5,5.930708885192871,8.280984282493591,4.114397048950195,5.831124305725098
223,1,2,1.0,0.2,1.0,3.3827545642852783,6.6867755651474,4.798448085784912,9.246207237243652
223,1,2,1.0,0.2,2.0,0.9034919738769531,1.259350836277008,5.072770595550537,10.751197814941406
223,1,2,1.0,0.5,0.5,6.513906955718994,8.290452897548676,5.834161281585693,8.823038101196289
223,1,2,1.0,0.5,1.0,3.277681827545166,5.16597443819046,6.187107086181641,12.706504821777344
223,1,2,1.0,0.5,2.0,0.8037270307540894,0.8656820058822632,6.575550556182861,16.250568389892578
223,1,2,1.0,0.8,0.5,9.540974617004395,12.575697839260101,8.70659351348877,16.005556106567383
223,1,2,1.0,0.8,1.0,5.479521751403809,7.765640735626221,9.015562057495117,20.447477340698242
223,1,2,1.0,0.8,2.0,3.0457751750946045,5.406252026557922,11.086703300476074,30.78369903564453
223,1,2,1.2,0.2,0.5,5.271418571472168,7.332474887371063,7.372096538543701,10.71317195892334
223,1,2,1.2,0.2,1.0,4.6113128662109375,8.13647574186325,5.2869157791137695,9.25036334991455
223,1,2,1.2,0.2,2.0,0.4781511425971985,0.9133269786834717,6.319103717803955,14.08441162109375
223,1,2,1.2,0.5,0.5,9.25139045715332,13.322695434093475,7.121176242828369,11.62123966217041
223,1,2,1.2,0.5,1.0,6.122276782989502,8.878175437450409,12.540263175964355,24.510784149169922
223,1,2,1.2,0.5,2.0,3.6934263706207275,5.602543413639069,13.649654388427734,35.54099655151367
223,1,2,1.2,0.8,0.5,11.073904037475586,16.153383672237396,11.945932388305664,21.390804290771484
223,1,2,1.2,0.8,1.0,7.786778926849365,11.9102423787117,16.686250686645508,38.50440216064453
223,1,2,1.2,0.8,2.0,5.68865966796875,8.652783632278442,15.074590682983398,41.611534118652344
224,1,0,0.8,0.2,0.5,6.0929951667785645,8.142619013786316,2.9393253326416016,4.010571479797363
224,1,0,0.8,0.2,1.0,5.694958686828613,8.17535674571991,3.5374577045440674,6.003743648529053
224,1,0,0.8,0.2,2.0,1.2078572511672974,2.0194966793060303,3.906076431274414,7.900473594665527
224,1,0,0.8,0.5,0.5,6.573131561279297,10.455925643444061,3.2723822593688965,4.672511577606201
224,1,0,0.8,0.5,1.0,3.5460848808288574,5.2541199922561646,4.219821453094482,7.7739033699035645
224,1,0,0.8,0.5,2.0,1.3699877262115479,1.3093153238296509,4.925963878631592,11.588041305541992
224,1,0,0.8,0.8,0.5,7.286887168884277,10.254110515117645,4.504897117614746,7.319815158843994
224,1,0,0.8,0.8,1.0,5.1186628341674805,7.724476158618927,5.224797248840332,10.041297912597656
224,1,0,0.8,0.8,2.0,2.157231330871582,2.4376713037490845,6.494325637817383,16.06442642211914
224,1,0,1.0,0.2,0.5,7.0456318855285645,9.353175282478333,3.333188533782959,4.512850761413574
224,1,0,1.0,0.2,1.0,5.138393878936768,7.21953558921814,4.06399393081665,7.275157451629639
224,1,0,1.0,0.2,2.0,1.045186161994934,1.5557500123977661,4.463978290557861,8.660046577453613
224,1,0,1.0,0.5,0.5,8.235023498535156,12.398368895053864,4.452985763549805,6.803415775299072
224,1,0,1.0,0.5,1.0,2.3864665031433105,3.5315220952033997,6.681163787841797,14.124112129211426
224,1,0,1.0,0.5,2.0,1.6540075540542603,1.781667947769165,6.40042781829834,15.626029968261719
224,1,0,1.0,0.8,0.5,9.512677192687988,12.756856679916382,7.117008686065674,12.052362442016602
224,1,0,1.0,0.8,1.0,4.40352725982666,5.572067022323608,7.132813453674316,14.91843032836914
224,1,0,1.0,0.8,2.0,4.745490074157715,5.901919841766357,9.867570877075195,27.45710563659668
224,1,0,1.2,0.2,0.5,6.917580604553223,8.74539452791214,6.143613815307617,8.95398235321045
224,1,0,1.2,0.2,1.0,3.791147470474243,5.72391951084137,6.968131065368652,12.829248428344727
224,1,0,1.2,0.2,2.0,0.3736022710800171,0.40007662773132324,6.208479881286621,14.674524307250977
224,1,0,1.2,0.5,0.5,9.22088623046875,13.844315707683563,5.317113399505615,8.435175895690918
224,1,0,1.2,0.5,1.0,4.183917999267578,6.117909133434296,8.180679321289062,16.48629379272461
224,1,0,1.2,0.5,2.0,0.8354397416114807,1.3041534423828125,6.747153282165527,17.285221099853516
224,1,0,1.2,0.8,0.5,10.585796356201172,15.661048352718353,10.831597328186035,19.861793518066406
224,1,0,1.2,0.8,1.0,7.007096290588379,10.945448577404022,12.321608543395996,28.633710861206055
224,1,0,1.2,0.8,2.0,5.375607013702393,8.254341125488281,16.45669174194336,45.81373977661133
224,1,1,0.8,0.2,0.5,6.327455520629883,8.161019265651703,3.018177032470703,3.9720375537872314
224,1,1,0.8,0.2,1.0,5.134773254394531,7.909771144390106,3.2494559288024902,5.196512699127197
224,1,1,0.8,0.2,2.0,1.9361672401428223,2.537056028842926,3.4977974891662598,6.837709426879883
224,1,1,0.8,0.5,0.5,5.94749116897583,9.077633202075958,3.019052743911743,4.214136600494385
224,1,1,0.8,0.5,1.0,2.7897443771362305,3.959132432937622,4.977395534515381,9.743290901184082
224,1,1,0.8,0.5,2.0,1.4407317638397217,1.933552086353302,5.3698039054870605,12.81847095489502
224,1,1,0.8,0.8,0.5,6.790057182312012,10.146988213062286,3.94026780128479,5.999752044677734
224,1,1,0.8,0.8,1.0,4.77886438369751,5.993262469768524,6.690052032470703,14.141131401062012
224,1,1,0.8,0.8,2.0,3.4070322513580322,4.298397421836853,6.263607978820801,16.077449798583984
224,1,1,1.0,0.2,0.5,7.829980373382568,9.733523190021515,2.8163373470306396,3.9135353565216064
224,1,1,1.0,0.2,1.0,4.407729148864746,7.655418634414673,3.235339641571045,5.389501571655273
224,1,1,1.0,0.2,2.0,1.201348066329956,1.3149743676185608,5.278690338134766,11.226280212402344
224,1,1,1.0,0.5,0.5,7.280864715576172,11.594405353069305,4.193902969360352,6.167747497558594
224,1,1,1.0,0.5,1.0,3.5886340141296387,5.3705021142959595,6.699113845825195,13.450860977172852
224,1,1,1.0,0.5,2.0,0.8766273260116577,0.9456063508987427,6.396401405334473,16.01188087463379
224,1,1,1.0,0.8,0.5,8.13323974609375,11.780735731124878,10.19279956817627,18.99555206298828
224,1,1,1.0,0.8,1.0,3.303083658218384,4.567597925662994,7.582780361175537,16.24514389038086
224,1,1,1.0,0.8,2.0,2.611316204071045,4.1335607171058655,10.729514122009277,28.934621810913086
224,1,1,1.2,0.2,0.5,5.363810062408447,8.207614243030548,4.909030914306641,7.087448596954346
224,1,1,1.2,0.2,1.0,4.509820461273193,7.268941760063171,5.46187162399292,9.710110664367676
224,1,1,1.2,0.2,2.0,0.49632734060287476,1.0013449788093567,5.525264739990234,12.741990089416504
224,1,1,1.2,0.5,0.5,7.912729263305664,11.572603702545166,9.652050971984863,15.81158447265625
224,1,1,1.2,0.5,1.0,3.073099136352539,5.162723481655121,7.799992084503174,17.274484634399414
224,1,1,1.2,0.5,2.0,0.5096933245658875,0.735713005065918,7.562821865081787,18.146034240722656
224,1,1,1.2,0.8,0.5,9.421140670776367,13.020184218883514,8.240619659423828,13.43330192565918
224,1,1,1.2,0.8,1.0,8.423457145690918,12.021225214004517,20.347795486450195,44.987281799316406
224,1,1,1.2,0.8,2.0,5.469515800476074,8.278733909130096,14.960003852844238,42.928985595703125
224,1,2,0.8,0.2,0.5,5.668729305267334,8.631954610347748,2.7517764568328857,3.6648356914520264
224,1,2,0.8,0.2,1.0,5.5153422355651855,6.641811490058899,3.172274351119995,5.083429336547852
224,1,2,0.8,0.2,2.0,0.8114856481552124,1.725296139717102,3.7568013668060303,7.721138000488281
224,1,2,0.8,0.5,0.5,7.045798301696777,10.267826974391937,3.1998367309570312,4.484704971313477
224,1,2,0.8,0.5,1.0,2.5040478706359863,3.774734079837799,4.3379011154174805,8.20376205444336
224,1,2,0.8,0.5,2.0,1.8111116886138916,2.131448745727539,5.499689102172852,12.816987991333008
224,1,2,0.8,0.8,0.5,6.10172176361084,9.69144994020462,4.673964977264404,7.549544811248779
224,1,2,0.8,0.8,1.0,4.915308475494385,7.592728018760681,6.303335666656494,12.737187385559082
224,1,2,0.8,0.8,2.0,2.90324330329895,4.405875265598297,8.459002494812012,21.553466796875
224,1,2,1.0,0.2,0.5,6.194034576416016,8.610775411128998,3.2718753814697266,4.6411566734313965
224,1,2,1.0,0.2,1.0,4.4225239753723145,5.646222412586212,3.7181694507598877,6.4105353355407715
224,1,2,1.0,0.2,2.0,0.11986470222473145,0.27222758531570435,4.539187908172607,10.017992973327637
224,1,2,1.0,0.5,0.5,6.93743371963501,10.327109277248383,4.342199325561523,6.669158458709717
224,1,2,1.0,0.5,1.0,3.1882405281066895,5.15304172039032,6.49177885055542,13.10924243927002
224,1,2,1.0,0.5,2.0,0.7388077974319458,0.7280278205871582,7.136412143707275,17.03656578063965
224,1,2,1.0,0.8,0.5,8.573888778686523,13.281909227371216,7.981503486633301,13.601831436157227
224,1,2,1.0,0.8,1.0,6.575243949890137,10.013392925262451,8.791807174682617,18.575326919555664
224,1,2,1.0,0.8,2.0,2.036587953567505,2.073185443878174,9.14693832397461,26.11538314819336
224,1,2,1.2,0.2,0.5,7.721122741699219,9.884678959846497,5.763723850250244,8.438074111938477
224,1,2,1.2,0.2,1.0,4.168421745300293,7.332141935825348,5.861756801605225,10.76168155670166
224,1,2,1.2,0.2,2.0,1.0966100692749023,1.5280815362930298,5.655546188354492,12.331099510192871
224,1,2,1.2,0.5,0.5,7.597198963165283,12.148040056228638,9.438420295715332,15.078051567077637
224,1,2,1.2,0.5,1.0,5.97787618637085,9.259377241134644,9.546920776367188,20.234451293945312
224,1,2,1.2,0.5,2.0,2.1400952339172363,2.4038122296333313,9.084120750427246,23.39727020263672
224,1,2,1.2,0.8,0.5,12.431401252746582,17.6704843044281,16.05166244506836,29.651262283325195
224,1,2,1.2,0.8,1.0,6.103870391845703,9.405840337276459,11.366424560546875,26.118946075439453
224,1,2,1.2,0.8,2.0,5.199549674987793,8.155216813087463,12.98136043548584,36.569881439208984
225,1,0,0.8,0.2,0.5,4.568625450134277,9.130325019359589,3.054408550262451,4.203755855560303
225,1,0,0.8,0.2,1.0,3.3308606147766113,4.980363607406616,3.312288999557495,5.514150619506836
225,1,0,0.8,0.2,2.0,1.0719091892242432,1.5164127945899963,4.049856185913086,8.19466781616211
225,1,0,0.8,0.5,0.5,5.53656005859375,8.36966460943222,3.17417311668396,4.387564659118652
225,1,0,0.8,0.5,1.0,3.0294413566589355,4.553287386894226,5.108951568603516,10.064422607421875
225,1,0,0.8,0.5,2.0,2.7237589359283447,3.1946111917495728,5.153585433959961,11.885455131530762
225,1,0,0.8,0.8,0.5,6.110377311706543,9.447431743144989,4.761247634887695,7.829916954040527
225,1,0,0.8,0.8,1.0,4.477748394012451,5.609930515289307,6.696774482727051,13.950264930725098
225,1,0,0.8,0.8,2.0,1.747973918914795,2.6646695733070374,7.066216945648193,18.619916915893555
225,1,0,1.0,0.2,0.5,5.664440155029297,9.316759645938873,3.6898579597473145,5.442720413208008
225,1,0,1.0,0.2,1.0,5.093789100646973,6.462296664714813,4.122312545776367,7.576689720153809
225,1,0,1.0,0.2,2.0,1.0686914920806885,2.064633071422577,4.915326118469238,9.342114448547363
225,1,0,1.0,0.5,0.5,8.352128982543945,12.839397609233856,5.186275482177734,8.093209266662598
225,1,0,1.0,0.5,1.0,2.6004347801208496,3.8748636841773987,6.009449005126953,12.406335830688477
225,1,0,1.0,0.5,2.0,1.6043436527252197,2.483432412147522,8.52686595916748,20.656152725219727
225,1,0,1.0,0.8,0.5,7.955547332763672,11.28299218416214,6.775233268737793,11.824727058410645
225,1,0,1.0,0.8,1.0,7.456506252288818,11.296831786632538,12.6672945022583,29.669513702392578
225,1,0,1.0,0.8,2.0,5.575100421905518,7.858765363693237,13.145060539245605,34.75593566894531
225,1,0,1.2,0.2,0.5,5.31804084777832,7.023934960365295,6.836620330810547,10.184467315673828
225,1,0,1.2,0.2,1.0,4.776937007904053,6.980033457279205,5.371049880981445,9.776097297668457
225,1,0,1.2,0.2,2.0,0.4643513560295105,0.8732789754867554,5.582645893096924,11.664376258850098
225,1,0,1.2,0.5,0.5,8.467637062072754,12.513158857822418,6.781197547912598,11.361271858215332
225,1,0,1.2,0.5,1.0,2.6502137184143066,2.8221094608306885,8.66507339477539,18.27065658569336
225,1,0,1.2,0.5,2.0,1.7413541078567505,2.5402854084968567,9.978775024414062,25.997798919677734
225,1,0,1.2,0.8,0.5,10.234784126281738,15.066676318645477,12.663256645202637,23.02327537536621
225,1,0,1.2,0.8,1.0,6.497677326202393,9.868673980236053,13.52944564819336,31.882707595825195
225,1,0,1.2,0.8,2.0,5.317469596862793,6.648864984512329,12.474177360534668,34.20736312866211
225,1,1,0.8,0.2,0.5,6.702396392822266,9.606119632720947,3.049860954284668,4.2533111572265625
225,1,1,0.8,0.2,1.0,5.298090934753418,7.715548813343048,3.242298126220703,5.149472236633301
225,1,1,0.8,0.2,2.0,1.0228030681610107,1.5857155919075012,3.7520999908447266,7.47548770904541
225,1,1,0.8,0.5,0.5,7.83473539352417,10.249535918235779,3.2809927463531494,4.708843231201172
225,1,1,0.8,0.5,1.0,2.086895227432251,3.3339880108833313,4.309863090515137,7.822522163391113
225,1,1,0.8,0.5,2.0,1.3952808380126953,1.3748869895935059,5.415489196777344,12.544451713562012
225,1,1,0.8,0.8,0.5,7.3445820808410645,7.676027059555054,3.982224702835083,5.969451904296875
225,1,1,0.8,0.8,1.0,3.603668212890625,6.202786922454834,6.360110759735107,13.112872123718262
225,1,1,0.8,0.8,2.0,2.917055606842041,3.9052207469940186,9.04520034790039,23.6369686126709
225,1,1,1.0,0.2,0.5,6.184757232666016,8.800380945205688,3.5825233459472656,4.866774559020996
225,1,1,1.0,0.2,1.0,5.118316650390625,8.263657569885254,4.978268623352051,8.357151985168457
225,1,1,1.0,0.2,2.0,1.703486442565918,2.377488851547241,4.34468936920166,8.542941093444824
225,1,1,1.0,0.5,0.5,8.022117614746094,11.9709552526474,5.772202968597412,9.006489753723145
225,1,1,1.0,0.5,1.0,2.7479300498962402,4.305478096008301,6.951789379119873,14.5944242477417
225,1,1,1.0,0.5,2.0,1.3083765506744385,1.9323115348815918,7.783046245574951,20.384777069091797
225,1,1,1.0,0.8,0.5,9.063053131103516,12.670718908309937,8.527711868286133,14.598484992980957
225,1,1,1.0,0.8,1.0,5.060543060302734,7.2185885310173035,9.481698036193848,21.25169563293457
225,1,1,1.0,0.8,2.0,4.830887317657471,7.252134263515472,13.070611953735352,36.40770721435547
225,1,1,1.2,0.2,0.5,5.411423206329346,8.831197202205658,5.370942115783691,7.820249557495117
225,1,1,1.2,0.2,1.0,5.217134475708008,6.831101059913635,6.571343898773193,12.42003345489502
225,1,1,1.2,0.2,2.0,1.1351394653320312,1.4589002132415771,6.216610908508301,14.050507545471191
225,1,1,1.2,0.5,0.5,8.522387504577637,13.822331190109253,7.7779083251953125,13.67453384399414
225,1,1,1.2,0.5,1.0,4.0865583419799805,6.198361039161682,9.879359245300293,21.923847198486328
225,1,1,1.2,0.5,2.0,2.1349740028381348,2.481711208820343,9.570382118225098,25.326597213745117
225,1,1,1.2,0.8,0.5,10.291390419006348,15.193364083766937,17.182052612304688,30.736528396606445
225,1,1,1.2,0.8,1.0,7.99574613571167,11.513949453830719,16.918258666992188,38.85664749145508
225,1,1,1.2,0.8,2.0,5.168835639953613,8.072969019412994,16.412626266479492,47.69501495361328
225,1,2,0.8,0.2,0.5,5.243466854095459,7.55538409948349,2.733410120010376,3.7159605026245117
225,1,2,0.8,0.2,1.0,3.9925453662872314,7.146824598312378,3.3440234661102295,5.257550239562988
225,1,2,0.8,0.2,2.0,1.6553757190704346,3.1953203082084656,3.760937213897705,7.985476016998291
225,1,2,0.8,0.5,0.5,7.445583343505859,10.940959751605988,3.8074429035186768,5.5614519119262695
225,1,2,0.8,0.5,1.0,2.516519069671631,4.595242261886597,4.196567535400391,7.913516998291016
225,1,2,0.8,0.5,2.0,0.16293609142303467,0.1657518744468689,5.234099864959717,12.29680347442627
225,1,2,0.8,0.8,0.5,5.929377555847168,9.540480554103851,5.24531364440918,8.721856117248535
225,1,2,0.8,0.8,1.0,4.45947265625,6.4721567034721375,6.300410747528076,13.450057029724121
225,1,2,0.8,0.8,2.0,1.8830064535140991,2.7977280020713806,8.2711763381958,21.07094383239746
225,1,2,1.0,0.2,0.5,6.457767486572266,8.112283170223236,3.89831280708313,5.595894813537598
225,1,2,1.0,0.2,1.0,4.774134635925293,8.696001470088959,4.069240093231201,6.58945369720459
225,1,2,1.0,0.2,2.0,1.2936363220214844,1.4273627400398254,4.807581424713135,10.334394454956055
225,1,2,1.0,0.5,0.5,7.70733642578125,10.962596356868744,4.6686577796936035,6.968994140625
225,1,2,1.0,0.5,1.0,3.706110715866089,5.58570259809494,6.258901596069336,12.576560974121094
225,1,2,1.0,0.5,2.0,1.2947242259979248,1.8233875632286072,7.780346870422363,20.06201934814453
225,1,2,1.0,0.8,0.5,7.936204433441162,12.459583640098572,8.454203605651855,14.644367218017578
225,1,2,1.0,0.8,1.0,6.222916126251221,8.310889959335327,9.389634132385254,19.662803649902344
225,1,2,1.0,0.8,2.0,3.7006678581237793,5.240036904811859,11.474297523498535,31.451622009277344
225,1,2,1.2,0.2,0.5,5.476414680480957,8.658225774765015,4.714651584625244,6.729905128479004
225,1,2,1.2,0.2,1.0,4.8078932762146,6.716356933116913,5.520408630371094,10.537335395812988
225,1,2,1.2,0.2,2.0,0.48020946979522705,0.5669950246810913,6.1764397621154785,13.985342025756836
225,1,2,1.2,0.5,0.5,9.007479667663574,14.136812090873718,5.223605155944824,8.156609535217285
225,1,2,1.2,0.5,1.0,4.705838203430176,7.3400885462760925,10.075360298156738,20.578065872192383
225,1,2,1.2,0.5,2.0,1.8554680347442627,2.1106693148612976,10.163949966430664,27.168603897094727
225,1,2,1.2,0.8,0.5,10.906209945678711,15.74188643693924,15.42026424407959,28.357608795166016
225,1,2,1.2,0.8,1.0,7.308673858642578,11.233567655086517,15.912452697753906,36.597129821777344
225,1,2,1.2,0.8,2.0,6.618959426879883,9.486889779567719,18.329654693603516,48.961387634277344
226,1,0,0.8,0.2,0.5,6.426335334777832,8.451793313026428,3.0545687675476074,4.156554698944092
226,1,0,0.8,0.2,1.0,5.049503326416016,8.522956848144531,3.6713647842407227,6.017928123474121
226,1,0,0.8,0.2,2.0,0.5174546241760254,0.5097425580024719,4.279074668884277,9.489568710327148
226,1,0,0.8,0.5,0.5,6.467457294464111,10.015950441360474,4.0049638748168945,6.017269134521484
226,1,0,0.8,0.5,1.0,2.049327850341797,3.7332364320755005,5.387781143188477,10.372267723083496
226,1,0,0.8,0.5,2.0,0.9868875741958618,1.7090765237808228,4.687963485717773,11.052765846252441
226,1,0,0.8,0.8,0.5,6.639947891235352,9.079163074493408,5.352735996246338,9.016149520874023
226,1,0,0.8,0.8,1.0,3.9593193531036377,5.730740547180176,8.716887474060059,19.363380432128906
226,1,0,0.8,0.8,2.0,3.629448890686035,3.6553731560707092,8.555991172790527,23.107444763183594
226,1,0,1.0,0.2,0.5,4.861939430236816,8.108838319778442,4.450772285461426,6.627831935882568
226,1,0,1.0,0.2,1.0,3.8373541831970215,8.034956157207489,4.308860778808594,7.762550354003906
226,1,0,1.0,0.2,2.0,0.9596465229988098,1.881294071674347,5.55790901184082,11.584914207458496
226,1,0,1.0,0.5,0.5,9.818371772766113,13.897779822349548,5.053531646728516,7.742128372192383
226,1,0,1.0,0.5,1.0,2.9051973819732666,3.925108313560486,7.672507286071777,16.20876693725586
226,1,0,1.0,0.5,2.0,0.7066874504089355,1.3364806175231934,8.376858711242676,22.345476150512695
226,1,0,1.0,0.8,0.5,7.719780921936035,10.489965915679932,8.634244918823242,15.084487915039062
226,1,0,1.0,0.8,1.0,7.764289379119873,12.033995628356934,12.42933464050293,28.09507179260254
226,1,0,1.0,0.8,2.0,3.4889256954193115,4.832114517688751,9.400101661682129,25.224563598632812
226,1,0,1.2,0.2,0.5,6.7398786544799805,9.048863708972931,5.072482109069824,7.7085185050964355
226,1,0,1.2,0.2,1.0,4.713342666625977,7.222765028476715,6.518780708312988,7.5736284255981445
226,1,0,1.2,0.2,2.0,0.5039742588996887,0.8953382968902588,6.464178562164307,13.03792667388916
226,1,0,1.2,0.5,0.5,8.162281036376953,12.784334063529968,8.672749519348145,14.347567558288574
226,1,0,1.2,0.5,1.0,3.366407871246338,4.917395532131195,7.484138488769531,15.045263290405273
226,1,0,1.2,0.5,2.0,3.3809680938720703,5.097757577896118,13.145191192626953,37.0093994140625
226,1,0,1.2,0.8,0.5,10.22256851196289,15.231482148170471,12.765151023864746,22.18097686767578
226,1,0,1.2,0.8,1.0,8.01183795928955,12.361102879047394,13.526690483093262,31.0642032623291
226,1,0,1.2,0.8,2.0,5.420689105987549,8.460694670677185,21.563791275024414,60.0334587097168
226,1,1,0.8,0.2,0.5,7.038870811462402,10.277000367641449,3.0976943969726562,4.3372802734375
226,1,1,0.8,0.2,1.0,3.263178586959839,5.3760746717453,3.180234670639038,5.472826957702637
226,1,1,0.8,0.2,2.0,0.8308018445968628,1.2035556435585022,3.839520215988159,7.780185222625732
226,1,1,0.8,0.5,0.5,5.516491413116455,8.487449526786804,3.9842848777770996,5.980776309967041
226,1,1,0.8,0.5,1.0,2.5609514713287354,3.292809307575226,4.846098899841309,9.336896896362305
226,1,1,0.8,0.5,2.0,1.3031864166259766,1.6125208735466003,5.153738498687744,12.094019889831543
226,1,1,0.8,0.8,0.5,6.954384803771973,11.089589238166809,5.775284767150879,9.390373229980469
226,1,1,0.8,0.8,1.0,4.233582973480225,6.524443447589874,8.454574584960938,19.1440372467041
226,1,1,0.8,0.8,2.0,3.2810158729553223,3.4158440828323364,9.036319732666016,24.506237030029297
226,1,1,1.0,0.2,0.5,7.605131149291992,9.516831934452057,4.229681491851807,5.974462032318115
226,1,1,1.0,0.2,1.0,5.263477325439453,6.663412570953369,4.409761905670166,8.030773162841797
226,1,1,1.0,0.2,2.0,0.8278599977493286,1.3821210265159607,4.718628406524658,10.40674114227295
226,1,1,1.0,0.5,0.5,7.402019500732422,11.797440886497498,5.688003063201904,9.328621864318848
226,1,1,1.0,0.5,1.0,3.7038893699645996,5.547195315361023,8.806089401245117,19.101600646972656
226,1,1,1.0,0.5,2.0,0.026513397693634033,0.039418160915374756,7.840673446655273,20.597232818603516
226,1,1,1.0,0.8,0.5,10.353339195251465,15.846813261508942,11.550698280334473,21.283672332763672
226,1,1,1.0,0.8,1.0,7.732541084289551,12.150820076465607,14.623353958129883,33.69211959838867
226,1,1,1.0,0.8,2.0,4.280069828033447,6.521862626075745,12.987598419189453,37.13736343383789
226,1,1,1.2,0.2,0.5,4.517266273498535,6.598599135875702,7.765758037567139,10.781759262084961
226,1,1,1.2,0.2,1.0,4.612677097320557,6.588241219520569,7.265430450439453,14.735340118408203
226,1,1,1.2,0.2,2.0,0.7887848615646362,1.041345238685608,8.183215141296387,20.427751541137695
226,1,1,1.2,0.5,0.5,8.12491512298584,11.078377723693848,14.180379867553711,8.987791061401367
226,1,1,1.2,0.5,1.0,4.727202415466309,8.338911533355713,8.6738862991333,17.833755493164062
226,1,1,1.2,0.5,2.0,3.3140852451324463,4.7320974469184875,13.0471773147583,33.777793884277344
226,1,1,1.2,0.8,0.5,10.022947311401367,14.31203556060791,21.520299911499023,36.13108825683594
226,1,1,1.2,0.8,1.0,8.088712692260742,11.936923563480377,23.885826110839844,46.332035064697266
226,1,1,1.2,0.8,2.0,5.59311580657959,8.521543681621552,14.207690238952637,40.65011978149414
226,1,2,0.8,0.2,0.5,7.507471084594727,9.918733894824982,3.2127649784088135,4.4484052658081055
226,1,2,0.8,0.2,1.0,4.995560646057129,7.5528324842453,3.8172616958618164,6.987520694732666
226,1,2,0.8,0.2,2.0,1.684298038482666,2.144942283630371,4.2771992683410645,8.433500289916992
226,1,2,0.8,0.5,0.5,6.297114372253418,9.163780868053436,3.799330711364746,5.585933208465576
226,1,2,0.8,0.5,1.0,3.4640092849731445,5.228554785251617,4.050559997558594,7.296972274780273
226,1,2,0.8,0.5,2.0,2.131774425506592,2.7134549617767334,5.939850807189941,14.494990348815918
226,1,2,0.8,0.8,0.5,6.9350152015686035,9.482897877693176,7.359817028045654,12.984223365783691
226,1,2,0.8,0.8,1.0,4.417311668395996,6.8063125014305115,6.089176177978516,12.682053565979004
226,1,2,0.8,0.8,2.0,3.189309597015381,5.3101271986961365,9.77082347869873,26.38062286376953
226,1,2,1.0,0.2,0.5,6.630982398986816,10.034435153007507,5.9274516105651855,9.115701675415039
226,1,2,1.0,0.2,1.0,4.599819183349609,7.746518433094025,5.056601047515869,8.766743659973145
226,1,2,1.0,0.2,2.0,0.3568499684333801,0.5980994701385498,6.003666877746582,13.98242473602295
226,1,2,1.0,0.5,0.5,7.146100997924805,10.519370973110199,5.912975788116455,9.696929931640625
226,1,2,1.0,0.5,1.0,2.632190704345703,3.290216088294983,7.66450834274292,15.996048927307129
226,1,2,1.0,0.5,2.0,1.2408599853515625,2.1876507997512817,7.1664862632751465,17.60272789001465
226,1,2,1.0,0.8,0.5,7.484539031982422,11.213582873344421,6.697474479675293,11.406905174255371
226,1,2,1.0,0.8,1.0,7.8472795486450195,11.663745880126953,11.549216270446777,25.0250186920166
226,1,2,1.0,0.8,2.0,4.448171138763428,7.558578610420227,14.086104393005371,38.55402374267578
226,1,2,1.2,0.2,0.5,6.64699125289917,14.712309837341309,5.872827529907227,9.11633586883545
226,1,2,1.2,0.2,1.0,5.1378278732299805,6.668291211128235,6.659974575042725,11.387216567993164
226,1,2,1.2,0.2,2.0,1.1358616352081299,1.4288994073867798,6.370074272155762,13.23192310333252
226,1,2,1.2,0.5,0.5,8.77583122253418,13.041183650493622,11.891389846801758,20.668468475341797
226,1,2,1.2,0.5,1.0,5.8939080238342285,8.93796056509018,12.247960090637207,26.649974822998047
226,1,2,1.2,0.5,2.0,3.945565700531006,5.942917287349701,16.26245880126953,41.472938537597656
226,1,2,1.2,0.8,0.5,10.346794128417969,15.013783514499664,16.30291175842285,31.548038482666016
226,1,2,1.2,0.8,1.0,7.919730186462402,11.99788099527359,17.70467758178711,40.864173889160156
226,1,2,1.2,0.8,2.0,5.742999076843262,8.605314314365387,20.08405303955078,56.32714080810547
227,1,0,0.8,0.2,0.5,6.698943614959717,8.63845044374466,3.0217137336730957,4.155179500579834
227,1,0,0.8,0.2,1.0,5.2586798667907715,8.19439834356308,3.304067611694336,5.3743486404418945
227,1,0,0.8,0.2,2.0,1.601318597793579,1.831855833530426,3.584688425064087,7.636509418487549
227,1,0,0.8,0.5,0.5,8.236138343811035,12.12084972858429,3.8378288745880127,5.5394062995910645
227,1,0,0.8,0.5,1.0,3.4453513622283936,4.704595386981964,4.3893585205078125,8.313163757324219
227,1,0,0.8,0.5,2.0,1.2146434783935547,1.9966394901275635,5.08685827255249,12.054353713989258
227,1,0,0.8,0.8,0.5,6.476047515869141,8.75396054983139,5.801150321960449,9.872262954711914
227,1,0,0.8,0.8,1.0,3.8247368335723877,6.201610088348389,6.216565132141113,13.001906394958496
227,1,0,0.8,0.8,2.0,2.3588714599609375,3.4125306606292725,7.208682537078857,19.209070205688477
227,1,0,1.0,0.2,0.5,7.564281940460205,9.700959503650665,3.652953624725342,4.978044509887695
227,1,0,1.0,0.2,1.0,4.577038764953613,8.055268228054047,3.6336913108825684,6.115719795227051
227,1,0,1.0,0.2,2.0,0.6934454441070557,0.9506368041038513,3.992363214492798,8.703028678894043
227,1,0,1.0,0.5,0.5,8.080525398254395,11.66972267627716,4.57258415222168,7.094164848327637
227,1,0,1.0,0.5,1.0,3.625520706176758,5.849152982234955,5.771883010864258,11.416842460632324
227,1,0,1.0,0.5,2.0,0.6971908807754517,0.8738559484481812,6.201602935791016,15.018476486206055
227,1,0,1.0,0.8,0.5,9.612995147705078,13.548490941524506,9.043375968933105,16.224002838134766
227,1,0,1.0,0.8,1.0,4.565124034881592,5.82182103395462,9.232868194580078,21.506990432739258
227,1,0,1.0,0.8,2.0,3.4045848846435547,3.773491084575653,9.517533302307129,26.182565689086914
227,1,0,1.2,0.2,0.5,8.56319522857666,11.072422444820404,4.53297233581543,6.426313400268555
227,1,0,1.2,0.2,1.0,5.896928310394287,8.661313891410828,5.243703842163086,9.239855766296387
227,1,0,1.2,0.2,2.0,0.8675310611724854,0.9596861600875854,6.06581449508667,14.143177032470703
227,1,0,1.2,0.5,0.5,8.012451171875,12.184994995594025,9.315536499023438,15.19730281829834
227,1,0,1.2,0.5,1.0,3.64178204536438,5.158428251743317,6.768998146057129,13.6466703414917
227,1,0,1.2,0.5,2.0,1.7876226902008057,2.7837656140327454,10.417434692382812,26.612268447875977
227,1,0,1.2,0.8,0.5,11.34874153137207,16.577107965946198,10.612518310546875,19.337202072143555
227,1,0,1.2,0.8,1.0,8.374794006347656,12.835999608039856,18.855453491210938,43.33681106567383
227,1,0,1.2,0.8,2.0,5.2366838455200195,8.418802380561829,12.946331977844238,35.821624755859375
227,1,1,0.8,0.2,0.5,4.738418102264404,7.545174777507782,2.786959648132324,3.6936428546905518
227,1,1,0.8,0.2,1.0,3.17275333404541,5.389810562133789,3.2280285358428955,5.275321006774902
227,1,1,0.8,0.2,2.0,1.447448492050171,2.3191080689430237,3.5184741020202637,6.442049980163574
227,1,1,0.8,0.5,0.5,6.162864685058594,9.261061131954193,3.5314650535583496,5.261203765869141
227,1,1,0.8,0.5,1.0,3.4452407360076904,5.070474922657013,4.329664707183838,8.328147888183594
227,1,1,0.8,0.5,2.0,0.8448533415794373,0.7172142267227173,5.414067268371582,13.481209754943848
227,1,1,0.8,0.8,0.5,5.298001289367676,8.307113885879517,4.861894607543945,7.935911655426025
227,1,1,0.8,0.8,1.0,2.581552267074585,4.040240287780762,5.885239601135254,12.668581008911133
227,1,1,0.8,0.8,2.0,3.5164108276367188,5.478896498680115,6.675786018371582,17.63994789123535
227,1,1,1.0,0.2,0.5,7.861818790435791,10.0718315243721,3.9483039379119873,5.331216335296631
227,1,1,1.0,0.2,1.0,3.401120901107788,6.3937225341796875,5.472625255584717,10.260002136230469
227,1,1,1.0,0.2,2.0,1.0004770755767822,1.7784433960914612,4.276727676391602,9.081951141357422
227,1,1,1.0,0.5,0.5,7.761307239532471,11.560396313667297,5.184780120849609,8.160299301147461
227,1,1,1.0,0.5,1.0,3.0255494117736816,4.809616029262543,6.814999580383301,13.764603614807129
227,1,1,1.0,0.5,2.0,2.0622262954711914,2.8107956051826477,6.6549248695373535,16.001556396484375
227,1,1,1.0,0.8,0.5,7.007191181182861,10.020855247974396,6.87276029586792,11.621136665344238
227,1,1,1.0,0.8,1.0,5.007701396942139,7.378518044948578,8.386474609375,17.485525131225586
227,1,1,1.0,0.8,2.0,3.0619189739227295,4.395335137844086,11.41690731048584,31.313724517822266
227,1,1,1.2,0.2,0.5,7.750593185424805,10.629640340805054,5.0698466300964355,7.505148410797119
227,1,1,1.2,0.2,1.0,3.7753641605377197,6.9862059354782104,5.605514049530029,9.51410961151123
227,1,1,1.2,0.2,2.0,0.7205870151519775,0.9849496483802795,5.591456890106201,11.998323440551758
227,1,1,1.2,0.5,0.5,7.6955037117004395,12.660953044891357,6.17530632019043,9.947260856628418
227,1,1,1.2,0.5,1.0,4.1929426193237305,6.098743379116058,8.974644660949707,18.21963119506836
227,1,1,1.2,0.5,2.0,0.5203296542167664,0.6647359728813171,8.743840217590332,22.337827682495117
227,1,1,1.2,0.8,0.5,10.862590789794922,15.884275317192078,10.866597175598145,19.5683536529541
227,1,1,1.2,0.8,1.0,8.551871299743652,12.716499507427216,14.400875091552734,31.046262741088867
227,1,1,1.2,0.8,2.0,5.127670764923096,7.9137871861457825,15.032817840576172,42.49375534057617
227,1,2,0.8,0.2,0.5,3.9373488426208496,6.759057402610779,2.7524099349975586,3.708792209625244
227,1,2,0.8,0.2,1.0,4.377758979797363,6.938020825386047,3.1084468364715576,4.868135929107666
227,1,2,0.8,0.2,2.0,1.8689062595367432,2.981667220592499,3.651928663253784,7.2307047843933105
227,1,2,0.8,0.5,0.5,5.917532444000244,9.459989547729492,3.695563793182373,5.5886030197143555
227,1,2,0.8,0.5,1.0,3.3529374599456787,5.070457577705383,4.242884635925293,8.2431001663208
227,1,2,0.8,0.5,2.0,0.21245908737182617,0.3530917763710022,4.4836812019348145,10.476435661315918
227,1,2,0.8,0.8,0.5,5.604367733001709,8.87232619524002,4.388147830963135,6.744142532348633
227,1,2,0.8,0.8,1.0,2.8990089893341064,4.438025116920471,5.888799667358398,12.295299530029297
227,1,2,0.8,0.8,2.0,3.0409975051879883,4.00265634059906,7.0387282371521,18.068471908569336
227,1,2,1.0,0.2,0.5,6.461357116699219,10.486763656139374,3.373392343521118,4.703662395477295
227,1,2,1.0,0.2,1.0,5.048069000244141,7.464916408061981,3.8336384296417236,6.565272808074951
227,1,2,1.0,0.2,2.0,0.9981269836425781,1.64674711227417,5.0085039138793945,10.815126419067383
227,1,2,1.0,0.5,0.5,8.034276008605957,11.827403724193573,4.428246974945068,6.784041404724121
227,1,2,1.0,0.5,1.0,2.505513906478882,4.217743456363678,6.173572540283203,11.85063648223877
227,1,2,1.0,0.5,2.0,0.17164325714111328,0.23569399118423462,6.323896884918213,15.039828300476074
227,1,2,1.0,0.8,0.5,7.271510124206543,11.096600472927094,8.252738952636719,14.533414840698242
227,1,2,1.0,0.8,1.0,4.918032169342041,8.215168058872223,7.985046863555908,17.190576553344727
227,1,2,1.0,0.8,2.0,3.531202554702759,3.922585666179657,10.660346031188965,30.273466110229492
227,1,2,1.2,0.2,0.5,7.090441703796387,9.621210634708405,4.566930770874023,6.901425838470459
227,1,2,1.2,0.2,1.0,4.444777488708496,6.704582393169403,4.467540740966797,8.351970672607422
227,1,2,1.2,0.2,2.0,0.992422878742218,1.2656591534614563,6.212471961975098,14.60852336883545
227,1,2,1.2,0.5,0.5,8.820423126220703,13.0862917304039,6.981315612792969,11.712639808654785
227,1,2,1.2,0.5,1.0,2.794736862182617,4.673205316066742,8.010765075683594,15.038029670715332
227,1,2,1.2,0.5,2.0,1.7444121837615967,2.2580114006996155,9.583529472351074,24.26125717163086
227,1,2,1.2,0.8,0.5,10.625261306762695,15.42580372095108,11.875365257263184,22.028711318969727
227,1,2,1.2,0.8,1.0,6.682290554046631,10.314807057380676,11.836565971374512,27.08816909790039
227,1,2,1.2,0.8,2.0,5.961725234985352,8.936027109622955,14.393961906433105,39.003456115722656
228,1,0,0.8,0.2,0.5,4.939247131347656,7.667775213718414,2.9494242668151855,3.8748204708099365
228,1,0,0.8,0.2,1.0,3.873237371444702,7.1181856989860535,3.7927467823028564,6.45889949798584
228,1,0,0.8,0.2,2.0,0.8304932713508606,1.4410672187805176,3.490466356277466,6.623977184295654
228,1,0,0.8,0.5,0.5,5.993503570556641,7.743098139762878,4.012121677398682,5.988253593444824
228,1,0,0.8,0.5,1.0,2.5287539958953857,3.8561875224113464,5.2360992431640625,10.4479398727417
228,1,0,0.8,0.5,2.0,1.3913509845733643,2.2408247590065002,4.789726257324219,11.195972442626953
228,1,0,0.8,0.8,0.5,7.389923095703125,10.80176705121994,5.853953838348389,9.664323806762695
228,1,0,0.8,0.8,1.0,4.081474781036377,6.262856662273407,8.582435607910156,18.802288055419922
228,1,0,0.8,0.8,2.0,3.6096529960632324,5.291867613792419,8.976845741271973,24.40155601501465
228,1,0,1.0,0.2,0.5,6.0834879875183105,11.117840707302094,3.3735334873199463,4.840059280395508
228,1,0,1.0,0.2,1.0,5.640567779541016,8.566484332084656,4.80100154876709,8.141304969787598
228,1,0,1.0,0.2,2.0,0.8476479649543762,0.9650790691375732,5.3660454750061035,12.08197021484375
228,1,0,1.0,0.5,0.5,8.066729545593262,12.096459984779358,5.897975921630859,9.410416603088379
228,1,0,1.0,0.5,1.0,2.5830492973327637,4.052570164203644,7.176130771636963,15.220677375793457
228,1,0,1.0,0.5,2.0,0.8373811841011047,1.4307337999343872,8.290658950805664,20.425189971923828
228,1,0,1.0,0.8,0.5,9.823294639587402,13.668772518634796,8.678723335266113,15.79098129272461
228,1,0,1.0,0.8,1.0,8.760651588439941,13.251880288124084,15.235809326171875,32.860347747802734
228,1,0,1.0,0.8,2.0,4.774497985839844,7.556206583976746,14.128824234008789,38.45793914794922
228,1,0,1.2,0.2,0.5,6.498907566070557,14.247435212135315,5.010857105255127,7.510001182556152
228,1,0,1.2,0.2,1.0,3.6841042041778564,6.6302632093429565,8.528708457946777,15.00662612915039
228,1,0,1.2,0.2,2.0,0.5779749751091003,0.6234032511711121,7.182743072509766,16.725801467895508
228,1,0,1.2,0.5,0.5,7.957190036773682,11.616079211235046,9.620254516601562,16.485334396362305
228,1,0,1.2,0.5,1.0,5.253544807434082,8.19496089220047,10.421446800231934,21.674108505249023
228,1,0,1.2,0.5,2.0,1.651062250137329,2.4173561930656433,11.190201759338379,30.153831481933594
228,1,0,1.2,0.8,0.5,11.475156784057617,16.28301703929901,17.3346004486084,32.27103805541992
228,1,0,1.2,0.8,1.0,8.014713287353516,11.774048805236816,16.663990020751953,37.80725860595703
228,1,0,1.2,0.8,2.0,6.095768928527832,8.828316330909729,15.818674087524414,44.9207649230957
228,1,1,0.8,0.2,0.5,6.311999320983887,7.823426187038422,3.018117666244507,3.987391948699951
228,1,1,0.8,0.2,1.0,4.392215728759766,5.876946270465851,3.5680506229400635,6.101639747619629
228,1,1,0.8,0.2,2.0,0.9661684632301331,1.3966423869132996,4.057126998901367,8.511507987976074
228,1,1,0.8,0.5,0.5,8.418644905090332,12.347207605838776,3.665903091430664,5.343111991882324
228,1,1,0.8,0.5,1.0,2.742358446121216,4.395232617855072,5.067481517791748,9.391996383666992
228,1,1,0.8,0.5,2.0,1.0599040985107422,1.0915408730506897,6.103841781616211,15.075403213500977
228,1,1,0.8,0.8,0.5,6.189612865447998,9.469695448875427,3.874626874923706,5.664468288421631
228,1,1,0.8,0.8,1.0,4.632843971252441,5.599473059177399,6.852628707885742,14.554272651672363
228,1,1,0.8,0.8,2.0,3.5678911209106445,3.543919861316681,9.064273834228516,24.532052993774414
228,1,1,1.0,0.2,0.5,4.905511856079102,8.49240928888321,4.729352951049805,6.536830902099609
228,1,1,1.0,0.2,1.0,5.808055877685547,7.909416317939758,4.6218767166137695,8.293083190917969
228,1,1,1.0,0.2,2.0,0.6298810243606567,0.7560576796531677,5.0818095207214355,10.13904094696045
228,1,1,1.0,0.5,0.5,8.825336456298828,12.690195620059967,5.73396110534668,8.800589561462402
228,1,1,1.0,0.5,1.0,2.72611141204834,3.4193146228790283,6.542179584503174,14.091294288635254
228,1,1,1.0,0.5,2.0,0.9533023238182068,0.9592111110687256,8.16554069519043,22.035572052001953
228,1,1,1.0,0.8,0.5,7.642343521118164,12.146615147590637,7.637697219848633,13.867498397827148
228,1,1,1.0,0.8,1.0,7.298699855804443,11.045017898082733,12.68901538848877,28.970869064331055
228,1,1,1.0,0.8,2.0,4.969529151916504,8.185434699058533,13.988758087158203,38.55491638183594
228,1,1,1.2,0.2,0.5,7.560667037963867,9.369688272476196,6.715664386749268,10.071223258972168
228,1,1,1.2,0.2,1.0,3.756868362426758,5.881254553794861,7.479673862457275,13.778820991516113
228,1,1,1.2,0.2,2.0,0.17894595861434937,0.1769997477531433,6.534358978271484,15.986939430236816
228,1,1,1.2,0.5,0.5,8.830354690551758,13.030183374881744,7.896364212036133,13.157062530517578
228,1,1,1.2,0.5,1.0,5.798807144165039,8.759377658367157,12.697761535644531,26.441633224487305
228,1,1,1.2,0.5,2.0,3.7653098106384277,5.913090705871582,14.709046363830566,38.54865646362305
228,1,1,1.2,0.8,0.5,11.389692306518555,15.895556569099426,17.826358795166016,33.17194366455078
228,1,1,1.2,0.8,1.0,8.26755142211914,12.199620723724365,29.75211524963379,66.06272888183594
228,1,1,1.2,0.8,2.0,5.5164594650268555,8.367200314998627,19.826465606689453,53.58018112182617
228,1,2,0.8,0.2,0.5,7.229578495025635,8.779459953308105,3.3048207759857178,4.514307975769043
228,1,2,0.8,0.2,1.0,4.152731895446777,6.348426043987274,3.0052733421325684,5.10323429107666
228,1,2,0.8,0.2,2.0,1.0108444690704346,2.189735233783722,4.156280040740967,8.593918800354004
228,1,2,0.8,0.5,0.5,6.161517143249512,9.676421105861664,3.8429222106933594,5.657087802886963
228,1,2,0.8,0.5,1.0,2.3865110874176025,3.4550876021385193,4.973132610321045,9.318614959716797
228,1,2,0.8,0.5,2.0,1.4500081539154053,2.2093191146850586,6.541672229766846,16.443912506103516
228,1,2,0.8,0.8,0.5,6.439473628997803,9.133284866809845,5.545767307281494,9.163534164428711
228,1,2,0.8,0.8,1.0,3.685347557067871,4.921880483627319,7.170003890991211,15.022244453430176
228,1,2,0.8,0.8,2.0,2.8557910919189453,3.4448047280311584,8.394072532653809,22.645572662353516
228,1,2,1.0,0.2,0.5,7.997652053833008,9.86420452594757,4.010399341583252,5.50274658203125
228,1,2,1.0,0.2,1.0,4.979466438293457,9.122286558151245,4.530222415924072,7.969043254852295
228,1,2,1.0,0.2,2.0,1.5150976181030273,2.338955819606781,5.1950225830078125,11.518470764160156
228,1,2,1.0,0.5,0.5,8.284758567810059,12.901302695274353,5.362100124359131,8.342808723449707
228,1,2,1.0,0.5,1.0,3.698953866958618,5.505516707897186,4.9453558921813965,9.727401733398438
228,1,2,1.0,0.5,2.0,1.510185956954956,1.6682584881782532,8.126914978027344,20.777639389038086
228,1,2,1.0,0.8,0.5,9.02383804321289,13.413596987724304,6.927840232849121,11.791302680969238
228,1,2,1.0,0.8,1.0,6.56172513961792,9.163800120353699,11.397072792053223,25.98811149597168
228,1,2,1.0,0.8,2.0,4.407469272613525,6.498031973838806,11.460440635681152,30.279109954833984
228,1,2,1.2,0.2,0.5,7.5744781494140625,9.035205781459808,6.132367134094238,9.144309043884277
228,1,2,1.2,0.2,1.0,4.302961349487305,6.47163987159729,6.7372941970825195,12.396490097045898
228,1,2,1.2,0.2,2.0,0.4009852409362793,0.5119512677192688,6.24756383895874,13.61599063873291
228,1,2,1.2,0.5,0.5,7.275439262390137,10.705444514751434,16.335567474365234,28.692167282104492
228,1,2,1.2,0.5,1.0,5.5576982498168945,8.566700637340546,13.243721008300781,29.826568603515625
228,1,2,1.2,0.5,2.0,2.637068033218384,4.120409250259399,11.384282112121582,30.7718563079834
228,1,2,1.2,0.8,0.5,9.115314483642578,13.59342235326767,17.475831985473633,33.49016189575195
228,1,2,1.2,0.8,1.0,8.69474983215332,12.60608595609665,19.57776641845703,44.97384262084961
228,1,2,1.2,0.8,2.0,6.599764823913574,9.567437052726746,17.9580020904541,48.49602508544922
229,1,0,0.8,0.2,0.5,7.561107635498047,9.216542184352875,2.674147605895996,3.545351028442383
229,1,0,0.8,0.2,1.0,3.946051836013794,6.866097867488861,3.423121690750122,5.515675067901611
229,1,0,0.8,0.2,2.0,0.9146380424499512,1.8508983254432678,3.3331949710845947,6.608510971069336
229,1,0,0.8,0.5,0.5,6.889218807220459,9.92329078912735,3.3237526416778564,4.6587042808532715
229,1,0,0.8,0.5,1.0,3.3084237575531006,5.059133768081665,4.339168548583984,8.211610794067383
229,1,0,0.8,0.5,2.0,0.6107175946235657,0.7439569234848022,5.152965545654297,12.46435546875
229,1,0,0.8,0.8,0.5,6.810888767242432,9.789520978927612,4.434476852416992,7.018883228302002
229,1,0,0.8,0.8,1.0,5.4113945960998535,7.05008989572525,6.531349182128906,14.204736709594727
229,1,0,0.8,0.8,2.0,3.3200883865356445,4.207257330417633,7.659754753112793,20.102867126464844
229,1,0,1.0,0.2,0.5,7.780333042144775,9.864300072193146,3.8951077461242676,5.1326775550842285
229,1,0,1.0,0.2,1.0,4.02095890045166,6.573428392410278,4.251757621765137,7.3652729988098145
229,1,0,1.0,0.2,2.0,1.8060415983200073,3.4923002123832703,4.61013126373291,8.87584114074707
229,1,0,1.0,0.5,0.5,6.980497360229492,10.724659740924835,6.2199907302856445,9.661828994750977
229,1,0,1.0,0.5,1.0,2.813324451446533,3.813486099243164,6.37685489654541,13.631813049316406
229,1,0,1.0,0.5,2.0,1.5135879516601562,1.479964792728424,6.911428451538086,17.457401275634766
229,1,0,1.0,0.8,0.5,9.788612365722656,14.194590508937836,8.754855155944824,15.707832336425781
229,1,0,1.0,0.8,1.0,5.649554252624512,8.005105912685394,8.946745872497559,19.569475173950195
229,1,0,1.0,0.8,2.0,4.124934673309326,5.976958513259888,13.22397232055664,36.11776351928711
229,1,0,1.2,0.2,0.5,5.1132588386535645,10.967710435390472,5.231577396392822,8.174567222595215
229,1,0,1.2,0.2,1.0,3.0441651344299316,4.931559264659882,6.30233097076416,11.582693099975586
229,1,0,1.2,0.2,2.0,0.34352147579193115,0.3188372850418091,5.632674217224121,12.69894790649414
229,1,0,1.2,0.5,0.5,8.001169204711914,13.136419415473938,6.355424880981445,10.557168960571289
229,1,0,1.2,0.5,1.0,4.7533135414123535,7.078573107719421,10.262837409973145,23.40093421936035
229,1,0,1.2,0.5,2.0,1.337369680404663,1.6104650497436523,11.079380989074707,28.940397262573242
229,1,0,1.2,0.8,0.5,9.945945739746094,14.732678294181824,12.52912712097168,23.534353256225586
229,1,0,1.2,0.8,1.0,7.488851547241211,11.95376580953598,15.361772537231445,36.38288879394531
229,1,0,1.2,0.8,2.0,5.77387809753418,8.79821002483368,19.093355178833008,52.13623809814453
229,1,1,0.8,0.2,0.5,4.98182487487793,7.957024335861206,2.9355292320251465,3.9831314086914062
229,1,1,0.8,0.2,1.0,4.147972106933594,6.636855483055115,3.5221943855285645,5.821150779724121
229,1,1,0.8,0.2,2.0,0.9463311433792114,1.5591001510620117,3.6707162857055664,7.325250148773193
229,1,1,0.8,0.5,0.5,6.197434902191162,8.977307319641113,3.5670077800750732,5.057382583618164
229,1,1,0.8,0.5,1.0,2.832772970199585,4.334777772426605,4.0721001625061035,7.637473106384277
229,1,1,0.8,0.5,2.0,1.244727373123169,1.740470290184021,4.8208184242248535,11.176312446594238
229,1,1,0.8,0.8,0.5,7.079649448394775,10.193996250629425,4.774484634399414,7.424515724182129
229,1,1,0.8,0.8,1.0,4.594602108001709,6.2515997886657715,6.024656295776367,12.3137788772583
229,1,1,0.8,0.8,2.0,3.5314812660217285,4.842366814613342,7.499278545379639,20.09916114807129
229,1,1,1.0,0.2,0.5,6.1167707443237305,8.187369108200073,3.9585704803466797,5.3463239669799805
229,1,1,1.0,0.2,1.0,4.506023406982422,7.529169082641602,4.439722061157227,7.822608470916748
229,1,1,1.0,0.2,2.0,0.8015159964561462,0.9472019672393799,4.702568054199219,9.641489028930664
229,1,1,1.0,0.5,0.5,8.13964557647705,12.14348042011261,4.661929607391357,6.842709064483643
229,1,1,1.0,0.5,1.0,3.2812814712524414,3.7760555744171143,6.552887439727783,13.0508394241333
229,1,1,1.0,0.5,2.0,0.122947096824646,0.08151018619537354,6.750380992889404,15.544501304626465
229,1,1,1.0,0.8,0.5,6.48298454284668,8.864985704421997,7.005259037017822,11.88015079498291
229,1,1,1.0,0.8,1.0,5.904504776000977,8.272313952445984,9.8472318649292,21.2111873626709
229,1,1,1.0,0.8,2.0,3.3714137077331543,5.109311401844025,11.118406295776367,31.791400909423828
229,1,1,1.2,0.2,0.5,6.406500816345215,9.339744687080383,6.287656307220459,8.840396881103516
229,1,1,1.2,0.2,1.0,4.105462074279785,5.899551272392273,6.442793846130371,12.025609016418457
229,1,1,1.2,0.2,2.0,0.6961548924446106,1.0176052451133728,5.792210578918457,12.480655670166016
229,1,1,1.2,0.5,0.5,8.39126968383789,13.016426384449005,7.378542900085449,12.308829307556152
229,1,1,1.2,0.5,1.0,2.887878656387329,4.079880058765411,9.498061180114746,19.883346557617188
229,1,1,1.2,0.5,2.0,1.8173434734344482,1.901671588420868,10.95379638671875,29.677974700927734
229,1,1,1.2,0.8,0.5,7.001697540283203,10.796013295650482,10.172571182250977,17.413896560668945
229,1,1,1.2,0.8,1.0,7.760869979858398,12.140117406845093,15.174684524536133,34.73666763305664
229,1,1,1.2,0.8,2.0,5.260610103607178,8.31564086675644,17.452510833740234,49.9141960144043
229,1,2,0.8,0.2,0.5,4.186567306518555,7.217253625392914,2.7331228256225586,3.867730140686035
229,1,2,0.8,0.2,1.0,3.3001651763916016,6.083346247673035,3.314873218536377,5.352177143096924
229,1,2,0.8,0.2,2.0,1.0528312921524048,1.2452069520950317,3.8932347297668457,7.8288350105285645
229,1,2,0.8,0.5,0.5,6.439036846160889,10.408402740955353,3.9175033569335938,5.959472179412842
229,1,2,0.8,0.5,1.0,3.2410216331481934,4.182177484035492,4.698006629943848,9.229406356811523
229,1,2,0.8,0.5,2.0,0.4168623685836792,0.46028560400009155,4.909124851226807,11.607260704040527
229,1,2,0.8,0.8,0.5,4.764206886291504,7.386851012706757,4.612794876098633,7.431792736053467
229,1,2,0.8,0.8,1.0,4.4111809730529785,6.283568322658539,6.778632640838623,14.357433319091797
229,1,2,0.8,0.8,2.0,1.9880082607269287,3.2805135846138,7.505936145782471,19.53003692626953
229,1,2,1.0,0.2,0.5,5.794869422912598,9.428715944290161,3.646230459213257,5.053684234619141
229,1,2,1.0,0.2,1.0,5.52200174331665,7.2369067668914795,4.197263717651367,7.299925804138184
229,1,2,1.0,0.2,2.0,0.44221651554107666,0.7260469794273376,5.679330348968506,11.773277282714844
229,1,2,1.0,0.5,0.5,6.489530563354492,9.34748649597168,4.5397162437438965,7.021247386932373
229,1,2,1.0,0.5,1.0,2.4524412155151367,4.0817007422447205,6.273488998413086,12.665950775146484
229,1,2,1.0,0.5,2.0,0.9272894859313965,1.5205581784248352,7.686257362365723,19.94998550415039
229,1,2,1.0,0.8,0.5,7.249788761138916,9.83262151479721,7.239542484283447,12.657482147216797
229,1,2,1.0,0.8,1.0,3.926525354385376,5.214702069759369,7.722081184387207,16.3843936920166
229,1,2,1.0,0.8,2.0,3.5275230407714844,4.727219820022583,10.54032039642334,28.05244255065918
229,1,2,1.2,0.2,0.5,6.072627067565918,10.253971517086029,5.528210639953613,7.632761478424072
229,1,2,1.2,0.2,1.0,4.400790214538574,6.086897075176239,4.9232659339904785,9.2833890914917
229,1,2,1.2,0.2,2.0,0.3570946455001831,0.770062267780304,5.570492267608643,12.790842056274414
229,1,2,1.2,0.5,0.5,7.479590892791748,12.08437830209732,5.889444351196289,9.696155548095703
229,1,2,1.2,0.5,1.0,2.8817954063415527,4.5594372153282166,8.737730026245117,17.579450607299805
229,1,2,1.2,0.5,2.0,1.572507381439209,1.9492777585983276,9.58625602722168,25.45205307006836
229,1,2,1.2,0.8,0.5,10.794232368469238,15.80041241645813,12.931061744689941,23.187101364135742
229,1,2,1.2,0.8,1.0,7.325709819793701,11.13021993637085,15.515454292297363,37.52935028076172
229,1,2,1.2,0.8,2.0,5.5692572593688965,8.502257943153381,17.915143966674805,50.831871032714844
230,1,0,0.8,0.2,0.5,5.63248348236084,8.635998666286469,3.3036530017852783,4.792115688323975
230,1,0,0.8,0.2,1.0,4.335552215576172,6.899171948432922,3.555039644241333,5.904800891876221
230,1,0,0.8,0.2,2.0,0.6886084675788879,1.2324032187461853,4.361154556274414,9.533935546875
230,1,0,0.8,0.5,0.5,6.554012775421143,10.1410031914711,4.022098064422607,6.08500337600708
230,1,0,0.8,0.5,1.0,0.8372255563735962,1.0620226860046387,5.446175575256348,10.548221588134766
230,1,0,0.8,0.5,2.0,1.9758038520812988,2.4295332431793213,5.395111083984375,13.175640106201172
230,1,0,0.8,0.8,0.5,7.4058837890625,11.139032423496246,5.93371057510376,10.079174041748047
230,1,0,0.8,0.8,1.0,3.265562057495117,4.949137210845947,7.7018938064575195,16.74656867980957
230,1,0,0.8,0.8,2.0,2.4726901054382324,3.8787893652915955,9.515897750854492,25.048870086669922
230,1,0,1.0,0.2,0.5,8.521895408630371,11.284768164157867,5.0625319480896,7.15956449508667
230,1,0,1.0,0.2,1.0,5.068774700164795,7.0765456557273865,4.883505821228027,8.1398344039917
230,1,0,1.0,0.2,2.0,0.7580705285072327,1.3293063044548035,5.911930561065674,14.259649276733398
230,1,0,1.0,0.5,0.5,8.97625732421875,13.728899776935577,5.762199401855469,9.558192253112793
230,1,0,1.0,0.5,1.0,2.748061418533325,3.741289973258972,7.620812892913818,16.324018478393555
230,1,0,1.0,0.5,2.0,1.277608871459961,1.353617250919342,8.554746627807617,20.507553100585938
230,1,0,1.0,0.8,0.5,10.30533218383789,15.306021213531494,10.223694801330566,18.6505184173584
230,1,0,1.0,0.8,1.0,7.647233963012695,11.91406762599945,14.476351737976074,33.49799346923828
230,1,0,1.0,0.8,2.0,1.8608155250549316,3.5607848167419434,11.452252388000488,31.22203826904297
230,1,0,1.2,0.2,0.5,8.006858825683594,10.538495540618896,5.35897970199585,7.4504899978637695
230,1,0,1.2,0.2,1.0,4.135335922241211,5.874050438404083,6.3272809982299805,11.61873722076416
230,1,0,1.2,0.2,2.0,0.9787339568138123,1.5353037118911743,7.772623062133789,17.38982582092285
230,1,0,1.2,0.5,0.5,8.202957153320312,14.69372147321701,10.581182479858398,18.057212829589844
230,1,0,1.2,0.5,1.0,4.671307563781738,6.3783756494522095,9.927042007446289,20.701881408691406
230,1,0,1.2,0.5,2.0,1.418245792388916,2.0440697073936462,10.106529235839844,25.4085750579834
230,1,0,1.2,0.8,0.5,10.971343040466309,15.713855743408203,16.14218521118164,29.158132553100586
230,1,0,1.2,0.8,1.0,9.065206527709961,13.55248737335205,15.7927885055542,36.0290412902832
230,1,0,1.2,0.8,2.0,6.031086444854736,9.288618922233582,17.15733528137207,47.60300827026367
230,1,1,0.8,0.2,0.5,6.763440132141113,9.557305991649628,2.7661848068237305,3.7349002361297607
230,1,1,0.8,0.2,1.0,4.217334270477295,7.088479399681091,4.112151145935059,7.030600547790527
230,1,1,0.8,0.2,2.0,0.993815004825592,1.8776444792747498,4.555583953857422,9.478606224060059
230,1,1,0.8,0.5,0.5,7.099757671356201,11.236161291599274,3.5194907188415527,4.956453323364258
230,1,1,0.8,0.5,1.0,2.8335587978363037,3.8839223384857178,5.635939598083496,11.240113258361816
230,1,1,0.8,0.5,2.0,2.3348891735076904,2.9945085048675537,6.999783992767334,17.73598861694336
230,1,1,0.8,0.8,0.5,7.609951019287109,10.916596531867981,7.412909030914307,12.74317455291748
230,1,1,0.8,0.8,1.0,3.889362096786499,4.82341605424881,7.15107536315918,15.314777374267578
230,1,1,0.8,0.8,2.0,2.1276535987854004,2.7420653104782104,7.960315704345703,21.06987762451172
230,1,1,1.0,0.2,0.5,7.769790172576904,9.962095618247986,3.8150789737701416,5.47034215927124
230,1,1,1.0,0.2,1.0,4.5168070793151855,7.2765703201293945,5.161168098449707,9.223289489746094
230,1,1,1.0,0.2,2.0,0.3686864972114563,0.5601920485496521,5.902248859405518,14.273720741271973
230,1,1,1.0,0.5,0.5,7.667870044708252,11.503172755241394,5.953271389007568,9.340535163879395
230,1,1,1.0,0.5,1.0,3.4243621826171875,5.147304534912109,6.193694591522217,12.563072204589844
230,1,1,1.0,0.5,2.0,2.6969754695892334,3.440066158771515,8.539938926696777,21.931961059570312
230,1,1,1.0,0.8,0.5,8.297260284423828,12.25517624616623,8.354305267333984,14.774045944213867
230,1,1,1.0,0.8,1.0,6.16094970703125,9.671744883060455,10.674725532531738,24.3715877532959
230,1,1,1.0,0.8,2.0,5.972363471984863,9.07297170162201,15.0232572555542,39.66532897949219
230,1,1,1.2,0.2,0.5,4.748729705810547,8.27873283624649,8.681384086608887,13.551152229309082
230,1,1,1.2,0.2,1.0,3.5532736778259277,6.366654932498932,7.039956569671631,12.457696914672852
230,1,1,1.2,0.2,2.0,0.7014910578727722,1.0883730053901672,6.546464920043945,14.06755542755127
230,1,1,1.2,0.5,0.5,7.50584602355957,12.768170416355133,8.543004035949707,14.368216514587402
230,1,1,1.2,0.5,1.0,5.137208938598633,7.695032596588135,11.943340301513672,24.9556941986084
230,1,1,1.2,0.5,2.0,2.747161388397217,4.429315149784088,13.660765647888184,35.82435607910156
230,1,1,1.2,0.8,0.5,10.54591178894043,15.406825363636017,20.731916427612305,38.06053161621094
230,1,1,1.2,0.8,1.0,8.003852844238281,12.093819260597229,18.819751739501953,42.09746170043945
230,1,1,1.2,0.8,2.0,6.147522926330566,8.877790451049805,29.07164764404297,76.46790313720703
230,1,2,0.8,0.2,0.5,5.28550386428833,9.259142935276031,2.9787912368774414,3.9593288898468018
230,1,2,0.8,0.2,1.0,3.9879696369171143,5.620915055274963,3.8337409496307373,6.833521842956543
230,1,2,0.8,0.2,2.0,1.039991855621338,1.827932059764862,4.366462707519531,9.620146751403809
230,1,2,0.8,0.5,0.5,5.607661724090576,9.233979284763336,3.9395017623901367,6.176660537719727
230,1,2,0.8,0.5,1.0,3.6083123683929443,5.360652506351471,5.077319622039795,9.879842758178711
230,1,2,0.8,0.5,2.0,0.32183927297592163,0.8235141038894653,5.328274726867676,12.48387622833252
230,1,2,0.8,0.8,0.5,8.128350257873535,10.343559324741364,5.8154072761535645,9.69548225402832
230,1,2,0.8,0.8,1.0,4.398736000061035,7.445388913154602,6.799332141876221,14.23584270477295
230,1,2,0.8,0.8,2.0,3.334357976913452,4.182630717754364,9.587318420410156,26.07077980041504
230,1,2,1.0,0.2,0.5,6.575782775878906,8.93811708688736,3.98368501663208,5.526878356933594
230,1,2,1.0,0.2,1.0,4.588978290557861,7.19591760635376,5.394299507141113,8.999236106872559
230,1,2,1.0,0.2,2.0,0.4713066816329956,0.8728072643280029,4.6946892738342285,10.212165832519531
230,1,2,1.0,0.5,0.5,8.78491497039795,12.873116195201874,7.451534748077393,12.365518569946289
230,1,2,1.0,0.5,1.0,2.375629425048828,3.111968457698822,7.963631629943848,16.42587661743164
230,1,2,1.0,0.5,2.0,0.8284895420074463,0.8051176071166992,8.97989273071289,23.164485931396484
230,1,2,1.0,0.8,0.5,10.99809455871582,15.478504180908203,10.593561172485352,17.957300186157227
230,1,2,1.0,0.8,1.0,6.252287864685059,9.273613035678864,11.959904670715332,27.587902069091797
230,1,2,1.0,0.8,2.0,5.999293327331543,9.45344763994217,15.130062103271484,41.29619598388672
230,1,2,1.2,0.2,0.5,6.610859394073486,8.426548779010773,5.27352237701416,7.85453987121582
230,1,2,1.2,0.2,1.0,5.524895191192627,8.389667451381683,5.3124284744262695,9.897371292114258
230,1,2,1.2,0.2,2.0,1.3411571979522705,1.7125213742256165,7.237396717071533,16.88442611694336
230,1,2,1.2,0.5,0.5,9.281394958496094,14.096723914146423,8.633828163146973,14.562214851379395
230,1,2,1.2,0.5,1.0,5.107633590698242,7.212538659572601,9.966429710388184,20.506887435913086
230,1,2,1.2,0.5,2.0,1.5952132940292358,2.30141282081604,9.972926139831543,26.77269172668457
230,1,2,1.2,0.8,0.5,11.21512222290039,15.705026924610138,18.05830955505371,33.894378662109375
230,1,2,1.2,0.8,1.0,7.623908996582031,11.755106270313263,20.99712371826172,47.661582946777344
230,1,2,1.2,0.8,2.0,5.897039413452148,8.560449719429016,21.556076049804688,57.97309112548828
231,1,0,0.8,0.2,0.5,5.775147438049316,9.047983705997467,2.9513051509857178,4.120257377624512
231,1,0,0.8,0.2,1.0,5.130542278289795,7.976454198360443,3.047792911529541,5.12155818939209
231,1,0,0.8,0.2,2.0,0.834375262260437,1.996081292629242,3.618802547454834,7.6242876052856445
231,1,0,0.8,0.5,0.5,6.261267185211182,9.247487306594849,3.246380090713501,4.76549768447876
231,1,0,0.8,0.5,1.0,3.5808730125427246,5.340339243412018,3.94124698638916,7.259437084197998
231,1,0,0.8,0.5,2.0,1.140822410583496,1.8089052438735962,5.093695640563965,12.022382736206055
231,1,0,0.8,0.8,0.5,5.922464370727539,8.650471091270447,4.175582408905029,6.3274827003479
231,1,0,0.8,0.8,1.0,4.154014587402344,6.0575671792030334,7.042886734008789,14.968697547912598
231,1,0,0.8,0.8,2.0,3.033958911895752,3.956462800502777,7.5267181396484375,20.606515884399414
231,1,0,1.0,0.2,0.5,5.979216575622559,8.26156884431839,3.7469193935394287,5.314030170440674
231,1,0,1.0,0.2,1.0,4.794300079345703,7.35583370923996,4.905168533325195,7.970661640167236
231,1,0,1.0,0.2,2.0,0.7979098558425903,1.1820343136787415,5.039043426513672,10.537174224853516
231,1,0,1.0,0.5,0.5,7.831233024597168,10.440211713314056,4.659346103668213,7.195335865020752
231,1,0,1.0,0.5,1.0,3.4233314990997314,4.9967973828315735,6.372289180755615,12.381514549255371
231,1,0,1.0,0.5,2.0,0.021918118000030518,0.30638086795806885,7.944998741149902,19.573118209838867
231,1,0,1.0,0.8,0.5,9.148869514465332,14.110837399959564,8.657374382019043,15.755887031555176
231,1,0,1.0,0.8,1.0,3.917874574661255,6.265521943569183,8.87866497039795,19.160818099975586
231,1,0,1.0,0.8,2.0,2.107689380645752,3.002784252166748,7.81468391418457,19.88565444946289
231,1,0,1.2,0.2,0.5,7.336851119995117,10.700491607189178,4.77768611907959,7.211674690246582
231,1,0,1.2,0.2,1.0,5.273321151733398,7.7273367047309875,6.131036758422852,10.818032264709473
231,1,0,1.2,0.2,2.0,1.2119460105895996,1.4547337889671326,5.581781387329102,12.231219291687012
231,1,0,1.2,0.5,0.5,8.9448823928833,13.165130853652954,6.880722999572754,11.071815490722656
231,1,0,1.2,0.5,1.0,3.887583017349243,5.437973439693451,9.452743530273438,20.506921768188477
231,1,0,1.2,0.5,2.0,1.4589109420776367,0.862479031085968,10.14503288269043,27.002490997314453
231,1,0,1.2,0.8,0.5,11.987228393554688,17.265169501304626,12.969833374023438,23.2708740234375
231,1,0,1.2,0.8,1.0,8.052547454833984,12.321243405342102,19.3588924407959,43.98814010620117
231,1,0,1.2,0.8,2.0,6.302599906921387,9.61695420742035,16.50094223022461,43.81801223754883
231,1,1,0.8,0.2,0.5,6.653866767883301,9.059535920619965,2.8554792404174805,3.952484607696533
231,1,1,0.8,0.2,1.0,4.531922817230225,7.591957867145538,3.462001323699951,5.799319744110107
231,1,1,0.8,0.2,2.0,1.9647337198257446,3.1017117500305176,3.597503423690796,6.738006114959717
231,1,1,0.8,0.5,0.5,6.355698108673096,9.514602422714233,3.926438808441162,5.871313095092773
231,1,1,0.8,0.5,1.0,3.344081163406372,3.7247204780578613,4.530553340911865,8.672027587890625
231,1,1,0.8,0.5,2.0,1.780661702156067,2.2029799222946167,5.337602615356445,12.771661758422852
231,1,1,0.8,0.8,0.5,6.676194190979004,8.277585744857788,4.3681416511535645,6.8983564376831055
231,1,1,0.8,0.8,1.0,3.842135190963745,5.175668716430664,4.962157249450684,9.443755149841309
231,1,1,0.8,0.8,2.0,3.671170711517334,5.201821982860565,8.243228912353516,21.545455932617188
231,1,1,1.0,0.2,0.5,6.427453994750977,8.788369536399841,3.9794254302978516,5.542635917663574
231,1,1,1.0,0.2,1.0,5.940369129180908,8.380200684070587,4.54944372177124,8.036360740661621
231,1,1,1.0,0.2,2.0,1.1959319114685059,1.6047667264938354,4.849347114562988,10.454760551452637
231,1,1,1.0,0.5,0.5,8.577093124389648,12.472423434257507,5.393533706665039,8.432886123657227
231,1,1,1.0,0.5,1.0,3.1468617916107178,4.72419673204422,6.568650245666504,13.149667739868164
231,1,1,1.0,0.5,2.0,1.0854318141937256,1.4532301425933838,7.118016719818115,18.882566452026367
231,1,1,1.0,0.8,0.5,8.663070678710938,13.051484882831573,7.5037102699279785,13.376656532287598
231,1,1,1.0,0.8,1.0,4.133472919464111,6.384558022022247,9.954252243041992,22.71563720703125
231,1,1,1.0,0.8,2.0,3.8595030307769775,5.826139867305756,10.237761497497559,28.475664138793945
231,1,1,1.2,0.2,0.5,8.177881240844727,9.467663764953613,5.454802989959717,8.150089263916016
231,1,1,1.2,0.2,1.0,4.020505905151367,5.973371744155884,5.773430824279785,10.806648254394531
231,1,1,1.2,0.2,2.0,0.48172491788864136,0.8134036660194397,5.692049026489258,12.458703994750977
231,1,1,1.2,0.5,0.5,8.171100616455078,13.334451377391815,6.97163200378418,11.381524085998535
231,1,1,1.2,0.5,1.0,6.610133171081543,9.34170949459076,10.414973258972168,22.421607971191406
231,1,1,1.2,0.5,2.0,2.645677089691162,2.7597801089286804,9.98829174041748,26.67778205871582
231,1,1,1.2,0.8,0.5,11.773249626159668,16.982182681560516,13.17945384979248,24.30311393737793
231,1,1,1.2,0.8,1.0,8.255117416381836,12.585819721221924,17.64173126220703,40.90610885620117
231,1,1,1.2,0.8,2.0,5.8098673820495605,8.96433401107788,18.156009674072266,48.85041809082031
231,1,2,0.8,0.2,0.5,5.544800281524658,8.474284648895264,3.3601958751678467,4.601063251495361
231,1,2,0.8,0.2,1.0,4.342380046844482,6.548686504364014,3.322222948074341,5.838077068328857
231,1,2,0.8,0.2,2.0,2.3528409004211426,3.061698615550995,4.059502601623535,8.702980041503906
231,1,2,0.8,0.5,0.5,6.87984561920166,10.40007221698761,3.626492500305176,5.174515724182129
231,1,2,0.8,0.5,1.0,3.16355037689209,4.151394724845886,4.669452667236328,8.95430850982666
231,1,2,0.8,0.5,2.0,1.254504919052124,1.432526409626007,5.546600341796875,13.97293758392334
231,1,2,0.8,0.8,0.5,5.941066741943359,9.25014591217041,5.134793281555176,8.210721969604492
231,1,2,0.8,0.8,1.0,4.723186016082764,6.239807724952698,5.8984222412109375,12.089612007141113
231,1,2,0.8,0.8,2.0,2.7624893188476562,4.31403374671936,7.080521106719971,18.476959228515625
231,1,2,1.0,0.2,0.5,6.719779014587402,9.277476251125336,3.5230226516723633,4.711179733276367
231,1,2,1.0,0.2,1.0,2.9699230194091797,5.991989195346832,4.449929714202881,7.723662376403809
231,1,2,1.0,0.2,2.0,1.3463609218597412,2.2850716710090637,4.962823867797852,9.644156455993652
231,1,2,1.0,0.5,0.5,8.39892578125,11.650422096252441,5.336324691772461,8.188347816467285
231,1,2,1.0,0.5,1.0,1.7567813396453857,4.003426253795624,6.4320387840271,13.173104286193848
231,1,2,1.0,0.5,2.0,1.154350996017456,2.1145779490470886,7.658054828643799,18.472227096557617
231,1,2,1.0,0.8,0.5,10.201576232910156,15.288064181804657,7.515992641448975,12.669474601745605
231,1,2,1.0,0.8,1.0,6.355445861816406,10.122862994670868,10.714054107666016,24.351957321166992
231,1,2,1.0,0.8,2.0,3.1904802322387695,4.766959011554718,11.08709716796875,29.90334701538086
231,1,2,1.2,0.2,0.5,5.223306655883789,8.513862252235413,5.070745468139648,7.291774749755859
231,1,2,1.2,0.2,1.0,5.809029579162598,8.37163758277893,5.553986549377441,9.728635787963867
231,1,2,1.2,0.2,2.0,0.972745418548584,1.1172149777412415,5.621870040893555,12.512750625610352
231,1,2,1.2,0.5,0.5,7.576922416687012,11.844921827316284,8.966116905212402,15.445060729980469
231,1,2,1.2,0.5,1.0,4.132830619812012,6.805840075016022,9.263583183288574,19.073854446411133
231,1,2,1.2,0.5,2.0,0.4126073718070984,1.3549278378486633,10.084209442138672,27.727678298950195
231,1,2,1.2,0.8,0.5,12.273642539978027,17.386569917201996,12.057039260864258,21.690492630004883
231,1,2,1.2,0.8,1.0,8.221319198608398,12.303900182247162,17.20479965209961,37.41637420654297
231,1,2,1.2,0.8,2.0,5.4596967697143555,8.456525564193726,15.859317779541016,45.3782958984375
232,1,0,0.8,0.2,0.5,6.391362190246582,8.732482373714447,2.5339195728302,3.3862600326538086
232,1,0,0.8,0.2,1.0,4.365725517272949,7.071061491966248,2.9007511138916016,4.458481788635254
232,1,0,0.8,0.2,2.0,1.7479877471923828,2.601338803768158,3.691208600997925,7.173146724700928
232,1,0,0.8,0.5,0.5,4.575827121734619,6.241189777851105,3.2971901893615723,4.8690900802612305
232,1,0,0.8,0.5,1.0,3.015958786010742,4.175490140914917,3.7299578189849854,6.685256004333496
232,1,0,0.8,0.5,2.0,1.458928108215332,1.5145205855369568,5.356791973114014,12.261040687561035
232,1,0,0.8,0.8,0.5,7.116496562957764,10.197682440280914,4.979992389678955,7.650970458984375
232,1,0,0.8,0.8,1.0,4.0161356925964355,6.629693508148193,4.866445541381836,8.971222877502441
232,1,0,0.8,0.8,2.0,2.3077831268310547,2.8649891018867493,5.5146942138671875,13.554476737976074
232,1,0,1.0,0.2,0.5,5.7339911460876465,8.254566073417664,3.295022487640381,4.539608955383301
232,1,0,1.0,0.2,1.0,5.0454888343811035,7.534565210342407,3.6151435375213623,6.0963592529296875
232,1,0,1.0,0.2,2.0,1.0680876970291138,1.8119317293167114,3.4304192066192627,6.794233798980713
232,1,0,1.0,0.5,0.5,6.960173606872559,10.40740579366684,3.7457706928253174,5.417964935302734
232,1,0,1.0,0.5,1.0,2.8086307048797607,4.935615539550781,5.162463188171387,10.040645599365234
232,1,0,1.0,0.5,2.0,0.775123119354248,1.0236783027648926,8.438213348388672,22.270063400268555
232,1,0,1.0,0.8,0.5,7.483591079711914,10.224366843700409,5.6350226402282715,9.08271312713623
232,1,0,1.0,0.8,1.0,3.845961570739746,4.712824523448944,7.910642147064209,17.056900024414062
232,1,0,1.0,0.8,2.0,2.876073122024536,3.2292486429214478,8.339120864868164,22.345630645751953
232,1,0,1.2,0.2,0.5,5.380993366241455,8.41044420003891,4.285755634307861,5.901211261749268
232,1,0,1.2,0.2,1.0,3.149357795715332,6.112020432949066,5.061561107635498,9.308650016784668
232,1,0,1.2,0.2,2.0,0.8475754857063293,1.4207022786140442,5.340734481811523,11.560644149780273
232,1,0,1.2,0.5,0.5,7.824348449707031,11.413113176822662,4.575160980224609,7.044474124908447
232,1,0,1.2,0.5,1.0,4.211369514465332,5.832769751548767,7.327835559844971,14.81973934173584
232,1,0,1.2,0.5,2.0,1.033573865890503,1.333294689655304,7.52621603012085,19.558324813842773
232,1,0,1.2,0.8,0.5,9.565567970275879,14.740795850753784,10.975598335266113,20.654592514038086
232,1,0,1.2,0.8,1.0,6.783346652984619,10.34770154953003,12.758767127990723,28.316617965698242
232,1,0,1.2,0.8,2.0,5.753680229187012,8.669686913490295,14.401800155639648,39.494625091552734
232,1,1,0.8,0.2,0.5,5.163638591766357,7.55365777015686,2.9277567863464355,3.8677024841308594
232,1,1,0.8,0.2,1.0,4.354631423950195,6.329143464565277,2.6667025089263916,4.336832046508789
232,1,1,0.8,0.2,2.0,1.7397581338882446,2.4283265471458435,3.3233416080474854,6.40615177154541
232,1,1,0.8,0.5,0.5,5.1242594718933105,8.6318798661232,3.223130226135254,4.6525139808654785
232,1,1,0.8,0.5,1.0,3.3939714431762695,5.612765610218048,3.6534180641174316,6.6270880699157715
232,1,1,0.8,0.5,2.0,1.6083769798278809,2.2813369035720825,5.0786590576171875,11.829594612121582
232,1,1,0.8,0.8,0.5,5.6085615158081055,8.294541478157043,4.112189292907715,6.330702304840088
232,1,1,0.8,0.8,1.0,3.948573350906372,4.1303412318229675,5.135224342346191,10.209948539733887
232,1,1,0.8,0.8,2.0,2.8603930473327637,4.341124057769775,5.9452805519104,14.714704513549805
232,1,1,1.0,0.2,0.5,5.878942966461182,9.047327637672424,3.050015449523926,4.195095062255859
232,1,1,1.0,0.2,1.0,5.295864105224609,8.685769736766815,4.0772809982299805,7.070712089538574
232,1,1,1.0,0.2,2.0,1.8189470767974854,2.8670321702957153,3.7075393199920654,7.145983695983887
232,1,1,1.0,0.5,0.5,6.947955131530762,11.272466003894806,5.02344274520874,7.387808322906494
232,1,1,1.0,0.5,1.0,1.8381506204605103,2.789753258228302,7.071844577789307,14.260202407836914
232,1,1,1.0,0.5,2.0,1.4953160285949707,1.7776145339012146,5.549062252044678,12.876297950744629
232,1,1,1.0,0.8,0.5,6.434231281280518,9.639025688171387,6.083911895751953,10.462738990783691
232,1,1,1.0,0.8,1.0,3.789813280105591,6.140899837017059,6.783475875854492,14.634563446044922
232,1,1,1.0,0.8,2.0,3.2263996601104736,3.577034056186676,8.075727462768555,20.409156799316406
232,1,1,1.2,0.2,0.5,4.135552883148193,6.957189381122589,6.704894065856934,9.319465637207031
232,1,1,1.2,0.2,1.0,3.825059175491333,6.634371638298035,5.273258686065674,8.52143383026123
232,1,1,1.2,0.2,2.0,1.3211191892623901,1.9433847665786743,4.833813190460205,10.666279792785645
232,1,1,1.2,0.5,0.5,8.353018760681152,12.350968301296234,5.992605686187744,9.414216041564941
232,1,1,1.2,0.5,1.0,2.7621028423309326,3.8866180181503296,7.478832244873047,15.815423965454102
232,1,1,1.2,0.5,2.0,0.35820358991622925,0.3574914336204529,9.186086654663086,22.692005157470703
232,1,1,1.2,0.8,0.5,8.16318416595459,9.375884473323822,6.914865493774414,11.37830924987793
232,1,1,1.2,0.8,1.0,5.674437522888184,8.846538484096527,11.966772079467773,27.368663787841797
232,1,1,1.2,0.8,2.0,3.1077888011932373,5.616471469402313,12.742521286010742,34.12675094604492
232,1,2,0.8,0.2,0.5,3.3827972412109375,6.282028257846832,2.4874377250671387,3.301785707473755
232,1,2,0.8,0.2,1.0,5.394257068634033,7.723617792129517,3.0102853775024414,5.164240837097168
232,1,2,0.8,0.2,2.0,1.34798264503479,2.2407934069633484,3.2676236629486084,6.559110641479492
232,1,2,0.8,0.5,0.5,6.026408672332764,9.203736782073975,3.0845277309417725,4.417468547821045
232,1,2,0.8,0.5,1.0,3.3586812019348145,4.768541157245636,3.6699912548065186,6.787973880767822
232,1,2,0.8,0.5,2.0,1.5306205749511719,2.3360965847969055,4.820618629455566,11.585747718811035
232,1,2,0.8,0.8,0.5,6.767359256744385,10.222744524478912,4.076517105102539,5.93195915222168
232,1,2,0.8,0.8,1.0,4.790692329406738,7.519598960876465,5.067724704742432,9.952208518981934
232,1,2,0.8,0.8,2.0,3.2225351333618164,4.602097928524017,6.4634785652160645,16.16030502319336
232,1,2,1.0,0.2,0.5,6.587011814117432,8.63638323545456,3.0633912086486816,4.237231254577637
232,1,2,1.0,0.2,1.0,4.381717205047607,7.291071772575378,3.6325035095214844,6.182389736175537
232,1,2,1.0,0.2,2.0,1.519629955291748,2.061814248561859,4.346012592315674,9.533464431762695
232,1,2,1.0,0.5,0.5,6.8894805908203125,9.713195502758026,3.6231837272644043,5.282879829406738
232,1,2,1.0,0.5,1.0,2.280503273010254,3.346272110939026,5.321455955505371,10.680726051330566
232,1,2,1.0,0.5,2.0,1.6248345375061035,1.6841991543769836,5.983647346496582,14.469377517700195
232,1,2,1.0,0.8,0.5,6.628490447998047,10.546196162700653,6.065113544464111,10.149377822875977
232,1,2,1.0,0.8,1.0,3.7131705284118652,5.753283679485321,8.65150260925293,19.223108291625977
232,1,2,1.0,0.8,2.0,3.6351332664489746,4.5774882435798645,8.971324920654297,23.3903751373291
232,1,2,1.2,0.2,0.5,4.574534893035889,7.144968092441559,3.862569570541382,5.648819446563721
232,1,2,1.2,0.2,1.0,3.9905643463134766,6.461376786231995,4.902316570281982,8.611315727233887
232,1,2,1.2,0.2,2.0,1.5953983068466187,2.2429824471473694,5.440911293029785,11.802485466003418
232,1,2,1.2,0.5,0.5,8.095345497131348,12.158934593200684,4.8182525634765625,7.405812740325928
232,1,2,1.2,0.5,1.0,2.754373788833618,3.2272932529449463,6.76663875579834,13.277170181274414
232,1,2,1.2,0.5,2.0,1.365727186203003,2.3834133744239807,11.69020938873291,31.253190994262695
232,1,2,1.2,0.8,0.5,10.939939498901367,19.37791907787323,10.246053695678711,17.864320755004883
232,1,2,1.2,0.8,1.0,6.233815670013428,9.921754240989685,10.433255195617676,22.792938232421875
232,1,2,1.2,0.8,2.0,3.8057360649108887,5.1289748549461365,11.331876754760742,30.854150772094727
233,1,0,0.8,0.2,0.5,4.31391716003418,7.849854350090027,2.7020816802978516,3.6216554641723633
233,1,0,0.8,0.2,1.0,4.812615871429443,7.521560251712799,3.6229145526885986,5.983044624328613
233,1,0,0.8,0.2,2.0,1.4041531085968018,1.8481789231300354,3.4404664039611816,6.8281636238098145
233,1,0,0.8,0.5,0.5,6.690016269683838,10.363656282424927,3.682992458343506,5.390668869018555
233,1,0,0.8,0.5,1.0,2.4005370140075684,2.6954988837242126,4.574826240539551,8.458907127380371
233,1,0,0.8,0.5,2.0,1.7973628044128418,1.9194713234901428,5.52434778213501,12.864229202270508
233,1,0,0.8,0.8,0.5,6.508325576782227,9.924319684505463,5.134748458862305,8.405779838562012
233,1,0,0.8,0.8,1.0,4.453495979309082,6.824039340019226,6.870073318481445,14.93065357208252
233,1,0,0.8,0.8,2.0,2.542165756225586,3.1978395581245422,7.400616645812988,19.735225677490234
233,1,0,1.0,0.2,0.5,6.367650985717773,8.310264885425568,3.7875919342041016,5.254950046539307
233,1,0,1.0,0.2,1.0,4.265561580657959,6.946655213832855,4.138340473175049,7.377468109130859
233,1,0,1.0,0.2,2.0,1.4707026481628418,2.2496814727783203,5.03125,10.953339576721191
233,1,0,1.0,0.5,0.5,7.243391513824463,11.626849949359894,5.50081729888916,8.590192794799805
233,1,0,1.0,0.5,1.0,1.834416151046753,2.841935396194458,5.505160808563232,10.515473365783691
233,1,0,1.0,0.5,2.0,0.7548012137413025,0.8432157635688782,7.612955093383789,19.30877685546875
233,1,0,1.0,0.8,0.5,7.547576904296875,10.09092003107071,7.215158939361572,12.230659484863281
233,1,0,1.0,0.8,1.0,3.612637758255005,5.657764792442322,10.515501022338867,23.590314865112305
233,1,0,1.0,0.8,2.0,4.075430870056152,6.30477774143219,11.285432815551758,30.114919662475586
233,1,0,1.2,0.2,0.5,6.390434741973877,8.704611420631409,4.065190315246582,5.821226596832275
233,1,0,1.2,0.2,1.0,4.394506454467773,6.220662236213684,6.683676719665527,13.186012268066406
233,1,0,1.2,0.2,2.0,0.9803839325904846,1.3539122343063354,6.814089298248291,15.411649703979492
233,1,0,1.2,0.5,0.5,9.250520706176758,12.720148026943207,7.089695453643799,11.028714179992676
233,1,0,1.2,0.5,1.0,4.720844745635986,7.118960440158844,8.121710777282715,15.87822437286377
233,1,0,1.2,0.5,2.0,0.0,0.0,10.185144424438477,26.731367111206055
233,1,0,1.2,0.8,0.5,10.892932891845703,17.428109347820282,15.389670372009277,28.972942352294922
233,1,0,1.2,0.8,1.0,8.744223594665527,13.032564520835876,15.097365379333496,35.34810256958008
233,1,0,1.2,0.8,2.0,5.331655979156494,8.069502294063568,16.309030532836914,46.12119674682617
233,1,1,0.8,0.2,0.5,6.6654157638549805,8.75590181350708,3.3763678073883057,4.8377251625061035
233,1,1,0.8,0.2,1.0,5.299381256103516,7.359675705432892,3.2968802452087402,5.227614879608154
233,1,1,0.8,0.2,2.0,0.8671457767486572,1.2155190110206604,3.681938409805298,7.016104221343994
233,1,1,0.8,0.5,0.5,5.765623092651367,8.010560929775238,3.545717716217041,5.1916399002075195
233,1,1,0.8,0.5,1.0,2.9238486289978027,4.825283348560333,4.858632564544678,9.319034576416016
233,1,1,0.8,0.5,2.0,1.5939990282058716,1.9845981001853943,4.880005836486816,11.935697555541992
233,1,1,0.8,0.8,0.5,6.073809623718262,9.733985483646393,5.0674147605896,8.12594985961914
233,1,1,0.8,0.8,1.0,4.081963062286377,6.4274104833602905,6.6986589431762695,14.16403579711914
233,1,1,0.8,0.8,2.0,2.4778263568878174,4.548555493354797,8.102055549621582,21.31953239440918
233,1,1,1.0,0.2,0.5,4.737457752227783,8.758466899394989,3.9741365909576416,5.729279518127441
233,1,1,1.0,0.2,1.0,6.925376892089844,8.818883538246155,4.177892208099365,7.213733196258545
233,1,1,1.0,0.2,2.0,0.8527376651763916,1.2974905371665955,4.643495559692383,9.634328842163086
233,1,1,1.0,0.5,0.5,9.403240203857422,13.130898177623749,5.119417190551758,7.845462799072266
233,1,1,1.0,0.5,1.0,2.2154722213745117,3.6781967282295227,5.467853546142578,10.740696907043457
233,1,1,1.0,0.5,2.0,0.0,0.8609367609024048,7.05123233795166,18.541337966918945
233,1,1,1.0,0.8,0.5,10.596299171447754,15.382095456123352,9.261810302734375,15.949572563171387
233,1,1,1.0,0.8,1.0,4.443437099456787,5.26307213306427,9.322000503540039,21.583709716796875
233,1,1,1.0,0.8,2.0,3.6647534370422363,5.724035441875458,11.227964401245117,30.84748649597168
233,1,1,1.2,0.2,0.5,5.321441173553467,9.442883849143982,5.689364433288574,8.957446098327637
233,1,1,1.2,0.2,1.0,3.325705051422119,4.869872152805328,6.312633037567139,11.452187538146973
233,1,1,1.2,0.2,2.0,0.0,0.13946956396102905,6.716416358947754,15.944093704223633
233,1,1,1.2,0.5,0.5,8.056705474853516,12.771097540855408,7.499551773071289,12.096990585327148
233,1,1,1.2,0.5,1.0,4.82857084274292,7.653061270713806,9.368263244628906,20.55742073059082
233,1,1,1.2,0.5,2.0,1.6849064826965332,2.6673508882522583,11.78030776977539,29.329166412353516
233,1,1,1.2,0.8,0.5,10.688716888427734,15.468836545944214,13.742420196533203,25.71094512939453
233,1,1,1.2,0.8,1.0,7.844311714172363,12.270678997039795,15.09841537475586,34.17845153808594
233,1,1,1.2,0.8,2.0,5.884315013885498,9.477137446403503,15.486391067504883,43.15268325805664
233,1,2,0.8,0.2,0.5,6.292232036590576,7.446749925613403,2.9890542030334473,3.9688756465911865
233,1,2,0.8,0.2,1.0,3.6290018558502197,5.506996273994446,3.3534488677978516,5.8517913818359375
233,1,2,0.8,0.2,2.0,1.8284181356430054,2.0417163372039795,3.7706422805786133,7.707237720489502
233,1,2,0.8,0.5,0.5,7.222288131713867,11.746538817882538,3.8583791255950928,5.679924011230469
233,1,2,0.8,0.5,1.0,2.973228931427002,4.516024053096771,4.866415500640869,9.25837230682373
233,1,2,0.8,0.5,2.0,1.2527790069580078,1.4700533747673035,5.416506290435791,12.894343376159668
233,1,2,0.8,0.8,0.5,7.703295707702637,10.948964834213257,5.28737211227417,8.639067649841309
233,1,2,0.8,0.8,1.0,4.367834091186523,6.427938997745514,7.4518280029296875,16.422901153564453
233,1,2,0.8,0.8,2.0,2.6236534118652344,2.6597803235054016,6.736857891082764,16.838903427124023
233,1,2,1.0,0.2,0.5,5.12375545501709,8.831629395484924,3.842745065689087,5.390246391296387
233,1,2,1.0,0.2,1.0,4.170519828796387,7.0088754296302795,4.038144111633301,7.354641914367676
233,1,2,1.0,0.2,2.0,0.9769271612167358,1.641102135181427,5.218390464782715,11.023615837097168
233,1,2,1.0,0.5,0.5,8.396976470947266,12.854151010513306,4.968006610870361,7.584863185882568
233,1,2,1.0,0.5,1.0,2.9734385013580322,4.9442272782325745,6.066162109375,11.997031211853027
233,1,2,1.0,0.5,2.0,1.1744530200958252,2.0847778916358948,6.922553539276123,16.48248863220215
233,1,2,1.0,0.8,0.5,8.085878372192383,12.00860846042633,7.651780605316162,13.021766662597656
233,1,2,1.0,0.8,1.0,3.456695556640625,5.6210551261901855,7.521347522735596,16.054479598999023
233,1,2,1.0,0.8,2.0,3.404423475265503,5.5504549741744995,11.46035385131836,31.353422164916992
233,1,2,1.2,0.2,0.5,8.685644149780273,9.661014378070831,4.782375812530518,6.889136791229248
233,1,2,1.2,0.2,1.0,5.575484275817871,8.283978581428528,6.796898365020752,12.07021713256836
233,1,2,1.2,0.2,2.0,0.07720041275024414,0.06925153732299805,5.751661777496338,15.01705551147461
233,1,2,1.2,0.5,0.5,8.307926177978516,12.305098056793213,8.623063087463379,14.63209056854248
233,1,2,1.2,0.5,1.0,5.704291820526123,9.195110023021698,11.325021743774414,24.25238037109375
233,1,2,1.2,0.5,2.0,0.42814093828201294,0.43359774351119995,9.100380897521973,23.137704849243164
233,1,2,1.2,0.8,0.5,10.41100025177002,15.23603367805481,11.077249526977539,19.044204711914062
233,1,2,1.2,0.8,1.0,7.519392967224121,11.79653149843216,20.50237464904785,47.0294189453125
233,1,2,1.2,0.8,2.0,5.615851402282715,8.503955602645874,17.49605941772461,49.08238220214844
234,1,0,0.8,0.2,0.5,7.457002639770508,9.864734411239624,3.047539710998535,4.11079216003418
234,1,0,0.8,0.2,1.0,2.977212429046631,5.1099278926849365,3.447815179824829,6.067285537719727
234,1,0,0.8,0.2,2.0,1.555238962173462,2.63987135887146,3.666825294494629,6.9768147468566895
234,1,0,0.8,0.5,0.5,7.5645670890808105,10.829734861850739,3.6118500232696533,5.208893299102783
234,1,0,0.8,0.5,1.0,2.5656933784484863,3.511851966381073,4.439284324645996,7.968790054321289
234,1,0,0.8,0.5,2.0,2.1304237842559814,2.422886908054352,5.287353515625,11.433076858520508
234,1,0,0.8,0.8,0.5,5.993854999542236,9.04404479265213,5.046846389770508,8.18606185913086
234,1,0,0.8,0.8,1.0,4.635862827301025,6.608108639717102,5.373392581939697,10.897395133972168
234,1,0,0.8,0.8,2.0,3.4962520599365234,3.284200966358185,6.9471755027771,17.618558883666992
234,1,0,1.0,0.2,0.5,6.41299295425415,11.252696931362152,3.833754062652588,5.031569480895996
234,1,0,1.0,0.2,1.0,3.6799216270446777,6.009403228759766,4.430006980895996,7.791733741760254
234,1,0,1.0,0.2,2.0,1.2000102996826172,1.6187751293182373,5.1457037925720215,10.871758460998535
234,1,0,1.0,0.5,0.5,8.90186595916748,14.112023711204529,5.535600662231445,8.810850143432617
234,1,0,1.0,0.5,1.0,2.7643938064575195,4.365384936332703,7.639774799346924,15.710450172424316
234,1,0,1.0,0.5,2.0,1.8543226718902588,2.575644373893738,7.597209930419922,18.61908531188965
234,1,0,1.0,0.8,0.5,8.200316429138184,12.626339793205261,6.8335490226745605,11.632291793823242
234,1,0,1.0,0.8,1.0,7.447585582733154,11.517874121665955,15.6746826171875,36.97714614868164
234,1,0,1.0,0.8,2.0,3.0275180339813232,3.333580195903778,10.580262184143066,28.467151641845703
234,1,0,1.2,0.2,0.5,8.294734001159668,10.241448402404785,5.705174446105957,8.42396068572998
234,1,0,1.2,0.2,1.0,3.8543624877929688,5.528147280216217,5.659666538238525,10.537742614746094
234,1,0,1.2,0.2,2.0,0.5429450273513794,0.7957745790481567,6.512336254119873,14.337579727172852
234,1,0,1.2,0.5,0.5,8.02229118347168,13.740819454193115,9.00882625579834,14.890630722045898
234,1,0,1.2,0.5,1.0,2.327794075012207,2.76676481962204,9.434721946716309,19.886554718017578
234,1,0,1.2,0.5,2.0,1.331897258758545,1.3226092457771301,9.51457691192627,25.76911735534668
234,1,0,1.2,0.8,0.5,10.328340530395508,15.350872576236725,12.707362174987793,23.675378799438477
234,1,0,1.2,0.8,1.0,7.724506378173828,11.846773564815521,17.70612907409668,41.741065979003906
234,1,0,1.2,0.8,2.0,5.817473411560059,8.914550125598907,18.077451705932617,49.103111267089844
234,1,1,0.8,0.2,0.5,4.909214496612549,8.443009734153748,3.015573501586914,4.037943363189697
234,1,1,0.8,0.2,1.0,3.6123881340026855,6.5800318121910095,3.3559820652008057,5.305236339569092
234,1,1,0.8,0.2,2.0,1.0756981372833252,1.6751932501792908,3.7856156826019287,7.495429515838623
234,1,1,0.8,0.5,0.5,5.922857761383057,7.89072459936142,3.949000597000122,5.957681179046631
234,1,1,0.8,0.5,1.0,1.8651210069656372,3.5255351662635803,4.355680465698242,7.904757499694824
234,1,1,0.8,0.5,2.0,0.988358199596405,1.4658159613609314,5.201135635375977,12.373498916625977
234,1,1,0.8,0.8,0.5,6.444882392883301,9.283578515052795,4.60870361328125,7.590206623077393
234,1,1,0.8,0.8,1.0,5.018008708953857,7.963263094425201,6.590080738067627,13.869964599609375
234,1,1,0.8,0.8,2.0,3.2338547706604004,4.1529125571250916,8.029519081115723,20.838584899902344
234,1,1,1.0,0.2,0.5,6.334629535675049,8.84799039363861,4.309271812438965,6.350682735443115
234,1,1,1.0,0.2,1.0,4.519316673278809,8.034290969371796,4.224167346954346,7.2649245262146
234,1,1,1.0,0.2,2.0,0.7136763334274292,1.170741081237793,5.201696872711182,11.40766716003418
234,1,1,1.0,0.5,0.5,8.962567329406738,13.510459899902344,4.647804260253906,7.360602378845215
234,1,1,1.0,0.5,1.0,1.5006498098373413,2.7140058875083923,7.685605049133301,16.224246978759766
234,1,1,1.0,0.5,2.0,0.713068425655365,1.2980469465255737,7.033185005187988,17.989044189453125
234,1,1,1.0,0.8,0.5,8.684661865234375,13.604024827480316,8.292562484741211,14.703198432922363
234,1,1,1.0,0.8,1.0,5.311808109283447,8.228322207927704,9.447774887084961,20.72673797607422
234,1,1,1.0,0.8,2.0,2.743588924407959,3.4095171689987183,11.952509880065918,32.0563850402832
234,1,1,1.2,0.2,0.5,4.179263114929199,6.199476957321167,5.495846271514893,8.037847518920898
234,1,1,1.2,0.2,1.0,4.582927227020264,7.954337537288666,6.224343776702881,11.470739364624023
234,1,1,1.2,0.2,2.0,0.3406359553337097,0.5075665712356567,5.64580774307251,13.038177490234375
234,1,1,1.2,0.5,0.5,9.572357177734375,15.93986701965332,8.383618354797363,14.513435363769531
234,1,1,1.2,0.5,1.0,4.989019870758057,8.229251861572266,10.938450813293457,23.812192916870117
234,1,1,1.2,0.5,2.0,2.108870267868042,3.5199923515319824,10.418500900268555,28.35234832763672
234,1,1,1.2,0.8,0.5,10.682657241821289,15.726258099079132,16.698997497558594,30.4541072845459
234,1,1,1.2,0.8,1.0,7.249392986297607,10.940729200839996,18.894136428833008,44.067108154296875
234,1,1,1.2,0.8,2.0,5.428772926330566,8.385371088981628,15.801292419433594,45.171260833740234
234,1,2,0.8,0.2,0.5,6.926815986633301,9.168740034103394,3.011918306350708,4.113473892211914
234,1,2,0.8,0.2,1.0,4.142480373382568,6.564118027687073,3.8874151706695557,6.574359893798828
234,1,2,0.8,0.2,2.0,1.4550458192825317,1.6916154026985168,3.895033121109009,8.026418685913086
234,1,2,0.8,0.5,0.5,5.686096668243408,8.727638840675354,3.8137338161468506,5.859735488891602
234,1,2,0.8,0.5,1.0,2.9573421478271484,4.667168915271759,4.460595607757568,8.315804481506348
234,1,2,0.8,0.5,2.0,1.6489574909210205,2.010477602481842,4.948787689208984,12.199928283691406
234,1,2,0.8,0.8,0.5,5.267148017883301,8.80763429403305,5.478632926940918,9.079764366149902
234,1,2,0.8,0.8,1.0,4.654277324676514,6.456172943115234,6.736137390136719,13.831655502319336
234,1,2,0.8,0.8,2.0,2.9761648178100586,4.609140992164612,7.973815441131592,20.736757278442383
234,1,2,1.0,0.2,0.5,5.930350303649902,7.957951664924622,3.645223379135132,5.30634069442749
234,1,2,1.0,0.2,1.0,4.468076705932617,7.364666759967804,4.726341247558594,8.578678131103516
234,1,2,1.0,0.2,2.0,1.541090726852417,1.9462611079216003,3.764174699783325,7.762713432312012
234,1,2,1.0,0.5,0.5,7.8787407875061035,11.94988739490509,5.158387184143066,8.091987609863281
234,1,2,1.0,0.5,1.0,2.866567611694336,4.716871798038483,5.68456506729126,11.419795036315918
234,1,2,1.0,0.5,2.0,1.1089541912078857,1.0396904349327087,7.532898902893066,19.638980865478516
234,1,2,1.0,0.8,0.5,7.562201023101807,11.177827537059784,7.635002136230469,13.495901107788086
234,1,2,1.0,0.8,1.0,5.195233345031738,5.76833975315094,10.126753807067871,22.491071701049805
234,1,2,1.0,0.8,2.0,3.428956985473633,5.427813827991486,12.305285453796387,34.868072509765625
234,1,2,1.2,0.2,0.5,5.527726173400879,11.696678340435028,5.588933944702148,8.320018768310547
234,1,2,1.2,0.2,1.0,5.144577503204346,7.57037627696991,7.380242824554443,13.154807090759277
234,1,2,1.2,0.2,2.0,0.2949002981185913,0.4725792407989502,5.997745990753174,13.497515678405762
234,1,2,1.2,0.5,0.5,8.192449569702148,12.139916121959686,8.64719295501709,15.144407272338867
234,1,2,1.2,0.5,1.0,4.9682207107543945,7.986945331096649,11.52615737915039,23.942138671875
234,1,2,1.2,0.5,2.0,1.5683735609054565,1.8618057370185852,10.07284164428711,25.641408920288086
234,1,2,1.2,0.8,0.5,10.482772827148438,15.521490275859833,18.225723266601562,34.40656280517578
234,1,2,1.2,0.8,1.0,7.640582084655762,11.330077767372131,14.780987739562988,33.82096862792969
234,1,2,1.2,0.8,2.0,6.08315372467041,9.534866273403168,16.931188583374023,46.12611389160156
235,1,0,0.8,0.2,0.5,5.392980575561523,7.720348596572876,3.129511833190918,4.247561454772949
235,1,0,0.8,0.2,1.0,4.882806301116943,7.947941243648529,3.56557297706604,5.961838245391846
235,1,0,0.8,0.2,2.0,1.3296828269958496,2.2973859906196594,3.6741726398468018,6.732257843017578
235,1,0,0.8,0.5,0.5,6.482429504394531,9.243718206882477,3.3650760650634766,4.778106212615967
235,1,0,0.8,0.5,1.0,3.1986403465270996,4.724273979663849,4.407102108001709,8.021759986877441
235,1,0,0.8,0.5,2.0,1.5441334247589111,1.55992591381073,4.345791339874268,10.292356491088867
235,1,0,0.8,0.8,0.5,7.292851448059082,10.227518379688263,5.224895477294922,8.249428749084473
235,1,0,0.8,0.8,1.0,4.226342678070068,5.9833367466926575,5.358642578125,11.445867538452148
235,1,0,0.8,0.8,2.0,2.0901882648468018,3.278959274291992,6.831462860107422,18.11709213256836
235,1,0,1.0,0.2,0.5,6.284405708312988,8.998128652572632,3.5163559913635254,4.8958964347839355
235,1,0,1.0,0.2,1.0,4.552257061004639,6.622726023197174,3.8788139820098877,6.421899795532227
235,1,0,1.0,0.2,2.0,1.0561461448669434,1.1772078275680542,4.716331958770752,9.733139991760254
235,1,0,1.0,0.5,0.5,7.665223598480225,11.68459165096283,4.619811058044434,7.087319374084473
235,1,0,1.0,0.5,1.0,3.173448085784912,4.753335416316986,7.084614276885986,13.969213485717773
235,1,0,1.0,0.5,2.0,0.189264714717865,0.1879677176475525,7.1620635986328125,17.4837703704834
235,1,0,1.0,0.8,0.5,6.783503532409668,9.257692873477936,7.404472827911377,12.679168701171875
235,1,0,1.0,0.8,1.0,5.060086250305176,7.9455782771110535,9.211971282958984,20.774673461914062
235,1,0,1.0,0.8,2.0,3.6333775520324707,4.560148239135742,9.987471580505371,27.186391830444336
235,1,0,1.2,0.2,0.5,4.808248996734619,8.38800597190857,4.453155040740967,6.373409271240234
235,1,0,1.2,0.2,1.0,3.9988555908203125,6.437776029109955,5.46931791305542,10.303938865661621
235,1,0,1.2,0.2,2.0,0.9197492003440857,1.2004054188728333,5.257812976837158,12.081151962280273
235,1,0,1.2,0.5,0.5,7.421663761138916,11.544674217700958,7.927264213562012,12.678990364074707
235,1,0,1.2,0.5,1.0,3.0685806274414062,4.112122714519501,7.4761061668396,15.766430854797363
235,1,0,1.2,0.5,2.0,1.2414554357528687,1.664697527885437,9.366866111755371,24.59953498840332
235,1,0,1.2,0.8,0.5,10.121357917785645,15.293896496295929,12.015955924987793,22.215436935424805
235,1,0,1.2,0.8,1.0,7.546908378601074,11.016825318336487,12.095504760742188,26.910831451416016
235,1,0,1.2,0.8,2.0,4.937473297119141,7.9671741127967834,14.699591636657715,40.01108169555664
235,1,1,0.8,0.2,0.5,5.2686896324157715,8.631393671035767,2.8458778858184814,3.711953639984131
235,1,1,0.8,0.2,1.0,4.32171630859375,6.338429570198059,3.436765193939209,6.034334182739258
235,1,1,0.8,0.2,2.0,1.0052062273025513,2.489565849304199,3.6461904048919678,7.175201892852783
235,1,1,0.8,0.5,0.5,5.318672180175781,7.890549719333649,3.707685708999634,5.288250923156738
235,1,1,0.8,0.5,1.0,2.0547399520874023,3.711115062236786,4.304808139801025,7.968957424163818
235,1,1,0.8,0.5,2.0,0.2378983497619629,0.40649527311325073,5.146840572357178,11.328042984008789
235,1,1,0.8,0.8,0.5,6.742828845977783,9.985675692558289,4.29060173034668,6.758009910583496
235,1,1,0.8,0.8,1.0,4.443624973297119,6.365537166595459,5.9093499183654785,12.308450698852539
235,1,1,0.8,0.8,2.0,2.8420846462249756,4.381277441978455,6.6819353103637695,16.918949127197266
235,1,1,1.0,0.2,0.5,6.281455993652344,8.615456521511078,3.7573304176330566,5.195112228393555
235,1,1,1.0,0.2,1.0,4.452700138092041,7.951912939548492,3.8602280616760254,6.3265461921691895
235,1,1,1.0,0.2,2.0,0.7105830311775208,1.2459816932678223,4.357549667358398,9.511552810668945
235,1,1,1.0,0.5,0.5,7.902259826660156,12.129859745502472,5.426647663116455,8.417189598083496
235,1,1,1.0,0.5,1.0,2.352893114089966,4.047195315361023,6.0738444328308105,12.65785026550293
235,1,1,1.0,0.5,2.0,0.2159264087677002,0.37695014476776123,6.227474212646484,14.999579429626465
235,1,1,1.0,0.8,0.5,6.881430625915527,8.808896541595459,6.8203206062316895,11.431726455688477
235,1,1,1.0,0.8,1.0,3.4766268730163574,4.277115881443024,9.644349098205566,21.19719886779785
235,1,1,1.0,0.8,2.0,3.0049335956573486,4.0578330755233765,11.446927070617676,31.963315963745117
235,1,1,1.2,0.2,0.5,6.583151817321777,8.630648374557495,6.5240702629089355,7.422420501708984
235,1,1,1.2,0.2,1.0,5.829484939575195,8.02379310131073,6.591477870941162,12.361472129821777
235,1,1,1.2,0.2,2.0,0.6028754711151123,0.8109098672866821,5.563797473907471,12.21961498260498
235,1,1,1.2,0.5,0.5,8.338204383850098,13.837886452674866,9.380905151367188,16.670570373535156
235,1,1,1.2,0.5,1.0,1.8078954219818115,3.85534006357193,8.304049491882324,17.36602783203125
235,1,1,1.2,0.5,2.0,1.5617178678512573,2.589660108089447,10.006948471069336,26.899072647094727
235,1,1,1.2,0.8,0.5,10.443811416625977,15.115578889846802,9.74749755859375,17.176036834716797
235,1,1,1.2,0.8,1.0,7.585078239440918,11.942841470241547,14.120636940002441,34.10333251953125
235,1,1,1.2,0.8,2.0,5.526817321777344,8.206928312778473,15.065622329711914,41.22593688964844
235,1,2,0.8,0.2,0.5,6.056133270263672,8.996940970420837,2.839653253555298,3.8568356037139893
235,1,2,0.8,0.2,1.0,5.200663089752197,7.536895275115967,3.294830322265625,5.125496864318848
235,1,2,0.8,0.2,2.0,2.080796957015991,2.8582308292388916,3.5146682262420654,6.9327192306518555
235,1,2,0.8,0.5,0.5,6.853687763214111,10.652898728847504,3.4943714141845703,5.234044551849365
235,1,2,0.8,0.5,1.0,2.4446489810943604,4.023059844970703,4.216917037963867,7.623818874359131
235,1,2,0.8,0.5,2.0,1.8922653198242188,2.6115174293518066,5.588529109954834,13.720983505249023
235,1,2,0.8,0.8,0.5,6.3953447341918945,10.75221562385559,5.383752346038818,8.635642051696777
235,1,2,0.8,0.8,1.0,3.541794538497925,4.4388344287872314,6.133577823638916,12.750432014465332
235,1,2,0.8,0.8,2.0,2.936379909515381,4.399692595005035,6.218153476715088,15.425188064575195
235,1,2,1.0,0.2,0.5,5.987621784210205,8.458962500095367,3.8141555786132812,5.042933464050293
235,1,2,1.0,0.2,1.0,4.293017864227295,9.015799880027771,4.91050910949707,7.955856800079346
235,1,2,1.0,0.2,2.0,1.9161049127578735,2.613996148109436,4.716061592102051,9.72974967956543
235,1,2,1.0,0.5,0.5,6.57396125793457,10.090242743492126,4.769413948059082,7.213805198669434
235,1,2,1.0,0.5,1.0,3.2556238174438477,4.877401113510132,5.909068584442139,11.944940567016602
235,1,2,1.0,0.5,2.0,0.9640482664108276,1.1965878009796143,5.96211051940918,14.406696319580078
235,1,2,1.0,0.8,0.5,8.93554401397705,13.189681887626648,6.755448341369629,11.666604042053223
235,1,2,1.0,0.8,1.0,4.078118801116943,5.995178639888763,9.27138900756836,20.241474151611328
235,1,2,1.0,0.8,2.0,2.3485524654388428,3.9949252605438232,9.972505569458008,27.24593734741211
235,1,2,1.2,0.2,0.5,5.534190654754639,8.671852946281433,5.63819694519043,7.828282356262207
235,1,2,1.2,0.2,1.0,5.155247688293457,7.31011575460434,7.3595805168151855,12.122766494750977
235,1,2,1.2,0.2,2.0,1.0649261474609375,1.4699679017066956,5.164401531219482,11.50060749053955
235,1,2,1.2,0.5,0.5,8.304792404174805,12.55948030948639,8.704227447509766,14.844383239746094
235,1,2,1.2,0.5,1.0,3.147170305252075,4.39082396030426,7.986530303955078,16.07817840576172
235,1,2,1.2,0.5,2.0,2.0294437408447266,2.369660973548889,8.310659408569336,21.193756103515625
235,1,2,1.2,0.8,0.5,10.389400482177734,15.503758907318115,11.79323673248291,21.599960327148438
235,1,2,1.2,0.8,1.0,7.340767860412598,11.106299638748169,18.550783157348633,43.79902648925781
235,1,2,1.2,0.8,2.0,5.453645706176758,8.50212836265564,14.767168998718262,40.50258255004883
236,1,0,0.8,0.2,0.5,5.867666244506836,8.396540641784668,2.6079390048980713,3.5271434783935547
236,1,0,0.8,0.2,1.0,5.9288811683654785,7.913248181343079,3.7618844509124756,6.161235332489014
236,1,0,0.8,0.2,2.0,1.453092336654663,2.1138447523117065,3.7440948486328125,7.6458048820495605
236,1,0,0.8,0.5,0.5,5.9337544441223145,9.495185852050781,3.5474953651428223,5.270615100860596
236,1,0,0.8,0.5,1.0,1.7642698287963867,1.9271755814552307,4.793660640716553,8.902092933654785
236,1,0,0.8,0.5,2.0,1.1661403179168701,2.1171364188194275,4.623701572418213,10.245369911193848
236,1,0,0.8,0.8,0.5,6.951076507568359,9.797964870929718,5.306754112243652,8.909990310668945
236,1,0,0.8,0.8,1.0,4.593719482421875,7.283945977687836,7.54266357421875,16.461376190185547
236,1,0,0.8,0.8,2.0,2.0614147186279297,2.9929791688919067,7.251882076263428,19.371313095092773
236,1,0,1.0,0.2,0.5,7.778923511505127,9.712933123111725,3.4116480350494385,4.866155624389648
236,1,0,1.0,0.2,1.0,5.369499206542969,7.87183541059494,3.9796395301818848,7.19748592376709
236,1,0,1.0,0.2,2.0,1.0919170379638672,1.357891321182251,3.977022647857666,8.787493705749512
236,1,0,1.0,0.5,0.5,7.5868754386901855,10.573898017406464,4.720194339752197,7.081464767456055
236,1,0,1.0,0.5,1.0,2.6388278007507324,3.90566486120224,5.520196914672852,10.747169494628906
236,1,0,1.0,0.5,2.0,1.3117434978485107,1.7043712139129639,5.950474262237549,15.082712173461914
236,1,0,1.0,0.8,0.5,7.1355180740356445,10.682282447814941,7.874533653259277,12.942172050476074
236,1,0,1.0,0.8,1.0,7.625112533569336,11.989264369010925,13.23065185546875,30.144920349121094
236,1,0,1.0,0.8,2.0,4.271285057067871,5.899674952030182,8.890251159667969,24.176237106323242
236,1,0,1.2,0.2,0.5,6.582370281219482,9.222738206386566,4.301732540130615,5.939239978790283
236,1,0,1.2,0.2,1.0,4.273320198059082,9.107649207115173,5.472323894500732,9.595498085021973
236,1,0,1.2,0.2,2.0,0.9576217532157898,1.086066722869873,4.4723801612854,9.351560592651367
236,1,0,1.2,0.5,0.5,8.286192893981934,13.131116688251495,5.920965671539307,9.58770751953125
236,1,0,1.2,0.5,1.0,4.260770797729492,7.160567581653595,8.239021301269531,17.778099060058594
236,1,0,1.2,0.5,2.0,1.6735305786132812,2.3333334922790527,8.145716667175293,20.403959274291992
236,1,0,1.2,0.8,0.5,10.522099494934082,15.475721001625061,8.32748031616211,14.277665138244629
236,1,0,1.2,0.8,1.0,7.651655673980713,11.894726514816284,16.988712310791016,39.56043243408203
236,1,0,1.2,0.8,2.0,6.090638637542725,9.650493621826172,14.369695663452148,39.388729095458984
236,1,1,0.8,0.2,0.5,7.680758476257324,9.45667827129364,2.9263534545898438,3.9504075050354004
236,1,1,0.8,0.2,1.0,4.683511257171631,7.863187372684479,3.83524489402771,6.516863822937012
236,1,1,0.8,0.2,2.0,1.5457937717437744,2.513608694076538,3.3438587188720703,6.6444854736328125
236,1,1,0.8,0.5,0.5,5.451524257659912,9.020245730876923,3.5125582218170166,5.177345275878906
236,1,1,0.8,0.5,1.0,2.9281482696533203,3.850840389728546,4.081263065338135,7.61621618270874
236,1,1,0.8,0.5,2.0,1.079275131225586,1.5157616138458252,5.026312351226807,11.402660369873047
236,1,1,0.8,0.8,0.5,7.1662445068359375,10.487279057502747,6.060830593109131,10.150632858276367
236,1,1,0.8,0.8,1.0,3.9832799434661865,5.397549569606781,6.705891132354736,13.773785591125488
236,1,1,0.8,0.8,2.0,2.1938884258270264,3.0840166211128235,5.88341760635376,14.358956336975098
236,1,1,1.0,0.2,0.5,6.7607035636901855,11.326147973537445,3.534738302230835,4.905811786651611
236,1,1,1.0,0.2,1.0,5.018284797668457,7.859788596630096,3.863828659057617,6.648551940917969
236,1,1,1.0,0.2,2.0,1.1747803688049316,1.2337781190872192,5.127444744110107,11.175098419189453
236,1,1,1.0,0.5,0.5,7.469213962554932,12.504077315330505,5.341245651245117,8.457240104675293
236,1,1,1.0,0.5,1.0,3.0085561275482178,4.3051212430000305,5.761560916900635,11.493220329284668
236,1,1,1.0,0.5,2.0,1.4318273067474365,1.8824321627616882,6.927051067352295,16.458322525024414
236,1,1,1.0,0.8,0.5,6.473099231719971,9.856628000736237,6.64887809753418,11.260251998901367
236,1,1,1.0,0.8,1.0,3.5804569721221924,5.615279734134674,7.846734523773193,16.993148803710938
236,1,1,1.0,0.8,2.0,4.600568771362305,7.459973454475403,12.223691940307617,33.75537109375
236,1,1,1.2,0.2,0.5,6.972133636474609,10.025676846504211,4.6455607414245605,6.782371520996094
236,1,1,1.2,0.2,1.0,4.21458625793457,7.749342560768127,5.075685024261475,9.130943298339844
236,1,1,1.2,0.2,2.0,0.41298139095306396,0.688641369342804,6.504189968109131,15.368666648864746
236,1,1,1.2,0.5,0.5,8.849279403686523,14.398514807224274,8.907970428466797,15.776389122009277
236,1,1,1.2,0.5,1.0,5.600093364715576,8.81526255607605,13.233332633972168,27.37850570678711
236,1,1,1.2,0.5,2.0,2.321434259414673,3.087826728820801,10.057104110717773,25.22510528564453
236,1,1,1.2,0.8,0.5,12.138755798339844,17.952681362628937,8.430368423461914,14.43391227722168
236,1,1,1.2,0.8,1.0,7.609192848205566,11.367361009120941,18.361007690429688,42.4918098449707
236,1,1,1.2,0.8,2.0,4.175263404846191,6.509843468666077,12.490469932556152,32.966644287109375
236,1,2,0.8,0.2,0.5,5.151103973388672,8.101637482643127,3.306823253631592,4.602985382080078
236,1,2,0.8,0.2,1.0,4.729605197906494,5.934089303016663,3.081807851791382,5.38231897354126
236,1,2,0.8,0.2,2.0,1.6544334888458252,2.534513294696808,3.8172988891601562,7.6252007484436035
236,1,2,0.8,0.5,0.5,6.55446720123291,10.009054601192474,3.939549207687378,5.924761772155762
236,1,2,0.8,0.5,1.0,1.7015403509140015,3.00110399723053,4.159055233001709,7.790611743927002
236,1,2,0.8,0.5,2.0,1.859741449356079,2.3178715109825134,5.991004943847656,14.248991012573242
236,1,2,0.8,0.8,0.5,5.338575839996338,7.238974690437317,4.833272457122803,8.013439178466797
236,1,2,0.8,0.8,1.0,3.7619354724884033,4.953746914863586,5.646112442016602,11.543471336364746
236,1,2,0.8,0.8,2.0,2.5477967262268066,3.459098517894745,7.669785499572754,20.43794822692871
236,1,2,1.0,0.2,0.5,6.23754358291626,10.583744049072266,3.661626100540161,5.121123790740967
236,1,2,1.0,0.2,1.0,4.629860877990723,8.524797320365906,3.643528699874878,6.1399431228637695
236,1,2,1.0,0.2,2.0,0.973263144493103,1.2812806367874146,4.330202102661133,8.684501647949219
236,1,2,1.0,0.5,0.5,6.979720592498779,10.439099133014679,4.820247650146484,6.900941848754883
236,1,2,1.0,0.5,1.0,3.0025110244750977,4.52475905418396,7.827877521514893,16.123088836669922
236,1,2,1.0,0.5,2.0,2.0368072986602783,1.9609939455986023,6.556130409240723,16.14388656616211
236,1,2,1.0,0.8,0.5,8.385480880737305,12.73904663324356,8.852171897888184,15.382336616516113
236,1,2,1.0,0.8,1.0,5.510000705718994,7.550381362438202,8.797700881958008,19.375612258911133
236,1,2,1.0,0.8,2.0,2.604734420776367,3.529137074947357,11.916788101196289,31.92707061767578
236,1,2,1.2,0.2,0.5,5.182380199432373,7.302245199680328,6.46496057510376,9.408413887023926
236,1,2,1.2,0.2,1.0,3.6030282974243164,5.162237286567688,7.0773701667785645,13.148320198059082
236,1,2,1.2,0.2,2.0,0.3096345067024231,0.5574270486831665,5.74027681350708,13.1190767288208
236,1,2,1.2,0.5,0.5,7.746869087219238,11.836438834667206,5.2498016357421875,8.431994438171387
236,1,2,1.2,0.5,1.0,4.375672340393066,6.180065870285034,9.589685440063477,20.439512252807617
236,1,2,1.2,0.5,2.0,1.064718246459961,1.944825291633606,7.115013599395752,18.135345458984375
236,1,2,1.2,0.8,0.5,10.041086196899414,15.522375583648682,8.661109924316406,15.520933151245117
236,1,2,1.2,0.8,1.0,7.821713924407959,11.958556175231934,15.383344650268555,35.42947006225586
236,1,2,1.2,0.8,2.0,5.700031280517578,8.624720633029938,19.364606857299805,52.31006622314453
237,1,0,0.8,0.2,0.5,4.159521579742432,6.933794140815735,3.0446605682373047,4.349453926086426
237,1,0,0.8,0.2,1.0,4.820509433746338,6.333680808544159,3.292877197265625,5.522787094116211
237,1,0,0.8,0.2,2.0,1.3342870473861694,1.5559439063072205,3.8495566844940186,7.628995895385742
237,1,0,0.8,0.5,0.5,6.888496398925781,9.902264833450317,3.537489652633667,5.035317420959473
237,1,0,0.8,0.5,1.0,1.8556149005889893,3.141333281993866,5.745705604553223,11.518264770507812
237,1,0,0.8,0.5,2.0,0.28991591930389404,0.25888967514038086,5.504639625549316,13.4434232711792
237,1,0,0.8,0.8,0.5,6.850471496582031,9.54333770275116,4.328505516052246,6.756582260131836
237,1,0,0.8,0.8,1.0,3.8177170753479004,3.5370928049087524,6.775611400604248,14.271692276000977
237,1,0,0.8,0.8,2.0,2.874692916870117,2.982938587665558,7.835240840911865,20.947919845581055
237,1,0,1.0,0.2,0.5,5.027432918548584,7.7405635714530945,3.508155584335327,4.77984619140625
237,1,0,1.0,0.2,1.0,3.863943576812744,6.087563157081604,5.192202091217041,8.678412437438965
237,1,0,1.0,0.2,2.0,0.4784681797027588,1.004027545452118,5.279655933380127,12.081727981567383
237,1,0,1.0,0.5,0.5,7.664455413818359,11.727718830108643,6.9259562492370605,10.875761985778809
237,1,0,1.0,0.5,1.0,4.0448689460754395,5.60968542098999,4.800605297088623,9.291353225708008
237,1,0,1.0,0.5,2.0,1.459633231163025,1.7021819949150085,7.306463241577148,17.63031005859375
237,1,0,1.0,0.8,0.5,7.415894031524658,12.13277292251587,7.164895534515381,12.035761833190918
237,1,0,1.0,0.8,1.0,5.488724708557129,8.984495162963867,10.920952796936035,23.30658721923828
237,1,0,1.0,0.8,2.0,3.793327569961548,5.323300421237946,11.231656074523926,29.497892379760742
237,1,0,1.2,0.2,0.5,5.363255977630615,7.987068593502045,5.185903072357178,7.263719081878662
237,1,0,1.2,0.2,1.0,3.9120099544525146,5.637437582015991,7.657784938812256,15.68740177154541
237,1,0,1.2,0.2,2.0,0.8075680136680603,1.240165889263153,5.990955352783203,13.064729690551758
237,1,0,1.2,0.5,0.5,8.116202354431152,12.011866629123688,5.336996078491211,8.487606048583984
237,1,0,1.2,0.5,1.0,5.740954399108887,8.843457639217377,11.9518461227417,24.96123504638672
237,1,0,1.2,0.5,2.0,1.3864250183105469,1.4926106929779053,8.855606079101562,23.765945434570312
237,1,0,1.2,0.8,0.5,10.05513858795166,15.452704310417175,16.264301300048828,30.727733612060547
237,1,0,1.2,0.8,1.0,5.322578430175781,8.192831873893738,10.554815292358398,24.49687385559082
237,1,0,1.2,0.8,2.0,5.786523342132568,8.33180981874466,20.312965393066406,54.362579345703125
237,1,1,0.8,0.2,0.5,6.227285385131836,8.413480818271637,3.256345510482788,4.36985969543457
237,1,1,0.8,0.2,1.0,3.279003620147705,5.32507586479187,3.1351935863494873,5.4118266105651855
237,1,1,0.8,0.2,2.0,1.7262730598449707,2.8968876004219055,3.895753860473633,7.714409351348877
237,1,1,0.8,0.5,0.5,6.104852676391602,9.49054628610611,4.07560920715332,5.850792407989502
237,1,1,0.8,0.5,1.0,3.6197047233581543,4.952570199966431,3.940006971359253,7.128130912780762
237,1,1,0.8,0.5,2.0,1.3353954553604126,2.0712512731552124,4.875851631164551,11.33952808380127
237,1,1,0.8,0.8,0.5,7.144047737121582,10.721397042274475,5.581347942352295,9.353206634521484
237,1,1,0.8,0.8,1.0,4.6545329093933105,6.7724098563194275,6.716429233551025,14.499577522277832
237,1,1,0.8,0.8,2.0,2.2038726806640625,3.144475221633911,7.037734031677246,17.734195709228516
237,1,1,1.0,0.2,0.5,5.707299709320068,9.765172779560089,4.083390235900879,6.155287265777588
237,1,1,1.0,0.2,1.0,6.316462516784668,8.13432788848877,4.336361885070801,7.515010833740234
237,1,1,1.0,0.2,2.0,0.7918429374694824,1.3177053332328796,4.787933826446533,10.06618881225586
237,1,1,1.0,0.5,0.5,6.884190559387207,11.208833575248718,5.66387939453125,8.932881355285645
237,1,1,1.0,0.5,1.0,2.323033332824707,3.585691750049591,5.204009056091309,9.868648529052734
237,1,1,1.0,0.5,2.0,1.6588366031646729,1.6727784276008606,7.900254726409912,20.865217208862305
237,1,1,1.0,0.8,0.5,9.776532173156738,13.119559288024902,8.943761825561523,15.472396850585938
237,1,1,1.0,0.8,1.0,4.2791314125061035,6.733999192714691,10.042500495910645,22.983928680419922
237,1,1,1.0,0.8,2.0,3.2425918579101562,4.024535655975342,10.010558128356934,28.017126083374023
237,1,1,1.2,0.2,0.5,5.894069671630859,8.326469838619232,6.254215717315674,9.247873306274414
237,1,1,1.2,0.2,1.0,3.7243316173553467,6.009576976299286,8.038559913635254,13.831483840942383
237,1,1,1.2,0.2,2.0,0.7021095752716064,0.9598231315612793,5.693103313446045,12.233972549438477
237,1,1,1.2,0.5,0.5,9.939044952392578,14.259472608566284,7.654613971710205,12.395160675048828
237,1,1,1.2,0.5,1.0,2.7056145668029785,3.734613597393036,8.989404678344727,18.522476196289062
237,1,1,1.2,0.5,2.0,1.8055427074432373,2.5225475430488586,7.9631171226501465,20.304729461669922
237,1,1,1.2,0.8,0.5,10.268634796142578,14.207091152668,20.86817741394043,40.169254302978516
237,1,1,1.2,0.8,1.0,7.641206741333008,11.975267112255096,11.819869041442871,27.085721969604492
237,1,1,1.2,0.8,2.0,5.376729965209961,8.386423766613007,14.688117980957031,39.858428955078125
237,1,2,0.8,0.2,0.5,5.079757213592529,7.340419054031372,3.253775119781494,4.539612293243408
237,1,2,0.8,0.2,1.0,4.699950218200684,6.329964220523834,3.737663745880127,6.361000061035156
237,1,2,0.8,0.2,2.0,1.57229745388031,2.5204363465309143,3.6565358638763428,7.059711933135986
237,1,2,0.8,0.5,0.5,5.425624847412109,7.27597576379776,3.298475980758667,4.6483564376831055
237,1,2,0.8,0.5,1.0,3.4405465126037598,5.317276179790497,3.9188876152038574,7.098086833953857
237,1,2,0.8,0.5,2.0,1.3792228698730469,2.6461472511291504,5.16176176071167,11.590044021606445
237,1,2,0.8,0.8,0.5,6.900740623474121,9.774182379245758,5.9768853187561035,10.138700485229492
237,1,2,0.8,0.8,1.0,4.1556396484375,6.676077783107758,7.917278289794922,17.275976181030273
237,1,2,0.8,0.8,2.0,3.031172275543213,4.365213394165039,6.984908103942871,18.71308135986328
237,1,2,1.0,0.2,0.5,5.553889274597168,8.797272682189941,3.678650140762329,5.176286697387695
237,1,2,1.0,0.2,1.0,5.210731506347656,7.607448756694794,4.181501388549805,7.309514045715332
237,1,2,1.0,0.2,2.0,1.2840930223464966,1.6488853096961975,4.087011814117432,8.853007316589355
237,1,2,1.0,0.5,0.5,8.88106918334961,13.179128170013428,6.474336624145508,10.16076374053955
237,1,2,1.0,0.5,1.0,2.7358953952789307,4.120232105255127,7.1459641456604,14.871081352233887
237,1,2,1.0,0.5,2.0,1.03275728225708,1.7486528158187866,7.863095283508301,20.485763549804688
237,1,2,1.0,0.8,0.5,7.083514213562012,9.464040219783783,7.462550640106201,12.481542587280273
237,1,2,1.0,0.8,1.0,5.050757884979248,8.041422367095947,11.572356224060059,26.43282127380371
237,1,2,1.0,0.8,2.0,5.084449768066406,8.215486466884613,14.001080513000488,38.6176872253418
237,1,2,1.2,0.2,0.5,6.0987138748168945,7.711527228355408,7.297533988952637,11.14633846282959
237,1,2,1.2,0.2,1.0,4.699654579162598,7.12228924036026,5.324445724487305,9.452118873596191
237,1,2,1.2,0.2,2.0,0.5762567520141602,0.7784577012062073,6.734167575836182,15.471555709838867
237,1,2,1.2,0.5,0.5,7.359852313995361,14.804845988750458,9.891942977905273,16.509626388549805
237,1,2,1.2,0.5,1.0,3.3350210189819336,4.74131453037262,6.4553728103637695,12.817421913146973
237,1,2,1.2,0.5,2.0,2.5559263229370117,4.051927983760834,11.463343620300293,30.998571395874023
237,1,2,1.2,0.8,0.5,10.876361846923828,16.25537121295929,11.568678855895996,21.094636917114258
237,1,2,1.2,0.8,1.0,8.021617889404297,11.647584438323975,22.551698684692383,52.65813446044922
237,1,2,1.2,0.8,2.0,5.793301582336426,8.609914124011993,14.039199829101562,38.640533447265625
238,1,0,0.8,0.2,0.5,4.925776481628418,7.3060537576675415,3.286839246749878,4.591707229614258
238,1,0,0.8,0.2,1.0,4.663578033447266,6.579998195171356,4.000861167907715,7.017301559448242
238,1,0,0.8,0.2,2.0,1.1032347679138184,1.1902365684509277,4.093834400177002,8.5838623046875
238,1,0,0.8,0.5,0.5,7.323364734649658,9.905401885509491,4.583651065826416,7.0672807693481445
238,1,0,0.8,0.5,1.0,3.0919189453125,4.2389432191848755,4.180181980133057,7.754037857055664
238,1,0,0.8,0.5,2.0,0.025307178497314453,0.3254913091659546,5.498513221740723,13.443561553955078
238,1,0,0.8,0.8,0.5,7.878382205963135,11.981685161590576,5.356571197509766,8.844185829162598
238,1,0,0.8,0.8,1.0,5.115596294403076,8.139140546321869,7.992965221405029,16.660865783691406
238,1,0,0.8,0.8,2.0,3.1846296787261963,3.9141911268234253,6.9347453117370605,17.82133674621582
238,1,0,1.0,0.2,0.5,7.147899627685547,9.082612335681915,3.906409502029419,5.470926284790039
238,1,0,1.0,0.2,1.0,4.485428333282471,6.788894712924957,4.828301906585693,8.617555618286133
238,1,0,1.0,0.2,2.0,1.2700773477554321,1.904798686504364,4.321177959442139,9.107728958129883
238,1,0,1.0,0.5,0.5,7.707215785980225,12.116666078567505,6.01235294342041,9.778453826904297
238,1,0,1.0,0.5,1.0,3.713595390319824,4.3239586353302,7.404962062835693,15.347487449645996
238,1,0,1.0,0.5,2.0,1.664696216583252,1.6960044503211975,8.657785415649414,22.447641372680664
238,1,0,1.0,0.8,0.5,10.71704387664795,15.728367567062378,12.944464683532715,24.70311737060547
238,1,0,1.0,0.8,1.0,4.536201000213623,6.552272140979767,8.931907653808594,19.950279235839844
238,1,0,1.0,0.8,2.0,4.636974811553955,7.142784059047699,13.218172073364258,38.399085998535156
238,1,0,1.2,0.2,0.5,4.868529796600342,9.263480961322784,6.944392204284668,10.748814582824707
238,1,0,1.2,0.2,1.0,3.7408711910247803,5.261425614356995,7.2779107093811035,13.870351791381836
238,1,0,1.2,0.2,2.0,0.01493912935256958,0.1380482316017151,7.847370624542236,17.0328369140625
238,1,0,1.2,0.5,0.5,7.4891357421875,11.953064918518066,9.638384819030762,16.83983039855957
238,1,0,1.2,0.5,1.0,5.985933303833008,9.592103004455566,11.817790985107422,25.202796936035156
238,1,0,1.2,0.5,2.0,1.0628446340560913,1.6649602055549622,9.620174407958984,25.650503158569336
238,1,0,1.2,0.8,0.5,10.964933395385742,15.821302711963654,13.920784950256348,25.136903762817383
238,1,0,1.2,0.8,1.0,7.68568229675293,13.922375202178955,17.273170471191406,39.64842987060547
238,1,0,1.2,0.8,2.0,5.8478193283081055,8.972748279571533,17.25415802001953,47.765010833740234
238,1,1,0.8,0.2,0.5,5.70514440536499,8.641172468662262,3.3136541843414307,4.536933898925781
238,1,1,0.8,0.2,1.0,4.21802282333374,6.600956201553345,3.6412558555603027,5.999985694885254
238,1,1,0.8,0.2,2.0,0.7211920022964478,1.185889720916748,3.8228440284729004,7.866003036499023
238,1,1,0.8,0.5,0.5,6.46578311920166,9.715878427028656,3.813436508178711,5.838181972503662
238,1,1,0.8,0.5,1.0,2.3543920516967773,3.0478870272636414,4.442093849182129,8.524922370910645
238,1,1,0.8,0.5,2.0,1.5841617584228516,1.5584540963172913,5.594139575958252,13.747835159301758
238,1,1,0.8,0.8,0.5,6.728366374969482,9.24685823917389,4.878351211547852,7.37843656539917
238,1,1,0.8,0.8,1.0,5.066964626312256,5.660106658935547,7.631280899047852,16.030616760253906
238,1,1,0.8,0.8,2.0,3.0778613090515137,4.741586923599243,8.108163833618164,20.652360916137695
238,1,1,1.0,0.2,0.5,4.636541366577148,9.228540360927582,4.042199611663818,5.649825096130371
238,1,1,1.0,0.2,1.0,4.650303363800049,6.908366799354553,5.015280246734619,9.385102272033691
238,1,1,1.0,0.2,2.0,0.21665704250335693,0.6774613857269287,6.728126049041748,16.52432632446289
238,1,1,1.0,0.5,0.5,8.098960876464844,11.989464700222015,5.632662773132324,9.0628023147583
238,1,1,1.0,0.5,1.0,2.5317351818084717,3.446554124355316,5.427323818206787,10.281286239624023
238,1,1,1.0,0.5,2.0,1.1699624061584473,1.693037211894989,6.6372880935668945,17.069393157958984
238,1,1,1.0,0.8,0.5,8.467795372009277,12.158029198646545,7.114652156829834,11.88868522644043
238,1,1,1.0,0.8,1.0,7.680527687072754,11.762142837047577,14.871273040771484,34.83894729614258
238,1,1,1.0,0.8,2.0,5.353327751159668,8.4105623960495,14.34720516204834,38.36988067626953
238,1,1,1.2,0.2,0.5,6.757559299468994,8.534181118011475,6.692233562469482,10.28527545928955
238,1,1,1.2,0.2,1.0,3.0865654945373535,5.1885969042778015,8.185063362121582,15.02396011352539
238,1,1,1.2,0.2,2.0,0.36271125078201294,0.49666541814804077,6.740689277648926,16.061492919921875
238,1,1,1.2,0.5,0.5,8.470405578613281,12.772290468215942,13.230740547180176,23.181486129760742
238,1,1,1.2,0.5,1.0,3.0136687755584717,4.208714604377747,9.37653636932373,19.99825668334961
238,1,1,1.2,0.5,2.0,2.8035731315612793,4.165389239788055,12.623833656311035,35.24616241455078
238,1,1,1.2,0.8,0.5,11.126392364501953,16.07267963886261,18.17158317565918,35.06371307373047
238,1,1,1.2,0.8,1.0,7.97005558013916,11.39899206161499,26.620351791381836,60.4704704284668
238,1,1,1.2,0.8,2.0,5.91728401184082,8.43747615814209,27.23882484436035,72.09740447998047
238,1,2,0.8,0.2,0.5,5.556998252868652,8.626575291156769,3.5994606018066406,4.993044853210449
238,1,2,0.8,0.2,1.0,4.477502346038818,6.429449200630188,3.384335994720459,5.606197357177734
238,1,2,0.8,0.2,2.0,1.0582555532455444,1.7234444618225098,4.378232955932617,8.853915214538574
238,1,2,0.8,0.5,0.5,7.800811767578125,12.017117381095886,4.153004169464111,6.157115459442139
238,1,2,0.8,0.5,1.0,3.736614227294922,5.10991358757019,5.5473833084106445,11.142394065856934
238,1,2,0.8,0.5,2.0,0.5588551759719849,0.7007733583450317,5.624963760375977,14.01513957977295
238,1,2,0.8,0.8,0.5,7.326173782348633,9.541264712810516,4.934221267700195,8.191987991333008
238,1,2,0.8,0.8,1.0,4.160836696624756,6.17408686876297,6.406034469604492,12.863624572753906
238,1,2,0.8,0.8,2.0,2.9825830459594727,4.510640978813171,8.536225318908691,23.42620086669922
238,1,2,1.0,0.2,0.5,6.690967082977295,9.542466461658478,4.157479763031006,6.155297756195068
238,1,2,1.0,0.2,1.0,4.429177284240723,6.38267320394516,5.4572882652282715,10.160846710205078
238,1,2,1.0,0.2,2.0,1.2305023670196533,1.693990409374237,6.0781450271606445,13.538640975952148
238,1,2,1.0,0.5,0.5,8.537700653076172,12.85131824016571,5.278985977172852,8.07327651977539
238,1,2,1.0,0.5,1.0,3.777717351913452,6.217877745628357,6.193523406982422,12.772850036621094
238,1,2,1.0,0.5,2.0,1.5474472045898438,2.51461660861969,7.832286834716797,20.112363815307617
238,1,2,1.0,0.8,0.5,10.800254821777344,15.731814682483673,9.521904945373535,17.069734573364258
238,1,2,1.0,0.8,1.0,6.46672248840332,10.111481368541718,12.289798736572266,28.236177444458008
238,1,2,1.0,0.8,2.0,3.7435240745544434,5.714003682136536,12.91746997833252,35.89736557006836
238,1,2,1.2,0.2,0.5,5.045164585113525,7.6254759430885315,7.949553966522217,12.722582817077637
238,1,2,1.2,0.2,1.0,5.823974609375,7.659312009811401,7.417932033538818,13.527899742126465
238,1,2,1.2,0.2,2.0,0.4434695243835449,0.6074538826942444,7.064566135406494,17.08563804626465
238,1,2,1.2,0.5,0.5,9.21230697631836,13.327453553676605,6.62801456451416,10.792901992797852
238,1,2,1.2,0.5,1.0,5.553415298461914,9.007884502410889,11.0614595413208,23.437692642211914
238,1,2,1.2,0.5,2.0,1.030356764793396,1.1549282670021057,9.774710655212402,25.255146026611328
238,1,2,1.2,0.8,0.5,11.007243156433105,15.79340386390686,14.577442169189453,26.71142578125
238,1,2,1.2,0.8,1.0,7.686379909515381,11.710325360298157,16.30487060546875,38.130393981933594
238,1,2,1.2,0.8,2.0,5.777068614959717,8.795762598514557,21.613622665405273,56.846343994140625
239,1,0,0.8,0.2,0.5,6.143321514129639,8.709014534950256,3.1996219158172607,4.4044060707092285
239,1,0,0.8,0.2,1.0,4.844808578491211,7.501124858856201,3.626431465148926,6.136214256286621
239,1,0,0.8,0.2,2.0,1.4877163171768188,3.1550991535186768,3.579149007797241,6.913370132446289
239,1,0,0.8,0.5,0.5,5.5348286628723145,8.369141161441803,3.844296455383301,5.8944621086120605
239,1,0,0.8,0.5,1.0,3.606854200363159,4.778564035892487,4.833755016326904,9.541800498962402
239,1,0,0.8,0.5,2.0,1.739518404006958,3.0635635256767273,5.428117752075195,12.72093391418457
239,1,0,0.8,0.8,0.5,6.2083539962768555,9.750785887241364,5.187822341918945,8.362849235534668
239,1,0,0.8,0.8,1.0,4.225924015045166,5.462807893753052,7.55877161026001,16.318960189819336
239,1,0,0.8,0.8,2.0,3.354144811630249,4.764630973339081,6.804539680480957,17.521055221557617
239,1,0,1.0,0.2,0.5,4.299642086029053,7.385084629058838,3.712454319000244,5.242900371551514
239,1,0,1.0,0.2,1.0,4.51327657699585,7.617729187011719,3.940682888031006,6.716271877288818
239,1,0,1.0,0.2,2.0,1.331989049911499,2.0988729596138,4.383084297180176,9.322185516357422
239,1,0,1.0,0.5,0.5,8.991877555847168,13.264358699321747,5.5288777351379395,8.86121654510498
239,1,0,1.0,0.5,1.0,4.296606540679932,5.487111032009125,6.208661079406738,12.584561347961426
239,1,0,1.0,0.5,2.0,0.1325068473815918,0.23725032806396484,6.757436752319336,15.888323783874512
239,1,0,1.0,0.8,0.5,9.644822120666504,13.233004212379456,8.258301734924316,14.487431526184082
239,1,0,1.0,0.8,1.0,7.096079349517822,11.037269949913025,12.380060195922852,28.958969116210938
239,1,0,1.0,0.8,2.0,4.699296474456787,7.295602202415466,12.967554092407227,35.74765396118164
239,1,0,1.2,0.2,0.5,6.133877277374268,9.84974718093872,6.1293840408325195,8.67250919342041
239,1,0,1.2,0.2,1.0,3.3104748725891113,5.752092719078064,5.652851581573486,10.468350410461426
239,1,0,1.2,0.2,2.0,0.3067682385444641,0.4600328207015991,6.320237159729004,14.535405158996582
239,1,0,1.2,0.5,0.5,10.310503959655762,14.319372236728668,7.585687160491943,12.596171379089355
239,1,0,1.2,0.5,1.0,5.229825496673584,7.3828176856040955,10.373618125915527,21.978931427001953
239,1,0,1.2,0.5,2.0,1.6575536727905273,2.1849799156188965,9.61876392364502,24.378568649291992
239,1,0,1.2,0.8,0.5,11.90478515625,16.4932302236557,15.26144790649414,27.173845291137695
239,1,0,1.2,0.8,1.0,7.901679992675781,14.57155954837799,17.132551193237305,38.65901184082031
239,1,0,1.2,0.8,2.0,6.0905375480651855,9.263992130756378,17.230928421020508,47.39678192138672
239,1,1,0.8,0.2,0.5,5.473979473114014,8.948529064655304,3.0974924564361572,4.196094989776611
239,1,1,0.8,0.2,1.0,4.748241424560547,7.085020661354065,3.2870006561279297,5.3350725173950195
239,1,1,0.8,0.2,2.0,1.2155265808105469,1.8059976696968079,3.741668224334717,7.993990421295166
239,1,1,0.8,0.5,0.5,6.671808242797852,10.897540509700775,3.737517833709717,5.422344207763672
239,1,1,0.8,0.5,1.0,4.140519618988037,6.061778783798218,4.610111713409424,8.699207305908203
239,1,1,0.8,0.5,2.0,1.0707569122314453,1.2663467526435852,4.993449687957764,12.409552574157715
239,1,1,0.8,0.8,0.5,5.344181060791016,8.451838970184326,4.954625606536865,7.641352653503418
239,1,1,0.8,0.8,1.0,3.800278425216675,5.670553982257843,7.481212615966797,16.313961029052734
239,1,1,0.8,0.8,2.0,2.0544419288635254,2.1593239307403564,7.707559585571289,20.080005645751953
239,1,1,1.0,0.2,0.5,5.946308135986328,9.604427635669708,3.680281162261963,5.140389919281006
239,1,1,1.0,0.2,1.0,5.538089752197266,8.790701806545258,4.3693952560424805,7.255494594573975
239,1,1,1.0,0.2,2.0,1.37608003616333,2.0584954023361206,5.213919639587402,11.44286060333252
239,1,1,1.0,0.5,0.5,6.133836269378662,9.602079153060913,4.99891471862793,8.005470275878906
239,1,1,1.0,0.5,1.0,2.5699329376220703,4.008882105350494,6.640615940093994,14.054923057556152
239,1,1,1.0,0.5,2.0,1.2312203645706177,1.2350841164588928,7.412725448608398,19.37269401550293
239,1,1,1.0,0.8,0.5,9.685826301574707,14.535599887371063,8.933964729309082,15.400979042053223
239,1,1,1.0,0.8,1.0,5.249290466308594,7.864685118198395,9.66122817993164,20.943950653076172
239,1,1,1.0,0.8,2.0,3.3102543354034424,4.850947678089142,12.471084594726562,35.52534866333008
239,1,1,1.2,0.2,0.5,7.577649116516113,10.297961056232452,5.7320876121521,8.235940933227539
239,1,1,1.2,0.2,1.0,4.962553977966309,7.880113422870636,4.998541355133057,9.245719909667969
239,1,1,1.2,0.2,2.0,0.40106624364852905,0.728097140789032,5.643697261810303,14.505555152893066
239,1,1,1.2,0.5,0.5,8.139847755432129,11.892929255962372,6.43589973449707,10.375704765319824
239,1,1,1.2,0.5,1.0,4.148560523986816,6.68971049785614,9.779918670654297,20.593456268310547
239,1,1,1.2,0.5,2.0,2.2061281204223633,2.6627691984176636,9.567119598388672,26.28975486755371
239,1,1,1.2,0.8,0.5,11.659221649169922,16.74928706884384,14.867544174194336,27.980802536010742
239,1,1,1.2,0.8,1.0,7.823075771331787,12.338587045669556,14.160507202148438,32.147342681884766
239,1,1,1.2,0.8,2.0,5.669559478759766,8.598569631576538,15.299212455749512,41.25679016113281
239,1,2,0.8,0.2,0.5,7.146724700927734,9.045194566249847,3.1007697582244873,4.209080696105957
239,1,2,0.8,0.2,1.0,3.4844861030578613,7.001247048377991,3.2645058631896973,5.320507526397705
239,1,2,0.8,0.2,2.0,1.328516960144043,2.2277921438217163,3.5829179286956787,7.224484920501709
239,1,2,0.8,0.5,0.5,5.941255569458008,8.953048825263977,3.704763889312744,5.406576156616211
239,1,2,0.8,0.5,1.0,2.387019395828247,2.9529834985733032,5.141137599945068,9.600235939025879
239,1,2,0.8,0.5,2.0,0.45176708698272705,0.45764851570129395,5.179848670959473,12.157183647155762
239,1,2,0.8,0.8,0.5,7.705142021179199,9.726707398891449,4.830060958862305,7.609168529510498
239,1,2,0.8,0.8,1.0,5.3515825271606445,7.659800708293915,6.927122592926025,14.608004570007324
239,1,2,0.8,0.8,2.0,1.722156286239624,1.7279329895973206,8.064406394958496,21.649614334106445
239,1,2,1.0,0.2,0.5,6.340163230895996,8.8021742105484,4.187653541564941,5.799713134765625
239,1,2,1.0,0.2,1.0,4.051224708557129,6.3435434103012085,4.674489974975586,8.749788284301758
239,1,2,1.0,0.2,2.0,1.1352518796920776,1.3888481855392456,4.920881271362305,9.880062103271484
239,1,2,1.0,0.5,0.5,8.588786125183105,12.934849381446838,5.400113105773926,8.925603866577148
239,1,2,1.0,0.5,1.0,2.964141845703125,3.543944239616394,6.242901802062988,12.933220863342285
239,1,2,1.0,0.5,2.0,0.8310973048210144,0.8686596155166626,7.461580753326416,19.445924758911133
239,1,2,1.0,0.8,0.5,8.14260196685791,12.540049076080322,7.68134069442749,13.537708282470703
239,1,2,1.0,0.8,1.0,5.482569694519043,8.94914197921753,10.812668800354004,24.5523738861084
239,1,2,1.0,0.8,2.0,4.4028000831604,6.905815303325653,11.845932960510254,33.32664489746094
239,1,2,1.2,0.2,0.5,6.8933186531066895,10.279101252555847,4.6913042068481445,6.534056186676025
239,1,2,1.2,0.2,1.0,4.82985258102417,7.689741551876068,5.241292476654053,10.184454917907715
239,1,2,1.2,0.2,2.0,0.2711506485939026,0.8290579915046692,6.45483922958374,14.87359619140625
239,1,2,1.2,0.5,0.5,9.791338920593262,14.434485852718353,7.344651699066162,12.23953914642334
239,1,2,1.2,0.5,1.0,4.045454978942871,6.82580304145813,10.301406860351562,23.133987426757812
239,1,2,1.2,0.5,2.0,1.0620031356811523,1.7844290733337402,11.299698829650879,28.773788452148438
239,1,2,1.2,0.8,0.5,10.378185272216797,15.327388226985931,10.682428359985352,19.11258888244629
239,1,2,1.2,0.8,1.0,7.618371486663818,12.000469028949738,15.339315414428711,36.0248908996582
239,1,2,1.2,0.8,2.0,5.216371536254883,8.159749150276184,16.605419158935547,46.91222381591797
