mode,normalization,shuffle_id,rho_target,leak,input_scale,neuron_bias,MC,IPC,KR,GR,wt_mean,cosine_similarity,kl_to_gaussian,seed,src,raw_rho,ref_rho,post_rho,raw_fro,ref_fro,post_fro,scale_factor
sign_test_er0.0__norm_spectral_radius,spectral_radius,3,1.0,0.6,0.1,0.1,3.7503483295440674,6.311726849645197,2.3466193675994873,2.8178060054779053,0.003368513425812125,0.0438401885330677,0.0,312346,matched_er_4to1_chunk_1,12.129240036010742,12.129240036010742,1.0,60.0333251953125,60.0333251953125,4.9494709968566895,0.08244539616918126
sign_test_er0.0__norm_spectral_radius,spectral_radius,3,1.0,0.6,0.5,0.1,4.636521339416504,11.538289015420968,3.001603364944458,4.788600921630859,0.003368513425812125,0.0438401885330677,0.0,312346,matched_er_4to1_chunk_1,12.129240036010742,12.129240036010742,1.0,60.0333251953125,60.0333251953125,4.9494709968566895,0.08244539616918126
sign_test_er0.0__norm_spectral_radius,spectral_radius,3,1.0,0.6,1.0,0.1,2.954932451248169,7.361223906052373,3.380523204803467,6.5061936378479,0.003368513425812125,0.0438401885330677,0.0,312346,matched_er_4to1_chunk_1,12.129240036010742,12.129240036010742,1.0,60.0333251953125,60.0333251953125,4.9494709968566895,0.08244539616918126
sign_test_er0.0__norm_spectral_radius,spectral_radius,3,1.0,0.6,1.5,0.1,1.6840721368789673,4.9045807548794755,3.6247968673706055,7.853287220001221,0.003368513425812125,0.0438401885330677,0.0,312346,matched_er_4to1_chunk_1,12.129240036010742,12.129240036010742,1.0,60.0333251953125,60.0333251953125,4.9494709968566895,0.08244539616918126
sign_test_er0.0__norm_spectral_radius,spectral_radius,3,1.0,0.8,0.1,0.1,4.922468662261963,7.6556606518742,2.532649517059326,3.0191428661346436,0.003368513425812125,0.0438401885330677,0.0,312346,matched_er_4to1_chunk_1,12.129240036010742,12.129240036010742,1.0,60.0333251953125,60.0333251953125,4.9494709968566895,0.08244539616918126
sign_test_er0.0__norm_spectral_radius,spectral_radius,3,1.0,0.8,0.5,0.1,4.245316982269287,11.763654435615129,3.3267996311187744,5.382317066192627,0.003368513425812125,0.0438401885330677,0.0,312346,matched_er_4to1_chunk_1,12.129240036010742,12.129240036010742,1.0,60.0333251953125,60.0333251953125,4.9494709968566895,0.08244539616918126
sign_test_er0.0__norm_spectral_radius,spectral_radius,3,1.0,0.8,1.0,0.1,3.4301977157592773,6.642465460000196,3.8233067989349365,7.592187881469727,0.003368513425812125,0.0438401885330677,0.0,312346,matched_er_4to1_chunk_1,12.129240036010742,12.129240036010742,1.0,60.0333251953125,60.0333251953125,4.9494709968566895,0.08244539616918126
sign_test_er0.0__norm_spectral_radius,spectral_radius,3,1.0,0.8,1.5,0.1,1.6131565570831299,5.64135915677798,4.132030487060547,9.301997184753418,0.003368513425812125,0.0438401885330677,0.0,312346,matched_er_4to1_chunk_1,12.129240036010742,12.129240036010742,1.0,60.0333251953125,60.0333251953125,4.9494709968566895,0.08244539616918126
sign_test_er0.0__norm_spectral_radius,spectral_radius,3,1.0,1.0,0.1,0.1,5.699261665344238,9.2217549206339,2.807131767272949,3.3348121643066406,0.003368513425812125,0.0438401885330677,0.0,312346,matched_er_4to1_chunk_1,12.129240036010742,12.129240036010742,1.0,60.0333251953125,60.0333251953125,4.9494709968566895,0.08244539616918126
sign_test_er0.0__norm_spectral_radius,spectral_radius,3,1.0,1.0,0.5,0.1,5.089341640472412,11.688194999509218,3.8142502307891846,6.3015007972717285,0.003368513425812125,0.0438401885330677,0.0,312346,matched_er_4to1_chunk_1,12.129240036010742,12.129240036010742,1.0,60.0333251953125,60.0333251953125,4.9494709968566895,0.08244539616918126
sign_test_er0.0__norm_spectral_radius,spectral_radius,3,1.0,1.0,1.0,0.1,4.212038040161133,9.208494952964728,4.495006084442139,9.257542610168457,0.003368513425812125,0.0438401885330677,0.0,312346,matched_er_4to1_chunk_1,12.129240036010742,12.129240036010742,1.0,60.0333251953125,60.0333251953125,4.9494709968566895,0.08244539616918126
sign_test_er0.0__norm_spectral_radius,spectral_radius,3,1.0,1.0,1.5,0.1,4.455705165863037,10.282986764192977,4.8969573974609375,11.502862930297852,0.003368513425812125,0.0438401885330677,0.0,312346,matched_er_4to1_chunk_1,12.129240036010742,12.129240036010742,1.0,60.0333251953125,60.0333251953125,4.9494709968566895,0.08244539616918126
sign_test_er0.1__norm_spectral_radius,spectral_radius,3,1.0,0.6,0.1,0.1,4.042016983032227,7.040304601468506,2.5399136543273926,3.0951855182647705,0.003402427304536104,0.03385128453373909,0.0,312346,matched_er_4to1_chunk_1,9.609338760375977,12.129240036010742,1.000000238418579,60.0333251953125,60.0333251953125,6.24739408493042,0.10406543311007946
sign_test_er0.1__norm_spectral_radius,spectral_radius,3,1.0,0.6,0.5,0.1,4.376866340637207,11.735130695522727,3.536311626434326,5.9750494956970215,0.003402427304536104,0.03385128453373909,0.0,312346,matched_er_4to1_chunk_1,9.609338760375977,12.129240036010742,1.000000238418579,60.0333251953125,60.0333251953125,6.24739408493042,0.10406543311007946
sign_test_er0.1__norm_spectral_radius,spectral_radius,3,1.0,0.6,1.0,0.1,2.649073362350464,7.990007032298081,4.075447082519531,8.381489753723145,0.003402427304536104,0.03385128453373909,0.0,312346,matched_er_4to1_chunk_1,9.609338760375977,12.129240036010742,1.000000238418579,60.0333251953125,60.0333251953125,6.24739408493042,0.10406543311007946
sign_test_er0.1__norm_spectral_radius,spectral_radius,3,1.0,0.6,1.5,0.1,2.770111560821533,7.364465693858584,4.406859874725342,10.211668014526367,0.003402427304536104,0.03385128453373909,0.0,312346,matched_er_4to1_chunk_1,9.609338760375977,12.129240036010742,1.000000238418579,60.0333251953125,60.0333251953125,6.24739408493042,0.10406543311007946
sign_test_er0.1__norm_spectral_radius,spectral_radius,3,1.0,0.8,0.1,0.1,5.643231391906738,10.031566320618618,2.7987377643585205,3.4053361415863037,0.003402427304536104,0.03385128453373909,0.0,312346,matched_er_4to1_chunk_1,9.609338760375977,12.129240036010742,1.000000238418579,60.0333251953125,60.0333251953125,6.24739408493042,0.10406543311007946
sign_test_er0.1__norm_spectral_radius,spectral_radius,3,1.0,0.8,0.5,0.1,5.458147048950195,13.471567424652306,4.043375015258789,6.977497100830078,0.003402427304536104,0.03385128453373909,0.0,312346,matched_er_4to1_chunk_1,9.609338760375977,12.129240036010742,1.000000238418579,60.0333251953125,60.0333251953125,6.24739408493042,0.10406543311007946
sign_test_er0.1__norm_spectral_radius,spectral_radius,3,1.0,0.8,1.0,0.1,3.889395236968994,9.077039991230492,4.779057502746582,10.20458698272705,0.003402427304536104,0.03385128453373909,0.0,312346,matched_er_4to1_chunk_1,9.609338760375977,12.129240036010742,1.000000238418579,60.0333251953125,60.0333251953125,6.24739408493042,0.10406543311007946
sign_test_er0.1__norm_spectral_radius,spectral_radius,3,1.0,0.8,1.5,0.1,3.4443485736846924,6.7092297971422,5.208988666534424,12.601194381713867,0.003402427304536104,0.03385128453373909,0.0,312346,matched_er_4to1_chunk_1,9.609338760375977,12.129240036010742,1.000000238418579,60.0333251953125,60.0333251953125,6.24739408493042,0.10406543311007946
sign_test_er0.1__norm_spectral_radius,spectral_radius,3,1.0,1.0,0.1,0.1,6.650343894958496,10.325026310405523,3.222639799118042,3.9230613708496094,0.003402427304536104,0.03385128453373909,0.0,312346,matched_er_4to1_chunk_1,9.609338760375977,12.129240036010742,1.000000238418579,60.0333251953125,60.0333251953125,6.24739408493042,0.10406543311007946
sign_test_er0.1__norm_spectral_radius,spectral_radius,3,1.0,1.0,0.5,0.1,6.782732963562012,16.141497058524692,4.879339218139648,8.658638000488281,0.003402427304536104,0.03385128453373909,0.0,312346,matched_er_4to1_chunk_1,9.609338760375977,12.129240036010742,1.000000238418579,60.0333251953125,60.0333251953125,6.24739408493042,0.10406543311007946
sign_test_er0.1__norm_spectral_radius,spectral_radius,3,1.0,1.0,1.0,0.1,5.030982971191406,11.629455314340568,5.936710357666016,13.209599494934082,0.003402427304536104,0.03385128453373909,0.0,312346,matched_er_4to1_chunk_1,9.609338760375977,12.129240036010742,1.000000238418579,60.0333251953125,60.0333251953125,6.24739408493042,0.10406543311007946
sign_test_er0.1__norm_spectral_radius,spectral_radius,3,1.0,1.0,1.5,0.1,4.706562519073486,9.3713643986577,6.513967514038086,16.466102600097656,0.003402427304536104,0.03385128453373909,0.0,312346,matched_er_4to1_chunk_1,9.609338760375977,12.129240036010742,1.000000238418579,60.0333251953125,60.0333251953125,6.24739408493042,0.10406543311007946
sign_test_er0.2__norm_spectral_radius,spectral_radius,3,1.0,0.6,0.1,0.1,4.66333532333374,7.952215220349821,3.352158308029175,4.113011837005615,0.003450054442510009,0.020532742142677307,0.0,312346,matched_er_4to1_chunk_1,7.110799312591553,12.129240036010742,1.0000003576278687,60.0333251953125,60.0333251953125,8.442556381225586,0.14063116620788824
sign_test_er0.2__norm_spectral_radius,spectral_radius,3,1.0,0.6,0.5,0.1,6.953834533691406,18.547014804498758,5.40264892578125,9.557036399841309,0.003450054442510009,0.020532742142677307,0.0,312346,matched_er_4to1_chunk_1,7.110799312591553,12.129240036010742,1.0000003576278687,60.0333251953125,60.0333251953125,8.442556381225586,0.14063116620788824
sign_test_er0.2__norm_spectral_radius,spectral_radius,3,1.0,0.6,1.0,0.1,3.884922742843628,8.151646236227705,6.350773334503174,14.039144515991211,0.003450054442510009,0.020532742142677307,0.0,312346,matched_er_4to1_chunk_1,7.110799312591553,12.129240036010742,1.0000003576278687,60.0333251953125,60.0333251953125,8.442556381225586,0.14063116620788824
sign_test_er0.2__norm_spectral_radius,spectral_radius,3,1.0,0.6,1.5,0.1,2.5656769275665283,5.726388085217353,6.753347873687744,17.000932693481445,0.003450054442510009,0.020532742142677307,0.0,312346,matched_er_4to1_chunk_1,7.110799312591553,12.129240036010742,1.0000003576278687,60.0333251953125,60.0333251953125,8.442556381225586,0.14063116620788824
sign_test_er0.2__norm_spectral_radius,spectral_radius,3,1.0,0.8,0.1,0.1,6.717637538909912,10.814916190443611,3.8667304515838623,4.747103691101074,0.003450054442510009,0.020532742142677307,0.0,312346,matched_er_4to1_chunk_1,7.110799312591553,12.129240036010742,1.0000003576278687,60.0333251953125,60.0333251953125,8.442556381225586,0.14063116620788824
sign_test_er0.2__norm_spectral_radius,spectral_radius,3,1.0,0.8,0.5,0.1,5.951512813568115,16.885331404271522,6.608485698699951,12.045683860778809,0.003450054442510009,0.020532742142677307,0.0,312346,matched_er_4to1_chunk_1,7.110799312591553,12.129240036010742,1.0000003576278687,60.0333251953125,60.0333251953125,8.442556381225586,0.14063116620788824
sign_test_er0.2__norm_spectral_radius,spectral_radius,3,1.0,0.8,1.0,0.1,3.9895291328430176,8.906220770138134,8.022676467895508,18.45562744140625,0.003450054442510009,0.020532742142677307,0.0,312346,matched_er_4to1_chunk_1,7.110799312591553,12.129240036010742,1.0000003576278687,60.0333251953125,60.0333251953125,8.442556381225586,0.14063116620788824
sign_test_er0.2__norm_spectral_radius,spectral_radius,3,1.0,0.8,1.5,0.1,4.457442760467529,9.024970035333318,8.601922035217285,22.517566680908203,0.003450054442510009,0.020532742142677307,0.0,312346,matched_er_4to1_chunk_1,7.110799312591553,12.129240036010742,1.0000003576278687,60.0333251953125,60.0333251953125,8.442556381225586,0.14063116620788824
sign_test_er0.2__norm_spectral_radius,spectral_radius,3,1.0,1.0,0.1,0.1,7.4991841316223145,13.74807725965303,4.777500629425049,5.902291774749756,0.003450054442510009,0.020532742142677307,0.0,312346,matched_er_4to1_chunk_1,7.110799312591553,12.129240036010742,1.0000003576278687,60.0333251953125,60.0333251953125,8.442556381225586,0.14063116620788824
sign_test_er0.2__norm_spectral_radius,spectral_radius,3,1.0,1.0,0.5,0.1,9.639495849609375,25.17160960453328,8.80112075805664,16.61319351196289,0.003450054442510009,0.020532742142677307,0.0,312346,matched_er_4to1_chunk_1,7.110799312591553,12.129240036010742,1.0000003576278687,60.0333251953125,60.0333251953125,8.442556381225586,0.14063116620788824
sign_test_er0.2__norm_spectral_radius,spectral_radius,3,1.0,1.0,1.0,0.1,8.043246269226074,21.340400712512306,11.029952049255371,26.18270492553711,0.003450054442510009,0.020532742142677307,0.0,312346,matched_er_4to1_chunk_1,7.110799312591553,12.129240036010742,1.0000003576278687,60.0333251953125,60.0333251953125,8.442556381225586,0.14063116620788824
sign_test_er0.2__norm_spectral_radius,spectral_radius,3,1.0,1.0,1.5,0.1,6.872008323669434,17.93106653586345,11.864285469055176,31.820693969726562,0.003450054442510009,0.020532742142677307,0.0,312346,matched_er_4to1_chunk_1,7.110799312591553,12.129240036010742,1.0000003576278687,60.0333251953125,60.0333251953125,8.442556381225586,0.14063116620788824
sign_test_er0.3__norm_spectral_radius,spectral_radius,3,1.0,0.6,0.1,0.1,8.896771430969238,14.084398913595123,6.102546691894531,7.671497821807861,0.0035975321661680937,0.01220865547657013,0.0,312346,matched_er_4to1_chunk_1,4.544097900390625,12.129240036010742,1.0000004768371582,60.0333251953125,60.0333251953125,13.211274147033691,0.2200656812244377
sign_test_er0.3__norm_spectral_radius,spectral_radius,3,1.0,0.6,0.5,0.1,9.357200622558594,22.904135482194473,12.763425827026367,24.547544479370117,0.0035975321661680937,0.01220865547657013,0.0,312346,matched_er_4to1_chunk_1,4.544097900390625,12.129240036010742,1.0000004768371582,60.0333251953125,60.0333251953125,13.211274147033691,0.2200656812244377
sign_test_er0.3__norm_spectral_radius,spectral_radius,3,1.0,0.6,1.0,0.1,7.287346839904785,17.662176979725245,14.994036674499512,35.59808349609375,0.0035975321661680937,0.01220865547657013,0.0,312346,matched_er_4to1_chunk_1,4.544097900390625,12.129240036010742,1.0000004768371582,60.0333251953125,60.0333251953125,13.211274147033691,0.2200656812244377
sign_test_er0.3__norm_spectral_radius,spectral_radius,3,1.0,0.6,1.5,0.1,6.131908893585205,14.718341687447225,15.242425918579102,40.738285064697266,0.0035975321661680937,0.01220865547657013,0.0,312346,matched_er_4to1_chunk_1,4.544097900390625,12.129240036010742,1.0000004768371582,60.0333251953125,60.0333251953125,13.211274147033691,0.2200656812244377
sign_test_er0.3__norm_spectral_radius,spectral_radius,3,1.0,0.8,0.1,0.1,11.304192543029785,17.820486521167503,7.995654582977295,10.195292472839355,0.0035975321661680937,0.01220865547657013,0.0,312346,matched_er_4to1_chunk_1,4.544097900390625,12.129240036010742,1.0000004768371582,60.0333251953125,60.0333251953125,13.211274147033691,0.2200656812244377
sign_test_er0.3__norm_spectral_radius,spectral_radius,3,1.0,0.8,0.5,0.1,10.884966850280762,24.93647584613211,18.14418601989746,35.3919677734375,0.0035975321661680937,0.01220865547657013,0.0,312346,matched_er_4to1_chunk_1,4.544097900390625,12.129240036010742,1.0000004768371582,60.0333251953125,60.0333251953125,13.211274147033691,0.2200656812244377
sign_test_er0.3__norm_spectral_radius,spectral_radius,3,1.0,0.8,1.0,0.1,8.527235984802246,19.811038064992374,21.524076461791992,51.01223373413086,0.0035975321661680937,0.01220865547657013,0.0,312346,matched_er_4to1_chunk_1,4.544097900390625,12.129240036010742,1.0000004768371582,60.0333251953125,60.0333251953125,13.211274147033691,0.2200656812244377
sign_test_er0.3__norm_spectral_radius,spectral_radius,3,1.0,0.8,1.5,0.1,6.988894462585449,16.40101317236165,21.84199333190918,57.6671142578125,0.0035975321661680937,0.01220865547657013,0.0,312346,matched_er_4to1_chunk_1,4.544097900390625,12.129240036010742,1.0000004768371582,60.0333251953125,60.0333251953125,13.211274147033691,0.2200656812244377
sign_test_er0.3__norm_spectral_radius,spectral_radius,3,1.0,1.0,0.1,0.1,16.029537200927734,24.770896262365937,13.339333534240723,17.35569190979004,0.0035975321661680937,0.01220865547657013,0.0,312346,matched_er_4to1_chunk_1,4.544097900390625,12.129240036010742,1.0000004768371582,60.0333251953125,60.0333251953125,13.211274147033691,0.2200656812244377
sign_test_er0.3__norm_spectral_radius,spectral_radius,3,1.0,1.0,0.5,0.1,13.618219375610352,26.77700381024192,30.947240829467773,59.02043151855469,0.0035975321661680937,0.01220865547657013,0.0,312346,matched_er_4to1_chunk_1,4.544097900390625,12.129240036010742,1.0000004768371582,60.0333251953125,60.0333251953125,13.211274147033691,0.2200656812244377
sign_test_er0.3__norm_spectral_radius,spectral_radius,3,1.0,1.0,1.0,0.1,9.785183906555176,20.55681286788007,35.01261520385742,78.92784881591797,0.0035975321661680937,0.01220865547657013,0.0,312346,matched_er_4to1_chunk_1,4.544097900390625,12.129240036010742,1.0000004768371582,60.0333251953125,60.0333251953125,13.211274147033691,0.2200656812244377
sign_test_er0.3__norm_spectral_radius,spectral_radius,3,1.0,1.0,1.5,0.1,7.805721282958984,16.840617443523143,34.51984786987305,85.94255828857422,0.0035975321661680937,0.01220865547657013,0.0,312346,matched_er_4to1_chunk_1,4.544097900390625,12.129240036010742,1.0000004768371582,60.0333251953125,60.0333251953125,13.211274147033691,0.2200656812244377
sign_test_er0.4__norm_spectral_radius,spectral_radius,3,1.0,0.6,0.1,0.1,8.723550796508789,11.025303851645177,14.510584831237793,19.237489700317383,0.002290184609591961,0.004994451068341732,0.0,312346,matched_er_4to1_chunk_1,3.573993444442749,12.129240036010742,1.0000007152557373,60.0333251953125,60.0333251953125,16.797266006469727,0.2797990582648979
sign_test_er0.4__norm_spectral_radius,spectral_radius,3,1.0,0.6,0.5,0.1,10.039285659790039,19.478469901114295,27.818626403808594,52.47075271606445,0.002290184609591961,0.004994451068341732,0.0,312346,matched_er_4to1_chunk_1,3.573993444442749,12.129240036010742,1.0000007152557373,60.0333251953125,60.0333251953125,16.797266006469727,0.2797990582648979
sign_test_er0.4__norm_spectral_radius,spectral_radius,3,1.0,0.6,1.0,0.1,8.024691581726074,16.54559372333722,28.835437774658203,65.35191345214844,0.002290184609591961,0.004994451068341732,0.0,312346,matched_er_4to1_chunk_1,3.573993444442749,12.129240036010742,1.0000007152557373,60.0333251953125,60.0333251953125,16.797266006469727,0.2797990582648979
sign_test_er0.4__norm_spectral_radius,spectral_radius,3,1.0,0.6,1.5,0.1,6.580926418304443,13.92847292094853,27.488452911376953,69.88316345214844,0.002290184609591961,0.004994451068341732,0.0,312346,matched_er_4to1_chunk_1,3.573993444442749,12.129240036010742,1.0000007152557373,60.0333251953125,60.0333251953125,16.797266006469727,0.2797990582648979
sign_test_er0.4__norm_spectral_radius,spectral_radius,3,1.0,0.8,0.1,0.1,19.155000686645508,29.205930908934988,21.74003791809082,29.39501953125,0.002290184609591961,0.004994451068341732,0.0,312346,matched_er_4to1_chunk_1,3.573993444442749,12.129240036010742,1.0000007152557373,60.0333251953125,60.0333251953125,16.797266006469727,0.2797990582648979
sign_test_er0.4__norm_spectral_radius,spectral_radius,3,1.0,0.8,0.5,0.1,13.253162384033203,22.485289203808392,42.57276153564453,77.9782943725586,0.002290184609591961,0.004994451068341732,0.0,312346,matched_er_4to1_chunk_1,3.573993444442749,12.129240036010742,1.0000007152557373,60.0333251953125,60.0333251953125,16.797266006469727,0.2797990582648979
sign_test_er0.4__norm_spectral_radius,spectral_radius,3,1.0,0.8,1.0,0.1,9.365760803222656,17.84913129115202,44.28465270996094,94.89640808105469,0.002290184609591961,0.004994451068341732,0.0,312346,matched_er_4to1_chunk_1,3.573993444442749,12.129240036010742,1.0000007152557373,60.0333251953125,60.0333251953125,16.797266006469727,0.2797990582648979
sign_test_er0.4__norm_spectral_radius,spectral_radius,3,1.0,0.8,1.5,0.1,7.632280349731445,15.110159156445832,41.973365783691406,99.73228454589844,0.002290184609591961,0.004994451068341732,0.0,312346,matched_er_4to1_chunk_1,3.573993444442749,12.129240036010742,1.0000007152557373,60.0333251953125,60.0333251953125,16.797266006469727,0.2797990582648979
sign_test_er0.4__norm_spectral_radius,spectral_radius,3,1.0,1.0,0.1,0.1,28.544857025146484,36.57247363555609,49.74829864501953,65.57291412353516,0.002290184609591961,0.004994451068341732,0.0,312346,matched_er_4to1_chunk_1,3.573993444442749,12.129240036010742,1.0000007152557373,60.0333251953125,60.0333251953125,16.797266006469727,0.2797990582648979
sign_test_er0.4__norm_spectral_radius,spectral_radius,3,1.0,1.0,0.5,0.1,16.91382598876953,24.674751642802534,76.93602752685547,128.61322021484375,0.002290184609591961,0.004994451068341732,0.0,312346,matched_er_4to1_chunk_1,3.573993444442749,12.129240036010742,1.0000007152557373,60.0333251953125,60.0333251953125,16.797266006469727,0.2797990582648979
sign_test_er0.4__norm_spectral_radius,spectral_radius,3,1.0,1.0,1.0,0.1,10.927827835083008,18.245201410450946,75.57810974121094,142.80166625976562,0.002290184609591961,0.004994451068341732,0.0,312346,matched_er_4to1_chunk_1,3.573993444442749,12.129240036010742,1.0000007152557373,60.0333251953125,60.0333251953125,16.797266006469727,0.2797990582648979
sign_test_er0.4__norm_spectral_radius,spectral_radius,3,1.0,1.0,1.5,0.1,8.561488151550293,15.2331330938203,69.88419342041016,144.77186584472656,0.002290184609591961,0.004994451068341732,0.0,312346,matched_er_4to1_chunk_1,3.573993444442749,12.129240036010742,1.0000007152557373,60.0333251953125,60.0333251953125,16.797266006469727,0.2797990582648979
sign_test_er0.5__norm_spectral_radius,spectral_radius,3,1.0,0.6,0.1,0.1,13.609460830688477,22.19499192173963,14.480469703674316,18.435813903808594,-2.7028827093156238e-11,-0.0005549390334635973,0.0,312346,matched_er_4to1_chunk_1,3.6079747676849365,12.129240036010742,0.9999980926513672,60.0333251953125,60.0333251953125,16.63906478881836,0.2771638008548635
sign_test_er0.5__norm_spectral_radius,spectral_radius,3,1.0,0.6,0.5,0.1,9.905975341796875,19.81624859957583,24.863304138183594,47.72378158569336,-2.7028827093156238e-11,-0.0005549390334635973,0.0,312346,matched_er_4to1_chunk_1,3.6079747676849365,12.129240036010742,0.9999980926513672,60.0333251953125,60.0333251953125,16.63906478881836,0.2771638008548635
sign_test_er0.5__norm_spectral_radius,spectral_radius,3,1.0,0.6,1.0,0.1,7.935952186584473,16.194599237628097,27.466087341308594,62.6766242980957,-2.7028827093156238e-11,-0.0005549390334635973,0.0,312346,matched_er_4to1_chunk_1,3.6079747676849365,12.129240036010742,0.9999980926513672,60.0333251953125,60.0333251953125,16.63906478881836,0.2771638008548635
sign_test_er0.5__norm_spectral_radius,spectral_radius,3,1.0,0.6,1.5,0.1,6.629505157470703,13.608400578079674,27.042184829711914,68.38072204589844,-2.7028827093156238e-11,-0.0005549390334635973,0.0,312346,matched_er_4to1_chunk_1,3.6079747676849365,12.129240036010742,0.9999980926513672,60.0333251953125,60.0333251953125,16.63906478881836,0.2771638008548635
sign_test_er0.5__norm_spectral_radius,spectral_radius,3,1.0,0.8,0.1,0.1,19.312952041625977,28.617368450507456,20.76384735107422,27.261493682861328,-2.7028827093156238e-11,-0.0005549390334635973,0.0,312346,matched_er_4to1_chunk_1,3.6079747676849365,12.129240036010742,0.9999980926513672,60.0333251953125,60.0333251953125,16.63906478881836,0.2771638008548635
sign_test_er0.5__norm_spectral_radius,spectral_radius,3,1.0,0.8,0.5,0.1,12.8862886428833,22.960677078692356,38.117767333984375,71.64017486572266,-2.7028827093156238e-11,-0.0005549390334635973,0.0,312346,matched_er_4to1_chunk_1,3.6079747676849365,12.129240036010742,0.9999980926513672,60.0333251953125,60.0333251953125,16.63906478881836,0.2771638008548635
sign_test_er0.5__norm_spectral_radius,spectral_radius,3,1.0,0.8,1.0,0.1,9.291634559631348,18.13396108362606,42.02876281738281,91.22814178466797,-2.7028827093156238e-11,-0.0005549390334635973,0.0,312346,matched_er_4to1_chunk_1,3.6079747676849365,12.129240036010742,0.9999980926513672,60.0333251953125,60.0333251953125,16.63906478881836,0.2771638008548635
sign_test_er0.5__norm_spectral_radius,spectral_radius,3,1.0,0.8,1.5,0.1,7.532983779907227,15.036854683580714,41.07582473754883,97.74781036376953,-2.7028827093156238e-11,-0.0005549390334635973,0.0,312346,matched_er_4to1_chunk_1,3.6079747676849365,12.129240036010742,0.9999980926513672,60.0333251953125,60.0333251953125,16.63906478881836,0.2771638008548635
sign_test_er0.5__norm_spectral_radius,spectral_radius,3,1.0,1.0,0.1,0.1,28.36388397216797,35.58634702801555,46.262184143066406,60.952911376953125,-2.7028827093156238e-11,-0.0005549390334635973,0.0,312346,matched_er_4to1_chunk_1,3.6079747676849365,12.129240036010742,0.9999980926513672,60.0333251953125,60.0333251953125,16.63906478881836,0.2771638008548635
sign_test_er0.5__norm_spectral_radius,spectral_radius,3,1.0,1.0,0.5,0.1,16.093339920043945,24.08409181945967,71.22486877441406,122.39393615722656,-2.7028827093156238e-11,-0.0005549390334635973,0.0,312346,matched_er_4to1_chunk_1,3.6079747676849365,12.129240036010742,0.9999980926513672,60.0333251953125,60.0333251953125,16.63906478881836,0.2771638008548635
sign_test_er0.5__norm_spectral_radius,spectral_radius,3,1.0,1.0,1.0,0.1,10.736427307128906,18.227775388251644,71.74608612060547,138.67430114746094,-2.7028827093156238e-11,-0.0005549390334635973,0.0,312346,matched_er_4to1_chunk_1,3.6079747676849365,12.129240036010742,0.9999980926513672,60.0333251953125,60.0333251953125,16.63906478881836,0.2771638008548635
sign_test_er0.5__norm_spectral_radius,spectral_radius,3,1.0,1.0,1.5,0.1,8.559438705444336,15.278142353016023,67.35679626464844,141.76370239257812,-2.7028827093156238e-11,-0.0005549390334635973,0.0,312346,matched_er_4to1_chunk_1,3.6079747676849365,12.129240036010742,0.9999980926513672,60.0333251953125,60.0333251953125,16.63906478881836,0.2771638008548635
sign_test_er0.6__norm_spectral_radius,spectral_radius,3,1.0,0.6,0.1,0.1,13.655322074890137,22.588571356559896,11.218263626098633,14.021801948547363,-0.0021647466346621513,-0.008324090391397476,0.0,312346,matched_er_4to1_chunk_1,3.7706174850463867,12.129240036010742,1.0000003576278687,60.0333251953125,60.0333251953125,15.921350479125977,0.26520855111021635
sign_test_er0.6__norm_spectral_radius,spectral_radius,3,1.0,0.6,0.5,0.1,10.220763206481934,20.419026235183537,20.21211814880371,38.99656677246094,-0.0021647466346621513,-0.008324090391397476,0.0,312346,matched_er_4to1_chunk_1,3.7706174850463867,12.129240036010742,1.0000003576278687,60.0333251953125,60.0333251953125,15.921350479125977,0.26520855111021635
sign_test_er0.6__norm_spectral_radius,spectral_radius,3,1.0,0.6,1.0,0.1,8.023009300231934,16.633036656837362,23.209314346313477,54.102970123291016,-0.0021647466346621513,-0.008324090391397476,0.0,312346,matched_er_4to1_chunk_1,3.7706174850463867,12.129240036010742,1.0000003576278687,60.0333251953125,60.0333251953125,15.921350479125977,0.26520855111021635
sign_test_er0.6__norm_spectral_radius,spectral_radius,3,1.0,0.6,1.5,0.1,6.618796348571777,13.90028943780635,23.344120025634766,60.47658920288086,-0.0021647466346621513,-0.008324090391397476,0.0,312346,matched_er_4to1_chunk_1,3.7706174850463867,12.129240036010742,1.0000003576278687,60.0333251953125,60.0333251953125,15.921350479125977,0.26520855111021635
sign_test_er0.6__norm_spectral_radius,spectral_radius,3,1.0,0.8,0.1,0.1,19.476472854614258,30.310452852030522,15.885858535766602,20.424497604370117,-0.0021647466346621513,-0.008324090391397476,0.0,312346,matched_er_4to1_chunk_1,3.7706174850463867,12.129240036010742,1.0000003576278687,60.0333251953125,60.0333251953125,15.921350479125977,0.26520855111021635
sign_test_er0.6__norm_spectral_radius,spectral_radius,3,1.0,0.8,0.5,0.1,12.625982284545898,23.10952129783368,31.18579864501953,59.95681381225586,-0.0021647466346621513,-0.008324090391397476,0.0,312346,matched_er_4to1_chunk_1,3.7706174850463867,12.129240036010742,1.0000003576278687,60.0333251953125,60.0333251953125,15.921350479125977,0.26520855111021635
sign_test_er0.6__norm_spectral_radius,spectral_radius,3,1.0,0.8,1.0,0.1,9.08071517944336,18.29251008188669,35.62799072265625,79.91117095947266,-0.0021647466346621513,-0.008324090391397476,0.0,312346,matched_er_4to1_chunk_1,3.7706174850463867,12.129240036010742,1.0000003576278687,60.0333251953125,60.0333251953125,15.921350479125977,0.26520855111021635
sign_test_er0.6__norm_spectral_radius,spectral_radius,3,1.0,0.8,1.5,0.1,7.495615005493164,15.213980448424952,35.43110656738281,87.111572265625,-0.0021647466346621513,-0.008324090391397476,0.0,312346,matched_er_4to1_chunk_1,3.7706174850463867,12.129240036010742,1.0000003576278687,60.0333251953125,60.0333251953125,15.921350479125977,0.26520855111021635
sign_test_er0.6__norm_spectral_radius,spectral_radius,3,1.0,1.0,0.1,0.1,28.536705017089844,36.68770400980903,34.280548095703125,45.00779342651367,-0.0021647466346621513,-0.008324090391397476,0.0,312346,matched_er_4to1_chunk_1,3.7706174850463867,12.129240036010742,1.0000003576278687,60.0333251953125,60.0333251953125,15.921350479125977,0.26520855111021635
sign_test_er0.6__norm_spectral_radius,spectral_radius,3,1.0,1.0,0.5,0.1,15.98437786102295,24.45662578211102,59.87541961669922,106.00659942626953,-0.0021647466346621513,-0.008324090391397476,0.0,312346,matched_er_4to1_chunk_1,3.7706174850463867,12.129240036010742,1.0000003576278687,60.0333251953125,60.0333251953125,15.921350479125977,0.26520855111021635
sign_test_er0.6__norm_spectral_radius,spectral_radius,3,1.0,1.0,1.0,0.1,10.437546730041504,18.253610281849774,62.28321075439453,124.66072082519531,-0.0021647466346621513,-0.008324090391397476,0.0,312346,matched_er_4to1_chunk_1,3.7706174850463867,12.129240036010742,1.0000003576278687,60.0333251953125,60.0333251953125,15.921350479125977,0.26520855111021635
sign_test_er0.6__norm_spectral_radius,spectral_radius,3,1.0,1.0,1.5,0.1,8.25909423828125,14.97634376385497,59.237308502197266,129.1111297607422,-0.0021647466346621513,-0.008324090391397476,0.0,312346,matched_er_4to1_chunk_1,3.7706174850463867,12.129240036010742,1.0000003576278687,60.0333251953125,60.0333251953125,15.921350479125977,0.26520855111021635
sign_test_er0.7__norm_spectral_radius,spectral_radius,3,1.0,0.6,0.1,0.1,10.3953275680542,16.72858250817979,4.411321640014648,5.085165500640869,-0.003137450898066163,-0.013873474672436714,0.0,312346,matched_er_4to1_chunk_1,5.203225135803223,12.129240036010742,1.0,60.0333251953125,60.0333251953125,11.537714004516602,0.19218849346322392
sign_test_er0.7__norm_spectral_radius,spectral_radius,3,1.0,0.6,0.5,0.1,9.250596046447754,22.407328669246,7.517343997955322,14.059048652648926,-0.003137450898066163,-0.013873474672436714,0.0,312346,matched_er_4to1_chunk_1,5.203225135803223,12.129240036010742,1.0,60.0333251953125,60.0333251953125,11.537714004516602,0.19218849346322392
sign_test_er0.7__norm_spectral_radius,spectral_radius,3,1.0,0.6,1.0,0.1,6.912333965301514,17.533483668619056,9.839734077453613,23.3760986328125,-0.003137450898066163,-0.013873474672436714,0.0,312346,matched_er_4to1_chunk_1,5.203225135803223,12.129240036010742,1.0,60.0333251953125,60.0333251953125,11.537714004516602,0.19218849346322392
sign_test_er0.7__norm_spectral_radius,spectral_radius,3,1.0,0.6,1.5,0.1,5.747435569763184,14.110012782514413,10.750900268554688,28.737960815429688,-0.003137450898066163,-0.013873474672436714,0.0,312346,matched_er_4to1_chunk_1,5.203225135803223,12.129240036010742,1.0,60.0333251953125,60.0333251953125,11.537714004516602,0.19218849346322392
sign_test_er0.7__norm_spectral_radius,spectral_radius,3,1.0,0.8,0.1,0.1,13.325668334960938,21.631935809818472,5.429206848144531,6.3660407066345215,-0.003137450898066163,-0.013873474672436714,0.0,312346,matched_er_4to1_chunk_1,5.203225135803223,12.129240036010742,1.0,60.0333251953125,60.0333251953125,11.537714004516602,0.19218849346322392
sign_test_er0.7__norm_spectral_radius,spectral_radius,3,1.0,0.8,0.5,0.1,10.455232620239258,24.766043424930952,10.284479141235352,20.04168701171875,-0.003137450898066163,-0.013873474672436714,0.0,312346,matched_er_4to1_chunk_1,5.203225135803223,12.129240036010742,1.0,60.0333251953125,60.0333251953125,11.537714004516602,0.19218849346322392
sign_test_er0.7__norm_spectral_radius,spectral_radius,3,1.0,0.8,1.0,0.1,7.753251075744629,19.300143960117474,13.816303253173828,33.58921432495117,-0.003137450898066163,-0.013873474672436714,0.0,312346,matched_er_4to1_chunk_1,5.203225135803223,12.129240036010742,1.0,60.0333251953125,60.0333251953125,11.537714004516602,0.19218849346322392
sign_test_er0.7__norm_spectral_radius,spectral_radius,3,1.0,0.8,1.5,0.1,6.455008029937744,15.83507346568166,15.058806419372559,40.813541412353516,-0.003137450898066163,-0.013873474672436714,0.0,312346,matched_er_4to1_chunk_1,5.203225135803223,12.129240036010742,1.0,60.0333251953125,60.0333251953125,11.537714004516602,0.19218849346322392
sign_test_er0.7__norm_spectral_radius,spectral_radius,3,1.0,1.0,0.1,0.1,17.13003921508789,27.966139959680348,8.532066345214844,10.302428245544434,-0.003137450898066163,-0.013873474672436714,0.0,312346,matched_er_4to1_chunk_1,5.203225135803223,12.129240036010742,1.0,60.0333251953125,60.0333251953125,11.537714004516602,0.19218849346322392
sign_test_er0.7__norm_spectral_radius,spectral_radius,3,1.0,1.0,0.5,0.1,12.409448623657227,26.088711843575616,17.004438400268555,33.78078842163086,-0.003137450898066163,-0.013873474672436714,0.0,312346,matched_er_4to1_chunk_1,5.203225135803223,12.129240036010742,1.0,60.0333251953125,60.0333251953125,11.537714004516602,0.19218849346322392
sign_test_er0.7__norm_spectral_radius,spectral_radius,3,1.0,1.0,1.0,0.1,9.039264678955078,20.203127063072156,22.064697265625,52.90468978881836,-0.003137450898066163,-0.013873474672436714,0.0,312346,matched_er_4to1_chunk_1,5.203225135803223,12.129240036010742,1.0,60.0333251953125,60.0333251953125,11.537714004516602,0.19218849346322392
sign_test_er0.7__norm_spectral_radius,spectral_radius,3,1.0,1.0,1.5,0.1,7.330954074859619,16.704657221293434,23.3773136138916,61.792213439941406,-0.003137450898066163,-0.013873474672436714,0.0,312346,matched_er_4to1_chunk_1,5.203225135803223,12.129240036010742,1.0,60.0333251953125,60.0333251953125,11.537714004516602,0.19218849346322392
sign_test_er0.8__norm_spectral_radius,spectral_radius,3,1.0,0.6,0.1,0.1,7.173652648925781,11.308688204701,2.8258814811706543,3.143836259841919,-0.0032736428547650576,-0.021087685599923134,0.0,312346,matched_er_4to1_chunk_1,7.487063407897949,12.129240036010742,1.0000004768371582,60.0333251953125,60.0333251953125,8.01827335357666,0.13356371457267485
sign_test_er0.8__norm_spectral_radius,spectral_radius,3,1.0,0.6,0.5,0.1,6.155797481536865,15.106156098929304,4.236490726470947,7.182702541351318,-0.0032736428547650576,-0.021087685599923134,0.0,312346,matched_er_4to1_chunk_1,7.487063407897949,12.129240036010742,1.0000004768371582,60.0333251953125,60.0333251953125,8.01827335357666,0.13356371457267485
sign_test_er0.8__norm_spectral_radius,spectral_radius,3,1.0,0.6,1.0,0.1,4.027992248535156,9.854054406830656,5.42546272277832,11.80655288696289,-0.0032736428547650576,-0.021087685599923134,0.0,312346,matched_er_4to1_chunk_1,7.487063407897949,12.129240036010742,1.0000004768371582,60.0333251953125,60.0333251953125,8.01827335357666,0.13356371457267485
sign_test_er0.8__norm_spectral_radius,spectral_radius,3,1.0,0.6,1.5,0.1,2.716747760772705,7.192753407577882,5.99630069732666,14.82949161529541,-0.0032736428547650576,-0.021087685599923134,0.0,312346,matched_er_4to1_chunk_1,7.487063407897949,12.129240036010742,1.0000004768371582,60.0333251953125,60.0333251953125,8.01827335357666,0.13356371457267485
sign_test_er0.8__norm_spectral_radius,spectral_radius,3,1.0,0.8,0.1,0.1,8.955870628356934,14.356577396261224,3.242974042892456,3.634155035018921,-0.0032736428547650576,-0.021087685599923134,0.0,312346,matched_er_4to1_chunk_1,7.487063407897949,12.129240036010742,1.0000004768371582,60.0333251953125,60.0333251953125,8.01827335357666,0.13356371457267485
sign_test_er0.8__norm_spectral_radius,spectral_radius,3,1.0,0.8,0.5,0.1,6.066672325134277,15.681726860457806,5.173511981964111,9.105463981628418,-0.0032736428547650576,-0.021087685599923134,0.0,312346,matched_er_4to1_chunk_1,7.487063407897949,12.129240036010742,1.0000004768371582,60.0333251953125,60.0333251953125,8.01827335357666,0.13356371457267485
sign_test_er0.8__norm_spectral_radius,spectral_radius,3,1.0,0.8,1.0,0.1,3.6965460777282715,10.507211774009651,6.822054386138916,15.481709480285645,-0.0032736428547650576,-0.021087685599923134,0.0,312346,matched_er_4to1_chunk_1,7.487063407897949,12.129240036010742,1.0000004768371582,60.0333251953125,60.0333251953125,8.01827335357666,0.13356371457267485
sign_test_er0.8__norm_spectral_radius,spectral_radius,3,1.0,0.8,1.5,0.1,3.020383834838867,6.471247759014962,7.584864139556885,19.563432693481445,-0.0032736428547650576,-0.021087685599923134,0.0,312346,matched_er_4to1_chunk_1,7.487063407897949,12.129240036010742,1.0000004768371582,60.0333251953125,60.0333251953125,8.01827335357666,0.13356371457267485
sign_test_er0.8__norm_spectral_radius,spectral_radius,3,1.0,1.0,0.1,0.1,10.853006362915039,18.366420744582513,4.326822280883789,4.908616065979004,-0.0032736428547650576,-0.021087685599923134,0.0,312346,matched_er_4to1_chunk_1,7.487063407897949,12.129240036010742,1.0000004768371582,60.0333251953125,60.0333251953125,8.01827335357666,0.13356371457267485
sign_test_er0.8__norm_spectral_radius,spectral_radius,3,1.0,1.0,0.5,0.1,7.7539286613464355,19.350369555235112,7.16630220413208,13.163284301757812,-0.0032736428547650576,-0.021087685599923134,0.0,312346,matched_er_4to1_chunk_1,7.487063407897949,12.129240036010742,1.0000004768371582,60.0333251953125,60.0333251953125,8.01827335357666,0.13356371457267485
sign_test_er0.8__norm_spectral_radius,spectral_radius,3,1.0,1.0,1.0,0.1,8.001083374023438,18.055633553983554,9.447925567626953,22.236722946166992,-0.0032736428547650576,-0.021087685599923134,0.0,312346,matched_er_4to1_chunk_1,7.487063407897949,12.129240036010742,1.0000004768371582,60.0333251953125,60.0333251953125,8.01827335357666,0.13356371457267485
sign_test_er0.8__norm_spectral_radius,spectral_radius,3,1.0,1.0,1.5,0.1,6.706329822540283,17.41652294709843,10.401975631713867,27.722850799560547,-0.0032736428547650576,-0.021087685599923134,0.0,312346,matched_er_4to1_chunk_1,7.487063407897949,12.129240036010742,1.0000004768371582,60.0333251953125,60.0333251953125,8.01827335357666,0.13356371457267485
sign_test_er0.9__norm_spectral_radius,spectral_radius,3,1.0,0.6,0.1,0.1,5.92467737197876,9.268260213824945,2.282374858856201,2.504603385925293,-0.003343577031046152,-0.032741397619247437,0.0,312346,matched_er_4to1_chunk_1,9.771690368652344,12.129240036010742,0.9999997615814209,60.0333251953125,60.0333251953125,6.143596649169922,0.10233643947704356
sign_test_er0.9__norm_spectral_radius,spectral_radius,3,1.0,0.6,0.5,0.1,5.7479567527771,13.155518336109253,3.185351848602295,5.089305400848389,-0.003343577031046152,-0.032741397619247437,0.0,312346,matched_er_4to1_chunk_1,9.771690368652344,12.129240036010742,0.9999997615814209,60.0333251953125,60.0333251953125,6.143596649169922,0.10233643947704356
sign_test_er0.9__norm_spectral_radius,spectral_radius,3,1.0,0.6,1.0,0.1,2.404989004135132,5.669155685498574,3.9389402866363525,7.983263969421387,-0.003343577031046152,-0.032741397619247437,0.0,312346,matched_er_4to1_chunk_1,9.771690368652344,12.129240036010742,0.9999997615814209,60.0333251953125,60.0333251953125,6.143596649169922,0.10233643947704356
sign_test_er0.9__norm_spectral_radius,spectral_radius,3,1.0,0.6,1.5,0.1,2.525324821472168,5.381589996263426,4.331239700317383,9.975955963134766,-0.003343577031046152,-0.032741397619247437,0.0,312346,matched_er_4to1_chunk_1,9.771690368652344,12.129240036010742,0.9999997615814209,60.0333251953125,60.0333251953125,6.143596649169922,0.10233643947704356
sign_test_er0.9__norm_spectral_radius,spectral_radius,3,1.0,0.8,0.1,0.1,7.257059097290039,11.546663477983932,2.5553314685821533,2.814621686935425,-0.003343577031046152,-0.032741397619247437,0.0,312346,matched_er_4to1_chunk_1,9.771690368652344,12.129240036010742,0.9999997615814209,60.0333251953125,60.0333251953125,6.143596649169922,0.10233643947704356
sign_test_er0.9__norm_spectral_radius,spectral_radius,3,1.0,0.8,0.5,0.1,5.942393779754639,13.884193689725643,3.715667247772217,6.101879596710205,-0.003343577031046152,-0.032741397619247437,0.0,312346,matched_er_4to1_chunk_1,9.771690368652344,12.129240036010742,0.9999997615814209,60.0333251953125,60.0333251953125,6.143596649169922,0.10233643947704356
sign_test_er0.9__norm_spectral_radius,spectral_radius,3,1.0,0.8,1.0,0.1,3.7856483459472656,9.418572008527004,4.685750484466553,9.858782768249512,-0.003343577031046152,-0.032741397619247437,0.0,312346,matched_er_4to1_chunk_1,9.771690368652344,12.129240036010742,0.9999997615814209,60.0333251953125,60.0333251953125,6.143596649169922,0.10233643947704356
sign_test_er0.9__norm_spectral_radius,spectral_radius,3,1.0,0.8,1.5,0.1,3.3200931549072266,7.650730779067374,5.170602321624756,12.411209106445312,-0.003343577031046152,-0.032741397619247437,0.0,312346,matched_er_4to1_chunk_1,9.771690368652344,12.129240036010742,0.9999997615814209,60.0333251953125,60.0333251953125,6.143596649169922,0.10233643947704356
sign_test_er0.9__norm_spectral_radius,spectral_radius,3,1.0,1.0,0.1,0.1,8.138456344604492,14.053251566420755,3.4068901538848877,3.778895854949951,-0.003343577031046152,-0.032741397619247437,0.0,312346,matched_er_4to1_chunk_1,9.771690368652344,12.129240036010742,0.9999997615814209,60.0333251953125,60.0333251953125,6.143596649169922,0.10233643947704356
sign_test_er0.9__norm_spectral_radius,spectral_radius,3,1.0,1.0,0.5,0.1,6.830625057220459,14.969953724447306,4.885143756866455,8.36550521850586,-0.003343577031046152,-0.032741397619247437,0.0,312346,matched_er_4to1_chunk_1,9.771690368652344,12.129240036010742,0.9999997615814209,60.0333251953125,60.0333251953125,6.143596649169922,0.10233643947704356
sign_test_er0.9__norm_spectral_radius,spectral_radius,3,1.0,1.0,1.0,0.1,4.187122344970703,11.557043721993978,6.081168174743652,13.347328186035156,-0.003343577031046152,-0.032741397619247437,0.0,312346,matched_er_4to1_chunk_1,9.771690368652344,12.129240036010742,0.9999997615814209,60.0333251953125,60.0333251953125,6.143596649169922,0.10233643947704356
sign_test_er0.9__norm_spectral_radius,spectral_radius,3,1.0,1.0,1.5,0.1,3.7250587940216064,7.1547292810518925,6.609864234924316,16.572246551513672,-0.003343577031046152,-0.032741397619247437,0.0,312346,matched_er_4to1_chunk_1,9.771690368652344,12.129240036010742,0.9999997615814209,60.0333251953125,60.0333251953125,6.143596649169922,0.10233643947704356
sign_test_er1.0__norm_spectral_radius,spectral_radius,3,1.0,0.6,0.1,0.1,5.198082447052002,7.947106640056591,1.9420595169067383,2.1191110610961914,-0.003368513425812125,-0.04384017735719681,0.0,312346,matched_er_4to1_chunk_1,12.129240989685059,12.129240036010742,0.9999992251396179,60.0333251953125,60.0333251953125,4.9494709968566895,0.08244538968682537
sign_test_er1.0__norm_spectral_radius,spectral_radius,3,1.0,0.6,0.5,0.1,4.3083014488220215,10.54795952514056,2.5946452617645264,3.9841530323028564,-0.003368513425812125,-0.04384017735719681,0.0,312346,matched_er_4to1_chunk_1,12.129240989685059,12.129240036010742,0.9999992251396179,60.0333251953125,60.0333251953125,4.9494709968566895,0.08244538968682537
sign_test_er1.0__norm_spectral_radius,spectral_radius,3,1.0,0.6,1.0,0.1,3.439981460571289,7.58976607578947,3.14918851852417,6.034240245819092,-0.003368513425812125,-0.04384017735719681,0.0,312346,matched_er_4to1_chunk_1,12.129240989685059,12.129240036010742,0.9999992251396179,60.0333251953125,60.0333251953125,4.9494709968566895,0.08244538968682537
sign_test_er1.0__norm_spectral_radius,spectral_radius,3,1.0,0.6,1.5,0.1,2.5085017681121826,5.9267089295985835,3.4566657543182373,7.484363555908203,-0.003368513425812125,-0.04384017735719681,0.0,312346,matched_er_4to1_chunk_1,12.129240989685059,12.129240036010742,0.9999992251396179,60.0333251953125,60.0333251953125,4.9494709968566895,0.08244538968682537
sign_test_er1.0__norm_spectral_radius,spectral_radius,3,1.0,0.8,0.1,0.1,6.177986145019531,9.710299181115005,2.143766403198242,2.341535806655884,-0.003368513425812125,-0.04384017735719681,0.0,312346,matched_er_4to1_chunk_1,12.129240989685059,12.129240036010742,0.9999992251396179,60.0333251953125,60.0333251953125,4.9494709968566895,0.08244538968682537
sign_test_er1.0__norm_spectral_radius,spectral_radius,3,1.0,0.8,0.5,0.1,5.395195007324219,12.825580111791623,2.923003911972046,4.565587043762207,-0.003368513425812125,-0.04384017735719681,0.0,312346,matched_er_4to1_chunk_1,12.129240989685059,12.129240036010742,0.9999992251396179,60.0333251953125,60.0333251953125,4.9494709968566895,0.08244538968682537
sign_test_er1.0__norm_spectral_radius,spectral_radius,3,1.0,0.8,1.0,0.1,4.276902198791504,9.411619396979944,3.6016461849212646,7.114284038543701,-0.003368513425812125,-0.04384017735719681,0.0,312346,matched_er_4to1_chunk_1,12.129240989685059,12.129240036010742,0.9999992251396179,60.0333251953125,60.0333251953125,4.9494709968566895,0.08244538968682537
sign_test_er1.0__norm_spectral_radius,spectral_radius,3,1.0,0.8,1.5,0.1,3.2699642181396484,6.445358684757041,3.9736733436584473,8.930323600769043,-0.003368513425812125,-0.04384017735719681,0.0,312346,matched_er_4to1_chunk_1,12.129240989685059,12.129240036010742,0.9999992251396179,60.0333251953125,60.0333251953125,4.9494709968566895,0.08244538968682537
sign_test_er1.0__norm_spectral_radius,spectral_radius,3,1.0,1.0,0.1,0.1,6.8177876472473145,11.747230786178264,2.920081377029419,3.1886203289031982,-0.003368513425812125,-0.04384017735719681,0.0,312346,matched_er_4to1_chunk_1,12.129240989685059,12.129240036010742,0.9999992251396179,60.0333251953125,60.0333251953125,4.9494709968566895,0.08244538968682537
sign_test_er1.0__norm_spectral_radius,spectral_radius,3,1.0,1.0,0.5,0.1,5.873996257781982,14.309334830005053,3.624221086502075,5.798505783081055,-0.003368513425812125,-0.04384017735719681,0.0,312346,matched_er_4to1_chunk_1,12.129240989685059,12.129240036010742,0.9999992251396179,60.0333251953125,60.0333251953125,4.9494709968566895,0.08244538968682537
sign_test_er1.0__norm_spectral_radius,spectral_radius,3,1.0,1.0,1.0,0.1,4.033416748046875,10.533023025408198,4.419145584106445,9.060489654541016,-0.003368513425812125,-0.04384017735719681,0.0,312346,matched_er_4to1_chunk_1,12.129240989685059,12.129240036010742,0.9999992251396179,60.0333251953125,60.0333251953125,4.9494709968566895,0.08244538968682537
sign_test_er1.0__norm_spectral_radius,spectral_radius,3,1.0,1.0,1.5,0.1,3.069324493408203,5.488734984753137,4.853448867797852,11.386021614074707,-0.003368513425812125,-0.04384017735719681,0.0,312346,matched_er_4to1_chunk_1,12.129240989685059,12.129240036010742,0.9999992251396179,60.0333251953125,60.0333251953125,4.9494709968566895,0.08244538968682537
sign_test_er0.0__norm_spectral_radius,spectral_radius,4,1.0,0.6,0.1,0.1,4.2927470207214355,5.858258695594941,2.889993190765381,3.2776293754577637,0.003359765512868762,0.04162043333053589,0.0,412346,matched_er_4to1_chunk_1,12.160821914672852,12.160821914672852,1.000000238418579,60.0333251953125,60.0333251953125,4.936617374420166,0.08223128395568663
sign_test_er0.0__norm_spectral_radius,spectral_radius,4,1.0,0.6,0.5,0.1,3.4197773933410645,7.7830875375837,3.629763603210449,5.430700302124023,0.003359765512868762,0.04162043333053589,0.0,412346,matched_er_4to1_chunk_1,12.160821914672852,12.160821914672852,1.000000238418579,60.0333251953125,60.0333251953125,4.936617374420166,0.08223128395568663
sign_test_er0.0__norm_spectral_radius,spectral_radius,4,1.0,0.6,1.0,0.1,2.636244535446167,5.828630316359607,3.986358165740967,7.399443626403809,0.003359765512868762,0.04162043333053589,0.0,412346,matched_er_4to1_chunk_1,12.160821914672852,12.160821914672852,1.000000238418579,60.0333251953125,60.0333251953125,4.936617374420166,0.08223128395568663
sign_test_er0.0__norm_spectral_radius,spectral_radius,4,1.0,0.6,1.5,0.1,3.1075217723846436,7.45513007182187,4.134191989898682,8.691030502319336,0.003359765512868762,0.04162043333053589,0.0,412346,matched_er_4to1_chunk_1,12.160821914672852,12.160821914672852,1.000000238418579,60.0333251953125,60.0333251953125,4.936617374420166,0.08223128395568663
sign_test_er0.0__norm_spectral_radius,spectral_radius,4,1.0,0.8,0.1,0.1,5.278602123260498,7.8220008583631255,3.108964204788208,3.5168354511260986,0.003359765512868762,0.04162043333053589,0.0,412346,matched_er_4to1_chunk_1,12.160821914672852,12.160821914672852,1.000000238418579,60.0333251953125,60.0333251953125,4.936617374420166,0.08223128395568663
sign_test_er0.0__norm_spectral_radius,spectral_radius,4,1.0,0.8,0.5,0.1,4.369899749755859,6.756167786939159,4.071687698364258,6.274755954742432,0.003359765512868762,0.04162043333053589,0.0,412346,matched_er_4to1_chunk_1,12.160821914672852,12.160821914672852,1.000000238418579,60.0333251953125,60.0333251953125,4.936617374420166,0.08223128395568663
sign_test_er0.0__norm_spectral_radius,spectral_radius,4,1.0,0.8,1.0,0.1,3.5555307865142822,9.720752065081468,4.595138072967529,8.891566276550293,0.003359765512868762,0.04162043333053589,0.0,412346,matched_er_4to1_chunk_1,12.160821914672852,12.160821914672852,1.000000238418579,60.0333251953125,60.0333251953125,4.936617374420166,0.08223128395568663
sign_test_er0.0__norm_spectral_radius,spectral_radius,4,1.0,0.8,1.5,0.1,2.593273162841797,6.085980867920034,4.81532621383667,10.575328826904297,0.003359765512868762,0.04162043333053589,0.0,412346,matched_er_4to1_chunk_1,12.160821914672852,12.160821914672852,1.000000238418579,60.0333251953125,60.0333251953125,4.936617374420166,0.08223128395568663
sign_test_er0.0__norm_spectral_radius,spectral_radius,4,1.0,1.0,0.1,0.1,6.511009216308594,10.04441084338006,3.432091236114502,3.889237403869629,0.003359765512868762,0.04162043333053589,0.0,412346,matched_er_4to1_chunk_1,12.160821914672852,12.160821914672852,1.000000238418579,60.0333251953125,60.0333251953125,4.936617374420166,0.08223128395568663
sign_test_er0.0__norm_spectral_radius,spectral_radius,4,1.0,1.0,0.5,0.1,5.276843547821045,12.740857128012085,4.731595516204834,7.558879375457764,0.003359765512868762,0.04162043333053589,0.0,412346,matched_er_4to1_chunk_1,12.160821914672852,12.160821914672852,1.000000238418579,60.0333251953125,60.0333251953125,4.936617374420166,0.08223128395568663
sign_test_er0.0__norm_spectral_radius,spectral_radius,4,1.0,1.0,1.0,0.1,4.80450439453125,10.299152899598623,5.515909194946289,11.163751602172852,0.003359765512868762,0.04162043333053589,0.0,412346,matched_er_4to1_chunk_1,12.160821914672852,12.160821914672852,1.000000238418579,60.0333251953125,60.0333251953125,4.936617374420166,0.08223128395568663
sign_test_er0.0__norm_spectral_radius,spectral_radius,4,1.0,1.0,1.5,0.1,4.071972370147705,8.79358274253346,5.841985702514648,13.425538063049316,0.003359765512868762,0.04162043333053589,0.0,412346,matched_er_4to1_chunk_1,12.160821914672852,12.160821914672852,1.000000238418579,60.0333251953125,60.0333251953125,4.936617374420166,0.08223128395568663
sign_test_er0.1__norm_spectral_radius,spectral_radius,4,1.0,0.6,0.1,0.1,5.3701958656311035,8.369367147482649,3.13797664642334,3.573441505432129,0.003357562469318509,0.03440622240304947,0.0,412346,matched_er_4to1_chunk_1,9.737741470336914,12.160821914672852,0.9999996423721313,60.0333251953125,60.0333251953125,6.165014743804932,0.10269321721532634
sign_test_er0.1__norm_spectral_radius,spectral_radius,4,1.0,0.6,0.5,0.1,4.358331680297852,7.781677632724348,3.9824461936950684,6.1232733726501465,0.003357562469318509,0.03440622240304947,0.0,412346,matched_er_4to1_chunk_1,9.737741470336914,12.160821914672852,0.9999996423721313,60.0333251953125,60.0333251953125,6.165014743804932,0.10269321721532634
sign_test_er0.1__norm_spectral_radius,spectral_radius,4,1.0,0.6,1.0,0.1,2.9461021423339844,6.4640003702744835,4.510300636291504,8.737133026123047,0.003357562469318509,0.03440622240304947,0.0,412346,matched_er_4to1_chunk_1,9.737741470336914,12.160821914672852,0.9999996423721313,60.0333251953125,60.0333251953125,6.165014743804932,0.10269321721532634
sign_test_er0.1__norm_spectral_radius,spectral_radius,4,1.0,0.6,1.5,0.1,0.9472393989562988,2.3112370831756976,4.759108066558838,10.52267074584961,0.003357562469318509,0.03440622240304947,0.0,412346,matched_er_4to1_chunk_1,9.737741470336914,12.160821914672852,0.9999996423721313,60.0333251953125,60.0333251953125,6.165014743804932,0.10269321721532634
sign_test_er0.1__norm_spectral_radius,spectral_radius,4,1.0,0.8,0.1,0.1,6.620996475219727,10.88611681831577,3.4500555992126465,3.9203898906707764,0.003357562469318509,0.03440622240304947,0.0,412346,matched_er_4to1_chunk_1,9.737741470336914,12.160821914672852,0.9999996423721313,60.0333251953125,60.0333251953125,6.165014743804932,0.10269321721532634
sign_test_er0.1__norm_spectral_radius,spectral_radius,4,1.0,0.8,0.5,0.1,5.622333526611328,11.998399520656719,4.613886833190918,7.35703706741333,0.003357562469318509,0.03440622240304947,0.0,412346,matched_er_4to1_chunk_1,9.737741470336914,12.160821914672852,0.9999996423721313,60.0333251953125,60.0333251953125,6.165014743804932,0.10269321721532634
sign_test_er0.1__norm_spectral_radius,spectral_radius,4,1.0,0.8,1.0,0.1,3.1265063285827637,5.747819684242131,5.397634029388428,10.977791786193848,0.003357562469318509,0.03440622240304947,0.0,412346,matched_er_4to1_chunk_1,9.737741470336914,12.160821914672852,0.9999996423721313,60.0333251953125,60.0333251953125,6.165014743804932,0.10269321721532634
sign_test_er0.1__norm_spectral_radius,spectral_radius,4,1.0,0.8,1.5,0.1,3.540386199951172,5.395686055311189,5.756308078765869,13.363029479980469,0.003357562469318509,0.03440622240304947,0.0,412346,matched_er_4to1_chunk_1,9.737741470336914,12.160821914672852,0.9999996423721313,60.0333251953125,60.0333251953125,6.165014743804932,0.10269321721532634
sign_test_er0.1__norm_spectral_radius,spectral_radius,4,1.0,1.0,0.1,0.1,8.386418342590332,13.63418484135532,3.9493374824523926,4.50421142578125,0.003357562469318509,0.03440622240304947,0.0,412346,matched_er_4to1_chunk_1,9.737741470336914,12.160821914672852,0.9999996423721313,60.0333251953125,60.0333251953125,6.165014743804932,0.10269321721532634
sign_test_er0.1__norm_spectral_radius,spectral_radius,4,1.0,1.0,0.5,0.1,7.194222450256348,15.719874517421204,5.652271747589111,9.414234161376953,0.003357562469318509,0.03440622240304947,0.0,412346,matched_er_4to1_chunk_1,9.737741470336914,12.160821914672852,0.9999996423721313,60.0333251953125,60.0333251953125,6.165014743804932,0.10269321721532634
sign_test_er0.1__norm_spectral_radius,spectral_radius,4,1.0,1.0,1.0,0.1,4.57535982131958,8.373277725119948,6.861990928649902,14.665114402770996,0.003357562469318509,0.03440622240304947,0.0,412346,matched_er_4to1_chunk_1,9.737741470336914,12.160821914672852,0.9999996423721313,60.0333251953125,60.0333251953125,6.165014743804932,0.10269321721532634
sign_test_er0.1__norm_spectral_radius,spectral_radius,4,1.0,1.0,1.5,0.1,4.436317443847656,8.883453087049077,7.3863396644592285,17.965803146362305,0.003357562469318509,0.03440622240304947,0.0,412346,matched_er_4to1_chunk_1,9.737741470336914,12.160821914672852,0.9999996423721313,60.0333251953125,60.0333251953125,6.165014743804932,0.10269321721532634
sign_test_er0.2__norm_spectral_radius,spectral_radius,4,1.0,0.6,0.1,0.1,6.990775108337402,10.776043190029604,3.860997200012207,4.360604763031006,0.003361716168001294,0.028301913291215897,0.0,412346,matched_er_4to1_chunk_1,7.29765510559082,12.160821914672852,1.0000001192092896,60.0333251953125,60.0333251953125,8.226385116577148,0.13703031803104646
sign_test_er0.2__norm_spectral_radius,spectral_radius,4,1.0,0.6,0.5,0.1,5.813084125518799,13.61550251003871,5.194545745849609,8.437553405761719,0.003361716168001294,0.028301913291215897,0.0,412346,matched_er_4to1_chunk_1,7.29765510559082,12.160821914672852,1.0000001192092896,60.0333251953125,60.0333251953125,8.226385116577148,0.13703031803104646
sign_test_er0.2__norm_spectral_radius,spectral_radius,4,1.0,0.6,1.0,0.1,2.645705223083496,4.618901060053645,6.152378082275391,12.73920726776123,0.003361716168001294,0.028301913291215897,0.0,412346,matched_er_4to1_chunk_1,7.29765510559082,12.160821914672852,1.0000001192092896,60.0333251953125,60.0333251953125,8.226385116577148,0.13703031803104646
sign_test_er0.2__norm_spectral_radius,spectral_radius,4,1.0,0.6,1.5,0.1,2.2998297214508057,4.394239854404844,6.553216457366943,15.472259521484375,0.003361716168001294,0.028301913291215897,0.0,412346,matched_er_4to1_chunk_1,7.29765510559082,12.160821914672852,1.0000001192092896,60.0333251953125,60.0333251953125,8.226385116577148,0.13703031803104646
sign_test_er0.2__norm_spectral_radius,spectral_radius,4,1.0,0.8,0.1,0.1,8.437140464782715,13.62410100549016,4.3791680335998535,4.975759983062744,0.003361716168001294,0.028301913291215897,0.0,412346,matched_er_4to1_chunk_1,7.29765510559082,12.160821914672852,1.0000001192092896,60.0333251953125,60.0333251953125,8.226385116577148,0.13703031803104646
sign_test_er0.2__norm_spectral_radius,spectral_radius,4,1.0,0.8,0.5,0.1,5.7079267501831055,13.546487785953783,6.368234157562256,10.861553192138672,0.003361716168001294,0.028301913291215897,0.0,412346,matched_er_4to1_chunk_1,7.29765510559082,12.160821914672852,1.0000001192092896,60.0333251953125,60.0333251953125,8.226385116577148,0.13703031803104646
sign_test_er0.2__norm_spectral_radius,spectral_radius,4,1.0,0.8,1.0,0.1,4.387940406799316,9.002565692462724,7.814806938171387,17.073213577270508,0.003361716168001294,0.028301913291215897,0.0,412346,matched_er_4to1_chunk_1,7.29765510559082,12.160821914672852,1.0000001192092896,60.0333251953125,60.0333251953125,8.226385116577148,0.13703031803104646
sign_test_er0.2__norm_spectral_radius,spectral_radius,4,1.0,0.8,1.5,0.1,4.267754554748535,9.809413618480303,8.382308959960938,20.8013916015625,0.003361716168001294,0.028301913291215897,0.0,412346,matched_er_4to1_chunk_1,7.29765510559082,12.160821914672852,1.0000001192092896,60.0333251953125,60.0333251953125,8.226385116577148,0.13703031803104646
sign_test_er0.2__norm_spectral_radius,spectral_radius,4,1.0,1.0,0.1,0.1,10.76439380645752,18.172788269558612,5.297154426574707,6.103426933288574,0.003361716168001294,0.028301913291215897,0.0,412346,matched_er_4to1_chunk_1,7.29765510559082,12.160821914672852,1.0000001192092896,60.0333251953125,60.0333251953125,8.226385116577148,0.13703031803104646
sign_test_er0.2__norm_spectral_radius,spectral_radius,4,1.0,1.0,0.5,0.1,8.586139678955078,17.84399039823355,8.526037216186523,15.352299690246582,0.003361716168001294,0.028301913291215897,0.0,412346,matched_er_4to1_chunk_1,7.29765510559082,12.160821914672852,1.0000001192092896,60.0333251953125,60.0333251953125,8.226385116577148,0.13703031803104646
sign_test_er0.2__norm_spectral_radius,spectral_radius,4,1.0,1.0,1.0,0.1,7.4494404792785645,18.964313381093593,10.813063621520996,24.708290100097656,0.003361716168001294,0.028301913291215897,0.0,412346,matched_er_4to1_chunk_1,7.29765510559082,12.160821914672852,1.0000001192092896,60.0333251953125,60.0333251953125,8.226385116577148,0.13703031803104646
sign_test_er0.2__norm_spectral_radius,spectral_radius,4,1.0,1.0,1.5,0.1,6.236364841461182,15.969695834799026,11.605207443237305,29.857959747314453,0.003361716168001294,0.028301913291215897,0.0,412346,matched_er_4to1_chunk_1,7.29765510559082,12.160821914672852,1.0000001192092896,60.0333251953125,60.0333251953125,8.226385116577148,0.13703031803104646
sign_test_er0.3__norm_spectral_radius,spectral_radius,4,1.0,0.6,0.1,0.1,9.446249961853027,14.620871142246575,4.861919403076172,5.930481433868408,0.003230039030313492,0.023307450115680695,0.0,412346,matched_er_4to1_chunk_1,5.06109619140625,12.160821914672852,0.9999990463256836,60.0333251953125,60.0333251953125,11.861723899841309,0.197585653815077
sign_test_er0.3__norm_spectral_radius,spectral_radius,4,1.0,0.6,0.5,0.1,8.61440372467041,20.89508535396476,8.089088439941406,14.7836275100708,0.003230039030313492,0.023307450115680695,0.0,412346,matched_er_4to1_chunk_1,5.06109619140625,12.160821914672852,0.9999990463256836,60.0333251953125,60.0333251953125,11.861723899841309,0.197585653815077
sign_test_er0.3__norm_spectral_radius,spectral_radius,4,1.0,0.6,1.0,0.1,6.589183807373047,16.81405893072315,10.391469955444336,23.762924194335938,0.003230039030313492,0.023307450115680695,0.0,412346,matched_er_4to1_chunk_1,5.06109619140625,12.160821914672852,0.9999990463256836,60.0333251953125,60.0333251953125,11.861723899841309,0.197585653815077
sign_test_er0.3__norm_spectral_radius,spectral_radius,4,1.0,0.6,1.5,0.1,5.485067844390869,13.883986945111857,11.297272682189941,29.139694213867188,0.003230039030313492,0.023307450115680695,0.0,412346,matched_er_4to1_chunk_1,5.06109619140625,12.160821914672852,0.9999990463256836,60.0333251953125,60.0333251953125,11.861723899841309,0.197585653815077
sign_test_er0.3__norm_spectral_radius,spectral_radius,4,1.0,0.8,0.1,0.1,11.828936576843262,17.493204589345993,6.1813554763793945,7.6399641036987305,0.003230039030313492,0.023307450115680695,0.0,412346,matched_er_4to1_chunk_1,5.06109619140625,12.160821914672852,0.9999990463256836,60.0333251953125,60.0333251953125,11.861723899841309,0.197585653815077
sign_test_er0.3__norm_spectral_radius,spectral_radius,4,1.0,0.8,0.5,0.1,9.952123641967773,22.91351278259834,11.41733455657959,21.855552673339844,0.003230039030313492,0.023307450115680695,0.0,412346,matched_er_4to1_chunk_1,5.06109619140625,12.160821914672852,0.9999990463256836,60.0333251953125,60.0333251953125,11.861723899841309,0.197585653815077
sign_test_er0.3__norm_spectral_radius,spectral_radius,4,1.0,0.8,1.0,0.1,7.370841026306152,18.060732560636406,14.97649097442627,35.45313262939453,0.003230039030313492,0.023307450115680695,0.0,412346,matched_er_4to1_chunk_1,5.06109619140625,12.160821914672852,0.9999990463256836,60.0333251953125,60.0333251953125,11.861723899841309,0.197585653815077
sign_test_er0.3__norm_spectral_radius,spectral_radius,4,1.0,0.8,1.5,0.1,6.179906845092773,15.111698834692602,16.146160125732422,42.5285758972168,0.003230039030313492,0.023307450115680695,0.0,412346,matched_er_4to1_chunk_1,5.06109619140625,12.160821914672852,0.9999990463256836,60.0333251953125,60.0333251953125,11.861723899841309,0.197585653815077
sign_test_er0.3__norm_spectral_radius,spectral_radius,4,1.0,1.0,0.1,0.1,17.439760208129883,29.624029978707146,9.4588623046875,11.983146667480469,0.003230039030313492,0.023307450115680695,0.0,412346,matched_er_4to1_chunk_1,5.06109619140625,12.160821914672852,0.9999990463256836,60.0333251953125,60.0333251953125,11.861723899841309,0.197585653815077
sign_test_er0.3__norm_spectral_radius,spectral_radius,4,1.0,1.0,0.5,0.1,11.94798469543457,23.80980262897816,19.377845764160156,37.98978042602539,0.003230039030313492,0.023307450115680695,0.0,412346,matched_er_4to1_chunk_1,5.06109619140625,12.160821914672852,0.9999990463256836,60.0333251953125,60.0333251953125,11.861723899841309,0.197585653815077
sign_test_er0.3__norm_spectral_radius,spectral_radius,4,1.0,1.0,1.0,0.1,8.635002136230469,18.34264131729242,24.717321395874023,57.65495681762695,0.003230039030313492,0.023307450115680695,0.0,412346,matched_er_4to1_chunk_1,5.06109619140625,12.160821914672852,0.9999990463256836,60.0333251953125,60.0333251953125,11.861723899841309,0.197585653815077
sign_test_er0.3__norm_spectral_radius,spectral_radius,4,1.0,1.0,1.5,0.1,7.056866645812988,15.233307457121569,25.764251708984375,66.03148651123047,0.003230039030313492,0.023307450115680695,0.0,412346,matched_er_4to1_chunk_1,5.06109619140625,12.160821914672852,0.9999990463256836,60.0333251953125,60.0333251953125,11.861723899841309,0.197585653815077
sign_test_er0.4__norm_spectral_radius,spectral_radius,4,1.0,0.6,0.1,0.1,13.54515552520752,21.2483390156072,12.822406768798828,15.905510902404785,0.0022755921818315983,0.01498336624354124,0.0,412346,matched_er_4to1_chunk_1,3.596912384033203,12.160821914672852,1.0000011920928955,60.0333251953125,60.0333251953125,16.690237045288086,0.2780162242591809
sign_test_er0.4__norm_spectral_radius,spectral_radius,4,1.0,0.6,0.5,0.1,9.508822441101074,17.926197925199027,23.794639587402344,44.27431869506836,0.0022755921818315983,0.01498336624354124,0.0,412346,matched_er_4to1_chunk_1,3.596912384033203,12.160821914672852,1.0000011920928955,60.0333251953125,60.0333251953125,16.690237045288086,0.2780162242591809
sign_test_er0.4__norm_spectral_radius,spectral_radius,4,1.0,0.6,1.0,0.1,7.175249099731445,15.441616346597812,26.533689498901367,59.20745849609375,0.0022755921818315983,0.01498336624354124,0.0,412346,matched_er_4to1_chunk_1,3.596912384033203,12.160821914672852,1.0000011920928955,60.0333251953125,60.0333251953125,16.690237045288086,0.2780162242591809
sign_test_er0.4__norm_spectral_radius,spectral_radius,4,1.0,0.6,1.5,0.1,5.960178852081299,12.883569766123173,26.231040954589844,65.154296875,0.0022755921818315983,0.01498336624354124,0.0,412346,matched_er_4to1_chunk_1,3.596912384033203,12.160821914672852,1.0000011920928955,60.0333251953125,60.0333251953125,16.690237045288086,0.2780162242591809
sign_test_er0.4__norm_spectral_radius,spectral_radius,4,1.0,0.8,0.1,0.1,19.00434112548828,27.891599688136395,19.02469825744629,24.65366554260254,0.0022755921818315983,0.01498336624354124,0.0,412346,matched_er_4to1_chunk_1,3.596912384033203,12.160821914672852,1.0000011920928955,60.0333251953125,60.0333251953125,16.690237045288086,0.2780162242591809
sign_test_er0.4__norm_spectral_radius,spectral_radius,4,1.0,0.8,0.5,0.1,12.246987342834473,20.96626875762871,37.3121223449707,69.8656997680664,0.0022755921818315983,0.01498336624354124,0.0,412346,matched_er_4to1_chunk_1,3.596912384033203,12.160821914672852,1.0000011920928955,60.0333251953125,60.0333251953125,16.690237045288086,0.2780162242591809
sign_test_er0.4__norm_spectral_radius,spectral_radius,4,1.0,0.8,1.0,0.1,8.635552406311035,16.50320759031574,41.05757522583008,88.83172607421875,0.0022755921818315983,0.01498336624354124,0.0,412346,matched_er_4to1_chunk_1,3.596912384033203,12.160821914672852,1.0000011920928955,60.0333251953125,60.0333251953125,16.690237045288086,0.2780162242591809
sign_test_er0.4__norm_spectral_radius,spectral_radius,4,1.0,0.8,1.5,0.1,6.99753999710083,13.943155115894115,39.76633071899414,94.59593200683594,0.0022755921818315983,0.01498336624354124,0.0,412346,matched_er_4to1_chunk_1,3.596912384033203,12.160821914672852,1.0000011920928955,60.0333251953125,60.0333251953125,16.690237045288086,0.2780162242591809
sign_test_er0.4__norm_spectral_radius,spectral_radius,4,1.0,1.0,0.1,0.1,27.881757736206055,33.04896800733649,45.580074310302734,60.67962646484375,0.0022755921818315983,0.01498336624354124,0.0,412346,matched_er_4to1_chunk_1,3.596912384033203,12.160821914672852,1.0000011920928955,60.0333251953125,60.0333251953125,16.690237045288086,0.2780162242591809
sign_test_er0.4__norm_spectral_radius,spectral_radius,4,1.0,1.0,0.5,0.1,14.892181396484375,21.321232068370136,70.33738708496094,121.37239074707031,0.0022755921818315983,0.01498336624354124,0.0,412346,matched_er_4to1_chunk_1,3.596912384033203,12.160821914672852,1.0000011920928955,60.0333251953125,60.0333251953125,16.690237045288086,0.2780162242591809
sign_test_er0.4__norm_spectral_radius,spectral_radius,4,1.0,1.0,1.0,0.1,9.883191108703613,16.39642094351896,70.14466857910156,136.35806274414062,0.0022755921818315983,0.01498336624354124,0.0,412346,matched_er_4to1_chunk_1,3.596912384033203,12.160821914672852,1.0000011920928955,60.0333251953125,60.0333251953125,16.690237045288086,0.2780162242591809
sign_test_er0.4__norm_spectral_radius,spectral_radius,4,1.0,1.0,1.5,0.1,7.757572650909424,14.072354576555085,65.13301849365234,138.11416625976562,0.0022755921818315983,0.01498336624354124,0.0,412346,matched_er_4to1_chunk_1,3.596912384033203,12.160821914672852,1.0000011920928955,60.0333251953125,60.0333251953125,16.690237045288086,0.2780162242591809
sign_test_er0.5__norm_spectral_radius,spectral_radius,4,1.0,0.6,0.1,0.1,13.960484504699707,21.160368347215353,12.798331260681152,15.5287504196167,0.0,0.003884573932737112,0.0,412346,matched_er_4to1_chunk_1,3.6004159450531006,12.160821914672852,0.9999984502792358,60.0333251953125,60.0333251953125,16.673995971679688,0.2777456869598581
sign_test_er0.5__norm_spectral_radius,spectral_radius,4,1.0,0.6,0.5,0.1,9.675015449523926,17.741500834543444,22.34593391418457,41.89404296875,0.0,0.003884573932737112,0.0,412346,matched_er_4to1_chunk_1,3.6004159450531006,12.160821914672852,0.9999984502792358,60.0333251953125,60.0333251953125,16.673995971679688,0.2777456869598581
sign_test_er0.5__norm_spectral_radius,spectral_radius,4,1.0,0.6,1.0,0.1,7.022953987121582,14.388362265530759,25.530866622924805,57.62403869628906,0.0,0.003884573932737112,0.0,412346,matched_er_4to1_chunk_1,3.6004159450531006,12.160821914672852,0.9999984502792358,60.0333251953125,60.0333251953125,16.673995971679688,0.2777456869598581
sign_test_er0.5__norm_spectral_radius,spectral_radius,4,1.0,0.6,1.5,0.1,5.773641109466553,12.215737303574542,25.646154403686523,64.09320831298828,0.0,0.003884573932737112,0.0,412346,matched_er_4to1_chunk_1,3.6004159450531006,12.160821914672852,0.9999984502792358,60.0333251953125,60.0333251953125,16.673995971679688,0.2777456869598581
sign_test_er0.5__norm_spectral_radius,spectral_radius,4,1.0,0.8,0.1,0.1,19.52118682861328,27.199902897267833,19.45833396911621,24.509113311767578,0.0,0.003884573932737112,0.0,412346,matched_er_4to1_chunk_1,3.6004159450531006,12.160821914672852,0.9999984502792358,60.0333251953125,60.0333251953125,16.673995971679688,0.2777456869598581
sign_test_er0.5__norm_spectral_radius,spectral_radius,4,1.0,0.8,0.5,0.1,12.15248966217041,20.443656084881383,35.737266540527344,67.21267700195312,0.0,0.003884573932737112,0.0,412346,matched_er_4to1_chunk_1,3.6004159450531006,12.160821914672852,0.9999984502792358,60.0333251953125,60.0333251953125,16.673995971679688,0.2777456869598581
sign_test_er0.5__norm_spectral_radius,spectral_radius,4,1.0,0.8,1.0,0.1,8.277030944824219,15.682519297296107,39.69541931152344,86.55579376220703,0.0,0.003884573932737112,0.0,412346,matched_er_4to1_chunk_1,3.6004159450531006,12.160821914672852,0.9999984502792358,60.0333251953125,60.0333251953125,16.673995971679688,0.2777456869598581
sign_test_er0.5__norm_spectral_radius,spectral_radius,4,1.0,0.8,1.5,0.1,6.831767559051514,13.376158586172195,39.04631423950195,93.17066192626953,0.0,0.003884573932737112,0.0,412346,matched_er_4to1_chunk_1,3.6004159450531006,12.160821914672852,0.9999984502792358,60.0333251953125,60.0333251953125,16.673995971679688,0.2777456869598581
sign_test_er0.5__norm_spectral_radius,spectral_radius,4,1.0,1.0,0.1,0.1,28.171735763549805,31.395454445279377,47.40092849731445,62.250465393066406,0.0,0.003884573932737112,0.0,412346,matched_er_4to1_chunk_1,3.6004159450531006,12.160821914672852,0.9999984502792358,60.0333251953125,60.0333251953125,16.673995971679688,0.2777456869598581
sign_test_er0.5__norm_spectral_radius,spectral_radius,4,1.0,1.0,0.5,0.1,15.134913444519043,21.41429437192948,69.41647338867188,119.95887756347656,0.0,0.003884573932737112,0.0,412346,matched_er_4to1_chunk_1,3.6004159450531006,12.160821914672852,0.9999984502792358,60.0333251953125,60.0333251953125,16.673995971679688,0.2777456869598581
sign_test_er0.5__norm_spectral_radius,spectral_radius,4,1.0,1.0,1.0,0.1,9.62060832977295,15.548678392672286,68.32046508789062,133.49371337890625,0.0,0.003884573932737112,0.0,412346,matched_er_4to1_chunk_1,3.6004159450531006,12.160821914672852,0.9999984502792358,60.0333251953125,60.0333251953125,16.673995971679688,0.2777456869598581
sign_test_er0.5__norm_spectral_radius,spectral_radius,4,1.0,1.0,1.5,0.1,7.634469985961914,13.359015235137008,63.876216888427734,136.0966033935547,0.0,0.003884573932737112,0.0,412346,matched_er_4to1_chunk_1,3.6004159450531006,12.160821914672852,0.9999984502792358,60.0333251953125,60.0333251953125,16.673995971679688,0.2777456869598581
sign_test_er0.6__norm_spectral_radius,spectral_radius,4,1.0,0.6,0.1,0.1,13.277070045471191,19.620765670863875,12.147173881530762,15.06576919555664,-0.002199291018769145,-0.0038845734670758247,0.0,412346,matched_er_4to1_chunk_1,3.711392402648926,12.160821914672852,1.0,60.0333251953125,60.0333251953125,16.175416946411133,0.26944065501838926
sign_test_er0.6__norm_spectral_radius,spectral_radius,4,1.0,0.6,0.5,0.1,9.25119400024414,16.96283570047568,22.347003936767578,42.04850769042969,-0.002199291018769145,-0.0038845734670758247,0.0,412346,matched_er_4to1_chunk_1,3.711392402648926,12.160821914672852,1.0,60.0333251953125,60.0333251953125,16.175416946411133,0.26944065501838926
sign_test_er0.6__norm_spectral_radius,spectral_radius,4,1.0,0.6,1.0,0.1,7.072490692138672,14.559826238739845,25.664308547973633,57.969608306884766,-0.002199291018769145,-0.0038845734670758247,0.0,412346,matched_er_4to1_chunk_1,3.711392402648926,12.160821914672852,1.0,60.0333251953125,60.0333251953125,16.175416946411133,0.26944065501838926
sign_test_er0.6__norm_spectral_radius,spectral_radius,4,1.0,0.6,1.5,0.1,5.581664562225342,12.046470795158072,25.684967041015625,64.47212982177734,-0.002199291018769145,-0.0038845734670758247,0.0,412346,matched_er_4to1_chunk_1,3.711392402648926,12.160821914672852,1.0,60.0333251953125,60.0333251953125,16.175416946411133,0.26944065501838926
sign_test_er0.6__norm_spectral_radius,spectral_radius,4,1.0,0.8,0.1,0.1,19.05785369873047,28.46562391509488,18.101621627807617,23.40589714050293,-0.002199291018769145,-0.0038845734670758247,0.0,412346,matched_er_4to1_chunk_1,3.711392402648926,12.160821914672852,1.0,60.0333251953125,60.0333251953125,16.175416946411133,0.26944065501838926
sign_test_er0.6__norm_spectral_radius,spectral_radius,4,1.0,0.8,0.5,0.1,11.501079559326172,19.69237224865401,34.92409133911133,66.11608123779297,-0.002199291018769145,-0.0038845734670758247,0.0,412346,matched_er_4to1_chunk_1,3.711392402648926,12.160821914672852,1.0,60.0333251953125,60.0333251953125,16.175416946411133,0.26944065501838926
sign_test_er0.6__norm_spectral_radius,spectral_radius,4,1.0,0.8,1.0,0.1,7.883066177368164,15.24169470553532,39.146907806396484,85.79519653320312,-0.002199291018769145,-0.0038845734670758247,0.0,412346,matched_er_4to1_chunk_1,3.711392402648926,12.160821914672852,1.0,60.0333251953125,60.0333251953125,16.175416946411133,0.26944065501838926
sign_test_er0.6__norm_spectral_radius,spectral_radius,4,1.0,0.8,1.5,0.1,6.5239787101745605,13.083058253322122,38.538963317871094,92.22071075439453,-0.002199291018769145,-0.0038845734670758247,0.0,412346,matched_er_4to1_chunk_1,3.711392402648926,12.160821914672852,1.0,60.0333251953125,60.0333251953125,16.175416946411133,0.26944065501838926
sign_test_er0.6__norm_spectral_radius,spectral_radius,4,1.0,1.0,0.1,0.1,27.675933837890625,34.67893736004865,41.70338439941406,55.82440185546875,-0.002199291018769145,-0.0038845734670758247,0.0,412346,matched_er_4to1_chunk_1,3.711392402648926,12.160821914672852,1.0,60.0333251953125,60.0333251953125,16.175416946411133,0.26944065501838926
sign_test_er0.6__norm_spectral_radius,spectral_radius,4,1.0,1.0,0.5,0.1,14.383856773376465,20.870970897169986,65.03433227539062,114.93055725097656,-0.002199291018769145,-0.0038845734670758247,0.0,412346,matched_er_4to1_chunk_1,3.711392402648926,12.160821914672852,1.0,60.0333251953125,60.0333251953125,16.175416946411133,0.26944065501838926
sign_test_er0.6__norm_spectral_radius,spectral_radius,4,1.0,1.0,1.0,0.1,9.242483139038086,15.094735883643118,65.33623504638672,129.9611053466797,-0.002199291018769145,-0.0038845734670758247,0.0,412346,matched_er_4to1_chunk_1,3.711392402648926,12.160821914672852,1.0,60.0333251953125,60.0333251953125,16.175416946411133,0.26944065501838926
sign_test_er0.6__norm_spectral_radius,spectral_radius,4,1.0,1.0,1.5,0.1,7.4090776443481445,12.785454368702766,61.709503173828125,133.19004821777344,-0.002199291018769145,-0.0038845734670758247,0.0,412346,matched_er_4to1_chunk_1,3.711392402648926,12.160821914672852,1.0,60.0333251953125,60.0333251953125,16.175416946411133,0.26944065501838926
sign_test_er0.7__norm_spectral_radius,spectral_radius,4,1.0,0.6,0.1,0.1,11.50778865814209,17.665795767174917,5.33764123916626,6.114065170288086,-0.0033881766721606255,-0.014428416267037392,0.0,412346,matched_er_4to1_chunk_1,4.818185806274414,12.160821914672852,1.0000011920928955,60.0333251953125,60.0333251953125,12.459735870361328,0.20754699802107346
sign_test_er0.7__norm_spectral_radius,spectral_radius,4,1.0,0.6,0.5,0.1,9.057596206665039,19.92090801852828,9.469764709472656,17.28180503845215,-0.0033881766721606255,-0.014428416267037392,0.0,412346,matched_er_4to1_chunk_1,4.818185806274414,12.160821914672852,1.0000011920928955,60.0333251953125,60.0333251953125,12.459735870361328,0.20754699802107346
sign_test_er0.7__norm_spectral_radius,spectral_radius,4,1.0,0.6,1.0,0.1,6.479677200317383,15.601484486899153,12.2970552444458,28.227487564086914,-0.0033881766721606255,-0.014428416267037392,0.0,412346,matched_er_4to1_chunk_1,4.818185806274414,12.160821914672852,1.0000011920928955,60.0333251953125,60.0333251953125,12.459735870361328,0.20754699802107346
sign_test_er0.7__norm_spectral_radius,spectral_radius,4,1.0,0.6,1.5,0.1,5.3081440925598145,12.77645746873361,13.24373722076416,34.13008499145508,-0.0033881766721606255,-0.014428416267037392,0.0,412346,matched_er_4to1_chunk_1,4.818185806274414,12.160821914672852,1.0000011920928955,60.0333251953125,60.0333251953125,12.459735870361328,0.20754699802107346
sign_test_er0.7__norm_spectral_radius,spectral_radius,4,1.0,0.8,0.1,0.1,15.04823112487793,23.366429842325687,6.987035751342773,8.224455833435059,-0.0033881766721606255,-0.014428416267037392,0.0,412346,matched_er_4to1_chunk_1,4.818185806274414,12.160821914672852,1.0000011920928955,60.0333251953125,60.0333251953125,12.459735870361328,0.20754699802107346
sign_test_er0.7__norm_spectral_radius,spectral_radius,4,1.0,0.8,0.5,0.1,10.486186981201172,21.75161127703552,13.887916564941406,26.537681579589844,-0.0033881766721606255,-0.014428416267037392,0.0,412346,matched_er_4to1_chunk_1,4.818185806274414,12.160821914672852,1.0000011920928955,60.0333251953125,60.0333251953125,12.459735870361328,0.20754699802107346
sign_test_er0.7__norm_spectral_radius,spectral_radius,4,1.0,0.8,1.0,0.1,7.572268962860107,17.067152138371284,17.88377571105957,42.07027816772461,-0.0033881766721606255,-0.014428416267037392,0.0,412346,matched_er_4to1_chunk_1,4.818185806274414,12.160821914672852,1.0000011920928955,60.0333251953125,60.0333251953125,12.459735870361328,0.20754699802107346
sign_test_er0.7__norm_spectral_radius,spectral_radius,4,1.0,0.8,1.5,0.1,6.0620551109313965,13.925151239372099,18.922618865966797,49.37623977661133,-0.0033881766721606255,-0.014428416267037392,0.0,412346,matched_er_4to1_chunk_1,4.818185806274414,12.160821914672852,1.0000011920928955,60.0333251953125,60.0333251953125,12.459735870361328,0.20754699802107346
sign_test_er0.7__norm_spectral_radius,spectral_radius,4,1.0,1.0,0.1,0.1,19.651840209960938,29.43088803750299,12.17886734008789,15.302495002746582,-0.0033881766721606255,-0.014428416267037392,0.0,412346,matched_er_4to1_chunk_1,4.818185806274414,12.160821914672852,1.0000011920928955,60.0333251953125,60.0333251953125,12.459735870361328,0.20754699802107346
sign_test_er0.7__norm_spectral_radius,spectral_radius,4,1.0,1.0,0.5,0.1,12.008465766906738,21.308781008926204,25.664012908935547,49.2736701965332,-0.0033881766721606255,-0.014428416267037392,0.0,412346,matched_er_4to1_chunk_1,4.818185806274414,12.160821914672852,1.0000011920928955,60.0333251953125,60.0333251953125,12.459735870361328,0.20754699802107346
sign_test_er0.7__norm_spectral_radius,spectral_radius,4,1.0,1.0,1.0,0.1,8.605031967163086,16.98485561654956,30.076919555664062,68.59786987304688,-0.0033881766721606255,-0.014428416267037392,0.0,412346,matched_er_4to1_chunk_1,4.818185806274414,12.160821914672852,1.0000011920928955,60.0333251953125,60.0333251953125,12.459735870361328,0.20754699802107346
sign_test_er0.7__norm_spectral_radius,spectral_radius,4,1.0,1.0,1.5,0.1,6.935451984405518,14.142102378331703,30.235916137695312,75.95916748046875,-0.0033881766721606255,-0.014428416267037392,0.0,412346,matched_er_4to1_chunk_1,4.818185806274414,12.160821914672852,1.0000011920928955,60.0333251953125,60.0333251953125,12.459735870361328,0.20754699802107346
sign_test_er0.8__norm_spectral_radius,spectral_radius,4,1.0,0.6,0.1,0.1,7.655946731567383,11.59020239704887,3.0740180015563965,3.3660099506378174,-0.0033768662251532078,-0.025527197867631912,0.0,412346,matched_er_4to1_chunk_1,7.258200168609619,12.160821914672852,0.9999991655349731,60.0333251953125,60.0333251953125,8.271102905273438,0.13777520277338398
sign_test_er0.8__norm_spectral_radius,spectral_radius,4,1.0,0.6,0.5,0.1,6.167502403259277,13.814780167074929,4.597836971282959,7.440506935119629,-0.0033768662251532078,-0.025527197867631912,0.0,412346,matched_er_4to1_chunk_1,7.258200168609619,12.160821914672852,0.9999991655349731,60.0333251953125,60.0333251953125,8.271102905273438,0.13777520277338398
sign_test_er0.8__norm_spectral_radius,spectral_radius,4,1.0,0.6,1.0,0.1,3.3504984378814697,6.929713350935145,5.979370594024658,12.427435874938965,-0.0033768662251532078,-0.025527197867631912,0.0,412346,matched_er_4to1_chunk_1,7.258200168609619,12.160821914672852,0.9999991655349731,60.0333251953125,60.0333251953125,8.271102905273438,0.13777520277338398
sign_test_er0.8__norm_spectral_radius,spectral_radius,4,1.0,0.6,1.5,0.1,2.217060089111328,4.782453487711564,6.6538777351379395,15.779601097106934,-0.0033768662251532078,-0.025527197867631912,0.0,412346,matched_er_4to1_chunk_1,7.258200168609619,12.160821914672852,0.9999991655349731,60.0333251953125,60.0333251953125,8.271102905273438,0.13777520277338398
sign_test_er0.8__norm_spectral_radius,spectral_radius,4,1.0,0.8,0.1,0.1,9.156296730041504,14.332824230744869,3.7114405632019043,4.107165336608887,-0.0033768662251532078,-0.025527197867631912,0.0,412346,matched_er_4to1_chunk_1,7.258200168609619,12.160821914672852,0.9999991655349731,60.0333251953125,60.0333251953125,8.271102905273438,0.13777520277338398
sign_test_er0.8__norm_spectral_radius,spectral_radius,4,1.0,0.8,0.5,0.1,7.781275749206543,14.166329646282293,5.940782070159912,10.085674285888672,-0.0033768662251532078,-0.025527197867631912,0.0,412346,matched_er_4to1_chunk_1,7.258200168609619,12.160821914672852,0.9999991655349731,60.0333251953125,60.0333251953125,8.271102905273438,0.13777520277338398
sign_test_er0.8__norm_spectral_radius,spectral_radius,4,1.0,0.8,1.0,0.1,3.892965793609619,10.658820460648315,7.823971748352051,17.134933471679688,-0.0033768662251532078,-0.025527197867631912,0.0,412346,matched_er_4to1_chunk_1,7.258200168609619,12.160821914672852,0.9999991655349731,60.0333251953125,60.0333251953125,8.271102905273438,0.13777520277338398
sign_test_er0.8__norm_spectral_radius,spectral_radius,4,1.0,0.8,1.5,0.1,4.142149448394775,9.069161145393423,8.643599510192871,21.533166885375977,-0.0033768662251532078,-0.025527197867631912,0.0,412346,matched_er_4to1_chunk_1,7.258200168609619,12.160821914672852,0.9999991655349731,60.0333251953125,60.0333251953125,8.271102905273438,0.13777520277338398
sign_test_er0.8__norm_spectral_radius,spectral_radius,4,1.0,1.0,0.1,0.1,11.273186683654785,17.989779497710686,5.581699848175049,6.37676477432251,-0.0033768662251532078,-0.025527197867631912,0.0,412346,matched_er_4to1_chunk_1,7.258200168609619,12.160821914672852,0.9999991655349731,60.0333251953125,60.0333251953125,8.271102905273438,0.13777520277338398
sign_test_er0.8__norm_spectral_radius,spectral_radius,4,1.0,1.0,0.5,0.1,9.270181655883789,21.10924971011542,9.619742393493652,17.166553497314453,-0.0033768662251532078,-0.025527197867631912,0.0,412346,matched_er_4to1_chunk_1,7.258200168609619,12.160821914672852,0.9999991655349731,60.0333251953125,60.0333251953125,8.271102905273438,0.13777520277338398
sign_test_er0.8__norm_spectral_radius,spectral_radius,4,1.0,1.0,1.0,0.1,7.570035457611084,18.035522904021267,11.898244857788086,27.10372543334961,-0.0033768662251532078,-0.025527197867631912,0.0,412346,matched_er_4to1_chunk_1,7.258200168609619,12.160821914672852,0.9999991655349731,60.0333251953125,60.0333251953125,8.271102905273438,0.13777520277338398
sign_test_er0.8__norm_spectral_radius,spectral_radius,4,1.0,1.0,1.5,0.1,6.4170966148376465,15.489464171646901,12.589529991149902,32.38172912597656,-0.0033768662251532078,-0.025527197867631912,0.0,412346,matched_er_4to1_chunk_1,7.258200168609619,12.160821914672852,0.9999991655349731,60.0333251953125,60.0333251953125,8.271102905273438,0.13777520277338398
sign_test_er0.9__norm_spectral_radius,spectral_radius,4,1.0,0.6,0.1,0.1,6.1466546058654785,9.125059881835966,2.414989471435547,2.616018056869507,-0.003376838518306613,-0.03385128825902939,0.0,412346,matched_er_4to1_chunk_1,9.675440788269043,12.160821914672852,0.9999994039535522,60.0333251953125,60.0333251953125,6.2047119140625,0.10335446434775837
sign_test_er0.9__norm_spectral_radius,spectral_radius,4,1.0,0.6,0.5,0.1,5.250403881072998,12.303206239338355,3.3595504760742188,5.127344608306885,-0.003376838518306613,-0.03385128825902939,0.0,412346,matched_er_4to1_chunk_1,9.675440788269043,12.160821914672852,0.9999994039535522,60.0333251953125,60.0333251953125,6.2047119140625,0.10335446434775837
sign_test_er0.9__norm_spectral_radius,spectral_radius,4,1.0,0.6,1.0,0.1,3.2351903915405273,7.6244029542079375,4.225441932678223,8.191659927368164,-0.003376838518306613,-0.03385128825902939,0.0,412346,matched_er_4to1_chunk_1,9.675440788269043,12.160821914672852,0.9999994039535522,60.0333251953125,60.0333251953125,6.2047119140625,0.10335446434775837
sign_test_er0.9__norm_spectral_radius,spectral_radius,4,1.0,0.6,1.5,0.1,2.620492935180664,5.859378266280832,4.675160884857178,10.331598281860352,-0.003376838518306613,-0.03385128825902939,0.0,412346,matched_er_4to1_chunk_1,9.675440788269043,12.160821914672852,0.9999994039535522,60.0333251953125,60.0333251953125,6.2047119140625,0.10335446434775837
sign_test_er0.9__norm_spectral_radius,spectral_radius,4,1.0,0.8,0.1,0.1,7.16337251663208,11.042345716398188,2.8237273693084717,3.079237222671509,-0.003376838518306613,-0.03385128825902939,0.0,412346,matched_er_4to1_chunk_1,9.675440788269043,12.160821914672852,0.9999994039535522,60.0333251953125,60.0333251953125,6.2047119140625,0.10335446434775837
sign_test_er0.9__norm_spectral_radius,spectral_radius,4,1.0,0.8,0.5,0.1,6.170045852661133,13.073602681436796,4.094736099243164,6.4844231605529785,-0.003376838518306613,-0.03385128825902939,0.0,412346,matched_er_4to1_chunk_1,9.675440788269043,12.160821914672852,0.9999994039535522,60.0333251953125,60.0333251953125,6.2047119140625,0.10335446434775837
sign_test_er0.9__norm_spectral_radius,spectral_radius,4,1.0,0.8,1.0,0.1,4.826047897338867,11.359465874896387,5.215400218963623,10.628349304199219,-0.003376838518306613,-0.03385128825902939,0.0,412346,matched_er_4to1_chunk_1,9.675440788269043,12.160821914672852,0.9999994039535522,60.0333251953125,60.0333251953125,6.2047119140625,0.10335446434775837
sign_test_er0.9__norm_spectral_radius,spectral_radius,4,1.0,0.8,1.5,0.1,2.614952325820923,6.477406818813332,5.755099296569824,13.387076377868652,-0.003376838518306613,-0.03385128825902939,0.0,412346,matched_er_4to1_chunk_1,9.675440788269043,12.160821914672852,0.9999994039535522,60.0333251953125,60.0333251953125,6.2047119140625,0.10335446434775837
sign_test_er0.9__norm_spectral_radius,spectral_radius,4,1.0,1.0,0.1,0.1,8.159024238586426,13.286150477098573,4.257997035980225,4.7050909996032715,-0.003376838518306613,-0.03385128825902939,0.0,412346,matched_er_4to1_chunk_1,9.675440788269043,12.160821914672852,0.9999994039535522,60.0333251953125,60.0333251953125,6.2047119140625,0.10335446434775837
sign_test_er0.9__norm_spectral_radius,spectral_radius,4,1.0,1.0,0.5,0.1,6.385127544403076,14.397140309829755,6.1254143714904785,10.162696838378906,-0.003376838518306613,-0.03385128825902939,0.0,412346,matched_er_4to1_chunk_1,9.675440788269043,12.160821914672852,0.9999994039535522,60.0333251953125,60.0333251953125,6.2047119140625,0.10335446434775837
sign_test_er0.9__norm_spectral_radius,spectral_radius,4,1.0,1.0,1.0,0.1,4.569571495056152,6.792316886076215,7.3801116943359375,15.835979461669922,-0.003376838518306613,-0.03385128825902939,0.0,412346,matched_er_4to1_chunk_1,9.675440788269043,12.160821914672852,0.9999994039535522,60.0333251953125,60.0333251953125,6.2047119140625,0.10335446434775837
sign_test_er0.9__norm_spectral_radius,spectral_radius,4,1.0,1.0,1.5,0.1,4.261163234710693,7.52916988540936,7.867728233337402,19.222488403320312,-0.003376838518306613,-0.03385128825902939,0.0,412346,matched_er_4to1_chunk_1,9.675440788269043,12.160821914672852,0.9999994039535522,60.0333251953125,60.0333251953125,6.2047119140625,0.10335446434775837
sign_test_er1.0__norm_spectral_radius,spectral_radius,4,1.0,0.6,0.1,0.1,5.279041290283203,7.765843131755005,2.0900120735168457,2.2499983310699463,-0.003359764814376831,-0.041620463132858276,0.0,412346,matched_er_4to1_chunk_1,12.160823822021484,12.160821914672852,1.0,60.0333251953125,60.0333251953125,4.93661642074585,0.0822312710582276
sign_test_er1.0__norm_spectral_radius,spectral_radius,4,1.0,0.6,0.5,0.1,4.762206077575684,10.253412678637758,2.802608013153076,4.141901969909668,-0.003359764814376831,-0.041620463132858276,0.0,412346,matched_er_4to1_chunk_1,12.160823822021484,12.160821914672852,1.0,60.0333251953125,60.0333251953125,4.93661642074585,0.0822312710582276
sign_test_er1.0__norm_spectral_radius,spectral_radius,4,1.0,0.6,1.0,0.1,3.0167877674102783,8.168158122000824,3.448876142501831,6.378384113311768,-0.003359764814376831,-0.041620463132858276,0.0,412346,matched_er_4to1_chunk_1,12.160823822021484,12.160821914672852,1.0,60.0333251953125,60.0333251953125,4.93661642074585,0.0822312710582276
sign_test_er1.0__norm_spectral_radius,spectral_radius,4,1.0,0.6,1.5,0.1,2.0342226028442383,5.496937341469902,3.7926013469696045,7.951900959014893,-0.003359764814376831,-0.041620463132858276,0.0,412346,matched_er_4to1_chunk_1,12.160823822021484,12.160821914672852,1.0,60.0333251953125,60.0333251953125,4.93661642074585,0.0822312710582276
sign_test_er1.0__norm_spectral_radius,spectral_radius,4,1.0,0.8,0.1,0.1,6.128253936767578,9.44480588010839,2.3883678913116455,2.584091901779175,-0.003359764814376831,-0.041620463132858276,0.0,412346,matched_er_4to1_chunk_1,12.160823822021484,12.160821914672852,1.0,60.0333251953125,60.0333251953125,4.93661642074585,0.0822312710582276
sign_test_er1.0__norm_spectral_radius,spectral_radius,4,1.0,0.8,0.5,0.1,4.848440647125244,7.81705392389108,3.293696165084839,5.012026309967041,-0.003359764814376831,-0.041620463132858276,0.0,412346,matched_er_4to1_chunk_1,12.160823822021484,12.160821914672852,1.0,60.0333251953125,60.0333251953125,4.93661642074585,0.0822312710582276
sign_test_er1.0__norm_spectral_radius,spectral_radius,4,1.0,0.8,1.0,0.1,3.9607934951782227,9.318438519453707,4.084873676300049,7.8942694664001465,-0.003359764814376831,-0.041620463132858276,0.0,412346,matched_er_4to1_chunk_1,12.160823822021484,12.160821914672852,1.0,60.0333251953125,60.0333251953125,4.93661642074585,0.0822312710582276
sign_test_er1.0__norm_spectral_radius,spectral_radius,4,1.0,0.8,1.5,0.1,3.856048107147217,7.783954673598146,4.480077743530273,9.848502159118652,-0.003359764814376831,-0.041620463132858276,0.0,412346,matched_er_4to1_chunk_1,12.160823822021484,12.160821914672852,1.0,60.0333251953125,60.0333251953125,4.93661642074585,0.0822312710582276
sign_test_er1.0__norm_spectral_radius,spectral_radius,4,1.0,1.0,0.1,0.1,6.758983135223389,11.208343318164147,3.6166810989379883,3.944983720779419,-0.003359764814376831,-0.041620463132858276,0.0,412346,matched_er_4to1_chunk_1,12.160823822021484,12.160821914672852,1.0,60.0333251953125,60.0333251953125,4.93661642074585,0.0822312710582276
sign_test_er1.0__norm_spectral_radius,spectral_radius,4,1.0,1.0,0.5,0.1,5.516758918762207,10.802339008725824,4.6689133644104,7.3859663009643555,-0.003359764814376831,-0.041620463132858276,0.0,412346,matched_er_4to1_chunk_1,12.160823822021484,12.160821914672852,1.0,60.0333251953125,60.0333251953125,4.93661642074585,0.0822312710582276
sign_test_er1.0__norm_spectral_radius,spectral_radius,4,1.0,1.0,1.0,0.1,5.035445213317871,10.12578721773248,5.444788932800293,11.083296775817871,-0.003359764814376831,-0.041620463132858276,0.0,412346,matched_er_4to1_chunk_1,12.160823822021484,12.160821914672852,1.0,60.0333251953125,60.0333251953125,4.93661642074585,0.0822312710582276
sign_test_er1.0__norm_spectral_radius,spectral_radius,4,1.0,1.0,1.5,0.1,4.477339744567871,8.01046942923937,5.78337287902832,13.40259075164795,-0.003359764814376831,-0.041620463132858276,0.0,412346,matched_er_4to1_chunk_1,12.160823822021484,12.160821914672852,1.0,60.0333251953125,60.0333251953125,4.93661642074585,0.0822312710582276
sign_test_er0.0__norm_spectral_radius,spectral_radius,5,1.0,0.6,0.1,0.1,5.026005744934082,7.6272510868682275,2.7664055824279785,2.8930258750915527,0.003378526074811816,0.03829079121351242,0.0,512346,matched_er_4to1_chunk_1,12.093292236328125,12.093292236328125,1.0000008344650269,60.0333251953125,60.0333251953125,4.964183807373047,0.08269046843968678
sign_test_er0.0__norm_spectral_radius,spectral_radius,5,1.0,0.6,0.5,0.1,5.241347312927246,12.14989509968509,3.273785352706909,4.790090084075928,0.003378526074811816,0.03829079121351242,0.0,512346,matched_er_4to1_chunk_1,12.093292236328125,12.093292236328125,1.0000008344650269,60.0333251953125,60.0333251953125,4.964183807373047,0.08269046843968678
sign_test_er0.0__norm_spectral_radius,spectral_radius,5,1.0,0.6,1.0,0.1,2.9806652069091797,6.72634854828749,3.789665460586548,6.889496803283691,0.003378526074811816,0.03829079121351242,0.0,512346,matched_er_4to1_chunk_1,12.093292236328125,12.093292236328125,1.0000008344650269,60.0333251953125,60.0333251953125,4.964183807373047,0.08269046843968678
sign_test_er0.0__norm_spectral_radius,spectral_radius,5,1.0,0.6,1.5,0.1,2.089609146118164,4.347092532068995,4.055893421173096,8.232646942138672,0.003378526074811816,0.03829079121351242,0.0,512346,matched_er_4to1_chunk_1,12.093292236328125,12.093292236328125,1.0000008344650269,60.0333251953125,60.0333251953125,4.964183807373047,0.08269046843968678
sign_test_er0.0__norm_spectral_radius,spectral_radius,5,1.0,0.8,0.1,0.1,5.678730010986328,9.037919680082723,2.9496214389801025,3.1286823749542236,0.003378526074811816,0.03829079121351242,0.0,512346,matched_er_4to1_chunk_1,12.093292236328125,12.093292236328125,1.0000008344650269,60.0333251953125,60.0333251953125,4.964183807373047,0.08269046843968678
sign_test_er0.0__norm_spectral_radius,spectral_radius,5,1.0,0.8,0.5,0.1,5.094049453735352,10.900821198157754,3.635831594467163,5.462454795837402,0.003378526074811816,0.03829079121351242,0.0,512346,matched_er_4to1_chunk_1,12.093292236328125,12.093292236328125,1.0000008344650269,60.0333251953125,60.0333251953125,4.964183807373047,0.08269046843968678
sign_test_er0.0__norm_spectral_radius,spectral_radius,5,1.0,0.8,1.0,0.1,3.779038906097412,8.220945689024704,4.332186698913574,8.196268081665039,0.003378526074811816,0.03829079121351242,0.0,512346,matched_er_4to1_chunk_1,12.093292236328125,12.093292236328125,1.0000008344650269,60.0333251953125,60.0333251953125,4.964183807373047,0.08269046843968678
sign_test_er0.0__norm_spectral_radius,spectral_radius,5,1.0,0.8,1.5,0.1,2.901017904281616,5.683983287294918,4.689471244812012,9.975247383117676,0.003378526074811816,0.03829079121351242,0.0,512346,matched_er_4to1_chunk_1,12.093292236328125,12.093292236328125,1.0000008344650269,60.0333251953125,60.0333251953125,4.964183807373047,0.08269046843968678
sign_test_er0.0__norm_spectral_radius,spectral_radius,5,1.0,1.0,0.1,0.1,6.733859062194824,11.245561533769148,3.233290672302246,3.4763951301574707,0.003378526074811816,0.03829079121351242,0.0,512346,matched_er_4to1_chunk_1,12.093292236328125,12.093292236328125,1.0000008344650269,60.0333251953125,60.0333251953125,4.964183807373047,0.08269046843968678
sign_test_er0.0__norm_spectral_radius,spectral_radius,5,1.0,1.0,0.5,0.1,4.943577289581299,12.626628198775194,4.189454078674316,6.504841327667236,0.003378526074811816,0.03829079121351242,0.0,512346,matched_er_4to1_chunk_1,12.093292236328125,12.093292236328125,1.0000008344650269,60.0333251953125,60.0333251953125,4.964183807373047,0.08269046843968678
sign_test_er0.0__norm_spectral_radius,spectral_radius,5,1.0,1.0,1.0,0.1,4.294782638549805,9.702538454357864,5.154818058013916,10.197551727294922,0.003378526074811816,0.03829079121351242,0.0,512346,matched_er_4to1_chunk_1,12.093292236328125,12.093292236328125,1.0000008344650269,60.0333251953125,60.0333251953125,4.964183807373047,0.08269046843968678
sign_test_er0.0__norm_spectral_radius,spectral_radius,5,1.0,1.0,1.5,0.1,4.114624500274658,6.426550110950828,5.641952037811279,12.616579055786133,0.003378526074811816,0.03829079121351242,0.0,512346,matched_er_4to1_chunk_1,12.093292236328125,12.093292236328125,1.0000008344650269,60.0333251953125,60.0333251953125,4.964183807373047,0.08269046843968678
sign_test_er0.1__norm_spectral_radius,spectral_radius,5,1.0,0.6,0.1,0.1,5.673473834991455,8.880979686550868,2.8165690898895264,3.0906331539154053,0.003397105261683464,0.02941177226603031,0.0,512346,matched_er_4to1_chunk_1,9.62439250946045,12.093292236328125,0.9999998807907104,60.0333251953125,60.0333251953125,6.237621784210205,0.10390266180613833
sign_test_er0.1__norm_spectral_radius,spectral_radius,5,1.0,0.6,0.5,0.1,5.382476806640625,12.69575830862155,3.6198408603668213,5.5395708084106445,0.003397105261683464,0.02941177226603031,0.0,512346,matched_er_4to1_chunk_1,9.62439250946045,12.093292236328125,0.9999998807907104,60.0333251953125,60.0333251953125,6.237621784210205,0.10390266180613833
sign_test_er0.1__norm_spectral_radius,spectral_radius,5,1.0,0.6,1.0,0.1,3.762117385864258,9.440979523234375,4.318430423736572,8.270854949951172,0.003397105261683464,0.02941177226603031,0.0,512346,matched_er_4to1_chunk_1,9.62439250946045,12.093292236328125,0.9999998807907104,60.0333251953125,60.0333251953125,6.237621784210205,0.10390266180613833
sign_test_er0.1__norm_spectral_radius,spectral_radius,5,1.0,0.6,1.5,0.1,2.948326587677002,6.1514327190296,4.675961494445801,10.033143043518066,0.003397105261683464,0.02941177226603031,0.0,512346,matched_er_4to1_chunk_1,9.62439250946045,12.093292236328125,0.9999998807907104,60.0333251953125,60.0333251953125,6.237621784210205,0.10390266180613833
sign_test_er0.1__norm_spectral_radius,spectral_radius,5,1.0,0.8,0.1,0.1,6.44893741607666,10.389342547556694,3.082163095474243,3.4197802543640137,0.003397105261683464,0.02941177226603031,0.0,512346,matched_er_4to1_chunk_1,9.62439250946045,12.093292236328125,0.9999998807907104,60.0333251953125,60.0333251953125,6.237621784210205,0.10390266180613833
sign_test_er0.1__norm_spectral_radius,spectral_radius,5,1.0,0.8,0.5,0.1,5.86094331741333,12.907764887430782,4.136407852172852,6.535516738891602,0.003397105261683464,0.02941177226603031,0.0,512346,matched_er_4to1_chunk_1,9.62439250946045,12.093292236328125,0.9999998807907104,60.0333251953125,60.0333251953125,6.237621784210205,0.10390266180613833
sign_test_er0.1__norm_spectral_radius,spectral_radius,5,1.0,0.8,1.0,0.1,4.58094596862793,10.76210746573156,5.096635341644287,10.2013578414917,0.003397105261683464,0.02941177226603031,0.0,512346,matched_er_4to1_chunk_1,9.62439250946045,12.093292236328125,0.9999998807907104,60.0333251953125,60.0333251953125,6.237621784210205,0.10390266180613833
sign_test_er0.1__norm_spectral_radius,spectral_radius,5,1.0,0.8,1.5,0.1,3.2334659099578857,8.131340439583369,5.579680442810059,12.58655071258545,0.003397105261683464,0.02941177226603031,0.0,512346,matched_er_4to1_chunk_1,9.62439250946045,12.093292236328125,0.9999998807907104,60.0333251953125,60.0333251953125,6.237621784210205,0.10390266180613833
sign_test_er0.1__norm_spectral_radius,spectral_radius,5,1.0,1.0,0.1,0.1,7.925220489501953,13.534994481193792,3.5161688327789307,3.9447574615478516,0.003397105261683464,0.02941177226603031,0.0,512346,matched_er_4to1_chunk_1,9.62439250946045,12.093292236328125,0.9999998807907104,60.0333251953125,60.0333251953125,6.237621784210205,0.10390266180613833
sign_test_er0.1__norm_spectral_radius,spectral_radius,5,1.0,1.0,0.5,0.1,6.381955623626709,14.152437482615968,4.982065200805664,8.178746223449707,0.003397105261683464,0.02941177226603031,0.0,512346,matched_er_4to1_chunk_1,9.62439250946045,12.093292236328125,0.9999998807907104,60.0333251953125,60.0333251953125,6.237621784210205,0.10390266180613833
sign_test_er0.1__norm_spectral_radius,spectral_radius,5,1.0,1.0,1.0,0.1,5.393664836883545,11.856957932609795,6.352529048919678,13.332139015197754,0.003397105261683464,0.02941177226603031,0.0,512346,matched_er_4to1_chunk_1,9.62439250946045,12.093292236328125,0.9999998807907104,60.0333251953125,60.0333251953125,6.237621784210205,0.10390266180613833
sign_test_er0.1__norm_spectral_radius,spectral_radius,5,1.0,1.0,1.5,0.1,4.310500621795654,6.857498620845405,7.014688491821289,16.65049934387207,0.003397105261683464,0.02941177226603031,0.0,512346,matched_er_4to1_chunk_1,9.62439250946045,12.093292236328125,0.9999998807907104,60.0333251953125,60.0333251953125,6.237621784210205,0.10390266180613833
sign_test_er0.2__norm_spectral_radius,spectral_radius,5,1.0,0.6,0.1,0.1,7.586977481842041,11.524520905543023,3.983271837234497,4.235274791717529,0.003385996911674738,0.021642636507749557,0.0,512346,matched_er_4to1_chunk_1,7.245323181152344,12.093292236328125,1.0,60.0333251953125,60.0333251953125,8.28580379486084,0.1380200682560793
sign_test_er0.2__norm_spectral_radius,spectral_radius,5,1.0,0.6,0.5,0.1,7.735658645629883,17.94399208642804,5.193328857421875,8.196537971496582,0.003385996911674738,0.021642636507749557,0.0,512346,matched_er_4to1_chunk_1,7.245323181152344,12.093292236328125,1.0,60.0333251953125,60.0333251953125,8.28580379486084,0.1380200682560793
sign_test_er0.2__norm_spectral_radius,spectral_radius,5,1.0,0.6,1.0,0.1,3.741124153137207,7.846837539964099,6.229735851287842,12.578117370605469,0.003385996911674738,0.021642636507749557,0.0,512346,matched_er_4to1_chunk_1,7.245323181152344,12.093292236328125,1.0,60.0333251953125,60.0333251953125,8.28580379486084,0.1380200682560793
sign_test_er0.2__norm_spectral_radius,spectral_radius,5,1.0,0.6,1.5,0.1,3.4128096103668213,7.49773038839794,6.7247796058654785,15.327967643737793,0.003385996911674738,0.021642636507749557,0.0,512346,matched_er_4to1_chunk_1,7.245323181152344,12.093292236328125,1.0,60.0333251953125,60.0333251953125,8.28580379486084,0.1380200682560793
sign_test_er0.2__norm_spectral_radius,spectral_radius,5,1.0,0.8,0.1,0.1,8.888333320617676,14.052281731332187,4.47610330581665,4.847391128540039,0.003385996911674738,0.021642636507749557,0.0,512346,matched_er_4to1_chunk_1,7.245323181152344,12.093292236328125,1.0,60.0333251953125,60.0333251953125,8.28580379486084,0.1380200682560793
sign_test_er0.2__norm_spectral_radius,spectral_radius,5,1.0,0.8,0.5,0.1,8.025457382202148,17.260281850676073,6.261226177215576,10.324972152709961,0.003385996911674738,0.021642636507749557,0.0,512346,matched_er_4to1_chunk_1,7.245323181152344,12.093292236328125,1.0,60.0333251953125,60.0333251953125,8.28580379486084,0.1380200682560793
sign_test_er0.2__norm_spectral_radius,spectral_radius,5,1.0,0.8,1.0,0.1,4.522349834442139,10.319009491926659,7.799028396606445,16.530580520629883,0.003385996911674738,0.021642636507749557,0.0,512346,matched_er_4to1_chunk_1,7.245323181152344,12.093292236328125,1.0,60.0333251953125,60.0333251953125,8.28580379486084,0.1380200682560793
sign_test_er0.2__norm_spectral_radius,spectral_radius,5,1.0,0.8,1.5,0.1,4.449687957763672,8.522999062911596,8.505314826965332,20.381750106811523,0.003385996911674738,0.021642636507749557,0.0,512346,matched_er_4to1_chunk_1,7.245323181152344,12.093292236328125,1.0,60.0333251953125,60.0333251953125,8.28580379486084,0.1380200682560793
sign_test_er0.2__norm_spectral_radius,spectral_radius,5,1.0,1.0,0.1,0.1,11.118483543395996,18.22238907599143,5.367788314819336,5.940802097320557,0.003385996911674738,0.021642636507749557,0.0,512346,matched_er_4to1_chunk_1,7.245323181152344,12.093292236328125,1.0,60.0333251953125,60.0333251953125,8.28580379486084,0.1380200682560793
sign_test_er0.2__norm_spectral_radius,spectral_radius,5,1.0,1.0,0.5,0.1,10.161317825317383,23.513510366261414,8.241506576538086,14.298029899597168,0.003385996911674738,0.021642636507749557,0.0,512346,matched_er_4to1_chunk_1,7.245323181152344,12.093292236328125,1.0,60.0333251953125,60.0333251953125,8.28580379486084,0.1380200682560793
sign_test_er0.2__norm_spectral_radius,spectral_radius,5,1.0,1.0,1.0,0.1,8.266395568847656,20.587342498327562,10.625226020812988,23.57950210571289,0.003385996911674738,0.021642636507749557,0.0,512346,matched_er_4to1_chunk_1,7.245323181152344,12.093292236328125,1.0,60.0333251953125,60.0333251953125,8.28580379486084,0.1380200682560793
sign_test_er0.2__norm_spectral_radius,spectral_radius,5,1.0,1.0,1.5,0.1,7.090425491333008,17.574334476875023,11.606563568115234,28.998544692993164,0.003385996911674738,0.021642636507749557,0.0,512346,matched_er_4to1_chunk_1,7.245323181152344,12.093292236328125,1.0,60.0333251953125,60.0333251953125,8.28580379486084,0.1380200682560793
sign_test_er0.3__norm_spectral_radius,spectral_radius,5,1.0,0.6,0.1,0.1,11.873973846435547,18.090666739602778,5.540578365325928,6.1294121742248535,0.0033678605686873198,0.014983355067670345,0.0,512346,matched_er_4to1_chunk_1,4.853982925415039,12.093292236328125,1.0000005960464478,60.0333251953125,60.0333251953125,12.36784839630127,0.20601638187973131
sign_test_er0.3__norm_spectral_radius,spectral_radius,5,1.0,0.6,0.5,0.1,9.62166690826416,21.657907091131335,9.168561935424805,16.525772094726562,0.0033678605686873198,0.014983355067670345,0.0,512346,matched_er_4to1_chunk_1,4.853982925415039,12.093292236328125,1.0000005960464478,60.0333251953125,60.0333251953125,12.36784839630127,0.20601638187973131
sign_test_er0.3__norm_spectral_radius,spectral_radius,5,1.0,0.6,1.0,0.1,7.425440788269043,17.733787252307195,11.93947696685791,26.898380279541016,0.0033678605686873198,0.014983355067670345,0.0,512346,matched_er_4to1_chunk_1,4.853982925415039,12.093292236328125,1.0000005960464478,60.0333251953125,60.0333251953125,12.36784839630127,0.20601638187973131
sign_test_er0.3__norm_spectral_radius,spectral_radius,5,1.0,0.6,1.5,0.1,6.313004970550537,15.103906725718616,12.93052864074707,32.33942794799805,0.0033678605686873198,0.014983355067670345,0.0,512346,matched_er_4to1_chunk_1,4.853982925415039,12.093292236328125,1.0000005960464478,60.0333251953125,60.0333251953125,12.36784839630127,0.20601638187973131
sign_test_er0.3__norm_spectral_radius,spectral_radius,5,1.0,0.8,0.1,0.1,14.928061485290527,23.59661108242158,7.03870964050293,8.027215003967285,0.0033678605686873198,0.014983355067670345,0.0,512346,matched_er_4to1_chunk_1,4.853982925415039,12.093292236328125,1.0000005960464478,60.0333251953125,60.0333251953125,12.36784839630127,0.20601638187973131
sign_test_er0.3__norm_spectral_radius,spectral_radius,5,1.0,0.8,0.5,0.1,11.248132705688477,23.8444921430887,13.119958877563477,24.70469093322754,0.0033678605686873198,0.014983355067670345,0.0,512346,matched_er_4to1_chunk_1,4.853982925415039,12.093292236328125,1.0000005960464478,60.0333251953125,60.0333251953125,12.36784839630127,0.20601638187973131
sign_test_er0.3__norm_spectral_radius,spectral_radius,5,1.0,0.8,1.0,0.1,8.297971725463867,19.054896001964536,17.350767135620117,39.888519287109375,0.0033678605686873198,0.014983355067670345,0.0,512346,matched_er_4to1_chunk_1,4.853982925415039,12.093292236328125,1.0000005960464478,60.0333251953125,60.0333251953125,12.36784839630127,0.20601638187973131
sign_test_er0.3__norm_spectral_radius,spectral_radius,5,1.0,0.8,1.5,0.1,7.110627174377441,16.35553608679566,18.648448944091797,47.279823303222656,0.0033678605686873198,0.014983355067670345,0.0,512346,matched_er_4to1_chunk_1,4.853982925415039,12.093292236328125,1.0000005960464478,60.0333251953125,60.0333251953125,12.36784839630127,0.20601638187973131
sign_test_er0.3__norm_spectral_radius,spectral_radius,5,1.0,1.0,0.1,0.1,19.916963577270508,30.79900801114085,10.99351978302002,13.132242202758789,0.0033678605686873198,0.014983355067670345,0.0,512346,matched_er_4to1_chunk_1,4.853982925415039,12.093292236328125,1.0000005960464478,60.0333251953125,60.0333251953125,12.36784839630127,0.20601638187973131
sign_test_er0.3__norm_spectral_radius,spectral_radius,5,1.0,1.0,0.5,0.1,12.951712608337402,24.08676432389218,23.158384323120117,44.384765625,0.0033678605686873198,0.014983355067670345,0.0,512346,matched_er_4to1_chunk_1,4.853982925415039,12.093292236328125,1.0000005960464478,60.0333251953125,60.0333251953125,12.36784839630127,0.20601638187973131
sign_test_er0.3__norm_spectral_radius,spectral_radius,5,1.0,1.0,1.0,0.1,9.167369842529297,18.834997260276317,29.24701499938965,65.75592041015625,0.0033678605686873198,0.014983355067670345,0.0,512346,matched_er_4to1_chunk_1,4.853982925415039,12.093292236328125,1.0000005960464478,60.0333251953125,60.0333251953125,12.36784839630127,0.20601638187973131
sign_test_er0.3__norm_spectral_radius,spectral_radius,5,1.0,1.0,1.5,0.1,7.490614414215088,16.030785458315563,30.30620002746582,74.14704895019531,0.0033678605686873198,0.014983355067670345,0.0,512346,matched_er_4to1_chunk_1,4.853982925415039,12.093292236328125,1.0000005960464478,60.0333251953125,60.0333251953125,12.36784839630127,0.20601638187973131
sign_test_er0.4__norm_spectral_radius,spectral_radius,5,1.0,0.6,0.1,0.1,14.64912223815918,22.20543381561174,14.310016632080078,17.13251495361328,0.0022535165771842003,0.008324084803462029,0.0,512346,matched_er_4to1_chunk_1,3.632147789001465,12.093292236328125,1.0000001192092896,60.0333251953125,60.0333251953125,16.5283260345459,0.2753191935163288
sign_test_er0.4__norm_spectral_radius,spectral_radius,5,1.0,0.6,0.5,0.1,10.318321228027344,18.546678859109534,24.432647705078125,44.018089294433594,0.0022535165771842003,0.008324084803462029,0.0,512346,matched_er_4to1_chunk_1,3.632147789001465,12.093292236328125,1.0000001192092896,60.0333251953125,60.0333251953125,16.5283260345459,0.2753191935163288
sign_test_er0.4__norm_spectral_radius,spectral_radius,5,1.0,0.6,1.0,0.1,7.820810794830322,15.722321844400994,27.00905418395996,58.55074691772461,0.0022535165771842003,0.008324084803462029,0.0,512346,matched_er_4to1_chunk_1,3.632147789001465,12.093292236328125,1.0000001192092896,60.0333251953125,60.0333251953125,16.5283260345459,0.2753191935163288
sign_test_er0.4__norm_spectral_radius,spectral_radius,5,1.0,0.6,1.5,0.1,6.500308990478516,13.574983273647575,26.835689544677734,64.24031829833984,0.0022535165771842003,0.008324084803462029,0.0,512346,matched_er_4to1_chunk_1,3.632147789001465,12.093292236328125,1.0000001192092896,60.0333251953125,60.0333251953125,16.5283260345459,0.2753191935163288
sign_test_er0.4__norm_spectral_radius,spectral_radius,5,1.0,0.8,0.1,0.1,20.860422134399414,29.251078322896802,20.53329086303711,25.615068435668945,0.0022535165771842003,0.008324084803462029,0.0,512346,matched_er_4to1_chunk_1,3.632147789001465,12.093292236328125,1.0000001192092896,60.0333251953125,60.0333251953125,16.5283260345459,0.2753191935163288
sign_test_er0.4__norm_spectral_radius,spectral_radius,5,1.0,0.8,0.5,0.1,13.031035423278809,21.50185071635812,37.48435974121094,67.80450439453125,0.0022535165771842003,0.008324084803462029,0.0,512346,matched_er_4to1_chunk_1,3.632147789001465,12.093292236328125,1.0000001192092896,60.0333251953125,60.0333251953125,16.5283260345459,0.2753191935163288
sign_test_er0.4__norm_spectral_radius,spectral_radius,5,1.0,0.8,1.0,0.1,9.119088172912598,17.016634291804678,41.01734161376953,86.52694702148438,0.0022535165771842003,0.008324084803462029,0.0,512346,matched_er_4to1_chunk_1,3.632147789001465,12.093292236328125,1.0000001192092896,60.0333251953125,60.0333251953125,16.5283260345459,0.2753191935163288
sign_test_er0.4__norm_spectral_radius,spectral_radius,5,1.0,0.8,1.5,0.1,7.329136371612549,14.501219172084927,40.22065734863281,92.71219635009766,0.0022535165771842003,0.008324084803462029,0.0,512346,matched_er_4to1_chunk_1,3.632147789001465,12.093292236328125,1.0000001192092896,60.0333251953125,60.0333251953125,16.5283260345459,0.2753191935163288
sign_test_er0.4__norm_spectral_radius,spectral_radius,5,1.0,1.0,0.1,0.1,28.792348861694336,33.87309790160259,47.50695037841797,60.6705436706543,0.0022535165771842003,0.008324084803462029,0.0,512346,matched_er_4to1_chunk_1,3.632147789001465,12.093292236328125,1.0000001192092896,60.0333251953125,60.0333251953125,16.5283260345459,0.2753191935163288
sign_test_er0.4__norm_spectral_radius,spectral_radius,5,1.0,1.0,0.5,0.1,16.155155181884766,22.610112411123964,70.15734100341797,118.62747192382812,0.0022535165771842003,0.008324084803462029,0.0,512346,matched_er_4to1_chunk_1,3.632147789001465,12.093292236328125,1.0000001192092896,60.0333251953125,60.0333251953125,16.5283260345459,0.2753191935163288
sign_test_er0.4__norm_spectral_radius,spectral_radius,5,1.0,1.0,1.0,0.1,10.52429485321045,17.17149676165286,69.88169860839844,133.7772216796875,0.0022535165771842003,0.008324084803462029,0.0,512346,matched_er_4to1_chunk_1,3.632147789001465,12.093292236328125,1.0000001192092896,60.0333251953125,60.0333251953125,16.5283260345459,0.2753191935163288
sign_test_er0.4__norm_spectral_radius,spectral_radius,5,1.0,1.0,1.5,0.1,8.223410606384277,14.482067159542282,65.65131378173828,136.47189331054688,0.0022535165771842003,0.008324084803462029,0.0,512346,matched_er_4to1_chunk_1,3.632147789001465,12.093292236328125,1.0000001192092896,60.0333251953125,60.0333251953125,16.5283260345459,0.2753191935163288
sign_test_er0.5__norm_spectral_radius,spectral_radius,5,1.0,0.6,0.1,0.1,13.94246768951416,20.00994546016588,15.889081001281738,19.536283493041992,-2.16230609806356e-11,-1.1641532182693481e-10,0.0,512346,matched_er_4to1_chunk_1,3.4879307746887207,12.093292236328125,1.0000004768371582,60.0333251953125,60.0333251953125,17.21173095703125,0.2867029378153999
sign_test_er0.5__norm_spectral_radius,spectral_radius,5,1.0,0.6,0.5,0.1,10.75848388671875,19.42579592097877,27.899486541748047,49.88935852050781,-2.16230609806356e-11,-1.1641532182693481e-10,0.0,512346,matched_er_4to1_chunk_1,3.4879307746887207,12.093292236328125,1.0000004768371582,60.0333251953125,60.0333251953125,17.21173095703125,0.2867029378153999
sign_test_er0.5__norm_spectral_radius,spectral_radius,5,1.0,0.6,1.0,0.1,8.309553146362305,15.942851319314968,30.10367202758789,64.90387725830078,-2.16230609806356e-11,-1.1641532182693481e-10,0.0,512346,matched_er_4to1_chunk_1,3.4879307746887207,12.093292236328125,1.0000004768371582,60.0333251953125,60.0333251953125,17.21173095703125,0.2867029378153999
sign_test_er0.5__norm_spectral_radius,spectral_radius,5,1.0,0.6,1.5,0.1,6.710453987121582,13.618837769162383,29.617313385009766,70.43569946289062,-2.16230609806356e-11,-1.1641532182693481e-10,0.0,512346,matched_er_4to1_chunk_1,3.4879307746887207,12.093292236328125,1.0000004768371582,60.0333251953125,60.0333251953125,17.21173095703125,0.2867029378153999
sign_test_er0.5__norm_spectral_radius,spectral_radius,5,1.0,0.8,0.1,0.1,20.64287757873535,30.054882007128583,24.78615951538086,31.55504035949707,-2.16230609806356e-11,-1.1641532182693481e-10,0.0,512346,matched_er_4to1_chunk_1,3.4879307746887207,12.093292236328125,1.0000004768371582,60.0333251953125,60.0333251953125,17.21173095703125,0.2867029378153999
sign_test_er0.5__norm_spectral_radius,spectral_radius,5,1.0,0.8,0.5,0.1,13.805597305297852,21.86496591773377,43.976539611816406,78.28834533691406,-2.16230609806356e-11,-1.1641532182693481e-10,0.0,512346,matched_er_4to1_chunk_1,3.4879307746887207,12.093292236328125,1.0000004768371582,60.0333251953125,60.0333251953125,17.21173095703125,0.2867029378153999
sign_test_er0.5__norm_spectral_radius,spectral_radius,5,1.0,0.8,1.0,0.1,9.557703018188477,17.145034417663624,46.900962829589844,96.44413757324219,-2.16230609806356e-11,-1.1641532182693481e-10,0.0,512346,matched_er_4to1_chunk_1,3.4879307746887207,12.093292236328125,1.0000004768371582,60.0333251953125,60.0333251953125,17.21173095703125,0.2867029378153999
sign_test_er0.5__norm_spectral_radius,spectral_radius,5,1.0,0.8,1.5,0.1,7.579576015472412,14.549008442002918,45.29484939575195,101.76884460449219,-2.16230609806356e-11,-1.1641532182693481e-10,0.0,512346,matched_er_4to1_chunk_1,3.4879307746887207,12.093292236328125,1.0000004768371582,60.0333251953125,60.0333251953125,17.21173095703125,0.2867029378153999
sign_test_er0.5__norm_spectral_radius,spectral_radius,5,1.0,1.0,0.1,0.1,28.42661476135254,33.454743266963604,60.97686767578125,79.21647644042969,-2.16230609806356e-11,-1.1641532182693481e-10,0.0,512346,matched_er_4to1_chunk_1,3.4879307746887207,12.093292236328125,1.0000004768371582,60.0333251953125,60.0333251953125,17.21173095703125,0.2867029378153999
sign_test_er0.5__norm_spectral_radius,spectral_radius,5,1.0,1.0,0.5,0.1,16.254653930664062,21.700847322020934,81.22572326660156,134.58782958984375,-2.16230609806356e-11,-1.1641532182693481e-10,0.0,512346,matched_er_4to1_chunk_1,3.4879307746887207,12.093292236328125,1.0000004768371582,60.0333251953125,60.0333251953125,17.21173095703125,0.2867029378153999
sign_test_er0.5__norm_spectral_radius,spectral_radius,5,1.0,1.0,1.0,0.1,10.736689567565918,16.557291270748607,79.71402740478516,147.3522491455078,-2.16230609806356e-11,-1.1641532182693481e-10,0.0,512346,matched_er_4to1_chunk_1,3.4879307746887207,12.093292236328125,1.0000004768371582,60.0333251953125,60.0333251953125,17.21173095703125,0.2867029378153999
sign_test_er0.5__norm_spectral_radius,spectral_radius,5,1.0,1.0,1.5,0.1,8.287496566772461,14.078146076248686,74.27153778076172,148.5972137451172,-2.16230609806356e-11,-1.1641532182693481e-10,0.0,512346,matched_er_4to1_chunk_1,3.4879307746887207,12.093292236328125,1.0000004768371582,60.0333251953125,60.0333251953125,17.21173095703125,0.2867029378153999
sign_test_er0.6__norm_spectral_radius,spectral_radius,5,1.0,0.6,0.1,0.1,14.272716522216797,22.074670207988532,12.27225399017334,14.643519401550293,-0.0021833637729287148,-0.008879030123353004,0.0,512346,matched_er_4to1_chunk_1,3.738466262817383,12.093292236328125,0.9999986886978149,60.0333251953125,60.0333251953125,16.05827522277832,0.26748937390339855
sign_test_er0.6__norm_spectral_radius,spectral_radius,5,1.0,0.6,0.5,0.1,10.687678337097168,19.784240465108724,21.74606704711914,39.37628173828125,-0.0021833637729287148,-0.008879030123353004,0.0,512346,matched_er_4to1_chunk_1,3.738466262817383,12.093292236328125,0.9999986886978149,60.0333251953125,60.0333251953125,16.05827522277832,0.26748937390339855
sign_test_er0.6__norm_spectral_radius,spectral_radius,5,1.0,0.6,1.0,0.1,8.217185974121094,16.68994550051181,25.040712356567383,54.85725784301758,-0.0021833637729287148,-0.008879030123353004,0.0,512346,matched_er_4to1_chunk_1,3.738466262817383,12.093292236328125,0.9999986886978149,60.0333251953125,60.0333251953125,16.05827522277832,0.26748937390339855
sign_test_er0.6__norm_spectral_radius,spectral_radius,5,1.0,0.6,1.5,0.1,6.958367347717285,14.278838502957967,25.16126251220703,60.9234504699707,-0.0021833637729287148,-0.008879030123353004,0.0,512346,matched_er_4to1_chunk_1,3.738466262817383,12.093292236328125,0.9999986886978149,60.0333251953125,60.0333251953125,16.05827522277832,0.26748937390339855
sign_test_er0.6__norm_spectral_radius,spectral_radius,5,1.0,0.8,0.1,0.1,20.29552459716797,30.02097684107735,17.976825714111328,22.256040573120117,-0.0021833637729287148,-0.008879030123353004,0.0,512346,matched_er_4to1_chunk_1,3.738466262817383,12.093292236328125,0.9999986886978149,60.0333251953125,60.0333251953125,16.05827522277832,0.26748937390339855
sign_test_er0.6__norm_spectral_radius,spectral_radius,5,1.0,0.8,0.5,0.1,13.32453441619873,22.491053361524564,33.80430603027344,61.95542907714844,-0.0021833637729287148,-0.008879030123353004,0.0,512346,matched_er_4to1_chunk_1,3.738466262817383,12.093292236328125,0.9999986886978149,60.0333251953125,60.0333251953125,16.05827522277832,0.26748937390339855
sign_test_er0.6__norm_spectral_radius,spectral_radius,5,1.0,0.8,1.0,0.1,9.571219444274902,17.9011290486481,38.25985336303711,81.42982482910156,-0.0021833637729287148,-0.008879030123353004,0.0,512346,matched_er_4to1_chunk_1,3.738466262817383,12.093292236328125,0.9999986886978149,60.0333251953125,60.0333251953125,16.05827522277832,0.26748937390339855
sign_test_er0.6__norm_spectral_radius,spectral_radius,5,1.0,0.8,1.5,0.1,7.633406162261963,15.061462235589545,37.894779205322266,88.3399658203125,-0.0021833637729287148,-0.008879030123353004,0.0,512346,matched_er_4to1_chunk_1,3.738466262817383,12.093292236328125,0.9999986886978149,60.0333251953125,60.0333251953125,16.05827522277832,0.26748937390339855
sign_test_er0.6__norm_spectral_radius,spectral_radius,5,1.0,1.0,0.1,0.1,28.960649490356445,35.73358492348325,40.878604888916016,52.477027893066406,-0.0021833637729287148,-0.008879030123353004,0.0,512346,matched_er_4to1_chunk_1,3.738466262817383,12.093292236328125,0.9999986886978149,60.0333251953125,60.0333251953125,16.05827522277832,0.26748937390339855
sign_test_er0.6__norm_spectral_radius,spectral_radius,5,1.0,1.0,0.5,0.1,16.64260482788086,23.415762794017766,64.46955108642578,110.90960693359375,-0.0021833637729287148,-0.008879030123353004,0.0,512346,matched_er_4to1_chunk_1,3.738466262817383,12.093292236328125,0.9999986886978149,60.0333251953125,60.0333251953125,16.05827522277832,0.26748937390339855
sign_test_er0.6__norm_spectral_radius,spectral_radius,5,1.0,1.0,1.0,0.1,10.656725883483887,17.47154330981178,65.87593841552734,127.64801025390625,-0.0021833637729287148,-0.008879030123353004,0.0,512346,matched_er_4to1_chunk_1,3.738466262817383,12.093292236328125,0.9999986886978149,60.0333251953125,60.0333251953125,16.05827522277832,0.26748937390339855
sign_test_er0.6__norm_spectral_radius,spectral_radius,5,1.0,1.0,1.5,0.1,8.267269134521484,14.710619507049742,62.22665786743164,131.2915496826172,-0.0021833637729287148,-0.008879030123353004,0.0,512346,matched_er_4to1_chunk_1,3.738466262817383,12.093292236328125,0.9999986886978149,60.0333251953125,60.0333251953125,16.05827522277832,0.26748937390339855
sign_test_er0.7__norm_spectral_radius,spectral_radius,5,1.0,0.6,0.1,0.1,11.002684593200684,16.39941275790747,4.513779640197754,4.993524551391602,-0.0030821608379483223,-0.014428423717617989,0.0,512346,matched_er_4to1_chunk_1,5.29656457901001,12.093292236328125,1.0000005960464478,60.0333251953125,60.0333251953125,11.334389686584473,0.18880162510676152
sign_test_er0.7__norm_spectral_radius,spectral_radius,5,1.0,0.6,0.5,0.1,9.502557754516602,21.52047812658521,7.5291266441345215,13.01058578491211,-0.0030821608379483223,-0.014428423717617989,0.0,512346,matched_er_4to1_chunk_1,5.29656457901001,12.093292236328125,1.0000005960464478,60.0333251953125,60.0333251953125,11.334389686584473,0.18880162510676152
sign_test_er0.7__norm_spectral_radius,spectral_radius,5,1.0,0.6,1.0,0.1,7.418876647949219,18.06577238528355,10.20219898223877,22.315128326416016,-0.0030821608379483223,-0.014428423717617989,0.0,512346,matched_er_4to1_chunk_1,5.29656457901001,12.093292236328125,1.0000005960464478,60.0333251953125,60.0333251953125,11.334389686584473,0.18880162510676152
sign_test_er0.7__norm_spectral_radius,spectral_radius,5,1.0,0.6,1.5,0.1,6.249141216278076,15.06491106381796,11.346792221069336,27.736425399780273,-0.0030821608379483223,-0.014428423717617989,0.0,512346,matched_er_4to1_chunk_1,5.29656457901001,12.093292236328125,1.0000005960464478,60.0333251953125,60.0333251953125,11.334389686584473,0.18880162510676152
sign_test_er0.7__norm_spectral_radius,spectral_radius,5,1.0,0.8,0.1,0.1,13.298504829406738,20.730302723925945,5.711154460906982,6.44748592376709,-0.0030821608379483223,-0.014428423717617989,0.0,512346,matched_er_4to1_chunk_1,5.29656457901001,12.093292236328125,1.0000005960464478,60.0333251953125,60.0333251953125,11.334389686584473,0.18880162510676152
sign_test_er0.7__norm_spectral_radius,spectral_radius,5,1.0,0.8,0.5,0.1,10.971132278442383,24.00584706785071,10.473860740661621,19.071088790893555,-0.0030821608379483223,-0.014428423717617989,0.0,512346,matched_er_4to1_chunk_1,5.29656457901001,12.093292236328125,1.0000005960464478,60.0333251953125,60.0333251953125,11.334389686584473,0.18880162510676152
sign_test_er0.7__norm_spectral_radius,spectral_radius,5,1.0,0.8,1.0,0.1,8.386860847473145,19.40395563646637,14.33707046508789,32.50930404663086,-0.0030821608379483223,-0.014428423717617989,0.0,512346,matched_er_4to1_chunk_1,5.29656457901001,12.093292236328125,1.0000005960464478,60.0333251953125,60.0333251953125,11.334389686584473,0.18880162510676152
sign_test_er0.7__norm_spectral_radius,spectral_radius,5,1.0,0.8,1.5,0.1,6.977380275726318,16.17479067453226,15.830751419067383,39.80485153198242,-0.0030821608379483223,-0.014428423717617989,0.0,512346,matched_er_4to1_chunk_1,5.29656457901001,12.093292236328125,1.0000005960464478,60.0333251953125,60.0333251953125,11.334389686584473,0.18880162510676152
sign_test_er0.7__norm_spectral_radius,spectral_radius,5,1.0,1.0,0.1,0.1,16.685693740844727,25.64718806949506,9.615936279296875,11.530370712280273,-0.0030821608379483223,-0.014428423717617989,0.0,512346,matched_er_4to1_chunk_1,5.29656457901001,12.093292236328125,1.0000005960464478,60.0333251953125,60.0333251953125,11.334389686584473,0.18880162510676152
sign_test_er0.7__norm_spectral_radius,spectral_radius,5,1.0,1.0,0.5,0.1,12.117504119873047,23.355877045630507,19.35694694519043,36.25702667236328,-0.0030821608379483223,-0.014428423717617989,0.0,512346,matched_er_4to1_chunk_1,5.29656457901001,12.093292236328125,1.0000005960464478,60.0333251953125,60.0333251953125,11.334389686584473,0.18880162510676152
sign_test_er0.7__norm_spectral_radius,spectral_radius,5,1.0,1.0,1.0,0.1,9.11807918548584,19.159077977988375,24.055837631225586,54.40230941772461,-0.0030821608379483223,-0.014428423717617989,0.0,512346,matched_er_4to1_chunk_1,5.29656457901001,12.093292236328125,1.0000005960464478,60.0333251953125,60.0333251953125,11.334389686584473,0.18880162510676152
sign_test_er0.7__norm_spectral_radius,spectral_radius,5,1.0,1.0,1.5,0.1,7.419095993041992,16.151957800752008,25.127277374267578,62.462196350097656,-0.0030821608379483223,-0.014428423717617989,0.0,512346,matched_er_4to1_chunk_1,5.29656457901001,12.093292236328125,1.0000005960464478,60.0333251953125,60.0333251953125,11.334389686584473,0.18880162510676152
sign_test_er0.8__norm_spectral_radius,spectral_radius,5,1.0,0.6,0.1,0.1,7.691624164581299,11.4202029071227,2.8727645874023438,3.0990796089172363,-0.003353127744048834,-0.02441731095314026,0.0,512346,matched_er_4to1_chunk_1,7.309584617614746,12.093292236328125,1.0000011920928955,60.0333251953125,60.0333251953125,8.212960243225098,0.136806679491771
sign_test_er0.8__norm_spectral_radius,spectral_radius,5,1.0,0.6,0.5,0.1,6.022689342498779,13.126879337649257,4.1268815994262695,6.50113582611084,-0.003353127744048834,-0.02441731095314026,0.0,512346,matched_er_4to1_chunk_1,7.309584617614746,12.093292236328125,1.0000011920928955,60.0333251953125,60.0333251953125,8.212960243225098,0.136806679491771
sign_test_er0.8__norm_spectral_radius,spectral_radius,5,1.0,0.6,1.0,0.1,4.489977836608887,11.136180651620846,5.420342922210693,10.902434349060059,-0.003353127744048834,-0.02441731095314026,0.0,512346,matched_er_4to1_chunk_1,7.309584617614746,12.093292236328125,1.0000011920928955,60.0333251953125,60.0333251953125,8.212960243225098,0.136806679491771
sign_test_er0.8__norm_spectral_radius,spectral_radius,5,1.0,0.6,1.5,0.1,3.145655393600464,6.065639349862495,6.118110656738281,13.870199203491211,-0.003353127744048834,-0.02441731095314026,0.0,512346,matched_er_4to1_chunk_1,7.309584617614746,12.093292236328125,1.0000011920928955,60.0333251953125,60.0333251953125,8.212960243225098,0.136806679491771
sign_test_er0.8__norm_spectral_radius,spectral_radius,5,1.0,0.8,0.1,0.1,9.018312454223633,13.882126723712474,3.40907621383667,3.7084548473358154,-0.003353127744048834,-0.02441731095314026,0.0,512346,matched_er_4to1_chunk_1,7.309584617614746,12.093292236328125,1.0000011920928955,60.0333251953125,60.0333251953125,8.212960243225098,0.136806679491771
sign_test_er0.8__norm_spectral_radius,spectral_radius,5,1.0,0.8,0.5,0.1,8.06564712524414,14.427922082421418,5.202291011810303,8.562267303466797,-0.003353127744048834,-0.02441731095314026,0.0,512346,matched_er_4to1_chunk_1,7.309584617614746,12.093292236328125,1.0000011920928955,60.0333251953125,60.0333251953125,8.212960243225098,0.136806679491771
sign_test_er0.8__norm_spectral_radius,spectral_radius,5,1.0,0.8,1.0,0.1,5.351298809051514,10.939883586675904,7.008216857910156,14.835626602172852,-0.003353127744048834,-0.02441731095314026,0.0,512346,matched_er_4to1_chunk_1,7.309584617614746,12.093292236328125,1.0000011920928955,60.0333251953125,60.0333251953125,8.212960243225098,0.136806679491771
sign_test_er0.8__norm_spectral_radius,spectral_radius,5,1.0,0.8,1.5,0.1,3.994122266769409,6.360643853593615,7.921592712402344,18.934925079345703,-0.003353127744048834,-0.02441731095314026,0.0,512346,matched_er_4to1_chunk_1,7.309584617614746,12.093292236328125,1.0000011920928955,60.0333251953125,60.0333251953125,8.212960243225098,0.136806679491771
sign_test_er0.8__norm_spectral_radius,spectral_radius,5,1.0,1.0,0.1,0.1,10.411962509155273,16.894518900370954,5.234444618225098,5.825094223022461,-0.003353127744048834,-0.02441731095314026,0.0,512346,matched_er_4to1_chunk_1,7.309584617614746,12.093292236328125,1.0000011920928955,60.0333251953125,60.0333251953125,8.212960243225098,0.136806679491771
sign_test_er0.8__norm_spectral_radius,spectral_radius,5,1.0,1.0,0.5,0.1,9.635018348693848,22.793149947610775,8.371607780456543,14.487630844116211,-0.003353127744048834,-0.02441731095314026,0.0,512346,matched_er_4to1_chunk_1,7.309584617614746,12.093292236328125,1.0000011920928955,60.0333251953125,60.0333251953125,8.212960243225098,0.136806679491771
sign_test_er0.8__norm_spectral_radius,spectral_radius,5,1.0,1.0,1.0,0.1,7.873328685760498,19.778220221678424,10.82300853729248,23.954381942749023,-0.003353127744048834,-0.02441731095314026,0.0,512346,matched_er_4to1_chunk_1,7.309584617614746,12.093292236328125,1.0000011920928955,60.0333251953125,60.0333251953125,8.212960243225098,0.136806679491771
sign_test_er0.8__norm_spectral_radius,spectral_radius,5,1.0,1.0,1.5,0.1,6.78420877456665,16.8896451403985,11.798310279846191,29.386653900146484,-0.003353127744048834,-0.02441731095314026,0.0,512346,matched_er_4to1_chunk_1,7.309584617614746,12.093292236328125,1.0000011920928955,60.0333251953125,60.0333251953125,8.212960243225098,0.136806679491771
sign_test_er0.9__norm_spectral_radius,spectral_radius,5,1.0,0.6,0.1,0.1,6.450586795806885,9.370823269900555,2.3034372329711914,2.469813585281372,-0.003418090520426631,-0.03274141997098923,0.0,512346,matched_er_4to1_chunk_1,9.558670997619629,12.093292236328125,1.0,60.0333251953125,60.0333251953125,6.2805094718933105,0.10461705400772005
sign_test_er0.9__norm_spectral_radius,spectral_radius,5,1.0,0.6,0.5,0.1,6.3368754386901855,14.359026149828566,3.1242494583129883,4.7038350105285645,-0.003418090520426631,-0.03274141997098923,0.0,512346,matched_er_4to1_chunk_1,9.558670997619629,12.093292236328125,1.0,60.0333251953125,60.0333251953125,6.2805094718933105,0.10461705400772005
sign_test_er0.9__norm_spectral_radius,spectral_radius,5,1.0,0.6,1.0,0.1,3.1653687953948975,5.74459547375265,3.963672161102295,7.516645431518555,-0.003418090520426631,-0.03274141997098923,0.0,512346,matched_er_4to1_chunk_1,9.558670997619629,12.093292236328125,1.0,60.0333251953125,60.0333251953125,6.2805094718933105,0.10461705400772005
sign_test_er0.9__norm_spectral_radius,spectral_radius,5,1.0,0.6,1.5,0.1,4.094006061553955,8.18386537442001,4.4455952644348145,9.457876205444336,-0.003418090520426631,-0.03274141997098923,0.0,512346,matched_er_4to1_chunk_1,9.558670997619629,12.093292236328125,1.0,60.0333251953125,60.0333251953125,6.2805094718933105,0.10461705400772005
sign_test_er0.9__norm_spectral_radius,spectral_radius,5,1.0,0.8,0.1,0.1,7.38134765625,11.10676942549587,2.638488292694092,2.843341827392578,-0.003418090520426631,-0.03274141997098923,0.0,512346,matched_er_4to1_chunk_1,9.558670997619629,12.093292236328125,1.0,60.0333251953125,60.0333251953125,6.2805094718933105,0.10461705400772005
sign_test_er0.9__norm_spectral_radius,spectral_radius,5,1.0,0.8,0.5,0.1,6.020409107208252,13.533210519071645,3.7253589630126953,5.799096584320068,-0.003418090520426631,-0.03274141997098923,0.0,512346,matched_er_4to1_chunk_1,9.558670997619629,12.093292236328125,1.0,60.0333251953125,60.0333251953125,6.2805094718933105,0.10461705400772005
sign_test_er0.9__norm_spectral_radius,spectral_radius,5,1.0,0.8,1.0,0.1,5.02393913269043,9.875977782936818,4.828600883483887,9.580479621887207,-0.003418090520426631,-0.03274141997098923,0.0,512346,matched_er_4to1_chunk_1,9.558670997619629,12.093292236328125,1.0,60.0333251953125,60.0333251953125,6.2805094718933105,0.10461705400772005
sign_test_er0.9__norm_spectral_radius,spectral_radius,5,1.0,0.8,1.5,0.1,3.9992854595184326,8.578312598223725,5.435426235198975,12.155842781066895,-0.003418090520426631,-0.03274141997098923,0.0,512346,matched_er_4to1_chunk_1,9.558670997619629,12.093292236328125,1.0,60.0333251953125,60.0333251953125,6.2805094718933105,0.10461705400772005
sign_test_er0.9__norm_spectral_radius,spectral_radius,5,1.0,1.0,0.1,0.1,8.014045715332031,13.022085670138537,3.9540350437164307,4.314111232757568,-0.003418090520426631,-0.03274141997098923,0.0,512346,matched_er_4to1_chunk_1,9.558670997619629,12.093292236328125,1.0,60.0333251953125,60.0333251953125,6.2805094718933105,0.10461705400772005
sign_test_er0.9__norm_spectral_radius,spectral_radius,5,1.0,1.0,0.5,0.1,6.726931571960449,15.313762187327669,5.421617031097412,8.7853364944458,-0.003418090520426631,-0.03274141997098923,0.0,512346,matched_er_4to1_chunk_1,9.558670997619629,12.093292236328125,1.0,60.0333251953125,60.0333251953125,6.2805094718933105,0.10461705400772005
sign_test_er0.9__norm_spectral_radius,spectral_radius,5,1.0,1.0,1.0,0.1,4.900844097137451,11.882785995787543,6.823330879211426,14.240887641906738,-0.003418090520426631,-0.03274141997098923,0.0,512346,matched_er_4to1_chunk_1,9.558670997619629,12.093292236328125,1.0,60.0333251953125,60.0333251953125,6.2805094718933105,0.10461705400772005
sign_test_er0.9__norm_spectral_radius,spectral_radius,5,1.0,1.0,1.5,0.1,4.515330791473389,11.338662983889037,7.496707439422607,17.71151351928711,-0.003418090520426631,-0.03274141997098923,0.0,512346,matched_er_4to1_chunk_1,9.558670997619629,12.093292236328125,1.0,60.0333251953125,60.0333251953125,6.2805094718933105,0.10461705400772005
sign_test_er1.0__norm_spectral_radius,spectral_radius,5,1.0,0.6,0.1,0.1,5.509068489074707,7.8414850827268765,2.0135347843170166,2.1475021839141846,-0.003378528170287609,-0.038290802389383316,0.0,512346,matched_er_4to1_chunk_1,12.09328556060791,12.093292236328125,1.0000009536743164,60.0333251953125,60.0333251953125,4.964186191558838,0.08269051408637469
sign_test_er1.0__norm_spectral_radius,spectral_radius,5,1.0,0.6,0.5,0.1,4.593552589416504,10.306073234188005,2.644071578979492,3.866943597793579,-0.003378528170287609,-0.038290802389383316,0.0,512346,matched_er_4to1_chunk_1,12.09328556060791,12.093292236328125,1.0000009536743164,60.0333251953125,60.0333251953125,4.964186191558838,0.08269051408637469
sign_test_er1.0__norm_spectral_radius,spectral_radius,5,1.0,0.6,1.0,0.1,3.512890338897705,8.267922432956908,3.297072649002075,6.000760555267334,-0.003378528170287609,-0.038290802389383316,0.0,512346,matched_er_4to1_chunk_1,12.09328556060791,12.093292236328125,1.0000009536743164,60.0333251953125,60.0333251953125,4.964186191558838,0.08269051408637469
sign_test_er1.0__norm_spectral_radius,spectral_radius,5,1.0,0.6,1.5,0.1,3.346261739730835,7.288249702156861,3.680739164352417,7.476596355438232,-0.003378528170287609,-0.038290802389383316,0.0,512346,matched_er_4to1_chunk_1,12.09328556060791,12.093292236328125,1.0000009536743164,60.0333251953125,60.0333251953125,4.964186191558838,0.08269051408637469
sign_test_er1.0__norm_spectral_radius,spectral_radius,5,1.0,0.8,0.1,0.1,6.25106954574585,9.306666786997738,2.249297857284546,2.4065725803375244,-0.003378528170287609,-0.038290802389383316,0.0,512346,matched_er_4to1_chunk_1,12.09328556060791,12.093292236328125,1.0000009536743164,60.0333251953125,60.0333251953125,4.964186191558838,0.08269051408637469
sign_test_er1.0__norm_spectral_radius,spectral_radius,5,1.0,0.8,0.5,0.1,6.050645351409912,13.98542141720884,3.0451440811157227,4.573592662811279,-0.003378528170287609,-0.038290802389383316,0.0,512346,matched_er_4to1_chunk_1,12.09328556060791,12.093292236328125,1.0000009536743164,60.0333251953125,60.0333251953125,4.964186191558838,0.08269051408637469
sign_test_er1.0__norm_spectral_radius,spectral_radius,5,1.0,0.8,1.0,0.1,3.916154384613037,8.811992557867597,3.868457078933716,7.322900772094727,-0.003378528170287609,-0.038290802389383316,0.0,512346,matched_er_4to1_chunk_1,12.09328556060791,12.093292236328125,1.0000009536743164,60.0333251953125,60.0333251953125,4.964186191558838,0.08269051408637469
sign_test_er1.0__norm_spectral_radius,spectral_radius,5,1.0,0.8,1.5,0.1,3.9376771450042725,8.655936841117466,4.334737300872803,9.216742515563965,-0.003378528170287609,-0.038290802389383316,0.0,512346,matched_er_4to1_chunk_1,12.09328556060791,12.093292236328125,1.0000009536743164,60.0333251953125,60.0333251953125,4.964186191558838,0.08269051408637469
sign_test_er1.0__norm_spectral_radius,spectral_radius,5,1.0,1.0,0.1,0.1,6.5468220710754395,10.762972517301385,3.2478537559509277,3.524339199066162,-0.003378528170287609,-0.038290802389383316,0.0,512346,matched_er_4to1_chunk_1,12.09328556060791,12.093292236328125,1.0000009536743164,60.0333251953125,60.0333251953125,4.964186191558838,0.08269051408637469
sign_test_er1.0__norm_spectral_radius,spectral_radius,5,1.0,1.0,0.5,0.1,5.024351596832275,12.093233163604694,4.161818504333496,6.463308334350586,-0.003378528170287609,-0.038290802389383316,0.0,512346,matched_er_4to1_chunk_1,12.09328556060791,12.093292236328125,1.0000009536743164,60.0333251953125,60.0333251953125,4.964186191558838,0.08269051408637469
sign_test_er1.0__norm_spectral_radius,spectral_radius,5,1.0,1.0,1.0,0.1,4.5947465896606445,6.784397627224706,5.142786979675293,10.21031665802002,-0.003378528170287609,-0.038290802389383316,0.0,512346,matched_er_4to1_chunk_1,12.09328556060791,12.093292236328125,1.0000009536743164,60.0333251953125,60.0333251953125,4.964186191558838,0.08269051408637469
sign_test_er1.0__norm_spectral_radius,spectral_radius,5,1.0,1.0,1.5,0.1,4.483835220336914,8.99924650746695,5.641796588897705,12.677340507507324,-0.003378528170287609,-0.038290802389383316,0.0,512346,matched_er_4to1_chunk_1,12.09328556060791,12.093292236328125,1.0000009536743164,60.0333251953125,60.0333251953125,4.964186191558838,0.08269051408637469
sign_test_er0.0__norm_original_radius,original_radius,3,1.0,0.6,0.1,0.1,3.7503483295440674,6.311726849645197,2.3466193675994873,2.8178060054779053,0.003368513425812125,0.0438401885330677,0.0,312346,matched_er_4to1_chunk_1,12.129240036010742,12.129240036010742,1.0,60.0333251953125,60.0333251953125,4.9494709968566895,0.08244539616918126
sign_test_er0.0__norm_original_radius,original_radius,3,1.0,0.6,0.5,0.1,4.636521339416504,11.538289015420968,3.001603364944458,4.788600921630859,0.003368513425812125,0.0438401885330677,0.0,312346,matched_er_4to1_chunk_1,12.129240036010742,12.129240036010742,1.0,60.0333251953125,60.0333251953125,4.9494709968566895,0.08244539616918126
sign_test_er0.0__norm_original_radius,original_radius,3,1.0,0.6,1.0,0.1,2.954932451248169,7.361223906052373,3.380523204803467,6.5061936378479,0.003368513425812125,0.0438401885330677,0.0,312346,matched_er_4to1_chunk_1,12.129240036010742,12.129240036010742,1.0,60.0333251953125,60.0333251953125,4.9494709968566895,0.08244539616918126
sign_test_er0.0__norm_original_radius,original_radius,3,1.0,0.6,1.5,0.1,1.6840721368789673,4.9045807548794755,3.6247968673706055,7.853287220001221,0.003368513425812125,0.0438401885330677,0.0,312346,matched_er_4to1_chunk_1,12.129240036010742,12.129240036010742,1.0,60.0333251953125,60.0333251953125,4.9494709968566895,0.08244539616918126
sign_test_er0.0__norm_original_radius,original_radius,3,1.0,0.8,0.1,0.1,4.922468662261963,7.6556606518742,2.532649517059326,3.0191428661346436,0.003368513425812125,0.0438401885330677,0.0,312346,matched_er_4to1_chunk_1,12.129240036010742,12.129240036010742,1.0,60.0333251953125,60.0333251953125,4.9494709968566895,0.08244539616918126
sign_test_er0.0__norm_original_radius,original_radius,3,1.0,0.8,0.5,0.1,4.245316982269287,11.763654435615129,3.3267996311187744,5.382317066192627,0.003368513425812125,0.0438401885330677,0.0,312346,matched_er_4to1_chunk_1,12.129240036010742,12.129240036010742,1.0,60.0333251953125,60.0333251953125,4.9494709968566895,0.08244539616918126
sign_test_er0.0__norm_original_radius,original_radius,3,1.0,0.8,1.0,0.1,3.4301977157592773,6.642465460000196,3.8233067989349365,7.592187881469727,0.003368513425812125,0.0438401885330677,0.0,312346,matched_er_4to1_chunk_1,12.129240036010742,12.129240036010742,1.0,60.0333251953125,60.0333251953125,4.9494709968566895,0.08244539616918126
sign_test_er0.0__norm_original_radius,original_radius,3,1.0,0.8,1.5,0.1,1.6131565570831299,5.64135915677798,4.132030487060547,9.301997184753418,0.003368513425812125,0.0438401885330677,0.0,312346,matched_er_4to1_chunk_1,12.129240036010742,12.129240036010742,1.0,60.0333251953125,60.0333251953125,4.9494709968566895,0.08244539616918126
sign_test_er0.0__norm_original_radius,original_radius,3,1.0,1.0,0.1,0.1,5.699261665344238,9.2217549206339,2.807131767272949,3.3348121643066406,0.003368513425812125,0.0438401885330677,0.0,312346,matched_er_4to1_chunk_1,12.129240036010742,12.129240036010742,1.0,60.0333251953125,60.0333251953125,4.9494709968566895,0.08244539616918126
sign_test_er0.0__norm_original_radius,original_radius,3,1.0,1.0,0.5,0.1,5.089341640472412,11.688194999509218,3.8142502307891846,6.3015007972717285,0.003368513425812125,0.0438401885330677,0.0,312346,matched_er_4to1_chunk_1,12.129240036010742,12.129240036010742,1.0,60.0333251953125,60.0333251953125,4.9494709968566895,0.08244539616918126
sign_test_er0.0__norm_original_radius,original_radius,3,1.0,1.0,1.0,0.1,4.212038040161133,9.208494952964728,4.495006084442139,9.257542610168457,0.003368513425812125,0.0438401885330677,0.0,312346,matched_er_4to1_chunk_1,12.129240036010742,12.129240036010742,1.0,60.0333251953125,60.0333251953125,4.9494709968566895,0.08244539616918126
sign_test_er0.0__norm_original_radius,original_radius,3,1.0,1.0,1.5,0.1,4.455705165863037,10.282986764192977,4.8969573974609375,11.502862930297852,0.003368513425812125,0.0438401885330677,0.0,312346,matched_er_4to1_chunk_1,12.129240036010742,12.129240036010742,1.0,60.0333251953125,60.0333251953125,4.9494709968566895,0.08244539616918126
sign_test_er0.1__norm_original_radius,original_radius,3,1.0,0.6,0.1,0.1,4.866399765014648,7.907455495878395,1.96388840675354,2.1573216915130615,0.0026955583598464727,0.03385128453373909,0.0,312346,matched_er_4to1_chunk_1,9.609338760375977,12.129240036010742,0.7922458648681641,60.0333251953125,60.0333251953125,4.9494709968566895,0.08244539616918126
sign_test_er0.1__norm_original_radius,original_radius,3,1.0,0.6,0.5,0.1,3.99377179145813,10.963604583883466,2.6759207248687744,4.186180114746094,0.0026955583598464727,0.03385128453373909,0.0,312346,matched_er_4to1_chunk_1,9.609338760375977,12.129240036010742,0.7922458648681641,60.0333251953125,60.0333251953125,4.9494709968566895,0.08244539616918126
sign_test_er0.1__norm_original_radius,original_radius,3,1.0,0.6,1.0,0.1,2.1324572563171387,5.644048889009156,3.2533299922943115,6.320441722869873,0.0026955583598464727,0.03385128453373909,0.0,312346,matched_er_4to1_chunk_1,9.609338760375977,12.129240036010742,0.7922458648681641,60.0333251953125,60.0333251953125,4.9494709968566895,0.08244539616918126
sign_test_er0.1__norm_original_radius,original_radius,3,1.0,0.6,1.5,0.1,2.5089027881622314,6.292756710755441,3.557310104370117,7.793539524078369,0.0026955583598464727,0.03385128453373909,0.0,312346,matched_er_4to1_chunk_1,9.609338760375977,12.129240036010742,0.7922458648681641,60.0333251953125,60.0333251953125,4.9494709968566895,0.08244539616918126
sign_test_er0.1__norm_original_radius,original_radius,3,1.0,0.8,0.1,0.1,5.562503814697266,9.339148970261533,2.128667116165161,2.341723680496216,0.0026955583598464727,0.03385128453373909,0.0,312346,matched_er_4to1_chunk_1,9.609338760375977,12.129240036010742,0.7922458648681641,60.0333251953125,60.0333251953125,4.9494709968566895,0.08244539616918126
sign_test_er0.1__norm_original_radius,original_radius,3,1.0,0.8,0.5,0.1,4.74232292175293,10.384531084531986,2.979841470718384,4.750576019287109,0.0026955583598464727,0.03385128453373909,0.0,312346,matched_er_4to1_chunk_1,9.609338760375977,12.129240036010742,0.7922458648681641,60.0333251953125,60.0333251953125,4.9494709968566895,0.08244539616918126
sign_test_er0.1__norm_original_radius,original_radius,3,1.0,0.8,1.0,0.1,3.813584566116333,9.417572921941328,3.689993381500244,7.399963855743408,0.0026955583598464727,0.03385128453373909,0.0,312346,matched_er_4to1_chunk_1,9.609338760375977,12.129240036010742,0.7922458648681641,60.0333251953125,60.0333251953125,4.9494709968566895,0.08244539616918126
sign_test_er0.1__norm_original_radius,original_radius,3,1.0,0.8,1.5,0.1,3.6460862159729004,8.634732042011564,4.059946537017822,9.243620872497559,0.0026955583598464727,0.03385128453373909,0.0,312346,matched_er_4to1_chunk_1,9.609338760375977,12.129240036010742,0.7922458648681641,60.0333251953125,60.0333251953125,4.9494709968566895,0.08244539616918126
sign_test_er0.1__norm_original_radius,original_radius,3,1.0,1.0,0.1,0.1,6.652917385101318,11.598538978190227,2.38378643989563,2.63069224357605,0.0026955583598464727,0.03385128453373909,0.0,312346,matched_er_4to1_chunk_1,9.609338760375977,12.129240036010742,0.7922458648681641,60.0333251953125,60.0333251953125,4.9494709968566895,0.08244539616918126
sign_test_er0.1__norm_original_radius,original_radius,3,1.0,1.0,0.5,0.1,5.2002058029174805,13.876164250899706,3.453145742416382,5.6455302238464355,0.0026955583598464727,0.03385128453373909,0.0,312346,matched_er_4to1_chunk_1,9.609338760375977,12.129240036010742,0.7922458648681641,60.0333251953125,60.0333251953125,4.9494709968566895,0.08244539616918126
sign_test_er0.1__norm_original_radius,original_radius,3,1.0,1.0,1.0,0.1,4.914467811584473,8.70543417789947,4.366883754730225,9.09184741973877,0.0026955583598464727,0.03385128453373909,0.0,312346,matched_er_4to1_chunk_1,9.609338760375977,12.129240036010742,0.7922458648681641,60.0333251953125,60.0333251953125,4.9494709968566895,0.08244539616918126
sign_test_er0.1__norm_original_radius,original_radius,3,1.0,1.0,1.5,0.1,3.333425283432007,4.328402985603743,4.831576347351074,11.480968475341797,0.0026955583598464727,0.03385128453373909,0.0,312346,matched_er_4to1_chunk_1,9.609338760375977,12.129240036010742,0.7922458648681641,60.0333251953125,60.0333251953125,4.9494709968566895,0.08244539616918126
sign_test_er0.2__norm_original_radius,original_radius,3,1.0,0.6,0.1,0.1,5.045251846313477,7.810431509293608,2.02864408493042,2.2180657386779785,0.002022603526711464,0.020532745867967606,0.0,312346,matched_er_4to1_chunk_1,7.110799312591553,12.129240036010742,0.5862528085708618,60.0333251953125,60.0333251953125,4.9494709968566895,0.08244539616918126
sign_test_er0.2__norm_original_radius,original_radius,3,1.0,0.6,0.5,0.1,4.1953935623168945,11.153042101666813,2.759636163711548,4.301787853240967,0.002022603526711464,0.020532745867967606,0.0,312346,matched_er_4to1_chunk_1,7.110799312591553,12.129240036010742,0.5862528085708618,60.0333251953125,60.0333251953125,4.9494709968566895,0.08244539616918126
sign_test_er0.2__norm_original_radius,original_radius,3,1.0,0.6,1.0,0.1,2.332623243331909,5.218110150177381,3.3498058319091797,6.548412799835205,0.002022603526711464,0.020532745867967606,0.0,312346,matched_er_4to1_chunk_1,7.110799312591553,12.129240036010742,0.5862528085708618,60.0333251953125,60.0333251953125,4.9494709968566895,0.08244539616918126
sign_test_er0.2__norm_original_radius,original_radius,3,1.0,0.6,1.5,0.1,2.3924074172973633,5.948601921085814,3.6490046977996826,8.074416160583496,0.002022603526711464,0.020532745867967606,0.0,312346,matched_er_4to1_chunk_1,7.110799312591553,12.129240036010742,0.5862528085708618,60.0333251953125,60.0333251953125,4.9494709968566895,0.08244539616918126
sign_test_er0.2__norm_original_radius,original_radius,3,1.0,0.8,0.1,0.1,5.726173400878906,9.302884874596344,2.2114038467407227,2.4222865104675293,0.002022603526711464,0.020532745867967606,0.0,312346,matched_er_4to1_chunk_1,7.110799312591553,12.129240036010742,0.5862528085708618,60.0333251953125,60.0333251953125,4.9494709968566895,0.08244539616918126
sign_test_er0.2__norm_original_radius,original_radius,3,1.0,0.8,0.5,0.1,4.641528129577637,13.16470841975603,3.097641706466675,4.925082683563232,0.002022603526711464,0.020532745867967606,0.0,312346,matched_er_4to1_chunk_1,7.110799312591553,12.129240036010742,0.5862528085708618,60.0333251953125,60.0333251953125,4.9494709968566895,0.08244539616918126
sign_test_er0.2__norm_original_radius,original_radius,3,1.0,0.8,1.0,0.1,3.996506929397583,10.928251316234736,3.82964825630188,7.73698616027832,0.002022603526711464,0.020532745867967606,0.0,312346,matched_er_4to1_chunk_1,7.110799312591553,12.129240036010742,0.5862528085708618,60.0333251953125,60.0333251953125,4.9494709968566895,0.08244539616918126
sign_test_er0.2__norm_original_radius,original_radius,3,1.0,0.8,1.5,0.1,3.386871814727783,8.234110625445304,4.195352554321289,9.659566879272461,0.002022603526711464,0.020532745867967606,0.0,312346,matched_er_4to1_chunk_1,7.110799312591553,12.129240036010742,0.5862528085708618,60.0333251953125,60.0333251953125,4.9494709968566895,0.08244539616918126
sign_test_er0.2__norm_original_radius,original_radius,3,1.0,1.0,0.1,0.1,6.769506931304932,11.809372106358733,2.492060899734497,2.7392685413360596,0.002022603526711464,0.020532745867967606,0.0,312346,matched_er_4to1_chunk_1,7.110799312591553,12.129240036010742,0.5862528085708618,60.0333251953125,60.0333251953125,4.9494709968566895,0.08244539616918126
sign_test_er0.2__norm_original_radius,original_radius,3,1.0,1.0,0.5,0.1,5.683486461639404,14.425213120325665,3.6246795654296875,5.918287754058838,0.002022603526711464,0.020532745867967606,0.0,312346,matched_er_4to1_chunk_1,7.110799312591553,12.129240036010742,0.5862528085708618,60.0333251953125,60.0333251953125,4.9494709968566895,0.08244539616918126
sign_test_er0.2__norm_original_radius,original_radius,3,1.0,1.0,1.0,0.1,4.417057991027832,9.794191282307693,4.57798957824707,9.608837127685547,0.002022603526711464,0.020532745867967606,0.0,312346,matched_er_4to1_chunk_1,7.110799312591553,12.129240036010742,0.5862528085708618,60.0333251953125,60.0333251953125,4.9494709968566895,0.08244539616918126
sign_test_er0.2__norm_original_radius,original_radius,3,1.0,1.0,1.5,0.1,4.501516819000244,10.3921130289379,5.039352893829346,12.109017372131348,0.002022603526711464,0.020532745867967606,0.0,312346,matched_er_4to1_chunk_1,7.110799312591553,12.129240036010742,0.5862528085708618,60.0333251953125,60.0333251953125,4.9494709968566895,0.08244539616918126
sign_test_er0.3__norm_original_radius,original_radius,3,1.0,0.6,0.1,0.1,4.78347110748291,7.61975785632167,1.99785315990448,2.1880834102630615,0.0013477791799232364,0.012208659201860428,0.0,312346,matched_er_4to1_chunk_1,4.544097900390625,12.129240036010742,0.37464022636413574,60.0333251953125,60.0333251953125,4.9494709968566895,0.08244539616918126
sign_test_er0.3__norm_original_radius,original_radius,3,1.0,0.6,0.5,0.1,4.604298114776611,11.354244752402337,2.7225587368011475,4.261399269104004,0.0013477791799232364,0.012208659201860428,0.0,312346,matched_er_4to1_chunk_1,4.544097900390625,12.129240036010742,0.37464022636413574,60.0333251953125,60.0333251953125,4.9494709968566895,0.08244539616918126
sign_test_er0.3__norm_original_radius,original_radius,3,1.0,0.6,1.0,0.1,3.006500244140625,8.178545264305566,3.321493148803711,6.522027969360352,0.0013477791799232364,0.012208659201860428,0.0,312346,matched_er_4to1_chunk_1,4.544097900390625,12.129240036010742,0.37464022636413574,60.0333251953125,60.0333251953125,4.9494709968566895,0.08244539616918126
sign_test_er0.3__norm_original_radius,original_radius,3,1.0,0.6,1.5,0.1,2.556144952774048,5.995471870837407,3.635120153427124,8.071459770202637,0.0013477791799232364,0.012208659201860428,0.0,312346,matched_er_4to1_chunk_1,4.544097900390625,12.129240036010742,0.37464022636413574,60.0333251953125,60.0333251953125,4.9494709968566895,0.08244539616918126
sign_test_er0.3__norm_original_radius,original_radius,3,1.0,0.8,0.1,0.1,5.429454326629639,9.051969583785095,2.1765098571777344,2.3882358074188232,0.0013477791799232364,0.012208659201860428,0.0,312346,matched_er_4to1_chunk_1,4.544097900390625,12.129240036010742,0.37464022636413574,60.0333251953125,60.0333251953125,4.9494709968566895,0.08244539616918126
sign_test_er0.3__norm_original_radius,original_radius,3,1.0,0.8,0.5,0.1,4.510493755340576,11.94986443864434,3.054757595062256,4.8788933753967285,0.0013477791799232364,0.012208659201860428,0.0,312346,matched_er_4to1_chunk_1,4.544097900390625,12.129240036010742,0.37464022636413574,60.0333251953125,60.0333251953125,4.9494709968566895,0.08244539616918126
sign_test_er0.3__norm_original_radius,original_radius,3,1.0,0.8,1.0,0.1,3.5257198810577393,9.7749537541472,3.7960257530212402,7.703947067260742,0.0013477791799232364,0.012208659201860428,0.0,312346,matched_er_4to1_chunk_1,4.544097900390625,12.129240036010742,0.37464022636413574,60.0333251953125,60.0333251953125,4.9494709968566895,0.08244539616918126
sign_test_er0.3__norm_original_radius,original_radius,3,1.0,0.8,1.5,0.1,2.6061198711395264,7.397257793416309,4.1788482666015625,9.646719932556152,0.0013477791799232364,0.012208659201860428,0.0,312346,matched_er_4to1_chunk_1,4.544097900390625,12.129240036010742,0.37464022636413574,60.0333251953125,60.0333251953125,4.9494709968566895,0.08244539616918126
sign_test_er0.3__norm_original_radius,original_radius,3,1.0,1.0,0.1,0.1,6.916358947753906,11.927002491449244,2.452368974685669,2.7008633613586426,0.0013477791799232364,0.012208659201860428,0.0,312346,matched_er_4to1_chunk_1,4.544097900390625,12.129240036010742,0.37464022636413574,60.0333251953125,60.0333251953125,4.9494709968566895,0.08244539616918126
sign_test_er0.3__norm_original_radius,original_radius,3,1.0,1.0,0.5,0.1,5.273209571838379,11.616652891013274,3.573692560195923,5.863304615020752,0.0013477791799232364,0.012208659201860428,0.0,312346,matched_er_4to1_chunk_1,4.544097900390625,12.129240036010742,0.37464022636413574,60.0333251953125,60.0333251953125,4.9494709968566895,0.08244539616918126
sign_test_er0.3__norm_original_radius,original_radius,3,1.0,1.0,1.0,0.1,5.050194263458252,12.440664790235033,4.533854961395264,9.56421947479248,0.0013477791799232364,0.012208659201860428,0.0,312346,matched_er_4to1_chunk_1,4.544097900390625,12.129240036010742,0.37464022636413574,60.0333251953125,60.0333251953125,4.9494709968566895,0.08244539616918126
sign_test_er0.3__norm_original_radius,original_radius,3,1.0,1.0,1.5,0.1,3.637373924255371,9.654257889890943,5.014453411102295,12.081365585327148,0.0013477791799232364,0.012208659201860428,0.0,312346,matched_er_4to1_chunk_1,4.544097900390625,12.129240036010742,0.37464022636413574,60.0333251953125,60.0333251953125,4.9494709968566895,0.08244539616918126
sign_test_er0.4__norm_original_radius,original_radius,3,1.0,0.6,0.1,0.1,4.723329544067383,7.550437598389127,1.9648467302322388,2.149704933166504,0.0006748242885805666,0.004994451534003019,0.0,312346,matched_er_4to1_chunk_1,3.573993444442749,12.129240036010742,0.29466089606285095,60.0333251953125,60.0333251953125,4.9494709968566895,0.08244539616918126
sign_test_er0.4__norm_original_radius,original_radius,3,1.0,0.6,0.5,0.1,3.881734609603882,10.509503062968854,2.664546251296997,4.15565299987793,0.0006748242885805666,0.004994451534003019,0.0,312346,matched_er_4to1_chunk_1,3.573993444442749,12.129240036010742,0.29466089606285095,60.0333251953125,60.0333251953125,4.9494709968566895,0.08244539616918126
sign_test_er0.4__norm_original_radius,original_radius,3,1.0,0.6,1.0,0.1,2.333103656768799,5.332770107709326,3.245530843734741,6.345344066619873,0.0006748242885805666,0.004994451534003019,0.0,312346,matched_er_4to1_chunk_1,3.573993444442749,12.129240036010742,0.29466089606285095,60.0333251953125,60.0333251953125,4.9494709968566895,0.08244539616918126
sign_test_er0.4__norm_original_radius,original_radius,3,1.0,0.6,1.5,0.1,2.4734914302825928,5.815218065039289,3.5551724433898926,7.846633434295654,0.0006748242885805666,0.004994451534003019,0.0,312346,matched_er_4to1_chunk_1,3.573993444442749,12.129240036010742,0.29466089606285095,60.0333251953125,60.0333251953125,4.9494709968566895,0.08244539616918126
sign_test_er0.4__norm_original_radius,original_radius,3,1.0,0.8,0.1,0.1,5.3427934646606445,9.013647765752069,2.140929937362671,2.3471951484680176,0.0006748242885805666,0.004994451534003019,0.0,312346,matched_er_4to1_chunk_1,3.573993444442749,12.129240036010742,0.29466089606285095,60.0333251953125,60.0333251953125,4.9494709968566895,0.08244539616918126
sign_test_er0.4__norm_original_radius,original_radius,3,1.0,0.8,0.5,0.1,4.533281326293945,12.240829524682113,2.9886481761932373,4.755897045135498,0.0006748242885805666,0.004994451534003019,0.0,312346,matched_er_4to1_chunk_1,3.573993444442749,12.129240036010742,0.29466089606285095,60.0333251953125,60.0333251953125,4.9494709968566895,0.08244539616918126
sign_test_er0.4__norm_original_radius,original_radius,3,1.0,0.8,1.0,0.1,2.477987051010132,5.370239030879759,3.707590103149414,7.493183135986328,0.0006748242885805666,0.004994451534003019,0.0,312346,matched_er_4to1_chunk_1,3.573993444442749,12.129240036010742,0.29466089606285095,60.0333251953125,60.0333251953125,4.9494709968566895,0.08244539616918126
sign_test_er0.4__norm_original_radius,original_radius,3,1.0,0.8,1.5,0.1,2.6948294639587402,7.368915241589605,4.08479118347168,9.377700805664062,0.0006748242885805666,0.004994451534003019,0.0,312346,matched_er_4to1_chunk_1,3.573993444442749,12.129240036010742,0.29466089606285095,60.0333251953125,60.0333251953125,4.9494709968566895,0.08244539616918126
sign_test_er0.4__norm_original_radius,original_radius,3,1.0,1.0,0.1,0.1,6.7877607345581055,11.961998519334145,2.4156601428985596,2.658770799636841,0.0006748242885805666,0.004994451534003019,0.0,312346,matched_er_4to1_chunk_1,3.573993444442749,12.129240036010742,0.29466089606285095,60.0333251953125,60.0333251953125,4.9494709968566895,0.08244539616918126
sign_test_er0.4__norm_original_radius,original_radius,3,1.0,1.0,0.5,0.1,5.072338581085205,13.081503707014289,3.503401517868042,5.729650497436523,0.0006748242885805666,0.004994451534003019,0.0,312346,matched_er_4to1_chunk_1,3.573993444442749,12.129240036010742,0.29466089606285095,60.0333251953125,60.0333251953125,4.9494709968566895,0.08244539616918126
sign_test_er0.4__norm_original_radius,original_radius,3,1.0,1.0,1.0,0.1,4.819883346557617,10.105035479625954,4.43784761428833,9.329636573791504,0.0006748242885805666,0.004994451534003019,0.0,312346,matched_er_4to1_chunk_1,3.573993444442749,12.129240036010742,0.29466089606285095,60.0333251953125,60.0333251953125,4.9494709968566895,0.08244539616918126
sign_test_er0.4__norm_original_radius,original_radius,3,1.0,1.0,1.5,0.1,2.9550764560699463,7.574544021067339,4.909610748291016,11.781259536743164,0.0006748242885805666,0.004994451534003019,0.0,312346,matched_er_4to1_chunk_1,3.573993444442749,12.129240036010742,0.29466089606285095,60.0333251953125,60.0333251953125,4.9494709968566895,0.08244539616918126
sign_test_er0.5__norm_original_radius,original_radius,3,1.0,0.6,0.1,0.1,4.822594165802002,7.669865426558354,1.985722303390503,2.171912670135498,-1.351441311289725e-12,-0.0005549391498789191,0.0,312346,matched_er_4to1_chunk_1,3.6079747676849365,12.129240036010742,0.29746079444885254,60.0333251953125,60.0333251953125,4.9494709968566895,0.08244539616918126
sign_test_er0.5__norm_original_radius,original_radius,3,1.0,0.6,0.5,0.1,4.473901748657227,11.60947538982316,2.6898818016052246,4.186666965484619,-1.351441311289725e-12,-0.0005549391498789191,0.0,312346,matched_er_4to1_chunk_1,3.6079747676849365,12.129240036010742,0.29746079444885254,60.0333251953125,60.0333251953125,4.9494709968566895,0.08244539616918126
sign_test_er0.5__norm_original_radius,original_radius,3,1.0,0.6,1.0,0.1,3.6268320083618164,7.725927871317225,3.283097505569458,6.393962383270264,-1.351441311289725e-12,-0.0005549391498789191,0.0,312346,matched_er_4to1_chunk_1,3.6079747676849365,12.129240036010742,0.29746079444885254,60.0333251953125,60.0333251953125,4.9494709968566895,0.08244539616918126
sign_test_er0.5__norm_original_radius,original_radius,3,1.0,0.6,1.5,0.1,2.0156848430633545,5.907054581992043,3.602309226989746,7.925710678100586,-1.351441311289725e-12,-0.0005549391498789191,0.0,312346,matched_er_4to1_chunk_1,3.6079747676849365,12.129240036010742,0.29746079444885254,60.0333251953125,60.0333251953125,4.9494709968566895,0.08244539616918126
sign_test_er0.5__norm_original_radius,original_radius,3,1.0,0.8,0.1,0.1,5.407104969024658,9.097994563091405,2.1651206016540527,2.372370719909668,-1.351441311289725e-12,-0.0005549391498789191,0.0,312346,matched_er_4to1_chunk_1,3.6079747676849365,12.129240036010742,0.29746079444885254,60.0333251953125,60.0333251953125,4.9494709968566895,0.08244539616918126
sign_test_er0.5__norm_original_radius,original_radius,3,1.0,0.8,0.5,0.1,4.752356052398682,12.466384622817086,3.018929958343506,4.7936177253723145,-1.351441311289725e-12,-0.0005549391498789191,0.0,312346,matched_er_4to1_chunk_1,3.6079747676849365,12.129240036010742,0.29746079444885254,60.0333251953125,60.0333251953125,4.9494709968566895,0.08244539616918126
sign_test_er0.5__norm_original_radius,original_radius,3,1.0,0.8,1.0,0.1,4.2503767013549805,10.256845899898954,3.7572154998779297,7.557356834411621,-1.351441311289725e-12,-0.0005549391498789191,0.0,312346,matched_er_4to1_chunk_1,3.6079747676849365,12.129240036010742,0.29746079444885254,60.0333251953125,60.0333251953125,4.9494709968566895,0.08244539616918126
sign_test_er0.5__norm_original_radius,original_radius,3,1.0,0.8,1.5,0.1,3.879789113998413,9.775518525199502,4.148222923278809,9.480262756347656,-1.351441311289725e-12,-0.0005549391498789191,0.0,312346,matched_er_4to1_chunk_1,3.6079747676849365,12.129240036010742,0.29746079444885254,60.0333251953125,60.0333251953125,4.9494709968566895,0.08244539616918126
sign_test_er0.5__norm_original_radius,original_radius,3,1.0,1.0,0.1,0.1,6.832409381866455,12.04040290808683,2.4469451904296875,2.690725326538086,-1.351441311289725e-12,-0.0005549391498789191,0.0,312346,matched_er_4to1_chunk_1,3.6079747676849365,12.129240036010742,0.29746079444885254,60.0333251953125,60.0333251953125,4.9494709968566895,0.08244539616918126
sign_test_er0.5__norm_original_radius,original_radius,3,1.0,1.0,0.5,0.1,5.75031852722168,14.036627278229673,3.542222499847412,5.779825687408447,-1.351441311289725e-12,-0.0005549391498789191,0.0,312346,matched_er_4to1_chunk_1,3.6079747676849365,12.129240036010742,0.29746079444885254,60.0333251953125,60.0333251953125,4.9494709968566895,0.08244539616918126
sign_test_er0.5__norm_original_radius,original_radius,3,1.0,1.0,1.0,0.1,4.22373628616333,11.048714316000769,4.505998611450195,9.417550086975098,-1.351441311289725e-12,-0.0005549391498789191,0.0,312346,matched_er_4to1_chunk_1,3.6079747676849365,12.129240036010742,0.29746079444885254,60.0333251953125,60.0333251953125,4.9494709968566895,0.08244539616918126
sign_test_er0.5__norm_original_radius,original_radius,3,1.0,1.0,1.5,0.1,4.21403169631958,6.960361406330133,4.999849319458008,11.917970657348633,-1.351441311289725e-12,-0.0005549391498789191,0.0,312346,matched_er_4to1_chunk_1,3.6079747676849365,12.129240036010742,0.29746079444885254,60.0333251953125,60.0333251953125,4.9494709968566895,0.08244539616918126
sign_test_er0.6__norm_original_radius,original_radius,3,1.0,0.6,0.1,0.1,4.789289474487305,7.5589775748833485,1.96524178981781,2.1437225341796875,-0.0006729550077579916,-0.008324085734784603,0.0,312346,matched_er_4to1_chunk_1,3.7706174850463867,12.129240036010742,0.31086984276771545,60.0333251953125,60.0333251953125,4.9494709968566895,0.08244539616918126
sign_test_er0.6__norm_original_radius,original_radius,3,1.0,0.6,0.5,0.1,4.015113353729248,11.006454697882901,2.6540050506591797,4.108187675476074,-0.0006729550077579916,-0.008324085734784603,0.0,312346,matched_er_4to1_chunk_1,3.7706174850463867,12.129240036010742,0.31086984276771545,60.0333251953125,60.0333251953125,4.9494709968566895,0.08244539616918126
sign_test_er0.6__norm_original_radius,original_radius,3,1.0,0.6,1.0,0.1,2.1036376953125,4.929874783889886,3.243206262588501,6.287730693817139,-0.0006729550077579916,-0.008324085734784603,0.0,312346,matched_er_4to1_chunk_1,3.7706174850463867,12.129240036010742,0.31086984276771545,60.0333251953125,60.0333251953125,4.9494709968566895,0.08244539616918126
sign_test_er0.6__norm_original_radius,original_radius,3,1.0,0.6,1.5,0.1,1.8240042924880981,3.600471188069319,3.566840410232544,7.819509506225586,-0.0006729550077579916,-0.008324085734784603,0.0,312346,matched_er_4to1_chunk_1,3.7706174850463867,12.129240036010742,0.31086984276771545,60.0333251953125,60.0333251953125,4.9494709968566895,0.08244539616918126
sign_test_er0.6__norm_original_radius,original_radius,3,1.0,0.8,0.1,0.1,5.420355319976807,8.997744213051341,2.1402454376220703,2.339426279067993,-0.0006729550077579916,-0.008324085734784603,0.0,312346,matched_er_4to1_chunk_1,3.7706174850463867,12.129240036010742,0.31086984276771545,60.0333251953125,60.0333251953125,4.9494709968566895,0.08244539616918126
sign_test_er0.6__norm_original_radius,original_radius,3,1.0,0.8,0.5,0.1,4.974018096923828,11.81048875172138,2.974555015563965,4.698930263519287,-0.0006729550077579916,-0.008324085734784603,0.0,312346,matched_er_4to1_chunk_1,3.7706174850463867,12.129240036010742,0.31086984276771545,60.0333251953125,60.0333251953125,4.9494709968566895,0.08244539616918126
sign_test_er0.6__norm_original_radius,original_radius,3,1.0,0.8,1.0,0.1,3.210667610168457,9.907443333638788,3.706451892852783,7.42670202255249,-0.0006729550077579916,-0.008324085734784603,0.0,312346,matched_er_4to1_chunk_1,3.7706174850463867,12.129240036010742,0.31086984276771545,60.0333251953125,60.0333251953125,4.9494709968566895,0.08244539616918126
sign_test_er0.6__norm_original_radius,original_radius,3,1.0,0.8,1.5,0.1,2.290142774581909,5.228178733240867,4.102449893951416,9.3510160446167,-0.0006729550077579916,-0.008324085734784603,0.0,312346,matched_er_4to1_chunk_1,3.7706174850463867,12.129240036010742,0.31086984276771545,60.0333251953125,60.0333251953125,4.9494709968566895,0.08244539616918126
sign_test_er0.6__norm_original_radius,original_radius,3,1.0,1.0,0.1,0.1,6.850036144256592,11.807578767833508,2.4159350395202637,2.6510064601898193,-0.0006729550077579916,-0.008324085734784603,0.0,312346,matched_er_4to1_chunk_1,3.7706174850463867,12.129240036010742,0.31086984276771545,60.0333251953125,60.0333251953125,4.9494709968566895,0.08244539616918126
sign_test_er0.6__norm_original_radius,original_radius,3,1.0,1.0,0.5,0.1,5.037446975708008,10.972505822136384,3.4841904640197754,5.658982753753662,-0.0006729550077579916,-0.008324085734784603,0.0,312346,matched_er_4to1_chunk_1,3.7706174850463867,12.129240036010742,0.31086984276771545,60.0333251953125,60.0333251953125,4.9494709968566895,0.08244539616918126
sign_test_er0.6__norm_original_radius,original_radius,3,1.0,1.0,1.0,0.1,3.6000301837921143,10.71412946723305,4.434788703918457,9.239025115966797,-0.0006729550077579916,-0.008324085734784603,0.0,312346,matched_er_4to1_chunk_1,3.7706174850463867,12.129240036010742,0.31086984276771545,60.0333251953125,60.0333251953125,4.9494709968566895,0.08244539616918126
sign_test_er0.6__norm_original_radius,original_radius,3,1.0,1.0,1.5,0.1,4.078510761260986,10.549168352628506,4.932381629943848,11.737802505493164,-0.0006729550077579916,-0.008324085734784603,0.0,312346,matched_er_4to1_chunk_1,3.7706174850463867,12.129240036010742,0.31086984276771545,60.0333251953125,60.0333251953125,4.9494709968566895,0.08244539616918126
sign_test_er0.7__norm_original_radius,original_radius,3,1.0,0.6,0.1,0.1,4.703525066375732,7.428138708418203,1.9850009679794312,2.166757822036743,-0.001345910015515983,-0.013873476535081863,0.0,312346,matched_er_4to1_chunk_1,5.203225135803223,12.129240036010742,0.4289819598197937,60.0333251953125,60.0333251953125,4.9494709968566895,0.08244539616918126
sign_test_er0.7__norm_original_radius,original_radius,3,1.0,0.6,0.5,0.1,4.171849250793457,10.089579062491794,2.6823859214782715,4.147616386413574,-0.001345910015515983,-0.013873476535081863,0.0,312346,matched_er_4to1_chunk_1,5.203225135803223,12.129240036010742,0.4289819598197937,60.0333251953125,60.0333251953125,4.9494709968566895,0.08244539616918126
sign_test_er0.7__norm_original_radius,original_radius,3,1.0,0.6,1.0,0.1,3.508769989013672,9.323958355944315,3.2755610942840576,6.343745231628418,-0.001345910015515983,-0.013873476535081863,0.0,312346,matched_er_4to1_chunk_1,5.203225135803223,12.129240036010742,0.4289819598197937,60.0333251953125,60.0333251953125,4.9494709968566895,0.08244539616918126
sign_test_er0.7__norm_original_radius,original_radius,3,1.0,0.6,1.5,0.1,2.5778613090515137,7.1737671824374445,3.600992441177368,7.878012657165527,-0.001345910015515983,-0.013873476535081863,0.0,312346,matched_er_4to1_chunk_1,5.203225135803223,12.129240036010742,0.4289819598197937,60.0333251953125,60.0333251953125,4.9494709968566895,0.08244539616918126
sign_test_er0.7__norm_original_radius,original_radius,3,1.0,0.8,0.1,0.1,5.305061340332031,8.82025492839977,2.162034511566162,2.364802122116089,-0.001345910015515983,-0.013873476535081863,0.0,312346,matched_er_4to1_chunk_1,5.203225135803223,12.129240036010742,0.4289819598197937,60.0333251953125,60.0333251953125,4.9494709968566895,0.08244539616918126
sign_test_er0.7__norm_original_radius,original_radius,3,1.0,0.8,0.5,0.1,5.020277500152588,11.624603940784915,3.0073506832122803,4.746286869049072,-0.001345910015515983,-0.013873476535081863,0.0,312346,matched_er_4to1_chunk_1,5.203225135803223,12.129240036010742,0.4289819598197937,60.0333251953125,60.0333251953125,4.9494709968566895,0.08244539616918126
sign_test_er0.7__norm_original_radius,original_radius,3,1.0,0.8,1.0,0.1,2.710707426071167,6.53093660478978,3.7435550689697266,7.4940948486328125,-0.001345910015515983,-0.013873476535081863,0.0,312346,matched_er_4to1_chunk_1,5.203225135803223,12.129240036010742,0.4289819598197937,60.0333251953125,60.0333251953125,4.9494709968566895,0.08244539616918126
sign_test_er0.7__norm_original_radius,original_radius,3,1.0,0.8,1.5,0.1,3.0843918323516846,5.711043280115746,4.142382621765137,9.425107955932617,-0.001345910015515983,-0.013873476535081863,0.0,312346,matched_er_4to1_chunk_1,5.203225135803223,12.129240036010742,0.4289819598197937,60.0333251953125,60.0333251953125,4.9494709968566895,0.08244539616918126
sign_test_er0.7__norm_original_radius,original_radius,3,1.0,1.0,0.1,0.1,6.82136869430542,11.723567490892364,2.434751510620117,2.673325777053833,-0.001345910015515983,-0.013873476535081863,0.0,312346,matched_er_4to1_chunk_1,5.203225135803223,12.129240036010742,0.4289819598197937,60.0333251953125,60.0333251953125,4.9494709968566895,0.08244539616918126
sign_test_er0.7__norm_original_radius,original_radius,3,1.0,1.0,0.5,0.1,5.142782688140869,13.725235078361266,3.5154483318328857,5.706458568572998,-0.001345910015515983,-0.013873476535081863,0.0,312346,matched_er_4to1_chunk_1,5.203225135803223,12.129240036010742,0.4289819598197937,60.0333251953125,60.0333251953125,4.9494709968566895,0.08244539616918126
sign_test_er0.7__norm_original_radius,original_radius,3,1.0,1.0,1.0,0.1,3.9364991188049316,11.259191408472558,4.471668720245361,9.31299114227295,-0.001345910015515983,-0.013873476535081863,0.0,312346,matched_er_4to1_chunk_1,5.203225135803223,12.129240036010742,0.4289819598197937,60.0333251953125,60.0333251953125,4.9494709968566895,0.08244539616918126
sign_test_er0.7__norm_original_radius,original_radius,3,1.0,1.0,1.5,0.1,3.833953857421875,9.355154730934032,4.972866058349609,11.820028305053711,-0.001345910015515983,-0.013873476535081863,0.0,312346,matched_er_4to1_chunk_1,5.203225135803223,12.129240036010742,0.4289819598197937,60.0333251953125,60.0333251953125,4.9494709968566895,0.08244539616918126
sign_test_er0.8__norm_original_radius,original_radius,3,1.0,0.6,0.1,0.1,4.801421642303467,7.513808419166538,1.9975892305374146,2.180288791656494,-0.002020734129473567,-0.021087685599923134,0.0,312346,matched_er_4to1_chunk_1,7.487063407897949,12.129240036010742,0.6172736883163452,60.0333251953125,60.0333251953125,4.9494709968566895,0.08244539616918126
sign_test_er0.8__norm_original_radius,original_radius,3,1.0,0.6,0.5,0.1,4.481527328491211,10.998995525767356,2.711803674697876,4.203579425811768,-0.002020734129473567,-0.021087685599923134,0.0,312346,matched_er_4to1_chunk_1,7.487063407897949,12.129240036010742,0.6172736883163452,60.0333251953125,60.0333251953125,4.9494709968566895,0.08244539616918126
sign_test_er0.8__norm_original_radius,original_radius,3,1.0,0.6,1.0,0.1,2.870539665222168,7.622483030535726,3.3145344257354736,6.4294867515563965,-0.002020734129473567,-0.021087685599923134,0.0,312346,matched_er_4to1_chunk_1,7.487063407897949,12.129240036010742,0.6172736883163452,60.0333251953125,60.0333251953125,4.9494709968566895,0.08244539616918126
sign_test_er0.8__norm_original_radius,original_radius,3,1.0,0.6,1.5,0.1,1.919640064239502,5.191970027924015,3.636475086212158,7.963506698608398,-0.002020734129473567,-0.021087685599923134,0.0,312346,matched_er_4to1_chunk_1,7.487063407897949,12.129240036010742,0.6172736883163452,60.0333251953125,60.0333251953125,4.9494709968566895,0.08244539616918126
sign_test_er0.8__norm_original_radius,original_radius,3,1.0,0.8,0.1,0.1,5.490255832672119,8.98909188825322,2.1747426986694336,2.3786139488220215,-0.002020734129473567,-0.021087685599923134,0.0,312346,matched_er_4to1_chunk_1,7.487063407897949,12.129240036010742,0.6172736883163452,60.0333251953125,60.0333251953125,4.9494709968566895,0.08244539616918126
sign_test_er0.8__norm_original_radius,original_radius,3,1.0,0.8,0.5,0.1,5.562939167022705,9.951269215852683,3.0406315326690674,4.81242036819458,-0.002020734129473567,-0.021087685599923134,0.0,312346,matched_er_4to1_chunk_1,7.487063407897949,12.129240036010742,0.6172736883163452,60.0333251953125,60.0333251953125,4.9494709968566895,0.08244539616918126
sign_test_er0.8__norm_original_radius,original_radius,3,1.0,0.8,1.0,0.1,3.0732262134552,9.392377859204842,3.788891077041626,7.596492290496826,-0.002020734129473567,-0.021087685599923134,0.0,312346,matched_er_4to1_chunk_1,7.487063407897949,12.129240036010742,0.6172736883163452,60.0333251953125,60.0333251953125,4.9494709968566895,0.08244539616918126
sign_test_er0.8__norm_original_radius,original_radius,3,1.0,0.8,1.5,0.1,2.9393069744110107,6.671978562014544,4.183823108673096,9.526976585388184,-0.002020734129473567,-0.021087685599923134,0.0,312346,matched_er_4to1_chunk_1,7.487063407897949,12.129240036010742,0.6172736883163452,60.0333251953125,60.0333251953125,4.9494709968566895,0.08244539616918126
sign_test_er0.8__norm_original_radius,original_radius,3,1.0,1.0,0.1,0.1,7.145949840545654,12.052120776350296,2.4525070190429688,2.6928062438964844,-0.002020734129473567,-0.021087685599923134,0.0,312346,matched_er_4to1_chunk_1,7.487063407897949,12.129240036010742,0.6172736883163452,60.0333251953125,60.0333251953125,4.9494709968566895,0.08244539616918126
sign_test_er0.8__norm_original_radius,original_radius,3,1.0,1.0,0.5,0.1,6.38093900680542,15.48013825104993,3.559879779815674,5.794915676116943,-0.002020734129473567,-0.021087685599923134,0.0,312346,matched_er_4to1_chunk_1,7.487063407897949,12.129240036010742,0.6172736883163452,60.0333251953125,60.0333251953125,4.9494709968566895,0.08244539616918126
sign_test_er0.8__norm_original_radius,original_radius,3,1.0,1.0,1.0,0.1,4.156396865844727,10.593196490350998,4.5263671875,9.437772750854492,-0.002020734129473567,-0.021087685599923134,0.0,312346,matched_er_4to1_chunk_1,7.487063407897949,12.129240036010742,0.6172736883163452,60.0333251953125,60.0333251953125,4.9494709968566895,0.08244539616918126
sign_test_er0.8__norm_original_radius,original_radius,3,1.0,1.0,1.5,0.1,4.182407379150391,7.439715761924674,5.021955490112305,11.940277099609375,-0.002020734129473567,-0.021087685599923134,0.0,312346,matched_er_4to1_chunk_1,7.487063407897949,12.129240036010742,0.6172736883163452,60.0333251953125,60.0333251953125,4.9494709968566895,0.08244539616918126
sign_test_er0.9__norm_original_radius,original_radius,3,1.0,0.6,0.1,0.1,4.942160129547119,7.701432221843342,2.0031139850616455,2.1852943897247314,-0.0026936891954392195,-0.03274140506982803,0.0,312346,matched_er_4to1_chunk_1,9.771690368652344,12.129240036010742,0.8056311011314392,60.0333251953125,60.0333251953125,4.9494709968566895,0.08244539616918126
sign_test_er0.9__norm_original_radius,original_radius,3,1.0,0.6,0.5,0.1,4.887890338897705,12.417649041395357,2.705784797668457,4.186321258544922,-0.0026936891954392195,-0.03274140506982803,0.0,312346,matched_er_4to1_chunk_1,9.771690368652344,12.129240036010742,0.8056311011314392,60.0333251953125,60.0333251953125,4.9494709968566895,0.08244539616918126
sign_test_er0.9__norm_original_radius,original_radius,3,1.0,0.6,1.0,0.1,2.94998836517334,8.260541547469629,3.2886478900909424,6.369818687438965,-0.0026936891954392195,-0.03274140506982803,0.0,312346,matched_er_4to1_chunk_1,9.771690368652344,12.129240036010742,0.8056311011314392,60.0333251953125,60.0333251953125,4.9494709968566895,0.08244539616918126
sign_test_er0.9__norm_original_radius,original_radius,3,1.0,0.6,1.5,0.1,2.8992092609405518,6.757284145370177,3.6016104221343994,7.886512756347656,-0.0026936891954392195,-0.03274140506982803,0.0,312346,matched_er_4to1_chunk_1,9.771690368652344,12.129240036010742,0.8056311011314392,60.0333251953125,60.0333251953125,4.9494709968566895,0.08244539616918126
sign_test_er0.9__norm_original_radius,original_radius,3,1.0,0.8,0.1,0.1,6.022356033325195,9.60472037873268,2.191243886947632,2.395263671875,-0.0026936891954392195,-0.03274140506982803,0.0,312346,matched_er_4to1_chunk_1,9.771690368652344,12.129240036010742,0.8056311011314392,60.0333251953125,60.0333251953125,4.9494709968566895,0.08244539616918126
sign_test_er0.9__norm_original_radius,original_radius,3,1.0,0.8,0.5,0.1,5.532326698303223,12.092666511521912,3.048391342163086,4.813379764556885,-0.0026936891954392195,-0.03274140506982803,0.0,312346,matched_er_4to1_chunk_1,9.771690368652344,12.129240036010742,0.8056311011314392,60.0333251953125,60.0333251953125,4.9494709968566895,0.08244539616918126
sign_test_er0.9__norm_original_radius,original_radius,3,1.0,0.8,1.0,0.1,2.4932944774627686,7.106562473925981,3.7675158977508545,7.532283782958984,-0.0026936891954392195,-0.03274140506982803,0.0,312346,matched_er_4to1_chunk_1,9.771690368652344,12.129240036010742,0.8056311011314392,60.0333251953125,60.0333251953125,4.9494709968566895,0.08244539616918126
sign_test_er0.9__norm_original_radius,original_radius,3,1.0,0.8,1.5,0.1,2.246959686279297,6.178018125745439,4.145158767700195,9.422085762023926,-0.0026936891954392195,-0.03274140506982803,0.0,312346,matched_er_4to1_chunk_1,9.771690368652344,12.129240036010742,0.8056311011314392,60.0333251953125,60.0333251953125,4.9494709968566895,0.08244539616918126
sign_test_er0.9__norm_original_radius,original_radius,3,1.0,1.0,0.1,0.1,7.227066516876221,12.19819255935505,2.5186994075775146,2.7656335830688477,-0.0026936891954392195,-0.03274140506982803,0.0,312346,matched_er_4to1_chunk_1,9.771690368652344,12.129240036010742,0.8056311011314392,60.0333251953125,60.0333251953125,4.9494709968566895,0.08244539616918126
sign_test_er0.9__norm_original_radius,original_radius,3,1.0,1.0,0.5,0.1,5.715095520019531,13.601712018877729,3.6429715156555176,5.918565273284912,-0.0026936891954392195,-0.03274140506982803,0.0,312346,matched_er_4to1_chunk_1,9.771690368652344,12.129240036010742,0.8056311011314392,60.0333251953125,60.0333251953125,4.9494709968566895,0.08244539616918126
sign_test_er0.9__norm_original_radius,original_radius,3,1.0,1.0,1.0,0.1,4.41360330581665,10.899954629836195,4.556399822235107,9.459733009338379,-0.0026936891954392195,-0.03274140506982803,0.0,312346,matched_er_4to1_chunk_1,9.771690368652344,12.129240036010742,0.8056311011314392,60.0333251953125,60.0333251953125,4.9494709968566895,0.08244539616918126
sign_test_er0.9__norm_original_radius,original_radius,3,1.0,1.0,1.5,0.1,4.034372329711914,9.306980555349014,5.002315998077393,11.858098983764648,-0.0026936891954392195,-0.03274140506982803,0.0,312346,matched_er_4to1_chunk_1,9.771690368652344,12.129240036010742,0.8056311011314392,60.0333251953125,60.0333251953125,4.9494709968566895,0.08244539616918126
sign_test_er1.0__norm_original_radius,original_radius,3,1.0,0.6,0.1,0.1,5.197940349578857,7.947398154538562,1.9420660734176636,2.1191298961639404,-0.003368513425812125,-0.0438401885330677,0.0,312346,matched_er_4to1_chunk_1,12.129240989685059,12.129240036010742,0.9999996423721313,60.0333251953125,60.0333251953125,4.9494709968566895,0.08244539616918126
sign_test_er1.0__norm_original_radius,original_radius,3,1.0,0.6,0.5,0.1,4.730898380279541,10.844759257404304,2.594633102416992,3.9841761589050293,-0.003368513425812125,-0.0438401885330677,0.0,312346,matched_er_4to1_chunk_1,12.129240989685059,12.129240036010742,0.9999996423721313,60.0333251953125,60.0333251953125,4.9494709968566895,0.08244539616918126
sign_test_er1.0__norm_original_radius,original_radius,3,1.0,0.6,1.0,0.1,3.0189502239227295,8.022838513319574,3.149217128753662,6.034305095672607,-0.003368513425812125,-0.0438401885330677,0.0,312346,matched_er_4to1_chunk_1,12.129240989685059,12.129240036010742,0.9999996423721313,60.0333251953125,60.0333251953125,4.9494709968566895,0.08244539616918126
sign_test_er1.0__norm_original_radius,original_radius,3,1.0,0.6,1.5,0.1,3.0536317825317383,6.99296285459252,3.456651449203491,7.4843597412109375,-0.003368513425812125,-0.0438401885330677,0.0,312346,matched_er_4to1_chunk_1,12.129240989685059,12.129240036010742,0.9999996423721313,60.0333251953125,60.0333251953125,4.9494709968566895,0.08244539616918126
sign_test_er1.0__norm_original_radius,original_radius,3,1.0,0.8,0.1,0.1,6.179422855377197,9.712105492782712,2.143782615661621,2.341521739959717,-0.003368513425812125,-0.0438401885330677,0.0,312346,matched_er_4to1_chunk_1,12.129240989685059,12.129240036010742,0.9999996423721313,60.0333251953125,60.0333251953125,4.9494709968566895,0.08244539616918126
sign_test_er1.0__norm_original_radius,original_radius,3,1.0,0.8,0.5,0.1,5.169431686401367,11.198836667069372,2.923002004623413,4.5656023025512695,-0.003368513425812125,-0.0438401885330677,0.0,312346,matched_er_4to1_chunk_1,12.129240989685059,12.129240036010742,0.9999996423721313,60.0333251953125,60.0333251953125,4.9494709968566895,0.08244539616918126
sign_test_er1.0__norm_original_radius,original_radius,3,1.0,0.8,1.0,0.1,3.771578788757324,9.990379798395004,3.6016428470611572,7.114241600036621,-0.003368513425812125,-0.0438401885330677,0.0,312346,matched_er_4to1_chunk_1,12.129240989685059,12.129240036010742,0.9999996423721313,60.0333251953125,60.0333251953125,4.9494709968566895,0.08244539616918126
sign_test_er1.0__norm_original_radius,original_radius,3,1.0,0.8,1.5,0.1,3.6811859607696533,8.857024744471289,3.9736759662628174,8.93028450012207,-0.003368513425812125,-0.0438401885330677,0.0,312346,matched_er_4to1_chunk_1,12.129240989685059,12.129240036010742,0.9999996423721313,60.0333251953125,60.0333251953125,4.9494709968566895,0.08244539616918126
sign_test_er1.0__norm_original_radius,original_radius,3,1.0,1.0,0.1,0.1,6.8134684562683105,11.740750270401094,2.920112371444702,3.188607931137085,-0.003368513425812125,-0.0438401885330677,0.0,312346,matched_er_4to1_chunk_1,12.129240989685059,12.129240036010742,0.9999996423721313,60.0333251953125,60.0333251953125,4.9494709968566895,0.08244539616918126
sign_test_er1.0__norm_original_radius,original_radius,3,1.0,1.0,0.5,0.1,5.083713531494141,11.789582140782443,3.62420654296875,5.798381328582764,-0.003368513425812125,-0.0438401885330677,0.0,312346,matched_er_4to1_chunk_1,12.129240989685059,12.129240036010742,0.9999996423721313,60.0333251953125,60.0333251953125,4.9494709968566895,0.08244539616918126
sign_test_er1.0__norm_original_radius,original_radius,3,1.0,1.0,1.0,0.1,4.8601555824279785,12.884040760405583,4.419118404388428,9.060492515563965,-0.003368513425812125,-0.0438401885330677,0.0,312346,matched_er_4to1_chunk_1,12.129240989685059,12.129240036010742,0.9999996423721313,60.0333251953125,60.0333251953125,4.9494709968566895,0.08244539616918126
sign_test_er1.0__norm_original_radius,original_radius,3,1.0,1.0,1.5,0.1,4.4409027099609375,9.745120934734572,4.853422164916992,11.386030197143555,-0.003368513425812125,-0.0438401885330677,0.0,312346,matched_er_4to1_chunk_1,12.129240989685059,12.129240036010742,0.9999996423721313,60.0333251953125,60.0333251953125,4.9494709968566895,0.08244539616918126
sign_test_er0.0__norm_original_radius,original_radius,4,1.0,0.6,0.1,0.1,4.2927470207214355,5.858258695594941,2.889993190765381,3.2776293754577637,0.003359765512868762,0.04162043333053589,0.0,412346,matched_er_4to1_chunk_1,12.160821914672852,12.160821914672852,1.000000238418579,60.0333251953125,60.0333251953125,4.936617374420166,0.08223128395568663
sign_test_er0.0__norm_original_radius,original_radius,4,1.0,0.6,0.5,0.1,3.4197773933410645,7.7830875375837,3.629763603210449,5.430700302124023,0.003359765512868762,0.04162043333053589,0.0,412346,matched_er_4to1_chunk_1,12.160821914672852,12.160821914672852,1.000000238418579,60.0333251953125,60.0333251953125,4.936617374420166,0.08223128395568663
sign_test_er0.0__norm_original_radius,original_radius,4,1.0,0.6,1.0,0.1,2.636244535446167,5.828630316359607,3.986358165740967,7.399443626403809,0.003359765512868762,0.04162043333053589,0.0,412346,matched_er_4to1_chunk_1,12.160821914672852,12.160821914672852,1.000000238418579,60.0333251953125,60.0333251953125,4.936617374420166,0.08223128395568663
sign_test_er0.0__norm_original_radius,original_radius,4,1.0,0.6,1.5,0.1,3.1075217723846436,7.45513007182187,4.134191989898682,8.691030502319336,0.003359765512868762,0.04162043333053589,0.0,412346,matched_er_4to1_chunk_1,12.160821914672852,12.160821914672852,1.000000238418579,60.0333251953125,60.0333251953125,4.936617374420166,0.08223128395568663
sign_test_er0.0__norm_original_radius,original_radius,4,1.0,0.8,0.1,0.1,5.278602123260498,7.8220008583631255,3.108964204788208,3.5168354511260986,0.003359765512868762,0.04162043333053589,0.0,412346,matched_er_4to1_chunk_1,12.160821914672852,12.160821914672852,1.000000238418579,60.0333251953125,60.0333251953125,4.936617374420166,0.08223128395568663
sign_test_er0.0__norm_original_radius,original_radius,4,1.0,0.8,0.5,0.1,4.369899749755859,6.756167786939159,4.071687698364258,6.274755954742432,0.003359765512868762,0.04162043333053589,0.0,412346,matched_er_4to1_chunk_1,12.160821914672852,12.160821914672852,1.000000238418579,60.0333251953125,60.0333251953125,4.936617374420166,0.08223128395568663
sign_test_er0.0__norm_original_radius,original_radius,4,1.0,0.8,1.0,0.1,3.5555307865142822,9.720752065081468,4.595138072967529,8.891566276550293,0.003359765512868762,0.04162043333053589,0.0,412346,matched_er_4to1_chunk_1,12.160821914672852,12.160821914672852,1.000000238418579,60.0333251953125,60.0333251953125,4.936617374420166,0.08223128395568663
sign_test_er0.0__norm_original_radius,original_radius,4,1.0,0.8,1.5,0.1,2.593273162841797,6.085980867920034,4.81532621383667,10.575328826904297,0.003359765512868762,0.04162043333053589,0.0,412346,matched_er_4to1_chunk_1,12.160821914672852,12.160821914672852,1.000000238418579,60.0333251953125,60.0333251953125,4.936617374420166,0.08223128395568663
sign_test_er0.0__norm_original_radius,original_radius,4,1.0,1.0,0.1,0.1,6.511009216308594,10.04441084338006,3.432091236114502,3.889237403869629,0.003359765512868762,0.04162043333053589,0.0,412346,matched_er_4to1_chunk_1,12.160821914672852,12.160821914672852,1.000000238418579,60.0333251953125,60.0333251953125,4.936617374420166,0.08223128395568663
sign_test_er0.0__norm_original_radius,original_radius,4,1.0,1.0,0.5,0.1,5.276843547821045,12.740857128012085,4.731595516204834,7.558879375457764,0.003359765512868762,0.04162043333053589,0.0,412346,matched_er_4to1_chunk_1,12.160821914672852,12.160821914672852,1.000000238418579,60.0333251953125,60.0333251953125,4.936617374420166,0.08223128395568663
sign_test_er0.0__norm_original_radius,original_radius,4,1.0,1.0,1.0,0.1,4.80450439453125,10.299152899598623,5.515909194946289,11.163751602172852,0.003359765512868762,0.04162043333053589,0.0,412346,matched_er_4to1_chunk_1,12.160821914672852,12.160821914672852,1.000000238418579,60.0333251953125,60.0333251953125,4.936617374420166,0.08223128395568663
sign_test_er0.0__norm_original_radius,original_radius,4,1.0,1.0,1.5,0.1,4.071972370147705,8.79358274253346,5.841985702514648,13.425538063049316,0.003359765512868762,0.04162043333053589,0.0,412346,matched_er_4to1_chunk_1,12.160821914672852,12.160821914672852,1.000000238418579,60.0333251953125,60.0333251953125,4.936617374420166,0.08223128395568663
sign_test_er0.1__norm_original_radius,original_radius,4,1.0,0.6,0.1,0.1,5.410909175872803,7.86305525309197,2.249103307723999,2.4252116680145264,0.0026885580737143755,0.03440622240304947,0.0,412346,matched_er_4to1_chunk_1,9.737741470336914,12.160821914672852,0.8007471561431885,60.0333251953125,60.0333251953125,4.936617374420166,0.08223128395568663
sign_test_er0.1__norm_original_radius,original_radius,4,1.0,0.6,0.5,0.1,4.0794572830200195,9.349852709664589,2.9248545169830322,4.310739994049072,0.0026885580737143755,0.03440622240304947,0.0,412346,matched_er_4to1_chunk_1,9.737741470336914,12.160821914672852,0.8007471561431885,60.0333251953125,60.0333251953125,4.936617374420166,0.08223128395568663
sign_test_er0.1__norm_original_radius,original_radius,4,1.0,0.6,1.0,0.1,0.9971058368682861,2.619993325987366,3.487516164779663,6.441816806793213,0.0026885580737143755,0.03440622240304947,0.0,412346,matched_er_4to1_chunk_1,9.737741470336914,12.160821914672852,0.8007471561431885,60.0333251953125,60.0333251953125,4.936617374420166,0.08223128395568663
sign_test_er0.1__norm_original_radius,original_radius,4,1.0,0.6,1.5,0.1,2.138275146484375,5.426032889081512,3.7750723361968994,7.919562339782715,0.0026885580737143755,0.03440622240304947,0.0,412346,matched_er_4to1_chunk_1,9.737741470336914,12.160821914672852,0.8007471561431885,60.0333251953125,60.0333251953125,4.936617374420166,0.08223128395568663
sign_test_er0.1__norm_original_radius,original_radius,4,1.0,0.8,0.1,0.1,6.114225387573242,9.403346420857748,2.44533109664917,2.6398584842681885,0.0026885580737143755,0.03440622240304947,0.0,412346,matched_er_4to1_chunk_1,9.737741470336914,12.160821914672852,0.8007471561431885,60.0333251953125,60.0333251953125,4.936617374420166,0.08223128395568663
sign_test_er0.1__norm_original_radius,original_radius,4,1.0,0.8,0.5,0.1,5.297026634216309,12.801889630708757,3.2981178760528564,4.995197772979736,0.0026885580737143755,0.03440622240304947,0.0,412346,matched_er_4to1_chunk_1,9.737741470336914,12.160821914672852,0.8007471561431885,60.0333251953125,60.0333251953125,4.936617374420166,0.08223128395568663
sign_test_er0.1__norm_original_radius,original_radius,4,1.0,0.8,1.0,0.1,3.4498674869537354,8.391427721498083,4.027993202209473,7.75399923324585,0.0026885580737143755,0.03440622240304947,0.0,412346,matched_er_4to1_chunk_1,9.737741470336914,12.160821914672852,0.8007471561431885,60.0333251953125,60.0333251953125,4.936617374420166,0.08223128395568663
sign_test_er0.1__norm_original_radius,original_radius,4,1.0,0.8,1.5,0.1,3.2515649795532227,7.548550090982815,4.393931865692139,9.635746002197266,0.0026885580737143755,0.03440622240304947,0.0,412346,matched_er_4to1_chunk_1,9.737741470336914,12.160821914672852,0.8007471561431885,60.0333251953125,60.0333251953125,4.936617374420166,0.08223128395568663
sign_test_er0.1__norm_original_radius,original_radius,4,1.0,1.0,0.1,0.1,7.200100421905518,11.96672131965041,2.749952554702759,2.979445695877075,0.0026885580737143755,0.03440622240304947,0.0,412346,matched_er_4to1_chunk_1,9.737741470336914,12.160821914672852,0.8007471561431885,60.0333251953125,60.0333251953125,4.936617374420166,0.08223128395568663
sign_test_er0.1__norm_original_radius,original_radius,4,1.0,1.0,0.5,0.1,5.914483070373535,14.04215810289693,3.8838632106781006,6.086513519287109,0.0026885580737143755,0.03440622240304947,0.0,412346,matched_er_4to1_chunk_1,9.737741470336914,12.160821914672852,0.8007471561431885,60.0333251953125,60.0333251953125,4.936617374420166,0.08223128395568663
sign_test_er0.1__norm_original_radius,original_radius,4,1.0,1.0,1.0,0.1,4.925901889801025,11.754144210485919,4.874218463897705,9.825986862182617,0.0026885580737143755,0.03440622240304947,0.0,412346,matched_er_4to1_chunk_1,9.737741470336914,12.160821914672852,0.8007471561431885,60.0333251953125,60.0333251953125,4.936617374420166,0.08223128395568663
sign_test_er0.1__norm_original_radius,original_radius,4,1.0,1.0,1.5,0.1,3.0355725288391113,6.245134900110884,5.3570966720581055,12.314620971679688,0.0026885580737143755,0.03440622240304947,0.0,412346,matched_er_4to1_chunk_1,9.737741470336914,12.160821914672852,0.8007471561431885,60.0333251953125,60.0333251953125,4.936617374420166,0.08223128395568663
sign_test_er0.2__norm_original_radius,original_radius,4,1.0,0.6,0.1,0.1,5.186766147613525,7.589808145847655,2.0530471801757812,2.206022262573242,0.002017350634559989,0.028301894664764404,0.0,412346,matched_er_4to1_chunk_1,7.29765510559082,12.160821914672852,0.600094735622406,60.0333251953125,60.0333251953125,4.936617374420166,0.08223128395568663
sign_test_er0.2__norm_original_radius,original_radius,4,1.0,0.6,0.5,0.1,3.827218770980835,9.883031397599396,2.730482578277588,4.031893730163574,0.002017350634559989,0.028301894664764404,0.0,412346,matched_er_4to1_chunk_1,7.29765510559082,12.160821914672852,0.600094735622406,60.0333251953125,60.0333251953125,4.936617374420166,0.08223128395568663
sign_test_er0.2__norm_original_radius,original_radius,4,1.0,0.6,1.0,0.1,2.3809421062469482,7.280203522961841,3.346776008605957,6.163559436798096,0.002017350634559989,0.028301894664764404,0.0,412346,matched_er_4to1_chunk_1,7.29765510559082,12.160821914672852,0.600094735622406,60.0333251953125,60.0333251953125,4.936617374420166,0.08223128395568663
sign_test_er0.2__norm_original_radius,original_radius,4,1.0,0.6,1.5,0.1,2.8784942626953125,5.867318124464418,3.6737074851989746,7.650793552398682,0.002017350634559989,0.028301894664764404,0.0,412346,matched_er_4to1_chunk_1,7.29765510559082,12.160821914672852,0.600094735622406,60.0333251953125,60.0333251953125,4.936617374420166,0.08223128395568663
sign_test_er0.2__norm_original_radius,original_radius,4,1.0,0.8,0.1,0.1,5.904633522033691,9.129028418732572,2.241359233856201,2.414466619491577,0.002017350634559989,0.028301894664764404,0.0,412346,matched_er_4to1_chunk_1,7.29765510559082,12.160821914672852,0.600094735622406,60.0333251953125,60.0333251953125,4.936617374420166,0.08223128395568663
sign_test_er0.2__norm_original_radius,original_radius,4,1.0,0.8,0.5,0.1,3.305095911026001,9.588481353563907,3.0799155235290527,4.67498779296875,0.002017350634559989,0.028301894664764404,0.0,412346,matched_er_4to1_chunk_1,7.29765510559082,12.160821914672852,0.600094735622406,60.0333251953125,60.0333251953125,4.936617374420166,0.08223128395568663
sign_test_er0.2__norm_original_radius,original_radius,4,1.0,0.8,1.0,0.1,4.106612682342529,9.980876402559087,3.8533613681793213,7.397274017333984,0.002017350634559989,0.028301894664764404,0.0,412346,matched_er_4to1_chunk_1,7.29765510559082,12.160821914672852,0.600094735622406,60.0333251953125,60.0333251953125,4.936617374420166,0.08223128395568663
sign_test_er0.2__norm_original_radius,original_radius,4,1.0,0.8,1.5,0.1,3.240135431289673,6.732028707763902,4.2562456130981445,9.268936157226562,0.002017350634559989,0.028301894664764404,0.0,412346,matched_er_4to1_chunk_1,7.29765510559082,12.160821914672852,0.600094735622406,60.0333251953125,60.0333251953125,4.936617374420166,0.08223128395568663
sign_test_er0.2__norm_original_radius,original_radius,4,1.0,1.0,0.1,0.1,6.977541923522949,11.670620081907778,2.5325725078582764,2.740943431854248,0.002017350634559989,0.028301894664764404,0.0,412346,matched_er_4to1_chunk_1,7.29765510559082,12.160821914672852,0.600094735622406,60.0333251953125,60.0333251953125,4.936617374420166,0.08223128395568663
sign_test_er0.2__norm_original_radius,original_radius,4,1.0,1.0,0.5,0.1,5.718211650848389,11.693255445512364,3.6297411918640137,5.70733118057251,0.002017350634559989,0.028301894664764404,0.0,412346,matched_er_4to1_chunk_1,7.29765510559082,12.160821914672852,0.600094735622406,60.0333251953125,60.0333251953125,4.936617374420166,0.08223128395568663
sign_test_er0.2__norm_original_radius,original_radius,4,1.0,1.0,1.0,0.1,5.1204023361206055,10.40493305410308,4.649802207946777,9.355307579040527,0.002017350634559989,0.028301894664764404,0.0,412346,matched_er_4to1_chunk_1,7.29765510559082,12.160821914672852,0.600094735622406,60.0333251953125,60.0333251953125,4.936617374420166,0.08223128395568663
sign_test_er0.2__norm_original_radius,original_radius,4,1.0,1.0,1.5,0.1,4.210046291351318,9.325004323137485,5.163887023925781,11.807509422302246,0.002017350634559989,0.028301894664764404,0.0,412346,matched_er_4to1_chunk_1,7.29765510559082,12.160821914672852,0.600094735622406,60.0333251953125,60.0333251953125,4.936617374420166,0.08223128395568663
sign_test_er0.3__norm_original_radius,original_radius,4,1.0,0.6,0.1,0.1,4.692854881286621,7.1135248124035115,1.9778621196746826,2.123872756958008,0.0013442790368571877,0.02330744080245495,0.0,412346,matched_er_4to1_chunk_1,5.06109619140625,12.160821914672852,0.4161805808544159,60.0333251953125,60.0333251953125,4.936617374420166,0.08223128395568663
sign_test_er0.3__norm_original_radius,original_radius,4,1.0,0.6,0.5,0.1,3.329202651977539,8.16889979771031,2.6363577842712402,3.8861048221588135,0.0013442790368571877,0.02330744080245495,0.0,412346,matched_er_4to1_chunk_1,5.06109619140625,12.160821914672852,0.4161805808544159,60.0333251953125,60.0333251953125,4.936617374420166,0.08223128395568663
sign_test_er0.3__norm_original_radius,original_radius,4,1.0,0.6,1.0,0.1,2.703244209289551,7.134358087819251,3.2689664363861084,6.0175347328186035,0.0013442790368571877,0.02330744080245495,0.0,412346,matched_er_4to1_chunk_1,5.06109619140625,12.160821914672852,0.4161805808544159,60.0333251953125,60.0333251953125,4.936617374420166,0.08223128395568663
sign_test_er0.3__norm_original_radius,original_radius,4,1.0,0.6,1.5,0.1,1.9399871826171875,3.521468942206951,3.620196580886841,7.535642147064209,0.0013442790368571877,0.02330744080245495,0.0,412346,matched_er_4to1_chunk_1,5.06109619140625,12.160821914672852,0.4161805808544159,60.0333251953125,60.0333251953125,4.936617374420166,0.08223128395568663
sign_test_er0.3__norm_original_radius,original_radius,4,1.0,0.8,0.1,0.1,5.367555618286133,8.616177969898615,2.158263921737671,2.3247666358947754,0.0013442790368571877,0.02330744080245495,0.0,412346,matched_er_4to1_chunk_1,5.06109619140625,12.160821914672852,0.4161805808544159,60.0333251953125,60.0333251953125,4.936617374420166,0.08223128395568663
sign_test_er0.3__norm_original_radius,original_radius,4,1.0,0.8,0.5,0.1,4.509072780609131,11.608801231425673,2.967205286026001,4.496349334716797,0.0013442790368571877,0.02330744080245495,0.0,412346,matched_er_4to1_chunk_1,5.06109619140625,12.160821914672852,0.4161805808544159,60.0333251953125,60.0333251953125,4.936617374420166,0.08223128395568663
sign_test_er0.3__norm_original_radius,original_radius,4,1.0,0.8,1.0,0.1,3.6868503093719482,8.694572083575956,3.753690242767334,7.19840145111084,0.0013442790368571877,0.02330744080245495,0.0,412346,matched_er_4to1_chunk_1,5.06109619140625,12.160821914672852,0.4161805808544159,60.0333251953125,60.0333251953125,4.936617374420166,0.08223128395568663
sign_test_er0.3__norm_original_radius,original_radius,4,1.0,0.8,1.5,0.1,2.817718505859375,7.0068131210510884,4.181469917297363,9.097111701965332,0.0013442790368571877,0.02330744080245495,0.0,412346,matched_er_4to1_chunk_1,5.06109619140625,12.160821914672852,0.4161805808544159,60.0333251953125,60.0333251953125,4.936617374420166,0.08223128395568663
sign_test_er0.3__norm_original_radius,original_radius,4,1.0,1.0,0.1,0.1,6.930448055267334,11.742814509813892,2.4401087760925293,2.641383647918701,0.0013442790368571877,0.02330744080245495,0.0,412346,matched_er_4to1_chunk_1,5.06109619140625,12.160821914672852,0.4161805808544159,60.0333251953125,60.0333251953125,4.936617374420166,0.08223128395568663
sign_test_er0.3__norm_original_radius,original_radius,4,1.0,1.0,0.5,0.1,5.145129680633545,12.596814702970086,3.4947738647460938,5.488492012023926,0.0013442790368571877,0.02330744080245495,0.0,412346,matched_er_4to1_chunk_1,5.06109619140625,12.160821914672852,0.4161805808544159,60.0333251953125,60.0333251953125,4.936617374420166,0.08223128395568663
sign_test_er0.3__norm_original_radius,original_radius,4,1.0,1.0,1.0,0.1,5.016390323638916,11.892792081704016,4.52438497543335,9.092948913574219,0.0013442790368571877,0.02330744080245495,0.0,412346,matched_er_4to1_chunk_1,5.06109619140625,12.160821914672852,0.4161805808544159,60.0333251953125,60.0333251953125,4.936617374420166,0.08223128395568663
sign_test_er0.3__norm_original_radius,original_radius,4,1.0,1.0,1.5,0.1,3.365337371826172,8.763195615408677,5.06328821182251,11.567225456237793,0.0013442790368571877,0.02330744080245495,0.0,412346,matched_er_4to1_chunk_1,5.06109619140625,12.160821914672852,0.4161805808544159,60.0333251953125,60.0333251953125,4.936617374420166,0.08223128395568663
sign_test_er0.4__norm_original_radius,original_radius,4,1.0,0.6,0.1,0.1,4.665918350219727,7.112671462652079,1.9744030237197876,2.1206183433532715,0.000673071772325784,0.01498335599899292,0.0,412346,matched_er_4to1_chunk_1,3.596912384033203,12.160821914672852,0.29577916860580444,60.0333251953125,60.0333251953125,4.936617374420166,0.08223128395568663
sign_test_er0.4__norm_original_radius,original_radius,4,1.0,0.6,0.5,0.1,3.925060987472534,10.0259693303542,2.633530378341675,3.883265733718872,0.000673071772325784,0.01498335599899292,0.0,412346,matched_er_4to1_chunk_1,3.596912384033203,12.160821914672852,0.29577916860580444,60.0333251953125,60.0333251953125,4.936617374420166,0.08223128395568663
sign_test_er0.4__norm_original_radius,original_radius,4,1.0,0.6,1.0,0.1,2.9277875423431396,6.9450785689425345,3.266651153564453,6.017790794372559,0.000673071772325784,0.01498335599899292,0.0,412346,matched_er_4to1_chunk_1,3.596912384033203,12.160821914672852,0.29577916860580444,60.0333251953125,60.0333251953125,4.936617374420166,0.08223128395568663
sign_test_er0.4__norm_original_radius,original_radius,4,1.0,0.6,1.5,0.1,2.3483965396881104,5.966238012202787,3.6216015815734863,7.542424201965332,0.000673071772325784,0.01498335599899292,0.0,412346,matched_er_4to1_chunk_1,3.596912384033203,12.160821914672852,0.29577916860580444,60.0333251953125,60.0333251953125,4.936617374420166,0.08223128395568663
sign_test_er0.4__norm_original_radius,original_radius,4,1.0,0.8,0.1,0.1,5.296255111694336,8.568965210473493,2.153568983078003,2.3202807903289795,0.000673071772325784,0.01498335599899292,0.0,412346,matched_er_4to1_chunk_1,3.596912384033203,12.160821914672852,0.29577916860580444,60.0333251953125,60.0333251953125,4.936617374420166,0.08223128395568663
sign_test_er0.4__norm_original_radius,original_radius,4,1.0,0.8,0.5,0.1,4.774510383605957,11.376253427407278,2.9622561931610107,4.487157821655273,0.000673071772325784,0.01498335599899292,0.0,412346,matched_er_4to1_chunk_1,3.596912384033203,12.160821914672852,0.29577916860580444,60.0333251953125,60.0333251953125,4.936617374420166,0.08223128395568663
sign_test_er0.4__norm_original_radius,original_radius,4,1.0,0.8,1.0,0.1,3.4738869667053223,5.8869471709648025,3.745422840118408,7.184972763061523,0.000673071772325784,0.01498335599899292,0.0,412346,matched_er_4to1_chunk_1,3.596912384033203,12.160821914672852,0.29577916860580444,60.0333251953125,60.0333251953125,4.936617374420166,0.08223128395568663
sign_test_er0.4__norm_original_radius,original_radius,4,1.0,0.8,1.5,0.1,2.6310040950775146,6.647923441181547,4.175625324249268,9.09268856048584,0.000673071772325784,0.01498335599899292,0.0,412346,matched_er_4to1_chunk_1,3.596912384033203,12.160821914672852,0.29577916860580444,60.0333251953125,60.0333251953125,4.936617374420166,0.08223128395568663
sign_test_er0.4__norm_original_radius,original_radius,4,1.0,1.0,0.1,0.1,6.8897528648376465,11.738926282351859,2.4313924312591553,2.6329619884490967,0.000673071772325784,0.01498335599899292,0.0,412346,matched_er_4to1_chunk_1,3.596912384033203,12.160821914672852,0.29577916860580444,60.0333251953125,60.0333251953125,4.936617374420166,0.08223128395568663
sign_test_er0.4__norm_original_radius,original_radius,4,1.0,1.0,0.5,0.1,4.8430633544921875,11.342122687080192,3.4812068939208984,5.460522174835205,0.000673071772325784,0.01498335599899292,0.0,412346,matched_er_4to1_chunk_1,3.596912384033203,12.160821914672852,0.29577916860580444,60.0333251953125,60.0333251953125,4.936617374420166,0.08223128395568663
sign_test_er0.4__norm_original_radius,original_radius,4,1.0,1.0,1.0,0.1,4.714853763580322,11.552591038843047,4.497208595275879,9.036785125732422,0.000673071772325784,0.01498335599899292,0.0,412346,matched_er_4to1_chunk_1,3.596912384033203,12.160821914672852,0.29577916860580444,60.0333251953125,60.0333251953125,4.936617374420166,0.08223128395568663
sign_test_er0.4__norm_original_radius,original_radius,4,1.0,1.0,1.5,0.1,4.235623359680176,8.767779758236566,5.034709453582764,11.510699272155762,0.000673071772325784,0.01498335599899292,0.0,412346,matched_er_4to1_chunk_1,3.596912384033203,12.160821914672852,0.29577916860580444,60.0333251953125,60.0333251953125,4.936617374420166,0.08223128395568663
sign_test_er0.5__norm_original_radius,original_radius,4,1.0,0.6,0.1,0.1,4.6411848068237305,7.062443659305643,1.9698737859725952,2.115309476852417,0.0,0.003884573932737112,0.0,412346,matched_er_4to1_chunk_1,3.6004159450531006,12.160821914672852,0.29606688022613525,60.0333251953125,60.0333251953125,4.936617374420166,0.08223128395568663
sign_test_er0.5__norm_original_radius,original_radius,4,1.0,0.6,0.5,0.1,4.483796119689941,11.46027210746422,2.6338093280792236,3.885692596435547,0.0,0.003884573932737112,0.0,412346,matched_er_4to1_chunk_1,3.6004159450531006,12.160821914672852,0.29606688022613525,60.0333251953125,60.0333251953125,4.936617374420166,0.08223128395568663
sign_test_er0.5__norm_original_radius,original_radius,4,1.0,0.6,1.0,0.1,3.103914976119995,6.699042047390222,3.2680792808532715,6.025125980377197,0.0,0.003884573932737112,0.0,412346,matched_er_4to1_chunk_1,3.6004159450531006,12.160821914672852,0.29606688022613525,60.0333251953125,60.0333251953125,4.936617374420166,0.08223128395568663
sign_test_er0.5__norm_original_radius,original_radius,4,1.0,0.6,1.5,0.1,1.8974493741989136,2.8958689281587553,3.619943380355835,7.554204940795898,0.0,0.003884573932737112,0.0,412346,matched_er_4to1_chunk_1,3.6004159450531006,12.160821914672852,0.29606688022613525,60.0333251953125,60.0333251953125,4.936617374420166,0.08223128395568663
sign_test_er0.5__norm_original_radius,original_radius,4,1.0,0.8,0.1,0.1,5.248220920562744,8.486731836681429,2.1433675289154053,2.308603286743164,0.0,0.003884573932737112,0.0,412346,matched_er_4to1_chunk_1,3.6004159450531006,12.160821914672852,0.29606688022613525,60.0333251953125,60.0333251953125,4.936617374420166,0.08223128395568663
sign_test_er0.5__norm_original_radius,original_radius,4,1.0,0.8,0.5,0.1,4.563865661621094,11.165141359216072,2.955332040786743,4.476294040679932,0.0,0.003884573932737112,0.0,412346,matched_er_4to1_chunk_1,3.6004159450531006,12.160821914672852,0.29606688022613525,60.0333251953125,60.0333251953125,4.936617374420166,0.08223128395568663
sign_test_er0.5__norm_original_radius,original_radius,4,1.0,0.8,1.0,0.1,2.9477486610412598,6.294608951626287,3.7407102584838867,7.1757988929748535,0.0,0.003884573932737112,0.0,412346,matched_er_4to1_chunk_1,3.6004159450531006,12.160821914672852,0.29606688022613525,60.0333251953125,60.0333251953125,4.936617374420166,0.08223128395568663
sign_test_er0.5__norm_original_radius,original_radius,4,1.0,0.8,1.5,0.1,2.96079421043396,6.549638138436915,4.1717529296875,9.086824417114258,0.0,0.003884573932737112,0.0,412346,matched_er_4to1_chunk_1,3.6004159450531006,12.160821914672852,0.29606688022613525,60.0333251953125,60.0333251953125,4.936617374420166,0.08223128395568663
sign_test_er0.5__norm_original_radius,original_radius,4,1.0,1.0,0.1,0.1,6.741146564483643,11.540606265356303,2.4080116748809814,2.606081962585449,0.0,0.003884573932737112,0.0,412346,matched_er_4to1_chunk_1,3.6004159450531006,12.160821914672852,0.29606688022613525,60.0333251953125,60.0333251953125,4.936617374420166,0.08223128395568663
sign_test_er0.5__norm_original_radius,original_radius,4,1.0,1.0,0.5,0.1,5.035157680511475,11.758298326385571,3.453580141067505,5.408881187438965,0.0,0.003884573932737112,0.0,412346,matched_er_4to1_chunk_1,3.6004159450531006,12.160821914672852,0.29606688022613525,60.0333251953125,60.0333251953125,4.936617374420166,0.08223128395568663
sign_test_er0.5__norm_original_radius,original_radius,4,1.0,1.0,1.0,0.1,4.653384208679199,8.63904126086015,4.47388219833374,8.971002578735352,0.0,0.003884573932737112,0.0,412346,matched_er_4to1_chunk_1,3.6004159450531006,12.160821914672852,0.29606688022613525,60.0333251953125,60.0333251953125,4.936617374420166,0.08223128395568663
sign_test_er0.5__norm_original_radius,original_radius,4,1.0,1.0,1.5,0.1,4.285852432250977,8.110750973991571,5.021271228790283,11.454204559326172,0.0,0.003884573932737112,0.0,412346,matched_er_4to1_chunk_1,3.6004159450531006,12.160821914672852,0.29606688022613525,60.0333251953125,60.0333251953125,4.936617374420166,0.08223128395568663
sign_test_er0.6__norm_original_radius,original_radius,4,1.0,0.6,0.1,0.1,4.770752906799316,7.214296385804872,2.0640969276428223,2.2176249027252197,-0.0006712072645314038,-0.0038845734670758247,0.0,412346,matched_er_4to1_chunk_1,3.711392402648926,12.160821914672852,0.30519193410873413,60.0333251953125,60.0333251953125,4.936617374420166,0.08223128395568663
sign_test_er0.6__norm_original_radius,original_radius,4,1.0,0.6,0.5,0.1,3.1505794525146484,6.822602744227197,2.7807228565216064,4.1219964027404785,-0.0006712072645314038,-0.0038845734670758247,0.0,412346,matched_er_4to1_chunk_1,3.711392402648926,12.160821914672852,0.30519193410873413,60.0333251953125,60.0333251953125,4.936617374420166,0.08223128395568663
sign_test_er0.6__norm_original_radius,original_radius,4,1.0,0.6,1.0,0.1,2.518900156021118,6.115222859071906,3.450871229171753,6.40936279296875,-0.0006712072645314038,-0.0038845734670758247,0.0,412346,matched_er_4to1_chunk_1,3.711392402648926,12.160821914672852,0.30519193410873413,60.0333251953125,60.0333251953125,4.936617374420166,0.08223128395568663
sign_test_er0.6__norm_original_radius,original_radius,4,1.0,0.6,1.5,0.1,2.34511399269104,5.786722445203964,3.8130064010620117,8.029836654663086,-0.0006712072645314038,-0.0038845734670758247,0.0,412346,matched_er_4to1_chunk_1,3.711392402648926,12.160821914672852,0.30519193410873413,60.0333251953125,60.0333251953125,4.936617374420166,0.08223128395568663
sign_test_er0.6__norm_original_radius,original_radius,4,1.0,0.8,0.1,0.1,5.443017482757568,8.704455955461347,2.2590253353118896,2.4358391761779785,-0.0006712072645314038,-0.0038845734670758247,0.0,412346,matched_er_4to1_chunk_1,3.711392402648926,12.160821914672852,0.30519193410873413,60.0333251953125,60.0333251953125,4.936617374420166,0.08223128395568663
sign_test_er0.6__norm_original_radius,original_radius,4,1.0,0.8,0.5,0.1,4.566768646240234,10.93634374605864,3.146303415298462,4.799149513244629,-0.0006712072645314038,-0.0038845734670758247,0.0,412346,matched_er_4to1_chunk_1,3.711392402648926,12.160821914672852,0.30519193410873413,60.0333251953125,60.0333251953125,4.936617374420166,0.08223128395568663
sign_test_er0.6__norm_original_radius,original_radius,4,1.0,0.8,1.0,0.1,3.8706541061401367,8.717378618823133,3.9816439151763916,7.708354949951172,-0.0006712072645314038,-0.0038845734670758247,0.0,412346,matched_er_4to1_chunk_1,3.711392402648926,12.160821914672852,0.30519193410873413,60.0333251953125,60.0333251953125,4.936617374420166,0.08223128395568663
sign_test_er0.6__norm_original_radius,original_radius,4,1.0,0.8,1.5,0.1,3.435718297958374,8.819742136670953,4.424991607666016,9.738797187805176,-0.0006712072645314038,-0.0038845734670758247,0.0,412346,matched_er_4to1_chunk_1,3.711392402648926,12.160821914672852,0.30519193410873413,60.0333251953125,60.0333251953125,4.936617374420166,0.08223128395568663
sign_test_er0.6__norm_original_radius,original_radius,4,1.0,1.0,0.1,0.1,6.888348579406738,11.63999248686356,2.556365966796875,2.770815372467041,-0.0006712072645314038,-0.0038845734670758247,0.0,412346,matched_er_4to1_chunk_1,3.711392402648926,12.160821914672852,0.30519193410873413,60.0333251953125,60.0333251953125,4.936617374420166,0.08223128395568663
sign_test_er0.6__norm_original_radius,original_radius,4,1.0,1.0,0.5,0.1,5.700490474700928,13.656293817746928,3.7136077880859375,5.868767738342285,-0.0006712072645314038,-0.0038845734670758247,0.0,412346,matched_er_4to1_chunk_1,3.711392402648926,12.160821914672852,0.30519193410873413,60.0333251953125,60.0333251953125,4.936617374420166,0.08223128395568663
sign_test_er0.6__norm_original_radius,original_radius,4,1.0,1.0,1.0,0.1,4.020078182220459,10.046332820416481,4.8053483963012695,9.741880416870117,-0.0006712072645314038,-0.0038845734670758247,0.0,412346,matched_er_4to1_chunk_1,3.711392402648926,12.160821914672852,0.30519193410873413,60.0333251953125,60.0333251953125,4.936617374420166,0.08223128395568663
sign_test_er0.6__norm_original_radius,original_radius,4,1.0,1.0,1.5,0.1,3.758035659790039,8.51468435077473,5.3679656982421875,12.38453483581543,-0.0006712072645314038,-0.0038845734670758247,0.0,412346,matched_er_4to1_chunk_1,3.711392402648926,12.160821914672852,0.30519193410873413,60.0333251953125,60.0333251953125,4.936617374420166,0.08223128395568663
sign_test_er0.7__norm_original_radius,original_radius,4,1.0,0.6,0.1,0.1,4.874635219573975,7.364031352808382,2.050076723098755,2.2024552822113037,-0.0013424144126474857,-0.014428416267037392,0.0,412346,matched_er_4to1_chunk_1,4.818185806274414,12.160821914672852,0.3962055742740631,60.0333251953125,60.0333251953125,4.936617374420166,0.08223128395568663
sign_test_er0.7__norm_original_radius,original_radius,4,1.0,0.6,0.5,0.1,4.408575057983398,11.145401967267716,2.7532849311828613,4.071833610534668,-0.0013424144126474857,-0.014428416267037392,0.0,412346,matched_er_4to1_chunk_1,4.818185806274414,12.160821914672852,0.3962055742740631,60.0333251953125,60.0333251953125,4.936617374420166,0.08223128395568663
sign_test_er0.7__norm_original_radius,original_radius,4,1.0,0.6,1.0,0.1,2.551929235458374,7.530137444656475,3.4192819595336914,6.313426494598389,-0.0013424144126474857,-0.014428416267037392,0.0,412346,matched_er_4to1_chunk_1,4.818185806274414,12.160821914672852,0.3962055742740631,60.0333251953125,60.0333251953125,4.936617374420166,0.08223128395568663
sign_test_er0.7__norm_original_radius,original_radius,4,1.0,0.6,1.5,0.1,2.2742624282836914,6.831559179820566,3.786557197570801,7.9029316902160645,-0.0013424144126474857,-0.014428416267037392,0.0,412346,matched_er_4to1_chunk_1,4.818185806274414,12.160821914672852,0.3962055742740631,60.0333251953125,60.0333251953125,4.936617374420166,0.08223128395568663
sign_test_er0.7__norm_original_radius,original_radius,4,1.0,0.8,0.1,0.1,5.5823655128479,8.876137883566983,2.2452456951141357,2.4209585189819336,-0.0013424144126474857,-0.014428416267037392,0.0,412346,matched_er_4to1_chunk_1,4.818185806274414,12.160821914672852,0.3962055742740631,60.0333251953125,60.0333251953125,4.936617374420166,0.08223128395568663
sign_test_er0.7__norm_original_radius,original_radius,4,1.0,0.8,0.5,0.1,4.883256912231445,8.994927502067583,3.113438606262207,4.736048221588135,-0.0013424144126474857,-0.014428416267037392,0.0,412346,matched_er_4to1_chunk_1,4.818185806274414,12.160821914672852,0.3962055742740631,60.0333251953125,60.0333251953125,4.936617374420166,0.08223128395568663
sign_test_er0.7__norm_original_radius,original_radius,4,1.0,0.8,1.0,0.1,3.762362241744995,7.748447476207247,3.938302516937256,7.576563358306885,-0.0013424144126474857,-0.014428416267037392,0.0,412346,matched_er_4to1_chunk_1,4.818185806274414,12.160821914672852,0.3962055742740631,60.0333251953125,60.0333251953125,4.936617374420166,0.08223128395568663
sign_test_er0.7__norm_original_radius,original_radius,4,1.0,0.8,1.5,0.1,2.8737337589263916,8.433967556666271,4.38534688949585,9.564349174499512,-0.0013424144126474857,-0.014428416267037392,0.0,412346,matched_er_4to1_chunk_1,4.818185806274414,12.160821914672852,0.3962055742740631,60.0333251953125,60.0333251953125,4.936617374420166,0.08223128395568663
sign_test_er0.7__norm_original_radius,original_radius,4,1.0,1.0,0.1,0.1,7.022495269775391,11.736159946446719,2.5530617237091064,2.767730236053467,-0.0013424144126474857,-0.014428416267037392,0.0,412346,matched_er_4to1_chunk_1,4.818185806274414,12.160821914672852,0.3962055742740631,60.0333251953125,60.0333251953125,4.936617374420166,0.08223128395568663
sign_test_er0.7__norm_original_radius,original_radius,4,1.0,1.0,0.5,0.1,5.209687232971191,11.611775982627819,3.6861350536346436,5.808689594268799,-0.0013424144126474857,-0.014428416267037392,0.0,412346,matched_er_4to1_chunk_1,4.818185806274414,12.160821914672852,0.3962055742740631,60.0333251953125,60.0333251953125,4.936617374420166,0.08223128395568663
sign_test_er0.7__norm_original_radius,original_radius,4,1.0,1.0,1.0,0.1,4.871322154998779,9.663562036926846,4.755257606506348,9.594586372375488,-0.0013424144126474857,-0.014428416267037392,0.0,412346,matched_er_4to1_chunk_1,4.818185806274414,12.160821914672852,0.3962055742740631,60.0333251953125,60.0333251953125,4.936617374420166,0.08223128395568663
sign_test_er0.7__norm_original_radius,original_radius,4,1.0,1.0,1.5,0.1,3.8569469451904297,9.168748808214943,5.3159003257751465,12.182438850402832,-0.0013424144126474857,-0.014428416267037392,0.0,412346,matched_er_4to1_chunk_1,4.818185806274414,12.160821914672852,0.3962055742740631,60.0333251953125,60.0333251953125,4.936617374420166,0.08223128395568663
sign_test_er0.8__norm_original_radius,original_radius,4,1.0,0.6,0.1,0.1,5.095355987548828,7.5931250792639355,2.068800926208496,2.222740650177002,-0.002015486126765609,-0.025527197867631912,0.0,412346,matched_er_4to1_chunk_1,7.258200168609619,12.160821914672852,0.5968498587608337,60.0333251953125,60.0333251953125,4.936617374420166,0.08223128395568663
sign_test_er0.8__norm_original_radius,original_radius,4,1.0,0.6,0.5,0.1,5.0511908531188965,11.753748102549253,2.7688381671905518,4.076693534851074,-0.002015486126765609,-0.025527197867631912,0.0,412346,matched_er_4to1_chunk_1,7.258200168609619,12.160821914672852,0.5968498587608337,60.0333251953125,60.0333251953125,4.936617374420166,0.08223128395568663
sign_test_er0.8__norm_original_radius,original_radius,4,1.0,0.6,1.0,0.1,3.0623397827148438,7.1680696353306645,3.4295265674591064,6.30979585647583,-0.002015486126765609,-0.025527197867631912,0.0,412346,matched_er_4to1_chunk_1,7.258200168609619,12.160821914672852,0.5968498587608337,60.0333251953125,60.0333251953125,4.936617374420166,0.08223128395568663
sign_test_er0.8__norm_original_radius,original_radius,4,1.0,0.6,1.5,0.1,1.7086524963378906,4.4296338370131,3.792917013168335,7.899659633636475,-0.002015486126765609,-0.025527197867631912,0.0,412346,matched_er_4to1_chunk_1,7.258200168609619,12.160821914672852,0.5968498587608337,60.0333251953125,60.0333251953125,4.936617374420166,0.08223128395568663
sign_test_er0.8__norm_original_radius,original_radius,4,1.0,0.8,0.1,0.1,5.907635688781738,9.217385344286456,2.291701316833496,2.4707586765289307,-0.002015486126765609,-0.025527197867631912,0.0,412346,matched_er_4to1_chunk_1,7.258200168609619,12.160821914672852,0.5968498587608337,60.0333251953125,60.0333251953125,4.936617374420166,0.08223128395568663
sign_test_er0.8__norm_original_radius,original_radius,4,1.0,0.8,0.5,0.1,4.3251166343688965,10.221890402315116,3.1638565063476562,4.789528846740723,-0.002015486126765609,-0.025527197867631912,0.0,412346,matched_er_4to1_chunk_1,7.258200168609619,12.160821914672852,0.5968498587608337,60.0333251953125,60.0333251953125,4.936617374420166,0.08223128395568663
sign_test_er0.8__norm_original_radius,original_radius,4,1.0,0.8,1.0,0.1,3.392310619354248,7.8005772287511945,3.98177170753479,7.638669013977051,-0.002015486126765609,-0.025527197867631912,0.0,412346,matched_er_4to1_chunk_1,7.258200168609619,12.160821914672852,0.5968498587608337,60.0333251953125,60.0333251953125,4.936617374420166,0.08223128395568663
sign_test_er0.8__norm_original_radius,original_radius,4,1.0,0.8,1.5,0.1,2.75152850151062,6.018646182629794,4.419879913330078,9.630376815795898,-0.002015486126765609,-0.025527197867631912,0.0,412346,matched_er_4to1_chunk_1,7.258200168609619,12.160821914672852,0.5968498587608337,60.0333251953125,60.0333251953125,4.936617374420166,0.08223128395568663
sign_test_er0.8__norm_original_radius,original_radius,4,1.0,1.0,0.1,0.1,7.09088659286499,11.78247597098932,2.6881861686706543,2.9148099422454834,-0.002015486126765609,-0.025527197867631912,0.0,412346,matched_er_4to1_chunk_1,7.258200168609619,12.160821914672852,0.5968498587608337,60.0333251953125,60.0333251953125,4.936617374420166,0.08223128395568663
sign_test_er0.8__norm_original_radius,original_radius,4,1.0,1.0,0.5,0.1,6.724518775939941,14.751664650607026,3.8505654335021973,6.034756660461426,-0.002015486126765609,-0.025527197867631912,0.0,412346,matched_er_4to1_chunk_1,7.258200168609619,12.160821914672852,0.5968498587608337,60.0333251953125,60.0333251953125,4.936617374420166,0.08223128395568663
sign_test_er0.8__norm_original_radius,original_radius,4,1.0,1.0,1.0,0.1,2.8543784618377686,6.673207939531281,4.9029669761657715,9.865596771240234,-0.002015486126765609,-0.025527197867631912,0.0,412346,matched_er_4to1_chunk_1,7.258200168609619,12.160821914672852,0.5968498587608337,60.0333251953125,60.0333251953125,4.936617374420166,0.08223128395568663
sign_test_er0.8__norm_original_radius,original_radius,4,1.0,1.0,1.5,0.1,3.7634670734405518,7.460342104646514,5.430542945861816,12.438207626342773,-0.002015486126765609,-0.025527197867631912,0.0,412346,matched_er_4to1_chunk_1,7.258200168609619,12.160821914672852,0.5968498587608337,60.0333251953125,60.0333251953125,4.936617374420166,0.08223128395568663
sign_test_er0.9__norm_original_radius,original_radius,4,1.0,0.6,0.1,0.1,5.221428871154785,7.676434779666865,2.0747756958007812,2.2331018447875977,-0.0026866935659199953,-0.03385128453373909,0.0,412346,matched_er_4to1_chunk_1,9.675440788269043,12.160821914672852,0.795623779296875,60.0333251953125,60.0333251953125,4.936617374420166,0.08223128395568663
sign_test_er0.9__norm_original_radius,original_radius,4,1.0,0.6,0.5,0.1,3.7962143421173096,8.032575474923021,2.7811083793640137,4.103358745574951,-0.0026866935659199953,-0.03385128453373909,0.0,412346,matched_er_4to1_chunk_1,9.675440788269043,12.160821914672852,0.795623779296875,60.0333251953125,60.0333251953125,4.936617374420166,0.08223128395568663
sign_test_er0.9__norm_original_radius,original_radius,4,1.0,0.6,1.0,0.1,3.307671070098877,7.272234151863358,3.433098793029785,6.340341567993164,-0.0026866935659199953,-0.03385128453373909,0.0,412346,matched_er_4to1_chunk_1,9.675440788269043,12.160821914672852,0.795623779296875,60.0333251953125,60.0333251953125,4.936617374420166,0.08223128395568663
sign_test_er0.9__norm_original_radius,original_radius,4,1.0,0.6,1.5,0.1,2.4273521900177,5.934854767884474,3.784576177597046,7.924541473388672,-0.0026866935659199953,-0.03385128453373909,0.0,412346,matched_er_4to1_chunk_1,9.675440788269043,12.160821914672852,0.795623779296875,60.0333251953125,60.0333251953125,4.936617374420166,0.08223128395568663
sign_test_er0.9__norm_original_radius,original_radius,4,1.0,0.8,0.1,0.1,6.046374797821045,9.307548682390262,2.3312480449676514,2.5193145275115967,-0.0026866935659199953,-0.03385128453373909,0.0,412346,matched_er_4to1_chunk_1,9.675440788269043,12.160821914672852,0.795623779296875,60.0333251953125,60.0333251953125,4.936617374420166,0.08223128395568663
sign_test_er0.9__norm_original_radius,original_radius,4,1.0,0.8,0.5,0.1,5.381734371185303,11.058198360305084,3.219479560852051,4.885941982269287,-0.0026866935659199953,-0.03385128453373909,0.0,412346,matched_er_4to1_chunk_1,9.675440788269043,12.160821914672852,0.795623779296875,60.0333251953125,60.0333251953125,4.936617374420166,0.08223128395568663
sign_test_er0.9__norm_original_radius,original_radius,4,1.0,0.8,1.0,0.1,3.8649721145629883,8.878981404884085,4.027739524841309,7.762134075164795,-0.0026866935659199953,-0.03385128453373909,0.0,412346,matched_er_4to1_chunk_1,9.675440788269043,12.160821914672852,0.795623779296875,60.0333251953125,60.0333251953125,4.936617374420166,0.08223128395568663
sign_test_er0.9__norm_original_radius,original_radius,4,1.0,0.8,1.5,0.1,3.1621851921081543,8.273984142109782,4.446887969970703,9.748355865478516,-0.0026866935659199953,-0.03385128453373909,0.0,412346,matched_er_4to1_chunk_1,9.675440788269043,12.160821914672852,0.795623779296875,60.0333251953125,60.0333251953125,4.936617374420166,0.08223128395568663
sign_test_er0.9__norm_original_radius,original_radius,4,1.0,1.0,0.1,0.1,7.175045013427734,11.770902912514643,2.873182535171509,3.126269817352295,-0.0026866935659199953,-0.03385128453373909,0.0,412346,matched_er_4to1_chunk_1,9.675440788269043,12.160821914672852,0.795623779296875,60.0333251953125,60.0333251953125,4.936617374420166,0.08223128395568663
sign_test_er0.9__norm_original_radius,original_radius,4,1.0,1.0,0.5,0.1,6.087490081787109,12.98147899891218,4.093505382537842,6.432531833648682,-0.0026866935659199953,-0.03385128453373909,0.0,412346,matched_er_4to1_chunk_1,9.675440788269043,12.160821914672852,0.795623779296875,60.0333251953125,60.0333251953125,4.936617374420166,0.08223128395568663
sign_test_er0.9__norm_original_radius,original_radius,4,1.0,1.0,1.0,0.1,5.353159427642822,11.70849901951675,5.117654323577881,10.344893455505371,-0.0026866935659199953,-0.03385128453373909,0.0,412346,matched_er_4to1_chunk_1,9.675440788269043,12.160821914672852,0.795623779296875,60.0333251953125,60.0333251953125,4.936617374420166,0.08223128395568663
sign_test_er0.9__norm_original_radius,original_radius,4,1.0,1.0,1.5,0.1,3.204176902770996,8.097345076148015,5.59060525894165,12.883575439453125,-0.0026866935659199953,-0.03385128453373909,0.0,412346,matched_er_4to1_chunk_1,9.675440788269043,12.160821914672852,0.795623779296875,60.0333251953125,60.0333251953125,4.936617374420166,0.08223128395568663
sign_test_er1.0__norm_original_radius,original_radius,4,1.0,0.6,0.1,0.1,5.279213905334473,7.766679474489827,2.0900230407714844,2.2499990463256836,-0.003359765512868762,-0.04162043333053589,0.0,412346,matched_er_4to1_chunk_1,12.160823822021484,12.160821914672852,0.9999995231628418,60.0333251953125,60.0333251953125,4.936617374420166,0.08223128395568663
sign_test_er1.0__norm_original_radius,original_radius,4,1.0,0.6,0.5,0.1,4.7687578201293945,10.926802088213947,2.802625894546509,4.141899585723877,-0.003359765512868762,-0.04162043333053589,0.0,412346,matched_er_4to1_chunk_1,12.160823822021484,12.160821914672852,0.9999995231628418,60.0333251953125,60.0333251953125,4.936617374420166,0.08223128395568663
sign_test_er1.0__norm_original_radius,original_radius,4,1.0,0.6,1.0,0.1,2.6382956504821777,5.699870492967463,3.448869466781616,6.378333568572998,-0.003359765512868762,-0.04162043333053589,0.0,412346,matched_er_4to1_chunk_1,12.160823822021484,12.160821914672852,0.9999995231628418,60.0333251953125,60.0333251953125,4.936617374420166,0.08223128395568663
sign_test_er1.0__norm_original_radius,original_radius,4,1.0,0.6,1.5,0.1,2.160945177078247,3.7893960512504066,3.792576313018799,7.952022552490234,-0.003359765512868762,-0.04162043333053589,0.0,412346,matched_er_4to1_chunk_1,12.160823822021484,12.160821914672852,0.9999995231628418,60.0333251953125,60.0333251953125,4.936617374420166,0.08223128395568663
sign_test_er1.0__norm_original_radius,original_radius,4,1.0,0.8,0.1,0.1,6.128573894500732,9.445610175629668,2.388359785079956,2.584096908569336,-0.003359765512868762,-0.04162043333053589,0.0,412346,matched_er_4to1_chunk_1,12.160823822021484,12.160821914672852,0.9999995231628418,60.0333251953125,60.0333251953125,4.936617374420166,0.08223128395568663
sign_test_er1.0__norm_original_radius,original_radius,4,1.0,0.8,0.5,0.1,5.071732044219971,12.10571081739755,3.293699026107788,5.012041091918945,-0.003359765512868762,-0.04162043333053589,0.0,412346,matched_er_4to1_chunk_1,12.160823822021484,12.160821914672852,0.9999995231628418,60.0333251953125,60.0333251953125,4.936617374420166,0.08223128395568663
sign_test_er1.0__norm_original_radius,original_radius,4,1.0,0.8,1.0,0.1,4.650090217590332,9.387000082287598,4.08484411239624,7.894253730773926,-0.003359765512868762,-0.04162043333053589,0.0,412346,matched_er_4to1_chunk_1,12.160823822021484,12.160821914672852,0.9999995231628418,60.0333251953125,60.0333251953125,4.936617374420166,0.08223128395568663
sign_test_er1.0__norm_original_radius,original_radius,4,1.0,0.8,1.5,0.1,2.9242916107177734,7.607585775705118,4.480095863342285,9.848577499389648,-0.003359765512868762,-0.04162043333053589,0.0,412346,matched_er_4to1_chunk_1,12.160823822021484,12.160821914672852,0.9999995231628418,60.0333251953125,60.0333251953125,4.936617374420166,0.08223128395568663
sign_test_er1.0__norm_original_radius,original_radius,4,1.0,1.0,0.1,0.1,6.756942272186279,11.202262015334213,3.6166703701019287,3.9449665546417236,-0.003359765512868762,-0.04162043333053589,0.0,412346,matched_er_4to1_chunk_1,12.160823822021484,12.160821914672852,0.9999995231628418,60.0333251953125,60.0333251953125,4.936617374420166,0.08223128395568663
sign_test_er1.0__norm_original_radius,original_radius,4,1.0,1.0,0.5,0.1,5.06187105178833,11.265166656666025,4.668941974639893,7.386022090911865,-0.003359765512868762,-0.04162043333053589,0.0,412346,matched_er_4to1_chunk_1,12.160823822021484,12.160821914672852,0.9999995231628418,60.0333251953125,60.0333251953125,4.936617374420166,0.08223128395568663
sign_test_er1.0__norm_original_radius,original_radius,4,1.0,1.0,1.0,0.1,5.007608413696289,10.62678926302847,5.444766998291016,11.08325481414795,-0.003359765512868762,-0.04162043333053589,0.0,412346,matched_er_4to1_chunk_1,12.160823822021484,12.160821914672852,0.9999995231628418,60.0333251953125,60.0333251953125,4.936617374420166,0.08223128395568663
sign_test_er1.0__norm_original_radius,original_radius,4,1.0,1.0,1.5,0.1,3.8529744148254395,9.52519625403312,5.783359050750732,13.402706146240234,-0.003359765512868762,-0.04162043333053589,0.0,412346,matched_er_4to1_chunk_1,12.160823822021484,12.160821914672852,0.9999995231628418,60.0333251953125,60.0333251953125,4.936617374420166,0.08223128395568663
sign_test_er0.0__norm_original_radius,original_radius,5,1.0,0.6,0.1,0.1,5.026005744934082,7.6272510868682275,2.7664055824279785,2.8930258750915527,0.003378526074811816,0.03829079121351242,0.0,512346,matched_er_4to1_chunk_1,12.093292236328125,12.093292236328125,1.0000008344650269,60.0333251953125,60.0333251953125,4.964183807373047,0.08269046843968678
sign_test_er0.0__norm_original_radius,original_radius,5,1.0,0.6,0.5,0.1,5.241347312927246,12.14989509968509,3.273785352706909,4.790090084075928,0.003378526074811816,0.03829079121351242,0.0,512346,matched_er_4to1_chunk_1,12.093292236328125,12.093292236328125,1.0000008344650269,60.0333251953125,60.0333251953125,4.964183807373047,0.08269046843968678
sign_test_er0.0__norm_original_radius,original_radius,5,1.0,0.6,1.0,0.1,2.9806652069091797,6.72634854828749,3.789665460586548,6.889496803283691,0.003378526074811816,0.03829079121351242,0.0,512346,matched_er_4to1_chunk_1,12.093292236328125,12.093292236328125,1.0000008344650269,60.0333251953125,60.0333251953125,4.964183807373047,0.08269046843968678
sign_test_er0.0__norm_original_radius,original_radius,5,1.0,0.6,1.5,0.1,2.089609146118164,4.347092532068995,4.055893421173096,8.232646942138672,0.003378526074811816,0.03829079121351242,0.0,512346,matched_er_4to1_chunk_1,12.093292236328125,12.093292236328125,1.0000008344650269,60.0333251953125,60.0333251953125,4.964183807373047,0.08269046843968678
sign_test_er0.0__norm_original_radius,original_radius,5,1.0,0.8,0.1,0.1,5.678730010986328,9.037919680082723,2.9496214389801025,3.1286823749542236,0.003378526074811816,0.03829079121351242,0.0,512346,matched_er_4to1_chunk_1,12.093292236328125,12.093292236328125,1.0000008344650269,60.0333251953125,60.0333251953125,4.964183807373047,0.08269046843968678
sign_test_er0.0__norm_original_radius,original_radius,5,1.0,0.8,0.5,0.1,5.094049453735352,10.900821198157754,3.635831594467163,5.462454795837402,0.003378526074811816,0.03829079121351242,0.0,512346,matched_er_4to1_chunk_1,12.093292236328125,12.093292236328125,1.0000008344650269,60.0333251953125,60.0333251953125,4.964183807373047,0.08269046843968678
sign_test_er0.0__norm_original_radius,original_radius,5,1.0,0.8,1.0,0.1,3.779038906097412,8.220945689024704,4.332186698913574,8.196268081665039,0.003378526074811816,0.03829079121351242,0.0,512346,matched_er_4to1_chunk_1,12.093292236328125,12.093292236328125,1.0000008344650269,60.0333251953125,60.0333251953125,4.964183807373047,0.08269046843968678
sign_test_er0.0__norm_original_radius,original_radius,5,1.0,0.8,1.5,0.1,2.901017904281616,5.683983287294918,4.689471244812012,9.975247383117676,0.003378526074811816,0.03829079121351242,0.0,512346,matched_er_4to1_chunk_1,12.093292236328125,12.093292236328125,1.0000008344650269,60.0333251953125,60.0333251953125,4.964183807373047,0.08269046843968678
sign_test_er0.0__norm_original_radius,original_radius,5,1.0,1.0,0.1,0.1,6.733859062194824,11.245561533769148,3.233290672302246,3.4763951301574707,0.003378526074811816,0.03829079121351242,0.0,512346,matched_er_4to1_chunk_1,12.093292236328125,12.093292236328125,1.0000008344650269,60.0333251953125,60.0333251953125,4.964183807373047,0.08269046843968678
sign_test_er0.0__norm_original_radius,original_radius,5,1.0,1.0,0.5,0.1,4.943577289581299,12.626628198775194,4.189454078674316,6.504841327667236,0.003378526074811816,0.03829079121351242,0.0,512346,matched_er_4to1_chunk_1,12.093292236328125,12.093292236328125,1.0000008344650269,60.0333251953125,60.0333251953125,4.964183807373047,0.08269046843968678
sign_test_er0.0__norm_original_radius,original_radius,5,1.0,1.0,1.0,0.1,4.294782638549805,9.702538454357864,5.154818058013916,10.197551727294922,0.003378526074811816,0.03829079121351242,0.0,512346,matched_er_4to1_chunk_1,12.093292236328125,12.093292236328125,1.0000008344650269,60.0333251953125,60.0333251953125,4.964183807373047,0.08269046843968678
sign_test_er0.0__norm_original_radius,original_radius,5,1.0,1.0,1.5,0.1,4.114624500274658,6.426550110950828,5.641952037811279,12.616579055786133,0.003378526074811816,0.03829079121351242,0.0,512346,matched_er_4to1_chunk_1,12.093292236328125,12.093292236328125,1.0000008344650269,60.0333251953125,60.0333251953125,4.964183807373047,0.08269046843968678
sign_test_er0.1__norm_original_radius,original_radius,5,1.0,0.6,0.1,0.1,5.412350654602051,7.783254301896932,2.059455633163452,2.1982104778289795,0.002703570993617177,0.029411766678094864,0.0,512346,matched_er_4to1_chunk_1,9.62439250946045,12.093292236328125,0.795845627784729,60.0333251953125,60.0333251953125,4.964183807373047,0.08269046843968678
sign_test_er0.1__norm_original_radius,original_radius,5,1.0,0.6,0.5,0.1,4.940484046936035,11.903104059977156,2.714972972869873,4.0015692710876465,0.002703570993617177,0.029411766678094864,0.0,512346,matched_er_4to1_chunk_1,9.62439250946045,12.093292236328125,0.795845627784729,60.0333251953125,60.0333251953125,4.964183807373047,0.08269046843968678
sign_test_er0.1__norm_original_radius,original_radius,5,1.0,0.6,1.0,0.1,3.364006757736206,7.277308420425413,3.342413902282715,6.1070780754089355,0.002703570993617177,0.029411766678094864,0.0,512346,matched_er_4to1_chunk_1,9.62439250946045,12.093292236328125,0.795845627784729,60.0333251953125,60.0333251953125,4.964183807373047,0.08269046843968678
sign_test_er0.1__norm_original_radius,original_radius,5,1.0,0.6,1.5,0.1,2.759284257888794,6.035576225479375,3.679363489151001,7.485803604125977,0.002703570993617177,0.029411766678094864,0.0,512346,matched_er_4to1_chunk_1,9.62439250946045,12.093292236328125,0.795845627784729,60.0333251953125,60.0333251953125,4.964183807373047,0.08269046843968678
sign_test_er0.1__norm_original_radius,original_radius,5,1.0,0.8,0.1,0.1,6.1400275230407715,9.275415452706993,2.2400286197662354,2.399318218231201,0.002703570993617177,0.029411766678094864,0.0,512346,matched_er_4to1_chunk_1,9.62439250946045,12.093292236328125,0.795845627784729,60.0333251953125,60.0333251953125,4.964183807373047,0.08269046843968678
sign_test_er0.1__norm_original_radius,original_radius,5,1.0,0.8,0.5,0.1,5.022750377655029,11.366209442005873,3.03678035736084,4.580159664154053,0.002703570993617177,0.029411766678094864,0.0,512346,matched_er_4to1_chunk_1,9.62439250946045,12.093292236328125,0.795845627784729,60.0333251953125,60.0333251953125,4.964183807373047,0.08269046843968678
sign_test_er0.1__norm_original_radius,original_radius,5,1.0,0.8,1.0,0.1,3.9696311950683594,9.99809372322352,3.814846992492676,7.225466251373291,0.002703570993617177,0.029411766678094864,0.0,512346,matched_er_4to1_chunk_1,9.62439250946045,12.093292236328125,0.795845627784729,60.0333251953125,60.0333251953125,4.964183807373047,0.08269046843968678
sign_test_er0.1__norm_original_radius,original_radius,5,1.0,0.8,1.5,0.1,3.8844172954559326,8.535011456110965,4.231899738311768,8.992034912109375,0.002703570993617177,0.029411766678094864,0.0,512346,matched_er_4to1_chunk_1,9.62439250946045,12.093292236328125,0.795845627784729,60.0333251953125,60.0333251953125,4.964183807373047,0.08269046843968678
sign_test_er0.1__norm_original_radius,original_radius,5,1.0,1.0,0.1,0.1,7.023490905761719,11.377097972329807,2.517378091812134,2.709582567214966,0.002703570993617177,0.029411766678094864,0.0,512346,matched_er_4to1_chunk_1,9.62439250946045,12.093292236328125,0.795845627784729,60.0333251953125,60.0333251953125,4.964183807373047,0.08269046843968678
sign_test_er0.1__norm_original_radius,original_radius,5,1.0,1.0,0.5,0.1,6.196792125701904,14.24559961697491,3.53427791595459,5.484884262084961,0.002703570993617177,0.029411766678094864,0.0,512346,matched_er_4to1_chunk_1,9.62439250946045,12.093292236328125,0.795845627784729,60.0333251953125,60.0333251953125,4.964183807373047,0.08269046843968678
sign_test_er0.1__norm_original_radius,original_radius,5,1.0,1.0,1.0,0.1,4.918095588684082,12.274639726446562,4.539958477020264,8.9630126953125,0.002703570993617177,0.029411766678094864,0.0,512346,matched_er_4to1_chunk_1,9.62439250946045,12.093292236328125,0.795845627784729,60.0333251953125,60.0333251953125,4.964183807373047,0.08269046843968678
sign_test_er0.1__norm_original_radius,original_radius,5,1.0,1.0,1.5,0.1,3.3977444171905518,8.16513726787334,5.070634841918945,11.307891845703125,0.002703570993617177,0.029411766678094864,0.0,512346,matched_er_4to1_chunk_1,9.62439250946045,12.093292236328125,0.795845627784729,60.0333251953125,60.0333251953125,4.964183807373047,0.08269046843968678
sign_test_er0.2__norm_original_radius,original_radius,5,1.0,0.6,0.1,0.1,5.556717395782471,8.001367844016428,2.0556693077087402,2.1930325031280518,0.002028615679591894,0.021642619743943214,0.0,512346,matched_er_4to1_chunk_1,7.245323181152344,12.093292236328125,0.5991188287734985,60.0333251953125,60.0333251953125,4.964183807373047,0.08269046843968678
sign_test_er0.2__norm_original_radius,original_radius,5,1.0,0.6,0.5,0.1,5.511857509613037,11.351772828204957,2.6978402137756348,3.9454009532928467,0.002028615679591894,0.021642619743943214,0.0,512346,matched_er_4to1_chunk_1,7.245323181152344,12.093292236328125,0.5991188287734985,60.0333251953125,60.0333251953125,4.964183807373047,0.08269046843968678
sign_test_er0.2__norm_original_radius,original_radius,5,1.0,0.6,1.0,0.1,3.151822805404663,6.505903179000896,3.329409599304199,6.040072917938232,0.002028615679591894,0.021642619743943214,0.0,512346,matched_er_4to1_chunk_1,7.245323181152344,12.093292236328125,0.5991188287734985,60.0333251953125,60.0333251953125,4.964183807373047,0.08269046843968678
sign_test_er0.2__norm_original_radius,original_radius,5,1.0,0.6,1.5,0.1,3.2767603397369385,6.715111933032702,3.6917879581451416,7.465713024139404,0.002028615679591894,0.021642619743943214,0.0,512346,matched_er_4to1_chunk_1,7.245323181152344,12.093292236328125,0.5991188287734985,60.0333251953125,60.0333251953125,4.964183807373047,0.08269046843968678
sign_test_er0.2__norm_original_radius,original_radius,5,1.0,0.8,0.1,0.1,6.267067909240723,9.500835594050614,2.242011308670044,2.3998782634735107,0.002028615679591894,0.021642619743943214,0.0,512346,matched_er_4to1_chunk_1,7.245323181152344,12.093292236328125,0.5991188287734985,60.0333251953125,60.0333251953125,4.964183807373047,0.08269046843968678
sign_test_er0.2__norm_original_radius,original_radius,5,1.0,0.8,0.5,0.1,4.7387237548828125,11.406365176308018,3.022759199142456,4.522012710571289,0.002028615679591894,0.021642619743943214,0.0,512346,matched_er_4to1_chunk_1,7.245323181152344,12.093292236328125,0.5991188287734985,60.0333251953125,60.0333251953125,4.964183807373047,0.08269046843968678
sign_test_er0.2__norm_original_radius,original_radius,5,1.0,0.8,1.0,0.1,3.9847681522369385,9.702380654518583,3.8017241954803467,7.139476299285889,0.002028615679591894,0.021642619743943214,0.0,512346,matched_er_4to1_chunk_1,7.245323181152344,12.093292236328125,0.5991188287734985,60.0333251953125,60.0333251953125,4.964183807373047,0.08269046843968678
sign_test_er0.2__norm_original_radius,original_radius,5,1.0,0.8,1.5,0.1,3.4317612648010254,6.145489085979705,4.245627403259277,8.953717231750488,0.002028615679591894,0.021642619743943214,0.0,512346,matched_er_4to1_chunk_1,7.245323181152344,12.093292236328125,0.5991188287734985,60.0333251953125,60.0333251953125,4.964183807373047,0.08269046843968678
sign_test_er0.2__norm_original_radius,original_radius,5,1.0,1.0,0.1,0.1,7.141851425170898,11.609771602203923,2.529419422149658,2.7199530601501465,0.002028615679591894,0.021642619743943214,0.0,512346,matched_er_4to1_chunk_1,7.245323181152344,12.093292236328125,0.5991188287734985,60.0333251953125,60.0333251953125,4.964183807373047,0.08269046843968678
sign_test_er0.2__norm_original_radius,original_radius,5,1.0,1.0,0.5,0.1,6.036975860595703,13.972754990264017,3.5295464992523193,5.433138847351074,0.002028615679591894,0.021642619743943214,0.0,512346,matched_er_4to1_chunk_1,7.245323181152344,12.093292236328125,0.5991188287734985,60.0333251953125,60.0333251953125,4.964183807373047,0.08269046843968678
sign_test_er0.2__norm_original_radius,original_radius,5,1.0,1.0,1.0,0.1,5.1434431076049805,11.623701677292532,4.533761501312256,8.871291160583496,0.002028615679591894,0.021642619743943214,0.0,512346,matched_er_4to1_chunk_1,7.245323181152344,12.093292236328125,0.5991188287734985,60.0333251953125,60.0333251953125,4.964183807373047,0.08269046843968678
sign_test_er0.2__norm_original_radius,original_radius,5,1.0,1.0,1.5,0.1,4.053643703460693,8.968317625423813,5.091629505157471,11.264349937438965,0.002028615679591894,0.021642619743943214,0.0,512346,matched_er_4to1_chunk_1,7.245323181152344,12.093292236328125,0.5991188287734985,60.0333251953125,60.0333251953125,4.964183807373047,0.08269046843968678
sign_test_er0.3__norm_original_radius,original_radius,5,1.0,0.6,0.1,0.1,5.162468910217285,7.605982768312394,2.0514445304870605,2.1911604404449463,0.0013517854968085885,0.014983353205025196,0.0,512346,matched_er_4to1_chunk_1,4.853982925415039,12.093292236328125,0.4013785719871521,60.0333251953125,60.0333251953125,4.964183807373047,0.08269046843968678
sign_test_er0.3__norm_original_radius,original_radius,5,1.0,0.6,0.5,0.1,5.254298686981201,12.205490168350998,2.6980714797973633,3.9451417922973633,0.0013517854968085885,0.014983353205025196,0.0,512346,matched_er_4to1_chunk_1,4.853982925415039,12.093292236328125,0.4013785719871521,60.0333251953125,60.0333251953125,4.964183807373047,0.08269046843968678
sign_test_er0.3__norm_original_radius,original_radius,5,1.0,0.6,1.0,0.1,3.6596078872680664,9.284268855774549,3.3299965858459473,6.051108360290527,0.0013517854968085885,0.014983353205025196,0.0,512346,matched_er_4to1_chunk_1,4.853982925415039,12.093292236328125,0.4013785719871521,60.0333251953125,60.0333251953125,4.964183807373047,0.08269046843968678
sign_test_er0.3__norm_original_radius,original_radius,5,1.0,0.6,1.5,0.1,2.919710636138916,6.9890158815287435,3.6871070861816406,7.485357761383057,0.0013517854968085885,0.014983353205025196,0.0,512346,matched_er_4to1_chunk_1,4.853982925415039,12.093292236328125,0.4013785719871521,60.0333251953125,60.0333251953125,4.964183807373047,0.08269046843968678
sign_test_er0.3__norm_original_radius,original_radius,5,1.0,0.8,0.1,0.1,5.769490718841553,9.01228007762603,2.2470602989196777,2.4088258743286133,0.0013517854968085885,0.014983353205025196,0.0,512346,matched_er_4to1_chunk_1,4.853982925415039,12.093292236328125,0.4013785719871521,60.0333251953125,60.0333251953125,4.964183807373047,0.08269046843968678
sign_test_er0.3__norm_original_radius,original_radius,5,1.0,0.8,0.5,0.1,5.718686103820801,12.058548240909772,3.0379393100738525,4.550346374511719,0.0013517854968085885,0.014983353205025196,0.0,512346,matched_er_4to1_chunk_1,4.853982925415039,12.093292236328125,0.4013785719871521,60.0333251953125,60.0333251953125,4.964183807373047,0.08269046843968678
sign_test_er0.3__norm_original_radius,original_radius,5,1.0,0.8,1.0,0.1,3.652714252471924,8.7746833843858,3.819645404815674,7.190706253051758,0.0013517854968085885,0.014983353205025196,0.0,512346,matched_er_4to1_chunk_1,4.853982925415039,12.093292236328125,0.4013785719871521,60.0333251953125,60.0333251953125,4.964183807373047,0.08269046843968678
sign_test_er0.3__norm_original_radius,original_radius,5,1.0,0.8,1.5,0.1,3.6859583854675293,8.51458816556709,4.255427360534668,9.007608413696289,0.0013517854968085885,0.014983353205025196,0.0,512346,matched_er_4to1_chunk_1,4.853982925415039,12.093292236328125,0.4013785719871521,60.0333251953125,60.0333251953125,4.964183807373047,0.08269046843968678
sign_test_er0.3__norm_original_radius,original_radius,5,1.0,1.0,0.1,0.1,6.914728164672852,11.40172697512428,2.554680585861206,2.751269578933716,0.0013517854968085885,0.014983353205025196,0.0,512346,matched_er_4to1_chunk_1,4.853982925415039,12.093292236328125,0.4013785719871521,60.0333251953125,60.0333251953125,4.964183807373047,0.08269046843968678
sign_test_er0.3__norm_original_radius,original_radius,5,1.0,1.0,0.5,0.1,5.688094139099121,10.21015796852953,3.578688859939575,5.522002696990967,0.0013517854968085885,0.014983353205025196,0.0,512346,matched_er_4to1_chunk_1,4.853982925415039,12.093292236328125,0.4013785719871521,60.0333251953125,60.0333251953125,4.964183807373047,0.08269046843968678
sign_test_er0.3__norm_original_radius,original_radius,5,1.0,1.0,1.0,0.1,4.459875583648682,10.567926064921977,4.595719814300537,9.024856567382812,0.0013517854968085885,0.014983353205025196,0.0,512346,matched_er_4to1_chunk_1,4.853982925415039,12.093292236328125,0.4013785719871521,60.0333251953125,60.0333251953125,4.964183807373047,0.08269046843968678
sign_test_er0.3__norm_original_radius,original_radius,5,1.0,1.0,1.5,0.1,3.3394546508789062,6.038235058896671,5.147367000579834,11.42963695526123,0.0013517854968085885,0.014983353205025196,0.0,512346,matched_er_4to1_chunk_1,4.853982925415039,12.093292236328125,0.4013785719871521,60.0333251953125,60.0333251953125,4.964183807373047,0.08269046843968678
sign_test_er0.4__norm_original_radius,original_radius,5,1.0,0.6,0.1,0.1,5.051857948303223,7.422889560243432,2.036041736602783,2.1732330322265625,0.0006768302409909666,0.008324084803462029,0.0,512346,matched_er_4to1_chunk_1,3.632147789001465,12.093292236328125,0.3003443479537964,60.0333251953125,60.0333251953125,4.964183807373047,0.08269046843968678
sign_test_er0.4__norm_original_radius,original_radius,5,1.0,0.6,0.5,0.1,3.969066858291626,9.729663049642795,2.673039197921753,3.893181085586548,0.0006768302409909666,0.008324084803462029,0.0,512346,matched_er_4to1_chunk_1,3.632147789001465,12.093292236328125,0.3003443479537964,60.0333251953125,60.0333251953125,4.964183807373047,0.08269046843968678
sign_test_er0.4__norm_original_radius,original_radius,5,1.0,0.6,1.0,0.1,3.011550188064575,7.746460005665867,3.298640251159668,5.972415447235107,0.0006768302409909666,0.008324084803462029,0.0,512346,matched_er_4to1_chunk_1,3.632147789001465,12.093292236328125,0.3003443479537964,60.0333251953125,60.0333251953125,4.964183807373047,0.08269046843968678
sign_test_er0.4__norm_original_radius,original_radius,5,1.0,0.6,1.5,0.1,2.9986469745635986,5.731035164320019,3.6542274951934814,7.402729511260986,0.0006768302409909666,0.008324084803462029,0.0,512346,matched_er_4to1_chunk_1,3.632147789001465,12.093292236328125,0.3003443479537964,60.0333251953125,60.0333251953125,4.964183807373047,0.08269046843968678
sign_test_er0.4__norm_original_radius,original_radius,5,1.0,0.8,0.1,0.1,5.667111396789551,8.814422547513288,2.222785711288452,2.3808159828186035,0.0006768302409909666,0.008324084803462029,0.0,512346,matched_er_4to1_chunk_1,3.632147789001465,12.093292236328125,0.3003443479537964,60.0333251953125,60.0333251953125,4.964183807373047,0.08269046843968678
sign_test_er0.4__norm_original_radius,original_radius,5,1.0,0.8,0.5,0.1,5.35154390335083,12.21755304078799,2.9998779296875,4.475160598754883,0.0006768302409909666,0.008324084803462029,0.0,512346,matched_er_4to1_chunk_1,3.632147789001465,12.093292236328125,0.3003443479537964,60.0333251953125,60.0333251953125,4.964183807373047,0.08269046843968678
sign_test_er0.4__norm_original_radius,original_radius,5,1.0,0.8,1.0,0.1,3.2183470726013184,8.440912392174738,3.7723214626312256,7.073309421539307,0.0006768302409909666,0.008324084803462029,0.0,512346,matched_er_4to1_chunk_1,3.632147789001465,12.093292236328125,0.3003443479537964,60.0333251953125,60.0333251953125,4.964183807373047,0.08269046843968678
sign_test_er0.4__norm_original_radius,original_radius,5,1.0,0.8,1.5,0.1,2.6229283809661865,4.8363837603634465,4.207076549530029,8.87479019165039,0.0006768302409909666,0.008324084803462029,0.0,512346,matched_er_4to1_chunk_1,3.632147789001465,12.093292236328125,0.3003443479537964,60.0333251953125,60.0333251953125,4.964183807373047,0.08269046843968678
sign_test_er0.4__norm_original_radius,original_radius,5,1.0,1.0,0.1,0.1,6.941624641418457,11.234985156658354,2.5119259357452393,2.703101396560669,0.0006768302409909666,0.008324084803462029,0.0,512346,matched_er_4to1_chunk_1,3.632147789001465,12.093292236328125,0.3003443479537964,60.0333251953125,60.0333251953125,4.964183807373047,0.08269046843968678
sign_test_er0.4__norm_original_radius,original_radius,5,1.0,1.0,0.5,0.1,5.75822639465332,12.152263990156609,3.513132333755493,5.398030757904053,0.0006768302409909666,0.008324084803462029,0.0,512346,matched_er_4to1_chunk_1,3.632147789001465,12.093292236328125,0.3003443479537964,60.0333251953125,60.0333251953125,4.964183807373047,0.08269046843968678
sign_test_er0.4__norm_original_radius,original_radius,5,1.0,1.0,1.0,0.1,5.326934337615967,9.917855046019618,4.510520935058594,8.819792747497559,0.0006768302409909666,0.008324084803462029,0.0,512346,matched_er_4to1_chunk_1,3.632147789001465,12.093292236328125,0.3003443479537964,60.0333251953125,60.0333251953125,4.964183807373047,0.08269046843968678
sign_test_er0.4__norm_original_radius,original_radius,5,1.0,1.0,1.5,0.1,3.216425895690918,7.540059963065232,5.057509422302246,11.18591022491455,0.0006768302409909666,0.008324084803462029,0.0,512346,matched_er_4to1_chunk_1,3.632147789001465,12.093292236328125,0.3003443479537964,60.0333251953125,60.0333251953125,4.964183807373047,0.08269046843968678
sign_test_er0.5__norm_original_radius,original_radius,5,1.0,0.6,0.1,0.1,5.089187145233154,7.486579850330765,2.0177760124206543,2.1493752002716064,0.0,0.0,0.0,512346,matched_er_4to1_chunk_1,3.4879307746887207,12.093292236328125,0.2884194850921631,60.0333251953125,60.0333251953125,4.964183807373047,0.08269046843968678
sign_test_er0.5__norm_original_radius,original_radius,5,1.0,0.6,0.5,0.1,4.490652084350586,9.353959374341741,2.6315042972564697,3.8158843517303467,0.0,0.0,0.0,512346,matched_er_4to1_chunk_1,3.4879307746887207,12.093292236328125,0.2884194850921631,60.0333251953125,60.0333251953125,4.964183807373047,0.08269046843968678
sign_test_er0.5__norm_original_radius,original_radius,5,1.0,0.6,1.0,0.1,3.310953140258789,7.688533725102513,3.2456815242767334,5.8410725593566895,0.0,0.0,0.0,512346,matched_er_4to1_chunk_1,3.4879307746887207,12.093292236328125,0.2884194850921631,60.0333251953125,60.0333251953125,4.964183807373047,0.08269046843968678
sign_test_er0.5__norm_original_radius,original_radius,5,1.0,0.6,1.5,0.1,2.408895969390869,6.722961385525714,3.6022191047668457,7.242156982421875,0.0,0.0,0.0,512346,matched_er_4to1_chunk_1,3.4879307746887207,12.093292236328125,0.2884194850921631,60.0333251953125,60.0333251953125,4.964183807373047,0.08269046843968678
sign_test_er0.5__norm_original_radius,original_radius,5,1.0,0.8,0.1,0.1,5.662170886993408,8.861363434892217,2.19934344291687,2.349918842315674,0.0,0.0,0.0,512346,matched_er_4to1_chunk_1,3.4879307746887207,12.093292236328125,0.2884194850921631,60.0333251953125,60.0333251953125,4.964183807373047,0.08269046843968678
sign_test_er0.5__norm_original_radius,original_radius,5,1.0,0.8,0.5,0.1,5.204975605010986,10.503312733540042,2.945706605911255,4.369822978973389,0.0,0.0,0.0,512346,matched_er_4to1_chunk_1,3.4879307746887207,12.093292236328125,0.2884194850921631,60.0333251953125,60.0333251953125,4.964183807373047,0.08269046843968678
sign_test_er0.5__norm_original_radius,original_radius,5,1.0,0.8,1.0,0.1,3.5500950813293457,9.697630658606897,3.70377516746521,6.901447296142578,0.0,0.0,0.0,512346,matched_er_4to1_chunk_1,3.4879307746887207,12.093292236328125,0.2884194850921631,60.0333251953125,60.0333251953125,4.964183807373047,0.08269046843968678
sign_test_er0.5__norm_original_radius,original_radius,5,1.0,0.8,1.5,0.1,2.297248363494873,6.762965308130816,4.139194965362549,8.669530868530273,0.0,0.0,0.0,512346,matched_er_4to1_chunk_1,3.4879307746887207,12.093292236328125,0.2884194850921631,60.0333251953125,60.0333251953125,4.964183807373047,0.08269046843968678
sign_test_er0.5__norm_original_radius,original_radius,5,1.0,1.0,0.1,0.1,6.883887767791748,11.384178942708184,2.481672525405884,2.663296937942505,0.0,0.0,0.0,512346,matched_er_4to1_chunk_1,3.4879307746887207,12.093292236328125,0.2884194850921631,60.0333251953125,60.0333251953125,4.964183807373047,0.08269046843968678
sign_test_er0.5__norm_original_radius,original_radius,5,1.0,1.0,0.5,0.1,5.408161640167236,13.253776829456365,3.441066026687622,5.253422260284424,0.0,0.0,0.0,512346,matched_er_4to1_chunk_1,3.4879307746887207,12.093292236328125,0.2884194850921631,60.0333251953125,60.0333251953125,4.964183807373047,0.08269046843968678
sign_test_er0.5__norm_original_radius,original_radius,5,1.0,1.0,1.0,0.1,4.646583080291748,7.6930955260645675,4.4215087890625,8.59029483795166,0.0,0.0,0.0,512346,matched_er_4to1_chunk_1,3.4879307746887207,12.093292236328125,0.2884194850921631,60.0333251953125,60.0333251953125,4.964183807373047,0.08269046843968678
sign_test_er0.5__norm_original_radius,original_radius,5,1.0,1.0,1.5,0.1,3.306610345840454,7.585194488463685,4.970594882965088,10.914080619812012,0.0,0.0,0.0,512346,matched_er_4to1_chunk_1,3.4879307746887207,12.093292236328125,0.2884194850921631,60.0333251953125,60.0333251953125,4.964183807373047,0.08269046843968678
sign_test_er0.6__norm_original_radius,original_radius,5,1.0,0.6,0.1,0.1,5.121518611907959,7.488843004504407,2.0347089767456055,2.165754795074463,-0.0006749553140252829,-0.008879023604094982,0.0,512346,matched_er_4to1_chunk_1,3.738466262817383,12.093292236328125,0.3091360032558441,60.0333251953125,60.0333251953125,4.964183807373047,0.08269046843968678
sign_test_er0.6__norm_original_radius,original_radius,5,1.0,0.6,0.5,0.1,5.152975559234619,11.174758654944936,2.6604645252227783,3.857780694961548,-0.0006749553140252829,-0.008879023604094982,0.0,512346,matched_er_4to1_chunk_1,3.738466262817383,12.093292236328125,0.3091360032558441,60.0333251953125,60.0333251953125,4.964183807373047,0.08269046843968678
sign_test_er0.6__norm_original_radius,original_radius,5,1.0,0.6,1.0,0.1,2.8073108196258545,6.917511680576617,3.3032679557800293,5.960287570953369,-0.0006749553140252829,-0.008879023604094982,0.0,512346,matched_er_4to1_chunk_1,3.738466262817383,12.093292236328125,0.3091360032558441,60.0333251953125,60.0333251953125,4.964183807373047,0.08269046843968678
sign_test_er0.6__norm_original_radius,original_radius,5,1.0,0.6,1.5,0.1,2.978153705596924,6.363611142531558,3.6774044036865234,7.426089763641357,-0.0006749553140252829,-0.008879023604094982,0.0,512346,matched_er_4to1_chunk_1,3.738466262817383,12.093292236328125,0.3091360032558441,60.0333251953125,60.0333251953125,4.964183807373047,0.08269046843968678
sign_test_er0.6__norm_original_radius,original_radius,5,1.0,0.8,0.1,0.1,5.710209846496582,8.884037727716418,2.217665672302246,2.3674662113189697,-0.0006749553140252829,-0.008879023604094982,0.0,512346,matched_er_4to1_chunk_1,3.738466262817383,12.093292236328125,0.3091360032558441,60.0333251953125,60.0333251953125,4.964183807373047,0.08269046843968678
sign_test_er0.6__norm_original_radius,original_radius,5,1.0,0.8,0.5,0.1,4.965118885040283,11.150456124764911,2.9785425662994385,4.418590068817139,-0.0006749553140252829,-0.008879023604094982,0.0,512346,matched_er_4to1_chunk_1,3.738466262817383,12.093292236328125,0.3091360032558441,60.0333251953125,60.0333251953125,4.964183807373047,0.08269046843968678
sign_test_er0.6__norm_original_radius,original_radius,5,1.0,0.8,1.0,0.1,3.53045916557312,6.856797732394121,3.7725796699523926,7.050209045410156,-0.0006749553140252829,-0.008879023604094982,0.0,512346,matched_er_4to1_chunk_1,3.738466262817383,12.093292236328125,0.3091360032558441,60.0333251953125,60.0333251953125,4.964183807373047,0.08269046843968678
sign_test_er0.6__norm_original_radius,original_radius,5,1.0,0.8,1.5,0.1,2.804743766784668,7.493017176096032,4.231022357940674,8.903878211975098,-0.0006749553140252829,-0.008879023604094982,0.0,512346,matched_er_4to1_chunk_1,3.738466262817383,12.093292236328125,0.3091360032558441,60.0333251953125,60.0333251953125,4.964183807373047,0.08269046843968678
sign_test_er0.6__norm_original_radius,original_radius,5,1.0,1.0,0.1,0.1,6.9043755531311035,11.269656950208851,2.5004777908325195,2.6809756755828857,-0.0006749553140252829,-0.008879023604094982,0.0,512346,matched_er_4to1_chunk_1,3.738466262817383,12.093292236328125,0.3091360032558441,60.0333251953125,60.0333251953125,4.964183807373047,0.08269046843968678
sign_test_er0.6__norm_original_radius,original_radius,5,1.0,1.0,0.5,0.1,6.0084004402160645,13.943825977162447,3.4777297973632812,5.3104634284973145,-0.0006749553140252829,-0.008879023604094982,0.0,512346,matched_er_4to1_chunk_1,3.738466262817383,12.093292236328125,0.3091360032558441,60.0333251953125,60.0333251953125,4.964183807373047,0.08269046843968678
sign_test_er0.6__norm_original_radius,original_radius,5,1.0,1.0,1.0,0.1,5.027757167816162,10.372355318942653,4.504811763763428,8.781722068786621,-0.0006749553140252829,-0.008879023604094982,0.0,512346,matched_er_4to1_chunk_1,3.738466262817383,12.093292236328125,0.3091360032558441,60.0333251953125,60.0333251953125,4.964183807373047,0.08269046843968678
sign_test_er0.6__norm_original_radius,original_radius,5,1.0,1.0,1.5,0.1,4.318070888519287,8.262148682540555,5.086843013763428,11.227936744689941,-0.0006749553140252829,-0.008879023604094982,0.0,512346,matched_er_4to1_chunk_1,3.738466262817383,12.093292236328125,0.3091360032558441,60.0333251953125,60.0333251953125,4.964183807373047,0.08269046843968678
sign_test_er0.7__norm_original_radius,original_radius,5,1.0,0.6,0.1,0.1,5.226534366607666,7.5818905994235735,2.0605716705322266,2.193486452102661,-0.0013499106280505657,-0.014428414404392242,0.0,512346,matched_er_4to1_chunk_1,5.29656457901001,12.093292236328125,0.43797561526298523,60.0333251953125,60.0333251953125,4.964183807373047,0.08269046843968678
sign_test_er0.7__norm_original_radius,original_radius,5,1.0,0.6,0.5,0.1,5.383237838745117,10.370443242360025,2.7082133293151855,3.9276437759399414,-0.0013499106280505657,-0.014428414404392242,0.0,512346,matched_er_4to1_chunk_1,5.29656457901001,12.093292236328125,0.43797561526298523,60.0333251953125,60.0333251953125,4.964183807373047,0.08269046843968678
sign_test_er0.7__norm_original_radius,original_radius,5,1.0,0.6,1.0,0.1,2.867305278778076,7.690003961050441,3.3865489959716797,6.091239929199219,-0.0013499106280505657,-0.014428414404392242,0.0,512346,matched_er_4to1_chunk_1,5.29656457901001,12.093292236328125,0.43797561526298523,60.0333251953125,60.0333251953125,4.964183807373047,0.08269046843968678
sign_test_er0.7__norm_original_radius,original_radius,5,1.0,0.6,1.5,0.1,2.9500625133514404,6.724214528711315,3.7873363494873047,7.608094215393066,-0.0013499106280505657,-0.014428414404392242,0.0,512346,matched_er_4to1_chunk_1,5.29656457901001,12.093292236328125,0.43797561526298523,60.0333251953125,60.0333251953125,4.964183807373047,0.08269046843968678
sign_test_er0.7__norm_original_radius,original_radius,5,1.0,0.8,0.1,0.1,5.943165302276611,9.089980480967583,2.2549808025360107,2.4076619148254395,-0.0013499106280505657,-0.014428414404392242,0.0,512346,matched_er_4to1_chunk_1,5.29656457901001,12.093292236328125,0.43797561526298523,60.0333251953125,60.0333251953125,4.964183807373047,0.08269046843968678
sign_test_er0.7__norm_original_radius,original_radius,5,1.0,0.8,0.5,0.1,5.823944091796875,12.89055333498817,3.044137716293335,4.517626762390137,-0.0013499106280505657,-0.014428414404392242,0.0,512346,matched_er_4to1_chunk_1,5.29656457901001,12.093292236328125,0.43797561526298523,60.0333251953125,60.0333251953125,4.964183807373047,0.08269046843968678
sign_test_er0.7__norm_original_radius,original_radius,5,1.0,0.8,1.0,0.1,3.534903049468994,7.871141234284437,3.881622552871704,7.232708930969238,-0.0013499106280505657,-0.014428414404392242,0.0,512346,matched_er_4to1_chunk_1,5.29656457901001,12.093292236328125,0.43797561526298523,60.0333251953125,60.0333251953125,4.964183807373047,0.08269046843968678
sign_test_er0.7__norm_original_radius,original_radius,5,1.0,0.8,1.5,0.1,3.024958372116089,4.910697734814953,4.373175621032715,9.158615112304688,-0.0013499106280505657,-0.014428414404392242,0.0,512346,matched_er_4to1_chunk_1,5.29656457901001,12.093292236328125,0.43797561526298523,60.0333251953125,60.0333251953125,4.964183807373047,0.08269046843968678
sign_test_er0.7__norm_original_radius,original_radius,5,1.0,1.0,0.1,0.1,7.082501411437988,11.391430984436303,2.5693211555480957,2.754974126815796,-0.0013499106280505657,-0.014428414404392242,0.0,512346,matched_er_4to1_chunk_1,5.29656457901001,12.093292236328125,0.43797561526298523,60.0333251953125,60.0333251953125,4.964183807373047,0.08269046843968678
sign_test_er0.7__norm_original_radius,original_radius,5,1.0,1.0,0.5,0.1,6.5673699378967285,13.936844435265016,3.5914676189422607,5.485132694244385,-0.0013499106280505657,-0.014428414404392242,0.0,512346,matched_er_4to1_chunk_1,5.29656457901001,12.093292236328125,0.43797561526298523,60.0333251953125,60.0333251953125,4.964183807373047,0.08269046843968678
sign_test_er0.7__norm_original_radius,original_radius,5,1.0,1.0,1.0,0.1,3.573880672454834,10.932883463955974,4.677030563354492,9.088605880737305,-0.0013499106280505657,-0.014428414404392242,0.0,512346,matched_er_4to1_chunk_1,5.29656457901001,12.093292236328125,0.43797561526298523,60.0333251953125,60.0333251953125,4.964183807373047,0.08269046843968678
sign_test_er0.7__norm_original_radius,original_radius,5,1.0,1.0,1.5,0.1,4.467011451721191,9.33939580576073,5.300164699554443,11.641158103942871,-0.0013499106280505657,-0.014428414404392242,0.0,512346,matched_er_4to1_chunk_1,5.29656457901001,12.093292236328125,0.43797561526298523,60.0333251953125,60.0333251953125,4.964183807373047,0.08269046843968678
sign_test_er0.8__norm_original_radius,original_radius,5,1.0,0.6,0.1,0.1,5.323296070098877,7.6835337502161565,1.989485740661621,2.117943286895752,-0.002026740927249193,-0.024417314678430557,0.0,512346,matched_er_4to1_chunk_1,7.309584617614746,12.093292236328125,0.604433000087738,60.0333251953125,60.0333251953125,4.964183807373047,0.08269046843968678
sign_test_er0.8__norm_original_radius,original_radius,5,1.0,0.6,0.5,0.1,5.112066268920898,12.01761150037396,2.5960710048675537,3.759544849395752,-0.002026740927249193,-0.024417314678430557,0.0,512346,matched_er_4to1_chunk_1,7.309584617614746,12.093292236328125,0.604433000087738,60.0333251953125,60.0333251953125,4.964183807373047,0.08269046843968678
sign_test_er0.8__norm_original_radius,original_radius,5,1.0,0.6,1.0,0.1,3.746387243270874,7.987381468298604,3.2294039726257324,5.797884464263916,-0.002026740927249193,-0.024417314678430557,0.0,512346,matched_er_4to1_chunk_1,7.309584617614746,12.093292236328125,0.604433000087738,60.0333251953125,60.0333251953125,4.964183807373047,0.08269046843968678
sign_test_er0.8__norm_original_radius,original_radius,5,1.0,0.6,1.5,0.1,3.262235164642334,6.465854475042943,3.6068854331970215,7.223031997680664,-0.002026740927249193,-0.024417314678430557,0.0,512346,matched_er_4to1_chunk_1,7.309584617614746,12.093292236328125,0.604433000087738,60.0333251953125,60.0333251953125,4.964183807373047,0.08269046843968678
sign_test_er0.8__norm_original_radius,original_radius,5,1.0,0.8,0.1,0.1,6.000616550445557,9.149987929199938,2.1840691566467285,2.332559585571289,-0.002026740927249193,-0.024417314678430557,0.0,512346,matched_er_4to1_chunk_1,7.309584617614746,12.093292236328125,0.604433000087738,60.0333251953125,60.0333251953125,4.964183807373047,0.08269046843968678
sign_test_er0.8__norm_original_radius,original_radius,5,1.0,0.8,0.5,0.1,5.012792587280273,10.655098330417658,2.9265284538269043,4.3377556800842285,-0.002026740927249193,-0.024417314678430557,0.0,512346,matched_er_4to1_chunk_1,7.309584617614746,12.093292236328125,0.604433000087738,60.0333251953125,60.0333251953125,4.964183807373047,0.08269046843968678
sign_test_er0.8__norm_original_radius,original_radius,5,1.0,0.8,1.0,0.1,4.284690856933594,9.149803911500825,3.7092723846435547,6.902437210083008,-0.002026740927249193,-0.024417314678430557,0.0,512346,matched_er_4to1_chunk_1,7.309584617614746,12.093292236328125,0.604433000087738,60.0333251953125,60.0333251953125,4.964183807373047,0.08269046843968678
sign_test_er0.8__norm_original_radius,original_radius,5,1.0,0.8,1.5,0.1,3.278733491897583,6.694696294393452,4.1700439453125,8.717918395996094,-0.002026740927249193,-0.024417314678430557,0.0,512346,matched_er_4to1_chunk_1,7.309584617614746,12.093292236328125,0.604433000087738,60.0333251953125,60.0333251953125,4.964183807373047,0.08269046843968678
sign_test_er0.8__norm_original_radius,original_radius,5,1.0,1.0,0.1,0.1,6.851186752319336,11.253552831803756,2.5281472206115723,2.709772825241089,-0.002026740927249193,-0.024417314678430557,0.0,512346,matched_er_4to1_chunk_1,7.309584617614746,12.093292236328125,0.604433000087738,60.0333251953125,60.0333251953125,4.964183807373047,0.08269046843968678
sign_test_er0.8__norm_original_radius,original_radius,5,1.0,1.0,0.5,0.1,5.999349594116211,13.057864373978138,3.503490686416626,5.3468451499938965,-0.002026740927249193,-0.024417314678430557,0.0,512346,matched_er_4to1_chunk_1,7.309584617614746,12.093292236328125,0.604433000087738,60.0333251953125,60.0333251953125,4.964183807373047,0.08269046843968678
sign_test_er0.8__norm_original_radius,original_radius,5,1.0,1.0,1.0,0.1,4.179184436798096,10.177860482062442,4.522072792053223,8.786255836486816,-0.002026740927249193,-0.024417314678430557,0.0,512346,matched_er_4to1_chunk_1,7.309584617614746,12.093292236328125,0.604433000087738,60.0333251953125,60.0333251953125,4.964183807373047,0.08269046843968678
sign_test_er0.8__norm_original_radius,original_radius,5,1.0,1.0,1.5,0.1,3.6441562175750732,6.66105881732841,5.097320079803467,11.202749252319336,-0.002026740927249193,-0.024417314678430557,0.0,512346,matched_er_4to1_chunk_1,7.309584617614746,12.093292236328125,0.604433000087738,60.0333251953125,60.0333251953125,4.964183807373047,0.08269046843968678
sign_test_er0.9__norm_original_radius,original_radius,5,1.0,0.6,0.1,0.1,5.451324939727783,7.835924665259071,1.9938653707504272,2.126535177230835,-0.002701696241274476,-0.032741397619247437,0.0,512346,matched_er_4to1_chunk_1,9.558670997619629,12.093292236328125,0.7904101610183716,60.0333251953125,60.0333251953125,4.964183807373047,0.08269046843968678
sign_test_er0.9__norm_original_radius,original_radius,5,1.0,0.6,0.5,0.1,5.116634368896484,11.228262860276232,2.61010479927063,3.7984776496887207,-0.002701696241274476,-0.032741397619247437,0.0,512346,matched_er_4to1_chunk_1,9.558670997619629,12.093292236328125,0.7904101610183716,60.0333251953125,60.0333251953125,4.964183807373047,0.08269046843968678
sign_test_er0.9__norm_original_radius,original_radius,5,1.0,0.6,1.0,0.1,3.606086492538452,8.278003275533138,3.240558624267578,5.853638172149658,-0.002701696241274476,-0.032741397619247437,0.0,512346,matched_er_4to1_chunk_1,9.558670997619629,12.093292236328125,0.7904101610183716,60.0333251953125,60.0333251953125,4.964183807373047,0.08269046843968678
sign_test_er0.9__norm_original_radius,original_radius,5,1.0,0.6,1.5,0.1,3.5364136695861816,8.523854487217891,3.6128783226013184,7.277082920074463,-0.002701696241274476,-0.032741397619247437,0.0,512346,matched_er_4to1_chunk_1,9.558670997619629,12.093292236328125,0.7904101610183716,60.0333251953125,60.0333251953125,4.964183807373047,0.08269046843968678
sign_test_er0.9__norm_original_radius,original_radius,5,1.0,0.8,0.1,0.1,6.197906017303467,9.337455529485283,2.2048778533935547,2.359815835952759,-0.002701696241274476,-0.032741397619247437,0.0,512346,matched_er_4to1_chunk_1,9.558670997619629,12.093292236328125,0.7904101610183716,60.0333251953125,60.0333251953125,4.964183807373047,0.08269046843968678
sign_test_er0.9__norm_original_radius,original_radius,5,1.0,0.8,0.5,0.1,5.7653398513793945,12.915824721721718,2.968502998352051,4.428849697113037,-0.002701696241274476,-0.032741397619247437,0.0,512346,matched_er_4to1_chunk_1,9.558670997619629,12.093292236328125,0.7904101610183716,60.0333251953125,60.0333251953125,4.964183807373047,0.08269046843968678
sign_test_er0.9__norm_original_radius,original_radius,5,1.0,0.8,1.0,0.1,3.1170055866241455,7.0447844311500045,3.753004789352417,7.0327630043029785,-0.002701696241274476,-0.032741397619247437,0.0,512346,matched_er_4to1_chunk_1,9.558670997619629,12.093292236328125,0.7904101610183716,60.0333251953125,60.0333251953125,4.964183807373047,0.08269046843968678
sign_test_er0.9__norm_original_radius,original_radius,5,1.0,0.8,1.5,0.1,4.016147136688232,8.880565985321468,4.206543922424316,8.844185829162598,-0.002701696241274476,-0.032741397619247437,0.0,512346,matched_er_4to1_chunk_1,9.558670997619629,12.093292236328125,0.7904101610183716,60.0333251953125,60.0333251953125,4.964183807373047,0.08269046843968678
sign_test_er0.9__norm_original_radius,original_radius,5,1.0,1.0,0.1,0.1,6.985109329223633,11.2685720926788,2.633277654647827,2.82285213470459,-0.002701696241274476,-0.032741397619247437,0.0,512346,matched_er_4to1_chunk_1,9.558670997619629,12.093292236328125,0.7904101610183716,60.0333251953125,60.0333251953125,4.964183807373047,0.08269046843968678
sign_test_er0.9__norm_original_radius,original_radius,5,1.0,1.0,0.5,0.1,5.334878921508789,13.125333882975738,3.6700456142425537,5.641300678253174,-0.002701696241274476,-0.032741397619247437,0.0,512346,matched_er_4to1_chunk_1,9.558670997619629,12.093292236328125,0.7904101610183716,60.0333251953125,60.0333251953125,4.964183807373047,0.08269046843968678
sign_test_er0.9__norm_original_radius,original_radius,5,1.0,1.0,1.0,0.1,4.939396381378174,10.057618426684119,4.703928470611572,9.216206550598145,-0.002701696241274476,-0.032741397619247437,0.0,512346,matched_er_4to1_chunk_1,9.558670997619629,12.093292236328125,0.7904101610183716,60.0333251953125,60.0333251953125,4.964183807373047,0.08269046843968678
sign_test_er0.9__norm_original_radius,original_radius,5,1.0,1.0,1.5,0.1,4.306872367858887,8.10550961751926,5.259091377258301,11.639341354370117,-0.002701696241274476,-0.032741397619247437,0.0,512346,matched_er_4to1_chunk_1,9.558670997619629,12.093292236328125,0.7904101610183716,60.0333251953125,60.0333251953125,4.964183807373047,0.08269046843968678
sign_test_er1.0__norm_original_radius,original_radius,5,1.0,0.6,0.1,0.1,5.50968599319458,7.841245470221111,2.013536214828491,2.1474945545196533,-0.003378526074811816,-0.03829079121351242,0.0,512346,matched_er_4to1_chunk_1,12.09328556060791,12.093292236328125,1.0000009536743164,60.0333251953125,60.0333251953125,4.964183807373047,0.08269046843968678
sign_test_er1.0__norm_original_radius,original_radius,5,1.0,0.6,0.5,0.1,5.561032772064209,12.643262621864391,2.644083023071289,3.8669040203094482,-0.003378526074811816,-0.03829079121351242,0.0,512346,matched_er_4to1_chunk_1,12.09328556060791,12.093292236328125,1.0000009536743164,60.0333251953125,60.0333251953125,4.964183807373047,0.08269046843968678
sign_test_er1.0__norm_original_radius,original_radius,5,1.0,0.6,1.0,0.1,4.029237747192383,9.629729241742044,3.297048807144165,6.0007429122924805,-0.003378526074811816,-0.03829079121351242,0.0,512346,matched_er_4to1_chunk_1,12.09328556060791,12.093292236328125,1.0000009536743164,60.0333251953125,60.0333251953125,4.964183807373047,0.08269046843968678
sign_test_er1.0__norm_original_radius,original_radius,5,1.0,0.6,1.5,0.1,2.2561452388763428,5.812079543459223,3.6807076930999756,7.476613998413086,-0.003378526074811816,-0.03829079121351242,0.0,512346,matched_er_4to1_chunk_1,12.09328556060791,12.093292236328125,1.0000009536743164,60.0333251953125,60.0333251953125,4.964183807373047,0.08269046843968678
sign_test_er1.0__norm_original_radius,original_radius,5,1.0,0.8,0.1,0.1,6.252282619476318,9.30771116618088,2.249302387237549,2.406580924987793,-0.003378526074811816,-0.03829079121351242,0.0,512346,matched_er_4to1_chunk_1,12.09328556060791,12.093292236328125,1.0000009536743164,60.0333251953125,60.0333251953125,4.964183807373047,0.08269046843968678
sign_test_er1.0__norm_original_radius,original_radius,5,1.0,0.8,0.5,0.1,5.493502616882324,12.799665456913857,3.0451500415802,4.5736212730407715,-0.003378526074811816,-0.03829079121351242,0.0,512346,matched_er_4to1_chunk_1,12.09328556060791,12.093292236328125,1.0000009536743164,60.0333251953125,60.0333251953125,4.964183807373047,0.08269046843968678
sign_test_er1.0__norm_original_radius,original_radius,5,1.0,0.8,1.0,0.1,4.86482048034668,10.007360932989798,3.868450403213501,7.322854518890381,-0.003378526074811816,-0.03829079121351242,0.0,512346,matched_er_4to1_chunk_1,12.09328556060791,12.093292236328125,1.0000009536743164,60.0333251953125,60.0333251953125,4.964183807373047,0.08269046843968678
sign_test_er1.0__norm_original_radius,original_radius,5,1.0,0.8,1.5,0.1,3.512348175048828,7.370217751309955,4.33473539352417,9.216650009155273,-0.003378526074811816,-0.03829079121351242,0.0,512346,matched_er_4to1_chunk_1,12.09328556060791,12.093292236328125,1.0000009536743164,60.0333251953125,60.0333251953125,4.964183807373047,0.08269046843968678
sign_test_er1.0__norm_original_radius,original_radius,5,1.0,1.0,0.1,0.1,6.554324626922607,10.76586450709689,3.247835636138916,3.5243024826049805,-0.003378526074811816,-0.03829079121351242,0.0,512346,matched_er_4to1_chunk_1,12.09328556060791,12.093292236328125,1.0000009536743164,60.0333251953125,60.0333251953125,4.964183807373047,0.08269046843968678
sign_test_er1.0__norm_original_radius,original_radius,5,1.0,1.0,0.5,0.1,5.503540992736816,13.53787364658556,4.161862850189209,6.463280200958252,-0.003378526074811816,-0.03829079121351242,0.0,512346,matched_er_4to1_chunk_1,12.09328556060791,12.093292236328125,1.0000009536743164,60.0333251953125,60.0333251953125,4.964183807373047,0.08269046843968678
sign_test_er1.0__norm_original_radius,original_radius,5,1.0,1.0,1.0,0.1,4.296802043914795,10.611448060097956,5.142812252044678,10.210197448730469,-0.003378526074811816,-0.03829079121351242,0.0,512346,matched_er_4to1_chunk_1,12.09328556060791,12.093292236328125,1.0000009536743164,60.0333251953125,60.0333251953125,4.964183807373047,0.08269046843968678
sign_test_er1.0__norm_original_radius,original_radius,5,1.0,1.0,1.5,0.1,2.929704427719116,6.448489661372832,5.641774654388428,12.677427291870117,-0.003378526074811816,-0.03829079121351242,0.0,512346,matched_er_4to1_chunk_1,12.09328556060791,12.093292236328125,1.0000009536743164,60.0333251953125,60.0333251953125,4.964183807373047,0.08269046843968678
