EI_bal,frac_replace,seed_id,rho_target,leak,input_scale,MC,IPC,KR,GR
0,1,0,0.8,0.2,0.5,3.5943222045898438,4.920536994934082,1.6054167747497559,2.070542812347412
0,1,0,0.8,0.2,1.0,2.3579623699188232,3.582672894001007,1.9605895280838013,2.855942964553833
0,1,0,0.8,0.2,2.0,1.778214931488037,3.2719096541404724,2.0243797302246094,3.4270825386047363
0,1,0,0.8,0.5,0.5,2.6310935020446777,3.7717484831809998,1.87470543384552,2.39530873298645
0,1,0,0.8,0.5,1.0,1.8681156635284424,3.1300408244132996,2.3944435119628906,3.7599360942840576
0,1,0,0.8,0.5,2.0,1.686047911643982,2.3108876943588257,2.361825466156006,4.218917369842529
0,1,0,0.8,0.8,0.5,4.171830654144287,4.719991981983185,1.9479749202728271,2.555992364883423
0,1,0,0.8,0.8,1.0,3.390231132507324,4.30872118473053,2.3828697204589844,3.7853963375091553
0,1,0,0.8,0.8,2.0,2.2513654232025146,2.233774244785309,2.5502288341522217,4.882132053375244
0,1,0,1.0,0.2,0.5,3.206110954284668,4.622038900852203,1.8200161457061768,2.287867546081543
0,1,0,1.0,0.2,1.0,2.615778923034668,4.116213381290436,2.1082661151885986,3.117300271987915
0,1,0,1.0,0.2,2.0,2.1425118446350098,3.231699049472809,2.3288891315460205,3.933138370513916
0,1,0,1.0,0.5,0.5,3.407440662384033,5.316141426563263,2.1158785820007324,2.6647450923919678
0,1,0,1.0,0.5,1.0,1.4566969871520996,2.159006953239441,2.154675006866455,3.5031354427337646
0,1,0,1.0,0.5,2.0,0.6077520251274109,0.9318712949752808,2.509758234024048,4.825464248657227
0,1,0,1.0,0.8,0.5,4.362156867980957,5.8569446206092834,2.438650608062744,3.334134101867676
0,1,0,1.0,0.8,1.0,2.1832098960876465,4.111796140670776,2.935194969177246,4.845896244049072
0,1,0,1.0,0.8,2.0,2.3469529151916504,4.172620117664337,2.7203893661499023,5.400665283203125
0,1,0,1.2,0.2,0.5,0.6368826031684875,1.6208691000938416,3.1614859104156494,4.421989917755127
0,1,0,1.2,0.2,1.0,1.6676870584487915,2.6351361870765686,2.7570440769195557,4.292389869689941
0,1,0,1.2,0.2,2.0,1.4565801620483398,2.179170608520508,2.5533289909362793,4.604377269744873
0,1,0,1.2,0.5,0.5,1.255640983581543,2.870616316795349,3.7937967777252197,5.716156959533691
0,1,0,1.2,0.5,1.0,1.5460448265075684,3.7662813663482666,3.4921109676361084,5.830466270446777
0,1,0,1.2,0.5,2.0,1.276859164237976,2.0912649631500244,4.007629871368408,7.913784980773926
0,1,0,1.2,0.8,0.5,0.5649622678756714,0.604042649269104,4.166451454162598,6.366641044616699
0,1,0,1.2,0.8,1.0,3.604208469390869,5.634210765361786,3.8244001865386963,7.256525993347168
0,1,0,1.2,0.8,2.0,2.1561484336853027,3.0783125162124634,3.554128408432007,7.79921293258667
0,1,1,0.8,0.2,0.5,3.522587776184082,5.092694640159607,1.9892010688781738,2.433885097503662
0,1,1,0.8,0.2,1.0,2.5784270763397217,3.7539475560188293,1.9671236276626587,2.9093313217163086
0,1,1,0.8,0.2,2.0,2.279505729675293,3.408191740512848,2.0495924949645996,3.424781560897827
0,1,1,0.8,0.5,0.5,3.655158042907715,5.206938147544861,1.8685917854309082,2.407935857772827
0,1,1,0.8,0.5,1.0,2.4463889598846436,2.9074726700782776,2.1395246982574463,3.3049113750457764
0,1,1,0.8,0.5,2.0,1.842727780342102,2.561384856700897,2.1981706619262695,3.992631435394287
0,1,1,0.8,0.8,0.5,3.0871963500976562,3.9787052273750305,2.1837339401245117,2.909636974334717
0,1,1,0.8,0.8,1.0,1.8563778400421143,3.2106335759162903,2.4098308086395264,3.967303991317749
0,1,1,0.8,0.8,2.0,2.0239524841308594,2.425859212875366,2.5109353065490723,4.878903865814209
0,1,1,1.0,0.2,0.5,4.414506435394287,5.553320586681366,2.0513789653778076,2.5197811126708984
0,1,1,1.0,0.2,1.0,2.0785531997680664,3.370852768421173,2.2729084491729736,3.4085488319396973
0,1,1,1.0,0.2,2.0,1.6426504850387573,2.6907660961151123,2.137561321258545,3.6138110160827637
0,1,1,1.0,0.5,0.5,3.450038194656372,4.50054657459259,2.112412214279175,2.753572463989258
0,1,1,1.0,0.5,1.0,1.597101092338562,2.0489155054092407,2.591262102127075,4.098823547363281
0,1,1,1.0,0.5,2.0,0.758074939250946,1.8331719040870667,2.6287484169006348,4.863376617431641
0,1,1,1.0,0.8,0.5,3.3598976135253906,3.798644781112671,3.0093257427215576,4.007012844085693
0,1,1,1.0,0.8,1.0,2.0998008251190186,3.9914958477020264,2.720789909362793,4.487339019775391
0,1,1,1.0,0.8,2.0,2.2436892986297607,3.7387288212776184,2.6903140544891357,5.354719638824463
0,1,1,1.2,0.2,0.5,0.7513120174407959,2.1628194451332092,3.2876338958740234,4.325578212738037
0,1,1,1.2,0.2,1.0,1.9729059934616089,3.4993577003479004,3.2513537406921387,4.793359756469727
0,1,1,1.2,0.2,2.0,1.4964146614074707,2.3864912390708923,2.7038915157318115,4.921811103820801
0,1,1,1.2,0.5,0.5,1.5210977792739868,2.730266749858856,3.717310905456543,5.543921947479248
0,1,1,1.2,0.5,1.0,0.15418744087219238,0.42994219064712524,2.907782793045044,4.950024127960205
0,1,1,1.2,0.5,2.0,0.47110646963119507,0.6774119138717651,2.595339775085449,4.9554338455200195
0,1,1,1.2,0.8,0.5,0.36821311712265015,1.997926950454712,3.871857166290283,5.850589275360107
0,1,1,1.2,0.8,1.0,2.7091562747955322,4.2347992062568665,3.6693832874298096,6.798821449279785
0,1,1,1.2,0.8,2.0,1.7512717247009277,2.745701491832733,3.1724376678466797,6.350985527038574
0,1,2,0.8,0.2,0.5,2.358344554901123,4.120534241199493,1.6153203248977661,2.0449600219726562
0,1,2,0.8,0.2,1.0,2.6162281036376953,3.883373737335205,1.8800151348114014,2.849430561065674
0,1,2,0.8,0.2,2.0,1.065171241760254,2.563361883163452,2.040473699569702,3.553507089614868
0,1,2,0.8,0.5,0.5,1.9894485473632812,3.057097554206848,1.9735783338546753,2.5977232456207275
0,1,2,0.8,0.5,1.0,2.0365638732910156,2.946842610836029,2.1696224212646484,3.342305898666382
0,1,2,0.8,0.5,2.0,2.1309638023376465,2.8889991641044617,2.36859393119812,4.230862617492676
0,1,2,0.8,0.8,0.5,3.677335023880005,5.50104558467865,2.090803384780884,2.725243091583252
0,1,2,0.8,0.8,1.0,1.5622775554656982,2.5905380249023438,2.477201223373413,3.970231533050537
0,1,2,0.8,0.8,2.0,1.5873124599456787,1.579080879688263,2.728238821029663,5.308473110198975
0,1,2,1.0,0.2,0.5,2.0719330310821533,3.9247828125953674,2.0964510440826416,2.819471836090088
0,1,2,1.0,0.2,1.0,2.413830280303955,4.1274453997612,2.3193819522857666,3.3413593769073486
0,1,2,1.0,0.2,2.0,2.121180295944214,3.6627883911132812,2.2051095962524414,3.886075973510742
0,1,2,1.0,0.5,0.5,2.9571547508239746,4.468908727169037,2.7356913089752197,3.6129238605499268
0,1,2,1.0,0.5,1.0,2.438204765319824,3.388640820980072,2.1631839275360107,3.411592721939087
0,1,2,1.0,0.5,2.0,2.4082746505737305,3.4420395493507385,2.490344524383545,4.758790969848633
0,1,2,1.0,0.8,0.5,1.873049020767212,2.5280075073242188,2.9350125789642334,4.0132927894592285
0,1,2,1.0,0.8,1.0,3.201699733734131,4.9962974190711975,2.6842312812805176,4.610661029815674
0,1,2,1.0,0.8,2.0,2.195402145385742,3.705049753189087,2.936002016067505,5.946764945983887
0,1,2,1.2,0.2,0.5,0.9854409098625183,2.2556992769241333,3.1781105995178223,4.54066276550293
0,1,2,1.2,0.2,1.0,0.8709962368011475,2.3499943017959595,2.832573175430298,4.491424083709717
0,1,2,1.2,0.2,2.0,1.5724329948425293,3.1597341895103455,2.640913248062134,4.6858062744140625
0,1,2,1.2,0.5,0.5,0.8172739744186401,1.7147062420845032,3.5306801795959473,5.182953834533691
0,1,2,1.2,0.5,1.0,1.4805259704589844,2.0582104921340942,2.603039026260376,4.595627307891846
0,1,2,1.2,0.5,2.0,1.4578700065612793,2.370794951915741,2.8996760845184326,5.626096725463867
0,1,2,1.2,0.8,0.5,0.9463914632797241,2.2729636430740356,3.949573516845703,6.056884288787842
0,1,2,1.2,0.8,1.0,2.3332762718200684,4.033020794391632,3.382218599319458,6.188340663909912
0,1,2,1.2,0.8,2.0,1.1570358276367188,2.129525601863861,3.4015464782714844,7.332155227661133
0,1,3,0.8,0.2,0.5,3.2510197162628174,5.201335370540619,1.670969009399414,2.134181261062622
0,1,3,0.8,0.2,1.0,2.946674346923828,4.13805478811264,1.9100319147109985,2.759565830230713
0,1,3,0.8,0.2,2.0,1.994559407234192,3.80299711227417,1.969467043876648,3.3032259941101074
0,1,3,0.8,0.5,0.5,4.182267189025879,5.7781373262405396,1.9134504795074463,2.4377963542938232
0,1,3,0.8,0.5,1.0,1.967576026916504,2.5801532864570618,2.015066385269165,3.1190545558929443
0,1,3,0.8,0.5,2.0,1.9759776592254639,2.652109920978546,2.4785194396972656,4.4682440757751465
0,1,3,0.8,0.8,0.5,2.8170666694641113,4.414575815200806,2.133145570755005,2.8013906478881836
0,1,3,0.8,0.8,1.0,2.6462182998657227,4.247614860534668,2.3333325386047363,3.843519449234009
0,1,3,0.8,0.8,2.0,2.111342191696167,3.7560730576515198,2.4944708347320557,4.755265235900879
0,1,3,1.0,0.2,0.5,4.052473068237305,5.7324060797691345,1.9720934629440308,2.564286947250366
0,1,3,1.0,0.2,1.0,3.249180316925049,4.901965022087097,1.9115670919418335,2.892594575881958
0,1,3,1.0,0.2,2.0,2.224761486053467,2.8474313020706177,2.422642469406128,4.0898542404174805
0,1,3,1.0,0.5,0.5,2.3858389854431152,3.507049262523651,2.324713706970215,3.0419740676879883
0,1,3,1.0,0.5,1.0,1.81748628616333,2.881825089454651,2.657456398010254,4.156974792480469
0,1,3,1.0,0.5,2.0,1.5693354606628418,1.9758799076080322,2.6242475509643555,5.067160606384277
0,1,3,1.0,0.8,0.5,3.872286319732666,4.947476148605347,3.1337196826934814,4.129931449890137
0,1,3,1.0,0.8,1.0,2.7186777591705322,3.1096511483192444,2.458055019378662,4.120650768280029
0,1,3,1.0,0.8,2.0,0.9636512994766235,2.1349942088127136,2.8208260536193848,5.480655193328857
0,1,3,1.2,0.2,0.5,1.251577377319336,2.1445703506469727,3.238457202911377,4.451445579528809
0,1,3,1.2,0.2,1.0,1.94918954372406,2.7464396357536316,2.91337251663208,4.391108989715576
0,1,3,1.2,0.2,2.0,1.4935287237167358,1.9089105129241943,2.619220495223999,4.761981010437012
0,1,3,1.2,0.5,0.5,2.083630323410034,2.9679734110832214,3.4025931358337402,4.935013294219971
0,1,3,1.2,0.5,1.0,1.239397644996643,1.7575226426124573,3.561718225479126,6.029751777648926
0,1,3,1.2,0.5,2.0,1.3764530420303345,1.8429895639419556,2.6794772148132324,5.179449558258057
0,1,3,1.2,0.8,0.5,2.139495372772217,3.820915460586548,4.182979106903076,6.491887092590332
0,1,3,1.2,0.8,1.0,2.1366124153137207,2.844821810722351,3.277613878250122,6.187455177307129
0,1,3,1.2,0.8,2.0,1.8593590259552002,2.6614379286766052,3.691263198852539,7.631251811981201
0,1,4,0.8,0.2,0.5,5.1256632804870605,6.621179819107056,1.7926361560821533,2.264655351638794
0,1,4,0.8,0.2,1.0,3.1511263847351074,4.3747939467430115,2.1042017936706543,3.089911699295044
0,1,4,0.8,0.2,2.0,1.4914348125457764,2.278355658054352,1.9969736337661743,3.1883926391601562
0,1,4,0.8,0.5,0.5,2.5079150199890137,4.423444390296936,1.7172030210494995,2.258498191833496
0,1,4,0.8,0.5,1.0,2.9256410598754883,4.119866669178009,2.1955907344818115,3.291466474533081
0,1,4,0.8,0.5,2.0,1.4120151996612549,1.9806472659111023,2.3072667121887207,4.1807122230529785
0,1,4,0.8,0.8,0.5,2.642272472381592,3.786845624446869,2.1403326988220215,2.814822196960449
0,1,4,0.8,0.8,1.0,2.9403610229492188,4.711147725582123,2.3458476066589355,3.753556251525879
0,1,4,0.8,0.8,2.0,2.2994089126586914,3.4096564054489136,2.4540066719055176,4.56151008605957
0,1,4,1.0,0.2,0.5,3.124406576156616,4.284206449985504,2.1278324127197266,2.7550690174102783
0,1,4,1.0,0.2,1.0,1.9913911819458008,3.086053192615509,2.7735109329223633,4.020697116851807
0,1,4,1.0,0.2,2.0,1.201298475265503,1.8345978260040283,2.3782341480255127,4.102292537689209
0,1,4,1.0,0.5,0.5,2.877884864807129,4.135528743267059,1.9819632768630981,2.697129726409912
0,1,4,1.0,0.5,1.0,1.1739422082901,2.1531125903129578,2.3401429653167725,3.835829734802246
0,1,4,1.0,0.5,2.0,1.6640222072601318,2.4176069498062134,2.839911937713623,5.481006145477295
0,1,4,1.0,0.8,0.5,4.347846031188965,5.99174690246582,2.5337603092193604,3.49700665473938
0,1,4,1.0,0.8,1.0,2.5496273040771484,4.322792649269104,2.593722105026245,4.158214569091797
0,1,4,1.0,0.8,2.0,2.2267088890075684,3.0017815232276917,3.103883981704712,6.304942607879639
0,1,4,1.2,0.2,0.5,1.0293989181518555,1.9077174067497253,3.367926597595215,4.714554309844971
0,1,4,1.2,0.2,1.0,2.0644445419311523,3.256989002227783,2.8162057399749756,4.716503143310547
0,1,4,1.2,0.2,2.0,2.3197450637817383,3.394721508026123,2.5438365936279297,4.6093058586120605
0,1,4,1.2,0.5,0.5,0.6182223558425903,1.3409216403961182,3.5903091430664062,5.224398612976074
0,1,4,1.2,0.5,1.0,1.447946310043335,1.8312941193580627,3.498473882675171,5.8532280921936035
0,1,4,1.2,0.5,2.0,0.7799248695373535,1.084850013256073,2.924516439437866,5.8014960289001465
0,1,4,1.2,0.8,0.5,0.752248227596283,1.5579752326011658,3.8451457023620605,5.8979315757751465
0,1,4,1.2,0.8,1.0,1.8591406345367432,2.404193103313446,4.315816402435303,7.73039436340332
0,1,4,1.2,0.8,2.0,1.9161567687988281,2.770268440246582,4.277045249938965,9.480777740478516
1,1,0,0.8,0.2,0.5,3.124715566635132,4.612205684185028,1.7231405973434448,2.1325037479400635
1,1,0,0.8,0.2,1.0,2.5677828788757324,3.477730631828308,1.950456976890564,2.8785619735717773
1,1,0,0.8,0.2,2.0,1.515270709991455,2.2174673676490784,2.2001590728759766,3.6975109577178955
1,1,0,0.8,0.5,0.5,3.8634281158447266,5.08777916431427,1.8947652578353882,2.3969380855560303
1,1,0,0.8,0.5,1.0,2.8514516353607178,4.11003053188324,2.120467185974121,3.278313398361206
1,1,0,0.8,0.5,2.0,1.2321369647979736,2.0633105635643005,2.3496344089508057,4.248465061187744
1,1,0,0.8,0.8,0.5,2.9266040325164795,3.6177908778190613,2.0589325428009033,2.7715511322021484
1,1,0,0.8,0.8,1.0,2.722641944885254,4.004175901412964,2.20251202583313,3.5520031452178955
1,1,0,0.8,0.8,2.0,1.9369361400604248,3.0758333802223206,2.587348461151123,4.951623439788818
1,1,0,1.0,0.2,0.5,4.505585670471191,5.954770565032959,1.8485161066055298,2.31904935836792
1,1,0,1.0,0.2,1.0,2.4058938026428223,3.7936918139457703,2.2013771533966064,3.3030834197998047
1,1,0,1.0,0.2,2.0,1.2290349006652832,1.913663625717163,2.309612989425659,4.100447177886963
1,1,0,1.0,0.5,0.5,2.9024078845977783,3.9738256335258484,2.638868808746338,3.355863332748413
1,1,0,1.0,0.5,1.0,2.2342681884765625,3.6677058339118958,2.691082715988159,4.264077186584473
1,1,0,1.0,0.5,2.0,0.8267223238945007,1.1382664442062378,2.390622854232788,4.529538631439209
1,1,0,1.0,0.8,0.5,3.2359652519226074,4.799019992351532,2.262418746948242,3.099660873413086
1,1,0,1.0,0.8,1.0,2.978487968444824,3.9333595037460327,3.006631374359131,5.108008861541748
1,1,0,1.0,0.8,2.0,1.7206910848617554,2.2678152918815613,3.5643069744110107,7.659037113189697
1,1,0,1.2,0.2,0.5,0.5474454760551453,1.997685968875885,3.224551200866699,4.564477443695068
1,1,0,1.2,0.2,1.0,3.5068180561065674,4.866931796073914,2.204277515411377,3.230841636657715
1,1,0,1.2,0.2,2.0,1.3802165985107422,2.0529863238334656,2.561128854751587,4.539837837219238
1,1,0,1.2,0.5,0.5,1.5684996843338013,1.6493637561798096,3.668829917907715,5.679698944091797
1,1,0,1.2,0.5,1.0,0.8591153621673584,1.1947587132453918,2.812159299850464,4.982008934020996
1,1,0,1.2,0.5,2.0,1.3574471473693848,2.0663769245147705,2.821855306625366,5.331928730010986
1,1,0,1.2,0.8,0.5,1.2011884450912476,3.04198294878006,4.236283779144287,6.660851955413818
1,1,0,1.2,0.8,1.0,2.586155414581299,4.056842923164368,3.589069366455078,6.447108745574951
1,1,0,1.2,0.8,2.0,1.0223759412765503,1.7997047901153564,3.635488271713257,7.981899261474609
1,1,1,0.8,0.2,0.5,4.5899271965026855,6.389512777328491,1.6978943347930908,2.174339532852173
1,1,1,0.8,0.2,1.0,1.4971363544464111,3.2643088698387146,1.9936153888702393,3.1098134517669678
1,1,1,0.8,0.2,2.0,1.9638140201568604,3.4284995198249817,1.9954906702041626,3.3958394527435303
1,1,1,0.8,0.5,0.5,3.9259417057037354,5.55873167514801,1.912758708000183,2.468824863433838
1,1,1,0.8,0.5,1.0,1.1845152378082275,1.2858005166053772,2.2703359127044678,3.4217448234558105
1,1,1,0.8,0.5,2.0,2.286104202270508,3.112420082092285,2.1556341648101807,3.8430957794189453
1,1,1,0.8,0.8,0.5,3.672482967376709,5.655681312084198,1.9634522199630737,2.570234537124634
1,1,1,0.8,0.8,1.0,3.1543538570404053,4.967433333396912,2.258023500442505,3.6758949756622314
1,1,1,0.8,0.8,2.0,1.0125274658203125,1.45501309633255,2.4169299602508545,4.503332138061523
1,1,1,1.0,0.2,0.5,2.985168933868408,4.421088516712189,1.7780492305755615,2.2459664344787598
1,1,1,1.0,0.2,1.0,1.995544672012329,3.090214788913727,2.09549617767334,3.156812906265259
1,1,1,1.0,0.2,2.0,1.5613505840301514,2.9891883730888367,2.382955551147461,4.202642440795898
1,1,1,1.0,0.5,0.5,3.352346420288086,4.044382750988007,2.1978001594543457,2.8866941928863525
1,1,1,1.0,0.5,1.0,1.7097798585891724,2.1225134134292603,2.8681082725524902,4.50229549407959
1,1,1,1.0,0.5,2.0,1.5906474590301514,1.6543313264846802,2.4967973232269287,4.695189952850342
1,1,1,1.0,0.8,0.5,2.7077250480651855,3.8404340147972107,2.466008424758911,3.4191665649414062
1,1,1,1.0,0.8,1.0,1.8622848987579346,2.641865074634552,2.7886760234832764,4.562302589416504
1,1,1,1.0,0.8,2.0,1.9095239639282227,2.7021595239639282,3.200798988342285,6.607276916503906
1,1,1,1.2,0.2,0.5,1.3029427528381348,2.4352235794067383,3.1403205394744873,4.587204933166504
1,1,1,1.2,0.2,1.0,2.361704111099243,3.9804391860961914,2.334069013595581,3.736595630645752
1,1,1,1.2,0.2,2.0,0.8831319808959961,2.4072017669677734,2.397087574005127,4.618902683258057
1,1,1,1.2,0.5,0.5,1.2361490726470947,2.1098859906196594,3.4798355102539062,5.058953285217285
1,1,1,1.2,0.5,1.0,1.2210513353347778,2.348534643650055,3.3754148483276367,5.509735107421875
1,1,1,1.2,0.5,2.0,1.042846441268921,1.143434762954712,2.792664051055908,5.479348659515381
1,1,1,1.2,0.8,0.5,1.65848708152771,1.6419494152069092,4.029809474945068,6.0786051750183105
1,1,1,1.2,0.8,1.0,2.6880245208740234,3.6374418139457703,3.860333204269409,7.300831317901611
1,1,1,1.2,0.8,2.0,1.7635259628295898,2.7086371779441833,3.3123703002929688,7.0338592529296875
1,1,2,0.8,0.2,0.5,3.870278835296631,4.983219802379608,1.6655621528625488,2.0828685760498047
1,1,2,0.8,0.2,1.0,2.779752254486084,4.257258057594299,1.83180832862854,2.620053291320801
1,1,2,0.8,0.2,2.0,1.45564603805542,2.514913320541382,1.941338300704956,3.2357943058013916
1,1,2,0.8,0.5,0.5,3.315131664276123,4.220098912715912,1.9806632995605469,2.525273561477661
1,1,2,0.8,0.5,1.0,1.122905969619751,1.9869611859321594,1.900850772857666,2.9037411212921143
1,1,2,0.8,0.5,2.0,2.1753199100494385,2.5855109095573425,2.249100923538208,4.087895393371582
1,1,2,0.8,0.8,0.5,2.7593395709991455,4.221976459026337,1.8868234157562256,2.4028091430664062
1,1,2,0.8,0.8,1.0,2.525153636932373,4.662241280078888,2.1180953979492188,3.388124704360962
1,1,2,0.8,0.8,2.0,1.462770700454712,2.469534754753113,2.4354727268218994,4.6514973640441895
1,1,2,1.0,0.2,0.5,3.382657527923584,4.517510831356049,1.8671706914901733,2.3199310302734375
1,1,2,1.0,0.2,1.0,2.5024805068969727,4.345199406147003,2.178191900253296,3.191073417663574
1,1,2,1.0,0.2,2.0,1.9050843715667725,2.6552135348320007,2.331252098083496,3.94551944732666
1,1,2,1.0,0.5,0.5,3.656911849975586,4.791133940219879,2.7983412742614746,3.6927478313446045
1,1,2,1.0,0.5,1.0,2.380131959915161,3.306082248687744,2.4389700889587402,3.8262035846710205
1,1,2,1.0,0.5,2.0,1.2635060548782349,1.3232288360595703,2.679086685180664,5.1457109451293945
1,1,2,1.0,0.8,0.5,4.28706693649292,5.573530972003937,2.7523722648620605,3.9280338287353516
1,1,2,1.0,0.8,1.0,2.8927605152130127,4.014450371265411,2.8247106075286865,4.645477771759033
1,1,2,1.0,0.8,2.0,1.9747920036315918,2.1633487939834595,3.0421838760375977,6.072338104248047
1,1,2,1.2,0.2,0.5,1.2699096202850342,2.126721203327179,3.201568603515625,4.418418884277344
1,1,2,1.2,0.2,1.0,1.7618101835250854,2.63598769903183,3.0858867168426514,4.901785373687744
1,1,2,1.2,0.2,2.0,1.1775968074798584,1.3536377549171448,2.4006381034851074,4.351208686828613
1,1,2,1.2,0.5,0.5,1.0624363422393799,2.4943974018096924,3.43990159034729,5.126673221588135
1,1,2,1.2,0.5,1.0,0.9324129819869995,1.234355628490448,3.0303268432617188,4.948963165283203
1,1,2,1.2,0.5,2.0,0.5947297215461731,1.3137900233268738,2.7386579513549805,5.350179672241211
1,1,2,1.2,0.8,0.5,1.970924735069275,2.6433772444725037,3.9159023761749268,5.880195140838623
1,1,2,1.2,0.8,1.0,2.1143131256103516,3.547486364841461,4.078648567199707,7.448934078216553
1,1,2,1.2,0.8,2.0,1.073213815689087,1.79730224609375,3.3471927642822266,6.963567733764648
1,1,3,0.8,0.2,0.5,3.2672929763793945,4.731804430484772,1.7954224348068237,2.201664447784424
1,1,3,0.8,0.2,1.0,2.724432945251465,3.91020667552948,1.9032087326049805,2.7595176696777344
1,1,3,0.8,0.2,2.0,1.2623798847198486,2.2978963255882263,2.273110866546631,3.9028854370117188
1,1,3,0.8,0.5,0.5,2.976748466491699,4.665416061878204,1.7097382545471191,2.231483221054077
1,1,3,0.8,0.5,1.0,3.0506227016448975,4.850985586643219,2.08121919631958,3.1516082286834717
1,1,3,0.8,0.5,2.0,2.5959062576293945,3.197633385658264,2.4361090660095215,4.403590202331543
1,1,3,0.8,0.8,0.5,2.73702335357666,3.954758584499359,1.978904366493225,2.6454737186431885
1,1,3,0.8,0.8,1.0,2.286958694458008,3.8729255199432373,2.2842915058135986,3.637441396713257
1,1,3,0.8,0.8,2.0,2.133725643157959,3.7262369990348816,2.757035255432129,5.3665452003479
1,1,3,1.0,0.2,0.5,3.950808525085449,5.634313404560089,1.8493176698684692,2.3395917415618896
1,1,3,1.0,0.2,1.0,1.985651969909668,2.956942319869995,1.9868128299713135,3.035673141479492
1,1,3,1.0,0.2,2.0,2.172380208969116,2.9002526998519897,2.5132877826690674,4.410777568817139
1,1,3,1.0,0.5,0.5,3.1429405212402344,4.62147182226181,2.3513171672821045,3.0164313316345215
1,1,3,1.0,0.5,1.0,1.5013115406036377,2.6498129963874817,2.298802137374878,3.6779143810272217
1,1,3,1.0,0.5,2.0,1.9040217399597168,2.6668346524238586,2.4350039958953857,4.4246649742126465
1,1,3,1.0,0.8,0.5,4.028392791748047,6.127824485301971,2.282893419265747,3.0675406455993652
1,1,3,1.0,0.8,1.0,2.0732738971710205,3.5586454272270203,3.2711429595947266,5.677066326141357
1,1,3,1.0,0.8,2.0,1.0042778253555298,1.8585975170135498,2.7921504974365234,5.5713324546813965
1,1,3,1.2,0.2,0.5,0.4540979862213135,1.75948828458786,3.31345272064209,4.853538513183594
1,1,3,1.2,0.2,1.0,1.9140489101409912,2.6819424629211426,2.5031158924102783,3.6747307777404785
1,1,3,1.2,0.2,2.0,0.790910005569458,1.0530217289924622,3.1504855155944824,5.481400489807129
1,1,3,1.2,0.5,0.5,2.101936101913452,3.6513124108314514,3.4250993728637695,5.164478302001953
1,1,3,1.2,0.5,1.0,2.156310796737671,3.05233234167099,3.3452141284942627,5.59039306640625
1,1,3,1.2,0.5,2.0,0.4834536910057068,0.8603177666664124,3.0931284427642822,6.254063606262207
1,1,3,1.2,0.8,0.5,1.725104808807373,3.5276224613189697,4.099236965179443,6.186047077178955
1,1,3,1.2,0.8,1.0,2.598207950592041,4.317312598228455,3.2437548637390137,5.93669319152832
1,1,3,1.2,0.8,2.0,0.9971767067909241,2.4136692881584167,3.4400126934051514,7.5388875007629395
1,1,4,0.8,0.2,0.5,4.429259300231934,6.270836770534515,1.7180044651031494,2.165726661682129
1,1,4,0.8,0.2,1.0,2.2976157665252686,3.279297709465027,1.877224087715149,2.726270914077759
1,1,4,0.8,0.2,2.0,2.5564799308776855,3.269857108592987,2.153489828109741,3.6294338703155518
1,1,4,0.8,0.5,0.5,3.6413445472717285,5.387096107006073,1.6924790143966675,2.2084290981292725
1,1,4,0.8,0.5,1.0,2.735574245452881,3.570135176181793,1.8752448558807373,2.8312013149261475
1,1,4,0.8,0.5,2.0,1.6318832635879517,2.2236769795417786,2.385279655456543,4.424886226654053
1,1,4,0.8,0.8,0.5,4.454487323760986,6.162897288799286,1.929570198059082,2.528327465057373
1,1,4,0.8,0.8,1.0,2.447604179382324,3.4411673545837402,2.4618053436279297,3.9806249141693115
1,1,4,0.8,0.8,2.0,2.0187041759490967,3.481684625148773,2.6687724590301514,5.226815223693848
1,1,4,1.0,0.2,0.5,4.812906742095947,5.883379638195038,2.0454628467559814,2.554579257965088
1,1,4,1.0,0.2,1.0,3.02512264251709,4.272117972373962,2.1841866970062256,3.228498935699463
1,1,4,1.0,0.2,2.0,2.5046310424804688,3.034002959728241,2.116593837738037,3.6476473808288574
1,1,4,1.0,0.5,0.5,2.445784091949463,3.136138617992401,2.417070150375366,3.2053325176239014
1,1,4,1.0,0.5,1.0,1.2196617126464844,2.232957363128662,2.2679154872894287,3.486737012863159
1,1,4,1.0,0.5,2.0,1.0168596506118774,1.288538634777069,2.5592446327209473,4.920502662658691
1,1,4,1.0,0.8,0.5,1.9656519889831543,2.9288535714149475,2.788334369659424,3.86144757270813
1,1,4,1.0,0.8,1.0,2.703928232192993,4.650835990905762,2.7420496940612793,4.436872959136963
1,1,4,1.0,0.8,2.0,1.9396929740905762,3.343060851097107,2.8415777683258057,5.87379789352417
1,1,4,1.2,0.2,0.5,0.6803882718086243,1.4718106985092163,3.164994478225708,4.556972503662109
1,1,4,1.2,0.2,1.0,0.33992862701416016,1.0049543380737305,2.2681503295898438,3.7752785682678223
1,1,4,1.2,0.2,2.0,1.5131545066833496,2.345061779022217,3.071824312210083,5.179519176483154
1,1,4,1.2,0.5,0.5,1.6902371644973755,2.225808024406433,3.558187484741211,5.1107072830200195
1,1,4,1.2,0.5,1.0,0.2253199815750122,0.3374364376068115,4.0267744064331055,6.694525718688965
1,1,4,1.2,0.5,2.0,1.1450786590576172,1.2122963666915894,3.1175665855407715,6.162324905395508
1,1,4,1.2,0.8,0.5,0.9926607012748718,2.5971620082855225,4.201210021972656,6.458024024963379
1,1,4,1.2,0.8,1.0,3.1915643215179443,4.1973806619644165,4.181901931762695,7.676074981689453
1,1,4,1.2,0.8,2.0,2.256547689437866,3.2879335284233093,3.418529510498047,7.2087554931640625
2,1,0,0.8,0.2,0.5,3.143928050994873,4.091660380363464,1.6702858209609985,2.1279447078704834
2,1,0,0.8,0.2,1.0,2.099053382873535,3.4455668926239014,1.974269986152649,2.9084458351135254
2,1,0,0.8,0.2,2.0,1.595130205154419,2.5120416283607483,2.0683906078338623,3.4331393241882324
2,1,0,0.8,0.5,0.5,3.290530204772949,5.035036623477936,1.8766433000564575,2.420269012451172
2,1,0,0.8,0.5,1.0,3.2115654945373535,4.220557153224945,1.992004632949829,3.1310856342315674
2,1,0,0.8,0.5,2.0,1.8796770572662354,2.867299199104309,2.261509656906128,4.098113536834717
2,1,0,0.8,0.8,0.5,3.5828185081481934,5.210587322711945,2.012343168258667,2.6445863246917725
2,1,0,0.8,0.8,1.0,2.922651529312134,4.4486836194992065,2.36535906791687,3.759671449661255
2,1,0,0.8,0.8,2.0,1.64629328250885,1.6643235683441162,2.90354585647583,5.735016345977783
2,1,0,1.0,0.2,0.5,2.168231725692749,3.098274052143097,2.1513795852661133,2.720567464828491
2,1,0,1.0,0.2,1.0,2.2135050296783447,2.907058298587799,2.1333322525024414,3.138028860092163
2,1,0,1.0,0.2,2.0,0.8200774192810059,1.230775535106659,2.2450342178344727,3.964789867401123
2,1,0,1.0,0.5,0.5,3.3439829349517822,5.21242368221283,2.116616725921631,2.7319862842559814
2,1,0,1.0,0.5,1.0,1.7952570915222168,2.9785701036453247,2.407341957092285,3.849121332168579
2,1,0,1.0,0.5,2.0,1.7109723091125488,2.300107419490814,2.4269814491271973,4.551519393920898
2,1,0,1.0,0.8,0.5,3.204913377761841,4.343476057052612,2.293846845626831,3.0052478313446045
2,1,0,1.0,0.8,1.0,3.044288396835327,4.22607958316803,2.393709421157837,3.953561782836914
2,1,0,1.0,0.8,2.0,2.408101797103882,3.3639949560165405,2.820094108581543,5.606061935424805
2,1,0,1.2,0.2,0.5,0.9733251333236694,2.5018067359924316,3.0756897926330566,4.376002311706543
2,1,0,1.2,0.2,1.0,1.6050528287887573,2.2024531960487366,3.4997284412384033,5.216752529144287
2,1,0,1.2,0.2,2.0,1.1926701068878174,2.6182278990745544,2.4050612449645996,4.355579853057861
2,1,0,1.2,0.5,0.5,1.3889837265014648,2.606581926345825,3.6682815551757812,5.351162910461426
2,1,0,1.2,0.5,1.0,0.850921630859375,0.874096691608429,2.9518628120422363,5.8034186363220215
2,1,0,1.2,0.5,2.0,1.097467064857483,2.0358141660690308,2.8700451850891113,5.509541034698486
2,1,0,1.2,0.8,0.5,0.9078159928321838,1.6139670014381409,4.229772090911865,6.353752136230469
2,1,0,1.2,0.8,1.0,2.2970805168151855,3.2181339859962463,3.7464396953582764,7.04013729095459
2,1,0,1.2,0.8,2.0,2.105180263519287,3.004103899002075,3.5830862522125244,7.595175266265869
2,1,1,0.8,0.2,0.5,4.307310104370117,5.695444822311401,1.7641364336013794,2.211252450942993
2,1,1,0.8,0.2,1.0,3.670753240585327,4.6489609479904175,1.9370962381362915,2.8436062335968018
2,1,1,0.8,0.2,2.0,1.5147347450256348,2.7484379410743713,2.215977191925049,3.632359743118286
2,1,1,0.8,0.5,0.5,4.005616188049316,5.0688963532447815,2.050213098526001,2.599754810333252
2,1,1,0.8,0.5,1.0,2.728947162628174,4.537396550178528,1.9267897605895996,2.969550609588623
2,1,1,0.8,0.5,2.0,1.95112144947052,3.023787498474121,2.2058396339416504,4.053845405578613
2,1,1,0.8,0.8,0.5,3.763930320739746,5.6899778842926025,1.9564653635025024,2.5900073051452637
2,1,1,0.8,0.8,1.0,2.955371141433716,4.145567357540131,2.308891773223877,3.7014269828796387
2,1,1,0.8,0.8,2.0,1.9864649772644043,3.2543296813964844,2.5370867252349854,4.797335147857666
2,1,1,1.0,0.2,0.5,2.6614160537719727,4.127625226974487,2.1565887928009033,2.6162848472595215
2,1,1,1.0,0.2,1.0,2.038064479827881,2.616919219493866,2.032414436340332,3.007106304168701
2,1,1,1.0,0.2,2.0,1.5552234649658203,2.0131192803382874,2.1935105323791504,3.831103563308716
2,1,1,1.0,0.5,0.5,3.857302188873291,5.112011134624481,2.421109437942505,3.148064374923706
2,1,1,1.0,0.5,1.0,2.4424428939819336,3.8178470730781555,2.317290782928467,3.742802143096924
2,1,1,1.0,0.5,2.0,1.8170459270477295,2.353201389312744,2.515503168106079,4.556854724884033
2,1,1,1.0,0.8,0.5,3.6426568031311035,5.285752713680267,2.3050739765167236,3.122565984725952
2,1,1,1.0,0.8,1.0,3.072770833969116,3.0616809129714966,2.740180492401123,4.564939498901367
2,1,1,1.0,0.8,2.0,1.7208752632141113,3.0558530688285828,2.8138811588287354,5.462281703948975
2,1,1,1.2,0.2,0.5,1.6008687019348145,2.864003002643585,3.3775136470794678,4.6818528175354
2,1,1,1.2,0.2,1.0,1.5167672634124756,2.4812305569648743,3.3120851516723633,4.986834526062012
2,1,1,1.2,0.2,2.0,1.4516243934631348,2.006521165370941,2.287928342819214,4.206140518188477
2,1,1,1.2,0.5,0.5,0.7554562091827393,2.0496479272842407,3.6739919185638428,5.35160493850708
2,1,1,1.2,0.5,1.0,1.3028709888458252,1.5613172054290771,3.841890335083008,6.229696750640869
2,1,1,1.2,0.5,2.0,1.132333517074585,1.5238248705863953,2.683438301086426,5.242668628692627
2,1,1,1.2,0.8,0.5,0.995870053768158,1.7424617409706116,4.068152904510498,6.221433639526367
2,1,1,1.2,0.8,1.0,1.944723129272461,1.9360622763633728,4.608110427856445,8.179797172546387
2,1,1,1.2,0.8,2.0,1.049001693725586,1.669213056564331,3.607032537460327,7.490945339202881
2,1,2,0.8,0.2,0.5,3.4963011741638184,4.579493403434753,1.5905569791793823,1.9928929805755615
2,1,2,0.8,0.2,1.0,3.103534698486328,4.062402665615082,1.972976803779602,3.003758668899536
2,1,2,0.8,0.2,2.0,1.644386887550354,2.5976091623306274,1.9449671506881714,3.3119661808013916
2,1,2,0.8,0.5,0.5,3.426995277404785,4.780247449874878,1.8911648988723755,2.4822778701782227
2,1,2,0.8,0.5,1.0,2.051090955734253,2.9706327319145203,2.1226468086242676,3.269412040710449
2,1,2,0.8,0.5,2.0,1.7750217914581299,2.9067588448524475,2.421044111251831,4.285782337188721
2,1,2,0.8,0.8,0.5,3.255586624145508,4.242253243923187,1.8598731756210327,2.455052614212036
2,1,2,0.8,0.8,1.0,3.0018389225006104,3.8631942868232727,2.420734405517578,3.796088695526123
2,1,2,0.8,0.8,2.0,1.5345070362091064,2.2537227869033813,2.70843505859375,5.3979172706604
2,1,2,1.0,0.2,0.5,2.979769706726074,4.724388301372528,1.7863494157791138,2.2772328853607178
2,1,2,1.0,0.2,1.0,2.771437644958496,4.290026426315308,2.1473891735076904,3.1291487216949463
2,1,2,1.0,0.2,2.0,1.666776180267334,3.027462601661682,2.657473564147949,4.599348068237305
2,1,2,1.0,0.5,0.5,2.320786952972412,3.6075717210769653,2.7621805667877197,3.6255106925964355
2,1,2,1.0,0.5,1.0,2.783292293548584,3.184792935848236,2.512136459350586,3.9906625747680664
2,1,2,1.0,0.5,2.0,1.7881672382354736,2.6822904348373413,2.7659106254577637,5.09165620803833
2,1,2,1.0,0.8,0.5,3.272916316986084,4.621108889579773,2.2264835834503174,3.0202674865722656
2,1,2,1.0,0.8,1.0,2.5146031379699707,3.0750463604927063,2.839076280593872,4.611675262451172
2,1,2,1.0,0.8,2.0,1.7970634698867798,2.726840317249298,2.8074920177459717,5.875967502593994
2,1,2,1.2,0.2,0.5,0.24523884057998657,1.3265734910964966,3.0529935359954834,4.462665557861328
2,1,2,1.2,0.2,1.0,1.0993459224700928,2.099038004875183,3.0203235149383545,4.411840438842773
2,1,2,1.2,0.2,2.0,1.7696139812469482,2.397377848625183,2.5726606845855713,4.4906439781188965
2,1,2,1.2,0.5,0.5,1.0551576614379883,1.6765007972717285,3.5340161323547363,5.38499641418457
2,1,2,1.2,0.5,1.0,1.4809105396270752,2.462833046913147,2.9015674591064453,4.97149658203125
2,1,2,1.2,0.5,2.0,1.6917710304260254,2.128998279571533,2.9246182441711426,5.677053928375244
2,1,2,1.2,0.8,0.5,1.865410566329956,2.3796164989471436,4.016463756561279,6.178533554077148
2,1,2,1.2,0.8,1.0,2.439199447631836,3.8294807076454163,4.035433769226074,7.330461025238037
2,1,2,1.2,0.8,2.0,2.5938587188720703,4.406240463256836,3.1755990982055664,6.689206600189209
2,1,3,0.8,0.2,0.5,5.327270984649658,7.246891915798187,1.6072064638137817,2.0306315422058105
2,1,3,0.8,0.2,1.0,2.3517727851867676,3.942254662513733,1.9720934629440308,2.976163625717163
2,1,3,0.8,0.2,2.0,2.0016610622406006,3.1569570899009705,2.0902957916259766,3.453709602355957
2,1,3,0.8,0.5,0.5,3.117645263671875,4.67360645532608,1.9304308891296387,2.4212558269500732
2,1,3,0.8,0.5,1.0,2.9835901260375977,4.109639823436737,2.082563877105713,3.1519222259521484
2,1,3,0.8,0.5,2.0,1.789217472076416,2.4746228456497192,2.23744797706604,3.939929246902466
2,1,3,0.8,0.8,0.5,2.831727981567383,4.165705680847168,2.134392023086548,2.795931577682495
2,1,3,0.8,0.8,1.0,2.7156319618225098,4.0965293645858765,2.297102928161621,3.736215591430664
2,1,3,0.8,0.8,2.0,2.321955680847168,2.330155074596405,2.5979580879211426,5.0009684562683105
2,1,3,1.0,0.2,0.5,3.2124407291412354,4.885357439517975,2.0196590423583984,2.5881845951080322
2,1,3,1.0,0.2,1.0,2.775160789489746,3.9974752068519592,2.150538682937622,3.210233211517334
2,1,3,1.0,0.2,2.0,1.529217004776001,2.003725230693817,2.4406368732452393,4.279487609863281
2,1,3,1.0,0.5,0.5,2.6776530742645264,4.216165661811829,1.8904812335968018,2.5401246547698975
2,1,3,1.0,0.5,1.0,1.761484980583191,2.8749958872795105,2.4108617305755615,3.866051197052002
2,1,3,1.0,0.5,2.0,1.3592268228530884,1.884041666984558,2.4447851181030273,4.754361152648926
2,1,3,1.0,0.8,0.5,3.4218289852142334,4.282860994338989,2.738332748413086,3.6868703365325928
2,1,3,1.0,0.8,1.0,3.668363094329834,3.9549570083618164,2.9831624031066895,5.039442539215088
2,1,3,1.0,0.8,2.0,1.12903892993927,1.362977147102356,3.196181058883667,6.700923919677734
2,1,3,1.2,0.2,0.5,0.6017073392868042,1.3207537531852722,3.1156580448150635,4.602917194366455
2,1,3,1.2,0.2,1.0,2.036807060241699,2.84934401512146,2.074537754058838,3.108295440673828
2,1,3,1.2,0.2,2.0,1.2745156288146973,2.1901137828826904,2.608553171157837,4.579296112060547
2,1,3,1.2,0.5,0.5,0.8686994910240173,1.7227142453193665,3.576099157333374,5.262915134429932
2,1,3,1.2,0.5,1.0,2.4243881702423096,3.5514338612556458,3.2194764614105225,5.456997871398926
2,1,3,1.2,0.5,2.0,0.3463507294654846,0.8857589364051819,3.162794828414917,6.4325103759765625
2,1,3,1.2,0.8,0.5,1.7533814907073975,3.4210586547851562,4.1651930809021,6.381924152374268
2,1,3,1.2,0.8,1.0,1.7982996702194214,2.940954566001892,4.46806001663208,7.860318660736084
2,1,3,1.2,0.8,2.0,1.8497428894042969,2.7716301679611206,3.2677929401397705,6.965587139129639
2,1,4,0.8,0.2,0.5,4.17394495010376,5.301560282707214,1.6781712770462036,2.0516295433044434
2,1,4,0.8,0.2,1.0,3.4120867252349854,4.878906786441803,2.054903268814087,2.9578001499176025
2,1,4,0.8,0.2,2.0,1.609078288078308,2.7863049507141113,2.007836103439331,3.47599458694458
2,1,4,0.8,0.5,0.5,3.4882984161376953,4.314299583435059,1.8753466606140137,2.400664806365967
2,1,4,0.8,0.5,1.0,2.8472654819488525,3.5514702200889587,2.0441017150878906,3.114689350128174
2,1,4,0.8,0.5,2.0,1.504317283630371,2.033746302127838,2.241029739379883,4.218684196472168
2,1,4,0.8,0.8,0.5,3.3397531509399414,4.609790325164795,2.145982027053833,2.8124074935913086
2,1,4,0.8,0.8,1.0,3.5640792846679688,4.960944831371307,2.302245855331421,3.635524034500122
2,1,4,0.8,0.8,2.0,2.005134105682373,2.900049328804016,2.747283697128296,5.399421691894531
2,1,4,1.0,0.2,0.5,3.626157760620117,4.920573353767395,2.371103286743164,3.004908561706543
2,1,4,1.0,0.2,1.0,1.9562758207321167,3.5481210350990295,2.0373880863189697,3.1793088912963867
2,1,4,1.0,0.2,2.0,1.7463980913162231,2.0532336831092834,2.2112247943878174,3.7587313652038574
2,1,4,1.0,0.5,0.5,3.272423028945923,3.74356871843338,2.6047003269195557,3.275421380996704
2,1,4,1.0,0.5,1.0,2.2050600051879883,3.128723680973053,2.126307487487793,3.5090386867523193
2,1,4,1.0,0.5,2.0,1.0674982070922852,1.4311776757240295,2.407515287399292,4.594226360321045
2,1,4,1.0,0.8,0.5,3.4276251792907715,4.444074928760529,2.8824901580810547,3.8662781715393066
2,1,4,1.0,0.8,1.0,3.1397812366485596,5.432936310768127,2.5988597869873047,4.347802639007568
2,1,4,1.0,0.8,2.0,2.636544704437256,3.888172924518585,2.641820192337036,5.168360710144043
2,1,4,1.2,0.2,0.5,1.4758597612380981,2.8759120106697083,3.175973653793335,4.319427013397217
2,1,4,1.2,0.2,1.0,1.7511343955993652,2.2080814242362976,2.369814395904541,3.680401086807251
2,1,4,1.2,0.2,2.0,1.2922070026397705,2.445368766784668,2.439406394958496,4.461136817932129
2,1,4,1.2,0.5,0.5,1.1500349044799805,1.7949477434158325,3.6018545627593994,5.349932670593262
2,1,4,1.2,0.5,1.0,0.623821496963501,0.6214829683303833,3.560762882232666,6.035641670227051
2,1,4,1.2,0.5,2.0,0.883431613445282,1.5348648428916931,3.0078415870666504,5.96006441116333
2,1,4,1.2,0.8,0.5,1.7893822193145752,2.77981960773468,3.8288567066192627,5.811602592468262
2,1,4,1.2,0.8,1.0,0.9664019346237183,1.6316682696342468,4.201572895050049,7.685769557952881
2,1,4,1.2,0.8,2.0,2.251615285873413,2.666927218437195,3.2947139739990234,6.940401077270508
3,1,0,0.8,0.2,0.5,2.6189756393432617,4.181118011474609,1.8415623903274536,2.336637496948242
3,1,0,0.8,0.2,1.0,2.294271230697632,3.707367956638336,1.8792694807052612,2.8251795768737793
3,1,0,0.8,0.2,2.0,2.048220634460449,3.212045431137085,1.9804198741912842,3.1486382484436035
3,1,0,0.8,0.5,0.5,3.147120237350464,3.8842830657958984,1.8167892694473267,2.3141911029815674
3,1,0,0.8,0.5,1.0,2.6834588050842285,4.0009137988090515,2.0658602714538574,3.210620880126953
3,1,0,0.8,0.5,2.0,1.9227795600891113,3.551315188407898,2.4233908653259277,4.44682502746582
3,1,0,0.8,0.8,0.5,3.056586503982544,3.847160518169403,2.2371668815612793,3.0642144680023193
3,1,0,0.8,0.8,1.0,2.028848886489868,3.262830376625061,2.512219190597534,4.050445079803467
3,1,0,0.8,0.8,2.0,1.4357893466949463,2.3155543208122253,2.4517714977264404,4.644684791564941
3,1,0,1.0,0.2,0.5,3.9515833854675293,5.281194090843201,2.239042282104492,2.759432077407837
3,1,0,1.0,0.2,1.0,2.4572043418884277,3.674868166446686,2.252716541290283,3.300428867340088
3,1,0,1.0,0.2,2.0,1.3616316318511963,2.063978910446167,2.2284815311431885,3.8489341735839844
3,1,0,1.0,0.5,0.5,3.364954948425293,4.560074985027313,2.1480634212493896,2.8013722896575928
3,1,0,1.0,0.5,1.0,3.3777499198913574,5.063984632492065,2.248445987701416,3.4607250690460205
3,1,0,1.0,0.5,2.0,0.7579358220100403,1.1020614504814148,2.6682240962982178,5.113146781921387
3,1,0,1.0,0.8,0.5,2.920743465423584,4.505063951015472,2.528618335723877,3.376703977584839
3,1,0,1.0,0.8,1.0,2.92853045463562,2.8728522658348083,2.724595785140991,4.654501914978027
3,1,0,1.0,0.8,2.0,2.0555260181427,2.703988790512085,3.050530433654785,6.338727951049805
3,1,0,1.2,0.2,0.5,1.195833444595337,2.693534553050995,3.2345287799835205,4.6471452713012695
3,1,0,1.2,0.2,1.0,1.3105509281158447,2.461215078830719,3.3134713172912598,5.02462911605835
3,1,0,1.2,0.2,2.0,1.7878217697143555,2.4355793595314026,2.695720672607422,4.604255199432373
3,1,0,1.2,0.5,0.5,0.848258376121521,1.9020360708236694,3.644968271255493,5.36106538772583
3,1,0,1.2,0.5,1.0,2.211557149887085,3.3278982639312744,3.721341133117676,6.081357955932617
3,1,0,1.2,0.5,2.0,0.7986650466918945,1.5063855648040771,2.664250373840332,5.1517438888549805
3,1,0,1.2,0.8,0.5,0.9619361758232117,1.0875287055969238,4.130686283111572,6.282658576965332
3,1,0,1.2,0.8,1.0,2.7697701454162598,4.994236767292023,3.370375871658325,6.3525848388671875
3,1,0,1.2,0.8,2.0,2.0377564430236816,3.2028754353523254,3.5571000576019287,7.343756198883057
3,1,1,0.8,0.2,0.5,3.1742758750915527,4.324583172798157,1.7869305610656738,2.319298267364502
3,1,1,0.8,0.2,1.0,2.3142802715301514,3.6429790258407593,1.8704251050949097,2.699575185775757
3,1,1,0.8,0.2,2.0,1.5281119346618652,2.893502414226532,2.167243242263794,3.6008992195129395
3,1,1,0.8,0.5,0.5,2.9951746463775635,4.667506217956543,1.7490613460540771,2.2989253997802734
3,1,1,0.8,0.5,1.0,1.7366036176681519,3.287762224674225,1.9183560609817505,2.8490407466888428
3,1,1,0.8,0.5,2.0,1.9919651746749878,2.5667805075645447,2.23657488822937,4.0215020179748535
3,1,1,0.8,0.8,0.5,3.5635263919830322,4.863548755645752,1.969333291053772,2.591435670852661
3,1,1,0.8,0.8,1.0,1.355447769165039,1.711232841014862,2.3254873752593994,3.8076751232147217
3,1,1,0.8,0.8,2.0,1.2078375816345215,2.557798206806183,2.414642572402954,4.558053493499756
3,1,1,1.0,0.2,0.5,3.3927388191223145,4.6555399894714355,2.292508840560913,2.925755739212036
3,1,1,1.0,0.2,1.0,2.391490936279297,3.909876585006714,1.965770959854126,2.923340320587158
3,1,1,1.0,0.2,2.0,1.2188782691955566,1.9173959493637085,2.251535415649414,3.975635051727295
3,1,1,1.0,0.5,0.5,3.495857000350952,4.269900381565094,2.456861734390259,3.1680052280426025
3,1,1,1.0,0.5,1.0,1.5689539909362793,2.386779010295868,2.722717523574829,4.258638858795166
3,1,1,1.0,0.5,2.0,1.0310866832733154,1.1822816133499146,2.6376357078552246,5.2827653884887695
3,1,1,1.0,0.8,0.5,3.488213300704956,4.44316565990448,2.3678526878356934,3.272091865539551
3,1,1,1.0,0.8,1.0,2.7551822662353516,3.919849157333374,2.825376033782959,4.8692216873168945
3,1,1,1.0,0.8,2.0,1.680945873260498,2.6591352820396423,3.0393972396850586,6.236584663391113
3,1,1,1.2,0.2,0.5,1.1567305326461792,1.646680474281311,3.3182992935180664,4.2616119384765625
3,1,1,1.2,0.2,1.0,1.52561616897583,3.5704712867736816,3.2223007678985596,5.0585198402404785
3,1,1,1.2,0.2,2.0,0.5487666130065918,0.7441245913505554,2.523160696029663,4.655867576599121
3,1,1,1.2,0.5,0.5,0.2813420295715332,0.6101285815238953,3.787425994873047,5.710287570953369
3,1,1,1.2,0.5,1.0,1.1300208568572998,1.0502647757530212,3.8269577026367188,5.823632717132568
3,1,1,1.2,0.5,2.0,0.16114914417266846,0.24288469552993774,3.5579707622528076,7.023595333099365
3,1,1,1.2,0.8,0.5,0.34697186946868896,0.9153493642807007,4.031869411468506,6.066490173339844
3,1,1,1.2,0.8,1.0,2.3032150268554688,3.278639495372772,4.4369587898254395,8.018243789672852
3,1,1,1.2,0.8,2.0,1.9431381225585938,3.1353296041488647,3.357280731201172,7.418050765991211
3,1,2,0.8,0.2,0.5,4.901290416717529,6.674334704875946,1.8544987440109253,2.373974323272705
3,1,2,0.8,0.2,1.0,2.4576339721679688,3.3278908133506775,1.903861165046692,2.8945119380950928
3,1,2,0.8,0.2,2.0,1.6383754014968872,2.9473440051078796,2.180849552154541,3.620738983154297
3,1,2,0.8,0.5,0.5,2.741774797439575,4.134404838085175,1.7629833221435547,2.3144655227661133
3,1,2,0.8,0.5,1.0,2.8099777698516846,4.387844800949097,1.9969491958618164,3.0523085594177246
3,1,2,0.8,0.5,2.0,2.0046024322509766,3.158144235610962,2.2476630210876465,4.085012435913086
3,1,2,0.8,0.8,0.5,4.364015102386475,6.21217155456543,1.9298816919326782,2.495345115661621
3,1,2,0.8,0.8,1.0,2.5399539470672607,4.691636145114899,2.2220213413238525,3.6157619953155518
3,1,2,0.8,0.8,2.0,2.2326951026916504,3.6263049840927124,2.463151454925537,4.729118824005127
3,1,2,1.0,0.2,0.5,2.4835731983184814,4.912399530410767,2.536722421646118,3.2906041145324707
3,1,2,1.0,0.2,1.0,2.965932846069336,4.2626694440841675,1.9663753509521484,2.9910662174224854
3,1,2,1.0,0.2,2.0,1.8544836044311523,3.7284328937530518,2.1475417613983154,3.5770747661590576
3,1,2,1.0,0.5,0.5,2.907254695892334,4.2535240650177,2.5280332565307617,3.2518320083618164
3,1,2,1.0,0.5,1.0,2.056467056274414,3.168192148208618,2.523310661315918,4.019096851348877
3,1,2,1.0,0.5,2.0,1.4919393062591553,1.7425365447998047,2.4239754676818848,4.475546360015869
3,1,2,1.0,0.8,0.5,4.000284671783447,5.822781920433044,2.262866497039795,3.026170492172241
3,1,2,1.0,0.8,1.0,1.305334448814392,2.1305620670318604,3.1791303157806396,5.415920257568359
3,1,2,1.0,0.8,2.0,1.9718108177185059,3.0693833231925964,3.2212138175964355,6.5284552574157715
3,1,2,1.2,0.2,0.5,0.6864597201347351,2.095472812652588,3.2645766735076904,4.557082653045654
3,1,2,1.2,0.2,1.0,1.3995312452316284,2.2037503719329834,3.3910815715789795,5.196533679962158
3,1,2,1.2,0.2,2.0,0.9249014854431152,1.924610197544098,2.7483956813812256,4.837367534637451
3,1,2,1.2,0.5,0.5,1.0665249824523926,1.5454389452934265,3.6706724166870117,5.357913017272949
3,1,2,1.2,0.5,1.0,0.8066243529319763,1.5079736113548279,3.6019701957702637,6.166232109069824
3,1,2,1.2,0.5,2.0,1.7317719459533691,2.0883959531784058,2.942451000213623,5.844292163848877
3,1,2,1.2,0.8,0.5,1.6465034484863281,1.9955211877822876,4.408027648925781,6.870785713195801
3,1,2,1.2,0.8,1.0,2.001558303833008,2.78127259016037,4.591946125030518,8.377466201782227
3,1,2,1.2,0.8,2.0,2.3939285278320312,3.8352808356285095,4.109829425811768,9.315296173095703
3,1,3,0.8,0.2,0.5,3.5489823818206787,5.203772962093353,1.6035090684890747,2.047288179397583
3,1,3,0.8,0.2,1.0,2.559285879135132,4.246108710765839,1.8598724603652954,2.762852430343628
3,1,3,0.8,0.2,2.0,1.4625983238220215,2.560661494731903,2.0941364765167236,3.476278305053711
3,1,3,0.8,0.5,0.5,4.287085056304932,5.869675695896149,1.8200678825378418,2.323225498199463
3,1,3,0.8,0.5,1.0,3.0794098377227783,4.76434451341629,1.969727873802185,3.010289192199707
3,1,3,0.8,0.5,2.0,1.3836090564727783,2.1936375498771667,2.4018940925598145,4.409113883972168
3,1,3,0.8,0.8,0.5,4.096301555633545,6.046441912651062,2.391695737838745,3.2552483081817627
3,1,3,0.8,0.8,1.0,2.656670093536377,4.376308977603912,2.377453565597534,3.7883477210998535
3,1,3,0.8,0.8,2.0,1.4635322093963623,1.9809500575065613,2.671802520751953,5.154294013977051
3,1,3,1.0,0.2,0.5,3.9979465007781982,5.491559028625488,2.2537248134613037,2.8332138061523438
3,1,3,1.0,0.2,1.0,2.9669241905212402,4.452235400676727,2.353341579437256,3.5859010219573975
3,1,3,1.0,0.2,2.0,1.7564940452575684,2.2314794659614563,2.3257317543029785,3.9854094982147217
3,1,3,1.0,0.5,0.5,3.146616220474243,4.143429219722748,2.8679537773132324,3.7285640239715576
3,1,3,1.0,0.5,1.0,1.424133539199829,3.00944185256958,2.400171995162964,3.703535795211792
3,1,3,1.0,0.5,2.0,2.242222309112549,3.4828072786331177,2.498767852783203,4.634184837341309
3,1,3,1.0,0.8,0.5,2.5601437091827393,4.4670480489730835,2.654794216156006,3.6292710304260254
3,1,3,1.0,0.8,1.0,2.663355827331543,4.020280480384827,2.553260564804077,4.181930065155029
3,1,3,1.0,0.8,2.0,2.693323850631714,3.4688562154769897,2.706528902053833,5.376743316650391
3,1,3,1.2,0.2,0.5,1.0979437828063965,2.392183482646942,3.3316075801849365,4.796628952026367
3,1,3,1.2,0.2,1.0,2.3543381690979004,3.5813173055648804,2.3047850131988525,3.3773815631866455
3,1,3,1.2,0.2,2.0,1.9360218048095703,2.400879740715027,2.9427335262298584,5.031009674072266
3,1,3,1.2,0.5,0.5,0.25235891342163086,0.7936057448387146,3.784573554992676,5.589504241943359
3,1,3,1.2,0.5,1.0,1.2879724502563477,1.7292677164077759,3.7214841842651367,6.096815586090088
3,1,3,1.2,0.5,2.0,0.7080698609352112,1.8175348043441772,3.0758185386657715,6.196770191192627
3,1,3,1.2,0.8,0.5,1.587867259979248,2.545944035053253,4.005050182342529,6.128089904785156
3,1,3,1.2,0.8,1.0,2.3418073654174805,4.193579018115997,4.266781330108643,7.739711284637451
3,1,3,1.2,0.8,2.0,1.9272724390029907,2.5817784667015076,3.4690144062042236,7.285854816436768
3,1,4,0.8,0.2,0.5,3.7081475257873535,5.048361659049988,1.6167737245559692,2.0525670051574707
3,1,4,0.8,0.2,1.0,1.9093670845031738,3.3878301978111267,1.7931336164474487,2.6690258979797363
3,1,4,0.8,0.2,2.0,1.7262344360351562,3.4445478916168213,2.1007473468780518,3.537137746810913
3,1,4,0.8,0.5,0.5,2.80232572555542,3.5945363640785217,1.8312572240829468,2.35799241065979
3,1,4,0.8,0.5,1.0,2.8305530548095703,3.8704704642295837,1.9658452272415161,3.1144561767578125
3,1,4,0.8,0.5,2.0,1.3372511863708496,1.8654325008392334,2.24735426902771,4.138548851013184
3,1,4,0.8,0.8,0.5,4.12603759765625,5.371829450130463,1.8513857126235962,2.4382505416870117
3,1,4,0.8,0.8,1.0,2.7446792125701904,4.560027658939362,2.2917141914367676,3.7558062076568604
3,1,4,0.8,0.8,2.0,2.7522177696228027,3.5878650546073914,2.6084413528442383,4.8395915031433105
3,1,4,1.0,0.2,0.5,2.8390979766845703,4.2902496457099915,1.9553141593933105,2.5663554668426514
3,1,4,1.0,0.2,1.0,2.9977455139160156,3.895568013191223,2.2879769802093506,3.4562439918518066
3,1,4,1.0,0.2,2.0,1.8721312284469604,2.52341228723526,2.1936233043670654,3.94364333152771
3,1,4,1.0,0.5,0.5,3.4143049716949463,4.974200785160065,2.6662566661834717,3.3562545776367188
3,1,4,1.0,0.5,1.0,1.9281561374664307,3.1777549982070923,2.6862730979919434,4.423418998718262
3,1,4,1.0,0.5,2.0,2.0427587032318115,3.0852527022361755,2.5942330360412598,4.935211181640625
3,1,4,1.0,0.8,0.5,3.7747199535369873,5.028181374073029,2.8207192420959473,3.8103256225585938
3,1,4,1.0,0.8,1.0,1.569138526916504,2.4957002997398376,2.965329885482788,4.87373685836792
3,1,4,1.0,0.8,2.0,1.4628405570983887,2.9034586548805237,3.4941296577453613,7.486606597900391
3,1,4,1.2,0.2,0.5,1.069365382194519,1.903340458869934,3.3568122386932373,4.721060276031494
3,1,4,1.2,0.2,1.0,2.239508867263794,3.137574553489685,3.2176921367645264,4.800405502319336
3,1,4,1.2,0.2,2.0,1.1752886772155762,2.0845675468444824,2.636849880218506,4.481930255889893
3,1,4,1.2,0.5,0.5,0.3536531925201416,1.0181907415390015,3.5961997509002686,5.157944202423096
3,1,4,1.2,0.5,1.0,1.2700724601745605,1.3220980167388916,3.814145088195801,6.070935249328613
3,1,4,1.2,0.5,2.0,0.857046365737915,1.6449915766716003,2.75126576423645,5.270606517791748
3,1,4,1.2,0.8,0.5,0.9890369176864624,2.2527169585227966,4.055313587188721,6.207020282745361
3,1,4,1.2,0.8,1.0,0.9955295324325562,0.9948289394378662,4.463281154632568,8.073904037475586
3,1,4,1.2,0.8,2.0,1.4677503108978271,3.0793607234954834,4.183310031890869,9.118659973144531
4,1,0,0.8,0.2,0.5,3.882753849029541,4.6670631766319275,1.6656686067581177,2.1188390254974365
4,1,0,0.8,0.2,1.0,2.42543888092041,4.419505476951599,2.0627601146698,2.9659509658813477
4,1,0,0.8,0.2,2.0,1.847212553024292,2.68723326921463,2.1474392414093018,3.6674461364746094
4,1,0,0.8,0.5,0.5,3.085981607437134,3.6463508009910583,1.7428781986236572,2.1685290336608887
4,1,0,0.8,0.5,1.0,2.049724578857422,3.1411935091018677,2.031789779663086,3.1165871620178223
4,1,0,0.8,0.5,2.0,1.965600609779358,3.153459310531616,2.245968818664551,4.201098442077637
4,1,0,0.8,0.8,0.5,3.2801454067230225,5.369500041007996,1.9721157550811768,2.591719388961792
4,1,0,0.8,0.8,1.0,2.9310011863708496,4.752070188522339,2.260227680206299,3.539715528488159
4,1,0,0.8,0.8,2.0,2.6226205825805664,4.183816194534302,2.6351184844970703,5.122037887573242
4,1,0,1.0,0.2,0.5,3.228235960006714,4.691861987113953,2.165740966796875,2.7482292652130127
4,1,0,1.0,0.2,1.0,2.657371997833252,4.394397497177124,1.9487974643707275,2.8664894104003906
4,1,0,1.0,0.2,2.0,1.9202960729599,2.519831418991089,2.3751680850982666,4.029896259307861
4,1,0,1.0,0.5,0.5,3.645061492919922,5.190068304538727,2.569782257080078,3.2710719108581543
4,1,0,1.0,0.5,1.0,1.9751626253128052,2.663196325302124,2.605825901031494,4.150558948516846
4,1,0,1.0,0.5,2.0,1.4226514101028442,1.403768002986908,2.5743377208709717,4.7881011962890625
4,1,0,1.0,0.8,0.5,3.474264144897461,5.225836217403412,2.569742202758789,3.5114376544952393
4,1,0,1.0,0.8,1.0,3.478865623474121,4.43118155002594,2.7581517696380615,4.616549491882324
4,1,0,1.0,0.8,2.0,2.0140221118927,2.66960346698761,3.00126314163208,5.889604568481445
4,1,0,1.2,0.2,0.5,1.0022919178009033,2.2162874937057495,3.363910436630249,4.633298873901367
4,1,0,1.2,0.2,1.0,1.9558839797973633,2.98273628950119,2.3734054565429688,3.8567755222320557
4,1,0,1.2,0.2,2.0,1.1979620456695557,1.8647534847259521,2.8243227005004883,5.159353256225586
4,1,0,1.2,0.5,0.5,0.3058878779411316,1.0207486748695374,3.6734061241149902,5.644401550292969
4,1,0,1.2,0.5,1.0,1.821291208267212,2.4617955684661865,3.9762825965881348,6.502781391143799
4,1,0,1.2,0.5,2.0,0.8021732568740845,0.9907850027084351,2.866708278656006,5.429717540740967
4,1,0,1.2,0.8,0.5,1.714888095855713,2.654380738735199,4.142816543579102,6.4229536056518555
4,1,0,1.2,0.8,1.0,1.7633228302001953,1.5255984663963318,4.426526069641113,7.312981128692627
4,1,0,1.2,0.8,2.0,2.233098268508911,3.4190457463264465,3.2694644927978516,6.9085164070129395
4,1,1,0.8,0.2,0.5,3.1522340774536133,4.222305119037628,1.6232945919036865,2.027080774307251
4,1,1,0.8,0.2,1.0,2.8227732181549072,4.169082581996918,1.9313634634017944,2.8916680812835693
4,1,1,0.8,0.2,2.0,2.036470651626587,2.455776870250702,2.030179262161255,3.5885021686553955
4,1,1,0.8,0.5,0.5,3.3520729541778564,5.502105295658112,1.6818267107009888,2.1770057678222656
4,1,1,0.8,0.5,1.0,2.4640562534332275,3.781450033187866,2.06307053565979,3.170219898223877
4,1,1,0.8,0.5,2.0,0.5829963088035583,1.2445352673530579,2.2837209701538086,4.079258918762207
4,1,1,0.8,0.8,0.5,3.949270725250244,6.290618717670441,1.9399230480194092,2.5641303062438965
4,1,1,0.8,0.8,1.0,2.2105934619903564,2.359264314174652,2.350229501724243,3.767482042312622
4,1,1,0.8,0.8,2.0,1.3180546760559082,2.415213942527771,2.4575395584106445,4.752898693084717
4,1,1,1.0,0.2,0.5,2.8580641746520996,4.014591753482819,2.230590343475342,2.911818027496338
4,1,1,1.0,0.2,1.0,2.4547247886657715,4.009251534938812,2.120846748352051,3.2166125774383545
4,1,1,1.0,0.2,2.0,2.52579402923584,3.138739049434662,2.302582025527954,4.075827598571777
4,1,1,1.0,0.5,0.5,3.276820421218872,4.606144368648529,2.481804132461548,3.213412284851074
4,1,1,1.0,0.5,1.0,2.6311511993408203,4.1827051639556885,2.360593318939209,3.8120133876800537
4,1,1,1.0,0.5,2.0,1.503204345703125,1.7343578338623047,2.765397071838379,5.144457817077637
4,1,1,1.0,0.8,0.5,4.529731273651123,6.830186188220978,2.201695203781128,3.004251718521118
4,1,1,1.0,0.8,1.0,1.887279748916626,2.7877781987190247,3.167332410812378,5.392059803009033
4,1,1,1.0,0.8,2.0,1.9924821853637695,2.4848047494888306,3.070214033126831,6.316277980804443
4,1,1,1.2,0.2,0.5,1.2341630458831787,2.193572223186493,3.2913832664489746,4.7401628494262695
4,1,1,1.2,0.2,1.0,1.9595587253570557,3.43230938911438,2.6444594860076904,4.047974109649658
4,1,1,1.2,0.2,2.0,1.8144581317901611,2.9172682762145996,2.317202568054199,4.3303542137146
4,1,1,1.2,0.5,0.5,1.1399524211883545,1.994270145893097,3.6325347423553467,5.456116199493408
4,1,1,1.2,0.5,1.0,2.3082611560821533,3.261151611804962,3.0508837699890137,5.02860164642334
4,1,1,1.2,0.5,2.0,1.5639525651931763,2.618360459804535,2.922311782836914,5.562994480133057
4,1,1,1.2,0.8,0.5,0.6841015815734863,0.7121028304100037,4.285227298736572,6.685535430908203
4,1,1,1.2,0.8,1.0,2.277892589569092,3.042234480381012,4.037557601928711,7.146158218383789
4,1,1,1.2,0.8,2.0,1.2891392707824707,2.0639094710350037,3.7614479064941406,7.7712202072143555
4,1,2,0.8,0.2,0.5,3.186873435974121,5.221804141998291,1.809824824333191,2.2425777912139893
4,1,2,0.8,0.2,1.0,2.019451141357422,3.577781319618225,2.1110358238220215,3.0791566371917725
4,1,2,0.8,0.2,2.0,2.851942300796509,3.8037074208259583,2.019620418548584,3.3807530403137207
4,1,2,0.8,0.5,0.5,2.938612222671509,4.994911193847656,1.7013564109802246,2.235060930252075
4,1,2,0.8,0.5,1.0,1.812507152557373,2.425759255886078,2.1131319999694824,3.2589125633239746
4,1,2,0.8,0.5,2.0,1.4373385906219482,2.5971531867980957,2.310227632522583,4.215144634246826
4,1,2,0.8,0.8,0.5,3.7381229400634766,5.800961017608643,1.9741582870483398,2.56933331489563
4,1,2,0.8,0.8,1.0,2.4005188941955566,3.7905080914497375,2.187028408050537,3.6187846660614014
4,1,2,0.8,0.8,2.0,2.1374359130859375,2.891816020011902,2.4460256099700928,4.723623752593994
4,1,2,1.0,0.2,0.5,2.7203128337860107,4.642967104911804,2.1927595138549805,2.8713650703430176
4,1,2,1.0,0.2,1.0,2.7418768405914307,3.9337865114212036,2.000067949295044,2.983511447906494
4,1,2,1.0,0.2,2.0,1.9762178659439087,2.87801194190979,2.2712297439575195,3.8282666206359863
4,1,2,1.0,0.5,0.5,3.0183799266815186,4.336831450462341,2.165231704711914,2.808764934539795
4,1,2,1.0,0.5,1.0,1.0626139640808105,1.3233745694160461,2.689535140991211,4.297455787658691
4,1,2,1.0,0.5,2.0,2.0165719985961914,3.0128933787345886,2.470127820968628,4.417593479156494
4,1,2,1.0,0.8,0.5,2.919468402862549,4.61752587556839,3.0663959980010986,4.271474838256836
4,1,2,1.0,0.8,1.0,2.7256999015808105,4.386586129665375,3.049269437789917,5.0535454750061035
4,1,2,1.0,0.8,2.0,1.8879802227020264,3.340200126171112,2.714761734008789,5.435915470123291
4,1,2,1.2,0.2,0.5,0.7360954284667969,1.504969298839569,3.029879570007324,4.475222587585449
4,1,2,1.2,0.2,1.0,0.8317431211471558,1.5752447843551636,3.4848196506500244,5.092783451080322
4,1,2,1.2,0.2,2.0,1.9710801839828491,2.843963086605072,2.4377059936523438,4.365629196166992
4,1,2,1.2,0.5,0.5,0.9255215525627136,2.001494288444519,3.4339942932128906,4.992229461669922
4,1,2,1.2,0.5,1.0,0.6502380967140198,1.334531307220459,4.146629810333252,6.590305805206299
4,1,2,1.2,0.5,2.0,1.446746587753296,2.0666324496269226,2.8634581565856934,5.7465410232543945
4,1,2,1.2,0.8,0.5,1.1112196445465088,1.996731162071228,4.088206768035889,6.2703070640563965
4,1,2,1.2,0.8,1.0,1.7581486701965332,2.6385075449943542,4.726184844970703,8.399075508117676
4,1,2,1.2,0.8,2.0,0.9746209383010864,1.035642921924591,3.631103992462158,7.876361846923828
4,1,3,0.8,0.2,0.5,3.8224542140960693,5.171633720397949,1.7180722951889038,2.071017026901245
4,1,3,0.8,0.2,1.0,2.796743869781494,3.9658894538879395,1.958938479423523,2.7389912605285645
4,1,3,0.8,0.2,2.0,1.545600175857544,2.2314981818199158,2.086144208908081,3.561673164367676
4,1,3,0.8,0.5,0.5,2.2293825149536133,3.538775324821472,1.8304991722106934,2.4082205295562744
4,1,3,0.8,0.5,1.0,2.553619861602783,2.9904463291168213,2.333954095840454,3.6605072021484375
4,1,3,0.8,0.5,2.0,1.7079401016235352,2.6868595480918884,2.219871759414673,4.059589862823486
4,1,3,0.8,0.8,0.5,4.4410400390625,5.104748725891113,2.0578055381774902,2.717984199523926
4,1,3,0.8,0.8,1.0,2.970958709716797,4.143005549907684,2.3275249004364014,3.6975016593933105
4,1,3,0.8,0.8,2.0,1.433394432067871,2.3452873826026917,2.6909615993499756,5.332340240478516
4,1,3,1.0,0.2,0.5,3.189629554748535,5.137380063533783,2.136992931365967,2.6673946380615234
4,1,3,1.0,0.2,1.0,2.6630759239196777,3.9953960180282593,2.3225340843200684,3.417788028717041
4,1,3,1.0,0.2,2.0,1.4386579990386963,2.5199974179267883,2.1322250366210938,3.9492290019989014
4,1,3,1.0,0.5,0.5,2.789673328399658,4.6491634249687195,2.3021531105041504,2.893206834793091
4,1,3,1.0,0.5,1.0,1.845409870147705,2.4434709548950195,2.067310094833374,3.255826711654663
4,1,3,1.0,0.5,2.0,1.844030737876892,2.6960551142692566,2.6058762073516846,4.696470260620117
4,1,3,1.0,0.8,0.5,2.779712677001953,3.6091732382774353,2.9777679443359375,4.105882167816162
4,1,3,1.0,0.8,1.0,2.8451132774353027,3.1756815314292908,3.0219883918762207,4.950089931488037
4,1,3,1.0,0.8,2.0,1.3713908195495605,1.6365523934364319,3.170433282852173,6.390255928039551
4,1,3,1.2,0.2,0.5,0.7599738836288452,1.6265190839767456,3.2025701999664307,4.450511455535889
4,1,3,1.2,0.2,1.0,1.7714651823043823,2.372818946838379,3.0419864654541016,4.8246588706970215
4,1,3,1.2,0.2,2.0,1.3893461227416992,2.274409532546997,2.8472275733947754,5.068211555480957
4,1,3,1.2,0.5,0.5,0.7791533470153809,1.1391143202781677,3.595360279083252,5.339904308319092
4,1,3,1.2,0.5,1.0,1.576354742050171,2.3341017365455627,3.0296871662139893,4.875913143157959
4,1,3,1.2,0.5,2.0,0.596839427947998,1.1822159886360168,3.0813605785369873,5.985692501068115
4,1,3,1.2,0.8,0.5,0.0,0.010006308555603027,4.303775787353516,6.827282428741455
4,1,3,1.2,0.8,1.0,0.9879208207130432,1.8297326564788818,4.899707317352295,8.037155151367188
4,1,3,1.2,0.8,2.0,1.8368332386016846,2.3232163190841675,3.139240026473999,6.885874271392822
4,1,4,0.8,0.2,0.5,4.067404270172119,5.636441767215729,1.8374557495117188,2.3046164512634277
4,1,4,0.8,0.2,1.0,2.7925994396209717,4.1066237688064575,1.8641674518585205,2.663440704345703
4,1,4,0.8,0.2,2.0,1.719527006149292,3.1829423904418945,2.150533437728882,3.708148956298828
4,1,4,0.8,0.5,0.5,3.385003089904785,4.7176976799964905,1.7753485441207886,2.256772041320801
4,1,4,0.8,0.5,1.0,3.011467456817627,4.344168722629547,2.1757404804229736,3.394517660140991
4,1,4,0.8,0.5,2.0,1.113267183303833,1.990986943244934,2.2306549549102783,4.056138038635254
4,1,4,0.8,0.8,0.5,3.718411684036255,5.546602308750153,1.8230111598968506,2.4561078548431396
4,1,4,0.8,0.8,1.0,2.4565954208374023,4.399529933929443,2.2103302478790283,3.5844578742980957
4,1,4,0.8,0.8,2.0,2.622239351272583,4.137686133384705,2.716505527496338,5.213393688201904
4,1,4,1.0,0.2,0.5,2.709717035293579,3.8839107751846313,2.6335885524749756,3.292814016342163
4,1,4,1.0,0.2,1.0,2.599040985107422,3.581023693084717,2.6604011058807373,3.93107533454895
4,1,4,1.0,0.2,2.0,2.2621498107910156,3.3052485585212708,2.486048460006714,4.476301193237305
4,1,4,1.0,0.5,0.5,2.942380666732788,4.018559217453003,2.1824889183044434,2.8157730102539062
4,1,4,1.0,0.5,1.0,2.763688564300537,4.5827091336250305,2.315042018890381,3.68369197845459
4,1,4,1.0,0.5,2.0,1.4059416055679321,1.7630244493484497,2.933624029159546,5.647585391998291
4,1,4,1.0,0.8,0.5,2.263361930847168,3.434137761592865,2.468712091445923,3.223904609680176
4,1,4,1.0,0.8,1.0,3.2327733039855957,5.4406962394714355,2.7770352363586426,4.612559795379639
4,1,4,1.0,0.8,2.0,2.2680068016052246,3.4224859476089478,2.7426328659057617,5.524351119995117
4,1,4,1.2,0.2,0.5,0.8366367816925049,2.516175925731659,3.267967462539673,4.655176639556885
4,1,4,1.2,0.2,1.0,2.5389044284820557,3.311773955821991,2.4089372158050537,3.816288471221924
4,1,4,1.2,0.2,2.0,1.2353839874267578,2.7799705266952515,3.1026153564453125,5.443528175354004
4,1,4,1.2,0.5,0.5,0.8521108031272888,2.283899426460266,3.6939241886138916,5.463062286376953
4,1,4,1.2,0.5,1.0,0.5635818839073181,0.783649206161499,4.087022304534912,6.463698387145996
4,1,4,1.2,0.5,2.0,0.38638848066329956,0.6180874109268188,2.914395809173584,5.818479537963867
4,1,4,1.2,0.8,0.5,1.790759801864624,3.1701621413230896,3.994192600250244,6.134703159332275
4,1,4,1.2,0.8,1.0,2.121939182281494,3.04762727022171,3.747675657272339,6.773239612579346
4,1,4,1.2,0.8,2.0,2.5844943523406982,2.296469032764435,3.9231271743774414,8.602843284606934
5,1,0,0.8,0.2,0.5,4.4124979972839355,5.999374032020569,1.9634859561920166,2.4833943843841553
5,1,0,0.8,0.2,1.0,2.1736369132995605,3.778541088104248,2.091231346130371,3.0412042140960693
5,1,0,0.8,0.2,2.0,1.6474499702453613,2.802210032939911,2.0830323696136475,3.4960503578186035
5,1,0,0.8,0.5,0.5,3.0854220390319824,4.3968247175216675,1.712019920349121,2.2072699069976807
5,1,0,0.8,0.5,1.0,2.974318742752075,3.759534180164337,2.3094475269317627,3.500605821609497
5,1,0,0.8,0.5,2.0,1.5194485187530518,2.056337893009186,2.254502058029175,4.148097515106201
5,1,0,0.8,0.8,0.5,3.7965877056121826,5.125639855861664,1.8610854148864746,2.462063789367676
5,1,0,0.8,0.8,1.0,2.6241183280944824,3.5709420442581177,2.2322919368743896,3.661212921142578
5,1,0,0.8,0.8,2.0,2.1163573265075684,4.1289122104644775,2.4003820419311523,4.4356689453125
5,1,0,1.0,0.2,0.5,3.3830087184906006,4.999122738838196,1.753722071647644,2.25248122215271
5,1,0,1.0,0.2,1.0,2.8929073810577393,4.225462019443512,2.2458508014678955,3.3811912536621094
5,1,0,1.0,0.2,2.0,1.922181487083435,3.156503438949585,2.5204100608825684,4.27923059463501
5,1,0,1.0,0.5,0.5,2.799598217010498,3.730682909488678,2.0992982387542725,2.733799695968628
5,1,0,1.0,0.5,1.0,1.1357576847076416,1.6657058596611023,2.312713146209717,3.6305723190307617
5,1,0,1.0,0.5,2.0,0.7338336110115051,1.2814574837684631,2.5414371490478516,4.572554588317871
5,1,0,1.0,0.8,0.5,3.866351842880249,5.457660019397736,2.087158203125,2.8545782566070557
5,1,0,1.0,0.8,1.0,3.0646681785583496,4.2809948325157166,3.020749807357788,5.158670902252197
5,1,0,1.0,0.8,2.0,2.165092945098877,3.9848567247390747,2.996185779571533,6.272814750671387
5,1,0,1.2,0.2,0.5,0.7553622126579285,1.2236815094947815,3.182504653930664,4.470724582672119
5,1,0,1.2,0.2,1.0,2.3921992778778076,3.1027454137802124,3.2944114208221436,4.980438232421875
5,1,0,1.2,0.2,2.0,1.2540309429168701,2.261152148246765,2.461693048477173,4.565933704376221
5,1,0,1.2,0.5,0.5,1.780348777770996,2.5025033950805664,3.5020694732666016,4.975529193878174
5,1,0,1.2,0.5,1.0,1.8871489763259888,2.312729239463806,2.9485151767730713,4.93001127243042
5,1,0,1.2,0.5,2.0,0.9593636989593506,1.039059042930603,3.1007204055786133,6.070247650146484
5,1,0,1.2,0.8,0.5,1.9412376880645752,3.020067274570465,4.128705024719238,6.322396755218506
5,1,0,1.2,0.8,1.0,2.952803134918213,4.836313247680664,3.2566423416137695,5.995149612426758
5,1,0,1.2,0.8,2.0,2.4870927333831787,3.528534770011902,3.1184682846069336,6.791783809661865
5,1,1,0.8,0.2,0.5,3.0564653873443604,4.527974009513855,1.875758171081543,2.464127540588379
5,1,1,0.8,0.2,1.0,2.3263912200927734,4.226412534713745,1.9314961433410645,2.7552006244659424
5,1,1,0.8,0.2,2.0,1.3570259809494019,2.534874677658081,1.985200047492981,3.3809895515441895
5,1,1,0.8,0.5,0.5,3.4427037239074707,4.37458461523056,1.7621885538101196,2.3012430667877197
5,1,1,0.8,0.5,1.0,2.484276294708252,3.568384528160095,2.3369524478912354,3.6693882942199707
5,1,1,0.8,0.5,2.0,2.130458354949951,3.013776481151581,2.2073872089385986,3.875149726867676
5,1,1,0.8,0.8,0.5,3.215003490447998,4.490895390510559,2.20644474029541,2.905439853668213
5,1,1,0.8,0.8,1.0,2.6658504009246826,3.719090521335602,2.2322239875793457,3.6584572792053223
5,1,1,0.8,0.8,2.0,2.478358745574951,4.40764582157135,2.507819414138794,4.7707743644714355
5,1,1,1.0,0.2,0.5,3.8990628719329834,5.4285324811935425,1.8764894008636475,2.5126326084136963
5,1,1,1.0,0.2,1.0,2.4580655097961426,3.938510775566101,2.0936079025268555,3.1227521896362305
5,1,1,1.0,0.2,2.0,1.9158093929290771,3.2226693630218506,2.121417760848999,3.645491361618042
5,1,1,1.0,0.5,0.5,3.0439107418060303,4.14486563205719,2.4785103797912598,3.176206111907959
5,1,1,1.0,0.5,1.0,1.993725299835205,3.31317937374115,2.66288161277771,4.163260459899902
5,1,1,1.0,0.5,2.0,1.5699520111083984,2.2292152047157288,2.418966054916382,4.495479106903076
5,1,1,1.0,0.8,0.5,3.4322822093963623,4.5859628319740295,2.7054617404937744,3.7205872535705566
5,1,1,1.0,0.8,1.0,2.4691600799560547,3.593108355998993,2.6735591888427734,4.5721564292907715
5,1,1,1.0,0.8,2.0,2.8772239685058594,3.934094250202179,2.9111578464508057,6.102618217468262
5,1,1,1.2,0.2,0.5,0.6854148507118225,1.656499445438385,3.2630934715270996,4.664164066314697
5,1,1,1.2,0.2,1.0,2.466840982437134,2.677559494972229,2.5881423950195312,4.140807628631592
5,1,1,1.2,0.2,2.0,1.445223093032837,2.360684871673584,2.3695263862609863,4.165200233459473
5,1,1,1.2,0.5,0.5,0.9433823227882385,1.6920509338378906,3.5731496810913086,5.310406684875488
5,1,1,1.2,0.5,1.0,0.887706458568573,1.1477420926094055,3.788975954055786,6.027654647827148
5,1,1,1.2,0.5,2.0,1.637758493423462,2.7881134152412415,2.885333299636841,5.590597629547119
5,1,1,1.2,0.8,0.5,1.856080174446106,3.3333556056022644,4.0902180671691895,6.104738712310791
5,1,1,1.2,0.8,1.0,2.1292881965637207,2.11784166097641,4.025959014892578,7.578368186950684
5,1,1,1.2,0.8,2.0,2.1257729530334473,2.9537376761436462,3.484001874923706,7.096930027008057
5,1,2,0.8,0.2,0.5,4.51879358291626,6.082041501998901,1.7652827501296997,2.2364797592163086
5,1,2,0.8,0.2,1.0,2.052534818649292,3.1798906922340393,1.817388892173767,2.6185805797576904
5,1,2,0.8,0.2,2.0,1.5241094827651978,2.4669076800346375,2.2304747104644775,3.8611345291137695
5,1,2,0.8,0.5,0.5,3.4828875064849854,4.972670137882233,1.8755266666412354,2.4224956035614014
5,1,2,0.8,0.5,1.0,2.4501585960388184,4.310503959655762,2.156158924102783,3.3158748149871826
5,1,2,0.8,0.5,2.0,1.861530065536499,2.7567108273506165,2.391643524169922,4.259617328643799
5,1,2,0.8,0.8,0.5,3.464674472808838,5.3073872327804565,2.100097179412842,2.70249342918396
5,1,2,0.8,0.8,1.0,3.2728614807128906,4.7688955664634705,2.2816414833068848,3.672139883041382
5,1,2,0.8,0.8,2.0,0.9984613656997681,1.9299910068511963,2.8412933349609375,5.637569427490234
5,1,2,1.0,0.2,0.5,3.1866514682769775,4.830674350261688,2.2507290840148926,2.8798160552978516
5,1,2,1.0,0.2,1.0,2.4595892429351807,3.264012634754181,2.074385404586792,3.3118531703948975
5,1,2,1.0,0.2,2.0,1.9156336784362793,2.90633761882782,2.222872257232666,3.747602939605713
5,1,2,1.0,0.5,0.5,3.2363147735595703,4.558211803436279,2.0061190128326416,2.823983669281006
5,1,2,1.0,0.5,1.0,1.5316282510757446,2.300400972366333,2.590742826461792,4.073151111602783
5,1,2,1.0,0.5,2.0,1.244881272315979,1.780469536781311,2.552485227584839,5.071661472320557
5,1,2,1.0,0.8,0.5,3.0596375465393066,5.017928421497345,2.3025801181793213,3.1430115699768066
5,1,2,1.0,0.8,1.0,2.6336123943328857,4.500396490097046,2.70143723487854,4.601457118988037
5,1,2,1.0,0.8,2.0,2.458587408065796,2.443556487560272,3.113619089126587,6.45497989654541
5,1,2,1.2,0.2,0.5,1.3240699768066406,1.9714138507843018,3.358903646469116,4.667943954467773
5,1,2,1.2,0.2,1.0,0.7035145163536072,1.2047873735427856,3.5758979320526123,5.315877437591553
5,1,2,1.2,0.2,2.0,1.0814014673233032,1.8888790607452393,2.6252684593200684,4.818223476409912
5,1,2,1.2,0.5,0.5,1.2826260328292847,2.794284403324127,3.5770740509033203,5.21284818649292
5,1,2,1.2,0.5,1.0,1.203054666519165,1.6289236545562744,3.0804731845855713,5.345644474029541
5,1,2,1.2,0.5,2.0,1.2357043027877808,2.1394468545913696,2.7291903495788574,5.208727836608887
5,1,2,1.2,0.8,0.5,0.60685133934021,0.6374380588531494,4.147511959075928,6.539425373077393
5,1,2,1.2,0.8,1.0,2.887791156768799,3.9824830293655396,3.7449119091033936,6.954623699188232
5,1,2,1.2,0.8,2.0,2.3858797550201416,3.6369568705558777,3.0896599292755127,6.615326404571533
5,1,3,0.8,0.2,0.5,3.792996406555176,5.398162484169006,1.6399166584014893,2.0936105251312256
5,1,3,0.8,0.2,1.0,2.3208351135253906,3.5488624572753906,1.7726668119430542,2.577798366546631
5,1,3,0.8,0.2,2.0,1.6779369115829468,3.7361592650413513,2.0462026596069336,3.77103590965271
5,1,3,0.8,0.5,0.5,3.2190606594085693,3.9764063954353333,1.9729868173599243,2.5992870330810547
5,1,3,0.8,0.5,1.0,2.1686553955078125,3.070776581764221,2.1781108379364014,3.323638916015625
5,1,3,0.8,0.5,2.0,1.6747968196868896,2.718172311782837,2.3144495487213135,4.134133815765381
5,1,3,0.8,0.8,0.5,3.9926207065582275,5.5463719964027405,1.893376111984253,2.5113842487335205
5,1,3,0.8,0.8,1.0,2.291407346725464,3.72624534368515,2.6064515113830566,4.085766315460205
5,1,3,0.8,0.8,2.0,1.9168328046798706,3.4303592443466187,2.5486063957214355,4.7297749519348145
5,1,3,1.0,0.2,0.5,3.4488537311553955,5.135414183139801,2.149420976638794,2.7495431900024414
5,1,3,1.0,0.2,1.0,2.297774076461792,3.6274054050445557,2.514946699142456,3.759354829788208
5,1,3,1.0,0.2,2.0,1.0185409784317017,1.9835113883018494,2.12568998336792,3.6926605701446533
5,1,3,1.0,0.5,0.5,2.9520363807678223,4.492381751537323,2.2246384620666504,2.942694664001465
5,1,3,1.0,0.5,1.0,1.4374594688415527,2.781524181365967,2.3026812076568604,3.5293517112731934
5,1,3,1.0,0.5,2.0,1.4788576364517212,2.3776866793632507,2.719724416732788,5.0176310539245605
5,1,3,1.0,0.8,0.5,3.2687759399414062,5.296876907348633,2.373507499694824,3.1858906745910645
5,1,3,1.0,0.8,1.0,3.2463150024414062,5.130086302757263,2.6237103939056396,4.34521484375
5,1,3,1.0,0.8,2.0,1.0060248374938965,1.9303537607192993,3.0542399883270264,5.933381080627441
5,1,3,1.2,0.2,0.5,1.0127065181732178,2.1725858449935913,3.2602500915527344,4.494121551513672
5,1,3,1.2,0.2,1.0,1.7477631568908691,2.913259744644165,2.6390535831451416,3.8929243087768555
5,1,3,1.2,0.2,2.0,1.9078776836395264,2.403807044029236,2.964550495147705,5.540984630584717
5,1,3,1.2,0.5,0.5,0.5103957056999207,1.6732844114303589,3.600421667098999,5.359467029571533
5,1,3,1.2,0.5,1.0,2.4417309761047363,3.9887605905532837,3.5004634857177734,5.9032511711120605
5,1,3,1.2,0.5,2.0,1.3638657331466675,1.84416925907135,3.268582582473755,6.407604694366455
5,1,3,1.2,0.8,0.5,1.3406965732574463,2.800231695175171,4.087482929229736,6.283851146697998
5,1,3,1.2,0.8,1.0,3.3088133335113525,5.6554330587387085,3.3988230228424072,5.8775529861450195
5,1,3,1.2,0.8,2.0,1.649585485458374,2.624082386493683,3.13442325592041,6.576619625091553
5,1,4,0.8,0.2,0.5,3.7666983604431152,5.249720394611359,1.972680926322937,2.519726514816284
5,1,4,0.8,0.2,1.0,2.7926173210144043,4.118154406547546,1.9759587049484253,2.8566784858703613
5,1,4,0.8,0.2,2.0,1.7557830810546875,2.5574845671653748,2.293879270553589,3.782747745513916
5,1,4,0.8,0.5,0.5,3.37253999710083,4.853704452514648,1.7473723888397217,2.2467358112335205
5,1,4,0.8,0.5,1.0,2.2635936737060547,3.2756391763687134,1.987168550491333,3.0880260467529297
5,1,4,0.8,0.5,2.0,2.0286545753479004,3.0619466304779053,2.2354767322540283,3.856873035430908
5,1,4,0.8,0.8,0.5,3.8280062675476074,5.878166437149048,1.8651368618011475,2.474094867706299
5,1,4,0.8,0.8,1.0,2.7625327110290527,4.069739103317261,2.484572172164917,3.916238784790039
5,1,4,0.8,0.8,2.0,2.1271963119506836,3.0509328842163086,2.465770959854126,4.556097507476807
5,1,4,1.0,0.2,0.5,4.133492469787598,5.534964859485626,1.7840498685836792,2.235692262649536
5,1,4,1.0,0.2,1.0,2.568207025527954,3.6629568338394165,1.969166874885559,2.8555948734283447
5,1,4,1.0,0.2,2.0,1.973684310913086,2.883184850215912,2.2954769134521484,4.020332336425781
5,1,4,1.0,0.5,0.5,3.527452230453491,4.956450879573822,2.207852363586426,2.94038462638855
5,1,4,1.0,0.5,1.0,1.8359074592590332,3.493263900279999,2.496605634689331,3.8913261890411377
5,1,4,1.0,0.5,2.0,1.5448671579360962,2.4962514638900757,2.6043174266815186,4.811281681060791
5,1,4,1.0,0.8,0.5,2.575500965118408,4.126062452793121,2.067929267883301,2.7652366161346436
5,1,4,1.0,0.8,1.0,2.912446975708008,4.663498938083649,3.033189296722412,5.209005355834961
5,1,4,1.0,0.8,2.0,1.919069766998291,3.1514902114868164,2.8927392959594727,5.67946195602417
5,1,4,1.2,0.2,0.5,0.6199686527252197,1.718247413635254,3.3207459449768066,4.844714164733887
5,1,4,1.2,0.2,1.0,2.0808780193328857,3.99888813495636,3.2685623168945312,4.837461471557617
5,1,4,1.2,0.2,2.0,1.3615543842315674,2.386508584022522,2.626913547515869,4.799605369567871
5,1,4,1.2,0.5,0.5,1.079096794128418,1.2573148012161255,3.6393511295318604,5.242384433746338
5,1,4,1.2,0.5,1.0,1.8945438861846924,2.8655917644500732,3.2139194011688232,5.671113967895508
5,1,4,1.2,0.5,2.0,1.1729159355163574,1.3723395466804504,3.160571813583374,6.110929489135742
5,1,4,1.2,0.8,0.5,1.6388646364212036,2.7047499418258667,4.0794477462768555,6.126638412475586
5,1,4,1.2,0.8,1.0,3.001666784286499,4.966872155666351,4.29281759262085,7.694097518920898
5,1,4,1.2,0.8,2.0,1.9446499347686768,2.8616939783096313,3.0513134002685547,6.346449851989746
6,1,0,0.8,0.2,0.5,2.727780818939209,4.41721248626709,2.0498526096343994,2.5295233726501465
6,1,0,0.8,0.2,1.0,3.8830068111419678,5.57041198015213,2.0495567321777344,2.9877727031707764
6,1,0,0.8,0.2,2.0,1.6974185705184937,2.392864406108856,2.1065869331359863,3.49422287940979
6,1,0,0.8,0.5,0.5,3.6500906944274902,5.616884350776672,1.946150779724121,2.5303728580474854
6,1,0,0.8,0.5,1.0,2.722871780395508,3.8731765151023865,2.066436529159546,3.1522977352142334
6,1,0,0.8,0.5,2.0,1.0923247337341309,1.6041664481163025,2.3081719875335693,4.055363655090332
6,1,0,0.8,0.8,0.5,3.7218241691589355,5.627372562885284,2.1615307331085205,2.8478243350982666
6,1,0,0.8,0.8,1.0,2.185206174850464,3.676761746406555,2.1934304237365723,3.5618813037872314
6,1,0,0.8,0.8,2.0,2.0572452545166016,3.009330689907074,2.6518490314483643,5.052006721496582
6,1,0,1.0,0.2,0.5,3.1565451622009277,4.871690511703491,2.4633262157440186,3.2272140979766846
6,1,0,1.0,0.2,1.0,1.659236192703247,2.909473478794098,2.129058837890625,3.272310495376587
6,1,0,1.0,0.2,2.0,2.0141794681549072,3.113066792488098,2.3920977115631104,4.089127540588379
6,1,0,1.0,0.5,0.5,2.3916845321655273,4.143149256706238,2.135586738586426,2.7231061458587646
6,1,0,1.0,0.5,1.0,1.1477279663085938,1.9940280318260193,2.221534490585327,3.529655933380127
6,1,0,1.0,0.5,2.0,0.5705870985984802,0.5705078840255737,3.052882432937622,5.91606330871582
6,1,0,1.0,0.8,0.5,3.5769007205963135,5.987051427364349,2.2730460166931152,3.10009503364563
6,1,0,1.0,0.8,1.0,2.6544137001037598,4.071498930454254,2.700237274169922,4.555132865905762
6,1,0,1.0,0.8,2.0,2.126363515853882,3.5437244176864624,2.9167370796203613,6.014221668243408
6,1,0,1.2,0.2,0.5,0.8305256962776184,2.3844183683395386,3.3743677139282227,4.634261608123779
6,1,0,1.2,0.2,1.0,1.2732882499694824,2.3198076486587524,3.2333924770355225,4.989771366119385
6,1,0,1.2,0.2,2.0,1.4671833515167236,2.5460283160209656,2.4774560928344727,4.2107768058776855
6,1,0,1.2,0.5,0.5,1.169209361076355,2.732885718345642,3.4128122329711914,5.02900505065918
6,1,0,1.2,0.5,1.0,2.150346517562866,3.720207393169403,2.737658739089966,4.6325764656066895
6,1,0,1.2,0.5,2.0,1.1069629192352295,1.4428894519805908,3.0412793159484863,6.086828708648682
6,1,0,1.2,0.8,0.5,1.2339032888412476,2.3846599459648132,3.9938604831695557,6.152207374572754
6,1,0,1.2,0.8,1.0,2.5324723720550537,2.7517571449279785,3.9321517944335938,7.158515453338623
6,1,0,1.2,0.8,2.0,2.2240490913391113,3.6699625849723816,4.266369342803955,9.241841316223145
6,1,1,0.8,0.2,0.5,3.3553993701934814,4.897237062454224,1.6946101188659668,2.116874933242798
6,1,1,0.8,0.2,1.0,2.0698375701904297,3.5361950397491455,1.988022804260254,2.981083631515503
6,1,1,0.8,0.2,2.0,1.9074904918670654,2.8899718523025513,2.0825037956237793,3.571331024169922
6,1,1,0.8,0.5,0.5,4.1533308029174805,5.520364165306091,1.7440001964569092,2.2663283348083496
6,1,1,0.8,0.5,1.0,2.4740705490112305,3.627624750137329,1.9766210317611694,3.086758613586426
6,1,1,0.8,0.5,2.0,1.8044850826263428,2.6134979724884033,2.3754823207855225,4.5069966316223145
6,1,1,0.8,0.8,0.5,3.774873971939087,5.718930304050446,2.207163095474243,2.8915317058563232
6,1,1,0.8,0.8,1.0,3.6142146587371826,5.255722880363464,2.262254476547241,3.6500892639160156
6,1,1,0.8,0.8,2.0,1.0468370914459229,1.850575566291809,2.5009067058563232,4.767503261566162
6,1,1,1.0,0.2,0.5,3.6054272651672363,4.61413836479187,1.9615192413330078,2.6519412994384766
6,1,1,1.0,0.2,1.0,3.395124912261963,4.904597878456116,2.206743001937866,3.280989170074463
6,1,1,1.0,0.2,2.0,1.9377121925354004,2.7422630190849304,2.1351826190948486,3.690554618835449
6,1,1,1.0,0.5,0.5,2.6632471084594727,3.192167043685913,2.7896101474761963,3.704394578933716
6,1,1,1.0,0.5,1.0,2.220630645751953,3.57698655128479,2.445784091949463,3.941145420074463
6,1,1,1.0,0.5,2.0,1.8996450901031494,2.6055222153663635,2.5131490230560303,4.614300727844238
6,1,1,1.0,0.8,0.5,3.509563446044922,4.548224747180939,2.8163211345672607,3.872281074523926
6,1,1,1.0,0.8,1.0,2.8847639560699463,4.741043984889984,2.995229721069336,5.102992057800293
6,1,1,1.0,0.8,2.0,1.9740736484527588,2.193906843662262,3.0739974975585938,6.115509510040283
6,1,1,1.2,0.2,0.5,0.5184755921363831,1.8312846422195435,3.24324107170105,4.653634548187256
6,1,1,1.2,0.2,1.0,2.8297836780548096,4.47981458902359,2.2884182929992676,3.63405704498291
6,1,1,1.2,0.2,2.0,1.4567131996154785,1.8494904041290283,2.711886167526245,4.588025093078613
6,1,1,1.2,0.5,0.5,1.1645324230194092,2.244610846042633,3.8194611072540283,5.437966823577881
6,1,1,1.2,0.5,1.0,0.8917648792266846,1.1795340776443481,3.9292290210723877,6.420229434967041
6,1,1,1.2,0.5,2.0,0.7911038398742676,0.8077316880226135,3.017397880554199,5.882565021514893
6,1,1,1.2,0.8,0.5,1.2674309015274048,2.8964261412620544,3.956251621246338,5.975663185119629
6,1,1,1.2,0.8,1.0,1.4418950080871582,2.5689566135406494,4.345470905303955,7.714081764221191
6,1,1,1.2,0.8,2.0,0.9920539259910583,1.795271098613739,3.824113130569458,8.424018859863281
6,1,2,0.8,0.2,0.5,5.154451370239258,6.724989235401154,1.7251684665679932,2.1762619018554688
6,1,2,0.8,0.2,1.0,2.8167905807495117,4.2143478989601135,1.9110758304595947,2.9811341762542725
6,1,2,0.8,0.2,2.0,2.3299989700317383,3.1491594910621643,2.037273406982422,3.4729530811309814
6,1,2,0.8,0.5,0.5,3.5150272846221924,5.059083819389343,1.69631028175354,2.147737741470337
6,1,2,0.8,0.5,1.0,1.9565911293029785,2.6283831000328064,2.0811080932617188,3.2987000942230225
6,1,2,0.8,0.5,2.0,1.9394845962524414,2.0660605430603027,2.2967896461486816,4.400882720947266
6,1,2,0.8,0.8,0.5,3.802053928375244,5.840586721897125,1.9410120248794556,2.5540361404418945
6,1,2,0.8,0.8,1.0,2.958327054977417,5.307218432426453,2.2921671867370605,3.7662277221679688
6,1,2,0.8,0.8,2.0,0.6072474718093872,1.0035666227340698,2.495985269546509,4.9847540855407715
6,1,2,1.0,0.2,0.5,3.4193367958068848,5.056726038455963,1.7288031578063965,2.2705514430999756
6,1,2,1.0,0.2,1.0,2.788961172103882,4.67548280954361,1.9719619750976562,2.854891777038574
6,1,2,1.0,0.2,2.0,1.1239383220672607,2.3077316284179688,2.368562936782837,4.201169967651367
6,1,2,1.0,0.5,0.5,2.578239917755127,3.8571330904960632,2.5921618938446045,3.4309606552124023
6,1,2,1.0,0.5,1.0,2.74057674407959,3.480136513710022,2.312723398208618,3.6009316444396973
6,1,2,1.0,0.5,2.0,1.095118761062622,1.54781574010849,2.5725059509277344,4.949120998382568
6,1,2,1.0,0.8,0.5,3.1320676803588867,4.780528903007507,2.73484206199646,3.665412187576294
6,1,2,1.0,0.8,1.0,3.8561129570007324,5.555872976779938,2.670448064804077,4.389747619628906
6,1,2,1.0,0.8,2.0,3.1879591941833496,4.210911273956299,3.1060452461242676,6.388854026794434
6,1,2,1.2,0.2,0.5,1.481679916381836,2.4600296020507812,3.3360915184020996,4.834770679473877
6,1,2,1.2,0.2,1.0,1.7044174671173096,3.319676637649536,3.2859625816345215,4.793399333953857
6,1,2,1.2,0.2,2.0,1.5345659255981445,2.4253779649734497,2.7547123432159424,4.9526591300964355
6,1,2,1.2,0.5,0.5,1.8672523498535156,3.8552651405334473,3.632999897003174,5.337352752685547
6,1,2,1.2,0.5,1.0,0.7619958519935608,1.5692906379699707,4.0751190185546875,6.344782829284668
6,1,2,1.2,0.5,2.0,2.216921329498291,2.926432430744171,2.731233835220337,5.332193374633789
6,1,2,1.2,0.8,0.5,1.536895990371704,2.581440269947052,4.040817737579346,6.022451877593994
6,1,2,1.2,0.8,1.0,3.5474677085876465,5.524841606616974,3.83488392829895,7.086758613586426
6,1,2,1.2,0.8,2.0,1.1512954235076904,1.1346186995506287,3.3115577697753906,7.029371738433838
6,1,3,0.8,0.2,0.5,3.6746742725372314,5.650086879730225,1.8218132257461548,2.2932159900665283
6,1,3,0.8,0.2,1.0,3.302300453186035,4.027173042297363,1.8288663625717163,2.6726620197296143
6,1,3,0.8,0.2,2.0,1.5652846097946167,2.058331072330475,2.036679744720459,3.5843894481658936
6,1,3,0.8,0.5,0.5,2.8597278594970703,3.695801317691803,1.7374082803726196,2.185438632965088
6,1,3,0.8,0.5,1.0,2.1410303115844727,3.740183711051941,2.136899709701538,3.1832478046417236
6,1,3,0.8,0.5,2.0,1.6486403942108154,2.255661725997925,2.468047857284546,4.29508638381958
6,1,3,0.8,0.8,0.5,4.146663665771484,5.0203317403793335,2.036137580871582,2.6890552043914795
6,1,3,0.8,0.8,1.0,2.40333890914917,3.7995864152908325,2.481649875640869,3.942152738571167
6,1,3,0.8,0.8,2.0,2.6827011108398438,4.355037569999695,2.579988718032837,4.820570945739746
6,1,3,1.0,0.2,0.5,3.6534080505371094,5.003815948963165,2.074737548828125,2.5732944011688232
6,1,3,1.0,0.2,1.0,2.4567465782165527,3.569659113883972,2.0490221977233887,3.0968728065490723
6,1,3,1.0,0.2,2.0,1.6025583744049072,2.717522621154785,2.168865442276001,3.835446834564209
6,1,3,1.0,0.5,0.5,3.331308364868164,5.006036102771759,2.640601634979248,3.5426952838897705
6,1,3,1.0,0.5,1.0,1.1879348754882812,1.5617336630821228,2.518610715866089,3.9476656913757324
6,1,3,1.0,0.5,2.0,1.524401307106018,2.1990514993667603,2.669017791748047,5.072865009307861
6,1,3,1.0,0.8,0.5,3.5862464904785156,4.934807181358337,2.0403127670288086,2.801018714904785
6,1,3,1.0,0.8,1.0,1.4669698476791382,2.4047223329544067,3.0428578853607178,5.164142608642578
6,1,3,1.0,0.8,2.0,0.9983293414115906,1.9653106331825256,2.9714322090148926,6.118844985961914
6,1,3,1.2,0.2,0.5,0.8381354808807373,2.8184791207313538,3.2794203758239746,4.5019402503967285
6,1,3,1.2,0.2,1.0,0.7463372349739075,1.6718875169754028,3.2305805683135986,4.927951335906982
6,1,3,1.2,0.2,2.0,0.9629438519477844,2.5869234204292297,2.6328670978546143,4.834435939788818
6,1,3,1.2,0.5,0.5,1.197725534439087,2.264784097671509,3.6907644271850586,5.357541084289551
6,1,3,1.2,0.5,1.0,2.034898042678833,3.557970643043518,2.5885705947875977,4.48870849609375
6,1,3,1.2,0.5,2.0,0.42641592025756836,0.9450404644012451,3.0869534015655518,6.198856353759766
6,1,3,1.2,0.8,0.5,1.3959612846374512,2.868344008922577,4.123540878295898,6.223727226257324
6,1,3,1.2,0.8,1.0,2.0460636615753174,2.99563068151474,3.011070728302002,5.996756553649902
6,1,3,1.2,0.8,2.0,2.746298313140869,3.828574299812317,3.532259941101074,7.473160743713379
6,1,4,0.8,0.2,0.5,3.1922576427459717,4.508335769176483,1.7829153537750244,2.2759928703308105
6,1,4,0.8,0.2,1.0,2.0916385650634766,3.243699312210083,2.009812593460083,2.9565589427948
6,1,4,0.8,0.2,2.0,1.1760156154632568,1.6226573586463928,2.0842444896698,3.500020742416382
6,1,4,0.8,0.5,0.5,3.083791732788086,4.176922559738159,1.856278896331787,2.3994436264038086
6,1,4,0.8,0.5,1.0,2.3094356060028076,2.7939594984054565,2.0769286155700684,3.160996198654175
6,1,4,0.8,0.5,2.0,1.3149516582489014,1.8036916851997375,2.3205695152282715,4.375387668609619
6,1,4,0.8,0.8,0.5,3.730936288833618,5.007809579372406,1.9341236352920532,2.5319297313690186
6,1,4,0.8,0.8,1.0,1.5539252758026123,1.5585673451423645,2.5020365715026855,4.071093559265137
6,1,4,0.8,0.8,2.0,2.655606985092163,2.846501111984253,2.675832748413086,5.125814914703369
6,1,4,1.0,0.2,0.5,3.630915403366089,5.7305978536605835,2.0266504287719727,2.647667646408081
6,1,4,1.0,0.2,1.0,2.5363640785217285,3.4258460998535156,2.1812093257904053,3.18660306930542
6,1,4,1.0,0.2,2.0,1.9690496921539307,2.9243350625038147,2.203364610671997,3.749835968017578
6,1,4,1.0,0.5,0.5,2.9328455924987793,4.03053605556488,1.950899362564087,2.4700686931610107
6,1,4,1.0,0.5,1.0,2.3801846504211426,3.569454848766327,2.3427228927612305,3.8210256099700928
6,1,4,1.0,0.5,2.0,1.7773628234863281,3.0500819087028503,2.4443795680999756,4.675903797149658
6,1,4,1.0,0.8,0.5,3.474783182144165,4.416268527507782,2.97598934173584,3.9784481525421143
6,1,4,1.0,0.8,1.0,2.129335403442383,3.850851893424988,2.4544332027435303,3.9795584678649902
6,1,4,1.0,0.8,2.0,1.8859481811523438,2.4386919140815735,2.7743992805480957,5.656443119049072
6,1,4,1.2,0.2,0.5,0.6349278092384338,1.6676071286201477,3.1119000911712646,4.550991535186768
6,1,4,1.2,0.2,1.0,2.75409197807312,4.251318871974945,2.43938946723938,3.866603136062622
6,1,4,1.2,0.2,2.0,0.8652263283729553,1.5151241421699524,2.822213888168335,5.1296610832214355
6,1,4,1.2,0.5,0.5,0.5158869028091431,1.6280770897865295,3.6736342906951904,5.487632751464844
6,1,4,1.2,0.5,1.0,1.4514634609222412,2.93518328666687,3.679349184036255,5.944369316101074
6,1,4,1.2,0.5,2.0,1.4935811758041382,1.6839507818222046,2.8257782459259033,5.493912220001221
6,1,4,1.2,0.8,0.5,1.0001661777496338,2.124594986438751,3.9016804695129395,5.899670600891113
6,1,4,1.2,0.8,1.0,2.8041574954986572,3.7688833475112915,4.382948398590088,8.028271675109863
6,1,4,1.2,0.8,2.0,1.9763801097869873,3.7028475999832153,3.2566003799438477,6.785850524902344
7,1,0,0.8,0.2,0.5,2.4164867401123047,5.039014399051666,1.6342477798461914,2.080643892288208
7,1,0,0.8,0.2,1.0,2.7940900325775146,4.007623970508575,1.963883638381958,2.8123106956481934
7,1,0,0.8,0.2,2.0,1.9182729721069336,2.864629805088043,2.057650327682495,3.3827314376831055
7,1,0,0.8,0.5,0.5,3.9011006355285645,5.432683527469635,1.8013932704925537,2.397268295288086
7,1,0,0.8,0.5,1.0,2.6320643424987793,3.0588086247444153,2.0461082458496094,3.0992431640625
7,1,0,0.8,0.5,2.0,1.8708853721618652,2.761011838912964,2.3292219638824463,4.338067054748535
7,1,0,0.8,0.8,0.5,2.2433156967163086,3.795024812221527,1.875852108001709,2.541367769241333
7,1,0,0.8,0.8,1.0,2.0067873001098633,2.705289125442505,2.1874775886535645,3.4852285385131836
7,1,0,0.8,0.8,2.0,2.003472328186035,3.0767733454704285,2.4603328704833984,4.4997382164001465
7,1,0,1.0,0.2,0.5,2.706801652908325,5.175176739692688,2.220365524291992,2.785125255584717
7,1,0,1.0,0.2,1.0,1.9947072267532349,3.2325926423072815,2.0867130756378174,3.1373705863952637
7,1,0,1.0,0.2,2.0,2.1891515254974365,3.0598681569099426,2.208970308303833,3.7238993644714355
7,1,0,1.0,0.5,0.5,2.8437585830688477,4.358258426189423,2.4773459434509277,3.218019723892212
7,1,0,1.0,0.5,1.0,2.974625587463379,4.112719357013702,2.468031167984009,3.9986932277679443
7,1,0,1.0,0.5,2.0,1.3128459453582764,1.8271820545196533,2.5498924255371094,4.822753429412842
7,1,0,1.0,0.8,0.5,2.4297099113464355,4.032525539398193,2.4660816192626953,3.295736074447632
7,1,0,1.0,0.8,1.0,2.8334503173828125,4.703708171844482,2.5811331272125244,4.261004447937012
7,1,0,1.0,0.8,2.0,1.9987351894378662,2.747669219970703,2.7494699954986572,5.5138983726501465
7,1,0,1.2,0.2,0.5,0.7644666433334351,1.4224191904067993,3.2116377353668213,4.46665620803833
7,1,0,1.2,0.2,1.0,1.5289549827575684,2.6423144936561584,3.371018409729004,5.006133556365967
7,1,0,1.2,0.2,2.0,1.9525983333587646,2.605329215526581,2.449897527694702,4.195060729980469
7,1,0,1.2,0.5,0.5,0.8752623796463013,1.7542606592178345,3.689070701599121,5.6804609298706055
7,1,0,1.2,0.5,1.0,1.867002010345459,2.532254457473755,3.4527390003204346,5.8123931884765625
7,1,0,1.2,0.5,2.0,0.8025153875350952,1.3181490302085876,2.6873464584350586,5.1959757804870605
7,1,0,1.2,0.8,0.5,1.6717751026153564,2.703193724155426,4.218810081481934,6.559875965118408
7,1,0,1.2,0.8,1.0,1.9356822967529297,2.4320189356803894,4.484653472900391,8.368760108947754
7,1,0,1.2,0.8,2.0,1.2987067699432373,1.3438012599945068,4.712967395782471,10.405965805053711
7,1,1,0.8,0.2,0.5,3.130676031112671,4.701850593090057,1.6638031005859375,2.1146764755249023
7,1,1,0.8,0.2,1.0,2.423182725906372,3.6108803749084473,1.968446135520935,2.9388720989227295
7,1,1,0.8,0.2,2.0,1.4332380294799805,2.3749403953552246,2.0985524654388428,3.573781967163086
7,1,1,0.8,0.5,0.5,3.1738927364349365,4.546401083469391,1.822385549545288,2.3327276706695557
7,1,1,0.8,0.5,1.0,2.5619938373565674,3.608142375946045,2.2604775428771973,3.623361349105835
7,1,1,0.8,0.5,2.0,1.869037389755249,2.57509583234787,2.480559825897217,4.45017147064209
7,1,1,0.8,0.8,0.5,3.1128222942352295,4.395483314990997,1.8953293561935425,2.4467313289642334
7,1,1,0.8,0.8,1.0,2.1547956466674805,3.1263954043388367,2.3375914096832275,3.747671365737915
7,1,1,0.8,0.8,2.0,2.469062566757202,2.8735470175743103,2.6519384384155273,5.301576614379883
7,1,1,1.0,0.2,0.5,3.524343967437744,5.005190074443817,2.4912290573120117,3.2381668090820312
7,1,1,1.0,0.2,1.0,3.027194023132324,4.457086145877838,1.9186875820159912,2.85250186920166
7,1,1,1.0,0.2,2.0,2.158116340637207,3.1787148118019104,2.110377311706543,3.7946689128875732
7,1,1,1.0,0.5,0.5,3.439234733581543,5.398175656795502,2.305312395095825,3.0549967288970947
7,1,1,1.0,0.5,1.0,1.3606470823287964,2.1994475722312927,3.1259169578552246,4.95761775970459
7,1,1,1.0,0.5,2.0,2.055305004119873,2.49593985080719,2.541231632232666,4.704461574554443
7,1,1,1.0,0.8,0.5,3.74294376373291,5.653302073478699,2.517960786819458,3.427260637283325
7,1,1,1.0,0.8,1.0,2.89121675491333,4.597424924373627,2.5675456523895264,4.318600177764893
7,1,1,1.0,0.8,2.0,0.8418158292770386,1.7375724911689758,2.7774744033813477,5.44812536239624
7,1,1,1.2,0.2,0.5,1.5540032386779785,3.170052409172058,3.433892011642456,4.783276557922363
7,1,1,1.2,0.2,1.0,2.1033427715301514,3.2560863494873047,2.38712739944458,3.5997912883758545
7,1,1,1.2,0.2,2.0,1.563196063041687,2.7684049010276794,2.5663156509399414,4.434380054473877
7,1,1,1.2,0.5,0.5,1.2030577659606934,2.361479699611664,3.624925374984741,5.2935991287231445
7,1,1,1.2,0.5,1.0,2.2708449363708496,3.674686908721924,3.0379040241241455,5.5361104011535645
7,1,1,1.2,0.5,2.0,0.9112120270729065,1.5477439761161804,2.933448076248169,5.892034530639648
7,1,1,1.2,0.8,0.5,1.2444531917572021,1.4844375848770142,3.9786734580993652,5.974444389343262
7,1,1,1.2,0.8,1.0,1.6224851608276367,2.585394322872162,3.221799850463867,6.160322189331055
7,1,1,1.2,0.8,2.0,2.5450761318206787,3.4949581027030945,4.015150547027588,8.829710960388184
7,1,2,0.8,0.2,0.5,4.174651622772217,5.857794284820557,1.5987870693206787,1.9846912622451782
7,1,2,0.8,0.2,1.0,2.6340413093566895,4.408270955085754,1.9010933637619019,2.8624191284179688
7,1,2,0.8,0.2,2.0,1.777716875076294,2.7531219720840454,2.010223865509033,3.3935160636901855
7,1,2,0.8,0.5,0.5,3.743802547454834,5.501488149166107,1.743889331817627,2.2599167823791504
7,1,2,0.8,0.5,1.0,1.4587435722351074,1.8970232009887695,1.9637748003005981,3.0438733100891113
7,1,2,0.8,0.5,2.0,2.0833029747009277,2.536840319633484,2.2479634284973145,3.99113130569458
7,1,2,0.8,0.8,0.5,3.7550036907196045,5.6182257533073425,2.167052745819092,2.889090061187744
7,1,2,0.8,0.8,1.0,2.539116382598877,3.2309821248054504,2.2867496013641357,3.680198907852173
7,1,2,0.8,0.8,2.0,2.0110297203063965,2.872423231601715,2.604106903076172,4.827017307281494
7,1,2,1.0,0.2,0.5,2.8108623027801514,4.80102926492691,1.9926152229309082,2.4971389770507812
7,1,2,1.0,0.2,1.0,2.2592434883117676,3.679613947868347,2.1620595455169678,3.180819511413574
7,1,2,1.0,0.2,2.0,1.9043841361999512,3.4722983837127686,2.2704882621765137,4.055968761444092
7,1,2,1.0,0.5,0.5,2.6155474185943604,3.5330708622932434,1.8365559577941895,2.4513587951660156
7,1,2,1.0,0.5,1.0,1.9341609477996826,2.775574803352356,2.3655154705047607,3.7566983699798584
7,1,2,1.0,0.5,2.0,1.595665454864502,2.4841663241386414,2.9153571128845215,5.388406276702881
7,1,2,1.0,0.8,0.5,3.7509469985961914,5.495836555957794,2.742717981338501,3.7008719444274902
7,1,2,1.0,0.8,1.0,2.383814811706543,3.1371966004371643,3.0338354110717773,5.018371105194092
7,1,2,1.0,0.8,2.0,0.9342800378799438,1.5267844200134277,3.005680799484253,6.018482208251953
7,1,2,1.2,0.2,0.5,0.7479313611984253,2.1683990359306335,3.23799991607666,4.595261096954346
7,1,2,1.2,0.2,1.0,1.5881654024124146,2.643310785293579,3.0347740650177,4.71757173538208
7,1,2,1.2,0.2,2.0,2.057587146759033,2.684895396232605,2.657785654067993,5.0955424308776855
7,1,2,1.2,0.5,0.5,1.3249672651290894,2.519274055957794,3.6687986850738525,5.226820468902588
7,1,2,1.2,0.5,1.0,2.589860439300537,3.2701699137687683,3.233220100402832,5.408455848693848
7,1,2,1.2,0.5,2.0,0.5150207281112671,1.1958013772964478,2.9744160175323486,6.087420463562012
7,1,2,1.2,0.8,0.5,1.9088670015335083,2.665042519569397,4.339046955108643,6.769253253936768
7,1,2,1.2,0.8,1.0,2.565735101699829,3.6180103421211243,2.7642323970794678,4.987368583679199
7,1,2,1.2,0.8,2.0,2.127441883087158,3.046710729598999,3.3960084915161133,7.335443019866943
7,1,3,0.8,0.2,0.5,3.225353717803955,4.5974584221839905,1.6921093463897705,2.117976665496826
7,1,3,0.8,0.2,1.0,2.594754695892334,3.534562349319458,1.989439845085144,2.8393614292144775
7,1,3,0.8,0.2,2.0,1.9258689880371094,2.562466025352478,2.23215913772583,3.6013214588165283
7,1,3,0.8,0.5,0.5,2.9758472442626953,3.3874730467796326,1.8612724542617798,2.390291929244995
7,1,3,0.8,0.5,1.0,2.384232521057129,3.6742230653762817,1.9573408365249634,2.9230947494506836
7,1,3,0.8,0.5,2.0,1.1562877893447876,2.1436502933502197,2.2594919204711914,4.080935478210449
7,1,3,0.8,0.8,0.5,3.552664041519165,5.476454854011536,2.1111886501312256,2.83453106880188
7,1,3,0.8,0.8,1.0,2.4231367111206055,4.084575414657593,2.378931999206543,3.8709957599639893
7,1,3,0.8,0.8,2.0,2.0250518321990967,3.2787593603134155,2.5919926166534424,4.918288230895996
7,1,3,1.0,0.2,0.5,2.4894535541534424,3.747768223285675,1.8572206497192383,2.443467140197754
7,1,3,1.0,0.2,1.0,2.152460813522339,3.8725451827049255,2.0571062564849854,3.128157138824463
7,1,3,1.0,0.2,2.0,1.5136226415634155,2.3979110717773438,2.147242307662964,3.687685966491699
7,1,3,1.0,0.5,0.5,3.2319793701171875,4.9643014669418335,2.510441780090332,3.281306505203247
7,1,3,1.0,0.5,1.0,2.2882614135742188,2.9702959656715393,2.3872108459472656,3.7396838665008545
7,1,3,1.0,0.5,2.0,1.4229744672775269,2.4061148166656494,3.089449644088745,5.714247226715088
7,1,3,1.0,0.8,0.5,4.311929225921631,5.638367235660553,2.1342427730560303,2.9302914142608643
7,1,3,1.0,0.8,1.0,2.7788219451904297,3.99223393201828,3.1658287048339844,5.2566609382629395
7,1,3,1.0,0.8,2.0,1.8297207355499268,3.616079092025757,2.789717435836792,5.584911346435547
7,1,3,1.2,0.2,0.5,0.7437669038772583,2.1411057114601135,3.174121379852295,4.662604808807373
7,1,3,1.2,0.2,1.0,1.564969778060913,2.0215418338775635,2.9148125648498535,4.503659725189209
7,1,3,1.2,0.2,2.0,1.8942145109176636,2.1069759130477905,2.619901657104492,4.772157669067383
7,1,3,1.2,0.5,0.5,0.5765362977981567,1.8739705085754395,3.5353527069091797,5.295729637145996
7,1,3,1.2,0.5,1.0,1.3685921430587769,2.06913423538208,3.5374855995178223,5.887829780578613
7,1,3,1.2,0.5,2.0,1.402662754058838,1.871766746044159,3.0263938903808594,6.137616157531738
7,1,3,1.2,0.8,0.5,0.9830383658409119,1.969325840473175,3.975740909576416,6.188565731048584
7,1,3,1.2,0.8,1.0,3.3861734867095947,5.19024121761322,3.7091546058654785,6.6918625831604
7,1,3,1.2,0.8,2.0,1.6192905902862549,2.5732412934303284,3.8248462677001953,8.135077476501465
7,1,4,0.8,0.2,0.5,4.1559038162231445,5.570674300193787,1.635627269744873,2.0450119972229004
7,1,4,0.8,0.2,1.0,2.318066120147705,3.9401618242263794,2.0520458221435547,2.944992780685425
7,1,4,0.8,0.2,2.0,1.6319782733917236,2.5286317467689514,2.323634624481201,3.849290370941162
7,1,4,0.8,0.5,0.5,3.1295433044433594,4.6741679310798645,2.2662508487701416,2.865077495574951
7,1,4,0.8,0.5,1.0,2.186248302459717,3.928834080696106,2.0067293643951416,3.048905372619629
7,1,4,0.8,0.5,2.0,1.1362043619155884,2.069383978843689,2.276780605316162,4.020350456237793
7,1,4,0.8,0.8,0.5,3.0416314601898193,4.267548561096191,2.31973934173584,3.1417033672332764
7,1,4,0.8,0.8,1.0,2.4073281288146973,3.847006142139435,2.545679807662964,4.181301593780518
7,1,4,0.8,0.8,2.0,2.55965518951416,4.2176989912986755,2.5673186779022217,4.904226303100586
7,1,4,1.0,0.2,0.5,2.6467630863189697,4.950560986995697,2.0416042804718018,2.6257128715515137
7,1,4,1.0,0.2,1.0,3.137603521347046,3.8184404969215393,2.250239610671997,3.2935924530029297
7,1,4,1.0,0.2,2.0,1.433587670326233,2.3773553371429443,2.3593099117279053,4.180506229400635
7,1,4,1.0,0.5,0.5,3.3674657344818115,5.313563406467438,1.8975342512130737,2.5150158405303955
7,1,4,1.0,0.5,1.0,2.000518321990967,3.0902843475341797,2.212653398513794,3.577712297439575
7,1,4,1.0,0.5,2.0,1.070112705230713,2.092217266559601,2.5423948764801025,4.961613655090332
7,1,4,1.0,0.8,0.5,3.1152563095092773,4.470141530036926,2.6847376823425293,3.5570695400238037
7,1,4,1.0,0.8,1.0,3.2019495964050293,5.450182199478149,2.4062116146087646,3.8956940174102783
7,1,4,1.0,0.8,2.0,1.0936269760131836,1.8380975723266602,3.535823106765747,7.176105976104736
7,1,4,1.2,0.2,0.5,0.55976802110672,1.976811170578003,3.170625925064087,4.868833065032959
7,1,4,1.2,0.2,1.0,1.4761264324188232,2.9985424280166626,2.7783756256103516,4.3808817863464355
7,1,4,1.2,0.2,2.0,1.1336948871612549,1.9293482303619385,2.341634511947632,4.1100640296936035
7,1,4,1.2,0.5,0.5,0.3599247932434082,0.8877330422401428,3.5455026626586914,5.104929447174072
7,1,4,1.2,0.5,1.0,2.1303956508636475,3.3445496559143066,3.3335254192352295,5.644237518310547
7,1,4,1.2,0.5,2.0,1.0767676830291748,1.8791990280151367,3.0938239097595215,6.242893695831299
7,1,4,1.2,0.8,0.5,1.8561537265777588,3.7720325589179993,4.183793067932129,6.4435038566589355
7,1,4,1.2,0.8,1.0,1.7303255796432495,1.8324074149131775,3.544138193130493,6.474972248077393
7,1,4,1.2,0.8,2.0,2.001504421234131,2.1649126410484314,4.202835559844971,8.952876091003418
8,1,0,0.8,0.2,0.5,2.7432923316955566,4.813926994800568,1.6875600814819336,2.1107089519500732
8,1,0,0.8,0.2,1.0,2.997311592102051,4.012646734714508,1.8580020666122437,2.7497010231018066
8,1,0,0.8,0.2,2.0,1.9303909540176392,3.2179229259490967,2.0137007236480713,3.599149703979492
8,1,0,0.8,0.5,0.5,2.3894221782684326,3.183282256126404,1.8230555057525635,2.363243579864502
8,1,0,0.8,0.5,1.0,1.6369194984436035,3.4191463589668274,2.148859977722168,3.3280045986175537
8,1,0,0.8,0.5,2.0,0.7304126620292664,1.0036340355873108,2.266414165496826,3.951292037963867
8,1,0,0.8,0.8,0.5,4.1213178634643555,6.152771234512329,2.110358953475952,2.795534372329712
8,1,0,0.8,0.8,1.0,2.2489564418792725,4.206118285655975,2.175191879272461,3.57399582862854
8,1,0,0.8,0.8,2.0,2.0390985012054443,3.7537923455238342,2.5057966709136963,4.829441070556641
8,1,0,1.0,0.2,0.5,3.1811294555664062,4.705260217189789,2.3778648376464844,2.9304518699645996
8,1,0,1.0,0.2,1.0,2.5764527320861816,3.8437785506248474,2.34944486618042,3.4780938625335693
8,1,0,1.0,0.2,2.0,1.409197449684143,2.0478800535202026,2.255277156829834,3.979987144470215
8,1,0,1.0,0.5,0.5,3.3347606658935547,4.997929811477661,2.019102096557617,2.729552745819092
8,1,0,1.0,0.5,1.0,1.7182337045669556,2.3767272233963013,2.202406883239746,3.5906693935394287
8,1,0,1.0,0.5,2.0,1.1620495319366455,1.5520578026771545,2.8701834678649902,5.660809516906738
8,1,0,1.0,0.8,0.5,4.12380838394165,5.997681140899658,2.9842212200164795,4.0572967529296875
8,1,0,1.0,0.8,1.0,2.7732114791870117,4.185704588890076,2.704892873764038,4.47739839553833
8,1,0,1.0,0.8,2.0,1.5630488395690918,2.3435943722724915,3.0529582500457764,6.1715779304504395
8,1,0,1.2,0.2,0.5,1.2115559577941895,2.630841016769409,3.281238555908203,4.644374847412109
8,1,0,1.2,0.2,1.0,1.9312189817428589,2.824300706386566,2.7441492080688477,4.454486846923828
8,1,0,1.2,0.2,2.0,2.129599094390869,2.9113030433654785,2.4174306392669678,4.320155620574951
8,1,0,1.2,0.5,0.5,0.27529382705688477,0.9792451858520508,3.6728785037994385,5.360341548919678
8,1,0,1.2,0.5,1.0,2.4800710678100586,4.047957003116608,2.5123465061187744,4.281816482543945
8,1,0,1.2,0.5,2.0,1.003601312637329,1.1923331022262573,2.6764919757843018,5.529455661773682
8,1,0,1.2,0.8,0.5,1.9625002145767212,3.4820772409439087,4.115033149719238,6.33054256439209
8,1,0,1.2,0.8,1.0,2.8172338008880615,4.265553891658783,3.868619441986084,7.217347621917725
8,1,0,1.2,0.8,2.0,1.5168298482894897,2.4017282128334045,3.504331350326538,7.5977582931518555
8,1,1,0.8,0.2,0.5,3.1678385734558105,4.094699740409851,1.6213834285736084,2.053142786026001
8,1,1,0.8,0.2,1.0,2.1082332134246826,3.594852030277252,1.8434274196624756,2.693943977355957
8,1,1,0.8,0.2,2.0,1.3942701816558838,2.395877420902252,2.224379301071167,3.705618381500244
8,1,1,0.8,0.5,0.5,3.9817800521850586,5.0026814341545105,1.800951600074768,2.2645440101623535
8,1,1,0.8,0.5,1.0,2.855316162109375,3.623811960220337,2.2608535289764404,3.440274477005005
8,1,1,0.8,0.5,2.0,1.5769060850143433,2.7546713948249817,2.1955695152282715,3.9245870113372803
8,1,1,0.8,0.8,0.5,3.057166576385498,4.556128442287445,1.9738699197769165,2.533792734146118
8,1,1,0.8,0.8,1.0,3.0940191745758057,4.540640830993652,2.2829816341400146,3.687645196914673
8,1,1,0.8,0.8,2.0,0.9241477847099304,0.9056898951530457,2.76727294921875,5.522767066955566
8,1,1,1.0,0.2,0.5,3.565798282623291,5.7520951628685,2.3979997634887695,3.0848052501678467
8,1,1,1.0,0.2,1.0,2.733325242996216,3.626971423625946,2.0120723247528076,3.1283977031707764
8,1,1,1.0,0.2,2.0,1.4718942642211914,2.2151463627815247,2.1451127529144287,3.7419917583465576
8,1,1,1.0,0.5,0.5,2.3043289184570312,3.2759962677955627,2.1926188468933105,2.866192102432251
8,1,1,1.0,0.5,1.0,1.977962851524353,3.019426167011261,2.8725101947784424,4.518596649169922
8,1,1,1.0,0.5,2.0,1.4041569232940674,1.841258704662323,2.902397632598877,5.538969993591309
8,1,1,1.0,0.8,0.5,3.687680244445801,4.9741498827934265,2.929692268371582,3.8053698539733887
8,1,1,1.0,0.8,1.0,3.4196534156799316,5.286268174648285,2.5403311252593994,4.457679271697998
8,1,1,1.0,0.8,2.0,1.0169923305511475,1.9643009305000305,3.1288063526153564,6.295428276062012
8,1,1,1.2,0.2,0.5,1.0322246551513672,2.455215334892273,3.231919050216675,4.570998668670654
8,1,1,1.2,0.2,1.0,1.869915246963501,2.537879467010498,3.052656888961792,4.627583026885986
8,1,1,1.2,0.2,2.0,1.4971067905426025,2.656900942325592,2.4753310680389404,4.141783237457275
8,1,1,1.2,0.5,0.5,0.9195695519447327,2.323306143283844,3.514638900756836,5.276882171630859
8,1,1,1.2,0.5,1.0,2.0850183963775635,3.3326428532600403,3.500715494155884,5.882465362548828
8,1,1,1.2,0.5,2.0,1.4178247451782227,1.7868626713752747,2.7950453758239746,5.6675567626953125
8,1,1,1.2,0.8,0.5,2.198848009109497,3.288329780101776,4.233956813812256,6.418105602264404
8,1,1,1.2,0.8,1.0,2.753253221511841,4.8475664258003235,3.191685199737549,6.0618743896484375
8,1,1,1.2,0.8,2.0,0.997311532497406,1.605563998222351,4.984337329864502,10.685074806213379
8,1,2,0.8,0.2,0.5,3.633765935897827,5.180858075618744,1.6045879125595093,1.9805341958999634
8,1,2,0.8,0.2,1.0,1.5416491031646729,2.9174067974090576,1.7652983665466309,2.553408622741699
8,1,2,0.8,0.2,2.0,1.927659034729004,2.1939547657966614,2.027585983276367,3.3505876064300537
8,1,2,0.8,0.5,0.5,3.4722609519958496,4.863677680492401,1.8221464157104492,2.279977321624756
8,1,2,0.8,0.5,1.0,2.309746503829956,3.914750099182129,1.9417197704315186,2.961198329925537
8,1,2,0.8,0.5,2.0,1.2879059314727783,2.1669411659240723,2.346416711807251,4.203692436218262
8,1,2,0.8,0.8,0.5,3.2974295616149902,4.7461389899253845,2.0429999828338623,2.7214813232421875
8,1,2,0.8,0.8,1.0,2.0898420810699463,2.5912318229675293,2.314121723175049,3.694382905960083
8,1,2,0.8,0.8,2.0,3.2359015941619873,4.639854907989502,2.5733869075775146,4.799891471862793
8,1,2,1.0,0.2,0.5,3.860352039337158,5.977398633956909,1.785630702972412,2.3994641304016113
8,1,2,1.0,0.2,1.0,1.6717686653137207,2.6495171189308167,2.3411266803741455,3.5612282752990723
8,1,2,1.0,0.2,2.0,1.9148285388946533,2.5922231674194336,2.1593003273010254,3.8369698524475098
8,1,2,1.0,0.5,0.5,2.8157272338867188,4.098568916320801,2.1109607219696045,2.8002192974090576
8,1,2,1.0,0.5,1.0,1.6586425304412842,1.9402312636375427,3.041233539581299,4.733479976654053
8,1,2,1.0,0.5,2.0,2.1751914024353027,3.179244816303253,2.509021759033203,4.504457950592041
8,1,2,1.0,0.8,0.5,3.965648651123047,5.867733955383301,2.3615074157714844,3.228329658508301
8,1,2,1.0,0.8,1.0,3.225825309753418,4.864909589290619,3.364201307296753,5.83005952835083
8,1,2,1.0,0.8,2.0,1.8586006164550781,2.5105854272842407,3.0151708126068115,6.097245216369629
8,1,2,1.2,0.2,0.5,1.1371736526489258,2.1254993677139282,3.2204678058624268,4.605672359466553
8,1,2,1.2,0.2,1.0,0.0,0.021911144256591797,3.192512273788452,4.995384693145752
8,1,2,1.2,0.2,2.0,1.5206704139709473,2.2083300948143005,2.4970552921295166,4.30959939956665
8,1,2,1.2,0.5,0.5,1.2520538568496704,2.3506385684013367,3.5876259803771973,5.312161445617676
8,1,2,1.2,0.5,1.0,3.162550210952759,5.142094373703003,2.6427154541015625,4.143318176269531
8,1,2,1.2,0.5,2.0,1.1187052726745605,1.7756012082099915,3.361903429031372,6.760702133178711
8,1,2,1.2,0.8,0.5,1.6302759647369385,2.619024634361267,4.100496292114258,6.310328960418701
8,1,2,1.2,0.8,1.0,2.6358418464660645,4.322418034076691,4.031844139099121,7.271833896636963
8,1,2,1.2,0.8,2.0,1.622805118560791,2.612610697746277,3.5103437900543213,7.640651226043701
8,1,3,0.8,0.2,0.5,3.3301033973693848,4.533393859863281,1.6425135135650635,1.98106849193573
8,1,3,0.8,0.2,1.0,2.217041254043579,4.8488850593566895,2.1099562644958496,3.2233474254608154
8,1,3,0.8,0.2,2.0,1.318882942199707,1.7587935328483582,2.170603036880493,3.7414207458496094
8,1,3,0.8,0.5,0.5,3.1946308612823486,5.073381006717682,1.9250694513320923,2.469123601913452
8,1,3,0.8,0.5,1.0,2.888232469558716,3.6017894744873047,2.0505876541137695,3.122173547744751
8,1,3,0.8,0.5,2.0,1.0674638748168945,1.6940146088600159,2.3063247203826904,4.308023452758789
8,1,3,0.8,0.8,0.5,3.8579204082489014,4.976681232452393,2.012888193130493,2.6327064037323
8,1,3,0.8,0.8,1.0,3.321207284927368,4.349453449249268,2.1927950382232666,3.4824013710021973
8,1,3,0.8,0.8,2.0,2.196746349334717,2.3961031436920166,2.7795214653015137,5.203878879547119
8,1,3,1.0,0.2,0.5,3.2267911434173584,3.9797937870025635,1.9704232215881348,2.593946933746338
8,1,3,1.0,0.2,1.0,2.3763201236724854,3.841803014278412,1.9672415256500244,2.977444887161255
8,1,3,1.0,0.2,2.0,1.2195045948028564,1.763835370540619,2.244241237640381,3.872382879257202
8,1,3,1.0,0.5,0.5,3.9862940311431885,4.630385875701904,1.989899754524231,2.620053291320801
8,1,3,1.0,0.5,1.0,3.0422255992889404,4.450360536575317,2.5417122840881348,4.116940021514893
8,1,3,1.0,0.5,2.0,1.9836156368255615,3.1766371726989746,2.582440137863159,4.968902587890625
8,1,3,1.0,0.8,0.5,2.6819090843200684,4.3001163601875305,2.1966235637664795,2.9864394664764404
8,1,3,1.0,0.8,1.0,3.1470024585723877,5.383528828620911,2.509134531021118,4.1006083488464355
8,1,3,1.0,0.8,2.0,1.7642676830291748,2.5672799944877625,2.715965509414673,5.446096897125244
8,1,3,1.2,0.2,0.5,0.8743453621864319,1.1448111534118652,3.197099208831787,4.326485633850098
8,1,3,1.2,0.2,1.0,1.2147207260131836,1.6155232787132263,3.449580669403076,5.302715301513672
8,1,3,1.2,0.2,2.0,1.63273024559021,2.5309861302375793,2.5367374420166016,4.577203273773193
8,1,3,1.2,0.5,0.5,1.1664035320281982,2.3966100215911865,3.5987114906311035,5.495604991912842
8,1,3,1.2,0.5,1.0,2.5623669624328613,3.9975448846817017,2.7931830883026123,4.7157182693481445
8,1,3,1.2,0.5,2.0,0.6979269981384277,0.917363703250885,3.415349006652832,6.978891849517822
8,1,3,1.2,0.8,0.5,1.023145079612732,1.5685200691223145,4.143205642700195,6.287642002105713
8,1,3,1.2,0.8,1.0,1.2996248006820679,1.2425123453140259,2.8480465412139893,5.536130905151367
8,1,3,1.2,0.8,2.0,2.6472702026367188,3.330713629722595,3.72615122795105,8.018074035644531
8,1,4,0.8,0.2,0.5,3.5175485610961914,5.171080052852631,1.627393126487732,2.0748531818389893
8,1,4,0.8,0.2,1.0,1.8608546257019043,3.8342190980911255,2.1688945293426514,3.2431321144104004
8,1,4,0.8,0.2,2.0,2.307089328765869,3.6222984790802,2.082827091217041,3.714245080947876
8,1,4,0.8,0.5,0.5,2.914181709289551,4.617995917797089,2.001128911972046,2.5894558429718018
8,1,4,0.8,0.5,1.0,3.2838830947875977,4.786055743694305,2.21881103515625,3.383312940597534
8,1,4,0.8,0.5,2.0,1.2082536220550537,2.0003511905670166,2.208698272705078,4.042734622955322
8,1,4,0.8,0.8,0.5,3.996413469314575,5.114253759384155,2.224271535873413,2.935107469558716
8,1,4,0.8,0.8,1.0,2.4350688457489014,4.051456689834595,2.446092128753662,3.9786646366119385
8,1,4,0.8,0.8,2.0,2.1076602935791016,3.487973153591156,2.682659149169922,5.1054911613464355
8,1,4,1.0,0.2,0.5,2.737973213195801,4.2721651792526245,2.0415937900543213,2.7542638778686523
8,1,4,1.0,0.2,1.0,2.6587955951690674,3.921310842037201,2.0713281631469727,3.1513891220092773
8,1,4,1.0,0.2,2.0,1.065072774887085,1.9256080985069275,2.218363046646118,3.8416764736175537
8,1,4,1.0,0.5,0.5,2.6081395149230957,4.218170404434204,2.0393083095550537,2.693049430847168
8,1,4,1.0,0.5,1.0,1.7080674171447754,2.3833218216896057,2.9725100994110107,4.665698051452637
8,1,4,1.0,0.5,2.0,1.129659652709961,1.8110511302947998,2.543534278869629,4.880011558532715
8,1,4,1.0,0.8,0.5,3.94785213470459,5.385895729064941,2.781160354614258,3.7588586807250977
8,1,4,1.0,0.8,1.0,1.0000274181365967,1.9149706959724426,2.8712151050567627,4.607848644256592
8,1,4,1.0,0.8,2.0,1.7925028800964355,2.713896930217743,2.9534549713134766,5.92812967300415
8,1,4,1.2,0.2,0.5,0.9402655363082886,1.9315361976623535,3.3044004440307617,4.666812896728516
8,1,4,1.2,0.2,1.0,0.7520661354064941,1.2864051461219788,3.5592715740203857,5.575078964233398
8,1,4,1.2,0.2,2.0,1.1280698776245117,2.2566583156585693,2.2784829139709473,4.15661096572876
8,1,4,1.2,0.5,0.5,1.5931141376495361,2.3698184490203857,3.6086370944976807,5.311831951141357
8,1,4,1.2,0.5,1.0,1.1996557712554932,1.6063599586486816,3.336320638656616,5.69882345199585
8,1,4,1.2,0.5,2.0,1.5190410614013672,3.2890155911445618,2.6638524532318115,5.215076446533203
8,1,4,1.2,0.8,0.5,1.7494690418243408,2.2479764223098755,4.039862632751465,6.1088361740112305
8,1,4,1.2,0.8,1.0,3.01383900642395,4.776865184307098,3.924164295196533,7.246358394622803
8,1,4,1.2,0.8,2.0,1.1381542682647705,2.1112788915634155,3.0255203247070312,6.430140018463135
9,1,0,0.8,0.2,0.5,4.188359260559082,6.189851701259613,1.5639787912368774,1.9640318155288696
9,1,0,0.8,0.2,1.0,3.2115256786346436,3.9850661754608154,1.8198482990264893,2.7432186603546143
9,1,0,0.8,0.2,2.0,1.1613410711288452,1.8163136839866638,1.9770127534866333,3.412518262863159
9,1,0,0.8,0.5,0.5,3.624663829803467,5.408513247966766,1.8768130540847778,2.441938638687134
9,1,0,0.8,0.5,1.0,2.6571710109710693,4.355757236480713,2.1366310119628906,3.282458782196045
9,1,0,0.8,0.5,2.0,1.2771100997924805,2.391128420829773,2.177381992340088,4.03564453125
9,1,0,0.8,0.8,0.5,2.292477607727051,3.0963478684425354,1.997389316558838,2.740323066711426
9,1,0,0.8,0.8,1.0,2.4676432609558105,3.24314546585083,2.2978169918060303,3.5503036975860596
9,1,0,0.8,0.8,2.0,1.4825968742370605,2.348351776599884,2.498342514038086,4.7796783447265625
9,1,0,1.0,0.2,0.5,2.692056655883789,4.359312534332275,2.374303102493286,2.9535324573516846
9,1,0,1.0,0.2,1.0,2.213503122329712,2.9403735995292664,2.0576446056365967,3.0708584785461426
9,1,0,1.0,0.2,2.0,1.1691970825195312,2.3389949798583984,2.451472520828247,4.26491641998291
9,1,0,1.0,0.5,0.5,3.303419351577759,4.606513857841492,2.064284563064575,2.6366755962371826
9,1,0,1.0,0.5,1.0,1.7748862504959106,2.8738788962364197,2.2093377113342285,3.382866621017456
9,1,0,1.0,0.5,2.0,1.6432067155838013,2.606011152267456,2.490882635116577,4.574974536895752
9,1,0,1.0,0.8,0.5,2.5594403743743896,3.1975144147872925,2.5649654865264893,3.4965219497680664
9,1,0,1.0,0.8,1.0,2.901761054992676,4.253617584705353,2.866227626800537,4.709085941314697
9,1,0,1.0,0.8,2.0,2.070246696472168,2.608935058116913,3.313823699951172,6.729426860809326
9,1,0,1.2,0.2,0.5,1.0828702449798584,3.388180136680603,3.3878540992736816,4.864428520202637
9,1,0,1.2,0.2,1.0,1.6198680400848389,2.3343136310577393,3.052349090576172,4.826823711395264
9,1,0,1.2,0.2,2.0,1.4225980043411255,1.6841455698013306,3.031846761703491,5.271060943603516
9,1,0,1.2,0.5,0.5,0.3006683588027954,0.8352408409118652,3.6058053970336914,5.358921527862549
9,1,0,1.2,0.5,1.0,2.151430606842041,2.5001652240753174,2.926039695739746,4.7999491691589355
9,1,0,1.2,0.5,2.0,1.5835336446762085,2.5648592710494995,3.1846632957458496,6.578254699707031
9,1,0,1.2,0.8,0.5,1.9365317821502686,2.225231111049652,4.03424596786499,6.027945041656494
9,1,0,1.2,0.8,1.0,1.961451530456543,3.473652482032776,4.789408206939697,8.621243476867676
9,1,0,1.2,0.8,2.0,2.029036521911621,2.634032189846039,4.5536723136901855,10.332618713378906
9,1,1,0.8,0.2,0.5,3.478313684463501,5.088284969329834,1.6278986930847168,2.0433149337768555
9,1,1,0.8,0.2,1.0,2.1741976737976074,3.173384130001068,2.069469928741455,3.0367751121520996
9,1,1,0.8,0.2,2.0,1.1794061660766602,1.7515725493431091,2.1201353073120117,3.603630304336548
9,1,1,0.8,0.5,0.5,2.897569417953491,4.087305068969727,2.0432822704315186,2.6367714405059814
9,1,1,0.8,0.5,1.0,2.8870110511779785,3.9619765281677246,2.403120279312134,3.79567813873291
9,1,1,0.8,0.5,2.0,1.5648622512817383,2.7216598987579346,2.2575504779815674,4.195167064666748
9,1,1,0.8,0.8,0.5,4.17030143737793,5.907402575016022,1.892086148262024,2.5147156715393066
9,1,1,0.8,0.8,1.0,2.4607486724853516,3.3575525283813477,2.310619354248047,3.720388412475586
9,1,1,0.8,0.8,2.0,1.7763149738311768,2.5316492915153503,2.573455810546875,4.962213516235352
9,1,1,1.0,0.2,0.5,3.253255605697632,4.880269229412079,1.7072395086288452,2.276756763458252
9,1,1,1.0,0.2,1.0,2.4629786014556885,3.934843599796295,2.325732707977295,3.4345884323120117
9,1,1,1.0,0.2,2.0,0.8025975823402405,1.504731297492981,2.4192726612091064,4.401727676391602
9,1,1,1.0,0.5,0.5,2.556248664855957,3.6018348932266235,2.8771982192993164,3.7638330459594727
9,1,1,1.0,0.5,1.0,1.2544293403625488,2.457148015499115,2.3499364852905273,3.7992193698883057
9,1,1,1.0,0.5,2.0,2.1517531871795654,2.9343668818473816,2.6964352130889893,5.024699687957764
9,1,1,1.0,0.8,0.5,3.6680150032043457,6.068897724151611,2.337467908859253,3.1548171043395996
9,1,1,1.0,0.8,1.0,3.209885597229004,4.357141971588135,2.6033124923706055,4.408139705657959
9,1,1,1.0,0.8,2.0,1.146926999092102,2.029432713985443,3.0094070434570312,6.113544464111328
9,1,1,1.2,0.2,0.5,1.1996736526489258,2.2041990756988525,3.237290143966675,4.773319721221924
9,1,1,1.2,0.2,1.0,1.2273310422897339,1.711729645729065,3.3921618461608887,5.048907279968262
9,1,1,1.2,0.2,2.0,1.7307182550430298,2.400137782096863,2.671053171157837,4.778667449951172
9,1,1,1.2,0.5,0.5,1.2896089553833008,2.695429503917694,3.638054132461548,5.1485443115234375
9,1,1,1.2,0.5,1.0,1.4025700092315674,1.5584571957588196,2.9631946086883545,5.0799055099487305
9,1,1,1.2,0.5,2.0,0.6038930416107178,1.2000782489776611,2.8842921257019043,5.691731929779053
9,1,1,1.2,0.8,0.5,1.0630192756652832,1.417679250240326,4.152842998504639,6.430945873260498
9,1,1,1.2,0.8,1.0,2.903747081756592,4.237676501274109,3.666365623474121,6.7304606437683105
9,1,1,1.2,0.8,2.0,2.104297161102295,3.156592607498169,3.3594186305999756,7.321475028991699
9,1,2,0.8,0.2,0.5,3.4381377696990967,4.46754390001297,1.9795260429382324,2.473405122756958
9,1,2,0.8,0.2,1.0,3.2785022258758545,4.335628688335419,2.145725727081299,3.1427950859069824
9,1,2,0.8,0.2,2.0,1.6994643211364746,2.6149269938468933,2.2216320037841797,3.7756192684173584
9,1,2,0.8,0.5,0.5,3.3921730518341064,4.700742304325104,2.097851037979126,2.6994447708129883
9,1,2,0.8,0.5,1.0,2.4789822101593018,3.6899808049201965,1.963389277458191,2.9883246421813965
9,1,2,0.8,0.5,2.0,1.4298170804977417,2.0014968514442444,2.2031404972076416,3.9174611568450928
9,1,2,0.8,0.8,0.5,2.939758777618408,4.654272198677063,1.846487045288086,2.4660372734069824
9,1,2,0.8,0.8,1.0,2.2555055618286133,3.420669376850128,2.2534537315368652,3.731558084487915
9,1,2,0.8,0.8,2.0,1.3125486373901367,2.3463706970214844,2.606764316558838,5.000943660736084
9,1,2,1.0,0.2,0.5,2.9134974479675293,4.866505324840546,1.7537853717803955,2.3013341426849365
9,1,2,1.0,0.2,1.0,2.4290285110473633,3.695890426635742,1.9985461235046387,3.014071226119995
9,1,2,1.0,0.2,2.0,1.026167869567871,2.0728516578674316,2.382892370223999,4.217774391174316
9,1,2,1.0,0.5,0.5,2.4608845710754395,3.7272369265556335,2.5419652462005615,3.254910707473755
9,1,2,1.0,0.5,1.0,1.325140118598938,1.8061080574989319,2.8536758422851562,4.538893699645996
9,1,2,1.0,0.5,2.0,2.2128987312316895,2.619831144809723,2.624297857284546,5.099716663360596
9,1,2,1.0,0.8,0.5,3.583397626876831,5.133936703205109,2.5985960960388184,3.525033473968506
9,1,2,1.0,0.8,1.0,1.7962467670440674,3.5770108103752136,2.510101795196533,4.1367506980896
9,1,2,1.0,0.8,2.0,2.0951058864593506,3.134522795677185,2.937830686569214,6.0093994140625
9,1,2,1.2,0.2,0.5,1.0836453437805176,1.377920925617218,3.1660749912261963,4.351992607116699
9,1,2,1.2,0.2,1.0,1.333451509475708,1.8077862858772278,3.41565203666687,4.854445934295654
9,1,2,1.2,0.2,2.0,1.684598684310913,2.282531440258026,2.3580210208892822,4.1910881996154785
9,1,2,1.2,0.5,0.5,0.9643348455429077,1.907425045967102,3.740328550338745,5.462465763092041
9,1,2,1.2,0.5,1.0,1.8053404092788696,2.789418041706085,3.6044092178344727,6.139381408691406
9,1,2,1.2,0.5,2.0,0.8750471472740173,1.2459312677383423,3.115628480911255,6.007530212402344
9,1,2,1.2,0.8,0.5,1.7789793014526367,2.8749621510505676,3.952428102493286,6.183849334716797
9,1,2,1.2,0.8,1.0,1.859123945236206,2.994845151901245,3.996267795562744,7.362685203552246
9,1,2,1.2,0.8,2.0,2.479520797729492,3.3821609020233154,3.317918539047241,6.943800926208496
9,1,3,0.8,0.2,0.5,4.045010566711426,5.670366883277893,1.733512282371521,2.2071475982666016
9,1,3,0.8,0.2,1.0,2.660090684890747,4.516134798526764,1.8122584819793701,2.643672227859497
9,1,3,0.8,0.2,2.0,1.0012702941894531,1.5828107595443726,2.225817918777466,3.787130832672119
9,1,3,0.8,0.5,0.5,3.1252236366271973,5.101761996746063,1.8988208770751953,2.5133469104766846
9,1,3,0.8,0.5,1.0,1.6185588836669922,2.371172606945038,2.4195215702056885,3.8022356033325195
9,1,3,0.8,0.5,2.0,2.262296438217163,2.501514196395874,2.2313742637634277,3.9968080520629883
9,1,3,0.8,0.8,0.5,3.6857519149780273,4.9224019050598145,1.9134846925735474,2.4902570247650146
9,1,3,0.8,0.8,1.0,2.2741572856903076,3.155319631099701,2.4158482551574707,3.9456892013549805
9,1,3,0.8,0.8,2.0,1.886837124824524,2.99557363986969,2.558039426803589,4.930110454559326
9,1,3,1.0,0.2,0.5,3.4449524879455566,4.796095192432404,2.3508968353271484,3.1121058464050293
9,1,3,1.0,0.2,1.0,2.4119272232055664,3.59938782453537,2.2113311290740967,3.339655637741089
9,1,3,1.0,0.2,2.0,1.7375338077545166,2.657719135284424,2.273397445678711,3.9926562309265137
9,1,3,1.0,0.5,0.5,2.5854439735412598,3.8084693551063538,2.020003080368042,2.710718870162964
9,1,3,1.0,0.5,1.0,2.803537368774414,4.7954190373420715,2.7031657695770264,4.197932243347168
9,1,3,1.0,0.5,2.0,1.6526175737380981,2.635551691055298,2.3998467922210693,4.7109246253967285
9,1,3,1.0,0.8,0.5,4.5179338455200195,5.858815968036652,2.2698323726654053,3.2015230655670166
9,1,3,1.0,0.8,1.0,3.083599805831909,3.3706604838371277,3.083559513092041,5.208542346954346
9,1,3,1.0,0.8,2.0,2.0365405082702637,3.2082050442695618,2.882082462310791,5.853494644165039
9,1,3,1.2,0.2,0.5,1.1224842071533203,2.4717352390289307,3.2767179012298584,4.712152481079102
9,1,3,1.2,0.2,1.0,1.1256508827209473,1.7282772660255432,3.0884721279144287,4.7471489906311035
9,1,3,1.2,0.2,2.0,1.7189855575561523,3.0808549523353577,2.489997625350952,4.2490081787109375
9,1,3,1.2,0.5,0.5,0.434032142162323,1.15005624294281,3.6738409996032715,5.640492916107178
9,1,3,1.2,0.5,1.0,0.7498703598976135,0.9757810235023499,3.6671507358551025,6.111355304718018
9,1,3,1.2,0.5,2.0,0.5919322371482849,0.9549168348312378,2.9994120597839355,5.933132171630859
9,1,3,1.2,0.8,0.5,1.164201021194458,2.253909647464752,3.9240663051605225,5.9798502922058105
9,1,3,1.2,0.8,1.0,1.5876725912094116,1.593670129776001,4.7983174324035645,8.44628620147705
9,1,3,1.2,0.8,2.0,2.3490519523620605,3.3212438225746155,3.1310906410217285,6.414510726928711
9,1,4,0.8,0.2,0.5,3.775075674057007,5.4903037548065186,1.5814385414123535,1.9632147550582886
9,1,4,0.8,0.2,1.0,3.335759162902832,4.104897320270538,1.9088280200958252,2.8203554153442383
9,1,4,0.8,0.2,2.0,1.0958229303359985,2.1106849312782288,2.087808132171631,3.6597001552581787
9,1,4,0.8,0.5,0.5,3.56152081489563,4.414274752140045,1.8226988315582275,2.348973035812378
9,1,4,0.8,0.5,1.0,3.1283679008483887,4.288167119026184,2.08538818359375,3.162254810333252
9,1,4,0.8,0.5,2.0,0.9507407546043396,1.62672758102417,2.3485684394836426,4.354350566864014
9,1,4,0.8,0.8,0.5,4.141419410705566,5.712178289890289,1.8671231269836426,2.4217634201049805
9,1,4,0.8,0.8,1.0,1.5193963050842285,2.4947973489761353,2.5312514305114746,4.040762901306152
9,1,4,0.8,0.8,2.0,1.2821552753448486,1.301535725593567,2.599663257598877,4.874173641204834
9,1,4,1.0,0.2,0.5,3.223165273666382,5.357438921928406,2.4153995513916016,3.1950831413269043
9,1,4,1.0,0.2,1.0,1.8849427700042725,3.0431488752365112,1.9083871841430664,2.998875141143799
9,1,4,1.0,0.2,2.0,1.3319672346115112,2.2536837458610535,2.403400182723999,4.23582124710083
9,1,4,1.0,0.5,0.5,3.446983814239502,4.964963495731354,2.388132333755493,3.162952423095703
9,1,4,1.0,0.5,1.0,1.7938873767852783,2.675716519355774,2.802076816558838,4.494485855102539
9,1,4,1.0,0.5,2.0,0.7982146739959717,1.4225618243217468,2.5777413845062256,4.92746639251709
9,1,4,1.0,0.8,0.5,2.7936222553253174,4.56391179561615,2.38228178024292,3.1761474609375
9,1,4,1.0,0.8,1.0,3.0437331199645996,4.654685616493225,2.7807955741882324,4.607128620147705
9,1,4,1.0,0.8,2.0,2.343752384185791,3.2678589820861816,3.357173204421997,6.839392185211182
9,1,4,1.2,0.2,0.5,1.0734012126922607,1.8805273175239563,3.2268967628479004,4.661915302276611
9,1,4,1.2,0.2,1.0,2.1595730781555176,3.120519995689392,3.047450304031372,4.883956432342529
9,1,4,1.2,0.2,2.0,1.6899176836013794,2.013507664203644,2.3876566886901855,4.445148468017578
9,1,4,1.2,0.5,0.5,1.2263541221618652,2.4565444588661194,3.4970128536224365,5.0667405128479
9,1,4,1.2,0.5,1.0,1.798206090927124,2.3693551421165466,3.0170164108276367,5.0262885093688965
9,1,4,1.2,0.5,2.0,0.4450722932815552,0.5259286761283875,3.3410415649414062,6.657102584838867
9,1,4,1.2,0.8,0.5,0.935687243938446,0.9349163770675659,4.093140602111816,6.094850540161133
9,1,4,1.2,0.8,1.0,2.052744150161743,3.653711676597595,3.19935941696167,6.016134738922119
9,1,4,1.2,0.8,2.0,2.0315749645233154,2.122414469718933,4.336860179901123,9.739836692810059
10,1,0,0.8,0.2,0.5,4.350077152252197,6.3718642592430115,1.6655133962631226,2.140742063522339
10,1,0,0.8,0.2,1.0,2.1313915252685547,4.070608377456665,1.970033884048462,2.9898691177368164
10,1,0,0.8,0.2,2.0,1.5708014965057373,2.335153102874756,1.9928135871887207,3.2527337074279785
10,1,0,0.8,0.5,0.5,4.207488536834717,5.793830633163452,1.7909919023513794,2.2680399417877197
10,1,0,0.8,0.5,1.0,2.208369731903076,3.6561925411224365,1.9740129709243774,3.107581615447998
10,1,0,0.8,0.5,2.0,0.8946191668510437,1.234031617641449,2.346331834793091,4.235416412353516
10,1,0,0.8,0.8,0.5,2.632126569747925,3.907372772693634,2.2277956008911133,3.0159943103790283
10,1,0,0.8,0.8,1.0,3.503833770751953,5.797036230564117,2.1608879566192627,3.3796613216400146
10,1,0,0.8,0.8,2.0,2.1763665676116943,3.4791869521141052,2.5441019535064697,4.938966751098633
10,1,0,1.0,0.2,0.5,3.475518226623535,5.4741697907447815,2.1189610958099365,2.68123197555542
10,1,0,1.0,0.2,1.0,3.126640796661377,4.3456613421440125,2.3998196125030518,3.451195478439331
10,1,0,1.0,0.2,2.0,1.0855579376220703,2.172882556915283,2.327629804611206,4.230363845825195
10,1,0,1.0,0.5,0.5,3.8901772499084473,5.590584754943848,2.1600379943847656,2.958989381790161
10,1,0,1.0,0.5,1.0,3.012727737426758,4.592418611049652,2.2862741947174072,3.5082950592041016
10,1,0,1.0,0.5,2.0,1.4708518981933594,2.0884934067726135,2.4362409114837646,4.43013334274292
10,1,0,1.0,0.8,0.5,4.030714511871338,6.55594140291214,2.180791139602661,2.9771766662597656
10,1,0,1.0,0.8,1.0,3.27274227142334,4.755371153354645,2.6852917671203613,4.453583240509033
10,1,0,1.0,0.8,2.0,2.7852914333343506,3.4831610918045044,2.78904390335083,5.601208686828613
10,1,0,1.2,0.2,0.5,1.5401618480682373,2.1394641399383545,3.3211355209350586,4.6302266120910645
10,1,0,1.2,0.2,1.0,2.583542585372925,3.9924996495246887,2.820678234100342,4.259247303009033
10,1,0,1.2,0.2,2.0,1.2793221473693848,2.1883159279823303,2.6184775829315186,4.690779685974121
10,1,0,1.2,0.5,0.5,0.9335430860519409,1.5270443558692932,3.6567745208740234,5.422513008117676
10,1,0,1.2,0.5,1.0,2.113128662109375,3.6681877970695496,3.368713855743408,5.670528411865234
10,1,0,1.2,0.5,2.0,0.9119850993156433,1.709031105041504,2.690178632736206,5.460940361022949
10,1,0,1.2,0.8,0.5,0.967326283454895,1.931337833404541,4.000346660614014,6.023005962371826
10,1,0,1.2,0.8,1.0,2.213273763656616,2.9693921208381653,4.331134796142578,7.941616535186768
10,1,0,1.2,0.8,2.0,2.4870262145996094,3.2941057085990906,3.164562940597534,6.730485439300537
10,1,1,0.8,0.2,0.5,3.8012025356292725,5.141202926635742,1.659660816192627,2.1677517890930176
10,1,1,0.8,0.2,1.0,2.6065168380737305,3.9988288283348083,1.844468116760254,2.7798421382904053
10,1,1,0.8,0.2,2.0,2.2927331924438477,3.3934207558631897,2.146423816680908,3.731698751449585
10,1,1,0.8,0.5,0.5,2.9192004203796387,4.385608017444611,1.8998351097106934,2.4825234413146973
10,1,1,0.8,0.5,1.0,2.67523455619812,4.594306945800781,2.0794758796691895,3.1422696113586426
10,1,1,0.8,0.5,2.0,1.457849144935608,2.428838551044464,2.2474095821380615,4.122838020324707
10,1,1,0.8,0.8,0.5,3.6889638900756836,5.246011853218079,2.1745805740356445,2.8829591274261475
10,1,1,0.8,0.8,1.0,3.2919085025787354,3.629949688911438,2.3226985931396484,3.6720550060272217
10,1,1,0.8,0.8,2.0,1.3517239093780518,2.5035298466682434,2.4563851356506348,4.765093803405762
10,1,1,1.0,0.2,0.5,3.5912423133850098,4.973550856113434,2.106916666030884,2.6971428394317627
10,1,1,1.0,0.2,1.0,2.6444103717803955,3.6483943462371826,2.3182473182678223,3.4174978733062744
10,1,1,1.0,0.2,2.0,1.3023803234100342,2.7980395555496216,2.2332518100738525,3.8952295780181885
10,1,1,1.0,0.5,0.5,2.858226776123047,3.9509708285331726,2.0666871070861816,2.702049732208252
10,1,1,1.0,0.5,1.0,3.4496753215789795,4.918949484825134,2.5747146606445312,4.00467586517334
10,1,1,1.0,0.5,2.0,1.6944760084152222,1.8678985834121704,2.5142829418182373,4.725398540496826
10,1,1,1.0,0.8,0.5,3.2270429134368896,4.967776358127594,2.7239737510681152,3.7864954471588135
10,1,1,1.0,0.8,1.0,2.844693183898926,4.222472965717316,2.431161403656006,3.9997448921203613
10,1,1,1.0,0.8,2.0,1.8955037593841553,2.211901545524597,3.0648458003997803,6.32069206237793
10,1,1,1.2,0.2,0.5,1.0666815042495728,2.4318730235099792,3.320610523223877,4.662591934204102
10,1,1,1.2,0.2,1.0,2.0461931228637695,3.640686869621277,3.0016260147094727,4.203244209289551
10,1,1,1.2,0.2,2.0,1.5679959058761597,2.053575813770294,2.36972713470459,3.9847750663757324
10,1,1,1.2,0.5,0.5,0.6046116352081299,1.57410329580307,3.658357858657837,5.398658275604248
10,1,1,1.2,0.5,1.0,2.426884174346924,3.575843095779419,3.0249974727630615,5.244375705718994
10,1,1,1.2,0.5,2.0,0.4598315358161926,1.1735969185829163,2.7036311626434326,5.243701934814453
10,1,1,1.2,0.8,0.5,1.5493394136428833,3.0396746397018433,4.248617172241211,6.34522819519043
10,1,1,1.2,0.8,1.0,1.6152138710021973,2.234426438808441,3.856055498123169,7.21893835067749
10,1,1,1.2,0.8,2.0,2.1421642303466797,2.141209661960602,3.87530779838562,8.421927452087402
10,1,2,0.8,0.2,0.5,3.198582649230957,4.674459338188171,1.8332374095916748,2.403826951980591
10,1,2,0.8,0.2,1.0,1.7790861129760742,3.7656334042549133,2.0916197299957275,3.0352048873901367
10,1,2,0.8,0.2,2.0,1.4439928531646729,2.3060523867607117,2.1436424255371094,3.649921178817749
10,1,2,0.8,0.5,0.5,3.042222499847412,4.324750065803528,1.9637451171875,2.4661242961883545
10,1,2,0.8,0.5,1.0,2.3245935440063477,3.513147711753845,2.069756031036377,3.1683709621429443
10,1,2,0.8,0.5,2.0,1.962329626083374,3.0014554858207703,2.4579694271087646,4.379289150238037
10,1,2,0.8,0.8,0.5,3.0188920497894287,4.839701414108276,2.190406084060669,2.9763033390045166
10,1,2,0.8,0.8,1.0,3.3613240718841553,5.1685619950294495,2.229426383972168,3.6410036087036133
10,1,2,0.8,0.8,2.0,1.8728686571121216,3.419649839401245,2.583998680114746,4.830630779266357
10,1,2,1.0,0.2,0.5,4.727161407470703,6.079984545707703,2.3506851196289062,2.9158127307891846
10,1,2,1.0,0.2,1.0,3.2297115325927734,4.439604341983795,2.1328883171081543,3.2568752765655518
10,1,2,1.0,0.2,2.0,1.5586988925933838,2.054450750350952,2.280977725982666,3.9247570037841797
10,1,2,1.0,0.5,0.5,3.436948776245117,5.141685247421265,1.9486024379730225,2.6618213653564453
10,1,2,1.0,0.5,1.0,2.331340789794922,2.6756561994552612,2.494201898574829,3.902484893798828
10,1,2,1.0,0.5,2.0,1.1075294017791748,1.8543228507041931,2.749925136566162,5.087020397186279
10,1,2,1.0,0.8,0.5,3.308631420135498,5.486030697822571,2.6177966594696045,3.4796180725097656
10,1,2,1.0,0.8,1.0,2.413550615310669,3.339385151863098,3.090510845184326,5.165781497955322
10,1,2,1.0,0.8,2.0,2.445665121078491,3.9703239798545837,3.4649393558502197,7.151719570159912
10,1,2,1.2,0.2,0.5,0.5615469217300415,1.2586926817893982,3.3334195613861084,4.601625442504883
10,1,2,1.2,0.2,1.0,0.10895168781280518,0.35816729068756104,2.7149083614349365,4.265542507171631
10,1,2,1.2,0.2,2.0,1.7790604829788208,2.364534914493561,2.86295485496521,5.099478721618652
10,1,2,1.2,0.5,0.5,1.0861341953277588,2.3498602509498596,3.58656907081604,5.291685581207275
10,1,2,1.2,0.5,1.0,1.9073903560638428,3.427372694015503,3.0550014972686768,5.201608180999756
10,1,2,1.2,0.5,2.0,1.77882981300354,2.2202001810073853,2.6964714527130127,5.3689680099487305
10,1,2,1.2,0.8,0.5,1.660636305809021,2.512664318084717,4.112576961517334,6.317000865936279
10,1,2,1.2,0.8,1.0,0.4874996542930603,0.518775463104248,3.9374561309814453,6.858606815338135
10,1,2,1.2,0.8,2.0,2.037883758544922,2.75431627035141,3.506598949432373,7.339242935180664
10,1,3,0.8,0.2,0.5,3.383599042892456,4.484796106815338,1.7981529235839844,2.292722463607788
10,1,3,0.8,0.2,1.0,2.797198534011841,4.419798672199249,2.075796127319336,3.0983757972717285
10,1,3,0.8,0.2,2.0,1.8249319791793823,2.8569875359535217,2.058091163635254,3.5460364818573
10,1,3,0.8,0.5,0.5,2.8557345867156982,3.7515023946762085,1.7063003778457642,2.163479804992676
10,1,3,0.8,0.5,1.0,2.9759349822998047,3.896634817123413,1.9686068296432495,2.9631450176239014
10,1,3,0.8,0.5,2.0,1.9346511363983154,2.796450614929199,2.2266032695770264,3.974607229232788
10,1,3,0.8,0.8,0.5,4.358989715576172,6.041355669498444,1.855208158493042,2.4155752658843994
10,1,3,0.8,0.8,1.0,2.4110636711120605,2.6938669681549072,2.381977081298828,3.7369580268859863
10,1,3,0.8,0.8,2.0,2.7788825035095215,4.66721373796463,2.541597843170166,4.744983673095703
10,1,3,1.0,0.2,0.5,3.0692877769470215,4.811389327049255,1.766202449798584,2.2653210163116455
10,1,3,1.0,0.2,1.0,2.143462657928467,3.0627476572990417,2.48740553855896,3.770650863647461
10,1,3,1.0,0.2,2.0,1.232590913772583,1.9710015058517456,2.341912031173706,4.160147190093994
10,1,3,1.0,0.5,0.5,2.99604868888855,4.236891448497772,2.274195671081543,3.0919620990753174
10,1,3,1.0,0.5,1.0,1.200932264328003,1.4020529985427856,2.8477492332458496,4.589578151702881
10,1,3,1.0,0.5,2.0,0.7813606262207031,0.8447487950325012,2.495314359664917,4.584174156188965
10,1,3,1.0,0.8,0.5,3.8446645736694336,4.609201192855835,2.5735323429107666,3.472480058670044
10,1,3,1.0,0.8,1.0,2.9040589332580566,3.5950358510017395,3.2535083293914795,5.430022239685059
10,1,3,1.0,0.8,2.0,2.389101982116699,3.4406027793884277,2.815016984939575,5.457296848297119
10,1,3,1.2,0.2,0.5,1.2870807647705078,2.5727458000183105,3.297785997390747,4.848407745361328
10,1,3,1.2,0.2,1.0,2.1382341384887695,3.3626911640167236,3.125286102294922,4.842423915863037
10,1,3,1.2,0.2,2.0,0.8457538485527039,1.4201172590255737,2.9562413692474365,5.585960865020752
10,1,3,1.2,0.5,0.5,0.2336515188217163,0.8484941124916077,3.6872498989105225,5.399064540863037
10,1,3,1.2,0.5,1.0,1.2607395648956299,1.933750331401825,3.7672388553619385,6.137539863586426
10,1,3,1.2,0.5,2.0,1.837118148803711,2.4938586950302124,2.8177177906036377,5.508851528167725
10,1,3,1.2,0.8,0.5,2.2055728435516357,4.632377803325653,4.240823745727539,6.718449592590332
10,1,3,1.2,0.8,1.0,2.155327796936035,3.931784510612488,3.6034133434295654,6.318852424621582
10,1,3,1.2,0.8,2.0,2.3420169353485107,3.283780336380005,4.159562110900879,8.92496395111084
10,1,4,0.8,0.2,0.5,3.085163116455078,5.607177376747131,1.9392473697662354,2.489168167114258
10,1,4,0.8,0.2,1.0,3.6273365020751953,4.591637670993805,1.8683799505233765,2.904245615005493
10,1,4,0.8,0.2,2.0,1.9408094882965088,3.3266541957855225,2.1376309394836426,3.6571905612945557
10,1,4,0.8,0.5,0.5,1.7511441707611084,2.7330310344696045,1.9958628416061401,2.575308322906494
10,1,4,0.8,0.5,1.0,2.5694527626037598,4.031367838382721,2.389864444732666,3.5641186237335205
10,1,4,0.8,0.5,2.0,2.040235996246338,3.048128843307495,2.5453929901123047,4.749352931976318
10,1,4,0.8,0.8,0.5,2.890324592590332,4.187502562999725,2.1797425746917725,2.8791651725769043
10,1,4,0.8,0.8,1.0,2.2248706817626953,3.9130635857582092,2.378507137298584,3.826720714569092
10,1,4,0.8,0.8,2.0,2.028921604156494,3.864835202693939,2.5662848949432373,5.027072906494141
10,1,4,1.0,0.2,0.5,2.72275447845459,4.219459235668182,2.2950551509857178,2.8730661869049072
10,1,4,1.0,0.2,1.0,1.803303837776184,2.8035866618156433,2.1477818489074707,3.2276158332824707
10,1,4,1.0,0.2,2.0,1.5497033596038818,2.647778570652008,2.259634017944336,4.050754070281982
10,1,4,1.0,0.5,0.5,2.292086601257324,3.5544564723968506,2.86230206489563,3.7104716300964355
10,1,4,1.0,0.5,1.0,2.614428758621216,3.6146867871284485,2.3414154052734375,3.7688074111938477
10,1,4,1.0,0.5,2.0,1.4993150234222412,2.103356182575226,2.515962839126587,4.575968265533447
10,1,4,1.0,0.8,0.5,3.1269662380218506,4.514143705368042,2.134629487991333,2.903430700302124
10,1,4,1.0,0.8,1.0,1.8402996063232422,2.7264217734336853,2.571077346801758,4.254126071929932
10,1,4,1.0,0.8,2.0,1.6164624691009521,2.4855766892433167,3.0720391273498535,6.1818695068359375
10,1,4,1.2,0.2,0.5,0.9407600164413452,2.3261148929595947,3.272843837738037,4.880515098571777
10,1,4,1.2,0.2,1.0,1.8311458826065063,3.3050225377082825,2.7017457485198975,4.113883972167969
10,1,4,1.2,0.2,2.0,1.5497288703918457,2.2877385020256042,2.6750636100769043,4.627959251403809
10,1,4,1.2,0.5,0.5,0.8379189372062683,1.3905673027038574,3.7883737087249756,5.547719478607178
10,1,4,1.2,0.5,1.0,2.109868049621582,2.8707271218299866,3.4663052558898926,5.875761985778809
10,1,4,1.2,0.5,2.0,1.2038838863372803,1.2975082397460938,2.7314095497131348,5.3214874267578125
10,1,4,1.2,0.8,0.5,1.1195991039276123,1.1942130327224731,3.9815146923065186,6.129363059997559
10,1,4,1.2,0.8,1.0,2.175178050994873,2.539606809616089,4.47700834274292,7.884655475616455
10,1,4,1.2,0.8,2.0,1.876607894897461,3.296804666519165,4.021785259246826,9.05060863494873
11,1,0,0.8,0.2,0.5,3.499688148498535,4.732281804084778,1.7807255983352661,2.2280359268188477
11,1,0,0.8,0.2,1.0,2.9440159797668457,4.014989852905273,1.8953090906143188,2.7620458602905273
11,1,0,0.8,0.2,2.0,1.7304189205169678,2.3463152050971985,2.2096445560455322,3.731806755065918
11,1,0,0.8,0.5,0.5,3.524139404296875,5.447007417678833,1.7986869812011719,2.3358638286590576
11,1,0,0.8,0.5,1.0,1.8332313299179077,2.414916217327118,2.2068121433258057,3.3561065196990967
11,1,0,0.8,0.5,2.0,1.1404657363891602,1.6634654998779297,2.2395200729370117,4.086456775665283
11,1,0,0.8,0.8,0.5,3.225031852722168,5.098500669002533,1.9770480394363403,2.6130261421203613
11,1,0,0.8,0.8,1.0,3.1125853061676025,4.737863183021545,2.257406711578369,3.5566368103027344
11,1,0,0.8,0.8,2.0,1.7222959995269775,3.062295615673065,2.563856601715088,4.910312175750732
11,1,0,1.0,0.2,0.5,3.1540257930755615,5.488364994525909,2.3558390140533447,2.9445691108703613
11,1,0,1.0,0.2,1.0,2.7576639652252197,4.023770451545715,1.9962555170059204,2.9926931858062744
11,1,0,1.0,0.2,2.0,1.0892466306686401,2.6373595595359802,2.1650283336639404,3.9630777835845947
11,1,0,1.0,0.5,0.5,2.2684264183044434,2.9438315629959106,2.259906053543091,2.934525966644287
11,1,0,1.0,0.5,1.0,1.8855342864990234,2.3889010548591614,2.376112222671509,3.7288103103637695
11,1,0,1.0,0.5,2.0,2.365868091583252,3.484073042869568,2.552434206008911,4.766170501708984
11,1,0,1.0,0.8,0.5,2.375279188156128,3.2077685594558716,2.8860132694244385,3.9178049564361572
11,1,0,1.0,0.8,1.0,3.3846261501312256,5.723204076290131,2.850147247314453,4.729589462280273
11,1,0,1.0,0.8,2.0,1.061343789100647,2.0169045329093933,2.8500866889953613,5.701544761657715
11,1,0,1.2,0.2,0.5,0.9390750527381897,2.06888085603714,3.192260980606079,4.57413387298584
11,1,0,1.2,0.2,1.0,3.2125954627990723,4.872823417186737,2.140479803085327,3.724710464477539
11,1,0,1.2,0.2,2.0,0.8907396793365479,1.24833744764328,2.4277241230010986,4.507307052612305
11,1,0,1.2,0.5,0.5,0.8478729128837585,1.7458102107048035,3.704495906829834,5.272985458374023
11,1,0,1.2,0.5,1.0,2.2772715091705322,3.163638472557068,3.227266788482666,5.4410529136657715
11,1,0,1.2,0.5,2.0,1.1240522861480713,1.591836929321289,3.0385637283325195,6.078861236572266
11,1,0,1.2,0.8,0.5,1.6763036251068115,2.927747666835785,4.35900354385376,6.598973274230957
11,1,0,1.2,0.8,1.0,1.9748191833496094,3.725582718849182,3.2190535068511963,5.771822452545166
11,1,0,1.2,0.8,2.0,1.931809902191162,2.8522977232933044,4.005853652954102,8.741355895996094
11,1,1,0.8,0.2,0.5,3.0619001388549805,4.119423151016235,1.9858981370925903,2.4704442024230957
11,1,1,0.8,0.2,1.0,2.3339693546295166,4.088325202465057,1.8823031187057495,2.8277182579040527
11,1,1,0.8,0.2,2.0,1.701687216758728,2.7184200286865234,2.1425533294677734,3.5857598781585693
11,1,1,0.8,0.5,0.5,3.6755738258361816,5.291938662528992,1.7101256847381592,2.274688243865967
11,1,1,0.8,0.5,1.0,3.3570027351379395,4.567428827285767,2.1147124767303467,3.212582588195801
11,1,1,0.8,0.5,2.0,1.9577701091766357,2.785942792892456,2.42267107963562,4.4897260665893555
11,1,1,0.8,0.8,0.5,3.0875914096832275,4.349367380142212,2.182380437850952,2.9749531745910645
11,1,1,0.8,0.8,1.0,1.6665244102478027,2.8889713287353516,2.357903242111206,3.7666923999786377
11,1,1,0.8,0.8,2.0,1.6114938259124756,2.402431011199951,2.5513157844543457,4.841695785522461
11,1,1,1.0,0.2,0.5,4.48267126083374,5.607970833778381,2.1212785243988037,2.585252046585083
11,1,1,1.0,0.2,1.0,2.7618610858917236,4.332298219203949,1.9406638145446777,2.8488152027130127
11,1,1,1.0,0.2,2.0,2.602963924407959,3.600897431373596,2.37804913520813,4.090217113494873
11,1,1,1.0,0.5,0.5,3.4367692470550537,4.897866249084473,2.2198007106781006,2.9207634925842285
11,1,1,1.0,0.5,1.0,3.0305075645446777,4.792231261730194,2.1319832801818848,3.408564329147339
11,1,1,1.0,0.5,2.0,2.2923505306243896,3.3073467016220093,2.585402488708496,5.025745868682861
11,1,1,1.0,0.8,0.5,2.079606056213379,3.456480622291565,2.9434242248535156,4.101664066314697
11,1,1,1.0,0.8,1.0,3.1818032264709473,4.775932788848877,2.6409013271331787,4.710279941558838
11,1,1,1.0,0.8,2.0,1.6563040018081665,3.113764226436615,3.2777175903320312,6.814967155456543
11,1,1,1.2,0.2,0.5,0.9515135288238525,1.9545750617980957,3.3401401042938232,4.710509777069092
11,1,1,1.2,0.2,1.0,0.7428548336029053,1.1119619607925415,3.0639874935150146,4.71209716796875
11,1,1,1.2,0.2,2.0,1.1607979536056519,1.9932479858398438,2.4319844245910645,4.431396961212158
11,1,1,1.2,0.5,0.5,1.3625459671020508,3.880154550075531,3.605905294418335,5.287850856781006
11,1,1,1.2,0.5,1.0,1.523284673690796,1.7456743121147156,4.051296710968018,6.644512176513672
11,1,1,1.2,0.5,2.0,1.1580493450164795,1.6918829679489136,2.872014284133911,5.762136936187744
11,1,1,1.2,0.8,0.5,0.7768226265907288,0.9337177872657776,4.001758575439453,6.184834003448486
11,1,1,1.2,0.8,1.0,1.9874293804168701,3.636768877506256,4.112723350524902,7.478227615356445
11,1,1,1.2,0.8,2.0,1.567875862121582,1.629630446434021,3.1193575859069824,6.751105308532715
11,1,2,0.8,0.2,0.5,2.9990577697753906,4.3063342571258545,1.7012667655944824,2.216956615447998
11,1,2,0.8,0.2,1.0,1.4951534271240234,3.138484477996826,1.7869900465011597,2.694873094558716
11,1,2,0.8,0.2,2.0,2.466298818588257,3.48659884929657,2.0393283367156982,3.476348638534546
11,1,2,0.8,0.5,0.5,3.122509479522705,4.469106912612915,2.0519275665283203,2.6235828399658203
11,1,2,0.8,0.5,1.0,2.580185890197754,4.058548986911774,2.050370931625366,3.2566380500793457
11,1,2,0.8,0.5,2.0,2.034146785736084,3.064980149269104,2.178520917892456,3.8797531127929688
11,1,2,0.8,0.8,0.5,3.8548922538757324,5.877330422401428,2.0723888874053955,2.7379610538482666
11,1,2,0.8,0.8,1.0,2.1344332695007324,3.601952373981476,2.542713165283203,4.0685133934021
11,1,2,0.8,0.8,2.0,2.5582897663116455,3.550000786781311,2.5066428184509277,4.926301956176758
11,1,2,1.0,0.2,0.5,4.2772932052612305,5.692825376987457,2.3553974628448486,3.016653060913086
11,1,2,1.0,0.2,1.0,1.8570752143859863,3.25794118642807,2.2976298332214355,3.4172890186309814
11,1,2,1.0,0.2,2.0,1.199963092803955,2.3927248120307922,2.2834606170654297,4.017340660095215
11,1,2,1.0,0.5,0.5,3.564021587371826,4.789549887180328,2.188477039337158,2.8794655799865723
11,1,2,1.0,0.5,1.0,1.4478156566619873,2.589770793914795,2.491708278656006,4.064082622528076
11,1,2,1.0,0.5,2.0,1.6355247497558594,1.9887491464614868,2.713808536529541,5.058761119842529
11,1,2,1.0,0.8,0.5,3.2974934577941895,5.056598365306854,2.8737428188323975,3.80897855758667
11,1,2,1.0,0.8,1.0,1.3439300060272217,2.255332052707672,2.3636090755462646,3.950087785720825
11,1,2,1.0,0.8,2.0,2.0898842811584473,2.9926918148994446,3.0858967304229736,6.134526252746582
11,1,2,1.2,0.2,0.5,0.8704550862312317,2.8522984385490417,3.094536781311035,4.4963603019714355
11,1,2,1.2,0.2,1.0,2.382915496826172,3.6983011960983276,2.850191593170166,4.4708380699157715
11,1,2,1.2,0.2,2.0,1.3639353513717651,1.7351195812225342,2.415135145187378,4.233132839202881
11,1,2,1.2,0.5,0.5,0.780518114566803,0.9094228148460388,3.698972702026367,5.488178253173828
11,1,2,1.2,0.5,1.0,1.2454708814620972,1.2539412379264832,4.031468868255615,6.882055759429932
11,1,2,1.2,0.5,2.0,1.538530707359314,2.316397190093994,2.8143017292022705,5.304516315460205
11,1,2,1.2,0.8,0.5,1.8767048120498657,3.328250229358673,4.282405376434326,6.618602752685547
11,1,2,1.2,0.8,1.0,1.1813030242919922,1.591927707195282,4.896397113800049,9.210501670837402
11,1,2,1.2,0.8,2.0,2.190593719482422,3.0320197343826294,3.4630513191223145,7.31047248840332
11,1,3,0.8,0.2,0.5,3.846531629562378,5.17784571647644,1.7563332319259644,2.2329773902893066
11,1,3,0.8,0.2,1.0,2.390522003173828,3.6998870372772217,1.8967634439468384,2.8509747982025146
11,1,3,0.8,0.2,2.0,1.3608766794204712,2.4645596146583557,2.198355197906494,3.7394654750823975
11,1,3,0.8,0.5,0.5,3.3130383491516113,4.634295344352722,1.7497665882110596,2.3566997051239014
11,1,3,0.8,0.5,1.0,2.696369171142578,3.5196478366851807,2.002070903778076,3.0372095108032227
11,1,3,0.8,0.5,2.0,1.3491625785827637,1.7697308659553528,2.4031214714050293,4.384549140930176
11,1,3,0.8,0.8,0.5,3.793863534927368,5.917696833610535,2.0629758834838867,2.7085165977478027
11,1,3,0.8,0.8,1.0,3.470560073852539,4.547981798648834,2.388141632080078,3.8964929580688477
11,1,3,0.8,0.8,2.0,2.3883132934570312,4.173596441745758,2.5751824378967285,5.126020431518555
11,1,3,1.0,0.2,0.5,3.9005069732666016,4.787240505218506,1.8819164037704468,2.311596155166626
11,1,3,1.0,0.2,1.0,2.428013324737549,4.317208111286163,2.4071905612945557,3.664499282836914
11,1,3,1.0,0.2,2.0,1.56480073928833,2.5379613637924194,2.154635429382324,3.8836686611175537
11,1,3,1.0,0.5,0.5,1.9730185270309448,2.0034868717193604,2.0010147094726562,2.587216377258301
11,1,3,1.0,0.5,1.0,2.370450973510742,3.9464611411094666,2.134809732437134,3.4855334758758545
11,1,3,1.0,0.5,2.0,1.7921531200408936,2.6753557324409485,2.426064968109131,4.552414894104004
11,1,3,1.0,0.8,0.5,3.8979032039642334,5.1442301869392395,2.386254072189331,3.130493402481079
11,1,3,1.0,0.8,1.0,1.707578420639038,2.489590644836426,2.897406578063965,4.749855995178223
11,1,3,1.0,0.8,2.0,1.9201881885528564,1.922965168952942,3.5232930183410645,7.241642475128174
11,1,3,1.2,0.2,0.5,1.0984935760498047,2.1511499881744385,3.3399529457092285,4.551605701446533
11,1,3,1.2,0.2,1.0,1.3296754360198975,2.4150712490081787,3.1298673152923584,4.965295791625977
11,1,3,1.2,0.2,2.0,1.5832507610321045,2.231731116771698,2.637880563735962,4.728249549865723
11,1,3,1.2,0.5,0.5,0.5540742874145508,1.2769501209259033,3.621328830718994,5.432432651519775
11,1,3,1.2,0.5,1.0,1.9955909252166748,2.3704885244369507,2.797260284423828,4.485571384429932
11,1,3,1.2,0.5,2.0,1.5493173599243164,1.8641293048858643,2.8372113704681396,5.487941265106201
11,1,3,1.2,0.8,0.5,1.8453720808029175,3.222021222114563,4.077391624450684,6.066075325012207
11,1,3,1.2,0.8,1.0,1.1403861045837402,2.016933858394623,4.229331970214844,7.7353129386901855
11,1,3,1.2,0.8,2.0,2.4137401580810547,3.503139317035675,3.647080898284912,8.209314346313477
11,1,4,0.8,0.2,0.5,3.0620815753936768,4.5298961997032166,1.6311084032058716,2.1043553352355957
11,1,4,0.8,0.2,1.0,2.143734931945801,4.21284157037735,1.8026878833770752,2.7385213375091553
11,1,4,0.8,0.2,2.0,1.7638287544250488,2.691795766353607,2.0695247650146484,3.457075357437134
11,1,4,0.8,0.5,0.5,3.9607203006744385,5.7715829610824585,1.7562246322631836,2.2022759914398193
11,1,4,0.8,0.5,1.0,2.6408491134643555,4.213884592056274,2.050539255142212,3.1206657886505127
11,1,4,0.8,0.5,2.0,2.272197723388672,2.992234945297241,2.4901416301727295,4.532172679901123
11,1,4,0.8,0.8,0.5,3.675489664077759,5.144875526428223,2.0309789180755615,2.68505859375
11,1,4,0.8,0.8,1.0,2.396103858947754,4.078741431236267,2.566823959350586,4.094542026519775
11,1,4,0.8,0.8,2.0,2.454159736633301,3.242366313934326,2.6277616024017334,5.1803364753723145
11,1,4,1.0,0.2,0.5,4.028946399688721,5.823610901832581,1.8478080034255981,2.322681188583374
11,1,4,1.0,0.2,1.0,2.365743637084961,3.135077953338623,2.253842830657959,3.4334981441497803
11,1,4,1.0,0.2,2.0,1.6652913093566895,2.441737949848175,2.301750659942627,4.041622161865234
11,1,4,1.0,0.5,0.5,3.616408586502075,5.55018824338913,2.4487271308898926,3.2583534717559814
11,1,4,1.0,0.5,1.0,2.065324068069458,3.355980098247528,2.6404545307159424,4.313190937042236
11,1,4,1.0,0.5,2.0,1.6170082092285156,2.379497528076172,2.6616692543029785,5.147309303283691
11,1,4,1.0,0.8,0.5,3.491694450378418,5.562197983264923,2.190803050994873,2.996886730194092
11,1,4,1.0,0.8,1.0,2.1293301582336426,3.5892515182495117,2.438455581665039,4.068181037902832
11,1,4,1.0,0.8,2.0,1.9452955722808838,2.64542019367218,3.116565704345703,6.2149200439453125
11,1,4,1.2,0.2,0.5,1.283664584159851,2.9105843901634216,3.1622471809387207,4.285217761993408
11,1,4,1.2,0.2,1.0,2.342529535293579,3.249878466129303,2.801057815551758,4.3515543937683105
11,1,4,1.2,0.2,2.0,1.302738904953003,2.0083123445510864,2.8126721382141113,5.005883693695068
11,1,4,1.2,0.5,0.5,1.3791813850402832,3.009349226951599,3.7119901180267334,5.418496608734131
11,1,4,1.2,0.5,1.0,2.0888936519622803,3.2506076097488403,3.190995931625366,5.203908920288086
11,1,4,1.2,0.5,2.0,1.2392759323120117,2.3393355011940002,3.208885431289673,6.251072883605957
11,1,4,1.2,0.8,0.5,1.646463394165039,3.4617722034454346,4.165526866912842,6.306319236755371
11,1,4,1.2,0.8,1.0,3.154313087463379,4.570453882217407,3.8583109378814697,6.906464576721191
11,1,4,1.2,0.8,2.0,2.188671827316284,3.9101614356040955,3.1338272094726562,6.495813846588135
12,1,0,0.8,0.2,0.5,4.877084732055664,6.357879459857941,1.8021901845932007,2.2967309951782227
12,1,0,0.8,0.2,1.0,2.549194812774658,3.932958662509918,2.075645923614502,2.980543375015259
12,1,0,0.8,0.2,2.0,1.5471352338790894,2.56664502620697,2.0414063930511475,3.695114850997925
12,1,0,0.8,0.5,0.5,2.6420226097106934,4.115743339061737,1.981037974357605,2.5587356090545654
12,1,0,0.8,0.5,1.0,2.1821048259735107,3.0720757842063904,2.027872085571289,3.178305149078369
12,1,0,0.8,0.5,2.0,1.6587507724761963,2.5144797563552856,2.4090423583984375,4.252135276794434
12,1,0,0.8,0.8,0.5,3.7453901767730713,5.447437584400177,1.8827978372573853,2.4627320766448975
12,1,0,0.8,0.8,1.0,3.7063333988189697,4.854134500026703,2.7697067260742188,4.5236124992370605
12,1,0,0.8,0.8,2.0,1.9579148292541504,2.135493516921997,2.4745609760284424,4.769824981689453
12,1,0,1.0,0.2,0.5,3.8620822429656982,5.615162014961243,2.3644931316375732,3.003920078277588
12,1,0,1.0,0.2,1.0,2.736870288848877,4.2151623368263245,2.063464641571045,3.171184539794922
12,1,0,1.0,0.2,2.0,1.5938602685928345,2.4188724756240845,2.285916566848755,4.071632385253906
12,1,0,1.0,0.5,0.5,2.3502554893493652,3.3853151202201843,2.3298628330230713,3.2102906703948975
12,1,0,1.0,0.5,1.0,2.201686382293701,2.8134695291519165,2.4069440364837646,3.8009145259857178
12,1,0,1.0,0.5,2.0,1.4598652124404907,2.113225817680359,2.7377302646636963,4.942591190338135
12,1,0,1.0,0.8,0.5,3.5793075561523438,5.572386980056763,2.457913637161255,3.338959217071533
12,1,0,1.0,0.8,1.0,3.3169167041778564,5.518690347671509,2.913127899169922,4.929450988769531
12,1,0,1.0,0.8,2.0,2.178612232208252,3.8804555535316467,2.7683894634246826,5.530551433563232
12,1,0,1.2,0.2,0.5,1.099952220916748,1.9109174013137817,3.1047117710113525,4.553158760070801
12,1,0,1.2,0.2,1.0,1.4698097705841064,2.457401752471924,2.759631633758545,4.329070568084717
12,1,0,1.2,0.2,2.0,1.7313787937164307,2.4237322211265564,2.3733577728271484,4.479543685913086
12,1,0,1.2,0.5,0.5,1.193314790725708,2.867745339870453,3.603262186050415,5.511898517608643
12,1,0,1.2,0.5,1.0,2.9660379886627197,3.8997713923454285,3.782775640487671,6.126012802124023
12,1,0,1.2,0.5,2.0,1.0212361812591553,2.356408655643463,3.286405086517334,6.812957763671875
12,1,0,1.2,0.8,0.5,0.9980074763298035,1.4676428437232971,4.093834400177002,6.376784324645996
12,1,0,1.2,0.8,1.0,1.5356063842773438,2.529334783554077,4.180277347564697,7.453527927398682
12,1,0,1.2,0.8,2.0,2.223820209503174,2.9563785791397095,3.8094069957733154,8.34716796875
12,1,1,0.8,0.2,0.5,3.825122833251953,5.6466343998909,1.9501228332519531,2.4450700283050537
12,1,1,0.8,0.2,1.0,2.7427287101745605,3.8804317116737366,1.9188425540924072,2.8372511863708496
12,1,1,0.8,0.2,2.0,1.57217276096344,2.5503158569335938,1.97472083568573,3.5587499141693115
12,1,1,0.8,0.5,0.5,3.379838466644287,4.897904932498932,1.8973361253738403,2.4364166259765625
12,1,1,0.8,0.5,1.0,2.5486867427825928,3.786514461040497,2.0393645763397217,3.221896171569824
12,1,1,0.8,0.5,2.0,1.8030219078063965,2.4322558641433716,2.432840347290039,4.255091667175293
12,1,1,0.8,0.8,0.5,4.106201171875,6.017024993896484,2.215623617172241,2.871711015701294
12,1,1,0.8,0.8,1.0,3.309774875640869,5.150948941707611,2.172938585281372,3.4269676208496094
12,1,1,0.8,0.8,2.0,1.5731561183929443,1.574056088924408,2.478646993637085,4.702187538146973
12,1,1,1.0,0.2,0.5,4.432055473327637,5.46374249458313,1.7470581531524658,2.1285171508789062
12,1,1,1.0,0.2,1.0,2.7700796127319336,3.7906510829925537,2.2582807540893555,3.318524122238159
12,1,1,1.0,0.2,2.0,2.257540225982666,3.3177515864372253,2.386035203933716,4.268886089324951
12,1,1,1.0,0.5,0.5,2.8678460121154785,4.702554881572723,1.9456236362457275,2.6152262687683105
12,1,1,1.0,0.5,1.0,3.1334142684936523,4.294677257537842,2.1967856884002686,3.359135150909424
12,1,1,1.0,0.5,2.0,1.688016414642334,2.1577789783477783,2.443599224090576,4.612392902374268
12,1,1,1.0,0.8,0.5,3.69968318939209,4.78368866443634,2.341365098953247,3.1164896488189697
12,1,1,1.0,0.8,1.0,2.645021438598633,3.849274456501007,2.8317174911499023,4.997837066650391
12,1,1,1.0,0.8,2.0,1.1339718103408813,2.0810446739196777,2.8829281330108643,5.763547420501709
12,1,1,1.2,0.2,0.5,1.3357596397399902,2.461623191833496,3.217319965362549,4.563548564910889
12,1,1,1.2,0.2,1.0,1.6717337369918823,3.1901774406433105,3.359868049621582,4.877644062042236
12,1,1,1.2,0.2,2.0,1.3275189399719238,2.1662794947624207,2.386779546737671,4.4595627784729
12,1,1,1.2,0.5,0.5,0.9800174832344055,2.0379145741462708,3.8093485832214355,5.647090911865234
12,1,1,1.2,0.5,1.0,0.08460932970046997,0.08691471815109253,4.065371990203857,6.834691047668457
12,1,1,1.2,0.5,2.0,1.526016116142273,2.608213782310486,2.7111358642578125,5.2952470779418945
12,1,1,1.2,0.8,0.5,1.7957589626312256,3.001314103603363,4.221320629119873,6.599241256713867
12,1,1,1.2,0.8,1.0,2.2333264350891113,3.3004165291786194,3.5946972370147705,6.8717145919799805
12,1,1,1.2,0.8,2.0,2.3082330226898193,2.783003032207489,3.337839365005493,6.971797466278076
12,1,2,0.8,0.2,0.5,4.8289103507995605,6.456423401832581,1.5872886180877686,2.0496702194213867
12,1,2,0.8,0.2,1.0,2.694789409637451,3.6779776215553284,2.0495808124542236,3.025334596633911
12,1,2,0.8,0.2,2.0,1.2773256301879883,2.2419008016586304,2.091096878051758,3.500605821609497
12,1,2,0.8,0.5,0.5,3.420490264892578,4.874332308769226,1.9360414743423462,2.5530002117156982
12,1,2,0.8,0.5,1.0,2.415032386779785,2.8227433562278748,2.2726662158966064,3.512712240219116
12,1,2,0.8,0.5,2.0,2.55294132232666,3.1939947605133057,2.2884202003479004,4.182193756103516
12,1,2,0.8,0.8,0.5,3.6878957748413086,5.434433102607727,1.9607077836990356,2.6117751598358154
12,1,2,0.8,0.8,1.0,2.7617735862731934,3.506101131439209,2.353105306625366,3.8232057094573975
12,1,2,0.8,0.8,2.0,2.7787065505981445,3.908397138118744,2.5154693126678467,4.75501823425293
12,1,2,1.0,0.2,0.5,2.428274154663086,3.801575720310211,2.0871520042419434,2.738279104232788
12,1,2,1.0,0.2,1.0,2.5593221187591553,3.363902986049652,2.1499297618865967,3.175358533859253
12,1,2,1.0,0.2,2.0,2.1346895694732666,3.392696440219879,2.123295783996582,3.695781946182251
12,1,2,1.0,0.5,0.5,3.077928304672241,4.410302102565765,2.401301622390747,3.1105353832244873
12,1,2,1.0,0.5,1.0,2.97794246673584,4.047467768192291,2.729780912399292,4.3586201667785645
12,1,2,1.0,0.5,2.0,2.130134105682373,2.3116769194602966,2.7596170902252197,5.129312515258789
12,1,2,1.0,0.8,0.5,3.6097187995910645,4.53062891960144,2.914379596710205,3.9368295669555664
12,1,2,1.0,0.8,1.0,3.3021788597106934,4.343484580516815,2.9159328937530518,4.910464286804199
12,1,2,1.0,0.8,2.0,3.027277946472168,3.461743474006653,3.0315003395080566,6.537835121154785
12,1,2,1.2,0.2,0.5,0.8290079236030579,2.0345789194107056,3.273467779159546,4.9074320793151855
12,1,2,1.2,0.2,1.0,1.4824851751327515,3.019535720348358,3.3918912410736084,5.031130790710449
12,1,2,1.2,0.2,2.0,1.5702695846557617,2.193539023399353,2.542468547821045,4.725747108459473
12,1,2,1.2,0.5,0.5,0.9992821216583252,1.9727001786231995,3.7968733310699463,5.6890997886657715
12,1,2,1.2,0.5,1.0,2.100809335708618,2.4844269156455994,3.1514289379119873,5.523299694061279
12,1,2,1.2,0.5,2.0,1.6524591445922852,2.6490824222564697,3.4564738273620605,7.040900707244873
12,1,2,1.2,0.8,0.5,1.742838978767395,3.48167622089386,3.9748778343200684,6.020596504211426
12,1,2,1.2,0.8,1.0,3.159498453140259,5.165989875793457,4.238742828369141,7.51054573059082
12,1,2,1.2,0.8,2.0,1.7720519304275513,1.8873042464256287,3.773388624191284,8.062520027160645
12,1,3,0.8,0.2,0.5,4.077506065368652,4.69700413942337,1.8501251935958862,2.349757194519043
12,1,3,0.8,0.2,1.0,2.9326512813568115,4.260928213596344,1.8310431241989136,2.6548640727996826
12,1,3,0.8,0.2,2.0,1.5066735744476318,2.3368387818336487,2.106572151184082,3.592215061187744
12,1,3,0.8,0.5,0.5,3.7121694087982178,5.311179518699646,1.8356678485870361,2.374824285507202
12,1,3,0.8,0.5,1.0,2.4649856090545654,4.087536334991455,2.16900897026062,3.3753654956817627
12,1,3,0.8,0.5,2.0,0.6012210249900818,0.3905641436576843,2.383091926574707,4.19423770904541
12,1,3,0.8,0.8,0.5,4.318047046661377,6.194291651248932,2.0678255558013916,2.7336630821228027
12,1,3,0.8,0.8,1.0,2.0155200958251953,2.908885419368744,2.325300931930542,3.7571017742156982
12,1,3,0.8,0.8,2.0,1.898771047592163,2.156383752822876,2.53837513923645,4.987502574920654
12,1,3,1.0,0.2,0.5,3.072209358215332,4.806404709815979,1.904498815536499,2.4368808269500732
12,1,3,1.0,0.2,1.0,1.9024384021759033,3.201545476913452,2.2750298976898193,3.416478157043457
12,1,3,1.0,0.2,2.0,1.7457376718521118,2.4897385835647583,2.2073965072631836,3.9083006381988525
12,1,3,1.0,0.5,0.5,3.8681697845458984,5.1608089208602905,2.3472862243652344,3.149744749069214
12,1,3,1.0,0.5,1.0,1.6140923500061035,2.419488847255707,2.3850221633911133,3.837430953979492
12,1,3,1.0,0.5,2.0,1.9465489387512207,2.2071640491485596,2.4543402194976807,4.525362491607666
12,1,3,1.0,0.8,0.5,2.908426284790039,4.645074963569641,2.903052568435669,3.9265360832214355
12,1,3,1.0,0.8,1.0,2.9912168979644775,3.984135091304779,2.5937862396240234,4.426043510437012
12,1,3,1.0,0.8,2.0,1.7980194091796875,1.8085087537765503,3.167720317840576,6.658393383026123
12,1,3,1.2,0.2,0.5,1.0016412734985352,3.225299298763275,3.3349506855010986,4.9258270263671875
12,1,3,1.2,0.2,1.0,1.1796040534973145,1.8204056024551392,3.060382604598999,4.593390941619873
12,1,3,1.2,0.2,2.0,0.6240644454956055,1.0691196918487549,2.527801036834717,4.385078430175781
12,1,3,1.2,0.5,0.5,0.4014895558357239,0.9236927032470703,3.749023914337158,5.757424831390381
12,1,3,1.2,0.5,1.0,1.203155755996704,2.1466641426086426,3.332916021347046,5.832819938659668
12,1,3,1.2,0.5,2.0,0.6531035304069519,1.6816282272338867,3.034397840499878,5.999837875366211
12,1,3,1.2,0.8,0.5,1.0541226863861084,2.229495048522949,3.943706750869751,6.005117416381836
12,1,3,1.2,0.8,1.0,2.0266408920288086,2.9674915075302124,4.486032009124756,7.905864238739014
12,1,3,1.2,0.8,2.0,2.6421432495117188,4.083495855331421,3.3964083194732666,7.59865140914917
12,1,4,0.8,0.2,0.5,4.413158416748047,6.148872971534729,1.7811111211776733,2.246333599090576
12,1,4,0.8,0.2,1.0,3.866016387939453,5.084701776504517,1.8617504835128784,2.6596031188964844
12,1,4,0.8,0.2,2.0,1.4941222667694092,2.461579144001007,2.049767255783081,3.6715822219848633
12,1,4,0.8,0.5,0.5,2.340961217880249,3.3314282298088074,1.6861540079116821,2.149090051651001
12,1,4,0.8,0.5,1.0,2.3832437992095947,3.124998450279236,2.2310876846313477,3.381516933441162
12,1,4,0.8,0.5,2.0,1.9868117570877075,2.502896785736084,2.273979663848877,4.0830397605896
12,1,4,0.8,0.8,0.5,2.7168498039245605,3.651355028152466,2.0053324699401855,2.648881435394287
12,1,4,0.8,0.8,1.0,2.253563642501831,3.451246201992035,2.431838035583496,3.9699599742889404
12,1,4,0.8,0.8,2.0,2.595059633255005,3.0801197290420532,2.515441656112671,4.821106910705566
12,1,4,1.0,0.2,0.5,3.9415183067321777,5.27786922454834,1.767712116241455,2.3337957859039307
12,1,4,1.0,0.2,1.0,1.9312324523925781,2.78780198097229,2.5510997772216797,3.97286319732666
12,1,4,1.0,0.2,2.0,1.2327203750610352,2.0728365182876587,2.242013931274414,3.949497699737549
12,1,4,1.0,0.5,0.5,3.195199966430664,3.9892102479934692,2.2624881267547607,2.9931232929229736
12,1,4,1.0,0.5,1.0,2.039984703063965,3.5345104932785034,2.3213601112365723,3.77793288230896
12,1,4,1.0,0.5,2.0,2.0869390964508057,2.237433433532715,2.7605385780334473,5.361546039581299
12,1,4,1.0,0.8,0.5,2.487539529800415,3.3550102710723877,3.3088018894195557,4.557785511016846
12,1,4,1.0,0.8,1.0,3.132906198501587,5.024199962615967,3.230224609375,5.396770477294922
12,1,4,1.0,0.8,2.0,1.942962408065796,3.6762476563453674,2.8705146312713623,5.866965293884277
12,1,4,1.2,0.2,0.5,0.8997948169708252,1.8555601835250854,3.3169896602630615,4.603664398193359
12,1,4,1.2,0.2,1.0,1.6302777528762817,3.8265002369880676,2.8829526901245117,4.445433616638184
12,1,4,1.2,0.2,2.0,1.5093498229980469,2.140912175178528,2.4388396739959717,4.33642578125
12,1,4,1.2,0.5,0.5,0.8292915225028992,1.3132587671279907,3.836879253387451,5.744090557098389
12,1,4,1.2,0.5,1.0,2.323666572570801,3.586233139038086,3.753549814224243,6.420266151428223
12,1,4,1.2,0.5,2.0,1.4499531984329224,2.1056109070777893,2.7959635257720947,5.213314533233643
12,1,4,1.2,0.8,0.5,1.1978651285171509,1.2808049321174622,4.189465045928955,6.50033712387085
12,1,4,1.2,0.8,1.0,1.6688382625579834,1.656542956829071,5.014135360717773,8.736663818359375
12,1,4,1.2,0.8,2.0,2.5337142944335938,3.5095317363739014,3.248011589050293,7.174383640289307
13,1,0,0.8,0.2,0.5,2.5284688472747803,3.841881513595581,1.937480092048645,2.508835554122925
13,1,0,0.8,0.2,1.0,2.4502785205841064,3.8811683654785156,1.829980731010437,2.6935482025146484
13,1,0,0.8,0.2,2.0,1.620222568511963,2.2826161980628967,2.1666266918182373,3.6730270385742188
13,1,0,0.8,0.5,0.5,2.9977245330810547,4.032030522823334,1.8940001726150513,2.435990333557129
13,1,0,0.8,0.5,1.0,2.514784336090088,3.4917100071907043,2.093411922454834,3.2156271934509277
13,1,0,0.8,0.5,2.0,1.1002092361450195,1.6494796872138977,2.590106964111328,4.9170989990234375
13,1,0,0.8,0.8,0.5,3.1040303707122803,3.4629229307174683,2.0591936111450195,2.798701763153076
13,1,0,0.8,0.8,1.0,1.505804419517517,1.6741814613342285,2.5883166790008545,4.260509967803955
13,1,0,0.8,0.8,2.0,2.204113006591797,2.5607224702835083,2.650001287460327,4.878710746765137
13,1,0,1.0,0.2,0.5,3.6287295818328857,5.3608919978141785,2.372844696044922,2.9423203468322754
13,1,0,1.0,0.2,1.0,1.95881986618042,2.4155866503715515,2.5002622604370117,3.7982470989227295
13,1,0,1.0,0.2,2.0,1.62251615524292,2.7214861512184143,2.439342498779297,4.419078350067139
13,1,0,1.0,0.5,0.5,3.206415891647339,5.191648006439209,2.216977119445801,2.85846209526062
13,1,0,1.0,0.5,1.0,2.0203611850738525,3.078810214996338,2.2687149047851562,3.6350438594818115
13,1,0,1.0,0.5,2.0,1.9409329891204834,2.280685007572174,2.550872802734375,4.815220832824707
13,1,0,1.0,0.8,0.5,3.7982988357543945,4.936649203300476,3.098036527633667,4.124612808227539
13,1,0,1.0,0.8,1.0,2.961045265197754,4.655142664909363,2.51364803314209,4.315838813781738
13,1,0,1.0,0.8,2.0,2.217132806777954,3.635783851146698,2.690613031387329,5.218542575836182
13,1,0,1.2,0.2,0.5,1.2588460445404053,2.695893406867981,3.343458414077759,4.7512359619140625
13,1,0,1.2,0.2,1.0,0.620747983455658,0.928243100643158,3.0405309200286865,4.545643329620361
13,1,0,1.2,0.2,2.0,1.0662577152252197,2.1114909648895264,2.829127550125122,5.1709723472595215
13,1,0,1.2,0.5,0.5,0.7374191880226135,1.4003554582595825,3.6967933177948,5.4082417488098145
13,1,0,1.2,0.5,1.0,2.809568405151367,3.9946168661117554,3.1469919681549072,5.4273834228515625
13,1,0,1.2,0.5,2.0,1.2837233543395996,1.9529902935028076,3.0862152576446533,5.979339599609375
13,1,0,1.2,0.8,0.5,0.9488266706466675,2.422736942768097,4.460207939147949,6.611867904663086
13,1,0,1.2,0.8,1.0,3.153106689453125,3.9530972838401794,4.217688083648682,7.854294300079346
13,1,0,1.2,0.8,2.0,1.9521664381027222,3.633007049560547,3.202565908432007,6.924067974090576
13,1,1,0.8,0.2,0.5,3.7573370933532715,5.410359263420105,1.782212495803833,2.2168350219726562
13,1,1,0.8,0.2,1.0,2.694141387939453,4.022946059703827,1.947157621383667,2.7913618087768555
13,1,1,0.8,0.2,2.0,1.2289481163024902,2.2301193475723267,2.0445661544799805,3.5757083892822266
13,1,1,0.8,0.5,0.5,4.122045993804932,5.445168435573578,1.7570723295211792,2.247490167617798
13,1,1,0.8,0.5,1.0,1.3318325281143188,2.1233069896698,1.9770004749298096,3.0273115634918213
13,1,1,0.8,0.5,2.0,1.354252576828003,1.9612479209899902,2.304579734802246,4.068935394287109
13,1,1,0.8,0.8,0.5,3.8184142112731934,3.787950098514557,1.981367588043213,2.5800490379333496
13,1,1,0.8,0.8,1.0,1.4202146530151367,1.555091679096222,2.373696804046631,3.7714662551879883
13,1,1,0.8,0.8,2.0,2.413393974304199,3.4490885734558105,2.6579160690307617,5.326526641845703
13,1,1,1.0,0.2,0.5,3.226864814758301,4.4428576827049255,2.5627853870391846,3.0724751949310303
13,1,1,1.0,0.2,1.0,2.06929612159729,3.158547818660736,2.278852939605713,3.4560799598693848
13,1,1,1.0,0.2,2.0,1.5818467140197754,2.185631036758423,2.3911614418029785,3.9311957359313965
13,1,1,1.0,0.5,0.5,2.968350887298584,3.6939340829849243,2.280590534210205,3.0383353233337402
13,1,1,1.0,0.5,1.0,2.596086263656616,3.307754635810852,2.3607208728790283,3.7895045280456543
13,1,1,1.0,0.5,2.0,1.7270386219024658,2.9853422045707703,2.4662697315216064,4.610484600067139
13,1,1,1.0,0.8,0.5,3.2683253288269043,4.760042726993561,2.384827136993408,3.1466426849365234
13,1,1,1.0,0.8,1.0,2.200056791305542,3.855949878692627,2.848207950592041,4.826602458953857
13,1,1,1.0,0.8,2.0,1.9325377941131592,2.490450084209442,2.928551435470581,5.960083484649658
13,1,1,1.2,0.2,0.5,0.4645600914955139,1.5770374536514282,3.1600534915924072,4.479003429412842
13,1,1,1.2,0.2,1.0,1.6003389358520508,3.290117859840393,2.4170517921447754,3.626830577850342
13,1,1,1.2,0.2,2.0,1.5513391494750977,2.9145997762680054,2.3007426261901855,4.253555774688721
13,1,1,1.2,0.5,0.5,1.3402910232543945,2.802982985973358,3.850722312927246,5.911409854888916
13,1,1,1.2,0.5,1.0,2.3680763244628906,3.761699616909027,2.637611150741577,4.508238792419434
13,1,1,1.2,0.5,2.0,0.3912827968597412,0.7472831010818481,3.3214638233184814,6.539253234863281
13,1,1,1.2,0.8,0.5,1.797236680984497,3.848982274532318,4.202441692352295,6.53278112411499
13,1,1,1.2,0.8,1.0,2.1136345863342285,2.367447316646576,4.982770919799805,9.213616371154785
13,1,1,1.2,0.8,2.0,2.4154043197631836,2.4110830426216125,3.678391695022583,7.937751293182373
13,1,2,0.8,0.2,0.5,5.40822696685791,6.682824432849884,1.6310356855392456,2.01716947555542
13,1,2,0.8,0.2,1.0,2.2804250717163086,4.208971917629242,1.9955830574035645,2.9375569820404053
13,1,2,0.8,0.2,2.0,2.1806275844573975,3.4413352012634277,2.071674108505249,3.3952715396881104
13,1,2,0.8,0.5,0.5,3.2357177734375,4.234169185161591,1.8344608545303345,2.368103504180908
13,1,2,0.8,0.5,1.0,3.255019187927246,4.606406390666962,2.0449750423431396,3.1592977046966553
13,1,2,0.8,0.5,2.0,1.603846549987793,1.8376432657241821,2.301581621170044,4.351449966430664
13,1,2,0.8,0.8,0.5,2.972010612487793,3.903184175491333,1.9420874118804932,2.5744500160217285
13,1,2,0.8,0.8,1.0,3.1739249229431152,4.807853877544403,2.2296648025512695,3.625980854034424
13,1,2,0.8,0.8,2.0,2.2074599266052246,3.2036954760551453,2.45832896232605,4.72804069519043
13,1,2,1.0,0.2,0.5,2.9300966262817383,4.810617744922638,2.4204938411712646,3.0347816944122314
13,1,2,1.0,0.2,1.0,2.3260817527770996,3.6730968952178955,2.4737348556518555,3.813044309616089
13,1,2,1.0,0.2,2.0,1.7818948030471802,2.332977056503296,2.3886168003082275,4.000403881072998
13,1,2,1.0,0.5,0.5,3.644629955291748,5.221586525440216,2.137529134750366,2.843893527984619
13,1,2,1.0,0.5,1.0,1.795380711555481,2.42827707529068,2.402308940887451,3.99536395072937
13,1,2,1.0,0.5,2.0,1.6559720039367676,1.7384291887283325,2.653299570083618,4.816285610198975
13,1,2,1.0,0.8,0.5,3.7431533336639404,4.954748809337616,2.709747552871704,3.7803735733032227
13,1,2,1.0,0.8,1.0,2.1799097061157227,3.927088737487793,2.7807633876800537,4.775655746459961
13,1,2,1.0,0.8,2.0,2.500880718231201,2.7641279697418213,2.9579033851623535,5.917590618133545
13,1,2,1.2,0.2,0.5,0.6432559490203857,1.4260901808738708,3.1523542404174805,4.527994632720947
13,1,2,1.2,0.2,1.0,2.1429431438446045,3.7179033160209656,3.3602890968322754,5.476048946380615
13,1,2,1.2,0.2,2.0,2.5336155891418457,3.1170895099639893,2.43512225151062,4.447018146514893
13,1,2,1.2,0.5,0.5,0.7487124800682068,1.2517275214195251,3.5653796195983887,5.191786289215088
13,1,2,1.2,0.5,1.0,2.074564218521118,2.6543763875961304,3.790976047515869,6.221776962280273
13,1,2,1.2,0.5,2.0,0.48090672492980957,0.49447739124298096,3.205275535583496,6.437711715698242
13,1,2,1.2,0.8,0.5,0.9942708611488342,1.4893171191215515,4.278190612792969,6.466963291168213
13,1,2,1.2,0.8,1.0,3.2542476654052734,4.949791610240936,4.031182765960693,7.481605529785156
13,1,2,1.2,0.8,2.0,1.9518132209777832,2.88502436876297,3.3064489364624023,6.931475639343262
13,1,3,0.8,0.2,0.5,2.6141438484191895,3.8603144884109497,1.7232322692871094,2.1328327655792236
13,1,3,0.8,0.2,1.0,2.4898948669433594,3.8160067796707153,2.1315011978149414,3.057114839553833
13,1,3,0.8,0.2,2.0,1.419301986694336,2.2918189764022827,2.276094436645508,4.131384372711182
13,1,3,0.8,0.5,0.5,3.3976664543151855,5.23302960395813,1.723419427871704,2.1875762939453125
13,1,3,0.8,0.5,1.0,2.937073230743408,4.239143371582031,2.32887601852417,3.562363862991333
13,1,3,0.8,0.5,2.0,1.2997753620147705,1.7726370692253113,2.2437379360198975,4.100851535797119
13,1,3,0.8,0.8,0.5,3.758662700653076,5.393534958362579,2.3162105083465576,3.0543746948242188
13,1,3,0.8,0.8,1.0,2.5021162033081055,3.596900224685669,2.266185998916626,3.6353273391723633
13,1,3,0.8,0.8,2.0,2.144094228744507,3.2548473477363586,2.63865065574646,5.167566776275635
13,1,3,1.0,0.2,0.5,3.240548849105835,4.532363176345825,1.7717260122299194,2.2818751335144043
13,1,3,1.0,0.2,1.0,2.8170201778411865,4.161000609397888,1.9911819696426392,2.9075846672058105
13,1,3,1.0,0.2,2.0,1.6697572469711304,2.424273669719696,2.2305548191070557,3.8665387630462646
13,1,3,1.0,0.5,0.5,2.6895270347595215,3.395892322063446,2.288789987564087,3.070798873901367
13,1,3,1.0,0.5,1.0,1.92445707321167,2.2426012754440308,2.594080924987793,4.128942966461182
13,1,3,1.0,0.5,2.0,1.4911898374557495,2.468443810939789,2.6141254901885986,5.119368553161621
13,1,3,1.0,0.8,0.5,3.426447868347168,4.692722141742706,2.834185838699341,3.8560757637023926
13,1,3,1.0,0.8,1.0,2.7961692810058594,3.817218065261841,2.8168680667877197,4.723572254180908
13,1,3,1.0,0.8,2.0,1.6221747398376465,2.6305084824562073,2.904632091522217,5.702434062957764
13,1,3,1.2,0.2,0.5,0.987471342086792,1.9380996823310852,3.283196449279785,4.569936752319336
13,1,3,1.2,0.2,1.0,1.6841925382614136,2.7957364320755005,2.788083553314209,4.380744934082031
13,1,3,1.2,0.2,2.0,1.6031783819198608,2.557603359222412,2.4653449058532715,4.385896682739258
13,1,3,1.2,0.5,0.5,0.9635322093963623,1.2908979654312134,3.6557328701019287,5.381962299346924
13,1,3,1.2,0.5,1.0,1.3591054677963257,1.857069492340088,3.6402909755706787,5.876575469970703
13,1,3,1.2,0.5,2.0,1.3869521617889404,1.3945074081420898,3.0321593284606934,6.210555553436279
13,1,3,1.2,0.8,0.5,2.0170986652374268,4.446363151073456,4.3442158699035645,6.8166351318359375
13,1,3,1.2,0.8,1.0,2.373035430908203,2.7855926752090454,4.4205708503723145,8.073433876037598
13,1,3,1.2,0.8,2.0,1.339548110961914,2.3840115070343018,3.6963870525360107,8.195165634155273
13,1,4,0.8,0.2,0.5,2.934885263442993,4.8438509702682495,2.0076091289520264,2.5318000316619873
13,1,4,0.8,0.2,1.0,2.619309425354004,3.891627609729767,2.001145839691162,2.921804666519165
13,1,4,0.8,0.2,2.0,0.9174532294273376,2.154790699481964,2.1950995922088623,3.8470544815063477
13,1,4,0.8,0.5,0.5,3.568894386291504,5.248426198959351,2.0666215419769287,2.737359046936035
13,1,4,0.8,0.5,1.0,2.654780149459839,3.3938790559768677,1.908326268196106,2.8666954040527344
13,1,4,0.8,0.5,2.0,2.157672643661499,3.030345141887665,2.362290382385254,4.270906925201416
13,1,4,0.8,0.8,0.5,3.0795888900756836,4.111460566520691,2.216336965560913,2.9489691257476807
13,1,4,0.8,0.8,1.0,2.9320898056030273,3.6606855392456055,2.301866054534912,3.731062650680542
13,1,4,0.8,0.8,2.0,1.4869168996810913,1.8386706709861755,2.4929027557373047,4.72547721862793
13,1,4,1.0,0.2,0.5,3.7654712200164795,5.754698038101196,2.588348388671875,3.198275327682495
13,1,4,1.0,0.2,1.0,2.844529151916504,3.6695030331611633,2.628114938735962,3.9391441345214844
13,1,4,1.0,0.2,2.0,1.1386780738830566,2.5277607440948486,2.363255262374878,4.036338806152344
13,1,4,1.0,0.5,0.5,4.0162482261657715,5.499948024749756,1.9096052646636963,2.498981475830078
13,1,4,1.0,0.5,1.0,2.395228862762451,3.693474769592285,2.3006293773651123,3.6210269927978516
13,1,4,1.0,0.5,2.0,0.39108961820602417,0.6045132279396057,2.7962119579315186,5.323894500732422
13,1,4,1.0,0.8,0.5,3.266566753387451,4.8798118233680725,2.927194595336914,3.915741205215454
13,1,4,1.0,0.8,1.0,2.977623462677002,3.8221194744110107,2.8805510997772217,4.774603843688965
13,1,4,1.0,0.8,2.0,1.983201026916504,2.878571093082428,2.9416773319244385,6.025953769683838
13,1,4,1.2,0.2,0.5,0.6709635853767395,1.585987627506256,3.3179969787597656,4.9278974533081055
13,1,4,1.2,0.2,1.0,1.428077220916748,3.0154699087142944,3.146728515625,4.83717679977417
13,1,4,1.2,0.2,2.0,0.9265460968017578,1.3438963890075684,2.6565349102020264,4.611852645874023
13,1,4,1.2,0.5,0.5,0.6684635877609253,1.6019642353057861,3.5527243614196777,5.4078545570373535
13,1,4,1.2,0.5,1.0,1.607478141784668,2.6201473474502563,3.399113893508911,5.864584922790527
13,1,4,1.2,0.5,2.0,1.48252272605896,2.625226855278015,3.0594120025634766,6.2563982009887695
13,1,4,1.2,0.8,0.5,2.136939287185669,4.306342303752899,4.090521812438965,6.3369245529174805
13,1,4,1.2,0.8,1.0,2.068364143371582,3.623959481716156,3.6701698303222656,6.803348541259766
13,1,4,1.2,0.8,2.0,1.321523666381836,2.2663962841033936,3.29876446723938,7.206043243408203
14,1,0,0.8,0.2,0.5,3.2184691429138184,5.732714295387268,1.7472503185272217,2.2343101501464844
14,1,0,0.8,0.2,1.0,2.828080892562866,4.075212836265564,2.0677030086517334,2.986907958984375
14,1,0,0.8,0.2,2.0,2.1524457931518555,2.988637924194336,2.0459635257720947,3.5207297801971436
14,1,0,0.8,0.5,0.5,3.7386484146118164,4.972979962825775,1.7808642387390137,2.3658885955810547
14,1,0,0.8,0.5,1.0,1.6180074214935303,2.9565418362617493,2.011983871459961,3.138122320175171
14,1,0,0.8,0.5,2.0,1.5342215299606323,2.3832618594169617,2.5690925121307373,4.862546920776367
14,1,0,0.8,0.8,0.5,4.5947747230529785,6.588841795921326,1.965973138809204,2.5455315113067627
14,1,0,0.8,0.8,1.0,3.30853009223938,5.214479982852936,2.307832956314087,3.726799488067627
14,1,0,0.8,0.8,2.0,1.2031464576721191,2.237741708755493,2.5008130073547363,4.735082626342773
14,1,0,1.0,0.2,0.5,3.9223694801330566,5.171089172363281,2.11609148979187,2.7838363647460938
14,1,0,1.0,0.2,1.0,1.4905275106430054,2.079128921031952,2.4411847591400146,3.6132352352142334
14,1,0,1.0,0.2,2.0,1.0966308116912842,1.73031085729599,2.1732864379882812,3.863208293914795
14,1,0,1.0,0.5,0.5,3.8617050647735596,5.166965961456299,2.6823887825012207,3.4614644050598145
14,1,0,1.0,0.5,1.0,1.2034220695495605,1.4021926522254944,2.5524871349334717,3.952739715576172
14,1,0,1.0,0.5,2.0,1.3291895389556885,1.9537062048912048,2.5774481296539307,4.9558539390563965
14,1,0,1.0,0.8,0.5,3.7723355293273926,5.916047215461731,3.088304281234741,4.250775337219238
14,1,0,1.0,0.8,1.0,2.1736135482788086,3.1528668999671936,2.561960458755493,4.2567362785339355
14,1,0,1.0,0.8,2.0,1.9617329835891724,2.848401665687561,3.0169575214385986,6.176385879516602
14,1,0,1.2,0.2,0.5,1.521817922592163,2.3536394834518433,3.2942728996276855,4.720220565795898
14,1,0,1.2,0.2,1.0,1.7914040088653564,2.4095990657806396,3.142864942550659,4.8583526611328125
14,1,0,1.2,0.2,2.0,1.4222073554992676,2.383011281490326,2.348773717880249,4.264383792877197
14,1,0,1.2,0.5,0.5,1.0027791261672974,2.282447040081024,3.9051973819732666,6.009158134460449
14,1,0,1.2,0.5,1.0,2.003631830215454,3.1091147661209106,3.6960129737854004,6.159729957580566
14,1,0,1.2,0.5,2.0,1.481069803237915,2.323665678501129,2.931239366531372,5.643476486206055
14,1,0,1.2,0.8,0.5,1.7810289859771729,3.674108862876892,4.07153844833374,6.33667516708374
14,1,0,1.2,0.8,1.0,1.205794095993042,2.1596624851226807,2.935652017593384,5.264988899230957
14,1,0,1.2,0.8,2.0,2.427091598510742,3.474507451057434,3.756165027618408,8.347929954528809
14,1,1,0.8,0.2,0.5,3.343548536300659,4.438171148300171,2.1262800693511963,2.66046142578125
14,1,1,0.8,0.2,1.0,2.313263177871704,3.4923053979873657,2.0021183490753174,3.0510380268096924
14,1,1,0.8,0.2,2.0,1.4562418460845947,2.3567349314689636,2.1068532466888428,3.5843472480773926
14,1,1,0.8,0.5,0.5,3.7077109813690186,5.3066853284835815,1.8965413570404053,2.5012362003326416
14,1,1,0.8,0.5,1.0,2.1767191886901855,3.2244518399238586,2.0920424461364746,3.230909585952759
14,1,1,0.8,0.5,2.0,0.8828305602073669,1.2945124506950378,2.3013274669647217,4.188206195831299
14,1,1,0.8,0.8,0.5,3.4861931800842285,5.1496230363845825,1.8494060039520264,2.398301601409912
14,1,1,0.8,0.8,1.0,2.455116033554077,3.551003873348236,2.371265411376953,3.868333101272583
14,1,1,0.8,0.8,2.0,0.9431402683258057,1.6022909879684448,2.575904607772827,4.901091575622559
14,1,1,1.0,0.2,0.5,2.8739123344421387,4.224352777004242,2.0208661556243896,2.5996744632720947
14,1,1,1.0,0.2,1.0,1.9285225868225098,3.31559020280838,2.1135623455047607,3.083540439605713
14,1,1,1.0,0.2,2.0,1.7004809379577637,2.3437451124191284,2.3784730434417725,4.082131385803223
14,1,1,1.0,0.5,0.5,2.2217941284179688,3.1087186336517334,2.580350160598755,3.334221839904785
14,1,1,1.0,0.5,1.0,1.6100841760635376,1.9836339354515076,2.8320152759552,4.70429801940918
14,1,1,1.0,0.5,2.0,2.161872386932373,3.0570502877235413,2.654775381088257,4.931094169616699
14,1,1,1.0,0.8,0.5,3.975383996963501,5.795108616352081,2.638813018798828,3.6871538162231445
14,1,1,1.0,0.8,1.0,2.399139642715454,4.1688461899757385,2.8619649410247803,4.733282089233398
14,1,1,1.0,0.8,2.0,2.212059497833252,2.815081298351288,3.403371810913086,6.922866344451904
14,1,1,1.2,0.2,0.5,1.148296594619751,2.671243131160736,3.323946475982666,4.595432758331299
14,1,1,1.2,0.2,1.0,1.8524420261383057,2.974534749984741,2.908862829208374,4.586485862731934
14,1,1,1.2,0.2,2.0,1.01743483543396,1.8933384418487549,2.3166260719299316,3.9201464653015137
14,1,1,1.2,0.5,0.5,0.2377527952194214,0.8848617672920227,3.802194118499756,5.913472652435303
14,1,1,1.2,0.5,1.0,0.6783451437950134,0.9173749685287476,3.9326090812683105,6.540769100189209
14,1,1,1.2,0.5,2.0,0.7396320700645447,1.17623770236969,3.4125633239746094,6.500772476196289
14,1,1,1.2,0.8,0.5,1.0200061798095703,1.0338785648345947,4.307929515838623,6.598968982696533
14,1,1,1.2,0.8,1.0,1.118582010269165,1.9254536032676697,4.913882255554199,8.602494239807129
14,1,1,1.2,0.8,2.0,1.4388887882232666,2.4078909754753113,3.071135997772217,6.676898002624512
14,1,2,0.8,0.2,0.5,3.6225345134735107,5.532850623130798,1.7246180772781372,2.171992063522339
14,1,2,0.8,0.2,1.0,1.5880591869354248,2.9719380140304565,2.001368522644043,2.969602584838867
14,1,2,0.8,0.2,2.0,1.3439476490020752,2.5421239733695984,2.1096878051757812,3.6018970012664795
14,1,2,0.8,0.5,0.5,3.146483898162842,3.95453679561615,2.095327615737915,2.7251336574554443
14,1,2,0.8,0.5,1.0,1.8130149841308594,2.5113497972488403,1.9709594249725342,3.0504775047302246
14,1,2,0.8,0.5,2.0,1.258135437965393,1.6036061644554138,2.22859525680542,4.095639228820801
14,1,2,0.8,0.8,0.5,3.6770424842834473,4.586229681968689,2.0023488998413086,2.564548969268799
14,1,2,0.8,0.8,1.0,2.7723031044006348,3.8382102847099304,2.280311346054077,3.751121997833252
14,1,2,0.8,0.8,2.0,2.0892457962036133,3.0569281578063965,2.638761043548584,5.1737565994262695
14,1,2,1.0,0.2,0.5,3.6513969898223877,4.557082831859589,2.060824394226074,2.4821560382843018
14,1,2,1.0,0.2,1.0,2.496339797973633,3.567746162414551,2.1128323078155518,3.224287271499634
14,1,2,1.0,0.2,2.0,1.891334056854248,2.9381425976753235,2.2856898307800293,3.9347305297851562
14,1,2,1.0,0.5,0.5,3.029048442840576,3.8912171125411987,2.7663145065307617,3.6216516494750977
14,1,2,1.0,0.5,1.0,1.8461800813674927,2.4510406255722046,2.5832645893096924,4.028143882751465
14,1,2,1.0,0.5,2.0,2.0567030906677246,2.5887664556503296,2.547266960144043,4.68858003616333
14,1,2,1.0,0.8,0.5,2.9549636840820312,4.029394745826721,2.1397993564605713,2.8722825050354004
14,1,2,1.0,0.8,1.0,3.0610926151275635,4.9949323534965515,2.717104196548462,4.483293056488037
14,1,2,1.0,0.8,2.0,1.7514317035675049,1.970133900642395,2.8074710369110107,5.879270553588867
14,1,2,1.2,0.2,0.5,1.1249380111694336,2.327799916267395,3.1628754138946533,4.380065441131592
14,1,2,1.2,0.2,1.0,2.3495125770568848,3.0933545231819153,2.2789337635040283,3.561108112335205
14,1,2,1.2,0.2,2.0,1.1789708137512207,1.98967045545578,2.47955322265625,4.586092472076416
14,1,2,1.2,0.5,0.5,1.3014461994171143,2.2730727195739746,3.7662765979766846,5.568331241607666
14,1,2,1.2,0.5,1.0,1.0499138832092285,1.56399267911911,3.7298595905303955,6.245072841644287
14,1,2,1.2,0.5,2.0,1.4061776399612427,1.646447777748108,3.3365538120269775,6.57197380065918
14,1,2,1.2,0.8,0.5,0.862239420413971,0.9152753353118896,4.297507286071777,6.590143203735352
14,1,2,1.2,0.8,1.0,1.7085986137390137,2.632527232170105,4.351135730743408,7.652236461639404
14,1,2,1.2,0.8,2.0,1.4916186332702637,2.3631446957588196,3.699702024459839,8.020660400390625
14,1,3,0.8,0.2,0.5,2.9138803482055664,4.584349095821381,1.646181344985962,2.1642000675201416
14,1,3,0.8,0.2,1.0,2.780829429626465,4.48534083366394,1.9021021127700806,2.8202357292175293
14,1,3,0.8,0.2,2.0,2.0578932762145996,3.229816734790802,2.035646677017212,3.3863964080810547
14,1,3,0.8,0.5,0.5,3.832970142364502,5.228845477104187,1.916963815689087,2.453665256500244
14,1,3,0.8,0.5,1.0,2.0904335975646973,3.4178285598754883,2.0407204627990723,3.1604175567626953
14,1,3,0.8,0.5,2.0,1.6687034368515015,2.4647698402404785,2.376448154449463,4.300191879272461
14,1,3,0.8,0.8,0.5,3.706367254257202,5.673061728477478,2.014390468597412,2.6413280963897705
14,1,3,0.8,0.8,1.0,2.154710054397583,3.5688438415527344,2.35365629196167,3.770693063735962
14,1,3,0.8,0.8,2.0,1.9214491844177246,2.7798978686332703,2.601121664047241,5.230672359466553
14,1,3,1.0,0.2,0.5,3.583064317703247,4.748579919338226,2.3953654766082764,3.046151876449585
14,1,3,1.0,0.2,1.0,2.486189126968384,3.1078912019729614,2.523519992828369,3.864975929260254
14,1,3,1.0,0.2,2.0,1.8499979972839355,3.181137502193451,2.1634223461151123,3.822506904602051
14,1,3,1.0,0.5,0.5,3.6971240043640137,5.177951872348785,2.2014737129211426,2.8328065872192383
14,1,3,1.0,0.5,1.0,1.6924357414245605,2.43101167678833,2.3451366424560547,3.867340564727783
14,1,3,1.0,0.5,2.0,2.5089364051818848,3.245350658893585,2.571924924850464,4.873546600341797
14,1,3,1.0,0.8,0.5,3.9556968212127686,5.724117696285248,2.622626781463623,3.5654683113098145
14,1,3,1.0,0.8,1.0,3.448923110961914,5.094712495803833,2.715808391571045,4.547982692718506
14,1,3,1.0,0.8,2.0,2.16072940826416,3.187319278717041,2.986079454421997,6.05977201461792
14,1,3,1.2,0.2,0.5,1.1207280158996582,1.9956770539283752,3.1722118854522705,4.6799139976501465
14,1,3,1.2,0.2,1.0,1.559791088104248,2.5896002650260925,3.043520450592041,4.5223541259765625
14,1,3,1.2,0.2,2.0,1.5398578643798828,2.386841118335724,2.623964548110962,4.592365264892578
14,1,3,1.2,0.5,0.5,1.0350024700164795,2.0970974564552307,3.6904990673065186,5.502607822418213
14,1,3,1.2,0.5,1.0,2.3558058738708496,3.7807735204696655,2.4635062217712402,4.500301837921143
14,1,3,1.2,0.5,2.0,1.4392883777618408,2.009569466114044,3.0173444747924805,5.784635543823242
14,1,3,1.2,0.8,0.5,1.057868480682373,1.4061107635498047,4.082798480987549,6.375233173370361
14,1,3,1.2,0.8,1.0,2.7789900302886963,4.765635669231415,3.1230132579803467,5.821211814880371
14,1,3,1.2,0.8,2.0,2.459965944290161,3.439642369747162,3.739274501800537,8.020482063293457
14,1,4,0.8,0.2,0.5,2.8000450134277344,4.628064393997192,1.6870962381362915,2.217179298400879
14,1,4,0.8,0.2,1.0,3.3455779552459717,4.381395220756531,2.02803111076355,2.9309136867523193
14,1,4,0.8,0.2,2.0,1.360886812210083,2.3026026487350464,2.2296817302703857,4.0336079597473145
14,1,4,0.8,0.5,0.5,2.706540584564209,3.9360888600349426,1.7489527463912964,2.2922158241271973
14,1,4,0.8,0.5,1.0,1.9586905241012573,2.4804526567459106,2.242023229598999,3.4889323711395264
14,1,4,0.8,0.5,2.0,1.7188293933868408,2.6795928478240967,2.2548930644989014,4.064554214477539
14,1,4,0.8,0.8,0.5,3.0056543350219727,4.020860970020294,2.1813058853149414,2.8863468170166016
14,1,4,0.8,0.8,1.0,2.8133034706115723,3.789821982383728,2.345655679702759,3.7491703033447266
14,1,4,0.8,0.8,2.0,2.3739216327667236,2.9488636255264282,2.6901180744171143,5.385012149810791
14,1,4,1.0,0.2,0.5,3.8477303981781006,5.289108157157898,2.0355427265167236,2.6347343921661377
14,1,4,1.0,0.2,1.0,2.226869583129883,3.382589042186737,2.3348500728607178,3.4785985946655273
14,1,4,1.0,0.2,2.0,1.699722170829773,2.6888325810432434,2.444087266921997,4.203042507171631
14,1,4,1.0,0.5,0.5,2.818904161453247,3.687713384628296,2.0341744422912598,2.5779573917388916
14,1,4,1.0,0.5,1.0,1.703296184539795,2.423925220966339,2.5327296257019043,4.124275207519531
14,1,4,1.0,0.5,2.0,1.8150737285614014,2.838758707046509,2.53568172454834,4.7734150886535645
14,1,4,1.0,0.8,0.5,3.534660816192627,5.815259337425232,2.599552869796753,3.4931070804595947
14,1,4,1.0,0.8,1.0,2.956437110900879,4.065596759319305,2.980191946029663,4.89140510559082
14,1,4,1.0,0.8,2.0,3.0310356616973877,4.417616188526154,3.0823538303375244,6.214590072631836
14,1,4,1.2,0.2,0.5,0.8588906526565552,2.632103145122528,3.288083553314209,4.785400867462158
14,1,4,1.2,0.2,1.0,1.6417078971862793,3.047069728374481,3.37906813621521,4.866152763366699
14,1,4,1.2,0.2,2.0,2.094512939453125,2.4039230942726135,2.4763834476470947,4.719823360443115
14,1,4,1.2,0.5,0.5,0.6928136348724365,1.7758530974388123,3.8463237285614014,5.740662097930908
14,1,4,1.2,0.5,1.0,2.1305110454559326,3.7103289365768433,3.244762659072876,5.49150276184082
14,1,4,1.2,0.5,2.0,0.7665181159973145,1.3498265147209167,3.39414119720459,6.737019062042236
14,1,4,1.2,0.8,0.5,1.2237358093261719,2.2009040117263794,4.049564838409424,6.314718246459961
14,1,4,1.2,0.8,1.0,2.7510080337524414,4.01102215051651,3.498253345489502,6.5768256187438965
14,1,4,1.2,0.8,2.0,1.020808219909668,1.950694978237152,3.473850965499878,7.6027140617370605
15,1,0,0.8,0.2,0.5,3.6484594345092773,5.194833040237427,1.8748682737350464,2.3330283164978027
15,1,0,0.8,0.2,1.0,2.1968014240264893,3.4971577525138855,1.8049982786178589,2.6320960521698
15,1,0,0.8,0.2,2.0,1.393979549407959,2.3292552828788757,2.182260274887085,3.622817039489746
15,1,0,0.8,0.5,0.5,2.6182239055633545,3.791329026222229,1.9261168241500854,2.5059614181518555
15,1,0,0.8,0.5,1.0,2.7535393238067627,3.9016783237457275,1.9541112184524536,2.9201033115386963
15,1,0,0.8,0.5,2.0,2.0722739696502686,3.018638253211975,2.3365395069122314,4.442174911499023
15,1,0,0.8,0.8,0.5,3.7361888885498047,5.47029173374176,2.163794994354248,2.922696352005005
15,1,0,0.8,0.8,1.0,2.49697208404541,3.9505318999290466,2.2905447483062744,3.5978598594665527
15,1,0,0.8,0.8,2.0,1.7973754405975342,2.750560998916626,2.6699461936950684,5.110641956329346
15,1,0,1.0,0.2,0.5,3.055877685546875,4.705040097236633,1.8733184337615967,2.359452962875366
15,1,0,1.0,0.2,1.0,2.0183284282684326,3.3710267543792725,2.359924793243408,3.3694424629211426
15,1,0,1.0,0.2,2.0,1.5833520889282227,2.80324923992157,2.470170021057129,4.206936359405518
15,1,0,1.0,0.5,0.5,3.9202473163604736,5.171993374824524,2.0812346935272217,2.765676975250244
15,1,0,1.0,0.5,1.0,2.200565814971924,2.899127960205078,2.586876630783081,4.228004455566406
15,1,0,1.0,0.5,2.0,0.9405573010444641,1.203591763973236,3.0155184268951416,5.8506999015808105
15,1,0,1.0,0.8,0.5,3.3238768577575684,4.431199371814728,2.460787057876587,3.3512823581695557
15,1,0,1.0,0.8,1.0,2.9711620807647705,4.385308921337128,2.9234883785247803,4.9205241203308105
15,1,0,1.0,0.8,2.0,1.1928253173828125,2.0510629415512085,3.052377462387085,6.043074131011963
15,1,0,1.2,0.2,0.5,1.1221632957458496,2.0740742683410645,3.3601913452148438,4.768171310424805
15,1,0,1.2,0.2,1.0,1.322434902191162,2.174658417701721,2.571345567703247,4.035379409790039
15,1,0,1.2,0.2,2.0,1.055135726928711,1.738204300403595,2.6392579078674316,4.681931972503662
15,1,0,1.2,0.5,0.5,1.261657953262329,2.28443843126297,4.0311174392700195,6.255820274353027
15,1,0,1.2,0.5,1.0,0.7415151596069336,0.7964636087417603,4.040956974029541,7.003150463104248
15,1,0,1.2,0.5,2.0,1.496117115020752,1.8684751391410828,3.383587121963501,6.557340621948242
15,1,0,1.2,0.8,0.5,2.7093474864959717,4.0243119597435,3.9248197078704834,5.9941630363464355
15,1,0,1.2,0.8,1.0,1.7442915439605713,2.6538122296333313,3.8473310470581055,6.961569309234619
15,1,0,1.2,0.8,2.0,0.9021728038787842,1.8708142638206482,4.6004228591918945,10.034549713134766
15,1,1,0.8,0.2,0.5,4.274654388427734,5.236975193023682,1.714379072189331,2.124866485595703
15,1,1,0.8,0.2,1.0,2.1009268760681152,3.8807970881462097,1.8579258918762207,2.7471513748168945
15,1,1,0.8,0.2,2.0,1.7639243602752686,3.193223297595978,1.9883291721343994,3.2823386192321777
15,1,1,0.8,0.5,0.5,2.963676929473877,4.483669400215149,1.8277103900909424,2.3699967861175537
15,1,1,0.8,0.5,1.0,3.080880880355835,3.486851215362549,2.174501895904541,3.4903829097747803
15,1,1,0.8,0.5,2.0,1.776256799697876,2.2290598154067993,2.47702956199646,4.377379417419434
15,1,1,0.8,0.8,0.5,4.465807914733887,5.976506888866425,2.1266775131225586,2.7835021018981934
15,1,1,0.8,0.8,1.0,3.213002920150757,4.883171856403351,2.2158870697021484,3.4710185527801514
15,1,1,0.8,0.8,2.0,1.9966473579406738,3.534227430820465,2.632766008377075,4.876667022705078
15,1,1,1.0,0.2,0.5,3.4169163703918457,4.9048832654953,2.3902668952941895,3.0745911598205566
15,1,1,1.0,0.2,1.0,1.8153448104858398,3.4745761156082153,2.367891550064087,3.4999945163726807
15,1,1,1.0,0.2,2.0,1.7964825630187988,2.784111440181732,2.287085771560669,4.096604824066162
15,1,1,1.0,0.5,0.5,3.1908700466156006,5.210984468460083,2.3258907794952393,3.0355422496795654
15,1,1,1.0,0.5,1.0,1.3920865058898926,1.9601435661315918,2.4899120330810547,3.8704450130462646
15,1,1,1.0,0.5,2.0,1.0373774766921997,1.3537682890892029,2.479735851287842,4.6922783851623535
15,1,1,1.0,0.8,0.5,4.336699962615967,5.890217900276184,2.0638933181762695,2.716320037841797
15,1,1,1.0,0.8,1.0,2.9694764614105225,4.0892563462257385,2.7494077682495117,4.5909271240234375
15,1,1,1.0,0.8,2.0,2.427522659301758,3.4781541228294373,2.741240978240967,5.470815658569336
15,1,1,1.2,0.2,0.5,0.8018843531608582,2.058865189552307,3.2687807083129883,4.662654399871826
15,1,1,1.2,0.2,1.0,0.5855697393417358,1.3205025792121887,3.240243673324585,5.089272975921631
15,1,1,1.2,0.2,2.0,1.6725172996520996,2.9212436079978943,2.582245349884033,4.500803470611572
15,1,1,1.2,0.5,0.5,0.5812186002731323,0.8766270279884338,3.8220596313476562,5.631971836090088
15,1,1,1.2,0.5,1.0,0.7304577827453613,0.9293435215950012,3.8573105335235596,6.334358215332031
15,1,1,1.2,0.5,2.0,1.1290408372879028,1.6364436745643616,3.5174813270568848,7.0994415283203125
15,1,1,1.2,0.8,0.5,1.3029639720916748,3.0141539573669434,4.297229766845703,6.714062213897705
15,1,1,1.2,0.8,1.0,2.5489771366119385,3.3762422800064087,2.945157527923584,5.3854851722717285
15,1,1,1.2,0.8,2.0,1.914031744003296,3.3691738843917847,4.272205829620361,9.281718254089355
15,1,2,0.8,0.2,0.5,3.275933265686035,5.165555059909821,1.6909805536270142,2.1540322303771973
15,1,2,0.8,0.2,1.0,2.426995277404785,3.7288056015968323,1.9273669719696045,2.817185878753662
15,1,2,0.8,0.2,2.0,2.030533790588379,2.405782639980316,2.200831651687622,3.6752028465270996
15,1,2,0.8,0.5,0.5,3.232543468475342,5.222898185253143,1.9064997434616089,2.4862875938415527
15,1,2,0.8,0.5,1.0,3.155837297439575,4.204015791416168,1.9709333181381226,3.0569193363189697
15,1,2,0.8,0.5,2.0,2.274132490158081,3.1842836141586304,2.380042791366577,4.337310314178467
15,1,2,0.8,0.8,0.5,3.137479066848755,4.370147407054901,2.0484867095947266,2.7450597286224365
15,1,2,0.8,0.8,1.0,3.6177830696105957,5.798958361148834,2.256253242492676,3.5679993629455566
15,1,2,0.8,0.8,2.0,2.9993386268615723,4.947923302650452,2.67575740814209,5.052404403686523
15,1,2,1.0,0.2,0.5,2.2944886684417725,3.715738594532013,2.4550228118896484,3.1860764026641846
15,1,2,1.0,0.2,1.0,2.6181063652038574,3.957372725009918,2.617961883544922,3.9714114665985107
15,1,2,1.0,0.2,2.0,1.7201411724090576,2.934243142604828,2.319528102874756,4.020503997802734
15,1,2,1.0,0.5,0.5,3.6363024711608887,4.65081113576889,2.5603842735290527,3.360823631286621
15,1,2,1.0,0.5,1.0,2.210808515548706,3.702131509780884,2.3097691535949707,3.5789923667907715
15,1,2,1.0,0.5,2.0,1.6925253868103027,2.6067909598350525,2.8210058212280273,5.478909492492676
15,1,2,1.0,0.8,0.5,3.447005033493042,5.055465817451477,2.2533559799194336,3.001912832260132
15,1,2,1.0,0.8,1.0,3.1336989402770996,5.097785115242004,2.7056610584259033,4.614774703979492
15,1,2,1.0,0.8,2.0,1.9498560428619385,3.184258282184601,3.062633991241455,6.343255043029785
15,1,2,1.2,0.2,0.5,1.252779245376587,2.3181832432746887,3.237405300140381,4.4524946212768555
15,1,2,1.2,0.2,1.0,0.5032545328140259,0.8776553273200989,3.3701889514923096,5.136160373687744
15,1,2,1.2,0.2,2.0,0.8483285903930664,2.1338791251182556,2.599548578262329,4.717393398284912
15,1,2,1.2,0.5,0.5,1.4298248291015625,3.0487220287323,3.572587728500366,5.359139442443848
15,1,2,1.2,0.5,1.0,2.074759006500244,3.564569652080536,3.6863772869110107,6.231602668762207
15,1,2,1.2,0.5,2.0,1.3612526655197144,1.689474880695343,3.1993463039398193,6.319117546081543
15,1,2,1.2,0.8,0.5,0.9731802940368652,2.206709563732147,4.147073268890381,6.342404842376709
15,1,2,1.2,0.8,1.0,0.9130972623825073,1.4895355105400085,3.6593997478485107,7.39390230178833
15,1,2,1.2,0.8,2.0,2.864018440246582,5.098972678184509,3.7976560592651367,8.229689598083496
15,1,3,0.8,0.2,0.5,3.706711530685425,5.160741090774536,1.918593168258667,2.3586928844451904
15,1,3,0.8,0.2,1.0,1.4083424806594849,2.2848744988441467,1.8450151681900024,2.8511321544647217
15,1,3,0.8,0.2,2.0,2.5421671867370605,3.6473795771598816,2.2252891063690186,3.729572296142578
15,1,3,0.8,0.5,0.5,3.1885108947753906,4.7000110149383545,1.8857086896896362,2.4128799438476562
15,1,3,0.8,0.5,1.0,2.543653964996338,3.7231297492980957,2.1096887588500977,3.336414337158203
15,1,3,0.8,0.5,2.0,1.737597942352295,2.9233803749084473,2.484142303466797,4.711101055145264
15,1,3,0.8,0.8,0.5,3.3651585578918457,5.285812139511108,1.9869744777679443,2.5957584381103516
15,1,3,0.8,0.8,1.0,1.3723267316818237,2.7226827144622803,2.5589394569396973,4.1295318603515625
15,1,3,0.8,0.8,2.0,0.9506240487098694,1.349668264389038,2.6698684692382812,5.191659450531006
15,1,3,1.0,0.2,0.5,2.7024130821228027,4.363888680934906,2.3542914390563965,3.003148078918457
15,1,3,1.0,0.2,1.0,3.1739559173583984,4.544294118881226,1.9540683031082153,2.861374616622925
15,1,3,1.0,0.2,2.0,1.2971086502075195,2.0586512088775635,2.4790453910827637,4.348125457763672
15,1,3,1.0,0.5,0.5,3.593888521194458,5.2616859674453735,1.8810956478118896,2.456657886505127
15,1,3,1.0,0.5,1.0,3.1235342025756836,4.762970924377441,2.266214609146118,3.554997205734253
15,1,3,1.0,0.5,2.0,1.7031924724578857,2.1936179399490356,2.772157907485962,5.588171005249023
15,1,3,1.0,0.8,0.5,2.5350241661071777,3.5030102729797363,2.854313611984253,3.889453649520874
15,1,3,1.0,0.8,1.0,3.6438655853271484,5.094283580780029,2.696688652038574,4.330074310302734
15,1,3,1.0,0.8,2.0,2.044412136077881,2.4020493030548096,3.439910650253296,6.935058116912842
15,1,3,1.2,0.2,0.5,1.615321397781372,2.9954469203948975,3.354832649230957,4.639049053192139
15,1,3,1.2,0.2,1.0,1.3010528087615967,2.7215680480003357,3.4392454624176025,5.137298107147217
15,1,3,1.2,0.2,2.0,1.9769154787063599,3.3540849089622498,2.4438695907592773,4.383454322814941
15,1,3,1.2,0.5,0.5,1.56519615650177,2.1212069392204285,3.7695038318634033,5.613761901855469
15,1,3,1.2,0.5,1.0,1.567004680633545,3.279073119163513,3.016979455947876,5.3532395362854
15,1,3,1.2,0.5,2.0,2.1801509857177734,3.50113582611084,2.668593168258667,5.264874458312988
15,1,3,1.2,0.8,0.5,1.3374062776565552,2.5779510736465454,4.26239013671875,6.692295074462891
15,1,3,1.2,0.8,1.0,2.419668197631836,3.502879559993744,3.7246928215026855,6.750860214233398
15,1,3,1.2,0.8,2.0,1.8406307697296143,3.0435415506362915,3.7253358364105225,8.255913734436035
15,1,4,0.8,0.2,0.5,4.416126251220703,6.186252474784851,1.8338065147399902,2.3289835453033447
15,1,4,0.8,0.2,1.0,2.7780349254608154,4.497316241264343,1.9900434017181396,2.9392850399017334
15,1,4,0.8,0.2,2.0,1.8795018196105957,2.311886250972748,2.0471372604370117,3.4517219066619873
15,1,4,0.8,0.5,0.5,3.202737808227539,4.788498818874359,1.7782313823699951,2.317147731781006
15,1,4,0.8,0.5,1.0,2.270487070083618,3.5136425495147705,2.07433819770813,3.127288341522217
15,1,4,0.8,0.5,2.0,1.0465679168701172,1.3326537013053894,2.3634536266326904,4.55006217956543
15,1,4,0.8,0.8,0.5,4.113818645477295,4.953495681285858,2.091230869293213,2.7339582443237305
15,1,4,0.8,0.8,1.0,3.017831802368164,4.684972524642944,2.4724228382110596,4.039830207824707
15,1,4,0.8,0.8,2.0,1.5676627159118652,2.0297427773475647,2.546863079071045,4.800997734069824
15,1,4,1.0,0.2,0.5,3.8258607387542725,5.41331821680069,2.5214920043945312,3.151494264602661
15,1,4,1.0,0.2,1.0,1.8157625198364258,3.1949656009674072,2.1458373069763184,3.403162717819214
15,1,4,1.0,0.2,2.0,1.578096628189087,2.241395056247711,2.1926512718200684,3.9305338859558105
15,1,4,1.0,0.5,0.5,3.6316962242126465,5.003703355789185,2.2442424297332764,2.953747272491455
15,1,4,1.0,0.5,1.0,2.9374678134918213,3.994091749191284,2.3895559310913086,3.769559621810913
15,1,4,1.0,0.5,2.0,0.7716231942176819,0.7561147809028625,2.913484811782837,5.787178993225098
15,1,4,1.0,0.8,0.5,3.610541820526123,5.296682059764862,2.2609927654266357,3.016850471496582
15,1,4,1.0,0.8,1.0,2.4181063175201416,4.138447701931,2.9080276489257812,4.788795471191406
15,1,4,1.0,0.8,2.0,2.345391273498535,3.9460694789886475,3.274179697036743,6.6097235679626465
15,1,4,1.2,0.2,0.5,1.051487922668457,2.853034257888794,3.203911066055298,4.7602620124816895
15,1,4,1.2,0.2,1.0,1.2449431419372559,1.8424358367919922,3.5033631324768066,5.442842483520508
15,1,4,1.2,0.2,2.0,1.5524982213974,1.9914767742156982,2.772038221359253,4.7455573081970215
15,1,4,1.2,0.5,0.5,1.265967607498169,1.7440956234931946,3.6544029712677,5.3545637130737305
15,1,4,1.2,0.5,1.0,1.4978446960449219,1.8243315815925598,3.928358316421509,6.523927688598633
15,1,4,1.2,0.5,2.0,1.3814175128936768,2.0794148445129395,3.1314477920532227,6.1609039306640625
15,1,4,1.2,0.8,0.5,1.6810728311538696,3.564224362373352,4.2575812339782715,6.47988748550415
15,1,4,1.2,0.8,1.0,3.234394073486328,5.612572550773621,3.910153388977051,7.250128269195557
15,1,4,1.2,0.8,2.0,2.2070789337158203,3.837476968765259,3.475761890411377,7.581136703491211
16,1,0,0.8,0.2,0.5,3.172302722930908,4.7426586747169495,1.6903830766677856,2.237417221069336
16,1,0,0.8,0.2,1.0,2.4509012699127197,4.438210487365723,1.9276342391967773,2.9082794189453125
16,1,0,0.8,0.2,2.0,1.138819694519043,2.36243599653244,2.015235185623169,3.3719370365142822
16,1,0,0.8,0.5,0.5,3.5400137901306152,5.379561543464661,2.0435631275177,2.705233573913574
16,1,0,0.8,0.5,1.0,2.121185064315796,3.3283037543296814,2.279355525970459,3.4697999954223633
16,1,0,0.8,0.5,2.0,1.3998631238937378,2.723210394382477,2.526170492172241,4.670674800872803
16,1,0,0.8,0.8,0.5,4.5770745277404785,6.596318006515503,1.9478970766067505,2.562237501144409
16,1,0,0.8,0.8,1.0,2.5719027519226074,3.7623477578163147,2.1872215270996094,3.5311765670776367
16,1,0,0.8,0.8,2.0,1.8104779720306396,3.0629899501800537,2.75500750541687,5.554529666900635
16,1,0,1.0,0.2,0.5,3.726003646850586,5.546948730945587,2.152926445007324,2.5459518432617188
16,1,0,1.0,0.2,1.0,3.003913402557373,3.9909842014312744,2.163085699081421,3.126904249191284
16,1,0,1.0,0.2,2.0,1.4554708003997803,2.8784679770469666,2.4904279708862305,4.2220377922058105
16,1,0,1.0,0.5,0.5,3.3019447326660156,4.151450276374817,2.2067716121673584,2.891630172729492
16,1,0,1.0,0.5,1.0,2.6936933994293213,4.285618722438812,2.2554993629455566,3.465606689453125
16,1,0,1.0,0.5,2.0,1.4699678421020508,2.858167052268982,2.613389730453491,5.00669527053833
16,1,0,1.0,0.8,0.5,3.0942211151123047,5.169222950935364,2.6973378658294678,3.6260769367218018
16,1,0,1.0,0.8,1.0,1.9151611328125,2.794783055782318,2.6691176891326904,4.614381790161133
16,1,0,1.0,0.8,2.0,2.6001529693603516,4.20892059803009,2.9453439712524414,6.144319534301758
16,1,0,1.2,0.2,0.5,0.9390352368354797,2.718672275543213,3.2166099548339844,4.414775848388672
16,1,0,1.2,0.2,1.0,1.501794695854187,2.7287542819976807,2.420499324798584,3.7616429328918457
16,1,0,1.2,0.2,2.0,1.8752639293670654,2.3938995599746704,2.3290741443634033,4.141318321228027
16,1,0,1.2,0.5,0.5,0.3657195568084717,0.4634660482406616,3.7420544624328613,5.361068248748779
16,1,0,1.2,0.5,1.0,1.7725539207458496,2.7973082661628723,3.4975392818450928,5.750731468200684
16,1,0,1.2,0.5,2.0,0.6288941502571106,0.9653437733650208,2.7147159576416016,5.302312850952148
16,1,0,1.2,0.8,0.5,2.0564191341400146,2.0623838901519775,4.340487003326416,6.485830307006836
16,1,0,1.2,0.8,1.0,1.9690065383911133,3.409733235836029,3.7292678356170654,7.027278900146484
16,1,0,1.2,0.8,2.0,1.8926053047180176,2.5040168166160583,4.217332363128662,9.329920768737793
16,1,1,0.8,0.2,0.5,2.852454662322998,4.09166544675827,1.6712275743484497,2.151384115219116
16,1,1,0.8,0.2,1.0,2.589183807373047,4.149207711219788,1.811050295829773,2.7389726638793945
16,1,1,0.8,0.2,2.0,1.828087329864502,2.9149393439292908,2.0201454162597656,3.69242525100708
16,1,1,0.8,0.5,0.5,2.9534759521484375,4.64026665687561,1.838487148284912,2.342902421951294
16,1,1,0.8,0.5,1.0,3.110915422439575,4.3970683217048645,2.1896719932556152,3.3385794162750244
16,1,1,0.8,0.5,2.0,1.5689116716384888,2.972327411174774,2.3100638389587402,4.243618965148926
16,1,1,0.8,0.8,0.5,3.7896347045898438,5.72857791185379,2.3203179836273193,3.021207094192505
16,1,1,0.8,0.8,1.0,3.203054666519165,4.822105407714844,2.2266883850097656,3.607241630554199
16,1,1,0.8,0.8,2.0,2.184877634048462,2.5134990215301514,2.541168451309204,5.009665489196777
16,1,1,1.0,0.2,0.5,3.972883939743042,5.428475916385651,2.266879081726074,2.9106454849243164
16,1,1,1.0,0.2,1.0,2.109262466430664,3.6781891584396362,2.0310981273651123,3.0163180828094482
16,1,1,1.0,0.2,2.0,1.833573341369629,2.544121026992798,2.4648261070251465,4.387317180633545
16,1,1,1.0,0.5,0.5,3.296114921569824,4.4761539697647095,2.6314890384674072,3.3340935707092285
16,1,1,1.0,0.5,1.0,2.9749603271484375,4.324135065078735,2.3798017501831055,3.731020212173462
16,1,1,1.0,0.5,2.0,0.6245564818382263,1.3908422589302063,2.62689208984375,4.9135847091674805
16,1,1,1.0,0.8,0.5,3.9275941848754883,4.859713435173035,2.104914426803589,2.877448558807373
16,1,1,1.0,0.8,1.0,2.773131847381592,4.369927763938904,3.0473875999450684,5.116512298583984
16,1,1,1.0,0.8,2.0,2.3840389251708984,3.47718346118927,2.749685287475586,5.5910186767578125
16,1,1,1.2,0.2,0.5,0.9332868456840515,2.4610525965690613,3.243180990219116,4.6772871017456055
16,1,1,1.2,0.2,1.0,2.453744411468506,3.302018404006958,2.377948522567749,3.541031837463379
16,1,1,1.2,0.2,2.0,1.203460693359375,1.889821171760559,2.5316972732543945,4.533819198608398
16,1,1,1.2,0.5,0.5,0.9723746180534363,2.185998022556305,3.562084674835205,5.167131423950195
16,1,1,1.2,0.5,1.0,2.4009599685668945,3.413387954235077,2.8943393230438232,4.9426069259643555
16,1,1,1.2,0.5,2.0,0.703090488910675,0.7312725186347961,3.060215473175049,6.301229476928711
16,1,1,1.2,0.8,0.5,0.0,0.0,4.1816182136535645,6.347921371459961
16,1,1,1.2,0.8,1.0,1.635439157485962,2.5763620138168335,3.856645345687866,6.982861042022705
16,1,1,1.2,0.8,2.0,1.7471001148223877,2.5559948682785034,3.9971394538879395,8.729574203491211
16,1,2,0.8,0.2,0.5,2.5687637329101562,3.746312201023102,1.7052313089370728,2.11019229888916
16,1,2,0.8,0.2,1.0,2.0869367122650146,3.4917343854904175,2.032017469406128,3.091195583343506
16,1,2,0.8,0.2,2.0,1.4790934324264526,2.5699458718299866,2.2912330627441406,3.8993685245513916
16,1,2,0.8,0.5,0.5,2.9504995346069336,4.17907178401947,1.7591139078140259,2.2592360973358154
16,1,2,0.8,0.5,1.0,2.050992488861084,2.488512635231018,2.0393762588500977,3.1894147396087646
16,1,2,0.8,0.5,2.0,2.773634910583496,4.0299593806266785,2.5014240741729736,4.652796268463135
16,1,2,0.8,0.8,0.5,2.9955341815948486,4.978671848773956,1.8270158767700195,2.4159159660339355
16,1,2,0.8,0.8,1.0,3.518486499786377,5.505433976650238,2.4421544075012207,3.9774091243743896
16,1,2,0.8,0.8,2.0,2.3894646167755127,2.4382351636886597,2.800027847290039,5.601727485656738
16,1,2,1.0,0.2,0.5,3.8000810146331787,5.6596797704696655,2.6551661491394043,3.250443458557129
16,1,2,1.0,0.2,1.0,2.6577682495117188,3.4732707142829895,2.0998027324676514,3.05521559715271
16,1,2,1.0,0.2,2.0,2.034379005432129,3.1673152446746826,2.2351882457733154,3.8565516471862793
16,1,2,1.0,0.5,0.5,2.2398757934570312,3.1372784972190857,2.4979474544525146,3.289520740509033
16,1,2,1.0,0.5,1.0,2.4674198627471924,3.5624045729637146,2.625267267227173,4.160488128662109
16,1,2,1.0,0.5,2.0,1.4962713718414307,2.4903096556663513,2.6411170959472656,4.906826496124268
16,1,2,1.0,0.8,0.5,1.5497159957885742,2.5129791498184204,2.9201667308807373,3.938516616821289
16,1,2,1.0,0.8,1.0,2.2899651527404785,3.459598481655121,2.8107564449310303,4.456660747528076
16,1,2,1.0,0.8,2.0,1.8558084964752197,2.393222153186798,3.0024471282958984,6.105437278747559
16,1,2,1.2,0.2,0.5,0.8269643783569336,1.5376920104026794,3.2049853801727295,4.673223972320557
16,1,2,1.2,0.2,1.0,1.8381291627883911,2.7234238982200623,2.9345998764038086,4.381779193878174
16,1,2,1.2,0.2,2.0,1.31400465965271,1.6494568586349487,2.3463730812072754,4.15718412399292
16,1,2,1.2,0.5,0.5,0.8799341320991516,1.6472958326339722,3.902536392211914,5.87846040725708
16,1,2,1.2,0.5,1.0,0.43692296743392944,0.5583946704864502,4.019515037536621,6.478585243225098
16,1,2,1.2,0.5,2.0,1.485609769821167,2.0762487649917603,3.3356804847717285,6.407925605773926
16,1,2,1.2,0.8,0.5,1.2261208295822144,3.225471019744873,4.331319808959961,6.609462738037109
16,1,2,1.2,0.8,1.0,2.4777884483337402,3.721175253391266,4.146708011627197,7.638824462890625
16,1,2,1.2,0.8,2.0,0.9755145907402039,1.0625972747802734,3.9063820838928223,8.510971069335938
16,1,3,0.8,0.2,0.5,2.078254461288452,3.6877788305282593,1.7823244333267212,2.288831949234009
16,1,3,0.8,0.2,1.0,2.625067710876465,3.5350913405418396,1.9078617095947266,2.9486465454101562
16,1,3,0.8,0.2,2.0,1.7827775478363037,2.5088730454444885,2.2716543674468994,3.971151828765869
16,1,3,0.8,0.5,0.5,3.273430824279785,4.0326356291770935,2.0181679725646973,2.699514150619507
16,1,3,0.8,0.5,1.0,2.3411459922790527,3.0738565325737,2.0749270915985107,3.2166810035705566
16,1,3,0.8,0.5,2.0,2.235212802886963,3.4805749654769897,2.2471773624420166,4.027261734008789
16,1,3,0.8,0.8,0.5,4.060937881469727,5.521978795528412,2.0811188220977783,2.773284673690796
16,1,3,0.8,0.8,1.0,2.7828705310821533,4.058609306812286,2.4361233711242676,3.877251625061035
16,1,3,0.8,0.8,2.0,1.793553113937378,1.7980408072471619,2.5397865772247314,4.9161810874938965
16,1,3,1.0,0.2,0.5,3.6771726608276367,5.402862310409546,1.716223120689392,2.2392334938049316
16,1,3,1.0,0.2,1.0,2.765887975692749,3.916890561580658,1.9819893836975098,2.996363878250122
16,1,3,1.0,0.2,2.0,0.929446816444397,1.5457561016082764,2.324406862258911,4.194651126861572
16,1,3,1.0,0.5,0.5,3.2047882080078125,4.207019925117493,2.613544225692749,3.3543951511383057
16,1,3,1.0,0.5,1.0,2.7585411071777344,4.0878161787986755,2.611619234085083,4.3802809715271
16,1,3,1.0,0.5,2.0,0.6621707677841187,0.7735312581062317,2.6524665355682373,5.228110313415527
16,1,3,1.0,0.8,0.5,2.8224101066589355,3.705641269683838,2.2446236610412598,3.031928300857544
16,1,3,1.0,0.8,1.0,2.9051239490509033,4.903657853603363,2.526815414428711,4.178098678588867
16,1,3,1.0,0.8,2.0,1.533510446548462,2.2229223251342773,2.853516101837158,5.742190361022949
16,1,3,1.2,0.2,0.5,1.2921336889266968,2.5386224389076233,3.2657039165496826,4.61050271987915
16,1,3,1.2,0.2,1.0,1.06205153465271,1.8136177062988281,2.8466672897338867,4.446657657623291
16,1,3,1.2,0.2,2.0,1.729264497756958,2.3004056811332703,2.3784024715423584,4.1449785232543945
16,1,3,1.2,0.5,0.5,1.2199838161468506,1.4818022847175598,3.8848416805267334,5.812544822692871
16,1,3,1.2,0.5,1.0,0.0,0.0,4.232962608337402,6.840108394622803
16,1,3,1.2,0.5,2.0,0.688906729221344,0.7538144588470459,2.788461923599243,5.4452080726623535
16,1,3,1.2,0.8,0.5,1.0220468044281006,1.7775105237960815,4.298068046569824,6.601198196411133
16,1,3,1.2,0.8,1.0,1.7394747734069824,2.6872270703315735,4.638359546661377,8.39316177368164
16,1,3,1.2,0.8,2.0,1.8190476894378662,2.718102276325226,3.4163386821746826,7.285567760467529
16,1,4,0.8,0.2,0.5,3.461958408355713,4.921373724937439,1.94220769405365,2.4501984119415283
16,1,4,0.8,0.2,1.0,2.7868494987487793,3.6958191990852356,1.9854543209075928,3.0495097637176514
16,1,4,0.8,0.2,2.0,0.9893627166748047,1.9391839504241943,2.1593008041381836,3.8319571018218994
16,1,4,0.8,0.5,0.5,3.3439998626708984,3.9640073776245117,1.930628776550293,2.454665422439575
16,1,4,0.8,0.5,1.0,3.2957544326782227,5.3887938261032104,2.098858594894409,3.3976588249206543
16,1,4,0.8,0.5,2.0,1.707157850265503,3.1720097064971924,2.541778326034546,4.645832061767578
16,1,4,0.8,0.8,0.5,2.9547111988067627,4.0453473925590515,2.0038223266601562,2.5951383113861084
16,1,4,0.8,0.8,1.0,2.4303507804870605,3.3383976817131042,2.3028039932250977,3.842872381210327
16,1,4,0.8,0.8,2.0,1.9243271350860596,3.263503670692444,2.551842212677002,5.136147975921631
16,1,4,1.0,0.2,0.5,2.461088180541992,3.8301050066947937,2.3145029544830322,2.8301103115081787
16,1,4,1.0,0.2,1.0,2.7998390197753906,3.8836986422538757,2.3199687004089355,3.5988779067993164
16,1,4,1.0,0.2,2.0,1.4434653520584106,3.0827773213386536,2.425403356552124,4.328590393066406
16,1,4,1.0,0.5,0.5,4.124024868011475,5.249832212924957,1.9235554933547974,2.490617275238037
16,1,4,1.0,0.5,1.0,2.5244293212890625,2.7741541266441345,2.128183126449585,3.2964868545532227
16,1,4,1.0,0.5,2.0,2.1851999759674072,3.407222032546997,2.591637372970581,4.8750715255737305
16,1,4,1.0,0.8,0.5,2.7466790676116943,3.967163324356079,2.4069106578826904,3.2761130332946777
16,1,4,1.0,0.8,1.0,3.0900015830993652,4.124820113182068,3.3247082233428955,5.728646278381348
16,1,4,1.0,0.8,2.0,2.7113449573516846,3.0427375435829163,3.6744847297668457,7.597339630126953
16,1,4,1.2,0.2,0.5,0.9916108846664429,1.789428174495697,3.3472559452056885,4.8711256980896
16,1,4,1.2,0.2,1.0,1.0618102550506592,2.542198419570923,2.9749066829681396,4.379333019256592
16,1,4,1.2,0.2,2.0,1.3807330131530762,1.7214770913124084,2.817399263381958,5.155261516571045
16,1,4,1.2,0.5,0.5,1.0609102249145508,1.8432140350341797,3.789036750793457,5.643758773803711
16,1,4,1.2,0.5,1.0,1.5272622108459473,2.4066869020462036,3.973345994949341,6.310334205627441
16,1,4,1.2,0.5,2.0,1.119807481765747,1.4105101823806763,2.9213640689849854,5.678872108459473
16,1,4,1.2,0.8,0.5,1.7519469261169434,2.699757218360901,4.244363784790039,6.333040714263916
16,1,4,1.2,0.8,1.0,1.7761261463165283,1.770879089832306,4.404324531555176,7.965120315551758
16,1,4,1.2,0.8,2.0,2.5489935874938965,3.903970241546631,3.231797456741333,6.5087199211120605
17,1,0,0.8,0.2,0.5,3.339963912963867,5.00178736448288,1.7091208696365356,2.169440984725952
17,1,0,0.8,0.2,1.0,2.6542398929595947,4.547055780887604,1.9177504777908325,2.784186363220215
17,1,0,0.8,0.2,2.0,2.3540914058685303,2.8306959867477417,2.1315369606018066,3.7798452377319336
17,1,0,0.8,0.5,0.5,3.4771056175231934,4.981177389621735,1.797263741493225,2.392817258834839
17,1,0,0.8,0.5,1.0,2.030590057373047,3.4558693170547485,2.201442003250122,3.4982049465179443
17,1,0,0.8,0.5,2.0,2.0594334602355957,3.400299072265625,2.2569432258605957,4.18951416015625
17,1,0,0.8,0.8,0.5,3.9281792640686035,5.777058959007263,1.8577336072921753,2.4755606651306152
17,1,0,0.8,0.8,1.0,3.0219695568084717,3.9219143986701965,2.515256643295288,4.145175457000732
17,1,0,0.8,0.8,2.0,1.5912461280822754,2.5713678002357483,2.507028818130493,4.794117450714111
17,1,0,1.0,0.2,0.5,4.543280124664307,5.650768935680389,2.1954541206359863,2.714972972869873
17,1,0,1.0,0.2,1.0,2.640092134475708,4.260416030883789,2.4990200996398926,3.6049304008483887
17,1,0,1.0,0.2,2.0,1.472203254699707,2.379212737083435,2.113621950149536,3.851896047592163
17,1,0,1.0,0.5,0.5,1.9983563423156738,2.797209680080414,3.033477306365967,3.799312114715576
17,1,0,1.0,0.5,1.0,2.618459701538086,3.827319383621216,2.528660297393799,4.07247257232666
17,1,0,1.0,0.5,2.0,1.051138162612915,1.4891359210014343,2.5892181396484375,5.1531982421875
17,1,0,1.0,0.8,0.5,4.007659435272217,6.359079480171204,2.7451884746551514,3.7670674324035645
17,1,0,1.0,0.8,1.0,3.2084898948669434,5.5365418791770935,2.9732778072357178,5.058634281158447
17,1,0,1.0,0.8,2.0,1.362959861755371,2.194978713989258,2.8567562103271484,5.934765338897705
17,1,0,1.2,0.2,0.5,1.4209226369857788,2.6807666420936584,3.336296796798706,4.651181697845459
17,1,0,1.2,0.2,1.0,1.7640235424041748,3.2559138536453247,2.5673439502716064,4.329250335693359
17,1,0,1.2,0.2,2.0,0.890798032283783,1.195348858833313,2.5357069969177246,4.647497653961182
17,1,0,1.2,0.5,0.5,1.5185563564300537,2.7030707001686096,3.955503463745117,6.245505332946777
17,1,0,1.2,0.5,1.0,1.7594597339630127,2.8773895502090454,2.8864428997039795,4.844300746917725
17,1,0,1.2,0.5,2.0,1.0974392890930176,1.5618875622749329,3.1033878326416016,6.110095024108887
17,1,0,1.2,0.8,0.5,1.4608694314956665,2.4270283579826355,4.053285121917725,6.287400722503662
17,1,0,1.2,0.8,1.0,2.990630626678467,4.7904815673828125,3.4510934352874756,6.273682117462158
17,1,0,1.2,0.8,2.0,1.5468237400054932,1.1613925099372864,3.535505771636963,7.607980251312256
17,1,1,0.8,0.2,0.5,3.6762142181396484,5.681259274482727,1.8917691707611084,2.4403433799743652
17,1,1,0.8,0.2,1.0,1.9598443508148193,3.34422504901886,1.9727513790130615,2.834545373916626
17,1,1,0.8,0.2,2.0,1.9356828927993774,2.630067825317383,2.184183120727539,3.5750906467437744
17,1,1,0.8,0.5,0.5,2.9726502895355225,4.566604256629944,2.0988006591796875,2.675642967224121
17,1,1,0.8,0.5,1.0,2.458409070968628,4.0561946630477905,2.1459033489227295,3.275327444076538
17,1,1,0.8,0.5,2.0,1.3572485446929932,2.0848202109336853,2.2457146644592285,4.092151165008545
17,1,1,0.8,0.8,0.5,3.981269121170044,5.609285354614258,2.3088629245758057,3.0073931217193604
17,1,1,0.8,0.8,1.0,2.933342695236206,3.9703980088233948,2.217872142791748,3.5959391593933105
17,1,1,0.8,0.8,2.0,1.9336718320846558,3.5842878222465515,2.552342176437378,5.0575761795043945
17,1,1,1.0,0.2,0.5,3.048433303833008,4.218958377838135,2.038891077041626,2.6801130771636963
17,1,1,1.0,0.2,1.0,1.732011318206787,3.7999775409698486,1.9590741395950317,3.0992631912231445
17,1,1,1.0,0.2,2.0,1.5412309169769287,2.2074296474456787,2.3645339012145996,4.003321647644043
17,1,1,1.0,0.5,0.5,3.0769340991973877,4.612090170383453,2.285468339920044,3.0739829540252686
17,1,1,1.0,0.5,1.0,2.244961738586426,3.5488390922546387,3.039778709411621,4.743088722229004
17,1,1,1.0,0.5,2.0,1.7762112617492676,2.308346748352051,2.7079241275787354,5.1219482421875
17,1,1,1.0,0.8,0.5,4.016660213470459,5.262081623077393,2.6370935440063477,3.665330648422241
17,1,1,1.0,0.8,1.0,3.096147060394287,3.2636552453041077,2.9770591259002686,4.989503383636475
17,1,1,1.0,0.8,2.0,3.4197356700897217,4.799555599689484,2.8422963619232178,5.716291904449463
17,1,1,1.2,0.2,0.5,0.9607207179069519,2.2536944150924683,3.278773307800293,4.64532995223999
17,1,1,1.2,0.2,1.0,1.7656817436218262,3.1278350949287415,2.712242364883423,4.22817850112915
17,1,1,1.2,0.2,2.0,1.140371561050415,2.04691743850708,2.820387363433838,5.203854560852051
17,1,1,1.2,0.5,0.5,0.981946587562561,1.7706995606422424,3.649512767791748,5.49462366104126
17,1,1,1.2,0.5,1.0,2.489820718765259,3.7298192977905273,2.8166794776916504,4.791171073913574
17,1,1,1.2,0.5,2.0,1.258509635925293,1.27099609375,3.382345199584961,6.949257850646973
17,1,1,1.2,0.8,0.5,1.8415699005126953,2.714702844619751,4.156313419342041,6.405671119689941
17,1,1,1.2,0.8,1.0,2.225490093231201,2.2215465307235718,3.8356192111968994,6.939443111419678
17,1,1,1.2,0.8,2.0,1.791029691696167,1.9005754590034485,3.5373358726501465,7.7088236808776855
17,1,2,0.8,0.2,0.5,3.415550708770752,4.978243827819824,2.098766565322876,2.6072404384613037
17,1,2,0.8,0.2,1.0,2.8468456268310547,4.341275930404663,2.1798336505889893,3.2294280529022217
17,1,2,0.8,0.2,2.0,2.2602152824401855,3.648843824863434,2.039523124694824,3.474041700363159
17,1,2,0.8,0.5,0.5,3.867037296295166,5.349888980388641,2.0161757469177246,2.5735278129577637
17,1,2,0.8,0.5,1.0,2.544528007507324,3.7704172134399414,2.1508002281188965,3.3172547817230225
17,1,2,0.8,0.5,2.0,1.7002214193344116,2.7175458669662476,2.191216230392456,3.948577404022217
17,1,2,0.8,0.8,0.5,3.9288575649261475,6.009375989437103,1.8745254278182983,2.47306489944458
17,1,2,0.8,0.8,1.0,3.340033531188965,4.896526098251343,2.293374538421631,3.7040114402770996
17,1,2,0.8,0.8,2.0,2.0982284545898438,3.7964155077934265,2.7874820232391357,5.6664347648620605
17,1,2,1.0,0.2,0.5,3.4018819332122803,4.9669129848480225,2.0206072330474854,2.462872266769409
17,1,2,1.0,0.2,1.0,1.9538745880126953,3.471989870071411,2.2773475646972656,3.3332808017730713
17,1,2,1.0,0.2,2.0,1.076984167098999,2.476870596408844,2.441354274749756,4.035634517669678
17,1,2,1.0,0.5,0.5,3.5967488288879395,4.5814080238342285,2.252300977706909,3.033430337905884
17,1,2,1.0,0.5,1.0,2.003180980682373,2.8000433444976807,2.91575288772583,4.712623596191406
17,1,2,1.0,0.5,2.0,1.9883010387420654,2.8321691155433655,2.604063034057617,4.881598949432373
17,1,2,1.0,0.8,0.5,3.1115200519561768,5.0773409605026245,2.422600507736206,3.305495023727417
17,1,2,1.0,0.8,1.0,2.7704362869262695,4.525842487812042,2.8159706592559814,4.642282962799072
17,1,2,1.0,0.8,2.0,2.057210683822632,3.4806617498397827,3.3226025104522705,6.960468769073486
17,1,2,1.2,0.2,0.5,0.94840008020401,2.2131805419921875,3.265826940536499,4.782183647155762
17,1,2,1.2,0.2,1.0,2.31386661529541,3.4092659950256348,2.5854666233062744,3.9323220252990723
17,1,2,1.2,0.2,2.0,1.1155107021331787,1.660433292388916,3.1591055393218994,5.715071678161621
17,1,2,1.2,0.5,0.5,0.17919278144836426,1.200535535812378,3.920762300491333,5.812903881072998
17,1,2,1.2,0.5,1.0,1.085982084274292,1.6171907782554626,3.6073129177093506,5.791153907775879
17,1,2,1.2,0.5,2.0,1.1270644664764404,1.3571385145187378,3.1576008796691895,6.1586713790893555
17,1,2,1.2,0.8,0.5,0.9726597666740417,2.4773526191711426,4.364509105682373,6.507376670837402
17,1,2,1.2,0.8,1.0,3.101130485534668,4.082534670829773,3.315429210662842,6.231867790222168
17,1,2,1.2,0.8,2.0,2.4664721488952637,4.4159157276153564,3.47868013381958,7.731385707855225
17,1,3,0.8,0.2,0.5,3.217215061187744,4.3667550683021545,1.6713464260101318,2.137138843536377
17,1,3,0.8,0.2,1.0,2.5681402683258057,4.534202039241791,2.038558006286621,3.0871365070343018
17,1,3,0.8,0.2,2.0,2.051570177078247,3.2809282541275024,2.058821678161621,3.4671812057495117
17,1,3,0.8,0.5,0.5,4.382475852966309,5.789266586303711,2.0986948013305664,2.771120548248291
17,1,3,0.8,0.5,1.0,2.4829604625701904,2.9684274792671204,2.3042306900024414,3.6765005588531494
17,1,3,0.8,0.5,2.0,1.0808920860290527,1.6925796270370483,2.2667832374572754,4.03872537612915
17,1,3,0.8,0.8,0.5,4.2785468101501465,5.983442306518555,2.2623491287231445,2.9189162254333496
17,1,3,0.8,0.8,1.0,2.439115047454834,3.437616467475891,2.3102688789367676,3.7691547870635986
17,1,3,0.8,0.8,2.0,2.9099130630493164,4.444718837738037,2.639321804046631,5.099425792694092
17,1,3,1.0,0.2,0.5,3.7401552200317383,4.400027275085449,2.5734105110168457,3.1373188495635986
17,1,3,1.0,0.2,1.0,2.9166340827941895,4.124128937721252,2.485356092453003,3.6012420654296875
17,1,3,1.0,0.2,2.0,1.384822130203247,2.0439943075180054,2.224123239517212,3.682827949523926
17,1,3,1.0,0.5,0.5,3.632042407989502,4.663848519325256,2.126929759979248,2.823638916015625
17,1,3,1.0,0.5,1.0,3.2335779666900635,4.1621615290641785,2.315376043319702,3.643566131591797
17,1,3,1.0,0.5,2.0,0.912488579750061,1.2026733756065369,2.511758327484131,4.796145439147949
17,1,3,1.0,0.8,0.5,4.052683353424072,5.373993277549744,2.4246137142181396,3.262665271759033
17,1,3,1.0,0.8,1.0,3.286591053009033,5.241936504840851,2.3925368785858154,3.8961563110351562
17,1,3,1.0,0.8,2.0,1.9925589561462402,2.4796102643013,3.393796443939209,7.013575553894043
17,1,3,1.2,0.2,0.5,1.293748378753662,2.6703333854675293,3.3513078689575195,4.706202507019043
17,1,3,1.2,0.2,1.0,1.303757905960083,2.530205190181732,2.8249735832214355,4.297336578369141
17,1,3,1.2,0.2,2.0,1.675337791442871,2.6525168418884277,2.6839919090270996,4.893555164337158
17,1,3,1.2,0.5,0.5,1.3694212436676025,2.0979971289634705,3.625746488571167,5.3315277099609375
17,1,3,1.2,0.5,1.0,1.1780619621276855,1.4050381183624268,3.9952187538146973,6.66896390914917
17,1,3,1.2,0.5,2.0,1.24574875831604,2.057829797267914,2.861063241958618,5.424340724945068
17,1,3,1.2,0.8,0.5,0.022218167781829834,0.31811028718948364,4.090964317321777,6.269673824310303
17,1,3,1.2,0.8,1.0,2.896590232849121,3.879935383796692,3.35353946685791,6.062561511993408
17,1,3,1.2,0.8,2.0,2.0081026554107666,3.0777684450149536,3.275273323059082,7.044861793518066
17,1,4,0.8,0.2,0.5,2.5784730911254883,4.2716317772865295,1.9279603958129883,2.4148547649383545
17,1,4,0.8,0.2,1.0,2.7950119972229004,4.062617719173431,1.9389774799346924,2.7703909873962402
17,1,4,0.8,0.2,2.0,1.826136827468872,2.958886504173279,2.053729772567749,3.314286947250366
17,1,4,0.8,0.5,0.5,3.5696358680725098,5.243731677532196,1.9825570583343506,2.6141550540924072
17,1,4,0.8,0.5,1.0,1.5409622192382812,2.095566987991333,2.0550105571746826,3.2240450382232666
17,1,4,0.8,0.5,2.0,2.0631213188171387,3.2038692831993103,2.4370265007019043,4.3460612297058105
17,1,4,0.8,0.8,0.5,3.2095603942871094,4.458592534065247,1.8814653158187866,2.406438112258911
17,1,4,0.8,0.8,1.0,2.3643627166748047,3.430567443370819,2.2723872661590576,3.680973768234253
17,1,4,0.8,0.8,2.0,1.8308202028274536,2.8754902482032776,2.6947524547576904,5.356881141662598
17,1,4,1.0,0.2,0.5,5.621623516082764,6.548260927200317,2.2975120544433594,2.8076531887054443
17,1,4,1.0,0.2,1.0,2.3363468647003174,3.021283805370331,2.1555256843566895,3.24444317817688
17,1,4,1.0,0.2,2.0,1.293434739112854,2.5205246210098267,2.5119001865386963,4.233084678649902
17,1,4,1.0,0.5,0.5,3.32997989654541,4.87300717830658,2.7359070777893066,3.577563762664795
17,1,4,1.0,0.5,1.0,1.9637866020202637,3.500266432762146,2.1500768661499023,3.3730242252349854
17,1,4,1.0,0.5,2.0,0.972152829170227,2.4452009797096252,2.758852958679199,5.3778581619262695
17,1,4,1.0,0.8,0.5,3.31844162940979,5.529970288276672,2.387911319732666,3.2074222564697266
17,1,4,1.0,0.8,1.0,2.5445077419281006,3.278961420059204,3.086034059524536,5.208560943603516
17,1,4,1.0,0.8,2.0,1.078075647354126,2.1334893703460693,2.7834558486938477,5.678508281707764
17,1,4,1.2,0.2,0.5,0.7852482795715332,1.8480117917060852,3.506021022796631,5.099531173706055
17,1,4,1.2,0.2,1.0,2.1406421661376953,3.3593746423721313,2.6937026977539062,4.176525115966797
17,1,4,1.2,0.2,2.0,1.037315845489502,1.8238173723220825,2.7674858570098877,4.616053104400635
17,1,4,1.2,0.5,0.5,0.2428237795829773,0.9688118696212769,3.5937747955322266,5.224184036254883
17,1,4,1.2,0.5,1.0,1.6571271419525146,2.033672511577606,3.868105888366699,6.105711460113525
17,1,4,1.2,0.5,2.0,1.3209683895111084,2.1916288137435913,3.2561657428741455,6.312568664550781
17,1,4,1.2,0.8,0.5,1.2901554107666016,2.1654248237609863,4.338200092315674,6.868781089782715
17,1,4,1.2,0.8,1.0,2.7031381130218506,4.268096625804901,4.418834209442139,7.7508955001831055
17,1,4,1.2,0.8,2.0,2.4122605323791504,3.271204948425293,4.176563262939453,8.918848037719727
18,1,0,0.8,0.2,0.5,3.3840408325195312,5.009017050266266,1.778717041015625,2.273026466369629
18,1,0,0.8,0.2,1.0,2.522822141647339,4.494891345500946,2.024242639541626,2.901634693145752
18,1,0,0.8,0.2,2.0,2.6405277252197266,3.4389525651931763,2.030555486679077,3.286552906036377
18,1,0,0.8,0.5,0.5,4.344946384429932,6.076050221920013,1.869934320449829,2.4612467288970947
18,1,0,0.8,0.5,1.0,1.7577645778656006,2.9022918939590454,2.0008764266967773,3.1689915657043457
18,1,0,0.8,0.5,2.0,1.8811416625976562,2.7858017683029175,2.310356855392456,4.182945251464844
18,1,0,0.8,0.8,0.5,3.924713134765625,5.42601215839386,2.223689079284668,2.974468231201172
18,1,0,0.8,0.8,1.0,2.8800034523010254,3.988771140575409,2.2194178104400635,3.6014959812164307
18,1,0,0.8,0.8,2.0,1.726593017578125,1.783531367778778,2.487178087234497,4.741739273071289
18,1,0,1.0,0.2,0.5,4.209231376647949,5.464863657951355,2.1002347469329834,2.6764702796936035
18,1,0,1.0,0.2,1.0,1.9557287693023682,3.235940098762512,2.552400588989258,3.7277870178222656
18,1,0,1.0,0.2,2.0,1.6222697496414185,2.589342951774597,2.558321237564087,4.573384761810303
18,1,0,1.0,0.5,0.5,3.4702155590057373,4.104003131389618,2.3494930267333984,3.083799362182617
18,1,0,1.0,0.5,1.0,3.086967706680298,4.017040550708771,2.619609832763672,4.116523265838623
18,1,0,1.0,0.5,2.0,0.7164649963378906,0.829768717288971,2.6942098140716553,5.066685676574707
18,1,0,1.0,0.8,0.5,4.033190727233887,6.0380712151527405,2.722673177719116,3.653719186782837
18,1,0,1.0,0.8,1.0,1.822427749633789,2.7564733028411865,3.2175586223602295,5.566372394561768
18,1,0,1.0,0.8,2.0,2.4129438400268555,3.181803822517395,3.414834499359131,6.979835033416748
18,1,0,1.2,0.2,0.5,1.4582924842834473,2.2305211424827576,3.279710054397583,4.581287384033203
18,1,0,1.2,0.2,1.0,2.521444082260132,4.086099743843079,3.0007383823394775,4.898493766784668
18,1,0,1.2,0.2,2.0,1.1942059993743896,1.9946380257606506,2.409259796142578,4.409214973449707
18,1,0,1.2,0.5,0.5,1.1026026010513306,2.0267035961151123,3.653585433959961,5.598474025726318
18,1,0,1.2,0.5,1.0,1.581027865409851,2.6278934478759766,3.648803234100342,6.166985511779785
18,1,0,1.2,0.5,2.0,1.4365131855010986,2.414610981941223,3.5689828395843506,7.122265815734863
18,1,0,1.2,0.8,0.5,1.868645429611206,3.2050687670707703,4.142545700073242,6.381728649139404
18,1,0,1.2,0.8,1.0,1.962898850440979,2.8721936345100403,4.425239086151123,7.906889915466309
18,1,0,1.2,0.8,2.0,2.2361106872558594,2.718988835811615,3.2984931468963623,6.948535442352295
18,1,1,0.8,0.2,0.5,4.1949849128723145,6.695629835128784,1.623935580253601,2.01973032951355
18,1,1,0.8,0.2,1.0,2.975224494934082,4.997536838054657,1.8386218547821045,2.69409441947937
18,1,1,0.8,0.2,2.0,1.7367311716079712,2.279586970806122,2.1004254817962646,3.418482542037964
18,1,1,0.8,0.5,0.5,3.3883821964263916,4.602963089942932,1.9220759868621826,2.5345494747161865
18,1,1,0.8,0.5,1.0,1.8963557481765747,2.807436764240265,2.204477310180664,3.4635567665100098
18,1,1,0.8,0.5,2.0,2.1246414184570312,2.6374592781066895,2.2485132217407227,4.0257673263549805
18,1,1,0.8,0.8,0.5,2.6062943935394287,4.66021603345871,2.0952816009521484,2.7891745567321777
18,1,1,0.8,0.8,1.0,3.1136622428894043,4.261077702045441,2.4351696968078613,3.9315695762634277
18,1,1,0.8,0.8,2.0,2.521482467651367,3.068286418914795,2.7359671592712402,5.318191051483154
18,1,1,1.0,0.2,0.5,3.9552152156829834,5.433153986930847,2.1027657985687256,2.713275194168091
18,1,1,1.0,0.2,1.0,3.339123487472534,4.4215070605278015,2.3350539207458496,3.4369683265686035
18,1,1,1.0,0.2,2.0,1.6282336711883545,3.095203399658203,2.3596158027648926,4.107428073883057
18,1,1,1.0,0.5,0.5,2.93444561958313,4.05757474899292,2.483694553375244,3.2835805416107178
18,1,1,1.0,0.5,1.0,1.6285713911056519,2.3491503596305847,2.268970489501953,3.598377227783203
18,1,1,1.0,0.5,2.0,2.0450751781463623,2.85329532623291,2.7540433406829834,5.303483963012695
18,1,1,1.0,0.8,0.5,3.570391893386841,5.819710373878479,2.7726213932037354,3.8003573417663574
18,1,1,1.0,0.8,1.0,1.8325319290161133,2.727524697780609,2.9417083263397217,4.9322896003723145
18,1,1,1.0,0.8,2.0,2.018601655960083,2.8933120369911194,3.0960280895233154,6.196506500244141
18,1,1,1.2,0.2,0.5,0.8238983750343323,1.7548361420631409,3.3299765586853027,4.641578197479248
18,1,1,1.2,0.2,1.0,2.1492414474487305,3.3310763239860535,2.6098499298095703,4.218952178955078
18,1,1,1.2,0.2,2.0,0.7256435751914978,1.6428925395011902,2.8215725421905518,4.99451208114624
18,1,1,1.2,0.5,0.5,1.550158977508545,2.4829671382904053,3.840221881866455,5.54599142074585
18,1,1,1.2,0.5,1.0,1.2594070434570312,2.0753672122955322,4.103011131286621,6.736782550811768
18,1,1,1.2,0.5,2.0,1.0787434577941895,1.3285620212554932,3.337905168533325,6.7533416748046875
18,1,1,1.2,0.8,0.5,1.8467254638671875,3.4525250792503357,4.259294509887695,6.645666122436523
18,1,1,1.2,0.8,1.0,1.5546772480010986,2.04807186126709,4.263201713562012,7.592336654663086
18,1,1,1.2,0.8,2.0,2.1842548847198486,3.7518585920333862,3.6574559211730957,7.68091344833374
18,1,2,0.8,0.2,0.5,2.933526039123535,4.860404312610626,1.7037712335586548,2.3696720600128174
18,1,2,0.8,0.2,1.0,3.623323917388916,4.917354583740234,1.891066074371338,2.722379207611084
18,1,2,0.8,0.2,2.0,1.2746038436889648,2.021021842956543,2.092240810394287,3.385619878768921
18,1,2,0.8,0.5,0.5,3.2003333568573,4.567378282546997,2.0015909671783447,2.680720567703247
18,1,2,0.8,0.5,1.0,3.3342227935791016,4.858668327331543,2.033057689666748,3.1000258922576904
18,1,2,0.8,0.5,2.0,1.584770679473877,2.6182616353034973,2.548853635787964,4.86918306350708
18,1,2,0.8,0.8,0.5,3.8252129554748535,5.508233428001404,2.2447752952575684,3.034458875656128
18,1,2,0.8,0.8,1.0,2.7515063285827637,4.601844489574432,2.2273621559143066,3.6595664024353027
18,1,2,0.8,0.8,2.0,2.7214198112487793,4.3955331444740295,2.624671220779419,5.275053977966309
18,1,2,1.0,0.2,0.5,4.241861343383789,5.323487043380737,2.1855416297912598,2.853403091430664
18,1,2,1.0,0.2,1.0,3.577439069747925,4.853432238101959,2.3700180053710938,3.5877110958099365
18,1,2,1.0,0.2,2.0,0.8767438530921936,1.614336609840393,2.3637750148773193,4.04141092300415
18,1,2,1.0,0.5,0.5,3.5623486042022705,5.400732040405273,1.9776639938354492,2.6138806343078613
18,1,2,1.0,0.5,1.0,2.0494935512542725,3.293591618537903,2.5274417400360107,4.117985725402832
18,1,2,1.0,0.5,2.0,1.72300124168396,2.160493314266205,2.824455738067627,5.396591663360596
18,1,2,1.0,0.8,0.5,3.2662553787231445,5.006292521953583,2.3152637481689453,3.1766836643218994
18,1,2,1.0,0.8,1.0,3.092543601989746,4.4586158990859985,2.7407243251800537,4.618097305297852
18,1,2,1.0,0.8,2.0,1.6539485454559326,2.819631814956665,3.154465913772583,6.382603645324707
18,1,2,1.2,0.2,0.5,0.8984166979789734,2.5669366121292114,3.2151691913604736,4.707489013671875
18,1,2,1.2,0.2,1.0,1.9889025688171387,3.2067269682884216,2.6618804931640625,4.327332496643066
18,1,2,1.2,0.2,2.0,0.8152420520782471,1.3026484847068787,3.0467453002929688,5.3019609451293945
18,1,2,1.2,0.5,0.5,1.034956455230713,1.4205734133720398,3.765655517578125,5.697627067565918
18,1,2,1.2,0.5,1.0,2.68230938911438,3.031989812850952,3.087219715118408,5.40591287612915
18,1,2,1.2,0.5,2.0,1.200525164604187,2.168889880180359,2.793680191040039,5.670770168304443
18,1,2,1.2,0.8,0.5,1.7256534099578857,2.516848146915436,4.100186824798584,6.228074550628662
18,1,2,1.2,0.8,1.0,1.9700837135314941,3.64792400598526,3.025742769241333,5.731672286987305
18,1,2,1.2,0.8,2.0,2.100715398788452,2.296143412590027,3.851766347885132,8.381546020507812
18,1,3,0.8,0.2,0.5,4.029903411865234,4.915268242359161,1.9230101108551025,2.3868248462677
18,1,3,0.8,0.2,1.0,2.608670473098755,3.6361555457115173,2.159900426864624,3.2204065322875977
18,1,3,0.8,0.2,2.0,1.7889021635055542,2.6615020632743835,2.083549976348877,3.6438045501708984
18,1,3,0.8,0.5,0.5,2.433154582977295,4.474980413913727,1.737518548965454,2.310387372970581
18,1,3,0.8,0.5,1.0,3.205684185028076,4.617153286933899,2.209181785583496,3.3802404403686523
18,1,3,0.8,0.5,2.0,2.248047113418579,3.5661447644233704,2.4825901985168457,4.682838439941406
18,1,3,0.8,0.8,0.5,2.6604835987091064,3.5025906562805176,1.9218459129333496,2.5418097972869873
18,1,3,0.8,0.8,1.0,2.7462751865386963,4.272046089172363,2.3734984397888184,3.97451114654541
18,1,3,0.8,0.8,2.0,2.587209463119507,3.292668402194977,2.689432144165039,5.183943748474121
18,1,3,1.0,0.2,0.5,3.0375261306762695,4.6402536034584045,2.554677963256836,3.2626354694366455
18,1,3,1.0,0.2,1.0,1.408191204071045,2.3978593945503235,2.6570029258728027,3.9939420223236084
18,1,3,1.0,0.2,2.0,1.6232020854949951,2.883427679538727,2.5260813236236572,4.207365036010742
18,1,3,1.0,0.5,0.5,3.028698444366455,4.266926527023315,1.9259999990463257,2.5419631004333496
18,1,3,1.0,0.5,1.0,0.7335546016693115,1.2572330236434937,2.804342269897461,4.4724202156066895
18,1,3,1.0,0.5,2.0,1.9538657665252686,2.5448678135871887,2.57118821144104,4.726192951202393
18,1,3,1.0,0.8,0.5,3.4304797649383545,4.982641935348511,2.734462022781372,3.868438243865967
18,1,3,1.0,0.8,1.0,2.416703462600708,3.8908931612968445,2.7034223079681396,4.50803279876709
18,1,3,1.0,0.8,2.0,2.992936134338379,3.7971237301826477,2.905843734741211,5.971856117248535
18,1,3,1.2,0.2,0.5,0.9027853012084961,2.9857418537139893,3.2793517112731934,4.551360607147217
18,1,3,1.2,0.2,1.0,0.7631999850273132,1.4552817940711975,3.638850450515747,5.836346626281738
18,1,3,1.2,0.2,2.0,1.8019955158233643,2.149147689342499,2.681605577468872,4.943324089050293
18,1,3,1.2,0.5,0.5,0.9451101422309875,1.8092320561408997,3.5716702938079834,5.2047438621521
18,1,3,1.2,0.5,1.0,0.9662830829620361,1.3645458221435547,3.968684434890747,6.426984786987305
18,1,3,1.2,0.5,2.0,0.8999071717262268,1.3816988468170166,2.911371946334839,5.991926670074463
18,1,3,1.2,0.8,0.5,1.829646110534668,2.7015219926834106,4.071159362792969,6.315764427185059
18,1,3,1.2,0.8,1.0,1.9892771244049072,2.0885260105133057,3.100642681121826,5.668470859527588
18,1,3,1.2,0.8,2.0,1.9685533046722412,3.1566984057426453,3.5813310146331787,8.00764274597168
18,1,4,0.8,0.2,0.5,3.3724918365478516,5.408346951007843,1.5963925123214722,2.031588554382324
18,1,4,0.8,0.2,1.0,2.755932331085205,4.096406698226929,1.8430899381637573,2.733330488204956
18,1,4,0.8,0.2,2.0,1.540414571762085,2.847087800502777,2.053338050842285,3.5221033096313477
18,1,4,0.8,0.5,0.5,3.748119354248047,5.0830934047698975,1.9694322347640991,2.5527853965759277
18,1,4,0.8,0.5,1.0,2.6155834197998047,3.548876702785492,2.17052960395813,3.3463118076324463
18,1,4,0.8,0.5,2.0,1.6862753629684448,2.1072161197662354,2.2726666927337646,4.3088059425354
18,1,4,0.8,0.8,0.5,2.496591567993164,4.222086608409882,1.976989984512329,2.691450357437134
18,1,4,0.8,0.8,1.0,2.7563228607177734,3.493311285972595,2.2190818786621094,3.7013511657714844
18,1,4,0.8,0.8,2.0,0.39503198862075806,0.7252054810523987,2.833916187286377,5.581017971038818
18,1,4,1.0,0.2,0.5,2.3504161834716797,4.566584765911102,1.825405240058899,2.4164040088653564
18,1,4,1.0,0.2,1.0,2.5827205181121826,3.7539756894111633,2.1433446407318115,3.2591090202331543
18,1,4,1.0,0.2,2.0,1.7392139434814453,3.0180180072784424,2.213235378265381,3.709465265274048
18,1,4,1.0,0.5,0.5,3.99153733253479,5.69182962179184,2.2924716472625732,3.0544962882995605
18,1,4,1.0,0.5,1.0,3.0173847675323486,4.505975604057312,2.3217670917510986,3.5876355171203613
18,1,4,1.0,0.5,2.0,1.6318552494049072,2.346153676509857,2.7191641330718994,5.395691394805908
18,1,4,1.0,0.8,0.5,2.619966983795166,4.114098966121674,2.845926523208618,3.8171868324279785
18,1,4,1.0,0.8,1.0,2.7291433811187744,3.843710243701935,2.5181493759155273,4.506047248840332
18,1,4,1.0,0.8,2.0,1.0630905628204346,2.6954120993614197,2.805119752883911,5.67283821105957
18,1,4,1.2,0.2,0.5,1.1333973407745361,1.7286368012428284,3.390228509902954,4.816519260406494
18,1,4,1.2,0.2,1.0,2.151796340942383,3.058748722076416,3.0339486598968506,4.461597919464111
18,1,4,1.2,0.2,2.0,1.2950718402862549,1.7999821305274963,2.513153076171875,4.641337871551514
18,1,4,1.2,0.5,0.5,0.8177877068519592,1.7044243812561035,3.739180564880371,5.527247428894043
18,1,4,1.2,0.5,1.0,1.9443506002426147,2.9244523644447327,3.4138944149017334,6.235454559326172
18,1,4,1.2,0.5,2.0,1.3306634426116943,2.1719547510147095,2.976222038269043,5.778449535369873
18,1,4,1.2,0.8,0.5,1.2816245555877686,1.2760111689567566,4.213165283203125,6.456333160400391
18,1,4,1.2,0.8,1.0,2.218292474746704,3.4238357543945312,4.1424102783203125,7.785550117492676
18,1,4,1.2,0.8,2.0,0.270119309425354,0.27226394414901733,3.4814465045928955,7.20573616027832
19,1,0,0.8,0.2,0.5,4.155900955200195,6.236189067363739,1.7803363800048828,2.2253406047821045
19,1,0,0.8,0.2,1.0,2.6372413635253906,4.379294037818909,1.8890935182571411,2.822260856628418
19,1,0,0.8,0.2,2.0,1.0519344806671143,1.8643035888671875,2.3044040203094482,3.770427942276001
19,1,0,0.8,0.5,0.5,3.471334934234619,5.173611998558044,2.069272994995117,2.7760400772094727
19,1,0,0.8,0.5,1.0,2.3091814517974854,3.630382776260376,2.0518136024475098,3.3291690349578857
19,1,0,0.8,0.5,2.0,1.6519852876663208,2.470457434654236,2.354830026626587,4.317683219909668
19,1,0,0.8,0.8,0.5,3.0861997604370117,4.703415751457214,2.0912325382232666,2.78857421875
19,1,0,0.8,0.8,1.0,2.9477157592773438,3.9296831488609314,2.4963035583496094,4.029484748840332
19,1,0,0.8,0.8,2.0,1.746037483215332,2.6805023550987244,2.721045732498169,5.141964435577393
19,1,0,1.0,0.2,0.5,4.202040195465088,6.501285254955292,1.9439308643341064,2.4813718795776367
19,1,0,1.0,0.2,1.0,2.359816551208496,4.064086377620697,2.3517532348632812,3.496588706970215
19,1,0,1.0,0.2,2.0,1.797978401184082,2.561447024345398,2.5483853816986084,4.662519454956055
19,1,0,1.0,0.5,0.5,3.547297239303589,4.4580599665641785,2.180158853530884,2.9231584072113037
19,1,0,1.0,0.5,1.0,2.303875207901001,3.161086857318878,2.2369539737701416,3.7525482177734375
19,1,0,1.0,0.5,2.0,1.4710979461669922,1.7624055743217468,3.2267935276031494,6.2244720458984375
19,1,0,1.0,0.8,0.5,3.5628631114959717,4.5156766176223755,3.168172597885132,4.337905406951904
19,1,0,1.0,0.8,1.0,2.8436379432678223,4.352952659130096,3.3398022651672363,5.568603992462158
19,1,0,1.0,0.8,2.0,2.8303375244140625,3.8016154766082764,3.1693406105041504,6.757728099822998
19,1,0,1.2,0.2,0.5,0.5631291270256042,1.6175644993782043,3.2272322177886963,4.639753341674805
19,1,0,1.2,0.2,1.0,2.0675296783447266,2.9290358424186707,2.956941604614258,4.756763935089111
19,1,0,1.2,0.2,2.0,1.5078753232955933,2.281189799308777,2.758392095565796,5.015089988708496
19,1,0,1.2,0.5,0.5,0.6998071074485779,1.3024684190750122,3.8271892070770264,5.639022350311279
19,1,0,1.2,0.5,1.0,2.1476669311523438,3.4766156673431396,3.8853862285614014,6.4129252433776855
19,1,0,1.2,0.5,2.0,1.125182867050171,1.4304211139678955,3.547150135040283,7.360508441925049
19,1,0,1.2,0.8,0.5,1.23618483543396,1.2502790093421936,4.239762783050537,6.423207759857178
19,1,0,1.2,0.8,1.0,2.871755599975586,3.706565260887146,2.9357588291168213,5.101662635803223
19,1,0,1.2,0.8,2.0,1.692115068435669,2.633952021598816,3.7775492668151855,8.068033218383789
19,1,1,0.8,0.2,0.5,3.5720694065093994,4.96956729888916,1.7891769409179688,2.263558864593506
19,1,1,0.8,0.2,1.0,3.2218923568725586,4.618346869945526,2.0080957412719727,2.8602676391601562
19,1,1,0.8,0.2,2.0,1.2215056419372559,1.6298896670341492,2.076810836791992,3.515608072280884
19,1,1,0.8,0.5,0.5,3.4688711166381836,4.5685020089149475,1.8358709812164307,2.3794808387756348
19,1,1,0.8,0.5,1.0,3.159196615219116,4.642561137676239,2.045206069946289,3.1635756492614746
19,1,1,0.8,0.5,2.0,1.6641539335250854,2.3814329504966736,2.251452684402466,4.126769542694092
19,1,1,0.8,0.8,0.5,3.0249037742614746,4.248530745506287,1.8391717672348022,2.3484816551208496
19,1,1,0.8,0.8,1.0,2.964067220687866,4.387397646903992,2.630371570587158,4.362227916717529
19,1,1,0.8,0.8,2.0,2.7830851078033447,4.467135548591614,2.5525460243225098,4.868239402770996
19,1,1,1.0,0.2,0.5,2.323089599609375,3.640546977519989,1.8274503946304321,2.3484673500061035
19,1,1,1.0,0.2,1.0,2.4427056312561035,3.515950620174408,2.453690528869629,3.765756845474243
19,1,1,1.0,0.2,2.0,1.190253496170044,2.0490623712539673,2.472600221633911,4.4630537033081055
19,1,1,1.0,0.5,0.5,2.33048152923584,3.03029328584671,2.5757598876953125,3.350820541381836
19,1,1,1.0,0.5,1.0,3.044600009918213,4.700441777706146,2.2572596073150635,3.615114688873291
19,1,1,1.0,0.5,2.0,1.047645092010498,1.6936087012290955,2.8415703773498535,5.494351387023926
19,1,1,1.0,0.8,0.5,3.0710597038269043,4.299260079860687,2.3094642162323,3.177961587905884
19,1,1,1.0,0.8,1.0,3.1040096282958984,5.318937063217163,2.936361312866211,4.9982075691223145
19,1,1,1.0,0.8,2.0,1.480961561203003,1.6924761533737183,3.075911521911621,6.486611366271973
19,1,1,1.2,0.2,0.5,0.6447321176528931,1.8397473096847534,3.2051565647125244,4.675766944885254
19,1,1,1.2,0.2,1.0,1.3746919631958008,2.188178062438965,3.3163087368011475,4.990532398223877
19,1,1,1.2,0.2,2.0,1.2189440727233887,2.069263994693756,2.9403560161590576,5.202746391296387
19,1,1,1.2,0.5,0.5,1.6858046054840088,3.3697893023490906,3.560666561126709,5.300625324249268
19,1,1,1.2,0.5,1.0,1.2082350254058838,2.1224197149276733,3.0035908222198486,5.228498458862305
19,1,1,1.2,0.5,2.0,1.369735836982727,1.942013144493103,3.5607666969299316,7.538878917694092
19,1,1,1.2,0.8,0.5,1.8776841163635254,3.418260633945465,4.359513282775879,6.744589805603027
19,1,1,1.2,0.8,1.0,2.1381306648254395,3.1869425177574158,4.559689998626709,8.375772476196289
19,1,1,1.2,0.8,2.0,2.665761947631836,4.106709897518158,3.352926731109619,7.473370552062988
19,1,2,0.8,0.2,0.5,3.9389100074768066,5.672376811504364,1.8023459911346436,2.270707845687866
19,1,2,0.8,0.2,1.0,2.984157085418701,4.152031123638153,1.8861238956451416,2.829545736312866
19,1,2,0.8,0.2,2.0,1.112589955329895,1.800108551979065,2.122138500213623,3.607003927230835
19,1,2,0.8,0.5,0.5,2.7959370613098145,4.2571470737457275,2.006399154663086,2.6121275424957275
19,1,2,0.8,0.5,1.0,2.8900747299194336,3.8591776490211487,2.017943859100342,3.253012180328369
19,1,2,0.8,0.5,2.0,1.9479103088378906,2.829245686531067,2.30180025100708,4.239959239959717
19,1,2,0.8,0.8,0.5,3.7476882934570312,5.741501867771149,1.9072023630142212,2.5097544193267822
19,1,2,0.8,0.8,1.0,2.694441556930542,4.654789507389069,2.2570173740386963,3.597667932510376
19,1,2,0.8,0.8,2.0,2.7246203422546387,4.151362836360931,2.640157699584961,5.0492262840271
19,1,2,1.0,0.2,0.5,4.080752372741699,6.38359135389328,2.0969197750091553,2.6488239765167236
19,1,2,1.0,0.2,1.0,1.967458724975586,3.687337636947632,2.1583926677703857,3.2271010875701904
19,1,2,1.0,0.2,2.0,1.7674834728240967,3.184515953063965,2.242448329925537,3.7653589248657227
19,1,2,1.0,0.5,0.5,2.9143550395965576,4.737805664539337,2.222416400909424,2.9145498275756836
19,1,2,1.0,0.5,1.0,2.474660634994507,2.9130924940109253,2.5371482372283936,4.094027042388916
19,1,2,1.0,0.5,2.0,0.4840247631072998,0.739870011806488,3.0129716396331787,5.870873928070068
19,1,2,1.0,0.8,0.5,3.1204164028167725,5.072748363018036,2.2366671562194824,3.024822950363159
19,1,2,1.0,0.8,1.0,2.0334391593933105,2.039798140525818,3.083854913711548,5.130350589752197
19,1,2,1.0,0.8,2.0,2.3434791564941406,3.330331861972809,2.920008659362793,5.998251914978027
19,1,2,1.2,0.2,0.5,1.0612130165100098,2.633023738861084,3.3032290935516357,4.738006114959717
19,1,2,1.2,0.2,1.0,1.332258939743042,1.8502767086029053,3.4703640937805176,5.526698589324951
19,1,2,1.2,0.2,2.0,1.9785658121109009,2.5387900471687317,2.507443904876709,4.4696784019470215
19,1,2,1.2,0.5,0.5,1.236325740814209,1.5760254263877869,3.751241445541382,5.597457408905029
19,1,2,1.2,0.5,1.0,2.0313611030578613,2.412430703639984,3.988891363143921,6.1386942863464355
19,1,2,1.2,0.5,2.0,1.004046082496643,1.5797642469406128,3.051262378692627,6.266885280609131
19,1,2,1.2,0.8,0.5,1.3135039806365967,2.878423511981964,3.9988620281219482,6.097209453582764
19,1,2,1.2,0.8,1.0,1.010260820388794,1.6095929145812988,4.855582237243652,8.775773048400879
19,1,2,1.2,0.8,2.0,2.4164814949035645,3.8417511582374573,3.5439202785491943,7.657741069793701
19,1,3,0.8,0.2,0.5,4.515720367431641,5.591436684131622,1.944703459739685,2.4016478061676025
19,1,3,0.8,0.2,1.0,2.338336944580078,3.247410476207733,1.9375455379486084,2.9885573387145996
19,1,3,0.8,0.2,2.0,1.9060204029083252,2.6210996508598328,2.168940305709839,3.6676979064941406
19,1,3,0.8,0.5,0.5,3.763275384902954,5.668267250061035,1.8272440433502197,2.4130706787109375
19,1,3,0.8,0.5,1.0,2.553091049194336,2.882793664932251,2.1090331077575684,3.2996408939361572
19,1,3,0.8,0.5,2.0,2.37260103225708,3.478082001209259,2.282804250717163,3.964365243911743
19,1,3,0.8,0.8,0.5,4.187611103057861,5.33707982301712,2.209768295288086,2.9930012226104736
19,1,3,0.8,0.8,1.0,1.6379449367523193,3.7422232031822205,2.46856689453125,3.8393802642822266
19,1,3,0.8,0.8,2.0,2.5291476249694824,4.0347259640693665,2.7269439697265625,5.235843181610107
19,1,3,1.0,0.2,0.5,2.5227231979370117,4.438728868961334,2.650388479232788,3.3280510902404785
19,1,3,1.0,0.2,1.0,2.1053266525268555,3.2114840149879456,2.441612720489502,3.5290699005126953
19,1,3,1.0,0.2,2.0,1.6374404430389404,2.5409833192825317,2.358463764190674,4.1306867599487305
19,1,3,1.0,0.5,0.5,2.9843671321868896,4.443587601184845,2.4601058959960938,3.2507903575897217
19,1,3,1.0,0.5,1.0,2.1160175800323486,3.0362930297851562,2.721510887145996,4.247951030731201
19,1,3,1.0,0.5,2.0,1.6482627391815186,2.683263063430786,2.49766206741333,4.651988506317139
19,1,3,1.0,0.8,0.5,3.7309300899505615,4.708163857460022,2.243256092071533,3.0084221363067627
19,1,3,1.0,0.8,1.0,2.490968704223633,4.781819105148315,2.7238821983337402,4.534957408905029
19,1,3,1.0,0.8,2.0,1.8752282857894897,2.5135915279388428,2.878998041152954,6.124107360839844
19,1,3,1.2,0.2,0.5,1.5149359703063965,2.985194683074951,3.3020858764648438,4.845564842224121
19,1,3,1.2,0.2,1.0,1.283803939819336,1.8639853596687317,3.203925371170044,4.877001762390137
19,1,3,1.2,0.2,2.0,1.3905316591262817,1.7588154673576355,2.9404807090759277,5.3396124839782715
19,1,3,1.2,0.5,0.5,1.304471731185913,1.5670730471611023,3.7340903282165527,5.574271202087402
19,1,3,1.2,0.5,1.0,1.7114789485931396,2.1503347158432007,3.953181743621826,6.331535816192627
19,1,3,1.2,0.5,2.0,1.4676728248596191,2.3288387060165405,3.1073906421661377,6.373770236968994
19,1,3,1.2,0.8,0.5,1.771808385848999,3.628407657146454,4.108607292175293,6.352938175201416
19,1,3,1.2,0.8,1.0,1.9405899047851562,2.3812872767448425,4.8112688064575195,8.668612480163574
19,1,3,1.2,0.8,2.0,2.552298069000244,4.069244384765625,3.7636897563934326,8.128250122070312
19,1,4,0.8,0.2,0.5,3.188612937927246,4.850642263889313,1.8320759534835815,2.3772058486938477
19,1,4,0.8,0.2,1.0,1.8770554065704346,3.307742118835449,1.8668373823165894,2.7216291427612305
19,1,4,0.8,0.2,2.0,1.2638636827468872,1.7017146944999695,2.163217306137085,3.692876100540161
19,1,4,0.8,0.5,0.5,3.7927489280700684,5.428470611572266,1.830000400543213,2.387423276901245
19,1,4,0.8,0.5,1.0,2.6869144439697266,4.573793411254883,2.1873207092285156,3.415628433227539
19,1,4,0.8,0.5,2.0,1.323689341545105,2.2239142656326294,2.275184392929077,4.242555618286133
19,1,4,0.8,0.8,0.5,2.4952292442321777,3.450902819633484,2.1526196002960205,2.8694989681243896
19,1,4,0.8,0.8,1.0,2.890028238296509,3.80954247713089,2.747681140899658,4.479381561279297
19,1,4,0.8,0.8,2.0,1.4807764291763306,1.614754319190979,2.601633071899414,4.9710588455200195
19,1,4,1.0,0.2,0.5,2.042100429534912,3.4588356018066406,2.3089969158172607,2.997774362564087
19,1,4,1.0,0.2,1.0,2.3702783584594727,3.5094611644744873,2.5940158367156982,3.7717976570129395
19,1,4,1.0,0.2,2.0,2.003253936767578,2.6914267539978027,2.190262794494629,3.6034035682678223
19,1,4,1.0,0.5,0.5,3.994680404663086,5.771811008453369,2.1879899501800537,2.792790412902832
19,1,4,1.0,0.5,1.0,2.880129814147949,4.511761486530304,2.296370267868042,3.6919362545013428
19,1,4,1.0,0.5,2.0,0.9017103314399719,1.3577402830123901,2.5435943603515625,5.000952243804932
19,1,4,1.0,0.8,0.5,3.443445920944214,5.0732221603393555,2.6065025329589844,3.6713333129882812
19,1,4,1.0,0.8,1.0,2.8980815410614014,4.09505969285965,3.0810413360595703,5.3664774894714355
19,1,4,1.0,0.8,2.0,1.955636978149414,3.4807308316230774,2.985903739929199,5.982125759124756
19,1,4,1.2,0.2,0.5,1.6501245498657227,2.4533161520957947,3.391026735305786,4.702629089355469
19,1,4,1.2,0.2,1.0,1.4972525835037231,2.2166190147399902,3.0181884765625,4.657660484313965
19,1,4,1.2,0.2,2.0,1.0951688289642334,1.4565425515174866,2.488015651702881,4.778293132781982
19,1,4,1.2,0.5,0.5,0.7440505623817444,0.8807175159454346,3.6736741065979004,5.622469902038574
19,1,4,1.2,0.5,1.0,1.2413136959075928,1.459972620010376,3.736523151397705,6.378384113311768
19,1,4,1.2,0.5,2.0,1.2596113681793213,1.8706690073013306,2.9319067001342773,5.881733417510986
19,1,4,1.2,0.8,0.5,1.8918583393096924,3.266790211200714,4.256119251251221,6.5360565185546875
19,1,4,1.2,0.8,1.0,3.0999512672424316,5.567512810230255,3.1585302352905273,6.692531108856201
19,1,4,1.2,0.8,2.0,1.5781333446502686,2.587680757045746,3.247626781463623,7.014245986938477
20,1,0,0.8,0.2,0.5,3.7094063758850098,5.072060704231262,1.7257753610610962,2.138768434524536
20,1,0,0.8,0.2,1.0,2.10758638381958,3.3699137568473816,1.9950312376022339,3.073000907897949
20,1,0,0.8,0.2,2.0,1.6673271656036377,2.5907620191574097,2.244473695755005,3.787919282913208
20,1,0,0.8,0.5,0.5,4.068498134613037,5.4966922998428345,1.7803641557693481,2.3669517040252686
20,1,0,0.8,0.5,1.0,2.5765509605407715,2.9733418226242065,1.9963390827178955,3.0073580741882324
20,1,0,0.8,0.5,2.0,1.9108518362045288,2.918216645717621,2.3398799896240234,4.332705974578857
20,1,0,0.8,0.8,0.5,3.063389301300049,3.829136550426483,1.9546681642532349,2.5813708305358887
20,1,0,0.8,0.8,1.0,3.651419162750244,4.81698340177536,2.4857425689697266,3.983903169631958
20,1,0,0.8,0.8,2.0,1.6189799308776855,2.8593536019325256,2.6315035820007324,5.232049465179443
20,1,0,1.0,0.2,0.5,3.479220390319824,4.830177426338196,2.0675785541534424,2.49550199508667
20,1,0,1.0,0.2,1.0,2.515072822570801,3.561648964881897,2.319483995437622,3.5084776878356934
20,1,0,1.0,0.2,2.0,1.6552350521087646,2.605184018611908,2.2942206859588623,4.04008150100708
20,1,0,1.0,0.5,0.5,2.9599781036376953,4.972542107105255,1.8432425260543823,2.372877359390259
20,1,0,1.0,0.5,1.0,0.9178517460823059,1.9602705836296082,2.2264981269836426,3.601003408432007
20,1,0,1.0,0.5,2.0,1.405871033668518,2.3514665365219116,2.562518358230591,5.125251770019531
20,1,0,1.0,0.8,0.5,2.8850460052490234,4.400891065597534,2.790534257888794,3.915517568588257
20,1,0,1.0,0.8,1.0,3.0070090293884277,3.9403684735298157,2.872684955596924,4.903139114379883
20,1,0,1.0,0.8,2.0,1.686753273010254,2.522924840450287,3.3201282024383545,6.574946403503418
20,1,0,1.2,0.2,0.5,1.1687525510787964,2.644039750099182,3.2252590656280518,4.5941057205200195
20,1,0,1.2,0.2,1.0,1.60287606716156,3.04955393075943,2.823620319366455,4.180150985717773
20,1,0,1.2,0.2,2.0,1.156078577041626,1.9583302736282349,2.795201539993286,4.944766521453857
20,1,0,1.2,0.5,0.5,1.0724068880081177,1.4669121503829956,3.7472074031829834,5.639362812042236
20,1,0,1.2,0.5,1.0,0.9739535450935364,1.8816365003585815,4.082946300506592,6.676424503326416
20,1,0,1.2,0.5,2.0,1.2250733375549316,1.2555896043777466,3.003380537033081,6.1702070236206055
20,1,0,1.2,0.8,0.5,0.943710207939148,1.8713739514350891,4.531582355499268,7.174380779266357
20,1,0,1.2,0.8,1.0,1.9107496738433838,2.5913790464401245,4.9563798904418945,8.935437202453613
20,1,0,1.2,0.8,2.0,2.6093692779541016,3.4589738249778748,3.7875752449035645,8.632735252380371
20,1,1,0.8,0.2,0.5,4.23597526550293,6.085133254528046,1.7591646909713745,2.240710496902466
20,1,1,0.8,0.2,1.0,3.153101682662964,4.293639779090881,2.170332908630371,3.2232415676116943
20,1,1,0.8,0.2,2.0,1.7437679767608643,2.436573803424835,2.070543050765991,3.588423252105713
20,1,1,0.8,0.5,0.5,3.3121514320373535,4.414793491363525,2.014714241027832,2.5888683795928955
20,1,1,0.8,0.5,1.0,3.122544527053833,4.264643967151642,2.2041332721710205,3.432183027267456
20,1,1,0.8,0.5,2.0,1.476609230041504,1.8292917609214783,2.4356889724731445,4.470151424407959
20,1,1,0.8,0.8,0.5,3.0798709392547607,3.938945174217224,2.13480544090271,2.8691208362579346
20,1,1,0.8,0.8,1.0,2.4475507736206055,4.631472945213318,2.2212507724761963,3.605971336364746
20,1,1,0.8,0.8,2.0,2.7484359741210938,3.127259910106659,2.673360586166382,5.215526103973389
20,1,1,1.0,0.2,0.5,3.0832183361053467,4.096182107925415,2.3358144760131836,2.9535129070281982
20,1,1,1.0,0.2,1.0,3.08801531791687,4.314892828464508,2.2475197315216064,3.303898811340332
20,1,1,1.0,0.2,2.0,2.1777682304382324,3.174714982509613,2.289499282836914,3.8885722160339355
20,1,1,1.0,0.5,0.5,3.381444215774536,5.2359283566474915,2.322451114654541,3.055081605911255
20,1,1,1.0,0.5,1.0,2.223973035812378,3.6182717084884644,2.340423345565796,3.6150007247924805
20,1,1,1.0,0.5,2.0,0.604787290096283,0.9517595171928406,2.9390246868133545,5.581384181976318
20,1,1,1.0,0.8,0.5,3.8442821502685547,5.72556471824646,2.603618621826172,3.5105676651000977
20,1,1,1.0,0.8,1.0,2.836536407470703,3.7967242002487183,3.04880690574646,5.148301601409912
20,1,1,1.0,0.8,2.0,2.4004416465759277,2.935731828212738,3.012796401977539,6.155481338500977
20,1,1,1.2,0.2,0.5,0.520285964012146,1.8494647145271301,3.20192813873291,4.644430637359619
20,1,1,1.2,0.2,1.0,1.2192573547363281,2.7198254466056824,3.3463947772979736,4.953458309173584
20,1,1,1.2,0.2,2.0,1.4930250644683838,2.0026972889900208,2.6567599773406982,4.77896785736084
20,1,1,1.2,0.5,0.5,1.2610414028167725,1.9243096113204956,3.6898202896118164,5.364753246307373
20,1,1,1.2,0.5,1.0,1.5055863857269287,2.303249180316925,3.6454455852508545,5.9424262046813965
20,1,1,1.2,0.5,2.0,0.6441208720207214,0.6427519917488098,2.927304983139038,5.7110595703125
20,1,1,1.2,0.8,0.5,2.111525774002075,3.108343183994293,4.23759651184082,6.551977634429932
20,1,1,1.2,0.8,1.0,2.379767656326294,2.86774879693985,3.9483845233917236,7.001083850860596
20,1,1,1.2,0.8,2.0,1.6347262859344482,2.6031711101531982,3.277024984359741,7.442516803741455
20,1,2,0.8,0.2,0.5,2.666534423828125,4.981626749038696,1.6279335021972656,2.164858341217041
20,1,2,0.8,0.2,1.0,3.2613158226013184,4.336294949054718,1.8554213047027588,2.7818942070007324
20,1,2,0.8,0.2,2.0,1.9543190002441406,2.763959050178528,2.1492910385131836,3.4998533725738525
20,1,2,0.8,0.5,0.5,3.4581029415130615,4.6429778933525085,1.949094295501709,2.5570390224456787
20,1,2,0.8,0.5,1.0,2.779587745666504,3.674852967262268,2.1453137397766113,3.3737521171569824
20,1,2,0.8,0.5,2.0,2.128187417984009,2.673877716064453,2.2929961681365967,4.139918804168701
20,1,2,0.8,0.8,0.5,4.605815887451172,5.9834083914756775,1.9663217067718506,2.5764405727386475
20,1,2,0.8,0.8,1.0,3.4723143577575684,5.25906640291214,2.176826000213623,3.4078598022460938
20,1,2,0.8,0.8,2.0,1.6930519342422485,2.5560242533683777,2.5539822578430176,4.829024791717529
20,1,2,1.0,0.2,0.5,3.8227133750915527,5.80906879901886,2.4498188495635986,3.0261950492858887
20,1,2,1.0,0.2,1.0,1.7895197868347168,2.6132161021232605,2.057042121887207,2.975764751434326
20,1,2,1.0,0.2,2.0,0.9244585633277893,1.5108044743537903,2.2210988998413086,3.9787580966949463
20,1,2,1.0,0.5,0.5,2.5911056995391846,3.782302737236023,2.196211576461792,2.84887433052063
20,1,2,1.0,0.5,1.0,1.1303081512451172,1.9362462162971497,2.878330945968628,4.7092084884643555
20,1,2,1.0,0.5,2.0,1.6626927852630615,3.09167218208313,2.5921874046325684,5.010791778564453
20,1,2,1.0,0.8,0.5,3.4532623291015625,5.206719398498535,2.662353515625,3.596724510192871
20,1,2,1.0,0.8,1.0,3.2496256828308105,4.198038160800934,2.713468313217163,4.522927284240723
20,1,2,1.0,0.8,2.0,1.9452629089355469,2.5771714448928833,2.9074885845184326,5.765257835388184
20,1,2,1.2,0.2,0.5,0.9150183796882629,2.1125054955482483,3.4417214393615723,4.763672351837158
20,1,2,1.2,0.2,1.0,0.8606234192848206,1.2236682772636414,3.149027109146118,4.900112628936768
20,1,2,1.2,0.2,2.0,1.3814358711242676,1.937644600868225,2.4045183658599854,4.306425094604492
20,1,2,1.2,0.5,0.5,1.340733289718628,2.19776713848114,3.6959123611450195,5.439309597015381
20,1,2,1.2,0.5,1.0,2.713500738143921,3.8382225036621094,2.5758376121520996,4.362619400024414
20,1,2,1.2,0.5,2.0,0.9225689172744751,1.1549301147460938,3.3086440563201904,6.645640850067139
20,1,2,1.2,0.8,0.5,1.7499661445617676,2.586572587490082,4.321889877319336,6.770565509796143
20,1,2,1.2,0.8,1.0,1.5490429401397705,2.438531219959259,4.170357704162598,7.73906135559082
20,1,2,1.2,0.8,2.0,1.559356451034546,2.498611092567444,3.5545132160186768,8.12757396697998
20,1,3,0.8,0.2,0.5,2.9715213775634766,4.941190719604492,1.8900777101516724,2.3713173866271973
20,1,3,0.8,0.2,1.0,3.115286350250244,4.590298891067505,1.9323722124099731,2.6508541107177734
20,1,3,0.8,0.2,2.0,1.4710875749588013,2.481500744819641,2.0678329467773438,3.2933390140533447
20,1,3,0.8,0.5,0.5,4.257147312164307,5.759612441062927,1.8131275177001953,2.3241257667541504
20,1,3,0.8,0.5,1.0,2.677854299545288,4.024756550788879,2.027069568634033,3.070913076400757
20,1,3,0.8,0.5,2.0,2.2328264713287354,2.9663782715797424,2.2841877937316895,4.201447010040283
20,1,3,0.8,0.8,0.5,4.109330177307129,5.917669832706451,2.0455639362335205,2.6886444091796875
20,1,3,0.8,0.8,1.0,2.711636543273926,4.201626718044281,2.293779134750366,3.6319236755371094
20,1,3,0.8,0.8,2.0,2.4469218254089355,3.490363895893097,2.735002279281616,5.422617435455322
20,1,3,1.0,0.2,0.5,3.0830066204071045,5.851253807544708,2.2621254920959473,2.902385950088501
20,1,3,1.0,0.2,1.0,2.446350574493408,3.470488667488098,2.2283499240875244,3.407592535018921
20,1,3,1.0,0.2,2.0,1.3503230810165405,1.9708315134048462,2.1733875274658203,3.798677682876587
20,1,3,1.0,0.5,0.5,2.3476436138153076,3.4019261598587036,2.609328269958496,3.4204294681549072
20,1,3,1.0,0.5,1.0,3.1774799823760986,4.10663902759552,2.636136054992676,4.2608842849731445
20,1,3,1.0,0.5,2.0,1.8808989524841309,2.7229163646698,2.7673776149749756,5.43133020401001
20,1,3,1.0,0.8,0.5,3.270498752593994,5.702376425266266,2.0902445316314697,2.937201738357544
20,1,3,1.0,0.8,1.0,2.705354690551758,4.723976731300354,2.5827343463897705,4.429208755493164
20,1,3,1.0,0.8,2.0,1.6066584587097168,2.2728888988494873,3.446347713470459,7.164954662322998
20,1,3,1.2,0.2,0.5,0.8388993740081787,1.8440978527069092,3.327751398086548,4.742438793182373
20,1,3,1.2,0.2,1.0,0.5682992935180664,1.1954956650733948,3.6115729808807373,5.03423547744751
20,1,3,1.2,0.2,2.0,1.7684755325317383,2.9174930453300476,2.514341115951538,4.473922252655029
20,1,3,1.2,0.5,0.5,0.5908015966415405,1.3664084076881409,3.6618812084198,5.594266414642334
20,1,3,1.2,0.5,1.0,2.4969236850738525,3.6114838123321533,2.712867259979248,4.765857696533203
20,1,3,1.2,0.5,2.0,0.7627313137054443,1.6110720038414001,2.8093912601470947,5.861087322235107
20,1,3,1.2,0.8,0.5,1.6320397853851318,2.8731077313423157,4.156896114349365,6.199819087982178
20,1,3,1.2,0.8,1.0,2.2760865688323975,3.2408430576324463,3.6549296379089355,6.946822643280029
20,1,3,1.2,0.8,2.0,2.3753180503845215,3.20020991563797,3.5581440925598145,7.721867084503174
20,1,4,0.8,0.2,0.5,4.003388404846191,4.990690171718597,1.862386703491211,2.3009848594665527
20,1,4,0.8,0.2,1.0,1.7302559614181519,3.1331616044044495,2.0649168491363525,3.0696420669555664
20,1,4,0.8,0.2,2.0,1.2897963523864746,2.218540072441101,2.1096227169036865,3.824563980102539
20,1,4,0.8,0.5,0.5,4.016237735748291,5.347149908542633,1.809035301208496,2.2899575233459473
20,1,4,0.8,0.5,1.0,3.041942834854126,4.475189387798309,2.1432101726531982,3.352473735809326
20,1,4,0.8,0.5,2.0,2.256770610809326,3.3169591426849365,2.2952158451080322,4.144882678985596
20,1,4,0.8,0.8,0.5,3.1932075023651123,4.405992567539215,1.8189443349838257,2.336702823638916
20,1,4,0.8,0.8,1.0,1.6842219829559326,2.7899340391159058,2.3174054622650146,3.696498394012451
20,1,4,0.8,0.8,2.0,2.260803461074829,3.6893187761306763,2.6308062076568604,5.020732402801514
20,1,4,1.0,0.2,0.5,3.5989770889282227,4.779324412345886,2.5611751079559326,3.290006160736084
20,1,4,1.0,0.2,1.0,2.234302043914795,3.5319761633872986,2.2586143016815186,3.4339919090270996
20,1,4,1.0,0.2,2.0,0.7858575582504272,1.644752323627472,2.1900362968444824,3.967466354370117
20,1,4,1.0,0.5,0.5,3.7185606956481934,5.608641445636749,2.1735854148864746,2.8715879917144775
20,1,4,1.0,0.5,1.0,2.036876678466797,3.079001486301422,2.4992756843566895,3.946563482284546
20,1,4,1.0,0.5,2.0,1.6179561614990234,2.8861571550369263,2.6143970489501953,5.180342674255371
20,1,4,1.0,0.8,0.5,3.0126211643218994,5.1582390666008,2.935903310775757,4.080329895019531
20,1,4,1.0,0.8,1.0,2.706740379333496,4.602831721305847,2.5023114681243896,4.3863420486450195
20,1,4,1.0,0.8,2.0,1.157607078552246,2.0738049149513245,2.976339817047119,5.821211338043213
20,1,4,1.2,0.2,0.5,0.6147858500480652,2.08738112449646,3.1758856773376465,4.5831451416015625
20,1,4,1.2,0.2,1.0,2.037637948989868,3.1343067288398743,2.6771671772003174,4.147951126098633
20,1,4,1.2,0.2,2.0,1.0088250637054443,1.7058255672454834,2.511366128921509,4.514320373535156
20,1,4,1.2,0.5,0.5,1.2948353290557861,2.1476157903671265,3.589205265045166,5.138734817504883
20,1,4,1.2,0.5,1.0,1.7866779565811157,2.570515513420105,3.4444243907928467,5.853331089019775
20,1,4,1.2,0.5,2.0,0.6472112536430359,1.2834145426750183,2.8088581562042236,5.463392734527588
20,1,4,1.2,0.8,0.5,1.2559446096420288,1.6924954056739807,4.091251850128174,6.174625873565674
20,1,4,1.2,0.8,1.0,1.9889956712722778,2.9069844484329224,4.499725818634033,8.540180206298828
20,1,4,1.2,0.8,2.0,1.6855320930480957,2.0979724526405334,3.451442241668701,7.358623504638672
21,1,0,0.8,0.2,0.5,2.9407639503479004,4.496851861476898,1.729505181312561,2.198978900909424
21,1,0,0.8,0.2,1.0,2.638998031616211,4.47415953874588,2.1061527729034424,3.090200185775757
21,1,0,0.8,0.2,2.0,2.113537549972534,3.483752965927124,2.1202433109283447,3.5726208686828613
21,1,0,0.8,0.5,0.5,3.9993743896484375,5.486579954624176,1.7854571342468262,2.291494846343994
21,1,0,0.8,0.5,1.0,2.9050099849700928,4.008300840854645,2.0443058013916016,3.2056777477264404
21,1,0,0.8,0.5,2.0,1.2928411960601807,2.5589634776115417,2.3858792781829834,4.303195476531982
21,1,0,0.8,0.8,0.5,3.4792468547821045,5.6526636481285095,2.0050559043884277,2.769165515899658
21,1,0,0.8,0.8,1.0,3.275660514831543,5.517986416816711,2.395893096923828,3.830495595932007
21,1,0,0.8,0.8,2.0,1.7818396091461182,2.826937973499298,2.5026962757110596,4.788488388061523
21,1,0,1.0,0.2,0.5,3.2572712898254395,5.409613251686096,2.126908540725708,2.6589457988739014
21,1,0,1.0,0.2,1.0,2.338472843170166,3.2722614407539368,2.0417299270629883,2.9540884494781494
21,1,0,1.0,0.2,2.0,1.8896130323410034,2.78906387090683,2.2038016319274902,3.8975489139556885
21,1,0,1.0,0.5,0.5,2.9353621006011963,4.010608553886414,2.0574772357940674,2.7321481704711914
21,1,0,1.0,0.5,1.0,2.7953040599823,4.281359791755676,2.543178081512451,3.9087166786193848
21,1,0,1.0,0.5,2.0,1.214674711227417,2.0170822739601135,3.1094205379486084,6.067052841186523
21,1,0,1.0,0.8,0.5,3.9521307945251465,5.8183247447013855,2.5896828174591064,3.495378017425537
21,1,0,1.0,0.8,1.0,2.37831449508667,4.101846933364868,2.7517220973968506,4.772010326385498
21,1,0,1.0,0.8,2.0,1.2465018033981323,1.3045754432678223,2.9191200733184814,5.789752006530762
21,1,0,1.2,0.2,0.5,1.084726095199585,1.5631293654441833,3.4544172286987305,4.8394341468811035
21,1,0,1.2,0.2,1.0,2.4403135776519775,3.511806905269623,2.5513110160827637,4.275095462799072
21,1,0,1.2,0.2,2.0,1.0193922519683838,1.629538655281067,2.6096067428588867,4.429731845855713
21,1,0,1.2,0.5,0.5,1.6155706644058228,2.9843838810920715,3.673233985900879,5.509881973266602
21,1,0,1.2,0.5,1.0,0.9407958388328552,1.1560475826263428,4.050235748291016,7.065285682678223
21,1,0,1.2,0.5,2.0,0.22392553091049194,0.46814101934432983,3.5040085315704346,7.106529235839844
21,1,0,1.2,0.8,0.5,1.984525442123413,2.946770966053009,4.179163455963135,6.3193254470825195
21,1,0,1.2,0.8,1.0,2.6663644313812256,4.0129570960998535,3.490429162979126,6.368444442749023
21,1,0,1.2,0.8,2.0,2.9499988555908203,4.642311871051788,3.8155517578125,8.51140308380127
21,1,1,0.8,0.2,0.5,3.3156423568725586,5.112616956233978,1.9829518795013428,2.4338157176971436
21,1,1,0.8,0.2,1.0,3.0312840938568115,4.549113571643829,2.041274070739746,3.0385682582855225
21,1,1,0.8,0.2,2.0,1.8016592264175415,2.782007932662964,2.268508195877075,3.8547236919403076
21,1,1,0.8,0.5,0.5,3.3441805839538574,4.784617602825165,1.977458119392395,2.5521159172058105
21,1,1,0.8,0.5,1.0,2.204509973526001,3.1647425293922424,2.22678279876709,3.3932042121887207
21,1,1,0.8,0.5,2.0,2.3744688034057617,3.1692968010902405,2.3961267471313477,4.440040588378906
21,1,1,0.8,0.8,0.5,3.3085529804229736,5.425553679466248,1.923166036605835,2.568404197692871
21,1,1,0.8,0.8,1.0,2.4268832206726074,3.9823508262634277,2.2838315963745117,3.7735390663146973
21,1,1,0.8,0.8,2.0,2.2021889686584473,3.5039824843406677,2.752333879470825,5.337559700012207
21,1,1,1.0,0.2,0.5,3.2342326641082764,4.691302299499512,1.9845207929611206,2.681006908416748
21,1,1,1.0,0.2,1.0,2.393183708190918,3.990903854370117,2.2764363288879395,3.5074892044067383
21,1,1,1.0,0.2,2.0,1.5058828592300415,2.165466845035553,2.7141976356506348,4.765171527862549
21,1,1,1.0,0.5,0.5,2.666421413421631,4.297994673252106,2.457059621810913,3.208397388458252
21,1,1,1.0,0.5,1.0,2.8162126541137695,4.394796848297119,2.926319122314453,4.800347328186035
21,1,1,1.0,0.5,2.0,1.5597466230392456,2.032937169075012,3.4844624996185303,6.768795490264893
21,1,1,1.0,0.8,0.5,4.1431169509887695,6.03355598449707,2.3624725341796875,3.1629574298858643
21,1,1,1.0,0.8,1.0,2.4317448139190674,4.1806680560112,2.7655129432678223,4.832734107971191
21,1,1,1.0,0.8,2.0,1.7077763080596924,2.7717792987823486,2.925363302230835,5.93181848526001
21,1,1,1.2,0.2,0.5,0.7832579612731934,1.3368594646453857,3.284754514694214,4.766458511352539
21,1,1,1.2,0.2,1.0,1.4570872783660889,2.310669183731079,2.5650317668914795,4.043426513671875
21,1,1,1.2,0.2,2.0,0.8135164976119995,1.5003265738487244,2.7409603595733643,4.8154191970825195
21,1,1,1.2,0.5,0.5,1.0091848373413086,1.8876676559448242,3.634474039077759,5.418941974639893
21,1,1,1.2,0.5,1.0,1.8378827571868896,2.916061222553253,3.993061065673828,6.450769424438477
21,1,1,1.2,0.5,2.0,0.6854228377342224,1.2679417133331299,3.0156280994415283,6.10819149017334
21,1,1,1.2,0.8,0.5,1.6770274639129639,3.5235577821731567,4.127642631530762,6.289750099182129
21,1,1,1.2,0.8,1.0,2.0537195205688477,3.0021020770072937,4.702962398529053,8.386346817016602
21,1,1,1.2,0.8,2.0,1.6482280492782593,2.8225026726722717,4.334971904754639,9.579570770263672
21,1,2,0.8,0.2,0.5,3.73020601272583,5.212087094783783,1.7083102464675903,2.0984156131744385
21,1,2,0.8,0.2,1.0,2.391512393951416,3.968056082725525,1.9195644855499268,2.9009013175964355
21,1,2,0.8,0.2,2.0,0.9166545271873474,1.7931880950927734,2.062706708908081,3.460712432861328
21,1,2,0.8,0.5,0.5,3.2687268257141113,5.0054497718811035,1.7748050689697266,2.3517563343048096
21,1,2,0.8,0.5,1.0,1.7260637283325195,2.189684271812439,2.247055768966675,3.560650587081909
21,1,2,0.8,0.5,2.0,2.506103515625,3.722619950771332,2.3820836544036865,4.295144081115723
21,1,2,0.8,0.8,0.5,3.2611098289489746,4.272415041923523,1.969774603843689,2.577622890472412
21,1,2,0.8,0.8,1.0,3.599252939224243,4.743871986865997,2.488680601119995,4.039159297943115
21,1,2,0.8,0.8,2.0,1.8853113651275635,3.576139986515045,2.6475303173065186,5.331360816955566
21,1,2,1.0,0.2,0.5,3.1324470043182373,4.9980990290641785,2.064767599105835,2.6598901748657227
21,1,2,1.0,0.2,1.0,2.6460635662078857,3.735852062702179,2.634878158569336,4.007655620574951
21,1,2,1.0,0.2,2.0,1.4616801738739014,2.1431230902671814,2.374804735183716,4.154053688049316
21,1,2,1.0,0.5,0.5,3.357980251312256,5.262688100337982,2.2919352054595947,2.9447805881500244
21,1,2,1.0,0.5,1.0,2.2870912551879883,3.4706947803497314,2.7991936206817627,4.6472954750061035
21,1,2,1.0,0.5,2.0,1.383411169052124,2.1920304894447327,2.5300872325897217,4.893271446228027
21,1,2,1.0,0.8,0.5,3.04825496673584,5.198826551437378,2.7305431365966797,3.7847039699554443
21,1,2,1.0,0.8,1.0,3.137488603591919,4.5946062207221985,2.8108696937561035,4.621011734008789
21,1,2,1.0,0.8,2.0,1.9155359268188477,2.4193238615989685,3.17903995513916,6.57296085357666
21,1,2,1.2,0.2,0.5,0.7268754243850708,2.466516613960266,3.2994842529296875,4.87252950668335
21,1,2,1.2,0.2,1.0,2.5667672157287598,3.663232922554016,3.3135392665863037,5.040672779083252
21,1,2,1.2,0.2,2.0,2.277043581008911,3.288854241371155,2.3816347122192383,4.109347820281982
21,1,2,1.2,0.5,0.5,0.8799413442611694,1.5731208324432373,3.728074789047241,5.350442886352539
21,1,2,1.2,0.5,1.0,1.371473789215088,1.987028181552887,3.706118583679199,6.239922523498535
21,1,2,1.2,0.5,2.0,1.4590888023376465,1.6021841168403625,2.987067222595215,5.868040084838867
21,1,2,1.2,0.8,0.5,1.8502668142318726,2.8352020382881165,4.172706604003906,6.3084540367126465
21,1,2,1.2,0.8,1.0,2.1263391971588135,3.7643701434135437,4.333822250366211,8.090259552001953
21,1,2,1.2,0.8,2.0,1.9257698059082031,3.0243901014328003,3.3445935249328613,7.124191761016846
21,1,3,0.8,0.2,0.5,3.3573079109191895,4.910801887512207,1.9539110660552979,2.5039310455322266
21,1,3,0.8,0.2,1.0,2.0796258449554443,3.664244532585144,1.871649146080017,2.7948668003082275
21,1,3,0.8,0.2,2.0,1.4510266780853271,2.2238816618919373,2.137087345123291,3.7097561359405518
21,1,3,0.8,0.5,0.5,3.484229803085327,4.862654507160187,1.9131977558135986,2.50759220123291
21,1,3,0.8,0.5,1.0,2.46311616897583,3.600676953792572,2.1223244667053223,3.3335835933685303
21,1,3,0.8,0.5,2.0,0.8643214106559753,1.5005878806114197,2.290353298187256,4.160409450531006
21,1,3,0.8,0.8,0.5,3.5714070796966553,5.255234181880951,2.1574060916900635,2.86936354637146
21,1,3,0.8,0.8,1.0,2.3555383682250977,4.208635747432709,2.4563653469085693,3.956019401550293
21,1,3,0.8,0.8,2.0,2.2676796913146973,3.802814245223999,2.681555986404419,5.387037754058838
21,1,3,1.0,0.2,0.5,2.3361921310424805,4.183707773685455,2.2993576526641846,2.81413197517395
21,1,3,1.0,0.2,1.0,0.971664547920227,1.809780478477478,2.7247705459594727,3.913008689880371
21,1,3,1.0,0.2,2.0,1.6112840175628662,2.929066002368927,2.2325825691223145,3.9176416397094727
21,1,3,1.0,0.5,0.5,3.0368714332580566,4.571796000003815,2.149496078491211,2.812302350997925
21,1,3,1.0,0.5,1.0,2.570307970046997,3.4577704071998596,2.4284989833831787,3.737159252166748
21,1,3,1.0,0.5,2.0,1.6143090724945068,2.0897040367126465,2.866340160369873,5.567890644073486
21,1,3,1.0,0.8,0.5,3.0387303829193115,4.715349316596985,2.282512664794922,3.0808403491973877
21,1,3,1.0,0.8,1.0,2.45697021484375,4.273708820343018,3.3556599617004395,5.700207710266113
21,1,3,1.0,0.8,2.0,2.8950319290161133,3.6891344785690308,3.0038130283355713,6.166297912597656
21,1,3,1.2,0.2,0.5,1.056746006011963,2.942082703113556,3.324435234069824,4.546947956085205
21,1,3,1.2,0.2,1.0,2.426591634750366,3.729520559310913,2.3619730472564697,4.100804805755615
21,1,3,1.2,0.2,2.0,1.354273796081543,1.8747089505195618,2.3717331886291504,4.330479145050049
21,1,3,1.2,0.5,0.5,0.44264036417007446,1.325783908367157,3.6089301109313965,5.397321701049805
21,1,3,1.2,0.5,1.0,0.5290122032165527,0.9690632820129395,3.1370208263397217,5.356865882873535
21,1,3,1.2,0.5,2.0,0.7930718064308167,1.138577163219452,3.6515798568725586,7.586134433746338
21,1,3,1.2,0.8,0.5,1.1162135601043701,2.5992427468299866,4.2465033531188965,6.499637603759766
21,1,3,1.2,0.8,1.0,1.3783607482910156,1.2633336186408997,4.626875400543213,7.9521660804748535
21,1,3,1.2,0.8,2.0,1.3360635042190552,2.192181408405304,4.115108966827393,9.15437126159668
21,1,4,0.8,0.2,0.5,3.908808708190918,5.648884177207947,1.727232575416565,2.1575980186462402
21,1,4,0.8,0.2,1.0,3.2466187477111816,4.436333000659943,2.1269619464874268,3.127716302871704
21,1,4,0.8,0.2,2.0,1.5661691427230835,2.0489062666893005,2.1697988510131836,3.7194056510925293
21,1,4,0.8,0.5,0.5,3.8610751628875732,5.766321003437042,1.9439259767532349,2.5295872688293457
21,1,4,0.8,0.5,1.0,1.9231271743774414,2.9730857014656067,2.1186859607696533,3.287762403488159
21,1,4,0.8,0.5,2.0,1.8588287830352783,2.841632902622223,2.2552247047424316,4.14286470413208
21,1,4,0.8,0.8,0.5,2.472489595413208,4.220045328140259,2.073946237564087,2.760631799697876
21,1,4,0.8,0.8,1.0,3.3854198455810547,5.705798804759979,2.2206196784973145,3.6126160621643066
21,1,4,0.8,0.8,2.0,2.950143814086914,4.583101570606232,2.687150716781616,5.167082786560059
21,1,4,1.0,0.2,0.5,3.7982254028320312,4.333948612213135,2.123962640762329,2.6478097438812256
21,1,4,1.0,0.2,1.0,2.5781991481781006,3.934700071811676,2.0409762859344482,3.0892865657806396
21,1,4,1.0,0.2,2.0,1.3559908866882324,2.2597703337669373,2.612757682800293,4.641609191894531
21,1,4,1.0,0.5,0.5,1.3832021951675415,1.6754294037818909,2.4441635608673096,3.2490434646606445
21,1,4,1.0,0.5,1.0,1.758100986480713,2.4710311889648438,2.525132179260254,3.890536069869995
21,1,4,1.0,0.5,2.0,1.1414906978607178,1.3443569540977478,2.6088716983795166,5.18174409866333
21,1,4,1.0,0.8,0.5,3.394178628921509,4.659791946411133,2.4907853603363037,3.4611825942993164
21,1,4,1.0,0.8,1.0,3.2211661338806152,4.391966283321381,2.8805198669433594,4.732378005981445
21,1,4,1.0,0.8,2.0,1.7887895107269287,2.316497564315796,3.355820655822754,7.04734468460083
21,1,4,1.2,0.2,0.5,1.1598596572875977,2.2852646708488464,3.224133014678955,4.602945327758789
21,1,4,1.2,0.2,1.0,1.8630383014678955,2.639488995075226,3.0630850791931152,4.840648174285889
21,1,4,1.2,0.2,2.0,1.0443934202194214,1.4189153909683228,2.6695516109466553,4.876219272613525
21,1,4,1.2,0.5,0.5,0.9447247982025146,1.9392011761665344,3.813316583633423,5.632381916046143
21,1,4,1.2,0.5,1.0,1.3177425861358643,1.9341590404510498,3.8314027786254883,6.19856071472168
21,1,4,1.2,0.5,2.0,0.7856906056404114,0.9714289307594299,3.241384744644165,6.350202560424805
21,1,4,1.2,0.8,0.5,1.0919780731201172,2.019297420978546,4.345125675201416,6.810510158538818
21,1,4,1.2,0.8,1.0,3.2121822834014893,5.0285255908966064,3.248021364212036,5.652149677276611
21,1,4,1.2,0.8,2.0,2.194413661956787,3.4523679614067078,4.092530250549316,8.928690910339355
22,1,0,0.8,0.2,0.5,3.3267107009887695,5.189808785915375,1.697006344795227,2.20650053024292
22,1,0,0.8,0.2,1.0,2.715916156768799,4.168741881847382,1.9578999280929565,2.9105141162872314
22,1,0,0.8,0.2,2.0,1.3610669374465942,2.054369866847992,2.152395009994507,3.5662527084350586
22,1,0,0.8,0.5,0.5,3.388827323913574,4.982058048248291,2.063673973083496,2.591473340988159
22,1,0,0.8,0.5,1.0,1.4350099563598633,2.859817147254944,2.148488759994507,3.3357350826263428
22,1,0,0.8,0.5,2.0,2.106412649154663,3.4305280447006226,2.253688097000122,4.098586559295654
22,1,0,0.8,0.8,0.5,3.916658878326416,4.849458754062653,2.1089189052581787,2.824913740158081
22,1,0,0.8,0.8,1.0,2.147155523300171,3.0162919759750366,2.210479259490967,3.437887191772461
22,1,0,0.8,0.8,2.0,2.4880313873291016,3.886379897594452,2.616081714630127,5.009202003479004
22,1,0,1.0,0.2,0.5,2.7289347648620605,3.6794034838676453,2.17952823638916,2.7527613639831543
22,1,0,1.0,0.2,1.0,1.9175734519958496,2.7848830223083496,2.323941946029663,3.4600508213043213
22,1,0,1.0,0.2,2.0,1.784377098083496,2.6285515427589417,2.283987522125244,3.9967458248138428
22,1,0,1.0,0.5,0.5,3.0786733627319336,4.751948833465576,2.5439846515655518,3.342325448989868
22,1,0,1.0,0.5,1.0,0.9905469417572021,2.430016815662384,2.185666561126709,3.534836530685425
22,1,0,1.0,0.5,2.0,1.996084213256836,2.9081168174743652,2.511627435684204,4.780578136444092
22,1,0,1.0,0.8,0.5,3.561894178390503,5.2660863399505615,2.693671703338623,3.6640701293945312
22,1,0,1.0,0.8,1.0,2.717926025390625,3.143840730190277,2.502344846725464,4.2573652267456055
22,1,0,1.0,0.8,2.0,1.4104726314544678,1.5611892342567444,2.901508331298828,6.016671180725098
22,1,0,1.2,0.2,0.5,1.253056287765503,2.713636040687561,3.156139850616455,4.580920696258545
22,1,0,1.2,0.2,1.0,2.0471272468566895,3.0051737427711487,3.3252646923065186,4.789872169494629
22,1,0,1.2,0.2,2.0,1.242504596710205,1.9157819151878357,2.746657371520996,4.939760684967041
22,1,0,1.2,0.5,0.5,0.6949895620346069,1.9993157386779785,3.6354737281799316,5.280927658081055
22,1,0,1.2,0.5,1.0,1.4503518342971802,2.047075927257538,3.4190874099731445,5.866203784942627
22,1,0,1.2,0.5,2.0,0.6158843636512756,0.9294890761375427,3.1018130779266357,6.443662166595459
22,1,0,1.2,0.8,0.5,0.9799578785896301,1.677440881729126,4.290068626403809,6.617656707763672
22,1,0,1.2,0.8,1.0,2.2644901275634766,3.9166247844696045,4.480280876159668,7.8951239585876465
22,1,0,1.2,0.8,2.0,1.6106390953063965,2.4495991468429565,3.6882946491241455,8.22613525390625
22,1,1,0.8,0.2,0.5,4.204042434692383,5.1031835079193115,1.8368805646896362,2.317965030670166
22,1,1,0.8,0.2,1.0,1.856671690940857,3.4686769247055054,1.8604893684387207,2.6218349933624268
22,1,1,0.8,0.2,2.0,1.3756906986236572,1.751863181591034,2.109506607055664,3.6934385299682617
22,1,1,0.8,0.5,0.5,2.7593295574188232,4.423785924911499,2.076070547103882,2.6482150554656982
22,1,1,0.8,0.5,1.0,2.3499598503112793,2.9353074431419373,2.1531951427459717,3.310297966003418
22,1,1,0.8,0.5,2.0,1.3518593311309814,2.653725028038025,2.416175603866577,4.558598518371582
22,1,1,0.8,0.8,0.5,3.6820240020751953,4.535204291343689,2.030686378479004,2.6973133087158203
22,1,1,0.8,0.8,1.0,2.5951087474823,3.54374498128891,2.530273675918579,4.060232639312744
22,1,1,0.8,0.8,2.0,1.081359624862671,1.8593353033065796,2.7157487869262695,5.305884838104248
22,1,1,1.0,0.2,0.5,3.9320430755615234,4.831947147846222,2.5232291221618652,3.27032470703125
22,1,1,1.0,0.2,1.0,2.825394630432129,4.167251229286194,2.1874377727508545,3.29813289642334
22,1,1,1.0,0.2,2.0,1.193211317062378,1.8916721940040588,2.2983293533325195,3.979079246520996
22,1,1,1.0,0.5,0.5,3.2549514770507812,4.486106991767883,2.46934175491333,3.219533681869507
22,1,1,1.0,0.5,1.0,3.0278193950653076,4.211957037448883,2.771162748336792,4.3516035079956055
22,1,1,1.0,0.5,2.0,1.1337000131607056,1.3229255676269531,2.6858346462249756,5.212642669677734
22,1,1,1.0,0.8,0.5,3.9901375770568848,5.384077310562134,2.6753451824188232,3.583404064178467
22,1,1,1.0,0.8,1.0,3.2099316120147705,5.1754754185676575,3.310798168182373,5.799056053161621
22,1,1,1.0,0.8,2.0,1.2649579048156738,2.1904414892196655,3.1982743740081787,6.585970401763916
22,1,1,1.2,0.2,0.5,0.9836595058441162,2.018325686454773,3.424633502960205,4.876718044281006
22,1,1,1.2,0.2,1.0,1.435027837753296,2.1330901980400085,2.808297634124756,4.30994176864624
22,1,1,1.2,0.2,2.0,1.588098168373108,2.1547493934631348,2.4398810863494873,4.371642589569092
22,1,1,1.2,0.5,0.5,1.868344783782959,2.4563297629356384,3.7246663570404053,5.475484371185303
22,1,1,1.2,0.5,1.0,1.3770437240600586,2.2247129678726196,3.617751359939575,6.027336120605469
22,1,1,1.2,0.5,2.0,1.8940832614898682,2.3572661876678467,3.258528470993042,6.533006191253662
22,1,1,1.2,0.8,0.5,1.8333981037139893,1.8336883187294006,4.129607677459717,6.134929656982422
22,1,1,1.2,0.8,1.0,0.10160797834396362,0.9097988605499268,4.6242594718933105,8.36130142211914
22,1,1,1.2,0.8,2.0,1.7389090061187744,2.157434642314911,3.785539150238037,8.37724781036377
22,1,2,0.8,0.2,0.5,4.264906883239746,6.419464886188507,1.748812198638916,2.159757614135742
22,1,2,0.8,0.2,1.0,3.230576276779175,4.277481436729431,2.037001371383667,3.1183314323425293
22,1,2,0.8,0.2,2.0,2.1334540843963623,2.997173488140106,2.1136744022369385,3.7613658905029297
22,1,2,0.8,0.5,0.5,3.0527443885803223,4.522412955760956,1.9012527465820312,2.493370294570923
22,1,2,0.8,0.5,1.0,2.837188720703125,4.2559749484062195,2.3013951778411865,3.51786732673645
22,1,2,0.8,0.5,2.0,1.1404099464416504,1.6587073802947998,2.479712724685669,4.840450763702393
22,1,2,0.8,0.8,0.5,4.375811576843262,6.385620415210724,2.059053897857666,2.732496738433838
22,1,2,0.8,0.8,1.0,3.5362815856933594,4.6866596937179565,2.297752618789673,3.73492169380188
22,1,2,0.8,0.8,2.0,1.0955440998077393,1.8241834044456482,2.540118932723999,5.025296211242676
22,1,2,1.0,0.2,0.5,2.582360029220581,4.341811895370483,2.249133825302124,2.90083384513855
22,1,2,1.0,0.2,1.0,1.7319715023040771,2.8261271119117737,2.1882824897766113,3.3662326335906982
22,1,2,1.0,0.2,2.0,1.4388947486877441,3.4628512859344482,2.3105382919311523,4.145445346832275
22,1,2,1.0,0.5,0.5,3.2827627658843994,4.510176181793213,2.7867956161499023,3.5747365951538086
22,1,2,1.0,0.5,1.0,1.9330823421478271,3.607990324497223,2.698887586593628,4.321951866149902
22,1,2,1.0,0.5,2.0,1.3382930755615234,2.6139795184135437,2.941812038421631,5.605764389038086
22,1,2,1.0,0.8,0.5,4.064071178436279,5.633746862411499,2.4389989376068115,3.2918143272399902
22,1,2,1.0,0.8,1.0,1.714768886566162,2.694244086742401,3.27245831489563,5.541213035583496
22,1,2,1.0,0.8,2.0,2.635730266571045,3.454992413520813,3.3484954833984375,6.976282119750977
22,1,2,1.2,0.2,0.5,1.0081971883773804,2.5717397928237915,3.4293456077575684,3.3122925758361816
22,1,2,1.2,0.2,1.0,1.6555662155151367,2.3680467009544373,2.651329755783081,4.0522966384887695
22,1,2,1.2,0.2,2.0,0.8956001996994019,2.4146018624305725,2.5312654972076416,4.72485876083374
22,1,2,1.2,0.5,0.5,0.6448763012886047,0.887737512588501,3.6593117713928223,5.3303632736206055
22,1,2,1.2,0.5,1.0,1.8986642360687256,2.575966954231262,3.991048574447632,6.732832431793213
22,1,2,1.2,0.5,2.0,0.733386218547821,1.2194899320602417,3.0859224796295166,6.140852928161621
22,1,2,1.2,0.8,0.5,1.835259199142456,2.9366913437843323,4.098119258880615,6.2151103019714355
22,1,2,1.2,0.8,1.0,1.9600404500961304,3.7775161266326904,3.9962782859802246,7.357234954833984
22,1,2,1.2,0.8,2.0,2.4160475730895996,3.2315744161605835,3.3375418186187744,7.2049384117126465
22,1,3,0.8,0.2,0.5,3.426154851913452,4.9838467836380005,1.8262295722961426,2.2687387466430664
22,1,3,0.8,0.2,1.0,2.9728965759277344,3.7423155903816223,1.9000251293182373,2.7236227989196777
22,1,3,0.8,0.2,2.0,0.9076007604598999,1.3983482718467712,2.0727953910827637,3.4613986015319824
22,1,3,0.8,0.5,0.5,3.773775815963745,5.2493936419487,1.7365485429763794,2.222280740737915
22,1,3,0.8,0.5,1.0,2.3062334060668945,3.5222091674804688,2.0185866355895996,3.048318386077881
22,1,3,0.8,0.5,2.0,1.9588596820831299,2.592339515686035,2.2935049533843994,4.135793685913086
22,1,3,0.8,0.8,0.5,3.603668212890625,5.67731237411499,2.233914852142334,2.938215494155884
22,1,3,0.8,0.8,1.0,3.520888090133667,5.037368297576904,2.2593796253204346,3.555562973022461
22,1,3,0.8,0.8,2.0,1.9481878280639648,3.624624013900757,2.6092183589935303,5.076714515686035
22,1,3,1.0,0.2,0.5,2.8472771644592285,4.976417243480682,1.8173695802688599,2.400524377822876
22,1,3,1.0,0.2,1.0,2.983349561691284,4.001166582107544,2.020961284637451,3.039425849914551
22,1,3,1.0,0.2,2.0,1.6154909133911133,2.2648739218711853,2.264853000640869,3.8657631874084473
22,1,3,1.0,0.5,0.5,2.757763385772705,3.4868496656417847,2.0023536682128906,2.579723596572876
22,1,3,1.0,0.5,1.0,2.0454230308532715,3.265817701816559,2.866112232208252,4.597484111785889
22,1,3,1.0,0.5,2.0,2.046177625656128,3.101244568824768,2.5603718757629395,4.776925563812256
22,1,3,1.0,0.8,0.5,3.103595733642578,4.722341895103455,2.9370200634002686,4.0495476722717285
22,1,3,1.0,0.8,1.0,2.8271501064300537,4.556070566177368,2.8978326320648193,5.0045576095581055
22,1,3,1.0,0.8,2.0,2.72475528717041,4.396436631679535,3.2066307067871094,6.364659786224365
22,1,3,1.2,0.2,0.5,1.242666482925415,2.1423085927963257,3.3247244358062744,4.6226701736450195
22,1,3,1.2,0.2,1.0,1.7427661418914795,3.367530107498169,3.4110043048858643,5.3805999755859375
22,1,3,1.2,0.2,2.0,2.239409923553467,3.088460087776184,2.619541645050049,4.835458755493164
22,1,3,1.2,0.5,0.5,1.0667908191680908,1.9887788891792297,3.566255569458008,5.19340705871582
22,1,3,1.2,0.5,1.0,1.6879887580871582,2.5218721628189087,4.016313552856445,6.7459845542907715
22,1,3,1.2,0.5,2.0,1.546816110610962,2.0013473629951477,3.314250946044922,6.773738861083984
22,1,3,1.2,0.8,0.5,2.0927162170410156,3.8707868456840515,4.3997907638549805,6.878820419311523
22,1,3,1.2,0.8,1.0,2.382246255874634,3.611027717590332,4.638577461242676,8.536417961120605
22,1,3,1.2,0.8,2.0,2.6262197494506836,4.114196062088013,4.063812255859375,8.7462797164917
22,1,4,0.8,0.2,0.5,3.6724331378936768,5.323911786079407,1.685383677482605,2.085376262664795
22,1,4,0.8,0.2,1.0,2.4917385578155518,4.636928379535675,1.8513760566711426,2.7870986461639404
22,1,4,0.8,0.2,2.0,1.0428779125213623,2.097142517566681,2.079573631286621,3.790688991546631
22,1,4,0.8,0.5,0.5,3.2117416858673096,4.973517298698425,1.794656753540039,2.3151557445526123
22,1,4,0.8,0.5,1.0,1.777099370956421,2.986160397529602,2.1166725158691406,3.1845414638519287
22,1,4,0.8,0.5,2.0,0.83431476354599,2.0570911169052124,2.2813706398010254,4.199870586395264
22,1,4,0.8,0.8,0.5,3.606309652328491,4.758145034313202,2.0982131958007812,2.67712140083313
22,1,4,0.8,0.8,1.0,3.6780595779418945,4.64242559671402,2.2431187629699707,3.59564208984375
22,1,4,0.8,0.8,2.0,1.8424479961395264,2.9923381209373474,2.6515815258026123,5.310319900512695
22,1,4,1.0,0.2,0.5,5.239718914031982,6.856780648231506,1.9297122955322266,2.508483648300171
22,1,4,1.0,0.2,1.0,1.703444480895996,2.781208634376526,2.231304883956909,3.339885711669922
22,1,4,1.0,0.2,2.0,1.6848599910736084,2.570851743221283,2.4308700561523438,3.8973987102508545
22,1,4,1.0,0.5,0.5,3.170699119567871,4.9901793003082275,2.474860429763794,3.2750298976898193
22,1,4,1.0,0.5,1.0,2.090740442276001,2.8812058568000793,2.5628645420074463,3.9748923778533936
22,1,4,1.0,0.5,2.0,1.3815670013427734,2.1564086079597473,3.0025362968444824,5.954031467437744
22,1,4,1.0,0.8,0.5,4.194671154022217,6.36359041929245,2.394744634628296,3.347342014312744
22,1,4,1.0,0.8,1.0,2.983950138092041,5.315949201583862,2.978257894515991,5.070772647857666
22,1,4,1.0,0.8,2.0,1.891030192375183,3.469884514808655,3.1208226680755615,6.632775783538818
22,1,4,1.2,0.2,0.5,0.4491347670555115,1.4846779108047485,3.33070969581604,4.652409076690674
22,1,4,1.2,0.2,1.0,2.885895252227783,4.474053859710693,2.9518721103668213,4.524302959442139
22,1,4,1.2,0.2,2.0,0.8955972194671631,1.614019751548767,2.504214286804199,4.615848541259766
22,1,4,1.2,0.5,0.5,0.7788251042366028,1.783707618713379,3.796656608581543,5.4464240074157715
22,1,4,1.2,0.5,1.0,0.0,0.11211824417114258,4.128262519836426,7.0364203453063965
22,1,4,1.2,0.5,2.0,0.3590194582939148,0.35692209005355835,3.297285318374634,7.012210369110107
22,1,4,1.2,0.8,0.5,1.2662698030471802,1.4804799556732178,4.20053243637085,6.453013896942139
22,1,4,1.2,0.8,1.0,3.07607364654541,4.10673063993454,3.5445942878723145,6.932610034942627
22,1,4,1.2,0.8,2.0,2.909346580505371,4.475212335586548,4.0992350578308105,9.200983047485352
23,1,0,0.8,0.2,0.5,3.297652006149292,4.488587021827698,1.7169712781906128,2.23393177986145
23,1,0,0.8,0.2,1.0,3.3260765075683594,4.644202649593353,1.9561392068862915,2.814754009246826
23,1,0,0.8,0.2,2.0,1.4817392826080322,2.4334036707878113,2.032240152359009,3.489248037338257
23,1,0,0.8,0.5,0.5,2.7321970462799072,4.165781795978546,1.9170434474945068,2.4647910594940186
23,1,0,0.8,0.5,1.0,2.6411709785461426,3.7432761788368225,2.068984270095825,3.237374782562256
23,1,0,0.8,0.5,2.0,1.760244607925415,2.488833487033844,2.3589026927948,4.454525470733643
23,1,0,0.8,0.8,0.5,4.056535720825195,6.0698665380477905,2.0252010822296143,2.6401124000549316
23,1,0,0.8,0.8,1.0,2.11858868598938,1.8955671787261963,2.5273659229278564,4.234557628631592
23,1,0,0.8,0.8,2.0,1.3288114070892334,2.1897398829460144,2.840463161468506,5.7637038230896
23,1,0,1.0,0.2,0.5,3.107604503631592,4.449714958667755,2.2322211265563965,2.982793092727661
23,1,0,1.0,0.2,1.0,2.0001540184020996,3.191676616668701,2.438323736190796,3.6532115936279297
23,1,0,1.0,0.2,2.0,1.6711076498031616,2.6309258937835693,2.4540789127349854,4.196475982666016
23,1,0,1.0,0.5,0.5,3.2379965782165527,4.899279952049255,2.974801540374756,3.933115005493164
23,1,0,1.0,0.5,1.0,2.657106876373291,3.4774827361106873,2.8228635787963867,4.702064037322998
23,1,0,1.0,0.5,2.0,1.5080294609069824,2.5794317722320557,2.5622360706329346,4.896726131439209
23,1,0,1.0,0.8,0.5,3.2441816329956055,4.540863752365112,2.295240640640259,3.10669207572937
23,1,0,1.0,0.8,1.0,2.9382309913635254,5.1006874442100525,2.7958006858825684,4.754660606384277
23,1,0,1.0,0.8,2.0,0.9718444347381592,2.227304518222809,3.4017765522003174,7.099567413330078
23,1,0,1.2,0.2,0.5,1.381465196609497,2.73158597946167,3.1507885456085205,4.429990291595459
23,1,0,1.2,0.2,1.0,0.7534233331680298,1.3387045860290527,2.9989140033721924,4.4539384841918945
23,1,0,1.2,0.2,2.0,1.5794358253479004,2.5349725484848022,2.7423782348632812,4.835742950439453
23,1,0,1.2,0.5,0.5,0.724600613117218,1.2624683380126953,3.6541128158569336,5.585962772369385
23,1,0,1.2,0.5,1.0,1.9160774946212769,2.940051794052124,3.216853380203247,5.473453044891357
23,1,0,1.2,0.5,2.0,1.8936092853546143,2.9874377250671387,2.6861801147460938,5.198210716247559
23,1,0,1.2,0.8,0.5,1.0745275020599365,2.4244460463523865,4.213456630706787,6.439243793487549
23,1,0,1.2,0.8,1.0,1.8692286014556885,1.876169204711914,4.976910591125488,8.728987693786621
23,1,0,1.2,0.8,2.0,1.3992829322814941,1.4096319079399109,4.103370189666748,9.124601364135742
23,1,1,0.8,0.2,0.5,2.29396915435791,4.282586336135864,1.851763129234314,2.3336946964263916
23,1,1,0.8,0.2,1.0,1.9008324146270752,3.0564926266670227,1.8454424142837524,2.804689645767212
23,1,1,0.8,0.2,2.0,1.9501914978027344,2.8412023186683655,2.102597236633301,3.5013959407806396
23,1,1,0.8,0.5,0.5,3.3102715015411377,4.789565443992615,2.0049026012420654,2.5642902851104736
23,1,1,0.8,0.5,1.0,2.2180466651916504,2.983466625213623,2.3560221195220947,3.6736927032470703
23,1,1,0.8,0.5,2.0,1.7284259796142578,2.1333738565444946,2.369779348373413,4.5417609214782715
23,1,1,0.8,0.8,0.5,3.6718106269836426,5.499956250190735,2.258927345275879,3.027388334274292
23,1,1,0.8,0.8,1.0,3.2900917530059814,5.167111277580261,2.591566324234009,4.137948513031006
23,1,1,0.8,0.8,2.0,1.440301537513733,2.3205082416534424,2.8603289127349854,5.716407299041748
23,1,1,1.0,0.2,0.5,4.011607646942139,5.733414471149445,2.0906522274017334,2.672513961791992
23,1,1,1.0,0.2,1.0,3.1557140350341797,5.033955276012421,2.204497814178467,3.2134664058685303
23,1,1,1.0,0.2,2.0,1.3639631271362305,2.2271899580955505,2.663289785385132,4.612061023712158
23,1,1,1.0,0.5,0.5,3.5055503845214844,4.481092095375061,2.319958448410034,2.9925377368927
23,1,1,1.0,0.5,1.0,1.75833261013031,3.1827595829963684,2.322812080383301,3.7959556579589844
23,1,1,1.0,0.5,2.0,1.6037551164627075,2.509929120540619,2.9441916942596436,5.793482303619385
23,1,1,1.0,0.8,0.5,3.224059581756592,4.54882687330246,2.850398302078247,3.958458423614502
23,1,1,1.0,0.8,1.0,2.9195046424865723,4.732414603233337,2.629150390625,4.279659748077393
23,1,1,1.0,0.8,2.0,2.738922595977783,3.721552014350891,3.1494970321655273,6.383758068084717
23,1,1,1.2,0.2,0.5,0.4744234085083008,2.056071639060974,3.29341197013855,4.589627742767334
23,1,1,1.2,0.2,1.0,2.560667037963867,4.16657155752182,2.9082391262054443,4.445239543914795
23,1,1,1.2,0.2,2.0,1.081359624862671,2.169743061065674,2.9281935691833496,5.174227237701416
23,1,1,1.2,0.5,0.5,1.1233632564544678,2.358248770236969,3.762350559234619,5.615392684936523
23,1,1,1.2,0.5,1.0,1.1134110689163208,1.25223308801651,3.087629795074463,5.827263832092285
23,1,1,1.2,0.5,2.0,0.859941840171814,0.9696329832077026,3.1300108432769775,6.277227401733398
23,1,1,1.2,0.8,0.5,1.7968780994415283,2.4249663949012756,4.298305034637451,6.504250526428223
23,1,1,1.2,0.8,1.0,3.186178207397461,5.049418210983276,3.2900123596191406,6.594378471374512
23,1,1,1.2,0.8,2.0,1.0008679628372192,1.7493808269500732,3.540104627609253,7.731706619262695
23,1,2,0.8,0.2,0.5,3.8778886795043945,5.5373247265815735,1.8663551807403564,2.4074485301971436
23,1,2,0.8,0.2,1.0,2.735595703125,4.179545700550079,1.878517985343933,2.6717827320098877
23,1,2,0.8,0.2,2.0,1.8226872682571411,3.4424046874046326,2.1132166385650635,3.403778076171875
23,1,2,0.8,0.5,0.5,3.083190441131592,4.56907719373703,1.8496631383895874,2.397390127182007
23,1,2,0.8,0.5,1.0,1.272323727607727,2.5470470786094666,2.0319130420684814,3.106011390686035
23,1,2,0.8,0.5,2.0,1.7652603387832642,2.626550853252411,2.4066145420074463,4.285160541534424
23,1,2,0.8,0.8,0.5,3.419542074203491,4.9879220724105835,2.0147225856781006,2.6068785190582275
23,1,2,0.8,0.8,1.0,2.7522873878479004,4.498655140399933,2.636894941329956,4.370061874389648
23,1,2,0.8,0.8,2.0,1.604917049407959,1.5768176913261414,2.6031129360198975,5.007140159606934
23,1,2,1.0,0.2,0.5,3.097672700881958,5.046782970428467,2.3168141841888428,2.9530272483825684
23,1,2,1.0,0.2,1.0,2.253859281539917,3.5881658792495728,2.346353769302368,3.481097936630249
23,1,2,1.0,0.2,2.0,2.082879066467285,3.209945857524872,2.2606260776519775,4.0117411613464355
23,1,2,1.0,0.5,0.5,3.46662974357605,4.353836178779602,2.377690553665161,3.1532182693481445
23,1,2,1.0,0.5,1.0,1.5069503784179688,2.011359691619873,2.9095332622528076,4.58870267868042
23,1,2,1.0,0.5,2.0,1.8047343492507935,2.4736366271972656,2.9467368125915527,5.867947578430176
23,1,2,1.0,0.8,0.5,3.968790054321289,5.292340636253357,2.5816490650177,3.553417921066284
23,1,2,1.0,0.8,1.0,2.928882598876953,4.542705476284027,3.002988338470459,5.004314422607422
23,1,2,1.0,0.8,2.0,1.901428461074829,3.145906984806061,3.6947810649871826,7.8618574142456055
23,1,2,1.2,0.2,0.5,0.479030966758728,1.350761890411377,3.269442319869995,4.7940897941589355
23,1,2,1.2,0.2,1.0,1.805677890777588,3.3661117553710938,3.158891201019287,4.654850482940674
23,1,2,1.2,0.2,2.0,1.3760462999343872,2.462222158908844,2.8359591960906982,4.952455043792725
23,1,2,1.2,0.5,0.5,1.2925448417663574,1.7310447096824646,3.719745397567749,5.398212432861328
23,1,2,1.2,0.5,1.0,0.041770100593566895,0.2527809143066406,4.1185736656188965,6.689291954040527
23,1,2,1.2,0.5,2.0,0.977125346660614,1.5973064303398132,2.8987982273101807,5.4903435707092285
23,1,2,1.2,0.8,0.5,1.6839959621429443,3.119542121887207,4.511065483093262,7.0254034996032715
23,1,2,1.2,0.8,1.0,2.9399280548095703,4.148423552513123,4.369996070861816,8.017807960510254
23,1,2,1.2,0.8,2.0,1.5290443897247314,1.5421497821807861,3.7003071308135986,8.163480758666992
23,1,3,0.8,0.2,0.5,4.195249557495117,5.952805995941162,1.7059520483016968,2.1461503505706787
23,1,3,0.8,0.2,1.0,1.6387406587600708,3.20567923784256,1.9330304861068726,2.719289779663086
23,1,3,0.8,0.2,2.0,1.393463373184204,2.7651533484458923,2.138674259185791,3.563814163208008
23,1,3,0.8,0.5,0.5,3.4850997924804688,5.341625154018402,1.8444647789001465,2.402585029602051
23,1,3,0.8,0.5,1.0,1.796478509902954,2.7758527398109436,2.2785732746124268,3.6062347888946533
23,1,3,0.8,0.5,2.0,2.3988747596740723,3.24855774641037,2.373380422592163,4.366649150848389
23,1,3,0.8,0.8,0.5,3.6133828163146973,4.237759470939636,2.163363218307495,2.860698938369751
23,1,3,0.8,0.8,1.0,3.8659415245056152,5.380307972431183,2.3103549480438232,3.580078363418579
23,1,3,0.8,0.8,2.0,1.8131073713302612,3.123089611530304,2.662477970123291,5.097248077392578
23,1,3,1.0,0.2,0.5,3.1742401123046875,5.296938419342041,2.046067237854004,2.7492010593414307
23,1,3,1.0,0.2,1.0,2.6129491329193115,3.446422815322876,2.7144641876220703,4.006282806396484
23,1,3,1.0,0.2,2.0,1.6761894226074219,2.479729413986206,2.6411283016204834,4.53756856918335
23,1,3,1.0,0.5,0.5,3.5156359672546387,5.15985494852066,2.318073272705078,3.073499917984009
23,1,3,1.0,0.5,1.0,1.9728424549102783,2.6831945180892944,2.443739414215088,3.992845296859741
23,1,3,1.0,0.5,2.0,0.7225262522697449,0.7947871685028076,2.971865653991699,5.828348159790039
23,1,3,1.0,0.8,0.5,2.465907335281372,4.077652394771576,3.2964887619018555,4.61419677734375
23,1,3,1.0,0.8,1.0,2.4037997722625732,3.4979664087295532,3.1003997325897217,5.198007583618164
23,1,3,1.0,0.8,2.0,1.9542663097381592,3.4119178652763367,3.0365989208221436,6.3198065757751465
23,1,3,1.2,0.2,0.5,0.5364200472831726,2.1834341883659363,3.3064396381378174,4.683812141418457
23,1,3,1.2,0.2,1.0,2.0419764518737793,2.9463820457458496,2.2578487396240234,3.5003504753112793
23,1,3,1.2,0.2,2.0,1.3040168285369873,1.9740542769432068,2.4693708419799805,4.4833173751831055
23,1,3,1.2,0.5,0.5,0.5756443738937378,0.6986454725265503,3.801269769668579,5.714901447296143
23,1,3,1.2,0.5,1.0,2.0976614952087402,3.628143787384033,3.33986234664917,5.712394714355469
23,1,3,1.2,0.5,2.0,1.7336130142211914,2.577907681465149,2.933572292327881,5.922828197479248
23,1,3,1.2,0.8,0.5,2.1559228897094727,2.978471338748932,4.259127616882324,6.543885707855225
23,1,3,1.2,0.8,1.0,2.9119863510131836,3.880492091178894,3.3975486755371094,6.054154872894287
23,1,3,1.2,0.8,2.0,2.6588022708892822,3.1578058004379272,3.937225103378296,8.456094741821289
23,1,4,0.8,0.2,0.5,3.2904210090637207,4.6187044978141785,1.8731557130813599,2.3216638565063477
23,1,4,0.8,0.2,1.0,2.2238969802856445,3.4177445769309998,1.9143856763839722,2.8388986587524414
23,1,4,0.8,0.2,2.0,1.5929782390594482,2.947503447532654,2.138779878616333,3.5373125076293945
23,1,4,0.8,0.5,0.5,3.619180202484131,5.064206898212433,1.9963427782058716,2.6119565963745117
23,1,4,0.8,0.5,1.0,3.098419189453125,4.729000270366669,2.049090623855591,3.147202968597412
23,1,4,0.8,0.5,2.0,1.6498796939849854,1.8358333110809326,2.494663715362549,4.531184673309326
23,1,4,0.8,0.8,0.5,3.3656022548675537,4.700610816478729,2.1583139896392822,2.872908353805542
23,1,4,0.8,0.8,1.0,1.771679162979126,2.192038118839264,2.4924092292785645,4.073646545410156
23,1,4,0.8,0.8,2.0,2.4714062213897705,3.7757158875465393,2.573435068130493,5.130112171173096
23,1,4,1.0,0.2,0.5,3.205298662185669,4.787278056144714,2.2482173442840576,2.8222858905792236
23,1,4,1.0,0.2,1.0,2.4754843711853027,3.63952898979187,2.313295602798462,3.7325217723846436
23,1,4,1.0,0.2,2.0,1.5992867946624756,2.1283297538757324,2.1861989498138428,3.923973798751831
23,1,4,1.0,0.5,0.5,1.9725247621536255,2.821589767932892,2.295718193054199,2.9772043228149414
23,1,4,1.0,0.5,1.0,1.307159662246704,2.411238133907318,2.5466527938842773,4.282842636108398
23,1,4,1.0,0.5,2.0,2.092611074447632,2.7655563354492188,2.679159164428711,5.097131729125977
23,1,4,1.0,0.8,0.5,3.4489173889160156,5.0079357624053955,2.577587127685547,3.554124593734741
23,1,4,1.0,0.8,1.0,2.9485549926757812,4.5626367926597595,2.8215272426605225,4.736693382263184
23,1,4,1.0,0.8,2.0,0.9953430891036987,1.3528801798820496,3.3702423572540283,7.273110389709473
23,1,4,1.2,0.2,0.5,1.224591851234436,2.405749201774597,3.246652364730835,4.6097211837768555
23,1,4,1.2,0.2,1.0,1.6841089725494385,2.761189103126526,3.399113655090332,5.025875568389893
23,1,4,1.2,0.2,2.0,1.9345439672470093,3.088545083999634,2.3374290466308594,4.090489387512207
23,1,4,1.2,0.5,0.5,1.7605818510055542,2.7307302951812744,3.8078453540802,5.800449371337891
23,1,4,1.2,0.5,1.0,2.4407927989959717,3.459251880645752,3.266599416732788,5.631669044494629
23,1,4,1.2,0.5,2.0,0.5084069967269897,0.6996685862541199,3.466763734817505,6.902006149291992
23,1,4,1.2,0.8,0.5,1.3209922313690186,2.5947024822235107,4.171058177947998,6.200376510620117
23,1,4,1.2,0.8,1.0,1.800769567489624,2.745645821094513,4.5151801109313965,8.03100299835205
23,1,4,1.2,0.8,2.0,1.8341171741485596,2.7820416688919067,4.280673503875732,9.332245826721191
24,1,0,0.8,0.2,0.5,3.394554376602173,5.239133596420288,1.6916184425354004,2.097839593887329
24,1,0,0.8,0.2,1.0,2.1031994819641113,3.8364391922950745,1.9630820751190186,2.9473209381103516
24,1,0,0.8,0.2,2.0,1.4091215133666992,1.8948184251785278,2.0824506282806396,3.6182754039764404
24,1,0,0.8,0.5,0.5,3.262274742126465,5.060185372829437,2.161022901535034,2.8513996601104736
24,1,0,0.8,0.5,1.0,2.3585400581359863,3.5136791467666626,2.3146612644195557,3.7290780544281006
24,1,0,0.8,0.5,2.0,1.6380702257156372,1.80994313955307,2.438906669616699,4.395448684692383
24,1,0,0.8,0.8,0.5,3.6442036628723145,5.438469588756561,1.9665188789367676,2.582284927368164
24,1,0,0.8,0.8,1.0,1.8317431211471558,2.9354596734046936,2.4445180892944336,3.956678628921509
24,1,0,0.8,0.8,2.0,2.341015338897705,2.321574091911316,2.619556188583374,5.205443859100342
24,1,0,1.0,0.2,0.5,3.2896242141723633,5.372577011585236,2.096432685852051,2.734252452850342
24,1,0,1.0,0.2,1.0,2.038952589035034,2.740615427494049,2.192561149597168,3.2725307941436768
24,1,0,1.0,0.2,2.0,1.19704270362854,1.9609321355819702,2.2201969623565674,3.8850157260894775
24,1,0,1.0,0.5,0.5,3.3907995223999023,4.903779864311218,2.5672409534454346,3.3791511058807373
24,1,0,1.0,0.5,1.0,1.714404582977295,2.6063756346702576,2.2210514545440674,3.5574562549591064
24,1,0,1.0,0.5,2.0,0.6215766668319702,1.157541811466217,3.0496795177459717,6.0836615562438965
24,1,0,1.0,0.8,0.5,1.5035487413406372,2.51320081949234,2.6329305171966553,3.5965609550476074
24,1,0,1.0,0.8,1.0,2.1587600708007812,3.2649641036987305,2.8735599517822266,4.996779918670654
24,1,0,1.0,0.8,2.0,1.6073564291000366,2.4890998005867004,3.2374842166900635,6.4827494621276855
24,1,0,1.2,0.2,0.5,0.5322723984718323,1.8774965405464172,3.282310962677002,4.600789546966553
24,1,0,1.2,0.2,1.0,2.314624786376953,3.442334830760956,2.573404550552368,3.9030263423919678
24,1,0,1.2,0.2,2.0,0.9423278570175171,1.519409418106079,2.704477071762085,4.774991035461426
24,1,0,1.2,0.5,0.5,1.806409478187561,3.5253400802612305,3.885850429534912,5.845431804656982
24,1,0,1.2,0.5,1.0,1.7124879360198975,2.7932863235473633,2.7846128940582275,4.702484130859375
24,1,0,1.2,0.5,2.0,1.0651371479034424,1.7563315033912659,3.969574451446533,7.997837543487549
24,1,0,1.2,0.8,0.5,1.301253080368042,1.954788327217102,4.400758743286133,6.535593032836914
24,1,0,1.2,0.8,1.0,2.6127142906188965,3.331435978412628,4.48856782913208,8.195504188537598
24,1,0,1.2,0.8,2.0,1.1192164421081543,1.932124376296997,3.9742071628570557,9.079259872436523
24,1,1,0.8,0.2,0.5,3.618398427963257,5.028209149837494,1.7886043787002563,2.231079339981079
24,1,1,0.8,0.2,1.0,2.2180533409118652,3.584709882736206,1.8729668855667114,2.7533371448516846
24,1,1,0.8,0.2,2.0,1.9826719760894775,3.1788288950920105,2.0528886318206787,3.6611783504486084
24,1,1,0.8,0.5,0.5,3.198655128479004,4.6762643456459045,1.9896600246429443,2.573246717453003
24,1,1,0.8,0.5,1.0,2.0257954597473145,2.8914929628372192,2.114344358444214,3.3294622898101807
24,1,1,0.8,0.5,2.0,1.8880759477615356,2.0530174374580383,2.3230865001678467,4.329842567443848
24,1,1,0.8,0.8,0.5,3.923492908477783,5.804240703582764,2.2182440757751465,2.991770029067993
24,1,1,0.8,0.8,1.0,3.8271379470825195,5.6380937695503235,2.320909023284912,3.8096439838409424
24,1,1,0.8,0.8,2.0,1.3311282396316528,2.584968388080597,2.7630279064178467,5.364187717437744
24,1,1,1.0,0.2,0.5,2.7671124935150146,4.160360336303711,2.336982011795044,2.9442834854125977
24,1,1,1.0,0.2,1.0,1.8226311206817627,3.308695435523987,2.5045218467712402,3.675179958343506
24,1,1,1.0,0.2,2.0,1.276667833328247,1.7923625111579895,2.336587905883789,3.996105670928955
24,1,1,1.0,0.5,0.5,3.627821207046509,4.742068409919739,2.2685811519622803,3.0450122356414795
24,1,1,1.0,0.5,1.0,1.8983042240142822,2.3120216727256775,2.362605333328247,3.848712205886841
24,1,1,1.0,0.5,2.0,1.3276485204696655,2.4431715607643127,2.490568161010742,4.840450286865234
24,1,1,1.0,0.8,0.5,3.6228981018066406,4.852154433727264,2.6094448566436768,3.660679817199707
24,1,1,1.0,0.8,1.0,2.6116228103637695,2.6537628173828125,2.9281036853790283,4.955227851867676
24,1,1,1.0,0.8,2.0,2.2771475315093994,3.5731313228607178,3.65753173828125,7.4550299644470215
24,1,1,1.2,0.2,0.5,1.5520081520080566,2.584411382675171,3.3593156337738037,4.933507442474365
24,1,1,1.2,0.2,1.0,0.19693946838378906,0.30425429344177246,3.218630790710449,4.983560085296631
24,1,1,1.2,0.2,2.0,0.3259420394897461,0.6953380703926086,2.826693296432495,5.3379034996032715
24,1,1,1.2,0.5,0.5,0.3185112476348877,0.7587774991989136,3.700009822845459,5.444366455078125
24,1,1,1.2,0.5,1.0,1.2795966863632202,1.3815279603004456,4.138249397277832,7.044375419616699
24,1,1,1.2,0.5,2.0,1.6747348308563232,2.5506195425987244,3.016003370285034,5.969839572906494
24,1,1,1.2,0.8,0.5,1.9240374565124512,2.8082247972488403,4.069334506988525,6.301314830780029
24,1,1,1.2,0.8,1.0,2.4761321544647217,3.864118814468384,3.037677526473999,5.511689186096191
24,1,1,1.2,0.8,2.0,1.2230877876281738,2.2142853140830994,3.765455722808838,8.020803451538086
24,1,2,0.8,0.2,0.5,2.934875011444092,4.718315780162811,2.060532569885254,2.4810190200805664
24,1,2,0.8,0.2,1.0,2.653055429458618,4.0892146825790405,2.1971428394317627,3.1341638565063477
24,1,2,0.8,0.2,2.0,1.976874828338623,3.254945158958435,2.117230176925659,3.7567076683044434
24,1,2,0.8,0.5,0.5,3.513667583465576,5.321636199951172,2.023787021636963,2.640622615814209
24,1,2,0.8,0.5,1.0,1.7609002590179443,3.4176851511001587,2.1354031562805176,3.343982219696045
24,1,2,0.8,0.5,2.0,1.5241554975509644,2.456918179988861,2.2593672275543213,4.141923904418945
24,1,2,0.8,0.8,0.5,3.681506395339966,5.201588571071625,2.2320313453674316,2.960310459136963
24,1,2,0.8,0.8,1.0,2.794856071472168,4.936078608036041,2.456691265106201,4.103764533996582
24,1,2,0.8,0.8,2.0,1.1148117780685425,2.0665664672851562,2.6221916675567627,5.052781581878662
24,1,2,1.0,0.2,0.5,3.104736328125,5.382402837276459,2.1176958084106445,2.6936376094818115
24,1,2,1.0,0.2,1.0,2.203308343887329,3.783850610256195,1.9626543521881104,2.9265482425689697
24,1,2,1.0,0.2,2.0,2.3620383739471436,3.1535030007362366,2.410093069076538,4.3033127784729
24,1,2,1.0,0.5,0.5,3.477962017059326,5.364124894142151,2.1800906658172607,2.9302918910980225
24,1,2,1.0,0.5,1.0,1.9386568069458008,3.07350355386734,2.5453732013702393,4.056985855102539
24,1,2,1.0,0.5,2.0,0.7153061032295227,1.4906097054481506,2.544553756713867,4.996918201446533
24,1,2,1.0,0.8,0.5,2.6758599281311035,3.5413326025009155,2.176661491394043,3.0493202209472656
24,1,2,1.0,0.8,1.0,2.0924034118652344,3.00633442401886,3.3468141555786133,5.703806400299072
24,1,2,1.0,0.8,2.0,2.4454421997070312,3.7024614810943604,3.0842418670654297,6.485996723175049
24,1,2,1.2,0.2,0.5,0.76244056224823,1.7717642188072205,3.346348762512207,4.830687046051025
24,1,2,1.2,0.2,1.0,2.2839818000793457,4.440082550048828,2.3273987770080566,4.144730091094971
24,1,2,1.2,0.2,2.0,1.3499441146850586,2.2216655611991882,2.752892017364502,4.7917609214782715
24,1,2,1.2,0.5,0.5,1.3155405521392822,2.4448503851890564,3.7069551944732666,5.334400177001953
24,1,2,1.2,0.5,1.0,2.308028221130371,3.4715765714645386,2.927427053451538,4.879274845123291
24,1,2,1.2,0.5,2.0,0.4126071333885193,0.6398814916610718,3.4821698665618896,6.646806240081787
24,1,2,1.2,0.8,0.5,0.9949557781219482,1.9742323756217957,4.666160583496094,7.135352611541748
24,1,2,1.2,0.8,1.0,3.3214824199676514,5.027280509471893,3.2151389122009277,6.340821266174316
24,1,2,1.2,0.8,2.0,1.6150236129760742,2.1652864813804626,3.3404810428619385,7.288637638092041
24,1,3,0.8,0.2,0.5,4.557013511657715,6.417807519435883,1.6627777814865112,2.0613222122192383
24,1,3,0.8,0.2,1.0,3.3162617683410645,4.800750434398651,1.8507977724075317,2.793503761291504
24,1,3,0.8,0.2,2.0,1.5512694120407104,2.2372705936431885,2.0569753646850586,3.524829626083374
24,1,3,0.8,0.5,0.5,2.6125617027282715,4.210418403148651,1.8402272462844849,2.37349271774292
24,1,3,0.8,0.5,1.0,3.124906539916992,3.7692798376083374,2.003469467163086,3.118422269821167
24,1,3,0.8,0.5,2.0,1.022537350654602,1.821735143661499,2.368196487426758,4.227340221405029
24,1,3,0.8,0.8,0.5,4.6862664222717285,6.622028112411499,1.9981473684310913,2.5774142742156982
24,1,3,0.8,0.8,1.0,2.501460075378418,3.1615315675735474,2.2706589698791504,3.6247057914733887
24,1,3,0.8,0.8,2.0,2.479857921600342,4.107693612575531,2.625887155532837,5.005618572235107
24,1,3,1.0,0.2,0.5,3.3194782733917236,4.8720046281814575,2.6964454650878906,3.3616600036621094
24,1,3,1.0,0.2,1.0,2.8586978912353516,3.43959504365921,2.3115427494049072,3.503626823425293
24,1,3,1.0,0.2,2.0,1.5689467191696167,2.3992193937301636,2.3328564167022705,3.7222399711608887
24,1,3,1.0,0.5,0.5,2.8134024143218994,4.329005718231201,2.1539642810821533,2.8696117401123047
24,1,3,1.0,0.5,1.0,2.040243148803711,3.2305986881256104,2.2684574127197266,3.74530029296875
24,1,3,1.0,0.5,2.0,0.9771431684494019,1.1801701188087463,2.5801174640655518,4.985774993896484
24,1,3,1.0,0.8,0.5,3.017611026763916,3.766737163066864,2.8328864574432373,3.909013032913208
24,1,3,1.0,0.8,1.0,2.267672061920166,3.9361889958381653,2.6211752891540527,4.340821266174316
24,1,3,1.0,0.8,2.0,2.002007246017456,3.02044016122818,3.072873592376709,6.440371513366699
24,1,3,1.2,0.2,0.5,1.5866587162017822,2.9925001859664917,3.2891757488250732,4.814410209655762
24,1,3,1.2,0.2,1.0,2.201260805130005,3.0855008363723755,3.301131010055542,5.000481128692627
24,1,3,1.2,0.2,2.0,1.3449890613555908,1.856263816356659,2.6524415016174316,4.478842258453369
24,1,3,1.2,0.5,0.5,1.2299259901046753,2.54385644197464,3.757854700088501,5.693217754364014
24,1,3,1.2,0.5,1.0,0.5869007706642151,1.0641685128211975,3.645752429962158,6.2738423347473145
24,1,3,1.2,0.5,2.0,1.5362796783447266,1.8212512135505676,2.9826247692108154,5.866903305053711
24,1,3,1.2,0.8,0.5,0.8912020921707153,1.9301790595054626,4.243849754333496,6.5381059646606445
24,1,3,1.2,0.8,1.0,2.8134241104125977,4.401210606098175,3.290189504623413,6.272469997406006
24,1,3,1.2,0.8,2.0,1.6222182512283325,1.7980590462684631,4.094518184661865,9.262043952941895
24,1,4,0.8,0.2,0.5,2.9379210472106934,4.759754538536072,2.04537034034729,2.5689878463745117
24,1,4,0.8,0.2,1.0,2.5591869354248047,3.5443503856658936,1.9500101804733276,2.8639378547668457
24,1,4,0.8,0.2,2.0,1.3213169574737549,2.4416163563728333,2.218696117401123,4.023176193237305
24,1,4,0.8,0.5,0.5,3.2174324989318848,4.5411874651908875,2.070890188217163,2.6210973262786865
24,1,4,0.8,0.5,1.0,2.5636894702911377,4.106051504611969,2.344480514526367,3.7118303775787354
24,1,4,0.8,0.5,2.0,2.2052104473114014,3.1136022210121155,2.3210537433624268,4.232040882110596
24,1,4,0.8,0.8,0.5,3.1516499519348145,4.9357380867004395,2.018282651901245,2.551520824432373
24,1,4,0.8,0.8,1.0,1.7007633447647095,2.6827496886253357,2.278580904006958,3.801938056945801
24,1,4,0.8,0.8,2.0,1.096947431564331,1.6426504254341125,2.745623826980591,5.7018022537231445
24,1,4,1.0,0.2,0.5,3.2852745056152344,4.818171262741089,2.3350253105163574,2.869558572769165
24,1,4,1.0,0.2,1.0,3.2023260593414307,5.028531014919281,2.0793514251708984,3.14176082611084
24,1,4,1.0,0.2,2.0,1.255375862121582,2.155133903026581,2.222385883331299,3.84537935256958
24,1,4,1.0,0.5,0.5,4.122957706451416,6.151347815990448,1.8599917888641357,2.3866190910339355
24,1,4,1.0,0.5,1.0,2.1999685764312744,3.172122895717621,2.7288599014282227,4.550360679626465
24,1,4,1.0,0.5,2.0,0.8803044557571411,1.4068097472190857,2.686889171600342,5.1441426277160645
24,1,4,1.0,0.8,0.5,2.5962727069854736,4.493682146072388,2.7475838661193848,3.820719003677368
24,1,4,1.0,0.8,1.0,3.384441614151001,5.528000056743622,2.790090799331665,4.6770734786987305
24,1,4,1.0,0.8,2.0,1.793351173400879,2.338758170604706,3.167825222015381,6.721791744232178
24,1,4,1.2,0.2,0.5,1.491511583328247,2.9778034687042236,3.291170120239258,4.632521629333496
24,1,4,1.2,0.2,1.0,2.3075218200683594,3.2105587124824524,2.973810911178589,4.6540350914001465
24,1,4,1.2,0.2,2.0,1.1366980075836182,1.7213267087936401,2.806434154510498,5.1596903800964355
24,1,4,1.2,0.5,0.5,0.976352334022522,1.3387845158576965,3.921313524246216,5.8409552574157715
24,1,4,1.2,0.5,1.0,1.3368321657180786,2.0867103338241577,3.997675657272339,6.700279235839844
24,1,4,1.2,0.5,2.0,0.6831409335136414,0.9190903902053833,3.5973997116088867,7.10989236831665
24,1,4,1.2,0.8,0.5,1.322859525680542,2.92727929353714,4.088387966156006,6.226869106292725
24,1,4,1.2,0.8,1.0,1.4313697814941406,2.039466381072998,4.214593410491943,7.71248197555542
24,1,4,1.2,0.8,2.0,1.6894525289535522,2.5777361392974854,3.399742841720581,7.403459548950195
25,1,0,0.8,0.2,0.5,5.043332099914551,6.320884466171265,1.72490394115448,2.1757278442382812
25,1,0,0.8,0.2,1.0,2.974231243133545,4.3104042410850525,1.9846336841583252,3.008131504058838
25,1,0,0.8,0.2,2.0,2.4315640926361084,3.672859489917755,1.995198130607605,3.487689256668091
25,1,0,0.8,0.5,0.5,3.111231565475464,4.4305214285850525,2.1698920726776123,2.8050248622894287
25,1,0,0.8,0.5,1.0,1.9066524505615234,2.539554536342621,2.2360520362854004,3.49249005317688
25,1,0,0.8,0.5,2.0,2.38478422164917,3.2924715280532837,2.357451915740967,4.347611904144287
25,1,0,0.8,0.8,0.5,4.226163864135742,5.393112897872925,2.328317642211914,3.2032723426818848
25,1,0,0.8,0.8,1.0,2.053300619125366,3.577139914035797,2.6279780864715576,4.3732194900512695
25,1,0,0.8,0.8,2.0,1.7666642665863037,2.9865262508392334,2.7114787101745605,5.27467679977417
25,1,0,1.0,0.2,0.5,4.563038349151611,6.715788543224335,2.3973913192749023,3.0587315559387207
25,1,0,1.0,0.2,1.0,1.399552583694458,2.322025179862976,2.47772216796875,3.6925837993621826
25,1,0,1.0,0.2,2.0,1.1827819347381592,2.1593512296676636,2.318197011947632,4.1364006996154785
25,1,0,1.0,0.5,0.5,3.2029502391815186,5.330963313579559,2.7953274250030518,3.6868577003479004
25,1,0,1.0,0.5,1.0,2.5407276153564453,4.146845459938049,2.463778257369995,3.932866334915161
25,1,0,1.0,0.5,2.0,0.8440168499946594,1.4115005135536194,2.938920021057129,5.47425651550293
25,1,0,1.0,0.8,0.5,3.220290184020996,4.104577422142029,2.772071361541748,3.5908641815185547
25,1,0,1.0,0.8,1.0,2.052535057067871,3.7680124640464783,3.183410882949829,5.446953773498535
25,1,0,1.0,0.8,2.0,1.9960918426513672,2.5250675082206726,3.0573947429656982,6.6212921142578125
25,1,0,1.2,0.2,0.5,0.7440826296806335,2.4065834879875183,3.1739413738250732,4.586740016937256
25,1,0,1.2,0.2,1.0,1.9403729438781738,2.721625506877899,3.0654947757720947,4.813107490539551
25,1,0,1.2,0.2,2.0,1.0218358039855957,2.0354896187782288,3.127781867980957,5.945070743560791
25,1,0,1.2,0.5,0.5,0.23306208848953247,1.2980341911315918,3.798062562942505,5.664699077606201
25,1,0,1.2,0.5,1.0,2.043877124786377,3.2772940397262573,3.419694662094116,5.638164520263672
25,1,0,1.2,0.5,2.0,1.2753775119781494,2.028163969516754,3.10898756980896,6.223059177398682
25,1,0,1.2,0.8,0.5,1.8515784740447998,3.2649200558662415,4.442634105682373,7.0246806144714355
25,1,0,1.2,0.8,1.0,2.0568647384643555,2.5164512395858765,4.160353183746338,7.654287815093994
25,1,0,1.2,0.8,2.0,1.8735902309417725,3.5074689388275146,3.384830951690674,7.577914237976074
25,1,1,0.8,0.2,0.5,3.123988151550293,5.038214862346649,1.7872414588928223,2.2867298126220703
25,1,1,0.8,0.2,1.0,2.4067771434783936,3.2720583081245422,1.9126887321472168,3.052976369857788
25,1,1,0.8,0.2,2.0,1.465498447418213,2.151692569255829,2.03607439994812,3.593759059906006
25,1,1,0.8,0.5,0.5,3.2030558586120605,4.545323371887207,1.8972500562667847,2.425800085067749
25,1,1,0.8,0.5,1.0,2.0130507946014404,2.551670730113983,2.0812935829162598,3.3898024559020996
25,1,1,0.8,0.5,2.0,2.1665945053100586,3.34831702709198,2.390183925628662,4.370526313781738
25,1,1,0.8,0.8,0.5,4.026022911071777,5.2026455998420715,2.028714418411255,2.6751554012298584
25,1,1,0.8,0.8,1.0,2.9715936183929443,4.908919870853424,2.3934504985809326,3.946007013320923
25,1,1,0.8,0.8,2.0,1.9254014492034912,3.4642751812934875,2.5370609760284424,4.983354568481445
25,1,1,1.0,0.2,0.5,3.055305242538452,5.09861695766449,2.442844867706299,3.118685483932495
25,1,1,1.0,0.2,1.0,2.1945371627807617,3.764595925807953,2.135812520980835,3.270223379135132
25,1,1,1.0,0.2,2.0,1.4151413440704346,1.832196056842804,2.264528274536133,4.033917427062988
25,1,1,1.0,0.5,0.5,2.8974990844726562,4.498022377490997,2.629406690597534,3.384221315383911
25,1,1,1.0,0.5,1.0,0.8016558289527893,1.1982052326202393,2.1609978675842285,3.3504934310913086
25,1,1,1.0,0.5,2.0,1.096022605895996,1.4468464851379395,3.043987989425659,5.842414379119873
25,1,1,1.0,0.8,0.5,3.1102688312530518,4.751818537712097,3.140967607498169,4.242870330810547
25,1,1,1.0,0.8,1.0,3.203896999359131,5.067494869232178,2.547497510910034,4.2500505447387695
25,1,1,1.0,0.8,2.0,0.9967023134231567,1.0730561017990112,3.2942070960998535,6.914384841918945
25,1,1,1.2,0.2,0.5,1.0694172382354736,2.5084044337272644,3.5935347080230713,5.063953399658203
25,1,1,1.2,0.2,1.0,2.12959361076355,3.5455806851387024,2.232318162918091,3.6326377391815186
25,1,1,1.2,0.2,2.0,1.4572436809539795,1.7980594635009766,2.613637924194336,4.5976762771606445
25,1,1,1.2,0.5,0.5,0.8772538304328918,1.6821934580802917,3.777921199798584,5.572627544403076
25,1,1,1.2,0.5,1.0,1.0248966217041016,1.7053476572036743,4.139071941375732,6.738592147827148
25,1,1,1.2,0.5,2.0,1.3922009468078613,2.014108657836914,3.214359998703003,6.432354927062988
25,1,1,1.2,0.8,0.5,1.0481023788452148,2.7243354320526123,4.1958112716674805,6.587617874145508
25,1,1,1.2,0.8,1.0,1.8897387981414795,2.889725089073181,3.6846563816070557,6.772190570831299
25,1,1,1.2,0.8,2.0,1.9367237091064453,3.5942493677139282,3.5291974544525146,7.5567626953125
25,1,2,0.8,0.2,0.5,3.8309428691864014,5.209750056266785,1.8028463125228882,2.274033308029175
25,1,2,0.8,0.2,1.0,2.32747745513916,3.428948402404785,1.9691033363342285,3.008352756500244
25,1,2,0.8,0.2,2.0,1.5623668432235718,2.4254656434059143,2.0710971355438232,3.4676740169525146
25,1,2,0.8,0.5,0.5,2.308722496032715,3.5063525438308716,1.721672773361206,2.234448194503784
25,1,2,0.8,0.5,1.0,2.719130516052246,3.5133103132247925,2.3003416061401367,3.57110595703125
25,1,2,0.8,0.5,2.0,1.667306661605835,2.119341552257538,2.3617336750030518,4.403554439544678
25,1,2,0.8,0.8,0.5,3.617724895477295,4.864813029766083,2.143253803253174,2.868922233581543
25,1,2,0.8,0.8,1.0,1.2109127044677734,2.6749752163887024,2.3069865703582764,3.730757713317871
25,1,2,0.8,0.8,2.0,1.9427379369735718,3.4097105264663696,2.737060546875,5.394859790802002
25,1,2,1.0,0.2,0.5,3.787997245788574,5.814233779907227,2.5270068645477295,3.084094524383545
25,1,2,1.0,0.2,1.0,2.7096176147460938,3.5370194911956787,2.0388123989105225,3.055772066116333
25,1,2,1.0,0.2,2.0,1.4883763790130615,2.16336989402771,2.408350944519043,4.136170387268066
25,1,2,1.0,0.5,0.5,2.8924012184143066,4.037525534629822,2.4261810779571533,3.141183376312256
25,1,2,1.0,0.5,1.0,2.0570249557495117,2.7178937196731567,2.4798943996429443,3.8136110305786133
25,1,2,1.0,0.5,2.0,1.5332807302474976,2.7167898416519165,2.60581636428833,4.939719200134277
25,1,2,1.0,0.8,0.5,3.5511319637298584,5.34932279586792,2.3710007667541504,3.321258783340454
25,1,2,1.0,0.8,1.0,2.677638530731201,4.399397373199463,2.7268242835998535,4.699902057647705
25,1,2,1.0,0.8,2.0,2.1515798568725586,3.7196942567825317,2.928520441055298,6.194651126861572
25,1,2,1.2,0.2,0.5,1.398051381111145,2.560339868068695,3.170017719268799,4.584282398223877
25,1,2,1.2,0.2,1.0,1.8294212818145752,3.7999724745750427,2.964592695236206,4.881717205047607
25,1,2,1.2,0.2,2.0,1.062042474746704,2.0627523064613342,2.3156750202178955,4.0196356773376465
25,1,2,1.2,0.5,0.5,1.5165979862213135,2.6696505546569824,3.600318431854248,5.316030979156494
25,1,2,1.2,0.5,1.0,1.1638269424438477,1.4375793933868408,4.016940593719482,6.763161659240723
25,1,2,1.2,0.5,2.0,1.5731780529022217,1.8682984113693237,2.732053756713867,5.674291610717773
25,1,2,1.2,0.8,0.5,1.8743267059326172,3.448241174221039,4.114293575286865,6.387268543243408
25,1,2,1.2,0.8,1.0,1.4833295345306396,1.5856582522392273,4.903107643127441,8.688796997070312
25,1,2,1.2,0.8,2.0,2.611582040786743,4.39487761259079,3.244870662689209,7.012074947357178
25,1,3,0.8,0.2,0.5,3.4915623664855957,5.327979028224945,1.7766321897506714,2.1995418071746826
25,1,3,0.8,0.2,1.0,2.215792417526245,3.0926889181137085,1.8034920692443848,2.7936694622039795
25,1,3,0.8,0.2,2.0,1.9852311611175537,3.156079649925232,2.1541507244110107,3.7019975185394287
25,1,3,0.8,0.5,0.5,3.148339033126831,4.2528902888298035,1.703657865524292,2.169055223464966
25,1,3,0.8,0.5,1.0,2.752000093460083,4.231047868728638,1.9266483783721924,2.9212896823883057
25,1,3,0.8,0.5,2.0,1.7516093254089355,2.3329811096191406,2.539740800857544,4.489656448364258
25,1,3,0.8,0.8,0.5,3.8779451847076416,5.7349536418914795,2.27888560295105,3.12483549118042
25,1,3,0.8,0.8,1.0,2.5030012130737305,4.106023550033569,2.2077207565307617,3.6378273963928223
25,1,3,0.8,0.8,2.0,1.4203383922576904,2.903243362903595,3.0087673664093018,5.962090492248535
25,1,3,1.0,0.2,0.5,2.5241096019744873,4.265852630138397,2.4611222743988037,3.196171522140503
25,1,3,1.0,0.2,1.0,2.633603096008301,3.8802557587623596,2.5900540351867676,3.9303572177886963
25,1,3,1.0,0.2,2.0,1.9839588403701782,3.308279275894165,2.2399075031280518,3.9110653400421143
25,1,3,1.0,0.5,0.5,3.0356719493865967,4.314471364021301,2.537682294845581,3.092620372772217
25,1,3,1.0,0.5,1.0,1.711788535118103,2.5912764072418213,2.834272861480713,4.495931625366211
25,1,3,1.0,0.5,2.0,1.8715531826019287,2.663578450679779,2.465264320373535,4.453865051269531
25,1,3,1.0,0.8,0.5,3.83620023727417,5.9923317432403564,2.851684093475342,3.958399772644043
25,1,3,1.0,0.8,1.0,3.4019834995269775,5.3182055950164795,2.7566239833831787,4.682373523712158
25,1,3,1.0,0.8,2.0,2.048691511154175,3.9445601105690002,2.919907569885254,6.067550182342529
25,1,3,1.2,0.2,0.5,0.9608989953994751,1.7322335243225098,3.267542600631714,4.803970813751221
25,1,3,1.2,0.2,1.0,1.714714765548706,3.1843796372413635,2.8936355113983154,4.311460971832275
25,1,3,1.2,0.2,2.0,1.8310558795928955,2.696444809436798,2.307464599609375,4.318389892578125
25,1,3,1.2,0.5,0.5,0.5230997800827026,0.6654601097106934,3.8686578273773193,5.600992202758789
25,1,3,1.2,0.5,1.0,1.5905532836914062,2.1819088459014893,3.9114601612091064,6.706792831420898
25,1,3,1.2,0.5,2.0,1.170987606048584,1.7800845503807068,3.566377639770508,7.290482997894287
25,1,3,1.2,0.8,0.5,0.9739769101142883,1.9092978239059448,4.243196487426758,6.717041969299316
25,1,3,1.2,0.8,1.0,0.9991048574447632,1.9571726322174072,4.2872633934021,7.815021514892578
25,1,3,1.2,0.8,2.0,2.191223621368408,3.4723057746887207,3.9594669342041016,9.019696235656738
25,1,4,0.8,0.2,0.5,3.1321816444396973,4.281310856342316,1.8288633823394775,2.3076720237731934
25,1,4,0.8,0.2,1.0,2.2035257816314697,3.5307556986808777,2.270718574523926,3.3757901191711426
25,1,4,0.8,0.2,2.0,1.8740832805633545,2.7655141353607178,2.099438190460205,3.5197041034698486
25,1,4,0.8,0.5,0.5,3.791616916656494,5.454148650169373,1.8142483234405518,2.3964285850524902
25,1,4,0.8,0.5,1.0,2.5617666244506836,2.998031735420227,2.0731539726257324,3.1942250728607178
25,1,4,0.8,0.5,2.0,2.4212327003479004,2.802097260951996,2.475106716156006,4.487154006958008
25,1,4,0.8,0.8,0.5,2.7605490684509277,4.560883104801178,2.1063334941864014,2.7580959796905518
25,1,4,0.8,0.8,1.0,1.4909286499023438,2.7455102801322937,2.638916015625,4.3588547706604
25,1,4,0.8,0.8,2.0,2.5576136112213135,2.9940958619117737,2.6367435455322266,5.10321569442749
25,1,4,1.0,0.2,0.5,3.9542245864868164,5.108605325222015,2.321173906326294,2.912868022918701
25,1,4,1.0,0.2,1.0,2.448747396469116,3.8310325741767883,2.070024251937866,3.0351216793060303
25,1,4,1.0,0.2,2.0,1.8883914947509766,2.5967706441879272,2.277456760406494,3.680989980697632
25,1,4,1.0,0.5,0.5,3.187061071395874,4.491911351680756,2.2235677242279053,2.954206943511963
25,1,4,1.0,0.5,1.0,0.8315949440002441,1.277802586555481,2.9434797763824463,4.806910514831543
25,1,4,1.0,0.5,2.0,1.6594414710998535,2.690941572189331,2.6337039470672607,5.160720348358154
25,1,4,1.0,0.8,0.5,3.024502754211426,4.272643744945526,2.731550455093384,3.7567684650421143
25,1,4,1.0,0.8,1.0,1.6745023727416992,2.6157566905021667,3.241313934326172,5.491644859313965
25,1,4,1.0,0.8,2.0,2.220841884613037,3.319776952266693,3.087221622467041,6.447036266326904
25,1,4,1.2,0.2,0.5,0.8097808957099915,1.9442866444587708,3.2635583877563477,4.504945755004883
25,1,4,1.2,0.2,1.0,0.9826241135597229,1.760514259338379,3.6520235538482666,5.254369735717773
25,1,4,1.2,0.2,2.0,1.8209939002990723,2.721618354320526,2.575632095336914,4.714104652404785
25,1,4,1.2,0.5,0.5,1.5650635957717896,1.8716301321983337,3.6747090816497803,5.52427339553833
25,1,4,1.2,0.5,1.0,2.008131504058838,3.1443941593170166,3.9874415397644043,6.637798309326172
25,1,4,1.2,0.5,2.0,0.9861761331558228,1.7857189774513245,3.451890707015991,7.014265537261963
25,1,4,1.2,0.8,0.5,0.9102209210395813,0.9110904335975647,4.602888107299805,7.245206832885742
25,1,4,1.2,0.8,1.0,1.9216961860656738,2.545432448387146,3.4130477905273438,6.3443922996521
25,1,4,1.2,0.8,2.0,1.2992445230484009,2.2349478006362915,3.602551221847534,7.826261043548584
26,1,0,0.8,0.2,0.5,2.89778208732605,4.600991249084473,1.913190484046936,2.4086897373199463
26,1,0,0.8,0.2,1.0,2.6019864082336426,3.78985995054245,2.080408811569214,2.9566640853881836
26,1,0,0.8,0.2,2.0,2.370582103729248,3.126314640045166,2.280142307281494,4.020498752593994
26,1,0,0.8,0.5,0.5,2.1938188076019287,3.6380923986434937,1.8866920471191406,2.403134822845459
26,1,0,0.8,0.5,1.0,2.434587001800537,3.640367031097412,2.098578929901123,3.369373083114624
26,1,0,0.8,0.5,2.0,1.2821179628372192,1.7604357600212097,2.406545400619507,4.434246063232422
26,1,0,0.8,0.8,0.5,2.9118707180023193,4.173397779464722,1.9939452409744263,2.583906650543213
26,1,0,0.8,0.8,1.0,2.9242911338806152,4.8000630140304565,2.70017147064209,4.472028732299805
26,1,0,0.8,0.8,2.0,1.9250333309173584,3.5231897234916687,2.5636708736419678,4.86764669418335
26,1,0,1.0,0.2,0.5,3.1293132305145264,4.662313997745514,2.3399558067321777,2.944502353668213
26,1,0,1.0,0.2,1.0,1.9147741794586182,2.2914260625839233,2.6725950241088867,4.163384437561035
26,1,0,1.0,0.2,2.0,1.201694130897522,1.783733308315277,2.547764539718628,4.267958164215088
26,1,0,1.0,0.5,0.5,2.5972390174865723,3.2501290440559387,2.871145009994507,3.8554224967956543
26,1,0,1.0,0.5,1.0,1.743135690689087,2.5182806849479675,2.3175063133239746,3.732616901397705
26,1,0,1.0,0.5,2.0,0.7070167660713196,1.0899815559387207,2.9837734699249268,5.5900115966796875
26,1,0,1.0,0.8,0.5,3.9263756275177,6.539320111274719,2.202881097793579,2.9824421405792236
26,1,0,1.0,0.8,1.0,3.0773630142211914,4.732551753520966,2.8504273891448975,4.8274455070495605
26,1,0,1.0,0.8,2.0,2.486083984375,3.343143403530121,3.441404104232788,7.097364902496338
26,1,0,1.2,0.2,0.5,1.3281172513961792,2.5787816643714905,3.3248841762542725,4.7060675621032715
26,1,0,1.2,0.2,1.0,0.9832971692085266,1.3478684425354004,3.365643262863159,5.026879787445068
26,1,0,1.2,0.2,2.0,1.4164392948150635,2.080724537372589,2.5700879096984863,4.761433124542236
26,1,0,1.2,0.5,0.5,0.8257178068161011,1.9739474654197693,3.7763423919677734,5.625226974487305
26,1,0,1.2,0.5,1.0,0.7447264790534973,0.72300124168396,4.223896026611328,6.242183208465576
26,1,0,1.2,0.5,2.0,1.3481009006500244,2.0907687544822693,2.9491803646087646,5.970432758331299
26,1,0,1.2,0.8,0.5,1.7887012958526611,3.5520567893981934,4.164682865142822,6.460970878601074
26,1,0,1.2,0.8,1.0,2.646345615386963,4.196293294429779,4.065189838409424,7.260725975036621
26,1,0,1.2,0.8,2.0,1.210800290107727,1.995409905910492,4.272888660430908,9.985269546508789
26,1,1,0.8,0.2,0.5,4.05326509475708,5.818103313446045,1.861998200416565,2.354166269302368
26,1,1,0.8,0.2,1.0,3.103188991546631,4.369793951511383,1.8762903213500977,2.7378180027008057
26,1,1,0.8,0.2,2.0,1.914892315864563,3.560628116130829,2.0371415615081787,3.5137486457824707
26,1,1,0.8,0.5,0.5,3.3026514053344727,4.995885729789734,1.7321799993515015,2.3058745861053467
26,1,1,0.8,0.5,1.0,2.288172721862793,3.4431524872779846,2.2775444984436035,3.4836783409118652
26,1,1,0.8,0.5,2.0,1.2998008728027344,1.5013805031776428,2.3784539699554443,4.520201683044434
26,1,1,0.8,0.8,0.5,4.2806196212768555,5.172075688838959,2.0602574348449707,2.7448737621307373
26,1,1,0.8,0.8,1.0,3.324638843536377,4.708468198776245,2.5337226390838623,4.026210784912109
26,1,1,0.8,0.8,2.0,1.302382230758667,2.3577110171318054,2.63234806060791,5.16865873336792
26,1,1,1.0,0.2,0.5,3.536513090133667,4.63562399148941,2.735084295272827,3.4988901615142822
26,1,1,1.0,0.2,1.0,2.744433879852295,4.227471351623535,2.2947027683258057,3.5498671531677246
26,1,1,1.0,0.2,2.0,1.2771968841552734,1.6654525995254517,2.5259273052215576,4.237827301025391
26,1,1,1.0,0.5,0.5,3.1280336380004883,4.687909424304962,2.7532753944396973,3.428309202194214
26,1,1,1.0,0.5,1.0,2.9095492362976074,4.8433831334114075,2.6314544677734375,4.233057022094727
26,1,1,1.0,0.5,2.0,1.125443458557129,2.2593029737472534,2.6194570064544678,4.979461669921875
26,1,1,1.0,0.8,0.5,4.525609970092773,6.930810451507568,2.0494608879089355,2.7465980052948
26,1,1,1.0,0.8,1.0,2.1554248332977295,3.898076117038727,2.8620026111602783,4.955509662628174
26,1,1,1.0,0.8,2.0,2.3207314014434814,3.5261546969413757,3.1579911708831787,6.308830738067627
26,1,1,1.2,0.2,0.5,0.8142635226249695,2.4572166800498962,3.3293814659118652,4.7191691398620605
26,1,1,1.2,0.2,1.0,0.6352713704109192,1.1290451884269714,2.684616804122925,4.435248851776123
26,1,1,1.2,0.2,2.0,1.5540084838867188,2.226913094520569,2.6611504554748535,4.812920570373535
26,1,1,1.2,0.5,0.5,0.9478805661201477,1.8638869524002075,3.7835090160369873,5.499690055847168
26,1,1,1.2,0.5,1.0,3.2326865196228027,4.764959156513214,2.8614113330841064,4.7593183517456055
26,1,1,1.2,0.5,2.0,1.838057041168213,2.6636719703674316,3.3271663188934326,6.676724433898926
26,1,1,1.2,0.8,0.5,1.017244815826416,2.826702058315277,4.21823787689209,6.407095909118652
26,1,1,1.2,0.8,1.0,1.8738715648651123,2.593562662601471,4.923576831817627,8.984210014343262
26,1,1,1.2,0.8,2.0,1.2214535474777222,1.5820053219795227,3.3662869930267334,7.130129337310791
26,1,2,0.8,0.2,0.5,3.1061267852783203,5.100439429283142,1.9353752136230469,2.3631742000579834
26,1,2,0.8,0.2,1.0,2.404879570007324,3.360367000102997,2.0987298488616943,3.1611251831054688
26,1,2,0.8,0.2,2.0,2.785269260406494,3.8575658202171326,2.1444714069366455,3.652050018310547
26,1,2,0.8,0.5,0.5,3.584657907485962,5.359807372093201,1.7947993278503418,2.331634998321533
26,1,2,0.8,0.5,1.0,2.8998212814331055,3.774936556816101,2.1542139053344727,3.380410671234131
26,1,2,0.8,0.5,2.0,1.1913197040557861,1.8145301938056946,2.4386403560638428,4.431368350982666
26,1,2,0.8,0.8,0.5,3.970155715942383,5.980046808719635,1.9047120809555054,2.5566165447235107
26,1,2,0.8,0.8,1.0,3.3054847717285156,5.393581748008728,2.3275628089904785,3.781735897064209
26,1,2,0.8,0.8,2.0,1.1417803764343262,1.5249789357185364,2.631572961807251,5.052196502685547
26,1,2,1.0,0.2,0.5,3.2923145294189453,5.393050730228424,2.444387674331665,3.2684998512268066
26,1,2,1.0,0.2,1.0,1.9770457744598389,4.153538227081299,2.0060977935791016,3.0285961627960205
26,1,2,1.0,0.2,2.0,1.1388124227523804,2.4734169840812683,2.263476610183716,4.017212390899658
26,1,2,1.0,0.5,0.5,3.3978517055511475,4.897636950016022,1.8963794708251953,2.4796595573425293
26,1,2,1.0,0.5,1.0,1.7760827541351318,2.7766297459602356,2.911606788635254,4.835817337036133
26,1,2,1.0,0.5,2.0,0.49778956174850464,0.9523441791534424,2.6051688194274902,4.991549491882324
26,1,2,1.0,0.8,0.5,3.25981068611145,5.519970059394836,2.8504586219787598,3.9765939712524414
26,1,2,1.0,0.8,1.0,2.361146926879883,3.6182137727737427,3.010404586791992,5.063113689422607
26,1,2,1.0,0.8,2.0,1.8860816955566406,2.933060646057129,3.0135672092437744,6.236624717712402
26,1,2,1.2,0.2,0.5,0.8552707433700562,2.260116159915924,3.3468823432922363,4.903426647186279
26,1,2,1.2,0.2,1.0,1.9717901945114136,2.798011302947998,3.4171814918518066,5.065553665161133
26,1,2,1.2,0.2,2.0,1.185245156288147,1.5079266428947449,2.565704584121704,4.6211700439453125
26,1,2,1.2,0.5,0.5,0.6331408619880676,1.5421671271324158,3.88850736618042,5.910890579223633
26,1,2,1.2,0.5,1.0,1.66999351978302,3.111691653728485,3.453421115875244,6.126612663269043
26,1,2,1.2,0.5,2.0,0.973182201385498,0.9566631317138672,3.620678186416626,7.642340183258057
26,1,2,1.2,0.8,0.5,1.704392910003662,3.310583233833313,4.301477909088135,6.737733364105225
26,1,2,1.2,0.8,1.0,2.395421266555786,3.299672782421112,4.2318878173828125,8.000688552856445
26,1,2,1.2,0.8,2.0,1.4746134281158447,1.5701513290405273,3.363027334213257,7.083917140960693
26,1,3,0.8,0.2,0.5,2.5985593795776367,4.05351197719574,1.7038633823394775,2.14920711517334
26,1,3,0.8,0.2,1.0,3.3755762577056885,4.294337093830109,2.028862237930298,2.8954405784606934
26,1,3,0.8,0.2,2.0,1.9879472255706787,3.3549911975860596,2.060190200805664,3.5921993255615234
26,1,3,0.8,0.5,0.5,3.5108699798583984,4.035942852497101,2.146010398864746,2.7642900943756104
26,1,3,0.8,0.5,1.0,3.1003196239471436,4.415365517139435,2.2019639015197754,3.3338141441345215
26,1,3,0.8,0.5,2.0,1.1170902252197266,1.3412930369377136,2.2837986946105957,4.197474002838135
26,1,3,0.8,0.8,0.5,4.322619438171387,5.151027262210846,2.438157558441162,3.2644879817962646
26,1,3,0.8,0.8,1.0,2.994645595550537,3.446723699569702,2.732473850250244,4.42595911026001
26,1,3,0.8,0.8,2.0,1.282857894897461,2.263313889503479,2.9539167881011963,5.778598308563232
26,1,3,1.0,0.2,0.5,2.4164974689483643,3.9146130084991455,1.9014074802398682,2.3772993087768555
26,1,3,1.0,0.2,1.0,2.466097593307495,3.6902509331703186,1.9510010480880737,3.0202231407165527
26,1,3,1.0,0.2,2.0,2.0068535804748535,3.6018791794776917,2.203150987625122,3.961379051208496
26,1,3,1.0,0.5,0.5,2.472677707672119,3.0837994813919067,2.506786823272705,3.383079767227173
26,1,3,1.0,0.5,1.0,2.1724438667297363,3.6157479882240295,2.1946327686309814,3.5628302097320557
26,1,3,1.0,0.5,2.0,1.2062582969665527,1.2480472922325134,2.9961507320404053,5.637102127075195
26,1,3,1.0,0.8,0.5,4.352376937866211,6.101198256015778,2.645557165145874,3.4958629608154297
26,1,3,1.0,0.8,1.0,3.4738247394561768,5.159307301044464,2.619117259979248,4.369000434875488
26,1,3,1.0,0.8,2.0,2.1603128910064697,3.6701446771621704,2.9622931480407715,6.109318733215332
26,1,3,1.2,0.2,0.5,0.7275409698486328,1.6713329553604126,3.3473551273345947,4.7243547439575195
26,1,3,1.2,0.2,1.0,2.6932625770568848,3.753812074661255,2.3491313457489014,3.962127208709717
26,1,3,1.2,0.2,2.0,2.238135814666748,2.93054062128067,2.8841049671173096,5.177712917327881
26,1,3,1.2,0.5,0.5,1.6966065168380737,2.296332538127899,3.6739375591278076,5.39576530456543
26,1,3,1.2,0.5,1.0,1.2521369457244873,1.8574758768081665,4.056727886199951,7.054333686828613
26,1,3,1.2,0.5,2.0,0.5912192463874817,1.1567639708518982,2.95257568359375,6.091840744018555
26,1,3,1.2,0.8,0.5,0.9986011981964111,2.5852400064468384,4.302342891693115,6.755472660064697
26,1,3,1.2,0.8,1.0,1.929394245147705,3.6058818697929382,3.4389419555664062,6.350433349609375
26,1,3,1.2,0.8,2.0,2.304753541946411,3.0036937594413757,3.8702731132507324,8.419392585754395
26,1,4,0.8,0.2,0.5,3.5382027626037598,5.652543306350708,1.7123217582702637,2.1740338802337646
26,1,4,0.8,0.2,1.0,2.065690755844116,3.2734639048576355,1.8392740488052368,2.694873094558716
26,1,4,0.8,0.2,2.0,1.24026620388031,1.9877377152442932,2.0730769634246826,3.5450313091278076
26,1,4,0.8,0.5,0.5,3.377319574356079,4.657232761383057,1.8111598491668701,2.337552547454834
26,1,4,0.8,0.5,1.0,2.682283878326416,3.9852375388145447,2.1553828716278076,3.396106719970703
26,1,4,0.8,0.5,2.0,1.1763675212860107,1.93830007314682,2.4377598762512207,4.36846923828125
26,1,4,0.8,0.8,0.5,3.654893636703491,5.247194528579712,2.2501273155212402,3.0419986248016357
26,1,4,0.8,0.8,1.0,2.9435298442840576,4.343968212604523,2.2339913845062256,3.655094623565674
26,1,4,0.8,0.8,2.0,1.8284976482391357,2.734570264816284,2.679915189743042,5.1714582443237305
26,1,4,1.0,0.2,0.5,4.17111873626709,5.80015504360199,2.4943387508392334,3.116816759109497
26,1,4,1.0,0.2,1.0,2.4307756423950195,3.59733122587204,2.1203911304473877,3.0858049392700195
26,1,4,1.0,0.2,2.0,1.598107099533081,2.315374255180359,2.264840841293335,3.8746449947357178
26,1,4,1.0,0.5,0.5,3.2729599475860596,5.269979476928711,2.643744468688965,3.5712881088256836
26,1,4,1.0,0.5,1.0,1.737874150276184,2.719087779521942,2.7219715118408203,4.386576175689697
26,1,4,1.0,0.5,2.0,1.8604410886764526,2.819696843624115,2.591932535171509,5.031865119934082
26,1,4,1.0,0.8,0.5,3.032304286956787,5.288971245288849,2.2457001209259033,3.141444683074951
26,1,4,1.0,0.8,1.0,1.9066007137298584,3.5364567041397095,3.23952579498291,5.363704681396484
26,1,4,1.0,0.8,2.0,2.293161392211914,4.003142297267914,3.2701363563537598,7.012294769287109
26,1,4,1.2,0.2,0.5,0.754749596118927,3.1874886751174927,3.2265071868896484,4.542820930480957
26,1,4,1.2,0.2,1.0,1.557093620300293,2.4322240352630615,2.7613213062286377,4.30405330657959
26,1,4,1.2,0.2,2.0,1.4188685417175293,2.1742557287216187,2.4890716075897217,4.295289039611816
26,1,4,1.2,0.5,0.5,0.34346890449523926,0.6285049319267273,3.73268461227417,5.480180740356445
26,1,4,1.2,0.5,1.0,1.6397079229354858,2.2503480911254883,3.9820902347564697,6.446942329406738
26,1,4,1.2,0.5,2.0,1.3172111511230469,2.0922276377677917,3.2384324073791504,6.496009826660156
26,1,4,1.2,0.8,0.5,1.6397089958190918,2.1671111583709717,4.097470283508301,6.352308750152588
26,1,4,1.2,0.8,1.0,2.019796133041382,3.12638396024704,3.9457414150238037,7.021122455596924
26,1,4,1.2,0.8,2.0,0.998706579208374,1.9414992332458496,3.59987735748291,7.8953857421875
27,1,0,0.8,0.2,0.5,3.8648905754089355,5.4126362800598145,1.8126389980316162,2.3040473461151123
27,1,0,0.8,0.2,1.0,3.870163917541504,4.788749933242798,1.8988145589828491,2.685987710952759
27,1,0,0.8,0.2,2.0,1.9041354656219482,3.114461362361908,2.2252016067504883,3.830091714859009
27,1,0,0.8,0.5,0.5,4.089519500732422,5.060361683368683,2.036968946456909,2.6790683269500732
27,1,0,0.8,0.5,1.0,1.768791913986206,2.8444398641586304,2.336869955062866,3.6421542167663574
27,1,0,0.8,0.5,2.0,1.690855622291565,2.152502119541168,2.5867457389831543,4.663506507873535
27,1,0,0.8,0.8,0.5,3.6224923133850098,5.418606817722321,2.1783947944641113,2.868992805480957
27,1,0,0.8,0.8,1.0,3.4822638034820557,5.200545310974121,2.5221762657165527,4.225525856018066
27,1,0,0.8,0.8,2.0,1.7924919128417969,2.604435920715332,2.631990671157837,5.075998783111572
27,1,0,1.0,0.2,0.5,3.0820200443267822,5.114773511886597,2.4103026390075684,3.0815024375915527
27,1,0,1.0,0.2,1.0,2.280351161956787,3.218401789665222,2.475184917449951,3.609020948410034
27,1,0,1.0,0.2,2.0,1.8225419521331787,2.836207926273346,2.2635505199432373,4.197216987609863
27,1,0,1.0,0.5,0.5,2.9750609397888184,3.7295506596565247,2.791987895965576,3.6387650966644287
27,1,0,1.0,0.5,1.0,2.3521995544433594,2.517692506313324,2.6206417083740234,4.051516532897949
27,1,0,1.0,0.5,2.0,1.7884290218353271,2.7097952365875244,2.593794584274292,5.051769256591797
27,1,0,1.0,0.8,0.5,3.466534376144409,5.63783061504364,2.672307014465332,3.740187883377075
27,1,0,1.0,0.8,1.0,3.8385584354400635,6.081229209899902,2.981126308441162,5.009241580963135
27,1,0,1.0,0.8,2.0,2.24501895904541,3.471093714237213,3.3751087188720703,7.1501874923706055
27,1,0,1.2,0.2,0.5,1.344987392425537,2.7847792506217957,3.3747668266296387,4.571524620056152
27,1,0,1.2,0.2,1.0,2.043612241744995,3.3574365377426147,3.5379297733306885,5.435722351074219
27,1,0,1.2,0.2,2.0,1.5579967498779297,2.2965282201766968,2.6344027519226074,4.681821346282959
27,1,0,1.2,0.5,0.5,0.8670790791511536,2.2154605388641357,3.8566031455993652,5.600296497344971
27,1,0,1.2,0.5,1.0,2.0538206100463867,3.391671657562256,3.5788636207580566,6.119169235229492
27,1,0,1.2,0.5,2.0,2.4032459259033203,3.3087897300720215,2.8006556034088135,5.738711357116699
27,1,0,1.2,0.8,0.5,0.8501942157745361,1.5863069295883179,4.230490207672119,6.3945465087890625
27,1,0,1.2,0.8,1.0,1.9046915769577026,1.9007234573364258,3.26248836517334,6.1792802810668945
27,1,0,1.2,0.8,2.0,2.2315125465393066,3.482334315776825,3.5386905670166016,8.06464672088623
27,1,1,0.8,0.2,0.5,3.0755317211151123,4.408128440380096,1.7624452114105225,2.192017078399658
27,1,1,0.8,0.2,1.0,3.393512010574341,4.32904988527298,1.9707555770874023,2.9914166927337646
27,1,1,0.8,0.2,2.0,2.4804611206054688,2.9097574949264526,2.114180326461792,3.5036778450012207
27,1,1,0.8,0.5,0.5,3.1286613941192627,4.022324979305267,1.9104200601577759,2.399414539337158
27,1,1,0.8,0.5,1.0,2.2021772861480713,3.5713735818862915,2.0556442737579346,3.1842339038848877
27,1,1,0.8,0.5,2.0,2.5900020599365234,3.6110246777534485,2.3298518657684326,4.236440658569336
27,1,1,0.8,0.8,0.5,3.4851627349853516,4.554505467414856,1.9817558526992798,2.6532373428344727
27,1,1,0.8,0.8,1.0,2.3321950435638428,4.110804975032806,2.3994579315185547,4.055981159210205
27,1,1,0.8,0.8,2.0,1.0303223133087158,1.0282553434371948,2.5691230297088623,4.985325336456299
27,1,1,1.0,0.2,0.5,2.956989288330078,4.4960930943489075,2.520348310470581,3.0974183082580566
27,1,1,1.0,0.2,1.0,1.7938942909240723,3.155530273914337,2.269022226333618,3.341761589050293
27,1,1,1.0,0.2,2.0,0.9861560463905334,2.5954509377479553,2.447977066040039,4.575270652770996
27,1,1,1.0,0.5,0.5,3.044386386871338,4.6690833568573,2.8519511222839355,3.8497462272644043
27,1,1,1.0,0.5,1.0,2.2010984420776367,3.842922627925873,2.258380889892578,3.655730724334717
27,1,1,1.0,0.5,2.0,1.1191998720169067,1.4838682413101196,3.3000049591064453,6.4569549560546875
27,1,1,1.0,0.8,0.5,4.329493999481201,6.316372871398926,2.641998767852783,3.638697624206543
27,1,1,1.0,0.8,1.0,2.5727875232696533,4.656570136547089,2.643237590789795,4.38709020614624
27,1,1,1.0,0.8,2.0,1.928203821182251,2.336461663246155,3.060134172439575,6.164333820343018
27,1,1,1.2,0.2,0.5,1.2224783897399902,2.6151979565620422,3.4412734508514404,4.992349147796631
27,1,1,1.2,0.2,1.0,2.1801819801330566,3.1538848280906677,3.009929895401001,4.831729412078857
27,1,1,1.2,0.2,2.0,1.723351001739502,2.477794110774994,2.3905820846557617,4.294259071350098
27,1,1,1.2,0.5,0.5,0.629010021686554,1.6967345476150513,3.8388121128082275,5.572852611541748
27,1,1,1.2,0.5,1.0,0.7394483685493469,0.7194429636001587,4.261999607086182,7.156601905822754
27,1,1,1.2,0.5,2.0,1.2532762289047241,2.1938178539276123,2.7554891109466553,5.439740180969238
27,1,1,1.2,0.8,0.5,1.5133802890777588,2.91627299785614,4.140012741088867,6.219346046447754
27,1,1,1.2,0.8,1.0,3.8896002769470215,6.357446193695068,3.520087957382202,6.7110276222229
27,1,1,1.2,0.8,2.0,2.8833107948303223,3.8151198029518127,3.6174142360687256,7.925553798675537
27,1,2,0.8,0.2,0.5,1.9428915977478027,3.7051724195480347,1.8436267375946045,2.256309986114502
27,1,2,0.8,0.2,1.0,2.966836929321289,4.723763108253479,1.9206290245056152,2.9196221828460693
27,1,2,0.8,0.2,2.0,1.6481733322143555,2.6488524079322815,2.1511576175689697,3.6506426334381104
27,1,2,0.8,0.5,0.5,3.4075822830200195,5.111621618270874,1.8472270965576172,2.3589348793029785
27,1,2,0.8,0.5,1.0,1.6799055337905884,2.486485481262207,2.206968069076538,3.340616464614868
27,1,2,0.8,0.5,2.0,1.6672735214233398,2.733617424964905,2.4939475059509277,4.809957504272461
27,1,2,0.8,0.8,0.5,4.141407012939453,6.299336314201355,1.9169496297836304,2.5847363471984863
27,1,2,0.8,0.8,1.0,2.25439453125,3.001351475715637,2.2147109508514404,3.53644061088562
27,1,2,0.8,0.8,2.0,1.6847052574157715,2.5842848420143127,3.0416653156280518,6.180752754211426
27,1,2,1.0,0.2,0.5,3.431257486343384,5.264021456241608,1.8023217916488647,2.3371386528015137
27,1,2,1.0,0.2,1.0,1.421714186668396,2.6364490389823914,2.2490806579589844,3.4274661540985107
27,1,2,1.0,0.2,2.0,1.212798833847046,1.525317370891571,2.3435299396514893,4.024144649505615
27,1,2,1.0,0.5,0.5,3.2021918296813965,4.810356855392456,2.032278537750244,2.693419933319092
27,1,2,1.0,0.5,1.0,2.5485472679138184,3.355626165866852,2.6166832447052,4.2792277336120605
27,1,2,1.0,0.5,2.0,0.9769780039787292,1.383487045764923,2.8593554496765137,5.41836404800415
27,1,2,1.0,0.8,0.5,3.2095205783843994,4.144352436065674,2.445510149002075,3.3055083751678467
27,1,2,1.0,0.8,1.0,2.8469576835632324,4.193790972232819,3.0912556648254395,5.223079204559326
27,1,2,1.0,0.8,2.0,1.4059267044067383,2.447416841983795,2.851910352706909,5.998468399047852
27,1,2,1.2,0.2,0.5,1.338179111480713,3.4733760952949524,3.286166191101074,4.6988205909729
27,1,2,1.2,0.2,1.0,2.51631498336792,3.2675639390945435,2.230276346206665,3.751315116882324
27,1,2,1.2,0.2,2.0,1.3599803447723389,2.5736265182495117,2.367366313934326,4.283746719360352
27,1,2,1.2,0.5,0.5,0.5486224293708801,1.0944793224334717,3.7712972164154053,5.5367255210876465
27,1,2,1.2,0.5,1.0,1.0325191020965576,1.1904914379119873,4.062311172485352,6.705542087554932
27,1,2,1.2,0.5,2.0,0.9248413443565369,1.4099323749542236,3.0686042308807373,6.12772274017334
27,1,2,1.2,0.8,0.5,1.7304943799972534,2.776440143585205,4.418792724609375,7.0051493644714355
27,1,2,1.2,0.8,1.0,2.882721424102783,3.518649458885193,3.692192792892456,6.6233367919921875
27,1,2,1.2,0.8,2.0,2.9079692363739014,3.7603906989097595,3.9371418952941895,8.919178009033203
27,1,3,0.8,0.2,0.5,3.2761714458465576,4.3962244391441345,1.7258176803588867,2.234851360321045
27,1,3,0.8,0.2,1.0,2.894212484359741,4.142996966838837,2.0033767223358154,3.046314001083374
27,1,3,0.8,0.2,2.0,1.9433996677398682,2.8887521624565125,2.085580825805664,3.3632655143737793
27,1,3,0.8,0.5,0.5,2.658818483352661,3.1651005148887634,1.9076179265975952,2.4711978435516357
27,1,3,0.8,0.5,1.0,2.236335515975952,3.4715928435325623,2.013090133666992,3.197720766067505
27,1,3,0.8,0.5,2.0,2.558014154434204,3.5136091113090515,2.5575475692749023,4.799846172332764
27,1,3,0.8,0.8,0.5,3.9173150062561035,5.767388164997101,1.9818137884140015,2.641411781311035
27,1,3,0.8,0.8,1.0,3.435638904571533,5.629332959651947,2.4114508628845215,3.917367935180664
27,1,3,0.8,0.8,2.0,1.3571536540985107,2.197159469127655,2.5781848430633545,5.0341267585754395
27,1,3,1.0,0.2,0.5,3.1662044525146484,4.891498684883118,2.272792100906372,2.8676230907440186
27,1,3,1.0,0.2,1.0,2.060281753540039,3.2742804884910583,2.544416904449463,3.917943239212036
27,1,3,1.0,0.2,2.0,1.9649076461791992,3.5624111890792847,2.446927547454834,4.221719264984131
27,1,3,1.0,0.5,0.5,2.8834500312805176,4.079771637916565,2.0238122940063477,2.6607635021209717
27,1,3,1.0,0.5,1.0,2.880768060684204,4.558875620365143,2.452090263366699,3.8941164016723633
27,1,3,1.0,0.5,2.0,1.6217635869979858,2.058990478515625,2.6412010192871094,5.097511291503906
27,1,3,1.0,0.8,0.5,3.357945442199707,5.538322150707245,3.013554573059082,3.9999101161956787
27,1,3,1.0,0.8,1.0,2.667313575744629,3.6449397206306458,2.7808265686035156,4.757701873779297
27,1,3,1.0,0.8,2.0,1.2119476795196533,1.9973469376564026,3.4724273681640625,7.287923336029053
27,1,3,1.2,0.2,0.5,0.6327620148658752,1.292660892009735,3.3997223377227783,4.765217304229736
27,1,3,1.2,0.2,1.0,2.204408884048462,4.027866542339325,2.927157163619995,4.9449849128723145
27,1,3,1.2,0.2,2.0,0.24036478996276855,0.616827666759491,2.9549100399017334,5.355493068695068
27,1,3,1.2,0.5,0.5,0.6711023449897766,1.3295349478721619,3.8023788928985596,5.556443214416504
27,1,3,1.2,0.5,1.0,1.8075757026672363,2.901684880256653,3.716656446456909,6.528631210327148
27,1,3,1.2,0.5,2.0,0.7702381014823914,0.8081364631652832,3.6695611476898193,7.649803161621094
27,1,3,1.2,0.8,0.5,1.8651087284088135,3.3107044100761414,4.226804256439209,6.563379287719727
27,1,3,1.2,0.8,1.0,1.7407560348510742,2.284171164035797,4.087369441986084,7.6162614822387695
27,1,3,1.2,0.8,2.0,1.7694891691207886,2.677737295627594,4.018826961517334,8.818944931030273
27,1,4,0.8,0.2,0.5,3.0578794479370117,5.084247291088104,1.6134103536605835,2.0099756717681885
27,1,4,0.8,0.2,1.0,2.685431957244873,4.522935330867767,1.8154590129852295,2.7224912643432617
27,1,4,0.8,0.2,2.0,2.180490493774414,3.1739063262939453,2.159432888031006,3.560650110244751
27,1,4,0.8,0.5,0.5,2.803708553314209,4.275415003299713,1.9983400106430054,2.608858108520508
27,1,4,0.8,0.5,1.0,2.789462089538574,3.8761767745018005,2.145217180252075,3.4153711795806885
27,1,4,0.8,0.5,2.0,2.234379529953003,3.2851943969726562,2.4880805015563965,4.583733081817627
27,1,4,0.8,0.8,0.5,3.875093936920166,4.790097236633301,2.250080108642578,3.0324130058288574
27,1,4,0.8,0.8,1.0,3.0307884216308594,3.4911328554153442,2.3301355838775635,3.836456537246704
27,1,4,0.8,0.8,2.0,2.709458112716675,3.646288573741913,3.0004897117614746,5.972383499145508
27,1,4,1.0,0.2,0.5,5.044554233551025,6.083172798156738,2.134103775024414,2.7556610107421875
27,1,4,1.0,0.2,1.0,1.6648504734039307,2.7613837122917175,2.4744467735290527,3.7559266090393066
27,1,4,1.0,0.2,2.0,0.7741573452949524,1.5965514183044434,2.451164960861206,4.30352258682251
27,1,4,1.0,0.5,0.5,3.863506317138672,4.769692897796631,2.3124890327453613,2.9577982425689697
27,1,4,1.0,0.5,1.0,2.1805341243743896,3.06016606092453,2.5754852294921875,4.0697922706604
27,1,4,1.0,0.5,2.0,1.5664055347442627,2.8957929015159607,2.685251474380493,5.294376850128174
27,1,4,1.0,0.8,0.5,4.028720855712891,5.938175201416016,2.3839166164398193,3.1573426723480225
27,1,4,1.0,0.8,1.0,1.9033880233764648,1.933018147945404,2.6970083713531494,4.494213581085205
27,1,4,1.0,0.8,2.0,1.7034738063812256,3.4802249670028687,3.429694175720215,7.339153289794922
27,1,4,1.2,0.2,0.5,0.46372830867767334,1.665158748626709,3.38260555267334,4.949727535247803
27,1,4,1.2,0.2,1.0,2.576409339904785,3.774783492088318,2.925936698913574,4.650441646575928
27,1,4,1.2,0.2,2.0,1.621551275253296,2.376064717769623,2.7627763748168945,4.961761474609375
27,1,4,1.2,0.5,0.5,0.6203861832618713,2.138312339782715,3.783616781234741,5.8525567054748535
27,1,4,1.2,0.5,1.0,2.5425028800964355,3.5914295315742493,2.8741281032562256,4.952425003051758
27,1,4,1.2,0.5,2.0,1.2377893924713135,1.5614061951637268,3.6048190593719482,7.392527103424072
27,1,4,1.2,0.8,0.5,1.8268994092941284,3.384057879447937,4.405414581298828,6.740847587585449
27,1,4,1.2,0.8,1.0,1.294994592666626,2.7090263962745667,2.937502384185791,5.4204607009887695
27,1,4,1.2,0.8,2.0,1.7919750213623047,2.6294257640838623,3.3690340518951416,7.545134544372559
28,1,0,0.8,0.2,0.5,2.862138271331787,4.204288005828857,1.711421012878418,2.2097206115722656
28,1,0,0.8,0.2,1.0,1.9372632503509521,3.6791332364082336,2.008028268814087,2.9750797748565674
28,1,0,0.8,0.2,2.0,1.788041114807129,3.1318634152412415,2.1189987659454346,3.5491645336151123
28,1,0,0.8,0.5,0.5,4.070080757141113,5.872506082057953,1.9767154455184937,2.566716432571411
28,1,0,0.8,0.5,1.0,2.419532060623169,3.8262484073638916,2.2246177196502686,3.6463470458984375
28,1,0,0.8,0.5,2.0,1.048563838005066,1.6047132015228271,2.322362184524536,4.173187732696533
28,1,0,0.8,0.8,0.5,3.2630953788757324,5.25790411233902,2.259775400161743,3.0389325618743896
28,1,0,0.8,0.8,1.0,3.619086503982544,5.228498220443726,2.622800827026367,4.2009596824646
28,1,0,0.8,0.8,2.0,2.6297950744628906,3.8720964193344116,2.636247158050537,5.188539981842041
28,1,0,1.0,0.2,0.5,3.4806206226348877,5.520869255065918,1.9281543493270874,2.3237545490264893
28,1,0,1.0,0.2,1.0,1.9517121315002441,3.89809787273407,2.42829966545105,3.687072992324829
28,1,0,1.0,0.2,2.0,1.9126232862472534,2.5079910159111023,2.316262722015381,4.067337989807129
28,1,0,1.0,0.5,0.5,2.3694663047790527,3.307545781135559,2.6951804161071777,3.5089008808135986
28,1,0,1.0,0.5,1.0,1.7182741165161133,2.463644564151764,2.838655710220337,4.558969497680664
28,1,0,1.0,0.5,2.0,1.5106419324874878,1.9048752784729004,2.9612698554992676,5.793139934539795
28,1,0,1.0,0.8,0.5,2.138225793838501,3.7769582271575928,2.8061001300811768,3.7972257137298584
28,1,0,1.0,0.8,1.0,3.0182273387908936,4.947289943695068,2.483623743057251,4.105989933013916
28,1,0,1.0,0.8,2.0,2.597332239151001,4.28084671497345,3.256812810897827,6.827571392059326
28,1,0,1.2,0.2,0.5,1.1567341089248657,2.3922603130340576,3.3556745052337646,4.759369850158691
28,1,0,1.2,0.2,1.0,2.541743755340576,3.7887250781059265,3.2807915210723877,4.890069961547852
28,1,0,1.2,0.2,2.0,1.4085745811462402,1.9767719507217407,2.4801878929138184,4.443425178527832
28,1,0,1.2,0.5,0.5,1.209578037261963,1.7079534530639648,3.8532392978668213,6.036487579345703
28,1,0,1.2,0.5,1.0,1.1316893100738525,1.806537389755249,2.567031145095825,4.244891166687012
28,1,0,1.2,0.5,2.0,0.5494720935821533,0.6619732975959778,3.6218550205230713,7.175798416137695
28,1,0,1.2,0.8,0.5,0.9376364946365356,1.8078795075416565,4.2821125984191895,6.697070598602295
28,1,0,1.2,0.8,1.0,1.5079401731491089,2.6086820363998413,5.045197486877441,9.191925048828125
28,1,0,1.2,0.8,2.0,2.3487987518310547,3.592461049556732,3.7435128688812256,8.039347648620605
28,1,1,0.8,0.2,0.5,4.251316070556641,5.740011036396027,1.808370590209961,2.2895212173461914
28,1,1,0.8,0.2,1.0,3.550220489501953,4.804074168205261,1.872719168663025,2.674445152282715
28,1,1,0.8,0.2,2.0,1.3287780284881592,2.491660714149475,2.290126323699951,3.9853410720825195
28,1,1,0.8,0.5,0.5,2.6655561923980713,4.418003499507904,1.831486701965332,2.404412269592285
28,1,1,0.8,0.5,1.0,2.596329689025879,3.6067429780960083,2.170222043991089,3.3915324211120605
28,1,1,0.8,0.5,2.0,2.356196403503418,3.879107892513275,2.3221678733825684,4.2563395500183105
28,1,1,0.8,0.8,0.5,4.185469150543213,4.902749419212341,2.128197431564331,2.754916191101074
28,1,1,0.8,0.8,1.0,2.8212432861328125,4.4327980279922485,2.464801073074341,3.920865774154663
28,1,1,0.8,0.8,2.0,2.492802619934082,3.807661473751068,2.5803322792053223,4.929431915283203
28,1,1,1.0,0.2,0.5,4.3627166748046875,6.421686172485352,2.105795383453369,2.8402576446533203
28,1,1,1.0,0.2,1.0,2.200098991394043,2.355083465576172,2.6761910915374756,3.9929332733154297
28,1,1,1.0,0.2,2.0,1.5634039640426636,1.9149101376533508,2.841323137283325,5.229729175567627
28,1,1,1.0,0.5,0.5,2.982912063598633,3.4824845790863037,2.3326032161712646,3.077000856399536
28,1,1,1.0,0.5,1.0,1.3402459621429443,2.3413196206092834,2.5417306423187256,3.973449230194092
28,1,1,1.0,0.5,2.0,1.7130563259124756,1.7483521103858948,2.6934728622436523,5.272596836090088
28,1,1,1.0,0.8,0.5,4.119627475738525,6.371398508548737,2.218839406967163,2.9586946964263916
28,1,1,1.0,0.8,1.0,3.2327287197113037,4.557931840419769,2.9243147373199463,4.8629584312438965
28,1,1,1.0,0.8,2.0,1.6797963380813599,2.513273060321808,3.1701722145080566,6.571048736572266
28,1,1,1.2,0.2,0.5,1.616490364074707,2.668837785720825,3.3036415576934814,4.969417095184326
28,1,1,1.2,0.2,1.0,1.736889123916626,2.7496224641799927,3.4049980640411377,5.296875953674316
28,1,1,1.2,0.2,2.0,1.3922895193099976,2.030586302280426,2.425767183303833,4.20735502243042
28,1,1,1.2,0.5,0.5,1.148923397064209,2.47540420293808,3.886626958847046,5.6440839767456055
28,1,1,1.2,0.5,1.0,1.5217934846878052,2.625329375267029,3.5631113052368164,5.848458766937256
28,1,1,1.2,0.5,2.0,0.48381346464157104,1.119791567325592,3.561835289001465,7.072473526000977
28,1,1,1.2,0.8,0.5,0.4978677034378052,0.8483462333679199,4.290835857391357,6.615158557891846
28,1,1,1.2,0.8,1.0,2.141613245010376,2.177731931209564,4.894285202026367,9.047977447509766
28,1,1,1.2,0.8,2.0,1.709411859512329,2.015610992908478,3.811542272567749,8.53678035736084
28,1,2,0.8,0.2,0.5,2.842440605163574,3.8027344942092896,1.6865557432174683,2.142498016357422
28,1,2,0.8,0.2,1.0,2.720444679260254,3.8454118371009827,1.9026637077331543,2.764965772628784
28,1,2,0.8,0.2,2.0,2.2891573905944824,3.0859954953193665,2.0807273387908936,3.497199296951294
28,1,2,0.8,0.5,0.5,3.120649576187134,4.577493369579315,1.9536410570144653,2.5998895168304443
28,1,2,0.8,0.5,1.0,2.4626636505126953,3.2620444893836975,2.2805352210998535,3.4794483184814453
28,1,2,0.8,0.5,2.0,1.9460599422454834,2.983025848865509,2.314284086227417,4.272703170776367
28,1,2,0.8,0.8,0.5,4.012271404266357,5.841741561889648,2.502727746963501,3.3515267372131348
28,1,2,0.8,0.8,1.0,1.8483580350875854,3.4489381909370422,2.208033323287964,3.556750535964966
28,1,2,0.8,0.8,2.0,2.129478693008423,3.901776373386383,2.651691198348999,5.3048319816589355
28,1,2,1.0,0.2,0.5,3.1955959796905518,5.014212012290955,2.6146717071533203,3.2058944702148438
28,1,2,1.0,0.2,1.0,1.7765357494354248,3.510534167289734,2.1296021938323975,3.1895124912261963
28,1,2,1.0,0.2,2.0,1.9026161432266235,2.7447476387023926,2.541450023651123,4.469244003295898
28,1,2,1.0,0.5,0.5,2.966658115386963,4.076297283172607,2.4590907096862793,3.205963373184204
28,1,2,1.0,0.5,1.0,1.9674266576766968,3.3725810050964355,2.8393008708953857,4.52690315246582
28,1,2,1.0,0.5,2.0,0.8598841428756714,1.180090844631195,2.665235996246338,5.162227153778076
28,1,2,1.0,0.8,0.5,4.005391597747803,5.477484345436096,2.8228073120117188,3.9238264560699463
28,1,2,1.0,0.8,1.0,3.4088494777679443,4.400287866592407,2.7196993827819824,4.444479942321777
28,1,2,1.0,0.8,2.0,1.8012776374816895,2.8372660875320435,2.892458200454712,6.082194805145264
28,1,2,1.2,0.2,0.5,1.46510648727417,3.3831252455711365,3.4024739265441895,4.6477227210998535
28,1,2,1.2,0.2,1.0,1.6354159116744995,2.61871737241745,2.893291473388672,4.64455509185791
28,1,2,1.2,0.2,2.0,1.0266566276550293,1.4938821196556091,2.44079327583313,4.69446325302124
28,1,2,1.2,0.5,0.5,0.5986112952232361,1.181133508682251,3.6940414905548096,5.633528232574463
28,1,2,1.2,0.5,1.0,2.107382297515869,3.706725776195526,3.646641254425049,6.337649345397949
28,1,2,1.2,0.5,2.0,1.3654398918151855,2.123223662376404,2.778022289276123,5.734572887420654
28,1,2,1.2,0.8,0.5,1.975127935409546,3.5481863021850586,4.253983974456787,6.543243885040283
28,1,2,1.2,0.8,1.0,2.886601209640503,4.138684332370758,4.309441089630127,8.077446937561035
28,1,2,1.2,0.8,2.0,1.8560422658920288,3.0054014325141907,3.342772960662842,7.280815601348877
28,1,3,0.8,0.2,0.5,3.2179086208343506,4.779978156089783,1.7620569467544556,2.1615569591522217
28,1,3,0.8,0.2,1.0,2.689033031463623,3.6611384749412537,1.8335049152374268,2.7948153018951416
28,1,3,0.8,0.2,2.0,1.6350769996643066,2.4928438663482666,2.3334264755249023,3.976294755935669
28,1,3,0.8,0.5,0.5,3.086697578430176,4.458651661872864,1.83444082736969,2.4180305004119873
28,1,3,0.8,0.5,1.0,2.3976762294769287,3.5599184036254883,2.1616194248199463,3.331282377243042
28,1,3,0.8,0.5,2.0,1.8811171054840088,2.939548909664154,2.380067825317383,4.574175834655762
28,1,3,0.8,0.8,0.5,3.5802290439605713,5.070723712444305,2.1283812522888184,2.817845106124878
28,1,3,0.8,0.8,1.0,3.0918586254119873,4.661539673805237,2.2952394485473633,3.670145273208618
28,1,3,0.8,0.8,2.0,1.7732949256896973,1.7168000936508179,2.8141098022460938,5.551556587219238
28,1,3,1.0,0.2,0.5,4.219566822052002,5.373573660850525,2.156515598297119,2.8573622703552246
28,1,3,1.0,0.2,1.0,2.8776326179504395,4.557529807090759,2.202714204788208,3.416130542755127
28,1,3,1.0,0.2,2.0,2.297855854034424,3.449822187423706,2.2290453910827637,4.071341037750244
28,1,3,1.0,0.5,0.5,2.1945924758911133,2.889219582080841,2.124382734298706,2.9550232887268066
28,1,3,1.0,0.5,1.0,2.5791125297546387,2.8657800555229187,2.3847484588623047,3.753427028656006
28,1,3,1.0,0.5,2.0,0.82338947057724,1.4773430824279785,2.964601516723633,5.662812232971191
28,1,3,1.0,0.8,0.5,3.7254936695098877,5.742712020874023,2.670872926712036,3.6468141078948975
28,1,3,1.0,0.8,1.0,2.447099208831787,3.4066368341445923,3.100724697113037,5.140763759613037
28,1,3,1.0,0.8,2.0,1.4824225902557373,2.6382519006729126,3.1232571601867676,6.41254186630249
28,1,3,1.2,0.2,0.5,1.1924891471862793,2.9020914435386658,3.479733467102051,5.001792907714844
28,1,3,1.2,0.2,1.0,2.127704620361328,3.1126970648765564,2.6984143257141113,4.206056594848633
28,1,3,1.2,0.2,2.0,0.7535912394523621,1.5294119119644165,2.85439133644104,4.82942533493042
28,1,3,1.2,0.5,0.5,1.000643253326416,1.9509812593460083,3.7843339443206787,5.533639907836914
28,1,3,1.2,0.5,1.0,2.129549503326416,3.015850007534027,3.950151205062866,6.530486106872559
28,1,3,1.2,0.5,2.0,0.2583479881286621,0.4375362992286682,2.9363152980804443,5.911129474639893
28,1,3,1.2,0.8,0.5,2.4514451026916504,4.221974730491638,4.265323638916016,6.61119270324707
28,1,3,1.2,0.8,1.0,1.6974810361862183,1.72711181640625,4.194281578063965,7.709272384643555
28,1,3,1.2,0.8,2.0,1.4868412017822266,1.7349116802215576,3.8185086250305176,8.510618209838867
28,1,4,0.8,0.2,0.5,3.725321054458618,5.08351993560791,1.621923565864563,2.0386900901794434
28,1,4,0.8,0.2,1.0,2.900357246398926,4.1428680419921875,1.9055001735687256,2.855123996734619
28,1,4,0.8,0.2,2.0,1.7927682399749756,3.0236054062843323,2.0907034873962402,3.6457786560058594
28,1,4,0.8,0.5,0.5,3.2744367122650146,4.7212653160095215,2.1372883319854736,2.787205219268799
28,1,4,0.8,0.5,1.0,2.381355047225952,3.5112648010253906,2.2804086208343506,3.4573769569396973
28,1,4,0.8,0.5,2.0,1.817491054534912,2.2187198400497437,2.33447527885437,4.130197525024414
28,1,4,0.8,0.8,0.5,4.14780330657959,6.134298264980316,2.102158308029175,2.759010076522827
28,1,4,0.8,0.8,1.0,2.112423896789551,3.5327205657958984,2.4467384815216064,3.881990432739258
28,1,4,0.8,0.8,2.0,2.3918232917785645,3.3761995434761047,2.966360569000244,5.9633684158325195
28,1,4,1.0,0.2,0.5,4.028968811035156,5.915651619434357,2.5018904209136963,3.112715244293213
28,1,4,1.0,0.2,1.0,2.7021546363830566,4.166233122348785,2.1633646488189697,3.0966033935546875
28,1,4,1.0,0.2,2.0,1.5257543325424194,2.2075857520103455,2.6665074825286865,4.5451531410217285
28,1,4,1.0,0.5,0.5,1.4826607704162598,2.129678785800934,2.5377655029296875,3.2399868965148926
28,1,4,1.0,0.5,1.0,2.0541272163391113,3.073696196079254,2.5113391876220703,4.062851428985596
28,1,4,1.0,0.5,2.0,1.6144781112670898,2.5759339332580566,2.6544604301452637,5.029697895050049
28,1,4,1.0,0.8,0.5,3.218940258026123,5.876323997974396,2.2985026836395264,3.11490535736084
28,1,4,1.0,0.8,1.0,3.787396192550659,4.14817351102829,2.7314038276672363,4.474776744842529
28,1,4,1.0,0.8,2.0,2.3569083213806152,2.3884716629981995,3.4672741889953613,7.177999496459961
28,1,4,1.2,0.2,0.5,0.7078753709793091,2.0493268966674805,3.4184699058532715,4.9339118003845215
28,1,4,1.2,0.2,1.0,2.4579813480377197,4.2257813811302185,2.2823801040649414,3.4530112743377686
28,1,4,1.2,0.2,2.0,1.9257038831710815,2.9235931634902954,2.9280407428741455,5.210345268249512
28,1,4,1.2,0.5,0.5,0.957453191280365,1.843583881855011,3.8043503761291504,5.592250823974609
28,1,4,1.2,0.5,1.0,1.937268614768982,3.1881917119026184,2.774120807647705,5.136458873748779
28,1,4,1.2,0.5,2.0,1.6974072456359863,2.2263535261154175,3.026571273803711,6.027533054351807
28,1,4,1.2,0.8,0.5,1.9039888381958008,3.341742515563965,4.3614726066589355,6.636472225189209
28,1,4,1.2,0.8,1.0,0.6171965003013611,1.1725980043411255,4.26657772064209,7.791605472564697
28,1,4,1.2,0.8,2.0,1.3870203495025635,2.2012051939964294,3.5968048572540283,7.934004783630371
29,1,0,0.8,0.2,0.5,3.549028158187866,4.944521903991699,1.9320498704910278,2.431253671646118
29,1,0,0.8,0.2,1.0,2.6312339305877686,3.218445122241974,2.2956161499023438,3.442355155944824
29,1,0,0.8,0.2,2.0,2.081892967224121,2.700251877307892,2.200331449508667,3.724815607070923
29,1,0,0.8,0.5,0.5,4.129627227783203,5.841460227966309,1.8978564739227295,2.377497434616089
29,1,0,0.8,0.5,1.0,2.555448532104492,4.003710985183716,2.1012933254241943,3.246556282043457
29,1,0,0.8,0.5,2.0,1.786044955253601,2.6519225239753723,2.4742114543914795,4.462157726287842
29,1,0,0.8,0.8,0.5,2.928934097290039,4.634220719337463,1.9858099222183228,2.668367624282837
29,1,0,0.8,0.8,1.0,3.058187246322632,5.068997025489807,2.3988101482391357,3.8819923400878906
29,1,0,0.8,0.8,2.0,1.8692891597747803,2.7976714372634888,2.6803371906280518,5.169819355010986
29,1,0,1.0,0.2,0.5,3.5374596118927,5.114919424057007,1.8637580871582031,2.345407009124756
29,1,0,1.0,0.2,1.0,2.426490068435669,3.311130166053772,2.2256762981414795,3.4086227416992188
29,1,0,1.0,0.2,2.0,2.0416479110717773,3.312698543071747,2.3267810344696045,3.8404288291931152
29,1,0,1.0,0.5,0.5,3.1996946334838867,4.993339121341705,2.7012572288513184,3.610870599746704
29,1,0,1.0,0.5,1.0,1.8820807933807373,2.708789587020874,3.157400369644165,5.021796226501465
29,1,0,1.0,0.5,2.0,1.1103274822235107,1.3837204575538635,2.8251752853393555,5.557819843292236
29,1,0,1.0,0.8,0.5,2.5264177322387695,4.353536546230316,2.2551538944244385,3.1923370361328125
29,1,0,1.0,0.8,1.0,1.9659723043441772,1.9656733274459839,2.626429796218872,4.413456439971924
29,1,0,1.0,0.8,2.0,1.8050074577331543,2.7883390188217163,2.9019293785095215,5.94167947769165
29,1,0,1.2,0.2,0.5,1.6004409790039062,3.074878990650177,3.1689884662628174,4.411603927612305
29,1,0,1.2,0.2,1.0,1.1898069381713867,2.4463807344436646,3.230161190032959,5.1683573722839355
29,1,0,1.2,0.2,2.0,1.769472360610962,2.5001295804977417,3.195894956588745,5.709972858428955
29,1,0,1.2,0.5,0.5,1.3895723819732666,2.0522185564041138,3.9666810035705566,5.962762355804443
29,1,0,1.2,0.5,1.0,1.501279354095459,1.5086941123008728,3.2963528633117676,5.943510055541992
29,1,0,1.2,0.5,2.0,1.6067750453948975,1.8622247576713562,3.163891077041626,6.495622158050537
29,1,0,1.2,0.8,0.5,1.6210922002792358,3.5229700803756714,4.103362560272217,6.351341247558594
29,1,0,1.2,0.8,1.0,2.07800555229187,2.9276150465011597,3.9436917304992676,7.3925909996032715
29,1,0,1.2,0.8,2.0,2.488295555114746,3.6237502694129944,4.001576900482178,8.774328231811523
29,1,1,0.8,0.2,0.5,3.331941604614258,5.911147475242615,1.7487109899520874,2.136420249938965
29,1,1,0.8,0.2,1.0,3.0362441539764404,4.184792995452881,2.1050262451171875,3.026632070541382
29,1,1,0.8,0.2,2.0,1.562159538269043,2.4349205493927,2.0675833225250244,3.6722073554992676
29,1,1,0.8,0.5,0.5,3.1224474906921387,4.296357452869415,1.9005593061447144,2.3796632289886475
29,1,1,0.8,0.5,1.0,2.854896068572998,4.055729329586029,2.1348447799682617,3.306411027908325
29,1,1,0.8,0.5,2.0,1.0246062278747559,1.33925199508667,2.4181015491485596,4.522637844085693
29,1,1,0.8,0.8,0.5,3.592461585998535,4.941468417644501,2.0631730556488037,2.790747880935669
29,1,1,0.8,0.8,1.0,1.1202013492584229,1.9049277901649475,2.829279661178589,4.583964824676514
29,1,1,0.8,0.8,2.0,1.9354636669158936,3.7600091695785522,2.6827611923217773,5.408989906311035
29,1,1,1.0,0.2,0.5,4.610889434814453,5.974966645240784,1.9993019104003906,2.462980270385742
29,1,1,1.0,0.2,1.0,2.705601453781128,3.971007823944092,2.332077741622925,3.6031341552734375
29,1,1,1.0,0.2,2.0,2.160256862640381,3.260427713394165,2.308476686477661,3.9111645221710205
29,1,1,1.0,0.5,0.5,3.3125014305114746,4.825197994709015,2.1857292652130127,2.8362390995025635
29,1,1,1.0,0.5,1.0,1.9825388193130493,3.304626226425171,2.25579571723938,3.715224027633667
29,1,1,1.0,0.5,2.0,1.224440336227417,2.305591881275177,2.499828577041626,4.817781925201416
29,1,1,1.0,0.8,0.5,4.049491882324219,5.576186537742615,2.20133376121521,3.0120601654052734
29,1,1,1.0,0.8,1.0,2.359503746032715,3.6608511805534363,2.9736149311065674,5.352555751800537
29,1,1,1.0,0.8,2.0,2.0610575675964355,3.088510751724243,3.4528589248657227,7.210268497467041
29,1,1,1.2,0.2,0.5,0.6151367425918579,2.0976651906967163,3.343687057495117,4.833117485046387
29,1,1,1.2,0.2,1.0,2.115103244781494,3.518503487110138,2.9222049713134766,4.59343957901001
29,1,1,1.2,0.2,2.0,1.5493437051773071,2.449244499206543,2.702213764190674,4.668199062347412
29,1,1,1.2,0.5,0.5,0.8974204659461975,1.4690393805503845,3.7674167156219482,5.5509772300720215
29,1,1,1.2,0.5,1.0,1.991821527481079,2.519847810268402,2.925499439239502,4.8376784324646
29,1,1,1.2,0.5,2.0,1.2134604454040527,1.601811707019806,3.0709824562072754,6.455694675445557
29,1,1,1.2,0.8,0.5,0.9947404861450195,2.3659921288490295,4.36334228515625,6.674582004547119
29,1,1,1.2,0.8,1.0,1.9615399837493896,2.032264828681946,4.634814739227295,8.773764610290527
29,1,1,1.2,0.8,2.0,2.628188133239746,3.4058151841163635,3.487541913986206,7.400376319885254
29,1,2,0.8,0.2,0.5,3.463848114013672,4.994022190570831,1.7449367046356201,2.274785041809082
29,1,2,0.8,0.2,1.0,2.396543025970459,3.9534271359443665,1.886572003364563,2.726515531539917
29,1,2,0.8,0.2,2.0,1.610671043395996,2.0636403560638428,2.0960628986358643,3.7022411823272705
29,1,2,0.8,0.5,0.5,4.221292018890381,5.740985035896301,2.001239776611328,2.632445812225342
29,1,2,0.8,0.5,1.0,3.097991943359375,4.591941237449646,2.0326123237609863,3.113213062286377
29,1,2,0.8,0.5,2.0,0.9151397347450256,1.6562612056732178,2.3404500484466553,4.383697032928467
29,1,2,0.8,0.8,0.5,2.518728017807007,3.734031617641449,1.9500956535339355,2.6145248413085938
29,1,2,0.8,0.8,1.0,2.7793006896972656,4.792993426322937,2.4905529022216797,3.988215923309326
29,1,2,0.8,0.8,2.0,2.604329824447632,3.441133677959442,2.6545541286468506,5.288299560546875
29,1,2,1.0,0.2,0.5,3.3035507202148438,5.115667760372162,1.9401204586029053,2.5028207302093506
29,1,2,1.0,0.2,1.0,1.8600645065307617,3.6259711384773254,2.194448709487915,3.264662027359009
29,1,2,1.0,0.2,2.0,1.3692203760147095,2.7445818185806274,2.5242764949798584,4.424172878265381
29,1,2,1.0,0.5,0.5,2.7781624794006348,4.38785195350647,2.4060990810394287,3.175663709640503
29,1,2,1.0,0.5,1.0,2.1839354038238525,3.092381715774536,2.8458564281463623,4.5282301902771
29,1,2,1.0,0.5,2.0,1.999413251876831,2.790531814098358,2.50542950630188,4.737344741821289
29,1,2,1.0,0.8,0.5,4.171242713928223,6.013959348201752,2.4731767177581787,3.365572929382324
29,1,2,1.0,0.8,1.0,3.3972978591918945,5.167198538780212,2.599546194076538,4.494434356689453
29,1,2,1.0,0.8,2.0,2.430102825164795,3.5514963269233704,3.418970823287964,7.118427276611328
29,1,2,1.2,0.2,0.5,0.3932065963745117,0.9321932196617126,3.3624303340911865,4.807076930999756
29,1,2,1.2,0.2,1.0,2.0678863525390625,3.842545747756958,2.2532529830932617,3.7651729583740234
29,1,2,1.2,0.2,2.0,0.941053032875061,1.1543332934379578,2.881410837173462,5.223746299743652
29,1,2,1.2,0.5,0.5,0.7760245203971863,1.6574484705924988,3.859133720397949,5.817963123321533
29,1,2,1.2,0.5,1.0,1.8370165824890137,2.7204924821853638,3.695754289627075,6.037067890167236
29,1,2,1.2,0.5,2.0,1.4783906936645508,2.0223947763442993,2.8223841190338135,5.76108455657959
29,1,2,1.2,0.8,0.5,0.9833402633666992,2.7412320375442505,4.349958419799805,6.807543754577637
29,1,2,1.2,0.8,1.0,1.3345093727111816,1.2950384020805359,3.2882373332977295,6.136280536651611
29,1,2,1.2,0.8,2.0,1.9487342834472656,3.2966583967208862,3.385850191116333,7.164900779724121
29,1,3,0.8,0.2,0.5,3.221689224243164,4.931541740894318,1.659279704093933,2.1151723861694336
29,1,3,0.8,0.2,1.0,2.4037845134735107,3.1206343173980713,2.0134904384613037,3.0456936359405518
29,1,3,0.8,0.2,2.0,2.2073562145233154,2.8360661268234253,2.2129971981048584,3.675828456878662
29,1,3,0.8,0.5,0.5,3.2911274433135986,4.482338547706604,2.0511045455932617,2.6749649047851562
29,1,3,0.8,0.5,1.0,2.2873404026031494,4.160785675048828,2.030101776123047,3.1883513927459717
29,1,3,0.8,0.5,2.0,2.1130547523498535,3.214577853679657,2.379875898361206,4.57658576965332
29,1,3,0.8,0.8,0.5,4.139843463897705,5.3736825585365295,1.945425271987915,2.565826892852783
29,1,3,0.8,0.8,1.0,2.7717154026031494,5.011653780937195,2.2831950187683105,3.667748212814331
29,1,3,0.8,0.8,2.0,1.980872392654419,3.5236791372299194,2.5631027221679688,4.848783493041992
29,1,3,1.0,0.2,0.5,4.092729568481445,5.241186738014221,1.9902175664901733,2.6638824939727783
29,1,3,1.0,0.2,1.0,2.424434185028076,3.7027830481529236,2.3143341541290283,3.368572235107422
29,1,3,1.0,0.2,2.0,1.7142457962036133,2.412280321121216,2.5277152061462402,4.420710563659668
29,1,3,1.0,0.5,0.5,3.017122745513916,4.255642890930176,2.1882901191711426,2.8399200439453125
29,1,3,1.0,0.5,1.0,3.037842035293579,4.401218414306641,2.5867624282836914,4.182748317718506
29,1,3,1.0,0.5,2.0,0.9061558246612549,1.1094571352005005,2.6439995765686035,5.0699872970581055
29,1,3,1.0,0.8,0.5,2.5728399753570557,3.2951806783676147,2.4568519592285156,3.245918035507202
29,1,3,1.0,0.8,1.0,2.4064061641693115,3.428653061389923,3.103884220123291,5.21923828125
29,1,3,1.0,0.8,2.0,1.724126935005188,2.6518768668174744,3.2575571537017822,6.697780609130859
29,1,3,1.2,0.2,0.5,0.9230560064315796,1.4925490021705627,3.3203935623168945,4.616723537445068
29,1,3,1.2,0.2,1.0,1.9126275777816772,3.669780969619751,2.7112514972686768,4.519307613372803
29,1,3,1.2,0.2,2.0,1.6611082553863525,2.3445727825164795,2.4970180988311768,4.700976371765137
29,1,3,1.2,0.5,0.5,1.501112699508667,1.9952996373176575,3.7934961318969727,5.544617176055908
29,1,3,1.2,0.5,1.0,1.5817713737487793,2.7992512583732605,3.079235553741455,5.0793633460998535
29,1,3,1.2,0.5,2.0,0.7780605554580688,1.5069230794906616,3.26623272895813,6.350959777832031
29,1,3,1.2,0.8,0.5,2.0227041244506836,2.98616886138916,4.490135669708252,7.070529937744141
29,1,3,1.2,0.8,1.0,2.826826810836792,4.514749109745026,4.512301445007324,8.27425479888916
29,1,3,1.2,0.8,2.0,2.324338912963867,3.940952479839325,3.354243278503418,7.629528522491455
29,1,4,0.8,0.2,0.5,4.0674920082092285,5.315360963344574,1.784002423286438,2.3688948154449463
29,1,4,0.8,0.2,1.0,2.764500141143799,3.835834562778473,1.9943536520004272,3.02846360206604
29,1,4,0.8,0.2,2.0,1.7672075033187866,2.754097878932953,2.1870856285095215,3.7928123474121094
29,1,4,0.8,0.5,0.5,3.9463415145874023,5.743211090564728,2.0371363162994385,2.6155405044555664
29,1,4,0.8,0.5,1.0,1.9594136476516724,2.9315338134765625,2.246504783630371,3.4876275062561035
29,1,4,0.8,0.5,2.0,1.8341492414474487,2.3969772458076477,2.5503859519958496,4.828779220581055
29,1,4,0.8,0.8,0.5,4.16882848739624,5.323477327823639,2.0119946002960205,2.7528250217437744
29,1,4,0.8,0.8,1.0,3.7091712951660156,5.016384661197662,2.2653238773345947,3.602543592453003
29,1,4,0.8,0.8,2.0,2.0353336334228516,3.6124861240386963,2.894529104232788,5.542924404144287
29,1,4,1.0,0.2,0.5,3.5334200859069824,5.280464828014374,2.278528928756714,2.8727824687957764
29,1,4,1.0,0.2,1.0,3.623060941696167,4.989391505718231,2.0778379440307617,3.2072668075561523
29,1,4,1.0,0.2,2.0,1.8899948596954346,2.346870720386505,2.243248462677002,4.119812488555908
29,1,4,1.0,0.5,0.5,3.334536075592041,5.034185111522675,2.1861655712127686,2.866663694381714
29,1,4,1.0,0.5,1.0,3.515493154525757,5.588774263858795,2.1705658435821533,3.510484457015991
29,1,4,1.0,0.5,2.0,0.7168959379196167,1.7142386436462402,2.927216053009033,5.913596153259277
29,1,4,1.0,0.8,0.5,4.234289646148682,5.825353562831879,2.350163221359253,3.360184907913208
29,1,4,1.0,0.8,1.0,2.9210658073425293,4.857255518436432,2.728937864303589,4.733449459075928
29,1,4,1.0,0.8,2.0,2.1595277786254883,3.4475356936454773,2.789926290512085,5.851426601409912
29,1,4,1.2,0.2,0.5,0.9166791439056396,1.9993370175361633,3.3805532455444336,4.945435047149658
29,1,4,1.2,0.2,1.0,1.6542041301727295,3.3732141256332397,2.8929433822631836,4.498722553253174
29,1,4,1.2,0.2,2.0,0.9176490902900696,1.2173937559127808,2.494643449783325,4.716161727905273
29,1,4,1.2,0.5,0.5,1.11202073097229,1.8199211955070496,3.911668062210083,5.546493053436279
29,1,4,1.2,0.5,1.0,1.1953387260437012,1.8668891191482544,3.570096254348755,6.084874629974365
29,1,4,1.2,0.5,2.0,0.9839596152305603,1.605739414691925,2.806992530822754,5.757498741149902
29,1,4,1.2,0.8,0.5,1.7750442028045654,1.7784166932106018,4.3877763748168945,6.876114368438721
29,1,4,1.2,0.8,1.0,1.9872479438781738,2.191221237182617,4.647257328033447,8.691828727722168
29,1,4,1.2,0.8,2.0,2.5409772396087646,3.065068483352661,3.575629234313965,7.6443772315979
30,1,0,0.8,0.2,0.5,3.0814013481140137,5.242591083049774,1.735853910446167,2.25787353515625
30,1,0,0.8,0.2,1.0,2.6617941856384277,4.074732959270477,1.9146409034729004,2.7606799602508545
30,1,0,0.8,0.2,2.0,2.1629467010498047,3.712149202823639,2.090900182723999,3.582975387573242
30,1,0,0.8,0.5,0.5,1.3525559902191162,1.9067531824111938,2.0931200981140137,2.7870242595672607
30,1,0,0.8,0.5,1.0,1.8391607999801636,3.061189889907837,2.1371891498565674,3.5030136108398438
30,1,0,0.8,0.5,2.0,1.475907564163208,1.6594491004943848,2.31771183013916,4.426165580749512
30,1,0,0.8,0.8,0.5,3.460911750793457,5.454225182533264,1.9702702760696411,2.6914961338043213
30,1,0,0.8,0.8,1.0,3.6121697425842285,4.526003897190094,2.5650391578674316,4.14450216293335
30,1,0,0.8,0.8,2.0,2.5699427127838135,4.363885760307312,2.595661163330078,5.106739044189453
30,1,0,1.0,0.2,0.5,3.3694558143615723,4.941560983657837,2.557827949523926,3.2653656005859375
30,1,0,1.0,0.2,1.0,2.2270851135253906,3.3181262612342834,2.082217216491699,2.9477105140686035
30,1,0,1.0,0.2,2.0,1.1739238500595093,1.841634452342987,2.3416590690612793,4.097379207611084
30,1,0,1.0,0.5,0.5,3.8870701789855957,4.643835961818695,2.7090046405792236,3.6504011154174805
30,1,0,1.0,0.5,1.0,1.8986544609069824,2.7629552483558655,2.716177225112915,4.382172107696533
30,1,0,1.0,0.5,2.0,1.7362569570541382,2.8360591530799866,2.721381187438965,5.387996196746826
30,1,0,1.0,0.8,0.5,4.383427143096924,5.630408227443695,2.433518409729004,3.229142665863037
30,1,0,1.0,0.8,1.0,3.304894208908081,5.317550182342529,2.9596030712127686,5.06780481338501
30,1,0,1.0,0.8,2.0,2.5397932529449463,3.6081456542015076,3.094226360321045,6.531623840332031
30,1,0,1.2,0.2,0.5,0.51385897397995,1.3326616287231445,3.5713000297546387,4.968159198760986
30,1,0,1.2,0.2,1.0,2.624872922897339,3.9397162795066833,2.2305638790130615,3.759751558303833
30,1,0,1.2,0.2,2.0,1.7119485139846802,3.2186314463615417,2.9326748847961426,5.310774326324463
30,1,0,1.2,0.5,0.5,1.8590366840362549,3.1462069749832153,3.7701568603515625,5.571506023406982
30,1,0,1.2,0.5,1.0,1.3088510036468506,1.9067804217338562,3.7955379486083984,6.148451328277588
30,1,0,1.2,0.5,2.0,2.141812324523926,2.540315628051758,3.221893548965454,6.145852565765381
30,1,0,1.2,0.8,0.5,1.6531009674072266,1.6357684135437012,4.342329025268555,6.828927993774414
30,1,0,1.2,0.8,1.0,1.484147548675537,1.489996612071991,4.844851016998291,8.875917434692383
30,1,0,1.2,0.8,2.0,1.2199783325195312,1.9653798341751099,3.5895416736602783,8.049116134643555
30,1,1,0.8,0.2,0.5,3.649500608444214,5.801502108573914,1.823574185371399,2.2866361141204834
30,1,1,0.8,0.2,1.0,4.090105056762695,5.877237141132355,1.9778964519500732,2.868706703186035
30,1,1,0.8,0.2,2.0,1.384703516960144,2.2083230018615723,2.05609130859375,3.718392848968506
30,1,1,0.8,0.5,0.5,2.9185800552368164,4.12790310382843,1.9728014469146729,2.5918402671813965
30,1,1,0.8,0.5,1.0,2.7256622314453125,4.202729880809784,1.9825400114059448,3.018603801727295
30,1,1,0.8,0.5,2.0,0.8214989304542542,1.2722578048706055,2.31610369682312,4.079678535461426
30,1,1,0.8,0.8,0.5,3.6066713333129883,5.4228821992874146,2.0970146656036377,2.794983148574829
30,1,1,0.8,0.8,1.0,3.1251416206359863,4.095223069190979,2.5523760318756104,4.109376907348633
30,1,1,0.8,0.8,2.0,2.6419949531555176,3.643395960330963,2.561826229095459,5.047325611114502
30,1,1,1.0,0.2,0.5,4.264542102813721,6.179155886173248,1.9093562364578247,2.334439992904663
30,1,1,1.0,0.2,1.0,2.2453694343566895,4.069004714488983,2.281978130340576,3.364629030227661
30,1,1,1.0,0.2,2.0,1.559197187423706,2.730975031852722,2.4715025424957275,4.5300612449646
30,1,1,1.0,0.5,0.5,3.393728256225586,5.016390860080719,2.6670572757720947,3.533456325531006
30,1,1,1.0,0.5,1.0,2.994600296020508,4.313012599945068,2.3587114810943604,3.77150821685791
30,1,1,1.0,0.5,2.0,0.36510658264160156,0.46129584312438965,3.1137423515319824,5.903225898742676
30,1,1,1.0,0.8,0.5,3.4074230194091797,5.387145102024078,3.083442449569702,4.157149314880371
30,1,1,1.0,0.8,1.0,3.24302339553833,4.486080527305603,2.7728734016418457,4.644795894622803
30,1,1,1.0,0.8,2.0,2.0046558380126953,2.924841582775116,3.0368242263793945,6.384167194366455
30,1,1,1.2,0.2,0.5,1.0024206638336182,1.7184170484542847,3.450650215148926,5.028478622436523
30,1,1,1.2,0.2,1.0,2.633352756500244,3.071538746356964,2.939734935760498,4.517617225646973
30,1,1,1.2,0.2,2.0,1.360678791999817,2.5451659560203552,3.154421806335449,5.662609577178955
30,1,1,1.2,0.5,0.5,1.1206943988800049,1.563974678516388,3.7820827960968018,5.828317165374756
30,1,1,1.2,0.5,1.0,0.31761831045150757,0.9896827340126038,4.294236183166504,6.9417877197265625
30,1,1,1.2,0.5,2.0,2.5797624588012695,3.4170244336128235,3.02095890045166,5.864726543426514
30,1,1,1.2,0.8,0.5,1.5440905094146729,2.857515037059784,4.251485824584961,6.513304710388184
30,1,1,1.2,0.8,1.0,1.4658242464065552,2.373702883720398,4.798741340637207,9.035324096679688
30,1,1,1.2,0.8,2.0,1.4974682331085205,2.2967016100883484,3.9969847202301025,8.988251686096191
30,1,2,0.8,0.2,0.5,3.5726118087768555,5.181130528450012,1.9456799030303955,2.4530370235443115
30,1,2,0.8,0.2,1.0,2.414675712585449,3.473292589187622,2.3705031871795654,3.422893524169922
30,1,2,0.8,0.2,2.0,1.7375853061676025,3.106981933116913,2.0107948780059814,3.4245784282684326
30,1,2,0.8,0.5,0.5,3.5358505249023438,5.171302378177643,1.8498574495315552,2.4427995681762695
30,1,2,0.8,0.5,1.0,2.578874111175537,3.9302722215652466,2.247311592102051,3.4730958938598633
30,1,2,0.8,0.5,2.0,1.431335687637329,2.6531288623809814,2.4982051849365234,4.698721408843994
30,1,2,0.8,0.8,0.5,3.983198642730713,6.091649115085602,2.088495969772339,2.8990137577056885
30,1,2,0.8,0.8,1.0,1.9738883972167969,3.5035114884376526,2.2505006790161133,3.6521315574645996
30,1,2,0.8,0.8,2.0,2.1565754413604736,2.681383192539215,2.678374767303467,5.253708839416504
30,1,2,1.0,0.2,0.5,2.9647598266601562,4.437318503856659,1.8881433010101318,2.567201614379883
30,1,2,1.0,0.2,1.0,2.3571343421936035,3.6982383131980896,2.500993251800537,3.7026610374450684
30,1,2,1.0,0.2,2.0,1.4801406860351562,2.426936447620392,2.3676936626434326,4.199512958526611
30,1,2,1.0,0.5,0.5,2.6038479804992676,3.6890746355056763,2.6189920902252197,3.536236047744751
30,1,2,1.0,0.5,1.0,2.631695508956909,3.098902642726898,2.2677054405212402,3.6430587768554688
30,1,2,1.0,0.5,2.0,1.6545891761779785,2.0348247289657593,2.819070816040039,5.506747722625732
30,1,2,1.0,0.8,0.5,3.7221004962921143,5.664833962917328,2.9469943046569824,4.123795032501221
30,1,2,1.0,0.8,1.0,3.5950629711151123,5.6705633997917175,2.7486460208892822,4.59170389175415
30,1,2,1.0,0.8,2.0,1.4735442399978638,1.4490637183189392,3.2925965785980225,6.849936485290527
30,1,2,1.2,0.2,0.5,1.011281967163086,2.191876530647278,3.2562596797943115,4.711152076721191
30,1,2,1.2,0.2,1.0,0.5600389838218689,1.0541656017303467,3.329911470413208,5.0683274269104
30,1,2,1.2,0.2,2.0,1.2531166076660156,2.133421242237091,2.9007956981658936,5.1508283615112305
30,1,2,1.2,0.5,0.5,0.47737348079681396,1.0811981558799744,3.857680082321167,5.8196120262146
30,1,2,1.2,0.5,1.0,1.2407028675079346,1.8408857583999634,3.2597553730010986,5.235368251800537
30,1,2,1.2,0.5,2.0,1.2173383235931396,1.9223085045814514,3.963602066040039,8.031508445739746
30,1,2,1.2,0.8,0.5,0.9838249683380127,2.08514142036438,4.497006416320801,7.052098751068115
30,1,2,1.2,0.8,1.0,1.9565380811691284,3.0052865743637085,4.2705488204956055,7.8328752517700195
30,1,2,1.2,0.8,2.0,1.224139928817749,1.2343915104866028,4.769970417022705,10.901488304138184
30,1,3,0.8,0.2,0.5,4.366473197937012,5.885148346424103,1.9531707763671875,2.400355339050293
30,1,3,0.8,0.2,1.0,1.9444931745529175,3.3406155705451965,2.295283079147339,3.6105146408081055
30,1,3,0.8,0.2,2.0,2.0281176567077637,2.9798737168312073,2.1898770332336426,3.657916784286499
30,1,3,0.8,0.5,0.5,3.208740234375,4.349857270717621,1.7960623502731323,2.377629518508911
30,1,3,0.8,0.5,1.0,1.8067964315414429,3.283553659915924,2.1814117431640625,3.503446578979492
30,1,3,0.8,0.5,2.0,1.3822054862976074,2.482514441013336,2.316577672958374,4.15729284286499
30,1,3,0.8,0.8,0.5,3.0333971977233887,3.232522428035736,1.978337049484253,2.655606746673584
30,1,3,0.8,0.8,1.0,3.149641752243042,5.178959906101227,2.426816940307617,3.931342840194702
30,1,3,0.8,0.8,2.0,2.0706965923309326,3.827359974384308,2.6391470432281494,5.095004081726074
30,1,3,1.0,0.2,0.5,4.4444427490234375,6.46625542640686,2.2953200340270996,2.9416756629943848
30,1,3,1.0,0.2,1.0,2.2378697395324707,3.146312177181244,2.4219179153442383,3.7071950435638428
30,1,3,1.0,0.2,2.0,2.041215181350708,3.095634937286377,2.2618136405944824,3.9676055908203125
30,1,3,1.0,0.5,0.5,2.928027629852295,4.322536289691925,2.2871363162994385,2.9330759048461914
30,1,3,1.0,0.5,1.0,2.0711207389831543,3.36999648809433,2.2343637943267822,3.469860792160034
30,1,3,1.0,0.5,2.0,1.5007878541946411,1.8351437449455261,2.6075496673583984,5.065945625305176
30,1,3,1.0,0.8,0.5,3.994399309158325,5.200677990913391,2.337272882461548,3.270413875579834
30,1,3,1.0,0.8,1.0,2.669921875,3.775679290294647,3.265658378601074,5.636367321014404
30,1,3,1.0,0.8,2.0,3.2591476440429688,5.058097243309021,2.872525453567505,6.057332515716553
30,1,3,1.2,0.2,0.5,1.6068220138549805,2.584166169166565,3.3492205142974854,4.928971767425537
30,1,3,1.2,0.2,1.0,1.6435208320617676,2.5045104026794434,3.3219082355499268,5.255439758300781
30,1,3,1.2,0.2,2.0,1.2232797145843506,2.0968213081359863,3.054399013519287,5.469984531402588
30,1,3,1.2,0.5,0.5,0.949023425579071,1.6941974759101868,3.7193689346313477,5.625064849853516
30,1,3,1.2,0.5,1.0,1.1089599132537842,2.509384036064148,4.028893947601318,6.870452404022217
30,1,3,1.2,0.5,2.0,1.977711796760559,2.48229843378067,3.658828020095825,7.469654560089111
30,1,3,1.2,0.8,0.5,1.760797142982483,4.034712433815002,4.458261489868164,6.966455936431885
30,1,3,1.2,0.8,1.0,2.2484993934631348,2.6918891072273254,4.650930881500244,8.673845291137695
30,1,3,1.2,0.8,2.0,2.4305496215820312,2.999219298362732,4.430611610412598,9.878257751464844
30,1,4,0.8,0.2,0.5,4.349031448364258,6.071826934814453,1.848752737045288,2.377103805541992
30,1,4,0.8,0.2,1.0,3.322288751602173,4.100606262683868,1.8336448669433594,2.7477145195007324
30,1,4,0.8,0.2,2.0,2.021916389465332,2.8861404061317444,2.1903421878814697,3.7602171897888184
30,1,4,0.8,0.5,0.5,2.5929901599884033,3.822061002254486,2.2083513736724854,2.895137071609497
30,1,4,0.8,0.5,1.0,2.1240949630737305,3.2975608110427856,2.0732007026672363,3.307990550994873
30,1,4,0.8,0.5,2.0,1.8767485618591309,3.3615082502365112,2.3632771968841553,4.311179161071777
30,1,4,0.8,0.8,0.5,4.2401862144470215,5.317994654178619,2.0377464294433594,2.71878719329834
30,1,4,0.8,0.8,1.0,2.8075783252716064,2.9674485325813293,2.3421614170074463,3.805365800857544
30,1,4,0.8,0.8,2.0,1.9441637992858887,2.8319125175476074,2.5749220848083496,5.262176990509033
30,1,4,1.0,0.2,0.5,4.071011543273926,5.584341526031494,2.121807098388672,2.740544080734253
30,1,4,1.0,0.2,1.0,2.3354265689849854,4.124834418296814,2.405290126800537,3.6083738803863525
30,1,4,1.0,0.2,2.0,0.7396049499511719,1.6269755959510803,2.4106929302215576,4.235361099243164
30,1,4,1.0,0.5,0.5,2.1325294971466064,2.6647387742996216,2.508993625640869,3.2949347496032715
30,1,4,1.0,0.5,1.0,1.3050076961517334,1.97970712184906,2.5072999000549316,4.081996917724609
30,1,4,1.0,0.5,2.0,1.3143141269683838,1.7455692291259766,2.5595712661743164,4.879994869232178
30,1,4,1.0,0.8,0.5,3.791154623031616,6.400476276874542,2.686511278152466,3.8845534324645996
30,1,4,1.0,0.8,1.0,3.153367042541504,4.179516553878784,3.466357946395874,6.114048480987549
30,1,4,1.0,0.8,2.0,2.7073049545288086,4.214501917362213,3.264238119125366,6.944565773010254
30,1,4,1.2,0.2,0.5,0.6843010783195496,2.8348870277404785,3.3050599098205566,4.775226593017578
30,1,4,1.2,0.2,1.0,1.1441009044647217,2.146527647972107,2.4229958057403564,3.9911959171295166
30,1,4,1.2,0.2,2.0,1.786766529083252,2.587397515773773,2.6159043312072754,4.671640872955322
30,1,4,1.2,0.5,0.5,0.9799352884292603,1.8249074220657349,3.7100675106048584,5.557010650634766
30,1,4,1.2,0.5,1.0,2.7044529914855957,4.160771429538727,2.643993377685547,4.464827537536621
30,1,4,1.2,0.5,2.0,1.3637044429779053,2.578128457069397,3.572314977645874,6.863840103149414
30,1,4,1.2,0.8,0.5,1.7430131435394287,2.7795446515083313,4.244070529937744,6.400315761566162
30,1,4,1.2,0.8,1.0,2.3777458667755127,2.5060351490974426,5.21966552734375,9.590359687805176
30,1,4,1.2,0.8,2.0,1.9812387228012085,3.4269373416900635,3.4737277030944824,7.84600305557251
31,1,0,0.8,0.2,0.5,4.091676712036133,5.448129713535309,1.7773411273956299,2.2306790351867676
31,1,0,0.8,0.2,1.0,2.1547067165374756,3.77138352394104,2.1597237586975098,3.1663661003112793
31,1,0,0.8,0.2,2.0,2.0463013648986816,3.2228514552116394,2.0627474784851074,3.5546305179595947
31,1,0,0.8,0.5,0.5,3.107109546661377,4.468797564506531,1.9058741331100464,2.5225720405578613
31,1,0,0.8,0.5,1.0,2.3301491737365723,4.030510902404785,2.1708335876464844,3.3105335235595703
31,1,0,0.8,0.5,2.0,1.7080092430114746,2.830300033092499,2.354789972305298,4.346965789794922
31,1,0,0.8,0.8,0.5,3.4926605224609375,5.233512341976166,2.2978293895721436,3.0419437885284424
31,1,0,0.8,0.8,1.0,3.046215534210205,4.714848279953003,2.446805953979492,3.920144557952881
31,1,0,0.8,0.8,2.0,1.9202520847320557,2.905331552028656,2.8487203121185303,5.622740745544434
31,1,0,1.0,0.2,0.5,3.50880765914917,4.660326361656189,2.5281801223754883,3.234923839569092
31,1,0,1.0,0.2,1.0,3.460216999053955,4.600180387496948,2.128504991531372,3.3097970485687256
31,1,0,1.0,0.2,2.0,1.539123296737671,2.6157307624816895,2.3692922592163086,4.073812007904053
31,1,0,1.0,0.5,0.5,3.008279800415039,4.296765208244324,2.4266927242279053,3.264512062072754
31,1,0,1.0,0.5,1.0,2.3308629989624023,3.2241082787513733,2.723843574523926,4.397090911865234
31,1,0,1.0,0.5,2.0,1.180937647819519,1.6702895164489746,2.6203038692474365,5.397699356079102
31,1,0,1.0,0.8,0.5,3.1823627948760986,4.240994572639465,2.9435644149780273,4.033429145812988
31,1,0,1.0,0.8,1.0,2.5206005573272705,4.105177581310272,3.3114728927612305,5.608560562133789
31,1,0,1.0,0.8,2.0,1.8352656364440918,3.2922178506851196,3.1165738105773926,6.394976615905762
31,1,0,1.2,0.2,0.5,0.4605250358581543,1.4210755228996277,3.3746960163116455,4.841945171356201
31,1,0,1.2,0.2,1.0,1.8788663148880005,3.789509654045105,2.3442680835723877,3.744140863418579
31,1,0,1.2,0.2,2.0,1.6672394275665283,2.407136082649231,2.43669056892395,4.42326021194458
31,1,0,1.2,0.5,0.5,1.1568342447280884,1.5274316668510437,3.8489770889282227,5.515920639038086
31,1,0,1.2,0.5,1.0,2.5312633514404297,4.156455218791962,2.8294456005096436,4.9808526039123535
31,1,0,1.2,0.5,2.0,1.9885897636413574,2.2543787956237793,3.182405471801758,6.474432468414307
31,1,0,1.2,0.8,0.5,1.8398544788360596,2.78743052482605,4.38070011138916,6.660429954528809
31,1,0,1.2,0.8,1.0,2.412130355834961,3.355439245700836,3.939023494720459,7.520036697387695
31,1,0,1.2,0.8,2.0,2.8976986408233643,3.61447936296463,3.8513402938842773,8.508692741394043
31,1,1,0.8,0.2,0.5,2.6626482009887695,4.271117448806763,1.6509305238723755,2.0604355335235596
31,1,1,0.8,0.2,1.0,2.678212881088257,4.167575538158417,2.1474618911743164,3.2042031288146973
31,1,1,0.8,0.2,2.0,2.0170774459838867,3.218796491622925,2.090686082839966,3.3038668632507324
31,1,1,0.8,0.5,0.5,3.279618740081787,4.420664131641388,2.0021941661834717,2.561086416244507
31,1,1,0.8,0.5,1.0,2.0989139080047607,3.0553570985794067,2.1074304580688477,3.27664852142334
31,1,1,0.8,0.5,2.0,1.0393717288970947,1.0191588997840881,2.3536083698272705,4.306796073913574
31,1,1,0.8,0.8,0.5,3.0173826217651367,4.6734883189201355,2.1437771320343018,2.923572540283203
31,1,1,0.8,0.8,1.0,2.949174642562866,3.9691184163093567,2.4053499698638916,3.934138298034668
31,1,1,0.8,0.8,2.0,2.321990966796875,3.8421711921691895,2.776430130004883,5.237951278686523
31,1,1,1.0,0.2,0.5,2.5092458724975586,4.722784876823425,2.306586265563965,3.0036134719848633
31,1,1,1.0,0.2,1.0,1.3284142017364502,3.0736753344535828,2.66047739982605,3.922349214553833
31,1,1,1.0,0.2,2.0,1.5039594173431396,2.7834367752075195,2.600428581237793,4.482606410980225
31,1,1,1.0,0.5,0.5,3.577265739440918,5.520404040813446,2.135007619857788,2.8818933963775635
31,1,1,1.0,0.5,1.0,2.716820240020752,3.6858359575271606,2.284653425216675,3.7272701263427734
31,1,1,1.0,0.5,2.0,1.7590417861938477,2.490754008293152,2.5995216369628906,5.048984050750732
31,1,1,1.0,0.8,0.5,3.62968373298645,4.8862879276275635,2.954242706298828,4.028834342956543
31,1,1,1.0,0.8,1.0,2.1475696563720703,3.3261475563049316,2.7490625381469727,4.703149318695068
31,1,1,1.0,0.8,2.0,2.0169572830200195,2.97555673122406,3.0032849311828613,6.0843377113342285
31,1,1,1.2,0.2,0.5,1.3778082132339478,2.4851949214935303,3.183759927749634,4.549705982208252
31,1,1,1.2,0.2,1.0,1.3178887367248535,2.666264295578003,3.162602186203003,4.733991622924805
31,1,1,1.2,0.2,2.0,1.3400368690490723,1.8692456483840942,2.523522138595581,4.572701930999756
31,1,1,1.2,0.5,0.5,0.12343078851699829,0.4882364869117737,3.724337339401245,5.492752552032471
31,1,1,1.2,0.5,1.0,0.5437309741973877,0.504380464553833,3.7810943126678467,6.279633045196533
31,1,1,1.2,0.5,2.0,1.3159676790237427,2.0903658866882324,3.0927236080169678,6.2731428146362305
31,1,1,1.2,0.8,0.5,0.5854424834251404,0.5669612884521484,4.419496536254883,6.6743974685668945
31,1,1,1.2,0.8,1.0,1.6114460229873657,2.372099220752716,4.3680009841918945,7.835003852844238
31,1,1,1.2,0.8,2.0,1.7469358444213867,2.7130143642425537,3.5199928283691406,8.186063766479492
31,1,2,0.8,0.2,0.5,2.5868449211120605,4.612366437911987,1.688507318496704,2.211118459701538
31,1,2,0.8,0.2,1.0,2.0106923580169678,3.2211694717407227,1.9735242128372192,2.8537583351135254
31,1,2,0.8,0.2,2.0,1.6024107933044434,2.345647692680359,2.3324506282806396,3.970215082168579
31,1,2,0.8,0.5,0.5,3.67586612701416,4.867868542671204,1.8251781463623047,2.4767444133758545
31,1,2,0.8,0.5,1.0,1.68505859375,2.3613856434822083,2.242128610610962,3.5485756397247314
31,1,2,0.8,0.5,2.0,0.8346431851387024,1.7565458416938782,2.361966133117676,4.242908000946045
31,1,2,0.8,0.8,0.5,2.942875862121582,4.441457629203796,2.3013923168182373,3.0587711334228516
31,1,2,0.8,0.8,1.0,2.8676419258117676,3.8640193939208984,2.3827431201934814,3.855133056640625
31,1,2,0.8,0.8,2.0,2.202275276184082,2.7170057892799377,2.513315439224243,4.841610908508301
31,1,2,1.0,0.2,0.5,3.7058916091918945,5.162858784198761,2.1383118629455566,2.7405824661254883
31,1,2,1.0,0.2,1.0,1.6573013067245483,3.0739250779151917,1.962783932685852,2.8314387798309326
31,1,2,1.0,0.2,2.0,2.1218063831329346,3.332447111606598,2.366126298904419,3.883702039718628
31,1,2,1.0,0.5,0.5,2.768712043762207,4.393955826759338,2.3750157356262207,3.1215786933898926
31,1,2,1.0,0.5,1.0,2.301870584487915,2.843202590942383,2.3849709033966064,3.9077277183532715
31,1,2,1.0,0.5,2.0,1.3932104110717773,1.501474142074585,2.776162624359131,5.431540489196777
31,1,2,1.0,0.8,0.5,3.4769794940948486,4.531555116176605,2.3337948322296143,3.2568376064300537
31,1,2,1.0,0.8,1.0,1.5567165613174438,1.6505496501922607,2.5826914310455322,4.367476940155029
31,1,2,1.0,0.8,2.0,1.5104444026947021,3.3229490518569946,2.9713566303253174,6.208643436431885
31,1,2,1.2,0.2,0.5,0.6176151037216187,1.7654704451560974,3.241966485977173,4.687419414520264
31,1,2,1.2,0.2,1.0,0.9768826961517334,1.7835814356803894,2.9530904293060303,4.600103378295898
31,1,2,1.2,0.2,2.0,1.6791714429855347,2.2639466524124146,2.4293901920318604,4.428819179534912
31,1,2,1.2,0.5,0.5,1.4688050746917725,2.063949406147003,3.8730955123901367,5.609694957733154
31,1,2,1.2,0.5,1.0,1.049828290939331,2.462709665298462,3.5480635166168213,6.231329917907715
31,1,2,1.2,0.5,2.0,0.7674330472946167,1.5447266101837158,2.878899574279785,5.822694301605225
31,1,2,1.2,0.8,0.5,0.7980118989944458,1.5475338697433472,4.403282165527344,6.947828769683838
31,1,2,1.2,0.8,1.0,2.870856285095215,5.253095269203186,3.4878318309783936,6.256689071655273
31,1,2,1.2,0.8,2.0,2.118527889251709,2.833106815814972,3.8829376697540283,8.46823501586914
31,1,3,0.8,0.2,0.5,3.415194034576416,5.316658914089203,1.7741923332214355,2.1933937072753906
31,1,3,0.8,0.2,1.0,2.925032615661621,4.349856436252594,2.0122179985046387,3.081576347351074
31,1,3,0.8,0.2,2.0,1.7289440631866455,2.2528713941574097,2.1687135696411133,3.7739522457122803
31,1,3,0.8,0.5,0.5,3.130641460418701,3.9103569984436035,2.2914063930511475,2.9194350242614746
31,1,3,0.8,0.5,1.0,2.4997732639312744,3.548951506614685,2.1934027671813965,3.410869836807251
31,1,3,0.8,0.5,2.0,1.9629591703414917,2.136047840118408,2.52681565284729,4.664583683013916
31,1,3,0.8,0.8,0.5,2.6751797199249268,3.860017776489258,2.0251917839050293,2.7299530506134033
31,1,3,0.8,0.8,1.0,2.8159303665161133,4.347106695175171,2.303375720977783,3.678762197494507
31,1,3,0.8,0.8,2.0,0.8124820590019226,0.8719260692596436,3.009033203125,5.811729907989502
31,1,3,1.0,0.2,0.5,4.1110920906066895,5.654121041297913,1.965195894241333,2.5581300258636475
31,1,3,1.0,0.2,1.0,2.3113949298858643,3.1097090244293213,2.28702974319458,3.3919811248779297
31,1,3,1.0,0.2,2.0,1.1052272319793701,1.6731072068214417,2.5296034812927246,4.397839069366455
31,1,3,1.0,0.5,0.5,2.817350387573242,4.103240728378296,2.2985217571258545,3.037604808807373
31,1,3,1.0,0.5,1.0,2.9043807983398438,4.4012346267700195,2.547665596008301,4.1126298904418945
31,1,3,1.0,0.5,2.0,1.2650823593139648,2.1555394530296326,2.7667853832244873,5.258724689483643
31,1,3,1.0,0.8,0.5,2.543140172958374,4.506105482578278,2.7979791164398193,3.8529086112976074
31,1,3,1.0,0.8,1.0,3.118886947631836,5.172539949417114,3.236004590988159,5.540068626403809
31,1,3,1.0,0.8,2.0,2.1680188179016113,2.863328456878662,3.4434220790863037,7.007824420928955
31,1,3,1.2,0.2,0.5,0.17426949739456177,1.0155164003372192,3.4221863746643066,5.1287922859191895
31,1,3,1.2,0.2,1.0,1.9213353395462036,2.5609863996505737,3.271246910095215,5.10604190826416
31,1,3,1.2,0.2,2.0,1.818331241607666,2.7224773168563843,2.933560848236084,5.248602390289307
31,1,3,1.2,0.5,0.5,1.0309834480285645,1.3813024759292603,3.738853693008423,5.547831058502197
31,1,3,1.2,0.5,1.0,2.1887478828430176,4.171353459358215,2.746568441390991,4.60819673538208
31,1,3,1.2,0.5,2.0,0.8290672302246094,1.360401690006256,3.3068697452545166,6.926836967468262
31,1,3,1.2,0.8,0.5,0.9877314567565918,2.2941208481788635,4.590847969055176,7.140516757965088
31,1,3,1.2,0.8,1.0,2.3328843116760254,3.314618468284607,4.500758171081543,8.190081596374512
31,1,3,1.2,0.8,2.0,1.6158605813980103,1.9586896896362305,4.068613529205322,9.199199676513672
31,1,4,0.8,0.2,0.5,3.348086357116699,4.214289367198944,1.9133409261703491,2.4818954467773438
31,1,4,0.8,0.2,1.0,2.32922101020813,3.9192259311676025,1.9137341976165771,2.7709124088287354
31,1,4,0.8,0.2,2.0,2.4411394596099854,3.196465253829956,2.112496852874756,3.5744025707244873
31,1,4,0.8,0.5,0.5,3.442777395248413,4.56581449508667,1.9687433242797852,2.484135150909424
31,1,4,0.8,0.5,1.0,2.1393356323242188,2.7384669184684753,2.147599220275879,3.386204719543457
31,1,4,0.8,0.5,2.0,1.4749029874801636,2.4971389174461365,2.482032060623169,4.706664085388184
31,1,4,0.8,0.8,0.5,2.91292667388916,4.692830264568329,2.2955167293548584,3.03914213180542
31,1,4,0.8,0.8,1.0,3.335768461227417,5.2641642689704895,2.3854711055755615,3.8426625728607178
31,1,4,0.8,0.8,2.0,2.770430088043213,3.113950729370117,2.603273630142212,5.1502604484558105
31,1,4,1.0,0.2,0.5,2.8615031242370605,4.819442391395569,1.887905478477478,2.3648316860198975
31,1,4,1.0,0.2,1.0,1.7841997146606445,3.8692967295646667,2.5451982021331787,3.7913060188293457
31,1,4,1.0,0.2,2.0,1.8268376588821411,2.7496216893196106,2.3770506381988525,4.241401672363281
31,1,4,1.0,0.5,0.5,2.452597141265869,2.5288559794425964,2.9931888580322266,3.87652587890625
31,1,4,1.0,0.5,1.0,2.583876132965088,3.9516912698745728,2.4947869777679443,3.9746508598327637
31,1,4,1.0,0.5,2.0,1.8793762922286987,3.2190868854522705,2.578640937805176,5.083405494689941
31,1,4,1.0,0.8,0.5,1.3298332691192627,2.6303802728652954,2.6768038272857666,3.784050703048706
31,1,4,1.0,0.8,1.0,1.9587714672088623,3.8437142372131348,2.7337160110473633,4.472742080688477
31,1,4,1.0,0.8,2.0,2.2718265056610107,3.8685397505760193,3.1442477703094482,6.543277740478516
31,1,4,1.2,0.2,0.5,1.2978925704956055,2.540404438972473,3.2942419052124023,4.758953094482422
31,1,4,1.2,0.2,1.0,2.264302968978882,3.582565188407898,2.8804969787597656,4.280714988708496
31,1,4,1.2,0.2,2.0,1.4566681385040283,2.004556119441986,2.44042706489563,4.520276069641113
31,1,4,1.2,0.5,0.5,0.4931262135505676,1.2975380420684814,4.0471601486206055,5.912637233734131
31,1,4,1.2,0.5,1.0,2.072110176086426,2.840843617916107,3.7561147212982178,6.472987174987793
31,1,4,1.2,0.5,2.0,0.3671003580093384,0.3635464310646057,3.924720287322998,7.881996154785156
31,1,4,1.2,0.8,0.5,1.8150291442871094,4.134847640991211,4.498651504516602,7.145852565765381
31,1,4,1.2,0.8,1.0,2.4023327827453613,2.79734867811203,4.10362434387207,7.553228855133057
31,1,4,1.2,0.8,2.0,2.398550033569336,2.6539815068244934,4.686784744262695,10.454243659973145
