mode,src,group_id,metric,mean,n_hparams
binary+conshuffle+wshuffle,chunk_0,0,GR,,96
binary+conshuffle+wshuffle,chunk_0,0,IPC,,96
binary+conshuffle+wshuffle,chunk_0,0,KR,33.520833333333336,96
binary+conshuffle+wshuffle,chunk_0,0,MC,,96
binary+conshuffle+wshuffle,chunk_0,0,cosine_similarity,0.031354054808616603,96
binary+conshuffle+wshuffle,chunk_0,0,kl_to_gaussian,0.0,96
binary+conshuffle+wshuffle,chunk_0,0,wt_mean,0.0021695708855986253,96
binary+conshuffle+wshuffle,chunk_0,1,GR,,96
binary+conshuffle+wshuffle,chunk_0,1,IPC,,96
binary+conshuffle+wshuffle,chunk_0,1,KR,32.260416666666664,96
binary+conshuffle+wshuffle,chunk_0,1,MC,,96
binary+conshuffle+wshuffle,chunk_0,1,cosine_similarity,0.026082135271280924,96
binary+conshuffle+wshuffle,chunk_0,1,kl_to_gaussian,0.0,96
binary+conshuffle+wshuffle,chunk_0,1,wt_mean,0.0021910851646679747,96
binary+conshuffle+wshuffle,chunk_0,2,GR,,96
binary+conshuffle+wshuffle,chunk_0,2,IPC,,96
binary+conshuffle+wshuffle,chunk_0,2,KR,35.052083333333336,96
binary+conshuffle+wshuffle,chunk_0,2,MC,,96
binary+conshuffle+wshuffle,chunk_0,2,cosine_similarity,0.02330743754282587,96
binary+conshuffle+wshuffle,chunk_0,2,kl_to_gaussian,0.0,96
binary+conshuffle+wshuffle,chunk_0,2,wt_mean,0.0022343971068039,96
binary+conshuffle+wshuffle,chunk_0,3,GR,,96
binary+conshuffle+wshuffle,chunk_0,3,IPC,,96
binary+conshuffle+wshuffle,chunk_0,3,KR,32.333333333333336,96
binary+conshuffle+wshuffle,chunk_0,3,MC,,96
binary+conshuffle+wshuffle,chunk_0,3,cosine_similarity,0.03190898802131412,96
binary+conshuffle+wshuffle,chunk_0,3,kl_to_gaussian,0.0,96
binary+conshuffle+wshuffle,chunk_0,3,wt_mean,0.00229892207426015,96
binary+conshuffle+wshuffle,chunk_0,4,GR,,96
binary+conshuffle+wshuffle,chunk_0,4,IPC,,96
binary+conshuffle+wshuffle,chunk_0,4,KR,32.1875,96
binary+conshuffle+wshuffle,chunk_0,4,MC,,96
binary+conshuffle+wshuffle,chunk_0,4,cosine_similarity,0.030521637294441423,96
binary+conshuffle+wshuffle,chunk_0,4,kl_to_gaussian,0.0,96
binary+conshuffle+wshuffle,chunk_0,4,wt_mean,0.0021715155162382502,96
binary+conshuffle+wshuffle,chunk_0,5,GR,,96
binary+conshuffle+wshuffle,chunk_0,5,IPC,,96
binary+conshuffle+wshuffle,chunk_0,5,KR,35.5625,96
binary+conshuffle+wshuffle,chunk_0,5,MC,,96
binary+conshuffle+wshuffle,chunk_0,5,cosine_similarity,0.026082129683345476,96
binary+conshuffle+wshuffle,chunk_0,5,kl_to_gaussian,0.0,96
binary+conshuffle+wshuffle,chunk_0,5,wt_mean,0.002399553573923175,96
binary+conshuffle+wshuffle,chunk_0,6,GR,,96
binary+conshuffle+wshuffle,chunk_0,6,IPC,,96
binary+conshuffle+wshuffle,chunk_0,6,KR,29.40625,96
binary+conshuffle+wshuffle,chunk_0,6,MC,,96
binary+conshuffle+wshuffle,chunk_0,6,cosine_similarity,0.02497225301340215,96
binary+conshuffle+wshuffle,chunk_0,6,kl_to_gaussian,0.0,96
binary+conshuffle+wshuffle,chunk_0,6,wt_mean,0.002292138407938125,96
binary+conshuffle+wshuffle,chunk_0,7,GR,,96
binary+conshuffle+wshuffle,chunk_0,7,IPC,,96
binary+conshuffle+wshuffle,chunk_0,7,KR,35.479166666666664,96
binary+conshuffle+wshuffle,chunk_0,7,MC,,96
binary+conshuffle+wshuffle,chunk_0,7,cosine_similarity,0.026359595824032977,96
binary+conshuffle+wshuffle,chunk_0,7,kl_to_gaussian,0.0,96
binary+conshuffle+wshuffle,chunk_0,7,wt_mean,0.002347769303014475,96
binary+conshuffle+wshuffle,chunk_0,8,GR,,96
binary+conshuffle+wshuffle,chunk_0,8,IPC,,96
binary+conshuffle+wshuffle,chunk_0,8,KR,33.291666666666664,96
binary+conshuffle+wshuffle,chunk_0,8,MC,,96
binary+conshuffle+wshuffle,chunk_0,8,cosine_similarity,0.027192009612917876,96
binary+conshuffle+wshuffle,chunk_0,8,kl_to_gaussian,0.0,96
binary+conshuffle+wshuffle,chunk_0,8,wt_mean,0.002268799697048875,96
binary+conshuffle+wshuffle,chunk_0,9,GR,,96
binary+conshuffle+wshuffle,chunk_0,9,IPC,,96
binary+conshuffle+wshuffle,chunk_0,9,KR,30.270833333333332,96
binary+conshuffle+wshuffle,chunk_0,9,MC,,96
binary+conshuffle+wshuffle,chunk_0,9,cosine_similarity,0.02081020409241315,96
binary+conshuffle+wshuffle,chunk_0,9,kl_to_gaussian,0.0,96
binary+conshuffle+wshuffle,chunk_0,9,wt_mean,0.00223327751155005,96
binary+conshuffle+wshuffle,chunk_1,10,GR,,96
binary+conshuffle+wshuffle,chunk_1,10,IPC,,96
binary+conshuffle+wshuffle,chunk_1,10,KR,31.625,96
binary+conshuffle+wshuffle,chunk_1,10,MC,,96
binary+conshuffle+wshuffle,chunk_1,10,cosine_similarity,0.029134300537407353,96
binary+conshuffle+wshuffle,chunk_1,10,kl_to_gaussian,0.0,96
binary+conshuffle+wshuffle,chunk_1,10,wt_mean,0.002305827103555125,96
binary+conshuffle+wshuffle,chunk_1,11,GR,,96
binary+conshuffle+wshuffle,chunk_1,11,IPC,,96
binary+conshuffle+wshuffle,chunk_1,11,KR,27.677083333333332,96
binary+conshuffle+wshuffle,chunk_1,11,MC,,96
binary+conshuffle+wshuffle,chunk_1,11,cosine_similarity,0.023307438008487173,96
binary+conshuffle+wshuffle,chunk_1,11,kl_to_gaussian,0.0,96
binary+conshuffle+wshuffle,chunk_1,11,wt_mean,0.002146483602700725,96
binary+conshuffle+wshuffle,chunk_1,12,GR,,96
binary+conshuffle+wshuffle,chunk_1,12,IPC,,96
binary+conshuffle+wshuffle,chunk_1,12,KR,36.3125,96
binary+conshuffle+wshuffle,chunk_1,12,MC,,96
binary+conshuffle+wshuffle,chunk_1,12,cosine_similarity,0.02830188814550638,96
binary+conshuffle+wshuffle,chunk_1,12,kl_to_gaussian,0.0,96
binary+conshuffle+wshuffle,chunk_1,12,wt_mean,0.00222059065708885,96
binary+conshuffle+wshuffle,chunk_1,13,GR,,96
binary+conshuffle+wshuffle,chunk_1,13,IPC,,96
binary+conshuffle+wshuffle,chunk_1,13,KR,32.177083333333336,96
binary+conshuffle+wshuffle,chunk_1,13,MC,,96
binary+conshuffle+wshuffle,chunk_1,13,cosine_similarity,0.024972257204353726,96
binary+conshuffle+wshuffle,chunk_1,13,kl_to_gaussian,0.0,96
binary+conshuffle+wshuffle,chunk_1,13,wt_mean,0.0021728696301579,96
binary+conshuffle+wshuffle,chunk_1,14,GR,,96
binary+conshuffle+wshuffle,chunk_1,14,IPC,,96
binary+conshuffle+wshuffle,chunk_1,14,KR,27.541666666666668,96
binary+conshuffle+wshuffle,chunk_1,14,MC,,96
binary+conshuffle+wshuffle,chunk_1,14,cosine_similarity,0.02497225720435375,96
binary+conshuffle+wshuffle,chunk_1,14,kl_to_gaussian,0.0,96
binary+conshuffle+wshuffle,chunk_1,14,wt_mean,0.002143650723155525,96
binary+conshuffle+wshuffle,chunk_1,15,GR,,96
binary+conshuffle+wshuffle,chunk_1,15,IPC,,96
binary+conshuffle+wshuffle,chunk_1,15,KR,34.53125,96
binary+conshuffle+wshuffle,chunk_1,15,MC,,96
binary+conshuffle+wshuffle,chunk_1,15,cosine_similarity,0.028301886282861222,96
binary+conshuffle+wshuffle,chunk_1,15,kl_to_gaussian,0.0,96
binary+conshuffle+wshuffle,chunk_1,15,wt_mean,0.002376759279286425,96
binary+conshuffle+wshuffle,chunk_1,16,GR,,96
binary+conshuffle+wshuffle,chunk_1,16,IPC,,96
binary+conshuffle+wshuffle,chunk_1,16,KR,34.96875,96
binary+conshuffle+wshuffle,chunk_1,16,MC,,96
binary+conshuffle+wshuffle,chunk_1,16,cosine_similarity,0.0260821296833455,96
binary+conshuffle+wshuffle,chunk_1,16,kl_to_gaussian,0.0,96
binary+conshuffle+wshuffle,chunk_1,16,wt_mean,0.002149200619896825,96
binary+conshuffle+wshuffle,chunk_1,17,GR,,96
binary+conshuffle+wshuffle,chunk_1,17,IPC,,96
binary+conshuffle+wshuffle,chunk_1,17,KR,31.770833333333332,96
binary+conshuffle+wshuffle,chunk_1,17,MC,,96
binary+conshuffle+wshuffle,chunk_1,17,cosine_similarity,0.023584906011819774,96
binary+conshuffle+wshuffle,chunk_1,17,kl_to_gaussian,0.0,96
binary+conshuffle+wshuffle,chunk_1,17,wt_mean,0.002256826584925825,96
binary+conshuffle+wshuffle,chunk_1,18,GR,,96
binary+conshuffle+wshuffle,chunk_1,18,IPC,,96
binary+conshuffle+wshuffle,chunk_1,18,KR,36.166666666666664,96
binary+conshuffle+wshuffle,chunk_1,18,MC,,96
binary+conshuffle+wshuffle,chunk_1,18,cosine_similarity,0.029134294483810597,96
binary+conshuffle+wshuffle,chunk_1,18,kl_to_gaussian,0.0,96
binary+conshuffle+wshuffle,chunk_1,18,wt_mean,0.0022139168577268247,96
binary+conshuffle+wshuffle,chunk_1,19,GR,,96
binary+conshuffle+wshuffle,chunk_1,19,IPC,,96
binary+conshuffle+wshuffle,chunk_1,19,KR,34.135416666666664,96
binary+conshuffle+wshuffle,chunk_1,19,MC,,96
binary+conshuffle+wshuffle,chunk_1,19,cosine_similarity,0.0255271936766803,96
binary+conshuffle+wshuffle,chunk_1,19,kl_to_gaussian,0.0,96
binary+conshuffle+wshuffle,chunk_1,19,wt_mean,0.00233050697715945,96
binary+conshuffle+wshuffle,chunk_10,100,GR,,96
binary+conshuffle+wshuffle,chunk_10,100,IPC,,96
binary+conshuffle+wshuffle,chunk_10,100,KR,35.822916666666664,96
binary+conshuffle+wshuffle,chunk_10,100,MC,,96
binary+conshuffle+wshuffle,chunk_10,100,cosine_similarity,0.0172031102702021,96
binary+conshuffle+wshuffle,chunk_10,100,kl_to_gaussian,0.0,96
binary+conshuffle+wshuffle,chunk_10,100,wt_mean,0.00236371532082555,96
binary+conshuffle+wshuffle,chunk_10,101,GR,,96
binary+conshuffle+wshuffle,chunk_10,101,IPC,,96
binary+conshuffle+wshuffle,chunk_10,101,KR,32.9375,96
binary+conshuffle+wshuffle,chunk_10,101,MC,,96
binary+conshuffle+wshuffle,chunk_10,101,cosine_similarity,0.017758048139512525,96
binary+conshuffle+wshuffle,chunk_10,101,kl_to_gaussian,0.0,96
binary+conshuffle+wshuffle,chunk_10,101,wt_mean,0.0022497051977552,96
binary+conshuffle+wshuffle,chunk_10,102,GR,,96
binary+conshuffle+wshuffle,chunk_10,102,IPC,,96
binary+conshuffle+wshuffle,chunk_10,102,KR,35.791666666666664,96
binary+conshuffle+wshuffle,chunk_10,102,MC,,96
binary+conshuffle+wshuffle,chunk_10,102,cosine_similarity,0.025249723810702496,96
binary+conshuffle+wshuffle,chunk_10,102,kl_to_gaussian,0.0,96
binary+conshuffle+wshuffle,chunk_10,102,wt_mean,0.002249304816359575,96
binary+conshuffle+wshuffle,chunk_10,103,GR,,96
binary+conshuffle+wshuffle,chunk_10,103,IPC,,96
binary+conshuffle+wshuffle,chunk_10,103,KR,32.65625,96
binary+conshuffle+wshuffle,chunk_10,103,MC,,96
binary+conshuffle+wshuffle,chunk_10,103,cosine_similarity,0.022752495016902647,96
binary+conshuffle+wshuffle,chunk_10,103,kl_to_gaussian,0.0,96
binary+conshuffle+wshuffle,chunk_10,103,wt_mean,0.002225550182629325,96
binary+conshuffle+wshuffle,chunk_10,104,GR,,96
binary+conshuffle+wshuffle,chunk_10,104,IPC,,96
binary+conshuffle+wshuffle,chunk_10,104,KR,33.03125,96
binary+conshuffle+wshuffle,chunk_10,104,MC,,96
binary+conshuffle+wshuffle,chunk_10,104,cosine_similarity,0.0283018797636032,96
binary+conshuffle+wshuffle,chunk_10,104,kl_to_gaussian,0.0,96
binary+conshuffle+wshuffle,chunk_10,104,wt_mean,0.00227284451830195,96
binary+conshuffle+wshuffle,chunk_10,105,GR,,96
binary+conshuffle+wshuffle,chunk_10,105,IPC,,96
binary+conshuffle+wshuffle,chunk_10,105,KR,30.322916666666668,96
binary+conshuffle+wshuffle,chunk_10,105,MC,,96
binary+conshuffle+wshuffle,chunk_10,105,cosine_similarity,0.0266370703466236,96
binary+conshuffle+wshuffle,chunk_10,105,kl_to_gaussian,0.0,96
binary+conshuffle+wshuffle,chunk_10,105,wt_mean,0.0022506508394144003,96
binary+conshuffle+wshuffle,chunk_10,106,GR,,96
binary+conshuffle+wshuffle,chunk_10,106,IPC,,96
binary+conshuffle+wshuffle,chunk_10,106,KR,27.333333333333332,96
binary+conshuffle+wshuffle,chunk_10,106,MC,,96
binary+conshuffle+wshuffle,chunk_10,106,cosine_similarity,0.025527195073664175,96
binary+conshuffle+wshuffle,chunk_10,106,kl_to_gaussian,0.0,96
binary+conshuffle+wshuffle,chunk_10,106,wt_mean,0.002132467547198725,96
binary+conshuffle+wshuffle,chunk_10,107,GR,,96
binary+conshuffle+wshuffle,chunk_10,107,IPC,,96
binary+conshuffle+wshuffle,chunk_10,107,KR,34.96875,96
binary+conshuffle+wshuffle,chunk_10,107,MC,,96
binary+conshuffle+wshuffle,chunk_10,107,cosine_similarity,0.023862369358539498,96
binary+conshuffle+wshuffle,chunk_10,107,kl_to_gaussian,0.0,96
binary+conshuffle+wshuffle,chunk_10,107,wt_mean,0.002207660319982025,96
binary+conshuffle+wshuffle,chunk_10,108,GR,,96
binary+conshuffle+wshuffle,chunk_10,108,IPC,,96
binary+conshuffle+wshuffle,chunk_10,108,KR,29.583333333333332,96
binary+conshuffle+wshuffle,chunk_10,108,MC,,96
binary+conshuffle+wshuffle,chunk_10,108,cosine_similarity,0.02913429355248805,96
binary+conshuffle+wshuffle,chunk_10,108,kl_to_gaussian,0.0,96
binary+conshuffle+wshuffle,chunk_10,108,wt_mean,0.002137564006261475,96
binary+conshuffle+wshuffle,chunk_10,109,GR,,96
binary+conshuffle+wshuffle,chunk_10,109,IPC,,96
binary+conshuffle+wshuffle,chunk_10,109,KR,34.572916666666664,96
binary+conshuffle+wshuffle,chunk_10,109,MC,,96
binary+conshuffle+wshuffle,chunk_10,109,cosine_similarity,0.02358490042388435,96
binary+conshuffle+wshuffle,chunk_10,109,kl_to_gaussian,0.0,96
binary+conshuffle+wshuffle,chunk_10,109,wt_mean,0.00238419166998935,96
binary+conshuffle+wshuffle,chunk_11,110,GR,,96
binary+conshuffle+wshuffle,chunk_11,110,IPC,,96
binary+conshuffle+wshuffle,chunk_11,110,KR,37.71875,96
binary+conshuffle+wshuffle,chunk_11,110,MC,,96
binary+conshuffle+wshuffle,chunk_11,110,cosine_similarity,0.02830189280211925,96
binary+conshuffle+wshuffle,chunk_11,110,kl_to_gaussian,0.0,96
binary+conshuffle+wshuffle,chunk_11,110,wt_mean,0.0023928610607981,96
binary+conshuffle+wshuffle,chunk_11,111,GR,,96
binary+conshuffle+wshuffle,chunk_11,111,IPC,,96
binary+conshuffle+wshuffle,chunk_11,111,KR,30.34375,96
binary+conshuffle+wshuffle,chunk_11,111,MC,,96
binary+conshuffle+wshuffle,chunk_11,111,cosine_similarity,0.030244170222431352,96
binary+conshuffle+wshuffle,chunk_11,111,kl_to_gaussian,0.0,96
binary+conshuffle+wshuffle,chunk_11,111,wt_mean,0.002242867252789375,96
binary+conshuffle+wshuffle,chunk_11,112,GR,,96
binary+conshuffle+wshuffle,chunk_11,112,IPC,,96
binary+conshuffle+wshuffle,chunk_11,112,KR,36.177083333333336,96
binary+conshuffle+wshuffle,chunk_11,112,MC,,96
binary+conshuffle+wshuffle,chunk_11,112,cosine_similarity,0.027192007284611425,96
binary+conshuffle+wshuffle,chunk_11,112,kl_to_gaussian,0.0,96
binary+conshuffle+wshuffle,chunk_11,112,wt_mean,0.0021738039213231998,96
binary+conshuffle+wshuffle,chunk_11,113,GR,,96
binary+conshuffle+wshuffle,chunk_11,113,IPC,,96
binary+conshuffle+wshuffle,chunk_11,113,KR,29.229166666666668,96
binary+conshuffle+wshuffle,chunk_11,113,MC,,96
binary+conshuffle+wshuffle,chunk_11,113,cosine_similarity,0.0277469451539218,96
binary+conshuffle+wshuffle,chunk_11,113,kl_to_gaussian,0.0,96
binary+conshuffle+wshuffle,chunk_11,113,wt_mean,0.00219086400466035,96
binary+conshuffle+wshuffle,chunk_11,114,GR,,96
binary+conshuffle+wshuffle,chunk_11,114,IPC,,96
binary+conshuffle+wshuffle,chunk_11,114,KR,29.645833333333332,96
binary+conshuffle+wshuffle,chunk_11,114,MC,,96
binary+conshuffle+wshuffle,chunk_11,114,cosine_similarity,0.027192004490643674,96
binary+conshuffle+wshuffle,chunk_11,114,kl_to_gaussian,0.0,96
binary+conshuffle+wshuffle,chunk_11,114,wt_mean,0.002228740486316325,96
binary+conshuffle+wshuffle,chunk_11,115,GR,,96
binary+conshuffle+wshuffle,chunk_11,115,IPC,,96
binary+conshuffle+wshuffle,chunk_11,115,KR,31.614583333333332,96
binary+conshuffle+wshuffle,chunk_11,115,MC,,96
binary+conshuffle+wshuffle,chunk_11,115,cosine_similarity,0.025249721482396053,96
binary+conshuffle+wshuffle,chunk_11,115,kl_to_gaussian,0.0,96
binary+conshuffle+wshuffle,chunk_11,115,wt_mean,0.00220185864600345,96
binary+conshuffle+wshuffle,chunk_11,116,GR,,96
binary+conshuffle+wshuffle,chunk_11,116,IPC,,96
binary+conshuffle+wshuffle,chunk_11,116,KR,32.739583333333336,96
binary+conshuffle+wshuffle,chunk_11,116,MC,,96
binary+conshuffle+wshuffle,chunk_11,116,cosine_similarity,0.03246392868459218,96
binary+conshuffle+wshuffle,chunk_11,116,kl_to_gaussian,0.0,96
binary+conshuffle+wshuffle,chunk_11,116,wt_mean,0.0023239398433360747,96
binary+conshuffle+wshuffle,chunk_11,117,GR,,96
binary+conshuffle+wshuffle,chunk_11,117,IPC,,96
binary+conshuffle+wshuffle,chunk_11,117,KR,29.364583333333332,96
binary+conshuffle+wshuffle,chunk_11,117,MC,,96
binary+conshuffle+wshuffle,chunk_11,117,cosine_similarity,0.0249722488224506,96
binary+conshuffle+wshuffle,chunk_11,117,kl_to_gaussian,0.0,96
binary+conshuffle+wshuffle,chunk_11,117,wt_mean,0.00210031616734335,96
binary+conshuffle+wshuffle,chunk_11,118,GR,,96
binary+conshuffle+wshuffle,chunk_11,118,IPC,,96
binary+conshuffle+wshuffle,chunk_11,118,KR,27.614583333333332,96
binary+conshuffle+wshuffle,chunk_11,118,MC,,96
binary+conshuffle+wshuffle,chunk_11,118,cosine_similarity,0.025249718688428322,96
binary+conshuffle+wshuffle,chunk_11,118,kl_to_gaussian,0.0,96
binary+conshuffle+wshuffle,chunk_11,118,wt_mean,0.002166887337807525,96
binary+conshuffle+wshuffle,chunk_11,119,GR,,96
binary+conshuffle+wshuffle,chunk_11,119,IPC,,96
binary+conshuffle+wshuffle,chunk_11,119,KR,37.291666666666664,96
binary+conshuffle+wshuffle,chunk_11,119,MC,,96
binary+conshuffle+wshuffle,chunk_11,119,cosine_similarity,0.03274139948189255,96
binary+conshuffle+wshuffle,chunk_11,119,kl_to_gaussian,0.0,96
binary+conshuffle+wshuffle,chunk_11,119,wt_mean,0.002330878545762925,96
binary+conshuffle+wshuffle,chunk_12,120,GR,,96
binary+conshuffle+wshuffle,chunk_12,120,IPC,,96
binary+conshuffle+wshuffle,chunk_12,120,KR,32.083333333333336,96
binary+conshuffle+wshuffle,chunk_12,120,MC,,96
binary+conshuffle+wshuffle,chunk_12,120,cosine_similarity,0.024972256273031176,96
binary+conshuffle+wshuffle,chunk_12,120,kl_to_gaussian,0.0,96
binary+conshuffle+wshuffle,chunk_12,120,wt_mean,0.002367271838011175,96
binary+conshuffle+wshuffle,chunk_12,121,GR,,96
binary+conshuffle+wshuffle,chunk_12,121,IPC,,96
binary+conshuffle+wshuffle,chunk_12,121,KR,30.447916666666668,96
binary+conshuffle+wshuffle,chunk_12,121,MC,,96
binary+conshuffle+wshuffle,chunk_12,121,cosine_similarity,0.021087674424052173,96
binary+conshuffle+wshuffle,chunk_12,121,kl_to_gaussian,0.0,96
binary+conshuffle+wshuffle,chunk_12,121,wt_mean,0.0021548053482546748,96
binary+conshuffle+wshuffle,chunk_12,122,GR,,96
binary+conshuffle+wshuffle,chunk_12,122,IPC,,96
binary+conshuffle+wshuffle,chunk_12,122,KR,30.895833333333332,96
binary+conshuffle+wshuffle,chunk_12,122,MC,,96
binary+conshuffle+wshuffle,chunk_12,122,cosine_similarity,0.02580465655773875,96
binary+conshuffle+wshuffle,chunk_12,122,kl_to_gaussian,0.0,96
binary+conshuffle+wshuffle,chunk_12,122,wt_mean,0.00224399432772765,96
binary+conshuffle+wshuffle,chunk_12,123,GR,,96
binary+conshuffle+wshuffle,chunk_12,123,IPC,,96
binary+conshuffle+wshuffle,chunk_12,123,KR,28.458333333333332,96
binary+conshuffle+wshuffle,chunk_12,123,MC,,96
binary+conshuffle+wshuffle,chunk_12,123,cosine_similarity,0.027192009612917848,96
binary+conshuffle+wshuffle,chunk_12,123,kl_to_gaussian,0.0,96
binary+conshuffle+wshuffle,chunk_12,123,wt_mean,0.0021244490635581,96
binary+conshuffle+wshuffle,chunk_12,124,GR,,96
binary+conshuffle+wshuffle,chunk_12,124,IPC,,96
binary+conshuffle+wshuffle,chunk_12,124,KR,29.895833333333332,96
binary+conshuffle+wshuffle,chunk_12,124,MC,,96
binary+conshuffle+wshuffle,chunk_12,124,cosine_similarity,0.026082127820700324,96
binary+conshuffle+wshuffle,chunk_12,124,kl_to_gaussian,0.0,96
binary+conshuffle+wshuffle,chunk_12,124,wt_mean,0.00219653497333635,96
binary+conshuffle+wshuffle,chunk_12,125,GR,,96
binary+conshuffle+wshuffle,chunk_12,125,IPC,,96
binary+conshuffle+wshuffle,chunk_12,125,KR,33.78125,96
binary+conshuffle+wshuffle,chunk_12,125,MC,,96
binary+conshuffle+wshuffle,chunk_12,125,cosine_similarity,0.028024420142173698,96
binary+conshuffle+wshuffle,chunk_12,125,kl_to_gaussian,0.0,96
binary+conshuffle+wshuffle,chunk_12,125,wt_mean,0.002357945661060475,96
binary+conshuffle+wshuffle,chunk_12,126,GR,,96
binary+conshuffle+wshuffle,chunk_12,126,IPC,,96
binary+conshuffle+wshuffle,chunk_12,126,KR,32.510416666666664,96
binary+conshuffle+wshuffle,chunk_12,126,MC,,96
binary+conshuffle+wshuffle,chunk_12,126,cosine_similarity,0.02386237168684595,96
binary+conshuffle+wshuffle,chunk_12,126,kl_to_gaussian,0.0,96
binary+conshuffle+wshuffle,chunk_12,126,wt_mean,0.0021220887138042248,96
binary+conshuffle+wshuffle,chunk_12,127,GR,,96
binary+conshuffle+wshuffle,chunk_12,127,IPC,,96
binary+conshuffle+wshuffle,chunk_12,127,KR,27.479166666666668,96
binary+conshuffle+wshuffle,chunk_12,127,MC,,96
binary+conshuffle+wshuffle,chunk_12,127,cosine_similarity,0.024417306762188628,96
binary+conshuffle+wshuffle,chunk_12,127,kl_to_gaussian,0.0,96
binary+conshuffle+wshuffle,chunk_12,127,wt_mean,0.0021615603764075252,96
binary+conshuffle+wshuffle,chunk_12,128,GR,,96
binary+conshuffle+wshuffle,chunk_12,128,IPC,,96
binary+conshuffle+wshuffle,chunk_12,128,KR,34.84375,96
binary+conshuffle+wshuffle,chunk_12,128,MC,,96
binary+conshuffle+wshuffle,chunk_12,128,cosine_similarity,0.028856817632913503,96
binary+conshuffle+wshuffle,chunk_12,128,kl_to_gaussian,0.0,96
binary+conshuffle+wshuffle,chunk_12,128,wt_mean,0.0022656496148556,96
binary+conshuffle+wshuffle,chunk_12,129,GR,,96
binary+conshuffle+wshuffle,chunk_12,129,IPC,,96
binary+conshuffle+wshuffle,chunk_12,129,KR,31.6875,96
binary+conshuffle+wshuffle,chunk_12,129,MC,,96
binary+conshuffle+wshuffle,chunk_12,129,cosine_similarity,0.020532738883048275,96
binary+conshuffle+wshuffle,chunk_12,129,kl_to_gaussian,0.0,96
binary+conshuffle+wshuffle,chunk_12,129,wt_mean,0.0023025852569844,96
binary+conshuffle+wshuffle,chunk_13,130,GR,,96
binary+conshuffle+wshuffle,chunk_13,130,IPC,,96
binary+conshuffle+wshuffle,chunk_13,130,KR,31.927083333333332,96
binary+conshuffle+wshuffle,chunk_13,130,MC,,96
binary+conshuffle+wshuffle,chunk_13,130,cosine_similarity,0.029411769937723823,96
binary+conshuffle+wshuffle,chunk_13,130,kl_to_gaussian,0.0,96
binary+conshuffle+wshuffle,chunk_13,130,wt_mean,0.002252750826301,96
binary+conshuffle+wshuffle,chunk_13,131,GR,,96
binary+conshuffle+wshuffle,chunk_13,131,IPC,,96
binary+conshuffle+wshuffle,chunk_13,131,KR,34.395833333333336,96
binary+conshuffle+wshuffle,chunk_13,131,MC,,96
binary+conshuffle+wshuffle,chunk_13,131,cosine_similarity,0.02192008681595325,96
binary+conshuffle+wshuffle,chunk_13,131,kl_to_gaussian,0.0,96
binary+conshuffle+wshuffle,chunk_13,131,wt_mean,0.00231520467787045,96
binary+conshuffle+wshuffle,chunk_13,132,GR,,96
binary+conshuffle+wshuffle,chunk_13,132,IPC,,96
binary+conshuffle+wshuffle,chunk_13,132,KR,30.645833333333332,96
binary+conshuffle+wshuffle,chunk_13,132,MC,,96
binary+conshuffle+wshuffle,chunk_13,132,cosine_similarity,0.03190899360924957,96
binary+conshuffle+wshuffle,chunk_13,132,kl_to_gaussian,0.0,96
binary+conshuffle+wshuffle,chunk_13,132,wt_mean,0.002268373325932725,96
binary+conshuffle+wshuffle,chunk_13,133,GR,,96
binary+conshuffle+wshuffle,chunk_13,133,IPC,,96
binary+conshuffle+wshuffle,chunk_13,133,KR,35.71875,96
binary+conshuffle+wshuffle,chunk_13,133,MC,,96
binary+conshuffle+wshuffle,chunk_13,133,cosine_similarity,0.030521644279360726,96
binary+conshuffle+wshuffle,chunk_13,133,kl_to_gaussian,0.0,96
binary+conshuffle+wshuffle,chunk_13,133,wt_mean,0.0022599182557313997,96
binary+conshuffle+wshuffle,chunk_13,134,GR,,96
binary+conshuffle+wshuffle,chunk_13,134,IPC,,96
binary+conshuffle+wshuffle,chunk_13,134,KR,38.572916666666664,96
binary+conshuffle+wshuffle,chunk_13,134,MC,,96
binary+conshuffle+wshuffle,chunk_13,134,cosine_similarity,0.027469476219266598,96
binary+conshuffle+wshuffle,chunk_13,134,kl_to_gaussian,0.0,96
binary+conshuffle+wshuffle,chunk_13,134,wt_mean,0.002285769733134625,96
binary+conshuffle+wshuffle,chunk_13,135,GR,,96
binary+conshuffle+wshuffle,chunk_13,135,IPC,,96
binary+conshuffle+wshuffle,chunk_13,135,KR,30.75,96
binary+conshuffle+wshuffle,chunk_13,135,MC,,96
binary+conshuffle+wshuffle,chunk_13,135,cosine_similarity,0.025804665405303198,96
binary+conshuffle+wshuffle,chunk_13,135,kl_to_gaussian,0.0,96
binary+conshuffle+wshuffle,chunk_13,135,wt_mean,0.002186224970500875,96
binary+conshuffle+wshuffle,chunk_13,136,GR,,96
binary+conshuffle+wshuffle,chunk_13,136,IPC,,96
binary+conshuffle+wshuffle,chunk_13,136,KR,29.041666666666668,96
binary+conshuffle+wshuffle,chunk_13,136,MC,,96
binary+conshuffle+wshuffle,chunk_13,136,cosine_similarity,0.02968923095613715,96
binary+conshuffle+wshuffle,chunk_13,136,kl_to_gaussian,0.0,96
binary+conshuffle+wshuffle,chunk_13,136,wt_mean,0.0021986282081342752,96
binary+conshuffle+wshuffle,chunk_13,137,GR,,96
binary+conshuffle+wshuffle,chunk_13,137,IPC,,96
binary+conshuffle+wshuffle,chunk_13,137,KR,35.083333333333336,96
binary+conshuffle+wshuffle,chunk_13,137,MC,,96
binary+conshuffle+wshuffle,chunk_13,137,cosine_similarity,0.027192009612917848,96
binary+conshuffle+wshuffle,chunk_13,137,kl_to_gaussian,0.0,96
binary+conshuffle+wshuffle,chunk_13,137,wt_mean,0.0022283560829237,96
binary+conshuffle+wshuffle,chunk_13,138,GR,,96
binary+conshuffle+wshuffle,chunk_13,138,IPC,,96
binary+conshuffle+wshuffle,chunk_13,138,KR,38.208333333333336,96
binary+conshuffle+wshuffle,chunk_13,138,MC,,96
binary+conshuffle+wshuffle,chunk_13,138,cosine_similarity,0.02913429308682675,96
binary+conshuffle+wshuffle,chunk_13,138,kl_to_gaussian,0.0,96
binary+conshuffle+wshuffle,chunk_13,138,wt_mean,0.002253259910503375,96
binary+conshuffle+wshuffle,chunk_13,139,GR,,96
binary+conshuffle+wshuffle,chunk_13,139,IPC,,96
binary+conshuffle+wshuffle,chunk_13,139,KR,31.916666666666668,96
binary+conshuffle+wshuffle,chunk_13,139,MC,,96
binary+conshuffle+wshuffle,chunk_13,139,cosine_similarity,0.023862372152507225,96
binary+conshuffle+wshuffle,chunk_13,139,kl_to_gaussian,0.0,96
binary+conshuffle+wshuffle,chunk_13,139,wt_mean,0.002234153915196625,96
binary+conshuffle+wshuffle,chunk_14,140,GR,,96
binary+conshuffle+wshuffle,chunk_14,140,IPC,,96
binary+conshuffle+wshuffle,chunk_14,140,KR,36.239583333333336,96
binary+conshuffle+wshuffle,chunk_14,140,MC,,96
binary+conshuffle+wshuffle,chunk_14,140,cosine_similarity,0.02857935568317765,96
binary+conshuffle+wshuffle,chunk_14,140,kl_to_gaussian,0.0,96
binary+conshuffle+wshuffle,chunk_14,140,wt_mean,0.00244664310594085,96
binary+conshuffle+wshuffle,chunk_14,141,GR,,96
binary+conshuffle+wshuffle,chunk_14,141,IPC,,96
binary+conshuffle+wshuffle,chunk_14,141,KR,28.708333333333332,96
binary+conshuffle+wshuffle,chunk_14,141,MC,,96
binary+conshuffle+wshuffle,chunk_14,141,cosine_similarity,0.031076581217348548,96
binary+conshuffle+wshuffle,chunk_14,141,kl_to_gaussian,0.0,96
binary+conshuffle+wshuffle,chunk_14,141,wt_mean,0.00217806699220085,96
binary+conshuffle+wshuffle,chunk_14,142,GR,,96
binary+conshuffle+wshuffle,chunk_14,142,IPC,,96
binary+conshuffle+wshuffle,chunk_14,142,KR,30.552083333333332,96
binary+conshuffle+wshuffle,chunk_14,142,MC,,96
binary+conshuffle+wshuffle,chunk_14,142,cosine_similarity,0.0291342921555042,96
binary+conshuffle+wshuffle,chunk_14,142,kl_to_gaussian,0.0,96
binary+conshuffle+wshuffle,chunk_14,142,wt_mean,0.0022493779542855498,96
binary+conshuffle+wshuffle,chunk_14,143,GR,,96
binary+conshuffle+wshuffle,chunk_14,143,IPC,,96
binary+conshuffle+wshuffle,chunk_14,143,KR,39.114583333333336,96
binary+conshuffle+wshuffle,chunk_14,143,MC,,96
binary+conshuffle+wshuffle,chunk_14,143,cosine_similarity,0.02968924120068545,96
binary+conshuffle+wshuffle,chunk_14,143,kl_to_gaussian,0.0,96
binary+conshuffle+wshuffle,chunk_14,143,wt_mean,0.0023098813253454253,96
binary+conshuffle+wshuffle,chunk_14,144,GR,,96
binary+conshuffle+wshuffle,chunk_14,144,IPC,,96
binary+conshuffle+wshuffle,chunk_14,144,KR,30.770833333333332,96
binary+conshuffle+wshuffle,chunk_14,144,MC,,96
binary+conshuffle+wshuffle,chunk_14,144,cosine_similarity,0.016370697412639825,96
binary+conshuffle+wshuffle,chunk_14,144,kl_to_gaussian,0.0,96
binary+conshuffle+wshuffle,chunk_14,144,wt_mean,0.00233508236124175,96
binary+conshuffle+wshuffle,chunk_14,145,GR,,96
binary+conshuffle+wshuffle,chunk_14,145,IPC,,96
binary+conshuffle+wshuffle,chunk_14,145,KR,32.291666666666664,96
binary+conshuffle+wshuffle,chunk_14,145,MC,,96
binary+conshuffle+wshuffle,chunk_14,145,cosine_similarity,0.023862372618168523,96
binary+conshuffle+wshuffle,chunk_14,145,kl_to_gaussian,0.0,96
binary+conshuffle+wshuffle,chunk_14,145,wt_mean,0.0022038265306036247,96
binary+conshuffle+wshuffle,chunk_14,146,GR,,96
binary+conshuffle+wshuffle,chunk_14,146,IPC,,96
binary+conshuffle+wshuffle,chunk_14,146,KR,27.791666666666668,96
binary+conshuffle+wshuffle,chunk_14,146,MC,,96
binary+conshuffle+wshuffle,chunk_14,146,cosine_similarity,0.021642613690346424,96
binary+conshuffle+wshuffle,chunk_14,146,kl_to_gaussian,0.0,96
binary+conshuffle+wshuffle,chunk_14,146,wt_mean,0.002187302947277175,96
binary+conshuffle+wshuffle,chunk_14,147,GR,,96
binary+conshuffle+wshuffle,chunk_14,147,IPC,,96
binary+conshuffle+wshuffle,chunk_14,147,KR,30.8125,96
binary+conshuffle+wshuffle,chunk_14,147,MC,,96
binary+conshuffle+wshuffle,chunk_14,147,cosine_similarity,0.01970033627003425,96
binary+conshuffle+wshuffle,chunk_14,147,kl_to_gaussian,0.0,96
binary+conshuffle+wshuffle,chunk_14,147,wt_mean,0.0022206380090210253,96
binary+conshuffle+wshuffle,chunk_14,148,GR,,96
binary+conshuffle+wshuffle,chunk_14,148,IPC,,96
binary+conshuffle+wshuffle,chunk_14,148,KR,31.25,96
binary+conshuffle+wshuffle,chunk_14,148,MC,,96
binary+conshuffle+wshuffle,chunk_14,148,cosine_similarity,0.030799109954386897,96
binary+conshuffle+wshuffle,chunk_14,148,kl_to_gaussian,0.0,96
binary+conshuffle+wshuffle,chunk_14,148,wt_mean,0.002265757531858925,96
binary+conshuffle+wshuffle,chunk_14,149,GR,,96
binary+conshuffle+wshuffle,chunk_14,149,IPC,,96
binary+conshuffle+wshuffle,chunk_14,149,KR,27.885416666666668,96
binary+conshuffle+wshuffle,chunk_14,149,MC,,96
binary+conshuffle+wshuffle,chunk_14,149,cosine_similarity,0.029134294483810625,96
binary+conshuffle+wshuffle,chunk_14,149,kl_to_gaussian,0.0,96
binary+conshuffle+wshuffle,chunk_14,149,wt_mean,0.0022058158065191747,96
binary+conshuffle+wshuffle,chunk_15,150,GR,,96
binary+conshuffle+wshuffle,chunk_15,150,IPC,,96
binary+conshuffle+wshuffle,chunk_15,150,KR,37.03125,96
binary+conshuffle+wshuffle,chunk_15,150,MC,,96
binary+conshuffle+wshuffle,chunk_15,150,cosine_similarity,0.023584907874464923,96
binary+conshuffle+wshuffle,chunk_15,150,kl_to_gaussian,0.0,96
binary+conshuffle+wshuffle,chunk_15,150,wt_mean,0.0022902068740222,96
binary+conshuffle+wshuffle,chunk_15,151,GR,,96
binary+conshuffle+wshuffle,chunk_15,151,IPC,,96
binary+conshuffle+wshuffle,chunk_15,151,KR,35.614583333333336,96
binary+conshuffle+wshuffle,chunk_15,151,MC,,96
binary+conshuffle+wshuffle,chunk_15,151,cosine_similarity,0.023029967211186848,96
binary+conshuffle+wshuffle,chunk_15,151,kl_to_gaussian,0.0,96
binary+conshuffle+wshuffle,chunk_15,151,wt_mean,0.0023938418598845,96
binary+conshuffle+wshuffle,chunk_15,152,GR,,96
binary+conshuffle+wshuffle,chunk_15,152,IPC,,96
binary+conshuffle+wshuffle,chunk_15,152,KR,35.208333333333336,96
binary+conshuffle+wshuffle,chunk_15,152,MC,,96
binary+conshuffle+wshuffle,chunk_15,152,cosine_similarity,0.021642614621669,96
binary+conshuffle+wshuffle,chunk_15,152,kl_to_gaussian,0.0,96
binary+conshuffle+wshuffle,chunk_15,152,wt_mean,0.002290509379235975,96
binary+conshuffle+wshuffle,chunk_15,153,GR,,96
binary+conshuffle+wshuffle,chunk_15,153,IPC,,96
binary+conshuffle+wshuffle,chunk_15,153,KR,37.927083333333336,96
binary+conshuffle+wshuffle,chunk_15,153,MC,,96
binary+conshuffle+wshuffle,chunk_15,153,cosine_similarity,0.024972250685095728,96
binary+conshuffle+wshuffle,chunk_15,153,kl_to_gaussian,0.0,96
binary+conshuffle+wshuffle,chunk_15,153,wt_mean,0.002438254159642325,96
binary+conshuffle+wshuffle,chunk_15,154,GR,,96
binary+conshuffle+wshuffle,chunk_15,154,IPC,,96
binary+conshuffle+wshuffle,chunk_15,154,KR,32.916666666666664,96
binary+conshuffle+wshuffle,chunk_15,154,MC,,96
binary+conshuffle+wshuffle,chunk_15,154,cosine_similarity,0.02857935149222605,96
binary+conshuffle+wshuffle,chunk_15,154,kl_to_gaussian,0.0,96
binary+conshuffle+wshuffle,chunk_15,154,wt_mean,0.002287465002154875,96
binary+conshuffle+wshuffle,chunk_15,155,GR,,96
binary+conshuffle+wshuffle,chunk_15,155,IPC,,96
binary+conshuffle+wshuffle,chunk_15,155,KR,34.010416666666664,96
binary+conshuffle+wshuffle,chunk_15,155,MC,,96
binary+conshuffle+wshuffle,chunk_15,155,cosine_similarity,0.024694778025150247,96
binary+conshuffle+wshuffle,chunk_15,155,kl_to_gaussian,0.0,96
binary+conshuffle+wshuffle,chunk_15,155,wt_mean,0.0022701023262925,96
binary+conshuffle+wshuffle,chunk_15,156,GR,,96
binary+conshuffle+wshuffle,chunk_15,156,IPC,,96
binary+conshuffle+wshuffle,chunk_15,156,KR,39.03125,96
binary+conshuffle+wshuffle,chunk_15,156,MC,,96
binary+conshuffle+wshuffle,chunk_15,156,cosine_similarity,0.024417312350124076,96
binary+conshuffle+wshuffle,chunk_15,156,kl_to_gaussian,0.0,96
binary+conshuffle+wshuffle,chunk_15,156,wt_mean,0.0024461798020638,96
binary+conshuffle+wshuffle,chunk_15,157,GR,,96
binary+conshuffle+wshuffle,chunk_15,157,IPC,,96
binary+conshuffle+wshuffle,chunk_15,157,KR,31.697916666666668,96
binary+conshuffle+wshuffle,chunk_15,157,MC,,96
binary+conshuffle+wshuffle,chunk_15,157,cosine_similarity,0.02802441129460925,96
binary+conshuffle+wshuffle,chunk_15,157,kl_to_gaussian,0.0,96
binary+conshuffle+wshuffle,chunk_15,157,wt_mean,0.00222915780614125,96
binary+conshuffle+wshuffle,chunk_15,158,GR,,96
binary+conshuffle+wshuffle,chunk_15,158,IPC,,96
binary+conshuffle+wshuffle,chunk_15,158,KR,33.604166666666664,96
binary+conshuffle+wshuffle,chunk_15,158,MC,,96
binary+conshuffle+wshuffle,chunk_15,158,cosine_similarity,0.022752501536160676,96
binary+conshuffle+wshuffle,chunk_15,158,kl_to_gaussian,0.0,96
binary+conshuffle+wshuffle,chunk_15,158,wt_mean,0.002227473218226775,96
binary+conshuffle+wshuffle,chunk_15,159,GR,,96
binary+conshuffle+wshuffle,chunk_15,159,IPC,,96
binary+conshuffle+wshuffle,chunk_15,159,KR,31.895833333333332,96
binary+conshuffle+wshuffle,chunk_15,159,MC,,96
binary+conshuffle+wshuffle,chunk_15,159,cosine_similarity,0.016925634816288875,96
binary+conshuffle+wshuffle,chunk_15,159,kl_to_gaussian,0.0,96
binary+conshuffle+wshuffle,chunk_15,159,wt_mean,0.002263985865283725,96
binary+conshuffle+wshuffle,chunk_16,160,GR,,96
binary+conshuffle+wshuffle,chunk_16,160,IPC,,96
binary+conshuffle+wshuffle,chunk_16,160,KR,28.739583333333332,96
binary+conshuffle+wshuffle,chunk_16,160,MC,,96
binary+conshuffle+wshuffle,chunk_16,160,cosine_similarity,0.0277469493448734,96
binary+conshuffle+wshuffle,chunk_16,160,kl_to_gaussian,0.0,96
binary+conshuffle+wshuffle,chunk_16,160,wt_mean,0.002135069167707075,96
binary+conshuffle+wshuffle,chunk_16,161,GR,,96
binary+conshuffle+wshuffle,chunk_16,161,IPC,,96
binary+conshuffle+wshuffle,chunk_16,161,KR,34.0625,96
binary+conshuffle+wshuffle,chunk_16,161,MC,,96
binary+conshuffle+wshuffle,chunk_16,161,cosine_similarity,0.027192010544240423,96
binary+conshuffle+wshuffle,chunk_16,161,kl_to_gaussian,0.0,96
binary+conshuffle+wshuffle,chunk_16,161,wt_mean,0.0022721311543136,96
binary+conshuffle+wshuffle,chunk_16,162,GR,,96
binary+conshuffle+wshuffle,chunk_16,162,IPC,,96
binary+conshuffle+wshuffle,chunk_16,162,KR,31.604166666666668,96
binary+conshuffle+wshuffle,chunk_16,162,MC,,96
binary+conshuffle+wshuffle,chunk_16,162,cosine_similarity,0.026637059170752722,96
binary+conshuffle+wshuffle,chunk_16,162,kl_to_gaussian,0.0,96
binary+conshuffle+wshuffle,chunk_16,162,wt_mean,0.0022991996665950253,96
binary+conshuffle+wshuffle,chunk_16,163,GR,,96
binary+conshuffle+wshuffle,chunk_16,163,IPC,,96
binary+conshuffle+wshuffle,chunk_16,163,KR,30.40625,96
binary+conshuffle+wshuffle,chunk_16,163,MC,,96
binary+conshuffle+wshuffle,chunk_16,163,cosine_similarity,0.0238623730838298,96
binary+conshuffle+wshuffle,chunk_16,163,kl_to_gaussian,0.0,96
binary+conshuffle+wshuffle,chunk_16,163,wt_mean,0.002268834243295675,96
binary+conshuffle+wshuffle,chunk_16,164,GR,,96
binary+conshuffle+wshuffle,chunk_16,164,IPC,,96
binary+conshuffle+wshuffle,chunk_16,164,KR,31.541666666666668,96
binary+conshuffle+wshuffle,chunk_16,164,MC,,96
binary+conshuffle+wshuffle,chunk_16,164,cosine_similarity,0.026914542075246548,96
binary+conshuffle+wshuffle,chunk_16,164,kl_to_gaussian,0.0,96
binary+conshuffle+wshuffle,chunk_16,164,wt_mean,0.00221164649701675,96
binary+conshuffle+wshuffle,chunk_16,165,GR,,96
binary+conshuffle+wshuffle,chunk_16,165,IPC,,96
binary+conshuffle+wshuffle,chunk_16,165,KR,34.114583333333336,96
binary+conshuffle+wshuffle,chunk_16,165,MC,,96
binary+conshuffle+wshuffle,chunk_16,165,cosine_similarity,0.026914541143923974,96
binary+conshuffle+wshuffle,chunk_16,165,kl_to_gaussian,0.0,96
binary+conshuffle+wshuffle,chunk_16,165,wt_mean,0.0023745175567455247,96
binary+conshuffle+wshuffle,chunk_16,166,GR,,96
binary+conshuffle+wshuffle,chunk_16,166,IPC,,96
binary+conshuffle+wshuffle,chunk_16,166,KR,37.145833333333336,96
binary+conshuffle+wshuffle,chunk_16,166,MC,,96
binary+conshuffle+wshuffle,chunk_16,166,cosine_similarity,0.024694785010069525,96
binary+conshuffle+wshuffle,chunk_16,166,kl_to_gaussian,0.0,96
binary+conshuffle+wshuffle,chunk_16,166,wt_mean,0.0021988915686961,96
binary+conshuffle+wshuffle,chunk_16,167,GR,,96
binary+conshuffle+wshuffle,chunk_16,167,IPC,,96
binary+conshuffle+wshuffle,chunk_16,167,KR,34.375,96
binary+conshuffle+wshuffle,chunk_16,167,MC,,96
binary+conshuffle+wshuffle,chunk_16,167,cosine_similarity,0.027469480875879453,96
binary+conshuffle+wshuffle,chunk_16,167,kl_to_gaussian,0.0,96
binary+conshuffle+wshuffle,chunk_16,167,wt_mean,0.00224698393139985,96
binary+conshuffle+wshuffle,chunk_16,168,GR,,96
binary+conshuffle+wshuffle,chunk_16,168,IPC,,96
binary+conshuffle+wshuffle,chunk_16,168,KR,34.489583333333336,96
binary+conshuffle+wshuffle,chunk_16,168,MC,,96
binary+conshuffle+wshuffle,chunk_16,168,cosine_similarity,0.0266370703466236,96
binary+conshuffle+wshuffle,chunk_16,168,kl_to_gaussian,0.0,96
binary+conshuffle+wshuffle,chunk_16,168,wt_mean,0.002254683204228025,96
binary+conshuffle+wshuffle,chunk_16,169,GR,,96
binary+conshuffle+wshuffle,chunk_16,169,IPC,,96
binary+conshuffle+wshuffle,chunk_16,169,KR,34.322916666666664,96
binary+conshuffle+wshuffle,chunk_16,169,MC,,96
binary+conshuffle+wshuffle,chunk_16,169,cosine_similarity,0.02441731328144665,96
binary+conshuffle+wshuffle,chunk_16,169,kl_to_gaussian,0.0,96
binary+conshuffle+wshuffle,chunk_16,169,wt_mean,0.002298346866155,96
binary+conshuffle+wshuffle,chunk_17,170,GR,,96
binary+conshuffle+wshuffle,chunk_17,170,IPC,,96
binary+conshuffle+wshuffle,chunk_17,170,KR,35.177083333333336,96
binary+conshuffle+wshuffle,chunk_17,170,MC,,96
binary+conshuffle+wshuffle,chunk_17,170,cosine_similarity,0.023307432420551725,96
binary+conshuffle+wshuffle,chunk_17,170,kl_to_gaussian,0.0,96
binary+conshuffle+wshuffle,chunk_17,170,wt_mean,0.0023523095878772,96
binary+conshuffle+wshuffle,chunk_17,171,GR,,96
binary+conshuffle+wshuffle,chunk_17,171,IPC,,96
binary+conshuffle+wshuffle,chunk_17,171,KR,31.46875,96
binary+conshuffle+wshuffle,chunk_17,171,MC,,96
binary+conshuffle+wshuffle,chunk_17,171,cosine_similarity,0.026914539281278824,96
binary+conshuffle+wshuffle,chunk_17,171,kl_to_gaussian,0.0,96
binary+conshuffle+wshuffle,chunk_17,171,wt_mean,0.0022423123591579,96
binary+conshuffle+wshuffle,chunk_17,172,GR,,96
binary+conshuffle+wshuffle,chunk_17,172,IPC,,96
binary+conshuffle+wshuffle,chunk_17,172,KR,35.34375,96
binary+conshuffle+wshuffle,chunk_17,172,MC,,96
binary+conshuffle+wshuffle,chunk_17,172,cosine_similarity,0.02108767814934247,96
binary+conshuffle+wshuffle,chunk_17,172,kl_to_gaussian,0.0,96
binary+conshuffle+wshuffle,chunk_17,172,wt_mean,0.00234358635498205,96
binary+conshuffle+wshuffle,chunk_17,173,GR,,96
binary+conshuffle+wshuffle,chunk_17,173,IPC,,96
binary+conshuffle+wshuffle,chunk_17,173,KR,33.90625,96
binary+conshuffle+wshuffle,chunk_17,173,MC,,96
binary+conshuffle+wshuffle,chunk_17,173,cosine_similarity,0.016093228012323324,96
binary+conshuffle+wshuffle,chunk_17,173,kl_to_gaussian,0.0,96
binary+conshuffle+wshuffle,chunk_17,173,wt_mean,0.00230859054136085,96
binary+conshuffle+wshuffle,chunk_17,174,GR,,96
binary+conshuffle+wshuffle,chunk_17,174,IPC,,96
binary+conshuffle+wshuffle,chunk_17,174,KR,33.427083333333336,96
binary+conshuffle+wshuffle,chunk_17,174,MC,,96
binary+conshuffle+wshuffle,chunk_17,174,cosine_similarity,0.026637069415301046,96
binary+conshuffle+wshuffle,chunk_17,174,kl_to_gaussian,0.0,96
binary+conshuffle+wshuffle,chunk_17,174,wt_mean,0.0022723193687852,96
binary+conshuffle+wshuffle,chunk_17,175,GR,,96
binary+conshuffle+wshuffle,chunk_17,175,IPC,,96
binary+conshuffle+wshuffle,chunk_17,175,KR,32.552083333333336,96
binary+conshuffle+wshuffle,chunk_17,175,MC,,96
binary+conshuffle+wshuffle,chunk_17,175,cosine_similarity,0.023584906477481075,96
binary+conshuffle+wshuffle,chunk_17,175,kl_to_gaussian,0.0,96
binary+conshuffle+wshuffle,chunk_17,175,wt_mean,0.0022008562227710748,96
binary+conshuffle+wshuffle,chunk_17,176,GR,,96
binary+conshuffle+wshuffle,chunk_17,176,IPC,,96
binary+conshuffle+wshuffle,chunk_17,176,KR,29.0,96
binary+conshuffle+wshuffle,chunk_17,176,MC,,96
binary+conshuffle+wshuffle,chunk_17,176,cosine_similarity,0.0241398438811302,96
binary+conshuffle+wshuffle,chunk_17,176,kl_to_gaussian,0.0,96
binary+conshuffle+wshuffle,chunk_17,176,wt_mean,0.00221810778020875,96
binary+conshuffle+wshuffle,chunk_17,177,GR,,96
binary+conshuffle+wshuffle,chunk_17,177,IPC,,96
binary+conshuffle+wshuffle,chunk_17,177,KR,34.729166666666664,96
binary+conshuffle+wshuffle,chunk_17,177,MC,,96
binary+conshuffle+wshuffle,chunk_17,177,cosine_similarity,0.022752502933144524,96
binary+conshuffle+wshuffle,chunk_17,177,kl_to_gaussian,0.0,96
binary+conshuffle+wshuffle,chunk_17,177,wt_mean,0.00225014938041565,96
binary+conshuffle+wshuffle,chunk_17,178,GR,,96
binary+conshuffle+wshuffle,chunk_17,178,IPC,,96
binary+conshuffle+wshuffle,chunk_17,178,KR,32.229166666666664,96
binary+conshuffle+wshuffle,chunk_17,178,MC,,96
binary+conshuffle+wshuffle,chunk_17,178,cosine_similarity,0.01997779449447985,96
binary+conshuffle+wshuffle,chunk_17,178,kl_to_gaussian,0.0,96
binary+conshuffle+wshuffle,chunk_17,178,wt_mean,0.00231460374197915,96
binary+conshuffle+wshuffle,chunk_17,179,GR,,96
binary+conshuffle+wshuffle,chunk_17,179,IPC,,96
binary+conshuffle+wshuffle,chunk_17,179,KR,28.895833333333332,96
binary+conshuffle+wshuffle,chunk_17,179,MC,,96
binary+conshuffle+wshuffle,chunk_17,179,cosine_similarity,0.025249721948057375,96
binary+conshuffle+wshuffle,chunk_17,179,kl_to_gaussian,0.0,96
binary+conshuffle+wshuffle,chunk_17,179,wt_mean,0.0022871799010317252,96
binary+conshuffle+wshuffle,chunk_18,180,GR,,96
binary+conshuffle+wshuffle,chunk_18,180,IPC,,96
binary+conshuffle+wshuffle,chunk_18,180,KR,32.239583333333336,96
binary+conshuffle+wshuffle,chunk_18,180,MC,,96
binary+conshuffle+wshuffle,chunk_18,180,cosine_similarity,0.0271920012310147,96
binary+conshuffle+wshuffle,chunk_18,180,kl_to_gaussian,0.0,96
binary+conshuffle+wshuffle,chunk_18,180,wt_mean,0.0023465987760573,96
binary+conshuffle+wshuffle,chunk_18,181,GR,,96
binary+conshuffle+wshuffle,chunk_18,181,IPC,,96
binary+conshuffle+wshuffle,chunk_18,181,KR,45.208333333333336,96
binary+conshuffle+wshuffle,chunk_18,181,MC,,96
binary+conshuffle+wshuffle,chunk_18,181,cosine_similarity,0.023584899026900474,96
binary+conshuffle+wshuffle,chunk_18,181,kl_to_gaussian,0.0,96
binary+conshuffle+wshuffle,chunk_18,181,wt_mean,0.0025211620086338002,96
binary+conshuffle+wshuffle,chunk_18,182,GR,,96
binary+conshuffle+wshuffle,chunk_18,182,IPC,,96
binary+conshuffle+wshuffle,chunk_18,182,KR,33.260416666666664,96
binary+conshuffle+wshuffle,chunk_18,182,MC,,96
binary+conshuffle+wshuffle,chunk_18,182,cosine_similarity,0.0241398424841463,96
binary+conshuffle+wshuffle,chunk_18,182,kl_to_gaussian,0.0,96
binary+conshuffle+wshuffle,chunk_18,182,wt_mean,0.002308880793862,96
binary+conshuffle+wshuffle,chunk_18,183,GR,,96
binary+conshuffle+wshuffle,chunk_18,183,IPC,,96
binary+conshuffle+wshuffle,chunk_18,183,KR,35.3125,96
binary+conshuffle+wshuffle,chunk_18,183,MC,,96
binary+conshuffle+wshuffle,chunk_18,183,cosine_similarity,0.0197003297507762,96
binary+conshuffle+wshuffle,chunk_18,183,kl_to_gaussian,0.0,96
binary+conshuffle+wshuffle,chunk_18,183,wt_mean,0.002372906077653125,96
binary+conshuffle+wshuffle,chunk_18,184,GR,,96
binary+conshuffle+wshuffle,chunk_18,184,IPC,,96
binary+conshuffle+wshuffle,chunk_18,184,KR,34.9375,96
binary+conshuffle+wshuffle,chunk_18,184,MC,,96
binary+conshuffle+wshuffle,chunk_18,184,cosine_similarity,0.02386237494647495,96
binary+conshuffle+wshuffle,chunk_18,184,kl_to_gaussian,0.0,96
binary+conshuffle+wshuffle,chunk_18,184,wt_mean,0.002218303910922225,96
binary+conshuffle+wshuffle,chunk_18,185,GR,,96
binary+conshuffle+wshuffle,chunk_18,185,IPC,,96
binary+conshuffle+wshuffle,chunk_18,185,KR,34.3125,96
binary+conshuffle+wshuffle,chunk_18,185,MC,,96
binary+conshuffle+wshuffle,chunk_18,185,cosine_similarity,0.023307435214519473,96
binary+conshuffle+wshuffle,chunk_18,185,kl_to_gaussian,0.0,96
binary+conshuffle+wshuffle,chunk_18,185,wt_mean,0.002386662992648725,96
binary+conshuffle+wshuffle,chunk_18,186,GR,,96
binary+conshuffle+wshuffle,chunk_18,186,IPC,,96
binary+conshuffle+wshuffle,chunk_18,186,KR,32.395833333333336,96
binary+conshuffle+wshuffle,chunk_18,186,MC,,96
binary+conshuffle+wshuffle,chunk_18,186,cosine_similarity,0.031631530262529774,96
binary+conshuffle+wshuffle,chunk_18,186,kl_to_gaussian,0.0,96
binary+conshuffle+wshuffle,chunk_18,186,wt_mean,0.002348950074519925,96
binary+conshuffle+wshuffle,chunk_18,187,GR,,96
binary+conshuffle+wshuffle,chunk_18,187,IPC,,96
binary+conshuffle+wshuffle,chunk_18,187,KR,33.041666666666664,96
binary+conshuffle+wshuffle,chunk_18,187,MC,,96
binary+conshuffle+wshuffle,chunk_18,187,cosine_similarity,0.024694788735359824,96
binary+conshuffle+wshuffle,chunk_18,187,kl_to_gaussian,0.0,96
binary+conshuffle+wshuffle,chunk_18,187,wt_mean,0.0023068985028657503,96
binary+conshuffle+wshuffle,chunk_18,188,GR,,96
binary+conshuffle+wshuffle,chunk_18,188,IPC,,96
binary+conshuffle+wshuffle,chunk_18,188,KR,31.385416666666668,96
binary+conshuffle+wshuffle,chunk_18,188,MC,,96
binary+conshuffle+wshuffle,chunk_18,188,cosine_similarity,0.02275249827653165,96
binary+conshuffle+wshuffle,chunk_18,188,kl_to_gaussian,0.0,96
binary+conshuffle+wshuffle,chunk_18,188,wt_mean,0.002138763171387775,96
binary+conshuffle+wshuffle,chunk_18,189,GR,,96
binary+conshuffle+wshuffle,chunk_18,189,IPC,,96
binary+conshuffle+wshuffle,chunk_18,189,KR,33.25,96
binary+conshuffle+wshuffle,chunk_18,189,MC,,96
binary+conshuffle+wshuffle,chunk_18,189,cosine_similarity,0.02164262020960445,96
binary+conshuffle+wshuffle,chunk_18,189,kl_to_gaussian,0.0,96
binary+conshuffle+wshuffle,chunk_18,189,wt_mean,0.002430674445349675,96
binary+conshuffle+wshuffle,chunk_19,190,GR,,96
binary+conshuffle+wshuffle,chunk_19,190,IPC,,96
binary+conshuffle+wshuffle,chunk_19,190,KR,31.15625,96
binary+conshuffle+wshuffle,chunk_19,190,MC,,96
binary+conshuffle+wshuffle,chunk_19,190,cosine_similarity,0.0235849022865295,96
binary+conshuffle+wshuffle,chunk_19,190,kl_to_gaussian,0.0,96
binary+conshuffle+wshuffle,chunk_19,190,wt_mean,0.00222355048754245,96
binary+conshuffle+wshuffle,chunk_19,191,GR,,96
binary+conshuffle+wshuffle,chunk_19,191,IPC,,96
binary+conshuffle+wshuffle,chunk_19,191,KR,33.229166666666664,96
binary+conshuffle+wshuffle,chunk_19,191,MC,,96
binary+conshuffle+wshuffle,chunk_19,191,cosine_similarity,0.027469469700008575,96
binary+conshuffle+wshuffle,chunk_19,191,kl_to_gaussian,0.0,96
binary+conshuffle+wshuffle,chunk_19,191,wt_mean,0.002274015190778225,96
binary+conshuffle+wshuffle,chunk_19,192,GR,,96
binary+conshuffle+wshuffle,chunk_19,192,IPC,,96
binary+conshuffle+wshuffle,chunk_19,192,KR,32.416666666666664,96
binary+conshuffle+wshuffle,chunk_19,192,MC,,96
binary+conshuffle+wshuffle,chunk_19,192,cosine_similarity,0.025249721948057347,96
binary+conshuffle+wshuffle,chunk_19,192,kl_to_gaussian,0.0,96
binary+conshuffle+wshuffle,chunk_19,192,wt_mean,0.002176497830077975,96
binary+conshuffle+wshuffle,chunk_19,193,GR,,96
binary+conshuffle+wshuffle,chunk_19,193,IPC,,96
binary+conshuffle+wshuffle,chunk_19,193,KR,31.083333333333332,96
binary+conshuffle+wshuffle,chunk_19,193,MC,,96
binary+conshuffle+wshuffle,chunk_19,193,cosine_similarity,0.0205327421426773,96
binary+conshuffle+wshuffle,chunk_19,193,kl_to_gaussian,0.0,96
binary+conshuffle+wshuffle,chunk_19,193,wt_mean,0.002233117847936175,96
binary+conshuffle+wshuffle,chunk_19,194,GR,,96
binary+conshuffle+wshuffle,chunk_19,194,IPC,,96
binary+conshuffle+wshuffle,chunk_19,194,KR,33.020833333333336,96
binary+conshuffle+wshuffle,chunk_19,194,MC,,96
binary+conshuffle+wshuffle,chunk_19,194,cosine_similarity,0.02746947063133115,96
binary+conshuffle+wshuffle,chunk_19,194,kl_to_gaussian,0.0,96
binary+conshuffle+wshuffle,chunk_19,194,wt_mean,0.0022605698904953502,96
binary+conshuffle+wshuffle,chunk_19,195,GR,,96
binary+conshuffle+wshuffle,chunk_19,195,IPC,,96
binary+conshuffle+wshuffle,chunk_19,195,KR,31.125,96
binary+conshuffle+wshuffle,chunk_19,195,MC,,96
binary+conshuffle+wshuffle,chunk_19,195,cosine_similarity,0.0258046621456742,96
binary+conshuffle+wshuffle,chunk_19,195,kl_to_gaussian,0.0,96
binary+conshuffle+wshuffle,chunk_19,195,wt_mean,0.002265836141304975,96
binary+conshuffle+wshuffle,chunk_19,196,GR,,96
binary+conshuffle+wshuffle,chunk_19,196,IPC,,96
binary+conshuffle+wshuffle,chunk_19,196,KR,29.65625,96
binary+conshuffle+wshuffle,chunk_19,196,MC,,96
binary+conshuffle+wshuffle,chunk_19,196,cosine_similarity,0.026082135736942225,96
binary+conshuffle+wshuffle,chunk_19,196,kl_to_gaussian,0.0,96
binary+conshuffle+wshuffle,chunk_19,196,wt_mean,0.0022084559896029,96
binary+conshuffle+wshuffle,chunk_19,197,GR,,96
binary+conshuffle+wshuffle,chunk_19,197,IPC,,96
binary+conshuffle+wshuffle,chunk_19,197,KR,32.4375,96
binary+conshuffle+wshuffle,chunk_19,197,MC,,96
binary+conshuffle+wshuffle,chunk_19,197,cosine_similarity,0.021087675355374726,96
binary+conshuffle+wshuffle,chunk_19,197,kl_to_gaussian,0.0,96
binary+conshuffle+wshuffle,chunk_19,197,wt_mean,0.00222527870209885,96
binary+conshuffle+wshuffle,chunk_19,198,GR,,96
binary+conshuffle+wshuffle,chunk_19,198,IPC,,96
binary+conshuffle+wshuffle,chunk_19,198,KR,35.833333333333336,96
binary+conshuffle+wshuffle,chunk_19,198,MC,,96
binary+conshuffle+wshuffle,chunk_19,198,cosine_similarity,0.0263595986180007,96
binary+conshuffle+wshuffle,chunk_19,198,kl_to_gaussian,0.0,96
binary+conshuffle+wshuffle,chunk_19,198,wt_mean,0.00230255746282635,96
binary+conshuffle+wshuffle,chunk_19,199,GR,,96
binary+conshuffle+wshuffle,chunk_19,199,IPC,,96
binary+conshuffle+wshuffle,chunk_19,199,KR,32.239583333333336,96
binary+conshuffle+wshuffle,chunk_19,199,MC,,96
binary+conshuffle+wshuffle,chunk_19,199,cosine_similarity,0.0283018792979419,96
binary+conshuffle+wshuffle,chunk_19,199,kl_to_gaussian,0.0,96
binary+conshuffle+wshuffle,chunk_19,199,wt_mean,0.0021704446699004,96
binary+conshuffle+wshuffle,chunk_2,20,GR,,96
binary+conshuffle+wshuffle,chunk_2,20,IPC,,96
binary+conshuffle+wshuffle,chunk_2,20,KR,39.34375,96
binary+conshuffle+wshuffle,chunk_2,20,MC,,96
binary+conshuffle+wshuffle,chunk_2,20,cosine_similarity,0.030244168359786227,96
binary+conshuffle+wshuffle,chunk_2,20,kl_to_gaussian,0.0,96
binary+conshuffle+wshuffle,chunk_2,20,wt_mean,0.0022952253639231747,96
binary+conshuffle+wshuffle,chunk_2,21,GR,,96
binary+conshuffle+wshuffle,chunk_2,21,IPC,,96
binary+conshuffle+wshuffle,chunk_2,21,KR,34.34375,96
binary+conshuffle+wshuffle,chunk_2,21,MC,,96
binary+conshuffle+wshuffle,chunk_2,21,cosine_similarity,0.026914535555988526,96
binary+conshuffle+wshuffle,chunk_2,21,kl_to_gaussian,0.0,96
binary+conshuffle+wshuffle,chunk_2,21,wt_mean,0.0023905554262455,96
binary+conshuffle+wshuffle,chunk_2,22,GR,,96
binary+conshuffle+wshuffle,chunk_2,22,IPC,,96
binary+conshuffle+wshuffle,chunk_2,22,KR,29.041666666666668,96
binary+conshuffle+wshuffle,chunk_2,22,MC,,96
binary+conshuffle+wshuffle,chunk_2,22,cosine_similarity,0.022197561804205124,96
binary+conshuffle+wshuffle,chunk_2,22,kl_to_gaussian,0.0,96
binary+conshuffle+wshuffle,chunk_2,22,wt_mean,0.0022828834189567,96
binary+conshuffle+wshuffle,chunk_2,23,GR,,96
binary+conshuffle+wshuffle,chunk_2,23,IPC,,96
binary+conshuffle+wshuffle,chunk_2,23,KR,26.9375,96
binary+conshuffle+wshuffle,chunk_2,23,MC,,96
binary+conshuffle+wshuffle,chunk_2,23,cosine_similarity,0.029134288430213873,96
binary+conshuffle+wshuffle,chunk_2,23,kl_to_gaussian,0.0,96
binary+conshuffle+wshuffle,chunk_2,23,wt_mean,0.00213603946031065,96
binary+conshuffle+wshuffle,chunk_2,24,GR,,96
binary+conshuffle+wshuffle,chunk_2,24,IPC,,96
binary+conshuffle+wshuffle,chunk_2,24,KR,30.208333333333332,96
binary+conshuffle+wshuffle,chunk_2,24,MC,,96
binary+conshuffle+wshuffle,chunk_2,24,cosine_similarity,0.029411766678094798,96
binary+conshuffle+wshuffle,chunk_2,24,kl_to_gaussian,0.0,96
binary+conshuffle+wshuffle,chunk_2,24,wt_mean,0.0022238157980609,96
binary+conshuffle+wshuffle,chunk_2,25,GR,,96
binary+conshuffle+wshuffle,chunk_2,25,IPC,,96
binary+conshuffle+wshuffle,chunk_2,25,KR,32.46875,96
binary+conshuffle+wshuffle,chunk_2,25,MC,,96
binary+conshuffle+wshuffle,chunk_2,25,cosine_similarity,0.025527189485728727,96
binary+conshuffle+wshuffle,chunk_2,25,kl_to_gaussian,0.0,96
binary+conshuffle+wshuffle,chunk_2,25,wt_mean,0.002352901356061875,96
binary+conshuffle+wshuffle,chunk_2,26,GR,,96
binary+conshuffle+wshuffle,chunk_2,26,IPC,,96
binary+conshuffle+wshuffle,chunk_2,26,KR,37.854166666666664,96
binary+conshuffle+wshuffle,chunk_2,26,MC,,96
binary+conshuffle+wshuffle,chunk_2,26,cosine_similarity,0.0238623772747814,96
binary+conshuffle+wshuffle,chunk_2,26,kl_to_gaussian,0.0,96
binary+conshuffle+wshuffle,chunk_2,26,wt_mean,0.002528235374484175,96
binary+conshuffle+wshuffle,chunk_2,27,GR,,96
binary+conshuffle+wshuffle,chunk_2,27,IPC,,96
binary+conshuffle+wshuffle,chunk_2,27,KR,33.177083333333336,96
binary+conshuffle+wshuffle,chunk_2,27,MC,,96
binary+conshuffle+wshuffle,chunk_2,27,cosine_similarity,0.01692564319819205,96
binary+conshuffle+wshuffle,chunk_2,27,kl_to_gaussian,0.0,96
binary+conshuffle+wshuffle,chunk_2,27,wt_mean,0.0024171415716409002,96
binary+conshuffle+wshuffle,chunk_2,28,GR,,96
binary+conshuffle+wshuffle,chunk_2,28,IPC,,96
binary+conshuffle+wshuffle,chunk_2,28,KR,30.041666666666668,96
binary+conshuffle+wshuffle,chunk_2,28,MC,,96
binary+conshuffle+wshuffle,chunk_2,28,cosine_similarity,0.02774694608524435,96
binary+conshuffle+wshuffle,chunk_2,28,kl_to_gaussian,0.0,96
binary+conshuffle+wshuffle,chunk_2,28,wt_mean,0.0021566664509009,96
binary+conshuffle+wshuffle,chunk_2,29,GR,,96
binary+conshuffle+wshuffle,chunk_2,29,IPC,,96
binary+conshuffle+wshuffle,chunk_2,29,KR,30.260416666666668,96
binary+conshuffle+wshuffle,chunk_2,29,MC,,96
binary+conshuffle+wshuffle,chunk_2,29,cosine_similarity,0.02830189233645795,96
binary+conshuffle+wshuffle,chunk_2,29,kl_to_gaussian,0.0,96
binary+conshuffle+wshuffle,chunk_2,29,wt_mean,0.002110217028530275,96
binary+conshuffle+wshuffle,chunk_3,30,GR,,96
binary+conshuffle+wshuffle,chunk_3,30,IPC,,96
binary+conshuffle+wshuffle,chunk_3,30,KR,31.3125,96
binary+conshuffle+wshuffle,chunk_3,30,MC,,96
binary+conshuffle+wshuffle,chunk_3,30,cosine_similarity,0.0221975590102374,96
binary+conshuffle+wshuffle,chunk_3,30,kl_to_gaussian,0.0,96
binary+conshuffle+wshuffle,chunk_3,30,wt_mean,0.002231511811260075,96
binary+conshuffle+wshuffle,chunk_3,31,GR,,96
binary+conshuffle+wshuffle,chunk_3,31,IPC,,96
binary+conshuffle+wshuffle,chunk_3,31,KR,31.21875,96
binary+conshuffle+wshuffle,chunk_3,31,MC,,96
binary+conshuffle+wshuffle,chunk_3,31,cosine_similarity,0.0219200919382274,96
binary+conshuffle+wshuffle,chunk_3,31,kl_to_gaussian,0.0,96
binary+conshuffle+wshuffle,chunk_3,31,wt_mean,0.0023151376808527497,96
binary+conshuffle+wshuffle,chunk_3,32,GR,,96
binary+conshuffle+wshuffle,chunk_3,32,IPC,,96
binary+conshuffle+wshuffle,chunk_3,32,KR,33.927083333333336,96
binary+conshuffle+wshuffle,chunk_3,32,MC,,96
binary+conshuffle+wshuffle,chunk_3,32,cosine_similarity,0.02719200588762755,96
binary+conshuffle+wshuffle,chunk_3,32,kl_to_gaussian,0.0,96
binary+conshuffle+wshuffle,chunk_3,32,wt_mean,0.0022129038407001,96
binary+conshuffle+wshuffle,chunk_3,33,GR,,96
binary+conshuffle+wshuffle,chunk_3,33,IPC,,96
binary+conshuffle+wshuffle,chunk_3,33,KR,31.760416666666668,96
binary+conshuffle+wshuffle,chunk_3,33,MC,,96
binary+conshuffle+wshuffle,chunk_3,33,cosine_similarity,0.022752495482563927,96
binary+conshuffle+wshuffle,chunk_3,33,kl_to_gaussian,0.0,96
binary+conshuffle+wshuffle,chunk_3,33,wt_mean,0.002072877745376875,96
binary+conshuffle+wshuffle,chunk_3,34,GR,,96
binary+conshuffle+wshuffle,chunk_3,34,IPC,,96
binary+conshuffle+wshuffle,chunk_3,34,KR,32.458333333333336,96
binary+conshuffle+wshuffle,chunk_3,34,MC,,96
binary+conshuffle+wshuffle,chunk_3,34,cosine_similarity,0.024972258601337626,96
binary+conshuffle+wshuffle,chunk_3,34,kl_to_gaussian,0.0,96
binary+conshuffle+wshuffle,chunk_3,34,wt_mean,0.002262964088004025,96
binary+conshuffle+wshuffle,chunk_3,35,GR,,96
binary+conshuffle+wshuffle,chunk_3,35,IPC,,96
binary+conshuffle+wshuffle,chunk_3,35,KR,27.854166666666668,96
binary+conshuffle+wshuffle,chunk_3,35,MC,,96
binary+conshuffle+wshuffle,chunk_3,35,cosine_similarity,0.024694784544408252,96
binary+conshuffle+wshuffle,chunk_3,35,kl_to_gaussian,0.0,96
binary+conshuffle+wshuffle,chunk_3,35,wt_mean,0.0021253025624900497,96
binary+conshuffle+wshuffle,chunk_3,36,GR,,96
binary+conshuffle+wshuffle,chunk_3,36,IPC,,96
binary+conshuffle+wshuffle,chunk_3,36,KR,28.427083333333332,96
binary+conshuffle+wshuffle,chunk_3,36,MC,,96
binary+conshuffle+wshuffle,chunk_3,36,cosine_similarity,0.02608212316408745,96
binary+conshuffle+wshuffle,chunk_3,36,kl_to_gaussian,0.0,96
binary+conshuffle+wshuffle,chunk_3,36,wt_mean,0.002030683157499825,96
binary+conshuffle+wshuffle,chunk_3,37,GR,,96
binary+conshuffle+wshuffle,chunk_3,37,IPC,,96
binary+conshuffle+wshuffle,chunk_3,37,KR,31.072916666666668,96
binary+conshuffle+wshuffle,chunk_3,37,MC,,96
binary+conshuffle+wshuffle,chunk_3,37,cosine_similarity,0.026359604671597425,96
binary+conshuffle+wshuffle,chunk_3,37,kl_to_gaussian,0.0,96
binary+conshuffle+wshuffle,chunk_3,37,wt_mean,0.0022274344810284,96
binary+conshuffle+wshuffle,chunk_3,38,GR,,96
binary+conshuffle+wshuffle,chunk_3,38,IPC,,96
binary+conshuffle+wshuffle,chunk_3,38,KR,30.854166666666668,96
binary+conshuffle+wshuffle,chunk_3,38,MC,,96
binary+conshuffle+wshuffle,chunk_3,38,cosine_similarity,0.02413984155282375,96
binary+conshuffle+wshuffle,chunk_3,38,kl_to_gaussian,0.0,96
binary+conshuffle+wshuffle,chunk_3,38,wt_mean,0.00225070735905315,96
binary+conshuffle+wshuffle,chunk_3,39,GR,,96
binary+conshuffle+wshuffle,chunk_3,39,IPC,,96
binary+conshuffle+wshuffle,chunk_3,39,KR,34.59375,96
binary+conshuffle+wshuffle,chunk_3,39,MC,,96
binary+conshuffle+wshuffle,chunk_3,39,cosine_similarity,0.029411762021481925,96
binary+conshuffle+wshuffle,chunk_3,39,kl_to_gaussian,0.0,96
binary+conshuffle+wshuffle,chunk_3,39,wt_mean,0.00235377092030825,96
binary+conshuffle+wshuffle,chunk_4,40,GR,,96
binary+conshuffle+wshuffle,chunk_4,40,IPC,,96
binary+conshuffle+wshuffle,chunk_4,40,KR,33.9375,96
binary+conshuffle+wshuffle,chunk_4,40,MC,,96
binary+conshuffle+wshuffle,chunk_4,40,cosine_similarity,0.026637066155672028,96
binary+conshuffle+wshuffle,chunk_4,40,kl_to_gaussian,0.0,96
binary+conshuffle+wshuffle,chunk_4,40,wt_mean,0.0022789673239458,96
binary+conshuffle+wshuffle,chunk_4,41,GR,,96
binary+conshuffle+wshuffle,chunk_4,41,IPC,,96
binary+conshuffle+wshuffle,chunk_4,41,KR,30.09375,96
binary+conshuffle+wshuffle,chunk_4,41,MC,,96
binary+conshuffle+wshuffle,chunk_4,41,cosine_similarity,0.027469477150589148,96
binary+conshuffle+wshuffle,chunk_4,41,kl_to_gaussian,0.0,96
binary+conshuffle+wshuffle,chunk_4,41,wt_mean,0.0021396121592260503,96
binary+conshuffle+wshuffle,chunk_4,42,GR,,96
binary+conshuffle+wshuffle,chunk_4,42,IPC,,96
binary+conshuffle+wshuffle,chunk_4,42,KR,29.666666666666668,96
binary+conshuffle+wshuffle,chunk_4,42,MC,,96
binary+conshuffle+wshuffle,chunk_4,42,cosine_similarity,0.029411763884127074,96
binary+conshuffle+wshuffle,chunk_4,42,kl_to_gaussian,0.0,96
binary+conshuffle+wshuffle,chunk_4,42,wt_mean,0.00216074701165775,96
binary+conshuffle+wshuffle,chunk_4,43,GR,,96
binary+conshuffle+wshuffle,chunk_4,43,IPC,,96
binary+conshuffle+wshuffle,chunk_4,43,KR,31.28125,96
binary+conshuffle+wshuffle,chunk_4,43,MC,,96
binary+conshuffle+wshuffle,chunk_4,43,cosine_similarity,0.030799115076661072,96
binary+conshuffle+wshuffle,chunk_4,43,kl_to_gaussian,0.0,96
binary+conshuffle+wshuffle,chunk_4,43,wt_mean,0.002137290983227975,96
binary+conshuffle+wshuffle,chunk_4,44,GR,,96
binary+conshuffle+wshuffle,chunk_4,44,IPC,,96
binary+conshuffle+wshuffle,chunk_4,44,KR,31.625,96
binary+conshuffle+wshuffle,chunk_4,44,MC,,96
binary+conshuffle+wshuffle,chunk_4,44,cosine_similarity,0.0224750312045216,96
binary+conshuffle+wshuffle,chunk_4,44,kl_to_gaussian,0.0,96
binary+conshuffle+wshuffle,chunk_4,44,wt_mean,0.002280964399687875,96
binary+conshuffle+wshuffle,chunk_4,45,GR,,96
binary+conshuffle+wshuffle,chunk_4,45,IPC,,96
binary+conshuffle+wshuffle,chunk_4,45,KR,31.333333333333332,96
binary+conshuffle+wshuffle,chunk_4,45,MC,,96
binary+conshuffle+wshuffle,chunk_4,45,cosine_similarity,0.022475027479231302,96
binary+conshuffle+wshuffle,chunk_4,45,kl_to_gaussian,0.0,96
binary+conshuffle+wshuffle,chunk_4,45,wt_mean,0.002218644833192175,96
binary+conshuffle+wshuffle,chunk_4,46,GR,,96
binary+conshuffle+wshuffle,chunk_4,46,IPC,,96
binary+conshuffle+wshuffle,chunk_4,46,KR,36.239583333333336,96
binary+conshuffle+wshuffle,chunk_4,46,MC,,96
binary+conshuffle+wshuffle,chunk_4,46,cosine_similarity,0.022197563201189,96
binary+conshuffle+wshuffle,chunk_4,46,kl_to_gaussian,0.0,96
binary+conshuffle+wshuffle,chunk_4,46,wt_mean,0.002354129595914775,96
binary+conshuffle+wshuffle,chunk_4,47,GR,,96
binary+conshuffle+wshuffle,chunk_4,47,IPC,,96
binary+conshuffle+wshuffle,chunk_4,47,KR,31.989583333333332,96
binary+conshuffle+wshuffle,chunk_4,47,MC,,96
binary+conshuffle+wshuffle,chunk_4,47,cosine_similarity,0.023029965348541678,96
binary+conshuffle+wshuffle,chunk_4,47,kl_to_gaussian,0.0,96
binary+conshuffle+wshuffle,chunk_4,47,wt_mean,0.00225022557424375,96
binary+conshuffle+wshuffle,chunk_4,48,GR,,96
binary+conshuffle+wshuffle,chunk_4,48,IPC,,96
binary+conshuffle+wshuffle,chunk_4,48,KR,30.0,96
binary+conshuffle+wshuffle,chunk_4,48,MC,,96
binary+conshuffle+wshuffle,chunk_4,48,cosine_similarity,0.029411774594336724,96
binary+conshuffle+wshuffle,chunk_4,48,kl_to_gaussian,0.0,96
binary+conshuffle+wshuffle,chunk_4,48,wt_mean,0.002372326242038925,96
binary+conshuffle+wshuffle,chunk_4,49,GR,,96
binary+conshuffle+wshuffle,chunk_4,49,IPC,,96
binary+conshuffle+wshuffle,chunk_4,49,KR,30.166666666666668,96
binary+conshuffle+wshuffle,chunk_4,49,MC,,96
binary+conshuffle+wshuffle,chunk_4,49,cosine_similarity,0.024694786407053426,96
binary+conshuffle+wshuffle,chunk_4,49,kl_to_gaussian,0.0,96
binary+conshuffle+wshuffle,chunk_4,49,wt_mean,0.00224878481822085,96
binary+conshuffle+wshuffle,chunk_5,50,GR,,96
binary+conshuffle+wshuffle,chunk_5,50,IPC,,96
binary+conshuffle+wshuffle,chunk_5,50,KR,35.333333333333336,96
binary+conshuffle+wshuffle,chunk_5,50,MC,,96
binary+conshuffle+wshuffle,chunk_5,50,cosine_similarity,0.03246392961591475,96
binary+conshuffle+wshuffle,chunk_5,50,kl_to_gaussian,0.0,96
binary+conshuffle+wshuffle,chunk_5,50,wt_mean,0.0023302416375372,96
binary+conshuffle+wshuffle,chunk_5,51,GR,,96
binary+conshuffle+wshuffle,chunk_5,51,IPC,,96
binary+conshuffle+wshuffle,chunk_5,51,KR,37.354166666666664,96
binary+conshuffle+wshuffle,chunk_5,51,MC,,96
binary+conshuffle+wshuffle,chunk_5,51,cosine_similarity,0.0263596018776297,96
binary+conshuffle+wshuffle,chunk_5,51,kl_to_gaussian,0.0,96
binary+conshuffle+wshuffle,chunk_5,51,wt_mean,0.0024445450981147,96
binary+conshuffle+wshuffle,chunk_5,52,GR,,96
binary+conshuffle+wshuffle,chunk_5,52,IPC,,96
binary+conshuffle+wshuffle,chunk_5,52,KR,29.395833333333332,96
binary+conshuffle+wshuffle,chunk_5,52,MC,,96
binary+conshuffle+wshuffle,chunk_5,52,cosine_similarity,0.0244173109531402,96
binary+conshuffle+wshuffle,chunk_5,52,kl_to_gaussian,0.0,96
binary+conshuffle+wshuffle,chunk_5,52,wt_mean,0.0021688778651877748,96
binary+conshuffle+wshuffle,chunk_5,53,GR,,96
binary+conshuffle+wshuffle,chunk_5,53,IPC,,96
binary+conshuffle+wshuffle,chunk_5,53,KR,34.260416666666664,96
binary+conshuffle+wshuffle,chunk_5,53,MC,,96
binary+conshuffle+wshuffle,chunk_5,53,cosine_similarity,0.027469480410218152,96
binary+conshuffle+wshuffle,chunk_5,53,kl_to_gaussian,0.0,96
binary+conshuffle+wshuffle,chunk_5,53,wt_mean,0.002351749164517925,96
binary+conshuffle+wshuffle,chunk_5,54,GR,,96
binary+conshuffle+wshuffle,chunk_5,54,IPC,,96
binary+conshuffle+wshuffle,chunk_5,54,KR,31.020833333333332,96
binary+conshuffle+wshuffle,chunk_5,54,MC,,96
binary+conshuffle+wshuffle,chunk_5,54,cosine_similarity,0.022752496879547796,96
binary+conshuffle+wshuffle,chunk_5,54,kl_to_gaussian,0.0,96
binary+conshuffle+wshuffle,chunk_5,54,wt_mean,0.002265397895825975,96
binary+conshuffle+wshuffle,chunk_5,55,GR,,96
binary+conshuffle+wshuffle,chunk_5,55,IPC,,96
binary+conshuffle+wshuffle,chunk_5,55,KR,32.041666666666664,96
binary+conshuffle+wshuffle,chunk_5,55,MC,,96
binary+conshuffle+wshuffle,chunk_5,55,cosine_similarity,0.028856824617832826,96
binary+conshuffle+wshuffle,chunk_5,55,kl_to_gaussian,0.0,96
binary+conshuffle+wshuffle,chunk_5,55,wt_mean,0.00227305968292055,96
binary+conshuffle+wshuffle,chunk_5,56,GR,,96
binary+conshuffle+wshuffle,chunk_5,56,IPC,,96
binary+conshuffle+wshuffle,chunk_5,56,KR,29.958333333333332,96
binary+conshuffle+wshuffle,chunk_5,56,MC,,96
binary+conshuffle+wshuffle,chunk_5,56,cosine_similarity,0.023584911134093948,96
binary+conshuffle+wshuffle,chunk_5,56,kl_to_gaussian,0.0,96
binary+conshuffle+wshuffle,chunk_5,56,wt_mean,0.00225629977649075,96
binary+conshuffle+wshuffle,chunk_5,57,GR,,96
binary+conshuffle+wshuffle,chunk_5,57,IPC,,96
binary+conshuffle+wshuffle,chunk_5,57,KR,33.708333333333336,96
binary+conshuffle+wshuffle,chunk_5,57,MC,,96
binary+conshuffle+wshuffle,chunk_5,57,cosine_similarity,0.02580466028302905,96
binary+conshuffle+wshuffle,chunk_5,57,kl_to_gaussian,0.0,96
binary+conshuffle+wshuffle,chunk_5,57,wt_mean,0.00227016909047955,96
binary+conshuffle+wshuffle,chunk_5,58,GR,,96
binary+conshuffle+wshuffle,chunk_5,58,IPC,,96
binary+conshuffle+wshuffle,chunk_5,58,KR,35.375,96
binary+conshuffle+wshuffle,chunk_5,58,MC,,96
binary+conshuffle+wshuffle,chunk_5,58,cosine_similarity,0.023029964417219103,96
binary+conshuffle+wshuffle,chunk_5,58,kl_to_gaussian,0.0,96
binary+conshuffle+wshuffle,chunk_5,58,wt_mean,0.0022913165739737,96
binary+conshuffle+wshuffle,chunk_5,59,GR,,96
binary+conshuffle+wshuffle,chunk_5,59,IPC,,96
binary+conshuffle+wshuffle,chunk_5,59,KR,32.25,96
binary+conshuffle+wshuffle,chunk_5,59,MC,,96
binary+conshuffle+wshuffle,chunk_5,59,cosine_similarity,0.031354046426713425,96
binary+conshuffle+wshuffle,chunk_5,59,kl_to_gaussian,0.0,96
binary+conshuffle+wshuffle,chunk_5,59,wt_mean,0.002135345042915975,96
binary+conshuffle+wshuffle,chunk_6,60,GR,,96
binary+conshuffle+wshuffle,chunk_6,60,IPC,,96
binary+conshuffle+wshuffle,chunk_6,60,KR,31.552083333333332,96
binary+conshuffle+wshuffle,chunk_6,60,MC,,96
binary+conshuffle+wshuffle,chunk_6,60,cosine_similarity,0.02524972241371865,96
binary+conshuffle+wshuffle,chunk_6,60,kl_to_gaussian,0.0,96
binary+conshuffle+wshuffle,chunk_6,60,wt_mean,0.002226495067588925,96
binary+conshuffle+wshuffle,chunk_6,61,GR,,96
binary+conshuffle+wshuffle,chunk_6,61,IPC,,96
binary+conshuffle+wshuffle,chunk_6,61,KR,35.635416666666664,96
binary+conshuffle+wshuffle,chunk_6,61,MC,,96
binary+conshuffle+wshuffle,chunk_6,61,cosine_similarity,0.02552718995139,96
binary+conshuffle+wshuffle,chunk_6,61,kl_to_gaussian,0.0,96
binary+conshuffle+wshuffle,chunk_6,61,wt_mean,0.002207154087955075,96
binary+conshuffle+wshuffle,chunk_6,62,GR,,96
binary+conshuffle+wshuffle,chunk_6,62,IPC,,96
binary+conshuffle+wshuffle,chunk_6,62,KR,33.84375,96
binary+conshuffle+wshuffle,chunk_6,62,MC,,96
binary+conshuffle+wshuffle,chunk_6,62,cosine_similarity,0.029134295880794473,96
binary+conshuffle+wshuffle,chunk_6,62,kl_to_gaussian,0.0,96
binary+conshuffle+wshuffle,chunk_6,62,wt_mean,0.0023312929552048,96
binary+conshuffle+wshuffle,chunk_6,63,GR,,96
binary+conshuffle+wshuffle,chunk_6,63,IPC,,96
binary+conshuffle+wshuffle,chunk_6,63,KR,31.927083333333332,96
binary+conshuffle+wshuffle,chunk_6,63,MC,,96
binary+conshuffle+wshuffle,chunk_6,63,cosine_similarity,0.030799113214015923,96
binary+conshuffle+wshuffle,chunk_6,63,kl_to_gaussian,0.0,96
binary+conshuffle+wshuffle,chunk_6,63,wt_mean,0.00219443070818665,96
binary+conshuffle+wshuffle,chunk_6,64,GR,,96
binary+conshuffle+wshuffle,chunk_6,64,IPC,,96
binary+conshuffle+wshuffle,chunk_6,64,KR,32.114583333333336,96
binary+conshuffle+wshuffle,chunk_6,64,MC,,96
binary+conshuffle+wshuffle,chunk_6,64,cosine_similarity,0.020255272276699498,96
binary+conshuffle+wshuffle,chunk_6,64,kl_to_gaussian,0.0,96
binary+conshuffle+wshuffle,chunk_6,64,wt_mean,0.00225445476826275,96
binary+conshuffle+wshuffle,chunk_6,65,GR,,96
binary+conshuffle+wshuffle,chunk_6,65,IPC,,96
binary+conshuffle+wshuffle,chunk_6,65,KR,32.322916666666664,96
binary+conshuffle+wshuffle,chunk_6,65,MC,,96
binary+conshuffle+wshuffle,chunk_6,65,cosine_similarity,0.025249721948057347,96
binary+conshuffle+wshuffle,chunk_6,65,kl_to_gaussian,0.0,96
binary+conshuffle+wshuffle,chunk_6,65,wt_mean,0.0022049199615139,96
binary+conshuffle+wshuffle,chunk_6,66,GR,,96
binary+conshuffle+wshuffle,chunk_6,66,IPC,,96
binary+conshuffle+wshuffle,chunk_6,66,KR,31.083333333333332,96
binary+conshuffle+wshuffle,chunk_6,66,MC,,96
binary+conshuffle+wshuffle,chunk_6,66,cosine_similarity,0.0294117676094174,96
binary+conshuffle+wshuffle,chunk_6,66,kl_to_gaussian,0.0,96
binary+conshuffle+wshuffle,chunk_6,66,wt_mean,0.0023122131824493,96
binary+conshuffle+wshuffle,chunk_6,67,GR,,96
binary+conshuffle+wshuffle,chunk_6,67,IPC,,96
binary+conshuffle+wshuffle,chunk_6,67,KR,30.479166666666668,96
binary+conshuffle+wshuffle,chunk_6,67,MC,,96
binary+conshuffle+wshuffle,chunk_6,67,cosine_similarity,0.025249723345041202,96
binary+conshuffle+wshuffle,chunk_6,67,kl_to_gaussian,0.0,96
binary+conshuffle+wshuffle,chunk_6,67,wt_mean,0.00224108714610335,96
binary+conshuffle+wshuffle,chunk_6,68,GR,,96
binary+conshuffle+wshuffle,chunk_6,68,IPC,,96
binary+conshuffle+wshuffle,chunk_6,68,KR,34.822916666666664,96
binary+conshuffle+wshuffle,chunk_6,68,MC,,96
binary+conshuffle+wshuffle,chunk_6,68,cosine_similarity,0.02663706801831715,96
binary+conshuffle+wshuffle,chunk_6,68,kl_to_gaussian,0.0,96
binary+conshuffle+wshuffle,chunk_6,68,wt_mean,0.0024244550731963997,96
binary+conshuffle+wshuffle,chunk_6,69,GR,,96
binary+conshuffle+wshuffle,chunk_6,69,IPC,,96
binary+conshuffle+wshuffle,chunk_6,69,KR,27.46875,96
binary+conshuffle+wshuffle,chunk_6,69,MC,,96
binary+conshuffle+wshuffle,chunk_6,69,cosine_similarity,0.01942286128178235,96
binary+conshuffle+wshuffle,chunk_6,69,kl_to_gaussian,0.0,96
binary+conshuffle+wshuffle,chunk_6,69,wt_mean,0.0021349010348785,96
binary+conshuffle+wshuffle,chunk_7,70,GR,,96
binary+conshuffle+wshuffle,chunk_7,70,IPC,,96
binary+conshuffle+wshuffle,chunk_7,70,KR,34.697916666666664,96
binary+conshuffle+wshuffle,chunk_7,70,MC,,96
binary+conshuffle+wshuffle,chunk_7,70,cosine_similarity,0.02330743661150335,96
binary+conshuffle+wshuffle,chunk_7,70,kl_to_gaussian,0.0,96
binary+conshuffle+wshuffle,chunk_7,70,wt_mean,0.00230058046872725,96
binary+conshuffle+wshuffle,chunk_7,71,GR,,96
binary+conshuffle+wshuffle,chunk_7,71,IPC,,96
binary+conshuffle+wshuffle,chunk_7,71,KR,31.885416666666668,96
binary+conshuffle+wshuffle,chunk_7,71,MC,,96
binary+conshuffle+wshuffle,chunk_7,71,cosine_similarity,0.026637067552655876,96
binary+conshuffle+wshuffle,chunk_7,71,kl_to_gaussian,0.0,96
binary+conshuffle+wshuffle,chunk_7,71,wt_mean,0.0022867234947625,96
binary+conshuffle+wshuffle,chunk_7,72,GR,,96
binary+conshuffle+wshuffle,chunk_7,72,IPC,,96
binary+conshuffle+wshuffle,chunk_7,72,KR,27.958333333333332,96
binary+conshuffle+wshuffle,chunk_7,72,MC,,96
binary+conshuffle+wshuffle,chunk_7,72,cosine_similarity,0.0296892332844436,96
binary+conshuffle+wshuffle,chunk_7,72,kl_to_gaussian,0.0,96
binary+conshuffle+wshuffle,chunk_7,72,wt_mean,0.0021839428227394503,96
binary+conshuffle+wshuffle,chunk_7,73,GR,,96
binary+conshuffle+wshuffle,chunk_7,73,IPC,,96
binary+conshuffle+wshuffle,chunk_7,73,KR,33.229166666666664,96
binary+conshuffle+wshuffle,chunk_7,73,MC,,96
binary+conshuffle+wshuffle,chunk_7,73,cosine_similarity,0.024417314212769225,96
binary+conshuffle+wshuffle,chunk_7,73,kl_to_gaussian,0.0,96
binary+conshuffle+wshuffle,chunk_7,73,wt_mean,0.002391861344221925,96
binary+conshuffle+wshuffle,chunk_7,74,GR,,96
binary+conshuffle+wshuffle,chunk_7,74,IPC,,96
binary+conshuffle+wshuffle,chunk_7,74,KR,36.947916666666664,96
binary+conshuffle+wshuffle,chunk_7,74,MC,,96
binary+conshuffle+wshuffle,chunk_7,74,cosine_similarity,0.029134294949471926,96
binary+conshuffle+wshuffle,chunk_7,74,kl_to_gaussian,0.0,96
binary+conshuffle+wshuffle,chunk_7,74,wt_mean,0.0023367282119579,96
binary+conshuffle+wshuffle,chunk_7,75,GR,,96
binary+conshuffle+wshuffle,chunk_7,75,IPC,,96
binary+conshuffle+wshuffle,chunk_7,75,KR,30.958333333333332,96
binary+conshuffle+wshuffle,chunk_7,75,MC,,96
binary+conshuffle+wshuffle,chunk_7,75,cosine_similarity,0.028579358011484122,96
binary+conshuffle+wshuffle,chunk_7,75,kl_to_gaussian,0.0,96
binary+conshuffle+wshuffle,chunk_7,75,wt_mean,0.002163986733648875,96
binary+conshuffle+wshuffle,chunk_7,76,GR,,96
binary+conshuffle+wshuffle,chunk_7,76,IPC,,96
binary+conshuffle+wshuffle,chunk_7,76,KR,33.427083333333336,96
binary+conshuffle+wshuffle,chunk_7,76,MC,,96
binary+conshuffle+wshuffle,chunk_7,76,cosine_similarity,0.03190898336470125,96
binary+conshuffle+wshuffle,chunk_7,76,kl_to_gaussian,0.0,96
binary+conshuffle+wshuffle,chunk_7,76,wt_mean,0.002360698388656575,96
binary+conshuffle+wshuffle,chunk_7,77,GR,,96
binary+conshuffle+wshuffle,chunk_7,77,IPC,,96
binary+conshuffle+wshuffle,chunk_7,77,KR,36.4375,96
binary+conshuffle+wshuffle,chunk_7,77,MC,,96
binary+conshuffle+wshuffle,chunk_7,77,cosine_similarity,0.02136514475569125,96
binary+conshuffle+wshuffle,chunk_7,77,kl_to_gaussian,0.0,96
binary+conshuffle+wshuffle,chunk_7,77,wt_mean,0.002369816356804175,96
binary+conshuffle+wshuffle,chunk_7,78,GR,,96
binary+conshuffle+wshuffle,chunk_7,78,IPC,,96
binary+conshuffle+wshuffle,chunk_7,78,KR,31.885416666666668,96
binary+conshuffle+wshuffle,chunk_7,78,MC,,96
binary+conshuffle+wshuffle,chunk_7,78,cosine_similarity,0.0288568250834941,96
binary+conshuffle+wshuffle,chunk_7,78,kl_to_gaussian,0.0,96
binary+conshuffle+wshuffle,chunk_7,78,wt_mean,0.002236087020719375,96
binary+conshuffle+wshuffle,chunk_7,79,GR,,96
binary+conshuffle+wshuffle,chunk_7,79,IPC,,96
binary+conshuffle+wshuffle,chunk_7,79,KR,28.791666666666668,96
binary+conshuffle+wshuffle,chunk_7,79,MC,,96
binary+conshuffle+wshuffle,chunk_7,79,cosine_similarity,0.023862369358539498,96
binary+conshuffle+wshuffle,chunk_7,79,kl_to_gaussian,0.0,96
binary+conshuffle+wshuffle,chunk_7,79,wt_mean,0.00224062698544,96
binary+conshuffle+wshuffle,chunk_8,80,GR,,96
binary+conshuffle+wshuffle,chunk_8,80,IPC,,96
binary+conshuffle+wshuffle,chunk_8,80,KR,33.114583333333336,96
binary+conshuffle+wshuffle,chunk_8,80,MC,,96
binary+conshuffle+wshuffle,chunk_8,80,cosine_similarity,0.026914536952972374,96
binary+conshuffle+wshuffle,chunk_8,80,kl_to_gaussian,0.0,96
binary+conshuffle+wshuffle,chunk_8,80,wt_mean,0.002200359100243025,96
binary+conshuffle+wshuffle,chunk_8,81,GR,,96
binary+conshuffle+wshuffle,chunk_8,81,IPC,,96
binary+conshuffle+wshuffle,chunk_8,81,KR,33.229166666666664,96
binary+conshuffle+wshuffle,chunk_8,81,MC,,96
binary+conshuffle+wshuffle,chunk_8,81,cosine_similarity,0.028579358477145402,96
binary+conshuffle+wshuffle,chunk_8,81,kl_to_gaussian,0.0,96
binary+conshuffle+wshuffle,chunk_8,81,wt_mean,0.0021962623286526,96
binary+conshuffle+wshuffle,chunk_8,82,GR,,96
binary+conshuffle+wshuffle,chunk_8,82,IPC,,96
binary+conshuffle+wshuffle,chunk_8,82,KR,38.0,96
binary+conshuffle+wshuffle,chunk_8,82,MC,,96
binary+conshuffle+wshuffle,chunk_8,82,cosine_similarity,0.024972252547740877,96
binary+conshuffle+wshuffle,chunk_8,82,kl_to_gaussian,0.0,96
binary+conshuffle+wshuffle,chunk_8,82,wt_mean,0.0023452485620508996,96
binary+conshuffle+wshuffle,chunk_8,83,GR,,96
binary+conshuffle+wshuffle,chunk_8,83,IPC,,96
binary+conshuffle+wshuffle,chunk_8,83,KR,30.489583333333332,96
binary+conshuffle+wshuffle,chunk_8,83,MC,,96
binary+conshuffle+wshuffle,chunk_8,83,cosine_similarity,0.02857935987412925,96
binary+conshuffle+wshuffle,chunk_8,83,kl_to_gaussian,0.0,96
binary+conshuffle+wshuffle,chunk_8,83,wt_mean,0.0021392311609815247,96
binary+conshuffle+wshuffle,chunk_8,84,GR,,96
binary+conshuffle+wshuffle,chunk_8,84,IPC,,96
binary+conshuffle+wshuffle,chunk_8,84,KR,34.427083333333336,96
binary+conshuffle+wshuffle,chunk_8,84,MC,,96
binary+conshuffle+wshuffle,chunk_8,84,cosine_similarity,0.028301883488893478,96
binary+conshuffle+wshuffle,chunk_8,84,kl_to_gaussian,0.0,96
binary+conshuffle+wshuffle,chunk_8,84,wt_mean,0.002218742680270175,96
binary+conshuffle+wshuffle,chunk_8,85,GR,,96
binary+conshuffle+wshuffle,chunk_8,85,IPC,,96
binary+conshuffle+wshuffle,chunk_8,85,KR,31.614583333333332,96
binary+conshuffle+wshuffle,chunk_8,85,MC,,96
binary+conshuffle+wshuffle,chunk_8,85,cosine_similarity,0.024694789666682426,96
binary+conshuffle+wshuffle,chunk_8,85,kl_to_gaussian,0.0,96
binary+conshuffle+wshuffle,chunk_8,85,wt_mean,0.0022128056443761752,96
binary+conshuffle+wshuffle,chunk_8,86,GR,,96
binary+conshuffle+wshuffle,chunk_8,86,IPC,,96
binary+conshuffle+wshuffle,chunk_8,86,KR,33.46875,96
binary+conshuffle+wshuffle,chunk_8,86,MC,,96
binary+conshuffle+wshuffle,chunk_8,86,cosine_similarity,0.021920087281614525,96
binary+conshuffle+wshuffle,chunk_8,86,kl_to_gaussian,0.0,96
binary+conshuffle+wshuffle,chunk_8,86,wt_mean,0.0022597614733967752,96
binary+conshuffle+wshuffle,chunk_8,87,GR,,96
binary+conshuffle+wshuffle,chunk_8,87,IPC,,96
binary+conshuffle+wshuffle,chunk_8,87,KR,31.822916666666668,96
binary+conshuffle+wshuffle,chunk_8,87,MC,,96
binary+conshuffle+wshuffle,chunk_8,87,cosine_similarity,0.025527196004986725,96
binary+conshuffle+wshuffle,chunk_8,87,kl_to_gaussian,0.0,96
binary+conshuffle+wshuffle,chunk_8,87,wt_mean,0.00224169797729695,96
binary+conshuffle+wshuffle,chunk_8,88,GR,,96
binary+conshuffle+wshuffle,chunk_8,88,IPC,,96
binary+conshuffle+wshuffle,chunk_8,88,KR,34.0625,96
binary+conshuffle+wshuffle,chunk_8,88,MC,,96
binary+conshuffle+wshuffle,chunk_8,88,cosine_similarity,0.023862368427216923,96
binary+conshuffle+wshuffle,chunk_8,88,kl_to_gaussian,0.0,96
binary+conshuffle+wshuffle,chunk_8,88,wt_mean,0.0022577275813091,96
binary+conshuffle+wshuffle,chunk_8,89,GR,,96
binary+conshuffle+wshuffle,chunk_8,89,IPC,,96
binary+conshuffle+wshuffle,chunk_8,89,KR,26.9375,96
binary+conshuffle+wshuffle,chunk_8,89,MC,,96
binary+conshuffle+wshuffle,chunk_8,89,cosine_similarity,0.0285793538205325,96
binary+conshuffle+wshuffle,chunk_8,89,kl_to_gaussian,0.0,96
binary+conshuffle+wshuffle,chunk_8,89,wt_mean,0.00208411659696135,96
binary+conshuffle+wshuffle,chunk_9,90,GR,,96
binary+conshuffle+wshuffle,chunk_9,90,IPC,,96
binary+conshuffle+wshuffle,chunk_9,90,KR,39.46875,96
binary+conshuffle+wshuffle,chunk_9,90,MC,,96
binary+conshuffle+wshuffle,chunk_9,90,cosine_similarity,0.0283018834888935,96
binary+conshuffle+wshuffle,chunk_9,90,kl_to_gaussian,0.0,96
binary+conshuffle+wshuffle,chunk_9,90,wt_mean,0.002250985300634025,96
binary+conshuffle+wshuffle,chunk_9,91,GR,,96
binary+conshuffle+wshuffle,chunk_9,91,IPC,,96
binary+conshuffle+wshuffle,chunk_9,91,KR,33.635416666666664,96
binary+conshuffle+wshuffle,chunk_9,91,MC,,96
binary+conshuffle+wshuffle,chunk_9,91,cosine_similarity,0.024694781750440525,96
binary+conshuffle+wshuffle,chunk_9,91,kl_to_gaussian,0.0,96
binary+conshuffle+wshuffle,chunk_9,91,wt_mean,0.00226046919124195,96
binary+conshuffle+wshuffle,chunk_9,92,GR,,96
binary+conshuffle+wshuffle,chunk_9,92,IPC,,96
binary+conshuffle+wshuffle,chunk_9,92,KR,28.427083333333332,96
binary+conshuffle+wshuffle,chunk_9,92,MC,,96
binary+conshuffle+wshuffle,chunk_9,92,cosine_similarity,0.025527187623083574,96
binary+conshuffle+wshuffle,chunk_9,92,kl_to_gaussian,0.0,96
binary+conshuffle+wshuffle,chunk_9,92,wt_mean,0.0022349893988575253,96
binary+conshuffle+wshuffle,chunk_9,93,GR,,96
binary+conshuffle+wshuffle,chunk_9,93,IPC,,96
binary+conshuffle+wshuffle,chunk_9,93,KR,33.71875,96
binary+conshuffle+wshuffle,chunk_9,93,MC,,96
binary+conshuffle+wshuffle,chunk_9,93,cosine_similarity,0.02635959628969425,96
binary+conshuffle+wshuffle,chunk_9,93,kl_to_gaussian,0.0,96
binary+conshuffle+wshuffle,chunk_9,93,wt_mean,0.00230812118388705,96
binary+conshuffle+wshuffle,chunk_9,94,GR,,96
binary+conshuffle+wshuffle,chunk_9,94,IPC,,96
binary+conshuffle+wshuffle,chunk_9,94,KR,33.395833333333336,96
binary+conshuffle+wshuffle,chunk_9,94,MC,,96
binary+conshuffle+wshuffle,chunk_9,94,cosine_similarity,0.030521641951054296,96
binary+conshuffle+wshuffle,chunk_9,94,kl_to_gaussian,0.0,96
binary+conshuffle+wshuffle,chunk_9,94,wt_mean,0.0022827302746008748,96
binary+conshuffle+wshuffle,chunk_9,95,GR,,96
binary+conshuffle+wshuffle,chunk_9,95,IPC,,96
binary+conshuffle+wshuffle,chunk_9,95,KR,35.15625,96
binary+conshuffle+wshuffle,chunk_9,95,MC,,96
binary+conshuffle+wshuffle,chunk_9,95,cosine_similarity,0.029411765746772223,96
binary+conshuffle+wshuffle,chunk_9,95,kl_to_gaussian,0.0,96
binary+conshuffle+wshuffle,chunk_9,95,wt_mean,0.002497359528206225,96
binary+conshuffle+wshuffle,chunk_9,96,GR,,96
binary+conshuffle+wshuffle,chunk_9,96,IPC,,96
binary+conshuffle+wshuffle,chunk_9,96,KR,33.09375,96
binary+conshuffle+wshuffle,chunk_9,96,MC,,96
binary+conshuffle+wshuffle,chunk_9,96,cosine_similarity,0.027469484601169752,96
binary+conshuffle+wshuffle,chunk_9,96,kl_to_gaussian,0.0,96
binary+conshuffle+wshuffle,chunk_9,96,wt_mean,0.002203416195698,96
binary+conshuffle+wshuffle,chunk_9,97,GR,,96
binary+conshuffle+wshuffle,chunk_9,97,IPC,,96
binary+conshuffle+wshuffle,chunk_9,97,KR,31.895833333333332,96
binary+conshuffle+wshuffle,chunk_9,97,MC,,96
binary+conshuffle+wshuffle,chunk_9,97,cosine_similarity,0.020255272742360775,96
binary+conshuffle+wshuffle,chunk_9,97,kl_to_gaussian,0.0,96
binary+conshuffle+wshuffle,chunk_9,97,wt_mean,0.0022603757097385247,96
binary+conshuffle+wshuffle,chunk_9,98,GR,,96
binary+conshuffle+wshuffle,chunk_9,98,IPC,,96
binary+conshuffle+wshuffle,chunk_9,98,KR,35.322916666666664,96
binary+conshuffle+wshuffle,chunk_9,98,MC,,96
binary+conshuffle+wshuffle,chunk_9,98,cosine_similarity,0.029689228162169425,96
binary+conshuffle+wshuffle,chunk_9,98,kl_to_gaussian,0.0,96
binary+conshuffle+wshuffle,chunk_9,98,wt_mean,0.002360037382459225,96
binary+conshuffle+wshuffle,chunk_9,99,GR,,96
binary+conshuffle+wshuffle,chunk_9,99,IPC,,96
binary+conshuffle+wshuffle,chunk_9,99,KR,31.270833333333332,96
binary+conshuffle+wshuffle,chunk_9,99,MC,,96
binary+conshuffle+wshuffle,chunk_9,99,cosine_similarity,0.022475024685263575,96
binary+conshuffle+wshuffle,chunk_9,99,kl_to_gaussian,0.0,96
binary+conshuffle+wshuffle,chunk_9,99,wt_mean,0.00218264907016415,96
binary+shuffle,chunk_0,0,GR,,96
binary+shuffle,chunk_0,0,IPC,,96
binary+shuffle,chunk_0,0,KR,40.822916666666664,96
binary+shuffle,chunk_0,0,MC,,96
binary+shuffle,chunk_0,0,cosine_similarity,0.028024413622915675,96
binary+shuffle,chunk_0,0,kl_to_gaussian,0.0,96
binary+shuffle,chunk_0,0,wt_mean,0.00247333341394545,96
binary+shuffle,chunk_0,1,GR,,96
binary+shuffle,chunk_0,1,IPC,,96
binary+shuffle,chunk_0,1,KR,47.5,96
binary+shuffle,chunk_0,1,MC,,96
binary+shuffle,chunk_0,1,cosine_similarity,0.021642618812620598,96
binary+shuffle,chunk_0,1,kl_to_gaussian,0.0,96
binary+shuffle,chunk_0,1,wt_mean,0.0027530088555067253,96
binary+shuffle,chunk_0,2,GR,,96
binary+shuffle,chunk_0,2,IPC,,96
binary+shuffle,chunk_0,2,KR,39.5625,96
binary+shuffle,chunk_0,2,MC,,96
binary+shuffle,chunk_0,2,cosine_similarity,0.02774695074185725,96
binary+shuffle,chunk_0,2,kl_to_gaussian,0.0,96
binary+shuffle,chunk_0,2,wt_mean,0.002531194040784575,96
binary+shuffle,chunk_0,3,GR,,96
binary+shuffle,chunk_0,3,IPC,,96
binary+shuffle,chunk_0,3,KR,43.447916666666664,96
binary+shuffle,chunk_0,3,MC,,96
binary+shuffle,chunk_0,3,cosine_similarity,0.023029969073831976,96
binary+shuffle,chunk_0,3,kl_to_gaussian,0.0,96
binary+shuffle,chunk_0,3,wt_mean,0.00249937456101175,96
binary+shuffle,chunk_0,4,GR,,96
binary+shuffle,chunk_0,4,IPC,,96
binary+shuffle,chunk_0,4,KR,37.947916666666664,96
binary+shuffle,chunk_0,4,MC,,96
binary+shuffle,chunk_0,4,cosine_similarity,0.0266370703466236,96
binary+shuffle,chunk_0,4,kl_to_gaussian,0.0,96
binary+shuffle,chunk_0,4,wt_mean,0.00250034293276255,96
binary+shuffle,chunk_0,5,GR,,96
binary+shuffle,chunk_0,5,IPC,,96
binary+shuffle,chunk_0,5,KR,36.458333333333336,96
binary+shuffle,chunk_0,5,MC,,96
binary+shuffle,chunk_0,5,cosine_similarity,0.024972251616418296,96
binary+shuffle,chunk_0,5,kl_to_gaussian,0.0,96
binary+shuffle,chunk_0,5,wt_mean,0.002438353607431,96
binary+shuffle,chunk_0,6,GR,,96
binary+shuffle,chunk_0,6,IPC,,96
binary+shuffle,chunk_0,6,KR,38.791666666666664,96
binary+shuffle,chunk_0,6,MC,,96
binary+shuffle,chunk_0,6,cosine_similarity,0.01886792015284295,96
binary+shuffle,chunk_0,6,kl_to_gaussian,0.0,96
binary+shuffle,chunk_0,6,wt_mean,0.002525435003917625,96
binary+shuffle,chunk_0,7,GR,,96
binary+shuffle,chunk_0,7,IPC,,96
binary+shuffle,chunk_0,7,KR,35.385416666666664,96
binary+shuffle,chunk_0,7,MC,,96
binary+shuffle,chunk_0,7,cosine_similarity,0.026359605137258726,96
binary+shuffle,chunk_0,7,kl_to_gaussian,0.0,96
binary+shuffle,chunk_0,7,wt_mean,0.00246748060453675,96
binary+shuffle,chunk_0,8,GR,,96
binary+shuffle,chunk_0,8,IPC,,96
binary+shuffle,chunk_0,8,KR,35.84375,96
binary+shuffle,chunk_0,8,MC,,96
binary+shuffle,chunk_0,8,cosine_similarity,0.022197561804205124,96
binary+shuffle,chunk_0,8,kl_to_gaussian,0.0,96
binary+shuffle,chunk_0,8,wt_mean,0.002296565973665525,96
binary+shuffle,chunk_0,9,GR,,96
binary+shuffle,chunk_0,9,IPC,,96
binary+shuffle,chunk_0,9,KR,34.947916666666664,96
binary+shuffle,chunk_0,9,MC,,96
binary+shuffle,chunk_0,9,cosine_similarity,0.024139847606420475,96
binary+shuffle,chunk_0,9,kl_to_gaussian,0.0,96
binary+shuffle,chunk_0,9,wt_mean,0.002459237352013525,96
binary+shuffle,chunk_1,10,GR,,96
binary+shuffle,chunk_1,10,IPC,,96
binary+shuffle,chunk_1,10,KR,44.083333333333336,96
binary+shuffle,chunk_1,10,MC,,96
binary+shuffle,chunk_1,10,cosine_similarity,0.028024420142173725,96
binary+shuffle,chunk_1,10,kl_to_gaussian,0.0,96
binary+shuffle,chunk_1,10,wt_mean,0.0027390687901060503,96
binary+shuffle,chunk_1,11,GR,,96
binary+shuffle,chunk_1,11,IPC,,96
binary+shuffle,chunk_1,11,KR,44.177083333333336,96
binary+shuffle,chunk_1,11,MC,,96
binary+shuffle,chunk_1,11,cosine_similarity,0.015538288280367825,96
binary+shuffle,chunk_1,11,kl_to_gaussian,0.0,96
binary+shuffle,chunk_1,11,wt_mean,0.002670530462637525,96
binary+shuffle,chunk_1,12,GR,,96
binary+shuffle,chunk_1,12,IPC,,96
binary+shuffle,chunk_1,12,KR,39.729166666666664,96
binary+shuffle,chunk_1,12,MC,,96
binary+shuffle,chunk_1,12,cosine_similarity,0.022752496879547803,96
binary+shuffle,chunk_1,12,kl_to_gaussian,0.0,96
binary+shuffle,chunk_1,12,wt_mean,0.0022835328127257,96
binary+shuffle,chunk_1,13,GR,,96
binary+shuffle,chunk_1,13,IPC,,96
binary+shuffle,chunk_1,13,KR,40.052083333333336,96
binary+shuffle,chunk_1,13,MC,,96
binary+shuffle,chunk_1,13,cosine_similarity,0.026637069880962327,96
binary+shuffle,chunk_1,13,kl_to_gaussian,0.0,96
binary+shuffle,chunk_1,13,wt_mean,0.002540203451644575,96
binary+shuffle,chunk_1,14,GR,,96
binary+shuffle,chunk_1,14,IPC,,96
binary+shuffle,chunk_1,14,KR,35.729166666666664,96
binary+shuffle,chunk_1,14,MC,,96
binary+shuffle,chunk_1,14,cosine_similarity,0.0199778033420443,96
binary+shuffle,chunk_1,14,kl_to_gaussian,0.0,96
binary+shuffle,chunk_1,14,wt_mean,0.002314540994120725,96
binary+shuffle,chunk_1,15,GR,,96
binary+shuffle,chunk_1,15,IPC,,96
binary+shuffle,chunk_1,15,KR,34.510416666666664,96
binary+shuffle,chunk_1,15,MC,,96
binary+shuffle,chunk_1,15,cosine_similarity,0.0344062149524688,96
binary+shuffle,chunk_1,15,kl_to_gaussian,0.0,96
binary+shuffle,chunk_1,15,wt_mean,0.0024910862848627753,96
binary+shuffle,chunk_1,16,GR,,96
binary+shuffle,chunk_1,16,IPC,,96
binary+shuffle,chunk_1,16,KR,48.822916666666664,96
binary+shuffle,chunk_1,16,MC,,96
binary+shuffle,chunk_1,16,cosine_similarity,0.022197560407221276,96
binary+shuffle,chunk_1,16,kl_to_gaussian,0.0,96
binary+shuffle,chunk_1,16,wt_mean,0.002579628577223,96
binary+shuffle,chunk_1,17,GR,,96
binary+shuffle,chunk_1,17,IPC,,96
binary+shuffle,chunk_1,17,KR,34.114583333333336,96
binary+shuffle,chunk_1,17,MC,,96
binary+shuffle,chunk_1,17,cosine_similarity,0.0241398434154689,96
binary+shuffle,chunk_1,17,kl_to_gaussian,0.0,96
binary+shuffle,chunk_1,17,wt_mean,0.0024173996644094,96
binary+shuffle,chunk_1,18,GR,,96
binary+shuffle,chunk_1,18,IPC,,96
binary+shuffle,chunk_1,18,KR,49.375,96
binary+shuffle,chunk_1,18,MC,,96
binary+shuffle,chunk_1,18,cosine_similarity,0.02524972520768635,96
binary+shuffle,chunk_1,18,kl_to_gaussian,0.0,96
binary+shuffle,chunk_1,18,wt_mean,0.002621683495817625,96
binary+shuffle,chunk_1,19,GR,,96
binary+shuffle,chunk_1,19,IPC,,96
binary+shuffle,chunk_1,19,KR,40.072916666666664,96
binary+shuffle,chunk_1,19,MC,,96
binary+shuffle,chunk_1,19,cosine_similarity,0.024417310487478926,96
binary+shuffle,chunk_1,19,kl_to_gaussian,0.0,96
binary+shuffle,chunk_1,19,wt_mean,0.0027491178771014498,96
binary+shuffle,chunk_10,100,GR,,96
binary+shuffle,chunk_10,100,IPC,,96
binary+shuffle,chunk_10,100,KR,44.833333333333336,96
binary+shuffle,chunk_10,100,MC,,96
binary+shuffle,chunk_10,100,cosine_similarity,0.0194228594191372,96
binary+shuffle,chunk_10,100,kl_to_gaussian,0.0,96
binary+shuffle,chunk_10,100,wt_mean,0.0025602277892175502,96
binary+shuffle,chunk_10,101,GR,,96
binary+shuffle,chunk_10,101,IPC,,96
binary+shuffle,chunk_10,101,KR,41.395833333333336,96
binary+shuffle,chunk_10,101,MC,,96
binary+shuffle,chunk_10,101,cosine_similarity,0.024417316541075675,96
binary+shuffle,chunk_10,101,kl_to_gaussian,0.0,96
binary+shuffle,chunk_10,101,wt_mean,0.0023600266431457752,96
binary+shuffle,chunk_10,102,GR,,96
binary+shuffle,chunk_10,102,IPC,,96
binary+shuffle,chunk_10,102,KR,35.0625,96
binary+shuffle,chunk_10,102,MC,,96
binary+shuffle,chunk_10,102,cosine_similarity,0.02136515267193315,96
binary+shuffle,chunk_10,102,kl_to_gaussian,0.0,96
binary+shuffle,chunk_10,102,wt_mean,0.00240754327387545,96
binary+shuffle,chunk_10,103,GR,,96
binary+shuffle,chunk_10,103,IPC,,96
binary+shuffle,chunk_10,103,KR,45.40625,96
binary+shuffle,chunk_10,103,MC,,96
binary+shuffle,chunk_10,103,cosine_similarity,0.026637066155672,96
binary+shuffle,chunk_10,103,kl_to_gaussian,0.0,96
binary+shuffle,chunk_10,103,wt_mean,0.0026310850516892254,96
binary+shuffle,chunk_10,104,GR,,96
binary+shuffle,chunk_10,104,IPC,,96
binary+shuffle,chunk_10,104,KR,36.4375,96
binary+shuffle,chunk_10,104,MC,,96
binary+shuffle,chunk_10,104,cosine_similarity,0.02441731747239825,96
binary+shuffle,chunk_10,104,kl_to_gaussian,0.0,96
binary+shuffle,chunk_10,104,wt_mean,0.0023860702931414748,96
binary+shuffle,chunk_10,105,GR,,96
binary+shuffle,chunk_10,105,IPC,,96
binary+shuffle,chunk_10,105,KR,47.3125,96
binary+shuffle,chunk_10,105,MC,,96
binary+shuffle,chunk_10,105,cosine_similarity,0.025527191348373876,96
binary+shuffle,chunk_10,105,kl_to_gaussian,0.0,96
binary+shuffle,chunk_10,105,wt_mean,0.0025816578418016247,96
binary+shuffle,chunk_10,106,GR,,96
binary+shuffle,chunk_10,106,IPC,,96
binary+shuffle,chunk_10,106,KR,36.291666666666664,96
binary+shuffle,chunk_10,106,MC,,96
binary+shuffle,chunk_10,106,cosine_similarity,0.024417310021817653,96
binary+shuffle,chunk_10,106,kl_to_gaussian,0.0,96
binary+shuffle,chunk_10,106,wt_mean,0.002501658775145125,96
binary+shuffle,chunk_10,107,GR,,96
binary+shuffle,chunk_10,107,IPC,,96
binary+shuffle,chunk_10,107,KR,43.84375,96
binary+shuffle,chunk_10,107,MC,,96
binary+shuffle,chunk_10,107,cosine_similarity,0.02663706801831715,96
binary+shuffle,chunk_10,107,kl_to_gaussian,0.0,96
binary+shuffle,chunk_10,107,wt_mean,0.0025705199514049503,96
binary+shuffle,chunk_10,108,GR,,96
binary+shuffle,chunk_10,108,IPC,,96
binary+shuffle,chunk_10,108,KR,39.447916666666664,96
binary+shuffle,chunk_10,108,MC,,96
binary+shuffle,chunk_10,108,cosine_similarity,0.023584906011819774,96
binary+shuffle,chunk_10,108,kl_to_gaussian,0.0,96
binary+shuffle,chunk_10,108,wt_mean,0.00245113528217185,96
binary+shuffle,chunk_10,109,GR,,96
binary+shuffle,chunk_10,109,IPC,,96
binary+shuffle,chunk_10,109,KR,60.9375,96
binary+shuffle,chunk_10,109,MC,,96
binary+shuffle,chunk_10,109,cosine_similarity,0.01526082167401905,96
binary+shuffle,chunk_10,109,kl_to_gaussian,0.0,96
binary+shuffle,chunk_10,109,wt_mean,0.0031714912620372745,96
binary+shuffle,chunk_11,110,GR,,96
binary+shuffle,chunk_11,110,IPC,,96
binary+shuffle,chunk_11,110,KR,33.708333333333336,96
binary+shuffle,chunk_11,110,MC,,96
binary+shuffle,chunk_11,110,cosine_similarity,0.030521641485393023,96
binary+shuffle,chunk_11,110,kl_to_gaussian,0.0,96
binary+shuffle,chunk_11,110,wt_mean,0.002415735623799225,96
binary+shuffle,chunk_11,111,GR,,96
binary+shuffle,chunk_11,111,IPC,,96
binary+shuffle,chunk_11,111,KR,32.885416666666664,96
binary+shuffle,chunk_11,111,MC,,96
binary+shuffle,chunk_11,111,cosine_similarity,0.02913429308682675,96
binary+shuffle,chunk_11,111,kl_to_gaussian,0.0,96
binary+shuffle,chunk_11,111,wt_mean,0.002310190233401925,96
binary+shuffle,chunk_11,112,GR,,96
binary+shuffle,chunk_11,112,IPC,,96
binary+shuffle,chunk_11,112,KR,40.9375,96
binary+shuffle,chunk_11,112,MC,,96
binary+shuffle,chunk_11,112,cosine_similarity,0.020532744936645024,96
binary+shuffle,chunk_11,112,kl_to_gaussian,0.0,96
binary+shuffle,chunk_11,112,wt_mean,0.00255535691394465,96
binary+shuffle,chunk_11,113,GR,,96
binary+shuffle,chunk_11,113,IPC,,96
binary+shuffle,chunk_11,113,KR,33.84375,96
binary+shuffle,chunk_11,113,MC,,96
binary+shuffle,chunk_11,113,cosine_similarity,0.024972252082079604,96
binary+shuffle,chunk_11,113,kl_to_gaussian,0.0,96
binary+shuffle,chunk_11,113,wt_mean,0.00237004988593975,96
binary+shuffle,chunk_11,114,GR,,96
binary+shuffle,chunk_11,114,IPC,,96
binary+shuffle,chunk_11,114,KR,36.46875,96
binary+shuffle,chunk_11,114,MC,,96
binary+shuffle,chunk_11,114,cosine_similarity,0.0249722488224506,96
binary+shuffle,chunk_11,114,kl_to_gaussian,0.0,96
binary+shuffle,chunk_11,114,wt_mean,0.002394041890511225,96
binary+shuffle,chunk_11,115,GR,,96
binary+shuffle,chunk_11,115,IPC,,96
binary+shuffle,chunk_11,115,KR,55.802083333333336,96
binary+shuffle,chunk_11,115,MC,,96
binary+shuffle,chunk_11,115,cosine_similarity,0.0280244201421737,96
binary+shuffle,chunk_11,115,kl_to_gaussian,0.0,96
binary+shuffle,chunk_11,115,wt_mean,0.0030001795385032498,96
binary+shuffle,chunk_11,116,GR,,96
binary+shuffle,chunk_11,116,IPC,,96
binary+shuffle,chunk_11,116,KR,37.864583333333336,96
binary+shuffle,chunk_11,116,MC,,96
binary+shuffle,chunk_11,116,cosine_similarity,0.020810210611671126,96
binary+shuffle,chunk_11,116,kl_to_gaussian,0.0,96
binary+shuffle,chunk_11,116,wt_mean,0.0024914170207921004,96
binary+shuffle,chunk_11,117,GR,,96
binary+shuffle,chunk_11,117,IPC,,96
binary+shuffle,chunk_11,117,KR,38.041666666666664,96
binary+shuffle,chunk_11,117,MC,,96
binary+shuffle,chunk_11,117,cosine_similarity,0.028856821358203822,96
binary+shuffle,chunk_11,117,kl_to_gaussian,0.0,96
binary+shuffle,chunk_11,117,wt_mean,0.002444379264488775,96
binary+shuffle,chunk_11,118,GR,,96
binary+shuffle,chunk_11,118,IPC,,96
binary+shuffle,chunk_11,118,KR,35.770833333333336,96
binary+shuffle,chunk_11,118,MC,,96
binary+shuffle,chunk_11,118,cosine_similarity,0.02192008262500165,96
binary+shuffle,chunk_11,118,kl_to_gaussian,0.0,96
binary+shuffle,chunk_11,118,wt_mean,0.0024007477331905998,96
binary+shuffle,chunk_11,119,GR,,96
binary+shuffle,chunk_11,119,IPC,,96
binary+shuffle,chunk_11,119,KR,47.864583333333336,96
binary+shuffle,chunk_11,119,MC,,96
binary+shuffle,chunk_11,119,cosine_similarity,0.027746951673179827,96
binary+shuffle,chunk_11,119,kl_to_gaussian,0.0,96
binary+shuffle,chunk_11,119,wt_mean,0.002914811600930925,96
binary+shuffle,chunk_12,120,GR,,96
binary+shuffle,chunk_12,120,IPC,,96
binary+shuffle,chunk_12,120,KR,31.0,96
binary+shuffle,chunk_12,120,MC,,96
binary+shuffle,chunk_12,120,cosine_similarity,0.0183129906654357,96
binary+shuffle,chunk_12,120,kl_to_gaussian,0.0,96
binary+shuffle,chunk_12,120,wt_mean,0.002359808859182475,96
binary+shuffle,chunk_12,121,GR,,96
binary+shuffle,chunk_12,121,IPC,,96
binary+shuffle,chunk_12,121,KR,42.708333333333336,96
binary+shuffle,chunk_12,121,MC,,96
binary+shuffle,chunk_12,121,cosine_similarity,0.0194228589534759,96
binary+shuffle,chunk_12,121,kl_to_gaussian,0.0,96
binary+shuffle,chunk_12,121,wt_mean,0.00255979958456005,96
binary+shuffle,chunk_12,122,GR,,96
binary+shuffle,chunk_12,122,IPC,,96
binary+shuffle,chunk_12,122,KR,36.71875,96
binary+shuffle,chunk_12,122,MC,,96
binary+shuffle,chunk_12,122,cosine_similarity,0.02025527320802205,96
binary+shuffle,chunk_12,122,kl_to_gaussian,0.0,96
binary+shuffle,chunk_12,122,wt_mean,0.002544230344938075,96
binary+shuffle,chunk_12,123,GR,,96
binary+shuffle,chunk_12,123,IPC,,96
binary+shuffle,chunk_12,123,KR,40.09375,96
binary+shuffle,chunk_12,123,MC,,96
binary+shuffle,chunk_12,123,cosine_similarity,0.021087674424052173,96
binary+shuffle,chunk_12,123,kl_to_gaussian,0.0,96
binary+shuffle,chunk_12,123,wt_mean,0.00254941568709905,96
binary+shuffle,chunk_12,124,GR,,96
binary+shuffle,chunk_12,124,IPC,,96
binary+shuffle,chunk_12,124,KR,43.354166666666664,96
binary+shuffle,chunk_12,124,MC,,96
binary+shuffle,chunk_12,124,cosine_similarity,0.0199778042733669,96
binary+shuffle,chunk_12,124,kl_to_gaussian,0.0,96
binary+shuffle,chunk_12,124,wt_mean,0.002524390525650175,96
binary+shuffle,chunk_12,125,GR,,96
binary+shuffle,chunk_12,125,IPC,,96
binary+shuffle,chunk_12,125,KR,31.520833333333332,96
binary+shuffle,chunk_12,125,MC,,96
binary+shuffle,chunk_12,125,cosine_similarity,0.023029970936477125,96
binary+shuffle,chunk_12,125,kl_to_gaussian,0.0,96
binary+shuffle,chunk_12,125,wt_mean,0.00233189770369785,96
binary+shuffle,chunk_12,126,GR,,96
binary+shuffle,chunk_12,126,IPC,,96
binary+shuffle,chunk_12,126,KR,41.010416666666664,96
binary+shuffle,chunk_12,126,MC,,96
binary+shuffle,chunk_12,126,cosine_similarity,0.0238623777404427,96
binary+shuffle,chunk_12,126,kl_to_gaussian,0.0,96
binary+shuffle,chunk_12,126,wt_mean,0.0023787824611644502,96
binary+shuffle,chunk_12,127,GR,,96
binary+shuffle,chunk_12,127,IPC,,96
binary+shuffle,chunk_12,127,KR,41.28125,96
binary+shuffle,chunk_12,127,MC,,96
binary+shuffle,chunk_12,127,cosine_similarity,0.0249722548760473,96
binary+shuffle,chunk_12,127,kl_to_gaussian,0.0,96
binary+shuffle,chunk_12,127,wt_mean,0.0026781919295898998,96
binary+shuffle,chunk_12,128,GR,,96
binary+shuffle,chunk_12,128,IPC,,96
binary+shuffle,chunk_12,128,KR,37.364583333333336,96
binary+shuffle,chunk_12,128,MC,,96
binary+shuffle,chunk_12,128,cosine_similarity,0.025527194608002873,96
binary+shuffle,chunk_12,128,kl_to_gaussian,0.0,96
binary+shuffle,chunk_12,128,wt_mean,0.0025262909766751497,96
binary+shuffle,chunk_12,129,GR,,96
binary+shuffle,chunk_12,129,IPC,,96
binary+shuffle,chunk_12,129,KR,52.427083333333336,96
binary+shuffle,chunk_12,129,MC,,96
binary+shuffle,chunk_12,129,cosine_similarity,0.021642621606588298,96
binary+shuffle,chunk_12,129,kl_to_gaussian,0.0,96
binary+shuffle,chunk_12,129,wt_mean,0.002871685894206125,96
binary+shuffle,chunk_13,130,GR,,96
binary+shuffle,chunk_13,130,IPC,,96
binary+shuffle,chunk_13,130,KR,38.427083333333336,96
binary+shuffle,chunk_13,130,MC,,96
binary+shuffle,chunk_13,130,cosine_similarity,0.022197555750608375,96
binary+shuffle,chunk_13,130,kl_to_gaussian,0.0,96
binary+shuffle,chunk_13,130,wt_mean,0.00256049371091645,96
binary+shuffle,chunk_13,131,GR,,96
binary+shuffle,chunk_13,131,IPC,,96
binary+shuffle,chunk_13,131,KR,36.447916666666664,96
binary+shuffle,chunk_13,131,MC,,96
binary+shuffle,chunk_13,131,cosine_similarity,0.025804661680012875,96
binary+shuffle,chunk_13,131,kl_to_gaussian,0.0,96
binary+shuffle,chunk_13,131,wt_mean,0.0024895944225136,96
binary+shuffle,chunk_13,132,GR,,96
binary+shuffle,chunk_13,132,IPC,,96
binary+shuffle,chunk_13,132,KR,39.46875,96
binary+shuffle,chunk_13,132,MC,,96
binary+shuffle,chunk_13,132,cosine_similarity,0.02580466354265805,96
binary+shuffle,chunk_13,132,kl_to_gaussian,0.0,96
binary+shuffle,chunk_13,132,wt_mean,0.0024674776941537497,96
binary+shuffle,chunk_13,133,GR,,96
binary+shuffle,chunk_13,133,IPC,,96
binary+shuffle,chunk_13,133,KR,39.625,96
binary+shuffle,chunk_13,133,MC,,96
binary+shuffle,chunk_13,133,cosine_similarity,0.032186457887291846,96
binary+shuffle,chunk_13,133,kl_to_gaussian,0.0,96
binary+shuffle,chunk_13,133,wt_mean,0.002565224829595475,96
binary+shuffle,chunk_13,134,GR,,96
binary+shuffle,chunk_13,134,IPC,,96
binary+shuffle,chunk_13,134,KR,42.260416666666664,96
binary+shuffle,chunk_13,134,MC,,96
binary+shuffle,chunk_13,134,cosine_similarity,0.021920083090662925,96
binary+shuffle,chunk_13,134,kl_to_gaussian,0.0,96
binary+shuffle,chunk_13,134,wt_mean,0.002497175795724575,96
binary+shuffle,chunk_13,135,GR,,96
binary+shuffle,chunk_13,135,IPC,,96
binary+shuffle,chunk_13,135,KR,35.520833333333336,96
binary+shuffle,chunk_13,135,MC,,96
binary+shuffle,chunk_13,135,cosine_similarity,0.02802441176027055,96
binary+shuffle,chunk_13,135,kl_to_gaussian,0.0,96
binary+shuffle,chunk_13,135,wt_mean,0.002561623317887975,96
binary+shuffle,chunk_13,136,GR,,96
binary+shuffle,chunk_13,136,IPC,,96
binary+shuffle,chunk_13,136,KR,36.333333333333336,96
binary+shuffle,chunk_13,136,MC,,96
binary+shuffle,chunk_13,136,cosine_similarity,0.027469485532492347,96
binary+shuffle,chunk_13,136,kl_to_gaussian,0.0,96
binary+shuffle,chunk_13,136,wt_mean,0.002406271145446175,96
binary+shuffle,chunk_13,137,GR,,96
binary+shuffle,chunk_13,137,IPC,,96
binary+shuffle,chunk_13,137,KR,35.114583333333336,96
binary+shuffle,chunk_13,137,MC,,96
binary+shuffle,chunk_13,137,cosine_similarity,0.03218645509332412,96
binary+shuffle,chunk_13,137,kl_to_gaussian,0.0,96
binary+shuffle,chunk_13,137,wt_mean,0.00245977364829735,96
binary+shuffle,chunk_13,138,GR,,96
binary+shuffle,chunk_13,138,IPC,,96
binary+shuffle,chunk_13,138,KR,45.96875,96
binary+shuffle,chunk_13,138,MC,,96
binary+shuffle,chunk_13,138,cosine_similarity,0.024694783147424376,96
binary+shuffle,chunk_13,138,kl_to_gaussian,0.0,96
binary+shuffle,chunk_13,138,wt_mean,0.0025181999080814,96
binary+shuffle,chunk_13,139,GR,,96
binary+shuffle,chunk_13,139,IPC,,96
binary+shuffle,chunk_13,139,KR,43.114583333333336,96
binary+shuffle,chunk_13,139,MC,,96
binary+shuffle,chunk_13,139,cosine_similarity,0.026637075468897774,96
binary+shuffle,chunk_13,139,kl_to_gaussian,0.0,96
binary+shuffle,chunk_13,139,wt_mean,0.002563010755693525,96
binary+shuffle,chunk_14,140,GR,,96
binary+shuffle,chunk_14,140,IPC,,96
binary+shuffle,chunk_14,140,KR,36.8125,96
binary+shuffle,chunk_14,140,MC,,96
binary+shuffle,chunk_14,140,cosine_similarity,0.02635960001498455,96
binary+shuffle,chunk_14,140,kl_to_gaussian,0.0,96
binary+shuffle,chunk_14,140,wt_mean,0.002710991859203175,96
binary+shuffle,chunk_14,141,GR,,96
binary+shuffle,chunk_14,141,IPC,,96
binary+shuffle,chunk_14,141,KR,28.927083333333332,96
binary+shuffle,chunk_14,141,MC,,96
binary+shuffle,chunk_14,141,cosine_similarity,0.03662596829235545,96
binary+shuffle,chunk_14,141,kl_to_gaussian,0.0,96
binary+shuffle,chunk_14,141,wt_mean,0.0023054037301335002,96
binary+shuffle,chunk_14,142,GR,,96
binary+shuffle,chunk_14,142,IPC,,96
binary+shuffle,chunk_14,142,KR,32.270833333333336,96
binary+shuffle,chunk_14,142,MC,,96
binary+shuffle,chunk_14,142,cosine_similarity,0.02192008914425965,96
binary+shuffle,chunk_14,142,kl_to_gaussian,0.0,96
binary+shuffle,chunk_14,142,wt_mean,0.0024064351455308,96
binary+shuffle,chunk_14,143,GR,,96
binary+shuffle,chunk_14,143,IPC,,96
binary+shuffle,chunk_14,143,KR,51.802083333333336,96
binary+shuffle,chunk_14,143,MC,,96
binary+shuffle,chunk_14,143,cosine_similarity,0.028024411760270578,96
binary+shuffle,chunk_14,143,kl_to_gaussian,0.0,96
binary+shuffle,chunk_14,143,wt_mean,0.002799865556880775,96
binary+shuffle,chunk_14,144,GR,,96
binary+shuffle,chunk_14,144,IPC,,96
binary+shuffle,chunk_14,144,KR,32.5,96
binary+shuffle,chunk_14,144,MC,,96
binary+shuffle,chunk_14,144,cosine_similarity,0.023584904149174624,96
binary+shuffle,chunk_14,144,kl_to_gaussian,0.0,96
binary+shuffle,chunk_14,144,wt_mean,0.002337179699679775,96
binary+shuffle,chunk_14,145,GR,,96
binary+shuffle,chunk_14,145,IPC,,96
binary+shuffle,chunk_14,145,KR,44.46875,96
binary+shuffle,chunk_14,145,MC,,96
binary+shuffle,chunk_14,145,cosine_similarity,0.0249722595326602,96
binary+shuffle,chunk_14,145,kl_to_gaussian,0.0,96
binary+shuffle,chunk_14,145,wt_mean,0.0027214190049562,96
binary+shuffle,chunk_14,146,GR,,96
binary+shuffle,chunk_14,146,IPC,,96
binary+shuffle,chunk_14,146,KR,38.989583333333336,96
binary+shuffle,chunk_14,146,MC,,96
binary+shuffle,chunk_14,146,cosine_similarity,0.0221975590102374,96
binary+shuffle,chunk_14,146,kl_to_gaussian,0.0,96
binary+shuffle,chunk_14,146,wt_mean,0.002651162911206425,96
binary+shuffle,chunk_14,147,GR,,96
binary+shuffle,chunk_14,147,IPC,,96
binary+shuffle,chunk_14,147,KR,42.322916666666664,96
binary+shuffle,chunk_14,147,MC,,96
binary+shuffle,chunk_14,147,cosine_similarity,0.025804657023400027,96
binary+shuffle,chunk_14,147,kl_to_gaussian,0.0,96
binary+shuffle,chunk_14,147,wt_mean,0.0026170409109908498,96
binary+shuffle,chunk_14,148,GR,,96
binary+shuffle,chunk_14,148,IPC,,96
binary+shuffle,chunk_14,148,KR,32.125,96
binary+shuffle,chunk_14,148,MC,,96
binary+shuffle,chunk_14,148,cosine_similarity,0.024694784078746975,96
binary+shuffle,chunk_14,148,kl_to_gaussian,0.0,96
binary+shuffle,chunk_14,148,wt_mean,0.00241180753801015,96
binary+shuffle,chunk_14,149,GR,,96
binary+shuffle,chunk_14,149,IPC,,96
binary+shuffle,chunk_14,149,KR,42.552083333333336,96
binary+shuffle,chunk_14,149,MC,,96
binary+shuffle,chunk_14,149,cosine_similarity,0.025249721482396053,96
binary+shuffle,chunk_14,149,kl_to_gaussian,0.0,96
binary+shuffle,chunk_14,149,wt_mean,0.0026619179989211,96
binary+shuffle,chunk_15,150,GR,,96
binary+shuffle,chunk_15,150,IPC,,96
binary+shuffle,chunk_15,150,KR,52.572916666666664,96
binary+shuffle,chunk_15,150,MC,,96
binary+shuffle,chunk_15,150,cosine_similarity,0.023029962554573947,96
binary+shuffle,chunk_15,150,kl_to_gaussian,0.0,96
binary+shuffle,chunk_15,150,wt_mean,0.002742717100772925,96
binary+shuffle,chunk_15,151,GR,,96
binary+shuffle,chunk_15,151,IPC,,96
binary+shuffle,chunk_15,151,KR,36.895833333333336,96
binary+shuffle,chunk_15,151,MC,,96
binary+shuffle,chunk_15,151,cosine_similarity,0.028579358942806676,96
binary+shuffle,chunk_15,151,kl_to_gaussian,0.0,96
binary+shuffle,chunk_15,151,wt_mean,0.0024421201378572502,96
binary+shuffle,chunk_15,152,GR,,96
binary+shuffle,chunk_15,152,IPC,,96
binary+shuffle,chunk_15,152,KR,41.833333333333336,96
binary+shuffle,chunk_15,152,MC,,96
binary+shuffle,chunk_15,152,cosine_similarity,0.020532738883048275,96
binary+shuffle,chunk_15,152,kl_to_gaussian,0.0,96
binary+shuffle,chunk_15,152,wt_mean,0.0025937130849342503,96
binary+shuffle,chunk_15,153,GR,,96
binary+shuffle,chunk_15,153,IPC,,96
binary+shuffle,chunk_15,153,KR,34.135416666666664,96
binary+shuffle,chunk_15,153,MC,,96
binary+shuffle,chunk_15,153,cosine_similarity,0.02330743940547105,96
binary+shuffle,chunk_15,153,kl_to_gaussian,0.0,96
binary+shuffle,chunk_15,153,wt_mean,0.002495965280104375,96
binary+shuffle,chunk_15,154,GR,,96
binary+shuffle,chunk_15,154,IPC,,96
binary+shuffle,chunk_15,154,KR,40.614583333333336,96
binary+shuffle,chunk_15,154,MC,,96
binary+shuffle,chunk_15,154,cosine_similarity,0.021365151274949274,96
binary+shuffle,chunk_15,154,kl_to_gaussian,0.0,96
binary+shuffle,chunk_15,154,wt_mean,0.00263017715769815,96
binary+shuffle,chunk_15,155,GR,,96
binary+shuffle,chunk_15,155,IPC,,96
binary+shuffle,chunk_15,155,KR,39.479166666666664,96
binary+shuffle,chunk_15,155,MC,,96
binary+shuffle,chunk_15,155,cosine_similarity,0.0280244136229157,96
binary+shuffle,chunk_15,155,kl_to_gaussian,0.0,96
binary+shuffle,chunk_15,155,wt_mean,0.0024194899015128253,96
binary+shuffle,chunk_15,156,GR,,96
binary+shuffle,chunk_15,156,IPC,,96
binary+shuffle,chunk_15,156,KR,40.6875,96
binary+shuffle,chunk_15,156,MC,,96
binary+shuffle,chunk_15,156,cosine_similarity,0.02219755714759225,96
binary+shuffle,chunk_15,156,kl_to_gaussian,0.0,96
binary+shuffle,chunk_15,156,wt_mean,0.0024238963378593,96
binary+shuffle,chunk_15,157,GR,,96
binary+shuffle,chunk_15,157,IPC,,96
binary+shuffle,chunk_15,157,KR,37.375,96
binary+shuffle,chunk_15,157,MC,,96
binary+shuffle,chunk_15,157,cosine_similarity,0.027469483669847177,96
binary+shuffle,chunk_15,157,kl_to_gaussian,0.0,96
binary+shuffle,chunk_15,157,wt_mean,0.002346372872125325,96
binary+shuffle,chunk_15,158,GR,,96
binary+shuffle,chunk_15,158,IPC,,96
binary+shuffle,chunk_15,158,KR,39.072916666666664,96
binary+shuffle,chunk_15,158,MC,,96
binary+shuffle,chunk_15,158,cosine_similarity,0.02386237541213625,96
binary+shuffle,chunk_15,158,kl_to_gaussian,0.0,96
binary+shuffle,chunk_15,158,wt_mean,0.0023616243270225498,96
binary+shuffle,chunk_15,159,GR,,96
binary+shuffle,chunk_15,159,IPC,,96
binary+shuffle,chunk_15,159,KR,47.3125,96
binary+shuffle,chunk_15,159,MC,,96
binary+shuffle,chunk_15,159,cosine_similarity,0.0235848980955779,96
binary+shuffle,chunk_15,159,kl_to_gaussian,0.0,96
binary+shuffle,chunk_15,159,wt_mean,0.00288634031312535,96
binary+shuffle,chunk_16,160,GR,,96
binary+shuffle,chunk_16,160,IPC,,96
binary+shuffle,chunk_16,160,KR,36.8125,96
binary+shuffle,chunk_16,160,MC,,96
binary+shuffle,chunk_16,160,cosine_similarity,0.017203108407556976,96
binary+shuffle,chunk_16,160,kl_to_gaussian,0.0,96
binary+shuffle,chunk_16,160,wt_mean,0.0024255616299341753,96
binary+shuffle,chunk_16,161,GR,,96
binary+shuffle,chunk_16,161,IPC,,96
binary+shuffle,chunk_16,161,KR,48.291666666666664,96
binary+shuffle,chunk_16,161,MC,,96
binary+shuffle,chunk_16,161,cosine_similarity,0.0255271936766803,96
binary+shuffle,chunk_16,161,kl_to_gaussian,0.0,96
binary+shuffle,chunk_16,161,wt_mean,0.0026594267983454747,96
binary+shuffle,chunk_16,162,GR,,96
binary+shuffle,chunk_16,162,IPC,,96
binary+shuffle,chunk_16,162,KR,41.739583333333336,96
binary+shuffle,chunk_16,162,MC,,96
binary+shuffle,chunk_16,162,cosine_similarity,0.021642620209604474,96
binary+shuffle,chunk_16,162,kl_to_gaussian,0.0,96
binary+shuffle,chunk_16,162,wt_mean,0.00265839320491065,96
binary+shuffle,chunk_16,163,GR,,96
binary+shuffle,chunk_16,163,IPC,,96
binary+shuffle,chunk_16,163,KR,40.4375,96
binary+shuffle,chunk_16,163,MC,,96
binary+shuffle,chunk_16,163,cosine_similarity,0.02663706801831715,96
binary+shuffle,chunk_16,163,kl_to_gaussian,0.0,96
binary+shuffle,chunk_16,163,wt_mean,0.0024679301131981753,96
binary+shuffle,chunk_16,164,GR,,96
binary+shuffle,chunk_16,164,IPC,,96
binary+shuffle,chunk_16,164,KR,35.427083333333336,96
binary+shuffle,chunk_16,164,MC,,96
binary+shuffle,chunk_16,164,cosine_similarity,0.0302441720850765,96
binary+shuffle,chunk_16,164,kl_to_gaussian,0.0,96
binary+shuffle,chunk_16,164,wt_mean,0.0024753250763751,96
binary+shuffle,chunk_16,165,GR,,96
binary+shuffle,chunk_16,165,IPC,,96
binary+shuffle,chunk_16,165,KR,45.96875,96
binary+shuffle,chunk_16,165,MC,,96
binary+shuffle,chunk_16,165,cosine_similarity,0.026914543472230396,96
binary+shuffle,chunk_16,165,kl_to_gaussian,0.0,96
binary+shuffle,chunk_16,165,wt_mean,0.0026452431338839003,96
binary+shuffle,chunk_16,166,GR,,96
binary+shuffle,chunk_16,166,IPC,,96
binary+shuffle,chunk_16,166,KR,33.65625,96
binary+shuffle,chunk_16,166,MC,,96
binary+shuffle,chunk_16,166,cosine_similarity,0.0274694864638149,96
binary+shuffle,chunk_16,166,kl_to_gaussian,0.0,96
binary+shuffle,chunk_16,166,wt_mean,0.00244544862653125,96
binary+shuffle,chunk_16,167,GR,,96
binary+shuffle,chunk_16,167,IPC,,96
binary+shuffle,chunk_16,167,KR,42.114583333333336,96
binary+shuffle,chunk_16,167,MC,,96
binary+shuffle,chunk_16,167,cosine_similarity,0.022475020959973252,96
binary+shuffle,chunk_16,167,kl_to_gaussian,0.0,96
binary+shuffle,chunk_16,167,wt_mean,0.0026637115806806503,96
binary+shuffle,chunk_16,168,GR,,96
binary+shuffle,chunk_16,168,IPC,,96
binary+shuffle,chunk_16,168,KR,42.90625,96
binary+shuffle,chunk_16,168,MC,,96
binary+shuffle,chunk_16,168,cosine_similarity,0.024972249288111852,96
binary+shuffle,chunk_16,168,kl_to_gaussian,0.0,96
binary+shuffle,chunk_16,168,wt_mean,0.00257359453826205,96
binary+shuffle,chunk_16,169,GR,,96
binary+shuffle,chunk_16,169,IPC,,96
binary+shuffle,chunk_16,169,KR,45.375,96
binary+shuffle,chunk_16,169,MC,,96
binary+shuffle,chunk_16,169,cosine_similarity,0.02663707267493005,96
binary+shuffle,chunk_16,169,kl_to_gaussian,0.0,96
binary+shuffle,chunk_16,169,wt_mean,0.0027022310532629,96
binary+shuffle,chunk_17,170,GR,,96
binary+shuffle,chunk_17,170,IPC,,96
binary+shuffle,chunk_17,170,KR,43.65625,96
binary+shuffle,chunk_17,170,MC,,96
binary+shuffle,chunk_17,170,cosine_similarity,0.024417313747107924,96
binary+shuffle,chunk_17,170,kl_to_gaussian,0.0,96
binary+shuffle,chunk_17,170,wt_mean,0.00258219568058845,96
binary+shuffle,chunk_17,171,GR,,96
binary+shuffle,chunk_17,171,IPC,,96
binary+shuffle,chunk_17,171,KR,45.708333333333336,96
binary+shuffle,chunk_17,171,MC,,96
binary+shuffle,chunk_17,171,cosine_similarity,0.023584900889545624,96
binary+shuffle,chunk_17,171,kl_to_gaussian,0.0,96
binary+shuffle,chunk_17,171,wt_mean,0.002644310618052225,96
binary+shuffle,chunk_17,172,GR,,96
binary+shuffle,chunk_17,172,IPC,,96
binary+shuffle,chunk_17,172,KR,59.145833333333336,96
binary+shuffle,chunk_17,172,MC,,96
binary+shuffle,chunk_17,172,cosine_similarity,0.02386236842721695,96
binary+shuffle,chunk_17,172,kl_to_gaussian,0.0,96
binary+shuffle,chunk_17,172,wt_mean,0.002905853500124025,96
binary+shuffle,chunk_17,173,GR,,96
binary+shuffle,chunk_17,173,IPC,,96
binary+shuffle,chunk_17,173,KR,42.239583333333336,96
binary+shuffle,chunk_17,173,MC,,96
binary+shuffle,chunk_17,173,cosine_similarity,0.014983348781242899,96
binary+shuffle,chunk_17,173,kl_to_gaussian,0.0,96
binary+shuffle,chunk_17,173,wt_mean,0.002689072891371275,96
binary+shuffle,chunk_17,174,GR,,96
binary+shuffle,chunk_17,174,IPC,,96
binary+shuffle,chunk_17,174,KR,33.916666666666664,96
binary+shuffle,chunk_17,174,MC,,96
binary+shuffle,chunk_17,174,cosine_similarity,0.02330743568018075,96
binary+shuffle,chunk_17,174,kl_to_gaussian,0.0,96
binary+shuffle,chunk_17,174,wt_mean,0.002407975494861575,96
binary+shuffle,chunk_17,175,GR,,96
binary+shuffle,chunk_17,175,IPC,,96
binary+shuffle,chunk_17,175,KR,41.239583333333336,96
binary+shuffle,chunk_17,175,MC,,96
binary+shuffle,chunk_17,175,cosine_similarity,0.02635960420593615,96
binary+shuffle,chunk_17,175,kl_to_gaussian,0.0,96
binary+shuffle,chunk_17,175,wt_mean,0.002464241144480125,96
binary+shuffle,chunk_17,176,GR,,96
binary+shuffle,chunk_17,176,IPC,,96
binary+shuffle,chunk_17,176,KR,39.458333333333336,96
binary+shuffle,chunk_17,176,MC,,96
binary+shuffle,chunk_17,176,cosine_similarity,0.028579356614500225,96
binary+shuffle,chunk_17,176,kl_to_gaussian,0.0,96
binary+shuffle,chunk_17,176,wt_mean,0.002645455067977275,96
binary+shuffle,chunk_17,177,GR,,96
binary+shuffle,chunk_17,177,IPC,,96
binary+shuffle,chunk_17,177,KR,38.0,96
binary+shuffle,chunk_17,177,MC,,96
binary+shuffle,chunk_17,177,cosine_similarity,0.023307434748858148,96
binary+shuffle,chunk_17,177,kl_to_gaussian,0.0,96
binary+shuffle,chunk_17,177,wt_mean,0.002415368449874175,96
binary+shuffle,chunk_17,178,GR,,96
binary+shuffle,chunk_17,178,IPC,,96
binary+shuffle,chunk_17,178,KR,44.875,96
binary+shuffle,chunk_17,178,MC,,96
binary+shuffle,chunk_17,178,cosine_similarity,0.0194228589534759,96
binary+shuffle,chunk_17,178,kl_to_gaussian,0.0,96
binary+shuffle,chunk_17,178,wt_mean,0.00273148313863195,96
binary+shuffle,chunk_17,179,GR,,96
binary+shuffle,chunk_17,179,IPC,,96
binary+shuffle,chunk_17,179,KR,34.833333333333336,96
binary+shuffle,chunk_17,179,MC,,96
binary+shuffle,chunk_17,179,cosine_similarity,0.0313540585339069,96
binary+shuffle,chunk_17,179,kl_to_gaussian,0.0,96
binary+shuffle,chunk_17,179,wt_mean,0.002518041874282025,96
binary+shuffle,chunk_18,180,GR,,96
binary+shuffle,chunk_18,180,IPC,,96
binary+shuffle,chunk_18,180,KR,35.114583333333336,96
binary+shuffle,chunk_18,180,MC,,96
binary+shuffle,chunk_18,180,cosine_similarity,0.024417317472398226,96
binary+shuffle,chunk_18,180,kl_to_gaussian,0.0,96
binary+shuffle,chunk_18,180,wt_mean,0.002470764156896575,96
binary+shuffle,chunk_18,181,GR,,96
binary+shuffle,chunk_18,181,IPC,,96
binary+shuffle,chunk_18,181,KR,37.791666666666664,96
binary+shuffle,chunk_18,181,MC,,96
binary+shuffle,chunk_18,181,cosine_similarity,0.021365149412304125,96
binary+shuffle,chunk_18,181,kl_to_gaussian,0.0,96
binary+shuffle,chunk_18,181,wt_mean,0.0023170766071416,96
binary+shuffle,chunk_18,182,GR,,96
binary+shuffle,chunk_18,182,IPC,,96
binary+shuffle,chunk_18,182,KR,45.5625,96
binary+shuffle,chunk_18,182,MC,,96
binary+shuffle,chunk_18,182,cosine_similarity,0.025804658420383875,96
binary+shuffle,chunk_18,182,kl_to_gaussian,0.0,96
binary+shuffle,chunk_18,182,wt_mean,0.0027574118576012253,96
binary+shuffle,chunk_18,183,GR,,96
binary+shuffle,chunk_18,183,IPC,,96
binary+shuffle,chunk_18,183,KR,35.072916666666664,96
binary+shuffle,chunk_18,183,MC,,96
binary+shuffle,chunk_18,183,cosine_similarity,0.021365149877965377,96
binary+shuffle,chunk_18,183,kl_to_gaussian,0.0,96
binary+shuffle,chunk_18,183,wt_mean,0.0023740849865134498,96
binary+shuffle,chunk_18,184,GR,,96
binary+shuffle,chunk_18,184,IPC,,96
binary+shuffle,chunk_18,184,KR,45.552083333333336,96
binary+shuffle,chunk_18,184,MC,,96
binary+shuffle,chunk_18,184,cosine_similarity,0.0210876804776489,96
binary+shuffle,chunk_18,184,kl_to_gaussian,0.0,96
binary+shuffle,chunk_18,184,wt_mean,0.002558322972618,96
binary+shuffle,chunk_18,185,GR,,96
binary+shuffle,chunk_18,185,IPC,,96
binary+shuffle,chunk_18,185,KR,43.541666666666664,96
binary+shuffle,chunk_18,185,MC,,96
binary+shuffle,chunk_18,185,cosine_similarity,0.025527195539325448,96
binary+shuffle,chunk_18,185,kl_to_gaussian,0.0,96
binary+shuffle,chunk_18,185,wt_mean,0.0027505073230713,96
binary+shuffle,chunk_18,186,GR,,96
binary+shuffle,chunk_18,186,IPC,,96
binary+shuffle,chunk_18,186,KR,43.645833333333336,96
binary+shuffle,chunk_18,186,MC,,96
binary+shuffle,chunk_18,186,cosine_similarity,0.02941176528111095,96
binary+shuffle,chunk_18,186,kl_to_gaussian,0.0,96
binary+shuffle,chunk_18,186,wt_mean,0.00278755143517625,96
binary+shuffle,chunk_18,187,GR,,96
binary+shuffle,chunk_18,187,IPC,,96
binary+shuffle,chunk_18,187,KR,36.572916666666664,96
binary+shuffle,chunk_18,187,MC,,96
binary+shuffle,chunk_18,187,cosine_similarity,0.0252497168257832,96
binary+shuffle,chunk_18,187,kl_to_gaussian,0.0,96
binary+shuffle,chunk_18,187,wt_mean,0.0024182311026378998,96
binary+shuffle,chunk_18,188,GR,,96
binary+shuffle,chunk_18,188,IPC,,96
binary+shuffle,chunk_18,188,KR,34.28125,96
binary+shuffle,chunk_18,188,MC,,96
binary+shuffle,chunk_18,188,cosine_similarity,0.021642620675265723,96
binary+shuffle,chunk_18,188,kl_to_gaussian,0.0,96
binary+shuffle,chunk_18,188,wt_mean,0.002464423159835825,96
binary+shuffle,chunk_18,189,GR,,96
binary+shuffle,chunk_18,189,IPC,,96
binary+shuffle,chunk_18,189,KR,44.270833333333336,96
binary+shuffle,chunk_18,189,MC,,96
binary+shuffle,chunk_18,189,cosine_similarity,0.0266370666213333,96
binary+shuffle,chunk_18,189,kl_to_gaussian,0.0,96
binary+shuffle,chunk_18,189,wt_mean,0.0027667929825838,96
binary+shuffle,chunk_19,190,GR,,96
binary+shuffle,chunk_19,190,IPC,,96
binary+shuffle,chunk_19,190,KR,34.135416666666664,96
binary+shuffle,chunk_19,190,MC,,96
binary+shuffle,chunk_19,190,cosine_similarity,0.02857935568317768,96
binary+shuffle,chunk_19,190,kl_to_gaussian,0.0,96
binary+shuffle,chunk_19,190,wt_mean,0.00256243144394825,96
binary+shuffle,chunk_19,191,GR,,96
binary+shuffle,chunk_19,191,IPC,,96
binary+shuffle,chunk_19,191,KR,58.416666666666664,96
binary+shuffle,chunk_19,191,MC,,96
binary+shuffle,chunk_19,191,cosine_similarity,0.020255267620086625,96
binary+shuffle,chunk_19,191,kl_to_gaussian,0.0,96
binary+shuffle,chunk_19,191,wt_mean,0.0031371802906505,96
binary+shuffle,chunk_19,192,GR,,96
binary+shuffle,chunk_19,192,IPC,,96
binary+shuffle,chunk_19,192,KR,40.791666666666664,96
binary+shuffle,chunk_19,192,MC,,96
binary+shuffle,chunk_19,192,cosine_similarity,0.025249717757105748,96
binary+shuffle,chunk_19,192,kl_to_gaussian,0.0,96
binary+shuffle,chunk_19,192,wt_mean,0.0024546085624024,96
binary+shuffle,chunk_19,193,GR,,96
binary+shuffle,chunk_19,193,IPC,,96
binary+shuffle,chunk_19,193,KR,37.697916666666664,96
binary+shuffle,chunk_19,193,MC,,96
binary+shuffle,chunk_19,193,cosine_similarity,0.02108768047764892,96
binary+shuffle,chunk_19,193,kl_to_gaussian,0.0,96
binary+shuffle,chunk_19,193,wt_mean,0.0025520335766486247,96
binary+shuffle,chunk_19,194,GR,,96
binary+shuffle,chunk_19,194,IPC,,96
binary+shuffle,chunk_19,194,KR,42.65625,96
binary+shuffle,chunk_19,194,MC,,96
binary+shuffle,chunk_19,194,cosine_similarity,0.020810208749026,96
binary+shuffle,chunk_19,194,kl_to_gaussian,0.0,96
binary+shuffle,chunk_19,194,wt_mean,0.00263200432527805,96
binary+shuffle,chunk_19,195,GR,,96
binary+shuffle,chunk_19,195,IPC,,96
binary+shuffle,chunk_19,195,KR,40.354166666666664,96
binary+shuffle,chunk_19,195,MC,,96
binary+shuffle,chunk_19,195,cosine_similarity,0.022475029341876476,96
binary+shuffle,chunk_19,195,kl_to_gaussian,0.0,96
binary+shuffle,chunk_19,195,wt_mean,0.00264292955398555,96
binary+shuffle,chunk_19,196,GR,,96
binary+shuffle,chunk_19,196,IPC,,96
binary+shuffle,chunk_19,196,KR,40.979166666666664,96
binary+shuffle,chunk_19,196,MC,,96
binary+shuffle,chunk_19,196,cosine_similarity,0.02608212642371645,96
binary+shuffle,chunk_19,196,kl_to_gaussian,0.0,96
binary+shuffle,chunk_19,196,wt_mean,0.00245847366750235,96
binary+shuffle,chunk_19,197,GR,,96
binary+shuffle,chunk_19,197,IPC,,96
binary+shuffle,chunk_19,197,KR,36.395833333333336,96
binary+shuffle,chunk_19,197,MC,,96
binary+shuffle,chunk_19,197,cosine_similarity,0.0183129836805164,96
binary+shuffle,chunk_19,197,kl_to_gaussian,0.0,96
binary+shuffle,chunk_19,197,wt_mean,0.002520534704672125,96
binary+shuffle,chunk_19,198,GR,,96
binary+shuffle,chunk_19,198,IPC,,96
binary+shuffle,chunk_19,198,KR,41.208333333333336,96
binary+shuffle,chunk_19,198,MC,,96
binary+shuffle,chunk_19,198,cosine_similarity,0.025249717291444474,96
binary+shuffle,chunk_19,198,kl_to_gaussian,0.0,96
binary+shuffle,chunk_19,198,wt_mean,0.002510464139049825,96
binary+shuffle,chunk_19,199,GR,,96
binary+shuffle,chunk_19,199,IPC,,96
binary+shuffle,chunk_19,199,KR,48.0625,96
binary+shuffle,chunk_19,199,MC,,96
binary+shuffle,chunk_19,199,cosine_similarity,0.021642617415636726,96
binary+shuffle,chunk_19,199,kl_to_gaussian,0.0,96
binary+shuffle,chunk_19,199,wt_mean,0.0025737571122589997,96
binary+shuffle,chunk_2,20,GR,,96
binary+shuffle,chunk_2,20,IPC,,96
binary+shuffle,chunk_2,20,KR,37.59375,96
binary+shuffle,chunk_2,20,MC,,96
binary+shuffle,chunk_2,20,cosine_similarity,0.020255272276699477,96
binary+shuffle,chunk_2,20,kl_to_gaussian,0.0,96
binary+shuffle,chunk_2,20,wt_mean,0.002452291839290375,96
binary+shuffle,chunk_2,21,GR,,96
binary+shuffle,chunk_2,21,IPC,,96
binary+shuffle,chunk_2,21,KR,36.1875,96
binary+shuffle,chunk_2,21,MC,,96
binary+shuffle,chunk_2,21,cosine_similarity,0.027469477616250428,96
binary+shuffle,chunk_2,21,kl_to_gaussian,0.0,96
binary+shuffle,chunk_2,21,wt_mean,0.0025325888709629998,96
binary+shuffle,chunk_2,22,GR,,96
binary+shuffle,chunk_2,22,IPC,,96
binary+shuffle,chunk_2,22,KR,38.541666666666664,96
binary+shuffle,chunk_2,22,MC,,96
binary+shuffle,chunk_2,22,cosine_similarity,0.02441731747239825,96
binary+shuffle,chunk_2,22,kl_to_gaussian,0.0,96
binary+shuffle,chunk_2,22,wt_mean,0.0024825034197419747,96
binary+shuffle,chunk_2,23,GR,,96
binary+shuffle,chunk_2,23,IPC,,96
binary+shuffle,chunk_2,23,KR,34.927083333333336,96
binary+shuffle,chunk_2,23,MC,,96
binary+shuffle,chunk_2,23,cosine_similarity,0.0191453881561756,96
binary+shuffle,chunk_2,23,kl_to_gaussian,0.0,96
binary+shuffle,chunk_2,23,wt_mean,0.0025661776599008,96
binary+shuffle,chunk_2,24,GR,,96
binary+shuffle,chunk_2,24,IPC,,96
binary+shuffle,chunk_2,24,KR,44.270833333333336,96
binary+shuffle,chunk_2,24,MC,,96
binary+shuffle,chunk_2,24,cosine_similarity,0.028856821823865102,96
binary+shuffle,chunk_2,24,kl_to_gaussian,0.0,96
binary+shuffle,chunk_2,24,wt_mean,0.0025957575417123,96
binary+shuffle,chunk_2,25,GR,,96
binary+shuffle,chunk_2,25,IPC,,96
binary+shuffle,chunk_2,25,KR,34.916666666666664,96
binary+shuffle,chunk_2,25,MC,,96
binary+shuffle,chunk_2,25,cosine_similarity,0.017203105147927927,96
binary+shuffle,chunk_2,25,kl_to_gaussian,0.0,96
binary+shuffle,chunk_2,25,wt_mean,0.00243057560874145,96
binary+shuffle,chunk_2,26,GR,,96
binary+shuffle,chunk_2,26,IPC,,96
binary+shuffle,chunk_2,26,KR,33.770833333333336,96
binary+shuffle,chunk_2,26,MC,,96
binary+shuffle,chunk_2,26,cosine_similarity,0.0277469484135508,96
binary+shuffle,chunk_2,26,kl_to_gaussian,0.0,96
binary+shuffle,chunk_2,26,wt_mean,0.002420292526949125,96
binary+shuffle,chunk_2,27,GR,,96
binary+shuffle,chunk_2,27,IPC,,96
binary+shuffle,chunk_2,27,KR,37.010416666666664,96
binary+shuffle,chunk_2,27,MC,,96
binary+shuffle,chunk_2,27,cosine_similarity,0.025804662145674177,96
binary+shuffle,chunk_2,27,kl_to_gaussian,0.0,96
binary+shuffle,chunk_2,27,wt_mean,0.0025165509141515502,96
binary+shuffle,chunk_2,28,GR,,96
binary+shuffle,chunk_2,28,IPC,,96
binary+shuffle,chunk_2,28,KR,36.979166666666664,96
binary+shuffle,chunk_2,28,MC,,96
binary+shuffle,chunk_2,28,cosine_similarity,0.0260821292176842,96
binary+shuffle,chunk_2,28,kl_to_gaussian,0.0,96
binary+shuffle,chunk_2,28,wt_mean,0.0025278489047195,96
binary+shuffle,chunk_2,29,GR,,96
binary+shuffle,chunk_2,29,IPC,,96
binary+shuffle,chunk_2,29,KR,47.78125,96
binary+shuffle,chunk_2,29,MC,,96
binary+shuffle,chunk_2,29,cosine_similarity,0.024972251616418323,96
binary+shuffle,chunk_2,29,kl_to_gaussian,0.0,96
binary+shuffle,chunk_2,29,wt_mean,0.002702314464840975,96
binary+shuffle,chunk_3,30,GR,,96
binary+shuffle,chunk_3,30,IPC,,96
binary+shuffle,chunk_3,30,KR,41.333333333333336,96
binary+shuffle,chunk_3,30,MC,,96
binary+shuffle,chunk_3,30,cosine_similarity,0.017203106079250526,96
binary+shuffle,chunk_3,30,kl_to_gaussian,0.0,96
binary+shuffle,chunk_3,30,wt_mean,0.002769709273707075,96
binary+shuffle,chunk_3,31,GR,,96
binary+shuffle,chunk_3,31,IPC,,96
binary+shuffle,chunk_3,31,KR,33.96875,96
binary+shuffle,chunk_3,31,MC,,96
binary+shuffle,chunk_3,31,cosine_similarity,0.0208102082833647,96
binary+shuffle,chunk_3,31,kl_to_gaussian,0.0,96
binary+shuffle,chunk_3,31,wt_mean,0.00234185569570395,96
binary+shuffle,chunk_3,32,GR,,96
binary+shuffle,chunk_3,32,IPC,,96
binary+shuffle,chunk_3,32,KR,39.90625,96
binary+shuffle,chunk_3,32,MC,,96
binary+shuffle,chunk_3,32,cosine_similarity,0.016648168675601423,96
binary+shuffle,chunk_3,32,kl_to_gaussian,0.0,96
binary+shuffle,chunk_3,32,wt_mean,0.002404999599093525,96
binary+shuffle,chunk_3,33,GR,,96
binary+shuffle,chunk_3,33,IPC,,96
binary+shuffle,chunk_3,33,KR,41.427083333333336,96
binary+shuffle,chunk_3,33,MC,,96
binary+shuffle,chunk_3,33,cosine_similarity,0.02719201007857912,96
binary+shuffle,chunk_3,33,kl_to_gaussian,0.0,96
binary+shuffle,chunk_3,33,wt_mean,0.002710946457227625,96
binary+shuffle,chunk_3,34,GR,,96
binary+shuffle,chunk_3,34,IPC,,96
binary+shuffle,chunk_3,34,KR,39.21875,96
binary+shuffle,chunk_3,34,MC,,96
binary+shuffle,chunk_3,34,cosine_similarity,0.02552719181403515,96
binary+shuffle,chunk_3,34,kl_to_gaussian,0.0,96
binary+shuffle,chunk_3,34,wt_mean,0.002577487670350775,96
binary+shuffle,chunk_3,35,GR,,96
binary+shuffle,chunk_3,35,IPC,,96
binary+shuffle,chunk_3,35,KR,35.9375,96
binary+shuffle,chunk_3,35,MC,,96
binary+shuffle,chunk_3,35,cosine_similarity,0.025249726139008926,96
binary+shuffle,chunk_3,35,kl_to_gaussian,0.0,96
binary+shuffle,chunk_3,35,wt_mean,0.002472869149641975,96
binary+shuffle,chunk_3,36,GR,,96
binary+shuffle,chunk_3,36,IPC,,96
binary+shuffle,chunk_3,36,KR,32.90625,96
binary+shuffle,chunk_3,36,MC,,96
binary+shuffle,chunk_3,36,cosine_similarity,0.0216426183469593,96
binary+shuffle,chunk_3,36,kl_to_gaussian,0.0,96
binary+shuffle,chunk_3,36,wt_mean,0.0023145327577367,96
binary+shuffle,chunk_3,37,GR,,96
binary+shuffle,chunk_3,37,IPC,,96
binary+shuffle,chunk_3,37,KR,44.447916666666664,96
binary+shuffle,chunk_3,37,MC,,96
binary+shuffle,chunk_3,37,cosine_similarity,0.025804653298109725,96
binary+shuffle,chunk_3,37,kl_to_gaussian,0.0,96
binary+shuffle,chunk_3,37,wt_mean,0.002599109458969875,96
binary+shuffle,chunk_3,38,GR,,96
binary+shuffle,chunk_3,38,IPC,,96
binary+shuffle,chunk_3,38,KR,38.395833333333336,96
binary+shuffle,chunk_3,38,MC,,96
binary+shuffle,chunk_3,38,cosine_similarity,0.023584903683513347,96
binary+shuffle,chunk_3,38,kl_to_gaussian,0.0,96
binary+shuffle,chunk_3,38,wt_mean,0.002340421138796925,96
binary+shuffle,chunk_3,39,GR,,96
binary+shuffle,chunk_3,39,IPC,,96
binary+shuffle,chunk_3,39,KR,36.46875,96
binary+shuffle,chunk_3,39,MC,,96
binary+shuffle,chunk_3,39,cosine_similarity,0.024417319800704676,96
binary+shuffle,chunk_3,39,kl_to_gaussian,0.0,96
binary+shuffle,chunk_3,39,wt_mean,0.002415043651126275,96
binary+shuffle,chunk_4,40,GR,,96
binary+shuffle,chunk_4,40,IPC,,96
binary+shuffle,chunk_4,40,KR,41.40625,96
binary+shuffle,chunk_4,40,MC,,96
binary+shuffle,chunk_4,40,cosine_similarity,0.02497225301340218,96
binary+shuffle,chunk_4,40,kl_to_gaussian,0.0,96
binary+shuffle,chunk_4,40,wt_mean,0.002486931829480375,96
binary+shuffle,chunk_4,41,GR,,96
binary+shuffle,chunk_4,41,IPC,,96
binary+shuffle,chunk_4,41,KR,31.041666666666668,96
binary+shuffle,chunk_4,41,MC,,96
binary+shuffle,chunk_4,41,cosine_similarity,0.027469482738524603,96
binary+shuffle,chunk_4,41,kl_to_gaussian,0.0,96
binary+shuffle,chunk_4,41,wt_mean,0.002310719777597075,96
binary+shuffle,chunk_4,42,GR,,96
binary+shuffle,chunk_4,42,IPC,,96
binary+shuffle,chunk_4,42,KR,40.385416666666664,96
binary+shuffle,chunk_4,42,MC,,96
binary+shuffle,chunk_4,42,cosine_similarity,0.024972253944724753,96
binary+shuffle,chunk_4,42,kl_to_gaussian,0.0,96
binary+shuffle,chunk_4,42,wt_mean,0.0025135973992291,96
binary+shuffle,chunk_4,43,GR,,96
binary+shuffle,chunk_4,43,IPC,,96
binary+shuffle,chunk_4,43,KR,35.114583333333336,96
binary+shuffle,chunk_4,43,MC,,96
binary+shuffle,chunk_4,43,cosine_similarity,0.0291342912241816,96
binary+shuffle,chunk_4,43,kl_to_gaussian,0.0,96
binary+shuffle,chunk_4,43,wt_mean,0.00237029048730615,96
binary+shuffle,chunk_4,44,GR,,96
binary+shuffle,chunk_4,44,IPC,,96
binary+shuffle,chunk_4,44,KR,34.822916666666664,96
binary+shuffle,chunk_4,44,MC,,96
binary+shuffle,chunk_4,44,cosine_similarity,0.029689222108572704,96
binary+shuffle,chunk_4,44,kl_to_gaussian,0.0,96
binary+shuffle,chunk_4,44,wt_mean,0.002446938655339125,96
binary+shuffle,chunk_4,45,GR,,96
binary+shuffle,chunk_4,45,IPC,,96
binary+shuffle,chunk_4,45,KR,33.59375,96
binary+shuffle,chunk_4,45,MC,,96
binary+shuffle,chunk_4,45,cosine_similarity,0.020810205489397,96
binary+shuffle,chunk_4,45,kl_to_gaussian,0.0,96
binary+shuffle,chunk_4,45,wt_mean,0.002344260457903125,96
binary+shuffle,chunk_4,46,GR,,96
binary+shuffle,chunk_4,46,IPC,,96
binary+shuffle,chunk_4,46,KR,39.854166666666664,96
binary+shuffle,chunk_4,46,MC,,96
binary+shuffle,chunk_4,46,cosine_similarity,0.01942286780104035,96
binary+shuffle,chunk_4,46,kl_to_gaussian,0.0,96
binary+shuffle,chunk_4,46,wt_mean,0.002457632246660025,96
binary+shuffle,chunk_4,47,GR,,96
binary+shuffle,chunk_4,47,IPC,,96
binary+shuffle,chunk_4,47,KR,52.666666666666664,96
binary+shuffle,chunk_4,47,MC,,96
binary+shuffle,chunk_4,47,cosine_similarity,0.025249725207686372,96
binary+shuffle,chunk_4,47,kl_to_gaussian,0.0,96
binary+shuffle,chunk_4,47,wt_mean,0.00291711016325275,96
binary+shuffle,chunk_4,48,GR,,96
binary+shuffle,chunk_4,48,IPC,,96
binary+shuffle,chunk_4,48,KR,42.729166666666664,96
binary+shuffle,chunk_4,48,MC,,96
binary+shuffle,chunk_4,48,cosine_similarity,0.02608213014900675,96
binary+shuffle,chunk_4,48,kl_to_gaussian,0.0,96
binary+shuffle,chunk_4,48,wt_mean,0.002771139726974025,96
binary+shuffle,chunk_4,49,GR,,96
binary+shuffle,chunk_4,49,IPC,,96
binary+shuffle,chunk_4,49,KR,37.40625,96
binary+shuffle,chunk_4,49,MC,,96
binary+shuffle,chunk_4,49,cosine_similarity,0.021365151740610575,96
binary+shuffle,chunk_4,49,kl_to_gaussian,0.0,96
binary+shuffle,chunk_4,49,wt_mean,0.002539644949138125,96
binary+shuffle,chunk_5,50,GR,,96
binary+shuffle,chunk_5,50,IPC,,96
binary+shuffle,chunk_5,50,KR,40.208333333333336,96
binary+shuffle,chunk_5,50,MC,,96
binary+shuffle,chunk_5,50,cosine_similarity,0.02524972055107348,96
binary+shuffle,chunk_5,50,kl_to_gaussian,0.0,96
binary+shuffle,chunk_5,50,wt_mean,0.0026841095823328504,96
binary+shuffle,chunk_5,51,GR,,96
binary+shuffle,chunk_5,51,IPC,,96
binary+shuffle,chunk_5,51,KR,43.96875,96
binary+shuffle,chunk_5,51,MC,,96
binary+shuffle,chunk_5,51,cosine_similarity,0.03135405573993918,96
binary+shuffle,chunk_5,51,kl_to_gaussian,0.0,96
binary+shuffle,chunk_5,51,wt_mean,0.0026444722898304,96
binary+shuffle,chunk_5,52,GR,,96
binary+shuffle,chunk_5,52,IPC,,96
binary+shuffle,chunk_5,52,KR,38.927083333333336,96
binary+shuffle,chunk_5,52,MC,,96
binary+shuffle,chunk_5,52,cosine_similarity,0.024417310021817625,96
binary+shuffle,chunk_5,52,kl_to_gaussian,0.0,96
binary+shuffle,chunk_5,52,wt_mean,0.0025893408746923753,96
binary+shuffle,chunk_5,53,GR,,96
binary+shuffle,chunk_5,53,IPC,,96
binary+shuffle,chunk_5,53,KR,50.385416666666664,96
binary+shuffle,chunk_5,53,MC,,96
binary+shuffle,chunk_5,53,cosine_similarity,0.02247502701357,96
binary+shuffle,chunk_5,53,kl_to_gaussian,0.0,96
binary+shuffle,chunk_5,53,wt_mean,0.0028600222431123,96
binary+shuffle,chunk_5,54,GR,,96
binary+shuffle,chunk_5,54,IPC,,96
binary+shuffle,chunk_5,54,KR,36.364583333333336,96
binary+shuffle,chunk_5,54,MC,,96
binary+shuffle,chunk_5,54,cosine_similarity,0.02219755761325355,96
binary+shuffle,chunk_5,54,kl_to_gaussian,0.0,96
binary+shuffle,chunk_5,54,wt_mean,0.002555774757638525,96
binary+shuffle,chunk_5,55,GR,,96
binary+shuffle,chunk_5,55,IPC,,96
binary+shuffle,chunk_5,55,KR,40.34375,96
binary+shuffle,chunk_5,55,MC,,96
binary+shuffle,chunk_5,55,cosine_similarity,0.024417315609753076,96
binary+shuffle,chunk_5,55,kl_to_gaussian,0.0,96
binary+shuffle,chunk_5,55,wt_mean,0.002381698082899625,96
binary+shuffle,chunk_5,56,GR,,96
binary+shuffle,chunk_5,56,IPC,,96
binary+shuffle,chunk_5,56,KR,37.854166666666664,96
binary+shuffle,chunk_5,56,MC,,96
binary+shuffle,chunk_5,56,cosine_similarity,0.020810209680348576,96
binary+shuffle,chunk_5,56,kl_to_gaussian,0.0,96
binary+shuffle,chunk_5,56,wt_mean,0.0025786191690712747,96
binary+shuffle,chunk_5,57,GR,,96
binary+shuffle,chunk_5,57,IPC,,96
binary+shuffle,chunk_5,57,KR,44.864583333333336,96
binary+shuffle,chunk_5,57,MC,,96
binary+shuffle,chunk_5,57,cosine_similarity,0.02247502887621515,96
binary+shuffle,chunk_5,57,kl_to_gaussian,0.0,96
binary+shuffle,chunk_5,57,wt_mean,0.002809357887599575,96
binary+shuffle,chunk_5,58,GR,,96
binary+shuffle,chunk_5,58,IPC,,96
binary+shuffle,chunk_5,58,KR,38.947916666666664,96
binary+shuffle,chunk_5,58,MC,,96
binary+shuffle,chunk_5,58,cosine_similarity,0.024139842018485052,96
binary+shuffle,chunk_5,58,kl_to_gaussian,0.0,96
binary+shuffle,chunk_5,58,wt_mean,0.0024058266426436,96
binary+shuffle,chunk_5,59,GR,,96
binary+shuffle,chunk_5,59,IPC,,96
binary+shuffle,chunk_5,59,KR,42.989583333333336,96
binary+shuffle,chunk_5,59,MC,,96
binary+shuffle,chunk_5,59,cosine_similarity,0.028024419210851127,96
binary+shuffle,chunk_5,59,kl_to_gaussian,0.0,96
binary+shuffle,chunk_5,59,wt_mean,0.002646418783115175,96
binary+shuffle,chunk_6,60,GR,,96
binary+shuffle,chunk_6,60,IPC,,96
binary+shuffle,chunk_6,60,KR,31.59375,96
binary+shuffle,chunk_6,60,MC,,96
binary+shuffle,chunk_6,60,cosine_similarity,0.0202552718110382,96
binary+shuffle,chunk_6,60,kl_to_gaussian,0.0,96
binary+shuffle,chunk_6,60,wt_mean,0.002362396742682875,96
binary+shuffle,chunk_6,61,GR,,96
binary+shuffle,chunk_6,61,IPC,,96
binary+shuffle,chunk_6,61,KR,43.770833333333336,96
binary+shuffle,chunk_6,61,MC,,96
binary+shuffle,chunk_6,61,cosine_similarity,0.022197554353624523,96
binary+shuffle,chunk_6,61,kl_to_gaussian,0.0,96
binary+shuffle,chunk_6,61,wt_mean,0.0025367262132931,96
binary+shuffle,chunk_6,62,GR,,96
binary+shuffle,chunk_6,62,IPC,,96
binary+shuffle,chunk_6,62,KR,39.71875,96
binary+shuffle,chunk_6,62,MC,,96
binary+shuffle,chunk_6,62,cosine_similarity,0.021365148946642848,96
binary+shuffle,chunk_6,62,kl_to_gaussian,0.0,96
binary+shuffle,chunk_6,62,wt_mean,0.002572465484263325,96
binary+shuffle,chunk_6,63,GR,,96
binary+shuffle,chunk_6,63,IPC,,96
binary+shuffle,chunk_6,63,KR,42.635416666666664,96
binary+shuffle,chunk_6,63,MC,,96
binary+shuffle,chunk_6,63,cosine_similarity,0.026914539746940126,96
binary+shuffle,chunk_6,63,kl_to_gaussian,0.0,96
binary+shuffle,chunk_6,63,wt_mean,0.002551696466980475,96
binary+shuffle,chunk_6,64,GR,,96
binary+shuffle,chunk_6,64,IPC,,96
binary+shuffle,chunk_6,64,KR,37.135416666666664,96
binary+shuffle,chunk_6,64,MC,,96
binary+shuffle,chunk_6,64,cosine_similarity,0.02302996581420298,96
binary+shuffle,chunk_6,64,kl_to_gaussian,0.0,96
binary+shuffle,chunk_6,64,wt_mean,0.0024006344901863,96
binary+shuffle,chunk_6,65,GR,,96
binary+shuffle,chunk_6,65,IPC,,96
binary+shuffle,chunk_6,65,KR,40.15625,96
binary+shuffle,chunk_6,65,MC,,96
binary+shuffle,chunk_6,65,cosine_similarity,0.0307991071604192,96
binary+shuffle,chunk_6,65,kl_to_gaussian,0.0,96
binary+shuffle,chunk_6,65,wt_mean,0.0024724823015276,96
binary+shuffle,chunk_6,66,GR,,96
binary+shuffle,chunk_6,66,IPC,,96
binary+shuffle,chunk_6,66,KR,33.572916666666664,96
binary+shuffle,chunk_6,66,MC,,96
binary+shuffle,chunk_6,66,cosine_similarity,0.022752496413886502,96
binary+shuffle,chunk_6,66,kl_to_gaussian,0.0,96
binary+shuffle,chunk_6,66,wt_mean,0.0025487852399237,96
binary+shuffle,chunk_6,67,GR,,96
binary+shuffle,chunk_6,67,IPC,,96
binary+shuffle,chunk_6,67,KR,38.520833333333336,96
binary+shuffle,chunk_6,67,MC,,96
binary+shuffle,chunk_6,67,cosine_similarity,0.0280244164168834,96
binary+shuffle,chunk_6,67,kl_to_gaussian,0.0,96
binary+shuffle,chunk_6,67,wt_mean,0.00250544256414285,96
binary+shuffle,chunk_6,68,GR,,96
binary+shuffle,chunk_6,68,IPC,,96
binary+shuffle,chunk_6,68,KR,37.645833333333336,96
binary+shuffle,chunk_6,68,MC,,96
binary+shuffle,chunk_6,68,cosine_similarity,0.029966701753437474,96
binary+shuffle,chunk_6,68,kl_to_gaussian,0.0,96
binary+shuffle,chunk_6,68,wt_mean,0.0026068508450407,96
binary+shuffle,chunk_6,69,GR,,96
binary+shuffle,chunk_6,69,IPC,,96
binary+shuffle,chunk_6,69,KR,33.458333333333336,96
binary+shuffle,chunk_6,69,MC,,96
binary+shuffle,chunk_6,69,cosine_similarity,0.022752497345209097,96
binary+shuffle,chunk_6,69,kl_to_gaussian,0.0,96
binary+shuffle,chunk_6,69,wt_mean,0.002328283357201125,96
binary+shuffle,chunk_7,70,GR,,96
binary+shuffle,chunk_7,70,IPC,,96
binary+shuffle,chunk_7,70,KR,40.791666666666664,96
binary+shuffle,chunk_7,70,MC,,96
binary+shuffle,chunk_7,70,cosine_similarity,0.028301896061748252,96
binary+shuffle,chunk_7,70,kl_to_gaussian,0.0,96
binary+shuffle,chunk_7,70,wt_mean,0.0026329818356316,96
binary+shuffle,chunk_7,71,GR,,96
binary+shuffle,chunk_7,71,IPC,,96
binary+shuffle,chunk_7,71,KR,32.395833333333336,96
binary+shuffle,chunk_7,71,MC,,96
binary+shuffle,chunk_7,71,cosine_similarity,0.0294117596931755,96
binary+shuffle,chunk_7,71,kl_to_gaussian,0.0,96
binary+shuffle,chunk_7,71,wt_mean,0.00235199372400525,96
binary+shuffle,chunk_7,72,GR,,96
binary+shuffle,chunk_7,72,IPC,,96
binary+shuffle,chunk_7,72,KR,42.197916666666664,96
binary+shuffle,chunk_7,72,MC,,96
binary+shuffle,chunk_7,72,cosine_similarity,0.021365140564739676,96
binary+shuffle,chunk_7,72,kl_to_gaussian,0.0,96
binary+shuffle,chunk_7,72,wt_mean,0.0026450396107975,96
binary+shuffle,chunk_7,73,GR,,96
binary+shuffle,chunk_7,73,IPC,,96
binary+shuffle,chunk_7,73,KR,40.833333333333336,96
binary+shuffle,chunk_7,73,MC,,96
binary+shuffle,chunk_7,73,cosine_similarity,0.02774693910032505,96
binary+shuffle,chunk_7,73,kl_to_gaussian,0.0,96
binary+shuffle,chunk_7,73,wt_mean,0.002633632568176775,96
binary+shuffle,chunk_7,74,GR,,96
binary+shuffle,chunk_7,74,IPC,,96
binary+shuffle,chunk_7,74,KR,38.6875,96
binary+shuffle,chunk_7,74,MC,,96
binary+shuffle,chunk_7,74,cosine_similarity,0.028024423867464,96
binary+shuffle,chunk_7,74,kl_to_gaussian,0.0,96
binary+shuffle,chunk_7,74,wt_mean,0.002491679042577675,96
binary+shuffle,chunk_7,75,GR,,96
binary+shuffle,chunk_7,75,IPC,,96
binary+shuffle,chunk_7,75,KR,38.416666666666664,96
binary+shuffle,chunk_7,75,MC,,96
binary+shuffle,chunk_7,75,cosine_similarity,0.024139840621501176,96
binary+shuffle,chunk_7,75,kl_to_gaussian,0.0,96
binary+shuffle,chunk_7,75,wt_mean,0.00237397296587,96
binary+shuffle,chunk_7,76,GR,,96
binary+shuffle,chunk_7,76,IPC,,96
binary+shuffle,chunk_7,76,KR,38.03125,96
binary+shuffle,chunk_7,76,MC,,96
binary+shuffle,chunk_7,76,cosine_similarity,0.02691453509032725,96
binary+shuffle,chunk_7,76,kl_to_gaussian,0.0,96
binary+shuffle,chunk_7,76,wt_mean,0.002565413597039825,96
binary+shuffle,chunk_7,77,GR,,96
binary+shuffle,chunk_7,77,IPC,,96
binary+shuffle,chunk_7,77,KR,38.90625,96
binary+shuffle,chunk_7,77,MC,,96
binary+shuffle,chunk_7,77,cosine_similarity,0.023584904149174624,96
binary+shuffle,chunk_7,77,kl_to_gaussian,0.0,96
binary+shuffle,chunk_7,77,wt_mean,0.0023422923404723003,96
binary+shuffle,chunk_7,78,GR,,96
binary+shuffle,chunk_7,78,IPC,,96
binary+shuffle,chunk_7,78,KR,37.614583333333336,96
binary+shuffle,chunk_7,78,MC,,96
binary+shuffle,chunk_7,78,cosine_similarity,0.028856830205768274,96
binary+shuffle,chunk_7,78,kl_to_gaussian,0.0,96
binary+shuffle,chunk_7,78,wt_mean,0.002453227672958725,96
binary+shuffle,chunk_7,79,GR,,96
binary+shuffle,chunk_7,79,IPC,,96
binary+shuffle,chunk_7,79,KR,35.614583333333336,96
binary+shuffle,chunk_7,79,MC,,96
binary+shuffle,chunk_7,79,cosine_similarity,0.019977800548076574,96
binary+shuffle,chunk_7,79,kl_to_gaussian,0.0,96
binary+shuffle,chunk_7,79,wt_mean,0.002448273618938325,96
binary+shuffle,chunk_8,80,GR,,96
binary+shuffle,chunk_8,80,IPC,,96
binary+shuffle,chunk_8,80,KR,38.8125,96
binary+shuffle,chunk_8,80,MC,,96
binary+shuffle,chunk_8,80,cosine_similarity,0.025804661680012924,96
binary+shuffle,chunk_8,80,kl_to_gaussian,0.0,96
binary+shuffle,chunk_8,80,wt_mean,0.0026822564541361753,96
binary+shuffle,chunk_8,81,GR,,96
binary+shuffle,chunk_8,81,IPC,,96
binary+shuffle,chunk_8,81,KR,37.635416666666664,96
binary+shuffle,chunk_8,81,MC,,96
binary+shuffle,chunk_8,81,cosine_similarity,0.02413984481245275,96
binary+shuffle,chunk_8,81,kl_to_gaussian,0.0,96
binary+shuffle,chunk_8,81,wt_mean,0.002456745627569,96
binary+shuffle,chunk_8,82,GR,,96
binary+shuffle,chunk_8,82,IPC,,96
binary+shuffle,chunk_8,82,KR,42.572916666666664,96
binary+shuffle,chunk_8,82,MC,,96
binary+shuffle,chunk_8,82,cosine_similarity,0.019977803342044326,96
binary+shuffle,chunk_8,82,kl_to_gaussian,0.0,96
binary+shuffle,chunk_8,82,wt_mean,0.00267268990864975,96
binary+shuffle,chunk_8,83,GR,,96
binary+shuffle,chunk_8,83,IPC,,96
binary+shuffle,chunk_8,83,KR,38.5,96
binary+shuffle,chunk_8,83,MC,,96
binary+shuffle,chunk_8,83,cosine_similarity,0.0219200877472758,96
binary+shuffle,chunk_8,83,kl_to_gaussian,0.0,96
binary+shuffle,chunk_8,83,wt_mean,0.002494183310773175,96
binary+shuffle,chunk_8,84,GR,,96
binary+shuffle,chunk_8,84,IPC,,96
binary+shuffle,chunk_8,84,KR,39.072916666666664,96
binary+shuffle,chunk_8,84,MC,,96
binary+shuffle,chunk_8,84,cosine_similarity,0.024972255341708622,96
binary+shuffle,chunk_8,84,kl_to_gaussian,0.0,96
binary+shuffle,chunk_8,84,wt_mean,0.002470397739671125,96
binary+shuffle,chunk_8,85,GR,,96
binary+shuffle,chunk_8,85,IPC,,96
binary+shuffle,chunk_8,85,KR,39.125,96
binary+shuffle,chunk_8,85,MC,,96
binary+shuffle,chunk_8,85,cosine_similarity,0.020255268551409175,96
binary+shuffle,chunk_8,85,kl_to_gaussian,0.0,96
binary+shuffle,chunk_8,85,wt_mean,0.0026805734669323503,96
binary+shuffle,chunk_8,86,GR,,96
binary+shuffle,chunk_8,86,IPC,,96
binary+shuffle,chunk_8,86,KR,36.927083333333336,96
binary+shuffle,chunk_8,86,MC,,96
binary+shuffle,chunk_8,86,cosine_similarity,0.020810210146009873,96
binary+shuffle,chunk_8,86,kl_to_gaussian,0.0,96
binary+shuffle,chunk_8,86,wt_mean,0.0024488749331794,96
binary+shuffle,chunk_8,87,GR,,96
binary+shuffle,chunk_8,87,IPC,,96
binary+shuffle,chunk_8,87,KR,36.895833333333336,96
binary+shuffle,chunk_8,87,MC,,96
binary+shuffle,chunk_8,87,cosine_similarity,0.0194228626787662,96
binary+shuffle,chunk_8,87,kl_to_gaussian,0.0,96
binary+shuffle,chunk_8,87,wt_mean,0.00245847349287935,96
binary+shuffle,chunk_8,88,GR,,96
binary+shuffle,chunk_8,88,IPC,,96
binary+shuffle,chunk_8,88,KR,38.59375,96
binary+shuffle,chunk_8,88,MC,,96
binary+shuffle,chunk_8,88,cosine_similarity,0.020532738417387,96
binary+shuffle,chunk_8,88,kl_to_gaussian,0.0,96
binary+shuffle,chunk_8,88,wt_mean,0.002513482148060525,96
binary+shuffle,chunk_8,89,GR,,96
binary+shuffle,chunk_8,89,IPC,,96
binary+shuffle,chunk_8,89,KR,41.302083333333336,96
binary+shuffle,chunk_8,89,MC,,96
binary+shuffle,chunk_8,89,cosine_similarity,0.026914541609585247,96
binary+shuffle,chunk_8,89,kl_to_gaussian,0.0,96
binary+shuffle,chunk_8,89,wt_mean,0.002574676735093775,96
binary+shuffle,chunk_9,90,GR,,96
binary+shuffle,chunk_9,90,IPC,,96
binary+shuffle,chunk_9,90,KR,36.53125,96
binary+shuffle,chunk_9,90,MC,,96
binary+shuffle,chunk_9,90,cosine_similarity,0.024417311884462774,96
binary+shuffle,chunk_9,90,kl_to_gaussian,0.0,96
binary+shuffle,chunk_9,90,wt_mean,0.0024064487079157753,96
binary+shuffle,chunk_9,91,GR,,96
binary+shuffle,chunk_9,91,IPC,,96
binary+shuffle,chunk_9,91,KR,37.46875,96
binary+shuffle,chunk_9,91,MC,,96
binary+shuffle,chunk_9,91,cosine_similarity,0.0246947864070534,96
binary+shuffle,chunk_9,91,kl_to_gaussian,0.0,96
binary+shuffle,chunk_9,91,wt_mean,0.0024711854057386253,96
binary+shuffle,chunk_9,92,GR,,96
binary+shuffle,chunk_9,92,IPC,,96
binary+shuffle,chunk_9,92,KR,45.125,96
binary+shuffle,chunk_9,92,MC,,96
binary+shuffle,chunk_9,92,cosine_similarity,0.019977803807705575,96
binary+shuffle,chunk_9,92,kl_to_gaussian,0.0,96
binary+shuffle,chunk_9,92,wt_mean,0.002796936023514675,96
binary+shuffle,chunk_9,93,GR,,96
binary+shuffle,chunk_9,93,IPC,,96
binary+shuffle,chunk_9,93,KR,37.21875,96
binary+shuffle,chunk_9,93,MC,,96
binary+shuffle,chunk_9,93,cosine_similarity,0.027469480875879453,96
binary+shuffle,chunk_9,93,kl_to_gaussian,0.0,96
binary+shuffle,chunk_9,93,wt_mean,0.0025063364009838,96
binary+shuffle,chunk_9,94,GR,,96
binary+shuffle,chunk_9,94,IPC,,96
binary+shuffle,chunk_9,94,KR,40.479166666666664,96
binary+shuffle,chunk_9,94,MC,,96
binary+shuffle,chunk_9,94,cosine_similarity,0.02996670501306645,96
binary+shuffle,chunk_9,94,kl_to_gaussian,0.0,96
binary+shuffle,chunk_9,94,wt_mean,0.0026436518819536498,96
binary+shuffle,chunk_9,95,GR,,96
binary+shuffle,chunk_9,95,IPC,,96
binary+shuffle,chunk_9,95,KR,36.9375,96
binary+shuffle,chunk_9,95,MC,,96
binary+shuffle,chunk_9,95,cosine_similarity,0.028301887679845077,96
binary+shuffle,chunk_9,95,kl_to_gaussian,0.0,96
binary+shuffle,chunk_9,95,wt_mean,0.0025134623283519747,96
binary+shuffle,chunk_9,96,GR,,96
binary+shuffle,chunk_9,96,IPC,,96
binary+shuffle,chunk_9,96,KR,44.21875,96
binary+shuffle,chunk_9,96,MC,,96
binary+shuffle,chunk_9,96,cosine_similarity,0.020255273208022076,96
binary+shuffle,chunk_9,96,kl_to_gaussian,0.0,96
binary+shuffle,chunk_9,96,wt_mean,0.002662086160853475,96
binary+shuffle,chunk_9,97,GR,,96
binary+shuffle,chunk_9,97,IPC,,96
binary+shuffle,chunk_9,97,KR,34.666666666666664,96
binary+shuffle,chunk_9,97,MC,,96
binary+shuffle,chunk_9,97,cosine_similarity,0.024694782681763127,96
binary+shuffle,chunk_9,97,kl_to_gaussian,0.0,96
binary+shuffle,chunk_9,97,wt_mean,0.0023878071806393,96
binary+shuffle,chunk_9,98,GR,,96
binary+shuffle,chunk_9,98,IPC,,96
binary+shuffle,chunk_9,98,KR,48.333333333333336,96
binary+shuffle,chunk_9,98,MC,,96
binary+shuffle,chunk_9,98,cosine_similarity,0.0258046616800129,96
binary+shuffle,chunk_9,98,kl_to_gaussian,0.0,96
binary+shuffle,chunk_9,98,wt_mean,0.0026784919027704,96
binary+shuffle,chunk_9,99,GR,,96
binary+shuffle,chunk_9,99,IPC,,96
binary+shuffle,chunk_9,99,KR,48.010416666666664,96
binary+shuffle,chunk_9,99,MC,,96
binary+shuffle,chunk_9,99,cosine_similarity,0.023584906943142376,96
binary+shuffle,chunk_9,99,kl_to_gaussian,0.0,96
binary+shuffle,chunk_9,99,wt_mean,0.002535473788157075,96
binary_base,chunk_0,0,GR,,96
binary_base,chunk_0,0,IPC,,96
binary_base,chunk_0,0,KR,16.364583333333332,96
binary_base,chunk_0,0,MC,,96
binary_base,chunk_0,0,cosine_similarity,0.9999998509883881,96
binary_base,chunk_0,0,kl_to_gaussian,0.0,96
binary_base,chunk_0,0,wt_mean,0.00227304690633895,96
binary_base,chunk_0,1,GR,,96
binary_base,chunk_0,1,IPC,,96
binary_base,chunk_0,1,KR,15.90625,96
binary_base,chunk_0,1,MC,,96
binary_base,chunk_0,1,cosine_similarity,0.9999998509883881,96
binary_base,chunk_0,1,kl_to_gaussian,0.0,96
binary_base,chunk_0,1,wt_mean,0.00227304690633895,96
binary_base,chunk_0,2,GR,,96
binary_base,chunk_0,2,IPC,,96
binary_base,chunk_0,2,KR,17.21875,96
binary_base,chunk_0,2,MC,,96
binary_base,chunk_0,2,cosine_similarity,0.9999998509883881,96
binary_base,chunk_0,2,kl_to_gaussian,0.0,96
binary_base,chunk_0,2,wt_mean,0.00227304690633895,96
binary_base,chunk_0,3,GR,,96
binary_base,chunk_0,3,IPC,,96
binary_base,chunk_0,3,KR,18.375,96
binary_base,chunk_0,3,MC,,96
binary_base,chunk_0,3,cosine_similarity,0.9999998509883881,96
binary_base,chunk_0,3,kl_to_gaussian,0.0,96
binary_base,chunk_0,3,wt_mean,0.00227304690633895,96
binary_base,chunk_0,4,GR,,96
binary_base,chunk_0,4,IPC,,96
binary_base,chunk_0,4,KR,17.770833333333332,96
binary_base,chunk_0,4,MC,,96
binary_base,chunk_0,4,cosine_similarity,0.9999998509883881,96
binary_base,chunk_0,4,kl_to_gaussian,0.0,96
binary_base,chunk_0,4,wt_mean,0.00227304690633895,96
binary_base,chunk_0,5,GR,,96
binary_base,chunk_0,5,IPC,,96
binary_base,chunk_0,5,KR,15.447916666666666,96
binary_base,chunk_0,5,MC,,96
binary_base,chunk_0,5,cosine_similarity,0.9999998509883881,96
binary_base,chunk_0,5,kl_to_gaussian,0.0,96
binary_base,chunk_0,5,wt_mean,0.00227304690633895,96
binary_base,chunk_0,6,GR,,96
binary_base,chunk_0,6,IPC,,96
binary_base,chunk_0,6,KR,17.71875,96
binary_base,chunk_0,6,MC,,96
binary_base,chunk_0,6,cosine_similarity,0.9999998509883881,96
binary_base,chunk_0,6,kl_to_gaussian,0.0,96
binary_base,chunk_0,6,wt_mean,0.00227304690633895,96
binary_base,chunk_0,7,GR,,96
binary_base,chunk_0,7,IPC,,96
binary_base,chunk_0,7,KR,17.635416666666668,96
binary_base,chunk_0,7,MC,,96
binary_base,chunk_0,7,cosine_similarity,0.9999998509883881,96
binary_base,chunk_0,7,kl_to_gaussian,0.0,96
binary_base,chunk_0,7,wt_mean,0.00227304690633895,96
binary_base,chunk_0,8,GR,,96
binary_base,chunk_0,8,IPC,,96
binary_base,chunk_0,8,KR,16.5625,96
binary_base,chunk_0,8,MC,,96
binary_base,chunk_0,8,cosine_similarity,0.9999998509883881,96
binary_base,chunk_0,8,kl_to_gaussian,0.0,96
binary_base,chunk_0,8,wt_mean,0.00227304690633895,96
binary_base,chunk_0,9,GR,,96
binary_base,chunk_0,9,IPC,,96
binary_base,chunk_0,9,KR,17.614583333333332,96
binary_base,chunk_0,9,MC,,96
binary_base,chunk_0,9,cosine_similarity,0.9999998509883881,96
binary_base,chunk_0,9,kl_to_gaussian,0.0,96
binary_base,chunk_0,9,wt_mean,0.00227304690633895,96
binary_base,chunk_1,10,GR,,96
binary_base,chunk_1,10,IPC,,96
binary_base,chunk_1,10,KR,17.010416666666668,96
binary_base,chunk_1,10,MC,,96
binary_base,chunk_1,10,cosine_similarity,0.9999998509883881,96
binary_base,chunk_1,10,kl_to_gaussian,0.0,96
binary_base,chunk_1,10,wt_mean,0.00227304690633895,96
binary_base,chunk_1,11,GR,,96
binary_base,chunk_1,11,IPC,,96
binary_base,chunk_1,11,KR,17.729166666666668,96
binary_base,chunk_1,11,MC,,96
binary_base,chunk_1,11,cosine_similarity,0.9999998509883881,96
binary_base,chunk_1,11,kl_to_gaussian,0.0,96
binary_base,chunk_1,11,wt_mean,0.00227304690633895,96
binary_base,chunk_1,12,GR,,96
binary_base,chunk_1,12,IPC,,96
binary_base,chunk_1,12,KR,22.3125,96
binary_base,chunk_1,12,MC,,96
binary_base,chunk_1,12,cosine_similarity,0.9999998509883881,96
binary_base,chunk_1,12,kl_to_gaussian,0.0,96
binary_base,chunk_1,12,wt_mean,0.00227304690633895,96
binary_base,chunk_1,13,GR,,96
binary_base,chunk_1,13,IPC,,96
binary_base,chunk_1,13,KR,19.71875,96
binary_base,chunk_1,13,MC,,96
binary_base,chunk_1,13,cosine_similarity,0.9999998509883881,96
binary_base,chunk_1,13,kl_to_gaussian,0.0,96
binary_base,chunk_1,13,wt_mean,0.00227304690633895,96
binary_base,chunk_1,14,GR,,96
binary_base,chunk_1,14,IPC,,96
binary_base,chunk_1,14,KR,16.729166666666668,96
binary_base,chunk_1,14,MC,,96
binary_base,chunk_1,14,cosine_similarity,0.9999998509883881,96
binary_base,chunk_1,14,kl_to_gaussian,0.0,96
binary_base,chunk_1,14,wt_mean,0.00227304690633895,96
binary_base,chunk_1,15,GR,,96
binary_base,chunk_1,15,IPC,,96
binary_base,chunk_1,15,KR,17.010416666666668,96
binary_base,chunk_1,15,MC,,96
binary_base,chunk_1,15,cosine_similarity,0.9999998509883881,96
binary_base,chunk_1,15,kl_to_gaussian,0.0,96
binary_base,chunk_1,15,wt_mean,0.00227304690633895,96
binary_base,chunk_1,16,GR,,96
binary_base,chunk_1,16,IPC,,96
binary_base,chunk_1,16,KR,21.645833333333332,96
binary_base,chunk_1,16,MC,,96
binary_base,chunk_1,16,cosine_similarity,0.9999998509883881,96
binary_base,chunk_1,16,kl_to_gaussian,0.0,96
binary_base,chunk_1,16,wt_mean,0.00227304690633895,96
binary_base,chunk_1,17,GR,,96
binary_base,chunk_1,17,IPC,,96
binary_base,chunk_1,17,KR,15.9375,96
binary_base,chunk_1,17,MC,,96
binary_base,chunk_1,17,cosine_similarity,0.9999998509883881,96
binary_base,chunk_1,17,kl_to_gaussian,0.0,96
binary_base,chunk_1,17,wt_mean,0.00227304690633895,96
binary_base,chunk_1,18,GR,,96
binary_base,chunk_1,18,IPC,,96
binary_base,chunk_1,18,KR,21.1875,96
binary_base,chunk_1,18,MC,,96
binary_base,chunk_1,18,cosine_similarity,0.9999998509883881,96
binary_base,chunk_1,18,kl_to_gaussian,0.0,96
binary_base,chunk_1,18,wt_mean,0.00227304690633895,96
binary_base,chunk_1,19,GR,,96
binary_base,chunk_1,19,IPC,,96
binary_base,chunk_1,19,KR,18.708333333333332,96
binary_base,chunk_1,19,MC,,96
binary_base,chunk_1,19,cosine_similarity,0.9999998509883881,96
binary_base,chunk_1,19,kl_to_gaussian,0.0,96
binary_base,chunk_1,19,wt_mean,0.00227304690633895,96
binary_base,chunk_10,100,GR,,96
binary_base,chunk_10,100,IPC,,96
binary_base,chunk_10,100,KR,17.572916666666668,96
binary_base,chunk_10,100,MC,,96
binary_base,chunk_10,100,cosine_similarity,0.9999998509883881,96
binary_base,chunk_10,100,kl_to_gaussian,0.0,96
binary_base,chunk_10,100,wt_mean,0.00227304690633895,96
binary_base,chunk_10,101,GR,,96
binary_base,chunk_10,101,IPC,,96
binary_base,chunk_10,101,KR,16.770833333333332,96
binary_base,chunk_10,101,MC,,96
binary_base,chunk_10,101,cosine_similarity,0.9999998509883881,96
binary_base,chunk_10,101,kl_to_gaussian,0.0,96
binary_base,chunk_10,101,wt_mean,0.00227304690633895,96
binary_base,chunk_10,102,GR,,96
binary_base,chunk_10,102,IPC,,96
binary_base,chunk_10,102,KR,19.208333333333332,96
binary_base,chunk_10,102,MC,,96
binary_base,chunk_10,102,cosine_similarity,0.9999998509883881,96
binary_base,chunk_10,102,kl_to_gaussian,0.0,96
binary_base,chunk_10,102,wt_mean,0.00227304690633895,96
binary_base,chunk_10,103,GR,,96
binary_base,chunk_10,103,IPC,,96
binary_base,chunk_10,103,KR,19.03125,96
binary_base,chunk_10,103,MC,,96
binary_base,chunk_10,103,cosine_similarity,0.9999998509883881,96
binary_base,chunk_10,103,kl_to_gaussian,0.0,96
binary_base,chunk_10,103,wt_mean,0.00227304690633895,96
binary_base,chunk_10,104,GR,,96
binary_base,chunk_10,104,IPC,,96
binary_base,chunk_10,104,KR,19.041666666666668,96
binary_base,chunk_10,104,MC,,96
binary_base,chunk_10,104,cosine_similarity,0.9999998509883881,96
binary_base,chunk_10,104,kl_to_gaussian,0.0,96
binary_base,chunk_10,104,wt_mean,0.00227304690633895,96
binary_base,chunk_10,105,GR,,96
binary_base,chunk_10,105,IPC,,96
binary_base,chunk_10,105,KR,18.5625,96
binary_base,chunk_10,105,MC,,96
binary_base,chunk_10,105,cosine_similarity,0.9999998509883881,96
binary_base,chunk_10,105,kl_to_gaussian,0.0,96
binary_base,chunk_10,105,wt_mean,0.00227304690633895,96
binary_base,chunk_10,106,GR,,96
binary_base,chunk_10,106,IPC,,96
binary_base,chunk_10,106,KR,16.75,96
binary_base,chunk_10,106,MC,,96
binary_base,chunk_10,106,cosine_similarity,0.9999998509883881,96
binary_base,chunk_10,106,kl_to_gaussian,0.0,96
binary_base,chunk_10,106,wt_mean,0.00227304690633895,96
binary_base,chunk_10,107,GR,,96
binary_base,chunk_10,107,IPC,,96
binary_base,chunk_10,107,KR,20.09375,96
binary_base,chunk_10,107,MC,,96
binary_base,chunk_10,107,cosine_similarity,0.9999998509883881,96
binary_base,chunk_10,107,kl_to_gaussian,0.0,96
binary_base,chunk_10,107,wt_mean,0.00227304690633895,96
binary_base,chunk_10,108,GR,,96
binary_base,chunk_10,108,IPC,,96
binary_base,chunk_10,108,KR,17.322916666666668,96
binary_base,chunk_10,108,MC,,96
binary_base,chunk_10,108,cosine_similarity,0.9999998509883881,96
binary_base,chunk_10,108,kl_to_gaussian,0.0,96
binary_base,chunk_10,108,wt_mean,0.00227304690633895,96
binary_base,chunk_10,109,GR,,96
binary_base,chunk_10,109,IPC,,96
binary_base,chunk_10,109,KR,19.927083333333332,96
binary_base,chunk_10,109,MC,,96
binary_base,chunk_10,109,cosine_similarity,0.9999998509883881,96
binary_base,chunk_10,109,kl_to_gaussian,0.0,96
binary_base,chunk_10,109,wt_mean,0.00227304690633895,96
binary_base,chunk_11,110,GR,,96
binary_base,chunk_11,110,IPC,,96
binary_base,chunk_11,110,KR,15.541666666666666,96
binary_base,chunk_11,110,MC,,96
binary_base,chunk_11,110,cosine_similarity,0.9999998509883881,96
binary_base,chunk_11,110,kl_to_gaussian,0.0,96
binary_base,chunk_11,110,wt_mean,0.00227304690633895,96
binary_base,chunk_11,111,GR,,96
binary_base,chunk_11,111,IPC,,96
binary_base,chunk_11,111,KR,17.9375,96
binary_base,chunk_11,111,MC,,96
binary_base,chunk_11,111,cosine_similarity,0.9999998509883881,96
binary_base,chunk_11,111,kl_to_gaussian,0.0,96
binary_base,chunk_11,111,wt_mean,0.00227304690633895,96
binary_base,chunk_11,112,GR,,96
binary_base,chunk_11,112,IPC,,96
binary_base,chunk_11,112,KR,19.114583333333332,96
binary_base,chunk_11,112,MC,,96
binary_base,chunk_11,112,cosine_similarity,0.9999998509883881,96
binary_base,chunk_11,112,kl_to_gaussian,0.0,96
binary_base,chunk_11,112,wt_mean,0.00227304690633895,96
binary_base,chunk_11,113,GR,,96
binary_base,chunk_11,113,IPC,,96
binary_base,chunk_11,113,KR,16.458333333333332,96
binary_base,chunk_11,113,MC,,96
binary_base,chunk_11,113,cosine_similarity,0.9999998509883881,96
binary_base,chunk_11,113,kl_to_gaussian,0.0,96
binary_base,chunk_11,113,wt_mean,0.00227304690633895,96
binary_base,chunk_11,114,GR,,96
binary_base,chunk_11,114,IPC,,96
binary_base,chunk_11,114,KR,16.854166666666668,96
binary_base,chunk_11,114,MC,,96
binary_base,chunk_11,114,cosine_similarity,0.9999998509883881,96
binary_base,chunk_11,114,kl_to_gaussian,0.0,96
binary_base,chunk_11,114,wt_mean,0.00227304690633895,96
binary_base,chunk_11,115,GR,,96
binary_base,chunk_11,115,IPC,,96
binary_base,chunk_11,115,KR,21.09375,96
binary_base,chunk_11,115,MC,,96
binary_base,chunk_11,115,cosine_similarity,0.9999998509883881,96
binary_base,chunk_11,115,kl_to_gaussian,0.0,96
binary_base,chunk_11,115,wt_mean,0.00227304690633895,96
binary_base,chunk_11,116,GR,,96
binary_base,chunk_11,116,IPC,,96
binary_base,chunk_11,116,KR,18.572916666666668,96
binary_base,chunk_11,116,MC,,96
binary_base,chunk_11,116,cosine_similarity,0.9999998509883881,96
binary_base,chunk_11,116,kl_to_gaussian,0.0,96
binary_base,chunk_11,116,wt_mean,0.00227304690633895,96
binary_base,chunk_11,117,GR,,96
binary_base,chunk_11,117,IPC,,96
binary_base,chunk_11,117,KR,15.760416666666666,96
binary_base,chunk_11,117,MC,,96
binary_base,chunk_11,117,cosine_similarity,0.9999998509883881,96
binary_base,chunk_11,117,kl_to_gaussian,0.0,96
binary_base,chunk_11,117,wt_mean,0.00227304690633895,96
binary_base,chunk_11,118,GR,,96
binary_base,chunk_11,118,IPC,,96
binary_base,chunk_11,118,KR,16.760416666666668,96
binary_base,chunk_11,118,MC,,96
binary_base,chunk_11,118,cosine_similarity,0.9999998509883881,96
binary_base,chunk_11,118,kl_to_gaussian,0.0,96
binary_base,chunk_11,118,wt_mean,0.00227304690633895,96
binary_base,chunk_11,119,GR,,96
binary_base,chunk_11,119,IPC,,96
binary_base,chunk_11,119,KR,20.59375,96
binary_base,chunk_11,119,MC,,96
binary_base,chunk_11,119,cosine_similarity,0.9999998509883881,96
binary_base,chunk_11,119,kl_to_gaussian,0.0,96
binary_base,chunk_11,119,wt_mean,0.00227304690633895,96
binary_base,chunk_12,120,GR,,96
binary_base,chunk_12,120,IPC,,96
binary_base,chunk_12,120,KR,16.84375,96
binary_base,chunk_12,120,MC,,96
binary_base,chunk_12,120,cosine_similarity,0.9999998509883881,96
binary_base,chunk_12,120,kl_to_gaussian,0.0,96
binary_base,chunk_12,120,wt_mean,0.00227304690633895,96
binary_base,chunk_12,121,GR,,96
binary_base,chunk_12,121,IPC,,96
binary_base,chunk_12,121,KR,19.34375,96
binary_base,chunk_12,121,MC,,96
binary_base,chunk_12,121,cosine_similarity,0.9999998509883881,96
binary_base,chunk_12,121,kl_to_gaussian,0.0,96
binary_base,chunk_12,121,wt_mean,0.00227304690633895,96
binary_base,chunk_12,122,GR,,96
binary_base,chunk_12,122,IPC,,96
binary_base,chunk_12,122,KR,16.541666666666668,96
binary_base,chunk_12,122,MC,,96
binary_base,chunk_12,122,cosine_similarity,0.9999998509883881,96
binary_base,chunk_12,122,kl_to_gaussian,0.0,96
binary_base,chunk_12,122,wt_mean,0.00227304690633895,96
binary_base,chunk_12,123,GR,,96
binary_base,chunk_12,123,IPC,,96
binary_base,chunk_12,123,KR,15.510416666666666,96
binary_base,chunk_12,123,MC,,96
binary_base,chunk_12,123,cosine_similarity,0.9999998509883881,96
binary_base,chunk_12,123,kl_to_gaussian,0.0,96
binary_base,chunk_12,123,wt_mean,0.00227304690633895,96
binary_base,chunk_12,124,GR,,96
binary_base,chunk_12,124,IPC,,96
binary_base,chunk_12,124,KR,17.104166666666668,96
binary_base,chunk_12,124,MC,,96
binary_base,chunk_12,124,cosine_similarity,0.9999998509883881,96
binary_base,chunk_12,124,kl_to_gaussian,0.0,96
binary_base,chunk_12,124,wt_mean,0.00227304690633895,96
binary_base,chunk_12,125,GR,,96
binary_base,chunk_12,125,IPC,,96
binary_base,chunk_12,125,KR,17.864583333333332,96
binary_base,chunk_12,125,MC,,96
binary_base,chunk_12,125,cosine_similarity,0.9999998509883881,96
binary_base,chunk_12,125,kl_to_gaussian,0.0,96
binary_base,chunk_12,125,wt_mean,0.00227304690633895,96
binary_base,chunk_12,126,GR,,96
binary_base,chunk_12,126,IPC,,96
binary_base,chunk_12,126,KR,18.114583333333332,96
binary_base,chunk_12,126,MC,,96
binary_base,chunk_12,126,cosine_similarity,0.9999998509883881,96
binary_base,chunk_12,126,kl_to_gaussian,0.0,96
binary_base,chunk_12,126,wt_mean,0.00227304690633895,96
binary_base,chunk_12,127,GR,,96
binary_base,chunk_12,127,IPC,,96
binary_base,chunk_12,127,KR,18.052083333333332,96
binary_base,chunk_12,127,MC,,96
binary_base,chunk_12,127,cosine_similarity,0.9999998509883881,96
binary_base,chunk_12,127,kl_to_gaussian,0.0,96
binary_base,chunk_12,127,wt_mean,0.00227304690633895,96
binary_base,chunk_12,128,GR,,96
binary_base,chunk_12,128,IPC,,96
binary_base,chunk_12,128,KR,17.104166666666668,96
binary_base,chunk_12,128,MC,,96
binary_base,chunk_12,128,cosine_similarity,0.9999998509883881,96
binary_base,chunk_12,128,kl_to_gaussian,0.0,96
binary_base,chunk_12,128,wt_mean,0.00227304690633895,96
binary_base,chunk_12,129,GR,,96
binary_base,chunk_12,129,IPC,,96
binary_base,chunk_12,129,KR,18.46875,96
binary_base,chunk_12,129,MC,,96
binary_base,chunk_12,129,cosine_similarity,0.9999998509883881,96
binary_base,chunk_12,129,kl_to_gaussian,0.0,96
binary_base,chunk_12,129,wt_mean,0.00227304690633895,96
binary_base,chunk_13,130,GR,,96
binary_base,chunk_13,130,IPC,,96
binary_base,chunk_13,130,KR,17.71875,96
binary_base,chunk_13,130,MC,,96
binary_base,chunk_13,130,cosine_similarity,0.9999998509883881,96
binary_base,chunk_13,130,kl_to_gaussian,0.0,96
binary_base,chunk_13,130,wt_mean,0.00227304690633895,96
binary_base,chunk_13,131,GR,,96
binary_base,chunk_13,131,IPC,,96
binary_base,chunk_13,131,KR,20.291666666666668,96
binary_base,chunk_13,131,MC,,96
binary_base,chunk_13,131,cosine_similarity,0.9999998509883881,96
binary_base,chunk_13,131,kl_to_gaussian,0.0,96
binary_base,chunk_13,131,wt_mean,0.00227304690633895,96
binary_base,chunk_13,132,GR,,96
binary_base,chunk_13,132,IPC,,96
binary_base,chunk_13,132,KR,19.333333333333332,96
binary_base,chunk_13,132,MC,,96
binary_base,chunk_13,132,cosine_similarity,0.9999998509883881,96
binary_base,chunk_13,132,kl_to_gaussian,0.0,96
binary_base,chunk_13,132,wt_mean,0.00227304690633895,96
binary_base,chunk_13,133,GR,,96
binary_base,chunk_13,133,IPC,,96
binary_base,chunk_13,133,KR,19.1875,96
binary_base,chunk_13,133,MC,,96
binary_base,chunk_13,133,cosine_similarity,0.9999998509883881,96
binary_base,chunk_13,133,kl_to_gaussian,0.0,96
binary_base,chunk_13,133,wt_mean,0.00227304690633895,96
binary_base,chunk_13,134,GR,,96
binary_base,chunk_13,134,IPC,,96
binary_base,chunk_13,134,KR,21.5625,96
binary_base,chunk_13,134,MC,,96
binary_base,chunk_13,134,cosine_similarity,0.9999998509883881,96
binary_base,chunk_13,134,kl_to_gaussian,0.0,96
binary_base,chunk_13,134,wt_mean,0.00227304690633895,96
binary_base,chunk_13,135,GR,,96
binary_base,chunk_13,135,IPC,,96
binary_base,chunk_13,135,KR,16.760416666666668,96
binary_base,chunk_13,135,MC,,96
binary_base,chunk_13,135,cosine_similarity,0.9999998509883881,96
binary_base,chunk_13,135,kl_to_gaussian,0.0,96
binary_base,chunk_13,135,wt_mean,0.00227304690633895,96
binary_base,chunk_13,136,GR,,96
binary_base,chunk_13,136,IPC,,96
binary_base,chunk_13,136,KR,16.6875,96
binary_base,chunk_13,136,MC,,96
binary_base,chunk_13,136,cosine_similarity,0.9999998509883881,96
binary_base,chunk_13,136,kl_to_gaussian,0.0,96
binary_base,chunk_13,136,wt_mean,0.00227304690633895,96
binary_base,chunk_13,137,GR,,96
binary_base,chunk_13,137,IPC,,96
binary_base,chunk_13,137,KR,17.145833333333332,96
binary_base,chunk_13,137,MC,,96
binary_base,chunk_13,137,cosine_similarity,0.9999998509883881,96
binary_base,chunk_13,137,kl_to_gaussian,0.0,96
binary_base,chunk_13,137,wt_mean,0.00227304690633895,96
binary_base,chunk_13,138,GR,,96
binary_base,chunk_13,138,IPC,,96
binary_base,chunk_13,138,KR,22.875,96
binary_base,chunk_13,138,MC,,96
binary_base,chunk_13,138,cosine_similarity,0.9999998509883881,96
binary_base,chunk_13,138,kl_to_gaussian,0.0,96
binary_base,chunk_13,138,wt_mean,0.00227304690633895,96
binary_base,chunk_13,139,GR,,96
binary_base,chunk_13,139,IPC,,96
binary_base,chunk_13,139,KR,17.614583333333332,96
binary_base,chunk_13,139,MC,,96
binary_base,chunk_13,139,cosine_similarity,0.9999998509883881,96
binary_base,chunk_13,139,kl_to_gaussian,0.0,96
binary_base,chunk_13,139,wt_mean,0.00227304690633895,96
binary_base,chunk_14,140,GR,,96
binary_base,chunk_14,140,IPC,,96
binary_base,chunk_14,140,KR,16.166666666666668,96
binary_base,chunk_14,140,MC,,96
binary_base,chunk_14,140,cosine_similarity,0.9999998509883881,96
binary_base,chunk_14,140,kl_to_gaussian,0.0,96
binary_base,chunk_14,140,wt_mean,0.00227304690633895,96
binary_base,chunk_14,141,GR,,96
binary_base,chunk_14,141,IPC,,96
binary_base,chunk_14,141,KR,17.208333333333332,96
binary_base,chunk_14,141,MC,,96
binary_base,chunk_14,141,cosine_similarity,0.9999998509883881,96
binary_base,chunk_14,141,kl_to_gaussian,0.0,96
binary_base,chunk_14,141,wt_mean,0.00227304690633895,96
binary_base,chunk_14,142,GR,,96
binary_base,chunk_14,142,IPC,,96
binary_base,chunk_14,142,KR,18.291666666666668,96
binary_base,chunk_14,142,MC,,96
binary_base,chunk_14,142,cosine_similarity,0.9999998509883881,96
binary_base,chunk_14,142,kl_to_gaussian,0.0,96
binary_base,chunk_14,142,wt_mean,0.00227304690633895,96
binary_base,chunk_14,143,GR,,96
binary_base,chunk_14,143,IPC,,96
binary_base,chunk_14,143,KR,21.041666666666668,96
binary_base,chunk_14,143,MC,,96
binary_base,chunk_14,143,cosine_similarity,0.9999998509883881,96
binary_base,chunk_14,143,kl_to_gaussian,0.0,96
binary_base,chunk_14,143,wt_mean,0.00227304690633895,96
binary_base,chunk_14,144,GR,,96
binary_base,chunk_14,144,IPC,,96
binary_base,chunk_14,144,KR,17.177083333333332,96
binary_base,chunk_14,144,MC,,96
binary_base,chunk_14,144,cosine_similarity,0.9999998509883881,96
binary_base,chunk_14,144,kl_to_gaussian,0.0,96
binary_base,chunk_14,144,wt_mean,0.00227304690633895,96
binary_base,chunk_14,145,GR,,96
binary_base,chunk_14,145,IPC,,96
binary_base,chunk_14,145,KR,18.083333333333332,96
binary_base,chunk_14,145,MC,,96
binary_base,chunk_14,145,cosine_similarity,0.9999998509883881,96
binary_base,chunk_14,145,kl_to_gaussian,0.0,96
binary_base,chunk_14,145,wt_mean,0.00227304690633895,96
binary_base,chunk_14,146,GR,,96
binary_base,chunk_14,146,IPC,,96
binary_base,chunk_14,146,KR,16.479166666666668,96
binary_base,chunk_14,146,MC,,96
binary_base,chunk_14,146,cosine_similarity,0.9999998509883881,96
binary_base,chunk_14,146,kl_to_gaussian,0.0,96
binary_base,chunk_14,146,wt_mean,0.00227304690633895,96
binary_base,chunk_14,147,GR,,96
binary_base,chunk_14,147,IPC,,96
binary_base,chunk_14,147,KR,16.802083333333332,96
binary_base,chunk_14,147,MC,,96
binary_base,chunk_14,147,cosine_similarity,0.9999998509883881,96
binary_base,chunk_14,147,kl_to_gaussian,0.0,96
binary_base,chunk_14,147,wt_mean,0.00227304690633895,96
binary_base,chunk_14,148,GR,,96
binary_base,chunk_14,148,IPC,,96
binary_base,chunk_14,148,KR,19.145833333333332,96
binary_base,chunk_14,148,MC,,96
binary_base,chunk_14,148,cosine_similarity,0.9999998509883881,96
binary_base,chunk_14,148,kl_to_gaussian,0.0,96
binary_base,chunk_14,148,wt_mean,0.00227304690633895,96
binary_base,chunk_14,149,GR,,96
binary_base,chunk_14,149,IPC,,96
binary_base,chunk_14,149,KR,15.177083333333334,96
binary_base,chunk_14,149,MC,,96
binary_base,chunk_14,149,cosine_similarity,0.9999998509883881,96
binary_base,chunk_14,149,kl_to_gaussian,0.0,96
binary_base,chunk_14,149,wt_mean,0.00227304690633895,96
binary_base,chunk_15,150,GR,,96
binary_base,chunk_15,150,IPC,,96
binary_base,chunk_15,150,KR,20.84375,96
binary_base,chunk_15,150,MC,,96
binary_base,chunk_15,150,cosine_similarity,0.9999998509883881,96
binary_base,chunk_15,150,kl_to_gaussian,0.0,96
binary_base,chunk_15,150,wt_mean,0.00227304690633895,96
binary_base,chunk_15,151,GR,,96
binary_base,chunk_15,151,IPC,,96
binary_base,chunk_15,151,KR,17.46875,96
binary_base,chunk_15,151,MC,,96
binary_base,chunk_15,151,cosine_similarity,0.9999998509883881,96
binary_base,chunk_15,151,kl_to_gaussian,0.0,96
binary_base,chunk_15,151,wt_mean,0.00227304690633895,96
binary_base,chunk_15,152,GR,,96
binary_base,chunk_15,152,IPC,,96
binary_base,chunk_15,152,KR,18.375,96
binary_base,chunk_15,152,MC,,96
binary_base,chunk_15,152,cosine_similarity,0.9999998509883881,96
binary_base,chunk_15,152,kl_to_gaussian,0.0,96
binary_base,chunk_15,152,wt_mean,0.00227304690633895,96
binary_base,chunk_15,153,GR,,96
binary_base,chunk_15,153,IPC,,96
binary_base,chunk_15,153,KR,15.489583333333334,96
binary_base,chunk_15,153,MC,,96
binary_base,chunk_15,153,cosine_similarity,0.9999998509883881,96
binary_base,chunk_15,153,kl_to_gaussian,0.0,96
binary_base,chunk_15,153,wt_mean,0.00227304690633895,96
binary_base,chunk_15,154,GR,,96
binary_base,chunk_15,154,IPC,,96
binary_base,chunk_15,154,KR,19.1875,96
binary_base,chunk_15,154,MC,,96
binary_base,chunk_15,154,cosine_similarity,0.9999998509883881,96
binary_base,chunk_15,154,kl_to_gaussian,0.0,96
binary_base,chunk_15,154,wt_mean,0.00227304690633895,96
binary_base,chunk_15,155,GR,,96
binary_base,chunk_15,155,IPC,,96
binary_base,chunk_15,155,KR,21.135416666666668,96
binary_base,chunk_15,155,MC,,96
binary_base,chunk_15,155,cosine_similarity,0.9999998509883881,96
binary_base,chunk_15,155,kl_to_gaussian,0.0,96
binary_base,chunk_15,155,wt_mean,0.00227304690633895,96
binary_base,chunk_15,156,GR,,96
binary_base,chunk_15,156,IPC,,96
binary_base,chunk_15,156,KR,19.09375,96
binary_base,chunk_15,156,MC,,96
binary_base,chunk_15,156,cosine_similarity,0.9999998509883881,96
binary_base,chunk_15,156,kl_to_gaussian,0.0,96
binary_base,chunk_15,156,wt_mean,0.00227304690633895,96
binary_base,chunk_15,157,GR,,96
binary_base,chunk_15,157,IPC,,96
binary_base,chunk_15,157,KR,16.697916666666668,96
binary_base,chunk_15,157,MC,,96
binary_base,chunk_15,157,cosine_similarity,0.9999998509883881,96
binary_base,chunk_15,157,kl_to_gaussian,0.0,96
binary_base,chunk_15,157,wt_mean,0.00227304690633895,96
binary_base,chunk_15,158,GR,,96
binary_base,chunk_15,158,IPC,,96
binary_base,chunk_15,158,KR,19.354166666666668,96
binary_base,chunk_15,158,MC,,96
binary_base,chunk_15,158,cosine_similarity,0.9999998509883881,96
binary_base,chunk_15,158,kl_to_gaussian,0.0,96
binary_base,chunk_15,158,wt_mean,0.00227304690633895,96
binary_base,chunk_15,159,GR,,96
binary_base,chunk_15,159,IPC,,96
binary_base,chunk_15,159,KR,16.541666666666668,96
binary_base,chunk_15,159,MC,,96
binary_base,chunk_15,159,cosine_similarity,0.9999998509883881,96
binary_base,chunk_15,159,kl_to_gaussian,0.0,96
binary_base,chunk_15,159,wt_mean,0.00227304690633895,96
binary_base,chunk_16,160,GR,,96
binary_base,chunk_16,160,IPC,,96
binary_base,chunk_16,160,KR,16.885416666666668,96
binary_base,chunk_16,160,MC,,96
binary_base,chunk_16,160,cosine_similarity,0.9999998509883881,96
binary_base,chunk_16,160,kl_to_gaussian,0.0,96
binary_base,chunk_16,160,wt_mean,0.00227304690633895,96
binary_base,chunk_16,161,GR,,96
binary_base,chunk_16,161,IPC,,96
binary_base,chunk_16,161,KR,16.895833333333332,96
binary_base,chunk_16,161,MC,,96
binary_base,chunk_16,161,cosine_similarity,0.9999998509883881,96
binary_base,chunk_16,161,kl_to_gaussian,0.0,96
binary_base,chunk_16,161,wt_mean,0.00227304690633895,96
binary_base,chunk_16,162,GR,,96
binary_base,chunk_16,162,IPC,,96
binary_base,chunk_16,162,KR,18.354166666666668,96
binary_base,chunk_16,162,MC,,96
binary_base,chunk_16,162,cosine_similarity,0.9999998509883881,96
binary_base,chunk_16,162,kl_to_gaussian,0.0,96
binary_base,chunk_16,162,wt_mean,0.00227304690633895,96
binary_base,chunk_16,163,GR,,96
binary_base,chunk_16,163,IPC,,96
binary_base,chunk_16,163,KR,18.1875,96
binary_base,chunk_16,163,MC,,96
binary_base,chunk_16,163,cosine_similarity,0.9999998509883881,96
binary_base,chunk_16,163,kl_to_gaussian,0.0,96
binary_base,chunk_16,163,wt_mean,0.00227304690633895,96
binary_base,chunk_16,164,GR,,96
binary_base,chunk_16,164,IPC,,96
binary_base,chunk_16,164,KR,16.822916666666668,96
binary_base,chunk_16,164,MC,,96
binary_base,chunk_16,164,cosine_similarity,0.9999998509883881,96
binary_base,chunk_16,164,kl_to_gaussian,0.0,96
binary_base,chunk_16,164,wt_mean,0.00227304690633895,96
binary_base,chunk_16,165,GR,,96
binary_base,chunk_16,165,IPC,,96
binary_base,chunk_16,165,KR,18.895833333333332,96
binary_base,chunk_16,165,MC,,96
binary_base,chunk_16,165,cosine_similarity,0.9999998509883881,96
binary_base,chunk_16,165,kl_to_gaussian,0.0,96
binary_base,chunk_16,165,wt_mean,0.00227304690633895,96
binary_base,chunk_16,166,GR,,96
binary_base,chunk_16,166,IPC,,96
binary_base,chunk_16,166,KR,20.770833333333332,96
binary_base,chunk_16,166,MC,,96
binary_base,chunk_16,166,cosine_similarity,0.9999998509883881,96
binary_base,chunk_16,166,kl_to_gaussian,0.0,96
binary_base,chunk_16,166,wt_mean,0.00227304690633895,96
binary_base,chunk_16,167,GR,,96
binary_base,chunk_16,167,IPC,,96
binary_base,chunk_16,167,KR,18.322916666666668,96
binary_base,chunk_16,167,MC,,96
binary_base,chunk_16,167,cosine_similarity,0.9999998509883881,96
binary_base,chunk_16,167,kl_to_gaussian,0.0,96
binary_base,chunk_16,167,wt_mean,0.00227304690633895,96
binary_base,chunk_16,168,GR,,96
binary_base,chunk_16,168,IPC,,96
binary_base,chunk_16,168,KR,17.34375,96
binary_base,chunk_16,168,MC,,96
binary_base,chunk_16,168,cosine_similarity,0.9999998509883881,96
binary_base,chunk_16,168,kl_to_gaussian,0.0,96
binary_base,chunk_16,168,wt_mean,0.00227304690633895,96
binary_base,chunk_16,169,GR,,96
binary_base,chunk_16,169,IPC,,96
binary_base,chunk_16,169,KR,16.479166666666668,96
binary_base,chunk_16,169,MC,,96
binary_base,chunk_16,169,cosine_similarity,0.9999998509883881,96
binary_base,chunk_16,169,kl_to_gaussian,0.0,96
binary_base,chunk_16,169,wt_mean,0.00227304690633895,96
binary_base,chunk_17,170,GR,,96
binary_base,chunk_17,170,IPC,,96
binary_base,chunk_17,170,KR,18.739583333333332,96
binary_base,chunk_17,170,MC,,96
binary_base,chunk_17,170,cosine_similarity,0.9999998509883881,96
binary_base,chunk_17,170,kl_to_gaussian,0.0,96
binary_base,chunk_17,170,wt_mean,0.00227304690633895,96
binary_base,chunk_17,171,GR,,96
binary_base,chunk_17,171,IPC,,96
binary_base,chunk_17,171,KR,19.135416666666668,96
binary_base,chunk_17,171,MC,,96
binary_base,chunk_17,171,cosine_similarity,0.9999998509883881,96
binary_base,chunk_17,171,kl_to_gaussian,0.0,96
binary_base,chunk_17,171,wt_mean,0.00227304690633895,96
binary_base,chunk_17,172,GR,,96
binary_base,chunk_17,172,IPC,,96
binary_base,chunk_17,172,KR,18.666666666666668,96
binary_base,chunk_17,172,MC,,96
binary_base,chunk_17,172,cosine_similarity,0.9999998509883881,96
binary_base,chunk_17,172,kl_to_gaussian,0.0,96
binary_base,chunk_17,172,wt_mean,0.00227304690633895,96
binary_base,chunk_17,173,GR,,96
binary_base,chunk_17,173,IPC,,96
binary_base,chunk_17,173,KR,17.041666666666668,96
binary_base,chunk_17,173,MC,,96
binary_base,chunk_17,173,cosine_similarity,0.9999998509883881,96
binary_base,chunk_17,173,kl_to_gaussian,0.0,96
binary_base,chunk_17,173,wt_mean,0.00227304690633895,96
binary_base,chunk_17,174,GR,,96
binary_base,chunk_17,174,IPC,,96
binary_base,chunk_17,174,KR,17.90625,96
binary_base,chunk_17,174,MC,,96
binary_base,chunk_17,174,cosine_similarity,0.9999998509883881,96
binary_base,chunk_17,174,kl_to_gaussian,0.0,96
binary_base,chunk_17,174,wt_mean,0.00227304690633895,96
binary_base,chunk_17,175,GR,,96
binary_base,chunk_17,175,IPC,,96
binary_base,chunk_17,175,KR,21.572916666666668,96
binary_base,chunk_17,175,MC,,96
binary_base,chunk_17,175,cosine_similarity,0.9999998509883881,96
binary_base,chunk_17,175,kl_to_gaussian,0.0,96
binary_base,chunk_17,175,wt_mean,0.00227304690633895,96
binary_base,chunk_17,176,GR,,96
binary_base,chunk_17,176,IPC,,96
binary_base,chunk_17,176,KR,17.020833333333332,96
binary_base,chunk_17,176,MC,,96
binary_base,chunk_17,176,cosine_similarity,0.9999998509883881,96
binary_base,chunk_17,176,kl_to_gaussian,0.0,96
binary_base,chunk_17,176,wt_mean,0.00227304690633895,96
binary_base,chunk_17,177,GR,,96
binary_base,chunk_17,177,IPC,,96
binary_base,chunk_17,177,KR,21.40625,96
binary_base,chunk_17,177,MC,,96
binary_base,chunk_17,177,cosine_similarity,0.9999998509883881,96
binary_base,chunk_17,177,kl_to_gaussian,0.0,96
binary_base,chunk_17,177,wt_mean,0.00227304690633895,96
binary_base,chunk_17,178,GR,,96
binary_base,chunk_17,178,IPC,,96
binary_base,chunk_17,178,KR,16.697916666666668,96
binary_base,chunk_17,178,MC,,96
binary_base,chunk_17,178,cosine_similarity,0.9999998509883881,96
binary_base,chunk_17,178,kl_to_gaussian,0.0,96
binary_base,chunk_17,178,wt_mean,0.00227304690633895,96
binary_base,chunk_17,179,GR,,96
binary_base,chunk_17,179,IPC,,96
binary_base,chunk_17,179,KR,17.104166666666668,96
binary_base,chunk_17,179,MC,,96
binary_base,chunk_17,179,cosine_similarity,0.9999998509883881,96
binary_base,chunk_17,179,kl_to_gaussian,0.0,96
binary_base,chunk_17,179,wt_mean,0.00227304690633895,96
binary_base,chunk_18,180,GR,,96
binary_base,chunk_18,180,IPC,,96
binary_base,chunk_18,180,KR,15.28125,96
binary_base,chunk_18,180,MC,,96
binary_base,chunk_18,180,cosine_similarity,0.9999998509883881,96
binary_base,chunk_18,180,kl_to_gaussian,0.0,96
binary_base,chunk_18,180,wt_mean,0.00227304690633895,96
binary_base,chunk_18,181,GR,,96
binary_base,chunk_18,181,IPC,,96
binary_base,chunk_18,181,KR,17.5,96
binary_base,chunk_18,181,MC,,96
binary_base,chunk_18,181,cosine_similarity,0.9999998509883881,96
binary_base,chunk_18,181,kl_to_gaussian,0.0,96
binary_base,chunk_18,181,wt_mean,0.00227304690633895,96
binary_base,chunk_18,182,GR,,96
binary_base,chunk_18,182,IPC,,96
binary_base,chunk_18,182,KR,17.541666666666668,96
binary_base,chunk_18,182,MC,,96
binary_base,chunk_18,182,cosine_similarity,0.9999998509883881,96
binary_base,chunk_18,182,kl_to_gaussian,0.0,96
binary_base,chunk_18,182,wt_mean,0.00227304690633895,96
binary_base,chunk_18,183,GR,,96
binary_base,chunk_18,183,IPC,,96
binary_base,chunk_18,183,KR,19.520833333333332,96
binary_base,chunk_18,183,MC,,96
binary_base,chunk_18,183,cosine_similarity,0.9999998509883881,96
binary_base,chunk_18,183,kl_to_gaussian,0.0,96
binary_base,chunk_18,183,wt_mean,0.00227304690633895,96
binary_base,chunk_18,184,GR,,96
binary_base,chunk_18,184,IPC,,96
binary_base,chunk_18,184,KR,21.333333333333332,96
binary_base,chunk_18,184,MC,,96
binary_base,chunk_18,184,cosine_similarity,0.9999998509883881,96
binary_base,chunk_18,184,kl_to_gaussian,0.0,96
binary_base,chunk_18,184,wt_mean,0.00227304690633895,96
binary_base,chunk_18,185,GR,,96
binary_base,chunk_18,185,IPC,,96
binary_base,chunk_18,185,KR,17.75,96
binary_base,chunk_18,185,MC,,96
binary_base,chunk_18,185,cosine_similarity,0.9999998509883881,96
binary_base,chunk_18,185,kl_to_gaussian,0.0,96
binary_base,chunk_18,185,wt_mean,0.00227304690633895,96
binary_base,chunk_18,186,GR,,96
binary_base,chunk_18,186,IPC,,96
binary_base,chunk_18,186,KR,19.020833333333332,96
binary_base,chunk_18,186,MC,,96
binary_base,chunk_18,186,cosine_similarity,0.9999998509883881,96
binary_base,chunk_18,186,kl_to_gaussian,0.0,96
binary_base,chunk_18,186,wt_mean,0.00227304690633895,96
binary_base,chunk_18,187,GR,,96
binary_base,chunk_18,187,IPC,,96
binary_base,chunk_18,187,KR,15.65625,96
binary_base,chunk_18,187,MC,,96
binary_base,chunk_18,187,cosine_similarity,0.9999998509883881,96
binary_base,chunk_18,187,kl_to_gaussian,0.0,96
binary_base,chunk_18,187,wt_mean,0.00227304690633895,96
binary_base,chunk_18,188,GR,,96
binary_base,chunk_18,188,IPC,,96
binary_base,chunk_18,188,KR,17.583333333333332,96
binary_base,chunk_18,188,MC,,96
binary_base,chunk_18,188,cosine_similarity,0.9999998509883881,96
binary_base,chunk_18,188,kl_to_gaussian,0.0,96
binary_base,chunk_18,188,wt_mean,0.00227304690633895,96
binary_base,chunk_18,189,GR,,96
binary_base,chunk_18,189,IPC,,96
binary_base,chunk_18,189,KR,16.104166666666668,96
binary_base,chunk_18,189,MC,,96
binary_base,chunk_18,189,cosine_similarity,0.9999998509883881,96
binary_base,chunk_18,189,kl_to_gaussian,0.0,96
binary_base,chunk_18,189,wt_mean,0.00227304690633895,96
binary_base,chunk_19,190,GR,,96
binary_base,chunk_19,190,IPC,,96
binary_base,chunk_19,190,KR,17.135416666666668,96
binary_base,chunk_19,190,MC,,96
binary_base,chunk_19,190,cosine_similarity,0.9999998509883881,96
binary_base,chunk_19,190,kl_to_gaussian,0.0,96
binary_base,chunk_19,190,wt_mean,0.00227304690633895,96
binary_base,chunk_19,191,GR,,96
binary_base,chunk_19,191,IPC,,96
binary_base,chunk_19,191,KR,17.03125,96
binary_base,chunk_19,191,MC,,96
binary_base,chunk_19,191,cosine_similarity,0.9999998509883881,96
binary_base,chunk_19,191,kl_to_gaussian,0.0,96
binary_base,chunk_19,191,wt_mean,0.00227304690633895,96
binary_base,chunk_19,192,GR,,96
binary_base,chunk_19,192,IPC,,96
binary_base,chunk_19,192,KR,16.395833333333332,96
binary_base,chunk_19,192,MC,,96
binary_base,chunk_19,192,cosine_similarity,0.9999998509883881,96
binary_base,chunk_19,192,kl_to_gaussian,0.0,96
binary_base,chunk_19,192,wt_mean,0.00227304690633895,96
binary_base,chunk_19,193,GR,,96
binary_base,chunk_19,193,IPC,,96
binary_base,chunk_19,193,KR,17.8125,96
binary_base,chunk_19,193,MC,,96
binary_base,chunk_19,193,cosine_similarity,0.9999998509883881,96
binary_base,chunk_19,193,kl_to_gaussian,0.0,96
binary_base,chunk_19,193,wt_mean,0.00227304690633895,96
binary_base,chunk_19,194,GR,,96
binary_base,chunk_19,194,IPC,,96
binary_base,chunk_19,194,KR,18.21875,96
binary_base,chunk_19,194,MC,,96
binary_base,chunk_19,194,cosine_similarity,0.9999998509883881,96
binary_base,chunk_19,194,kl_to_gaussian,0.0,96
binary_base,chunk_19,194,wt_mean,0.00227304690633895,96
binary_base,chunk_19,195,GR,,96
binary_base,chunk_19,195,IPC,,96
binary_base,chunk_19,195,KR,15.416666666666666,96
binary_base,chunk_19,195,MC,,96
binary_base,chunk_19,195,cosine_similarity,0.9999998509883881,96
binary_base,chunk_19,195,kl_to_gaussian,0.0,96
binary_base,chunk_19,195,wt_mean,0.00227304690633895,96
binary_base,chunk_19,196,GR,,96
binary_base,chunk_19,196,IPC,,96
binary_base,chunk_19,196,KR,19.6875,96
binary_base,chunk_19,196,MC,,96
binary_base,chunk_19,196,cosine_similarity,0.9999998509883881,96
binary_base,chunk_19,196,kl_to_gaussian,0.0,96
binary_base,chunk_19,196,wt_mean,0.00227304690633895,96
binary_base,chunk_19,197,GR,,96
binary_base,chunk_19,197,IPC,,96
binary_base,chunk_19,197,KR,19.854166666666668,96
binary_base,chunk_19,197,MC,,96
binary_base,chunk_19,197,cosine_similarity,0.9999998509883881,96
binary_base,chunk_19,197,kl_to_gaussian,0.0,96
binary_base,chunk_19,197,wt_mean,0.00227304690633895,96
binary_base,chunk_19,198,GR,,96
binary_base,chunk_19,198,IPC,,96
binary_base,chunk_19,198,KR,22.5,96
binary_base,chunk_19,198,MC,,96
binary_base,chunk_19,198,cosine_similarity,0.9999998509883881,96
binary_base,chunk_19,198,kl_to_gaussian,0.0,96
binary_base,chunk_19,198,wt_mean,0.00227304690633895,96
binary_base,chunk_19,199,GR,,96
binary_base,chunk_19,199,IPC,,96
binary_base,chunk_19,199,KR,18.09375,96
binary_base,chunk_19,199,MC,,96
binary_base,chunk_19,199,cosine_similarity,0.9999998509883881,96
binary_base,chunk_19,199,kl_to_gaussian,0.0,96
binary_base,chunk_19,199,wt_mean,0.00227304690633895,96
binary_base,chunk_2,20,GR,,96
binary_base,chunk_2,20,IPC,,96
binary_base,chunk_2,20,KR,20.416666666666668,96
binary_base,chunk_2,20,MC,,96
binary_base,chunk_2,20,cosine_similarity,0.9999998509883881,96
binary_base,chunk_2,20,kl_to_gaussian,0.0,96
binary_base,chunk_2,20,wt_mean,0.00227304690633895,96
binary_base,chunk_2,21,GR,,96
binary_base,chunk_2,21,IPC,,96
binary_base,chunk_2,21,KR,16.895833333333332,96
binary_base,chunk_2,21,MC,,96
binary_base,chunk_2,21,cosine_similarity,0.9999998509883881,96
binary_base,chunk_2,21,kl_to_gaussian,0.0,96
binary_base,chunk_2,21,wt_mean,0.00227304690633895,96
binary_base,chunk_2,22,GR,,96
binary_base,chunk_2,22,IPC,,96
binary_base,chunk_2,22,KR,18.416666666666668,96
binary_base,chunk_2,22,MC,,96
binary_base,chunk_2,22,cosine_similarity,0.9999998509883881,96
binary_base,chunk_2,22,kl_to_gaussian,0.0,96
binary_base,chunk_2,22,wt_mean,0.00227304690633895,96
binary_base,chunk_2,23,GR,,96
binary_base,chunk_2,23,IPC,,96
binary_base,chunk_2,23,KR,17.25,96
binary_base,chunk_2,23,MC,,96
binary_base,chunk_2,23,cosine_similarity,0.9999998509883881,96
binary_base,chunk_2,23,kl_to_gaussian,0.0,96
binary_base,chunk_2,23,wt_mean,0.00227304690633895,96
binary_base,chunk_2,24,GR,,96
binary_base,chunk_2,24,IPC,,96
binary_base,chunk_2,24,KR,18.333333333333332,96
binary_base,chunk_2,24,MC,,96
binary_base,chunk_2,24,cosine_similarity,0.9999998509883881,96
binary_base,chunk_2,24,kl_to_gaussian,0.0,96
binary_base,chunk_2,24,wt_mean,0.00227304690633895,96
binary_base,chunk_2,25,GR,,96
binary_base,chunk_2,25,IPC,,96
binary_base,chunk_2,25,KR,15.385416666666666,96
binary_base,chunk_2,25,MC,,96
binary_base,chunk_2,25,cosine_similarity,0.9999998509883881,96
binary_base,chunk_2,25,kl_to_gaussian,0.0,96
binary_base,chunk_2,25,wt_mean,0.00227304690633895,96
binary_base,chunk_2,26,GR,,96
binary_base,chunk_2,26,IPC,,96
binary_base,chunk_2,26,KR,17.635416666666668,96
binary_base,chunk_2,26,MC,,96
binary_base,chunk_2,26,cosine_similarity,0.9999998509883881,96
binary_base,chunk_2,26,kl_to_gaussian,0.0,96
binary_base,chunk_2,26,wt_mean,0.00227304690633895,96
binary_base,chunk_2,27,GR,,96
binary_base,chunk_2,27,IPC,,96
binary_base,chunk_2,27,KR,16.8125,96
binary_base,chunk_2,27,MC,,96
binary_base,chunk_2,27,cosine_similarity,0.9999998509883881,96
binary_base,chunk_2,27,kl_to_gaussian,0.0,96
binary_base,chunk_2,27,wt_mean,0.00227304690633895,96
binary_base,chunk_2,28,GR,,96
binary_base,chunk_2,28,IPC,,96
binary_base,chunk_2,28,KR,16.6875,96
binary_base,chunk_2,28,MC,,96
binary_base,chunk_2,28,cosine_similarity,0.9999998509883881,96
binary_base,chunk_2,28,kl_to_gaussian,0.0,96
binary_base,chunk_2,28,wt_mean,0.00227304690633895,96
binary_base,chunk_2,29,GR,,96
binary_base,chunk_2,29,IPC,,96
binary_base,chunk_2,29,KR,17.84375,96
binary_base,chunk_2,29,MC,,96
binary_base,chunk_2,29,cosine_similarity,0.9999998509883881,96
binary_base,chunk_2,29,kl_to_gaussian,0.0,96
binary_base,chunk_2,29,wt_mean,0.00227304690633895,96
binary_base,chunk_3,30,GR,,96
binary_base,chunk_3,30,IPC,,96
binary_base,chunk_3,30,KR,15.1875,96
binary_base,chunk_3,30,MC,,96
binary_base,chunk_3,30,cosine_similarity,0.9999998509883881,96
binary_base,chunk_3,30,kl_to_gaussian,0.0,96
binary_base,chunk_3,30,wt_mean,0.00227304690633895,96
binary_base,chunk_3,31,GR,,96
binary_base,chunk_3,31,IPC,,96
binary_base,chunk_3,31,KR,15.885416666666666,96
binary_base,chunk_3,31,MC,,96
binary_base,chunk_3,31,cosine_similarity,0.9999998509883881,96
binary_base,chunk_3,31,kl_to_gaussian,0.0,96
binary_base,chunk_3,31,wt_mean,0.00227304690633895,96
binary_base,chunk_3,32,GR,,96
binary_base,chunk_3,32,IPC,,96
binary_base,chunk_3,32,KR,21.21875,96
binary_base,chunk_3,32,MC,,96
binary_base,chunk_3,32,cosine_similarity,0.9999998509883881,96
binary_base,chunk_3,32,kl_to_gaussian,0.0,96
binary_base,chunk_3,32,wt_mean,0.00227304690633895,96
binary_base,chunk_3,33,GR,,96
binary_base,chunk_3,33,IPC,,96
binary_base,chunk_3,33,KR,19.708333333333332,96
binary_base,chunk_3,33,MC,,96
binary_base,chunk_3,33,cosine_similarity,0.9999998509883881,96
binary_base,chunk_3,33,kl_to_gaussian,0.0,96
binary_base,chunk_3,33,wt_mean,0.00227304690633895,96
binary_base,chunk_3,34,GR,,96
binary_base,chunk_3,34,IPC,,96
binary_base,chunk_3,34,KR,18.0,96
binary_base,chunk_3,34,MC,,96
binary_base,chunk_3,34,cosine_similarity,0.9999998509883881,96
binary_base,chunk_3,34,kl_to_gaussian,0.0,96
binary_base,chunk_3,34,wt_mean,0.00227304690633895,96
binary_base,chunk_3,35,GR,,96
binary_base,chunk_3,35,IPC,,96
binary_base,chunk_3,35,KR,19.989583333333332,96
binary_base,chunk_3,35,MC,,96
binary_base,chunk_3,35,cosine_similarity,0.9999998509883881,96
binary_base,chunk_3,35,kl_to_gaussian,0.0,96
binary_base,chunk_3,35,wt_mean,0.00227304690633895,96
binary_base,chunk_3,36,GR,,96
binary_base,chunk_3,36,IPC,,96
binary_base,chunk_3,36,KR,16.822916666666668,96
binary_base,chunk_3,36,MC,,96
binary_base,chunk_3,36,cosine_similarity,0.9999998509883881,96
binary_base,chunk_3,36,kl_to_gaussian,0.0,96
binary_base,chunk_3,36,wt_mean,0.00227304690633895,96
binary_base,chunk_3,37,GR,,96
binary_base,chunk_3,37,IPC,,96
binary_base,chunk_3,37,KR,17.3125,96
binary_base,chunk_3,37,MC,,96
binary_base,chunk_3,37,cosine_similarity,0.9999998509883881,96
binary_base,chunk_3,37,kl_to_gaussian,0.0,96
binary_base,chunk_3,37,wt_mean,0.00227304690633895,96
binary_base,chunk_3,38,GR,,96
binary_base,chunk_3,38,IPC,,96
binary_base,chunk_3,38,KR,17.572916666666668,96
binary_base,chunk_3,38,MC,,96
binary_base,chunk_3,38,cosine_similarity,0.9999998509883881,96
binary_base,chunk_3,38,kl_to_gaussian,0.0,96
binary_base,chunk_3,38,wt_mean,0.00227304690633895,96
binary_base,chunk_3,39,GR,,96
binary_base,chunk_3,39,IPC,,96
binary_base,chunk_3,39,KR,18.46875,96
binary_base,chunk_3,39,MC,,96
binary_base,chunk_3,39,cosine_similarity,0.9999998509883881,96
binary_base,chunk_3,39,kl_to_gaussian,0.0,96
binary_base,chunk_3,39,wt_mean,0.00227304690633895,96
binary_base,chunk_4,40,GR,,96
binary_base,chunk_4,40,IPC,,96
binary_base,chunk_4,40,KR,19.708333333333332,96
binary_base,chunk_4,40,MC,,96
binary_base,chunk_4,40,cosine_similarity,0.9999998509883881,96
binary_base,chunk_4,40,kl_to_gaussian,0.0,96
binary_base,chunk_4,40,wt_mean,0.00227304690633895,96
binary_base,chunk_4,41,GR,,96
binary_base,chunk_4,41,IPC,,96
binary_base,chunk_4,41,KR,16.166666666666668,96
binary_base,chunk_4,41,MC,,96
binary_base,chunk_4,41,cosine_similarity,0.9999998509883881,96
binary_base,chunk_4,41,kl_to_gaussian,0.0,96
binary_base,chunk_4,41,wt_mean,0.00227304690633895,96
binary_base,chunk_4,42,GR,,96
binary_base,chunk_4,42,IPC,,96
binary_base,chunk_4,42,KR,20.583333333333332,96
binary_base,chunk_4,42,MC,,96
binary_base,chunk_4,42,cosine_similarity,0.9999998509883881,96
binary_base,chunk_4,42,kl_to_gaussian,0.0,96
binary_base,chunk_4,42,wt_mean,0.00227304690633895,96
binary_base,chunk_4,43,GR,,96
binary_base,chunk_4,43,IPC,,96
binary_base,chunk_4,43,KR,21.489583333333332,96
binary_base,chunk_4,43,MC,,96
binary_base,chunk_4,43,cosine_similarity,0.9999998509883881,96
binary_base,chunk_4,43,kl_to_gaussian,0.0,96
binary_base,chunk_4,43,wt_mean,0.00227304690633895,96
binary_base,chunk_4,44,GR,,96
binary_base,chunk_4,44,IPC,,96
binary_base,chunk_4,44,KR,15.75,96
binary_base,chunk_4,44,MC,,96
binary_base,chunk_4,44,cosine_similarity,0.9999998509883881,96
binary_base,chunk_4,44,kl_to_gaussian,0.0,96
binary_base,chunk_4,44,wt_mean,0.00227304690633895,96
binary_base,chunk_4,45,GR,,96
binary_base,chunk_4,45,IPC,,96
binary_base,chunk_4,45,KR,21.03125,96
binary_base,chunk_4,45,MC,,96
binary_base,chunk_4,45,cosine_similarity,0.9999998509883881,96
binary_base,chunk_4,45,kl_to_gaussian,0.0,96
binary_base,chunk_4,45,wt_mean,0.00227304690633895,96
binary_base,chunk_4,46,GR,,96
binary_base,chunk_4,46,IPC,,96
binary_base,chunk_4,46,KR,20.4375,96
binary_base,chunk_4,46,MC,,96
binary_base,chunk_4,46,cosine_similarity,0.9999998509883881,96
binary_base,chunk_4,46,kl_to_gaussian,0.0,96
binary_base,chunk_4,46,wt_mean,0.00227304690633895,96
binary_base,chunk_4,47,GR,,96
binary_base,chunk_4,47,IPC,,96
binary_base,chunk_4,47,KR,17.34375,96
binary_base,chunk_4,47,MC,,96
binary_base,chunk_4,47,cosine_similarity,0.9999998509883881,96
binary_base,chunk_4,47,kl_to_gaussian,0.0,96
binary_base,chunk_4,47,wt_mean,0.00227304690633895,96
binary_base,chunk_4,48,GR,,96
binary_base,chunk_4,48,IPC,,96
binary_base,chunk_4,48,KR,16.927083333333332,96
binary_base,chunk_4,48,MC,,96
binary_base,chunk_4,48,cosine_similarity,0.9999998509883881,96
binary_base,chunk_4,48,kl_to_gaussian,0.0,96
binary_base,chunk_4,48,wt_mean,0.00227304690633895,96
binary_base,chunk_4,49,GR,,96
binary_base,chunk_4,49,IPC,,96
binary_base,chunk_4,49,KR,18.166666666666668,96
binary_base,chunk_4,49,MC,,96
binary_base,chunk_4,49,cosine_similarity,0.9999998509883881,96
binary_base,chunk_4,49,kl_to_gaussian,0.0,96
binary_base,chunk_4,49,wt_mean,0.00227304690633895,96
binary_base,chunk_5,50,GR,,96
binary_base,chunk_5,50,IPC,,96
binary_base,chunk_5,50,KR,15.8125,96
binary_base,chunk_5,50,MC,,96
binary_base,chunk_5,50,cosine_similarity,0.9999998509883881,96
binary_base,chunk_5,50,kl_to_gaussian,0.0,96
binary_base,chunk_5,50,wt_mean,0.00227304690633895,96
binary_base,chunk_5,51,GR,,96
binary_base,chunk_5,51,IPC,,96
binary_base,chunk_5,51,KR,17.447916666666668,96
binary_base,chunk_5,51,MC,,96
binary_base,chunk_5,51,cosine_similarity,0.9999998509883881,96
binary_base,chunk_5,51,kl_to_gaussian,0.0,96
binary_base,chunk_5,51,wt_mean,0.00227304690633895,96
binary_base,chunk_5,52,GR,,96
binary_base,chunk_5,52,IPC,,96
binary_base,chunk_5,52,KR,16.541666666666668,96
binary_base,chunk_5,52,MC,,96
binary_base,chunk_5,52,cosine_similarity,0.9999998509883881,96
binary_base,chunk_5,52,kl_to_gaussian,0.0,96
binary_base,chunk_5,52,wt_mean,0.00227304690633895,96
binary_base,chunk_5,53,GR,,96
binary_base,chunk_5,53,IPC,,96
binary_base,chunk_5,53,KR,17.270833333333332,96
binary_base,chunk_5,53,MC,,96
binary_base,chunk_5,53,cosine_similarity,0.9999998509883881,96
binary_base,chunk_5,53,kl_to_gaussian,0.0,96
binary_base,chunk_5,53,wt_mean,0.00227304690633895,96
binary_base,chunk_5,54,GR,,96
binary_base,chunk_5,54,IPC,,96
binary_base,chunk_5,54,KR,16.4375,96
binary_base,chunk_5,54,MC,,96
binary_base,chunk_5,54,cosine_similarity,0.9999998509883881,96
binary_base,chunk_5,54,kl_to_gaussian,0.0,96
binary_base,chunk_5,54,wt_mean,0.00227304690633895,96
binary_base,chunk_5,55,GR,,96
binary_base,chunk_5,55,IPC,,96
binary_base,chunk_5,55,KR,21.572916666666668,96
binary_base,chunk_5,55,MC,,96
binary_base,chunk_5,55,cosine_similarity,0.9999998509883881,96
binary_base,chunk_5,55,kl_to_gaussian,0.0,96
binary_base,chunk_5,55,wt_mean,0.00227304690633895,96
binary_base,chunk_5,56,GR,,96
binary_base,chunk_5,56,IPC,,96
binary_base,chunk_5,56,KR,16.71875,96
binary_base,chunk_5,56,MC,,96
binary_base,chunk_5,56,cosine_similarity,0.9999998509883881,96
binary_base,chunk_5,56,kl_to_gaussian,0.0,96
binary_base,chunk_5,56,wt_mean,0.00227304690633895,96
binary_base,chunk_5,57,GR,,96
binary_base,chunk_5,57,IPC,,96
binary_base,chunk_5,57,KR,16.572916666666668,96
binary_base,chunk_5,57,MC,,96
binary_base,chunk_5,57,cosine_similarity,0.9999998509883881,96
binary_base,chunk_5,57,kl_to_gaussian,0.0,96
binary_base,chunk_5,57,wt_mean,0.00227304690633895,96
binary_base,chunk_5,58,GR,,96
binary_base,chunk_5,58,IPC,,96
binary_base,chunk_5,58,KR,19.291666666666668,96
binary_base,chunk_5,58,MC,,96
binary_base,chunk_5,58,cosine_similarity,0.9999998509883881,96
binary_base,chunk_5,58,kl_to_gaussian,0.0,96
binary_base,chunk_5,58,wt_mean,0.00227304690633895,96
binary_base,chunk_5,59,GR,,96
binary_base,chunk_5,59,IPC,,96
binary_base,chunk_5,59,KR,17.625,96
binary_base,chunk_5,59,MC,,96
binary_base,chunk_5,59,cosine_similarity,0.9999998509883881,96
binary_base,chunk_5,59,kl_to_gaussian,0.0,96
binary_base,chunk_5,59,wt_mean,0.00227304690633895,96
binary_base,chunk_6,60,GR,,96
binary_base,chunk_6,60,IPC,,96
binary_base,chunk_6,60,KR,18.260416666666668,96
binary_base,chunk_6,60,MC,,96
binary_base,chunk_6,60,cosine_similarity,0.9999998509883881,96
binary_base,chunk_6,60,kl_to_gaussian,0.0,96
binary_base,chunk_6,60,wt_mean,0.00227304690633895,96
binary_base,chunk_6,61,GR,,96
binary_base,chunk_6,61,IPC,,96
binary_base,chunk_6,61,KR,17.552083333333332,96
binary_base,chunk_6,61,MC,,96
binary_base,chunk_6,61,cosine_similarity,0.9999998509883881,96
binary_base,chunk_6,61,kl_to_gaussian,0.0,96
binary_base,chunk_6,61,wt_mean,0.00227304690633895,96
binary_base,chunk_6,62,GR,,96
binary_base,chunk_6,62,IPC,,96
binary_base,chunk_6,62,KR,17.552083333333332,96
binary_base,chunk_6,62,MC,,96
binary_base,chunk_6,62,cosine_similarity,0.9999998509883881,96
binary_base,chunk_6,62,kl_to_gaussian,0.0,96
binary_base,chunk_6,62,wt_mean,0.00227304690633895,96
binary_base,chunk_6,63,GR,,96
binary_base,chunk_6,63,IPC,,96
binary_base,chunk_6,63,KR,17.65625,96
binary_base,chunk_6,63,MC,,96
binary_base,chunk_6,63,cosine_similarity,0.9999998509883881,96
binary_base,chunk_6,63,kl_to_gaussian,0.0,96
binary_base,chunk_6,63,wt_mean,0.00227304690633895,96
binary_base,chunk_6,64,GR,,96
binary_base,chunk_6,64,IPC,,96
binary_base,chunk_6,64,KR,18.010416666666668,96
binary_base,chunk_6,64,MC,,96
binary_base,chunk_6,64,cosine_similarity,0.9999998509883881,96
binary_base,chunk_6,64,kl_to_gaussian,0.0,96
binary_base,chunk_6,64,wt_mean,0.00227304690633895,96
binary_base,chunk_6,65,GR,,96
binary_base,chunk_6,65,IPC,,96
binary_base,chunk_6,65,KR,17.25,96
binary_base,chunk_6,65,MC,,96
binary_base,chunk_6,65,cosine_similarity,0.9999998509883881,96
binary_base,chunk_6,65,kl_to_gaussian,0.0,96
binary_base,chunk_6,65,wt_mean,0.00227304690633895,96
binary_base,chunk_6,66,GR,,96
binary_base,chunk_6,66,IPC,,96
binary_base,chunk_6,66,KR,16.927083333333332,96
binary_base,chunk_6,66,MC,,96
binary_base,chunk_6,66,cosine_similarity,0.9999998509883881,96
binary_base,chunk_6,66,kl_to_gaussian,0.0,96
binary_base,chunk_6,66,wt_mean,0.00227304690633895,96
binary_base,chunk_6,67,GR,,96
binary_base,chunk_6,67,IPC,,96
binary_base,chunk_6,67,KR,18.4375,96
binary_base,chunk_6,67,MC,,96
binary_base,chunk_6,67,cosine_similarity,0.9999998509883881,96
binary_base,chunk_6,67,kl_to_gaussian,0.0,96
binary_base,chunk_6,67,wt_mean,0.00227304690633895,96
binary_base,chunk_6,68,GR,,96
binary_base,chunk_6,68,IPC,,96
binary_base,chunk_6,68,KR,16.166666666666668,96
binary_base,chunk_6,68,MC,,96
binary_base,chunk_6,68,cosine_similarity,0.9999998509883881,96
binary_base,chunk_6,68,kl_to_gaussian,0.0,96
binary_base,chunk_6,68,wt_mean,0.00227304690633895,96
binary_base,chunk_6,69,GR,,96
binary_base,chunk_6,69,IPC,,96
binary_base,chunk_6,69,KR,17.65625,96
binary_base,chunk_6,69,MC,,96
binary_base,chunk_6,69,cosine_similarity,0.9999998509883881,96
binary_base,chunk_6,69,kl_to_gaussian,0.0,96
binary_base,chunk_6,69,wt_mean,0.00227304690633895,96
binary_base,chunk_7,70,GR,,96
binary_base,chunk_7,70,IPC,,96
binary_base,chunk_7,70,KR,18.197916666666668,96
binary_base,chunk_7,70,MC,,96
binary_base,chunk_7,70,cosine_similarity,0.9999998509883881,96
binary_base,chunk_7,70,kl_to_gaussian,0.0,96
binary_base,chunk_7,70,wt_mean,0.00227304690633895,96
binary_base,chunk_7,71,GR,,96
binary_base,chunk_7,71,IPC,,96
binary_base,chunk_7,71,KR,17.9375,96
binary_base,chunk_7,71,MC,,96
binary_base,chunk_7,71,cosine_similarity,0.9999998509883881,96
binary_base,chunk_7,71,kl_to_gaussian,0.0,96
binary_base,chunk_7,71,wt_mean,0.00227304690633895,96
binary_base,chunk_7,72,GR,,96
binary_base,chunk_7,72,IPC,,96
binary_base,chunk_7,72,KR,16.71875,96
binary_base,chunk_7,72,MC,,96
binary_base,chunk_7,72,cosine_similarity,0.9999998509883881,96
binary_base,chunk_7,72,kl_to_gaussian,0.0,96
binary_base,chunk_7,72,wt_mean,0.00227304690633895,96
binary_base,chunk_7,73,GR,,96
binary_base,chunk_7,73,IPC,,96
binary_base,chunk_7,73,KR,16.104166666666668,96
binary_base,chunk_7,73,MC,,96
binary_base,chunk_7,73,cosine_similarity,0.9999998509883881,96
binary_base,chunk_7,73,kl_to_gaussian,0.0,96
binary_base,chunk_7,73,wt_mean,0.00227304690633895,96
binary_base,chunk_7,74,GR,,96
binary_base,chunk_7,74,IPC,,96
binary_base,chunk_7,74,KR,17.0,96
binary_base,chunk_7,74,MC,,96
binary_base,chunk_7,74,cosine_similarity,0.9999998509883881,96
binary_base,chunk_7,74,kl_to_gaussian,0.0,96
binary_base,chunk_7,74,wt_mean,0.00227304690633895,96
binary_base,chunk_7,75,GR,,96
binary_base,chunk_7,75,IPC,,96
binary_base,chunk_7,75,KR,20.322916666666668,96
binary_base,chunk_7,75,MC,,96
binary_base,chunk_7,75,cosine_similarity,0.9999998509883881,96
binary_base,chunk_7,75,kl_to_gaussian,0.0,96
binary_base,chunk_7,75,wt_mean,0.00227304690633895,96
binary_base,chunk_7,76,GR,,96
binary_base,chunk_7,76,IPC,,96
binary_base,chunk_7,76,KR,17.416666666666668,96
binary_base,chunk_7,76,MC,,96
binary_base,chunk_7,76,cosine_similarity,0.9999998509883881,96
binary_base,chunk_7,76,kl_to_gaussian,0.0,96
binary_base,chunk_7,76,wt_mean,0.00227304690633895,96
binary_base,chunk_7,77,GR,,96
binary_base,chunk_7,77,IPC,,96
binary_base,chunk_7,77,KR,19.614583333333332,96
binary_base,chunk_7,77,MC,,96
binary_base,chunk_7,77,cosine_similarity,0.9999998509883881,96
binary_base,chunk_7,77,kl_to_gaussian,0.0,96
binary_base,chunk_7,77,wt_mean,0.00227304690633895,96
binary_base,chunk_7,78,GR,,96
binary_base,chunk_7,78,IPC,,96
binary_base,chunk_7,78,KR,16.53125,96
binary_base,chunk_7,78,MC,,96
binary_base,chunk_7,78,cosine_similarity,0.9999998509883881,96
binary_base,chunk_7,78,kl_to_gaussian,0.0,96
binary_base,chunk_7,78,wt_mean,0.00227304690633895,96
binary_base,chunk_7,79,GR,,96
binary_base,chunk_7,79,IPC,,96
binary_base,chunk_7,79,KR,17.90625,96
binary_base,chunk_7,79,MC,,96
binary_base,chunk_7,79,cosine_similarity,0.9999998509883881,96
binary_base,chunk_7,79,kl_to_gaussian,0.0,96
binary_base,chunk_7,79,wt_mean,0.00227304690633895,96
binary_base,chunk_8,80,GR,,96
binary_base,chunk_8,80,IPC,,96
binary_base,chunk_8,80,KR,17.552083333333332,96
binary_base,chunk_8,80,MC,,96
binary_base,chunk_8,80,cosine_similarity,0.9999998509883881,96
binary_base,chunk_8,80,kl_to_gaussian,0.0,96
binary_base,chunk_8,80,wt_mean,0.00227304690633895,96
binary_base,chunk_8,81,GR,,96
binary_base,chunk_8,81,IPC,,96
binary_base,chunk_8,81,KR,20.09375,96
binary_base,chunk_8,81,MC,,96
binary_base,chunk_8,81,cosine_similarity,0.9999998509883881,96
binary_base,chunk_8,81,kl_to_gaussian,0.0,96
binary_base,chunk_8,81,wt_mean,0.00227304690633895,96
binary_base,chunk_8,82,GR,,96
binary_base,chunk_8,82,IPC,,96
binary_base,chunk_8,82,KR,19.0625,96
binary_base,chunk_8,82,MC,,96
binary_base,chunk_8,82,cosine_similarity,0.9999998509883881,96
binary_base,chunk_8,82,kl_to_gaussian,0.0,96
binary_base,chunk_8,82,wt_mean,0.00227304690633895,96
binary_base,chunk_8,83,GR,,96
binary_base,chunk_8,83,IPC,,96
binary_base,chunk_8,83,KR,17.71875,96
binary_base,chunk_8,83,MC,,96
binary_base,chunk_8,83,cosine_similarity,0.9999998509883881,96
binary_base,chunk_8,83,kl_to_gaussian,0.0,96
binary_base,chunk_8,83,wt_mean,0.00227304690633895,96
binary_base,chunk_8,84,GR,,96
binary_base,chunk_8,84,IPC,,96
binary_base,chunk_8,84,KR,16.166666666666668,96
binary_base,chunk_8,84,MC,,96
binary_base,chunk_8,84,cosine_similarity,0.9999998509883881,96
binary_base,chunk_8,84,kl_to_gaussian,0.0,96
binary_base,chunk_8,84,wt_mean,0.00227304690633895,96
binary_base,chunk_8,85,GR,,96
binary_base,chunk_8,85,IPC,,96
binary_base,chunk_8,85,KR,16.375,96
binary_base,chunk_8,85,MC,,96
binary_base,chunk_8,85,cosine_similarity,0.9999998509883881,96
binary_base,chunk_8,85,kl_to_gaussian,0.0,96
binary_base,chunk_8,85,wt_mean,0.00227304690633895,96
binary_base,chunk_8,86,GR,,96
binary_base,chunk_8,86,IPC,,96
binary_base,chunk_8,86,KR,16.291666666666668,96
binary_base,chunk_8,86,MC,,96
binary_base,chunk_8,86,cosine_similarity,0.9999998509883881,96
binary_base,chunk_8,86,kl_to_gaussian,0.0,96
binary_base,chunk_8,86,wt_mean,0.00227304690633895,96
binary_base,chunk_8,87,GR,,96
binary_base,chunk_8,87,IPC,,96
binary_base,chunk_8,87,KR,16.333333333333332,96
binary_base,chunk_8,87,MC,,96
binary_base,chunk_8,87,cosine_similarity,0.9999998509883881,96
binary_base,chunk_8,87,kl_to_gaussian,0.0,96
binary_base,chunk_8,87,wt_mean,0.00227304690633895,96
binary_base,chunk_8,88,GR,,96
binary_base,chunk_8,88,IPC,,96
binary_base,chunk_8,88,KR,18.177083333333332,96
binary_base,chunk_8,88,MC,,96
binary_base,chunk_8,88,cosine_similarity,0.9999998509883881,96
binary_base,chunk_8,88,kl_to_gaussian,0.0,96
binary_base,chunk_8,88,wt_mean,0.00227304690633895,96
binary_base,chunk_8,89,GR,,96
binary_base,chunk_8,89,IPC,,96
binary_base,chunk_8,89,KR,18.28125,96
binary_base,chunk_8,89,MC,,96
binary_base,chunk_8,89,cosine_similarity,0.9999998509883881,96
binary_base,chunk_8,89,kl_to_gaussian,0.0,96
binary_base,chunk_8,89,wt_mean,0.00227304690633895,96
binary_base,chunk_9,90,GR,,96
binary_base,chunk_9,90,IPC,,96
binary_base,chunk_9,90,KR,23.40625,96
binary_base,chunk_9,90,MC,,96
binary_base,chunk_9,90,cosine_similarity,0.9999998509883881,96
binary_base,chunk_9,90,kl_to_gaussian,0.0,96
binary_base,chunk_9,90,wt_mean,0.00227304690633895,96
binary_base,chunk_9,91,GR,,96
binary_base,chunk_9,91,IPC,,96
binary_base,chunk_9,91,KR,17.604166666666668,96
binary_base,chunk_9,91,MC,,96
binary_base,chunk_9,91,cosine_similarity,0.9999998509883881,96
binary_base,chunk_9,91,kl_to_gaussian,0.0,96
binary_base,chunk_9,91,wt_mean,0.00227304690633895,96
binary_base,chunk_9,92,GR,,96
binary_base,chunk_9,92,IPC,,96
binary_base,chunk_9,92,KR,16.46875,96
binary_base,chunk_9,92,MC,,96
binary_base,chunk_9,92,cosine_similarity,0.9999998509883881,96
binary_base,chunk_9,92,kl_to_gaussian,0.0,96
binary_base,chunk_9,92,wt_mean,0.00227304690633895,96
binary_base,chunk_9,93,GR,,96
binary_base,chunk_9,93,IPC,,96
binary_base,chunk_9,93,KR,18.864583333333332,96
binary_base,chunk_9,93,MC,,96
binary_base,chunk_9,93,cosine_similarity,0.9999998509883881,96
binary_base,chunk_9,93,kl_to_gaussian,0.0,96
binary_base,chunk_9,93,wt_mean,0.00227304690633895,96
binary_base,chunk_9,94,GR,,96
binary_base,chunk_9,94,IPC,,96
binary_base,chunk_9,94,KR,19.5,96
binary_base,chunk_9,94,MC,,96
binary_base,chunk_9,94,cosine_similarity,0.9999998509883881,96
binary_base,chunk_9,94,kl_to_gaussian,0.0,96
binary_base,chunk_9,94,wt_mean,0.00227304690633895,96
binary_base,chunk_9,95,GR,,96
binary_base,chunk_9,95,IPC,,96
binary_base,chunk_9,95,KR,17.40625,96
binary_base,chunk_9,95,MC,,96
binary_base,chunk_9,95,cosine_similarity,0.9999998509883881,96
binary_base,chunk_9,95,kl_to_gaussian,0.0,96
binary_base,chunk_9,95,wt_mean,0.00227304690633895,96
binary_base,chunk_9,96,GR,,96
binary_base,chunk_9,96,IPC,,96
binary_base,chunk_9,96,KR,18.46875,96
binary_base,chunk_9,96,MC,,96
binary_base,chunk_9,96,cosine_similarity,0.9999998509883881,96
binary_base,chunk_9,96,kl_to_gaussian,0.0,96
binary_base,chunk_9,96,wt_mean,0.00227304690633895,96
binary_base,chunk_9,97,GR,,96
binary_base,chunk_9,97,IPC,,96
binary_base,chunk_9,97,KR,19.416666666666668,96
binary_base,chunk_9,97,MC,,96
binary_base,chunk_9,97,cosine_similarity,0.9999998509883881,96
binary_base,chunk_9,97,kl_to_gaussian,0.0,96
binary_base,chunk_9,97,wt_mean,0.00227304690633895,96
binary_base,chunk_9,98,GR,,96
binary_base,chunk_9,98,IPC,,96
binary_base,chunk_9,98,KR,18.354166666666668,96
binary_base,chunk_9,98,MC,,96
binary_base,chunk_9,98,cosine_similarity,0.9999998509883881,96
binary_base,chunk_9,98,kl_to_gaussian,0.0,96
binary_base,chunk_9,98,wt_mean,0.00227304690633895,96
binary_base,chunk_9,99,GR,,96
binary_base,chunk_9,99,IPC,,96
binary_base,chunk_9,99,KR,19.15625,96
binary_base,chunk_9,99,MC,,96
binary_base,chunk_9,99,cosine_similarity,0.9999998509883881,96
binary_base,chunk_9,99,kl_to_gaussian,0.0,96
binary_base,chunk_9,99,wt_mean,0.00227304690633895,96
binary_base_topology_shuffle,chunk_0,0,GR,,96
binary_base_topology_shuffle,chunk_0,0,IPC,,96
binary_base_topology_shuffle,chunk_0,0,KR,17.083333333333332,96
binary_base_topology_shuffle,chunk_0,0,MC,,96
binary_base_topology_shuffle,chunk_0,0,cosine_similarity,0.05299666896462438,96
binary_base_topology_shuffle,chunk_0,0,kl_to_gaussian,0.0,96
binary_base_topology_shuffle,chunk_0,0,wt_mean,0.002244867268018375,96
binary_base_topology_shuffle,chunk_0,1,GR,,96
binary_base_topology_shuffle,chunk_0,1,IPC,,96
binary_base_topology_shuffle,chunk_0,1,KR,15.354166666666666,96
binary_base_topology_shuffle,chunk_0,1,MC,,96
binary_base_topology_shuffle,chunk_0,1,cosine_similarity,0.04994451254606239,96
binary_base_topology_shuffle,chunk_0,1,kl_to_gaussian,0.0,96
binary_base_topology_shuffle,chunk_0,1,wt_mean,0.0022538774355779748,96
binary_base_topology_shuffle,chunk_0,2,GR,,96
binary_base_topology_shuffle,chunk_0,2,IPC,,96
binary_base_topology_shuffle,chunk_0,2,KR,16.552083333333332,96
binary_base_topology_shuffle,chunk_0,2,MC,,96
binary_base_topology_shuffle,chunk_0,2,cosine_similarity,0.05160931032150982,96
binary_base_topology_shuffle,chunk_0,2,kl_to_gaussian,0.0,96
binary_base_topology_shuffle,chunk_0,2,wt_mean,0.002253213489893775,96
binary_base_topology_shuffle,chunk_0,3,GR,,96
binary_base_topology_shuffle,chunk_0,3,IPC,,96
binary_base_topology_shuffle,chunk_0,3,KR,16.479166666666668,96
binary_base_topology_shuffle,chunk_0,3,MC,,96
binary_base_topology_shuffle,chunk_0,3,cosine_similarity,0.05133185442537063,96
binary_base_topology_shuffle,chunk_0,3,kl_to_gaussian,0.0,96
binary_base_topology_shuffle,chunk_0,3,wt_mean,0.002243242925032925,96
binary_base_topology_shuffle,chunk_0,4,GR,,96
binary_base_topology_shuffle,chunk_0,4,IPC,,96
binary_base_topology_shuffle,chunk_0,4,KR,16.15625,96
binary_base_topology_shuffle,chunk_0,4,MC,,96
binary_base_topology_shuffle,chunk_0,4,cosine_similarity,0.053829082287847975,96
binary_base_topology_shuffle,chunk_0,4,kl_to_gaussian,0.0,96
binary_base_topology_shuffle,chunk_0,4,wt_mean,0.002242363552795675,96
binary_base_topology_shuffle,chunk_0,5,GR,,96
binary_base_topology_shuffle,chunk_0,5,IPC,,96
binary_base_topology_shuffle,chunk_0,5,KR,15.0,96
binary_base_topology_shuffle,chunk_0,5,MC,,96
binary_base_topology_shuffle,chunk_0,5,cosine_similarity,0.04772476013749832,96
binary_base_topology_shuffle,chunk_0,5,kl_to_gaussian,0.0,96
binary_base_topology_shuffle,chunk_0,5,wt_mean,0.0022610820597037252,96
binary_base_topology_shuffle,chunk_0,6,GR,,96
binary_base_topology_shuffle,chunk_0,6,IPC,,96
binary_base_topology_shuffle,chunk_0,6,KR,15.885416666666666,96
binary_base_topology_shuffle,chunk_0,6,MC,,96
binary_base_topology_shuffle,chunk_0,6,cosine_similarity,0.049389563500881146,96
binary_base_topology_shuffle,chunk_0,6,kl_to_gaussian,0.0,96
binary_base_topology_shuffle,chunk_0,6,wt_mean,0.0022378755093086,96
binary_base_topology_shuffle,chunk_0,7,GR,,96
binary_base_topology_shuffle,chunk_0,7,IPC,,96
binary_base_topology_shuffle,chunk_0,7,KR,17.291666666666668,96
binary_base_topology_shuffle,chunk_0,7,MC,,96
binary_base_topology_shuffle,chunk_0,7,cosine_similarity,0.04744727723300455,96
binary_base_topology_shuffle,chunk_0,7,kl_to_gaussian,0.0,96
binary_base_topology_shuffle,chunk_0,7,wt_mean,0.002266430499730575,96
binary_base_topology_shuffle,chunk_0,8,GR,,96
binary_base_topology_shuffle,chunk_0,8,IPC,,96
binary_base_topology_shuffle,chunk_0,8,KR,15.177083333333334,96
binary_base_topology_shuffle,chunk_0,8,MC,,96
binary_base_topology_shuffle,chunk_0,8,cosine_similarity,0.049389576539397205,96
binary_base_topology_shuffle,chunk_0,8,kl_to_gaussian,0.0,96
binary_base_topology_shuffle,chunk_0,8,wt_mean,0.002263005881104575,96
binary_base_topology_shuffle,chunk_0,9,GR,,96
binary_base_topology_shuffle,chunk_0,9,IPC,,96
binary_base_topology_shuffle,chunk_0,9,KR,14.760416666666666,96
binary_base_topology_shuffle,chunk_0,9,MC,,96
binary_base_topology_shuffle,chunk_0,9,cosine_similarity,0.050221977755427354,96
binary_base_topology_shuffle,chunk_0,9,kl_to_gaussian,0.0,96
binary_base_topology_shuffle,chunk_0,9,wt_mean,0.0022171409800648,96
binary_base_topology_shuffle,chunk_1,10,GR,,96
binary_base_topology_shuffle,chunk_1,10,IPC,,96
binary_base_topology_shuffle,chunk_1,10,KR,15.364583333333334,96
binary_base_topology_shuffle,chunk_1,10,MC,,96
binary_base_topology_shuffle,chunk_1,10,cosine_similarity,0.05521642696112392,96
binary_base_topology_shuffle,chunk_1,10,kl_to_gaussian,0.0,96
binary_base_topology_shuffle,chunk_1,10,wt_mean,0.002244231844087975,96
binary_base_topology_shuffle,chunk_1,11,GR,,96
binary_base_topology_shuffle,chunk_1,11,IPC,,96
binary_base_topology_shuffle,chunk_1,11,KR,15.229166666666666,96
binary_base_topology_shuffle,chunk_1,11,MC,,96
binary_base_topology_shuffle,chunk_1,11,cosine_similarity,0.0416204202920198,96
binary_base_topology_shuffle,chunk_1,11,kl_to_gaussian,0.0,96
binary_base_topology_shuffle,chunk_1,11,wt_mean,0.002270639583002725,96
binary_base_topology_shuffle,chunk_1,12,GR,,96
binary_base_topology_shuffle,chunk_1,12,IPC,,96
binary_base_topology_shuffle,chunk_1,12,KR,19.260416666666668,96
binary_base_topology_shuffle,chunk_1,12,MC,,96
binary_base_topology_shuffle,chunk_1,12,cosine_similarity,0.052164266817271626,96
binary_base_topology_shuffle,chunk_1,12,kl_to_gaussian,0.0,96
binary_base_topology_shuffle,chunk_1,12,wt_mean,0.002218843379523575,96
binary_base_topology_shuffle,chunk_1,13,GR,,96
binary_base_topology_shuffle,chunk_1,13,IPC,,96
binary_base_topology_shuffle,chunk_1,13,KR,18.6875,96
binary_base_topology_shuffle,chunk_1,13,MC,,96
binary_base_topology_shuffle,chunk_1,13,cosine_similarity,0.05271921027451748,96
binary_base_topology_shuffle,chunk_1,13,kl_to_gaussian,0.0,96
binary_base_topology_shuffle,chunk_1,13,wt_mean,0.002229061239631825,96
binary_base_topology_shuffle,chunk_1,14,GR,,96
binary_base_topology_shuffle,chunk_1,14,IPC,,96
binary_base_topology_shuffle,chunk_1,14,KR,15.010416666666666,96
binary_base_topology_shuffle,chunk_1,14,MC,,96
binary_base_topology_shuffle,chunk_1,14,cosine_similarity,0.04938957002013914,96
binary_base_topology_shuffle,chunk_1,14,kl_to_gaussian,0.0,96
binary_base_topology_shuffle,chunk_1,14,wt_mean,0.002216284541645975,96
binary_base_topology_shuffle,chunk_1,15,GR,,96
binary_base_topology_shuffle,chunk_1,15,IPC,,96
binary_base_topology_shuffle,chunk_1,15,KR,15.0625,96
binary_base_topology_shuffle,chunk_1,15,MC,,96
binary_base_topology_shuffle,chunk_1,15,cosine_similarity,0.061043292284011806,96
binary_base_topology_shuffle,chunk_1,15,kl_to_gaussian,0.0,96
binary_base_topology_shuffle,chunk_1,15,wt_mean,0.0022231214970815497,96
binary_base_topology_shuffle,chunk_1,16,GR,,96
binary_base_topology_shuffle,chunk_1,16,IPC,,96
binary_base_topology_shuffle,chunk_1,16,KR,19.96875,96
binary_base_topology_shuffle,chunk_1,16,MC,,96
binary_base_topology_shuffle,chunk_1,16,cosine_similarity,0.048279694281518425,96
binary_base_topology_shuffle,chunk_1,16,kl_to_gaussian,0.0,96
binary_base_topology_shuffle,chunk_1,16,wt_mean,0.002253397658932925,96
binary_base_topology_shuffle,chunk_1,17,GR,,96
binary_base_topology_shuffle,chunk_1,17,IPC,,96
binary_base_topology_shuffle,chunk_1,17,KR,16.583333333333332,96
binary_base_topology_shuffle,chunk_1,17,MC,,96
binary_base_topology_shuffle,chunk_1,17,cosine_similarity,0.0496670268476009,96
binary_base_topology_shuffle,chunk_1,17,kl_to_gaussian,0.0,96
binary_base_topology_shuffle,chunk_1,17,wt_mean,0.0022513568110297997,96
binary_base_topology_shuffle,chunk_1,18,GR,,96
binary_base_topology_shuffle,chunk_1,18,IPC,,96
binary_base_topology_shuffle,chunk_1,18,KR,18.5625,96
binary_base_topology_shuffle,chunk_1,18,MC,,96
binary_base_topology_shuffle,chunk_1,18,cosine_similarity,0.05299666896462438,96
binary_base_topology_shuffle,chunk_1,18,kl_to_gaussian,0.0,96
binary_base_topology_shuffle,chunk_1,18,wt_mean,0.002248063974548075,96
binary_base_topology_shuffle,chunk_1,19,GR,,96
binary_base_topology_shuffle,chunk_1,19,IPC,,96
binary_base_topology_shuffle,chunk_1,19,KR,18.020833333333332,96
binary_base_topology_shuffle,chunk_1,19,MC,,96
binary_base_topology_shuffle,chunk_1,19,cosine_similarity,0.05049944389611477,96
binary_base_topology_shuffle,chunk_1,19,kl_to_gaussian,0.0,96
binary_base_topology_shuffle,chunk_1,19,wt_mean,0.00225790860713455,96
binary_base_topology_shuffle,chunk_10,100,GR,,96
binary_base_topology_shuffle,chunk_10,100,IPC,,96
binary_base_topology_shuffle,chunk_10,100,KR,18.291666666666668,96
binary_base_topology_shuffle,chunk_10,100,MC,,96
binary_base_topology_shuffle,chunk_10,100,cosine_similarity,0.04273030068725343,96
binary_base_topology_shuffle,chunk_10,100,kl_to_gaussian,0.0,96
binary_base_topology_shuffle,chunk_10,100,wt_mean,0.002249629702419,96
binary_base_topology_shuffle,chunk_10,101,GR,,96
binary_base_topology_shuffle,chunk_10,101,IPC,,96
binary_base_topology_shuffle,chunk_10,101,KR,18.354166666666668,96
binary_base_topology_shuffle,chunk_10,101,MC,,96
binary_base_topology_shuffle,chunk_10,101,cosine_similarity,0.048834623768925646,96
binary_base_topology_shuffle,chunk_10,101,kl_to_gaussian,0.0,96
binary_base_topology_shuffle,chunk_10,101,wt_mean,0.002272515092045025,96
binary_base_topology_shuffle,chunk_10,102,GR,,96
binary_base_topology_shuffle,chunk_10,102,IPC,,96
binary_base_topology_shuffle,chunk_10,102,KR,18.291666666666668,96
binary_base_topology_shuffle,chunk_10,102,MC,,96
binary_base_topology_shuffle,chunk_10,102,cosine_similarity,0.0524417348206043,96
binary_base_topology_shuffle,chunk_10,102,kl_to_gaussian,0.0,96
binary_base_topology_shuffle,chunk_10,102,wt_mean,0.002251364261610375,96
binary_base_topology_shuffle,chunk_10,103,GR,,96
binary_base_topology_shuffle,chunk_10,103,IPC,,96
binary_base_topology_shuffle,chunk_10,103,KR,18.427083333333332,96
binary_base_topology_shuffle,chunk_10,103,MC,,96
binary_base_topology_shuffle,chunk_10,103,cosine_similarity,0.04883461911231277,96
binary_base_topology_shuffle,chunk_10,103,kl_to_gaussian,0.0,96
binary_base_topology_shuffle,chunk_10,103,wt_mean,0.002242635964648725,96
binary_base_topology_shuffle,chunk_10,104,GR,,96
binary_base_topology_shuffle,chunk_10,104,IPC,,96
binary_base_topology_shuffle,chunk_10,104,KR,17.447916666666668,96
binary_base_topology_shuffle,chunk_10,104,MC,,96
binary_base_topology_shuffle,chunk_10,104,cosine_similarity,0.04938956815749398,96
binary_base_topology_shuffle,chunk_10,104,kl_to_gaussian,0.0,96
binary_base_topology_shuffle,chunk_10,104,wt_mean,0.002237751410575525,96
binary_base_topology_shuffle,chunk_10,105,GR,,96
binary_base_topology_shuffle,chunk_10,105,IPC,,96
binary_base_topology_shuffle,chunk_10,105,KR,16.8125,96
binary_base_topology_shuffle,chunk_10,105,MC,,96
binary_base_topology_shuffle,chunk_10,105,cosine_similarity,0.04938955791294573,96
binary_base_topology_shuffle,chunk_10,105,kl_to_gaussian,0.0,96
binary_base_topology_shuffle,chunk_10,105,wt_mean,0.0022676525986753,96
binary_base_topology_shuffle,chunk_10,106,GR,,96
binary_base_topology_shuffle,chunk_10,106,IPC,,96
binary_base_topology_shuffle,chunk_10,106,KR,15.916666666666666,96
binary_base_topology_shuffle,chunk_10,106,MC,,96
binary_base_topology_shuffle,chunk_10,106,cosine_similarity,0.0499444976449012,96
binary_base_topology_shuffle,chunk_10,106,kl_to_gaussian,0.0,96
binary_base_topology_shuffle,chunk_10,106,wt_mean,0.00225089868763455,96
binary_base_topology_shuffle,chunk_10,107,GR,,96
binary_base_topology_shuffle,chunk_10,107,IPC,,96
binary_base_topology_shuffle,chunk_10,107,KR,19.302083333333332,96
binary_base_topology_shuffle,chunk_10,107,MC,,96
binary_base_topology_shuffle,chunk_10,107,cosine_similarity,0.052719204686582026,96
binary_base_topology_shuffle,chunk_10,107,kl_to_gaussian,0.0,96
binary_base_topology_shuffle,chunk_10,107,wt_mean,0.00224147186963815,96
binary_base_topology_shuffle,chunk_10,108,GR,,96
binary_base_topology_shuffle,chunk_10,108,IPC,,96
binary_base_topology_shuffle,chunk_10,108,KR,15.041666666666666,96
binary_base_topology_shuffle,chunk_10,108,MC,,96
binary_base_topology_shuffle,chunk_10,108,cosine_similarity,0.048557171598076744,96
binary_base_topology_shuffle,chunk_10,108,kl_to_gaussian,0.0,96
binary_base_topology_shuffle,chunk_10,108,wt_mean,0.00224930208059955,96
binary_base_topology_shuffle,chunk_10,109,GR,,96
binary_base_topology_shuffle,chunk_10,109,IPC,,96
binary_base_topology_shuffle,chunk_10,109,KR,16.260416666666668,96
binary_base_topology_shuffle,chunk_10,109,MC,,96
binary_base_topology_shuffle,chunk_10,109,cosine_similarity,0.042452837340533726,96
binary_base_topology_shuffle,chunk_10,109,kl_to_gaussian,0.0,96
binary_base_topology_shuffle,chunk_10,109,wt_mean,0.0022484417422674,96
binary_base_topology_shuffle,chunk_11,110,GR,,96
binary_base_topology_shuffle,chunk_11,110,IPC,,96
binary_base_topology_shuffle,chunk_11,110,KR,15.96875,96
binary_base_topology_shuffle,chunk_11,110,MC,,96
binary_base_topology_shuffle,chunk_11,110,cosine_similarity,0.05216426774859423,96
binary_base_topology_shuffle,chunk_11,110,kl_to_gaussian,0.0,96
binary_base_topology_shuffle,chunk_11,110,wt_mean,0.00223923227167685,96
binary_base_topology_shuffle,chunk_11,111,GR,,96
binary_base_topology_shuffle,chunk_11,111,IPC,,96
binary_base_topology_shuffle,chunk_11,111,KR,16.5625,96
binary_base_topology_shuffle,chunk_11,111,MC,,96
binary_base_topology_shuffle,chunk_11,111,cosine_similarity,0.054661475121974896,96
binary_base_topology_shuffle,chunk_11,111,kl_to_gaussian,0.0,96
binary_base_topology_shuffle,chunk_11,111,wt_mean,0.0022595246846321498,96
binary_base_topology_shuffle,chunk_11,112,GR,,96
binary_base_topology_shuffle,chunk_11,112,IPC,,96
binary_base_topology_shuffle,chunk_11,112,KR,18.375,96
binary_base_topology_shuffle,chunk_11,112,MC,,96
binary_base_topology_shuffle,chunk_11,112,cosine_similarity,0.0493895625695586,96
binary_base_topology_shuffle,chunk_11,112,kl_to_gaussian,0.0,96
binary_base_topology_shuffle,chunk_11,112,wt_mean,0.0022462289198301503,96
binary_base_topology_shuffle,chunk_11,113,GR,,96
binary_base_topology_shuffle,chunk_11,113,IPC,,96
binary_base_topology_shuffle,chunk_11,113,KR,14.916666666666666,96
binary_base_topology_shuffle,chunk_11,113,MC,,96
binary_base_topology_shuffle,chunk_11,113,cosine_similarity,0.04716981388628475,96
binary_base_topology_shuffle,chunk_11,113,kl_to_gaussian,0.0,96
binary_base_topology_shuffle,chunk_11,113,wt_mean,0.0022213540214579,96
binary_base_topology_shuffle,chunk_11,114,GR,,96
binary_base_topology_shuffle,chunk_11,114,IPC,,96
binary_base_topology_shuffle,chunk_11,114,KR,14.947916666666666,96
binary_base_topology_shuffle,chunk_11,114,MC,,96
binary_base_topology_shuffle,chunk_11,114,cosine_similarity,0.04827968962490555,96
binary_base_topology_shuffle,chunk_11,114,kl_to_gaussian,0.0,96
binary_base_topology_shuffle,chunk_11,114,wt_mean,0.0022484268993139002,96
binary_base_topology_shuffle,chunk_11,115,GR,,96
binary_base_topology_shuffle,chunk_11,115,IPC,,96
binary_base_topology_shuffle,chunk_11,115,KR,18.65625,96
binary_base_topology_shuffle,chunk_11,115,MC,,96
binary_base_topology_shuffle,chunk_11,115,cosine_similarity,0.05299667175859207,96
binary_base_topology_shuffle,chunk_11,115,kl_to_gaussian,0.0,96
binary_base_topology_shuffle,chunk_11,115,wt_mean,0.0022536668402608003,96
binary_base_topology_shuffle,chunk_11,116,GR,,96
binary_base_topology_shuffle,chunk_11,116,IPC,,96
binary_base_topology_shuffle,chunk_11,116,KR,16.864583333333332,96
binary_base_topology_shuffle,chunk_11,116,MC,,96
binary_base_topology_shuffle,chunk_11,116,cosine_similarity,0.052996676415204974,96
binary_base_topology_shuffle,chunk_11,116,kl_to_gaussian,0.0,96
binary_base_topology_shuffle,chunk_11,116,wt_mean,0.0022360972652677,96
binary_base_topology_shuffle,chunk_11,117,GR,,96
binary_base_topology_shuffle,chunk_11,117,IPC,,96
binary_base_topology_shuffle,chunk_11,117,KR,16.916666666666668,96
binary_base_topology_shuffle,chunk_11,117,MC,,96
binary_base_topology_shuffle,chunk_11,117,cosine_similarity,0.04883463121950624,96
binary_base_topology_shuffle,chunk_11,117,kl_to_gaussian,0.0,96
binary_base_topology_shuffle,chunk_11,117,wt_mean,0.00221932536805975,96
binary_base_topology_shuffle,chunk_11,118,GR,,96
binary_base_topology_shuffle,chunk_11,118,IPC,,96
binary_base_topology_shuffle,chunk_11,118,KR,15.489583333333334,96
binary_base_topology_shuffle,chunk_11,118,MC,,96
binary_base_topology_shuffle,chunk_11,118,cosine_similarity,0.051331849768757744,96
binary_base_topology_shuffle,chunk_11,118,kl_to_gaussian,0.0,96
binary_base_topology_shuffle,chunk_11,118,wt_mean,0.002272094396175775,96
binary_base_topology_shuffle,chunk_11,119,GR,,96
binary_base_topology_shuffle,chunk_11,119,IPC,,96
binary_base_topology_shuffle,chunk_11,119,KR,16.59375,96
binary_base_topology_shuffle,chunk_11,119,MC,,96
binary_base_topology_shuffle,chunk_11,119,cosine_similarity,0.051054385490715476,96
binary_base_topology_shuffle,chunk_11,119,kl_to_gaussian,0.0,96
binary_base_topology_shuffle,chunk_11,119,wt_mean,0.002269394375616625,96
binary_base_topology_shuffle,chunk_12,120,GR,,96
binary_base_topology_shuffle,chunk_12,120,IPC,,96
binary_base_topology_shuffle,chunk_12,120,KR,14.916666666666666,96
binary_base_topology_shuffle,chunk_12,120,MC,,96
binary_base_topology_shuffle,chunk_12,120,cosine_similarity,0.043840182013809674,96
binary_base_topology_shuffle,chunk_12,120,kl_to_gaussian,0.0,96
binary_base_topology_shuffle,chunk_12,120,wt_mean,0.002256222360301725,96
binary_base_topology_shuffle,chunk_12,121,GR,,96
binary_base_topology_shuffle,chunk_12,121,IPC,,96
binary_base_topology_shuffle,chunk_12,121,KR,18.5,96
binary_base_topology_shuffle,chunk_12,121,MC,,96
binary_base_topology_shuffle,chunk_12,121,cosine_similarity,0.0477247536182403,96
binary_base_topology_shuffle,chunk_12,121,kl_to_gaussian,0.0,96
binary_base_topology_shuffle,chunk_12,121,wt_mean,0.0022569807770195997,96
binary_base_topology_shuffle,chunk_12,122,GR,,96
binary_base_topology_shuffle,chunk_12,122,IPC,,96
binary_base_topology_shuffle,chunk_12,122,KR,15.03125,96
binary_base_topology_shuffle,chunk_12,122,MC,,96
binary_base_topology_shuffle,chunk_12,122,cosine_similarity,0.05022197868674993,96
binary_base_topology_shuffle,chunk_12,122,kl_to_gaussian,0.0,96
binary_base_topology_shuffle,chunk_12,122,wt_mean,0.0022317546245176003,96
binary_base_topology_shuffle,chunk_12,123,GR,,96
binary_base_topology_shuffle,chunk_12,123,IPC,,96
binary_base_topology_shuffle,chunk_12,123,KR,15.34375,96
binary_base_topology_shuffle,chunk_12,123,MC,,96
binary_base_topology_shuffle,chunk_12,123,cosine_similarity,0.0460599437355995,96
binary_base_topology_shuffle,chunk_12,123,kl_to_gaussian,0.0,96
binary_base_topology_shuffle,chunk_12,123,wt_mean,0.00226924559683535,96
binary_base_topology_shuffle,chunk_12,124,GR,,96
binary_base_topology_shuffle,chunk_12,124,IPC,,96
binary_base_topology_shuffle,chunk_12,124,KR,15.5625,96
binary_base_topology_shuffle,chunk_12,124,MC,,96
binary_base_topology_shuffle,chunk_12,124,cosine_similarity,0.049389571882784304,96
binary_base_topology_shuffle,chunk_12,124,kl_to_gaussian,0.0,96
binary_base_topology_shuffle,chunk_12,124,wt_mean,0.002229004574473875,96
binary_base_topology_shuffle,chunk_12,125,GR,,96
binary_base_topology_shuffle,chunk_12,125,IPC,,96
binary_base_topology_shuffle,chunk_12,125,KR,15.71875,96
binary_base_topology_shuffle,chunk_12,125,MC,,96
binary_base_topology_shuffle,chunk_12,125,cosine_similarity,0.0485571473836898,96
binary_base_topology_shuffle,chunk_12,125,kl_to_gaussian,0.0,96
binary_base_topology_shuffle,chunk_12,125,wt_mean,0.002249034820124475,96
binary_base_topology_shuffle,chunk_12,126,GR,,96
binary_base_topology_shuffle,chunk_12,126,IPC,,96
binary_base_topology_shuffle,chunk_12,126,KR,18.229166666666668,96
binary_base_topology_shuffle,chunk_12,126,MC,,96
binary_base_topology_shuffle,chunk_12,126,cosine_similarity,0.042175353504717274,96
binary_base_topology_shuffle,chunk_12,126,kl_to_gaussian,0.0,96
binary_base_topology_shuffle,chunk_12,126,wt_mean,0.0022345736215356247,96
binary_base_topology_shuffle,chunk_12,127,GR,,96
binary_base_topology_shuffle,chunk_12,127,IPC,,96
binary_base_topology_shuffle,chunk_12,127,KR,15.21875,96
binary_base_topology_shuffle,chunk_12,127,MC,,96
binary_base_topology_shuffle,chunk_12,127,cosine_similarity,0.05049944855272765,96
binary_base_topology_shuffle,chunk_12,127,kl_to_gaussian,0.0,96
binary_base_topology_shuffle,chunk_12,127,wt_mean,0.002220468217274125,96
binary_base_topology_shuffle,chunk_12,128,GR,,96
binary_base_topology_shuffle,chunk_12,128,IPC,,96
binary_base_topology_shuffle,chunk_12,128,KR,16.53125,96
binary_base_topology_shuffle,chunk_12,128,MC,,96
binary_base_topology_shuffle,chunk_12,128,cosine_similarity,0.051609316840767853,96
binary_base_topology_shuffle,chunk_12,128,kl_to_gaussian,0.0,96
binary_base_topology_shuffle,chunk_12,128,wt_mean,0.00221863199840295,96
binary_base_topology_shuffle,chunk_12,129,GR,,96
binary_base_topology_shuffle,chunk_12,129,IPC,,96
binary_base_topology_shuffle,chunk_12,129,KR,18.322916666666668,96
binary_base_topology_shuffle,chunk_12,129,MC,,96
binary_base_topology_shuffle,chunk_12,129,cosine_similarity,0.045504993759095634,96
binary_base_topology_shuffle,chunk_12,129,kl_to_gaussian,0.0,96
binary_base_topology_shuffle,chunk_12,129,wt_mean,0.002239869878394475,96
binary_base_topology_shuffle,chunk_13,130,GR,,96
binary_base_topology_shuffle,chunk_13,130,IPC,,96
binary_base_topology_shuffle,chunk_13,130,KR,15.75,96
binary_base_topology_shuffle,chunk_13,130,MC,,96
binary_base_topology_shuffle,chunk_13,130,cosine_similarity,0.04550499655306336,96
binary_base_topology_shuffle,chunk_13,130,kl_to_gaussian,0.0,96
binary_base_topology_shuffle,chunk_13,130,wt_mean,0.0022214945056475252,96
binary_base_topology_shuffle,chunk_13,131,GR,,96
binary_base_topology_shuffle,chunk_13,131,IPC,,96
binary_base_topology_shuffle,chunk_13,131,KR,16.947916666666668,96
binary_base_topology_shuffle,chunk_13,131,MC,,96
binary_base_topology_shuffle,chunk_13,131,cosine_similarity,0.0468923524022102,96
binary_base_topology_shuffle,chunk_13,131,kl_to_gaussian,0.0,96
binary_base_topology_shuffle,chunk_13,131,wt_mean,0.002239109220681675,96
binary_base_topology_shuffle,chunk_13,132,GR,,96
binary_base_topology_shuffle,chunk_13,132,IPC,,96
binary_base_topology_shuffle,chunk_13,132,KR,16.677083333333332,96
binary_base_topology_shuffle,chunk_13,132,MC,,96
binary_base_topology_shuffle,chunk_13,132,cosine_similarity,0.051886798813939046,96
binary_base_topology_shuffle,chunk_13,132,kl_to_gaussian,0.0,96
binary_base_topology_shuffle,chunk_13,132,wt_mean,0.002242652466520625,96
binary_base_topology_shuffle,chunk_13,133,GR,,96
binary_base_topology_shuffle,chunk_13,133,IPC,,96
binary_base_topology_shuffle,chunk_13,133,KR,17.520833333333332,96
binary_base_topology_shuffle,chunk_13,133,MC,,96
binary_base_topology_shuffle,chunk_13,133,cosine_similarity,0.0521642565727233,96
binary_base_topology_shuffle,chunk_13,133,kl_to_gaussian,0.0,96
binary_base_topology_shuffle,chunk_13,133,wt_mean,0.0022450627875514003,96
binary_base_topology_shuffle,chunk_13,134,GR,,96
binary_base_topology_shuffle,chunk_13,134,IPC,,96
binary_base_topology_shuffle,chunk_13,134,KR,20.1875,96
binary_base_topology_shuffle,chunk_13,134,MC,,96
binary_base_topology_shuffle,chunk_13,134,cosine_similarity,0.04855716321617357,96
binary_base_topology_shuffle,chunk_13,134,kl_to_gaussian,0.0,96
binary_base_topology_shuffle,chunk_13,134,wt_mean,0.002251523750601275,96
binary_base_topology_shuffle,chunk_13,135,GR,,96
binary_base_topology_shuffle,chunk_13,135,IPC,,96
binary_base_topology_shuffle,chunk_13,135,KR,15.635416666666666,96
binary_base_topology_shuffle,chunk_13,135,MC,,96
binary_base_topology_shuffle,chunk_13,135,cosine_similarity,0.0452275304123759,96
binary_base_topology_shuffle,chunk_13,135,kl_to_gaussian,0.0,96
binary_base_topology_shuffle,chunk_13,135,wt_mean,0.002259572444017925,96
binary_base_topology_shuffle,chunk_13,136,GR,,96
binary_base_topology_shuffle,chunk_13,136,IPC,,96
binary_base_topology_shuffle,chunk_13,136,KR,15.21875,96
binary_base_topology_shuffle,chunk_13,136,MC,,96
binary_base_topology_shuffle,chunk_13,136,cosine_similarity,0.050776902586221646,96
binary_base_topology_shuffle,chunk_13,136,kl_to_gaussian,0.0,96
binary_base_topology_shuffle,chunk_13,136,wt_mean,0.002243935450678625,96
binary_base_topology_shuffle,chunk_13,137,GR,,96
binary_base_topology_shuffle,chunk_13,137,IPC,,96
binary_base_topology_shuffle,chunk_13,137,KR,15.75,96
binary_base_topology_shuffle,chunk_13,137,MC,,96
binary_base_topology_shuffle,chunk_13,137,cosine_similarity,0.05216425005346532,96
binary_base_topology_shuffle,chunk_13,137,kl_to_gaussian,0.0,96
binary_base_topology_shuffle,chunk_13,137,wt_mean,0.0022743449080734747,96
binary_base_topology_shuffle,chunk_13,138,GR,,96
binary_base_topology_shuffle,chunk_13,138,IPC,,96
binary_base_topology_shuffle,chunk_13,138,KR,20.15625,96
binary_base_topology_shuffle,chunk_13,138,MC,,96
binary_base_topology_shuffle,chunk_13,138,cosine_similarity,0.050776917487382806,96
binary_base_topology_shuffle,chunk_13,138,kl_to_gaussian,0.0,96
binary_base_topology_shuffle,chunk_13,138,wt_mean,0.002237271401099825,96
binary_base_topology_shuffle,chunk_13,139,GR,,96
binary_base_topology_shuffle,chunk_13,139,IPC,,96
binary_base_topology_shuffle,chunk_13,139,KR,15.708333333333334,96
binary_base_topology_shuffle,chunk_13,139,MC,,96
binary_base_topology_shuffle,chunk_13,139,cosine_similarity,0.052719185128807945,96
binary_base_topology_shuffle,chunk_13,139,kl_to_gaussian,0.0,96
binary_base_topology_shuffle,chunk_13,139,wt_mean,0.002237599226646075,96
binary_base_topology_shuffle,chunk_14,140,GR,,96
binary_base_topology_shuffle,chunk_14,140,IPC,,96
binary_base_topology_shuffle,chunk_14,140,KR,16.833333333333332,96
binary_base_topology_shuffle,chunk_14,140,MC,,96
binary_base_topology_shuffle,chunk_14,140,cosine_similarity,0.053551594726741224,96
binary_base_topology_shuffle,chunk_14,140,kl_to_gaussian,0.0,96
binary_base_topology_shuffle,chunk_14,140,wt_mean,0.0022501827334053498,96
binary_base_topology_shuffle,chunk_14,141,GR,,96
binary_base_topology_shuffle,chunk_14,141,IPC,,96
binary_base_topology_shuffle,chunk_14,141,KR,14.270833333333334,96
binary_base_topology_shuffle,chunk_14,141,MC,,96
binary_base_topology_shuffle,chunk_14,141,cosine_similarity,0.05993340071290725,96
binary_base_topology_shuffle,chunk_14,141,kl_to_gaussian,0.0,96
binary_base_topology_shuffle,chunk_14,141,wt_mean,0.002234782092273175,96
binary_base_topology_shuffle,chunk_14,142,GR,,96
binary_base_topology_shuffle,chunk_14,142,IPC,,96
binary_base_topology_shuffle,chunk_14,142,KR,15.46875,96
binary_base_topology_shuffle,chunk_14,142,MC,,96
binary_base_topology_shuffle,chunk_14,142,cosine_similarity,0.04689233098179097,96
binary_base_topology_shuffle,chunk_14,142,kl_to_gaussian,0.0,96
binary_base_topology_shuffle,chunk_14,142,wt_mean,0.0022302254510577248,96
binary_base_topology_shuffle,chunk_14,143,GR,,96
binary_base_topology_shuffle,chunk_14,143,IPC,,96
binary_base_topology_shuffle,chunk_14,143,KR,19.197916666666668,96
binary_base_topology_shuffle,chunk_14,143,MC,,96
binary_base_topology_shuffle,chunk_14,143,cosine_similarity,0.0529966708272695,96
binary_base_topology_shuffle,chunk_14,143,kl_to_gaussian,0.0,96
binary_base_topology_shuffle,chunk_14,143,wt_mean,0.002240237168734825,96
binary_base_topology_shuffle,chunk_14,144,GR,,96
binary_base_topology_shuffle,chunk_14,144,IPC,,96
binary_base_topology_shuffle,chunk_14,144,KR,15.479166666666666,96
binary_base_topology_shuffle,chunk_14,144,MC,,96
binary_base_topology_shuffle,chunk_14,144,cosine_similarity,0.04300777148455375,96
binary_base_topology_shuffle,chunk_14,144,kl_to_gaussian,0.0,96
binary_base_topology_shuffle,chunk_14,144,wt_mean,0.0022669870231765746,96
binary_base_topology_shuffle,chunk_14,145,GR,,96
binary_base_topology_shuffle,chunk_14,145,IPC,,96
binary_base_topology_shuffle,chunk_14,145,KR,17.375,96
binary_base_topology_shuffle,chunk_14,145,MC,,96
binary_base_topology_shuffle,chunk_14,145,cosine_similarity,0.04994451720267528,96
binary_base_topology_shuffle,chunk_14,145,kl_to_gaussian,0.0,96
binary_base_topology_shuffle,chunk_14,145,wt_mean,0.0022424486232921,96
binary_base_topology_shuffle,chunk_14,146,GR,,96
binary_base_topology_shuffle,chunk_14,146,IPC,,96
binary_base_topology_shuffle,chunk_14,146,KR,15.833333333333334,96
binary_base_topology_shuffle,chunk_14,146,MC,,96
binary_base_topology_shuffle,chunk_14,146,cosine_similarity,0.0449500568211078,96
binary_base_topology_shuffle,chunk_14,146,kl_to_gaussian,0.0,96
binary_base_topology_shuffle,chunk_14,146,wt_mean,0.002287344977958075,96
binary_base_topology_shuffle,chunk_14,147,GR,,96
binary_base_topology_shuffle,chunk_14,147,IPC,,96
binary_base_topology_shuffle,chunk_14,147,KR,16.916666666666668,96
binary_base_topology_shuffle,chunk_14,147,MC,,96
binary_base_topology_shuffle,chunk_14,147,cosine_similarity,0.049112097360193674,96
binary_base_topology_shuffle,chunk_14,147,kl_to_gaussian,0.0,96
binary_base_topology_shuffle,chunk_14,147,wt_mean,0.00226116209523745,96
binary_base_topology_shuffle,chunk_14,148,GR,,96
binary_base_topology_shuffle,chunk_14,148,IPC,,96
binary_base_topology_shuffle,chunk_14,148,KR,15.625,96
binary_base_topology_shuffle,chunk_14,148,MC,,96
binary_base_topology_shuffle,chunk_14,148,cosine_similarity,0.05244172550737855,96
binary_base_topology_shuffle,chunk_14,148,kl_to_gaussian,0.0,96
binary_base_topology_shuffle,chunk_14,148,wt_mean,0.002222187118604725,96
binary_base_topology_shuffle,chunk_14,149,GR,,96
binary_base_topology_shuffle,chunk_14,149,IPC,,96
binary_base_topology_shuffle,chunk_14,149,KR,14.177083333333334,96
binary_base_topology_shuffle,chunk_14,149,MC,,96
binary_base_topology_shuffle,chunk_14,149,cosine_similarity,0.04911208804696793,96
binary_base_topology_shuffle,chunk_14,149,kl_to_gaussian,0.0,96
binary_base_topology_shuffle,chunk_14,149,wt_mean,0.0022369363286997503,96
binary_base_topology_shuffle,chunk_15,150,GR,,96
binary_base_topology_shuffle,chunk_15,150,IPC,,96
binary_base_topology_shuffle,chunk_15,150,KR,19.4375,96
binary_base_topology_shuffle,chunk_15,150,MC,,96
binary_base_topology_shuffle,chunk_15,150,cosine_similarity,0.0513318367302417,96
binary_base_topology_shuffle,chunk_15,150,kl_to_gaussian,0.0,96
binary_base_topology_shuffle,chunk_15,150,wt_mean,0.0022505447850562003,96
binary_base_topology_shuffle,chunk_15,151,GR,,96
binary_base_topology_shuffle,chunk_15,151,IPC,,96
binary_base_topology_shuffle,chunk_15,151,KR,15.5,96
binary_base_topology_shuffle,chunk_15,151,MC,,96
binary_base_topology_shuffle,chunk_15,151,cosine_similarity,0.05133184138685457,96
binary_base_topology_shuffle,chunk_15,151,kl_to_gaussian,0.0,96
binary_base_topology_shuffle,chunk_15,151,wt_mean,0.0022493246942758,96
binary_base_topology_shuffle,chunk_15,152,GR,,96
binary_base_topology_shuffle,chunk_15,152,IPC,,96
binary_base_topology_shuffle,chunk_15,152,KR,18.447916666666668,96
binary_base_topology_shuffle,chunk_15,152,MC,,96
binary_base_topology_shuffle,chunk_15,152,cosine_similarity,0.04550498630851502,96
binary_base_topology_shuffle,chunk_15,152,kl_to_gaussian,0.0,96
binary_base_topology_shuffle,chunk_15,152,wt_mean,0.0022621962707489248,96
binary_base_topology_shuffle,chunk_15,153,GR,,96
binary_base_topology_shuffle,chunk_15,153,IPC,,96
binary_base_topology_shuffle,chunk_15,153,KR,16.71875,96
binary_base_topology_shuffle,chunk_15,153,MC,,96
binary_base_topology_shuffle,chunk_15,153,cosine_similarity,0.051609314978122704,96
binary_base_topology_shuffle,chunk_15,153,kl_to_gaussian,0.0,96
binary_base_topology_shuffle,chunk_15,153,wt_mean,0.002261674759210975,96
binary_base_topology_shuffle,chunk_15,154,GR,,96
binary_base_topology_shuffle,chunk_15,154,IPC,,96
binary_base_topology_shuffle,chunk_15,154,KR,17.666666666666668,96
binary_base_topology_shuffle,chunk_15,154,MC,,96
binary_base_topology_shuffle,chunk_15,154,cosine_similarity,0.051331846043467445,96
binary_base_topology_shuffle,chunk_15,154,kl_to_gaussian,0.0,96
binary_base_topology_shuffle,chunk_15,154,wt_mean,0.00224232749314975,96
binary_base_topology_shuffle,chunk_15,155,GR,,96
binary_base_topology_shuffle,chunk_15,155,IPC,,96
binary_base_topology_shuffle,chunk_15,155,KR,18.489583333333332,96
binary_base_topology_shuffle,chunk_15,155,MC,,96
binary_base_topology_shuffle,chunk_15,155,cosine_similarity,0.0491120927035808,96
binary_base_topology_shuffle,chunk_15,155,kl_to_gaussian,0.0,96
binary_base_topology_shuffle,chunk_15,155,wt_mean,0.00225146400043735,96
binary_base_topology_shuffle,chunk_15,156,GR,,96
binary_base_topology_shuffle,chunk_15,156,IPC,,96
binary_base_topology_shuffle,chunk_15,156,KR,18.583333333333332,96
binary_base_topology_shuffle,chunk_15,156,MC,,96
binary_base_topology_shuffle,chunk_15,156,cosine_similarity,0.04772475548088545,96
binary_base_topology_shuffle,chunk_15,156,kl_to_gaussian,0.0,96
binary_base_topology_shuffle,chunk_15,156,wt_mean,0.002236274507595175,96
binary_base_topology_shuffle,chunk_15,157,GR,,96
binary_base_topology_shuffle,chunk_15,157,IPC,,96
binary_base_topology_shuffle,chunk_15,157,KR,17.625,96
binary_base_topology_shuffle,chunk_15,157,MC,,96
binary_base_topology_shuffle,chunk_15,157,cosine_similarity,0.0507769249379634,96
binary_base_topology_shuffle,chunk_15,157,kl_to_gaussian,0.0,96
binary_base_topology_shuffle,chunk_15,157,wt_mean,0.0022149888973217,96
binary_base_topology_shuffle,chunk_15,158,GR,,96
binary_base_topology_shuffle,chunk_15,158,IPC,,96
binary_base_topology_shuffle,chunk_15,158,KR,18.65625,96
binary_base_topology_shuffle,chunk_15,158,MC,,96
binary_base_topology_shuffle,chunk_15,158,cosine_similarity,0.04938955884426827,96
binary_base_topology_shuffle,chunk_15,158,kl_to_gaussian,0.0,96
binary_base_topology_shuffle,chunk_15,158,wt_mean,0.002226497483206875,96
binary_base_topology_shuffle,chunk_15,159,GR,,96
binary_base_topology_shuffle,chunk_15,159,IPC,,96
binary_base_topology_shuffle,chunk_15,159,KR,15.510416666666666,96
binary_base_topology_shuffle,chunk_15,159,MC,,96
binary_base_topology_shuffle,chunk_15,159,cosine_similarity,0.044117664918303455,96
binary_base_topology_shuffle,chunk_15,159,kl_to_gaussian,0.0,96
binary_base_topology_shuffle,chunk_15,159,wt_mean,0.002249433193355775,96
binary_base_topology_shuffle,chunk_16,160,GR,,96
binary_base_topology_shuffle,chunk_16,160,IPC,,96
binary_base_topology_shuffle,chunk_16,160,KR,14.979166666666666,96
binary_base_topology_shuffle,chunk_16,160,MC,,96
binary_base_topology_shuffle,chunk_16,160,cosine_similarity,0.04605993069708345,96
binary_base_topology_shuffle,chunk_16,160,kl_to_gaussian,0.0,96
binary_base_topology_shuffle,chunk_16,160,wt_mean,0.002244988892925875,96
binary_base_topology_shuffle,chunk_16,161,GR,,96
binary_base_topology_shuffle,chunk_16,161,IPC,,96
binary_base_topology_shuffle,chunk_16,161,KR,16.96875,96
binary_base_topology_shuffle,chunk_16,161,MC,,96
binary_base_topology_shuffle,chunk_16,161,cosine_similarity,0.051054374314844574,96
binary_base_topology_shuffle,chunk_16,161,kl_to_gaussian,0.0,96
binary_base_topology_shuffle,chunk_16,161,wt_mean,0.002237532811705,96
binary_base_topology_shuffle,chunk_16,162,GR,,96
binary_base_topology_shuffle,chunk_16,162,IPC,,96
binary_base_topology_shuffle,chunk_16,162,KR,16.09375,96
binary_base_topology_shuffle,chunk_16,162,MC,,96
binary_base_topology_shuffle,chunk_16,162,cosine_similarity,0.047724744305014555,96
binary_base_topology_shuffle,chunk_16,162,kl_to_gaussian,0.0,96
binary_base_topology_shuffle,chunk_16,162,wt_mean,0.002222400536993475,96
binary_base_topology_shuffle,chunk_16,163,GR,,96
binary_base_topology_shuffle,chunk_16,163,IPC,,96
binary_base_topology_shuffle,chunk_16,163,KR,17.729166666666668,96
binary_base_topology_shuffle,chunk_16,163,MC,,96
binary_base_topology_shuffle,chunk_16,163,cosine_similarity,0.0510543920099735,96
binary_base_topology_shuffle,chunk_16,163,kl_to_gaussian,0.0,96
binary_base_topology_shuffle,chunk_16,163,wt_mean,0.002224508119979825,96
binary_base_topology_shuffle,chunk_16,164,GR,,96
binary_base_topology_shuffle,chunk_16,164,IPC,,96
binary_base_topology_shuffle,chunk_16,164,KR,15.541666666666666,96
binary_base_topology_shuffle,chunk_16,164,MC,,96
binary_base_topology_shuffle,chunk_16,164,cosine_similarity,0.05133185442537063,96
binary_base_topology_shuffle,chunk_16,164,kl_to_gaussian,0.0,96
binary_base_topology_shuffle,chunk_16,164,wt_mean,0.002215000858996025,96
binary_base_topology_shuffle,chunk_16,165,GR,,96
binary_base_topology_shuffle,chunk_16,165,IPC,,96
binary_base_topology_shuffle,chunk_16,165,KR,16.1875,96
binary_base_topology_shuffle,chunk_16,165,MC,,96
binary_base_topology_shuffle,chunk_16,165,cosine_similarity,0.04911209084093565,96
binary_base_topology_shuffle,chunk_16,165,kl_to_gaussian,0.0,96
binary_base_topology_shuffle,chunk_16,165,wt_mean,0.002280953252920825,96
binary_base_topology_shuffle,chunk_16,166,GR,,96
binary_base_topology_shuffle,chunk_16,166,IPC,,96
binary_base_topology_shuffle,chunk_16,166,KR,18.90625,96
binary_base_topology_shuffle,chunk_16,166,MC,,96
binary_base_topology_shuffle,chunk_16,166,cosine_similarity,0.049112091772258226,96
binary_base_topology_shuffle,chunk_16,166,kl_to_gaussian,0.0,96
binary_base_topology_shuffle,chunk_16,166,wt_mean,0.002240566740510925,96
binary_base_topology_shuffle,chunk_16,167,GR,,96
binary_base_topology_shuffle,chunk_16,167,IPC,,96
binary_base_topology_shuffle,chunk_16,167,KR,17.520833333333332,96
binary_base_topology_shuffle,chunk_16,167,MC,,96
binary_base_topology_shuffle,chunk_16,167,cosine_similarity,0.047447276301681975,96
binary_base_topology_shuffle,chunk_16,167,kl_to_gaussian,0.0,96
binary_base_topology_shuffle,chunk_16,167,wt_mean,0.002234873449197,96
binary_base_topology_shuffle,chunk_16,168,GR,,96
binary_base_topology_shuffle,chunk_16,168,IPC,,96
binary_base_topology_shuffle,chunk_16,168,KR,17.65625,96
binary_base_topology_shuffle,chunk_16,168,MC,,96
binary_base_topology_shuffle,chunk_16,168,cosine_similarity,0.04827968124300238,96
binary_base_topology_shuffle,chunk_16,168,kl_to_gaussian,0.0,96
binary_base_topology_shuffle,chunk_16,168,wt_mean,0.002264567592646875,96
binary_base_topology_shuffle,chunk_16,169,GR,,96
binary_base_topology_shuffle,chunk_16,169,IPC,,96
binary_base_topology_shuffle,chunk_16,169,KR,15.21875,96
binary_base_topology_shuffle,chunk_16,169,MC,,96
binary_base_topology_shuffle,chunk_16,169,cosine_similarity,0.05493894778192035,96
binary_base_topology_shuffle,chunk_16,169,kl_to_gaussian,0.0,96
binary_base_topology_shuffle,chunk_16,169,wt_mean,0.00225089112063865,96
binary_base_topology_shuffle,chunk_17,170,GR,,96
binary_base_topology_shuffle,chunk_17,170,IPC,,96
binary_base_topology_shuffle,chunk_17,170,KR,17.90625,96
binary_base_topology_shuffle,chunk_17,170,MC,,96
binary_base_topology_shuffle,chunk_17,170,cosine_similarity,0.05160931590944528,96
binary_base_topology_shuffle,chunk_17,170,kl_to_gaussian,0.0,96
binary_base_topology_shuffle,chunk_17,170,wt_mean,0.002262456575408525,96
binary_base_topology_shuffle,chunk_17,171,GR,,96
binary_base_topology_shuffle,chunk_17,171,IPC,,96
binary_base_topology_shuffle,chunk_17,171,KR,17.572916666666668,96
binary_base_topology_shuffle,chunk_17,171,MC,,96
binary_base_topology_shuffle,chunk_17,171,cosine_similarity,0.051886792294681024,96
binary_base_topology_shuffle,chunk_17,171,kl_to_gaussian,0.0,96
binary_base_topology_shuffle,chunk_17,171,wt_mean,0.002241922105895325,96
binary_base_topology_shuffle,chunk_17,172,GR,,96
binary_base_topology_shuffle,chunk_17,172,IPC,,96
binary_base_topology_shuffle,chunk_17,172,KR,18.3125,96
binary_base_topology_shuffle,chunk_17,172,MC,,96
binary_base_topology_shuffle,chunk_17,172,cosine_similarity,0.04495005588978523,96
binary_base_topology_shuffle,chunk_17,172,kl_to_gaussian,0.0,96
binary_base_topology_shuffle,chunk_17,172,wt_mean,0.00224739455734375,96
binary_base_topology_shuffle,chunk_17,173,GR,,96
binary_base_topology_shuffle,chunk_17,173,IPC,,96
binary_base_topology_shuffle,chunk_17,173,KR,15.75,96
binary_base_topology_shuffle,chunk_17,173,MC,,96
binary_base_topology_shuffle,chunk_17,173,cosine_similarity,0.03940067719668142,96
binary_base_topology_shuffle,chunk_17,173,kl_to_gaussian,0.0,96
binary_base_topology_shuffle,chunk_17,173,wt_mean,0.002265751623781375,96
binary_base_topology_shuffle,chunk_17,174,GR,,96
binary_base_topology_shuffle,chunk_17,174,IPC,,96
binary_base_topology_shuffle,chunk_17,174,KR,16.46875,96
binary_base_topology_shuffle,chunk_17,174,MC,,96
binary_base_topology_shuffle,chunk_17,174,cosine_similarity,0.044395127333700574,96
binary_base_topology_shuffle,chunk_17,174,kl_to_gaussian,0.0,96
binary_base_topology_shuffle,chunk_17,174,wt_mean,0.0022427851217798503,96
binary_base_topology_shuffle,chunk_17,175,GR,,96
binary_base_topology_shuffle,chunk_17,175,IPC,,96
binary_base_topology_shuffle,chunk_17,175,KR,18.885416666666668,96
binary_base_topology_shuffle,chunk_17,175,MC,,96
binary_base_topology_shuffle,chunk_17,175,cosine_similarity,0.049667033366858925,96
binary_base_topology_shuffle,chunk_17,175,kl_to_gaussian,0.0,96
binary_base_topology_shuffle,chunk_17,175,wt_mean,0.002255354396766025,96
binary_base_topology_shuffle,chunk_17,176,GR,,96
binary_base_topology_shuffle,chunk_17,176,IPC,,96
binary_base_topology_shuffle,chunk_17,176,KR,15.927083333333334,96
binary_base_topology_shuffle,chunk_17,176,MC,,96
binary_base_topology_shuffle,chunk_17,176,cosine_similarity,0.05077692307531825,96
binary_base_topology_shuffle,chunk_17,176,kl_to_gaussian,0.0,96
binary_base_topology_shuffle,chunk_17,176,wt_mean,0.002247619297122525,96
binary_base_topology_shuffle,chunk_17,177,GR,,96
binary_base_topology_shuffle,chunk_17,177,IPC,,96
binary_base_topology_shuffle,chunk_17,177,KR,18.583333333333332,96
binary_base_topology_shuffle,chunk_17,177,MC,,96
binary_base_topology_shuffle,chunk_17,177,cosine_similarity,0.04716979619115583,96
binary_base_topology_shuffle,chunk_17,177,kl_to_gaussian,0.0,96
binary_base_topology_shuffle,chunk_17,177,wt_mean,0.002224718191428075,96
binary_base_topology_shuffle,chunk_17,178,GR,,96
binary_base_topology_shuffle,chunk_17,178,IPC,,96
binary_base_topology_shuffle,chunk_17,178,KR,16.020833333333332,96
binary_base_topology_shuffle,chunk_17,178,MC,,96
binary_base_topology_shuffle,chunk_17,178,cosine_similarity,0.04716980271041385,96
binary_base_topology_shuffle,chunk_17,178,kl_to_gaussian,0.0,96
binary_base_topology_shuffle,chunk_17,178,wt_mean,0.0022526496031786748,96
binary_base_topology_shuffle,chunk_17,179,GR,,96
binary_base_topology_shuffle,chunk_17,179,IPC,,96
binary_base_topology_shuffle,chunk_17,179,KR,14.75,96
binary_base_topology_shuffle,chunk_17,179,MC,,96
binary_base_topology_shuffle,chunk_17,179,cosine_similarity,0.05244172178208825,96
binary_base_topology_shuffle,chunk_17,179,kl_to_gaussian,0.0,96
binary_base_topology_shuffle,chunk_17,179,wt_mean,0.002239011315396025,96
binary_base_topology_shuffle,chunk_18,180,GR,,96
binary_base_topology_shuffle,chunk_18,180,IPC,,96
binary_base_topology_shuffle,chunk_18,180,KR,14.635416666666666,96
binary_base_topology_shuffle,chunk_18,180,MC,,96
binary_base_topology_shuffle,chunk_18,180,cosine_similarity,0.05327413417398925,96
binary_base_topology_shuffle,chunk_18,180,kl_to_gaussian,0.0,96
binary_base_topology_shuffle,chunk_18,180,wt_mean,0.002250236284453375,96
binary_base_topology_shuffle,chunk_18,181,GR,,96
binary_base_topology_shuffle,chunk_18,181,IPC,,96
binary_base_topology_shuffle,chunk_18,181,KR,16.604166666666668,96
binary_base_topology_shuffle,chunk_18,181,MC,,96
binary_base_topology_shuffle,chunk_18,181,cosine_similarity,0.04522752016782758,96
binary_base_topology_shuffle,chunk_18,181,kl_to_gaussian,0.0,96
binary_base_topology_shuffle,chunk_18,181,wt_mean,0.002259602653793925,96
binary_base_topology_shuffle,chunk_18,182,GR,,96
binary_base_topology_shuffle,chunk_18,182,IPC,,96
binary_base_topology_shuffle,chunk_18,182,KR,16.6875,96
binary_base_topology_shuffle,chunk_18,182,MC,,96
binary_base_topology_shuffle,chunk_18,182,cosine_similarity,0.052996674552559825,96
binary_base_topology_shuffle,chunk_18,182,kl_to_gaussian,0.0,96
binary_base_topology_shuffle,chunk_18,182,wt_mean,0.002240507717942775,96
binary_base_topology_shuffle,chunk_18,183,GR,,96
binary_base_topology_shuffle,chunk_18,183,IPC,,96
binary_base_topology_shuffle,chunk_18,183,KR,17.354166666666668,96
binary_base_topology_shuffle,chunk_18,183,MC,,96
binary_base_topology_shuffle,chunk_18,183,cosine_similarity,0.04800221510231495,96
binary_base_topology_shuffle,chunk_18,183,kl_to_gaussian,0.0,96
binary_base_topology_shuffle,chunk_18,183,wt_mean,0.002270979835884625,96
binary_base_topology_shuffle,chunk_18,184,GR,,96
binary_base_topology_shuffle,chunk_18,184,IPC,,96
binary_base_topology_shuffle,chunk_18,184,KR,18.385416666666668,96
binary_base_topology_shuffle,chunk_18,184,MC,,96
binary_base_topology_shuffle,chunk_18,184,cosine_similarity,0.0504994504153728,96
binary_base_topology_shuffle,chunk_18,184,kl_to_gaussian,0.0,96
binary_base_topology_shuffle,chunk_18,184,wt_mean,0.00224644280388015,96
binary_base_topology_shuffle,chunk_18,185,GR,,96
binary_base_topology_shuffle,chunk_18,185,IPC,,96
binary_base_topology_shuffle,chunk_18,185,KR,16.229166666666668,96
binary_base_topology_shuffle,chunk_18,185,MC,,96
binary_base_topology_shuffle,chunk_18,185,cosine_similarity,0.051609331741929027,96
binary_base_topology_shuffle,chunk_18,185,kl_to_gaussian,0.0,96
binary_base_topology_shuffle,chunk_18,185,wt_mean,0.0022765885223634,96
binary_base_topology_shuffle,chunk_18,186,GR,,96
binary_base_topology_shuffle,chunk_18,186,IPC,,96
binary_base_topology_shuffle,chunk_18,186,KR,18.1875,96
binary_base_topology_shuffle,chunk_18,186,MC,,96
binary_base_topology_shuffle,chunk_18,186,cosine_similarity,0.05438400153070685,96
binary_base_topology_shuffle,chunk_18,186,kl_to_gaussian,0.0,96
binary_base_topology_shuffle,chunk_18,186,wt_mean,0.0022521520440932,96
binary_base_topology_shuffle,chunk_18,187,GR,,96
binary_base_topology_shuffle,chunk_18,187,IPC,,96
binary_base_topology_shuffle,chunk_18,187,KR,15.78125,96
binary_base_topology_shuffle,chunk_18,187,MC,,96
binary_base_topology_shuffle,chunk_18,187,cosine_similarity,0.05188679415732617,96
binary_base_topology_shuffle,chunk_18,187,kl_to_gaussian,0.0,96
binary_base_topology_shuffle,chunk_18,187,wt_mean,0.0022573829919565,96
binary_base_topology_shuffle,chunk_18,188,GR,,96
binary_base_topology_shuffle,chunk_18,188,IPC,,96
binary_base_topology_shuffle,chunk_18,188,KR,16.677083333333332,96
binary_base_topology_shuffle,chunk_18,188,MC,,96
binary_base_topology_shuffle,chunk_18,188,cosine_similarity,0.0449500568211078,96
binary_base_topology_shuffle,chunk_18,188,kl_to_gaussian,0.0,96
binary_base_topology_shuffle,chunk_18,188,wt_mean,0.0022670002363156003,96
binary_base_topology_shuffle,chunk_18,189,GR,,96
binary_base_topology_shuffle,chunk_18,189,IPC,,96
binary_base_topology_shuffle,chunk_18,189,KR,16.072916666666668,96
binary_base_topology_shuffle,chunk_18,189,MC,,96
binary_base_topology_shuffle,chunk_18,189,cosine_similarity,0.0493895588442683,96
binary_base_topology_shuffle,chunk_18,189,kl_to_gaussian,0.0,96
binary_base_topology_shuffle,chunk_18,189,wt_mean,0.002265998366055975,96
binary_base_topology_shuffle,chunk_19,190,GR,,96
binary_base_topology_shuffle,chunk_19,190,IPC,,96
binary_base_topology_shuffle,chunk_19,190,KR,15.572916666666666,96
binary_base_topology_shuffle,chunk_19,190,MC,,96
binary_base_topology_shuffle,chunk_19,190,cosine_similarity,0.05299665965139865,96
binary_base_topology_shuffle,chunk_19,190,kl_to_gaussian,0.0,96
binary_base_topology_shuffle,chunk_19,190,wt_mean,0.00226831200416195,96
binary_base_topology_shuffle,chunk_19,191,GR,,96
binary_base_topology_shuffle,chunk_19,191,IPC,,96
binary_base_topology_shuffle,chunk_19,191,KR,15.9375,96
binary_base_topology_shuffle,chunk_19,191,MC,,96
binary_base_topology_shuffle,chunk_19,191,cosine_similarity,0.0502219833433628,96
binary_base_topology_shuffle,chunk_19,191,kl_to_gaussian,0.0,96
binary_base_topology_shuffle,chunk_19,191,wt_mean,0.002241939713712725,96
binary_base_topology_shuffle,chunk_19,192,GR,,96
binary_base_topology_shuffle,chunk_19,192,IPC,,96
binary_base_topology_shuffle,chunk_19,192,KR,16.614583333333332,96
binary_base_topology_shuffle,chunk_19,192,MC,,96
binary_base_topology_shuffle,chunk_19,192,cosine_similarity,0.04578245710581533,96
binary_base_topology_shuffle,chunk_19,192,kl_to_gaussian,0.0,96
binary_base_topology_shuffle,chunk_19,192,wt_mean,0.002264687092974725,96
binary_base_topology_shuffle,chunk_19,193,GR,,96
binary_base_topology_shuffle,chunk_19,193,IPC,,96
binary_base_topology_shuffle,chunk_19,193,KR,15.53125,96
binary_base_topology_shuffle,chunk_19,193,MC,,96
binary_base_topology_shuffle,chunk_19,193,cosine_similarity,0.0466148732230067,96
binary_base_topology_shuffle,chunk_19,193,kl_to_gaussian,0.0,96
binary_base_topology_shuffle,chunk_19,193,wt_mean,0.0022397485445253,96
binary_base_topology_shuffle,chunk_19,194,GR,,96
binary_base_topology_shuffle,chunk_19,194,IPC,,96
binary_base_topology_shuffle,chunk_19,194,KR,18.989583333333332,96
binary_base_topology_shuffle,chunk_19,194,MC,,96
binary_base_topology_shuffle,chunk_19,194,cosine_similarity,0.05355160869657985,96
binary_base_topology_shuffle,chunk_19,194,kl_to_gaussian,0.0,96
binary_base_topology_shuffle,chunk_19,194,wt_mean,0.00224443300976415,96
binary_base_topology_shuffle,chunk_19,195,GR,,96
binary_base_topology_shuffle,chunk_19,195,IPC,,96
binary_base_topology_shuffle,chunk_19,195,KR,14.166666666666666,96
binary_base_topology_shuffle,chunk_19,195,MC,,96
binary_base_topology_shuffle,chunk_19,195,cosine_similarity,0.05022197682410478,96
binary_base_topology_shuffle,chunk_19,195,kl_to_gaussian,0.0,96
binary_base_topology_shuffle,chunk_19,195,wt_mean,0.0022444812348112,96
binary_base_topology_shuffle,chunk_19,196,GR,,96
binary_base_topology_shuffle,chunk_19,196,IPC,,96
binary_base_topology_shuffle,chunk_19,196,KR,19.197916666666668,96
binary_base_topology_shuffle,chunk_19,196,MC,,96
binary_base_topology_shuffle,chunk_19,196,cosine_similarity,0.04772476293146605,96
binary_base_topology_shuffle,chunk_19,196,kl_to_gaussian,0.0,96
binary_base_topology_shuffle,chunk_19,196,wt_mean,0.002255337894894125,96
binary_base_topology_shuffle,chunk_19,197,GR,,96
binary_base_topology_shuffle,chunk_19,197,IPC,,96
binary_base_topology_shuffle,chunk_19,197,KR,17.84375,96
binary_base_topology_shuffle,chunk_19,197,MC,,96
binary_base_topology_shuffle,chunk_19,197,cosine_similarity,0.039400673471391125,96
binary_base_topology_shuffle,chunk_19,197,kl_to_gaussian,0.0,96
binary_base_topology_shuffle,chunk_19,197,wt_mean,0.00223940744763235,96
binary_base_topology_shuffle,chunk_19,198,GR,,96
binary_base_topology_shuffle,chunk_19,198,IPC,,96
binary_base_topology_shuffle,chunk_19,198,KR,19.802083333333332,96
binary_base_topology_shuffle,chunk_19,198,MC,,96
binary_base_topology_shuffle,chunk_19,198,cosine_similarity,0.05410654004663223,96
binary_base_topology_shuffle,chunk_19,198,kl_to_gaussian,0.0,96
binary_base_topology_shuffle,chunk_19,198,wt_mean,0.002247657423140425,96
binary_base_topology_shuffle,chunk_19,199,GR,,96
binary_base_topology_shuffle,chunk_19,199,IPC,,96
binary_base_topology_shuffle,chunk_19,199,KR,17.46875,96
binary_base_topology_shuffle,chunk_19,199,MC,,96
binary_base_topology_shuffle,chunk_19,199,cosine_similarity,0.049389551393687725,96
binary_base_topology_shuffle,chunk_19,199,kl_to_gaussian,0.0,96
binary_base_topology_shuffle,chunk_19,199,wt_mean,0.0022599828080273753,96
binary_base_topology_shuffle,chunk_2,20,GR,,96
binary_base_topology_shuffle,chunk_2,20,IPC,,96
binary_base_topology_shuffle,chunk_2,20,KR,18.666666666666668,96
binary_base_topology_shuffle,chunk_2,20,MC,,96
binary_base_topology_shuffle,chunk_2,20,cosine_similarity,0.050776927731931126,96
binary_base_topology_shuffle,chunk_2,20,kl_to_gaussian,0.0,96
binary_base_topology_shuffle,chunk_2,20,wt_mean,0.00225075034541075,96
binary_base_topology_shuffle,chunk_2,21,GR,,96
binary_base_topology_shuffle,chunk_2,21,IPC,,96
binary_base_topology_shuffle,chunk_2,21,KR,15.041666666666666,96
binary_base_topology_shuffle,chunk_2,21,MC,,96
binary_base_topology_shuffle,chunk_2,21,cosine_similarity,0.04966703895479438,96
binary_base_topology_shuffle,chunk_2,21,kl_to_gaussian,0.0,96
binary_base_topology_shuffle,chunk_2,21,wt_mean,0.0022460570035036,96
binary_base_topology_shuffle,chunk_2,22,GR,,96
binary_base_topology_shuffle,chunk_2,22,IPC,,96
binary_base_topology_shuffle,chunk_2,22,KR,14.958333333333334,96
binary_base_topology_shuffle,chunk_2,22,MC,,96
binary_base_topology_shuffle,chunk_2,22,cosine_similarity,0.04162042122334235,96
binary_base_topology_shuffle,chunk_2,22,kl_to_gaussian,0.0,96
binary_base_topology_shuffle,chunk_2,22,wt_mean,0.00225834100274365,96
binary_base_topology_shuffle,chunk_2,23,GR,,96
binary_base_topology_shuffle,chunk_2,23,IPC,,96
binary_base_topology_shuffle,chunk_2,23,KR,15.177083333333334,96
binary_base_topology_shuffle,chunk_2,23,MC,,96
binary_base_topology_shuffle,chunk_2,23,cosine_similarity,0.047447290271520594,96
binary_base_topology_shuffle,chunk_2,23,kl_to_gaussian,0.0,96
binary_base_topology_shuffle,chunk_2,23,wt_mean,0.002268956479383575,96
binary_base_topology_shuffle,chunk_2,24,GR,,96
binary_base_topology_shuffle,chunk_2,24,IPC,,96
binary_base_topology_shuffle,chunk_2,24,KR,15.645833333333334,96
binary_base_topology_shuffle,chunk_2,24,MC,,96
binary_base_topology_shuffle,chunk_2,24,cosine_similarity,0.0493895784020423,96
binary_base_topology_shuffle,chunk_2,24,kl_to_gaussian,0.0,96
binary_base_topology_shuffle,chunk_2,24,wt_mean,0.002250948949949775,96
binary_base_topology_shuffle,chunk_2,25,GR,,96
binary_base_topology_shuffle,chunk_2,25,IPC,,96
binary_base_topology_shuffle,chunk_2,25,KR,15.25,96
binary_base_topology_shuffle,chunk_2,25,MC,,96
binary_base_topology_shuffle,chunk_2,25,cosine_similarity,0.0477247461676597,96
binary_base_topology_shuffle,chunk_2,25,kl_to_gaussian,0.0,96
binary_base_topology_shuffle,chunk_2,25,wt_mean,0.00224639216321515,96
binary_base_topology_shuffle,chunk_2,26,GR,,96
binary_base_topology_shuffle,chunk_2,26,IPC,,96
binary_base_topology_shuffle,chunk_2,26,KR,18.552083333333332,96
binary_base_topology_shuffle,chunk_2,26,MC,,96
binary_base_topology_shuffle,chunk_2,26,cosine_similarity,0.05327415186911818,96
binary_base_topology_shuffle,chunk_2,26,kl_to_gaussian,0.0,96
binary_base_topology_shuffle,chunk_2,26,wt_mean,0.0022482212516478747,96
binary_base_topology_shuffle,chunk_2,27,GR,,96
binary_base_topology_shuffle,chunk_2,27,IPC,,96
binary_base_topology_shuffle,chunk_2,27,KR,17.145833333333332,96
binary_base_topology_shuffle,chunk_2,27,MC,,96
binary_base_topology_shuffle,chunk_2,27,cosine_similarity,0.0463373996317386,96
binary_base_topology_shuffle,chunk_2,27,kl_to_gaussian,0.0,96
binary_base_topology_shuffle,chunk_2,27,wt_mean,0.002252196311019325,96
binary_base_topology_shuffle,chunk_2,28,GR,,96
binary_base_topology_shuffle,chunk_2,28,IPC,,96
binary_base_topology_shuffle,chunk_2,28,KR,15.645833333333334,96
binary_base_topology_shuffle,chunk_2,28,MC,,96
binary_base_topology_shuffle,chunk_2,28,cosine_similarity,0.050499451346695375,96
binary_base_topology_shuffle,chunk_2,28,kl_to_gaussian,0.0,96
binary_base_topology_shuffle,chunk_2,28,wt_mean,0.002255713567137675,96
binary_base_topology_shuffle,chunk_2,29,GR,,96
binary_base_topology_shuffle,chunk_2,29,IPC,,96
binary_base_topology_shuffle,chunk_2,29,KR,16.28125,96
binary_base_topology_shuffle,chunk_2,29,MC,,96
binary_base_topology_shuffle,chunk_2,29,cosine_similarity,0.05216426309198135,96
binary_base_topology_shuffle,chunk_2,29,kl_to_gaussian,0.0,96
binary_base_topology_shuffle,chunk_2,29,wt_mean,0.002206335484515825,96
binary_base_topology_shuffle,chunk_3,30,GR,,96
binary_base_topology_shuffle,chunk_3,30,IPC,,96
binary_base_topology_shuffle,chunk_3,30,KR,16.479166666666668,96
binary_base_topology_shuffle,chunk_3,30,MC,,96
binary_base_topology_shuffle,chunk_3,30,cosine_similarity,0.045504982583224725,96
binary_base_topology_shuffle,chunk_3,30,kl_to_gaussian,0.0,96
binary_base_topology_shuffle,chunk_3,30,wt_mean,0.0022526498360093,96
binary_base_topology_shuffle,chunk_3,31,GR,,96
binary_base_topology_shuffle,chunk_3,31,IPC,,96
binary_base_topology_shuffle,chunk_3,31,KR,15.708333333333334,96
binary_base_topology_shuffle,chunk_3,31,MC,,96
binary_base_topology_shuffle,chunk_3,31,cosine_similarity,0.047447286546230295,96
binary_base_topology_shuffle,chunk_3,31,kl_to_gaussian,0.0,96
binary_base_topology_shuffle,chunk_3,31,wt_mean,0.002268137293867725,96
binary_base_topology_shuffle,chunk_3,32,GR,,96
binary_base_topology_shuffle,chunk_3,32,IPC,,96
binary_base_topology_shuffle,chunk_3,32,KR,18.677083333333332,96
binary_base_topology_shuffle,chunk_3,32,MC,,96
binary_base_topology_shuffle,chunk_3,32,cosine_similarity,0.04716980643570415,96
binary_base_topology_shuffle,chunk_3,32,kl_to_gaussian,0.0,96
binary_base_topology_shuffle,chunk_3,32,wt_mean,0.002246830466901825,96
binary_base_topology_shuffle,chunk_3,33,GR,,96
binary_base_topology_shuffle,chunk_3,33,IPC,,96
binary_base_topology_shuffle,chunk_3,33,KR,18.677083333333332,96
binary_base_topology_shuffle,chunk_3,33,MC,,96
binary_base_topology_shuffle,chunk_3,33,cosine_similarity,0.048279684036970104,96
binary_base_topology_shuffle,chunk_3,33,kl_to_gaussian,0.0,96
binary_base_topology_shuffle,chunk_3,33,wt_mean,0.002239544963231275,96
binary_base_topology_shuffle,chunk_3,34,GR,,96
binary_base_topology_shuffle,chunk_3,34,IPC,,96
binary_base_topology_shuffle,chunk_3,34,KR,15.760416666666666,96
binary_base_topology_shuffle,chunk_3,34,MC,,96
binary_base_topology_shuffle,chunk_3,34,cosine_similarity,0.04883464239537715,96
binary_base_topology_shuffle,chunk_3,34,kl_to_gaussian,0.0,96
binary_base_topology_shuffle,chunk_3,34,wt_mean,0.0022648571466561,96
binary_base_topology_shuffle,chunk_3,35,GR,,96
binary_base_topology_shuffle,chunk_3,35,IPC,,96
binary_base_topology_shuffle,chunk_3,35,KR,16.135416666666668,96
binary_base_topology_shuffle,chunk_3,35,MC,,96
binary_base_topology_shuffle,chunk_3,35,cosine_similarity,0.051331859081983504,96
binary_base_topology_shuffle,chunk_3,35,kl_to_gaussian,0.0,96
binary_base_topology_shuffle,chunk_3,35,wt_mean,0.00224838714348145,96
binary_base_topology_shuffle,chunk_3,36,GR,,96
binary_base_topology_shuffle,chunk_3,36,IPC,,96
binary_base_topology_shuffle,chunk_3,36,KR,16.572916666666668,96
binary_base_topology_shuffle,chunk_3,36,MC,,96
binary_base_topology_shuffle,chunk_3,36,cosine_similarity,0.04328523389995095,96
binary_base_topology_shuffle,chunk_3,36,kl_to_gaussian,0.0,96
binary_base_topology_shuffle,chunk_3,36,wt_mean,0.002224730938905775,96
binary_base_topology_shuffle,chunk_3,37,GR,,96
binary_base_topology_shuffle,chunk_3,37,IPC,,96
binary_base_topology_shuffle,chunk_3,37,KR,16.125,96
binary_base_topology_shuffle,chunk_3,37,MC,,96
binary_base_topology_shuffle,chunk_3,37,cosine_similarity,0.052441736683249446,96
binary_base_topology_shuffle,chunk_3,37,kl_to_gaussian,0.0,96
binary_base_topology_shuffle,chunk_3,37,wt_mean,0.00222405951353715,96
binary_base_topology_shuffle,chunk_3,38,GR,,96
binary_base_topology_shuffle,chunk_3,38,IPC,,96
binary_base_topology_shuffle,chunk_3,38,KR,16.427083333333332,96
binary_base_topology_shuffle,chunk_3,38,MC,,96
binary_base_topology_shuffle,chunk_3,38,cosine_similarity,0.052441728301346274,96
binary_base_topology_shuffle,chunk_3,38,kl_to_gaussian,0.0,96
binary_base_topology_shuffle,chunk_3,38,wt_mean,0.0022534980962518,96
binary_base_topology_shuffle,chunk_3,39,GR,,96
binary_base_topology_shuffle,chunk_3,39,IPC,,96
binary_base_topology_shuffle,chunk_3,39,KR,16.40625,96
binary_base_topology_shuffle,chunk_3,39,MC,,96
binary_base_topology_shuffle,chunk_3,39,cosine_similarity,0.05049944855272765,96
binary_base_topology_shuffle,chunk_3,39,kl_to_gaussian,0.0,96
binary_base_topology_shuffle,chunk_3,39,wt_mean,0.002262855530716425,96
binary_base_topology_shuffle,chunk_4,40,GR,,96
binary_base_topology_shuffle,chunk_4,40,IPC,,96
binary_base_topology_shuffle,chunk_4,40,KR,18.052083333333332,96
binary_base_topology_shuffle,chunk_4,40,MC,,96
binary_base_topology_shuffle,chunk_4,40,cosine_similarity,0.049389549531042576,96
binary_base_topology_shuffle,chunk_4,40,kl_to_gaussian,0.0,96
binary_base_topology_shuffle,chunk_4,40,wt_mean,0.0022386484197340502,96
binary_base_topology_shuffle,chunk_4,41,GR,,96
binary_base_topology_shuffle,chunk_4,41,IPC,,96
binary_base_topology_shuffle,chunk_4,41,KR,15.3125,96
binary_base_topology_shuffle,chunk_4,41,MC,,96
binary_base_topology_shuffle,chunk_4,41,cosine_similarity,0.0502219572663307,96
binary_base_topology_shuffle,chunk_4,41,kl_to_gaussian,0.0,96
binary_base_topology_shuffle,chunk_4,41,wt_mean,0.00222916240454645,96
binary_base_topology_shuffle,chunk_4,42,GR,,96
binary_base_topology_shuffle,chunk_4,42,IPC,,96
binary_base_topology_shuffle,chunk_4,42,KR,16.447916666666668,96
binary_base_topology_shuffle,chunk_4,42,MC,,96
binary_base_topology_shuffle,chunk_4,42,cosine_similarity,0.054384025745093774,96
binary_base_topology_shuffle,chunk_4,42,kl_to_gaussian,0.0,96
binary_base_topology_shuffle,chunk_4,42,wt_mean,0.0022286756429820997,96
binary_base_topology_shuffle,chunk_4,43,GR,,96
binary_base_topology_shuffle,chunk_4,43,IPC,,96
binary_base_topology_shuffle,chunk_4,43,KR,18.145833333333332,96
binary_base_topology_shuffle,chunk_4,43,MC,,96
binary_base_topology_shuffle,chunk_4,43,cosine_similarity,0.04855716042220585,96
binary_base_topology_shuffle,chunk_4,43,kl_to_gaussian,0.0,96
binary_base_topology_shuffle,chunk_4,43,wt_mean,0.002247831667773375,96
binary_base_topology_shuffle,chunk_4,44,GR,,96
binary_base_topology_shuffle,chunk_4,44,IPC,,96
binary_base_topology_shuffle,chunk_4,44,KR,15.1875,96
binary_base_topology_shuffle,chunk_4,44,MC,,96
binary_base_topology_shuffle,chunk_4,44,cosine_similarity,0.04800222255289547,96
binary_base_topology_shuffle,chunk_4,44,kl_to_gaussian,0.0,96
binary_base_topology_shuffle,chunk_4,44,wt_mean,0.002248154516564625,96
binary_base_topology_shuffle,chunk_4,45,GR,,96
binary_base_topology_shuffle,chunk_4,45,IPC,,96
binary_base_topology_shuffle,chunk_4,45,KR,17.791666666666668,96
binary_base_topology_shuffle,chunk_4,45,MC,,96
binary_base_topology_shuffle,chunk_4,45,cosine_similarity,0.04356270562857382,96
binary_base_topology_shuffle,chunk_4,45,kl_to_gaussian,0.0,96
binary_base_topology_shuffle,chunk_4,45,wt_mean,0.00224405070184725,96
binary_base_topology_shuffle,chunk_4,46,GR,,96
binary_base_topology_shuffle,chunk_4,46,IPC,,96
binary_base_topology_shuffle,chunk_4,46,KR,18.708333333333332,96
binary_base_topology_shuffle,chunk_4,46,MC,,96
binary_base_topology_shuffle,chunk_4,46,cosine_similarity,0.04605993069708345,96
binary_base_topology_shuffle,chunk_4,46,kl_to_gaussian,0.0,96
binary_base_topology_shuffle,chunk_4,46,wt_mean,0.00224808859638865,96
binary_base_topology_shuffle,chunk_4,47,GR,,96
binary_base_topology_shuffle,chunk_4,47,IPC,,96
binary_base_topology_shuffle,chunk_4,47,KR,17.1875,96
binary_base_topology_shuffle,chunk_4,47,MC,,96
binary_base_topology_shuffle,chunk_4,47,cosine_similarity,0.048557157628238125,96
binary_base_topology_shuffle,chunk_4,47,kl_to_gaussian,0.0,96
binary_base_topology_shuffle,chunk_4,47,wt_mean,0.0022573667520191,96
binary_base_topology_shuffle,chunk_4,48,GR,,96
binary_base_topology_shuffle,chunk_4,48,IPC,,96
binary_base_topology_shuffle,chunk_4,48,KR,16.489583333333332,96
binary_base_topology_shuffle,chunk_4,48,MC,,96
binary_base_topology_shuffle,chunk_4,48,cosine_similarity,0.0504994392395019,96
binary_base_topology_shuffle,chunk_4,48,kl_to_gaussian,0.0,96
binary_base_topology_shuffle,chunk_4,48,wt_mean,0.002264200884383125,96
binary_base_topology_shuffle,chunk_4,49,GR,,96
binary_base_topology_shuffle,chunk_4,49,IPC,,96
binary_base_topology_shuffle,chunk_4,49,KR,15.729166666666666,96
binary_base_topology_shuffle,chunk_4,49,MC,,96
binary_base_topology_shuffle,chunk_4,49,cosine_similarity,0.049112095497548525,96
binary_base_topology_shuffle,chunk_4,49,kl_to_gaussian,0.0,96
binary_base_topology_shuffle,chunk_4,49,wt_mean,0.0022469765390269,96
binary_base_topology_shuffle,chunk_5,50,GR,,96
binary_base_topology_shuffle,chunk_5,50,IPC,,96
binary_base_topology_shuffle,chunk_5,50,KR,16.885416666666668,96
binary_base_topology_shuffle,chunk_5,50,MC,,96
binary_base_topology_shuffle,chunk_5,50,cosine_similarity,0.05244172178208825,96
binary_base_topology_shuffle,chunk_5,50,kl_to_gaussian,0.0,96
binary_base_topology_shuffle,chunk_5,50,wt_mean,0.0022453888086601498,96
binary_base_topology_shuffle,chunk_5,51,GR,,96
binary_base_topology_shuffle,chunk_5,51,IPC,,96
binary_base_topology_shuffle,chunk_5,51,KR,17.0625,96
binary_base_topology_shuffle,chunk_5,51,MC,,96
binary_base_topology_shuffle,chunk_5,51,cosine_similarity,0.05244173202663657,96
binary_base_topology_shuffle,chunk_5,51,kl_to_gaussian,0.0,96
binary_base_topology_shuffle,chunk_5,51,wt_mean,0.002268809359520625,96
binary_base_topology_shuffle,chunk_5,52,GR,,96
binary_base_topology_shuffle,chunk_5,52,IPC,,96
binary_base_topology_shuffle,chunk_5,52,KR,14.71875,96
binary_base_topology_shuffle,chunk_5,52,MC,,96
binary_base_topology_shuffle,chunk_5,52,cosine_similarity,0.04495006520301097,96
binary_base_topology_shuffle,chunk_5,52,kl_to_gaussian,0.0,96
binary_base_topology_shuffle,chunk_5,52,wt_mean,0.002249242388643275,96
binary_base_topology_shuffle,chunk_5,53,GR,,96
binary_base_topology_shuffle,chunk_5,53,IPC,,96
binary_base_topology_shuffle,chunk_5,53,KR,15.4375,96
binary_base_topology_shuffle,chunk_5,53,MC,,96
binary_base_topology_shuffle,chunk_5,53,cosine_similarity,0.053551609627902425,96
binary_base_topology_shuffle,chunk_5,53,kl_to_gaussian,0.0,96
binary_base_topology_shuffle,chunk_5,53,wt_mean,0.002227657416369725,96
binary_base_topology_shuffle,chunk_5,54,GR,,96
binary_base_topology_shuffle,chunk_5,54,IPC,,96
binary_base_topology_shuffle,chunk_5,54,KR,15.65625,96
binary_base_topology_shuffle,chunk_5,54,MC,,96
binary_base_topology_shuffle,chunk_5,54,cosine_similarity,0.04827968962490555,96
binary_base_topology_shuffle,chunk_5,54,kl_to_gaussian,0.0,96
binary_base_topology_shuffle,chunk_5,54,wt_mean,0.0022359646682161,96
binary_base_topology_shuffle,chunk_5,55,GR,,96
binary_base_topology_shuffle,chunk_5,55,IPC,,96
binary_base_topology_shuffle,chunk_5,55,KR,17.34375,96
binary_base_topology_shuffle,chunk_5,55,MC,,96
binary_base_topology_shuffle,chunk_5,55,cosine_similarity,0.049389576539397205,96
binary_base_topology_shuffle,chunk_5,55,kl_to_gaussian,0.0,96
binary_base_topology_shuffle,chunk_5,55,wt_mean,0.002240834408439625,96
binary_base_topology_shuffle,chunk_5,56,GR,,96
binary_base_topology_shuffle,chunk_5,56,IPC,,96
binary_base_topology_shuffle,chunk_5,56,KR,14.90625,96
binary_base_topology_shuffle,chunk_5,56,MC,,96
binary_base_topology_shuffle,chunk_5,56,cosine_similarity,0.05022198148071765,96
binary_base_topology_shuffle,chunk_5,56,kl_to_gaussian,0.0,96
binary_base_topology_shuffle,chunk_5,56,wt_mean,0.00224352083750995,96
binary_base_topology_shuffle,chunk_5,57,GR,,96
binary_base_topology_shuffle,chunk_5,57,IPC,,96
binary_base_topology_shuffle,chunk_5,57,KR,15.9375,96
binary_base_topology_shuffle,chunk_5,57,MC,,96
binary_base_topology_shuffle,chunk_5,57,cosine_similarity,0.0463373996317386,96
binary_base_topology_shuffle,chunk_5,57,kl_to_gaussian,0.0,96
binary_base_topology_shuffle,chunk_5,57,wt_mean,0.0022461403859778497,96
binary_base_topology_shuffle,chunk_5,58,GR,,96
binary_base_topology_shuffle,chunk_5,58,IPC,,96
binary_base_topology_shuffle,chunk_5,58,KR,17.083333333333332,96
binary_base_topology_shuffle,chunk_5,58,MC,,96
binary_base_topology_shuffle,chunk_5,58,cosine_similarity,0.04744728188961742,96
binary_base_topology_shuffle,chunk_5,58,kl_to_gaussian,0.0,96
binary_base_topology_shuffle,chunk_5,58,wt_mean,0.0022487945680040498,96
binary_base_topology_shuffle,chunk_5,59,GR,,96
binary_base_topology_shuffle,chunk_5,59,IPC,,96
binary_base_topology_shuffle,chunk_5,59,KR,15.489583333333334,96
binary_base_topology_shuffle,chunk_5,59,MC,,96
binary_base_topology_shuffle,chunk_5,59,cosine_similarity,0.05077691562473765,96
binary_base_topology_shuffle,chunk_5,59,kl_to_gaussian,0.0,96
binary_base_topology_shuffle,chunk_5,59,wt_mean,0.002258727035950825,96
binary_base_topology_shuffle,chunk_6,60,GR,,96
binary_base_topology_shuffle,chunk_6,60,IPC,,96
binary_base_topology_shuffle,chunk_6,60,KR,15.895833333333334,96
binary_base_topology_shuffle,chunk_6,60,MC,,96
binary_base_topology_shuffle,chunk_6,60,cosine_similarity,0.04855715669691555,96
binary_base_topology_shuffle,chunk_6,60,kl_to_gaussian,0.0,96
binary_base_topology_shuffle,chunk_6,60,wt_mean,0.0022538678022100997,96
binary_base_topology_shuffle,chunk_6,61,GR,,96
binary_base_topology_shuffle,chunk_6,61,IPC,,96
binary_base_topology_shuffle,chunk_6,61,KR,17.489583333333332,96
binary_base_topology_shuffle,chunk_6,61,MC,,96
binary_base_topology_shuffle,chunk_6,61,cosine_similarity,0.04938955884426827,96
binary_base_topology_shuffle,chunk_6,61,kl_to_gaussian,0.0,96
binary_base_topology_shuffle,chunk_6,61,wt_mean,0.002217386092524925,96
binary_base_topology_shuffle,chunk_6,62,GR,,96
binary_base_topology_shuffle,chunk_6,62,IPC,,96
binary_base_topology_shuffle,chunk_6,62,KR,15.6875,96
binary_base_topology_shuffle,chunk_6,62,MC,,96
binary_base_topology_shuffle,chunk_6,62,cosine_similarity,0.0485571548342704,96
binary_base_topology_shuffle,chunk_6,62,kl_to_gaussian,0.0,96
binary_base_topology_shuffle,chunk_6,62,wt_mean,0.00226676961756305,96
binary_base_topology_shuffle,chunk_6,63,GR,,96
binary_base_topology_shuffle,chunk_6,63,IPC,,96
binary_base_topology_shuffle,chunk_6,63,KR,17.739583333333332,96
binary_base_topology_shuffle,chunk_6,63,MC,,96
binary_base_topology_shuffle,chunk_6,63,cosine_similarity,0.045782456174492774,96
binary_base_topology_shuffle,chunk_6,63,kl_to_gaussian,0.0,96
binary_base_topology_shuffle,chunk_6,63,wt_mean,0.002261190937133475,96
binary_base_topology_shuffle,chunk_6,64,GR,,96
binary_base_topology_shuffle,chunk_6,64,IPC,,96
binary_base_topology_shuffle,chunk_6,64,KR,16.510416666666668,96
binary_base_topology_shuffle,chunk_6,64,MC,,96
binary_base_topology_shuffle,chunk_6,64,cosine_similarity,0.04966705106198785,96
binary_base_topology_shuffle,chunk_6,64,kl_to_gaussian,0.0,96
binary_base_topology_shuffle,chunk_6,64,wt_mean,0.002221678674686625,96
binary_base_topology_shuffle,chunk_6,65,GR,,96
binary_base_topology_shuffle,chunk_6,65,IPC,,96
binary_base_topology_shuffle,chunk_6,65,KR,15.427083333333334,96
binary_base_topology_shuffle,chunk_6,65,MC,,96
binary_base_topology_shuffle,chunk_6,65,cosine_similarity,0.0557713573798537,96
binary_base_topology_shuffle,chunk_6,65,kl_to_gaussian,0.0,96
binary_base_topology_shuffle,chunk_6,65,wt_mean,0.0022435267455875253,96
binary_base_topology_shuffle,chunk_6,66,GR,,96
binary_base_topology_shuffle,chunk_6,66,IPC,,96
binary_base_topology_shuffle,chunk_6,66,KR,15.645833333333334,96
binary_base_topology_shuffle,chunk_6,66,MC,,96
binary_base_topology_shuffle,chunk_6,66,cosine_similarity,0.047169804573059,96
binary_base_topology_shuffle,chunk_6,66,kl_to_gaussian,0.0,96
binary_base_topology_shuffle,chunk_6,66,wt_mean,0.002272284531500125,96
binary_base_topology_shuffle,chunk_6,67,GR,,96
binary_base_topology_shuffle,chunk_6,67,IPC,,96
binary_base_topology_shuffle,chunk_6,67,KR,15.34375,96
binary_base_topology_shuffle,chunk_6,67,MC,,96
binary_base_topology_shuffle,chunk_6,67,cosine_similarity,0.050221974030137055,96
binary_base_topology_shuffle,chunk_6,67,kl_to_gaussian,0.0,96
binary_base_topology_shuffle,chunk_6,67,wt_mean,0.002270727592986,96
binary_base_topology_shuffle,chunk_6,68,GR,,96
binary_base_topology_shuffle,chunk_6,68,IPC,,96
binary_base_topology_shuffle,chunk_6,68,KR,14.78125,96
binary_base_topology_shuffle,chunk_6,68,MC,,96
binary_base_topology_shuffle,chunk_6,68,cosine_similarity,0.05049944855272765,96
binary_base_topology_shuffle,chunk_6,68,kl_to_gaussian,0.0,96
binary_base_topology_shuffle,chunk_6,68,wt_mean,0.002272765792440575,96
binary_base_topology_shuffle,chunk_6,69,GR,,96
binary_base_topology_shuffle,chunk_6,69,IPC,,96
binary_base_topology_shuffle,chunk_6,69,KR,15.25,96
binary_base_topology_shuffle,chunk_6,69,MC,,96
binary_base_topology_shuffle,chunk_6,69,cosine_similarity,0.04994450975209467,96
binary_base_topology_shuffle,chunk_6,69,kl_to_gaussian,0.0,96
binary_base_topology_shuffle,chunk_6,69,wt_mean,0.00222538251546205,96
binary_base_topology_shuffle,chunk_7,70,GR,,96
binary_base_topology_shuffle,chunk_7,70,IPC,,96
binary_base_topology_shuffle,chunk_7,70,KR,17.166666666666668,96
binary_base_topology_shuffle,chunk_7,70,MC,,96
binary_base_topology_shuffle,chunk_7,70,cosine_similarity,0.053829080425202826,96
binary_base_topology_shuffle,chunk_7,70,kl_to_gaussian,0.0,96
binary_base_topology_shuffle,chunk_7,70,wt_mean,0.00224279076792295,96
binary_base_topology_shuffle,chunk_7,71,GR,,96
binary_base_topology_shuffle,chunk_7,71,IPC,,96
binary_base_topology_shuffle,chunk_7,71,KR,15.958333333333334,96
binary_base_topology_shuffle,chunk_7,71,MC,,96
binary_base_topology_shuffle,chunk_7,71,cosine_similarity,0.0516093214973807,96
binary_base_topology_shuffle,chunk_7,71,kl_to_gaussian,0.0,96
binary_base_topology_shuffle,chunk_7,71,wt_mean,0.0022468710376415,96
binary_base_topology_shuffle,chunk_7,72,GR,,96
binary_base_topology_shuffle,chunk_7,72,IPC,,96
binary_base_topology_shuffle,chunk_7,72,KR,14.572916666666666,96
binary_base_topology_shuffle,chunk_7,72,MC,,96
binary_base_topology_shuffle,chunk_7,72,cosine_similarity,0.047447286546230295,96
binary_base_topology_shuffle,chunk_7,72,kl_to_gaussian,0.0,96
binary_base_topology_shuffle,chunk_7,72,wt_mean,0.00223145872587335,96
binary_base_topology_shuffle,chunk_7,73,GR,,96
binary_base_topology_shuffle,chunk_7,73,IPC,,96
binary_base_topology_shuffle,chunk_7,73,KR,14.21875,96
binary_base_topology_shuffle,chunk_7,73,MC,,96
binary_base_topology_shuffle,chunk_7,73,cosine_similarity,0.051054368726909126,96
binary_base_topology_shuffle,chunk_7,73,kl_to_gaussian,0.0,96
binary_base_topology_shuffle,chunk_7,73,wt_mean,0.0022568005661014,96
binary_base_topology_shuffle,chunk_7,74,GR,,96
binary_base_topology_shuffle,chunk_7,74,IPC,,96
binary_base_topology_shuffle,chunk_7,74,KR,15.614583333333334,96
binary_base_topology_shuffle,chunk_7,74,MC,,96
binary_base_topology_shuffle,chunk_7,74,cosine_similarity,0.05077692307531825,96
binary_base_topology_shuffle,chunk_7,74,kl_to_gaussian,0.0,96
binary_base_topology_shuffle,chunk_7,74,wt_mean,0.002238237706478625,96
binary_base_topology_shuffle,chunk_7,75,GR,,96
binary_base_topology_shuffle,chunk_7,75,IPC,,96
binary_base_topology_shuffle,chunk_7,75,KR,16.895833333333332,96
binary_base_topology_shuffle,chunk_7,75,MC,,96
binary_base_topology_shuffle,chunk_7,75,cosine_similarity,0.051886775530874674,96
binary_base_topology_shuffle,chunk_7,75,kl_to_gaussian,0.0,96
binary_base_topology_shuffle,chunk_7,75,wt_mean,0.002215156011516175,96
binary_base_topology_shuffle,chunk_7,76,GR,,96
binary_base_topology_shuffle,chunk_7,76,IPC,,96
binary_base_topology_shuffle,chunk_7,76,KR,15.6875,96
binary_base_topology_shuffle,chunk_7,76,MC,,96
binary_base_topology_shuffle,chunk_7,76,cosine_similarity,0.057436174713075126,96
binary_base_topology_shuffle,chunk_7,76,kl_to_gaussian,0.0,96
binary_base_topology_shuffle,chunk_7,76,wt_mean,0.002261648041894625,96
binary_base_topology_shuffle,chunk_7,77,GR,,96
binary_base_topology_shuffle,chunk_7,77,IPC,,96
binary_base_topology_shuffle,chunk_7,77,KR,17.583333333333332,96
binary_base_topology_shuffle,chunk_7,77,MC,,96
binary_base_topology_shuffle,chunk_7,77,cosine_similarity,0.0485571585595607,96
binary_base_topology_shuffle,chunk_7,77,kl_to_gaussian,0.0,96
binary_base_topology_shuffle,chunk_7,77,wt_mean,0.00224827195052055,96
binary_base_topology_shuffle,chunk_7,78,GR,,96
binary_base_topology_shuffle,chunk_7,78,IPC,,96
binary_base_topology_shuffle,chunk_7,78,KR,15.864583333333334,96
binary_base_topology_shuffle,chunk_7,78,MC,,96
binary_base_topology_shuffle,chunk_7,78,cosine_similarity,0.05493896268308155,96
binary_base_topology_shuffle,chunk_7,78,kl_to_gaussian,0.0,96
binary_base_topology_shuffle,chunk_7,78,wt_mean,0.0022409533557947252,96
binary_base_topology_shuffle,chunk_7,79,GR,,96
binary_base_topology_shuffle,chunk_7,79,IPC,,96
binary_base_topology_shuffle,chunk_7,79,KR,16.489583333333332,96
binary_base_topology_shuffle,chunk_7,79,MC,,96
binary_base_topology_shuffle,chunk_7,79,cosine_similarity,0.0471698157489299,96
binary_base_topology_shuffle,chunk_7,79,kl_to_gaussian,0.0,96
binary_base_topology_shuffle,chunk_7,79,wt_mean,0.0022682859562336752,96
binary_base_topology_shuffle,chunk_8,80,GR,,96
binary_base_topology_shuffle,chunk_8,80,IPC,,96
binary_base_topology_shuffle,chunk_8,80,KR,16.239583333333332,96
binary_base_topology_shuffle,chunk_8,80,MC,,96
binary_base_topology_shuffle,chunk_8,80,cosine_similarity,0.050221972167491906,96
binary_base_topology_shuffle,chunk_8,80,kl_to_gaussian,0.0,96
binary_base_topology_shuffle,chunk_8,80,wt_mean,0.00223529673530715,96
binary_base_topology_shuffle,chunk_8,81,GR,,96
binary_base_topology_shuffle,chunk_8,81,IPC,,96
binary_base_topology_shuffle,chunk_8,81,KR,17.854166666666668,96
binary_base_topology_shuffle,chunk_8,81,MC,,96
binary_base_topology_shuffle,chunk_8,81,cosine_similarity,0.0535516142845153,96
binary_base_topology_shuffle,chunk_8,81,kl_to_gaussian,0.0,96
binary_base_topology_shuffle,chunk_8,81,wt_mean,0.0022151441662571747,96
binary_base_topology_shuffle,chunk_8,82,GR,,96
binary_base_topology_shuffle,chunk_8,82,IPC,,96
binary_base_topology_shuffle,chunk_8,82,KR,17.0625,96
binary_base_topology_shuffle,chunk_8,82,MC,,96
binary_base_topology_shuffle,chunk_8,82,cosine_similarity,0.04938955325633285,96
binary_base_topology_shuffle,chunk_8,82,kl_to_gaussian,0.0,96
binary_base_topology_shuffle,chunk_8,82,wt_mean,0.0022383544419426,96
binary_base_topology_shuffle,chunk_8,83,GR,,96
binary_base_topology_shuffle,chunk_8,83,IPC,,96
binary_base_topology_shuffle,chunk_8,83,KR,15.666666666666666,96
binary_base_topology_shuffle,chunk_8,83,MC,,96
binary_base_topology_shuffle,chunk_8,83,cosine_similarity,0.0518867932260036,96
binary_base_topology_shuffle,chunk_8,83,kl_to_gaussian,0.0,96
binary_base_topology_shuffle,chunk_8,83,wt_mean,0.0022615755151491252,96
binary_base_topology_shuffle,chunk_8,84,GR,,96
binary_base_topology_shuffle,chunk_8,84,IPC,,96
binary_base_topology_shuffle,chunk_8,84,KR,17.364583333333332,96
binary_base_topology_shuffle,chunk_8,84,MC,,96
binary_base_topology_shuffle,chunk_8,84,cosine_similarity,0.04883463773876425,96
binary_base_topology_shuffle,chunk_8,84,kl_to_gaussian,0.0,96
binary_base_topology_shuffle,chunk_8,84,wt_mean,0.0022620862000621252,96
binary_base_topology_shuffle,chunk_8,85,GR,,96
binary_base_topology_shuffle,chunk_8,85,IPC,,96
binary_base_topology_shuffle,chunk_8,85,KR,16.125,96
binary_base_topology_shuffle,chunk_8,85,MC,,96
binary_base_topology_shuffle,chunk_8,85,cosine_similarity,0.04744726512581107,96
binary_base_topology_shuffle,chunk_8,85,kl_to_gaussian,0.0,96
binary_base_topology_shuffle,chunk_8,85,wt_mean,0.0022872127010486747,96
binary_base_topology_shuffle,chunk_8,86,GR,,96
binary_base_topology_shuffle,chunk_8,86,IPC,,96
binary_base_topology_shuffle,chunk_8,86,KR,14.5,96
binary_base_topology_shuffle,chunk_8,86,MC,,96
binary_base_topology_shuffle,chunk_8,86,cosine_similarity,0.043562724255025324,96
binary_base_topology_shuffle,chunk_8,86,kl_to_gaussian,0.0,96
binary_base_topology_shuffle,chunk_8,86,wt_mean,0.002252856967970675,96
binary_base_topology_shuffle,chunk_8,87,GR,,96
binary_base_topology_shuffle,chunk_8,87,IPC,,96
binary_base_topology_shuffle,chunk_8,87,KR,15.1875,96
binary_base_topology_shuffle,chunk_8,87,MC,,96
binary_base_topology_shuffle,chunk_8,87,cosine_similarity,0.05160931777209043,96
binary_base_topology_shuffle,chunk_8,87,kl_to_gaussian,0.0,96
binary_base_topology_shuffle,chunk_8,87,wt_mean,0.002256619773106625,96
binary_base_topology_shuffle,chunk_8,88,GR,,96
binary_base_topology_shuffle,chunk_8,88,IPC,,96
binary_base_topology_shuffle,chunk_8,88,KR,17.270833333333332,96
binary_base_topology_shuffle,chunk_8,88,MC,,96
binary_base_topology_shuffle,chunk_8,88,cosine_similarity,0.04994451254606239,96
binary_base_topology_shuffle,chunk_8,88,kl_to_gaussian,0.0,96
binary_base_topology_shuffle,chunk_8,88,wt_mean,0.002239487745100575,96
binary_base_topology_shuffle,chunk_8,89,GR,,96
binary_base_topology_shuffle,chunk_8,89,IPC,,96
binary_base_topology_shuffle,chunk_8,89,KR,15.270833333333334,96
binary_base_topology_shuffle,chunk_8,89,MC,,96
binary_base_topology_shuffle,chunk_8,89,cosine_similarity,0.049667035229504074,96
binary_base_topology_shuffle,chunk_8,89,kl_to_gaussian,0.0,96
binary_base_topology_shuffle,chunk_8,89,wt_mean,0.0022203797707333497,96
binary_base_topology_shuffle,chunk_9,90,GR,,96
binary_base_topology_shuffle,chunk_9,90,IPC,,96
binary_base_topology_shuffle,chunk_9,90,KR,20.145833333333332,96
binary_base_topology_shuffle,chunk_9,90,MC,,96
binary_base_topology_shuffle,chunk_9,90,cosine_similarity,0.04994450788944952,96
binary_base_topology_shuffle,chunk_9,90,kl_to_gaussian,0.0,96
binary_base_topology_shuffle,chunk_9,90,wt_mean,0.002256250299978975,96
binary_base_topology_shuffle,chunk_9,91,GR,,96
binary_base_topology_shuffle,chunk_9,91,IPC,,96
binary_base_topology_shuffle,chunk_9,91,KR,16.604166666666668,96
binary_base_topology_shuffle,chunk_9,91,MC,,96
binary_base_topology_shuffle,chunk_9,91,cosine_similarity,0.0468923486769199,96
binary_base_topology_shuffle,chunk_9,91,kl_to_gaussian,0.0,96
binary_base_topology_shuffle,chunk_9,91,wt_mean,0.002226722863269925,96
binary_base_topology_shuffle,chunk_9,92,GR,,96
binary_base_topology_shuffle,chunk_9,92,IPC,,96
binary_base_topology_shuffle,chunk_9,92,KR,16.760416666666668,96
binary_base_topology_shuffle,chunk_9,92,MC,,96
binary_base_topology_shuffle,chunk_9,92,cosine_similarity,0.04550498537719245,96
binary_base_topology_shuffle,chunk_9,92,kl_to_gaussian,0.0,96
binary_base_topology_shuffle,chunk_9,92,wt_mean,0.0022468684474005753,96
binary_base_topology_shuffle,chunk_9,93,GR,,96
binary_base_topology_shuffle,chunk_9,93,IPC,,96
binary_base_topology_shuffle,chunk_9,93,KR,16.1875,96
binary_base_topology_shuffle,chunk_9,93,MC,,96
binary_base_topology_shuffle,chunk_9,93,cosine_similarity,0.05133183486759655,96
binary_base_topology_shuffle,chunk_9,93,kl_to_gaussian,0.0,96
binary_base_topology_shuffle,chunk_9,93,wt_mean,0.002269741788040775,96
binary_base_topology_shuffle,chunk_9,94,GR,,96
binary_base_topology_shuffle,chunk_9,94,IPC,,96
binary_base_topology_shuffle,chunk_9,94,KR,17.395833333333332,96
binary_base_topology_shuffle,chunk_9,94,MC,,96
binary_base_topology_shuffle,chunk_9,94,cosine_similarity,0.05160931963473555,96
binary_base_topology_shuffle,chunk_9,94,kl_to_gaussian,0.0,96
binary_base_topology_shuffle,chunk_9,94,wt_mean,0.0022553101589436997,96
binary_base_topology_shuffle,chunk_9,95,GR,,96
binary_base_topology_shuffle,chunk_9,95,IPC,,96
binary_base_topology_shuffle,chunk_9,95,KR,15.333333333333334,96
binary_base_topology_shuffle,chunk_9,95,MC,,96
binary_base_topology_shuffle,chunk_9,95,cosine_similarity,0.05549389589577908,96
binary_base_topology_shuffle,chunk_9,95,kl_to_gaussian,0.0,96
binary_base_topology_shuffle,chunk_9,95,wt_mean,0.00223528689821245,96
binary_base_topology_shuffle,chunk_9,96,GR,,96
binary_base_topology_shuffle,chunk_9,96,IPC,,96
binary_base_topology_shuffle,chunk_9,96,KR,18.416666666666668,96
binary_base_topology_shuffle,chunk_9,96,MC,,96
binary_base_topology_shuffle,chunk_9,96,cosine_similarity,0.0457824543118476,96
binary_base_topology_shuffle,chunk_9,96,kl_to_gaussian,0.0,96
binary_base_topology_shuffle,chunk_9,96,wt_mean,0.00223460298730055,96
binary_base_topology_shuffle,chunk_9,97,GR,,96
binary_base_topology_shuffle,chunk_9,97,IPC,,96
binary_base_topology_shuffle,chunk_9,97,KR,17.739583333333332,96
binary_base_topology_shuffle,chunk_9,97,MC,,96
binary_base_topology_shuffle,chunk_9,97,cosine_similarity,0.04911208711564535,96
binary_base_topology_shuffle,chunk_9,97,kl_to_gaussian,0.0,96
binary_base_topology_shuffle,chunk_9,97,wt_mean,0.0022404420014936,96
binary_base_topology_shuffle,chunk_9,98,GR,,96
binary_base_topology_shuffle,chunk_9,98,IPC,,96
binary_base_topology_shuffle,chunk_9,98,KR,15.489583333333334,96
binary_base_topology_shuffle,chunk_9,98,MC,,96
binary_base_topology_shuffle,chunk_9,98,cosine_similarity,0.05521641019731757,96
binary_base_topology_shuffle,chunk_9,98,kl_to_gaussian,0.0,96
binary_base_topology_shuffle,chunk_9,98,wt_mean,0.00224759484990495,96
binary_base_topology_shuffle,chunk_9,99,GR,,96
binary_base_topology_shuffle,chunk_9,99,IPC,,96
binary_base_topology_shuffle,chunk_9,99,KR,17.875,96
binary_base_topology_shuffle,chunk_9,99,MC,,96
binary_base_topology_shuffle,chunk_9,99,cosine_similarity,0.04744729492813347,96
binary_base_topology_shuffle,chunk_9,99,kl_to_gaussian,0.0,96
binary_base_topology_shuffle,chunk_9,99,wt_mean,0.002245341485831825,96
celW+connShuf,chunk_0,0,GR,,96
celW+connShuf,chunk_0,0,IPC,,96
celW+connShuf,chunk_0,0,KR,57.125,96
celW+connShuf,chunk_0,0,MC,,96
celW+connShuf,chunk_0,0,cosine_similarity,0.0183688732795417,96
celW+connShuf,chunk_0,0,kl_to_gaussian,0.6823334339246805,96
celW+connShuf,chunk_0,0,wt_mean,0.0021302539098541503,96
celW+connShuf,chunk_0,1,GR,,96
celW+connShuf,chunk_0,1,IPC,,96
celW+connShuf,chunk_0,1,KR,71.67708333333333,96
celW+connShuf,chunk_0,1,MC,,96
celW+connShuf,chunk_0,1,cosine_similarity,0.014849602943286277,96
celW+connShuf,chunk_0,1,kl_to_gaussian,0.682261965241452,96
celW+connShuf,chunk_0,1,wt_mean,0.0021731781016569,96
celW+connShuf,chunk_0,2,GR,,96
celW+connShuf,chunk_0,2,IPC,,96
celW+connShuf,chunk_0,2,KR,52.84375,96
celW+connShuf,chunk_0,2,MC,,96
celW+connShuf,chunk_0,2,cosine_similarity,0.0206006057560443,96
celW+connShuf,chunk_0,2,kl_to_gaussian,0.6822619850487667,96
celW+connShuf,chunk_0,2,wt_mean,0.002012266428209775,96
celW+connShuf,chunk_0,3,GR,,96
celW+connShuf,chunk_0,3,IPC,,96
celW+connShuf,chunk_0,3,KR,60.0625,96
celW+connShuf,chunk_0,3,MC,,96
celW+connShuf,chunk_0,3,cosine_similarity,0.011759511427953775,96
celW+connShuf,chunk_0,3,kl_to_gaussian,0.682261974165807,96
celW+connShuf,chunk_0,3,wt_mean,0.0021532435494009,96
celW+connShuf,chunk_0,4,GR,,96
celW+connShuf,chunk_0,4,IPC,,96
celW+connShuf,chunk_0,4,KR,67.96875,96
celW+connShuf,chunk_0,4,MC,,96
celW+connShuf,chunk_0,4,cosine_similarity,0.01462070667184885,96
celW+connShuf,chunk_0,4,kl_to_gaussian,0.6822619976749936,96
celW+connShuf,chunk_0,4,wt_mean,0.00211352802580215,96
celW+connShuf,chunk_0,5,GR,,96
celW+connShuf,chunk_0,5,IPC,,96
celW+connShuf,chunk_0,5,KR,78.46875,96
celW+connShuf,chunk_0,5,MC,,96
celW+connShuf,chunk_0,5,cosine_similarity,0.021516186185181075,96
celW+connShuf,chunk_0,5,kl_to_gaussian,0.6823334434810336,96
celW+connShuf,chunk_0,5,wt_mean,0.002215502929175225,96
celW+connShuf,chunk_0,6,GR,,96
celW+connShuf,chunk_0,6,IPC,,96
celW+connShuf,chunk_0,6,KR,61.354166666666664,96
celW+connShuf,chunk_0,6,MC,,96
celW+connShuf,chunk_0,6,cosine_similarity,0.008812480140477351,96
celW+connShuf,chunk_0,6,kl_to_gaussian,0.6823334561084026,96
celW+connShuf,chunk_0,6,wt_mean,0.00219540070975195,96
celW+connShuf,chunk_0,7,GR,,96
celW+connShuf,chunk_0,7,IPC,,96
celW+connShuf,chunk_0,7,KR,58.364583333333336,96
celW+connShuf,chunk_0,7,MC,,96
celW+connShuf,chunk_0,7,cosine_similarity,0.021516187582164947,96
celW+connShuf,chunk_0,7,kl_to_gaussian,0.6822620136606856,96
celW+connShuf,chunk_0,7,wt_mean,0.0021309449221007,96
celW+connShuf,chunk_0,8,GR,,96
celW+connShuf,chunk_0,8,IPC,,96
celW+connShuf,chunk_0,8,KR,74.63541666666667,96
celW+connShuf,chunk_0,8,MC,,96
celW+connShuf,chunk_0,8,cosine_similarity,0.00803995830938215,96
celW+connShuf,chunk_0,8,kl_to_gaussian,0.6822619976039331,96
celW+connShuf,chunk_0,8,wt_mean,0.0022930289851501,96
celW+connShuf,chunk_0,9,GR,,96
celW+connShuf,chunk_0,9,IPC,,96
celW+connShuf,chunk_0,9,KR,51.145833333333336,96
celW+connShuf,chunk_0,9,MC,,96
celW+connShuf,chunk_0,9,cosine_similarity,0.0143631987739354,96
celW+connShuf,chunk_0,9,kl_to_gaussian,0.6822620018101251,96
celW+connShuf,chunk_0,9,wt_mean,0.0020206655026413,96
celW+connShuf,chunk_1,10,GR,,96
celW+connShuf,chunk_1,10,IPC,,96
celW+connShuf,chunk_1,10,KR,78.6875,96
celW+connShuf,chunk_1,10,MC,,96
celW+connShuf,chunk_1,10,cosine_similarity,0.015879632439464275,96
celW+connShuf,chunk_1,10,kl_to_gaussian,0.6822620041310502,96
celW+connShuf,chunk_1,10,wt_mean,0.00241474670474415,96
celW+connShuf,chunk_1,11,GR,,96
celW+connShuf,chunk_1,11,IPC,,96
celW+connShuf,chunk_1,11,KR,63.0,96
celW+connShuf,chunk_1,11,MC,,96
celW+connShuf,chunk_1,11,cosine_similarity,0.01968502392992375,96
celW+connShuf,chunk_1,11,kl_to_gaussian,0.6822619987874518,96
celW+connShuf,chunk_1,11,wt_mean,0.0020215134718454997,96
celW+connShuf,chunk_1,12,GR,,96
celW+connShuf,chunk_1,12,IPC,,96
celW+connShuf,chunk_1,12,KR,65.21875,96
celW+connShuf,chunk_1,12,MC,,96
celW+connShuf,chunk_1,12,cosine_similarity,0.013905408792197677,96
celW+connShuf,chunk_1,12,kl_to_gaussian,0.682333430755353,96
celW+connShuf,chunk_1,12,wt_mean,0.00216294953133905,96
celW+connShuf,chunk_1,13,GR,,96
celW+connShuf,chunk_1,13,IPC,,96
celW+connShuf,chunk_1,13,KR,67.875,96
celW+connShuf,chunk_1,13,MC,,96
celW+connShuf,chunk_1,13,cosine_similarity,0.022975397761911074,96
celW+connShuf,chunk_1,13,kl_to_gaussian,0.6823334447048587,96
celW+connShuf,chunk_1,13,wt_mean,0.002181937918066925,96
celW+connShuf,chunk_1,14,GR,,96
celW+connShuf,chunk_1,14,IPC,,96
celW+connShuf,chunk_1,14,KR,102.48958333333333,96
celW+connShuf,chunk_1,14,MC,,96
celW+connShuf,chunk_1,14,cosine_similarity,0.018254424910992353,96
celW+connShuf,chunk_1,14,kl_to_gaussian,0.6823334414207284,96
celW+connShuf,chunk_1,14,wt_mean,0.0025323435547761,96
celW+connShuf,chunk_1,15,GR,,96
celW+connShuf,chunk_1,15,IPC,,96
celW+connShuf,chunk_1,15,KR,65.82291666666667,96
celW+connShuf,chunk_1,15,MC,,96
celW+connShuf,chunk_1,15,cosine_similarity,0.02197397779673335,96
celW+connShuf,chunk_1,15,kl_to_gaussian,0.6822619929598684,96
celW+connShuf,chunk_1,15,wt_mean,0.0022823176987003,96
celW+connShuf,chunk_1,16,GR,,96
celW+connShuf,chunk_1,16,IPC,,96
celW+connShuf,chunk_1,16,KR,80.55208333333333,96
celW+connShuf,chunk_1,16,MC,,96
celW+connShuf,chunk_1,16,cosine_similarity,0.01113004842773075,96
celW+connShuf,chunk_1,16,kl_to_gaussian,0.6824048783792422,96
celW+connShuf,chunk_1,16,wt_mean,0.0023249658988788,96
celW+connShuf,chunk_1,17,GR,,96
celW+connShuf,chunk_1,17,IPC,,96
celW+connShuf,chunk_1,17,KR,78.95833333333333,96
celW+connShuf,chunk_1,17,MC,,96
celW+connShuf,chunk_1,17,cosine_similarity,0.01965640997514125,96
celW+connShuf,chunk_1,17,kl_to_gaussian,0.6822620180783409,96
celW+connShuf,chunk_1,17,wt_mean,0.0024569834349676503,96
celW+connShuf,chunk_1,18,GR,,96
celW+connShuf,chunk_1,18,IPC,,96
celW+connShuf,chunk_1,18,KR,56.354166666666664,96
celW+connShuf,chunk_1,18,MC,,96
celW+connShuf,chunk_1,18,cosine_similarity,0.0124175855889916,96
celW+connShuf,chunk_1,18,kl_to_gaussian,0.6822619963981237,96
celW+connShuf,chunk_1,18,wt_mean,0.002057105913991075,96
celW+connShuf,chunk_1,19,GR,,96
celW+connShuf,chunk_1,19,IPC,,96
celW+connShuf,chunk_1,19,KR,93.625,96
celW+connShuf,chunk_1,19,MC,,96
celW+connShuf,chunk_1,19,cosine_similarity,0.016451871022582023,96
celW+connShuf,chunk_1,19,kl_to_gaussian,0.6824048830790069,96
celW+connShuf,chunk_1,19,wt_mean,0.002518242195947025,96
celW+connShuf,chunk_10,100,GR,,96
celW+connShuf,chunk_10,100,IPC,,96
celW+connShuf,chunk_10,100,KR,119.90625,96
celW+connShuf,chunk_10,100,MC,,96
celW+connShuf,chunk_10,100,cosine_similarity,0.016366035677492553,96
celW+connShuf,chunk_10,100,kl_to_gaussian,0.6822619924199302,96
celW+connShuf,chunk_10,100,wt_mean,0.002861909801140375,96
celW+connShuf,chunk_10,101,GR,,96
celW+connShuf,chunk_10,101,IPC,,96
celW+connShuf,chunk_10,101,KR,75.27083333333333,96
celW+connShuf,chunk_10,101,MC,,96
celW+connShuf,chunk_10,101,cosine_similarity,0.01965640997514125,96
celW+connShuf,chunk_10,101,kl_to_gaussian,0.6823334309647628,96
celW+connShuf,chunk_10,101,wt_mean,0.00242439797148105,96
celW+connShuf,chunk_10,102,GR,,96
celW+connShuf,chunk_10,102,IPC,,96
celW+connShuf,chunk_10,102,KR,75.30208333333333,96
celW+connShuf,chunk_10,102,MC,,96
celW+connShuf,chunk_10,102,cosine_similarity,0.009012764319777425,96
celW+connShuf,chunk_10,102,kl_to_gaussian,0.6823334572647698,96
celW+connShuf,chunk_10,102,wt_mean,0.0023843939998186747,96
celW+connShuf,chunk_10,103,GR,,96
celW+connShuf,chunk_10,103,IPC,,96
celW+connShuf,chunk_10,103,KR,76.21875,96
celW+connShuf,chunk_10,103,MC,,96
celW+connShuf,chunk_10,103,cosine_similarity,0.012789541855454398,96
celW+connShuf,chunk_10,103,kl_to_gaussian,0.6822620011286334,96
celW+connShuf,chunk_10,103,wt_mean,0.002314025274245,96
celW+connShuf,chunk_10,104,GR,,96
celW+connShuf,chunk_10,104,IPC,,96
celW+connShuf,chunk_10,104,KR,57.489583333333336,96
celW+connShuf,chunk_10,104,MC,,96
celW+connShuf,chunk_10,104,cosine_similarity,0.01610852964222425,96
celW+connShuf,chunk_10,104,kl_to_gaussian,0.6823334489860726,96
celW+connShuf,chunk_10,104,wt_mean,0.0019720462732948,96
celW+connShuf,chunk_10,105,GR,,96
celW+connShuf,chunk_10,105,IPC,,96
celW+connShuf,chunk_10,105,KR,58.020833333333336,96
celW+connShuf,chunk_10,105,MC,,96
celW+connShuf,chunk_10,105,cosine_similarity,0.012961213476955849,96
celW+connShuf,chunk_10,105,kl_to_gaussian,0.6822619835537619,96
celW+connShuf,chunk_10,105,wt_mean,0.002009270188864275,96
celW+connShuf,chunk_10,106,GR,,96
celW+connShuf,chunk_10,106,IPC,,96
celW+connShuf,chunk_10,106,KR,64.86458333333333,96
celW+connShuf,chunk_10,106,MC,,96
celW+connShuf,chunk_10,106,cosine_similarity,0.015021274099126401,96
celW+connShuf,chunk_10,106,kl_to_gaussian,0.6823334583545798,96
celW+connShuf,chunk_10,106,wt_mean,0.002208646503277075,96
celW+connShuf,chunk_10,107,GR,,96
celW+connShuf,chunk_10,107,IPC,,96
celW+connShuf,chunk_10,107,KR,69.11458333333333,96
celW+connShuf,chunk_10,107,MC,,96
celW+connShuf,chunk_10,107,cosine_similarity,0.0213445150293409,96
celW+connShuf,chunk_10,107,kl_to_gaussian,0.6823334290333599,96
celW+connShuf,chunk_10,107,wt_mean,0.0021918514685239,96
celW+connShuf,chunk_10,108,GR,,96
celW+connShuf,chunk_10,108,IPC,,96
celW+connShuf,chunk_10,108,KR,90.65625,96
celW+connShuf,chunk_10,108,MC,,96
celW+connShuf,chunk_10,108,cosine_similarity,0.015221557579934526,96
celW+connShuf,chunk_10,108,kl_to_gaussian,0.6824048908721393,96
celW+connShuf,chunk_10,108,wt_mean,0.0024929227656684248,96
celW+connShuf,chunk_10,109,GR,,96
celW+connShuf,chunk_10,109,IPC,,96
celW+connShuf,chunk_10,109,KR,92.5625,96
celW+connShuf,chunk_10,109,MC,,96
celW+connShuf,chunk_10,109,cosine_similarity,0.0187694388441741,96
celW+connShuf,chunk_10,109,kl_to_gaussian,0.6822619886324756,96
celW+connShuf,chunk_10,109,wt_mean,0.002515130356186925,96
celW+connShuf,chunk_11,110,GR,,96
celW+connShuf,chunk_11,110,IPC,,96
celW+connShuf,chunk_11,110,KR,84.11458333333333,96
celW+connShuf,chunk_11,110,MC,,96
celW+connShuf,chunk_11,110,cosine_similarity,0.020343097858130925,96
celW+connShuf,chunk_11,110,kl_to_gaussian,0.6823334448067203,96
celW+connShuf,chunk_11,110,wt_mean,0.0024307233106809997,96
celW+connShuf,chunk_11,111,GR,,96
celW+connShuf,chunk_11,111,IPC,,96
celW+connShuf,chunk_11,111,KR,84.33333333333333,96
celW+connShuf,chunk_11,111,MC,,96
celW+connShuf,chunk_11,111,cosine_similarity,0.01370512438006695,96
celW+connShuf,chunk_11,111,kl_to_gaussian,0.6822619932981558,96
celW+connShuf,chunk_11,111,wt_mean,0.0023426577681675003,96
celW+connShuf,chunk_11,112,GR,,96
celW+connShuf,chunk_11,112,IPC,,96
celW+connShuf,chunk_11,112,KR,72.34375,96
celW+connShuf,chunk_11,112,MC,,96
celW+connShuf,chunk_11,112,cosine_similarity,0.015364618739113175,96
celW+connShuf,chunk_11,112,kl_to_gaussian,0.6823334597241365,96
celW+connShuf,chunk_11,112,wt_mean,0.0022503978980238748,96
celW+connShuf,chunk_11,113,GR,,96
celW+connShuf,chunk_11,113,IPC,,96
celW+connShuf,chunk_11,113,KR,85.91666666666667,96
celW+connShuf,chunk_11,113,MC,,96
celW+connShuf,chunk_11,113,cosine_similarity,0.016909661702811624,96
celW+connShuf,chunk_11,113,kl_to_gaussian,0.6823334422595483,96
celW+connShuf,chunk_11,113,wt_mean,0.002349233080167275,96
celW+connShuf,chunk_11,114,GR,,96
celW+connShuf,chunk_11,114,IPC,,96
celW+connShuf,chunk_11,114,KR,52.166666666666664,96
celW+connShuf,chunk_11,114,MC,,96
celW+connShuf,chunk_11,114,cosine_similarity,0.01599407987669105,96
celW+connShuf,chunk_11,114,kl_to_gaussian,0.6822620115697949,96
celW+connShuf,chunk_11,114,wt_mean,0.001975079328985825,96
celW+connShuf,chunk_11,115,GR,,96
celW+connShuf,chunk_11,115,IPC,,96
celW+connShuf,chunk_11,115,KR,64.46875,96
celW+connShuf,chunk_11,115,MC,,96
celW+connShuf,chunk_11,115,cosine_similarity,0.016366035211831276,96
celW+connShuf,chunk_11,115,kl_to_gaussian,0.6824049043299611,96
celW+connShuf,chunk_11,115,wt_mean,0.002211055776569925,96
celW+connShuf,chunk_11,116,GR,,96
celW+connShuf,chunk_11,116,IPC,,96
celW+connShuf,chunk_11,116,KR,95.02083333333333,96
celW+connShuf,chunk_11,116,MC,,96
celW+connShuf,chunk_11,116,cosine_similarity,0.0147923787590116,96
celW+connShuf,chunk_11,116,kl_to_gaussian,0.6822619974735602,96
celW+connShuf,chunk_11,116,wt_mean,0.0025853204715531003,96
celW+connShuf,chunk_11,117,GR,,96
celW+connShuf,chunk_11,117,IPC,,96
celW+connShuf,chunk_11,117,KR,49.322916666666664,96
celW+connShuf,chunk_11,117,MC,,96
celW+connShuf,chunk_11,117,cosine_similarity,0.0186263797804713,96
celW+connShuf,chunk_11,117,kl_to_gaussian,0.6822619913411777,96
celW+connShuf,chunk_11,117,wt_mean,0.0018903049931395,96
celW+connShuf,chunk_11,118,GR,,96
celW+connShuf,chunk_11,118,IPC,,96
celW+connShuf,chunk_11,118,KR,71.09375,96
celW+connShuf,chunk_11,118,MC,,96
celW+connShuf,chunk_11,118,cosine_similarity,0.010786706814542376,96
celW+connShuf,chunk_11,118,kl_to_gaussian,0.6823334377308274,96
celW+connShuf,chunk_11,118,wt_mean,0.002346579189179425,96
celW+connShuf,chunk_11,119,GR,,96
celW+connShuf,chunk_11,119,IPC,,96
celW+connShuf,chunk_11,119,KR,66.07291666666667,96
celW+connShuf,chunk_11,119,MC,,96
celW+connShuf,chunk_11,119,cosine_similarity,0.012217302573844726,96
celW+connShuf,chunk_11,119,kl_to_gaussian,0.6823334422068293,96
celW+connShuf,chunk_11,119,wt_mean,0.00215245247818525,96
celW+connShuf,chunk_12,120,GR,,96
celW+connShuf,chunk_12,120,IPC,,96
celW+connShuf,chunk_12,120,KR,63.614583333333336,96
celW+connShuf,chunk_12,120,MC,,96
celW+connShuf,chunk_12,120,cosine_similarity,0.018712217453867176,96
celW+connShuf,chunk_12,120,kl_to_gaussian,0.6822619928779045,96
celW+connShuf,chunk_12,120,wt_mean,0.0021378170349634503,96
celW+connShuf,chunk_12,121,GR,,96
celW+connShuf,chunk_12,121,IPC,,96
celW+connShuf,chunk_12,121,KR,66.94791666666667,96
celW+connShuf,chunk_12,121,MC,,96
celW+connShuf,chunk_12,121,cosine_similarity,0.017825244925916126,96
celW+connShuf,chunk_12,121,kl_to_gaussian,0.6823334416297078,96
celW+connShuf,chunk_12,121,wt_mean,0.002167841652408175,96
celW+connShuf,chunk_12,122,GR,,96
celW+connShuf,chunk_12,122,IPC,,96
celW+connShuf,chunk_12,122,KR,57.197916666666664,96
celW+connShuf,chunk_12,122,MC,,96
celW+connShuf,chunk_12,122,cosine_similarity,0.016966885887086326,96
celW+connShuf,chunk_12,122,kl_to_gaussian,0.6822620124859728,96
celW+connShuf,chunk_12,122,wt_mean,0.002162453631171875,96
celW+connShuf,chunk_12,123,GR,,96
celW+connShuf,chunk_12,123,IPC,,96
celW+connShuf,chunk_12,123,KR,51.09375,96
celW+connShuf,chunk_12,123,MC,,96
celW+connShuf,chunk_12,123,cosine_similarity,0.023147069849073873,96
celW+connShuf,chunk_12,123,kl_to_gaussian,0.6822619911139366,96
celW+connShuf,chunk_12,123,wt_mean,0.001843458390794625,96
celW+connShuf,chunk_12,124,GR,,96
celW+connShuf,chunk_12,124,IPC,,96
celW+connShuf,chunk_12,124,KR,92.42708333333333,96
celW+connShuf,chunk_12,124,MC,,96
celW+connShuf,chunk_12,124,cosine_similarity,0.012303138151764826,96
celW+connShuf,chunk_12,124,kl_to_gaussian,0.6822620037856192,96
celW+connShuf,chunk_12,124,wt_mean,0.002467185899149575,96
celW+connShuf,chunk_12,125,GR,,96
celW+connShuf,chunk_12,125,IPC,,96
celW+connShuf,chunk_12,125,KR,71.53125,96
celW+connShuf,chunk_12,125,MC,,96
celW+connShuf,chunk_12,125,cosine_similarity,0.016337422654032648,96
celW+connShuf,chunk_12,125,kl_to_gaussian,0.6822619966096979,96
celW+connShuf,chunk_12,125,wt_mean,0.002374302624957575,96
celW+connShuf,chunk_12,126,GR,,96
celW+connShuf,chunk_12,126,IPC,,96
celW+connShuf,chunk_12,126,KR,78.63541666666667,96
celW+connShuf,chunk_12,126,MC,,96
celW+connShuf,chunk_12,126,cosine_similarity,0.02028587181121105,96
celW+connShuf,chunk_12,126,kl_to_gaussian,0.6824049030423637,96
celW+connShuf,chunk_12,126,wt_mean,0.0024034408561419,96
celW+connShuf,chunk_12,127,GR,,96
celW+connShuf,chunk_12,127,IPC,,96
celW+connShuf,chunk_12,127,KR,69.1875,96
celW+connShuf,chunk_12,127,MC,,96
celW+connShuf,chunk_12,127,cosine_similarity,0.021773695014417126,96
celW+connShuf,chunk_12,127,kl_to_gaussian,0.6823334250086032,96
celW+connShuf,chunk_12,127,wt_mean,0.0023371345014311,96
celW+connShuf,chunk_12,128,GR,,96
celW+connShuf,chunk_12,128,IPC,,96
celW+connShuf,chunk_12,128,KR,64.76041666666667,96
celW+connShuf,chunk_12,128,MC,,96
celW+connShuf,chunk_12,128,cosine_similarity,0.00995695800520475,96
celW+connShuf,chunk_12,128,kl_to_gaussian,0.6822619866675724,96
celW+connShuf,chunk_12,128,wt_mean,0.00210134778171775,96
celW+connShuf,chunk_12,129,GR,,96
celW+connShuf,chunk_12,129,IPC,,96
celW+connShuf,chunk_12,129,KR,47.71875,96
celW+connShuf,chunk_12,129,MC,,96
celW+connShuf,chunk_12,129,cosine_similarity,0.014477647375315374,96
celW+connShuf,chunk_12,129,kl_to_gaussian,0.6822619928971593,96
celW+connShuf,chunk_12,129,wt_mean,0.001782447798177525,96
celW+connShuf,chunk_13,130,GR,,96
celW+connShuf,chunk_13,130,IPC,,96
celW+connShuf,chunk_13,130,KR,104.15625,96
celW+connShuf,chunk_13,130,MC,,96
celW+connShuf,chunk_13,130,cosine_similarity,0.019313065335154474,96
celW+connShuf,chunk_13,130,kl_to_gaussian,0.6822620214994046,96
celW+connShuf,chunk_13,130,wt_mean,0.0026349070540163497,96
celW+connShuf,chunk_13,131,GR,,96
celW+connShuf,chunk_13,131,IPC,,96
celW+connShuf,chunk_13,131,KR,56.895833333333336,96
celW+connShuf,chunk_13,131,MC,,96
celW+connShuf,chunk_13,131,cosine_similarity,0.0133617813698947,96
celW+connShuf,chunk_13,131,kl_to_gaussian,0.6823334625824612,96
celW+connShuf,chunk_13,131,wt_mean,0.002095558913424575,96
celW+connShuf,chunk_13,132,GR,,96
celW+connShuf,chunk_13,132,IPC,,96
celW+connShuf,chunk_13,132,KR,90.35416666666667,96
celW+connShuf,chunk_13,132,MC,,96
celW+connShuf,chunk_13,132,cosine_similarity,0.013419005554169375,96
celW+connShuf,chunk_13,132,kl_to_gaussian,0.6822619907358748,96
celW+connShuf,chunk_13,132,wt_mean,0.00232097244588655,96
celW+connShuf,chunk_13,133,GR,,96
celW+connShuf,chunk_13,133,IPC,,96
celW+connShuf,chunk_13,133,KR,81.71875,96
celW+connShuf,chunk_13,133,MC,,96
celW+connShuf,chunk_13,133,cosine_similarity,0.01293260161764915,96
celW+connShuf,chunk_13,133,kl_to_gaussian,0.6822619854515938,96
celW+connShuf,chunk_13,133,wt_mean,0.0023199157440103,96
celW+connShuf,chunk_13,134,GR,,96
celW+connShuf,chunk_13,134,IPC,,96
celW+connShuf,chunk_13,134,KR,84.66666666666667,96
celW+connShuf,chunk_13,134,MC,,96
celW+connShuf,chunk_13,134,cosine_similarity,0.015278782695531776,96
celW+connShuf,chunk_13,134,kl_to_gaussian,0.6823334359538601,96
celW+connShuf,chunk_13,134,wt_mean,0.002418356569251,96
celW+connShuf,chunk_13,135,GR,,96
celW+connShuf,chunk_13,135,IPC,,96
celW+connShuf,chunk_13,135,KR,81.26041666666667,96
celW+connShuf,chunk_13,135,MC,,96
celW+connShuf,chunk_13,135,cosine_similarity,0.021916754078119924,96
celW+connShuf,chunk_13,135,kl_to_gaussian,0.6822620023844328,96
celW+connShuf,chunk_13,135,wt_mean,0.00234070775331925,96
celW+connShuf,chunk_13,136,GR,,96
celW+connShuf,chunk_13,136,IPC,,96
celW+connShuf,chunk_13,136,KR,76.90625,96
celW+connShuf,chunk_13,136,MC,,96
celW+connShuf,chunk_13,136,cosine_similarity,0.017167170532047676,96
celW+connShuf,chunk_13,136,kl_to_gaussian,0.6822619808451416,96
celW+connShuf,chunk_13,136,wt_mean,0.002250078337965475,96
celW+connShuf,chunk_13,137,GR,,96
celW+connShuf,chunk_13,137,IPC,,96
celW+connShuf,chunk_13,137,KR,66.84375,96
celW+connShuf,chunk_13,137,MC,,96
celW+connShuf,chunk_13,137,cosine_similarity,0.015536288963630775,96
celW+connShuf,chunk_13,137,kl_to_gaussian,0.6823334542361909,96
celW+connShuf,chunk_13,137,wt_mean,0.002202897041570325,96
celW+connShuf,chunk_13,138,GR,,96
celW+connShuf,chunk_13,138,IPC,,96
celW+connShuf,chunk_13,138,KR,57.583333333333336,96
celW+connShuf,chunk_13,138,MC,,96
celW+connShuf,chunk_13,138,cosine_similarity,0.017510513775050602,96
celW+connShuf,chunk_13,138,kl_to_gaussian,0.6823334340287004,96
celW+connShuf,chunk_13,138,wt_mean,0.002007422765018375,96
celW+connShuf,chunk_13,139,GR,,96
celW+connShuf,chunk_13,139,IPC,,96
celW+connShuf,chunk_13,139,KR,62.552083333333336,96
celW+connShuf,chunk_13,139,MC,,96
celW+connShuf,chunk_13,139,cosine_similarity,0.01865499326959245,96
celW+connShuf,chunk_13,139,kl_to_gaussian,0.682262003565267,96
celW+connShuf,chunk_13,139,wt_mean,0.002043220680206975,96
celW+connShuf,chunk_14,140,GR,,96
celW+connShuf,chunk_14,140,IPC,,96
celW+connShuf,chunk_14,140,KR,74.0,96
celW+connShuf,chunk_14,140,MC,,96
celW+connShuf,chunk_14,140,cosine_similarity,0.0162229756824672,96
celW+connShuf,chunk_14,140,kl_to_gaussian,0.6822619853939277,96
celW+connShuf,chunk_14,140,wt_mean,0.0022100557398516,96
celW+connShuf,chunk_14,141,GR,,96
celW+connShuf,chunk_14,141,IPC,,96
celW+connShuf,chunk_14,141,KR,50.666666666666664,96
celW+connShuf,chunk_14,141,MC,,96
celW+connShuf,chunk_14,141,cosine_similarity,0.016766602173447574,96
celW+connShuf,chunk_14,141,kl_to_gaussian,0.6822619948178584,96
celW+connShuf,chunk_14,141,wt_mean,0.001975538179976825,96
celW+connShuf,chunk_14,142,GR,,96
celW+connShuf,chunk_14,142,IPC,,96
celW+connShuf,chunk_14,142,KR,55.552083333333336,96
celW+connShuf,chunk_14,142,MC,,96
celW+connShuf,chunk_14,142,cosine_similarity,0.0166807677596807,96
celW+connShuf,chunk_14,142,kl_to_gaussian,0.6823334394642152,96
celW+connShuf,chunk_14,142,wt_mean,0.002107017702655825,96
celW+connShuf,chunk_14,143,GR,,96
celW+connShuf,chunk_14,143,IPC,,96
celW+connShuf,chunk_14,143,KR,53.072916666666664,96
celW+connShuf,chunk_14,143,MC,,96
celW+connShuf,chunk_14,143,cosine_similarity,0.016451874282211027,96
celW+connShuf,chunk_14,143,kl_to_gaussian,0.6822620034809593,96
celW+connShuf,chunk_14,143,wt_mean,0.0018460180435794999,96
celW+connShuf,chunk_14,144,GR,,96
celW+connShuf,chunk_14,144,IPC,,96
celW+connShuf,chunk_14,144,KR,55.625,96
celW+connShuf,chunk_14,144,MC,,96
celW+connShuf,chunk_14,144,cosine_similarity,0.019828080199658798,96
celW+connShuf,chunk_14,144,kl_to_gaussian,0.6822620183459766,96
celW+connShuf,chunk_14,144,wt_mean,0.002199790818849525,96
celW+connShuf,chunk_14,145,GR,,96
celW+connShuf,chunk_14,145,IPC,,96
celW+connShuf,chunk_14,145,KR,52.822916666666664,96
celW+connShuf,chunk_14,145,MC,,96
celW+connShuf,chunk_14,145,cosine_similarity,0.012818153481930451,96
celW+connShuf,chunk_14,145,kl_to_gaussian,0.6824049072410214,96
celW+connShuf,chunk_14,145,wt_mean,0.002046095643890975,96
celW+connShuf,chunk_14,146,GR,,96
celW+connShuf,chunk_14,146,IPC,,96
celW+connShuf,chunk_14,146,KR,72.85416666666667,96
celW+connShuf,chunk_14,146,MC,,96
celW+connShuf,chunk_14,146,cosine_similarity,0.0143918117973953,96
celW+connShuf,chunk_14,146,kl_to_gaussian,0.6822620058477079,96
celW+connShuf,chunk_14,146,wt_mean,0.0023608192568644252,96
celW+connShuf,chunk_14,147,GR,,96
celW+connShuf,chunk_14,147,IPC,,96
celW+connShuf,chunk_14,147,KR,84.32291666666667,96
celW+connShuf,chunk_14,147,MC,,96
celW+connShuf,chunk_14,147,cosine_similarity,0.019971141126006776,96
celW+connShuf,chunk_14,147,kl_to_gaussian,0.6823334568199443,96
celW+connShuf,chunk_14,147,wt_mean,0.0024556355492676997,96
celW+connShuf,chunk_14,148,GR,,96
celW+connShuf,chunk_14,148,IPC,,96
celW+connShuf,chunk_14,148,KR,61.40625,96
celW+connShuf,chunk_14,148,MC,,96
celW+connShuf,chunk_14,148,cosine_similarity,0.0141629159916192,96
celW+connShuf,chunk_14,148,kl_to_gaussian,0.6822620066372996,96
celW+connShuf,chunk_14,148,wt_mean,0.00216724819620135,96
celW+connShuf,chunk_14,149,GR,,96
celW+connShuf,chunk_14,149,IPC,,96
celW+connShuf,chunk_14,149,KR,47.385416666666664,96
celW+connShuf,chunk_14,149,MC,,96
celW+connShuf,chunk_14,149,cosine_similarity,0.0159082449972629,96
celW+connShuf,chunk_14,149,kl_to_gaussian,0.682404890770323,96
celW+connShuf,chunk_14,149,wt_mean,0.002024489833274775,96
celW+connShuf,chunk_15,150,GR,,96
celW+connShuf,chunk_15,150,IPC,,96
celW+connShuf,chunk_15,150,KR,94.5625,96
celW+connShuf,chunk_15,150,MC,,96
celW+connShuf,chunk_15,150,cosine_similarity,0.020772276446223224,96
celW+connShuf,chunk_15,150,kl_to_gaussian,0.6822619923189991,96
celW+connShuf,chunk_15,150,wt_mean,0.0025586514093447,96
celW+connShuf,chunk_15,151,GR,,96
celW+connShuf,chunk_15,151,IPC,,96
celW+connShuf,chunk_15,151,KR,83.6875,96
celW+connShuf,chunk_15,151,MC,,96
celW+connShuf,chunk_15,151,cosine_similarity,0.01410569110885255,96
celW+connShuf,chunk_15,151,kl_to_gaussian,0.6823334381752432,96
celW+connShuf,chunk_15,151,wt_mean,0.002397261589067,96
celW+connShuf,chunk_15,152,GR,,96
celW+connShuf,chunk_15,152,IPC,,96
celW+connShuf,chunk_15,152,KR,57.510416666666664,96
celW+connShuf,chunk_15,152,MC,,96
celW+connShuf,chunk_15,152,cosine_similarity,0.017939694225788075,96
celW+connShuf,chunk_15,152,kl_to_gaussian,0.682333432784164,96
celW+connShuf,chunk_15,152,wt_mean,0.002107290725689325,96
celW+connShuf,chunk_15,153,GR,,96
celW+connShuf,chunk_15,153,IPC,,96
celW+connShuf,chunk_15,153,KR,74.57291666666667,96
celW+connShuf,chunk_15,153,MC,,96
celW+connShuf,chunk_15,153,cosine_similarity,0.0152501692064106,96
celW+connShuf,chunk_15,153,kl_to_gaussian,0.6823334398670807,96
celW+connShuf,chunk_15,153,wt_mean,0.00232790692825795,96
celW+connShuf,chunk_15,154,GR,,96
celW+connShuf,chunk_15,154,IPC,,96
celW+connShuf,chunk_15,154,KR,94.375,96
celW+connShuf,chunk_15,154,MC,,96
celW+connShuf,chunk_15,154,cosine_similarity,0.013333169510588,96
celW+connShuf,chunk_15,154,kl_to_gaussian,0.6822619934808786,96
celW+connShuf,chunk_15,154,wt_mean,0.002485111326677675,96
celW+connShuf,chunk_15,155,GR,,96
celW+connShuf,chunk_15,155,IPC,,96
celW+connShuf,chunk_15,155,KR,62.8125,96
celW+connShuf,chunk_15,155,MC,,96
celW+connShuf,chunk_15,155,cosine_similarity,0.015450453152880024,96
celW+connShuf,chunk_15,155,kl_to_gaussian,0.682261997319964,96
celW+connShuf,chunk_15,155,wt_mean,0.0020739693718496,96
celW+connShuf,chunk_15,156,GR,,96
celW+connShuf,chunk_15,156,IPC,,96
celW+connShuf,chunk_15,156,KR,79.05208333333333,96
celW+connShuf,chunk_15,156,MC,,96
celW+connShuf,chunk_15,156,cosine_similarity,0.01545045431703325,96
celW+connShuf,chunk_15,156,kl_to_gaussian,0.682333442731001,96
celW+connShuf,chunk_15,156,wt_mean,0.00246116830385285,96
celW+connShuf,chunk_15,157,GR,,96
celW+connShuf,chunk_15,157,IPC,,96
celW+connShuf,chunk_15,157,KR,74.27083333333333,96
celW+connShuf,chunk_15,157,MC,,96
celW+connShuf,chunk_15,157,cosine_similarity,0.014363199006766025,96
celW+connShuf,chunk_15,157,kl_to_gaussian,0.6822620130896794,96
celW+connShuf,chunk_15,157,wt_mean,0.0023332691343966503,96
celW+connShuf,chunk_15,158,GR,,96
celW+connShuf,chunk_15,158,IPC,,96
celW+connShuf,chunk_15,158,KR,45.0625,96
celW+connShuf,chunk_15,158,MC,,96
celW+connShuf,chunk_15,158,cosine_similarity,0.0128753769677132,96
celW+connShuf,chunk_15,158,kl_to_gaussian,0.6823334361040093,96
celW+connShuf,chunk_15,158,wt_mean,0.001831155241234175,96
celW+connShuf,chunk_15,159,GR,,96
celW+connShuf,chunk_15,159,IPC,,96
celW+connShuf,chunk_15,159,KR,59.552083333333336,96
celW+connShuf,chunk_15,159,MC,,96
celW+connShuf,chunk_15,159,cosine_similarity,0.015765184536576226,96
celW+connShuf,chunk_15,159,kl_to_gaussian,0.6823334582393891,96
celW+connShuf,chunk_15,159,wt_mean,0.0019756116671487,96
celW+connShuf,chunk_16,160,GR,,96
celW+connShuf,chunk_16,160,IPC,,96
celW+connShuf,chunk_16,160,KR,62.104166666666664,96
celW+connShuf,chunk_16,160,MC,,96
celW+connShuf,chunk_16,160,cosine_similarity,0.017510512843728048,96
celW+connShuf,chunk_16,160,kl_to_gaussian,0.6822619995270595,96
celW+connShuf,chunk_16,160,wt_mean,0.00208459995337755,96
celW+connShuf,chunk_16,161,GR,,96
celW+connShuf,chunk_16,161,IPC,,96
celW+connShuf,chunk_16,161,KR,106.0,96
celW+connShuf,chunk_16,161,MC,,96
celW+connShuf,chunk_16,161,cosine_similarity,0.011730900267139027,96
celW+connShuf,chunk_16,161,kl_to_gaussian,0.682261996896142,96
celW+connShuf,chunk_16,161,wt_mean,0.00269057179684745,96
celW+connShuf,chunk_16,162,GR,,96
celW+connShuf,chunk_16,162,IPC,,96
celW+connShuf,chunk_16,162,KR,56.1875,96
celW+connShuf,chunk_16,162,MC,,96
celW+connShuf,chunk_16,162,cosine_similarity,0.01862637931481,96
celW+connShuf,chunk_16,162,kl_to_gaussian,0.6822619944292901,96
celW+connShuf,chunk_16,162,wt_mean,0.0020591124193742503,96
celW+connShuf,chunk_16,163,GR,,96
celW+connShuf,chunk_16,163,IPC,,96
celW+connShuf,chunk_16,163,KR,61.604166666666664,96
celW+connShuf,chunk_16,163,MC,,96
celW+connShuf,chunk_16,163,cosine_similarity,0.0155935129150748,96
celW+connShuf,chunk_16,163,kl_to_gaussian,0.6822619897105565,96
celW+connShuf,chunk_16,163,wt_mean,0.002073315408779225,96
celW+connShuf,chunk_16,164,GR,,96
celW+connShuf,chunk_16,164,IPC,,96
celW+connShuf,chunk_16,164,KR,70.30208333333333,96
celW+connShuf,chunk_16,164,MC,,96
celW+connShuf,chunk_16,164,cosine_similarity,0.014334587845951251,96
celW+connShuf,chunk_16,164,kl_to_gaussian,0.6823334482515252,96
celW+connShuf,chunk_16,164,wt_mean,0.00226720896898765,96
celW+connShuf,chunk_16,165,GR,,96
celW+connShuf,chunk_16,165,IPC,,96
celW+connShuf,chunk_16,165,KR,82.44791666666667,96
celW+connShuf,chunk_16,165,MC,,96
celW+connShuf,chunk_16,165,cosine_similarity,0.0149640524759888,96
celW+connShuf,chunk_16,165,kl_to_gaussian,0.6824048946354409,96
celW+connShuf,chunk_16,165,wt_mean,0.0024434354854747,96
celW+connShuf,chunk_16,166,GR,,96
celW+connShuf,chunk_16,166,IPC,,96
celW+connShuf,chunk_16,166,KR,72.91666666666667,96
celW+connShuf,chunk_16,166,MC,,96
celW+connShuf,chunk_16,166,cosine_similarity,0.014706542482599552,96
celW+connShuf,chunk_16,166,kl_to_gaussian,0.6822619925178431,96
celW+connShuf,chunk_16,166,wt_mean,0.002304339112015375,96
celW+connShuf,chunk_16,167,GR,,96
celW+connShuf,chunk_16,167,IPC,,96
celW+connShuf,chunk_16,167,KR,50.052083333333336,96
celW+connShuf,chunk_16,167,MC,,96
celW+connShuf,chunk_16,167,cosine_similarity,0.0166235440410673,96
celW+connShuf,chunk_16,167,kl_to_gaussian,0.682261991140594,96
celW+connShuf,chunk_16,167,wt_mean,0.0019056638120673,96
celW+connShuf,chunk_16,168,GR,,96
celW+connShuf,chunk_16,168,IPC,,96
celW+connShuf,chunk_16,168,KR,66.47916666666667,96
celW+connShuf,chunk_16,168,MC,,96
celW+connShuf,chunk_16,168,cosine_similarity,0.023232905194163277,96
celW+connShuf,chunk_16,168,kl_to_gaussian,0.6823334455943723,96
celW+connShuf,chunk_16,168,wt_mean,0.002179498173063575,96
celW+connShuf,chunk_16,169,GR,,96
celW+connShuf,chunk_16,169,IPC,,96
celW+connShuf,chunk_16,169,KR,60.5625,96
celW+connShuf,chunk_16,169,MC,,96
celW+connShuf,chunk_16,169,cosine_similarity,0.015564899891614874,96
celW+connShuf,chunk_16,169,kl_to_gaussian,0.682262020439869,96
celW+connShuf,chunk_16,169,wt_mean,0.00215609584120095,96
celW+connShuf,chunk_17,170,GR,,96
celW+connShuf,chunk_17,170,IPC,,96
celW+connShuf,chunk_17,170,KR,77.20833333333333,96
celW+connShuf,chunk_17,170,MC,,96
celW+connShuf,chunk_17,170,cosine_similarity,0.015851022209972074,96
celW+connShuf,chunk_17,170,kl_to_gaussian,0.682261980681021,96
celW+connShuf,chunk_17,170,wt_mean,0.00223974086111405,96
celW+connShuf,chunk_17,171,GR,,96
celW+connShuf,chunk_17,171,IPC,,96
celW+connShuf,chunk_17,171,KR,96.82291666666667,96
celW+connShuf,chunk_17,171,MC,,96
celW+connShuf,chunk_17,171,cosine_similarity,0.018998334649950224,96
celW+connShuf,chunk_17,171,kl_to_gaussian,0.6822619989416833,96
celW+connShuf,chunk_17,171,wt_mean,0.002553304162574875,96
celW+connShuf,chunk_17,172,GR,,96
celW+connShuf,chunk_17,172,IPC,,96
celW+connShuf,chunk_17,172,KR,69.28125,96
celW+connShuf,chunk_17,172,MC,,96
celW+connShuf,chunk_17,172,cosine_similarity,0.017367456108331625,96
celW+connShuf,chunk_17,172,kl_to_gaussian,0.682262004173125,96
celW+connShuf,chunk_17,172,wt_mean,0.00215950838173735,96
celW+connShuf,chunk_17,173,GR,,96
celW+connShuf,chunk_17,173,IPC,,96
celW+connShuf,chunk_17,173,KR,76.1875,96
celW+connShuf,chunk_17,173,MC,,96
celW+connShuf,chunk_17,173,cosine_similarity,0.015507676871493426,96
celW+connShuf,chunk_17,173,kl_to_gaussian,0.682333429730782,96
celW+connShuf,chunk_17,173,wt_mean,0.002282840607222125,96
celW+connShuf,chunk_17,174,GR,,96
celW+connShuf,chunk_17,174,IPC,,96
celW+connShuf,chunk_17,174,KR,66.64583333333333,96
celW+connShuf,chunk_17,174,MC,,96
celW+connShuf,chunk_17,174,cosine_similarity,0.02205981453880665,96
celW+connShuf,chunk_17,174,kl_to_gaussian,0.6823334437079817,96
celW+connShuf,chunk_17,174,wt_mean,0.00215478343307035,96
celW+connShuf,chunk_17,175,GR,,96
celW+connShuf,chunk_17,175,IPC,,96
celW+connShuf,chunk_17,175,KR,82.96875,96
celW+connShuf,chunk_17,175,MC,,96
celW+connShuf,chunk_17,175,cosine_similarity,0.01024307869374745,96
celW+connShuf,chunk_17,175,kl_to_gaussian,0.6823334358090366,96
celW+connShuf,chunk_17,175,wt_mean,0.00245847011683505,96
celW+connShuf,chunk_17,176,GR,,96
celW+connShuf,chunk_17,176,IPC,,96
celW+connShuf,chunk_17,176,KR,75.61458333333333,96
celW+connShuf,chunk_17,176,MC,,96
celW+connShuf,chunk_17,176,cosine_similarity,0.022746501490473674,96
celW+connShuf,chunk_17,176,kl_to_gaussian,0.6822619815644483,96
celW+connShuf,chunk_17,176,wt_mean,0.0021400395780801,96
celW+connShuf,chunk_17,177,GR,,96
celW+connShuf,chunk_17,177,IPC,,96
celW+connShuf,chunk_17,177,KR,85.40625,96
celW+connShuf,chunk_17,177,MC,,96
celW+connShuf,chunk_17,177,cosine_similarity,0.024720725603401574,96
celW+connShuf,chunk_17,177,kl_to_gaussian,0.6822619880803101,96
celW+connShuf,chunk_17,177,wt_mean,0.002512746374122725,96
celW+connShuf,chunk_17,178,GR,,96
celW+connShuf,chunk_17,178,IPC,,96
celW+connShuf,chunk_17,178,KR,45.46875,96
celW+connShuf,chunk_17,178,MC,,96
celW+connShuf,chunk_17,178,cosine_similarity,0.01562212570570405,96
celW+connShuf,chunk_17,178,kl_to_gaussian,0.6824048855785554,96
celW+connShuf,chunk_17,178,wt_mean,0.0018852450011763251,96
celW+connShuf,chunk_17,179,GR,,96
celW+connShuf,chunk_17,179,IPC,,96
celW+connShuf,chunk_17,179,KR,82.32291666666667,96
celW+connShuf,chunk_17,179,MC,,96
celW+connShuf,chunk_17,179,cosine_similarity,0.01390540623106055,96
celW+connShuf,chunk_17,179,kl_to_gaussian,0.6822620000587164,96
celW+connShuf,chunk_17,179,wt_mean,0.002342331776162575,96
celW+connShuf,chunk_18,180,GR,,96
celW+connShuf,chunk_18,180,IPC,,96
celW+connShuf,chunk_18,180,KR,63.708333333333336,96
celW+connShuf,chunk_18,180,MC,,96
celW+connShuf,chunk_18,180,cosine_similarity,0.019227230455726326,96
celW+connShuf,chunk_18,180,kl_to_gaussian,0.6822620050752638,96
celW+connShuf,chunk_18,180,wt_mean,0.002320309344213375,96
celW+connShuf,chunk_18,181,GR,,96
celW+connShuf,chunk_18,181,IPC,,96
celW+connShuf,chunk_18,181,KR,53.552083333333336,96
celW+connShuf,chunk_18,181,MC,,96
celW+connShuf,chunk_18,181,cosine_similarity,0.019026946276426277,96
celW+connShuf,chunk_18,181,kl_to_gaussian,0.682262009646018,96
celW+connShuf,chunk_18,181,wt_mean,0.00195710183470505,96
celW+connShuf,chunk_18,182,GR,,96
celW+connShuf,chunk_18,182,IPC,,96
celW+connShuf,chunk_18,182,KR,54.03125,96
celW+connShuf,chunk_18,182,MC,,96
celW+connShuf,chunk_18,182,cosine_similarity,0.0183974835090339,96
celW+connShuf,chunk_18,182,kl_to_gaussian,0.6822619883683836,96
celW+connShuf,chunk_18,182,wt_mean,0.00196268825675355,96
celW+connShuf,chunk_18,183,GR,,96
celW+connShuf,chunk_18,183,IPC,,96
celW+connShuf,chunk_18,183,KR,84.92708333333333,96
celW+connShuf,chunk_18,183,MC,,96
celW+connShuf,chunk_18,183,cosine_similarity,0.0153646199032664,96
celW+connShuf,chunk_18,183,kl_to_gaussian,0.6823334408799108,96
celW+connShuf,chunk_18,183,wt_mean,0.002429096930427425,96
celW+connShuf,chunk_18,184,GR,,96
celW+connShuf,chunk_18,184,IPC,,96
celW+connShuf,chunk_18,184,KR,84.19791666666667,96
celW+connShuf,chunk_18,184,MC,,96
celW+connShuf,chunk_18,184,cosine_similarity,0.016737991012632774,96
celW+connShuf,chunk_18,184,kl_to_gaussian,0.6823334467138423,96
celW+connShuf,chunk_18,184,wt_mean,0.002463087264914,96
celW+connShuf,chunk_18,185,GR,,96
celW+connShuf,chunk_18,185,IPC,,96
celW+connShuf,chunk_18,185,KR,61.583333333333336,96
celW+connShuf,chunk_18,185,MC,,96
celW+connShuf,chunk_18,185,cosine_similarity,0.0170241110026836,96
celW+connShuf,chunk_18,185,kl_to_gaussian,0.6822619920966658,96
celW+connShuf,chunk_18,185,wt_mean,0.002130232023773675,96
celW+connShuf,chunk_18,186,GR,,96
celW+connShuf,chunk_18,186,IPC,,96
celW+connShuf,chunk_18,186,KR,73.78125,96
celW+connShuf,chunk_18,186,MC,,96
celW+connShuf,chunk_18,186,cosine_similarity,0.01645187102258205,96
celW+connShuf,chunk_18,186,kl_to_gaussian,0.682261995231361,96
celW+connShuf,chunk_18,186,wt_mean,0.00238083061412905,96
celW+connShuf,chunk_18,187,GR,,96
celW+connShuf,chunk_18,187,IPC,,96
celW+connShuf,chunk_18,187,KR,75.46875,96
celW+connShuf,chunk_18,187,MC,,96
celW+connShuf,chunk_18,187,cosine_similarity,0.015650737099349426,96
celW+connShuf,chunk_18,187,kl_to_gaussian,0.6822619873621747,96
celW+connShuf,chunk_18,187,wt_mean,0.002208189573138925,96
celW+connShuf,chunk_18,188,GR,,96
celW+connShuf,chunk_18,188,IPC,,96
celW+connShuf,chunk_18,188,KR,75.30208333333333,96
celW+connShuf,chunk_18,188,MC,,96
celW+connShuf,chunk_18,188,cosine_similarity,0.019170007668435525,96
celW+connShuf,chunk_18,188,kl_to_gaussian,0.6822619874118508,96
celW+connShuf,chunk_18,188,wt_mean,0.0021939856233074502,96
celW+connShuf,chunk_18,189,GR,,96
celW+connShuf,chunk_18,189,IPC,,96
celW+connShuf,chunk_18,189,KR,96.63541666666667,96
celW+connShuf,chunk_18,189,MC,,96
celW+connShuf,chunk_18,189,cosine_similarity,0.012703705346211727,96
celW+connShuf,chunk_18,189,kl_to_gaussian,0.6822620040880557,96
celW+connShuf,chunk_18,189,wt_mean,0.0024789778690319,96
celW+connShuf,chunk_19,190,GR,,96
celW+connShuf,chunk_19,190,IPC,,96
celW+connShuf,chunk_19,190,KR,62.947916666666664,96
celW+connShuf,chunk_19,190,MC,,96
celW+connShuf,chunk_19,190,cosine_similarity,0.018426096532493774,96
celW+connShuf,chunk_19,190,kl_to_gaussian,0.6822619908896811,96
celW+connShuf,chunk_19,190,wt_mean,0.002260188426589525,96
celW+connShuf,chunk_19,191,GR,,96
celW+connShuf,chunk_19,191,IPC,,96
celW+connShuf,chunk_19,191,KR,63.947916666666664,96
celW+connShuf,chunk_19,191,MC,,96
celW+connShuf,chunk_19,191,cosine_similarity,0.02002836624160405,96
celW+connShuf,chunk_19,191,kl_to_gaussian,0.6822619946518153,96
celW+connShuf,chunk_19,191,wt_mean,0.002092682232614575,96
celW+connShuf,chunk_19,192,GR,,96
celW+connShuf,chunk_19,192,IPC,,96
celW+connShuf,chunk_19,192,KR,71.15625,96
celW+connShuf,chunk_19,192,MC,,96
celW+connShuf,chunk_19,192,cosine_similarity,0.018168586306273927,96
celW+connShuf,chunk_19,192,kl_to_gaussian,0.6823334496487868,96
celW+connShuf,chunk_19,192,wt_mean,0.002253725106129375,96
celW+connShuf,chunk_19,193,GR,,96
celW+connShuf,chunk_19,193,IPC,,96
celW+connShuf,chunk_19,193,KR,76.69791666666667,96
celW+connShuf,chunk_19,193,MC,,96
celW+connShuf,chunk_19,193,cosine_similarity,0.008926928509026726,96
celW+connShuf,chunk_19,193,kl_to_gaussian,0.6822619964637585,96
celW+connShuf,chunk_19,193,wt_mean,0.002337471378268625,96
celW+connShuf,chunk_19,194,GR,,96
celW+connShuf,chunk_19,194,IPC,,96
celW+connShuf,chunk_19,194,KR,67.89583333333333,96
celW+connShuf,chunk_19,194,MC,,96
celW+connShuf,chunk_19,194,cosine_similarity,0.011730900267139027,96
celW+connShuf,chunk_19,194,kl_to_gaussian,0.6823334331146286,96
celW+connShuf,chunk_19,194,wt_mean,0.00222052307799455,96
celW+connShuf,chunk_19,195,GR,,96
celW+connShuf,chunk_19,195,IPC,,96
celW+connShuf,chunk_19,195,KR,68.69791666666667,96
celW+connShuf,chunk_19,195,MC,,96
celW+connShuf,chunk_19,195,cosine_similarity,0.0066665844060480005,96
celW+connShuf,chunk_19,195,kl_to_gaussian,0.68233344555855,96
celW+connShuf,chunk_19,195,wt_mean,0.0022150017321109,96
celW+connShuf,chunk_19,196,GR,,96
celW+connShuf,chunk_19,196,IPC,,96
celW+connShuf,chunk_19,196,KR,58.4375,96
celW+connShuf,chunk_19,196,MC,,96
celW+connShuf,chunk_19,196,cosine_similarity,0.015736572910100177,96
celW+connShuf,chunk_19,196,kl_to_gaussian,0.68226200167857,96
celW+connShuf,chunk_19,196,wt_mean,0.0019942514481954,96
celW+connShuf,chunk_19,197,GR,,96
celW+connShuf,chunk_19,197,IPC,,96
celW+connShuf,chunk_19,197,KR,89.30208333333333,96
celW+connShuf,chunk_19,197,MC,,96
celW+connShuf,chunk_19,197,cosine_similarity,0.01247481070458885,96
celW+connShuf,chunk_19,197,kl_to_gaussian,0.6823334705719081,96
celW+connShuf,chunk_19,197,wt_mean,0.002577498089522075,96
celW+connShuf,chunk_19,198,GR,,96
celW+connShuf,chunk_19,198,IPC,,96
celW+connShuf,chunk_19,198,KR,85.83333333333333,96
celW+connShuf,chunk_19,198,MC,,96
celW+connShuf,chunk_19,198,cosine_similarity,0.014592095045372825,96
celW+connShuf,chunk_19,198,kl_to_gaussian,0.6823334348966533,96
celW+connShuf,chunk_19,198,wt_mean,0.0024071168445516,96
celW+connShuf,chunk_19,199,GR,,96
celW+connShuf,chunk_19,199,IPC,,96
celW+connShuf,chunk_19,199,KR,60.072916666666664,96
celW+connShuf,chunk_19,199,MC,,96
celW+connShuf,chunk_19,199,cosine_similarity,0.019770858809351848,96
celW+connShuf,chunk_19,199,kl_to_gaussian,0.68226197871149,96
celW+connShuf,chunk_19,199,wt_mean,0.0020037554495502,96
celW+connShuf,chunk_2,20,GR,,96
celW+connShuf,chunk_2,20,IPC,,96
celW+connShuf,chunk_2,20,KR,58.375,96
celW+connShuf,chunk_2,20,MC,,96
celW+connShuf,chunk_2,20,cosine_similarity,0.014763766666874225,96
celW+connShuf,chunk_2,20,kl_to_gaussian,0.6823334554935968,96
celW+connShuf,chunk_2,20,wt_mean,0.002018136903643575,96
celW+connShuf,chunk_2,21,GR,,96
celW+connShuf,chunk_2,21,IPC,,96
celW+connShuf,chunk_2,21,KR,55.625,96
celW+connShuf,chunk_2,21,MC,,96
celW+connShuf,chunk_2,21,cosine_similarity,0.01124449702911075,96
celW+connShuf,chunk_2,21,kl_to_gaussian,0.6823334586168653,96
celW+connShuf,chunk_2,21,wt_mean,0.002213646046584425,96
celW+connShuf,chunk_2,22,GR,,96
celW+connShuf,chunk_2,22,IPC,,96
celW+connShuf,chunk_2,22,KR,92.10416666666667,96
celW+connShuf,chunk_2,22,MC,,96
celW+connShuf,chunk_2,22,cosine_similarity,0.013161495793610775,96
celW+connShuf,chunk_2,22,kl_to_gaussian,0.6823334669871509,96
celW+connShuf,chunk_2,22,wt_mean,0.00255675395601425,96
celW+connShuf,chunk_2,23,GR,,96
celW+connShuf,chunk_2,23,IPC,,96
celW+connShuf,chunk_2,23,KR,56.864583333333336,96
celW+connShuf,chunk_2,23,MC,,96
celW+connShuf,chunk_2,23,cosine_similarity,0.014820990152656975,96
celW+connShuf,chunk_2,23,kl_to_gaussian,0.6823334472186642,96
celW+connShuf,chunk_2,23,wt_mean,0.0020208865462336,96
celW+connShuf,chunk_2,24,GR,,96
celW+connShuf,chunk_2,24,IPC,,96
celW+connShuf,chunk_2,24,KR,105.35416666666667,96
celW+connShuf,chunk_2,24,MC,,96
celW+connShuf,chunk_2,24,cosine_similarity,0.014191527850925851,96
celW+connShuf,chunk_2,24,kl_to_gaussian,0.6822619860554143,96
celW+connShuf,chunk_2,24,wt_mean,0.0026484418485778747,96
celW+connShuf,chunk_2,25,GR,,96
celW+connShuf,chunk_2,25,IPC,,96
celW+connShuf,chunk_2,25,KR,75.96875,96
celW+connShuf,chunk_2,25,MC,,96
celW+connShuf,chunk_2,25,cosine_similarity,0.016652154736220802,96
celW+connShuf,chunk_2,25,kl_to_gaussian,0.682261994355177,96
celW+connShuf,chunk_2,25,wt_mean,0.002389873727224725,96
celW+connShuf,chunk_2,26,GR,,96
celW+connShuf,chunk_2,26,IPC,,96
celW+connShuf,chunk_2,26,KR,86.20833333333333,96
celW+connShuf,chunk_2,26,MC,,96
celW+connShuf,chunk_2,26,cosine_similarity,0.012102855369448625,96
celW+connShuf,chunk_2,26,kl_to_gaussian,0.6822620045271094,96
celW+connShuf,chunk_2,26,wt_mean,0.002416208531940325,96
celW+connShuf,chunk_2,27,GR,,96
celW+connShuf,chunk_2,27,IPC,,96
celW+connShuf,chunk_2,27,KR,66.41666666666667,96
celW+connShuf,chunk_2,27,MC,,96
celW+connShuf,chunk_2,27,cosine_similarity,0.0136192878708243,96
celW+connShuf,chunk_2,27,kl_to_gaussian,0.6822619846141255,96
celW+connShuf,chunk_2,27,wt_mean,0.00203760107979175,96
celW+connShuf,chunk_2,28,GR,,96
celW+connShuf,chunk_2,28,IPC,,96
celW+connShuf,chunk_2,28,KR,66.80208333333333,96
celW+connShuf,chunk_2,28,MC,,96
celW+connShuf,chunk_2,28,cosine_similarity,0.0189125016331672,96
celW+connShuf,chunk_2,28,kl_to_gaussian,0.6823334464726282,96
celW+connShuf,chunk_2,28,wt_mean,0.00240556828794065,96
celW+connShuf,chunk_2,29,GR,,96
celW+connShuf,chunk_2,29,IPC,,96
celW+connShuf,chunk_2,29,KR,67.97916666666667,96
celW+connShuf,chunk_2,29,MC,,96
celW+connShuf,chunk_2,29,cosine_similarity,0.018168590031564225,96
celW+connShuf,chunk_2,29,kl_to_gaussian,0.6822620046849909,96
celW+connShuf,chunk_2,29,wt_mean,0.002160549163818325,96
celW+connShuf,chunk_3,30,GR,,96
celW+connShuf,chunk_3,30,IPC,,96
celW+connShuf,chunk_3,30,KR,68.27083333333333,96
celW+connShuf,chunk_3,30,MC,,96
celW+connShuf,chunk_3,30,cosine_similarity,0.015765184070914925,96
celW+connShuf,chunk_3,30,kl_to_gaussian,0.6823334537931868,96
celW+connShuf,chunk_3,30,wt_mean,0.00229086662875485,96
celW+connShuf,chunk_3,31,GR,,96
celW+connShuf,chunk_3,31,IPC,,96
celW+connShuf,chunk_3,31,KR,73.66666666666667,96
celW+connShuf,chunk_3,31,MC,,96
celW+connShuf,chunk_3,31,cosine_similarity,0.0202858736738562,96
celW+connShuf,chunk_3,31,kl_to_gaussian,0.6823334520178355,96
celW+connShuf,chunk_3,31,wt_mean,0.002442868542857425,96
celW+connShuf,chunk_3,32,GR,,96
celW+connShuf,chunk_3,32,IPC,,96
celW+connShuf,chunk_3,32,KR,66.3125,96
celW+connShuf,chunk_3,32,MC,,96
celW+connShuf,chunk_3,32,cosine_similarity,0.0096994517371058,96
celW+connShuf,chunk_3,32,kl_to_gaussian,0.6823334476125651,96
celW+connShuf,chunk_3,32,wt_mean,0.00221559393685305,96
celW+connShuf,chunk_3,33,GR,,96
celW+connShuf,chunk_3,33,IPC,,96
celW+connShuf,chunk_3,33,KR,113.30208333333333,96
celW+connShuf,chunk_3,33,MC,,96
celW+connShuf,chunk_3,33,cosine_similarity,0.015507677337154675,96
celW+connShuf,chunk_3,33,kl_to_gaussian,0.682261997498068,96
celW+connShuf,chunk_3,33,wt_mean,0.0026087660226039,96
celW+connShuf,chunk_3,34,GR,,96
celW+connShuf,chunk_3,34,IPC,,96
celW+connShuf,chunk_3,34,KR,69.54166666666667,96
celW+connShuf,chunk_3,34,MC,,96
celW+connShuf,chunk_3,34,cosine_similarity,0.013705125311389501,96
celW+connShuf,chunk_3,34,kl_to_gaussian,0.6823334406807448,96
celW+connShuf,chunk_3,34,wt_mean,0.00215955550083885,96
celW+connShuf,chunk_3,35,GR,,96
celW+connShuf,chunk_3,35,IPC,,96
celW+connShuf,chunk_3,35,KR,74.38541666666667,96
celW+connShuf,chunk_3,35,MC,,96
celW+connShuf,chunk_3,35,cosine_similarity,0.013905408093705725,96
celW+connShuf,chunk_3,35,kl_to_gaussian,0.6822619956843452,96
celW+connShuf,chunk_3,35,wt_mean,0.0023656308767385247,96
celW+connShuf,chunk_3,36,GR,,96
celW+connShuf,chunk_3,36,IPC,,96
celW+connShuf,chunk_3,36,KR,67.01041666666667,96
celW+connShuf,chunk_3,36,MC,,96
celW+connShuf,chunk_3,36,cosine_similarity,0.00924166012555355,96
celW+connShuf,chunk_3,36,kl_to_gaussian,0.682261990293862,96
celW+connShuf,chunk_3,36,wt_mean,0.0022288442705757252,96
celW+connShuf,chunk_3,37,GR,,96
celW+connShuf,chunk_3,37,IPC,,96
celW+connShuf,chunk_3,37,KR,89.14583333333333,96
celW+connShuf,chunk_3,37,MC,,96
celW+connShuf,chunk_3,37,cosine_similarity,0.014649320393800675,96
celW+connShuf,chunk_3,37,kl_to_gaussian,0.6822619932716284,96
celW+connShuf,chunk_3,37,wt_mean,0.0025168659631162253,96
celW+connShuf,chunk_3,38,GR,,96
celW+connShuf,chunk_3,38,IPC,,96
celW+connShuf,chunk_3,38,KR,87.97916666666667,96
celW+connShuf,chunk_3,38,MC,,96
celW+connShuf,chunk_3,38,cosine_similarity,0.012903988827019852,96
celW+connShuf,chunk_3,38,kl_to_gaussian,0.682262003310122,96
celW+connShuf,chunk_3,38,wt_mean,0.00236084239440965,96
celW+connShuf,chunk_3,39,GR,,96
celW+connShuf,chunk_3,39,IPC,,96
celW+connShuf,chunk_3,39,KR,82.9375,96
celW+connShuf,chunk_3,39,MC,,96
celW+connShuf,chunk_3,39,cosine_similarity,0.016823827289044798,96
celW+connShuf,chunk_3,39,kl_to_gaussian,0.6822620100302691,96
celW+connShuf,chunk_3,39,wt_mean,0.0022867778607178,96
celW+connShuf,chunk_4,40,GR,,96
celW+connShuf,chunk_4,40,IPC,,96
celW+connShuf,chunk_4,40,KR,67.05208333333333,96
celW+connShuf,chunk_4,40,MC,,96
celW+connShuf,chunk_4,40,cosine_similarity,0.01313288439996535,96
celW+connShuf,chunk_4,40,kl_to_gaussian,0.6822619979506123,96
celW+connShuf,chunk_4,40,wt_mean,0.00203651841729875,96
celW+connShuf,chunk_4,41,GR,,96
celW+connShuf,chunk_4,41,IPC,,96
celW+connShuf,chunk_4,41,KR,69.1875,96
celW+connShuf,chunk_4,41,MC,,96
celW+connShuf,chunk_4,41,cosine_similarity,0.015450451523065525,96
celW+connShuf,chunk_4,41,kl_to_gaussian,0.682262014233591,96
celW+connShuf,chunk_4,41,wt_mean,0.0021925935579929,96
celW+connShuf,chunk_4,42,GR,,96
celW+connShuf,chunk_4,42,IPC,,96
celW+connShuf,chunk_4,42,KR,65.11458333333333,96
celW+connShuf,chunk_4,42,MC,,96
celW+connShuf,chunk_4,42,cosine_similarity,0.01874082721769805,96
celW+connShuf,chunk_4,42,kl_to_gaussian,0.6824048819904772,96
celW+connShuf,chunk_4,42,wt_mean,0.002229446457931725,96
celW+connShuf,chunk_4,43,GR,,96
celW+connShuf,chunk_4,43,IPC,,96
celW+connShuf,chunk_4,43,KR,82.625,96
celW+connShuf,chunk_4,43,MC,,96
celW+connShuf,chunk_4,43,cosine_similarity,0.019026948604732728,96
celW+connShuf,chunk_4,43,kl_to_gaussian,0.6824048972685749,96
celW+connShuf,chunk_4,43,wt_mean,0.002549094147980175,96
celW+connShuf,chunk_4,44,GR,,96
celW+connShuf,chunk_4,44,IPC,,96
celW+connShuf,chunk_4,44,KR,62.479166666666664,96
celW+connShuf,chunk_4,44,MC,,96
celW+connShuf,chunk_4,44,cosine_similarity,0.014305975753813899,96
celW+connShuf,chunk_4,44,kl_to_gaussian,0.6823334361199863,96
celW+connShuf,chunk_4,44,wt_mean,0.002096213400363875,96
celW+connShuf,chunk_4,45,GR,,96
celW+connShuf,chunk_4,45,IPC,,96
celW+connShuf,chunk_4,45,KR,109.53125,96
celW+connShuf,chunk_4,45,MC,,96
celW+connShuf,chunk_4,45,cosine_similarity,0.0154218410607427,96
celW+connShuf,chunk_4,45,kl_to_gaussian,0.6823334404999214,96
celW+connShuf,chunk_4,45,wt_mean,0.0026821681531145752,96
celW+connShuf,chunk_4,46,GR,,96
celW+connShuf,chunk_4,46,IPC,,96
celW+connShuf,chunk_4,46,KR,85.83333333333333,96
celW+connShuf,chunk_4,46,MC,,96
celW+connShuf,chunk_4,46,cosine_similarity,0.013247333001345325,96
celW+connShuf,chunk_4,46,kl_to_gaussian,0.6822619949353422,96
celW+connShuf,chunk_4,46,wt_mean,0.00241911088232875,96
celW+connShuf,chunk_4,47,GR,,96
celW+connShuf,chunk_4,47,IPC,,96
celW+connShuf,chunk_4,47,KR,74.57291666666667,96
celW+connShuf,chunk_4,47,MC,,96
celW+connShuf,chunk_4,47,cosine_similarity,0.018511932808905802,96
celW+connShuf,chunk_4,47,kl_to_gaussian,0.6823334199377703,96
celW+connShuf,chunk_4,47,wt_mean,0.00227155094034965,96
celW+connShuf,chunk_4,48,GR,,96
celW+connShuf,chunk_4,48,IPC,,96
celW+connShuf,chunk_4,48,KR,66.28125,96
celW+connShuf,chunk_4,48,MC,,96
celW+connShuf,chunk_4,48,cosine_similarity,0.013962633674964276,96
celW+connShuf,chunk_4,48,kl_to_gaussian,0.6824048987189243,96
celW+connShuf,chunk_4,48,wt_mean,0.0022669239260721752,96
celW+connShuf,chunk_4,49,GR,,96
celW+connShuf,chunk_4,49,IPC,,96
celW+connShuf,chunk_4,49,KR,69.5625,96
celW+connShuf,chunk_4,49,MC,,96
celW+connShuf,chunk_4,49,cosine_similarity,0.0183688723482191,96
celW+connShuf,chunk_4,49,kl_to_gaussian,0.6823334493613564,96
celW+connShuf,chunk_4,49,wt_mean,0.002267939533339775,96
celW+connShuf,chunk_5,50,GR,,96
celW+connShuf,chunk_5,50,IPC,,96
celW+connShuf,chunk_5,50,KR,84.77083333333333,96
celW+connShuf,chunk_5,50,MC,,96
celW+connShuf,chunk_5,50,cosine_similarity,0.016909664962440677,96
celW+connShuf,chunk_5,50,kl_to_gaussian,0.6822620033607899,96
celW+connShuf,chunk_5,50,wt_mean,0.0023850538418628002,96
celW+connShuf,chunk_5,51,GR,,96
celW+connShuf,chunk_5,51,IPC,,96
celW+connShuf,chunk_5,51,KR,69.94791666666667,96
celW+connShuf,chunk_5,51,MC,,96
celW+connShuf,chunk_5,51,cosine_similarity,0.012617871165275525,96
celW+connShuf,chunk_5,51,kl_to_gaussian,0.682261996813788,96
celW+connShuf,chunk_5,51,wt_mean,0.0021940127480774498,96
celW+connShuf,chunk_5,52,GR,,96
celW+connShuf,chunk_5,52,IPC,,96
celW+connShuf,chunk_5,52,KR,49.53125,96
celW+connShuf,chunk_5,52,MC,,96
celW+connShuf,chunk_5,52,cosine_similarity,0.01570795942097895,96
celW+connShuf,chunk_5,52,kl_to_gaussian,0.6822619887688917,96
celW+connShuf,chunk_5,52,wt_mean,0.002020763786276725,96
celW+connShuf,chunk_5,53,GR,,96
celW+connShuf,chunk_5,53,IPC,,96
celW+connShuf,chunk_5,53,KR,95.38541666666667,96
celW+connShuf,chunk_5,53,MC,,96
celW+connShuf,chunk_5,53,cosine_similarity,0.012503422331064875,96
celW+connShuf,chunk_5,53,kl_to_gaussian,0.6822620049788659,96
celW+connShuf,chunk_5,53,wt_mean,0.0024953450483735247,96
celW+connShuf,chunk_5,54,GR,,96
celW+connShuf,chunk_5,54,IPC,,96
celW+connShuf,chunk_5,54,KR,67.69791666666667,96
celW+connShuf,chunk_5,54,MC,,96
celW+connShuf,chunk_5,54,cosine_similarity,0.022403155453503076,96
celW+connShuf,chunk_5,54,kl_to_gaussian,0.6822620093115752,96
celW+connShuf,chunk_5,54,wt_mean,0.002390371635556175,96
celW+connShuf,chunk_5,55,GR,,96
celW+connShuf,chunk_5,55,IPC,,96
celW+connShuf,chunk_5,55,KR,68.17708333333333,96
celW+connShuf,chunk_5,55,MC,,96
celW+connShuf,chunk_5,55,cosine_similarity,0.014391812030225973,96
celW+connShuf,chunk_5,55,kl_to_gaussian,0.6822619977958739,96
celW+connShuf,chunk_5,55,wt_mean,0.0022900063777342,96
celW+connShuf,chunk_5,56,GR,,96
celW+connShuf,chunk_5,56,IPC,,96
celW+connShuf,chunk_5,56,KR,79.03125,96
celW+connShuf,chunk_5,56,MC,,96
celW+connShuf,chunk_5,56,cosine_similarity,0.013218721142038625,96
celW+connShuf,chunk_5,56,kl_to_gaussian,0.6822619936005002,96
celW+connShuf,chunk_5,56,wt_mean,0.002369897061726,96
celW+connShuf,chunk_5,57,GR,,96
celW+connShuf,chunk_5,57,IPC,,96
celW+connShuf,chunk_5,57,KR,87.13541666666667,96
celW+connShuf,chunk_5,57,MC,,96
celW+connShuf,chunk_5,57,cosine_similarity,0.01782524399459355,96
celW+connShuf,chunk_5,57,kl_to_gaussian,0.6824049009515227,96
celW+connShuf,chunk_5,57,wt_mean,0.002573191246483425,96
celW+connShuf,chunk_5,58,GR,,96
celW+connShuf,chunk_5,58,IPC,,96
celW+connShuf,chunk_5,58,KR,102.65625,96
celW+connShuf,chunk_5,58,MC,,96
celW+connShuf,chunk_5,58,cosine_similarity,0.017825244460254876,96
celW+connShuf,chunk_5,58,kl_to_gaussian,0.6823334560927349,96
celW+connShuf,chunk_5,58,wt_mean,0.0026680137671064,96
celW+connShuf,chunk_5,59,GR,,96
celW+connShuf,chunk_5,59,IPC,,96
celW+connShuf,chunk_5,59,KR,87.875,96
celW+connShuf,chunk_5,59,MC,,96
celW+connShuf,chunk_5,59,cosine_similarity,0.018111364915966925,96
celW+connShuf,chunk_5,59,kl_to_gaussian,0.682333444461369,96
celW+connShuf,chunk_5,59,wt_mean,0.002513710234779825,96
celW+connShuf,chunk_6,60,GR,,96
celW+connShuf,chunk_6,60,IPC,,96
celW+connShuf,chunk_6,60,KR,64.44791666666667,96
celW+connShuf,chunk_6,60,MC,,96
celW+connShuf,chunk_6,60,cosine_similarity,0.016823827289044798,96
celW+connShuf,chunk_6,60,kl_to_gaussian,0.6822619680505876,96
celW+connShuf,chunk_6,60,wt_mean,0.0021220274502411,96
celW+connShuf,chunk_6,61,GR,,96
celW+connShuf,chunk_6,61,IPC,,96
celW+connShuf,chunk_6,61,KR,70.83333333333333,96
celW+connShuf,chunk_6,61,MC,,96
celW+connShuf,chunk_6,61,cosine_similarity,0.016537708230316573,96
celW+connShuf,chunk_6,61,kl_to_gaussian,0.6822619903867224,96
celW+connShuf,chunk_6,61,wt_mean,0.00218617497012015,96
celW+connShuf,chunk_6,62,GR,,96
celW+connShuf,chunk_6,62,IPC,,96
celW+connShuf,chunk_6,62,KR,52.739583333333336,96
celW+connShuf,chunk_6,62,MC,,96
celW+connShuf,chunk_6,62,cosine_similarity,0.016594932414591274,96
celW+connShuf,chunk_6,62,kl_to_gaussian,0.6822620163342245,96
celW+connShuf,chunk_6,62,wt_mean,0.002097670367220375,96
celW+connShuf,chunk_6,63,GR,,96
celW+connShuf,chunk_6,63,IPC,,96
celW+connShuf,chunk_6,63,KR,53.760416666666664,96
celW+connShuf,chunk_6,63,MC,,96
celW+connShuf,chunk_6,63,cosine_similarity,0.017968305386602875,96
celW+connShuf,chunk_6,63,kl_to_gaussian,0.6822620086863567,96
celW+connShuf,chunk_6,63,wt_mean,0.0020720241300295748,96
celW+connShuf,chunk_6,64,GR,,96
celW+connShuf,chunk_6,64,IPC,,96
celW+connShuf,chunk_6,64,KR,66.96875,96
celW+connShuf,chunk_6,64,MC,,96
celW+connShuf,chunk_6,64,cosine_similarity,0.01742467842996115,96
celW+connShuf,chunk_6,64,kl_to_gaussian,0.6822619912873144,96
celW+connShuf,chunk_6,64,wt_mean,0.002331337891519025,96
celW+connShuf,chunk_6,65,GR,,96
celW+connShuf,chunk_6,65,IPC,,96
celW+connShuf,chunk_6,65,KR,73.8125,96
celW+connShuf,chunk_6,65,MC,,96
celW+connShuf,chunk_6,65,cosine_similarity,0.01462070667184885,96
celW+connShuf,chunk_6,65,kl_to_gaussian,0.6823334299696872,96
celW+connShuf,chunk_6,65,wt_mean,0.00230722769629205,96
celW+connShuf,chunk_6,66,GR,,96
celW+connShuf,chunk_6,66,IPC,,96
celW+connShuf,chunk_6,66,KR,94.61458333333333,96
celW+connShuf,chunk_6,66,MC,,96
celW+connShuf,chunk_6,66,cosine_similarity,0.022803724743425777,96
celW+connShuf,chunk_6,66,kl_to_gaussian,0.6824048953282386,96
celW+connShuf,chunk_6,66,wt_mean,0.002709790249355125,96
celW+connShuf,chunk_6,67,GR,,96
celW+connShuf,chunk_6,67,IPC,,96
celW+connShuf,chunk_6,67,KR,84.20833333333333,96
celW+connShuf,chunk_6,67,MC,,96
celW+connShuf,chunk_6,67,cosine_similarity,0.013161498587578474,96
celW+connShuf,chunk_6,67,kl_to_gaussian,0.6823334465737078,96
celW+connShuf,chunk_6,67,wt_mean,0.00232473714277145,96
celW+connShuf,chunk_6,68,GR,,96
celW+connShuf,chunk_6,68,IPC,,96
celW+connShuf,chunk_6,68,KR,94.26041666666667,96
celW+connShuf,chunk_6,68,MC,,96
celW+connShuf,chunk_6,68,cosine_similarity,0.017996919341385274,96
celW+connShuf,chunk_6,68,kl_to_gaussian,0.6822620066979449,96
celW+connShuf,chunk_6,68,wt_mean,0.0025367766793351,96
celW+connShuf,chunk_6,69,GR,,96
celW+connShuf,chunk_6,69,IPC,,96
celW+connShuf,chunk_6,69,KR,56.96875,96
celW+connShuf,chunk_6,69,MC,,96
celW+connShuf,chunk_6,69,cosine_similarity,0.0082974662072956,96
celW+connShuf,chunk_6,69,kl_to_gaussian,0.6824048930421859,96
celW+connShuf,chunk_6,69,wt_mean,0.0020232854876666502,96
celW+connShuf,chunk_7,70,GR,,96
celW+connShuf,chunk_7,70,IPC,,96
celW+connShuf,chunk_7,70,KR,70.46875,96
celW+connShuf,chunk_7,70,MC,,96
celW+connShuf,chunk_7,70,cosine_similarity,0.022746501956134976,96
celW+connShuf,chunk_7,70,kl_to_gaussian,0.6823334469587143,96
celW+connShuf,chunk_7,70,wt_mean,0.0023010128352324998,96
celW+connShuf,chunk_7,71,GR,,96
celW+connShuf,chunk_7,71,IPC,,96
celW+connShuf,chunk_7,71,KR,91.61458333333333,96
celW+connShuf,chunk_7,71,MC,,96
celW+connShuf,chunk_7,71,cosine_similarity,0.012732318369671649,96
celW+connShuf,chunk_7,71,kl_to_gaussian,0.6822619973864427,96
celW+connShuf,chunk_7,71,wt_mean,0.002552399411797475,96
celW+connShuf,chunk_7,72,GR,,96
celW+connShuf,chunk_7,72,IPC,,96
celW+connShuf,chunk_7,72,KR,93.46875,96
celW+connShuf,chunk_7,72,MC,,96
celW+connShuf,chunk_7,72,cosine_similarity,0.014620705973356926,96
celW+connShuf,chunk_7,72,kl_to_gaussian,0.6823334488198122,96
celW+connShuf,chunk_7,72,wt_mean,0.00248650825233195,96
celW+connShuf,chunk_7,73,GR,,96
celW+connShuf,chunk_7,73,IPC,,96
celW+connShuf,chunk_7,73,KR,56.229166666666664,96
celW+connShuf,chunk_7,73,MC,,96
celW+connShuf,chunk_7,73,cosine_similarity,0.014706542715430225,96
celW+connShuf,chunk_7,73,kl_to_gaussian,0.6823334542863916,96
celW+connShuf,chunk_7,73,wt_mean,0.002007775416132025,96
celW+connShuf,chunk_7,74,GR,,96
celW+connShuf,chunk_7,74,IPC,,96
celW+connShuf,chunk_7,74,KR,61.645833333333336,96
celW+connShuf,chunk_7,74,MC,,96
celW+connShuf,chunk_7,74,cosine_similarity,0.00803995784372085,96
celW+connShuf,chunk_7,74,kl_to_gaussian,0.6822619966791685,96
celW+connShuf,chunk_7,74,wt_mean,0.0021916965488344,96
celW+connShuf,chunk_7,75,GR,,96
celW+connShuf,chunk_7,75,IPC,,96
celW+connShuf,chunk_7,75,KR,61.604166666666664,96
celW+connShuf,chunk_7,75,MC,,96
celW+connShuf,chunk_7,75,cosine_similarity,0.01539322920143595,96
celW+connShuf,chunk_7,75,kl_to_gaussian,0.6823334460693665,96
celW+connShuf,chunk_7,75,wt_mean,0.0021222000359557,96
celW+connShuf,chunk_7,76,GR,,96
celW+connShuf,chunk_7,76,IPC,,96
celW+connShuf,chunk_7,76,KR,80.33333333333333,96
celW+connShuf,chunk_7,76,MC,,96
celW+connShuf,chunk_7,76,cosine_similarity,0.015278781298547926,96
celW+connShuf,chunk_7,76,kl_to_gaussian,0.6822619905382069,96
celW+connShuf,chunk_7,76,wt_mean,0.00234138526138845,96
celW+connShuf,chunk_7,77,GR,,96
celW+connShuf,chunk_7,77,IPC,,96
celW+connShuf,chunk_7,77,KR,101.47916666666667,96
celW+connShuf,chunk_7,77,MC,,96
celW+connShuf,chunk_7,77,cosine_similarity,0.0122459144331514,96
celW+connShuf,chunk_7,77,kl_to_gaussian,0.6823334342025816,96
celW+connShuf,chunk_7,77,wt_mean,0.002686267893295675,96
celW+connShuf,chunk_7,78,GR,,96
celW+connShuf,chunk_7,78,IPC,,96
celW+connShuf,chunk_7,78,KR,62.270833333333336,96
celW+connShuf,chunk_7,78,MC,,96
celW+connShuf,chunk_7,78,cosine_similarity,0.0197136341594159,96
celW+connShuf,chunk_7,78,kl_to_gaussian,0.6822619951591853,96
celW+connShuf,chunk_7,78,wt_mean,0.002131727902451475,96
celW+connShuf,chunk_7,79,GR,,96
celW+connShuf,chunk_7,79,IPC,,96
celW+connShuf,chunk_7,79,KR,71.30208333333333,96
celW+connShuf,chunk_7,79,MC,,96
celW+connShuf,chunk_7,79,cosine_similarity,0.011215885635465326,96
celW+connShuf,chunk_7,79,kl_to_gaussian,0.6822620058951117,96
celW+connShuf,chunk_7,79,wt_mean,0.00234860755153925,96
celW+connShuf,chunk_8,80,GR,,96
celW+connShuf,chunk_8,80,IPC,,96
celW+connShuf,chunk_8,80,KR,64.44791666666667,96
celW+connShuf,chunk_8,80,MC,,96
celW+connShuf,chunk_8,80,cosine_similarity,0.021945365704595973,96
celW+connShuf,chunk_8,80,kl_to_gaussian,0.6822620061937407,96
celW+connShuf,chunk_8,80,wt_mean,0.00238391771563325,96
celW+connShuf,chunk_8,81,GR,,96
celW+connShuf,chunk_8,81,IPC,,96
celW+connShuf,chunk_8,81,KR,82.77083333333333,96
celW+connShuf,chunk_8,81,MC,,96
celW+connShuf,chunk_8,81,cosine_similarity,0.018426097463816325,96
celW+connShuf,chunk_8,81,kl_to_gaussian,0.682261973238194,96
celW+connShuf,chunk_8,81,wt_mean,0.002478010457707525,96
celW+connShuf,chunk_8,82,GR,,96
celW+connShuf,chunk_8,82,IPC,,96
celW+connShuf,chunk_8,82,KR,118.97916666666667,96
celW+connShuf,chunk_8,82,MC,,96
celW+connShuf,chunk_8,82,cosine_similarity,0.014620705973356926,96
celW+connShuf,chunk_8,82,kl_to_gaussian,0.682262000829044,96
celW+connShuf,chunk_8,82,wt_mean,0.0027997069410047996,96
celW+connShuf,chunk_8,83,GR,,96
celW+connShuf,chunk_8,83,IPC,,96
celW+connShuf,chunk_8,83,KR,62.34375,96
celW+connShuf,chunk_8,83,MC,,96
celW+connShuf,chunk_8,83,cosine_similarity,0.019313068594783475,96
celW+connShuf,chunk_8,83,kl_to_gaussian,0.6822619798448595,96
celW+connShuf,chunk_8,83,wt_mean,0.002056401543086325,96
celW+connShuf,chunk_8,84,GR,,96
celW+connShuf,chunk_8,84,IPC,,96
celW+connShuf,chunk_8,84,KR,75.73958333333333,96
celW+connShuf,chunk_8,84,MC,,96
celW+connShuf,chunk_8,84,cosine_similarity,0.010815317509695875,96
celW+connShuf,chunk_8,84,kl_to_gaussian,0.6823334499247925,96
celW+connShuf,chunk_8,84,wt_mean,0.0023342822969425,96
celW+connShuf,chunk_8,85,GR,,96
celW+connShuf,chunk_8,85,IPC,,96
celW+connShuf,chunk_8,85,KR,65.10416666666667,96
celW+connShuf,chunk_8,85,MC,,96
celW+connShuf,chunk_8,85,cosine_similarity,0.016394647303968626,96
celW+connShuf,chunk_8,85,kl_to_gaussian,0.6822619879430004,96
celW+connShuf,chunk_8,85,wt_mean,0.002277125546242975,96
celW+connShuf,chunk_8,86,GR,,96
celW+connShuf,chunk_8,86,IPC,,96
celW+connShuf,chunk_8,86,KR,81.48958333333333,96
celW+connShuf,chunk_8,86,MC,,96
celW+connShuf,chunk_8,86,cosine_similarity,0.012245914898812724,96
celW+connShuf,chunk_8,86,kl_to_gaussian,0.6822620173898007,96
celW+connShuf,chunk_8,86,wt_mean,0.002388267923379275,96
celW+connShuf,chunk_8,87,GR,,96
celW+connShuf,chunk_8,87,IPC,,96
celW+connShuf,chunk_8,87,KR,71.92708333333333,96
celW+connShuf,chunk_8,87,MC,,96
celW+connShuf,chunk_8,87,cosine_similarity,0.0168810519389808,96
celW+connShuf,chunk_8,87,kl_to_gaussian,0.6823334586291591,96
celW+connShuf,chunk_8,87,wt_mean,0.002474218577844975,96
celW+connShuf,chunk_8,88,GR,,96
celW+connShuf,chunk_8,88,IPC,,96
celW+connShuf,chunk_8,88,KR,73.96875,96
celW+connShuf,chunk_8,88,MC,,96
celW+connShuf,chunk_8,88,cosine_similarity,0.014534871792420676,96
celW+connShuf,chunk_8,88,kl_to_gaussian,0.6823334493445455,96
celW+connShuf,chunk_8,88,wt_mean,0.0021529332152567,96
celW+connShuf,chunk_8,89,GR,,96
celW+connShuf,chunk_8,89,IPC,,96
celW+connShuf,chunk_8,89,KR,66.65625,96
celW+connShuf,chunk_8,89,MC,,96
celW+connShuf,chunk_8,89,cosine_similarity,0.019685020204633426,96
celW+connShuf,chunk_8,89,kl_to_gaussian,0.6822619943212281,96
celW+connShuf,chunk_8,89,wt_mean,0.0022947614488657,96
celW+connShuf,chunk_9,90,GR,,96
celW+connShuf,chunk_9,90,IPC,,96
celW+connShuf,chunk_9,90,KR,82.34375,96
celW+connShuf,chunk_9,90,MC,,96
celW+connShuf,chunk_9,90,cosine_similarity,0.016337424051016524,96
celW+connShuf,chunk_9,90,kl_to_gaussian,0.6823334465420564,96
celW+connShuf,chunk_9,90,wt_mean,0.00235426772269415,96
celW+connShuf,chunk_9,91,GR,,96
celW+connShuf,chunk_9,91,IPC,,96
celW+connShuf,chunk_9,91,KR,70.84375,96
celW+connShuf,chunk_9,91,MC,,96
celW+connShuf,chunk_9,91,cosine_similarity,0.01530739385634655,96
celW+connShuf,chunk_9,91,kl_to_gaussian,0.6822619836800188,96
celW+connShuf,chunk_9,91,wt_mean,0.0022837995202280247,96
celW+connShuf,chunk_9,92,GR,,96
celW+connShuf,chunk_9,92,IPC,,96
celW+connShuf,chunk_9,92,KR,73.04166666666667,96
celW+connShuf,chunk_9,92,MC,,96
celW+connShuf,chunk_9,92,cosine_similarity,0.02108700806275005,96
celW+connShuf,chunk_9,92,kl_to_gaussian,0.682261995261221,96
celW+connShuf,chunk_9,92,wt_mean,0.0024227597750723,96
celW+connShuf,chunk_9,93,GR,,96
celW+connShuf,chunk_9,93,IPC,,96
celW+connShuf,chunk_9,93,KR,59.583333333333336,96
celW+connShuf,chunk_9,93,MC,,96
celW+connShuf,chunk_9,93,cosine_similarity,0.0166807672940194,96
celW+connShuf,chunk_9,93,kl_to_gaussian,0.6823334522641211,96
celW+connShuf,chunk_9,93,wt_mean,0.0022122752270660752,96
celW+connShuf,chunk_9,94,GR,,96
celW+connShuf,chunk_9,94,IPC,,96
celW+connShuf,chunk_9,94,KR,109.21875,96
celW+connShuf,chunk_9,94,MC,,96
celW+connShuf,chunk_9,94,cosine_similarity,0.014763766899704876,96
celW+connShuf,chunk_9,94,kl_to_gaussian,0.6822619958830726,96
celW+connShuf,chunk_9,94,wt_mean,0.0026257218269165,96
celW+connShuf,chunk_9,95,GR,,96
celW+connShuf,chunk_9,95,IPC,,96
celW+connShuf,chunk_9,95,KR,67.71875,96
celW+connShuf,chunk_9,95,MC,,96
celW+connShuf,chunk_9,95,cosine_similarity,0.016108528710901675,96
celW+connShuf,chunk_9,95,kl_to_gaussian,0.6823334507108824,96
celW+connShuf,chunk_9,95,wt_mean,0.0023134428192861,96
celW+connShuf,chunk_9,96,GR,,96
celW+connShuf,chunk_9,96,IPC,,96
celW+connShuf,chunk_9,96,KR,77.71875,96
celW+connShuf,chunk_9,96,MC,,96
celW+connShuf,chunk_9,96,cosine_similarity,0.007839674828574025,96
celW+connShuf,chunk_9,96,kl_to_gaussian,0.6824048950273028,96
celW+connShuf,chunk_9,96,wt_mean,0.002314011333510225,96
celW+connShuf,chunk_9,97,GR,,96
celW+connShuf,chunk_9,97,IPC,,96
celW+connShuf,chunk_9,97,KR,82.15625,96
celW+connShuf,chunk_9,97,MC,,96
celW+connShuf,chunk_9,97,cosine_similarity,0.014162916224449824,96
celW+connShuf,chunk_9,97,kl_to_gaussian,0.6823334363642486,96
celW+connShuf,chunk_9,97,wt_mean,0.0024931136285886,96
celW+connShuf,chunk_9,98,GR,,96
celW+connShuf,chunk_9,98,IPC,,96
celW+connShuf,chunk_9,98,KR,61.541666666666664,96
celW+connShuf,chunk_9,98,MC,,96
celW+connShuf,chunk_9,98,cosine_similarity,0.0157937961630523,96
celW+connShuf,chunk_9,98,kl_to_gaussian,0.6824048937984281,96
celW+connShuf,chunk_9,98,wt_mean,0.002056865429039975,96
celW+connShuf,chunk_9,99,GR,,96
celW+connShuf,chunk_9,99,IPC,,96
celW+connShuf,chunk_9,99,KR,67.5,96
celW+connShuf,chunk_9,99,MC,,96
celW+connShuf,chunk_9,99,cosine_similarity,0.0197708578780293,96
celW+connShuf,chunk_9,99,kl_to_gaussian,0.6822619830224079,96
celW+connShuf,chunk_9,99,wt_mean,0.0021298071951605002,96
conn_shuf_only,chunk_0,0,GR,,96
conn_shuf_only,chunk_0,0,IPC,,96
conn_shuf_only,chunk_0,0,KR,78.5625,96
conn_shuf_only,chunk_0,0,MC,,96
conn_shuf_only,chunk_0,0,cosine_similarity,0.015278782462701125,96
conn_shuf_only,chunk_0,0,kl_to_gaussian,0.6823334503176928,96
conn_shuf_only,chunk_0,0,wt_mean,0.0024954561085905502,96
conn_shuf_only,chunk_0,1,GR,,96
conn_shuf_only,chunk_0,1,IPC,,96
conn_shuf_only,chunk_0,1,KR,82.23958333333333,96
conn_shuf_only,chunk_0,1,MC,,96
conn_shuf_only,chunk_0,1,cosine_similarity,0.0171671696007251,96
conn_shuf_only,chunk_0,1,kl_to_gaussian,0.6822619875342752,96
conn_shuf_only,chunk_0,1,wt_mean,0.0024003571888897,96
conn_shuf_only,chunk_0,2,GR,,96
conn_shuf_only,chunk_0,2,IPC,,96
conn_shuf_only,chunk_0,2,KR,78.84375,96
conn_shuf_only,chunk_0,2,MC,,96
conn_shuf_only,chunk_0,2,cosine_similarity,0.01513572223484515,96
conn_shuf_only,chunk_0,2,kl_to_gaussian,0.6822619986659381,96
conn_shuf_only,chunk_0,2,wt_mean,0.0023060322273522,96
conn_shuf_only,chunk_0,3,GR,,96
conn_shuf_only,chunk_0,3,IPC,,96
conn_shuf_only,chunk_0,3,KR,118.58333333333333,96
conn_shuf_only,chunk_0,3,MC,,96
conn_shuf_only,chunk_0,3,cosine_similarity,0.013676512287929576,96
conn_shuf_only,chunk_0,3,kl_to_gaussian,0.6822619770586414,96
conn_shuf_only,chunk_0,3,wt_mean,0.002860840701032375,96
conn_shuf_only,chunk_0,4,GR,,96
conn_shuf_only,chunk_0,4,IPC,,96
conn_shuf_only,chunk_0,4,KR,75.01041666666667,96
conn_shuf_only,chunk_0,4,MC,,96
conn_shuf_only,chunk_0,4,cosine_similarity,0.0149926631711423,96
conn_shuf_only,chunk_0,4,kl_to_gaussian,0.6822619888728414,96
conn_shuf_only,chunk_0,4,wt_mean,0.0023509634775109,96
conn_shuf_only,chunk_0,5,GR,,96
conn_shuf_only,chunk_0,5,IPC,,96
conn_shuf_only,chunk_0,5,KR,64.45833333333333,96
conn_shuf_only,chunk_0,5,MC,,96
conn_shuf_only,chunk_0,5,cosine_similarity,0.023461799137294223,96
conn_shuf_only,chunk_0,5,kl_to_gaussian,0.6823334371454953,96
conn_shuf_only,chunk_0,5,wt_mean,0.002224910858785675,96
conn_shuf_only,chunk_0,6,GR,,96
conn_shuf_only,chunk_0,6,IPC,,96
conn_shuf_only,chunk_0,6,KR,135.08333333333334,96
conn_shuf_only,chunk_0,6,MC,,96
conn_shuf_only,chunk_0,6,cosine_similarity,0.013762346934527098,96
conn_shuf_only,chunk_0,6,kl_to_gaussian,0.6822619906714694,96
conn_shuf_only,chunk_0,6,wt_mean,0.0031997607438824754,96
conn_shuf_only,chunk_0,7,GR,,96
conn_shuf_only,chunk_0,7,IPC,,96
conn_shuf_only,chunk_0,7,KR,66.69791666666667,96
conn_shuf_only,chunk_0,7,MC,,96
conn_shuf_only,chunk_0,7,cosine_similarity,0.019398902542889073,96
conn_shuf_only,chunk_0,7,kl_to_gaussian,0.6822620090132808,96
conn_shuf_only,chunk_0,7,wt_mean,0.0022419795277528,96
conn_shuf_only,chunk_0,8,GR,,96
conn_shuf_only,chunk_0,8,IPC,,96
conn_shuf_only,chunk_0,8,KR,100.89583333333333,96
conn_shuf_only,chunk_0,8,MC,,96
conn_shuf_only,chunk_0,8,cosine_similarity,0.013247332768514699,96
conn_shuf_only,chunk_0,8,kl_to_gaussian,0.6822619989156516,96
conn_shuf_only,chunk_0,8,wt_mean,0.002504919335478875,96
conn_shuf_only,chunk_0,9,GR,,96
conn_shuf_only,chunk_0,9,IPC,,96
conn_shuf_only,chunk_0,9,KR,127.0,96
conn_shuf_only,chunk_0,9,MC,,96
conn_shuf_only,chunk_0,9,cosine_similarity,0.01662354310974475,96
conn_shuf_only,chunk_0,9,kl_to_gaussian,0.6823334437259968,96
conn_shuf_only,chunk_0,9,wt_mean,0.003094000625424025,96
conn_shuf_only,chunk_1,10,GR,,96
conn_shuf_only,chunk_1,10,IPC,,96
conn_shuf_only,chunk_1,10,KR,72.82291666666667,96
conn_shuf_only,chunk_1,10,MC,,96
conn_shuf_only,chunk_1,10,cosine_similarity,0.0103861382231116,96
conn_shuf_only,chunk_1,10,kl_to_gaussian,0.6823334291048534,96
conn_shuf_only,chunk_1,10,wt_mean,0.0023321642656810248,96
conn_shuf_only,chunk_1,11,GR,,96
conn_shuf_only,chunk_1,11,IPC,,96
conn_shuf_only,chunk_1,11,KR,108.41666666666667,96
conn_shuf_only,chunk_1,11,MC,,96
conn_shuf_only,chunk_1,11,cosine_similarity,0.0147637671325355,96
conn_shuf_only,chunk_1,11,kl_to_gaussian,0.6822620023498809,96
conn_shuf_only,chunk_1,11,wt_mean,0.0027993840631097,96
conn_shuf_only,chunk_1,12,GR,,96
conn_shuf_only,chunk_1,12,IPC,,96
conn_shuf_only,chunk_1,12,KR,91.61458333333333,96
conn_shuf_only,chunk_1,12,MC,,96
conn_shuf_only,chunk_1,12,cosine_similarity,0.01639464683830735,96
conn_shuf_only,chunk_1,12,kl_to_gaussian,0.6823334319753492,96
conn_shuf_only,chunk_1,12,wt_mean,0.0025122285587712754,96
conn_shuf_only,chunk_1,13,GR,,96
conn_shuf_only,chunk_1,13,IPC,,96
conn_shuf_only,chunk_1,13,KR,52.760416666666664,96
conn_shuf_only,chunk_1,13,MC,,96
conn_shuf_only,chunk_1,13,cosine_similarity,0.02288956008851525,96
conn_shuf_only,chunk_1,13,kl_to_gaussian,0.6822620048419518,96
conn_shuf_only,chunk_1,13,wt_mean,0.001992496254388175,96
conn_shuf_only,chunk_1,14,GR,,96
conn_shuf_only,chunk_1,14,IPC,,96
conn_shuf_only,chunk_1,14,KR,54.791666666666664,96
conn_shuf_only,chunk_1,14,MC,,96
conn_shuf_only,chunk_1,14,cosine_similarity,0.009985570795834,96
conn_shuf_only,chunk_1,14,kl_to_gaussian,0.6822619956911735,96
conn_shuf_only,chunk_1,14,wt_mean,0.0019824503397102753,96
conn_shuf_only,chunk_1,15,GR,,96
conn_shuf_only,chunk_1,15,IPC,,96
conn_shuf_only,chunk_1,15,KR,99.27083333333333,96
conn_shuf_only,chunk_1,15,MC,,96
conn_shuf_only,chunk_1,15,cosine_similarity,0.01713855797424905,96
conn_shuf_only,chunk_1,15,kl_to_gaussian,0.6822619987422208,96
conn_shuf_only,chunk_1,15,wt_mean,0.0027448765467852003,96
conn_shuf_only,chunk_1,16,GR,,96
conn_shuf_only,chunk_1,16,IPC,,96
conn_shuf_only,chunk_1,16,KR,66.75,96
conn_shuf_only,chunk_1,16,MC,,96
conn_shuf_only,chunk_1,16,cosine_similarity,0.02048615552484985,96
conn_shuf_only,chunk_1,16,kl_to_gaussian,0.6822620006786001,96
conn_shuf_only,chunk_1,16,wt_mean,0.002151136199245175,96
conn_shuf_only,chunk_1,17,GR,,96
conn_shuf_only,chunk_1,17,IPC,,96
conn_shuf_only,chunk_1,17,KR,79.47916666666667,96
conn_shuf_only,chunk_1,17,MC,,96
conn_shuf_only,chunk_1,17,cosine_similarity,0.0109583772718906,96
conn_shuf_only,chunk_1,17,kl_to_gaussian,0.6824048927288797,96
conn_shuf_only,chunk_1,17,wt_mean,0.00244073619251135,96
conn_shuf_only,chunk_1,18,GR,,96
conn_shuf_only,chunk_1,18,IPC,,96
conn_shuf_only,chunk_1,18,KR,111.41666666666667,96
conn_shuf_only,chunk_1,18,MC,,96
conn_shuf_only,chunk_1,18,cosine_similarity,0.0132187218405306,96
conn_shuf_only,chunk_1,18,kl_to_gaussian,0.6822620160175955,96
conn_shuf_only,chunk_1,18,wt_mean,0.002826533280312975,96
conn_shuf_only,chunk_1,19,GR,,96
conn_shuf_only,chunk_1,19,IPC,,96
conn_shuf_only,chunk_1,19,KR,62.052083333333336,96
conn_shuf_only,chunk_1,19,MC,,96
conn_shuf_only,chunk_1,19,cosine_similarity,0.018511930480599376,96
conn_shuf_only,chunk_1,19,kl_to_gaussian,0.6823334315778635,96
conn_shuf_only,chunk_1,19,wt_mean,0.0020695648563559747,96
conn_shuf_only,chunk_10,100,GR,,96
conn_shuf_only,chunk_10,100,IPC,,96
conn_shuf_only,chunk_10,100,KR,67.04166666666667,96
conn_shuf_only,chunk_10,100,MC,,96
conn_shuf_only,chunk_10,100,cosine_similarity,0.008039957610890226,96
conn_shuf_only,chunk_10,100,kl_to_gaussian,0.682261998026996,96
conn_shuf_only,chunk_10,100,wt_mean,0.00214217914617615,96
conn_shuf_only,chunk_10,101,GR,,96
conn_shuf_only,chunk_10,101,IPC,,96
conn_shuf_only,chunk_10,101,KR,84.48958333333333,96
conn_shuf_only,chunk_10,101,MC,,96
conn_shuf_only,chunk_10,101,cosine_similarity,0.021172844804823353,96
conn_shuf_only,chunk_10,101,kl_to_gaussian,0.6822620046316906,96
conn_shuf_only,chunk_10,101,wt_mean,0.0024422507558483,96
conn_shuf_only,chunk_10,102,GR,,96
conn_shuf_only,chunk_10,102,IPC,,96
conn_shuf_only,chunk_10,102,KR,46.4375,96
conn_shuf_only,chunk_10,102,MC,,96
conn_shuf_only,chunk_10,102,cosine_similarity,0.013361780904233426,96
conn_shuf_only,chunk_10,102,kl_to_gaussian,0.6822620044537069,96
conn_shuf_only,chunk_10,102,wt_mean,0.0019187345751560502,96
conn_shuf_only,chunk_10,103,GR,,96
conn_shuf_only,chunk_10,103,IPC,,96
conn_shuf_only,chunk_10,103,KR,50.270833333333336,96
conn_shuf_only,chunk_10,103,MC,,96
conn_shuf_only,chunk_10,103,cosine_similarity,0.0169954989105463,96
conn_shuf_only,chunk_10,103,kl_to_gaussian,0.6822619925407126,96
conn_shuf_only,chunk_10,103,wt_mean,0.0019177650683559,96
conn_shuf_only,chunk_10,104,GR,,96
conn_shuf_only,chunk_10,104,IPC,,96
conn_shuf_only,chunk_10,104,KR,85.97916666666667,96
conn_shuf_only,chunk_10,104,MC,,96
conn_shuf_only,chunk_10,104,cosine_similarity,0.020514768548309775,96
conn_shuf_only,chunk_10,104,kl_to_gaussian,0.6822619923147717,96
conn_shuf_only,chunk_10,104,wt_mean,0.0025782834854908,96
conn_shuf_only,chunk_10,105,GR,,96
conn_shuf_only,chunk_10,105,IPC,,96
conn_shuf_only,chunk_10,105,KR,64.11458333333333,96
conn_shuf_only,chunk_10,105,MC,,96
conn_shuf_only,chunk_10,105,cosine_similarity,0.011101436801254723,96
conn_shuf_only,chunk_10,105,kl_to_gaussian,0.6823334532234245,96
conn_shuf_only,chunk_10,105,wt_mean,0.0020693553378805,96
conn_shuf_only,chunk_10,106,GR,,96
conn_shuf_only,chunk_10,106,IPC,,96
conn_shuf_only,chunk_10,106,KR,89.53125,96
conn_shuf_only,chunk_10,106,MC,,96
conn_shuf_only,chunk_10,106,cosine_similarity,0.018139977008104276,96
conn_shuf_only,chunk_10,106,kl_to_gaussian,0.6822619927848613,96
conn_shuf_only,chunk_10,106,wt_mean,0.002522661146940625,96
conn_shuf_only,chunk_10,107,GR,,96
conn_shuf_only,chunk_10,107,IPC,,96
conn_shuf_only,chunk_10,107,KR,62.375,96
conn_shuf_only,chunk_10,107,MC,,96
conn_shuf_only,chunk_10,107,cosine_similarity,0.01653770590201015,96
conn_shuf_only,chunk_10,107,kl_to_gaussian,0.6822619940081919,96
conn_shuf_only,chunk_10,107,wt_mean,0.0022024778008926248,96
conn_shuf_only,chunk_10,108,GR,,96
conn_shuf_only,chunk_10,108,IPC,,96
conn_shuf_only,chunk_10,108,KR,84.23958333333333,96
conn_shuf_only,chunk_10,108,MC,,96
conn_shuf_only,chunk_10,108,cosine_similarity,0.016280199401080525,96
conn_shuf_only,chunk_10,108,kl_to_gaussian,0.6823334373378124,96
conn_shuf_only,chunk_10,108,wt_mean,0.002530296012992,96
conn_shuf_only,chunk_10,109,GR,,96
conn_shuf_only,chunk_10,109,IPC,,96
conn_shuf_only,chunk_10,109,KR,94.73958333333333,96
conn_shuf_only,chunk_10,109,MC,,96
conn_shuf_only,chunk_10,109,cosine_similarity,0.010901153553277225,96
conn_shuf_only,chunk_10,109,kl_to_gaussian,0.6822619845113104,96
conn_shuf_only,chunk_10,109,wt_mean,0.0025526531389913998,96
conn_shuf_only,chunk_11,110,GR,,96
conn_shuf_only,chunk_11,110,IPC,,96
conn_shuf_only,chunk_11,110,KR,116.19791666666667,96
conn_shuf_only,chunk_11,110,MC,,96
conn_shuf_only,chunk_11,110,cosine_similarity,0.017939690966159074,96
conn_shuf_only,chunk_11,110,kl_to_gaussian,0.6822619966103257,96
conn_shuf_only,chunk_11,110,wt_mean,0.00289302133023735,96
conn_shuf_only,chunk_11,111,GR,,96
conn_shuf_only,chunk_11,111,IPC,,96
conn_shuf_only,chunk_11,111,KR,83.07291666666667,96
conn_shuf_only,chunk_11,111,MC,,96
conn_shuf_only,chunk_11,111,cosine_similarity,0.012245914665982077,96
conn_shuf_only,chunk_11,111,kl_to_gaussian,0.6822619993546439,96
conn_shuf_only,chunk_11,111,wt_mean,0.0023038337239995248,96
conn_shuf_only,chunk_11,112,GR,,96
conn_shuf_only,chunk_11,112,IPC,,96
conn_shuf_only,chunk_11,112,KR,62.135416666666664,96
conn_shuf_only,chunk_11,112,MC,,96
conn_shuf_only,chunk_11,112,cosine_similarity,0.0077824506442993255,96
conn_shuf_only,chunk_11,112,kl_to_gaussian,0.6822619793634486,96
conn_shuf_only,chunk_11,112,wt_mean,0.002369510882999675,96
conn_shuf_only,chunk_11,113,GR,,96
conn_shuf_only,chunk_11,113,IPC,,96
conn_shuf_only,chunk_11,113,KR,92.36458333333333,96
conn_shuf_only,chunk_11,113,MC,,96
conn_shuf_only,chunk_11,113,cosine_similarity,0.013590676942840175,96
conn_shuf_only,chunk_11,113,kl_to_gaussian,0.6822619788636795,96
conn_shuf_only,chunk_11,113,wt_mean,0.002538984874263375,96
conn_shuf_only,chunk_11,114,GR,,96
conn_shuf_only,chunk_11,114,IPC,,96
conn_shuf_only,chunk_11,114,KR,75.38541666666667,96
conn_shuf_only,chunk_11,114,MC,,96
conn_shuf_only,chunk_11,114,cosine_similarity,0.014220139943063198,96
conn_shuf_only,chunk_11,114,kl_to_gaussian,0.6822619955713533,96
conn_shuf_only,chunk_11,114,wt_mean,0.0023597488470840752,96
conn_shuf_only,chunk_11,115,GR,,96
conn_shuf_only,chunk_11,115,IPC,,96
conn_shuf_only,chunk_11,115,KR,67.73958333333333,96
conn_shuf_only,chunk_11,115,MC,,96
conn_shuf_only,chunk_11,115,cosine_similarity,0.02194536663591855,96
conn_shuf_only,chunk_11,115,kl_to_gaussian,0.6822620142339716,96
conn_shuf_only,chunk_11,115,wt_mean,0.0023271289537660253,96
conn_shuf_only,chunk_11,116,GR,,96
conn_shuf_only,chunk_11,116,IPC,,96
conn_shuf_only,chunk_11,116,KR,37.395833333333336,96
conn_shuf_only,chunk_11,116,MC,,96
conn_shuf_only,chunk_11,116,cosine_similarity,0.016680768225342,96
conn_shuf_only,chunk_11,116,kl_to_gaussian,0.6823334469604864,96
conn_shuf_only,chunk_11,116,wt_mean,0.001629924110602525,96
conn_shuf_only,chunk_11,117,GR,,96
conn_shuf_only,chunk_11,117,IPC,,96
conn_shuf_only,chunk_11,117,KR,77.375,96
conn_shuf_only,chunk_11,117,MC,,96
conn_shuf_only,chunk_11,117,cosine_similarity,0.016108527779579124,96
conn_shuf_only,chunk_11,117,kl_to_gaussian,0.68240490439785,96
conn_shuf_only,chunk_11,117,wt_mean,0.002407592633971875,96
conn_shuf_only,chunk_11,118,GR,,96
conn_shuf_only,chunk_11,118,IPC,,96
conn_shuf_only,chunk_11,118,KR,87.625,96
conn_shuf_only,chunk_11,118,MC,,96
conn_shuf_only,chunk_11,118,cosine_similarity,0.0128181548789143,96
conn_shuf_only,chunk_11,118,kl_to_gaussian,0.6823334606074529,96
conn_shuf_only,chunk_11,118,wt_mean,0.002607684058602875,96
conn_shuf_only,chunk_11,119,GR,,96
conn_shuf_only,chunk_11,119,IPC,,96
conn_shuf_only,chunk_11,119,KR,67.55208333333333,96
conn_shuf_only,chunk_11,119,MC,,96
conn_shuf_only,chunk_11,119,cosine_similarity,0.01619436359032985,96
conn_shuf_only,chunk_11,119,kl_to_gaussian,0.6822620021740008,96
conn_shuf_only,chunk_11,119,wt_mean,0.002247262222226675,96
conn_shuf_only,chunk_12,120,GR,,96
conn_shuf_only,chunk_12,120,IPC,,96
conn_shuf_only,chunk_12,120,KR,76.83333333333333,96
conn_shuf_only,chunk_12,120,MC,,96
conn_shuf_only,chunk_12,120,cosine_similarity,0.01791108166798945,96
conn_shuf_only,chunk_12,120,kl_to_gaussian,0.6822619834488117,96
conn_shuf_only,chunk_12,120,wt_mean,0.0023503377451561,96
conn_shuf_only,chunk_12,121,GR,,96
conn_shuf_only,chunk_12,121,IPC,,96
conn_shuf_only,chunk_12,121,KR,57.177083333333336,96
conn_shuf_only,chunk_12,121,MC,,96
conn_shuf_only,chunk_12,121,cosine_similarity,0.020858111791312677,96
conn_shuf_only,chunk_12,121,kl_to_gaussian,0.6823334477494902,96
conn_shuf_only,chunk_12,121,wt_mean,0.0019123386300634248,96
conn_shuf_only,chunk_12,122,GR,,96
conn_shuf_only,chunk_12,122,IPC,,96
conn_shuf_only,chunk_12,122,KR,99.79166666666667,96
conn_shuf_only,chunk_12,122,MC,,96
conn_shuf_only,chunk_12,122,cosine_similarity,0.0093274961691349,96
conn_shuf_only,chunk_12,122,kl_to_gaussian,0.68233344268294,96
conn_shuf_only,chunk_12,122,wt_mean,0.002761229901807325,96
conn_shuf_only,chunk_12,123,GR,,96
conn_shuf_only,chunk_12,123,IPC,,96
conn_shuf_only,chunk_12,123,KR,73.875,96
conn_shuf_only,chunk_12,123,MC,,96
conn_shuf_only,chunk_12,123,cosine_similarity,0.016995500307530127,96
conn_shuf_only,chunk_12,123,kl_to_gaussian,0.6822619967640561,96
conn_shuf_only,chunk_12,123,wt_mean,0.002420578384771875,96
conn_shuf_only,chunk_12,124,GR,,96
conn_shuf_only,chunk_12,124,IPC,,96
conn_shuf_only,chunk_12,124,KR,83.84375,96
conn_shuf_only,chunk_12,124,MC,,96
conn_shuf_only,chunk_12,124,cosine_similarity,0.015507677337154675,96
conn_shuf_only,chunk_12,124,kl_to_gaussian,0.6822619938060838,96
conn_shuf_only,chunk_12,124,wt_mean,0.0024792812473606,96
conn_shuf_only,chunk_12,125,GR,,96
conn_shuf_only,chunk_12,125,IPC,,96
conn_shuf_only,chunk_12,125,KR,96.71875,96
conn_shuf_only,chunk_12,125,MC,,96
conn_shuf_only,chunk_12,125,cosine_similarity,0.019770857412368024,96
conn_shuf_only,chunk_12,125,kl_to_gaussian,0.6822620017595552,96
conn_shuf_only,chunk_12,125,wt_mean,0.0026504761190153255,96
conn_shuf_only,chunk_12,126,GR,,96
conn_shuf_only,chunk_12,126,IPC,,96
conn_shuf_only,chunk_12,126,KR,98.54166666666667,96
conn_shuf_only,chunk_12,126,MC,,96
conn_shuf_only,chunk_12,126,cosine_similarity,0.013132885564118575,96
conn_shuf_only,chunk_12,126,kl_to_gaussian,0.6823334527999769,96
conn_shuf_only,chunk_12,126,wt_mean,0.0026221063162665246,96
conn_shuf_only,chunk_12,127,GR,,96
conn_shuf_only,chunk_12,127,IPC,,96
conn_shuf_only,chunk_12,127,KR,83.90625,96
conn_shuf_only,chunk_12,127,MC,,96
conn_shuf_only,chunk_12,127,cosine_similarity,0.014305975520983276,96
conn_shuf_only,chunk_12,127,kl_to_gaussian,0.6822619989705837,96
conn_shuf_only,chunk_12,127,wt_mean,0.002670586050953675,96
conn_shuf_only,chunk_12,128,GR,,96
conn_shuf_only,chunk_12,128,IPC,,96
conn_shuf_only,chunk_12,128,KR,88.55208333333333,96
conn_shuf_only,chunk_12,128,MC,,96
conn_shuf_only,chunk_12,128,cosine_similarity,0.012732318369671675,96
conn_shuf_only,chunk_12,128,kl_to_gaussian,0.6822619975946229,96
conn_shuf_only,chunk_12,128,wt_mean,0.002637312863953375,96
conn_shuf_only,chunk_12,129,GR,,96
conn_shuf_only,chunk_12,129,IPC,,96
conn_shuf_only,chunk_12,129,KR,96.77083333333333,96
conn_shuf_only,chunk_12,129,MC,,96
conn_shuf_only,chunk_12,129,cosine_similarity,0.0081544057466089,96
conn_shuf_only,chunk_12,129,kl_to_gaussian,0.6822620051328481,96
conn_shuf_only,chunk_12,129,wt_mean,0.0025894095015246,96
conn_shuf_only,chunk_13,130,GR,,96
conn_shuf_only,chunk_13,130,IPC,,96
conn_shuf_only,chunk_13,130,KR,102.60416666666667,96
conn_shuf_only,chunk_13,130,MC,,96
conn_shuf_only,chunk_13,130,cosine_similarity,0.017224394716322373,96
conn_shuf_only,chunk_13,130,kl_to_gaussian,0.6822619942654304,96
conn_shuf_only,chunk_13,130,wt_mean,0.0025120963109656748,96
conn_shuf_only,chunk_13,131,GR,,96
conn_shuf_only,chunk_13,131,IPC,,96
conn_shuf_only,chunk_13,131,KR,72.19791666666667,96
conn_shuf_only,chunk_13,131,MC,,96
conn_shuf_only,chunk_13,131,cosine_similarity,0.013104273471981275,96
conn_shuf_only,chunk_13,131,kl_to_gaussian,0.6822620017254605,96
conn_shuf_only,chunk_13,131,wt_mean,0.0021721852244809,96
conn_shuf_only,chunk_13,132,GR,,96
conn_shuf_only,chunk_13,132,IPC,,96
conn_shuf_only,chunk_13,132,KR,88.13541666666667,96
conn_shuf_only,chunk_13,132,MC,,96
conn_shuf_only,chunk_13,132,cosine_similarity,0.007839674595743374,96
conn_shuf_only,chunk_13,132,kl_to_gaussian,0.6823334425076318,96
conn_shuf_only,chunk_13,132,wt_mean,0.0024027530162129,96
conn_shuf_only,chunk_13,133,GR,,96
conn_shuf_only,chunk_13,133,IPC,,96
conn_shuf_only,chunk_13,133,KR,61.28125,96
conn_shuf_only,chunk_13,133,MC,,96
conn_shuf_only,chunk_13,133,cosine_similarity,0.016451871022582026,96
conn_shuf_only,chunk_13,133,kl_to_gaussian,0.6822619982449837,96
conn_shuf_only,chunk_13,133,wt_mean,0.00225730496458705,96
conn_shuf_only,chunk_13,134,GR,,96
conn_shuf_only,chunk_13,134,IPC,,96
conn_shuf_only,chunk_13,134,KR,78.6875,96
conn_shuf_only,chunk_13,134,MC,,96
conn_shuf_only,chunk_13,134,cosine_similarity,0.011816735146567175,96
conn_shuf_only,chunk_13,134,kl_to_gaussian,0.6823334418352895,96
conn_shuf_only,chunk_13,134,wt_mean,0.002426563849439775,96
conn_shuf_only,chunk_13,135,GR,,96
conn_shuf_only,chunk_13,135,IPC,,96
conn_shuf_only,chunk_13,135,KR,99.35416666666667,96
conn_shuf_only,chunk_13,135,MC,,96
conn_shuf_only,chunk_13,135,cosine_similarity,0.019227231852710202,96
conn_shuf_only,chunk_13,135,kl_to_gaussian,0.6822620070659927,96
conn_shuf_only,chunk_13,135,wt_mean,0.002584096626378525,96
conn_shuf_only,chunk_13,136,GR,,96
conn_shuf_only,chunk_13,136,IPC,,96
conn_shuf_only,chunk_13,136,KR,59.53125,96
conn_shuf_only,chunk_13,136,MC,,96
conn_shuf_only,chunk_13,136,cosine_similarity,0.014906826429069,96
conn_shuf_only,chunk_13,136,kl_to_gaussian,0.6822620098136419,96
conn_shuf_only,chunk_13,136,wt_mean,0.002004899375606275,96
conn_shuf_only,chunk_13,137,GR,,96
conn_shuf_only,chunk_13,137,IPC,,96
conn_shuf_only,chunk_13,137,KR,71.48958333333333,96
conn_shuf_only,chunk_13,137,MC,,96
conn_shuf_only,chunk_13,137,cosine_similarity,0.00852636201307175,96
conn_shuf_only,chunk_13,137,kl_to_gaussian,0.6823334535826517,96
conn_shuf_only,chunk_13,137,wt_mean,0.0022745688911527,96
conn_shuf_only,chunk_13,138,GR,,96
conn_shuf_only,chunk_13,138,IPC,,96
conn_shuf_only,chunk_13,138,KR,90.03125,96
conn_shuf_only,chunk_13,138,MC,,96
conn_shuf_only,chunk_13,138,cosine_similarity,0.012045630952343275,96
conn_shuf_only,chunk_13,138,kl_to_gaussian,0.6823334410432293,96
conn_shuf_only,chunk_13,138,wt_mean,0.002593387878732725,96
conn_shuf_only,chunk_13,139,GR,,96
conn_shuf_only,chunk_13,139,IPC,,96
conn_shuf_only,chunk_13,139,KR,54.864583333333336,96
conn_shuf_only,chunk_13,139,MC,,96
conn_shuf_only,chunk_13,139,cosine_similarity,0.009813899174332575,96
conn_shuf_only,chunk_13,139,kl_to_gaussian,0.6824049008636753,96
conn_shuf_only,chunk_13,139,wt_mean,0.0018627284152898502,96
conn_shuf_only,chunk_14,140,GR,,96
conn_shuf_only,chunk_14,140,IPC,,96
conn_shuf_only,chunk_14,140,KR,77.10416666666667,96
conn_shuf_only,chunk_14,140,MC,,96
conn_shuf_only,chunk_14,140,cosine_similarity,0.013190109282731925,96
conn_shuf_only,chunk_14,140,kl_to_gaussian,0.6823334170552893,96
conn_shuf_only,chunk_14,140,wt_mean,0.00238504959270355,96
conn_shuf_only,chunk_14,141,GR,,96
conn_shuf_only,chunk_14,141,IPC,,96
conn_shuf_only,chunk_14,141,KR,72.26041666666667,96
conn_shuf_only,chunk_14,141,MC,,96
conn_shuf_only,chunk_14,141,cosine_similarity,0.022717888001352524,96
conn_shuf_only,chunk_14,141,kl_to_gaussian,0.6822619798752996,96
conn_shuf_only,chunk_14,141,wt_mean,0.0022934227890800247,96
conn_shuf_only,chunk_14,142,GR,,96
conn_shuf_only,chunk_14,142,IPC,,96
conn_shuf_only,chunk_14,142,KR,128.54166666666666,96
conn_shuf_only,chunk_14,142,MC,,96
conn_shuf_only,chunk_14,142,cosine_similarity,0.018454705830663377,96
conn_shuf_only,chunk_14,142,kl_to_gaussian,0.6822620104728606,96
conn_shuf_only,chunk_14,142,wt_mean,0.0031290962360799,96
conn_shuf_only,chunk_14,143,GR,,96
conn_shuf_only,chunk_14,143,IPC,,96
conn_shuf_only,chunk_14,143,KR,79.09375,96
conn_shuf_only,chunk_14,143,MC,,96
conn_shuf_only,chunk_14,143,cosine_similarity,0.0157651850022375,96
conn_shuf_only,chunk_14,143,kl_to_gaussian,0.6823334398548891,96
conn_shuf_only,chunk_14,143,wt_mean,0.002282289729919225,96
conn_shuf_only,chunk_14,144,GR,,96
conn_shuf_only,chunk_14,144,IPC,,96
conn_shuf_only,chunk_14,144,KR,78.55208333333333,96
conn_shuf_only,chunk_14,144,MC,,96
conn_shuf_only,chunk_14,144,cosine_similarity,0.012932601617649149,96
conn_shuf_only,chunk_14,144,kl_to_gaussian,0.6822619774604953,96
conn_shuf_only,chunk_14,144,wt_mean,0.00260554309352295,96
conn_shuf_only,chunk_14,145,GR,,96
conn_shuf_only,chunk_14,145,IPC,,96
conn_shuf_only,chunk_14,145,KR,95.84375,96
conn_shuf_only,chunk_14,145,MC,,96
conn_shuf_only,chunk_14,145,cosine_similarity,0.016280199866741826,96
conn_shuf_only,chunk_14,145,kl_to_gaussian,0.6822619924931823,96
conn_shuf_only,chunk_14,145,wt_mean,0.00259920145617795,96
conn_shuf_only,chunk_14,146,GR,,96
conn_shuf_only,chunk_14,146,IPC,,96
conn_shuf_only,chunk_14,146,KR,68.32291666666667,96
conn_shuf_only,chunk_14,146,MC,,96
conn_shuf_only,chunk_14,146,cosine_similarity,0.012074243510141925,96
conn_shuf_only,chunk_14,146,kl_to_gaussian,0.6822620091815591,96
conn_shuf_only,chunk_14,146,wt_mean,0.0023386864340863753,96
conn_shuf_only,chunk_14,147,GR,,96
conn_shuf_only,chunk_14,147,IPC,,96
conn_shuf_only,chunk_14,147,KR,74.875,96
conn_shuf_only,chunk_14,147,MC,,96
conn_shuf_only,chunk_14,147,cosine_similarity,0.014191527850925851,96
conn_shuf_only,chunk_14,147,kl_to_gaussian,0.682262020491895,96
conn_shuf_only,chunk_14,147,wt_mean,0.0023171702923718497,96
conn_shuf_only,chunk_14,148,GR,,96
conn_shuf_only,chunk_14,148,IPC,,96
conn_shuf_only,chunk_14,148,KR,77.13541666666667,96
conn_shuf_only,chunk_14,148,MC,,96
conn_shuf_only,chunk_14,148,cosine_similarity,0.015364617342129324,96
conn_shuf_only,chunk_14,148,kl_to_gaussian,0.6823334422959128,96
conn_shuf_only,chunk_14,148,wt_mean,0.00250867960858155,96
conn_shuf_only,chunk_14,149,GR,,96
conn_shuf_only,chunk_14,149,IPC,,96
conn_shuf_only,chunk_14,149,KR,99.29166666666667,96
conn_shuf_only,chunk_14,149,MC,,96
conn_shuf_only,chunk_14,149,cosine_similarity,0.009928346844389974,96
conn_shuf_only,chunk_14,149,kl_to_gaussian,0.6822620116100159,96
conn_shuf_only,chunk_14,149,wt_mean,0.0027921763248741,96
conn_shuf_only,chunk_15,150,GR,,96
conn_shuf_only,chunk_15,150,IPC,,96
conn_shuf_only,chunk_15,150,KR,109.72916666666667,96
conn_shuf_only,chunk_15,150,MC,,96
conn_shuf_only,chunk_15,150,cosine_similarity,0.014677930157631575,96
conn_shuf_only,chunk_15,150,kl_to_gaussian,0.6822619921789741,96
conn_shuf_only,chunk_15,150,wt_mean,0.00280230998760085,96
conn_shuf_only,chunk_15,151,GR,,96
conn_shuf_only,chunk_15,151,IPC,,96
conn_shuf_only,chunk_15,151,KR,49.729166666666664,96
conn_shuf_only,chunk_15,151,MC,,96
conn_shuf_only,chunk_15,151,cosine_similarity,0.016051303595304423,96
conn_shuf_only,chunk_15,151,kl_to_gaussian,0.6823334413059091,96
conn_shuf_only,chunk_15,151,wt_mean,0.001967777527170225,96
conn_shuf_only,chunk_15,152,GR,,96
conn_shuf_only,chunk_15,152,IPC,,96
conn_shuf_only,chunk_15,152,KR,64.46875,96
conn_shuf_only,chunk_15,152,MC,,96
conn_shuf_only,chunk_15,152,cosine_similarity,0.014334588078781926,96
conn_shuf_only,chunk_15,152,kl_to_gaussian,0.6822620067117894,96
conn_shuf_only,chunk_15,152,wt_mean,0.0022388992365449,96
conn_shuf_only,chunk_15,153,GR,,96
conn_shuf_only,chunk_15,153,IPC,,96
conn_shuf_only,chunk_15,153,KR,57.885416666666664,96
conn_shuf_only,chunk_15,153,MC,,96
conn_shuf_only,chunk_15,153,cosine_similarity,0.009785287547856526,96
conn_shuf_only,chunk_15,153,kl_to_gaussian,0.6822619870683032,96
conn_shuf_only,chunk_15,153,wt_mean,0.0020570087071973497,96
conn_shuf_only,chunk_15,154,GR,,96
conn_shuf_only,chunk_15,154,IPC,,96
conn_shuf_only,chunk_15,154,KR,84.72916666666667,96
conn_shuf_only,chunk_15,154,MC,,96
conn_shuf_only,chunk_15,154,cosine_similarity,0.011988407932221825,96
conn_shuf_only,chunk_15,154,kl_to_gaussian,0.6823334310268896,96
conn_shuf_only,chunk_15,154,wt_mean,0.00235559587599705,96
conn_shuf_only,chunk_15,155,GR,,96
conn_shuf_only,chunk_15,155,IPC,,96
conn_shuf_only,chunk_15,155,KR,84.65625,96
conn_shuf_only,chunk_15,155,MC,,96
conn_shuf_only,chunk_15,155,cosine_similarity,0.015021274331957052,96
conn_shuf_only,chunk_15,155,kl_to_gaussian,0.6822619859763338,96
conn_shuf_only,chunk_15,155,wt_mean,0.0025837176654021497,96
conn_shuf_only,chunk_15,156,GR,,96
conn_shuf_only,chunk_15,156,IPC,,96
conn_shuf_only,chunk_15,156,KR,103.03125,96
conn_shuf_only,chunk_15,156,MC,,96
conn_shuf_only,chunk_15,156,cosine_similarity,0.015793796628713597,96
conn_shuf_only,chunk_15,156,kl_to_gaussian,0.6822619841724257,96
conn_shuf_only,chunk_15,156,wt_mean,0.0027454537048469748,96
conn_shuf_only,chunk_15,157,GR,,96
conn_shuf_only,chunk_15,157,IPC,,96
conn_shuf_only,chunk_15,157,KR,78.44791666666667,96
conn_shuf_only,chunk_15,157,MC,,96
conn_shuf_only,chunk_15,157,cosine_similarity,0.013705123681574975,96
conn_shuf_only,chunk_15,157,kl_to_gaussian,0.6822620014275359,96
conn_shuf_only,chunk_15,157,wt_mean,0.0024058761773630747,96
conn_shuf_only,chunk_15,158,GR,,96
conn_shuf_only,chunk_15,158,IPC,,96
conn_shuf_only,chunk_15,158,KR,82.52083333333333,96
conn_shuf_only,chunk_15,158,MC,,96
conn_shuf_only,chunk_15,158,cosine_similarity,0.012446197913959576,96
conn_shuf_only,chunk_15,158,kl_to_gaussian,0.6822620149498989,96
conn_shuf_only,chunk_15,158,wt_mean,0.0024451554345432,96
conn_shuf_only,chunk_15,159,GR,,96
conn_shuf_only,chunk_15,159,IPC,,96
conn_shuf_only,chunk_15,159,KR,82.625,96
conn_shuf_only,chunk_15,159,MC,,96
conn_shuf_only,chunk_15,159,cosine_similarity,0.015936857089400226,96
conn_shuf_only,chunk_15,159,kl_to_gaussian,0.6823334235232802,96
conn_shuf_only,chunk_15,159,wt_mean,0.00236941929324525,96
conn_shuf_only,chunk_16,160,GR,,96
conn_shuf_only,chunk_16,160,IPC,,96
conn_shuf_only,chunk_16,160,KR,93.15625,96
conn_shuf_only,chunk_16,160,MC,,96
conn_shuf_only,chunk_16,160,cosine_similarity,0.015765184536576226,96
conn_shuf_only,chunk_16,160,kl_to_gaussian,0.6822619943291586,96
conn_shuf_only,chunk_16,160,wt_mean,0.00237766231293785,96
conn_shuf_only,chunk_16,161,GR,,96
conn_shuf_only,chunk_16,161,IPC,,96
conn_shuf_only,chunk_16,161,KR,99.19791666666667,96
conn_shuf_only,chunk_16,161,MC,,96
conn_shuf_only,chunk_16,161,cosine_similarity,0.01513572246767575,96
conn_shuf_only,chunk_16,161,kl_to_gaussian,0.682404895108327,96
conn_shuf_only,chunk_16,161,wt_mean,0.00259310629917305,96
conn_shuf_only,chunk_16,162,GR,,96
conn_shuf_only,chunk_16,162,IPC,,96
conn_shuf_only,chunk_16,162,KR,69.86458333333333,96
conn_shuf_only,chunk_16,162,MC,,96
conn_shuf_only,chunk_16,162,cosine_similarity,0.015393229201436,96
conn_shuf_only,chunk_16,162,kl_to_gaussian,0.682261988528686,96
conn_shuf_only,chunk_16,162,wt_mean,0.0022607795253861,96
conn_shuf_only,chunk_16,163,GR,,96
conn_shuf_only,chunk_16,163,IPC,,96
conn_shuf_only,chunk_16,163,KR,83.125,96
conn_shuf_only,chunk_16,163,MC,,96
conn_shuf_only,chunk_16,163,cosine_similarity,0.015765184536576226,96
conn_shuf_only,chunk_16,163,kl_to_gaussian,0.68233343552031,96
conn_shuf_only,chunk_16,163,wt_mean,0.002612018404761275,96
conn_shuf_only,chunk_16,164,GR,,96
conn_shuf_only,chunk_16,164,IPC,,96
conn_shuf_only,chunk_16,164,KR,80.73958333333333,96
conn_shuf_only,chunk_16,164,MC,,96
conn_shuf_only,chunk_16,164,cosine_similarity,0.014820990152656999,96
conn_shuf_only,chunk_16,164,kl_to_gaussian,0.6823334376233782,96
conn_shuf_only,chunk_16,164,wt_mean,0.002563631889643075,96
conn_shuf_only,chunk_16,165,GR,,96
conn_shuf_only,chunk_16,165,IPC,,96
conn_shuf_only,chunk_16,165,KR,85.65625,96
conn_shuf_only,chunk_16,165,MC,,96
conn_shuf_only,chunk_16,165,cosine_similarity,0.011559227714315,96
conn_shuf_only,chunk_16,165,kl_to_gaussian,0.6822620001271389,96
conn_shuf_only,chunk_16,165,wt_mean,0.002611088886624175,96
conn_shuf_only,chunk_16,166,GR,,96
conn_shuf_only,chunk_16,166,IPC,,96
conn_shuf_only,chunk_16,166,KR,117.69791666666667,96
conn_shuf_only,chunk_16,166,MC,,96
conn_shuf_only,chunk_16,166,cosine_similarity,0.01092976564541455,96
conn_shuf_only,chunk_16,166,kl_to_gaussian,0.6823334430747119,96
conn_shuf_only,chunk_16,166,wt_mean,0.0028746891766786,96
conn_shuf_only,chunk_16,167,GR,,96
conn_shuf_only,chunk_16,167,IPC,,96
conn_shuf_only,chunk_16,167,KR,58.354166666666664,96
conn_shuf_only,chunk_16,167,MC,,96
conn_shuf_only,chunk_16,167,cosine_similarity,0.012045630952343275,96
conn_shuf_only,chunk_16,167,kl_to_gaussian,0.6823334580597851,96
conn_shuf_only,chunk_16,167,wt_mean,0.0022171892924233998,96
conn_shuf_only,chunk_16,168,GR,,96
conn_shuf_only,chunk_16,168,IPC,,96
conn_shuf_only,chunk_16,168,KR,94.36458333333333,96
conn_shuf_only,chunk_16,168,MC,,96
conn_shuf_only,chunk_16,168,cosine_similarity,0.015479066409170577,96
conn_shuf_only,chunk_16,168,kl_to_gaussian,0.682404918558615,96
conn_shuf_only,chunk_16,168,wt_mean,0.0027459828997962003,96
conn_shuf_only,chunk_16,169,GR,,96
conn_shuf_only,chunk_16,169,IPC,,96
conn_shuf_only,chunk_16,169,KR,67.375,96
conn_shuf_only,chunk_16,169,MC,,96
conn_shuf_only,chunk_16,169,cosine_similarity,0.013218720443546725,96
conn_shuf_only,chunk_16,169,kl_to_gaussian,0.6823334521789052,96
conn_shuf_only,chunk_16,169,wt_mean,0.002208161546150175,96
conn_shuf_only,chunk_17,170,GR,,96
conn_shuf_only,chunk_17,170,IPC,,96
conn_shuf_only,chunk_17,170,KR,79.375,96
conn_shuf_only,chunk_17,170,MC,,96
conn_shuf_only,chunk_17,170,cosine_similarity,0.009127211058512275,96
conn_shuf_only,chunk_17,170,kl_to_gaussian,0.6822620058764409,96
conn_shuf_only,chunk_17,170,wt_mean,0.0023892212484497,96
conn_shuf_only,chunk_17,171,GR,,96
conn_shuf_only,chunk_17,171,IPC,,96
conn_shuf_only,chunk_17,171,KR,59.5,96
conn_shuf_only,chunk_17,171,MC,,96
conn_shuf_only,chunk_17,171,cosine_similarity,0.022117037791758703,96
conn_shuf_only,chunk_17,171,kl_to_gaussian,0.6822620074910244,96
conn_shuf_only,chunk_17,171,wt_mean,0.00217465404421085,96
conn_shuf_only,chunk_17,172,GR,,96
conn_shuf_only,chunk_17,172,IPC,,96
conn_shuf_only,chunk_17,172,KR,54.354166666666664,96
conn_shuf_only,chunk_17,172,MC,,96
conn_shuf_only,chunk_17,172,cosine_similarity,0.010586422169581,96
conn_shuf_only,chunk_17,172,kl_to_gaussian,0.6822620047801563,96
conn_shuf_only,chunk_17,172,wt_mean,0.0019240137480664502,96
conn_shuf_only,chunk_17,173,GR,,96
conn_shuf_only,chunk_17,173,IPC,,96
conn_shuf_only,chunk_17,173,KR,61.25,96
conn_shuf_only,chunk_17,173,MC,,96
conn_shuf_only,chunk_17,173,cosine_similarity,0.012989825103431926,96
conn_shuf_only,chunk_17,173,kl_to_gaussian,0.6823334428504494,96
conn_shuf_only,chunk_17,173,wt_mean,0.002060232101939575,96
conn_shuf_only,chunk_17,174,GR,,96
conn_shuf_only,chunk_17,174,IPC,,96
conn_shuf_only,chunk_17,174,KR,98.01041666666667,96
conn_shuf_only,chunk_17,174,MC,,96
conn_shuf_only,chunk_17,174,cosine_similarity,0.012017018860205975,96
conn_shuf_only,chunk_17,174,kl_to_gaussian,0.6822620050367524,96
conn_shuf_only,chunk_17,174,wt_mean,0.0027248434489592498,96
conn_shuf_only,chunk_17,175,GR,,96
conn_shuf_only,chunk_17,175,IPC,,96
conn_shuf_only,chunk_17,175,KR,55.020833333333336,96
conn_shuf_only,chunk_17,175,MC,,96
conn_shuf_only,chunk_17,175,cosine_similarity,0.009813898941501925,96
conn_shuf_only,chunk_17,175,kl_to_gaussian,0.6824048878758453,96
conn_shuf_only,chunk_17,175,wt_mean,0.0020734692807309,96
conn_shuf_only,chunk_17,176,GR,,96
conn_shuf_only,chunk_17,176,IPC,,96
conn_shuf_only,chunk_17,176,KR,104.02083333333333,96
conn_shuf_only,chunk_17,176,MC,,96
conn_shuf_only,chunk_17,176,cosine_similarity,0.014935438754037,96
conn_shuf_only,chunk_17,176,kl_to_gaussian,0.6823334539925628,96
conn_shuf_only,chunk_17,176,wt_mean,0.002542274771258175,96
conn_shuf_only,chunk_17,177,GR,,96
conn_shuf_only,chunk_17,177,IPC,,96
conn_shuf_only,chunk_17,177,KR,61.020833333333336,96
conn_shuf_only,chunk_17,177,MC,,96
conn_shuf_only,chunk_17,177,cosine_similarity,0.016623544041067324,96
conn_shuf_only,chunk_17,177,kl_to_gaussian,0.6823334546275511,96
conn_shuf_only,chunk_17,177,wt_mean,0.002201189810875775,96
conn_shuf_only,chunk_17,178,GR,,96
conn_shuf_only,chunk_17,178,IPC,,96
conn_shuf_only,chunk_17,178,KR,64.08333333333333,96
conn_shuf_only,chunk_17,178,MC,,96
conn_shuf_only,chunk_17,178,cosine_similarity,0.018197200726717676,96
conn_shuf_only,chunk_17,178,kl_to_gaussian,0.6822620058621,96
conn_shuf_only,chunk_17,178,wt_mean,0.002160394884413075,96
conn_shuf_only,chunk_17,179,GR,,96
conn_shuf_only,chunk_17,179,IPC,,96
conn_shuf_only,chunk_17,179,KR,79.17708333333333,96
conn_shuf_only,chunk_17,179,MC,,96
conn_shuf_only,chunk_17,179,cosine_similarity,0.012875377433374476,96
conn_shuf_only,chunk_17,179,kl_to_gaussian,0.6822620082623255,96
conn_shuf_only,chunk_17,179,wt_mean,0.00238775351317595,96
conn_shuf_only,chunk_18,180,GR,,96
conn_shuf_only,chunk_18,180,IPC,,96
conn_shuf_only,chunk_18,180,KR,64.39583333333333,96
conn_shuf_only,chunk_18,180,MC,,96
conn_shuf_only,chunk_18,180,cosine_similarity,0.0148496027104556,96
conn_shuf_only,chunk_18,180,kl_to_gaussian,0.6823334426395308,96
conn_shuf_only,chunk_18,180,wt_mean,0.00220165395876385,96
conn_shuf_only,chunk_18,181,GR,,96
conn_shuf_only,chunk_18,181,IPC,,96
conn_shuf_only,chunk_18,181,KR,95.375,96
conn_shuf_only,chunk_18,181,MC,,96
conn_shuf_only,chunk_18,181,cosine_similarity,0.019198619294911574,96
conn_shuf_only,chunk_18,181,kl_to_gaussian,0.6822619788623584,96
conn_shuf_only,chunk_18,181,wt_mean,0.00256983927101825,96
conn_shuf_only,chunk_18,182,GR,,96
conn_shuf_only,chunk_18,182,IPC,,96
conn_shuf_only,chunk_18,182,KR,93.05208333333333,96
conn_shuf_only,chunk_18,182,MC,,96
conn_shuf_only,chunk_18,182,cosine_similarity,0.01321872160769995,96
conn_shuf_only,chunk_18,182,kl_to_gaussian,0.6823334437960686,96
conn_shuf_only,chunk_18,182,wt_mean,0.0025454000860917997,96
conn_shuf_only,chunk_18,183,GR,,96
conn_shuf_only,chunk_18,183,IPC,,96
conn_shuf_only,chunk_18,183,KR,78.22916666666667,96
conn_shuf_only,chunk_18,183,MC,,96
conn_shuf_only,chunk_18,183,cosine_similarity,0.017138560302555502,96
conn_shuf_only,chunk_18,183,kl_to_gaussian,0.6822619864190959,96
conn_shuf_only,chunk_18,183,wt_mean,0.002325056469999225,96
conn_shuf_only,chunk_18,184,GR,,96
conn_shuf_only,chunk_18,184,IPC,,96
conn_shuf_only,chunk_18,184,KR,98.67708333333333,96
conn_shuf_only,chunk_18,184,MC,,96
conn_shuf_only,chunk_18,184,cosine_similarity,0.01487821526825425,96
conn_shuf_only,chunk_18,184,kl_to_gaussian,0.6822619890974679,96
conn_shuf_only,chunk_18,184,wt_mean,0.0028058010502718003,96
conn_shuf_only,chunk_18,185,GR,,96
conn_shuf_only,chunk_18,185,IPC,,96
conn_shuf_only,chunk_18,185,KR,105.09375,96
conn_shuf_only,chunk_18,185,MC,,96
conn_shuf_only,chunk_18,185,cosine_similarity,0.017253005877137125,96
conn_shuf_only,chunk_18,185,kl_to_gaussian,0.6822620076242144,96
conn_shuf_only,chunk_18,185,wt_mean,0.00275829582824365,96
conn_shuf_only,chunk_18,186,GR,,96
conn_shuf_only,chunk_18,186,IPC,,96
conn_shuf_only,chunk_18,186,KR,81.375,96
conn_shuf_only,chunk_18,186,MC,,96
conn_shuf_only,chunk_18,186,cosine_similarity,0.025750757195055474,96
conn_shuf_only,chunk_18,186,kl_to_gaussian,0.6822619840967917,96
conn_shuf_only,chunk_18,186,wt_mean,0.0024300973745993502,96
conn_shuf_only,chunk_18,187,GR,,96
conn_shuf_only,chunk_18,187,IPC,,96
conn_shuf_only,chunk_18,187,KR,66.44791666666667,96
conn_shuf_only,chunk_18,187,MC,,96
conn_shuf_only,chunk_18,187,cosine_similarity,0.0166807672940194,96
conn_shuf_only,chunk_18,187,kl_to_gaussian,0.6822620006008404,96
conn_shuf_only,chunk_18,187,wt_mean,0.002066997083602425,96
conn_shuf_only,chunk_18,188,GR,,96
conn_shuf_only,chunk_18,188,IPC,,96
conn_shuf_only,chunk_18,188,KR,97.57291666666667,96
conn_shuf_only,chunk_18,188,MC,,96
conn_shuf_only,chunk_18,188,cosine_similarity,0.016165752429515075,96
conn_shuf_only,chunk_18,188,kl_to_gaussian,0.6823334386062405,96
conn_shuf_only,chunk_18,188,wt_mean,0.0025555032480042,96
conn_shuf_only,chunk_18,189,GR,,96
conn_shuf_only,chunk_18,189,IPC,,96
conn_shuf_only,chunk_18,189,KR,76.63541666666667,96
conn_shuf_only,chunk_18,189,MC,,96
conn_shuf_only,chunk_18,189,cosine_similarity,0.008612196892499875,96
conn_shuf_only,chunk_18,189,kl_to_gaussian,0.682261977343117,96
conn_shuf_only,chunk_18,189,wt_mean,0.002288171352120075,96
conn_shuf_only,chunk_19,190,GR,,96
conn_shuf_only,chunk_19,190,IPC,,96
conn_shuf_only,chunk_19,190,KR,85.125,96
conn_shuf_only,chunk_19,190,MC,,96
conn_shuf_only,chunk_19,190,cosine_similarity,0.018139976542443,96
conn_shuf_only,chunk_19,190,kl_to_gaussian,0.6822620081342682,96
conn_shuf_only,chunk_19,190,wt_mean,0.002630394999869125,96
conn_shuf_only,chunk_19,191,GR,,96
conn_shuf_only,chunk_19,191,IPC,,96
conn_shuf_only,chunk_19,191,KR,77.85416666666667,96
conn_shuf_only,chunk_19,191,MC,,96
conn_shuf_only,chunk_19,191,cosine_similarity,0.012303139548748674,96
conn_shuf_only,chunk_19,191,kl_to_gaussian,0.6823334536867106,96
conn_shuf_only,chunk_19,191,wt_mean,0.002381571306614175,96
conn_shuf_only,chunk_19,192,GR,,96
conn_shuf_only,chunk_19,192,IPC,,96
conn_shuf_only,chunk_19,192,KR,102.15625,96
conn_shuf_only,chunk_19,192,MC,,96
conn_shuf_only,chunk_19,192,cosine_similarity,0.01376234879717225,96
conn_shuf_only,chunk_19,192,kl_to_gaussian,0.6822619858516866,96
conn_shuf_only,chunk_19,192,wt_mean,0.002734853944275475,96
conn_shuf_only,chunk_19,193,GR,,96
conn_shuf_only,chunk_19,193,IPC,,96
conn_shuf_only,chunk_19,193,KR,70.0,96
conn_shuf_only,chunk_19,193,MC,,96
conn_shuf_only,chunk_19,193,cosine_similarity,0.013819572981446948,96
conn_shuf_only,chunk_19,193,kl_to_gaussian,0.6822619867590612,96
conn_shuf_only,chunk_19,193,wt_mean,0.00238996912958095,96
conn_shuf_only,chunk_19,194,GR,,96
conn_shuf_only,chunk_19,194,IPC,,96
conn_shuf_only,chunk_19,194,KR,111.85416666666667,96
conn_shuf_only,chunk_19,194,MC,,96
conn_shuf_only,chunk_19,194,cosine_similarity,0.01613714080303905,96
conn_shuf_only,chunk_19,194,kl_to_gaussian,0.6822619976280281,96
conn_shuf_only,chunk_19,194,wt_mean,0.002768728882074325,96
conn_shuf_only,chunk_19,195,GR,,96
conn_shuf_only,chunk_19,195,IPC,,96
conn_shuf_only,chunk_19,195,KR,84.67708333333333,96
conn_shuf_only,chunk_19,195,MC,,96
conn_shuf_only,chunk_19,195,cosine_similarity,0.008268853649497,96
conn_shuf_only,chunk_19,195,kl_to_gaussian,0.6822619853640693,96
conn_shuf_only,chunk_19,195,wt_mean,0.0024344216799363004,96
conn_shuf_only,chunk_19,196,GR,,96
conn_shuf_only,chunk_19,196,IPC,,96
conn_shuf_only,chunk_19,196,KR,101.66666666666667,96
conn_shuf_only,chunk_19,196,MC,,96
conn_shuf_only,chunk_19,196,cosine_similarity,0.008297465741634326,96
conn_shuf_only,chunk_19,196,kl_to_gaussian,0.6823334468484693,96
conn_shuf_only,chunk_19,196,wt_mean,0.0027500387805048,96
conn_shuf_only,chunk_19,197,GR,,96
conn_shuf_only,chunk_19,197,IPC,,96
conn_shuf_only,chunk_19,197,KR,62.4375,96
conn_shuf_only,chunk_19,197,MC,,96
conn_shuf_only,chunk_19,197,cosine_similarity,0.01562212570570405,96
conn_shuf_only,chunk_19,197,kl_to_gaussian,0.6823334431342811,96
conn_shuf_only,chunk_19,197,wt_mean,0.002072689792839775,96
conn_shuf_only,chunk_19,198,GR,,96
conn_shuf_only,chunk_19,198,IPC,,96
conn_shuf_only,chunk_19,198,KR,89.45833333333333,96
conn_shuf_only,chunk_19,198,MC,,96
conn_shuf_only,chunk_19,198,cosine_similarity,0.012675094418227626,96
conn_shuf_only,chunk_19,198,kl_to_gaussian,0.6822619915222087,96
conn_shuf_only,chunk_19,198,wt_mean,0.00259056373033665,96
conn_shuf_only,chunk_19,199,GR,,96
conn_shuf_only,chunk_19,199,IPC,,96
conn_shuf_only,chunk_19,199,KR,103.97916666666667,96
conn_shuf_only,chunk_19,199,MC,,96
conn_shuf_only,chunk_19,199,cosine_similarity,0.013247333001345375,96
conn_shuf_only,chunk_19,199,kl_to_gaussian,0.6822620002946281,96
conn_shuf_only,chunk_19,199,wt_mean,0.0026715371932368253,96
conn_shuf_only,chunk_2,20,GR,,96
conn_shuf_only,chunk_2,20,IPC,,96
conn_shuf_only,chunk_2,20,KR,100.59375,96
conn_shuf_only,chunk_2,20,MC,,96
conn_shuf_only,chunk_2,20,cosine_similarity,0.014735153643414324,96
conn_shuf_only,chunk_2,20,kl_to_gaussian,0.6822620196713892,96
conn_shuf_only,chunk_2,20,wt_mean,0.0027224926452617502,96
conn_shuf_only,chunk_2,21,GR,,96
conn_shuf_only,chunk_2,21,IPC,,96
conn_shuf_only,chunk_2,21,KR,94.90625,96
conn_shuf_only,chunk_2,21,MC,,96
conn_shuf_only,chunk_2,21,cosine_similarity,0.01799691747874015,96
conn_shuf_only,chunk_2,21,kl_to_gaussian,0.6822619964514112,96
conn_shuf_only,chunk_2,21,wt_mean,0.0026691072271205,96
conn_shuf_only,chunk_2,22,GR,,96
conn_shuf_only,chunk_2,22,IPC,,96
conn_shuf_only,chunk_2,22,KR,75.32291666666667,96
conn_shuf_only,chunk_2,22,MC,,96
conn_shuf_only,chunk_2,22,cosine_similarity,0.009899734519421974,96
conn_shuf_only,chunk_2,22,kl_to_gaussian,0.6822620108687766,96
conn_shuf_only,chunk_2,22,wt_mean,0.00231070266454475,96
conn_shuf_only,chunk_2,23,GR,,96
conn_shuf_only,chunk_2,23,IPC,,96
conn_shuf_only,chunk_2,23,KR,69.9375,96
conn_shuf_only,chunk_2,23,MC,,96
conn_shuf_only,chunk_2,23,cosine_similarity,0.0129039899911731,96
conn_shuf_only,chunk_2,23,kl_to_gaussian,0.6822620019811155,96
conn_shuf_only,chunk_2,23,wt_mean,0.0022157358762342,96
conn_shuf_only,chunk_2,24,GR,,96
conn_shuf_only,chunk_2,24,IPC,,96
conn_shuf_only,chunk_2,24,KR,98.42708333333333,96
conn_shuf_only,chunk_2,24,MC,,96
conn_shuf_only,chunk_2,24,cosine_similarity,0.009899735450744575,96
conn_shuf_only,chunk_2,24,kl_to_gaussian,0.6822620007343811,96
conn_shuf_only,chunk_2,24,wt_mean,0.0026474733604117747,96
conn_shuf_only,chunk_2,25,GR,,96
conn_shuf_only,chunk_2,25,IPC,,96
conn_shuf_only,chunk_2,25,KR,75.97916666666667,96
conn_shuf_only,chunk_2,25,MC,,96
conn_shuf_only,chunk_2,25,cosine_similarity,0.012217301875352825,96
conn_shuf_only,chunk_2,25,kl_to_gaussian,0.6822620001486758,96
conn_shuf_only,chunk_2,25,wt_mean,0.002276540937600625,96
conn_shuf_only,chunk_2,26,GR,,96
conn_shuf_only,chunk_2,26,IPC,,96
conn_shuf_only,chunk_2,26,KR,102.98958333333333,96
conn_shuf_only,chunk_2,26,MC,,96
conn_shuf_only,chunk_2,26,cosine_similarity,0.011931183515116501,96
conn_shuf_only,chunk_2,26,kl_to_gaussian,0.6822620001323373,96
conn_shuf_only,chunk_2,26,wt_mean,0.0026029079745057498,96
conn_shuf_only,chunk_2,27,GR,,96
conn_shuf_only,chunk_2,27,IPC,,96
conn_shuf_only,chunk_2,27,KR,73.53125,96
conn_shuf_only,chunk_2,27,MC,,96
conn_shuf_only,chunk_2,27,cosine_similarity,0.0180255300365388,96
conn_shuf_only,chunk_2,27,kl_to_gaussian,0.6823334301865883,96
conn_shuf_only,chunk_2,27,wt_mean,0.002221295435447175,96
conn_shuf_only,chunk_2,28,GR,,96
conn_shuf_only,chunk_2,28,IPC,,96
conn_shuf_only,chunk_2,28,KR,84.28125,96
conn_shuf_only,chunk_2,28,MC,,96
conn_shuf_only,chunk_2,28,cosine_similarity,0.01962779881432645,96
conn_shuf_only,chunk_2,28,kl_to_gaussian,0.6822619798535522,96
conn_shuf_only,chunk_2,28,wt_mean,0.0025232775660697,96
conn_shuf_only,chunk_2,29,GR,,96
conn_shuf_only,chunk_2,29,IPC,,96
conn_shuf_only,chunk_2,29,KR,105.44791666666667,96
conn_shuf_only,chunk_2,29,MC,,96
conn_shuf_only,chunk_2,29,cosine_similarity,0.00955639197491105,96
conn_shuf_only,chunk_2,29,kl_to_gaussian,0.6822620046894924,96
conn_shuf_only,chunk_2,29,wt_mean,0.00265547813614825,96
conn_shuf_only,chunk_3,30,GR,,96
conn_shuf_only,chunk_3,30,IPC,,96
conn_shuf_only,chunk_3,30,KR,100.80208333333333,96
conn_shuf_only,chunk_3,30,MC,,96
conn_shuf_only,chunk_3,30,cosine_similarity,0.014592095278203451,96
conn_shuf_only,chunk_3,30,kl_to_gaussian,0.6823334428595369,96
conn_shuf_only,chunk_3,30,wt_mean,0.0027966220513916747,96
conn_shuf_only,chunk_3,31,GR,,96
conn_shuf_only,chunk_3,31,IPC,,96
conn_shuf_only,chunk_3,31,KR,77.41666666666667,96
conn_shuf_only,chunk_3,31,MC,,96
conn_shuf_only,chunk_3,31,cosine_similarity,0.015650736168026876,96
conn_shuf_only,chunk_3,31,kl_to_gaussian,0.6823334476658377,96
conn_shuf_only,chunk_3,31,wt_mean,0.0024884664453565498,96
conn_shuf_only,chunk_3,32,GR,,96
conn_shuf_only,chunk_3,32,IPC,,96
conn_shuf_only,chunk_3,32,KR,76.47916666666667,96
conn_shuf_only,chunk_3,32,MC,,96
conn_shuf_only,chunk_3,32,cosine_similarity,0.014191527618095225,96
conn_shuf_only,chunk_3,32,kl_to_gaussian,0.6823334498488219,96
conn_shuf_only,chunk_3,32,wt_mean,0.002259152417536775,96
conn_shuf_only,chunk_3,33,GR,,96
conn_shuf_only,chunk_3,33,IPC,,96
conn_shuf_only,chunk_3,33,KR,67.27083333333333,96
conn_shuf_only,chunk_3,33,MC,,96
conn_shuf_only,chunk_3,33,cosine_similarity,0.01442042295821005,96
conn_shuf_only,chunk_3,33,kl_to_gaussian,0.6823334592162914,96
conn_shuf_only,chunk_3,33,wt_mean,0.002130295993993025,96
conn_shuf_only,chunk_3,34,GR,,96
conn_shuf_only,chunk_3,34,IPC,,96
conn_shuf_only,chunk_3,34,KR,97.40625,96
conn_shuf_only,chunk_3,34,MC,,96
conn_shuf_only,chunk_3,34,cosine_similarity,0.01605130312964315,96
conn_shuf_only,chunk_3,34,kl_to_gaussian,0.6823334458513108,96
conn_shuf_only,chunk_3,34,wt_mean,0.0027008743199985,96
conn_shuf_only,chunk_3,35,GR,,96
conn_shuf_only,chunk_3,35,IPC,,96
conn_shuf_only,chunk_3,35,KR,118.52083333333333,96
conn_shuf_only,chunk_3,35,MC,,96
conn_shuf_only,chunk_3,35,cosine_similarity,0.0100427949801087,96
conn_shuf_only,chunk_3,35,kl_to_gaussian,0.6822619922492522,96
conn_shuf_only,chunk_3,35,wt_mean,0.00281885080039495,96
conn_shuf_only,chunk_3,36,GR,,96
conn_shuf_only,chunk_3,36,IPC,,96
conn_shuf_only,chunk_3,36,KR,43.09375,96
conn_shuf_only,chunk_3,36,MC,,96
conn_shuf_only,chunk_3,36,cosine_similarity,0.009585002670064525,96
conn_shuf_only,chunk_3,36,kl_to_gaussian,0.6823334372706659,96
conn_shuf_only,chunk_3,36,wt_mean,0.0018452304939273,96
conn_shuf_only,chunk_3,37,GR,,96
conn_shuf_only,chunk_3,37,IPC,,96
conn_shuf_only,chunk_3,37,KR,83.98958333333333,96
conn_shuf_only,chunk_3,37,MC,,96
conn_shuf_only,chunk_3,37,cosine_similarity,0.01848332071676845,96
conn_shuf_only,chunk_3,37,kl_to_gaussian,0.6822619962003125,96
conn_shuf_only,chunk_3,37,wt_mean,0.0025561359361745,96
conn_shuf_only,chunk_3,38,GR,,96
conn_shuf_only,chunk_3,38,IPC,,96
conn_shuf_only,chunk_3,38,KR,85.9375,96
conn_shuf_only,chunk_3,38,MC,,96
conn_shuf_only,chunk_3,38,cosine_similarity,0.01115866051986805,96
conn_shuf_only,chunk_3,38,kl_to_gaussian,0.6822620012992355,96
conn_shuf_only,chunk_3,38,wt_mean,0.00230853218818075,96
conn_shuf_only,chunk_3,39,GR,,96
conn_shuf_only,chunk_3,39,IPC,,96
conn_shuf_only,chunk_3,39,KR,97.77083333333333,96
conn_shuf_only,chunk_3,39,MC,,96
conn_shuf_only,chunk_3,39,cosine_similarity,0.0210870071314275,96
conn_shuf_only,chunk_3,39,kl_to_gaussian,0.6822620071186055,96
conn_shuf_only,chunk_3,39,wt_mean,0.0026107029698323003,96
conn_shuf_only,chunk_4,40,GR,,96
conn_shuf_only,chunk_4,40,IPC,,96
conn_shuf_only,chunk_4,40,KR,111.03125,96
conn_shuf_only,chunk_4,40,MC,,96
conn_shuf_only,chunk_4,40,cosine_similarity,0.0140770804136991,96
conn_shuf_only,chunk_4,40,kl_to_gaussian,0.6823334678498866,96
conn_shuf_only,chunk_4,40,wt_mean,0.002787355624604925,96
conn_shuf_only,chunk_4,41,GR,,96
conn_shuf_only,chunk_4,41,IPC,,96
conn_shuf_only,chunk_4,41,KR,64.66666666666667,96
conn_shuf_only,chunk_4,41,MC,,96
conn_shuf_only,chunk_4,41,cosine_similarity,0.01799691701307885,96
conn_shuf_only,chunk_4,41,kl_to_gaussian,0.6822619795902466,96
conn_shuf_only,chunk_4,41,wt_mean,0.002028195653110725,96
conn_shuf_only,chunk_4,42,GR,,96
conn_shuf_only,chunk_4,42,IPC,,96
conn_shuf_only,chunk_4,42,KR,82.58333333333333,96
conn_shuf_only,chunk_4,42,MC,,96
conn_shuf_only,chunk_4,42,cosine_similarity,0.01713855843991035,96
conn_shuf_only,chunk_4,42,kl_to_gaussian,0.6822620036492623,96
conn_shuf_only,chunk_4,42,wt_mean,0.002364468091400275,96
conn_shuf_only,chunk_4,43,GR,,96
conn_shuf_only,chunk_4,43,IPC,,96
conn_shuf_only,chunk_4,43,KR,78.08333333333333,96
conn_shuf_only,chunk_4,43,MC,,96
conn_shuf_only,chunk_4,43,cosine_similarity,0.01493543898686765,96
conn_shuf_only,chunk_4,43,kl_to_gaussian,0.6822619998412973,96
conn_shuf_only,chunk_4,43,wt_mean,0.0024239306803792,96
conn_shuf_only,chunk_4,44,GR,,96
conn_shuf_only,chunk_4,44,IPC,,96
conn_shuf_only,chunk_4,44,KR,59.708333333333336,96
conn_shuf_only,chunk_4,44,MC,,96
conn_shuf_only,chunk_4,44,cosine_similarity,0.018397483509033873,96
conn_shuf_only,chunk_4,44,kl_to_gaussian,0.6822620000318498,96
conn_shuf_only,chunk_4,44,wt_mean,0.002106664498569375,96
conn_shuf_only,chunk_4,45,GR,,96
conn_shuf_only,chunk_4,45,IPC,,96
conn_shuf_only,chunk_4,45,KR,99.79166666666667,96
conn_shuf_only,chunk_4,45,MC,,96
conn_shuf_only,chunk_4,45,cosine_similarity,0.013333169277757325,96
conn_shuf_only,chunk_4,45,kl_to_gaussian,0.6822619964271608,96
conn_shuf_only,chunk_4,45,wt_mean,0.002437952061882175,96
conn_shuf_only,chunk_4,46,GR,,96
conn_shuf_only,chunk_4,46,IPC,,96
conn_shuf_only,chunk_4,46,KR,113.38541666666667,96
conn_shuf_only,chunk_4,46,MC,,96
conn_shuf_only,chunk_4,46,cosine_similarity,0.01470654178410765,96
conn_shuf_only,chunk_4,46,kl_to_gaussian,0.6822619878660738,96
conn_shuf_only,chunk_4,46,wt_mean,0.002689855231437775,96
conn_shuf_only,chunk_4,47,GR,,96
conn_shuf_only,chunk_4,47,IPC,,96
conn_shuf_only,chunk_4,47,KR,69.54166666666667,96
conn_shuf_only,chunk_4,47,MC,,96
conn_shuf_only,chunk_4,47,cosine_similarity,0.012818154878914323,96
conn_shuf_only,chunk_4,47,kl_to_gaussian,0.6822619954568868,96
conn_shuf_only,chunk_4,47,wt_mean,0.002324729372048725,96
conn_shuf_only,chunk_4,48,GR,,96
conn_shuf_only,chunk_4,48,IPC,,96
conn_shuf_only,chunk_4,48,KR,65.34375,96
conn_shuf_only,chunk_4,48,MC,,96
conn_shuf_only,chunk_4,48,cosine_similarity,0.0166521547362208,96
conn_shuf_only,chunk_4,48,kl_to_gaussian,0.6823334435776162,96
conn_shuf_only,chunk_4,48,wt_mean,0.0021690503926946997,96
conn_shuf_only,chunk_4,49,GR,,96
conn_shuf_only,chunk_4,49,IPC,,96
conn_shuf_only,chunk_4,49,KR,71.34375,96
conn_shuf_only,chunk_4,49,MC,,96
conn_shuf_only,chunk_4,49,cosine_similarity,0.015421842457726523,96
conn_shuf_only,chunk_4,49,kl_to_gaussian,0.6823334367239605,96
conn_shuf_only,chunk_4,49,wt_mean,0.0023524532734881753,96
conn_shuf_only,chunk_5,50,GR,,96
conn_shuf_only,chunk_5,50,IPC,,96
conn_shuf_only,chunk_5,50,KR,50.15625,96
conn_shuf_only,chunk_5,50,MC,,96
conn_shuf_only,chunk_5,50,cosine_similarity,0.0163946477696299,96
conn_shuf_only,chunk_5,50,kl_to_gaussian,0.6823334375608856,96
conn_shuf_only,chunk_5,50,wt_mean,0.001961942500201925,96
conn_shuf_only,chunk_5,51,GR,,96
conn_shuf_only,chunk_5,51,IPC,,96
conn_shuf_only,chunk_5,51,KR,107.52083333333333,96
conn_shuf_only,chunk_5,51,MC,,96
conn_shuf_only,chunk_5,51,cosine_similarity,0.011559228179976275,96
conn_shuf_only,chunk_5,51,kl_to_gaussian,0.6823334545385161,96
conn_shuf_only,chunk_5,51,wt_mean,0.002708903455641075,96
conn_shuf_only,chunk_5,52,GR,,96
conn_shuf_only,chunk_5,52,IPC,,96
conn_shuf_only,chunk_5,52,KR,77.55208333333333,96
conn_shuf_only,chunk_5,52,MC,,96
conn_shuf_only,chunk_5,52,cosine_similarity,0.01642325939610595,96
conn_shuf_only,chunk_5,52,kl_to_gaussian,0.6824048957607701,96
conn_shuf_only,chunk_5,52,wt_mean,0.00235431684995995,96
conn_shuf_only,chunk_5,53,GR,,96
conn_shuf_only,chunk_5,53,IPC,,96
conn_shuf_only,chunk_5,53,KR,85.21875,96
conn_shuf_only,chunk_5,53,MC,,96
conn_shuf_only,chunk_5,53,cosine_similarity,0.0139626322779804,96
conn_shuf_only,chunk_5,53,kl_to_gaussian,0.6822619938778334,96
conn_shuf_only,chunk_5,53,wt_mean,0.002496940956916625,96
conn_shuf_only,chunk_5,54,GR,,96
conn_shuf_only,chunk_5,54,IPC,,96
conn_shuf_only,chunk_5,54,KR,82.92708333333333,96
conn_shuf_only,chunk_5,54,MC,,96
conn_shuf_only,chunk_5,54,cosine_similarity,0.015336004318669376,96
conn_shuf_only,chunk_5,54,kl_to_gaussian,0.6823334379004672,96
conn_shuf_only,chunk_5,54,wt_mean,0.0024672927102073502,96
conn_shuf_only,chunk_5,55,GR,,96
conn_shuf_only,chunk_5,55,IPC,,96
conn_shuf_only,chunk_5,55,KR,87.15625,96
conn_shuf_only,chunk_5,55,MC,,96
conn_shuf_only,chunk_5,55,cosine_similarity,0.011902572587132424,96
conn_shuf_only,chunk_5,55,kl_to_gaussian,0.682333443859842,96
conn_shuf_only,chunk_5,55,wt_mean,0.0024255119787994247,96
conn_shuf_only,chunk_5,56,GR,,96
conn_shuf_only,chunk_5,56,IPC,,96
conn_shuf_only,chunk_5,56,KR,71.66666666666667,96
conn_shuf_only,chunk_5,56,MC,,96
conn_shuf_only,chunk_5,56,cosine_similarity,0.014363199239596676,96
conn_shuf_only,chunk_5,56,kl_to_gaussian,0.6822619897204216,96
conn_shuf_only,chunk_5,56,wt_mean,0.002335010154638375,96
conn_shuf_only,chunk_5,57,GR,,96
conn_shuf_only,chunk_5,57,IPC,,96
conn_shuf_only,chunk_5,57,KR,61.90625,96
conn_shuf_only,chunk_5,57,MC,,96
conn_shuf_only,chunk_5,57,cosine_similarity,0.01762496214359995,96
conn_shuf_only,chunk_5,57,kl_to_gaussian,0.6822620052129693,96
conn_shuf_only,chunk_5,57,wt_mean,0.0021965916967019,96
conn_shuf_only,chunk_5,58,GR,,96
conn_shuf_only,chunk_5,58,IPC,,96
conn_shuf_only,chunk_5,58,KR,90.73958333333333,96
conn_shuf_only,chunk_5,58,MC,,96
conn_shuf_only,chunk_5,58,cosine_similarity,0.0170241110026836,96
conn_shuf_only,chunk_5,58,kl_to_gaussian,0.682261999073304,96
conn_shuf_only,chunk_5,58,wt_mean,0.00243249748018565,96
conn_shuf_only,chunk_5,59,GR,,96
conn_shuf_only,chunk_5,59,IPC,,96
conn_shuf_only,chunk_5,59,KR,80.125,96
conn_shuf_only,chunk_5,59,MC,,96
conn_shuf_only,chunk_5,59,cosine_similarity,0.0129898255690932,96
conn_shuf_only,chunk_5,59,kl_to_gaussian,0.6822619928355085,96
conn_shuf_only,chunk_5,59,wt_mean,0.0023278277076314497,96
conn_shuf_only,chunk_6,60,GR,,96
conn_shuf_only,chunk_6,60,IPC,,96
conn_shuf_only,chunk_6,60,KR,71.14583333333333,96
conn_shuf_only,chunk_6,60,MC,,96
conn_shuf_only,chunk_6,60,cosine_similarity,0.02268927730619903,96
conn_shuf_only,chunk_6,60,kl_to_gaussian,0.6822620216092544,96
conn_shuf_only,chunk_6,60,wt_mean,0.00221657080692235,96
conn_shuf_only,chunk_6,61,GR,,96
conn_shuf_only,chunk_6,61,IPC,,96
conn_shuf_only,chunk_6,61,KR,88.59375,96
conn_shuf_only,chunk_6,61,MC,,96
conn_shuf_only,chunk_6,61,cosine_similarity,0.016366035211831276,96
conn_shuf_only,chunk_6,61,kl_to_gaussian,0.6824048902891509,96
conn_shuf_only,chunk_6,61,wt_mean,0.00252925904351285,96
conn_shuf_only,chunk_6,62,GR,,96
conn_shuf_only,chunk_6,62,IPC,,96
conn_shuf_only,chunk_6,62,KR,54.03125,96
conn_shuf_only,chunk_6,62,MC,,96
conn_shuf_only,chunk_6,62,cosine_similarity,0.012760930927470299,96
conn_shuf_only,chunk_6,62,kl_to_gaussian,0.6823334333993913,96
conn_shuf_only,chunk_6,62,wt_mean,0.002135694725438925,96
conn_shuf_only,chunk_6,63,GR,,96
conn_shuf_only,chunk_6,63,IPC,,96
conn_shuf_only,chunk_6,63,KR,75.19791666666667,96
conn_shuf_only,chunk_6,63,MC,,96
conn_shuf_only,chunk_6,63,cosine_similarity,0.01908416906371705,96
conn_shuf_only,chunk_6,63,kl_to_gaussian,0.6822619967253004,96
conn_shuf_only,chunk_6,63,wt_mean,0.002356828743359,96
conn_shuf_only,chunk_6,64,GR,,96
conn_shuf_only,chunk_6,64,IPC,,96
conn_shuf_only,chunk_6,64,KR,47.53125,96
conn_shuf_only,chunk_6,64,MC,,96
conn_shuf_only,chunk_6,64,cosine_similarity,0.018168589100241623,96
conn_shuf_only,chunk_6,64,kl_to_gaussian,0.6824048884639536,96
conn_shuf_only,chunk_6,64,wt_mean,0.0020319583709351003,96
conn_shuf_only,chunk_6,65,GR,,96
conn_shuf_only,chunk_6,65,IPC,,96
conn_shuf_only,chunk_6,65,KR,106.46875,96
conn_shuf_only,chunk_6,65,MC,,96
conn_shuf_only,chunk_6,65,cosine_similarity,0.017109946813434324,96
conn_shuf_only,chunk_6,65,kl_to_gaussian,0.6822620033014258,96
conn_shuf_only,chunk_6,65,wt_mean,0.0027431087510194248,96
conn_shuf_only,chunk_6,66,GR,,96
conn_shuf_only,chunk_6,66,IPC,,96
conn_shuf_only,chunk_6,66,KR,116.1875,96
conn_shuf_only,chunk_6,66,MC,,96
conn_shuf_only,chunk_6,66,cosine_similarity,0.013876796001568374,96
conn_shuf_only,chunk_6,66,kl_to_gaussian,0.6822619945059438,96
conn_shuf_only,chunk_6,66,wt_mean,0.0028103239019400747,96
conn_shuf_only,chunk_6,67,GR,,96
conn_shuf_only,chunk_6,67,IPC,,96
conn_shuf_only,chunk_6,67,KR,97.875,96
conn_shuf_only,chunk_6,67,MC,,96
conn_shuf_only,chunk_6,67,cosine_similarity,0.01919861976057285,96
conn_shuf_only,chunk_6,67,kl_to_gaussian,0.6822619754838034,96
conn_shuf_only,chunk_6,67,wt_mean,0.0024992614053189,96
conn_shuf_only,chunk_6,68,GR,,96
conn_shuf_only,chunk_6,68,IPC,,96
conn_shuf_only,chunk_6,68,KR,73.54166666666667,96
conn_shuf_only,chunk_6,68,MC,,96
conn_shuf_only,chunk_6,68,cosine_similarity,0.012760930228978349,96
conn_shuf_only,chunk_6,68,kl_to_gaussian,0.6823334344817956,96
conn_shuf_only,chunk_6,68,wt_mean,0.002249312674393825,96
conn_shuf_only,chunk_6,69,GR,,96
conn_shuf_only,chunk_6,69,IPC,,96
conn_shuf_only,chunk_6,69,KR,105.5625,96
conn_shuf_only,chunk_6,69,MC,,96
conn_shuf_only,chunk_6,69,cosine_similarity,0.01316149742342525,96
conn_shuf_only,chunk_6,69,kl_to_gaussian,0.6824048872737317,96
conn_shuf_only,chunk_6,69,wt_mean,0.002756540925474775,96
conn_shuf_only,chunk_7,70,GR,,96
conn_shuf_only,chunk_7,70,IPC,,96
conn_shuf_only,chunk_7,70,KR,97.26041666666667,96
conn_shuf_only,chunk_7,70,MC,,96
conn_shuf_only,chunk_7,70,cosine_similarity,0.014477646211162175,96
conn_shuf_only,chunk_7,70,kl_to_gaussian,0.6823334303964849,96
conn_shuf_only,chunk_7,70,wt_mean,0.0027409241884014997,96
conn_shuf_only,chunk_7,71,GR,,96
conn_shuf_only,chunk_7,71,IPC,,96
conn_shuf_only,chunk_7,71,KR,47.291666666666664,96
conn_shuf_only,chunk_7,71,MC,,96
conn_shuf_only,chunk_7,71,cosine_similarity,0.01187395933084185,96
conn_shuf_only,chunk_7,71,kl_to_gaussian,0.6822620081978489,96
conn_shuf_only,chunk_7,71,wt_mean,0.0018955040723084998,96
conn_shuf_only,chunk_7,72,GR,,96
conn_shuf_only,chunk_7,72,IPC,,96
conn_shuf_only,chunk_7,72,KR,83.125,96
conn_shuf_only,chunk_7,72,MC,,96
conn_shuf_only,chunk_7,72,cosine_similarity,0.011959795141592575,96
conn_shuf_only,chunk_7,72,kl_to_gaussian,0.6822620012239646,96
conn_shuf_only,chunk_7,72,wt_mean,0.002602925349492525,96
conn_shuf_only,chunk_7,73,GR,,96
conn_shuf_only,chunk_7,73,IPC,,96
conn_shuf_only,chunk_7,73,KR,56.375,96
conn_shuf_only,chunk_7,73,MC,,96
conn_shuf_only,chunk_7,73,cosine_similarity,0.012446198612451526,96
conn_shuf_only,chunk_7,73,kl_to_gaussian,0.6822620006628995,96
conn_shuf_only,chunk_7,73,wt_mean,0.002063853753497775,96
conn_shuf_only,chunk_7,74,GR,,96
conn_shuf_only,chunk_7,74,IPC,,96
conn_shuf_only,chunk_7,74,KR,89.30208333333333,96
conn_shuf_only,chunk_7,74,MC,,96
conn_shuf_only,chunk_7,74,cosine_similarity,0.015879631973802998,96
conn_shuf_only,chunk_7,74,kl_to_gaussian,0.6823334412562642,96
conn_shuf_only,chunk_7,74,wt_mean,0.0026200502470600747,96
conn_shuf_only,chunk_7,75,GR,,96
conn_shuf_only,chunk_7,75,IPC,,96
conn_shuf_only,chunk_7,75,KR,64.27083333333333,96
conn_shuf_only,chunk_7,75,MC,,96
conn_shuf_only,chunk_7,75,cosine_similarity,0.014534870395436826,96
conn_shuf_only,chunk_7,75,kl_to_gaussian,0.6823334394253083,96
conn_shuf_only,chunk_7,75,wt_mean,0.00230418695718975,96
conn_shuf_only,chunk_7,76,GR,,96
conn_shuf_only,chunk_7,76,IPC,,96
conn_shuf_only,chunk_7,76,KR,45.510416666666664,96
conn_shuf_only,chunk_7,76,MC,,96
conn_shuf_only,chunk_7,76,cosine_similarity,0.011301720282062824,96
conn_shuf_only,chunk_7,76,kl_to_gaussian,0.6822620179303205,96
conn_shuf_only,chunk_7,76,wt_mean,0.0017764481017365499,96
conn_shuf_only,chunk_7,77,GR,,96
conn_shuf_only,chunk_7,77,IPC,,96
conn_shuf_only,chunk_7,77,KR,85.03125,96
conn_shuf_only,chunk_7,77,MC,,96
conn_shuf_only,chunk_7,77,cosine_similarity,0.0164804835803806,96
conn_shuf_only,chunk_7,77,kl_to_gaussian,0.6822619936558681,96
conn_shuf_only,chunk_7,77,wt_mean,0.002461669384501825,96
conn_shuf_only,chunk_7,78,GR,,96
conn_shuf_only,chunk_7,78,IPC,,96
conn_shuf_only,chunk_7,78,KR,103.04166666666667,96
conn_shuf_only,chunk_7,78,MC,,96
conn_shuf_only,chunk_7,78,cosine_similarity,0.01733884122222655,96
conn_shuf_only,chunk_7,78,kl_to_gaussian,0.6822619785098795,96
conn_shuf_only,chunk_7,78,wt_mean,0.0028572519659064,96
conn_shuf_only,chunk_7,79,GR,,96
conn_shuf_only,chunk_7,79,IPC,,96
conn_shuf_only,chunk_7,79,KR,87.39583333333333,96
conn_shuf_only,chunk_7,79,MC,,96
conn_shuf_only,chunk_7,79,cosine_similarity,0.010586421238258448,96
conn_shuf_only,chunk_7,79,kl_to_gaussian,0.6823334330392911,96
conn_shuf_only,chunk_7,79,wt_mean,0.002521708869608075,96
conn_shuf_only,chunk_8,80,GR,,96
conn_shuf_only,chunk_8,80,IPC,,96
conn_shuf_only,chunk_8,80,KR,68.4375,96
conn_shuf_only,chunk_8,80,MC,,96
conn_shuf_only,chunk_8,80,cosine_similarity,0.016366035211831276,96
conn_shuf_only,chunk_8,80,kl_to_gaussian,0.6823334520652841,96
conn_shuf_only,chunk_8,80,wt_mean,0.0021876409009564,96
conn_shuf_only,chunk_8,81,GR,,96
conn_shuf_only,chunk_8,81,IPC,,96
conn_shuf_only,chunk_8,81,KR,111.89583333333333,96
conn_shuf_only,chunk_8,81,MC,,96
conn_shuf_only,chunk_8,81,cosine_similarity,0.015107109909877152,96
conn_shuf_only,chunk_8,81,kl_to_gaussian,0.6822619920129466,96
conn_shuf_only,chunk_8,81,wt_mean,0.00292593560880045,96
conn_shuf_only,chunk_8,82,GR,,96
conn_shuf_only,chunk_8,82,IPC,,96
conn_shuf_only,chunk_8,82,KR,94.44791666666667,96
conn_shuf_only,chunk_8,82,MC,,96
conn_shuf_only,chunk_8,82,cosine_similarity,0.012818153714761076,96
conn_shuf_only,chunk_8,82,kl_to_gaussian,0.6822619911983078,96
conn_shuf_only,chunk_8,82,wt_mean,0.0023646759509574,96
conn_shuf_only,chunk_8,83,GR,,96
conn_shuf_only,chunk_8,83,IPC,,96
conn_shuf_only,chunk_8,83,KR,69.88541666666667,96
conn_shuf_only,chunk_8,83,MC,,96
conn_shuf_only,chunk_8,83,cosine_similarity,0.0111300491262227,96
conn_shuf_only,chunk_8,83,kl_to_gaussian,0.6823334388974196,96
conn_shuf_only,chunk_8,83,wt_mean,0.0022429547097999,96
conn_shuf_only,chunk_8,84,GR,,96
conn_shuf_only,chunk_8,84,IPC,,96
conn_shuf_only,chunk_8,84,KR,94.41666666666667,96
conn_shuf_only,chunk_8,84,MC,,96
conn_shuf_only,chunk_8,84,cosine_similarity,0.014391811331734025,96
conn_shuf_only,chunk_8,84,kl_to_gaussian,0.6822619889649473,96
conn_shuf_only,chunk_8,84,wt_mean,0.0025527517718728,96
conn_shuf_only,chunk_8,85,GR,,96
conn_shuf_only,chunk_8,85,IPC,,96
conn_shuf_only,chunk_8,85,KR,87.17708333333333,96
conn_shuf_only,chunk_8,85,MC,,96
conn_shuf_only,chunk_8,85,cosine_similarity,0.0194847392849624,96
conn_shuf_only,chunk_8,85,kl_to_gaussian,0.6822620054891306,96
conn_shuf_only,chunk_8,85,wt_mean,0.002490860613761425,96
conn_shuf_only,chunk_8,86,GR,,96
conn_shuf_only,chunk_8,86,IPC,,96
conn_shuf_only,chunk_8,86,KR,94.70833333333333,96
conn_shuf_only,chunk_8,86,MC,,96
conn_shuf_only,chunk_8,86,cosine_similarity,0.01161645282991225,96
conn_shuf_only,chunk_8,86,kl_to_gaussian,0.6822619888257383,96
conn_shuf_only,chunk_8,86,wt_mean,0.002596652571810375,96
conn_shuf_only,chunk_8,87,GR,,96
conn_shuf_only,chunk_8,87,IPC,,96
conn_shuf_only,chunk_8,87,KR,64.58333333333333,96
conn_shuf_only,chunk_8,87,MC,,96
conn_shuf_only,chunk_8,87,cosine_similarity,0.0144776464439928,96
conn_shuf_only,chunk_8,87,kl_to_gaussian,0.6822620001047762,96
conn_shuf_only,chunk_8,87,wt_mean,0.002137436793418575,96
conn_shuf_only,chunk_8,88,GR,,96
conn_shuf_only,chunk_8,88,IPC,,96
conn_shuf_only,chunk_8,88,KR,107.67708333333333,96
conn_shuf_only,chunk_8,88,MC,,96
conn_shuf_only,chunk_8,88,cosine_similarity,0.0127895413897931,96
conn_shuf_only,chunk_8,88,kl_to_gaussian,0.6822620080695344,96
conn_shuf_only,chunk_8,88,wt_mean,0.002806470671202925,96
conn_shuf_only,chunk_8,89,GR,,96
conn_shuf_only,chunk_8,89,IPC,,96
conn_shuf_only,chunk_8,89,KR,62.177083333333336,96
conn_shuf_only,chunk_8,89,MC,,96
conn_shuf_only,chunk_8,89,cosine_similarity,0.021430349908769127,96
conn_shuf_only,chunk_8,89,kl_to_gaussian,0.6822619917109694,96
conn_shuf_only,chunk_8,89,wt_mean,0.002251226571388525,96
conn_shuf_only,chunk_9,90,GR,,96
conn_shuf_only,chunk_9,90,IPC,,96
conn_shuf_only,chunk_9,90,KR,70.51041666666667,96
conn_shuf_only,chunk_9,90,MC,,96
conn_shuf_only,chunk_9,90,cosine_similarity,0.016423259396105973,96
conn_shuf_only,chunk_9,90,kl_to_gaussian,0.6823334459062621,96
conn_shuf_only,chunk_9,90,wt_mean,0.00209499531774775,96
conn_shuf_only,chunk_9,91,GR,,96
conn_shuf_only,chunk_9,91,IPC,,96
conn_shuf_only,chunk_9,91,KR,84.72916666666667,96
conn_shuf_only,chunk_9,91,MC,,96
conn_shuf_only,chunk_9,91,cosine_similarity,0.011187273310497375,96
conn_shuf_only,chunk_9,91,kl_to_gaussian,0.6822620058962791,96
conn_shuf_only,chunk_9,91,wt_mean,0.00236356610548675,96
conn_shuf_only,chunk_9,92,GR,,96
conn_shuf_only,chunk_9,92,IPC,,96
conn_shuf_only,chunk_9,92,KR,71.5625,96
conn_shuf_only,chunk_9,92,MC,,96
conn_shuf_only,chunk_9,92,cosine_similarity,0.013876797165721577,96
conn_shuf_only,chunk_9,92,kl_to_gaussian,0.6822619819975196,96
conn_shuf_only,chunk_9,92,wt_mean,0.00232577728456815,96
conn_shuf_only,chunk_9,93,GR,,96
conn_shuf_only,chunk_9,93,IPC,,96
conn_shuf_only,chunk_9,93,KR,61.4375,96
conn_shuf_only,chunk_9,93,MC,,96
conn_shuf_only,chunk_9,93,cosine_similarity,0.01828303467482325,96
conn_shuf_only,chunk_9,93,kl_to_gaussian,0.6822619876736934,96
conn_shuf_only,chunk_9,93,wt_mean,0.00219784997170785,96
conn_shuf_only,chunk_9,94,GR,,96
conn_shuf_only,chunk_9,94,IPC,,96
conn_shuf_only,chunk_9,94,KR,115.54166666666667,96
conn_shuf_only,chunk_9,94,MC,,96
conn_shuf_only,chunk_9,94,cosine_similarity,0.012903990922495674,96
conn_shuf_only,chunk_9,94,kl_to_gaussian,0.6822619920557847,96
conn_shuf_only,chunk_9,94,wt_mean,0.002567978284787325,96
conn_shuf_only,chunk_9,95,GR,,96
conn_shuf_only,chunk_9,95,IPC,,96
conn_shuf_only,chunk_9,95,KR,69.1875,96
conn_shuf_only,chunk_9,95,MC,,96
conn_shuf_only,chunk_9,95,cosine_similarity,0.01733884122222655,96
conn_shuf_only,chunk_9,95,kl_to_gaussian,0.6822619935672932,96
conn_shuf_only,chunk_9,95,wt_mean,0.002334274613531275,96
conn_shuf_only,chunk_9,96,GR,,96
conn_shuf_only,chunk_9,96,IPC,,96
conn_shuf_only,chunk_9,96,KR,127.05208333333333,96
conn_shuf_only,chunk_9,96,MC,,96
conn_shuf_only,chunk_9,96,cosine_similarity,0.022088426165282674,96
conn_shuf_only,chunk_9,96,kl_to_gaussian,0.6822619959038084,96
conn_shuf_only,chunk_9,96,wt_mean,0.0027985045453532997,96
conn_shuf_only,chunk_9,97,GR,,96
conn_shuf_only,chunk_9,97,IPC,,96
conn_shuf_only,chunk_9,97,KR,73.45833333333333,96
conn_shuf_only,chunk_9,97,MC,,96
conn_shuf_only,chunk_9,97,cosine_similarity,0.017996917013078848,96
conn_shuf_only,chunk_9,97,kl_to_gaussian,0.6822619989271952,96
conn_shuf_only,chunk_9,97,wt_mean,0.00230880439630705,96
conn_shuf_only,chunk_9,98,GR,,96
conn_shuf_only,chunk_9,98,IPC,,96
conn_shuf_only,chunk_9,98,KR,52.072916666666664,96
conn_shuf_only,chunk_9,98,MC,,96
conn_shuf_only,chunk_9,98,cosine_similarity,0.01158783980645235,96
conn_shuf_only,chunk_9,98,kl_to_gaussian,0.6822620089657336,96
conn_shuf_only,chunk_9,98,wt_mean,0.001985976123250975,96
conn_shuf_only,chunk_9,99,GR,,96
conn_shuf_only,chunk_9,99,IPC,,96
conn_shuf_only,chunk_9,99,KR,83.78125,96
conn_shuf_only,chunk_9,99,MC,,96
conn_shuf_only,chunk_9,99,cosine_similarity,0.0163946477696299,96
conn_shuf_only,chunk_9,99,kl_to_gaussian,0.6822619873909396,96
conn_shuf_only,chunk_9,99,wt_mean,0.0024690487189218,96
global_sign_pres,chunk_0,0,GR,,96
global_sign_pres,chunk_0,0,IPC,,96
global_sign_pres,chunk_0,0,KR,30.03125,96
global_sign_pres,chunk_0,0,MC,,96
global_sign_pres,chunk_0,0,cosine_similarity,0.5149832516908646,96
global_sign_pres,chunk_0,0,kl_to_gaussian,0.0,96
global_sign_pres,chunk_0,0,wt_mean,0.002315553516382325,96
global_sign_pres,chunk_0,1,GR,,96
global_sign_pres,chunk_0,1,IPC,,96
global_sign_pres,chunk_0,1,KR,29.46875,96
global_sign_pres,chunk_0,1,MC,,96
global_sign_pres,chunk_0,1,cosine_similarity,0.5149834156036377,96
global_sign_pres,chunk_0,1,kl_to_gaussian,0.0,96
global_sign_pres,chunk_0,1,wt_mean,0.002130485023371825,96
global_sign_pres,chunk_0,2,GR,,96
global_sign_pres,chunk_0,2,IPC,,96
global_sign_pres,chunk_0,2,KR,32.291666666666664,96
global_sign_pres,chunk_0,2,MC,,96
global_sign_pres,chunk_0,2,cosine_similarity,0.5149834007024765,96
global_sign_pres,chunk_0,2,kl_to_gaussian,0.0,96
global_sign_pres,chunk_0,2,wt_mean,0.002143120858818225,96
global_sign_pres,chunk_0,3,GR,,96
global_sign_pres,chunk_0,3,IPC,,96
global_sign_pres,chunk_0,3,KR,32.145833333333336,96
global_sign_pres,chunk_0,3,MC,,96
global_sign_pres,chunk_0,3,cosine_similarity,0.5149835050106049,96
global_sign_pres,chunk_0,3,kl_to_gaussian,0.0,96
global_sign_pres,chunk_0,3,wt_mean,0.002231559716165025,96
global_sign_pres,chunk_0,4,GR,,96
global_sign_pres,chunk_0,4,IPC,,96
global_sign_pres,chunk_0,4,KR,32.9375,96
global_sign_pres,chunk_0,4,MC,,96
global_sign_pres,chunk_0,4,cosine_similarity,0.5149833112955093,96
global_sign_pres,chunk_0,4,kl_to_gaussian,0.0,96
global_sign_pres,chunk_0,4,wt_mean,0.002176824869820775,96
global_sign_pres,chunk_0,5,GR,,96
global_sign_pres,chunk_0,5,IPC,,96
global_sign_pres,chunk_0,5,KR,26.364583333333332,96
global_sign_pres,chunk_0,5,MC,,96
global_sign_pres,chunk_0,5,cosine_similarity,0.5149834901094437,96
global_sign_pres,chunk_0,5,kl_to_gaussian,0.0,96
global_sign_pres,chunk_0,5,wt_mean,0.0021999506279825752,96
global_sign_pres,chunk_0,6,GR,,96
global_sign_pres,chunk_0,6,IPC,,96
global_sign_pres,chunk_0,6,KR,31.3125,96
global_sign_pres,chunk_0,6,MC,,96
global_sign_pres,chunk_0,6,cosine_similarity,0.5149834752082825,96
global_sign_pres,chunk_0,6,kl_to_gaussian,0.0,96
global_sign_pres,chunk_0,6,wt_mean,0.0021434142836368997,96
global_sign_pres,chunk_0,7,GR,,96
global_sign_pres,chunk_0,7,IPC,,96
global_sign_pres,chunk_0,7,KR,32.552083333333336,96
global_sign_pres,chunk_0,7,MC,,96
global_sign_pres,chunk_0,7,cosine_similarity,0.5149834007024765,96
global_sign_pres,chunk_0,7,kl_to_gaussian,0.0,96
global_sign_pres,chunk_0,7,wt_mean,0.0022125492978374997,96
global_sign_pres,chunk_0,8,GR,,96
global_sign_pres,chunk_0,8,IPC,,96
global_sign_pres,chunk_0,8,KR,33.84375,96
global_sign_pres,chunk_0,8,MC,,96
global_sign_pres,chunk_0,8,cosine_similarity,0.514983281493187,96
global_sign_pres,chunk_0,8,kl_to_gaussian,0.0,96
global_sign_pres,chunk_0,8,wt_mean,0.0024295631446875003,96
global_sign_pres,chunk_0,9,GR,,96
global_sign_pres,chunk_0,9,IPC,,96
global_sign_pres,chunk_0,9,KR,31.59375,96
global_sign_pres,chunk_0,9,MC,,96
global_sign_pres,chunk_0,9,cosine_similarity,0.5149834156036377,96
global_sign_pres,chunk_0,9,kl_to_gaussian,0.0,96
global_sign_pres,chunk_0,9,wt_mean,0.0022049204562790002,96
global_sign_pres,chunk_1,10,GR,,96
global_sign_pres,chunk_1,10,IPC,,96
global_sign_pres,chunk_1,10,KR,31.625,96
global_sign_pres,chunk_1,10,MC,,96
global_sign_pres,chunk_1,10,cosine_similarity,0.5149833112955093,96
global_sign_pres,chunk_1,10,kl_to_gaussian,0.0,96
global_sign_pres,chunk_1,10,wt_mean,0.00221411409438585,96
global_sign_pres,chunk_1,11,GR,,96
global_sign_pres,chunk_1,11,IPC,,96
global_sign_pres,chunk_1,11,KR,37.166666666666664,96
global_sign_pres,chunk_1,11,MC,,96
global_sign_pres,chunk_1,11,cosine_similarity,0.5149834156036377,96
global_sign_pres,chunk_1,11,kl_to_gaussian,0.0,96
global_sign_pres,chunk_1,11,wt_mean,0.00224038385204035,96
global_sign_pres,chunk_1,12,GR,,96
global_sign_pres,chunk_1,12,IPC,,96
global_sign_pres,chunk_1,12,KR,36.229166666666664,96
global_sign_pres,chunk_1,12,MC,,96
global_sign_pres,chunk_1,12,cosine_similarity,0.5149832963943481,96
global_sign_pres,chunk_1,12,kl_to_gaussian,0.0,96
global_sign_pres,chunk_1,12,wt_mean,0.0021500575821846502,96
global_sign_pres,chunk_1,13,GR,,96
global_sign_pres,chunk_1,13,IPC,,96
global_sign_pres,chunk_1,13,KR,36.072916666666664,96
global_sign_pres,chunk_1,13,MC,,96
global_sign_pres,chunk_1,13,cosine_similarity,0.5149833559989929,96
global_sign_pres,chunk_1,13,kl_to_gaussian,0.0,96
global_sign_pres,chunk_1,13,wt_mean,0.0022190197196322752,96
global_sign_pres,chunk_1,14,GR,,96
global_sign_pres,chunk_1,14,IPC,,96
global_sign_pres,chunk_1,14,KR,33.322916666666664,96
global_sign_pres,chunk_1,14,MC,,96
global_sign_pres,chunk_1,14,cosine_similarity,0.5149832367897034,96
global_sign_pres,chunk_1,14,kl_to_gaussian,0.0,96
global_sign_pres,chunk_1,14,wt_mean,0.0022834948322269497,96
global_sign_pres,chunk_1,15,GR,,96
global_sign_pres,chunk_1,15,IPC,,96
global_sign_pres,chunk_1,15,KR,32.104166666666664,96
global_sign_pres,chunk_1,15,MC,,96
global_sign_pres,chunk_1,15,cosine_similarity,0.5149832665920258,96
global_sign_pres,chunk_1,15,kl_to_gaussian,0.0,96
global_sign_pres,chunk_1,15,wt_mean,0.002169799990951975,96
global_sign_pres,chunk_1,16,GR,,96
global_sign_pres,chunk_1,16,IPC,,96
global_sign_pres,chunk_1,16,KR,37.625,96
global_sign_pres,chunk_1,16,MC,,96
global_sign_pres,chunk_1,16,cosine_similarity,0.5149832963943481,96
global_sign_pres,chunk_1,16,kl_to_gaussian,0.0,96
global_sign_pres,chunk_1,16,wt_mean,0.0022067096724640253,96
global_sign_pres,chunk_1,17,GR,,96
global_sign_pres,chunk_1,17,IPC,,96
global_sign_pres,chunk_1,17,KR,32.708333333333336,96
global_sign_pres,chunk_1,17,MC,,96
global_sign_pres,chunk_1,17,cosine_similarity,0.5149833858013153,96
global_sign_pres,chunk_1,17,kl_to_gaussian,0.0,96
global_sign_pres,chunk_1,17,wt_mean,0.0023128921166062,96
global_sign_pres,chunk_1,18,GR,,96
global_sign_pres,chunk_1,18,IPC,,96
global_sign_pres,chunk_1,18,KR,36.3125,96
global_sign_pres,chunk_1,18,MC,,96
global_sign_pres,chunk_1,18,cosine_similarity,0.5149834305047989,96
global_sign_pres,chunk_1,18,kl_to_gaussian,0.0,96
global_sign_pres,chunk_1,18,wt_mean,0.00222132395720105,96
global_sign_pres,chunk_1,19,GR,,96
global_sign_pres,chunk_1,19,IPC,,96
global_sign_pres,chunk_1,19,KR,33.739583333333336,96
global_sign_pres,chunk_1,19,MC,,96
global_sign_pres,chunk_1,19,cosine_similarity,0.5149834901094437,96
global_sign_pres,chunk_1,19,kl_to_gaussian,0.0,96
global_sign_pres,chunk_1,19,wt_mean,0.002223454503109625,96
global_sign_pres,chunk_10,100,GR,,96
global_sign_pres,chunk_10,100,IPC,,96
global_sign_pres,chunk_10,100,KR,30.270833333333332,96
global_sign_pres,chunk_10,100,MC,,96
global_sign_pres,chunk_10,100,cosine_similarity,0.5149833261966705,96
global_sign_pres,chunk_10,100,kl_to_gaussian,0.0,96
global_sign_pres,chunk_10,100,wt_mean,0.00210781747591675,96
global_sign_pres,chunk_10,101,GR,,96
global_sign_pres,chunk_10,101,IPC,,96
global_sign_pres,chunk_10,101,KR,31.447916666666668,96
global_sign_pres,chunk_10,101,MC,,96
global_sign_pres,chunk_10,101,cosine_similarity,0.5149834752082825,96
global_sign_pres,chunk_10,101,kl_to_gaussian,0.0,96
global_sign_pres,chunk_10,101,wt_mean,0.0022877852316014,96
global_sign_pres,chunk_10,102,GR,,96
global_sign_pres,chunk_10,102,IPC,,96
global_sign_pres,chunk_10,102,KR,32.364583333333336,96
global_sign_pres,chunk_10,102,MC,,96
global_sign_pres,chunk_10,102,cosine_similarity,0.5149833261966705,96
global_sign_pres,chunk_10,102,kl_to_gaussian,0.0,96
global_sign_pres,chunk_10,102,wt_mean,0.0021993196860421002,96
global_sign_pres,chunk_10,103,GR,,96
global_sign_pres,chunk_10,103,IPC,,96
global_sign_pres,chunk_10,103,KR,40.4375,96
global_sign_pres,chunk_10,103,MC,,96
global_sign_pres,chunk_10,103,cosine_similarity,0.5149833410978317,96
global_sign_pres,chunk_10,103,kl_to_gaussian,0.0,96
global_sign_pres,chunk_10,103,wt_mean,0.00240348972147325,96
global_sign_pres,chunk_10,104,GR,,96
global_sign_pres,chunk_10,104,IPC,,96
global_sign_pres,chunk_10,104,KR,35.28125,96
global_sign_pres,chunk_10,104,MC,,96
global_sign_pres,chunk_10,104,cosine_similarity,0.5149833261966705,96
global_sign_pres,chunk_10,104,kl_to_gaussian,0.0,96
global_sign_pres,chunk_10,104,wt_mean,0.002240417234133875,96
global_sign_pres,chunk_10,105,GR,,96
global_sign_pres,chunk_10,105,IPC,,96
global_sign_pres,chunk_10,105,KR,34.635416666666664,96
global_sign_pres,chunk_10,105,MC,,96
global_sign_pres,chunk_10,105,cosine_similarity,0.5149834305047989,96
global_sign_pres,chunk_10,105,kl_to_gaussian,0.0,96
global_sign_pres,chunk_10,105,wt_mean,0.0023730846587567997,96
global_sign_pres,chunk_10,106,GR,,96
global_sign_pres,chunk_10,106,IPC,,96
global_sign_pres,chunk_10,106,KR,33.9375,96
global_sign_pres,chunk_10,106,MC,,96
global_sign_pres,chunk_10,106,cosine_similarity,0.5149833559989929,96
global_sign_pres,chunk_10,106,kl_to_gaussian,0.0,96
global_sign_pres,chunk_10,106,wt_mean,0.002219093468738675,96
global_sign_pres,chunk_10,107,GR,,96
global_sign_pres,chunk_10,107,IPC,,96
global_sign_pres,chunk_10,107,KR,37.260416666666664,96
global_sign_pres,chunk_10,107,MC,,96
global_sign_pres,chunk_10,107,cosine_similarity,0.514983206987381,96
global_sign_pres,chunk_10,107,kl_to_gaussian,0.0,96
global_sign_pres,chunk_10,107,wt_mean,0.002217011147877175,96
global_sign_pres,chunk_10,108,GR,,96
global_sign_pres,chunk_10,108,IPC,,96
global_sign_pres,chunk_10,108,KR,33.25,96
global_sign_pres,chunk_10,108,MC,,96
global_sign_pres,chunk_10,108,cosine_similarity,0.5149833858013153,96
global_sign_pres,chunk_10,108,kl_to_gaussian,0.0,96
global_sign_pres,chunk_10,108,wt_mean,0.002330909424927025,96
global_sign_pres,chunk_10,109,GR,,96
global_sign_pres,chunk_10,109,IPC,,96
global_sign_pres,chunk_10,109,KR,33.645833333333336,96
global_sign_pres,chunk_10,109,MC,,96
global_sign_pres,chunk_10,109,cosine_similarity,0.514983281493187,96
global_sign_pres,chunk_10,109,kl_to_gaussian,0.0,96
global_sign_pres,chunk_10,109,wt_mean,0.002244870498543575,96
global_sign_pres,chunk_11,110,GR,,96
global_sign_pres,chunk_11,110,IPC,,96
global_sign_pres,chunk_11,110,KR,31.635416666666668,96
global_sign_pres,chunk_11,110,MC,,96
global_sign_pres,chunk_11,110,cosine_similarity,0.5149833858013153,96
global_sign_pres,chunk_11,110,kl_to_gaussian,0.0,96
global_sign_pres,chunk_11,110,wt_mean,0.0022794003889429998,96
global_sign_pres,chunk_11,111,GR,,96
global_sign_pres,chunk_11,111,IPC,,96
global_sign_pres,chunk_11,111,KR,32.3125,96
global_sign_pres,chunk_11,111,MC,,96
global_sign_pres,chunk_11,111,cosine_similarity,0.5149833112955093,96
global_sign_pres,chunk_11,111,kl_to_gaussian,0.0,96
global_sign_pres,chunk_11,111,wt_mean,0.0022096287866588,96
global_sign_pres,chunk_11,112,GR,,96
global_sign_pres,chunk_11,112,IPC,,96
global_sign_pres,chunk_11,112,KR,33.697916666666664,96
global_sign_pres,chunk_11,112,MC,,96
global_sign_pres,chunk_11,112,cosine_similarity,0.5149832665920258,96
global_sign_pres,chunk_11,112,kl_to_gaussian,0.0,96
global_sign_pres,chunk_11,112,wt_mean,0.0022590599837712497,96
global_sign_pres,chunk_11,113,GR,,96
global_sign_pres,chunk_11,113,IPC,,96
global_sign_pres,chunk_11,113,KR,30.322916666666668,96
global_sign_pres,chunk_11,113,MC,,96
global_sign_pres,chunk_11,113,cosine_similarity,0.5149833559989929,96
global_sign_pres,chunk_11,113,kl_to_gaussian,0.0,96
global_sign_pres,chunk_11,113,wt_mean,0.0022021435433998,96
global_sign_pres,chunk_11,114,GR,,96
global_sign_pres,chunk_11,114,IPC,,96
global_sign_pres,chunk_11,114,KR,32.416666666666664,96
global_sign_pres,chunk_11,114,MC,,96
global_sign_pres,chunk_11,114,cosine_similarity,0.5149833858013153,96
global_sign_pres,chunk_11,114,kl_to_gaussian,0.0,96
global_sign_pres,chunk_11,114,wt_mean,0.002252159058116325,96
global_sign_pres,chunk_11,115,GR,,96
global_sign_pres,chunk_11,115,IPC,,96
global_sign_pres,chunk_11,115,KR,37.125,96
global_sign_pres,chunk_11,115,MC,,96
global_sign_pres,chunk_11,115,cosine_similarity,0.5149833112955093,96
global_sign_pres,chunk_11,115,kl_to_gaussian,0.0,96
global_sign_pres,chunk_11,115,wt_mean,0.002266692259581725,96
global_sign_pres,chunk_11,116,GR,,96
global_sign_pres,chunk_11,116,IPC,,96
global_sign_pres,chunk_11,116,KR,29.375,96
global_sign_pres,chunk_11,116,MC,,96
global_sign_pres,chunk_11,116,cosine_similarity,0.5149834752082825,96
global_sign_pres,chunk_11,116,kl_to_gaussian,0.0,96
global_sign_pres,chunk_11,116,wt_mean,0.002236212196294175,96
global_sign_pres,chunk_11,117,GR,,96
global_sign_pres,chunk_11,117,IPC,,96
global_sign_pres,chunk_11,117,KR,32.59375,96
global_sign_pres,chunk_11,117,MC,,96
global_sign_pres,chunk_11,117,cosine_similarity,0.5149832963943481,96
global_sign_pres,chunk_11,117,kl_to_gaussian,0.0,96
global_sign_pres,chunk_11,117,wt_mean,0.0023566759482491497,96
global_sign_pres,chunk_11,118,GR,,96
global_sign_pres,chunk_11,118,IPC,,96
global_sign_pres,chunk_11,118,KR,34.385416666666664,96
global_sign_pres,chunk_11,118,MC,,96
global_sign_pres,chunk_11,118,cosine_similarity,0.5149834305047989,96
global_sign_pres,chunk_11,118,kl_to_gaussian,0.0,96
global_sign_pres,chunk_11,118,wt_mean,0.0023153985384851,96
global_sign_pres,chunk_11,119,GR,,96
global_sign_pres,chunk_11,119,IPC,,96
global_sign_pres,chunk_11,119,KR,35.21875,96
global_sign_pres,chunk_11,119,MC,,96
global_sign_pres,chunk_11,119,cosine_similarity,0.5149834156036377,96
global_sign_pres,chunk_11,119,kl_to_gaussian,0.0,96
global_sign_pres,chunk_11,119,wt_mean,0.0021513384126592,96
global_sign_pres,chunk_12,120,GR,,96
global_sign_pres,chunk_12,120,IPC,,96
global_sign_pres,chunk_12,120,KR,31.854166666666668,96
global_sign_pres,chunk_12,120,MC,,96
global_sign_pres,chunk_12,120,cosine_similarity,0.5149833559989929,96
global_sign_pres,chunk_12,120,kl_to_gaussian,0.0,96
global_sign_pres,chunk_12,120,wt_mean,0.002316946425707975,96
global_sign_pres,chunk_12,121,GR,,96
global_sign_pres,chunk_12,121,IPC,,96
global_sign_pres,chunk_12,121,KR,34.760416666666664,96
global_sign_pres,chunk_12,121,MC,,96
global_sign_pres,chunk_12,121,cosine_similarity,0.514983281493187,96
global_sign_pres,chunk_12,121,kl_to_gaussian,0.0,96
global_sign_pres,chunk_12,121,wt_mean,0.0023011169105302,96
global_sign_pres,chunk_12,122,GR,,96
global_sign_pres,chunk_12,122,IPC,,96
global_sign_pres,chunk_12,122,KR,35.84375,96
global_sign_pres,chunk_12,122,MC,,96
global_sign_pres,chunk_12,122,cosine_similarity,0.5149832665920258,96
global_sign_pres,chunk_12,122,kl_to_gaussian,0.0,96
global_sign_pres,chunk_12,122,wt_mean,0.00235580216394735,96
global_sign_pres,chunk_12,123,GR,,96
global_sign_pres,chunk_12,123,IPC,,96
global_sign_pres,chunk_12,123,KR,27.833333333333332,96
global_sign_pres,chunk_12,123,MC,,96
global_sign_pres,chunk_12,123,cosine_similarity,0.5149833559989929,96
global_sign_pres,chunk_12,123,kl_to_gaussian,0.0,96
global_sign_pres,chunk_12,123,wt_mean,0.0021204157674219,96
global_sign_pres,chunk_12,124,GR,,96
global_sign_pres,chunk_12,124,IPC,,96
global_sign_pres,chunk_12,124,KR,30.854166666666668,96
global_sign_pres,chunk_12,124,MC,,96
global_sign_pres,chunk_12,124,cosine_similarity,0.5149833261966705,96
global_sign_pres,chunk_12,124,kl_to_gaussian,0.0,96
global_sign_pres,chunk_12,124,wt_mean,0.0021507337223738003,96
global_sign_pres,chunk_12,125,GR,,96
global_sign_pres,chunk_12,125,IPC,,96
global_sign_pres,chunk_12,125,KR,34.479166666666664,96
global_sign_pres,chunk_12,125,MC,,96
global_sign_pres,chunk_12,125,cosine_similarity,0.5149833261966705,96
global_sign_pres,chunk_12,125,kl_to_gaussian,0.0,96
global_sign_pres,chunk_12,125,wt_mean,0.0022078099136705748,96
global_sign_pres,chunk_12,126,GR,,96
global_sign_pres,chunk_12,126,IPC,,96
global_sign_pres,chunk_12,126,KR,37.791666666666664,96
global_sign_pres,chunk_12,126,MC,,96
global_sign_pres,chunk_12,126,cosine_similarity,0.5149831622838974,96
global_sign_pres,chunk_12,126,kl_to_gaussian,0.0,96
global_sign_pres,chunk_12,126,wt_mean,0.002257933199871275,96
global_sign_pres,chunk_12,127,GR,,96
global_sign_pres,chunk_12,127,IPC,,96
global_sign_pres,chunk_12,127,KR,29.875,96
global_sign_pres,chunk_12,127,MC,,96
global_sign_pres,chunk_12,127,cosine_similarity,0.5149834007024765,96
global_sign_pres,chunk_12,127,kl_to_gaussian,0.0,96
global_sign_pres,chunk_12,127,wt_mean,0.0021930213551968002,96
global_sign_pres,chunk_12,128,GR,,96
global_sign_pres,chunk_12,128,IPC,,96
global_sign_pres,chunk_12,128,KR,30.416666666666668,96
global_sign_pres,chunk_12,128,MC,,96
global_sign_pres,chunk_12,128,cosine_similarity,0.5149833559989929,96
global_sign_pres,chunk_12,128,kl_to_gaussian,0.0,96
global_sign_pres,chunk_12,128,wt_mean,0.0022033340646885,96
global_sign_pres,chunk_12,129,GR,,96
global_sign_pres,chunk_12,129,IPC,,96
global_sign_pres,chunk_12,129,KR,31.25,96
global_sign_pres,chunk_12,129,MC,,96
global_sign_pres,chunk_12,129,cosine_similarity,0.5149832367897034,96
global_sign_pres,chunk_12,129,kl_to_gaussian,0.0,96
global_sign_pres,chunk_12,129,wt_mean,0.00220147590152915,96
global_sign_pres,chunk_13,130,GR,,96
global_sign_pres,chunk_13,130,IPC,,96
global_sign_pres,chunk_13,130,KR,36.25,96
global_sign_pres,chunk_13,130,MC,,96
global_sign_pres,chunk_13,130,cosine_similarity,0.5149834454059601,96
global_sign_pres,chunk_13,130,kl_to_gaussian,0.0,96
global_sign_pres,chunk_13,130,wt_mean,0.002369546709815,96
global_sign_pres,chunk_13,131,GR,,96
global_sign_pres,chunk_13,131,IPC,,96
global_sign_pres,chunk_13,131,KR,31.03125,96
global_sign_pres,chunk_13,131,MC,,96
global_sign_pres,chunk_13,131,cosine_similarity,0.5149832367897034,96
global_sign_pres,chunk_13,131,kl_to_gaussian,0.0,96
global_sign_pres,chunk_13,131,wt_mean,0.00212406719219865,96
global_sign_pres,chunk_13,132,GR,,96
global_sign_pres,chunk_13,132,IPC,,96
global_sign_pres,chunk_13,132,KR,35.4375,96
global_sign_pres,chunk_13,132,MC,,96
global_sign_pres,chunk_13,132,cosine_similarity,0.5149833559989929,96
global_sign_pres,chunk_13,132,kl_to_gaussian,0.0,96
global_sign_pres,chunk_13,132,wt_mean,0.00217475360841485,96
global_sign_pres,chunk_13,133,GR,,96
global_sign_pres,chunk_13,133,IPC,,96
global_sign_pres,chunk_13,133,KR,32.9375,96
global_sign_pres,chunk_13,133,MC,,96
global_sign_pres,chunk_13,133,cosine_similarity,0.5149834156036377,96
global_sign_pres,chunk_13,133,kl_to_gaussian,0.0,96
global_sign_pres,chunk_13,133,wt_mean,0.002214371954323675,96
global_sign_pres,chunk_13,134,GR,,96
global_sign_pres,chunk_13,134,IPC,,96
global_sign_pres,chunk_13,134,KR,37.395833333333336,96
global_sign_pres,chunk_13,134,MC,,96
global_sign_pres,chunk_13,134,cosine_similarity,0.5149833410978317,96
global_sign_pres,chunk_13,134,kl_to_gaussian,0.0,96
global_sign_pres,chunk_13,134,wt_mean,0.0021261436631902753,96
global_sign_pres,chunk_13,135,GR,,96
global_sign_pres,chunk_13,135,IPC,,96
global_sign_pres,chunk_13,135,KR,33.229166666666664,96
global_sign_pres,chunk_13,135,MC,,96
global_sign_pres,chunk_13,135,cosine_similarity,0.5149832367897034,96
global_sign_pres,chunk_13,135,kl_to_gaussian,0.0,96
global_sign_pres,chunk_13,135,wt_mean,0.0022852352412882503,96
global_sign_pres,chunk_13,136,GR,,96
global_sign_pres,chunk_13,136,IPC,,96
global_sign_pres,chunk_13,136,KR,30.625,96
global_sign_pres,chunk_13,136,MC,,96
global_sign_pres,chunk_13,136,cosine_similarity,0.5149832367897034,96
global_sign_pres,chunk_13,136,kl_to_gaussian,0.0,96
global_sign_pres,chunk_13,136,wt_mean,0.002213152183685375,96
global_sign_pres,chunk_13,137,GR,,96
global_sign_pres,chunk_13,137,IPC,,96
global_sign_pres,chunk_13,137,KR,27.71875,96
global_sign_pres,chunk_13,137,MC,,96
global_sign_pres,chunk_13,137,cosine_similarity,0.514983281493187,96
global_sign_pres,chunk_13,137,kl_to_gaussian,0.0,96
global_sign_pres,chunk_13,137,wt_mean,0.002118935692124025,96
global_sign_pres,chunk_13,138,GR,,96
global_sign_pres,chunk_13,138,IPC,,96
global_sign_pres,chunk_13,138,KR,42.1875,96
global_sign_pres,chunk_13,138,MC,,96
global_sign_pres,chunk_13,138,cosine_similarity,0.5149832665920258,96
global_sign_pres,chunk_13,138,kl_to_gaussian,0.0,96
global_sign_pres,chunk_13,138,wt_mean,0.002291329146828475,96
global_sign_pres,chunk_13,139,GR,,96
global_sign_pres,chunk_13,139,IPC,,96
global_sign_pres,chunk_13,139,KR,33.5,96
global_sign_pres,chunk_13,139,MC,,96
global_sign_pres,chunk_13,139,cosine_similarity,0.5149832665920258,96
global_sign_pres,chunk_13,139,kl_to_gaussian,0.0,96
global_sign_pres,chunk_13,139,wt_mean,0.002242311747977475,96
global_sign_pres,chunk_14,140,GR,,96
global_sign_pres,chunk_14,140,IPC,,96
global_sign_pres,chunk_14,140,KR,35.0,96
global_sign_pres,chunk_14,140,MC,,96
global_sign_pres,chunk_14,140,cosine_similarity,0.5149834156036377,96
global_sign_pres,chunk_14,140,kl_to_gaussian,0.0,96
global_sign_pres,chunk_14,140,wt_mean,0.002414435613900375,96
global_sign_pres,chunk_14,141,GR,,96
global_sign_pres,chunk_14,141,IPC,,96
global_sign_pres,chunk_14,141,KR,29.864583333333332,96
global_sign_pres,chunk_14,141,MC,,96
global_sign_pres,chunk_14,141,cosine_similarity,0.5149834901094437,96
global_sign_pres,chunk_14,141,kl_to_gaussian,0.0,96
global_sign_pres,chunk_14,141,wt_mean,0.00212998280767345,96
global_sign_pres,chunk_14,142,GR,,96
global_sign_pres,chunk_14,142,IPC,,96
global_sign_pres,chunk_14,142,KR,27.364583333333332,96
global_sign_pres,chunk_14,142,MC,,96
global_sign_pres,chunk_14,142,cosine_similarity,0.5149834454059601,96
global_sign_pres,chunk_14,142,kl_to_gaussian,0.0,96
global_sign_pres,chunk_14,142,wt_mean,0.002095578674925475,96
global_sign_pres,chunk_14,143,GR,,96
global_sign_pres,chunk_14,143,IPC,,96
global_sign_pres,chunk_14,143,KR,32.71875,96
global_sign_pres,chunk_14,143,MC,,96
global_sign_pres,chunk_14,143,cosine_similarity,0.5149834156036377,96
global_sign_pres,chunk_14,143,kl_to_gaussian,0.0,96
global_sign_pres,chunk_14,143,wt_mean,0.00218451631371855,96
global_sign_pres,chunk_14,144,GR,,96
global_sign_pres,chunk_14,144,IPC,,96
global_sign_pres,chunk_14,144,KR,29.65625,96
global_sign_pres,chunk_14,144,MC,,96
global_sign_pres,chunk_14,144,cosine_similarity,0.5149832963943481,96
global_sign_pres,chunk_14,144,kl_to_gaussian,0.0,96
global_sign_pres,chunk_14,144,wt_mean,0.002203318814281325,96
global_sign_pres,chunk_14,145,GR,,96
global_sign_pres,chunk_14,145,IPC,,96
global_sign_pres,chunk_14,145,KR,38.052083333333336,96
global_sign_pres,chunk_14,145,MC,,96
global_sign_pres,chunk_14,145,cosine_similarity,0.5149831473827362,96
global_sign_pres,chunk_14,145,kl_to_gaussian,0.0,96
global_sign_pres,chunk_14,145,wt_mean,0.0023296675062737747,96
global_sign_pres,chunk_14,146,GR,,96
global_sign_pres,chunk_14,146,IPC,,96
global_sign_pres,chunk_14,146,KR,35.135416666666664,96
global_sign_pres,chunk_14,146,MC,,96
global_sign_pres,chunk_14,146,cosine_similarity,0.5149834752082825,96
global_sign_pres,chunk_14,146,kl_to_gaussian,0.0,96
global_sign_pres,chunk_14,146,wt_mean,0.002278659230796575,96
global_sign_pres,chunk_14,147,GR,,96
global_sign_pres,chunk_14,147,IPC,,96
global_sign_pres,chunk_14,147,KR,34.166666666666664,96
global_sign_pres,chunk_14,147,MC,,96
global_sign_pres,chunk_14,147,cosine_similarity,0.514983519911766,96
global_sign_pres,chunk_14,147,kl_to_gaussian,0.0,96
global_sign_pres,chunk_14,147,wt_mean,0.0023114279902074247,96
global_sign_pres,chunk_14,148,GR,,96
global_sign_pres,chunk_14,148,IPC,,96
global_sign_pres,chunk_14,148,KR,29.864583333333332,96
global_sign_pres,chunk_14,148,MC,,96
global_sign_pres,chunk_14,148,cosine_similarity,0.5149834156036377,96
global_sign_pres,chunk_14,148,kl_to_gaussian,0.0,96
global_sign_pres,chunk_14,148,wt_mean,0.0019986232218798003,96
global_sign_pres,chunk_14,149,GR,,96
global_sign_pres,chunk_14,149,IPC,,96
global_sign_pres,chunk_14,149,KR,30.5625,96
global_sign_pres,chunk_14,149,MC,,96
global_sign_pres,chunk_14,149,cosine_similarity,0.514983206987381,96
global_sign_pres,chunk_14,149,kl_to_gaussian,0.0,96
global_sign_pres,chunk_14,149,wt_mean,0.00220809347229075,96
global_sign_pres,chunk_15,150,GR,,96
global_sign_pres,chunk_15,150,IPC,,96
global_sign_pres,chunk_15,150,KR,34.239583333333336,96
global_sign_pres,chunk_15,150,MC,,96
global_sign_pres,chunk_15,150,cosine_similarity,0.5149833858013153,96
global_sign_pres,chunk_15,150,kl_to_gaussian,0.0,96
global_sign_pres,chunk_15,150,wt_mean,0.00227464834460985,96
global_sign_pres,chunk_15,151,GR,,96
global_sign_pres,chunk_15,151,IPC,,96
global_sign_pres,chunk_15,151,KR,36.697916666666664,96
global_sign_pres,chunk_15,151,MC,,96
global_sign_pres,chunk_15,151,cosine_similarity,0.5149834156036377,96
global_sign_pres,chunk_15,151,kl_to_gaussian,0.0,96
global_sign_pres,chunk_15,151,wt_mean,0.002358368859859125,96
global_sign_pres,chunk_15,152,GR,,96
global_sign_pres,chunk_15,152,IPC,,96
global_sign_pres,chunk_15,152,KR,31.083333333333332,96
global_sign_pres,chunk_15,152,MC,,96
global_sign_pres,chunk_15,152,cosine_similarity,0.5149834752082825,96
global_sign_pres,chunk_15,152,kl_to_gaussian,0.0,96
global_sign_pres,chunk_15,152,wt_mean,0.002147169783711375,96
global_sign_pres,chunk_15,153,GR,,96
global_sign_pres,chunk_15,153,IPC,,96
global_sign_pres,chunk_15,153,KR,35.072916666666664,96
global_sign_pres,chunk_15,153,MC,,96
global_sign_pres,chunk_15,153,cosine_similarity,0.5149833410978317,96
global_sign_pres,chunk_15,153,kl_to_gaussian,0.0,96
global_sign_pres,chunk_15,153,wt_mean,0.0023711452959105247,96
global_sign_pres,chunk_15,154,GR,,96
global_sign_pres,chunk_15,154,IPC,,96
global_sign_pres,chunk_15,154,KR,35.21875,96
global_sign_pres,chunk_15,154,MC,,96
global_sign_pres,chunk_15,154,cosine_similarity,0.5149834603071213,96
global_sign_pres,chunk_15,154,kl_to_gaussian,0.0,96
global_sign_pres,chunk_15,154,wt_mean,0.0022543888480867753,96
global_sign_pres,chunk_15,155,GR,,96
global_sign_pres,chunk_15,155,IPC,,96
global_sign_pres,chunk_15,155,KR,40.25,96
global_sign_pres,chunk_15,155,MC,,96
global_sign_pres,chunk_15,155,cosine_similarity,0.5149833559989929,96
global_sign_pres,chunk_15,155,kl_to_gaussian,0.0,96
global_sign_pres,chunk_15,155,wt_mean,0.002284949907334475,96
global_sign_pres,chunk_15,156,GR,,96
global_sign_pres,chunk_15,156,IPC,,96
global_sign_pres,chunk_15,156,KR,35.291666666666664,96
global_sign_pres,chunk_15,156,MC,,96
global_sign_pres,chunk_15,156,cosine_similarity,0.5149832516908646,96
global_sign_pres,chunk_15,156,kl_to_gaussian,0.0,96
global_sign_pres,chunk_15,156,wt_mean,0.0022378603171091,96
global_sign_pres,chunk_15,157,GR,,96
global_sign_pres,chunk_15,157,IPC,,96
global_sign_pres,chunk_15,157,KR,31.979166666666668,96
global_sign_pres,chunk_15,157,MC,,96
global_sign_pres,chunk_15,157,cosine_similarity,0.514983281493187,96
global_sign_pres,chunk_15,157,kl_to_gaussian,0.0,96
global_sign_pres,chunk_15,157,wt_mean,0.00231442149379285,96
global_sign_pres,chunk_15,158,GR,,96
global_sign_pres,chunk_15,158,IPC,,96
global_sign_pres,chunk_15,158,KR,34.354166666666664,96
global_sign_pres,chunk_15,158,MC,,96
global_sign_pres,chunk_15,158,cosine_similarity,0.5149833559989929,96
global_sign_pres,chunk_15,158,kl_to_gaussian,0.0,96
global_sign_pres,chunk_15,158,wt_mean,0.002277354273246525,96
global_sign_pres,chunk_15,159,GR,,96
global_sign_pres,chunk_15,159,IPC,,96
global_sign_pres,chunk_15,159,KR,35.739583333333336,96
global_sign_pres,chunk_15,159,MC,,96
global_sign_pres,chunk_15,159,cosine_similarity,0.5149834603071213,96
global_sign_pres,chunk_15,159,kl_to_gaussian,0.0,96
global_sign_pres,chunk_15,159,wt_mean,0.002377352095209,96
global_sign_pres,chunk_16,160,GR,,96
global_sign_pres,chunk_16,160,IPC,,96
global_sign_pres,chunk_16,160,KR,27.854166666666668,96
global_sign_pres,chunk_16,160,MC,,96
global_sign_pres,chunk_16,160,cosine_similarity,0.5149834603071213,96
global_sign_pres,chunk_16,160,kl_to_gaussian,0.0,96
global_sign_pres,chunk_16,160,wt_mean,0.0021811846236232247,96
global_sign_pres,chunk_16,161,GR,,96
global_sign_pres,chunk_16,161,IPC,,96
global_sign_pres,chunk_16,161,KR,34.78125,96
global_sign_pres,chunk_16,161,MC,,96
global_sign_pres,chunk_16,161,cosine_similarity,0.5149833261966705,96
global_sign_pres,chunk_16,161,kl_to_gaussian,0.0,96
global_sign_pres,chunk_16,161,wt_mean,0.002353900548769075,96
global_sign_pres,chunk_16,162,GR,,96
global_sign_pres,chunk_16,162,IPC,,96
global_sign_pres,chunk_16,162,KR,33.770833333333336,96
global_sign_pres,chunk_16,162,MC,,96
global_sign_pres,chunk_16,162,cosine_similarity,0.5149833858013153,96
global_sign_pres,chunk_16,162,kl_to_gaussian,0.0,96
global_sign_pres,chunk_16,162,wt_mean,0.0022916404122952003,96
global_sign_pres,chunk_16,163,GR,,96
global_sign_pres,chunk_16,163,IPC,,96
global_sign_pres,chunk_16,163,KR,36.34375,96
global_sign_pres,chunk_16,163,MC,,96
global_sign_pres,chunk_16,163,cosine_similarity,0.5149832516908646,96
global_sign_pres,chunk_16,163,kl_to_gaussian,0.0,96
global_sign_pres,chunk_16,163,wt_mean,0.00231591795454725,96
global_sign_pres,chunk_16,164,GR,,96
global_sign_pres,chunk_16,164,IPC,,96
global_sign_pres,chunk_16,164,KR,35.09375,96
global_sign_pres,chunk_16,164,MC,,96
global_sign_pres,chunk_16,164,cosine_similarity,0.5149834156036377,96
global_sign_pres,chunk_16,164,kl_to_gaussian,0.0,96
global_sign_pres,chunk_16,164,wt_mean,0.002334241697099,96
global_sign_pres,chunk_16,165,GR,,96
global_sign_pres,chunk_16,165,IPC,,96
global_sign_pres,chunk_16,165,KR,39.145833333333336,96
global_sign_pres,chunk_16,165,MC,,96
global_sign_pres,chunk_16,165,cosine_similarity,0.5149833261966705,96
global_sign_pres,chunk_16,165,kl_to_gaussian,0.0,96
global_sign_pres,chunk_16,165,wt_mean,0.0023657956044189,96
global_sign_pres,chunk_16,166,GR,,96
global_sign_pres,chunk_16,166,IPC,,96
global_sign_pres,chunk_16,166,KR,33.864583333333336,96
global_sign_pres,chunk_16,166,MC,,96
global_sign_pres,chunk_16,166,cosine_similarity,0.5149834156036377,96
global_sign_pres,chunk_16,166,kl_to_gaussian,0.0,96
global_sign_pres,chunk_16,166,wt_mean,0.002265745075419475,96
global_sign_pres,chunk_16,167,GR,,96
global_sign_pres,chunk_16,167,IPC,,96
global_sign_pres,chunk_16,167,KR,34.427083333333336,96
global_sign_pres,chunk_16,167,MC,,96
global_sign_pres,chunk_16,167,cosine_similarity,0.5149834603071213,96
global_sign_pres,chunk_16,167,kl_to_gaussian,0.0,96
global_sign_pres,chunk_16,167,wt_mean,0.0022734553785994,96
global_sign_pres,chunk_16,168,GR,,96
global_sign_pres,chunk_16,168,IPC,,96
global_sign_pres,chunk_16,168,KR,33.010416666666664,96
global_sign_pres,chunk_16,168,MC,,96
global_sign_pres,chunk_16,168,cosine_similarity,0.5149833261966705,96
global_sign_pres,chunk_16,168,kl_to_gaussian,0.0,96
global_sign_pres,chunk_16,168,wt_mean,0.0023266178031917,96
global_sign_pres,chunk_16,169,GR,,96
global_sign_pres,chunk_16,169,IPC,,96
global_sign_pres,chunk_16,169,KR,33.145833333333336,96
global_sign_pres,chunk_16,169,MC,,96
global_sign_pres,chunk_16,169,cosine_similarity,0.5149833261966705,96
global_sign_pres,chunk_16,169,kl_to_gaussian,0.0,96
global_sign_pres,chunk_16,169,wt_mean,0.0023395330063067,96
global_sign_pres,chunk_17,170,GR,,96
global_sign_pres,chunk_17,170,IPC,,96
global_sign_pres,chunk_17,170,KR,37.0625,96
global_sign_pres,chunk_17,170,MC,,96
global_sign_pres,chunk_17,170,cosine_similarity,0.5149834603071213,96
global_sign_pres,chunk_17,170,kl_to_gaussian,0.0,96
global_sign_pres,chunk_17,170,wt_mean,0.0024333779583684497,96
global_sign_pres,chunk_17,171,GR,,96
global_sign_pres,chunk_17,171,IPC,,96
global_sign_pres,chunk_17,171,KR,40.614583333333336,96
global_sign_pres,chunk_17,171,MC,,96
global_sign_pres,chunk_17,171,cosine_similarity,0.5149831622838974,96
global_sign_pres,chunk_17,171,kl_to_gaussian,0.0,96
global_sign_pres,chunk_17,171,wt_mean,0.0024613118730485,96
global_sign_pres,chunk_17,172,GR,,96
global_sign_pres,chunk_17,172,IPC,,96
global_sign_pres,chunk_17,172,KR,34.0625,96
global_sign_pres,chunk_17,172,MC,,96
global_sign_pres,chunk_17,172,cosine_similarity,0.5149834156036377,96
global_sign_pres,chunk_17,172,kl_to_gaussian,0.0,96
global_sign_pres,chunk_17,172,wt_mean,0.0022695037478115,96
global_sign_pres,chunk_17,173,GR,,96
global_sign_pres,chunk_17,173,IPC,,96
global_sign_pres,chunk_17,173,KR,32.677083333333336,96
global_sign_pres,chunk_17,173,MC,,96
global_sign_pres,chunk_17,173,cosine_similarity,0.5149833261966705,96
global_sign_pres,chunk_17,173,kl_to_gaussian,0.0,96
global_sign_pres,chunk_17,173,wt_mean,0.0022359804133883997,96
global_sign_pres,chunk_17,174,GR,,96
global_sign_pres,chunk_17,174,IPC,,96
global_sign_pres,chunk_17,174,KR,28.885416666666668,96
global_sign_pres,chunk_17,174,MC,,96
global_sign_pres,chunk_17,174,cosine_similarity,0.5149833858013153,96
global_sign_pres,chunk_17,174,kl_to_gaussian,0.0,96
global_sign_pres,chunk_17,174,wt_mean,0.0021203719370532247,96
global_sign_pres,chunk_17,175,GR,,96
global_sign_pres,chunk_17,175,IPC,,96
global_sign_pres,chunk_17,175,KR,37.03125,96
global_sign_pres,chunk_17,175,MC,,96
global_sign_pres,chunk_17,175,cosine_similarity,0.5149832963943481,96
global_sign_pres,chunk_17,175,kl_to_gaussian,0.0,96
global_sign_pres,chunk_17,175,wt_mean,0.002249890880193525,96
global_sign_pres,chunk_17,176,GR,,96
global_sign_pres,chunk_17,176,IPC,,96
global_sign_pres,chunk_17,176,KR,32.708333333333336,96
global_sign_pres,chunk_17,176,MC,,96
global_sign_pres,chunk_17,176,cosine_similarity,0.5149834305047989,96
global_sign_pres,chunk_17,176,kl_to_gaussian,0.0,96
global_sign_pres,chunk_17,176,wt_mean,0.002329873008420625,96
global_sign_pres,chunk_17,177,GR,,96
global_sign_pres,chunk_17,177,IPC,,96
global_sign_pres,chunk_17,177,KR,37.520833333333336,96
global_sign_pres,chunk_17,177,MC,,96
global_sign_pres,chunk_17,177,cosine_similarity,0.5149833559989929,96
global_sign_pres,chunk_17,177,kl_to_gaussian,0.0,96
global_sign_pres,chunk_17,177,wt_mean,0.00223444827133785,96
global_sign_pres,chunk_17,178,GR,,96
global_sign_pres,chunk_17,178,IPC,,96
global_sign_pres,chunk_17,178,KR,32.552083333333336,96
global_sign_pres,chunk_17,178,MC,,96
global_sign_pres,chunk_17,178,cosine_similarity,0.5149832963943481,96
global_sign_pres,chunk_17,178,kl_to_gaussian,0.0,96
global_sign_pres,chunk_17,178,wt_mean,0.00219359522452575,96
global_sign_pres,chunk_17,179,GR,,96
global_sign_pres,chunk_17,179,IPC,,96
global_sign_pres,chunk_17,179,KR,32.65625,96
global_sign_pres,chunk_17,179,MC,,96
global_sign_pres,chunk_17,179,cosine_similarity,0.5149833709001541,96
global_sign_pres,chunk_17,179,kl_to_gaussian,0.0,96
global_sign_pres,chunk_17,179,wt_mean,0.00232342601520935,96
global_sign_pres,chunk_18,180,GR,,96
global_sign_pres,chunk_18,180,IPC,,96
global_sign_pres,chunk_18,180,KR,31.354166666666668,96
global_sign_pres,chunk_18,180,MC,,96
global_sign_pres,chunk_18,180,cosine_similarity,0.5149834752082825,96
global_sign_pres,chunk_18,180,kl_to_gaussian,0.0,96
global_sign_pres,chunk_18,180,wt_mean,0.002321215171832525,96
global_sign_pres,chunk_18,181,GR,,96
global_sign_pres,chunk_18,181,IPC,,96
global_sign_pres,chunk_18,181,KR,33.645833333333336,96
global_sign_pres,chunk_18,181,MC,,96
global_sign_pres,chunk_18,181,cosine_similarity,0.5149833559989929,96
global_sign_pres,chunk_18,181,kl_to_gaussian,0.0,96
global_sign_pres,chunk_18,181,wt_mean,0.0021834623184986,96
global_sign_pres,chunk_18,182,GR,,96
global_sign_pres,chunk_18,182,IPC,,96
global_sign_pres,chunk_18,182,KR,32.53125,96
global_sign_pres,chunk_18,182,MC,,96
global_sign_pres,chunk_18,182,cosine_similarity,0.5149832963943481,96
global_sign_pres,chunk_18,182,kl_to_gaussian,0.0,96
global_sign_pres,chunk_18,182,wt_mean,0.00236015714472155,96
global_sign_pres,chunk_18,183,GR,,96
global_sign_pres,chunk_18,183,IPC,,96
global_sign_pres,chunk_18,183,KR,34.104166666666664,96
global_sign_pres,chunk_18,183,MC,,96
global_sign_pres,chunk_18,183,cosine_similarity,0.5149832665920258,96
global_sign_pres,chunk_18,183,kl_to_gaussian,0.0,96
global_sign_pres,chunk_18,183,wt_mean,0.002212405437603525,96
global_sign_pres,chunk_18,184,GR,,96
global_sign_pres,chunk_18,184,IPC,,96
global_sign_pres,chunk_18,184,KR,36.489583333333336,96
global_sign_pres,chunk_18,184,MC,,96
global_sign_pres,chunk_18,184,cosine_similarity,0.5149833112955093,96
global_sign_pres,chunk_18,184,kl_to_gaussian,0.0,96
global_sign_pres,chunk_18,184,wt_mean,0.002318835700862075,96
global_sign_pres,chunk_18,185,GR,,96
global_sign_pres,chunk_18,185,IPC,,96
global_sign_pres,chunk_18,185,KR,37.90625,96
global_sign_pres,chunk_18,185,MC,,96
global_sign_pres,chunk_18,185,cosine_similarity,0.514983281493187,96
global_sign_pres,chunk_18,185,kl_to_gaussian,0.0,96
global_sign_pres,chunk_18,185,wt_mean,0.002410660265013525,96
global_sign_pres,chunk_18,186,GR,,96
global_sign_pres,chunk_18,186,IPC,,96
global_sign_pres,chunk_18,186,KR,36.5,96
global_sign_pres,chunk_18,186,MC,,96
global_sign_pres,chunk_18,186,cosine_similarity,0.5149834454059601,96
global_sign_pres,chunk_18,186,kl_to_gaussian,0.0,96
global_sign_pres,chunk_18,186,wt_mean,0.00234260477009225,96
global_sign_pres,chunk_18,187,GR,,96
global_sign_pres,chunk_18,187,IPC,,96
global_sign_pres,chunk_18,187,KR,28.989583333333332,96
global_sign_pres,chunk_18,187,MC,,96
global_sign_pres,chunk_18,187,cosine_similarity,0.5149833559989929,96
global_sign_pres,chunk_18,187,kl_to_gaussian,0.0,96
global_sign_pres,chunk_18,187,wt_mean,0.002215996675658925,96
global_sign_pres,chunk_18,188,GR,,96
global_sign_pres,chunk_18,188,IPC,,96
global_sign_pres,chunk_18,188,KR,30.385416666666668,96
global_sign_pres,chunk_18,188,MC,,96
global_sign_pres,chunk_18,188,cosine_similarity,0.5149833261966705,96
global_sign_pres,chunk_18,188,kl_to_gaussian,0.0,96
global_sign_pres,chunk_18,188,wt_mean,0.0021948146750218503,96
global_sign_pres,chunk_18,189,GR,,96
global_sign_pres,chunk_18,189,IPC,,96
global_sign_pres,chunk_18,189,KR,31.25,96
global_sign_pres,chunk_18,189,MC,,96
global_sign_pres,chunk_18,189,cosine_similarity,0.5149832665920258,96
global_sign_pres,chunk_18,189,kl_to_gaussian,0.0,96
global_sign_pres,chunk_18,189,wt_mean,0.0022165277623571,96
global_sign_pres,chunk_19,190,GR,,96
global_sign_pres,chunk_19,190,IPC,,96
global_sign_pres,chunk_19,190,KR,31.125,96
global_sign_pres,chunk_19,190,MC,,96
global_sign_pres,chunk_19,190,cosine_similarity,0.5149833559989929,96
global_sign_pres,chunk_19,190,kl_to_gaussian,0.0,96
global_sign_pres,chunk_19,190,wt_mean,0.0021978488657623,96
global_sign_pres,chunk_19,191,GR,,96
global_sign_pres,chunk_19,191,IPC,,96
global_sign_pres,chunk_19,191,KR,31.041666666666668,96
global_sign_pres,chunk_19,191,MC,,96
global_sign_pres,chunk_19,191,cosine_similarity,0.5149833858013153,96
global_sign_pres,chunk_19,191,kl_to_gaussian,0.0,96
global_sign_pres,chunk_19,191,wt_mean,0.0021783587872050247,96
global_sign_pres,chunk_19,192,GR,,96
global_sign_pres,chunk_19,192,IPC,,96
global_sign_pres,chunk_19,192,KR,35.697916666666664,96
global_sign_pres,chunk_19,192,MC,,96
global_sign_pres,chunk_19,192,cosine_similarity,0.5149832665920258,96
global_sign_pres,chunk_19,192,kl_to_gaussian,0.0,96
global_sign_pres,chunk_19,192,wt_mean,0.0022627760772593,96
global_sign_pres,chunk_19,193,GR,,96
global_sign_pres,chunk_19,193,IPC,,96
global_sign_pres,chunk_19,193,KR,34.041666666666664,96
global_sign_pres,chunk_19,193,MC,,96
global_sign_pres,chunk_19,193,cosine_similarity,0.5149832367897034,96
global_sign_pres,chunk_19,193,kl_to_gaussian,0.0,96
global_sign_pres,chunk_19,193,wt_mean,0.00235973231610835,96
global_sign_pres,chunk_19,194,GR,,96
global_sign_pres,chunk_19,194,IPC,,96
global_sign_pres,chunk_19,194,KR,41.114583333333336,96
global_sign_pres,chunk_19,194,MC,,96
global_sign_pres,chunk_19,194,cosine_similarity,0.5149834156036377,96
global_sign_pres,chunk_19,194,kl_to_gaussian,0.0,96
global_sign_pres,chunk_19,194,wt_mean,0.0025171091838273748,96
global_sign_pres,chunk_19,195,GR,,96
global_sign_pres,chunk_19,195,IPC,,96
global_sign_pres,chunk_19,195,KR,31.354166666666668,96
global_sign_pres,chunk_19,195,MC,,96
global_sign_pres,chunk_19,195,cosine_similarity,0.5149833559989929,96
global_sign_pres,chunk_19,195,kl_to_gaussian,0.0,96
global_sign_pres,chunk_19,195,wt_mean,0.002175697503844225,96
global_sign_pres,chunk_19,196,GR,,96
global_sign_pres,chunk_19,196,IPC,,96
global_sign_pres,chunk_19,196,KR,36.65625,96
global_sign_pres,chunk_19,196,MC,,96
global_sign_pres,chunk_19,196,cosine_similarity,0.5149833112955093,96
global_sign_pres,chunk_19,196,kl_to_gaussian,0.0,96
global_sign_pres,chunk_19,196,wt_mean,0.00225230623618695,96
global_sign_pres,chunk_19,197,GR,,96
global_sign_pres,chunk_19,197,IPC,,96
global_sign_pres,chunk_19,197,KR,31.739583333333332,96
global_sign_pres,chunk_19,197,MC,,96
global_sign_pres,chunk_19,197,cosine_similarity,0.5149832665920258,96
global_sign_pres,chunk_19,197,kl_to_gaussian,0.0,96
global_sign_pres,chunk_19,197,wt_mean,0.002181714458856675,96
global_sign_pres,chunk_19,198,GR,,96
global_sign_pres,chunk_19,198,IPC,,96
global_sign_pres,chunk_19,198,KR,43.989583333333336,96
global_sign_pres,chunk_19,198,MC,,96
global_sign_pres,chunk_19,198,cosine_similarity,0.5149833559989929,96
global_sign_pres,chunk_19,198,kl_to_gaussian,0.0,96
global_sign_pres,chunk_19,198,wt_mean,0.002401184028713,96
global_sign_pres,chunk_19,199,GR,,96
global_sign_pres,chunk_19,199,IPC,,96
global_sign_pres,chunk_19,199,KR,37.010416666666664,96
global_sign_pres,chunk_19,199,MC,,96
global_sign_pres,chunk_19,199,cosine_similarity,0.5149833410978317,96
global_sign_pres,chunk_19,199,kl_to_gaussian,0.0,96
global_sign_pres,chunk_19,199,wt_mean,0.002429094340186525,96
global_sign_pres,chunk_2,20,GR,,96
global_sign_pres,chunk_2,20,IPC,,96
global_sign_pres,chunk_2,20,KR,41.145833333333336,96
global_sign_pres,chunk_2,20,MC,,96
global_sign_pres,chunk_2,20,cosine_similarity,0.5149832963943481,96
global_sign_pres,chunk_2,20,kl_to_gaussian,0.0,96
global_sign_pres,chunk_2,20,wt_mean,0.0024815506476442754,96
global_sign_pres,chunk_2,21,GR,,96
global_sign_pres,chunk_2,21,IPC,,96
global_sign_pres,chunk_2,21,KR,37.03125,96
global_sign_pres,chunk_2,21,MC,,96
global_sign_pres,chunk_2,21,cosine_similarity,0.5149832963943481,96
global_sign_pres,chunk_2,21,kl_to_gaussian,0.0,96
global_sign_pres,chunk_2,21,wt_mean,0.0023929212475195002,96
global_sign_pres,chunk_2,22,GR,,96
global_sign_pres,chunk_2,22,IPC,,96
global_sign_pres,chunk_2,22,KR,31.34375,96
global_sign_pres,chunk_2,22,MC,,96
global_sign_pres,chunk_2,22,cosine_similarity,0.5149833858013153,96
global_sign_pres,chunk_2,22,kl_to_gaussian,0.0,96
global_sign_pres,chunk_2,22,wt_mean,0.0022990924771875,96
global_sign_pres,chunk_2,23,GR,,96
global_sign_pres,chunk_2,23,IPC,,96
global_sign_pres,chunk_2,23,KR,30.645833333333332,96
global_sign_pres,chunk_2,23,MC,,96
global_sign_pres,chunk_2,23,cosine_similarity,0.5149833112955093,96
global_sign_pres,chunk_2,23,kl_to_gaussian,0.0,96
global_sign_pres,chunk_2,23,wt_mean,0.002190470811910875,96
global_sign_pres,chunk_2,24,GR,,96
global_sign_pres,chunk_2,24,IPC,,96
global_sign_pres,chunk_2,24,KR,32.135416666666664,96
global_sign_pres,chunk_2,24,MC,,96
global_sign_pres,chunk_2,24,cosine_similarity,0.5149833112955093,96
global_sign_pres,chunk_2,24,kl_to_gaussian,0.0,96
global_sign_pres,chunk_2,24,wt_mean,0.002130509674316225,96
global_sign_pres,chunk_2,25,GR,,96
global_sign_pres,chunk_2,25,IPC,,96
global_sign_pres,chunk_2,25,KR,28.229166666666668,96
global_sign_pres,chunk_2,25,MC,,96
global_sign_pres,chunk_2,25,cosine_similarity,0.5149833559989929,96
global_sign_pres,chunk_2,25,kl_to_gaussian,0.0,96
global_sign_pres,chunk_2,25,wt_mean,0.00212673612986685,96
global_sign_pres,chunk_2,26,GR,,96
global_sign_pres,chunk_2,26,IPC,,96
global_sign_pres,chunk_2,26,KR,31.822916666666668,96
global_sign_pres,chunk_2,26,MC,,96
global_sign_pres,chunk_2,26,cosine_similarity,0.5149833858013153,96
global_sign_pres,chunk_2,26,kl_to_gaussian,0.0,96
global_sign_pres,chunk_2,26,wt_mean,0.002193503925809575,96
global_sign_pres,chunk_2,27,GR,,96
global_sign_pres,chunk_2,27,IPC,,96
global_sign_pres,chunk_2,27,KR,32.802083333333336,96
global_sign_pres,chunk_2,27,MC,,96
global_sign_pres,chunk_2,27,cosine_similarity,0.5149831771850586,96
global_sign_pres,chunk_2,27,kl_to_gaussian,0.0,96
global_sign_pres,chunk_2,27,wt_mean,0.0022933854197617,96
global_sign_pres,chunk_2,28,GR,,96
global_sign_pres,chunk_2,28,IPC,,96
global_sign_pres,chunk_2,28,KR,28.510416666666668,96
global_sign_pres,chunk_2,28,MC,,96
global_sign_pres,chunk_2,28,cosine_similarity,0.5149833858013153,96
global_sign_pres,chunk_2,28,kl_to_gaussian,0.0,96
global_sign_pres,chunk_2,28,wt_mean,0.002224780706455875,96
global_sign_pres,chunk_2,29,GR,,96
global_sign_pres,chunk_2,29,IPC,,96
global_sign_pres,chunk_2,29,KR,30.427083333333332,96
global_sign_pres,chunk_2,29,MC,,96
global_sign_pres,chunk_2,29,cosine_similarity,0.5149833112955093,96
global_sign_pres,chunk_2,29,kl_to_gaussian,0.0,96
global_sign_pres,chunk_2,29,wt_mean,0.002121465920936275,96
global_sign_pres,chunk_3,30,GR,,96
global_sign_pres,chunk_3,30,IPC,,96
global_sign_pres,chunk_3,30,KR,34.90625,96
global_sign_pres,chunk_3,30,MC,,96
global_sign_pres,chunk_3,30,cosine_similarity,0.5149833112955093,96
global_sign_pres,chunk_3,30,kl_to_gaussian,0.0,96
global_sign_pres,chunk_3,30,wt_mean,0.0023911542375571753,96
global_sign_pres,chunk_3,31,GR,,96
global_sign_pres,chunk_3,31,IPC,,96
global_sign_pres,chunk_3,31,KR,34.979166666666664,96
global_sign_pres,chunk_3,31,MC,,96
global_sign_pres,chunk_3,31,cosine_similarity,0.5149833858013153,96
global_sign_pres,chunk_3,31,kl_to_gaussian,0.0,96
global_sign_pres,chunk_3,31,wt_mean,0.00244947944884185,96
global_sign_pres,chunk_3,32,GR,,96
global_sign_pres,chunk_3,32,IPC,,96
global_sign_pres,chunk_3,32,KR,38.833333333333336,96
global_sign_pres,chunk_3,32,MC,,96
global_sign_pres,chunk_3,32,cosine_similarity,0.5149833261966705,96
global_sign_pres,chunk_3,32,kl_to_gaussian,0.0,96
global_sign_pres,chunk_3,32,wt_mean,0.002281728840898675,96
global_sign_pres,chunk_3,33,GR,,96
global_sign_pres,chunk_3,33,IPC,,96
global_sign_pres,chunk_3,33,KR,37.333333333333336,96
global_sign_pres,chunk_3,33,MC,,96
global_sign_pres,chunk_3,33,cosine_similarity,0.5149833559989929,96
global_sign_pres,chunk_3,33,kl_to_gaussian,0.0,96
global_sign_pres,chunk_3,33,wt_mean,0.002363891253480625,96
global_sign_pres,chunk_3,34,GR,,96
global_sign_pres,chunk_3,34,IPC,,96
global_sign_pres,chunk_3,34,KR,35.125,96
global_sign_pres,chunk_3,34,MC,,96
global_sign_pres,chunk_3,34,cosine_similarity,0.514983206987381,96
global_sign_pres,chunk_3,34,kl_to_gaussian,0.0,96
global_sign_pres,chunk_3,34,wt_mean,0.0023779963376,96
global_sign_pres,chunk_3,35,GR,,96
global_sign_pres,chunk_3,35,IPC,,96
global_sign_pres,chunk_3,35,KR,34.208333333333336,96
global_sign_pres,chunk_3,35,MC,,96
global_sign_pres,chunk_3,35,cosine_similarity,0.5149834156036377,96
global_sign_pres,chunk_3,35,kl_to_gaussian,0.0,96
global_sign_pres,chunk_3,35,wt_mean,0.002257577260024775,96
global_sign_pres,chunk_3,36,GR,,96
global_sign_pres,chunk_3,36,IPC,,96
global_sign_pres,chunk_3,36,KR,33.5625,96
global_sign_pres,chunk_3,36,MC,,96
global_sign_pres,chunk_3,36,cosine_similarity,0.5149833410978317,96
global_sign_pres,chunk_3,36,kl_to_gaussian,0.0,96
global_sign_pres,chunk_3,36,wt_mean,0.002278955769725075,96
global_sign_pres,chunk_3,37,GR,,96
global_sign_pres,chunk_3,37,IPC,,96
global_sign_pres,chunk_3,37,KR,33.697916666666664,96
global_sign_pres,chunk_3,37,MC,,96
global_sign_pres,chunk_3,37,cosine_similarity,0.5149832367897034,96
global_sign_pres,chunk_3,37,kl_to_gaussian,0.0,96
global_sign_pres,chunk_3,37,wt_mean,0.002325285051483625,96
global_sign_pres,chunk_3,38,GR,,96
global_sign_pres,chunk_3,38,IPC,,96
global_sign_pres,chunk_3,38,KR,29.197916666666668,96
global_sign_pres,chunk_3,38,MC,,96
global_sign_pres,chunk_3,38,cosine_similarity,0.5149834156036377,96
global_sign_pres,chunk_3,38,kl_to_gaussian,0.0,96
global_sign_pres,chunk_3,38,wt_mean,0.0022298631083685,96
global_sign_pres,chunk_3,39,GR,,96
global_sign_pres,chunk_3,39,IPC,,96
global_sign_pres,chunk_3,39,KR,40.447916666666664,96
global_sign_pres,chunk_3,39,MC,,96
global_sign_pres,chunk_3,39,cosine_similarity,0.5149832665920258,96
global_sign_pres,chunk_3,39,kl_to_gaussian,0.0,96
global_sign_pres,chunk_3,39,wt_mean,0.002344480977626475,96
global_sign_pres,chunk_4,40,GR,,96
global_sign_pres,chunk_4,40,IPC,,96
global_sign_pres,chunk_4,40,KR,35.635416666666664,96
global_sign_pres,chunk_4,40,MC,,96
global_sign_pres,chunk_4,40,cosine_similarity,0.5149833559989929,96
global_sign_pres,chunk_4,40,kl_to_gaussian,0.0,96
global_sign_pres,chunk_4,40,wt_mean,0.002252652891911525,96
global_sign_pres,chunk_4,41,GR,,96
global_sign_pres,chunk_4,41,IPC,,96
global_sign_pres,chunk_4,41,KR,30.458333333333332,96
global_sign_pres,chunk_4,41,MC,,96
global_sign_pres,chunk_4,41,cosine_similarity,0.5149834156036377,96
global_sign_pres,chunk_4,41,kl_to_gaussian,0.0,96
global_sign_pres,chunk_4,41,wt_mean,0.002201891882577875,96
global_sign_pres,chunk_4,42,GR,,96
global_sign_pres,chunk_4,42,IPC,,96
global_sign_pres,chunk_4,42,KR,38.885416666666664,96
global_sign_pres,chunk_4,42,MC,,96
global_sign_pres,chunk_4,42,cosine_similarity,0.5149832367897034,96
global_sign_pres,chunk_4,42,kl_to_gaussian,0.0,96
global_sign_pres,chunk_4,42,wt_mean,0.002333356125745875,96
global_sign_pres,chunk_4,43,GR,,96
global_sign_pres,chunk_4,43,IPC,,96
global_sign_pres,chunk_4,43,KR,36.8125,96
global_sign_pres,chunk_4,43,MC,,96
global_sign_pres,chunk_4,43,cosine_similarity,0.5149833858013153,96
global_sign_pres,chunk_4,43,kl_to_gaussian,0.0,96
global_sign_pres,chunk_4,43,wt_mean,0.002232657978311125,96
global_sign_pres,chunk_4,44,GR,,96
global_sign_pres,chunk_4,44,IPC,,96
global_sign_pres,chunk_4,44,KR,35.34375,96
global_sign_pres,chunk_4,44,MC,,96
global_sign_pres,chunk_4,44,cosine_similarity,0.5149834156036377,96
global_sign_pres,chunk_4,44,kl_to_gaussian,0.0,96
global_sign_pres,chunk_4,44,wt_mean,0.0023651721421628752,96
global_sign_pres,chunk_4,45,GR,,96
global_sign_pres,chunk_4,45,IPC,,96
global_sign_pres,chunk_4,45,KR,38.822916666666664,96
global_sign_pres,chunk_4,45,MC,,96
global_sign_pres,chunk_4,45,cosine_similarity,0.5149832963943481,96
global_sign_pres,chunk_4,45,kl_to_gaussian,0.0,96
global_sign_pres,chunk_4,45,wt_mean,0.002399416494881675,96
global_sign_pres,chunk_4,46,GR,,96
global_sign_pres,chunk_4,46,IPC,,96
global_sign_pres,chunk_4,46,KR,30.958333333333332,96
global_sign_pres,chunk_4,46,MC,,96
global_sign_pres,chunk_4,46,cosine_similarity,0.5149834156036377,96
global_sign_pres,chunk_4,46,kl_to_gaussian,0.0,96
global_sign_pres,chunk_4,46,wt_mean,0.002189235354307975,96
global_sign_pres,chunk_4,47,GR,,96
global_sign_pres,chunk_4,47,IPC,,96
global_sign_pres,chunk_4,47,KR,31.677083333333332,96
global_sign_pres,chunk_4,47,MC,,96
global_sign_pres,chunk_4,47,cosine_similarity,0.5149833112955093,96
global_sign_pres,chunk_4,47,kl_to_gaussian,0.0,96
global_sign_pres,chunk_4,47,wt_mean,0.0021622873318846753,96
global_sign_pres,chunk_4,48,GR,,96
global_sign_pres,chunk_4,48,IPC,,96
global_sign_pres,chunk_4,48,KR,30.510416666666668,96
global_sign_pres,chunk_4,48,MC,,96
global_sign_pres,chunk_4,48,cosine_similarity,0.514983519911766,96
global_sign_pres,chunk_4,48,kl_to_gaussian,0.0,96
global_sign_pres,chunk_4,48,wt_mean,0.00235652184346685,96
global_sign_pres,chunk_4,49,GR,,96
global_sign_pres,chunk_4,49,IPC,,96
global_sign_pres,chunk_4,49,KR,32.604166666666664,96
global_sign_pres,chunk_4,49,MC,,96
global_sign_pres,chunk_4,49,cosine_similarity,0.5149833709001541,96
global_sign_pres,chunk_4,49,kl_to_gaussian,0.0,96
global_sign_pres,chunk_4,49,wt_mean,0.002270235418109175,96
global_sign_pres,chunk_5,50,GR,,96
global_sign_pres,chunk_5,50,IPC,,96
global_sign_pres,chunk_5,50,KR,30.4375,96
global_sign_pres,chunk_5,50,MC,,96
global_sign_pres,chunk_5,50,cosine_similarity,0.5149833559989929,96
global_sign_pres,chunk_5,50,kl_to_gaussian,0.0,96
global_sign_pres,chunk_5,50,wt_mean,0.0022415918356273,96
global_sign_pres,chunk_5,51,GR,,96
global_sign_pres,chunk_5,51,IPC,,96
global_sign_pres,chunk_5,51,KR,34.822916666666664,96
global_sign_pres,chunk_5,51,MC,,96
global_sign_pres,chunk_5,51,cosine_similarity,0.5149832516908646,96
global_sign_pres,chunk_5,51,kl_to_gaussian,0.0,96
global_sign_pres,chunk_5,51,wt_mean,0.0022504552616737,96
global_sign_pres,chunk_5,52,GR,,96
global_sign_pres,chunk_5,52,IPC,,96
global_sign_pres,chunk_5,52,KR,49.177083333333336,96
global_sign_pres,chunk_5,52,MC,,96
global_sign_pres,chunk_5,52,cosine_similarity,0.5149834305047989,96
global_sign_pres,chunk_5,52,kl_to_gaussian,0.0,96
global_sign_pres,chunk_5,52,wt_mean,0.002830063458532025,96
global_sign_pres,chunk_5,53,GR,,96
global_sign_pres,chunk_5,53,IPC,,96
global_sign_pres,chunk_5,53,KR,32.71875,96
global_sign_pres,chunk_5,53,MC,,96
global_sign_pres,chunk_5,53,cosine_similarity,0.5149833559989929,96
global_sign_pres,chunk_5,53,kl_to_gaussian,0.0,96
global_sign_pres,chunk_5,53,wt_mean,0.00232622318435455,96
global_sign_pres,chunk_5,54,GR,,96
global_sign_pres,chunk_5,54,IPC,,96
global_sign_pres,chunk_5,54,KR,28.614583333333332,96
global_sign_pres,chunk_5,54,MC,,96
global_sign_pres,chunk_5,54,cosine_similarity,0.514983206987381,96
global_sign_pres,chunk_5,54,kl_to_gaussian,0.0,96
global_sign_pres,chunk_5,54,wt_mean,0.0021694402093998502,96
global_sign_pres,chunk_5,55,GR,,96
global_sign_pres,chunk_5,55,IPC,,96
global_sign_pres,chunk_5,55,KR,40.34375,96
global_sign_pres,chunk_5,55,MC,,96
global_sign_pres,chunk_5,55,cosine_similarity,0.5149834454059601,96
global_sign_pres,chunk_5,55,kl_to_gaussian,0.0,96
global_sign_pres,chunk_5,55,wt_mean,0.00234130566241215,96
global_sign_pres,chunk_5,56,GR,,96
global_sign_pres,chunk_5,56,IPC,,96
global_sign_pres,chunk_5,56,KR,28.833333333333332,96
global_sign_pres,chunk_5,56,MC,,96
global_sign_pres,chunk_5,56,cosine_similarity,0.5149832963943481,96
global_sign_pres,chunk_5,56,kl_to_gaussian,0.0,96
global_sign_pres,chunk_5,56,wt_mean,0.002092440088745175,96
global_sign_pres,chunk_5,57,GR,,96
global_sign_pres,chunk_5,57,IPC,,96
global_sign_pres,chunk_5,57,KR,30.40625,96
global_sign_pres,chunk_5,57,MC,,96
global_sign_pres,chunk_5,57,cosine_similarity,0.5149834454059601,96
global_sign_pres,chunk_5,57,kl_to_gaussian,0.0,96
global_sign_pres,chunk_5,57,wt_mean,0.0021662785147782,96
global_sign_pres,chunk_5,58,GR,,96
global_sign_pres,chunk_5,58,IPC,,96
global_sign_pres,chunk_5,58,KR,36.708333333333336,96
global_sign_pres,chunk_5,58,MC,,96
global_sign_pres,chunk_5,58,cosine_similarity,0.5149833559989929,96
global_sign_pres,chunk_5,58,kl_to_gaussian,0.0,96
global_sign_pres,chunk_5,58,wt_mean,0.0023002180969342247,96
global_sign_pres,chunk_5,59,GR,,96
global_sign_pres,chunk_5,59,IPC,,96
global_sign_pres,chunk_5,59,KR,29.541666666666668,96
global_sign_pres,chunk_5,59,MC,,96
global_sign_pres,chunk_5,59,cosine_similarity,0.5149833261966705,96
global_sign_pres,chunk_5,59,kl_to_gaussian,0.0,96
global_sign_pres,chunk_5,59,wt_mean,0.002230785117717425,96
global_sign_pres,chunk_6,60,GR,,96
global_sign_pres,chunk_6,60,IPC,,96
global_sign_pres,chunk_6,60,KR,34.8125,96
global_sign_pres,chunk_6,60,MC,,96
global_sign_pres,chunk_6,60,cosine_similarity,0.5149833410978317,96
global_sign_pres,chunk_6,60,kl_to_gaussian,0.0,96
global_sign_pres,chunk_6,60,wt_mean,0.0023381350038107,96
global_sign_pres,chunk_6,61,GR,,96
global_sign_pres,chunk_6,61,IPC,,96
global_sign_pres,chunk_6,61,KR,35.416666666666664,96
global_sign_pres,chunk_6,61,MC,,96
global_sign_pres,chunk_6,61,cosine_similarity,0.5149834901094437,96
global_sign_pres,chunk_6,61,kl_to_gaussian,0.0,96
global_sign_pres,chunk_6,61,wt_mean,0.002298859209986375,96
global_sign_pres,chunk_6,62,GR,,96
global_sign_pres,chunk_6,62,IPC,,96
global_sign_pres,chunk_6,62,KR,30.375,96
global_sign_pres,chunk_6,62,MC,,96
global_sign_pres,chunk_6,62,cosine_similarity,0.514983132481575,96
global_sign_pres,chunk_6,62,kl_to_gaussian,0.0,96
global_sign_pres,chunk_6,62,wt_mean,0.002065853273961625,96
global_sign_pres,chunk_6,63,GR,,96
global_sign_pres,chunk_6,63,IPC,,96
global_sign_pres,chunk_6,63,KR,33.260416666666664,96
global_sign_pres,chunk_6,63,MC,,96
global_sign_pres,chunk_6,63,cosine_similarity,0.5149834156036377,96
global_sign_pres,chunk_6,63,kl_to_gaussian,0.0,96
global_sign_pres,chunk_6,63,wt_mean,0.002281003078678575,96
global_sign_pres,chunk_6,64,GR,,96
global_sign_pres,chunk_6,64,IPC,,96
global_sign_pres,chunk_6,64,KR,33.21875,96
global_sign_pres,chunk_6,64,MC,,96
global_sign_pres,chunk_6,64,cosine_similarity,0.5149833410978317,96
global_sign_pres,chunk_6,64,kl_to_gaussian,0.0,96
global_sign_pres,chunk_6,64,wt_mean,0.0023178148840088003,96
global_sign_pres,chunk_6,65,GR,,96
global_sign_pres,chunk_6,65,IPC,,96
global_sign_pres,chunk_6,65,KR,33.65625,96
global_sign_pres,chunk_6,65,MC,,96
global_sign_pres,chunk_6,65,cosine_similarity,0.5149832367897034,96
global_sign_pres,chunk_6,65,kl_to_gaussian,0.0,96
global_sign_pres,chunk_6,65,wt_mean,0.00221395061817015,96
global_sign_pres,chunk_6,66,GR,,96
global_sign_pres,chunk_6,66,IPC,,96
global_sign_pres,chunk_6,66,KR,34.0625,96
global_sign_pres,chunk_6,66,MC,,96
global_sign_pres,chunk_6,66,cosine_similarity,0.5149834156036377,96
global_sign_pres,chunk_6,66,kl_to_gaussian,0.0,96
global_sign_pres,chunk_6,66,wt_mean,0.002334315911866675,96
global_sign_pres,chunk_6,67,GR,,96
global_sign_pres,chunk_6,67,IPC,,96
global_sign_pres,chunk_6,67,KR,32.604166666666664,96
global_sign_pres,chunk_6,67,MC,,96
global_sign_pres,chunk_6,67,cosine_similarity,0.5149831771850586,96
global_sign_pres,chunk_6,67,kl_to_gaussian,0.0,96
global_sign_pres,chunk_6,67,wt_mean,0.002150240819901175,96
global_sign_pres,chunk_6,68,GR,,96
global_sign_pres,chunk_6,68,IPC,,96
global_sign_pres,chunk_6,68,KR,31.989583333333332,96
global_sign_pres,chunk_6,68,MC,,96
global_sign_pres,chunk_6,68,cosine_similarity,0.5149832665920258,96
global_sign_pres,chunk_6,68,kl_to_gaussian,0.0,96
global_sign_pres,chunk_6,68,wt_mean,0.0021751640888396,96
global_sign_pres,chunk_6,69,GR,,96
global_sign_pres,chunk_6,69,IPC,,96
global_sign_pres,chunk_6,69,KR,26.96875,96
global_sign_pres,chunk_6,69,MC,,96
global_sign_pres,chunk_6,69,cosine_similarity,0.5149834156036377,96
global_sign_pres,chunk_6,69,kl_to_gaussian,0.0,96
global_sign_pres,chunk_6,69,wt_mean,0.002079847443383125,96
global_sign_pres,chunk_7,70,GR,,96
global_sign_pres,chunk_7,70,IPC,,96
global_sign_pres,chunk_7,70,KR,32.375,96
global_sign_pres,chunk_7,70,MC,,96
global_sign_pres,chunk_7,70,cosine_similarity,0.5149833858013153,96
global_sign_pres,chunk_7,70,kl_to_gaussian,0.0,96
global_sign_pres,chunk_7,70,wt_mean,0.00232146077905775,96
global_sign_pres,chunk_7,71,GR,,96
global_sign_pres,chunk_7,71,IPC,,96
global_sign_pres,chunk_7,71,KR,33.229166666666664,96
global_sign_pres,chunk_7,71,MC,,96
global_sign_pres,chunk_7,71,cosine_similarity,0.5149832665920258,96
global_sign_pres,chunk_7,71,kl_to_gaussian,0.0,96
global_sign_pres,chunk_7,71,wt_mean,0.002217276836745375,96
global_sign_pres,chunk_7,72,GR,,96
global_sign_pres,chunk_7,72,IPC,,96
global_sign_pres,chunk_7,72,KR,31.6875,96
global_sign_pres,chunk_7,72,MC,,96
global_sign_pres,chunk_7,72,cosine_similarity,0.5149832367897034,96
global_sign_pres,chunk_7,72,kl_to_gaussian,0.0,96
global_sign_pres,chunk_7,72,wt_mean,0.0022560319048351997,96
global_sign_pres,chunk_7,73,GR,,96
global_sign_pres,chunk_7,73,IPC,,96
global_sign_pres,chunk_7,73,KR,26.604166666666668,96
global_sign_pres,chunk_7,73,MC,,96
global_sign_pres,chunk_7,73,cosine_similarity,0.5149834454059601,96
global_sign_pres,chunk_7,73,kl_to_gaussian,0.0,96
global_sign_pres,chunk_7,73,wt_mean,0.0020278033916838,96
global_sign_pres,chunk_7,74,GR,,96
global_sign_pres,chunk_7,74,IPC,,96
global_sign_pres,chunk_7,74,KR,35.625,96
global_sign_pres,chunk_7,74,MC,,96
global_sign_pres,chunk_7,74,cosine_similarity,0.5149832367897034,96
global_sign_pres,chunk_7,74,kl_to_gaussian,0.0,96
global_sign_pres,chunk_7,74,wt_mean,0.0022585045953746248,96
global_sign_pres,chunk_7,75,GR,,96
global_sign_pres,chunk_7,75,IPC,,96
global_sign_pres,chunk_7,75,KR,36.697916666666664,96
global_sign_pres,chunk_7,75,MC,,96
global_sign_pres,chunk_7,75,cosine_similarity,0.5149833858013153,96
global_sign_pres,chunk_7,75,kl_to_gaussian,0.0,96
global_sign_pres,chunk_7,75,wt_mean,0.00233912561088795,96
global_sign_pres,chunk_7,76,GR,,96
global_sign_pres,chunk_7,76,IPC,,96
global_sign_pres,chunk_7,76,KR,33.104166666666664,96
global_sign_pres,chunk_7,76,MC,,96
global_sign_pres,chunk_7,76,cosine_similarity,0.5149834007024765,96
global_sign_pres,chunk_7,76,kl_to_gaussian,0.0,96
global_sign_pres,chunk_7,76,wt_mean,0.0022179503284859747,96
global_sign_pres,chunk_7,77,GR,,96
global_sign_pres,chunk_7,77,IPC,,96
global_sign_pres,chunk_7,77,KR,30.302083333333332,96
global_sign_pres,chunk_7,77,MC,,96
global_sign_pres,chunk_7,77,cosine_similarity,0.5149832218885422,96
global_sign_pres,chunk_7,77,kl_to_gaussian,0.0,96
global_sign_pres,chunk_7,77,wt_mean,0.00218781741568815,96
global_sign_pres,chunk_7,78,GR,,96
global_sign_pres,chunk_7,78,IPC,,96
global_sign_pres,chunk_7,78,KR,36.229166666666664,96
global_sign_pres,chunk_7,78,MC,,96
global_sign_pres,chunk_7,78,cosine_similarity,0.5149832367897034,96
global_sign_pres,chunk_7,78,kl_to_gaussian,0.0,96
global_sign_pres,chunk_7,78,wt_mean,0.0024729775032027754,96
global_sign_pres,chunk_7,79,GR,,96
global_sign_pres,chunk_7,79,IPC,,96
global_sign_pres,chunk_7,79,KR,32.520833333333336,96
global_sign_pres,chunk_7,79,MC,,96
global_sign_pres,chunk_7,79,cosine_similarity,0.5149833410978317,96
global_sign_pres,chunk_7,79,kl_to_gaussian,0.0,96
global_sign_pres,chunk_7,79,wt_mean,0.0021951965463813,96
global_sign_pres,chunk_8,80,GR,,96
global_sign_pres,chunk_8,80,IPC,,96
global_sign_pres,chunk_8,80,KR,31.489583333333332,96
global_sign_pres,chunk_8,80,MC,,96
global_sign_pres,chunk_8,80,cosine_similarity,0.5149834156036377,96
global_sign_pres,chunk_8,80,kl_to_gaussian,0.0,96
global_sign_pres,chunk_8,80,wt_mean,0.00227166645345275,96
global_sign_pres,chunk_8,81,GR,,96
global_sign_pres,chunk_8,81,IPC,,96
global_sign_pres,chunk_8,81,KR,37.083333333333336,96
global_sign_pres,chunk_8,81,MC,,96
global_sign_pres,chunk_8,81,cosine_similarity,0.5149833112955093,96
global_sign_pres,chunk_8,81,kl_to_gaussian,0.0,96
global_sign_pres,chunk_8,81,wt_mean,0.002341585146496025,96
global_sign_pres,chunk_8,82,GR,,96
global_sign_pres,chunk_8,82,IPC,,96
global_sign_pres,chunk_8,82,KR,31.895833333333332,96
global_sign_pres,chunk_8,82,MC,,96
global_sign_pres,chunk_8,82,cosine_similarity,0.5149833858013153,96
global_sign_pres,chunk_8,82,kl_to_gaussian,0.0,96
global_sign_pres,chunk_8,82,wt_mean,0.002268786192871575,96
global_sign_pres,chunk_8,83,GR,,96
global_sign_pres,chunk_8,83,IPC,,96
global_sign_pres,chunk_8,83,KR,30.854166666666668,96
global_sign_pres,chunk_8,83,MC,,96
global_sign_pres,chunk_8,83,cosine_similarity,0.5149832963943481,96
global_sign_pres,chunk_8,83,kl_to_gaussian,0.0,96
global_sign_pres,chunk_8,83,wt_mean,0.00222684204345565,96
global_sign_pres,chunk_8,84,GR,,96
global_sign_pres,chunk_8,84,IPC,,96
global_sign_pres,chunk_8,84,KR,28.34375,96
global_sign_pres,chunk_8,84,MC,,96
global_sign_pres,chunk_8,84,cosine_similarity,0.5149832665920258,96
global_sign_pres,chunk_8,84,kl_to_gaussian,0.0,96
global_sign_pres,chunk_8,84,wt_mean,0.00215050828410305,96
global_sign_pres,chunk_8,85,GR,,96
global_sign_pres,chunk_8,85,IPC,,96
global_sign_pres,chunk_8,85,KR,30.583333333333332,96
global_sign_pres,chunk_8,85,MC,,96
global_sign_pres,chunk_8,85,cosine_similarity,0.5149832665920258,96
global_sign_pres,chunk_8,85,kl_to_gaussian,0.0,96
global_sign_pres,chunk_8,85,wt_mean,0.00225314381532365,96
global_sign_pres,chunk_8,86,GR,,96
global_sign_pres,chunk_8,86,IPC,,96
global_sign_pres,chunk_8,86,KR,28.791666666666668,96
global_sign_pres,chunk_8,86,MC,,96
global_sign_pres,chunk_8,86,cosine_similarity,0.5149833261966705,96
global_sign_pres,chunk_8,86,kl_to_gaussian,0.0,96
global_sign_pres,chunk_8,86,wt_mean,0.002245341253001175,96
global_sign_pres,chunk_8,87,GR,,96
global_sign_pres,chunk_8,87,IPC,,96
global_sign_pres,chunk_8,87,KR,29.302083333333332,96
global_sign_pres,chunk_8,87,MC,,96
global_sign_pres,chunk_8,87,cosine_similarity,0.514983281493187,96
global_sign_pres,chunk_8,87,kl_to_gaussian,0.0,96
global_sign_pres,chunk_8,87,wt_mean,0.002185459714382825,96
global_sign_pres,chunk_8,88,GR,,96
global_sign_pres,chunk_8,88,IPC,,96
global_sign_pres,chunk_8,88,KR,37.479166666666664,96
global_sign_pres,chunk_8,88,MC,,96
global_sign_pres,chunk_8,88,cosine_similarity,0.5149832516908646,96
global_sign_pres,chunk_8,88,kl_to_gaussian,0.0,96
global_sign_pres,chunk_8,88,wt_mean,0.002400218509137575,96
global_sign_pres,chunk_8,89,GR,,96
global_sign_pres,chunk_8,89,IPC,,96
global_sign_pres,chunk_8,89,KR,30.604166666666668,96
global_sign_pres,chunk_8,89,MC,,96
global_sign_pres,chunk_8,89,cosine_similarity,0.5149832218885422,96
global_sign_pres,chunk_8,89,kl_to_gaussian,0.0,96
global_sign_pres,chunk_8,89,wt_mean,0.0022138362110126248,96
global_sign_pres,chunk_9,90,GR,,96
global_sign_pres,chunk_9,90,IPC,,96
global_sign_pres,chunk_9,90,KR,39.09375,96
global_sign_pres,chunk_9,90,MC,,96
global_sign_pres,chunk_9,90,cosine_similarity,0.5149833559989929,96
global_sign_pres,chunk_9,90,kl_to_gaussian,0.0,96
global_sign_pres,chunk_9,90,wt_mean,0.0022244875726755253,96
global_sign_pres,chunk_9,91,GR,,96
global_sign_pres,chunk_9,91,IPC,,96
global_sign_pres,chunk_9,91,KR,33.364583333333336,96
global_sign_pres,chunk_9,91,MC,,96
global_sign_pres,chunk_9,91,cosine_similarity,0.5149832963943481,96
global_sign_pres,chunk_9,91,kl_to_gaussian,0.0,96
global_sign_pres,chunk_9,91,wt_mean,0.0022973464510868498,96
global_sign_pres,chunk_9,92,GR,,96
global_sign_pres,chunk_9,92,IPC,,96
global_sign_pres,chunk_9,92,KR,28.302083333333332,96
global_sign_pres,chunk_9,92,MC,,96
global_sign_pres,chunk_9,92,cosine_similarity,0.5149833559989929,96
global_sign_pres,chunk_9,92,kl_to_gaussian,0.0,96
global_sign_pres,chunk_9,92,wt_mean,0.00207068861345755,96
global_sign_pres,chunk_9,93,GR,,96
global_sign_pres,chunk_9,93,IPC,,96
global_sign_pres,chunk_9,93,KR,31.125,96
global_sign_pres,chunk_9,93,MC,,96
global_sign_pres,chunk_9,93,cosine_similarity,0.5149832367897034,96
global_sign_pres,chunk_9,93,kl_to_gaussian,0.0,96
global_sign_pres,chunk_9,93,wt_mean,0.002240773406811025,96
global_sign_pres,chunk_9,94,GR,,96
global_sign_pres,chunk_9,94,IPC,,96
global_sign_pres,chunk_9,94,KR,30.458333333333332,96
global_sign_pres,chunk_9,94,MC,,96
global_sign_pres,chunk_9,94,cosine_similarity,0.5149832367897034,96
global_sign_pres,chunk_9,94,kl_to_gaussian,0.0,96
global_sign_pres,chunk_9,94,wt_mean,0.002159397961804575,96
global_sign_pres,chunk_9,95,GR,,96
global_sign_pres,chunk_9,95,IPC,,96
global_sign_pres,chunk_9,95,KR,33.583333333333336,96
global_sign_pres,chunk_9,95,MC,,96
global_sign_pres,chunk_9,95,cosine_similarity,0.5149833559989929,96
global_sign_pres,chunk_9,95,kl_to_gaussian,0.0,96
global_sign_pres,chunk_9,95,wt_mean,0.00232855047215705,96
global_sign_pres,chunk_9,96,GR,,96
global_sign_pres,chunk_9,96,IPC,,96
global_sign_pres,chunk_9,96,KR,31.78125,96
global_sign_pres,chunk_9,96,MC,,96
global_sign_pres,chunk_9,96,cosine_similarity,0.5149834156036377,96
global_sign_pres,chunk_9,96,kl_to_gaussian,0.0,96
global_sign_pres,chunk_9,96,wt_mean,0.002220046677393775,96
global_sign_pres,chunk_9,97,GR,,96
global_sign_pres,chunk_9,97,IPC,,96
global_sign_pres,chunk_9,97,KR,33.5,96
global_sign_pres,chunk_9,97,MC,,96
global_sign_pres,chunk_9,97,cosine_similarity,0.5149832963943481,96
global_sign_pres,chunk_9,97,kl_to_gaussian,0.0,96
global_sign_pres,chunk_9,97,wt_mean,0.00222556150401935,96
global_sign_pres,chunk_9,98,GR,,96
global_sign_pres,chunk_9,98,IPC,,96
global_sign_pres,chunk_9,98,KR,36.385416666666664,96
global_sign_pres,chunk_9,98,MC,,96
global_sign_pres,chunk_9,98,cosine_similarity,0.5149833261966705,96
global_sign_pres,chunk_9,98,kl_to_gaussian,0.0,96
global_sign_pres,chunk_9,98,wt_mean,0.0021720263466704,96
global_sign_pres,chunk_9,99,GR,,96
global_sign_pres,chunk_9,99,IPC,,96
global_sign_pres,chunk_9,99,KR,31.416666666666668,96
global_sign_pres,chunk_9,99,MC,,96
global_sign_pres,chunk_9,99,cosine_similarity,0.514983281493187,96
global_sign_pres,chunk_9,99,kl_to_gaussian,0.0,96
global_sign_pres,chunk_9,99,wt_mean,0.002193747670389675,96
local_sign+binary,chunk_0,0,GR,,96
local_sign+binary,chunk_0,0,IPC,,96
local_sign+binary,chunk_0,0,KR,46.135416666666664,96
local_sign+binary,chunk_0,0,MC,,96
local_sign+binary,chunk_0,0,cosine_similarity,0.5149832665920258,96
local_sign+binary,chunk_0,0,kl_to_gaussian,0.0,96
local_sign+binary,chunk_0,0,wt_mean,0.002730986714595875,96
local_sign+binary,chunk_0,1,GR,,96
local_sign+binary,chunk_0,1,IPC,,96
local_sign+binary,chunk_0,1,KR,58.114583333333336,96
local_sign+binary,chunk_0,1,MC,,96
local_sign+binary,chunk_0,1,cosine_similarity,0.5149834603071213,96
local_sign+binary,chunk_0,1,kl_to_gaussian,0.0,96
local_sign+binary,chunk_0,1,wt_mean,0.0028933825087733,96
local_sign+binary,chunk_0,2,GR,,96
local_sign+binary,chunk_0,2,IPC,,96
local_sign+binary,chunk_0,2,KR,64.78125,96
local_sign+binary,chunk_0,2,MC,,96
local_sign+binary,chunk_0,2,cosine_similarity,0.5149832963943481,96
local_sign+binary,chunk_0,2,kl_to_gaussian,0.0,96
local_sign+binary,chunk_0,2,wt_mean,0.0032029884168878003,96
local_sign+binary,chunk_0,3,GR,,96
local_sign+binary,chunk_0,3,IPC,,96
local_sign+binary,chunk_0,3,KR,64.84375,96
local_sign+binary,chunk_0,3,MC,,96
local_sign+binary,chunk_0,3,cosine_similarity,0.5149834007024765,96
local_sign+binary,chunk_0,3,kl_to_gaussian,0.0,96
local_sign+binary,chunk_0,3,wt_mean,0.002885767607949625,96
local_sign+binary,chunk_0,4,GR,,96
local_sign+binary,chunk_0,4,IPC,,96
local_sign+binary,chunk_0,4,KR,56.479166666666664,96
local_sign+binary,chunk_0,4,MC,,96
local_sign+binary,chunk_0,4,cosine_similarity,0.5149832665920258,96
local_sign+binary,chunk_0,4,kl_to_gaussian,0.0,96
local_sign+binary,chunk_0,4,wt_mean,0.0029965460998937,96
local_sign+binary,chunk_0,5,GR,,96
local_sign+binary,chunk_0,5,IPC,,96
local_sign+binary,chunk_0,5,KR,43.385416666666664,96
local_sign+binary,chunk_0,5,MC,,96
local_sign+binary,chunk_0,5,cosine_similarity,0.5149834603071213,96
local_sign+binary,chunk_0,5,kl_to_gaussian,0.0,96
local_sign+binary,chunk_0,5,wt_mean,0.00274295455892565,96
local_sign+binary,chunk_0,6,GR,,96
local_sign+binary,chunk_0,6,IPC,,96
local_sign+binary,chunk_0,6,KR,55.041666666666664,96
local_sign+binary,chunk_0,6,MC,,96
local_sign+binary,chunk_0,6,cosine_similarity,0.5149834454059601,96
local_sign+binary,chunk_0,6,kl_to_gaussian,0.0,96
local_sign+binary,chunk_0,6,wt_mean,0.002838426793459775,96
local_sign+binary,chunk_0,7,GR,,96
local_sign+binary,chunk_0,7,IPC,,96
local_sign+binary,chunk_0,7,KR,55.21875,96
local_sign+binary,chunk_0,7,MC,,96
local_sign+binary,chunk_0,7,cosine_similarity,0.5149832516908646,96
local_sign+binary,chunk_0,7,kl_to_gaussian,0.0,96
local_sign+binary,chunk_0,7,wt_mean,0.0028486849041655,96
local_sign+binary,chunk_0,8,GR,,96
local_sign+binary,chunk_0,8,IPC,,96
local_sign+binary,chunk_0,8,KR,51.96875,96
local_sign+binary,chunk_0,8,MC,,96
local_sign+binary,chunk_0,8,cosine_similarity,0.5149833261966705,96
local_sign+binary,chunk_0,8,kl_to_gaussian,0.0,96
local_sign+binary,chunk_0,8,wt_mean,0.0027607787633314247,96
local_sign+binary,chunk_0,9,GR,,96
local_sign+binary,chunk_0,9,IPC,,96
local_sign+binary,chunk_0,9,KR,67.94791666666667,96
local_sign+binary,chunk_0,9,MC,,96
local_sign+binary,chunk_0,9,cosine_similarity,0.5149834305047989,96
local_sign+binary,chunk_0,9,kl_to_gaussian,0.0,96
local_sign+binary,chunk_0,9,wt_mean,0.0032120391842908754,96
local_sign+binary,chunk_1,10,GR,,96
local_sign+binary,chunk_1,10,IPC,,96
local_sign+binary,chunk_1,10,KR,47.21875,96
local_sign+binary,chunk_1,10,MC,,96
local_sign+binary,chunk_1,10,cosine_similarity,0.5149833858013153,96
local_sign+binary,chunk_1,10,kl_to_gaussian,0.0,96
local_sign+binary,chunk_1,10,wt_mean,0.0026814351731445,96
local_sign+binary,chunk_1,11,GR,,96
local_sign+binary,chunk_1,11,IPC,,96
local_sign+binary,chunk_1,11,KR,54.71875,96
local_sign+binary,chunk_1,11,MC,,96
local_sign+binary,chunk_1,11,cosine_similarity,0.5149834603071213,96
local_sign+binary,chunk_1,11,kl_to_gaussian,0.0,96
local_sign+binary,chunk_1,11,wt_mean,0.00271138449897985,96
local_sign+binary,chunk_1,12,GR,,96
local_sign+binary,chunk_1,12,IPC,,96
local_sign+binary,chunk_1,12,KR,56.208333333333336,96
local_sign+binary,chunk_1,12,MC,,96
local_sign+binary,chunk_1,12,cosine_similarity,0.5149832963943481,96
local_sign+binary,chunk_1,12,kl_to_gaussian,0.0,96
local_sign+binary,chunk_1,12,wt_mean,0.0026803372602443747,96
local_sign+binary,chunk_1,13,GR,,96
local_sign+binary,chunk_1,13,IPC,,96
local_sign+binary,chunk_1,13,KR,50.239583333333336,96
local_sign+binary,chunk_1,13,MC,,96
local_sign+binary,chunk_1,13,cosine_similarity,0.5149833709001541,96
local_sign+binary,chunk_1,13,kl_to_gaussian,0.0,96
local_sign+binary,chunk_1,13,wt_mean,0.0027599572786129504,96
local_sign+binary,chunk_1,14,GR,,96
local_sign+binary,chunk_1,14,IPC,,96
local_sign+binary,chunk_1,14,KR,73.10416666666667,96
local_sign+binary,chunk_1,14,MC,,96
local_sign+binary,chunk_1,14,cosine_similarity,0.5149834901094437,96
local_sign+binary,chunk_1,14,kl_to_gaussian,0.0,96
local_sign+binary,chunk_1,14,wt_mean,0.003210136783309225,96
local_sign+binary,chunk_1,15,GR,,96
local_sign+binary,chunk_1,15,IPC,,96
local_sign+binary,chunk_1,15,KR,42.385416666666664,96
local_sign+binary,chunk_1,15,MC,,96
local_sign+binary,chunk_1,15,cosine_similarity,0.5149833261966705,96
local_sign+binary,chunk_1,15,kl_to_gaussian,0.0,96
local_sign+binary,chunk_1,15,wt_mean,0.00259308173554015,96
local_sign+binary,chunk_1,16,GR,,96
local_sign+binary,chunk_1,16,IPC,,96
local_sign+binary,chunk_1,16,KR,62.458333333333336,96
local_sign+binary,chunk_1,16,MC,,96
local_sign+binary,chunk_1,16,cosine_similarity,0.5149832963943481,96
local_sign+binary,chunk_1,16,kl_to_gaussian,0.0,96
local_sign+binary,chunk_1,16,wt_mean,0.00294716039206825,96
local_sign+binary,chunk_1,17,GR,,96
local_sign+binary,chunk_1,17,IPC,,96
local_sign+binary,chunk_1,17,KR,41.270833333333336,96
local_sign+binary,chunk_1,17,MC,,96
local_sign+binary,chunk_1,17,cosine_similarity,0.5149833410978317,96
local_sign+binary,chunk_1,17,kl_to_gaussian,0.0,96
local_sign+binary,chunk_1,17,wt_mean,0.002586016664281425,96
local_sign+binary,chunk_1,18,GR,,96
local_sign+binary,chunk_1,18,IPC,,96
local_sign+binary,chunk_1,18,KR,60.552083333333336,96
local_sign+binary,chunk_1,18,MC,,96
local_sign+binary,chunk_1,18,cosine_similarity,0.5149832516908646,96
local_sign+binary,chunk_1,18,kl_to_gaussian,0.0,96
local_sign+binary,chunk_1,18,wt_mean,0.0027435248484834504,96
local_sign+binary,chunk_1,19,GR,,96
local_sign+binary,chunk_1,19,IPC,,96
local_sign+binary,chunk_1,19,KR,51.03125,96
local_sign+binary,chunk_1,19,MC,,96
local_sign+binary,chunk_1,19,cosine_similarity,0.5149834007024765,96
local_sign+binary,chunk_1,19,kl_to_gaussian,0.0,96
local_sign+binary,chunk_1,19,wt_mean,0.0029264931217766747,96
local_sign+binary,chunk_10,100,GR,,96
local_sign+binary,chunk_10,100,IPC,,96
local_sign+binary,chunk_10,100,KR,63.739583333333336,96
local_sign+binary,chunk_10,100,MC,,96
local_sign+binary,chunk_10,100,cosine_similarity,0.5149833858013153,96
local_sign+binary,chunk_10,100,kl_to_gaussian,0.0,96
local_sign+binary,chunk_10,100,wt_mean,0.00301848014350975,96
local_sign+binary,chunk_10,101,GR,,96
local_sign+binary,chunk_10,101,IPC,,96
local_sign+binary,chunk_10,101,KR,48.510416666666664,96
local_sign+binary,chunk_10,101,MC,,96
local_sign+binary,chunk_10,101,cosine_similarity,0.5149833709001541,96
local_sign+binary,chunk_10,101,kl_to_gaussian,0.0,96
local_sign+binary,chunk_10,101,wt_mean,0.0025231192121282,96
local_sign+binary,chunk_10,102,GR,,96
local_sign+binary,chunk_10,102,IPC,,96
local_sign+binary,chunk_10,102,KR,57.510416666666664,96
local_sign+binary,chunk_10,102,MC,,96
local_sign+binary,chunk_10,102,cosine_similarity,0.5149835348129272,96
local_sign+binary,chunk_10,102,kl_to_gaussian,0.0,96
local_sign+binary,chunk_10,102,wt_mean,0.00294709223089735,96
local_sign+binary,chunk_10,103,GR,,96
local_sign+binary,chunk_10,103,IPC,,96
local_sign+binary,chunk_10,103,KR,71.40625,96
local_sign+binary,chunk_10,103,MC,,96
local_sign+binary,chunk_10,103,cosine_similarity,0.5149833410978317,96
local_sign+binary,chunk_10,103,kl_to_gaussian,0.0,96
local_sign+binary,chunk_10,103,wt_mean,0.0031885132193565,96
local_sign+binary,chunk_10,104,GR,,96
local_sign+binary,chunk_10,104,IPC,,96
local_sign+binary,chunk_10,104,KR,51.083333333333336,96
local_sign+binary,chunk_10,104,MC,,96
local_sign+binary,chunk_10,104,cosine_similarity,0.5149833112955093,96
local_sign+binary,chunk_10,104,kl_to_gaussian,0.0,96
local_sign+binary,chunk_10,104,wt_mean,0.0029238116694613498,96
local_sign+binary,chunk_10,105,GR,,96
local_sign+binary,chunk_10,105,IPC,,96
local_sign+binary,chunk_10,105,KR,81.16666666666667,96
local_sign+binary,chunk_10,105,MC,,96
local_sign+binary,chunk_10,105,cosine_similarity,0.5149832516908646,96
local_sign+binary,chunk_10,105,kl_to_gaussian,0.0,96
local_sign+binary,chunk_10,105,wt_mean,0.0033716902835293997,96
local_sign+binary,chunk_10,106,GR,,96
local_sign+binary,chunk_10,106,IPC,,96
local_sign+binary,chunk_10,106,KR,46.46875,96
local_sign+binary,chunk_10,106,MC,,96
local_sign+binary,chunk_10,106,cosine_similarity,0.5149833559989929,96
local_sign+binary,chunk_10,106,kl_to_gaussian,0.0,96
local_sign+binary,chunk_10,106,wt_mean,0.0028825290501117,96
local_sign+binary,chunk_10,107,GR,,96
local_sign+binary,chunk_10,107,IPC,,96
local_sign+binary,chunk_10,107,KR,71.69791666666667,96
local_sign+binary,chunk_10,107,MC,,96
local_sign+binary,chunk_10,107,cosine_similarity,0.5149833410978317,96
local_sign+binary,chunk_10,107,kl_to_gaussian,0.0,96
local_sign+binary,chunk_10,107,wt_mean,0.00323323422344395,96
local_sign+binary,chunk_10,108,GR,,96
local_sign+binary,chunk_10,108,IPC,,96
local_sign+binary,chunk_10,108,KR,55.895833333333336,96
local_sign+binary,chunk_10,108,MC,,96
local_sign+binary,chunk_10,108,cosine_similarity,0.5149834007024765,96
local_sign+binary,chunk_10,108,kl_to_gaussian,0.0,96
local_sign+binary,chunk_10,108,wt_mean,0.0029615349485538245,96
local_sign+binary,chunk_10,109,GR,,96
local_sign+binary,chunk_10,109,IPC,,96
local_sign+binary,chunk_10,109,KR,57.729166666666664,96
local_sign+binary,chunk_10,109,MC,,96
local_sign+binary,chunk_10,109,cosine_similarity,0.5149832218885422,96
local_sign+binary,chunk_10,109,kl_to_gaussian,0.0,96
local_sign+binary,chunk_10,109,wt_mean,0.00280795135768125,96
local_sign+binary,chunk_11,110,GR,,96
local_sign+binary,chunk_11,110,IPC,,96
local_sign+binary,chunk_11,110,KR,56.84375,96
local_sign+binary,chunk_11,110,MC,,96
local_sign+binary,chunk_11,110,cosine_similarity,0.5149833709001541,96
local_sign+binary,chunk_11,110,kl_to_gaussian,0.0,96
local_sign+binary,chunk_11,110,wt_mean,0.0029797244933433254,96
local_sign+binary,chunk_11,111,GR,,96
local_sign+binary,chunk_11,111,IPC,,96
local_sign+binary,chunk_11,111,KR,49.854166666666664,96
local_sign+binary,chunk_11,111,MC,,96
local_sign+binary,chunk_11,111,cosine_similarity,0.5149833410978317,96
local_sign+binary,chunk_11,111,kl_to_gaussian,0.0,96
local_sign+binary,chunk_11,111,wt_mean,0.0026838856574613,96
local_sign+binary,chunk_11,112,GR,,96
local_sign+binary,chunk_11,112,IPC,,96
local_sign+binary,chunk_11,112,KR,54.25,96
local_sign+binary,chunk_11,112,MC,,96
local_sign+binary,chunk_11,112,cosine_similarity,0.5149833858013153,96
local_sign+binary,chunk_11,112,kl_to_gaussian,0.0,96
local_sign+binary,chunk_11,112,wt_mean,0.0027891888748853753,96
local_sign+binary,chunk_11,113,GR,,96
local_sign+binary,chunk_11,113,IPC,,96
local_sign+binary,chunk_11,113,KR,100.08333333333333,96
local_sign+binary,chunk_11,113,MC,,96
local_sign+binary,chunk_11,113,cosine_similarity,0.5149832963943481,96
local_sign+binary,chunk_11,113,kl_to_gaussian,0.0,96
local_sign+binary,chunk_11,113,wt_mean,0.003668191959150075,96
local_sign+binary,chunk_11,114,GR,,96
local_sign+binary,chunk_11,114,IPC,,96
local_sign+binary,chunk_11,114,KR,38.958333333333336,96
local_sign+binary,chunk_11,114,MC,,96
local_sign+binary,chunk_11,114,cosine_similarity,0.514983281493187,96
local_sign+binary,chunk_11,114,kl_to_gaussian,0.0,96
local_sign+binary,chunk_11,114,wt_mean,0.0025038458697963,96
local_sign+binary,chunk_11,115,GR,,96
local_sign+binary,chunk_11,115,IPC,,96
local_sign+binary,chunk_11,115,KR,53.583333333333336,96
local_sign+binary,chunk_11,115,MC,,96
local_sign+binary,chunk_11,115,cosine_similarity,0.5149834156036377,96
local_sign+binary,chunk_11,115,kl_to_gaussian,0.0,96
local_sign+binary,chunk_11,115,wt_mean,0.0028669368475674997,96
local_sign+binary,chunk_11,116,GR,,96
local_sign+binary,chunk_11,116,IPC,,96
local_sign+binary,chunk_11,116,KR,38.541666666666664,96
local_sign+binary,chunk_11,116,MC,,96
local_sign+binary,chunk_11,116,cosine_similarity,0.5149832963943481,96
local_sign+binary,chunk_11,116,kl_to_gaussian,0.0,96
local_sign+binary,chunk_11,116,wt_mean,0.002469607890816325,96
local_sign+binary,chunk_11,117,GR,,96
local_sign+binary,chunk_11,117,IPC,,96
local_sign+binary,chunk_11,117,KR,44.572916666666664,96
local_sign+binary,chunk_11,117,MC,,96
local_sign+binary,chunk_11,117,cosine_similarity,0.5149833410978317,96
local_sign+binary,chunk_11,117,kl_to_gaussian,0.0,96
local_sign+binary,chunk_11,117,wt_mean,0.002733246277784875,96
local_sign+binary,chunk_11,118,GR,,96
local_sign+binary,chunk_11,118,IPC,,96
local_sign+binary,chunk_11,118,KR,58.822916666666664,96
local_sign+binary,chunk_11,118,MC,,96
local_sign+binary,chunk_11,118,cosine_similarity,0.5149834305047989,96
local_sign+binary,chunk_11,118,kl_to_gaussian,0.0,96
local_sign+binary,chunk_11,118,wt_mean,0.0029987808084115,96
local_sign+binary,chunk_11,119,GR,,96
local_sign+binary,chunk_11,119,IPC,,96
local_sign+binary,chunk_11,119,KR,47.90625,96
local_sign+binary,chunk_11,119,MC,,96
local_sign+binary,chunk_11,119,cosine_similarity,0.5149833858013153,96
local_sign+binary,chunk_11,119,kl_to_gaussian,0.0,96
local_sign+binary,chunk_11,119,wt_mean,0.00278580916346975,96
local_sign+binary,chunk_12,120,GR,,96
local_sign+binary,chunk_12,120,IPC,,96
local_sign+binary,chunk_12,120,KR,59.604166666666664,96
local_sign+binary,chunk_12,120,MC,,96
local_sign+binary,chunk_12,120,cosine_similarity,0.5149834007024765,96
local_sign+binary,chunk_12,120,kl_to_gaussian,0.0,96
local_sign+binary,chunk_12,120,wt_mean,0.0030078842537477,96
local_sign+binary,chunk_12,121,GR,,96
local_sign+binary,chunk_12,121,IPC,,96
local_sign+binary,chunk_12,121,KR,76.58333333333333,96
local_sign+binary,chunk_12,121,MC,,96
local_sign+binary,chunk_12,121,cosine_similarity,0.5149833559989929,96
local_sign+binary,chunk_12,121,kl_to_gaussian,0.0,96
local_sign+binary,chunk_12,121,wt_mean,0.00323189602931955,96
local_sign+binary,chunk_12,122,GR,,96
local_sign+binary,chunk_12,122,IPC,,96
local_sign+binary,chunk_12,122,KR,41.03125,96
local_sign+binary,chunk_12,122,MC,,96
local_sign+binary,chunk_12,122,cosine_similarity,0.5149834454059601,96
local_sign+binary,chunk_12,122,kl_to_gaussian,0.0,96
local_sign+binary,chunk_12,122,wt_mean,0.0026107730518560497,96
local_sign+binary,chunk_12,123,GR,,96
local_sign+binary,chunk_12,123,IPC,,96
local_sign+binary,chunk_12,123,KR,47.666666666666664,96
local_sign+binary,chunk_12,123,MC,,96
local_sign+binary,chunk_12,123,cosine_similarity,0.5149834603071213,96
local_sign+binary,chunk_12,123,kl_to_gaussian,0.0,96
local_sign+binary,chunk_12,123,wt_mean,0.002811091952025825,96
local_sign+binary,chunk_12,124,GR,,96
local_sign+binary,chunk_12,124,IPC,,96
local_sign+binary,chunk_12,124,KR,35.260416666666664,96
local_sign+binary,chunk_12,124,MC,,96
local_sign+binary,chunk_12,124,cosine_similarity,0.5149833559989929,96
local_sign+binary,chunk_12,124,kl_to_gaussian,0.0,96
local_sign+binary,chunk_12,124,wt_mean,0.0024922199372667503,96
local_sign+binary,chunk_12,125,GR,,96
local_sign+binary,chunk_12,125,IPC,,96
local_sign+binary,chunk_12,125,KR,61.197916666666664,96
local_sign+binary,chunk_12,125,MC,,96
local_sign+binary,chunk_12,125,cosine_similarity,0.5149834007024765,96
local_sign+binary,chunk_12,125,kl_to_gaussian,0.0,96
local_sign+binary,chunk_12,125,wt_mean,0.002938072429969875,96
local_sign+binary,chunk_12,126,GR,,96
local_sign+binary,chunk_12,126,IPC,,96
local_sign+binary,chunk_12,126,KR,50.5625,96
local_sign+binary,chunk_12,126,MC,,96
local_sign+binary,chunk_12,126,cosine_similarity,0.5149833858013153,96
local_sign+binary,chunk_12,126,kl_to_gaussian,0.0,96
local_sign+binary,chunk_12,126,wt_mean,0.0028129743295721254,96
local_sign+binary,chunk_12,127,GR,,96
local_sign+binary,chunk_12,127,IPC,,96
local_sign+binary,chunk_12,127,KR,44.375,96
local_sign+binary,chunk_12,127,MC,,96
local_sign+binary,chunk_12,127,cosine_similarity,0.5149833559989929,96
local_sign+binary,chunk_12,127,kl_to_gaussian,0.0,96
local_sign+binary,chunk_12,127,wt_mean,0.002569438482169,96
local_sign+binary,chunk_12,128,GR,,96
local_sign+binary,chunk_12,128,IPC,,96
local_sign+binary,chunk_12,128,KR,43.260416666666664,96
local_sign+binary,chunk_12,128,MC,,96
local_sign+binary,chunk_12,128,cosine_similarity,0.5149833559989929,96
local_sign+binary,chunk_12,128,kl_to_gaussian,0.0,96
local_sign+binary,chunk_12,128,wt_mean,0.002609070215839825,96
local_sign+binary,chunk_12,129,GR,,96
local_sign+binary,chunk_12,129,IPC,,96
local_sign+binary,chunk_12,129,KR,45.895833333333336,96
local_sign+binary,chunk_12,129,MC,,96
local_sign+binary,chunk_12,129,cosine_similarity,0.5149832963943481,96
local_sign+binary,chunk_12,129,kl_to_gaussian,0.0,96
local_sign+binary,chunk_12,129,wt_mean,0.0026212865777779,96
local_sign+binary,chunk_13,130,GR,,96
local_sign+binary,chunk_13,130,IPC,,96
local_sign+binary,chunk_13,130,KR,46.03125,96
local_sign+binary,chunk_13,130,MC,,96
local_sign+binary,chunk_13,130,cosine_similarity,0.5149832963943481,96
local_sign+binary,chunk_13,130,kl_to_gaussian,0.0,96
local_sign+binary,chunk_13,130,wt_mean,0.002779959293547975,96
local_sign+binary,chunk_13,131,GR,,96
local_sign+binary,chunk_13,131,IPC,,96
local_sign+binary,chunk_13,131,KR,48.489583333333336,96
local_sign+binary,chunk_13,131,MC,,96
local_sign+binary,chunk_13,131,cosine_similarity,0.5149832963943481,96
local_sign+binary,chunk_13,131,kl_to_gaussian,0.0,96
local_sign+binary,chunk_13,131,wt_mean,0.0026949629536829503,96
local_sign+binary,chunk_13,132,GR,,96
local_sign+binary,chunk_13,132,IPC,,96
local_sign+binary,chunk_13,132,KR,65.11458333333333,96
local_sign+binary,chunk_13,132,MC,,96
local_sign+binary,chunk_13,132,cosine_similarity,0.5149833261966705,96
local_sign+binary,chunk_13,132,kl_to_gaussian,0.0,96
local_sign+binary,chunk_13,132,wt_mean,0.00315580272581425,96
local_sign+binary,chunk_13,133,GR,,96
local_sign+binary,chunk_13,133,IPC,,96
local_sign+binary,chunk_13,133,KR,71.41666666666667,96
local_sign+binary,chunk_13,133,MC,,96
local_sign+binary,chunk_13,133,cosine_similarity,0.5149834156036377,96
local_sign+binary,chunk_13,133,kl_to_gaussian,0.0,96
local_sign+binary,chunk_13,133,wt_mean,0.0031318459077737753,96
local_sign+binary,chunk_13,134,GR,,96
local_sign+binary,chunk_13,134,IPC,,96
local_sign+binary,chunk_13,134,KR,53.260416666666664,96
local_sign+binary,chunk_13,134,MC,,96
local_sign+binary,chunk_13,134,cosine_similarity,0.5149834603071213,96
local_sign+binary,chunk_13,134,kl_to_gaussian,0.0,96
local_sign+binary,chunk_13,134,wt_mean,0.0028277449891902,96
local_sign+binary,chunk_13,135,GR,,96
local_sign+binary,chunk_13,135,IPC,,96
local_sign+binary,chunk_13,135,KR,42.083333333333336,96
local_sign+binary,chunk_13,135,MC,,96
local_sign+binary,chunk_13,135,cosine_similarity,0.5149832218885422,96
local_sign+binary,chunk_13,135,kl_to_gaussian,0.0,96
local_sign+binary,chunk_13,135,wt_mean,0.00262565506272945,96
local_sign+binary,chunk_13,136,GR,,96
local_sign+binary,chunk_13,136,IPC,,96
local_sign+binary,chunk_13,136,KR,67.39583333333333,96
local_sign+binary,chunk_13,136,MC,,96
local_sign+binary,chunk_13,136,cosine_similarity,0.5149832516908646,96
local_sign+binary,chunk_13,136,kl_to_gaussian,0.0,96
local_sign+binary,chunk_13,136,wt_mean,0.00302898080553855,96
local_sign+binary,chunk_13,137,GR,,96
local_sign+binary,chunk_13,137,IPC,,96
local_sign+binary,chunk_13,137,KR,43.0,96
local_sign+binary,chunk_13,137,MC,,96
local_sign+binary,chunk_13,137,cosine_similarity,0.5149834603071213,96
local_sign+binary,chunk_13,137,kl_to_gaussian,0.0,96
local_sign+binary,chunk_13,137,wt_mean,0.0025566918775439,96
local_sign+binary,chunk_13,138,GR,,96
local_sign+binary,chunk_13,138,IPC,,96
local_sign+binary,chunk_13,138,KR,81.27083333333333,96
local_sign+binary,chunk_13,138,MC,,96
local_sign+binary,chunk_13,138,cosine_similarity,0.5149832665920258,96
local_sign+binary,chunk_13,138,kl_to_gaussian,0.0,96
local_sign+binary,chunk_13,138,wt_mean,0.003089364152401625,96
local_sign+binary,chunk_13,139,GR,,96
local_sign+binary,chunk_13,139,IPC,,96
local_sign+binary,chunk_13,139,KR,56.65625,96
local_sign+binary,chunk_13,139,MC,,96
local_sign+binary,chunk_13,139,cosine_similarity,0.5149834156036377,96
local_sign+binary,chunk_13,139,kl_to_gaussian,0.0,96
local_sign+binary,chunk_13,139,wt_mean,0.0029764194623566748,96
local_sign+binary,chunk_14,140,GR,,96
local_sign+binary,chunk_14,140,IPC,,96
local_sign+binary,chunk_14,140,KR,50.552083333333336,96
local_sign+binary,chunk_14,140,MC,,96
local_sign+binary,chunk_14,140,cosine_similarity,0.5149834901094437,96
local_sign+binary,chunk_14,140,kl_to_gaussian,0.0,96
local_sign+binary,chunk_14,140,wt_mean,0.002663746912730775,96
local_sign+binary,chunk_14,141,GR,,96
local_sign+binary,chunk_14,141,IPC,,96
local_sign+binary,chunk_14,141,KR,75.45833333333333,96
local_sign+binary,chunk_14,141,MC,,96
local_sign+binary,chunk_14,141,cosine_similarity,0.5149832367897034,96
local_sign+binary,chunk_14,141,kl_to_gaussian,0.0,96
local_sign+binary,chunk_14,141,wt_mean,0.003296812472399275,96
local_sign+binary,chunk_14,142,GR,,96
local_sign+binary,chunk_14,142,IPC,,96
local_sign+binary,chunk_14,142,KR,49.541666666666664,96
local_sign+binary,chunk_14,142,MC,,96
local_sign+binary,chunk_14,142,cosine_similarity,0.5149834901094437,96
local_sign+binary,chunk_14,142,kl_to_gaussian,0.0,96
local_sign+binary,chunk_14,142,wt_mean,0.0028148831333964495,96
local_sign+binary,chunk_14,143,GR,,96
local_sign+binary,chunk_14,143,IPC,,96
local_sign+binary,chunk_14,143,KR,67.75,96
local_sign+binary,chunk_14,143,MC,,96
local_sign+binary,chunk_14,143,cosine_similarity,0.5149834007024765,96
local_sign+binary,chunk_14,143,kl_to_gaussian,0.0,96
local_sign+binary,chunk_14,143,wt_mean,0.00307688774773845,96
local_sign+binary,chunk_14,144,GR,,96
local_sign+binary,chunk_14,144,IPC,,96
local_sign+binary,chunk_14,144,KR,47.645833333333336,96
local_sign+binary,chunk_14,144,MC,,96
local_sign+binary,chunk_14,144,cosine_similarity,0.514983281493187,96
local_sign+binary,chunk_14,144,kl_to_gaussian,0.0,96
local_sign+binary,chunk_14,144,wt_mean,0.0026783148932735747,96
local_sign+binary,chunk_14,145,GR,,96
local_sign+binary,chunk_14,145,IPC,,96
local_sign+binary,chunk_14,145,KR,58.541666666666664,96
local_sign+binary,chunk_14,145,MC,,96
local_sign+binary,chunk_14,145,cosine_similarity,0.5149833261966705,96
local_sign+binary,chunk_14,145,kl_to_gaussian,0.0,96
local_sign+binary,chunk_14,145,wt_mean,0.0029053348698653,96
local_sign+binary,chunk_14,146,GR,,96
local_sign+binary,chunk_14,146,IPC,,96
local_sign+binary,chunk_14,146,KR,42.5625,96
local_sign+binary,chunk_14,146,MC,,96
local_sign+binary,chunk_14,146,cosine_similarity,0.5149834454059601,96
local_sign+binary,chunk_14,146,kl_to_gaussian,0.0,96
local_sign+binary,chunk_14,146,wt_mean,0.0026440322108100753,96
local_sign+binary,chunk_14,147,GR,,96
local_sign+binary,chunk_14,147,IPC,,96
local_sign+binary,chunk_14,147,KR,80.70833333333333,96
local_sign+binary,chunk_14,147,MC,,96
local_sign+binary,chunk_14,147,cosine_similarity,0.5149833261966705,96
local_sign+binary,chunk_14,147,kl_to_gaussian,0.0,96
local_sign+binary,chunk_14,147,wt_mean,0.003404341405257525,96
local_sign+binary,chunk_14,148,GR,,96
local_sign+binary,chunk_14,148,IPC,,96
local_sign+binary,chunk_14,148,KR,54.3125,96
local_sign+binary,chunk_14,148,MC,,96
local_sign+binary,chunk_14,148,cosine_similarity,0.5149834454059601,96
local_sign+binary,chunk_14,148,kl_to_gaussian,0.0,96
local_sign+binary,chunk_14,148,wt_mean,0.00294487795326855,96
local_sign+binary,chunk_14,149,GR,,96
local_sign+binary,chunk_14,149,IPC,,96
local_sign+binary,chunk_14,149,KR,61.28125,96
local_sign+binary,chunk_14,149,MC,,96
local_sign+binary,chunk_14,149,cosine_similarity,0.5149835646152496,96
local_sign+binary,chunk_14,149,kl_to_gaussian,0.0,96
local_sign+binary,chunk_14,149,wt_mean,0.0031972014112398,96
local_sign+binary,chunk_15,150,GR,,96
local_sign+binary,chunk_15,150,IPC,,96
local_sign+binary,chunk_15,150,KR,51.53125,96
local_sign+binary,chunk_15,150,MC,,96
local_sign+binary,chunk_15,150,cosine_similarity,0.5149833410978317,96
local_sign+binary,chunk_15,150,kl_to_gaussian,0.0,96
local_sign+binary,chunk_15,150,wt_mean,0.00279080413747575,96
local_sign+binary,chunk_15,151,GR,,96
local_sign+binary,chunk_15,151,IPC,,96
local_sign+binary,chunk_15,151,KR,40.583333333333336,96
local_sign+binary,chunk_15,151,MC,,96
local_sign+binary,chunk_15,151,cosine_similarity,0.5149832665920258,96
local_sign+binary,chunk_15,151,kl_to_gaussian,0.0,96
local_sign+binary,chunk_15,151,wt_mean,0.0024057186674326003,96
local_sign+binary,chunk_15,152,GR,,96
local_sign+binary,chunk_15,152,IPC,,96
local_sign+binary,chunk_15,152,KR,55.520833333333336,96
local_sign+binary,chunk_15,152,MC,,96
local_sign+binary,chunk_15,152,cosine_similarity,0.5149832963943481,96
local_sign+binary,chunk_15,152,kl_to_gaussian,0.0,96
local_sign+binary,chunk_15,152,wt_mean,0.002911769202910325,96
local_sign+binary,chunk_15,153,GR,,96
local_sign+binary,chunk_15,153,IPC,,96
local_sign+binary,chunk_15,153,KR,36.989583333333336,96
local_sign+binary,chunk_15,153,MC,,96
local_sign+binary,chunk_15,153,cosine_similarity,0.5149834007024765,96
local_sign+binary,chunk_15,153,kl_to_gaussian,0.0,96
local_sign+binary,chunk_15,153,wt_mean,0.002458030066918525,96
local_sign+binary,chunk_15,154,GR,,96
local_sign+binary,chunk_15,154,IPC,,96
local_sign+binary,chunk_15,154,KR,84.41666666666667,96
local_sign+binary,chunk_15,154,MC,,96
local_sign+binary,chunk_15,154,cosine_similarity,0.5149833261966705,96
local_sign+binary,chunk_15,154,kl_to_gaussian,0.0,96
local_sign+binary,chunk_15,154,wt_mean,0.003678011125884875,96
local_sign+binary,chunk_15,155,GR,,96
local_sign+binary,chunk_15,155,IPC,,96
local_sign+binary,chunk_15,155,KR,51.4375,96
local_sign+binary,chunk_15,155,MC,,96
local_sign+binary,chunk_15,155,cosine_similarity,0.5149834007024765,96
local_sign+binary,chunk_15,155,kl_to_gaussian,0.0,96
local_sign+binary,chunk_15,155,wt_mean,0.0027732323505915003,96
local_sign+binary,chunk_15,156,GR,,96
local_sign+binary,chunk_15,156,IPC,,96
local_sign+binary,chunk_15,156,KR,66.07291666666667,96
local_sign+binary,chunk_15,156,MC,,96
local_sign+binary,chunk_15,156,cosine_similarity,0.514983206987381,96
local_sign+binary,chunk_15,156,kl_to_gaussian,0.0,96
local_sign+binary,chunk_15,156,wt_mean,0.0030268349219113,96
local_sign+binary,chunk_15,157,GR,,96
local_sign+binary,chunk_15,157,IPC,,96
local_sign+binary,chunk_15,157,KR,58.520833333333336,96
local_sign+binary,chunk_15,157,MC,,96
local_sign+binary,chunk_15,157,cosine_similarity,0.5149833410978317,96
local_sign+binary,chunk_15,157,kl_to_gaussian,0.0,96
local_sign+binary,chunk_15,157,wt_mean,0.0030546005582436503,96
local_sign+binary,chunk_15,158,GR,,96
local_sign+binary,chunk_15,158,IPC,,96
local_sign+binary,chunk_15,158,KR,46.229166666666664,96
local_sign+binary,chunk_15,158,MC,,96
local_sign+binary,chunk_15,158,cosine_similarity,0.5149834156036377,96
local_sign+binary,chunk_15,158,kl_to_gaussian,0.0,96
local_sign+binary,chunk_15,158,wt_mean,0.0027332840836606248,96
local_sign+binary,chunk_15,159,GR,,96
local_sign+binary,chunk_15,159,IPC,,96
local_sign+binary,chunk_15,159,KR,47.458333333333336,96
local_sign+binary,chunk_15,159,MC,,96
local_sign+binary,chunk_15,159,cosine_similarity,0.5149832367897034,96
local_sign+binary,chunk_15,159,kl_to_gaussian,0.0,96
local_sign+binary,chunk_15,159,wt_mean,0.002681764221051675,96
local_sign+binary,chunk_16,160,GR,,96
local_sign+binary,chunk_16,160,IPC,,96
local_sign+binary,chunk_16,160,KR,52.21875,96
local_sign+binary,chunk_16,160,MC,,96
local_sign+binary,chunk_16,160,cosine_similarity,0.5149833559989929,96
local_sign+binary,chunk_16,160,kl_to_gaussian,0.0,96
local_sign+binary,chunk_16,160,wt_mean,0.0027981253224424497,96
local_sign+binary,chunk_16,161,GR,,96
local_sign+binary,chunk_16,161,IPC,,96
local_sign+binary,chunk_16,161,KR,54.59375,96
local_sign+binary,chunk_16,161,MC,,96
local_sign+binary,chunk_16,161,cosine_similarity,0.5149833112955093,96
local_sign+binary,chunk_16,161,kl_to_gaussian,0.0,96
local_sign+binary,chunk_16,161,wt_mean,0.00289026048267255,96
local_sign+binary,chunk_16,162,GR,,96
local_sign+binary,chunk_16,162,IPC,,96
local_sign+binary,chunk_16,162,KR,56.947916666666664,96
local_sign+binary,chunk_16,162,MC,,96
local_sign+binary,chunk_16,162,cosine_similarity,0.5149834454059601,96
local_sign+binary,chunk_16,162,kl_to_gaussian,0.0,96
local_sign+binary,chunk_16,162,wt_mean,0.0028263754793442,96
local_sign+binary,chunk_16,163,GR,,96
local_sign+binary,chunk_16,163,IPC,,96
local_sign+binary,chunk_16,163,KR,47.177083333333336,96
local_sign+binary,chunk_16,163,MC,,96
local_sign+binary,chunk_16,163,cosine_similarity,0.5149834156036377,96
local_sign+binary,chunk_16,163,kl_to_gaussian,0.0,96
local_sign+binary,chunk_16,163,wt_mean,0.002749883336946325,96
local_sign+binary,chunk_16,164,GR,,96
local_sign+binary,chunk_16,164,IPC,,96
local_sign+binary,chunk_16,164,KR,45.739583333333336,96
local_sign+binary,chunk_16,164,MC,,96
local_sign+binary,chunk_16,164,cosine_similarity,0.5149834752082825,96
local_sign+binary,chunk_16,164,kl_to_gaussian,0.0,96
local_sign+binary,chunk_16,164,wt_mean,0.002725356724113175,96
local_sign+binary,chunk_16,165,GR,,96
local_sign+binary,chunk_16,165,IPC,,96
local_sign+binary,chunk_16,165,KR,54.333333333333336,96
local_sign+binary,chunk_16,165,MC,,96
local_sign+binary,chunk_16,165,cosine_similarity,0.5149832516908646,96
local_sign+binary,chunk_16,165,kl_to_gaussian,0.0,96
local_sign+binary,chunk_16,165,wt_mean,0.00275696747121395,96
local_sign+binary,chunk_16,166,GR,,96
local_sign+binary,chunk_16,166,IPC,,96
local_sign+binary,chunk_16,166,KR,52.135416666666664,96
local_sign+binary,chunk_16,166,MC,,96
local_sign+binary,chunk_16,166,cosine_similarity,0.5149833709001541,96
local_sign+binary,chunk_16,166,kl_to_gaussian,0.0,96
local_sign+binary,chunk_16,166,wt_mean,0.0029204392340034,96
local_sign+binary,chunk_16,167,GR,,96
local_sign+binary,chunk_16,167,IPC,,96
local_sign+binary,chunk_16,167,KR,45.072916666666664,96
local_sign+binary,chunk_16,167,MC,,96
local_sign+binary,chunk_16,167,cosine_similarity,0.5149835050106049,96
local_sign+binary,chunk_16,167,kl_to_gaussian,0.0,96
local_sign+binary,chunk_16,167,wt_mean,0.002649615809787,96
local_sign+binary,chunk_16,168,GR,,96
local_sign+binary,chunk_16,168,IPC,,96
local_sign+binary,chunk_16,168,KR,43.739583333333336,96
local_sign+binary,chunk_16,168,MC,,96
local_sign+binary,chunk_16,168,cosine_similarity,0.5149834752082825,96
local_sign+binary,chunk_16,168,kl_to_gaussian,0.0,96
local_sign+binary,chunk_16,168,wt_mean,0.00278315722243855,96
local_sign+binary,chunk_16,169,GR,,96
local_sign+binary,chunk_16,169,IPC,,96
local_sign+binary,chunk_16,169,KR,55.135416666666664,96
local_sign+binary,chunk_16,169,MC,,96
local_sign+binary,chunk_16,169,cosine_similarity,0.5149834305047989,96
local_sign+binary,chunk_16,169,kl_to_gaussian,0.0,96
local_sign+binary,chunk_16,169,wt_mean,0.00295927788829425,96
local_sign+binary,chunk_17,170,GR,,96
local_sign+binary,chunk_17,170,IPC,,96
local_sign+binary,chunk_17,170,KR,60.697916666666664,96
local_sign+binary,chunk_17,170,MC,,96
local_sign+binary,chunk_17,170,cosine_similarity,0.5149834305047989,96
local_sign+binary,chunk_17,170,kl_to_gaussian,0.0,96
local_sign+binary,chunk_17,170,wt_mean,0.0029724789783357754,96
local_sign+binary,chunk_17,171,GR,,96
local_sign+binary,chunk_17,171,IPC,,96
local_sign+binary,chunk_17,171,KR,48.083333333333336,96
local_sign+binary,chunk_17,171,MC,,96
local_sign+binary,chunk_17,171,cosine_similarity,0.5149833858013153,96
local_sign+binary,chunk_17,171,kl_to_gaussian,0.0,96
local_sign+binary,chunk_17,171,wt_mean,0.002720404649153275,96
local_sign+binary,chunk_17,172,GR,,96
local_sign+binary,chunk_17,172,IPC,,96
local_sign+binary,chunk_17,172,KR,47.375,96
local_sign+binary,chunk_17,172,MC,,96
local_sign+binary,chunk_17,172,cosine_similarity,0.514983206987381,96
local_sign+binary,chunk_17,172,kl_to_gaussian,0.0,96
local_sign+binary,chunk_17,172,wt_mean,0.0027643441862891752,96
local_sign+binary,chunk_17,173,GR,,96
local_sign+binary,chunk_17,173,IPC,,96
local_sign+binary,chunk_17,173,KR,55.635416666666664,96
local_sign+binary,chunk_17,173,MC,,96
local_sign+binary,chunk_17,173,cosine_similarity,0.5149833112955093,96
local_sign+binary,chunk_17,173,kl_to_gaussian,0.0,96
local_sign+binary,chunk_17,173,wt_mean,0.00285216944757845,96
local_sign+binary,chunk_17,174,GR,,96
local_sign+binary,chunk_17,174,IPC,,96
local_sign+binary,chunk_17,174,KR,66.375,96
local_sign+binary,chunk_17,174,MC,,96
local_sign+binary,chunk_17,174,cosine_similarity,0.5149833559989929,96
local_sign+binary,chunk_17,174,kl_to_gaussian,0.0,96
local_sign+binary,chunk_17,174,wt_mean,0.003307799634057975,96
local_sign+binary,chunk_17,175,GR,,96
local_sign+binary,chunk_17,175,IPC,,96
local_sign+binary,chunk_17,175,KR,53.802083333333336,96
local_sign+binary,chunk_17,175,MC,,96
local_sign+binary,chunk_17,175,cosine_similarity,0.5149834454059601,96
local_sign+binary,chunk_17,175,kl_to_gaussian,0.0,96
local_sign+binary,chunk_17,175,wt_mean,0.0027266715769655252,96
local_sign+binary,chunk_17,176,GR,,96
local_sign+binary,chunk_17,176,IPC,,96
local_sign+binary,chunk_17,176,KR,48.28125,96
local_sign+binary,chunk_17,176,MC,,96
local_sign+binary,chunk_17,176,cosine_similarity,0.5149835348129272,96
local_sign+binary,chunk_17,176,kl_to_gaussian,0.0,96
local_sign+binary,chunk_17,176,wt_mean,0.0027760401717387,96
local_sign+binary,chunk_17,177,GR,,96
local_sign+binary,chunk_17,177,IPC,,96
local_sign+binary,chunk_17,177,KR,50.958333333333336,96
local_sign+binary,chunk_17,177,MC,,96
local_sign+binary,chunk_17,177,cosine_similarity,0.5149833559989929,96
local_sign+binary,chunk_17,177,kl_to_gaussian,0.0,96
local_sign+binary,chunk_17,177,wt_mean,0.00259959115646775,96
local_sign+binary,chunk_17,178,GR,,96
local_sign+binary,chunk_17,178,IPC,,96
local_sign+binary,chunk_17,178,KR,49.604166666666664,96
local_sign+binary,chunk_17,178,MC,,96
local_sign+binary,chunk_17,178,cosine_similarity,0.5149833858013153,96
local_sign+binary,chunk_17,178,kl_to_gaussian,0.0,96
local_sign+binary,chunk_17,178,wt_mean,0.002791261184029225,96
local_sign+binary,chunk_17,179,GR,,96
local_sign+binary,chunk_17,179,IPC,,96
local_sign+binary,chunk_17,179,KR,44.625,96
local_sign+binary,chunk_17,179,MC,,96
local_sign+binary,chunk_17,179,cosine_similarity,0.5149834305047989,96
local_sign+binary,chunk_17,179,kl_to_gaussian,0.0,96
local_sign+binary,chunk_17,179,wt_mean,0.0027018857945222004,96
local_sign+binary,chunk_18,180,GR,,96
local_sign+binary,chunk_18,180,IPC,,96
local_sign+binary,chunk_18,180,KR,55.645833333333336,96
local_sign+binary,chunk_18,180,MC,,96
local_sign+binary,chunk_18,180,cosine_similarity,0.5149834156036377,96
local_sign+binary,chunk_18,180,kl_to_gaussian,0.0,96
local_sign+binary,chunk_18,180,wt_mean,0.002919115591794225,96
local_sign+binary,chunk_18,181,GR,,96
local_sign+binary,chunk_18,181,IPC,,96
local_sign+binary,chunk_18,181,KR,56.375,96
local_sign+binary,chunk_18,181,MC,,96
local_sign+binary,chunk_18,181,cosine_similarity,0.5149834156036377,96
local_sign+binary,chunk_18,181,kl_to_gaussian,0.0,96
local_sign+binary,chunk_18,181,wt_mean,0.002970536996144725,96
local_sign+binary,chunk_18,182,GR,,96
local_sign+binary,chunk_18,182,IPC,,96
local_sign+binary,chunk_18,182,KR,45.083333333333336,96
local_sign+binary,chunk_18,182,MC,,96
local_sign+binary,chunk_18,182,cosine_similarity,0.5149833858013153,96
local_sign+binary,chunk_18,182,kl_to_gaussian,0.0,96
local_sign+binary,chunk_18,182,wt_mean,0.002702287456486325,96
local_sign+binary,chunk_18,183,GR,,96
local_sign+binary,chunk_18,183,IPC,,96
local_sign+binary,chunk_18,183,KR,53.28125,96
local_sign+binary,chunk_18,183,MC,,96
local_sign+binary,chunk_18,183,cosine_similarity,0.5149834007024765,96
local_sign+binary,chunk_18,183,kl_to_gaussian,0.0,96
local_sign+binary,chunk_18,183,wt_mean,0.0028615543851627998,96
local_sign+binary,chunk_18,184,GR,,96
local_sign+binary,chunk_18,184,IPC,,96
local_sign+binary,chunk_18,184,KR,53.78125,96
local_sign+binary,chunk_18,184,MC,,96
local_sign+binary,chunk_18,184,cosine_similarity,0.514983206987381,96
local_sign+binary,chunk_18,184,kl_to_gaussian,0.0,96
local_sign+binary,chunk_18,184,wt_mean,0.0026513094489928,96
local_sign+binary,chunk_18,185,GR,,96
local_sign+binary,chunk_18,185,IPC,,96
local_sign+binary,chunk_18,185,KR,39.854166666666664,96
local_sign+binary,chunk_18,185,MC,,96
local_sign+binary,chunk_18,185,cosine_similarity,0.5149833261966705,96
local_sign+binary,chunk_18,185,kl_to_gaussian,0.0,96
local_sign+binary,chunk_18,185,wt_mean,0.0026668100326787247,96
local_sign+binary,chunk_18,186,GR,,96
local_sign+binary,chunk_18,186,IPC,,96
local_sign+binary,chunk_18,186,KR,72.28125,96
local_sign+binary,chunk_18,186,MC,,96
local_sign+binary,chunk_18,186,cosine_similarity,0.5149832963943481,96
local_sign+binary,chunk_18,186,kl_to_gaussian,0.0,96
local_sign+binary,chunk_18,186,wt_mean,0.0034368624328635004,96
local_sign+binary,chunk_18,187,GR,,96
local_sign+binary,chunk_18,187,IPC,,96
local_sign+binary,chunk_18,187,KR,68.64583333333333,96
local_sign+binary,chunk_18,187,MC,,96
local_sign+binary,chunk_18,187,cosine_similarity,0.5149834454059601,96
local_sign+binary,chunk_18,187,kl_to_gaussian,0.0,96
local_sign+binary,chunk_18,187,wt_mean,0.0032937268842942753,96
local_sign+binary,chunk_18,188,GR,,96
local_sign+binary,chunk_18,188,IPC,,96
local_sign+binary,chunk_18,188,KR,49.947916666666664,96
local_sign+binary,chunk_18,188,MC,,96
local_sign+binary,chunk_18,188,cosine_similarity,0.5149834156036377,96
local_sign+binary,chunk_18,188,kl_to_gaussian,0.0,96
local_sign+binary,chunk_18,188,wt_mean,0.0029957938822917,96
local_sign+binary,chunk_18,189,GR,,96
local_sign+binary,chunk_18,189,IPC,,96
local_sign+binary,chunk_18,189,KR,38.677083333333336,96
local_sign+binary,chunk_18,189,MC,,96
local_sign+binary,chunk_18,189,cosine_similarity,0.5149834454059601,96
local_sign+binary,chunk_18,189,kl_to_gaussian,0.0,96
local_sign+binary,chunk_18,189,wt_mean,0.00265500548994165,96
local_sign+binary,chunk_19,190,GR,,96
local_sign+binary,chunk_19,190,IPC,,96
local_sign+binary,chunk_19,190,KR,54.53125,96
local_sign+binary,chunk_19,190,MC,,96
local_sign+binary,chunk_19,190,cosine_similarity,0.5149831771850586,96
local_sign+binary,chunk_19,190,kl_to_gaussian,0.0,96
local_sign+binary,chunk_19,190,wt_mean,0.0027369349554646253,96
local_sign+binary,chunk_19,191,GR,,96
local_sign+binary,chunk_19,191,IPC,,96
local_sign+binary,chunk_19,191,KR,42.46875,96
local_sign+binary,chunk_19,191,MC,,96
local_sign+binary,chunk_19,191,cosine_similarity,0.5149833112955093,96
local_sign+binary,chunk_19,191,kl_to_gaussian,0.0,96
local_sign+binary,chunk_19,191,wt_mean,0.002579887222964275,96
local_sign+binary,chunk_19,192,GR,,96
local_sign+binary,chunk_19,192,IPC,,96
local_sign+binary,chunk_19,192,KR,52.0625,96
local_sign+binary,chunk_19,192,MC,,96
local_sign+binary,chunk_19,192,cosine_similarity,0.514983519911766,96
local_sign+binary,chunk_19,192,kl_to_gaussian,0.0,96
local_sign+binary,chunk_19,192,wt_mean,0.0029438996571115503,96
local_sign+binary,chunk_19,193,GR,,96
local_sign+binary,chunk_19,193,IPC,,96
local_sign+binary,chunk_19,193,KR,57.885416666666664,96
local_sign+binary,chunk_19,193,MC,,96
local_sign+binary,chunk_19,193,cosine_similarity,0.5149833410978317,96
local_sign+binary,chunk_19,193,kl_to_gaussian,0.0,96
local_sign+binary,chunk_19,193,wt_mean,0.00293420243542635,96
local_sign+binary,chunk_19,194,GR,,96
local_sign+binary,chunk_19,194,IPC,,96
local_sign+binary,chunk_19,194,KR,46.864583333333336,96
local_sign+binary,chunk_19,194,MC,,96
local_sign+binary,chunk_19,194,cosine_similarity,0.5149833261966705,96
local_sign+binary,chunk_19,194,kl_to_gaussian,0.0,96
local_sign+binary,chunk_19,194,wt_mean,0.0026624900929163747,96
local_sign+binary,chunk_19,195,GR,,96
local_sign+binary,chunk_19,195,IPC,,96
local_sign+binary,chunk_19,195,KR,58.822916666666664,96
local_sign+binary,chunk_19,195,MC,,96
local_sign+binary,chunk_19,195,cosine_similarity,0.5149833858013153,96
local_sign+binary,chunk_19,195,kl_to_gaussian,0.0,96
local_sign+binary,chunk_19,195,wt_mean,0.0032193519873544,96
local_sign+binary,chunk_19,196,GR,,96
local_sign+binary,chunk_19,196,IPC,,96
local_sign+binary,chunk_19,196,KR,45.947916666666664,96
local_sign+binary,chunk_19,196,MC,,96
local_sign+binary,chunk_19,196,cosine_similarity,0.5149832665920258,96
local_sign+binary,chunk_19,196,kl_to_gaussian,0.0,96
local_sign+binary,chunk_19,196,wt_mean,0.0027166130312251996,96
local_sign+binary,chunk_19,197,GR,,96
local_sign+binary,chunk_19,197,IPC,,96
local_sign+binary,chunk_19,197,KR,46.90625,96
local_sign+binary,chunk_19,197,MC,,96
local_sign+binary,chunk_19,197,cosine_similarity,0.5149833858013153,96
local_sign+binary,chunk_19,197,kl_to_gaussian,0.0,96
local_sign+binary,chunk_19,197,wt_mean,0.00268494599731635,96
local_sign+binary,chunk_19,198,GR,,96
local_sign+binary,chunk_19,198,IPC,,96
local_sign+binary,chunk_19,198,KR,47.375,96
local_sign+binary,chunk_19,198,MC,,96
local_sign+binary,chunk_19,198,cosine_similarity,0.5149833410978317,96
local_sign+binary,chunk_19,198,kl_to_gaussian,0.0,96
local_sign+binary,chunk_19,198,wt_mean,0.0027264333912170747,96
local_sign+binary,chunk_19,199,GR,,96
local_sign+binary,chunk_19,199,IPC,,96
local_sign+binary,chunk_19,199,KR,88.48958333333333,96
local_sign+binary,chunk_19,199,MC,,96
local_sign+binary,chunk_19,199,cosine_similarity,0.5149834007024765,96
local_sign+binary,chunk_19,199,kl_to_gaussian,0.0,96
local_sign+binary,chunk_19,199,wt_mean,0.0034444277989677252,96
local_sign+binary,chunk_2,20,GR,,96
local_sign+binary,chunk_2,20,IPC,,96
local_sign+binary,chunk_2,20,KR,62.729166666666664,96
local_sign+binary,chunk_2,20,MC,,96
local_sign+binary,chunk_2,20,cosine_similarity,0.5149832516908646,96
local_sign+binary,chunk_2,20,kl_to_gaussian,0.0,96
local_sign+binary,chunk_2,20,wt_mean,0.003149944881442875,96
local_sign+binary,chunk_2,21,GR,,96
local_sign+binary,chunk_2,21,IPC,,96
local_sign+binary,chunk_2,21,KR,39.916666666666664,96
local_sign+binary,chunk_2,21,MC,,96
local_sign+binary,chunk_2,21,cosine_similarity,0.514983281493187,96
local_sign+binary,chunk_2,21,kl_to_gaussian,0.0,96
local_sign+binary,chunk_2,21,wt_mean,0.002476852183463025,96
local_sign+binary,chunk_2,22,GR,,96
local_sign+binary,chunk_2,22,IPC,,96
local_sign+binary,chunk_2,22,KR,53.125,96
local_sign+binary,chunk_2,22,MC,,96
local_sign+binary,chunk_2,22,cosine_similarity,0.5149833559989929,96
local_sign+binary,chunk_2,22,kl_to_gaussian,0.0,96
local_sign+binary,chunk_2,22,wt_mean,0.0030383513076230246,96
local_sign+binary,chunk_2,23,GR,,96
local_sign+binary,chunk_2,23,IPC,,96
local_sign+binary,chunk_2,23,KR,50.5,96
local_sign+binary,chunk_2,23,MC,,96
local_sign+binary,chunk_2,23,cosine_similarity,0.5149833858013153,96
local_sign+binary,chunk_2,23,kl_to_gaussian,0.0,96
local_sign+binary,chunk_2,23,wt_mean,0.003018677642103225,96
local_sign+binary,chunk_2,24,GR,,96
local_sign+binary,chunk_2,24,IPC,,96
local_sign+binary,chunk_2,24,KR,51.354166666666664,96
local_sign+binary,chunk_2,24,MC,,96
local_sign+binary,chunk_2,24,cosine_similarity,0.5149833858013153,96
local_sign+binary,chunk_2,24,kl_to_gaussian,0.0,96
local_sign+binary,chunk_2,24,wt_mean,0.0027440351550466753,96
local_sign+binary,chunk_2,25,GR,,96
local_sign+binary,chunk_2,25,IPC,,96
local_sign+binary,chunk_2,25,KR,63.614583333333336,96
local_sign+binary,chunk_2,25,MC,,96
local_sign+binary,chunk_2,25,cosine_similarity,0.5149834007024765,96
local_sign+binary,chunk_2,25,kl_to_gaussian,0.0,96
local_sign+binary,chunk_2,25,wt_mean,0.0031986905378288753,96
local_sign+binary,chunk_2,26,GR,,96
local_sign+binary,chunk_2,26,IPC,,96
local_sign+binary,chunk_2,26,KR,59.020833333333336,96
local_sign+binary,chunk_2,26,MC,,96
local_sign+binary,chunk_2,26,cosine_similarity,0.5149834007024765,96
local_sign+binary,chunk_2,26,kl_to_gaussian,0.0,96
local_sign+binary,chunk_2,26,wt_mean,0.00304582394892345,96
local_sign+binary,chunk_2,27,GR,,96
local_sign+binary,chunk_2,27,IPC,,96
local_sign+binary,chunk_2,27,KR,70.09375,96
local_sign+binary,chunk_2,27,MC,,96
local_sign+binary,chunk_2,27,cosine_similarity,0.5149833709001541,96
local_sign+binary,chunk_2,27,kl_to_gaussian,0.0,96
local_sign+binary,chunk_2,27,wt_mean,0.0033215424627996253,96
local_sign+binary,chunk_2,28,GR,,96
local_sign+binary,chunk_2,28,IPC,,96
local_sign+binary,chunk_2,28,KR,49.041666666666664,96
local_sign+binary,chunk_2,28,MC,,96
local_sign+binary,chunk_2,28,cosine_similarity,0.5149835050106049,96
local_sign+binary,chunk_2,28,kl_to_gaussian,0.0,96
local_sign+binary,chunk_2,28,wt_mean,0.0028233689372427254,96
local_sign+binary,chunk_2,29,GR,,96
local_sign+binary,chunk_2,29,IPC,,96
local_sign+binary,chunk_2,29,KR,94.71875,96
local_sign+binary,chunk_2,29,MC,,96
local_sign+binary,chunk_2,29,cosine_similarity,0.5149834752082825,96
local_sign+binary,chunk_2,29,kl_to_gaussian,0.0,96
local_sign+binary,chunk_2,29,wt_mean,0.003457087615970475,96
local_sign+binary,chunk_3,30,GR,,96
local_sign+binary,chunk_3,30,IPC,,96
local_sign+binary,chunk_3,30,KR,45.572916666666664,96
local_sign+binary,chunk_3,30,MC,,96
local_sign+binary,chunk_3,30,cosine_similarity,0.5149835348129272,96
local_sign+binary,chunk_3,30,kl_to_gaussian,0.0,96
local_sign+binary,chunk_3,30,wt_mean,0.0026853415765798997,96
local_sign+binary,chunk_3,31,GR,,96
local_sign+binary,chunk_3,31,IPC,,96
local_sign+binary,chunk_3,31,KR,45.114583333333336,96
local_sign+binary,chunk_3,31,MC,,96
local_sign+binary,chunk_3,31,cosine_similarity,0.5149834156036377,96
local_sign+binary,chunk_3,31,kl_to_gaussian,0.0,96
local_sign+binary,chunk_3,31,wt_mean,0.0027527432830538,96
local_sign+binary,chunk_3,32,GR,,96
local_sign+binary,chunk_3,32,IPC,,96
local_sign+binary,chunk_3,32,KR,43.15625,96
local_sign+binary,chunk_3,32,MC,,96
local_sign+binary,chunk_3,32,cosine_similarity,0.5149833410978317,96
local_sign+binary,chunk_3,32,kl_to_gaussian,0.0,96
local_sign+binary,chunk_3,32,wt_mean,0.00232492378563615,96
local_sign+binary,chunk_3,33,GR,,96
local_sign+binary,chunk_3,33,IPC,,96
local_sign+binary,chunk_3,33,KR,44.322916666666664,96
local_sign+binary,chunk_3,33,MC,,96
local_sign+binary,chunk_3,33,cosine_similarity,0.5149832665920258,96
local_sign+binary,chunk_3,33,kl_to_gaussian,0.0,96
local_sign+binary,chunk_3,33,wt_mean,0.00269847825984465,96
local_sign+binary,chunk_3,34,GR,,96
local_sign+binary,chunk_3,34,IPC,,96
local_sign+binary,chunk_3,34,KR,48.333333333333336,96
local_sign+binary,chunk_3,34,MC,,96
local_sign+binary,chunk_3,34,cosine_similarity,0.514983281493187,96
local_sign+binary,chunk_3,34,kl_to_gaussian,0.0,96
local_sign+binary,chunk_3,34,wt_mean,0.0027238628535996754,96
local_sign+binary,chunk_3,35,GR,,96
local_sign+binary,chunk_3,35,IPC,,96
local_sign+binary,chunk_3,35,KR,46.072916666666664,96
local_sign+binary,chunk_3,35,MC,,96
local_sign+binary,chunk_3,35,cosine_similarity,0.5149833858013153,96
local_sign+binary,chunk_3,35,kl_to_gaussian,0.0,96
local_sign+binary,chunk_3,35,wt_mean,0.002644964406499575,96
local_sign+binary,chunk_3,36,GR,,96
local_sign+binary,chunk_3,36,IPC,,96
local_sign+binary,chunk_3,36,KR,40.46875,96
local_sign+binary,chunk_3,36,MC,,96
local_sign+binary,chunk_3,36,cosine_similarity,0.5149833112955093,96
local_sign+binary,chunk_3,36,kl_to_gaussian,0.0,96
local_sign+binary,chunk_3,36,wt_mean,0.00249549196450965,96
local_sign+binary,chunk_3,37,GR,,96
local_sign+binary,chunk_3,37,IPC,,96
local_sign+binary,chunk_3,37,KR,44.458333333333336,96
local_sign+binary,chunk_3,37,MC,,96
local_sign+binary,chunk_3,37,cosine_similarity,0.5149832367897034,96
local_sign+binary,chunk_3,37,kl_to_gaussian,0.0,96
local_sign+binary,chunk_3,37,wt_mean,0.00276418408611785,96
local_sign+binary,chunk_3,38,GR,,96
local_sign+binary,chunk_3,38,IPC,,96
local_sign+binary,chunk_3,38,KR,56.21875,96
local_sign+binary,chunk_3,38,MC,,96
local_sign+binary,chunk_3,38,cosine_similarity,0.5149832367897034,96
local_sign+binary,chunk_3,38,kl_to_gaussian,0.0,96
local_sign+binary,chunk_3,38,wt_mean,0.0028270025504752504,96
local_sign+binary,chunk_3,39,GR,,96
local_sign+binary,chunk_3,39,IPC,,96
local_sign+binary,chunk_3,39,KR,73.65625,96
local_sign+binary,chunk_3,39,MC,,96
local_sign+binary,chunk_3,39,cosine_similarity,0.5149835050106049,96
local_sign+binary,chunk_3,39,kl_to_gaussian,0.0,96
local_sign+binary,chunk_3,39,wt_mean,0.003391635254956725,96
local_sign+binary,chunk_4,40,GR,,96
local_sign+binary,chunk_4,40,IPC,,96
local_sign+binary,chunk_4,40,KR,79.42708333333333,96
local_sign+binary,chunk_4,40,MC,,96
local_sign+binary,chunk_4,40,cosine_similarity,0.5149834454059601,96
local_sign+binary,chunk_4,40,kl_to_gaussian,0.0,96
local_sign+binary,chunk_4,40,wt_mean,0.0034332745126448,96
local_sign+binary,chunk_4,41,GR,,96
local_sign+binary,chunk_4,41,IPC,,96
local_sign+binary,chunk_4,41,KR,52.40625,96
local_sign+binary,chunk_4,41,MC,,96
local_sign+binary,chunk_4,41,cosine_similarity,0.5149834752082825,96
local_sign+binary,chunk_4,41,kl_to_gaussian,0.0,96
local_sign+binary,chunk_4,41,wt_mean,0.0029529816238209,96
local_sign+binary,chunk_4,42,GR,,96
local_sign+binary,chunk_4,42,IPC,,96
local_sign+binary,chunk_4,42,KR,58.708333333333336,96
local_sign+binary,chunk_4,42,MC,,96
local_sign+binary,chunk_4,42,cosine_similarity,0.514983132481575,96
local_sign+binary,chunk_4,42,kl_to_gaussian,0.0,96
local_sign+binary,chunk_4,42,wt_mean,0.0027489267231430004,96
local_sign+binary,chunk_4,43,GR,,96
local_sign+binary,chunk_4,43,IPC,,96
local_sign+binary,chunk_4,43,KR,54.333333333333336,96
local_sign+binary,chunk_4,43,MC,,96
local_sign+binary,chunk_4,43,cosine_similarity,0.5149834305047989,96
local_sign+binary,chunk_4,43,kl_to_gaussian,0.0,96
local_sign+binary,chunk_4,43,wt_mean,0.00265121049596925,96
local_sign+binary,chunk_4,44,GR,,96
local_sign+binary,chunk_4,44,IPC,,96
local_sign+binary,chunk_4,44,KR,53.34375,96
local_sign+binary,chunk_4,44,MC,,96
local_sign+binary,chunk_4,44,cosine_similarity,0.5149832963943481,96
local_sign+binary,chunk_4,44,kl_to_gaussian,0.0,96
local_sign+binary,chunk_4,44,wt_mean,0.0027818146627396,96
local_sign+binary,chunk_4,45,GR,,96
local_sign+binary,chunk_4,45,IPC,,96
local_sign+binary,chunk_4,45,KR,47.427083333333336,96
local_sign+binary,chunk_4,45,MC,,96
local_sign+binary,chunk_4,45,cosine_similarity,0.5149833858013153,96
local_sign+binary,chunk_4,45,kl_to_gaussian,0.0,96
local_sign+binary,chunk_4,45,wt_mean,0.00268158916151145,96
local_sign+binary,chunk_4,46,GR,,96
local_sign+binary,chunk_4,46,IPC,,96
local_sign+binary,chunk_4,46,KR,71.85416666666667,96
local_sign+binary,chunk_4,46,MC,,96
local_sign+binary,chunk_4,46,cosine_similarity,0.5149833858013153,96
local_sign+binary,chunk_4,46,kl_to_gaussian,0.0,96
local_sign+binary,chunk_4,46,wt_mean,0.0032442657975479496,96
local_sign+binary,chunk_4,47,GR,,96
local_sign+binary,chunk_4,47,IPC,,96
local_sign+binary,chunk_4,47,KR,45.145833333333336,96
local_sign+binary,chunk_4,47,MC,,96
local_sign+binary,chunk_4,47,cosine_similarity,0.5149833858013153,96
local_sign+binary,chunk_4,47,kl_to_gaussian,0.0,96
local_sign+binary,chunk_4,47,wt_mean,0.0027192927082068503,96
local_sign+binary,chunk_4,48,GR,,96
local_sign+binary,chunk_4,48,IPC,,96
local_sign+binary,chunk_4,48,KR,52.510416666666664,96
local_sign+binary,chunk_4,48,MC,,96
local_sign+binary,chunk_4,48,cosine_similarity,0.514983281493187,96
local_sign+binary,chunk_4,48,kl_to_gaussian,0.0,96
local_sign+binary,chunk_4,48,wt_mean,0.0028279910329729,96
local_sign+binary,chunk_4,49,GR,,96
local_sign+binary,chunk_4,49,IPC,,96
local_sign+binary,chunk_4,49,KR,47.989583333333336,96
local_sign+binary,chunk_4,49,MC,,96
local_sign+binary,chunk_4,49,cosine_similarity,0.5149833858013153,96
local_sign+binary,chunk_4,49,kl_to_gaussian,0.0,96
local_sign+binary,chunk_4,49,wt_mean,0.0028655279311351253,96
local_sign+binary,chunk_5,50,GR,,96
local_sign+binary,chunk_5,50,IPC,,96
local_sign+binary,chunk_5,50,KR,43.614583333333336,96
local_sign+binary,chunk_5,50,MC,,96
local_sign+binary,chunk_5,50,cosine_similarity,0.5149833261966705,96
local_sign+binary,chunk_5,50,kl_to_gaussian,0.0,96
local_sign+binary,chunk_5,50,wt_mean,0.0026605269231367496,96
local_sign+binary,chunk_5,51,GR,,96
local_sign+binary,chunk_5,51,IPC,,96
local_sign+binary,chunk_5,51,KR,46.458333333333336,96
local_sign+binary,chunk_5,51,MC,,96
local_sign+binary,chunk_5,51,cosine_similarity,0.5149833410978317,96
local_sign+binary,chunk_5,51,kl_to_gaussian,0.0,96
local_sign+binary,chunk_5,51,wt_mean,0.0027442751452326,96
local_sign+binary,chunk_5,52,GR,,96
local_sign+binary,chunk_5,52,IPC,,96
local_sign+binary,chunk_5,52,KR,38.71875,96
local_sign+binary,chunk_5,52,MC,,96
local_sign+binary,chunk_5,52,cosine_similarity,0.5149834007024765,96
local_sign+binary,chunk_5,52,kl_to_gaussian,0.0,96
local_sign+binary,chunk_5,52,wt_mean,0.0027041111898142497,96
local_sign+binary,chunk_5,53,GR,,96
local_sign+binary,chunk_5,53,IPC,,96
local_sign+binary,chunk_5,53,KR,43.979166666666664,96
local_sign+binary,chunk_5,53,MC,,96
local_sign+binary,chunk_5,53,cosine_similarity,0.5149832963943481,96
local_sign+binary,chunk_5,53,kl_to_gaussian,0.0,96
local_sign+binary,chunk_5,53,wt_mean,0.002600665116915425,96
local_sign+binary,chunk_5,54,GR,,96
local_sign+binary,chunk_5,54,IPC,,96
local_sign+binary,chunk_5,54,KR,39.208333333333336,96
local_sign+binary,chunk_5,54,MC,,96
local_sign+binary,chunk_5,54,cosine_similarity,0.5149834901094437,96
local_sign+binary,chunk_5,54,kl_to_gaussian,0.0,96
local_sign+binary,chunk_5,54,wt_mean,0.0026634224050212253,96
local_sign+binary,chunk_5,55,GR,,96
local_sign+binary,chunk_5,55,IPC,,96
local_sign+binary,chunk_5,55,KR,57.28125,96
local_sign+binary,chunk_5,55,MC,,96
local_sign+binary,chunk_5,55,cosine_similarity,0.5149833261966705,96
local_sign+binary,chunk_5,55,kl_to_gaussian,0.0,96
local_sign+binary,chunk_5,55,wt_mean,0.002654946118127525,96
local_sign+binary,chunk_5,56,GR,,96
local_sign+binary,chunk_5,56,IPC,,96
local_sign+binary,chunk_5,56,KR,46.625,96
local_sign+binary,chunk_5,56,MC,,96
local_sign+binary,chunk_5,56,cosine_similarity,0.5149833559989929,96
local_sign+binary,chunk_5,56,kl_to_gaussian,0.0,96
local_sign+binary,chunk_5,56,wt_mean,0.00282097695162515,96
local_sign+binary,chunk_5,57,GR,,96
local_sign+binary,chunk_5,57,IPC,,96
local_sign+binary,chunk_5,57,KR,39.78125,96
local_sign+binary,chunk_5,57,MC,,96
local_sign+binary,chunk_5,57,cosine_similarity,0.5149834156036377,96
local_sign+binary,chunk_5,57,kl_to_gaussian,0.0,96
local_sign+binary,chunk_5,57,wt_mean,0.0025969567941501,96
local_sign+binary,chunk_5,58,GR,,96
local_sign+binary,chunk_5,58,IPC,,96
local_sign+binary,chunk_5,58,KR,45.416666666666664,96
local_sign+binary,chunk_5,58,MC,,96
local_sign+binary,chunk_5,58,cosine_similarity,0.5149833261966705,96
local_sign+binary,chunk_5,58,kl_to_gaussian,0.0,96
local_sign+binary,chunk_5,58,wt_mean,0.002522768569178825,96
local_sign+binary,chunk_5,59,GR,,96
local_sign+binary,chunk_5,59,IPC,,96
local_sign+binary,chunk_5,59,KR,69.39583333333333,96
local_sign+binary,chunk_5,59,MC,,96
local_sign+binary,chunk_5,59,cosine_similarity,0.514983519911766,96
local_sign+binary,chunk_5,59,kl_to_gaussian,0.0,96
local_sign+binary,chunk_5,59,wt_mean,0.003029229585081275,96
local_sign+binary,chunk_6,60,GR,,96
local_sign+binary,chunk_6,60,IPC,,96
local_sign+binary,chunk_6,60,KR,43.739583333333336,96
local_sign+binary,chunk_6,60,MC,,96
local_sign+binary,chunk_6,60,cosine_similarity,0.5149833858013153,96
local_sign+binary,chunk_6,60,kl_to_gaussian,0.0,96
local_sign+binary,chunk_6,60,wt_mean,0.002579337102360975,96
local_sign+binary,chunk_6,61,GR,,96
local_sign+binary,chunk_6,61,IPC,,96
local_sign+binary,chunk_6,61,KR,52.354166666666664,96
local_sign+binary,chunk_6,61,MC,,96
local_sign+binary,chunk_6,61,cosine_similarity,0.5149834901094437,96
local_sign+binary,chunk_6,61,kl_to_gaussian,0.0,96
local_sign+binary,chunk_6,61,wt_mean,0.00289560807868835,96
local_sign+binary,chunk_6,62,GR,,96
local_sign+binary,chunk_6,62,IPC,,96
local_sign+binary,chunk_6,62,KR,42.239583333333336,96
local_sign+binary,chunk_6,62,MC,,96
local_sign+binary,chunk_6,62,cosine_similarity,0.5149832218885422,96
local_sign+binary,chunk_6,62,kl_to_gaussian,0.0,96
local_sign+binary,chunk_6,62,wt_mean,0.00271500309463585,96
local_sign+binary,chunk_6,63,GR,,96
local_sign+binary,chunk_6,63,IPC,,96
local_sign+binary,chunk_6,63,KR,75.71875,96
local_sign+binary,chunk_6,63,MC,,96
local_sign+binary,chunk_6,63,cosine_similarity,0.5149834156036377,96
local_sign+binary,chunk_6,63,kl_to_gaussian,0.0,96
local_sign+binary,chunk_6,63,wt_mean,0.003214676340576225,96
local_sign+binary,chunk_6,64,GR,,96
local_sign+binary,chunk_6,64,IPC,,96
local_sign+binary,chunk_6,64,KR,75.38541666666667,96
local_sign+binary,chunk_6,64,MC,,96
local_sign+binary,chunk_6,64,cosine_similarity,0.5149834156036377,96
local_sign+binary,chunk_6,64,kl_to_gaussian,0.0,96
local_sign+binary,chunk_6,64,wt_mean,0.003262902668211575,96
local_sign+binary,chunk_6,65,GR,,96
local_sign+binary,chunk_6,65,IPC,,96
local_sign+binary,chunk_6,65,KR,55.760416666666664,96
local_sign+binary,chunk_6,65,MC,,96
local_sign+binary,chunk_6,65,cosine_similarity,0.5149833410978317,96
local_sign+binary,chunk_6,65,kl_to_gaussian,0.0,96
local_sign+binary,chunk_6,65,wt_mean,0.002871187112759775,96
local_sign+binary,chunk_6,66,GR,,96
local_sign+binary,chunk_6,66,IPC,,96
local_sign+binary,chunk_6,66,KR,52.96875,96
local_sign+binary,chunk_6,66,MC,,96
local_sign+binary,chunk_6,66,cosine_similarity,0.5149832367897034,96
local_sign+binary,chunk_6,66,kl_to_gaussian,0.0,96
local_sign+binary,chunk_6,66,wt_mean,0.0029055903432889997,96
local_sign+binary,chunk_6,67,GR,,96
local_sign+binary,chunk_6,67,IPC,,96
local_sign+binary,chunk_6,67,KR,52.552083333333336,96
local_sign+binary,chunk_6,67,MC,,96
local_sign+binary,chunk_6,67,cosine_similarity,0.5149833261966705,96
local_sign+binary,chunk_6,67,kl_to_gaussian,0.0,96
local_sign+binary,chunk_6,67,wt_mean,0.002876473823562225,96
local_sign+binary,chunk_6,68,GR,,96
local_sign+binary,chunk_6,68,IPC,,96
local_sign+binary,chunk_6,68,KR,52.145833333333336,96
local_sign+binary,chunk_6,68,MC,,96
local_sign+binary,chunk_6,68,cosine_similarity,0.5149834454059601,96
local_sign+binary,chunk_6,68,kl_to_gaussian,0.0,96
local_sign+binary,chunk_6,68,wt_mean,0.0028872464317828,96
local_sign+binary,chunk_6,69,GR,,96
local_sign+binary,chunk_6,69,IPC,,96
local_sign+binary,chunk_6,69,KR,67.79166666666667,96
local_sign+binary,chunk_6,69,MC,,96
local_sign+binary,chunk_6,69,cosine_similarity,0.5149832665920258,96
local_sign+binary,chunk_6,69,kl_to_gaussian,0.0,96
local_sign+binary,chunk_6,69,wt_mean,0.00328152155270795,96
local_sign+binary,chunk_7,70,GR,,96
local_sign+binary,chunk_7,70,IPC,,96
local_sign+binary,chunk_7,70,KR,43.3125,96
local_sign+binary,chunk_7,70,MC,,96
local_sign+binary,chunk_7,70,cosine_similarity,0.5149832665920258,96
local_sign+binary,chunk_7,70,kl_to_gaussian,0.0,96
local_sign+binary,chunk_7,70,wt_mean,0.0026048650324809754,96
local_sign+binary,chunk_7,71,GR,,96
local_sign+binary,chunk_7,71,IPC,,96
local_sign+binary,chunk_7,71,KR,51.479166666666664,96
local_sign+binary,chunk_7,71,MC,,96
local_sign+binary,chunk_7,71,cosine_similarity,0.514983206987381,96
local_sign+binary,chunk_7,71,kl_to_gaussian,0.0,96
local_sign+binary,chunk_7,71,wt_mean,0.002859670668840375,96
local_sign+binary,chunk_7,72,GR,,96
local_sign+binary,chunk_7,72,IPC,,96
local_sign+binary,chunk_7,72,KR,56.15625,96
local_sign+binary,chunk_7,72,MC,,96
local_sign+binary,chunk_7,72,cosine_similarity,0.5149834603071213,96
local_sign+binary,chunk_7,72,kl_to_gaussian,0.0,96
local_sign+binary,chunk_7,72,wt_mean,0.002963303413707725,96
local_sign+binary,chunk_7,73,GR,,96
local_sign+binary,chunk_7,73,IPC,,96
local_sign+binary,chunk_7,73,KR,38.052083333333336,96
local_sign+binary,chunk_7,73,MC,,96
local_sign+binary,chunk_7,73,cosine_similarity,0.5149833559989929,96
local_sign+binary,chunk_7,73,kl_to_gaussian,0.0,96
local_sign+binary,chunk_7,73,wt_mean,0.002663472172571325,96
local_sign+binary,chunk_7,74,GR,,96
local_sign+binary,chunk_7,74,IPC,,96
local_sign+binary,chunk_7,74,KR,42.78125,96
local_sign+binary,chunk_7,74,MC,,96
local_sign+binary,chunk_7,74,cosine_similarity,0.5149831473827362,96
local_sign+binary,chunk_7,74,kl_to_gaussian,0.0,96
local_sign+binary,chunk_7,74,wt_mean,0.00253852561581875,96
local_sign+binary,chunk_7,75,GR,,96
local_sign+binary,chunk_7,75,IPC,,96
local_sign+binary,chunk_7,75,KR,65.03125,96
local_sign+binary,chunk_7,75,MC,,96
local_sign+binary,chunk_7,75,cosine_similarity,0.5149832367897034,96
local_sign+binary,chunk_7,75,kl_to_gaussian,0.0,96
local_sign+binary,chunk_7,75,wt_mean,0.0028491285047493498,96
local_sign+binary,chunk_7,76,GR,,96
local_sign+binary,chunk_7,76,IPC,,96
local_sign+binary,chunk_7,76,KR,47.166666666666664,96
local_sign+binary,chunk_7,76,MC,,96
local_sign+binary,chunk_7,76,cosine_similarity,0.514983206987381,96
local_sign+binary,chunk_7,76,kl_to_gaussian,0.0,96
local_sign+binary,chunk_7,76,wt_mean,0.0027979732840321503,96
local_sign+binary,chunk_7,77,GR,,96
local_sign+binary,chunk_7,77,IPC,,96
local_sign+binary,chunk_7,77,KR,57.6875,96
local_sign+binary,chunk_7,77,MC,,96
local_sign+binary,chunk_7,77,cosine_similarity,0.5149834007024765,96
local_sign+binary,chunk_7,77,kl_to_gaussian,0.0,96
local_sign+binary,chunk_7,77,wt_mean,0.0029954724595881253,96
local_sign+binary,chunk_7,78,GR,,96
local_sign+binary,chunk_7,78,IPC,,96
local_sign+binary,chunk_7,78,KR,49.833333333333336,96
local_sign+binary,chunk_7,78,MC,,96
local_sign+binary,chunk_7,78,cosine_similarity,0.5149834007024765,96
local_sign+binary,chunk_7,78,kl_to_gaussian,0.0,96
local_sign+binary,chunk_7,78,wt_mean,0.0028625864069908497,96
local_sign+binary,chunk_7,79,GR,,96
local_sign+binary,chunk_7,79,IPC,,96
local_sign+binary,chunk_7,79,KR,52.458333333333336,96
local_sign+binary,chunk_7,79,MC,,96
local_sign+binary,chunk_7,79,cosine_similarity,0.5149834156036377,96
local_sign+binary,chunk_7,79,kl_to_gaussian,0.0,96
local_sign+binary,chunk_7,79,wt_mean,0.00291339523391795,96
local_sign+binary,chunk_8,80,GR,,96
local_sign+binary,chunk_8,80,IPC,,96
local_sign+binary,chunk_8,80,KR,48.041666666666664,96
local_sign+binary,chunk_8,80,MC,,96
local_sign+binary,chunk_8,80,cosine_similarity,0.5149834454059601,96
local_sign+binary,chunk_8,80,kl_to_gaussian,0.0,96
local_sign+binary,chunk_8,80,wt_mean,0.002915254211984525,96
local_sign+binary,chunk_8,81,GR,,96
local_sign+binary,chunk_8,81,IPC,,96
local_sign+binary,chunk_8,81,KR,60.46875,96
local_sign+binary,chunk_8,81,MC,,96
local_sign+binary,chunk_8,81,cosine_similarity,0.5149834901094437,96
local_sign+binary,chunk_8,81,kl_to_gaussian,0.0,96
local_sign+binary,chunk_8,81,wt_mean,0.003081781673245075,96
local_sign+binary,chunk_8,82,GR,,96
local_sign+binary,chunk_8,82,IPC,,96
local_sign+binary,chunk_8,82,KR,43.916666666666664,96
local_sign+binary,chunk_8,82,MC,,96
local_sign+binary,chunk_8,82,cosine_similarity,0.5149832963943481,96
local_sign+binary,chunk_8,82,kl_to_gaussian,0.0,96
local_sign+binary,chunk_8,82,wt_mean,0.0027290864672976996,96
local_sign+binary,chunk_8,83,GR,,96
local_sign+binary,chunk_8,83,IPC,,96
local_sign+binary,chunk_8,83,KR,47.385416666666664,96
local_sign+binary,chunk_8,83,MC,,96
local_sign+binary,chunk_8,83,cosine_similarity,0.5149833709001541,96
local_sign+binary,chunk_8,83,kl_to_gaussian,0.0,96
local_sign+binary,chunk_8,83,wt_mean,0.002766400109976475,96
local_sign+binary,chunk_8,84,GR,,96
local_sign+binary,chunk_8,84,IPC,,96
local_sign+binary,chunk_8,84,KR,46.364583333333336,96
local_sign+binary,chunk_8,84,MC,,96
local_sign+binary,chunk_8,84,cosine_similarity,0.5149833858013153,96
local_sign+binary,chunk_8,84,kl_to_gaussian,0.0,96
local_sign+binary,chunk_8,84,wt_mean,0.00265690844389605,96
local_sign+binary,chunk_8,85,GR,,96
local_sign+binary,chunk_8,85,IPC,,96
local_sign+binary,chunk_8,85,KR,62.916666666666664,96
local_sign+binary,chunk_8,85,MC,,96
local_sign+binary,chunk_8,85,cosine_similarity,0.5149831771850586,96
local_sign+binary,chunk_8,85,kl_to_gaussian,0.0,96
local_sign+binary,chunk_8,85,wt_mean,0.0029613152146339,96
local_sign+binary,chunk_8,86,GR,,96
local_sign+binary,chunk_8,86,IPC,,96
local_sign+binary,chunk_8,86,KR,42.239583333333336,96
local_sign+binary,chunk_8,86,MC,,96
local_sign+binary,chunk_8,86,cosine_similarity,0.5149834305047989,96
local_sign+binary,chunk_8,86,kl_to_gaussian,0.0,96
local_sign+binary,chunk_8,86,wt_mean,0.0027254785236436496,96
local_sign+binary,chunk_8,87,GR,,96
local_sign+binary,chunk_8,87,IPC,,96
local_sign+binary,chunk_8,87,KR,51.375,96
local_sign+binary,chunk_8,87,MC,,96
local_sign+binary,chunk_8,87,cosine_similarity,0.5149833709001541,96
local_sign+binary,chunk_8,87,kl_to_gaussian,0.0,96
local_sign+binary,chunk_8,87,wt_mean,0.0027339964581187502,96
local_sign+binary,chunk_8,88,GR,,96
local_sign+binary,chunk_8,88,IPC,,96
local_sign+binary,chunk_8,88,KR,60.291666666666664,96
local_sign+binary,chunk_8,88,MC,,96
local_sign+binary,chunk_8,88,cosine_similarity,0.5149834454059601,96
local_sign+binary,chunk_8,88,kl_to_gaussian,0.0,96
local_sign+binary,chunk_8,88,wt_mean,0.0030670733540318503,96
local_sign+binary,chunk_8,89,GR,,96
local_sign+binary,chunk_8,89,IPC,,96
local_sign+binary,chunk_8,89,KR,73.32291666666667,96
local_sign+binary,chunk_8,89,MC,,96
local_sign+binary,chunk_8,89,cosine_similarity,0.514983206987381,96
local_sign+binary,chunk_8,89,kl_to_gaussian,0.0,96
local_sign+binary,chunk_8,89,wt_mean,0.003412208519875975,96
local_sign+binary,chunk_9,90,GR,,96
local_sign+binary,chunk_9,90,IPC,,96
local_sign+binary,chunk_9,90,KR,43.104166666666664,96
local_sign+binary,chunk_9,90,MC,,96
local_sign+binary,chunk_9,90,cosine_similarity,0.5149832963943481,96
local_sign+binary,chunk_9,90,kl_to_gaussian,0.0,96
local_sign+binary,chunk_9,90,wt_mean,0.002456122078001425,96
local_sign+binary,chunk_9,91,GR,,96
local_sign+binary,chunk_9,91,IPC,,96
local_sign+binary,chunk_9,91,KR,67.39583333333333,96
local_sign+binary,chunk_9,91,MC,,96
local_sign+binary,chunk_9,91,cosine_similarity,0.5149833559989929,96
local_sign+binary,chunk_9,91,kl_to_gaussian,0.0,96
local_sign+binary,chunk_9,91,wt_mean,0.00315299106296145,96
local_sign+binary,chunk_9,92,GR,,96
local_sign+binary,chunk_9,92,IPC,,96
local_sign+binary,chunk_9,92,KR,53.239583333333336,96
local_sign+binary,chunk_9,92,MC,,96
local_sign+binary,chunk_9,92,cosine_similarity,0.5149833261966705,96
local_sign+binary,chunk_9,92,kl_to_gaussian,0.0,96
local_sign+binary,chunk_9,92,wt_mean,0.003032140259165275,96
local_sign+binary,chunk_9,93,GR,,96
local_sign+binary,chunk_9,93,IPC,,96
local_sign+binary,chunk_9,93,KR,53.114583333333336,96
local_sign+binary,chunk_9,93,MC,,96
local_sign+binary,chunk_9,93,cosine_similarity,0.5149834454059601,96
local_sign+binary,chunk_9,93,kl_to_gaussian,0.0,96
local_sign+binary,chunk_9,93,wt_mean,0.002770740538835475,96
local_sign+binary,chunk_9,94,GR,,96
local_sign+binary,chunk_9,94,IPC,,96
local_sign+binary,chunk_9,94,KR,51.416666666666664,96
local_sign+binary,chunk_9,94,MC,,96
local_sign+binary,chunk_9,94,cosine_similarity,0.5149833858013153,96
local_sign+binary,chunk_9,94,kl_to_gaussian,0.0,96
local_sign+binary,chunk_9,94,wt_mean,0.0028050239779985747,96
local_sign+binary,chunk_9,95,GR,,96
local_sign+binary,chunk_9,95,IPC,,96
local_sign+binary,chunk_9,95,KR,53.145833333333336,96
local_sign+binary,chunk_9,95,MC,,96
local_sign+binary,chunk_9,95,cosine_similarity,0.5149833410978317,96
local_sign+binary,chunk_9,95,kl_to_gaussian,0.0,96
local_sign+binary,chunk_9,95,wt_mean,0.00281113304663445,96
local_sign+binary,chunk_9,96,GR,,96
local_sign+binary,chunk_9,96,IPC,,96
local_sign+binary,chunk_9,96,KR,54.15625,96
local_sign+binary,chunk_9,96,MC,,96
local_sign+binary,chunk_9,96,cosine_similarity,0.5149833261966705,96
local_sign+binary,chunk_9,96,kl_to_gaussian,0.0,96
local_sign+binary,chunk_9,96,wt_mean,0.0029404801316559002,96
local_sign+binary,chunk_9,97,GR,,96
local_sign+binary,chunk_9,97,IPC,,96
local_sign+binary,chunk_9,97,KR,50.479166666666664,96
local_sign+binary,chunk_9,97,MC,,96
local_sign+binary,chunk_9,97,cosine_similarity,0.5149833559989929,96
local_sign+binary,chunk_9,97,kl_to_gaussian,0.0,96
local_sign+binary,chunk_9,97,wt_mean,0.0026697048451751002,96
local_sign+binary,chunk_9,98,GR,,96
local_sign+binary,chunk_9,98,IPC,,96
local_sign+binary,chunk_9,98,KR,76.88541666666667,96
local_sign+binary,chunk_9,98,MC,,96
local_sign+binary,chunk_9,98,cosine_similarity,0.5149833410978317,96
local_sign+binary,chunk_9,98,kl_to_gaussian,0.0,96
local_sign+binary,chunk_9,98,wt_mean,0.0032749323872849,96
local_sign+binary,chunk_9,99,GR,,96
local_sign+binary,chunk_9,99,IPC,,96
local_sign+binary,chunk_9,99,KR,69.36458333333333,96
local_sign+binary,chunk_9,99,MC,,96
local_sign+binary,chunk_9,99,cosine_similarity,0.5149832963943481,96
local_sign+binary,chunk_9,99,kl_to_gaussian,0.0,96
local_sign+binary,chunk_9,99,wt_mean,0.003070381935685825,96
real,chunk_0,0,GR,,96
real,chunk_0,0,IPC,,96
real,chunk_0,0,KR,31.46875,96
real,chunk_0,0,MC,,96
real,chunk_0,0,cosine_similarity,0.33029637485742563,96
real,chunk_0,0,kl_to_gaussian,0.6822619991369603,96
real,chunk_0,0,wt_mean,0.001423135254299225,96
real,chunk_0,1,GR,,96
real,chunk_0,1,IPC,,96
real,chunk_0,1,KR,34.0,96
real,chunk_0,1,MC,,96
real,chunk_0,1,cosine_similarity,0.31444533169269556,96
real,chunk_0,1,kl_to_gaussian,0.6822619846455175,96
real,chunk_0,1,wt_mean,0.0013934239686932,96
real,chunk_0,2,GR,,96
real,chunk_0,2,IPC,,96
real,chunk_0,2,KR,34.833333333333336,96
real,chunk_0,2,MC,,96
real,chunk_0,2,cosine_similarity,0.31490310281515116,96
real,chunk_0,2,kl_to_gaussian,0.6823334456775739,96
real,chunk_0,2,wt_mean,0.001473468728363475,96
real,chunk_0,3,GR,,96
real,chunk_0,3,IPC,,96
real,chunk_0,3,KR,34.9375,96
real,chunk_0,3,MC,,96
real,chunk_0,3,cosine_similarity,0.3123852461576462,96
real,chunk_0,3,kl_to_gaussian,0.682333436435803,96
real,chunk_0,3,wt_mean,0.001373237173538575,96
real,chunk_0,4,GR,,96
real,chunk_0,4,IPC,,96
real,chunk_0,4,KR,33.427083333333336,96
real,chunk_0,4,MC,,96
real,chunk_0,4,cosine_similarity,0.3172492831945419,96
real,chunk_0,4,kl_to_gaussian,0.6822619798902974,96
real,chunk_0,4,wt_mean,0.001380807865643825,96
real,chunk_0,5,GR,,96
real,chunk_0,5,IPC,,96
real,chunk_0,5,KR,30.552083333333332,96
real,chunk_0,5,MC,,96
real,chunk_0,5,cosine_similarity,0.301798865199089,96
real,chunk_0,5,kl_to_gaussian,0.6823334371163297,96
real,chunk_0,5,wt_mean,0.0013254696677904001,96
real,chunk_0,6,GR,,96
real,chunk_0,6,IPC,,96
real,chunk_0,6,KR,32.708333333333336,96
real,chunk_0,6,MC,,96
real,chunk_0,6,cosine_similarity,0.32760682702064514,96
real,chunk_0,6,kl_to_gaussian,0.6823334462827667,96
real,chunk_0,6,wt_mean,0.001434154546586775,96
real,chunk_0,7,GR,,96
real,chunk_0,7,IPC,,96
real,chunk_0,7,KR,34.1875,96
real,chunk_0,7,MC,,96
real,chunk_0,7,cosine_similarity,0.31427367776632303,96
real,chunk_0,7,kl_to_gaussian,0.682333443313245,96
real,chunk_0,7,wt_mean,0.0014650900557171,96
real,chunk_0,8,GR,,96
real,chunk_0,8,IPC,,96
real,chunk_0,8,KR,34.270833333333336,96
real,chunk_0,8,MC,,96
real,chunk_0,8,cosine_similarity,0.30614788085222244,96
real,chunk_0,8,kl_to_gaussian,0.6822620046631956,96
real,chunk_0,8,wt_mean,0.00140796948107885,96
real,chunk_0,9,GR,,96
real,chunk_0,9,IPC,,96
real,chunk_0,9,KR,36.854166666666664,96
real,chunk_0,9,MC,,96
real,chunk_0,9,cosine_similarity,0.32217053323984146,96
real,chunk_0,9,kl_to_gaussian,0.6823334380587257,96
real,chunk_0,9,wt_mean,0.001561554381623825,96
real,chunk_1,10,GR,,96
real,chunk_1,10,IPC,,96
real,chunk_1,10,KR,34.010416666666664,96
real,chunk_1,10,MC,,96
real,chunk_1,10,cosine_similarity,0.31616206467151636,96
real,chunk_1,10,kl_to_gaussian,0.6823334525016796,96
real,chunk_1,10,wt_mean,0.00138849351787935,96
real,chunk_1,11,GR,,96
real,chunk_1,11,IPC,,96
real,chunk_1,11,KR,33.9375,96
real,chunk_1,11,MC,,96
real,chunk_1,11,cosine_similarity,0.3095813244581222,96
real,chunk_1,11,kl_to_gaussian,0.6823334335359966,96
real,chunk_1,11,wt_mean,0.00140303885564205,96
real,chunk_1,12,GR,,96
real,chunk_1,12,IPC,,96
real,chunk_1,12,KR,38.71875,96
real,chunk_1,12,MC,,96
real,chunk_1,12,cosine_similarity,0.32268556207418436,96
real,chunk_1,12,kl_to_gaussian,0.6822620042898403,96
real,chunk_1,12,wt_mean,0.00159656818141225,96
real,chunk_1,13,GR,,96
real,chunk_1,13,IPC,,96
real,chunk_1,13,KR,40.229166666666664,96
real,chunk_1,13,MC,,96
real,chunk_1,13,cosine_similarity,0.33006750047206873,96
real,chunk_1,13,kl_to_gaussian,0.6822619919195702,96
real,chunk_1,13,wt_mean,0.0015638739860150748,96
real,chunk_1,14,GR,,96
real,chunk_1,14,IPC,,96
real,chunk_1,14,KR,30.166666666666668,96
real,chunk_1,14,MC,,96
real,chunk_1,14,cosine_similarity,0.3047745078802108,96
real,chunk_1,14,kl_to_gaussian,0.6823334409316658,96
real,chunk_1,14,wt_mean,0.0013419952447292999,96
real,chunk_1,15,GR,,96
real,chunk_1,15,IPC,,96
real,chunk_1,15,KR,35.958333333333336,96
real,chunk_1,15,MC,,96
real,chunk_1,15,cosine_similarity,0.31547538191080093,96
real,chunk_1,15,kl_to_gaussian,0.6824048989010619,96
real,chunk_1,15,wt_mean,0.001483973872382125,96
real,chunk_1,16,GR,,96
real,chunk_1,16,IPC,,96
real,chunk_1,16,KR,34.729166666666664,96
real,chunk_1,16,MC,,96
real,chunk_1,16,cosine_similarity,0.31444533169269556,96
real,chunk_1,16,kl_to_gaussian,0.6822620055151086,96
real,chunk_1,16,wt_mean,0.00150662034866395,96
real,chunk_1,17,GR,,96
real,chunk_1,17,IPC,,96
real,chunk_1,17,KR,35.770833333333336,96
real,chunk_1,17,MC,,96
real,chunk_1,17,cosine_similarity,0.32400170713663096,96
real,chunk_1,17,kl_to_gaussian,0.6822619852074018,96
real,chunk_1,17,wt_mean,0.00157198199303815,96
real,chunk_1,18,GR,,96
real,chunk_1,18,IPC,,96
real,chunk_1,18,KR,41.260416666666664,96
real,chunk_1,18,MC,,96
real,chunk_1,18,cosine_similarity,0.3174209892749786,96
real,chunk_1,18,kl_to_gaussian,0.6824048880135803,96
real,chunk_1,18,wt_mean,0.0014836222107987502,96
real,chunk_1,19,GR,,96
real,chunk_1,19,IPC,,96
real,chunk_1,19,KR,33.03125,96
real,chunk_1,19,MC,,96
real,chunk_1,19,cosine_similarity,0.309123508632183,96
real,chunk_1,19,kl_to_gaussian,0.6822619775812796,96
real,chunk_1,19,wt_mean,0.0014306449738796252,96
real,chunk_10,100,GR,,96
real,chunk_10,100,IPC,,96
real,chunk_10,100,KR,34.0625,96
real,chunk_10,100,MC,,96
real,chunk_10,100,cosine_similarity,0.318279318511486,96
real,chunk_10,100,kl_to_gaussian,0.6823334475109206,96
real,chunk_10,100,wt_mean,0.0013760032015852248,96
real,chunk_10,101,GR,,96
real,chunk_10,101,IPC,,96
real,chunk_10,101,KR,37.072916666666664,96
real,chunk_10,101,MC,,96
real,chunk_10,101,cosine_similarity,0.32720626145601267,96
real,chunk_10,101,kl_to_gaussian,0.682333434159256,96
real,chunk_10,101,wt_mean,0.0016358495340682,96
real,chunk_10,102,GR,,96
real,chunk_10,102,IPC,,96
real,chunk_10,102,KR,30.71875,96
real,chunk_10,102,MC,,96
real,chunk_10,102,cosine_similarity,0.31982439756393427,96
real,chunk_10,102,kl_to_gaussian,0.6822620037751389,96
real,chunk_10,102,wt_mean,0.001413659570971475,96
real,chunk_10,103,GR,,96
real,chunk_10,103,IPC,,96
real,chunk_10,103,KR,38.260416666666664,96
real,chunk_10,103,MC,,96
real,chunk_10,103,cosine_similarity,0.3111835643649101,96
real,chunk_10,103,kl_to_gaussian,0.682333457741255,96
real,chunk_10,103,wt_mean,0.0014938424574210752,96
real,chunk_10,104,GR,,96
real,chunk_10,104,IPC,,96
real,chunk_10,104,KR,35.177083333333336,96
real,chunk_10,104,MC,,96
real,chunk_10,104,cosine_similarity,0.31576147675514216,96
real,chunk_10,104,kl_to_gaussian,0.6824048966465878,96
real,chunk_10,104,wt_mean,0.0015602865023538,96
real,chunk_10,105,GR,,96
real,chunk_10,105,IPC,,96
real,chunk_10,105,KR,33.333333333333336,96
real,chunk_10,105,MC,,96
real,chunk_10,105,cosine_similarity,0.3071778938174247,96
real,chunk_10,105,kl_to_gaussian,0.6823334399353879,96
real,chunk_10,105,wt_mean,0.0013271741336211,96
real,chunk_10,106,GR,,96
real,chunk_10,106,IPC,,96
real,chunk_10,106,KR,39.666666666666664,96
real,chunk_10,106,MC,,96
real,chunk_10,106,cosine_similarity,0.32428784668445587,96
real,chunk_10,106,kl_to_gaussian,0.6823334404281445,96
real,chunk_10,106,wt_mean,0.0016211696492973249,96
real,chunk_10,107,GR,,96
real,chunk_10,107,IPC,,96
real,chunk_10,107,KR,36.041666666666664,96
real,chunk_10,107,MC,,96
real,chunk_10,107,cosine_similarity,0.3236583918333053,96
real,chunk_10,107,kl_to_gaussian,0.6823334451951317,96
real,chunk_10,107,wt_mean,0.0015606288216076251,96
real,chunk_10,108,GR,,96
real,chunk_10,108,IPC,,96
real,chunk_10,108,KR,28.583333333333332,96
real,chunk_10,108,MC,,96
real,chunk_10,108,cosine_similarity,0.3155898153781891,96
real,chunk_10,108,kl_to_gaussian,0.6822619949785164,96
real,chunk_10,108,wt_mean,0.0013817002036375248,96
real,chunk_10,109,GR,,96
real,chunk_10,109,IPC,,96
real,chunk_10,109,KR,37.541666666666664,96
real,chunk_10,109,MC,,96
real,chunk_10,109,cosine_similarity,0.30259998142719263,96
real,chunk_10,109,kl_to_gaussian,0.6822619943219368,96
real,chunk_10,109,wt_mean,0.001490124792326175,96
real,chunk_11,110,GR,,96
real,chunk_11,110,IPC,,96
real,chunk_11,110,KR,34.197916666666664,96
real,chunk_11,110,MC,,96
real,chunk_11,110,cosine_similarity,0.32285726070404047,96
real,chunk_11,110,kl_to_gaussian,0.6822619989149277,96
real,chunk_11,110,wt_mean,0.001506202068412625,96
real,chunk_11,111,GR,,96
real,chunk_11,111,IPC,,96
real,chunk_11,111,KR,37.104166666666664,96
real,chunk_11,111,MC,,96
real,chunk_11,111,cosine_similarity,0.3149603605270386,96
real,chunk_11,111,kl_to_gaussian,0.6822619941146848,96
real,chunk_11,111,wt_mean,0.0013893842697143,96
real,chunk_11,112,GR,,96
real,chunk_11,112,IPC,,96
real,chunk_11,112,KR,37.020833333333336,96
real,chunk_11,112,MC,,96
real,chunk_11,112,cosine_similarity,0.3183937817811966,96
real,chunk_11,112,kl_to_gaussian,0.6823334476576582,96
real,chunk_11,112,wt_mean,0.001510755304479925,96
real,chunk_11,113,GR,,96
real,chunk_11,113,IPC,,96
real,chunk_11,113,KR,32.645833333333336,96
real,chunk_11,113,MC,,96
real,chunk_11,113,cosine_similarity,0.3195382282137871,96
real,chunk_11,113,kl_to_gaussian,0.6824048769917527,96
real,chunk_11,113,wt_mean,0.001354640568024425,96
real,chunk_11,114,GR,,96
real,chunk_11,114,IPC,,96
real,chunk_11,114,KR,36.895833333333336,96
real,chunk_11,114,MC,,96
real,chunk_11,114,cosine_similarity,0.3162192776799202,96
real,chunk_11,114,kl_to_gaussian,0.6822619918254776,96
real,chunk_11,114,wt_mean,0.001485194254200875,96
real,chunk_11,115,GR,,96
real,chunk_11,115,IPC,,96
real,chunk_11,115,KR,36.71875,96
real,chunk_11,115,MC,,96
real,chunk_11,115,cosine_similarity,0.3262907117605209,96
real,chunk_11,115,kl_to_gaussian,0.6822619811554703,96
real,chunk_11,115,wt_mean,0.0015695294423494,96
real,chunk_11,116,GR,,96
real,chunk_11,116,IPC,,96
real,chunk_11,116,KR,35.46875,96
real,chunk_11,116,MC,,96
real,chunk_11,116,cosine_similarity,0.31684874743223185,96
real,chunk_11,116,kl_to_gaussian,0.6823334487441929,96
real,chunk_11,116,wt_mean,0.0013802431058138,96
real,chunk_11,117,GR,,96
real,chunk_11,117,IPC,,96
real,chunk_11,117,KR,34.385416666666664,96
real,chunk_11,117,MC,,96
real,chunk_11,117,cosine_similarity,0.3234295025467872,96
real,chunk_11,117,kl_to_gaussian,0.6822619780276824,96
real,chunk_11,117,wt_mean,0.0015827716561034,96
real,chunk_11,118,GR,,96
real,chunk_11,118,IPC,,96
real,chunk_11,118,KR,39.21875,96
real,chunk_11,118,MC,,96
real,chunk_11,118,cosine_similarity,0.3210260942578316,96
real,chunk_11,118,kl_to_gaussian,0.6823334524702366,96
real,chunk_11,118,wt_mean,0.0015965684142429,96
real,chunk_11,119,GR,,96
real,chunk_11,119,IPC,,96
real,chunk_11,119,KR,42.25,96
real,chunk_11,119,MC,,96
real,chunk_11,119,cosine_similarity,0.32634790986776346,96
real,chunk_11,119,kl_to_gaussian,0.6823334530902171,96
real,chunk_11,119,wt_mean,0.001609551778528775,96
real,chunk_12,120,GR,,96
real,chunk_12,120,IPC,,96
real,chunk_12,120,KR,36.21875,96
real,chunk_12,120,MC,,96
real,chunk_12,120,cosine_similarity,0.3086084872484207,96
real,chunk_12,120,kl_to_gaussian,0.6823334502626596,96
real,chunk_12,120,wt_mean,0.0014651420060544749,96
real,chunk_12,121,GR,,96
real,chunk_12,121,IPC,,96
real,chunk_12,121,KR,34.625,96
real,chunk_12,121,MC,,96
real,chunk_12,121,cosine_similarity,0.3114696890115738,96
real,chunk_12,121,kl_to_gaussian,0.6823334309493481,96
real,chunk_12,121,wt_mean,0.00146926590241485,96
real,chunk_12,122,GR,,96
real,chunk_12,122,IPC,,96
real,chunk_12,122,KR,33.885416666666664,96
real,chunk_12,122,MC,,96
real,chunk_12,122,cosine_similarity,0.32354394346475596,96
real,chunk_12,122,kl_to_gaussian,0.682261997427385,96
real,chunk_12,122,wt_mean,0.001440509659005275,96
real,chunk_12,123,GR,,96
real,chunk_12,123,IPC,,96
real,chunk_12,123,KR,37.875,96
real,chunk_12,123,MC,,96
real,chunk_12,123,cosine_similarity,0.32434506714344025,96
real,chunk_12,123,kl_to_gaussian,0.6822619993412391,96
real,chunk_12,123,wt_mean,0.0014821447548455998,96
real,chunk_12,124,GR,,96
real,chunk_12,124,IPC,,96
real,chunk_12,124,KR,30.114583333333332,96
real,chunk_12,124,MC,,96
real,chunk_12,124,cosine_similarity,0.31679152697324753,96
real,chunk_12,124,kl_to_gaussian,0.6822620003870936,96
real,chunk_12,124,wt_mean,0.001500384358223475,96
real,chunk_12,125,GR,,96
real,chunk_12,125,IPC,,96
real,chunk_12,125,KR,33.083333333333336,96
real,chunk_12,125,MC,,96
real,chunk_12,125,cosine_similarity,0.31312918663024897,96
real,chunk_12,125,kl_to_gaussian,0.6822619998441747,96
real,chunk_12,125,wt_mean,0.0013457573804770999,96
real,chunk_12,126,GR,,96
real,chunk_12,126,IPC,,96
real,chunk_12,126,KR,39.947916666666664,96
real,chunk_12,126,MC,,96
real,chunk_12,126,cosine_similarity,0.31524645537137985,96
real,chunk_12,126,kl_to_gaussian,0.6823334588480371,96
real,chunk_12,126,wt_mean,0.0014791369321755501,96
real,chunk_12,127,GR,,96
real,chunk_12,127,IPC,,96
real,chunk_12,127,KR,33.21875,96
real,chunk_12,127,MC,,96
real,chunk_12,127,cosine_similarity,0.32709178328514094,96
real,chunk_12,127,kl_to_gaussian,0.6822619877655506,96
real,chunk_12,127,wt_mean,0.001570026128319975,96
real,chunk_12,128,GR,,96
real,chunk_12,128,IPC,,96
real,chunk_12,128,KR,31.947916666666668,96
real,chunk_12,128,MC,,96
real,chunk_12,128,cosine_similarity,0.32016774266958237,96
real,chunk_12,128,kl_to_gaussian,0.6822619995029107,96
real,chunk_12,128,wt_mean,0.001498651952715525,96
real,chunk_12,129,GR,,96
real,chunk_12,129,IPC,,96
real,chunk_12,129,KR,38.3125,96
real,chunk_12,129,MC,,96
real,chunk_12,129,cosine_similarity,0.31524646282196045,96
real,chunk_12,129,kl_to_gaussian,0.6822619980955876,96
real,chunk_12,129,wt_mean,0.00148853103746655,96
real,chunk_13,130,GR,,96
real,chunk_13,130,IPC,,96
real,chunk_13,130,KR,36.458333333333336,96
real,chunk_13,130,MC,,96
real,chunk_13,130,cosine_similarity,0.3028289005160332,96
real,chunk_13,130,kl_to_gaussian,0.6822619890483607,96
real,chunk_13,130,wt_mean,0.001364555297186575,96
real,chunk_13,131,GR,,96
real,chunk_13,131,IPC,,96
real,chunk_13,131,KR,36.8125,96
real,chunk_13,131,MC,,96
real,chunk_13,131,cosine_similarity,0.3264623507857322,96
real,chunk_13,131,kl_to_gaussian,0.6823334429915655,96
real,chunk_13,131,wt_mean,0.001372228362015425,96
real,chunk_13,132,GR,,96
real,chunk_13,132,IPC,,96
real,chunk_13,132,KR,34.71875,96
real,chunk_13,132,MC,,96
real,chunk_13,132,cosine_similarity,0.29888042062520975,96
real,chunk_13,132,kl_to_gaussian,0.6822619916656172,96
real,chunk_13,132,wt_mean,0.001317351736361125,96
real,chunk_13,133,GR,,96
real,chunk_13,133,IPC,,96
real,chunk_13,133,KR,34.364583333333336,96
real,chunk_13,133,MC,,96
real,chunk_13,133,cosine_similarity,0.31976716220378876,96
real,chunk_13,133,kl_to_gaussian,0.682333448083536,96
real,chunk_13,133,wt_mean,0.001426768285455125,96
real,chunk_13,134,GR,,96
real,chunk_13,134,IPC,,96
real,chunk_13,134,KR,37.427083333333336,96
real,chunk_13,134,MC,,96
real,chunk_13,134,cosine_similarity,0.3181649297475815,96
real,chunk_13,134,kl_to_gaussian,0.6823334404830791,96
real,chunk_13,134,wt_mean,0.001527341955807025,96
real,chunk_13,135,GR,,96
real,chunk_13,135,IPC,,96
real,chunk_13,135,KR,31.135416666666668,96
real,chunk_13,135,MC,,96
real,chunk_13,135,cosine_similarity,0.31032521277666086,96
real,chunk_13,135,kl_to_gaussian,0.6824048988839987,96
real,chunk_13,135,wt_mean,0.001352915453026025,96
real,chunk_13,136,GR,,96
real,chunk_13,136,IPC,,96
real,chunk_13,136,KR,37.895833333333336,96
real,chunk_13,136,MC,,96
real,chunk_13,136,cosine_similarity,0.30780735611915583,96
real,chunk_13,136,kl_to_gaussian,0.6822620055338268,96
real,chunk_13,136,wt_mean,0.001494630530942175,96
real,chunk_13,137,GR,,96
real,chunk_13,137,IPC,,96
real,chunk_13,137,KR,36.21875,96
real,chunk_13,137,MC,,96
real,chunk_13,137,cosine_similarity,0.3164481595158577,96
real,chunk_13,137,kl_to_gaussian,0.6822620060367742,96
real,chunk_13,137,wt_mean,0.0015232137520797002,96
real,chunk_13,138,GR,,96
real,chunk_13,138,IPC,,96
real,chunk_13,138,KR,33.552083333333336,96
real,chunk_13,138,MC,,96
real,chunk_13,138,cosine_similarity,0.3297813236713409,96
real,chunk_13,138,kl_to_gaussian,0.6822619881978002,96
real,chunk_13,138,wt_mean,0.0014217028219717749,96
real,chunk_13,139,GR,,96
real,chunk_13,139,IPC,,96
real,chunk_13,139,KR,36.354166666666664,96
real,chunk_13,139,MC,,96
real,chunk_13,139,cosine_similarity,0.3199388310313225,96
real,chunk_13,139,kl_to_gaussian,0.6822619998746696,96
real,chunk_13,139,wt_mean,0.0015348804881796,96
real,chunk_14,140,GR,,96
real,chunk_14,140,IPC,,96
real,chunk_14,140,KR,29.875,96
real,chunk_14,140,MC,,96
real,chunk_14,140,cosine_similarity,0.30969575792551035,96
real,chunk_14,140,kl_to_gaussian,0.6822619997788072,96
real,chunk_14,140,wt_mean,0.001320627226959875,96
real,chunk_14,141,GR,,96
real,chunk_14,141,IPC,,96
real,chunk_14,141,KR,34.739583333333336,96
real,chunk_14,141,MC,,96
real,chunk_14,141,cosine_similarity,0.32091163098812103,96
real,chunk_14,141,kl_to_gaussian,0.6823334281041696,96
real,chunk_14,141,wt_mean,0.001479532773373575,96
real,chunk_14,142,GR,,96
real,chunk_14,142,IPC,,96
real,chunk_14,142,KR,33.4375,96
real,chunk_14,142,MC,,96
real,chunk_14,142,cosine_similarity,0.3179932236671448,96
real,chunk_14,142,kl_to_gaussian,0.6823334484750726,96
real,chunk_14,142,wt_mean,0.0014506428269668748,96
real,chunk_14,143,GR,,96
real,chunk_14,143,IPC,,96
real,chunk_14,143,KR,36.416666666666664,96
real,chunk_14,143,MC,,96
real,chunk_14,143,cosine_similarity,0.3027144223451614,96
real,chunk_14,143,kl_to_gaussian,0.6822619959475977,96
real,chunk_14,143,wt_mean,0.0013491643621818502,96
real,chunk_14,144,GR,,96
real,chunk_14,144,IPC,,96
real,chunk_14,144,KR,37.322916666666664,96
real,chunk_14,144,MC,,96
real,chunk_14,144,cosine_similarity,0.32096887379884714,96
real,chunk_14,144,kl_to_gaussian,0.6823334399070994,96
real,chunk_14,144,wt_mean,0.0014396755141205502,96
real,chunk_14,145,GR,,96
real,chunk_14,145,IPC,,96
real,chunk_14,145,KR,31.041666666666668,96
real,chunk_14,145,MC,,96
real,chunk_14,145,cosine_similarity,0.3199388235807419,96
real,chunk_14,145,kl_to_gaussian,0.6823334472691154,96
real,chunk_14,145,wt_mean,0.001357332759653175,96
real,chunk_14,146,GR,,96
real,chunk_14,146,IPC,,96
real,chunk_14,146,KR,31.3125,96
real,chunk_14,146,MC,,96
real,chunk_14,146,cosine_similarity,0.32417340576648707,96
real,chunk_14,146,kl_to_gaussian,0.6822619843583378,96
real,chunk_14,146,wt_mean,0.0014244542398954999,96
real,chunk_14,147,GR,,96
real,chunk_14,147,IPC,,96
real,chunk_14,147,KR,39.625,96
real,chunk_14,147,MC,,96
real,chunk_14,147,cosine_similarity,0.32062552124261856,96
real,chunk_14,147,kl_to_gaussian,0.6822619886241591,96
real,chunk_14,147,wt_mean,0.0015778873930684752,96
real,chunk_14,148,GR,,96
real,chunk_14,148,IPC,,96
real,chunk_14,148,KR,40.510416666666664,96
real,chunk_14,148,MC,,96
real,chunk_14,148,cosine_similarity,0.3193093612790108,96
real,chunk_14,148,kl_to_gaussian,0.6823334405592836,96
real,chunk_14,148,wt_mean,0.001538594806333975,96
real,chunk_14,149,GR,,96
real,chunk_14,149,IPC,,96
real,chunk_14,149,KR,33.958333333333336,96
real,chunk_14,149,MC,,96
real,chunk_14,149,cosine_similarity,0.32171276211738586,96
real,chunk_14,149,kl_to_gaussian,0.6822620069959641,96
real,chunk_14,149,wt_mean,0.001554329995997225,96
real,chunk_15,150,GR,,96
real,chunk_15,150,IPC,,96
real,chunk_15,150,KR,34.15625,96
real,chunk_15,150,MC,,96
real,chunk_15,150,cosine_similarity,0.31444535404443735,96
real,chunk_15,150,kl_to_gaussian,0.68226199431556,96
real,chunk_15,150,wt_mean,0.0014799914497415749,96
real,chunk_15,151,GR,,96
real,chunk_15,151,IPC,,96
real,chunk_15,151,KR,29.354166666666668,96
real,chunk_15,151,MC,,96
real,chunk_15,151,cosine_similarity,0.3112407773733139,96
real,chunk_15,151,kl_to_gaussian,0.6822619803599718,96
real,chunk_15,151,wt_mean,0.00132123717048665,96
real,chunk_15,152,GR,,96
real,chunk_15,152,IPC,,96
real,chunk_15,152,KR,34.875,96
real,chunk_15,152,MC,,96
real,chunk_15,152,cosine_similarity,0.32251392304897303,96
real,chunk_15,152,kl_to_gaussian,0.6823334431650867,96
real,chunk_15,152,wt_mean,0.001529615867184425,96
real,chunk_15,153,GR,,96
real,chunk_15,153,IPC,,96
real,chunk_15,153,KR,30.3125,96
real,chunk_15,153,MC,,96
real,chunk_15,153,cosine_similarity,0.3099818453192711,96
real,chunk_15,153,kl_to_gaussian,0.6822619814295131,96
real,chunk_15,153,wt_mean,0.00138416438130655,96
real,chunk_15,154,GR,,96
real,chunk_15,154,IPC,,96
real,chunk_15,154,KR,36.947916666666664,96
real,chunk_15,154,MC,,96
real,chunk_15,154,cosine_similarity,0.30792181193828577,96
real,chunk_15,154,kl_to_gaussian,0.6822619838778996,96
real,chunk_15,154,wt_mean,0.00149670563405375,96
real,chunk_15,155,GR,,96
real,chunk_15,155,IPC,,96
real,chunk_15,155,KR,30.822916666666668,96
real,chunk_15,155,MC,,96
real,chunk_15,155,cosine_similarity,0.3214266449213028,96
real,chunk_15,155,kl_to_gaussian,0.6823334502584443,96
real,chunk_15,155,wt_mean,0.0014974154764785998,96
real,chunk_15,156,GR,,96
real,chunk_15,156,IPC,,96
real,chunk_15,156,KR,39.177083333333336,96
real,chunk_15,156,MC,,96
real,chunk_15,156,cosine_similarity,0.329037457704544,96
real,chunk_15,156,kl_to_gaussian,0.6822619793797786,96
real,chunk_15,156,wt_mean,0.0016842591285239248,96
real,chunk_15,157,GR,,96
real,chunk_15,157,IPC,,96
real,chunk_15,157,KR,36.270833333333336,96
real,chunk_15,157,MC,,96
real,chunk_15,157,cosine_similarity,0.32817904651165003,96
real,chunk_15,157,kl_to_gaussian,0.6822619837100765,96
real,chunk_15,157,wt_mean,0.001617474306840375,96
real,chunk_15,158,GR,,96
real,chunk_15,158,IPC,,96
real,chunk_15,158,KR,34.104166666666664,96
real,chunk_15,158,MC,,96
real,chunk_15,158,cosine_similarity,0.32131219655275345,96
real,chunk_15,158,kl_to_gaussian,0.6823334424786992,96
real,chunk_15,158,wt_mean,0.00151827430818225,96
real,chunk_15,159,GR,,96
real,chunk_15,159,IPC,,96
real,chunk_15,159,KR,35.614583333333336,96
real,chunk_15,159,MC,,96
real,chunk_15,159,cosine_similarity,0.31141248345375055,96
real,chunk_15,159,kl_to_gaussian,0.6823334397999407,96
real,chunk_15,159,wt_mean,0.0014538137766066498,96
real,chunk_16,160,GR,,96
real,chunk_16,160,IPC,,96
real,chunk_16,160,KR,36.708333333333336,96
real,chunk_16,160,MC,,96
real,chunk_16,160,cosine_similarity,0.30317224562168116,96
real,chunk_16,160,kl_to_gaussian,0.6823334472696282,96
real,chunk_16,160,wt_mean,0.001307327635004125,96
real,chunk_16,161,GR,,96
real,chunk_16,161,IPC,,96
real,chunk_16,161,KR,37.833333333333336,96
real,chunk_16,161,MC,,96
real,chunk_16,161,cosine_similarity,0.3236583694815635,96
real,chunk_16,161,kl_to_gaussian,0.682261998281464,96
real,chunk_16,161,wt_mean,0.0015370635373983,96
real,chunk_16,162,GR,,96
real,chunk_16,162,IPC,,96
real,chunk_16,162,KR,34.645833333333336,96
real,chunk_16,162,MC,,96
real,chunk_16,162,cosine_similarity,0.30317223072051996,96
real,chunk_16,162,kl_to_gaussian,0.6822619976151049,96
real,chunk_16,162,wt_mean,0.0014206352061591498,96
real,chunk_16,163,GR,,96
real,chunk_16,163,IPC,,96
real,chunk_16,163,KR,32.78125,96
real,chunk_16,163,MC,,96
real,chunk_16,163,cosine_similarity,0.3211405202746391,96
real,chunk_16,163,kl_to_gaussian,0.6823334389397645,96
real,chunk_16,163,wt_mean,0.001509949623141375,96
real,chunk_16,164,GR,,96
real,chunk_16,164,IPC,,96
real,chunk_16,164,KR,38.53125,96
real,chunk_16,164,MC,,96
real,chunk_16,164,cosine_similarity,0.32589009404182434,96
real,chunk_16,164,kl_to_gaussian,0.6822620055169709,96
real,chunk_16,164,wt_mean,0.00158456561621275,96
real,chunk_16,165,GR,,96
real,chunk_16,165,IPC,,96
real,chunk_16,165,KR,38.59375,96
real,chunk_16,165,MC,,96
real,chunk_16,165,cosine_similarity,0.32348673045635223,96
real,chunk_16,165,kl_to_gaussian,0.6822620043146496,96
real,chunk_16,165,wt_mean,0.001523910847026775,96
real,chunk_16,166,GR,,96
real,chunk_16,166,IPC,,96
real,chunk_16,166,KR,34.510416666666664,96
real,chunk_16,166,MC,,96
real,chunk_16,166,cosine_similarity,0.310954675078392,96
real,chunk_16,166,kl_to_gaussian,0.6822619905198883,96
real,chunk_16,166,wt_mean,0.00146118237171315,96
real,chunk_16,167,GR,,96
real,chunk_16,167,IPC,,96
real,chunk_16,167,KR,32.833333333333336,96
real,chunk_16,167,MC,,96
real,chunk_16,167,cosine_similarity,0.3158759474754333,96
real,chunk_16,167,kl_to_gaussian,0.6823334411318397,96
real,chunk_16,167,wt_mean,0.001337846348178525,96
real,chunk_16,168,GR,,96
real,chunk_16,168,IPC,,96
real,chunk_16,168,KR,32.59375,96
real,chunk_16,168,MC,,96
real,chunk_16,168,cosine_similarity,0.3179360255599022,96
real,chunk_16,168,kl_to_gaussian,0.6823334309910772,96
real,chunk_16,168,wt_mean,0.0014628973440266502,96
real,chunk_16,169,GR,,96
real,chunk_16,169,IPC,,96
real,chunk_16,169,KR,34.895833333333336,96
real,chunk_16,169,MC,,96
real,chunk_16,169,cosine_similarity,0.3142736628651619,96
real,chunk_16,169,kl_to_gaussian,0.6823334622134879,96
real,chunk_16,169,wt_mean,0.0014797293406445002,96
real,chunk_17,170,GR,,96
real,chunk_17,170,IPC,,96
real,chunk_17,170,KR,33.375,96
real,chunk_17,170,MC,,96
real,chunk_17,170,cosine_similarity,0.3006543591618538,96
real,chunk_17,170,kl_to_gaussian,0.6822620058078156,96
real,chunk_17,170,wt_mean,0.001295932423090525,96
real,chunk_17,171,GR,,96
real,chunk_17,171,IPC,,96
real,chunk_17,171,KR,29.427083333333332,96
real,chunk_17,171,MC,,96
real,chunk_17,171,cosine_similarity,0.31335807591676706,96
real,chunk_17,171,kl_to_gaussian,0.68233345510012,96
real,chunk_17,171,wt_mean,0.00138406202313485,96
real,chunk_17,172,GR,,96
real,chunk_17,172,IPC,,96
real,chunk_17,172,KR,30.020833333333332,96
real,chunk_17,172,MC,,96
real,chunk_17,172,cosine_similarity,0.31141245365142817,96
real,chunk_17,172,kl_to_gaussian,0.6822620027579703,96
real,chunk_17,172,wt_mean,0.0013656031806021502,96
real,chunk_17,173,GR,,96
real,chunk_17,173,IPC,,96
real,chunk_17,173,KR,33.78125,96
real,chunk_17,173,MC,,96
real,chunk_17,173,cosine_similarity,0.3136441856622696,96
real,chunk_17,173,kl_to_gaussian,0.6823334460238443,96
real,chunk_17,173,wt_mean,0.001348832520307,96
real,chunk_17,174,GR,,96
real,chunk_17,174,IPC,,96
real,chunk_17,174,KR,38.885416666666664,96
real,chunk_17,174,MC,,96
real,chunk_17,174,cosine_similarity,0.3149603381752968,96
real,chunk_17,174,kl_to_gaussian,0.6822619923270284,96
real,chunk_17,174,wt_mean,0.001490809110691725,96
real,chunk_17,175,GR,,96
real,chunk_17,175,IPC,,96
real,chunk_17,175,KR,30.833333333333332,96
real,chunk_17,175,MC,,96
real,chunk_17,175,cosine_similarity,0.3253751024603843,96
real,chunk_17,175,kl_to_gaussian,0.6822619909292134,96
real,chunk_17,175,wt_mean,0.001414856902556475,96
real,chunk_17,176,GR,,96
real,chunk_17,176,IPC,,96
real,chunk_17,176,KR,31.322916666666668,96
real,chunk_17,176,MC,,96
real,chunk_17,176,cosine_similarity,0.30912352353334427,96
real,chunk_17,176,kl_to_gaussian,0.6822619962340144,96
real,chunk_17,176,wt_mean,0.001370883037452525,96
real,chunk_17,177,GR,,96
real,chunk_17,177,IPC,,96
real,chunk_17,177,KR,37.583333333333336,96
real,chunk_17,177,MC,,96
real,chunk_17,177,cosine_similarity,0.32257112115621567,96
real,chunk_17,177,kl_to_gaussian,0.6822619888673991,96
real,chunk_17,177,wt_mean,0.0015295878692995247,96
real,chunk_17,178,GR,,96
real,chunk_17,178,IPC,,96
real,chunk_17,178,KR,31.677083333333332,96
real,chunk_17,178,MC,,96
real,chunk_17,178,cosine_similarity,0.31272865086793894,96
real,chunk_17,178,kl_to_gaussian,0.6822620186702005,96
real,chunk_17,178,wt_mean,0.0014579537382814502,96
real,chunk_17,179,GR,,96
real,chunk_17,179,IPC,,96
real,chunk_17,179,KR,31.875,96
real,chunk_17,179,MC,,96
real,chunk_17,179,cosine_similarity,0.31633373349905014,96
real,chunk_17,179,kl_to_gaussian,0.6822619965693112,96
real,chunk_17,179,wt_mean,0.00133877297048455,96
real,chunk_18,180,GR,,96
real,chunk_18,180,IPC,,96
real,chunk_18,180,KR,28.552083333333332,96
real,chunk_18,180,MC,,96
real,chunk_18,180,cosine_similarity,0.3256612122058868,96
real,chunk_18,180,kl_to_gaussian,0.6822619937996214,96
real,chunk_18,180,wt_mean,0.001434962992789175,96
real,chunk_18,181,GR,,96
real,chunk_18,181,IPC,,96
real,chunk_18,181,KR,36.697916666666664,96
real,chunk_18,181,MC,,96
real,chunk_18,181,cosine_similarity,0.3171348571777344,96
real,chunk_18,181,kl_to_gaussian,0.6822619925127439,96
real,chunk_18,181,wt_mean,0.001501970982644675,96
real,chunk_18,182,GR,,96
real,chunk_18,182,IPC,,96
real,chunk_18,182,KR,29.458333333333332,96
real,chunk_18,182,MC,,96
real,chunk_18,182,cosine_similarity,0.32228498905897135,96
real,chunk_18,182,kl_to_gaussian,0.6822619879199432,96
real,chunk_18,182,wt_mean,0.0013870592520106248,96
real,chunk_18,183,GR,,96
real,chunk_18,183,IPC,,96
real,chunk_18,183,KR,40.625,96
real,chunk_18,183,MC,,96
real,chunk_18,183,cosine_similarity,0.31461702287197113,96
real,chunk_18,183,kl_to_gaussian,0.6823334418191426,96
real,chunk_18,183,wt_mean,0.0015001322608440499,96
real,chunk_18,184,GR,,96
real,chunk_18,184,IPC,,96
real,chunk_18,184,KR,35.239583333333336,96
real,chunk_18,184,MC,,96
real,chunk_18,184,cosine_similarity,0.32211335003376007,96
real,chunk_18,184,kl_to_gaussian,0.6822619937002553,96
real,chunk_18,184,wt_mean,0.0013854934368282,96
real,chunk_18,185,GR,,96
real,chunk_18,185,IPC,,96
real,chunk_18,185,KR,37.5625,96
real,chunk_18,185,MC,,96
real,chunk_18,185,cosine_similarity,0.3178787678480148,96
real,chunk_18,185,kl_to_gaussian,0.68226200269861,96
real,chunk_18,185,wt_mean,0.0015012570656835749,96
real,chunk_18,186,GR,,96
real,chunk_18,186,IPC,,96
real,chunk_18,186,KR,29.302083333333332,96
real,chunk_18,186,MC,,96
real,chunk_18,186,cosine_similarity,0.31455980986356735,96
real,chunk_18,186,kl_to_gaussian,0.6822619896339561,96
real,chunk_18,186,wt_mean,0.0013164878764654999,96
real,chunk_18,187,GR,,96
real,chunk_18,187,IPC,,96
real,chunk_18,187,KR,40.135416666666664,96
real,chunk_18,187,MC,,96
real,chunk_18,187,cosine_similarity,0.31707764416933054,96
real,chunk_18,187,kl_to_gaussian,0.6822619886347026,96
real,chunk_18,187,wt_mean,0.001558941527036925,96
real,chunk_18,188,GR,,96
real,chunk_18,188,IPC,,96
real,chunk_18,188,KR,33.322916666666664,96
real,chunk_18,188,MC,,96
real,chunk_18,188,cosine_similarity,0.30277165770530695,96
real,chunk_18,188,kl_to_gaussian,0.6822620020569832,96
real,chunk_18,188,wt_mean,0.0013432406412902751,96
real,chunk_18,189,GR,,96
real,chunk_18,189,IPC,,96
real,chunk_18,189,KR,31.708333333333332,96
real,chunk_18,189,MC,,96
real,chunk_18,189,cosine_similarity,0.3047744780778885,96
real,chunk_18,189,kl_to_gaussian,0.6824048990185937,96
real,chunk_18,189,wt_mean,0.0014595195534638499,96
real,chunk_19,190,GR,,96
real,chunk_19,190,IPC,,96
real,chunk_19,190,KR,32.5,96
real,chunk_19,190,MC,,96
real,chunk_19,190,cosine_similarity,0.3236011937260627,96
real,chunk_19,190,kl_to_gaussian,0.682262003136788,96
real,chunk_19,190,wt_mean,0.001415025035385,96
real,chunk_19,191,GR,,96
real,chunk_19,191,IPC,,96
real,chunk_19,191,KR,32.34375,96
real,chunk_19,191,MC,,96
real,chunk_19,191,cosine_similarity,0.312728613615036,96
real,chunk_19,191,kl_to_gaussian,0.6822619968405661,96
real,chunk_19,191,wt_mean,0.001371584570733775,96
real,chunk_19,192,GR,,96
real,chunk_19,192,IPC,,96
real,chunk_19,192,KR,31.854166666666668,96
real,chunk_19,192,MC,,96
real,chunk_19,192,cosine_similarity,0.31038243323564524,96
real,chunk_19,192,kl_to_gaussian,0.6823334418930052,96
real,chunk_19,192,wt_mean,0.0014540634292643248,96
real,chunk_19,193,GR,,96
real,chunk_19,193,IPC,,96
real,chunk_19,193,KR,32.791666666666664,96
real,chunk_19,193,MC,,96
real,chunk_19,193,cosine_similarity,0.31650540232658386,96
real,chunk_19,193,kl_to_gaussian,0.6823334440506851,96
real,chunk_19,193,wt_mean,0.00145202243584205,96
real,chunk_19,194,GR,,96
real,chunk_19,194,IPC,,96
real,chunk_19,194,KR,33.6875,96
real,chunk_19,194,MC,,96
real,chunk_19,194,cosine_similarity,0.313129149377346,96
real,chunk_19,194,kl_to_gaussian,0.6823334492621069,96
real,chunk_19,194,wt_mean,0.0014151631039566752,96
real,chunk_19,195,GR,,96
real,chunk_19,195,IPC,,96
real,chunk_19,195,KR,28.427083333333332,96
real,chunk_19,195,MC,,96
real,chunk_19,195,cosine_similarity,0.3090090528130531,96
real,chunk_19,195,kl_to_gaussian,0.682261997397823,96
real,chunk_19,195,wt_mean,0.0013595341151812499,96
real,chunk_19,196,GR,,96
real,chunk_19,196,IPC,,96
real,chunk_19,196,KR,32.229166666666664,96
real,chunk_19,196,MC,,96
real,chunk_19,196,cosine_similarity,0.30494617670774454,96
real,chunk_19,196,kl_to_gaussian,0.6822619944933624,96
real,chunk_19,196,wt_mean,0.001412469777278525,96
real,chunk_19,197,GR,,96
real,chunk_19,197,IPC,,96
real,chunk_19,197,KR,39.645833333333336,96
real,chunk_19,197,MC,,96
real,chunk_19,197,cosine_similarity,0.31478869915008545,96
real,chunk_19,197,kl_to_gaussian,0.6823334533973289,96
real,chunk_19,197,wt_mean,0.0015027085610199,96
real,chunk_19,198,GR,,96
real,chunk_19,198,IPC,,96
real,chunk_19,198,KR,33.25,96
real,chunk_19,198,MC,,96
real,chunk_19,198,cosine_similarity,0.32039663195610046,96
real,chunk_19,198,kl_to_gaussian,0.6823334360705736,96
real,chunk_19,198,wt_mean,0.0013946037215645751,96
real,chunk_19,199,GR,,96
real,chunk_19,199,IPC,,96
real,chunk_19,199,KR,37.572916666666664,96
real,chunk_19,199,MC,,96
real,chunk_19,199,cosine_similarity,0.31352975964546204,96
real,chunk_19,199,kl_to_gaussian,0.6822619767036299,96
real,chunk_19,199,wt_mean,0.001500980579294225,96
real,chunk_2,20,GR,,96
real,chunk_2,20,IPC,,96
real,chunk_2,20,KR,35.197916666666664,96
real,chunk_2,20,MC,,96
real,chunk_2,20,cosine_similarity,0.3186226934194565,96
real,chunk_2,20,kl_to_gaussian,0.6822620016825742,96
real,chunk_2,20,wt_mean,0.00153262051753695,96
real,chunk_2,21,GR,,96
real,chunk_2,21,IPC,,96
real,chunk_2,21,KR,35.447916666666664,96
real,chunk_2,21,MC,,96
real,chunk_2,21,cosine_similarity,0.32726348191499705,96
real,chunk_2,21,kl_to_gaussian,0.6822619972197383,96
real,chunk_2,21,wt_mean,0.001463810505811075,96
real,chunk_2,22,GR,,96
real,chunk_2,22,IPC,,96
real,chunk_2,22,KR,31.989583333333332,96
real,chunk_2,22,MC,,96
real,chunk_2,22,cosine_similarity,0.31444533169269556,96
real,chunk_2,22,kl_to_gaussian,0.6822620025287139,96
real,chunk_2,22,wt_mean,0.0014872988394927,96
real,chunk_2,23,GR,,96
real,chunk_2,23,IPC,,96
real,chunk_2,23,KR,37.875,96
real,chunk_2,23,MC,,96
real,chunk_2,23,cosine_similarity,0.31135525554418564,96
real,chunk_2,23,kl_to_gaussian,0.6822619947024117,96
real,chunk_2,23,wt_mean,0.0014907252334523502,96
real,chunk_2,24,GR,,96
real,chunk_2,24,IPC,,96
real,chunk_2,24,KR,35.5,96
real,chunk_2,24,MC,,96
real,chunk_2,24,cosine_similarity,0.3036872521042823,96
real,chunk_2,24,kl_to_gaussian,0.6822619907433726,96
real,chunk_2,24,wt_mean,0.0014725759683642,96
real,chunk_2,25,GR,,96
real,chunk_2,25,IPC,,96
real,chunk_2,25,KR,33.333333333333336,96
real,chunk_2,25,MC,,96
real,chunk_2,25,cosine_similarity,0.30511783808469767,96
real,chunk_2,25,kl_to_gaussian,0.682261999612601,96
real,chunk_2,25,wt_mean,0.00143138182465915,96
real,chunk_2,26,GR,,96
real,chunk_2,26,IPC,,96
real,chunk_2,26,KR,31.552083333333332,96
real,chunk_2,26,MC,,96
real,chunk_2,26,cosine_similarity,0.31158411502838135,96
real,chunk_2,26,kl_to_gaussian,0.6824048675821618,96
real,chunk_2,26,wt_mean,0.00135696942743375,96
real,chunk_2,27,GR,,96
real,chunk_2,27,IPC,,96
real,chunk_2,27,KR,39.229166666666664,96
real,chunk_2,27,MC,,96
real,chunk_2,27,cosine_similarity,0.3142736703157425,96
real,chunk_2,27,kl_to_gaussian,0.6822619931285817,96
real,chunk_2,27,wt_mean,0.0014920511457603,96
real,chunk_2,28,GR,,96
real,chunk_2,28,IPC,,96
real,chunk_2,28,KR,44.583333333333336,96
real,chunk_2,28,MC,,96
real,chunk_2,28,cosine_similarity,0.32377283275127405,96
real,chunk_2,28,kl_to_gaussian,0.6823334241205056,96
real,chunk_2,28,wt_mean,0.001536997297080175,96
real,chunk_2,29,GR,,96
real,chunk_2,29,IPC,,96
real,chunk_2,29,KR,35.104166666666664,96
real,chunk_2,29,MC,,96
real,chunk_2,29,cosine_similarity,0.3092379719018936,96
real,chunk_2,29,kl_to_gaussian,0.6822620005074023,96
real,chunk_2,29,wt_mean,0.0014806452090851748,96
real,chunk_3,30,GR,,96
real,chunk_3,30,IPC,,96
real,chunk_3,30,KR,28.229166666666668,96
real,chunk_3,30,MC,,96
real,chunk_3,30,cosine_similarity,0.3186226859688759,96
real,chunk_3,30,kl_to_gaussian,0.6823334468157997,96
real,chunk_3,30,wt_mean,0.001408906071446775,96
real,chunk_3,31,GR,,96
real,chunk_3,31,IPC,,96
real,chunk_3,31,KR,38.770833333333336,96
real,chunk_3,31,MC,,96
real,chunk_3,31,cosine_similarity,0.31610482931137085,96
real,chunk_3,31,kl_to_gaussian,0.6823334227981751,96
real,chunk_3,31,wt_mean,0.0015541040920652,96
real,chunk_3,32,GR,,96
real,chunk_3,32,IPC,,96
real,chunk_3,32,KR,36.75,96
real,chunk_3,32,MC,,96
real,chunk_3,32,cosine_similarity,0.3009976968169212,96
real,chunk_3,32,kl_to_gaussian,0.6822620211692083,96
real,chunk_3,32,wt_mean,0.00145227616303595,96
real,chunk_3,33,GR,,96
real,chunk_3,33,IPC,,96
real,chunk_3,33,KR,39.583333333333336,96
real,chunk_3,33,MC,,96
real,chunk_3,33,cosine_similarity,0.30065435171127314,96
real,chunk_3,33,kl_to_gaussian,0.6822620009151064,96
real,chunk_3,33,wt_mean,0.00143379782093685,96
real,chunk_3,34,GR,,96
real,chunk_3,34,IPC,,96
real,chunk_3,34,KR,34.958333333333336,96
real,chunk_3,34,MC,,96
real,chunk_3,34,cosine_similarity,0.31330085545778275,96
real,chunk_3,34,kl_to_gaussian,0.6822619971948115,96
real,chunk_3,34,wt_mean,0.0014795479946769251,96
real,chunk_3,35,GR,,96
real,chunk_3,35,IPC,,96
real,chunk_3,35,KR,37.302083333333336,96
real,chunk_3,35,MC,,96
real,chunk_3,35,cosine_similarity,0.3187371417880058,96
real,chunk_3,35,kl_to_gaussian,0.6822620054388082,96
real,chunk_3,35,wt_mean,0.0015106851351446998,96
real,chunk_3,36,GR,,96
real,chunk_3,36,IPC,,96
real,chunk_3,36,KR,32.208333333333336,96
real,chunk_3,36,MC,,96
real,chunk_3,36,cosine_similarity,0.32142663747072214,96
real,chunk_3,36,kl_to_gaussian,0.6823334558109266,96
real,chunk_3,36,wt_mean,0.0013842838234267498,96
real,chunk_3,37,GR,,96
real,chunk_3,37,IPC,,96
real,chunk_3,37,KR,36.96875,96
real,chunk_3,37,MC,,96
real,chunk_3,37,cosine_similarity,0.31736374646425247,96
real,chunk_3,37,kl_to_gaussian,0.6823334436559869,96
real,chunk_3,37,wt_mean,0.0015622043283655752,96
real,chunk_3,38,GR,,96
real,chunk_3,38,IPC,,96
real,chunk_3,38,KR,35.21875,96
real,chunk_3,38,MC,,96
real,chunk_3,38,cosine_similarity,0.3028860986232757,96
real,chunk_3,38,kl_to_gaussian,0.6822619902693564,96
real,chunk_3,38,wt_mean,0.0013938721967860501,96
real,chunk_3,39,GR,,96
real,chunk_3,39,IPC,,96
real,chunk_3,39,KR,32.34375,96
real,chunk_3,39,MC,,96
real,chunk_3,39,cosine_similarity,0.3041450232267379,96
real,chunk_3,39,kl_to_gaussian,0.6822619911498075,96
real,chunk_3,39,wt_mean,0.001364709067274775,96
real,chunk_4,40,GR,,96
real,chunk_4,40,IPC,,96
real,chunk_4,40,KR,39.520833333333336,96
real,chunk_4,40,MC,,96
real,chunk_4,40,cosine_similarity,0.31427368521690363,96
real,chunk_4,40,kl_to_gaussian,0.6822619913248626,96
real,chunk_4,40,wt_mean,0.00151392162661065,96
real,chunk_4,41,GR,,96
real,chunk_4,41,IPC,,96
real,chunk_4,41,KR,37.760416666666664,96
real,chunk_4,41,MC,,96
real,chunk_4,41,cosine_similarity,0.3210260942578316,96
real,chunk_4,41,kl_to_gaussian,0.6824048825242107,96
real,chunk_4,41,wt_mean,0.00152145302854475,96
real,chunk_4,42,GR,,96
real,chunk_4,42,IPC,,96
real,chunk_4,42,KR,35.25,96
real,chunk_4,42,MC,,96
real,chunk_4,42,cosine_similarity,0.31524646282196045,96
real,chunk_4,42,kl_to_gaussian,0.6823334375349264,96
real,chunk_4,42,wt_mean,0.0014655298145953251,96
real,chunk_4,43,GR,,96
real,chunk_4,43,IPC,,96
real,chunk_4,43,KR,35.416666666666664,96
real,chunk_4,43,MC,,96
real,chunk_4,43,cosine_similarity,0.3265195786952972,96
real,chunk_4,43,kl_to_gaussian,0.6823334373547684,96
real,chunk_4,43,wt_mean,0.001410961325745975,96
real,chunk_4,44,GR,,96
real,chunk_4,44,IPC,,96
real,chunk_4,44,KR,36.385416666666664,96
real,chunk_4,44,MC,,96
real,chunk_4,44,cosine_similarity,0.30975297093391413,96
real,chunk_4,44,kl_to_gaussian,0.6823334537499012,96
real,chunk_4,44,wt_mean,0.001496292039519125,96
real,chunk_4,45,GR,,96
real,chunk_4,45,IPC,,96
real,chunk_4,45,KR,34.322916666666664,96
real,chunk_4,45,MC,,96
real,chunk_4,45,cosine_similarity,0.3052322715520858,96
real,chunk_4,45,kl_to_gaussian,0.6822620040634034,96
real,chunk_4,45,wt_mean,0.0013845589128322249,96
real,chunk_4,46,GR,,96
real,chunk_4,46,IPC,,96
real,chunk_4,46,KR,37.4375,96
real,chunk_4,46,MC,,96
real,chunk_4,46,cosine_similarity,0.30666287243366236,96
real,chunk_4,46,kl_to_gaussian,0.6822619991535285,96
real,chunk_4,46,wt_mean,0.0015069935470818998,96
real,chunk_4,47,GR,,96
real,chunk_4,47,IPC,,96
real,chunk_4,47,KR,36.625,96
real,chunk_4,47,MC,,96
real,chunk_4,47,cosine_similarity,0.3132436126470566,96
real,chunk_4,47,kl_to_gaussian,0.6823334300642433,96
real,chunk_4,47,wt_mean,0.001513309456640825,96
real,chunk_4,48,GR,,96
real,chunk_4,48,IPC,,96
real,chunk_4,48,KR,31.197916666666668,96
real,chunk_4,48,MC,,96
real,chunk_4,48,cosine_similarity,0.31656263023614883,96
real,chunk_4,48,kl_to_gaussian,0.6822619923165197,96
real,chunk_4,48,wt_mean,0.0013760705332970002,96
real,chunk_4,49,GR,,96
real,chunk_4,49,IPC,,96
real,chunk_4,49,KR,35.020833333333336,96
real,chunk_4,49,MC,,96
real,chunk_4,49,cosine_similarity,0.3210833072662353,96
real,chunk_4,49,kl_to_gaussian,0.6822619950325831,96
real,chunk_4,49,wt_mean,0.00151419188478025,96
real,chunk_5,50,GR,,96
real,chunk_5,50,IPC,,96
real,chunk_5,50,KR,34.666666666666664,96
real,chunk_5,50,MC,,96
real,chunk_5,50,cosine_similarity,0.3127858638763428,96
real,chunk_5,50,kl_to_gaussian,0.6823334478364639,96
real,chunk_5,50,wt_mean,0.001496201555710225,96
real,chunk_5,51,GR,,96
real,chunk_5,51,IPC,,96
real,chunk_5,51,KR,34.1875,96
real,chunk_5,51,MC,,96
real,chunk_5,51,cosine_similarity,0.3068345412611961,96
real,chunk_5,51,kl_to_gaussian,0.6822619974352125,96
real,chunk_5,51,wt_mean,0.0013510482240235,96
real,chunk_5,52,GR,,96
real,chunk_5,52,IPC,,96
real,chunk_5,52,KR,36.822916666666664,96
real,chunk_5,52,MC,,96
real,chunk_5,52,cosine_similarity,0.31518925726413727,96
real,chunk_5,52,kl_to_gaussian,0.6824049064549067,96
real,chunk_5,52,wt_mean,0.0015357535448856,96
real,chunk_5,53,GR,,96
real,chunk_5,53,IPC,,96
real,chunk_5,53,KR,37.5,96
real,chunk_5,53,MC,,96
real,chunk_5,53,cosine_similarity,0.3133008703589439,96
real,chunk_5,53,kl_to_gaussian,0.6822620038478839,96
real,chunk_5,53,wt_mean,0.001471413968829375,96
real,chunk_5,54,GR,,96
real,chunk_5,54,IPC,,96
real,chunk_5,54,KR,31.114583333333332,96
real,chunk_5,54,MC,,96
real,chunk_5,54,cosine_similarity,0.3253178820014,96
real,chunk_5,54,kl_to_gaussian,0.6822619969529206,96
real,chunk_5,54,wt_mean,0.0014236035349312751,96
real,chunk_5,55,GR,,96
real,chunk_5,55,IPC,,96
real,chunk_5,55,KR,39.625,96
real,chunk_5,55,MC,,96
real,chunk_5,55,cosine_similarity,0.31370142102241516,96
real,chunk_5,55,kl_to_gaussian,0.6822619935559087,96
real,chunk_5,55,wt_mean,0.00149266622611315,96
real,chunk_5,56,GR,,96
real,chunk_5,56,IPC,,96
real,chunk_5,56,KR,35.239583333333336,96
real,chunk_5,56,MC,,96
real,chunk_5,56,cosine_similarity,0.3198243975639343,96
real,chunk_5,56,kl_to_gaussian,0.682261993820171,96
real,chunk_5,56,wt_mean,0.0014813163725193,96
real,chunk_5,57,GR,,96
real,chunk_5,57,IPC,,96
real,chunk_5,57,KR,35.166666666666664,96
real,chunk_5,57,MC,,96
real,chunk_5,57,cosine_similarity,0.32114052027463913,96
real,chunk_5,57,kl_to_gaussian,0.6822619922039533,96
real,chunk_5,57,wt_mean,0.0015798607491887499,96
real,chunk_5,58,GR,,96
real,chunk_5,58,IPC,,96
real,chunk_5,58,KR,33.458333333333336,96
real,chunk_5,58,MC,,96
real,chunk_5,58,cosine_similarity,0.3166770562529564,96
real,chunk_5,58,kl_to_gaussian,0.6822620056290675,96
real,chunk_5,58,wt_mean,0.001347344863461275,96
real,chunk_5,59,GR,,96
real,chunk_5,59,IPC,,96
real,chunk_5,59,KR,32.260416666666664,96
real,chunk_5,59,MC,,96
real,chunk_5,59,cosine_similarity,0.31221360713243484,96
real,chunk_5,59,kl_to_gaussian,0.6822620010647483,96
real,chunk_5,59,wt_mean,0.0013403622433542748,96
real,chunk_6,60,GR,,96
real,chunk_6,60,IPC,,96
real,chunk_6,60,KR,33.145833333333336,96
real,chunk_6,60,MC,,96
real,chunk_6,60,cosine_similarity,0.31187026947736735,96
real,chunk_6,60,kl_to_gaussian,0.6823334321361111,96
real,chunk_6,60,wt_mean,0.001381827314617075,96
real,chunk_6,61,GR,,96
real,chunk_6,61,IPC,,96
real,chunk_6,61,KR,31.697916666666668,96
real,chunk_6,61,MC,,96
real,chunk_6,61,cosine_similarity,0.31404477357864374,96
real,chunk_6,61,kl_to_gaussian,0.6824048979665438,96
real,chunk_6,61,wt_mean,0.001406653318554125,96
real,chunk_6,62,GR,,96
real,chunk_6,62,IPC,,96
real,chunk_6,62,KR,29.458333333333332,96
real,chunk_6,62,MC,,96
real,chunk_6,62,cosine_similarity,0.32772126793861384,96
real,chunk_6,62,kl_to_gaussian,0.6822619917054696,96
real,chunk_6,62,wt_mean,0.001463208172935925,96
real,chunk_6,63,GR,,96
real,chunk_6,63,IPC,,96
real,chunk_6,63,KR,37.53125,96
real,chunk_6,63,MC,,96
real,chunk_6,63,cosine_similarity,0.31925213336944575,96
real,chunk_6,63,kl_to_gaussian,0.6822619861574847,96
real,chunk_6,63,wt_mean,0.0015330430178437,96
real,chunk_6,64,GR,,96
real,chunk_6,64,IPC,,96
real,chunk_6,64,KR,36.885416666666664,96
real,chunk_6,64,MC,,96
real,chunk_6,64,cosine_similarity,0.33310034871101374,96
real,chunk_6,64,kl_to_gaussian,0.6822620019932232,96
real,chunk_6,64,wt_mean,0.0016167043067979749,96
real,chunk_6,65,GR,,96
real,chunk_6,65,IPC,,96
real,chunk_6,65,KR,35.541666666666664,96
real,chunk_6,65,MC,,96
real,chunk_6,65,cosine_similarity,0.3178215399384498,96
real,chunk_6,65,kl_to_gaussian,0.6823334594813355,96
real,chunk_6,65,wt_mean,0.0015144262288231001,96
real,chunk_6,66,GR,,96
real,chunk_6,66,IPC,,96
real,chunk_6,66,KR,32.6875,96
real,chunk_6,66,MC,,96
real,chunk_6,66,cosine_similarity,0.3149031475186348,96
real,chunk_6,66,kl_to_gaussian,0.6822619851730715,96
real,chunk_6,66,wt_mean,0.00139322632458055,96
real,chunk_6,67,GR,,96
real,chunk_6,67,IPC,,96
real,chunk_6,67,KR,36.59375,96
real,chunk_6,67,MC,,96
real,chunk_6,67,cosine_similarity,0.30385891348123545,96
real,chunk_6,67,kl_to_gaussian,0.6822619923384335,96
real,chunk_6,67,wt_mean,0.0014384467795025,96
real,chunk_6,68,GR,,96
real,chunk_6,68,IPC,,96
real,chunk_6,68,KR,39.833333333333336,96
real,chunk_6,68,MC,,96
real,chunk_6,68,cosine_similarity,0.31324364989995956,96
real,chunk_6,68,kl_to_gaussian,0.6822619943505143,96
real,chunk_6,68,wt_mean,0.00148708495544265,96
real,chunk_6,69,GR,,96
real,chunk_6,69,IPC,,96
real,chunk_6,69,KR,32.635416666666664,96
real,chunk_6,69,MC,,96
real,chunk_6,69,cosine_similarity,0.31330084800720215,96
real,chunk_6,69,kl_to_gaussian,0.6822619823856906,96
real,chunk_6,69,wt_mean,0.001396437088260375,96
real,chunk_7,70,GR,,96
real,chunk_7,70,IPC,,96
real,chunk_7,70,KR,32.0,96
real,chunk_7,70,MC,,96
real,chunk_7,70,cosine_similarity,0.32217055559158325,96
real,chunk_7,70,kl_to_gaussian,0.6822619942125828,96
real,chunk_7,70,wt_mean,0.001365585965686425,96
real,chunk_7,71,GR,,96
real,chunk_7,71,IPC,,96
real,chunk_7,71,KR,33.760416666666664,96
real,chunk_7,71,MC,,96
real,chunk_7,71,cosine_similarity,0.31650538742542267,96
real,chunk_7,71,kl_to_gaussian,0.6822620060361543,96
real,chunk_7,71,wt_mean,0.001512920222012275,96
real,chunk_7,72,GR,,96
real,chunk_7,72,IPC,,96
real,chunk_7,72,KR,34.864583333333336,96
real,chunk_7,72,MC,,96
real,chunk_7,72,cosine_similarity,0.3123280629515648,96
real,chunk_7,72,kl_to_gaussian,0.6822619942051437,96
real,chunk_7,72,wt_mean,0.00149026550934645,96
real,chunk_7,73,GR,,96
real,chunk_7,73,IPC,,96
real,chunk_7,73,KR,35.53125,96
real,chunk_7,73,MC,,96
real,chunk_7,73,cosine_similarity,0.3083223775029182,96
real,chunk_7,73,kl_to_gaussian,0.6823334529653255,96
real,chunk_7,73,wt_mean,0.001396133186062725,96
real,chunk_7,74,GR,,96
real,chunk_7,74,IPC,,96
real,chunk_7,74,KR,36.552083333333336,96
real,chunk_7,74,MC,,96
real,chunk_7,74,cosine_similarity,0.3209116160869598,96
real,chunk_7,74,kl_to_gaussian,0.6822619920053913,96
real,chunk_7,74,wt_mean,0.00147958874003955,96
real,chunk_7,75,GR,,96
real,chunk_7,75,IPC,,96
real,chunk_7,75,KR,35.125,96
real,chunk_7,75,MC,,96
real,chunk_7,75,cosine_similarity,0.3143308907747268,96
real,chunk_7,75,kl_to_gaussian,0.6822620017386173,96
real,chunk_7,75,wt_mean,0.001361381917376975,96
real,chunk_7,76,GR,,96
real,chunk_7,76,IPC,,96
real,chunk_7,76,KR,32.333333333333336,96
real,chunk_7,76,MC,,96
real,chunk_7,76,cosine_similarity,0.3057473003864288,96
real,chunk_7,76,kl_to_gaussian,0.6822620032419833,96
real,chunk_7,76,wt_mean,0.001286835133214425,96
real,chunk_7,77,GR,,96
real,chunk_7,77,IPC,,96
real,chunk_7,77,KR,36.15625,96
real,chunk_7,77,MC,,96
real,chunk_7,77,cosine_similarity,0.31833658367395395,96
real,chunk_7,77,kl_to_gaussian,0.6822620032492202,96
real,chunk_7,77,wt_mean,0.0015098188305273002,96
real,chunk_7,78,GR,,96
real,chunk_7,78,IPC,,96
real,chunk_7,78,KR,32.854166666666664,96
real,chunk_7,78,MC,,96
real,chunk_7,78,cosine_similarity,0.31845100224018097,96
real,chunk_7,78,kl_to_gaussian,0.682261994232115,96
real,chunk_7,78,wt_mean,0.0013744070747633748,96
real,chunk_7,79,GR,,96
real,chunk_7,79,IPC,,96
real,chunk_7,79,KR,35.572916666666664,96
real,chunk_7,79,MC,,96
real,chunk_7,79,cosine_similarity,0.33441644161939615,96
real,chunk_7,79,kl_to_gaussian,0.6823334225405394,96
real,chunk_7,79,wt_mean,0.001549706008518075,96
real,chunk_8,80,GR,,96
real,chunk_8,80,IPC,,96
real,chunk_8,80,KR,36.208333333333336,96
real,chunk_8,80,MC,,96
real,chunk_8,80,cosine_similarity,0.3253750950098037,96
real,chunk_8,80,kl_to_gaussian,0.6822619943750201,96
real,chunk_8,80,wt_mean,0.001549706939840625,96
real,chunk_8,81,GR,,96
real,chunk_8,81,IPC,,96
real,chunk_8,81,KR,38.65625,96
real,chunk_8,81,MC,,96
real,chunk_8,81,cosine_similarity,0.3234867081046104,96
real,chunk_8,81,kl_to_gaussian,0.6822619958539858,96
real,chunk_8,81,wt_mean,0.00153110449900845,96
real,chunk_8,82,GR,,96
real,chunk_8,82,IPC,,96
real,chunk_8,82,KR,31.895833333333332,96
real,chunk_8,82,MC,,96
real,chunk_8,82,cosine_similarity,0.3035727962851524,96
real,chunk_8,82,kl_to_gaussian,0.6823334553637855,96
real,chunk_8,82,wt_mean,0.00143560275319025,96
real,chunk_8,83,GR,,96
real,chunk_8,83,IPC,,96
real,chunk_8,83,KR,33.40625,96
real,chunk_8,83,MC,,96
real,chunk_8,83,cosine_similarity,0.3216555491089821,96
real,chunk_8,83,kl_to_gaussian,0.6822619983608421,96
real,chunk_8,83,wt_mean,0.0014235656999516749,96
real,chunk_8,84,GR,,96
real,chunk_8,84,IPC,,96
real,chunk_8,84,KR,33.541666666666664,96
real,chunk_8,84,MC,,96
real,chunk_8,84,cosine_similarity,0.3042022436857223,96
real,chunk_8,84,kl_to_gaussian,0.6822619842042986,96
real,chunk_8,84,wt_mean,0.0013329229113878,96
real,chunk_8,85,GR,,96
real,chunk_8,85,IPC,,96
real,chunk_8,85,KR,37.104166666666664,96
real,chunk_8,85,MC,,96
real,chunk_8,85,cosine_similarity,0.31639096140861506,96
real,chunk_8,85,kl_to_gaussian,0.6822620045335972,96
real,chunk_8,85,wt_mean,0.00154053358710365,96
real,chunk_8,86,GR,,96
real,chunk_8,86,IPC,,96
real,chunk_8,86,KR,29.166666666666668,96
real,chunk_8,86,MC,,96
real,chunk_8,86,cosine_similarity,0.31764987111091614,96
real,chunk_8,86,kl_to_gaussian,0.6822619934752292,96
real,chunk_8,86,wt_mean,0.001439534447854325,96
real,chunk_8,87,GR,,96
real,chunk_8,87,IPC,,96
real,chunk_8,87,KR,29.5,96
real,chunk_8,87,MC,,96
real,chunk_8,87,cosine_similarity,0.3246311843395233,96
real,chunk_8,87,kl_to_gaussian,0.6823334404989837,96
real,chunk_8,87,wt_mean,0.0013829480740241249,96
real,chunk_8,88,GR,,96
real,chunk_8,88,IPC,,96
real,chunk_8,88,KR,40.239583333333336,96
real,chunk_8,88,MC,,96
real,chunk_8,88,cosine_similarity,0.31747817993164057,96
real,chunk_8,88,kl_to_gaussian,0.6822620017810143,96
real,chunk_8,88,wt_mean,0.001484563923440825,96
real,chunk_8,89,GR,,96
real,chunk_8,89,IPC,,96
real,chunk_8,89,KR,33.739583333333336,96
real,chunk_8,89,MC,,96
real,chunk_8,89,cosine_similarity,0.32520345598459244,96
real,chunk_8,89,kl_to_gaussian,0.6822619915308813,96
real,chunk_8,89,wt_mean,0.00147764410939995,96
real,chunk_9,90,GR,,96
real,chunk_9,90,IPC,,96
real,chunk_9,90,KR,39.052083333333336,96
real,chunk_9,90,MC,,96
real,chunk_9,90,cosine_similarity,0.3130719661712646,96
real,chunk_9,90,kl_to_gaussian,0.6822619927758086,96
real,chunk_9,90,wt_mean,0.00154522864613675,96
real,chunk_9,91,GR,,96
real,chunk_9,91,IPC,,96
real,chunk_9,91,KR,38.166666666666664,96
real,chunk_9,91,MC,,96
real,chunk_9,91,cosine_similarity,0.30763567984104156,96
real,chunk_9,91,kl_to_gaussian,0.682333459502706,96
real,chunk_9,91,wt_mean,0.00141325441654765,96
real,chunk_9,92,GR,,96
real,chunk_9,92,IPC,,96
real,chunk_9,92,KR,36.739583333333336,96
real,chunk_9,92,MC,,96
real,chunk_9,92,cosine_similarity,0.3223422169685364,96
real,chunk_9,92,kl_to_gaussian,0.6823334678392624,96
real,chunk_9,92,wt_mean,0.0015650708810426,96
real,chunk_9,93,GR,,96
real,chunk_9,93,IPC,,96
real,chunk_9,93,KR,37.666666666666664,96
real,chunk_9,93,MC,,96
real,chunk_9,93,cosine_similarity,0.32548955827951426,96
real,chunk_9,93,kl_to_gaussian,0.6823334523578932,96
real,chunk_9,93,wt_mean,0.0015694993489887002,96
real,chunk_9,94,GR,,96
real,chunk_9,94,IPC,,96
real,chunk_9,94,KR,32.03125,96
real,chunk_9,94,MC,,96
real,chunk_9,94,cosine_similarity,0.30557563155889506,96
real,chunk_9,94,kl_to_gaussian,0.6822620093514477,96
real,chunk_9,94,wt_mean,0.0012990611139684501,96
real,chunk_9,95,GR,,96
real,chunk_9,95,IPC,,96
real,chunk_9,95,KR,33.46875,96
real,chunk_9,95,MC,,96
real,chunk_9,95,cosine_similarity,0.32171274721622467,96
real,chunk_9,95,kl_to_gaussian,0.6822619871882728,96
real,chunk_9,95,wt_mean,0.0014283551427069498,96
real,chunk_9,96,GR,,96
real,chunk_9,96,IPC,,96
real,chunk_9,96,KR,34.208333333333336,96
real,chunk_9,96,MC,,96
real,chunk_9,96,cosine_similarity,0.31141246855258936,96
real,chunk_9,96,kl_to_gaussian,0.682262000120235,96
real,chunk_9,96,wt_mean,0.0013945458631496501,96
real,chunk_9,97,GR,,96
real,chunk_9,97,IPC,,96
real,chunk_9,97,KR,31.125,96
real,chunk_9,97,MC,,96
real,chunk_9,97,cosine_similarity,0.31375863403081894,96
real,chunk_9,97,kl_to_gaussian,0.682261982956177,96
real,chunk_9,97,wt_mean,0.00133740670571565,96
real,chunk_9,98,GR,,96
real,chunk_9,98,IPC,,96
real,chunk_9,98,KR,33.020833333333336,96
real,chunk_9,98,MC,,96
real,chunk_9,98,cosine_similarity,0.3125569447875023,96
real,chunk_9,98,kl_to_gaussian,0.6823334472180584,96
real,chunk_9,98,wt_mean,0.001398998487275025,96
real,chunk_9,99,GR,,96
real,chunk_9,99,IPC,,96
real,chunk_9,99,KR,29.708333333333332,96
real,chunk_9,99,MC,,96
real,chunk_9,99,cosine_similarity,0.31839375197887415,96
real,chunk_9,99,kl_to_gaussian,0.6822619904936977,96
real,chunk_9,99,wt_mean,0.0013677509996341001,96
shuffle,chunk_0,0,GR,,96
shuffle,chunk_0,0,IPC,,96
shuffle,chunk_0,0,KR,68.375,96
shuffle,chunk_0,0,MC,,96
shuffle,chunk_0,0,cosine_similarity,0.33029637485742563,96
shuffle,chunk_0,0,kl_to_gaussian,0.6822619899944452,96
shuffle,chunk_0,0,wt_mean,0.00232168630464,96
shuffle,chunk_0,1,GR,,96
shuffle,chunk_0,1,IPC,,96
shuffle,chunk_0,1,KR,75.05208333333333,96
shuffle,chunk_0,1,MC,,96
shuffle,chunk_0,1,cosine_similarity,0.31444532424211497,96
shuffle,chunk_0,1,kl_to_gaussian,0.6822620000448633,96
shuffle,chunk_0,1,wt_mean,0.002292584627866675,96
shuffle,chunk_0,2,GR,,96
shuffle,chunk_0,2,IPC,,96
shuffle,chunk_0,2,KR,57.90625,96
shuffle,chunk_0,2,MC,,96
shuffle,chunk_0,2,cosine_similarity,0.31490312516689295,96
shuffle,chunk_0,2,kl_to_gaussian,0.6822619844031425,96
shuffle,chunk_0,2,wt_mean,0.002073514042422125,96
shuffle,chunk_0,3,GR,,96
shuffle,chunk_0,3,IPC,,96
shuffle,chunk_0,3,KR,78.08333333333333,96
shuffle,chunk_0,3,MC,,96
shuffle,chunk_0,3,cosine_similarity,0.31238529831171036,96
shuffle,chunk_0,3,kl_to_gaussian,0.6822619950716917,96
shuffle,chunk_0,3,wt_mean,0.00238673700368955,96
shuffle,chunk_0,4,GR,,96
shuffle,chunk_0,4,IPC,,96
shuffle,chunk_0,4,KR,65.69791666666667,96
shuffle,chunk_0,4,MC,,96
shuffle,chunk_0,4,cosine_similarity,0.3172493278980255,96
shuffle,chunk_0,4,kl_to_gaussian,0.6823334468261084,96
shuffle,chunk_0,4,wt_mean,0.002045028057182175,96
shuffle,chunk_0,5,GR,,96
shuffle,chunk_0,5,IPC,,96
shuffle,chunk_0,5,KR,91.44791666666667,96
shuffle,chunk_0,5,MC,,96
shuffle,chunk_0,5,cosine_similarity,0.301798865199089,96
shuffle,chunk_0,5,kl_to_gaussian,0.6822619907990299,96
shuffle,chunk_0,5,wt_mean,0.00247934312210415,96
shuffle,chunk_0,6,GR,,96
shuffle,chunk_0,6,IPC,,96
shuffle,chunk_0,6,KR,81.30208333333333,96
shuffle,chunk_0,6,MC,,96
shuffle,chunk_0,6,cosine_similarity,0.3276068419218063,96
shuffle,chunk_0,6,kl_to_gaussian,0.6823334286774579,96
shuffle,chunk_0,6,wt_mean,0.0026488259318284,96
shuffle,chunk_0,7,GR,,96
shuffle,chunk_0,7,IPC,,96
shuffle,chunk_0,7,KR,68.05208333333333,96
shuffle,chunk_0,7,MC,,96
shuffle,chunk_0,7,cosine_similarity,0.31427365541458124,96
shuffle,chunk_0,7,kl_to_gaussian,0.6822619820229757,96
shuffle,chunk_0,7,wt_mean,0.0020541159901767254,96
shuffle,chunk_0,8,GR,,96
shuffle,chunk_0,8,IPC,,96
shuffle,chunk_0,8,KR,46.354166666666664,96
shuffle,chunk_0,8,MC,,96
shuffle,chunk_0,8,cosine_similarity,0.306147888302803,96
shuffle,chunk_0,8,kl_to_gaussian,0.6822619992420728,96
shuffle,chunk_0,8,wt_mean,0.0017194206884596252,96
shuffle,chunk_0,9,GR,,96
shuffle,chunk_0,9,IPC,,96
shuffle,chunk_0,9,KR,72.66666666666667,96
shuffle,chunk_0,9,MC,,96
shuffle,chunk_0,9,cosine_similarity,0.32217054069042206,96
shuffle,chunk_0,9,kl_to_gaussian,0.6822620129484097,96
shuffle,chunk_0,9,wt_mean,0.0023240007867570502,96
shuffle,chunk_1,10,GR,,96
shuffle,chunk_1,10,IPC,,96
shuffle,chunk_1,10,KR,87.41666666666667,96
shuffle,chunk_1,10,MC,,96
shuffle,chunk_1,10,cosine_similarity,0.3161620423197746,96
shuffle,chunk_1,10,kl_to_gaussian,0.6822619981344314,96
shuffle,chunk_1,10,wt_mean,0.002420201461063675,96
shuffle,chunk_1,11,GR,,96
shuffle,chunk_1,11,IPC,,96
shuffle,chunk_1,11,KR,67.66666666666667,96
shuffle,chunk_1,11,MC,,96
shuffle,chunk_1,11,cosine_similarity,0.309581309556961,96
shuffle,chunk_1,11,kl_to_gaussian,0.6823334451572945,96
shuffle,chunk_1,11,wt_mean,0.00236446529743255,96
shuffle,chunk_1,12,GR,,96
shuffle,chunk_1,12,IPC,,96
shuffle,chunk_1,12,KR,76.34375,96
shuffle,chunk_1,12,MC,,96
shuffle,chunk_1,12,cosine_similarity,0.32268556207418436,96
shuffle,chunk_1,12,kl_to_gaussian,0.6822619979261547,96
shuffle,chunk_1,12,wt_mean,0.00229695069720035,96
shuffle,chunk_1,13,GR,,96
shuffle,chunk_1,13,IPC,,96
shuffle,chunk_1,13,KR,62.010416666666664,96
shuffle,chunk_1,13,MC,,96
shuffle,chunk_1,13,cosine_similarity,0.33006747812032694,96
shuffle,chunk_1,13,kl_to_gaussian,0.6822619867740792,96
shuffle,chunk_1,13,wt_mean,0.0022392933315131497,96
shuffle,chunk_1,14,GR,,96
shuffle,chunk_1,14,IPC,,96
shuffle,chunk_1,14,KR,56.020833333333336,96
shuffle,chunk_1,14,MC,,96
shuffle,chunk_1,14,cosine_similarity,0.3047745153307914,96
shuffle,chunk_1,14,kl_to_gaussian,0.6822619887209532,96
shuffle,chunk_1,14,wt_mean,0.0020487610890995247,96
shuffle,chunk_1,15,GR,,96
shuffle,chunk_1,15,IPC,,96
shuffle,chunk_1,15,KR,76.13541666666667,96
shuffle,chunk_1,15,MC,,96
shuffle,chunk_1,15,cosine_similarity,0.3154753744602203,96
shuffle,chunk_1,15,kl_to_gaussian,0.6822619966660911,96
shuffle,chunk_1,15,wt_mean,0.00236323795979835,96
shuffle,chunk_1,16,GR,,96
shuffle,chunk_1,16,IPC,,96
shuffle,chunk_1,16,KR,68.71875,96
shuffle,chunk_1,16,MC,,96
shuffle,chunk_1,16,cosine_similarity,0.3144453316926956,96
shuffle,chunk_1,16,kl_to_gaussian,0.6822619955775092,96
shuffle,chunk_1,16,wt_mean,0.00212773430394005,96
shuffle,chunk_1,17,GR,,96
shuffle,chunk_1,17,IPC,,96
shuffle,chunk_1,17,KR,61.958333333333336,96
shuffle,chunk_1,17,MC,,96
shuffle,chunk_1,17,cosine_similarity,0.32400173693895334,96
shuffle,chunk_1,17,kl_to_gaussian,0.6822619926417132,96
shuffle,chunk_1,17,wt_mean,0.0021878427069167753,96
shuffle,chunk_1,18,GR,,96
shuffle,chunk_1,18,IPC,,96
shuffle,chunk_1,18,KR,61.916666666666664,96
shuffle,chunk_1,18,MC,,96
shuffle,chunk_1,18,cosine_similarity,0.3174209594726562,96
shuffle,chunk_1,18,kl_to_gaussian,0.6823334393074368,96
shuffle,chunk_1,18,wt_mean,0.00212646950967605,96
shuffle,chunk_1,19,GR,,96
shuffle,chunk_1,19,IPC,,96
shuffle,chunk_1,19,KR,58.416666666666664,96
shuffle,chunk_1,19,MC,,96
shuffle,chunk_1,19,cosine_similarity,0.3091235235333442,96
shuffle,chunk_1,19,kl_to_gaussian,0.6822619780193827,96
shuffle,chunk_1,19,wt_mean,0.0021352801995817,96
shuffle,chunk_10,100,GR,,96
shuffle,chunk_10,100,IPC,,96
shuffle,chunk_10,100,KR,83.73958333333333,96
shuffle,chunk_10,100,MC,,96
shuffle,chunk_10,100,cosine_similarity,0.31827934831380844,96
shuffle,chunk_10,100,kl_to_gaussian,0.6824048990037915,96
shuffle,chunk_10,100,wt_mean,0.002474118344252875,96
shuffle,chunk_10,101,GR,,96
shuffle,chunk_10,101,IPC,,96
shuffle,chunk_10,101,KR,41.0,96
shuffle,chunk_10,101,MC,,96
shuffle,chunk_10,101,cosine_similarity,0.32720626890659327,96
shuffle,chunk_10,101,kl_to_gaussian,0.6822619764501345,96
shuffle,chunk_10,101,wt_mean,0.0017840157379395503,96
shuffle,chunk_10,102,GR,,96
shuffle,chunk_10,102,IPC,,96
shuffle,chunk_10,102,KR,62.75,96
shuffle,chunk_10,102,MC,,96
shuffle,chunk_10,102,cosine_similarity,0.31982437521219254,96
shuffle,chunk_10,102,kl_to_gaussian,0.682261990927668,96
shuffle,chunk_10,102,wt_mean,0.00210866820998485,96
shuffle,chunk_10,103,GR,,96
shuffle,chunk_10,103,IPC,,96
shuffle,chunk_10,103,KR,80.23958333333333,96
shuffle,chunk_10,103,MC,,96
shuffle,chunk_10,103,cosine_similarity,0.3111835569143295,96
shuffle,chunk_10,103,kl_to_gaussian,0.6822620087707745,96
shuffle,chunk_10,103,wt_mean,0.002170908846892375,96
shuffle,chunk_10,104,GR,,96
shuffle,chunk_10,104,IPC,,96
shuffle,chunk_10,104,KR,77.08333333333333,96
shuffle,chunk_10,104,MC,,96
shuffle,chunk_10,104,cosine_similarity,0.31576149165630335,96
shuffle,chunk_10,104,kl_to_gaussian,0.6823334479925728,96
shuffle,chunk_10,104,wt_mean,0.0023721877078059753,96
shuffle,chunk_10,105,GR,,96
shuffle,chunk_10,105,IPC,,96
shuffle,chunk_10,105,KR,66.58333333333333,96
shuffle,chunk_10,105,MC,,96
shuffle,chunk_10,105,cosine_similarity,0.3071778863668442,96
shuffle,chunk_10,105,kl_to_gaussian,0.6823334355095159,96
shuffle,chunk_10,105,wt_mean,0.002230873156804525,96
shuffle,chunk_10,106,GR,,96
shuffle,chunk_10,106,IPC,,96
shuffle,chunk_10,106,KR,49.635416666666664,96
shuffle,chunk_10,106,MC,,96
shuffle,chunk_10,106,cosine_similarity,0.3242878466844558,96
shuffle,chunk_10,106,kl_to_gaussian,0.6823334374364651,96
shuffle,chunk_10,106,wt_mean,0.002061179169686475,96
shuffle,chunk_10,107,GR,,96
shuffle,chunk_10,107,IPC,,96
shuffle,chunk_10,107,KR,73.36458333333333,96
shuffle,chunk_10,107,MC,,96
shuffle,chunk_10,107,cosine_similarity,0.3236583918333053,96
shuffle,chunk_10,107,kl_to_gaussian,0.682261980609622,96
shuffle,chunk_10,107,wt_mean,0.002213525440311025,96
shuffle,chunk_10,108,GR,,96
shuffle,chunk_10,108,IPC,,96
shuffle,chunk_10,108,KR,74.6875,96
shuffle,chunk_10,108,MC,,96
shuffle,chunk_10,108,cosine_similarity,0.31558980792760843,96
shuffle,chunk_10,108,kl_to_gaussian,0.6822619771503081,96
shuffle,chunk_10,108,wt_mean,0.002322019514394875,96
shuffle,chunk_10,109,GR,,96
shuffle,chunk_10,109,IPC,,96
shuffle,chunk_10,109,KR,64.15625,96
shuffle,chunk_10,109,MC,,96
shuffle,chunk_10,109,cosine_similarity,0.30259998887777323,96
shuffle,chunk_10,109,kl_to_gaussian,0.6822619951958178,96
shuffle,chunk_10,109,wt_mean,0.002143758843885675,96
shuffle,chunk_11,110,GR,,96
shuffle,chunk_11,110,IPC,,96
shuffle,chunk_11,110,KR,51.510416666666664,96
shuffle,chunk_11,110,MC,,96
shuffle,chunk_11,110,cosine_similarity,0.32285724580287933,96
shuffle,chunk_11,110,kl_to_gaussian,0.6823334366945756,96
shuffle,chunk_11,110,wt_mean,0.0019658587407320248,96
shuffle,chunk_11,111,GR,,96
shuffle,chunk_11,111,IPC,,96
shuffle,chunk_11,111,KR,57.28125,96
shuffle,chunk_11,111,MC,,96
shuffle,chunk_11,111,cosine_similarity,0.3149603307247162,96
shuffle,chunk_11,111,kl_to_gaussian,0.6823334331694912,96
shuffle,chunk_11,111,wt_mean,0.00198169605573635,96
shuffle,chunk_11,112,GR,,96
shuffle,chunk_11,112,IPC,,96
shuffle,chunk_11,112,KR,69.23958333333333,96
shuffle,chunk_11,112,MC,,96
shuffle,chunk_11,112,cosine_similarity,0.3183937817811966,96
shuffle,chunk_11,112,kl_to_gaussian,0.6822620016957561,96
shuffle,chunk_11,112,wt_mean,0.00228135500219645,96
shuffle,chunk_11,113,GR,,96
shuffle,chunk_11,113,IPC,,96
shuffle,chunk_11,113,KR,83.0,96
shuffle,chunk_11,113,MC,,96
shuffle,chunk_11,113,cosine_similarity,0.31953826546669006,96
shuffle,chunk_11,113,kl_to_gaussian,0.6822619946957289,96
shuffle,chunk_11,113,wt_mean,0.002472870488418225,96
shuffle,chunk_11,114,GR,,96
shuffle,chunk_11,114,IPC,,96
shuffle,chunk_11,114,KR,76.90625,96
shuffle,chunk_11,114,MC,,96
shuffle,chunk_11,114,cosine_similarity,0.31621929258108133,96
shuffle,chunk_11,114,kl_to_gaussian,0.6822619999166587,96
shuffle,chunk_11,114,wt_mean,0.002392794849583825,96
shuffle,chunk_11,115,GR,,96
shuffle,chunk_11,115,IPC,,96
shuffle,chunk_11,115,KR,73.83333333333333,96
shuffle,chunk_11,115,MC,,96
shuffle,chunk_11,115,cosine_similarity,0.3262907043099403,96
shuffle,chunk_11,115,kl_to_gaussian,0.6824048880311736,96
shuffle,chunk_11,115,wt_mean,0.0023402548686135252,96
shuffle,chunk_11,116,GR,,96
shuffle,chunk_11,116,IPC,,96
shuffle,chunk_11,116,KR,55.854166666666664,96
shuffle,chunk_11,116,MC,,96
shuffle,chunk_11,116,cosine_similarity,0.3168487176299095,96
shuffle,chunk_11,116,kl_to_gaussian,0.6822619926380119,96
shuffle,chunk_11,116,wt_mean,0.002071707247523525,96
shuffle,chunk_11,117,GR,,96
shuffle,chunk_11,117,IPC,,96
shuffle,chunk_11,117,KR,70.36458333333333,96
shuffle,chunk_11,117,MC,,96
shuffle,chunk_11,117,cosine_similarity,0.32342950999736786,96
shuffle,chunk_11,117,kl_to_gaussian,0.6824048953354929,96
shuffle,chunk_11,117,wt_mean,0.002357488672714625,96
shuffle,chunk_11,118,GR,,96
shuffle,chunk_11,118,IPC,,96
shuffle,chunk_11,118,KR,92.13541666666667,96
shuffle,chunk_11,118,MC,,96
shuffle,chunk_11,118,cosine_similarity,0.321026086807251,96
shuffle,chunk_11,118,kl_to_gaussian,0.6823334641047089,96
shuffle,chunk_11,118,wt_mean,0.0025489685940555747,96
shuffle,chunk_11,119,GR,,96
shuffle,chunk_11,119,IPC,,96
shuffle,chunk_11,119,KR,70.59375,96
shuffle,chunk_11,119,MC,,96
shuffle,chunk_11,119,cosine_similarity,0.32634794712066645,96
shuffle,chunk_11,119,kl_to_gaussian,0.682262007140879,96
shuffle,chunk_11,119,wt_mean,0.00229105583275665,96
shuffle,chunk_12,120,GR,,96
shuffle,chunk_12,120,IPC,,96
shuffle,chunk_12,120,KR,67.01041666666667,96
shuffle,chunk_12,120,MC,,96
shuffle,chunk_12,120,cosine_similarity,0.3086084797978401,96
shuffle,chunk_12,120,kl_to_gaussian,0.6822620136334133,96
shuffle,chunk_12,120,wt_mean,0.0021493613894562748,96
shuffle,chunk_12,121,GR,,96
shuffle,chunk_12,121,IPC,,96
shuffle,chunk_12,121,KR,64.10416666666667,96
shuffle,chunk_12,121,MC,,96
shuffle,chunk_12,121,cosine_similarity,0.31146970391273493,96
shuffle,chunk_12,121,kl_to_gaussian,0.6823334602468677,96
shuffle,chunk_12,121,wt_mean,0.0022210115857887497,96
shuffle,chunk_12,122,GR,,96
shuffle,chunk_12,122,IPC,,96
shuffle,chunk_12,122,KR,62.3125,96
shuffle,chunk_12,122,MC,,96
shuffle,chunk_12,122,cosine_similarity,0.32354396581649775,96
shuffle,chunk_12,122,kl_to_gaussian,0.6823334358791578,96
shuffle,chunk_12,122,wt_mean,0.002185692486818825,96
shuffle,chunk_12,123,GR,,96
shuffle,chunk_12,123,IPC,,96
shuffle,chunk_12,123,KR,81.51041666666667,96
shuffle,chunk_12,123,MC,,96
shuffle,chunk_12,123,cosine_similarity,0.32434506714344025,96
shuffle,chunk_12,123,kl_to_gaussian,0.6823334498253288,96
shuffle,chunk_12,123,wt_mean,0.0024808222660794503,96
shuffle,chunk_12,124,GR,,96
shuffle,chunk_12,124,IPC,,96
shuffle,chunk_12,124,KR,54.020833333333336,96
shuffle,chunk_12,124,MC,,96
shuffle,chunk_12,124,cosine_similarity,0.3167915269732475,96
shuffle,chunk_12,124,kl_to_gaussian,0.6822620044716964,96
shuffle,chunk_12,124,wt_mean,0.0019676454248837498,96
shuffle,chunk_12,125,GR,,96
shuffle,chunk_12,125,IPC,,96
shuffle,chunk_12,125,KR,64.38541666666667,96
shuffle,chunk_12,125,MC,,96
shuffle,chunk_12,125,cosine_similarity,0.31312920898199076,96
shuffle,chunk_12,125,kl_to_gaussian,0.6822620077941508,96
shuffle,chunk_12,125,wt_mean,0.0022021459881215503,96
shuffle,chunk_12,126,GR,,96
shuffle,chunk_12,126,IPC,,96
shuffle,chunk_12,126,KR,43.375,96
shuffle,chunk_12,126,MC,,96
shuffle,chunk_12,126,cosine_similarity,0.3152464553713798,96
shuffle,chunk_12,126,kl_to_gaussian,0.6822619945838749,96
shuffle,chunk_12,126,wt_mean,0.001720950996968825,96
shuffle,chunk_12,127,GR,,96
shuffle,chunk_12,127,IPC,,96
shuffle,chunk_12,127,KR,53.9375,96
shuffle,chunk_12,127,MC,,96
shuffle,chunk_12,127,cosine_similarity,0.3270918056368828,96
shuffle,chunk_12,127,kl_to_gaussian,0.6822619905432248,96
shuffle,chunk_12,127,wt_mean,0.002102140220813375,96
shuffle,chunk_12,128,GR,,96
shuffle,chunk_12,128,IPC,,96
shuffle,chunk_12,128,KR,77.07291666666667,96
shuffle,chunk_12,128,MC,,96
shuffle,chunk_12,128,cosine_similarity,0.32016774266958237,96
shuffle,chunk_12,128,kl_to_gaussian,0.6823334323800867,96
shuffle,chunk_12,128,wt_mean,0.002327088266611075,96
shuffle,chunk_12,129,GR,,96
shuffle,chunk_12,129,IPC,,96
shuffle,chunk_12,129,KR,75.94791666666667,96
shuffle,chunk_12,129,MC,,96
shuffle,chunk_12,129,cosine_similarity,0.3152464479207992,96
shuffle,chunk_12,129,kl_to_gaussian,0.6822620015668548,96
shuffle,chunk_12,129,wt_mean,0.002297741360962325,96
shuffle,chunk_13,130,GR,,96
shuffle,chunk_13,130,IPC,,96
shuffle,chunk_13,130,KR,68.20833333333333,96
shuffle,chunk_13,130,MC,,96
shuffle,chunk_13,130,cosine_similarity,0.3028288781642914,96
shuffle,chunk_13,130,kl_to_gaussian,0.6822620123001598,96
shuffle,chunk_13,130,wt_mean,0.00209005660144605,96
shuffle,chunk_13,131,GR,,96
shuffle,chunk_13,131,IPC,,96
shuffle,chunk_13,131,KR,53.8125,96
shuffle,chunk_13,131,MC,,96
shuffle,chunk_13,131,cosine_similarity,0.32646231353282923,96
shuffle,chunk_13,131,kl_to_gaussian,0.6822620046285465,96
shuffle,chunk_13,131,wt_mean,0.0019947058463003,96
shuffle,chunk_13,132,GR,,96
shuffle,chunk_13,132,IPC,,96
shuffle,chunk_13,132,KR,64.21875,96
shuffle,chunk_13,132,MC,,96
shuffle,chunk_13,132,cosine_similarity,0.29888045787811274,96
shuffle,chunk_13,132,kl_to_gaussian,0.6822619930556199,96
shuffle,chunk_13,132,wt_mean,0.0020887434657196747,96
shuffle,chunk_13,133,GR,,96
shuffle,chunk_13,133,IPC,,96
shuffle,chunk_13,133,KR,91.875,96
shuffle,chunk_13,133,MC,,96
shuffle,chunk_13,133,cosine_similarity,0.31976717710494995,96
shuffle,chunk_13,133,kl_to_gaussian,0.6822619860814384,96
shuffle,chunk_13,133,wt_mean,0.0025065033696591503,96
shuffle,chunk_13,134,GR,,96
shuffle,chunk_13,134,IPC,,96
shuffle,chunk_13,134,KR,64.98958333333333,96
shuffle,chunk_13,134,MC,,96
shuffle,chunk_13,134,cosine_similarity,0.31816489249467844,96
shuffle,chunk_13,134,kl_to_gaussian,0.6822620130704614,96
shuffle,chunk_13,134,wt_mean,0.00213375742896455,96
shuffle,chunk_13,135,GR,,96
shuffle,chunk_13,135,IPC,,96
shuffle,chunk_13,135,KR,50.78125,96
shuffle,chunk_13,135,MC,,96
shuffle,chunk_13,135,cosine_similarity,0.3103252127766609,96
shuffle,chunk_13,135,kl_to_gaussian,0.6822620008286849,96
shuffle,chunk_13,135,wt_mean,0.001958721957635075,96
shuffle,chunk_13,136,GR,,96
shuffle,chunk_13,136,IPC,,96
shuffle,chunk_13,136,KR,50.90625,96
shuffle,chunk_13,136,MC,,96
shuffle,chunk_13,136,cosine_similarity,0.3078073710203171,96
shuffle,chunk_13,136,kl_to_gaussian,0.6822619807213953,96
shuffle,chunk_13,136,wt_mean,0.00198596186237405,96
shuffle,chunk_13,137,GR,,96
shuffle,chunk_13,137,IPC,,96
shuffle,chunk_13,137,KR,59.0,96
shuffle,chunk_13,137,MC,,96
shuffle,chunk_13,137,cosine_similarity,0.3164481818675995,96
shuffle,chunk_13,137,kl_to_gaussian,0.6823334365053078,96
shuffle,chunk_13,137,wt_mean,0.001990397839108425,96
shuffle,chunk_13,138,GR,,96
shuffle,chunk_13,138,IPC,,96
shuffle,chunk_13,138,KR,63.770833333333336,96
shuffle,chunk_13,138,MC,,96
shuffle,chunk_13,138,cosine_similarity,0.32978134602308273,96
shuffle,chunk_13,138,kl_to_gaussian,0.6823334468708936,96
shuffle,chunk_13,138,wt_mean,0.00218967098044225,96
shuffle,chunk_13,139,GR,,96
shuffle,chunk_13,139,IPC,,96
shuffle,chunk_13,139,KR,65.79166666666667,96
shuffle,chunk_13,139,MC,,96
shuffle,chunk_13,139,cosine_similarity,0.3199388459324837,96
shuffle,chunk_13,139,kl_to_gaussian,0.6822619995285463,96
shuffle,chunk_13,139,wt_mean,0.002213094034232175,96
shuffle,chunk_14,140,GR,,96
shuffle,chunk_14,140,IPC,,96
shuffle,chunk_14,140,KR,60.53125,96
shuffle,chunk_14,140,MC,,96
shuffle,chunk_14,140,cosine_similarity,0.3096957951784134,96
shuffle,chunk_14,140,kl_to_gaussian,0.6822619931915382,96
shuffle,chunk_14,140,wt_mean,0.002087361295707475,96
shuffle,chunk_14,141,GR,,96
shuffle,chunk_14,141,IPC,,96
shuffle,chunk_14,141,KR,69.67708333333333,96
shuffle,chunk_14,141,MC,,96
shuffle,chunk_14,141,cosine_similarity,0.32091161608695984,96
shuffle,chunk_14,141,kl_to_gaussian,0.6822620061324516,96
shuffle,chunk_14,141,wt_mean,0.002127523213857725,96
shuffle,chunk_14,142,GR,,96
shuffle,chunk_14,142,IPC,,96
shuffle,chunk_14,142,KR,73.77083333333333,96
shuffle,chunk_14,142,MC,,96
shuffle,chunk_14,142,cosine_similarity,0.3179932311177254,96
shuffle,chunk_14,142,kl_to_gaussian,0.6822620095800608,96
shuffle,chunk_14,142,wt_mean,0.00231484853429715,96
shuffle,chunk_14,143,GR,,96
shuffle,chunk_14,143,IPC,,96
shuffle,chunk_14,143,KR,60.34375,96
shuffle,chunk_14,143,MC,,96
shuffle,chunk_14,143,cosine_similarity,0.3027144223451614,96
shuffle,chunk_14,143,kl_to_gaussian,0.6823334475531663,96
shuffle,chunk_14,143,wt_mean,0.0018964576593134,96
shuffle,chunk_14,144,GR,,96
shuffle,chunk_14,144,IPC,,96
shuffle,chunk_14,144,KR,51.958333333333336,96
shuffle,chunk_14,144,MC,,96
shuffle,chunk_14,144,cosine_similarity,0.3209688737988472,96
shuffle,chunk_14,144,kl_to_gaussian,0.6823334511462504,96
shuffle,chunk_14,144,wt_mean,0.0019917635363526248,96
shuffle,chunk_14,145,GR,,96
shuffle,chunk_14,145,IPC,,96
shuffle,chunk_14,145,KR,78.08333333333333,96
shuffle,chunk_14,145,MC,,96
shuffle,chunk_14,145,cosine_similarity,0.3199388161301613,96
shuffle,chunk_14,145,kl_to_gaussian,0.6822619808361754,96
shuffle,chunk_14,145,wt_mean,0.00238810115843075,96
shuffle,chunk_14,146,GR,,96
shuffle,chunk_14,146,IPC,,96
shuffle,chunk_14,146,KR,59.510416666666664,96
shuffle,chunk_14,146,MC,,96
shuffle,chunk_14,146,cosine_similarity,0.32417339086532587,96
shuffle,chunk_14,146,kl_to_gaussian,0.6823334420337513,96
shuffle,chunk_14,146,wt_mean,0.00219476633355945,96
shuffle,chunk_14,147,GR,,96
shuffle,chunk_14,147,IPC,,96
shuffle,chunk_14,147,KR,41.0625,96
shuffle,chunk_14,147,MC,,96
shuffle,chunk_14,147,cosine_similarity,0.32062550634145737,96
shuffle,chunk_14,147,kl_to_gaussian,0.682261997533522,96
shuffle,chunk_14,147,wt_mean,0.0017211967206093748,96
shuffle,chunk_14,148,GR,,96
shuffle,chunk_14,148,IPC,,96
shuffle,chunk_14,148,KR,50.916666666666664,96
shuffle,chunk_14,148,MC,,96
shuffle,chunk_14,148,cosine_similarity,0.31930939108133316,96
shuffle,chunk_14,148,kl_to_gaussian,0.6822619979648733,96
shuffle,chunk_14,148,wt_mean,0.0019203167757950248,96
shuffle,chunk_14,149,GR,,96
shuffle,chunk_14,149,IPC,,96
shuffle,chunk_14,149,KR,64.65625,96
shuffle,chunk_14,149,MC,,96
shuffle,chunk_14,149,cosine_similarity,0.3217127397656441,96
shuffle,chunk_14,149,kl_to_gaussian,0.6824048977859,96
shuffle,chunk_14,149,wt_mean,0.0022244208084884498,96
shuffle,chunk_15,150,GR,,96
shuffle,chunk_15,150,IPC,,96
shuffle,chunk_15,150,KR,74.0,96
shuffle,chunk_15,150,MC,,96
shuffle,chunk_15,150,cosine_similarity,0.31444532424211497,96
shuffle,chunk_15,150,kl_to_gaussian,0.6822619998498908,96
shuffle,chunk_15,150,wt_mean,0.0022385027550626,96
shuffle,chunk_15,151,GR,,96
shuffle,chunk_15,151,IPC,,96
shuffle,chunk_15,151,KR,41.208333333333336,96
shuffle,chunk_15,151,MC,,96
shuffle,chunk_15,151,cosine_similarity,0.3112408071756363,96
shuffle,chunk_15,151,kl_to_gaussian,0.6822620143521808,96
shuffle,chunk_15,151,wt_mean,0.001632519590202675,96
shuffle,chunk_15,152,GR,,96
shuffle,chunk_15,152,IPC,,96
shuffle,chunk_15,152,KR,64.5625,96
shuffle,chunk_15,152,MC,,96
shuffle,chunk_15,152,cosine_similarity,0.32251390814781183,96
shuffle,chunk_15,152,kl_to_gaussian,0.6823334396306163,96
shuffle,chunk_15,152,wt_mean,0.002228506346000325,96
shuffle,chunk_15,153,GR,,96
shuffle,chunk_15,153,IPC,,96
shuffle,chunk_15,153,KR,70.4375,96
shuffle,chunk_15,153,MC,,96
shuffle,chunk_15,153,cosine_similarity,0.3099818602204322,96
shuffle,chunk_15,153,kl_to_gaussian,0.6824048922227663,96
shuffle,chunk_15,153,wt_mean,0.002242853661300575,96
shuffle,chunk_15,154,GR,,96
shuffle,chunk_15,154,IPC,,96
shuffle,chunk_15,154,KR,72.86458333333333,96
shuffle,chunk_15,154,MC,,96
shuffle,chunk_15,154,cosine_similarity,0.30792181193828577,96
shuffle,chunk_15,154,kl_to_gaussian,0.6822619965176472,96
shuffle,chunk_15,154,wt_mean,0.002350660884985675,96
shuffle,chunk_15,155,GR,,96
shuffle,chunk_15,155,IPC,,96
shuffle,chunk_15,155,KR,71.89583333333333,96
shuffle,chunk_15,155,MC,,96
shuffle,chunk_15,155,cosine_similarity,0.321426659822464,96
shuffle,chunk_15,155,kl_to_gaussian,0.6822620070799995,96
shuffle,chunk_15,155,wt_mean,0.0021948953508398998,96
shuffle,chunk_15,156,GR,,96
shuffle,chunk_15,156,IPC,,96
shuffle,chunk_15,156,KR,83.86458333333333,96
shuffle,chunk_15,156,MC,,96
shuffle,chunk_15,156,cosine_similarity,0.329037420451641,96
shuffle,chunk_15,156,kl_to_gaussian,0.6822619959455202,96
shuffle,chunk_15,156,wt_mean,0.0024339134688488753,96
shuffle,chunk_15,157,GR,,96
shuffle,chunk_15,157,IPC,,96
shuffle,chunk_15,157,KR,90.33333333333333,96
shuffle,chunk_15,157,MC,,96
shuffle,chunk_15,157,cosine_similarity,0.3281790688633919,96
shuffle,chunk_15,157,kl_to_gaussian,0.6822620026207807,96
shuffle,chunk_15,157,wt_mean,0.00261672536726105,96
shuffle,chunk_15,158,GR,,96
shuffle,chunk_15,158,IPC,,96
shuffle,chunk_15,158,KR,82.72916666666667,96
shuffle,chunk_15,158,MC,,96
shuffle,chunk_15,158,cosine_similarity,0.32131217420101166,96
shuffle,chunk_15,158,kl_to_gaussian,0.6824048852273581,96
shuffle,chunk_15,158,wt_mean,0.002390509296674225,96
shuffle,chunk_15,159,GR,,96
shuffle,chunk_15,159,IPC,,96
shuffle,chunk_15,159,KR,45.770833333333336,96
shuffle,chunk_15,159,MC,,96
shuffle,chunk_15,159,cosine_similarity,0.31141246110200876,96
shuffle,chunk_15,159,kl_to_gaussian,0.6823334511849884,96
shuffle,chunk_15,159,wt_mean,0.001739683328196375,96
shuffle,chunk_16,160,GR,,96
shuffle,chunk_16,160,IPC,,96
shuffle,chunk_16,160,KR,76.71875,96
shuffle,chunk_16,160,MC,,96
shuffle,chunk_16,160,cosine_similarity,0.30317226052284235,96
shuffle,chunk_16,160,kl_to_gaussian,0.6822619938219331,96
shuffle,chunk_16,160,wt_mean,0.002093121758662125,96
shuffle,chunk_16,161,GR,,96
shuffle,chunk_16,161,IPC,,96
shuffle,chunk_16,161,KR,46.84375,96
shuffle,chunk_16,161,MC,,96
shuffle,chunk_16,161,cosine_similarity,0.32365837693214417,96
shuffle,chunk_16,161,kl_to_gaussian,0.6823334487626012,96
shuffle,chunk_16,161,wt_mean,0.00189311365829775,96
shuffle,chunk_16,162,GR,,96
shuffle,chunk_16,162,IPC,,96
shuffle,chunk_16,162,KR,54.427083333333336,96
shuffle,chunk_16,162,MC,,96
shuffle,chunk_16,162,cosine_similarity,0.30317222326993937,96
shuffle,chunk_16,162,kl_to_gaussian,0.6822619922309453,96
shuffle,chunk_16,162,wt_mean,0.001907476631458775,96
shuffle,chunk_16,163,GR,,96
shuffle,chunk_16,163,IPC,,96
shuffle,chunk_16,163,KR,70.58333333333333,96
shuffle,chunk_16,163,MC,,96
shuffle,chunk_16,163,cosine_similarity,0.32114052772521967,96
shuffle,chunk_16,163,kl_to_gaussian,0.6824049010513494,96
shuffle,chunk_16,163,wt_mean,0.002237888838862975,96
shuffle,chunk_16,164,GR,,96
shuffle,chunk_16,164,IPC,,96
shuffle,chunk_16,164,KR,62.71875,96
shuffle,chunk_16,164,MC,,96
shuffle,chunk_16,164,cosine_similarity,0.3258900865912437,96
shuffle,chunk_16,164,kl_to_gaussian,0.6823334382822056,96
shuffle,chunk_16,164,wt_mean,0.0021860550914425,96
shuffle,chunk_16,165,GR,,96
shuffle,chunk_16,165,IPC,,96
shuffle,chunk_16,165,KR,91.55208333333333,96
shuffle,chunk_16,165,MC,,96
shuffle,chunk_16,165,cosine_similarity,0.3234866932034492,96
shuffle,chunk_16,165,kl_to_gaussian,0.682261980033288,96
shuffle,chunk_16,165,wt_mean,0.002694718597922425,96
shuffle,chunk_16,166,GR,,96
shuffle,chunk_16,166,IPC,,96
shuffle,chunk_16,166,KR,66.6875,96
shuffle,chunk_16,166,MC,,96
shuffle,chunk_16,166,cosine_similarity,0.3109546601772308,96
shuffle,chunk_16,166,kl_to_gaussian,0.6822620001222554,96
shuffle,chunk_16,166,wt_mean,0.002116409887094,96
shuffle,chunk_16,167,GR,,96
shuffle,chunk_16,167,IPC,,96
shuffle,chunk_16,167,KR,64.9375,96
shuffle,chunk_16,167,MC,,96
shuffle,chunk_16,167,cosine_similarity,0.31587590277194977,96
shuffle,chunk_16,167,kl_to_gaussian,0.6822619919362568,96
shuffle,chunk_16,167,wt_mean,0.002042623062152375,96
shuffle,chunk_16,168,GR,,96
shuffle,chunk_16,168,IPC,,96
shuffle,chunk_16,168,KR,75.42708333333333,96
shuffle,chunk_16,168,MC,,96
shuffle,chunk_16,168,cosine_similarity,0.31793598085641855,96
shuffle,chunk_16,168,kl_to_gaussian,0.6823334547488439,96
shuffle,chunk_16,168,wt_mean,0.002276121929753525,96
shuffle,chunk_16,169,GR,,96
shuffle,chunk_16,169,IPC,,96
shuffle,chunk_16,169,KR,60.78125,96
shuffle,chunk_16,169,MC,,96
shuffle,chunk_16,169,cosine_similarity,0.31427364796400065,96
shuffle,chunk_16,169,kl_to_gaussian,0.6822619868714573,96
shuffle,chunk_16,169,wt_mean,0.002149864216335075,96
shuffle,chunk_17,170,GR,,96
shuffle,chunk_17,170,IPC,,96
shuffle,chunk_17,170,KR,72.875,96
shuffle,chunk_17,170,MC,,96
shuffle,chunk_17,170,cosine_similarity,0.3006543889641761,96
shuffle,chunk_17,170,kl_to_gaussian,0.6822619908272158,96
shuffle,chunk_17,170,wt_mean,0.002065893611870675,96
shuffle,chunk_17,171,GR,,96
shuffle,chunk_17,171,IPC,,96
shuffle,chunk_17,171,KR,65.46875,96
shuffle,chunk_17,171,MC,,96
shuffle,chunk_17,171,cosine_similarity,0.31335811316967005,96
shuffle,chunk_17,171,kl_to_gaussian,0.6822619914217779,96
shuffle,chunk_17,171,wt_mean,0.002202656731242275,96
shuffle,chunk_17,172,GR,,96
shuffle,chunk_17,172,IPC,,96
shuffle,chunk_17,172,KR,54.354166666666664,96
shuffle,chunk_17,172,MC,,96
shuffle,chunk_17,172,cosine_similarity,0.31141246110200876,96
shuffle,chunk_17,172,kl_to_gaussian,0.6822619968224165,96
shuffle,chunk_17,172,wt_mean,0.0019730864441953,96
shuffle,chunk_17,173,GR,,96
shuffle,chunk_17,173,IPC,,96
shuffle,chunk_17,173,KR,56.083333333333336,96
shuffle,chunk_17,173,MC,,96
shuffle,chunk_17,173,cosine_similarity,0.3136441931128502,96
shuffle,chunk_17,173,kl_to_gaussian,0.6823334447841148,96
shuffle,chunk_17,173,wt_mean,0.002061753504676675,96
shuffle,chunk_17,174,GR,,96
shuffle,chunk_17,174,IPC,,96
shuffle,chunk_17,174,KR,74.90625,96
shuffle,chunk_17,174,MC,,96
shuffle,chunk_17,174,cosine_similarity,0.3149603232741356,96
shuffle,chunk_17,174,kl_to_gaussian,0.6822619904579575,96
shuffle,chunk_17,174,wt_mean,0.002264760260004525,96
shuffle,chunk_17,175,GR,,96
shuffle,chunk_17,175,IPC,,96
shuffle,chunk_17,175,KR,65.67708333333333,96
shuffle,chunk_17,175,MC,,96
shuffle,chunk_17,175,cosine_similarity,0.3253751173615455,96
shuffle,chunk_17,175,kl_to_gaussian,0.6823334626741286,96
shuffle,chunk_17,175,wt_mean,0.002239361841930025,96
shuffle,chunk_17,176,GR,,96
shuffle,chunk_17,176,IPC,,96
shuffle,chunk_17,176,KR,91.35416666666667,96
shuffle,chunk_17,176,MC,,96
shuffle,chunk_17,176,cosine_similarity,0.3091235011816024,96
shuffle,chunk_17,176,kl_to_gaussian,0.6822619993969044,96
shuffle,chunk_17,176,wt_mean,0.002650692622410075,96
shuffle,chunk_17,177,GR,,96
shuffle,chunk_17,177,IPC,,96
shuffle,chunk_17,177,KR,68.11458333333333,96
shuffle,chunk_17,177,MC,,96
shuffle,chunk_17,177,cosine_similarity,0.32257112115621567,96
shuffle,chunk_17,177,kl_to_gaussian,0.682261990810641,96
shuffle,chunk_17,177,wt_mean,0.002337897778488625,96
shuffle,chunk_17,178,GR,,96
shuffle,chunk_17,178,IPC,,96
shuffle,chunk_17,178,KR,64.78125,96
shuffle,chunk_17,178,MC,,96
shuffle,chunk_17,178,cosine_similarity,0.31272860616445536,96
shuffle,chunk_17,178,kl_to_gaussian,0.6822620002934477,96
shuffle,chunk_17,178,wt_mean,0.0022408340882975,96
shuffle,chunk_17,179,GR,,96
shuffle,chunk_17,179,IPC,,96
shuffle,chunk_17,179,KR,46.4375,96
shuffle,chunk_17,179,MC,,96
shuffle,chunk_17,179,cosine_similarity,0.31633373349905014,96
shuffle,chunk_17,179,kl_to_gaussian,0.6822620129829557,96
shuffle,chunk_17,179,wt_mean,0.0017705931095405999,96
shuffle,chunk_18,180,GR,,96
shuffle,chunk_18,180,IPC,,96
shuffle,chunk_18,180,KR,44.40625,96
shuffle,chunk_18,180,MC,,96
shuffle,chunk_18,180,cosine_similarity,0.32566123455762863,96
shuffle,chunk_18,180,kl_to_gaussian,0.682261995732266,96
shuffle,chunk_18,180,wt_mean,0.001898242684546825,96
shuffle,chunk_18,181,GR,,96
shuffle,chunk_18,181,IPC,,96
shuffle,chunk_18,181,KR,68.54166666666667,96
shuffle,chunk_18,181,MC,,96
shuffle,chunk_18,181,cosine_similarity,0.31713486462831497,96
shuffle,chunk_18,181,kl_to_gaussian,0.6822619752583613,96
shuffle,chunk_18,181,wt_mean,0.002199798647779925,96
shuffle,chunk_18,182,GR,,96
shuffle,chunk_18,182,IPC,,96
shuffle,chunk_18,182,KR,56.479166666666664,96
shuffle,chunk_18,182,MC,,96
shuffle,chunk_18,182,cosine_similarity,0.3222850114107132,96
shuffle,chunk_18,182,kl_to_gaussian,0.6822620077477674,96
shuffle,chunk_18,182,wt_mean,0.00205438633565785,96
shuffle,chunk_18,183,GR,,96
shuffle,chunk_18,183,IPC,,96
shuffle,chunk_18,183,KR,76.04166666666667,96
shuffle,chunk_18,183,MC,,96
shuffle,chunk_18,183,cosine_similarity,0.31461702287197113,96
shuffle,chunk_18,183,kl_to_gaussian,0.6822619965673772,96
shuffle,chunk_18,183,wt_mean,0.002355847129365375,96
shuffle,chunk_18,184,GR,,96
shuffle,chunk_18,184,IPC,,96
shuffle,chunk_18,184,KR,55.458333333333336,96
shuffle,chunk_18,184,MC,,96
shuffle,chunk_18,184,cosine_similarity,0.3221133351325989,96
shuffle,chunk_18,184,kl_to_gaussian,0.6823334403013478,96
shuffle,chunk_18,184,wt_mean,0.002055141289019925,96
shuffle,chunk_18,185,GR,,96
shuffle,chunk_18,185,IPC,,96
shuffle,chunk_18,185,KR,85.5625,96
shuffle,chunk_18,185,MC,,96
shuffle,chunk_18,185,cosine_similarity,0.3178787603974342,96
shuffle,chunk_18,185,kl_to_gaussian,0.682261996604354,96
shuffle,chunk_18,185,wt_mean,0.0025594846229068497,96
shuffle,chunk_18,186,GR,,96
shuffle,chunk_18,186,IPC,,96
shuffle,chunk_18,186,KR,46.979166666666664,96
shuffle,chunk_18,186,MC,,96
shuffle,chunk_18,186,cosine_similarity,0.3145597949624061,96
shuffle,chunk_18,186,kl_to_gaussian,0.6822620150799823,96
shuffle,chunk_18,186,wt_mean,0.0018441485008224249,96
shuffle,chunk_18,187,GR,,96
shuffle,chunk_18,187,IPC,,96
shuffle,chunk_18,187,KR,50.697916666666664,96
shuffle,chunk_18,187,MC,,96
shuffle,chunk_18,187,cosine_similarity,0.3170776069164276,96
shuffle,chunk_18,187,kl_to_gaussian,0.6822619802997038,96
shuffle,chunk_18,187,wt_mean,0.002019417675910475,96
shuffle,chunk_18,188,GR,,96
shuffle,chunk_18,188,IPC,,96
shuffle,chunk_18,188,KR,53.71875,96
shuffle,chunk_18,188,MC,,96
shuffle,chunk_18,188,cosine_similarity,0.30277168005704874,96
shuffle,chunk_18,188,kl_to_gaussian,0.6823334326739228,96
shuffle,chunk_18,188,wt_mean,0.0019424929050728252,96
shuffle,chunk_18,189,GR,,96
shuffle,chunk_18,189,IPC,,96
shuffle,chunk_18,189,KR,76.32291666666667,96
shuffle,chunk_18,189,MC,,96
shuffle,chunk_18,189,cosine_similarity,0.3047744929790497,96
shuffle,chunk_18,189,kl_to_gaussian,0.6824048861818848,96
shuffle,chunk_18,189,wt_mean,0.00227384481695475,96
shuffle,chunk_19,190,GR,,96
shuffle,chunk_19,190,IPC,,96
shuffle,chunk_19,190,KR,68.58333333333333,96
shuffle,chunk_19,190,MC,,96
shuffle,chunk_19,190,cosine_similarity,0.3236011564731598,96
shuffle,chunk_19,190,kl_to_gaussian,0.6823334422114312,96
shuffle,chunk_19,190,wt_mean,0.00219095728243695,96
shuffle,chunk_19,191,GR,,96
shuffle,chunk_19,191,IPC,,96
shuffle,chunk_19,191,KR,47.385416666666664,96
shuffle,chunk_19,191,MC,,96
shuffle,chunk_19,191,cosine_similarity,0.31272864341735834,96
shuffle,chunk_19,191,kl_to_gaussian,0.6823334425111192,96
shuffle,chunk_19,191,wt_mean,0.00191408296814185,96
shuffle,chunk_19,192,GR,,96
shuffle,chunk_19,192,IPC,,96
shuffle,chunk_19,192,KR,89.09375,96
shuffle,chunk_19,192,MC,,96
shuffle,chunk_19,192,cosine_similarity,0.31038242578506464,96
shuffle,chunk_19,192,kl_to_gaussian,0.6822619838066668,96
shuffle,chunk_19,192,wt_mean,0.00260319359949785,96
shuffle,chunk_19,193,GR,,96
shuffle,chunk_19,193,IPC,,96
shuffle,chunk_19,193,KR,69.79166666666667,96
shuffle,chunk_19,193,MC,,96
shuffle,chunk_19,193,cosine_similarity,0.3165054097771644,96
shuffle,chunk_19,193,kl_to_gaussian,0.6822619867475087,96
shuffle,chunk_19,193,wt_mean,0.0022404633054975,96
shuffle,chunk_19,194,GR,,96
shuffle,chunk_19,194,IPC,,96
shuffle,chunk_19,194,KR,75.78125,96
shuffle,chunk_19,194,MC,,96
shuffle,chunk_19,194,cosine_similarity,0.31312920898199076,96
shuffle,chunk_19,194,kl_to_gaussian,0.6823334347839994,96
shuffle,chunk_19,194,wt_mean,0.002206731762271325,96
shuffle,chunk_19,195,GR,,96
shuffle,chunk_19,195,IPC,,96
shuffle,chunk_19,195,KR,56.75,96
shuffle,chunk_19,195,MC,,96
shuffle,chunk_19,195,cosine_similarity,0.30900909006595606,96
shuffle,chunk_19,195,kl_to_gaussian,0.6823334439186501,96
shuffle,chunk_19,195,wt_mean,0.0020089076424482997,96
shuffle,chunk_19,196,GR,,96
shuffle,chunk_19,196,IPC,,96
shuffle,chunk_19,196,KR,64.9375,96
shuffle,chunk_19,196,MC,,96
shuffle,chunk_19,196,cosine_similarity,0.30494616925716395,96
shuffle,chunk_19,196,kl_to_gaussian,0.6823334425111995,96
shuffle,chunk_19,196,wt_mean,0.00215327850310125,96
shuffle,chunk_19,197,GR,,96
shuffle,chunk_19,197,IPC,,96
shuffle,chunk_19,197,KR,58.291666666666664,96
shuffle,chunk_19,197,MC,,96
shuffle,chunk_19,197,cosine_similarity,0.31478871405124664,96
shuffle,chunk_19,197,kl_to_gaussian,0.6824049000792267,96
shuffle,chunk_19,197,wt_mean,0.0019784040632657,96
shuffle,chunk_19,198,GR,,96
shuffle,chunk_19,198,IPC,,96
shuffle,chunk_19,198,KR,77.65625,96
shuffle,chunk_19,198,MC,,96
shuffle,chunk_19,198,cosine_similarity,0.3203966096043587,96
shuffle,chunk_19,198,kl_to_gaussian,0.6823334352442033,96
shuffle,chunk_19,198,wt_mean,0.002281220193253775,96
shuffle,chunk_19,199,GR,,96
shuffle,chunk_19,199,IPC,,96
shuffle,chunk_19,199,KR,86.80208333333333,96
shuffle,chunk_19,199,MC,,96
shuffle,chunk_19,199,cosine_similarity,0.31352970749139786,96
shuffle,chunk_19,199,kl_to_gaussian,0.6822619987192923,96
shuffle,chunk_19,199,wt_mean,0.002531370264477975,96
shuffle,chunk_2,20,GR,,96
shuffle,chunk_2,20,IPC,,96
shuffle,chunk_2,20,KR,71.26041666666667,96
shuffle,chunk_2,20,MC,,96
shuffle,chunk_2,20,cosine_similarity,0.3186227083206177,96
shuffle,chunk_2,20,kl_to_gaussian,0.682262006852004,96
shuffle,chunk_2,20,wt_mean,0.002268879790790325,96
shuffle,chunk_2,21,GR,,96
shuffle,chunk_2,21,IPC,,96
shuffle,chunk_2,21,KR,61.114583333333336,96
shuffle,chunk_2,21,MC,,96
shuffle,chunk_2,21,cosine_similarity,0.32726350426673884,96
shuffle,chunk_2,21,kl_to_gaussian,0.6823334546306393,96
shuffle,chunk_2,21,wt_mean,0.0021912836818955,96
shuffle,chunk_2,22,GR,,96
shuffle,chunk_2,22,IPC,,96
shuffle,chunk_2,22,KR,80.94791666666667,96
shuffle,chunk_2,22,MC,,96
shuffle,chunk_2,22,cosine_similarity,0.3144453540444374,96
shuffle,chunk_2,22,kl_to_gaussian,0.6822619936068633,96
shuffle,chunk_2,22,wt_mean,0.002408036176348025,96
shuffle,chunk_2,23,GR,,96
shuffle,chunk_2,23,IPC,,96
shuffle,chunk_2,23,KR,59.46875,96
shuffle,chunk_2,23,MC,,96
shuffle,chunk_2,23,cosine_similarity,0.31135525554418564,96
shuffle,chunk_2,23,kl_to_gaussian,0.6822619938216091,96
shuffle,chunk_2,23,wt_mean,0.0020035729685331997,96
shuffle,chunk_2,24,GR,,96
shuffle,chunk_2,24,IPC,,96
shuffle,chunk_2,24,KR,66.98958333333333,96
shuffle,chunk_2,24,MC,,96
shuffle,chunk_2,24,cosine_similarity,0.30368722975254053,96
shuffle,chunk_2,24,kl_to_gaussian,0.6822620037672081,96
shuffle,chunk_2,24,wt_mean,0.002084211999317575,96
shuffle,chunk_2,25,GR,,96
shuffle,chunk_2,25,IPC,,96
shuffle,chunk_2,25,KR,59.416666666666664,96
shuffle,chunk_2,25,MC,,96
shuffle,chunk_2,25,cosine_similarity,0.3051178231835365,96
shuffle,chunk_2,25,kl_to_gaussian,0.6823334622369462,96
shuffle,chunk_2,25,wt_mean,0.0019484823278616498,96
shuffle,chunk_2,26,GR,,96
shuffle,chunk_2,26,IPC,,96
shuffle,chunk_2,26,KR,59.322916666666664,96
shuffle,chunk_2,26,MC,,96
shuffle,chunk_2,26,cosine_similarity,0.31158412992954254,96
shuffle,chunk_2,26,kl_to_gaussian,0.6822620071004474,96
shuffle,chunk_2,26,wt_mean,0.001953440543729775,96
shuffle,chunk_2,27,GR,,96
shuffle,chunk_2,27,IPC,,96
shuffle,chunk_2,27,KR,105.94791666666667,96
shuffle,chunk_2,27,MC,,96
shuffle,chunk_2,27,cosine_similarity,0.31427363306283945,96
shuffle,chunk_2,27,kl_to_gaussian,0.682333466950161,96
shuffle,chunk_2,27,wt_mean,0.00264913978753605,96
shuffle,chunk_2,28,GR,,96
shuffle,chunk_2,28,IPC,,96
shuffle,chunk_2,28,KR,42.5,96
shuffle,chunk_2,28,MC,,96
shuffle,chunk_2,28,cosine_similarity,0.32377281039953226,96
shuffle,chunk_2,28,kl_to_gaussian,0.6823334313957288,96
shuffle,chunk_2,28,wt_mean,0.001834714872529675,96
shuffle,chunk_2,29,GR,,96
shuffle,chunk_2,29,IPC,,96
shuffle,chunk_2,29,KR,69.0625,96
shuffle,chunk_2,29,MC,,96
shuffle,chunk_2,29,cosine_similarity,0.30923792719841,96
shuffle,chunk_2,29,kl_to_gaussian,0.6822619869446162,96
shuffle,chunk_2,29,wt_mean,0.002117632946465125,96
shuffle,chunk_3,30,GR,,96
shuffle,chunk_3,30,IPC,,96
shuffle,chunk_3,30,KR,65.67708333333333,96
shuffle,chunk_3,30,MC,,96
shuffle,chunk_3,30,cosine_similarity,0.3186226710677147,96
shuffle,chunk_3,30,kl_to_gaussian,0.6822619918120106,96
shuffle,chunk_3,30,wt_mean,0.00234246405307195,96
shuffle,chunk_3,31,GR,,96
shuffle,chunk_3,31,IPC,,96
shuffle,chunk_3,31,KR,57.604166666666664,96
shuffle,chunk_3,31,MC,,96
shuffle,chunk_3,31,cosine_similarity,0.31610483676195145,96
shuffle,chunk_3,31,kl_to_gaussian,0.6823334485253539,96
shuffle,chunk_3,31,wt_mean,0.0020414216560311,96
shuffle,chunk_3,32,GR,,96
shuffle,chunk_3,32,IPC,,96
shuffle,chunk_3,32,KR,61.677083333333336,96
shuffle,chunk_3,32,MC,,96
shuffle,chunk_3,32,cosine_similarity,0.30099772661924357,96
shuffle,chunk_3,32,kl_to_gaussian,0.6822620058189836,96
shuffle,chunk_3,32,wt_mean,0.001958563458174425,96
shuffle,chunk_3,33,GR,,96
shuffle,chunk_3,33,IPC,,96
shuffle,chunk_3,33,KR,62.5625,96
shuffle,chunk_3,33,MC,,96
shuffle,chunk_3,33,cosine_similarity,0.300654374063015,96
shuffle,chunk_3,33,kl_to_gaussian,0.6823334507490687,96
shuffle,chunk_3,33,wt_mean,0.001943240989930875,96
shuffle,chunk_3,34,GR,,96
shuffle,chunk_3,34,IPC,,96
shuffle,chunk_3,34,KR,83.07291666666667,96
shuffle,chunk_3,34,MC,,96
shuffle,chunk_3,34,cosine_similarity,0.31330082565546036,96
shuffle,chunk_3,34,kl_to_gaussian,0.6822620098463141,96
shuffle,chunk_3,34,wt_mean,0.00239811008214015,96
shuffle,chunk_3,35,GR,,96
shuffle,chunk_3,35,IPC,,96
shuffle,chunk_3,35,KR,68.86458333333333,96
shuffle,chunk_3,35,MC,,96
shuffle,chunk_3,35,cosine_similarity,0.31873712688684464,96
shuffle,chunk_3,35,kl_to_gaussian,0.6824048696256192,96
shuffle,chunk_3,35,wt_mean,0.0022449830139521,96
shuffle,chunk_3,36,GR,,96
shuffle,chunk_3,36,IPC,,96
shuffle,chunk_3,36,KR,76.02083333333333,96
shuffle,chunk_3,36,MC,,96
shuffle,chunk_3,36,cosine_similarity,0.3214266747236252,96
shuffle,chunk_3,36,kl_to_gaussian,0.6823334555400743,96
shuffle,chunk_3,36,wt_mean,0.002401032776106075,96
shuffle,chunk_3,37,GR,,96
shuffle,chunk_3,37,IPC,,96
shuffle,chunk_3,37,KR,62.052083333333336,96
shuffle,chunk_3,37,MC,,96
shuffle,chunk_3,37,cosine_similarity,0.3173637315630913,96
shuffle,chunk_3,37,kl_to_gaussian,0.6824049008901693,96
shuffle,chunk_3,37,wt_mean,0.0022015779395587,96
shuffle,chunk_3,38,GR,,96
shuffle,chunk_3,38,IPC,,96
shuffle,chunk_3,38,KR,88.65625,96
shuffle,chunk_3,38,MC,,96
shuffle,chunk_3,38,cosine_similarity,0.30288609862327576,96
shuffle,chunk_3,38,kl_to_gaussian,0.6822620033372192,96
shuffle,chunk_3,38,wt_mean,0.0024286623811349,96
shuffle,chunk_3,39,GR,,96
shuffle,chunk_3,39,IPC,,96
shuffle,chunk_3,39,KR,49.854166666666664,96
shuffle,chunk_3,39,MC,,96
shuffle,chunk_3,39,cosine_similarity,0.30414504557847977,96
shuffle,chunk_3,39,kl_to_gaussian,0.682261989521308,96
shuffle,chunk_3,39,wt_mean,0.0019036094017791999,96
shuffle,chunk_4,40,GR,,96
shuffle,chunk_4,40,IPC,,96
shuffle,chunk_4,40,KR,62.729166666666664,96
shuffle,chunk_4,40,MC,,96
shuffle,chunk_4,40,cosine_similarity,0.31427364051342005,96
shuffle,chunk_4,40,kl_to_gaussian,0.6824048944101874,96
shuffle,chunk_4,40,wt_mean,0.00201144668972115,96
shuffle,chunk_4,41,GR,,96
shuffle,chunk_4,41,IPC,,96
shuffle,chunk_4,41,KR,54.802083333333336,96
shuffle,chunk_4,41,MC,,96
shuffle,chunk_4,41,cosine_similarity,0.3210260719060898,96
shuffle,chunk_4,41,kl_to_gaussian,0.6823334441214787,96
shuffle,chunk_4,41,wt_mean,0.0019704872102010254,96
shuffle,chunk_4,42,GR,,96
shuffle,chunk_4,42,IPC,,96
shuffle,chunk_4,42,KR,86.26041666666667,96
shuffle,chunk_4,42,MC,,96
shuffle,chunk_4,42,cosine_similarity,0.31524647027254105,96
shuffle,chunk_4,42,kl_to_gaussian,0.6822619934216139,96
shuffle,chunk_4,42,wt_mean,0.0024236697645391753,96
shuffle,chunk_4,43,GR,,96
shuffle,chunk_4,43,IPC,,96
shuffle,chunk_4,43,KR,96.29166666666667,96
shuffle,chunk_4,43,MC,,96
shuffle,chunk_4,43,cosine_similarity,0.32651962339878077,96
shuffle,chunk_4,43,kl_to_gaussian,0.6823334630771211,96
shuffle,chunk_4,43,wt_mean,0.002690938243176725,96
shuffle,chunk_4,44,GR,,96
shuffle,chunk_4,44,IPC,,96
shuffle,chunk_4,44,KR,64.1875,96
shuffle,chunk_4,44,MC,,96
shuffle,chunk_4,44,cosine_similarity,0.3097529783844948,96
shuffle,chunk_4,44,kl_to_gaussian,0.6822619911540535,96
shuffle,chunk_4,44,wt_mean,0.002233409875771,96
shuffle,chunk_4,45,GR,,96
shuffle,chunk_4,45,IPC,,96
shuffle,chunk_4,45,KR,63.208333333333336,96
shuffle,chunk_4,45,MC,,96
shuffle,chunk_4,45,cosine_similarity,0.3052323162555694,96
shuffle,chunk_4,45,kl_to_gaussian,0.6823334483650757,96
shuffle,chunk_4,45,wt_mean,0.0020824391394852998,96
shuffle,chunk_4,46,GR,,96
shuffle,chunk_4,46,IPC,,96
shuffle,chunk_4,46,KR,58.395833333333336,96
shuffle,chunk_4,46,MC,,96
shuffle,chunk_4,46,cosine_similarity,0.30666289478540415,96
shuffle,chunk_4,46,kl_to_gaussian,0.6823334492097978,96
shuffle,chunk_4,46,wt_mean,0.00199960984173225,96
shuffle,chunk_4,47,GR,,96
shuffle,chunk_4,47,IPC,,96
shuffle,chunk_4,47,KR,105.80208333333333,96
shuffle,chunk_4,47,MC,,96
shuffle,chunk_4,47,cosine_similarity,0.31324364244937897,96
shuffle,chunk_4,47,kl_to_gaussian,0.6822619978588977,96
shuffle,chunk_4,47,wt_mean,0.0026580213161650503,96
shuffle,chunk_4,48,GR,,96
shuffle,chunk_4,48,IPC,,96
shuffle,chunk_4,48,KR,60.989583333333336,96
shuffle,chunk_4,48,MC,,96
shuffle,chunk_4,48,cosine_similarity,0.31656257808208466,96
shuffle,chunk_4,48,kl_to_gaussian,0.6822620019000011,96
shuffle,chunk_4,48,wt_mean,0.00213914192863735,96
shuffle,chunk_4,49,GR,,96
shuffle,chunk_4,49,IPC,,96
shuffle,chunk_4,49,KR,73.44791666666667,96
shuffle,chunk_4,49,MC,,96
shuffle,chunk_4,49,cosine_similarity,0.32108329981565475,96
shuffle,chunk_4,49,kl_to_gaussian,0.682261992090944,96
shuffle,chunk_4,49,wt_mean,0.00232641238835635,96
shuffle,chunk_5,50,GR,,96
shuffle,chunk_5,50,IPC,,96
shuffle,chunk_5,50,KR,80.75,96
shuffle,chunk_5,50,MC,,96
shuffle,chunk_5,50,cosine_similarity,0.3127858340740204,96
shuffle,chunk_5,50,kl_to_gaussian,0.6822619948219617,96
shuffle,chunk_5,50,wt_mean,0.002501902956282675,96
shuffle,chunk_5,51,GR,,96
shuffle,chunk_5,51,IPC,,96
shuffle,chunk_5,51,KR,84.4375,96
shuffle,chunk_5,51,MC,,96
shuffle,chunk_5,51,cosine_similarity,0.3068345189094543,96
shuffle,chunk_5,51,kl_to_gaussian,0.6822619835072553,96
shuffle,chunk_5,51,wt_mean,0.0024370114551856502,96
shuffle,chunk_5,52,GR,,96
shuffle,chunk_5,52,IPC,,96
shuffle,chunk_5,52,KR,85.98958333333333,96
shuffle,chunk_5,52,MC,,96
shuffle,chunk_5,52,cosine_similarity,0.31518926471471786,96
shuffle,chunk_5,52,kl_to_gaussian,0.6823334378393215,96
shuffle,chunk_5,52,wt_mean,0.0025230698520317,96
shuffle,chunk_5,53,GR,,96
shuffle,chunk_5,53,IPC,,96
shuffle,chunk_5,53,KR,106.27083333333333,96
shuffle,chunk_5,53,MC,,96
shuffle,chunk_5,53,cosine_similarity,0.31330084800720215,96
shuffle,chunk_5,53,kl_to_gaussian,0.6822619842209212,96
shuffle,chunk_5,53,wt_mean,0.002776549430564025,96
shuffle,chunk_5,54,GR,,96
shuffle,chunk_5,54,IPC,,96
shuffle,chunk_5,54,KR,64.45833333333333,96
shuffle,chunk_5,54,MC,,96
shuffle,chunk_5,54,cosine_similarity,0.3253178745508194,96
shuffle,chunk_5,54,kl_to_gaussian,0.6824049078490578,96
shuffle,chunk_5,54,wt_mean,0.0023019474174361247,96
shuffle,chunk_5,55,GR,,96
shuffle,chunk_5,55,IPC,,96
shuffle,chunk_5,55,KR,80.30208333333333,96
shuffle,chunk_5,55,MC,,96
shuffle,chunk_5,55,cosine_similarity,0.31370142847299576,96
shuffle,chunk_5,55,kl_to_gaussian,0.6822619962108073,96
shuffle,chunk_5,55,wt_mean,0.002368922432651675,96
shuffle,chunk_5,56,GR,,96
shuffle,chunk_5,56,IPC,,96
shuffle,chunk_5,56,KR,77.46875,96
shuffle,chunk_5,56,MC,,96
shuffle,chunk_5,56,cosine_similarity,0.31982438266277313,96
shuffle,chunk_5,56,kl_to_gaussian,0.6822620138625578,96
shuffle,chunk_5,56,wt_mean,0.002344186039408625,96
shuffle,chunk_5,57,GR,,96
shuffle,chunk_5,57,IPC,,96
shuffle,chunk_5,57,KR,58.385416666666664,96
shuffle,chunk_5,57,MC,,96
shuffle,chunk_5,57,cosine_similarity,0.32114055752754206,96
shuffle,chunk_5,57,kl_to_gaussian,0.682262004604702,96
shuffle,chunk_5,57,wt_mean,0.002214570005889925,96
shuffle,chunk_5,58,GR,,96
shuffle,chunk_5,58,IPC,,96
shuffle,chunk_5,58,KR,71.15625,96
shuffle,chunk_5,58,MC,,96
shuffle,chunk_5,58,cosine_similarity,0.31667704135179514,96
shuffle,chunk_5,58,kl_to_gaussian,0.6823334308646337,96
shuffle,chunk_5,58,wt_mean,0.002212176623288525,96
shuffle,chunk_5,59,GR,,96
shuffle,chunk_5,59,IPC,,96
shuffle,chunk_5,59,KR,61.770833333333336,96
shuffle,chunk_5,59,MC,,96
shuffle,chunk_5,59,cosine_similarity,0.31221356987953186,96
shuffle,chunk_5,59,kl_to_gaussian,0.6822619948419962,96
shuffle,chunk_5,59,wt_mean,0.0021603713976218997,96
shuffle,chunk_6,60,GR,,96
shuffle,chunk_6,60,IPC,,96
shuffle,chunk_6,60,KR,81.44791666666667,96
shuffle,chunk_6,60,MC,,96
shuffle,chunk_6,60,cosine_similarity,0.31187023222446436,96
shuffle,chunk_6,60,kl_to_gaussian,0.6822619920518181,96
shuffle,chunk_6,60,wt_mean,0.002413713518762925,96
shuffle,chunk_6,61,GR,,96
shuffle,chunk_6,61,IPC,,96
shuffle,chunk_6,61,KR,83.76041666666667,96
shuffle,chunk_6,61,MC,,96
shuffle,chunk_6,61,cosine_similarity,0.31404475867748255,96
shuffle,chunk_6,61,kl_to_gaussian,0.682261998854159,96
shuffle,chunk_6,61,wt_mean,0.0025846830976660753,96
shuffle,chunk_6,62,GR,,96
shuffle,chunk_6,62,IPC,,96
shuffle,chunk_6,62,KR,49.03125,96
shuffle,chunk_6,62,MC,,96
shuffle,chunk_6,62,cosine_similarity,0.3277213126420974,96
shuffle,chunk_6,62,kl_to_gaussian,0.682262004970176,96
shuffle,chunk_6,62,wt_mean,0.001976741303224075,96
shuffle,chunk_6,63,GR,,96
shuffle,chunk_6,63,IPC,,96
shuffle,chunk_6,63,KR,63.395833333333336,96
shuffle,chunk_6,63,MC,,96
shuffle,chunk_6,63,cosine_similarity,0.31925211101770395,96
shuffle,chunk_6,63,kl_to_gaussian,0.6824048894374094,96
shuffle,chunk_6,63,wt_mean,0.0022713612124789,96
shuffle,chunk_6,64,GR,,96
shuffle,chunk_6,64,IPC,,96
shuffle,chunk_6,64,KR,53.03125,96
shuffle,chunk_6,64,MC,,96
shuffle,chunk_6,64,cosine_similarity,0.33310033380985254,96
shuffle,chunk_6,64,kl_to_gaussian,0.6822620039098971,96
shuffle,chunk_6,64,wt_mean,0.00226927435141985,96
shuffle,chunk_6,65,GR,,96
shuffle,chunk_6,65,IPC,,96
shuffle,chunk_6,65,KR,59.697916666666664,96
shuffle,chunk_6,65,MC,,96
shuffle,chunk_6,65,cosine_similarity,0.31782156974077225,96
shuffle,chunk_6,65,kl_to_gaussian,0.6822619990923755,96
shuffle,chunk_6,65,wt_mean,0.002106215950334375,96
shuffle,chunk_6,66,GR,,96
shuffle,chunk_6,66,IPC,,96
shuffle,chunk_6,66,KR,53.604166666666664,96
shuffle,chunk_6,66,MC,,96
shuffle,chunk_6,66,cosine_similarity,0.31490311771631235,96
shuffle,chunk_6,66,kl_to_gaussian,0.682261986446855,96
shuffle,chunk_6,66,wt_mean,0.00195634877309195,96
shuffle,chunk_6,67,GR,,96
shuffle,chunk_6,67,IPC,,96
shuffle,chunk_6,67,KR,94.66666666666667,96
shuffle,chunk_6,67,MC,,96
shuffle,chunk_6,67,cosine_similarity,0.30385890603065485,96
shuffle,chunk_6,67,kl_to_gaussian,0.6822619894593477,96
shuffle,chunk_6,67,wt_mean,0.0024650305567774753,96
shuffle,chunk_6,68,GR,,96
shuffle,chunk_6,68,IPC,,96
shuffle,chunk_6,68,KR,61.34375,96
shuffle,chunk_6,68,MC,,96
shuffle,chunk_6,68,cosine_similarity,0.3132436648011207,96
shuffle,chunk_6,68,kl_to_gaussian,0.6823334588549875,96
shuffle,chunk_6,68,wt_mean,0.0021500047005247,96
shuffle,chunk_6,69,GR,,96
shuffle,chunk_6,69,IPC,,96
shuffle,chunk_6,69,KR,53.1875,96
shuffle,chunk_6,69,MC,,96
shuffle,chunk_6,69,cosine_similarity,0.3133008405566215,96
shuffle,chunk_6,69,kl_to_gaussian,0.6823334389929093,96
shuffle,chunk_6,69,wt_mean,0.00204207203933035,96
shuffle,chunk_7,70,GR,,96
shuffle,chunk_7,70,IPC,,96
shuffle,chunk_7,70,KR,59.25,96
shuffle,chunk_7,70,MC,,96
shuffle,chunk_7,70,cosine_similarity,0.3221705704927444,96
shuffle,chunk_7,70,kl_to_gaussian,0.6822620217646698,96
shuffle,chunk_7,70,wt_mean,0.002221964095951925,96
shuffle,chunk_7,71,GR,,96
shuffle,chunk_7,71,IPC,,96
shuffle,chunk_7,71,KR,59.833333333333336,96
shuffle,chunk_7,71,MC,,96
shuffle,chunk_7,71,cosine_similarity,0.31650539487600327,96
shuffle,chunk_7,71,kl_to_gaussian,0.6823334283182718,96
shuffle,chunk_7,71,wt_mean,0.002116588409990025,96
shuffle,chunk_7,72,GR,,96
shuffle,chunk_7,72,IPC,,96
shuffle,chunk_7,72,KR,64.35416666666667,96
shuffle,chunk_7,72,MC,,96
shuffle,chunk_7,72,cosine_similarity,0.31232802569866175,96
shuffle,chunk_7,72,kl_to_gaussian,0.6824048877243901,96
shuffle,chunk_7,72,wt_mean,0.002168811217416025,96
shuffle,chunk_7,73,GR,,96
shuffle,chunk_7,73,IPC,,96
shuffle,chunk_7,73,KR,65.83333333333333,96
shuffle,chunk_7,73,MC,,96
shuffle,chunk_7,73,cosine_similarity,0.3083223924040794,96
shuffle,chunk_7,73,kl_to_gaussian,0.6822619954642613,96
shuffle,chunk_7,73,wt_mean,0.00213915799395175,96
shuffle,chunk_7,74,GR,,96
shuffle,chunk_7,74,IPC,,96
shuffle,chunk_7,74,KR,100.89583333333333,96
shuffle,chunk_7,74,MC,,96
shuffle,chunk_7,74,cosine_similarity,0.32091162353754044,96
shuffle,chunk_7,74,kl_to_gaussian,0.6822620010012587,96
shuffle,chunk_7,74,wt_mean,0.002789515478070775,96
shuffle,chunk_7,75,GR,,96
shuffle,chunk_7,75,IPC,,96
shuffle,chunk_7,75,KR,51.822916666666664,96
shuffle,chunk_7,75,MC,,96
shuffle,chunk_7,75,cosine_similarity,0.3143308907747268,96
shuffle,chunk_7,75,kl_to_gaussian,0.6822619947282677,96
shuffle,chunk_7,75,wt_mean,0.00198088126489885,96
shuffle,chunk_7,76,GR,,96
shuffle,chunk_7,76,IPC,,96
shuffle,chunk_7,76,KR,54.822916666666664,96
shuffle,chunk_7,76,MC,,96
shuffle,chunk_7,76,cosine_similarity,0.3057473078370094,96
shuffle,chunk_7,76,kl_to_gaussian,0.6822619899911228,96
shuffle,chunk_7,76,wt_mean,0.0018933141545858,96
shuffle,chunk_7,77,GR,,96
shuffle,chunk_7,77,IPC,,96
shuffle,chunk_7,77,KR,55.78125,96
shuffle,chunk_7,77,MC,,96
shuffle,chunk_7,77,cosine_similarity,0.318336546421051,96
shuffle,chunk_7,77,kl_to_gaussian,0.682262000873877,96
shuffle,chunk_7,77,wt_mean,0.002030586823821025,96
shuffle,chunk_7,78,GR,,96
shuffle,chunk_7,78,IPC,,96
shuffle,chunk_7,78,KR,89.63541666666667,96
shuffle,chunk_7,78,MC,,96
shuffle,chunk_7,78,cosine_similarity,0.3184509947896004,96
shuffle,chunk_7,78,kl_to_gaussian,0.6822620016484512,96
shuffle,chunk_7,78,wt_mean,0.002608524140669,96
shuffle,chunk_7,79,GR,,96
shuffle,chunk_7,79,IPC,,96
shuffle,chunk_7,79,KR,55.979166666666664,96
shuffle,chunk_7,79,MC,,96
shuffle,chunk_7,79,cosine_similarity,0.33441650122404093,96
shuffle,chunk_7,79,kl_to_gaussian,0.6822619833302088,96
shuffle,chunk_7,79,wt_mean,0.00211225223029025,96
shuffle,chunk_8,80,GR,,96
shuffle,chunk_8,80,IPC,,96
shuffle,chunk_8,80,KR,61.28125,96
shuffle,chunk_8,80,MC,,96
shuffle,chunk_8,80,cosine_similarity,0.32537509500980377,96
shuffle,chunk_8,80,kl_to_gaussian,0.6823334456080076,96
shuffle,chunk_8,80,wt_mean,0.002220320631749875,96
shuffle,chunk_8,81,GR,,96
shuffle,chunk_8,81,IPC,,96
shuffle,chunk_8,81,KR,43.822916666666664,96
shuffle,chunk_8,81,MC,,96
shuffle,chunk_8,81,cosine_similarity,0.32348671555519104,96
shuffle,chunk_8,81,kl_to_gaussian,0.6823334445352051,96
shuffle,chunk_8,81,wt_mean,0.0018126606591976752,96
shuffle,chunk_8,82,GR,,96
shuffle,chunk_8,82,IPC,,96
shuffle,chunk_8,82,KR,56.208333333333336,96
shuffle,chunk_8,82,MC,,96
shuffle,chunk_8,82,cosine_similarity,0.3035727888345718,96
shuffle,chunk_8,82,kl_to_gaussian,0.6824049128037939,96
shuffle,chunk_8,82,wt_mean,0.001828147331252625,96
shuffle,chunk_8,83,GR,,96
shuffle,chunk_8,83,IPC,,96
shuffle,chunk_8,83,KR,65.84375,96
shuffle,chunk_8,83,MC,,96
shuffle,chunk_8,83,cosine_similarity,0.32165552675724024,96
shuffle,chunk_8,83,kl_to_gaussian,0.6823334238991788,96
shuffle,chunk_8,83,wt_mean,0.0021946464548818503,96
shuffle,chunk_8,84,GR,,96
shuffle,chunk_8,84,IPC,,96
shuffle,chunk_8,84,KR,50.177083333333336,96
shuffle,chunk_8,84,MC,,96
shuffle,chunk_8,84,cosine_similarity,0.30420225113630295,96
shuffle,chunk_8,84,kl_to_gaussian,0.682262001696492,96
shuffle,chunk_8,84,wt_mean,0.0018520995799917248,96
shuffle,chunk_8,85,GR,,96
shuffle,chunk_8,85,IPC,,96
shuffle,chunk_8,85,KR,64.77083333333333,96
shuffle,chunk_8,85,MC,,96
shuffle,chunk_8,85,cosine_similarity,0.3163909241557121,96
shuffle,chunk_8,85,kl_to_gaussian,0.6822619881415862,96
shuffle,chunk_8,85,wt_mean,0.002281529013998725,96
shuffle,chunk_8,86,GR,,96
shuffle,chunk_8,86,IPC,,96
shuffle,chunk_8,86,KR,65.63541666666667,96
shuffle,chunk_8,86,MC,,96
shuffle,chunk_8,86,cosine_similarity,0.31764985620975494,96
shuffle,chunk_8,86,kl_to_gaussian,0.6822620025938918,96
shuffle,chunk_8,86,wt_mean,0.0023171057400759,96
shuffle,chunk_8,87,GR,,96
shuffle,chunk_8,87,IPC,,96
shuffle,chunk_8,87,KR,60.0,96
shuffle,chunk_8,87,MC,,96
shuffle,chunk_8,87,cosine_similarity,0.32463116198778147,96
shuffle,chunk_8,87,kl_to_gaussian,0.6822619769296923,96
shuffle,chunk_8,87,wt_mean,0.002184456476243175,96
shuffle,chunk_8,88,GR,,96
shuffle,chunk_8,88,IPC,,96
shuffle,chunk_8,88,KR,85.82291666666667,96
shuffle,chunk_8,88,MC,,96
shuffle,chunk_8,88,cosine_similarity,0.3174781948328018,96
shuffle,chunk_8,88,kl_to_gaussian,0.6822620058227148,96
shuffle,chunk_8,88,wt_mean,0.0024163755297194503,96
shuffle,chunk_8,89,GR,,96
shuffle,chunk_8,89,IPC,,96
shuffle,chunk_8,89,KR,59.03125,96
shuffle,chunk_8,89,MC,,96
shuffle,chunk_8,89,cosine_similarity,0.3252034485340118,96
shuffle,chunk_8,89,kl_to_gaussian,0.6824048904238958,96
shuffle,chunk_8,89,wt_mean,0.0020755065779666754,96
shuffle,chunk_9,90,GR,,96
shuffle,chunk_9,90,IPC,,96
shuffle,chunk_9,90,KR,95.04166666666667,96
shuffle,chunk_9,90,MC,,96
shuffle,chunk_9,90,cosine_similarity,0.31307195872068405,96
shuffle,chunk_9,90,kl_to_gaussian,0.6822619896571448,96
shuffle,chunk_9,90,wt_mean,0.002541189867770225,96
shuffle,chunk_9,91,GR,,96
shuffle,chunk_9,91,IPC,,96
shuffle,chunk_9,91,KR,49.84375,96
shuffle,chunk_9,91,MC,,96
shuffle,chunk_9,91,cosine_similarity,0.3076356947422027,96
shuffle,chunk_9,91,kl_to_gaussian,0.6822619926670775,96
shuffle,chunk_9,91,wt_mean,0.001852780522312925,96
shuffle,chunk_9,92,GR,,96
shuffle,chunk_9,92,IPC,,96
shuffle,chunk_9,92,KR,57.90625,96
shuffle,chunk_9,92,MC,,96
shuffle,chunk_9,92,cosine_similarity,0.322342224419117,96
shuffle,chunk_9,92,kl_to_gaussian,0.6823334420500357,96
shuffle,chunk_9,92,wt_mean,0.002140623750165075,96
shuffle,chunk_9,93,GR,,96
shuffle,chunk_9,93,IPC,,96
shuffle,chunk_9,93,KR,58.854166666666664,96
shuffle,chunk_9,93,MC,,96
shuffle,chunk_9,93,cosine_similarity,0.32548953592777247,96
shuffle,chunk_9,93,kl_to_gaussian,0.6822619778275301,96
shuffle,chunk_9,93,wt_mean,0.00210480080568225,96
shuffle,chunk_9,94,GR,,96
shuffle,chunk_9,94,IPC,,96
shuffle,chunk_9,94,KR,76.04166666666667,96
shuffle,chunk_9,94,MC,,96
shuffle,chunk_9,94,cosine_similarity,0.30557561665773386,96
shuffle,chunk_9,94,kl_to_gaussian,0.682404893899001,96
shuffle,chunk_9,94,wt_mean,0.00228265029727475,96
shuffle,chunk_9,95,GR,,96
shuffle,chunk_9,95,IPC,,96
shuffle,chunk_9,95,KR,66.63541666666667,96
shuffle,chunk_9,95,MC,,96
shuffle,chunk_9,95,cosine_similarity,0.32171275466680527,96
shuffle,chunk_9,95,kl_to_gaussian,0.682261979245444,96
shuffle,chunk_9,95,wt_mean,0.002287646435433925,96
shuffle,chunk_9,96,GR,,96
shuffle,chunk_9,96,IPC,,96
shuffle,chunk_9,96,KR,71.30208333333333,96
shuffle,chunk_9,96,MC,,96
shuffle,chunk_9,96,cosine_similarity,0.3114124312996864,96
shuffle,chunk_9,96,kl_to_gaussian,0.6823334466979114,96
shuffle,chunk_9,96,wt_mean,0.0021337620564735997,96
shuffle,chunk_9,97,GR,,96
shuffle,chunk_9,97,IPC,,96
shuffle,chunk_9,97,KR,50.59375,96
shuffle,chunk_9,97,MC,,96
shuffle,chunk_9,97,cosine_similarity,0.3137586638331413,96
shuffle,chunk_9,97,kl_to_gaussian,0.6822619927836823,96
shuffle,chunk_9,97,wt_mean,0.0019022025226149,96
shuffle,chunk_9,98,GR,,96
shuffle,chunk_9,98,IPC,,96
shuffle,chunk_9,98,KR,68.63541666666667,96
shuffle,chunk_9,98,MC,,96
shuffle,chunk_9,98,cosine_similarity,0.31255693733692164,96
shuffle,chunk_9,98,kl_to_gaussian,0.68233344203986,96
shuffle,chunk_9,98,wt_mean,0.0021349690505303,96
shuffle,chunk_9,99,GR,,96
shuffle,chunk_9,99,IPC,,96
shuffle,chunk_9,99,KR,66.94791666666667,96
shuffle,chunk_9,99,MC,,96
shuffle,chunk_9,99,cosine_similarity,0.31839379668235773,96
shuffle,chunk_9,99,kl_to_gaussian,0.6824049022448571,96
shuffle,chunk_9,99,wt_mean,0.002314359298907175,96
