4.269559860229492 4.828901373295636 1.5069091320037842 1.551112174987793
3.235081195831299 5.808855064357587 1.7869038581848145 2.3169901371002197
3.1281158924102783 6.168264650408673 2.080152750015259 3.2112584114074707
3.1797428131103516 4.918493151974928 2.2424681186676025 3.8107523918151855
4.664200305938721 5.491412144346873 1.57997727394104 1.6299707889556885
4.300014019012451 7.1390076443374255 1.8943829536437988 2.49934458732605
2.9106087684631348 4.889938465037019 2.2263455390930176 3.535268545150757
2.932166337966919 5.909419124721344 2.408294439315796 4.227517604827881
5.328317165374756 6.454410578289277 1.683966040611267 1.741545557975769
4.014834403991699 6.820173027272151 2.0453193187713623 2.754854679107666
4.120729446411133 7.770091655889377 2.4286105632781982 3.9866509437561035
3.3713762760162354 6.344679331932131 2.6356709003448486 4.807516574859619
5.429031848907471 6.168793656688877 1.7096892595291138 1.7643784284591675
4.112914562225342 6.908634003915722 2.074274778366089 2.7659621238708496
3.1085116863250732 5.2456965647797915 2.443272829055786 3.9255781173706055
2.6807801723480225 4.668580087232158 2.6271467208862305 4.678623199462891
5.966141223907471 6.955146908160714 1.8128732442855835 1.8763587474822998
4.491928577423096 7.1138259993100945 2.235668420791626 3.0482845306396484
3.687490701675415 6.430502550921574 2.6702301502227783 4.446749687194824
3.0370171070098877 5.2723475251764285 2.884730339050293 5.353335857391357
6.760229587554932 7.967639382435664 1.9637781381607056 2.0396859645843506
4.9778032302856445 8.209779682284193 2.4683618545532227 3.457031726837158
4.868871688842773 8.287942637929063 2.9927613735198975 5.198219299316406
3.974362373352051 7.125651403143991 3.2488300800323486 6.322465896606445
5.7618231773376465 6.588307511247876 1.9451565742492676 2.014422655105591
5.04423713684082 7.770514669368254 2.3951706886291504 3.2730977535247803
4.00334358215332 6.427057994419599 2.817819356918335 4.67161226272583
3.1875088214874268 5.952132466942011 3.0040292739868164 5.536738395690918
6.452008247375488 7.537262633871535 2.0706794261932373 2.1535990238189697
3.575946092605591 6.1638665468196905 2.605513334274292 3.6605310440063477
4.215638160705566 7.626460850747208 3.1261942386627197 5.402085781097412
3.1419010162353516 4.118665412454675 3.353595018386841 6.481617450714111
7.721358776092529 9.154454949565775 2.262192487716675 2.3638083934783936
5.391716957092285 8.397004416607984 2.9197094440460205 4.234317302703857
4.149296283721924 7.703582633712358 3.5742931365966797 6.47944974899292
4.130408763885498 7.28139274502314 3.8587145805358887 7.865967273712158
5.769282341003418 6.498852305037815 2.309699296951294 2.527660846710205
4.901273250579834 7.949742779749956 2.915369749069214 4.025516033172607
2.7611591815948486 4.718959801963592 3.176130771636963 5.374444007873535
2.9783406257629395 5.364174026377498 3.328185796737671 6.271884441375732
6.432062149047852 7.334341128541951 2.4711382389068604 2.7188875675201416
5.083563804626465 7.582950038774641 3.1562459468841553 4.510149002075195
4.108940124511719 6.713417390875293 3.551920175552368 6.298488616943359
3.418203115463257 5.775474350258833 3.754894971847534 7.452964782714844
7.549576282501221 8.652851831415873 2.718412399291992 3.0157601833343506
6.513221263885498 9.431237066649373 3.532940149307251 5.253794193267822
3.6209006309509277 6.054284789733131 4.1112589836120605 7.679837226867676
4.464912414550781 7.480247889621808 4.381675720214844 9.204658508300781
4.898622035980225 5.572898426426056 1.6494444608688354 1.7195173501968384
4.7055277824401855 6.59638179129238 1.9817748069763184 2.6060073375701904
3.5875742435455322 5.500533204006388 2.3005869388580322 3.5339951515197754
2.859653949737549 4.879688798833058 2.475508689880371 4.169521331787109
5.241740703582764 6.21777854007496 1.734127163887024 1.8107824325561523
4.329893589019775 6.645548517017119 2.1046760082244873 2.8092188835144043
3.545886516571045 5.940577163479929 2.4643359184265137 3.8905131816864014
3.6982216835021973 6.395329236449825 2.663036346435547 4.643433094024658
5.656929969787598 6.848678092961563 1.867270827293396 1.952820897102356
5.177594184875488 8.013757433583322 2.290569305419922 3.105870485305786
4.1070051193237305 7.092612347897287 2.7022781372070312 4.395030498504639
3.35412335395813 6.3902630072885955 2.929140567779541 5.303934097290039
5.867948532104492 6.670543410416144 2.059142827987671 2.169034957885742
4.8132758140563965 6.877360303373894 2.4841673374176025 3.3318302631378174
3.3312740325927734 4.505371809508404 2.8726115226745605 4.562638759613037
2.937979221343994 5.222410843601381 3.06330943107605 5.389240741729736
6.309714317321777 7.3542590278463535 2.18139910697937 2.2993175983428955
4.130183696746826 6.663398949781332 2.6763432025909424 3.665684700012207
3.9557430744171143 6.794102407628998 3.1366593837738037 5.172231197357178
3.1768155097961426 5.555940466037942 3.3666396141052246 6.203701496124268
6.943798542022705 8.412009020205375 2.392868995666504 2.526895046234131
5.674064636230469 8.016412947095944 2.988368272781372 4.1901445388793945
3.4693045616149902 5.495550303423158 3.538525104522705 6.0794878005981445
3.8991281986236572 5.5085692009718485 3.8115670680999756 7.379147052764893
6.150548934936523 7.011322132989164 2.638479471206665 2.821162462234497
4.458828449249268 5.853847709271918 3.1004176139831543 4.264709949493408
3.9039108753204346 6.330918999548551 3.4991295337677 5.748857498168945
2.7515439987182617 4.618644792295015 3.6724190711975098 6.705355644226074
6.812137603759766 7.889153972063326 2.794381856918335 2.996558427810669
4.509269714355469 6.36418821760526 3.3646140098571777 4.763203144073486
3.865044355392456 6.057105882683182 3.8669238090515137 6.640499591827393
3.67470645904541 6.021118591540471 4.09284782409668 7.883058071136475
7.989121437072754 9.453966407252437 3.090797185897827 3.3251993656158447
6.1204705238342285 9.73075897525473 3.817110776901245 5.575592041015625
4.3457841873168945 6.572037367795812 4.442655086517334 8.009782791137695
2.7381956577301025 4.879765694993864 4.722315788269043 9.622172355651855
5.083885669708252 5.5400055102693955 2.7631430625915527 3.068692445755005
3.359649896621704 4.509101375280836 3.7079172134399414 5.172170162200928
3.8803749084472656 6.51948912406734 4.041545391082764 6.856306552886963
2.0848989486694336 3.6371458147320865 4.179721355438232 7.857666015625
5.591175079345703 6.512549568259196 2.974555730819702 3.32307767868042
5.807028770446777 8.716987175076408 4.0204925537109375 5.871663570404053
4.216927528381348 6.2214819952006195 4.491462230682373 8.01196575164795
3.365497589111328 4.871843393996187 4.694346904754639 9.34061050415039
7.84044885635376 9.119791539316651 3.318269968032837 3.7046959400177
5.658370494842529 8.219982881466308 4.5857367515563965 7.0693888664245605
5.150674343109131 7.5297208852493895 5.209653377532959 9.792387008666992
3.532043218612671 5.790138443475691 5.473999500274658 11.550320625305176
4.2114996910095215 4.68849322664164 1.7290480136871338 1.7772114276885986
3.100665807723999 5.4530710444699935 1.9926409721374512 2.540637969970703
2.314610719680786 3.96904679362342 2.2574667930603027 3.426394462585449
3.096614122390747 4.454385307152521 2.4104771614074707 4.022868633270264
4.881526947021484 5.647882608994223 1.8303922414779663 1.8839601278305054
4.136181354522705 6.078474306462795 2.1395926475524902 2.7745914459228516
3.1002893447875977 5.208422953149977 2.444854497909546 3.8139476776123047
3.1205503940582275 5.615458888658424 2.6168673038482666 4.513771057128906
5.6526665687561035 6.769330500628058 1.9786100387573242 2.040257692337036
4.603458881378174 6.9828644479971445 2.3532798290252686 3.111224412918091
3.2026820182800293 5.976942097830033 2.713700294494629 4.363770008087158
3.13364839553833 6.201424707825005 2.9094789028167725 5.201600074768066
4.974307060241699 5.572380161713852 2.163057565689087 2.236351490020752
4.129505634307861 5.9899583066712125 2.5024173259735107 3.263759136199951
3.7996389865875244 6.161482942397612 2.8006296157836914 4.419802188873291
2.6172077655792236 4.2908922916715255 2.9515318870544434 5.176229953765869
5.757831573486328 6.723978274391868 2.3105618953704834 2.39099383354187
4.288179397583008 6.007194624981423 2.7382047176361084 3.660233974456787
2.627835512161255 3.8846143906243356 3.10627818107605 5.085928440093994
2.384904146194458 4.768491943506817 3.2857794761657715 6.01104211807251
6.890258312225342 8.283115215170396 2.5392954349517822 2.6338088512420654
4.75545072555542 6.092128563860342 3.0960605144500732 4.257999897003174
3.663832664489746 6.472542601675514 3.560648202896118 6.071380138397217
4.242907524108887 6.9452717933613215 3.774601459503174 7.2267279624938965
5.399304389953613 6.152337182475776 2.712219715118408 2.8626999855041504
3.85205340385437 5.554597894193989 3.117227077484131 4.178564548492432
2.9573776721954346 3.6645537639193435 3.3996877670288086 5.556509971618652
2.681873083114624 4.700919376558886 3.514728546142578 6.419052600860596
6.3216352462768555 7.46661398754361 2.9083471298217773 3.067040205001831
4.974872589111328 6.809858980873003 3.4496819972991943 4.776396751403809
3.5522477626800537 5.888666064789504 3.832803249359131 6.551241874694824
2.8474323749542236 4.962852310190925 3.984419822692871 7.643558979034424
7.636146068572998 9.218540158411788 3.227632999420166 3.4085536003112793
5.436561584472656 8.463291746596049 3.9726271629333496 5.701150894165039
4.940364837646484 8.331960281470373 4.493941783905029 8.053755760192871
3.533951759338379 4.185189736291193 4.685890197753906 9.457051277160645
5.337239742279053 6.0255049623956864 2.9417786598205566 3.1998047828674316
4.512274265289307 7.16117938936145 3.7754499912261963 5.197475433349609
2.977389335632324 4.907498406825454 3.958390235900879 6.655468940734863
2.5018672943115234 4.0062798724438835 4.007260799407959 7.534797668457031
6.53489351272583 7.556844310151064 3.2172510623931885 3.512526035308838
4.416576385498047 7.28940238658015 4.1839447021484375 6.006667137145996
3.879680871963501 5.450598838657744 4.494431495666504 7.944360733032227
3.1206514835357666 5.256703408129738 4.589231014251709 9.102524757385254
7.558784008026123 8.779753970484109 3.653273344039917 4.024407863616943
5.379493236541748 8.02124027081345 4.849791049957275 7.265219211578369
4.199719429016113 7.553958298571565 5.329704761505127 9.914305686950684
3.3858859539031982 3.901764401925484 5.471067905426025 11.441996574401855
4.693337440490723 5.150626903889444 1.6446565389633179 1.6845818758010864
4.432724952697754 6.730766377267344 1.9064104557037354 2.3927114009857178
3.994546413421631 6.754019451879117 2.194823741912842 3.2927989959716797
3.1186535358428955 5.133430948575551 2.366225242614746 3.9361157417297363
5.180332660675049 5.815685488963304 1.74777090549469 1.7953550815582275
4.745303153991699 6.772117316342644 2.048515558242798 2.615914821624756
4.31660270690918 7.022239514619287 2.37951922416687 3.6707839965820312
3.3894166946411133 5.538817153088075 2.57195782661438 4.426959037780762
5.844344139099121 6.950478731606785 1.913347601890564 1.970217227935791
4.715804576873779 5.929199287138772 2.271996259689331 2.955826997756958
5.13794469833374 7.989242351827201 2.661868095397949 4.230560302734375
3.726490020751953 5.834495557584972 2.879145860671997 5.137526988983154
5.908998012542725 6.483041877807409 2.0326168537139893 2.0771141052246094
4.899116516113281 7.4229829867648505 2.3610637187957764 3.019235610961914
3.4788053035736084 5.134360060938235 2.6975977420806885 4.200390815734863
3.590641498565674 5.850052307308275 2.8785159587860107 5.021389484405518
6.42955207824707 7.250135094499456 2.185246706008911 2.246879816055298
5.60992956161499 8.034463121358613 2.5875184535980225 3.394709587097168
3.6422595977783203 6.417056508746555 3.0000829696655273 4.852053165435791
3.9004204273223877 5.3438757531001695 3.2157299518585205 5.865252494812012
7.232457637786865 8.381927613562311 2.4547042846679688 2.5372421741485596
5.751560688018799 8.854721616023028 2.9704184532165527 4.008699893951416
5.035492897033691 7.739011195098193 3.489583969116211 5.878085613250732
3.666720390319824 5.351889627285118 3.745584726333618 7.154337406158447
6.371891975402832 6.983356331527899 2.6177475452423096 2.641070604324341
4.7161478996276855 7.088917673159813 2.930229425430298 3.8090720176696777
3.888136386871338 6.462631919500893 3.24025297164917 5.206333637237549
3.156628131866455 4.543515220167137 3.3934876918792725 6.146345615386963
7.2414069175720215 8.123568665846708 2.812246084213257 2.8687477111816406
5.591279029846191 8.030062898329732 3.2397420406341553 4.359555721282959
3.541175127029419 6.215996943264116 3.6596899032592773 6.157763481140137
3.711277723312378 5.418988580058908 3.862057685852051 7.364677906036377
8.34221076965332 9.499346254176771 3.1884260177612305 3.2868142127990723
5.030118942260742 7.019472481104685 3.7906830310821533 5.295537948608398
5.596714019775391 7.7462183432109555 4.36501407623291 7.708259582519531
4.9766316413879395 7.718075273296279 4.62431526184082 9.285428047180176
6.28878927230835 6.836456831736768 2.726133108139038 2.882660150527954
4.6801018714904785 6.867053622295543 3.57633900642395 4.772825241088867
4.500572681427002 7.212175923843461 3.735499620437622 6.1494550704956055
3.5961575508117676 5.634950566556427 3.8272178173065186 7.120562553405762
6.402296543121338 7.159604687971437 2.9598240852355957 3.165895462036133
4.033045291900635 6.199172843207748 3.950252056121826 5.470500469207764
4.504436492919922 6.393824068468348 4.244434356689453 7.365330696105957
3.5860979557037354 4.5668835738053986 4.400047779083252 8.656122207641602
8.049537658691406 8.84219836154881 3.4530959129333496 3.733260154724121
6.184187412261963 9.304289220461792 4.626169681549072 6.687804222106934
5.567590713500977 8.076609843167489 5.121885299682617 9.367231369018555
4.265524387359619 6.558172772134862 5.350846767425537 11.105409622192383
4.381365776062012 5.185276055928341 1.746145248413086 1.8094080686569214
2.957887649536133 4.8814338617003585 2.060850143432617 2.6879796981811523
3.5792224407196045 6.298332001286781 2.3387086391448975 3.6544623374938965
3.0593373775482178 4.7967335905513835 2.4690537452697754 4.299341201782227
4.8307037353515625 5.919530962965098 1.8340457677841187 1.9023765325546265
3.878971576690674 6.014335823300421 2.197880744934082 2.911444664001465
2.8159751892089844 5.012961728921709 2.5287535190582275 4.0569281578063965
3.3822364807128906 6.196749760869025 2.683678150177002 4.826807022094727
5.331920146942139 6.83157972554136 1.9655163288116455 2.0416736602783203
4.621849060058594 7.648312678925663 2.3961377143859863 3.231792688369751
3.8411834239959717 6.247865130795617 2.7962591648101807 4.622424125671387
2.975388526916504 4.457249195450569 2.9805147647857666 5.5584001541137695
5.07726526260376 6.0528328777051 2.22238826751709 2.315464496612549
3.700500249862671 5.86649732760975 2.633211612701416 3.527660369873047
2.207075357437134 3.3448454183888146 2.9560153484344482 4.8230438232421875
2.3851101398468018 4.29243049306865 3.074631452560425 5.636704921722412
5.567176818847656 6.803475322689891 2.340205669403076 2.4429125785827637
3.2493526935577393 5.344944051626541 2.8452539443969727 3.9077000617980957
3.951093912124634 6.7864565017007 3.265005588531494 5.529671669006348
2.860183000564575 4.47652060027184 3.427536964416504 6.558653831481934
6.343356132507324 8.06828349794108 2.535188674926758 2.6532015800476074
5.125235557556152 7.65872217478227 3.1718695163726807 4.478873252868652
3.5395278930664062 5.158490533078297 3.717806577682495 6.557282447814941
4.250377655029297 6.972618294535096 3.9297616481781006 7.875301361083984
5.045767307281494 6.116026459402292 2.773599624633789 2.899278402328491
4.124087333679199 6.6113755292999485 3.2746083736419678 4.513521194458008
3.192440986633301 5.406027991103272 3.595276355743408 6.0941386222839355
2.5060555934906006 4.5162328228129525 3.677929401397705 7.0259785652160645
5.700563907623291 7.037325637063594 2.931553363800049 3.083909034729004
3.513441562652588 5.767308938651695 3.558427333831787 5.0850749015808105
2.7290637493133545 5.124601393159619 4.018859386444092 7.133553981781006
2.932337522506714 5.321287214647924 4.167295455932617 8.364234924316406
6.771976947784424 8.577007162525092 3.202979803085327 3.396873712539673
5.436095714569092 8.406238282915751 4.024027347564697 5.971883296966553
3.892814874649048 6.775423806023355 4.666069030761719 8.678807258605957
3.009394645690918 5.49824656122388 4.883313179016113 10.307052612304688
4.710517883300781 5.357081465968509 3.0858871936798096 3.3499670028686523
4.200100421905518 5.390370877540192 3.7952077388763428 5.384468078613281
2.381824016571045 3.1842060327748243 4.123236179351807 7.17661190032959
2.2577152252197266 3.416767051235638 4.1665802001953125 8.180231094360352
5.520180702209473 6.845139252739855 3.180328845977783 2.7713358402252197
3.9996819496154785 6.584315097465222 4.1487531661987305 6.142384052276611
1.5220751762390137 2.0260826290056677 4.633346080780029 8.497542381286621
2.7018308639526367 4.779570406880907 4.760632038116455 9.863036155700684
6.553482532501221 8.3088065873701 3.56457257270813 3.946948289871216
4.798122882843018 7.884832588224501 4.737793922424316 7.353663921356201
4.429257869720459 7.728046176934754 5.438594341278076 10.493168830871582
4.52718448638916 7.348291212156809 5.649662017822266 12.322330474853516
4.407203674316406 4.774028916068346 1.6663801670074463 1.7131391763687134
4.314990520477295 6.692298826723231 1.9372271299362183 2.468696355819702
3.7020890712738037 5.46707793531391 2.2355685234069824 3.365863561630249
3.3414621353149414 5.6461530337778 2.4213509559631348 3.9803028106689453
4.845790386199951 5.513891224893996 1.7416009902954102 1.7941761016845703
4.03985595703125 5.297745899081519 2.0519890785217285 2.651510000228882
3.3486461639404297 5.3149102164124145 2.3978190422058105 3.693331480026245
3.1004106998443604 4.680422614862238 2.612187623977661 4.414273262023926
5.4117302894592285 6.442958048265732 1.8468821048736572 1.9082460403442383
4.878764629364014 7.1041145593798944 2.210489511489868 2.909644603729248
3.1598870754241943 5.78652198140324 2.619760036468506 4.153134822845459
3.3752901554107666 6.286705782963395 2.871675491333008 5.019129276275635
5.252931118011475 5.717307881326633 2.098311424255371 2.1553187370300293
4.623141765594482 6.843515801011961 2.4530861377716064 3.176651954650879
3.6076149940490723 6.092065208999941 2.812650680541992 4.377340316772461
2.858363628387451 5.257625695396541 3.0148096084594727 5.176057815551758
5.823401927947998 6.684855338539364 2.19621205329895 2.26603364944458
5.190108299255371 6.8989142387083575 2.62664532661438 3.4798779487609863
4.52523946762085 7.150011829342816 3.071255922317505 4.943786144256592
4.036314487457275 7.006829988909139 3.320798635482788 5.92698860168457
6.542978286743164 7.6402756957832025 2.3425936698913574 2.429574489593506
5.487453460693359 7.556213178813749 2.878890037536621 3.9250316619873047
4.464270114898682 8.278673901528155 3.438816785812378 5.765847682952881
4.182779788970947 7.021692666058996 3.7501721382141113 7.004991054534912
5.5147905349731445 6.033462055851373 2.685758352279663 2.7686524391174316
4.223865032196045 6.67262453707508 3.111283779144287 4.113114356994629
3.176079034805298 4.668086140032827 3.4761791229248047 5.578999996185303
3.888239622116089 6.644051034920196 3.6510376930236816 6.501230239868164
6.292815208435059 7.171559950242518 2.810288667678833 2.9092752933502197
5.164548873901367 8.165266336592747 3.3471381664276123 4.564853191375732
4.434321403503418 7.0902550157265125 3.8305931091308594 6.417025089263916
3.0198936462402344 5.342329590518489 4.071275234222412 7.593008518218994
7.386311054229736 8.483700242517443 3.0032734870910645 3.1314806938171387
5.508486747741699 8.244637208931351 3.705160617828369 5.249298572540283
5.023748874664307 8.157908226175635 4.35638427734375 7.657717227935791
3.2213375568389893 5.318042832597657 4.679043292999268 9.188143730163574
4.912081718444824 5.125661565601263 2.861912250518799 3.0544028282165527
4.2272114753723145 6.275310598286524 3.702455997467041 5.182775974273682
3.439034938812256 5.625310501502156 4.072247505187988 6.711960792541504
2.6976447105407715 4.4201864609091785 4.200538635253906 7.6762471199035645
5.472811222076416 6.313935133003952 3.0589687824249268 3.2956995964050293
5.066976070404053 6.981091453381623 4.010544776916504 5.760887622833252
4.303723335266113 7.165212491806614 4.508167266845703 7.7879204750061035
3.7500476837158203 6.054808906713788 4.710195064544678 9.056682586669922
7.553617477416992 8.548164597352713 3.3596174716949463 3.665468454360962
5.582531452178955 8.01241523619943 4.484282970428467 6.6579670906066895
4.399388313293457 7.887858571814082 5.168347358703613 9.408548355102539
3.98507022857666 4.919545974908317 5.467105388641357 11.090750694274902
4.077162742614746 5.184554850078598 1.7351605892181396 1.8035579919815063
4.089858531951904 7.1153783046622 2.0013511180877686 2.626624345779419
3.259467601776123 5.0860363477594 2.2357702255249023 3.4702541828155518
2.726130247116089 5.012939075674922 2.364536762237549 4.0277485847473145
4.784775257110596 6.001861261354597 1.836526870727539 1.9130693674087524
4.323423385620117 6.476837383105913 2.1328659057617188 2.8375649452209473
2.4042139053344727 4.536373777747485 2.397606134414673 3.8165712356567383
3.1812570095062256 5.54074289932834 2.5432605743408203 4.480091094970703
5.495903968811035 7.275470016868534 1.9964933395385742 2.0841078758239746
4.927426815032959 7.901672217267105 2.3353731632232666 3.155923843383789
4.391061305999756 7.692431982966866 2.6383161544799805 4.317561626434326
3.4435086250305176 6.242150048490927 2.802319288253784 5.11696195602417
4.919672012329102 6.173122099896069 2.1832408905029297 2.275265693664551
4.594736576080322 7.184060419710306 2.5139012336730957 3.343700647354126
3.5238919258117676 5.644416510478436 2.7702269554138184 4.431237697601318
2.353834390640259 3.6008299240569386 2.8855578899383545 5.123075485229492
5.708365440368652 7.220563856088717 2.330105781555176 2.436018228530884
4.969058990478516 8.288574409823184 2.723498582839966 3.700761079788208
3.521179437637329 6.082661922633656 3.0383694171905518 5.035614490509033
3.486076831817627 6.084842777464444 3.183995246887207 5.907052040100098
6.699995040893555 8.709505545104037 2.586113214492798 2.714110851287842
5.526180744171143 8.296376338964592 3.0710537433624268 4.274425029754639
5.201547622680664 9.227716583295717 3.459726333618164 5.949966907501221
3.684255361557007 5.928685095102196 3.6358377933502197 7.055977821350098
5.284955024719238 6.615425683004133 2.757833480834961 2.8958749771118164
4.419754505157471 7.374433030446491 3.1375420093536377 4.237347602844238
3.186115026473999 6.300864906273318 3.3676507472991943 5.518274784088135
3.0291922092437744 5.020246287466762 3.432124614715576 6.288054466247559
6.226413726806641 7.794833789497986 2.9429051876068115 3.1004867553710938
3.885648727416992 6.806282931743112 3.4230146408081055 4.758615016937256
3.6647069454193115 6.613446855274788 3.7451424598693848 6.417394161224365
3.261606454849243 5.333281494832207 3.8559134006500244 7.441929817199707
7.432010650634766 9.411341287791117 3.298898220062256 3.494631290435791
6.172325134277344 9.938779667815842 3.931419849395752 5.647059440612793
4.201820373535156 6.969384982795873 4.367104530334473 7.817823886871338
3.6969621181488037 6.044740482606869 4.520260334014893 9.173209190368652
4.460940361022949 5.629830230599456 2.9136219024658203 3.1563148498535156
4.583012104034424 7.893461611363364 3.752216339111328 5.21721887588501
3.16672420501709 5.450540224271343 3.930691957473755 6.572295665740967
2.754894495010376 4.723446322403106 3.9137589931488037 7.322981834411621
6.040530681610107 7.519703602876575 3.1618475914001465 3.4600980281829834
4.643229961395264 8.014969128335864 4.0977702140808105 5.926712512969971
3.0508511066436768 5.018918517353786 4.386868953704834 7.714798927307129
3.590627908706665 5.212477391731568 4.436485290527344 8.791898727416992
7.117373466491699 8.714405013870191 3.6224560737609863 4.01768684387207
4.808928966522217 9.105087609580693 4.738128662109375 7.123495578765869
4.51215934753418 7.315167720253811 5.168529033660889 9.540233612060547
3.6314005851745605 6.615336657489934 5.276902198791504 11.018857955932617
4.857922077178955 5.351168297399454 1.5773831605911255 1.6324836015701294
3.9358561038970947 6.28977708309862 1.8709601163864136 2.4451775550842285
2.6622345447540283 4.8154636602027665 2.164918899536133 3.3747618198394775
1.9856855869293213 2.7698565309251535 2.345839500427246 4.0436906814575195
5.22889518737793 5.9583196988196505 1.65370774269104 1.716935157775879
4.1265177726745605 6.507631140775892 1.980616807937622 2.6298415660858154
3.808974504470825 6.33950111977524 2.3160784244537354 3.7109313011169434
2.719778299331665 5.223505359105275 2.5238757133483887 4.501682281494141
5.667717933654785 6.766056362673254 1.7652487754821777 1.836883544921875
5.0867719650268555 7.403399773415337 2.1378262042999268 2.8880789279937744
3.808094024658203 6.509642900196923 2.5277960300445557 4.173371315002441
3.3864285945892334 5.714168311271379 2.770176649093628 5.1240081787109375
6.001763343811035 6.629328771115979 1.96656334400177 2.0162293910980225
4.575979709625244 6.388622690690884 2.3424594402313232 3.083568572998047
3.56706166267395 5.995466593684341 2.70373272895813 4.3258209228515625
3.8417303562164307 6.708262463842743 2.907088041305542 5.2019734382629395
6.448711395263672 7.347855219526082 2.070885181427002 2.1410605907440186
5.327291011810303 8.235004080491422 2.5087273120880127 3.387387752532959
3.5320005416870117 5.058829439717897 2.9440393447875977 4.898609638214111
3.2510249614715576 3.765637550682243 3.19303560256958 5.985378265380859
7.211239814758301 8.371018131537767 2.234917640686035 2.3246138095855713
4.9475016593933105 7.079800513056682 2.7600932121276855 3.828800678253174
4.756490707397461 8.374026151009836 3.2952046394348145 5.717284679412842
4.053197383880615 6.951413168703738 3.603116035461426 7.086388111114502
6.299178600311279 7.024025193046555 2.6107287406921387 2.576389789581299
4.713119983673096 7.562492147760864 3.014453172683716 3.970442771911621
3.1104178428649902 4.971924303026526 3.3652584552764893 5.507640361785889
2.895749568939209 4.8748031428343666 3.5396041870117188 6.531055450439453
7.08347225189209 8.048836933391783 2.734241247177124 2.7465388774871826
4.024593830108643 6.47321135212394 3.233799457550049 4.424890995025635
3.621683359146118 5.87272396033552 3.695378541946411 6.350551605224609
3.015934467315674 6.106413087128203 3.9344594478607178 7.667639255523682
8.096806526184082 9.255036756661639 2.9444048404693604 3.0005156993865967
5.6004204750061035 8.412019174215573 3.5892531871795654 5.099538326263428
4.359983444213867 8.25126497879728 4.200802803039551 7.589982032775879
2.9582772254943848 4.504514428697977 4.520719051361084 9.309447288513184
5.702399253845215 6.077929434071345 2.682691812515259 2.7993810176849365
3.73271107673645 5.622590227482874 3.7062087059020996 5.088416576385498
3.6563546657562256 5.971770620634288 3.9937644004821777 6.708555221557617
3.452681303024292 5.593602902598745 4.103416919708252 7.76300573348999
6.949764251708984 7.784738548257991 2.859278440475464 3.028801441192627
4.979705333709717 6.98184549961519 3.993018388748169 5.697737693786621
3.8660507202148438 5.964065909111866 4.394201278686523 7.796135902404785
3.6901538372039795 6.65974563768151 4.583166122436523 9.194735527038574
7.890493392944336 8.587607094646955 3.155693292617798 3.3856327533721924
5.687765598297119 8.325510933575742 4.454633712768555 6.663512229919434
5.093161582946777 8.458800314882438 5.032927513122559 9.420269012451172
3.507988691329956 5.777070613254718 5.318109035491943 11.299125671386719
4.5071001052856445 5.528721890991164 1.565125823020935 1.622477650642395
3.1488218307495117 5.469217116717637 1.8402059078216553 2.4408435821533203
3.150447368621826 6.017568534076659 2.113968849182129 3.3562395572662354
3.142442226409912 5.974047522726551 2.273620843887329 3.972012519836426
5.008455276489258 6.178734948269948 1.6652030944824219 1.7295424938201904
4.588378429412842 7.953975164568731 1.9805934429168701 2.6569201946258545
2.6152775287628174 4.725844512421915 2.2929906845092773 3.7081706523895264
3.401500701904297 6.141334430706749 2.4715545177459717 4.416782855987549
5.904181957244873 7.180935095289911 1.826143503189087 1.900460958480835
4.8686676025390625 7.740693318314773 2.2019567489624023 2.991647481918335
4.259916305541992 6.964587584482388 2.5686824321746826 4.235722064971924
3.5158629417419434 5.798106611363808 2.7709121704101562 5.06616735458374
5.389583587646484 6.507843404206028 1.8131240606307983 1.8830231428146362
4.909607887268066 8.20382623184355 2.141144037246704 2.9022045135498047
2.195596933364868 4.880458467245546 2.46163010597229 4.072692394256592
2.889110565185547 5.477846610401073 2.6458394527435303 4.851231098175049
6.221530437469482 7.460648535632643 1.9693900346755981 2.0506997108459473
4.6052165031433105 7.105066541200813 2.3646538257598877 3.259531021118164
4.375646114349365 7.580894962072522 2.747645616531372 4.661427021026611
3.411893844604492 5.2099624490846494 2.9606223106384277 5.5925445556640625
7.334987640380859 8.89362823754142 2.242401599884033 2.342188596725464
5.7366862297058105 8.591650153913598 2.747467279434204 3.858978748321533
4.671736717224121 7.328925990568592 3.224533796310425 5.614377975463867
3.131700277328491 5.944432742667686 3.472588300704956 6.75511360168457
5.875328540802002 7.070998472088036 2.1032681465148926 2.208076000213623
4.830517292022705 7.417660918245133 2.4454233646392822 3.370002269744873
3.815761089324951 7.0459674896896525 2.7764551639556885 4.758577346801758
3.3471839427948 5.853719277125094 2.978463888168335 5.668034553527832
6.904186248779297 8.253219697342892 2.314282178878784 2.427581787109375
4.889170169830322 7.324721262128833 2.7528927326202393 3.8760669231414795
4.563728332519531 6.81297583123622 3.1700472831726074 5.593461036682129
3.2823758125305176 5.6766405671336315 3.4107322692871094 6.71575927734375
8.25350284576416 9.932906107470558 2.7110202312469482 2.847548723220825
5.722054481506348 9.858211973917236 3.3170011043548584 4.783652305603027
4.69720983505249 7.396958189994265 3.871713876724243 7.033109188079834
3.2700934410095215 6.787255491437463 4.153277397155762 8.451855659484863
5.952017784118652 7.207307058626725 2.3737521171569824 2.5726656913757324
4.792069911956787 7.625272310126775 3.028818368911743 4.495395183563232
3.312028408050537 6.284144824119835 3.031637668609619 5.365614414215088
2.986628532409668 5.970098317725615 3.2378127574920654 6.322582721710205
6.103572368621826 7.431520089191366 2.6320109367370605 2.856649875640869
4.63020133972168 7.28096389645961 3.4197938442230225 5.128684043884277
3.738074541091919 6.528073283219626 3.5141637325286865 6.401679515838623
3.927273750305176 5.810672095024923 3.768096923828125 7.627706050872803
7.582691192626953 8.779504983423532 3.109672784805298 3.3910231590270996
5.568451881408691 7.784988982475738 4.052812576293945 6.086427211761475
5.148176193237305 8.727313113575178 4.418134689331055 8.269987106323242
3.381835699081421 5.9758648201115285 4.709866523742676 9.869485855102539
4.0744757652282715 4.653227737293292 1.686905860900879 1.7602145671844482
2.8399853706359863 4.602023187668024 2.0196592807769775 2.6884653568267822
3.223741054534912 4.787793040942731 2.3209455013275146 3.6363487243652344
2.2609691619873047 3.9715045156794986 2.4710421562194824 4.2490410804748535
4.6583380699157715 5.555106573746372 1.7707253694534302 1.8484147787094116
3.6833813190460205 5.5516902970188085 2.1483206748962402 2.8983564376831055
3.1734580993652344 4.964909004214348 2.4977433681488037 4.018417835235596
1.6211457252502441 3.3502188367216093 2.671635627746582 4.75512170791626
5.462142467498779 6.7105724176608135 1.8931926488876343 1.9754924774169922
4.922849655151367 7.2741897948008045 2.334123373031616 3.1898159980773926
3.3651413917541504 5.985635059508127 2.7475242614746094 4.537091255187988
3.0799472332000732 5.4176612773673405 2.9510281085968018 5.4318342208862305
4.956788539886475 5.684747318305426 2.066157102584839 2.157337188720703
4.004920482635498 6.490951031867155 2.4760897159576416 3.355813503265381
3.079409122467041 5.205788609204959 2.8173437118530273 4.5709404945373535
2.630664348602295 4.662160993996624 2.96423602104187 5.335655689239502
5.656510829925537 6.693847277417902 2.1780762672424316 2.283886671066284
3.428515672683716 5.758588344195857 2.6725704669952393 3.704824447631836
3.709404706954956 6.408192173286665 3.096514940261841 5.215279579162598
2.149395227432251 3.092416412266857 3.2809841632843018 6.181972980499268
6.727729320526123 8.108756556933022 2.3573503494262695 2.477654218673706
4.386066436767578 7.094275292439022 2.9718141555786133 4.209666728973389
4.160153388977051 7.164643085352022 3.5046939849853516 6.120502471923828
3.531564712524414 6.242145042162434 3.732651710510254 7.350271701812744
5.34026575088501 6.15677604781783 2.5671520233154297 2.6615238189697266
4.463660717010498 7.258651063178121 2.9939334392547607 4.113460540771484
3.4284141063690186 5.988451385749784 3.318189859390259 5.5296430587768555
2.6187422275543213 3.9375967746896094 3.4347310066223145 6.396732807159424
6.319538116455078 7.439869809801166 2.706402540206909 2.8238675594329834
3.899142026901245 5.962112707393089 3.260214328765869 4.6232991218566895
3.8346071243286133 6.636617312620661 3.700221061706543 6.455946445465088
2.2182161808013916 4.724152829610716 3.8653833866119385 7.594808101654053
7.687209606170654 9.16908776899993 2.948282241821289 3.097196102142334
5.784470081329346 9.275262955490462 3.689023733139038 5.391811847686768
2.9661929607391357 5.100694165501732 4.277738571166992 7.793483734130859
4.065103054046631 6.023460327555648 4.494231700897217 9.288250923156738
4.446192264556885 5.03789871620171 2.724486827850342 2.8949503898620605
3.797454833984375 6.4914584813149645 3.517343044281006 4.902174472808838
3.075866937637329 5.182171513477442 3.746708631515503 6.358471393585205
1.6682409048080444 3.3293773283641492 3.8152523040771484 7.26263952255249
6.492625713348389 7.6186175380235 2.9403488636016846 3.153114080429077
4.734911918640137 7.31375408619715 3.841367244720459 5.567022323608398
3.676293134689331 5.5340153111287975 4.2140913009643555 7.528873443603516
3.2075376510620117 5.0817450187849005 4.33784818649292 8.754067420959473
7.151928424835205 8.409434152759097 3.306989908218384 3.595885992050171
5.408246994018555 8.147696155433179 4.387302398681641 6.608211517333984
3.3618416786193848 5.681275821059103 4.938230037689209 9.254956245422363
3.7049307823181152 6.217148491919406 5.115140914916992 10.894399642944336
4.099755764007568 4.882887384009848 1.6862345933914185 1.7360948324203491
3.455932378768921 5.591970827572254 1.977786898612976 2.6199827194213867
3.123887777328491 4.720517564804595 2.239766836166382 3.5559961795806885
3.00065279006958 5.152882601178774 2.378164529800415 4.153642654418945
4.760801792144775 5.741215502584055 1.772799015045166 1.826945424079895
2.9607913494110107 5.08180364390549 2.1102688312530518 2.82590651512146
3.423288583755493 5.221451276434777 2.414187431335449 3.90974760055542
2.8111493587493896 4.672744362439829 2.572997808456421 4.611572742462158
5.635782718658447 6.873017251220142 1.900589108467102 1.9637150764465332
5.054566860198975 8.537655485175264 2.298304557800293 3.1286749839782715
4.365828514099121 7.4652692152480995 2.6547181606292725 4.413832187652588
3.3524837493896484 5.539191853090102 2.8373260498046875 5.253683090209961
4.962883949279785 5.833879847085427 2.1247692108154297 2.1884419918060303
4.533565998077393 7.032595632576957 2.5047547817230225 3.404252529144287
1.984385371208191 4.076577669454764 2.791964054107666 4.634680271148682
2.566802978515625 4.437202156808212 2.9149935245513916 5.379983901977539
5.818645000457764 6.923447170980353 2.248440742492676 2.3171470165252686
3.128777265548706 4.793005167002605 2.717451333999634 3.7575697898864746
3.8251960277557373 7.085360825617215 3.075514078140259 5.252243518829346
2.654611825942993 3.335307626208575 3.228569746017456 6.171041965484619
6.970066547393799 8.332113590447989 2.4470841884613037 2.530630111694336
5.128272533416748 8.333959937252132 3.0362930297851562 4.299795627593994
4.117028713226318 7.771497278293509 3.4826138019561768 6.158615589141846
3.400907516479492 5.562441402614695 3.6686770915985107 7.309113025665283
5.370805263519287 6.3310645718459 2.6920056343078613 2.795102119445801
4.4114670753479 7.404871880736891 3.1319446563720703 4.392354965209961
2.1675686836242676 3.514918657357157 3.390394926071167 5.858989238739014
2.5151729583740234 5.35421447292228 3.4653971195220947 6.691798210144043
6.387965679168701 7.561671790881519 2.8489816188812256 2.973278284072876
4.379624843597412 6.415813032354208 3.4317636489868164 4.9311418533325195
2.651458978652954 4.113291658727576 3.7899158000946045 6.777895450592041
2.8203349113464355 5.015259107431611 3.900681734085083 7.844755172729492
7.728680610656738 9.213586039130973 3.1315300464630127 3.28922963142395
5.803281784057617 8.912891811094127 3.9052724838256836 5.781278610229492
3.906381130218506 5.936858747183834 4.38045597076416 8.149757385253906
3.27553391456604 4.7161695576505736 4.526787281036377 9.525177955627441
4.5640363693237305 4.9908431018182 2.951812505722046 3.315819263458252
2.9928369522094727 5.427665069016257 3.72929310798645 5.406226634979248
2.4710593223571777 4.563334073309756 3.9115264415740967 6.968276023864746
2.156625747680664 4.501096913653171 3.9268717765808105 7.822664737701416
6.430323600769043 7.526809837573552 3.209658145904541 3.660867691040039
4.609091758728027 7.4785606426591045 4.090655326843262 6.117453575134277
4.19819974899292 6.497137711026234 4.404634952545166 8.152623176574707
3.4392967224121094 5.854114563352503 4.461097717285156 9.284955978393555
7.595906734466553 9.00339045753799 3.602799654006958 4.00100564956665
5.385694980621338 8.627418097651628 4.695370674133301 7.2675909996032715
4.4114909172058105 7.716677309053011 5.150458812713623 9.945894241333008
4.000603199005127 7.063646534152509 5.241518020629883 11.4331636428833
4.639285564422607 5.203280754092702 1.8856143951416016 1.9423094987869263
3.8767127990722656 5.991378449206778 2.2103583812713623 2.886733055114746
3.841177463531494 6.385206334598102 2.4862935543060303 3.90075421333313
3.0871362686157227 5.123284965187926 2.6302387714385986 4.5840229988098145
5.122541427612305 6.026170948616972 2.0111887454986572 2.0753719806671143
4.002125263214111 6.061442091290246 2.3960890769958496 3.1862692832946777
2.610165596008301 4.475546969701668 2.7209742069244385 4.400974273681641
3.489262819290161 5.622717104611084 2.8858182430267334 5.212573528289795
5.7811431884765625 7.038330823691581 2.2103936672210693 2.2884066104888916
5.210601329803467 7.983473996545015 2.669757843017578 3.6302313804626465
4.356644630432129 7.1673782632612575 3.0485329627990723 5.099800109863281
3.7254483699798584 5.880719163680752 3.2354073524475098 6.069877624511719
5.641991138458252 6.32836500349822 2.44399356842041 2.521573066711426
3.951340913772583 5.446205242525139 2.8621160984039307 3.8392419815063477
4.040156841278076 6.795092660077444 3.1483941078186035 5.168850421905518
3.164738655090332 5.458408619390909 3.2719836235046387 6.0305657386779785
6.196990013122559 7.1755342112063545 2.6295056343078613 2.7244362831115723
5.422576427459717 8.404071255331512 3.153350591659546 4.3521552085876465
4.394529819488525 7.2191916044235995 3.5160608291625977 6.023004055023193
3.3921942710876465 5.996260055039201 3.6705758571624756 7.092223644256592
7.070906639099121 8.337037166656382 2.9491779804229736 3.0750560760498047
6.387526512145996 9.480860406537658 3.6046881675720215 5.148102283477783
4.399011611938477 5.138304858354729 4.046454429626465 7.249340057373047
3.3497366905212402 6.570983622334268 4.230091571807861 8.564362525939941
5.955333232879639 6.5814658701183735 2.9830992221832275 3.139317035675049
5.145317077636719 6.841517885554367 3.5352373123168945 4.894090175628662
2.1415934562683105 3.3683696841973187 3.8011295795440674 6.46349573135376
3.8039052486419678 5.567697596302253 3.8809659481048584 7.4421210289001465
6.916855812072754 7.837052619170038 3.2409284114837646 3.443002223968506
5.685905933380127 8.162208391084725 3.9288337230682373 5.6320390701293945
3.898510456085205 6.100723340906512 4.291513919830322 7.669935703277588
3.1317520141601562 5.671798156373484 4.410411834716797 8.925993919372559
8.092912673950195 9.34567599608863 3.7085940837860107 3.9783027172088623
6.221570014953613 8.176001084275022 4.56241512298584 6.819629192352295
4.9932332038879395 6.787222326072936 5.0225090980529785 9.450055122375488
4.390394687652588 6.356268597744474 5.173766136169434 11.012703895568848
5.384230136871338 5.978527959289977 3.3755295276641846 3.6512603759765625
4.466867923736572 5.418611239072256 4.060594081878662 5.809164524078369
4.11590576171875 6.03696149374332 4.326363563537598 7.534745693206787
3.0318641662597656 4.972544309008111 4.362340927124023 8.57178783416748
6.328815937042236 7.4172117907527735 3.611196994781494 3.7697010040283203
5.697807312011719 8.109486044275819 4.5440216064453125 6.743135452270508
4.371092319488525 6.27894289973861 4.913078784942627 9.015894889831543
2.6495578289031982 4.5704885873610355 4.992578983306885 10.38561725616455
7.808215618133545 9.097731156076406 3.874715566635132 4.358499050140381
6.313347816467285 8.131797865459063 5.337760925292969 8.263808250427246
5.735836029052734 8.185245755029072 5.806923866271973 11.257631301879883
4.913848400115967 7.9446086046668825 5.9183878898620605 12.964750289916992
3.8618409633636475 4.295749642307271 1.5411282777786255 1.5897550582885742
3.296497344970703 5.6084116912510495 1.8086198568344116 2.342366933822632
3.3680419921875 5.846800730757195 2.078063726425171 3.2252418994903564
3.2600510120391846 6.036141683439169 2.2287023067474365 3.843031644821167
4.368541717529297 5.067784666680609 1.6543211936950684 1.7094558477401733
4.105575084686279 5.832982794925556 1.9599717855453491 2.5779731273651123
4.0789079666137695 5.803592791167006 2.2636239528656006 3.605116128921509
2.4377129077911377 4.654568631851532 2.4273059368133545 4.316845893859863
5.189229488372803 6.302894829726001 1.8444243669509888 1.9084502458572388
3.6165804862976074 6.423399109862885 2.211076259613037 2.9537980556488037
3.268934965133667 6.6196020916228235 2.564033031463623 4.191710948944092
3.6351847648620605 7.095387072607437 2.7412831783294678 5.03907585144043
5.160100936889648 5.700411288733822 1.74300217628479 1.8014105558395386
4.519958972930908 6.917245781844372 2.0736708641052246 2.743968963623047
3.593337059020996 5.796408970540934 2.407787561416626 3.881136655807495
2.9238440990448 4.139589611142583 2.585599660873413 4.666112422943115
5.859775543212891 6.785173357018181 1.9188982248306274 1.988041877746582
4.013195514678955 6.531756982432251 2.3204941749572754 3.138375997543335
3.530956983566284 5.060631173383245 2.7106335163116455 4.520050525665283
3.410350799560547 5.913048925263652 2.905357837677002 5.456949710845947
6.5722455978393555 7.77257428071124 2.236266613006592 2.3232011795043945
5.458704471588135 7.846972210868529 2.759070634841919 3.825098991394043
4.056482315063477 7.858008770220692 3.2353928089141846 5.584607124328613
3.861814498901367 6.017912615778187 3.446582794189453 6.751536846160889
5.728895664215088 6.336825032332115 1.9275472164154053 1.9978883266448975
5.118160247802734 7.750202090591358 2.314220666885376 3.134204626083374
3.6548960208892822 4.994533619787148 2.708303451538086 4.51320219039917
3.028135061264038 5.428366633359304 2.90773868560791 5.439495086669922
6.68212366104126 7.676335604989077 2.1618025302886963 2.248060941696167
4.979061603546143 6.455648434431074 2.662341356277466 3.7043325901031494
4.816434383392334 7.6922199378366685 3.131991147994995 5.425116062164307
2.651519536972046 4.700642226360181 3.348410129547119 6.558064937591553
7.708748817443848 8.99779370958413 2.607924222946167 2.725505828857422
5.547152042388916 8.35834364693892 3.3054184913635254 4.753082752227783
4.054591655731201 6.669553285265465 3.8943889141082764 7.014090061187744
3.896171808242798 6.749907425107722 4.12581729888916 8.462433815002441
5.87716007232666 6.517584946155496 2.178600788116455 2.380842447280884
4.450963973999023 6.581895902378619 2.5320992469787598 3.5726847648620605
3.5348517894744873 5.331072295379123 2.951265573501587 5.055939674377441
2.1192562580108643 2.9032093804282795 3.1604251861572266 6.064291954040527
6.583530902862549 7.525750292677458 2.4866678714752197 2.7425448894500732
4.622857570648193 6.385980762057741 2.9748940467834473 4.288614273071289
3.8599324226379395 6.508230043340177 3.4777116775512695 6.198822498321533
2.50706148147583 4.592255374133572 3.6994857788085938 7.453841209411621
6.98169469833374 8.039565234319639 3.1468474864959717 3.53446626663208
5.225428104400635 8.863678151105232 3.79487681388855 5.659099102020264
5.259751796722412 7.773911615614679 4.4385576248168945 8.232978820800781
3.9522345066070557 6.673818059151426 4.671675205230713 9.863009452819824
4.3096160888671875 4.826549181290346 1.6840152740478516 1.7385896444320679
3.934833526611328 5.7237948067243 1.9418041706085205 2.513424873352051
3.7698848247528076 6.84422221868831 2.167306900024414 3.4006547927856445
2.603933334350586 5.312638571471325 2.299955129623413 4.026587963104248
5.016613960266113 5.851309192698409 1.7976082563400269 1.8568428754806519
4.561849594116211 6.60974563976929 2.0957672595977783 2.7371177673339844
4.005674839019775 7.257630686627635 2.3563520908355713 3.763786554336548
2.961907386779785 5.923333811312148 2.503880739212036 4.489477157592773
5.76987361907959 6.7862652176375775 1.9793181419372559 2.0462024211883545
4.934460163116455 6.7401740966892305 2.3367919921875 3.0830180644989014
3.7021472454071045 6.612542487129311 2.6478497982025146 4.307566165924072
3.6074013710021973 5.893369430645407 2.814810276031494 5.16859769821167
5.2357401847839355 5.912538015978782 2.10343861579895 2.1798412799835205
4.679101943969727 7.125476590263057 2.4045844078063965 3.1561193466186523
3.343391180038452 5.406623357738569 2.6229679584503174 4.256099224090576
3.501340866088867 6.079291559970283 2.7329773902893066 5.019960880279541
5.961435317993164 6.936244636418678 2.274451494216919 2.356215476989746
4.42336893081665 6.438585322079575 2.6515910625457764 3.5354840755462646
4.686964988708496 7.321342496372356 2.932828187942505 4.890528678894043
4.000202655792236 6.939308765456644 3.0653815269470215 5.818769931793213
6.95994234085083 8.072474223277439 2.5728375911712646 2.666623115539551
5.407344818115234 8.205215159548004 3.063239336013794 4.159511566162109
4.759613990783691 7.990470067618219 3.434694290161133 5.888375282287598
3.5619924068450928 6.846520934599312 3.5985913276672363 7.050980091094971
5.774575710296631 6.551341468878036 2.6846511363983154 2.8469908237457275
5.199795722961426 7.511152619363472 2.9695591926574707 3.9718055725097656
3.0943784713745117 5.19129000065694 3.1133038997650146 5.17991828918457
2.5084261894226074 4.201052115967968 3.160301685333252 6.009410858154297
6.7563066482543945 7.794159476851291 2.905073881149292 3.069828748703003
6.166100978851318 8.509633813187065 3.3100130558013916 4.517688751220703
4.23543643951416 7.2032876016883165 3.5504798889160156 6.120271682739258
3.4137234687805176 5.235876703899763 3.6266229152679443 7.172153949737549
8.001411437988281 9.26057630945536 3.3240370750427246 3.502574920654297
5.361833095550537 8.17489351580025 3.9082517623901367 5.463896751403809
4.907912731170654 7.96828484516746 4.2779741287231445 7.637869834899902
4.137886047363281 6.835966152483714 4.396242141723633 9.017901420593262
4.858584403991699 5.316968405445191 2.827986478805542 3.100649833679199
4.800915718078613 6.86995988859735 3.6101250648498535 4.976039409637451
4.224323272705078 7.113924402188843 3.565915822982788 6.038409233093262
3.734524965286255 6.4182182085387485 3.5225894451141357 6.848832130432129
6.926205635070801 7.584225056825289 3.1176326274871826 3.4231014251708984
5.375571250915527 8.617713481995793 3.9991495609283447 5.650430202484131
4.511299133300781 7.853588447849859 4.109817028045654 7.245896339416504
3.7806293964385986 5.741986793127126 4.103003978729248 8.329894065856934
8.07532024383545 9.149117577941354 3.6661694049835205 4.047388076782227
6.400346279144287 8.992709047258693 4.741201877593994 6.844773292541504
4.80746603012085 7.804161812119162 5.026627063751221 9.213400840759277
4.214237689971924 7.335751832822325 5.069746017456055 10.703929901123047
4.13421630859375 4.8193957180506 1.6856963634490967 1.7345045804977417
2.495845079421997 3.9441852750094313 1.9231178760528564 2.472806692123413
2.4931037425994873 4.694192705336263 2.1509997844696045 3.315758228302002
2.5187487602233887 4.763730412220866 2.276136875152588 3.886754035949707
4.816467761993408 5.740682126714674 1.7776949405670166 1.833621859550476
4.120751857757568 6.262302637990602 2.0529961585998535 2.6925132274627686
3.3348028659820557 5.4264661484575925 2.3124399185180664 3.6789448261260986
2.2436044216156006 3.621651140279596 2.4514455795288086 4.349615097045898
5.506295204162598 6.6975604070824915 1.9198392629623413 1.9865474700927734
4.745914459228516 5.821043179662979 2.2490394115448 3.0151116847991943
4.5425333976745605 7.049292264365395 2.5490965843200684 4.195943355560303
3.8964858055114746 6.101268823627549 2.7030138969421387 4.995107173919678
4.935083389282227 5.836454684138289 2.139139175415039 2.207334280014038
4.502196311950684 6.478976493160644 2.4361159801483154 3.2101757526397705
3.4396276473999023 5.781299110000418 2.664228677749634 4.283393859863281
2.460156202316284 4.599943560056474 2.7657268047332764 4.979456424713135
5.767578601837158 6.826338204134743 2.2747535705566406 2.3578460216522217
4.54252815246582 6.319877294450464 2.6490955352783203 3.5925896167755127
4.068595886230469 6.753504188911563 2.9322569370269775 4.912865161895752
3.2512662410736084 6.1572659521668385 3.053769588470459 5.770854473114014
6.734604358673096 7.956970210355507 2.5047199726104736 2.610445737838745
5.66299295425415 7.566995233086203 2.989797830581665 4.182744979858398
3.7174131870269775 6.32306855915877 3.3420755863189697 5.846010684967041
3.821927547454834 5.492622609740408 3.4823036193847656 6.9129228591918945
5.346714496612549 6.329503332580316 2.698430061340332 2.7794315814971924
4.238187789916992 6.061502552082352 3.0401341915130615 4.111805438995361
3.040257692337036 4.56524257738954 3.224376916885376 5.371268272399902
2.706169843673706 4.22720001719847 3.2730445861816406 6.136205196380615
6.2572221755981445 7.378478577384328 2.875962734222412 2.9947052001953125
4.1696085929870605 5.628692028595879 3.33683443069458 4.689650535583496
2.614170789718628 4.764279877649187 3.602079391479492 6.3012213706970215
3.2564854621887207 5.432437752680471 3.6764745712280273 7.283294677734375
7.289920330047607 8.559464957628329 3.205047845840454 3.3735032081604004
5.747066497802734 7.886409064087502 3.8370361328125 5.60747766494751
3.991777181625366 6.0877926353047656 4.196699619293213 7.706320762634277
2.7756125926971436 4.459363289049155 4.289344787597656 8.96342945098877
5.032686710357666 5.92975996328785 2.984981060028076 3.1588194370269775
4.427330493927002 6.11059905470438 3.5962414741516113 5.003669738769531
3.6794395446777344 6.43636598440753 3.7168166637420654 6.358818054199219
2.284764051437378 3.541090095709478 3.7024624347686768 7.132735252380371
5.446195602416992 6.558348795164761 3.315335512161255 3.658947467803955
4.35526704788208 6.701813771432057 3.957341432571411 5.7648420333862305
3.861801862716675 5.413854201059195 4.181081771850586 7.551370143890381
3.479069232940674 5.045757455200885 4.199441909790039 8.579182624816895
7.047574996948242 8.244070889559453 3.3864896297454834 4.168491363525391
5.6823883056640625 8.749367432377664 4.588343143463135 6.999399662017822
5.003051280975342 7.116565952211289 4.928821086883545 9.371825218200684
3.5079455375671387 4.347121797927798 4.964524745941162 10.711152076721191
3.5455338954925537 4.300667959213072 1.8125544786453247 1.8749055862426758
2.1854782104492188 4.0595445200157485 2.121755838394165 2.7573893070220947
2.4998373985290527 4.892392750562976 2.4037129878997803 3.7403879165649414
2.8850133419036865 5.000757119224772 2.5596258640289307 4.425712585449219
4.388215065002441 5.4144389441830025 1.8996940851211548 1.969431757926941
2.778343439102173 4.506362418961146 2.2606050968170166 2.9950883388519287
2.939488172531128 5.338147829435905 2.591970920562744 4.159134864807129
2.541308879852295 5.28522359469207 2.77412486076355 4.979259014129639
5.5761213302612305 6.788370714408302 2.021676778793335 2.1021690368652344
4.313397407531738 7.222776394332142 2.4539594650268555 3.3283417224884033
4.154004096984863 6.8233339904859065 2.8496716022491455 4.735389709472656
3.4662563800811768 5.360499161337685 3.0633022785186768 5.729618072509766
4.195038795471191 5.065981018575019 2.315782070159912 2.410245180130005
3.765512228012085 6.496419680528334 2.731161594390869 3.667754888534546
2.6127214431762695 4.668584514028643 3.0610849857330322 5.012810230255127
1.6997276544570923 2.9349247645468353 3.216050386428833 5.909342288970947
5.362555503845215 6.438803139961237 2.4359731674194336 2.542482614517212
4.643425464630127 7.349634312444273 2.952200412750244 4.0736284255981445
3.176499843597412 4.719979627903712 3.3664021492004395 5.738589286804199
3.394106864929199 5.4888242703750905 3.56101131439209 6.856138706207275
6.750763416290283 8.05953369084682 2.6128368377685547 2.7395949363708496
5.588380813598633 8.379882217240265 3.271996021270752 4.662008285522461
4.875321388244629 7.7156202146800865 3.799055337905884 6.762798309326172
4.059431552886963 6.688072538057185 4.041306972503662 8.169271469116211
4.530948638916016 5.439129084485103 2.831148386001587 2.989107608795166
4.245701313018799 7.262564257824707 3.374645709991455 4.70316219329834
2.8930325508117676 4.897565429362885 3.7261528968811035 6.363224029541016
2.5311617851257324 4.659921811867207 3.8591649532318115 7.421487808227539
5.793920993804932 6.907037054796149 2.9937684535980225 3.1816775798797607
3.8626668453216553 5.475669577871429 3.6824843883514404 5.304762840270996
4.217536449432373 6.930474313811091 4.147664546966553 7.41524076461792
3.7383666038513184 6.746508551085981 4.330764293670654 8.77430248260498
7.385619640350342 8.88454456534175 3.242379903793335 3.4705214500427246
5.629603385925293 7.660504228876562 4.145316123962402 6.194982528686523
5.222255229949951 8.055688768872187 4.766124248504639 8.930466651916504
4.091043472290039 4.8945934548292 5.008275508880615 10.679906845092773
3.9575085639953613 4.546449339925857 3.2203569412231445 3.5156147480010986
4.138470649719238 6.443779503399554 3.8811564445495605 5.569169521331787
2.630380630493164 5.200580151457032 4.256997585296631 7.48373556137085
3.009528636932373 5.126951903548104 4.36834192276001 8.645227432250977
5.609508037567139 6.519670412033392 3.4174115657806396 3.7185213565826416
4.34142541885376 5.5343955272855965 4.2597222328186035 6.36969518661499
3.9927284717559814 6.01030635717948 4.771953582763672 8.807875633239746
3.171175718307495 5.437901839068218 4.939810276031494 10.322882652282715
7.17390251159668 8.244277320242468 3.683224678039551 3.367556571960449
5.466587066650391 7.636928000078115 4.850334167480469 7.559154033660889
4.306367874145508 5.995489525496694 5.546154022216797 10.742084503173828
4.3807501792907715 6.356292449609668 5.779694557189941 12.716721534729004
4.253886699676514 4.838311108121552 1.5757170915603638 1.6310759782791138
4.147213459014893 6.079885369717886 1.8460266590118408 2.410083055496216
3.2755284309387207 6.084423249109612 2.120354413986206 3.303159475326538
2.820483922958374 5.436594415464583 2.2681782245635986 3.9059083461761475
4.788726806640625 5.627110489928402 1.6522481441497803 1.7113546133041382
3.7444980144500732 5.861977924187193 1.9561173915863037 2.5907819271087646
3.2664897441864014 5.720448910736934 2.265148401260376 3.615105390548706
2.463141918182373 5.037004771842021 2.429327964782715 4.308686256408691
5.541555404663086 6.664132619317627 1.7601395845413208 1.8241103887557983
5.106765270233154 7.997079656892083 2.1116394996643066 2.846574544906616
3.275010585784912 5.530763207639879 2.4710371494293213 4.05347204208374
3.215939998626709 6.217643842495136 2.658315420150757 4.869181156158447
5.195888042449951 5.960222962943388 1.905523657798767 1.9873257875442505
4.3743414878845215 5.961962837913461 2.2240078449249268 2.965132713317871
2.939851999282837 5.378506627157812 2.510890245437622 4.071953296661377
2.6956496238708496 4.94641896056109 2.651803970336914 4.798229217529297
5.893295764923096 6.938925040502909 2.0070748329162598 2.095822811126709
4.729475975036621 7.0540184510070105 2.388688564300537 3.256004810333252
2.407644510269165 4.5297161175599285 2.738086462020874 4.591066837310791
3.0018696784973145 4.754360531077509 2.9048290252685547 5.464186668395996
6.926569938659668 8.327351665613946 2.1574180126190186 2.254986047744751
5.224756717681885 9.095266639202435 2.6293108463287354 3.679979085922241
4.040832042694092 7.190059015854786 3.069796562194824 5.34263277053833
3.797353744506836 5.022269506043919 3.2733590602874756 6.421514987945557
5.593738079071045 6.477549016809007 2.455730676651001 2.580538034439087
3.940671443939209 6.429794307948441 2.7450897693634033 3.7220160961151123
2.909851551055908 4.6978106775330275 2.9369239807128906 4.92291259765625
1.342237949371338 1.9808489914851464 3.0215611457824707 5.687301158905029
6.536609649658203 7.656536702717407 2.5652613639831543 2.707740545272827
3.3210248947143555 5.367005165134697 2.957892894744873 4.143435478210449
4.129225730895996 7.26907572667227 3.2458133697509766 5.676083564758301
3.075094223022461 4.5344021908301215 3.367060422897339 6.632781982421875
7.7960205078125 9.337683444417735 2.7435989379882812 2.904843330383301
5.4755706787109375 8.9506074639206 3.284848213195801 4.771310329437256
3.7186789512634277 4.313276436098311 3.7118935585021973 6.786490440368652
3.9902703762054443 6.778042704657196 3.8818113803863525 8.021855354309082
5.790589332580566 6.560447262819707 2.649385690689087 2.887796640396118
3.791473865509033 4.756024152816508 3.5492446422576904 4.976977825164795
3.348012924194336 5.448653766923144 3.3754096031188965 5.794643402099609
2.5627286434173584 4.552645971127141 3.334458351135254 6.453492641448975
6.885293006896973 7.901059568636811 2.8116891384124756 3.077521562576294
4.308418273925781 7.152043832604065 3.790501832962036 5.562619686126709
2.819441318511963 4.690671038960602 3.751145839691162 6.775976657867432
2.667137861251831 5.364187670308752 3.757127285003662 7.646628379821777
6.936277866363525 8.091644706957473 3.0713138580322266 3.3725125789642334
5.13296365737915 6.5357873268519455 4.190865516662598 6.419196605682373
3.958123207092285 6.248154751573399 4.333681106567383 8.23196029663086
3.7101588249206543 4.966068920354701 4.398926258087158 9.420421600341797
4.140542984008789 4.941182065789462 1.7008335590362549 1.7618025541305542
3.650683641433716 5.9052089799619125 2.0223915576934814 2.644310712814331
2.980168104171753 4.892942595926584 2.3233237266540527 3.576054096221924
2.752298593521118 5.348285515501907 2.489771604537964 4.191651344299316
4.669308185577393 5.770933482839469 1.7886615991592407 1.8553217649459839
4.2444539070129395 6.096513085076337 2.1528236865997314 2.860440969467163
3.7274560928344727 7.039480640844431 2.497079372406006 3.9494850635528564
2.451813220977783 4.784652268076665 2.6869192123413086 4.67534875869751
5.442744731903076 6.898415935273931 1.9217191934585571 1.9973328113555908
4.824052810668945 8.56078753657246 2.3437414169311523 3.170368194580078
3.9150471687316895 6.781759460310752 2.743191957473755 4.46681022644043
3.859210968017578 6.088004716342944 2.9607913494110107 5.333950519561768
5.0262346267700195 6.035382933393304 2.120107889175415 2.2134125232696533
3.7014682292938232 5.960602627466461 2.527689218521118 3.3813984394073486
2.766533613204956 5.629509483341906 2.875192165374756 4.6046142578125
3.289041042327881 6.3744026169820245 3.0484917163848877 5.397129535675049
5.656177520751953 6.877509547651245 2.2452588081359863 2.345533609390259
4.751834869384766 7.949027190494348 2.7351982593536377 3.7414941787719727
3.7405242919921875 6.522560586782873 3.155524730682373 5.243533611297607
3.262842893600464 5.991323824467827 3.3652775287628174 6.222007751464844
6.658572196960449 8.375664362425681 2.454277992248535 2.5677807331085205
5.469274520874023 9.773545967976403 3.0566489696502686 4.289214611053467
3.483769416809082 6.647451179662141 3.569035768508911 6.1707987785339355
3.9056506156921387 7.317832575944919 3.8196423053741455 7.386917591094971
5.456814289093018 6.541947089206829 2.661170721054077 2.7775073051452637
3.9058330059051514 6.65255104770543 3.100290298461914 4.248275279998779
2.1786563396453857 4.337711318185313 3.4384400844573975 5.696401119232178
2.3161864280700684 4.204141019587951 3.5928728580474854 6.6119585037231445
6.329211235046387 7.613958237061638 2.8156704902648926 2.9617130756378174
5.46211051940918 7.796223087746853 3.382662773132324 4.778746128082275
4.311968803405762 7.809665628268405 3.8270153999328613 6.6204118728637695
2.540659189224243 5.432727073094156 4.028616905212402 7.792510032653809
7.661760330200195 9.360492061171305 3.1060047149658203 3.288994073867798
5.330714702606201 9.572196977388785 3.851649284362793 5.615323066711426
4.8847784996032715 9.31415291165348 4.420899391174316 8.005447387695312
4.168056011199951 7.154168137623515 4.670745372772217 9.505184173583984
5.245810508728027 6.2095396795984925 2.8413193225860596 3.166473627090454
3.723615884780884 5.722246802137391 3.6514556407928467 5.1262922286987305
2.38932204246521 5.359214573684767 3.916438102722168 6.652011871337891
3.1668827533721924 5.8916025607904885 4.034473419189453 7.61696195602417
6.1876301765441895 7.3309101265545 3.077444314956665 3.5077719688415527
4.9994306564331055 8.80813657186036 3.9894802570343018 5.8258795738220215
3.291311740875244 4.839201916606957 4.390895843505859 7.816105842590332
3.2889795303344727 6.515203421379283 4.566109657287598 9.089468002319336
7.364441394805908 8.197612032283757 3.5235025882720947 3.881117343902588
5.733550548553467 9.628774867581058 4.5793232917785645 6.943456172943115
4.282808780670166 6.291203876338088 5.137454986572266 9.590046882629395
4.416131973266602 6.417380130275445 5.364294052124023 11.263874053955078
3.7814605236053467 4.27627059944723 1.6368067264556885 1.7022937536239624
2.807844638824463 4.77133817014067 1.953513264656067 2.594545841217041
2.372065305709839 4.5310833834602136 2.249171733856201 3.5514609813690186
3.0636749267578125 4.844674174367128 2.4093449115753174 4.181910037994385
4.4783759117126465 5.3373209457696476 1.7095420360565186 1.7802399396896362
3.163191080093384 6.076931461984032 2.071418523788452 2.7924633026123047
3.7988619804382324 6.963551237178052 2.418031692504883 3.9186668395996094
2.2153782844543457 4.619017474733482 2.606823444366455 4.67107629776001
5.467378616333008 6.641974145929453 1.8120366334915161 1.8906859159469604
4.183556079864502 7.635257826408832 2.2329776287078857 3.0661609172821045
4.160569190979004 6.439833270682669 2.645003318786621 4.4182024002075195
3.429720401763916 6.019549800082615 2.8707222938537598 5.335606575012207
4.645407199859619 5.285393626617008 2.0183346271514893 2.109428882598877
4.541245937347412 7.521421588516089 2.4118294715881348 3.265113353729248
2.9622597694396973 5.331840187788146 2.748171329498291 4.5002312660217285
2.3219144344329834 4.959269793943463 2.9091713428497314 5.291064262390137
5.587378978729248 6.615977610139112 2.1182775497436523 2.21799898147583
4.220854759216309 6.468961606813082 2.596625804901123 3.594294309616089
3.627068519592285 6.433166331522557 3.0208394527435303 5.127496242523193
3.1846961975097656 6.165709108615943 3.2279515266418457 6.122374534606934
6.736512184143066 8.012165286783784 2.269768714904785 2.3832600116729736
5.090304851531982 8.521921712140966 2.861274480819702 4.06927490234375
5.146756649017334 8.253163228495804 3.398303985595703 6.006312370300293
3.2031030654907227 4.51091946863615 3.663464307785034 7.280234336853027
5.070647716522217 5.808962091761799 2.530278205871582 2.6543548107147217
4.297547817230225 6.848607733857989 2.938829183578491 4.062811851501465
2.457882881164551 4.406760927363393 3.2607853412628174 5.499804496765137
2.9395201206207275 4.9223861467487495 3.395733118057251 6.399082660675049
6.279752731323242 7.343038833809942 2.650796890258789 2.798206329345703
5.487120628356934 8.47511146463205 3.1910881996154785 4.537428379058838
3.974862575531006 6.5489036050762905 3.639376640319824 6.4086503982543945
3.400780439376831 5.193410587223525 3.8364579677581787 7.59208345413208
7.57921838760376 8.94818473565374 2.8547303676605225 3.0308961868286133
5.8158416748046875 9.111367937160074 3.5756618976593018 5.260151386260986
4.1627960205078125 6.631703923988198 4.180964469909668 7.720231056213379
3.3209211826324463 5.11627838410731 4.450780391693115 9.281886100769043
5.096495628356934 5.770475254075478 2.703831195831299 2.958287239074707
4.369586944580078 6.469992469015864 3.461366891860962 4.926206111907959
3.9040627479553223 6.644762373185586 3.7020978927612305 6.383548736572266
3.310025453567505 5.055248377450404 3.7923800945281982 7.318033695220947
6.38565731048584 7.3688309879407825 2.910036563873291 3.2344648838043213
5.3942484855651855 6.851488982819362 3.760824680328369 5.537113666534424
3.2637195587158203 5.698067897691146 4.166430473327637 7.531645774841309
3.1168909072875977 5.355342945104127 4.332010746002197 8.815816879272461
6.734533309936523 7.4713807984517615 3.253481149673462 3.7080729007720947
6.160805702209473 9.79762559114884 4.249831199645996 6.499757766723633
3.3519837856292725 6.12173309400405 4.850628852844238 9.235039710998535
3.7095987796783447 7.0906029775505885 5.096641540527344 10.963479042053223
4.382265090942383 4.784790382362289 1.8129725456237793 1.8545039892196655
4.045785903930664 6.301537523101814 2.1132922172546387 2.687938928604126
3.0846550464630127 5.335949064743545 2.4263575077056885 3.6816439628601074
1.7388750314712524 3.120679364667353 2.594886541366577 4.353845596313477
4.9479660987854 5.71881647473333 1.915422797203064 1.9650554656982422
3.9988152980804443 5.313414963915844 2.2633779048919678 2.9289541244506836
3.594137191772461 6.216912595986059 2.628526449203491 4.1014580726623535
3.0250132083892822 4.8900380120989055 2.8249638080596924 4.906924247741699
5.602951526641846 6.663139073843606 2.0703938007354736 2.130375862121582
4.88072395324707 7.75649326886661 2.4869163036346436 3.2807958126068115
4.1961188316345215 5.925501366788065 2.9221198558807373 4.702643871307373
4.134866714477539 6.575264015032388 3.1518030166625977 5.685342311859131
5.2864837646484375 5.8695247112558775 2.3308236598968506 2.377418041229248
4.658268928527832 6.161048336267413 2.7448525428771973 3.5626015663146973
3.2291955947875977 5.395961588340128 3.125108480453491 4.931118011474609
2.833169460296631 3.805515317253594 3.3014304637908936 5.821110725402832
5.983130931854248 6.907009116765195 2.4759397506713867 2.5383715629577637
4.7671284675598145 7.2896738652176865 2.9821109771728516 3.978224515914917
3.305856704711914 5.492723993843185 3.44858455657959 5.666924476623535
3.75087571144104 5.086410861483685 3.668273687362671 6.780531406402588
7.018402576446533 8.188947996598529 2.715179920196533 2.800762891769409
5.159631729125977 8.00477202790671 3.3577489852905273 4.61922550201416
4.530816555023193 7.756792137139485 3.9409775733947754 6.7552642822265625
3.9496638774871826 7.14261028130295 4.209489345550537 8.162049293518066
5.7236456871032715 6.375551679865083 2.8835289478302 2.9917640686035156
3.59969162940979 4.803346172900547 3.4321577548980713 4.608870029449463
2.6725053787231445 4.386791687125083 3.8414716720581055 6.301503658294678
2.5639760494232178 3.7831733617597827 4.00115442276001 7.352151393890381
6.614133834838867 7.587236390501713 3.076761484146118 3.212381601333618
4.627748966217041 6.695599536874795 3.758422374725342 5.220977306365967
3.0893781185150146 5.125902949340161 4.278408527374268 7.36058235168457
2.4681193828582764 5.044336848128189 4.4927978515625 8.713479995727539
7.984775066375732 9.245142655335997 3.416032552719116 3.595968246459961
5.82530403137207 8.902325187758606 4.300319671630859 6.20941162109375
4.117809772491455 6.634985255094776 4.971338748931885 8.979084014892578
2.8035402297973633 3.8960059051763665 5.242374897003174 10.718984603881836
5.644224166870117 6.350403979682056 3.2913613319396973 2.723862648010254
3.654426097869873 5.668567078278215 3.959660768508911 5.582540512084961
3.4334936141967773 6.053430981852216 4.405619144439697 7.472451210021973
3.0306100845336914 4.224337047992776 4.55010461807251 8.61665153503418
6.3144755363464355 7.30553708125052 3.526904344558716 3.4305686950683594
4.3521409034729 6.314625583931026 4.362305641174316 6.368523597717285
3.535278081893921 5.564086107365828 4.931931018829346 8.789750099182129
2.4782326221466064 3.9030739006378408 5.1365180015563965 10.285197257995605
7.545650482177734 8.729798014471054 3.634359836578369 3.5499424934387207
4.6390509605407715 7.657095543660347 5.053796768188477 7.676128387451172
4.249340534210205 7.292306100649512 5.789792060852051 10.847257614135742
4.0326032638549805 6.930093079364141 6.051083087921143 12.791354179382324
3.9801666736602783 4.4305550674823735 1.703153133392334 1.767606258392334
3.5217676162719727 5.272837961617839 1.9665011167526245 2.5993590354919434
2.939505100250244 5.626008751416862 2.1809639930725098 3.47540020942688
2.0920939445495605 3.281337916989628 2.277237892150879 4.02700138092041
4.722988128662109 5.347475465163427 1.7926230430603027 1.8572384119033813
4.355350494384766 6.150682094429625 2.100121021270752 2.8084640502929688
2.94823956489563 5.4664880983744375 2.352510690689087 3.8310389518737793
2.303722381591797 4.911894033007208 2.4609923362731934 4.476053714752197
5.461009979248047 6.488968389476412 1.9247225522994995 1.99326753616333
4.41360330581665 6.115943088945627 2.2932541370391846 3.1100032329559326
3.616680383682251 6.039033188403209 2.5947813987731934 4.3258233070373535
3.22359037399292 5.5942944381577036 2.716642141342163 5.089694499969482
4.664651393890381 5.186624772963114 2.160944700241089 2.265108108520508
4.03200626373291 6.154379230376816 2.4721405506134033 3.3747096061706543
2.471282958984375 4.26955403635408 2.6646640300750732 4.458530426025391
1.5665028095245361 2.660226686063556 2.7184197902679443 5.0920586585998535
5.5223164558410645 6.33888464340261 2.284569263458252 2.392867088317871
4.265225410461426 5.385699885443046 2.685197591781616 3.7351269721984863
3.370823383331299 4.7987563423236 2.9447848796844482 5.080623626708984
2.268476963043213 3.4468355854488095 3.016281843185425 5.864576816558838
6.685215473175049 7.844844773099084 2.4851725101470947 2.603154182434082
5.286837577819824 8.125888238632967 3.0084125995635986 4.277638912200928
3.8530519008636475 6.505586719204658 3.352599859237671 5.974267482757568
3.697192907333374 5.134905082727077 3.4419033527374268 6.953666687011719
4.998577117919922 5.521915468538797 2.7376222610473633 2.8637943267822266
3.184272527694702 4.36288237553405 3.061307907104492 4.306474208831787
2.8715980052948 5.1031758366415225 3.1682379245758057 5.5240607261657715
2.379643678665161 4.583636921900506 3.1479363441467285 6.168890953063965
6.065545558929443 6.914567682585698 2.895747184753418 3.05181622505188
4.053340911865234 5.5583228771124595 3.35660719871521 4.859903812408447
3.8053483963012695 6.128469461311397 3.561458110809326 6.449375152587891
2.9668400287628174 3.906189584981348 3.562624454498291 7.291899681091309
7.327179431915283 8.507318219285025 3.173341989517212 3.372718334197998
4.51485013961792 6.980841956914013 3.8241350650787354 5.720248699188232
4.278763771057129 6.957625168232198 4.147022724151611 7.807186603546143
3.4271719455718994 5.440821357777509 4.165808200836182 8.905351638793945
4.805243968963623 5.430750037400815 3.0797338485717773 3.361919641494751
3.32641339302063 5.254345819337502 3.6134560108184814 5.205993175506592
2.3940210342407227 5.018123810586303 3.605231761932373 6.47434139251709
2.5906412601470947 4.285086724010739 3.4987053871154785 7.071491241455078
5.040894985198975 5.7560760660351775 3.3605496883392334 3.698075532913208
4.2062578201293945 6.363466655650882 3.9765634536743164 5.9477458000183105
3.17873215675354 4.544453877147603 4.093131065368652 7.671636581420898
2.959743022918701 4.451927987013505 4.01071834564209 8.498263359069824
7.194828987121582 8.387603089052547 3.6021618843078613 3.8981385231018066
4.590211391448975 7.264104754658682 4.569209098815918 7.131312847137451
3.9695677757263184 5.409944178237467 4.829385280609131 9.45208740234375
3.349343776702881 5.376538544884724 4.763116359710693 10.568493843078613
3.86750864982605 4.530702721420965 1.5279916524887085 1.5764751434326172
3.2811279296875 6.337433872728695 1.7692360877990723 2.327524423599243
2.8217172622680664 4.898206981214052 2.0298335552215576 3.20930552482605
2.7303719520568848 5.027311745709966 2.1922285556793213 3.8103973865509033
4.517691612243652 5.539678705346432 1.618208408355713 1.6717442274093628
4.0409393310546875 7.223440908220709 1.8975162506103516 2.5182008743286133
3.050034284591675 6.0988047425425975 2.1969172954559326 3.517657518386841
3.4595208168029785 6.367081448748722 2.3813252449035645 4.206338882446289
5.417000770568848 6.729022227857115 1.758655309677124 1.8200119733810425
4.845458984375 8.622807095087671 2.0904407501220703 2.8102664947509766
3.264491081237793 7.030067548655946 2.4389803409576416 3.983211040496826
3.081385612487793 5.893211489950318 2.649658441543579 4.797150611877441
4.82019567489624 5.649310914222383 1.7310051918029785 1.788421869277954
3.6164016723632812 5.623663240054839 2.0259087085723877 2.7401392459869385
1.332381010055542 2.3653349287242236 2.348785638809204 3.8756279945373535
3.085238456726074 5.258648819272366 2.5422861576080322 4.648518085479736
5.7036004066467285 6.831560931801846 1.8655192852020264 1.931684136390686
3.268723249435425 5.272441166600402 2.2227556705474854 3.0480523109436035
3.392263174057007 5.799162735419756 2.6059024333953857 4.383875846862793
3.553196430206299 6.202489415412044 2.831446647644043 5.301458358764648
6.837747097015381 8.466157993165382 2.0908215045928955 2.171962022781372
5.672786235809326 8.514570688981358 2.540743827819824 3.5515756607055664
4.527123928070068 7.055255014801332 3.0021212100982666 5.192108154296875
2.9240145683288574 5.834513501875179 3.2650861740112305 6.320589542388916
5.278014659881592 6.2548935978365785 1.9505178928375244 2.0067601203918457
4.107909679412842 7.1621339391113 2.2572383880615234 3.137420415878296
3.1850767135620117 6.411426383824874 2.6377220153808594 4.5067572593688965
2.834676504135132 5.945413558315522 2.8554842472076416 5.423892498016357
6.336172103881836 7.563268495683718 2.1240899562835693 2.194342613220215
5.255880355834961 8.537858641377301 2.5211400985717773 3.5627799034118652
4.106433868408203 7.182849004145908 2.9818787574768066 5.2153449058532715
3.1604678630828857 4.605196355549651 3.239837884902954 6.331111907958984
7.868866443634033 9.597236146372893 2.437805652618408 2.5321314334869385
5.213275909423828 7.118757577290296 2.974250078201294 4.301407814025879
4.062341213226318 8.024562250987401 3.5374045372009277 6.391111850738525
2.4012162685394287 4.2778180179496275 3.8389129638671875 7.797637939453125
5.429923057556152 5.845022954902504 2.3220407962799072 2.6004691123962402
3.6858315467834473 5.576852976707039 2.4504995346069336 3.5174360275268555
3.929993152618408 7.188822767780948 2.868479013442993 5.030986785888672
3.0792057514190674 5.492629505880018 3.0990419387817383 6.036643028259277
6.322142601013184 6.652562315229707 2.5339863300323486 2.842848300933838
5.490259647369385 8.874378658067371 2.7719979286193848 4.042962551116943
4.320745468139648 7.243381750839188 3.2831060886383057 5.901097774505615
3.4747517108917236 5.280655371490347 3.558623790740967 7.1479082107543945
7.688512802124023 8.69395062641658 2.910537004470825 3.2779266834259033
6.496743679046631 9.78992748278256 3.345578193664551 4.990699768066406
4.779825210571289 9.006353144018533 3.9716639518737793 7.389037609100342
4.006684303283691 6.530431195006528 4.29178524017334 8.987893104553223
4.543823719024658 5.144620407431115 1.6451069116592407 1.6865379810333252
4.179072380065918 5.761046331238055 1.8833626508712769 2.4062278270721436
2.6961705684661865 3.8841000066438482 2.150263786315918 3.3124606609344482
2.6216719150543213 4.088824757508689 2.310617208480835 3.95808744430542
5.063310146331787 5.9426802238609024 1.7465354204177856 1.7936367988586426
4.380975723266602 7.223248433655442 2.0224785804748535 2.6211819648742676
3.2315051555633545 4.3621562679107555 2.325976848602295 3.6718108654022217
2.74546217918396 4.93093495163464 2.502253770828247 4.418558120727539
5.730861186981201 6.8832575994276795 1.905745029449463 1.9612836837768555
5.007849216461182 7.352328565568994 2.233910083770752 2.9499621391296387
3.556833505630493 5.40631861750785 2.58373761177063 4.204583644866943
3.510408639907837 5.62816641996605 2.77653169631958 5.083673477172852
5.3630266189575195 6.13474104303441 1.9811038970947266 2.030816078186035
4.566368103027344 6.974362752545403 2.2510063648223877 2.936553955078125
2.372694969177246 3.433392038470629 2.5435280799865723 4.086882591247559
1.4017789363861084 2.613819947204874 2.715707778930664 4.905430316925049
6.068914890289307 7.075515563846238 2.1294097900390625 2.1901392936706543
4.654008865356445 7.282005743765012 2.4672598838806152 3.2907068729400635
3.308065176010132 5.880500727243714 2.820270538330078 4.687433242797852
3.3051273822784424 5.848108065799096 3.0151076316833496 5.670421123504639
6.9638590812683105 8.241803768577256 2.3823492527008057 2.4600539207458496
5.024816036224365 7.885576140820547 2.818293571472168 3.8688695430755615
3.8321404457092285 6.608541194955857 3.247269630432129 5.624483585357666
3.294494867324829 5.7736306358669935 3.4628255367279053 6.8228535652160645
5.63420295715332 6.508589318369559 2.488776922225952 2.537156343460083
4.604955673217773 6.971129645156452 2.6746034622192383 3.5459706783294678
3.5934271812438965 6.215641970773419 2.922297239303589 4.860301971435547
0.9823747873306274 1.7795556458377462 3.0846803188323975 5.808488845825195
6.611969947814941 7.702259852326279 2.6733322143554688 2.7412564754486084
5.329996109008789 7.757124365108385 2.965682029724121 4.053022384643555
2.9838669300079346 4.220629982425635 3.300417184829712 5.715741157531738
2.5279464721679688 4.93106348541736 3.489506244659424 6.8860697746276855
7.818482875823975 9.265678243243201 3.018490791320801 3.1173574924468994
5.709664821624756 8.011751729614048 3.462857246398926 4.917685508728027
4.307353496551514 7.189094486971612 3.9039523601531982 7.092779159545898
3.511260747909546 7.297458782210967 4.113028526306152 8.551609992980957
5.7932024002075195 6.67352217315306 2.493605136871338 2.6955723762512207
5.0789971351623535 8.080596971940963 3.181018114089966 4.312778949737549
3.1772098541259766 5.478301868647611 3.2437021732330322 5.532064437866211
2.4442081451416016 4.0047782320903025 3.374418258666992 6.539289474487305
6.295049667358398 7.25987994273796 2.7267017364501953 2.965458631515503
5.172929286956787 8.349857947114941 3.5340123176574707 4.957535266876221
3.5122623443603516 5.575367303308422 3.706291437149048 6.6131205558776855
2.729304313659668 4.694573724565117 3.865842342376709 7.881742000579834
7.800346374511719 9.224499405011414 3.146899938583374 3.4511401653289795
5.6262993812561035 8.676835063775393 4.14842414855957 6.079537391662598
5.05226993560791 7.013380421376093 4.4590373039245605 8.374041557312012
3.294362783432007 3.8090120230142475 4.63441276550293 9.979141235351562
4.357632637023926 5.252990982937149 1.7002211809158325 1.7509406805038452
3.3133745193481445 5.49302861889737 1.991317868232727 2.6028542518615723
2.644531011581421 4.730507967860376 2.289565324783325 3.6088008880615234
2.2118728160858154 4.076927754134147 2.4470763206481934 4.255758285522461
4.999149799346924 6.164670281685517 1.7984464168548584 1.8568392992019653
4.234167575836182 7.059624212672361 2.1311731338500977 2.840327262878418
3.726242780685425 7.1811746250588975 2.47194766998291 4.027588367462158
3.187737226486206 6.4901373552199 2.6509153842926025 4.795609951019287
5.863318920135498 7.1537765708663485 1.9476817846298218 2.015610694885254
4.969111919403076 8.066963507277649 2.337818145751953 3.185490369796753
4.8529181480407715 8.013279460002366 2.732659101486206 4.62394380569458
3.716465711593628 6.529123424417662 2.9356212615966797 5.552546501159668
5.213232040405273 6.329429540651148 2.085195541381836 2.1500916481018066
4.498389720916748 7.64497987652436 2.468512535095215 3.2981979846954346
2.629169225692749 4.8149004566635085 2.828613042831421 4.6406965255737305
2.8496463298797607 4.83248261484016 2.9937217235565186 5.4735426902771
6.007218837738037 7.363721032904181 2.2269186973571777 2.3054487705230713
4.548574924468994 7.19629706116018 2.6879804134368896 3.692972421646118
4.49754524230957 7.529443507428886 3.122209072113037 5.353781700134277
2.456587553024292 4.35976400114572 3.321798086166382 6.390547275543213
6.965700626373291 8.531804514129135 2.4638102054595947 2.561199188232422
4.996921539306641 8.471387927154865 3.035215139389038 4.305313587188721
4.680570125579834 6.957203855687169 3.5623233318328857 6.416441440582275
2.4463372230529785 4.327265697899161 3.796938180923462 7.722104549407959
5.520901203155518 6.735749770146299 2.6448450088500977 2.7124686241149902
4.456362247467041 6.496643311778541 3.060835361480713 4.177681922912598
2.3056774139404297 5.194376347466459 3.4108827114105225 5.792329788208008
3.2288424968719482 5.18009425572518 3.54495906829834 6.74298095703125
6.5195698738098145 7.922920782782903 2.8219175338745117 2.921875476837158
4.579846382141113 7.395214043082376 3.3609442710876465 4.757970333099365
4.597470760345459 7.789250849723942 3.8191277980804443 6.828392505645752
3.0657739639282227 5.457128035018204 3.999542474746704 8.06365966796875
7.756234169006348 9.496111797397589 3.149975061416626 3.287175416946411
5.500944137573242 7.227761056158994 3.864710807800293 5.6928019523620605
3.3000595569610596 5.8010447374321075 4.454319477081299 8.419771194458008
3.5086259841918945 5.8177509488127725 4.6760640144348145 10.024270057678223
5.680403709411621 6.861283558724608 2.6846683025360107 2.858410120010376
4.267291069030762 7.063831856551872 3.7553536891937256 5.249599456787109
3.57503080368042 6.112482366955277 3.945671319961548 6.888602256774902
2.7030584812164307 4.267780206051327 4.010928630828857 7.850729465484619
6.420628547668457 7.193626465767011 2.919116735458374 3.1339879035949707
5.511462211608887 7.789142299983837 4.110937118530273 6.001980781555176
4.408566474914551 6.854300931832481 4.447523593902588 8.219573020935059
3.099442958831787 4.976613910748256 4.570107460021973 9.515384674072266
7.2702460289001465 8.470765073405573 3.332397699356079 3.6095404624938965
6.0634684562683105 8.980263913965416 4.743823528289795 7.2775492668151855
4.387262344360352 6.292703039644749 5.249897480010986 10.282485008239746
4.058867454528809 5.773484604108534 5.416766166687012 12.015975952148438
4.282535552978516 5.108614923892503 1.6796836853027344 1.7187038660049438
4.229355812072754 6.937073655158663 1.94961678981781 2.4771101474761963
2.9150943756103516 5.35388659255409 2.2569148540496826 3.47110652923584
3.006251573562622 4.984274388447375 2.4489495754241943 4.205714702606201
4.8719282150268555 5.848244153722035 1.7740801572799683 1.8220025300979614
4.662604331970215 7.448662359742002 2.0843260288238525 2.695646047592163
3.8890559673309326 6.27488954190801 2.4399611949920654 3.8519999980926514
2.8678998947143555 5.640713599446301 2.6615593433380127 4.7096405029296875
5.522603988647461 6.645352223680765 1.9188863039016724 1.977165937423706
4.838740348815918 7.99095600913099 2.2865445613861084 3.0179929733276367
3.6230266094207764 5.146420731570501 2.7083117961883545 4.404149055480957
3.138514995574951 6.676240914430707 2.9676296710968018 5.428737163543701
5.164969444274902 6.180007366111795 2.0954535007476807 2.12986159324646
4.249028205871582 6.657656896936496 2.4491138458251953 3.1617915630340576
3.6083810329437256 6.880305892557544 2.8265068531036377 4.5144805908203125
2.7740187644958496 5.49157155121037 3.0430727005004883 5.4902215003967285
5.806396007537842 6.874441073308901 2.227095603942871 2.280595302581787
4.917847633361816 7.312672819701788 2.654184341430664 3.524214744567871
3.9244160652160645 7.351437142268878 3.1141648292541504 5.164439678192139
3.621896982192993 6.021927100441924 3.377612352371216 6.348268508911133
6.8316802978515625 8.16034327055263 2.450272798538208 2.525000810623169
5.289977550506592 8.20741307125661 2.9862148761749268 4.087721824645996
4.3429951667785645 7.448090808210409 3.559835195541382 6.145098686218262
3.983917236328125 7.53844526345074 3.8828139305114746 7.617690086364746
5.486320972442627 6.550452224298908 2.6915366649627686 2.686789035797119
4.612356185913086 7.355256442538575 3.068143844604492 4.017492294311523
2.880166530609131 5.365921414851073 3.445330858230591 5.676895618438721
2.7484562397003174 3.7695753377435124 3.6457841396331787 6.834168910980225
6.269880771636963 7.376616371537011 2.853327751159668 2.884168863296509
5.257091045379639 7.951681161554575 3.3357207775115967 4.54136848449707
4.082122325897217 7.211250013679887 3.8286564350128174 6.614877223968506
3.3360486030578613 5.9117202048118624 4.092525959014893 8.052835464477539
7.7000322341918945 9.085290411530991 3.1569881439208984 3.2281737327575684
6.158976078033447 8.452631582322283 3.8048269748687744 5.397128105163574
4.455337047576904 6.5338564314148755 4.455013275146484 8.068163871765137
3.7796988487243652 6.486746952082285 4.795335292816162 9.900198936462402
5.241300582885742 6.207646832055843 2.6661500930786133 2.7812447547912598
4.550520420074463 7.593889588177916 3.67975115776062 5.007965564727783
2.461615562438965 3.956030393798585 3.9996416568756104 6.747919082641602
1.664123296737671 3.0316287327781595 4.151747226715088 7.985190391540527
6.051069736480713 6.875115379476426 2.877535581588745 3.0432627201080322
5.059632778167725 7.879678477322955 4.012636661529541 5.673199653625488
4.0128865242004395 6.652371314184165 4.4538702964782715 7.931400775909424
3.9761648178100586 6.389849535212477 4.680169582366943 9.495774269104004
7.359045028686523 8.66886091488665 3.2531142234802246 3.4898452758789062
6.1695380210876465 8.9441206900079 4.603157997131348 6.810136318206787
4.658422470092773 7.79769810858345 5.2230753898620605 9.791240692138672
4.4733452796936035 7.455725512811398 5.539001941680908 11.813931465148926
5.478427886962891 6.4963750645981 2.096088409423828 2.1690289974212646
4.949050426483154 7.411827484823547 2.5567009449005127 3.451359510421753
3.3631584644317627 5.8281757681301585 3.003058671951294 4.990987777709961
2.1713075637817383 3.7689367407622854 3.229193925857544 6.0222063064575195
5.940828800201416 7.21821600975543 2.2715983390808105 2.3616786003112793
4.63641881942749 7.102292671097754 2.848527431488037 3.9751620292663574
3.961028814315796 6.00170979471477 3.4019320011138916 5.929721355438232
3.5591490268707275 6.406047676847437 3.677773952484131 7.228443622589111
6.802475452423096 8.742331267776535 2.5490832328796387 2.6679561138153076
5.419932842254639 8.546159117561942 3.313539743423462 4.819672584533691
4.31580924987793 8.57937243048309 4.029406547546387 7.4298224449157715
3.625553607940674 6.563732272857948 4.370598316192627 9.131038665771484
6.729969501495361 7.985613017590538 2.7565412521362305 2.877960681915283
4.421141624450684 6.694490781741877 3.4923810958862305 4.939047813415527
3.735067844390869 6.770433860543779 4.124815464019775 7.314511299133301
3.823777198791504 7.162959299547041 4.390298366546631 8.813705444335938
7.537929058074951 9.242553545417083 3.0299439430236816 3.1869399547576904
5.164299488067627 8.005044256728524 4.028499126434326 5.965785026550293
4.545395374298096 7.69579838141653 4.866430759429932 9.15848159790039
3.6520564556121826 5.214381161496576 5.210000038146973 11.134198188781738
8.662135124206543 11.096260403080919 3.499027729034424 3.723428964614868
6.12666130065918 10.29944969884832 4.954034328460693 7.768945217132568
4.202961444854736 7.467303184756929 6.1135711669921875 12.288369178771973
4.022818088531494 6.785544009156865 6.555656433105469 14.971792221069336
7.430456161499023 8.887263927651873 3.4560353755950928 3.640501022338867
5.037787437438965 7.871010770844073 4.619476318359375 6.848918914794922
3.517916202545166 5.218484987395243 5.398838996887207 10.04665756225586
2.8796491622924805 4.209970261938758 5.64461612701416 11.901671409606934
8.434480667114258 10.415087780104834 3.843477964401245 4.108651638031006
5.2762064933776855 8.007044181068522 5.466986656188965 8.572139739990234
3.941915273666382 6.538216024660226 6.553556442260742 12.993111610412598
3.718374729156494 7.244475741875689 6.890307426452637 15.503620147705078
10.019234657287598 12.696251501165278 4.557113170623779 4.9821391105651855
5.336775302886963 7.486294092913681 7.0267109870910645 11.74996566772461
5.339663505554199 9.111459937470102 8.579119682312012 18.146638870239258
4.790022373199463 7.687640127403824 9.01025676727295 21.554832458496094
4.03501558303833 4.232858017084629 3.9457919597625732 4.4930009841918945
3.1564419269561768 4.009366337755864 5.633615016937256 8.80336856842041
2.707535982131958 5.28579170950124 6.569564342498779 12.64945125579834
3.104701280593872 5.516923814049278 6.747799396514893 14.634298324584961
5.75298547744751 6.131452773771407 4.518143653869629 5.25898551940918
5.304133415222168 8.508884007288543 6.8105082511901855 11.302600860595703
4.336223602294922 6.489300243523857 8.09882926940918 16.571470260620117
3.4481327533721924 5.962703901899474 8.369786262512207 19.332603454589844
7.522408485412598 7.823898188404314 5.635313987731934 6.734853267669678
6.198190689086914 8.995737408924754 9.033015251159668 15.942216873168945
5.592470169067383 9.181691690586376 10.84192180633545 23.50728988647461
5.218052387237549 7.941769885494887 11.17790699005127 27.23888397216797
5.3515472412109375 6.121060940145782 1.7347052097320557 1.8055551052093506
4.818692684173584 7.656216768754798 2.1181061267852783 2.85516357421875
3.6564557552337646 6.316207492753165 2.493680238723755 4.023331165313721
2.1204404830932617 3.9829394360946253 2.701784372329712 4.824331283569336
5.730947494506836 6.735312575754904 1.8672175407409668 1.9488871097564697
5.431307315826416 8.742661992201874 2.3163669109344482 3.1929683685302734
3.136392116546631 6.36790010216464 2.755420684814453 4.617103576660156
3.1451919078826904 5.665857646629991 2.997127056121826 5.602082252502441
6.489404201507568 7.880668500486657 2.073882579803467 2.1719019412994385
4.921817779541016 8.032081389574529 2.6264798641204834 3.715364694595337
3.879309892654419 7.268958080063545 3.159428119659424 5.521070957183838
3.8263156414031982 7.252604036947435 3.447197437286377 6.773308753967285
6.61583948135376 7.492995519104298 2.077888011932373 2.1747689247131348
4.802916526794434 7.339903496164425 2.6029164791107178 3.620051145553589
3.9669861793518066 7.398983774231493 3.1135306358337402 5.286705493927002
2.768393039703369 4.676731260101263 3.3775949478149414 6.412674427032471
7.222243785858154 8.373097199482118 2.282895565032959 2.3990979194641113
5.283556938171387 9.057444919440286 2.934032440185547 4.210381507873535
2.6474661827087402 5.405303917973242 3.5626723766326904 6.355091094970703
3.0775725841522217 6.027783358243596 3.8865854740142822 7.818996429443359
8.160416603088379 9.912058555559497 2.6212000846862793 2.7708141803741455
6.803884506225586 11.016345879963025 3.4828436374664307 5.189824104309082
4.313720226287842 7.8268866058919215 4.2915568351745605 8.077658653259277
4.399277687072754 7.669215014586484 4.697752952575684 10.042912483215332
7.201701641082764 8.160283607892666 2.5196807384490967 2.6972715854644775
5.595490455627441 8.295261950574059 3.173837900161743 4.552288055419922
3.5302271842956543 5.594457310256189 3.785348653793335 6.6856770515441895
3.0979723930358887 5.17379542821061 4.076698303222656 8.092260360717773
8.218672752380371 9.529642494050734 2.790778398513794 2.994676351547241
6.494109630584717 10.152202578558246 3.6470742225646973 5.430297374725342
4.4072465896606445 7.754204944600247 4.441776752471924 8.294933319091797
3.7126786708831787 6.7530625317719855 4.817692756652832 10.19719409942627
9.560046195983887 11.560807108831682 3.2619621753692627 3.519050121307373
6.527316570281982 10.889238528464759 4.463766574859619 6.956784248352051
5.628023624420166 9.335333036306828 5.533274173736572 10.963995933532715
4.360413551330566 5.414019397873744 6.024094104766846 13.599370002746582
5.875269412994385 6.414134700496334 2.8159964084625244 3.2038698196411133
5.099084854125977 7.904136071793573 4.017609596252441 5.96289587020874
3.5490927696228027 5.3091366668681985 4.422295093536377 8.047843933105469
2.6718716621398926 4.594274758863065 4.688696384429932 9.58370590209961
6.001223087310791 6.993539502543551 3.1513943672180176 3.621351718902588
5.297214984893799 9.024971115081527 4.573598384857178 7.147648334503174
3.258002996444702 4.779742586197585 5.266160488128662 10.16134262084961
3.538689613342285 6.137755962891333 5.635011196136475 12.309575080871582
8.121393203735352 9.400956176123358 3.743304967880249 4.380429744720459
7.045992374420166 10.828672173143673 5.562716007232666 9.155641555786133
6.133986473083496 9.669706811468131 6.677780628204346 13.677922248840332
3.3233752250671387 5.5907755742262 7.180358409881592 16.716352462768555
4.629893779754639 5.442889712400472 1.8122609853744507 1.8687628507614136
3.697704553604126 5.071539781077732 2.140015125274658 2.8063061237335205
3.5585150718688965 6.241987898812063 2.491647243499756 3.956019401550293
3.0052735805511475 5.869523101527562 2.6986143589019775 4.746433734893799
5.389741897583008 6.48245248139457 1.9343465566635132 1.9985378980636597
5.211964130401611 8.620917088927428 2.327354907989502 3.1193432807922363
3.264810085296631 4.916084673195201 2.746415138244629 4.528522968292236
2.9803855419158936 6.137270754472297 2.9891204833984375 5.502182483673096
6.412144184112549 7.997813005635976 2.1152045726776123 2.190863609313965
5.351175308227539 8.590901120739012 2.6062545776367188 3.5856122970581055
3.491941213607788 5.952335051154478 3.1247806549072266 5.37623405456543
3.887152910232544 6.49936552199631 3.4154040813446045 6.611527442932129
5.766858100891113 6.716646738482382 2.2868504524230957 2.3723039627075195
4.728373050689697 7.225906794714845 2.7346396446228027 3.701955556869507
4.012195587158203 7.038147801873663 3.173654794692993 5.308005332946777
2.8792755603790283 5.080862260730129 3.405568838119507 6.379297256469727
6.815535068511963 8.041080651355287 2.471194267272949 2.5685665607452393
5.570849418640137 9.584240671260005 3.0495731830596924 4.259478569030762
3.5921630859375 4.732203927339938 3.6101489067077637 6.34342622756958
3.1333844661712646 5.772267474351864 3.897327184677124 7.728836536407471
8.311517715454102 10.225335858494532 2.761449098587036 2.8813114166259766
5.9003472328186035 10.175875672067377 3.5477826595306396 5.148340702056885
5.268775463104248 9.049883717631246 4.291901111602783 7.9665446281433105
3.6055469512939453 6.997081574818367 4.650332927703857 9.81006908416748
6.272924900054932 7.352951733268662 2.952444553375244 3.1240293979644775
4.757115364074707 7.408383413399363 3.4995276927948 4.882896423339844
2.64644193649292 4.765535886982661 3.9420440196990967 6.8685407638549805
1.9191287755966187 3.9042888099746733 4.144847393035889 8.134547233581543
7.6182332038879395 8.99011107349395 3.206251859664917 3.3924567699432373
3.7488958835601807 5.663549141832759 3.9760708808898926 5.7753119468688965
4.148999214172363 6.6415255588929085 4.5949907302856445 8.476670265197754
2.7719478607177734 5.198772230853905 4.865085124969482 10.173569679260254
9.590065956115723 11.633109642662248 3.6279971599578857 3.8521201610565186
6.050825595855713 7.756127647938278 4.765082359313965 7.259210586547852
4.848612308502197 7.8645064190383085 5.6510772705078125 11.078540802001953
3.8864192962646484 6.589433624035223 5.997082710266113 13.39928150177002
4.9504008293151855 5.442592994503798 3.308432102203369 3.707690477371216
2.8357505798339844 4.419475715069211 4.511284828186035 6.542062282562256
2.7431492805480957 4.846374444314733 4.701932430267334 8.433619499206543
2.8990895748138428 4.702373765725611 4.801018238067627 9.71576976776123
5.43121337890625 6.126293445390523 3.6602976322174072 4.11680269241333
4.358921527862549 6.855282967305584 5.178884983062744 7.862821102142334
3.4192357063293457 6.424616878342931 5.566915988922119 10.62355899810791
3.046696662902832 5.545531310805984 5.731626033782959 12.391289710998535
5.977024078369141 6.848892351722839 4.211516380310059 4.777127265930176
5.589837074279785 9.036662774098659 6.300500869750977 10.087836265563965
5.589578628540039 8.602574395546469 6.988940238952637 14.19255542755127
3.399421215057373 5.307253088710013 7.213890075683594 16.664207458496094
5.362136363983154 6.059455695190991 1.8781768083572388 1.927545428276062
3.981780529022217 5.558155889783848 2.209040641784668 2.8595144748687744
3.412398338317871 6.376238497123875 2.6049513816833496 4.162724018096924
2.5751070976257324 4.86210860218182 2.8590776920318604 5.143641471862793
5.817551612854004 6.853301413678594 2.028984785079956 2.089996337890625
4.983634948730469 6.999986369925283 2.4344115257263184 3.232929229736328
2.4348692893981934 4.116403699845705 2.9174022674560547 4.857359409332275
2.9591944217681885 4.878374667255343 3.219374179840088 6.0803542137146
6.571046352386475 8.092893569349066 2.2646872997283936 2.3416013717651367
5.0025763511657715 8.489216838567927 2.7925329208374023 3.8183369636535645
4.495478630065918 7.301993051296897 3.4103899002075195 5.935022354125977
3.7896313667297363 5.3276078267379035 3.7803955078125 7.514589786529541
6.691896915435791 7.591587157449339 2.3597543239593506 2.4242117404937744
4.381697177886963 7.197656330237692 2.7945423126220703 3.7504897117614746
3.830965995788574 6.017670611163339 3.300044298171997 5.616299152374268
1.215456485748291 1.9245451135208782 3.6316046714782715 7.008238315582275
7.353457927703857 8.656727386870898 2.587970495223999 2.678797721862793
4.83522367477417 7.623673079947565 3.1782824993133545 4.433169364929199
3.507301092147827 6.45532914429187 3.846996307373047 6.903445243835449
2.8846802711486816 4.623459640662986 4.26011323928833 8.723529815673828
8.383374214172363 10.405830700379553 2.969010353088379 3.0980215072631836
6.832104682922363 10.219732877600222 3.8365421295166016 5.59695291519165
5.127792835235596 9.076811214989903 4.772247791290283 9.052155494689941
4.265368938446045 5.7975495599039135 5.3022871017456055 11.520689964294434
7.13874626159668 8.12666079530345 3.0676355361938477 3.11940860748291
6.004778861999512 8.795219208586332 3.499742031097412 4.8275837898254395
3.540574312210083 5.980251580413878 3.9999685287475586 7.143312454223633
2.6182284355163574 4.252470073584107 4.3799519538879395 8.877448081970215
8.285443305969238 9.745491834980385 3.3624649047851562 3.4677574634552
5.476799964904785 8.990647966265897 4.0601582527160645 5.897642612457275
4.811605930328369 8.07400833546285 4.805872917175293 9.112008094787598
3.3849380016326904 4.441115814498129 5.297266960144043 11.448136329650879
9.893352508544922 12.040119170845173 3.8920886516571045 4.0774712562561035
5.78312349319458 7.912175799063468 5.083563327789307 7.834081649780273
5.619418144226074 9.032186693137191 6.241250038146973 12.564264297485352
4.844438076019287 7.715806602496684 6.887149333953857 15.807793617248535
5.314736366271973 5.637021758998742 3.434046745300293 3.8265531063079834
5.623293399810791 7.958711182642901 4.45034122467041 6.275674819946289
3.168671131134033 5.446623006145646 4.601754188537598 8.481369972229004
3.2819831371307373 5.48877565860114 4.985363960266113 10.413094520568848
5.914669036865234 6.116678818899828 3.8506100177764893 4.348649024963379
5.8387675285339355 8.920648772065022 5.154592514038086 7.721261978149414
4.471389293670654 6.68647622131266 5.635453224182129 11.065123558044434
3.8742098808288574 5.959672762593755 6.14948034286499 13.71743392944336
7.758546352386475 8.375229720121354 4.6214375495910645 5.336188316345215
6.99392032623291 9.867385514218647 6.506256580352783 10.417914390563965
5.794955253601074 9.32918536235796 7.537735939025879 15.720540046691895
4.730457305908203 7.639909097063679 8.222841262817383 19.44135856628418
5.380539894104004 6.399565642749536 2.097033977508545 2.178774833679199
4.170468330383301 6.786884044592362 2.538684606552124 3.4442880153656006
2.190155267715454 3.703354716622897 2.942974328994751 4.962489604949951
2.4612057209014893 4.378184619097851 3.1371781826019287 6.007112979888916
5.923185348510742 7.2197625378455825 2.257960796356201 2.351616382598877
4.920882701873779 8.062890779553413 2.802237033843994 3.902867317199707
2.5890800952911377 4.8429085688418 3.31156587600708 5.8269548416137695
1.7036889791488647 3.3300676511728398 3.554793119430542 7.157188892364502
6.609958648681641 8.462601546659082 2.4991323947906494 2.6118297576904297
4.776763916015625 7.274450336986526 3.1984262466430664 4.5926642417907715
3.642116069793701 5.863736953466116 3.8598268032073975 7.109927177429199
4.028252124786377 6.365994078865526 4.1664838790893555 8.844099044799805
6.41148042678833 7.6053668533023195 2.84675931930542 2.9782755374908447
4.218569278717041 6.355126139773461 3.516584634780884 4.984154224395752
3.0719106197357178 5.600977761301865 4.033904075622559 7.26303243637085
3.1166419982910156 5.67612112045083 4.2257537841796875 8.708406448364258
7.186764717102051 8.782420259387209 3.091364622116089 3.249746322631836
5.26024866104126 8.125229663102747 3.986377477645874 5.876619815826416
4.261896133422852 6.814741513989702 4.699474334716797 8.932412147521973
3.1380527019500732 5.6039847890962164 4.971314907073975 10.872818946838379
8.436136245727539 10.748924710439155 3.478875160217285 3.682440996170044
5.8206257820129395 9.806490681541163 4.735774040222168 7.293907165527344
3.9844210147857666 6.443728685911374 5.738938331604004 11.502907752990723
4.0126800537109375 6.476909798764675 6.1052117347717285 14.14185905456543
6.837793827056885 8.144804721630198 3.669255256652832 3.864271402359009
3.9733643531799316 6.351190929500225 4.763495445251465 7.036011219024658
2.6544241905212402 5.2930803490651215 5.287830829620361 9.986631393432617
2.5255491733551025 4.418770325683738 5.3899054527282715 11.67034912109375
7.756429672241211 9.541534524482188 4.031876564025879 4.292937278747559
5.316795349121094 7.772362087286363 5.503425121307373 8.548583030700684
3.4755489826202393 6.0617751657646295 6.295756816864014 12.613619804382324
3.6382648944854736 5.094519379214773 6.495112895965576 14.95602035522461
9.169901847839355 11.661402374607405 4.618946552276611 4.995289325714111
6.385067939758301 9.325054666493998 6.7318596839904785 11.020930290222168
3.9046523571014404 5.517933240803501 7.924257755279541 16.724245071411133
4.184922695159912 6.8374436126643445 8.217668533325195 19.952880859375
5.073655128479004 5.675134833387602 4.299102783203125 4.822992324829102
4.731184959411621 7.778365085976974 5.920466899871826 9.212526321411133
2.7080228328704834 4.066634335288342 6.461889743804932 12.56715202331543
2.592125415802002 3.8841675278141565 6.405532360076904 14.26637077331543
4.400994300842285 4.80405140779294 4.8516316413879395 5.513489246368408
5.333284854888916 8.316784958321978 6.996205806732178 11.461099624633789
3.9718058109283447 6.143604210458818 7.776437759399414 16.049924850463867
2.9228549003601074 4.922338717337652 7.818665027618408 18.498106002807617
6.406707763671875 7.170668225148582 5.765596389770508 6.680001735687256
6.025886058807373 9.217756093859549 8.759111404418945 15.125744819641113
4.3411478996276855 7.59015884614746 9.941418647766113 21.529020309448242
4.199504852294922 7.199624041017021 10.050925254821777 24.917081832885742
5.441145420074463 6.13195751760432 1.8414973020553589 1.9022483825683594
3.9665238857269287 5.423362003988362 2.1966657638549805 2.9046897888183594
3.6970818042755127 6.766755447265439 2.579580545425415 4.146936416625977
2.1266040802001953 3.938031044773652 2.8172810077667236 5.031558990478516
6.042820453643799 7.117243811308128 1.9765578508377075 2.0481374263763428
5.408336639404297 8.20829980550684 2.4095301628112793 3.257911205291748
3.1812679767608643 6.687891077545714 2.875904083251953 4.7824602127075195
3.7056174278259277 6.703113047290941 3.161085605621338 5.875722408294678
6.7624077796936035 8.167818883553048 2.1862881183624268 2.275054693222046
5.506044387817383 9.479539634302142 2.7377281188964844 3.8146023750305176
5.192294597625732 8.316220183504186 3.3272852897644043 5.773165702819824
4.403786659240723 6.528835003300401 3.6784870624542236 7.168333530426025
6.560487270355225 7.409448418734815 2.3237085342407227 2.4060909748077393
5.304595470428467 8.245939964795118 2.8071024417877197 3.825031042098999
4.653944969177246 7.390440800344891 3.2998130321502686 5.594604969024658
3.467912435531616 5.134267507927888 3.6001548767089844 6.862250328063965
7.3321990966796875 8.587461067101557 2.530646800994873 2.6353704929351807
5.543619632720947 8.498761601865397 3.168055534362793 4.463599681854248
4.46776008605957 6.768567477400444 3.8150272369384766 6.770755767822266
3.5884785652160645 6.410522830445984 4.197324275970459 8.417905807495117
8.360301971435547 10.265240457944401 2.8801238536834717 3.021127223968506
5.844718933105469 8.520335428527368 3.7694783210754395 5.5509114265441895
5.587045669555664 8.267707780347095 4.651608943939209 8.724689483642578
3.990623712539673 7.1012701897829515 5.146461486816406 10.92465591430664
7.013685703277588 7.9372414722061535 3.074462413787842 3.185699462890625
5.2926459312438965 8.347093016099553 3.6048166751861572 5.022686958312988
3.64239239692688 5.854544654587301 4.090752601623535 7.207162857055664
2.191757917404175 3.3886940074574454 4.3986711502075195 8.779452323913574
8.120672225952148 9.55069452784778 3.3501834869384766 3.495058059692383
6.491824626922607 9.904474264002602 4.132154941558838 6.018184185028076
3.414702892303467 6.330984694010468 4.8474040031433105 9.009977340698242
4.280455589294434 6.380448129622231 5.269955158233643 11.1272611618042
9.548582077026367 11.677650934189574 3.853879690170288 4.066972732543945
6.693269729614258 10.199578008842877 5.071347236633301 7.8063249588012695
4.930680274963379 8.769445836224577 6.133657455444336 12.120362281799316
4.091404914855957 6.056490547935937 6.700188636779785 15.0137939453125
4.494470119476318 4.989264060228152 3.2502012252807617 3.7178211212158203
5.006895065307617 7.076191899215345 4.757505416870117 6.8170552253723145
3.746513843536377 5.091386946201055 4.858190059661865 8.761269569396973
3.078232526779175 5.061231331379513 5.086621284484863 10.439879417419434
5.383846282958984 5.699937888446925 3.6406381130218506 4.213231563568115
6.239197731018066 9.375912983031519 5.456984996795654 8.205256462097168
4.768182277679443 7.788414695762242 5.823136806488037 11.136837005615234
3.970489740371704 5.113251897749535 6.191003322601318 13.47147274017334
6.541710376739502 7.289440978098469 4.339001178741455 5.102208137512207
6.237428188323975 9.399602892905136 6.731507778167725 10.726401329040527
6.049318790435791 9.755676205256119 7.513794422149658 15.293578147888184
5.186291217803955 8.23972099022393 8.03810977935791 18.545001983642578
4.7909016609191895 5.958069442860833 2.033890724182129 2.1202447414398193
4.116201400756836 7.302204947303361 2.474915027618408 3.356670618057251
3.3384130001068115 6.184083562149766 2.8688018321990967 4.724529266357422
2.7820863723754883 5.3527579129771725 3.0728461742401123 5.636874675750732
5.628530025482178 7.105436507340585 2.191152334213257 2.2933356761932373
4.008921146392822 7.148075001188772 2.726778030395508 3.8015730381011963
3.5825090408325195 6.62063542912297 3.211000919342041 5.523809432983398
3.5176589488983154 6.059416450411277 3.4567601680755615 6.693336486816406
6.786785125732422 8.870455489306309 2.436089038848877 2.5617542266845703
5.204868793487549 7.872827025124902 3.117604970932007 4.491793632507324
4.734922409057617 6.344673916114289 3.7319564819335938 6.731376647949219
3.5484020709991455 6.014164889968036 4.032788276672363 8.2566556930542
5.972884654998779 7.4243869950431645 2.661045551300049 2.7881898880004883
4.945697784423828 8.318711118895635 3.3240933418273926 4.66628360748291
3.168105363845825 6.227004919368028 3.842489242553711 6.686488151550293
2.131823778152466 3.7748305924510444 4.061189651489258 7.9491448402404785
7.008305549621582 8.897167404852507 2.9030861854553223 3.0615668296813965
4.715498447418213 7.532455379220096 3.775005578994751 5.52247953414917
3.7318429946899414 6.130787969667466 4.469223976135254 8.228680610656738
2.7523865699768066 3.8889735135728074 4.755926132202148 9.944841384887695
8.607824325561523 11.040968443265001 3.31262469291687 3.5238139629364014
6.2894392013549805 9.59142393697914 4.527726650238037 6.952711582183838
4.9597015380859375 8.21733110603725 5.478994369506836 10.689363479614258
4.380004405975342 6.773923651235165 5.849215507507324 13.023238182067871
6.379204750061035 7.950569942996026 3.39864444732666 3.5748796463012695
3.226515769958496 5.713652922174788 4.372590065002441 6.3447346687316895
3.2167751789093018 5.695425593204618 4.951259136199951 8.972833633422852
2.6822824478149414 4.9333157470367155 5.11698579788208 10.467536926269531
7.778450012207031 9.761720837737279 3.7398788928985596 3.9820384979248047
4.892648696899414 6.429245697061271 5.0799031257629395 7.7652788162231445
3.889981269836426 6.311944383352113 5.918306827545166 11.42348575592041
2.327836275100708 4.25730074211981 6.169905662536621 13.54571533203125
9.800797462463379 12.286772962731249 4.362792491912842 4.721327781677246
6.2520833015441895 9.229211538143261 6.325687885284424 10.256922721862793
5.089962482452393 8.58949517625831 7.537097454071045 15.460168838500977
3.9955265522003174 6.683361054947628 7.876026153564453 18.377063751220703
4.5884108543396 5.299212034214065 3.835084915161133 4.293061256408691
4.116529941558838 6.46608186700837 5.394569396972656 8.044200897216797
2.8729751110076904 4.9264618890048695 5.997740268707275 11.169525146484375
1.9473577737808228 3.0186611039331837 6.048574924468994 12.701310157775879
6.436534404754639 6.573091627806207 4.341094493865967 4.942918300628662
5.171799659729004 8.430714314063147 6.38953161239624 10.181791305541992
3.6723573207855225 4.87677711910969 7.274655818939209 14.451491355895996
1.7693164348602295 2.8640491186671397 7.420399188995361 16.725688934326172
6.5116777420043945 7.57890750473278 5.291775226593018 6.1613688468933105
6.113036632537842 8.787760382674605 8.162530899047852 13.87548828125
4.311103343963623 8.049723936132516 9.452310562133789 19.923442840576172
4.62558650970459 6.560277855335755 9.675625801086426 23.065820693969727
5.382134437561035 6.358055651336542 1.715338110923767 1.7842360734939575
4.926151752471924 8.02326205093027 2.081061363220215 2.818274736404419
3.413226366043091 6.433384863485344 2.441241979598999 4.026562213897705
3.2376747131347656 6.593270206101806 2.656899929046631 4.904602527618408
5.73710823059082 6.990503506843652 1.831464171409607 1.9113622903823853
4.1973490715026855 7.067189273199801 2.2590768337249756 3.1302530765533447
3.2874579429626465 6.761062066405884 2.6888346672058105 4.603370666503906
2.792227029800415 4.537051615191444 2.945706605911255 5.686388969421387
6.548452854156494 8.401313014908965 2.010559558868408 2.1050214767456055
5.359167098999023 8.64154402262998 2.5313706398010254 3.6004648208618164
4.650243282318115 8.560617584438774 3.062011241912842 5.459770679473877
4.295106887817383 6.642737884871622 3.375427007675171 6.834473133087158
6.716406345367432 7.870344061902415 2.089393377304077 2.1683554649353027
6.197891712188721 10.276686171315305 2.563222885131836 3.550743818283081
3.6540610790252686 6.664559208794127 3.018106460571289 5.2133917808532715
3.479840040206909 5.508788184251898 3.2837154865264893 6.419159412384033
7.396666049957275 8.95718311767564 2.2635767459869385 2.366154909133911
5.834845066070557 9.924964370497804 2.8525941371917725 4.086984157562256
4.9655327796936035 7.651304657595233 3.4316341876983643 6.227957248687744
3.8592472076416016 7.765848844111986 3.767472267150879 7.790023326873779
8.487873077392578 10.946846296222702 2.5573506355285645 2.691401243209839
7.102487087249756 10.635168777455533 3.332973003387451 4.9587554931640625
5.780155658721924 10.539358536918142 4.097433567047119 7.829779148101807
4.908037185668945 8.598433888181596 4.528255462646484 9.91020679473877
7.276367664337158 8.576881335300975 2.682262420654297 2.688937187194824
6.676294803619385 9.762278426962023 3.206557273864746 4.459148406982422
3.0059657096862793 5.640936480338553 3.653650999069214 6.504637718200684
2.351849317550659 4.695601237111077 3.919337272644043 7.970397472381592
8.437370300292969 10.311169845592872 2.9045863151550293 2.965348243713379
6.7711663246154785 10.628009276955709 3.6121950149536133 5.265760898590088
4.460936069488525 8.035435558204597 4.244158744812012 8.0120267868042
3.9731500148773193 6.593274466735053 4.609236240386963 9.979653358459473
9.948686599731445 12.874640117598744 3.3215222358703613 3.4486196041107178
7.426318645477295 12.13429788358414 4.341589450836182 6.6519341468811035
6.0447821617126465 8.856305353192674 5.250454902648926 10.498208999633789
4.889420986175537 7.666402560058202 5.742408752441406 13.196501731872559
6.062839984893799 6.620718113432474 2.834348678588867 3.1304540634155273
5.8624653816223145 9.287197841709599 4.455074310302734 6.232565879821777
3.4587900638580322 5.165215688814669 4.3274102210998535 7.818116664886475
2.748516321182251 4.794731042357867 4.483935356140137 9.333142280578613
7.670690059661865 8.597160182555626 3.1390411853790283 3.5225627422332764
6.817313194274902 10.105823074157456 4.951475143432617 7.3367791175842285
4.282279014587402 8.02393122438616 5.06117057800293 9.769750595092773
3.72816801071167 6.183273230654379 5.345335006713867 11.88638973236084
8.435432434082031 10.234425282949346 3.700834274291992 4.220578193664551
6.8911027908325195 10.81156528972135 5.8782267570495605 9.214509963989258
6.014023780822754 9.538993504914977 6.366725444793701 13.053726196289062
4.087472438812256 6.293243046794503 6.805405139923096 16.05535888671875
4.663745880126953 5.687370388259183 1.7175427675247192 1.7812882661819458
3.229526996612549 5.700697502500539 2.0607948303222656 2.7699975967407227
2.795898914337158 5.132580567381076 2.4087884426116943 3.9229280948638916
3.450037956237793 5.567721387837011 2.606856107711792 4.725513935089111
5.242469787597656 6.482859176927377 1.8363112211227417 1.9078314304351807
4.116389751434326 6.43643774974538 2.2401657104492188 3.0576844215393066
3.9720451831817627 6.739343232705858 2.6516168117523193 4.43159294128418
2.5832958221435547 5.218877911727645 2.882331132888794 5.396981239318848
6.067914009094238 7.786083611183372 2.0133163928985596 2.094835042953491
5.650843620300293 8.655258989977032 2.508570909500122 3.4844143390655518
4.730422496795654 8.40748853366506 3.010695695877075 5.173346996307373
2.9853267669677734 5.649570677893763 3.285262107849121 6.358246326446533
5.761458873748779 6.914603635217645 2.121516227722168 2.2050347328186035
3.512286424636841 5.341165560367472 2.5847675800323486 3.57079815864563
4.127103805541992 6.904810592688009 3.022822618484497 5.168684005737305
2.5384490489959717 3.417609367926842 3.2433485984802246 6.249912738800049
6.53912353515625 7.914153728251202 2.302780866622925 2.3976433277130127
5.69209098815918 8.948316620593523 2.8825528621673584 4.076444625854492
3.0489420890808105 5.914479823303395 3.4330527782440186 6.087561130523682
3.526458978652954 5.400287113977363 3.7051239013671875 7.4497175216674805
7.757177352905273 9.614969127957622 2.5816593170166016 2.6950578689575195
5.776958465576172 9.227974187277418 3.3490729331970215 4.8628740310668945
5.417003154754639 8.193220767367706 4.0665483474731445 7.479885578155518
3.6633782386779785 5.018901510512876 4.408633232116699 9.231245994567871
6.230893135070801 7.463703821672617 2.7007055282592773 2.874091625213623
5.003597736358643 7.472532236824378 3.259873628616333 4.624582767486572
3.345752477645874 5.994407116992498 3.721177816390991 6.6002349853515625
2.39585542678833 3.297050043936565 3.914670944213867 7.881548881530762
7.283107757568359 8.781195463438479 2.942363977432251 3.1143410205841064
5.0121965408325195 8.283106083981664 3.700765609741211 5.405130386352539
4.657808303833008 6.57611764005344 4.325405120849609 8.018034934997559
2.7477238178253174 4.040797023930736 4.5818190574646 9.686543464660645
8.743348121643066 10.800124764462453 3.3277008533477783 3.518723964691162
6.70151424407959 9.077345688516743 4.4116315841674805 6.6658935546875
5.439380168914795 8.995211830199423 5.280613899230957 10.20453929901123
4.013276100158691 6.108673581144444 5.623383045196533 12.408048629760742
5.318679332733154 6.234671033960694 2.9072299003601074 3.2480051517486572
4.718006610870361 7.429194533114696 4.19317102432251 6.245163917541504
2.6799044609069824 4.5223962200537215 4.422013282775879 8.053000450134277
2.7099132537841797 3.680409442207747 4.519634246826172 9.355409622192383
6.168456554412842 7.298856706979791 3.2388365268707275 3.6275243759155273
5.167068958282471 8.091590208849425 4.773995876312256 7.367517948150635
3.577383518218994 6.876058140246414 5.2116241455078125 9.964210510253906
2.898850917816162 5.239914840408321 5.373519420623779 11.722700119018555
7.331034183502197 8.385418232925034 3.769897699356079 4.251949787139893
6.655215263366699 8.099400960172641 5.729061126708984 9.145036697387695
5.141503810882568 8.309854728040591 6.470400810241699 12.917617797851562
4.352741241455078 6.529957413433796 6.719064712524414 15.292947769165039
4.81796932220459 5.7710165159510325 2.058492660522461 2.1593434810638428
2.8473761081695557 4.594306711741297 2.561063289642334 3.560554027557373
2.937584638595581 5.139958298411727 3.0241923332214355 5.120090007781982
1.4665281772613525 2.99880004720292 3.255037784576416 6.151288986206055
5.386115550994873 6.6859311713867555 2.212493658065796 2.328627109527588
5.038804531097412 8.194897463400537 2.8272249698638916 4.041600704193115
3.293057680130005 6.128794151469933 3.404545545578003 6.025928497314453
2.6613552570343018 5.343950347334612 3.690009832382202 7.347757339477539
6.381114959716797 8.487329900413442 2.442870616912842 2.5791661739349365
5.817612648010254 9.966761942366247 3.2295005321502686 4.757551193237305
3.626788854598999 6.368133983663796 3.9785985946655273 7.361169338226318
2.1956281661987305 4.188518391210515 4.343917369842529 9.099311828613281
5.931103706359863 7.107917426881812 2.662275791168213 2.7994227409362793
4.3577985763549805 6.446207366663366 3.4015731811523438 4.883725643157959
3.408768653869629 4.9934356088979825 4.030796527862549 7.204761028289795
2.6523525714874268 4.514281567635824 4.305698871612549 8.6749267578125
6.7754974365234375 8.439524357023174 2.8878958225250244 3.062133550643921
4.897628307342529 7.718420149402505 3.8634214401245117 5.783805847167969
3.1411497592926025 5.188310120705353 4.706216812133789 8.90782356262207
3.7948672771453857 6.107660970498955 5.07189416885376 10.896003723144531
7.876397132873535 10.348880586039286 3.243171215057373 3.467280864715576
5.170830726623535 9.680316064880586 4.594737529754639 7.201701641082764
5.084992408752441 7.850722480879995 5.766026496887207 11.53654956817627
3.73598313331604 6.478448795718805 6.268669128417969 14.28041934967041
6.384713649749756 7.75103559230547 3.3415167331695557 3.523131847381592
3.950444459915161 7.158442077675318 4.381383419036865 6.4680256843566895
3.185760498046875 5.748602003769145 5.121328353881836 9.504816055297852
2.610372304916382 4.49523023536085 5.389853000640869 11.31359577178955
7.554251670837402 9.340841194332086 3.651472806930542 3.8911795616149902
4.461475849151611 6.805091543467469 5.090997219085693 7.915243625640869
4.173879623413086 6.888239180624225 6.137660503387451 12.139391899108887
2.2867863178253174 3.3844178000006195 6.521155834197998 14.666618347167969
9.031752586364746 11.474104197768696 4.15966796875 4.496644973754883
6.018109321594238 8.66190561519666 6.25710391998291 10.28075885772705
5.036093235015869 7.598792492348366 7.7683234214782715 16.28974723815918
4.773073673248291 7.503740239592844 8.321310043334961 19.847543716430664
5.035236358642578 5.424433011934042 3.754108428955078 4.193206787109375
3.0199265480041504 5.3483916477331235 5.338037014007568 8.213112831115723
2.686008930206299 4.592140413673803 6.110219955444336 11.622483253479004
1.983238697052002 3.809009165037253 6.317412376403809 13.567639350891113
5.397018909454346 5.864039439021326 4.218523025512695 4.79095458984375
4.812374591827393 7.7032780044093805 6.3204569816589355 10.257390022277832
3.971275806427002 6.246368808023931 7.439820289611816 15.093866348266602
2.9427430629730225 3.6166503308564515 7.766508102416992 17.879947662353516
6.617929935455322 7.333417742585011 5.0042572021484375 5.808742046356201
5.121730327606201 8.86879427355774 7.960067272186279 13.635642051696777
4.715285301208496 7.230343254272952 9.59382152557373 20.581186294555664
3.365788698196411 4.354633619206929 10.086094856262207 24.53937530517578
4.642848968505859 5.6176761849502554 1.878719449043274 1.9445635080337524
2.9130403995513916 5.24201734851755 2.2596683502197266 3.10038423538208
2.1674182415008545 3.525474059029893 2.6197710037231445 4.3934245109558105
2.458301544189453 5.168721128866395 2.8116869926452637 5.240093231201172
5.219533443450928 6.426013331274461 2.012153148651123 2.0870044231414795
4.758725643157959 6.963628061604723 2.476560592651367 3.460310697555542
3.761591672897339 7.43815722163238 2.914320468902588 5.034743309020996
2.8459537029266357 5.827245820182853 3.1428771018981934 6.074456214904785
6.032832145690918 7.799529309547086 2.2079546451568604 2.299548864364624
4.791164398193359 8.28270707993272 2.794710159301758 4.007724285125732
3.845522403717041 6.025190515094934 3.342721700668335 5.998135566711426
3.8616783618927 7.80301012864723 3.620591402053833 7.312723159790039
5.574063777923584 6.660837217300468 2.4272868633270264 2.516225576400757
3.7848598957061768 6.65424177640827 2.9628982543945312 4.213703632354736
3.333338499069214 5.700670457185544 3.4097084999084473 6.06832218170166
3.401993751525879 5.953595330192627 3.6175618171691895 7.228688716888428
6.336177349090576 7.746221213344711 2.6252825260162354 2.7291512489318848
4.869817733764648 6.315451552709419 3.336125612258911 4.878096103668213
3.4833014011383057 5.169904416103684 3.925990581512451 7.270535945892334
3.9594051837921143 6.810149206238734 4.190995216369629 8.76879596710205
7.5331244468688965 9.576153187504787 2.9252569675445557 3.0618743896484375
5.723581790924072 9.185517634873037 3.906764030456543 5.93104362487793
4.359124660491943 7.090677149119111 4.7059221267700195 9.13985538482666
4.400802135467529 7.4451346532572416 5.05096960067749 11.127542495727539
5.920268535614014 7.102763449491249 3.170750856399536 3.309802293777466
4.3190789222717285 7.123821936351628 3.8532958030700684 5.6904296875
2.9469692707061768 4.420669040058215 4.301286220550537 8.02957534790039
3.195449113845825 5.066029977926551 4.467846870422363 9.399617195129395
6.985184669494629 8.56012112263037 3.4284777641296387 3.606889247894287
5.109253883361816 7.762833709902026 4.428545951843262 6.781150817871094
4.1329169273376465 7.069976972505124 5.083096504211426 9.926918983459473
2.997404098510742 5.043296059805589 5.313482761383057 11.752506256103516
8.396124839782715 10.595483624356348 3.840623378753662 4.087409019470215
6.791333198547363 10.211672115715325 5.333611488342285 8.544544219970703
4.277134895324707 5.674728855109606 6.2857346534729 12.908117294311523
3.835590124130249 5.4598199467862685 6.6056318283081055 15.385005950927734
4.413558006286621 5.2838362079755825 3.585392475128174 4.044806957244873
4.210490703582764 7.022573186623265 4.863570213317871 7.469608306884766
2.37844181060791 4.119673468049143 5.138676643371582 9.920029640197754
2.709500789642334 4.807377630734145 5.21090030670166 11.331214904785156
4.631117820739746 5.1925057548465645 3.989405870437622 4.54758882522583
5.579216957092285 8.859628416664805 5.641889572143555 9.04571533203125
3.1838574409484863 6.085771634622141 6.174832344055176 12.495569229125977
3.3988664150238037 6.012394477106202 6.301889896392822 14.417115211486816
7.311297416687012 8.254672012680373 4.635100841522217 5.366694450378418
5.7021803855896 9.294589761830593 6.905541896820068 11.616915702819824
4.187258720397949 7.254714572618468 7.780285835266113 16.533878326416016
4.637523651123047 7.650492112454003 7.978087902069092 19.165388107299805
5.238195896148682 6.20241582106927 1.8789005279541016 1.947436809539795
3.2122485637664795 4.4637963442592365 2.277195453643799 3.070960760116577
3.442974805831909 6.140033566260839 2.660851001739502 4.368502616882324
2.5427515506744385 4.591596897085537 2.877514123916626 5.2731523513793945
5.82917594909668 7.0260434890049055 2.026174545288086 2.1045141220092773
5.1428375244140625 8.590844983878469 2.5097460746765137 3.4617297649383545
3.6260669231414795 5.436601847272016 2.9754302501678467 5.069840431213379
3.728498935699463 5.7525538803365635 3.2310197353363037 6.187202453613281
6.715752601623535 8.551759610718108 2.2549796104431152 2.3508362770080566
6.080529689788818 9.234758694318856 2.868359327316284 4.075056076049805
4.847784996032715 8.250271756337277 3.4523491859436035 6.148265838623047
2.9853203296661377 6.090904162584593 3.7615208625793457 7.5767292976379395
6.501550674438477 7.624621926001858 2.4201414585113525 2.508880138397217
5.256877422332764 8.152901742178983 2.977795124053955 4.1450982093811035
4.042186260223389 6.378489604875753 3.450929880142212 5.990742206573486
2.856123685836792 3.983964451568454 3.685941696166992 7.2310357093811035
7.206882953643799 8.641871510731068 2.648142099380493 2.757603406906128
5.758869171142578 8.097590847739866 3.381014347076416 4.870577812194824
3.270557165145874 4.99869999247494 4.001873016357422 7.304287910461426
3.295631170272827 5.58350834483236 4.296438694000244 8.921487808227539
8.40662670135498 10.690598714087221 3.0295233726501465 3.178171157836914
5.924736976623535 10.341149499658968 4.047784805297852 6.094987869262695
4.9500908851623535 8.949923890282484 4.888283729553223 9.441165924072266
3.8961992263793945 6.100894312509354 5.2643585205078125 11.610662460327148
6.923293113708496 8.11090423181247 3.1800284385681152 3.2941436767578125
4.927523612976074 7.653008280067873 3.9070186614990234 5.591878890991211
4.013251304626465 6.45789913835597 4.365393161773682 7.897275924682617
3.5695290565490723 5.467812113494006 4.544293403625488 9.347742080688477
8.109197616577148 9.695298254908266 3.499854803085327 3.660579204559326
5.647836208343506 7.927624088712946 4.5313873291015625 6.785463333129883
4.12848424911499 6.720547446472665 5.197393417358398 9.958358764648438
3.0374510288238525 6.232371287550532 5.443902015686035 11.92990493774414
9.818973541259766 12.20514838917893 4.064494609832764 4.309237957000732
6.990686893463135 10.693385818038479 5.610372543334961 8.866792678833008
5.24570369720459 9.245752759535893 6.5826616287231445 13.401121139526367
4.382308006286621 7.162381209436575 6.91381311416626 16.10923957824707
4.9619245529174805 5.168202363654686 3.564697742462158 3.9385695457458496
4.243483066558838 6.938258917579219 5.061701774597168 7.541884422302246
3.4476280212402344 5.688039962356015 5.28237247467041 9.835399627685547
3.1935698986053467 5.661441885553359 5.317850589752197 11.256793975830078
5.6694769859313965 6.29727395050233 3.972835063934326 4.529185771942139
4.88869047164917 8.062631642123904 5.931454658508301 9.33731746673584
3.247710704803467 5.908773641378275 6.391396999359131 12.635903358459473
2.900752544403076 4.620014528716034 6.481586456298828 14.642291069030762
6.724247932434082 7.019961049919466 4.787105083465576 5.549304485321045
6.004897594451904 9.67253919445212 7.481531620025635 12.454683303833008
4.931088924407959 7.281935056236421 8.259435653686523 17.317537307739258
5.001251220703125 7.433836415546949 8.405411720275879 20.125595092773438
4.951938152313232 5.806097967810359 1.7721011638641357 1.836160659790039
4.545642375946045 7.222944682081106 2.1268959045410156 2.8374855518341064
3.3231728076934814 5.900403223360627 2.5002520084381104 4.087178707122803
3.3972010612487793 6.340556184020545 2.720120668411255 4.998170375823975
5.649184703826904 6.8392192251214965 1.9008641242980957 1.9741259813308716
4.5642900466918945 7.444723075790222 2.322051763534546 3.1721510887145996
3.8214757442474365 6.3473555748968735 2.772124767303467 4.705537796020508
3.6794023513793945 6.476109508277659 3.036759614944458 5.829113960266113
6.586386680603027 8.364129472531504 2.093431234359741 2.179928779602051
5.446667671203613 9.142624519817673 2.615891695022583 3.6670215129852295
4.634980201721191 8.32070380717866 3.1823978424072266 5.6217427253723145
4.215032577514648 7.200391120266194 3.5127289295196533 7.055732250213623
6.177635192871094 7.180357491843893 2.157588243484497 2.247225761413574
5.2359843254089355 7.836461442654695 2.637204647064209 3.6235690116882324
3.280019521713257 4.428756409945009 3.1335980892181396 5.387950420379639
2.4713010787963867 3.7418121963324893 3.413630247116089 6.671565055847168
7.148750305175781 8.511529909198035 2.355525016784668 2.4612269401550293
5.301483631134033 7.5863744356866505 2.9615728855133057 4.208094120025635
3.618586301803589 5.395488586863394 3.5978798866271973 6.4962029457092285
3.4529900550842285 4.820618290308474 3.954334259033203 8.159128189086914
8.321558952331543 10.395129714141717 2.667581081390381 2.798550844192505
6.801252841949463 10.311830776230504 3.479801893234253 5.128905773162842
3.8332207202911377 8.252612908536321 4.341125965118408 8.237174034118652
4.465025424957275 7.22834877937245 4.815013408660889 10.474884033203125
6.741724967956543 7.883207864183127 2.7050979137420654 2.840419054031372
5.422736644744873 7.404903513979804 3.2598111629486084 4.587145805358887
2.3818399906158447 3.8697954846049787 3.8092329502105713 6.793201446533203
2.789545774459839 4.520114724668019 4.109996318817139 8.387840270996094
8.107804298400879 9.655128726619488 2.967068910598755 3.127225160598755
6.079300403594971 9.058312504849255 3.7216074466705322 5.4618611335754395
3.0164594650268555 4.752680944799536 4.479639530181885 8.45521354675293
3.6869988441467285 6.790701534004711 4.888049602508545 10.59151554107666
9.62576961517334 11.83224235889821 3.4040579795837402 3.6070680618286133
6.163869857788086 9.507215847249057 4.500232696533203 6.911691188812256
5.350743293762207 7.5393559498058105 5.6010284423828125 11.159674644470215
5.070178985595703 8.894562206520959 6.174624443054199 14.12224006652832
4.687753200531006 5.076072241319125 2.8451664447784424 9.569047927856445
5.731886863708496 8.804775955858531 4.170785427093506 6.163122177124023
2.7871487140655518 4.414719055588648 4.448795318603516 8.116532325744629
2.3818230628967285 4.047724555158215 4.703124523162842 9.852520942687988
5.064057350158691 5.615034207030362 3.204385280609131 3.723644495010376
5.080936431884766 8.468938111372836 4.753793239593506 7.294489860534668
4.681460857391357 7.584875359732905 5.288205146789551 10.260403633117676
3.4576268196105957 5.705210483405608 5.677952766418457 12.666632652282715
6.5730509757995605 8.170931016211 3.7832765579223633 4.455042362213135
6.725525379180908 10.330279728414098 5.736605167388916 9.181962966918945
5.459348678588867 8.995424417631114 6.736360549926758 13.816685676574707
4.373643398284912 7.8116196738816654 7.328488826751709 17.22944450378418
4.750277519226074 5.66165483733003 1.9685566425323486 2.0403151512145996
4.593160629272461 7.004304282699451 2.372129440307617 3.2035603523254395
2.6397995948791504 4.444473035709123 2.776637315750122 4.6288652420043945
2.479053020477295 4.725093574287179 3.004993200302124 5.652028560638428
5.43602991104126 6.579979066821352 2.1188840866088867 2.200052499771118
4.06252908706665 6.131363378762401 2.6142334938049316 3.6041810512542725
2.5159237384796143 3.805666532369287 3.117737054824829 5.374697208404541
3.238757610321045 4.969266092307151 3.398254632949829 6.648515701293945
6.331312656402588 7.9725091949999864 2.35170316696167 2.4486353397369385
5.277334213256836 8.706258269608128 2.993363380432129 4.227659225463867
4.697454452514648 7.6415889433994835 3.644770860671997 6.507570743560791
3.799327850341797 7.215447920981859 3.994739055633545 8.131704330444336
5.89652681350708 6.995110485088617 2.550117254257202 2.661407232284546
4.972971439361572 7.656174217669104 3.1594789028167725 4.434046268463135
3.7851598262786865 6.294692990280964 3.7272541522979736 6.5858049392700195
2.482578754425049 4.224155294243246 4.003777503967285 8.065086364746094
6.664222240447998 8.038512769877872 2.778247594833374 2.9066226482391357
5.778454780578613 9.399409452263455 3.5891642570495605 5.198749542236328
4.06057071685791 6.8147185279778455 4.3529887199401855 8.04377269744873
3.271219491958618 5.764239451316257 4.719452857971191 9.986895561218262
7.9245758056640625 9.939592046519465 3.159501314163208 3.322401285171509
4.774782657623291 7.79680855792094 4.311405181884766 6.477961540222168
5.242668628692627 8.280003476052343 5.378879070281982 10.387687683105469
4.781560897827148 8.074749010282956 5.864125728607178 12.980256080627441
6.348085403442383 7.587791455128089 3.2317354679107666 3.407313823699951
3.861222267150879 6.4859033599402105 4.11525821685791 6.022668838500977
3.357194662094116 6.075316782357561 4.818243503570557 8.902392387390137
2.6685290336608887 5.273028684597193 5.094492435455322 10.751070022583008
7.40968656539917 8.98103393909723 3.5399727821350098 3.764706611633301
5.278482437133789 8.730169176114185 4.7899980545043945 7.2920403480529785
3.681605577468872 6.461593811068253 5.798328399658203 11.254438400268555
3.202392816543579 5.912767697582667 6.190066814422607 13.760357856750488
9.139460563659668 11.34327419946203 4.0926361083984375 4.399508476257324
5.38494348526001 7.889239888359839 5.984215259552002 9.50535774230957
4.907454013824463 7.07029899910089 7.456378936767578 15.1283597946167
4.158140182495117 7.38288424131224 7.993746757507324 18.51911163330078
4.205232620239258 4.67638323281335 3.651512622833252 4.143925189971924
4.468069076538086 7.514832147510333 5.094484806060791 7.721047878265381
3.5607399940490723 6.2744699089221285 5.838411808013916 11.145206451416016
2.6659741401672363 4.897106915209132 6.0659990310668945 13.165895462036133
5.915184020996094 7.129034816937747 4.104743003845215 4.703723430633545
5.068031311035156 8.544674193021876 6.018517971038818 9.639144897460938
3.7204253673553467 6.9797371483993516 7.156589984893799 14.34085750579834
2.2236711978912354 4.3581021432902745 7.509954929351807 17.14673614501953
7.837187767028809 8.998403238461009 4.922718524932861 5.712676048278809
6.866419315338135 9.467674884014603 7.69946813583374 12.919468879699707
5.308135509490967 8.01908786681837 9.416961669921875 19.630924224853516
3.9693398475646973 7.12151026766071 9.910713195800781 23.42346954345703
4.95297384262085 5.862849353859099 1.8493599891662598 1.9089752435684204
4.311448574066162 7.323333779202699 2.1476151943206787 2.858978271484375
2.9450395107269287 5.148605593921103 2.4464495182037354 4.009181022644043
2.3385722637176514 5.080590195266581 2.6085965633392334 4.789533615112305
5.663991928100586 6.806857643732087 1.977391004562378 2.0488619804382324
4.305079460144043 6.893876251852106 2.338308095932007 3.198396921157837
3.7715768814086914 6.5133226846919 2.693690061569214 4.605737209320068
2.767416477203369 5.81062616106772 2.8816659450531006 5.5668158531188965
6.581762313842773 8.076394999989372 2.174095630645752 2.262725353240967
5.005149841308594 8.005929403262712 2.629889488220215 3.712651491165161
4.503355503082275 8.381306382886988 3.066014051437378 5.496058940887451
3.116886854171753 5.534820550845836 3.2871203422546387 6.706135272979736
5.92122745513916 7.051157155256732 2.4141793251037598 2.5008511543273926
4.776844501495361 7.121442330183191 2.787792444229126 3.8348100185394287
3.692302942276001 6.466404627465089 3.0968966484069824 5.399024486541748
2.453993082046509 4.758107786045343 3.2491374015808105 6.428000450134277
6.939451217651367 8.233823886104801 2.614622116088867 2.7260117530822754
4.790472984313965 8.000740927119637 3.1202852725982666 4.460882186889648
3.683499813079834 6.489679700452712 3.5274624824523926 6.482309818267822
2.779937505722046 5.1648527047103325 3.718010425567627 7.8146491050720215
8.259760856628418 10.020373390594276 2.94874906539917 3.0979628562927246
6.057924270629883 9.072256701271726 3.6641721725463867 5.477149486541748
5.012115955352783 7.196870870780174 4.216463565826416 8.206947326660156
3.473363161087036 6.215866081028974 4.455602645874023 9.967846870422363
6.419755458831787 7.588772906463419 3.2094430923461914 3.315688133239746
4.520188331604004 7.167700818424237 3.636554718017578 5.134313106536865
2.06192946434021 3.9652944058494484 3.8296854496002197 6.975121021270752
3.3331127166748047 5.169900271478582 3.9059839248657227 8.145089149475098
7.597123146057129 9.02971665653331 3.4854629039764404 3.6494386196136475
5.253850936889648 7.97465471036044 4.145899295806885 6.151242733001709
4.063597679138184 6.96211905904506 4.47520637512207 8.646574020385742
2.043130397796631 3.6562013897678085 4.591641426086426 10.216177940368652
9.209651947021484 11.160449487217733 3.9814929962158203 4.228939056396484
6.799722671508789 9.810735409472272 5.021742343902588 7.872213363647461
5.464807033538818 7.809236133488696 5.547407627105713 11.397635459899902
4.601505756378174 7.47159890903913 5.7107415199279785 13.536407470703125
5.047425746917725 5.509401383764271 3.5115888118743896 3.883005380630493
4.420363903045654 5.848311712978074 4.681493282318115 6.8119425773620605
3.078360080718994 5.309266646683312 4.547317981719971 8.515588760375977
1.904797077178955 3.3692977629495515 4.480568885803223 9.647982597351074
6.243686199188232 7.137771189493037 3.918342113494873 4.402311325073242
5.222597122192383 7.658228786122031 5.379810810089111 8.28882884979248
3.5729238986968994 6.461248076478341 5.399763584136963 10.764830589294434
2.622920513153076 4.404939000165427 5.360742092132568 12.333978652954102
7.905210018157959 8.37681082583409 4.646042823791504 5.315237045288086
6.848586082458496 9.530549401805644 6.605645656585693 10.823702812194824
4.432826519012451 7.445119811093491 6.8365044593811035 14.499300003051758
4.626915454864502 8.045235168586258 6.822564601898193 16.6868896484375
3.9437897205352783 4.806584656415907 2.0213382244110107 2.1050209999084473
3.123032569885254 5.400357166141021 2.4577367305755615 3.345534324645996
2.7548789978027344 5.617369817915154 2.8573384284973145 4.7663702964782715
2.2717082500457764 4.811969917643822 3.0714755058288574 5.773967266082764
4.796702861785889 5.808158984096281 2.172983169555664 2.2705941200256348
2.8240628242492676 5.6771254856128115 2.712791919708252 3.7948296070098877
3.084738254547119 6.1042934623355904 3.205299139022827 5.579215049743652
3.2175424098968506 6.66499486099346 3.4619858264923096 6.842556953430176
5.8568878173828125 7.359134463014829 2.3983914852142334 2.517960786819458
4.692449569702148 7.3314863751745065 3.0914247035980225 4.466568470001221
4.845681667327881 7.75188642015587 3.715116262435913 6.782560348510742
3.7032523155212402 6.852877971819295 4.028288841247559 8.40263843536377
4.629017353057861 5.5809655182691795 2.567314624786377 2.6947391033172607
3.1539440155029297 5.869488898321293 3.213972806930542 4.573814392089844
3.086977243423462 5.321322143089304 3.7591211795806885 6.69160795211792
1.8885655403137207 3.0782219270157647 4.022241115570068 8.140682220458984
5.749077320098877 6.998239621346613 2.7900550365448 2.9433987140655518
4.566638946533203 6.660030559359086 3.6487932205200195 5.386453628540039
3.6566531658172607 7.03312976079701 4.364745616912842 8.1779203414917
2.8694992065429688 5.89408389073526 4.69664192199707 10.069561004638672
7.2198405265808105 8.914635688733256 3.1367788314819336 3.335205316543579
4.978475093841553 7.122368007803638 4.324758529663086 6.658782958984375
4.646759510040283 8.216837319327169 5.283233642578125 10.445782661437988
3.9065964221954346 6.397746125394633 5.702484607696533 12.947978019714355
4.998924255371094 6.039578341715998 3.1867594718933105 3.387373208999634
3.6303789615631104 5.857590605898508 4.086595058441162 6.069029331207275
1.7523508071899414 3.6599397627592225 4.7336931228637695 8.856042861938477
1.6824690103530884 3.496484524678973 5.004588603973389 10.66111946105957
6.298670768737793 7.609058692197721 3.4866487979888916 3.739750862121582
4.834608554840088 5.897464380580004 4.744623184204102 7.3670125007629395
3.2508697509765625 6.323458771154776 5.633337497711182 11.139583587646484
3.204026699066162 5.6923123076430215 5.986939907073975 13.538031578063965
8.22655200958252 9.990519801010123 3.9752612113952637 4.317232608795166
6.377025127410889 9.103903613963894 5.808586120605469 9.458373069763184
4.518279552459717 6.930641399843651 7.031119346618652 14.669428825378418
4.094501972198486 7.332805503716742 7.475275993347168 17.860660552978516
4.004095077514648 4.200794472788687 3.602421283721924 4.1077799797058105
3.7590086460113525 6.537396514384568 4.963361740112305 7.6409807205200195
2.3762545585632324 4.011204355494954 5.610852241516113 10.853551864624023
2.2241709232330322 3.8075864788279894 5.843873023986816 12.844551086425781
4.049158573150635 4.765321776167482 4.05084228515625 4.670609951019287
5.104712009429932 7.106336602861745 5.850318431854248 9.478597640991211
2.955271005630493 4.665817373384565 6.779505729675293 13.885393142700195
2.328469753265381 4.521968433942543 7.093215465545654 16.541086196899414
5.814714431762695 6.053075853457113 4.797436237335205 5.611215114593506
5.978654384613037 9.546647604700723 7.321728229522705 12.486034393310547
4.509788513183594 5.965787962408257 8.621800422668457 18.567079544067383
3.505831241607666 6.587975097733306 9.002522468566895 22.088720321655273
5.114974498748779 6.000803671643439 1.781741976737976 1.8503963947296143
3.421172857284546 4.9867621153077835 2.1604223251342773 2.9290521144866943
3.852240800857544 7.156705888798786 2.549726724624634 4.223081588745117
2.52717661857605 3.856219665230053 2.754307270050049 5.104921340942383
5.629589557647705 6.778176874539739 1.917659044265747 1.9963140487670898
4.1980485916137695 7.189062228726357 2.3710098266601562 3.2993979454040527
3.2608566284179688 6.517364194193533 2.834123134613037 4.886016368865967
2.3981072902679443 3.4492767756822786 3.0715138912200928 5.964225769042969
6.599935531616211 8.279485169294308 2.1270651817321777 2.2219045162200928
5.51279354095459 9.080761840822788 2.6996490955352783 3.8778140544891357
3.949310779571533 7.380866594394661 3.277555227279663 5.914242267608643
3.3919289112091064 3.828680929482516 3.5615487098693848 7.27844762802124
6.173712253570557 7.332904541270182 2.230336904525757 2.339233160018921
4.320801734924316 6.652120388670028 2.754728078842163 3.878403425216675
1.7760742902755737 3.3936329324208145 3.2491018772125244 5.711312294006348
1.7657182216644287 3.3206740239634085 3.4781038761138916 6.917342185974121
6.9750494956970215 8.363025904749065 2.437396764755249 2.566627264022827
3.245922565460205 5.413889832650227 3.116654396057129 4.55999231338501
2.473400831222534 3.8613083491241227 3.752981662750244 6.955681800842285
3.2503628730773926 5.573362900014748 4.038039684295654 8.512639045715332
8.156705856323242 10.131666051267985 2.7776739597320557 2.9414989948272705
5.341156482696533 7.931849075321111 3.718642473220825 5.692054748535156
3.640972137451172 5.612904037340172 4.581442832946777 8.9957275390625
4.05792236328125 6.887376532857289 4.947035312652588 11.081574440002441
6.659649848937988 8.02195358741983 2.9656596183776855 3.1423983573913574
2.935030221939087 5.684163295258713 3.555492401123047 5.1623077392578125
2.1858978271484375 3.880342569291088 4.037854194641113 7.415923595428467
1.929463505744934 3.2310357122857454 4.2260003089904785 8.836898803710938
7.812520980834961 9.428095374183663 3.228790760040283 3.4492995738983154
5.056678295135498 8.532629329431597 4.089888095855713 6.2424116134643555
3.661078691482544 7.000465232105739 4.790245056152344 9.352967262268066
3.7947638034820557 6.824043387331159 5.054614543914795 11.265082359313965
9.437542915344238 11.594927222444312 3.6975886821746826 3.987778663635254
6.527647972106934 10.409271772514657 5.027267932891846 8.111119270324707
3.9914872646331787 6.516054742976365 6.072065830230713 12.612189292907715
4.056798458099365 5.9119597669598996 6.441811561584473 15.26681900024414
4.771917819976807 5.0313278414284675 3.302111864089966 3.7666842937469482
4.627214431762695 7.3148996387990906 4.705187797546387 7.103428840637207
3.1178951263427734 6.074529224242937 4.817851543426514 9.109333992004395
2.124356269836426 3.269654388403694 4.880361080169678 10.528310775756836
7.22587251663208 7.557938436637414 3.68902587890625 4.27442741394043
4.336830139160156 6.552211221354121 5.4307942390441895 8.677628517150879
4.048748016357422 6.149712891960441 5.79527473449707 11.701974868774414
2.3508853912353516 4.367572380696572 5.943674564361572 13.691709518432617
7.859279155731201 8.808831518263105 4.385218143463135 5.168427467346191
5.983341693878174 6.770152148759848 6.719598770141602 11.381608963012695
4.832700729370117 7.732751958370329 7.493783950805664 16.085996627807617
3.7209091186523438 5.402493645668073 7.753844261169434 18.932817459106445
4.595241546630859 5.709977373320541 2.014225721359253 2.101923704147339
3.991312265396118 7.03993941471208 2.5024709701538086 3.423612356185913
2.378495931625366 4.156413663266449 2.923654079437256 4.820840835571289
3.1334640979766846 6.232236574769786 3.131391763687134 5.750579357147217
5.24406099319458 6.553452892024698 2.156670331954956 2.259341239929199
4.818543434143066 8.222033787194846 2.7508797645568848 3.8688299655914307
3.4732666015625 7.124479131491375 3.2661075592041016 5.6083526611328125
3.5279288291931152 6.273805430504922 3.5180959701538086 6.768850326538086
6.382495403289795 8.295399644744748 2.3662896156311035 2.490941047668457
5.407821178436279 8.892521841879557 3.1126644611358643 4.512104511260986
4.73668909072876 9.082557672644526 3.761863946914673 6.737766742706299
2.842034101486206 5.717012355365114 4.075289726257324 8.221433639526367
5.775447368621826 7.125856616437034 2.5962369441986084 2.734916925430298
4.2709760665893555 7.336163748822628 3.3346214294433594 4.736922264099121
3.227351427078247 5.810339900788108 3.903590679168701 6.811440467834473
2.403977394104004 3.929533745080846 4.1440749168396 8.142642974853516
6.576255798339844 8.20941179471941 2.806811809539795 2.972498893737793
5.081696510314941 9.136335552716375 3.7692599296569824 5.554153919219971
3.587989091873169 5.910674117716553 4.513294219970703 8.273835182189941
3.843275308609009 7.085726898142582 4.8274431228637695 10.01365852355957
8.010871887207031 10.214329083470616 3.135679244995117 3.3434736728668213
6.69884729385376 10.600679934201992 4.427988052368164 6.791979789733887
4.098291397094727 8.356954998092078 5.424193859100342 10.452367782592773
4.083817958831787 7.134762282095207 5.8405938148498535 12.765498161315918
6.260449409484863 7.616767568987797 3.206333875656128 3.395454168319702
3.543532133102417 5.110467014116949 4.28241491317749 6.317201614379883
3.447298288345337 5.671561735338628 4.960264205932617 9.040353775024414
2.3153328895568848 4.371361780515144 5.193527698516846 10.692484855651855
7.504404544830322 9.210807732123836 3.4948174953460693 3.746128797531128
4.595517635345459 8.628619658872594 4.942843914031982 7.629643440246582
3.8979437351226807 6.189612060446577 5.879166603088379 11.292139053344727
2.604649782180786 5.598934750503972 6.205282688140869 13.514124870300293
9.389388084411621 11.637683936296753 3.9736521244049072 4.320074558258057
5.320639610290527 7.583406324161075 5.988260746002197 9.684652328491211
4.875025272369385 8.605707417406734 7.286129951477051 14.73046588897705
4.072530269622803 7.458295025501002 7.7350640296936035 17.72098731994629
4.676210880279541 5.3086954582997805 3.7156529426574707 4.237673282623291
4.271821975708008 7.727730722470369 5.1565446853637695 7.995551586151123
2.907341718673706 4.7953121037537585 5.901790142059326 11.082902908325195
2.3798091411590576 4.387090902634554 6.085847854614258 12.882918357849121
6.214694023132324 7.19857354776542 4.1384501457214355 4.792031288146973
5.013595104217529 7.841126058415455 6.054289817810059 9.808409690856934
4.798739910125732 7.020977457387971 7.093043327331543 14.042743682861328
3.969660758972168 7.16430542812941 7.381721496582031 16.519739151000977
7.22719669342041 8.361902203286604 4.83970308303833 5.702036380767822
6.122116565704346 9.04534983647892 7.496312618255615 12.736662864685059
5.251051902770996 7.950515239125426 8.95289134979248 18.626781463623047
4.425626277923584 6.607935610429166 9.365180015563965 21.977537155151367
4.504500389099121 5.23766781522869 1.7403744459152222 1.8116564750671387
4.147449970245361 6.885286735301014 2.093252420425415 2.832871437072754
2.5203359127044678 5.117558039805557 2.4278318881988525 3.952423334121704
2.16729474067688 4.443279381314824 2.616337537765503 4.701807022094727
5.329272270202637 6.454570209575806 1.854722261428833 1.9340548515319824
4.8895087242126465 8.272963204635543 2.2697951793670654 3.132195234298706
3.8206467628479004 7.217057585691045 2.6683292388916016 4.49320125579834
2.841918706893921 4.462724358073686 2.8905866146087646 5.4137492179870605
6.3554582595825195 7.989670706157227 2.036285638809204 2.1286258697509766
6.01710844039917 9.580122057139533 2.54232120513916 3.600081443786621
4.280829429626465 7.413238903404236 3.028870105743408 5.315934181213379
3.2744319438934326 6.375272960829506 3.292844533920288 6.476494789123535
5.446044445037842 6.3967444824615995 2.1911532878875732 2.2946438789367676
3.864100456237793 6.1117622428841685 2.6506121158599854 3.6943044662475586
2.920942544937134 5.135000410685478 3.041358232498169 5.200291156768799
2.5597610473632812 4.465139199386385 3.2365546226501465 6.175264835357666
6.483848571777344 7.816930531031176 2.3692188262939453 2.487658739089966
5.3944878578186035 8.627654239271067 2.9527997970581055 4.237387657165527
3.26306414604187 5.070912915838335 3.459101438522339 6.191089153289795
3.2068257331848145 6.041654174932244 3.706854820251465 7.4581074714660645
7.711056232452393 9.656886183239067 2.6908979415893555 2.835658550262451
6.088366985321045 9.184574419698436 3.4636385440826416 5.162085056304932
4.596453666687012 8.395537142902356 4.126534938812256 7.791563034057617
3.9594035148620605 7.095064578344363 4.434759616851807 9.469685554504395
5.874365329742432 6.921951627870158 2.8484363555908203 2.9975411891937256
4.249568939208984 7.067902092719464 3.3478753566741943 4.803370952606201
3.4697465896606445 5.690184883527081 3.7078771591186523 6.5871405601501465
1.107495903968811 2.3199376697745033 3.8590493202209473 7.693637371063232
7.267133712768555 8.666534428713248 3.0842859745025635 3.2685985565185547
5.204311847686768 8.865256884023127 3.7872347831726074 5.640289306640625
3.9614758491516113 7.568670140460654 4.322281360626221 8.094364166259766
3.6560730934143066 6.39580275371776 4.540944576263428 9.604537963867188
8.809178352355957 10.747978661688904 3.5843007564544678 3.825704336166382
5.324901103973389 7.507994138198458 4.597787380218506 7.172703742980957
5.177798271179199 9.171089796910955 5.350897312164307 10.628785133361816
3.5941028594970703 5.688148485455734 5.634134769439697 12.684287071228027
4.6126708984375 5.421921104115549 2.9979336261749268 3.3281514644622803
4.326164722442627 7.220952731475414 4.164364337921143 6.208803176879883
2.849174976348877 5.4550239713112205 4.327719688415527 7.900514602661133
2.86775279045105 4.9210278349987675 4.386001110076904 8.996713638305664
7.012607574462891 8.110613439233497 3.321133613586426 3.7330660820007324
5.768243789672852 9.15508498584623 4.7145915031433105 7.342892169952393
4.783998012542725 7.554628148918226 5.111317157745361 9.866029739379883
2.7040205001831055 4.748862099668813 5.249844551086426 11.448419570922852
8.729548454284668 9.434632841811435 3.9471302032470703 4.4911298751831055
6.344186782836914 9.966804863312598 5.796630382537842 9.479008674621582
4.7914299964904785 7.764926396483247 6.464292526245117 13.2413911819458
4.90553617477417 7.171993860064504 6.662100791931152 15.4476900100708
4.990429401397705 5.626969701571397 1.955125331878662 2.008953094482422
4.2554612159729 6.252214561644507 2.3198986053466797 3.054384469985962
3.1967391967773438 4.464059299626266 2.6914517879486084 4.348036289215088
2.1817688941955566 4.179066855660195 2.8798482418060303 5.239285469055176
5.523960113525391 6.5139073365492095 2.093214273452759 2.1586050987243652
4.485955715179443 7.359529948498732 2.540943145751953 3.4329166412353516
2.990098476409912 6.024092950454815 3.0004024505615234 5.048717021942139
2.435007333755493 4.66179888542824 3.229154109954834 6.164210319519043
6.423829555511475 7.823294916136872 2.2951419353485107 2.376687526702881
5.344055652618408 8.424626852100545 2.8729300498962402 4.003269672393799
3.8660659790039062 5.145933869711143 3.467820882797241 6.113824844360352
3.229703903198242 5.9410551740513995 3.754089117050171 7.561282157897949
6.181593418121338 7.021613873488093 2.586378574371338 2.653672695159912
4.253192901611328 7.1722799299435565 3.119239330291748 4.248427867889404
3.150752067565918 5.57102780431593 3.582646369934082 6.147057056427002
2.678893804550171 4.562273612274112 3.767944574356079 7.382490158081055
7.015109062194824 8.175140043361665 2.791863203048706 2.883145570755005
4.981612682342529 6.938060965675959 3.506906509399414 4.966184139251709
3.8870468139648438 5.718255932704096 4.135707378387451 7.4936909675598145
3.347583055496216 6.020510689483785 4.3855719566345215 9.122478485107422
8.291871070861816 9.999706866212108 3.1046414375305176 3.233114004135132
4.731024742126465 7.481450470828349 4.1172003746032715 6.111248970031738
3.5963032245635986 7.221534101647535 5.013474941253662 9.638849258422852
3.7326951026916504 6.295725758662684 5.358360290527344 11.861797332763672
6.671732425689697 7.5763877463280025 3.416522979736328 3.5417513847351074
4.467930793762207 6.881354292944035 4.175342559814453 5.9152302742004395
2.772099256515503 4.395859971157279 4.628256797790527 8.326210021972656
2.2354495525360107 3.032522783510558 4.730917930603027 9.770272254943848
7.857377529144287 9.13252494594354 3.695674180984497 3.863563060760498
3.795625686645508 5.554940658749132 4.783571243286133 7.1051764488220215
4.2943243980407715 7.047452752283732 5.468943119049072 10.46021556854248
3.581451416015625 5.85822015576764 5.647287368774414 12.435574531555176
9.525282859802246 11.359188516709764 4.139717102050781 4.379345417022705
6.076720237731934 9.031306905359315 5.770240783691406 9.071045875549316
4.888911724090576 8.153740236301005 6.842719554901123 13.938403129577637
4.154771327972412 7.1410775349687015 7.1321330070495605 16.714366912841797
5.0002617835998535 5.389538722145588 3.932276964187622 4.360037326812744
4.209105491638184 6.434874361192669 5.368786811828613 8.102377891540527
2.871450901031494 4.969999725770094 5.657140254974365 10.547640800476074
1.8868871927261353 3.256945670197119 5.598547458648682 11.94917106628418
5.778094291687012 6.183617360551523 4.365957260131836 4.899755001068115
4.474893569946289 5.935218080707557 6.240470886230469 9.883499145507812
2.7359189987182617 5.108971302576947 6.7733235359191895 13.439290046691895
3.175684928894043 5.687818827536972 6.7809648513793945 15.427056312561035
7.762025356292725 8.455463244828252 5.055014133453369 5.779316425323486
5.415472030639648 7.692633177600385 7.6606574058532715 12.827908515930176
4.641254901885986 7.474588692431325 8.617308616638184 18.160463333129883
4.396181583404541 7.56679737237652 8.719680786132812 21.03143310546875
4.704648017883301 5.529707743731137 1.8131113052368164 1.8878430128097534
3.63688325881958 5.1793451611169985 2.1560113430023193 2.957627773284912
2.3656628131866455 4.300655801287917 2.4682252407073975 4.170478343963623
2.390887975692749 5.17888781050101 2.6387102603912354 4.988490104675293
5.603536128997803 6.673374555455666 1.9500772953033447 2.0329275131225586
4.676685810089111 7.995990903684884 2.363351821899414 3.305499792098999
4.0490827560424805 6.917158994323387 2.7362165451049805 4.769990921020508
3.1283202171325684 5.098251464174609 2.9319450855255127 5.760672092437744
6.811796188354492 8.455374690042618 2.1686246395111084 2.266420364379883
5.760268211364746 9.186513542657394 2.687856674194336 3.848825693130493
4.315121650695801 8.150590976414833 3.1457977294921875 5.676955223083496
3.571782112121582 6.148722543360854 3.3723695278167725 6.897884845733643
5.637050628662109 6.618942204812356 2.2694246768951416 2.387500047683716
5.078474044799805 7.809898048195009 2.709359884262085 3.8708183765411377
3.5474019050598145 6.442209035197621 3.0646777153015137 5.5142741203308105
2.6205496788024902 4.122185302841249 3.248455762863159 6.593218803405762
6.712423324584961 7.971161665853693 2.4831924438476562 2.6179189682006836
5.158618927001953 8.233970804559803 3.0643274784088135 4.501104831695557
3.9569153785705566 7.473470778054207 3.5283257961273193 6.610201835632324
3.444221258163452 5.737342692458584 3.7500619888305664 7.983010292053223
8.233160972595215 10.151942674826685 2.8654062747955322 3.033104181289673
6.45265531539917 10.197217222039313 3.673483371734619 5.5808634757995605
4.83121395111084 8.529932071500752 4.291148662567139 8.400195121765137
4.093446731567383 5.486306893468246 4.55366849899292 10.169401168823242
6.169784069061279 7.245192473995212 2.912545680999756 3.0613813400268555
4.249792575836182 6.073549770212246 3.3735268115997314 4.995969772338867
2.9642388820648193 4.967133765111157 3.6762192249298096 6.952499866485596
2.1641368865966797 4.017357067498324 3.836860418319702 8.205790519714355
7.611373424530029 8.956174356414635 3.204092502593994 3.400791883468628
4.676441669464111 5.825345742429533 3.899427890777588 5.9907989501953125
3.532442808151245 5.721929360697629 4.358813762664795 8.625526428222656
3.29306960105896 5.551175096567918 4.5647783279418945 10.281087875366211
9.354114532470703 11.353150000482856 3.785029172897339 4.0644049644470215
5.8769941329956055 8.600283519370691 4.874688625335693 7.8032002449035645
4.737017631530762 7.977670111184823 5.545320510864258 11.502779006958008
4.6967854499816895 6.040167723113626 5.7848801612854 13.684527397155762
4.946436882019043 5.392177489365878 3.124194383621216 3.580928087234497
4.670843601226807 7.202589187159238 4.187023162841797 6.372172832489014
3.345433473587036 6.017495410140924 4.215207099914551 8.255878448486328
2.5305395126342773 4.816869740452006 4.31520938873291 9.549620628356934
6.345757961273193 7.13324916440672 3.509629964828491 4.0622334480285645
6.214025497436523 9.845246683669558 4.890303134918213 7.804821014404297
4.140101432800293 6.7896893540838335 5.093735218048096 10.464049339294434
3.333348035812378 6.371157952269641 5.239230632781982 12.225959777832031
8.382081985473633 9.343040150771401 4.264153957366943 5.002618789672852
5.389220237731934 6.907696111310884 6.246490478515625 10.456679344177246
5.692134857177734 8.987067167275882 6.675045967102051 14.36541748046875
3.3458831310272217 4.069470682438565 6.831089496612549 16.71125602722168
4.7155351638793945 5.66789255734767 1.9347156286239624 2.001678466796875
3.2507247924804688 5.40491665227357 2.294795513153076 3.1844656467437744
2.880232095718384 5.838106506071199 2.6438839435577393 4.563952445983887
2.9787867069244385 5.928789715820358 2.850337266921997 5.505171298980713
5.417037010192871 6.6347047264256815 2.079751491546631 2.158942222595215
4.243739604949951 7.0504344338928515 2.5375993251800537 3.6021087169647217
3.644814968109131 5.74025435072906 2.9774842262268066 5.297382354736328
3.1989359855651855 6.44769103164095 3.2303707599639893 6.449347019195557
6.291757106781006 8.077043191510342 2.2982349395751953 2.3970940113067627
6.0106000900268555 8.847233944734693 2.9032557010650635 4.245706081390381
4.0001420974731445 7.6879554297205175 3.4774279594421387 6.435361385345459
3.486562967300415 5.769162076560917 3.7974815368652344 7.910964488983154
5.663538455963135 6.749885211392211 2.5320851802825928 2.6170146465301514
4.5289483070373535 8.160465846229139 3.0319838523864746 4.3624372482299805
2.8372507095336914 4.039097401030574 3.4306764602661133 6.30671501159668
2.8718574047088623 5.853797513975365 3.6509110927581787 7.609166622161865
6.589692115783691 8.091898004857285 2.750164270401001 2.8603854179382324
4.720822334289551 7.379791366675079 3.4469010829925537 5.1382365226745605
3.3356542587280273 5.653428888786117 4.00449275970459 7.677371025085449
3.7135329246520996 7.292786343651515 4.298958778381348 9.346471786499023
7.881376266479492 10.07290484618926 3.098952531814575 3.2524073123931885
6.577103137969971 10.824195825400352 4.11032247543335 6.399816989898682
5.518810272216797 9.866845925754774 4.912451267242432 9.890032768249512
3.9212148189544678 5.637957180329213 5.317211627960205 12.131125450134277
6.060049533843994 7.339288362835951 3.346782684326172 3.483137607574463
4.88743257522583 8.216984021395557 3.998619794845581 5.8910746574401855
3.4055395126342773 6.681566791436126 4.305805683135986 8.231220245361328
3.105358600616455 5.042076657821111 4.4664177894592285 9.778106689453125
7.217233657836914 8.944892522522537 3.643040657043457 3.829845666885376
4.80860710144043 8.613654240121832 4.622488975524902 7.133251667022705
4.331915855407715 7.460942250503493 5.1469292640686035 10.332256317138672
3.4953560829162598 6.844890361064017 5.401777744293213 12.380829811096191
8.780503273010254 11.161932179304358 4.1427693367004395 4.416152000427246
6.580949783325195 10.058280164154326 5.6640400886535645 9.214752197265625
4.546474933624268 7.474655011469167 6.521303653717041 13.792825698852539
4.184366703033447 7.75956735361239 6.914156913757324 16.614334106445312
3.780531644821167 4.130115676292149 3.7719223499298096 4.236260890960693
4.565057277679443 7.2810003031645465 5.126064300537109 7.822352886199951
3.6784260272979736 6.779524373312597 5.142248630523682 10.040230751037598
2.4677505493164062 4.052031091079911 5.167169570922852 11.623556137084961
5.833329677581787 6.6433273956610055 4.215597152709961 4.791491985321045
5.443381309509277 9.143053892998068 5.981712341308594 9.567317962646484
3.412250518798828 6.738320720707967 6.226248741149902 12.794230461120605
3.8030741214752197 6.831335057022515 6.349778175354004 14.958373069763184
7.033877849578857 7.917175261823729 4.969756126403809 5.746000289916992
6.843920707702637 10.02074407866637 7.426943302154541 12.5196533203125
3.321171522140503 5.454294202172818 8.023819923400879 17.361175537109375
5.002298831939697 8.188117568012473 8.28722858428955 20.412532806396484
5.26962947845459 6.237987853488221 1.9774507284164429 2.0368552207946777
4.60978364944458 6.83885610549396 2.3124399185180664 3.078169584274292
2.383251905441284 3.8306829880768873 2.6449880599975586 4.368687629699707
2.53182053565979 4.697000230355901 2.8212039470672607 5.270991325378418
5.950296878814697 7.253526683791833 2.154726505279541 2.2286314964294434
5.138458251953125 8.147935642832898 2.5687360763549805 3.5131044387817383
3.4531233310699463 6.83000123831431 2.9642367362976074 5.1034722328186035
2.1772429943084717 4.415223909935776 3.1647844314575195 6.201239109039307
6.777111053466797 8.590330551915287 2.4437944889068604 2.542858362197876
6.349035739898682 10.035588233332419 2.9801254272460938 4.224952220916748
4.925266265869141 8.414613593729623 3.4566049575805664 6.255543231964111
3.6966335773468018 6.47746390470261 3.6808109283447266 7.607477188110352
6.250177383422852 7.505281899070269 2.5704658031463623 2.6562211513519287
5.08343505859375 7.883329986588137 3.043893814086914 4.216202735900879
3.548595428466797 5.980894319238176 3.4495184421539307 6.072768211364746
2.87469744682312 5.528089438500923 3.6373438835144043 7.328979969024658
7.217749118804932 8.923260381901812 2.8504178524017334 2.9690542221069336
5.3115434646606445 8.801578787162498 3.4970107078552246 5.04439115524292
4.137126445770264 7.063677458213752 4.019061088562012 7.4699201583862305
3.676211357116699 7.350375846702491 4.242563247680664 9.0677490234375
8.42414665222168 10.679131334319834 3.347842216491699 3.5295283794403076
6.669241905212402 9.517631559825873 4.284134864807129 6.510290145874023
5.25327730178833 8.717240555597487 4.9529595375061035 9.782898902893066
4.28305721282959 6.679754294744427 5.201292037963867 11.813780784606934
6.722902774810791 8.177281753483541 3.4172487258911133 3.5386388301849365
4.98750114440918 8.178613944810422 3.9738829135894775 5.684518814086914
3.6549341678619385 6.739910358232464 4.338170528411865 8.003771781921387
2.636578321456909 4.935772798418228 4.481333255767822 9.518229484558105
7.962562084197998 9.943087254749571 3.7986104488372803 3.983006000518799
5.79797887802124 9.817846124057269 4.660214900970459 7.01414680480957
4.195619106292725 8.03579420048068 5.1954450607299805 10.176918029785156
3.336110830307007 5.922059808023008 5.378661155700684 12.161393165588379
9.633268356323242 12.181768461508995 4.533376693725586 4.847615718841553
6.409062385559082 10.047506023824326 5.920211315155029 9.480371475219727
5.677441596984863 8.847878623443263 6.658187389373779 13.879644393920898
4.003152847290039 6.9945165002746705 6.847556114196777 16.42247772216797
4.1664628982543945 5.166160422533721 3.6845195293426514 4.092711448669434
5.392550468444824 9.07418290959535 5.084560871124268 7.524175643920898
2.423024892807007 3.202509382820587 5.176999568939209 9.83869457244873
2.3595380783081055 3.7943670159352223 5.2112507820129395 11.427045822143555
6.408360958099365 7.481084708293906 4.215216159820557 4.758993148803711
5.8087005615234375 9.220399518136347 6.009779930114746 9.393877983093262
3.496091365814209 6.922761674775558 6.297553539276123 12.718673706054688
2.3457701206207275 4.7016076816959185 6.367687225341797 14.85274600982666
7.137546539306641 7.5859349083500405 5.2166619300842285 6.031563758850098
6.436995506286621 9.556072900940144 7.745152950286865 12.873031616210938
4.179792404174805 7.262051073778032 8.248127937316895 17.679019927978516
4.595747947692871 8.308507039375765 8.292455673217773 20.40842056274414
4.974789619445801 6.429920334613698 2.072855234146118 2.1480464935302734
3.985084295272827 6.605336316257436 2.51969838142395 3.4821691513061523
2.825652837753296 5.414842096999564 2.963675022125244 5.09681510925293
2.0922489166259766 4.689384666824125 3.1897239685058594 6.141811847686768
5.743591785430908 7.4871981588730705 2.234837293624878 2.327303409576416
3.6737310886383057 7.039104667849479 2.785454750061035 3.9800024032592773
3.205244302749634 5.520010710212443 3.330122232437134 6.029599189758301
2.851285219192505 5.512026318073254 3.6037583351135254 7.3597636222839355
6.808051586151123 9.04764858520861 2.481189250946045 2.599992275238037
5.947129249572754 9.835716955489263 3.1939609050750732 4.7651448249816895
3.953634262084961 6.636069656494833 3.8802106380462646 7.457310676574707
3.4609901905059814 5.6597511155876035 4.2126336097717285 9.176393508911133
6.226980686187744 7.972134412357299 2.6949899196624756 2.8083581924438477
3.8646116256713867 6.892671088701036 3.371884346008301 4.887392044067383
2.885554075241089 5.9531806903405595 3.9626474380493164 7.286220550537109
2.4949517250061035 4.31368553981622 4.2215728759765625 8.75933837890625
7.243785381317139 9.39134569943144 2.9388365745544434 3.0882952213287354
5.4003095626831055 8.73910823328683 3.8340017795562744 5.82558012008667
4.0935540199279785 6.87886445993275 4.606759071350098 9.027310371398926
2.884636878967285 5.07557162057209 4.941219329833984 10.984563827514648
8.65578556060791 11.346141934726802 3.340134859085083 3.554704427719116
5.719472885131836 9.817959786643257 4.595527172088623 7.425583362579346
4.330769062042236 7.5240921969547685 5.628376007080078 11.831811904907227
4.103823661804199 6.721612566122985 6.04995059967041 14.425676345825195
6.547346591949463 8.352223888599838 3.477698802947998 3.656864643096924
4.439647674560547 7.729827372361797 4.396200180053711 6.649907112121582
3.1400208473205566 5.232358699141459 5.0433430671691895 9.724750518798828
1.879163384437561 3.6153216896988356 5.278313159942627 11.504194259643555
7.932568073272705 10.155943175568154 3.8170783519744873 4.077189922332764
5.162922382354736 7.340380041619056 5.098542213439941 8.17098617553711
4.1628851890563965 7.323083444215115 6.001620769500732 12.401666641235352
3.1311655044555664 4.708607233168077 6.330697536468506 14.82642650604248
9.696159362792969 12.53263259464984 4.414510726928711 4.813677787780762
6.010349750518799 9.066454631444799 6.299666404724121 10.826472282409668
4.723888874053955 8.262374338288843 7.566110134124756 16.789175033569336
3.424077033996582 4.506120271254417 7.9935808181762695 20.03211212158203
4.617337703704834 5.5141266408863885 3.94984769821167 4.428177356719971
4.226172924041748 7.557319444414503 5.48577356338501 8.633440017700195
2.5470333099365234 3.9693737480452 6.015486240386963 11.946823120117188
2.3570258617401123 3.776110559298502 6.1731977462768555 13.845599174499512
6.099831581115723 7.447261919135599 4.483921051025391 5.144988536834717
4.463428974151611 6.922450125800026 6.424472808837891 10.764730453491211
3.6291797161102295 7.1758063562392636 7.256192207336426 15.471094131469727
3.192244052886963 4.49721770240086 7.513124465942383 18.099477767944336
6.660976886749268 7.9247973558729825 5.417673587799072 6.396140098571777
4.600306034088135 7.579482269629807 8.053361892700195 14.465873718261719
4.899993419647217 8.309402191934282 9.300602912902832 21.220184326171875
5.056509017944336 7.806465244968194 9.648778915405273 24.753408432006836
4.645420074462891 5.799954062438464 1.716091513633728 1.7662885189056396
4.234327793121338 7.841267747885922 2.050889253616333 2.709430694580078
2.716991424560547 5.3527582021745275 2.431546449661255 3.958561658859253
3.081533432006836 5.67492188016729 2.6640217304229736 4.881190776824951
5.258235454559326 6.603178726515864 1.8397289514541626 1.8999638557434082
2.99875545501709 4.432049137194824 2.237677574157715 3.0330286026000977
4.068592071533203 6.972292311679887 2.6927285194396973 4.5424699783325195
3.5809199810028076 6.608292896162595 2.9678292274475098 5.650360107421875
6.21337890625 7.950366387241161 2.02882981300354 2.104187250137329
5.169044017791748 8.30291604774272 2.5253746509552 3.5334880352020264
3.888457775115967 7.176898778587827 3.090379238128662 5.440959453582764
3.0538203716278076 5.338747316051922 3.4252662658691406 6.823367118835449
5.864199161529541 7.2314636818339295 2.04211688041687 2.103679895401001
3.7167420387268066 6.548248221085032 2.5205318927764893 3.4474406242370605
4.076679229736328 7.560709806540785 3.0456929206848145 5.245575428009033
1.8109970092773438 2.6210697105936913 3.3438496589660645 6.547917366027832
6.658047199249268 8.272081352935942 2.228645086288452 2.309774875640869
4.6528825759887695 8.218415543530865 2.826237916946411 4.010130405426025
3.949253797531128 7.333581627289405 3.4864675998687744 6.295516490936279
3.558936595916748 6.073317231003777 3.857513904571533 7.930746078491211
7.894158363342285 10.006697791007078 2.5320303440093994 2.6436469554901123
4.619542598724365 9.007969268246597 3.329650402069092 4.940515518188477
4.6396613121032715 8.544900231705014 4.20003080368042 8.008709907531738
4.455759048461914 7.49159313408461 4.676183223724365 10.153751373291016
6.38229513168335 7.84498578497255 2.488032579421997 2.525357484817505
5.098908424377441 7.908532664566508 3.0917093753814697 4.317935466766357
3.9027719497680664 6.053087965240138 3.7193148136138916 6.6666059494018555
2.0097105503082275 3.5216095413566118 4.047030448913574 8.30282211303711
7.606828212738037 9.478836244240338 2.7280642986297607 2.8039774894714355
5.857666492462158 9.313019194694778 3.526460647583008 5.168445587158203
3.5750341415405273 6.216164208746932 4.358540058135986 8.2601957321167
4.085158348083496 6.036694151724049 4.787105083465576 10.369470596313477
9.257695198059082 11.838678739999523 3.145660877227783 3.2781245708465576
6.262109756469727 11.491018436095976 4.282151699066162 6.641538143157959
5.172471523284912 6.314605268013679 5.436284065246582 10.946287155151367
4.2056884765625 7.1263862747671 6.008391380310059 13.781110763549805
4.734506607055664 5.479881842561781 2.7087833881378174 3.115417957305908
4.804165840148926 8.372932560784506 3.9957122802734375 5.636772155761719
3.833616018295288 7.573142838282493 4.394622802734375 8.07337474822998
1.6941558122634888 3.2436260578075036 4.673923015594482 9.866100311279297
5.620145320892334 6.274813023655952 3.033144950866699 3.532271146774292
5.164803504943848 7.547806552251842 4.5920634269714355 6.899456977844238
4.550009250640869 7.814240665602938 5.215826988220215 10.184040069580078
3.271491289138794 6.310755416041047 5.611948490142822 12.539999961853027
7.007726192474365 7.2269471093862165 3.6013576984405518 4.25929069519043
6.973309516906738 11.095097512820992 5.605769157409668 8.992390632629395
5.339052677154541 9.172393091978094 6.624842643737793 13.776966094970703
3.674922227859497 5.650934631888191 7.1850433349609375 16.984970092773438
5.4227752685546875 6.224681065925822 2.0489203929901123 2.1158177852630615
4.473773002624512 6.421738591628582 2.459723472595215 3.2638397216796875
3.885007619857788 6.997109643316122 2.864805221557617 4.662842273712158
2.286414384841919 4.473664380421496 3.074878454208374 5.622410774230957
5.975497245788574 7.04767203827822 2.2042202949523926 2.284322738647461
4.173710823059082 6.465201595897042 2.7127127647399902 3.7063045501708984
3.908590078353882 6.407555726120961 3.2139267921447754 5.465190410614014
2.617119789123535 4.652806817077646 3.470348596572876 6.666873455047607
6.872011184692383 8.25849863571436 2.447925090789795 2.5491490364074707
5.553843021392822 9.119057610184882 3.099454879760742 4.386209011077881
3.2996323108673096 5.419303519708379 3.7352278232574463 6.676156997680664
3.2997262477874756 6.4821000968309335 4.051254749298096 8.229782104492188
6.531173229217529 7.4850851812018675 2.6706528663635254 2.782160520553589
5.234020233154297 7.626624289990602 3.329846143722534 4.626657009124756
3.116027355194092 4.196867165887113 3.899536371231079 6.757859230041504
2.4479453563690186 3.8883808809896436 4.151514530181885 8.14157485961914
7.275252819061279 8.418192090713337 2.917691230773926 3.057035207748413
4.217544078826904 6.09745467758836 3.795884609222412 5.496974945068359
4.371761322021484 7.490034578778591 4.544235706329346 8.320314407348633
2.755272626876831 4.61566511495721 4.872198581695557 10.143794059753418
8.478483200073242 9.928665012489716 3.3417670726776123 3.529918909072876
6.167880535125732 9.186097141479877 4.554080009460449 6.92246675491333
3.445709466934204 6.464503170060214 5.551318645477295 10.783415794372559
3.426577568054199 5.034793515895742 5.9706196784973145 13.231931686401367
6.86484432220459 7.875433776808677 3.223167896270752 3.4149606227874756
4.670348644256592 6.788416448402941 4.307042121887207 6.3204803466796875
2.770129680633545 4.512651153922889 5.020532608032227 9.165238380432129
2.18459153175354 3.582164695385046 5.286014080047607 10.901636123657227
7.8266377449035645 9.165453118194417 3.583467960357666 3.8495049476623535
3.868058204650879 5.4882201413910146 5.0346150398254395 7.769680976867676
3.937819719314575 6.040430440647157 5.999924182891846 11.632652282714844
3.617231845855713 4.654033804659889 6.3598175048828125 13.978236198425293
9.278058052062988 11.094501991499996 4.2418084144592285 4.636453628540039
6.1005706787109375 8.655321076439463 6.292172431945801 10.264092445373535
3.6126677989959717 6.54924523685122 7.586736679077148 15.619057655334473
3.6270101070404053 5.748710616712685 8.038084983825684 18.771595001220703
5.093182563781738 5.623624502090905 3.9009196758270264 3.3593578338623047
4.328899383544922 6.52613160303008 5.115588665008545 7.901258945465088
3.542661666870117 6.508910640931196 5.975518703460693 11.31462574005127
2.5108330249786377 3.4825637978187842 6.2331695556640625 13.265816688537598
6.434703826904297 7.002713281373133 3.056774139404297 4.80620002746582
4.396933078765869 5.684281320230141 6.094067573547363 9.933528900146484
3.721120595932007 5.60228950440964 7.2440314292907715 14.571428298950195
3.3612864017486572 6.31971852360288 7.602081298828125 17.239870071411133
7.394439697265625 8.361811544035959 3.8211827278137207 5.790651321411133
6.75685977935791 8.793094330158436 7.845974922180176 13.576499938964844
4.690494537353516 7.648754750693797 9.358227729797363 19.93280792236328
4.576183319091797 6.544364957489137 9.780841827392578 23.454965591430664
5.301560401916504 6.182124072914374 1.9316622018814087 2.0186946392059326
4.747413635253906 6.836009615206194 2.3652026653289795 3.1738977432250977
2.6295666694641113 3.9319628805785474 2.8029592037200928 4.500682353973389
2.490183115005493 4.82171161159637 3.05536150932312 5.456466197967529
5.73450231552124 6.903090086916393 2.0618953704833984 2.160266876220703
4.027850151062012 7.272384239757457 2.5738091468811035 3.5352842807769775
3.564115524291992 6.484595285753585 3.0969579219818115 5.171888828277588
2.042976140975952 4.2292162890867075 3.396535634994507 6.358133316040039
6.424457550048828 8.240031447701398 2.2620184421539307 2.3758740425109863
4.380949974060059 8.246953484981425 2.888033151626587 4.072774410247803
3.3313350677490234 7.168913305686601 3.534991502761841 6.164249897003174
3.1403403282165527 4.9097538067578625 3.9010443687438965 7.682230472564697
6.41179084777832 7.44481426376359 2.488476037979126 2.6245336532592773
4.956630706787109 7.496699607180425 3.0985867977142334 4.279542446136475
3.7693674564361572 6.141238843450253 3.6812427043914795 6.202624797821045
2.5233564376831055 4.343963359076724 3.98813533782959 7.567652702331543
7.02832555770874 8.428963134201695 2.6855223178863525 2.840177297592163
4.972527027130127 7.743276544281798 3.458383560180664 4.943758487701416
3.742814064025879 6.161966199068573 4.201533317565918 7.467452049255371
1.7969508171081543 2.8974790362142357 4.586117744445801 9.24869155883789
7.960515975952148 10.007655534371224 3.0089855194091797 3.194310188293457
5.875196933746338 7.942874709542593 4.030277252197266 5.995113849639893
5.607223987579346 8.457493391935204 5.012141227722168 9.4430570602417
4.142782211303711 6.695699318018768 5.5071868896484375 11.83238410949707
6.700550556182861 7.79560374208711 3.1082394123077393 3.2503530979156494
5.017769813537598 7.733575351363243 3.9447975158691406 5.614956378936768
2.5160200595855713 4.284390363968578 4.6313371658325195 8.13984203338623
2.6840410232543945 3.88132843928925 4.947553634643555 9.833734512329102
7.704916954040527 9.220111841598907 3.385693311691284 3.5800416469573975
3.966935396194458 6.903090462170184 4.503110408782959 6.736788749694824
3.3251330852508545 5.606560897685354 5.42172908782959 10.147359848022461
3.5697741508483887 4.913813252354316 5.833576679229736 12.419334411621094
9.07223129272461 11.1980178272932 3.8637900352478027 4.137291431427002
6.3969950675964355 9.074641782969536 5.421999454498291 8.560845375061035
4.655122756958008 7.518704600801129 6.685583114624023 13.357794761657715
3.7427966594696045 6.029707517941233 7.231752872467041 16.479440689086914
5.023942470550537 5.787299445401345 3.430704355239868 3.8595058917999268
3.499594211578369 5.723206167966509 4.722612380981445 6.797674655914307
4.00993013381958 5.120436807507872 5.458526611328125 9.884939193725586
1.8459855318069458 3.001468496981582 5.755283832550049 11.794550895690918
5.373772144317627 5.994772953248685 3.81573748588562 4.353069305419922
4.948107719421387 8.30756585684128 5.473269939422607 8.407382011413574
3.7967400550842285 5.702572416118301 6.501192092895508 12.620611190795898
2.9979605674743652 5.534498400417007 6.896601676940918 15.177871704101562
6.519027233123779 8.013043296936653 4.4316887855529785 5.113622188568115
5.309945106506348 8.70237306395461 6.7459797859191895 11.236689567565918
5.258433818817139 8.842257157977272 8.185728073120117 16.982450485229492
4.518619060516357 6.17566633547276 8.717514991760254 20.509307861328125
4.847681999206543 5.775712861543795 2.1159801483154297 2.183785915374756
4.314358234405518 7.40605419448184 2.5081236362457275 3.311277151107788
3.00740647315979 5.474535542723277 2.893371343612671 4.656400203704834
2.313913106918335 5.058791436295351 3.1030466556549072 5.556909561157227
5.528357982635498 6.991952013134551 2.2704479694366455 2.3487634658813477
3.6353373527526855 5.727675111304611 2.762726306915283 3.7457211017608643
3.9479544162750244 6.40730374771897 3.2447547912597656 5.447236061096191
3.2470431327819824 6.6185244659402045 3.5008463859558105 6.585193157196045
6.541757106781006 8.546671753615033 2.497760534286499 2.593660831451416
5.652593612670898 9.698291525553941 3.1405344009399414 4.3953142166137695
3.6782615184783936 5.406218014438181 3.765134572982788 6.621916770935059
4.126433372497559 6.861413527695049 4.085451602935791 8.099258422851562
5.949361801147461 7.173388953714181 2.7974765300750732 2.9133245944976807
4.988989353179932 7.835015003327834 3.4467151165008545 4.75963020324707
3.3353304862976074 5.90003548401603 3.9719173908233643 6.8101091384887695
2.89768648147583 4.799251619240424 4.200484752655029 8.081713676452637
6.89978551864624 8.688486914895954 3.0345256328582764 3.173757553100586
4.245143890380859 6.298296160575433 3.9103124141693115 5.619828701019287
3.5340213775634766 6.66231994335608 4.616379737854004 8.35894775390625
3.1082019805908203 4.2828696586864226 4.918646812438965 10.0503568649292
8.17796516418457 10.421073841845537 3.4048547744750977 3.587064743041992
6.185623645782471 9.840648701431746 4.633969783782959 6.979878902435303
3.7115249633789062 6.776872583129081 5.6092610359191895 10.7598237991333
4.187836170196533 6.017234867851684 6.007313251495361 13.040425300598145
6.373730659484863 7.717150439894382 3.3960373401641846 3.565915107727051
4.035073280334473 6.5161967941293355 4.506246089935303 6.5232977867126465
3.007615804672241 5.553852696043123 5.165879249572754 9.305102348327637
2.7772231101989746 4.54509998922299 5.367554187774658 10.861553192138672
7.473390102386475 9.327159775255723 3.732577323913574 3.9726040363311768
5.518962383270264 7.0051331861095605 5.232141017913818 7.962707042694092
3.8920040130615234 6.756360558978599 6.1479034423828125 11.774287223815918
2.98057222366333 4.493347984696925 6.443575382232666 13.899755477905273
9.110799789428711 11.42203219968178 4.296267986297607 4.646393775939941
7.19088888168335 10.765216178999411 6.411794662475586 10.330429077148438
4.785862445831299 6.179761439183855 7.707461833953857 15.67453670501709
3.842388868331909 6.856267239109911 8.104427337646484 18.56829261779785
4.532273292541504 4.964086991406475 3.978576898574829 4.469736099243164
4.098263263702393 6.8572807154204725 5.390462875366211 8.180142402648926
3.270724296569824 4.818468023909418 6.204686164855957 11.545723915100098
3.1947031021118164 5.20520696667973 6.358913898468018 13.26188850402832
5.470625400543213 6.019483159426841 4.508605003356934 5.106315612792969
4.745400428771973 7.532920709080562 6.353818893432617 10.18072509765625
3.787482738494873 6.683426999080298 7.4775896072387695 14.823843002319336
3.3252551555633545 5.345598028652677 7.74036979675293 17.20223617553711
7.133777618408203 7.739233996470148 5.36084508895874 5.58784294128418
5.530364513397217 7.979284922804929 7.971923828125 13.562979698181152
5.315765857696533 8.164001021600797 9.542651176452637 20.049673080444336
3.2202727794647217 4.685199466160132 9.899333000183105 23.27874183654785
5.179287910461426 5.895534692068587 1.8342825174331665 1.8843587636947632
4.891607284545898 7.823606377839056 2.1577978134155273 2.793867349624634
3.49822735786438 6.03041916078746 2.510549783706665 3.9918696880340576
2.8705618381500244 5.788412555902909 2.7192182540893555 4.853564262390137
5.551296234130859 6.5845357804605555 1.9711354970932007 2.031898260116577
4.968551158905029 7.864504979050366 2.3643248081207275 3.140376329421997
4.317026138305664 7.393720896343055 2.7914419174194336 4.61855936050415
2.3424031734466553 4.573439231850557 3.03885555267334 5.68526029586792
6.33687686920166 7.703270997660866 2.174940586090088 2.249846935272217
5.109784126281738 6.659024421774461 2.677351713180542 3.6587371826171875
4.3081955909729 6.922073262659568 3.217379331588745 5.556191921234131
3.0206596851348877 4.300809462932982 3.5212793350219727 6.925063133239746
6.323479175567627 7.2231245710299845 2.3162572383880615 2.3810131549835205
4.271178722381592 5.692405156701177 2.7653491497039795 3.698726177215576
3.8918585777282715 5.6212089539140635 3.207353115081787 5.391079425811768
2.5167746543884277 4.80783480590631 3.441732406616211 6.565681457519531
6.952630996704102 8.139249665246098 2.5237488746643066 2.6124155521392822
5.487056732177734 8.096707256663649 3.1187572479248047 4.333792686462402
4.171186923980713 5.280717193097416 3.7014517784118652 6.557833671569824
3.387035608291626 5.881923292978399 4.000449180603027 8.09521198272705
8.034619331359863 9.752367935761129 2.846393585205078 2.967552661895752
5.854866027832031 9.383987539414534 3.681962490081787 5.33751106262207
4.43688440322876 5.831749081760222 4.4849772453308105 8.394702911376953
3.6023707389831543 6.459899530487776 4.880951881408691 10.479727745056152
6.832121849060059 7.79810257058843 3.0095369815826416 3.063387155532837
4.733963966369629 7.913375803443273 3.5368456840515137 4.843932151794434
3.3661086559295654 5.77834639794969 3.9771437644958496 6.964730262756348
3.05049991607666 5.197329606649965 4.180850028991699 8.36211109161377
7.9109578132629395 9.213212289186252 3.2801809310913086 3.3809242248535156
4.344086647033691 6.955688824886124 4.063005447387695 5.8523993492126465
4.45757532119751 7.809903900818426 4.71343469619751 8.777551651000977
4.003968715667725 5.767980265212941 5.002390384674072 10.677608489990234
9.376263618469238 11.289792702037325 3.7233545780181885 3.8892455101013184
6.589481353759766 9.79369308821483 4.932888507843018 7.5055460929870605
5.2155585289001465 7.957455594166724 5.913529872894287 11.704024314880371
4.780735969543457 7.351194947356362 6.328827857971191 14.358956336975098
4.721338748931885 4.900114484547032 3.184680938720703 3.5108044147491455
5.195218086242676 8.789228528315107 4.562827110290527 6.447542667388916
3.4539334774017334 6.041526119508118 4.716574192047119 8.480183601379395
3.497667074203491 5.622012506480985 4.820356845855713 9.931297302246094
6.91572380065918 7.582022195947502 3.5666120052337646 3.965498924255371
5.273778915405273 7.1439140212031305 5.265495777130127 7.870379447937012
4.270683765411377 7.112470737762237 5.675147533416748 10.914336204528809
3.777153968811035 6.100071767751746 5.872018814086914 12.944449424743652
7.50135612487793 8.482337528279572 4.201358795166016 4.750895977020264
6.2127509117126465 8.412239618610272 6.452568054199219 10.223518371582031
4.742027282714844 8.254054246329986 7.258742809295654 14.87049674987793
4.216452598571777 6.423223134794398 7.588968753814697 17.75283432006836
5.263298034667969 6.292740048955917 1.9528491497039795 2.030407667160034
3.7882466316223145 5.764056757209282 2.3989927768707275 3.281646966934204
3.2897191047668457 5.522810916874221 2.817002534866333 4.794638633728027
2.0265157222747803 3.925567666963339 3.045865297317505 5.8844895362854
5.899411678314209 7.1680431727739355 2.1131832599639893 2.2043445110321045
5.072841644287109 7.928194951557998 2.661933183670044 3.7454216480255127
2.558842658996582 5.129514521546355 3.178353786468506 5.649021148681641
3.6672213077545166 5.114169341736094 3.4519567489624023 7.009341239929199
6.874886989593506 8.704990633320818 2.3566336631774902 2.4688796997070312
6.062303066253662 9.185461702221104 3.0619349479675293 4.453805446624756
4.932337284088135 8.956089835242423 3.724059581756592 6.94360876083374
3.748234987258911 5.672332420186763 4.061983585357666 8.69249153137207
6.47304105758667 7.674890386057058 2.4309632778167725 2.5431206226348877
3.8219103813171387 6.151800073072877 3.0792853832244873 4.381763935089111
3.095198631286621 5.15065523796784 3.6372945308685303 6.578729629516602
2.032374143600464 2.898200751096738 3.9181604385375977 8.133077621459961
7.342875003814697 8.94292349847256 2.679163694381714 2.8174991607666016
5.614689350128174 8.06920804280304 3.5345120429992676 5.23525857925415
3.334125518798828 5.107875569267435 4.272073745727539 8.167462348937988
3.3984410762786865 6.437227520116445 4.623453617095947 10.176794052124023
8.758657455444336 10.899844005246479 3.0811798572540283 3.2643535137176514
5.421309471130371 9.551758183506461 4.271174430847168 6.62919282913208
4.945806503295898 7.050070670283333 5.286167144775391 10.709269523620605
3.5279431343078613 5.50234946778788 5.7402238845825195 13.3985013961792
7.021332263946533 8.35247371195328 3.084157705307007 3.2496585845947266
5.4067535400390625 8.572540488609889 3.906318187713623 5.745013236999512
2.584848403930664 4.919719908069169 4.498880386352539 8.50277042388916
2.067779302597046 3.3644971093012828 4.771938323974609 10.40145206451416
8.135435104370117 9.991367014854871 3.4135475158691406 3.6266205310821533
5.65647029876709 9.339934676928351 4.584036827087402 7.082952499389648
3.9855239391326904 5.772128276863125 5.439060688018799 10.941909790039062
3.1902997493743896 5.0839520531881135 5.800319194793701 13.448600769042969
10.071061134338379 12.620909683795588 3.986219882965088 4.282810211181641
6.50606632232666 9.889294741193854 5.735876083374023 9.365626335144043
4.130503177642822 6.164857850606158 6.999019622802734 14.94720458984375
3.8616480827331543 6.158732920751049 7.485764503479004 18.373273849487305
3.561415672302246 3.823486484139778 3.655060291290283 4.145033359527588
3.2860004901885986 5.4687023234365295 5.098919868469238 7.777414321899414
3.2756576538085938 4.74250494711319 5.294342994689941 10.29770565032959
2.6879873275756836 4.571950231139837 5.476126194000244 12.293464660644531
6.314934730529785 7.266791201355318 4.116203784942627 4.734302520751953
5.5550994873046875 7.408566781757145 6.046590805053711 9.781333923339844
3.39573073387146 4.471060266596282 6.50185489654541 13.505705833435059
3.147338390350342 4.799503204534787 6.7811737060546875 16.20307159423828
7.845110893249512 8.879274971376578 4.924429893493652 5.7739739418029785
6.8995041847229 9.720411063979952 7.62544584274292 13.053365707397461
5.361976146697998 6.582707263579778 8.551502227783203 18.810211181640625
4.027130603790283 6.706307844198193 8.96218204498291 22.566661834716797
5.085760116577148 5.844041568087505 1.7513231039047241 1.8076601028442383
4.566607475280762 8.256226923028002 2.0911829471588135 2.7849671840667725
3.184800624847412 5.955879339192649 2.4961941242218018 4.029643535614014
2.771516799926758 5.009702075258154 2.75057053565979 4.917021751403809
5.583594799041748 6.766848642511505 1.8861727714538574 1.9514226913452148
4.135586738586426 6.7667644124562685 2.2936782836914062 3.119431734085083
3.3574814796447754 6.01589018245311 2.781917095184326 4.649271011352539
3.8626296520233154 6.284325429003388 3.085376024246216 5.746854782104492
6.339920997619629 8.013760334218489 2.0978033542633057 2.176241636276245
4.918709754943848 9.033660122255469 2.6094107627868652 3.6457977294921875
4.834094047546387 9.571490122918545 3.219879627227783 5.6140360832214355
3.5353798866271973 7.109744622460674 3.589787244796753 7.022743225097656
6.117105960845947 7.071964388001902 2.0777204036712646 2.148190975189209
4.813156604766846 8.832632907981633 2.5162034034729004 3.490246057510376
3.0980255603790283 5.724347396833764 3.0815794467926025 5.278430938720703
2.7410385608673096 5.374941204427497 3.427252769470215 6.549782752990723
6.838278293609619 8.284021491084957 2.285043478012085 2.3719899654388428
5.348452568054199 9.221443398297879 2.849138021469116 4.06875467300415
4.707473278045654 8.946784835135134 3.5633277893066406 6.385130405426025
3.269752025604248 6.03600885137547 3.9930055141448975 8.03304672241211
7.794837951660156 9.78824749129717 2.6327903270721436 2.7456512451171875
5.821355819702148 9.62615697391644 3.409184217453003 5.054258346557617
4.996493816375732 9.701651155290847 4.3566484451293945 8.224793434143066
3.8832387924194336 7.0443660486747035 4.900475025177002 10.438769340515137
6.52843713760376 7.642962557683029 2.4770030975341797 2.5553383827209473
5.172364234924316 8.717346893040315 2.925534963607788 4.220736503601074
3.728353977203369 6.983059059941752 3.6406607627868652 6.538302421569824
3.642085075378418 5.547077479442237 4.069609642028809 8.158641815185547
7.562910556793213 9.210361105225903 2.750638484954834 2.8525917530059814
5.843638896942139 9.540152847556783 3.3958933353424072 5.069258689880371
4.382250785827637 7.382460227873722 4.327408790588379 8.173093795776367
3.5008389949798584 5.045457831814787 4.873340606689453 10.333535194396973
8.96323013305664 11.376033007681372 3.236492156982422 3.38250470161438
5.810394763946533 7.614323611220357 4.235474586486816 6.6060662269592285
5.900115013122559 9.245593448071787 5.519620895385742 11.017045021057129
4.565735816955566 7.061495248244 6.219213962554932 13.974390029907227
5.309048652648926 5.612198011069722 2.7217531204223633 3.0984246730804443
5.300228118896484 8.949812591361479 3.377913475036621 5.103287220001221
3.3389618396759033 5.104146428725301 4.106969356536865 7.625193119049072
3.1387155055999756 4.98198716434797 4.589443683624268 9.481650352478027
5.946155071258545 7.067224674150992 3.0729169845581055 3.5198099613189697
5.506601333618164 9.291046824931385 3.9561877250671387 6.185250282287598
4.640546798706055 6.416074558837863 4.963819980621338 9.71330738067627
3.87138032913208 5.77753028641078 5.5887627601623535 12.232333183288574
7.398822784423828 7.59045125402363 3.6943726539611816 4.272456169128418
6.3624491691589355 9.611086711102006 5.033496379852295 8.18780517578125
5.303427219390869 8.5731000108525 6.504709720611572 13.445528984069824
4.960793972015381 8.293076124125548 7.306708812713623 16.91667938232422
4.305954456329346 5.330193421993499 1.9056028127670288 1.980922818183899
4.459598541259766 7.098284072895979 2.2840774059295654 3.0339136123657227
3.1972622871398926 6.066518953841645 2.648103713989258 4.209434509277344
2.131030797958374 4.112460480432219 2.8358302116394043 4.989368915557861
5.066392421722412 6.249916830004381 2.0316522121429443 2.118112802505493
4.629733085632324 6.363297132869107 2.478292226791382 3.3636133670806885
3.231983184814453 5.055549808623368 2.9205322265625 4.816914081573486
3.191457509994507 5.063831697315777 3.1493003368377686 5.8029656410217285
6.092122554779053 7.776236285339564 2.217866897583008 2.319314956665039
5.200707912445068 8.181797256094967 2.7647664546966553 3.8501343727111816
4.028474807739258 6.317493051969905 3.3201870918273926 5.704081058502197
4.473881721496582 7.244732213856082 3.6067047119140625 6.978554725646973
5.181603908538818 6.351633574317067 2.4353864192962646 2.5406811237335205
3.506847858428955 5.403061072597261 2.983030080795288 4.063627243041992
2.677976131439209 4.875083044520601 3.4724557399749756 5.775625228881836
2.123560905456543 3.0489103146227468 3.6824088096618652 6.858464241027832
6.076870441436768 7.461931728729817 2.6170287132263184 2.7427995204925537
4.950870513916016 7.700150024344339 3.314143180847168 4.670138359069824
4.026634693145752 7.1238093579064525 3.9589924812316895 6.927722930908203
3.355273962020874 5.434119719773662 4.243409633636475 8.384353637695312
7.371984958648682 9.315914527061405 2.901646375656128 3.058971881866455
5.718396186828613 9.569954674745759 3.8250651359558105 5.606664180755615
3.783738851547241 5.735935708060794 4.6976823806762695 8.671242713928223
3.827054500579834 6.267394086782815 5.087136268615723 10.663429260253906
5.519660472869873 6.742054400882807 3.06992506980896 3.2275338172912598
3.8902413845062256 6.2360897401820035 3.826566219329834 5.365050792694092
2.599574565887451 4.0082115226757935 4.402756214141846 7.6094255447387695
1.9445726871490479 3.750639233313848 4.58772611618042 8.921223640441895
6.595795154571533 8.098959703072978 3.3071601390838623 3.5014989376068115
4.043843746185303 6.2716547251025645 4.3222270011901855 6.339267253875732
3.5184988975524902 6.0194872982377206 5.134450435638428 9.424206733703613
3.64709734916687 6.369597524657593 5.425931453704834 11.270350456237793
7.9631028175354 9.990191519241762 3.703462600708008 3.9606409072875977
4.244154930114746 6.253604891902484 5.117764472961426 7.903431415557861
4.910501003265381 6.63700888816885 6.275330066680908 12.224515914916992
4.541044235229492 6.519858925204851 6.710755825042725 14.825698852539062
4.979565143585205 5.454899965769528 3.3381619453430176 3.6794755458831787
4.258574962615967 7.130962317840982 4.635293483734131 6.7362871170043945
2.9449350833892822 4.100990149229801 5.256448268890381 9.36945915222168
2.410217523574829 3.9900804598679827 5.37961483001709 10.766406059265137
4.99495792388916 6.0466194008091065 3.6670937538146973 4.09529972076416
4.191392421722412 5.441048270919737 5.29541540145874 8.15820598602295
2.617722749710083 4.865387229401904 6.19390344619751 11.778271675109863
2.9665021896362305 4.408133204332147 6.451996326446533 13.827045440673828
7.257679462432861 8.310315390372011 4.205257415771484 4.77899694442749
4.840394973754883 7.4669158583922695 6.363398551940918 10.430728912353516
4.931825637817383 7.327394228506648 7.682783603668213 15.533937454223633
3.9990921020507812 5.824537450804655 8.117215156555176 18.468915939331055
5.553744316101074 6.442225655929171 1.85621178150177 1.925001859664917
4.902935981750488 8.375237128571094 2.262373447418213 3.034648895263672
3.3039731979370117 5.008471050236494 2.678539991378784 4.371434211730957
3.8257691860198975 6.632325437270893 2.911647081375122 5.3329267501831055
5.81198787689209 6.98417053794401 2.001267194747925 2.083416700363159
4.6237406730651855 6.836119395079555 2.483558416366577 3.4157092571258545
4.323990821838379 6.407249095899843 2.987761974334717 5.076128005981445
3.5862019062042236 7.247051921152064 3.2661399841308594 6.270853519439697
6.489111423492432 8.205092090817907 2.2281527519226074 2.328212022781372
5.699544429779053 9.428057989142786 2.8314387798309326 4.010467529296875
4.144381046295166 7.955211946847044 3.4658501148223877 6.158351898193359
3.914518117904663 6.1651244636204865 3.805338144302368 7.6874542236328125
6.637726306915283 7.717457431387857 2.3518614768981934 2.4245855808258057
5.76625919342041 9.037321811618 2.9220707416534424 4.003411769866943
3.887542963027954 6.971051863556795 3.491339921951294 5.944500923156738
3.3976712226867676 6.121091060371683 3.779829978942871 7.302338600158691
7.168855667114258 8.57994448227987 2.5725338459014893 2.675982713699341
5.6634521484375 8.992064028048844 3.2927379608154297 4.687026023864746
3.8039300441741943 6.316447932447275 4.021668910980225 7.228975772857666
4.219141960144043 7.302966763475382 4.386263370513916 8.995980262756348
8.214810371398926 10.311147600382462 2.943054437637329 3.0885379314422607
6.0359039306640625 9.009509554832277 3.920660972595215 5.837278842926025
5.452751636505127 8.737775524799968 4.892756938934326 9.322234153747559
3.6265411376953125 6.534302735076238 5.357282638549805 11.678972244262695
7.045528411865234 8.22589740212834 3.0707881450653076 3.076915740966797
4.999593257904053 6.466301436991216 3.7889511585235596 5.259586334228516
2.821699857711792 4.656118231238125 4.430349349975586 7.778453350067139
3.1524341106414795 5.585057330671475 4.713440895080566 9.445038795471191
7.981475353240967 9.500472455441923 3.3639273643493652 3.433682918548584
5.81666374206543 8.80281437620124 4.326215744018555 6.324731349945068
4.605762958526611 8.6022497204893 5.197413921356201 9.722614288330078
3.435941457748413 5.775011355806328 5.581820487976074 11.957383155822754
9.27750015258789 11.466737868001474 3.884727716445923 4.042755126953125
6.325986385345459 10.222173304280545 5.29052209854126 8.198914527893066
5.326843738555908 9.924458609771591 6.507996559143066 13.001413345336914
3.5755503177642822 6.238487180226207 7.016502380371094 16.03673553466797
4.200828552246094 4.832717807440531 3.1751904487609863 3.4069623947143555
5.090888023376465 8.52542618575444 4.797614097595215 6.962675094604492
3.4029178619384766 6.411888706355512 5.346675395965576 9.620408058166504
3.0319643020629883 5.041236118432039 5.547729969024658 11.387941360473633
6.499626636505127 7.002682959732866 3.563544988632202 3.906719923019409
5.751101970672607 9.457172810505881 5.523036003112793 8.4387788772583
4.662028789520264 7.688387556853854 6.314079284667969 12.146082878112793
4.4274468421936035 7.814431867897184 6.629237174987793 14.577669143676758
7.992614269256592 8.979214823827505 4.272940158843994 4.808149814605713
6.5496063232421875 9.967241395967108 6.829516887664795 11.054206848144531
5.862625598907471 10.24607876453399 7.9994587898254395 16.445735931396484
4.367191314697266 7.60630642152455 8.445003509521484 19.802173614501953
5.087233066558838 6.186393105027641 1.8296469449996948 1.9038188457489014
3.884354829788208 6.194180535138003 2.243752956390381 3.062805414199829
3.0442590713500977 4.866814304481522 2.6656334400177 4.460440158843994
2.515033483505249 5.452466116940329 2.9131243228912354 5.475584506988525
5.786241054534912 7.097769388838358 1.9972097873687744 2.083753824234009
4.556054592132568 7.477486120723768 2.5005269050598145 3.4772987365722656
4.272045612335205 6.99143253119334 3.012773036956787 5.196683883666992
2.825953483581543 4.589457016958363 3.3055200576782227 6.443772792816162
6.766130447387695 8.655166103952524 2.263909339904785 2.368830919265747
5.618533134460449 9.31850483194927 2.90990948677063 4.146350860595703
4.678293228149414 7.985403836771869 3.5547914505004883 6.3504743576049805
2.2939913272857666 3.884083148969296 3.90621018409729 7.920181751251221
6.260804176330566 7.504463720598551 2.2280983924865723 2.326629638671875
5.036097049713135 7.6141833610834055 2.811370849609375 3.966214179992676
3.736541986465454 5.646839710554559 3.385173797607422 5.98486852645874
2.0640950202941895 3.7985540457156617 3.703376531600952 7.441934585571289
7.140769004821777 8.707203317529036 2.4996047019958496 2.619971513748169
5.260827541351318 7.423031604775616 3.252922773361206 4.723264217376709
4.040390491485596 7.519729663169853 3.990449905395508 7.3589348793029785
2.4148495197296143 3.1775446001567684 4.381134033203125 9.223207473754883
8.44485092163086 10.645539626935332 2.950676202774048 3.109234094619751
6.431283473968506 10.169457669858522 4.00209903717041 6.045123100280762
3.8851699829101562 6.910131353522502 4.978902339935303 9.624030113220215
4.236550331115723 6.277385715832594 5.454023838043213 12.043742179870605
6.739301681518555 8.14002890915883 2.709639549255371 2.8691256046295166
5.242398262023926 8.901426417990933 3.4500601291656494 4.991051197052002
3.035006284713745 4.614870485804971 4.127908229827881 7.5807881355285645
2.7915360927581787 4.96971818146767 4.479959487915039 9.413394927978516
7.906774044036865 9.737989663035577 3.08410906791687 3.2649388313293457
5.832736492156982 7.87956401768581 4.094465732574463 6.149582862854004
4.596185684204102 7.065655959670043 5.013513565063477 9.688677787780762
2.906609535217285 3.653886222981214 5.457991600036621 12.084413528442383
9.753439903259277 12.161330299989558 3.7262914180755615 3.9652328491210938
7.41677188873291 9.65455611485002 5.22750186920166 8.271146774291992
4.958808422088623 7.518452461934487 6.491211891174316 13.210088729858398
3.913001537322998 5.987542629906756 7.032279968261719 16.33588981628418
5.852878093719482 7.057501734706932 3.0033438205718994 3.464539051055908
5.372160911560059 8.63827983109286 4.20216703414917 6.281151294708252
3.50335693359375 4.75939503281495 4.789392948150635 9.000459671020508
3.2429685592651367 4.918395035986872 5.123348712921143 11.052857398986816
6.129880428314209 7.410019192510333 3.488867998123169 4.071403503417969
5.630624294281006 8.519220673511597 4.99951171875 7.716997146606445
3.6907856464385986 5.258733696610761 5.915438652038574 11.756021499633789
3.1646506786346436 4.509933241793715 6.352531433105469 14.478100776672363
7.407544136047363 8.968339253204817 4.389565467834473 5.1862053871154785
7.284651756286621 10.72073435961721 6.446314334869385 10.527429580688477
4.693233966827393 7.634149203845212 7.810126304626465 16.351428985595703
2.8346023559570312 4.965124504815947 8.345287322998047 19.892616271972656
4.682802200317383 5.523166551839722 1.938122272491455 2.0289182662963867
4.062615394592285 6.960082662320019 2.3780369758605957 3.26456356048584
2.6583657264709473 4.720620232118108 2.769150972366333 4.588539123535156
1.397031307220459 2.7534153962603796 2.9610798358917236 5.465007305145264
5.29868745803833 6.468691481652002 2.0743560791015625 2.1768617630004883
4.303632736206055 6.570160361466833 2.602299451828003 3.6584951877593994
1.8086936473846436 2.716348030287975 3.0794055461883545 5.31069803237915
1.791101336479187 3.3070815895951 3.3114542961120605 6.417919158935547
6.233836650848389 8.076351175205275 2.278669595718384 2.3959696292877197
4.469555854797363 6.208231927245663 2.9380271434783936 4.237268924713135
4.780395984649658 8.36787628460678 3.540987014770508 6.365545749664307
2.5755016803741455 4.401931397561384 3.8272652626037598 7.787301063537598
5.7090983390808105 6.720561189912921 2.488766670227051 2.6112964153289795
3.915778636932373 6.590310974436733 3.1126508712768555 4.407561302185059
2.4260077476501465 4.077380123228522 3.6009035110473633 6.288872241973877
2.624852180480957 4.182097048788592 3.79842209815979 7.478177547454834
6.44571590423584 7.774164874387907 2.6914632320404053 2.8456125259399414
4.6965250968933105 8.738717188598457 3.5016913414001465 5.146872520446777
3.2512118816375732 5.5145059428967755 4.149056911468506 7.648209095001221
2.7958574295043945 4.838945976267468 4.410500526428223 9.240283012390137
7.6435651779174805 9.68161901346869 3.0161640644073486 3.2103445529937744
5.7149152755737305 9.467961549333324 4.118580341339111 6.299709320068359
3.8767282962799072 6.115215918135618 5.00557279586792 9.740948677062988
3.8000195026397705 6.288242354262039 5.351558685302734 11.888012886047363
6.085867404937744 7.199411210243568 3.141223907470703 3.2951886653900146
4.478929042816162 7.141867969850367 3.983172655105591 5.792200565338135
2.9969444274902344 6.121861355189015 4.505124568939209 8.1754732131958
1.7500076293945312 3.417178330252227 4.65784215927124 9.587579727172852
7.193221569061279 8.639629215125069 3.421684741973877 3.6268680095672607
4.5293989181518555 7.646078202758872 4.575944900512695 6.989410400390625
3.9732398986816406 6.316852679792646 5.329051971435547 10.29980754852295
2.606599807739258 4.584393788721798 5.561300277709961 12.269890785217285
8.655896186828613 10.801394514990946 3.8919517993927 4.179745197296143
6.170940399169922 9.241264156107718 5.564411163330078 8.938729286193848
4.635923385620117 7.486985598250612 6.664303302764893 13.671469688415527
3.6365256309509277 6.483901349336065 6.993588447570801 16.393938064575195
4.744462966918945 5.538716573690536 3.5592567920684814 3.919299364089966
3.792579412460327 5.791255944429125 4.864456653594971 7.3199920654296875
2.9451916217803955 5.216558331158012 5.3278937339782715 9.901778221130371
2.128286123275757 3.627172540236643 5.393350601196289 11.393829345703125
6.536686897277832 7.371266175618757 4.0006866455078125 4.471498489379883
4.624904632568359 7.057837886404741 5.670399188995361 8.982489585876465
3.208702802658081 5.0661327973109564 6.405882358551025 12.731206893920898
2.0917575359344482 3.490482320176966 6.5538506507873535 14.885087013244629
7.802613258361816 9.301569554424816 4.751166820526123 5.407807350158691
5.104089736938477 8.059225091120425 7.042956829071045 11.767439842224121
3.351040840148926 5.466371246587528 8.188451766967773 17.28778839111328
4.058536529541016 6.479316912336486 8.425682067871094 20.301607131958008
4.387392997741699 5.440522019015702 1.8791598081588745 1.944055199623108
3.9546091556549072 6.722141727809187 2.273369073867798 3.0854272842407227
1.7214195728302002 3.374163443544603 2.6734607219696045 4.426229476928711
2.7644941806793213 5.0340189638348605 2.898820638656616 5.326188564300537
5.081837177276611 6.332448497846206 2.011404514312744 2.0843615531921387
4.313133239746094 7.3089166060522075 2.484799861907959 3.4299728870391846
3.457174062728882 6.853353901343695 2.9693732261657715 5.058085918426514
2.7279510498046875 4.677902465454842 3.2399661540985107 6.165482997894287
6.0327606201171875 7.851851183257082 2.2074098587036133 2.2951362133026123
5.262722969055176 7.647867848982379 2.7965259552001953 3.958416223526001
3.326528310775757 6.334262778869132 3.401299238204956 6.012320518493652
3.677873134613037 6.509477053603753 3.732435703277588 7.4149580001831055
5.1549811363220215 6.3320343084769775 2.368508815765381 2.4545013904571533
4.263235569000244 7.641927486445127 2.9217166900634766 4.101105213165283
3.334958791732788 5.917106559384592 3.4482743740081787 6.037841796875
2.6465916633605957 5.202164476762459 3.720613718032837 7.305210590362549
6.052586078643799 7.543565356087129 2.5608086585998535 2.659167766571045
4.619675159454346 8.265318398891395 3.267598867416382 4.710798740386963
3.399470090866089 6.100880055443948 3.9414329528808594 7.178260803222656
2.3933892250061035 3.914323138483809 4.285247325897217 8.802739143371582
7.278282642364502 9.390483765822864 2.863220453262329 2.988954782485962
5.785677433013916 9.661096417230738 3.8049702644348145 5.692463397979736
3.398526906967163 6.680896194465959 4.692170143127441 8.961897850036621
3.529111385345459 6.037382234735674 5.132194995880127 11.098993301391602
5.539202690124512 6.809240173487083 2.9943981170654297 3.1249401569366455
3.2032291889190674 5.171260914667982 3.670483350753784 5.343839645385742
1.3562523126602173 2.993755397058976 4.254516124725342 7.802540302276611
2.860361099243164 5.644731116945163 4.5339179039001465 9.35646915435791
6.590949535369873 8.247947285651772 3.2384331226348877 3.4017117023468018
4.418482780456543 8.199509748318064 4.167941093444824 6.286687850952148
3.128521203994751 6.010883627241725 4.956998348236084 9.514277458190918
3.0708179473876953 5.531731657761611 5.327220439910889 11.557378768920898
7.905264854431152 10.18280290558289 3.6556169986724854 3.8748154640197754
5.959222793579102 9.565250085639668 4.97452974319458 7.8498969078063965
4.971102237701416 7.846828988944367 6.0573296546936035 12.243062019348145
3.8645827770233154 5.735017838148735 6.5463666915893555 14.975865364074707
5.460319995880127 6.46502273840423 3.1982522010803223 3.5713186264038086
4.278830528259277 7.107391220014435 4.436287879943848 6.710136413574219
2.691624402999878 5.2415559533309874 4.945571422576904 9.377875328063965
1.2730486392974854 1.6857839196629545 5.197052001953125 11.079898834228516
6.171039581298828 7.644893053341019 3.544037103652954 4.000314235687256
4.692458152770996 8.345844181644225 5.062375545501709 7.9816670417785645
2.489323377609253 4.146364501800335 5.827817916870117 11.595967292785645
3.701333522796631 4.995877603916865 6.180443286895752 13.865306854248047
7.881319522857666 10.039328603045305 4.105788707733154 4.713900089263916
4.532752513885498 6.403378397366019 6.120201110839844 10.132139205932617
4.656800270080566 6.941254531213975 7.233770847320557 15.144675254821777
3.855905532836914 6.336532736762166 7.710876941680908 18.220916748046875
4.710212230682373 5.800176321487015 1.8532589673995972 1.9185243844985962
4.349828720092773 7.531945827660174 2.240464448928833 3.001128673553467
2.8621201515197754 4.5564838345425756 2.617427110671997 4.247515678405762
2.946474552154541 4.449761355505867 2.831831932067871 5.128930568695068
5.208351135253906 6.620897139597176 1.976677417755127 2.05003023147583
4.8448100090026855 8.029943915549666 2.4363486766815186 3.331156015396118
2.5011725425720215 4.482513990028342 2.889218807220459 4.854849815368652
2.8519930839538574 4.041779919676372 3.1440188884735107 5.931982040405273
6.031822204589844 8.172602599959305 2.158273696899414 2.2459428310394287
4.549076557159424 8.612892648135926 2.7213211059570312 3.8231632709503174
4.024785041809082 6.7715409870939425 3.2811996936798096 5.7421417236328125
3.8693809509277344 7.198720366955797 3.5918519496917725 7.085285186767578
5.716079235076904 7.016452265537737 2.3757121562957764 2.459494113922119
5.162372589111328 8.243254113288316 2.917842149734497 4.029679298400879
2.7968924045562744 5.116845197336261 3.3892195224761963 5.794892311096191
2.930778741836548 5.056627559826512 3.6220808029174805 6.999063014984131
6.348331928253174 8.071586978808227 2.556633472442627 2.65737247467041
5.077066898345947 8.63522050932852 3.244466543197632 4.625434875488281
2.891585350036621 6.033770847980605 3.8498003482818604 6.907978057861328
3.4452061653137207 5.661694636269224 4.145511150360107 8.451509475708008
7.304348945617676 9.711147274666729 2.8384995460510254 2.9696648120880127
6.0043158531188965 10.726944774912567 3.746140718460083 5.563594818115234
4.091640949249268 8.06802686067283 4.547514915466309 8.608803749084473
4.213579177856445 7.13182978613419 4.93108606338501 10.614142417907715
6.071577072143555 7.41984821576164 3.023827075958252 3.1442291736602783
4.436562538146973 7.354324566135965 3.7423346042633057 5.3426947593688965
2.905353307723999 5.226457351971135 4.245228290557861 7.561668395996094
2.241832971572876 3.572166303164977 4.4449896812438965 8.994051933288574
7.034517288208008 8.722794040179561 3.27077317237854 3.432602643966675
5.037474155426025 8.118086794833516 4.2318644523620605 6.297934055328369
2.8923676013946533 5.932298947678529 4.920474529266357 9.272683143615723
2.7457966804504395 4.946006607637514 5.197577476501465 11.17661190032959
8.277405738830566 10.583361142467993 3.6735072135925293 3.9036455154418945
4.6220574378967285 8.561113000052117 5.013272762298584 7.8484930992126465
4.551886081695557 8.184949743742095 5.978346347808838 11.95618724822998
4.111241340637207 5.893681220652695 6.358644008636475 14.482895851135254
5.156049728393555 5.6958868613880895 3.388355016708374 3.6998887062072754
4.7970662117004395 7.999888837553916 4.535336017608643 6.7513041496276855
3.3756589889526367 6.289254657094716 5.0202131271362305 9.219527244567871
1.7839089632034302 3.543033094574298 5.153132438659668 10.731376647949219
5.761746406555176 6.278249888046086 3.769411325454712 4.184293746948242
4.707238674163818 8.198302093791483 5.184688091278076 8.103658676147461
3.5690367221832275 6.066236420913797 5.89229154586792 11.476497650146484
2.5377960205078125 3.9638842848709883 6.106297492980957 13.546147346496582
8.160293579101562 10.081381141523252 4.317562580108643 4.90059757232666
5.605166435241699 8.104344342790455 6.258236408233643 10.325737953186035
4.349559783935547 6.890173407506154 7.281131267547607 15.057011604309082
4.106195449829102 6.731360067657363 7.594608783721924 17.844919204711914
4.807613849639893 5.642319997821726 1.9329816102981567 2.013254404067993
4.239027500152588 7.0248932052841155 2.3432440757751465 3.184452533721924
2.8179173469543457 4.702416029596941 2.747236967086792 4.587277889251709
2.2272398471832275 3.9024085371613983 2.9703431129455566 5.5698699951171875
5.361893177032471 6.464154754263063 2.080620288848877 2.1727352142333984
5.138139247894287 7.804455585207911 2.58137845993042 3.6054935455322266
3.5092248916625977 6.460636293428422 3.07995867729187 5.354827880859375
3.4574222564697266 6.161012520004151 3.351016044616699 6.57454776763916
6.196929931640625 7.878699746082788 2.304574728012085 2.4145119190216064
5.5498576164245605 9.173662904178173 2.9434211254119873 4.236280918121338
4.97858190536499 8.668863621637797 3.5766961574554443 6.490542411804199
3.4152307510375977 5.907766386746765 3.9098711013793945 8.04939079284668
5.819447994232178 6.784251846945153 2.4797115325927734 2.6025218963623047
5.3754448890686035 8.452670690615378 3.074767827987671 4.323358058929443
2.7353413105010986 4.755473734889421 3.605668067932129 6.353423595428467
2.6166141033172607 3.8138355136925384 3.855901002883911 7.710490703582764
6.587679386138916 7.939330060242355 2.7018096446990967 2.8499064445495605
5.451594829559326 8.340211750126372 3.4833908081054688 5.0967512130737305
3.891873598098755 6.217049740583207 4.19075345993042 7.784418106079102
2.4240567684173584 4.508054213565279 4.5167083740234375 9.549827575683594
7.697703838348389 9.646641557399153 3.0621352195739746 3.24924898147583
6.063987731933594 8.94900694169894 4.144412994384766 6.330985069274902
5.182137489318848 6.841295399534186 5.107906341552734 9.997222900390625
3.7617263793945312 6.46809860064058 5.525632858276367 12.333772659301758
6.254075527191162 7.266179897413394 3.173128843307495 3.3483359813690186
4.292912006378174 6.464851602594422 3.959735155105591 5.739470481872559
4.069141864776611 6.08911941552401 4.541940689086914 8.330061912536621
2.542259931564331 4.700027437064904 4.759206771850586 9.946643829345703
7.445598125457764 8.860835349967147 3.468881130218506 3.6926803588867188
5.796159744262695 8.096902269863534 4.563725471496582 6.966037750244141
4.366715431213379 7.773248303662889 5.406281471252441 10.541091918945312
3.8774662017822266 5.183704692521104 5.721484661102295 12.711968421936035
8.859103202819824 10.862218755628646 3.9736411571502686 4.28020715713501
6.417387962341309 10.357886207298122 5.586406230926514 9.000648498535156
4.090404033660889 7.68753425642501 6.806482791900635 14.021888732910156
3.8906171321868896 4.877452601178845 7.227989196777344 16.940696716308594
5.135289192199707 5.823425551915349 3.3458735942840576 8.810562133789062
3.665083646774292 6.091609065753801 4.892903804779053 7.287307262420654
3.6354310512542725 6.243523299748716 5.390408039093018 10.15771198272705
2.4746408462524414 3.2114722526609114 5.523522853851318 11.861745834350586
6.568452835083008 7.073846979144719 3.7945990562438965 4.299202919006348
4.786681175231934 7.507557848503666 5.692836761474609 9.026266098022461
3.7940101623535156 6.562878588374588 6.494724273681641 13.072376251220703
2.703594207763672 4.040225533490229 6.739715099334717 15.415339469909668
7.925130844116211 8.613762340515585 4.4760870933532715 5.178887844085693
6.7066545486450195 10.079446922214037 7.069494247436523 11.921457290649414
5.281167507171631 8.696388078152301 8.317770004272461 17.66021728515625
4.480595588684082 7.553443870334753 8.671277046203613 20.850730895996094
4.465653896331787 5.155237051646509 1.8600811958312988 1.9228887557983398
4.144090175628662 6.457234257481105 2.217576026916504 2.9374358654022217
3.3385889530181885 6.2325551052072115 2.5724236965179443 4.1825361251831055
1.4697965383529663 2.4658844487190326 2.78051495552063 5.108353137969971
5.125535488128662 6.127698403803507 1.985424518585205 2.053877353668213
4.715263366699219 7.200432153545705 2.4107794761657715 3.242358922958374
2.996640920639038 5.27214419768751 2.840137481689453 4.742827415466309
2.4343037605285645 4.70472145650686 3.090623140335083 5.869744777679443
5.914400100708008 7.3290600816662845 2.1696629524230957 2.2471232414245605
3.853130340576172 6.547282153355724 2.6953580379486084 3.6903820037841797
3.9019253253936768 7.493567050111125 3.231809377670288 5.553859233856201
3.412099599838257 6.423207587462343 3.5402731895446777 6.95827054977417
5.349199295043945 6.249274932238929 2.386812925338745 2.4786338806152344
4.65233850479126 7.85804125151096 2.8876028060913086 3.9238312244415283
2.8902335166931152 4.87116946774961 3.349318027496338 5.692809581756592
2.773344039916992 5.283097598708508 3.5864787101745605 6.970661640167236
6.1036295890808105 7.319461080045016 2.571925401687622 2.6718344688415527
5.0076704025268555 8.292315827367394 3.2134132385253906 4.475155830383301
3.764288902282715 5.265746234627954 3.8187084197998047 6.741739273071289
3.7399744987487793 6.346737055290798 4.1292877197265625 8.384659767150879
7.199077129364014 8.889146172423807 2.856607675552368 2.974138021469116
6.241522312164307 8.814296323932467 3.716352939605713 5.327000141143799
4.822554588317871 8.150349168166073 4.534819602966309 8.327431678771973
3.57747745513916 6.799068752381065 4.9487385749816895 10.48203182220459
5.782691478729248 6.805075098149814 3.06771183013916 3.243363618850708
4.172640323638916 7.28384154735059 3.7302985191345215 5.234975337982178
3.719777822494507 5.477461928519588 4.244167327880859 7.4844207763671875
2.730281352996826 4.54706993986272 4.459731578826904 9.023881912231445
6.799904823303223 8.132355343559112 3.307384490966797 3.5018885135650635
5.094797611236572 8.934576381397164 4.220423698425293 6.124622821807861
4.164383411407471 6.894982864351498 4.9572601318359375 9.153207778930664
3.268035888671875 5.03135526679705 5.272520542144775 11.216710090637207
8.25662612915039 10.027640433527381 3.695345401763916 3.9271368980407715
6.9485392570495605 10.049247684099711 5.009990215301514 7.54952335357666
4.141115665435791 6.505150785874875 6.075893878936768 11.740646362304688
4.447308540344238 7.124176078049459 6.531284332275391 14.528603553771973
4.950878143310547 5.33784097376676 3.3481314182281494 3.732534408569336
3.897616147994995 6.206059410522528 4.677418231964111 6.799185276031494
3.059802532196045 5.643094401564781 5.103803634643555 9.284285545349121
3.0286571979522705 5.0966530394565766 5.242496490478516 10.894002914428711
5.194488048553467 5.891924899610046 3.69647479057312 4.137335777282715
4.3178558349609375 6.585303177776765 5.3384857177734375 8.172158241271973
3.751061201095581 6.23466690092755 6.04907751083374 11.56549072265625
3.288817882537842 5.863327415335824 6.303755760192871 13.808369636535645
7.168865203857422 8.226521821843306 4.257596015930176 4.8007049560546875
6.151444911956787 9.358069848847649 6.43455696105957 10.338369369506836
4.648749828338623 5.986108483579756 7.556620121002197 15.13451099395752
4.508208274841309 7.401226203064425 7.964381694793701 18.237485885620117
4.6828742027282715 5.562555822714305 1.7278600931167603 1.7847548723220825
4.2311787605285645 5.881598687759876 2.0695254802703857 2.748676061630249
3.0514681339263916 6.270492651876111 2.420337438583374 3.9203357696533203
2.8511757850646973 5.303309484683496 2.6068572998046875 4.73197078704834
5.349483489990234 6.491020700758895 1.8679929971694946 1.935479760169983
4.508533477783203 6.634535604439861 2.2753920555114746 3.1018941402435303
3.18005633354187 5.541629398364847 2.690403699874878 4.543982028961182
2.714808940887451 5.171461658370276 2.905409097671509 5.546946048736572
6.234130382537842 7.7257105534743005 2.0904886722564697 2.174638509750366
5.2982869148254395 8.561461582984691 2.600001096725464 3.6544504165649414
4.35910701751709 7.805370991552763 3.1098368167877197 5.499904155731201
3.608720541000366 7.1369471242837506 3.3618671894073486 6.774985313415527
5.625694274902344 6.668101829403895 2.0855841636657715 2.1630859375
4.090607643127441 6.417345608688427 2.5502524375915527 3.5085036754608154
2.025653600692749 3.382301684203293 3.0063021183013916 5.140017986297607
2.0314905643463135 3.966179991209401 3.2271738052368164 6.2478251457214355
6.530211448669434 7.798411200671993 2.3035659790039062 2.4011716842651367
5.070499420166016 7.60435810444676 2.8936538696289062 4.125096797943115
3.4669644832611084 5.249762338344453 3.4657979011535645 6.248817443847656
3.4641146659851074 6.323713538703942 3.7339296340942383 7.687192440032959
7.738453388214111 9.626704373735407 2.668210506439209 2.800020694732666
5.821465015411377 9.302217718578097 3.4677751064300537 5.160820960998535
3.9999735355377197 4.906980465087589 4.217672348022461 8.054585456848145
4.318591594696045 6.96086881904273 4.5472893714904785 9.969866752624512
6.041373252868652 7.191266104850571 2.564582109451294 2.646383762359619
5.20732307434082 8.163158302295571 3.0932209491729736 4.371255397796631
3.731832504272461 6.8662494852115685 3.6034460067749023 6.411701679229736
2.3187479972839355 4.5446749660177375 3.8314175605773926 7.758620262145996
7.1796135902404785 8.615174084235917 2.8526902198791504 2.9772117137908936
5.800971508026123 9.333877079743928 3.578298330307007 5.290374279022217
4.246601581573486 7.31577623418363 4.260191440582275 8.053807258605957
2.698742389678955 5.011574750981254 4.552487850189209 9.860024452209473
8.72645092010498 10.759130921156554 3.3551597595214844 3.546950578689575
6.5394606590271 10.328537153445563 4.425136566162109 6.899122714996338
4.766651630401611 8.201267893985978 5.3704094886779785 10.814223289489746
4.1792097091674805 5.216497155516663 5.744405746459961 13.278822898864746
5.3422112464904785 6.29597071662738 2.672330379486084 3.0802972316741943
5.187209129333496 7.630445615943472 3.745297908782959 5.369359016418457
2.699915885925293 4.099196660764733 4.128889560699463 7.545717239379883
1.9334378242492676 3.7917591921980147 4.328465461730957 9.017683982849121
5.252666473388672 6.287659308628463 3.0442605018615723 3.537658929824829
5.821205139160156 7.945897066131465 4.333507537841797 6.5763115882873535
4.303553581237793 7.568166601572244 4.949571132659912 9.655220031738281
3.392960548400879 4.620344808441587 5.226402759552002 11.672599792480469
8.024611473083496 9.371297683782586 3.7125046253204346 4.378037452697754
5.560727119445801 8.76440148079043 5.392373085021973 8.71512508392334
4.997807502746582 7.305738248937018 6.361723899841309 13.240557670593262
3.369649887084961 4.911273607066278 6.733098983764648 16.035478591918945
3.902007818222046 4.798162466026952 1.987825870513916 2.06067156791687
3.7662529945373535 6.6303110886246595 2.376441717147827 3.157069206237793
2.917227268218994 5.000588906638427 2.7377657890319824 4.415760517120361
1.9729489088058472 4.056712970370427 2.928225040435791 5.300741195678711
4.763001441955566 5.871019723708741 2.116281032562256 2.1990511417388916
4.181227684020996 7.037372267864427 2.5885727405548096 3.5222299098968506
3.7045459747314453 6.009432566602438 3.0363152027130127 5.08955717086792
2.660749912261963 5.437043133229736 3.270005941390991 6.199411869049072
5.86476469039917 7.423837386425021 2.3021457195281982 2.400563955307007
5.4234185218811035 8.804740622958207 2.896317481994629 4.06248140335083
4.194984436035156 7.176050104613296 3.4671669006347656 6.0827717781066895
3.939680337905884 7.2965553037636255 3.760668992996216 7.506349086761475
4.547563552856445 5.540955081793708 2.5612123012542725 2.6721439361572266
4.198855400085449 7.217291902075971 3.137251615524292 4.342316150665283
3.3954434394836426 6.179612095595859 3.618492841720581 6.210521697998047
2.259857177734375 5.116579441338171 3.831594228744507 7.456958770751953
5.681863307952881 6.971047562037938 2.746586799621582 2.8757667541503906
5.207454681396484 7.795909691386669 3.4994242191314697 5.0138258934021
2.641477584838867 4.219139106680814 4.143237590789795 7.475977420806885
0.7621642351150513 1.0330302039446906 4.4301438331604 9.124340057373047
7.124791145324707 8.953852558815896 3.0296897888183594 3.191025972366333
6.038994789123535 8.721385518515469 4.049509525299072 6.052102088928223
4.97628116607666 7.433574408579366 4.932685375213623 9.410921096801758
3.264235734939575 4.87698679030018 5.324236869812012 11.627394676208496
4.835019588470459 5.908371633312413 3.143254518508911 3.330610990524292
3.7174978256225586 6.148983275574115 3.998936653137207 5.800875186920166
2.3551108837127686 4.318422019159907 4.576601505279541 8.267561912536621
1.802155613899231 3.614094635391133 4.779749393463135 9.811002731323242
6.137429714202881 7.531573732486862 3.3969309329986572 3.6293015480041504
4.524570465087891 7.65002407471374 4.547192573547363 6.884622097015381
3.7016427516937256 6.641935206020435 5.3592729568481445 10.245142936706543
2.8035786151885986 5.820528944886007 5.65928316116333 12.347675323486328
7.810133934020996 9.667477783775496 3.8019678592681885 4.104410648345947
5.664628982543945 8.802032401140949 5.40706729888916 8.604727745056152
3.9184086322784424 5.813602299976182 6.5691986083984375 13.315177917480469
3.9171202182769775 5.0506630097028165 7.008425235748291 16.20201301574707
3.143458604812622 3.502007515553487 3.6140332221984863 4.04252815246582
3.733812093734741 6.041615529499268 4.752114772796631 7.165925025939941
3.3322110176086426 5.933988952982645 5.4039154052734375 10.122244834899902
1.736494541168213 3.1890650818194217 5.582402229309082 11.845769882202148
5.360818386077881 6.499633488996466 4.004917144775391 4.538814544677734
3.6741111278533936 5.365254701192498 5.471024513244629 8.6820650100708
2.958991050720215 4.795394708495223 6.415750980377197 12.74838924407959
2.556381940841675 4.639844499958599 6.7032084465026855 15.126747131347656
7.021170139312744 7.6412246163435285 4.64614200592041 5.272754192352295
5.3539719581604 8.783142226012842 6.634037017822266 11.13198471069336
4.9381537437438965 7.765230842891128 8.003390312194824 16.84840965270996
4.496089935302734 8.187963987471676 8.446416854858398 20.129430770874023
5.15740966796875 6.077581179311181 2.065598249435425 2.1612346172332764
4.120351791381836 6.127704610352225 2.5133135318756104 3.4745335578918457
2.3795597553253174 3.793040348057218 2.9220030307769775 4.953072547912598
1.579695463180542 3.4013890496412387 3.1111133098602295 5.917174816131592
5.933055877685547 7.08667756508558 2.222426176071167 2.33429217338562
4.611597537994385 6.600887153370625 2.7807154655456543 3.969578504562378
3.742372751235962 6.344048346192267 3.288538694381714 5.828948020935059
2.9690325260162354 4.609126270300749 3.5167908668518066 7.03456974029541
6.962776184082031 8.40878025862105 2.4640209674835205 2.6004066467285156
5.1447577476501465 8.638313621731868 3.1844980716705322 4.714343070983887
4.009989261627197 6.362712898930948 3.8344764709472656 7.130609035491943
3.8541078567504883 5.874520051826936 4.116994380950928 8.686182975769043
6.299560546875 7.435418656357228 2.7324841022491455 2.8859527111053467
3.5370681285858154 5.481705023534104 3.425809860229492 4.9532790184021
2.3205437660217285 4.458137887635189 3.974302291870117 7.178003787994385
1.7849680185317993 2.732165331642136 4.173861503601074 8.51755142211914
7.135906219482422 8.555181976394206 2.9714815616607666 3.163505792617798
3.8323264122009277 6.238714646755625 3.9076945781707764 5.927241325378418
3.6062278747558594 6.463539498280625 4.654452323913574 8.892509460449219
2.783717632293701 4.3879794865286215 4.921656131744385 10.661416053771973
8.496563911437988 10.37798196983806 3.3742318153381348 3.628610372543335
4.445108890533447 7.687371169949159 4.673783302307129 7.46088171005249
4.744060516357422 6.870183103237679 5.699520587921143 11.527544975280762
3.139888286590576 5.773790322132783 6.0524516105651855 13.910416603088379
6.702178478240967 7.918928496786066 3.4308745861053467 3.643932819366455
4.594686508178711 7.21766793927236 4.494461536407471 6.768057346343994
3.1668694019317627 5.014221779565787 5.126551628112793 9.702274322509766
2.1894423961639404 3.4332872014073867 5.295669078826904 11.322519302368164
7.861006736755371 9.354280499512114 3.789389133453369 4.08580207824707
4.329598903656006 7.065183492878305 5.236623764038086 8.388724327087402
3.9888317584991455 6.015103664155234 6.161704063415527 12.393980979919434
3.2805676460266113 4.458380084026771 6.425431251525879 14.60209846496582
9.61977767944336 11.669908348646686 4.412444114685059 4.854918956756592
5.477731704711914 7.261577669946746 6.458962917327881 10.987115859985352
4.470710277557373 6.227158865806416 7.786869525909424 16.58063316345215
3.544407367706299 4.480370991329414 8.153337478637695 19.599151611328125
5.391844272613525 6.0698090759824765 4.004766464233398 4.577789783477783
4.009296894073486 5.9014448482200805 5.463316440582275 8.528142929077148
2.184192657470703 3.495740174274758 6.130919456481934 11.960725784301758
2.291661024093628 4.281117889401685 6.241887092590332 13.722989082336426
5.9054412841796875 6.584125363619933 4.59370756149292 5.340641021728516
3.8715908527374268 6.305201638551438 6.460830211639404 10.835034370422363
3.9212934970855713 5.954202443754653 7.4623122215271 15.504496574401855
2.996267795562744 5.086639322333895 7.690601348876953 17.940746307373047
8.44959545135498 10.119588967239679 5.58165168762207 4.181833744049072
5.767226696014404 8.473538754236166 8.11411190032959 14.537734031677246
4.614126205444336 7.160001539431008 9.5890474319458 21.014305114746094
3.3854074478149414 4.260559141196188 9.920339584350586 24.355335235595703
4.949178695678711 5.999058808320228 1.897694706916809 1.9729021787643433
4.137430191040039 7.326506017330772 2.3751111030578613 3.243337392807007
2.734029769897461 5.629582785851463 2.8715572357177734 4.720559120178223
2.8439126014709473 5.593447955928923 3.15390682220459 5.73792839050293
5.647396087646484 6.966119136207453 2.054229259490967 2.1419453620910645
4.884498596191406 9.183619598403311 2.623447895050049 3.670821189880371
4.236887454986572 6.354803627039402 3.217702627182007 5.502742290496826
3.5720722675323486 7.476448524594403 3.5528557300567627 6.777189254760742
6.6857590675354 8.678214107821953 2.2974486351013184 2.404200315475464
6.072845458984375 10.206316353094223 3.0107760429382324 4.334125995635986
5.2122087478637695 9.961956603422664 3.749241828918457 6.689363956451416
3.410182237625122 6.884225385012023 4.156109809875488 8.321789741516113
6.113439559936523 7.431497002060951 2.348755359649658 2.4580206871032715
4.525160312652588 7.985269746041922 3.0345377922058105 4.3011345863342285
3.443979024887085 6.621601067284132 3.742567539215088 6.507628440856934
2.7342216968536377 5.815025547889661 4.124391078948975 8.010294914245605
6.908252716064453 8.630008142383247 2.592994213104248 2.7239878177642822
4.2640533447265625 6.633500647921053 3.4653470516204834 5.074366569519043
4.675433158874512 7.85575765887684 4.355465888977051 7.9569172859191895
3.2504076957702637 5.625664678818907 4.825803279876709 9.922021865844727
8.390719413757324 10.767214347281197 2.995098352432251 3.1641108989715576
5.698382377624512 9.418180462525015 4.181459903717041 6.363489627838135
5.368372917175293 8.74241795851367 5.351393222808838 10.281696319580078
4.75881814956665 7.977470624046589 5.942626476287842 12.892022132873535
6.594595909118652 8.07656930343456 2.9579553604125977 3.1027581691741943
4.5751519203186035 8.378409264729868 3.799144744873047 5.534964561462402
3.602388381958008 7.288295207059264 4.663561820983887 8.433405876159668
3.0309648513793945 5.255822230217085 5.1141133308410645 10.371723175048828
7.778665065765381 9.677908925774808 3.2779080867767334 3.4702560901641846
5.503942489624023 8.562378499256738 4.436650276184082 6.730045318603516
4.598340034484863 6.823076549792859 5.581539154052734 10.653087615966797
3.020392417907715 5.7880818390676865 6.150707721710205 13.248669624328613
9.610069274902344 12.168476808885202 3.840747117996216 4.1090779304504395
6.119603633880615 10.142441496553573 5.556381702423096 8.817885398864746
4.8287034034729 7.202896909078629 7.130590915679932 14.324807167053223
5.372681140899658 9.332333129876506 7.856626033782959 17.81804656982422
4.947059154510498 5.9186246511099725 3.0330398082733154 3.4484517574310303
5.624455451965332 9.181149853828401 4.741052150726318 7.000475883483887
3.538177251815796 5.716905090023829 5.490406513214111 10.169054985046387
2.384625196456909 3.5971472233955737 5.952443599700928 12.379277229309082
6.111125946044922 6.950070394207046 3.481722116470337 3.993438482284546
6.0239644050598145 10.084493450817718 5.560738563537598 8.643383979797363
5.1272149085998535 9.066148116037603 6.6823930740356445 13.09052848815918
3.4309911727905273 5.249168070227796 7.283290386199951 16.08767318725586
7.7460222244262695 8.78439829651586 4.293045520782471 4.990658283233643
6.4606032371521 11.185438908056199 7.0570855140686035 11.552546501159668
5.165792465209961 8.466330609495595 8.740151405334473 17.97879981994629
5.346314430236816 8.371442688284873 9.512215614318848 22.022279739379883
4.635031223297119 5.500477139375491 1.8726071119308472 1.9553717374801636
3.9624102115631104 7.082415646336813 2.304779052734375 3.197861909866333
2.4813687801361084 3.973476305628992 2.7111663818359375 4.601113319396973
2.4330062866210938 4.9818089114100985 2.9299492835998535 5.530659198760986
5.382503986358643 6.558201419344186 2.0284597873687744 2.1238319873809814
3.9469046592712402 6.130217221075863 2.5551090240478516 3.6345317363739014
4.276681423187256 7.449980434033137 3.051879644393921 5.387457847595215
2.138787031173706 3.5669408176374304 3.310999631881714 6.535341739654541
6.5130205154418945 8.307386108568835 2.268115997314453 2.383798122406006
5.554881572723389 8.914628718776157 2.9407312870025635 4.313893795013428
4.441769599914551 8.638124357746198 3.5679097175598145 6.598609447479248
4.225728511810303 6.782308407812138 3.877664804458618 8.06810474395752
5.574599266052246 6.629866122131253 2.364405632019043 2.485725164413452
4.602428913116455 7.483116319506475 2.9538767337799072 4.252845764160156
2.766448736190796 4.638251364196614 3.4665911197662354 6.234313011169434
2.13970685005188 4.482510023608711 3.7176549434661865 7.497857093811035
6.585680961608887 8.010680774667776 2.6063852310180664 2.75226092338562
5.2068190574646 8.675816909988043 3.3881521224975586 5.056335926055908
3.5929627418518066 4.970141893939143 4.063681602478027 7.683172225952148
3.2574462890625 4.797714685640813 4.376425743103027 9.313508033752441
8.066414833068848 10.109787089387964 2.9992051124572754 3.1891589164733887
6.010590076446533 10.066165910798816 4.097977638244629 6.390003204345703
4.559511661529541 7.320947472939438 5.011802673339844 10.028230667114258
3.715033531188965 6.9055056887477235 5.399120807647705 12.215484619140625
6.0697784423828125 7.232001060188352 3.032410144805908 3.202683210372925
3.3621773719787598 5.607299837836308 3.7184925079345703 5.524158954620361
2.579841375350952 3.6677985634469223 4.253750324249268 7.977163791656494
3.1560771465301514 5.792576044652378 4.492148399353027 9.477935791015625
7.467597007751465 9.038002246459996 3.352581262588501 3.575533866882324
5.568142890930176 8.459531474966127 4.361624240875244 6.7832417488098145
4.038028240203857 6.635476815695625 5.136467456817627 10.18928337097168
2.960554599761963 4.378971148165789 5.451145648956299 12.183749198913574
9.324155807495117 11.470862205468165 3.9070074558258057 4.222991943359375
6.6961283683776855 10.241919682202337 5.470305442810059 8.974767684936523
5.56184720993042 8.647056783737206 6.583763122558594 13.86366081237793
3.700129747390747 6.266237417642515 6.977437496185303 16.596160888671875
5.047923564910889 5.640124234754694 3.2579078674316406 3.728022813796997
4.531793594360352 7.203127408434387 4.627651214599609 7.052880764007568
3.1696295738220215 5.768908109430413 4.949625015258789 9.53617000579834
2.419588804244995 4.682979271609213 5.129705905914307 11.124163627624512
5.607097148895264 6.7697446057484 3.7053780555725098 4.311496734619141
4.077353000640869 6.383524170000555 5.45795202255249 8.794515609741211
4.606858253479004 7.60616447061604 6.084482192993164 12.438246726989746
3.381084680557251 7.045390883368157 6.346880912780762 14.599804878234863
7.896568775177002 8.813420049683607 4.499938488006592 5.350162506103516
5.606084823608398 7.886395459397363 6.937776565551758 11.8842134475708
5.798732280731201 9.39780937807211 7.983840465545654 17.3116455078125
4.202073574066162 7.339613286238919 8.312444686889648 20.292137145996094
4.8477582931518555 5.427196832883933 1.8632761240005493 1.9144275188446045
4.647871971130371 7.553599673365959 2.2211437225341797 2.9086761474609375
3.9785993099212646 6.568817218633832 2.6204686164855957 4.184744358062744
2.55879807472229 4.486771846029114 2.8587915897369385 5.106545925140381
5.474404811859131 6.437029120582444 1.9960805177688599 2.0573389530181885
5.397617816925049 8.699675503371001 2.4262025356292725 3.248154878616333
3.7107999324798584 7.183505636209315 2.913327693939209 4.821957111358643
3.1834731101989746 5.71982451337135 3.204455852508545 5.977039337158203
6.393411636352539 7.884821407693447 2.197983741760254 2.2728540897369385
4.488198757171631 7.783098564254942 2.7379167079925537 3.759824514389038
4.687667369842529 7.664304072582853 3.3537540435791016 5.784749507904053
3.6618852615356445 6.940428795768071 3.7183501720428467 7.282092094421387
5.8546929359436035 6.64925802564801 2.3869643211364746 2.448096990585327
4.688205242156982 7.141909638998129 2.903430938720703 3.9197983741760254
3.4904587268829346 6.200642793170346 3.4272513389587402 5.78237771987915
2.513540744781494 4.090734944872452 3.710988759994507 7.089428901672363
6.636488437652588 7.784926758269364 2.5863516330718994 2.667611837387085
5.344393730163574 8.640786419724705 3.252631664276123 4.544074535369873
4.600714683532715 7.292502876703509 3.9357779026031494 6.9730682373046875
2.5685977935791016 4.395565376807813 4.3063483238220215 8.686917304992676
7.846558570861816 9.73927924671252 2.912445306777954 3.0249509811401367
5.50230073928833 7.467546216962091 3.8164546489715576 5.548524856567383
3.973783493041992 6.462971824638771 4.736284255981445 8.853887557983398
2.5137364864349365 4.83493021892059 5.222722053527832 11.163167953491211
6.269926071166992 7.158425353432705 3.0259339809417725 3.1375818252563477
4.622894287109375 7.201168789112815 3.7416203022003174 5.249301910400391
3.8183512687683105 6.501233008847272 4.323877334594727 7.637744426727295
2.4337117671966553 3.909195567091885 4.598874092102051 9.232929229736328
7.250905513763428 8.542750166321412 3.3004040718078613 3.448800563812256
6.1047234535217285 9.345892462389202 4.269155502319336 6.25002384185791
3.431549310684204 5.349607180389896 5.073176860809326 9.480732917785645
3.5161170959472656 6.456131352586453 5.459064483642578 11.631245613098145
8.805696487426758 10.827815665887499 3.777376651763916 3.991453170776367
5.777191638946533 8.651117317056285 5.161186218261719 7.9487690925598145
4.261483192443848 6.610393501639972 6.297988414764404 12.480679512023926
5.106944561004639 8.38613836501932 6.82022762298584 15.414228439331055
5.171298027038574 5.808186845925881 3.2382149696350098 3.5476274490356445
4.347613334655762 5.601667264044295 4.602750301361084 6.860076904296875
2.992713451385498 5.015589409008953 5.143146991729736 9.431130409240723
2.784250259399414 4.627823081475569 5.361251354217529 11.119612693786621
5.5904364585876465 6.67126180254877 3.599370002746582 3.9873547554016113
4.419417858123779 6.155251283326379 5.305400848388672 8.270105361938477
4.243605613708496 6.989158775092733 6.107975006103516 11.860960006713867
3.317657709121704 5.219117800607066 6.4455246925354 14.201444625854492
6.763821601867676 7.760721898429722 4.207913875579834 4.745433807373047
6.21575927734375 8.996850891741019 6.534299850463867 10.738972663879395
4.000088691711426 6.9571085208353765 7.720655918121338 15.882433891296387
4.016855716705322 6.8555028906043844 8.19369888305664 19.10194206237793
4.768924236297607 5.7277769495222515 1.8403996229171753 1.9155391454696655
4.429948806762695 7.545068363086443 2.2298738956451416 3.077801465988159
3.137662887573242 5.6535761873767 2.5753586292266846 4.37921142578125
2.2458741664886475 3.6086790660721135 2.741887092590332 5.239477634429932
5.720641136169434 6.925789428587052 1.9907552003860474 2.0786354541778564
4.342443466186523 7.434536350697101 2.463545560836792 3.482189416885376
4.013566970825195 6.275902077872843 2.8755955696105957 5.072897911071777
2.9247312545776367 4.5150890019285725 3.064955711364746 6.117877960205078
6.897050857543945 8.784430986094705 2.2190001010894775 2.3278183937072754
5.801153659820557 9.144790493790367 2.8221256732940674 4.106329917907715
4.286914348602295 7.8618297395278205 3.3335440158843994 6.112471103668213
3.0550947189331055 6.238482437720322 3.5515804290771484 7.401131629943848
5.950924873352051 7.075485796603557 2.2281558513641357 2.3355355262756348
4.983126640319824 7.2782648642729555 2.7784337997436523 3.9921610355377197
3.2352349758148193 4.9001779358394515 3.2255687713623047 5.826198577880859
2.5463368892669678 3.613278710398532 3.412999153137207 6.997791290283203
7.0199408531188965 8.583006845117382 2.463878631591797 2.595935583114624
5.250203609466553 8.618290340768135 3.1807613372802734 4.731070518493652
3.662217378616333 6.724677330393945 3.7487807273864746 7.101577281951904
2.476138114929199 5.312282372040954 3.9684066772460938 8.578926086425781
8.471704483032227 10.719171525153095 2.84348464012146 3.020125150680542
5.960655689239502 9.808231723204727 3.8338406085968018 5.940352916717529
4.791248798370361 8.248123417437128 4.589720726013184 9.11175537109375
3.9356045722961426 6.6505248606611715 4.8507537841796875 11.008170127868652
6.612087249755859 7.9220973363112535 2.700127124786377 2.839325189590454
3.9195168018341064 6.729411783707814 3.3667805194854736 4.998620986938477
2.6651370525360107 4.015496275636856 3.8689236640930176 7.303597927093506
1.9928175210952759 3.380887926199584 4.051419734954834 8.723596572875977
7.876766681671143 9.676643842306362 3.0187251567840576 3.2073166370391846
5.391294002532959 8.459808793995762 3.9575130939483643 6.135211944580078
2.792010545730591 4.237445575342326 4.637436389923096 9.231614112854004
1.8794339895248413 3.3285634858247874 4.854951858520508 11.059990882873535
9.666403770446777 12.264654286190591 3.5641841888427734 3.837137222290039
6.247257709503174 10.945030575450119 4.960416316986084 8.067737579345703
3.6201412677764893 5.9732919986811055 5.915211200714111 12.360143661499023
4.518441677093506 6.077169065902126 6.175036430358887 14.752748489379883
4.640440464019775 5.386201337913917 3.0363359451293945 3.6999094486236572
4.46138858795166 7.803417730341291 3.9720332622528076 6.030158996582031
3.6255650520324707 6.360100798860967 4.406161308288574 8.560502052307129
1.5824298858642578 2.942132723550742 4.559709548950195 10.121387481689453
5.5001726150512695 6.743207175651776 3.495283842086792 4.276739120483398
5.745612621307373 9.154595988143228 4.734084606170654 7.566335201263428
3.156855344772339 5.083156733608689 5.389039516448975 11.06320858001709
3.0588791370391846 4.119719081569258 5.574476718902588 13.094258308410645
6.579651832580566 8.539423673293413 4.289583206176758 5.276854038238525
7.47293758392334 12.129268024821613 6.062994956970215 10.216170310974121
5.334402561187744 7.6762277512127355 7.054571151733398 15.176732063293457
3.7245850563049316 5.311591078389284 7.2716827392578125 17.85693359375
5.033072471618652 5.9371629065266305 2.092498302459717 2.1709139347076416
4.2891716957092285 7.405116497996982 2.5161473751068115 3.5479729175567627
2.1393370628356934 4.61103360528935 2.9048337936401367 5.095867156982422
2.5237812995910645 4.873832420888505 3.097956418991089 6.108307361602783
5.889212608337402 7.027102169901904 2.2843220233917236 2.379896640777588
4.702517986297607 7.540433679161481 2.825073719024658 4.080939292907715
3.157927989959717 6.884050992092502 3.311836004257202 5.998771667480469
3.190779447555542 5.814938703760333 3.5490705966949463 7.240716934204102
6.785346508026123 8.476679397151202 2.5734002590179443 2.698242425918579
5.110535621643066 8.833692358202995 3.2938272953033447 4.906889915466309
4.755073547363281 8.645265476962301 3.9206457138061523 7.389048099517822
4.328040599822998 6.950939650851808 4.218476295471191 8.974435806274414
5.969916343688965 6.975901964485274 2.790611743927002 2.8981480598449707
4.521299362182617 8.055142755347902 3.352675676345825 4.892204284667969
3.4355056285858154 6.820124850306826 3.8121674060821533 7.1161932945251465
1.8772543668746948 3.578642311354571 4.026810169219971 8.517383575439453
6.997017860412598 8.441945142798431 3.0917108058929443 3.2372894287109375
5.74401330947876 8.909060124579128 3.8827109336853027 5.869792461395264
3.33953857421875 5.6079317072718595 4.50699520111084 8.784814834594727
3.4510602951049805 5.454052345636228 4.791823863983154 10.595905303955078
8.382848739624023 10.444625961650218 3.5634827613830566 3.778107166290283
4.991894245147705 8.896919068696345 4.729531288146973 7.454079627990723
3.689262628555298 6.671732543764335 5.594003677368164 11.3980073928833
3.8536806106567383 6.426012622701819 5.971417427062988 13.834349632263184
6.365725994110107 7.530559900984372 3.7725167274475098 3.9362878799438477
3.740135908126831 4.951077383204735 4.382363796234131 6.520657539367676
2.8932087421417236 5.178997599550946 4.760624408721924 9.231094360351562
2.951402425765991 5.106589181349976 4.936663627624512 10.92919921875
7.6237616539001465 9.212481318565096 4.178197860717773 4.42336893081665
5.222804546356201 8.234220170741892 5.153128623962402 8.038481712341309
3.6791646480560303 5.717752085554025 5.757347106933594 11.720922470092773
3.409292459487915 5.817551836005691 6.025394916534424 13.99991512298584
9.426654815673828 11.677949349628292 4.845850944519043 5.234771251678467
6.943464756011963 10.542685795536842 6.441023826599121 10.567755699157715
4.85166072845459 7.219697727855809 7.3632636070251465 15.681679725646973
3.5082387924194336 6.002956104046575 7.735515594482422 18.79181480407715
5.914422035217285 6.698023720884521 4.240032196044922 4.814118385314941
3.955881118774414 5.982816581365682 5.482460021972656 8.330123901367188
2.321728467941284 3.858370643246822 5.606252193450928 11.082843780517578
3.082902669906616 5.341975048775659 5.686956405639648 12.917722702026367
6.513201713562012 7.227050822263493 4.8582916259765625 5.628716945648193
5.094655513763428 6.621843062600192 6.461357593536377 10.370766639709473
3.8449506759643555 6.578203478092291 6.852012634277344 14.255766868591309
3.201045036315918 4.2846481675553605 7.039443492889404 16.77980613708496
7.935073375701904 9.049283008992433 5.924644470214844 7.060765266418457
6.809961795806885 10.00103223664837 8.151208877563477 13.820799827575684
4.320236682891846 5.393638410847586 8.90231990814209 19.37181282043457
3.7096829414367676 6.5959140199615405 9.184453010559082 22.82465934753418
5.244533061981201 5.840237349123981 2.026109457015991 2.0815892219543457
4.446656227111816 6.240227556616448 2.3814632892608643 3.137131690979004
2.9867465496063232 4.366199973910028 2.760744333267212 4.5127854347229
2.2116081714630127 3.78419977051999 2.9696083068847656 5.498063087463379
5.895743370056152 6.903229126079964 2.195723533630371 2.26387357711792
4.306219100952148 7.223028573255462 2.6458802223205566 3.5813443660736084
3.4657039642333984 6.5253390091072845 3.115199089050293 5.3077216148376465
3.286562919616699 6.063641590048974 3.361769676208496 6.523674964904785
6.793118476867676 8.537780342347927 2.4634218215942383 2.5525240898132324
5.811420917510986 9.487942395615164 3.05934739112854 4.295466899871826
4.859697341918945 7.863588697985853 3.658944845199585 6.562138080596924
4.296584129333496 8.17774290253783 3.9547383785247803 8.105555534362793
6.323981285095215 7.14757183834061 2.6606364250183105 2.741032838821411
4.202236175537109 6.050098993824431 3.1975717544555664 4.391093730926514
2.5959019660949707 4.522027537258111 3.6875991821289062 6.447169303894043
2.650904893875122 5.054631720679765 3.916550874710083 7.8444061279296875
7.2373456954956055 8.583447537557797 2.9276888370513916 3.038118600845337
4.624875068664551 7.838639423688775 3.678628921508789 5.269621849060059
3.8864657878875732 7.863549733319132 4.339585781097412 8.025941848754883
3.4371864795684814 5.946026161677764 4.624793529510498 9.831871032714844
8.460907936096191 10.587963385349596 3.383242607116699 3.5464961528778076
5.686614513397217 10.060230349174574 4.488312244415283 6.792956352233887
5.391772270202637 9.27416793484872 5.397386074066162 10.654726028442383
4.054612159729004 6.6889269555085775 5.748899459838867 13.036126136779785
6.811851978302002 7.813388378296295 3.4196066856384277 3.554826021194458
4.758495330810547 7.915120804516164 4.232095241546631 6.064512729644775
3.762497901916504 5.8851718020052886 4.756789207458496 8.778218269348145
2.652156352996826 4.100843808812158 4.940444469451904 10.477729797363281
8.090360641479492 9.709361316792638 3.8010683059692383 3.9962117671966553
5.353424072265625 7.557761296419585 5.005618095397949 7.570247173309326
4.528148174285889 6.027874061308239 5.776753902435303 11.364774703979492
3.062899351119995 5.708070772023726 6.018145561218262 13.613530158996582
9.884772300720215 12.2366377609942 4.490314483642578 4.802549839019775
7.35213041305542 10.535687989061671 6.372318267822266 10.277408599853516
5.510312080383301 8.783875664741117 7.484936237335205 15.724030494689941
4.425549507141113 7.174530775993816 7.7689971923828125 18.70229148864746
5.098230361938477 5.450890216971601 3.773585319519043 4.204177379608154
4.651566505432129 7.319039197257226 5.2974162101745605 7.956725120544434
3.4815094470977783 6.034307285318619 5.7814531326293945 11.0877685546875
2.8739559650421143 3.987027933134206 5.854965686798096 12.872126579284668
5.043865203857422 5.66089791659198 4.323540687561035 4.893902778625488
6.048252105712891 9.200501857472716 6.414990425109863 10.235757827758789
3.873126983642578 5.8256833364860485 7.163577079772949 14.654426574707031
3.3977105617523193 6.096063230119427 7.273015022277832 17.058013916015625
8.051392555236816 9.078365037765195 5.345770359039307 6.187772750854492
6.448467254638672 10.108285217174625 8.426644325256348 14.314794540405273
5.0168256759643555 8.562484958930426 9.506418228149414 20.624860763549805
4.377399921417236 7.7682563075659345 9.594799041748047 23.77540397644043
5.242522716522217 6.525081569167526 2.121685266494751 2.197885513305664
3.9358537197113037 7.169902734167181 2.6095802783966064 3.611790180206299
3.2020263671875 5.404178956755956 3.1055405139923096 5.361519813537598
2.5552568435668945 4.8989507380826325 3.3559751510620117 6.506357669830322
6.085727214813232 7.652842490153944 2.3201496601104736 2.4169487953186035
4.7192158699035645 7.092350088556259 2.9349989891052246 4.22122859954834
3.9407830238342285 6.482121274671655 3.548851728439331 6.4864606857299805
3.571753978729248 6.138029374841851 3.850026845932007 7.959892272949219
7.181615829467773 9.177716627687914 2.6429874897003174 2.7727553844451904
6.099697113037109 10.093627563816815 3.470715045928955 5.234055519104004
4.209969520568848 7.330935085444935 4.262284278869629 8.32110595703125
3.9358808994293213 5.996198121676116 4.625001430511475 10.265987396240234
6.620082855224609 8.141735093558964 2.7807629108428955 2.89563250541687
4.314604759216309 6.606659481721977 3.5702691078186035 5.184746742248535
2.455775260925293 4.795644528387015 4.302557945251465 7.945804119110107
2.174314260482788 4.435199801654193 4.62008810043335 9.673492431640625
7.653497219085693 9.63990557389019 3.108372688293457 3.2683417797088623
4.5399346351623535 5.934189710451492 4.192891597747803 6.43278169631958
4.655148983001709 7.978823575266375 5.157875061035156 10.230522155761719
3.7340424060821533 6.541834367839872 5.551052570343018 12.544538497924805
9.20409870147705 11.6647253423277 3.679405450820923 3.9235904216766357
6.579638957977295 9.215808548651243 5.302334308624268 8.685820579528809
5.698217391967773 9.052101675689755 6.624965667724609 14.165085792541504
4.463008880615234 6.752078302102582 7.100165367126465 17.26976203918457
7.140317440032959 8.801879863242675 3.618093729019165 3.7879064083099365
4.422309398651123 7.479057852000992 4.726994514465332 7.169094562530518
2.7023191452026367 4.200610087204723 5.613856792449951 10.862907409667969
2.4832286834716797 4.477771171655149 5.939951419830322 13.055276870727539
8.57584285736084 10.649970158099677 4.085768222808838 4.352454662322998
5.6285319328308105 9.048262555554658 5.74235725402832 9.297575950622559
4.283207893371582 6.96898768164526 6.966667652130127 14.55043888092041
2.854696035385132 4.927251183159722 7.372457981109619 17.53702735900879
10.659862518310547 13.16578814944296 4.945890426635742 5.3963303565979
6.557340621948242 9.433771492882357 7.634527206420898 13.285370826721191
4.116118907928467 6.0036192405432836 9.367263793945312 21.002124786376953
3.7313005924224854 5.465942823261116 9.827458381652832 24.935300827026367
4.919371128082275 5.413672105721318 3.865856885910034 4.383304119110107
4.00863790512085 6.143307712020388 5.954980373382568 9.403602600097656
3.7733752727508545 6.127820694166747 6.774822235107422 13.487701416015625
2.306652545928955 3.936144346658267 7.050787925720215 15.912912368774414
6.33470344543457 7.3270743797145315 4.536040782928467 5.266777992248535
5.334643363952637 8.352579281535753 7.369678497314453 12.457925796508789
3.5854315757751465 6.418012524775577 8.584220886230469 18.441301345825195
3.7655556201934814 5.975119912349555 8.925783157348633 21.766338348388672
7.619234085083008 8.662907335634372 5.789226055145264 6.955136299133301
6.646789073944092 8.887601737165454 10.086065292358398 18.272573471069336
5.020771503448486 8.145804251181858 11.845600128173828 27.1019287109375
4.757724285125732 6.220849494897493 12.178483963012695 31.348609924316406
4.994387626647949 6.18043171933823 1.8113404512405396 1.8611462116241455
4.635931491851807 7.117040690495955 2.127593994140625 2.789132595062256
2.7197470664978027 5.910720427306288 2.49763822555542 4.052492618560791
2.761544942855835 5.854154140517039 2.732741594314575 5.006375789642334
5.648927211761475 6.9097996378448965 1.9659785032272339 2.0265324115753174
4.814251899719238 8.259590116561384 2.3517751693725586 3.163828134536743
4.1218461990356445 6.996844276601507 2.799630641937256 4.719491481781006
2.9909379482269287 5.3659724031026 3.0765960216522217 5.879237651824951
6.702676296234131 8.521200533119178 2.211789846420288 2.28958797454834
5.590694427490234 8.576228365089195 2.709031820297241 3.7666640281677246
4.0520405769348145 7.157198887943423 3.2725183963775635 5.773232460021973
3.7401630878448486 5.262628997960178 3.604550838470459 7.2334747314453125
6.116082191467285 7.49984544482737 2.248703956604004 2.305903434753418
4.456437587738037 7.793525720939925 2.6651968955993652 3.6079370975494385
3.8489277362823486 7.442437437719718 3.124497413635254 5.384520530700684
2.368811845779419 4.227045496467582 3.4154915809631348 6.720693111419678
7.014726638793945 8.58131799377179 2.4921278953552246 2.573578119277954
5.595736503601074 9.649052991632232 3.0508840084075928 4.294572830200195
3.892822742462158 7.034444270785457 3.653916597366333 6.629633903503418
3.2564682960510254 6.252325308165609 4.012601375579834 8.336763381958008
8.370506286621094 10.441749968484402 2.909867763519287 3.0320956707000732
5.436886787414551 9.577489492960865 3.7164382934570312 5.493534088134766
3.8972597122192383 7.399647855299463 4.539860725402832 8.732050895690918
4.29995059967041 6.330777598246527 4.984529972076416 10.984590530395508
6.7373151779174805 8.224183661889697 2.8909552097320557 2.900632381439209
4.573182582855225 8.461583561722847 3.3409852981567383 4.612340450286865
3.418253183364868 6.177449835791776 3.7847630977630615 6.8169474601745605
1.7257174253463745 3.4205434657942533 4.08198881149292 8.454935073852539
7.899405002593994 9.681527707745317 3.2157278060913086 3.277208089828491
6.355090141296387 9.176546145999602 3.911890983581543 5.692821979522705
3.862685441970825 7.692763688062769 4.573058605194092 8.747076034545898
3.839020013809204 6.571947404890992 4.957473278045654 10.909553527832031
9.59579849243164 11.87937726794879 3.8179547786712646 3.965135097503662
6.556279182434082 9.605892681313609 4.960703372955322 7.690733909606934
5.165538787841797 8.567705374735851 5.950528621673584 12.128557205200195
4.641317367553711 6.823094447004628 6.4373459815979 15.047687530517578
5.2214531898498535 6.056412498488109 3.200453281402588 3.4632842540740967
4.974778175354004 8.441071099636702 4.364552974700928 6.192766189575195
3.484637975692749 6.475888003916216 4.41922664642334 8.180179595947266
2.639010190963745 4.17974844707669 4.640695571899414 9.92487907409668
4.780025005340576 5.118303135699769 3.6460587978363037 4.028995990753174
5.905266761779785 8.668828371430664 5.157316207885742 7.749966621398926
4.409992218017578 7.10678656168875 5.446757793426514 10.762462615966797
2.7993669509887695 5.891633250697313 5.761544704437256 13.120230674743652
7.273200511932373 7.961085666936924 4.465173721313477 5.07763147354126
6.787906646728516 10.068651060990376 6.5932488441467285 10.586901664733887
3.3973851203918457 5.746749676871872 7.275506496429443 15.325702667236328
4.308137893676758 6.197398247881182 7.693192958831787 18.559839248657227
5.3257622718811035 6.177574997541569 2.0573527812957764 2.1267104148864746
4.725905418395996 7.347714532158895 2.501319408416748 3.3381845951080322
4.091216564178467 6.152164505237444 2.9369869232177734 4.783331871032715
3.1587483882904053 5.562346940904376 3.1591837406158447 5.760168075561523
5.713028907775879 6.901417718695768 2.2147600650787354 2.2985434532165527
4.572973728179932 6.743975008019142 2.7611823081970215 3.8001248836517334
3.0518670082092285 4.746110331556231 3.2961983680725098 5.624481678009033
2.960294008255005 4.210008157652737 3.5657575130462646 6.848929405212402
6.385236740112305 8.063229778616758 2.4510321617126465 2.558385133743286
4.656970977783203 7.345158203026443 3.1460492610931396 4.495379447937012
3.7715632915496826 6.75121551196159 3.81510066986084 6.86876916885376
4.0000834465026855 6.530318644134667 4.144783020019531 8.445077896118164
6.3201398849487305 7.430451728489231 2.6644845008850098 2.773949384689331
4.545137882232666 6.457742363559639 3.3480072021484375 4.6626057624816895
3.833003282546997 6.518890329593652 3.9602630138397217 6.8745903968811035
2.630610704421997 4.7595381589767385 4.228735446929932 8.299853324890137
6.964982509613037 8.47196234366561 2.903362512588501 3.0420854091644287
4.688067436218262 7.611301119637119 3.8089540004730225 5.543354034423828
4.199918270111084 6.807832914960446 4.606995105743408 8.490676879882812
2.8286352157592773 5.0630577781884085 4.95363187789917 10.359964370727539
7.9683518409729 9.910214705063481 3.282933235168457 3.4730870723724365
6.457017421722412 10.49335985963864 4.526061058044434 6.952544689178467
4.987281322479248 8.38396604460786 5.574385166168213 10.981367111206055
3.290839433670044 5.390845918797282 6.014969825744629 13.462504386901855
6.69448184967041 7.912431445784904 3.229637861251831 3.3890881538391113
5.647886276245117 8.877087508334697 4.279350757598877 6.244296073913574
3.7981131076812744 6.590686327182908 5.049215793609619 9.223478317260742
2.898104190826416 4.872237528658388 5.330153465270996 11.02347183227539
7.451988220214844 9.113126592022667 3.5635485649108887 3.7887086868286133
5.620785713195801 8.160498955992693 4.9860429763793945 7.682712554931641
4.399822235107422 7.473270399421381 6.024290084838867 11.752822875976562
3.2053072452545166 5.888188136867939 6.402428150177002 14.171794891357422
8.772074699401855 10.886039862513371 4.120702743530273 4.4616875648498535
5.5512309074401855 7.600892657592823 6.13983154296875 10.07016372680664
4.0928120613098145 5.536990768112275 7.528164386749268 15.763540267944336
4.4761552810668945 6.89784558629367 8.006443977355957 18.99091911315918
5.270843982696533 5.554275871640783 3.7256245613098145 4.133228302001953
4.568936824798584 6.883000131933585 5.043358325958252 7.697732448577881
3.261186361312866 5.44381955420215 5.9738945960998535 11.31478500366211
2.7167952060699463 3.396155130632053 6.246087074279785 13.337896347045898
5.461172103881836 6.1074520328123185 4.185049057006836 4.76049280166626
5.284582138061523 8.641767666266105 5.993000030517578 9.697319984436035
3.9072158336639404 6.910181890759574 7.234489440917969 14.62646484375
3.550797700881958 5.422130322925113 7.610814094543457 17.393444061279297
6.824285984039307 7.83876822960795 5.003459453582764 5.795889854431152
5.221435546875 7.106355586412816 7.577991962432861 13.084480285644531
4.879166126251221 7.760192739654713 9.222567558288574 19.97037124633789
4.163121700286865 6.602431354472856 9.683178901672363 23.661148071289062
5.380277633666992 6.359837566875399 1.949789047241211 2.045325517654419
4.054948806762695 6.021364802894528 2.4077022075653076 3.304542064666748
3.7404470443725586 5.3398761673540776 2.8024179935455322 4.627857208251953
3.3062429428100586 4.915127321459636 3.0027942657470703 5.5262532234191895
5.70182466506958 7.052321014770061 2.0959267616271973 2.207991361618042
4.75302267074585 8.066827191333502 2.6473584175109863 3.7398183345794678
3.6773691177368164 6.458434069764849 3.119678258895874 5.377508640289307
2.9009552001953125 5.000810241499053 3.3525454998016357 6.489858627319336
6.485959053039551 8.533495322241379 2.319941759109497 2.4573543071746826
5.801363945007324 8.688273409359624 3.0168306827545166 4.406245231628418
4.757917881011963 7.531217157783885 3.604757785797119 6.51326322555542
3.648345470428467 6.848474173673476 3.88268780708313 7.932652473449707
6.515181541442871 7.654733920929139 2.5006439685821533 2.654933452606201
5.198950290679932 8.236863997543765 3.155203342437744 4.480682373046875
3.3758749961853027 5.361823861692386 3.671776533126831 6.375301361083984
2.032325029373169 3.472283832437796 3.9000561237335205 7.621527194976807
7.102386474609375 8.850984359613278 2.7238917350769043 2.907177448272705
5.012284755706787 8.85809434289979 3.568894624710083 5.273421764373779
4.01967191696167 7.2244003712512495 4.232141494750977 7.757693767547607
2.962190866470337 3.329368145822741 4.514625549316406 9.381285667419434
8.139928817749023 10.751106258537675 3.088916778564453 3.3254621028900146
6.631868362426758 10.039118113083305 4.247931003570557 6.576724529266357
3.7560787200927734 5.918372860483402 5.134444236755371 9.974443435668945
4.429121971130371 7.4914369443029045 5.491366863250732 12.141593933105469
7.015287399291992 8.275002779871556 3.171581506729126 3.385011672973633
4.719801902770996 6.788710194958753 4.036883354187012 5.910780429840088
3.789597749710083 6.141105021510501 4.628988265991211 8.353801727294922
2.510679006576538 4.193469357798598 4.842869758605957 9.871870040893555
7.949040412902832 9.759722011832707 3.479391098022461 3.755009889602661
4.62782096862793 7.4181924892182 4.669938087463379 7.19028377532959
4.399168968200684 7.774482950830702 5.477962017059326 10.496386528015137
3.247483968734741 5.676043666248076 5.7583208084106445 12.528043746948242
9.242048263549805 11.986151464052476 4.012020587921143 4.394760608673096
6.650937080383301 8.814121067826761 5.7490925788879395 9.35115909576416
4.480010986328125 7.227085820353047 6.880715847015381 14.011932373046875
3.4940152168273926 5.44901621425538 7.24923849105835 16.777877807617188
5.231293201446533 5.605386134808782 3.4904112815856934 3.9973723888397217
4.0537261962890625 6.082154761548921 4.955089569091797 7.349625587463379
3.6844418048858643 6.297206934696533 5.498592853546143 10.186494827270508
2.446958065032959 3.6491139530335204 5.6613240242004395 11.85593032836914
6.174914836883545 7.079470930837886 3.9315226078033447 4.57116174697876
4.389608383178711 7.083039621650215 5.81933069229126 9.155301094055176
4.436283111572266 5.80883672427035 6.62526273727417 13.088128089904785
3.4173624515533447 4.326432627700882 6.851325511932373 15.314517974853516
6.676281452178955 7.095693846058111 4.689699649810791 5.5373454093933105
5.975614070892334 8.563399499849702 7.311085224151611 12.312034606933594
5.438025951385498 8.053179211353608 8.498327255249023 17.8162899017334
2.9129831790924072 3.9514132376263937 8.801590919494629 20.84824562072754
5.0179123878479 5.720182318358866 2.0087766647338867 2.076167345046997
4.434617042541504 6.959668068923747 2.367210626602173 3.1380083560943604
2.943390130996704 4.667752813674305 2.693774700164795 4.353957176208496
2.5907974243164062 4.066752660648902 2.864412546157837 5.167107105255127
5.740542888641357 6.7539088522297845 2.1742944717407227 2.253849506378174
5.036979675292969 6.2833535501723645 2.6231467723846436 3.574160099029541
4.15382719039917 7.465280631344967 3.01870059967041 5.094568252563477
3.0229480266571045 4.204904811544338 3.214536190032959 6.101101398468018
6.715576171875 8.060451047406275 2.4296278953552246 2.5292296409606934
6.091011047363281 9.847388573779238 3.0208866596221924 4.254875659942627
4.010300636291504 6.155083078004111 3.5160913467407227 6.240676403045654
4.190423488616943 7.4494057833231295 3.7439610958099365 7.524615287780762
5.963708877563477 6.828353840022601 2.616306781768799 2.726480722427368
5.160289764404297 7.860841304310867 3.1363162994384766 4.320966720581055
3.6062910556793213 5.613345642775946 3.51944899559021 6.032359600067139
2.3115053176879883 4.624103293589226 3.6762285232543945 7.117571830749512
6.987512111663818 8.205682563377877 2.8806915283203125 3.0148191452026367
5.760503768920898 8.357900603349924 3.594215154647827 5.153437614440918
3.783299207687378 5.63743128244591 4.0992841720581055 7.435232639312744
3.540724515914917 5.9908669045721865 4.287520408630371 8.841358184814453
8.33984088897705 10.043940862222883 3.312879800796509 3.4947245121002197
6.235048294067383 9.331534598892347 4.353090763092041 6.552222728729248
4.585177898406982 5.641585655100393 5.038571357727051 9.742288589477539
4.381891250610352 6.990729040257406 5.261205673217773 11.620354652404785
6.477638244628906 7.422928586439813 3.349109172821045 3.5452775955200195
4.841542720794678 6.9072107149077056 4.075194835662842 5.819846153259277
3.091400146484375 4.519097578237542 4.434381484985352 7.949631690979004
2.229900598526001 3.7177760617828426 4.515931606292725 9.191779136657715
7.708364009857178 9.048471203100462 3.722857713699341 3.9654431343078613
5.529940128326416 7.708304078606282 4.788983345031738 7.192433834075928
3.604048013687134 4.9123848315554035 5.317356109619141 10.166121482849121
4.012081623077393 6.823747684348888 5.422998428344727 11.8240966796875
9.414593696594238 11.382060053784187 4.363518714904785 4.704784870147705
7.000360488891602 9.410059333157626 6.0222272872924805 9.580306053161621
5.308495998382568 8.731329667069758 6.797451496124268 13.886058807373047
4.005579948425293 6.927509068216807 6.91411018371582 16.158641815185547
3.760309934616089 4.051565889552876 3.752901554107666 4.235571384429932
4.4338579177856445 6.814139370170892 5.121913909912109 7.586694717407227
2.8580877780914307 4.562097208305204 5.301390647888184 9.794234275817871
2.8730406761169434 4.432284507351994 5.247774600982666 11.023151397705078
4.932061195373535 5.542874503510518 4.286039352416992 4.897141933441162
4.461140155792236 6.825159294906825 6.1080780029296875 9.572422981262207
3.60866641998291 6.8516711993125625 6.472182273864746 12.80096435546875
3.3972716331481934 5.234170616254914 6.423977375030518 14.474784851074219
6.849122524261475 7.164862240545197 5.209354877471924 6.069013595581055
7.2389702796936035 9.719048622024161 7.836907386779785 13.051753997802734
4.493154525756836 7.561817471174052 8.4671630859375 17.825397491455078
4.607326030731201 6.945552959039787 8.385713577270508 20.158658981323242
5.323170185089111 6.17981016841604 1.7537693977355957 1.8014293909072876
4.544824600219727 6.6349595266785855 2.073594331741333 2.680626630783081
3.7452681064605713 6.910220209090298 2.425619125366211 3.834063768386841
1.7274664640426636 2.981072887488267 2.6335818767547607 4.66099214553833
5.774641990661621 6.884196611188764 1.8938031196594238 1.951438307762146
5.560161590576172 8.089803780132678 2.2740960121154785 3.0120699405670166
3.6847262382507324 7.181000430202943 2.6866605281829834 4.413651943206787
2.242229700088501 4.527952691984353 2.923832416534424 5.416093826293945
6.784969329833984 8.367215568531947 2.121709108352661 2.1941568851470947
5.48901891708374 8.022445178761206 2.598426103591919 3.537250280380249
4.536534786224365 8.322718565765626 3.0986485481262207 5.3054022789001465
4.31412935256958 7.103317702177634 3.372182846069336 6.551812648773193
6.46707820892334 7.477114313640868 2.0962817668914795 2.157679796218872
5.894532203674316 8.793104471961868 2.5382916927337646 3.3889636993408203
2.8986008167266846 5.570652467854394 3.0020599365234375 4.9989118576049805
3.012906789779663 5.21293859278029 3.2566051483154297 6.133878707885742
7.16922664642334 8.480633296074984 2.3190572261810303 2.4005956649780273
6.480565547943115 8.89388921468418 2.878342628479004 3.9770984649658203
4.755849838256836 8.16746250183509 3.448291063308716 6.036464214324951
3.4750170707702637 7.105221558202857 3.7476651668548584 7.474589824676514
8.382226943969727 10.498934707505754 2.721404790878296 2.8366611003875732
7.18192195892334 10.608394238524316 3.4833672046661377 5.01242208480835
4.675680637359619 8.52840180282751 4.206346035003662 7.773097038269043
4.214125156402588 8.05580472482552 4.555263042449951 9.638838768005371
7.143838405609131 8.238076132110933 2.552245616912842 2.604560375213623
5.269585132598877 7.650793969006827 3.078521251678467 4.204317569732666
3.6401798725128174 6.297086317851154 3.6020517349243164 6.229977130889893
2.6506359577178955 4.645349783183065 3.869603395462036 7.6190619468688965
8.31409740447998 9.851596853526189 2.8558030128479004 2.9463090896606445
6.170610427856445 8.006261802153787 3.575052261352539 5.1010565757751465
4.59379768371582 8.077773012902071 4.251341342926025 7.792719841003418
3.7962636947631836 6.741446015711538 4.57485818862915 9.604384422302246
9.859851837158203 12.311502412145273 3.458186149597168 3.6144156455993652
6.354340553283691 9.832380943944827 4.525094985961914 6.802013874053955
4.882966041564941 7.738600402990041 5.414566993713379 10.55128002166748
4.537037372589111 7.138712296998165 5.784701347351074 12.947979927062988
4.58577823638916 4.973190327853899 2.6860108375549316 3.0718722343444824
5.325078964233398 7.501639766860819 3.9297358989715576 5.443375587463379
3.4117579460144043 6.028658446695772 4.162507057189941 7.377060890197754
2.268789291381836 3.9800669505279984 4.38767147064209 8.887918472290039
5.284762382507324 5.526941601931867 3.073458433151245 3.5191760063171387
5.210404872894287 6.897385297844934 4.556734085083008 6.674774169921875
5.010250091552734 8.833191817388673 4.993435382843018 9.429115295410156
2.59417462348938 3.5354549522824072 5.277163505554199 11.439436912536621
5.898133754730225 7.09012598948334 3.793426036834717 4.404630184173584
6.738486289978027 9.714401225307938 5.801962852478027 9.002702713012695
4.873878479003906 7.896941370486729 6.52739953994751 13.137384414672852
5.293004512786865 7.683643441862614 6.842026710510254 15.817771911621094
5.164389610290527 6.152919001961258 1.8136870861053467 1.8804426193237305
4.055754661560059 6.2482143998000765 2.174718141555786 2.9029877185821533
3.119631052017212 5.391124694023446 2.5266237258911133 4.129873752593994
2.6923351287841797 4.888345135423805 2.7296218872070312 5.0132317543029785
5.586071491241455 6.937143479068217 1.9613770246505737 2.037884473800659
3.9364588260650635 6.964633482873097 2.395986557006836 3.26815128326416
4.168520450592041 6.730538927740099 2.818274974822998 4.777791976928711
3.2276203632354736 4.973085217364314 3.052741050720215 5.857800006866455
6.391277313232422 8.307403890761293 2.19016170501709 2.2822675704956055
6.115389347076416 9.251551282392796 2.7389743328094482 3.8343591690063477
3.509091377258301 6.839451371783184 3.262423515319824 5.766138553619385
2.8911616802215576 5.687016454752666 3.5365569591522217 7.124792575836182
6.085119247436523 7.332796985913205 2.234893321990967 2.3283419609069824
4.441469192504883 6.506688133661086 2.7040460109710693 3.719736337661743
2.6079394817352295 4.2723625266150975 3.1469228267669678 5.415555477142334
2.5464465618133545 4.479647112211552 3.389817953109741 6.61693000793457
6.816611289978027 8.532149243794692 2.4624290466308594 2.5744516849517822
4.730326175689697 8.060729822270105 3.077240467071533 4.37470817565918
4.447552680969238 6.803614028080993 3.6460392475128174 6.595804214477539
3.077685594558716 5.478845254978978 3.936396598815918 8.130359649658203
8.042917251586914 10.320100740652121 2.8365120887756348 2.98219895362854
6.2578277587890625 10.754557309785923 3.697317600250244 5.469473838806152
5.462005615234375 9.262335294449258 4.452563762664795 8.50521183013916
2.7293665409088135 5.0080478114416564 4.797102928161621 10.516983032226562
6.486866474151611 7.8974294571965515 2.8544723987579346 2.9926278591156006
5.796387195587158 8.335142185534892 3.345536947250366 4.726345062255859
3.4438798427581787 5.820828292296483 3.789001226425171 6.786277770996094
3.0059807300567627 5.033320057659239 4.032054424285889 8.228975296020508
7.5222368240356445 9.42128356595822 3.1509978771209717 3.3256139755249023
5.157716751098633 7.58266926338797 3.8837239742279053 5.726491451263428
4.268343448638916 7.127281413940523 4.515638828277588 8.575986862182617
3.1427853107452393 5.118437007581329 4.817068099975586 10.477696418762207
9.124731063842773 11.76749592075698 3.6696534156799316 3.909466028213501
6.882689476013184 11.507371175650405 4.833738327026367 7.49107027053833
6.026313304901123 9.515187060045468 5.7428178787231445 11.578803062438965
3.6674394607543945 5.988341333763401 6.0996222496032715 14.126947402954102
5.33697509765625 5.982004020829663 3.2157299518585205 3.6219661235809326
4.367563724517822 7.719546434941982 4.290465831756592 6.225764274597168
3.4531469345092773 5.325859480565327 4.378718376159668 8.076513290405273
1.7956666946411133 3.0788854506056964 4.564818382263184 9.593364715576172
5.771925449371338 6.581957008943164 3.6361501216888428 4.14981746673584
5.6854729652404785 9.224644807745335 4.995922565460205 7.674144744873047
4.3667988777160645 7.779636303847894 5.304291248321533 10.418214797973633
3.5469605922698975 6.759905350277222 5.554357051849365 12.480668067932129
7.905306816101074 8.429582392761759 4.37449836730957 5.082399845123291
7.000568866729736 11.687755524695831 6.252867221832275 10.169011116027832
4.836773872375488 7.8211597613234325 6.915689468383789 14.422121047973633
3.7698206901550293 6.641848904278419 7.210328102111816 17.234424591064453
5.10499382019043 5.906668194615676 1.6716362237930298 1.7264392375946045
5.034710884094238 7.575514989592463 1.9875478744506836 2.632429599761963
3.44638729095459 6.2939799915626 2.3425772190093994 3.7547850608825684
2.665008544921875 3.56197409504216 2.563750743865967 4.553868293762207
5.57833194732666 6.676541043052595 1.7943830490112305 1.857570767402649
4.587874412536621 7.718709621073941 2.170362710952759 2.9316611289978027
3.225407600402832 4.661391969362768 2.595506429672241 4.297557830810547
3.280580520629883 6.434439073760075 2.856149196624756 5.275941371917725
6.256391525268555 7.7617125147370984 1.9898453950881958 2.0654709339141846
5.105778694152832 8.247549752298141 2.4596548080444336 3.41068434715271
4.8138909339904785 8.90403369370317 2.9894771575927734 5.159590721130371
3.7662484645843506 6.792845016221719 3.303609848022461 6.4029459953308105
6.167593955993652 7.102143554770294 1.995158076286316 2.0639121532440186
4.328361988067627 7.0679231168501815 2.4081366062164307 3.2738449573516846
2.8662118911743164 5.277856414916869 2.870492458343506 4.829659461975098
3.931833028793335 6.870250172687115 3.1520166397094727 5.948792457580566
6.85109806060791 8.128234553023844 2.185636043548584 2.2700514793395996
5.406376361846924 9.30139195074537 2.7132811546325684 3.797380208969116
4.480588436126709 8.006352289918674 3.305414915084839 5.811546325683594
4.007988929748535 7.157132412613379 3.6549267768859863 7.2538557052612305
7.916511058807373 9.773810344285835 2.51338791847229 2.6224472522735596
5.999227523803711 9.842123574694632 3.240015983581543 4.713014602661133
3.779559850692749 6.774178381069646 4.040717124938965 7.504035949707031
4.21604585647583 7.325388854732914 4.485157012939453 9.440428733825684
6.672064781188965 7.722125106327226 2.433588743209839 2.512430191040039
6.023573398590088 9.163209777803331 2.8943614959716797 3.998279571533203
3.544412136077881 5.903851330875796 3.4152212142944336 5.947525978088379
2.824728012084961 4.044474757008288 3.733035087585449 7.352268695831299
7.722711563110352 9.167731886037018 2.687558650970459 2.787137031555176
6.125120162963867 9.222218407900073 3.332195997238159 4.780428886413574
3.8719642162323 6.728406544086326 4.050714492797852 7.428745746612549
3.6573808193206787 6.521839409191479 4.46422815322876 9.3024320602417
9.160558700561523 11.20833306290956 3.154041051864624 3.2956929206848145
5.681881427764893 8.431162662015307 4.139479637145996 6.239853382110596
4.6092529296875 6.869157199750305 5.188124656677246 10.123968124389648
3.33711838722229 5.445936505506921 5.73483419418335 12.720954895019531
4.872458457946777 5.446218408469122 2.610010862350464 2.9490089416503906
5.434048652648926 8.890899646651391 3.5888967514038086 5.0451788902282715
3.4312455654144287 4.768504496708829 3.919400691986084 6.964585781097412
1.6241445541381836 3.169375227095344 4.22402811050415 8.541122436523438
6.105052471160889 6.386259196081596 2.938697576522827 3.3422365188598633
4.5884294509887695 7.334936445936137 4.165149688720703 6.096441268920898
4.941251277923584 8.722195971314022 4.7327446937561035 8.901630401611328
3.2365193367004395 5.411228535817372 5.15339469909668 11.055400848388672
7.512857913970947 8.508920953437702 3.5217411518096924 4.049705505371094
6.424126625061035 9.801616720776565 5.233120918273926 8.083877563476562
5.532041549682617 8.238347295729227 6.2332868576049805 12.515304565429688
4.8821539878845215 7.856855574990959 6.814681529998779 15.563271522521973
4.680059432983398 5.761100573645234 1.9868122339248657 2.0680482387542725
4.249674320220947 7.785880122287516 2.4053845405578613 3.2448530197143555
1.9365251064300537 3.6255458943314807 2.8090856075286865 4.586071968078613
2.5125441551208496 5.235891928543694 3.018808603286743 5.472177982330322
5.414909362792969 6.766360135777802 2.141366720199585 2.2362093925476074
4.837464809417725 7.292419129440759 2.6485698223114014 3.667881488800049
3.7777152061462402 6.7210707156346885 3.146958351135254 5.363563537597656
3.378978729248047 4.715745426371413 3.4032084941864014 6.498994827270508
6.523691654205322 8.473071981979338 2.37530779838562 2.4901366233825684
5.919518947601318 9.039924597036725 3.0182535648345947 4.315848350524902
4.013452529907227 7.316811021146151 3.6563363075256348 6.537370204925537
4.224346160888672 6.893338312825759 3.977736711502075 8.028014183044434
5.6422038078308105 6.985674940074766 2.558591365814209 2.6745309829711914
4.014984130859375 6.111497517559558 3.173654317855835 4.419552803039551
2.945831060409546 5.215324473297187 3.7211062908172607 6.405430793762207
2.242443323135376 3.31742749254974 3.9639596939086914 7.658261299133301
6.659520626068115 8.39851845041062 2.7918472290039062 2.934107780456543
4.833415985107422 8.116218142628895 3.598989486694336 5.2130818367004395
3.936608076095581 6.725747355404565 4.328518390655518 7.889266014099121
2.2832298278808594 4.308068796041027 4.651268005371094 9.58888053894043
8.101151466369629 10.369585180215127 3.1636908054351807 3.349663019180298
6.203453063964844 10.391224959547344 4.279566764831543 6.499784469604492
4.57785177230835 8.227928302722177 5.283580780029297 10.22780990600586
4.319603443145752 6.871671714471944 5.715893268585205 12.565628051757812
6.137150287628174 7.6572989755136405 3.2410225868225098 3.4092659950256348
3.6347336769104004 6.347105452265623 4.098526477813721 5.879988193511963
3.2714643478393555 5.35634756780658 4.731666564941406 8.475691795349121
2.6481149196624756 4.058087569436594 4.951358795166016 10.000353813171387
7.384964942932129 9.303827439031522 3.554436683654785 3.7708113193511963
4.924864292144775 8.121553177076748 4.750377178192139 7.1649489402771
3.7004122734069824 5.59247976029144 5.653195381164551 10.815546035766602
3.2820751667022705 3.9738862343260166 5.976430892944336 12.967613220214844
9.157108306884766 11.515842996423373 4.08328914642334 4.385775089263916
6.617051124572754 11.14093942865017 5.839125156402588 9.34298038482666
5.4560112953186035 8.820646694107335 7.148184776306152 14.599288940429688
4.2164812088012695 6.1045208592184395 7.601429462432861 17.607891082763672
5.101102828979492 5.743533277361166 3.55991530418396 3.9825329780578613
4.35806131362915 7.643938834503851 5.0685882568359375 7.479552745819092
3.158015251159668 5.36465489056917 5.6743621826171875 10.45690631866455
1.000632405281067 1.5151897471150946 5.804407119750977 12.04990005493164
5.386651992797852 6.312375768423438 4.009663105010986 4.548641681671143
5.342941761016846 7.519924681994439 5.972257614135742 9.40715503692627
3.7946574687957764 5.163921929422466 6.880313396453857 13.590635299682617
3.1472995281219482 4.697323770563216 7.125461578369141 15.928459167480469
7.390523433685303 8.573751756564931 4.780602931976318 5.529066562652588
5.456506252288818 8.282450143945297 7.49631929397583 12.614062309265137
5.111271858215332 7.688356502943449 8.874504089355469 18.709516525268555
3.8878862857818604 5.765599085438174 9.248526573181152 22.015134811401367
5.649126052856445 6.641034402612831 1.9724892377853394 2.0489468574523926
4.685311317443848 7.662918597053249 2.413987636566162 3.2798187732696533
3.778886318206787 6.271824608476891 2.843365430831909 4.742652416229248
2.8679561614990234 4.378878048973519 3.0774319171905518 5.772341251373291
6.059413909912109 7.320016213069948 2.125702142715454 2.218683958053589
4.942535400390625 8.74939448291002 2.659656524658203 3.720057964324951
4.524145126342773 8.254212547124837 3.1872222423553467 5.5683088302612305
4.215286731719971 7.031951421276421 3.4700310230255127 6.866450786590576
6.837485313415527 8.754592505153017 2.3599698543548584 2.475114345550537
6.201641082763672 9.945355747684175 3.03879714012146 4.398697853088379
5.329565525054932 7.426763216087451 3.711191415786743 6.82445764541626
3.2589399814605713 5.275033718401907 4.061122894287109 8.504694938659668
6.951678276062012 8.086901325937148 2.5696487426757812 2.658231258392334
5.804847240447998 9.02990157702584 3.211883544921875 4.494953632354736
4.585760116577148 7.453762099074993 3.7855613231658936 6.651640892028809
2.3496804237365723 4.879273137876396 4.058742046356201 8.097743034362793
7.634364604949951 9.1798782258914 2.8027968406677246 2.9295830726623535
5.351016044616699 8.62303729574387 3.641080379486084 5.32529878616333
4.5677947998046875 8.08428432324581 4.3989410400390625 8.221131324768066
3.6076760292053223 6.180678690903051 4.752521514892578 10.140752792358398
8.683289527893066 10.979843851784608 3.185779094696045 3.366676092147827
6.138855934143066 9.679480699986243 4.353998184204102 6.708858489990234
4.286943435668945 7.239242608058433 5.391968727111816 10.751338958740234
3.813354253768921 6.452279464019455 5.853932857513428 13.346726417541504
7.383187294006348 8.652254476420673 3.381418228149414 3.4608185291290283
5.567968368530273 8.595079878836259 4.2548651695251465 6.106215476989746
3.704958438873291 4.975398500866106 4.872189521789551 8.893400192260742
3.133453607559204 4.194461473247429 5.113117218017578 10.631855010986328
8.473034858703613 10.229283431523998 3.704317808151245 3.8551743030548096
6.599073886871338 9.281019782310207 4.9132890701293945 7.465182304382324
5.1281328201293945 8.97580868591595 5.798034191131592 11.349381446838379
3.7652392387390137 6.5739651835558375 6.142399787902832 13.744433403015137
10.007979393005371 12.577273114553009 4.26517915725708 4.525082588195801
5.802114963531494 8.30301710923719 6.069666862487793 9.837076187133789
5.109129905700684 8.167411985085792 7.3579607009887695 15.430922508239746
4.384280681610107 7.706423916894352 7.8299736976623535 18.729520797729492
4.770038604736328 5.464134624100261 3.640441417694092 4.006494998931885
5.088887691497803 8.780861594295015 5.399003028869629 8.146509170532227
3.9357683658599854 6.796276244699129 5.922034740447998 11.115243911743164
2.523280382156372 5.168746912556912 6.052523136138916 12.909036636352539
5.715373992919922 6.414817170028243 4.108096599578857 4.630756378173828
5.905465602874756 9.171233777973384 6.336970329284668 10.094916343688965
4.404480934143066 7.113551965376757 7.134214401245117 14.382245063781738
3.3951473236083984 5.293765222531285 7.374038219451904 16.932790756225586
7.4676642417907715 8.428906159624297 4.938279628753662 5.728545665740967
7.036841869354248 10.380329885464562 7.990692138671875 13.565452575683594
6.096951961517334 7.705803676829873 9.217551231384277 19.852169036865234
4.233618259429932 7.9948341783890555 9.577066421508789 23.420761108398438
4.809484958648682 5.929657520387536 1.7958159446716309 1.8668550252914429
4.48514461517334 8.127738598919613 2.202073335647583 3.0050370693206787
3.166091203689575 6.042500284921289 2.615469455718994 4.353224277496338
2.647969961166382 4.215948185750676 2.8494675159454346 5.300908088684082
5.441471576690674 6.801551612652332 1.9298157691955566 2.011871337890625
4.879858016967773 7.730485623604864 2.416829824447632 3.361887216567993
2.8672409057617188 5.338160638623776 2.91585111618042 5.004185676574707
3.198726177215576 4.987817847787483 3.195592164993286 6.170146465301514
6.178462028503418 8.159347299726448 2.1368870735168457 2.2341177463531494
4.891439437866211 8.222953970619386 2.7468619346618652 3.9049317836761475
3.989013195037842 5.353203111282028 3.3684017658233643 5.973316192626953
3.5290513038635254 5.002348549117391 3.7097253799438477 7.444901943206787
5.854372501373291 7.1576870455104595 2.240265130996704 2.337547540664673
5.227907657623291 8.854122281315938 2.817650079727173 3.973306179046631
2.8362321853637695 5.186285970361951 3.3713955879211426 5.9330902099609375
2.1349637508392334 3.9729520834933965 3.6575684547424316 7.284127235412598
6.636924743652344 8.30399909314957 2.4490573406219482 2.5645251274108887
5.420007705688477 7.510841360310877 3.1844449043273926 4.625415802001953
4.040170669555664 7.222010293433479 3.8944320678710938 7.149740695953369
3.36965012550354 5.1524276555520245 4.255049705505371 8.885287284851074
7.843238353729248 10.146692147501199 2.7914915084838867 2.9375858306884766
5.77777624130249 9.743570751390507 3.7894492149353027 5.690014362335205
3.905319929122925 5.653416365919622 4.732171535491943 9.067238807678223
3.956150770187378 5.826543032928612 5.1897358894348145 11.355484962463379
6.331608772277832 7.787385969817443 2.8390121459960938 3.0298104286193848
4.150219440460205 5.734053928213143 3.568795919418335 5.18344259262085
3.0806221961975098 5.323249535664672 4.198137283325195 7.705302715301514
2.7079124450683594 4.692164865514549 4.48792839050293 9.382640838623047
7.362236499786377 9.307554967749411 3.1224679946899414 3.326698064804077
5.6021928787231445 8.82211962791169 4.1216301918029785 6.219987869262695
3.7296667098999023 6.619813047154696 4.975691795349121 9.606301307678223
3.2156054973602295 5.5311324120363 5.359144687652588 11.80702018737793
9.073652267456055 11.515339092342174 3.615706443786621 3.8640244007110596
5.768106937408447 8.75914914224927 5.081713676452637 8.009897232055664
4.0706400871276855 6.268339386622529 6.278888702392578 12.70840072631836
3.0255119800567627 4.3911606821740685 6.773611545562744 15.663799285888672
3.8688700199127197 4.469836525087828 3.00205135345459 3.3979055881500244
4.866581439971924 8.157009141922686 4.466424942016602 6.682097434997559
2.307236433029175 4.55127956935015 4.963711261749268 9.376717567443848
1.7293916940689087 2.797688596461967 5.198629856109619 11.207390785217285
6.412203788757324 7.349022216482185 3.379375457763672 3.840919256210327
3.2719531059265137 4.934584783253797 5.199201583862305 8.1719388961792
3.6704084873199463 6.153322007494353 5.974717617034912 11.936081886291504
2.4837870597839355 3.9207570619695957 6.307397842407227 14.355098724365234
7.133444309234619 8.288202045396702 4.034571647644043 4.628106117248535
5.758396148681641 7.216768591487451 6.526653289794922 10.798370361328125
4.912680149078369 8.125080227241384 7.714236259460449 16.16752815246582
4.03640079498291 6.516034783147993 8.146685600280762 19.42607307434082
4.874157428741455 5.852052777092965 1.9072779417037964 1.9937494993209839
2.8562989234924316 4.289286379397387 2.331645965576172 3.1787431240081787
2.7171261310577393 4.630522664574755 2.7370877265930176 4.4853034019470215
1.7319096326828003 3.2859636572194404 2.9637677669525146 5.383830547332764
5.4956159591674805 6.80618429119083 2.0404396057128906 2.1372249126434326
5.039865493774414 7.854904974157066 2.541795253753662 3.543238401412964
3.6292030811309814 6.213243967619064 3.0265445709228516 5.159672260284424
2.525879383087158 4.7468661166369515 3.2945332527160645 6.287829399108887
6.443910121917725 8.589924843911545 2.241661787033081 2.3529560565948486
6.114038944244385 10.429622943745416 2.866102695465088 4.098735809326172
4.739727973937988 8.726731529802237 3.4703586101531982 6.1665358543396
2.809645891189575 5.416357556000548 3.7940855026245117 7.608536720275879
5.907487392425537 7.131152031377027 2.409454822540283 2.524970054626465
4.4454450607299805 7.689698485668487 2.982518434524536 4.187041759490967
3.0812456607818604 5.485228577264024 3.4844000339508057 6.013978958129883
2.608989715576172 4.652381336137452 3.7396180629730225 7.2401604652404785
6.6865234375 8.35610545638383 2.6064906120300293 2.749368190765381
5.253344535827637 8.686766281238278 3.3393354415893555 4.8629069328308105
3.644496202468872 7.068721665515341 3.9864914417266846 7.2718119621276855
2.6402580738067627 5.065829287789825 4.305367469787598 8.89392375946045
8.119915008544922 10.632573958119792 2.929295063018799 3.1096243858337402
6.001153469085693 10.34941388234597 3.932743549346924 5.971521854400635
4.872130870819092 7.846781323125327 4.806174278259277 9.273978233337402
3.949946165084839 6.816125418506772 5.208322048187256 11.445049285888672
6.322460651397705 7.741778554827036 3.0692801475524902 3.2040839195251465
3.1891188621520996 5.214810184619637 3.773216962814331 5.418280601501465
3.58962082862854 6.0658189483561955 4.288053035736084 7.684626579284668
2.5357043743133545 5.094666053129288 4.5176167488098145 9.146079063415527
7.56539249420166 9.39961541928632 3.3356220722198486 3.515669822692871
4.64215087890625 8.04049121669209 4.3148064613342285 6.511105537414551
3.743760824203491 5.670128699198983 5.040884017944336 9.651595115661621
3.1913199424743652 5.042243715063194 5.345647811889648 11.657061576843262
9.483733177185059 12.093178620771198 3.8022820949554443 4.057980060577393
6.592650890350342 10.872759370974336 5.268434047698975 8.395722389221191
5.059012413024902 7.349010780550088 6.32443904876709 12.909622192382812
3.38484787940979 5.373702331270408 6.7187604904174805 15.653450965881348
4.541887283325195 4.870502924912813 3.3582561016082764 3.7457635402679443
3.232785224914551 5.287333738038342 4.708147048950195 6.972810745239258
1.9232244491577148 3.1297765334250016 5.03354549407959 9.238139152526855
1.2543296813964844 2.3949690303625744 5.178594589233398 10.769124984741211
6.149377822875977 6.859628615470202 3.7417471408843994 4.240187644958496
3.7911489009857178 7.304087521826432 5.477426052093506 8.574126243591309
3.544707775115967 6.871181902152216 6.028136730194092 11.880071640014648
3.180990695953369 5.870072999837973 6.242589950561523 14.045693397521973
6.902078151702881 7.090566007768643 4.418333530426025 5.102715492248535
6.7999372482299805 11.157356798329431 6.842808723449707 11.35586929321289
5.196600914001465 6.5110384214221995 7.761795520782471 16.339988708496094
3.8268167972564697 6.775311720245745 8.043692588806152 19.333436965942383
5.032559871673584 6.1855834455277545 1.828122854232788 1.9055296182632446
4.356941223144531 7.722218896042023 2.2364447116851807 3.1262717247009277
2.4750161170959473 3.641653214741382 2.6172292232513428 4.478762149810791
2.9401063919067383 5.383652291754515 2.823831081390381 5.37348747253418
5.840540409088135 7.240481455287437 1.980625033378601 2.070528745651245
4.705081939697266 6.9504623598434705 2.477710008621216 3.5342419147491455
3.1393375396728516 5.958419769354066 2.934669017791748 5.1804986000061035
3.3938937187194824 6.331163127996433 3.1763360500335693 6.276315212249756
6.83123779296875 8.841637849701328 2.2193541526794434 2.329976797103882
5.9039740562438965 9.402976288989336 2.852605104446411 4.185080528259277
5.009707450866699 8.624277756326222 3.4182963371276855 6.282763957977295
2.0921742916107178 3.6987653779748086 3.703615665435791 7.66999626159668
6.1429829597473145 7.468382675919429 2.2312114238739014 2.3356401920318604
4.258440017700195 7.089613761282692 2.8105764389038086 4.084084987640381
3.3226819038391113 5.973876399579181 3.3130578994750977 6.012811660766602
2.6037333011627197 3.726671847875835 3.5620760917663574 7.261895179748535
7.077107906341553 8.837740071393455 2.4764857292175293 2.604250192642212
5.460307598114014 8.048644778147832 3.230309247970581 4.832239151000977
4.435190200805664 6.588288611449855 3.868401527404785 7.308783054351807
3.544605016708374 6.02690661424927 4.1704206466674805 8.905285835266113
8.393171310424805 10.808720981965934 2.891047477722168 3.0620038509368896
6.069828510284424 8.972648794692947 3.937040328979492 6.117777347564697
4.822968482971191 8.389995261870652 4.778188705444336 9.475481033325195
4.415017127990723 7.016144267086709 5.142453193664551 11.585626602172852
6.689341068267822 8.16252335147307 2.7758381366729736 2.9083199501037598
5.403607368469238 8.606305156055669 3.4798922538757324 5.207507610321045
2.6021690368652344 3.764970043834671 4.046576023101807 7.651893615722656
1.9010480642318726 2.3986993436491275 4.301534652709961 9.187814712524414
7.925661563873291 9.913433433835763 3.1122663021087646 3.2879276275634766
4.646212577819824 7.4005832909240326 4.111629486083984 6.376017093658447
4.480892181396484 7.280655710577321 4.875156879425049 9.642171859741211
2.847191333770752 4.302997193471697 5.192390441894531 11.658990859985352
9.674671173095703 12.319190033198993 3.726555347442627 3.9805078506469727
6.908336162567139 10.220293320946084 5.236961364746094 8.485403060913086
5.2780046463012695 7.646685758398149 6.296065330505371 13.086552619934082
4.6093339920043945 6.913826484337271 6.677127361297607 15.799530029296875
4.753823280334473 5.58087141994838 3.1102044582366943 3.616417169570923
4.842775344848633 8.38559714083084 4.294089317321777 6.562371730804443
3.052307605743408 4.276837772750895 4.706739902496338 9.134535789489746
2.497164487838745 4.998475476778073 4.923882484436035 10.818676948547363
5.2977166175842285 6.208987637018609 3.572544574737549 4.195692539215088
5.659116744995117 8.76953661448124 5.119965553283691 8.183064460754395
3.6300582885742188 5.271954817433077 5.78717041015625 11.770063400268555
3.5740067958831787 6.7872474395201 6.064374923706055 14.017422676086426
7.014105796813965 7.667182855025652 4.409942626953125 5.262171268463135
7.0352582931518555 11.434738885422206 6.658174514770508 11.144152641296387
5.237956523895264 7.586319221048264 7.682429790496826 16.384904861450195
3.9917962551116943 6.857696590116688 8.005847930908203 19.417774200439453
4.995641231536865 5.983820182238105 2.004145622253418 2.07112193107605
3.8346292972564697 6.383053289475583 2.417675733566284 3.2366373538970947
3.034083843231201 5.409763017597072 2.815314292907715 4.586758613586426
2.9517757892608643 5.522450735630628 3.0337512493133545 5.52493953704834
5.485062122344971 6.776335748005858 2.1559667587280273 2.233222723007202
3.9216246604919434 6.81539010197965 2.657499313354492 3.6424152851104736
3.0853445529937744 6.799256075521839 3.140253782272339 5.314011096954346
3.5521342754364014 5.881191472698595 3.4002459049224854 6.470216274261475
6.249248504638672 8.274796457323646 2.3845131397247314 2.4795331954956055
5.598724842071533 9.004412957201966 3.01241397857666 4.250222206115723
3.7397193908691406 5.907476066731249 3.6098506450653076 6.375906944274902
4.09062385559082 7.288854832798961 3.921964168548584 7.833662509918213
6.038490295410156 7.199538822896656 2.622164726257324 2.7145497798919678
4.521272659301758 7.232399782813502 3.220508575439453 4.468410491943359
3.2096688747406006 5.090424990694373 3.71886944770813 6.420096397399902
3.155757188796997 5.204808499018327 3.960244655609131 7.722542762756348
6.6218976974487305 8.166848177972781 2.850785493850708 2.967489242553711
4.380038261413574 7.7558271057890416 3.632629156112671 5.232446670532227
3.1547794342041016 5.8230489184160845 4.274753570556641 7.778280735015869
3.431715250015259 6.016767239138346 4.5771613121032715 9.4502534866333
7.660057067871094 9.928479404601617 3.214653491973877 3.374664545059204
5.612659454345703 8.90945065483811 4.273658275604248 6.4406280517578125
4.021248817443848 6.163037775130709 5.113065719604492 9.840420722961426
2.501988172531128 5.009771508416179 5.48879861831665 12.019506454467773
6.310736179351807 7.480351885484879 3.2978098392486572 3.4648003578186035
4.98845100402832 7.499739982770961 4.152737617492676 5.998988628387451
3.188697338104248 5.264103813059023 4.683798789978027 8.464152336120605
2.9975626468658447 5.291361725147226 4.894281387329102 10.024214744567871
7.314056396484375 8.873273138849214 3.6200647354125977 3.8493528366088867
4.383776664733887 7.177037831069768 4.775879383087158 7.231958866119385
3.5963430404663086 6.481397563500634 5.494222640991211 10.55224609375
2.8430428504943848 4.002772187732084 5.771424770355225 12.602605819702148
8.57296085357666 10.733835831151453 4.157421588897705 4.491934299468994
4.073343753814697 7.446903783823647 5.7804155349731445 9.25447940826416
4.234358787536621 6.733040140378307 6.752606391906738 13.80241870880127
3.9489760398864746 7.437909139659723 7.101763725280762 16.493696212768555
5.043760299682617 5.234701316780502 3.7410848140716553 4.145411491394043
4.644748210906982 7.164809559179254 5.004171848297119 7.580746650695801
3.4690377712249756 6.590570605397857 5.529982566833496 10.330099105834961
3.063098192214966 4.673400550356746 5.674691200256348 11.992177963256836
5.960906982421875 6.27237401501629 4.24114465713501 4.808537006378174
4.3372297286987305 5.945638096557332 5.840685844421387 9.297932624816895
3.547804594039917 7.3081753345018114 6.569779872894287 13.063736915588379
3.335814952850342 5.212132103978661 6.772040843963623 15.29122257232666
7.288919925689697 8.895811726402485 5.067094326019287 5.877023220062256
5.351986885070801 7.441973791877331 7.222175121307373 12.171424865722656
4.732165813446045 8.250364662987806 8.208494186401367 17.368419647216797
4.063042163848877 6.208213693612663 8.460936546325684 20.287424087524414
5.007632732391357 5.941421018978531 1.8537261486053467 1.923621654510498
4.032671928405762 6.094310851713658 2.2119572162628174 2.9629576206207275
3.5795154571533203 6.2481230771306855 2.5659332275390625 4.1987385749816895
2.1740453243255615 4.450637208480657 2.762303113937378 5.075235366821289
5.652382850646973 7.006539335571688 2.0099356174468994 2.0911471843719482
5.126839637756348 7.397482465149778 2.445006847381592 3.3610031604766846
4.328019142150879 7.325088353007127 2.87746000289917 4.901278018951416
3.2100892066955566 5.321705588087351 3.1119680404663086 5.987527847290039
6.61246919631958 8.65975547951308 2.2526042461395264 2.3514719009399414
5.674247741699219 9.20834770421395 2.8140900135040283 3.987215995788574
3.910681962966919 4.911792563166884 3.3692753314971924 6.003037452697754
2.7832117080688477 5.655084953327318 3.6565849781036377 7.404112815856934
6.1364054679870605 7.272502327258562 2.354646921157837 2.459989547729492
5.433995723724365 7.2514161464994515 2.845179557800293 3.9406943321228027
2.847769021987915 4.096912978999171 3.294071912765503 5.690021991729736
2.717745065689087 4.9100846579771655 3.5141780376434326 6.887884616851807
7.040933609008789 8.749474441545544 2.6001968383789062 2.7291250228881836
5.151586055755615 8.1726914688727 3.2554337978363037 4.685151100158691
3.7908077239990234 5.99082905511553 3.854646682739258 7.024346351623535
3.3742029666900635 6.501418247506535 4.134203910827637 8.593308448791504
8.290132522583008 10.772171626613272 3.0060317516326904 3.1744372844696045
6.424490451812744 9.815708306524357 3.952188730239868 5.953415870666504
5.44816255569458 8.350226138187212 4.79636812210083 9.260553359985352
4.969963550567627 8.788635806624598 5.156953811645508 11.395118713378906
6.685971260070801 7.975765576119702 3.0397496223449707 3.1960830688476562
4.326180458068848 6.864761863385411 3.6445744037628174 5.200891971588135
4.310060977935791 5.678786546044364 4.111103534698486 7.405399799346924
3.511932373046875 5.575406808554135 4.299111366271973 8.831747055053711
8.116193771362305 9.993299134898734 3.3740828037261963 3.5740060806274414
5.867928981781006 8.956918275806856 4.268862724304199 6.403554439544678
4.015871524810791 7.079064304862712 4.962052345275879 9.510245323181152
3.552687883377075 5.815033927684112 5.222436904907227 11.452930450439453
9.807193756103516 12.319370088106552 3.9567384719848633 4.238824844360352
6.425229072570801 9.703991782464392 5.385806083679199 8.557208061218262
5.4034037590026855 9.177657231736475 6.448963165283203 13.152029037475586
3.994952440261841 7.360894761274253 6.796669006347656 15.863629341125488
4.851553440093994 5.5365547955150305 3.259411096572876 10.446544647216797
4.466572284698486 6.873824402436185 4.675353527069092 6.9151611328125
4.188715934753418 6.150498074377538 4.9000935554504395 9.083237648010254
2.4285175800323486 4.079377999852014 4.987286567687988 10.556343078613281
5.865152359008789 6.7026072852356355 3.7515883445739746 4.280404090881348
5.258427619934082 7.175974118497708 5.545165061950684 8.672351837158203
4.542731285095215 8.157787231790735 6.021901607513428 11.927276611328125
3.5155348777770996 5.383023986714032 6.178048133850098 13.993020057678223
6.689103603363037 7.3907243976559585 4.572110652923584 5.342726230621338
6.982353687286377 8.30452506806104 7.113054275512695 11.833630561828613
5.524258613586426 8.008131429069323 8.015889167785645 16.87898063659668
4.61589241027832 7.393390482768183 8.241606712341309 19.808774948120117
4.581852912902832 5.351004656213582 1.7593846321105957 1.8209284543991089
3.8815457820892334 6.743174392186802 2.092772960662842 2.7754323482513428
3.7673473358154297 6.426345386186767 2.448902130126953 3.9789247512817383
2.617525815963745 4.265408210398732 2.680694341659546 4.888094425201416
5.290341854095459 6.4592033886233935 1.887837290763855 1.9563872814178467
4.9063897132873535 7.502933373174528 2.281435489654541 3.0715863704681396
3.3935158252716064 5.419026456463225 2.7065088748931885 4.518542766571045
2.811652183532715 5.570875384808687 2.9805474281311035 5.62465763092041
6.224786281585693 7.916364775292124 2.081576347351074 2.1609303951263428
4.281045913696289 7.777089522612275 2.568232536315918 3.522779703140259
4.636902809143066 7.3957136943389585 3.0950815677642822 5.328327178955078
3.1351888179779053 5.5274451031873095 3.428699254989624 6.710916042327881
5.59434175491333 6.63588558028988 2.163156509399414 2.2476179599761963
5.086775302886963 8.67045170350002 2.602341890335083 3.54461407661438
2.876741886138916 4.404017666326126 3.055009365081787 5.208697319030762
1.4041969776153564 2.611240232200771 3.3415653705596924 6.478208065032959
6.389355182647705 7.900598078340977 2.357459783554077 2.4526796340942383
4.5766448974609375 7.894466587521606 2.913149833679199 4.065901279449463
4.3660712242126465 7.82588564059165 3.4891860485076904 6.182623386383057
3.9859108924865723 6.726209926046513 3.8459534645080566 7.8022589683532715
7.646127223968506 9.688844516703055 2.665227174758911 2.7812323570251465
6.309744834899902 9.877292090601241 3.414116382598877 4.912315368652344
5.622128486633301 9.751568471099063 4.178703308105469 7.7347283363342285
4.325885772705078 6.590552349773418 4.634905815124512 9.858907699584961
6.037858963012695 7.273394396525902 2.7248177528381348 2.8997795581817627
4.533728122711182 7.353389321489885 3.2245097160339355 4.51633358001709
3.866377115249634 5.81853833411617 3.705228328704834 6.552188873291016
3.588979959487915 6.789355256289639 4.001429080963135 8.100892066955566
7.156053066253662 8.851834308832714 2.977994441986084 3.1583640575408936
5.990936756134033 9.967902485754223 3.6728355884552 5.311061382293701
4.031273365020752 7.2022280672482 4.335294246673584 8.029047966003418
2.972437858581543 4.334959563802499 4.724120616912842 10.069839477539062
8.901144027709961 11.17519091218439 3.401520013809204 3.6104769706726074
7.052473068237305 10.990609154397717 4.436112880706787 6.672953128814697
5.464849948883057 8.94216070669178 5.377094745635986 10.48088550567627
4.587894916534424 7.54090889457828 5.891883850097656 13.232270240783691
4.964969635009766 5.814428673304519 2.967836618423462 3.315312623977661
3.8558871746063232 6.946109262364628 4.120816707611084 5.9957098960876465
2.53166127204895 5.113027370505733 4.31223726272583 7.841110706329346
2.7553279399871826 4.90566958490177 4.561145305633545 9.492822647094727
5.816035270690918 6.5720993004023285 3.3060107231140137 3.7143094539642334
5.668488025665283 9.212551913633916 4.686792373657227 7.121649742126465
4.554539680480957 6.677576739226538 5.121109962463379 9.792237281799316
3.6552858352661133 6.912308229924774 5.47435998916626 12.02817153930664
7.413681983947754 8.685965530510657 3.875894784927368 4.405104637145996
7.119578838348389 11.170871123670679 5.691393852233887 9.059167861938477
4.810343265533447 7.635135652684939 6.496870040893555 13.098732948303223
4.300426483154297 6.467092842651027 6.978569507598877 16.166149139404297
5.0536980628967285 5.8581118395250655 1.887032389640808 1.9457073211669922
3.6762914657592773 5.911274917118746 2.2143917083740234 2.9416725635528564
2.897066354751587 5.5940282977663385 2.5737369060516357 4.212616443634033
2.170788049697876 4.8303813373035425 2.7818801403045654 5.110066890716553
5.813493728637695 6.8802430883577586 2.0525128841400146 2.124437093734741
4.639256000518799 6.049811291888091 2.4551868438720703 3.360557794570923
3.0386080741882324 5.911914520322625 2.883725166320801 4.944678783416748
1.7657899856567383 3.0460330466839523 3.120662212371826 6.048570156097412
6.762921333312988 8.245244213955953 2.314565896987915 2.406939744949341
5.986416816711426 8.899043488011635 2.8370654582977295 4.027193069458008
4.0326762199401855 6.7270372308977935 3.3650379180908203 6.088027477264404
3.986967086791992 6.315132736252038 3.638338088989258 7.491913318634033
5.9711809158325195 6.9753975171995535 2.3811514377593994 2.4643101692199707
4.646212100982666 7.372133826041818 2.804710865020752 3.8648242950439453
3.1019787788391113 5.386184324365999 3.240980625152588 5.642990589141846
2.0006635189056396 4.493954950561658 3.4847254753112793 6.879587650299072
6.921679973602295 8.17815895155448 2.6488640308380127 2.759908437728882
5.678953647613525 9.395899379957427 3.2259809970855713 4.637942314147949
3.673274278640747 7.1145627025862765 3.781161308288574 6.979911804199219
3.172348737716675 5.419025703287161 4.065150737762451 8.561946868896484
8.187484741210938 10.01295230873676 3.103853225708008 3.263087749481201
5.059300899505615 7.953724949413761 3.935124635696411 5.959693908691406
3.4103879928588867 6.085590733954007 4.659599781036377 9.189952850341797
3.562455415725708 6.224715684862744 4.992063999176025 11.28541374206543
6.450129508972168 7.589528563293776 3.042344331741333 3.132688045501709
5.033142566680908 7.97616162806753 3.488281011581421 4.945883274078369
3.193537473678589 5.819100357893831 3.919118642807007 7.140174388885498
1.9677767753601074 3.7063429187868593 4.158892631530762 8.638840675354004
7.684453964233398 9.130241648596993 3.4103493690490723 3.5646300315856934
4.915283679962158 6.99385114877316 4.112659931182861 6.151845932006836
3.9195663928985596 6.286415916619347 4.709112644195557 9.16212272644043
2.101041555404663 3.276430944649519 4.994204044342041 11.127765655517578
9.245321273803711 11.276386376181378 4.076646327972412 4.335101127624512
5.672726631164551 8.453842418763204 5.203797340393066 8.29330825805664
4.044116497039795 6.797744011475871 6.025393962860107 12.582179069519043
2.532545566558838 3.313125944935109 6.358660697937012 15.23170280456543
5.202902793884277 5.447493806488012 3.2235498428344727 3.6277225017547607
4.087880611419678 6.169386210762241 4.2808732986450195 6.21859884262085
2.7872824668884277 4.635007221601882 4.513250827789307 8.470952033996582
2.4052674770355225 3.8577387308908135 4.706358909606934 10.093778610229492
5.27811861038208 5.639827466383053 3.6783955097198486 4.205217361450195
4.150002956390381 6.719958875630823 5.079127311706543 7.860133647918701
3.5602591037750244 6.212287983042927 5.52058219909668 11.105433464050293
3.890921115875244 5.12829364003332 5.757258892059326 13.268843650817871
8.202471733093262 9.29379534145005 4.517363548278809 5.280056476593018
5.878481388092041 9.745567990310898 6.503687381744385 10.775201797485352
4.608814239501953 7.255259915898023 7.214737892150879 15.57484245300293
4.372279167175293 6.545967427635333 7.488725662231445 18.5097713470459
4.294091701507568 5.376824043937152 2.047559976577759 2.1306064128875732
3.4970130920410156 6.509955318927309 2.464317798614502 3.3406379222869873
3.2256734371185303 6.32911310431416 2.818749189376831 4.666877746582031
2.7989327907562256 5.633824130438121 2.9944658279418945 5.564136028289795
5.256927967071533 6.620965746902357 2.204127073287964 2.301419496536255
3.7812232971191406 6.012204713780818 2.7201805114746094 3.7880330085754395
1.9469850063323975 3.9606061471404033 3.1554644107818604 5.447319984436035
2.990114688873291 5.374096430029567 3.3626606464385986 6.5673604011535645
6.4156904220581055 8.335166673868969 2.436126708984375 2.5565285682678223
4.5331549644470215 6.942601180561532 3.1030006408691406 4.474551677703857
4.525207996368408 7.955580172371356 3.654963493347168 6.635823726654053
3.8322155475616455 6.128675223218767 3.9028642177581787 8.069209098815918
5.055123805999756 6.333739217651328 2.6856510639190674 2.817018747329712
2.711850643157959 4.498553589336211 3.301992893218994 4.685502529144287
2.231773614883423 4.885290710503014 3.7399017810821533 6.624136924743652
2.412404775619507 4.595231860829706 3.905620813369751 7.847314357757568
6.289265155792236 7.904320645336071 2.9260969161987305 3.0852577686309814
5.234650135040283 7.316021779527091 3.757085084915161 5.5374555587768555
3.861922025680542 6.855068120460359 4.341763973236084 8.108233451843262
2.1788179874420166 4.0177436122473615 4.550143718719482 9.706802368164062
7.912357807159424 10.030910357479893 3.301574468612671 3.511509656906128
5.6252760887146 9.958684495357488 4.473480224609375 6.915438175201416
4.989321231842041 8.362280162441351 5.2742695808410645 10.460042953491211
4.302567005157471 6.364570272354229 5.5344367027282715 12.587414741516113
5.446337699890137 6.838260114024024 3.4098615646362305 3.631873846054077
4.639736652374268 7.016783225060408 4.298678874969482 6.385420799255371
2.389507293701172 4.32162206188309 4.756975173950195 8.866436004638672
3.172820806503296 5.065829156500133 4.853224277496338 10.307302474975586
6.816552639007568 8.518953918645934 3.7466461658477783 4.032264709472656
3.578306198120117 4.90897720827482 5.012593746185303 7.8017144203186035
3.265108823776245 5.016136502578718 5.669309139251709 11.211820602416992
2.8701233863830566 4.6825551224007995 5.803065776824951 13.14101505279541
8.918060302734375 11.067066991337526 4.300674915313721 4.696752071380615
6.06876277923584 9.021499281276192 6.175113677978516 10.159801483154297
4.39138650894165 6.728038770236935 7.118655681610107 14.981786727905273
4.606476306915283 7.235252824809322 7.2879319190979 17.574798583984375
4.742649078369141 5.4785098093730085 3.9095215797424316 4.450466632843018
3.383870840072632 5.64361453354406 5.269155502319336 8.162153244018555
3.253265619277954 5.715342509505717 5.676271915435791 10.93773078918457
2.2003588676452637 5.12405951442284 5.666157245635986 12.445235252380371
5.766031265258789 6.377469339371601 4.419876575469971 5.106844902038574
4.359515190124512 7.455321200852268 6.24014949798584 10.199389457702637
3.7857847213745117 7.183454835078123 6.878374099731445 14.094237327575684
3.51149845123291 6.639989701473439 6.8837971687316895 16.136198043823242
7.08125638961792 7.694611278782234 5.269452095031738 6.213688850402832
6.308699607849121 8.927383860981166 7.865689754486084 13.620598793029785
5.512794494628906 8.37999436751667 8.804516792297363 19.16534996032715
3.3352067470550537 5.938075669248519 8.80688190460205 21.900876998901367
4.888308048248291 5.825576569313512 1.9511220455169678 2.0353825092315674
3.6453514099121094 5.238493128901787 2.3953347206115723 3.3320157527923584
2.636805772781372 4.136878307518032 2.832085609436035 4.867044448852539
1.9194890260696411 2.986308777244517 3.0607903003692627 5.919881343841553
5.3854851722717285 6.506220196944955 2.106048583984375 2.207209825515747
3.3709657192230225 5.583711138424746 2.653000831604004 3.8197059631347656
3.3177759647369385 5.344745551132121 3.1784932613372803 5.72831916809082
2.7939870357513428 4.134376935204331 3.4432451725006104 7.021925926208496
6.395435810089111 8.093552973661417 2.3369526863098145 2.464124917984009
4.307973384857178 7.1852427404977846 3.0424370765686035 4.56025505065918
3.3877158164978027 6.458997216567241 3.69938063621521 7.030319690704346
3.127490520477295 4.931392808571641 4.021841049194336 8.685452461242676
5.827552318572998 6.930010065867634 2.456947088241577 2.589641571044922
4.632904052734375 7.167987375735521 3.082562208175659 4.487732887268066
2.4474596977233887 4.13287839753459 3.6459832191467285 6.686614036560059
1.5040398836135864 3.478832914994406 3.919607639312744 8.1524076461792
6.605254650115967 8.044732334890341 2.6819655895233154 2.850127935409546
5.50587272644043 8.54295518492279 3.514564037322998 5.376923084259033
3.7750251293182373 6.003100369108722 4.240342140197754 8.262460708618164
2.9167919158935547 4.569284169898424 4.574991226196289 10.1416597366333
7.825033187866211 9.950540203662456 3.0336904525756836 3.2611570358276367
4.777362823486328 7.757420356405987 4.20065450668335 6.806612014770508
4.506130695343018 8.053082352882287 5.16605281829834 10.753231048583984
3.4022457599639893 4.025937082821372 5.595939636230469 13.259736061096191
6.2252278327941895 7.495533521995583 3.147573709487915 3.3459722995758057
4.859171390533447 7.2938184249356945 3.8986146450042725 5.880073070526123
1.8250070810317993 2.6975194373079034 4.494538307189941 8.62230110168457
1.9680824279785156 3.2318391418556542 4.764336109161377 10.391755104064941
7.352710247039795 9.125091074686111 3.4341797828674316 3.7027745246887207
4.916345596313477 7.052132066025138 4.523193359375 7.258119106292725
3.251147985458374 4.831483792286045 5.358920574188232 11.0057954788208
2.697845697402954 5.321769690975003 5.711330413818359 13.341907501220703
8.901615142822266 11.470676827734678 3.9062469005584717 4.29128360748291
6.054840087890625 9.766894166890829 5.561895847320557 9.557720184326172
4.562898635864258 7.346394743792458 6.745066165924072 14.861552238464355
2.413623809814453 3.470550838924936 7.214430809020996 18.033363342285156
3.727088451385498 3.9911230692646313 3.444148063659668 4.001786708831787
4.090005874633789 5.938581564251958 4.890085697174072 7.607397556304932
2.419257164001465 4.222751039275067 5.258463382720947 10.37148380279541
2.652181625366211 4.983719268454934 5.465836048126221 12.255505561828613
5.642022132873535 6.22184100693994 3.8874154090881348 4.611719131469727
4.5303826332092285 7.490501607684133 5.708860874176025 9.50792407989502
2.6718811988830566 5.1310120475082215 6.36024284362793 13.477652549743652
2.5698466300964355 4.212970382231333 6.663859844207764 16.02661895751953
6.835827827453613 7.194648087204797 4.6342010498046875 5.627109050750732
5.142922401428223 7.966154673678545 7.098628520965576 12.716948509216309
4.578176975250244 7.642090996456233 8.167115211486816 18.54722785949707
3.041414737701416 5.03141404600683 8.588663101196289 22.04108238220215
4.67869758605957 5.686138933728046 1.8525683879852295 1.928330421447754
4.328052043914795 7.337261956942484 2.2878341674804688 3.1017158031463623
2.281977415084839 4.481830968373174 2.697956085205078 4.4032745361328125
3.042799472808838 5.957424808050632 2.9218053817749023 5.280306816101074
5.238261699676514 6.363947779281375 1.9855924844741821 2.0735132694244385
4.447333335876465 7.782130503869553 2.5000059604644775 3.472839117050171
3.017993927001953 5.492428963580508 2.9852089881896973 5.061441898345947
3.2357516288757324 6.31684411398146 3.248861312866211 6.1486616134643555
6.229819297790527 7.960864520582007 2.181717872619629 2.2876899242401123
6.013323783874512 10.54368766937364 2.8176052570343018 4.024465560913086
4.161595821380615 7.667338730248048 3.4124464988708496 6.033389568328857
3.529818296432495 6.189164272760962 3.7301347255706787 7.412903785705566
5.626470565795898 6.770736858388467 2.300318479537964 2.414970874786377
4.107731819152832 7.017461138796989 2.9074623584747314 4.0695695877075195
3.506181478500366 6.49669470041141 3.454791784286499 5.934848308563232
2.7479567527770996 4.593436386360357 3.732867956161499 7.179190158843994
6.3509202003479 7.76383629741747 2.496407985687256 2.631361722946167
5.115133762359619 8.18563920674535 3.2622172832489014 4.722834587097168
4.796264171600342 8.024394807781846 3.9509942531585693 7.130127906799316
3.0476021766662598 6.082310528706344 4.296151638031006 8.75637435913086
7.625164031982422 9.688048849265599 2.8002636432647705 2.969355821609497
5.481276512145996 8.39282857556077 3.8210182189941406 5.755680561065674
4.566906929016113 8.118024499794274 4.722785472869873 8.989370346069336
3.88474440574646 6.588607216515854 5.162898063659668 11.151554107666016
6.035829067230225 7.29933364983512 2.9354472160339355 3.087818145751953
3.94661021232605 6.9822008132554805 3.6637001037597656 5.271713733673096
3.6252849102020264 6.218584935248941 4.282651424407959 7.649083137512207
3.116548538208008 4.880742999476411 4.573907375335693 9.19827651977539
7.206754207611084 8.899911020277074 3.1800637245178223 3.38289737701416
4.869430065155029 7.5543169932007 4.182302951812744 6.290305137634277
4.21222448348999 7.690399216766409 5.022600173950195 9.486268043518066
3.0527052879333496 5.576593286926254 5.402805805206299 11.584315299987793
8.675636291503906 10.918151109212374 3.5878443717956543 3.863590955734253
6.056671142578125 9.523394583077348 5.0425639152526855 7.962734222412109
4.835827350616455 9.064410287690094 6.2090229988098145 12.425868034362793
4.275852680206299 7.295204471779788 6.714443683624268 15.280257225036621
4.367720603942871 5.082997326188817 3.198183298110962 3.630444288253784
3.919779062271118 7.106661612105654 4.665973663330078 6.8787078857421875
2.8963186740875244 5.571474868184556 5.0671892166137695 9.298396110534668
3.1567792892456055 5.764678671579933 5.305845260620117 10.980518341064453
5.105118274688721 5.825554749864573 3.5593369007110596 4.098152160644531
5.261343479156494 7.137856056717808 5.368658065795898 8.365797996520996
4.279181957244873 6.328776864703741 6.033788204193115 11.754182815551758
3.472193479537964 6.291706961924319 6.373445987701416 14.089517593383789
7.502376556396484 8.831028246352503 4.164668083190918 4.877536773681641
6.833564758300781 9.28452018035523 6.553628444671631 10.80896282196045
4.2863664627075195 7.889379617369229 7.616028785705566 15.72107219696045
4.787968158721924 8.212818977518989 8.087261199951172 18.934436798095703
4.309290885925293 5.137347727497971 1.659570574760437 1.7269574403762817
4.070103645324707 7.067141362501204 2.0315439701080322 2.7517147064208984
3.624347448348999 6.952852458477224 2.4178223609924316 3.9197585582733154
2.1917800903320312 4.806125527818381 2.653888463973999 4.742039203643799
5.194962024688721 6.30575607085143 1.7866857051849365 1.8622018098831177
4.580713748931885 7.190969036799174 2.220613479614258 3.057661533355713
4.0314741134643555 7.740572006797038 2.6767332553863525 4.471920013427734
3.0044305324554443 5.491691780482597 2.9539921283721924 5.4809722900390625
6.346404552459717 7.7866179856650035 1.988236427307129 2.0766055583953857
4.56697940826416 6.543360904781082 2.5186374187469482 3.5446794033050537
3.893249273300171 6.720487855177329 3.0777640342712402 5.33488130569458
3.915288209915161 6.771160820289879 3.4099652767181396 6.613069534301758
5.43248176574707 6.3915375995514125 1.930679440498352 2.016563653945923
4.212585926055908 7.067273283669651 2.4238269329071045 3.39031720161438
3.648275852203369 7.185829268432627 2.933610677719116 5.006775856018066
2.554027557373047 5.128192745027718 3.237398624420166 6.145536422729492
6.327743053436279 7.545091784760132 2.132645606994629 2.2333881855010986
5.477287769317627 8.102296130478269 2.741924524307251 3.9305922985076904
3.53810977935791 6.139306571453844 3.376426935195923 6.002195835113525
2.689167022705078 4.998243671295313 3.747318983078003 7.468705177307129
7.7240071296691895 9.669987692738104 2.472358465194702 2.5992443561553955
4.17733907699585 6.819168478601645 3.2798171043395996 4.8629150390625
5.225508213043213 6.880196928537871 4.107172966003418 7.669266700744629
3.724341630935669 5.517673746812555 4.567541599273682 9.613646507263184
5.825425148010254 6.886609227478402 2.2215332984924316 2.329328775405884
5.371214389801025 8.972484108122899 2.826941967010498 4.074539661407471
3.255160093307495 5.026595025088341 3.4348418712615967 6.110040187835693
2.472517967224121 4.813323128602223 3.788905620574951 7.528010368347168
7.081914901733398 8.44490956672189 2.496216297149658 2.6291158199310303
5.111363887786865 8.532865900028188 3.2836055755615234 4.885446548461914
3.806436538696289 5.7900646160169345 4.077016353607178 7.605297565460205
3.68355131149292 6.538345430951722 4.520956039428711 9.488204002380371
8.861124992370605 11.006311491596183 2.980367660522461 3.160334348678589
6.971218585968018 11.049232350778873 4.0992231369018555 6.373703479766846
4.686369895935059 8.502223027292201 5.181323051452637 10.226387977600098
4.212334632873535 6.420833803704675 5.739539623260498 12.773184776306152
4.3369550704956055 4.5939348939441516 2.6051485538482666 3.0457656383514404
5.061538219451904 8.755764992146396 3.333672523498535 4.940509796142578
3.682790994644165 7.060679558397169 3.865950584411621 7.082721710205078
2.965374708175659 4.799317425679515 4.234607696533203 8.668268203735352
4.845572471618652 5.350634157445711 2.960324764251709 3.4919002056121826
5.953949928283691 9.802157661450963 3.9136903285980225 6.032072067260742
3.628973960876465 6.890127045868184 4.680122375488281 9.0230712890625
4.120245456695557 6.746904420138208 5.155381202697754 11.175825119018555
6.488311767578125 7.004869029277657 3.5972580909729004 4.300110816955566
5.846040725708008 9.344579744077468 4.969691276550293 8.062670707702637
5.134156227111816 6.247208761107224 6.114478588104248 12.51025390625
3.887251138687134 5.699706515126081 6.714546203613281 15.447476387023926
5.138942241668701 5.7576452855142435 2.0820329189300537 2.144491195678711
3.7206904888153076 5.6969877846018555 2.505901575088501 3.3527398109436035
3.6757664680480957 6.41097446814909 2.928402900695801 4.834586143493652
3.270092725753784 5.433356370284212 3.14907169342041 5.8512773513793945
5.6961588859558105 6.808287110234858 2.2574477195739746 2.336225748062134
4.87399959564209 6.955474968460521 2.785968542098999 3.84307599067688
3.657636880874634 6.629751308305458 3.30605149269104 5.710235118865967
2.0428881645202637 3.6379699976160795 3.57220721244812 6.992849349975586
6.536230087280273 8.23147196347145 2.5250751972198486 2.628849506378174
5.5441107749938965 9.18393466218141 3.2228121757507324 4.615378379821777
3.1894068717956543 5.815723695518237 3.892897367477417 7.0740838050842285
4.185206413269043 7.372490929912601 4.218072891235352 8.730804443359375
6.129116535186768 7.024552160166969 2.745393991470337 2.834970712661743
4.262389659881592 6.796146934363776 3.4100186824798584 4.757455348968506
2.706078290939331 4.212115085009287 3.967299461364746 6.974024295806885
2.8778903484344482 5.024323248270548 4.211889743804932 8.421368598937988
6.957601070404053 8.418825926110365 3.015876293182373 3.1415328979492188
4.338027000427246 5.996383038250849 3.9109554290771484 5.709799766540527
2.3254945278167725 3.9988432818473 4.6402435302734375 8.650541305541992
2.9958343505859375 5.343258866200841 4.948974609375 10.541481971740723
8.228107452392578 10.504867039108092 3.4482717514038086 3.6365368366241455
6.177478790283203 9.55781078954115 4.7365031242370605 7.310281753540039
4.337562561035156 7.502498548581881 5.740915298461914 11.388038635253906
2.7506728172302246 4.623013640579302 6.126807689666748 13.87826156616211
6.64373779296875 7.64102670785968 3.46199107170105 3.642517328262329
4.578433036804199 6.505230653969875 4.4727630615234375 6.522594928741455
2.810145616531372 5.336932872095915 5.103713035583496 9.392330169677734
2.793043375015259 3.6964906489106966 5.30755615234375 11.14380168914795
7.7135114669799805 9.317300489909258 3.840165376663208 4.091280937194824
5.5017547607421875 8.046557835762343 5.253738880157471 8.093158721923828
3.900721549987793 6.290325580597283 6.1171393394470215 12.01827335357666
2.713603973388672 3.693829347796374 6.381935119628906 14.339028358459473
9.388697624206543 11.697586123155816 4.472735404968262 4.852994918823242
5.434291362762451 8.918809366701453 6.589017868041992 10.817728042602539
5.204701900482178 8.434497904841287 7.827144145965576 16.38956642150879
4.552796840667725 6.908789721990843 8.150673866271973 19.43113136291504
5.361171245574951 5.970086324788866 3.9071755409240723 4.391385078430176
3.2833266258239746 4.161611908344327 5.461502552032471 8.448541641235352
2.170289993286133 3.0220488962133913 6.123910427093506 11.649185180664062
2.311187744140625 3.3969311382375835 6.239002227783203 13.492526054382324
5.3357744216918945 5.788136512233066 4.462943077087402 5.106985092163086
4.3724164962768555 6.991200717620359 6.533863067626953 10.68032455444336
4.274839401245117 6.728342725295079 7.4529523849487305 15.140682220458984
3.1671462059020996 4.423050753546408 7.605968952178955 17.605783462524414
7.995635032653809 8.43485543078134 5.407234191894531 6.360593318939209
5.867061138153076 8.16305972461116 8.395711898803711 14.55478286743164
5.219743251800537 7.078072543364499 9.721223831176758 20.955167770385742
4.670067310333252 7.327054581355579 9.888422966003418 24.160327911376953
4.7182159423828125 5.604067072504529 1.9564077854156494 2.0420382022857666
3.9665818214416504 7.022758948635946 2.349472999572754 3.2564640045166016
2.890807867050171 5.012434129569556 2.688575029373169 4.60036563873291
2.6925559043884277 5.082238792119394 2.8533523082733154 5.497265338897705
5.562783718109131 6.727745059611777 2.109694004058838 2.205876111984253
3.2330074310302734 5.097961455336986 2.5934598445892334 3.6791396141052246
2.7382030487060547 4.037748752829174 3.0082335472106934 5.330636978149414
2.3815994262695312 4.067821114627236 3.1982738971710205 6.422502517700195
6.571487903594971 8.303647678703868 2.335702896118164 2.451009750366211
5.723122596740723 8.391239718912402 2.9589643478393555 4.321942329406738
3.9971694946289062 5.919980439194205 3.486859083175659 6.423460006713867
3.758049249649048 7.55088413284966 3.7109200954437256 7.781033515930176
5.645423412322998 6.708796509073785 2.519132375717163 2.659963607788086
4.7927775382995605 7.877708374579299 3.059523344039917 4.438174247741699
3.027045965194702 5.928156772475631 3.4538016319274902 6.297214984893799
2.785487174987793 4.520578210893973 3.6035075187683105 7.47422981262207
6.658334732055664 8.084352488244747 2.749713659286499 2.912809371948242
4.8740434646606445 8.188291530386778 3.476661205291748 5.215575695037842
3.9954915046691895 6.339386360757885 4.0091118812561035 7.646334648132324
2.644622564315796 4.153238074463161 4.194150447845459 9.153803825378418
8.067831993103027 10.10066057897734 3.112362861633301 3.316391944885254
5.8780975341796875 9.289318327370516 4.135937213897705 6.467292785644531
3.65897536277771 6.231284602675487 4.878416538238525 9.7701997756958
4.338573455810547 5.930394171405624 5.1104960441589355 11.734766006469727
6.059448719024658 7.1976669876209485 3.258665084838867 3.440338611602783
4.30344295501709 7.122725725381379 3.9173946380615234 5.906187534332275
3.0526442527770996 5.978803064982202 4.2671799659729 8.171728134155273
1.9030299186706543 3.0735191167298996 4.3480939865112305 9.498969078063965
7.256444931030273 8.731490504360863 3.565455198287964 3.809366226196289
4.710084915161133 6.516854801006048 4.53563117980957 7.152047157287598
4.207212924957275 7.196653094628779 5.0853352546691895 10.243401527404785
3.2054927349090576 6.096243961181983 5.2043776512146 12.008724212646484
9.023351669311523 11.04951323463979 4.082490921020508 4.426485061645508
6.358681678771973 8.785143457610388 5.559009075164795 9.216412544250488
4.912853240966797 7.83338613224619 6.405930995941162 13.585393905639648
3.020034074783325 5.769188943263673 6.566429138183594 15.94729995727539
4.277990341186523 5.0369521398940975 3.5449178218841553 4.076111316680908
3.9191157817840576 6.773917664246937 4.876272678375244 7.546696186065674
1.7990444898605347 3.0899838760020657 4.998326301574707 9.893903732299805
2.1838924884796143 4.233390354661026 4.967098236083984 11.212969779968262
5.517833709716797 6.232982069416096 3.9898808002471924 4.656242370605469
2.8059163093566895 3.4895556869230404 5.703159809112549 9.335314750671387
4.490374565124512 6.749164317577652 6.050215721130371 12.637996673583984
3.038707733154297 5.791548708765106 6.051807403564453 14.435103416442871
6.783724308013916 7.6248363885188155 4.733613967895508 5.623687267303467
6.514385223388672 9.10507155200483 7.10370397567749 12.30519962310791
4.210217475891113 7.189931410785903 7.780996322631836 17.08734893798828
3.9449851512908936 6.333755057597273 7.800498008728027 19.528217315673828
4.744255065917969 5.754657882674797 1.9823250770568848 2.0569393634796143
3.988940954208374 5.746388524937174 2.3997550010681152 3.3566324710845947
2.8422443866729736 5.081684066175498 2.799009084701538 4.886198043823242
2.8397324085235596 5.945322743364761 3.0082716941833496 5.916160583496094
5.498754024505615 6.801269201799856 2.1421585083007812 2.231215476989746
4.629173278808594 7.07388321114022 2.670386552810669 3.827728748321533
3.7250096797943115 7.049364614652191 3.1688125133514404 5.717109680175781
2.5233166217803955 5.1374106677121745 3.4227421283721924 6.985304832458496
6.570547580718994 8.598435857373943 2.3811123371124268 2.4940106868743896
5.648204803466797 8.757413454686159 3.0806779861450195 4.566260814666748
4.447420120239258 8.323312485594704 3.7236053943634033 7.013335227966309
4.158574104309082 8.161114603342867 4.035836696624756 8.631043434143066
5.642359733581543 6.827363762104255 2.5138537883758545 2.6120922565460205
3.5469889640808105 5.187026339601289 3.104827642440796 4.512511730194092
3.2103641033172607 5.935566161031957 3.62040114402771 6.752580642700195
1.8597630262374878 3.621936943307528 3.867076873779297 8.2262544631958
6.774736404418945 8.522361178734911 2.7553348541259766 2.883540153503418
5.309091091156006 7.1678852091977205 3.567359447479248 5.383185386657715
3.341665506362915 6.386153147433561 4.256323337554932 8.291849136352539
3.228121042251587 5.247488967715356 4.569497108459473 10.173541069030762
8.120774269104004 10.608083910267482 3.139064073562622 3.3204150199890137
5.372837543487549 7.7743617370880145 4.316812038421631 6.834023475646973
4.346378803253174 6.6686898877873 5.271058559417725 10.80583667755127
4.0061750411987305 5.499622322064226 5.6707000732421875 13.274496078491211
6.196989059448242 7.573578451798539 3.2698845863342285 3.3827688694000244
4.868555545806885 7.755985224338422 3.9563302993774414 5.876314163208008
3.2485313415527344 5.166430511787539 4.475157260894775 8.70447063446045
2.6077187061309814 4.461173584874814 4.708704948425293 10.530152320861816
7.486386299133301 9.459854837653438 3.5834946632385254 3.7556309700012207
4.732264041900635 7.454741804104742 4.638358116149902 7.239645481109619
3.6992461681365967 5.296826093627821 5.403202056884766 11.043861389160156
2.905024766921997 3.9820494882644937 5.716518402099609 13.419713020324707
9.416746139526367 12.084955152163502 4.121065139770508 4.39693021774292
6.243310928344727 9.10368272979386 5.80339241027832 9.594627380371094
5.08765172958374 8.208460135727762 6.947671413421631 14.95969009399414
4.311710357666016 8.307343668676822 7.35648775100708 18.091686248779297
4.310641288757324 4.531218465613661 3.819554567337036 4.354199409484863
2.656578779220581 3.92868692280058 5.011665344238281 7.598628044128418
3.0069034099578857 4.82273869969049 5.2498297691345215 10.443354606628418
1.8118715286254883 3.8212449545384533 5.406939506530762 12.433465957641602
5.488001346588135 5.7036069449962525 4.315608024597168 4.9993085861206055
5.983330726623535 8.319238975905762 5.914768218994141 9.475829124450684
3.476551055908203 6.826369223476377 6.433689594268799 13.491962432861328
2.351667642593384 4.0671392352236175 6.672847270965576 16.116838455200195
7.87354850769043 8.24458012141664 5.177939414978027 6.133544921875
6.14606237411499 9.993060252445048 7.490316390991211 12.742849349975586
5.472814083099365 9.038533595339459 8.453059196472168 18.63416862487793
4.577118396759033 7.28516055124135 8.777533531188965 22.096349716186523
4.75717306137085 5.338022821563413 1.9793881177902222 2.031818151473999
3.876265287399292 6.41599055640766 2.31036376953125 3.016429901123047
1.9625824689865112 3.2972335798064023 2.6537210941314697 4.272949695587158
2.3416757583618164 3.8524683809814526 2.833505868911743 5.144423007965088
5.229493618011475 6.185619362658997 2.1296684741973877 2.1932308673858643
4.714134693145752 7.6686925807904345 2.543198585510254 3.40541672706604
3.2177937030792236 5.968713720506685 2.9649906158447266 4.958531856536865
3.3663697242736816 6.398153470523406 3.1757733821868896 6.025751113891602
6.051305294036865 7.55562282496453 2.355649948120117 2.4363956451416016
4.60798454284668 7.374181436025793 2.89150333404541 3.999084949493408
4.681297779083252 7.720960036497104 3.4266133308410645 5.99637508392334
3.9291911125183105 7.956840321028651 3.6811563968658447 7.341098785400391
5.535722732543945 6.3273831277472254 2.5478975772857666 2.622502326965332
4.437233924865723 7.291240659194955 3.0287728309631348 4.107614040374756
3.675752878189087 5.510813628466028 3.4614086151123047 5.92009973526001
3.1405210494995117 5.065973652716437 3.6517210006713867 7.115718364715576
6.357152462005615 7.522297685403373 2.770510673522949 2.8712778091430664
5.009762763977051 8.035083442477791 3.429527759552002 4.838857650756836
4.6443023681640625 7.31476564988003 4.007160186767578 7.217170238494873
3.5750021934509277 7.051577554107718 4.246146202087402 8.75346851348877
7.4433183670043945 9.131932463809278 3.1201589107513428 3.2627179622650146
5.109135150909424 7.98296637298148 4.052374839782715 6.0076584815979
4.875797271728516 6.9638397325039705 4.844425201416016 9.259228706359863
3.6355345249176025 6.405403642739657 5.153220176696777 11.284682273864746
5.933374881744385 6.818141068315924 3.1831016540527344 3.315490245819092
4.76472282409668 7.1050128474858525 3.86093807220459 5.445224285125732
3.0010640621185303 4.912433734988781 4.322880268096924 7.759434223175049
3.072021484375 4.535267385226542 4.48476505279541 9.199298858642578
7.084099292755127 8.351949173578305 3.493062734603882 3.6745240688323975
5.412834167480469 8.487894502068244 4.464375972747803 6.6256608963012695
3.893601179122925 6.196115573212495 5.135804176330566 9.780536651611328
1.4981600046157837 3.6401200133657596 5.356446266174316 11.683633804321289
8.698439598083496 10.553065200778065 3.9985759258270264 4.271875858306885
5.3491082191467285 8.34476307335686 5.430779933929443 8.562045097351074
5.078884601593018 7.083703192833951 6.40960168838501 13.012285232543945
4.028768062591553 5.737291758100298 6.7108540534973145 15.569396018981934
5.697391986846924 6.118237609151947 3.4963910579681396 3.869457483291626
4.3253374099731445 5.859416346363276 4.648047924041748 6.859177589416504
3.38263201713562 6.269087319145197 5.082818031311035 9.440486907958984
2.3707401752471924 3.5038739390871783 5.186736583709717 10.995388984680176
6.365188121795654 6.721362135229495 3.9311277866363525 4.430497646331787
5.091282844543457 7.87083764856456 5.453082084655762 8.502321243286133
3.311716318130493 4.890324433959336 6.138068675994873 12.124565124511719
2.8346750736236572 4.487570673881237 6.301382541656494 14.217052459716797
6.389023303985596 7.847525125693766 4.6872429847717285 5.420877933502197
5.645322799682617 7.870084246791976 6.774960517883301 11.238349914550781
4.573888778686523 7.146134156377684 7.809012413024902 16.436500549316406
3.242418050765991 6.349201022847581 8.046581268310547 19.256505966186523
5.015689849853516 6.091288568130437 1.9405452013015747 2.0032968521118164
4.2873992919921875 7.296092156380894 2.3285129070281982 3.1273632049560547
2.887444019317627 5.12450448776076 2.7676432132720947 4.591206073760986
2.0718841552734375 4.240159897629473 3.0288045406341553 5.609373092651367
5.809413909912109 7.16655927849979 2.102804660797119 2.17964243888855
5.173404693603516 7.761360522772577 2.579329490661621 3.5717389583587646
3.846538782119751 6.477720588666429 3.1169116497039795 5.434103965759277
3.0794661045074463 4.251370929007635 3.430701494216919 6.729625225067139
6.903007984161377 8.69525683270986 2.3602700233459473 2.457413673400879
5.655806541442871 9.094196121059667 2.981775999069214 4.285930156707764
4.346741199493408 6.4798567826442195 3.6683707237243652 6.776820182800293
4.169915676116943 6.303900947483491 4.0532917976379395 8.482828140258789
6.189566135406494 7.502540867330339 2.5241739749908447 2.6139466762542725
4.26586389541626 7.346740572059588 3.0942447185516357 4.316104412078857
3.52571702003479 6.490263483797889 3.6897943019866943 6.508629322052002
2.078537940979004 3.8117703007683827 4.013822078704834 7.987992763519287
7.144758224487305 8.774271863087051 2.7840065956115723 2.902909517288208
5.752996921539307 7.822762284892406 3.5535337924957275 5.18874979019165
4.409005165100098 6.287854963456425 4.339076042175293 8.16662883758545
3.2016448974609375 4.672514506981315 4.748034477233887 10.143279075622559
8.680585861206055 10.732398013940951 3.225637674331665 3.3940742015838623
6.414599418640137 9.28323958061343 4.344953536987305 6.7087578773498535
4.389430522918701 8.089872255563677 5.424195289611816 10.956031799316406
4.567140579223633 6.969957767588852 5.943526268005371 13.65754508972168
6.601337909698486 7.993621415970324 3.2445223331451416 3.3748953342437744
3.9497182369232178 5.577208164860622 4.029813289642334 5.838456153869629
3.1198384761810303 5.400684797611108 4.71586799621582 8.71819019317627
2.0830612182617188 4.43819058120423 5.048014163970947 10.562603950500488
7.942520618438721 9.641694217237728 3.6153714656829834 3.808518171310425
5.3528361320495605 7.583585123485699 4.7664570808410645 7.311783313751221
3.580700397491455 5.457373232179947 5.7293620109558105 11.378982543945312
3.3610541820526123 5.479169449569298 6.162848472595215 13.909667015075684
9.948283195495605 11.929391997001403 4.278995037078857 4.582589626312256
6.278626441955566 9.249688599013068 6.08907413482666 9.986676216125488
5.098886013031006 8.87004774905688 7.470525741577148 15.955541610717773
4.103141784667969 6.604357135582277 8.022343635559082 19.43316650390625
4.5791916847229 5.143413084565111 3.559965133666992 3.9547414779663086
4.968103408813477 6.883980734398051 4.994091987609863 7.548916816711426
2.855983018875122 5.405082949685834 5.648703575134277 10.774166107177734
2.2261881828308105 3.091131574993824 5.9342451095581055 12.795517921447754
5.863071918487549 6.530174185893298 4.082643032073975 4.617003917694092
5.459199905395508 7.279947247784394 6.028378486633301 9.682280540466309
3.94320011138916 7.196252152657735 7.006704807281494 14.380827903747559
3.6837270259857178 5.295525231394258 7.388866901397705 17.186511993408203
6.999643325805664 7.543341366989232 5.039279460906982 5.849362373352051
6.6426100730896 9.277686203271742 7.929286956787109 13.632573127746582
4.429986476898193 6.688269618112754 9.358141899108887 20.58146095275879
4.702304840087891 6.803154813409086 9.832536697387695 24.416194915771484
4.909139156341553 5.972178918006591 1.78740656375885 1.8349310159683228
3.73195743560791 6.0728206950715276 2.109138011932373 2.7499170303344727
3.539854049682617 6.2156236348288525 2.475797414779663 3.9792966842651367
2.572251081466675 5.111663605262436 2.6977055072784424 4.897563934326172
5.5257368087768555 6.6944433113892785 1.9249087572097778 1.9831684827804565
5.106666564941406 8.222562640432443 2.3118507862091064 3.0932681560516357
3.49899959564209 6.189336795055684 2.752880096435547 4.592414855957031
3.610438585281372 7.343251353130732 3.0159664154052734 5.700774669647217
6.419410228729248 8.01720358014098 2.136467695236206 2.211193323135376
5.281299114227295 8.409280364776343 2.6260135173797607 3.6309564113616943
4.064302444458008 8.414931044037495 3.1761093139648438 5.5431108474731445
3.5297110080718994 5.836821046294329 3.493522882461548 6.931893348693848
6.035180568695068 7.295232555743723 2.215398073196411 2.2680389881134033
4.688976287841797 7.936496523243619 2.6578803062438965 3.560098648071289
3.221299648284912 5.771100929441886 3.13700008392334 5.313337326049805
3.1243362426757812 5.364480477474444 3.410268783569336 6.60227108001709
6.779993057250977 8.200471534532653 2.424442768096924 2.5008647441864014
4.61916446685791 7.027615833706243 2.9961133003234863 4.173196315765381
4.236921787261963 8.675374432485714 3.6113977432250977 6.43766450881958
3.0470352172851562 4.578219264208384 3.955094575881958 8.06781005859375
8.011258125305176 10.060813788971704 2.7651102542877197 2.87910795211792
5.7314066886901855 9.383684854689733 3.5555474758148193 5.19887638092041
4.946369171142578 7.918557272587464 4.377719402313232 8.280388832092285
4.095128059387207 7.360298103291029 4.814700603485107 10.427287101745605
6.507497787475586 7.85732650792022 2.849717378616333 2.8568553924560547
5.527300834655762 8.815831793394295 3.358124256134033 4.576038837432861
4.401953220367432 6.907047976696065 3.866509437561035 6.806889533996582
3.052887201309204 5.069239226757304 4.143320560455322 8.397363662719727
7.596620559692383 9.239907861205513 3.1234047412872314 3.180595874786377
4.941966533660889 8.19131432974973 3.848820686340332 5.528892517089844
3.4426794052124023 6.417791041422561 4.558354377746582 8.530652046203613
3.371610164642334 4.505816754176976 4.931338310241699 10.600747108459473
9.389643669128418 11.816260520956462 3.5961201190948486 3.730506181716919
6.555548191070557 10.300032493566718 4.702778339385986 7.191459655761719
5.534842491149902 9.206863143977841 5.719203472137451 11.435734748840332
4.069421768188477 4.6287582551307525 6.215223789215088 14.234872817993164
3.971527338027954 4.3883198824902365 2.819234848022461 3.12117338180542
4.524476051330566 6.778017520512321 4.3432440757751465 6.129804611206055
3.2393319606781006 5.610617754614626 4.5838751792907715 8.271712303161621
1.9724608659744263 3.7308558307328643 4.785678863525391 9.980147361755371
5.4375224113464355 5.932965270710724 3.1888692378997803 3.5881245136260986
4.9688591957092285 7.923885630756558 5.0201239585876465 7.507444381713867
3.969454765319824 7.936988663061726 5.470846652984619 10.563251495361328
2.7804126739501953 4.692685649396786 5.782845973968506 12.831110954284668
6.526511192321777 6.8763983711195635 3.830031156539917 4.403421401977539
6.82431173324585 10.078205185654014 6.186772346496582 9.871088981628418
5.2718000411987305 7.661404787402859 6.988862037658691 14.448469161987305
4.096810817718506 7.38079132357899 7.436142444610596 17.565998077392578
4.49280309677124 4.992094067243613 1.726240634918213 1.7769567966461182
4.252483367919922 6.6855448877083195 2.0210814476013184 2.5915956497192383
3.017141103744507 5.049860331846787 2.312495231628418 3.535036325454712
3.0112292766571045 4.6200059456520375 2.462146043777466 4.162052154541016
4.840756893157959 5.616304813592706 1.8117271661758423 1.8694618940353394
4.582371234893799 6.2614484142629925 2.1519126892089844 2.812626600265503
2.875591993331909 4.921100599325034 2.4922263622283936 3.9287986755371094
2.9453179836273193 5.413153768377342 2.6671507358551025 4.673044681549072
5.417416095733643 6.485930783695824 1.9327131509780884 2.001021146774292
5.093601703643799 8.55505580745239 2.3341660499572754 3.121532917022705
4.075771331787109 6.313774455299267 2.738978624343872 4.476236820220947
3.5816895961761475 5.951097466144631 2.945530414581299 5.382840633392334
5.443186283111572 6.132327129983082 2.1750545501708984 2.2518415451049805
4.295257568359375 6.677191147663507 2.5681793689727783 3.372184991836548
3.9843902587890625 6.841021160092225 2.9233899116516113 4.65894889831543
3.1167023181915283 5.229276213709238 3.0752830505371094 5.47747802734375
6.023894309997559 7.007927289415363 2.2913365364074707 2.3785998821258545
4.704527854919434 7.3943524923624295 2.7760086059570312 3.744750738143921
3.8898556232452393 7.03228545288232 3.2235019207000732 5.358457088470459
2.9459517002105713 5.242197322057109 3.4184718132019043 6.388052940368652
6.721216678619385 7.926592816625089 2.464493751525879 2.56864595413208
5.69952392578125 8.556616673518956 3.0743186473846436 4.2844343185424805
3.9059574604034424 6.350806934653974 3.645677089691162 6.359713554382324
4.139754295349121 7.223008799822338 3.8960094451904297 7.684174060821533
5.776008605957031 6.533521646462759 2.7510716915130615 2.8513565063476562
4.845590114593506 6.161381143748258 3.242443084716797 4.380143642425537
3.4160776138305664 5.960393553305494 3.614400625228882 5.989218235015869
2.627493143081665 4.156580595309379 3.7330355644226074 6.946766376495361
6.40755033493042 7.498253153013906 2.8913066387176514 3.01963472366333
4.38360595703125 5.5244804504799845 3.536151647567749 4.956813812255859
4.338111877441406 6.85122367342376 4.052544593811035 7.0702667236328125
3.8800740242004395 5.974148095021452 4.231069087982178 8.337127685546875
7.324716091156006 8.741202724240111 3.116194486618042 3.281588554382324
5.37207555770874 8.692183862650722 3.977128744125366 5.81172513961792
4.481541156768799 6.430129512380802 4.683665752410889 8.649775505065918
3.979994773864746 6.123116675427241 4.937022686004639 10.344202995300293
4.851223468780518 5.381444768923984 3.006662607192993 3.304041862487793
3.814056873321533 6.006834570136505 3.911161184310913 5.5063557624816895
2.915900230407715 4.899929153737546 4.26453971862793 7.312553405761719
2.007789373397827 4.308718497430391 4.317781448364258 8.294325828552246
3.2987334728240967 3.835892058125296 3.210369348526001 3.573026418685913
4.169113636016846 5.540767268361435 4.29803991317749 6.321935653686523
3.3272206783294678 6.013789718052635 4.820881366729736 8.736366271972656
3.4168245792388916 5.572062873541687 4.950760364532471 10.117218017578125
5.964909076690674 6.175196196143332 3.5167946815490723 3.9665122032165527
5.067334175109863 7.664247418623701 4.881396770477295 7.537060260772705
4.4947285652160645 6.591304351961526 5.642024040222168 10.856504440307617
4.374024391174316 6.54973100327166 5.861015796661377 12.776511192321777
4.609177589416504 5.332332767842814 1.6461739540100098 1.7169376611709595
3.5248255729675293 5.962314650255735 1.9709014892578125 2.6169614791870117
2.90726900100708 5.15305347425139 2.2683544158935547 3.552927255630493
1.8980491161346436 3.6837664268583694 2.4241762161254883 4.183639049530029
4.901280879974365 5.910392599463538 1.7278825044631958 1.8057575225830078
3.7899365425109863 5.065108910773793 2.094752073287964 2.8305349349975586
3.2091257572174072 5.112234324445581 2.433509111404419 3.9285216331481934
2.9208621978759766 5.56661187598138 2.609863519668579 4.675754070281982
5.4188642501831055 6.689990232978801 1.8479254245758057 1.9352627992630005
4.126498699188232 6.6240401532105295 2.272629737854004 3.12982177734375
3.386225700378418 6.480836341056541 2.6662728786468506 4.446896553039551
2.8836758136749268 6.079978089107527 2.868504762649536 5.350298881530762
5.654750347137451 6.517054138655823 2.033998489379883 2.1454100608825684
3.444957971572876 5.213623274372878 2.445391893386841 3.3260302543640137
2.9336295127868652 4.165219401574754 2.798520565032959 4.559834957122803
2.5743086338043213 4.553474760512174 2.961005926132202 5.376970291137695
6.061450958251953 7.155011174241736 2.1459298133850098 2.2661349773406982
4.791657447814941 7.142328360188685 2.637890338897705 3.676189661026001
4.2250213623046875 6.240580307131939 3.0670573711395264 5.209074974060059
3.3253672122955322 6.112971805543566 3.2647488117218018 6.235105514526367
6.642913818359375 8.367201110165922 2.3195858001708984 2.455172300338745
5.3045334815979 9.167296721057994 2.9239048957824707 4.1901164054870605
4.602550983428955 8.061767578762254 3.4551970958709717 6.137065887451172
4.051973342895508 4.9233180056531864 3.697270154953003 7.443329334259033
5.919278621673584 6.851302718263998 2.5856993198394775 2.7836222648620605
4.583854675292969 6.453757644385632 3.037334442138672 4.250404357910156
3.126339912414551 4.72764717355858 3.3920605182647705 5.726956844329834
2.520946979522705 4.978091231170197 3.5276851654052734 6.6715593338012695
6.528844356536865 7.687989331591325 2.7226927280426025 2.938647985458374
4.471650123596191 7.0112343092666265 3.314739227294922 4.784264087677002
2.16837739944458 3.563201549892568 3.7834439277648926 6.709619522094727
3.1595470905303955 5.2834446701713205 3.964052200317383 7.953095436096191
7.38453483581543 9.132101561656668 2.9489474296569824 3.1927034854888916
5.861973285675049 8.526089697784542 3.7334821224212646 5.580496311187744
3.88498592376709 6.291005722122463 4.351922512054443 8.136545181274414
3.514892101287842 4.0903858315898844 4.590175628662109 9.78491497039795
4.178683757781982 4.4491711909983565 2.7714388370513916 3.1521012783050537
3.709481954574585 5.449957704620616 3.7630488872528076 5.349987983703613
2.902113914489746 4.453040611225106 3.950286388397217 6.8717145919799805
2.490405559539795 3.856544465092192 4.029133319854736 7.849331855773926
4.385172367095947 4.705478792245458 2.9571750164031982 7.471535682678223
5.003431797027588 6.902915328638215 4.122957229614258 6.139235973358154
3.72818660736084 6.025916283503648 4.469540119171143 8.214892387390137
3.403069496154785 6.080788080404204 4.5923614501953125 9.534371376037598
5.6099419593811035 6.571126817576216 3.252061128616333 3.730565309524536
5.117288112640381 8.403835492593188 4.676426887512207 7.333637714385986
4.134148120880127 5.002665355096269 5.218029499053955 10.153942108154297
4.056934356689453 6.465088660563936 5.396923065185547 11.946723937988281
4.012069225311279 4.474615674539752 1.7294867038726807 1.7773381471633911
3.2041940689086914 4.412212913349741 1.9864927530288696 2.529468297958374
2.812070369720459 5.251562298457856 2.242824077606201 3.4122369289398193
3.1684141159057617 5.459662598995237 2.3847804069519043 3.9971415996551514
4.546863555908203 5.257133624251878 1.8196290731430054 1.8714827299118042
3.217822551727295 4.75361239200015 2.1198155879974365 2.7418618202209473
2.9972434043884277 5.259177937353357 2.419583559036255 3.7909927368164062
3.141465425491333 5.939401773551622 2.5827972888946533 4.49055814743042
5.136165142059326 6.2661485840377225 1.9482680559158325 2.0066072940826416
4.872491359710693 7.143001314809226 2.307586669921875 3.037792921066284
3.7779858112335205 6.571579830253393 2.665405511856079 4.310577392578125
3.1442785263061523 5.240324231611513 2.85627818107605 5.160739898681641
4.708946228027344 5.278571852860324 2.1799798011779785 2.253560781478882
3.982262134552002 6.175529851818624 2.5239624977111816 3.2917582988739014
3.0543971061706543 5.539637600846845 2.8247389793395996 4.487504005432129
2.9617669582366943 4.926660892334894 2.9636309146881104 5.246132850646973
5.297452449798584 6.20089299533568 2.306548595428467 2.384312629699707
4.471888065338135 6.011602925015723 2.7384822368621826 3.654611587524414
3.520895481109619 6.419198576184527 3.120690107345581 5.159416675567627
3.0396173000335693 4.848497772621814 3.2954187393188477 6.118971347808838
6.074879169464111 7.3535274518261105 2.4923434257507324 2.5808167457580566
4.863823413848877 7.47673527487882 3.047797918319702 4.179448127746582
4.311257362365723 6.056700259360117 3.54032039642334 6.115020275115967
3.6981770992279053 6.904884374603071 3.7618634700775146 7.346109390258789
4.894968032836914 5.600253754196956 2.733022928237915 2.8696517944335938
3.9236247539520264 6.4259044453925895 3.187007427215576 4.281295299530029
3.375223159790039 5.26849548658015 3.492492437362671 5.772989749908447
3.0626401901245117 4.931526248613551 3.59358811378479 6.656915664672852
5.622740745544434 6.660799774083898 2.898934841156006 3.044092893600464
4.344279766082764 6.069434498846761 3.5023090839385986 4.856480598449707
3.7423481941223145 6.186594967125323 3.929915189743042 6.819333553314209
2.489168167114258 3.6586710123219177 4.080411911010742 7.988865852355957
6.614531517028809 8.01080971790907 3.147620916366577 3.3132991790771484
5.280714988708496 8.203351880591981 3.964622735977173 5.698231220245361
4.241184711456299 7.662743485862304 4.560037136077881 8.33240795135498
3.4006707668304443 6.133601549920485 4.771651744842529 9.89419174194336
3.5546340942382812 3.871906674275081 2.9988279342651367 3.296194076538086
2.603497266769409 3.5692446195359935 3.9287400245666504 5.4827189445495605
2.2350499629974365 3.259115808485035 4.145120620727539 7.079094409942627
2.888665199279785 5.389871359192966 4.167893886566162 7.983150959014893
5.110095500946045 5.781437898795531 3.2360212802886963 3.5678839683532715
4.134523391723633 5.7641420333358155 4.33549690246582 6.288166522979736
3.3247928619384766 5.28582488957873 4.712368488311768 8.500269889831543
2.4699044227600098 4.001579814862424 4.79632568359375 9.745941162109375
6.250227451324463 6.544665511498977 3.587204933166504 3.979909896850586
4.898636341094971 7.01684552612636 4.953329086303711 7.499267578125
3.9387784004211426 6.265818068154886 5.537907123565674 10.558319091796875
3.3360865116119385 5.9926125798435805 5.695280075073242 12.284771919250488
4.529174327850342 5.024678731573658 1.5298926830291748 1.5680630207061768
4.2472076416015625 6.586633940703058 1.7864761352539062 2.259831666946411
3.458019256591797 6.3755358828316275 2.0810365676879883 3.1464269161224365
3.188016891479492 5.427089987549948 2.2638535499572754 3.783082962036133
4.946341514587402 5.643812530949617 1.6145172119140625 1.6582813262939453
4.269689559936523 6.85527479044049 1.9041789770126343 2.447516918182373
3.591036558151245 5.958428173449647 2.2390270233154297 3.478792667388916
3.3546242713928223 6.096429292111164 2.4447813034057617 4.227877616882324
5.423222064971924 6.562677827809438 1.7440105676651 1.794755458831787
4.260465621948242 6.895458249818862 2.082353353500366 2.722554922103882
4.588156223297119 8.452583554768935 2.4728341102600098 3.9570891857147217
2.3835160732269287 5.184302037911017 2.708136796951294 4.858391284942627
5.654604911804199 6.28533854151101 1.760278582572937 1.8066718578338623
4.3937087059021 6.814283429312127 2.1054790019989014 2.7251038551330566
3.6257026195526123 6.076302932550487 2.4797136783599854 3.899662494659424
2.716482162475586 5.10261138629879 2.6949210166931152 4.72625207901001
6.08152437210083 6.9855457942571775 1.8834363222122192 1.9398863315582275
3.8208065032958984 6.044901472287279 2.2844126224517822 3.023080348968506
3.750361442565918 6.423070179149363 2.7279508113861084 4.450488567352295
3.170154571533203 5.365768156241529 2.9818060398101807 5.470766544342041
6.753927707672119 7.977428626347432 2.082721471786499 2.151928186416626
5.10723876953125 8.280102115222636 2.5721492767333984 3.487109899520874
3.4958057403564453 6.557118768206919 3.115386962890625 5.288990020751953
3.9625163078308105 6.742430514397938 3.4188575744628906 6.581157207489014
5.999906539916992 6.70040820907127 2.071708917617798 2.11118745803833
5.180622577667236 7.55052070390775 2.497187376022339 3.281273603439331
2.5658774375915527 4.422801270553123 2.906104564666748 4.714055061340332
2.5530598163604736 4.585316588644133 3.123671531677246 5.6898579597473145
6.844532489776611 7.846029694835465 2.2236759662628174 2.2822153568267822
5.488523006439209 7.30659294028527 2.7301394939422607 3.693162441253662
3.2039971351623535 5.275449187713132 3.2399277687072754 5.495529651641846
2.0196802616119385 3.7895662947837954 3.513746500015259 6.748931884765625
7.778809070587158 9.095288066317949 2.4858615398406982 2.566622495651245
6.223297119140625 9.664638323343752 3.1256046295166016 4.362517356872559
4.16091775894165 5.871283646889111 3.7844667434692383 6.732068061828613
3.950684070587158 6.411088976787637 4.1289448738098145 8.37990951538086
3.2478456497192383 3.6521995056778866 2.281705856323242 2.6221165657043457
4.714698314666748 7.437581688397586 3.09822416305542 4.107193946838379
3.300403594970703 5.130205005494304 3.3145036697387695 5.49929666519165
2.633275270462036 4.945107453592103 3.48979115486145 6.530480861663818
4.875021934509277 5.2143142231913 2.4715940952301025 2.8736987113952637
4.2349395751953125 5.481721791946562 3.34559965133667 4.6213154792785645
4.456232070922852 6.425763063835802 3.7126431465148926 6.483979225158691
3.5784249305725098 6.2469250460040655 3.962226152420044 7.858604431152344
5.395361423492432 6.155818871537164 2.805058240890503 3.284400701522827
5.692852020263672 8.547284331374613 3.79717755317688 5.452993869781494
3.5285041332244873 6.492185002267661 4.385265350341797 8.073923110961914
3.7316677570343018 5.82757778300081 4.724930286407471 9.937390327453613
4.329641819000244 5.083279546112408 1.6411075592041016 1.7006365060806274
3.7355875968933105 5.868768689611714 1.9390422105789185 2.533891439437866
2.8161399364471436 5.024128075413614 2.2093887329101562 3.458655834197998
2.0504727363586426 3.31537465654435 2.349029779434204 4.090845584869385
4.6907958984375 5.728084826042732 1.7150734663009644 1.778687596321106
4.474198341369629 6.792436985803761 2.052975654602051 2.7180140018463135
2.378303050994873 3.126709301566713 2.369913339614868 3.800366163253784
2.450486421585083 4.0845513521307595 2.5351269245147705 4.552636623382568
5.231445789337158 6.544636177376333 1.8201199769973755 1.8895589113235474
4.678741931915283 6.2770392675503075 2.2115471363067627 2.972520589828491
4.253888130187988 7.171516549080991 2.5895016193389893 4.267168045043945
3.167919874191284 4.812648253297489 2.7870864868164062 5.17897891998291
5.095596790313721 5.986341246727044 2.0855464935302734 2.1731393337249756
4.1207051277160645 6.970327751627195 2.4686570167541504 3.303337335586548
3.0693790912628174 5.41119739644461 2.775878667831421 4.535366535186768
2.9956977367401123 4.919691237230822 2.9012198448181152 5.330183982849121
5.641975402832031 6.771696997660285 2.1820907592773438 2.2759761810302734
4.31577730178833 7.4261541545351974 2.6439905166625977 3.6110129356384277
3.8743786811828613 5.727216445913996 3.0396013259887695 5.140294551849365
2.7121856212615967 4.66848704218387 3.210041046142578 6.14716911315918
6.4157328605651855 7.892104429573237 2.3281843662261963 2.4319117069244385
4.876437664031982 8.475676056704732 2.897709846496582 4.0506815910339355
4.683162212371826 6.8456066674120155 3.4104199409484863 5.987828731536865
3.755343437194824 6.510218973738574 3.6370697021484375 7.283717632293701
5.2615647315979 6.239131798822484 2.73909068107605 2.858246326446533
3.9804394245147705 7.012184565926987 3.19010066986084 4.378767490386963
2.1515285968780518 4.453457596298335 3.4490818977355957 5.866469383239746
2.213416337966919 3.3667524882625894 3.5029492378234863 6.736808776855469
5.966649055480957 7.205264548866227 2.858400344848633 2.9970617294311523
3.9159915447235107 6.319471113190048 3.4342992305755615 4.8601226806640625
2.404287099838257 3.706317636974063 3.8280608654022217 6.801030158996582
2.4319698810577393 4.045452983618944 3.947331190109253 7.972362995147705
6.884340286254883 8.666531928329277 3.045710802078247 3.21047306060791
4.515615463256836 7.473246660724854 3.8025588989257812 5.560041427612305
4.520181179046631 8.129715817229567 4.376669883728027 8.129328727722168
3.667628049850464 6.484813474005811 4.574294567108154 9.712225914001465
3.952198028564453 4.787279039814166 2.9063031673431396 3.1844985485076904
3.7321255207061768 6.131795176372918 3.9269373416900635 5.57423210144043
2.7056479454040527 4.874961685484679 4.117245197296143 7.220846176147461
1.7724322080612183 2.6430455311638474 4.049029350280762 8.0454740524292
5.430586814880371 6.021182623304412 3.0800251960754395 3.387500047683716
3.688734769821167 5.871056756246389 4.27671480178833 6.3203511238098145
2.271148443222046 4.4163680597492885 4.59715461730957 8.481133460998535
2.7731330394744873 4.17634686950754 4.610539436340332 9.667878150939941
6.1923828125 7.049540715618093 3.344440460205078 3.6969282627105713
5.072490692138672 7.4022438526458245 4.7844367027282715 7.362177848815918
4.2812299728393555 6.868501046171332 5.3087053298950195 10.290757179260254
4.275170803070068 6.883953059465131 5.4178619384765625 11.967132568359375
4.465137004852295 4.8554079913984936 1.6324388980865479 1.6789541244506836
4.657553672790527 6.748033530111627 1.8821916580200195 2.4040753841400146
3.2983081340789795 5.984372923046806 2.1386194229125977 3.232790231704712
2.995380163192749 5.53420424777395 2.2899062633514404 3.785984516143799
4.9138312339782715 5.655819043325237 1.7054202556610107 1.7576227188110352
3.935337781906128 5.96794502653978 1.9912915229797363 2.578899621963501
3.441939115524292 5.201454486355772 2.28676438331604 3.536743402481079
2.803286552429199 5.369864841526949 2.459700107574463 4.18251895904541
5.352869033813477 6.412517093038247 1.8069556951522827 1.8675994873046875
4.957502365112305 7.033970016133935 2.140042781829834 2.822871446609497
3.769413948059082 7.10173395124189 2.486260414123535 3.9583160877227783
3.610910177230835 6.3578488228264405 2.6869442462921143 4.7290802001953125
5.302262306213379 5.812976133969414 2.0688931941986084 2.1261484622955322
4.805680751800537 7.264533815489756 2.3815019130706787 3.091010808944702
3.520752429962158 5.902494713247279 2.659700870513916 4.161068439483643
3.018289089202881 4.5340285840893415 2.802058696746826 4.853064060211182
5.821883678436279 6.736365819927968 2.164933681488037 2.234638214111328
4.7828474044799805 7.081377632240674 2.5494344234466553 3.3843491077423096
3.335411310195923 5.604859827988577 2.899892807006836 4.696727752685547
3.9102542400360107 6.910258276266362 3.078660249710083 5.553873062133789
6.577455043792725 7.752123520278987 2.304471015930176 2.390721082687378
4.654839515686035 7.782677942600522 2.7851500511169434 3.80411958694458
4.3844780921936035 6.270264518379243 3.232006311416626 5.459842681884766
3.9689993858337402 6.4060611077002925 3.4589273929595947 6.546136379241943
5.569157600402832 6.144173674047465 2.735133409500122 2.8156354427337646
3.724283456802368 5.447151382977381 3.0936174392700195 4.089087963104248
3.1065170764923096 4.960330534589502 3.3013508319854736 5.3298420906066895
3.0776455402374268 4.292083700458534 3.374056339263916 6.079500198364258
6.350027084350586 7.271539079940361 2.8548693656921387 2.9498491287231445
4.692250728607178 6.963214824343915 3.331716299057007 4.545658111572266
3.3543810844421387 5.763812866124397 3.6464574337005615 6.159236907958984
3.02140474319458 5.543160322011545 3.769242286682129 7.143927097320557
7.301558494567871 8.504207369550386 3.031642436981201 3.1542680263519287
5.762165069580078 8.559537329699651 3.6727449893951416 5.20674991607666
4.412299633026123 6.362077119447804 4.13480281829834 7.354440689086914
3.4317009449005127 5.9431641976978185 4.323235511779785 8.672797203063965
4.994360446929932 5.3017872005161735 2.8982574939727783 3.154850959777832
3.4718899726867676 5.605133980647679 3.9079480171203613 5.425955772399902
3.74111270904541 5.671979770425253 3.972358226776123 6.595353603363037
2.243115186691284 3.342868591766404 3.913173198699951 7.261146068572998
5.280926704406738 5.819223193296075 3.0716354846954346 3.368657350540161
4.480605602264404 7.24515019295999 4.238821029663086 6.124266624450684
4.048849105834961 6.01098847503215 4.418938159942627 7.724419116973877
3.2060654163360596 4.282437340406091 4.414651870727539 8.671802520751953
5.957773685455322 6.6152118131691395 3.3222053050994873 3.6816043853759766
5.1223673820495605 7.744225483468654 4.719853401184082 7.094152450561523
4.811342239379883 7.70404205436834 5.05711030960083 9.357742309570312
3.329890251159668 5.175727317415294 5.1283063888549805 10.707862854003906
3.8337676525115967 4.552972249299812 1.680331826210022 1.7447813749313354
3.4466605186462402 6.148652933162339 1.9706579446792603 2.5718278884887695
2.589738607406616 4.436681814268756 2.228076696395874 3.443211078643799
2.5991923809051514 4.813425323225275 2.3637759685516357 4.018158912658691
4.378730773925781 5.344451927623595 1.756980538368225 1.8281792402267456
3.915147066116333 6.709378137865315 2.083014965057373 2.7594621181488037
2.9283862113952637 4.568649615076424 2.3788721561431885 3.778965473175049
3.525869131088257 5.66162499692885 2.5348713397979736 4.468024253845215
5.1480937004089355 6.340594288264024 1.8642586469650269 1.9433858394622803
4.206411361694336 6.64083702544508 2.23812198638916 3.016315221786499
3.6141629219055176 5.847602222933176 2.5838050842285156 4.228765487670898
3.2895262241363525 4.8679199107180295 2.764526605606079 5.061281681060791
4.604524612426758 5.498102372608479 2.0872323513031006 2.1730856895446777
3.95513916015625 6.398760941594674 2.453934907913208 3.2554895877838135
2.366684913635254 3.9637124576308906 2.741621732711792 4.389390468597412
2.3295559883117676 4.122795260137876 2.867239475250244 5.1079182624816895
5.308756351470947 6.4324127059535385 2.188730239868164 2.2855758666992188
3.536097764968872 5.64770729972895 2.626793384552002 3.566157817840576
3.5328526496887207 6.163453356684386 2.9864816665649414 4.970834255218506
3.056128740310669 5.317259668133147 3.146878242492676 5.88264274597168
6.174254417419434 7.598227340125959 2.3363404273986816 2.4476583003997803
3.7583909034729004 5.603464061285498 2.8713772296905518 4.002279281616211
4.505620002746582 7.061470712936952 3.3253891468048096 5.765955924987793
3.6488547325134277 6.9661229821495 3.528045892715454 6.926293849945068
4.86563777923584 5.877988999744915 2.646073818206787 2.776167631149292
3.808112382888794 6.577622798757375 3.069032907485962 4.147258758544922
3.0411558151245117 4.3617110738819065 3.3191418647766113 5.4798431396484375
2.619500160217285 4.947267199358066 3.390068531036377 6.27241325378418
5.752324104309082 6.97967135276247 2.7651095390319824 2.9100542068481445
5.067986965179443 8.2196962401847 3.3109536170959473 4.6134185791015625
3.370368242263794 5.449298113882207 3.670912027359009 6.3635478019714355
2.2602367401123047 2.988488961400589 3.7896130084991455 7.426406383514404
6.846086025238037 8.514995935593475 2.9489245414733887 3.1164863109588623
5.001653671264648 8.124789721338345 3.6636273860931396 5.288323402404785
4.605575084686279 8.287355867690025 4.167788028717041 7.594900608062744
1.832302212715149 3.658342441207594 4.342729091644287 9.00678825378418
4.180662631988525 4.801098602629519 2.80926775932312 3.095381259918213
4.14760160446167 6.511497151647754 3.8047444820404053 5.267724514007568
2.4539999961853027 4.4061668635768 3.894490957260132 6.599359035491943
2.1235239505767822 4.078276691670666 3.8546886444091797 7.327693939208984
5.075564384460449 5.872997203367049 2.977139949798584 3.304262638092041
2.7463555335998535 5.03772966773203 4.1353840827941895 5.9897541999816895
3.9888546466827393 6.975514068001303 4.345057964324951 7.783693790435791
3.519908905029297 5.689113999185395 4.363246917724609 8.839555740356445
5.711899280548096 6.426884453201881 3.22914981842041 3.615119457244873
4.822741985321045 7.247857024877197 4.610925197601318 6.999761581420898
4.545342445373535 7.622169895247566 4.991049766540527 9.456872940063477
3.406155586242676 4.725245661632414 5.0758056640625 10.930890083312988
4.542370796203613 5.170643530444522 1.4867181777954102 1.5414352416992188
3.5090503692626953 5.948867062875166 1.7607066631317139 2.3145878314971924
3.715552806854248 6.419642111851488 2.020275831222534 3.162148952484131
2.9836881160736084 5.223869920295394 2.1762020587921143 3.756843328475952
4.696022987365723 5.627761945130618 1.557354211807251 1.6179853677749634
4.278741836547852 7.141827666288947 1.8613587617874146 2.481837272644043
3.9526705741882324 6.858992627927101 2.1544272899627686 3.4565203189849854
3.269648313522339 5.531685250983017 2.3293557167053223 4.148769855499268
5.177672863006592 6.395312929408647 1.6593713760375977 1.7269752025604248
4.6487345695495605 7.315540744385565 2.0046887397766113 2.7157468795776367
4.552114486694336 7.1615387577634735 2.3430073261260986 3.8636839389801025
3.3883721828460693 5.044919316119319 2.542482376098633 4.686919689178467
5.598596096038818 6.4067496239740365 1.737084984779358 1.7926362752914429
4.185553550720215 6.55638031153029 2.060439348220825 2.7375307083129883
3.3759379386901855 6.094610483483564 2.351907730102539 3.7873923778533936
3.500108003616333 6.061007816889514 2.5200908184051514 4.522938251495361
5.91085958480835 6.997851804851521 1.8333287239074707 1.902008056640625
4.167247772216797 6.7521964383013255 2.2089293003082275 2.997755765914917
4.300975322723389 6.476305140764907 2.5583503246307373 4.2627458572387695
4.077093124389648 7.011576042412116 2.7573952674865723 5.159721374511719
6.498600482940674 7.913119330049113 1.9785479307174683 2.0614848136901855
5.453970432281494 8.967282727438194 2.4289462566375732 3.3750107288360596
3.5047171115875244 6.1164150516754034 2.859191656112671 4.947376728057861
3.4764325618743896 7.054502056707861 3.099580764770508 6.070505142211914
5.9078593254089355 6.796871585311692 2.1688568592071533 2.146714448928833
5.0694260597229 8.287541966303252 2.486656665802002 3.2794148921966553
3.707118034362793 6.614169143442723 2.72869873046875 4.476720333099365
2.452211380004883 3.773596699888458 2.8687469959259033 5.300090789794922
6.570155143737793 7.716807808523299 2.2757396697998047 2.288724184036255
4.677741527557373 8.218850494994058 2.6755988597869873 3.6461124420166016
4.8751325607299805 8.287611478950566 3.006761074066162 5.150814056396484
4.041825771331787 7.422730150483972 3.191077709197998 6.199060916900635
7.349304676055908 9.012482820163314 2.449167490005493 2.4961435794830322
6.203648567199707 10.16958802855055 2.9709060192108154 4.187839508056641
3.999243974685669 6.6434190439529175 3.4270877838134766 6.148762226104736
3.7200729846954346 7.047432535789994 3.669975996017456 7.521665096282959
4.4337029457092285 4.869681622433632 2.29016375541687 2.5005266666412354
4.528689861297607 7.745913560654962 3.495751142501831 4.585649013519287
4.4034271240234375 7.568071251504989 3.178584098815918 5.262695789337158
3.3305163383483887 6.024408844011518 3.1964383125305176 6.01876974105835
4.2476043701171875 4.855728035860011 2.4377641677856445 2.6958048343658447
4.541041374206543 8.08218012641413 3.7278401851654053 5.117348670959473
4.32308292388916 7.885052353919832 3.5151889324188232 6.137133598327637
3.6737287044525146 6.636187550941031 3.5894241333007812 7.151373386383057
4.842218399047852 5.475931220348343 2.6720352172851562 2.98931622505188
5.800563335418701 9.603026924890003 4.085181713104248 5.897050857543945
4.818748474121094 9.064135172530172 4.0412211418151855 7.442225933074951
4.27554988861084 7.115356833128317 4.188165664672852 8.845507621765137
4.127699375152588 5.089403534558869 1.5651506185531616 1.620576024055481
3.6369569301605225 6.221598560231229 1.8393250703811646 2.434621572494507
3.5160751342773438 5.97305057739637 2.089578866958618 3.314703941345215
2.66363787651062 5.119549594264306 2.2240123748779297 3.899444818496704
4.613646507263184 5.815411683538208 1.6426196098327637 1.7027066946029663
4.31890869140625 7.5116562381612795 1.9560837745666504 2.6190409660339355
3.176241159439087 5.009130457571132 2.2436628341674805 3.628878355026245
3.496860980987549 4.978468291095794 2.3954596519470215 4.302707195281982
5.220500946044922 6.775235593220941 1.7522917985916138 1.8178728818893433
4.305113792419434 7.091921169210137 2.1199138164520264 2.875117063522339
3.96987247467041 8.012118544079016 2.4587650299072266 4.059813976287842
2.7612481117248535 4.9498412162624845 2.6332879066467285 4.849008560180664
4.973257541656494 6.117931311041502 1.8999426364898682 1.9696661233901978
3.4930613040924072 5.277992566137073 2.2368268966674805 3.0197014808654785
3.511767864227295 6.367779653127172 2.5041019916534424 4.128698825836182
2.6056180000305176 5.373862401560244 2.6241233348846436 4.841299057006836
5.651174068450928 6.9798678346967336 2.0113892555236816 2.0865249633789062
4.042969703674316 6.392854553044289 2.417989492416382 3.3228933811187744
3.546419382095337 6.668838402494265 2.7481582164764404 4.662060737609863
3.3625264167785645 6.010591589442143 2.894257068634033 5.520444869995117
6.547459125518799 8.405434466290123 2.1722543239593506 2.2563459873199463
4.639594078063965 8.745163138273938 2.67897367477417 3.755709171295166
3.915736198425293 6.444260597203822 3.0991272926330566 5.415454387664795
3.274902820587158 5.201884786256414 3.2818541526794434 6.472280979156494
5.292562484741211 6.563834594878414 2.3941593170166016 2.5426175594329834
3.829380989074707 5.991170241135478 2.7541322708129883 3.7948715686798096
2.9425837993621826 5.928687252520831 2.9697742462158203 5.046254634857178
3.3364222049713135 6.324881821554129 3.0334465503692627 5.81774377822876
6.1230082511901855 7.635464948446838 2.5338544845581055 2.6709818840026855
4.404956817626953 7.214606937007375 3.009111166000366 4.238950252532959
4.131077766418457 6.917554166073842 3.313497304916382 5.839225769042969
2.6502010822296143 4.589660816509806 3.406937837600708 6.801580905914307
7.234396934509277 9.246258750067241 2.74230694770813 2.8803703784942627
5.842606067657471 8.675082367018234 3.3834478855133057 4.892114639282227
4.310945510864258 7.355014384575694 3.8160600662231445 6.976059913635254
4.017164707183838 6.186909669799013 3.954542398452759 8.208662986755371
4.472348213195801 5.295021071907058 2.6171340942382812 2.9190595149993896
3.1376068592071533 5.036510947917122 3.555285692214966 5.179201126098633
3.0054733753204346 4.9745898388757865 3.4518370628356934 6.003822326660156
2.799860715866089 5.494826527958594 3.400132417678833 6.6942877769470215
5.395712852478027 6.530361071492962 2.8081302642822266 3.122220516204834
4.543593883514404 7.875712257032319 3.889955520629883 5.828227519989014
2.748209238052368 4.012652604075811 3.8957033157348633 7.068514823913574
3.334691286087036 6.18213708632036 3.867572784423828 7.965215682983398
5.785227298736572 6.836304300965161 3.087728977203369 3.433093309402466
5.110743522644043 8.714148331034494 4.386655330657959 6.774857521057129
4.694717884063721 7.88972246119404 4.54906702041626 8.604541778564453
3.6140832901000977 6.358624934195086 4.559020042419434 9.793790817260742
4.178089141845703 4.911304344262554 1.6862465143203735 1.7617671489715576
3.1552042961120605 5.599028003213675 2.0234367847442627 2.7031164169311523
1.9417256116867065 3.9244555870498417 2.3238813877105713 3.6534769535064697
1.9379302263259888 3.08695621116658 2.473083019256592 4.268457889556885
4.731724262237549 5.779488665117128 1.771048665046692 1.8513418436050415
4.065066814422607 6.408397829196815 2.152839422225952 2.914011001586914
3.480651378631592 6.072602645034612 2.50126576423645 4.040406703948975
2.124500274658203 4.126886235431698 2.675217628479004 4.785266876220703
5.3430962562561035 6.865388386222605 1.8934255838394165 1.9784752130508423
4.851781368255615 7.780693340641037 2.338344097137451 3.2063510417938232
3.338190793991089 6.1722257739611885 2.7530386447906494 4.566591739654541
3.085451126098633 5.880346650749688 2.9594898223876953 5.479457855224609
5.060392379760742 5.952600238690593 2.079737901687622 2.1759145259857178
3.521334409713745 5.188977748456992 2.502027988433838 3.406282901763916
3.419604539871216 5.46375978200831 2.8481292724609375 4.647448539733887
1.7056889533996582 2.8139749179138107 2.997607469558716 5.431280136108398
5.656223773956299 6.810646103557758 2.1934962272644043 2.304509162902832
3.9516513347625732 6.671416193375649 2.701179265975952 3.7601966857910156
2.9688596725463867 4.218103073434349 3.1344168186187744 5.318016529083252
3.2305145263671875 5.090052817943956 3.3252270221710205 6.323694705963135
6.475701808929443 8.221706708626556 2.366786003112793 2.491210699081421
4.295999526977539 7.025626322854521 2.996591091156006 4.265065670013428
3.7619636058807373 5.9646877179375295 3.5509166717529297 6.259064674377441
3.0031375885009766 4.542223235455836 3.796445369720459 7.560956001281738
5.319364070892334 6.327772971693321 2.6260712146759033 2.7287113666534424
4.089526176452637 6.697261141596414 3.0845489501953125 4.255975246429443
2.4303550720214844 4.613072686043608 3.4047484397888184 5.719787120819092
2.543391704559326 4.3381359183684935 3.519185781478882 6.6141862869262695
6.154786109924316 7.401327638541261 2.766787528991699 2.8920369148254395
2.610445261001587 4.463898687686651 3.361697196960449 4.788970470428467
2.8683297634124756 3.5789233594286713 3.8102285861968994 6.720639228820801
2.9934704303741455 4.920235179234737 3.9790313243865967 7.9238739013671875
7.2270097732543945 9.007606331733612 2.9888010025024414 3.1412179470062256
5.552883625030518 7.609836105254544 3.7846226692199707 5.566436767578125
4.486497402191162 7.620827758627513 4.4112443923950195 8.156951904296875
3.7361538410186768 5.816877831702101 4.651998519897461 9.779179573059082
4.04232931137085 4.593435486078306 2.7787444591522217 3.037707567214966
3.9825267791748047 6.3779533423621615 3.764472484588623 5.294864177703857
2.717498779296875 4.412944755861645 3.919112205505371 6.719156265258789
1.4236743450164795 2.440188549281629 3.9609954357147217 7.623000621795654
5.3328166007995605 5.99788755015652 2.967052936553955 3.272549629211426
3.5762529373168945 6.361799670511573 4.1357293128967285 6.03444242477417
3.0656354427337646 4.931296040791182 4.43623161315918 8.033184051513672
2.6875321865081787 4.746339326238777 4.536355495452881 9.306572914123535
5.55146598815918 5.77905179928732 3.25803279876709 3.624101161956787
4.474130153656006 7.522301730499748 4.694799423217773 7.126836776733398
4.411465167999268 5.990618580581128 5.209012985229492 9.942712783813477
3.6265060901641846 5.408385098578009 5.387153148651123 11.720011711120605
4.002337455749512 4.874377540676846 1.6401872634887695 1.690683126449585
3.8933966159820557 6.696833341016713 1.9350098371505737 2.5796704292297363
2.6520543098449707 5.211278873788544 2.2149441242218018 3.544877529144287
2.1659467220306396 4.471247353750982 2.3666188716888428 4.16886568069458
4.539679050445557 5.644156289425155 1.7226284742355347 1.7770358324050903
4.324124336242676 7.074599111789035 2.062101125717163 2.7783000469207764
3.7116148471832275 6.09910538066697 2.386866569519043 3.8971080780029297
2.315666437149048 4.994425354857981 2.5608103275299072 4.633077621459961
5.227398872375488 6.740115265824045 1.8409924507141113 1.9038249254226685
4.677105903625488 7.008855729536776 2.2395262718200684 3.0666768550872803
4.501783847808838 7.030271435140718 2.622525691986084 4.395694732666016
3.1756417751312256 5.769171801901583 2.8246331214904785 5.280542373657227
4.7144269943237305 5.717415180806711 2.052927255630493 2.1143429279327393
4.254725456237793 7.229650854141102 2.4260542392730713 3.311262607574463
2.4318456649780273 4.813031747524747 2.7418010234832764 4.5875372886657715
2.350159168243408 5.0577065495113676 2.8907127380371094 5.383450984954834
5.390024662017822 6.627161156354042 2.168221950531006 2.2336325645446777
4.905256748199463 8.13581813099347 2.6281323432922363 3.6483936309814453
3.3333356380462646 6.101424957454697 3.022400140762329 5.205385208129883
2.63683819770813 4.66657148003992 3.2054715156555176 6.191309452056885
6.309006214141846 8.10121561381866 2.341204881668091 2.4195728302001953
5.048365592956543 8.424003389174352 2.9198033809661865 4.1519999504089355
4.578530311584473 8.231364768682015 3.418628454208374 6.100740909576416
3.834683418273926 6.091379825343779 3.6457011699676514 7.345616340637207
4.982295513153076 6.040946308922685 2.635327100753784 2.7212955951690674
3.662970542907715 5.482478013821947 3.041334390640259 4.2676496505737305
3.196873664855957 5.390396928885423 3.3290774822235107 5.796969890594482
2.9813687801361084 5.221249678830247 3.437070608139038 6.699221134185791
5.825094699859619 7.133403357725115 2.7741165161132812 2.8770387172698975
3.691091537475586 5.954822560820503 3.336066484451294 4.79668664932251
3.5227091312408447 6.247120813562276 3.7363736629486084 6.744881629943848
2.572003126144409 4.879616362706102 3.8839657306671143 7.901264667510986
7.035336017608643 8.903525369568342 3.0014495849609375 3.1305298805236816
5.158151626586914 7.480026655195601 3.7717368602752686 5.594972610473633
3.838893175125122 6.934661170394065 4.319869041442871 8.127717971801758
3.337337017059326 5.0355415376742485 4.518198013305664 9.635948181152344
4.489532947540283 5.136182596358651 2.869046688079834 3.1857354640960693
3.9993844032287598 6.2134313971139505 3.746777296066284 5.4250078201293945
2.620654344558716 4.240549927782467 3.876736879348755 6.9652910232543945
1.8586229085922241 3.8106560148762867 3.9123260974884033 7.88001012802124
5.1127705574035645 5.921504300172501 3.0755786895751953 3.4294168949127197
3.8143811225891113 6.4873550105381526 4.126442909240723 6.178759574890137
3.32436203956604 6.1504520780338225 4.405754566192627 8.252137184143066
3.07623028755188 5.522957368423931 4.4792070388793945 9.450569152832031
5.627559661865234 6.65504364947779 3.390441417694092 3.809583902359009
5.963558197021484 8.590497120386601 4.709178447723389 7.318392753601074
3.895498275756836 5.7952872982970405 5.168676376342773 10.125699043273926
3.867701768875122 6.038927805596359 5.287293910980225 11.717041015625
4.497928142547607 5.136810591944007 1.6710909605026245 1.7213133573532104
3.8975343704223633 6.186376357180933 1.9511847496032715 2.5280096530914307
3.3349671363830566 5.2766883873847235 2.2035293579101562 3.400568723678589
2.6423120498657227 4.99041327324662 2.341911554336548 3.995670795440674
4.97194766998291 5.947145820207211 1.760680079460144 1.8152391910552979
4.923829555511475 6.6482818179006244 2.0835392475128174 2.734920024871826
3.0685884952545166 5.014961921852132 2.3763132095336914 3.7577152252197266
1.8109018802642822 2.573635315565639 2.5329952239990234 4.454649448394775
5.493283271789551 6.757320970704086 1.891366720199585 1.9538424015045166
4.936211109161377 7.6387709278074 2.2717478275299072 3.0321569442749023
4.089024066925049 6.886633619903023 2.6170177459716797 4.257790565490723
3.6864821910858154 7.0576212673882 2.795844316482544 5.089054584503174
5.438315391540527 6.254895532518091 2.129411458969116 2.184541702270508
4.413566589355469 6.690272224872615 2.469348430633545 3.253392219543457
3.44963002204895 5.00130159887118 2.726151704788208 4.366739749908447
2.8846511840820312 5.478637592810669 2.8425354957580566 5.099122047424316
5.954261302947998 7.058524100441446 2.2546164989471436 2.3183956146240234
5.013721942901611 7.57988516673845 2.67851185798645 3.6052916049957275
3.582927703857422 6.054806586717177 3.006889820098877 4.992132663726807
3.140007972717285 6.385832029640969 3.1512651443481445 5.8988142013549805
6.749443531036377 8.360063086653327 2.4471936225891113 2.5260772705078125
5.940883636474609 8.997042676772036 2.988086462020874 4.13165807723999
4.709674835205078 7.159698636078673 3.412731647491455 5.902397155761719
3.9157886505126953 5.852420363706667 3.5914440155029297 7.044060230255127
5.690649509429932 6.598941576700184 2.777451992034912 2.840710163116455
4.276808738708496 6.877103015475825 3.149855375289917 4.228377342224121
2.7634685039520264 4.5558392077564065 3.3289451599121094 5.502168655395508
2.866605281829834 5.3397382845982975 3.3727824687957764 6.291503429412842
6.5751261711120605 7.733865410784119 2.9425153732299805 3.028263807296753
4.970767021179199 6.587534168622074 3.4509501457214355 4.778116226196289
4.22450065612793 7.591203092152227 3.7303900718688965 6.446586608886719
3.111776828765869 5.107152214864495 3.8074822425842285 7.47854471206665
7.622106552124023 9.26596883496586 3.2034177780151367 3.3228728771209717
5.29022741317749 8.357671681806096 3.907057762145996 5.609676837921143
3.6374399662017822 5.2311415017511695 4.324150562286377 7.8568830490112305
4.320278644561768 7.362432111824006 4.441368579864502 9.215514183044434
4.306044578552246 4.786516263162611 2.984144449234009 3.199446439743042
3.6983320713043213 5.582138223144284 3.9001591205596924 5.399530410766602
3.714552640914917 5.736684619737986 3.916057586669922 6.64101505279541
2.4355597496032715 3.8729055045978384 3.84775447845459 7.371626853942871
4.9924845695495605 5.716199513249947 3.173886775970459 3.5124881267547607
4.0664262771606445 5.025068578124149 4.295841693878174 6.192507743835449
4.204845905303955 7.282207063025792 4.433029651641846 7.89784049987793
3.5595693588256836 6.072311838198129 4.395413398742676 8.91217041015625
6.659337043762207 7.42458417473847 3.5296168327331543 3.9440245628356934
5.900169372558594 8.284366459014564 4.909696102142334 7.391188621520996
5.305873394012451 7.503967264799042 5.2036027908325195 9.789284706115723
3.7313153743743896 4.8642901716925735 5.2013421058654785 11.18964672088623
4.009742259979248 4.51563602267764 1.4700067043304443 1.5182870626449585
3.914139986038208 6.399339852223688 1.7230417728424072 2.2412478923797607
2.7906334400177 4.840721674120566 1.9723656177520752 3.063995361328125
2.249102830886841 3.4140562473058935 2.1117913722991943 3.629173517227173
4.605712413787842 5.498736653366109 1.54566490650177 1.5985445976257324
4.441949367523193 7.28169835710959 1.8283458948135376 2.4131507873535156
3.795605182647705 7.15115406103407 2.108736515045166 3.356663227081299
2.7612648010253906 5.595712566511608 2.2634048461914062 4.005754470825195
5.166499614715576 6.389572295533462 1.660698652267456 1.7196296453475952
4.897493839263916 7.280618909480916 1.985762596130371 2.6601004600524902
3.1717841625213623 5.950955977896626 2.307814836502075 3.7689414024353027
3.3161823749542236 5.636602939212552 2.4804534912109375 4.532103538513184
5.073369026184082 5.689130422238122 1.6625961065292358 1.7222522497177124
4.536194801330566 6.994873928436476 1.9688504934310913 2.6195521354675293
3.2579891681671143 4.852151406066696 2.2653775215148926 3.6543076038360596
2.6896488666534424 5.053414813605798 2.4200942516326904 4.35145902633667
5.583505630493164 6.637633302568064 1.773903250694275 1.8405781984329224
5.183449745178223 7.802505989293195 2.1307590007781982 2.892115592956543
3.8262381553649902 5.419971076483222 2.4799301624298096 4.132513046264648
2.8822436332702637 5.3397199152805115 2.658226728439331 4.9674224853515625
6.192561626434326 7.630053677686931 1.9530411958694458 2.0296785831451416
4.8552165031433105 7.755325736303426 2.3872101306915283 3.309340715408325
4.737911224365234 6.735388672971254 2.81034255027771 4.846733093261719
2.41960072517395 4.553393001386915 3.0164411067962646 5.876899719238281
5.368322849273682 6.097236876938496 1.8896764516830444 1.9680001735687256
5.31888484954834 8.262390523080512 2.2284750938415527 3.035961627960205
2.4558675289154053 4.118233816162274 2.548459529876709 4.24682092666626
2.8442230224609375 5.242868132127853 2.704667329788208 5.044314861297607
6.193907737731934 7.299916167843037 2.031961679458618 2.1192309856414795
4.65132999420166 7.594112187629889 2.445157527923584 3.412651538848877
3.43597149848938 5.976177690985125 2.8419392108917236 4.9250946044921875
3.7924578189849854 5.134566578539477 3.030271291732788 5.9139509201049805
7.132007598876953 8.80802432062967 2.272721290588379 2.3743457794189453
4.99241828918457 7.573776366282971 2.8052120208740234 4.019285202026367
3.9377574920654297 7.531904655955554 3.3130431175231934 5.979019641876221
3.9181952476501465 6.149304355505365 3.538480758666992 7.245253562927246
4.339538097381592 4.919460288685059 2.0990445613861084 6.204714775085449
4.809587001800537 7.919514204049392 2.5740532875061035 3.6792564392089844
3.931048631668091 6.492753724137998 2.7960891723632812 4.782112121582031
1.6977412700653076 2.6837803075150077 2.933764934539795 5.61507511138916
4.8637847900390625 5.14300680679321 2.278078079223633 2.6336097717285156
5.2833452224731445 7.305854293592347 2.8358991146087646 4.1602783203125
4.303183078765869 6.348631359460796 3.1558756828308105 5.638036251068115
2.638545036315918 3.648462450009106 3.332373857498169 6.705325603485107
4.893322467803955 5.343402997235245 2.5702784061431885 2.984508752822876
5.916518688201904 9.59529487201074 3.2724039554595947 4.921296119689941
5.144078254699707 8.275021527113935 3.7492449283599854 6.999539375305176
4.100113391876221 6.4948948505521 3.969642400741577 8.410186767578125
4.042033672332764 4.656450179079741 1.5692509412765503 1.621616005897522
3.085176706314087 4.751890818995548 1.8404641151428223 2.40578031539917
2.6144120693206787 4.23924434394408 2.106257438659668 3.3241913318634033
2.0265722274780273 3.8726086208143897 2.2616820335388184 3.9763219356536865
4.6273112297058105 5.523662585240523 1.6525729894638062 1.7085435390472412
3.5564894676208496 5.584986036655664 1.9609578847885132 2.5871317386627197
2.452620029449463 4.408569578803771 2.2668662071228027 3.645770788192749
2.8931241035461426 5.646262542623742 2.444528341293335 4.404811859130859
5.212197780609131 6.29833560839667 1.7743650674819946 1.8358415365219116
5.252963542938232 8.695362542201524 2.136260509490967 2.850008010864258
4.055736541748047 7.193120027997281 2.496821403503418 4.098291397094727
3.3830928802490234 6.581019487280969 2.7025368213653564 4.9967756271362305
4.892587184906006 5.696231213300948 1.8696939945220947 1.9377937316894531
3.994677782058716 6.634548782674646 2.2115478515625 2.9498300552368164
2.108914852142334 2.8434939663296177 2.5315353870391846 4.1502790451049805
3.255235195159912 5.637612929671548 2.7005906105041504 4.992218017578125
5.407063961029053 6.444673366969087 1.988708734512329 2.0609006881713867
3.893311023712158 6.914083660834876 2.3986926078796387 3.246126413345337
3.5902938842773438 6.528861449586106 2.790964126586914 4.702720642089844
3.168546676635742 5.918766535256783 2.996835231781006 5.733129024505615
6.205157279968262 7.53576758693174 2.16898512840271 2.2496209144592285
4.9793195724487305 6.957970239812829 2.6810052394866943 3.692189931869507
3.7748770713806152 5.613325468189309 3.1759021282196045 5.510318279266357
3.2796425819396973 4.900483914614455 3.4296133518218994 6.794996738433838
5.157352924346924 6.068199338568377 2.306772470474243 2.449275493621826
3.335594415664673 6.027249632468738 2.6812496185302734 3.6631150245666504
3.211031675338745 4.910827488689165 3.002397298812866 5.080597877502441
3.187887668609619 6.011528959616015 3.1529381275177 6.058160305023193
6.003140926361084 7.119433481567285 2.4531240463256836 2.5888941287994385
5.059372425079346 8.449481185330797 2.9381535053253174 4.086416244506836
3.8856992721557617 5.9347776707051025 3.371539831161499 5.89923095703125
2.2311644554138184 4.499021398764027 3.5721025466918945 7.150238990783691
6.978379249572754 8.508590429107699 2.6839001178741455 2.8231167793273926
5.065003395080566 8.390136762409476 3.339454174041748 4.744773864746094
4.661468029022217 7.257254327710939 3.933072805404663 7.126089572906494
4.150477409362793 7.207277520702519 4.198657035827637 8.752694129943848
3.7366318702697754 4.374628041445931 2.487931251525879 2.7744297981262207
3.540823221206665 6.544216662336196 3.505445957183838 4.925635814666748
2.858344316482544 5.21378837550659 3.4723005294799805 6.043723106384277
2.613644599914551 5.033105595197625 3.553544521331787 7.01878547668457
4.782727241516113 5.733272160349106 2.6797280311584473 2.992917060852051
4.104645252227783 7.705443698894669 3.833794355392456 5.5759196281433105
4.030228137969971 6.414513296083342 3.944171905517578 7.128611087799072
2.7768003940582275 4.605416663267874 4.085522651672363 8.438685417175293
5.6805033683776855 6.816332813465124 2.9825096130371094 3.340278148651123
4.887763500213623 8.166139009264583 4.333820343017578 6.519528865814209
4.0259552001953125 7.37697685946906 4.676438808441162 8.77027702331543
4.457574367523193 6.646534214196494 4.889289855957031 10.54250431060791
4.117567539215088 4.7119731808085135 1.6265732049942017 1.6705513000488281
3.543940305709839 5.831116600204496 1.827582597732544 2.3322951793670654
3.1319706439971924 6.035510569199118 2.034844398498535 3.1172375679016113
2.2482244968414307 4.204911119986718 2.157264471054077 3.6439104080200195
4.767206192016602 5.557336529403301 1.703331708908081 1.752995491027832
3.9951956272125244 6.395874259962284 1.9329935312271118 2.509922981262207
2.77307391166687 5.431442103213726 2.167811155319214 3.419826030731201
2.6213183403015137 3.9097031458729816 2.3044774532318115 4.035927772521973
5.3506951332092285 6.559169953105766 1.8129054307937622 1.8699555397033691
4.642786979675293 7.086693501315196 2.083308696746826 2.7562294006347656
4.086220741271973 7.349171823152801 2.3555891513824463 3.8350424766540527
2.3575305938720703 5.0082922121306535 2.5098564624786377 4.568971633911133
4.809135913848877 5.615271858682306 2.0833094120025635 2.1425724029541016
4.256250381469727 6.650720961750835 2.28971266746521 2.97762131690979
2.97575044631958 5.951271373287657 2.4560372829437256 3.9216692447662354
2.71708083152771 4.34361778668826 2.547657012939453 4.539064884185791
5.576832294464111 6.564285938303932 2.191483736038208 2.26254940032959
5.095605373382568 7.504251361968414 2.4590117931365967 3.282443046569824
3.2396292686462402 5.507441557549937 2.673330783843994 4.441380500793457
3.1742546558380127 5.807621091506007 2.7855372428894043 5.2028326988220215
6.428607940673828 7.8162743824882455 2.352137565612793 2.4386119842529297
5.365098476409912 8.882730831564231 2.707432270050049 3.7184650897979736
4.607702732086182 8.236183839217006 2.989983320236206 5.183223724365234
3.4889442920684814 6.661923173790228 3.128821849822998 6.143337249755859
5.083381175994873 5.978588007053531 2.74731183052063 2.8067691326141357
4.3341546058654785 6.185802712923419 2.9112792015075684 3.8624236583709717
3.3316428661346436 5.533333469761374 2.9437320232391357 4.869208812713623
2.6550819873809814 4.260631260227585 2.955610990524292 5.50021505355835
5.94767427444458 7.06920657701653 2.8814642429351807 2.9741365909576416
5.281464099884033 8.19419213715753 3.153843402862549 4.340176105499268
2.7075693607330322 5.102552332833966 3.256840705871582 5.6560139656066895
2.4118292331695557 3.9305882934154397 3.2908854484558105 6.476088523864746
6.843672275543213 8.334177287126511 3.0918664932250977 3.2213950157165527
5.64972448348999 8.112696280812543 3.5208189487457275 5.034523963928223
4.041865348815918 6.587564289204238 3.7219889163970947 6.803947925567627
2.625230550765991 4.542269094561968 3.7855417728424072 7.892340183258057
3.7248177528381348 4.16628999007785 2.900303840637207 3.149378538131714
4.587619781494141 6.636628736836457 3.642789125442505 4.952706813812256
3.3062100410461426 6.325649003688113 3.4269351959228516 5.827767372131348
2.6004204750061035 4.891016431043454 3.3199403285980225 6.374985218048096
4.827385902404785 5.6129894886687985 3.094240188598633 3.395289897918701
4.151774883270264 6.437895573927812 3.960369348526001 5.64202356338501
3.231820583343506 4.467580252166954 3.832486629486084 6.889511585235596
3.235193967819214 5.483837402466129 3.742922067642212 7.64309024810791
5.331342697143555 6.169005022231914 3.38035249710083 3.7508797645568848
4.467925548553467 5.424640152497432 4.448047637939453 6.651370525360107
4.608892440795898 7.648521472399011 4.440566539764404 8.449341773986816
3.9731717109680176 7.39931666265859 4.374423503875732 9.505051612854004
3.446878671646118 4.127356372746334 1.738974928855896 1.8009992837905884
3.519439220428467 5.963969983455172 2.0411055088043213 2.6649348735809326
2.7327706813812256 5.067439955211512 2.312166452407837 3.6072425842285156
2.6179113388061523 5.233941726328666 2.461672067642212 4.2617645263671875
4.061600685119629 4.98296274555976 1.8235331773757935 1.8924708366394043
3.2506449222564697 5.655244865967234 2.172437906265259 2.8879201412200928
3.1389923095703125 5.268888722305903 2.4870412349700928 3.9984543323516846
2.8357205390930176 5.128845194007965 2.660080909729004 4.7749342918396
5.018301486968994 6.160109552982192 1.942780613899231 2.021540880203247
4.685615062713623 7.27680160459704 2.3528902530670166 3.196101427078247
3.4613959789276123 6.067078889691743 2.722862720489502 4.53196382522583
3.7996654510498047 5.505069034534699 2.925250768661499 5.466762065887451
3.9342432022094727 4.736929818491433 2.162874221801758 2.2504172325134277
2.92707896232605 5.2429144140361075 2.54874324798584 3.4187588691711426
2.172179698944092 3.574851750197354 2.8662779331207275 4.6843085289001465
2.0473837852478027 3.783301920902325 3.020432949066162 5.535796165466309
4.873754501342773 5.856626413604772 2.2771589756011963 2.374619245529175
3.6363282203674316 6.56646946604792 2.752596139907837 3.7847542762756348
2.5505592823028564 3.5234554278785577 3.146989345550537 5.350499629974365
3.099274158477783 5.29359224593308 3.3391270637512207 6.409900188446045
6.006959915161133 7.43729474632633 2.4457075595855713 2.559678077697754
4.951862812042236 6.779011080263359 3.041879653930664 4.308414459228516
3.5591745376586914 6.24141586700091 3.5347988605499268 6.283230781555176
3.2791881561279297 5.679987005900784 3.773770332336426 7.615086555480957
4.117681503295898 4.957267279035364 2.6770994663238525 2.8129734992980957
2.7604172229766846 4.307334764642462 3.138227701187134 4.345179557800293
2.489886999130249 4.758634020608184 3.461137533187866 5.8940887451171875
1.9503213167190552 3.689492470404957 3.5906965732574463 6.891448497772217
5.163431167602539 6.213801458515661 2.823699951171875 2.9805965423583984
4.570887565612793 6.964468306527749 3.4306414127349854 4.904013156890869
3.2930660247802734 4.797049766302052 3.862318754196167 6.894693374633789
3.04911732673645 5.976107661259448 4.039102554321289 8.180127143859863
6.541951656341553 8.013162565961181 3.048168182373047 3.235853910446167
4.907419204711914 7.647174626743066 3.857757806777954 5.717757701873779
4.055478096008301 6.664296172836913 4.426639556884766 8.318294525146484
3.3085620403289795 6.095117956768853 4.66043758392334 9.98277473449707
3.163267135620117 3.5001835552084515 2.938223123550415 3.27021861076355
3.0541555881500244 5.5762401349989545 3.730339527130127 5.33369779586792
2.8205201625823975 5.299921105094185 3.996711254119873 7.028148651123047
2.5173499584198 4.786125374288986 4.077887535095215 8.082267761230469
4.2065911293029785 4.4233929447504465 3.1543359756469727 3.5347354412078857
3.0759313106536865 4.072738089510963 4.113273620605469 6.12022590637207
3.070242166519165 5.870493090090122 4.510870456695557 8.356634140014648
2.1291096210479736 4.03804918999856 4.6417388916015625 9.749369621276855
5.543369293212891 6.501862899595828 3.476533889770508 3.926668167114258
5.09604549407959 7.135603020952061 4.683338165283203 7.278168678283691
3.8469669818878174 6.0964584596055715 5.243734359741211 10.259259223937988
2.8804728984832764 5.3177218362294525 5.430911540985107 12.10339069366455
4.182467937469482 4.733498956967532 1.5415819883346558 1.595464825630188
3.44665265083313 5.623591366119371 1.8065893650054932 2.362130880355835
2.710829257965088 4.985045702121624 2.085294485092163 3.246192455291748
1.862053632736206 3.962947186728343 2.2439427375793457 3.8543167114257812
4.645004749298096 5.426426960483937 1.6111584901809692 1.6685881614685059
4.174446105957031 6.319591495972805 1.9065052270889282 2.5281822681427
2.8854479789733887 5.374742136526038 2.2188737392425537 3.5420165061950684
2.8464901447296143 4.753839125168229 2.396299362182617 4.24492883682251
5.273183822631836 6.368521997070445 1.7103309631347656 1.772188663482666
4.390351295471191 7.333568062609968 2.0474841594696045 2.760727882385254
3.6857035160064697 6.2884737522119565 2.4055325984954834 3.9499404430389404
2.706270694732666 5.151855896808081 2.6079695224761963 4.77792501449585
5.07839822769165 5.822248563747507 1.804452896118164 1.8788896799087524
4.234292507171631 6.45903783783416 2.1221349239349365 2.8421695232391357
2.7688724994659424 4.19950002030032 2.440613269805908 3.956117630004883
2.7094521522521973 5.318137040150788 2.615515947341919 4.719311237335205
5.623785495758057 6.613985571324179 1.8981550931930542 1.9790018796920776
3.7925212383270264 5.518984731397836 2.2712130546569824 3.1069447994232178
2.6011717319488525 4.995445331938605 2.6485471725463867 4.4467387199401855
2.1606967449188232 3.956202754676184 2.854010820388794 5.369568347930908
6.459841251373291 7.757908427942866 2.0370616912841797 2.1262288093566895
4.609694957733154 8.121376999345927 2.487236499786377 3.4869372844696045
3.604933977127075 6.867803305984097 2.9441187381744385 5.138932704925537
3.4795994758605957 5.6042310898577625 3.1897385120391846 6.277600288391113
5.453262805938721 6.3658281775526575 2.188486337661743 2.2954282760620117
2.6534247398376465 3.6552387719466424 2.4888052940368652 3.4068429470062256
2.769737482070923 5.726092238653109 2.7891106605529785 4.674282073974609
2.0699048042297363 3.867935351777703 2.9594523906707764 5.547686576843262
6.191948890686035 7.28506438423608 2.2940173149108887 2.4140961170196533
3.9757230281829834 6.4514520882130455 2.6825268268585205 3.7766573429107666
3.1046199798583984 4.602791936348922 3.070993661880493 5.371738910675049
2.395076036453247 4.350067402973309 3.283752918243408 6.467885971069336
7.213778495788574 8.735937039006615 2.461195468902588 2.5958032608032227
6.043513774871826 9.613884025394471 2.9727115631103516 4.31883430480957
3.2186427116394043 5.389287314971909 3.478435516357422 6.372527122497559
3.7687981128692627 6.146410784646753 3.745008707046509 7.773601531982422
3.60259747505188 4.034321356404462 2.2878267765045166 2.6122610569000244
3.9902195930480957 6.565558021349489 3.052168846130371 4.301614284515381
2.732429265975952 4.9131137192093775 3.096517562866211 5.319561958312988
2.0370800495147705 4.633381177877709 3.2330424785614014 6.220696449279785
3.4161908626556396 3.9118995030831405 2.4348342418670654 2.79121732711792
4.47625732421875 6.952253629895637 3.2872989177703857 4.797505855560303
3.402947187423706 5.960906041080307 3.4390528202056885 6.19865083694458
0.9867393970489502 2.070486118120698 3.6287384033203125 7.370494842529297
5.977651596069336 6.7413642836060035 2.6608498096466064 3.0568606853485107
4.956421375274658 8.18571301472889 3.642913579940796 5.520152568817139
3.5855813026428223 5.277565317679204 3.94244647026062 7.475109577178955
2.9596338272094727 5.864601912256248 4.195768356323242 9.018597602844238
4.045699119567871 4.746130336269986 1.6776123046875 1.738266110420227
3.6594202518463135 6.324529113714846 1.997511863708496 2.608654737472534
3.0461843013763428 6.077842787300597 2.287785291671753 3.517042875289917
2.4412264823913574 4.861893913341646 2.4447014331817627 4.112742900848389
4.4524030685424805 5.487110822270722 1.7594900131225586 1.825894832611084
3.8602473735809326 6.911173730289988 2.120715856552124 2.8150112628936768
3.3161556720733643 4.6498551638851495 2.4505727291107178 3.8728678226470947
2.3054659366607666 4.0340504021788774 2.6284916400909424 4.575552940368652
5.1695475578308105 6.505151255345259 1.8754795789718628 1.9506884813308716
4.810011386871338 6.779535816379266 2.2928245067596436 3.1001052856445312
3.050117015838623 6.534531495428325 2.6745293140411377 4.355802059173584
3.785094976425171 5.748435841500225 2.8778908252716064 5.19671106338501
4.828613758087158 5.77158522460968 2.0920677185058594 2.184617757797241
4.184893608093262 7.103526527593317 2.500586986541748 3.3366010189056396
2.7996180057525635 4.958278753949344 2.835081100463867 4.528808116912842
2.2009432315826416 4.026816751278602 2.994150400161743 5.295978546142578
5.313155174255371 6.492121446242226 2.203955888748169 2.303612470626831
4.411533355712891 7.71940114991321 2.693707227706909 3.6769182682037354
3.370405673980713 6.1264829138007 3.0982589721679688 5.139813423156738
3.6236135959625244 6.8438095188255375 3.2912397384643555 6.09251594543457
6.28016996383667 7.966084267517488 2.3695998191833496 2.4818849563598633
5.090201377868652 7.26474122120203 2.96972393989563 4.163147449493408
4.83321475982666 8.027212640978973 3.4666430950164795 5.993613243103027
3.276197910308838 5.707217591206131 3.7008392810821533 7.189886093139648
5.065662384033203 6.027543530927575 2.667968273162842 2.7807459831237793
3.6213626861572266 6.259965079726072 3.1136324405670166 4.247757911682129
3.2564096450805664 5.207909124341825 3.427825450897217 5.665017127990723
1.9303977489471436 3.959462748172882 3.555372714996338 6.549197673797607
5.848943710327148 7.0361279790865865 2.7982096672058105 2.9396824836730957
4.225409984588623 7.2821000332892964 3.3810298442840576 4.762452602386475
3.4125516414642334 5.9975140880247935 3.801103115081787 6.573562145233154
2.6818108558654785 5.4951153287354515 3.972191572189331 7.717578887939453
7.025104522705078 8.587953701985953 3.0069711208343506 3.18280291557312
5.299973011016846 7.870174138878804 3.7804031372070312 5.513437747955322
4.332958698272705 6.4045501960022975 4.332975387573242 7.868878364562988
3.7841012477874756 6.750398027031338 4.5555009841918945 9.356537818908691
3.66160249710083 4.106013784840563 2.832385301589966 3.1624677181243896
2.7187063694000244 4.406146192761668 3.7985010147094727 5.3321990966796875
3.38673734664917 6.170397452378211 3.973487138748169 6.744921684265137
1.8241468667984009 3.5458081074290817 4.035533428192139 7.648922443389893
4.468630790710449 5.4747095212864565 3.0174930095672607 3.404338836669922
4.129213809967041 7.175545876837305 4.14747953414917 6.047879695892334
3.9377381801605225 5.941644690994224 4.443451404571533 7.936042785644531
3.4184021949768066 5.91467098682574 4.555808067321777 9.149808883666992
5.9263916015625 6.134752155536489 3.304234743118286 3.765239715576172
5.040276050567627 8.099714850870896 4.672983169555664 7.1094465255737305
4.92446756362915 8.398553008992451 5.126533508300781 9.65333080291748
3.65398907661438 5.086051148011613 5.292412281036377 11.27704906463623
3.6244401931762695 4.259424888995497 1.5194569826126099 1.5791059732437134
3.642940044403076 6.441636759351731 1.8055531978607178 2.3955790996551514
2.2451112270355225 4.96132865459893 2.077967405319214 3.2631165981292725
2.5394980907440186 5.521921384169161 2.230790853500366 3.8374783992767334
4.056562900543213 5.078364972625877 1.5832973718643188 1.6471199989318848
3.8493707180023193 6.690616609735464 1.9013607501983643 2.552797794342041
3.066896915435791 5.820240287056777 2.2116901874542236 3.5538876056671143
3.3918962478637695 5.361368975308778 2.3874285221099854 4.229399681091309
4.850335121154785 6.295960731540468 1.6712278127670288 1.7415356636047363
4.618577480316162 7.688381064822352 2.0326895713806152 2.7716867923736572
3.634470224380493 5.5839378880349955 2.393401861190796 3.9539568424224854
3.31109619140625 6.126947817870329 2.598472833633423 4.764510154724121
4.211163520812988 5.067396381167157 1.823000431060791 1.9038912057876587
4.0658440589904785 6.8332920696811925 2.169278383255005 2.938339948654175
2.818164110183716 5.365477422395543 2.47255802154541 4.027088642120361
1.8232395648956299 3.9609880528150825 2.622272253036499 4.72120475769043
4.913181781768799 6.138305177003076 1.9093838930130005 1.9966293573379517
3.482844591140747 6.278063837530453 2.31540584564209 3.192228317260742
3.691716194152832 7.620208735288543 2.6864118576049805 4.519223690032959
2.8570163249969482 5.202667598036989 2.873228073120117 5.382105827331543
5.834491729736328 7.607873763599002 2.031615734100342 2.1291818618774414
5.042185306549072 7.874884152888072 2.520289421081543 3.5552759170532227
4.498500823974609 7.081509420050281 2.9833858013153076 5.214348316192627
4.267295837402344 7.58591910665055 3.219886541366577 6.310850143432617
4.555769920349121 5.516749821104298 2.291536569595337 2.3985209465026855
2.8194899559020996 5.300086658044165 2.6367909908294678 3.6477112770080566
2.952875852584839 5.769425592179701 2.904045581817627 4.881656169891357
3.070675849914551 5.721920601268948 3.0160553455352783 5.6314697265625
5.539558410644531 6.810526347475161 2.3871941566467285 2.510791778564453
4.161275386810303 7.642845433298874 2.831545114517212 4.012706756591797
3.651195526123047 5.719357469945535 3.204397201538086 5.605683326721191
2.1948482990264893 3.1827653377719116 3.3671324253082275 6.590628623962402
6.619897842407227 8.30635357441497 2.5321249961853027 2.676957845687866
5.168843746185303 7.544064589833809 3.116945743560791 4.550860404968262
4.029088497161865 6.92398963021602 3.6306521892547607 6.651057243347168
4.653163909912109 7.039842368487992 3.8614392280578613 7.965312480926514
3.661921501159668 4.090394921679035 2.2985990047454834 2.579890012741089
3.6175270080566406 5.9947272433823855 3.33634614944458 4.7318196296691895
2.0868096351623535 4.257420069011687 3.3240487575531006 5.732614040374756
1.7131997346878052 3.289053581279738 3.355605363845825 6.430743217468262
4.921870231628418 5.862376457084338 2.4338204860687256 2.7476651668548584
4.099001884460449 6.46228472621766 3.577772855758667 5.275203227996826
3.8473410606384277 5.324490782332774 3.699864149093628 6.677287578582764
2.990415573120117 5.110218322510811 3.794651746749878 7.660341739654541
5.4843597412109375 5.987999924919791 2.636939764022827 2.9927635192871094
4.850693702697754 7.495103828248716 3.9373810291290283 6.048655033111572
4.02444314956665 7.749222301524242 4.247012138366699 8.067030906677246
3.727020502090454 6.1818756951042815 4.4220123291015625 9.445733070373535
4.195089817047119 4.519385730081512 1.6343371868133545 1.6732261180877686
4.296995639801025 6.943003352319643 1.889116644859314 2.397568464279175
2.7936487197875977 5.233416470087615 2.152428150177002 3.2468528747558594
2.692035436630249 4.607162575207894 2.2987842559814453 3.8325693607330322
4.656978607177734 5.299071329229093 1.711551308631897 1.756246566772461
4.159853935241699 6.302454537948332 2.000699758529663 2.575613260269165
2.8575284481048584 4.589366208338532 2.3020834922790527 3.557072639465332
2.953141927719116 4.984316829887575 2.4695613384246826 4.246204853057861
5.251103401184082 6.335870343637197 1.8205798864364624 1.8720687627792358
3.989612340927124 7.064263713098626 2.1584200859069824 2.8233888149261475
4.203393936157227 6.546240031379883 2.5124683380126953 3.991734504699707
2.7419018745422363 5.879264710229336 2.7068755626678467 4.822593688964844
5.008168697357178 5.485886082039679 2.0571672916412354 2.0943124294281006
4.457992076873779 6.279347261308843 2.377845525741577 3.0584425926208496
2.5459330081939697 4.2370612037442665 2.6720712184906006 4.171295642852783
2.188103199005127 4.280841962759325 2.811551094055176 4.915799140930176
5.59724760055542 6.468942774236571 2.1619961261749268 2.2100841999053955
4.354048252105713 7.096117134110273 2.5504908561706543 3.3563497066497803
3.745842695236206 6.085410241314008 2.9136621952056885 4.714821815490723
3.137681007385254 4.924867794485181 3.08719539642334 5.638468265533447
6.410758972167969 7.707586099248886 2.316821336746216 2.379173994064331
5.1419548988342285 6.9199499436736005 2.803529977798462 3.7857887744903564
4.474791049957275 6.5717361455459695 3.2640187740325928 5.497523784637451
2.864271402359009 5.292942173075744 3.482640266418457 6.671598434448242
5.350671291351318 5.929230895862474 2.652587413787842 2.7036452293395996
3.6044185161590576 4.561950577021548 3.031327486038208 3.9765398502349854
3.6578598022460938 4.435681070709052 3.2920515537261963 5.31313419342041
2.261876344680786 3.8260366252004587 3.3779540061950684 6.150766372680664
6.214471817016602 7.165177784092474 2.785261631011963 2.8488643169403076
4.492763519287109 6.524093899283969 3.2769649028778076 4.43338680267334
4.0410685539245605 6.4757642705899325 3.637028217315674 6.144583702087402
2.975795269012451 4.548606246080713 3.7671360969543457 7.233739376068115
7.294061660766602 8.656147259265403 2.9880173206329346 3.0735719203948975
5.1858038902282715 7.8726095297241105 3.647014856338501 5.107711315155029
4.615357875823975 7.0199326705762815 4.148887634277344 7.36322021484375
3.1057519912719727 5.684562760432044 4.337958812713623 8.807344436645508
4.319692134857178 4.644064981179717 2.886436939239502 3.1054482460021973
3.2025160789489746 4.855208962745081 3.776200771331787 5.222231388092041
2.8329854011535645 4.422481568835167 3.9162986278533936 6.54402494430542
1.8192704916000366 2.6282339746414185 3.9033384323120117 7.3410773277282715
5.259278774261475 5.8020840505128035 3.070854902267456 3.325249195098877
4.382069110870361 6.603327155380612 4.105267524719238 5.883625030517578
2.76389741897583 4.529811201563305 4.360505104064941 7.669349193572998
2.6759729385375977 4.295456394320809 4.394791603088379 8.76099967956543
6.4818315505981445 7.368378335486554 3.3445231914520264 3.6542091369628906
4.602514266967773 7.862032467350943 4.60264778137207 6.865267276763916
4.363207817077637 5.7517807521940085 5.027304649353027 9.323687553405762
4.236344337463379 6.090317656188475 5.124285697937012 10.839555740356445
3.847975254058838 4.494126090059183 1.5652521848678589 1.6238340139389038
2.5865190029144287 3.787073175143805 1.8142902851104736 2.3944408893585205
2.463329553604126 4.810328889763923 2.03020977973938 3.2146332263946533
2.6334192752838135 5.2189252113945495 2.1460959911346436 3.7563369274139404
4.484200954437256 5.399313519177994 1.6423145532608032 1.7021808624267578
4.193678379058838 7.217341622336267 1.9243688583374023 2.5657553672790527
3.6886346340179443 5.0700614175622345 2.167961835861206 3.5048067569732666
2.825024127960205 5.145464849428682 2.2948474884033203 4.127788066864014
5.248133659362793 6.488111357109972 1.7531428337097168 1.8170819282531738
4.4488348960876465 6.9320829276584846 2.0807931423187256 2.8092339038848877
2.7922699451446533 5.8285761456606195 2.36137056350708 3.9033260345458984
3.0721335411071777 5.119425526755023 2.5015439987182617 4.628255367279053
4.560854911804199 5.382417174055881 1.9087369441986084 1.9990003108978271
3.647671937942505 5.811977571886246 2.1851978302001953 2.9650089740753174
2.9739537239074707 5.01261752319806 2.3819668292999268 3.9448466300964355
2.55293345451355 4.864552797369804 2.47587513923645 4.572665691375732
5.374220371246338 6.448545630763247 2.014859676361084 2.107147455215454
4.1585493087768555 6.201412868731683 2.3545398712158203 3.244739294052124
3.627176284790039 6.611377664089332 2.5996296405792236 4.432005882263184
2.5663015842437744 3.9957504124813568 2.7091317176818848 5.190380096435547
6.4037299156188965 8.040342673221478 2.175792932510376 2.273991107940674
5.570698261260986 8.884768831249943 2.6034951210021973 3.6564764976501465
4.339263916015625 6.589640479730917 2.9144115447998047 5.125875949859619
3.3131778240203857 5.160780627363174 3.042775869369507 6.055245876312256
4.868309497833252 5.763643711403943 2.4435911178588867 2.549891471862793
3.610240936279297 5.894047192817425 2.654634714126587 3.70477032661438
2.8246545791625977 5.839105756356531 2.7466561794281006 4.738616943359375
1.9350494146347046 3.897257721912723 2.7862918376922607 5.379083156585693
5.741887092590332 6.873865844172968 2.570831775665283 2.6984317302703857
4.192437648773193 6.264153927496807 2.8858742713928223 4.127272129058838
3.4140992164611816 5.699311170589745 3.0482394695281982 5.448404312133789
3.3404369354248047 5.88883632991633 3.1056482791900635 6.259786605834961
6.97619104385376 8.824729940099672 2.7759788036346436 2.928809881210327
5.817668437957764 8.28560532954716 3.2386138439178467 4.754324436187744
4.093923568725586 7.081093720707581 3.4945240020751953 6.485729217529297
4.14982795715332 6.751351650378183 3.5722973346710205 7.527028560638428
3.498988628387451 3.92172739111777 2.569152593612671 2.9131107330322266
4.229955673217773 6.2821481456568975 3.2638323307037354 4.658247947692871
2.2789342403411865 3.586741826936759 3.078700304031372 5.488560676574707
2.401488780975342 4.711385642344737 3.0380561351776123 6.059060096740723
4.160812854766846 4.963768496549562 2.7431795597076416 3.1234641075134277
4.321468830108643 5.597048915141272 3.565418243408203 5.274755477905273
3.3735649585723877 6.172690980391053 3.4551050662994385 6.417490482330322
3.005591630935669 5.281273533810577 3.4308297634124756 7.171336650848389
5.671518802642822 6.5487673997177875 3.0126681327819824 3.444563627243042
5.501617908477783 8.478851218605996 4.030077934265137 6.1845173835754395
4.633979797363281 8.083108374758353 4.02175235748291 7.7895402908325195
4.328039646148682 6.857647420429714 4.013014793395996 8.800893783569336
3.943427801132202 4.641719561405182 1.699646234512329 1.7471306324005127
3.996753454208374 6.445106172265696 1.9403960704803467 2.5698201656341553
3.1195011138916016 5.27550819355281 2.174546718597412 3.5006191730499268
2.5682618618011475 5.230534873373188 2.315262794494629 4.124358177185059
4.538769245147705 5.546219200239193 1.7936512231826782 1.84673273563385
4.098638534545898 6.614418061754748 2.0839414596557617 2.7949059009552
2.7471721172332764 4.6198936290100505 2.363770008087158 3.874450206756592
2.497084617614746 5.498758659027768 2.52718448638916 4.59976863861084
5.233343601226807 6.522750878614378 1.929930567741394 1.9915860891342163
4.769186496734619 7.3906168240034695 2.2876358032226562 3.118072509765625
3.7583959102630615 5.842140296890193 2.6266772747039795 4.409885406494141
3.892010450363159 6.557543351559332 2.818124532699585 5.280215263366699
4.737240314483643 5.550595827138032 2.1557908058166504 2.207226514816284
3.72719669342041 5.619251538019398 2.441272020339966 3.303302526473999
3.4804646968841553 6.85327221761591 2.666858196258545 4.483781814575195
3.1449997425079346 5.9426588499644595 2.7924270629882812 5.269256114959717
5.49890661239624 6.585558367769902 2.28458571434021 2.346522808074951
4.502013206481934 7.525629046474023 2.6641128063201904 3.6824424266815186
3.1481947898864746 4.6573949915282356 2.966792345046997 5.134489059448242
2.987144947052002 5.009776191925539 3.126235246658325 6.094513893127441
6.405633926391602 7.888171911266724 2.4823644161224365 2.5610451698303223
5.334903717041016 8.066172073282587 2.994713544845581 4.246981620788574
4.79735803604126 6.753429362813563 3.3990375995635986 6.089635848999023
2.8927338123321533 4.795774044045295 3.6015710830688477 7.299998760223389
5.039698600769043 5.979867818950964 2.7994871139526367 2.8650898933410645
3.7522430419921875 6.450018936839292 3.088979959487915 4.256953239440918
3.0845718383789062 5.8011365857957475 3.2131595611572266 5.573606014251709
2.523972988128662 4.652330969990956 3.2776052951812744 6.443065643310547
5.909454822540283 7.0513728619005445 2.957123041152954 3.0464162826538086
4.705512523651123 6.998942994878689 3.3984053134918213 4.827058792114258
2.6327669620513916 4.403828093009224 3.6298577785491943 6.534701824188232
3.100734233856201 4.0467118093069985 3.7360947132110596 7.647802829742432
6.969857215881348 8.480565438892882 3.215102434158325 3.338608980178833
6.06399393081665 9.050150597572935 3.8781588077545166 5.70039701461792
4.1447553634643555 6.88169008148239 4.247788429260254 7.978677749633789
4.1469926834106445 7.93098353498408 4.404745101928711 9.43465805053711
3.7925655841827393 4.17764092521611 3.1319475173950195 3.4300572872161865
3.753692865371704 6.368306369350421 3.8377597332000732 5.453029155731201
2.9093971252441406 5.127662811173632 3.734570264816284 6.623502731323242
3.2381246089935303 5.9540211730927695 3.6980364322662354 7.4604620933532715
5.050262451171875 5.7085925311657775 3.3606832027435303 3.7066972255706787
4.238977432250977 5.80769883378202 4.237755298614502 6.229890823364258
3.854902505874634 5.611147437508706 4.255579948425293 7.864756107330322
3.2445404529571533 5.859185502997793 4.26263952255249 8.990771293640137
6.3754801750183105 6.873211390616444 3.7251317501068115 4.148136615753174
5.518828868865967 8.162961816960362 4.871398448944092 7.440951824188232
5.117330074310303 7.615528934101974 5.043054103851318 9.760153770446777
3.961576461791992 6.490811356246013 5.097774028778076 11.291800498962402
4.375842571258545 4.7942250264159085 1.637639045715332 1.676619291305542
4.255491256713867 6.010558080109291 1.8692539930343628 2.3698792457580566
3.266486644744873 5.168686485156513 2.1274588108062744 3.2453956604003906
2.2013189792633057 4.231206843991913 2.282989740371704 3.870800495147705
4.879936218261719 5.511606945124186 1.7232681512832642 1.7669042348861694
4.348748207092285 7.335752772758497 1.9895117282867432 2.5555150508880615
3.5734291076660156 5.870826497782012 2.2847986221313477 3.568176031112671
2.18520450592041 3.351646711835656 2.4595253467559814 4.294746398925781
5.300719261169434 6.440140003086242 1.851682424545288 1.9018288850784302
4.732640266418457 6.880439266594067 2.163658380508423 2.825017213821411
3.980858325958252 6.659366757559724 2.5066616535186768 4.025167465209961
2.284651756286621 4.213972290208062 2.704590082168579 4.88415002822876
5.070742130279541 5.6529918994569925 2.007561683654785 2.0541083812713623
4.287453651428223 6.528534195382079 2.2802329063415527 2.9458413124084473
3.45821475982666 5.302181907689846 2.56362247467041 4.071656227111816
2.7384986877441406 5.032497316229637 2.7249159812927246 4.867187023162842
5.654257297515869 6.529733698541353 2.127049207687378 2.1828408241271973
5.16666316986084 8.24332491050646 2.465538740158081 3.252347230911255
3.7475550174713135 6.527390883270144 2.814573049545288 4.620823383331299
3.438314199447632 6.395527546286672 3.0060513019561768 5.588703632354736
6.304347991943359 7.652984777761787 2.318728446960449 2.3877182006835938
4.405089378356934 8.021315718903242 2.747122049331665 3.717776298522949
3.186082363128662 5.991463595901972 3.1807689666748047 5.4277424812316895
3.7220945358276367 5.559445757222761 3.408942937850952 6.626060485839844
5.293442726135254 5.992667732649352 2.568845748901367 2.615826368331909
4.915621280670166 7.658164355623512 2.7981815338134766 3.674896478652954
3.6299643516540527 6.618559209138198 3.030697822570801 4.98198127746582
2.8981761932373047 5.303990643444195 3.165875196456909 5.901803016662598
6.0275983810424805 7.043918835719126 2.712629556655884 2.776573896408081
4.6707611083984375 5.812410235579502 3.052661418914795 4.127295970916748
4.312440872192383 7.07098368508376 3.3828163146972656 5.794443607330322
3.5818493366241455 5.432718030699013 3.557765245437622 6.9542622566223145
7.05753231048584 8.626298957150084 2.9622533321380615 3.0509045124053955
5.636845588684082 8.454346671801062 3.453650951385498 4.837014675140381
4.175787448883057 6.700089857318886 3.9095776081085205 7.010130405426025
4.01190710067749 6.586845412998883 4.130324363708496 8.494255065917969
4.264675617218018 4.436976244132303 2.6296210289001465 2.856139898300171
3.2757086753845215 5.331774076518105 3.4913833141326904 4.736679553985596
3.416578769683838 5.585712395911333 3.476346731185913 5.869514465332031
2.1361424922943115 3.9967021042389206 3.545344829559326 6.816047668457031
5.256056785583496 5.723819700134982 2.8176522254943848 3.078369140625
4.973728656768799 7.416755674553315 3.817593812942505 5.360689640045166
3.9558537006378174 6.561115858982943 3.9223341941833496 6.9440107345581055
1.8314841985702515 2.982346979969975 4.036136627197266 8.175844192504883
5.536135673522949 6.441765612875827 3.1225502490997314 3.4357402324676514
4.810675144195557 6.035736865560523 4.341335296630859 6.340124130249023
4.648685455322266 7.536050472364934 4.598809242248535 8.561338424682617
3.6456406116485596 7.235026933963127 4.76015567779541 10.173868179321289
3.8812150955200195 4.733421568393879 1.6925517320632935 1.7433968782424927
3.3818788528442383 6.2855625414968355 1.9735127687454224 2.5741732120513916
2.8514280319213867 5.2550587812181675 2.258352279663086 3.540858507156372
2.2034912109375 3.9955664504981314 2.409733295440674 4.165692329406738
4.324489593505859 5.465561877376805 1.7703866958618164 1.8285164833068848
3.947014808654785 6.980115301168532 2.0926332473754883 2.7820441722869873
3.5186595916748047 5.9897519194223605 2.42252516746521 3.9223015308380127
2.5707497596740723 4.0240793699125845 2.5981123447418213 4.667054176330566
4.998105525970459 6.325463705430025 1.8781565427780151 1.944181203842163
4.4971184730529785 6.178160055374406 2.255836009979248 3.0643351078033447
4.321250915527344 6.0131982616945265 2.6448700428009033 4.442207336425781
3.3399734497070312 6.621318654531365 2.850698947906494 5.348483085632324
4.636144161224365 5.702301705612854 2.10984206199646 2.175769805908203
2.8517725467681885 5.160871460119097 2.4772722721099854 3.30786395072937
2.8499915599823 4.956437483479182 2.8083059787750244 4.594461441040039
2.5862631797790527 4.804109704345706 2.9576821327209473 5.389345169067383
5.247791290283203 6.590931178720439 2.210952043533325 2.289567708969116
4.002029895782471 6.59817233118838 2.6594371795654297 3.6528313159942627
3.5813913345336914 6.307945874300891 3.0730206966400146 5.254374027252197
3.418764114379883 5.815170421707925 3.2632110118865967 6.256955623626709
6.0991644859313965 7.740909769498785 2.356050968170166 2.450279712677002
4.769459247589111 6.525603356254131 2.915558099746704 4.136019229888916
4.082562446594238 6.187685563816046 3.439401865005493 6.17863655090332
3.128953695297241 6.274551194395983 3.681521415710449 7.464970588684082
4.888239860534668 5.989787947434706 2.678576707839966 2.757077217102051
3.615816116333008 6.716564195495039 3.108137845993042 4.259803771972656
2.1587603092193604 4.310577349237242 3.416940927505493 5.809755802154541
1.8979488611221313 3.7615592024908437 3.523177146911621 6.704257488250732
5.664744853973389 7.018545077552972 2.8010857105255127 2.908984661102295
3.496055841445923 5.3958291729413475 3.364875316619873 4.789520740509033
3.461827039718628 5.9650099056935915 3.795198917388916 6.805905342102051
3.1024725437164307 4.912762871625773 3.9558231830596924 7.9931745529174805
6.749258041381836 8.407110485701537 2.9824299812316895 3.12255597114563
5.2351250648498535 8.007790180279471 3.7330427169799805 5.542206764221191
4.107604503631592 7.423820099903665 4.326344966888428 8.226634979248047
3.413243293762207 6.3517164895217775 4.5568389892578125 9.817110061645508
4.293464660644531 5.011953924981553 2.8448078632354736 3.0824387073516846
3.050520181655884 5.078303038249146 3.8199069499969482 5.429308891296387
2.5080347061157227 3.6890440324372165 3.990389347076416 6.996980667114258
1.2895714044570923 2.8671418348535553 4.013723850250244 7.883792877197266
4.876397609710693 5.463454825783629 3.024730920791626 3.3057374954223633
2.993434429168701 4.196229687848245 4.156306743621826 6.1626763343811035
2.8386154174804688 5.201088216804749 4.475042819976807 8.331551551818848
2.6114726066589355 4.683793062087716 4.56056022644043 9.562746047973633
4.739742755889893 5.0434097856185485 3.2836453914642334 3.62343168258667
4.704457759857178 6.9405127337971635 4.646915912628174 7.239425182342529
4.646843910217285 7.480660313281362 5.162477016448975 10.249051094055176
3.5884149074554443 5.87818599010977 5.325543403625488 11.956625938415527
4.066354751586914 4.787591488489154 1.4752227067947388 1.5119314193725586
3.362842082977295 5.093347186430947 1.7058030366897583 2.1677141189575195
2.9794578552246094 6.076958074630738 1.966646432876587 3.0032074451446533
2.6014492511749268 4.231864420361582 2.130899667739868 3.6142539978027344
4.453980922698975 5.378153209340468 1.5420348644256592 1.5844703912734985
4.565054416656494 7.56709207383642 1.8004094362258911 2.3221328258514404
4.0925092697143555 7.437809151643997 2.095303773880005 3.272847890853882
3.016000509262085 5.236582083873319 2.281379222869873 3.972315549850464
5.1640424728393555 6.288967130775546 1.6378355026245117 1.6875730752944946
4.897302627563477 7.823194818721298 1.9347643852233887 2.541391372680664
4.315799236297607 7.96330145111689 2.2756927013397217 3.6534359455108643
3.3070812225341797 5.9165342044566245 2.489954948425293 4.472202301025391
4.94940185546875 5.885804286374693 1.7280808687210083 1.765180230140686
4.5895256996154785 7.368577267824733 2.014840602874756 2.6029019355773926
2.8623459339141846 5.189670338489464 2.3257977962493896 3.680816650390625
1.6653029918670654 2.855884499857268 2.510529041290283 4.459368705749512
5.500957012176514 6.587604478200262 1.8197423219680786 1.8688725233078003
4.339334487915039 7.3148063601486655 2.1553022861480713 2.8484983444213867
2.918858289718628 5.8568534019816525 2.5249013900756836 4.129577159881592
3.6751787662506104 6.359573213034196 2.7458343505859375 5.062102317810059
6.429882049560547 7.85946337533926 1.9565848112106323 2.020338773727417
5.860663414001465 9.056573124500346 2.362226724624634 3.2082858085632324
3.645460605621338 6.998084549113855 2.8141260147094727 4.7841410636901855
3.1845638751983643 5.510555478542301 3.0837597846984863 5.9323248863220215
5.249051094055176 6.266584462125138 2.153742790222168 2.1418771743774414
5.030033111572266 7.844545992202711 2.4426424503326416 3.173262596130371
3.7022674083709717 6.521439522238779 2.74345064163208 4.461246967315674
2.8856594562530518 4.91579507494572 2.914139747619629 5.365879058837891
6.1013031005859375 7.265816717138733 2.257200241088867 2.273469924926758
5.100048065185547 7.735133961368092 2.625998020172119 3.5251927375793457
3.811058521270752 6.4528838686939025 3.0152108669281006 5.116643905639648
3.5558180809020996 6.318440466976426 3.2365939617156982 6.2397027015686035
7.249650955200195 8.790399170249291 2.422849655151367 2.470080852508545
5.968301296234131 8.788067583837972 2.9072628021240234 4.054263591766357
3.7812812328338623 6.823229925704837 3.4212067127227783 6.0928544998168945
4.095197677612305 6.3994324021093405 3.7118377685546875 7.529270648956299
3.616304397583008 3.998215845717823 2.148747682571411 2.391186237335205
4.424705505371094 7.827287429197895 3.1807351112365723 4.341464042663574
3.6240322589874268 6.491690770969459 3.2074196338653564 5.327551364898682
3.1632156372070312 6.0563732817879306 3.2949252128601074 6.222681522369385
3.7217650413513184 4.094126470416995 2.2952280044555664 2.5709664821624756
4.4088287353515625 7.560510053901339 3.4692893028259277 4.904849529266357
4.028883934020996 6.947341745539916 3.5497634410858154 6.1949591636657715
3.5986735820770264 5.71049876907864 3.6942694187164307 7.349457740783691
4.862955093383789 5.7985771840531015 2.5176010131835938 2.842848300933838
5.968135356903076 8.436664300835698 3.877699613571167 5.665792465209961
4.629252910614014 6.914055642005714 4.066573143005371 7.502668857574463
4.086325645446777 7.011557068770799 4.291198253631592 9.029141426086426
4.375547885894775 4.843597839972745 1.687278151512146 1.7364041805267334
4.329489231109619 6.827310672095898 1.9691219329833984 2.514399290084839
3.7844619750976562 6.284242314476728 2.247779369354248 3.4079689979553223
3.172839403152466 5.493392279324652 2.391828775405884 3.999880075454712
4.609498500823975 5.319508096010168 1.7647422552108765 1.8203442096710205
4.534221649169922 6.654142397911205 2.086623191833496 2.712387800216675
4.218518257141113 5.561375044348032 2.409287691116333 3.759282112121582
3.412480354309082 6.230224075172487 2.576759099960327 4.455387592315674
5.175873279571533 6.236835864627196 1.8724043369293213 1.9375332593917847
4.566405773162842 7.45357265680056 2.247487783432007 2.983921766281128
4.482222080230713 7.78569898871406 2.627309799194336 4.238861083984375
3.42464280128479 4.934305414889913 2.82387113571167 5.077068328857422
5.232666015625 5.879163051065461 2.1138477325439453 2.187622547149658
4.639016628265381 7.365747748076878 2.4833481311798096 3.240691900253296
3.7964670658111572 6.418167167713136 2.8166685104370117 4.437690258026123
2.8141520023345947 4.231290848134034 2.9601025581359863 5.196691989898682
5.749380588531494 6.688373519642255 2.216517686843872 2.299572229385376
4.369553089141846 6.463575099244096 2.6659162044525146 3.5672495365142822
3.5139548778533936 6.671810004976707 3.0812811851501465 5.050474643707275
2.7598118782043457 4.814935119515667 3.264552354812622 5.994534969329834
6.405969619750977 7.541147065411224 2.364905595779419 2.4627981185913086
4.6211652755737305 7.89223522857948 2.920809507369995 4.027396202087402
4.415072441101074 7.497947597284586 3.4441425800323486 5.904877185821533
3.5942230224609375 5.513897398152494 3.6785545349121094 7.104188919067383
5.596543788909912 6.309876405231989 2.6692826747894287 2.7646727561950684
4.122990608215332 6.128675491433569 3.1220996379852295 4.183789253234863
3.2528340816497803 5.384882001428451 3.462130069732666 5.658077239990234
3.321615695953369 5.854557578363028 3.569859743118286 6.531052112579346
6.16709041595459 7.197615391456196 2.7901105880737305 2.910876512527466
4.91374397277832 7.817677250083365 3.3762083053588867 4.682775497436523
3.9444239139556885 6.533566022528589 3.8442933559417725 6.596592903137207
3.6556437015533447 6.0488292364170775 4.007390022277832 7.739668369293213
7.0666704177856445 8.342003889245403 2.976957321166992 3.1303226947784424
5.186103820800781 7.652467138378597 3.745589017868042 5.399606704711914
4.144317150115967 6.588060770021684 4.3774919509887695 7.927299976348877
3.908740520477295 5.861170439437657 4.6101861000061035 9.437801361083984
4.332390308380127 4.73297509284501 2.892435073852539 3.188418388366699
3.256136655807495 5.352277327945103 3.7776107788085938 5.282468318939209
2.6568877696990967 3.9725936220581275 4.079923629760742 6.893003940582275
2.606386423110962 4.302538217753181 4.115901947021484 7.763845920562744
4.822358131408691 5.464650604282497 3.0677664279937744 3.4212005138397217
4.070365905761719 5.263080093159033 4.115114688873291 5.991178035736084
3.866971254348755 6.710398613848099 4.563158988952637 8.129101753234863
2.8888235092163086 5.433523768896622 4.6702094078063965 9.348377227783203
4.713139057159424 5.094604813055302 3.3236806392669678 3.7516801357269287
4.168126106262207 6.6278732761696055 4.603243350982666 7.012585163116455
3.373586893081665 4.717858811452373 5.252045154571533 9.91125202178955
3.6229007244110107 4.8408563027387 5.442617416381836 11.592470169067383
4.465641498565674 5.137530515438158 1.6061419248580933 1.6742931604385376
4.176695346832275 6.59377841621089 1.9134206771850586 2.5275280475616455
2.9567148685455322 4.638012817955996 2.1936757564544678 3.406604290008545
2.1590826511383057 3.0720396289940712 2.3406248092651367 3.9947314262390137
4.6554155349731445 5.640970819160998 1.6802797317504883 1.754746913909912
4.4580535888671875 6.766317661138601 2.0245895385742188 2.717994451522827
2.5724477767944336 4.839703856142848 2.3408820629119873 3.7385947704315186
2.487436294555664 3.4340008193408025 2.5056018829345703 4.427586078643799
5.225111484527588 6.418860183259085 1.78775155544281 1.8704500198364258
4.632516860961914 6.67871793860067 2.182260274887085 2.9813809394836426
3.8719494342803955 5.6320074774832705 2.5459463596343994 4.190741062164307
3.0601205825805664 6.203028670467042 2.732884168624878 5.01350736618042
5.450545310974121 6.2680387019735235 1.9695074558258057 2.0758731365203857
3.89039945602417 5.056221718579991 2.348848819732666 3.1707634925842285
2.698045015335083 3.4412728424599663 2.672398805618286 4.302666664123535
2.195693254470825 4.060040924305326 2.821782112121582 5.0481276512146
5.793972969055176 6.845939729296504 2.0687830448150635 2.182312488555908
4.289769172668457 6.997278985265893 2.517874240875244 3.475959300994873
3.6171560287475586 5.693350179797903 2.9070160388946533 4.864992618560791
3.3264567852020264 5.197852534788382 3.0865068435668945 5.78900671005249
6.405948162078857 7.9248207032187565 2.2194058895111084 2.345778465270996
4.27760648727417 7.266877361121665 2.7642745971679688 3.915275812149048
4.159200191497803 7.326192625769458 3.240469455718994 5.654966354370117
4.201435565948486 7.152001682163341 3.457850933074951 6.815520763397217
5.705076217651367 6.594735473809578 2.4897899627685547 2.680299758911133
4.254073143005371 6.593934287265483 2.890317916870117 4.0084943771362305
3.1164329051971436 5.194760409749961 3.203547954559326 5.332502365112305
2.4061286449432373 3.561575456905132 3.3242690563201904 6.177945137023926
6.368417263031006 7.452132173533755 2.608616590499878 2.81410813331604
4.338791370391846 6.560263385685062 3.130513906478882 4.467347621917725
3.0464847087860107 6.136283712886325 3.541120767593384 6.1724348068237305
2.9946000576019287 5.223303015785177 3.6997017860412598 7.271124362945557
7.23221492767334 8.820139258508362 2.7996699810028076 3.027945041656494
5.656774997711182 8.470969151630186 3.484227418899536 5.135252475738525
3.8712124824523926 5.617522931053504 4.021530628204346 7.369107246398926
4.177772045135498 7.0412822503271855 4.228844165802002 8.808015823364258
3.626086473464966 3.9670844979581763 2.621809959411621 2.9928879737854004
3.711890697479248 6.00790706980419 3.575993299484253 5.038599967956543
1.4993025064468384 2.280843433458358 3.7030084133148193 6.344271183013916
2.4857819080352783 3.499590449664513 3.7667076587677 7.202046871185303
4.289825916290283 4.714471761201473 2.7820215225219727 6.947619438171387
4.927451133728027 7.7109022225355375 3.8885598182678223 5.7237348556518555
3.0706796646118164 3.929599157263908 4.149750232696533 7.490368366241455
3.59621524810791 6.012809921662347 4.248856067657471 8.633301734924316
5.639100074768066 6.637337056829438 3.0260393619537354 3.4784767627716064
4.038358688354492 6.015084052369502 4.3527984619140625 6.727528095245361
3.948744058609009 6.33798878913373 4.7795515060424805 9.112479209899902
3.29366135597229 6.0082399465084215 4.924099922180176 10.648975372314453
4.041778087615967 4.481683200368669 1.7030398845672607 1.7489566802978516
3.81419038772583 5.626310283791007 1.9416775703430176 2.4591495990753174
1.4493638277053833 2.253551870860356 2.175804615020752 3.280825614929199
1.9381510019302368 3.704228788157934 2.3057172298431396 3.8218603134155273
4.599542140960693 5.293078422315556 1.7852236032485962 1.83458411693573
4.163098335266113 6.259511103645963 2.062605142593384 2.650914430618286
2.8701834678649902 5.319321260392137 2.334606170654297 3.6192917823791504
2.125537633895874 3.2005821191237374 2.4825923442840576 4.260592937469482
5.173280715942383 6.312799281531852 1.89931321144104 1.9544503688812256
4.4047980308532715 6.738758189117446 2.2290494441986084 2.9119842052459717
3.403132438659668 6.419667445247158 2.5518627166748047 4.0746941566467285
3.2453126907348633 6.351065680295332 2.7237093448638916 4.846138954162598
4.7790608406066895 5.337186924604794 2.1577541828155518 2.2282798290252686
4.286218166351318 6.577254984824318 2.462006092071533 3.1858832836151123
2.773340940475464 5.32099065655364 2.714120388031006 4.259398460388184
2.2869372367858887 4.306102665907908 2.829326868057251 4.934832572937012
5.447610378265381 6.334715673505684 2.2724056243896484 2.3462963104248047
4.775792121887207 7.162857937014451 2.655367136001587 3.5117456912994385
3.791825771331787 6.396694960004901 2.9770097732543945 4.8528571128845215
2.972705125808716 5.397299998647327 3.1213643550872803 5.699974536895752
6.196217060089111 7.427873682346831 2.4336965084075928 2.5165657997131348
4.564199447631836 7.490918853436369 2.9243979454040527 3.967125415802002
2.901108741760254 5.413615548339422 3.3403797149658203 5.675257682800293
3.7670114040374756 6.1437557673690435 3.5236496925354004 6.751836776733398
5.002771377563477 5.688114952332398 2.7433021068573 2.870779275894165
3.4427921772003174 4.7249276012544215 3.1204521656036377 4.147860527038574
3.282750368118286 4.8723613488844535 3.333310842514038 5.4269819259643555
2.2531604766845703 3.7789469739369963 3.3948752880096436 6.178840637207031
5.768706798553467 6.77338569016888 2.893704652786255 3.0291943550109863
4.46358060836792 5.867164486259753 3.4044570922851562 4.665353775024414
3.234886884689331 5.135929884020074 3.720338821411133 6.346229553222656
3.048220157623291 6.01194739659104 3.81978702545166 7.336944580078125
6.699024677276611 8.026097259507168 3.10670804977417 3.2605504989624023
4.634227752685547 7.239632825484506 3.80180025100708 5.390644073486328
3.8841419219970703 7.003151784523796 4.259938716888428 7.637396812438965
2.5591065883636475 5.340573168783521 4.407674312591553 8.95361042022705
3.6887497901916504 4.035118762428112 2.9903876781463623 3.285996198654175
2.9477782249450684 3.996002834600631 3.863725423812866 5.321821689605713
3.1320366859436035 5.341945599918716 3.944556474685669 6.621780872344971
2.506741523742676 4.592768889940089 3.91025972366333 7.344991683959961
4.94902229309082 5.231487651553387 3.204279661178589 3.53053879737854
4.278703212738037 5.74423075805305 4.237935543060303 6.0626749992370605
3.1608409881591797 5.705395485190678 4.448448657989502 7.877468585968018
3.4710299968719482 6.2624345771464505 4.458702087402344 8.878205299377441
5.946521759033203 6.457187662449883 3.4995627403259277 3.878772258758545
4.423880100250244 6.351021923144003 4.769457817077637 7.115500450134277
3.177189588546753 5.235137591864893 5.154891014099121 9.638200759887695
4.027218818664551 6.561522711208011 5.220573425292969 11.032916069030762
4.214783191680908 4.665572466353751 1.5032902956008911 1.5402953624725342
3.9600741863250732 6.605369005321855 1.735725998878479 2.1834299564361572
2.6293015480041504 4.877087802308779 2.0067973136901855 3.0066614151000977
2.1502349376678467 3.555436928678347 2.177753448486328 3.598865032196045
4.540297985076904 5.154736417234062 1.5795916318893433 1.621706485748291
4.221783638000488 6.642430615150553 1.8404005765914917 2.348578453063965
3.439816474914551 6.5518322286892925 2.1449129581451416 3.293612480163574
3.20307993888855 5.753097072318148 2.334712266921997 3.98014760017395
5.203773021697998 6.334583394211748 1.6942541599273682 1.742329478263855
3.9246861934661865 6.5526734335960555 1.9961309432983398 2.586388349533081
3.9598145484924316 6.1951201119612165 2.346635103225708 3.699968099594116
3.697646141052246 5.674643043779753 2.5599091053009033 4.51115083694458
5.6092071533203125 6.158135702274194 1.7203052043914795 1.7641217708587646
4.2953572273254395 6.738163167369862 1.9982984066009521 2.5764734745025635
3.8326449394226074 6.308838285101956 2.3377649784088135 3.635270833969116
3.3396172523498535 5.3148085425727665 2.5391836166381836 4.387106418609619
6.01784610748291 6.829694805750876 1.829548954963684 1.8827344179153442
3.7090418338775635 6.574558733852257 2.1567485332489014 2.8361401557922363
3.646165370941162 5.110278010290699 2.551508903503418 4.101333141326904
3.424192428588867 6.127529712793473 2.783414363861084 5.010051250457764
6.541611194610596 7.7201677648223885 2.002197027206421 2.0664894580841064
4.2782487869262695 7.035575813334447 2.406005620956421 3.231935501098633
5.003445625305176 8.052325674890426 2.8811280727386475 4.800530910491943
3.9454452991485596 5.388787568298085 3.150968313217163 5.926052093505859
5.941362380981445 6.563002953830392 1.9866101741790771 2.024202823638916
4.580110549926758 6.480655598979411 2.261458396911621 2.982236862182617
2.3110547065734863 4.178294197019113 2.6657536029815674 4.266674041748047
2.6381967067718506 4.398649932234889 2.881521701812744 5.151890754699707
6.706314563751221 7.652463627794091 2.1206116676330566 2.1752612590789795
4.280703067779541 6.96518505174554 2.468655586242676 3.338195323944092
4.224454402923584 6.046587157596669 2.949471950531006 4.9170918464660645
4.124619007110596 6.85612727970306 3.2092437744140625 6.023417949676514
7.596169471740723 8.856720044729627 2.3450872898101807 2.4191970825195312
4.489744186401367 7.034054318874212 2.812955379486084 3.908698558807373
4.542773246765137 7.106572448775935 3.4100277423858643 5.940329074859619
3.5508217811584473 5.2597554899002015 3.7227611541748047 7.3577189445495605
4.499150276184082 4.849591434463832 2.3278424739837646 2.6495704650878906
3.7713546752929688 4.8605757553383455 2.558946371078491 3.426234245300293
3.6534698009490967 6.7192358947072535 2.9611270427703857 4.832726001739502
2.646019220352173 4.2276268026625985 3.1630313396453857 5.788751125335693
4.344385147094727 4.775921217763198 2.5005316734313965 2.8461833000183105
5.047922611236572 7.969204711514619 2.7879302501678467 3.8619446754455566
3.5997869968414307 6.493924374019448 3.2947351932525635 5.636997222900391
2.892839193344116 4.627392545600191 3.5558128356933594 6.869382381439209
5.018158435821533 5.884060748036802 2.7757842540740967 3.1806998252868652
5.970349311828613 9.151244288482488 3.206207036972046 4.600130081176758
4.915435314178467 7.678333096986426 3.8624205589294434 6.94970703125
3.5431933403015137 6.139004028243221 4.190976142883301 8.567756652832031
4.2461700439453125 4.907367290116326 1.5741416215896606 1.6301522254943848
3.418735980987549 4.860363839586967 1.8525004386901855 2.4089856147766113
3.3453307151794434 5.740914316987073 2.1050078868865967 3.2635748386383057
2.27128005027771 3.5651868383627203 2.2375404834747314 3.848461389541626
4.507831573486328 5.489265388806494 1.6390215158462524 1.698409080505371
4.16207218170166 6.039629398576665 1.9504822492599487 2.565337657928467
3.389366626739502 5.600959084697271 2.2418129444122314 3.551176071166992
2.859715700149536 4.774827920032379 2.395733594894409 4.236342906951904
5.057425022125244 6.276215806508361 1.729658842086792 1.793983817100525
4.863918781280518 7.936186576845554 2.084752321243286 2.778221368789673
2.897430658340454 5.440736166949264 2.4261603355407715 3.936886787414551
3.882171392440796 6.92325591470474 2.6068227291107178 4.753425598144531
4.95996618270874 5.7674546578977015 1.9682090282440186 2.0489280223846436
4.109939098358154 6.425153261024342 2.3101372718811035 3.068070411682129
2.3513612747192383 3.416818630217854 2.584554433822632 4.16395378112793
2.499699354171753 4.081959323853478 2.7014517784118652 4.877793788909912
5.427177906036377 6.518336321467814 2.050959587097168 2.136507034301758
3.3852949142456055 5.73369138336426 2.456303358078003 3.319953680038452
2.7785768508911133 5.229546329898994 2.8029329776763916 4.656496524810791
2.3961293697357178 4.828281539801765 2.9566709995269775 5.544000625610352
6.167481899261475 7.513345984216812 2.1729583740234375 2.2660629749298096
4.088973522186279 6.928950758127485 2.6628293991088867 3.6712522506713867
2.7612526416778564 5.19117551978729 3.102613925933838 5.330939292907715
3.1489670276641846 6.469985008015911 3.3019979000091553 6.451559066772461
5.066086769104004 5.976947341121388 2.6067094802856445 2.720094919204712
3.15373158454895 5.334683793511715 2.958977222442627 4.019902229309082
1.805732250213623 2.5805099311644426 3.1550052165985107 5.274531364440918
2.0926897525787354 3.7800763604204803 3.2002882957458496 6.02963924407959
5.729867935180664 6.912879027092309 2.701077461242676 2.8299856185913086
4.455968379974365 7.544559665639099 3.1545732021331787 4.401268005371094
2.6268386840820312 4.648544706274784 3.461902379989624 6.019491195678711
3.0646119117736816 5.1718915161490635 3.5606558322906494 7.0190110206604
6.575875282287598 8.208435525348534 2.8468008041381836 2.9955618381500244
5.002061367034912 8.286542866248169 3.4423937797546387 4.940807819366455
4.5316691398620605 6.832793723340746 3.89382266998291 7.051637172698975
3.3959403038024902 6.4939808838057616 4.0557756423950195 8.381425857543945
4.193085193634033 4.6968525895536 2.6883344650268555 2.9569525718688965
3.090806722640991 5.202545725285745 3.7429845333099365 5.222301483154297
2.622706890106201 3.7187480616150914 3.745199680328369 6.450295925140381
1.9427599906921387 3.6207470531589934 3.6554532051086426 7.108887672424316
5.591232776641846 6.208378995121092 2.825091600418091 3.118854522705078
4.347930431365967 6.30535475907058 4.024463653564453 5.837738513946533
3.127406597137451 4.746239769275235 4.128863334655762 7.4515509605407715
2.7788541316986084 4.8597532207996 4.106995582580566 8.39997673034668
5.443389415740967 6.254239856428853 3.028254985809326 3.3591063022613525
5.2746381759643555 6.395736224260844 4.41904878616333 6.661134719848633
4.772984504699707 5.997815256929698 4.682462692260742 8.849732398986816
3.842329978942871 5.983410595806035 4.7375264167785645 10.188567161560059
4.397017478942871 4.757105629439366 1.5738399028778076 1.618289828300476
3.8739778995513916 6.336485198175513 1.8103108406066895 2.3029065132141113
3.338329792022705 5.935184193450596 2.0549418926239014 3.080632448196411
3.0481061935424805 4.280188747289685 2.2014172077178955 3.5995867252349854
4.781777381896973 5.457983443960728 1.6387486457824707 1.6881171464920044
3.5118935108184814 5.1328144571984 1.9063892364501953 2.4548697471618652
2.717221975326538 4.0330963542363065 2.1848840713500977 3.342924118041992
2.416710376739502 4.740644210753317 2.3505709171295166 3.9415886402130127
5.241236209869385 6.2885119273370975 1.727780818939209 1.7845875024795532
4.360320091247559 7.226692442198328 2.0351836681365967 2.664015293121338
4.402081489562988 7.8473444685407685 2.3570406436920166 3.70082426071167
3.5291903018951416 6.402799740049886 2.5472724437713623 4.40550422668457
5.210026264190674 5.678492218634609 1.959183692932129 2.0123980045318604
4.547088623046875 6.50565844592893 2.2429728507995605 2.8905558586120605
3.2335333824157715 5.427898800416209 2.5012166500091553 3.862544298171997
3.088954210281372 4.680653129385149 2.639618158340454 4.4968976974487305
5.654137134552002 6.5287931510700545 2.0428264141082764 2.106606960296631
4.093107223510742 5.611145078317975 2.38631010055542 3.1362876892089844
3.2917141914367676 6.358028651180632 2.7056326866149902 4.309129238128662
3.1694042682647705 5.564665398767488 2.8757877349853516 5.082775592803955
6.33789587020874 7.467677763678395 2.1612844467163086 2.239163637161255
5.7612528800964355 8.285122483589854 2.5827994346618652 3.4815926551818848
2.6690940856933594 5.629168047206301 2.981887102127075 4.932392120361328
3.5977940559387207 6.558204229620941 3.1939754486083984 5.895421028137207
5.392127513885498 5.921835715930172 2.597252130508423 2.66534686088562
4.702116012573242 6.532919595484248 2.876006841659546 3.7508273124694824
2.0742805004119873 3.36012028138569 3.046422243118286 4.8294267654418945
2.2992382049560547 4.076784936163222 3.11991024017334 5.502251625061035
6.1532883644104 7.043590613300662 2.6960580348968506 2.7742726802825928
3.999746799468994 6.216086912439664 3.0716710090637207 4.119947910308838
3.75941801071167 5.710716622429118 3.3327279090881348 5.502941131591797
2.1442933082580566 2.912982909857874 3.450016498565674 6.372208595275879
6.994012832641602 8.138248404002866 2.8369836807250977 2.938056230545044
5.726314067840576 8.66349949156006 3.3440029621124268 4.643590927124023
4.1296892166137695 6.761129052199644 3.7266335487365723 6.452289581298828
3.589442014694214 6.454441067793642 3.901210308074951 7.594380855560303
4.353098392486572 4.620776586540316 2.6461124420166016 2.9047210216522217
3.2748613357543945 5.415265944781069 3.7122864723205566 5.063795566558838
3.804047107696533 6.348943980484819 3.6334786415100098 5.893513202667236
2.92738938331604 4.7955485358034196 3.572371482849121 6.465395450592041
5.389639377593994 5.5064140895962055 2.7863998413085938 3.0774545669555664
4.070784568786621 6.462994373352842 3.981382369995117 5.627771377563477
2.945632219314575 4.1212760956375405 3.9982292652130127 6.804382801055908
3.0087509155273438 4.188194832659789 3.985973834991455 7.6054158210754395
5.692215919494629 6.055554903598022 2.983370780944824 3.3242006301879883
4.69748067855835 7.4845755900672515 4.358490467071533 6.393947124481201
3.726773977279663 6.100893290715362 4.503719329833984 8.088382720947266
2.8408732414245605 5.4037118100184784 4.558070659637451 9.214506149291992
3.8005452156066895 4.453881830603297 1.6572933197021484 1.719786524772644
3.828549385070801 5.933270156695045 1.9365487098693848 2.5158796310424805
2.8615715503692627 5.0781148341930304 2.182169198989868 3.3460540771484375
2.7587544918060303 5.145736519942858 2.310771942138672 3.8895158767700195
4.329648494720459 5.236288277562053 1.7297112941741943 1.7986012697219849
4.0104475021362305 5.994454570253083 2.0417232513427734 2.689014434814453
2.753505229949951 3.992275054363745 2.322721242904663 3.6542484760284424
2.5977296829223633 4.970858107745556 2.470045328140259 4.30156135559082
5.049607276916504 6.173261729940009 1.8315277099609375 1.907670021057129
4.600457668304443 7.737878208440321 2.18664813041687 2.9252727031707764
4.371309757232666 7.132996003673043 2.512995958328247 4.064472675323486
3.209467887878418 4.839651152263389 2.682878255844116 4.841379642486572
4.6061835289001465 5.435847362373579 2.056896686553955 2.139564037322998
3.8606417179107666 5.494689823627866 2.405019760131836 3.17000150680542
3.4067575931549072 5.019818640273843 2.6738898754119873 4.236998558044434
2.5537331104278564 3.9176225627258248 2.788926124572754 4.906881809234619
5.251649379730225 6.3139373400351815 2.1522011756896973 2.2450315952301025
4.456241607666016 7.026604446023043 2.565889835357666 3.454956293106079
3.6149275302886963 6.675491315840828 2.9009511470794678 4.768535614013672
2.8305516242980957 4.121508073084556 3.04811429977417 5.61352014541626
6.109800815582275 7.402699483066101 2.2914695739746094 2.3974618911743164
4.5605974197387695 7.193705340722554 2.792509078979492 3.8526251316070557
3.2875816822052 6.1845629639582285 3.2130792140960693 5.488968849182129
3.5234696865081787 5.462162980119452 3.3989458084106445 6.558315277099609
4.839166164398193 5.775584085115931 2.6082327365875244 2.7316088676452637
3.7876148223876953 5.878813419876678 3.0052361488342285 4.0306220054626465
3.040032148361206 4.970010098150759 3.2296876907348633 5.272000312805176
2.533609628677368 4.190170801150089 3.287200927734375 6.000436305999756
5.65162467956543 6.80156061858915 2.720330238342285 2.85776948928833
4.413363456726074 6.757443268992759 3.230423927307129 4.459554672241211
3.0003347396850586 5.566872908923813 3.5552279949188232 6.081016540527344
3.0731892585754395 5.0947370902495095 3.6567680835723877 7.053936004638672
6.697259902954102 8.178877248726321 2.8935604095458984 3.0521507263183594
5.203003883361816 8.230579149422852 3.556267023086548 5.075247287750244
3.455772638320923 6.124039350755595 4.011236190795898 7.196528434753418
3.832392930984497 5.233911734383582 4.164084434509277 8.484786033630371
3.300471067428589 3.8655150883741953 2.753248929977417 3.0362746715545654
2.5751872062683105 4.24142703189068 3.7176971435546875 5.092201232910156
2.339223623275757 3.842417517374514 3.787828207015991 6.34774923324585
2.5046205520629883 3.9390482971078598 3.7321903705596924 6.999607563018799
4.598743915557861 4.906421332392711 2.9078619480133057 3.2302072048187256
4.132244110107422 6.6453739591075776 4.029926300048828 5.772792339324951
3.747135877609253 6.495069064208167 4.204658508300781 7.434415340423584
3.119039297103882 4.524209509894263 4.2023515701293945 8.383246421813965
5.248020648956299 5.7357083044356045 3.1388285160064697 3.5158114433288574
4.2176923751831055 6.904278178219812 4.471404075622559 6.708693981170654
3.9395980834960938 6.570672458867016 4.796140670776367 8.952596664428711
3.7034738063812256 5.768491203434792 4.855269908905029 10.27999210357666
4.497074604034424 5.11822189493796 1.4688363075256348 1.522407054901123
4.217365264892578 6.588455727007727 1.7275992631912231 2.262699604034424
3.388481855392456 6.363959725479617 1.9680901765823364 3.0638442039489746
2.809786319732666 4.394603778315972 2.1130452156066895 3.622344732284546
4.60369873046875 5.52868605533763 1.533705234527588 1.593231201171875
4.680401802062988 7.826887006113424 1.8196399211883545 2.4149327278137207
3.779221296310425 6.750198509848175 2.0893986225128174 3.3277316093444824
1.9984081983566284 3.6128240405891887 2.250894784927368 3.971046209335327
5.044226169586182 6.254930738087296 1.62636399269104 1.6923736333847046
4.734156131744385 7.928375790346664 1.9489021301269531 2.6240346431732178
4.049081325531006 6.623536848681233 2.257554769515991 3.686319351196289
3.2921335697174072 5.397128481413347 2.440351963043213 4.442289352416992
5.555380344390869 6.308269488435599 1.721653699874878 1.7753549814224243
4.930461406707764 8.014886009315518 2.017169237136841 2.666421413421631
3.6822330951690674 6.322254040744033 2.2746951580047607 3.637054920196533
3.4284274578094482 5.378452952725963 2.4239695072174072 4.311677932739258
5.869744777679443 6.929056458711045 1.8086134195327759 1.8756322860717773
5.3815460205078125 8.84780209644833 2.151074171066284 2.9003608226776123
4.415669918060303 7.831695631384264 2.458549976348877 4.056734561920166
2.857814073562622 5.840348517934316 2.6345484256744385 4.868980407714844
6.393121719360352 7.79103751944308 1.9378060102462769 2.0181920528411865
5.477380752563477 9.093364878912766 2.3451523780822754 3.2308266162872314
4.375504493713379 6.675730563209299 2.7209010124206543 4.64592170715332
3.095073699951172 5.837771624989458 2.9324593544006348 5.648346424102783
5.819934844970703 6.6504665885915415 2.1609280109405518 2.1344821453094482
4.472135066986084 6.798501268910343 2.4239978790283203 3.179833173751831
3.7406070232391357 6.628511568885642 2.6166436672210693 4.261509895324707
2.7134125232696533 5.053705433747382 2.7336058616638184 5.0015764236450195
6.485191822052002 7.580899534610126 2.25521183013916 2.2638561725616455
4.816829204559326 7.28743367615607 2.5914323329925537 3.505181074142456
3.9049878120422363 5.995679557210426 2.8607776165008545 4.848557472229004
2.7945151329040527 5.714997682421654 3.0157601833343506 5.7776336669921875
7.143731117248535 8.604590136378022 2.405012845993042 2.44630765914917
5.371001720428467 9.225527834077235 2.8454859256744385 3.9702484607696533
4.236669063568115 6.875819658516775 3.2195401191711426 5.691105365753174
3.686981201171875 6.41202590976809 3.4251186847686768 6.889355659484863
4.4425177574157715 4.8846799845986295 2.3244664669036865 2.5299570560455322
3.837144374847412 6.296656622595123 3.4056124687194824 4.448737144470215
3.827781915664673 6.782895752299794 3.0117084980010986 4.956892490386963
2.7158124446868896 5.290007448090819 3.0158190727233887 5.625148296356201
5.615397930145264 6.26900465814407 2.45402455329895 2.707487106323242
4.865787506103516 7.118891186987412 3.6125988960266113 4.924308776855469
3.9589507579803467 7.565244688266489 3.3034656047821045 5.708790302276611
3.5876777172088623 5.068183027441099 3.3563694953918457 6.592545509338379
5.226650714874268 5.763096379595993 2.6537225246429443 2.962425708770752
5.045845031738281 8.802086349332114 3.9175875186920166 5.590047836303711
5.0192437171936035 7.903187538325412 3.7451391220092773 6.796018123626709
3.9313929080963135 7.216079715553762 3.861185312271118 7.999771595001221
3.9384703636169434 4.852153714560908 1.4809073209762573 1.5328525304794312
3.8040976524353027 6.66897891882445 1.738958477973938 2.287123441696167
2.223492383956909 4.201130661654759 1.9774566888809204 3.09348464012146
2.3075027465820312 4.726357565378407 2.109952926635742 3.6335599422454834
4.269434452056885 5.446932078257235 1.5458345413208008 1.601438283920288
3.3587911128997803 5.988882276483935 1.835344910621643 2.435764789581299
4.0658278465271 7.194064426098376 2.1041126251220703 3.34499454498291
3.3948569297790527 6.408140003696138 2.2516047954559326 3.9593303203582764
4.899331092834473 6.344066069179174 1.6366221904754639 1.6963062286376953
4.6432013511657715 7.271381682187325 1.9683529138565063 2.63836669921875
4.364664077758789 8.276910193410394 2.277597188949585 3.683736562728882
3.2687265872955322 6.580897310986302 2.4446358680725098 4.393196105957031
4.701000213623047 5.769201596965559 1.7386956214904785 1.8016270399093628
3.4007489681243896 6.20436536337894 2.0472981929779053 2.7400028705596924
3.233703136444092 5.533827120821904 2.3014001846313477 3.723590612411499
2.291165351867676 4.988677722680222 2.424865484237671 4.368701934814453
5.255058288574219 6.534070596556494 1.8300459384918213 1.8968191146850586
4.923079967498779 7.865387007990648 2.1912074089050293 2.9736952781677246
3.395142078399658 5.85030536764134 2.4940998554229736 4.13311767578125
2.553816318511963 4.342681292586121 2.6396968364715576 4.896569728851318
6.122892379760742 7.850342342411409 1.9589122533798218 2.031619071960449
4.850961208343506 8.391910136117076 2.3932602405548096 3.2985363006591797
4.359775543212891 8.186579916054686 2.7645387649536133 4.696981906890869
3.830855131149292 5.921675257175401 2.9410626888275146 5.619734764099121
5.030396461486816 6.182396166556828 2.1242008209228516 2.2523276805877686
4.268790245056152 7.403972637828701 2.4377694129943848 3.3212947845458984
3.1501052379608154 5.4289720789615785 2.6505281925201416 4.402843475341797
2.6479029655456543 5.1639479888856386 2.733158826828003 5.098903179168701
5.828840732574463 7.180725602580424 2.2370030879974365 2.351989269256592
5.310302257537842 8.761205107880187 2.633248805999756 3.647136926651001
3.705580711364746 7.048268573939978 2.9126644134521484 4.989976406097412
3.1656229496002197 6.012628480032163 3.0208792686462402 5.840534210205078
6.947388648986816 8.734441742462195 2.3988444805145264 2.5098378658294678
5.213667869567871 9.011155446349932 2.910630941390991 4.112398624420166
4.552072048187256 8.383015165743501 3.2853612899780273 5.808209419250488
3.547083854675293 4.866123668858648 3.4322540760040283 6.873622417449951
3.6763224601745605 4.355209626584241 2.304750442504883 2.6178793907165527
3.4037604331970215 6.4288781739585374 3.1106882095336914 4.57344913482666
3.138890504837036 5.706764975076318 3.0013811588287354 5.088992118835449
2.476896047592163 3.725227605389459 2.999829053878784 5.731971740722656
4.037628650665283 4.502290191197673 2.4572107791900635 2.779899835586548
4.680940628051758 7.475011582978368 3.3743014335632324 5.0335493087768555
3.0023412704467773 5.921122531649871 3.3317017555236816 5.855217933654785
1.9882580041885376 3.6723982669739144 3.3508951663970947 6.666424751281738
4.923584461212158 5.697976892879183 2.670193672180176 3.014122247695923
4.595484256744385 7.802072015683734 3.7418770790100098 5.680852890014648
5.135776042938232 8.251673743370645 3.803016424179077 6.93094539642334
4.0792412757873535 6.241298263478896 3.8573262691497803 7.977797031402588
4.08490514755249 4.781703412726046 1.6503407955169678 1.7235002517700195
3.868098258972168 6.391082421062492 1.9721629619598389 2.6240479946136475
2.972020387649536 4.315976809508811 2.25697922706604 3.5235085487365723
2.351065158843994 4.319150905100656 2.397826671600342 4.102053165435791
4.540683746337891 5.560684814049608 1.7280608415603638 1.8056538105010986
3.827644109725952 5.750086525696531 2.089937925338745 2.8151628971099854
3.5259616374969482 5.713685055880177 2.417469024658203 3.872499704360962
2.6348626613616943 4.412610609191834 2.580421209335327 4.567988872528076
5.145382881164551 6.654290228416567 1.8393149375915527 1.9210724830627441
4.723496437072754 7.00044742458973 2.257493257522583 3.0777170658111572
3.3390705585479736 4.979028992691383 2.643860101699829 4.342493057250977
3.443608522415161 5.658273505570861 2.835498809814453 5.186697006225586
4.936507701873779 5.795357643125726 2.0334134101867676 2.1258528232574463
3.6980161666870117 5.367417795471454 2.4304375648498535 3.289576768875122
2.8597166538238525 5.324391067843351 2.7501118183135986 4.444134712219238
2.6166043281555176 4.7030194531291025 2.8853859901428223 5.166446208953857
5.388735294342041 6.52635398433398 2.135861873626709 2.2424657344818115
4.263769149780273 6.978981148262868 2.609410285949707 3.607661485671997
3.091297149658203 5.225297013488273 3.0063748359680176 5.044085502624512
2.7662277221679688 4.554314661481318 3.178093433380127 5.9636383056640625
6.156005859375 7.8337575513760775 2.2894415855407715 2.4080541133880615
5.034037113189697 8.44705602919968 2.870621919631958 4.052834987640381
4.124969482421875 7.009104027452565 3.3744349479675293 5.873355865478516
3.7768192291259766 6.9538698807411095 3.5944604873657227 7.053499698638916
5.089778900146484 6.065343186952759 2.5730059146881104 2.6707258224487305
4.4049577713012695 7.233856008505342 2.996279001235962 4.106154441833496
2.464494228363037 4.15248086127599 3.2800121307373047 5.447751522064209
1.579419493675232 2.605523994499066 3.374465227127075 6.2551493644714355
5.905322074890137 7.126996963253575 2.6986336708068848 2.817267894744873
3.3668055534362793 5.440289064064473 3.2444746494293213 4.5846028327941895
3.392289400100708 5.547985725564558 3.6413424015045166 6.3408050537109375
2.0715205669403076 3.6215185420414855 3.78253436088562 7.421374320983887
6.842840194702148 8.600392361461445 2.8913533687591553 3.0342395305633545
4.518918991088867 7.595500076174943 3.6135668754577637 5.2641472816467285
2.9410319328308105 4.550506838020851 4.166290283203125 7.597731590270996
2.493346929550171 4.83622918475099 4.371347904205322 9.047205924987793
3.093435525894165 3.266235691990687 2.7140581607818604 2.968142032623291
3.2101809978485107 5.242797156119515 3.6634271144866943 5.1244964599609375
2.053170680999756 3.4870600053721947 3.776378631591797 6.398348808288574
2.1056106090545654 3.489505669651727 3.7927613258361816 7.192365646362305
3.487182378768921 4.1931147887191855 2.8814380168914795 3.178858518600464
3.0614569187164307 5.841642109314762 3.999462842941284 5.795088291168213
3.478624105453491 4.666239258254279 4.237748146057129 7.572521209716797
2.7401320934295654 5.150566012540935 4.3029255867004395 8.691906929016113
5.468342304229736 6.4713211961411226 3.132981300354004 3.48427152633667
3.3048179149627686 5.274101918444103 4.487894535064697 6.752843856811523
3.6013553142547607 5.850491520415176 4.910460472106934 9.240340232849121
3.952845335006714 6.947591026898408 5.04371976852417 10.804329872131348
3.9255449771881104 4.746927709160872 1.6119370460510254 1.6602026224136353
3.828181743621826 6.509199656928224 1.8903030157089233 2.5044972896575928
2.6836836338043213 5.210808552955115 2.1516923904418945 3.407722234725952
2.0467746257781982 4.235270605471705 2.2938449382781982 3.9885172843933105
4.375929832458496 5.431592564786115 1.6862924098968506 1.7379307746887207
3.6550354957580566 5.130055150803429 2.00443959236145 2.681065559387207
3.6004717350006104 6.161017274498818 2.3055379390716553 3.718388319015503
2.4197309017181396 4.393154869683087 2.4675204753875732 4.396660327911377
5.060359001159668 6.448334277431627 1.7906198501586914 1.849615216255188
4.154111862182617 6.9418674667804225 2.1600029468536377 2.9322903156280518
3.7621443271636963 6.893682064186257 2.511840581893921 4.149606704711914
3.56591534614563 6.804867661501021 2.6985795497894287 4.955780982971191
4.636167049407959 5.550614893832517 2.0118300914764404 2.069094657897949
4.23382568359375 7.1504625259913155 2.3535313606262207 3.186495780944824
3.0488710403442383 5.8758528188698165 2.637690544128418 4.35610294342041
1.943899154663086 3.7902533187360437 2.7716569900512695 5.079057693481445
5.291003227233887 6.461057056447828 2.1135365962982178 2.173535108566284
4.322308540344238 7.403439130607694 2.531160593032837 3.4803922176361084
3.4190986156463623 6.591472173945249 2.884139060974121 4.892577171325684
1.9761866331100464 4.099180997579035 3.048473834991455 5.779063701629639
6.178243637084961 7.79358834581339 2.2605085372924805 2.3311474323272705
5.437532901763916 8.879607396051142 2.7788262367248535 3.9060745239257812
3.475355386734009 6.86286620889382 3.2217631340026855 5.64863920211792
2.677579641342163 5.367100929179831 3.424872398376465 6.755311965942383
5.016053199768066 5.9788749450842715 2.5870511531829834 2.6647353172302246
3.9482054710388184 7.009129967976378 2.9381139278411865 4.080966472625732
2.9950554370880127 5.236448241539961 3.1784310340881348 5.454835414886475
2.551729202270508 3.997842077450173 3.267251968383789 6.256129264831543
5.872659683227539 7.0647873745697325 2.7067017555236816 2.798502206802368
3.8893027305603027 6.594219447142336 3.19433331489563 4.538882255554199
3.641390800476074 6.0941727093092375 3.532670259475708 6.272729396820068
2.353388786315918 2.972729121543587 3.656362771987915 7.290776252746582
6.841878414154053 8.499204331806027 2.8938026428222656 3.007150411605835
4.343963146209717 6.024148179438271 3.5574452877044678 5.203867435455322
4.258773326873779 6.2924435700873005 4.02203893661499 7.426822662353516
2.9708383083343506 5.634208603188426 4.191160202026367 8.742185592651367
3.9773378372192383 4.419048150008038 2.795880079269409 3.103487014770508
3.8362157344818115 6.572107577095039 3.631260395050049 5.198632717132568
2.5555241107940674 4.663165663746042 3.686589002609253 6.5246782302856445
2.702707290649414 4.4470399364264495 3.6986539363861084 7.31430196762085
4.674535751342773 5.289990195144412 2.975135564804077 3.3139853477478027
4.823144912719727 7.545798011295574 3.9613940715789795 5.858025074005127
3.7934067249298096 7.407539619405387 4.146017074584961 7.638980865478516
2.1968562602996826 3.899355712875605 4.190794467926025 8.666692733764648
5.112283706665039 5.726588561193466 3.234844923019409 3.6279683113098145
5.590085506439209 7.944894734419364 4.445577144622803 6.810612678527832
4.153085231781006 5.650176242275961 4.783240795135498 9.203041076660156
3.2841596603393555 4.017708793907445 4.868502616882324 10.558749198913574
4.315612316131592 4.905422576626506 1.6172962188720703 1.664871335029602
4.257506370544434 6.677193734422474 1.882401943206787 2.4268367290496826
3.5244855880737305 5.599950575231276 2.1226606369018555 3.2456471920013428
3.6752614974975586 5.842239134968046 2.256319999694824 3.803696870803833
4.737077713012695 5.664841910364544 1.6957353353500366 1.7470566034317017
4.405409336090088 6.546017433945053 1.9973101615905762 2.6045515537261963
4.173172950744629 6.890193143884318 2.272663116455078 3.552488088607788
2.06015944480896 3.20017907363615 2.4229085445404053 4.2000627517700195
5.264266490936279 6.489809883219863 1.8080534934997559 1.8660403490066528
5.023618221282959 7.230757042667392 2.1572659015655518 2.8546950817108154
3.356326103210449 5.127529633201519 2.4766762256622314 3.9725301265716553
3.7014195919036865 6.92923206319665 2.6466822624206543 4.735213279724121
5.28872013092041 6.056029788723464 2.040576934814453 2.090731382369995
4.665416240692139 7.139956626636717 2.355053424835205 3.0785343647003174
3.9653916358947754 6.404714913584215 2.597026824951172 4.10669469833374
2.935122013092041 4.610921819042375 2.710679054260254 4.783965587615967
5.739410400390625 6.799786511367756 2.1469242572784424 2.204252243041992
5.167187213897705 7.472266784651765 2.5319924354553223 3.3733835220336914
4.178900241851807 7.115849033017142 2.835808277130127 4.633774280548096
3.201359987258911 5.73682995655156 2.975292205810547 5.464657783508301
6.4469733238220215 7.935142779409006 2.3060667514801025 2.3759078979492188
5.316171646118164 8.122631544647447 2.7859203815460205 3.8010833263397217
4.624484539031982 7.606114552166334 3.169517993927002 5.376997470855713
4.088506698608398 7.693247072356172 3.3402299880981445 6.407561302185059
5.554544925689697 6.417134604713397 2.6616451740264893 2.7109808921813965
3.41994571685791 4.960243702798607 2.987751007080078 3.964777946472168
2.8701536655426025 5.291818605676752 3.1494393348693848 5.125977993011475
3.388922929763794 5.689231219810049 3.195129156112671 5.848921298980713
6.379228591918945 7.487228304756172 2.7989587783813477 2.8671483993530273
5.120617389678955 7.995471311098413 3.2388529777526855 4.421749114990234
3.91961932182312 4.624393005783531 3.4871232509613037 5.916531562805176
3.199162006378174 5.709669313125687 3.564384698867798 6.853419780731201
7.348268032073975 8.967301861933429 3.0076844692230225 3.1031715869903564
5.649630069732666 9.086341631288292 3.604688882827759 5.085808277130127
4.702776908874512 6.726666008602768 3.966216564178467 7.051813125610352
3.855545997619629 4.8642115268586394 4.080713272094727 8.266281127929688
4.377195358276367 4.7860538115369025 2.824007034301758 3.02278995513916
3.86909818649292 5.974582727435518 3.7324464321136475 5.096625328063965
1.9509321451187134 2.878825877278814 3.699883222579956 6.173096179962158
3.0405359268188477 4.942954890264758 3.634326219558716 6.827627658843994
5.461019039154053 6.161605218541354 2.9701526165008545 3.2936835289001465
4.418052673339844 5.767806425317772 4.063621520996094 5.770780563354492
2.870495319366455 4.633822201133537 4.135364055633545 7.232179641723633
3.390540838241577 5.664911876036967 4.098705291748047 8.133257865905762
5.933167457580566 6.459830593250864 3.249486207962036 3.633849620819092
5.424279689788818 8.031667540592252 4.555202007293701 6.74070930480957
4.744147777557373 7.88474143201314 4.754269599914551 8.75571060180664
3.3775665760040283 6.278960241299728 4.7500529289245605 9.982220649719238
3.7919673919677734 4.2643073013896355 1.4503499269485474 1.497202754020691
3.13029408454895 5.305330040742547 1.6925485134124756 2.1874186992645264
2.895991563796997 4.107286298599547 1.931329369544983 2.97225284576416
2.890496015548706 5.128050390174117 2.0680277347564697 3.518772602081299
4.271997928619385 5.096129093611637 1.5205297470092773 1.5713677406311035
4.079967498779297 5.998337064603334 1.789118766784668 2.3426716327667236
3.822319746017456 6.591287517766432 2.0556015968322754 3.2354953289031982
3.385861396789551 5.571526997008405 2.206578254699707 3.858818531036377
4.973141670227051 6.181857835524397 1.625004768371582 1.6809455156326294
4.858091354370117 6.481335797118277 1.930715799331665 2.5616254806518555
4.186490535736084 6.955038597328269 2.234402894973755 3.6003828048706055
3.4863333702087402 6.800337852921643 2.402169942855835 4.326725006103516
5.117122650146484 5.682563966752184 1.6329114437103271 1.6898680925369263
4.212587833404541 6.3072993256082555 1.9204310178756714 2.5303077697753906
2.5318763256073 5.411507531865254 2.1991770267486572 3.497859239578247
3.13922119140625 5.416315706427781 2.350898027420044 4.170609474182129
5.681220054626465 6.699997053396373 1.735451340675354 1.7979954481124878
5.028151512145996 7.915532337444148 2.067383289337158 2.772725820541382
3.746076822280884 6.643014155258584 2.3919570446014404 3.9203808307647705
3.5997283458709717 4.666536876488642 2.5646870136260986 4.717004299163818
6.239521026611328 7.614129793277925 1.8947914838790894 1.9654897451400757
4.689055919647217 7.978843689728109 2.293253183364868 3.134053945541382
4.797224521636963 8.86149903745536 2.6825449466705322 4.538079738616943
4.200135707855225 7.151255497877401 2.880632162094116 5.506988048553467
5.436100959777832 6.119004407500768 1.8344603776931763 1.9069526195526123
4.929942607879639 7.3219463523605555 2.146580696105957 2.8879668712615967
3.104792833328247 4.660071743813333 2.4480795860290527 4.00664758682251
2.229602336883545 4.090293659246413 2.605833053588867 4.782138824462891
6.267414569854736 7.344734585856287 1.9650559425354004 2.044431447982788
5.236037254333496 8.226609939049155 2.3421926498413086 3.2197391986846924
4.086960315704346 7.338452353389336 2.7097110748291016 4.597216606140137
3.7306337356567383 6.734973732977778 2.8941941261291504 5.541451454162598
7.085570335388184 8.66606378383699 2.175809860229492 2.266192674636841
4.084592819213867 7.238615268620379 2.6550638675689697 3.7360076904296875
4.4714837074279785 6.701382349999051 3.1183953285217285 5.493552207946777
3.215933084487915 6.211621040019423 3.335068941116333 6.67781925201416
4.19413948059082 4.691915217551411 2.1164305210113525 5.922963619232178
4.507199764251709 7.379790450421751 2.4093687534332275 3.3712706565856934
2.2651772499084473 3.1624119822632917 2.6521148681640625 4.443170070648193
2.3966288566589355 3.6568809734285423 2.804776668548584 5.272900581359863
4.416105270385742 5.073799064153604 2.2723288536071777 2.632908582687378
5.4712018966674805 8.500514988829309 2.643014669418335 3.7977731227874756
4.128437519073486 7.585828216034315 2.9716134071350098 5.1814985275268555
2.86483097076416 4.888259764654951 3.154550552368164 6.213657855987549
4.922666549682617 5.29163733566179 2.5261247158050537 2.9329471588134766
5.285237789154053 8.246106495028483 3.0227036476135254 4.451756954193115
3.378248691558838 4.808806255185118 3.4836807250976562 6.329008102416992
4.647512435913086 7.962157723553219 3.7016196250915527 7.651559829711914
4.014072895050049 4.582189770797868 1.5617836713790894 1.612548589706421
3.3611361980438232 5.173591154736641 1.8199187517166138 2.3632142543792725
3.400258779525757 5.992203092174805 2.0673975944519043 3.2283408641815186
2.781580686569214 4.89255604837544 2.2123966217041016 3.8391733169555664
4.5557403564453125 5.415436571642857 1.6376667022705078 1.6910723447799683
3.927527666091919 6.758022347278484 1.9297901391983032 2.52604079246521
3.276503562927246 5.343564109156063 2.212700843811035 3.5145068168640137
2.6341657638549805 5.31351817587182 2.3771815299987793 4.21923828125
5.137645721435547 6.214249463315803 1.7459319829940796 1.8034552335739136
4.5332560539245605 7.208490493145746 2.0856802463531494 2.7567293643951416
4.015993595123291 7.708552688846169 2.4158542156219482 3.907290458679199
3.4561665058135986 5.575303223289438 2.604435443878174 4.730792999267578
4.88852071762085 5.623914447367724 1.8910653591156006 1.9584742784500122
3.43467378616333 5.442726927651716 2.20640230178833 2.9161996841430664
2.997652530670166 4.754440119798048 2.486238718032837 4.020711421966553
2.94861102104187 5.585793248145822 2.6334476470947266 4.789687633514404
5.380193710327148 6.386616696893027 1.997507095336914 2.0666606426239014
4.5636138916015625 7.601068094006777 2.3755743503570557 3.1808598041534424
4.506778240203857 6.936426787101709 2.7185657024383545 4.509439945220947
3.422969341278076 6.658694724418183 2.897339105606079 5.441874980926514
6.160953044891357 7.45241208960357 2.1535184383392334 2.2283968925476074
5.487421989440918 9.227537515277419 2.6217637062072754 3.565580368041992
4.787782669067383 6.829000016328344 3.051572561264038 5.198098659515381
3.590501070022583 5.782127266052754 3.2704927921295166 6.34354829788208
5.143651962280273 5.967365237884934 2.396599531173706 2.5448389053344727
4.375119686126709 7.24576303876438 2.7160897254943848 3.6689565181732178
3.1826694011688232 6.264641234212149 2.959043502807617 4.929294586181641
2.260286569595337 4.735831351594755 3.070815324783325 5.796441078186035
5.953894138336182 7.025746102739106 2.5251240730285645 2.6637630462646484
4.551096439361572 5.8417797563247404 2.9489736557006836 4.051944255828857
4.0188775062561035 7.15237712744775 3.2892870903015137 5.656951427459717
3.262633800506592 6.082301978296947 3.4421184062957764 6.7566938400268555
6.835789203643799 8.27246901035042 2.7200839519500732 2.858231782913208
5.619656085968018 8.215159936450362 3.2965784072875977 4.619782447814941
4.972082138061523 7.952608520216892 3.7700536251068115 6.69814920425415
3.7087442874908447 5.220333811045499 3.9759583473205566 8.107253074645996
3.6693811416625977 3.9716580322440223 2.6141223907470703 2.9224658012390137
4.4121503829956055 6.467232452004282 3.552814245223999 4.933953762054443
3.172991991043091 5.776321830488996 3.4372308254241943 5.878267765045166
1.9456801414489746 4.151277209385512 3.4615066051483154 6.710629463195801
4.229462146759033 5.107337428567213 2.7844865322113037 3.11171293258667
4.27701473236084 7.458993524748621 3.853689193725586 5.536558151245117
2.9153530597686768 5.471761727609817 3.8621819019317627 6.853620529174805
2.8376846313476562 4.160304957491764 3.9329333305358887 7.9636735916137695
5.36988639831543 5.5511889204406515 3.0390045642852783 3.4002459049224854
5.2231292724609375 7.694079019190212 4.294210910797119 6.366751194000244
4.35969352722168 7.3651158986420455 4.4893999099731445 8.255661964416504
3.742924690246582 6.910541554196114 4.6148881912231445 9.737436294555664
4.022850036621094 4.577853201574783 1.5687479972839355 1.610422134399414
3.4192545413970947 5.761220991830669 1.7635482549667358 2.240720748901367
2.813443183898926 4.707776016997133 1.9674699306488037 2.9837281703948975
2.4981563091278076 4.595499971507252 2.0879218578338623 3.480905771255493
4.604689121246338 5.319959131190785 1.6370106935501099 1.683562994003296
3.506911039352417 4.41618562534984 1.8560999631881714 2.3961727619171143
2.450598955154419 5.054461249702598 2.0840790271759033 3.2475392818450928
2.9480652809143066 4.0452275485047835 2.217306137084961 3.8227760791778564
5.163437366485596 6.328587477070641 1.7324249744415283 1.7853997945785522
3.1692240238189697 5.641887285447087 1.9856454133987427 2.607307195663452
3.5266058444976807 6.284174208965016 2.2459142208099365 3.6023268699645996
2.7416229248046875 4.456706807444192 2.3949828147888184 4.278280258178711
4.667376518249512 5.423518906171694 1.9788892269134521 2.0336248874664307
4.007165431976318 6.430844878430321 2.1734163761138916 2.806762456893921
3.293062448501587 5.796384944431111 2.3404383659362793 3.6856675148010254
2.5301167964935303 4.571281167759594 2.434197187423706 4.260631084442139
5.34426212310791 6.25886681342007 2.0728366374969482 2.137744903564453
4.366593837738037 6.132205570672874 2.3179516792297363 3.0658793449401855
3.227722644805908 5.769755943670134 2.5262982845306396 4.127344131469727
2.5245985984802246 4.3195300616011085 2.638897180557251 4.825920581817627
6.096269607543945 7.371507200622915 2.2080602645874023 2.285552978515625
5.34970760345459 8.321171482505406 2.5245697498321533 3.4262001514434814
3.657198190689087 6.048017088001693 2.7910220623016357 4.7414703369140625
3.959273338317871 6.059141734800164 2.9284403324127197 5.607269287109375
4.878657817840576 5.737355328486956 2.6191866397857666 2.665802478790283
3.6647603511810303 6.151625443472767 2.737971544265747 3.5933549404144287
2.3857250213623047 3.8539856889033217 2.7714035511016846 4.508140563964844
2.454907178878784 4.616977161726737 2.793307065963745 5.090325355529785
5.693191051483154 6.7612070504658845 2.7311453819274902 2.8089728355407715
4.143173694610596 6.949204800161333 2.9403655529022217 3.9929463863372803
3.4780874252319336 5.337591615507121 3.0343754291534424 5.165010929107666
2.8177404403686523 5.0626422171859815 3.0770158767700195 5.907565116882324
6.603884696960449 7.966273723144525 2.8997397422790527 3.0098509788513184
4.197628974914551 7.311898583320726 3.2369906902313232 4.553122520446777
4.1016106605529785 6.715455394700086 3.414400100708008 6.095325946807861
3.7201595306396484 5.535574579916322 3.4859249591827393 7.061972141265869
4.2079386711120605 4.884882621805396 2.685883045196533 2.9501514434814453
4.001495361328125 5.067772989469184 3.474844455718994 4.652306079864502
2.791353940963745 4.532169212773624 3.2072455883026123 5.357638835906982
2.809638261795044 5.135768164170713 3.1146161556243896 5.8484721183776855
3.99686336517334 4.688608456819367 2.848280668258667 3.1535987854003906
4.172110080718994 6.957360133951767 3.7396962642669678 5.238270282745361
3.006920337677002 4.6150367309032845 3.5453455448150635 6.241104602813721
2.765024185180664 4.7070189806916005 3.4694325923919678 6.902810573577881
5.488332748413086 5.79255703139097 3.0794801712036133 3.438314914703369
5.426019668579102 8.471116888483834 4.130385875701904 6.062012195587158
3.899688720703125 6.442598549627835 4.036872386932373 7.497016429901123
3.368312120437622 5.883113973661352 3.9850854873657227 8.407045364379883
3.3961234092712402 3.995839518346795 1.6817587614059448 1.7399762868881226
2.9909136295318604 5.18445524717734 1.9585896730422974 2.539456844329834
2.017728805541992 3.7185746519906075 2.208415985107422 3.407961368560791
1.4797459840774536 2.501148927629856 2.3495404720306396 4.013175010681152
4.090002059936523 4.932785205752154 1.7559517621994019 1.8199266195297241
3.839872360229492 6.563456207292859 2.071787118911743 2.730293035507202
2.934885263442993 5.242101237569841 2.3587281703948975 3.741847515106201
3.2728588581085205 5.974957317767263 2.520207166671753 4.452479839324951
4.960216522216797 5.98776521781604 1.85826575756073 1.9303170442581177
4.137518882751465 6.784832741037462 2.2245118618011475 2.989208221435547
3.958186626434326 6.531489489498988 2.558194160461426 4.190004348754883
3.715131998062134 5.5007796309146215 2.745115280151367 5.035730838775635
3.9649903774261475 4.676086237751406 2.091515302658081 2.1728131771087646
2.416161060333252 3.5532959698991817 2.423644781112671 3.2166709899902344
2.5896990299224854 5.048301234412676 2.6950275897979736 4.338516712188721
2.0808265209198 3.786790324319128 2.833390951156616 5.101027011871338
4.8028693199157715 5.7070575147486124 2.190131187438965 2.279008388519287
2.9871432781219482 5.461763175832061 2.5956594944000244 3.5219478607177734
3.1689698696136475 4.739614103549189 2.9302480220794678 4.891061305999756
2.0843193531036377 4.217572572498586 3.1005492210388184 5.828315258026123
5.896757125854492 7.079400748826629 2.330059289932251 2.4320781230926514
5.104798793792725 7.7844942759294184 2.832106351852417 3.9459409713745117
4.289083003997803 6.755650774860442 3.2463912963867188 5.644996166229248
2.548525810241699 3.58223560594935 3.456545829772949 6.808623313903809
4.101469993591309 4.8779936331245715 2.6395726203918457 2.7674217224121094
3.4047117233276367 5.56849988479025 2.9923925399780273 4.08045768737793
1.7818236351013184 3.4999640030727193 3.224275588989258 5.389575481414795
2.5709547996520996 5.399630457786884 3.3257205486297607 6.2522125244140625
5.114271640777588 6.09765696293686 2.764098644256592 2.9079408645629883
3.7150540351867676 6.1048088398936855 3.2364554405212402 4.5424418449401855
4.1248626708984375 7.525470893860188 3.5558769702911377 6.2094879150390625
1.3184243440628052 1.8929380321886242 3.695474147796631 7.3077802658081055
6.299088954925537 7.616763193747204 2.945204496383667 3.113074541091919
4.543798923492432 6.772503640607454 3.5786960124969482 5.190268039703369
3.9666271209716797 7.680474845048366 4.0061140060424805 7.3366169929504395
3.155768871307373 3.8317028541496256 4.192063331604004 8.742666244506836
3.0568995475769043 3.4161987260763453 2.8644073009490967 3.1922106742858887
3.2548322677612305 5.222489215719328 3.6145663261413574 5.0734429359436035
2.8506252765655518 5.792470811781676 3.7175984382629395 6.399374485015869
1.335563063621521 3.7632637321912625 3.7511091232299805 7.273333549499512
4.380253791809082 4.876618132590011 3.0460312366485596 3.414444923400879
3.4667699337005615 5.02713256996595 3.936044931411743 5.731846809387207
3.2257094383239746 6.135898820890816 4.142470359802246 7.493757247924805
2.7041516304016113 4.4968346024812575 4.212920188903809 8.636064529418945
5.253086090087891 6.2648242811161765 3.3032333850860596 3.7272632122039795
5.274769306182861 7.9737204932637695 4.392338752746582 6.658347129821777
3.7872629165649414 6.390686043230573 4.724393367767334 9.000406265258789
3.338322877883911 5.758381151287949 4.8368449211120605 10.497793197631836
4.146947383880615 4.651553279849395 1.517158031463623 1.5701478719711304
3.5404345989227295 5.534226084614147 1.7712459564208984 2.3063066005706787
2.558215618133545 5.278105481586863 2.0370185375213623 3.1457982063293457
2.65960431098938 5.217956707920806 2.187417507171631 3.7180585861206055
4.5597357749938965 5.2755172234973315 1.5813488960266113 1.6375077962875366
3.9660096168518066 6.32111123828949 1.862735629081726 2.45704984664917
2.437751293182373 3.2882188971126753 2.1591007709503174 3.41180419921875
1.9420515298843384 3.155125950650472 2.326512336730957 4.068573951721191
5.181183338165283 6.250567872630022 1.672408938407898 1.732347846031189
4.403144359588623 6.756809333784858 1.9913361072540283 2.6663706302642822
2.9491958618164062 5.328434124967146 2.32917857170105 3.7759459018707275
3.0464565753936768 4.58608045077872 2.5190658569335938 4.542724609375
5.023719787597656 5.701490490328736 1.7887582778930664 1.8634299039840698
3.8362507820129395 6.171960847289938 2.087146520614624 2.778878688812256
3.3253157138824463 5.5709603864120805 2.3810296058654785 3.818317413330078
2.155822992324829 3.2424248784914766 2.539357900619507 4.520198345184326
5.490499019622803 6.435986374278855 1.8730143308639526 1.953535795211792
4.605345249176025 6.679702897965592 2.2220540046691895 3.017326593399048
2.763662576675415 4.911528549794042 2.5700230598449707 4.257396697998047
2.3696513175964355 3.2802472784296697 2.7560954093933105 5.100305557250977
6.210851669311523 7.43974118431332 1.9975677728652954 2.0851449966430664
5.043603897094727 8.051235786831775 2.4162542819976807 3.3547863960266113
3.0273735523223877 4.904205199642426 2.836674213409424 4.869297504425049
2.9529759883880615 6.276738004119063 3.058955430984497 5.901211738586426
5.297232151031494 6.1122861599829434 2.21640682220459 2.3257877826690674
3.2118449211120605 4.362492416737398 2.477325916290283 3.365723133087158
3.258330821990967 5.3020481797520915 2.7320640087127686 4.522393226623535
1.7625706195831299 3.191041196357901 2.8725357055664062 5.302722930908203
6.001420974731445 7.034574697340304 2.3077614307403564 2.430325508117676
4.339730739593506 6.4310264710218625 2.6514062881469727 3.701159715652466
3.3183207511901855 5.776650099526606 2.9880478382110596 5.148684024810791
2.18025279045105 3.5673804982998263 3.167342185974121 6.125101089477539
6.876373291015625 8.308135999206542 2.4530835151672363 2.588822364807129
5.393174171447754 7.5243046290038365 2.910189151763916 4.183335304260254
4.307450294494629 8.135261656837201 3.354578733444214 6.033337593078613
3.933629274368286 5.6070647229594 3.5825774669647217 7.275358200073242
4.070165634155273 4.505719489348962 2.2990124225616455 2.6168437004089355
2.999070405960083 5.114771159387942 3.090855836868286 4.3173370361328125
2.870389461517334 4.49966716412564 3.056166648864746 5.183205604553223
2.591158628463745 4.33781697857377 3.1449167728424072 5.954428672790527
4.08800745010376 4.4304072508341505 2.4262962341308594 2.7742984294891357
3.1152751445770264 4.698387981908638 3.3068387508392334 4.785185813903809
2.2362072467803955 4.091105676007189 3.368213653564453 5.981828212738037
2.3517842292785645 4.568853015477998 3.505519151687622 6.9871745109558105
5.039139270782471 5.576518641720895 2.6208229064941406 3.00404953956604
4.877238750457764 8.101774244973058 3.6292898654937744 5.450138568878174
3.9679808616638184 5.3220631347812315 3.822617530822754 7.1194329261779785
3.5408639907836914 4.306613013419337 4.017141819000244 8.445700645446777
3.948747158050537 4.596680522669715 1.6318608522415161 1.689780354499817
3.9259424209594727 6.893624568602263 1.9323674440383911 2.5102264881134033
2.9102237224578857 5.977208308570966 2.206167697906494 3.3595612049102783
2.138995409011841 4.101041416538834 2.3555314540863037 3.915311574935913
4.293173789978027 5.288442791861144 1.7060481309890747 1.7692102193832397
4.1013007164001465 6.993945692950859 2.0428130626678467 2.6933014392852783
2.7186837196350098 5.608685301604027 2.3516578674316406 3.672959327697754
2.996203899383545 5.353653903919621 2.5196142196655273 4.322480201721191
5.018221855163574 6.283594772695324 1.809832215309143 1.8806769847869873
3.937051773071289 7.585839331830755 2.1950290203094482 2.9422926902770996
4.142000198364258 5.583532224144278 2.5491294860839844 4.091731071472168
3.2149195671081543 5.843950061028458 2.740048408508301 4.8615922927856445
4.647806167602539 5.544027923434214 2.022719144821167 2.1107358932495117
3.7288968563079834 5.610973080062308 2.398088216781616 3.175626277923584
2.682063579559326 5.4324231090971296 2.704568862915039 4.264276027679443
2.946977138519287 5.937066095897004 2.851649284362793 4.964925289154053
5.1416544914245605 6.298967299368215 2.12258243560791 2.216174840927124
4.592430114746094 7.270459683754098 2.5680696964263916 3.4707729816436768
2.744749069213867 5.8224535267679585 2.935950517654419 4.793594837188721
2.3517041206359863 4.869623549930566 3.1132009029388428 5.655265808105469
6.061607360839844 7.66132258864684 2.2663795948028564 2.370634078979492
5.213623523712158 7.359787439747379 2.8053181171417236 3.8831048011779785
4.105522632598877 8.140695367936004 3.2531402111053467 5.516714572906494
3.9362995624542236 6.298197014878893 3.467658519744873 6.5888237953186035
4.905832290649414 5.849160669333855 2.57913875579834 2.6851742267608643
3.9356260299682617 6.8495027129956725 2.9751555919647217 4.019469261169434
2.9938809871673584 5.311684532482218 3.249128580093384 5.287021636962891
2.455345630645752 4.696491240973494 3.3604514598846436 6.07890510559082
5.677490234375 6.840554935297263 2.691729784011841 2.8236658573150635
4.0474677085876465 6.7432730105020084 3.207395553588867 4.461912631988525
3.584425449371338 6.216325183673007 3.57438063621521 6.068354606628418
2.947988986968994 4.595568652119027 3.724526882171631 7.085777282714844
6.779125690460205 8.181862819262221 2.867220163345337 3.0289177894592285
5.028554916381836 7.786372912812357 3.543898344039917 5.0881829261779785
3.419724225997925 5.155785652350119 4.025142669677734 7.150581359863281
3.6053924560546875 7.096373160048529 4.222277641296387 8.463869094848633
2.8977582454681396 3.226856170049359 2.736063241958618 3.051903009414673
3.6183271408081055 5.84862352073651 3.657651662826538 5.0783305168151855
2.924464702606201 4.9755583219096025 3.7618186473846436 6.279547691345215
1.3116708993911743 2.1116971990828546 3.800625801086426 7.0676116943359375
4.941879749298096 5.312615472906387 2.8958194255828857 3.261157274246216
2.747443914413452 3.510975998703472 3.9643547534942627 5.7051262855529785
2.3635799884796143 4.186783849916992 4.170878887176514 7.307175636291504
2.3472845554351807 3.8331723795208745 4.253878593444824 8.362218856811523
4.706371784210205 5.007078731460155 3.1347081661224365 3.5625622272491455
5.305727005004883 7.97233617160623 4.409313201904297 6.59839391708374
4.290367126464844 7.126422286720754 4.7463579177856445 8.741851806640625
3.6145777702331543 6.0076645449266834 4.878132343292236 10.147052764892578
3.5022544860839844 4.064087477142721 1.4709103107452393 1.5277276039123535
3.190613031387329 5.878234057752422 1.743661880493164 2.3037383556365967
2.8217504024505615 4.778854109607547 2.0053508281707764 3.122873306274414
2.449589967727661 5.10848720794101 2.1547958850860596 3.666282892227173
3.9455816745758057 4.88694092120727 1.5276597738265991 1.5881130695343018
3.666738271713257 6.171632939607321 1.8278353214263916 2.440617799758911
3.089657783508301 6.288367331254406 2.122629165649414 3.3742997646331787
2.7008278369903564 5.818420913861289 2.2923619747161865 4.005604267120361
4.592141151428223 5.881171458624635 1.6046454906463623 1.6705743074417114
4.355246067047119 8.066349854300814 1.9412860870361328 2.628154993057251
3.776198148727417 7.049761202529282 2.2794458866119385 3.7157187461853027
3.7276482582092285 7.322592663426917 2.4749724864959717 4.463294506072998
4.175091743469238 4.900222801761286 1.744793176651001 1.820048213005066
3.7491772174835205 6.730967481714515 2.066221237182617 2.7797417640686035
2.6374571323394775 5.443540279016247 2.351834774017334 3.7850658893585205
1.6482652425765991 2.676831106539648 2.4980313777923584 4.43218469619751
4.7739481925964355 5.879763564947083 1.8202966451644897 1.9007858037948608
3.6540699005126953 6.075746641322212 2.1912903785705566 2.995025396347046
3.6282761096954346 7.005980350278833 2.534876823425293 4.200021266937256
3.0120863914489746 5.640766583407469 2.713648557662964 4.991013050079346
5.636287689208984 7.191152870338698 1.923731803894043 2.0127148628234863
4.7905473709106445 8.693676144519525 2.361764669418335 3.2950422763824463
4.393899440765381 6.3657063742239615 2.782999277114868 4.774772644042969
3.7640466690063477 6.668544979055596 3.00494647026062 5.763071060180664
4.385140895843506 5.197461045718497 2.1852777004241943 2.284909248352051
3.5874547958374023 5.808524366148333 2.489739418029785 3.4115405082702637
2.995518445968628 6.031344411475402 2.7305219173431396 4.521466255187988
2.012122869491577 2.9814231332947543 2.839963912963867 5.211508274078369
5.287055015563965 6.428378997178746 2.2662665843963623 2.379727363586426
4.220706939697266 7.112537214796703 2.6525120735168457 3.7150521278381348
3.838395833969116 5.2509722933207 2.9826858043670654 5.121749401092529
3.028245687484741 5.949986763555156 3.136162042617798 6.008620738983154
6.274943828582764 7.913473102789268 2.3830158710479736 2.5140597820281982
4.347326755523682 7.895417270434495 2.8818864822387695 4.146855354309082
3.965916633605957 6.345377588918382 3.329584836959839 5.966172695159912
3.4888861179351807 5.020858813923035 3.541841506958008 7.127678394317627
3.1395931243896484 3.5597855532165568 2.205087661743164 2.4934873580932617
3.2510743141174316 5.105178421629148 3.1984002590179443 4.479712009429932
3.4173524379730225 6.319586239517449 3.1075077056884766 5.267203330993652
2.461728572845459 4.704418703501872 3.134803533554077 5.894639492034912
4.686504364013672 5.267684550734856 2.3193883895874023 2.636486530303955
3.7834560871124268 6.924864788047444 3.4007883071899414 4.945565223693848
3.364731788635254 4.535548290572629 3.4191269874572754 6.04578161239624
3.221842050552368 5.27758296402936 3.501065492630005 6.907059669494629
5.696185111999512 6.5775124686888375 2.4839203357696533 2.836714029312134
5.265953063964844 6.7058247881954 3.6852030754089355 5.580873012542725
3.161653995513916 6.131019571892214 3.856865882873535 7.156245231628418
3.396150827407837 6.865931906230816 4.007867336273193 8.342851638793945
4.082757949829102 4.384541146837819 1.5840842723846436 1.6214797496795654
3.7345781326293945 5.8460066310390175 1.8258517980575562 2.310758590698242
2.951961040496826 5.352788237111485 2.074448585510254 3.109011173248291
3.109147787094116 4.851095944791435 2.2135534286499023 3.6568729877471924
4.434224605560303 5.012492383694621 1.6525237560272217 1.6951556205749512
3.4820070266723633 5.825330312805363 1.9244768619537354 2.467817544937134
2.8688268661499023 5.6876368221874145 2.2066967487335205 3.3808155059814453
2.9578094482421875 4.507367885963021 2.3646204471588135 4.019128322601318
5.060724258422852 6.112179070823942 1.747509241104126 1.7960258722305298
4.322037220001221 6.17074787807974 2.0613532066345215 2.681889772415161
3.3801753520965576 6.555510018427412 2.3894355297088623 3.7550880908966064
3.0122501850128174 4.488038046417387 2.571498394012451 4.515792369842529
4.8105621337890625 5.254112404075484 1.9705023765563965 2.0050177574157715
3.2875170707702637 4.598218234503804 2.265997886657715 2.9023218154907227
3.156590700149536 5.524887257123453 2.5350656509399414 3.9233410358428955
1.8569339513778687 2.872467744845153 2.66450572013855 4.604972839355469
5.330229759216309 6.140690914282175 2.0609288215637207 2.1052603721618652
4.539836883544922 6.570665252839525 2.4151809215545654 3.1589601039886475
3.799207925796509 6.6428278032387205 2.744358777999878 4.390318393707275
3.440600633621216 5.839189601158296 2.904390573501587 5.2266926765441895
6.119909286499023 7.363554626232851 2.1908328533172607 2.2473433017730713
5.7650837898254395 8.728723426874339 2.627856492996216 3.518148899078369
3.0142946243286133 4.456593382463552 3.040496587753296 5.045901298522949
3.853034257888794 5.910618759595446 3.2409133911132812 6.096202850341797
5.054152011871338 5.599379905659816 2.532595157623291 2.5747697353363037
2.9167542457580566 3.7000945022088274 2.8592257499694824 3.7223966121673584
3.226008653640747 5.3865943492820065 3.080160617828369 4.91439962387085
2.5532867908477783 3.7126662664762478 3.1557233333587646 5.6681928634643555
5.855186462402344 6.761210142909022 2.644840717315674 2.696927785873413
3.7754273414611816 6.614327322196459 3.0686306953430176 4.109487056732178
2.13480281829834 4.087461661192037 3.374999761581421 5.6198344230651855
3.405532121658325 5.391227511844136 3.4902098178863525 6.590273857116699
6.825436115264893 8.125023059870607 2.8093669414520264 2.8786728382110596
5.969170093536377 9.126555831440342 3.3726963996887207 4.6603288650512695
4.7649922370910645 7.396484786204471 3.7995195388793945 6.624155044555664
3.608954906463623 6.455348688316192 3.9678449630737305 7.89743185043335
4.189897537231445 4.554631162155147 2.74776291847229 2.9587080478668213
3.950167179107666 5.582049831551714 3.591806650161743 4.911351680755615
3.378791093826294 5.1507250117665535 3.6367619037628174 5.988665580749512
1.3679786920547485 2.333131859361856 3.609762668609619 6.68532133102417
3.2439804077148438 3.8776650297738584 2.905052900314331 3.14717960357666
4.192721843719482 6.286549252615032 3.8774685859680176 5.484064102172852
3.2235560417175293 4.904505457868822 4.016341686248779 6.945905685424805
2.5046801567077637 3.709853738512521 4.030078887939453 7.891993999481201
5.629523754119873 6.267474295129091 3.129654884338379 3.4190967082977295
5.081972599029541 7.772490504482903 4.289170265197754 6.298491954803467
4.328549861907959 6.614814237688847 4.566769599914551 8.309545516967773
3.6907758712768555 5.767944843269705 4.636087894439697 9.614141464233398
3.7475459575653076 4.338571410301938 1.535300612449646 1.5919246673583984
3.36967396736145 5.652613065489807 1.7753942012786865 2.33158540725708
2.851389169692993 5.269417376677779 1.982922077178955 3.112931728363037
2.4305572509765625 4.511320392184388 2.093735933303833 3.6278750896453857
4.263733863830566 5.122888225539292 1.6060799360275269 1.6633981466293335
3.029857873916626 5.645824908390637 1.8757206201553345 2.485386610031128
3.085005044937134 4.654752566222196 2.1081981658935547 3.372032642364502
2.60072922706604 3.959830367601171 2.2286794185638428 3.959254264831543
4.98256778717041 6.152352601280478 1.7061959505081177 1.7665762901306152
4.236052513122559 7.235160944910149 2.0161054134368896 2.7006685733795166
2.8371570110321045 5.152843229155678 2.281433582305908 3.722856283187866
3.352839946746826 6.411279385642123 2.4138424396514893 4.399693965911865
4.328283309936523 5.092270868031619 1.8598064184188843 1.946572184562683
3.1783766746520996 5.405189950379281 2.123802423477173 2.862342596054077
2.811418294906616 5.4456330158540815 2.312117576599121 3.7845685482025146
2.5808792114257812 4.098199072899122 2.39959716796875 4.373044967651367
4.9929518699646 6.015299547353731 1.9552239179611206 2.0428645610809326
3.9973397254943848 6.21811049958626 2.2752861976623535 3.108774423599243
2.9992740154266357 5.733437680114264 2.5072078704833984 4.21338415145874
2.57357120513916 5.208286190738178 2.608811855316162 4.917232513427734
5.946433067321777 7.408499728401154 2.095940351486206 2.187481641769409
4.3671159744262695 6.652331189843039 2.4927825927734375 3.4631454944610596
2.8963189125061035 5.942139830280894 2.78342866897583 4.8121538162231445
3.3926873207092285 6.444607905688372 2.9026389122009277 5.665409088134766
4.5177812576293945 5.336041448914642 2.3676071166992188 2.468060255050659
4.112182140350342 7.0571603174593065 2.5651979446411133 3.551105260848999
3.1745381355285645 5.787203915905124 2.6551389694213867 4.517903804779053
2.1103627681732178 4.7801738919062515 2.6893627643585205 5.112608909606934
5.456399917602539 6.5111485719933455 2.4786767959594727 2.5984764099121094
4.359888553619385 6.365426491534777 2.7685534954071045 3.91951847076416
3.1190011501312256 5.316851687683368 2.9223861694335938 5.137407302856445
3.29962420463562 5.735168460771675 2.9734268188476562 5.88250207901001
6.644899368286133 8.265617904185376 2.6511385440826416 2.7922616004943848
5.232023239135742 8.332446560414155 3.069061279296875 4.449081897735596
4.151971817016602 6.970454743577363 3.3075177669525146 6.01945161819458
3.645009756088257 6.339108453899371 3.379188299179077 6.966208457946777
3.8493969440460205 4.443449266435152 2.480628728866577 2.8312623500823975
2.8040101528167725 4.572284598781621 3.1566317081451416 4.468165397644043
1.9155826568603516 2.8131467868869606 2.970028877258301 5.216862678527832
2.464092969894409 4.14465883277046 2.9260244369506836 5.740780353546143
4.094017505645752 4.371147796800756 2.6340725421905518 3.0154378414154053
3.9122846126556396 6.347653061849911 3.422974109649658 5.013389587402344
3.0416133403778076 5.890820695979983 3.3012521266937256 6.026566505432129
3.078482151031494 5.111729769343981 3.2736425399780273 6.709742069244385
4.950735092163086 5.303748709571664 2.8642845153808594 3.2872560024261475
5.274513244628906 7.132890784821257 3.816019058227539 5.7860918045043945
4.044239521026611 6.442404649053174 3.7848641872406006 7.185312271118164
3.3439443111419678 5.69219120214089 3.775575637817383 8.093936920166016
3.844104528427124 4.489139815967619 1.6512818336486816 1.6955732107162476
3.2190892696380615 5.929997034279893 1.8800709247589111 2.470278739929199
2.798830986022949 4.5791163301637425 2.103980302810669 3.341991662979126
2.8075525760650635 5.433622747139179 2.2383475303649902 3.922269344329834
4.372184753417969 5.357872424437563 1.7341609001159668 1.7830394506454468
3.03814435005188 4.833854257225731 2.006042003631592 2.664494276046753
2.6353671550750732 5.510940325932808 2.270479679107666 3.662290573120117
2.682922601699829 5.314392541245411 2.425015926361084 4.327951431274414
5.050646781921387 6.24225246427784 1.8514807224273682 1.9072185754776
4.806068420410156 7.881894896258528 2.180190324783325 2.9373440742492676
4.156841278076172 7.9972567845278775 2.495441198348999 4.111089706420898
3.294097900390625 5.277989121684868 2.674280881881714 4.897078514099121
4.585009574890137 5.344078334364532 2.0792922973632812 2.1246979236602783
4.192901611328125 6.43078985502936 2.343198776245117 3.1333796977996826
2.5992212295532227 5.140347555422352 2.555992364883423 4.218469619750977
2.4106082916259766 4.934741383982271 2.6737544536590576 4.935105800628662
5.221956729888916 6.259103541312925 2.1896262168884277 2.243419885635376
4.338072299957275 6.598963655136004 2.533463954925537 3.453291893005371
3.7504379749298096 6.839979860479616 2.813746213912964 4.765100955963135
3.6749024391174316 6.82408328244901 2.9620375633239746 5.626933574676514
6.07510232925415 7.445019611834866 2.3534188270568848 2.420300245285034
4.59633731842041 8.092412934483491 2.8058574199676514 3.9142513275146484
4.404212474822998 7.446513629751024 3.1730237007141113 5.544680595397949
3.6152875423431396 6.442983111988269 3.3586196899414062 6.611313819885254
4.8272833824157715 5.723545927766509 2.706235647201538 2.755573034286499
3.471297264099121 5.1562205906705785 2.9516441822052 4.003325462341309
3.339552402496338 5.723387376522984 3.0607330799102783 5.193638324737549
2.497699499130249 4.343704847562094 3.117983818054199 5.974677562713623
5.644808292388916 6.73948320590398 2.836367130279541 2.9052865505218506
3.601332426071167 5.688319327691502 3.209860324859619 4.4784955978393555
3.5033369064331055 5.270583461330716 3.4131410121917725 5.992420196533203
3.2139949798583984 6.408200998390516 3.5084643363952637 6.9728875160217285
6.59249210357666 7.981919934910991 3.0418331623077393 3.137396812438965
4.242949485778809 6.909790354835565 3.5938122272491455 5.176517486572266
4.483893394470215 7.175746692604093 3.9166691303253174 7.154524803161621
3.7773234844207764 5.9552087293777465 4.057269096374512 8.414907455444336
3.8713784217834473 4.412363965865211 2.968240737915039 3.241814136505127
3.5492777824401855 5.165178986721145 3.6865596771240234 5.155688762664795
3.336062431335449 5.907317879308266 3.5503451824188232 6.1487507820129395
2.70398211479187 4.29642019808675 3.505636692047119 6.883631229400635
4.834453582763672 5.435770467265456 3.1544389724731445 3.468212127685547
3.7235987186431885 6.238692539551749 4.020172119140625 5.803891181945801
3.54575514793396 4.767008277544392 3.986787796020508 7.178221225738525
3.2249915599823 5.649584414003982 3.9822964668273926 8.144292831420898
5.221228122711182 5.836789061187176 3.4373512268066406 3.8120598793029785
5.390828609466553 6.647727348086391 4.522754669189453 6.770662307739258
4.436811923980713 7.821130134125025 4.621984958648682 8.696183204650879
3.6188294887542725 5.420388333029758 4.66242790222168 9.992545127868652
4.220295429229736 4.61039626827062 1.5920237302780151 1.6294958591461182
3.7590692043304443 6.021527990304321 1.8133209943771362 2.290188789367676
2.9455840587615967 5.214733037105763 2.0609240531921387 3.119312286376953
2.2783753871917725 4.621063060494521 2.21099853515625 3.7113735675811768
4.679970741271973 5.242211831465898 1.6696382761001587 1.7112081050872803
3.7767186164855957 5.162031535707044 1.9216392040252686 2.455110788345337
3.249598979949951 5.1765507639291 2.2027807235717773 3.4053447246551514
3.0119128227233887 5.887997770604613 2.370347499847412 4.08759069442749
5.169210910797119 6.254207912234449 1.7842488288879395 1.8313673734664917
5.112783432006836 8.58349942640919 2.0764214992523193 2.691344738006592
2.9409921169281006 5.1259514178918195 2.4002223014831543 3.805018186569214
3.674438714981079 5.872670631525551 2.589198112487793 4.60378885269165
5.013352870941162 5.555560244991057 1.9339277744293213 1.9777424335479736
3.733924388885498 5.895153858704077 2.189976453781128 2.814535140991211
3.761072874069214 6.950126933650893 2.4576456546783447 3.860750913619995
2.695667028427124 4.352165201975367 2.6105763912200928 4.598957538604736
5.57236909866333 6.354980422742528 2.039811849594116 2.0915892124176025
4.075666904449463 5.826220779794056 2.353257656097412 3.080899238586426
2.8931708335876465 4.182894503662283 2.680037498474121 4.3394293785095215
2.668686866760254 4.62773013001015 2.8607141971588135 5.228877067565918
6.207029819488525 7.424488620968816 2.2056565284729004 2.268350124359131
5.286493301391602 7.860450761703646 2.596557855606079 3.4771502017974854
4.056131839752197 7.751815428032472 2.9990153312683105 5.029869556427002
3.5291707515716553 5.375318309800605 3.2138497829437256 6.12031364440918
5.231706619262695 5.864173173667012 2.4683403968811035 2.5093491077423096
4.1275248527526855 6.172602683218997 2.6706669330596924 3.4832818508148193
3.200049877166748 5.924874221207006 2.882362127304077 4.6765031814575195
2.2142648696899414 4.427069394576392 3.007441520690918 5.51544713973999
5.968846321105957 6.89760411104578 2.591829538345337 2.647883892059326
4.775834560394287 7.140343813684861 2.8912785053253174 3.870763063430786
2.760103464126587 4.915577138010008 3.190619707107544 5.377295970916748
3.9541544914245605 6.526302259662998 3.3527092933654785 6.425634384155273
6.874419212341309 8.25465683561599 2.8015003204345703 2.8777639865875244
5.536430835723877 8.727033379602965 3.23065185546875 4.464199542999268
3.415971040725708 6.547140441375291 3.6425209045410156 6.404897689819336
3.627927303314209 6.470672182062003 3.8479413986206055 7.733550071716309
3.121650457382202 3.394581389840141 2.5186970233917236 2.7494637966156006
4.1212639808654785 6.3339569534410884 3.3551297187805176 4.514672756195068
3.4939768314361572 6.097774085903337 3.2905166149139404 5.478122234344482
2.623401403427124 3.6200828355843413 3.3483097553253174 6.324798107147217
5.234107971191406 5.41959533169711 2.6827988624572754 2.944000720977783
4.534438610076904 6.910855231526398 3.6347248554229736 5.054675579071045
4.324356555938721 6.906432222198987 3.678884983062744 6.402871131896973
3.390019178390503 5.534130526791102 3.778744697570801 7.497092247009277
5.437608242034912 6.229889883410408 2.940985679626465 3.2457780838012695
5.570491790771484 8.166482270427196 4.075722694396973 5.877432346343994
4.642108917236328 6.877858143438758 4.255940914154053 7.767202377319336
3.0341761112213135 5.388093741536608 4.401134014129639 9.18802547454834
3.8262808322906494 4.641951968592025 1.6550577878952026 1.7044246196746826
3.7768642902374268 6.643350883576943 1.9196946620941162 2.498337745666504
3.017585277557373 5.599061878245038 2.184145450592041 3.4064340591430664
1.4376412630081177 2.6392375983597276 2.3244073390960693 3.989398241043091
4.211023807525635 5.306978976768832 1.7260102033615112 1.7821099758148193
3.533200263977051 5.663488184576636 2.0278639793395996 2.687408924102783
2.886920690536499 5.448524559566238 2.332432746887207 3.7496871948242188
2.4177756309509277 4.087960309768235 2.493776559829712 4.437342643737793
4.880578517913818 6.192280313131917 1.8232917785644531 1.8864625692367554
4.1492414474487305 7.669982091611189 2.1746466159820557 2.9403624534606934
3.544004201889038 6.354569119769877 2.530900478363037 4.210261821746826
3.808054208755493 6.7044355688015 2.7181754112243652 5.037728786468506
4.631344318389893 5.623821723237995 2.055328369140625 2.1183061599731445
2.100111722946167 3.0680736616984916 2.386775493621826 3.176126003265381
2.6020724773406982 5.129881380937604 2.6810643672943115 4.35564661026001
1.8287708759307861 3.7490952857650086 2.8141160011291504 5.0790510177612305
5.206711292266846 6.485223765940087 2.1453006267547607 2.219749927520752
3.812124729156494 7.0451800106428095 2.549015760421753 3.483715772628784
2.589782238006592 3.732112620414455 2.9158236980438232 4.938133716583252
3.3488473892211914 6.397790245061408 3.084217071533203 5.840386390686035
5.929437160491943 7.471830777775722 2.2724499702453613 2.360760450363159
4.72865104675293 7.74880940769259 2.773413896560669 3.90566349029541
4.208823204040527 6.814927733152217 3.2352371215820312 5.736912250518799
3.5069665908813477 6.973099128813374 3.4475491046905518 6.880276679992676
4.825503826141357 5.891194603940676 2.6155595779418945 2.68782377243042
3.330083131790161 5.869164020160952 2.9673914909362793 4.043358325958252
2.9893171787261963 5.621142976562111 3.2228121757507324 5.430508613586426
1.166311502456665 1.776586020811294 3.312455415725708 6.232003688812256
5.645667552947998 6.98426518503754 2.7218685150146484 2.821432113647461
3.539837121963501 6.316453595193593 3.193585157394409 4.507996559143066
3.237868309020996 4.923108308533152 3.5533759593963623 6.297518730163574
3.2518699169158936 6.042583617932177 3.689762592315674 7.349093437194824
6.503896713256836 8.145190946288494 2.876617908477783 3.0044212341308594
4.239141464233398 6.595250510504684 3.510286808013916 5.153388977050781
4.39716100692749 7.593976018358688 4.007681369781494 7.504329204559326
3.3186144828796387 4.870014236480948 4.202986240386963 8.89418888092041
4.077220916748047 4.849145940532942 2.766660451889038 3.00403094291687
3.005115270614624 5.363281629838468 3.6517834663391113 5.131676197052002
2.4911234378814697 4.438909035135286 3.7286205291748047 6.4712419509887695
2.7739715576171875 5.156907945952071 3.7406442165374756 7.255059719085693
4.832052707672119 5.621531171572718 2.9244041442871094 3.2045083045959473
4.496226787567139 6.2260789118518005 3.947000026702881 5.782966136932373
2.8824102878570557 4.990089238063867 4.150961399078369 7.626057147979736
2.3968307971954346 4.197181170332328 4.214153289794922 8.701702117919922
4.99510383605957 5.774477531747834 3.1479005813598633 3.4819557666778564
3.6330461502075195 5.683069962432157 4.367728233337402 6.711595058441162
3.1098127365112305 5.900725271074407 4.733743667602539 9.244194030761719
3.5559756755828857 5.708629752845582 4.861079692840576 10.715435981750488
3.963059186935425 4.618959228938859 1.4277870655059814 1.4632474184036255
3.153942108154297 5.664139563968092 1.648610234260559 2.0907278060913086
2.6507015228271484 5.048915195959822 1.8988136053085327 2.8833889961242676
2.2460012435913086 4.41539700611213 2.0557925701141357 3.4584858417510986
4.257928371429443 5.105551662904702 1.487606167793274 1.5279358625411987
4.436093807220459 7.172456226676331 1.7325341701507568 2.226947546005249
3.455719232559204 6.062051858546397 2.012523651123047 3.1187617778778076
3.0985682010650635 5.683228001868542 2.1882479190826416 3.7690441608428955
4.9007954597473145 5.988700247995325 1.572474718093872 1.618940830230713
4.823433876037598 7.084347047508004 1.8502508401870728 2.417498826980591
3.573981761932373 6.116036108925556 2.1697566509246826 3.4459543228149414
3.6986215114593506 6.545073393652046 2.3697917461395264 4.1965765953063965
4.744442462921143 5.625481217439912 1.6453771591186523 1.6815205812454224
2.8795526027679443 4.512060210424579 1.9155550003051758 2.4699010848999023
3.5107061862945557 6.370590277383087 2.2111330032348633 3.4744765758514404
2.9107353687286377 5.02321631507516 2.3864846229553223 4.19340181350708
5.233111381530762 6.282459715920368 1.7265141010284424 1.7727572917938232
3.400322437286377 6.475644942010945 2.0377161502838135 2.6817145347595215
3.3658599853515625 6.6196255576447385 2.383469820022583 3.857694625854492
2.563532829284668 5.56168361056136 2.5896353721618652 4.705761909484863
6.0566864013671875 7.384381177660844 1.8450180292129517 1.903471827507019
5.460683822631836 8.332095089664039 2.213602066040039 2.9852356910705566
3.6335909366607666 6.138086537193367 2.6286911964416504 4.404960632324219
2.9192447662353516 4.313732804591552 2.8764407634735107 5.431747913360596
4.993844985961914 5.973581350113099 2.0148837566375732 2.0073463916778564
5.098796367645264 8.438418580745463 2.2817330360412598 2.9592959880828857
3.1492726802825928 6.063809698223693 2.5695149898529053 4.144478797912598
2.30735182762146 4.807935066199635 2.7337353229522705 4.970648288726807
5.830560207366943 6.9703219959815215 2.1047630310058594 2.121483564376831
4.7068257331848145 7.616793957060338 2.4379630088806152 3.2567124366760254
4.291971206665039 7.920466630905438 2.800762176513672 4.695072650909424
3.133293628692627 6.382792723330965 3.007814645767212 5.703310966491699
6.8639984130859375 8.436173855446098 2.243687152862549 2.2866289615631104
5.311915874481201 8.512147372003241 2.6696600914001465 3.6906862258911133
4.620440483093262 7.828716289229881 3.1368536949157715 5.494552135467529
2.807065963745117 5.4263026080298005 3.4030985832214355 6.7617950439453125
3.508521318435669 4.005629899349628 2.0393733978271484 2.2939531803131104
3.7344841957092285 6.5096368903219854 2.9479732513427734 3.892622232437134
3.5093252658843994 5.863213058063707 2.9652042388916016 4.877885341644287
2.868461847305298 5.487909731430958 3.0586373805999756 5.697333335876465
4.2233567237854 4.620045182502736 2.1646344661712646 2.44697642326355
4.678947448730469 8.108948996250444 3.2021517753601074 4.369715690612793
3.827892541885376 6.826650474033954 3.2527191638946533 5.599391460418701
2.683081865310669 5.84841182335018 3.3947763442993164 6.634500026702881
4.203623294830322 4.547513080523004 2.3488423824310303 2.672044277191162
4.343801021575928 7.778445049242208 3.5276267528533936 5.079546928405762
4.069504261016846 6.619234609709404 3.673534870147705 6.657270908355713
3.2805635929107666 5.402491735610802 3.8846633434295654 8.001752853393555
4.152814865112305 4.614753003579608 1.6530332565307617 1.7008017301559448
3.7236907482147217 6.042533195890542 1.9330874681472778 2.4656057357788086
2.933751106262207 5.168124574456856 2.219717025756836 3.360246419906616
2.8468239307403564 4.8071835687158 2.3767526149749756 3.970141649246216
4.298787593841553 5.005434839572445 1.7287087440490723 1.7824628353118896
3.267681360244751 5.66361627967251 2.047945737838745 2.6590893268585205
3.5269994735717773 5.844157566635886 2.3790371417999268 3.7095181941986084
2.4292707443237305 3.792203581438116 2.5615103244781494 4.430063247680664
4.688262462615967 5.729391892236023 1.8336749076843262 1.8963314294815063
4.1204118728637695 7.04679057805572 2.205836534500122 2.9265193939208984
3.7877910137176514 7.188265780520797 2.595581293106079 4.191736698150635
3.584064245223999 6.2218853255100015 2.8097727298736572 5.065701007843018
4.632727146148682 5.259627529051272 2.0366568565368652 2.107809543609619
4.5499796867370605 6.989491812999048 2.4003138542175293 3.127082347869873
2.7272188663482666 4.875632104286569 2.744371175765991 4.317258358001709
2.7494382858276367 5.145602184256404 2.911304473876953 5.109968185424805
5.081793308258057 5.9896802318505 2.135772466659546 2.215329885482788
4.385447025299072 7.244350385491428 2.5771372318267822 3.44388747215271
3.686246871948242 6.7605517270713875 3.0030972957611084 4.921576023101807
1.3962029218673706 3.0971575571049783 3.2130229473114014 5.909281253814697
5.460713863372803 6.626607567902508 2.277416229248047 2.3707590103149414
4.759091377258301 7.5725999826803445 2.824873447418213 3.8945748805999756
3.3820078372955322 5.1618288625603554 3.360187292098999 5.775967597961426
3.9641711711883545 6.557536640854725 3.6247968673706055 7.037263870239258
4.778864860534668 5.4667888682947705 2.5481646060943604 2.6402437686920166
3.8832695484161377 6.469005783624198 2.9764444828033447 3.9774553775787354
3.153477668762207 5.5326911385622 3.3246331214904785 5.422548770904541
2.41184139251709 4.563576048298273 3.469330310821533 6.350481033325195
5.189028739929199 6.230645183112529 2.660494565963745 2.7771217823028564
4.5092034339904785 6.672008890633606 3.219815731048584 4.456139087677002
3.042619228363037 6.224374686499073 3.695129156112671 6.3392415046691895
2.6046650409698486 4.391292830089029 3.898799180984497 7.548869609832764
5.905306339263916 7.239361479701415 2.832204818725586 2.979785203933716
4.4232916831970215 6.491678747678646 3.5759894847869873 5.153618335723877
4.602701187133789 5.717249173074947 4.216198444366455 7.6586689949035645
3.8698410987854004 5.994290996065958 4.492347240447998 9.256961822509766
3.3947105407714844 3.992397672127254 2.7366809844970703 3.0275909900665283
3.1280715465545654 5.349329257916137 3.626303195953369 5.062051773071289
2.8052871227264404 4.779657244919486 3.88063383102417 6.538724899291992
1.7001957893371582 3.2805869577823614 3.9601314067840576 7.476194858551025
3.8930435180664062 4.308283606756432 2.903127431869507 3.2425103187561035
3.9798731803894043 6.532345102845738 3.9459421634674072 5.737498760223389
3.508486032485962 6.43604012355911 4.34682035446167 7.73893928527832
2.762359857559204 5.326051682498473 4.500784397125244 9.037810325622559
5.270801544189453 5.742760758673455 3.1499130725860596 3.555811882019043
4.9976630210876465 8.35114910297807 4.416224956512451 6.734879970550537
3.853404998779297 6.5717539833195815 5.01970911026001 9.50358772277832
3.131624698638916 5.865570704276649 5.257357597351074 11.283096313476562
4.146498680114746 4.786348557370943 1.6188462972640991 1.6907944679260254
3.7279486656188965 5.830094456161124 1.9319262504577637 2.554337501525879
2.2471907138824463 3.207543958432325 2.21012020111084 3.439424514770508
3.040741443634033 5.188322667607789 2.356539249420166 4.035332679748535
4.3091230392456055 5.26813908135918 1.687003493309021 1.765516757965088
3.4149651527404785 6.000970821204861 2.0396318435668945 2.7434918880462646
2.4741601943969727 4.13933522154097 2.3569529056549072 3.776707410812378
2.7540712356567383 4.514161690121355 2.5240519046783447 4.479513645172119
4.64562463760376 5.801026452891165 1.782770037651062 1.869686245918274
2.8429324626922607 4.713972829957896 2.1885104179382324 2.9989705085754395
3.673232078552246 7.088774549825075 2.5577573776245117 4.232326984405518
3.5556347370147705 6.868373030312572 2.7522778511047363 5.0793328285217285
4.7075605392456055 5.49347837708433 1.9839632511138916 2.0953309535980225
3.4702584743499756 4.805934389932645 2.371652126312256 3.1973495483398438
2.947470188140869 4.8022171817199 2.692347288131714 4.330708026885986
2.82365345954895 4.359683808383316 2.8424923419952393 5.08522891998291
5.066291332244873 6.094193640305093 2.0707764625549316 2.1892430782318115
3.1778998374938965 5.256812655687545 2.531264066696167 3.4936842918395996
3.297182321548462 4.8558102836356625 2.9233827590942383 4.893507480621338
2.975027084350586 4.918619427127098 3.109736919403076 5.83634090423584
5.498283863067627 6.8028882461943 2.196721315383911 2.3271524906158447
3.7397642135620117 6.8837363923931925 2.756376266479492 3.9091122150421143
4.3159098625183105 5.455368199024775 3.245004892349243 5.677921772003174
3.6702675819396973 5.659272734886372 3.479578971862793 6.8760457038879395
4.915719985961914 5.739225581921801 2.4625113010406494 2.632113456726074
3.0552079677581787 4.987738011240253 2.8903558254241943 3.98714280128479
3.515592098236084 6.049392222705251 3.2099080085754395 5.321874141693115
3.0124316215515137 3.842635092254241 3.337233781814575 6.182607650756836
5.363568305969238 6.391515693301358 2.5658111572265625 2.7542927265167236
4.156767845153809 6.660222929651809 3.1135220527648926 4.428709506988525
3.419210433959961 5.795061407095432 3.537425994873047 6.149330139160156
2.9423108100891113 4.337582999371925 3.7125370502471924 7.27545166015625
6.081655025482178 7.422631682083559 2.721383571624756 2.934431791305542
5.348492622375488 8.31107493383388 3.4310944080352783 5.053891658782959
4.018860340118408 6.310855615491526 3.9955499172210693 7.324673652648926
3.7037811279296875 6.749880102821635 4.235785961151123 8.817118644714355
4.496364593505859 5.135122941843065 2.5520730018615723 2.897775173187256
3.197634696960449 5.258108175734435 3.474506378173828 4.832498550415039
3.101706027984619 4.753118515524804 3.6774191856384277 6.2517409324646
2.218902111053467 3.173790730952277 3.7604668140411377 7.149641990661621
4.502359390258789 4.9507236235287735 2.689117670059204 6.343045234680176
3.149724006652832 5.026060685288485 3.7648160457611084 5.456476211547852
3.0837714672088623 5.5277958636134485 4.102926731109619 7.361666679382324
2.7578656673431396 5.015969708152025 4.236227035522461 8.5609712600708
5.138497829437256 5.676951354807926 2.8995025157928467 3.311936140060425
3.454167127609253 5.330728342728406 4.181838512420654 6.368908882141113
3.9046993255615234 6.058335294509135 4.696356296539307 8.936022758483887
4.123809337615967 6.191004413695737 4.898869514465332 10.566170692443848
3.7917613983154297 4.241925704774985 1.6146879196166992 1.6580623388290405
3.722158670425415 5.770989799812639 1.8390740156173706 2.320709705352783
3.0064992904663086 4.4684889308949565 2.062302350997925 3.086920738220215
2.5288209915161133 4.245193704300846 2.188772201538086 3.6002933979034424
4.115419864654541 4.82587778695963 1.6889533996582031 1.735250473022461
2.868556022644043 4.816908214637813 1.9470683336257935 2.490697145462036
3.6611897945404053 6.188078960755661 2.2043862342834473 3.387122392654419
2.790330171585083 5.112791150052164 2.3473262786865234 3.990737199783325
4.742441177368164 5.878863694796905 1.7932549715042114 1.8443963527679443
4.522120475769043 7.236906281029114 2.097775936126709 2.723318576812744
3.9873321056365967 7.299493013623248 2.4023220539093018 3.793548583984375
3.0237245559692383 6.321970724302787 2.5679619312286377 4.516537189483643
4.166346073150635 4.720965764105358 1.9906857013702393 2.0557239055633545
4.012873649597168 5.998687600418066 2.269001007080078 2.9173457622528076
2.4868104457855225 4.089136092111872 2.508640766143799 3.887613296508789
2.1807188987731934 3.965336885711281 2.6215198040008545 4.514553546905518
4.791396141052246 5.720984841364679 2.093123435974121 2.1602895259857178
3.8278279304504395 6.615707159930807 2.437490701675415 3.1976089477539062
2.4611258506774902 3.4948932210922123 2.7387735843658447 4.400012969970703
2.9193379878997803 6.164511451399449 2.877969980239868 5.177670478820801
5.459843158721924 6.715778683624983 2.239717721939087 2.3137643337249756
4.0374908447265625 6.169362261260485 2.67673397064209 3.5923421382904053
3.7110188007354736 6.8833733734199996 3.0648558139801025 5.117579936981201
2.9824254512786865 5.996162853361284 3.2417216300964355 6.10390043258667
4.377188205718994 5.057579528536735 2.451333999633789 2.576963424682617
3.578200578689575 5.4845396908802115 2.7846574783325195 3.6651203632354736
2.4873504638671875 4.305470344654168 3.0005431175231934 4.80014705657959
2.044440746307373 2.798902500099757 3.072070837020874 5.4956135749816895
4.948134422302246 5.986425470532453 2.5846786499023438 2.7124273777008057
4.449155330657959 6.856310977477278 3.026309013366699 4.096924304962158
3.413501501083374 5.682140132500187 3.3322274684906006 5.576406955718994
3.59145188331604 6.4752778029542455 3.4372167587280273 6.478881359100342
5.916191101074219 7.309263281213994 2.7765438556671143 2.915701150894165
4.5892863273620605 7.471187879843001 3.3740227222442627 4.712534427642822
3.0383427143096924 5.652921103766857 3.8082377910614014 6.683499813079834
3.941840410232544 6.140259025016867 3.9606339931488037 7.879208087921143
3.116703748703003 3.4441111117388488 2.617835760116577 2.8896119594573975
2.9250144958496094 4.3147433075283885 3.376366138458252 4.589126110076904
2.7859413623809814 5.027360257443263 3.4719479084014893 5.702977180480957
2.232555866241455 3.444911247384331 3.4703025817871094 6.3870086669921875
4.407617568969727 4.930852775666949 2.7971155643463135 3.0879359245300293
2.4061055183410645 4.035563947729781 3.699711322784424 5.210909366607666
3.8523223400115967 6.249111153986008 3.9002022743225098 6.753800392150879
3.0478012561798096 5.771623705233651 3.935514211654663 7.6781816482543945
4.2917585372924805 4.713306483737362 3.0505099296569824 3.380031108856201
4.515637397766113 6.313579652712065 4.168078422546387 6.113428115844727
4.193121433258057 6.637334199126595 4.521316051483154 8.263835906982422
3.2942395210266113 5.38633374071305 4.607446193695068 9.533398628234863
4.054625988006592 4.539370391341436 1.4910309314727783 1.527026891708374
3.1746366024017334 5.353959499363327 1.7075188159942627 2.1335692405700684
2.632807731628418 4.43790755751894 1.9375110864639282 2.886200189590454
1.6192958354949951 2.4625905201171037 2.076427459716797 3.418276786804199
4.260685920715332 4.94274019169103 1.5563616752624512 1.598093867301941
3.942126512527466 6.025516415162144 1.7985820770263672 2.281508207321167
3.7601659297943115 5.896774757891762 2.0566446781158447 3.139439821243286
2.9714303016662598 4.615861690489215 2.2105867862701416 3.7486414909362793
4.703788757324219 5.800918101774471 1.6503132581710815 1.6978745460510254
4.431190490722656 6.407535389352141 1.9283311367034912 2.4851067066192627
2.953766107559204 4.455509850759881 2.2233853340148926 3.4840478897094727
3.765068769454956 6.903019832319899 2.395900249481201 4.195591926574707
4.734453201293945 5.3527994873282765 1.7710497379302979 1.809106469154358
4.306020259857178 6.877193820812863 2.022428512573242 2.5672712326049805
2.69254469871521 4.817572855207921 2.2650985717773438 3.489894390106201
2.2373228073120117 3.552973291672288 2.3977112770080566 4.123918056488037
5.122932434082031 5.994152189553681 1.8565224409103394 1.9069942235946655
3.287429094314575 5.944515272595709 2.1555185317993164 2.7983460426330566
2.7820236682891846 4.265332456678166 2.447923183441162 3.9010205268859863
3.418741226196289 5.875353610318598 2.6052138805389404 4.660824775695801
5.598881244659424 6.794160270093471 1.9849166870117188 2.0475046634674072
4.638400554656982 7.104438480429415 2.351518154144287 3.1253294944763184
4.354371547698975 7.462399568176728 2.711301326751709 4.477427959442139
3.4582552909851074 6.139680697940648 2.899914503097534 5.411050319671631
5.096827507019043 5.761348993712318 2.219640016555786 2.2285423278808594
4.314089298248291 6.80162552496131 2.430335760116577 3.1186864376068115
3.3352482318878174 5.767627052576472 2.6191046237945557 4.154074668884277
3.3913156986236572 5.524743913498568 2.7146341800689697 4.840641975402832
5.569977283477783 6.527105701546162 2.3135461807250977 2.3476414680480957
4.470848083496094 5.7239669524247105 2.604665756225586 3.448467493057251
3.6013991832733154 4.460552863940595 2.8661048412323 4.7433762550354
2.287276029586792 4.7464073366185175 2.9945247173309326 5.598748207092285
6.387203693389893 7.648898903717736 2.465949773788452 2.5237276554107666
4.423294544219971 7.2938277488835865 2.8686482906341553 3.921924591064453
3.8221704959869385 7.0411424422499636 3.2292821407318115 5.583464622497559
3.857372283935547 6.662582867264959 3.40063738822937 6.678811073303223
4.204048156738281 4.5689936463756435 2.2424581050872803 2.477816581726074
3.0663366317749023 4.989081448962878 3.0754244327545166 4.047775745391846
3.0486366748809814 4.698713684509244 2.9660370349884033 4.813233852386475
2.750511407852173 4.665855390163657 2.9867660999298096 5.471868515014648
4.2301435470581055 4.816301837409547 2.3846776485443115 2.6258280277252197
3.8978993892669678 6.003356287597484 3.2944273948669434 4.512414932250977
3.8773245811462402 6.69496149833617 3.2712457180023193 5.585469722747803
3.5521767139434814 5.522925480749976 3.3281068801879883 6.431980609893799
5.155539512634277 5.522452005548985 2.5879738330841064 2.8745110034942627
5.230040073394775 8.127739149325784 3.634594202041626 5.169939041137695
4.189590930938721 6.619071965858885 3.7259552478790283 6.694323539733887
3.3361380100250244 4.570641272155349 3.8294668197631836 7.812015056610107
3.9563021659851074 4.580049400329699 1.4482636451721191 1.498166799545288
3.7314651012420654 5.7675076792239395 1.6997877359390259 2.2049872875213623
2.8767056465148926 5.0583977011104935 1.9295474290847778 2.9893884658813477
2.3018438816070557 4.478962174403167 2.0603625774383545 3.54388165473938
4.157280445098877 5.116741077160071 1.5130342245101929 1.5662660598754883
3.252018928527832 4.536494519321067 1.7908093929290771 2.3479044437408447
1.8557393550872803 3.460698755031899 2.048828125 3.2404470443725586
2.2050106525421143 3.636694415766314 2.1947386264801025 3.877098321914673
4.56648588180542 5.71280830276815 1.6056383848190308 1.6635860204696655
3.663054943084717 6.928368977157888 1.9192701578140259 2.5473556518554688
2.8652596473693848 4.080875857290096 2.2155911922454834 3.5859615802764893
2.655399799346924 4.9224614535326054 2.38108229637146 4.331253528594971
4.320470333099365 5.122916797202176 1.6683844327926636 1.7318065166473389
3.879166841506958 5.4625844328496385 1.9620915651321411 2.588568925857544
2.7744972705841064 4.349374389586046 2.2133281230926514 3.5393457412719727
2.6314034461975098 4.754762074096522 2.3457274436950684 4.202795505523682
4.831149101257324 5.926908015503102 1.7553983926773071 1.823538899421692
3.444411516189575 6.240646469789056 2.0936179161071777 2.804814338684082
3.4229846000671387 6.280924151008861 2.392697334289551 3.9376022815704346
2.22580623626709 3.2090975839789166 2.549123525619507 4.7347002029418945
5.342494964599609 6.852079361743199 1.8843739032745361 1.9596502780914307
3.5792267322540283 5.445728214501159 2.2852072715759277 3.1169052124023438
4.071402549743652 7.561424671250251 2.6506757736206055 4.505242347717285
3.827122926712036 6.773156609291618 2.8390188217163086 5.486541748046875
4.400687217712402 5.31049514789288 2.028042793273926 2.1153995990753174
3.974398612976074 5.9494348225426315 2.2964422702789307 3.08123517036438
3.213223457336426 5.893678462161063 2.5075807571411133 4.1236772537231445
2.63926100730896 3.873168436900073 2.615879774093628 4.845814228057861
4.878008842468262 6.03062112614009 2.1233015060424805 2.2201290130615234
3.937775135040283 6.337581019587674 2.460890054702759 3.3716325759887695
2.448284864425659 3.254225695314858 2.7443487644195557 4.677130222320557
2.3541512489318848 4.3005150692999905 2.8863046169281006 5.582525730133057
5.7586236000061035 7.539385702933906 2.2737183570861816 2.3826816082000732
5.210091590881348 8.121616265007532 2.7108287811279297 3.8030595779418945
3.449509620666504 6.5499982396750225 3.094212055206299 5.484638214111328
3.70824933052063 6.489165788791354 3.279813289642334 6.648064613342285
3.7090067863464355 4.237188069057183 2.0684947967529297 2.33300518989563
3.682929039001465 5.834562569921559 2.9128005504608154 4.011002063751221
3.0576095581054688 5.226431927914973 2.79706072807312 4.709536075592041
2.7788820266723633 4.7030254320270615 2.841061592102051 5.395698547363281
4.083910942077637 4.690945832895622 2.197709798812866 2.4874658584594727
3.8801217079162598 6.122938444954912 3.135704755783081 4.444141864776611
3.056486129760742 5.675170009170188 3.079444646835327 5.407374858856201
2.783324718475342 3.8482035260333873 3.166036605834961 6.310550689697266
4.422604084014893 5.342566139805683 2.3972339630126953 2.7234811782836914
4.375051498413086 7.906901585834021 3.454651117324829 5.064756870269775
3.8085930347442627 5.147802797560871 3.5073838233947754 6.441259384155273
3.685572385787964 6.350162505669317 3.6466634273529053 7.651866436004639
4.10045862197876 4.540671347015632 1.480324625968933 1.5241124629974365
4.0391082763671875 6.584445427492881 1.7101494073867798 2.1941280364990234
2.8348026275634766 4.192635338822129 1.9526690244674683 2.9617369174957275
1.7737091779708862 3.4740714228749567 2.1020588874816895 3.4823834896087646
4.334592819213867 5.112106553711243 1.5462017059326172 1.5943547487258911
4.254973411560059 6.713846907615363 1.8042255640029907 2.34232497215271
3.0711379051208496 4.502844224925963 2.077627182006836 3.214780807495117
2.577131986618042 4.762601177979377 2.2446794509887695 3.813328504562378
4.730090618133545 5.795591588400517 1.638606309890747 1.6929960250854492
4.432041168212891 7.186579853222144 1.933655858039856 2.5490012168884277
4.31654167175293 7.148229182761725 2.247345209121704 3.5659303665161133
2.0489444732666016 4.749769942647276 2.4369447231292725 4.268984794616699
4.553083896636963 5.130720138322033 1.7351791858673096 1.785914421081543
4.470575332641602 6.9967105313638704 2.002587080001831 2.603679895401001
2.638002395629883 4.053530286128122 2.2694294452667236 3.5448920726776123
2.8418991565704346 5.296669434034982 2.4264252185821533 4.184203147888184
5.090330123901367 6.03878074052518 1.8225302696228027 1.8816345930099487
4.40439510345459 6.495245096532629 2.139275312423706 2.832350254058838
4.07070779800415 6.911910161903171 2.458970069885254 3.9542899131774902
3.0720367431640625 5.2307359883247955 2.6448440551757812 4.723997592926025
5.511649131774902 6.678892213060465 1.9489396810531616 2.0191843509674072
4.6944732666015625 7.322276587925998 2.332811117172241 3.161233901977539
4.0984296798706055 6.488046583234393 2.7240607738494873 4.5407514572143555
2.8576810359954834 5.183435056900166 2.9484901428222656 5.491775989532471
4.824641704559326 5.501357708607941 2.1393070220947266 2.19124174118042
4.108630657196045 5.9640538603482725 2.3810572624206543 3.1091625690460205
3.67739200592041 6.856192893757412 2.608161687850952 4.1624860763549805
2.6670079231262207 5.24627960406368 2.7447235584259033 4.879495620727539
5.370180606842041 6.374981686265471 2.2395942211151123 2.2986087799072266
5.0216546058654785 7.325144935923532 2.555689573287964 3.424154281616211
4.021501541137695 6.898643409196666 2.8609416484832764 4.741106986999512
2.905712127685547 6.06316022390331 3.0381250381469727 5.640400409698486
6.138279438018799 7.410822617131089 2.387767791748047 2.4641685485839844
5.496802806854248 9.393378354590936 2.8105790615081787 3.889077663421631
4.40472412109375 6.9267024168619855 3.223759412765503 5.589020252227783
4.431848526000977 8.044954033480167 3.4550204277038574 6.7465386390686035
3.8746390342712402 4.325036687536624 2.1595847606658936 2.407034158706665
2.5942327976226807 3.5986552170490427 3.0248513221740723 4.054323673248291
3.4621427059173584 5.117047432997424 2.9481821060180664 4.767958641052246
2.6859633922576904 5.31191428110462 3.0192503929138184 5.479083061218262
4.278210163116455 5.100933965030045 2.295151948928833 2.566068172454834
3.921882152557373 6.624686129222965 3.2618675231933594 4.501743793487549
2.9169161319732666 4.929164233924553 3.2561097145080566 5.511224746704102
3.869968891143799 6.736683223583887 3.3754193782806396 6.436514377593994
4.8743367195129395 5.381379735993718 2.4958012104034424 2.8059136867523193
4.093196392059326 7.842591310958852 3.5971949100494385 5.156252861022949
4.214569568634033 7.272203899508213 3.7058844566345215 6.612829685211182
3.3565845489501953 4.082432123514025 3.889458179473877 7.845632553100586
3.5551209449768066 4.225344158701596 1.6381357908248901 1.69979727268219
3.4171974658966064 5.829123046343966 1.9165899753570557 2.4902334213256836
2.9345405101776123 5.584502327927425 2.167269468307495 3.3210105895996094
1.7523393630981445 3.094014640878413 2.298065423965454 3.8660459518432617
3.9952402114868164 4.93577436829321 1.7082886695861816 1.7761774063110352
3.8017454147338867 6.743129811859518 2.0193076133728027 2.661086320877075
3.087618112564087 5.2929685504448685 2.3059098720550537 3.6292665004730225
2.3904166221618652 3.25455746318366 2.456021785736084 4.279386520385742
4.649598121643066 5.77544630851213 1.8064323663711548 1.8813964128494263
4.534316062927246 6.55232686859415 2.1606311798095703 2.894852876663208
3.6631035804748535 5.325599982390372 2.493912696838379 4.043543815612793
3.4616122245788574 6.378162269345921 2.6677615642547607 4.828031539916992
3.9728500843048096 4.836035849732561 1.997744083404541 2.077885866165161
3.2696352005004883 5.526194157790002 2.3423142433166504 3.087244749069214
1.839102029800415 3.4919365797393596 2.625967502593994 4.153460502624512
1.9624587297439575 4.491379616253534 2.752220392227173 4.833724498748779
4.676278114318848 5.742969910966295 2.087674140930176 2.177541732788086
2.6434574127197266 4.494667896839037 2.49641752243042 3.3643760681152344
3.4870526790618896 6.100955929012116 2.8469598293304443 4.678369998931885
2.4976940155029297 4.684182330946843 3.0067760944366455 5.5372419357299805
5.344516754150391 6.662236323284887 2.2185020446777344 2.321314573287964
4.360036849975586 7.891064909989526 2.7138564586639404 3.752697229385376
4.337993144989014 7.109409338828755 3.1522462368011475 5.400157928466797
3.6098830699920654 6.521250312124629 3.353260040283203 6.494521141052246
4.212722301483154 5.1674979088296595 2.464125633239746 2.582390069961548
3.478229284286499 5.5939546992864315 2.8470237255096436 3.813746929168701
2.535390853881836 4.657358495774133 3.113844871520996 5.0656232833862305
2.212218999862671 3.982529906452328 3.2072010040283203 5.83397102355957
4.862168788909912 5.991150698159089 2.567365884780884 2.697733163833618
3.722517967224121 6.7838242670197815 3.0578207969665527 4.219863414764404
2.318495273590088 4.362482702562829 3.425071954727173 5.847324371337891
1.398868203163147 2.5197765698062256 3.565279006958008 6.867959976196289
5.827694416046143 7.347522110337241 2.7268588542938232 2.877121686935425
4.340935230255127 7.251982108858726 3.364776611328125 4.808773994445801
4.484245777130127 7.689493909005932 3.8652403354644775 6.946359634399414
2.8419229984283447 5.086451642171028 4.06165885925293 8.304939270019531
3.0456600189208984 3.5147102183855594 2.576375961303711 2.8419103622436523
3.4773142337799072 4.526549842957376 3.425330877304077 4.683187007904053
2.091515064239502 3.4399776787372502 3.5697782039642334 5.948452472686768
2.5405609607696533 3.5688749381120033 3.595301866531372 6.709028720855713
4.265388488769531 4.487762736058585 2.717564105987549 3.0181474685668945
3.67482328414917 5.175639477190089 3.7038936614990234 5.287426948547363
2.658581495285034 4.873152146420091 3.9603958129882812 6.9740824699401855
2.6584246158599854 4.351376760506156 4.044500350952148 8.045393943786621
4.689874649047852 5.235567282920265 2.928246259689331 3.2788825035095215
4.3515472412109375 6.834972687173597 4.106024265289307 6.13923454284668
4.197390079498291 6.199806326862472 4.524078845977783 8.442012786865234
3.1540796756744385 5.441629495112812 4.677480697631836 9.929909706115723
4.265013217926025 4.881459134502606 1.4390009641647339 1.4925525188446045
4.15084171295166 6.2096107752573175 1.717326045036316 2.2553672790527344
3.406224489212036 5.372872816294603 1.9872779846191406 3.087965250015259
3.031475067138672 4.723254780598381 2.148334503173828 3.668332576751709
4.40802001953125 5.3522571473809535 1.5013362169265747 1.5607961416244507
3.020862579345703 4.6023945307547365 1.8079956769943237 2.4070098400115967
3.6453135013580322 6.086626508204695 2.110609769821167 3.3589439392089844
2.9774045944213867 5.534052119861569 2.2922933101654053 4.032041549682617
4.743069648742676 5.9043855473704525 1.590035319328308 1.656380534172058
3.9771485328674316 7.0160295121322065 1.9357616901397705 2.6170432567596436
3.9029734134674072 6.818999093922603 2.2834084033966064 3.732450485229492
3.6172919273376465 5.805341109266408 2.4930715560913086 4.531518936157227
4.947693347930908 5.7388589084494015 1.6484005451202393 1.7035393714904785
3.7228522300720215 6.018123734526385 1.9938404560089111 2.649874448776245
2.157078981399536 3.519064554210047 2.3217616081237793 3.7052106857299805
2.533147096633911 3.948970994274374 2.5046446323394775 4.43356990814209
5.318777084350586 6.396367885084601 1.7318990230560303 1.7991504669189453
4.421661853790283 6.473860106490861 2.124039888381958 2.8818676471710205
3.7971479892730713 6.603291882858491 2.507767915725708 4.140618801116943
3.8733344078063965 5.687382137239837 2.725020170211792 5.025557041168213
5.66823148727417 7.047447353932348 1.8549710512161255 1.9354749917984009
5.390851020812988 8.797486032025517 2.314242124557495 3.213188648223877
4.695345878601074 7.671183713383924 2.7774245738983154 4.762205123901367
3.8099589347839355 6.869330998711121 3.0430312156677246 5.868256092071533
5.247216701507568 6.126550420729721 1.9927572011947632 1.9817522764205933
4.858413219451904 7.315965097228855 2.3706154823303223 3.1369237899780273
4.108211517333984 7.161564552922812 2.701192617416382 4.392085075378418
2.970879316329956 4.636882671127751 2.8734304904937744 5.230734825134277
5.682868480682373 6.815485624378823 2.084177017211914 2.103144645690918
5.0122456550598145 7.596259761726287 2.5314950942993164 3.4589645862579346
3.17415714263916 6.2681909978914785 2.9470462799072266 5.006776332855225
3.009096384048462 4.488619876342909 3.1687045097351074 6.066379070281982
6.389688968658447 7.982222683535497 2.2275116443634033 2.2761640548706055
5.578756332397461 7.922629226809306 2.778444290161133 3.925591468811035
4.831053733825684 8.097816512769896 3.3153505325317383 5.907131195068359
4.120291709899902 6.488352198224604 3.606936454772949 7.288185119628906
3.9071037769317627 4.484485614568797 2.0335872173309326 2.3001644611358643
4.033273696899414 6.967951501549475 3.2145848274230957 4.179854869842529
4.153937339782715 7.681656583769609 3.122227907180786 5.141200542449951
3.4245851039886475 6.491997475647873 3.212305784225464 5.9685139656066895
4.176827430725098 4.724999066405303 2.1565632820129395 2.456188201904297
4.034677505493164 6.105108259193628 3.4014036655426025 4.649571418762207
3.8425636291503906 6.79076327742361 3.4167611598968506 5.934165954589844
3.232881784439087 4.630888715981655 3.5697357654571533 7.0202412605285645
5.153507232666016 5.521179475621011 2.344130754470825 2.6878440380096436
4.877490520477295 7.544100606002075 3.6962618827819824 5.324405670166016
4.570173263549805 6.2305711442189216 3.871088981628418 7.107145309448242
3.9044079780578613 6.190011638135047 4.111248016357422 8.584799766540527
3.687783718109131 4.528706690713133 1.5371360778808594 1.5893430709838867
3.034243583679199 5.125958562107506 1.80857515335083 2.3699252605438232
2.743164300918579 5.433351768136504 2.060387372970581 3.2059640884399414
1.9274932146072388 3.8098615982440833 2.197155237197876 3.7638862133026123
3.9729769229888916 5.092429806689665 1.606096625328064 1.6621224880218506
3.9806573390960693 7.06862369776195 1.9137955904006958 2.532348394393921
2.870466709136963 5.082083366772395 2.2014262676239014 3.483355760574341
2.4258294105529785 5.372294580637686 2.355820894241333 4.1239237785339355
4.418666362762451 5.684007967460616 1.7013635635375977 1.7616533041000366
4.318676948547363 8.025033394452294 2.0579471588134766 2.753803253173828
3.868612766265869 7.541223250978135 2.3939380645751953 3.8581748008728027
2.674931049346924 4.480734045199114 2.5711472034454346 4.605131149291992
4.111420154571533 5.1215567906515105 1.8484840393066406 1.9127202033996582
4.09168815612793 6.319737703539315 2.184738874435425 2.9083967208862305
3.112497329711914 5.6627582344639436 2.467287302017212 3.969783067703247
2.15926456451416 4.5758122998609565 2.598794460296631 4.6597418785095215
4.653549671173096 5.874168498275594 1.94196355342865 2.009784698486328
4.2310991287231445 6.914317260093412 2.3428826332092285 3.169271469116211
2.8811278343200684 4.667502427986733 2.6879684925079346 4.43963098526001
2.8156206607818604 5.505182728723057 2.847590923309326 5.270077705383301
5.259186744689941 6.924455752286017 2.0719404220581055 2.146383762359619
4.452170372009277 8.280058806792674 2.5635550022125244 3.531130075454712
4.302322864532471 7.6593809857739075 2.9957618713378906 5.087521553039551
3.4754726886749268 6.3739905950033275 3.1935741901397705 6.106634140014648
4.251655578613281 5.411875564404909 2.283369541168213 2.4244861602783203
4.109653949737549 6.4378758730545655 2.6441004276275635 3.5868911743164062
2.62380313873291 4.417994054234441 2.9101877212524414 4.819036483764648
1.6494628190994263 3.537459838698892 3.007866621017456 5.597439765930176
4.8149094581604 6.152178315321578 2.3944876194000244 2.5227129459381104
4.059755325317383 6.260492664385498 2.8617074489593506 3.965853691101074
2.5514438152313232 4.994102510201451 3.2173075675964355 5.51912260055542
2.412153720855713 4.501247832001582 3.350534439086914 6.49000358581543
5.708527565002441 7.601122296020776 2.5532426834106445 2.6794002056121826
5.483102798461914 8.307552476838737 3.1693315505981445 4.5037922859191895
4.129801273345947 5.982927856060051 3.651742935180664 6.4929375648498535
3.6769931316375732 5.927344197473133 3.8356261253356934 7.730757236480713
3.135779619216919 3.618649279353633 2.3525545597076416 2.643679141998291
3.3692405223846436 6.216697772954603 3.242152214050293 4.575512886047363
2.9628477096557617 5.91086519206705 3.331841468811035 5.649027347564697
2.9935030937194824 5.808261609185635 3.364358901977539 6.430638790130615
3.5584046840667725 4.156505553907863 2.5059731006622314 2.805509328842163
4.023428916931152 5.5041505216163955 3.515305995941162 5.0985798835754395
3.1569297313690186 5.531708062234642 3.7218449115753174 6.586507320404053
3.0375161170959473 4.984726752746525 3.7903196811676025 7.587780475616455
5.003554344177246 5.911689238592771 2.723003625869751 3.0480399131774902
3.3375730514526367 5.741698405212276 3.9113054275512695 5.851572513580322
4.542567729949951 6.842688130244255 4.276728630065918 7.892477989196777
4.132900238037109 7.198102890601689 4.398961067199707 9.202683448791504
3.85233473777771 4.504716069853799 1.6889052391052246 1.7631480693817139
3.2617483139038086 5.788136893560477 2.0096569061279297 2.6661059856414795
2.3370251655578613 4.6936836234353905 2.28678822517395 3.567582368850708
2.7580361366271973 4.595795330187684 2.418809175491333 4.147983551025391
4.141208171844482 5.133199454277046 1.767019510269165 1.8461940288543701
4.106353759765625 6.809363641231329 2.130322217941284 2.8642399311065674
3.373873472213745 5.993195548907806 2.451108932495117 3.9269611835479736
2.070906639099121 4.0325263786323085 2.6044557094573975 4.625216007232666
4.7521514892578125 6.1321556920048295 1.877392053604126 1.961199164390564
4.605164527893066 7.201317617286804 2.3008503913879395 3.1348297595977783
3.381723403930664 5.887251081106588 2.6810336112976074 4.40955924987793
3.285879611968994 5.583746584610509 2.8615634441375732 5.25623893737793
4.32565975189209 5.131061056842478 2.083409070968628 2.1743810176849365
3.0626068115234375 5.45811952703184 2.486147880554199 3.3511126041412354
2.5185770988464355 4.741515570818724 2.798128128051758 4.516598701477051
1.8071110248565674 2.963589155134379 2.9208500385284424 5.243668556213379
4.884453773498535 5.98615024143146 2.183516025543213 2.290693998336792
2.879589319229126 3.8400199787838574 2.6695749759674072 3.6840567588806152
3.0876054763793945 5.5489979871617265 3.0591375827789307 5.136321067810059
2.5328941345214844 4.403748630559278 3.217355251312256 6.062114238739014
5.470787525177002 7.194371474470655 2.3314309120178223 2.4532880783081055
4.234397888183594 7.064695869315937 2.9354941844940186 4.148163318634033
3.3911421298980713 6.03136118506859 3.431884527206421 5.99100399017334
3.0528554916381836 4.823693262113384 3.635575532913208 7.174968242645264
4.596548557281494 5.484206413861358 2.5669517517089844 2.662175416946411
3.2060446739196777 5.3294108104082625 3.0375654697418213 4.148483753204346
2.3594648838043213 3.9149535459823 3.3344533443450928 5.529578685760498
1.413684368133545 3.087691868613149 3.419476270675659 6.353734016418457
5.145592212677002 6.305405893485613 2.692636728286743 2.8105881214141846
3.5640013217926025 5.420423285473902 3.2938766479492188 4.653336048126221
3.4412527084350586 5.744070235047815 3.6992478370666504 6.449468612670898
1.9821758270263672 3.1483907183040145 3.829573392868042 7.547086715698242
5.99076509475708 7.630245671366083 2.8803062438964844 3.027864933013916
4.507994651794434 7.641496362850432 3.67319917678833 5.3683977127075195
2.9820408821105957 4.526890111250452 4.228115081787109 7.7446064949035645
3.706233501434326 5.927940159426441 4.417623996734619 9.20433521270752
3.87317156791687 4.351646016471344 2.7483134269714355 2.994891405105591
3.893141984939575 6.095081526026206 3.6070666313171387 5.055331230163574
3.238992691040039 4.277702283693014 3.8156800270080566 6.4519429206848145
2.2014317512512207 3.5567932154196313 3.8384780883789062 7.29371976852417
4.429411888122559 4.7296008942726075 2.9295334815979004 3.2235043048858643
3.875955820083618 5.765278176719335 3.9479825496673584 5.749267578125
2.0245771408081055 3.637472393649375 4.276564598083496 7.649402141571045
1.9252376556396484 2.64262694958137 4.346121788024902 8.817092895507812
5.382627010345459 6.028627440678008 3.1965951919555664 3.5534181594848633
4.247138977050781 6.642642570985146 4.448176860809326 6.747274875640869
4.195000171661377 6.731910550981006 4.9487409591674805 9.36068344116211
3.3516125679016113 6.01223961984109 5.081150054931641 10.96133804321289
3.741776466369629 4.556789780820054 1.6142115592956543 1.6628854274749756
3.441380023956299 5.838359485448564 1.8934094905853271 2.4954516887664795
2.7599668502807617 4.350694698806721 2.1602609157562256 3.4042468070983887
2.312462091445923 3.725071765485154 2.3080973625183105 3.9982762336730957
4.088271617889404 5.144108623258035 1.6906019449234009 1.7430546283721924
3.579958915710449 6.2194845919959505 2.0099692344665527 2.676119565963745
2.908618688583374 5.753786053138128 2.317884922027588 3.722608804702759
2.9642317295074463 5.088314076469537 2.487372875213623 4.418209075927734
4.675248622894287 5.944542754491329 1.796668291091919 1.8567280769348145
3.450533151626587 6.309007954702073 2.1693029403686523 2.935197591781616
3.458280086517334 5.349279620345786 2.5304384231567383 4.172613143920898
3.4469990730285645 6.084818821618427 2.7269184589385986 5.004725456237793
4.10881233215332 5.067008406270292 1.965574026107788 2.023401975631714
3.548031806945801 6.467241757901576 2.31208872795105 3.1104564666748047
2.5194308757781982 4.338783313152362 2.6149678230285645 4.2900776863098145
3.0276994705200195 5.480512368446275 2.765387535095215 5.0427703857421875
4.748711585998535 5.911397123890415 2.067037343978882 2.1283977031707764
3.7922446727752686 6.272224387658589 2.488548994064331 3.4043726921081543
3.707874298095703 5.866966362202305 2.863124370574951 4.832072734832764
2.5317814350128174 5.113923493699758 3.0479891300201416 5.75692081451416
5.37253999710083 7.043245915799211 2.2105352878570557 2.2832536697387695
4.280569076538086 6.890386568850779 2.735037088394165 3.8348569869995117
4.0192766189575195 7.22874033574567 3.206021308898926 5.614850044250488
3.798290729522705 6.365176068069759 3.4356939792633057 6.778306007385254
4.365904808044434 5.356730172952808 2.4547526836395264 2.5297696590423584
3.9095661640167236 5.955109429134609 2.81058406829834 3.8768203258514404
3.1095664501190186 5.433751099937581 3.0973079204559326 5.274244785308838
1.63471519947052 2.875172591461393 3.223029613494873 6.1354265213012695
4.928919315338135 6.150233031368998 2.5694377422332764 2.658113718032837
4.756585121154785 7.333211709272291 3.0567593574523926 4.3190202713012695
2.85128116607666 5.541932694625636 3.4462311267852783 6.084503650665283
3.1490488052368164 5.023475182573748 3.615466594696045 7.1801958084106445
5.792416095733643 7.5466183109876965 2.7435367107391357 2.8533992767333984
4.715978622436523 7.406843396307437 3.406879186630249 4.973026752471924
4.200563907623291 6.012826301234071 3.936004400253296 7.263572692871094
3.517932891845703 6.236555848508573 4.162623882293701 8.691389083862305
3.767824411392212 4.309417899328309 2.6046245098114014 2.909552812576294
1.9865127801895142 3.7580034880431867 3.4261603355407715 4.868356227874756
2.554351568222046 5.363073371315608 3.5367863178253174 6.2071027755737305
2.3351211547851562 4.079763300750301 3.6103525161743164 7.09297513961792
4.46504545211792 5.226375245058598 2.7746241092681885 3.108139991760254
4.380066871643066 7.327353594999067 3.7391045093536377 5.496838569641113
2.5635337829589844 3.7279127834217434 3.982072114944458 7.294632434844971
3.1059730052948 5.406118712224838 4.1011762619018555 8.446215629577637
4.545132160186768 5.354216064982197 3.0185348987579346 3.402298927307129
4.0455169677734375 6.602807009607661 4.200299263000488 6.425344467163086
3.9693822860717773 6.240462819503364 4.61271333694458 8.874939918518066
3.222656726837158 6.756199442130205 4.791057586669922 10.40708065032959
3.982764482498169 4.649980006705443 1.4668861627578735 1.5148414373397827
3.230531692504883 4.648991107570964 1.719491958618164 2.2253708839416504
3.029616594314575 5.4859803935585205 1.9662697315216064 3.010406017303467
2.0421342849731445 2.8472317725662037 2.1128993034362793 3.560154914855957
4.194758892059326 5.188557803738281 1.5344347953796387 1.5854839086532593
3.807657480239868 6.2657529253949065 1.8171675205230713 2.37682843208313
3.5838847160339355 6.420133849032766 2.0957369804382324 3.2757182121276855
2.282794237136841 3.7487484764618273 2.2590010166168213 3.906471014022827
4.724487781524658 6.0190047964544675 1.62989342212677 1.686302661895752
4.5206217765808105 5.003683518385216 1.9533377885818481 2.591432809829712
3.834774971008301 6.436129589106972 2.2733588218688965 3.6438839435577393
3.0942816734313965 6.022367416361249 2.456991195678711 4.3813581466674805
4.584710597991943 5.39995282138806 1.6855226755142212 1.7380732297897339
3.9588356018066406 5.683018269940931 1.9835466146469116 2.605330467224121
3.387995719909668 6.350165188828086 2.2596898078918457 3.5690226554870605
2.7536838054656982 4.531604323986812 2.4130918979644775 4.243058681488037
5.032076358795166 6.132898528142505 1.7775976657867432 1.835521936416626
4.490042686462402 7.210761798735234 2.127285957336426 2.8397231101989746
4.22230339050293 7.626759388270102 2.4565060138702393 3.995455741882324
2.6065900325775146 4.417281482736541 2.635406255722046 4.802637577056885
5.575517654418945 7.245700107814599 1.9112147092819214 1.9780985116958618
5.240565776824951 8.062270197846303 2.333725690841675 3.182340621948242
3.367117166519165 5.194119407481878 2.7358150482177734 4.611032962799072
3.393474817276001 7.095611484435118 2.9483397006988525 5.601449012756348
4.919230937957764 5.8487209391923045 2.0002737045288086 2.040386199951172
3.9689595699310303 6.663042764948727 2.2984261512756348 3.0446605682373047
3.039888620376587 5.751825361096536 2.560114622116089 4.140429496765137
3.1439833641052246 5.64312151754541 2.6982638835906982 4.900732040405273
5.504374980926514 6.6919454152109665 2.1124861240386963 2.163367986679077
4.472383499145508 7.964534912931867 2.4876203536987305 3.3709750175476074
2.930363416671753 5.826534019265864 2.825104236602783 4.73698616027832
2.8284881114959717 5.016536125880817 2.996173620223999 5.682125568389893
6.324817657470703 8.197893523232324 2.276459217071533 2.343477964401245
5.370914936065674 9.27284245918753 2.7649645805358887 3.8546242713928223
3.7587087154388428 7.153775214206789 3.210034132003784 5.622247695922852
2.6838343143463135 4.825430371517086 3.4264748096466064 6.8283281326293945
4.034427165985107 4.409258082235283 2.2184364795684814 2.4130496978759766
3.5995352268218994 5.555229262172153 2.829338550567627 3.6776235103607178
3.085270404815674 5.744755987267297 2.8436293601989746 4.680439472198486
2.2225544452667236 3.4069787206030355 2.937755584716797 5.454722881317139
4.207592487335205 4.566370958613234 2.3095779418945312 2.642693042755127
4.351247787475586 6.8947631407335095 3.059818744659424 4.15543794631958
4.1221232414245605 6.04423873759896 3.1732659339904785 5.440921783447266
3.434724807739258 5.753015373573646 3.301180601119995 6.43095588684082
4.4693756103515625 4.772280717668107 2.528921127319336 2.8966479301452637
5.229224681854248 7.571487901463687 3.407806396484375 4.8546223640441895
4.27392053604126 7.449161919702817 3.6569554805755615 6.581858158111572
3.8167338371276855 6.112404667592955 3.8331007957458496 7.885947227478027
3.8203506469726562 4.328661574628171 1.4980652332305908 1.5493181943893433
3.630612850189209 5.87044994979783 1.745745062828064 2.2642858028411865
3.539555549621582 5.589659492986919 1.982970952987671 3.063420057296753
2.496095657348633 4.34041879806864 2.115203619003296 3.617870807647705
4.117561340332031 5.018712691436093 1.568160057067871 1.6230835914611816
3.906782388687134 5.936161531760334 1.8448861837387085 2.427363634109497
2.5704169273376465 4.782026921421561 2.112917900085449 3.34470534324646
2.7239489555358887 5.1533246719969705 2.261246919631958 3.9808831214904785
4.596924781799316 5.786217824414734 1.666553258895874 1.7262223958969116
4.192584037780762 6.906939414060396 1.98311448097229 2.6481330394744873
4.297677040100098 6.582235585600415 2.2922492027282715 3.724985122680664
2.812302827835083 4.84878330906696 2.4608607292175293 4.472785472869873
4.361157417297363 4.998910038987788 1.7603793144226074 1.8298532962799072
4.2809529304504395 6.2602794687736605 2.0493972301483154 2.7058677673339844
3.233121395111084 5.844372132827857 2.3052515983581543 3.6734859943389893
2.7490973472595215 4.619060077573522 2.434426784515381 4.334990501403809
4.89365291595459 5.947780518455602 1.8552993535995483 1.9310824871063232
3.2232112884521484 4.397159389308758 2.195603132247925 2.958355188369751
3.0522406101226807 5.089262432807857 2.504648208618164 4.125613212585449
3.249746322631836 6.200955563403113 2.659102439880371 4.9194159507751465
5.356954574584961 6.6901686364786634 1.9926811456680298 2.076396942138672
4.622066497802734 7.177502167027228 2.4057257175445557 3.3125596046447754
4.290215015411377 8.269041946195529 2.7874889373779297 4.759726047515869
3.5127673149108887 5.107941110827596 2.9751012325286865 5.742842197418213
4.697183609008789 5.424522671362915 2.1496381759643555 2.249645471572876
4.336358070373535 6.597333711003969 2.424427032470703 3.251661777496338
3.5869195461273193 4.9587663434595015 2.6408634185791016 4.3127264976501465
2.41672420501709 4.3697072134705195 2.7389018535614014 5.0295939445495605
5.3016180992126465 6.3915150523756665 2.260434150695801 2.369001865386963
4.848941326141357 7.585735204029987 2.6132922172546387 3.598676919937134
4.216640472412109 6.909781909423373 2.9067633152008057 4.946202278137207
3.4784388542175293 6.978389264350085 3.0401012897491455 5.84264612197876
6.179009914398193 7.672713108791697 2.4246530532836914 2.5468361377716064
5.147955894470215 7.988855417937884 2.8918256759643555 4.098614692687988
4.35422420501709 7.251839626982928 3.294095039367676 5.8558759689331055
2.79709792137146 6.068388045822701 3.474240779876709 7.018375396728516
4.118337154388428 4.342148402733926 2.192272186279297 6.058135509490967
3.6452457904815674 5.674671317696891 3.0307021141052246 4.254310607910156
3.6078176498413086 5.074814521089593 2.9639105796813965 4.930721282958984
2.629002809524536 4.6497929756951635 2.993642807006836 5.614440441131592
4.034947395324707 4.672440538583223 2.354658603668213 2.669100761413574
3.042187452316284 4.090729590795732 3.287489414215088 4.747945308685303
3.2365128993988037 6.060615168600123 3.287126064300537 5.73336935043335
3.540424108505249 4.846777803260242 3.3572399616241455 6.624162673950195
5.045441627502441 5.582481110048661 2.5701980590820312 2.927837371826172
4.713734149932861 7.951829841331119 3.643388509750366 5.426123142242432
3.328587770462036 5.114359179997113 3.763570547103882 6.898425579071045
3.15018367767334 5.50443117554147 3.8897805213928223 8.105118751525879
3.703282356262207 4.247072870032817 1.531726360321045 1.5802063941955566
3.6443307399749756 5.996822560550491 1.779800534248352 2.2884418964385986
2.7356653213500977 4.715079493097871 2.027888298034668 3.109323740005493
2.1378090381622314 3.9690792262614423 2.182981014251709 3.71030855178833
4.110143184661865 4.936731983713443 1.6045377254486084 1.6548500061035156
3.706646203994751 5.851672232141539 1.8812724351882935 2.433845281600952
3.0915613174438477 5.222024480881373 2.163397789001465 3.3660128116607666
2.6140310764312744 4.809058765674912 2.339614152908325 4.059231758117676
4.631607532501221 5.690151240267944 1.7075140476226807 1.7608226537704468
4.249580383300781 7.334679325465913 2.024855375289917 2.64003586769104
4.095078945159912 6.433444564531932 2.353288173675537 3.7214787006378174
2.9600985050201416 4.539885854845011 2.557002305984497 4.533764362335205
4.129048824310303 4.835351917681052 1.8140724897384644 1.877648949623108
4.039292335510254 6.890130925153585 2.1100730895996094 2.7518489360809326
2.839571952819824 4.710155104400343 2.393449544906616 3.776710033416748
2.601116895675659 4.701754702988893 2.5621869564056396 4.529848575592041
4.737021446228027 5.721994110754025 1.9125908613204956 1.9763768911361694
3.7953803539276123 6.597073167791905 2.2599806785583496 2.9790494441986084
3.4923219680786133 6.713151162818008 2.6030337810516357 4.203596591949463
2.9665963649749756 6.089696176968346 2.8069443702697754 5.1172661781311035
5.344723701477051 6.585581891445656 2.0553553104400635 2.122497081756592
4.570862293243408 7.516398945017656 2.477386713027954 3.3102455139160156
4.016499996185303 7.597739215577462 2.904106616973877 4.811817646026611
3.2845957279205322 5.444599541648156 3.155395984649658 5.940407752990723
4.443323135375977 5.251210313870388 2.2178452014923096 2.361347198486328
3.6559410095214844 6.052044200667879 2.5150845050811768 3.351623296737671
2.8639237880706787 5.082419032498592 2.784515619277954 4.512437343597412
2.428086042404175 4.520789257136016 2.9411702156066895 5.371103763580322
5.002265453338623 6.059949878134262 2.3318679332733154 2.4628849029541016
4.295010089874268 6.881143915152435 2.712371587753296 3.6652514934539795
3.8744802474975586 6.947120250938099 3.0718002319335938 5.131010055541992
2.531592845916748 4.628236847182961 3.2766358852386475 6.219978332519531
5.837843418121338 7.319592592276024 2.5034778118133545 2.6301698684692383
4.559244155883789 7.621680436828191 3.0070316791534424 4.136872291564941
3.9732511043548584 7.260584865349756 3.492112874984741 6.0288166999816895
3.7919721603393555 6.827010447836081 3.7628355026245117 7.432807922363281
3.713637590408325 4.129102298406195 2.343744993209839 2.6118855476379395
3.6502907276153564 6.313166183892008 3.2012453079223633 4.40926456451416
2.364407777786255 3.780605778373446 3.1631991863250732 5.262566089630127
2.962653636932373 5.495776975223976 3.267864465713501 6.116436958312988
3.658738851547241 3.7850849358455996 2.494062900543213 2.77470064163208
4.534205913543701 6.126116779457625 3.4463813304901123 4.889756202697754
3.6145243644714355 6.127183316410182 3.521674633026123 6.072050094604492
3.251040458679199 6.481845964682805 3.683814764022827 7.205935955047607
5.306328296661377 6.193613214606091 2.721759080886841 3.0261566638946533
4.611665725708008 7.677358621134545 3.810206174850464 5.56710147857666
3.5025475025177 6.8866911916736555 4.055027484893799 7.258850574493408
3.393789768218994 6.2875919378778065 4.2922468185424805 8.77806282043457
3.755415678024292 4.289002421400227 1.494553565979004 1.5341006517410278
2.8219499588012695 5.431559731139259 1.705456256866455 2.1809160709381104
1.9184260368347168 4.587401147366453 1.9558504819869995 2.98160719871521
1.6066120862960815 3.9395729853223713 2.110901117324829 3.53737211227417
4.109574317932129 4.8185677569567815 1.5632092952728271 1.6073484420776367
3.6064820289611816 6.196021279231104 1.7977850437164307 2.3356127738952637
3.1066536903381348 5.5422829597901 2.076880693435669 3.2573044300079346
2.60741925239563 5.594980831443461 2.250140905380249 3.904543161392212
4.6322922706604 5.780144813797847 1.6591449975967407 1.7092700004577637
3.8317978382110596 6.309464347540765 1.9282306432724 2.5486111640930176
3.697064161300659 6.1533142613429845 2.246650218963623 3.6358072757720947
2.977874994277954 6.182463455748135 2.4441475868225098 4.40751838684082
4.09998893737793 4.761520592074973 1.7307767868041992 1.7781938314437866
1.821018099784851 3.412067394032732 1.9472754001617432 2.537033796310425
2.3962717056274414 4.190107153241545 2.215672731399536 3.520869016647339
2.49314284324646 5.201598647150718 2.392406463623047 4.2077460289001465
4.757322788238525 5.6586178681173465 1.8236051797866821 1.8790124654769897
3.779230833053589 6.6729945767995105 2.0827691555023193 2.7717010974884033
3.4415390491485596 6.538557541908403 2.396710157394409 3.949083089828491
2.66694974899292 5.173235323656563 2.6023707389831543 4.783116340637207
5.375622749328613 6.63352199145578 1.9553931951522827 2.0210840702056885
4.67482852935791 7.375957378489588 2.278400182723999 3.1055853366851807
3.878906488418579 7.306260650529026 2.6586992740631104 4.563141345977783
3.467078924179077 6.566091742125899 2.9050862789154053 5.60923957824707
4.368645191192627 5.185984754396941 2.0723989009857178 2.107224941253662
3.786259174346924 5.547623283912969 2.2150707244873047 2.9190666675567627
2.75895357131958 5.851629428967101 2.4475719928741455 4.027796745300293
2.7013936042785645 4.783739722909836 2.635045289993286 4.814741611480713
4.981884002685547 5.995953189854649 2.1784982681274414 2.234940528869629
3.708897113800049 5.967559629739753 2.3900022506713867 3.2384297847747803
2.6007742881774902 5.317644349302803 2.684476137161255 4.607017517089844
3.1790168285369873 6.281549529656758 2.911092758178711 5.594460487365723
5.801955699920654 7.217732207885945 2.3334953784942627 2.4123029708862305
4.865945816040039 7.518641847352894 2.6479997634887695 3.701315402984619
4.469170093536377 7.54449671472571 3.0355629920959473 5.462184906005859
3.9104721546173096 6.976056910851639 3.3189263343811035 6.747890949249268
1.64176344871521 1.8470211624242268 2.0926499366760254 2.459638833999634
3.7046890258789062 5.59508355629218 2.610999345779419 3.44455623626709
3.008430004119873 5.5082917652136985 2.6351430416107178 4.4554443359375
1.9291377067565918 3.854104875462294 2.8172974586486816 5.288156986236572
3.868351459503174 4.326297748296193 2.2397096157073975 2.6258809566497803
2.576087474822998 4.35895319006454 2.822835922241211 3.874624729156494
2.4651482105255127 4.5043884140573525 2.9174158573150635 5.1637773513793945
2.088045120239258 2.7287235525135713 3.145325183868408 6.23323917388916
4.431600093841553 4.692223406690232 2.4512436389923096 2.8711464405059814
5.25200080871582 8.399900096037186 3.135313034057617 4.493544578552246
4.296595573425293 7.27934172047244 3.341599941253662 6.225911617279053
2.4034602642059326 3.690975467689043 3.63769268989563 7.656904697418213
3.272512197494507 3.9389012680563837 1.7396786212921143 1.7981812953948975
3.074904441833496 5.576528883436254 2.026946544647217 2.6252083778381348
1.9075697660446167 3.523324770934065 2.2753653526306152 3.5266799926757812
2.5479557514190674 4.75790762980148 2.4006738662719727 4.138355255126953
3.808966875076294 4.776349634031476 1.8209939002990723 1.885448694229126
2.5397725105285645 4.567301414093266 2.1533589363098145 2.8387625217437744
3.1095693111419678 5.734773523995209 2.4447412490844727 3.904404401779175
2.1187078952789307 3.820607142422631 2.5898807048797607 4.631436347961426
4.569365501403809 5.720408147059947 1.9329140186309814 2.0058798789978027
3.392219305038452 6.580310174103008 2.325209856033325 3.1313581466674805
3.038797378540039 6.515681337189619 2.6730287075042725 4.417910099029541
2.760044574737549 4.264631082729923 2.84368896484375 5.295636177062988
3.552072048187256 4.372016731036794 2.1573071479797363 2.239920139312744
3.1264383792877197 5.683759458644976 2.529139757156372 3.365572214126587
2.3218674659729004 4.633840501062878 2.813937187194824 4.5711822509765625
1.8411184549331665 3.477532855345885 2.931260585784912 5.354163646697998
4.432495594024658 5.483585540868376 2.2629151344299316 2.35396409034729
3.4056005477905273 4.585279215371969 2.723996877670288 3.7179346084594727
2.298551321029663 4.6898708717310456 3.0864245891571045 5.219897270202637
2.7487268447875977 5.781624435989713 3.23628306388855 6.198033332824707
5.2859625816345215 6.661469262565333 2.4118010997772217 2.5171597003936768
3.8027403354644775 7.151660772325158 2.9935145378112793 4.211212158203125
4.068126678466797 6.691157884217503 3.45992112159729 6.119109630584717
2.4685652256011963 5.726068208684495 3.6522181034088135 7.357698440551758
3.6852917671203613 4.57386320188175 2.621844530105591 2.747779130935669
3.4885220527648926 5.442765258193958 3.091876745223999 4.251734256744385
2.3252549171447754 5.044499188417362 3.382714033126831 5.731125831604004
2.630580186843872 5.205852782913439 3.468366861343384 6.6418561935424805
4.535117149353027 5.613259065603245 2.7554585933685303 2.901374578475952
3.611262321472168 5.4138072887395765 3.3719019889831543 4.793093204498291
3.3941996097564697 6.588339311924102 3.772487163543701 6.709584712982178
2.117901086807251 4.908686885828573 3.898468494415283 7.887714862823486
5.666228771209717 7.181134907604781 2.94797420501709 3.1213934421539307
4.165435314178467 6.534575819784688 3.7652742862701416 5.55464506149292
4.362092971801758 6.982053804974754 4.313084125518799 8.079164505004883
2.033170700073242 3.313792326116186 4.49204683303833 9.619080543518066
2.4074900150299072 2.6628050025907584 2.8669586181640625 3.1884641647338867
3.1582090854644775 5.602797386716958 3.624350070953369 5.146758556365967
1.1459084749221802 2.1494454880387366 3.883796453475952 6.793323040008545
1.7183431386947632 3.4752842174714687 3.9228076934814453 7.765639781951904
3.697463274002075 4.0940442879653105 3.060419797897339 3.4272775650024414
3.640712261199951 6.83423952149019 3.991450548171997 5.9035468101501465
3.3526453971862793 6.396037345537112 4.3836283683776855 8.09105396270752
2.848604440689087 4.780657748423764 4.463984966278076 9.376872062683105
4.117002487182617 4.274871439622984 3.334827184677124 3.7649500370025635
4.91078519821167 8.14259152516297 4.513006210327148 6.974823951721191
4.199263095855713 7.032759387727425 5.081685543060303 9.912922859191895
3.1758835315704346 5.833995803091916 5.216125011444092 11.628032684326172
3.981210470199585 4.519696935293041 1.5721232891082764 1.6297000646591187
3.4972267150878906 5.912361165150315 1.8434884548187256 2.4161288738250732
2.752825975418091 5.279952844711715 2.128288507461548 3.327030658721924
2.3458261489868164 4.334908601791808 2.290290594100952 3.958595037460327
4.293503284454346 5.075254078664273 1.6437824964523315 1.7054016590118408
4.286115646362305 6.182403600264365 1.9487988948822021 2.5911788940429688
3.259012460708618 4.637725056567888 2.2722573280334473 3.64284086227417
2.9462084770202637 4.092646827234773 2.4563181400299072 4.382199764251709
4.980861186981201 6.0666937720391445 1.746579885482788 1.812846302986145
3.682788610458374 7.05385008712183 2.0981266498565674 2.835683822631836
3.905088424682617 6.721016154522118 2.4745194911956787 4.077354907989502
3.2928216457366943 6.291089790250766 2.688349962234497 4.959033012390137
4.488511562347412 5.197042998786287 1.9080965518951416 1.9924384355545044
4.117105484008789 6.8480978648599 2.235384464263916 2.999028444290161
2.5433993339538574 4.059789941287757 2.554377794265747 4.159365177154541
2.3047688007354736 3.7281937007555825 2.7236506938934326 4.951549053192139
5.073215961456299 6.0576960778908955 1.999902367591858 2.0920612812042236
3.997206926345825 6.897914781858844 2.391923666000366 3.282292604446411
2.4938533306121826 3.8213898609031958 2.7819182872772217 4.694497585296631
2.3682425022125244 4.413865254801237 2.988525629043579 5.670899868011475
5.792977809906006 7.094302797506316 2.1386802196502686 2.2401647567749023
4.343709945678711 7.28573250219733 2.620574951171875 3.686135768890381
3.336836338043213 5.5870962549144565 3.1067206859588623 5.445815086364746
2.3623886108398438 3.491745904132074 3.3632028102874756 6.670361518859863
4.6765217781066895 5.483284886766569 2.415038585662842 2.5311739444732666
3.780377149581909 6.015648151160285 2.728512763977051 3.7360949516296387
2.6172611713409424 5.236685694728791 3.00892972946167 5.071640968322754
2.138967990875244 3.9480574471413092 3.152991533279419 5.964500427246094
5.376621246337891 6.445295527434951 2.5184755325317383 2.653289556503296
3.316425323486328 5.638142962490747 2.936126232147217 4.154518127441406
3.0225234031677246 5.511105056742316 3.3241426944732666 5.860150337219238
2.2928638458251953 3.520565518612898 3.5209317207336426 7.009476661682129
6.180722713470459 7.702868196144323 2.6844124794006348 2.839986562728882
5.409430980682373 7.75261485680511 3.250749349594116 4.761556148529053
3.8354504108428955 5.2415573594170155 3.7828409671783447 6.982888221740723
3.698106527328491 5.69711548174439 4.046696186065674 8.480579376220703
3.830373764038086 4.0183325125056655 2.5153982639312744 2.8087589740753174
2.2943928241729736 3.9359419746492676 3.3757147789001465 4.752796173095703
2.0401461124420166 3.807131145837957 3.4374353885650635 5.951943874359131
1.2518315315246582 2.3756343058944935 3.515779733657837 6.839334964752197
4.907280921936035 5.231012297433153 2.660349130630493 2.989910125732422
4.170462608337402 4.9804597100308 3.6510860919952393 5.357177734375
1.0961552858352661 1.343900429979783 3.8306736946105957 6.9881157875061035
1.5521087646484375 2.115197122533573 3.9738924503326416 8.17907428741455
4.635941505432129 4.975135092528774 2.887204885482788 3.2634689807891846
3.7641758918762207 7.418203954570004 4.066679000854492 6.242070198059082
3.511362075805664 5.40806531493723 4.41407585144043 8.47907543182373
3.6293253898620605 4.658495122497584 4.6342878341674805 10.082963943481445
3.7683887481689453 4.4256151014700436 1.6033120155334473 1.6604084968566895
2.5824620723724365 4.2357635560589575 1.8913309574127197 2.458909273147583
3.2304306030273438 5.83217965512209 2.1623711585998535 3.298149347305298
3.157708168029785 5.910311208475093 2.3171041011810303 3.858994960784912
4.089229106903076 5.1013431785820895 1.6759295463562012 1.7379765510559082
3.25400710105896 5.776860891732895 1.9992563724517822 2.6366729736328125
3.689336061477661 5.279555656532011 2.306349992752075 3.605222702026367
3.0347092151641846 5.293419164163197 2.4814391136169434 4.262459754943848
4.634424209594727 5.8064432550693255 1.7773449420928955 1.8468950986862183
4.169772624969482 6.9792433533204985 2.148707151412964 2.880709409713745
3.3884963989257812 5.718805591538967 2.5039281845092773 4.0219550132751465
3.0601446628570557 4.955103137950118 2.704894781112671 4.8038811683654785
4.229115962982178 5.071718432416947 1.9516539573669434 2.0364394187927246
3.192779779434204 5.183958602420135 2.3033089637756348 3.051353931427002
3.5493249893188477 5.7652593962974805 2.607654333114624 4.114920616149902
2.2920172214508057 4.083815509657484 2.7678020000457764 4.822923183441162
4.767361164093018 5.87208689375143 2.0479395389556885 2.1382312774658203
4.493218898773193 7.87034060216332 2.467033863067627 3.334287405014038
2.6636178493499756 5.185264827004981 2.83508038520813 4.62783670425415
2.3950693607330322 4.8481076374072245 3.0286755561828613 5.501011371612549
5.45869779586792 6.945881431366843 2.186295747756958 2.286491870880127
5.149629592895508 8.435734038731079 2.6974711418151855 3.7341716289520264
3.6553025245666504 7.381587294334585 3.151956558227539 5.343496322631836
3.9150843620300293 7.233101371327649 3.3898303508758545 6.43617582321167
4.525948524475098 5.469723238052211 2.4458489418029785 2.5464351177215576
4.032296180725098 6.955418862294138 2.8011226654052734 3.779873847961426
2.812147617340088 5.099807227287423 3.080745220184326 5.008073806762695
2.273082733154297 4.676436286520811 3.219019889831543 5.818875312805176
5.082054615020752 6.232152319391858 2.5519537925720215 2.677527666091919
4.690969467163086 6.960139384017353 3.021049976348877 4.195118427276611
3.840465784072876 7.117735082356262 3.3978652954101562 5.75681209564209
2.8503990173339844 5.831017480767969 3.5806174278259277 6.8004841804504395
5.9901299476623535 7.524848834742896 2.7161076068878174 2.8697097301483154
5.197721004486084 8.566098924099173 3.342160940170288 4.79060173034668
4.294294357299805 7.234073902312595 3.846186399459839 6.821710586547852
3.8805911540985107 5.880502033962799 4.088201522827148 8.178665161132812
2.872847080230713 3.0477234837962897 2.581295967102051 2.868924617767334
3.2018020153045654 5.7700423611971985 3.4393980503082275 4.737439155578613
3.26647686958313 6.315456614616778 3.525334358215332 5.865639686584473
1.7731544971466064 3.476105176175281 3.6042871475219727 6.6899003982543945
4.5758056640625 5.223847834108142 2.7343289852142334 3.0667643547058105
2.7021265029907227 4.619091379140514 3.726212501525879 5.328479766845703
2.98929500579834 5.2910141475980765 3.922556161880493 6.845797061920166
3.0893752574920654 4.72466167184964 4.053956031799316 7.946491718292236
4.971879482269287 5.67390277497276 2.963953733444214 3.3540232181549072
4.537197589874268 7.715256490676438 4.146971702575684 6.175337314605713
3.9239590167999268 6.138827692917076 4.494445323944092 8.254030227661133
3.6629796028137207 5.814993680351975 4.691037178039551 9.731179237365723
3.5071728229522705 4.048119109430843 1.4109398126602173 1.463078260421753
3.2847647666931152 6.170076034498862 1.6755151748657227 2.216909408569336
2.1890382766723633 4.227386252555693 1.9514610767364502 3.051232099533081
2.360466480255127 4.282907998902147 2.1222996711730957 3.6136727333068848
3.9125783443450928 4.850156406364249 1.4737712144851685 1.5295265913009644
3.2966299057006836 5.290927170530637 1.7642927169799805 2.358315944671631
1.9882018566131592 3.611687886179709 2.072098731994629 3.306206226348877
2.0327911376953125 4.576942734951899 2.263523817062378 3.957369327545166
4.551126956939697 5.743108546960229 1.563518762588501 1.6246016025543213
3.970489263534546 6.906813725166785 1.890447735786438 2.561448335647583
3.527034282684326 5.968836382409506 2.2408039569854736 3.6684322357177734
3.61337947845459 7.12996024286133 2.458089828491211 4.438970565795898
3.911709785461426 4.61875379915864 1.5722531080245972 1.6330043077468872
3.530820369720459 6.505415056173376 1.8711752891540527 2.522753953933716
2.0678725242614746 4.404044388335478 2.195913076400757 3.5654094219207764
1.832731008529663 4.404291008436147 2.4004480838775635 4.273375034332275
4.59511137008667 5.678046335474704 1.6601566076278687 1.7265868186950684
3.7393670082092285 5.861097545069356 2.0015594959259033 2.737776279449463
3.3008413314819336 6.1609475133213305 2.3775761127471924 3.968414545059204
3.316052198410034 5.867121450474285 2.615417957305908 4.8232622146606445
5.316486835479736 6.793088339812557 1.7881356477737427 1.8630502223968506
3.5978219509124756 6.90566266123642 2.1918208599090576 3.0563559532165527
3.574402093887329 6.3288128420788325 2.6398158073425293 4.561071395874023
3.6468799114227295 6.798680818659371 2.921166181564331 5.621354103088379
4.230540752410889 5.041867561588148 1.7744715213775635 1.8455681800842285
3.867844343185425 7.204164172710762 2.067181348800659 2.830491304397583
2.8141398429870605 6.026274770836608 2.415144920349121 4.054188251495361
2.287010908126831 4.280562990789804 2.646420478820801 4.883018970489502
4.984230041503906 6.120509106766207 1.8794559240341187 1.960294246673584
4.799566745758057 8.346570976618644 2.2343497276306152 3.118299961090088
2.8035547733306885 4.778469668022467 2.654420852661133 4.6038899421691895
1.6750643253326416 3.8116713580405985 2.9310686588287354 5.638369083404541
6.01547908782959 7.78333212052803 2.0369434356689453 2.131139039993286
5.635392189025879 9.360145237835354 2.4846696853637695 3.5541605949401855
3.5236990451812744 7.39324996448628 3.0079193115234375 5.433418273925781
2.808378219604492 4.827188299218329 3.3458690643310547 6.761805534362793
2.3051958084106445 2.5591288207734237 1.9196091890335083 2.2450101375579834
3.4640276432037354 6.08762409566692 2.364223003387451 3.2398550510406494
2.1548898220062256 4.344459255281777 2.593439817428589 4.470968723297119
2.6207823753356934 5.276646915257537 2.837308645248413 5.370060920715332
3.558119058609009 4.071860207281134 2.0502328872680664 2.401273012161255
3.535086154937744 6.17400520230035 2.5630722045898438 3.6118149757385254
3.1894454956054688 5.066500046717339 2.8798625469207764 5.146514892578125
2.590733289718628 4.952183753142606 3.177860736846924 6.295354843139648
3.192169189453125 4.086647429002397 2.2464118003845215 2.635418176651001
5.255721569061279 8.440659878362268 2.863288164138794 4.180945873260498
4.364659786224365 8.107202851711008 3.3093550205230713 6.182312965393066
3.3208606243133545 6.736500709042161 3.6817872524261475 7.692910671234131
4.0063371658325195 4.350171989870175 1.6039766073226929 1.6432770490646362
3.668222665786743 5.383706029608341 1.8472408056259155 2.3517072200775146
2.9870636463165283 4.544458628317656 2.090747356414795 3.1724448204040527
2.9869964122772217 4.709793102088327 2.2236785888671875 3.7302842140197754
4.204723358154297 4.9095915858409285 1.6803058385849 1.7253228425979614
4.179581642150879 6.86658173602882 1.9569844007492065 2.5276739597320557
3.5104503631591797 5.589845653551265 2.236267328262329 3.475423574447632
3.2603988647460938 6.436280542055442 2.387667179107666 4.128053665161133
4.735915660858154 5.86260821261817 1.7881673574447632 1.8399604558944702
4.433920860290527 6.2352485518226715 2.111969232559204 2.7728209495544434
4.240229606628418 6.956534853428536 2.4403810501098633 3.901289939880371
2.9949162006378174 5.439391268691722 2.61568546295166 4.685618877410889
4.3911824226379395 4.904504452102444 1.9624955654144287 2.000300645828247
4.121790885925293 5.658310374652004 2.2549526691436768 2.90942645072937
2.7529098987579346 4.619819300972836 2.513984441757202 3.949064016342163
3.2415168285369873 5.132210489183374 2.6377267837524414 4.64078426361084
4.951629638671875 5.860521928253547 2.0641090869903564 2.1124212741851807
3.4654617309570312 4.942093198751461 2.420340061187744 3.1939988136291504
2.885589599609375 4.788063014975577 2.743129014968872 4.462795734405518
2.370191812515259 5.558212730594278 2.897517442703247 5.313152313232422
5.5240912437438965 6.927131015404719 2.2121756076812744 2.273972272872925
4.472722053527832 7.22485380773112 2.660430669784546 3.603144884109497
3.49499773979187 5.457144929880428 3.0736100673675537 5.2038750648498535
2.763582706451416 4.518406882890076 3.269047975540161 6.282052993774414
4.617735862731934 5.235446372957398 2.460160732269287 2.5023858547210693
3.5809144973754883 5.874541973467958 2.762924909591675 3.6143932342529297
3.6959738731384277 6.291901417577037 2.975886344909668 4.813129901885986
3.002159595489502 5.745385296141762 3.0565226078033447 5.5870280265808105
5.150022029876709 6.1585215675193385 2.5855166912078857 2.6385157108306885
2.9397590160369873 5.1430674123002404 2.9892725944519043 4.0303144454956055
3.175739288330078 6.047915383768924 3.29313588142395 5.571384906768799
2.822733163833618 5.366503197607926 3.4147732257843018 6.563919544219971
6.033062934875488 7.533964708243957 2.7702572345733643 2.842221736907959
4.1195969581604 5.3929959371023415 3.32443904876709 4.642373085021973
4.210058689117432 7.735939584209951 3.76039981842041 6.6866455078125
3.7136054039001465 6.240614675120124 3.937760829925537 7.997061729431152
3.4688820838928223 3.777744971623349 2.6239099502563477 2.8318984508514404
3.7491328716278076 5.775278883165129 3.395598888397217 4.599431037902832
2.9480011463165283 5.359875844731164 3.4208321571350098 5.672987461090088
2.2724814414978027 4.350158861683312 3.4210081100463867 6.428602695465088
4.591933250427246 5.26131867166146 2.79020619392395 3.030407428741455
4.292524814605713 7.000581646022056 3.6968655586242676 5.198630332946777
3.19645357131958 5.774236489211432 3.8205606937408447 6.6766180992126465
3.294334650039673 5.370074406081926 3.864699363708496 7.685632705688477
5.060320854187012 5.1819474722030705 3.0331296920776367 3.325861692428589
4.9741082191467285 6.886360452801668 4.140764236450195 6.072826862335205
4.606622219085693 7.011037376650414 4.414950847625732 8.163009643554688
4.1490349769592285 7.505546598889026 4.520417213439941 9.54698657989502
3.6145412921905518 4.198958631072557 1.4627114534378052 1.514133334159851
3.313992738723755 5.704407336189206 1.7016479969024658 2.22995662689209
2.4286201000213623 4.788530146576932 1.9295774698257446 3.018968105316162
1.886631965637207 3.9787619081562298 2.0626680850982666 3.557898998260498
4.05266809463501 4.926887333321474 1.5290777683258057 1.582927942276001
3.7960407733917236 6.0318610401395745 1.7947369813919067 2.3730804920196533
2.946585178375244 4.664476330104705 2.0479817390441895 3.26189923286438
3.0435545444488525 4.668933982670772 2.193108558654785 3.8746631145477295
4.623938083648682 5.817059171559787 1.6231143474578857 1.6809253692626953
3.9638566970825195 6.3140354555461045 1.9259705543518066 2.574392557144165
3.770254611968994 6.331381596110532 2.214019536972046 3.5953662395477295
1.99094820022583 4.23523411447664 2.3749725818634033 4.3009934425354
3.9403269290924072 4.701148777787353 1.6874521970748901 1.7578632831573486
4.018393516540527 6.868396102582892 1.9523725509643555 2.6110565662384033
2.5704634189605713 4.758064212967042 2.18776273727417 3.545947313308716
2.413752317428589 5.286513096154636 2.3215672969818115 4.187182903289795
4.653432369232178 5.67713935443857 1.7778820991516113 1.851385235786438
3.669320821762085 6.074220204050107 2.089088201522827 2.8311944007873535
3.2091305255889893 5.2792167637339915 2.3662171363830566 3.9313604831695557
2.766383647918701 4.590776459928193 2.5181450843811035 4.688564777374268
5.363910675048828 6.860890247396105 1.9096300601959229 1.988606572151184
3.632328987121582 6.605507255304644 2.287038803100586 3.1506261825561523
3.014009952545166 5.065079308015584 2.6242220401763916 4.481136322021484
2.2562482357025146 4.4921306065874544 2.8008224964141846 5.393046855926514
4.180576324462891 5.0365284033809985 2.0249154567718506 2.105442523956299
3.6664748191833496 6.300820751125684 2.2433600425720215 3.0620834827423096
3.161097288131714 4.998163270383685 2.435370922088623 4.071296215057373
2.376811981201172 4.045127270049079 2.5512092113494873 4.769110679626465
4.822227954864502 5.919252384656318 2.1291370391845703 2.2248382568359375
3.57839298248291 6.053600202759803 2.418809413909912 3.3685476779937744
3.354278564453125 5.272379299550948 2.6712589263916016 4.602010726928711
3.4721317291259766 5.6075827035165275 2.8102033138275146 5.452584743499756
5.785390377044678 7.520551037576311 2.2870900630950928 2.398919105529785
3.8248798847198486 6.14898641202322 2.6802291870117188 3.817068576812744
3.7511167526245117 7.376407388384308 3.0198974609375 5.378367900848389
3.788144826889038 7.175397721432702 3.191847801208496 6.4430623054504395
3.5426127910614014 4.071526143915349 2.1781320571899414 2.5502803325653076
3.4866597652435303 5.558112357915888 2.6573588848114014 3.6946277618408203
2.911166191101074 5.7182260127699465 2.650068759918213 4.543912410736084
2.2369332313537598 4.7195210275631325 2.729685068130493 5.237582683563232
4.359343528747559 4.5225991025665735 2.3175013065338135 2.7119879722595215
3.6853132247924805 5.899180009543727 2.876880645751953 4.129141807556152
3.3770973682403564 5.6412220910625095 2.9322450160980225 5.206674575805664
3.086758613586426 4.979821455920785 3.0385420322418213 6.0707011222839355
4.904647350311279 5.3361856359020505 2.5255672931671143 2.953162431716919
5.272911071777344 7.617858560184686 3.2015035152435303 4.751239776611328
4.3888444900512695 6.41144414467567 3.3563313484191895 6.184781551361084
3.229496955871582 4.942973229426798 3.5007457733154297 7.300837993621826
3.656334638595581 4.24340254511894 1.5411039590835571 1.582768201828003
2.8311374187469482 4.731994024007747 1.7397927045822144 2.2733371257781982
2.8484208583831787 5.487384048940974 1.9453551769256592 3.0708515644073486
2.6885573863983154 5.140929832144479 2.0783441066741943 3.60326886177063
4.024820327758789 4.999107449050371 1.6147985458374023 1.6599215269088745
4.109977722167969 6.781838452256025 1.8467031717300415 2.431962490081787
2.685615062713623 5.622693011194232 2.083582639694214 3.32861065864563
2.7567691802978516 5.648203503097626 2.2336034774780273 3.9330711364746094
4.616526126861572 5.768175706135196 1.7180650234222412 1.7685922384262085
4.007552623748779 7.458030757979941 1.994255781173706 2.6575629711151123
3.667670488357544 7.32393352180647 2.2719104290008545 3.6992099285125732
3.1668660640716553 4.183533069750447 2.4432294368743896 4.406853199005127
4.052054405212402 4.81013210229731 1.844506859779358 1.8863277435302734
4.125106334686279 6.83534240024008 2.047483205795288 2.708875894546509
3.0207793712615967 4.720457550813585 2.235008955001831 3.669830083847046
2.8216233253479004 5.867627702160576 2.364353895187378 4.318699359893799
4.731555938720703 5.785466855056882 1.9431016445159912 1.9909318685531616
4.1748504638671875 6.123182711643274 2.2050113677978516 2.961012840270996
2.4071621894836426 3.3969271517141806 2.4421586990356445 4.088733673095703
2.0891993045806885 4.238386560305599 2.595621347427368 4.8540472984313965
5.354578971862793 6.740626142617657 2.085273265838623 2.1426517963409424
4.761300563812256 8.211809957576293 2.428784132003784 3.3278751373291016
3.553277015686035 5.8194371699024146 2.735046863555908 4.708970546722412
3.486738443374634 6.502580090700292 2.920999526977539 5.648116588592529
4.302519798278809 5.1970782391322246 2.327928066253662 2.34393310546875
3.5601298809051514 5.697744638297991 2.4251835346221924 3.214801549911499
3.440520763397217 6.312345503715676 2.5194547176361084 4.255334854125977
1.9843915700912476 4.102346086630803 2.6183278560638428 4.982588291168213
4.915020942687988 6.0614598550755545 2.4361798763275146 2.468433141708374
3.60899019241333 6.248829555765493 2.6297168731689453 3.5725045204162598
2.7635397911071777 4.859961507372645 2.793229341506958 4.840960502624512
3.5396792888641357 7.161932656376855 2.921957492828369 5.7224907875061035
5.841825008392334 7.368579380922458 2.602198839187622 2.6541941165924072
4.539780139923096 8.388796196878161 2.929504871368408 4.099045276641846
4.008108139038086 8.194120050536043 3.191551923751831 5.728507041931152
4.139611721038818 7.129448475107324 3.3622794151306152 6.848140239715576
3.757500648498535 4.0006904912800785 2.5378260612487793 2.7850444316864014
3.912423849105835 6.475662498234442 2.971179723739624 3.9490904808044434
3.76265025138855 7.075091997702873 2.7748756408691406 4.767988204956055
2.7288076877593994 5.647335401316713 2.8164796829223633 5.515783786773682
3.9480104446411133 4.041947241270972 2.69344425201416 2.9707300662994385
4.26241397857666 7.598436687354479 3.2264652252197266 4.4390764236450195
2.9103243350982666 5.208899323469041 3.103529691696167 5.499231815338135
2.893704891204834 5.636322459787472 3.177748441696167 6.422786235809326
5.193291187286377 5.892761901921659 2.9260764122009277 3.2485883235931396
4.508952617645264 7.478287597358121 3.60263729095459 5.158285617828369
4.533928871154785 7.6027663728087305 3.5914082527160645 6.623684883117676
3.1556520462036133 6.177428150892098 3.7126612663269043 7.825260639190674
3.7564191818237305 4.164628550155896 1.6529593467712402 1.691202163696289
3.167131185531616 5.083033163412665 1.8813225030899048 2.378504514694214
2.6878087520599365 3.725193471478917 2.128434658050537 3.2306692600250244
1.7568209171295166 3.0190992508875922 2.2730302810668945 3.834477186203003
4.112421989440918 4.727883410882061 1.7218704223632812 1.7643729448318481
3.6098670959472656 5.872147813767185 1.9864473342895508 2.544971227645874
3.655519723892212 6.4711388890473245 2.2734975814819336 3.5318055152893066
2.1909143924713135 3.004613216754933 2.439321517944336 4.237246036529541
4.585334300994873 5.711643962872941 1.8177440166473389 1.866109013557434
4.145468711853027 5.627931026334708 2.1298956871032715 2.773733615875244
3.0485918521881104 5.48422416795438 2.4695191383361816 3.942574977874756
3.0939066410064697 3.918729642267892 2.663166046142578 4.779521942138672
4.239465236663818 4.781870261761469 2.0442512035369873 2.089942216873169
2.9377644062042236 4.611257540475311 2.3289334774017334 2.999934196472168
2.9723169803619385 4.808206251963632 2.6038460731506348 4.108562469482422
1.947577953338623 3.9125130126183194 2.74714732170105 4.875287055969238
4.809153079986572 5.664588079897605 2.129281759262085 2.184447765350342
3.8083462715148926 6.454095140002551 2.484464645385742 3.2703847885131836
2.92545747756958 5.021408153479797 2.8320724964141846 4.6221466064453125
2.842607021331787 5.627634642166328 3.0114669799804688 5.564122676849365
5.2904181480407715 6.576540846382663 2.253385066986084 2.319990634918213
3.7977330684661865 6.014895844685981 2.7020559310913086 3.648965835571289
4.412159442901611 5.785600855800112 3.145861864089966 5.335789680480957
3.427820920944214 5.905610395284626 3.3731579780578613 6.511226654052734
4.469851493835449 5.120821402292222 2.5429348945617676 2.6024765968322754
3.704218864440918 6.049033764915748 2.8678698539733887 3.7739431858062744
3.5271644592285156 5.702775938424338 3.1192498207092285 5.098997116088867
2.4782040119171143 4.699358927469234 3.232999086380005 5.984791278839111
5.058512210845947 6.007450658573092 2.645719051361084 2.720625877380371
4.119213581085205 6.979989339515441 3.08259916305542 4.180848121643066
4.052426338195801 6.4953966366868245 3.4398419857025146 5.868221759796143
3.086246967315674 5.268677160519214 3.6023569107055664 6.996692180633545
5.872736930847168 7.344117277328439 2.8008692264556885 2.8969714641571045
4.475053787231445 6.141775105026852 3.3892271518707275 4.761565685272217
4.4842634201049805 7.064818124668818 3.8861732482910156 6.947051525115967
4.268166542053223 6.635938849251106 4.112003326416016 8.404847145080566
3.6005594730377197 3.9849966411131046 2.666945219039917 2.8825793266296387
3.87514328956604 5.632081221607223 3.442152261734009 4.70458459854126
3.089999198913574 4.428228991611107 3.597382068634033 6.063751220703125
3.351137638092041 5.777468359025744 3.653620481491089 6.9764509201049805
4.299292087554932 4.467984880651102 2.812460422515869 3.062028646469116
3.674854278564453 6.2686968872691295 3.7312490940093994 5.297774314880371
2.8427414894104004 5.160943260532122 4.007465362548828 7.090710163116455
3.114980697631836 5.338863651873794 4.118938446044922 8.289875984191895
4.80399227142334 5.423308389780928 3.0261964797973633 3.320650815963745
4.938396453857422 7.880338918266943 4.14743185043335 6.134838581085205
4.084192276000977 6.43200771464393 4.582087516784668 8.54059886932373
3.7081258296966553 5.486357777074559 4.761789798736572 10.123557090759277
3.718820810317993 4.482542189726757 1.6445530652999878 1.6919364929199219
3.485222578048706 5.996620505241019 1.8988224267959595 2.4499001502990723
3.2149291038513184 5.629171985863422 2.1581382751464844 3.335247278213501
2.3536510467529297 3.795254926132202 2.2992231845855713 3.9167025089263916
4.047525405883789 5.079365839999014 1.7174768447875977 1.7713286876678467
3.2909789085388184 5.5818635742063805 2.007255792617798 2.635009527206421
2.3775203227996826 4.734687846070802 2.30656361579895 3.672430992126465
2.5599565505981445 4.487385950771888 2.4691686630249023 4.358264446258545
4.724271297454834 5.951102790295863 1.81946861743927 1.8800766468048096
3.94875168800354 6.5734577517747965 2.1575815677642822 2.8882298469543457
3.5443115234375 5.841107167832433 2.5094165802001953 4.134563446044922
3.424849271774292 6.441338514322069 2.6991515159606934 4.962296009063721
4.151251792907715 5.109566906973669 2.022552251815796 2.082017421722412
3.426408052444458 6.159778736084604 2.3405447006225586 3.0809059143066406
2.630208969116211 4.9022124956428215 2.6333885192871094 4.231419086456299
2.220034599304199 3.0982976479623687 2.7719788551330566 4.958675861358643
4.793927192687988 6.02159181341176 2.1144871711730957 2.18499755859375
4.093372344970703 7.037714807001748 2.5022239685058594 3.3811252117156982
3.6289846897125244 6.591316345146623 2.868208646774292 4.803546905517578
2.7321248054504395 4.088547614478557 3.043304443359375 5.709219455718994
5.462428092956543 6.852039863514634 2.2492711544036865 2.333282232284546
4.642856597900391 6.4463232168758395 2.7328402996063232 3.804151773452759
3.0810933113098145 5.24593977301339 3.196627616882324 5.608853816986084
3.060565233230591 5.864308351709653 3.418313980102539 6.761155605316162
4.33590841293335 5.384317535796072 2.5264508724212646 2.592759609222412
3.787022352218628 6.205542595164275 2.8736612796783447 3.869774580001831
2.3930654525756836 3.7506784752851843 3.143712282180786 5.233525276184082
1.6683427095413208 3.041246324115604 3.249333381652832 6.054876804351807
4.98733377456665 6.273008176793155 2.6349267959594727 2.7270705699920654
4.139650821685791 6.439116853779524 3.096115827560425 4.317236423492432
3.172562837600708 5.033014643630452 3.472750186920166 6.082004547119141
2.7810752391815186 5.537995740362248 3.6276004314422607 7.153939723968506
5.9881463050842285 7.580079517832498 2.800617218017578 2.920271635055542
3.2847061157226562 5.996312505988499 3.4198665618896484 4.959373950958252
4.462840557098389 7.36256597458123 3.9403045177459717 7.297666072845459
3.888695240020752 5.951450625767848 4.158665180206299 8.718826293945312
3.0163254737854004 3.598852347084488 2.6528475284576416 2.877180337905884
3.1798760890960693 5.187478271182986 3.483543634414673 4.832200050354004
2.481353521347046 4.089713208814146 3.613802671432495 6.192572593688965
2.5945022106170654 4.852418260705784 3.656729221343994 7.021904945373535
4.548128604888916 5.360949492067448 2.805778741836548 3.069073438644409
3.515935182571411 5.988603455509292 3.7695517539978027 5.450662612915039
3.311107873916626 4.703117712120502 4.030972957611084 7.314997673034668
2.4746413230895996 5.26919383133918 4.129846096038818 8.442015647888184
4.553327560424805 5.0024360264920915 3.032325029373169 3.3465335369110107
3.954834222793579 5.366830118651933 4.19461727142334 6.361652374267578
4.434256076812744 7.896007216712377 4.62931489944458 8.937068939208984
3.4290642738342285 3.890759189703388 4.7995758056640625 10.4788236618042
3.89670991897583 4.506741415825257 1.436287522315979 1.471393346786499
3.3698079586029053 5.526323110721364 1.6577355861663818 2.0893468856811523
2.8530516624450684 5.338284837910578 1.9165871143341064 2.88791823387146
2.2080156803131104 3.0166966531699018 2.085639476776123 3.4866695404052734
4.152421474456787 4.957213347504876 1.5049954652786255 1.5442765951156616
4.170163631439209 6.121479089357301 1.7517178058624268 2.2368996143341064
3.3589024543762207 4.576423286319574 2.042696237564087 3.1435441970825195
2.240488290786743 4.20069222301089 2.232452630996704 3.8252127170562744
4.734967231750488 5.815119351713805 1.6048802137374878 1.649755597114563
4.609309196472168 6.648178171236054 1.8874378204345703 2.4500861167907715
3.803211212158203 6.600064945012027 2.2230231761932373 3.5116474628448486
2.900118112564087 5.8577633086688365 2.4406380653381348 4.308584690093994
4.404982089996338 5.200354190760947 1.6081587076187134 1.646541714668274
3.8772659301757812 6.256450998725901 1.8817354440689087 2.4075968265533447
2.818157434463501 4.476525682467141 2.1965630054473877 3.411445379257202
2.5461549758911133 4.933143586791011 2.3969154357910156 4.169116497039795
4.928622722625732 5.925386167249826 1.7045975923538208 1.7503939867019653
4.746459007263184 7.604876865645565 2.019909381866455 2.6346566677093506
4.1173200607299805 7.404309590383036 2.387512683868408 3.8216729164123535
3.135887861251831 5.935835515833787 2.6209194660186768 4.718679428100586
5.492897033691406 6.664892823800216 1.848594307899475 1.9043933153152466
4.542413234710693 7.891243580501396 2.2263693809509277 2.9744763374328613
3.9700748920440674 7.230326406552379 2.671205759048462 4.435545921325684
3.600412607192993 6.229482684983026 2.95141339302063 5.535798072814941
4.679544925689697 5.570712851094299 1.8294951915740967 1.8477940559387207
3.211622476577759 5.366802112446294 2.1322803497314453 2.748892307281494
3.1767356395721436 5.627907486311074 2.4759058952331543 3.9367830753326416
2.9775171279907227 5.5499232469858555 2.6912074089050293 4.828207492828369
5.198160171508789 6.273794217515842 1.9447355270385742 1.978175401687622
4.177525520324707 6.964188851046465 2.3088624477386475 3.056551694869995
1.9180437326431274 3.224579033425286 2.7276220321655273 4.5064826011657715
2.6088762283325195 5.434369942421995 2.988170623779297 5.591528415679932
6.153539657592773 7.525660863530902 2.123216152191162 2.1749167442321777
5.295176982879639 8.187261997396035 2.5816409587860107 3.5292553901672363
4.2662434577941895 8.048072893946483 3.1132240295410156 5.3806538581848145
3.8070244789123535 7.126763194229397 3.439274549484253 6.7568440437316895
2.8146438598632812 3.105288242460972 2.011908769607544 2.3096253871917725
3.4361112117767334 6.521302599973978 2.5310847759246826 3.2999632358551025
3.377023458480835 5.86013368410768 2.7375965118408203 4.426758289337158
2.3264358043670654 4.161369008394956 2.936657190322876 5.384901523590088
4.035682201385498 4.376988460178631 2.1532511711120605 2.4877028465270996
3.975269317626953 6.4769683210484175 2.7509148120880127 3.7345008850097656
3.210277795791626 5.469092016541737 3.0372986793518066 5.137593746185303
2.8919763565063477 4.7073710882578155 3.2910501956939697 6.328065395355225
4.9611616134643555 5.689362682281228 2.37410569190979 2.76283860206604
4.892103672027588 7.216761042001053 3.0808796882629395 4.360477924346924
3.7458300590515137 6.740833664264053 3.506497859954834 6.243889331817627
4.068304538726807 6.111936492241057 3.840501308441162 7.789560317993164
4.40031623840332 4.938728451791292 1.775987148284912 1.8292059898376465
3.530461311340332 4.996332153917464 2.0940608978271484 2.6982977390289307
3.948023557662964 6.26674115928558 2.418092966079712 3.731990098953247
2.4550886154174805 4.359240249988602 2.5931084156036377 4.441239356994629
4.633954048156738 5.455942832918481 1.8688995838165283 1.9298193454742432
4.551506042480469 6.781345055134928 2.2403924465179443 2.9493255615234375
3.328436851501465 5.081553040221479 2.623906135559082 4.192920207977295
2.969804525375366 5.014589826640076 2.832080364227295 5.050694942474365
5.163676738739014 6.249671213485712 1.9996892213821411 2.072288751602173
4.948644638061523 8.443669014961415 2.4451582431793213 3.3034119606018066
3.9228627681732178 6.217487079626721 2.9086692333221436 4.8437113761901855
3.108752965927124 4.5430368728932535 3.1591522693634033 5.911589622497559
5.115132808685303 5.842705847134681 2.2339165210723877 2.315419912338257
4.178111553192139 5.700673790936435 2.674463987350464 3.543060541152954
3.7360057830810547 5.38020533568897 3.0889878273010254 5.002763271331787
2.9825332164764404 4.805274088678175 3.2864255905151367 5.975628852844238
5.537883281707764 6.557758531733633 2.360156297683716 2.453608274459839
4.118655681610107 6.74095282278698 2.911775827407837 3.9781601428985596
3.9819140434265137 6.355854240318877 3.4387192726135254 5.841058731079102
3.5956029891967773 6.66801268650579 3.6934826374053955 7.083085536956787
6.16864013671875 7.4952310371967314 2.544750928878784 2.657886028289795
4.452713966369629 7.897800602368719 3.2530033588409424 4.615547180175781
4.086916923522949 7.669689584126104 3.9337241649627686 7.058691501617432
3.3096847534179688 5.2191383414787165 4.262253284454346 8.683168411254883
5.233309745788574 6.031292640395122 2.7621219158172607 2.8692421913146973
3.6230947971343994 5.360055560897763 3.357025384902954 4.600526809692383
3.598095655441284 5.521386014587733 3.825455665588379 6.478268623352051
2.5696115493774414 4.434520105245156 4.015795707702637 7.6726861000061035
5.885053634643555 7.022116264708984 2.919426679611206 3.0576319694519043
3.815927028656006 5.977608678712841 3.7010560035705566 5.283553600311279
3.3998820781707764 6.059772334322876 4.341453552246094 7.782063007354736
2.8756332397460938 5.591493802523928 4.610137462615967 9.368061065673828
6.749414443969727 8.374196759855845 3.1614551544189453 3.343075752258301
4.75709867477417 7.26569302911581 4.217488765716553 6.313539505004883
4.887035846710205 7.257678790880206 5.0884480476379395 9.71585750579834
3.888622999191284 6.879953279363889 5.453540802001953 11.843326568603516
4.204449653625488 4.677837914107386 3.0274858474731445 3.356022596359253
3.3747894763946533 5.220745808059208 4.0010528564453125 5.7388410568237305
2.8179774284362793 4.2439823590266315 4.493770599365234 7.899245738983154
2.433077573776245 4.027364880265614 4.646336555480957 9.191006660461426
4.638093948364258 4.989704575841131 3.2560627460479736 3.652494192123413
4.711493492126465 7.5687336875511875 4.461343288421631 6.702377796173096
2.8437602519989014 4.452725739794957 5.153745174407959 9.61328125
2.117997646331787 3.840750691909994 5.402050018310547 11.405092239379883
5.1914472579956055 5.598117508512047 3.602952003479004 4.097636699676514
5.175619602203369 8.21881297312558 5.160655498504639 8.172036170959473
3.478325128555298 5.687939418336725 6.132867813110352 12.213065147399902
4.068094253540039 6.829733326754649 6.489355087280273 14.664827346801758
4.415855884552002 5.142388515999727 1.7329238653182983 1.8121328353881836
3.8114211559295654 5.25986428492854 2.0782604217529297 2.7688040733337402
2.9051291942596436 4.773209235359656 2.383852005004883 3.7667019367218018
2.8122665882110596 4.3668650810796805 2.5431740283966064 4.444504261016846
4.518673896789551 5.529056970685787 1.8158924579620361 1.903545618057251
3.7920174598693848 6.361533993359487 2.2131428718566895 3.0087599754333496
2.8831355571746826 4.850010930679561 2.57008695602417 4.200404167175293
2.782365322113037 4.955059914310141 2.755774736404419 5.017481803894043
5.076761245727539 6.302170678325638 1.9340037107467651 2.0325002670288086
4.53119421005249 6.051197673273996 2.4023849964141846 3.3394651412963867
3.958946943283081 5.667710452404378 2.8287177085876465 4.798360347747803
2.762523651123047 5.078582252156366 3.050206184387207 5.806009292602539
5.053973197937012 5.913462149260795 2.1722495555877686 2.2954695224761963
4.239309310913086 6.583281294858438 2.6220436096191406 3.573031187057495
2.8018510341644287 4.814354999129513 2.990530014038086 4.912569522857666
3.005545139312744 5.0975297556174155 3.158735513687134 5.806984901428223
5.436008930206299 6.515544298176337 2.2818446159362793 2.4156856536865234
4.688957214355469 7.683886026732328 2.831766366958618 3.969813346862793
3.365205764770508 6.00773558498463 3.296495199203491 5.669676303863525
2.906740665435791 4.5427376707883695 3.5116965770721436 6.815739631652832
6.025942802429199 7.5494609492948825 2.443814754486084 2.595256805419922
4.903102874755859 7.478813747115396 3.1343233585357666 4.540871620178223
3.445159912109375 5.74504737712482 3.7315781116485596 6.753550052642822
2.7100372314453125 5.3023272468661276 4.010179042816162 8.24551773071289
5.2566118240356445 6.139764199980618 2.6838343143463135 2.8306219577789307
3.6621484756469727 5.4006611261786475 3.2423508167266846 4.522411823272705
2.7554049491882324 4.981672129851177 3.6428115367889404 6.194370746612549
3.1660053730010986 5.134654613153339 3.7936882972717285 7.256134033203125
5.84368371963501 6.9460688177387055 2.822950601577759 3.000688314437866
4.509741306304932 6.591827445704082 3.548170566558838 5.143615245819092
3.064359426498413 4.231798663771485 4.089975357055664 7.344431400299072
2.2261478900909424 4.100025620684185 4.303180694580078 8.765073776245117
6.659040927886963 8.264560712946036 3.035710096359253 3.253856658935547
4.893755912780762 7.426931629347365 3.995807409286499 6.0494160652160645
3.2516791820526123 5.750299032438136 4.733225345611572 9.02778434753418
3.3287904262542725 6.716662660280129 5.0319342613220215 10.949151039123535
3.518310785293579 3.7134739461600104 2.8558366298675537 3.229358196258545
3.808419942855835 5.4448128228114 3.8444573879241943 5.3747334480285645
2.99916410446167 4.2088116308354415 4.218654632568359 7.364535331726074
2.338733673095703 4.394330759936224 4.335841655731201 8.53103256225586
3.7576041221618652 4.58578367168775 3.0520670413970947 3.480292797088623
3.286804676055908 5.714747642929796 4.252044677734375 6.2290496826171875
3.3119423389434814 5.842711849767212 4.806116104125977 8.923474311828613
2.483536720275879 3.580430734101469 4.990009784698486 10.50230884552002
5.770506858825684 6.497687121811483 3.3305065631866455 3.815640687942505
4.361335277557373 6.705187529700652 4.8563232421875 7.566066265106201
3.1935219764709473 5.133912689600663 5.652124404907227 11.20510482788086
3.9580752849578857 6.802941399968972 5.928273677825928 13.380084991455078
3.923678398132324 4.426897070123061 1.6853630542755127 1.7316381931304932
3.4006223678588867 5.271180878088581 1.9305514097213745 2.4551329612731934
2.320477247238159 3.7631672016016324 2.1733460426330566 3.3014588356018066
2.3528101444244385 5.065813372968222 2.307034730911255 3.867007255554199
4.315124034881592 5.133208701738113 1.7710126638412476 1.8210595846176147
3.869403839111328 6.4958604029154685 2.057027816772461 2.6569643020629883
2.8783481121063232 3.5798161266552597 2.341435194015503 3.6624209880828857
3.1639504432678223 5.883718672527848 2.4948158264160156 4.337703227996826
5.003764629364014 6.187205482813724 1.8930339813232422 1.949143409729004
4.561677932739258 6.652093718818598 2.2361021041870117 2.937803030014038
4.28200101852417 6.343809585234009 2.5786993503570557 4.159790992736816
3.6018497943878174 6.798060616619182 2.759399890899658 4.983425617218018
4.481831073760986 5.114598786281022 2.1058740615844727 2.1767239570617676
3.884892702102661 6.191226038093355 2.4262049198150635 3.154017686843872
3.0331356525421143 5.604213517479927 2.7015135288238525 4.271523952484131
1.7764230966567993 3.6651830008543627 2.823697566986084 4.985865116119385
5.024004936218262 6.04108216179975 2.2263872623443604 2.3009567260742188
4.2548394203186035 7.034006609358869 2.6293106079101562 3.4983198642730713
2.7589809894561768 5.179956501276337 2.981769561767578 4.9077348709106445
3.624016046524048 6.132223624943549 3.136226177215576 5.809920310974121
5.8605241775512695 7.219364687725886 2.402604103088379 2.48687481880188
4.3145012855529785 7.021401890029665 2.9236347675323486 3.994002103805542
4.159280776977539 6.939997905716162 3.386685848236084 5.819277286529541
3.639686107635498 6.443157774872187 3.587522506713867 6.986163139343262
4.614574432373047 5.3897986977553956 2.59531307220459 2.723064661026001
3.587696075439453 5.529524402085222 3.014211416244507 4.024041652679443
3.295607328414917 5.458417091102473 3.2896547317504883 5.392623424530029
3.238722562789917 6.002832610137659 3.3710241317749023 6.210764408111572
5.355025768280029 6.453150291669772 2.7536895275115967 2.8892273902893066
3.433095932006836 6.413308512343292 3.3109185695648193 4.56568717956543
3.3286640644073486 5.437324191968855 3.7020022869110107 6.3779168128967285
2.2965164184570312 4.5487504130790555 3.825826644897461 7.45815372467041
6.413674354553223 7.901187553685759 2.989238739013672 3.143810510635376
4.521345138549805 6.975933056561288 3.7502894401550293 5.360400199890137
4.114572525024414 7.012090614967235 4.3087544441223145 7.820036888122559
4.219719409942627 7.6504253311534285 4.491392135620117 9.276350975036621
3.966770648956299 4.381081903108766 2.801595687866211 3.0843210220336914
2.7982866764068604 4.547419100779056 3.6476891040802 5.033218860626221
2.549638271331787 5.078037092362592 3.8490936756134033 6.495058059692383
2.725670576095581 4.937309689141216 3.8582589626312256 7.3308539390563965
3.3507750034332275 3.6858377456412175 3.019444465637207 3.3320505619049072
4.515048027038574 6.554941675465047 4.038100242614746 5.797360420227051
3.1004602909088135 5.21823941821367 4.385032653808594 7.83380126953125
2.667715311050415 5.306308697402379 4.44399881362915 8.983643531799316
5.690253257751465 6.638341005452503 3.339611291885376 3.707730531692505
3.8844728469848633 6.006824626256503 4.629062175750732 6.954269886016846
4.378408432006836 6.691887674186616 5.184763431549072 9.811051368713379
4.306673049926758 7.816437308963259 5.309761047363281 11.411598205566406
4.278411388397217 4.818396480008232 1.5433824062347412 1.5818356275558472
3.876697540283203 6.213687281447164 1.778274655342102 2.2396981716156006
3.313380241394043 5.332181774165633 2.0270438194274902 3.0636863708496094
2.9859442710876465 5.21220708668352 2.175854444503784 3.6489388942718506
4.4272613525390625 5.205714096310658 1.6195422410964966 1.6646060943603516
3.9414355754852295 6.5010677423095515 1.886006474494934 2.4166572093963623
3.051464796066284 5.750912448338283 2.168670415878296 3.3705155849456787
3.2017717361450195 6.360997372331269 2.3352789878845215 4.050240516662598
4.998526573181152 6.16489184614673 1.730368971824646 1.7825310230255127
3.9579355716705322 6.898610151774051 2.0415878295898438 2.664929151535034
3.9622726440429688 6.807058520566491 2.369734525680542 3.7964701652526855
3.3186843395233154 5.716599032970635 2.558441638946533 4.604069709777832
5.028512477874756 5.725187455601997 1.8503844738006592 1.8925751447677612
3.8773882389068604 6.196493359467622 2.1328892707824707 2.7375025749206543
3.550274610519409 5.371232542063808 2.403297185897827 3.7763562202453613
2.575714349746704 5.364209703512769 2.5486295223236084 4.493020534515381
5.377392768859863 6.359611049612283 1.9533592462539673 2.0096988677978516
4.407861232757568 6.317009755799055 2.295097589492798 3.022404670715332
3.946453332901001 6.984349879828642 2.626260280609131 4.288225173950195
3.303677558898926 5.718971028950591 2.8004603385925293 5.161544322967529
5.996052265167236 7.310838863180834 2.1094937324523926 2.1807401180267334
5.650705337524414 7.660405744663393 2.5384438037872314 3.4362030029296875
4.478036880493164 7.3804120693964705 2.9537851810455322 5.025612831115723
3.7556395530700684 6.297234034974309 3.165410280227661 6.120556831359863
5.337404727935791 6.097351354265243 2.3321878910064697 2.3470864295959473
4.545098781585693 6.915950699982901 2.5895533561706543 3.368870496749878
3.4220926761627197 5.532880830804515 2.8102757930755615 4.562361717224121
2.5612521171569824 5.279625100602036 2.916910409927368 5.354184627532959
5.987578868865967 7.0445692127971355 2.450321674346924 2.4933881759643555
4.450535774230957 7.505956330580261 2.807626724243164 3.7837209701538086
4.417081356048584 6.8706838027721915 3.1173810958862305 5.308387279510498
3.565315008163452 6.106602677182437 3.262866497039795 6.313152313232422
6.855525016784668 8.294147398476676 2.641732931137085 2.713573694229126
5.135462760925293 7.5866558795526515 3.1447901725769043 4.397759437561035
4.600611686706543 8.643435092382823 3.5801074504852295 6.407054424285889
3.9062001705169678 6.770734406381052 3.7761316299438477 7.721526622772217
4.122169017791748 4.476130620829281 2.3771016597747803 2.6265313625335693
4.250576496124268 7.216501213978859 3.290184497833252 4.401509761810303
2.601931571960449 4.362037714763925 3.2067060470581055 5.33728551864624
2.5570597648620605 4.220362832650835 3.2327399253845215 6.109938621520996
4.397894382476807 4.637201424555315 2.5519847869873047 2.8166980743408203
4.472929000854492 5.835236437638837 3.5684947967529297 4.987034320831299
3.2657294273376465 5.4294710617869555 3.59074330329895 6.319881916046143
2.799501419067383 5.087926582418731 3.6591646671295166 7.333502769470215
4.937880039215088 5.49749663101737 2.8119561672210693 3.1359400749206543
5.646704196929932 8.156768379826177 4.009942054748535 5.845538139343262
4.957708358764648 8.618595309621908 4.178179740905762 7.780777454376221
3.892712116241455 6.686253609482058 4.301351070404053 9.150078773498535
4.165948867797852 4.881890882967014 1.5319377183914185 1.5858389139175415
3.872178316116333 6.083629604312591 1.8021423816680908 2.3539695739746094
2.0137758255004883 3.431626949652241 2.0475502014160156 3.2198150157928467
2.04274582862854 3.3439592342954256 2.1855857372283936 3.8351547718048096
4.381166458129883 5.416730651860689 1.6096653938293457 1.6678649187088013
3.8875958919525146 6.803933420427143 1.913926124572754 2.532776355743408
2.2789738178253174 3.6363951206959095 2.195739984512329 3.539173126220703
3.0364603996276855 5.056830863377172 2.352932929992676 4.260514736175537
4.989162445068359 6.263709670094329 1.721827745437622 1.7861727476119995
4.336912631988525 5.923480641323522 2.07373309135437 2.7865703105926514
3.7489960193634033 6.334986807245741 2.4062681198120117 3.987920045852661
2.9093048572540283 5.388938400145413 2.588951587677002 4.8530802726745605
4.7135090827941895 5.6130510229045285 1.816771149635315 1.8888652324676514
3.849853754043579 5.856040212942947 2.141939163208008 2.854997158050537
2.359483480453491 3.94790169993189 2.414628505706787 3.941918134689331
2.6494035720825195 4.527329244347884 2.553386688232422 4.69962739944458
5.2054877281188965 6.360816383893688 1.922695517539978 2.001077175140381
4.588229179382324 7.963631382527154 2.309321641921997 3.1376442909240723
3.9761440753936768 7.135746886792241 2.6466145515441895 4.470757007598877
2.93977427482605 5.169214087777002 2.8166868686676025 5.4062299728393555
5.931227684020996 7.679550479655191 2.081961154937744 2.170217275619507
4.802923679351807 7.196122972696507 2.5574772357940674 3.554612874984741
3.8349878787994385 6.078691010500497 2.987379789352417 5.243855953216553
3.001999855041504 4.918593740407232 3.2003562450408936 6.431830883026123
4.767704963684082 5.756824198402995 2.2794671058654785 2.382002353668213
2.916292905807495 4.549333336142354 2.5861246585845947 3.5202980041503906
1.8694480657577515 3.8222091736987522 2.8106443881988525 4.742920875549316
2.4625532627105713 4.560384315690044 2.9156296253204346 5.578431606292725
5.427131652832031 6.663938756765219 2.3983473777770996 2.5144495964050293
4.9763383865356445 7.412215555925207 2.8037209510803223 3.9177398681640625
2.452285051345825 4.810477795835794 3.127356767654419 5.504578113555908
2.2293152809143066 3.480760275418959 3.276567220687866 6.588139057159424
6.371710777282715 8.276789012837128 2.5892984867095947 2.7236263751983643
3.7651195526123047 5.809315013097773 3.141303062438965 4.5228776931762695
4.536782741546631 7.354913955547829 3.6072914600372314 6.64687967300415
3.0284769535064697 5.285288337344689 3.815643310546875 8.089518547058105
4.254629611968994 4.8221863283504725 2.324936628341675 2.611844301223755
3.017210006713867 4.8681039858584825 3.341144561767578 4.69849967956543
2.3554859161376953 4.742004117206761 3.2094545364379883 5.569583415985107
2.66851544380188 5.0077395071571775 3.226330518722534 6.352025508880615
3.1171157360076904 3.3407335500439785 2.4900808334350586 2.8120603561401367
3.613987445831299 5.41189545058387 3.641216993331909 5.305332183837891
3.866457462310791 6.050404767583359 3.597369432449341 6.554744720458984
3.1960010528564453 5.3846773208219885 3.669325828552246 7.63223934173584
5.579183578491211 6.593341240583754 2.7502129077911377 3.1253767013549805
5.0590128898620605 7.802600662478824 4.084327220916748 6.19564151763916
3.3201887607574463 6.487141933004115 4.200772762298584 8.054060935974121
3.1853530406951904 3.417958480445236 4.343586444854736 9.560806274414062
4.250439643859863 4.751715858035823 1.5256818532943726 1.5719083547592163
4.159877777099609 6.608474868916802 1.7726794481277466 2.289855718612671
3.5083439350128174 5.990848655880427 2.0354504585266113 3.1230876445770264
3.3249354362487793 5.913853841110324 2.196925163269043 3.689661741256714
4.494584083557129 5.366276760720311 1.6005675792694092 1.651910424232483
3.8002946376800537 5.941634256633126 1.8812556266784668 2.462797164916992
3.3844151496887207 5.682031904266751 2.1811158657073975 3.4221365451812744
2.4000415802001953 4.771640888268635 2.363888740539551 4.081934928894043
5.026098728179932 6.125750141247693 1.7070224285125732 1.7656956911087036
3.543958902359009 6.637018155973777 2.0331780910491943 2.708487033843994
4.507487773895264 7.266191784057967 2.3827216625213623 3.84552264213562
3.7971060276031494 6.537922717481251 2.592888832092285 4.632658958435059
4.814888954162598 5.479228798270356 1.7970812320709229 1.8516395092010498
3.7030558586120605 5.592352501570929 2.0929367542266846 2.7475950717926025
2.7156426906585693 4.732499365710252 2.393162727355957 3.79740571975708
2.1883227825164795 3.296615708002264 2.569725513458252 4.512517929077148
5.330567836761475 6.3511015552142 1.898423194885254 1.962622046470642
4.407773971557617 6.209717881381266 2.253926992416382 3.0198683738708496
3.3783740997314453 5.30519013716588 2.6185028553009033 4.29026460647583
3.692692756652832 6.195076553878607 2.830139398574829 5.164167881011963
5.929773807525635 7.249748197388072 2.047715902328491 2.1252903938293457
4.449994087219238 7.988265668142333 2.4875104427337646 3.421875
4.203399181365967 6.690586787342042 2.9417500495910645 5.016451358795166
4.268344879150391 7.471007280008723 3.200937032699585 6.115514755249023
5.047719955444336 5.816058340288066 2.2172341346740723 2.274752140045166
4.378072738647461 6.572102243278195 2.5019004344940186 3.307342290878296
3.5658841133117676 6.423516076739816 2.774663209915161 4.512975692749023
2.4969334602355957 4.580388279032377 2.9370994567871094 5.3337721824646
5.751287460327148 6.83118597225166 2.336343765258789 2.4029104709625244
3.6099166870117188 6.207426475440599 2.7114932537078857 3.68795108795166
3.613084554672241 6.042892595788999 3.0797786712646484 5.218372821807861
3.2452199459075928 5.536849591626677 3.291633367538452 6.2634687423706055
6.662862777709961 8.130549328972847 2.516747236251831 2.6042897701263428
5.626537799835205 9.386784026203713 3.0267906188964844 4.2684173583984375
4.226303577423096 5.257727065518793 3.5313827991485596 6.286757469177246
2.5224523544311523 4.806768492820893 3.810147762298584 7.656249046325684
4.071078777313232 4.470556602309841 2.2511417865753174 2.508927345275879
2.9785044193267822 5.285417886750103 3.1914520263671875 4.339670181274414
3.1999948024749756 5.941371952573718 3.155478000640869 5.212681770324707
3.0045878887176514 3.97056455483812 3.2541966438293457 6.0439581871032715
4.152933120727539 4.517747605739089 2.412248373031616 2.6989142894744873
3.7197201251983643 5.534413625216226 3.4762024879455566 4.880255699157715
3.6993868350982666 6.502341161663935 3.530824661254883 6.123880386352539
3.326597213745117 5.497774992106137 3.688297748565674 7.221167087554932
5.530717372894287 5.989541255327495 2.656670570373535 2.9914920330047607
4.8368988037109375 8.302232141870604 3.894230604171753 5.699357509613037
4.183524131774902 7.4932660439983465 4.097860813140869 7.524037837982178
3.525404691696167 5.052259304113992 4.335237503051758 9.01105785369873
3.7854437828063965 4.574686668131461 1.7407456636428833 1.8077276945114136
2.9163498878479004 4.981579395423751 2.050246477127075 2.6858651638031006
2.297595500946045 3.459030079735996 2.3290021419525146 3.6280529499053955
2.628129243850708 4.330394242651509 2.471766710281372 4.249697208404541
4.236215591430664 5.266517211624887 1.825305700302124 1.9001251459121704
4.0398712158203125 6.575224801312656 2.1778454780578613 2.9031336307525635
3.3569483757019043 5.983411788786043 2.5037450790405273 4.026033878326416
2.7991578578948975 5.010265430448385 2.67134428024292 4.783080577850342
5.022603988647461 6.24302718981744 1.9449524879455566 2.0292277336120605
4.487205505371094 7.1487523494161564 2.3562538623809814 3.2058494091033936
3.5904438495635986 6.835097595288628 2.7448203563690186 4.571527004241943
2.300126314163208 4.780656956206515 2.9432692527770996 5.505519866943359
4.358762264251709 5.334206175547706 2.160656213760376 2.2495999336242676
3.9302754402160645 6.825978660954888 2.565433979034424 3.422300338745117
2.4362852573394775 4.9035609227979755 2.900411605834961 4.692020893096924
1.9895257949829102 3.9753032532578345 3.043842315673828 5.502259254455566
4.9906134605407715 6.147311469341673 2.272742986679077 2.374464988708496
4.720482349395752 7.483350195544745 2.765146017074585 3.790024757385254
2.6971282958984375 4.956516172059484 3.189786434173584 5.39652681350708
1.789128303527832 3.780382713374479 3.376858949661255 6.443691730499268
5.890596389770508 7.476951919025112 2.4382755756378174 2.557678461074829
5.409032821655273 8.022015320108064 3.0534892082214355 4.31918478012085
4.214260578155518 7.116106665802363 3.5999677181243896 6.393678188323975
3.6515743732452393 5.719887694987619 3.8416037559509277 7.760322570800781
4.501270771026611 5.564701796528858 2.662937879562378 2.7874033451080322
2.48988676071167 3.7285641480471554 3.1654787063598633 4.308656692504883
2.7753512859344482 4.720614190709581 3.516822099685669 5.879323482513428
1.6481616497039795 3.3450402419387046 3.6295862197875977 6.828091144561768
5.334895610809326 6.575281795964862 2.7995247840881348 2.9433910846710205
3.9533298015594482 7.3079647832980665 3.450617790222168 4.868024826049805
2.9195175170898438 5.830777974910461 3.9372851848602295 6.954916954040527
1.2652562856674194 1.7589357750827617 4.11110258102417 8.244768142700195
6.49487829208374 8.300633383343637 3.0116798877716064 3.1857779026031494
5.397776126861572 8.840412552349676 3.8755462169647217 5.701082706451416
3.3826727867126465 4.949579985324704 4.550311088562012 8.519113540649414
3.574462413787842 5.808269196457843 4.799271106719971 10.276374816894531
3.8155341148376465 4.268890553792971 2.839651584625244 3.1349194049835205
3.2329883575439453 5.497868664276041 3.776374101638794 5.2354021072387695
2.7164666652679443 5.066162317338694 4.089650630950928 7.025425434112549
2.1169087886810303 4.004286635070244 4.135393142700195 8.003390312194824
4.210879802703857 5.0098127216267585 3.027381181716919 3.3711395263671875
4.408289432525635 7.042360143988234 4.164893627166748 6.075827121734619
3.3247177600860596 4.774114027264659 4.6281046867370605 8.45286750793457
2.7775847911834717 3.8757897569601027 4.749154567718506 9.85362720489502
5.333257675170898 5.456415130534197 3.31207537651062 3.7280101776123047
5.1039347648620605 7.255919013015846 4.7385573387146 7.293943405151367
4.139340400695801 6.671305293147633 5.429749011993408 10.562503814697266
2.3190457820892334 3.5206468059257148 5.643519401550293 12.54849910736084
4.5092997550964355 5.216424879133058 1.52799654006958 1.585378885269165
3.8175623416900635 6.281960440694086 1.8305623531341553 2.4178895950317383
3.828294038772583 5.83336004939747 2.124802827835083 3.3468055725097656
2.971595048904419 5.126937829659028 2.2988476753234863 3.9999842643737793
4.670833587646484 5.6799225333061365 1.6067110300064087 1.6717681884765625
4.215422630310059 6.41161702229482 1.9465736150741577 2.613668203353882
3.9626455307006836 6.79857730115873 2.2827372550964355 3.698712110519409
3.383784294128418 5.404807455255465 2.48199725151062 4.47266960144043
5.157650947570801 6.37482092337757 1.7213574647903442 1.79562246799469
4.531922817230225 8.008866983000871 2.1142873764038086 2.892075777053833
4.312373638153076 8.077274378548964 2.509983539581299 4.197868347167969
3.229306936264038 6.425859506707582 2.744547128677368 5.140974044799805
5.338415622711182 6.225169505853955 1.8062427043914795 1.864659070968628
4.936467170715332 8.167803067297427 2.192333698272705 2.932953357696533
3.6392693519592285 6.268424462329023 2.5587520599365234 4.157235145568848
2.5069479942321777 4.128113900827422 2.758928060531616 5.007755756378174
5.658777236938477 6.782737407131208 1.9141196012496948 1.98908531665802
3.9173526763916016 6.464744371159071 2.365485668182373 3.2460684776306152
3.7908098697662354 6.26696719268773 2.806694269180298 4.748271942138672
2.9486935138702393 5.211595373717216 3.050058603286743 5.809807777404785
6.261153697967529 7.813278620036158 2.0787746906280518 2.1723074913024902
5.2062482833862305 7.527608221884149 2.6270217895507812 3.708824872970581
4.650278568267822 8.352761898341694 3.178567886352539 5.622325420379639
4.3049092292785645 6.8572737017349255 3.4850683212280273 6.992482662200928
5.547072410583496 6.509693424946136 2.2658255100250244 2.241297721862793
3.4741172790527344 5.522668520546404 2.6936278343200684 3.588766098022461
3.715383291244507 5.920072684167067 3.0648176670074463 5.088897705078125
2.506227970123291 4.636853145663622 3.2495274543762207 6.091850757598877
6.204325199127197 7.393053883307325 2.3884799480438232 2.403308391571045
5.117420196533203 8.612760029618471 2.9181385040283203 4.040876865386963
4.6459059715271 8.186932246694226 3.405015230178833 5.953508377075195
3.652003049850464 5.96560072547274 3.6522648334503174 7.259274005889893
7.047652244567871 8.78091419176394 2.5888638496398926 2.6444060802459717
5.488062381744385 9.331013965911097 3.2761240005493164 4.725229740142822
4.5063910484313965 7.120625935141106 3.93479323387146 7.2703537940979
3.669968843460083 6.888384081221432 4.273351192474365 9.032196998596191
4.525308132171631 5.014702056766055 2.2760162353515625 2.516702175140381
4.191045761108398 6.736988938114962 3.611170768737793 4.869364261627197
2.720728874206543 5.059429962923787 3.62573504447937 6.120099067687988
3.220996856689453 5.549217194338098 3.7083778381347656 7.116857051849365
4.429240703582764 4.7324987333558965 2.4404563903808594 2.730821371078491
4.573972225189209 6.838754991937549 3.9072296619415283 5.531452178955078
4.093616962432861 6.545686749454717 4.048532009124756 7.262048721313477
2.615328550338745 5.894608311071579 4.207319736480713 8.615615844726562
5.576063632965088 6.2941628908748015 2.7036662101745605 3.0602657794952393
4.198193073272705 7.878554703706868 4.384261131286621 6.552042484283447
5.205568790435791 7.406438204532455 4.725311756134033 9.022581100463867
4.036381244659424 6.881244510752367 4.994595527648926 10.930822372436523
3.966407537460327 4.935441542122362 1.6213313341140747 1.6780844926834106
3.6497795581817627 6.677932400833743 1.9244385957717896 2.54415225982666
2.6800711154937744 3.794116728995334 2.206073760986328 3.4904894828796387
2.728539228439331 4.445811606046959 2.355694055557251 4.127096176147461
4.2831292152404785 5.468354747123385 1.7046972513198853 1.766445279121399
4.204530239105225 6.999581835874828 2.0532898902893066 2.747213840484619
2.628807544708252 5.169345210448043 2.38035249710083 3.8446547985076904
3.0496482849121094 6.356540350859035 2.5521719455718994 4.588622570037842
4.947183609008789 6.39235308838868 1.8221728801727295 1.8896687030792236
4.790116786956787 6.082844549974979 2.233651638031006 3.029745578765869
4.192752361297607 7.189540370565473 2.622955083847046 4.333437919616699
3.7199766635894775 6.76702066400064 2.8240370750427246 5.218648433685303
4.603363990783691 5.722478347753622 1.9847019910812378 2.0566420555114746
4.285820960998535 6.992997874757238 2.376868486404419 3.2037241458892822
2.915820360183716 5.1618338262176 2.709519147872925 4.459239959716797
2.5626027584075928 5.244149301429129 2.858592987060547 5.2778401374816895
5.112942695617676 6.407648775849921 2.1009678840637207 2.178452968597412
4.586184501647949 8.03395780682763 2.577296495437622 3.5422635078430176
3.371798515319824 6.23404290957393 2.991436243057251 5.0802178382873535
3.032548666000366 5.579352479721933 3.1766250133514404 6.085707187652588
5.889772891998291 7.785680951702051 2.267955780029297 2.355135679244995
4.6963725090026855 7.810257582518261 2.866173028945923 4.026898384094238
4.799477577209473 7.8230532271512345 3.396242618560791 5.962852954864502
2.8221828937530518 4.892811412763308 3.631129264831543 7.223534107208252
4.706058502197266 5.963786328220522 2.472249746322632 2.6244256496429443
2.943239450454712 5.166334341597938 2.9225049018859863 4.0268940925598145
2.8914525508880615 5.051253076477838 3.261312484741211 5.550005912780762
2.440798282623291 4.2573779412596195 3.378289222717285 6.503044128417969
5.45217752456665 6.91518320321893 2.614847421646118 2.759221315383911
4.676575660705566 7.694083739942926 3.205852508544922 4.535274505615234
3.15396785736084 5.532910866014618 3.663694143295288 6.497878551483154
2.701298236846924 3.5880259872151328 3.8269498348236084 7.710360050201416
6.41987419128418 8.47856814504513 2.8276901245117188 2.977015972137451
5.379217624664307 9.084687400227722 3.624663829803467 5.285223007202148
4.528265476226807 7.721695350338507 4.2552490234375 7.865063190460205
3.6793887615203857 6.428011883281783 4.48384428024292 9.441882133483887
4.195275783538818 5.05627591038251 2.560424327850342 2.8797006607055664
3.3014583587646484 6.11021524580535 3.5723793506622314 5.082927227020264
1.7832242250442505 3.2370264010357914 3.7792489528656006 6.601719379425049
2.594304323196411 4.864509290131878 3.8321926593780518 7.595365524291992
4.911581039428711 5.67458467999508 2.7588396072387695 3.095191240310669
4.245309352874756 7.573743956784345 3.9313724040985107 5.797976970672607
3.6037092208862305 7.159991106146208 4.295448303222656 7.881176471710205
3.4040379524230957 5.673872935720738 4.397378444671631 9.17578125
5.362971782684326 6.124850060319432 3.0528793334960938 3.4298629760742188
4.5681304931640625 7.1497199754529674 4.482426166534424 6.868072986602783
4.754836082458496 8.33134748014939 5.064274311065674 9.73602294921875
3.3467605113983154 5.845332101431268 5.236281394958496 11.45665454864502
3.9998366832733154 4.747752356146577 1.8020373582839966 1.8835572004318237
2.7495598793029785 4.90590903015061 2.1681060791015625 2.9035141468048096
2.514918804168701 4.880689238501873 2.4867136478424072 3.945366859436035
2.2450883388519287 4.230417997411934 2.6337478160858154 4.620090007781982
4.4228010177612305 5.48640285040824 1.8971742391586304 1.985788106918335
3.7793641090393066 6.36717956437802 2.3203468322753906 3.159547805786133
3.6909070014953613 6.155136288141192 2.6978182792663574 4.417814254760742
2.957535743713379 5.1521477964777205 2.8735320568084717 5.249353408813477
5.157471179962158 6.6965780386614995 2.0334391593933105 2.129314661026001
4.561913967132568 7.085423868021394 2.5380847454071045 3.514662742614746
3.2567102909088135 5.292656400031547 2.9976112842559814 5.067268371582031
3.492427349090576 5.831261462251405 3.211449384689331 6.103745937347412
4.716531276702881 5.6209727138259495 2.2524163722991943 2.3543827533721924
3.7344672679901123 5.065066648889172 2.7418036460876465 3.7471606731414795
2.4919841289520264 4.003852993997814 3.128981590270996 5.170551776885986
2.2271575927734375 4.00533497400852 3.2760772705078125 6.059902191162109
5.222825527191162 6.3806038547268145 2.3784453868865967 2.501227855682373
4.132129192352295 6.8348320423934865 2.9821670055389404 4.193380832672119
3.607797622680664 4.573389074308807 3.4761998653411865 6.0141921043396
2.0437142848968506 4.120421884935695 3.672281265258789 7.176107883453369
6.115750312805176 7.846809493011278 2.567528009414673 2.7116124629974365
4.459591865539551 6.633932218087011 3.3368327617645264 4.830557823181152
2.7697818279266357 4.249185182234413 3.982841730117798 7.211949825286865
3.811753034591675 5.883703030867082 4.244705677032471 8.74433708190918
4.874125003814697 5.846625819079992 2.7538650035858154 2.868990898132324
3.106142044067383 5.171631189666982 3.3833017349243164 4.709112644195557
2.0821189880371094 3.6490480573011155 3.801056146621704 6.483975410461426
1.9599756002426147 3.3180652415303484 3.920194387435913 7.539124965667725
5.726975440979004 6.944849464219033 2.9178054332733154 3.062457323074341
4.600286483764648 6.969371930136845 3.7288882732391357 5.397222995758057
2.77299427986145 4.1179650591529295 4.296927452087402 7.7571797370910645
2.724949836730957 4.061113501786622 4.48049783706665 9.194445610046387
6.758630752563477 8.415902066915933 3.167996644973755 3.35420560836792
4.667601108551025 7.835387659165477 4.252305030822754 6.402957439422607
3.329679012298584 5.9077430910508895 5.03543758392334 9.60804557800293
3.2048089504241943 5.624534362028498 5.307357311248779 11.573271751403809
4.145533084869385 4.841281163257662 3.0087101459503174 3.296488046646118
3.1148157119750977 4.870810572413831 3.9828197956085205 5.722622871398926
2.163238286972046 3.7795886694616456 4.390799522399902 7.662098407745361
1.949188232421875 3.33333758565783 4.460431098937988 8.792041778564453
4.579726696014404 5.062419156349719 3.2511651515960693 3.6017167568206787
2.3151276111602783 2.8543074187357433 4.444096565246582 6.666386127471924
2.7367846965789795 3.9916838196071325 5.02219295501709 9.324052810668945
2.6169705390930176 3.9180675340222413 5.161661148071289 10.916618347167969
5.4997758865356445 5.899126386882472 3.617929697036743 4.05910587310791
4.740458011627197 7.537774834890797 5.145083904266357 8.069581985473633
3.614812135696411 6.1587054117751165 5.97266149520874 11.77790641784668
3.727262258529663 6.154253525130073 6.209339618682861 14.008759498596191
3.924959421157837 4.824287470519157 1.7516133785247803 1.803972840309143
3.256488084793091 5.338108868702196 2.0655856132507324 2.7469589710235596
2.517738103866577 4.318093651512243 2.3594248294830322 3.7860498428344727
2.630509376525879 4.727044258604792 2.515933036804199 4.463632106781006
4.330423355102539 5.434380914078531 1.8440966606140137 1.9016823768615723
3.771143674850464 5.604279953826904 2.213277578353882 2.983712911605835
2.4957895278930664 3.3493300868820945 2.562926769256592 4.21173620223999
2.2660653591156006 3.7352960393148074 2.747490644454956 5.025829315185547
5.0315985679626465 6.417911238247882 1.9728538990020752 2.0408332347869873
4.76235818862915 8.062349514994821 2.417829751968384 3.326871633529663
3.6550872325897217 6.328238206317934 2.842957019805908 4.824823379516602
3.5843398571014404 6.002097934392694 3.0642499923706055 5.828795909881592
4.51405668258667 5.52111081190219 2.199319362640381 2.266653537750244
2.5860424041748047 3.6748895259446073 2.6169188022613525 3.5776641368865967
2.363698720932007 4.256266115690863 2.9683830738067627 5.0052971839904785
1.970617413520813 3.365373352975279 3.1294524669647217 5.901741027832031
5.088065147399902 6.295399370908854 2.324215888977051 2.397954225540161
3.1489949226379395 5.528388933968772 2.851794719696045 3.9866931438446045
3.472468852996826 5.387154186545786 3.3061413764953613 5.770653247833252
2.970212697982788 5.646498286995168 3.5137856006622314 6.9075093269348145
5.90863037109375 7.6867046387120865 2.501957654953003 2.592362880706787
5.013144493103027 8.948824751963912 3.186039924621582 4.59415864944458
3.8638720512390137 5.158345347087106 3.784327268600464 6.9006853103637695
2.94673752784729 5.475904865816915 4.055193901062012 8.382259368896484
4.7169294357299805 5.769674794445336 2.7390894889831543 2.8448472023010254
3.840613603591919 6.28979666880457 3.2517571449279785 4.595653057098389
2.733192205429077 5.333243697227552 3.6191601753234863 6.384520530700684
2.145200729370117 4.24964945430429 3.756906747817993 7.447076320648193
5.479381084442139 6.772756555215114 2.8910131454467773 3.018420934677124
3.9990780353546143 6.729665087217654 3.5937817096710205 5.241817474365234
3.266742706298828 6.240096282843368 4.111713409423828 7.567275047302246
2.966177225112915 5.5876648397057735 4.309721946716309 8.96424388885498
6.447767734527588 8.247379623127927 3.119710922241211 3.280196189880371
3.7854068279266357 6.962258921353282 4.091256618499756 6.2109785079956055
4.267260551452637 6.244285761894957 4.8218994140625 9.328742027282715
2.868133306503296 4.935813461087385 5.1031293869018555 11.214388847351074
4.077062129974365 4.718934133058344 2.995546579360962 3.3567123413085938
4.108222007751465 7.0533647296942945 3.8966317176818848 5.705646991729736
1.9203550815582275 3.84571370876165 4.194995403289795 7.659519195556641
2.578643560409546 4.117154650362295 4.287717819213867 8.800613403320312
4.476490020751953 4.7118184411552875 3.222567081451416 3.632687568664551
3.344316005706787 5.7973680623852335 4.346052646636963 6.6128973960876465
3.591449499130249 5.965791522026166 4.831688404083252 9.252613067626953
2.822540760040283 4.825251337277152 4.990668773651123 10.783732414245605
5.340460300445557 5.705121042169173 3.5518157482147217 4.0437164306640625
4.719218730926514 6.672167894730421 5.014788627624512 7.990839004516602
4.049105644226074 6.328402622208742 5.760047435760498 11.623281478881836
4.154931545257568 7.256286253545113 6.009725570678711 13.73279857635498
4.151363849639893 4.910080960806055 1.5558847188949585 1.6065295934677124
3.915584087371826 5.882795772386089 1.8278626203536987 2.3803536891937256
2.8282182216644287 4.917629971653355 2.0901572704315186 3.246394395828247
3.0950121879577637 5.625830585878425 2.243741273880005 3.856433868408203
4.42471981048584 5.479073336900567 1.6353250741958618 1.6900373697280884
4.3493475914001465 7.170734780001567 1.9462738037109375 2.567774772644043
3.9803760051727295 6.375731782333918 2.2489500045776367 3.579911708831787
2.8531882762908936 4.078614633720889 2.423299789428711 4.292718887329102
5.075402736663818 6.56764951177388 1.7484649419784546 1.810218095779419
3.76318097114563 5.335528016949581 2.113292694091797 2.8369760513305664
3.769937038421631 6.006558328012716 2.4703731536865234 4.05047082901001
3.4504499435424805 5.633365316126607 2.671196222305298 4.901718616485596
4.926136016845703 5.821269043114668 1.8515506982803345 1.9074931144714355
4.141906261444092 6.588411809387864 2.1792094707489014 2.88590407371521
3.069883108139038 5.715583470433387 2.4718165397644043 3.9817416667938232
2.9977004528045654 5.500154101249791 2.628952741622925 4.749000549316406
5.349790573120117 6.511623324562834 1.961095929145813 2.0243427753448486
4.495396137237549 7.261502533857197 2.359921455383301 3.1886279582977295
3.582897424697876 5.908960092091547 2.72235107421875 4.541009902954102
3.440596342086792 5.460830496751214 2.9120819568634033 5.482088088989258
6.0663323402404785 7.913696559787013 2.1222681999206543 2.1980440616607666
5.423281669616699 8.599474783283767 2.624051094055176 3.6411914825439453
3.9398961067199707 7.3912993214091784 3.0864555835723877 5.366816520690918
3.9019834995269775 6.70680779743725 3.3208539485931396 6.552528381347656
5.215968608856201 6.2139484543682215 2.287389039993286 2.329643726348877
4.271430969238281 5.663308582743866 2.6141152381896973 3.500393867492676
2.9819893836975098 4.673921366463674 2.878222942352295 4.767967700958252
2.3207197189331055 4.443591007355835 3.008228063583374 5.641713619232178
5.982862949371338 7.25553545168583 2.423839807510376 2.4815902709960938
4.693886756896973 8.335105086091062 2.8623971939086914 3.9421730041503906
3.817403554916382 7.050623840096769 3.2274703979492188 5.579328536987305
2.5291483402252197 4.841937761292883 3.3991403579711914 6.697060585021973
6.9117302894592285 8.87886422128268 2.6274280548095703 2.7088117599487305
4.879371643066406 8.133897362733421 3.2344002723693848 4.614797592163086
4.394968032836914 8.614531966315553 3.7491085529327393 6.815836429595947
2.3370752334594727 3.797097801320163 3.980940103530884 8.286104202270508
3.750828981399536 4.088823011392577 2.5007336139678955 2.6868057250976562
4.1423516273498535 6.956220604518421 3.261202573776245 4.36267614364624
2.6856837272644043 4.335090004611857 3.267773151397705 5.5288987159729
2.370579242706299 3.938078181612306 3.3339130878448486 6.412291526794434
4.336508750915527 4.901668793315594 2.6358237266540527 2.9620745182037354
3.9477384090423584 6.792546964774004 3.5769059658050537 5.027889728546143
3.7417008876800537 6.899668564397686 3.7144510746002197 6.590793609619141
2.0231807231903076 4.2331881673922 3.821338653564453 7.758740425109863
5.719072341918945 6.925716199655838 2.9134597778320312 3.29313325881958
6.00073766708374 9.0531545656303 4.067118167877197 6.012290954589844
4.8713483810424805 6.717963210680782 4.389021873474121 8.229689598083496
3.955439567565918 6.919627534729512 4.558106422424316 9.821541786193848
3.9804329872131348 4.557765065247711 1.540418267250061 1.593200922012329
3.6746952533721924 5.467790747367964 1.8025305271148682 2.351853609085083
2.533073663711548 4.430695954519194 2.0587575435638428 3.2200090885162354
2.8460450172424316 5.214010903517419 2.2059266567230225 3.8326611518859863
4.34075403213501 5.322810475321774 1.6215178966522217 1.679019570350647
3.5431385040283203 5.1978942202163125 1.9176102876663208 2.542587995529175
3.4391422271728516 4.943995814472146 2.2104530334472656 3.5531885623931885
2.7648935317993164 3.758367155317501 2.3770945072174072 4.266009330749512
4.974242210388184 6.210216331237977 1.737902283668518 1.8015943765640259
4.3103485107421875 6.375464507930474 2.0821309089660645 2.8080508708953857
3.0341804027557373 5.001905697775737 2.425290107727051 4.0162763595581055
2.966482162475586 5.764311110056951 2.617732524871826 4.86989688873291
4.723578453063965 5.450862335288548 1.8106757402420044 1.8818082809448242
3.902141571044922 6.487683246412416 2.1204099655151367 2.8224682807922363
2.2700088024139404 3.9103681729104665 2.403958797454834 3.8949403762817383
2.0161664485931396 3.7309940571726656 2.556480646133423 4.65094518661499
5.184264659881592 6.300986839041968 1.9241750240325928 2.0031607151031494
4.108808517456055 6.475926337586088 2.2938661575317383 3.1237175464630127
3.3394038677215576 5.970787293925298 2.6400887966156006 4.439367294311523
3.412837266921997 5.362839006697413 2.823659658432007 5.3602776527404785
5.914133071899414 7.413935723891427 2.092841863632202 2.1825335025787354
5.036758899688721 7.338684134419907 2.551950454711914 3.5620996952056885
4.156423568725586 6.982559232739 2.988093376159668 5.23209285736084
3.6768951416015625 5.859581664564303 3.213838577270508 6.397352695465088
4.958142280578613 5.780460258373012 2.198181390762329 2.3000385761260986
4.62066125869751 6.945971657172777 2.499098777770996 3.383916139602661
3.104398250579834 5.058465483630243 2.751042127609253 4.580150127410889
3.1848485469818115 4.832791385651859 2.8807263374328613 5.4253010749816895
5.817735195159912 6.975296766077008 2.335101366043091 2.447787046432495
4.970027446746826 7.3645072000634855 2.7267215251922607 3.8017585277557373
3.9168877601623535 6.999299188224965 3.06958270072937 5.34779167175293
3.790677309036255 5.352545934127193 3.2422099113464355 6.420299053192139
6.811875343322754 8.473560412993407 2.5448386669158936 2.6750235557556152
5.547336578369141 9.046628380750917 3.0775704383850098 4.431447505950928
3.674548387527466 6.649391818859044 3.554990530014038 6.50051736831665
3.9862351417541504 6.59037238694691 3.7866156101226807 7.922107696533203
4.336086750030518 4.669556386906869 2.2796757221221924 6.506012439727783
3.6738312244415283 6.409430001052783 3.0946168899536133 4.382360935211182
2.7617342472076416 5.32106355292548 3.071516513824463 5.212965488433838
2.8303258419036865 5.206674874553581 3.1422457695007324 6.0563740730285645
5.144141674041748 5.347309184022606 2.4748058319091797 2.7990150451660156
3.9181182384490967 5.991370343587562 3.396646022796631 4.955726146697998
2.9931159019470215 4.664919398476854 3.4586563110351562 6.182143211364746
2.99930739402771 5.6276385636772375 3.580932855606079 7.293735504150391
5.839643478393555 6.750323575971023 2.7500460147857666 3.128617763519287
5.412190914154053 8.899869046085314 3.8397929668426514 5.7898359298706055
4.261958122253418 6.283045108600049 4.060965538024902 7.659787654876709
3.7852156162261963 6.231725356894913 4.25476598739624 9.195564270019531
3.905519485473633 4.535868086196274 1.606835961341858 1.6585687398910522
3.3504090309143066 5.663955429520435 1.8760007619857788 2.427929162979126
2.5282669067382812 4.539861951138015 2.1455698013305664 3.327597141265869
2.579282283782959 4.4411469263284715 2.311350107192993 3.9843716621398926
4.2925519943237305 5.22689007908275 1.6920527219772339 1.746240258216858
3.852154016494751 5.761244206143566 1.996903896331787 2.6050894260406494
3.620548963546753 6.333865374228822 2.308344602584839 3.6431498527526855
3.218994617462158 4.709378224298166 2.4995481967926025 4.412142276763916
4.950196266174316 6.098463526609208 1.8138669729232788 1.872090220451355
4.588760852813721 7.4809915433421565 2.1705875396728516 2.859866142272949
4.443699359893799 6.913207458580359 2.5398998260498047 4.087465763092041
3.850896120071411 6.692551886843603 2.7644472122192383 5.004838943481445
4.44376802444458 5.260651309023524 1.9355729818344116 2.0050814151763916
4.230810642242432 6.978396682401808 2.268167018890381 2.986328601837158
3.2921650409698486 5.991420060551263 2.5863916873931885 4.147758960723877
2.3393442630767822 4.398975691919273 2.7701308727264404 4.993424892425537
5.018031120300293 6.099672763841838 2.0533251762390137 2.123986005783081
4.387474060058594 7.637907931455091 2.452058792114258 3.27252197265625
3.536299467086792 6.72985821922552 2.845860004425049 4.689510822296143
2.130070686340332 4.352819461566014 3.0729405879974365 5.7347917556762695
5.814262390136719 7.385503146912356 2.226565361022949 2.3024964332580566
5.138731479644775 7.847443608420619 2.7246358394622803 3.6987686157226562
4.799724578857422 7.139030627212378 3.226378917694092 5.478996753692627
3.6099181175231934 5.86977507083094 3.5120675563812256 6.798407077789307
4.7381391525268555 5.656222050717588 2.3948326110839844 2.5483570098876953
2.9852757453918457 4.847225120770645 2.747894763946533 3.7065587043762207
2.705997943878174 5.3299164851023875 3.063019037246704 5.063867568969727
3.364344835281372 5.7589483557227465 3.2356269359588623 6.04746675491333
5.455179691314697 6.626109046935198 2.5349061489105225 2.6788930892944336
3.894019365310669 6.76184679481014 2.9969141483306885 4.115689754486084
3.6631741523742676 4.978926630038586 3.427706480026245 5.867954730987549
3.073282241821289 4.847601586522842 3.6600747108459473 7.140737533569336
6.385575294494629 8.10867499855588 2.749058246612549 2.8928043842315674
5.087193012237549 8.419694167756575 3.3787548542022705 4.745584011077881
3.820094585418701 5.303346734254944 3.9746973514556885 7.066535472869873
4.212487697601318 6.32493972700339 4.288775444030762 8.744516372680664
4.02478551864624 4.247706215348984 2.5148000717163086 2.794671058654785
3.5758767127990723 6.125167375154117 3.476022720336914 4.838112831115723
3.078756332397461 5.303841117744014 3.5214407444000244 5.991024494171143
3.028036594390869 5.852081833960881 3.639145851135254 6.986856460571289
5.0390472412109375 5.80857436216678 2.7009146213531494 2.9982974529266357
4.692275047302246 8.11282367587728 3.7854981422424316 5.45731258392334
3.0795023441314697 4.822033420143953 3.9829204082489014 7.054376125335693
3.1557157039642334 6.14244033985255 4.1725311279296875 8.404685974121094
5.958178997039795 6.637955310687801 2.9883487224578857 3.318626880645752
5.192211151123047 8.779696759602814 4.2692484855651855 6.370537757873535
4.8289875984191895 8.512289703898347 4.688883304595947 8.65792179107666
3.6890830993652344 4.464138042609221 4.971456527709961 10.507554054260254
3.9795637130737305 4.588955237844914 1.5923837423324585 1.6357700824737549
3.321549654006958 5.573308385904532 1.8178410530090332 2.340759754180908
2.809805154800415 6.168136288834148 2.076127767562866 3.21972393989563
2.791356086730957 5.785018937429072 2.236358404159546 3.8318991661071777
4.444295406341553 5.292079585793374 1.6759158372879028 1.7253068685531616
3.892906427383423 6.544247397401023 1.934114694595337 2.537092447280884
3.3648951053619385 6.532198089548855 2.228523015975952 3.570629596710205
2.8476943969726562 5.905539016972114 2.4103853702545166 4.298050403594971
5.084962844848633 6.284521061928501 1.7949188947677612 1.8523319959640503
4.868486404418945 6.9776273028319515 2.1021745204925537 2.815946578979492
3.6236913204193115 7.632770936948191 2.4486050605773926 4.069762229919434
3.3417043685913086 4.773342500473376 2.660367012023926 4.960277557373047
4.56833553314209 5.345580477883232 1.9118329286575317 1.966893196105957
3.8575046062469482 6.301028709362072 2.1534345149993896 2.8300018310546875
3.293841600418091 5.676432201716125 2.416419506072998 3.9299581050872803
2.0321919918060303 4.510614922006425 2.588319778442383 4.697534084320068
5.167850017547607 6.181904396356742 2.0279922485351562 2.09401273727417
3.9087228775024414 5.540955965685498 2.3325698375701904 3.1469573974609375
3.2848892211914062 5.958421372530665 2.655210018157959 4.504366397857666
2.357170343399048 4.757917510794641 2.860654354095459 5.460524559020996
6.038797378540039 7.508587769420956 2.198431968688965 2.2793171405792236
4.708824157714844 8.013522481876635 2.5999953746795654 3.616910696029663
4.179626941680908 6.515168321396743 3.0146753787994385 5.36583137512207
3.278876543045044 5.377881847537182 3.2693324089050293 6.6055121421813965
4.7435383796691895 5.68488019453136 2.376659870147705 2.419281482696533
3.4771196842193604 5.863941477831247 2.549677848815918 3.3996658325195312
2.3996410369873047 4.378334879875609 2.745360851287842 4.637709617614746
2.1253538131713867 3.566912396277544 2.901951313018799 5.510665416717529
5.59967041015625 6.7313139870511804 2.514014959335327 2.5864853858947754
3.98721981048584 6.3386434613373694 2.7920377254486084 3.8565914630889893
3.1271286010742188 5.036070966363241 3.0711452960968018 5.450276851654053
2.186424970626831 2.8151153779482456 3.2702412605285645 6.5778117179870605
6.634286403656006 8.271376791299177 2.724517583847046 2.8297505378723145
5.158644199371338 8.247317215479399 3.1651906967163086 4.552430629730225
4.000389099121094 6.531797236339553 3.576361894607544 6.712218284606934
3.956117630004883 5.066800902393261 3.840839147567749 8.237051010131836
2.562113046646118 2.875001017751174 2.411404609680176 2.755213975906372
3.784465789794922 5.297389238769711 3.102710247039795 4.168900012969971
2.0479860305786133 4.288264899491978 3.0333187580108643 5.268089771270752
2.667142391204834 4.804646067758579 3.144733190536499 6.163280010223389
4.483649730682373 5.123386936222907 2.6060872077941895 2.9843664169311523
4.447201251983643 7.136292295069836 3.4077324867248535 4.808415412902832
2.9782555103302 5.512501190414806 3.434947967529297 6.299941062927246
3.605149984359741 7.173383865590495 3.59112811088562 7.486419200897217
5.655903339385986 6.34926825678297 2.899282217025757 3.3337879180908203
5.82263708114624 9.605045335201577 3.8829033374786377 5.7843337059021
4.940347671508789 7.9012658403206615 4.067808151245117 7.929434299468994
3.8561911582946777 6.646961036105154 4.296719551086426 9.584336280822754
3.4399683475494385 4.185412583314786 1.8461412191390991 1.9100641012191772
3.303851842880249 5.814055030074883 2.1615395545959473 2.825044631958008
2.90976881980896 5.582606689848376 2.429597854614258 3.830038070678711
2.4143552780151367 4.375401884648454 2.561460256576538 4.512040615081787
4.027299880981445 5.054454861375209 1.9430710077285767 2.014390468597412
3.9266552925109863 5.698801798646752 2.3159968852996826 3.088568925857544
3.4896934032440186 6.039761542215103 2.6383092403411865 4.299831867218018
2.6574628353118896 4.687167041731402 2.794445276260376 5.125710487365723
4.928364276885986 6.18288299413679 2.077660083770752 2.159705638885498
3.786001205444336 6.973734017482192 2.529069185256958 3.4547979831695557
2.692335367202759 4.275099130900685 2.924686908721924 4.951077938079834
3.3008086681365967 6.352912678175983 3.1135506629943848 5.971613883972168
3.862595558166504 4.749199217381374 2.3168983459472656 2.409479856491089
2.529407262802124 4.072486849075603 2.7506818771362305 3.713075876235962
2.366903305053711 4.000844496331865 3.0735700130462646 5.111262798309326
2.636000871658325 4.90307113952295 3.199186086654663 6.0105438232421875
4.710407257080078 5.812514383416101 2.446720600128174 2.5511841773986816
3.851353168487549 6.768925105314793 2.997758150100708 4.165210247039795
2.8487250804901123 4.880084520501157 3.4207515716552734 5.946591854095459
2.3608126640319824 4.932201210204312 3.5863466262817383 7.09363317489624
5.776052951812744 7.371129575566101 2.6318702697753906 2.7556567192077637
4.1853227615356445 7.19388896668454 3.346583127975464 4.8106184005737305
4.3578104972839355 7.884879223985195 3.90881085395813 7.133224010467529
3.086397647857666 4.975893312525386 4.1291375160217285 8.623723030090332
3.933725118637085 4.882065317296819 2.779137134552002 2.9174752235412598
2.0235557556152344 3.4536762157547685 3.3905491828918457 4.7514777183532715
2.813791275024414 5.510597882732043 3.7527992725372314 6.532679557800293
2.3513667583465576 4.46659093607559 3.849297523498535 7.606474876403809
4.950695991516113 6.105314904626994 2.9489431381225586 3.116419792175293
4.476615905761719 6.989885460483613 3.7528650760650635 5.457158088684082
3.3428354263305664 5.231336945464818 4.2584333419799805 7.811167240142822
3.0227580070495605 4.239301638580713 4.405250549316406 9.22983169555664
6.2438554763793945 7.885746092274801 3.1973154544830322 3.404144525527954
4.242917537689209 7.287721266776316 4.274508953094482 6.4764723777771
4.025633335113525 7.253472943000672 4.982665061950684 9.65355110168457
3.8915467262268066 6.071644201115262 5.198574066162109 11.553661346435547
3.0095109939575195 3.196522380892781 3.093458652496338 3.4409639835357666
3.4299166202545166 5.832422098701684 3.944058656692505 5.709064960479736
2.261474609375 5.094301930989097 4.3388671875 7.80425500869751
1.790846586227417 2.968114331950801 4.396966457366943 8.98607063293457
4.381776809692383 4.759653995269328 3.339750051498413 3.7471365928649902
4.095122814178467 6.367204640134986 4.416755199432373 6.682590484619141
2.5347464084625244 4.893825406942824 4.989184379577637 9.495711326599121
3.016113519668579 5.979466792326072 5.102044582366943 11.092199325561523
4.703796863555908 5.188528027693906 3.697697162628174 4.189607620239258
4.895468235015869 6.1595085931969935 5.109140396118164 8.107121467590332
4.138341426849365 7.080981062427696 5.931392192840576 11.949518203735352
3.603123664855957 6.833079535399303 6.118282318115234 14.125714302062988
4.14945125579834 4.769443205542149 1.6657211780548096 1.7295712232589722
3.7382864952087402 5.739119699153505 1.9664586782455444 2.6072497367858887
1.9612149000167847 3.079184542135863 2.2787458896636963 3.637136459350586
1.9471042156219482 3.3793589473203522 2.454268217086792 4.355568885803223
4.593448638916016 5.479751501779489 1.7511574029922485 1.8205751180648804
4.055840969085693 5.717013089745933 2.096689224243164 2.8299341201782227
3.225649833679199 5.75924484338185 2.4586853981018066 4.04439115524292
2.3774986267089844 4.429149444194309 2.6616368293762207 4.902631759643555
5.238563060760498 6.412033720900805 1.8746685981750488 1.950709342956543
4.082686901092529 6.308513991314946 2.2834365367889404 3.1450207233428955
3.7213714122772217 6.7809597549828595 2.7151057720184326 4.61558723449707
3.192735433578491 5.033408001072132 2.95566987991333 5.662367820739746
4.863397598266602 5.670072618021436 2.064908504486084 2.160829544067383
3.8182427883148193 6.501589248150012 2.44547438621521 3.3334226608276367
1.5132695436477661 2.4803003110573627 2.8076322078704834 4.7005615234375
2.3327221870422363 4.395448058600778 2.9939932823181152 5.633532524108887
5.341362953186035 6.415330385956111 2.177356243133545 2.284269332885742
4.063933372497559 5.8557838047719315 2.6466989517211914 3.7093708515167236
2.1247918605804443 3.8257710079601566 3.1019599437713623 5.415748596191406
3.167168617248535 5.058422658792097 3.3349969387054443 6.592069625854492
6.135279655456543 7.678287530754545 2.3486108779907227 2.4693500995635986
4.2205657958984375 6.895471495449652 2.945307731628418 4.255951881408691
3.5850067138671875 6.473741348260603 3.531254529953003 6.445267200469971
3.3658852577209473 5.717971086157377 3.828139305114746 7.956562042236328
4.946519374847412 5.862045748347782 2.625274658203125 2.7537829875946045
3.9038913249969482 6.675622475090407 3.0406064987182617 4.244879722595215
2.6734302043914795 4.149129761407394 3.3799889087677 5.884912490844727
2.30898380279541 4.239686360950145 3.53881573677063 6.962830066680908
5.745354175567627 6.917110599492958 2.761314868927002 2.914942502975464
4.544232368469238 7.884175739683458 3.3200838565826416 4.821230888366699
3.1424524784088135 5.7594401582711185 3.8001551628112793 6.9654693603515625
2.6641623973846436 4.811090699184092 4.023929595947266 8.383798599243164
6.743563652038574 8.416568205110707 2.9766740798950195 3.161761999130249
5.208840847015381 7.020903715604837 3.7498791217803955 5.677746295928955
2.844578981399536 4.560709296649597 4.4271368980407715 8.547687530517578
3.2909653186798096 5.109720554273281 4.736318588256836 10.43722152709961
3.8312489986419678 4.337270006048129 2.775261640548706 3.097594976425171
3.7250399589538574 5.564245314692351 3.739417552947998 5.364990711212158
1.8869513273239136 3.274248038438202 3.918578863143921 7.024260997772217
1.786236047744751 2.7234978173944455 4.004026889801025 8.121607780456543
4.613092422485352 4.894420410308726 2.9666459560394287 3.337709903717041
3.5314266681671143 5.135567709602524 4.123073101043701 6.20598840713501
2.001052141189575 3.3222235570664225 4.453399658203125 8.462100982666016
2.303734302520752 3.726342275009472 4.617343425750732 9.962301254272461
5.515198707580566 5.871116017021251 3.26584529876709 3.7050695419311523
3.8360097408294678 5.929545464854527 4.709680557250977 7.480467319488525
3.6813242435455322 5.607547131616798 5.267428398132324 10.58918571472168
3.4311962127685547 5.227165878844971 5.528234481811523 12.64652156829834
3.963599920272827 4.706815578777423 1.689577579498291 1.751314401626587
3.414637565612793 5.242989799000952 2.0032265186309814 2.6227142810821533
2.353390693664551 4.988539921604911 2.297987699508667 3.5533645153045654
2.9497673511505127 5.80284823138453 2.4654951095581055 4.180235862731934
4.256263256072998 5.322937813549771 1.7748241424560547 1.842691421508789
3.5089640617370605 6.144605312798944 2.13224720954895 2.8383400440216064
3.196727991104126 4.79882823007847 2.47196364402771 3.9314348697662354
2.3675928115844727 5.585224139373224 2.665121555328369 4.679474353790283
4.998200416564941 6.293580186915051 1.895226001739502 1.9724500179290771
4.676771640777588 7.819267128380943 2.3135974407196045 3.1390554904937744
4.429413318634033 7.771287169298187 2.714247703552246 4.4537787437438965
3.4906418323516846 6.486722330023099 2.9406533241271973 5.362809658050537
4.527496814727783 5.457485967971504 2.097465991973877 2.191244125366211
4.059186935424805 6.864810931638734 2.495668411254883 3.337772846221924
2.5326590538024902 4.970281833327078 2.8395369052886963 4.562995433807373
1.8200557231903076 3.249613191702279 3.018317222595215 5.383996486663818
5.062880992889404 6.220901167707233 2.2130630016326904 2.314344882965088
4.47320032119751 7.2435073571633595 2.6974494457244873 3.693117618560791
3.3832504749298096 6.865708432121551 3.1223156452178955 5.214774131774902
3.4889767169952393 6.603646621681946 3.3443102836608887 6.2488226890563965
5.887624263763428 7.633243420577517 2.381763458251953 2.4966201782226562
5.060153961181641 8.042047788782668 2.9876060485839844 4.206301689147949
4.656578063964844 7.779703217598126 3.5249948501586914 6.146948337554932
3.31441068649292 6.127442458783435 3.8050265312194824 7.47083044052124
4.77768611907959 5.7920620069154864 2.6282925605773926 2.739241600036621
3.6704084873199463 5.6330013540407435 3.0751118659973145 4.201001167297363
2.3751132488250732 4.733209365435329 3.4159538745880127 5.6750593185424805
2.365253448486328 4.572932001242634 3.5780205726623535 6.6459736824035645
5.422962188720703 6.641777813569661 2.76362681388855 2.903834342956543
3.1429853439331055 5.374572702801629 3.3549492359161377 4.736327171325684
4.223327159881592 7.006212196288061 3.819192886352539 6.645901203155518
2.606933116912842 4.998059550536311 4.039252758026123 7.921350479125977
6.391822338104248 8.145618566861572 2.9741506576538086 3.1497087478637695
4.7647247314453125 7.569096925078725 3.7728891372680664 5.5258636474609375
4.31282901763916 6.706415701859107 4.404636383056641 8.067925453186035
3.931443929672241 6.281461842710257 4.702511787414551 9.761171340942383
3.8613812923431396 4.123431419416647 2.8222107887268066 3.1289405822753906
3.7872142791748047 5.926827792546078 3.710615873336792 5.213994026184082
2.664898157119751 5.18348938761369 3.943060874938965 6.721836566925049
2.85148024559021 5.567535468208007 4.054029941558838 7.748007774353027
4.837522506713867 5.2095999863195175 3.015941619873047 3.3802905082702637
3.7145814895629883 5.873410520193679 4.080477714538574 5.960590839385986
3.5669991970062256 5.734369812491536 4.454207897186279 7.997256278991699
3.8173489570617676 6.919203290006408 4.633812427520752 9.391958236694336
5.924675941467285 6.614035431571892 3.3123576641082764 3.7539658546447754
4.952551364898682 8.572697565749706 4.635397434234619 7.0764641761779785
4.5602850914001465 6.407911692395163 5.21112585067749 9.890054702758789
4.0157551765441895 6.888839133442268 5.477654933929443 11.79393482208252
3.1005215644836426 3.809603411551393 1.4638688564300537 1.5207502841949463
3.000009775161743 5.126912378116124 1.7619695663452148 2.357032537460327
2.7413408756256104 5.586297007726216 2.0700156688690186 3.2896323204040527
1.059333324432373 2.03372418479114 2.258021354675293 3.923945665359497
3.83046555519104 4.930609774683036 1.5381202697753906 1.5997096300125122
2.708346366882324 4.072040330275854 1.871152400970459 2.535243034362793
3.2883620262145996 5.976942203991655 2.221616744995117 3.6183431148529053
2.576244831085205 4.163253163001286 2.436426877975464 4.368582248687744
5.043243885040283 6.560732227077523 1.6464052200317383 1.7147963047027588
4.087733268737793 7.682966726584368 2.0291359424591064 2.7957348823547363
3.2588188648223877 6.166551767006922 2.437570810317993 4.093780994415283
3.677917718887329 6.402358181597952 2.686723232269287 5.004302501678467
4.15983772277832 5.0201358968365035 1.619644045829773 1.6876907348632812
3.3087992668151855 6.589326275233361 1.989915132522583 2.73872709274292
2.6803696155548096 5.7659786341579755 2.377434015274048 3.9465689659118652
2.7140917778015137 4.801317447132988 2.609265089035034 4.771117210388184
4.865963459014893 6.068581213899257 1.725990891456604 1.801312804222107
3.95054030418396 7.486147637942821 2.1552505493164062 3.0189883708953857
2.9817874431610107 4.64286684975815 2.614758014678955 4.488157272338867
3.2642221450805664 5.872824899934649 2.8908238410949707 5.510810375213623
5.9158101081848145 7.482106031356898 1.8856539726257324 1.9723527431488037
4.862205982208252 8.029246582431796 2.4030017852783203 3.4461755752563477
4.154724597930908 6.928460576729265 2.9658825397491455 5.3047895431518555
2.7877144813537598 4.115215405768424 3.301636219024658 6.613048076629639
4.546349048614502 5.471794493310398 1.7587802410125732 1.8393402099609375
3.6687843799591064 6.508962628608515 2.201829433441162 3.1254119873046875
3.1309051513671875 5.74246187077938 2.660322666168213 4.582186222076416
2.9510998725891113 5.693266772396328 2.9271764755249023 5.569063663482666
5.5017170906066895 6.733289597201065 1.8926488161087036 1.9840662479400635
3.9381601810455322 7.529380754900375 2.4214212894439697 3.5096371173858643
3.0057013034820557 6.35340225451138 2.9833178520202637 5.345722198486328
3.4860482215881348 6.4090664152008685 3.3114988803863525 6.615846157073975
6.681978702545166 8.587333088755543 2.0994091033935547 2.2076687812805176
5.690714359283447 10.132719004628745 2.7604658603668213 4.114595890045166
4.462145805358887 7.476867980271891 3.475412607192993 6.53436279296875
4.089338779449463 7.3339148008659745 3.888981580734253 8.22072696685791
1.9943801164627075 2.5354007109901886 2.1313204765319824 2.494570016860962
3.3789005279541016 6.3561400990472805 2.4385440349578857 3.6031723022460938
3.343285083770752 6.145180494794005 2.893636703491211 5.127512454986572
2.226445198059082 4.9443123060204925 3.1768436431884766 6.209934711456299
4.115866184234619 5.033743719690234 2.3018951416015625 2.702892780303955
4.4616827964782715 7.541787837965771 2.704339027404785 4.0899763107299805
3.5176987648010254 6.512804705378585 3.2893154621124268 6.084442138671875
2.3273913860321045 4.618199930756312 3.6463775634765625 7.517985820770264
5.0217790603637695 5.329139266082166 2.5680575370788574 3.025099277496338
5.972311973571777 10.088520548694305 3.12249493598938 4.869223117828369
4.708193778991699 8.478050389299597 3.9034247398376465 7.605990409851074
4.532700538635254 7.106008987467874 4.3656697273254395 9.559151649475098
4.1463494300842285 4.561904234556444 1.6684973239898682 1.7110214233398438
3.730708122253418 5.583766724852694 1.9354466199874878 2.4836368560791016
3.1659810543060303 5.587239138565977 2.2046449184417725 3.395188570022583
1.32754647731781 2.668993635812157 2.350955009460449 4.018639087677002
4.496584415435791 5.316114161262021 1.7576559782028198 1.8068677186965942
3.174593210220337 5.561629586089381 2.0656776428222656 2.6959681510925293
2.1386685371398926 4.331732400014573 2.3788866996765137 3.7665462493896484
3.2625391483306885 4.718861833810934 2.5478250980377197 4.5066399574279785
5.1004862785339355 6.313556710930925 1.8850058317184448 1.9426084756851196
4.463715076446533 6.371334754588328 2.2525382041931152 2.997994899749756
3.276409387588501 5.632939442383986 2.627654790878296 4.299251556396484
3.341330051422119 6.419680740433478 2.826120615005493 5.204700946807861
4.8061041831970215 5.413684133357474 2.0615408420562744 2.104757308959961
4.365082740783691 6.731411126271496 2.3959031105041504 3.1281216144561768
3.27944016456604 5.963213875873407 2.697435140609741 4.324678421020508
2.719071388244629 4.269048879956813 2.8412892818450928 5.124765872955322
5.298770427703857 6.298788209923262 2.1837329864501953 2.23941707611084
4.139047145843506 7.009730794250572 2.597898244857788 3.4823262691497803
3.24753475189209 4.604693549686502 2.9788479804992676 4.97098970413208
4.092960357666016 7.646081261686561 3.1606268882751465 5.970458984375
6.081518650054932 7.567944419534342 2.364506721496582 2.437143087387085
5.46215295791626 8.168485506836905 2.8980445861816406 4.005640029907227
4.99681282043457 8.588853481181165 3.394467830657959 5.92997407913208
3.998243808746338 5.968388337178325 3.6273505687713623 7.22108793258667
4.956335067749023 5.679695708322811 2.5955307483673096 2.647040605545044
4.3849945068359375 6.905802323903572 2.9665303230285645 3.94155216217041
2.434638738632202 3.8286109441085188 3.2381856441497803 5.367513656616211
2.2344255447387695 4.2656572239720845 3.342355489730835 6.2883524894714355
5.705099105834961 6.800766680143724 2.7491469383239746 2.8148796558380127
4.433812141418457 6.505539204159049 3.2490100860595703 4.469705104827881
4.164708614349365 7.508533866677681 3.6350133419036865 6.336890697479248
2.987797260284424 5.495499228787793 3.7898950576782227 7.535040855407715
6.745406627655029 8.382399403787787 2.980841875076294 3.071920871734619
5.317040920257568 8.132986667079422 3.67956280708313 5.272153854370117
4.620387077331543 8.21441387493087 4.235491752624512 7.806123733520508
3.3939754962921143 4.778051755203705 4.459700584411621 9.414671897888184
3.0867414474487305 3.2801902372518654 2.779515266418457 3.008734941482544
3.7551109790802 5.563271069858956 3.6633458137512207 5.05833101272583
2.348891258239746 3.899730965748546 3.758578300476074 6.404333591461182
2.736176013946533 4.756194760894244 3.7806756496429443 7.328376293182373
4.801968574523926 5.252797908126922 2.9847350120544434 3.2552716732025146
3.7000069618225098 5.90383993084734 4.040903568267822 5.811880111694336
3.532832622528076 6.537016723506895 4.263444423675537 7.693958282470703
2.934216022491455 4.380806045126008 4.340301990509033 8.942655563354492
5.613743305206299 6.274324231651917 3.2934489250183105 3.6316206455230713
5.111955165863037 8.740036898415624 4.617635726928711 6.958268165588379
4.128189563751221 6.684069096848248 5.035738945007324 9.660935401916504
3.6438939571380615 5.541681351173793 5.188632488250732 11.396347045898438
3.8200182914733887 4.502890654252241 1.5161633491516113 1.5702311992645264
3.6444287300109863 6.406561053302141 1.773437738418579 2.3469746112823486
2.254908561706543 4.849046355274197 2.029719829559326 3.236724853515625
2.2055938243865967 4.110600325622954 2.1839282512664795 3.85105299949646
4.323916435241699 5.282420051580289 1.594922661781311 1.6527868509292603
3.7274134159088135 6.074125758196715 1.8852473497390747 2.523534059524536
3.5274927616119385 6.855431343956013 2.1743717193603516 3.5429434776306152
2.9266114234924316 5.68741002405568 2.346125602722168 4.255112171173096
5.020118713378906 6.308358795044407 1.7088863849639893 1.7725238800048828
4.245944499969482 7.118519788890808 2.046760082244873 2.7779080867767334
3.2485454082489014 6.716397816318203 2.381847858428955 3.9744861125946045
3.24293851852417 6.271314773118661 2.5765674114227295 4.813574314117432
4.373656272888184 5.2261051209486595 1.7538596391677856 1.8271249532699585
2.9904978275299072 5.375618691929617 2.042611837387085 2.7653472423553467
3.2385268211364746 6.070061949530061 2.3199210166931152 3.861964464187622
2.7049686908721924 4.85323604047818 2.493246555328369 4.630826473236084
4.975005149841309 6.061767579028725 1.8646321296691895 1.9433856010437012
4.585498809814453 7.708205013655174 2.211219072341919 3.0443460941314697
3.248356342315674 6.278338990914208 2.542444944381714 4.358379364013672
3.0650155544281006 5.682833680113504 2.742769241333008 5.286733627319336
5.829002857208252 7.553739307957358 2.0302300453186035 2.1180529594421387
4.4826154708862305 6.8247554811450755 2.463477849960327 3.4636545181274414
3.171786308288574 5.313336408914164 2.8748841285705566 5.0930633544921875
4.130619525909424 6.054398104271172 3.1127068996429443 6.240198612213135
4.516249656677246 5.463372195207171 2.095947742462158 2.1809468269348145
3.165318727493286 5.715129274072055 2.3407890796661377 3.236361026763916
2.695059299468994 4.1371114928692805 2.5861754417419434 4.4614763259887695
2.4951608180999756 4.729370151128705 2.7620203495025635 5.343244552612305
5.310248374938965 6.486337607465373 2.2291266918182373 2.3321006298065186
3.249375581741333 5.000463607283564 2.562502861022949 3.6287050247192383
3.9957520961761475 6.523847400689419 2.8846333026885986 5.152649879455566
3.27944016456604 6.399288509212056 3.0959231853485107 6.251136779785156
6.332430362701416 8.235022382417355 2.43593692779541 2.560070276260376
5.352290630340576 7.657781550732125 2.905775785446167 4.231423854827881
3.9676826000213623 6.058720094142473 3.344658613204956 6.2114949226379395
4.210009574890137 6.93935080073264 3.606717824935913 7.619189262390137
3.575864553451538 3.936318852886842 2.256934404373169 2.66694712638855
3.1923716068267822 6.1849482405673735 2.7324633598327637 3.8377773761749268
3.3609619140625 5.571016679409695 2.8050167560577393 4.97122859954834
2.953601598739624 4.892601776204401 2.964897871017456 5.9004011154174805
3.712620496749878 4.1826178761118875 2.4331400394439697 2.873652219772339
4.171439170837402 6.596689651869641 3.006901264190674 4.374305248260498
3.172816038131714 6.614500791903083 3.165175199508667 5.8315582275390625
2.673856258392334 5.223852757722625 3.366401433944702 7.014357089996338
4.882740497589111 5.342756647687736 2.704625129699707 3.1941115856170654
5.489312648773193 9.026183520159606 3.4349448680877686 5.19325590133667
5.012852668762207 7.495363782447058 3.7322328090667725 7.173542022705078
3.682621717453003 6.632120164500485 3.9935989379882812 8.731149673461914
3.8087685108184814 4.475612387773779 1.6035510301589966 1.6479401588439941
3.5500218868255615 5.5505701944668075 1.8168106079101562 2.3897931575775146
3.2416083812713623 6.249867219912062 2.040653705596924 3.259290933609009
2.8777060508728027 5.653779425825064 2.186951160430908 3.847348928451538
4.2594780921936035 5.284728626937451 1.6900373697280884 1.7387231588363647
3.626528024673462 6.597571963148551 1.9423428773880005 2.579064130783081
3.6162445545196533 6.512322875079255 2.2041101455688477 3.572890281677246
3.044321298599243 5.339079563999803 2.3718228340148926 4.253244400024414
4.995570182800293 6.234008417330337 1.8136869668960571 1.8691697120666504
4.431102275848389 7.2236995396378605 2.1199145317077637 2.8546395301818848
3.7596943378448486 6.81564868551974 2.432351589202881 4.034082889556885
3.040362596511841 5.76510381054095 2.627898931503296 4.848965644836426
4.365357875823975 5.205317402194794 1.9443053007125854 1.9904650449752808
3.528245449066162 6.303466529852429 2.169309377670288 2.8976261615753174
3.5317256450653076 6.925321158340239 2.380276679992676 3.9701364040374756
1.8954334259033203 3.889720169730259 2.528684377670288 4.706421852111816
5.022217273712158 6.140095926668096 2.0634069442749023 2.1173553466796875
3.9960155487060547 6.732196352500978 2.360038995742798 3.2080671787261963
3.8467512130737305 7.586016363955366 2.632347822189331 4.495057106018066
2.595071792602539 4.852243046364085 2.8120858669281006 5.384739398956299
5.893596649169922 7.498738815362003 2.240222454071045 2.3068182468414307
5.001242160797119 8.661314271691026 2.6403419971466064 3.6757829189300537
3.6793625354766846 5.26612801348449 3.000694990158081 5.298242568969727
3.9488704204559326 6.3753849978921835 3.223961114883423 6.420724868774414
4.551962852478027 5.522931763619454 2.4715468883514404 2.4970755577087402
4.032610893249512 7.074810742404736 2.600048542022705 3.4926259517669678
3.5310592651367188 6.779641045856593 2.7163734436035156 4.6730241775512695
2.4665493965148926 4.859137888456132 2.836064100265503 5.513274192810059
5.422329425811768 6.661359799304421 2.6086647510528564 2.653594493865967
4.327033996582031 6.517720903644122 2.855264186859131 3.94435977935791
3.74377703666687 7.516614486252564 3.0575857162475586 5.424041271209717
3.213670492172241 5.753543574264786 3.216571807861328 6.4717183113098145
6.506044387817383 8.245222579155325 2.825359582901001 2.8954856395721436
5.014913082122803 8.840660642344158 3.244580030441284 4.6390061378479
3.841304302215576 8.269688788387441 3.5737271308898926 6.608882427215576
3.349172830581665 6.36440883692876 3.789271593093872 7.9808220863342285
3.8086071014404297 4.137816329744162 2.6966969966888428 2.973228693008423
4.02986478805542 5.683718510021208 3.185680389404297 4.312688827514648
2.412349224090576 4.834208688856336 3.016655445098877 5.288503170013428
3.4476478099823 6.224133366996682 3.077139377593994 6.1631669998168945
3.9282798767089844 4.3513712982329835 2.892008066177368 3.2069342136383057
4.790521621704102 8.551229283323948 3.508655309677124 4.936259746551514
3.280154228210449 6.416047860253798 3.4337210655212402 6.240886688232422
2.8367695808410645 5.6781576821082655 3.5374107360839844 7.355497360229492
4.956516742706299 5.541002335938458 3.1954479217529297 3.570983409881592
5.714781284332275 9.327416204375652 4.007937431335449 5.894316673278809
3.6157546043395996 6.121719137085108 4.0799689292907715 7.771546363830566
3.7715649604797363 5.63480132509526 4.246673583984375 9.27064037322998
4.0094122886657715 4.482472582357502 1.7215803861618042 1.762877106666565
3.9811697006225586 5.733032816080268 1.9702363014221191 2.5084848403930664
3.3260042667388916 5.973791673170922 2.2368719577789307 3.4377787113189697
2.757033348083496 4.816827323360485 2.3905906677246094 4.099851608276367
4.336546897888184 5.077358283365925 1.8018022775650024 1.8483679294586182
3.5265424251556396 6.150140965825528 2.0942516326904297 2.7075355052948
2.931908369064331 4.586993925823908 2.408961534500122 3.800851583480835
2.4444825649261475 4.857035100901349 2.587798595428467 4.585458755493164
4.964177131652832 6.151994232171417 1.9162027835845947 1.970037817955017
4.5840582847595215 6.189973220229717 2.267638921737671 2.988219976425171
4.252727031707764 7.012351831577746 2.6471059322357178 4.308760643005371
2.3035242557525635 4.038978224262166 2.8589928150177 5.256274700164795
4.586220741271973 5.205203644004303 2.1496567726135254 2.2010412216186523
3.569594144821167 4.857076110312391 2.474694013595581 3.223447799682617
2.394177198410034 4.605023311863135 2.7837862968444824 4.47257661819458
2.445228338241577 4.20860612772276 2.9400689601898193 5.336190223693848
5.145305156707764 6.059519882710205 2.2536587715148926 2.316549301147461
4.964580535888672 7.480887722717853 2.6657958030700684 3.559053897857666
3.344900131225586 5.305283619484513 3.0637054443359375 5.112170219421387
2.498084306716919 3.1670324372165375 3.262612819671631 6.191749095916748
5.7965569496154785 7.2518032120380695 2.4105679988861084 2.4884328842163086
4.6694016456604 7.655157694768263 2.9430971145629883 4.04744815826416
3.66168212890625 6.765121396988661 3.4622294902801514 6.033986568450928
3.947097063064575 6.646848877012133 3.7183873653411865 7.409862995147705
4.811428546905518 5.524554151502969 2.658979654312134 2.733435869216919
3.741593599319458 4.6535833808756735 3.068305730819702 4.102040767669678
3.02272629737854 4.716221352941044 3.375673294067383 5.641843318939209
2.2632710933685303 3.5968992280168095 3.5058107376098633 6.6609649658203125
5.575297832489014 6.587045827014521 2.7917535305023193 2.885291337966919
3.8220784664154053 4.997010106665812 3.339538812637329 4.618149280548096
4.054345607757568 6.768798108604585 3.7775473594665527 6.615968704223633
2.2184293270111084 3.0149022339781384 3.9654667377471924 7.939333438873291
6.427435874938965 8.028380335578731 2.9991455078125 3.1210169792175293
4.528469562530518 6.170286405504157 3.7452235221862793 5.390290260314941
3.854492425918579 6.672748316378602 4.361339569091797 8.044110298156738
3.275756359100342 5.764519907324306 4.625349044799805 9.791448593139648
3.4233527183532715 3.6835189208552492 2.8421719074249268 3.0794355869293213
3.7014119625091553 5.670179760801659 3.6522586345672607 5.0776472091674805
3.2137222290039062 5.759631860035483 3.91449236869812 6.758125305175781
2.739107608795166 4.4674348454787065 3.9936459064483643 7.83624267578125
4.776121616363525 5.363486387590456 3.0288734436035156 3.3089370727539062
3.601026773452759 5.626721737791286 4.016950607299805 5.817397117614746
2.306954860687256 3.8581429184817466 4.4310760498046875 8.05988883972168
3.797682285308838 6.387742513421163 4.5770368576049805 9.502192497253418
5.0968170166015625 5.365408867279257 3.3155722618103027 3.6566011905670166
4.196037769317627 6.8384446138571775 4.5672926902771 6.926257133483887
3.775770425796509 5.77358003913738 5.191765785217285 9.989375114440918
3.40047025680542 4.871499534537634 5.420875072479248 11.934669494628906
3.8470590114593506 4.7024663611149435 1.7254784107208252 1.776182770729065
3.133455753326416 4.897790916191752 2.005985736846924 2.609196901321411
2.9657719135284424 5.5619926451459465 2.2918667793273926 3.5967440605163574
2.534817934036255 4.86465756110519 2.4427554607391357 4.247376918792725
4.261610507965088 5.393709171899275 1.8099777698516846 1.8683289289474487
3.4179794788360596 6.197053230759593 2.134936809539795 2.832981824874878
2.752875328063965 4.616671736792633 2.470816135406494 4.011636257171631
1.6372218132019043 3.833422875794213 2.6480634212493896 4.793298721313477
5.023409843444824 6.307275144116829 1.9299043416976929 1.9968082904815674
4.697741508483887 7.545208865623792 2.316502332687378 3.1450986862182617
3.844780445098877 6.668690686901982 2.7194876670837402 4.591438293457031
3.403928518295288 6.4610954903536 2.929734230041504 5.553933143615723
4.449764251708984 5.522204651362145 2.1447503566741943 2.2099692821502686
4.195235252380371 6.936077463300791 2.51358699798584 3.3486428260803223
1.7374008893966675 3.6929616570132566 2.853564739227295 4.68366003036499
2.1366496086120605 3.8753604885241657 3.0066471099853516 5.5255584716796875
5.058831214904785 6.3668980143753515 2.254779815673828 2.333420515060425
2.6086676120758057 4.291921410156647 2.7124860286712646 3.7241902351379395
2.535536289215088 4.384318991706024 3.145327091217041 5.409295082092285
1.9323924779891968 3.7773557249084764 3.3430898189544678 6.47902250289917
5.9347052574157715 7.5556675795157275 2.4195525646209717 2.515627145767212
5.226284980773926 8.39201017580865 3.003422260284424 4.269900321960449
3.316802501678467 5.588243127571332 3.5630388259887695 6.458627223968506
3.991805076599121 7.571489118551028 3.8177599906921387 7.8476643562316895
4.583318710327148 5.754047558967613 2.661773920059204 2.7425358295440674
3.842043876647949 5.9301168725490925 3.1101481914520264 4.257157325744629
2.698057174682617 4.330992213684112 3.454981565475464 5.899926662445068
1.3821990489959717 3.0342381052545164 3.5789265632629395 6.878540992736816
5.459366798400879 6.838851144999779 2.798713445663452 2.9080970287323
3.778115749359131 5.203321023378976 3.3922579288482666 4.830728054046631
2.8670549392700195 5.043127072578105 3.872501850128174 6.996999263763428
3.4786152839660645 6.665070193625297 4.0569047927856445 8.297738075256348
6.524786949157715 8.33474782390216 3.0118906497955322 3.15620493888855
3.7177937030792236 6.926519088253372 3.8163256645202637 5.686849117279053
3.889331340789795 6.570358386011422 4.483908653259277 8.619799613952637
3.6398229598999023 6.237590242478582 4.745367527008057 10.373578071594238
3.720304012298584 4.363027152904692 2.8367791175842285 3.080984354019165
3.3089444637298584 5.382906363280515 3.723222494125366 5.275801181793213
3.228316068649292 5.560251250535089 3.9980392456054688 7.037172794342041
2.4041333198547363 4.4457702460154 4.065487384796143 8.064379692077637
3.354672908782959 3.7700274180956512 3.030616044998169 3.321883201599121
2.990664482116699 5.005711232838038 4.0947771072387695 6.059386730194092
3.46802020072937 6.32743239248191 4.532160758972168 8.494319915771484
1.9864822626113892 3.641852945000835 4.668967247009277 9.909483909606934
4.76832914352417 5.061860749579523 3.3266894817352295 3.6850903034210205
4.7291107177734375 7.171787450463502 4.664211750030518 7.2681145668029785
4.13770055770874 7.2338745974138305 5.3254570960998535 10.677314758300781
3.5544309616088867 6.5401340797832 5.548953533172607 12.63232421875
3.826474666595459 4.583907874298605 1.5085225105285645 1.5470926761627197
3.794404983520508 6.731331031556564 1.7519652843475342 2.226807117462158
2.9434618949890137 5.717284587823393 2.03894305229187 3.122217893600464
3.3112337589263916 6.130423890108432 2.22761869430542 3.8054122924804688
4.336853504180908 5.288979602384998 1.5902090072631836 1.6336493492126465
3.643587827682495 6.002966710380775 1.8660058975219727 2.4094178676605225
1.3233416080474854 1.7436236812896055 2.1942336559295654 3.44750714302063
3.606269121170044 6.669048780941296 2.4098281860351562 4.241539478302002
5.050215721130371 6.1657675135064665 1.7089478969573975 1.7594488859176636
4.742605209350586 7.870588770654081 2.0315051078796387 2.6766366958618164
3.9946954250335693 7.040995464465638 2.4181997776031494 3.9232959747314453
3.7161705493927 7.4469505262763285 2.6710689067840576 4.874447822570801
4.854163646697998 5.776617534492523 1.6958955526351929 1.7410714626312256
4.193393230438232 6.930295630969282 2.010909080505371 2.608729600906372
3.514017343521118 6.340014632513256 2.3776509761810303 3.7775704860687256
2.9524807929992676 4.7059077648530305 2.6131532192230225 4.680482387542725
5.27729606628418 6.358610639733236 1.8131436109542847 1.8665692806243896
4.290838241577148 7.408738712411832 2.1827659606933594 2.896841049194336
2.9270055294036865 4.301990804987527 2.618818759918213 4.314357757568359
3.2048683166503906 6.279428681435502 2.8983712196350098 5.40925931930542
6.113701343536377 7.406084399331917 1.9877859354019165 2.053666830062866
5.166529655456543 8.384123012872465 2.4413840770721436 3.336254835128784
4.744437217712402 8.309043639046166 2.981550931930542 5.135638236999512
3.156801223754883 6.385203400465585 3.325465202331543 6.515755653381348
5.064122676849365 6.106099441721895 1.8954576253890991 1.93513822555542
4.616664409637451 6.956128107839049 2.2816412448883057 3.000434637069702
2.94964861869812 5.453437690395475 2.710308313369751 4.429144859313965
3.239718198776245 6.472343864385898 2.9776291847229004 5.529768466949463
5.828576564788818 7.003212237843428 2.0413601398468018 2.095329761505127
4.89385986328125 7.940043814211322 2.506788969039917 3.3968379497528076
3.897737741470337 6.294324661351766 3.034261703491211 5.187505722045898
2.348308563232422 4.162866434401865 3.3627102375030518 6.560277938842773
6.959053993225098 8.560839993223524 2.2646079063415527 2.3388516902923584
5.03668212890625 7.468734019577823 2.8571112155914307 4.020910263061523
4.135040283203125 6.940092338724753 3.5386478900909424 6.383465766906738
2.7555556297302246 4.976704148243812 3.9586496353149414 8.17228889465332
4.080292224884033 4.513886749837145 2.2885897159576416 2.5683891773223877
3.5222649574279785 6.214805733786953 2.6498637199401855 3.5131032466888428
2.6572420597076416 4.05661344923692 3.011075735092163 5.018217086791992
2.241732358932495 4.574913662994803 3.2787673473358154 6.242090225219727
4.0836920738220215 4.36806601839216 2.468012571334839 2.800771713256836
4.1310272216796875 6.572735703716681 2.922863245010376 4.046210765838623
3.218872308731079 5.514972310666668 3.4010558128356934 5.969487190246582
3.2328994274139404 5.776958210643812 3.7434990406036377 7.52641487121582
5.346421241760254 6.140779640910523 2.7524514198303223 3.1627278327941895
6.030414581298828 9.283538871333079 3.347562313079834 4.860461235046387
5.035003185272217 7.691369667144762 4.0237579345703125 7.4973907470703125
4.595606327056885 6.3230790768870975 4.479562282562256 9.570097923278809
4.387651443481445 4.916449757924081 1.6994742155075073 1.7495206594467163
3.4887473583221436 4.529462824313045 1.998563289642334 2.5661184787750244
3.5453975200653076 6.158668993345088 2.306372880935669 3.5344676971435547
2.883829355239868 5.1585023324590225 2.4775428771972656 4.201686859130859
4.591433048248291 5.39062006942811 1.7874752283096313 1.8444478511810303
4.636505603790283 7.476445016944143 2.1325266361236572 2.792842388153076
3.6080808639526367 6.423396589163531 2.491910934448242 3.9449496269226074
1.7503596544265747 2.0897587625994447 2.6922366619110107 4.74351692199707
5.097143173217773 6.170796386480899 1.911270022392273 1.9787160158157349
3.838615655899048 6.9284875539041995 2.320394515991211 3.11318302154541
3.51291561126709 6.3170064373101695 2.7494137287139893 4.526650905609131
3.5322790145874023 7.10591786556698 2.9872190952301025 5.511446952819824
5.073853015899658 5.788288042614113 2.1091315746307373 2.184337615966797
4.682484149932861 7.238901719360911 2.50557804107666 3.295576572418213
3.3189287185668945 5.066946365642992 2.8833699226379395 4.611881256103516
2.873042345046997 5.232947691653408 3.07035231590271 5.498137474060059
5.4320173263549805 6.437724282243909 2.2285332679748535 2.3142757415771484
4.464852333068848 5.644889620695757 2.717043161392212 3.676382541656494
3.2253262996673584 5.802174295991364 3.190208911895752 5.335752964019775
2.9562416076660156 5.0699884991800985 3.4264464378356934 6.455275058746338
6.04966402053833 7.31856358999994 2.4020044803619385 2.5049102306365967
5.3280510902404785 8.917012495856106 3.0211799144744873 4.2338457107543945
3.7539801597595215 6.5140319343715305 3.6259524822235107 6.392873764038086
3.889869451522827 7.168529869514032 3.927015542984009 7.849177837371826
5.1218791007995605 5.9062056701134225 2.6557435989379883 2.754915714263916
3.739893913269043 5.359106379623334 3.1317574977874756 4.232668876647949
3.368537187576294 5.117728088301192 3.5228357315063477 5.856954097747803
2.9974632263183594 5.474427673305172 3.6898510456085205 6.90780782699585
5.743736743927002 6.8559648358864465 2.795452117919922 2.9229815006256104
4.585454940795898 7.253951781243131 3.4280593395233154 4.815583229064941
3.9613304138183594 5.981604628924911 3.967172622680664 6.964313507080078
3.6828415393829346 6.067787291818604 4.201241493225098 8.351821899414062
6.625776290893555 8.063637761558581 3.0121171474456787 3.1772053241729736
5.293942451477051 8.069983979882181 3.8740057945251465 5.693936347961426
3.508505344390869 6.933974636497851 4.612659931182861 8.61587905883789
3.489720106124878 6.496285063614099 4.932347774505615 10.483583450317383
4.302049160003662 4.74662004220022 2.8621082305908203 3.1758573055267334
4.1176371574401855 6.209216029701744 3.8467018604278564 5.441739082336426
3.590282678604126 6.083985925565912 4.1355814933776855 7.108644485473633
3.0134963989257812 5.117979305622669 4.234192848205566 8.18189811706543
4.427176475524902 4.652740629752884 3.066988229751587 3.439077138900757
3.8729546070098877 5.745364347676798 4.238344192504883 6.2686309814453125
3.5651893615722656 7.048230909710725 4.699718952178955 8.568964004516602
3.0113751888275146 5.134575379536983 4.881253719329834 10.068334579467773
5.273769378662109 5.634129412052516 3.3788816928863525 3.835775136947632
3.719999074935913 6.3120284159734865 4.834323883056641 7.5335564613342285
4.748839855194092 7.341032426187427 5.5407280921936035 10.792587280273438
2.409594774246216 3.1909419748092205 5.819431304931641 12.878931999206543
4.477535724639893 5.2074993704441255 1.6852208375930786 1.7619472742080688
3.5087389945983887 5.598251493592215 2.0292351245880127 2.710348129272461
3.46764874458313 5.684940796798628 2.333979606628418 3.697942018508911
2.004727602005005 3.708348340972904 2.4919986724853516 4.368032455444336
4.646324634552002 5.666436617187068 1.7664134502410889 1.8514324426651
3.6503984928131104 5.5718782102026125 2.1604115962982178 2.9440298080444336
3.518523693084717 6.488659776102338 2.514077663421631 4.11904239654541
2.9721784591674805 5.275610841564685 2.6974124908447266 4.924977779388428
5.198009967803955 6.454340969856844 1.8826111555099487 1.9781917333602905
4.805257320404053 8.088198544336649 2.3458030223846436 3.2683067321777344
4.309720993041992 5.784653971810172 2.766655206680298 4.7032365798950195
3.7855052947998047 6.914033606991637 2.9837613105773926 5.69611930847168
5.2688069343566895 6.135085781630494 2.0918116569519043 2.211366653442383
4.163865089416504 6.661767002249547 2.531020402908325 3.4588496685028076
3.25213885307312 5.286024537369159 2.8935458660125732 4.763230323791504
2.963097095489502 4.770768035719357 3.060089111328125 5.636454105377197
5.580800533294678 6.6775633078968895 2.200669765472412 2.330394983291626
5.078385353088379 7.62391050554622 2.7335705757141113 3.8397700786590576
2.6650166511535645 4.182905599135239 3.1862382888793945 5.485859394073486
2.7065224647521973 5.144150359410986 3.3976194858551025 6.602132320404053
6.204944610595703 7.81265316217474 2.3629088401794434 2.509399890899658
5.100943088531494 8.060115308765887 3.0294578075408936 4.395012378692627
3.940701723098755 7.3878142253522014 3.6093873977661133 6.531539440155029
4.097734451293945 7.17810229887521 3.880969524383545 7.9847540855407715
5.437551021575928 6.345110046966795 2.61488938331604 2.790634870529175
4.655251979827881 7.114679515590751 3.1226646900177 4.37278938293457
3.220386266708374 5.225917471550863 3.4975194931030273 5.949719429016113
1.8641695976257324 3.233132822212019 3.6425437927246094 6.965909957885742
6.061465263366699 7.20676446543149 2.7502644062042236 2.951263427734375
4.8683953285217285 8.17018139607535 3.4137418270111084 4.953784465789795
2.237544298171997 3.049759072776382 3.9207420349121094 7.029860019683838
2.6519479751586914 4.693024230413357 4.125545501708984 8.392509460449219
6.907376766204834 8.625863856231575 2.961111068725586 3.1966028213500977
4.460577964782715 7.866429267692183 3.847738265991211 5.819108486175537
3.9282853603363037 7.648495045468012 4.541139602661133 8.632429122924805
3.05654239654541 6.279027420548687 4.828322410583496 10.481504440307617
4.70167875289917 5.078594022294055 2.7348244190216064 3.119978666305542
3.4973721504211426 5.693664044326899 3.7747795581817627 5.333550930023193
2.6381800174713135 4.15645202994763 4.043824672698975 7.058082103729248
1.942935824394226 2.592401978536607 4.142955780029297 8.134995460510254
4.448112964630127 4.708659188431255 2.912992000579834 7.156222820281982
3.6565895080566406 5.58955167417048 4.160192012786865 6.158084392547607
2.640571117401123 4.3238887446932495 4.598904132843018 8.512791633605957
2.4929003715515137 4.6281851367630225 4.7609052658081055 9.989203453063965
6.269833564758301 6.97132890430575 3.195239543914795 3.68355393409729
3.053271532058716 4.921964489460834 4.74379301071167 7.434391021728516
4.893543243408203 7.26966265286336 5.413541316986084 10.67607593536377
2.9342823028564453 4.663539415987826 5.663814067840576 12.726638793945312
3.9052815437316895 4.4130305284109 1.6407017707824707 1.6861976385116577
4.021711826324463 6.419451351773603 1.8803677558898926 2.392214298248291
2.8215572834014893 3.998225643800197 2.120225667953491 3.2181191444396973
2.4681458473205566 4.346872708478735 2.257737398147583 3.77612042427063
4.277081489562988 5.122152180512558 1.724908709526062 1.7742061614990234
4.302226543426514 6.8730263130112235 2.0045456886291504 2.5902678966522217
3.558454990386963 5.734139349361612 2.2851498126983643 3.570855140686035
2.7990543842315674 5.401242009776595 2.4428935050964355 4.236604690551758
5.002610683441162 6.203992687560451 1.8453694581985474 1.9006102085113525
4.667553901672363 6.800004507455583 2.181596517562866 2.868232488632202
3.474569082260132 6.430524663176811 2.520620107650757 4.06270170211792
3.1237924098968506 5.697527846740006 2.7074804306030273 4.877890110015869
4.447773456573486 5.087266897297468 2.03265380859375 2.1013076305389404
4.205225944519043 6.267788240327334 2.3368241786956787 3.037885904312134
3.2772486209869385 5.585055151829295 2.600733757019043 4.1060709953308105
2.768017530441284 5.142402956306 2.7276461124420166 4.801753044128418
5.063045024871826 6.0952584802029275 2.151728391647339 2.2239842414855957
3.9871456623077393 6.499976030508144 2.534989833831787 3.3714115619659424
2.956632375717163 4.82432638096725 2.8737123012542725 4.72053861618042
2.7534358501434326 5.477874346431965 3.0333809852600098 5.6009907722473145
5.937375068664551 7.401494803838887 2.325887441635132 2.407499074935913
4.727483749389648 7.909784601706178 2.8240644931793213 3.8560402393341064
4.800114154815674 8.54674283744066 3.273472309112549 5.612791538238525
3.4624338150024414 5.6019141357574185 3.4826719760894775 6.762679576873779
4.660057544708252 5.441547947024446 2.520293951034546 2.6542575359344482
4.5102009773254395 7.407910751617237 2.8910653591156006 3.853717088699341
2.9753780364990234 5.2130986534800225 3.1355888843536377 5.124589920043945
1.498777151107788 2.5478119854157057 3.219475030899048 5.907254695892334
5.45932149887085 6.583361626283875 2.676588296890259 2.8140552043914795
4.510473728179932 6.881960939295709 3.1779096126556396 4.370271682739258
3.4423584938049316 5.86956854505479 3.5333118438720703 6.063361167907715
2.7184858322143555 4.914719950035419 3.6603689193725586 7.103166103363037
6.515437602996826 8.156461007258258 2.906949043273926 3.0594966411590576
4.88103723526001 8.332109095259739 3.604182004928589 5.134810447692871
3.517301559448242 5.285749128953853 4.126512050628662 7.4568400382995605
4.4341654777526855 6.97367759709018 4.317453384399414 8.881505966186523
3.761091470718384 3.989001837460478 2.7115745544433594 2.999420642852783
2.3289144039154053 3.2360090428692914 3.549043893814087 4.889157295227051
3.0392367839813232 5.400020372931962 3.6555871963500977 6.142051696777344
2.567976474761963 4.48577001075536 3.657928705215454 6.915838718414307
4.761407852172852 5.157958561355599 2.9218862056732178 3.234586000442505
3.4531028270721436 5.249925028700147 3.9327290058135986 5.6311774253845215
3.1892991065979004 5.5304996741297145 4.172576427459717 7.419276237487793
3.6373565196990967 6.700140632418766 4.222595691680908 8.492201805114746
4.995511054992676 5.923943060508009 3.229421854019165 3.592561960220337
5.23016881942749 7.81648583232402 4.511313438415527 6.753271579742432
3.8566529750823975 7.0807872171716895 4.952082633972168 9.32829761505127
3.680844306945801 5.666732040549849 5.071995258331299 10.855533599853516
4.308194637298584 4.857081845713972 1.5550254583358765 1.5931845903396606
3.987112045288086 6.274783976796222 1.7834770679473877 2.242417335510254
2.5532896518707275 4.064949967979089 2.027327537536621 3.0627424716949463
2.759225368499756 4.9713873443926815 2.176151752471924 3.648300886154175
4.5489349365234375 5.353117073454321 1.6326569318771362 1.6774427890777588
4.206015110015869 6.525570076517164 1.8918486833572388 2.420396089553833
2.3832385540008545 4.796893081714302 2.1691057682037354 3.3708949089050293
3.4070260524749756 6.1878749069020405 2.3360958099365234 4.052700042724609
5.139192581176758 6.317425936022346 1.7461971044540405 1.7982195615768433
5.117191791534424 8.463440465167825 2.0491487979888916 2.6713292598724365
3.4999678134918213 6.894912701253311 2.3710131645202637 3.8002066612243652
3.6098792552948 7.159434424348783 2.5606565475463867 4.612548351287842
5.178776264190674 5.882771977967112 1.8768974542617798 1.9183509349822998
4.4370245933532715 6.424785779454396 2.1484110355377197 2.752690076828003
2.6709632873535156 5.33165215367643 2.4085495471954346 3.784414052963257
2.6777079105377197 5.740718837081321 2.552593231201172 4.499569416046143
5.516750335693359 6.5116092801577 1.9825297594070435 2.038569450378418
4.007065773010254 6.114263019206078 2.3128602504730225 3.0415360927581787
4.246304512023926 6.82019176812355 2.632500410079956 4.3006272315979
2.723327159881592 3.853869955302798 2.8054137229919434 5.174951553344727
6.217485427856445 7.541238534800641 2.1450929641723633 2.2165215015411377
5.530158996582031 8.364214309470729 2.5609679222106934 3.463743209838867
4.622494697570801 7.841487296022478 2.9627625942230225 5.047395706176758
3.6808860301971436 6.56124102657197 3.173326253890991 6.14695405960083
5.474936485290527 6.235478380360632 2.3770217895507812 2.3919525146484375
4.628058433532715 7.2946458979681665 2.619589328765869 3.4035558700561523
2.676347494125366 4.322007892147981 2.8218350410461426 4.583357334136963
2.507183313369751 3.7333116031337 2.9251999855041504 5.370663642883301
6.202779769897461 7.259020300379575 2.5007359981536865 2.5443060398101807
5.008191108703613 7.7912218847572845 2.843393325805664 3.828659772872925
3.213231086730957 4.95327566177798 3.1316165924072266 5.3393235206604
2.9216837882995605 5.85798848742013 3.2728002071380615 6.341907978057861
7.158350467681885 8.613815694317509 2.7048637866973877 2.7782020568847656
4.794127941131592 6.711209354160928 3.19162654876709 4.462884426116943
3.99642014503479 7.520924096946317 3.6004419326782227 6.458325386047363
4.327578544616699 7.512090023458995 3.791346549987793 7.773936748504639
4.460268497467041 4.787874800792451 2.437774896621704 2.6780645847320557
4.38911247253418 6.2254140835830185 3.325620174407959 4.447635650634766
2.9211134910583496 5.236585902208221 3.224165201187134 5.370913982391357
2.850264549255371 5.652148361758691 3.244849443435669 6.136261463165283
5.194620132446289 5.549720301280331 2.6129965782165527 2.8751258850097656
3.6666555404663086 5.76272679871272 3.6185550689697266 5.053105354309082
3.513953685760498 6.914563522850244 3.613602876663208 6.371908187866211
3.6921067237854004 6.389945837910432 3.673783779144287 7.3785319328308105
4.671286106109619 5.1034154100214835 2.885439872741699 3.2072863578796387
5.74705171585083 8.734372212963862 4.083674907684326 5.951398849487305
5.099260330200195 8.672458980686883 4.212400436401367 7.868965148925781
3.619119882583618 7.1120281001402645 4.324084758758545 9.232166290283203
3.3123090267181396 4.141780314895186 1.4508956670761108 1.501915693283081
3.0047788619995117 5.335528135101036 1.717746615409851 2.2468791007995605
3.160801887512207 5.5607396081946945 1.973955750465393 3.0928823947906494
2.2282354831695557 3.870628701392377 2.1241769790649414 3.696357011795044
3.7642815113067627 4.913012635516694 1.5213074684143066 1.5761961936950684
3.3817806243896484 6.143103353304241 1.8178870677947998 2.407667398452759
3.0810232162475586 6.039768303590279 2.1082139015197754 3.3817217350006104
2.531980276107788 4.059253054272176 2.277334213256836 4.083095550537109
4.738069534301758 6.498914678236588 1.6237655878067017 1.68416166305542
4.009096622467041 7.296619110593156 1.961983561515808 2.6368889808654785
3.908937454223633 6.366862397858107 2.299607753753662 3.7885279655456543
3.518915891647339 6.011515951574609 2.493893623352051 4.622572422027588
4.178125858306885 5.2628407390715495 1.596308708190918 1.6567409038543701
3.8489737510681152 6.515521195120279 1.930260419845581 2.583545207977295
2.6342718601226807 4.637825088428201 2.243833303451538 3.6475071907043457
3.014974355697632 5.014499455736303 2.418438673019409 4.400712490081787
4.59888219833374 5.9322341632418585 1.6958433389663696 1.762363314628601
4.104448318481445 7.243997514132843 2.077216148376465 2.8303465843200684
3.3751704692840576 6.0137691714969606 2.4467365741729736 4.109694480895996
3.520451545715332 5.513518474833766 2.6514806747436523 5.024702548980713
5.5450215339660645 7.311868685263562 1.8450779914855957 1.9206979274749756
4.43861722946167 6.737287218652167 2.296518564224243 3.1966135501861572
3.859678268432617 6.108188308569652 2.7473347187042236 4.790655136108398
3.8187508583068848 6.633084131482153 2.994008779525757 5.935462474822998
4.694751739501953 5.74194585989585 1.719891905784607 1.7913976907730103
3.773777723312378 6.8544711835704675 2.1409192085266113 2.929943561553955
3.3443732261657715 6.359736778598133 2.4949967861175537 4.1815876960754395
3.3674488067626953 6.389414079085513 2.680549383163452 5.0503411293029785
5.296207904815674 6.609020746179112 1.8441270589828491 1.9241012334823608
3.571561813354492 5.601460811931084 2.329174518585205 3.260338068008423
3.1981842517852783 5.958317577611908 2.7621939182281494 4.819088459014893
3.0324158668518066 5.348346368611175 2.9895215034484863 5.912482261657715
6.316012382507324 8.170111492865828 2.0355916023254395 2.128537178039551
5.0442047119140625 7.105102003408092 2.6200313568115234 3.7669312953948975
3.669275999069214 6.4158166520337545 3.171085834503174 5.789352893829346
3.4313926696777344 5.206275861209178 3.4569931030273438 7.211533069610596
3.6408302783966064 4.286626701822456 2.04333758354187 2.3758037090301514
3.577641487121582 6.406261063501574 2.4416701793670654 3.4752213954925537
3.295020580291748 5.407681476075504 2.7143304347991943 4.653665065765381
3.1438848972320557 4.482796436239823 2.8861982822418213 5.570751667022705
4.336981773376465 4.525424111018083 2.2016823291778564 2.561488628387451
4.48749303817749 7.826069028461621 2.675185441970825 3.88249135017395
2.9036202430725098 5.5831032573577914 3.0310416221618652 5.440394878387451
2.9523496627807617 5.874112595404995 3.2545788288116455 6.629330158233643
5.010169982910156 5.90899503465174 2.442880630493164 2.8473286628723145
5.589210033416748 9.388555549127087 3.0351452827453613 4.521206855773926
4.100289821624756 6.295970557406356 3.528350830078125 6.662353515625
3.68923282623291 6.754050551925317 3.8241350650787354 8.255878448486328
4.210290908813477 4.7090277980656765 1.499734878540039 1.5451829433441162
4.018014907836914 6.512585374838295 1.7426767349243164 2.24782395362854
3.3425655364990234 5.646739826854855 1.9989650249481201 3.0549190044403076
3.056673288345337 5.192397592658081 2.156845808029175 3.606552839279175
4.468243598937988 5.336308219198145 1.5708928108215332 1.6212036609649658
3.8088762760162354 6.6972209651186745 1.8455926179885864 2.4110639095306396
3.9227917194366455 6.336706222995872 2.1365482807159424 3.3366172313690186
3.397587299346924 5.8560685062944655 2.3147904872894287 3.977745532989502
5.00281286239624 6.112069712457288 1.67218017578125 1.7293241024017334
4.684295177459717 8.28530230586648 1.988853096961975 2.6421093940734863
3.84918475151062 7.050867793539794 2.326192855834961 3.7340540885925293
3.6223127841949463 5.331344086241029 2.5310006141662598 4.4979166984558105
4.792311668395996 5.450401148619676 1.7568048238754272 1.8102794885635376
3.5096025466918945 5.460650259547981 2.0483930110931396 2.683957099914551
2.3681039810180664 3.5485991071988643 2.340104341506958 3.694026470184326
3.2130210399627686 5.867554049146634 2.510913372039795 4.385525703430176
5.32496976852417 6.354700302760418 1.8533329963684082 1.9159095287322998
3.9756927490234375 7.26670287846097 2.2005615234375 2.9400546550750732
3.7697396278381348 7.14502397098272 2.5523488521575928 4.15732479095459
3.5531933307647705 5.942423688142526 2.7568211555480957 5.001741886138916
5.927827835083008 7.299723325920395 1.995755910873413 2.07077693939209
5.591090202331543 9.617331279662721 2.4202654361724854 3.3165018558502197
4.4818949699401855 7.481542878702385 2.8556885719299316 4.837019443511963
3.6973254680633545 6.907567787662803 3.106414556503296 5.8998847007751465
5.041180610656738 5.808791396488573 2.1573095321655273 2.2138006687164307
4.089887619018555 6.736573038269853 2.4392449855804443 3.2175498008728027
2.7645609378814697 5.156234229958746 2.704653024673462 4.372537612915039
2.947765588760376 4.952409738432557 2.859954833984375 5.163583755493164
5.755036354064941 6.84523982545204 2.271045684814453 2.3358314037323
4.397164821624756 7.102323829652391 2.6373980045318604 3.57456374168396
3.8092596530914307 7.133491158894941 2.991873025894165 5.035049915313721
3.1763830184936523 5.647354999765597 3.1947619915008545 6.04307222366333
6.6602463722229 8.220591594145517 2.443781852722168 2.528048038482666
5.777987957000732 9.613011793915035 2.9341468811035156 4.116919994354248
4.979206562042236 9.061220327498177 3.4153940677642822 6.034712314605713
4.136820316314697 7.375341470639766 3.6834218502044678 7.358667373657227
3.320275068283081 3.58150808194614 2.205331563949585 2.4689571857452393
3.9590563774108887 6.469838960945992 3.099170446395874 4.2011189460754395
3.4980602264404297 5.808612869855537 3.068753719329834 5.036278247833252
2.6776745319366455 4.648670804227635 3.1613595485687256 5.836743354797363
5.202443599700928 5.626442128060063 2.3597559928894043 2.6505560874938965
4.217120170593262 5.302695033307295 3.3701298236846924 4.7143940925598145
3.210599422454834 6.676982846584906 3.422429323196411 5.89218282699585
2.566647529602051 3.843791016811963 3.571373701095581 6.951135635375977
5.8965678215026855 6.5606863417267505 2.595053195953369 2.9317548274993896
5.004711151123047 8.429844626718847 3.767242670059204 5.489256381988525
4.618988990783691 7.653692673873877 3.9556400775909424 7.204195499420166
3.8513777256011963 6.2147961027922065 4.181687355041504 8.64354419708252
3.760714530944824 4.522486685385198 1.7143149375915527 1.780422568321228
3.556729316711426 6.1499370965304365 2.0231683254241943 2.6511216163635254
2.8934545516967773 5.3901900766283575 2.3034369945526123 3.5852978229522705
2.7252891063690186 5.217693943751158 2.4502241611480713 4.204747676849365
4.20780086517334 5.227081242052027 1.798542857170105 1.8723552227020264
3.8854658603668213 6.50862682056578 2.1494133472442627 2.864879608154297
3.205183506011963 5.422176721499227 2.4757163524627686 3.97462797164917
2.5243582725524902 4.542088528805081 2.6468000411987305 4.726006507873535
5.046011447906494 6.278451995979172 1.918336033821106 2.0014936923980713
4.451099872589111 7.555543756723409 2.3272478580474854 3.1644227504730225
2.7208027839660645 4.881498444647875 2.715670347213745 4.511287689208984
3.0031752586364746 5.208999221363782 2.917767286300659 5.436724662780762
4.294000148773193 5.243052510863919 2.114243507385254 2.2015016078948975
3.4560303688049316 6.21858037975494 2.512402057647705 3.3502907752990723
2.1397883892059326 3.425460999160805 2.8460371494293213 4.593866348266602
1.8489550352096558 3.5661771204140678 2.995361089706421 5.393937110900879
5.013632774353027 6.156256595452646 2.2263565063476562 2.326259136199951
3.4534082412719727 6.347655604290637 2.708265542984009 3.7072255611419678
3.722944974899292 5.191979108756733 3.1281704902648926 5.272537708282471
3.233145236968994 6.229001317662365 3.3200528621673584 6.300495624542236
5.948029518127441 7.54642933802927 2.3931102752685547 2.510560989379883
5.59977912902832 7.3188118806888385 2.993614912033081 4.224633693695068
2.868866443634033 5.609961847756168 3.5328569412231445 6.239332675933838
3.6884517669677734 5.87027730496629 3.7794220447540283 7.578057289123535
4.510234832763672 5.54132620716053 2.615143299102783 2.7413642406463623
3.7641794681549072 6.245420708264874 3.0876524448394775 4.196483612060547
2.8043417930603027 5.154827936350188 3.4269585609436035 5.707615375518799
2.3615667819976807 4.671910558382763 3.5475852489471436 6.63704776763916
5.421617031097412 6.6313662830811735 2.749732732772827 2.893766164779663
4.192160129547119 6.990074611585214 3.362549066543579 4.730081558227539
3.2024636268615723 6.0765782256799845 3.831636428833008 6.730816841125488
1.7608375549316406 3.457953370316318 4.0119547843933105 7.984642028808594
6.536299705505371 8.24537130587569 2.9619762897491455 3.134636402130127
4.047065258026123 7.346338516120675 3.7772772312164307 5.531710147857666
4.361598968505859 7.48098881920268 4.428622245788574 8.227517127990723
3.9356706142425537 5.822550524281553 4.685221195220947 9.92994499206543
3.9004130363464355 4.669100947846984 2.767090320587158 3.0512757301330566
3.024052619934082 6.1879346713478185 3.7092444896698 5.1494317054748535
2.706916332244873 4.7749293394907255 3.966557741165161 6.77963924407959
1.709391713142395 2.9822986908475286 4.021195888519287 7.729846954345703
4.552027225494385 5.275214914749711 2.951554298400879 3.2805051803588867
3.6826229095458984 6.2606575536885885 4.073909759521484 5.9340410232543945
2.450881242752075 3.356439713869733 4.47911262512207 8.126477241516113
2.860804319381714 5.06371135596882 4.608720302581787 9.477300643920898
5.831667900085449 7.014970811771036 3.2355663776397705 3.631300449371338
5.443215370178223 8.999793451762157 4.62443733215332 7.087796211242676
3.486323118209839 6.81577790937698 5.251596927642822 10.132701873779297
3.4837937355041504 5.572618904918107 5.476055145263672 12.037068367004395
4.47581148147583 5.166201390757124 1.4841424226760864 1.5406185388565063
4.415460109710693 7.0986102643094 1.7846280336380005 2.3643503189086914
3.5919461250305176 6.233748065896862 2.078174352645874 3.272534132003784
2.8811748027801514 5.231474009516887 2.2545278072357178 3.9108290672302246
4.614381790161133 5.625574038795364 1.556019902229309 1.6188371181488037
4.760488033294678 7.856509073367306 1.890490174293518 2.542725086212158
3.207021474838257 6.322992097445166 2.223073959350586 3.594698190689087
2.699061155319214 5.07222465862931 2.4236021041870117 4.346122741699219
5.097136497497559 6.313043209448551 1.6596488952636719 1.7302004098892212
4.744439125061035 7.830455996395358 2.0415425300598145 2.793400526046753
3.8844144344329834 5.930981009437659 2.4280402660369873 4.044530868530273
3.600430965423584 6.046796791166798 2.661303997039795 4.950960636138916
5.299319267272949 6.173028472852053 1.705459713935852 1.7661653757095337
5.021202087402344 8.356314685098937 2.0855789184570312 2.806884527206421
3.546039581298828 5.265521853757036 2.4491779804229736 3.9813473224639893
3.4415955543518066 6.517863462907226 2.65417742729187 4.799113750457764
5.618032455444336 6.75848233574925 1.8048319816589355 1.8778637647628784
5.071700096130371 8.601876807768576 2.240631341934204 3.083665132522583
3.404541492462158 6.48587616251762 2.6698708534240723 4.504294395446777
3.5552825927734375 6.715300454542316 2.9144201278686523 5.513387680053711
6.183602333068848 7.787733827462603 1.952986478805542 2.0406124591827393
5.59046745300293 9.288342809126902 2.4708609580993652 3.4865026473999023
4.480541229248047 7.751826976526445 2.994459629058838 5.2634148597717285
4.020740509033203 6.69276907699351 3.2947354316711426 6.544652462005615
5.537685394287109 6.5016222309565705 2.0493550300598145 2.052893877029419
4.7708635330200195 7.394381076538025 2.4790406227111816 3.3373782634735107
4.0778961181640625 7.025655058357188 2.8570196628570557 4.751626968383789
3.3161935806274414 5.893930453175017 3.0569872856140137 5.707034587860107
6.166460037231445 7.386904248151609 2.1631743907928467 2.1964187622070312
4.072636604309082 7.086794644122335 2.6736159324645996 3.7217838764190674
4.061142444610596 6.643513001521917 3.1494741439819336 5.490779399871826
3.6461286544799805 6.492292804785166 3.4057810306549072 6.716385841369629
6.946978569030762 8.755354127437357 2.342808485031128 2.407029867172241
4.963328838348389 7.915518030441518 2.978239059448242 4.294163703918457
4.357827186584473 8.166625271492421 3.59664249420166 6.5962114334106445
3.926419258117676 6.593568922218196 3.9325807094573975 8.215027809143066
4.223394870758057 4.604339819054303 2.0498480796813965 2.377603530883789
4.2998833656311035 7.587117072472722 3.3477671146392822 4.411441326141357
4.0415167808532715 5.723475417097916 3.2896440029144287 5.554154396057129
3.4499294757843018 5.448511136329671 3.4153103828430176 6.521963596343994
4.438211917877197 4.74902763405953 2.2007830142974854 2.5627622604370117
4.815372943878174 7.535385132947567 3.5627646446228027 4.956431865692139
3.1855170726776123 5.629291927078441 3.6373729705810547 6.4964189529418945
2.876706123352051 5.42610724287124 3.8353006839752197 7.786006927490234
5.291296482086182 5.47099780099694 2.4318785667419434 2.8455023765563965
5.61422872543335 9.43942759056506 3.9168670177459717 5.752569675445557
4.4486002922058105 8.452809091639253 4.188061714172363 7.925436496734619
3.6940252780914307 5.694432136662481 4.48655891418457 9.697662353515625
4.006369590759277 4.946107484289087 1.6069748401641846 1.6636587381362915
3.6871845722198486 5.957321509234589 1.9049650430679321 2.5209665298461914
3.117189884185791 5.2626460258993575 2.181396245956421 3.459268093109131
2.9448935985565186 4.271273503949487 2.3296239376068115 4.088615417480469
4.386704444885254 5.573338380471057 1.6925504207611084 1.7545040845870972
3.193349838256836 4.788929784990827 2.035688877105713 2.726611852645874
3.632796287536621 5.587211346205606 2.3564562797546387 3.816023588180542
3.486572265625 5.309825713887108 2.526252031326294 4.5532097816467285
5.028188228607178 6.4805686233401865 1.8151999711990356 1.8834701776504517
4.855741500854492 7.961105341511725 2.22162127494812 3.0176074504852295
3.386000394821167 5.878385063440277 2.6042368412017822 4.315523624420166
3.603083372116089 6.435780517794228 2.8027918338775635 5.1967973709106445
4.685544967651367 5.78697292086099 1.9531962871551514 2.0246341228485107
4.064431667327881 6.426669132916118 2.3345413208007812 3.149885892868042
3.612450361251831 6.30364117418992 2.6581029891967773 4.384632110595703
2.582770347595215 4.957333747122515 2.806119680404663 5.1894636154174805
5.184445858001709 6.49125120590611 2.0745201110839844 2.152207374572754
4.286872863769531 7.394252991103169 2.53871488571167 3.4919273853302
3.222289800643921 6.159559700543923 2.941206932067871 5.0064568519592285
2.6689982414245605 4.682400801363428 3.124061346054077 5.999358177185059
5.988150596618652 7.902303737908142 2.252840042114258 2.3411755561828613
4.489953517913818 8.575719164391955 2.8393452167510986 3.992535352706909
3.407344102859497 5.3225845974431785 3.3571481704711914 5.908869743347168
3.7479796409606934 6.842637680692661 3.588561534881592 7.164915084838867
4.753353595733643 6.006304270403234 2.4253692626953125 2.5760838985443115
4.241372585296631 7.552778065212664 2.8525032997131348 3.930009365081787
3.530184507369995 6.651069590902135 3.1756792068481445 5.4123148918151855
2.8730669021606445 5.446252925533599 3.2927660942077637 6.345142364501953
5.533599853515625 7.012488237090736 2.5759217739105225 2.7181782722473145
4.424008846282959 7.39993154145202 3.141503095626831 4.439840316772461
2.8499579429626465 4.70767346114971 3.5797650814056396 6.354720115661621
2.8738009929656982 4.972910759771324 3.740419387817383 7.548254013061523
6.566282749176025 8.662739605131444 2.8060598373413086 2.9537527561187744
5.300907135009766 8.866089280587005 3.5789334774017334 5.211421489715576
4.1437201499938965 6.385221858840588 4.1888322830200195 7.748218536376953
3.883962392807007 6.834824875665333 4.412530899047852 9.320075988769531
3.2325260639190674 3.666492186333528 2.541477918624878 2.873086452484131
3.6217026710510254 5.536146678464519 3.512613534927368 5.00690221786499
3.5817291736602783 6.427654987770747 3.6640565395355225 6.404549598693848
1.447295069694519 2.349479863558045 3.7158918380737305 7.367993354797363
4.048524379730225 4.869411572900521 2.7454028129577637 3.097081184387207
5.199182510375977 8.83193945970573 3.8871233463287354 5.725712776184082
3.9587600231170654 6.972879352077385 4.185749053955078 7.676300048828125
3.434016466140747 5.7806746500841655 4.280128479003906 8.938192367553711
5.675772666931152 6.041439052376518 3.054314136505127 3.4512641429901123
4.225115776062012 6.526480815496939 4.471020698547363 6.835704326629639
4.15375280380249 7.377994516764943 4.982388496398926 9.570343971252441
3.5064477920532227 5.509493594103789 5.140315532684326 11.272564888000488
4.041468143463135 4.762075947425643 1.7608873844146729 1.8384610414505005
3.600156307220459 6.45370650851401 2.0984718799591064 2.7967662811279297
2.7545995712280273 4.473852500018438 2.386770009994507 3.7587907314300537
2.643468141555786 4.151745984248257 2.5182714462280273 4.3707685470581055
4.492618083953857 5.5504482284816845 1.8531748056411743 1.9369441270828247
4.2668304443359375 6.503725226200913 2.2410693168640137 3.034684658050537
2.9329137802124023 5.624690237194898 2.5789599418640137 4.183972358703613
3.0925257205963135 5.633962304030263 2.7327425479888916 4.928510665893555
5.111363410949707 6.704931361720128 1.9856083393096924 2.075758218765259
3.9726390838623047 6.486845664678071 2.4456946849823 3.365837812423706
3.9025626182556152 6.573718899883659 2.8520119190216064 4.7669525146484375
3.3565523624420166 5.53564666057822 3.0337929725646973 5.68208122253418
4.774710655212402 5.6658592703413415 2.2026679515838623 2.3000845909118652
3.6496634483337402 5.99135106894488 2.6400318145751953 3.5881447792053223
2.4141175746917725 4.32187765812273 2.9711647033691406 4.864389419555664
0.8823280930519104 1.8676521087587048 3.0906243324279785 5.64240026473999
5.189906120300293 6.356498484481712 2.3269901275634766 2.4434096813201904
3.7662343978881836 6.778151600484684 2.865926504135132 4.003854274749756
3.1244051456451416 4.481213555284228 3.2862210273742676 5.621596336364746
1.6919318437576294 2.7405588619684833 3.442748785018921 6.625166416168213
5.969731330871582 7.663863182589807 2.5132102966308594 2.6487743854522705
5.061152935028076 8.345974031579564 3.1997570991516113 4.598094940185547
3.868459939956665 6.349710883602825 3.745633363723755 6.693419456481934
3.8753185272216797 5.089481912483507 3.94834303855896 7.998729705810547
4.8961358070373535 5.875286180873928 2.7269845008850098 2.8358194828033447
3.349264621734619 5.536402481998948 3.2656805515289307 4.517251968383789
2.3599956035614014 4.110350870860543 3.5900654792785645 6.061692714691162
1.8559173345565796 2.62554051300674 3.665976047515869 6.950305461883545
5.628238677978516 6.875957207391295 2.8879268169403076 3.0241005420684814
3.3747012615203857 6.291047385108868 3.5895936489105225 5.160879135131836
2.392491340637207 5.03635922215409 4.039210319519043 7.208016872406006
2.4957115650177 4.392984704914284 4.162296772003174 8.406237602233887
6.456993103027344 8.189226231757061 3.131991147994995 3.3069915771484375
4.5298614501953125 7.056017353305236 4.079549312591553 6.099711894989014
3.045513153076172 4.503642178258474 4.706888675689697 8.8672513961792
3.7807300090789795 5.580816740257832 4.889496326446533 10.489044189453125
4.005466461181641 4.308067829671245 2.945673704147339 3.2159175872802734
3.268615484237671 4.966788708378658 3.8912298679351807 5.540933609008789
1.6337368488311768 3.256401298325784 4.144592761993408 7.15313720703125
1.6992206573486328 2.8712662629292254 4.15214204788208 8.064831733703613
4.820193290710449 5.595886441605501 3.179527521133423 3.508803606033325
3.1700501441955566 5.594545813909576 4.322632789611816 6.425159454345703
2.1599678993225098 4.178084962358255 4.71669340133667 8.658336639404297
2.2214066982269287 2.9624201088720383 4.772745132446289 9.939679145812988
5.119358539581299 5.482694381997504 3.5307846069335938 3.943499803543091
4.127010345458984 7.217739586224681 4.974261283874512 7.737112998962402
3.517758369445801 5.870507577308558 5.574498653411865 10.868636131286621
3.8978888988494873 5.445019382923483 5.692277908325195 12.654556274414062
3.908649206161499 4.789436136319182 1.6416456699371338 1.6936265230178833
3.9608712196350098 6.504280023590809 1.9345946311950684 2.568988561630249
3.163038730621338 5.848339367309336 2.2130377292633057 3.5316712856292725
2.77178955078125 4.973626225118551 2.3681347370147705 4.165312767028809
4.321677207946777 5.4240503547398475 1.7264530658721924 1.783032774925232
4.032455921173096 7.020892313704259 2.064558744430542 2.7737033367156982
3.293483257293701 5.677406262996939 2.3878180980682373 3.8916015625
2.691999673843384 5.277922076400273 2.565824031829834 4.639056205749512
5.033587455749512 6.47540407243801 1.8459833860397339 1.9114794731140137
4.182865619659424 7.422248275164748 2.2453033924102783 3.0711324214935303
3.249992847442627 5.536499107927739 2.628293037414551 4.409566879272461
2.61262845993042 3.746667434931169 2.8359556198120117 5.313112258911133
4.473018646240234 5.481813778824289 2.0068519115448 2.069899320602417
4.120493412017822 6.894152637652219 2.3768975734710693 3.231534719467163
3.0686049461364746 5.448753349606754 2.69691801071167 4.497727870941162
1.9899353981018066 3.933644188022128 2.856786012649536 5.3122968673706055
5.061507225036621 6.278594624053511 2.1231882572174072 2.1916301250457764
3.9297468662261963 6.991181789501523 2.5788259506225586 3.57295823097229
3.2807397842407227 5.873393985674937 2.9775619506835938 5.121875286102295
1.7211248874664307 2.1524329519336405 3.173628568649292 6.130080699920654
5.945367813110352 7.82051003326864 2.2917418479919434 2.374358654022217
4.98572301864624 8.361078167434528 2.8677594661712646 4.082708835601807
3.2830371856689453 5.478502096446533 3.3763458728790283 6.045481204986572
3.8467488288879395 6.9741385354130845 3.62149715423584 7.3298187255859375
4.654797077178955 5.697415899121097 2.52068829536438 2.6031746864318848
4.133540630340576 6.9082806891004935 2.910329580307007 4.065502166748047
3.2001261711120605 4.991796449966655 3.2163329124450684 5.577995777130127
1.4559876918792725 3.303653803820083 3.3509888648986816 6.519765853881836
5.455312728881836 6.740375519373515 2.6565723419189453 2.7558910846710205
3.968406915664673 6.252235077215474 3.197767972946167 4.586606502532959
2.7974212169647217 5.879315435195188 3.6173980236053467 6.522675037384033
3.442795991897583 5.978448876353518 3.796996593475342 7.729039669036865
6.510372638702393 8.40340827698219 2.8683738708496094 2.9940314292907715
4.527117729187012 8.160541341970202 3.6179428100585938 5.37636661529541
4.6331048011779785 6.701707376674776 4.198178768157959 7.936220645904541
3.2233121395111084 5.5164036976521365 4.440339088439941 9.52902603149414
3.656073808670044 4.203522528485337 2.7331597805023193 3.0707168579101562
4.394214153289795 6.932795982906441 3.5880587100982666 5.174245357513428
2.094961643218994 3.387302324508198 3.696294069290161 6.611882209777832
2.497361898422241 5.206693608284413 3.774146318435669 7.585137844085693
4.447816371917725 4.859605950252984 2.9351043701171875 3.310340166091919
4.388660907745361 6.733913285848587 3.961855173110962 5.924139499664307
4.114119052886963 6.468316356256651 4.2149200439453125 7.890886306762695
3.1564183235168457 6.111277534699752 4.33790922164917 9.162847518920898
5.618252277374268 6.116009335884986 3.234172821044922 3.6764140129089355
5.395557880401611 8.690643316824435 4.528227806091309 7.0623931884765625
3.969693660736084 6.031634617397657 4.97303581237793 9.803323745727539
3.032710552215576 4.685044169540262 5.158437252044678 11.516812324523926
4.116689205169678 4.817344973936706 1.5033767223358154 1.5534272193908691
4.003737926483154 6.819220039642545 1.7696058750152588 2.3039441108703613
2.914639472961426 5.311070117835239 2.0336925983428955 3.1480226516723633
2.087599754333496 3.723833144515197 2.192478656768799 3.7432773113250732
4.355266094207764 5.382022048001431 1.5786747932434082 1.6324238777160645
4.2422637939453125 7.040879400956769 1.8794280290603638 2.4762074947357178
2.7076869010925293 4.530769159176764 2.17997145652771 3.452453374862671
2.9824018478393555 5.536384661081627 2.358583927154541 4.142914772033691
5.0217719078063965 6.402450062922071 1.6858813762664795 1.745848298072815
5.08956241607666 8.780079460565268 2.0337889194488525 2.722489833831787
2.2882866859436035 4.150827380797864 2.38240385055542 3.880330801010132
3.3421032428741455 6.83856253894497 2.586031198501587 4.6976094245910645
4.850558757781982 5.700800808920839 1.736519455909729 1.7927833795547485
4.538713455200195 7.214767422478474 2.0582950115203857 2.726881980895996
3.267791271209717 5.865071312443661 2.3612966537475586 3.7877211570739746
2.926762819290161 5.318362883813734 2.532567024230957 4.534226417541504
5.2836503982543945 6.429678153142504 1.841355562210083 1.9040895700454712
4.023373603820801 6.56510277944664 2.223421335220337 2.999406576156616
3.891902208328247 6.889226003229737 2.58791184425354 4.2883710861206055
2.9181606769561768 5.485476893376841 2.789998769760132 5.194147109985352
6.059893608093262 7.82749516777676 1.9948747158050537 2.068549394607544
5.476839065551758 8.541499120142362 2.463151454925537 3.403916120529175
4.234649658203125 8.0775935859198 2.913827657699585 5.022528171539307
3.552462339401245 6.678426656885222 3.1574344635009766 6.150494575500488
5.1361565589904785 6.116218641637147 2.065521717071533 2.111419439315796
4.06198787689209 6.660771311849118 2.4016573429107666 3.2160515785217285
3.8537280559539795 6.2631671987604705 2.6987452507019043 4.447661399841309
1.5654687881469727 2.8901190323144874 2.8577303886413574 5.304162502288818
5.936112403869629 7.194564723419148 2.1955525875091553 2.2538270950317383
4.859100341796875 7.606640815462267 2.623048782348633 3.60166072845459
3.145306348800659 5.456144502195656 3.009004831314087 5.1604838371276855
2.58933687210083 4.168783320118017 3.2079761028289795 6.240987300872803
6.971553802490234 8.953204128710013 2.3885302543640137 2.466071605682373
5.312518119812012 9.053690770574917 2.9523627758026123 4.185595512390137
4.662558555603027 8.355385124478325 3.466428279876709 6.237302303314209
3.3210198879241943 5.553549982987306 3.721639394760132 7.637880802154541
3.8094420433044434 4.41452921152495 2.269179105758667 2.490619421005249
4.085605621337891 6.7977839134621325 2.977792739868164 3.920238971710205
3.283812999725342 6.466441532938006 3.017672300338745 5.072388172149658
2.532407760620117 5.203000913300315 3.1318519115448 5.95621395111084
4.34166145324707 5.0652409977348185 2.3843398094177246 2.7448580265045166
2.873836040496826 5.3840439287990876 3.2499005794525146 4.478494167327881
3.1191306114196777 4.4295813752002005 3.407947540283203 5.990598678588867
3.011945962905884 4.299963131840997 3.563485622406006 7.138311386108398
5.669126033782959 6.824230740534404 2.6451032161712646 3.0497148036956787
5.675591945648193 9.814830218666202 3.669579267501831 5.324840068817139
4.031744480133057 7.228196949604808 3.9898581504821777 7.3947272300720215
3.7812938690185547 6.3831535418064504 4.205392360687256 8.930130004882812
4.02748441696167 4.606538649910362 1.550416111946106 1.6038568019866943
3.7624151706695557 6.128081519297439 1.8190089464187622 2.3716254234313965
3.3886823654174805 5.829622173544632 2.0836737155914307 3.251706123352051
2.231576919555664 4.7341910402458325 2.234337329864502 3.8741068840026855
4.4469828605651855 5.426231447323644 1.63164222240448 1.6896268129348755
3.3284058570861816 5.506165436585476 1.9352872371673584 2.5626518726348877
3.99835467338562 6.987589476470182 2.2388546466827393 3.5871856212615967
3.211921453475952 5.122010736816037 2.410226345062256 4.313546657562256
5.042425632476807 6.276650646761539 1.7481168508529663 1.8121514320373535
4.778852939605713 7.088737755227015 2.1007871627807617 2.8267555236816406
3.463921546936035 7.053080042653109 2.457115411758423 4.050208568572998
3.165343999862671 5.500593669587788 2.655616044998169 4.921365261077881
4.813987731933594 5.540993497994975 1.8270732164382935 1.8994498252868652
4.2419328689575195 6.158480293876892 2.150235891342163 2.860468626022339
2.969877004623413 5.074576214829719 2.450463056564331 3.9606568813323975
2.8952090740203857 5.570931323618083 2.608372926712036 4.73236608505249
5.245911121368408 6.3569610857297505 1.9411042928695679 2.0211069583892822
3.673299551010132 6.55797636140702 2.3266782760620117 3.1635313034057617
2.8274168968200684 3.2447624111198863 2.694096326828003 4.5128889083862305
2.560628890991211 5.182234937197791 2.8848865032196045 5.456596851348877
5.959542751312256 7.451547439479668 2.111140012741089 2.201608419418335
5.015345096588135 8.091456392690876 2.5881969928741455 3.6025495529174805
4.4170331954956055 7.559274242622905 3.0505807399749756 5.310727596282959
3.4044229984283447 6.107095639493252 3.2856132984161377 6.505171775817871
5.011661529541016 5.8339108247280365 2.2249815464019775 2.3288397789001465
4.165450096130371 5.8787862014356165 2.5515763759613037 3.4558205604553223
3.285264730453491 5.968254773358725 2.8300588130950928 4.703693866729736
2.4575843811035156 3.663240724537019 2.965095043182373 5.569212436676025
5.889372825622559 7.03383733989463 2.3634326457977295 2.4780800342559814
4.901322841644287 8.252158585815437 2.786179304122925 3.8814809322357178
3.2606723308563232 5.418955820963429 3.1620521545410156 5.49167537689209
2.957500696182251 4.127296605620131 3.3419809341430664 6.593495845794678
6.820632457733154 8.485640834661979 2.577180862426758 2.709352731704712
5.519759178161621 8.268782752510372 3.1460039615631104 4.519164562225342
5.02097749710083 8.969596689141255 3.66434383392334 6.664100646972656
4.146539211273193 6.625837900355123 3.9051551818847656 8.12210750579834
2.9264490604400635 3.3883849809476487 2.28466534614563 6.300086498260498
3.3367600440979004 5.533861559509717 3.1874587535858154 4.528704643249512
2.234590530395508 3.576824021338325 3.190526247024536 5.41387414932251
2.1041617393493652 3.540291450642485 3.2621231079101562 6.273233413696289
4.131465911865234 4.640197963123683 2.47829270362854 2.829022169113159
4.069523334503174 6.5829722469070475 3.509153127670288 5.136263847351074
3.4457077980041504 5.174713966662381 3.5996079444885254 6.421760559082031
3.0545120239257812 5.564259283682901 3.7218759059906006 7.557511806488037
6.140647888183594 6.907986164672508 2.7480783462524414 3.152467727661133
5.286203861236572 6.988260798028357 3.977952718734741 6.010141372680664
3.6239395141601562 7.145719825496165 4.229472637176514 7.943102836608887
3.9179961681365967 6.887696076940877 4.423496723175049 9.504570960998535
3.8097622394561768 4.436788772335603 1.5523173809051514 1.6034326553344727
3.553525447845459 5.432778030775353 1.8114622831344604 2.349363088607788
2.910356283187866 4.773290862688164 2.0656604766845703 3.2112886905670166
2.554169178009033 4.6971384681198955 2.2207775115966797 3.8380565643310547
4.2022175788879395 5.1223819845090475 1.6305351257324219 1.6842495203018188
3.893980026245117 6.190151416707675 1.9221981763839722 2.513193368911743
2.07427978515625 2.758782310194281 2.212751865386963 3.499516487121582
2.840463638305664 5.9138092110109 2.38952898979187 4.226762294769287
4.826485633850098 5.952830430493918 1.7421174049377441 1.7999168634414673
4.749927520751953 7.990588668055807 2.080716848373413 2.7474398612976074
3.6832377910614014 6.73871626154812 2.4217567443847656 3.904439926147461
3.1385812759399414 5.184765553944159 2.627378463745117 4.7647929191589355
4.305808067321777 5.112772712451944 1.8439265489578247 1.91109037399292
4.268960475921631 6.97169829232789 2.155977249145508 2.8416078090667725
2.793631076812744 4.633243524832324 2.4490976333618164 3.9316093921661377
3.001448392868042 4.762594260047649 2.6180312633514404 4.724766254425049
4.909390449523926 5.982663749317908 1.951209545135498 2.0200281143188477
4.3447675704956055 7.2290059490320715 2.3218283653259277 3.1011874675750732
3.9258084297180176 7.0979317192922515 2.6794488430023193 4.4149699211120605
2.7146081924438477 5.5923143888362885 2.8846516609191895 5.383262634277344
5.615239143371582 7.110031145235652 2.1081671714782715 2.1823906898498535
4.486452579498291 7.714614670994493 2.5665438175201416 3.484670400619507
4.603131294250488 7.986207298039105 3.0174484252929688 5.118022918701172
3.62864089012146 6.682559968692658 3.273000717163086 6.328944683074951
4.622620582580566 5.525409037354848 2.25901460647583 2.4070255756378174
4.270070552825928 7.412321456785781 2.575969934463501 3.469273090362549
2.7778148651123047 4.765450193041488 2.858341693878174 4.72071647644043
2.1811468601226807 4.914394515566968 3.015096426010132 5.633407115936279
5.264625072479248 6.4265222058268705 2.3850860595703125 2.522573947906494
4.790121078491211 7.812547951423767 2.7973620891571045 3.832768440246582
2.9368274211883545 5.3814042406932145 3.177610397338867 5.426023483276367
2.594402313232422 4.981501950350931 3.384093999862671 6.589470386505127
6.126861572265625 7.844055246793232 2.576442241668701 2.7127487659454346
4.3164167404174805 8.176326905160067 3.1346256732940674 4.387622833251953
4.65585994720459 7.467650500798754 3.6572811603546143 6.474524974822998
2.177096366882324 4.231510677248238 3.9343533515930176 7.9949798583984375
3.290699005126953 3.6655630008333446 2.4044077396392822 2.6842525005340576
2.9835526943206787 5.585756592523012 3.266768217086792 4.546335220336914
3.313159465789795 6.29429554842525 3.251065254211426 5.511727333068848
2.22129487991333 3.8993497806037567 3.356685161590576 6.434484481811523
4.55383825302124 5.356155631644555 2.5723326206207275 2.869337320327759
4.19953727722168 7.69450495624935 3.543259859085083 5.0889105796813965
4.031590938568115 7.198949849027315 3.65293288230896 6.43856954574585
3.14162015914917 4.634719557679489 3.817274808883667 7.665173530578613
4.819014072418213 5.344003379464311 2.828648090362549 3.1566965579986572
5.190551280975342 8.686266424409688 3.9662282466888428 5.880894660949707
4.977522850036621 8.534067379584357 4.268080234527588 7.832355976104736
4.01262092590332 6.697487446208334 4.512982368469238 9.4951810836792
3.891613721847534 4.494130839780524 1.5680820941925049 1.6112676858901978
3.279273509979248 5.88168914539483 1.7878010272979736 2.2975082397460938
2.791828155517578 5.601521093426328 2.0296037197113037 3.1352667808532715
2.022435188293457 3.651947278524432 2.1775729656219482 3.716919183731079
4.286319255828857 5.132600566911719 1.6475094556808472 1.696533203125
3.4649174213409424 5.855412480844038 1.898018479347229 2.484449863433838
2.9010066986083984 6.239126661389365 2.171971082687378 3.4617271423339844
2.3456127643585205 5.280159134912324 2.33817982673645 4.146306037902832
4.945785999298096 6.143453130252595 1.7600504159927368 1.8167797327041626
4.232511520385742 7.283772159661879 2.0558817386627197 2.7469515800476074
2.7585983276367188 5.656491028532514 2.375117063522339 3.920018196105957
2.4738593101501465 4.405628972635174 2.565838575363159 4.747372627258301
4.360034465789795 5.132730755941012 1.8742002248764038 1.9290474653244019
3.865309953689575 6.255466944959721 2.1108713150024414 2.7657225131988525
2.969599962234497 5.836635444411027 2.3520727157592773 3.7957115173339844
2.227118492126465 4.478785227634944 2.502748727798462 4.511862754821777
4.987611770629883 6.011848090179054 1.9833341836929321 2.0487310886383057
4.374475479125977 6.568038493687254 2.2787744998931885 3.0644569396972656
3.6180169582366943 5.969978173739321 2.573702573776245 4.32473087310791
2.5303709506988525 4.887286196433479 2.7526347637176514 5.206829071044922
5.781125545501709 7.213217799947074 2.1418001651763916 2.2211124897003174
4.448037624359131 7.080961127611772 2.5259454250335693 3.4996578693389893
3.6475460529327393 6.096794521557314 2.901507616043091 5.103797435760498
3.829672336578369 5.307523421404582 3.121084213256836 6.230861186981201
4.590262413024902 5.535740133115041 2.3220760822296143 2.364013910293579
1.9745757579803467 3.000829384161591 2.4959421157836914 3.318394899368286
3.5831522941589355 6.3300846723453805 2.671058416366577 4.462716579437256
2.8512189388275146 5.597184863803591 2.7968292236328125 5.262876987457275
5.359104156494141 6.485636399809408 2.449373483657837 2.5207393169403076
4.719450950622559 7.563982077057432 2.7213923931121826 3.7465333938598633
3.574183940887451 6.867296357158011 2.972968578338623 5.209782600402832
3.338761806488037 6.091815600299867 3.1343629360198975 6.231546878814697
6.357696056365967 7.897040275567091 2.6419155597686768 2.7446696758270264
5.644803047180176 8.865618439240322 3.062624216079712 4.385136127471924
4.5957560539245605 6.7339181558996 3.4306445121765137 6.3440446853637695
3.2721054553985596 5.636266851251339 3.6461238861083984 7.705563545227051
4.132146835327148 4.703479784536171 2.3728272914886475 2.682358980178833
3.3017501831054688 4.929858983893278 3.0523276329040527 4.097458362579346
2.9828546047210693 4.943680038437378 2.958981513977051 5.0752739906311035
1.7234359979629517 3.7022912821257705 3.0305299758911133 5.876148700714111
4.588855266571045 5.279744277542443 2.5535600185394287 2.8981876373291016
3.6892569065093994 6.430480542223666 3.3367066383361816 4.701870918273926
3.958756685256958 6.226853601853534 3.332667827606201 6.0297017097473145
3.323115587234497 5.945024242007634 3.440645933151245 7.0798540115356445
5.249168395996094 5.455237449118044 2.8238658905029297 3.223020076751709
5.053678035736084 7.46131895339397 3.7704641819000244 5.601470947265625
4.219510078430176 7.318607336144306 3.9059364795684814 7.498407363891602
3.936027765274048 6.785543138153571 4.072743892669678 8.943353652954102
3.535463809967041 4.319855594847127 1.7778362035751343 1.83926522731781
2.9797325134277344 5.391451320205817 2.0821173191070557 2.7176122665405273
2.6512062549591064 4.653946087086297 2.3472139835357666 3.6860275268554688
2.372539758682251 4.321146232499451 2.4818358421325684 4.3504638671875
4.260625839233398 5.304706617995976 1.8766354322433472 1.9449583292007446
3.652353048324585 6.8712697116467325 2.233327627182007 2.970921516418457
3.1577653884887695 6.290133459607365 2.547635793685913 4.132555961608887
3.1032657623291016 5.61413802397999 2.70454478263855 4.932864665985107
5.059988975524902 6.324108686568196 2.0175864696502686 2.096128225326538
3.6500699520111084 5.690446081317759 2.4464244842529297 3.330589532852173
3.9923171997070312 7.283065879482436 2.8266828060150146 4.760066986083984
2.9706649780273438 4.318020338067299 3.012584924697876 5.742806434631348
4.054540634155273 4.97603499399105 2.225130796432495 2.3132095336914062
2.9970645904541016 5.178637635225428 2.6244513988494873 3.5289883613586426
2.969820022583008 5.4604173832071865 2.933730125427246 4.846487998962402
2.29895281791687 4.11028853861239 3.064049005508423 5.713486671447754
4.90419340133667 6.030230071388701 2.361830472946167 2.460559606552124
3.4924674034118652 5.577573154212132 2.866806983947754 3.9613943099975586
3.3668007850646973 6.480807920350344 3.265906810760498 5.633918285369873
2.8588709831237793 4.8711750165141865 3.432650327682495 6.7343549728393555
5.9905595779418945 7.612166156282115 2.5642290115356445 2.6813695430755615
5.076902866363525 8.958347727924263 3.2186903953552246 4.596662998199463
3.439627170562744 5.914447894621588 3.740762233734131 6.7722978591918945
3.2985806465148926 6.0524689945509635 3.95570969581604 8.191411018371582
4.115390777587891 5.100677493813691 2.7402145862579346 2.877599000930786
3.348787546157837 5.3534987829295915 3.242950201034546 4.513583660125732
2.7011454105377197 4.825896692380023 3.559176206588745 6.145144939422607
1.6786125898361206 2.802833295422033 3.6576249599456787 7.164160251617432
5.178257465362549 6.356122420242798 2.9172797203063965 3.0783379077911377
4.278637886047363 7.2909320230753565 3.5977303981781006 5.189122676849365
3.521751642227173 6.325211083578324 4.041633129119873 7.348505020141602
2.6132075786590576 4.24140622727052 4.184941291809082 8.688909530639648
6.512977600097656 8.181854590325571 3.1880970001220703 3.384748697280884
4.4274725914001465 7.020845590540375 4.125943183898926 6.19769811630249
3.8309762477874756 7.54346690498208 4.744025707244873 9.114582061767578
2.733715057373047 4.38094755542744 4.945387840270996 10.894126892089844
3.3138587474823 3.637473872430107 2.9987952709198 3.356843948364258
3.30171799659729 6.069239537565721 3.8523507118225098 5.550570011138916
3.017512559890747 5.701491084507097 4.117475509643555 7.349853038787842
2.005319833755493 4.2273174836775524 4.162994861602783 8.437104225158691
3.7988553047180176 4.452686309129604 3.24912691116333 3.6648566722869873
4.159472465515137 6.933380090591413 4.324636936187744 6.508546829223633
3.3072102069854736 5.020357695106441 4.741552829742432 8.962030410766602
2.7538390159606934 5.183751627228958 4.83129358291626 10.422743797302246
5.001594543457031 5.557749269472183 3.630295515060425 4.133591651916504
4.927889347076416 7.785894093090073 5.039801597595215 7.952448844909668
4.403458595275879 6.24265107214255 5.6597466468811035 11.337616920471191
3.828746795654297 7.108676841780327 5.8036394119262695 13.311569213867188
4.128655433654785 4.714355568176643 1.6129056215286255 1.6719824075698853
3.545313835144043 6.046364833310577 1.9026662111282349 2.505556106567383
3.0408718585968018 5.398193496362779 2.209426164627075 3.4812896251678467
2.7595694065093994 4.94059856658896 2.3814895153045654 4.154982089996338
4.509783744812012 5.365538262053212 1.6947826147079468 1.7585924863815308
3.3692896366119385 5.479990647294991 2.023937225341797 2.7086145877838135
3.1002774238586426 5.7994167596689294 2.3760082721710205 3.8498823642730713
2.344372034072876 4.663838014915655 2.5730643272399902 4.647364616394043
5.233275890350342 6.397711885403908 1.813848853111267 1.8834799528121948
4.312832355499268 7.479358109014811 2.1990981101989746 2.9984536170959473
3.853076457977295 7.008781571231509 2.6146771907806396 4.369696140289307
2.9219486713409424 4.861266153740388 2.845672369003296 5.334872245788574
4.791755199432373 5.5598118784130754 1.9695738554000854 2.056898355484009
4.09792947769165 6.929486557253995 2.3322227001190186 3.151735544204712
2.876185894012451 4.746872456428719 2.6908085346221924 4.432584285736084
2.8234686851501465 5.512626049319437 2.876673698425293 5.300126075744629
5.340451717376709 6.396867762857653 2.079010009765625 2.1753551959991455
4.479936599731445 6.658910620117922 2.5193698406219482 3.492434024810791
3.827509880065918 5.711490349177794 2.9629902839660645 5.078733444213867
3.031094551086426 4.537887114714555 3.1918528079986572 6.162459373474121
6.138548374176025 7.703676984803494 2.2466752529144287 2.3549749851226807
4.774250030517578 7.871509970761577 2.7994425296783447 3.9930882453918457
3.555149793624878 6.621511590807739 3.362475872039795 6.0155463218688965
3.409501552581787 4.904879239732395 3.649157762527466 7.399688720703125
4.948280334472656 5.838530222291465 2.501009702682495 2.6230714321136475
3.8699376583099365 6.537626719111131 2.8717591762542725 3.970773458480835
2.719851493835449 4.49722054056538 3.210049629211426 5.48882532119751
2.2859556674957275 3.459685415851226 3.374868154525757 6.488540172576904
5.746572971343994 6.912070415968799 2.6289310455322266 2.772003173828125
4.105185508728027 7.176504195076383 3.127473831176758 4.4847259521484375
3.225504159927368 4.297204803644455 3.596452236175537 6.4621429443359375
2.6436171531677246 4.227611506429099 3.822291135787964 7.766863822937012
6.742206573486328 8.455222254588989 2.8368353843688965 3.005337715148926
4.969104766845703 7.934790697399421 3.5255255699157715 5.25745964050293
3.8757638931274414 6.277300697860108 4.177272796630859 7.899090766906738
3.941030502319336 6.485477202073496 4.481834411621094 9.631929397583008
3.93855881690979 4.370245444392367 2.583528995513916 2.8924720287323
3.109253168106079 4.877511574408089 3.5709309577941895 5.092127323150635
2.2824690341949463 3.7704634808487754 3.700946807861328 6.512503623962402
1.4578616619110107 2.4774794440685355 3.799847364425659 7.525386810302734
5.184135437011719 5.95156476952144 2.758418560028076 3.109950542449951
3.185514450073242 5.143769163477884 3.9115991592407227 5.836359977722168
3.269855260848999 6.066729865081811 4.189388751983643 7.804876804351807
1.6160987615585327 2.335283952114196 4.3634867668151855 9.181915283203125
5.418745040893555 6.319490592004852 3.0367393493652344 3.4470865726470947
4.589478015899658 7.378824039748935 4.442464351654053 6.967484474182129
3.461319923400879 4.546905195774457 4.939263343811035 9.732345581054688
3.912181854248047 5.833413375797761 5.2047905921936035 11.622361183166504
4.029705047607422 4.7880235271345555 1.6841390132904053 1.7457940578460693
3.433941125869751 5.643849276109929 1.9993150234222412 2.62136173248291
2.576784133911133 4.402396786927188 2.295750617980957 3.5578110218048096
2.7951695919036865 4.989058843809474 2.46454119682312 4.188638210296631
4.406349182128906 5.482089808204414 1.7733179330825806 1.8414599895477295
3.461076259613037 6.0246128394927325 2.1339216232299805 2.84602689743042
3.270496129989624 6.742358908595108 2.4758856296539307 3.9486451148986816
2.4832348823547363 5.4832690770134604 2.669616222381592 4.701435089111328
5.160219669342041 6.523356619925721 1.9009846448898315 1.9787640571594238
4.115850925445557 7.866913591505533 2.326022148132324 3.1640408039093018
3.6407551765441895 6.1608505886316145 2.7306792736053467 4.496929168701172
3.8712167739868164 6.359599718657421 2.9572606086730957 5.412774562835693
4.724329471588135 5.6714264339521065 2.0750417709350586 2.1678268909454346
4.359231948852539 7.499870867767209 2.474268913269043 3.317974090576172
2.5794310569763184 4.769974871623845 2.81998610496521 4.547112941741943
2.3205249309539795 4.004134043572776 3.000101089477539 5.369769096374512
5.226802825927734 6.409959767054488 2.198213577270508 2.299220561981201
4.743561744689941 8.34338982917673 2.686868667602539 3.691103219985962
3.4397904872894287 6.295381084727524 3.11515474319458 5.2247514724731445
3.136925220489502 5.954470105679377 3.336456537246704 6.260819911956787
6.183680534362793 7.967537351926694 2.3818559646606445 2.497568368911743
4.684038162231445 7.40178060642372 2.9999048709869385 4.242159843444824
4.20568323135376 7.8546506279263895 3.5446531772613525 6.213383674621582
3.0487639904022217 6.293090043874045 3.8223447799682617 7.542999267578125
4.951043128967285 6.000171398242571 2.608551025390625 2.720773935317993
3.93341064453125 6.73248618827688 3.0416104793548584 4.167776584625244
2.6623878479003906 5.125555322776165 3.380181074142456 5.636314392089844
3.01096248626709 5.254311444868108 3.5420384407043457 6.601738929748535
5.752470970153809 7.011861613360125 2.7532036304473877 2.8955817222595215
4.696483612060547 8.027912004730524 3.3389134407043457 4.7313008308410645
3.399494171142578 5.909123712680184 3.8036320209503174 6.651055335998535
2.5086829662323 5.787136230830583 4.020214080810547 7.920046329498291
6.82250452041626 8.639063062639366 2.985377311706543 3.164494276046753
5.426763534545898 8.826012696621888 3.795029401779175 5.584069728851318
4.218258857727051 6.916904187238018 4.434131622314453 8.16971206665039
4.038195610046387 7.267276363107044 4.725368976593018 9.861589431762695
3.644131898880005 4.234835451647768 2.8015410900115967 3.1309642791748047
3.764645576477051 6.644303044619392 3.7398362159729004 5.254544734954834
2.8107614517211914 5.042445249311658 3.9044387340545654 6.678974151611328
2.9701712131500244 4.897580798216694 4.007472038269043 7.683285713195801
4.665926456451416 5.034505818088519 3.0080511569976807 3.3963844776153564
3.6447665691375732 6.175885301660337 4.138017654418945 6.065946102142334
2.9867329597473145 5.544838338677778 4.446399688720703 8.024139404296875
3.4334452152252197 6.057449806099612 4.611948013305664 9.391029357910156
5.509900093078613 5.939013687735496 3.331073522567749 3.8018102645874023
4.8555426597595215 7.7600916510982465 4.7540507316589355 7.295950889587402
4.265587329864502 7.24608360693955 5.2679266929626465 10.06406021118164
3.992295265197754 7.08787648577065 5.514628887176514 11.939826965332031
3.663139581680298 4.265468045488433 1.4627381563186646 1.5175230503082275
2.779458522796631 5.656670069113787 1.7451330423355103 2.3276925086975098
2.2797353267669678 4.13666393256517 2.039184093475342 3.233711004257202
2.027858018875122 4.4831788609401615 2.217761516571045 3.848176956176758
4.146605014801025 5.134235627171961 1.5352330207824707 1.5944790840148926
3.50807523727417 6.7949508716394575 1.8496230840682983 2.4972846508026123
2.236288070678711 4.618949943547875 2.1817328929901123 3.5422203540802
2.378793239593506 5.188273274907488 2.383814811706543 4.263233184814453
4.991910934448242 6.2115410586872315 1.6401479244232178 1.705763578414917
3.2065916061401367 5.55034091813528 1.9999710321426392 2.7439959049224854
3.492825508117676 6.020016100696729 2.3841331005096436 3.988035202026367
3.331960678100586 5.81092783657499 2.6161627769470215 4.855795860290527
4.2948760986328125 5.06571266450851 1.6435844898223877 1.707961082458496
3.274266481399536 5.761016599637728 1.9682997465133667 2.690983772277832
2.1824119091033936 3.7950373328545766 2.327991008758545 3.855848789215088
2.7625017166137695 5.536923592759957 2.5475754737854004 4.649516582489014
5.006282806396484 6.127085121829282 1.7469123601913452 1.8184159994125366
3.856565237045288 7.215665591135689 2.125063180923462 2.9548466205596924
3.2909672260284424 5.969409029288045 2.5474319458007812 4.356089115142822
3.276667356491089 5.891420882104967 2.8055660724639893 5.330103874206543
5.981449127197266 7.5878812232734845 1.9005420207977295 1.982764482498169
4.180699825286865 7.022920303612935 2.358821153640747 3.3544063568115234
4.471739292144775 6.716954180494554 2.8714208602905273 5.110221862792969
3.7364203929901123 7.685491625602026 3.1811821460723877 6.34259557723999
4.621227741241455 5.493262857011764 1.8644258975982666 1.939978003501892
3.977280616760254 5.46196646024805 2.1844875812530518 3.0539071559906006
3.3254449367523193 6.80179266323762 2.5903210639953613 4.455070495605469
2.9647531509399414 6.239397602383576 2.8457672595977783 5.403331756591797
5.589554309844971 6.7730506286352465 1.9909303188323975 2.0782535076141357
4.332785606384277 6.89233521660708 2.39022159576416 3.4133570194244385
3.9682223796844482 7.935775574712125 2.88436222076416 5.15015983581543
3.226829767227173 6.273080979223416 3.192922353744507 6.355109691619873
6.7516093254089355 8.654755083705481 2.1859869956970215 2.2903168201446533
5.7233171463012695 8.392271649363465 2.707145929336548 3.974355936050415
3.7123324871063232 6.070636990787989 3.331601142883301 6.231916427612305
3.787288188934326 5.888398130249186 3.713728189468384 7.810734748840332
2.897510051727295 3.363718624735718 2.0453765392303467 2.3904786109924316
4.191269397735596 7.694362389037224 2.473583936691284 3.492886543273926
2.7197468280792236 5.714458099529196 2.8051373958587646 4.96809196472168
2.751377582550049 5.208599142224841 3.081170082092285 6.011826992034912
3.522749185562134 4.416267492116276 2.204960584640503 2.58247447013855
4.96100378036499 8.141489101178145 2.721139430999756 3.9495933055877686
4.02892541885376 8.212859794917449 3.1614022254943848 5.831181526184082
3.454319477081299 7.1482575351154765 3.5010008811950684 7.190094470977783
5.009244918823242 5.458020482828829 2.4524788856506348 2.8797097206115723
4.647181034088135 6.310646291546135 3.1109440326690674 4.678950309753418
4.655426502227783 7.952112669943489 3.7131829261779785 7.200555324554443
2.715500831604004 5.297183550736701 4.142528533935547 9.024306297302246
4.1575493812561035 4.544650239569421 1.7179591655731201 1.761614441871643
3.8857619762420654 5.946822500101462 1.9884554147720337 2.5646114349365234
3.106788396835327 4.920380596409757 2.2448153495788574 3.4910106658935547
1.6792206764221191 2.8642827244711953 2.376934289932251 4.116379261016846
4.530440807342529 5.312658143426233 1.812220811843872 1.86361563205719
4.3232741355896 6.806086488499098 2.1283819675445557 2.7962357997894287
3.4639978408813477 6.2307552354694735 2.4276976585388184 3.889518976211548
2.712935447692871 5.069161043781776 2.579094171524048 4.632807731628418
5.1428141593933105 6.329948887942297 1.9487971067428589 2.010115146636963
4.121304988861084 6.595036273903943 2.3300201892852783 3.126887083053589
3.1057541370391846 5.698450528866285 2.689060688018799 4.46035623550415
3.816387176513672 5.633243536438869 2.8646209239959717 5.367400169372559
4.815178394317627 5.387275289701074 2.146660804748535 2.1925814151763916
4.566066265106201 7.005717169550735 2.4947500228881836 3.282320261001587
2.9873673915863037 4.556319234466898 2.775336503982544 4.509591579437256
2.4750988483428955 4.2459387591602535 2.8938677310943604 5.309068202972412
5.3095173835754395 6.291724074803863 2.2766003608703613 2.3370394706726074
4.154904365539551 6.628533935906908 2.71600341796875 3.6764626502990723
3.698920488357544 7.175812578307735 3.0751607418060303 5.211970806121826
3.5169920921325684 6.443850177875447 3.2251269817352295 6.209792137145996
6.104617595672607 7.612292589761836 2.4736998081207275 2.55437970161438
5.257068634033203 8.584471650274097 3.047356367111206 4.263843059539795
4.342171669006348 5.53295929813612 3.519416093826294 6.252289772033691
3.757115602493286 6.431851084389336 3.7092318534851074 7.533018112182617
4.943449020385742 5.616469862501447 2.6852118968963623 2.7534024715423584
4.198399066925049 6.432975271491159 3.1059415340423584 4.179685115814209
3.1266117095947266 6.167376142713692 3.354860305786133 5.652446269989014
2.788177013397217 5.1650340122634475 3.4230048656463623 6.567099094390869
5.679443359375 6.748810122321828 2.852616310119629 2.939936399459839
5.064486980438232 8.092724839638322 3.4235568046569824 4.779469966888428
3.441469192504883 5.584126973123725 3.784195899963379 6.716733455657959
2.3339719772338867 4.1902462742867215 3.8920185565948486 7.904129981994629
6.659853458404541 8.196200225529651 3.1138312816619873 3.2332522869110107
4.327889919281006 6.510284920964693 3.911869764328003 5.702290058135986
3.920048236846924 6.7769857669754145 4.437302112579346 8.331635475158691
3.4100403785705566 6.366991079250662 4.595553398132324 9.908683776855469
4.060272693634033 4.345192415788233 2.9187660217285156 3.170417070388794
3.7966463565826416 6.232708667700763 3.768301248550415 5.301787853240967
3.1875102519989014 5.483224528129995 3.89912748336792 6.764946937561035
2.0033318996429443 3.7625161461115795 3.882321834564209 7.683151721954346
4.904819011688232 5.417350171276971 3.1506927013397217 3.4496846199035645
4.433477401733398 6.968202606163231 4.196186542510986 6.150662899017334
4.1581597328186035 6.897473362660451 4.451643466949463 8.184591293334961
2.9834845066070557 6.003601991667711 4.473661422729492 9.422892570495605
4.952362537384033 5.281245711614371 3.5063836574554443 3.88407301902771
4.82236909866333 8.082997091835837 4.859243392944336 7.4695658683776855
3.986078977584839 6.292140510676546 5.30271053314209 10.364999771118164
3.2854702472686768 6.821468228014567 5.374104022979736 12.05870246887207
3.784118413925171 4.434798148183997 1.5588489770889282 1.6163278818130493
3.77706241607666 6.400117653511712 1.8188276290893555 2.4090094566345215
3.18316912651062 4.997452090448519 2.0604681968688965 3.2804510593414307
2.5533699989318848 5.045081725978385 2.197280168533325 3.8739516735076904
4.252313137054443 5.181100183797298 1.6382914781570435 1.6983470916748047
2.9477779865264893 5.158608381045269 1.9340934753417969 2.5900397300720215
3.1426546573638916 4.835520696851745 2.209017753601074 3.592285633087158
3.2810027599334717 5.6905658854664125 2.3609273433685303 4.279940605163574
4.95830774307251 6.224807609686252 1.7507559061050415 1.815740704536438
3.8185431957244873 5.947091755388101 2.0970757007598877 2.8463380336761475
3.7989706993103027 5.443849924524887 2.4186196327209473 4.024486064910889
2.5350148677825928 5.457970157685168 2.5909297466278076 4.834191799163818
4.277928352355957 5.09975553984259 1.8580520153045654 1.9427266120910645
4.19783878326416 7.209665344382984 2.1574251651763916 2.9347362518310547
1.485392689704895 2.339110150453962 2.405575752258301 3.998931407928467
2.4503426551818848 4.263748698418965 2.5365359783172607 4.71555233001709
4.920302391052246 5.993957882980702 1.966819167137146 2.055354595184326
3.5391690731048584 5.681005177076727 2.3320906162261963 3.224658250808716
3.384366989135742 5.891728691364392 2.637763738632202 4.515682220458984
2.9199352264404297 5.077927444904503 2.791339159011841 5.384413242340088
5.7504730224609375 7.378073774182922 2.125877618789673 2.221606731414795
4.6980366706848145 7.456343952566328 2.586599111557007 3.649278402328491
4.129358768463135 5.638704626864321 2.975733518600464 5.260572910308838
3.2542829513549805 6.648951242484486 3.1617469787597656 6.337130546569824
4.443930625915527 5.351480521558185 2.3068103790283203 2.4056363105773926
4.062231540679932 7.158598314359551 2.566612482070923 3.585803508758545
2.6346707344055176 5.1293366157282705 2.754413604736328 4.758276462554932
2.5871880054473877 4.672806839403393 2.8521604537963867 5.533947467803955
5.225554466247559 6.374807890273477 2.4339334964752197 2.553987741470337
4.864186763763428 7.069648181801821 2.799373149871826 4.009300708770752
4.019851207733154 7.061969017172908 3.0712947845458984 5.499668121337891
2.2432191371917725 4.83149406742433 3.19791316986084 6.4781575202941895
6.24327278137207 7.987970842313757 2.627666473388672 2.771357536315918
5.25733757019043 8.22391300970753 3.1493613719940186 4.636290550231934
4.589786529541016 7.8002827581071585 3.5443081855773926 6.596524715423584
3.3057196140289307 4.6928251819793925 3.7128541469573975 7.862699508666992
3.713660478591919 4.111301166451497 2.450056314468384 2.8197989463806152
3.542980909347534 5.426343996796859 3.1354053020477295 4.481115341186523
2.3248801231384277 3.859484576818886 3.0686371326446533 5.469299793243408
2.280827522277832 4.0570449767675285 3.106738328933716 6.218625545501709
4.013813018798828 4.409531530576601 2.6252925395965576 3.02990984916687
3.1003317832946777 5.897548086241386 3.4381649494171143 5.101304054260254
3.2771880626678467 5.554381535086236 3.458465337753296 6.426351070404053
2.798128843307495 5.8267091044710355 3.5284488201141357 7.401005268096924
5.23118257522583 5.540723686203088 2.8885374069213867 3.343414783477783
4.220451354980469 6.02567210565212 3.891148805618286 6.006484031677246
3.4311442375183105 6.0015729159222815 4.050798416137695 7.856908798217773
3.934002161026001 6.081207936371129 4.166218280792236 9.165241241455078
3.823326587677002 4.551702823110901 1.6172425746917725 1.6635013818740845
3.242133378982544 5.822494335902832 1.8392972946166992 2.4356136322021484
2.714383125305176 5.529734206260812 2.0703909397125244 3.3484604358673096
2.468092918395996 5.260616793751524 2.220794200897217 3.966649055480957
4.310926914215088 5.353182135733405 1.704116702079773 1.755240559577942
3.955967903137207 6.9092244128856635 1.968714714050293 2.63537335395813
3.180048942565918 5.720524422518963 2.2404119968414307 3.6812314987182617
2.953181505203247 5.192049440733522 2.4133059978485107 4.396801948547363
5.039072513580322 6.340428559512475 1.8273793458938599 1.8861279487609863
4.0351457595825195 6.70137826259861 2.150639057159424 2.9238812923431396
3.8013298511505127 7.530499071456916 2.4765889644622803 4.166535377502441
3.2226762771606445 6.276178661992276 2.678281545639038 5.022891998291016
4.4199395179748535 5.303573871440847 1.9664568901062012 2.015444040298462
4.064347743988037 7.162076973044297 2.204272747039795 2.968961477279663
3.518239974975586 7.0473334670459735 2.424874782562256 4.1087212562561035
2.554948568344116 5.222972097197271 2.5787084102630615 4.889626979827881
5.094148635864258 6.2360191213022915 2.0859410762786865 2.1436431407928467
4.651693820953369 7.422351538023349 2.4013118743896484 3.29687762260437
3.785496711730957 6.5172666054030515 2.6869864463806152 4.66369104385376
3.5581610202789307 6.6692714936602755 2.87326717376709 5.604051113128662
5.987995147705078 7.635205532631009 2.2619659900665283 2.3338491916656494
3.943753957748413 6.43254892074614 2.688831329345703 3.786000967025757
4.6138014793396 8.33750688322744 3.067887783050537 5.504239082336426
3.805054187774658 6.297000814436487 3.2983901500701904 6.683722496032715
4.615174293518066 5.624046715327495 2.5051324367523193 2.534550189971924
3.437211036682129 5.727571314958027 2.6509110927581787 3.5919125080108643
3.2803409099578857 6.347688412490584 2.7747626304626465 4.859935760498047
2.285853624343872 4.364178870023418 2.90016770362854 5.757438659667969
5.5215325355529785 6.783202778647109 2.642932653427124 2.6934471130371094
4.515049934387207 7.051087416939481 2.9155187606811523 4.069632530212402
3.973684549331665 5.236594916514832 3.1293346881866455 5.650787830352783
2.7354888916015625 4.681967878294131 3.294649600982666 6.761189937591553
6.597239971160889 8.342627349307179 2.859204053878784 2.937662363052368
4.902097702026367 7.882681728238438 3.316288948059082 4.79664945602417
4.061546802520752 5.754236289195887 3.6629230976104736 6.885081768035889
3.905303716659546 6.831397276131611 3.884197473526001 8.323278427124023
4.0606207847595215 4.428740411673971 2.7780821323394775 3.052326202392578
3.6551108360290527 6.271386901983817 3.272252082824707 4.467653274536133
2.440354347229004 3.9788559832735473 3.08726167678833 5.518208980560303
2.3356447219848633 4.608074826203392 3.1515958309173584 6.456881523132324
4.8146443367004395 5.250110733158692 2.977041006088257 3.293255090713501
4.556175708770752 7.795362155968249 3.6121108531951904 5.13089656829834
4.276025772094727 7.62021590875816 3.5199968814849854 6.517087936401367
3.039586067199707 6.246181055071929 3.6270623207092285 7.699808120727539
5.059528350830078 5.400017626820841 3.2830495834350586 3.6648645401000977
5.162160396575928 8.672642287262306 4.132386207580566 6.141764163970947
3.1726458072662354 5.973858536964144 4.187374114990234 8.104165077209473
3.4286046028137207 5.9441632202772325 4.355149269104004 9.671093940734863
4.014907360076904 4.468974415229468 1.6996501684188843 1.7402523756027222
3.8550708293914795 5.9934835916203895 1.9452219009399414 2.4759817123413086
2.2213008403778076 3.9111842068144824 2.2110795974731445 3.3974475860595703
2.934689998626709 5.116669427067876 2.364476203918457 4.051753997802734
4.294432163238525 5.002639254458399 1.7802624702453613 1.8260409832000732
4.136831760406494 6.53462539010674 2.068403959274292 2.6724307537078857
3.2659692764282227 6.043285590524988 2.3806347846984863 3.753511428833008
3.4639878273010254 6.034782583755714 2.55759334564209 4.5261712074279785
4.885038375854492 6.05006344323823 1.8936504125595093 1.9464820623397827
4.68416690826416 6.781933582261452 2.239405393600464 2.948094367980957
3.686284065246582 7.100998019560109 2.6144628524780273 4.252071380615234
3.8058323860168457 7.01352781135172 2.8229129314422607 5.1819987297058105
4.567425727844238 5.153272714018954 2.112342357635498 2.1621482372283936
4.082181930541992 6.27516717573792 2.426304578781128 3.157839298248291
3.0341081619262695 4.074753517407885 2.7311904430389404 4.384685516357422
2.8810250759124756 5.433959078243561 2.8869383335113525 5.231897830963135
5.098517894744873 5.997386305444422 2.2162389755249023 2.2770705223083496
4.206554412841797 6.469860660145798 2.6133768558502197 3.4847779273986816
3.6282596588134766 4.852196698884427 3.003542900085449 5.004284381866455
2.5284805297851562 4.9412630593668805 3.1991703510284424 6.0574750900268555
5.737030029296875 7.17451420238595 2.368283987045288 2.443380832672119
4.757437229156494 6.460590876140095 2.881241798400879 3.956569194793701
3.939178466796875 5.921799623964034 3.3890600204467773 5.895877838134766
3.1665494441986084 4.807054242751121 3.638922929763794 7.2323832511901855
4.7756147384643555 5.467276721235066 2.6448287963867188 2.7100515365600586
3.662139892578125 5.338520918029644 3.010784864425659 4.0139031410217285
2.44382643699646 3.8758020479817787 3.29823899269104 5.50523567199707
2.720900535583496 5.494791725583397 3.42439341545105 6.495955467224121
5.51480770111084 6.535846773600497 2.7721168994903564 2.8558897972106934
3.8359134197235107 6.060142281806092 3.2727644443511963 4.5113301277160645
3.818190336227417 6.659435644216472 3.6855762004852295 6.442867279052734
2.892448902130127 5.58206861695659 3.865447998046875 7.7209062576293945
6.448131561279297 8.053602428046815 2.9646432399749756 3.0754053592681885
5.2886881828308105 8.09436909876003 3.657151222229004 5.248808860778809
3.5738320350646973 5.402705676816765 4.244155406951904 7.812015056610107
3.1280813217163086 6.4244871971334305 4.4959845542907715 9.491896629333496
4.14752197265625 4.431305108878021 2.772791624069214 3.011826515197754
3.496798276901245 5.853002118278539 3.6565210819244385 5.075716495513916
2.8200273513793945 4.89617064333126 3.830383777618408 6.6043596267700195
2.6235404014587402 4.44159114066683 3.8920199871063232 7.629819869995117
5.099187850952148 5.320290335860136 2.9509928226470947 3.231630802154541
3.6950109004974365 5.821052026758025 4.010267734527588 5.8050055503845215
3.774596929550171 6.777464082200405 4.328567028045654 7.8621745109558105
2.9984400272369385 5.841419719530762 4.450753688812256 9.227476119995117
5.077470779418945 5.386887985865712 3.218181610107422 3.558014154434204
5.22379732131958 7.548812552179243 4.536894798278809 6.879838943481445
4.544987201690674 7.68540815693966 5.0558648109436035 9.715691566467285
3.978839874267578 5.719945169340463 5.254894256591797 11.54998779296875
3.887502431869507 4.726721962636759 1.6758651733398438 1.7255854606628418
3.4274091720581055 5.19227761889751 1.9464493989944458 2.5290017127990723
2.8006787300109863 5.121258000244114 2.2219176292419434 3.4752771854400635
2.024895668029785 4.074063421814799 2.3703954219818115 4.102511405944824
4.32686185836792 5.4389902110808634 1.7608113288879395 1.8177388906478882
3.9792444705963135 6.291409236081563 2.072237253189087 2.743957996368408
3.0103960037231445 5.011572235383426 2.39310359954834 3.8673739433288574
3.050802707672119 5.143608876812806 2.565349578857422 4.616547584533691
5.029904365539551 6.3109606932293545 1.8829156160354614 1.9480425119400024
4.345364093780518 6.206439778914472 2.2520439624786377 3.047501564025879
2.9583795070648193 4.220574578066135 2.634183168411255 4.421050548553467
3.376453399658203 6.171410097670105 2.836454391479492 5.339069843292236
4.530195236206055 5.574406379924994 2.071077823638916 2.1344211101531982
3.8660194873809814 5.903913991068416 2.4172523021698 3.2110886573791504
3.273937463760376 6.252408198169974 2.7376115322113037 4.466764450073242
2.118187189102173 3.153968826901803 2.888272523880005 5.269402027130127
5.059900760650635 6.359177250659059 2.1842799186706543 2.2603793144226074
4.591342926025391 7.450305888807691 2.611523389816284 3.569620132446289
2.962088108062744 3.7356354388420243 3.0162599086761475 5.1485443115234375
2.257824182510376 5.117872588296073 3.2080626487731934 6.162918567657471
5.908105850219727 7.524949502699201 2.3553922176361084 2.447946786880493
4.65087890625 7.1964931815887 2.8999648094177246 4.097262859344482
3.909778594970703 7.699433067384859 3.4217910766601562 6.146498680114746
3.7283780574798584 6.168574805973421 3.666243553161621 7.460638046264648
4.598782062530518 5.732696499832855 2.6029350757598877 2.6741161346435547
3.9120302200317383 6.772850826310787 2.987811326980591 4.065507411956787
2.460393190383911 3.5841481256902057 3.2943918704986572 5.579890251159668
2.0934369564056396 4.278151571167172 3.414435863494873 6.50260066986084
5.440680980682373 6.8016610860711 2.7406530380249023 2.8411877155303955
4.431507587432861 5.911265917459275 3.260253429412842 4.606968402862549
2.258333206176758 4.86915770625896 3.691187620162964 6.604214191436768
2.66706919670105 4.888155400431735 3.8679583072662354 7.827888488769531
6.492785930633545 8.321337954784829 2.9584743976593018 3.092186450958252
5.713263988494873 9.244965511006285 3.6756749153137207 5.424629211425781
4.624260902404785 6.577467853875078 4.2813029289245605 8.137563705444336
3.1363589763641357 5.2761067324541955 4.531563758850098 9.789592742919922
3.0731770992279053 3.3116213983896614 2.722757339477539 2.956387519836426
3.3129944801330566 5.371008955728283 3.6506614685058594 5.123597145080566
2.46193790435791 4.910530006969125 3.8086612224578857 6.647253513336182
2.1916160583496094 3.6107929604565925 3.864710807800293 7.591649055480957
4.967676162719727 5.492364239594134 2.9104831218719482 3.1907079219818115
4.148478984832764 6.801460389489648 4.00230598449707 5.876575946807861
2.543163537979126 3.9225016579828775 4.314789772033691 8.006829261779785
2.3580782413482666 3.0422110320512843 4.436392784118652 9.31212043762207
5.719117641448975 6.510064696962218 3.201732873916626 3.5472002029418945
5.450475692749023 7.935354257121226 4.551194190979004 7.0394697189331055
4.104490280151367 5.762614179672255 5.075883865356445 10.061792373657227
3.774242401123047 5.977961278545387 5.2816948890686035 11.880349159240723
3.3454997539520264 4.1221256591420445 1.478642225265503 1.5161762237548828
3.448190689086914 6.318791381495453 1.711216926574707 2.1728453636169434
2.500722885131836 5.131857082329233 1.9853956699371338 3.038815498352051
2.2271952629089355 4.804889199113004 2.165923833847046 3.6981003284454346
3.8667423725128174 4.849969446781261 1.5564130544662476 1.5985625982284546
3.2266950607299805 5.6893631218606515 1.8192247152328491 2.3460488319396973
3.4455251693725586 4.701116558672538 2.131505250930786 3.344670057296753
1.806084394454956 3.8669518516621793 2.3364295959472656 4.106148719787598
4.906437397003174 6.18075419009938 1.6708000898361206 1.719512939453125
4.240535736083984 7.705564024330016 1.977710247039795 2.6016533374786377
3.3415908813476562 5.11056825515201 2.3440868854522705 3.7939491271972656
2.809504985809326 5.355708706261339 2.5822696685791016 4.698250770568848
4.378974437713623 5.362918605360392 1.642406702041626 1.6865723133087158
3.936617374420166 6.755918659192972 1.9339426755905151 2.5083093643188477
3.2795541286468506 5.378823996384881 2.281885862350464 3.625397205352783
2.388925790786743 4.821865754910365 2.508542537689209 4.489839553833008
5.006428241729736 6.143659395220368 1.7537953853607178 1.8052788972854614
4.163504600524902 6.739363648759536 2.095970630645752 2.779182195663452
3.295802354812622 6.057374804314804 2.5074708461761475 4.125830173492432
2.8321163654327393 5.321303502470528 2.774135112762451 5.166332244873047
6.144797325134277 7.649398176864338 1.9231300354003906 1.9856963157653809
4.725318431854248 8.246743281635077 2.343722105026245 3.198646068572998
4.598106384277344 8.200891999570104 2.8508334159851074 4.897485256195068
3.4615261554718018 6.04902029861546 3.1747353076934814 6.195036888122559
5.001351356506348 6.012814945952954 1.7854692935943604 1.8318418264389038
4.364144325256348 7.2186138941281115 2.1384785175323486 2.8229639530181885
3.7762246131896973 6.781751177584084 2.5562820434570312 4.181282043457031
2.561192035675049 4.96082013268682 2.8219175338745117 5.235395908355713
5.797616481781006 6.9901556805917835 1.9258760213851929 1.9826436042785645
4.8412041664123535 7.7208965253125825 2.350388288497925 3.1904635429382324
4.1603875160217285 7.833299538906502 2.857593536376953 4.880275249481201
3.572018623352051 5.370775613661465 3.1788177490234375 6.185526371002197
7.039151668548584 8.69143412558617 2.145659923553467 2.2186522483825684
5.311410903930664 8.205880889241996 2.686624050140381 3.78179669380188
4.515552043914795 7.349094077454371 3.333045721054077 5.99668550491333
3.8104476928710938 5.521115486897543 3.7357420921325684 7.676505088806152
3.870915412902832 4.160585641564438 2.2112672328948975 2.4956908226013184
4.453004837036133 7.70231190993627 2.364938259124756 3.1512763500213623
3.929323434829712 6.878762528846877 2.7885007858276367 4.652674674987793
2.0673956871032715 3.527984873749215 3.072519540786743 5.840047359466553
4.449450969696045 4.613306224661429 2.3873836994171143 2.7122936248779297
4.555601119995117 6.619116574111558 2.6197943687438965 3.6303279399871826
3.9864695072174072 6.711677558838915 3.148850917816162 5.5180840492248535
2.6278042793273926 4.748166283555747 3.5015485286712646 7.017261981964111
4.406994819641113 4.925472489257118 2.6614153385162354 3.0527310371398926
6.302487373352051 10.15084903685354 3.026921033859253 4.386837482452393
3.421619415283203 5.810807217888566 3.733316421508789 6.932893753051758
2.553846597671509 5.44447200373196 4.186823844909668 8.900374412536621

