4.592379570007324 5.55057912215624 1.5555875301361084 1.619785189628601
4.097628116607666 7.630609953070916 1.8400089740753174 2.4567461013793945
3.0479066371917725 6.053965520343411 2.0819461345672607 3.307762861251831
3.196485757827759 5.894521872926489 2.222630023956299 3.9127097129821777
4.965799808502197 6.133273403592884 1.6381601095199585 1.706739068031311
3.684001922607422 6.633968642866961 1.9566383361816406 2.6374943256378174
3.2380471229553223 5.641715716921681 2.226553201675415 3.606856107711792
2.805741548538208 5.628861961727807 2.3822617530822754 4.300281524658203
5.533537864685059 7.020743149932929 1.7581005096435547 1.8332099914550781
3.3778645992279053 6.437345271698836 2.1244943141937256 2.8966941833496094
4.318548679351807 8.61804041996109 2.431988000869751 4.031614303588867
3.8031437397003174 5.726569929375728 2.6074955463409424 4.848155975341797
5.870476245880127 7.048199000686832 1.8155525922775269 1.8937153816223145
5.091514587402344 8.9747648242824 2.1285312175750732 2.9084086418151855
3.711693525314331 7.309402025592135 2.4013257026672363 3.956395149230957
3.797377586364746 6.714742087226483 2.561108112335205 4.7139997482299805
6.279750823974609 7.643350039069901 1.9361236095428467 2.0218989849090576
4.1757283210754395 7.900852319770621 2.3059163093566895 3.19451642036438
4.646766662597656 7.206684287455573 2.6238298416137695 4.438729286193848
3.2669661045074463 5.767382025853777 2.8076584339141846 5.339754104614258
6.979023456573486 8.697760506359856 2.1189308166503906 2.2163772583007812
5.607868194580078 9.894000697025055 2.5705032348632812 3.6215579509735107
4.2552266120910645 8.232078282586144 2.951585292816162 5.149857521057129
4.332958221435547 7.429369084050677 3.1689107418060303 6.258635520935059
6.240082740783691 7.538093874533416 2.174154043197632 2.2622551918029785
5.606334686279297 9.774820841970723 2.4362080097198486 3.4005353450775146
3.737959146499634 6.722925046780688 2.702904462814331 4.5790300369262695
3.4351484775543213 5.7843535222091305 2.8692626953125 5.459505558013916
7.146922588348389 8.636806807399623 2.323641300201416 2.4261860847473145
5.903494358062744 10.282467732560184 2.6716737747192383 3.7925779819488525
3.6672723293304443 6.689304327735044 3.00207781791687 5.248751640319824
2.28871488571167 3.681060763435653 3.2013070583343506 6.326956272125244
8.272344589233398 10.12147696314992 2.5663206577301025 2.6883766651153564
6.2318854331970215 11.021584447646092 3.036947250366211 4.398752212524414
5.655634880065918 8.868061146115679 3.4559669494628906 6.263675212860107
4.405881404876709 7.463022316748621 3.7017977237701416 7.634037494659424
5.751319408416748 6.887372517977383 2.2608792781829834 2.4797523021698
5.687062740325928 9.986414132713094 2.9050869941711426 4.235409736633301
3.8818843364715576 6.568747788713681 2.9602627754211426 5.113114833831787
2.3472189903259277 3.9484558742342415 3.113145112991333 6.058067321777344
7.1549763679504395 8.547305163296826 2.45359206199646 2.7002129554748535
5.687448501586914 8.055222093309043 3.1981754302978516 4.752807140350342
3.9345953464508057 6.758611992280976 3.3225271701812744 5.945222854614258
3.5680224895477295 5.984707677606252 3.5157558917999268 7.129179954528809
8.132658004760742 9.856669106904974 2.7727699279785156 3.060084819793701
4.804818153381348 8.961683940864532 3.6503047943115234 5.529873847961426
5.341844081878662 9.358524997210793 3.8845980167388916 7.2276611328125
4.2693963050842285 6.576804957422667 4.133864402770996 8.768712043762207
4.535804271697998 5.456195519240823 1.5515908002853394 1.616117238998413
4.0472917556762695 7.941312934948428 1.8425509929656982 2.466407060623169
2.7731881141662598 4.566018228905705 2.0922131538391113 3.3396809101104736
2.2845990657806396 3.8496036177748465 2.238905906677246 3.9638729095458984
4.914802074432373 6.064206881038217 1.6350611448287964 1.7041261196136475
4.4677653312683105 8.773625175077228 1.9615027904510498 2.6517834663391113
3.553921937942505 6.431387988338429 2.2415103912353516 3.650961399078369
2.817189931869507 5.330021849935452 2.4046378135681152 4.369592666625977
5.547021865844727 6.950168515397124 1.7568914890289307 1.832548975944519
4.259803295135498 8.17887947652008 2.133059024810791 2.9181180000305176
3.9877395629882812 6.774006420681985 2.454848289489746 4.0948100090026855
3.3962883949279785 6.294312548031462 2.6404247283935547 4.945988655090332
5.801361560821533 6.948297010544934 1.7918754816055298 1.8697656393051147
3.9011921882629395 7.229405216131568 2.1163225173950195 2.905975341796875
4.028036117553711 7.0690483411523815 2.4060657024383545 3.992032051086426
3.533730983734131 6.821760750234148 2.578115224838257 4.781856060028076
6.2140212059021 7.5341227843262 1.9137904644012451 1.9994525909423828
4.701082706451416 8.978605912339592 2.296419858932495 3.1985511779785156
3.8184661865234375 7.465799309907879 2.635606527328491 4.494293689727783
3.0654001235961914 5.943067138685024 2.8345210552215576 5.438449382781982
6.915433406829834 8.574366709239712 2.099674701690674 2.196913003921509
5.924342632293701 11.230789443758198 2.566506862640381 3.636782646179199
4.125582218170166 7.79837685826476 2.9770569801330566 5.2403764724731445
3.9844627380371094 7.231126665698184 3.21431303024292 6.410111904144287
6.178683757781982 7.454059505753094 2.101137161254883 2.1889939308166504
5.1659255027771 9.53560188011761 2.384763479232788 3.360804796218872
4.366884231567383 8.13478633467821 2.6911563873291016 4.599269866943359
3.2137863636016846 5.197576353850877 2.8810110092163086 5.53207540512085
7.107109069824219 8.547948813686205 2.25345516204834 2.3549013137817383
5.333990573883057 9.165125637256097 2.6230695247650146 3.7578372955322266
3.5974767208099365 6.470487181020985 2.9989659786224365 5.294095516204834
3.7062299251556396 6.681737967496183 3.226060152053833 6.440885066986084
8.196064949035645 10.030012925730833 2.5010886192321777 2.6212093830108643
6.161027908325195 9.396123047252331 2.993910312652588 4.375226020812988
4.423919200897217 7.879319361526086 3.4719955921173096 6.358798980712891
4.789581775665283 8.643631267939524 3.753593921661377 7.826343536376953
5.8472394943237305 7.049960909183149 2.2101526260375977 2.454166889190674
5.456844329833984 9.500620993047619 2.739656448364258 4.077836036682129
3.8129992485046387 6.834482398643786 2.9224207401275635 5.096424579620361
4.013385772705078 7.052212441462601 3.1159565448760986 6.123344898223877
6.530609607696533 7.5112720616436945 2.402256727218628 2.673715353012085
4.942030906677246 9.343976019439125 3.0280885696411133 4.5799994468688965
4.488580226898193 5.728369822162108 3.293706178665161 5.953151702880859
3.7895240783691406 6.6787904170565895 3.533440351486206 7.2420973777771
7.521416664123535 9.243587936195354 2.720241069793701 3.0322072505950928
6.2754316329956055 10.360236129852296 3.481180191040039 5.356197834014893
5.226808071136475 7.257003314883534 3.878066301345825 7.293061256408691
3.9273159503936768 6.468644093647754 4.185277462005615 8.979313850402832
4.407970905303955 5.332825532978546 1.5429646968841553 1.6074405908584595
4.2252421379089355 7.992058977625675 1.8517887592315674 2.4888224601745605
3.2051234245300293 5.932043121050782 2.1241490840911865 3.4123306274414062
2.640976667404175 4.86783100935213 2.2809579372406006 4.071587085723877
4.623284816741943 5.74910057410807 1.626025915145874 1.6954933404922485
4.214245319366455 8.156722411819487 1.9754263162612915 2.6840262413024902
3.027456760406494 6.283152329438963 2.28478741645813 3.747427225112915
3.672952175140381 6.503060407943548 2.4606363773345947 4.511605262756348
5.124186038970947 6.678858911055187 1.745962381362915 1.82253897190094
4.186940670013428 8.720836213756769 2.153411388397217 2.964724063873291
3.997007131576538 7.257274998820844 2.5163040161132812 4.228412628173828
3.8002891540527344 7.08320196116145 2.718721628189087 5.1410298347473145
5.423699855804443 6.558396336353795 1.7646349668502808 1.8423930406570435
4.73533821105957 8.640007248770836 2.1163578033447266 2.920820713043213
3.663555860519409 7.126495672316196 2.4398553371429443 4.083415508270264
3.3503966331481934 6.54684937797353 2.6263394355773926 4.9241533279418945
5.638199329376221 6.958031663344734 1.8825589418411255 1.968651294708252
4.586045265197754 7.73523171623583 2.301368236541748 3.2259843349456787
3.288335084915161 6.231847119047302 2.6861214637756348 4.623279571533203
3.3598947525024414 5.355279779193779 2.9032421112060547 5.635512828826904
6.275340557098389 8.22335757817875 2.057098388671875 2.1558213233947754
5.3324174880981445 10.124903056509538 2.5770018100738525 3.683006525039673
4.0630974769592285 6.675577412846131 3.0554656982421875 5.43193244934082
4.112092018127441 7.034746259434769 3.3184762001037598 6.698336601257324
5.623735427856445 6.851430333841094 2.0451290607452393 2.1332383155822754
5.161892890930176 8.256670254669075 2.3699631690979004 3.3587968349456787
4.025443077087402 8.32772388542071 2.717839479446411 4.699155330657959
2.8848700523376465 5.922603001740015 2.925441265106201 5.691934108734131
6.433269500732422 7.919823824620494 2.1884448528289795 2.290487289428711
5.1896891593933105 8.783546375556625 2.6128695011138916 3.7690775394439697
2.7755074501037598 5.109546117197546 3.0465567111968994 5.4431304931640625
2.6496992111206055 4.750141111688208 3.296133041381836 6.672502517700195
7.48324728012085 9.470548053937687 2.4091968536376953 2.5311591625213623
5.991629600524902 10.622227969008591 2.9860262870788574 4.407395839691162
4.063586711883545 8.836663937778894 3.555619716644287 6.595934867858887
3.566361427307129 7.085457366125638 3.870190143585205 8.185919761657715
4.79688835144043 5.961799392092871 2.1836726665496826 2.487955093383789
5.516886234283447 9.78004662648685 2.688087224960327 4.016420841217041
3.8121612071990967 7.280510881235905 2.9348342418670654 5.193578720092773
2.310009002685547 5.094767438360577 3.149945020675659 6.282522201538086
5.24346399307251 6.5030579320708455 2.3676939010620117 2.703810214996338
4.500705718994141 8.523381620511174 2.9813942909240723 4.523080825805664
4.850769519805908 8.148207104355787 3.3299121856689453 6.104554653167725
3.0491511821746826 6.023057480798968 3.595759868621826 7.481510639190674
6.379541873931885 7.682342117383769 2.654414653778076 3.0372872352600098
6.037867546081543 9.606758348348528 3.4372880458831787 5.3199920654296875
4.414318561553955 8.788267662139674 3.9555306434631348 7.55050802230835
3.2979660034179688 6.475856534711681 4.301509857177734 9.372787475585938
4.482548713684082 5.420536769931621 1.5430482625961304 1.6084040403366089
3.6720163822174072 7.2512338150635 1.8686487674713135 2.518916368484497
2.499666929244995 4.067521443245109 2.152834892272949 3.4703216552734375
3.1479973793029785 6.2295644267959 2.3124563694000244 4.1468119621276855
4.8811187744140625 5.993205169773603 1.6293367147445679 1.6999567747116089
4.018489360809326 8.324879612345931 1.998517632484436 2.724893569946289
3.2649495601654053 5.872878201733789 2.322758913040161 3.8251640796661377
3.3458914756774902 6.455869114551945 2.502429723739624 4.613290786743164
5.524900436401367 6.941712140189395 1.756527304649353 1.8347887992858887
3.728621244430542 7.190250382627596 2.188605308532715 3.0246236324310303
3.6873064041137695 7.46879838239639 2.5700392723083496 4.338554859161377
3.089258909225464 6.532648493813248 2.7764265537261963 5.2826032638549805
5.810821533203125 6.945605374429817 1.756413459777832 1.8351514339447021
4.727846622467041 9.024790249944601 2.1417815685272217 2.971367359161377
2.9763007164001465 6.539825003636793 2.4895782470703125 4.1830220222473145
3.4151785373687744 6.247296576202867 2.6800332069396973 5.052606105804443
6.24571418762207 7.5253659436585565 1.880972146987915 1.9684828519821167
4.304100513458252 7.142182058649951 2.338167428970337 3.2963449954986572
3.4761786460876465 6.739670835328855 2.7528786659240723 4.760062217712402
3.0437591075897217 5.864804669323547 2.975238084793091 5.812880992889404
6.95945405960083 8.828271885017841 2.072718381881714 2.173461437225342
5.069314002990723 9.920336524839136 2.639193296432495 3.793142318725586
4.06143045425415 6.662002688332196 3.1537439823150635 5.635482311248779
4.304938793182373 7.510875287425254 3.4206860065460205 6.954514503479004
6.124520778656006 7.354349414986913 2.018732786178589 2.1087746620178223
5.000142574310303 9.129923223085106 2.3955585956573486 3.4302260875701904
2.8170647621154785 5.605730798334889 2.7916452884674072 4.850953102111816
2.801851511001587 5.05364867044443 3.005007743835449 5.883333206176758
7.074443340301514 8.496165085541378 2.1741890907287598 2.2782278060913086
4.862636566162109 8.298111342863194 2.656099557876587 3.870619297027588
4.166818141937256 7.118268104033916 3.146214246749878 5.651594638824463
3.9293744564056396 6.425975819459012 3.4025371074676514 6.937734603881836
8.16846752166748 10.180139472376727 2.4269161224365234 2.5516839027404785
6.442052841186523 11.195602478814408 3.0731871128082275 4.575690746307373
4.914121150970459 8.560809089809595 3.707827568054199 6.914855003356934
4.615486145019531 7.090125337077552 4.0243239402771 8.576805114746094
5.269599914550781 6.538241758809015 2.265956163406372 2.605745315551758
5.3465070724487305 9.61220247496567 2.676189661026001 4.11405086517334
3.864563226699829 7.275473733517316 3.0294065475463867 5.3999457359313965
3.468060255050659 6.1362726249456045 3.253438711166382 6.533618927001953
5.6417927742004395 6.755324567637757 2.4682397842407227 2.8412373065948486
4.7120819091796875 7.462694140677911 2.9909989833831787 4.6493659019470215
3.44287371635437 7.339804981429877 3.4584274291992188 6.384458065032959
3.2547247409820557 5.273344189022346 3.7335221767425537 7.828474521636963
6.989350318908691 8.874888236311335 2.791059732437134 3.218083620071411
7.298905849456787 11.92361278896021 3.5102267265319824 5.531658172607422
5.634826183319092 10.470583042873386 4.158445835113525 7.981606483459473
4.913544178009033 8.19388707181946 4.5037312507629395 9.889191627502441
3.756042242050171 4.246554115774273 1.546234130859375 1.5866605043411255
3.7282118797302246 6.448143229349398 1.7665460109710693 2.2467470169067383
2.899625539779663 5.438259038510068 2.0068233013153076 3.076612710952759
2.8087551593780518 4.868736808362371 2.1667211055755615 3.6613576412200928
4.41276741027832 5.239413356538506 1.618566870689392 1.6634857654571533
4.004640102386475 6.7392786745206195 1.8689099550247192 2.4068236351013184
3.4217686653137207 6.3843572460102465 2.141860008239746 3.3584115505218506
3.6667463779449463 6.646802945712807 2.321726083755493 4.039813995361328
5.34127950668335 6.440525118753158 1.7233322858810425 1.7740840911865234
4.939430236816406 8.411619972030678 2.0117645263671875 2.6301558017730713
4.1312947273254395 6.972199740782571 2.3263909816741943 3.748589038848877
3.902217388153076 7.241852646208594 2.5316336154937744 4.559223651885986
4.47434139251709 5.132499769683534 1.859307050704956 1.9101446866989136
4.56002950668335 7.642220018326952 2.10109543800354 2.7193169593811035
3.0746819972991943 5.493880886825082 2.337918996810913 3.725236177444458
3.0752859115600586 3.9878701540899897 2.5010159015655518 4.44010591506958
5.330296993255615 6.313949666575823 1.9598172903060913 2.0178141593933105
4.464597702026367 6.20669986485035 2.2549192905426025 2.972395658493042
4.286566257476807 7.874952184154052 2.5446927547454834 4.179069995880127
3.1812808513641357 4.657008149912695 2.736584186553955 5.044424057006836
6.411953926086426 7.689048895146804 2.1157326698303223 2.1840553283691406
5.2146315574646 7.604577292080307 2.4786627292633057 3.3413727283477783
4.78515100479126 6.862788915309693 2.8376834392547607 4.832144737243652
4.543551445007324 8.229421286990487 3.0677504539489746 5.905788898468018
4.80272102355957 5.562110260488623 2.3193023204803467 2.3962554931640625
4.3869733810424805 7.322231584682413 2.504396677017212 3.2969138622283936
3.6135692596435547 5.880517828151142 2.6713504791259766 4.381952285766602
3.537285327911377 6.242532377546198 2.807332754135132 5.17333459854126
5.8471784591674805 6.892047279564395 2.44333815574646 2.5300724506378174
5.438222408294678 8.589891872710638 2.7131364345550537 3.655886173248291
3.962587594985962 6.374803099056862 2.9532594680786133 5.021077632904053
3.4970703125 6.1833347565193435 3.1227614879608154 6.005870342254639
7.158783912658691 8.571657197332726 2.65273380279541 2.7536754608154297
5.986598968505859 8.297255724904034 3.0275027751922607 4.197497367858887
4.649121284484863 7.480395145969851 3.3631160259246826 5.967278003692627
3.4897027015686035 5.3562270354497485 3.578237295150757 7.2265238761901855
4.810067176818848 5.576220777400522 2.361834764480591 2.55260968208313
3.9840409755706787 6.700254147113128 2.9633302688598633 3.9765191078186035
3.422391653060913 6.108405232180303 2.9662604331970215 4.964003086090088
2.804135799407959 4.969529431677891 3.050623655319214 5.762635231018066
5.8155903816223145 6.883272101321381 2.515155076980591 2.7280561923980713
5.368292331695557 8.597618371560921 3.2312488555908203 4.4709062576293945
3.392765522003174 5.293099180437469 3.3164095878601074 5.772812366485596
3.8288350105285645 7.0149288034816095 3.4330315589904785 6.786999702453613
7.262244701385498 8.63667984061442 2.7541894912719727 3.0057120323181152
6.1328911781311035 8.386028142688744 3.6393980979919434 5.204750061035156
5.4272027015686035 7.949144412438684 3.8330202102661133 6.989569664001465
4.1779375076293945 6.603614464019074 3.9951486587524414 8.316783905029297
3.821024179458618 4.325448497166121 1.5489740371704102 1.5899409055709839
3.6269891262054443 5.722685703226489 1.776861310005188 2.266556978225708
3.243732452392578 5.091010292526903 2.0274641513824463 3.1200053691864014
2.178065538406372 3.5368244954093413 2.1922714710235596 3.7208781242370605
4.544691562652588 5.3705013505164345 1.6243078708648682 1.6699031591415405
4.092538356781006 5.866948002243433 1.8835303783416748 2.4342293739318848
3.2658658027648926 5.537592468421309 2.1680705547332764 3.4159412384033203
3.333405017852783 5.41041491186968 2.3535618782043457 4.118317127227783
5.408585071563721 6.513468924862163 1.7347321510314941 1.7863636016845703
4.699664115905762 7.911846349703353 2.0335023403167725 2.6694111824035645
4.1630401611328125 6.9145431718936265 2.360536813735962 3.8267855644226074
3.2256617546081543 4.649138788719966 2.571667432785034 4.665473461151123
4.553699016571045 5.222857235946648 1.8537946939468384 1.905450463294983
4.38383674621582 6.9460035175288795 2.108412027359009 2.7394285202026367
3.059572219848633 4.992098624969174 2.3635165691375732 3.785794973373413
3.318391799926758 6.317899625367341 2.5372700691223145 4.529058933258057
5.376060962677002 6.374037257010203 1.9599878787994385 2.019108295440674
4.100957870483398 6.43033893261736 2.2692222595214844 3.004580020904541
3.572819232940674 6.593663182039288 2.578612804412842 4.262351989746094
2.557595729827881 5.3456178193030155 2.7820885181427 5.164985656738281
6.288149833679199 7.5755712957613675 2.127394199371338 2.197004795074463
5.6780619621276855 9.296184173590206 2.5057127475738525 3.3943581581115723
4.665787696838379 7.9339629882983616 2.8837215900421143 4.951147556304932
3.6754891872406006 6.6551076063818755 3.1250710487365723 6.0741963386535645
4.817081928253174 5.597134287162476 2.3002638816833496 2.3772635459899902
4.434508800506592 6.97491581703153 2.50398850440979 3.30916690826416
3.48125958442688 6.3797736578743525 2.69712233543396 4.451230525970459
2.615062713623047 4.21346082378011 2.8508188724517822 5.285867691040039
5.713130950927734 6.782942721974166 2.432410955429077 2.519575834274292
4.381178855895996 7.422366747138767 2.721837282180786 3.683713912963867
4.362373352050781 6.901957613414703 2.988800048828125 5.1196489334106445
3.602010726928711 6.582071011134516 3.1770453453063965 6.160830497741699
6.889569282531738 8.342869447216373 2.6591920852661133 2.760730504989624
5.342124938964844 8.171415377882568 3.0542120933532715 4.253119945526123
5.003413677215576 8.54407138223695 3.412630558013916 6.114489555358887
3.2805607318878174 5.4791293175846185 3.6459527015686035 7.447683811187744
4.688674449920654 5.464212237170955 2.3378782272338867 2.5373122692108154
3.535041332244873 6.34633114899998 2.958814859390259 3.9811744689941406
3.4290339946746826 5.767633689907232 2.988656759262085 5.033146858215332
2.7574381828308105 4.70904713164191 3.0970590114593506 5.889388084411621
5.605020046234131 6.682680710172747 2.4973526000976562 2.718505382537842
4.904950141906738 7.9634830064005655 3.237762212753296 4.495580673217773
3.8379876613616943 6.993774726586025 3.348705291748047 5.874100685119629
3.7079830169677734 6.543181486531267 3.490290641784668 6.963272571563721
6.89884614944458 8.261250763620353 2.750947952270508 3.0092291831970215
5.723492622375488 8.715705011144365 3.668388843536377 5.262231349945068
4.549163341522217 7.494316563890166 3.8791494369506836 7.1467108726501465
3.9871184825897217 6.537329094225857 4.065056324005127 8.57104206085205
3.9945664405822754 4.431119333616028 1.5520538091659546 1.5944714546203613
3.576460361480713 6.094056119491928 1.8130570650100708 2.3404133319854736
2.625776767730713 4.352861756386119 2.1121344566345215 3.2871599197387695
2.442871332168579 4.452022309922199 2.297466278076172 3.948380470275879
4.696710586547852 5.458870893180361 1.6441969871520996 1.691934585571289
3.411820650100708 5.600947721769899 1.9434860944747925 2.548678159713745
3.141505002975464 6.070917209464014 2.2824814319610596 3.6515629291534424
2.83544921875 4.594054548903003 2.490816593170166 4.433830738067627
5.495127201080322 6.609210854453831 1.7860376834869385 1.8408108949661255
4.7197980880737305 5.648961946438817 2.1375062465667725 2.8535943031311035
3.996518850326538 7.539659712258356 2.5259313583374023 4.175780773162842
3.8032782077789307 5.627098402322957 2.7607314586639404 5.121479034423828
4.792453765869141 5.384711150038249 1.8126956224441528 1.8657289743423462
4.540219306945801 7.095482336611214 2.137481451034546 2.8244712352752686
3.269239902496338 5.664356232654885 2.504322052001953 4.062649726867676
2.4906809329986572 4.034637673426859 2.7223150730133057 4.926875114440918
5.5591044425964355 6.54465482402361 1.9498001337051392 2.011565685272217
5.114665508270264 8.164817111873504 2.3438940048217773 3.1670405864715576
3.814587354660034 7.454400164595768 2.7758688926696777 4.675149917602539
2.2567126750946045 4.635800478119196 3.0281996726989746 5.739559650421143
6.584096908569336 7.883524613150826 2.1755943298339844 2.250138998031616
5.336109638214111 7.426630566047294 2.669234275817871 3.699431896209717
4.339475154876709 8.144420982168413 3.183755397796631 5.6029462814331055
3.9228341579437256 7.297588925931905 3.4734227657318115 6.942441940307617
5.177183628082275 5.894389468465022 2.163667917251587 2.2366154193878174
4.308338165283203 7.478517291165645 2.506378173828125 3.3673715591430664
2.4266600608825684 4.8221774941105195 2.901825189590454 4.844790935516357
2.925180196762085 4.725576109111298 3.1300594806671143 5.875146865844727
6.089234828948975 7.174719029930429 2.3410284519195557 2.425015449523926
4.702812671661377 7.417852206287879 2.7946693897247314 3.8596084117889404
4.0244059562683105 7.287663445828912 3.28297758102417 5.733898162841797
3.174103260040283 5.856556788401463 3.5534632205963135 7.039262771606445
7.28383731842041 8.792528091282477 2.6512556076049805 2.75380539894104
5.506351947784424 8.599657568967359 3.267606258392334 4.661254405975342
4.638750076293945 8.596020276949268 3.8743784427642822 7.13107442855835
4.409085273742676 6.6956412101219485 4.1868510246276855 8.814215660095215
4.826790809631348 5.50678805576365 2.345114231109619 2.6221296787261963
4.958701133728027 7.663119700479001 2.9315695762634277 4.0487141609191895
3.6411752700805664 6.29959139259347 3.256072521209717 5.537567138671875
3.173919916152954 5.780623495421292 3.4663453102111816 6.655951499938965
5.530899524688721 6.549303741033068 2.569671869277954 2.8851025104522705
4.647850036621094 7.415898933198602 3.3035330772399902 4.68865442276001
4.24180269241333 6.830738489828036 3.7368597984313965 6.681580543518066
3.3787519931793213 6.458857383578021 3.9921138286590576 8.12783432006836
7.167257785797119 8.600815628021564 2.9517321586608887 3.331578016281128
6.247988700866699 7.93514857248122 3.9180800914764404 5.749622821807861
4.721956729888916 6.862264120742566 4.494630336761475 8.51903247833252
4.048189163208008 6.778416940647631 4.790318012237549 10.415864944458008
4.086068630218506 4.512549714711497 1.611903429031372 1.6563726663589478
4.157383441925049 6.685422712192917 1.8831160068511963 2.432744026184082
3.308631181716919 5.633155484124927 2.1869301795959473 3.4166035652160645
2.001901626586914 4.041378697062612 2.372441053390503 4.102470397949219
4.767810821533203 5.528733948812571 1.7159496545791626 1.7667194604873657
4.3336567878723145 6.885036868754117 2.031543016433716 2.6694328784942627
3.65633487701416 6.130326318535026 2.378740072250366 3.827627182006836
3.341792345046997 5.968736598327268 2.587794542312622 4.645455360412598
5.571599006652832 6.682128671475084 1.8769084215164185 1.9362279176712036
5.264078140258789 7.744239171577647 2.2553157806396484 3.021987199783325
4.2360429763793945 7.266885489135689 2.658390760421753 4.430299282073975
2.8397326469421387 5.802889911956299 2.89444637298584 5.427967548370361
4.880519390106201 5.454408460250903 1.9301505088806152 1.9877909421920776
4.3608012199401855 7.324630112051523 2.2739717960357666 3.006932258605957
3.1926560401916504 6.034478529539736 2.6417245864868164 4.302433490753174
2.123934268951416 3.7969624610066575 2.8538403511047363 5.202946662902832
5.650353908538818 6.63956101941983 2.085935592651367 2.1544036865234375
4.539503574371338 6.738570478127485 2.5139222145080566 3.40643310546875
3.7642948627471924 5.442186357921059 2.9557697772979736 5.0117645263671875
3.3520431518554688 6.005379192944247 3.2024762630462646 6.132476329803467
6.729340076446533 8.03055977984538 2.342060089111328 2.427053689956665
5.349660396575928 7.837873793842391 2.8963375091552734 4.038070201873779
4.560844898223877 7.137061912317222 3.4376535415649414 6.1095075607299805
3.4144201278686523 6.554231904486446 3.7230031490325928 7.537437438964844
5.318980693817139 6.025362197222876 2.3816027641296387 2.4660165309906006
4.64834451675415 7.153104757158189 2.7410311698913574 3.6938464641571045
3.692085027694702 5.817491174969888 3.120283603668213 5.233903408050537
3.0939524173736572 5.02381345528579 3.328674077987671 6.297051429748535
6.2325215339660645 7.326822999910178 2.583850622177124 2.683432102203369
4.763509273529053 7.714213767427708 3.0823814868927 4.281144142150879
3.749699592590332 5.428646791886422 3.570403575897217 6.285748481750488
3.4349544048309326 5.901659082792808 3.820728063583374 7.651645660400391
7.547581195831299 9.039880390159908 2.933506727218628 3.0593013763427734
6.600100517272949 8.557208796615502 3.6452221870422363 5.250234127044678
4.343611240386963 7.323293695201301 4.282857894897461 7.97268009185791
4.214433670043945 7.4302012334712515 4.576846599578857 9.76488971710205
5.043168067932129 5.663400757221552 2.5521764755249023 2.855140209197998
4.815545082092285 7.968664402641139 3.294729232788086 4.568809986114502
3.179234504699707 6.054432256157192 3.5574936866760254 6.091716766357422
2.60864520072937 4.333876137367312 3.7281858921051025 7.218830108642578
5.452311992645264 6.465943612273762 2.816502571105957 3.1713287830352783
4.162308216094971 6.180396886225651 3.7398269176483154 5.359058856964111
3.5258803367614746 5.167699924076544 4.133195877075195 7.463662624359131
3.269810676574707 4.963842706398509 4.347232818603516 8.951484680175781
7.255356311798096 8.563040001458035 3.2635836601257324 3.7081100940704346
4.745957374572754 7.756320479499664 4.47689151763916 6.6604533195495605
4.805243015289307 8.413844384588174 5.056596755981445 9.704751968383789
3.273031234741211 5.990629687633714 5.312556266784668 11.707415580749512
4.23840856552124 5.142733317080662 1.745932936668396 1.8228082656860352
4.274603843688965 7.007115942813851 2.1095900535583496 2.821894884109497
3.6960506439208984 6.156018653042651 2.4645941257476807 3.898536443710327
3.3432459831237793 6.126817138691592 2.661999225616455 4.609560489654541
4.810835838317871 5.754767626945068 1.84690523147583 1.9317694902420044
4.550083160400391 7.2854996152088916 2.261013984680176 3.0669503211975098
3.870344638824463 7.166685870965969 2.670823574066162 4.324875831604004
3.27628493309021 6.736327495889213 2.8982431888580322 5.170962810516357
5.550488471984863 6.655602582291976 2.0053908824920654 2.0994303226470947
5.198362350463867 7.337331968869307 2.4886062145233154 3.427851676940918
4.635681629180908 7.557362866280471 2.96685528755188 4.93241024017334
3.7992918491363525 7.15260711295214 3.2279117107391357 5.952526092529297
5.161609649658203 6.199061301179654 2.1790988445281982 2.277388334274292
5.083568572998047 8.044035568184158 2.6491713523864746 3.5965514183044434
4.147104740142822 6.2195671772347865 3.0817363262176514 5.025998115539551
3.2220475673675537 5.531009454178005 3.3026602268218994 5.957608699798584
5.870193958282471 6.91990693539023 2.3243765830993652 2.4416282176971436
5.208869934082031 8.351160539200137 2.8820788860321045 4.008969783782959
4.2427144050598145 7.33160846726264 3.4028165340423584 5.749558925628662
2.553637981414795 3.3242071257959935 3.6697897911071777 6.899979591369629
6.772294521331787 7.987065628394589 2.577241897583008 2.7142508029937744
5.74564266204834 8.001675615687645 3.2595129013061523 4.648950576782227
5.137228012084961 9.14874477612284 3.889155149459839 6.813684463500977
3.737696647644043 6.665377136427821 4.203664302825928 8.24460506439209
5.606548309326172 6.676367513414078 2.738306760787964 2.837019681930542
5.056779384613037 8.227703189426393 3.2487566471099854 4.457916736602783
2.937166929244995 5.172204198016917 3.700385570526123 6.180280685424805
2.943648338317871 5.440666653419992 3.916083812713623 7.283270359039307
6.517879486083984 7.60073714762477 2.918717622756958 3.050084114074707
3.788423538208008 6.810888980092841 3.555267333984375 5.058379650115967
3.5452404022216797 5.298364240500433 4.127242088317871 7.217586040496826
4.058852672576904 6.982181766901931 4.403042316436768 8.612309455871582
7.704251766204834 9.054163174414015 3.2686116695404053 3.4410929679870605
5.130275249481201 7.902649412298842 4.0878143310546875 6.034412384033203
5.878066062927246 9.547413768625876 4.802692890167236 8.778881072998047
3.860919952392578 5.992755431587028 5.135030746459961 10.530333518981934
5.737947940826416 6.7833109201815205 2.7961981296539307 3.0503838062286377
4.043673038482666 6.32814752047223 3.787951707839966 5.314129829406738
2.8101439476013184 5.194670022126047 4.216506004333496 7.168359756469727
3.6428356170654297 6.182228039983329 4.40762996673584 8.36270523071289
6.646975040435791 7.73200787061856 3.0367517471313477 4.758601665496826
5.682416915893555 8.625725562818616 4.1549763679504395 6.051270961761475
4.406513690948486 7.243441859993027 4.721877574920654 8.456798553466797
3.6564130783081055 4.68668110475538 4.984274864196777 10.001953125
7.865628242492676 9.133789780689824 3.502312660217285 3.833981990814209
6.765899181365967 9.904994911294438 4.815190315246582 7.315379619598389
4.468346118927002 6.829161693256779 5.546884536743164 10.441064834594727
4.892685890197754 8.460212632033052 5.871739864349365 12.387887001037598
4.238013744354248 5.147600259714011 1.7377421855926514 1.8143774271011353
4.429001808166504 7.38214294140198 2.102485179901123 2.815890312194824
3.0959534645080566 5.343065532483337 2.4609336853027344 3.8988940715789795
2.40891432762146 4.776531169954198 2.6624596118927 4.618562698364258
4.813525676727295 5.76367721041882 1.8366374969482422 1.9212976694107056
3.7152211666107178 6.4051585951156085 2.2524473667144775 3.060274600982666
3.7234420776367188 6.66049582868709 2.6673266887664795 4.328336715698242
3.0764143466949463 6.377667876486385 2.9007229804992676 5.1878275871276855
5.487144947052002 6.611112874147004 1.9901683330535889 2.084155321121216
5.082674503326416 8.301819947890635 2.4764225482940674 3.419271230697632
3.6574904918670654 6.148988331035015 2.9630627632141113 4.941791534423828
4.069268703460693 6.9866949039188295 3.23325514793396 5.983829021453857
5.14854097366333 6.201695818397571 2.167276382446289 2.2655792236328125
3.8411364555358887 6.011967852499339 2.6413981914520264 3.592470645904541
3.147430658340454 5.49295274999497 3.0805559158325195 5.035851955413818
2.600628614425659 4.684604585597526 3.308257579803467 5.983858108520508
5.829146862030029 6.904238032617798 2.3091013431549072 2.4264309406280518
5.028671741485596 7.895891857499862 2.8726046085357666 4.0054168701171875
4.021761894226074 6.650085190070968 3.403655767440796 5.769347190856934
3.4961135387420654 6.174592569187371 3.6807382106781006 6.94667387008667
6.707136631011963 8.033180212668867 2.5521299839019775 2.689788818359375
6.04553747177124 8.742160581029097 3.2442662715911865 4.6437458992004395
4.791778087615967 8.135226378887587 3.8917298316955566 6.85138463973999
3.902170181274414 7.625887774804028 4.222071647644043 8.327006340026855
5.589118003845215 6.679606071327477 2.7281441688537598 2.826181173324585
4.910380840301514 8.060090341163146 3.244748592376709 4.4610748291015625
4.098624229431152 7.251915635794205 3.704676866531372 6.204753875732422
2.6664767265319824 4.282493863723664 3.928527593612671 7.331738471984863
6.471421718597412 7.5909326437041384 2.9029951095581055 3.034148931503296
5.014744281768799 6.399046917713804 3.5497825145721436 5.064858436584473
4.285851955413818 7.524418694831866 4.136216163635254 7.26101016998291
3.6232049465179443 4.9683013436306425 4.425052165985107 8.696368217468262
7.632853984832764 9.056580745110296 3.2368791103363037 3.4102225303649902
6.072478771209717 9.341417707059883 4.0755815505981445 6.041884899139404
4.925946235656738 7.4112504018373215 4.816985130310059 8.85657787322998
3.8345987796783447 7.487475217653838 5.169858932495117 10.673954963684082
5.727024555206299 6.778093298723945 2.786325693130493 3.0384528636932373
4.528594493865967 6.970003179160244 3.7914435863494873 5.3341498374938965
3.90494966506958 6.689989923823987 4.226500034332275 7.209174633026123
2.399710178375244 4.642818314376029 4.425913333892822 8.431235313415527
6.601224422454834 7.699304546332883 3.0203256607055664 4.889998912811279
5.133023262023926 7.153494464243138 4.1577253341674805 6.075242519378662
4.268476486206055 6.458045171171994 4.73922872543335 8.52454948425293
3.2653250694274902 5.698031647322878 5.015820026397705 10.118410110473633
7.832985877990723 9.130767430222797 3.464564323425293 3.7968976497650146
5.805099964141846 9.98979764580109 4.811557769775391 7.346170425415039
4.576756000518799 6.70503928168975 5.573336124420166 10.558197975158691
4.123983860015869 7.039979606681815 5.9210205078125 12.582115173339844
4.355737686157227 5.33986120267906 1.778496503829956 1.8589856624603271
4.413145065307617 7.492085719869735 2.1530470848083496 2.8999204635620117
3.475642204284668 6.027372509522138 2.516374349594116 4.035869121551514
3.1529130935668945 5.9181478017355005 2.719426155090332 4.796303749084473
4.917977333068848 5.926327939432014 1.8787888288497925 1.9683036804199219
4.606050491333008 6.4996669100301006 2.3086743354797363 3.162820816040039
4.1034836769104 6.732203100413699 2.7331655025482178 4.507037162780762
3.2276809215545654 6.174936990732633 2.971972942352295 5.426366806030273
5.602819442749023 6.826872388875997 2.0299010276794434 2.129979133605957
5.416785717010498 8.517267705964267 2.5360071659088135 3.5426504611968994
4.573419570922852 7.659141632255426 3.0400547981262207 5.174402713775635
3.6309714317321777 5.670538124704983 3.3220055103302 6.303274631500244
5.2446393966674805 6.346398324578871 2.2661900520324707 2.3727643489837646
4.892252445220947 8.458737947688455 2.7621099948883057 3.7930264472961426
2.801088571548462 4.505603829186157 3.2053046226501465 5.330060958862305
3.008070707321167 5.524899991713028 3.4274208545684814 6.334765911102295
5.897519111633301 7.057946261250436 2.4091522693634033 2.5378267765045166
5.022951126098633 8.31808932181275 3.0046422481536865 4.247557640075684
3.717958450317383 5.399607822819746 3.549900531768799 6.152747631072998
3.628549098968506 6.10445002148964 3.8286216259002686 7.421365737915039
6.814028263092041 8.468820718291965 2.642735004425049 2.7956438064575195
5.202747344970703 8.341243756456294 3.382603883743286 4.933996677398682
5.4921417236328125 8.390155347100915 4.06344747543335 7.359325885772705
3.669708251953125 6.2458672697748625 4.408013343811035 8.977431297302246
5.583252906799316 6.74472226369744 2.8935911655426025 3.0125913619995117
4.719117641448975 8.098292048961596 3.471625566482544 4.841291427612305
3.811093330383301 7.250803115070722 3.9313418865203857 6.724103927612305
1.7167320251464844 2.86901061198796 4.1338791847229 7.907551288604736
6.470269203186035 7.725659836342402 3.073310375213623 3.2284352779388428
5.555970191955566 7.856410498215906 3.798783540725708 5.52272367477417
4.308403968811035 6.660778077127844 4.400496482849121 7.932342529296875
2.638211727142334 4.658583545431359 4.678701877593994 9.472549438476562
7.676595211029053 9.325406470304756 3.3918776512145996 3.596930980682373
5.459587574005127 9.440496693794056 4.34168004989624 6.596452713012695
5.2379150390625 8.152685345182135 5.130472183227539 9.753738403320312
3.265341281890869 5.522928795388438 5.491964340209961 11.750691413879395
5.676474571228027 6.793325371859055 3.0606298446655273 3.376858711242676
5.291794776916504 9.11816817758023 4.112661361694336 5.912252426147461
3.0941100120544434 5.319307164986299 4.561818599700928 7.973132610321045
2.893601655960083 5.529446333401211 4.7199883460998535 9.23621654510498
6.525644779205322 7.705474046290078 3.309096574783325 4.964838981628418
5.35372257232666 8.650988704331667 4.5248541831970215 6.775624752044678
4.108595371246338 7.295762073343475 5.130404949188232 9.50241470336914
3.2950360774993896 6.630675163560397 5.377525806427002 11.194300651550293
7.629075050354004 9.019409064293257 3.747343063354492 4.163857460021973
6.838650226593018 11.151109124243703 5.22106409072876 8.207690238952637
5.2328596115112305 7.045857446817536 6.041390419006348 11.865669250488281
3.828655481338501 5.626332388863659 6.382809638977051 14.076878547668457
4.439407825469971 5.465710339406996 1.819191813468933 1.9030358791351318
3.9273428916931152 7.269635697370399 2.2035598754882812 2.9813270568847656
3.586812973022461 6.677577739306798 2.571897268295288 4.165331840515137
2.2328829765319824 4.574345689565756 2.774216651916504 4.9559855461120605
4.9823174476623535 6.024421586352432 1.9235892295837402 2.0173914432525635
4.63559627532959 8.091276349420724 2.3681442737579346 3.264727830886841
4.173722743988037 6.789044085879519 2.8021469116210938 4.676526069641113
3.464294195175171 5.265756716078627 3.0424044132232666 5.638340950012207
5.73725700378418 7.075053477872169 2.078230857849121 2.1837353706359863
4.971215724945068 8.228499781928747 2.6057636737823486 3.670750856399536
4.302213668823242 8.057723822992187 3.126039743423462 5.396366596221924
3.490168809890747 6.099249401055808 3.413325071334839 6.5851335525512695
5.307703495025635 6.462943003828855 2.352226972579956 2.4657418727874756
4.769775390625 8.164856137613384 2.8712263107299805 3.97122859954834
4.026289939880371 6.783019050474195 3.323575258255005 5.601285457611084
2.802713394165039 4.495692842810513 3.541799783706665 6.655679225921631
5.969571590423584 7.198686812729484 2.5006415843963623 2.638827323913574
5.684490203857422 9.265376105180735 3.1317667961120605 4.470612049102783
3.843085527420044 6.573414084692688 3.696686267852783 6.510031223297119
3.5486483573913574 5.698819205119057 3.9762632846832275 7.8510332107543945
6.941817760467529 8.736989076495774 2.7365012168884277 2.9019763469696045
5.739044666290283 8.858709352164396 3.530364990234375 5.215754985809326
5.265806198120117 8.231424717223419 4.246801853179932 7.833837032318115
4.838298320770264 7.931437873920826 4.60123348236084 9.557971000671387
5.614414691925049 6.84982773237158 3.0242905616760254 3.1606638431549072
5.168834686279297 8.292774141368952 3.671048641204834 5.17106294631958
3.542144536972046 6.180706631872454 4.14115047454834 7.196240425109863
2.99396014213562 4.686497919594046 4.330161094665527 8.43945598602295
6.543201923370361 7.886265087433458 3.2148211002349854 3.3896050453186035
5.323512077331543 8.793645221743645 4.032414436340332 5.93634557723999
4.528650760650635 7.245812994819062 4.661318778991699 8.554632186889648
4.335458755493164 7.856215248324579 4.932109832763672 10.184464454650879
7.829098224639893 9.624779123763489 3.5373129844665527 3.767475128173828
5.6872878074646 9.464988124436772 4.617276668548584 7.125686168670654
5.37216854095459 9.190766636757644 5.458645820617676 10.587178230285645
4.776583671569824 7.2183329735429425 5.825145721435547 12.721752166748047
5.507762432098389 6.5259524309489905 3.238492727279663 3.6041135787963867
4.811734676361084 8.427523780899394 4.3940229415893555 6.423773765563965
2.8566017150878906 4.366125471935165 4.871891975402832 8.66720962524414
2.3299059867858887 5.044024466034216 5.000424861907959 9.98055648803711
5.778575897216797 6.862871482903472 3.507303237915039 5.751864910125732
5.476950645446777 9.803709496326714 4.872399806976318 7.427077293395996
3.559340000152588 5.451132872879839 5.516475200653076 10.41086483001709
4.193004131317139 6.152786924322186 5.739431381225586 12.188034057617188
7.656714916229248 8.954090929177141 3.9524664878845215 4.443286418914795
5.899840831756592 9.306069833820814 5.646663188934326 9.043533325195312
5.396139621734619 9.692984155350342 6.530661582946777 13.08387565612793
3.963780641555786 6.885513140930179 6.859226226806641 15.436899185180664
4.025500774383545 4.42702857110325 1.636891484260559 1.6818790435791016
3.743267059326172 6.03001576833104 1.873569369316101 2.3793139457702637
2.90451979637146 5.19858396779798 2.1049022674560547 3.2011256217956543
1.1611878871917725 2.135210605122211 2.2250213623046875 3.7655134201049805
4.780189514160156 5.533329786704229 1.7303351163864136 1.7819281816482544
4.2828850746154785 7.508977388150299 2.0011982917785645 2.5929975509643555
3.5052011013031006 6.485083968361437 2.264327049255371 3.551928997039795
2.2054343223571777 3.518894271177146 2.3975749015808105 4.1974592208862305
5.434585094451904 6.762805458681896 1.8686059713363647 1.9290618896484375
4.712335586547852 8.224859737497354 2.186835289001465 2.901817798614502
4.405557632446289 7.642779662638077 2.4899566173553467 4.049447536468506
3.0788395404815674 5.130122451024363 2.6357271671295166 4.80338716506958
4.655653476715088 5.217824542637896 2.0049848556518555 2.063460350036621
4.4103312492370605 8.018382873993005 2.2870843410491943 2.958378314971924
3.7524306774139404 7.00048848793449 2.528449058532715 3.9824366569519043
1.3733962774276733 2.7637114455856135 2.6302616596221924 4.660269260406494
5.522080898284912 6.566755077304805 2.139148712158203 2.2111246585845947
4.808553695678711 8.292426812355188 2.4846646785736084 3.3067657947540283
3.418553113937378 6.5542335166252315 2.7801055908203125 4.560050964355469
2.389212131500244 4.906740755771125 2.8993120193481445 5.36519718170166
6.474346160888672 8.1731077845875 2.3506412506103516 2.439659595489502
5.295045852661133 8.912837243600208 2.7847273349761963 3.83270001411438
3.7512528896331787 7.033011616811109 3.1489756107330322 5.4134650230407715
4.302831649780273 7.03814114399222 3.284494161605835 6.39458703994751
4.988978385925293 5.659839596931874 2.581617593765259 2.651115894317627
4.233914375305176 7.462143187406014 2.852511405944824 3.7399423122406006
3.4260826110839844 6.224403681972774 3.013491153717041 4.875401020050049
1.8359758853912354 3.815802201761919 3.0444867610931396 5.582090377807617
5.8926262855529785 7.1208744654745715 2.743316173553467 2.8327999114990234
4.928929805755615 8.809210017538362 3.118619441986084 4.245324611663818
2.676377058029175 5.571332151905712 3.3616437911987305 5.709112644195557
3.125779151916504 5.598486396992804 3.4140524864196777 6.5821919441223145
7.264051914215088 9.013594009524382 3.0194315910339355 3.1387622356414795
4.958559989929199 9.148471215613 3.5406198501586914 5.030860424041748
4.49954080581665 5.924457592383289 3.8878955841064453 6.971285820007324
3.5456702709198 6.446695350385866 3.9576613903045654 8.07992935180664
5.281461715698242 5.847003141558162 2.704457998275757 2.88066029548645
3.8294081687927246 6.150493515109815 3.676844835281372 5.1215972900390625
3.4138712882995605 6.498918507578537 3.5539002418518066 5.885366916656494
2.6284711360931396 5.337758799670667 3.4258506298065186 6.433404922485352
6.143219947814941 6.997597964622287 2.930881977081299 3.1445374488830566
4.928305149078369 8.155214934877861 3.996021032333374 5.724422931671143
3.3019533157348633 6.344907496481255 3.9873414039611816 6.96784782409668
3.5351955890655518 6.535915427269174 3.884050130844116 7.704055309295654
7.303776741027832 8.437977521871971 3.313100814819336 3.583601474761963
5.060973644256592 8.787722139140442 4.534722805023193 6.88337516784668
4.5660295486450195 7.190780524086392 4.654363632202148 8.618483543395996
4.3941969871521 6.724014954830714 4.571291923522949 9.630613327026367
4.067873001098633 4.499500715819352 1.6196352243423462 1.6641960144042969
4.098358154296875 7.229516587457013 1.8634450435638428 2.380889415740967
3.5130419731140137 5.942742286154498 2.113250494003296 3.249566078186035
2.8671514987945557 5.613832386454773 2.2542426586151123 3.8580079078674316
4.8366875648498535 5.636945092029833 1.7147178649902344 1.7659375667572021
4.432744979858398 7.943605823450149 1.9952062368392944 2.6017343997955322
3.375662088394165 7.495536543762682 2.2810585498809814 3.618942975997925
2.8402726650238037 4.9198775854121095 2.438499927520752 4.319863319396973
5.632617473602295 6.846930734224912 1.8564926385879517 1.9164410829544067
4.56249475479126 8.37850287030733 2.189493179321289 2.924795389175415
2.980639696121216 5.487242170639888 2.524430513381958 4.151519298553467
3.725142240524292 7.360824905789286 2.7003605365753174 4.977941513061523
4.714231491088867 5.322757751570833 1.930907964706421 1.9876302480697632
4.3652472496032715 7.310130876292533 2.2172152996063232 2.890188694000244
3.241372585296631 6.003723581225277 2.4881398677825928 3.9903371334075928
2.9444360733032227 6.231766055854366 2.6351494789123535 4.761474609375
5.644435882568359 6.679823231120963 2.06947660446167 2.1387510299682617
4.808212757110596 8.152870943481275 2.421339273452759 3.246828317642212
3.681868553161621 6.5825267358573 2.7513248920440674 4.591523170471191
3.5117955207824707 6.718504258406988 2.9204883575439453 5.509486675262451
6.861355304718018 8.142012705273373 2.290433168411255 2.3755075931549072
5.335433006286621 8.501821932158691 2.739999771118164 3.797729969024658
3.448737859725952 6.353221915298263 3.1547634601593018 5.507472991943359
3.3280394077301025 6.012941369713445 3.3501505851745605 6.634010314941406
5.077821731567383 5.817331035366074 2.4063632488250732 2.4710774421691895
3.949115037918091 7.015130755176983 2.6654460430145264 3.5133116245269775
3.618698835372925 5.785161049610224 2.870227813720703 4.746109962463379
2.8110711574554443 5.5269598587951805 2.9847612380981445 5.623843193054199
6.116690635681152 7.274402341104633 2.576134443283081 2.659484624862671
5.073509216308594 8.932850533868987 2.939582109451294 4.019404411315918
3.5567562580108643 6.098928609012319 3.2304677963256836 5.593484401702881
3.1487131118774414 6.06150767711938 3.3702945709228516 6.664581298828125
7.57661771774292 8.985960523714027 2.872145175933838 2.981940746307373
6.270818710327148 10.132308473377591 3.3933022022247314 4.834846496582031
4.25088357925415 5.202927977087221 3.8094236850738525 6.938241004943848
3.5029096603393555 5.422269718049847 3.9785654544830322 8.291996955871582
5.307557582855225 5.916418730191481 2.5345664024353027 2.7010152339935303
4.543095588684082 8.113514711155744 3.5619089603424072 5.127843379974365
3.8627214431762695 6.782094352961849 3.2605478763580322 5.494143009185791
3.105145215988159 5.218613642698983 3.270670175552368 6.341404914855957
6.282323837280273 7.114812003571039 2.76326584815979 2.9669992923736572
5.082991123199463 8.218214541113014 3.8888003826141357 5.8370561599731445
3.0914297103881836 3.9948844640809114 3.7040998935699463 6.574168682098389
4.09514856338501 7.193992172095307 3.7405343055725098 7.634252548217773
7.479669094085693 8.660344182845506 3.153904676437378 3.4147040843963623
5.098371505737305 8.473751371340654 4.4458537101745605 6.6128435134887695
3.8470053672790527 6.357250576919341 4.440906524658203 8.320879936218262
2.7806506156921387 4.851946806043998 4.50646448135376 9.706518173217773
3.9175894260406494 4.47483135189818 1.6469887495040894 1.693841576576233
3.5908420085906982 5.579822610044857 1.9302781820297241 2.4876468181610107
3.232020378112793 6.171644165217458 2.2325754165649414 3.4736862182617188
2.9997472763061523 4.597584726047163 2.4028213024139404 4.177755832672119
4.604071617126465 5.530564077168343 1.7423579692840576 1.796087384223938
3.304412364959717 5.50291782334304 2.0716018676757812 2.7256386280059814
3.0033349990844727 4.940776409489544 2.4256575107574463 3.9008519649505615
3.634606122970581 6.2013782269575515 2.623563528060913 4.737353801727295
5.489957809448242 6.779776016605709 1.8806151151657104 1.943437933921814
5.052384376525879 7.325710732873233 2.276559591293335 3.0692036151885986
4.045037269592285 6.015821777743554 2.7031123638153076 4.515593528747559
3.911669969558716 7.095820458000958 2.936595916748047 5.536557674407959
4.713467121124268 5.447543706017768 1.924643635749817 1.9852930307388306
4.001900672912598 7.293624195495795 2.30902361869812 3.0688092708587646
3.5614511966705322 7.333386696393191 2.704832077026367 4.420868873596191
2.4923808574676514 5.469660275657809 2.9089128971099854 5.3688836097717285
5.608011245727539 6.706005213626128 2.061160087585449 2.133812427520752
5.367353439331055 7.435545429029162 2.5290255546569824 3.457869529724121
2.849344253540039 5.684378282358892 3.016386032104492 5.145865440368652
2.848665952682495 6.179900483376308 3.266664981842041 6.323093891143799
6.9036760330200195 8.334114749742678 2.2669100761413574 2.3561363220214844
5.227137565612793 8.351589802998213 2.862434148788452 4.046844959259033
4.992911338806152 9.072822534168381 3.485034465789795 6.241220951080322
4.773614406585693 8.325302254778702 3.796351909637451 7.747797966003418
5.108101844787598 5.950995266656037 2.271794557571411 2.3468940258026123
4.879080295562744 8.487683628103643 2.7531206607818604 3.7552073001861572
2.6022861003875732 4.795719368103875 3.2094974517822266 5.451977729797363
2.5752322673797607 5.066792434563013 3.419832944869995 6.602101802825928
6.1619744300842285 7.359576627947604 2.440378427505493 2.5329999923706055
5.548323154449463 7.391632877600387 3.052515745162964 4.31041955947876
3.1632182598114014 6.352940925523441 3.646832227706909 6.511453628540039
3.2435595989227295 5.992547399952855 3.923046588897705 7.989737510681152
7.77742338180542 9.257634094725802 2.7072346210479736 2.8258779048919678
5.815539836883545 9.951477201055411 3.524909496307373 5.184131145477295
4.120857238769531 8.426500059507305 4.328134536743164 8.164267539978027
3.7236595153808594 6.770115326427012 4.690744400024414 10.11987018585205
5.005204677581787 5.567989045873716 2.586423397064209 2.823436737060547
4.9258809089660645 8.492133968629787 3.6163344383239746 5.573101043701172
3.413708448410034 6.334200040798805 3.7137937545776367 6.494497299194336
2.4958155155181885 4.817309634595631 3.868889093399048 7.697765350341797
5.950212478637695 6.752108377130487 2.813076972961426 3.099339485168457
5.398857593536377 9.277827460595171 4.027788162231445 6.3891072273254395
4.333954334259033 8.118053991056854 4.265641689300537 7.870991230010986
2.5015387535095215 4.632276837748682 4.50001335144043 9.475357055664062
7.312157154083252 8.349128497370671 3.1666524410247803 3.523550033569336
5.943034648895264 9.310183052051343 4.644690990447998 7.440884113311768
4.28361701965332 7.563395784696354 5.144131660461426 10.05632495880127
4.06317138671875 5.694406238175204 5.48179817199707 12.243616104125977
4.1115946769714355 4.685827000964647 1.6588023900985718 1.7049360275268555
3.44391131401062 6.726200337208638 1.9300074577331543 2.4869537353515625
2.897091865539551 6.225126988740342 2.2287042140960693 3.4838290214538574
2.113159418106079 3.9470801513839433 2.4019827842712402 4.206811428070068
4.820666790008545 5.76530447960009 1.7574154138565063 1.8103675842285156
3.3919267654418945 6.583673095754598 2.0741374492645264 2.727647304534912
2.473893165588379 5.306653957488379 2.4246537685394287 3.9200830459594727
1.5494800806045532 4.3270916044178875 2.626634359359741 4.7832746505737305
5.706912994384766 7.0605317201024995 1.9007747173309326 1.962944507598877
5.191015243530273 9.28447391457371 2.283552408218384 3.0764353275299072
4.08383846282959 7.743599681071828 2.706735134124756 4.550487995147705
2.4033985137939453 5.883981303582459 2.9455413818359375 5.609864711761475
4.854183673858643 5.626268081668002 1.9538958072662354 2.0126945972442627
4.581929683685303 8.046226021147277 2.2809207439422607 3.0308542251586914
3.9103264808654785 7.503449190133892 2.661040782928467 4.390110492706299
1.8438087701797485 4.023104453507177 2.877361536026001 5.3735857009887695
5.746503829956055 6.860224558268328 2.096007823944092 2.1671555042266846
4.818818092346191 7.7824002141342135 2.505842447280884 3.423402786254883
3.6518051624298096 7.221478160381821 2.975471258163452 5.127399444580078
2.4879305362701416 5.179461917409375 3.2389323711395264 6.352863311767578
6.914309501647949 8.470618040944636 2.310352087020874 2.3988523483276367
6.320037841796875 10.724759915421018 2.847029209136963 4.022042274475098
4.269697666168213 8.286848722983432 3.449303388595581 6.248245716094971
3.814852476119995 6.536277487947757 3.776106595993042 7.827180862426758
5.254674434661865 6.152624388860545 2.3761191368103027 2.4456381797790527
4.654653549194336 7.72326004196276 2.662601947784424 3.621750593185425
3.1495518684387207 6.096071517750829 3.0756311416625977 5.313426494598389
2.580308198928833 4.663829593701195 3.3297204971313477 6.535497665405273
6.261754035949707 7.489188674414919 2.5510802268981934 2.6398887634277344
5.014999866485596 9.515480698036868 2.96811580657959 4.178780555725098
3.84887957572937 6.922932397316629 3.5114083290100098 6.375237941741943
3.3689124584198 6.169375430839182 3.8326363563537598 7.946650505065918
7.819204330444336 9.552175238256382 2.826979160308838 2.945218801498413
6.053545951843262 10.208614547746265 3.4475183486938477 5.060349941253662
4.390364646911621 7.622215445157096 4.190258502960205 8.045981407165527
3.5768141746520996 6.672872921270709 4.6028218269348145 10.13739013671875
4.526993751525879 5.042888064468954 2.560014247894287 2.8701720237731934
4.7243852615356445 8.039184085425177 3.393760919570923 4.795823574066162
2.798387050628662 5.452847163456738 3.4303507804870605 6.146449089050293
2.83563494682312 4.648709647319208 3.702629566192627 7.520696640014648
5.460561752319336 6.285528899778448 2.8010432720184326 3.1655330657958984
4.6461100578308105 7.705760338531405 3.7931339740753174 5.589218616485596
3.5108776092529297 7.820344001900125 3.968514919281006 7.498816967010498
3.4151878356933594 5.241601424947476 4.326083183288574 9.309136390686035
6.149809837341309 7.066344960322763 3.1797609329223633 3.622999668121338
6.284582614898682 10.112772482492531 4.3753204345703125 6.80117654800415
5.125411510467529 9.892393358838147 4.825465679168701 9.666305541992188
4.013011455535889 6.548331462736485 5.299027442932129 12.131481170654297
3.6432740688323975 4.10339816580537 1.7183984518051147 1.76826012134552
3.4779152870178223 5.473028885560325 2.027714490890503 2.6280570030212402
3.1171274185180664 5.743301536412218 2.335169553756714 3.6108150482177734
2.2700562477111816 3.692157001675472 2.4996633529663086 4.2619853019714355
4.317506790161133 5.045945152163654 1.7970304489135742 1.8538132905960083
3.5713703632354736 5.973955650337757 2.147857427597046 2.8345813751220703
2.908601760864258 5.651555453605198 2.506882429122925 3.9830899238586426
3.37556791305542 6.096222729142028 2.7006583213806152 4.751800060272217
5.218621730804443 6.37773782114553 1.9070206880569458 1.9727065563201904
4.3429999351501465 7.667722863493509 2.3118600845336914 3.115117073059082
3.7719874382019043 6.9046179940214145 2.737980842590332 4.486547946929932
3.7395710945129395 6.613129180110992 2.9702706336975098 5.409114837646484
4.298480987548828 4.915457976976462 2.1312522888183594 2.184940814971924
4.393320560455322 7.3534105704166555 2.522585391998291 3.3290040493011475
2.557445526123047 4.736323590523398 2.886488199234009 4.631703853607178
2.826181411743164 5.311762344532326 3.0603463649749756 5.4687581062316895
5.239994049072266 6.199971764077816 2.2364189624786377 2.304417371749878
4.550726413726807 7.81839952361895 2.704258680343628 3.6625568866729736
3.7656712532043457 6.496640331875824 3.1567935943603516 5.255681037902832
3.7584409713745117 6.229926578011238 3.3798890113830566 6.292595386505127
6.380776882171631 7.670043212422684 2.393167018890381 2.4777414798736572
5.49285888671875 8.37097898985121 2.9627110958099365 4.131494998931885
4.495851993560791 7.4869551132093815 3.533466339111328 6.127634525299072
3.7771174907684326 7.569691131587717 3.8206849098205566 7.431188583374023
4.583854675292969 5.292795089158801 2.6458184719085693 2.7155542373657227
4.093626976013184 7.065627332659403 3.0811848640441895 4.153425693511963
2.8572723865509033 5.5076938717375015 3.452559232711792 5.722992420196533
2.3832786083221436 4.501639433765149 3.608736753463745 6.694950580596924
5.646435737609863 6.699420908632561 2.779513120651245 2.8672409057617188
4.629767417907715 6.241108321293851 3.3240575790405273 4.634977340698242
3.3637402057647705 6.10394853042304 3.819697380065918 6.621884346008301
1.9379842281341553 3.7487246563098324 4.044642448425293 7.873932838439941
7.064273834228516 8.344671771974788 2.9913330078125 3.1047770977020264
5.497718334197998 8.508734571441892 3.687607526779175 5.334399700164795
4.13494873046875 5.671415829044081 4.350947380065918 7.912752628326416
3.2155187129974365 5.973951564723176 4.664083480834961 9.542635917663574
4.871479034423828 5.598656116528838 2.7329304218292236 2.9076626300811768
4.280272006988525 6.45575431480961 3.5873963832855225 4.980565071105957
3.1390509605407715 5.561925381378728 3.9318490028381348 6.682633876800537
2.916877031326294 5.130071723568989 4.056312084197998 7.723137855529785
5.925467491149902 6.856462905289387 2.9346022605895996 3.1484174728393555
4.824785232543945 8.25569190046815 3.8803913593292236 5.5865159034729
2.6639716625213623 4.242064291514794 4.376367568969727 7.824432373046875
2.519014835357666 4.354765642235627 4.583984851837158 9.197471618652344
7.211654186248779 8.375223744201548 3.5065698623657227 3.289597988128662
5.855737209320068 9.149394656318519 4.340845584869385 6.520431995391846
4.418727874755859 6.017072705358089 5.038911819458008 9.484295845031738
3.983750343322754 5.96758006628238 5.352034091949463 11.321660041809082
3.5677244663238525 4.028787167643189 1.6888586282730103 1.738086462020874
3.478830575942993 5.872782413101049 1.9935473203659058 2.5797677040100098
3.1318318843841553 5.504350188981334 2.296250820159912 3.5379865169525146
1.8938453197479248 3.57025697405237 2.4598050117492676 4.174407958984375
4.135494232177734 4.871252193926919 1.7649638652801514 1.8208973407745361
4.355095386505127 7.084501455607193 2.109351873397827 2.7772252559661865
3.458693027496338 6.296149195285068 2.461249828338623 3.8926949501037598
2.536670207977295 4.901482908883911 2.6533544063568115 4.642251491546631
5.086969375610352 6.250559202904102 1.8706969022750854 1.935255765914917
4.20341682434082 6.732774999246885 2.267357587814331 3.044996738433838
4.696650981903076 8.083580497348748 2.6836564540863037 4.372628211975098
3.6309914588928223 7.450243949058915 2.912951946258545 5.270811080932617
4.127926349639893 4.742775405791349 2.083209991455078 2.1353347301483154
4.142694473266602 7.36233936529046 2.4665331840515137 3.2462198734283447
2.382772445678711 5.136460259617479 2.8238346576690674 4.5094122886657715
3.4152286052703857 6.260438587313418 2.997493028640747 5.324431896209717
5.039042949676514 5.99607572502687 2.183840751647949 2.2497193813323975
4.919423580169678 8.06435763849413 2.640305995941162 3.562544345855713
3.923640012741089 7.0888023886159885 3.0827741622924805 5.101422309875488
2.1894948482513428 3.299502900708366 3.304422616958618 6.109798431396484
6.279979705810547 7.567681062222874 2.3311660289764404 2.4128952026367188
5.554714202880859 9.241690515104892 2.8868765830993652 4.006075859069824
3.622502326965332 6.763012829268234 3.4435970783233643 5.928720951080322
3.8237946033477783 6.37372950837734 3.7279205322265625 7.194919109344482
4.394265174865723 5.1054255728214315 2.588550329208374 2.6505069732666016
3.3786394596099854 5.971177096809406 3.0051932334899902 4.03351354598999
3.254606008529663 5.7701066560139225 3.366877317428589 5.548847198486328
2.070798397064209 3.3723287163199416 3.5241100788116455 6.494378089904785
5.482838153839111 6.542345393278055 2.714385747909546 2.792961597442627
3.9341609477996826 6.393424293342974 3.2357635498046875 4.487485408782959
3.829594612121582 7.092697252347534 3.717369794845581 6.400482177734375
2.1628258228302 2.9673885860778775 3.9420347213745117 7.617488861083984
6.937796592712402 8.236029823289755 2.9085733890533447 3.0115184783935547
5.999855995178223 9.584618209955124 3.578878164291382 5.144144058227539
3.950140953063965 6.760214871328462 4.224529266357422 7.621146202087402
3.2850899696350098 5.410503667912053 4.535971164703369 9.204083442687988
4.731830596923828 5.477418349516483 2.6506617069244385 2.8149123191833496
4.3520588874816895 7.341607328593682 3.503357172012329 4.844646453857422
2.985800266265869 5.625813968832404 3.8287858963012695 6.466632843017578
2.6245763301849365 4.743245609121544 3.9546687602996826 7.477847576141357
5.77001428604126 6.734413370713909 2.83746337890625 3.037748336791992
4.416515827178955 7.711354205765474 3.779069423675537 5.407961368560791
3.5776870250701904 5.076835414621996 4.251823902130127 7.546845436096191
3.6351304054260254 6.4680377116008 4.460099697113037 8.882467269897461
7.128692150115967 8.278409213490932 3.1201281547546387 3.5368690490722656
5.233982563018799 7.706508614676953 4.209731578826904 6.2837347984313965
5.32623815536499 7.327103351036158 4.882240295410156 9.116092681884766
4.017663955688477 7.2342193640981804 5.195401668548584 10.899809837341309
3.6700029373168945 4.2367351975814245 1.73360276222229 1.7854173183441162
3.901832103729248 6.6935600406331695 2.054196357727051 2.67521071434021
2.774587869644165 4.650849768489934 2.3676724433898926 3.690605401992798
2.785627603530884 4.564089680772668 2.5370962619781494 4.37456750869751
4.30694055557251 5.231265274652486 1.8156068325042725 1.8749099969863892
3.5035362243652344 6.432971402394701 2.180229425430298 2.893071174621582
3.2542216777801514 6.392312809609564 2.5469090938568115 4.085234642028809
2.044879674911499 4.440193833318016 2.7479653358459473 4.9003448486328125
5.070920944213867 6.304364265111305 1.93085515499115 2.000138998031616
4.5915751457214355 8.015286862821426 2.3547372817993164 3.1936774253845215
3.9541170597076416 6.102726389381274 2.7906410694122314 4.624305725097656
3.8353753089904785 6.222464625368147 3.031574010848999 5.609609127044678
4.321077346801758 5.083815779116321 2.161721706390381 2.2190818786621094
4.177002906799316 7.001820012078184 2.5804903507232666 3.433889627456665
3.199526309967041 5.761383657513625 2.960853099822998 4.814504623413086
2.3182766437530518 4.017022519962808 3.1449100971221924 5.715518951416016
5.078732967376709 6.1698962819039025 2.272209882736206 2.34536075592041
4.250068664550781 7.49712921961401 2.7763779163360596 3.797909736633301
3.358872890472412 6.003536647287774 3.252020835876465 5.500265121459961
2.8318865299224854 5.333848757035382 3.4896481037139893 6.632778644561768
6.077218532562256 7.521685584729511 2.434519052505493 2.527045965194702
5.204771518707275 8.776076273788249 3.0580520629882812 4.318549633026123
3.939521551132202 6.209967580645653 3.6610238552093506 6.470339298248291
3.40753173828125 5.688019333279257 3.9666759967803955 7.907135009765625
4.5658369064331055 5.417944608685417 2.6823856830596924 2.7627665996551514
3.6503584384918213 6.238686627892491 3.18284273147583 4.346254825592041
2.5084681510925293 4.2769886612361745 3.5835342407226562 6.051553726196289
2.051328420639038 4.249100488712088 3.754751205444336 7.121725082397461
5.527713775634766 6.683555449125919 2.8253350257873535 2.9261417388916016
4.693638324737549 8.26018999981897 3.4544918537139893 4.891043663024902
3.0657687187194824 5.342232992602057 3.9917314052581787 7.072748184204102
2.2594215869903564 4.731762728988542 4.238022327423096 8.475247383117676
6.931131839752197 8.41683751709894 3.0426931381225586 3.174421548843384
5.297660827636719 6.7171390175596075 3.8608474731445312 5.692158222198486
3.5433597564697266 6.548727531915233 4.583913326263428 8.555201530456543
3.3780934810638428 5.576919333339049 4.924018859863281 10.396349906921387
4.733400821685791 5.583759161353896 2.834237813949585 3.0465753078460693
4.233384132385254 6.901516301395582 3.7357358932495117 5.2695488929748535
2.4174842834472656 3.851351373671662 4.117763996124268 7.159421443939209
2.1521382331848145 3.498132253879561 4.260528564453125 8.325712203979492
5.58954381942749 6.67499974817116 3.0440659523010254 3.299905300140381
4.253489017486572 7.212164762830071 4.07157564163208 5.985100746154785
3.5783205032348633 5.561314026914811 4.6245622634887695 8.484966278076172
2.325684070587158 4.328359514825664 4.8579912185668945 10.055167198181152
6.722203731536865 8.116620155058001 3.5761308670043945 3.9065141677856445
5.867331504821777 8.525721597798793 4.596354007720947 7.07569694519043
4.303731918334961 7.6464217528952645 5.377148628234863 10.436638832092285
4.5244903564453125 5.610437855443976 5.722225189208984 12.544482231140137
3.753507137298584 4.385011893017026 1.7999194860458374 1.8547707796096802
3.9912872314453125 7.011891043286749 2.137929677963257 2.799250364303589
3.078707695007324 5.227479405034671 2.4630892276763916 3.8805487155914307
2.394258975982666 4.4321090576207585 2.6374101638793945 4.613249778747559
4.444740295410156 5.444971481657351 1.8918335437774658 1.955263614654541
4.4193291664123535 6.999180884401824 2.280609369277954 3.0486059188842773
3.4061131477355957 6.120985889959115 2.6645736694335938 4.331596374511719
2.8789122104644775 4.199629093188264 2.872953176498413 5.2118449211120605
5.180013656616211 6.508305458693485 2.024291753768921 2.0993845462799072
4.496305465698242 6.920998280063893 2.482283592224121 3.4005162715911865
3.5610995292663574 7.250256352676388 2.9431262016296387 4.958394527435303
2.9116032123565674 6.00287586934229 3.1938748359680176 6.03048038482666
4.386608600616455 5.228404759236427 2.2619121074676514 2.326019763946533
4.035351753234863 6.80799532888966 2.7175562381744385 3.6485207080841064
2.8814873695373535 5.203208982495539 3.1180484294891357 5.145633697509766
2.1600046157836914 3.972154746929812 3.3093032836914062 6.126689434051514
5.1723527908325195 6.333728693638363 2.389052629470825 2.471392869949341
4.2479352951049805 7.790352308201328 2.9456536769866943 4.076990127563477
3.566664934158325 5.508092191911816 3.451478958129883 5.945450305938721
2.9836058616638184 5.16395910903195 3.700533151626587 7.187974452972412
6.245278358459473 7.852191415049024 2.582810401916504 2.6887242794036865
4.932329177856445 8.31777425448081 3.2831058502197266 4.709688186645508
4.2358856201171875 6.691626603706617 3.930671453475952 7.102253437042236
3.3247547149658203 5.732416718640707 4.250894069671631 8.686110496520996
4.653218746185303 5.5589975680975385 2.77850604057312 2.882327079772949
4.548593521118164 7.914525914036176 3.3680427074432373 4.656843185424805
3.08071231842041 5.529246611929196 3.8041341304779053 6.535017967224121
2.0996572971343994 3.0222657718439336 3.9839484691619873 7.7152791023254395
5.675441741943359 6.899101922981991 2.948961019515991 3.0769031047821045
4.8678297996521 6.475836460599396 3.693838357925415 5.3090596199035645
3.4344584941864014 6.517289824552137 4.279273509979248 7.739240646362305
2.5953450202941895 4.135892261565573 4.538400173187256 9.295989036560059
6.985040664672852 8.605674537467287 3.2195398807525635 3.38582181930542
5.088736057281494 8.500877051046672 4.196882247924805 6.306560039520264
4.227671146392822 6.6764696016008696 4.9849467277526855 9.534218788146973
3.503344774246216 5.3705207031040025 5.339357852935791 11.577099800109863
4.407289981842041 5.256542057514977 3.0007483959198 3.257944345474243
4.0683674812316895 6.719334226704063 3.9409985542297363 5.641761302947998
2.747051954269409 5.203168059775635 4.3895087242126465 7.772424697875977
1.5801650285720825 2.3220308432825636 4.543080806732178 9.071213722229004
5.727087497711182 6.510467522334466 3.2469961643218994 3.5569705963134766
4.671591281890869 8.118503484941613 4.35288667678833 6.514578342437744
3.6770942211151123 5.55331999021854 4.986576557159424 9.340873718261719
3.145709991455078 5.29807187929773 5.234002590179443 11.101764678955078
6.894618988037109 8.377149326745524 3.6981723308563232 4.027403354644775
4.418360710144043 7.655620620106561 5.017090320587158 7.884603023529053
4.3566179275512695 5.689729756029941 5.893932342529297 11.716526985168457
3.9090957641601562 6.663608269750512 6.250158309936523 14.073334693908691
4.688298225402832 5.350304671661831 1.7356921434402466 1.8013521432876587
4.604362964630127 7.186741939307012 2.03853440284729 2.6647963523864746
3.7685129642486572 6.127565445739123 2.314554452896118 3.603325128555298
2.9960901737213135 4.771647146113878 2.4629132747650146 4.232313632965088
5.222046852111816 6.1092928787765475 1.8424501419067383 1.9178764820098877
3.7217485904693604 6.195643770726246 2.1889901161193848 2.926002264022827
2.499105930328369 5.092466784582939 2.505650043487549 4.038870334625244
3.2264821529388428 5.854697064977017 2.6731107234954834 4.786214828491211
5.933902263641357 7.16202622909924 2.013043165206909 2.1015512943267822
5.619229793548584 9.035784202146965 2.4179348945617676 3.306793451309204
3.7391016483306885 4.780017021684635 2.78299880027771 4.648369789123535
3.8271682262420654 5.700967296944896 2.9703078269958496 5.543396472930908
5.798446178436279 6.587665901659875 2.1873955726623535 2.28043270111084
5.381274223327637 8.130439597754616 2.557500123977661 3.4299559593200684
3.469876289367676 4.9137074741177 2.8578968048095703 4.639227867126465
3.218496322631836 5.407327243582088 2.999131679534912 5.421628952026367
6.294472694396973 7.282861326514947 2.345414638519287 2.458012819290161
5.482639789581299 7.44614086935195 2.8001482486724854 3.873899459838867
4.378334999084473 7.127126460265686 3.1673781871795654 5.383089542388916
3.479525566101074 5.965666044666449 3.336064100265503 6.35616397857666
7.081137657165527 8.480330365962459 2.6279988288879395 2.770258665084839
6.173675060272217 8.643449882604955 3.1968941688537598 4.569457530975342
5.431741237640381 7.800739551676315 3.6376707553863525 6.48012113571167
3.781296968460083 5.378252551427977 3.829820394515991 7.6897807121276855
6.055629253387451 6.899483771864766 2.7912063598632812 2.8981308937072754
4.647054195404053 6.480159132025719 3.1590800285339355 4.344514846801758
3.4687788486480713 6.1054891668426094 3.4175498485565186 5.7403717041015625
2.9305310249328613 4.7370804974890035 3.519709825515747 6.613256454467773
6.945661544799805 8.006331833637386 2.9916207790374756 3.1434645652770996
5.800215244293213 7.227616122628035 3.4892072677612305 4.996664524078369
4.411643981933594 6.984921752832577 3.8437089920043945 6.81389856338501
2.36792254447937 4.639408241451406 3.9795424938201904 7.940128326416016
7.977777004241943 9.309866154594829 3.3910019397735596 3.608792543411255
4.944188117980957 8.324828245735688 4.069082260131836 6.067211151123047
4.330838680267334 6.434569051438331 4.515385627746582 8.45219898223877
3.728501558303833 6.0397454800440755 4.672091007232666 9.884759902954102
6.096039295196533 6.809849663280374 3.054409980773926 3.285296678543091
5.2016987800598145 7.138061999796381 3.7547221183776855 5.276988983154297
4.040740489959717 6.405878616970455 3.901386022567749 6.714661598205566
2.7349190711975098 4.342909090446028 3.943809747695923 7.60252571105957
6.804236888885498 7.767332982777944 3.396789789199829 3.7990496158599854
4.825543403625488 7.436881616206364 4.146163463592529 6.132263660430908
3.546858549118042 5.39056745503424 4.418098449707031 8.06882381439209
3.4977428913116455 4.333241186839558 4.500654697418213 9.253409385681152
7.802159786224365 9.121331892657444 3.630427360534668 4.442354679107666
6.664958477020264 9.536327981901763 4.873042583465576 7.566944599151611
4.364849090576172 8.124867898307198 5.25543212890625 10.173396110534668
3.6553752422332764 5.721547584526718 5.353855133056641 11.709897994995117
4.780312538146973 5.437282796892532 1.7301630973815918 1.7950284481048584
4.1457343101501465 6.593115088798413 2.0331649780273438 2.6566340923309326
3.4374217987060547 5.935178390901868 2.3139891624450684 3.601959228515625
3.119137763977051 4.890036671879102 2.467641830444336 4.241591930389404
5.297549247741699 6.18441954331081 1.836650013923645 1.9110435247421265
4.684727668762207 6.846650426060478 2.1827762126922607 2.9153192043304443
3.463820695877075 5.197233052615918 2.505794048309326 4.037657737731934
2.3866612911224365 4.451430027359493 2.6802432537078857 4.799962520599365
6.026691913604736 7.269175835855922 2.0065689086914062 2.0937979221343994
5.895298957824707 9.26185030081831 2.4109439849853516 3.2933707237243652
3.605862617492676 5.300271965935508 2.784968852996826 4.649064540863037
3.9861900806427 5.037480843119644 2.981680154800415 5.565566062927246
5.866172790527344 6.655880511553477 2.1802279949188232 2.272067070007324
4.873194217681885 7.448650391974185 2.5483694076538086 3.413788318634033
3.5310873985290527 5.68024859221714 2.8563637733459473 4.635461330413818
3.2294998168945312 5.609582011782436 3.00636887550354 5.436269283294678
6.382569313049316 7.38487840260774 2.337944269180298 2.4490530490875244
4.749415874481201 7.557541953912192 2.7894883155822754 3.853276014328003
4.022116661071777 7.200422422764291 3.1674752235412598 5.380311489105225
3.872833251953125 6.8147418527260015 3.348458766937256 6.380880355834961
7.231074333190918 8.69449619404756 2.6211860179901123 2.7614684104919434
5.885433673858643 8.913875638231728 3.186711311340332 4.546169281005859
4.582187175750732 7.655017419492879 3.6432275772094727 6.485424995422363
4.159966468811035 5.493382485284261 3.852227210998535 7.736795902252197
6.15982723236084 7.016015676207839 2.7991247177124023 2.904235363006592
5.704222202301025 8.524460241326715 3.1567914485931396 4.333648681640625
3.3118896484375 5.540732915744684 3.4207022190093994 5.74518346786499
2.748014450073242 4.71688302506989 3.533510208129883 6.641627311706543
7.135997295379639 8.223295453660832 2.9986963272094727 3.1488707065582275
4.93498420715332 8.103966754071255 3.4857981204986572 4.982174873352051
3.88904070854187 6.189738150694097 3.8508660793304443 6.824482440948486
3.83139705657959 5.988017999657131 4.00240421295166 7.988674640655518
8.258318901062012 9.662526680094743 3.4025251865386963 3.6185407638549805
6.561530590057373 9.869568436936788 4.0719218254089355 6.06002140045166
3.4406065940856934 5.168015476432004 4.535403251647949 8.487924575805664
4.372840404510498 7.176677991510886 4.713527202606201 9.979636192321777
6.258896827697754 6.97301696614241 3.0358643531799316 3.256742477416992
4.87190055847168 7.393118160489848 3.7778162956237793 5.300948619842529
3.1102328300476074 4.257726263801487 3.9154412746429443 6.740858554840088
2.8918564319610596 5.213424151903382 3.96653413772583 7.651461124420166
7.118776798248291 8.108217728733075 3.353287696838379 3.6719233989715576
5.541659355163574 8.153563754253291 4.169027805328369 6.154479503631592
3.785626173019409 5.492003157516137 4.439113616943359 8.108869552612305
3.428363561630249 5.5184762823423625 4.5364532470703125 9.333502769470215
8.180990219116211 9.514079947801292 3.6234285831451416 3.0086958408355713
5.959394454956055 8.64161800112175 4.909824371337891 7.617105484008789
4.325060844421387 7.922375352723356 5.2986159324646 10.261653900146484
4.235412120819092 5.881386419356431 5.417498588562012 11.863991737365723
4.574080467224121 5.36172756198566 1.643391489982605 1.7048845291137695
4.5613298416137695 7.4964305279863765 1.95840585231781 2.581604242324829
3.068941831588745 5.072255598087317 2.268214702606201 3.578727960586548
2.654622793197632 4.850708662492281 2.4459433555603027 4.268773555755615
5.172389030456543 6.222901361674963 1.7375030517578125 1.8076503276824951
4.325577735900879 7.196367574288809 2.0975053310394287 2.827002763748169
3.542755603790283 6.54079318321736 2.455787420272827 4.013156890869141
3.126767873764038 5.573689328642445 2.660893201828003 4.844052314758301
5.988822937011719 7.655735650133693 1.8763372898101807 1.957211971282959
5.485820293426514 9.307688536362093 2.3011322021484375 3.1765871047973633
3.7462716102600098 5.933112707274418 2.7257614135742188 4.621830463409424
3.4604036808013916 5.460009206088976 2.965520143508911 5.638839244842529
5.6878743171691895 6.637637948373481 2.0185189247131348 2.103886127471924
4.874739170074463 7.472850570536593 2.406064748764038 3.252307891845703
2.2007553577423096 3.534891008425129 2.7734508514404297 4.573971271514893
2.828901767730713 4.849530523564681 2.972805976867676 5.476390838623047
6.347008228302002 7.5934298587684985 2.1547462940216064 2.256688117980957
5.409373760223389 8.81365456834742 2.629206895828247 3.663804531097412
3.102994680404663 6.1818872286815605 3.083458423614502 5.323325157165527
3.684643030166626 5.926503897525421 3.3278417587280273 6.467287063598633
7.320196628570557 9.255068982313821 2.371875286102295 2.4949676990509033
6.304331302642822 10.851957532582858 2.9739320278167725 4.284369468688965
4.0129618644714355 6.126043998185992 3.548140048980713 6.427394866943359
2.417079210281372 3.9932928991715926 3.8498706817626953 7.89976692199707
6.01826810836792 7.079182851352286 2.619891881942749 2.7096292972564697
4.960148811340332 7.906048732757085 2.987293243408203 4.124275207519531
3.658888339996338 5.702728567996331 3.329869270324707 5.69133186340332
2.9050991535186768 5.364902441713184 3.5121424198150635 6.7423200607299805
7.149726867675781 8.536439852754004 2.777702569961548 2.911501169204712
4.904869079589844 6.252854078110545 3.2980411052703857 4.7427873611450195
4.269147872924805 7.38761590264059 3.775714874267578 6.811631679534912
3.233920097351074 5.980473828414262 4.018468379974365 8.200218200683594
8.454233169555664 10.468942339263037 3.067213773727417 3.2487032413482666
5.756100177764893 8.68744168095834 3.809614658355713 5.713564395904541
4.762166500091553 8.271623968626258 4.4646430015563965 8.514403343200684
4.523894309997559 6.3296536033785245 4.781197547912598 10.36312484741211
5.7159810066223145 6.532115162930296 2.7155601978302 2.9858336448669434
4.449309349060059 7.3263916948044425 3.8356223106384277 5.416896343231201
3.069849729537964 5.5901865817577345 3.872648239135742 6.798587799072266
2.502781629562378 4.807669089033773 3.983185052871704 7.864499092102051
6.647256851196289 7.55237976911312 2.948935031890869 3.2744288444519043
5.154128551483154 7.570627019046066 4.22074556350708 6.285215377807617
3.9151651859283447 5.804868093774729 4.441204071044922 8.282255172729492
3.0137109756469727 4.995454453277503 4.624363422393799 9.74899959564209
7.501775741577148 8.632141165924622 3.3536782264709473 3.760725975036621
6.00016450881958 9.45860638229135 4.888225078582764 7.6782331466674805
4.290846347808838 7.536306725693976 5.341156959533691 10.573902130126953
3.3441171646118164 5.99988938000206 5.602237701416016 12.578717231750488
4.493978977203369 5.335247156176479 1.6070897579193115 1.667165756225586
4.435472011566162 7.367268104938074 1.931337833404541 2.5651371479034424
3.4553236961364746 5.495779433198564 2.2509047985076904 3.5888805389404297
1.8463817834854126 3.754147374111657 2.4331328868865967 4.293980598449707
5.023082733154297 6.138885235437519 1.7003300189971924 1.7690964937210083
4.083300590515137 7.369925011448223 2.0707082748413086 2.814471960067749
3.820528507232666 6.440245441186335 2.4391252994537354 4.0338134765625
2.4720706939697266 4.9509007022773375 2.6492133140563965 4.884242057800293
5.605291843414307 7.39479008003309 1.8361726999282837 1.916159987449646
5.259353160858154 8.967331288248232 2.275146245956421 3.1712961196899414
4.321638584136963 7.050968007263635 2.7121779918670654 4.662184715270996
3.0973873138427734 6.105608772246754 2.9587032794952393 5.708152770996094
5.541306972503662 6.52376097302885 1.9187874794006348 1.9989519119262695
5.033034324645996 8.337704049206081 2.328307628631592 3.1819241046905518
3.652048110961914 6.223038855372117 2.726663589477539 4.564084053039551
2.995575428009033 4.821870765027185 2.9424684047698975 5.502384662628174
6.122907638549805 7.445386339619322 2.053812265396118 2.149911642074585
4.901096343994141 8.42900509483718 2.5496041774749756 3.594331979751587
4.161403179168701 6.585379137403011 3.036269187927246 5.3263258934021
3.427838087081909 6.01690288312728 3.2996914386749268 6.517566680908203
6.957678318023682 9.053405103485602 2.2594003677368164 2.3765995502471924
5.975631237030029 10.032501352353336 2.8893609046936035 4.21724271774292
4.108061790466309 7.799415649797538 3.504772424697876 6.459387302398682
3.85640287399292 7.680030822360191 3.8313381671905518 8.002483367919922
5.999105453491211 7.114876800318768 2.404311418533325 2.490992784500122
5.64666223526001 9.378117572311567 2.826042652130127 3.9513819217681885
2.675360679626465 4.210888979651287 3.241434097290039 5.6388325691223145
3.326782464981079 5.572588658336599 3.4600963592529297 6.759793281555176
6.982954025268555 8.501467230679538 2.561591386795044 2.687107563018799
6.0353288650512695 9.567858023424495 3.131411075592041 4.559071063995361
3.8946781158447266 5.377608036684251 3.6843454837799072 6.770091533660889
3.3555715084075928 5.720504711327644 3.9698290824890137 8.25230598449707
8.170860290527344 10.382106715617027 2.823612689971924 2.9918384552001953
6.405521392822266 10.413927651363565 3.624445676803589 5.509305953979492
4.562281608581543 6.600373859122072 4.3773016929626465 8.505921363830566
3.796926975250244 5.354896694908007 4.7494282722473145 10.493836402893066
4.803438186645508 5.4044892149538555 2.585878849029541 2.9141228199005127
4.956052303314209 7.951731231093305 3.667447328567505 5.199975967407227
3.6297686100006104 5.65195581537489 3.7455577850341797 6.697760581970215
2.2055373191833496 3.519821446075639 3.9123597145080566 7.871743679046631
6.215768337249756 6.469675375743009 2.813673257827759 3.197263717651367
5.041173934936523 7.987856366759388 4.050365447998047 6.0713958740234375
3.580897569656372 7.370601618536895 4.311313152313232 8.194883346557617
2.876145362854004 5.51062841491607 4.559600353240967 9.803606986999512
6.195321559906006 7.184143891823169 3.17822527885437 3.6451797485351562
6.173079490661621 9.221576672583865 4.690116882324219 7.440451622009277
4.7276177406311035 8.539940379895313 5.217844009399414 10.527474403381348
3.526761531829834 5.497420617276617 5.564303874969482 12.741931915283203
4.55617618560791 5.158570657379499 1.6284366846084595 1.6818760633468628
4.753077983856201 6.797700051309448 1.893397569656372 2.4537272453308105
3.10255765914917 5.552524070506658 2.127639055252075 3.3125979900360107
3.1495041847229004 5.766940498988628 2.2538352012634277 3.8976547718048096
5.137740612030029 5.988505592916843 1.7266343832015991 1.7857205867767334
5.13892936706543 7.242331146792367 2.0300509929656982 2.672938108444214
3.671813726425171 6.1391527293753825 2.2977845668792725 3.6747069358825684
3.3022894859313965 5.8212374765166714 2.4381957054138184 4.356307029724121
5.6564106941223145 6.610878142699246 1.8820089101791382 1.9502332210540771
5.544383525848389 7.54928303425692 2.237887144088745 3.0056755542755127
3.4169955253601074 5.991682615183123 2.5463080406188965 4.205597400665283
3.937699794769287 5.997416981220141 2.701765775680542 5.013528823852539
5.42556619644165 6.184600466797804 2.008965492248535 2.080467700958252
5.276585578918457 7.919835584321845 2.314911365509033 3.0643234252929688
3.015270233154297 5.093089077266086 2.5479655265808105 4.128111362457275
3.2074029445648193 6.042025149776805 2.659677743911743 4.838303089141846
6.104191780090332 6.981525725157553 2.1517059803009033 2.235151529312134
5.096166610717773 6.914007514856877 2.5317442417144775 3.4337143898010254
4.312834739685059 6.589376666601144 2.8219547271728516 4.745596885681152
3.43308162689209 5.688969735521937 2.9532880783081055 5.608391284942627
6.831676959991455 7.896322616995519 2.4000136852264404 2.5020370483398438
6.136434555053711 9.31202108029808 2.882935047149658 4.023257255554199
5.12839937210083 8.557034014398845 3.240548610687256 5.6860222816467285
3.448927402496338 6.8913214040782975 3.3901963233947754 6.755041122436523
5.703248977661133 6.527603519672994 2.6000139713287354 2.6796305179595947
5.36148738861084 8.208429296246365 2.833096742630005 3.8164072036743164
3.1128549575805664 4.9078537383339835 2.9849178791046143 4.999470233917236
3.3347442150115967 6.388600056710175 3.0506129264831543 5.779125690460205
6.556629657745361 7.469348077994368 2.777966260910034 2.8846209049224854
5.32005500793457 8.289746170753574 3.130535840988159 4.361323833465576
3.384465456008911 6.315926502333692 3.365123748779297 5.900965213775635
2.8551130294799805 5.6194381007211405 3.4542341232299805 6.882009983062744
7.567966938018799 8.752694881625985 3.116609573364258 3.263049602508545
5.761860370635986 9.231570508983864 3.632437229156494 5.250621795654297
3.9548606872558594 5.592118142235414 3.962643623352051 7.295848846435547
3.109773635864258 5.636693716973696 4.070476531982422 8.554807662963867
5.79504919052124 6.377081582920255 2.6668710708618164 2.9182493686676025
5.341561794281006 8.109278068180917 3.4141955375671387 4.675061225891113
3.050163745880127 5.337475938826628 3.373426914215088 5.786871910095215
2.810490131378174 5.07694007390559 3.371242046356201 6.569941520690918
6.719791889190674 7.517596501495919 2.902515411376953 3.2087783813476562
5.517422676086426 8.520288439893267 3.7786338329315186 5.381934642791748
3.4301490783691406 5.725477647057851 3.843317747116089 6.942381381988525
3.08535099029541 4.845597559234648 3.8658132553100586 7.959493637084961
7.6978325843811035 8.654362227496307 3.344731330871582 3.736377716064453
6.531024932861328 9.693789363104656 4.406252861022949 6.547216892242432
5.258862495422363 8.133085548259992 4.590572834014893 8.728854179382324
3.7021100521087646 5.566488131316817 4.631443977355957 10.077568054199219
4.5804524421691895 5.15833549009119 1.6270956993103027 1.680646538734436
4.711461067199707 7.296387176827011 1.893822193145752 2.4560821056365967
3.5909862518310547 6.39071092864117 2.1289596557617188 3.320990562438965
2.7887208461761475 5.290001348040988 2.2557380199432373 3.9123282432556152
5.146346092224121 5.966357606424836 1.727392554283142 1.7866981029510498
4.655073642730713 7.132631925913927 2.0327420234680176 2.678766965866089
3.948256492614746 6.052463952428623 2.3015689849853516 3.688486099243164
3.2919869422912598 5.925305586139512 2.4428021907806396 4.378789901733398
5.615464210510254 6.566363647817269 1.8860572576522827 1.9547030925750732
4.762012004852295 7.911986364235943 2.244368314743042 3.0169970989227295
4.606265544891357 6.357007275437411 2.5544447898864746 4.229154109954834
3.1450388431549072 5.336301708393798 2.7112133502960205 5.0496721267700195
5.41959810256958 6.152399085223578 2.0037436485290527 2.075263500213623
5.285676002502441 8.089706915756778 2.3115155696868896 3.0618393421173096
2.99161434173584 5.3905159330631705 2.546746015548706 4.134495735168457
2.981477737426758 5.27281405056965 2.6604204177856445 4.85476541519165
6.081158638000488 6.939508854275118 2.149933099746704 2.23347544670105
5.2577409744262695 7.407044650795115 2.5319700241088867 3.436427593231201
3.976022958755493 5.469691193765861 2.8251800537109375 4.761440277099609
2.651371717453003 5.00125493909718 2.959111452102661 5.638908863067627
6.810466289520264 7.880663142971564 2.4026167392730713 2.505004644393921
5.664155006408691 8.904489255696205 2.8888096809387207 4.034852981567383
4.837158679962158 8.66605440913014 3.2518560886383057 5.7216596603393555
3.2500200271606445 5.3412776014295105 3.405789613723755 6.812650680541992
5.710505485534668 6.519815449041868 2.594149589538574 2.6731793880462646
5.121220588684082 8.045409729949824 2.82430100440979 3.806612253189087
3.3328099250793457 5.846408206657031 2.9803624153137207 5.0022125244140625
3.857945680618286 6.600669704072288 3.0496771335601807 5.796016216278076
6.544650077819824 7.457920779865901 2.7758591175079346 2.8816661834716797
4.686814308166504 7.304378033756343 3.126555919647217 4.358365535736084
4.40262508392334 7.931816834475853 3.3670711517333984 5.918381690979004
2.824387788772583 5.778996501793188 3.4612019062042236 6.920485019683838
7.576774597167969 8.77527223386187 3.1176109313964844 3.263148784637451
6.393429279327393 10.02856859528804 3.635230541229248 5.259856700897217
3.9188826084136963 6.870413319195336 3.9766042232513428 7.345152378082275
2.808520555496216 3.9704936813304244 4.092746257781982 8.636332511901855
5.83027458190918 6.402721254846995 2.665288209915161 2.9132330417633057
4.918276309967041 7.708122977666946 3.4032938480377197 4.659897327423096
4.568032264709473 7.669635299118596 3.3654322624206543 5.786083221435547
2.903019666671753 5.738809890366269 3.368617534637451 6.586730480194092
6.745621204376221 7.55071463307857 2.9054548740386963 3.2069969177246094
5.516306400299072 8.484154207623078 3.773820161819458 5.376058101654053
4.671013832092285 7.090491041243865 3.843888282775879 6.962177753448486
4.261862277984619 7.443844471936018 3.8734982013702393 8.005619049072266
7.718426704406738 8.742985592647017 3.354290723800659 3.742310047149658
5.826004505157471 8.707632686188333 4.409609317779541 6.559126853942871
5.0273895263671875 8.075797165322095 4.606715202331543 8.793343544006348
4.557747840881348 7.697950876012952 4.65933895111084 10.18254566192627
4.58172082901001 5.238367889007075 1.6236732006072998 1.678528904914856
3.6126060485839844 5.991674109823748 1.9167041778564453 2.51762318611145
4.042519569396973 6.572564367021889 2.193232297897339 3.4700255393981934
2.683985948562622 4.969777532864327 2.3503224849700928 4.134220600128174
5.15983772277832 6.077577191119417 1.7358651161193848 1.797669768333435
4.8791656494140625 8.064110291697148 2.0731120109558105 2.7694015502929688
4.018640995025635 7.36405466825585 2.391463041305542 3.895836591720581
2.975428342819214 6.329463181359586 2.5684397220611572 4.681975364685059
5.712728977203369 6.911216875864113 1.9114481210708618 1.9840388298034668
5.583603858947754 9.547545846971971 2.313711643218994 3.1568543910980225
4.107080936431885 5.912071030333891 2.6899263858795166 4.538381099700928
3.043596029281616 4.562721344750116 2.8914918899536133 5.49238395690918
5.495198726654053 6.326503431625433 1.9034602642059326 1.9710705280303955
5.419611930847168 8.138680063844106 2.247725486755371 3.03159499168396
3.863088607788086 6.119731850923472 2.578723430633545 4.257416248321533
2.522353172302246 4.7159984979389264 2.765228748321533 5.116995334625244
6.193743705749512 7.217108551627575 2.0699613094329834 2.1501452922821045
4.515043258666992 7.810325195690211 2.494776964187622 3.4456963539123535
4.1148858070373535 6.073048600201872 2.898066282272339 4.971284866333008
3.8753535747528076 7.448858580034397 3.1156930923461914 6.032072067260742
6.954674243927002 8.379159762525433 2.347151279449463 2.448004722595215
6.2033305168151855 9.643215466769938 2.901087760925293 4.128518104553223
4.731549263000488 8.585370185868982 3.410116195678711 6.123859405517578
3.8283276557922363 7.673923294991482 3.666069746017456 7.474049091339111
5.978598117828369 6.918906232452741 2.288140296936035 2.3571858406066895
4.942421913146973 8.061067095281885 2.5864200592041016 3.558802604675293
3.5177252292633057 6.699943106301362 2.9337050914764404 5.00811243057251
3.524930238723755 6.269372275889911 3.1394801139831543 6.033496856689453
6.8685197830200195 8.021134508751103 2.497716188430786 2.589343786239624
5.557502746582031 8.81672815644015 2.926095485687256 4.152139186859131
4.622546672821045 8.193591438442667 3.3787999153137207 6.030360698699951
3.4291725158691406 5.513189436780465 3.624727487564087 7.333619594573975
7.907800674438477 9.494836724418178 2.8680367469787598 2.9970667362213135
5.415349960327148 9.22833060448545 3.5151491165161133 5.185361385345459
5.443182945251465 8.535940660539461 4.127146244049072 7.768685817718506
4.682682514190674 7.223150652518485 4.421724796295166 9.477482795715332
6.036908149719238 6.746942154501312 2.6198511123657227 2.9011940956115723
5.053680419921875 8.57601648041225 2.954345703125 4.108607769012451
3.300631046295166 6.1601895208511905 3.2196786403656006 5.622481822967529
3.696063280105591 6.698736785714718 3.4293792247772217 6.756875991821289
6.910748481750488 7.8871343664136475 2.9019806385040283 3.2445497512817383
6.6254167556762695 9.997954986803398 3.3757545948028564 4.871971607208252
4.394816875457764 7.205164591128948 3.773421049118042 6.9177069664001465
3.456629991531372 5.7141396100375985 4.027993202209473 8.38471508026123
7.870936393737793 9.179520548884028 3.414085626602173 3.8740880489349365
6.249351978302002 9.917826426580206 4.124591827392578 6.256638526916504
5.150996685028076 8.385728612605817 4.731846809387207 9.191946983337402
4.064120769500732 6.559691672395409 5.039369106292725 11.147120475769043
4.670921802520752 5.404229371042689 1.7212729454040527 1.7803421020507812
4.6999311447143555 6.914803754574997 2.0275778770446777 2.6714115142822266
3.5119545459747314 6.337690178659045 2.3068645000457764 3.678755044937134
3.0783047676086426 5.529865273996052 2.461826801300049 4.374924182891846
5.251139163970947 6.240950960544865 1.8420484066009521 1.909351110458374
5.011605262756348 8.103318859865794 2.2017669677734375 2.9568593502044678
4.315796375274658 6.197182575612885 2.5296359062194824 4.164556980133057
3.8230488300323486 6.781504794326679 2.7067453861236572 4.9984917640686035
5.864867687225342 7.215203308882034 2.0263054370880127 2.105977773666382
5.716684818267822 9.562093982333053 2.4643359184265137 3.388190746307373
4.600645065307617 7.901455631312686 2.8613061904907227 4.891109943389893
3.1021437644958496 5.965884318632845 3.0677490234375 5.917966842651367
5.582976818084717 6.521140733795054 2.107987403869629 2.1861860752105713
5.2751078605651855 8.67878764696593 2.4802558422088623 3.3541693687438965
4.03735876083374 6.480202548223701 2.8001978397369385 4.673672676086426
3.2473089694976807 6.04079496515169 2.9693233966827393 5.574281692504883
6.3039469718933105 7.448356207888196 2.282857894897461 2.377138137817383
5.749096393585205 9.200216295176372 2.7589497566223145 3.838994026184082
3.902547597885132 7.187824428071622 3.1670687198638916 5.517083644866943
3.518543243408203 5.884628216236706 3.3715872764587402 6.649281978607178
7.132460117340088 8.683484798902981 2.5665626525878906 2.685626268386841
5.310560703277588 8.901166551252626 3.204036235809326 4.61433219909668
5.052542209625244 7.939835239249207 3.742000102996826 6.847414970397949
3.7831997871398926 7.134859760394647 3.994598865509033 8.31923770904541
6.047792434692383 7.074304536442975 2.684964895248413 2.768148422241211
5.471634387969971 9.255397479829355 3.0165798664093018 4.158169746398926
3.875612735748291 6.906196790085687 3.304396152496338 5.717893600463867
2.995211362838745 4.298944751643347 3.4581708908081055 6.767324924468994
6.963436126708984 8.221243154880376 2.899622678756714 3.014907121658325
6.444101333618164 10.164309789631183 3.4045557975769043 4.881339073181152
4.195283889770508 7.229849443889097 3.826049327850342 6.972820281982422
3.6973540782928467 6.678245222014766 4.026832580566406 8.340879440307617
7.977615833282471 9.577723028312903 3.272028684616089 3.4367079734802246
6.0948967933654785 8.865833024605877 4.055024147033691 6.088656902313232
5.752272129058838 9.295107133063947 4.673092365264893 9.021483421325684
4.633252143859863 6.336307585691287 4.936612129211426 10.865415573120117
5.878936767578125 6.529939991298605 2.9767801761627197 3.283700942993164
5.095160484313965 8.72970974782038 3.678607940673828 5.136920928955078
4.401989459991455 7.809294120792174 3.753321886062622 6.659221172332764
3.2342841625213623 5.649544873878767 3.860720634460449 7.767899036407471
5.786017894744873 6.564394531634525 3.282456874847412 3.663170337677002
6.004000663757324 10.090867763462484 4.167104721069336 6.111649990081787
4.9705491065979 8.767395735625257 4.41321325302124 8.30449390411377
4.033197402954102 5.76292553721359 4.572765827178955 9.786657333374023
7.711183547973633 8.332565274071385 3.8187026977539062 4.324394226074219
6.208518028259277 10.49835514084533 5.006775856018066 7.784980297088623
5.55093240737915 8.424223938187737 5.504887104034424 11.036136627197266
4.4148149490356445 6.647897308417214 5.7330641746521 13.077582359313965
3.8273234367370605 4.255089740428275 1.4887138605117798 1.5321403741836548
4.205401420593262 6.946663623291869 1.7249884605407715 2.2098684310913086
3.581199884414673 6.936286379317309 1.974327802658081 3.0652403831481934
1.8916015625 3.3134713133658806 2.1346194744110107 3.7043583393096924
4.63198709487915 5.210795007168496 1.5676674842834473 1.6135809421539307
4.875375270843506 7.785902807469938 1.8289564847946167 2.3628592491149902
3.43090558052063 6.681113584122386 2.10410475730896 3.3342299461364746
2.508589744567871 5.674229968973236 2.279550075531006 4.071619510650635
5.49229097366333 6.592602784933902 1.689345359802246 1.739661455154419
4.71368932723999 8.296344733897001 1.984782099723816 2.5917434692382812
3.1512997150421143 5.965772229350705 2.292762279510498 3.7206883430480957
3.745312213897705 6.904864557859582 2.4855754375457764 4.583896636962891
4.704286098480225 5.2538080313710225 1.6779651641845703 1.730926275253296
4.0981550216674805 6.065554854842048 1.9618515968322754 2.5577526092529297
3.7041029930114746 7.043607617659326 2.2556002140045166 3.6364665031433105
2.698326826095581 3.8919692133954413 2.4484307765960693 4.460693359375
5.615298748016357 6.4524387738072875 1.7942217588424683 1.8508195877075195
5.72280740737915 8.178325261845828 2.119194746017456 2.799031972885132
4.277049541473389 7.610146082887596 2.4537250995635986 4.066336631774902
3.0921685695648193 5.9976315419354655 2.6701667308807373 5.046510219573975
6.553428649902344 7.768892851819601 1.9883781671524048 2.05263352394104
5.699007034301758 9.356416683575068 2.3726038932800293 3.1855406761169434
4.163175582885742 7.78035328893468 2.75960373878479 4.721635818481445
4.055227756500244 6.031113506625331 2.999265193939209 5.9052276611328125
5.127420425415039 5.715251525267831 1.8918644189834595 1.9658390283584595
5.248499393463135 8.14677534787927 2.2042582035064697 2.9201672077178955
3.3554508686065674 6.463102196503359 2.511547327041626 4.1756696701049805
2.2329320907592773 4.277226782076035 2.729891777038574 5.1726531982421875
6.244687080383301 7.100038098207597 2.042940616607666 2.1193759441375732
5.790825843811035 7.427881018356629 2.4121406078338623 3.250239133834839
4.198485374450684 7.7998035112675375 2.773735284805298 4.764326572418213
3.558955430984497 7.1696178305232365 3.0259242057800293 5.97496223449707
7.413965225219727 8.588573852963918 2.313413381576538 2.4000306129455566
6.3870015144348145 10.322030644340657 2.768656015396118 3.81239652633667
4.705606460571289 9.675671454323947 3.2027578353881836 5.710696220397949
3.590456485748291 6.548636068594497 3.4819724559783936 7.196186542510986
5.046712398529053 5.598027897958218 2.0134482383728027 2.239665985107422
5.227151870727539 8.049128207190165 2.65741229057312 3.9744749069213867
3.622042417526245 6.39941909315894 2.7298035621643066 4.646872043609619
2.893235445022583 5.642179639207598 2.953378677368164 5.761193752288818
6.1197590827941895 6.934897558914599 2.1924166679382324 2.432337999343872
5.888522624969482 9.28833808707919 2.907041072845459 4.468800067901611
3.8012609481811523 8.101620435297718 3.042064905166626 5.364365100860596
3.490818500518799 6.5598599440191165 3.310398578643799 6.7434000968933105
7.1461005210876465 8.215405593247695 2.513857841491699 2.7815005779266357
6.854367733001709 10.097307005632643 3.3977203369140625 5.4312334060668945
4.743317604064941 8.55794873233608 3.5749175548553467 6.568593978881836
2.883425235748291 5.8318908563895775 3.8757424354553223 8.27781867980957
3.8007075786590576 4.237564580142589 1.5079731941223145 1.5514885187149048
3.978147268295288 6.520581423398207 1.747836709022522 2.2395577430725098
3.034188985824585 6.326233450063 2.0025320053100586 3.109344244003296
2.319359064102173 4.656849237341248 2.1638615131378174 3.7552032470703125
4.671061038970947 5.273954932237984 1.5872066020965576 1.633170247077942
4.464763164520264 6.956143226320222 1.8531301021575928 2.395810604095459
3.4293627738952637 6.800101446201552 2.136082887649536 3.388741970062256
2.359154462814331 3.6817802433202473 2.3145217895507812 4.13865327835083
5.608419895172119 6.725039854913135 1.7061184644699097 1.7565674781799316
3.7928338050842285 6.667187248926524 2.0072884559631348 2.6251704692840576
3.5874335765838623 6.8319019068107565 2.3263046741485596 3.785888433456421
2.6229655742645264 4.78321509950365 2.5262532234191895 4.671187877655029
4.757385730743408 5.3221099274183885 1.7038726806640625 1.7568849325180054
4.370248317718506 7.419856882324609 1.9959280490875244 2.6022822856903076
3.025512933731079 6.15629435359196 2.3008322715759277 3.7112576961517334
2.631089210510254 4.100533430725161 2.49326753616333 4.545959949493408
5.7241740226745605 6.585600533637276 1.8193104267120361 1.8760545253753662
5.647015571594238 8.369214808244124 2.1541759967803955 2.848358631134033
3.477902412414551 6.824098263023757 2.504040241241455 4.160958766937256
3.1103885173797607 6.3170333619909 2.7237560749053955 5.163375377655029
6.72125768661499 7.967734388337028 2.005056381225586 2.0697154998779297
5.8300089836120605 9.008777771237646 2.3999171257019043 3.230668544769287
3.8293745517730713 6.922718171351789 2.806760787963867 4.83240270614624
4.4519429206848145 8.59445142241043 3.0595738887786865 6.059258460998535
5.208840847015381 5.827379675868855 1.921249508857727 1.9944305419921875
5.158483028411865 8.541912515788795 2.251579523086548 2.97745943069458
4.06704044342041 7.446164554461134 2.5789966583251953 4.284996032714844
2.60556960105896 5.607119759352452 2.7893142700195312 5.290587902069092
6.378941059112549 7.280377891706991 2.0704545974731445 2.1462960243225098
6.0851359367370605 9.37733479959752 2.459855079650879 3.3132123947143555
3.3222951889038086 5.424285443969383 2.846818685531616 4.906030654907227
3.6812167167663574 7.561328619610833 3.0959548950195312 6.141252517700195
7.545834541320801 8.800760083152625 2.325359582901001 2.41182541847229
6.4876389503479 9.701509370367603 2.8007235527038574 3.8627493381500244
5.467771053314209 8.55117916763902 3.262305498123169 5.870998382568359
3.2083590030670166 5.039873234313745 3.556800127029419 7.417097091674805
5.100290775299072 5.6578971062006085 2.065333366394043 2.301750898361206
4.921508312225342 8.007359255352526 2.72817063331604 4.069985389709473
4.001540184020996 7.3756703035514875 2.826507091522217 4.7910637855529785
3.16729998588562 5.452027806772634 3.023763418197632 5.900604724884033
6.243627548217773 7.103296028072625 2.2470521926879883 2.498765230178833
6.017637252807617 9.599103826965205 2.9797818660736084 4.56463623046875
4.795784950256348 8.500299063998114 3.146162509918213 5.5552849769592285
3.7712042331695557 6.763405428873966 3.3915646076202393 6.945647716522217
7.322802543640137 8.54725924359812 2.5592730045318604 2.840193510055542
6.249329566955566 10.479287844144892 3.4997191429138184 5.4902873039245605
4.9059343338012695 8.270263973491957 3.652299404144287 6.7785820960998535
4.374479293823242 8.056495486294637 3.9569835662841797 8.548415184020996
3.874753952026367 4.411396980162749 1.5685380697250366 1.612949013710022
4.347621440887451 7.382764259828036 1.8124736547470093 2.3233578205108643
2.1727805137634277 3.613327374345772 2.061556816101074 3.201848268508911
2.6333327293395996 5.408529034673393 2.2118289470672607 3.842763900756836
4.524980545043945 5.294712112477953 1.6499545574188232 1.6961495876312256
4.305077075958252 7.3327348650233315 1.9243626594543457 2.4906768798828125
3.754653215408325 6.9938117601698195 2.206430435180664 3.5062079429626465
3.0980660915374756 6.403878492212215 2.3758020401000977 4.260553359985352
5.255030632019043 6.489360837177173 1.7658090591430664 1.8164279460906982
5.094058990478516 8.208576933641552 2.083306074142456 2.732710599899292
4.399428844451904 8.052125570983378 2.411895990371704 3.939704179763794
3.810072183609009 7.329564595280363 2.608104705810547 4.846173286437988
4.625974178314209 5.332986299358874 1.8389378786087036 1.896875023841858
4.427299976348877 7.488235366984782 2.1405189037323 2.799095630645752
3.5268890857696533 5.952654119131395 2.4308905601501465 3.918797731399536
3.519118070602417 6.456121269012328 2.5926859378814697 4.7379655838012695
5.5012125968933105 6.511357856207237 1.9536882638931274 2.013200044631958
5.556157112121582 8.743283754214474 2.310573101043701 3.06794810295105
3.172572135925293 5.552394716196716 2.6583282947540283 4.428072929382324
3.3309848308563232 6.714823683301063 2.8512563705444336 5.436019420623779
6.431168556213379 7.9105933341795325 2.122756242752075 2.1891865730285645
5.754597187042236 9.459877017762782 2.560422658920288 3.472456693649292
3.8852241039276123 8.067690478363119 2.9930875301361084 5.1830949783325195
4.260104656219482 6.881105536571624 3.23181414604187 6.456665992736816
4.999467372894287 5.773253295393674 2.1993327140808105 2.2974658012390137
4.4070000648498535 7.354528327146454 2.5299198627471924 3.376147508621216
3.9075708389282227 6.522228260961128 2.8140552043914795 4.667806625366211
2.5391921997070312 5.158908156410913 2.9568259716033936 5.615169048309326
6.042910099029541 7.118448145656998 2.343684434890747 2.438523530960083
5.646737575531006 9.538812722255189 2.757999897003174 3.7553653717041016
4.079593658447266 5.931938763527768 3.124405860900879 5.396205425262451
3.5393428802490234 6.50116534305689 3.308784008026123 6.605863571166992
7.216903209686279 8.78937005169156 2.5600757598876953 2.6617581844329834
5.836141586303711 7.754596405133611 3.1020917892456055 4.341597080230713
5.000436782836914 8.82173272680308 3.5955278873443604 6.508354187011719
3.5241618156433105 6.387567766791851 3.8436851501464844 8.097503662109375
5.012491226196289 5.656307669623743 2.3158085346221924 2.5802254676818848
4.653373718261719 7.780233234569096 3.1106836795806885 4.584743499755859
4.023039817810059 5.857316002919106 3.189763069152832 5.414584159851074
3.235414743423462 5.744363266633606 3.2646260261535645 6.3618974685668945
6.087105751037598 7.009585315973993 2.5038983821868896 2.780683994293213
5.362082481384277 8.520077829714978 3.4113643169403076 5.116936206817627
3.448542833328247 6.525712886197844 3.5758795738220215 6.3511199951171875
3.2867045402526855 5.73139292249428 3.69362211227417 7.604318618774414
7.101998805999756 8.342420189075256 2.792872190475464 3.0990793704986572
6.145159721374512 9.647515792977826 3.8783509731292725 5.9130706787109375
4.623131275177002 8.325778530948241 4.16829252243042 7.795275688171387
4.381519317626953 8.036208697133475 4.359012603759766 9.50587272644043
3.888012647628784 4.480738107498837 1.5694125890731812 1.6139007806777954
3.9836928844451904 6.624257288570902 1.8117529153823853 2.3258614540100098
2.876769542694092 5.358962745437083 2.0607454776763916 3.2101266384124756
2.7421891689300537 5.700095627447354 2.2104368209838867 3.8529067039489746
4.548072814941406 5.399829591306002 1.652542233467102 1.698716402053833
4.699885368347168 7.819122122180261 1.9257944822311401 2.4960992336273193
3.2723770141601562 6.588638989866013 2.208986282348633 3.5219204425811768
3.1127023696899414 6.58480772918638 2.3781843185424805 4.280540466308594
5.239952087402344 6.50867764682215 1.7716814279556274 1.8222219944000244
4.983641147613525 7.700760228359911 2.0893092155456543 2.744905948638916
4.63896369934082 8.363082045354702 2.421311616897583 3.970731496810913
3.5666344165802 7.65994686196929 2.617976427078247 4.886312484741211
4.629779815673828 5.412310481239587 1.8470388650894165 1.90538489818573
3.9550487995147705 6.745527328461492 2.1468334197998047 2.81593656539917
3.2915749549865723 6.538682880581632 2.4377646446228027 3.9507296085357666
3.2100815773010254 6.594943057803945 2.5985326766967773 4.773204326629639
5.47895622253418 6.553755239322982 1.964784860610962 2.0244638919830322
5.243577003479004 7.668151813817303 2.3216872215270996 3.0923702716827393
2.890366315841675 5.724094746759377 2.6733837127685547 4.479475975036621
1.8157824277877808 3.739694517071886 2.8664088249206543 5.496549129486084
6.442471027374268 7.997553093468241 2.139317750930786 2.205737829208374
4.944211483001709 8.846267553483543 2.58103609085083 3.51265025138855
4.422106742858887 6.953581102187059 3.0232560634613037 5.271546363830566
3.8171067237854004 7.588184488741263 3.2636027336120605 6.56510066986084
4.976830005645752 5.832232375028006 2.2212977409362793 2.321126937866211
5.215026378631592 8.83125141238412 2.544466257095337 3.4123599529266357
2.8785831928253174 5.1522094356157595 2.8275647163391113 4.727662563323975
2.4827194213867188 5.38197751152893 2.969886302947998 5.681008815765381
6.002190113067627 7.141406119950574 2.369332790374756 2.4653873443603516
5.063843727111816 8.37756957470856 2.7802367210388184 3.805089235305786
4.528578281402588 8.140112793945718 3.1518938541412354 5.491069316864014
3.140113592147827 5.704620133835679 3.3381237983703613 6.716318130493164
7.236720561981201 8.893347506966165 2.5928609371185303 2.6955955028533936
6.029045581817627 9.856257858865092 3.1393375396728516 4.418659210205078
5.397003173828125 8.226487936773992 3.6474294662475586 6.666833877563477
3.9834036827087402 7.031393725855423 3.900050163269043 8.289031982421875
3.765564203262329 4.211257798341732 2.361790180206299 2.672377824783325
4.665673732757568 7.659023536733912 3.0957741737365723 4.53029727935791
3.6338050365448 6.726829345168042 3.1994435787200928 5.484030723571777
3.301663398742676 5.78816652214374 3.279783248901367 6.4493408203125
5.939397811889648 6.818888036559656 2.555896282196045 2.8807425498962402
5.164371967315674 8.531245240514401 3.420945882797241 5.0680036544799805
4.288402557373047 7.869933933793771 3.6036291122436523 6.468749523162842
3.9384520053863525 5.879986015349878 3.731140375137329 7.754197120666504
6.751458168029785 8.105450092083231 2.854217767715454 3.212268352508545
5.6540751457214355 8.63122900573741 3.9126200675964355 5.915116310119629
5.054134845733643 8.098866054471728 4.227851390838623 8.000261306762695
4.573148250579834 6.293891885633223 4.432514667510986 9.765402793884277
4.448919296264648 4.889150920254011 1.7040473222732544 1.76237952709198
4.502717018127441 6.674634985424063 1.965019702911377 2.5371506214141846
3.567565441131592 5.969096608094276 2.229008436203003 3.4283671379089355
3.0882718563079834 5.306858107938183 2.379962682723999 4.016016006469727
5.031848430633545 5.73977611830469 1.8061898946762085 1.8686836957931519
4.35468053817749 6.2325621883736915 2.109844923019409 2.767184019088745
4.448251724243164 7.457312059693182 2.417924404144287 3.8296515941619873
3.5733890533447266 6.03085715608445 2.592211961746216 4.5396928787231445
5.625056743621826 6.8048700634572015 1.9643752574920654 2.0330140590667725
4.8282389640808105 7.44436544651677 2.3280766010284424 3.1029884815216064
4.641381740570068 7.467702100295099 2.6966989040374756 4.3996968269348145
2.7674288749694824 3.7785953843119273 2.90226149559021 5.274532318115234
5.292031764984131 5.865739430519209 2.163196563720703 2.260486364364624
5.2915425300598145 7.68183414676264 2.489683151245117 3.299274444580078
3.472616195678711 6.0787830693427045 2.775930166244507 4.442712783813477
3.113776206970215 5.270913297798813 2.9144084453582764 5.158625602722168
5.964423656463623 6.861960870151961 2.308844804763794 2.4158310890197754
5.634707927703857 8.127280010794209 2.7183682918548584 3.6894679069519043
3.511265754699707 4.640234373184569 3.084221363067627 5.130884170532227
3.229381561279297 5.625051515301699 3.2613210678100586 6.048127174377441
6.807169437408447 8.023483381779585 2.557166576385498 2.6777396202087402
6.316709041595459 9.821603366797035 3.0856850147247314 4.288890361785889
4.9622883796691895 8.639878208936807 3.5597949028015137 6.1543707847595215
2.848802328109741 5.003905206059017 3.787043809890747 7.353548526763916
5.70608377456665 6.3362049579715745 2.7959296703338623 2.9144127368927
4.9132184982299805 7.394141100257855 3.148500919342041 4.287539005279541
3.894038438796997 6.40342678414163 3.3914875984191895 5.625316619873047
2.927855968475342 5.514057184308257 3.4735312461853027 6.38971471786499
6.55692720413208 7.526052756085186 2.978816032409668 3.1332106590270996
5.7180256843566895 7.623539033239126 3.4568305015563965 4.875225067138672
4.748553276062012 6.899028140729456 3.816638469696045 6.631295680999756
4.040022850036621 6.804909557582873 3.9531378746032715 7.667515277862549
7.636446952819824 8.97530441933857 3.3185057640075684 3.5163891315460205
7.056719779968262 10.583025199309986 3.979740619659424 5.795958995819092
5.347167015075684 7.867228779652157 4.494290828704834 8.156061172485352
3.9438934326171875 6.599032337219114 4.6979780197143555 9.586221694946289
5.788725852966309 6.431110050596544 2.9947543144226074 3.1967058181762695
5.295007705688477 7.26006137505135 3.7916767597198486 5.281771183013916
4.085102558135986 6.718901322172314 3.9619979858398438 6.756398677825928
3.324580430984497 6.180082036937616 3.9623565673828125 7.488682746887207
6.676270484924316 7.669602141908314 3.2547717094421387 3.526480197906494
5.465627670288086 8.154267522394282 4.166468620300293 6.084726333618164
3.625401496887207 6.7652497859220375 4.475203514099121 8.044610977172852
4.0169548988342285 6.638615988338643 4.545878887176514 9.088129043579102
7.820457935333252 9.103429999450782 3.718226909637451 4.089987754821777
5.694611549377441 8.548974307435458 4.8193206787109375 7.349091529846191
4.934336185455322 7.930753499030079 5.312295913696289 9.99020767211914
4.714696407318115 7.820174816893569 5.46421480178833 11.509980201721191
4.4650750160217285 4.92777535352951 1.6954838037490845 1.753461241722107
4.147706985473633 6.34840542019073 1.9580594301223755 2.532623529434204
3.9070003032684326 6.542648001190059 2.226536512374878 3.4359092712402344
3.036510467529297 5.3214751601742 2.382255792617798 4.033830165863037
5.048328876495361 5.794511912796679 1.7953624725341797 1.85759699344635
4.995659351348877 6.3766261586339965 2.100757122039795 2.7610669136047363
4.346492767333984 6.810048967111243 2.4138875007629395 3.8391106128692627
3.636949062347412 6.844361329043181 2.5937910079956055 4.562673091888428
5.67450475692749 6.881996043941513 1.948620319366455 2.016879081726074
5.121989727020264 8.383152437881279 2.3143653869628906 3.0933048725128174
4.546828746795654 7.990807093026054 2.6902453899383545 4.412381172180176
3.8479955196380615 7.273258103693422 2.9033923149108887 5.306736946105957
5.341598987579346 5.941399938383029 2.146056652069092 2.242553472518921
5.266354084014893 7.868089513416635 2.472416639328003 3.281611204147339
3.293536424636841 5.414044260102628 2.7642550468444824 4.440410137176514
2.8663671016693115 3.977756100925262 2.9102730751037598 5.17271089553833
6.023698806762695 6.967711547355975 2.287909746170044 2.3938963413238525
5.640988826751709 8.309534003680653 2.6969337463378906 3.667454957962036
4.65266227722168 7.513388430214775 3.069594383239746 5.13065767288208
3.8823130130767822 6.890010003250609 3.2559969425201416 6.069814205169678
6.874122619628906 8.165974200752402 2.5266406536102295 2.6457245349884033
6.64933443069458 8.117795688771821 3.055734872817993 4.2586517333984375
4.416539669036865 6.139784762643551 3.541963815689087 6.160797595977783
4.300782680511475 7.033810049721069 3.7829208374023438 7.3946356773376465
5.743008136749268 6.405277083115834 2.786841869354248 2.904879093170166
5.552667617797852 8.49520004887583 3.130277633666992 4.265327453613281
3.7552919387817383 6.351995725570475 3.3736510276794434 5.616474151611328
2.4348337650299072 3.9319068039062586 3.463242769241333 6.399065971374512
6.596726417541504 7.617723020944595 2.9633684158325195 3.117097854614258
4.408818244934082 7.141145191868418 3.433311700820923 4.847693920135498
3.803105115890503 6.361609247827346 3.7967655658721924 6.6286749839782715
3.7015488147735596 6.166465426235458 3.943047523498535 7.690884590148926
7.623740196228027 9.103337601437943 3.28745436668396 3.4829506874084473
6.972236156463623 9.981856768264151 3.9455373287200928 5.75955867767334
5.313780307769775 8.382749092184667 4.474020481109619 8.171954154968262
4.566807270050049 6.94884376073378 4.694005966186523 9.64853286743164
5.825430870056152 6.5115859161596745 2.961601495742798 3.1617393493652344
4.789962291717529 7.528493620714139 3.7991230487823486 5.283225059509277
3.9214515686035156 6.613404047189533 3.9496700763702393 6.758794784545898
1.348623514175415 2.217779772967333 3.9506676197052 7.49984884262085
6.671405792236328 7.7020580761709425 3.2058098316192627 3.4723808765411377
6.066973686218262 8.860603460127095 4.169278621673584 6.087195873260498
4.776557445526123 7.486527787221405 4.463181972503662 8.063335418701172
3.895747184753418 6.579188068207364 4.5374226570129395 9.124261856079102
7.746323585510254 9.122393042931435 3.6315321922302246 3.9884543418884277
6.081725120544434 8.472704378578385 4.81051778793335 7.353589057922363
4.379656791687012 5.744126218749216 5.305526256561279 10.046487808227539
3.5185303688049316 5.244676860415353 5.469614505767822 11.609832763671875
4.348307132720947 4.901716811258211 1.6022149324417114 1.6540454626083374
4.37094259262085 6.651165302333936 1.8605334758758545 2.4227194786071777
3.6867544651031494 6.119745277770525 2.1329517364501953 3.3297243118286133
3.090742588043213 5.280185812074592 2.2992348670959473 3.945850372314453
4.932318687438965 5.8511998842255935 1.6929322481155396 1.750267744064331
4.61780309677124 7.070091345481444 1.9894685745239258 2.63571834564209
3.5744383335113525 5.189765131074978 2.30143141746521 3.711963415145874
2.586869239807129 4.7742242879807755 2.489898681640625 4.452295780181885
5.550614833831787 6.928343908815423 1.8256840705871582 1.8901127576828003
5.089515686035156 8.3432971859053 2.1776797771453857 2.9422624111175537
3.725126266479492 6.040725385959263 2.546396017074585 4.252837657928467
3.6670563220977783 7.107194703197138 2.7648234367370605 5.160915851593018
5.207343101501465 5.935409806477395 1.9429094791412354 2.0240957736968994
4.725439548492432 7.81756608557771 2.2522268295288086 3.0065598487854004
3.4477148056030273 5.944113275950799 2.5501136779785156 4.146122932434082
2.4957430362701416 4.757856262209486 2.7205469608306885 4.910095691680908
5.893991470336914 6.995782178221816 2.0706582069396973 2.1613283157348633
5.685031414031982 8.422955689698028 2.4511725902557373 3.354031562805176
4.6503214836120605 8.01987644529612 2.81939435005188 4.782429218292236
3.8103220462799072 7.1707913215572034 3.0257835388183594 5.74898624420166
6.717321872711182 8.365493565912857 2.2662153244018555 2.3694446086883545
4.682901382446289 7.175278010713646 2.755990505218506 3.88104510307312
5.066454887390137 7.873035490469675 3.2298624515533447 5.73602294921875
4.257615566253662 7.320766114774756 3.4876270294189453 6.991779804229736
5.515761852264404 6.362891765500102 2.5213654041290283 2.6278235912323
5.143136501312256 8.486966978451164 2.8053133487701416 3.823507070541382
3.758100748062134 6.549841792220912 3.0289080142974854 5.097597122192383
2.8102407455444336 4.842555200703146 3.1512033939361572 5.919029712677002
6.356237888336182 7.555144160765849 2.6707570552825928 2.8115835189819336
5.399174690246582 8.948264562335908 3.075965166091919 4.344736099243164
4.500898838043213 7.817263257713403 3.406259775161743 6.029903411865234
3.4343514442443848 6.66040482173571 3.576244592666626 7.120377540588379
7.5290398597717285 9.405853555593591 2.915297269821167 3.0895206928253174
6.442734241485596 10.258547313481174 3.5097079277038574 5.153165340423584
5.344679832458496 8.4320028066835 4.001192092895508 7.47233772277832
4.036871433258057 5.260634879362485 4.24124813079834 8.965615272521973
5.680213928222656 6.460201367989384 2.6751859188079834 2.9056124687194824
3.849912166595459 6.26971664978079 3.7522406578063965 5.137739181518555
3.7073023319244385 6.623033670241799 3.5551154613494873 6.139754772186279
2.3876142501831055 4.634410379705059 3.5475494861602783 6.853743076324463
6.396969795227051 7.353176681848254 2.882333278656006 3.1678466796875
4.311435699462891 6.1458328946049505 4.0805840492248535 5.874293804168701
4.61674165725708 7.804282405179265 4.037569522857666 7.395044803619385
3.629742383956909 5.420556378179727 4.080812454223633 8.393699645996094
7.254979133605957 8.661383638590138 3.2181339263916016 3.5737147331237793
5.009440898895264 8.261987097871724 4.649774551391602 7.044770240783691
4.93605375289917 8.789303280198055 4.808263778686523 9.335797309875488
3.382347583770752 5.529305675392607 4.928081035614014 10.7904052734375
4.342835903167725 4.9437383020022025 1.5902042388916016 1.6407402753829956
4.421053409576416 7.268731862287041 1.861337661743164 2.4389407634735107
3.0187151432037354 4.703390946323566 2.151484727859497 3.3909547328948975
2.824235439300537 5.769134315053623 2.3304271697998047 4.043426513671875
4.943351745605469 5.926833953874734 1.6861157417297363 1.7433388233184814
4.447630882263184 7.527496407890459 1.9988386631011963 2.669001340866089
3.784285545349121 5.669358387487023 2.33213210105896 3.8050951957702637
3.338336706161499 6.196975452799535 2.5352795124053955 4.592626094818115
5.6080641746521 7.082655444593456 1.8294349908828735 1.8955296277999878
5.270458698272705 7.24167995004083 2.203542470932007 3.0066747665405273
4.510532855987549 6.076340525465753 2.599324941635132 4.402009963989258
3.7219855785369873 6.767271441074172 2.835313320159912 5.3726582527160645
5.288792133331299 6.07136221568453 1.8675252199172974 1.9399423599243164
4.088104724884033 7.148097783393041 2.1990225315093994 2.958909511566162
3.2817513942718506 5.798244275571733 2.537510633468628 4.1772050857543945
2.87555193901062 5.903633515127638 2.741034984588623 5.017484188079834
5.996764659881592 7.138314353833039 2.0059995651245117 2.0897464752197266
3.776897430419922 6.894456706944226 2.4127728939056396 3.3335800170898438
3.7697982788085938 7.356938223350847 2.8272368907928467 4.867949485778809
3.658712148666382 6.874004164862349 3.070605516433716 5.93242883682251
6.997801303863525 8.709307957915428 2.2234690189361572 2.3230254650115967
6.034987926483154 10.039038313072773 2.7490925788879395 3.9187533855438232
4.206087112426758 7.212075235019817 3.2799503803253174 5.930588722229004
4.2790374755859375 7.144328635282136 3.5801374912261963 7.316219329833984
5.625373840332031 6.5190438727213404 2.307903528213501 2.4036049842834473
4.554795742034912 6.662419630722297 2.627671957015991 3.6125707626342773
3.89719820022583 6.966709979758135 2.9373269081115723 5.009988784790039
3.5012049674987793 6.665619490832256 3.1296708583831787 5.969785213470459
6.597675800323486 7.829939770738633 2.475684642791748 2.602203369140625
5.42525577545166 8.859796195787112 2.9174981117248535 4.157495498657227
4.761132717132568 8.575574340980879 3.3409571647644043 6.006134510040283
3.5207622051239014 5.939544665733607 3.5875918865203857 7.274542808532715
7.867263317108154 9.755064060767062 2.757500171661377 2.917395830154419
5.761350154876709 9.185715068187058 3.3970587253570557 5.039405822753906
4.815241813659668 8.33477517756819 3.9983022212982178 7.605305194854736
4.585451602935791 8.207564851634821 4.323477745056152 9.333582878112793
5.460513114929199 6.237026004451764 2.5849361419677734 2.8540430068969727
5.250285625457764 7.8689312916885115 3.696913242340088 5.014033794403076
2.2099874019622803 3.8646460089553045 3.3415679931640625 5.849002838134766
3.2735369205474854 5.934618520359184 3.459320068359375 6.787664890289307
6.121571063995361 7.2171814958046525 2.8157002925872803 3.144181489944458
5.425609111785889 8.892201132090982 4.015523910522461 5.775662899017334
3.669510841369629 6.275298538094091 3.850464344024658 7.150813579559326
3.835759162902832 6.297322759825628 4.028678894042969 8.437145233154297
7.3650803565979 7.985274586666492 3.201375961303711 3.6124560832977295
6.024714946746826 9.945656854866712 4.574661731719971 6.9994378089904785
5.270503044128418 9.502404246325568 4.697342395782471 9.266286849975586
4.991908073425293 8.490602478738417 4.963905334472656 11.099453926086426
4.599361419677734 5.347734047188624 1.8901952505111694 1.9595457315444946
3.878732681274414 5.965168047138945 2.1650917530059814 2.8557190895080566
3.547894239425659 6.144807956173928 2.4121410846710205 3.8996684551239014
3.0687360763549805 5.232637522136173 2.547455072402954 4.6364569664001465
5.106186389923096 5.975260329745069 2.016740083694458 2.0977604389190674
3.9519758224487305 5.756667195146974 2.3456475734710693 3.171180248260498
2.6543872356414795 3.932864095766945 2.6318912506103516 4.416163921356201
2.9226741790771484 4.750715801477952 2.780895709991455 5.268305778503418
5.869672775268555 6.843646153586519 2.220072031021118 2.31438946723938
5.597192287445068 8.165319258393996 2.616142988204956 3.6259379386901855
4.4656572341918945 7.975807224377448 2.9434573650360107 5.129349231719971
3.5491113662719727 6.150554904421369 3.10451602935791 6.125800132751465
5.601129531860352 6.468471130501712 2.4660277366638184 2.5661661624908447
4.72249174118042 7.6085108634315475 2.7966880798339844 3.80716609954834
3.846834421157837 6.429138392654421 3.032801866531372 5.161470890045166
3.3329570293426514 5.928396440747463 3.1432201862335205 6.0987019538879395
6.214755535125732 7.18917780189804 2.6524877548217773 2.7807576656341553
4.988138675689697 7.697173708388618 3.0918028354644775 4.360662460327148
4.18032693862915 7.297367237111525 3.396440029144287 6.064674377441406
3.7883381843566895 6.247410817691616 3.525648832321167 7.191072463989258
7.128211498260498 8.29567238548043 2.9748823642730713 3.135960817337036
4.578027725219727 7.417813092838685 3.55128812789917 5.191497325897217
4.41562032699585 6.560899623358296 3.92333722114563 7.353784561157227
3.9415812492370605 6.631889993152882 4.066767692565918 8.706769943237305
6.160092353820801 7.0883402414183365 3.0530409812927246 3.2121617794036865
5.177227020263672 7.805967897207211 3.4835360050201416 4.890841484069824
3.5246078968048096 6.082657830739498 3.6627049446105957 6.4722771644592285
3.5153002738952637 5.779636707614429 3.722027540206909 7.550205230712891
7.042542457580566 8.16600889246546 3.3218994140625 3.5216288566589355
5.411983966827393 7.807568198299123 3.89770770072937 5.71753454208374
1.9616968631744385 3.6129840278833854 4.174602508544922 7.7798333168029785
2.7720634937286377 4.586979230991119 4.255305767059326 9.1126070022583
8.145088195800781 9.56877340978997 3.7876274585723877 4.053412914276123
5.9715447425842285 9.287691046823966 4.557094097137451 6.973263263702393
3.8376896381378174 7.133614634728244 4.9219207763671875 9.682357788085938
3.35899019241333 5.295946096270104 5.014584064483643 11.310323715209961
5.7419114112854 6.643474825324574 2.9884018898010254 3.4742987155914307
5.610281467437744 7.966981782805533 4.05983304977417 5.857220649719238
2.9937925338745117 4.842594787008775 4.18165922164917 7.576736927032471
3.537060260772705 5.730851342632178 4.186995029449463 8.725300788879395
6.571659564971924 7.608306218703433 3.219369888305664 4.1657915115356445
5.783131122589111 8.90220873456019 4.574951648712158 6.92903470993042
3.356444835662842 5.835045037027157 4.81625509262085 9.223058700561523
3.094743490219116 5.483106777354067 4.84340238571167 10.667444229125977
7.928971767425537 9.218957220145676 3.8173282146453857 4.749003887176514
6.519047737121582 9.296795440718554 5.406225204467773 8.560916900634766
5.016842365264893 7.71867091460698 5.74626350402832 11.633256912231445
4.224950790405273 7.703891276816602 5.77891206741333 13.416836738586426
4.645133018493652 5.417154575364293 1.8869472742080688 1.9566723108291626
4.349190711975098 6.935334322909739 2.162869930267334 2.8594918251037598
3.1036643981933594 5.560605371016436 2.410414695739746 3.911747932434082
2.918879747390747 4.935382295750979 2.5449323654174805 4.650777816772461
5.137027740478516 6.016624483924176 2.014280080795288 2.0958919525146484
4.564927101135254 6.788928809190367 2.3451919555664062 3.1795897483825684
3.340841293334961 6.435728402809559 2.6315479278564453 4.436346054077148
2.4813971519470215 4.28951481816398 2.779022455215454 5.291675567626953
5.896154403686523 6.865104237699672 2.219829559326172 2.315307140350342
4.7129034996032715 7.420966077975393 2.6196556091308594 3.643784999847412
4.481465816497803 6.759735115183275 2.9458746910095215 5.164215564727783
3.67507266998291 6.325452783010206 3.103874921798706 6.166563987731934
5.6387858390808105 6.515874608510927 2.4636964797973633 2.5651609897613525
4.373552322387695 7.136552403388237 2.7954013347625732 3.818268299102783
3.246763229370117 5.261473532707441 3.0305778980255127 5.185761451721191
3.050912380218506 5.383967026177373 3.1385154724121094 6.124706268310547
6.218390464782715 7.188562153102566 2.6524581909179688 2.7825825214385986
5.276002883911133 8.038592884746492 3.0957605838775635 4.384705543518066
2.94761323928833 4.8519250871873965 3.39827561378479 6.1096720695495605
2.434751033782959 3.912753960519183 3.522961139678955 7.2397847175598145
7.100998401641846 8.277056086980167 2.9817512035369873 3.145977735519409
5.8707475662231445 8.221367901346873 3.5671310424804688 5.241719722747803
3.8859925270080566 5.859630099496087 3.933899402618408 7.4359259605407715
3.8643436431884766 5.177903036161908 4.0686516761779785 8.798624038696289
6.146778106689453 7.07674207107926 3.0606794357299805 3.2215304374694824
5.273733615875244 7.821547674379701 3.486506938934326 4.913812160491943
3.7094638347625732 6.460664796422293 3.6614158153533936 6.512613296508789
1.88670814037323 3.0699888173415957 3.7154855728149414 7.592512607574463
7.008309364318848 8.126918335279242 3.3327174186706543 3.5356147289276123
4.998592853546143 7.136209250454954 3.91094970703125 5.764028549194336
2.9385037422180176 5.505727021204507 4.182159900665283 7.856502532958984
2.2716798782348633 4.415046304159432 4.253662586212158 9.196219444274902
8.0400972366333 9.467858698182681 3.8105428218841553 4.082401275634766
5.430710792541504 8.625417737664065 4.592968463897705 7.068652153015137
4.500124454498291 6.859943475951553 4.947741508483887 9.823412895202637
3.5067193508148193 4.830344808727887 5.023854732513428 11.468361854553223
5.724340915679932 6.628113532830518 3.001861810684204 3.475726842880249
3.8643949031829834 5.01701362832884 4.06927490234375 5.892731189727783
3.6525187492370605 6.329809897710984 4.1829328536987305 7.631278991699219
2.6213760375976562 5.052459531942054 4.179742336273193 8.783987998962402
6.549657344818115 7.600251742990153 3.239697217941284 4.186193943023682
5.15688419342041 7.360147021529702 4.599241733551025 6.997267246246338
1.9896798133850098 2.4314281919746783 4.831365585327148 9.327672958374023
2.8776638507843018 4.7201083497122625 4.8444013595581055 10.784384727478027
7.788094520568848 9.074088335061914 3.8520655632019043 4.812010765075684
5.990683555603027 9.080813937096082 5.462661266326904 8.699841499328613
4.3311991691589355 6.350353127115966 5.788629055023193 11.825153350830078
3.508817672729492 6.498645265371806 5.797608375549316 13.634387016296387
4.785735130310059 5.641783592154404 1.873041033744812 1.9433631896972656
4.13886833190918 6.6961842785565295 2.172931432723999 2.8954954147338867
2.0084965229034424 3.731730488031701 2.454561233520508 4.031262397766113
2.433136224746704 4.261662233778052 2.6100544929504395 4.837067604064941
5.182855129241943 6.154983053106079 2.000674247741699 2.083142042160034
4.013777732849121 6.158496731470677 2.3618738651275635 3.2322113513946533
3.476841449737549 6.014652156455341 2.692556858062744 4.602895259857178
1.959709882736206 3.1201014064638883 2.867159605026245 5.549620151519775
5.946435451507568 7.091158519031637 2.2009639739990234 2.298227310180664
5.121775150299072 7.850872085485491 2.644002676010132 3.721590280532837
3.5476646423339844 6.488574690221412 3.0338082313537598 5.409182071685791
3.7961769104003906 6.495113589073403 3.229475259780884 6.545857906341553
5.638530731201172 6.6055635473636585 2.457857847213745 2.561880111694336
4.516064643859863 7.115334948549844 2.8275856971740723 3.9018208980560303
2.85333251953125 5.481460294301542 3.1142444610595703 5.421283721923828
2.6052567958831787 4.485959342509787 3.2509617805480957 6.472007751464844
6.185201168060303 7.264710441589656 2.6436688899993896 2.7768378257751465
4.236062526702881 6.843561690661318 3.1438140869140625 4.509900093078613
3.7331149578094482 5.615932317349348 3.5203511714935303 6.464126110076904
3.297440767288208 5.829656563866479 3.684018611907959 7.757904529571533
7.04467248916626 8.478590217870988 2.959167957305908 3.1278207302093506
4.900605201721191 8.29176974177237 3.6371240615844727 5.4363837242126465
4.081913948059082 6.572287941022907 4.121153354644775 7.992888927459717
4.10181999206543 7.357625616104961 4.3133134841918945 9.612740516662598
5.995885848999023 7.021651448244512 3.1574764251708984 3.310049533843994
4.301206588745117 5.619426497591121 3.5987725257873535 5.12476110458374
2.437804937362671 3.6043151250232768 3.8204574584960938 6.946620464324951
2.3285608291625977 4.607926108270128 3.8971214294433594 8.168749809265137
6.8428544998168945 8.030760584858399 3.4182658195495605 3.616873264312744
4.6211442947387695 6.775326674565093 4.062470436096191 6.07407283782959
4.44989538192749 6.774398090811758 4.414981842041016 8.527487754821777
2.836862802505493 5.432749471652983 4.520954608917236 10.089812278747559
7.837530612945557 9.298073075536195 3.8709633350372314 4.141743183135986
5.314834117889404 8.647327592922498 4.801687240600586 7.547674655914307
4.6394147872924805 8.30968881836256 5.3059868812561035 10.890595436096191
3.3204410076141357 5.216311404860548 5.440859317779541 12.899520874023438
5.7139739990234375 6.561639067529157 3.6276748180389404 4.015472888946533
5.175705432891846 8.136325709085327 4.312164783477783 6.303529262542725
3.028022050857544 5.1073601485157525 4.4384236335754395 8.301717758178711
2.697990655899048 4.297962682114303 4.438131809234619 9.603886604309082
6.501999855041504 7.495078077704122 4.023800849914551 3.4021713733673096
5.525439262390137 8.606466761849113 4.920338153839111 7.604001522064209
4.383953094482422 6.956972848376218 5.202967643737793 10.365824699401855
3.5335237979888916 6.040375103903898 5.228127956390381 12.07449722290039
7.269321918487549 8.564912443581647 3.9906768798828125 3.9398107528686523
4.641289234161377 6.712923336364341 5.895653247833252 9.622077941894531
4.97158670425415 8.37151370708876 6.35233736038208 13.470454216003418
3.8844234943389893 5.9657312230094135 6.39837121963501 15.700879096984863
4.858899116516113 5.771805984703406 1.849636435508728 1.9188871383666992
3.8436341285705566 5.942735294216199 2.156886577606201 2.8845019340515137
3.7453055381774902 6.8020487215204435 2.4551119804382324 4.053440570831299
2.6968631744384766 3.973596725063885 2.623643636703491 4.890065670013428
5.2450127601623535 6.292508381765288 1.9781841039657593 2.059216260910034
4.609277725219727 7.4585553854478945 2.3469443321228027 3.223210334777832
2.9234611988067627 5.042386282528241 2.698050022125244 4.636643409729004
3.4685685634613037 6.580141291066729 2.8897206783294678 5.627302646636963
6.034832954406738 7.3638097506188664 2.1777262687683105 2.2735705375671387
5.616311550140381 8.647808826938839 2.6307213306427 3.717020273208618
4.078245162963867 6.279422030829664 3.0488572120666504 5.467586040496826
2.6631381511688232 4.652190869046166 3.2678582668304443 6.670215606689453
5.763546466827393 6.821262310825318 2.4253554344177246 2.5282745361328125
4.733422756195068 7.249289236609229 2.8029003143310547 3.8815054893493652
3.5170950889587402 6.412247326279086 3.1157290935516357 5.458171367645264
2.835064172744751 4.160335426559698 3.273347854614258 6.565906524658203
6.329935550689697 7.543824226623002 2.611496925354004 2.7428297996520996
5.3168044090271 8.883681245599064 3.121441125869751 4.494539737701416
2.7935781478881836 5.3861873991506855 3.5340495109558105 6.533551216125488
3.609880208969116 6.255342099838771 3.726677179336548 7.9122090339660645
7.297145366668701 8.957949298595658 2.923764705657959 3.089538812637329
5.158044815063477 6.804604078924376 3.62030291557312 5.436501979827881
4.577966213226318 7.743263901108662 4.1601243019104 8.133888244628906
3.723344326019287 6.812886760760245 4.393874645233154 9.88595962524414
6.240217208862305 7.3860439202686905 3.1893484592437744 3.3262646198272705
5.231602191925049 8.890478256968777 3.6019670963287354 5.137495040893555
2.852940559387207 5.645767127851741 3.8429994583129883 7.038924217224121
1.936576247215271 3.2272058960914194 3.940643548965454 8.336902618408203
7.2322187423706055 8.576704632904693 3.442469596862793 3.6269617080688477
4.130864143371582 7.192058637787113 4.075993061065674 6.112504482269287
3.5145480632781982 6.641740221369645 4.464067459106445 8.700420379638672
3.596824884414673 6.603289441441461 4.601881504058838 10.377243995666504
8.402791023254395 10.129415877368956 3.88317608833313 4.139011859893799
6.219393253326416 8.77687499451834 4.835292339324951 7.642877578735352
4.521088600158691 7.71021651851845 5.408114910125732 11.224404335021973
4.238169193267822 8.126870662155117 5.592529296875 13.41588306427002
5.297492027282715 5.898822974783229 3.578143835067749 4.01957893371582
3.5664775371551514 5.633420592890255 4.399007320404053 6.426619529724121
3.6601498126983643 5.497633219985801 4.503316402435303 8.493770599365234
1.8480581045150757 3.513093017552819 4.511927604675293 9.867622375488281
6.573580265045166 6.931065896759662 3.9298884868621826 4.4778337478637695
5.780261039733887 9.092123821664103 5.040064811706543 7.80821418762207
4.406973361968994 7.386901881349161 5.31687593460083 10.709755897521973
3.0780410766601562 4.895531204708996 5.359741687774658 12.528642654418945
7.294071674346924 8.199231052869266 4.536740303039551 5.23765754699707
6.7484941482543945 9.98311684730686 6.073807239532471 9.984179496765137
4.635489463806152 8.154139848877662 6.555172920227051 14.091368675231934
3.5772788524627686 5.141023107087335 6.636690616607666 16.506479263305664
4.758632183074951 5.495457477911461 1.7154897451400757 1.7669156789779663
3.1983792781829834 5.112974912563914 2.0400993824005127 2.6346890926361084
3.7975425720214844 6.021654270723019 2.36527681350708 3.6309123039245605
2.709895372390747 5.021059773080272 2.5669121742248535 4.3401899337768555
5.182376861572266 6.205255730694262 1.7887285947799683 1.8492910861968994
4.242321014404297 5.4606944475140295 2.1507210731506348 2.815469980239868
3.7174072265625 6.81272737065251 2.524608612060547 3.9701530933380127
2.8759512901306152 4.382308420368247 2.7608642578125 4.816530704498291
5.673624038696289 6.860686926652761 1.8963992595672607 1.9667705297470093
4.819913864135742 7.864989966273129 2.3084139823913574 3.070439100265503
3.474393606185913 7.617111664400259 2.746220111846924 4.444817543029785
3.185945987701416 6.2125730149123655 3.0257701873779297 5.4723358154296875
5.747651100158691 6.65088549176761 2.1634976863861084 2.2157466411590576
5.416853904724121 7.999841568346511 2.572059154510498 3.357147693634033
4.369193077087402 7.489751628311751 2.958397388458252 4.67782735824585
3.6082494258880615 5.63438890415415 3.1824543476104736 5.605180740356445
6.218784809112549 7.333045776964809 2.264141321182251 2.329240560531616
4.183504104614258 7.003980669373277 2.7404069900512695 3.653233766555786
4.424769401550293 7.361476377562212 3.2060093879699707 5.247668266296387
4.032403469085693 6.890159908542552 3.4845845699310303 6.400096893310547
6.965256690979004 8.280152965942445 2.4245362281799316 2.50730299949646
5.955751419067383 9.162813462598933 2.9938201904296875 4.093990802764893
4.765916347503662 8.265088751143253 3.5663065910339355 6.075868606567383
4.171541213989258 6.8924642814844645 3.913241386413574 7.527739524841309
6.294233322143555 7.2455620367545635 2.6667325496673584 2.750727415084839
5.545456886291504 8.395583262983337 3.1371121406555176 4.1856184005737305
3.585202217102051 6.1380524287455955 3.5427143573760986 5.775496006011963
2.9769492149353027 5.089587755397677 3.7667856216430664 6.861415386199951
7.063502311706543 8.178280131397273 2.8001809120178223 2.9053797721862793
5.416925430297852 7.749732279607997 3.368931531906128 4.62197732925415
4.975919246673584 8.434499401915312 3.8788559436798096 6.591418743133545
2.6214566230773926 4.617008409190191 4.171884059906006 7.980030059814453
7.866551876068115 9.257519703920991 3.028792381286621 3.162520408630371
6.349719047546387 8.518147410791698 3.7358102798461914 5.296909809112549
4.270772457122803 6.961239387225078 4.38787841796875 7.818090915679932
4.6492791175842285 7.327528090146984 4.767316818237305 9.607515335083008
6.122611045837402 7.013404978037784 2.8995630741119385 3.095924139022827
5.0158371925354 7.581935890803436 3.5828893184661865 4.922946929931641
3.9424102306365967 6.101967371263257 4.002522945404053 6.705581188201904
3.02927827835083 5.3024260347378345 4.220815658569336 7.882143974304199
6.484262466430664 7.560702105508605 3.1448006629943848 3.3588764667510986
5.863334655761719 8.99768192552931 3.871096611022949 5.488015174865723
4.120350360870361 5.977888014694699 4.411563396453857 7.740602016448975
3.588404893875122 6.2733494050126595 4.7080254554748535 9.267179489135742
7.299752235412598 8.784534891097337 3.2247962951660156 3.7732925415039062
6.502777099609375 9.831246958498113 4.342810153961182 6.4180145263671875
4.553109645843506 7.6458853088852266 5.049328327178955 9.324079513549805
3.858654737472534 7.7640616086670775 5.44174861907959 11.317191123962402
4.752315044403076 5.497398978637107 1.712746024131775 1.7646650075912476
4.870274543762207 7.42409321464973 2.0356645584106445 2.630146026611328
2.7048146724700928 3.752207899718087 2.354671001434326 3.616154670715332
3.6355531215667725 6.1186870001216676 2.5525424480438232 4.317984580993652
5.156860828399658 6.183867587661554 1.7859240770339966 1.847035527229309
3.883107900619507 6.635296485457545 2.146458864212036 2.8112285137176514
4.107956886291504 6.628675903156022 2.5132174491882324 3.953824281692505
3.5927276611328125 6.537541320749085 2.7453081607818604 4.7916107177734375
5.64786434173584 6.831250829243004 1.892794132232666 1.9637486934661865
5.275900840759277 7.951636918146903 2.303440570831299 3.065784215927124
4.4481096267700195 7.614783536657569 2.7330493927001953 4.425017833709717
3.999999761581421 6.245745219576634 3.008054733276367 5.4431962966918945
5.738903522491455 6.647110585218826 2.159257411956787 2.2117667198181152
4.345142364501953 6.302296933089565 2.5650205612182617 3.3485355377197266
2.792555093765259 4.5987111407494 2.9431419372558594 4.654675006866455
3.6749491691589355 6.178930418951978 3.1627273559570312 5.572823524475098
6.195141792297363 7.307262047171662 2.25947904586792 2.325047731399536
5.339771270751953 8.23976783817227 2.7337310314178467 3.6456918716430664
4.136699676513672 5.378138675910407 3.190934896469116 5.22424840927124
3.673590898513794 6.249212783051917 3.4649384021759033 6.36688232421875
6.976644515991211 8.275958701882319 2.4171435832977295 2.5004615783691406
5.719377517700195 9.611622697591628 2.985023021697998 4.084937572479248
5.379420757293701 8.56528191897155 3.548863649368286 6.047336101531982
4.668844699859619 7.321732923579475 3.8917031288146973 7.490489959716797
6.272799968719482 7.229834577120073 2.6643900871276855 2.7472071647644043
5.18192195892334 7.531560836936933 3.1300113201141357 4.175065517425537
3.969188690185547 6.842893075240696 3.527172803878784 5.749964714050293
3.39261794090271 6.123394126530087 3.746260166168213 6.826542854309082
7.0395941734313965 8.154568667005837 2.796740770339966 2.900689125061035
5.202012538909912 8.743587433429422 3.3630752563476562 4.613615036010742
4.547436714172363 7.9331870531231194 3.8648762702941895 6.568833827972412
3.4459052085876465 5.926987197095343 4.15363073348999 7.948779106140137
7.887627124786377 9.270948071633256 3.0198872089385986 3.151991605758667
6.291675090789795 10.128564329314742 3.726804494857788 5.286474704742432
3.940680980682373 6.616412205150823 4.371854305267334 7.79057502746582
4.498596668243408 8.263930413345609 4.748434543609619 9.573835372924805
6.0941009521484375 6.991886538722156 2.893747329711914 3.0874812602996826
5.3383564949035645 7.798968153502756 3.5792174339294434 4.915859699249268
4.465097427368164 6.964958601819944 3.9897592067718506 6.682516574859619
2.6876561641693115 3.829680453042222 4.202246189117432 7.8499064445495605
6.442158222198486 7.5171250406315195 3.136122226715088 3.386767625808716
5.741455078125 8.56555990826979 3.869257926940918 5.484615802764893
4.168176174163818 7.518042505432049 4.401759624481201 7.723371505737305
4.030338764190674 7.3970208034170355 4.693553447723389 9.243240356445312
7.330428600311279 8.790772216728328 3.066486358642578 3.6845719814300537
6.336745262145996 9.57787384129199 4.338197708129883 6.4113383293151855
3.445976972579956 7.0013741947264805 5.038344383239746 9.303818702697754
4.380932807922363 6.8966215199699406 5.428785800933838 11.293930053710938
4.868823051452637 5.574787876877907 1.7037732601165771 1.7561532258987427
4.983313083648682 7.225490645440232 2.020972490310669 2.611271858215332
4.134702205657959 6.7469526406096065 2.3365769386291504 3.5939292907714844
3.6051132678985596 6.108691553036238 2.537750244140625 4.304851531982422
5.268791198730469 6.286145773541648 1.7816810607910156 1.8428826332092285
4.295987606048584 7.176100951647336 2.137817144393921 2.799778461456299
3.9356319904327393 6.954660913653811 2.5037851333618164 3.9445228576660156
2.9509332180023193 3.8667478876668895 2.7413153648376465 4.798173904418945
5.702661991119385 6.890445452319 1.8944311141967773 1.9653184413909912
5.501452445983887 8.656252459060674 2.3029367923736572 3.064864158630371
5.00789213180542 8.745537230076877 2.73539137840271 4.435736656188965
3.9043803215026855 7.036550654000969 3.0196189880371094 5.4828009605407715
5.874051570892334 6.759117123974477 2.1605913639068604 2.2121145725250244
4.3228960037231445 6.827468705870921 2.560791015625 3.3404414653778076
4.197734355926514 6.396568906238741 2.9384210109710693 4.656952381134033
3.0383121967315674 5.258012895969014 3.162588357925415 5.598674297332764
6.312061309814453 7.418715722075149 2.2675187587738037 2.3324153423309326
5.157623291015625 8.19433712038051 2.742039918899536 3.6545348167419434
3.6931581497192383 7.253818685963921 3.2089269161224365 5.2677321434021
3.0611841678619385 5.685389315102043 3.4939749240875244 6.456833362579346
6.982788562774658 8.303675822320724 2.431436538696289 2.5141782760620117
6.079084873199463 8.887489384854632 3.0074963569641113 4.114944934844971
5.2128071784973145 8.954685767301044 3.594468832015991 6.148553371429443
3.6271371841430664 6.535459872916135 3.958239793777466 7.675178050994873
6.290966033935547 7.22857809762354 2.738734483718872 2.81013560295105
4.3393964767456055 6.939836507048653 3.195821762084961 4.250591278076172
4.4556965827941895 7.048087063028362 3.5858511924743652 5.861245632171631
3.064553737640381 4.73636836369602 3.7989814281463623 6.970761299133301
6.962954521179199 8.080307435919394 2.875642776489258 2.9694299697875977
5.4333062171936035 8.71766566905626 3.4524643421173096 4.727613925933838
4.372915744781494 7.389637877499808 3.9693288803100586 6.773709297180176
3.6297192573547363 5.8210442595601535 4.262866497039795 8.229752540588379
7.7985124588012695 9.185739763322971 3.099977731704712 3.2219014167785645
6.38385534286499 10.658175399321607 3.841387987136841 5.443197727203369
5.676175594329834 8.70733326687946 4.5274481773376465 8.119958877563477
4.206537246704102 7.851298980040667 4.9251389503479 10.041858673095703
6.302563667297363 7.159540961260063 2.9114439487457275 3.080390214920044
5.063923358917236 6.8909172604699105 3.758817434310913 5.165299892425537
3.876708507537842 5.67833872714391 4.143242359161377 6.966059684753418
3.0722458362579346 5.312311748536786 4.327520847320557 8.155853271484375
6.419540882110596 7.481928233828547 3.1248362064361572 3.3507769107818604
4.83376932144165 7.319129390567014 4.0856242179870605 5.8016204833984375
4.529327392578125 6.152527986249538 4.624448776245117 8.161713600158691
4.492621421813965 7.916234593101137 4.902444839477539 9.762336730957031
7.356932640075684 8.680619674096533 3.460766315460205 3.7868294715881348
5.6456427574157715 9.485939189224812 4.595471382141113 6.793926239013672
5.482483863830566 8.296470083309941 5.33942174911499 9.943855285644531
4.3025641441345215 6.852267725186808 5.734538555145264 12.097362518310547
4.908305644989014 5.630409923548655 1.6752420663833618 1.728758692741394
5.131216049194336 7.744072107427172 1.991485595703125 2.5816681385040283
4.549332141876221 7.266935345799084 2.310131072998047 3.570892572402954
3.4280307292938232 6.1001442769761525 2.5176637172698975 4.294676780700684
5.295234203338623 6.330105438802775 1.7556010484695435 1.8173936605453491
5.4637041091918945 8.373163484342058 2.1115036010742188 2.7736763954162598
3.8191635608673096 6.0955238064489095 2.4814465045928955 3.9281747341156006
3.903494358062744 7.32871340816723 2.7257208824157715 4.7982048988342285
5.6983256340026855 6.930594666107709 1.8715332746505737 1.9427490234375
4.891258239746094 8.688062695592759 2.282097339630127 3.046454668045044
3.8285553455352783 7.091335110895443 2.721526622772217 4.436199188232422
4.178961753845215 7.659718685587677 3.014697313308716 5.508847236633301
5.928301811218262 6.838918950157108 2.109288215637207 2.161561965942383
5.6307373046875 8.442909216954376 2.5075650215148926 3.2829113006591797
4.480063438415527 6.980961149526138 2.8911492824554443 4.610327243804932
3.3762004375457764 5.414484445157079 3.1264312267303467 5.576064586639404
6.330191135406494 7.4635160690609155 2.219902276992798 2.2852723598480225
5.778028964996338 8.473155023815846 2.695155382156372 3.6037631034851074
3.8895952701568604 5.994048643903248 3.172807455062866 5.239562511444092
4.13917875289917 6.993718496398515 3.4705522060394287 6.464332580566406
6.943167686462402 8.390436832268648 2.387315034866333 2.470170497894287
5.7892022132873535 9.633910499631597 2.9708199501037598 4.078964710235596
4.40303897857666 8.20771128022318 3.5787644386291504 6.16327428817749
3.5868687629699707 4.437548646633019 3.960986852645874 7.752485275268555
6.280364036560059 7.242854731404805 2.717982530593872 2.7772955894470215
6.041409015655518 9.35113263051801 3.1612846851348877 4.206412315368652
4.473839282989502 7.476753680448056 3.5465645790100098 5.83136510848999
3.451613187789917 4.628167505743136 3.7658681869506836 6.972529888153076
6.842088222503662 7.993876747639433 2.8557822704315186 2.93829083442688
5.464295864105225 8.472528988700333 3.431588649749756 4.703210353851318
3.3305931091308594 6.046877041963015 3.9561216831207275 6.794670581817627
3.704702615737915 6.710910496154469 4.258876800537109 8.304073333740234
7.7194647789001465 9.285488310699144 3.0786023139953613 3.1891138553619385
6.164717197418213 10.41971194557145 3.8411166667938232 5.454902172088623
4.949090480804443 8.456030297064913 4.557806968688965 8.236578941345215
4.162709712982178 7.949811931731574 4.974011421203613 10.26210880279541
6.156396865844727 6.98089382890322 2.8130598068237305 2.9862184524536133
5.837278366088867 9.218539143914995 3.8353111743927 5.274518013000488
4.328686237335205 7.491130093460242 4.153700828552246 7.022899150848389
3.0193002223968506 5.545555064798137 4.319777011871338 8.224710464477539
6.251621723175049 7.3357435983569275 3.0129141807556152 3.2294278144836426
5.97955846786499 9.750404690866304 4.1889872550964355 5.966930389404297
4.261712074279785 6.707389200480943 4.681154727935791 8.31885814666748
3.7219460010528564 6.52282077894982 4.94432258605957 9.960179328918457
7.401471138000488 8.80522676722785 3.3235647678375244 3.6030099391937256
5.584828853607178 9.873467525738306 4.739962577819824 7.040509223937988
5.658928871154785 9.174820489593685 5.469449043273926 10.274802207946777
4.726729869842529 8.022679793352381 5.8603692054748535 12.530648231506348
4.834437847137451 5.2671178975907935 1.692702293395996 1.7341519594192505
4.925044059753418 7.558253841528909 1.9319418668746948 2.4340925216674805
2.697598934173584 3.984350412047661 2.1901557445526123 3.3192965984344482
3.086265802383423 5.24997105548664 2.3526360988616943 3.9638431072235107
5.284090042114258 6.083545647224042 1.812225103378296 1.8595880270004272
4.830681324005127 7.650112837822604 2.0910658836364746 2.6647517681121826
4.063436985015869 5.8390792332921535 2.3884730339050293 3.699915647506714
3.211183786392212 5.305743036370451 2.5706098079681396 4.455714225769043
6.1126298904418945 7.196150153937651 2.002775192260742 2.0592973232269287
5.358463287353516 7.681538433122938 2.338486671447754 3.0254719257354736
3.406587600708008 6.326432611667514 2.6867563724517822 4.274306297302246
4.286500930786133 6.389980860111507 2.891291856765747 5.180657863616943
5.780145645141602 6.335278833110092 2.1070306301116943 2.1554057598114014
5.324492931365967 8.377449356406856 2.383378028869629 3.047092914581299
4.104580879211426 5.612136834505648 2.6499099731445312 4.1645097732543945
2.7415502071380615 4.587148090751157 2.8112807273864746 4.973987579345703
6.385972499847412 7.340557647611604 2.289719581604004 2.348804235458374
5.035881996154785 6.782978177099892 2.639694929122925 3.4449291229248047
4.15071964263916 6.652674792573833 2.9705629348754883 4.826587200164795
2.770836353302002 5.33931218688042 3.1586344242095947 5.815074443817139
7.502238750457764 8.73380867426755 2.604174852371216 2.68430757522583
5.631899833679199 8.708676515239217 3.0662474632263184 4.111591339111328
5.068319320678711 7.201997166903453 3.479889154434204 5.883626461029053
4.216691017150879 7.2059614615092755 3.6959688663482666 7.119583606719971
6.160926342010498 6.793981342000591 2.714773654937744 2.7943994998931885
5.838931560516357 8.832022911851807 2.958508253097534 3.844775915145874
4.188361644744873 6.6245623988477575 3.1496286392211914 5.0869245529174805
2.8135147094726562 5.328568346426437 3.2649214267730713 5.9853315353393555
7.16576623916626 8.131794983310442 2.9590189456939697 3.056898593902588
5.61068058013916 8.833091707873372 3.3190839290618896 4.436654567718506
4.099354267120361 7.656202863156068 3.594097852706909 6.0594305992126465
3.982816219329834 6.524525375126359 3.7395575046539307 7.19561243057251
8.493745803833008 9.704509595480033 3.4068171977996826 3.5417990684509277
6.114365577697754 9.595093141136005 3.9426674842834473 5.4767632484436035
4.809176921844482 7.904040428410326 4.325046062469482 7.668808937072754
3.923213243484497 7.702501449247318 4.497831344604492 9.13029670715332
6.230907440185547 6.865861176452313 2.879281759262085 3.0778324604034424
5.684886455535889 8.734193954534717 3.662139892578125 4.906917572021484
3.8170080184936523 7.107509412328284 3.6244962215423584 5.9810943603515625
3.0689854621887207 4.278060001965969 3.653512477874756 6.856983184814453
7.168540954589844 8.094370439723889 3.1977648735046387 3.4415581226348877
5.52261209487915 7.8979931249429 4.100339412689209 5.688591957092285
4.519524574279785 6.278875617645554 4.171841621398926 7.2281317710876465
3.3143937587738037 5.072760237043326 4.229428291320801 8.37934398651123
8.380264282226562 9.523890376416034 3.76765513420105 4.118714809417725
6.533125877380371 8.089279993528407 4.885906219482422 7.0695719718933105
4.488993167877197 5.414054364934145 5.084377765655518 9.323025703430176
3.8612241744995117 5.485256206043313 5.166626930236816 10.844633102416992
4.767894268035889 5.209221818505512 1.6758301258087158 1.7172445058822632
4.574238300323486 6.650046229150689 1.9139037132263184 2.412364959716797
3.5207910537719727 5.329009574008978 2.1694841384887695 3.2854621410369873
2.834209680557251 5.119985535678055 2.3295047283172607 3.919605016708374
5.227646827697754 6.036337396310131 1.791491150856018 1.8385785818099976
4.748761177062988 7.280614007313474 2.068209171295166 2.6360085010528564
3.8172199726104736 5.376630396105384 2.361539125442505 3.654245138168335
3.236757755279541 5.904779545528697 2.5402984619140625 4.395933151245117
6.042901992797852 7.118071627912201 1.9760546684265137 2.0319886207580566
5.039477825164795 7.784681695254761 2.308131217956543 2.985903739929199
4.206324100494385 6.71739676507741 2.6502933502197266 4.2106032371521
3.7123353481292725 5.771764597954185 2.8499438762664795 5.096854209899902
5.695137977600098 6.2680503479880185 2.063157796859741 2.111463785171509
4.856417179107666 6.603244918753717 2.3381905555725098 2.991269588470459
3.1527507305145264 4.60642618014856 2.6052989959716797 4.091592788696289
3.2988157272338867 5.662078880919353 2.766268253326416 4.887393474578857
6.272702217102051 7.214532637075948 2.2392702102661133 2.297588586807251
4.994327545166016 8.037307028582928 2.5855250358581543 3.3740034103393555
4.238767147064209 7.329776011534307 2.914368152618408 4.729223251342773
2.3779256343841553 4.436930966585294 3.100731134414673 5.698573112487793
7.3462138175964355 8.58995422846509 2.5431225299835205 2.6216022968292236
5.6987810134887695 7.958815654023965 2.9978747367858887 4.017263412475586
3.125239372253418 5.66829599089499 3.406395673751831 5.750335693359375
3.478731155395508 5.282031154814951 3.618597984313965 6.958774089813232
6.036876201629639 6.691044453602359 2.6284639835357666 2.705648183822632
5.310050964355469 8.286828040469151 2.870375633239746 3.730282783508301
4.405581474304199 7.144542114730939 3.070814371109009 4.957418918609619
3.587383985519409 6.4023857663675585 3.192599058151245 5.844995975494385
7.021393299102783 7.975732861649078 2.863020658493042 2.9567904472351074
5.495534896850586 8.305236902916445 3.217299699783325 4.296383857727051
3.8048739433288574 6.486903055240681 3.4987289905548096 5.890730381011963
3.3463053703308105 5.521049452797428 3.6488394737243652 7.010330677032471
8.327390670776367 9.570183705314207 3.294651746749878 3.422833204269409
5.792269229888916 8.441785721638313 3.8193459510803223 5.2963762283325195
4.093228340148926 5.816608076076477 4.206136226654053 7.446215629577637
4.088001728057861 7.026241184896094 4.380736827850342 8.882696151733398
6.094219207763672 6.739769095201154 2.780797004699707 2.977233648300171
4.7506489753723145 6.259572363675943 3.5385262966156006 4.736713886260986
3.6919100284576416 4.916590468539667 3.5098795890808105 5.789179801940918
2.8083255290985107 4.740554058175405 3.5542049407958984 6.6621294021606445
6.95818567276001 7.850114284229656 3.0800435543060303 3.3175058364868164
5.12002420425415 7.597865724361441 3.958381175994873 5.482746601104736
4.706718444824219 8.189343545346901 4.037770748138428 6.985837459564209
2.900728464126587 5.493445131006183 4.108285427093506 8.127532005310059
8.179230690002441 9.283921636191053 3.6167078018188477 3.9538588523864746
4.5624518394470215 6.8763637144732 4.713475227355957 6.806528091430664
4.812548637390137 8.197309875485416 4.923255920410156 9.015121459960938
3.7938108444213867 6.21957611107473 5.015422821044922 10.520441055297852
4.459906101226807 5.041048510731343 1.6141093969345093 1.6588033437728882
4.1285271644592285 7.056897153786878 1.8782929182052612 2.406111478805542
3.4843716621398926 6.1644137958274055 2.1624488830566406 3.3162107467651367
2.3111796379089355 4.691788435359285 2.3309059143066406 3.963792085647583
5.010900974273682 5.95535798992465 1.717617392539978 1.7673360109329224
4.153140544891357 7.181349761359343 2.022550344467163 2.62188982963562
3.122650384902954 5.962398886165303 2.3494744300842285 3.686964750289917
2.3405799865722656 3.560803061983563 2.539332628250122 4.447921276092529
5.7448811531066895 6.927792819569504 1.8805391788482666 1.93850839138031
4.833452224731445 7.550220211343003 2.2457282543182373 2.9575321674346924
4.234189987182617 7.2745850127656695 2.6306545734405518 4.248249053955078
3.53556489944458 5.547007459839327 2.8455989360809326 5.165314674377441
5.3711347579956055 6.129348446898106 1.872607707977295 1.9276201725006104
4.808828353881836 8.026823931420836 2.219405174255371 2.917546033859253
2.994664192199707 4.908603772889876 2.5763440132141113 4.120586395263672
3.5391383171081543 6.187501887779234 2.771327495574951 4.96168327331543
6.022521495819092 7.069937780268674 2.028221607208252 2.092646360397339
5.400068759918213 8.432429746234675 2.4473204612731934 3.2791378498077393
3.133465528488159 4.346737949022838 2.8769466876983643 4.75675106048584
2.544945240020752 4.431152154753171 3.1047728061676025 5.791133403778076
6.954935073852539 8.407205643737825 2.2937309741973877 2.3760125637054443
5.64229679107666 9.195314129126928 2.8282086849212646 3.885528087615967
4.505368709564209 6.107925531125147 3.3605215549468994 5.787055492401123
4.4119954109191895 6.250077652655364 3.62597918510437 7.097903728485107
5.857394695281982 6.707984390679818 2.184410333633423 2.2563371658325195
5.443937301635742 7.8068137883687 2.5999603271484375 3.490962028503418
3.166351318359375 5.532081252631469 3.0014803409576416 4.956636905670166
2.70161509513855 4.370985079952277 3.2004947662353516 5.954403400421143
6.756683349609375 7.861001299586549 2.3881328105926514 2.474501371383667
5.569295406341553 8.362448804843552 2.9148223400115967 4.014989376068115
4.6469926834106445 6.320436983587456 3.419710874557495 5.885735988616943
3.431269407272339 6.1094355019078534 3.6613399982452393 7.156828880310059
7.945560455322266 9.558299845566864 2.7617862224578857 2.8780694007873535
6.3085455894470215 9.105592555277553 3.469512462615967 4.941816329956055
4.118868827819824 7.762044885764003 4.123767375946045 7.456603527069092
4.021936893463135 5.585300404158147 4.412896156311035 9.122617721557617
5.118566036224365 5.900734210559875 2.3424952030181885 2.6352241039276123
5.223236083984375 8.349610400801215 3.1616244316101074 4.3453216552734375
4.151715278625488 7.171575569731431 3.3953897953033447 5.739154815673828
2.5793681144714355 4.688768459907578 3.564948797225952 6.804785251617432
5.726404666900635 6.798668873577299 2.5891475677490234 2.9175076484680176
4.213330268859863 7.446885825427671 3.538080930709839 5.039577484130859
4.503238201141357 6.3752908102999015 3.9181437492370605 6.939792156219482
3.508955478668213 6.7154180396760985 4.133205413818359 8.334522247314453
6.702239513397217 8.189483481114053 3.0304160118103027 3.441023349761963
6.08360481262207 10.174588462053805 4.220456123352051 6.253172397613525
5.272592544555664 8.86893078787357 4.810967922210693 9.002541542053223
4.313926696777344 7.643012596242933 5.080395698547363 10.877503395080566
4.59303092956543 5.201966385542619 1.6818263530731201 1.7280256748199463
4.625277996063232 6.17278334632806 1.9622341394424438 2.5212290287017822
3.7237741947174072 6.048098489689835 2.2594809532165527 3.4883813858032227
2.6402175426483154 3.884227842464327 2.4323813915252686 4.174846172332764
5.159216403961182 6.126661300529021 1.7878793478012085 1.8403611183166504
4.906311511993408 7.788503516847654 2.116541624069214 2.757429361343384
3.735640525817871 6.733508534701748 2.464722156524658 3.9034595489501953
1.614101529121399 3.4875032512034494 2.663104295730591 4.720629692077637
5.971526145935059 7.198081963838561 1.9505822658538818 2.0125396251678467
5.4713215827941895 8.91284548075987 2.3508141040802 3.119274616241455
2.9764935970306396 6.229568732066468 2.7700862884521484 4.527785778045654
3.5228357315063477 5.14532486143537 3.000507354736328 5.527420520782471
5.543694496154785 6.345533796329313 2.0594701766967773 2.1168978214263916
5.172272205352783 8.34708361303501 2.436596155166626 3.2077760696411133
3.19696044921875 5.267696135993191 2.802933692932129 4.515427589416504
3.2217113971710205 5.588481667331962 2.9909701347351074 5.4175944328308105
6.1675705909729 7.233255594392531 2.2164580821990967 2.285569667816162
5.641186714172363 8.037338432161278 2.6864511966705322 3.6180992126464844
3.9268112182617188 7.26979955867364 3.1446540355682373 5.257927894592285
3.5038726329803467 5.74766041807419 3.373461961746216 6.389896392822266
7.124662399291992 8.658111752607397 2.476152181625366 2.566133499145508
5.610358238220215 9.47511145698937 3.0919177532196045 4.288661003112793
4.053745269775391 6.345728561392207 3.6837029457092285 6.440487861633301
3.9998185634613037 6.149674007936255 3.964069128036499 7.905306339263916
5.903477668762207 6.798262935090238 2.608804941177368 2.697885751724243
5.110648155212402 8.333357924676193 3.056450605392456 4.116621971130371
3.4607691764831543 5.668474954150668 3.4327478408813477 5.722741603851318
2.820470094680786 4.473180141266378 3.5903613567352295 6.778944969177246
6.876217842102051 8.028265958512385 2.814018964767456 2.9223198890686035
6.189838409423828 9.949731685939696 3.4226248264312744 4.754022121429443
4.481978893280029 7.431914675920098 3.932734727859497 6.867712020874023
4.06320333480835 6.704544738777308 4.141482353210449 8.250397682189941
8.1363525390625 9.780444092398739 3.1790661811828613 3.323368787765503
6.60892915725708 9.840891185483713 4.038867950439453 5.834181308746338
4.36283016204834 7.963317419216363 4.747349262237549 8.742060661315918
3.420396327972412 6.372444197627459 5.020676136016846 10.601790428161621
5.255509376525879 5.844141718445364 2.7421836853027344 3.0260534286499023
5.243471622467041 8.54514876981409 3.962632894515991 5.490358352661133
3.2295901775360107 5.239498393674111 4.072963237762451 6.991332530975342
3.0948705673217773 5.691859007655125 4.141352653503418 8.056784629821777
6.6130170822143555 7.375042292872834 3.012338638305664 3.3349826335906982
4.874452114105225 7.92615352679104 4.457717418670654 6.457090377807617
4.673381328582764 7.927938795934779 4.736636161804199 8.5653715133667
3.577004909515381 6.397110748714219 4.84959602355957 10.006159782409668
6.959890842437744 8.261768516259963 3.463261365890503 3.8732495307922363
6.1202569007873535 9.967240748024551 5.307338714599609 8.067944526672363
4.8221845626831055 8.613583188349637 5.8198323249816895 11.137295722961426
3.290815591812134 5.864858043930383 5.992488384246826 13.131327629089355
4.390647888183594 4.873049395699631 1.5806889533996582 1.6269890069961548
4.486176490783691 7.357269004884074 1.8594188690185547 2.394237518310547
3.637680768966675 6.812552175067534 2.1651148796081543 3.3012146949768066
2.7694642543792725 5.329631491814666 2.347554922103882 3.920462131500244
5.047954082489014 5.780871563338991 1.676295280456543 1.7263344526290894
5.166209697723389 7.441481246637977 1.9907807111740112 2.591348648071289
3.3516695499420166 6.652972307619336 2.3403005599975586 3.6386351585388184
3.1514251232147217 5.60166806899332 2.547513008117676 4.359933853149414
5.823287010192871 6.93750553473302 1.828592300415039 1.8853631019592285
4.720412731170654 7.411063044499315 2.1950221061706543 2.893130302429199
4.213977336883545 6.762298052939116 2.603835344314575 4.136896133422852
3.7557547092437744 4.686836820697295 2.841862678527832 4.995814800262451
5.211145877838135 5.848836743534548 1.8906692266464233 1.9442265033721924
5.108165264129639 7.818358780212293 2.2475039958953857 2.9357423782348633
3.912794351577759 6.8798587528769986 2.624178409576416 4.126106262207031
3.0682053565979004 6.224390381156737 2.832256555557251 4.931673049926758
6.025829315185547 6.9823761102773005 2.03682017326355 2.0967869758605957
5.680117607116699 8.72645304597788 2.460681200027466 3.2688369750976562
4.820255279541016 7.537908146000063 2.914836883544922 4.713284015655518
4.15501070022583 7.083622041945588 3.1628522872924805 5.696828365325928
7.0059027671813965 8.277577709225056 2.292794942855835 2.3658242225646973
6.202081203460693 9.067114938439772 2.819014549255371 3.8182895183563232
5.565458297729492 8.456315263744102 3.3798351287841797 5.6338372230529785
4.749052047729492 7.238596262296381 3.6766536235809326 6.86415433883667
5.616695880889893 6.38792354345324 2.351560115814209 2.3803772926330566
5.137879848480225 7.592545233214764 2.7496280670166016 3.625445604324341
4.36700963973999 7.539629837708496 3.141211986541748 5.063455104827881
3.129972457885742 5.401967479023426 3.3397772312164307 6.007038116455078
6.617152214050293 7.684817374539307 2.543886184692383 2.593010902404785
6.077094554901123 9.667324300014144 3.047783851623535 4.1187543869018555
4.80716609954834 6.978657773687019 3.55594539642334 5.9325127601623535
4.200488567352295 6.893217717723333 3.808722972869873 7.131791114807129
7.735754489898682 9.166217638476382 2.9109957218170166 2.9905478954315186
6.611220836639404 10.334660692568548 3.5809295177459717 4.970961570739746
5.39878511428833 8.102508589657191 4.245089054107666 7.348604202270508
3.8663251399993896 6.628443481724389 4.55928373336792 8.898935317993164
5.871443748474121 6.678124135949474 2.3875985145568848 2.5306296348571777
5.188795566558838 7.713489701602157 3.4866411685943604 4.592491149902344
4.57520866394043 7.1821751045590645 3.661390781402588 6.027613162994385
2.9913344383239746 4.067149267474747 3.7938244342803955 6.985895156860352
6.849858283996582 7.926612338117252 2.6202056407928467 2.7939698696136475
5.3734354972839355 7.7389205927444955 3.855560302734375 5.276636123657227
4.155874729156494 5.617026299632016 4.179569721221924 7.150404930114746
4.349539279937744 6.447318395130878 4.380057334899902 8.424188613891602
7.975612163543701 9.258837687055916 3.0591073036193848 3.2945144176483154
6.426085472106934 9.509290761635839 4.5175251960754395 6.421048164367676
5.2325849533081055 7.240258173764715 5.05517053604126 8.998080253601074
3.965749502182007 6.93242957220464 5.327966690063477 10.705717086791992
4.309810161590576 4.811170294953037 1.5511715412139893 1.5976548194885254
4.045521259307861 5.863617447626426 1.8257665634155273 2.3554842472076416
3.6638870239257812 5.4977092153886815 2.1262519359588623 3.247370481491089
3.086318016052246 4.965239176225019 2.305788278579712 3.8547396659851074
4.94742488861084 5.702790787324716 1.6434919834136963 1.6935955286026
4.706600666046143 6.85491056713618 1.9517983198165894 2.544483184814453
3.9171030521392822 6.973976842499042 2.293314218521118 3.5698065757751465
3.408367872238159 6.38695863823267 2.496208429336548 4.274950981140137
5.633760929107666 6.753641691795565 1.789770483970642 1.8463702201843262
5.398253917694092 7.594386277699755 2.146883487701416 2.8332841396331787
4.173402309417725 6.6600518889622435 2.543990135192871 4.045799255371094
3.229118585586548 6.473200349475064 2.7755544185638428 4.882472038269043
5.005896091461182 5.668119375635097 1.820679783821106 1.8746618032455444
3.9295568466186523 6.413931717115165 2.170198440551758 2.842611312866211
3.641232967376709 6.637173943756807 2.5412983894348145 4.003079891204834
2.9180502891540527 5.4337832160582025 2.7483198642730713 4.788288116455078
5.8263139724731445 6.798746420088264 1.9610661268234253 2.0212454795837402
5.421790599822998 8.434007013180235 2.3718998432159424 3.1567652225494385
4.42494535446167 6.620910634979964 2.8144493103027344 4.555217742919922
3.549617052078247 6.311744371055854 3.0590527057647705 5.509437084197998
6.766312122344971 8.070127542552173 2.2036514282226562 2.2762250900268555
6.269852638244629 9.897697102579968 2.7091054916381836 3.6740963459014893
5.352123737335205 7.532122789672883 3.251397132873535 5.422722339630127
4.503477096557617 7.958748602853831 3.542356491088867 6.612697124481201
5.427219390869141 6.223022569461364 2.2010443210601807 2.2359061241149902
5.121969699859619 7.939112176823528 2.6007065773010254 3.436715602874756
3.9491076469421387 7.101319749218419 2.9976890087127686 4.8364057540893555
3.122856616973877 5.289867360380185 3.202570915222168 5.7577128410339355
6.393647193908691 7.472187901787947 2.384406805038452 2.436706066131592
5.732982635498047 9.236166446465404 2.8793861865997314 3.893683671951294
4.358090877532959 7.090291701642855 3.3835318088531494 5.644151210784912
3.69049334526062 6.545897702469269 3.639806032180786 6.80833625793457
7.5243964195251465 9.010206546512222 2.7280170917510986 2.807020664215088
6.7524824142456055 10.135794201880895 3.3752338886260986 4.684475898742676
4.675082683563232 7.182002363964557 4.026668071746826 6.968302249908447
4.845698356628418 7.964256258093144 4.343175888061523 8.471109390258789
5.60149621963501 6.112263927420486 2.2267868518829346 2.3881869316101074
5.098018169403076 8.364039506901463 3.301607608795166 4.377350807189941
4.505263805389404 7.540041544544074 3.461055040359497 5.6906256675720215
3.1023831367492676 5.043803704090692 3.6073107719421387 6.6313581466674805
6.550645351409912 7.622889907166041 2.444922924041748 2.633089065551758
5.793306350708008 8.738490238556535 3.653879165649414 4.970625400543213
4.541732311248779 7.412872897787395 3.9423556327819824 6.7330451011657715
2.3797788619995117 3.295406829049398 4.152528762817383 7.971971035003662
7.615010738372803 8.864935514060804 2.8509583473205566 3.0957932472229004
5.931600093841553 8.35720581586611 4.260812759399414 6.023709297180176
5.354501247406006 8.692131414318943 4.758212566375732 8.459988594055176
4.641061305999756 7.066472843261437 5.041179180145264 10.121119499206543
4.169689655303955 4.846457866940483 1.6106301546096802 1.6602113246917725
3.7558233737945557 6.759757866697214 1.897261142730713 2.472276210784912
3.2119483947753906 6.052989885150055 2.1986184120178223 3.426950216293335
2.7069811820983887 4.978429770709292 2.3729395866394043 4.075400352478027
4.815082550048828 5.794973974373136 1.7077161073684692 1.761483907699585
4.489388942718506 7.200000639706332 2.0338380336761475 2.6841824054718018
3.2589807510375977 6.2159225367304884 2.381685495376587 3.7994706630706787
3.513683795928955 6.929812335715042 2.5825040340423584 4.564971923828125
5.479269981384277 6.691615987463944 1.8540072441101074 1.9151298999786377
4.877669334411621 7.39784245213243 2.2370553016662598 2.998783588409424
4.09470796585083 7.891822398705841 2.648908853530884 4.340487003326416
3.666539192199707 6.613643845203114 2.883957624435425 5.26654052734375
4.889997482299805 5.776400624459258 1.9325566291809082 1.9910049438476562
4.14427375793457 6.578589520642254 2.2947115898132324 3.047957420349121
3.6999967098236084 6.62569459452402 2.6546058654785156 4.299639701843262
2.837048053741455 5.702059610113338 2.842850685119629 5.133272171020508
5.7015700340271 6.846520613246184 2.074613571166992 2.139953851699829
4.794586658477783 7.827144826466817 2.510368824005127 3.4003467559814453
4.114299297332764 6.977099494444253 2.952846050262451 4.943413734436035
2.8394596576690674 4.912033042276223 3.1843013763427734 5.980316162109375
6.643725395202637 8.1696552892207 2.3013806343078613 2.3798017501831055
6.251396656036377 9.108248292546392 2.8496928215026855 3.9550275802612305
4.71262264251709 8.889886833499688 3.410576343536377 5.929683208465576
4.130993843078613 7.917255606433567 3.7000818252563477 7.256381511688232
5.312716484069824 6.33650913473582 2.4020309448242188 2.437638521194458
4.946358680725098 8.673225746254971 2.7952706813812256 3.768409490585327
4.216935634613037 7.555046542435637 3.153075933456421 5.266937732696533
2.8035495281219482 5.4844204893354345 3.3190035820007324 6.22772216796875
6.285674095153809 7.541387737379409 2.5813071727752686 2.6388158798217773
5.492091655731201 8.04759615126201 3.091456174850464 4.285959720611572
4.019687175750732 7.370470307399046 3.5740807056427 6.219978332519531
3.4462201595306396 6.966963018076611 3.7989113330841064 7.471735000610352
7.37208366394043 9.146783399835385 2.88390851020813 2.9714713096618652
5.211893081665039 9.897258441867763 3.583385944366455 5.135014057159424
4.1036882400512695 8.456810936797638 4.24468469619751 7.734940528869629
4.083887100219727 6.460396800470278 4.547580718994141 9.404820442199707
4.140213489532471 4.555668915667297 2.519874334335327 2.72521710395813
5.375368118286133 9.120712583853674 3.546704053878784 4.8696465492248535
3.358819007873535 7.11864932106721 3.6493966579437256 6.244393348693848
3.0652921199798584 5.432557274214162 3.737457513809204 7.202155590057373
5.74699068069458 6.486581338689091 2.7472569942474365 2.9922401905059814
6.0161614418029785 8.068591854950546 3.9236538410186768 5.596538543701172
4.155184268951416 7.205851889548285 4.177358627319336 7.489045143127441
3.6449949741363525 6.491445881726463 4.3369526863098145 8.805039405822754
7.258267402648926 8.539132766197312 3.1326310634613037 3.4465713500976562
6.538964748382568 9.745991535985556 4.551029682159424 6.765567779541016
4.762939929962158 7.839147272548871 5.037378787994385 9.499411582946777
3.5674993991851807 6.14494580143392 5.288675308227539 11.328835487365723
4.181558609008789 4.930478910687526 1.6658040285110474 1.717419981956482
3.905017137527466 6.553016634336018 1.9652965068817139 2.576740264892578
2.831056833267212 4.651608163734863 2.2723422050476074 3.5829341411590576
2.1086928844451904 4.543176738179003 2.446711540222168 4.262246608734131
4.839534282684326 5.891475898502335 1.7664895057678223 1.822855830192566
4.625743865966797 7.768353686745883 2.1115076541900635 2.8097152709960938
3.5616354942321777 5.9631206812446464 2.470539093017578 3.9987809658050537
3.5693163871765137 5.843228101957976 2.6745972633361816 4.8101019859313965
5.429699420928955 6.745968273664118 1.9149442911148071 1.9796990156173706
4.830586910247803 7.8232088417033765 2.325953722000122 3.1515345573425293
3.672987222671509 6.905354392090786 2.7576372623443604 4.5985798835754395
4.360547065734863 6.8035728854834225 3.0014100074768066 5.590122222900391
4.856236457824707 5.809295091029746 2.0487635135650635 2.1113834381103516
4.799983501434326 8.600963030722824 2.434110641479492 3.2633814811706543
3.9361116886138916 7.812982831694019 2.796865463256836 4.604373931884766
3.1414220333099365 5.329218713346776 2.978424549102783 5.484211444854736
5.633592128753662 6.856869192615676 2.1942780017852783 2.264878988265991
5.206879138946533 9.099353732944394 2.6680843830108643 3.6591482162475586
4.229996204376221 7.227187490517508 3.124715805053711 5.339340686798096
3.008798837661743 4.6319113355170884 3.355494737625122 6.45073127746582
6.501741409301758 8.271105662518494 2.4184696674346924 2.5040998458862305
5.354002952575684 8.374402083123186 3.0272905826568604 4.269969463348389
4.744917869567871 8.908003261793056 3.621521472930908 6.450852870941162
3.6708357334136963 5.134219305290426 3.921318292617798 7.890182018280029
5.2350544929504395 6.330348177418841 2.6078615188598633 2.6512820720672607
4.744843482971191 8.334790368374115 3.038442373275757 4.158115863800049
3.234156847000122 6.197106940298227 3.3856167793273926 5.775147438049316
2.7426092624664307 5.236004455688999 3.529963493347168 6.783002853393555
6.141798496246338 7.513759400709887 2.791078567504883 2.8614320755004883
5.278192520141602 9.416345695183846 3.3681561946868896 4.758625507354736
3.735034227371216 5.602907743643129 3.8563382625579834 6.8855156898498535
3.7955119609832764 6.7623778834148425 4.066840648651123 8.22350788116455
7.331277370452881 9.33810746314606 3.085759401321411 3.1919491291046143
6.336490154266357 9.351975659757954 3.896775484085083 5.7158708572387695
4.596774101257324 7.747534209430825 4.593092441558838 8.619091033935547
4.440908908843994 6.960211665094519 4.896607875823975 10.427033424377441
4.860118865966797 5.649790688071704 2.803297281265259 3.0548222064971924
4.635900020599365 7.841219677840002 3.856294631958008 5.45339298248291
3.6380209922790527 5.9723816263831395 3.9738881587982178 6.971672534942627
3.4497220516204834 6.216934319884132 4.021154403686523 7.958683490753174
5.891739368438721 6.613156832968173 3.050541877746582 3.3520851135253906
4.7868781089782715 7.951819581276368 4.297959804534912 6.325321197509766
3.9503073692321777 5.371809334696149 4.574621200561523 8.447907447814941
3.5605287551879883 6.552031624367373 4.69835090637207 9.83322811126709
6.686285495758057 8.173611991656571 3.4454281330108643 3.826540946960449
6.2148542404174805 9.114361943416583 5.0058135986328125 7.695640563964844
4.945042610168457 7.866751628180282 5.532010078430176 10.781425476074219
4.296051025390625 7.729030711451799 5.761064052581787 12.731115341186523

