4.450336933135986 4.890153692643821 1.704087257385254 1.7623554468154907
4.581384181976318 6.788801663974059 1.9650837182998657 2.5371315479278564
4.040245532989502 6.573323447119492 2.2289974689483643 3.4283578395843506
2.3786497116088867 4.028286408473178 2.3799967765808105 4.016007900238037
5.031743049621582 5.744463033109696 1.8062018156051636 1.868690013885498
4.869582653045654 6.745895951988473 2.1098520755767822 2.767193078994751
4.361743450164795 6.99708413865406 2.4179067611694336 3.8296444416046143
3.7481207847595215 5.95811825047997 2.5922024250030518 4.539687156677246
5.623167514801025 6.803311231093403 1.964418649673462 2.0330164432525635
5.055018424987793 7.275445582111047 2.328057289123535 3.1029813289642334
3.8691654205322266 6.633959869029752 2.696779251098633 4.3997039794921875
4.421762943267822 6.602960831771938 2.902270555496216 5.2747015953063965
5.291077613830566 5.863094989962249 2.1631968021392822 2.2604830265045166
4.782495498657227 6.896863664794694 2.48968505859375 3.2992444038391113
2.743645429611206 4.505675615836765 2.7759206295013428 4.442683219909668
2.589653253555298 4.710340958338747 2.9143760204315186 5.158633708953857
5.965145587921143 6.864420422905823 2.308873176574707 2.415841579437256
5.226717472076416 7.990981257696603 2.7183806896209717 3.689455032348633
3.6265456676483154 6.31682593522055 3.0842037200927734 5.13088846206665
3.806318759918213 7.098007487422592 3.261294364929199 6.048099994659424
6.806192874908447 8.022748729964633 2.5571823120117188 2.6777944564819336
4.905267715454102 7.739750677030088 3.085693597793579 4.288895130157471
5.221904277801514 7.830427286997715 3.5597524642944336 6.154435634613037
3.969017505645752 6.9531655527756016 3.7870917320251465 7.353501319885254
5.7064948081970215 6.335898890422698 2.795945167541504 2.9144041538238525
4.148453712463379 6.444276758386877 3.1485214233398438 4.2875657081604
2.9276375770568848 3.4347031143818185 3.39150333404541 5.625380039215088
3.836656332015991 5.556300828706526 3.473513603210449 6.389695167541504
6.555037975311279 7.525503870314407 2.978856325149536 3.1332387924194336
5.009246349334717 7.3382712901827745 3.4568071365356445 4.875230312347412
3.9733400344848633 6.188571694130701 3.816648244857788 6.6313090324401855
2.692312479019165 4.6270011829936735 3.953155755996704 7.667511463165283
7.6389851570129395 8.978608522848504 3.3185055255889893 3.516397714614868
6.787476062774658 9.097153405054996 3.979764938354492 5.795983791351318
4.709376335144043 8.224399512466107 4.4943037033081055 8.156007766723633
3.479024648666382 4.729183866136395 4.698022842407227 9.586344718933105
5.721108913421631 6.311986512506799 2.994757652282715 3.196694850921631
3.090571403503418 4.06608288972539 3.791670560836792 5.281795501708984
2.6607649326324463 3.800844211233425 3.961988687515259 6.756340980529785
3.5327935218811035 5.814788185088219 3.962355136871338 7.488678932189941
6.570755481719971 7.525996525900709 3.254791498184204 3.526492118835449
5.393947601318359 7.001609908468254 4.166454315185547 6.084598541259766
3.4590201377868652 5.347627600043481 4.47517204284668 8.044614791870117
3.8201005458831787 5.118465171490012 4.545875072479248 9.088035583496094
7.678696632385254 8.852770703912029 3.718264102935791 4.089960098266602
6.454666614532471 9.570124248658772 4.81928014755249 7.349057197570801
4.727365970611572 7.104419176940727 5.312337398529053 9.99007797241211
3.9113504886627197 5.246696608882303 5.4642229080200195 11.50992488861084
4.604342937469482 5.350551496585467 1.890210747718811 1.959565281867981
3.6748158931732178 5.549480038655645 2.1650893688201904 2.855726718902588
2.911553382873535 4.5580583936528285 2.4121651649475098 3.899674892425537
2.2279505729675293 3.808748535777795 2.5474677085876465 4.636472225189209
5.106813430786133 5.976208226544685 2.0167593955993652 2.0977578163146973
4.299826145172119 6.102190246896498 2.3456451892852783 3.171182632446289
2.711652994155884 4.655643960463294 2.63189697265625 4.416130065917969
2.8610692024230957 4.7706178358590705 2.780893325805664 5.268258571624756
5.86719274520874 6.84211271090453 2.220113515853882 2.3144426345825195
4.6606221199035645 6.319190432166852 2.6161561012268066 3.6259262561798096
4.367816925048828 6.0184962448493025 2.943476676940918 5.12937593460083
3.663008451461792 5.078076297438201 3.1045076847076416 6.12580680847168
5.601348400115967 6.46984485310395 2.4660532474517822 2.566166400909424
4.69879674911499 6.575967772896033 2.7966856956481934 3.8071441650390625
2.914141893386841 4.549282153732861 3.032829761505127 5.161462306976318
2.2411909103393555 4.869356426624961 3.143232583999634 6.0987229347229
6.217366695404053 7.191723378190773 2.652512788772583 2.7807724475860596
4.3318400382995605 7.317465542404051 3.091809034347534 4.360676288604736
3.4167912006378174 5.361090491052096 3.3964412212371826 6.0646820068359375
2.000567674636841 3.2172822634342424 3.5256450176239014 7.191073417663574
7.130800247192383 8.29773580959693 2.974947214126587 3.1359636783599854
5.442485809326172 8.278502085456296 3.5512678623199463 5.191502094268799
3.3692307472229004 5.904342366697165 3.923384428024292 7.353839874267578
3.925029754638672 5.18877182483584 4.066763401031494 8.706762313842773
6.16121244430542 7.089756206626362 3.0530576705932617 3.2121548652648926
4.4158935546875 6.381279466261766 3.4835078716278076 4.890868663787842
3.767622709274292 6.328803765626105 3.6626009941101074 6.472378253936768
2.330777645111084 4.3080889197826115 3.7220447063446045 7.550230503082275
7.041097640991211 8.169282417530077 3.3219029903411865 3.521608591079712
4.921215057373047 7.0391378383210395 3.8977200984954834 5.717532634735107
2.9108879566192627 5.906640996443969 4.174591541290283 7.779808521270752
2.989171028137207 4.501750321818865 4.255267143249512 9.112722396850586
8.149490356445312 9.57566398616244 3.787635564804077 4.053384304046631
5.101885795593262 8.19560946593765 4.5570549964904785 6.973235130310059
4.081959247589111 6.407723216451377 4.921897888183594 9.682267189025879
3.9932050704956055 6.045402066060083 5.014594554901123 11.310288429260254
5.769826889038086 6.636628221451761 2.9884040355682373 3.4743053913116455
4.938754558563232 7.250202684942785 4.059905052185059 5.857203006744385
3.262040615081787 6.01709509098643 4.18168306350708 7.576756954193115
2.414797067642212 4.357276165489845 4.186959266662598 8.725348472595215
6.561466217041016 7.589952098487871 3.219383716583252 4.165761947631836
5.430872440338135 7.689979531572794 4.5749382972717285 6.9289751052856445
3.487431526184082 4.6419335249570395 4.816291332244873 9.223108291625977
2.7811930179595947 5.294226240666177 4.84341287612915 10.667454719543457
7.93454647064209 9.222837842258741 3.817345142364502 4.748978614807129
5.531564235687256 7.544525533691064 5.406201362609863 8.560959815979004
4.770517826080322 6.922318872403984 5.746220588684082 11.633212089538574
3.316199779510498 5.324248258747502 5.778954029083252 13.416670799255371
4.759781837463379 5.496148640446798 1.715502381324768 1.7669751644134521
3.8787455558776855 5.654617259871385 2.040123701095581 2.6347036361694336
3.1474063396453857 5.138275074745579 2.3652873039245605 3.630918502807617
2.1507315635681152 3.5961998750393604 2.5669162273406982 4.340187072753906
5.184936046600342 6.20608373941451 1.7887566089630127 1.8492883443832397
3.7621285915374756 6.478014021767223 2.150725841522217 2.8155159950256348
3.928941249847412 6.624351715333262 2.5246026515960693 3.970137119293213
1.787621259689331 2.2032396416231776 2.760866165161133 4.816485404968262
5.677794933319092 6.867929952159784 1.896430492401123 1.9667668342590332
4.3367462158203125 6.983120236017385 2.308420181274414 3.070460319519043
3.8952839374542236 7.7543357797770796 2.746206760406494 4.4448347091674805
3.473841667175293 6.541795429578599 3.02577805519104 5.472313404083252
5.747835636138916 6.651505723761261 2.163571357727051 2.2157580852508545
5.116744041442871 7.675995072856949 2.572061777114868 3.357128620147705
3.637852668762207 5.802572353846415 2.958392381668091 4.677857875823975
3.7910077571868896 6.253993095123519 3.1823601722717285 5.605228900909424
6.216986179351807 7.331551872727687 2.2641427516937256 2.3292605876922607
5.434422492980957 8.522816641869662 2.740434169769287 3.6532793045043945
4.158074855804443 7.436076513084103 3.2060067653656006 5.247595310211182
3.0443532466888428 5.221431023982177 3.4845831394195557 6.3999552726745605
6.96804666519165 8.28486878450967 2.424574613571167 2.507267475128174
5.794389247894287 8.407463728413404 2.993802309036255 4.0940327644348145
4.369688034057617 7.319114694429601 3.5662710666656494 6.075815677642822
4.315851211547852 7.386653875094282 3.9132330417633057 7.527726650238037
6.296591281890869 7.248056937016372 2.666740894317627 2.7507412433624268
5.387028694152832 7.233053366956597 3.137125015258789 4.185631275177002
3.441941022872925 5.922661669086864 3.54268479347229 5.775445938110352
4.010635852813721 6.6775577416121905 3.7668309211730957 6.8613786697387695
7.0656657218933105 8.18149224374037 2.8002026081085205 2.905372142791748
4.709949493408203 7.744855030756298 3.3690149784088135 4.621971607208252
3.9642930030822754 7.066580728190274 3.878815174102783 6.591491222381592
3.9496638774871826 7.5197073753333825 4.171917915344238 7.980005741119385
7.87327241897583 9.272384226321519 3.028780221939087 3.16251802444458
4.940563678741455 8.684829777120648 3.735806941986084 5.296935558319092
4.690814018249512 8.39560245186722 4.387842655181885 7.81820821762085
3.203800678253174 5.149418989629339 4.767358303070068 9.607486724853516
3.5458192825317383 4.373440094139996 2.899566173553467 3.0959296226501465
4.605623722076416 6.764644380584912 3.5829081535339355 4.922935962677002
4.012824535369873 6.689868642776389 4.002529144287109 6.70557165145874
3.053022861480713 5.285066948663371 4.220801830291748 7.882084369659424
6.419640064239502 7.499320967534089 3.1447880268096924 3.358875036239624
4.6227030754089355 8.061188736581869 3.8710834980010986 5.488015174865723
3.959343433380127 6.833327618823631 4.411618232727051 7.740305423736572
3.7783632278442383 6.411096579784271 4.707995891571045 9.267095565795898
6.37568998336792 7.583950302561163 3.2248048782348633 3.773306369781494
6.174464702606201 9.807967014281985 4.3428120613098145 6.417963981628418
3.8701651096343994 6.332051821462301 5.049302101135254 9.324270248413086
4.427247524261475 7.360066686072809 5.441999435424805 11.317294120788574
4.834841251373291 5.267758685539619 1.6927204132080078 1.7341516017913818
3.6672468185424805 5.724225279864186 1.931954026222229 2.434084177017212
3.305246353149414 5.719698681299917 2.1901347637176514 3.31929087638855
3.1173017024993896 4.921299977977014 2.3526463508605957 3.9638419151306152
5.282512187957764 6.079870683838095 1.8122435808181763 1.859591007232666
3.627913475036621 5.94503247406044 2.0910677909851074 2.6647238731384277
3.6020336151123047 6.198683109012336 2.3884456157684326 3.699916124343872
3.245427370071411 6.0414865207999355 2.5706310272216797 4.455765247344971
6.118832111358643 7.201281651788918 2.0027856826782227 2.0593106746673584
5.146658897399902 7.943784940449859 2.338491201400757 3.0254485607147217
3.904970407485962 6.864318836488678 2.6867716312408447 4.27429723739624
3.917459011077881 6.046883851253483 2.8913209438323975 5.180664539337158
5.780027389526367 6.336310708883822 2.1070165634155273 2.1554148197174072
4.8817524909973145 7.362299650134673 2.38337779045105 3.0470898151397705
3.625370502471924 5.860128743200999 2.649923801422119 4.16446590423584
3.2390098571777344 5.2730991216005805 2.8112947940826416 4.973996639251709
6.390925884246826 7.346162280261979 2.2897210121154785 2.3488025665283203
4.873844146728516 6.676977327096619 2.639697551727295 3.4449026584625244
3.9467830657958984 6.7121056404397885 2.970546245574951 4.826572418212891
2.9108285903930664 4.495782448528189 3.1586596965789795 5.815118789672852
7.500854015350342 8.732697252753638 2.6041948795318604 2.6843390464782715
4.386752605438232 7.216733559812155 3.0662684440612793 4.111529350280762
4.69172477722168 6.040894218531568 3.47986102104187 5.883612632751465
3.482508420944214 5.22733920214273 3.6959969997406006 7.11953067779541
6.159890651702881 6.794826483821836 2.7147953510284424 2.7944014072418213
4.930475234985352 6.936493669916359 2.9585297107696533 3.844778060913086
3.1023147106170654 4.464082753131038 3.149646759033203 5.086954593658447
3.691194772720337 5.615931094399798 3.2649431228637695 5.98546028137207
7.161852836608887 8.127503482566034 2.959085702896118 3.0569212436676025
4.977331638336182 7.911278141316501 3.319087028503418 4.436681747436523
4.511628150939941 7.5563288168705185 3.59401535987854 6.05943489074707
3.231125831604004 5.277071564304116 3.739502191543579 7.195732593536377
8.49661922454834 9.707157239172346 3.406829357147217 3.541787624359131
6.065372467041016 8.89142848608742 3.9427523612976074 5.476720333099365
3.8031883239746094 6.129437783509012 4.325041770935059 7.668785572052002
4.403763294219971 6.1940861374573695 4.4977707862854 9.130166053771973
5.531521320343018 6.150308908977195 2.879310131072998 3.077805519104004
3.9448885917663574 5.645965553264151 3.662165641784668 4.906918048858643
3.0797042846679688 5.529022860650127 3.6244759559631348 5.98118782043457
3.3851585388183594 5.322277201329257 3.6534979343414307 6.85699462890625
6.878107070922852 7.7336810130102265 3.1977667808532715 3.4415597915649414
5.156667709350586 7.224316575165403 4.10033655166626 5.688547611236572
3.8389499187469482 6.211138811640581 4.1718525886535645 7.227989673614502
2.6746037006378174 5.100365353436629 4.229427337646484 8.379255294799805
7.359853744506836 7.923974652749365 3.767657995223999 4.118682384490967
5.36973762512207 8.778468218396142 4.8859171867370605 7.069448471069336
4.804160118103027 7.581067299390014 5.084323883056641 9.32311725616455
4.494478225708008 6.4562258670566095 5.166626930236816 10.844669342041016
4.392806053161621 4.875326580208814 1.5806697607040405 1.627031683921814
4.5210065841674805 7.298226925484414 1.8594343662261963 2.3942062854766846
1.9666409492492676 3.8951247081881775 2.1651055812835693 3.301241159439087
2.164306640625 3.6968163279752844 2.347552537918091 3.9204626083374023
5.049802303314209 5.7819571475388045 1.676321029663086 1.7263003587722778
4.947062015533447 7.326505447509589 1.9908244609832764 2.591365098953247
3.3721914291381836 5.157053399525125 2.3402700424194336 3.6386420726776123
2.855180263519287 5.474037599797157 2.5475192070007324 4.35994291305542
5.828863143920898 6.941490923499657 1.8285753726959229 1.8853588104248047
5.054226875305176 8.104163840046574 2.1950459480285645 2.893122434616089
4.11084508895874 7.269621750351234 2.6038904190063477 4.136926651000977
3.8685312271118164 7.09544207259006 2.841850996017456 4.995816707611084
5.211768627166748 5.850185532530617 1.890715479850769 1.944278597831726
4.778451442718506 7.213032430870491 2.2475295066833496 2.935739040374756
3.470548152923584 5.261220528074659 2.624192237854004 4.126100063323975
3.57826828956604 5.41807808834173 2.8322625160217285 4.931674480438232
6.027417182922363 6.985686966045478 2.036839723587036 2.0968384742736816
4.987254619598389 7.803693252627681 2.460691452026367 3.26883602142334
4.009744644165039 5.608098497033097 2.9148478507995605 4.713252067565918
4.195804595947266 6.853729912871586 3.162822723388672 5.696834564208984
7.010605812072754 8.28279316578687 2.292820930480957 2.3658313751220703
6.388186931610107 9.740240879893236 2.819021463394165 3.818286180496216
4.964440822601318 7.056284344026608 3.3798327445983887 5.633852958679199
3.7693874835968018 5.300892257473208 3.67667293548584 6.864174842834473
5.6174211502075195 6.388628408555673 2.3515875339508057 2.380354166030884
4.650777816772461 7.125724576128846 2.7496185302734375 3.6254518032073975
4.299551963806152 5.666198483280596 3.1412172317504883 5.063404560089111
3.2375829219818115 4.560014420941229 3.3397748470306396 6.007050037384033
6.618053436279297 7.687885836277019 2.543912887573242 2.593015193939209
5.666400909423828 8.232574681132244 3.0477871894836426 4.118803024291992
3.457054615020752 4.491734093266871 3.5559661388397217 5.932486057281494
3.8786113262176514 5.246593252334669 3.808718681335449 7.131782531738281
7.735820770263672 9.171159383355985 2.91102933883667 2.9905166625976562
5.873377323150635 8.28248666022074 3.580944061279297 4.97098445892334
4.030143737792969 7.065742001626859 4.245116710662842 7.348555088043213
3.4568793773651123 4.999587448497664 4.559308052062988 8.898943901062012
5.436065196990967 6.171148954234241 2.387608289718628 2.5306220054626465
4.267691135406494 6.6289606638478205 3.4866340160369873 4.592522144317627
3.449892044067383 6.017384455225965 3.661344528198242 6.027677059173584
2.8316028118133545 4.903132815889036 3.7938144207000732 6.985904693603516
6.699347019195557 7.671446933210291 2.6202142238616943 2.793985605239868
5.75357723236084 8.721858634210548 3.85558819770813 5.276660919189453
4.075932025909424 5.841765348438798 4.179558277130127 7.150333881378174
3.4078643321990967 5.982543837475179 4.380110263824463 8.424188613891602
7.722750663757324 8.871959999595958 3.0591092109680176 3.294492483139038
5.480857849121094 8.158194239880899 4.517499923706055 6.421053409576416
5.109119415283203 7.967959095838829 5.055196285247803 8.998082160949707
4.600897789001465 7.009243595698322 5.327938556671143 10.705841064453125
3.8328423500061035 4.468526095001167 1.458756923675537 1.5024590492248535
3.939288377761841 6.2512160853408645 1.699022889137268 2.180210828781128
2.7423110008239746 5.118694259685753 1.9575620889663696 2.967224359512329
1.8776651620864868 3.9109742738875752 2.1218461990356445 3.517190456390381
4.2071146965026855 4.925064847286535 1.5369139909744263 1.5850632190704346
4.057240962982178 6.127534262679717 1.8076084852218628 2.3466944694519043
3.318166732788086 5.220643741038202 2.0960378646850586 3.2429025173187256
3.227562189102173 5.988300319647294 2.2773149013519287 3.8739590644836426
4.949863910675049 5.924903509830074 1.6601389646530151 1.7137974500656128
4.683036804199219 7.961832396739922 1.973570466041565 2.599881887435913
3.877345561981201 6.358234376792868 2.3003745079040527 3.6529910564422607
3.4350733757019043 5.78621621889404 2.5006778240203857 4.392507076263428
5.0495686531066895 5.773289393590517 1.615743637084961 1.6685471534729004
4.4934916496276855 7.018242726180688 1.9110658168792725 2.5016417503356934
2.9678945541381836 5.256449298999673 2.217029094696045 3.475742816925049
3.032479763031006 5.9062132867417745 2.408632278442383 4.168377876281738
5.510472297668457 6.367330097731141 1.7320393323898315 1.7920668125152588
4.385272979736328 7.2170880140240286 2.078857898712158 2.766411066055298
3.7561380863189697 6.845938914400733 2.4311232566833496 3.9199609756469727
3.8763484954833984 7.425086207873619 2.6464831829071045 4.740650653839111
6.346622467041016 7.425863077239285 1.9340167045593262 2.0026981830596924
5.7825422286987305 9.115429849538984 2.3581933975219727 3.2013967037200928
4.644805431365967 8.32904809008383 2.7719504833221436 4.6254563331604
3.5447912216186523 6.106151811517634 3.012164354324341 5.620875835418701
5.835609436035156 6.46250909972332 1.75449800491333 1.8167304992675781
5.142948627471924 8.095783908475823 2.10697603225708 2.8069941997528076
3.314619779586792 5.642633300482771 2.445039749145508 3.941540002822876
3.4103634357452393 6.103765993632834 2.655082941055298 4.7549872398376465
6.527651786804199 7.387910273508773 1.9055911302566528 1.9786895513534546
4.747657299041748 6.449461858859877 2.336488723754883 3.178375720977783
4.541752338409424 7.566897943690691 2.7356772422790527 4.5615339279174805
3.4746596813201904 6.626537219170359 2.972731828689575 5.545253276824951
7.619633197784424 8.743213817930059 2.193857431411743 2.280181884765625
5.869132041931152 9.280639042698716 2.7466366291046143 3.8286311626434326
4.712561130523682 7.593825443283279 3.2276766300201416 5.6003031730651855
4.480927467346191 7.0755525006308915 3.488194704055786 6.816590785980225
5.418350696563721 5.741761989525003 1.9753755331039429 2.1688954830169678
4.768802642822266 7.738572741158805 2.332724094390869 3.171638011932373
3.1782474517822266 5.769149313500975 2.624795913696289 4.3221611976623535
2.2656052112579346 3.481512209339961 2.8398730754852295 5.212116241455078
6.516232967376709 7.179371346112987 2.152132034301758 2.3686795234680176
6.0474138259887695 8.783964204439144 2.629269599914551 3.677446126937866
4.7890191078186035 7.405673389310948 2.9819278717041016 5.102187156677246
3.7574803829193115 6.829562251194943 3.2222344875335693 6.185929298400879
7.0699286460876465 7.911952168522525 2.481529474258423 2.7445032596588135
6.104736328125 9.27825660033227 3.172694444656372 4.571932315826416
4.365612030029297 7.57988101654891 3.6116669178009033 6.450960159301758
4.047628402709961 7.794107441334006 3.867189407348633 7.800726890563965
3.906569004058838 4.433321929151056 1.7216981649398804 1.779233694076538
3.6742167472839355 5.9442261395313665 2.007810354232788 2.606799364089966
3.3470256328582764 5.168334483841978 2.27539324760437 3.5273356437683105
2.4229390621185303 4.625036544319414 2.419705867767334 4.148904323577881
4.740922451019287 5.4893147958258055 1.8232334852218628 1.8847095966339111
4.3724236488342285 7.245066555748963 2.1520516872406006 2.8324496746063232
2.9404125213623047 5.142941806141337 2.4621658325195312 3.907681941986084
3.0320043563842773 5.802022180600233 2.6258130073547363 4.636551856994629
5.715130805969238 6.783518839526273 1.9806572198867798 2.0509417057037354
4.9377641677856445 6.2442328747885085 2.365726947784424 3.1702475547790527
3.5609536170959473 6.079166639673391 2.7288503646850586 4.45314884185791
4.1253228187561035 5.385209862272859 2.9141459465026855 5.3173346519470215
4.593001365661621 5.305814669121965 2.1887290477752686 2.2905991077423096
4.121059417724609 6.716104429077859 2.5459346771240234 3.388704776763916
2.943040609359741 4.479854868708634 2.8378171920776367 4.574810028076172
2.396068572998047 4.897114526142717 2.9695546627044678 5.351376056671143
5.578073978424072 6.518833736874328 2.3412699699401855 2.444899082183838
5.048652172088623 7.551149263321804 2.7843267917633057 3.7817139625549316
3.650667905807495 5.108064682030779 3.150557518005371 5.249086380004883
2.3071303367614746 3.9423712890147726 3.309891700744629 6.204128742218018
6.807667255401611 7.955954051980484 2.600156545639038 2.7162370681762695
5.283860206604004 7.4757920020442725 3.156691312789917 4.404378414154053
4.920393466949463 7.701186719358191 3.6143670082092285 6.254007339477539
3.811816930770874 5.739750540311157 3.802980661392212 7.4344329833984375
5.007829189300537 5.82044501767416 2.7693090438842773 2.943406820297241
3.4772531986236572 5.5640711185398395 3.1748406887054443 4.363975524902344
3.1884381771087646 6.051883581249329 3.4458577632904053 5.757185935974121
3.0360751152038574 4.558064103612651 3.5344579219818115 6.62966251373291
6.176856517791748 7.189746529904596 2.9719293117523193 3.1657567024230957
4.863065242767334 7.765048939709267 3.5119428634643555 4.9586029052734375
4.244794845581055 5.745436837416946 3.8931915760040283 6.760585308074951
2.6108016967773438 4.794138686731458 4.0157551765441895 7.875295639038086
7.605867385864258 8.812197628512205 3.3421640396118164 3.572451114654541
5.778249263763428 8.536590750669951 4.067124843597412 5.9360198974609375
4.668588161468506 7.691321345326287 4.576815605163574 8.293166160583496
3.782438039779663 7.317290403410311 4.7291388511657715 9.712135314941406
5.0296173095703125 5.750961297321979 2.9928598403930664 3.3650739192962646
4.1716628074646 6.262923666361246 3.762468099594116 5.335536479949951
3.6518712043762207 5.402946693888339 3.9801714420318604 6.834961891174316
2.581422805786133 4.229086567148897 4.010859489440918 7.736720085144043
5.8443803787231445 6.8295234362987 3.2862751483917236 3.7220277786254883
4.746767520904541 7.393868880396212 4.182681560516357 6.141192436218262
3.678497552871704 6.055407858346214 4.538930416107178 8.135479927062988
3.563439130783081 6.05121742231097 4.60980749130249 9.314395904541016
7.60422945022583 8.72142896622205 3.8205885887145996 4.358216285705566
5.40167760848999 7.870580311834658 4.898776531219482 7.482190132141113
4.391883850097656 6.647205089383419 5.413450241088867 10.136488914489746
3.0680365562438965 6.342695500514651 5.511066913604736 11.667299270629883
4.511594772338867 5.8137595127441655 1.5807366371154785 1.65096914768219
4.016610145568848 6.864061399911833 1.8748114109039307 2.5564565658569336
3.466547727584839 6.970481312450289 2.1384057998657227 3.5136234760284424
2.1049180030822754 3.0998230570667147 2.2896907329559326 4.1515655517578125
5.052184581756592 6.297686295327367 1.6736044883728027 1.7502758502960205
4.044851779937744 6.445909487599806 2.0056540966033936 2.7671377658843994
3.6727960109710693 6.930037643907383 2.3017659187316895 3.870023012161255
3.1226770877838135 5.487563340289443 2.469404935836792 4.616434097290039
5.610393047332764 6.9147666441267575 1.8177701234817505 1.9044687747955322
4.852168560028076 7.883311701309594 2.2042295932769775 3.088340997695923
4.47782039642334 8.104315878963916 2.539994239807129 4.389559268951416
3.762690544128418 5.046912197970194 2.7230825424194336 5.269834995269775
5.356247901916504 6.710246897041998 1.8956639766693115 1.9806945323944092
4.286248207092285 7.143132279064901 2.2109925746917725 3.0672123432159424
3.4552626609802246 6.400191111726301 2.4790189266204834 4.2607855796813965
2.543501853942871 4.800800118293722 2.6487181186676025 5.061925888061523
5.984830856323242 7.288399255704874 2.0310943126678467 2.127769708633423
5.247779846191406 8.156459957348375 2.4156293869018555 3.4130964279174805
3.3608920574188232 6.41854909945042 2.734621047973633 4.84504508972168
2.5567057132720947 4.652765292028562 2.926753282546997 5.8187150955200195
6.896151065826416 8.456130075219136 2.2589433193206787 2.374328374862671
6.116639614105225 9.656235918968093 2.7502474784851074 3.9742939472198486
4.325076103210449 7.763938643742279 3.132887125015259 5.7484846115112305
2.9775311946868896 5.392947944152354 3.3411037921905518 6.939321517944336
5.857117176055908 7.261709670417986 2.3876099586486816 2.48886775970459
4.255697727203369 6.539786818867725 2.6189968585968018 3.664856433868408
4.357968807220459 8.104317002938735 2.7997493743896484 4.994736194610596
3.1497883796691895 4.598059668462284 2.96669340133667 5.909110069274902
6.794139385223389 8.156230842898594 2.557769775390625 2.6831908226013184
5.706950664520264 9.385253251948505 2.8997154235839844 4.166897773742676
2.951517105102539 5.055265102340375 3.1482362747192383 5.818083763122559
3.7411038875579834 5.21725045452564 3.340733289718628 6.959573268890381
8.050085067749023 9.813052794413125 2.8706839084625244 3.029076337814331
6.221086502075195 9.787682548550492 3.3877675533294678 5.0213775634765625
4.139004230499268 6.43585484558912 3.7233219146728516 7.1507415771484375
3.9284067153930664 6.861260492779245 3.9234933853149414 8.576720237731934
6.042043685913086 7.390161542341048 2.6068811416625977 2.859450578689575
5.158670425415039 7.85735735605288 3.1323935985565186 4.437054634094238
3.0714759826660156 5.377662205445874 3.0719501972198486 5.633114337921143
2.5081987380981445 5.047748605747135 3.209669351577759 6.5814738273620605
6.6951985359191895 7.998947269307791 2.8264567852020264 3.118820905685425
5.273954391479492 8.364390794555725 3.4865195751190186 5.08834981918335
4.336203575134277 8.052393775756286 3.4992454051971436 6.671058177947998
3.7723429203033447 6.727366586301343 3.6615192890167236 7.875911712646484
7.914059638977051 9.62443729175368 3.208339214324951 3.5701904296875
5.5848541259765625 6.551056170232783 4.118013381958008 6.234034538269043
5.3130645751953125 8.838502746408802 4.233078956604004 8.39417839050293
3.5782034397125244 6.784052589173825 4.389315128326416 9.918060302734375
3.8002452850341797 4.46457153569952 1.7052463293075562 1.7690309286117554
3.5932419300079346 5.245805119037449 2.02256178855896 2.630384683609009
2.79764723777771 4.615022492389585 2.305551052093506 3.501129150390625
2.957718849182129 5.377468611203028 2.4501421451568604 4.07533597946167
4.675158977508545 5.6038004942690165 1.8064312934875488 1.8801028728485107
3.7057507038116455 6.198619772790607 2.167001962661743 2.8718667030334473
3.4304049015045166 5.811629864848783 2.4947872161865234 3.915137767791748
3.061333656311035 5.368969838604784 2.6615443229675293 4.611567974090576
5.832015037536621 6.996966025500797 1.9669325351715088 2.0517678260803223
5.13895845413208 7.633189078708451 2.39052152633667 3.226231336593628
4.541979789733887 6.423217737209654 2.780707597732544 4.507837295532227
3.600975275039673 7.0113367884126205 2.976099967956543 5.372290134429932
4.5835723876953125 5.401256997817427 2.1731390953063965 2.250669002532959
4.267769813537598 6.773497380962027 2.572981119155884 3.3807973861694336
3.4720687866210938 5.696316005952433 2.891172409057617 4.5181684494018555
2.9077038764953613 4.712552214801008 3.025972604751587 5.245849132537842
5.555902004241943 6.612154120506602 2.32131290435791 2.419443368911743
4.149857044219971 6.444669413273914 2.8045825958251953 3.7953507900238037
3.7849280834198 6.089055888031787 3.202921152114868 5.242151737213135
3.795947313308716 6.143696959264162 3.374516248703003 6.174619197845459
6.957675933837891 8.267381618055879 2.5814685821533203 2.705484390258789
5.889038562774658 9.116116268923783 3.188279390335083 4.443114280700684
4.260024070739746 6.750498560395552 3.696665048599243 6.32782506942749
4.120325565338135 6.410537215825798 3.9143948554992676 7.546757221221924
4.831903457641602 5.715853568100329 2.799217939376831 2.8955137729644775
3.693716526031494 5.9962487833608975 3.2485244274139404 4.325920104980469
3.32258677482605 5.414074758116303 3.5394885540008545 5.669711589813232
2.206263303756714 3.7628292447425338 3.625959873199463 6.4913811683654785
6.103287696838379 7.21481561015753 2.9933784008026123 3.119678497314453
4.48258638381958 6.1708055717177785 3.5634377002716064 4.931707859039307
4.473662853240967 7.073787578832551 3.9715073108673096 6.728557586669922
3.775543212890625 6.067201720416051 4.110079288482666 7.836683750152588
7.710082054138184 9.156523991975263 3.36202335357666 3.5335023403167725
6.011819362640381 8.000671335945754 4.119587421417236 5.929040431976318
5.406949996948242 8.802524698909679 4.679915428161621 8.367864608764648
3.3968067169189453 4.888822986201735 4.878801345825195 9.86855411529541
4.823765277862549 5.717630180763365 3.052828311920166 3.273416757583618
4.127359390258789 6.373887991913421 3.8782694339752197 5.329802513122559
2.7169876098632812 5.173818145258625 4.118889331817627 6.745360374450684
2.003786325454712 4.023773085362194 4.138646125793457 7.577649116516113
6.106145858764648 7.20600856833147 3.3556368350982666 3.6960971355438232
4.925583839416504 7.047053880922876 4.262404441833496 6.105813980102539
3.601572036743164 6.391941108636828 4.640103340148926 8.074548721313477
3.5631232261657715 6.346434096678366 4.727734088897705 9.258811950683594
7.751842498779297 9.22426735138611 3.799337863922119 3.570544958114624
4.73418664932251 7.1011195433356065 4.960386276245117 7.420408248901367
4.686729431152344 6.095837387191317 5.51938533782959 10.172944068908691
3.3949458599090576 6.699801240175041 5.677938938140869 11.830221176147461
4.497578144073486 5.1797127272408545 1.6093435287475586 1.6499675512313843
4.10170841217041 6.891438332060744 1.8552017211914062 2.3643484115600586
3.2423112392425537 5.505368204669139 2.13232684135437 3.2414915561676025
2.537858486175537 4.6494393174851325 2.29638409614563 3.868252992630005
5.009359359741211 5.8628057564542075 1.6937315464019775 1.7360296249389648
4.674002647399902 7.58399876091201 1.9751827716827393 2.5441129207611084
3.3382976055145264 5.984276940133782 2.2960526943206787 3.5643277168273926
1.638441801071167 2.516631900430056 2.486387014389038 4.302754878997803
5.7107930183410645 6.8431361148941505 1.8204108476638794 1.8680788278579712
4.9831953048706055 7.997100689006629 2.148059606552124 2.812133550643921
3.6188223361968994 6.801967648231994 2.521082639694214 4.023132801055908
3.8417816162109375 7.187840943120237 2.7418086528778076 4.902162075042725
5.498088359832764 6.290839616303401 2.0059072971343994 2.0606894493103027
4.487115383148193 6.72460702906551 2.318812608718872 3.014763116836548
3.0477347373962402 5.847704424706464 2.64603328704834 4.1719970703125
2.6601061820983887 5.1666683471159445 2.814922571182251 4.970969200134277
6.21885871887207 7.297951829060821 2.132098913192749 2.1887407302856445
4.46164083480835 6.637475169810841 2.512695074081421 3.3252556324005127
3.4072327613830566 5.924712578894483 2.9167885780334473 4.744080066680908
2.5501551628112793 4.097291376133814 3.1279404163360596 5.736005783081055
7.1856889724731445 8.41731716745036 2.338932752609253 2.4042558670043945
4.899789333343506 8.10774254652415 2.8100061416625977 3.810558319091797
4.413733005523682 7.465732635298393 3.303224563598633 5.581083297729492
3.908034563064575 5.547353468228266 3.559925079345703 6.818402290344238
5.9070210456848145 6.832311348149858 2.575666666030884 2.6443309783935547
4.337945938110352 7.0490177805293115 2.894686698913574 3.838498592376709
3.8051233291625977 6.5247174567320485 3.2152981758117676 5.231274127960205
3.678715467453003 6.742389749197624 3.3594820499420166 6.151390075683594
6.858071804046631 7.958910592380789 2.730116367340088 2.8143393993377686
4.721518516540527 7.175808799901233 3.161674976348877 4.3052287101745605
4.1669440269470215 6.454269729007692 3.599372625350952 6.090366840362549
2.5941946506500244 3.964117704760156 3.8054189682006836 7.288775444030762
8.196423530578613 9.49657889444373 3.0215237140655518 3.1299235820770264
5.692414283752441 9.63781276917598 3.603182315826416 5.072494983673096
3.9063141345977783 6.579564388688333 4.1687331199646 7.380371570587158
3.749795913696289 6.899534731675266 4.432263374328613 8.927196502685547
5.128223896026611 5.864907780766046 2.671186923980713 2.868803024291992
4.025699138641357 6.464254686716231 3.4791619777679443 4.797289848327637
3.683335542678833 6.143877665783265 3.734888792037964 6.231540679931641
2.835850715637207 5.687938203794147 3.8301846981048584 7.189459323883057
6.6916937828063965 7.660880059034902 2.966209650039673 3.1795156002044678
3.861029624938965 6.174179599057723 3.8012516498565674 5.377668380737305
3.415050983428955 6.117411438574436 4.205997943878174 7.33143949508667
3.2338807582855225 4.993410403129474 4.3850226402282715 8.639749526977539
7.998929500579834 9.181257133429881 3.3711423873901367 3.6551430225372314
5.609104156494141 6.916746081848812 4.364476203918457 6.414987087249756
5.195716857910156 8.77050646363864 4.928752899169922 9.017570495605469
3.9489214420318604 5.957366895715722 5.177175521850586 10.756794929504395
4.329617977142334 5.294662672687082 1.7669696807861328 1.834102749824524
3.2736988067626953 4.200930173080245 2.092188835144043 2.787553548812866
3.153719902038574 5.139090679075807 2.3674232959747314 3.804826498031616
1.47910475730896 2.2509164652768163 2.5147817134857178 4.498563289642334
4.922438621520996 6.018866407445216 1.8861355781555176 1.9626861810684204
4.30063009262085 6.95736649813027 2.2633731365203857 3.072528123855591
3.1278879642486572 5.37261722407311 2.5821220874786377 4.270975589752197
2.845102548599243 4.708257159641745 2.7472641468048096 5.081928253173828
5.655233383178711 6.893186548766607 2.076188087463379 2.1655845642089844
5.139365196228027 7.976776724689785 2.527780532836914 3.501642942428589
2.4935553073883057 4.368466862001238 2.9002292156219482 4.952597618103027
3.9859583377838135 6.409370127115025 3.083651065826416 5.923642635345459
5.34027099609375 6.437374834520398 2.2131810188293457 2.2991669178009033
3.9817144870758057 5.094326775532124 2.6054632663726807 3.5446889400482178
2.885497570037842 4.97106702087018 2.8975837230682373 4.850392818450928
3.1180531978607178 5.880054927463789 3.0430381298065186 5.727424621582031
6.0187177658081055 7.228104724911361 2.388174295425415 2.4924771785736084
4.235387802124023 6.137380635449308 2.8765106201171875 4.020663261413574
4.0409088134765625 7.04027247462259 3.244062900543213 5.639313697814941
3.490724802017212 5.437869398758721 3.417189836502075 6.705667495727539
6.8770432472229 8.277725386215593 2.6869008541107178 2.817533254623413
5.431880474090576 7.92079497151974 3.3186323642730713 4.774847984313965
2.434964179992676 5.6843232886685655 3.7802011966705322 6.837990760803223
4.037339687347412 6.918462900207828 3.97902250289917 8.161235809326172
5.738818168640137 6.897811363327719 2.8019464015960693 2.910839796066284
4.563395977020264 6.690321467592639 3.1938469409942627 4.422693252563477
3.277094602584839 6.129678096178733 3.4341418743133545 5.9283366203308105
2.946636438369751 5.717243866749385 3.5477294921875 6.931464672088623
6.672690391540527 7.903522490508152 3.0330445766448975 3.175067901611328
4.266571044921875 6.539326585834168 3.5616743564605713 5.109066486358643
4.1551127433776855 6.352685750586344 3.909893035888672 7.060434818267822
3.21158766746521 5.997942610036386 4.061267375946045 8.316522598266602
7.724487781524658 9.328906764614729 3.4400930404663086 3.6329398155212402
5.625920295715332 7.212113318055856 4.180934429168701 6.224368095397949
4.208254814147949 7.38220793553478 4.665462017059326 8.804849624633789
3.6804862022399902 6.028940255959014 4.848945617675781 10.397546768188477
5.7766499519348145 6.854953272425917 2.971508741378784 3.3119680881500244
4.638012409210205 6.8438189465900905 3.768131732940674 5.31118106842041
2.518333911895752 4.372570774592063 3.892519474029541 6.858689308166504
2.811103343963623 4.849455198118818 3.9545624256134033 7.916942119598389
6.517745018005371 7.775776828657399 3.2913546562194824 3.7243523597717285
5.2632317543029785 7.727972696186487 4.215488433837891 6.190884113311768
4.124537467956543 6.762990551001508 4.4699931144714355 8.282593727111816
3.2271335124969482 5.746207557081996 4.579365253448486 9.638877868652344
7.387928485870361 8.877081867852041 3.857433557510376 4.310655117034912
5.205864906311035 8.493199670187655 4.972911357879639 7.622152328491211
3.7577626705169678 5.883284563424654 5.401035785675049 10.484249114990234
4.077754974365234 5.552741528000484 5.547890663146973 12.226702690124512
4.267651557922363 5.241747308652247 1.6462810039520264 1.7063395977020264
3.3332831859588623 5.980285476813199 1.9290152788162231 2.5501670837402344
3.089190721511841 5.846432162927339 2.1903200149536133 3.4490301609039307
1.9079241752624512 3.12060749481069 2.3362364768981934 4.047674655914307
4.813488960266113 5.931019318379356 1.7321618795394897 1.8009814023971558
3.773442029953003 5.6817495649790715 2.0523719787597656 2.76880145072937
3.796395778656006 7.156975142502688 2.3458807468414307 3.812016725540161
2.764702081680298 4.967367567634135 2.5080392360687256 4.508833885192871
5.608752250671387 6.8667159636496535 1.8575544357299805 1.9378396272659302
4.6360859870910645 8.480788856839432 2.227248191833496 3.0792620182037354
3.7665657997131348 7.101971553380441 2.5624334812164307 4.319458484649658
2.5100173950195312 4.782460258345929 2.745431900024414 5.142098426818848
5.361234188079834 6.463961453623071 2.038501739501953 2.1155858039855957
3.365802526473999 6.129210081398355 2.371523141860962 3.200815200805664
2.0988850593566895 3.561305871238119 2.6361021995544434 4.311954498291016
2.1051065921783447 4.43541750230496 2.768594264984131 5.029382228851318
6.034000396728516 7.220423914825146 2.154590606689453 2.2489070892333984
3.68497633934021 6.633018210816793 2.5584652423858643 3.5499351024627686
3.8000216484069824 6.927140495163769 2.8791303634643555 4.902736186981201
3.0144081115722656 4.191187418502597 3.0373969078063965 5.7784857749938965
6.935911178588867 8.513420125186258 2.3387320041656494 2.4539899826049805
5.8463239669799805 9.49090678907578 2.8346240520477295 4.063450813293457
4.023126125335693 7.202006503974538 3.2256245613098145 5.75478982925415
3.556943416595459 6.748708868829395 3.418484687805176 6.839179515838623
5.791681289672852 6.93160366678751 2.6371612548828125 2.7214627265930176
3.5914576053619385 5.385881265572607 2.9480249881744385 4.037507057189941
2.8715898990631104 5.609802481213988 3.124767303466797 5.269646167755127
2.402040719985962 5.1915656960846945 3.2007408142089844 6.031411647796631
6.7697553634643555 8.070049773896471 2.780484676361084 2.8957912921905518
5.382619857788086 8.586524236566337 3.1991422176361084 4.545847415924072
3.922105550765991 7.593852735069504 3.457282781600952 6.112061500549316
2.5433807373046875 4.459764121376111 3.567739963531494 7.082667350769043
7.934388160705566 9.659039892450892 3.0232253074645996 3.1767616271972656
5.512956142425537 8.563957629503768 3.584937572479248 5.304098129272461
4.191012859344482 7.985273873921187 3.9411115646362305 7.345207691192627
4.034477233886719 6.543087958939395 4.097619533538818 8.59683895111084
4.894488334655762 5.575366830439634 2.8379273414611816 3.0666344165802
4.762176036834717 8.202904221589051 3.607250213623047 5.057486057281494
2.8119630813598633 5.439375638499293 3.597146511077881 6.193972110748291
1.9503746032714844 4.090694395652349 3.573225975036621 6.908573627471924
6.500762462615967 7.724406657189093 3.0397801399230957 3.332441806793213
4.385531425476074 7.2978537761927385 3.9360768795013428 5.731478691101074
3.7822370529174805 6.668728595033434 4.004948616027832 7.274473190307617
2.9436495304107666 5.669754877003172 4.023334503173828 8.226531028747559
7.753940105438232 9.247787441493415 3.365882396697998 3.73789119720459
4.764540672302246 8.252762318595671 4.430165767669678 6.747185707092285
3.542611837387085 6.464150345514014 4.6078267097473145 8.857701301574707
3.63397216796875 5.960824067480511 4.680609703063965 10.132827758789062
3.9570648670196533 4.985435309445165 1.7619763612747192 1.8111013174057007
3.6691856384277344 6.235795736267344 1.9976242780685425 2.628023386001587
2.540492534637451 5.065111020219547 2.1998190879821777 3.503138780593872
1.682781457901001 3.5457942417594737 2.309112310409546 4.070738315582275
4.5059099197387695 5.624641423581579 1.8533847332000732 1.9085485935211182
3.8451178073883057 6.613413001936806 2.135941982269287 2.8474369049072266
2.5479679107666016 5.4217745946937494 2.3720297813415527 3.859027862548828
2.669232130050659 5.234194083174998 2.494683027267456 4.523340702056885
5.309085845947266 6.473975795638935 1.9832602739334106 2.0490903854370117
4.154648780822754 7.453777434952599 2.3292593955993652 3.1608855724334717
3.75831937789917 7.052538935705343 2.6097183227539062 4.362166404724121
3.1937499046325684 7.011061723184866 2.7473089694976807 5.155589580535889
4.766598701477051 5.845780273710147 2.233128547668457 2.302563190460205
3.83320951461792 6.901977684928319 2.483372926712036 3.346453905105591
3.2049179077148438 6.416325827597449 2.6479299068450928 4.42302942276001
2.1504507064819336 4.627223219807206 2.7282447814941406 5.1015472412109375
5.488124370574951 6.583855251114301 2.3599815368652344 2.4355525970458984
3.8407700061798096 6.246643187918039 2.7027931213378906 3.7142274379730225
3.1046152114868164 5.376491782552726 2.9217748641967773 5.0253071784973145
2.5038390159606934 4.477364567407271 3.018360137939453 5.855539321899414
6.59853458404541 7.785814262269412 2.550767421722412 2.642580032348633
5.605044841766357 8.676271563272358 3.0177760124206543 4.256665229797363
3.6992714405059814 6.189139103336402 3.3103883266448975 5.901702404022217
2.2041993141174316 3.7738434245952703 3.424964189529419 6.940849304199219
5.174479007720947 6.06598256770576 2.8029184341430664 2.952549695968628
4.686168670654297 6.876928856103859 3.036377429962158 4.205232620239258
3.6023871898651123 7.003258313983327 3.1059818267822266 5.394197463989258
2.134955406188965 3.8441174433355627 3.1263623237609863 6.120183944702148
6.088809013366699 7.11508981010229 2.96913480758667 3.1388916969299316
4.417916297912598 6.894424210603006 3.348294973373413 4.755740642547607
2.4309937953948975 3.916217895131524 3.489206075668335 6.274846076965332
3.4877607822418213 6.159240740988224 3.5230159759521484 7.194128513336182
7.428340911865234 8.592551327987351 3.235590934753418 3.4378809928894043
5.649986267089844 8.737015721565257 3.807253122329712 5.581252098083496
4.712530612945557 8.095756416557379 4.043278217315674 7.577739238739014
3.8345115184783936 7.01540586996079 4.090219974517822 8.771611213684082
5.318522930145264 6.120126177959122 3.3110334873199463 3.6048829555511475
4.654233932495117 7.459243855061658 3.561925172805786 5.081407070159912
3.0720632076263428 5.282291426665705 3.501650810241699 6.251953125
2.2545034885406494 4.928017113457145 3.4485981464385986 6.967470645904541
5.816537857055664 6.395659782985092 3.4834439754486084 3.7650816440582275
3.983344554901123 6.848635693492213 3.9546561241149902 5.814590930938721
3.547851800918579 6.267203756511041 3.982297420501709 7.386954307556152
1.6205980777740479 2.556455799174273 3.935288429260254 8.318394660949707
7.140193462371826 8.250421941810373 3.515577554702759 3.936044692993164
6.06670618057251 9.2949755492225 4.547726631164551 6.9278244972229
4.481443881988525 6.670661401353414 4.684933662414551 9.076156616210938
3.631469964981079 6.413578336997489 4.640270709991455 10.325190544128418
4.157680511474609 4.636381955081195 1.5910439491271973 1.637144684791565
3.2363173961639404 5.080746956430801 1.8287590742111206 2.3238584995269775
3.1739773750305176 5.395347440409012 2.074396848678589 3.1215498447418213
3.1400787830352783 5.4166591230633685 2.2052626609802246 3.665998697280884
4.799530506134033 5.585045826876552 1.6770747900009155 1.72625732421875
4.253049850463867 6.138863341502926 1.9493356943130493 2.5127217769622803
3.336987018585205 5.08529902368695 2.231832504272461 3.456786870956421
3.45987606048584 5.1836112897795825 2.380072593688965 4.106157302856445
5.626166820526123 6.7504602802611835 1.8064916133880615 1.8605356216430664
4.364400863647461 7.223025662289279 2.128530502319336 2.791029691696167
4.768000602722168 7.352077423033279 2.46297025680542 3.9398562908172607
2.854936122894287 4.307415260129005 2.6343209743499756 4.731080532073975
5.045553684234619 5.635722262332322 1.9463768005371094 2.0148441791534424
4.270220756530762 5.755902435677967 2.243751287460327 2.9217679500579834
3.4303839206695557 5.848927955072863 2.515714168548584 3.9403791427612305
2.5516583919525146 4.633092237727396 2.6354825496673584 4.602112293243408
5.801233768463135 6.7318876772019465 2.0690834522247314 2.1436986923217773
4.463087558746338 7.015171052201367 2.4347994327545166 3.2395639419555664
3.7886435985565186 5.725276882276262 2.7751784324645996 4.5188751220703125
3.405287027359009 4.74423072738653 2.9232842922210693 5.353899002075195
6.83591365814209 8.019543344380244 2.2727415561676025 2.3557584285736084
5.582297325134277 5.9875596510815186 2.739347457885742 3.735518455505371
4.991677761077881 7.547920578431217 3.175252676010132 5.395443439483643
4.154675483703613 6.991611105691987 3.359145164489746 6.474574565887451
5.444155216217041 6.076703597676897 2.4797093868255615 2.5678718090057373
2.988758087158203 4.92907454736428 2.780196189880371 3.723067045211792
3.393754243850708 5.8740737022166325 3.009708881378174 4.895694255828857
2.8058576583862305 4.387060344068217 3.0797832012176514 5.60598087310791
6.459956645965576 7.3860928327669 2.627204418182373 2.7389206886291504
4.584992408752441 6.977702044174563 3.0407919883728027 4.199412822723389
3.735818386077881 6.607753227830472 3.376352310180664 5.755417823791504
3.4783246517181396 4.18636422556483 3.4871857166290283 6.703733921051025
7.853782653808594 9.084886011763928 2.9050276279449463 3.0409624576568604
5.0241546630859375 7.560238206576514 3.487691879272461 4.977989673614502
4.897590637207031 8.4060937143621 3.9657251834869385 7.101692199707031
3.0029053688049316 4.988825003260786 4.122170925140381 8.389288902282715
4.659239768981934 5.194409345683425 2.638401985168457 2.8211939334869385
4.09451961517334 6.247046091798438 3.428572654724121 4.737032890319824
2.5079870223999023 5.037064855852009 3.485788106918335 5.865952491760254
2.5968093872070312 4.229735987505877 3.469503879547119 6.519379138946533
6.119321346282959 6.994796619622946 2.8487086296081543 3.0615499019622803
4.992596626281738 7.582249629837179 3.7336134910583496 5.3912739753723145
2.747117757797241 4.520950820845201 3.9351985454559326 6.970349311828613
2.885125160217285 4.989959792382965 3.9748873710632324 7.913924694061279
7.587792873382568 8.444254706721722 3.2149457931518555 3.47011661529541
4.79506778717041 7.097004964568539 4.287222862243652 6.475428104400635
4.965811252593994 7.750058831553048 4.680080413818359 8.738394737243652
4.100195407867432 5.9060020111249685 4.777848720550537 10.090301513671875
4.062158584594727 4.7656113500262265 1.5904241800308228 1.6435025930404663
3.390129804611206 4.987449842922446 1.8815865516662598 2.447255849838257
2.855787754058838 5.4897865416078275 2.1783487796783447 3.3509252071380615
2.905014991760254 4.631938030429865 2.345669984817505 3.97629976272583
4.816429138183594 5.752621735318314 1.6831767559051514 1.7409446239471436
4.382413387298584 6.581667731980758 2.013690948486328 2.6552677154541016
3.942356824874878 6.122314858891059 2.3530075550079346 3.7200887203216553
3.4458906650543213 5.933318304494378 2.544328451156616 4.4664788246154785
5.71570348739624 6.841904473417287 1.827100396156311 1.8921114206314087
5.104769706726074 8.244075671607666 2.2132229804992676 2.9640564918518066
4.297463417053223 7.021198515251477 2.608219623565674 4.247543811798096
3.06337571144104 6.476523309928325 2.827282190322876 5.154853343963623
4.929588794708252 5.78304015863705 1.9184372425079346 1.996907353401184
4.319454669952393 7.180561098176348 2.276277780532837 3.0340607166290283
2.959702491760254 5.515799510098823 2.6178479194641113 4.191089630126953
3.0490877628326416 4.69272509317193 2.7970025539398193 4.981167793273926
5.793771743774414 6.8383903218380055 2.054234504699707 2.139073610305786
5.192331314086914 7.4261088464248814 2.4842636585235596 3.3763859272003174
3.5819168090820312 6.5643911730103355 2.8985164165496826 4.812078952789307
3.5452029705047607 6.165983798020875 3.115121364593506 5.799764633178711
6.8935089111328125 8.341154829820368 2.283952236175537 2.381908893585205
5.997603893280029 9.501841451996533 2.818899154663086 3.9185056686401367
5.3062028884887695 8.49039805630295 3.329854726791382 5.746440410614014
4.228830814361572 7.068530174997022 3.5898759365081787 7.006303787231445
5.367498397827148 6.297818197113372 2.4055514335632324 2.5758917331695557
4.363234043121338 6.0054023680685304 2.7652435302734375 3.799139976501465
4.047259330749512 7.234979304830858 3.0819382667541504 5.104343891143799
3.573486804962158 4.865007422757145 3.2395195960998535 5.993764400482178
6.4253034591674805 7.563483987464011 2.5814998149871826 2.7535176277160645
5.002594947814941 8.30564154589888 3.050527334213257 4.289884090423584
4.579148292541504 7.880182086814216 3.470872640609741 6.004826068878174
3.6169252395629883 6.575671859950258 3.678652763366699 7.16416597366333
7.747128963470459 9.381907689160471 2.9015791416168213 3.090851306915283
5.911460876464844 9.065314215751641 3.5321013927459717 5.108301162719727
4.3933844566345215 7.385464146475783 4.09064245223999 7.401403903961182
4.367521286010742 7.607912274899636 4.354830741882324 8.934503555297852
5.015146732330322 5.678791878890479 2.4509048461914062 2.702038526535034
4.39802360534668 6.462750715283164 3.376615047454834 4.822908878326416
4.121831893920898 6.812908880386885 3.507659673690796 5.973484039306641
3.447385549545288 5.957549102814994 3.6088204383850098 6.855401039123535
6.169020652770996 7.143377807548859 2.6666293144226074 2.937502861022949
4.206079483032227 6.992482104909168 3.7267913818359375 5.497465133666992
3.956211805343628 4.7306258069467155 3.98614501953125 7.121756076812744
3.724048137664795 6.177322948665164 4.147531032562256 8.329648971557617
7.793837070465088 9.118485627739744 3.0483760833740234 3.363999128341675
6.160279273986816 8.40092480506992 4.326494216918945 6.607187747955322
4.318472385406494 6.857944581695847 4.764520645141602 8.931675910949707
4.291046142578125 6.427641645419422 4.993189811706543 10.588082313537598
4.249243259429932 4.658433331648411 1.914172887802124 1.9536093473434448
3.3266940116882324 4.750351862371662 2.220707416534424 2.8329918384552
2.929964780807495 4.41843420221997 2.5555202960968018 3.901087999343872
3.119985580444336 4.902912528240165 2.7510671615600586 4.659464359283447
4.715721607208252 5.485927346220706 2.0179288387298584 2.0677473545074463
4.259256362915039 7.0304962224319905 2.374990940093994 3.0780162811279297
3.651796817779541 6.563783986236135 2.764718532562256 4.337489604949951
2.2652363777160645 4.295945279275202 2.9925384521484375 5.247644901275635
5.5155510902404785 6.615930877225082 2.180396318435669 2.243152141571045
4.508510589599609 6.974069988873092 2.6046833992004395 3.444025754928589
3.9879634380340576 7.097112170616128 3.066453218460083 4.968592643737793
3.4359238147735596 4.5376341558118725 3.334843397140503 6.0808820724487305
5.145712375640869 5.703146483349045 2.4153389930725098 2.4664244651794434
3.9774837493896484 6.278182898098578 2.851184129714966 3.7505598068237305
2.806303024291992 4.707236238815767 3.262634515762329 5.223499774932861
2.7627451419830322 3.8139582462870862 3.478205442428589 6.238461017608643
5.750339031219482 6.617709456629399 2.563699245452881 2.6337056159973145
3.865380048751831 6.221680628000968 3.0853285789489746 4.163949966430664
4.012678623199463 6.88032211929908 3.5796566009521484 5.958530426025391
2.832343816757202 5.313594169103567 3.843156099319458 7.216021537780762
6.870058536529541 7.96055891393371 2.8176229000091553 2.913828134536743
5.262678623199463 7.497989041509982 3.4594078063964844 4.814643859863281
3.2203896045684814 4.046782766660897 4.064754009246826 7.063567638397217
3.4981677532196045 5.097869848702467 4.3857855796813965 8.644156455993652
5.533026218414307 6.13289845439931 2.8063669204711914 2.9664533138275146
4.132457733154297 6.131786797449763 3.4375388622283936 4.693081378936768
2.9385552406311035 4.821643982226732 3.9142072200775146 6.532776355743408
2.51314640045166 4.2896382451646105 4.137844562530518 7.757871150970459
6.513510704040527 7.394542316514503 3.0139622688293457 3.1955997943878174
4.585451126098633 7.216989218033849 3.759448528289795 5.307553768157959
3.91937255859375 6.257932291328757 4.337493896484375 7.583322048187256
3.7482879161834717 6.4826244047760975 4.617737770080566 9.127715110778809
7.70516300201416 8.811166112806749 3.3851091861724854 3.610856294631958
5.755587100982666 8.490057725628503 4.297572135925293 6.311090469360352
4.72794246673584 6.629205858088653 5.011294841766357 9.203925132751465
3.8132402896881104 6.154468251308845 5.356809139251709 11.166781425476074
5.182753562927246 5.702530841621524 2.6140549182891846 3.4023263454437256
3.744774580001831 5.043582321268332 3.841283082962036 5.401411056518555
2.950984001159668 4.0978879645115285 4.394513130187988 7.563752174377441
2.062098503112793 2.9949351467269305 4.62997579574585 8.940564155578613
6.290929317474365 7.132685168875451 2.9946558475494385 3.3232693672180176
3.9970433712005615 5.939470330833956 4.243729591369629 6.224237442016602
4.740651607513428 7.35889902342708 4.90900993347168 8.884088516235352
3.8575031757354736 6.113783078417995 5.202286720275879 10.626622200012207
7.304721355438232 8.130787659278043 3.4443318843841553 4.068314075469971
5.7825398445129395 8.801949062232492 4.926985740661621 7.580305099487305
2.8472964763641357 4.346256179043763 5.741992950439453 10.93770694732666
4.010317802429199 7.094928562065917 6.099467754364014 13.165306091308594
4.464400768280029 4.979811792831583 1.6893019676208496 1.724806308746338
3.8529343605041504 6.01908282830118 1.9250661134719849 2.442546844482422
3.4249653816223145 5.66512670361729 2.179682970046997 3.3538706302642822
1.9959932565689087 3.226956005806386 2.3368449211120605 4.009784698486328
5.08662223815918 5.939122985133544 1.7881214618682861 1.8297452926635742
4.396040916442871 6.423174871507172 2.064213514328003 2.656142473220825
2.7698776721954346 3.489481867578661 2.3618767261505127 3.7149243354797363
3.4066970348358154 5.466365951312241 2.5413010120391846 4.473402976989746
5.918708324432373 7.043515768943507 1.938382863998413 1.9888862371444702
5.1975836753845215 7.3481449300631425 2.270935535430908 2.9737558364868164
3.8655943870544434 5.960280932326668 2.6262764930725098 4.244880676269531
2.874154806137085 5.671402328265932 2.833582878112793 5.145335674285889
5.3397088050842285 6.02570877249201 2.118265390396118 2.140507936477661
5.030550003051758 7.388394632242807 2.399740695953369 3.087251663208008
3.077461004257202 5.008403431197433 2.6639175415039062 4.260926246643066
2.804330825805664 5.00724603156101 2.813412666320801 5.08169412612915
6.101733684539795 7.117142258747334 2.260556221008301 2.297434091567993
5.575976371765137 8.196261110036176 2.619382858276367 3.447108268737793
4.340872287750244 6.2314752151644015 2.956634998321533 4.879269123077393
2.829111099243164 4.627481243314296 3.1395788192749023 5.8698835372924805
6.986476898193359 8.237873867218937 2.4995617866516113 2.556403636932373
5.898036479949951 8.515724667935224 2.9693076610565186 4.016695499420166
4.551951885223389 7.898502705411872 3.4011199474334717 5.826602935791016
3.6281256675720215 5.718611422368461 3.622938632965088 7.0541229248046875
5.64546012878418 6.410337162582948 2.7357914447784424 2.704115152359009
3.5501465797424316 5.030491852209934 2.9946706295013428 3.8883891105651855
3.4372851848602295 5.338128343055018 3.1817312240600586 5.252270221710205
1.8927117586135864 3.8756234882210947 3.2804901599884033 6.165114402770996
6.5809502601623535 7.6304597615796865 2.9167544841766357 2.9140000343322754
5.234429836273193 7.6357885513464225 3.293219566345215 4.425073623657227
4.4577531814575195 7.493717183260742 3.586758852005005 6.156555652618408
3.2771966457366943 5.209111700461627 3.726964235305786 7.295241355895996
7.634286880493164 8.927935852195958 3.2539517879486084 3.29465389251709
6.288589954376221 9.330770490453592 3.8041136264801025 5.311159610748291
3.662816047668457 6.47817110214649 4.222107410430908 7.573306560516357
4.221642971038818 5.8795564237170765 4.404137134552002 9.02454948425293
5.558651924133301 6.366934598419107 2.8596744537353516 3.0208704471588135
3.6266403198242188 5.322968863021856 3.6442947387695312 4.825277328491211
3.199449300765991 5.361560207800835 3.653846263885498 6.172954559326172
3.057514190673828 4.4699480775434495 3.6683995723724365 7.0831732749938965
6.180850028991699 7.080105613822525 3.127147912979126 3.38494873046875
4.244231224060059 6.34803430699441 3.998239755630493 5.53012228012085
4.221571445465088 6.870015213704278 4.148088455200195 7.331539154052734
3.5652477741241455 6.280095105997461 4.211819171905518 8.50086784362793
7.7479047775268555 9.00830203408509 3.6024703979492188 4.0565080642700195
5.852163314819336 7.221926745824447 4.641348838806152 6.715726375579834
4.709956169128418 7.428651099270539 4.942957878112793 9.160392761230469
4.14467191696167 7.215506187421887 5.047152519226074 10.685632705688477
4.068568229675293 5.036641633332692 1.6341800689697266 1.678742527961731
4.006351470947266 7.373745291213083 1.8838454484939575 2.4165525436401367
2.9352498054504395 5.670536719782431 2.1266930103302 3.243102550506592
2.647146224975586 5.5287378197656665 2.2652132511138916 3.8194706439971924
4.6305108070373535 5.736329375222795 1.7106225490570068 1.7602641582489014
3.563419818878174 6.401393843690244 1.9939488172531128 2.5943915843963623
3.183349370956421 5.162957193343367 2.2721714973449707 3.552730083465576
3.006547451019287 5.961146482026379 2.4296727180480957 4.224998950958252
5.450527191162109 6.6304548077193814 1.821683645248413 1.8789869546890259
4.646019458770752 7.2472914646684785 2.1494314670562744 2.8477330207824707
4.625142574310303 7.803838549044144 2.4738106727600098 3.98111891746521
3.2351419925689697 6.601006297917408 2.6557796001434326 4.776466369628906
4.934652328491211 6.012404241802869 2.05029034614563 2.101954221725464
4.430780410766602 7.6745199473467665 2.3562777042388916 3.0762717723846436
3.250120162963867 6.61771091614915 2.6141157150268555 4.126382350921631
1.706068992614746 4.621093110499714 2.7412607669830322 4.8367919921875
5.647593021392822 6.861607721045857 2.1526153087615967 2.213505506515503
4.057245254516602 6.545514590444782 2.5229885578155518 3.370594024658203
3.5829484462738037 7.386282701415155 2.843806505203247 4.654956340789795
3.1359381675720215 5.7854726226845 3.002397060394287 5.524627208709717
6.675603866577148 7.951057821315317 2.314486026763916 2.3904824256896973
4.911922454833984 7.424395878280961 2.771127223968506 3.808358669281006
4.0154805183410645 6.362273805179939 3.174886703491211 5.411448955535889
4.199407577514648 7.262935399970274 3.373732089996338 6.489436626434326
5.171633243560791 6.305196792135497 2.639202833175659 2.676961660385132
4.0504150390625 6.344780673111472 2.956653118133545 3.939016103744507
3.314603567123413 6.545054850816442 3.1687569618225098 5.160011291503906
2.0781147480010986 4.1562811206699735 3.2486159801483154 5.949276447296143
6.146522521972656 7.422980545668395 2.7622005939483643 2.8340368270874023
5.221905708312988 8.474169532136273 3.182088613510132 4.384853839874268
4.114753723144531 7.1830446141999005 3.486551523208618 5.946731090545654
3.260918378829956 6.741319965222374 3.6093037128448486 6.952415466308594
7.522045135498047 8.974084676075279 2.97890043258667 3.0893454551696777
5.774868965148926 8.15377262717439 3.5373997688293457 5.069387912750244
4.810403823852539 8.860399182506512 3.9601900577545166 7.097095966339111
3.8519058227539062 5.762538353079094 4.13521146774292 8.383484840393066
5.448009967803955 6.598378731392188 2.868812322616577 3.012748956680298
4.343831539154053 7.399820187553587 3.56030011177063 4.884408950805664
3.362278461456299 5.500566034271287 3.686065673828125 6.151012420654297
2.244798421859741 4.549024248401793 3.696092367172241 6.951735973358154
6.36565637588501 7.551253463082524 3.0683560371398926 3.2625396251678467
5.133589744567871 7.650388349112475 3.8394148349761963 5.4918413162231445
3.937155246734619 5.40250567826979 4.0739665031433105 7.17745304107666
3.019727945327759 5.107969838141592 4.138020038604736 8.235872268676758
6.7217912673950195 8.099622627860754 3.409086227416992 3.681046485900879
5.560149669647217 7.931182023059815 4.2933669090271 6.4399919509887695
3.914233684539795 6.338558682447926 4.6699090003967285 8.698667526245117
2.6290090084075928 4.801977190553873 4.794362545013428 10.082199096679688
4.205960750579834 4.660307366354623 1.789562463760376 1.8521218299865723
3.562849760055542 5.4334206399225025 2.1165859699249268 2.7413973808288574
3.01515793800354 5.122774497976934 2.4407711029052734 3.81577730178833
2.3789455890655518 3.9897065681465156 2.615166664123535 4.562754154205322
4.882630825042725 5.626063988466171 1.8767801523208618 1.9476991891860962
4.600010871887207 6.679269106853319 2.253025531768799 2.9793810844421387
3.817870616912842 5.993856260199145 2.6365251541137695 4.262876033782959
2.4839491844177246 4.734310996610702 2.846165180206299 5.161508083343506
5.641499996185303 6.75021030778062 2.004948854446411 2.085369348526001
4.780773162841797 6.8904134281651075 2.4473578929901123 3.3039965629577637
3.06878924369812 5.659588760265876 2.90598726272583 4.860254764556885
3.878706216812134 6.0101933162853385 3.1583402156829834 5.956592559814453
5.065091133117676 5.688729932901172 2.2665674686431885 2.3527374267578125
4.293566703796387 6.393011075794334 2.718726396560669 3.616536855697632
3.0289506912231445 5.234810966760961 3.124594211578369 5.114689350128174
2.214627504348755 3.563260155328867 3.3137569427490234 6.116344451904297
5.771906852722168 6.698560924756293 2.38639497756958 2.4897661209106445
4.670626640319824 6.5950244040489 2.9295475482940674 4.019226551055908
3.675520658493042 6.426204449218645 3.4380571842193604 5.8862433433532715
2.4977197647094727 3.112642136404702 3.6856961250305176 7.14546012878418
6.7658185958862305 7.936100525656483 2.5813441276550293 2.7049834728240967
5.500997066497803 8.758081334198806 3.248826026916504 4.593365669250488
4.088438510894775 7.452282100115951 3.8854291439056396 6.945028305053711
3.3515870571136475 5.515486269336943 4.2004828453063965 8.539922714233398
5.484440803527832 6.175778486786115 2.7861921787261963 2.904198169708252
4.652952671051025 6.922689123145517 3.3742852210998535 4.6060872077941895
2.282984495162964 3.5778398217955782 3.8251020908355713 6.492963790893555
2.5875909328460693 4.531900635501458 4.007008075714111 7.707169532775879
6.374545574188232 7.354993759433 2.948914051055908 3.094942331314087
5.256897926330566 7.5661291173730945 3.656311273574829 5.199638366699219
3.2349917888641357 4.582352759822697 4.248394012451172 7.611195087432861
3.15342116355896 5.472463144599374 4.512470245361328 9.177216529846191
7.50553035736084 8.731721553234308 3.224555492401123 3.407402992248535
6.062466621398926 7.606026008053007 4.105967044830322 6.087536334991455
4.207527160644531 7.391419315730673 4.875689506530762 9.182815551757812
3.582012891769409 5.511356103732557 5.230485439300537 11.20223617553711
5.034827709197998 5.742911706489053 3.1692771911621094 3.402986764907837
4.028872013092041 6.301701222707834 3.883410930633545 5.457888603210449
2.2222883701324463 3.8414002885647704 4.388271331787109 7.645035266876221
2.6663622856140137 4.2358477999387105 4.560456275939941 9.008798599243164
6.047440528869629 7.025151974446828 3.0827019214630127 3.514474630355835
5.254543781280518 7.7706590395820285 4.236167907714844 6.224936008453369
3.5168235301971436 6.341242828509496 4.894491195678711 9.063011169433594
2.7726969718933105 4.769606857626968 5.166945457458496 10.824139595031738
7.09018611907959 8.299702792788224 3.530700206756592 4.014863014221191
6.31860876083374 7.892720784130628 4.799795150756836 7.445755958557129
4.270997524261475 5.931174110751101 5.665621280670166 11.073199272155762
3.7759017944335938 5.869710235356209 6.046611309051514 13.359848976135254
3.832710027694702 4.394501600098806 1.491409420967102 1.5333725214004517
3.4442784786224365 5.583041384268981 1.7297122478485107 2.2249739170074463
2.738388776779175 5.361859578701472 2.0055105686187744 3.0880956649780273
2.785163402557373 5.011502944788845 2.1693170070648193 3.6803855895996094
4.467519760131836 5.313802461425004 1.5752501487731934 1.6219185590744019
3.163041830062866 5.327672006656819 1.8464993238449097 2.4093093872070312
3.4711995124816895 5.993914104899204 2.159407377243042 3.4091174602508545
2.702359199523926 5.194779902492374 2.3431203365325928 4.099825859069824
5.413218021392822 6.592937502120094 1.7052109241485596 1.7585545778274536
3.9578256607055664 6.960102469822843 2.0213510990142822 2.6834912300109863
2.750483512878418 5.889383636590708 2.3802521228790283 3.872565746307373
3.3825275897979736 6.242308775777019 2.5854153633117676 4.693996429443359
4.673769474029541 5.408175296890832 1.705133318901062 1.7559034824371338
3.642707347869873 5.621385056808572 2.017773389816284 2.6634676456451416
3.4973912239074707 5.9633388172024695 2.3669745922088623 3.7909295558929443
1.809269905090332 2.9714483926799176 2.5563154220581055 4.546008110046387
5.460430145263672 6.486463334275413 1.8285918235778809 1.8872243165969849
4.604809761047363 6.313884236697401 2.1972334384918213 2.9575233459472656
4.180827617645264 6.526066364064306 2.608703851699829 4.321195602416992
2.950138568878174 4.877665092941836 2.8295016288757324 5.242921352386475
6.673513889312744 8.016481285579516 2.034902572631836 2.1056582927703857
5.3706207275390625 8.6345189673227 2.484076738357544 3.425191879272461
4.2843146324157715 6.9110107583228455 2.97468900680542 5.1265740394592285
3.4420008659362793 6.58575944476955 3.2289016246795654 6.273311138153076
5.010097503662109 5.858237818550265 1.987350583076477 2.0478594303131104
4.363463401794434 5.670567674290737 2.3688502311706543 3.19765567779541
3.4247047901153564 5.309417061280783 2.7610747814178467 4.55739688873291
2.7739481925964355 5.501158390740784 2.9505491256713867 5.437346935272217
6.162100791931152 7.281918769179811 2.1493330001831055 2.2191567420959473
5.244893550872803 7.0648541931489035 2.6129040718078613 3.6094484329223633
3.9460976123809814 7.216480267727377 3.0953147411346436 5.3175554275512695
3.37200665473938 5.9013623389529855 3.3264076709747314 6.432525157928467
7.611618995666504 9.0313554695079 2.4370176792144775 2.52477765083313
4.748612880706787 7.236860253263586 3.0220272541046143 4.296167373657227
4.566107749938965 7.775923157061177 3.61769437789917 6.505828857421875
2.904097318649292 5.1248176911121845 3.8916125297546387 7.938261985778809
4.577452182769775 5.4007024727693915 2.0139341354370117 2.2190537452697754
3.6642496585845947 6.258192663756347 2.886924982070923 4.146787643432617
3.7253148555755615 5.363701016456318 3.149672746658325 5.3233113288879395
2.197870969772339 4.678499325709462 3.2978081703186035 6.231796741485596
5.2949604988098145 6.052482616813961 2.1999664306640625 2.4304802417755127
4.588901519775391 6.463201287369316 3.217930555343628 4.72029972076416
3.830422878265381 6.0976027320841695 3.5685412883758545 6.3006391525268555
3.5349535942077637 6.0826722741576305 3.7633700370788574 7.491997241973877
6.822917938232422 8.115877066853443 2.5312023162841797 2.8042821884155273
5.300774574279785 7.624344725105175 3.742718458175659 5.606068134307861
4.071588516235352 5.927167324690274 4.232619285583496 7.8422441482543945
3.500216007232666 4.055290139498652 4.471499443054199 9.414711952209473
4.036611080169678 4.586700448916474 1.8006011247634888 1.857838749885559
2.9609036445617676 4.329098976101648 2.0229005813598633 2.60720157623291
3.058129072189331 5.7325063871781055 2.218064785003662 3.4697999954223633
2.1402268409729004 4.125793717111264 2.3353404998779297 4.028659343719482
4.700301170349121 5.4814159010058745 1.8973684310913086 1.9555743932724
3.6443018913269043 6.027159007723185 2.1622724533081055 2.8259005546569824
3.023054838180542 5.343226765167742 2.3886497020721436 3.830380916595459
2.650494337081909 5.25367489469545 2.5162887573242188 4.475333213806152
5.321307182312012 6.400521243528857 2.036410331726074 2.0981669425964355
5.056149005889893 7.408076487512994 2.3548457622528076 3.1275742053985596
4.3392462730407715 7.182757878704781 2.6218700408935547 4.322307586669922
3.763648509979248 5.82871856242005 2.7631022930145264 5.084028720855713
4.7127814292907715 5.4026682447262715 2.3090476989746094 2.4073309898376465
3.389251232147217 4.852961782748153 2.5643348693847656 3.404684066772461
3.430759906768799 6.172797858524632 2.705010414123535 4.43467903137207
1.5851869583129883 3.3183215164045237 2.777726173400879 5.063946723937988
5.389190673828125 6.328218556596198 2.440774440765381 2.5442240238189697
3.4848666191101074 5.311126754275749 2.781374931335449 3.77892804145813
3.0059850215911865 4.746565909118914 2.973902463912964 5.049310684204102
3.461566209793091 6.14792360836941 3.058091640472412 5.805307388305664
6.263991355895996 7.503635145531916 2.645033121109009 2.7591755390167236
4.819115161895752 7.621558701389757 3.0912065505981445 4.306710720062256
4.886618137359619 8.351023904657438 3.3488829135894775 5.901762962341309
3.3935279846191406 6.24794977763397 3.4497036933898926 6.839310646057129
5.0246758460998535 5.676825659164791 2.8872969150543213 3.028517723083496
4.1766533851623535 6.292745510122886 3.1855664253234863 4.364861011505127
2.8951797485351562 5.289003348535601 3.2135910987854004 5.472309589385986
2.3364109992980957 4.301731794382526 3.2033567428588867 6.096925258636475
5.8454155921936035 6.7523426067512515 3.058518886566162 3.227600574493408
3.7951018810272217 6.172965844339785 3.482597827911377 4.92508602142334
2.634990930557251 5.053877133282185 3.5833208560943604 6.371123790740967
3.0381672382354736 5.798328481068514 3.5814707279205322 7.147599697113037
7.143863201141357 8.371007152727586 3.340994119644165 3.551826238632202
4.967256546020508 6.775131387947752 3.9202282428741455 5.7340497970581055
4.306764125823975 5.8563420346114645 4.105945110321045 7.626796722412109
2.5679311752319336 3.8357219150838375 4.11900520324707 8.631318092346191
4.162499904632568 4.466626004865617 3.3359057903289795 3.455700159072876
3.5731656551361084 4.925136149606203 3.7543742656707764 5.292412281036377
2.556676149368286 3.6888784196437427 3.6567418575286865 6.395427227020264
2.3555469512939453 4.006548130037345 3.55171799659729 6.961075782775879
5.808133602142334 6.738409306252123 3.5654654502868652 3.867168664932251
4.25663948059082 5.841916551407615 4.116634368896484 6.03364372253418
3.2570605278015137 5.461704432100433 4.111690998077393 7.545877456665039
2.4667704105377197 5.178776484216305 4.009944915771484 8.276220321655273
7.0392937660217285 8.302529686279483 3.8422460556030273 4.327220439910889
6.05809211730957 8.151593119852635 4.665963649749756 7.1233320236206055
4.577500820159912 6.596676720280662 4.758875370025635 9.160292625427246
4.220473289489746 5.889204116565054 4.66749906539917 10.141992568969727
4.382055282592773 4.919185140096971 1.6274789571762085 1.675382137298584
4.203676223754883 6.426385394462841 1.8791863918304443 2.4260034561157227
3.0674989223480225 4.550430702775813 2.148059606552124 3.329094886779785
2.740631103515625 5.1869680956824595 2.309597969055176 3.930661201477051
4.973406791687012 5.765614894286678 1.7085422277450562 1.7617321014404297
4.576867580413818 7.140303604459405 1.9950470924377441 2.618884801864624
2.9594359397888184 5.341123074734924 2.300474166870117 3.669337034225464
2.9984309673309326 5.665450908169234 2.481121301651001 4.373212814331055
5.647114276885986 6.75009820041123 1.8259159326553345 1.8852880001068115
4.383058071136475 6.68129496107349 2.160729169845581 2.8857247829437256
3.4026153087615967 6.323694554967815 2.514694929122925 4.1316633224487305
3.7831265926361084 5.869288124189552 2.719310760498047 4.970077991485596
5.191757678985596 5.924305906500365 1.9843554496765137 2.0435924530029297
4.244278907775879 6.283500715521569 2.2818222045898438 3.0070672035217285
2.768531084060669 4.582002961743342 2.57511305809021 4.15543794631958
2.7680842876434326 3.9550542343479265 2.743813991546631 4.9135565757751465
5.918233871459961 6.893129987226921 2.0933845043182373 2.1657752990722656
4.964916229248047 6.833660329472394 2.4586968421936035 3.3224470615386963
2.7407214641571045 5.115986412956204 2.816619396209717 4.7235822677612305
2.9314565658569336 5.607571343485742 3.015596389770508 5.650398254394531
6.842268943786621 7.9905741882075745 2.2664413452148438 2.3525784015655518
6.000263690948486 8.441204918909536 2.724388837814331 3.775258779525757
3.820756673812866 5.615581427484699 3.16538405418396 5.519861221313477
3.8811800479888916 6.832988922942178 3.4005677700042725 6.670499324798584
5.616881370544434 6.423709045894952 2.5274453163146973 2.5887081623077393
4.155445098876953 6.117243582086623 2.7766077518463135 3.7111706733703613
2.577549457550049 4.719444469571591 3.0233631134033203 5.029609680175781
1.9033366441726685 3.563666448005165 3.1680009365081787 5.898134708404541
6.503003120422363 7.551998352848685 2.6526939868927 2.732867479324341
4.3853607177734375 6.437366840282323 3.011683225631714 4.161256313323975
4.20280647277832 6.999721433320717 3.354337215423584 5.850329399108887
3.1473569869995117 5.32864064476405 3.540024518966675 6.951970100402832
7.752658367156982 8.956445027882637 2.874361991882324 2.9805874824523926
5.889994144439697 9.05274436397167 3.3833301067352295 4.833801746368408
4.863930702209473 7.652516349479072 3.8460471630096436 7.026341915130615
3.958751916885376 7.074911670214256 4.076840877532959 8.436497688293457
5.469073295593262 6.222836189009286 2.6160709857940674 2.733409881591797
4.630537509918213 6.9110017297927016 3.3481945991516113 4.637763023376465
2.737806558609009 3.657646948327965 3.435431480407715 5.831172943115234
2.2222437858581543 3.361471941727359 3.525068521499634 6.732553958892822
6.578596115112305 7.609512437464559 2.78206205368042 2.9460904598236084
4.515775680541992 7.29408323031771 3.630946397781372 5.207710266113281
4.0032196044921875 6.991937553517289 3.842158317565918 6.875890254974365
3.6993279457092285 6.05704255676585 3.97999906539917 8.06173038482666
7.699672222137451 8.880622634300153 3.0550365447998047 3.2750978469848633
4.972219467163086 7.584728955695468 4.094435214996338 6.071802616119385
4.240413188934326 7.256803838497888 4.456884860992432 8.397236824035645
3.2815399169921875 5.073974306023388 4.645395278930664 9.95503044128418
4.414369583129883 5.448439899465342 1.8025761842727661 1.8859425783157349
3.9731321334838867 5.3474474332401485 2.160447359085083 2.9096133708953857
2.4931485652923584 4.742651926019576 2.432941198348999 3.8904147148132324
2.239652395248413 3.1859622842425663 2.555745840072632 4.491786479949951
4.845897197723389 5.973368722666848 1.8821496963500977 1.9763303995132446
4.059258460998535 6.492223390203279 2.2928056716918945 3.1506025791168213
3.4172170162200928 5.176754354585455 2.613246202468872 4.304691791534424
2.3395540714263916 3.687840468517834 2.7587578296661377 5.013452529907227
5.444866180419922 7.018126586942799 1.9928518533706665 2.1009414196014404
4.426090717315674 6.183423198441451 2.4738829135894775 3.4762051105499268
3.807905435562134 6.53898132265067 2.8566744327545166 4.860922336578369
3.919708728790283 6.844789276540155 3.0305559635162354 5.715813159942627
5.285048484802246 6.393517516930357 2.299166440963745 2.4171409606933594
5.00393533706665 7.683866311447275 2.767561674118042 3.830639600753784
2.7938733100891113 4.6668753960002505 3.0600316524505615 5.111521244049072
2.3690690994262695 4.034760006617034 3.157543182373047 5.849201679229736
5.822333812713623 7.037291264903818 2.40653657913208 2.5459158420562744
4.922656059265137 7.384763075190051 2.973781108856201 4.239666938781738
2.4677932262420654 3.2345369297757784 3.3485615253448486 5.826132774353027
2.4250144958496094 4.236882098041395 3.4829535484313965 6.74351692199707
6.8178911209106445 8.441383391778075 2.563286066055298 2.7301182746887207
5.289438247680664 7.974078380787088 3.26682186126709 4.811830520629883
3.000580310821533 5.476268137975559 3.7503862380981445 6.807040214538574
3.045166015625 5.308940802032851 3.927614212036133 7.961653709411621
5.659820079803467 6.758553445527387 2.8375244140625 3.017751455307007
4.439578533172607 5.78686756924219 3.4345343112945557 4.897900104522705
3.135380506515503 5.768073670408285 3.7033023834228516 6.412477493286133
2.3303606510162354 4.341554091903674 3.7485849857330322 7.223252296447754
6.488124847412109 7.716102844005604 2.9896652698516846 3.210822343826294
3.3403375148773193 5.05957962435059 3.7176589965820312 5.505180358886719
4.013312816619873 6.8001371001997875 4.098258018493652 7.4496355056762695
2.2588696479797363 4.39223755186435 4.193825721740723 8.512870788574219
7.727517127990723 9.296780081417353 3.2159407138824463 3.490675926208496
4.478894233703613 7.3032666679780505 4.134039402008057 6.3766632080078125
4.8531060218811035 8.082641722978263 4.667302131652832 8.914549827575684
3.4648404121398926 4.933021232488727 4.817363262176514 10.288755416870117
5.592442989349365 6.675886625361841 2.7351181507110596 1.3408458232879639
4.096615791320801 6.027212662793772 3.981736898422241 5.841634750366211
2.595308542251587 4.59674935537538 4.234635353088379 7.520970821380615
2.677741050720215 4.5280787127255735 4.2260050773620605 8.35069751739502
6.053732395172119 7.19023671686864 3.1026906967163086 2.547466278076172
4.023146152496338 5.886071889733557 4.3334832191467285 6.6370158195495605
3.9675192832946777 5.3859131146978285 4.7134270668029785 8.8270845413208
2.006006956100464 4.553292740124419 4.765129089355469 9.967703819274902
7.237987995147705 8.639350515194996 3.4984359741210938 3.956789493560791
3.2654521465301514 5.871962191975257 4.860422611236572 7.805425643920898
4.240229606628418 6.951726763687418 5.420498371124268 10.713884353637695
3.345576524734497 5.575641497767805 5.536019802093506 12.21696949005127
3.683610677719116 4.221698586154048 1.415225863456726 1.4573506116867065
3.4475016593933105 5.490359901078818 1.6618655920028687 2.1316192150115967
2.6243669986724854 4.666660619555557 1.9248279333114624 2.9499402046203613
2.3155243396759033 4.749636431104079 2.090780019760132 3.530029058456421
4.192834377288818 4.962440596166061 1.4811618328094482 1.5282506942749023
4.253312110900879 6.762784920561899 1.7512924671173096 2.2804055213928223
3.2768101692199707 6.712493819279409 2.0438122749328613 3.2109081745147705
2.69517183303833 5.252343331812654 2.2290544509887695 3.87746262550354
5.034738063812256 6.37178008790579 1.581412434577942 1.6347851753234863
4.36996603012085 7.850977518675904 1.8843495845794678 2.491225242614746
3.8021838665008545 6.957909882041008 2.2156503200531006 3.571944236755371
3.687286376953125 5.28398750864903 2.424563407897949 4.352721214294434
4.668707370758057 5.4698502010762695 1.5528866052627563 1.6019457578659058
4.453747749328613 7.044774507136514 1.8598990440368652 2.442232131958008
4.050577640533447 7.1121749236814935 2.183274984359741 3.462789535522461
3.1903882026672363 5.714829551918724 2.3753175735473633 4.174884796142578
5.331623554229736 6.507235725534896 1.6485034227371216 1.7047630548477173
5.143463134765625 7.683466828158629 1.994297981262207 2.6681079864501953
4.106637954711914 7.5444069685535595 2.365877628326416 3.870931625366211
2.8419322967529297 3.9984652867103785 2.5879886150360107 4.7229814529418945
6.251763820648193 7.794736780807739 1.804059624671936 1.8712210655212402
5.431391716003418 9.238649735740495 2.2056174278259277 3.0109922885894775
4.265984535217285 7.2363963373313105 2.6413676738739014 4.471043586730957
3.320181131362915 5.832151575214084 2.900590419769287 5.51456356048584
5.459053039550781 6.197584122242915 1.675930380821228 1.7290679216384888
4.270550727844238 6.445551174751017 2.054367780685425 2.7711329460144043
4.4921369552612305 7.577236767398164 2.4298388957977295 3.9652364253997803
3.3964810371398926 6.6474936950753545 2.6356117725372314 4.7782697677612305
6.158491611480713 7.178776710241209 1.7983784675598145 1.8612983226776123
4.920500755310059 7.907888500885349 2.2326180934906006 3.0720999240875244
3.9379868507385254 6.7970488392651305 2.6750783920288086 4.52335786819458
3.512099027633667 5.904704278660631 2.920875072479248 5.53039026260376
7.255627632141113 8.616242600023725 2.011680841445923 2.091243028640747
6.136512279510498 10.03674315857279 2.5264065265655518 3.5572757720947266
4.351919651031494 8.112331663758368 3.0578773021698 5.381594657897949
4.217684268951416 7.429848954985829 3.353135585784912 6.657009601593018
5.107522010803223 5.777090738310903 1.898322582244873 2.1071062088012695
5.145625114440918 7.815308639976006 2.292778253555298 3.2062880992889404
3.7394204139709473 5.76870526451448 2.641496181488037 4.40537166595459
3.389759063720703 6.093059147458995 2.8440933227539062 5.266894817352295
5.251526355743408 5.602549713578014 2.0483570098876953 2.278428792953491
5.43459415435791 8.317208294702937 2.501845359802246 3.5803587436676025
4.459752082824707 7.500324397212353 2.9407315254211426 5.0948638916015625
3.4142513275146484 5.2838235939030085 3.1890830993652344 6.192743301391602
6.104623794555664 7.058685451616212 2.3118598461151123 2.577913761138916
6.552521705627441 10.11027325631202 2.8642995357513428 4.207401275634766
4.921390533447266 7.779308912321667 3.4167065620422363 6.186015605926514
3.272007942199707 6.142971905074809 3.7220265865325928 7.610151290893555
4.0788726806640625 4.441611661964885 1.5408458709716797 1.5789072513580322
3.9724748134613037 6.092398304024673 1.756550669670105 2.2004098892211914
3.075087308883667 5.589223600827683 2.0001449584960938 2.989093065261841
2.3833134174346924 3.66714518747699 2.150989532470703 3.5675275325775146
4.724818229675293 5.108526517172095 1.6239478588104248 1.6662787199020386
3.914271831512451 4.660948059282826 1.8666293621063232 2.365981101989746
3.7606635093688965 6.120636022249471 2.1419718265533447 3.2716054916381836
2.8800435066223145 5.336973802928967 2.3097102642059326 3.940553903579712
5.715972900390625 6.713553874481505 1.7477260828018188 1.7955081462860107
4.7299909591674805 6.89140885456149 2.0264244079589844 2.603849172592163
3.244389057159424 4.186152136994387 2.343641996383667 3.6707353591918945
3.2237746715545654 6.361573570045493 2.5335946083068848 4.465855121612549
5.073981761932373 5.533276133312711 1.7859675884246826 1.8316501379013062
3.3100552558898926 5.222472481051909 2.0425209999084473 2.607998847961426
3.2905805110931396 5.6199323344353616 2.321195125579834 3.5980234146118164
2.705489158630371 5.155657415617398 2.485292434692383 4.319951057434082
5.84877872467041 6.44336106084846 1.9078274965286255 1.9603796005249023
3.964257001876831 5.8588775136432645 2.2113606929779053 2.8724217414855957
3.3362605571746826 5.503399929334222 2.543466567993164 4.062587738037109
2.48329496383667 4.097918161765643 2.732887029647827 4.931796073913574
6.996780872344971 8.072050388694947 2.101844549179077 2.163935899734497
5.709980010986328 8.735831654725985 2.470083713531494 3.272529125213623
4.235224723815918 6.5542782053515225 2.870776414871216 4.743757247924805
3.588148355484009 5.684538788367503 3.0921857357025146 5.821699142456055
5.3922648429870605 5.908506957932332 2.1221301555633545 2.173285484313965
4.41424036026001 6.01169116969686 2.3723816871643066 3.075737714767456
3.81455397605896 6.455122742514959 2.6371707916259766 4.208993434906006
2.939598321914673 5.0608473245812 2.7898643016815186 5.027924537658691
6.475183486938477 7.208077052896442 2.274906635284424 2.333296298980713
4.574101448059082 6.982143102827649 2.596414804458618 3.443155288696289
3.954918384552002 6.299884768966404 2.9396982192993164 4.867677211761475
3.1928045749664307 6.041809103421031 3.1252059936523438 5.888549327850342
8.011419296264648 9.183700268921605 2.5393903255462646 2.611323356628418
5.550702095031738 8.794476248196844 2.960114002227783 4.026789665222168
4.053314208984375 7.1788196353859615 3.400038719177246 5.86349630355835
4.06402063369751 5.272248846039645 3.6226179599761963 7.168161869049072
4.613231182098389 4.989368930102813 2.299037456512451 6.983572006225586
4.286886692047119 7.051732770579861 2.974609375 3.925739049911499
3.6847853660583496 6.037582865618006 2.9284632205963135 4.768771648406982
2.953341007232666 5.704947505603457 3.032970905303955 5.601343631744385
5.697735786437988 5.979388578260341 2.4915695190429688 2.683518171310425
5.130319595336914 7.122673419038852 3.2353272438049316 4.393987655639648
3.865778684616089 7.068848503577101 3.298154592514038 5.601873874664307
3.213657855987549 5.6730543898893275 3.440591812133789 6.67552375793457
7.480005741119385 7.652581901395237 2.8200676441192627 9.957114219665527
5.775795936584473 7.035164468757115 3.683518648147583 5.1661763191223145
4.682554721832275 6.73099597234696 3.874281406402588 6.887720584869385
3.8727104663848877 6.8456885023418295 4.054659366607666 8.295205116271973
4.517312049865723 5.297628066748075 1.748469352722168 1.8074029684066772
3.8497986793518066 6.116455694227691 2.0642147064208984 2.7368323802948
3.1503469944000244 5.822521908273416 2.3981473445892334 3.870635747909546
2.7105534076690674 4.27722664594517 2.5971384048461914 4.639678478240967
5.097359657287598 6.267831738908626 1.8681526184082031 1.9354171752929688
4.285938739776611 7.123499487343679 2.2384140491485596 3.03644061088562
3.5384628772735596 6.1214276028797485 2.629030704498291 4.4185404777526855
3.151690721511841 4.552712192228682 2.861081838607788 5.368086814880371
5.870888710021973 7.702366959079114 2.0451300144195557 2.1240739822387695
4.866796016693115 7.857284317127039 2.49825119972229 3.479407548904419
3.843761682510376 7.349358056248775 2.972080945968628 5.21766471862793
4.1351704597473145 6.434198216836265 3.2493748664855957 6.415867805480957
5.379487037658691 6.385291343085214 2.1171271800994873 2.2071008682250977
4.53624963760376 7.440266244161194 2.5266807079315186 3.464026689529419
3.7251663208007812 6.826093308998406 2.93520450592041 4.990316390991211
2.3181777000427246 4.1729379918363065 3.166372060775757 6.017331600189209
6.122198581695557 7.53158921950444 2.2893335819244385 2.3954436779022217
4.934882640838623 8.825733715632396 2.800485849380493 3.969510555267334
3.875627040863037 5.895507919453166 3.3084444999694824 5.928615570068359
3.789992094039917 7.31463391283728 3.5947046279907227 7.258955478668213
7.237245559692383 9.318377535386162 2.5568482875823975 2.6866908073425293
5.264892101287842 8.310514953950644 3.230046272277832 4.762081146240234
5.032415390014648 8.007912394651157 3.890375852584839 7.379741668701172
4.098331451416016 6.14079001691988 4.25427770614624 9.145998001098633
5.928384780883789 7.022977523820828 2.6574647426605225 2.778416633605957
4.093206405639648 6.976561917236932 3.068955183029175 4.333151817321777
3.361994743347168 5.884197258582844 3.479213237762451 6.166140556335449
2.692187786102295 4.64997152279193 3.708230972290039 7.381701946258545
6.9022440910339355 8.436901193826657 2.865501880645752 3.030503034591675
5.6985392570495605 9.191157439261247 3.4383888244628906 5.073863506317139
3.834918975830078 7.120857653988139 3.9953253269195557 7.5245256423950195
3.2230169773101807 5.665105616418682 4.300565242767334 9.15972900390625
8.319892883300781 10.52013396117627 3.211700916290283 3.4297354221343994
5.377809524536133 8.678749087662247 4.0470051765441895 6.277132987976074
4.986097812652588 8.272724598730747 4.829221248626709 9.700687408447266
4.290809154510498 6.753755306947101 5.242677211761475 11.946800231933594
4.919785976409912 5.641048922453962 2.6627140045166016 3.051499366760254
4.498661994934082 7.936057317601552 3.7789363861083984 5.419979095458984
2.4772541522979736 4.726027455919393 3.966618061065674 7.238275527954102
2.830002546310425 5.493775822214957 4.151396751403809 8.522738456726074
5.817163944244385 6.912196216721554 2.954648494720459 3.4418509006500244
5.195603370666504 6.879129592898607 4.210068225860596 6.411448955535889
3.383049249649048 6.03586619038137 4.599872589111328 8.968937873840332
3.39350962638855 5.491184980972051 4.877009868621826 10.750983238220215
7.032488822937012 7.761432769088515 3.4399492740631104 4.087183475494385
5.772774696350098 8.617657919426449 4.960733413696289 8.027979850769043
4.320697784423828 7.387031248446313 5.646048545837402 11.780921936035156
4.34489107131958 6.5098762902247245 6.054439067840576 14.293696403503418
5.2776079177856445 6.393107695165811 1.9825117588043213 2.0638816356658936
4.260246753692627 7.173716411121143 2.378580093383789 3.2824206352233887
3.3918769359588623 6.101379929404175 2.760605573654175 4.77862024307251
3.044430732727051 5.9665388232428995 2.9664294719696045 5.830215930938721
5.95705509185791 7.2836003326008125 2.131523609161377 2.2294769287109375
4.7344136238098145 8.167386283914368 2.6229565143585205 3.7443878650665283
3.6789498329162598 5.902056510563057 3.087599992752075 5.607780933380127
3.753661632537842 6.392700589432934 3.3297553062438965 6.8823699951171875
6.935542106628418 8.71202396190489 2.3604938983917236 2.481194496154785
5.546660423278809 8.815485194911162 2.9933369159698486 4.433230400085449
3.9963650703430176 7.735410504933384 3.5744433403015137 6.826976776123047
3.4249303340911865 6.93790272305515 3.863049030303955 8.42365837097168
6.714593410491943 8.040604828019525 2.6340789794921875 2.761488914489746
4.0591254234313965 6.633774505804901 3.193634271621704 4.616684436798096
3.178776264190674 5.034684756044848 3.6422178745269775 6.758328437805176
2.8140063285827637 4.172458264931606 3.8492584228515625 8.203540802001953
7.519740581512451 9.121803590335503 2.858189344406128 3.0254671573638916
5.270777225494385 7.189564582989306 3.6236870288848877 5.494749546051025
4.136983871459961 6.627676385753055 4.224579334259033 8.329182624816895
2.262341260910034 4.364358834490204 4.485957622528076 10.163421630859375
8.895331382751465 10.974625176440043 3.2357401847839355 3.4581875801086426
6.039940357208252 8.814771760573663 4.319910526275635 6.8931145668029785
3.9082603454589844 7.440037440002675 5.139187335968018 10.752225875854492
2.858229637145996 5.037207240021073 5.467048168182373 13.142073631286621
7.137882232666016 8.615200650580391 3.545032501220703 3.7283594608306885
5.312660217285156 8.495469139017587 4.293398857116699 6.405821800231934
3.0787267684936523 4.580861964590895 4.6605401039123535 9.06314754486084
2.0421791076660156 4.177434573153665 4.782810211181641 10.75085163116455
8.434463500976562 10.240161533751234 3.867673397064209 4.122255802154541
5.508094787597656 9.053713195554721 4.971116065979004 7.873902320861816
3.129409074783325 5.062078621865311 5.551102161407471 11.543088912963867
3.0408263206481934 4.962269357511104 5.72884464263916 13.744792938232422
10.269024848937988 12.54484908294694 4.4436235427856445 4.8156046867370605
5.844667434692383 10.03455648985044 6.110928058624268 10.290882110595703
5.152430534362793 7.730714975810997 6.990737438201904 15.431867599487305
3.0559780597686768 5.684790795476706 7.228984832763672 18.342411041259766
3.642467737197876 4.130122210073679 4.1147379875183105 4.697640419006348
3.7461702823638916 5.161782595616614 5.547730922698975 8.473578453063965
3.0464954376220703 5.125065003056989 5.651488304138184 11.289186477661133
1.9777923822402954 4.016018205504684 5.60962438583374 12.995564460754395
6.312180995941162 6.676680431684417 4.605597496032715 5.3709211349487305
5.334517478942871 7.927255513112641 6.521350860595703 10.641765594482422
3.6278271675109863 6.2321638401753034 6.848064422607422 14.664240837097168
3.3742949962615967 6.179464809200681 6.838515281677246 16.916948318481445
5.987876892089844 6.72889729558824 5.4704766273498535 6.533899784088135
6.595794677734375 8.044634235745448 8.170849800109863 14.25763988494873
6.064743518829346 9.949843427093697 8.797004699707031 19.92611312866211
4.404208183288574 6.803775804632777 8.809081077575684 22.912010192871094
5.402190208435059 6.410477433359546 1.845919132232666 1.912138819694519
4.347041130065918 6.0815992319377585 2.2497973442077637 3.0092971324920654
3.8154983520507812 6.877807378535238 2.665400266647339 4.33975887298584
2.324429988861084 4.472097358400902 2.9299018383026123 5.324981689453125
5.823824405670166 6.999677684407487 1.9666941165924072 2.0452253818511963
4.9183173179626465 8.124094997605127 2.4429357051849365 3.332414150238037
4.6969404220581055 6.748876610608079 2.9452922344207764 4.953592777252197
3.602688789367676 6.034356785835627 3.2640011310577393 6.181051254272461
6.411593437194824 8.153902389375162 2.147529125213623 2.241908311843872
5.144193172454834 8.374912302296252 2.7317192554473877 3.8173635005950928
5.086905479431152 8.249601865587127 3.360260009765625 5.873256206512451
4.478305339813232 6.268357480635586 3.7553834915161133 7.448151111602783
6.815029621124268 7.971155776934495 2.3756015300750732 2.4489223957061768
4.331404685974121 6.414294466660856 2.926807403564453 4.001666069030762
4.65988826751709 7.442326891676203 3.476691484451294 5.923945426940918
2.884221076965332 4.283876425452036 3.8021788597106934 7.320698261260986
7.338338851928711 8.701052655440435 2.552360773086548 2.647069215774536
5.1428914070129395 7.720376036110309 3.2497096061706543 4.576893329620361
4.649297714233398 8.228992863473195 3.963087320327759 7.0510993003845215
3.7661116123199463 5.39533340069903 4.379849433898926 8.875703811645508
8.210844993591309 10.24540948888584 2.8320605754852295 2.958601236343384
5.105106353759766 8.857815537083269 3.758383274078369 5.495747089385986
5.754913806915283 8.867236631562378 4.715855598449707 8.822882652282715
4.682452201843262 8.417104499813234 5.26313591003418 11.263726234436035
7.372274875640869 8.602239586276482 3.1082911491394043 3.2038509845733643
4.8951921463012695 7.816333992328509 3.7853338718414307 5.302879333496094
2.999314069747925 4.8154684447180784 4.389878749847412 7.768495082855225
2.899815320968628 5.199175234794552 4.717284202575684 9.47123908996582
8.228874206542969 9.683883526665742 3.3404760360717773 3.4751551151275635
5.780547618865967 8.95245186952826 4.272225856781006 6.227343559265137
4.808839797973633 7.725715521869688 5.118182182312012 9.523750305175781
2.9500880241394043 3.453912116660052 5.5649003982543945 11.817806243896484
9.382186889648438 11.429825306496191 3.733546495437622 3.9258880615234375
6.26155424118042 10.084520003429816 5.072608947753906 7.75510835647583
4.054279804229736 6.74356659111706 6.276695251464844 12.339908599853516
4.878267288208008 7.549659014535564 6.8890509605407715 15.468807220458984
5.834295749664307 6.14260051476259 3.247737407684326 3.5166237354278564
3.995187282562256 6.25759876951372 4.703810691833496 6.831414699554443
3.8900747299194336 6.15122621845174 5.239972114562988 9.547633171081543
1.571979284286499 2.5495284480478517 5.507721424102783 11.364967346191406
5.813514709472656 6.35292648834897 3.584357500076294 3.9348018169403076
5.100017547607422 7.492591147438959 5.371631622314453 8.180811882019043
4.363665580749512 7.08341951657269 6.193316459655762 11.91713809967041
4.013126850128174 6.058818438593335 6.593855381011963 14.412857055664062
6.862925052642822 8.116976233292633 4.1423211097717285 4.625988006591797
6.940741539001465 9.767937763710696 6.494190692901611 10.431241035461426
4.312511444091797 6.671795334367235 7.7352094650268555 15.710356712341309
4.688809394836426 7.357121696803929 8.30723762512207 19.159326553344727
4.962173938751221 5.723375121344782 1.8331193923950195 1.8840491771697998
3.898615598678589 6.299074226510012 2.160752773284912 2.8102893829345703
2.997711420059204 4.618680392882123 2.5163497924804688 3.9896843433380127
1.7299391031265259 3.2073520188517364 2.730055093765259 4.856456756591797
5.556199550628662 6.596708528125475 1.9560288190841675 2.015798330307007
4.046963691711426 6.88416728539687 2.3506381511688232 3.1157891750335693
3.326578378677368 6.03174861436618 2.7840824127197266 4.56305456161499
3.5905659198760986 6.514760833876608 3.0432639122009277 5.631319046020508
6.247457027435303 7.541512546763897 2.1421000957489014 2.2142081260681152
5.422060966491699 8.235742098719186 2.6393802165985107 3.5848100185394287
4.812918663024902 8.68888216520736 3.1860313415527344 5.428186416625977
3.723618268966675 6.343978007399983 3.5055651664733887 6.779048442840576
6.0611252784729 6.994826641912823 2.335792303085327 2.401956081390381
4.641158103942871 7.624765640199694 2.795243263244629 3.745558977127075
3.132413625717163 4.935995158528833 3.2477962970733643 5.42869234085083
3.365110158920288 5.719979459466856 3.4944541454315186 6.6334943771362305
6.709172248840332 7.914264106197917 2.520347833633423 2.603562116622925
5.003267765045166 8.579237564136065 3.1134791374206543 4.300990581512451
3.9409196376800537 5.935333578101563 3.7081360816955566 6.492345809936523
3.770845890045166 5.751941244220461 4.031026363372803 8.055991172790527
7.813143253326416 9.412862041120775 2.8149125576019287 2.925935745239258
6.079143524169922 9.62864174841657 3.6259846687316895 5.202884674072266
4.471081733703613 7.419343546965848 4.43682861328125 8.178945541381836
3.6631693840026855 5.238954832963252 4.861331939697266 10.257292747497559
6.410773754119873 7.297387855252282 3.089676856994629 3.199925184249878
4.109963893890381 6.481012947437193 3.6349575519561768 4.998199939727783
3.0559074878692627 5.721850616393567 4.085357189178467 7.0937371253967285
2.7903616428375244 4.765661453213966 4.301182270050049 8.538294792175293
7.486523151397705 8.624890911881504 3.3358395099639893 3.4762868881225586
5.838357448577881 7.9243285574492575 4.11160135269165 5.885776996612549
3.524866819381714 6.105484775982539 4.764068126678467 8.742191314697266
3.6851789951324463 6.856837953472734 5.080308437347412 10.686225891113281
8.956111907958984 10.479349720944242 3.7469637393951416 3.9389045238494873
7.40155029296875 10.760053483876845 4.901796340942383 7.372139930725098
5.393477439880371 8.537193992112805 5.8719868659973145 11.420157432556152
3.921833038330078 6.5622510733017565 6.321629524230957 14.08751106262207
4.350049018859863 4.604673561620814 3.2009429931640625 3.612394332885742
3.125260353088379 4.875076083672184 4.763976573944092 6.7568278312683105
3.327611207962036 4.807517469681686 4.912889003753662 8.754100799560547
2.2595272064208984 3.743441248234717 5.019333362579346 10.238835334777832
4.433391094207764 4.652880513980563 3.55592679977417 4.037193298339844
4.078693389892578 5.596122995891511 5.4080424308776855 8.051154136657715
4.554141998291016 7.783393212952433 5.802061557769775 10.97216510772705
3.061868190765381 5.259363576336909 6.011306285858154 13.030340194702148
5.400433540344238 6.08985680783755 4.134598731994629 4.755212783813477
6.44797945022583 8.835068815625334 6.499599933624268 10.21827220916748
5.476105213165283 8.64015111875301 7.259767055511475 14.582250595092773
4.449635982513428 6.889857527527624 7.611608505249023 17.476335525512695
4.713099956512451 5.745534121932479 1.8706507682800293 1.9379844665527344
4.512430191040039 7.9892523068964465 2.2588443756103516 3.058023452758789
3.3370747566223145 6.397809632339886 2.647674083709717 4.413015842437744
2.274569511413574 4.481534257344172 2.863407850265503 5.361158847808838
5.427027702331543 6.6947387680149575 2.0169670581817627 2.094533920288086
4.418297290802002 7.161566569368883 2.4899179935455322 3.451972007751465
3.6258082389831543 5.650046993170699 2.9621493816375732 5.115048885345459
2.2511844635009766 4.315904683092299 3.214769124984741 6.270625591278076
6.271277904510498 8.14759978189781 2.234968423843384 2.3293375968933105
5.700235843658447 9.614077181400717 2.8375120162963867 4.046083927154541
4.163572788238525 6.317951463443834 3.433689832687378 6.16594123840332
4.109178066253662 7.904861457091329 3.738147020339966 7.615633010864258
5.645222187042236 6.948829985281063 2.3390088081359863 2.4298250675201416
3.905073642730713 6.943119729574846 2.87839412689209 4.0478668212890625
3.1829476356506348 5.5098121705102585 3.3657476902008057 5.964107036590576
2.546917676925659 3.9586198301026343 3.6059789657592773 7.265714168548584
6.61454439163208 8.25050270640395 2.55763840675354 2.668802499771118
5.270002841949463 8.015167529630986 3.269909143447876 4.762247562408447
4.05940055847168 7.545383063011407 3.910003423690796 7.254222869873047
3.5282270908355713 5.482643531827193 4.208326816558838 8.908537864685059
7.756076812744141 10.027296495461997 2.8968074321746826 3.0431325435638428
5.820956230163574 10.115117978538667 3.8885107040405273 5.900822162628174
4.688119888305664 8.149346318999449 4.766265869140625 9.276808738708496
3.701618194580078 5.110272999954679 5.150958061218262 11.446782112121582
6.186131000518799 7.660744873674001 3.0279736518859863 3.115391254425049
4.289390563964844 7.240341591470269 3.6676523685455322 5.320898532867432
3.7862226963043213 7.024293439794644 4.145227909088135 7.690062522888184
2.2864668369293213 3.8066074784773036 4.34655237197876 9.219175338745117
7.323855876922607 9.163939486009795 3.3127942085266113 3.4484848976135254
5.914970397949219 8.661810842161401 4.243795871734619 6.440286159515381
4.620959281921387 8.274695363812953 4.947434902191162 9.665802955627441
3.2394912242889404 4.73406715061283 5.221206188201904 11.673776626586914
8.677072525024414 11.190534911430483 3.7716381549835205 3.9815008640289307
6.0732951164245605 10.619080047206905 5.191115379333496 8.284492492675781
4.90192985534668 7.321941286072189 6.24793815612793 12.833023071289062
4.3266801834106445 7.283969403406843 6.631547927856445 15.540388107299805
4.869456768035889 5.712621388563946 3.3948519229888916 3.819920063018799
4.7953619956970215 8.70475927826709 4.762889862060547 7.144208908081055
3.5525529384613037 6.996330422962217 4.894664764404297 9.36397647857666
3.221210479736328 4.809542157882369 4.977514743804932 10.8994140625
5.727478981018066 6.1847518328847855 3.820340156555176 4.3656206130981445
5.552865028381348 9.521120319068586 5.559613227844238 8.774768829345703
3.7768542766571045 5.5021886863617055 5.9319658279418945 11.982155799865723
3.7281641960144043 7.120632774390977 6.090524196624756 14.069809913635254
7.031682968139648 8.237058269828594 4.525395393371582 5.271219730377197
5.945467472076416 9.642892054738901 6.860421657562256 11.407036781311035
5.350193023681641 8.881513365307455 7.638598442077637 16.197092056274414
4.346820831298828 6.965646662919077 7.911732196807861 19.081926345825195
4.89343786239624 5.957029665069844 1.7401169538497925 1.7988712787628174
4.504694938659668 7.516245321019586 2.054832935333252 2.7320194244384766
2.4107906818389893 4.7837535826514 2.420072078704834 3.9118740558624268
2.719773292541504 4.609973663183155 2.6585655212402344 4.749804973602295
5.39135217666626 6.6266509522975525 1.862748384475708 1.9303929805755615
4.493493556976318 7.18212336202464 2.239753484725952 3.037743091583252
3.1449265480041504 6.03123605955102 2.6716153621673584 4.463741779327393
3.498728036880493 5.021413659725567 2.9499621391296387 5.486453056335449
6.154564380645752 7.834730880649545 2.047072649002075 2.1279971599578857
4.705846309661865 7.412016163886392 2.518892526626587 3.5067355632781982
3.2124829292297363 5.606412109327067 3.047024965286255 5.303147315979004
4.3369293212890625 7.346063931243293 3.378662109375 6.593007564544678
6.259875774383545 7.411269483440648 2.1191813945770264 2.201626777648926
4.597425937652588 6.648807565318877 2.5054354667663574 3.447453498840332
2.964787244796753 6.040840205264995 2.960822820663452 5.090622901916504
2.8278868198394775 4.89798424315569 3.277534008026123 6.275244235992432
6.895308971405029 8.346795027421663 2.300290107727051 2.400681257247925
6.010642051696777 9.797295535563787 2.8057079315185547 3.9707143306732178
3.0968852043151855 5.676825319347586 3.375138521194458 6.058745384216309
4.13336181640625 7.467820503940018 3.758467674255371 7.569157123565674
7.958194732666016 10.003684143572258 2.590383529663086 2.7176389694213867
6.743409156799316 10.133363282228323 3.2878754138946533 4.827348232269287
4.907249450683594 9.367059213449554 4.029941558837891 7.617199897766113
4.064713954925537 6.528362628238627 4.503677845001221 9.613584518432617
6.801687717437744 7.989388316692612 2.6930899620056152 2.7967300415039062
5.185943126678467 7.628432760185433 3.03951096534729 4.302393913269043
3.8953957557678223 6.726600002986743 3.4944636821746826 6.309582710266113
3.209601640701294 5.518604233190047 3.876418113708496 7.803743839263916
7.94439697265625 9.463848806432079 2.917855739593506 3.055644989013672
5.3664231300354 7.951585489780996 3.464845895767212 5.080758094787598
4.007718563079834 7.562713645933286 4.083003044128418 7.744907379150391
3.416703701019287 7.138130762824268 4.554542541503906 9.705085754394531
9.497395515441895 11.621241857325003 3.310607433319092 3.5004148483276367
6.017175674438477 9.54072961838677 4.185421466827393 6.421806335449219
5.254034519195557 7.906078219681362 5.050540447235107 10.141045570373535
4.660491466522217 7.183221202076993 5.640149116516113 12.795121192932129
5.144128322601318 5.5074224612383205 2.91780686378479 3.2618415355682373
5.209718704223633 8.03950845790265 3.9496891498565674 5.822687149047852
3.5853047370910645 5.575309394677788 3.9541842937469482 7.393368244171143
3.450472354888916 5.7425631485493795 4.374168395996094 9.08878231048584
5.98252010345459 6.600365826847224 3.234571695327759 3.661215305328369
5.8435211181640625 9.558224158680176 4.477225303649902 6.91124153137207
3.771597385406494 6.815679444729085 4.6987624168396 9.25253963470459
3.068668842315674 5.574096488713195 5.219597816467285 11.521956443786621
5.47161340713501 5.793070816451269 3.7662460803985596 4.329882621765137
7.562949180603027 11.692886395901372 5.415812015533447 8.770920753479004
4.991549015045166 8.110689066153476 5.950697422027588 12.41624641418457
4.010590076446533 6.8809073555027 6.597513198852539 15.521188735961914
4.188111782073975 5.183980082153848 1.7849738597869873 1.8475086688995361
3.724513053894043 6.628911824504369 2.145206928253174 2.8657169342041016
2.0006542205810547 3.5462542009362323 2.503615617752075 4.037922382354736
2.618727445602417 5.371079433330884 2.6994781494140625 4.835088729858398
5.040126800537109 6.171767835078484 1.9258232116699219 1.9982777833938599
3.983009099960327 6.833105968832207 2.353367328643799 3.2053723335266113
3.4997010231018066 6.676015301598038 2.7767276763916016 4.6284027099609375
3.562602996826172 6.417953890314318 3.00178599357605 5.605623245239258
6.223670959472656 7.741278246904145 2.1552062034606934 2.2438132762908936
5.7420549392700195 9.027304392300039 2.68402099609375 3.753650188446045
4.269364833831787 8.068874436592921 3.1941018104553223 5.549219131469727
3.7135965824127197 5.372459169355174 3.4522924423217773 6.770376682281494
5.209644317626953 6.30981659974616 2.1476383209228516 2.2293777465820312
4.233846664428711 7.682541952682186 2.6479666233062744 3.677150249481201
2.3790037631988525 3.6786566091982422 3.1285653114318848 5.338143348693848
2.982184410095215 5.490203101972426 3.3650527000427246 6.43529748916626
6.436527729034424 7.687784372154738 2.371344566345215 2.4713165760040283
5.046655178070068 8.126656573469518 3.0069403648376465 4.29495906829834
4.193411827087402 6.436085232587498 3.6027374267578125 6.431573390960693
3.2135493755340576 5.69702287277299 3.880869150161743 7.845930099487305
7.5909833908081055 9.291194345655924 2.7735347747802734 2.9087960720062256
5.078076362609863 6.8665841334714735 3.629683017730713 5.386751174926758
4.179039001464844 7.290421649275894 4.378750324249268 8.251171112060547
3.7581303119659424 5.937485816388062 4.69586181640625 10.088969230651855
5.771588325500488 6.932595238410803 2.538174629211426 2.6470882892608643
4.692444801330566 7.808569513539965 3.167235851287842 4.5820136070251465
2.8161633014678955 4.824870080065011 3.762207508087158 6.722426891326904
2.856245756149292 5.275874068045368 4.019059658050537 8.077006340026855
7.161150932312012 8.539655731108041 2.8451313972473145 2.9787797927856445
4.952088356018066 8.543322950233232 3.696713447570801 5.52170467376709
3.788989782333374 6.657257851377608 4.459854602813721 8.388032913208008
2.5119192600250244 4.720770358657774 4.764500617980957 10.191047668457031
8.532743453979492 10.365272475077624 3.449367046356201 3.6427001953125
5.575082302093506 7.576580492941048 4.6918816566467285 7.317093372344971
4.323183536529541 5.441869167583142 5.663109302520752 11.287727355957031
3.4963135719299316 5.264685012828076 5.994192600250244 13.654016494750977
5.429210186004639 6.495437408418475 3.1596007347106934 3.5092978477478027
4.4415283203125 7.057115859552653 3.6759331226348877 5.569244861602783
1.9834650754928589 2.675615609725753 4.312018394470215 7.959694862365723
2.731909990310669 4.722808688009081 4.559695243835449 9.467597961425781
6.2601542472839355 7.419331157771239 3.5490400791168213 3.9746146202087402
4.763721942901611 7.640444402632326 4.358254432678223 6.805160999298096
3.1137030124664307 5.343274193660708 5.205077648162842 10.13106632232666
2.724605083465576 5.05415128644745 5.501645565032959 12.182744026184082
7.328193187713623 8.973095733046925 4.294256210327148 4.880332946777344
5.952697277069092 9.83903614009119 5.731229305267334 9.270123481750488
4.156435012817383 6.246092968019184 6.8015289306640625 14.00571060180664
4.046483039855957 5.6956621773030065 7.099299430847168 16.692838668823242
4.933809280395508 6.360107823651016 1.820075511932373 1.9062423706054688
3.050175428390503 5.2319338622725695 2.2315711975097656 3.1062185764312744
3.0265443325042725 5.395825314204302 2.5973856449127197 4.405943870544434
2.862478256225586 5.192398355645196 2.790867328643799 5.268342018127441
5.488025188446045 7.059995017885484 1.9699500799179077 2.06829833984375
4.591589450836182 7.570371206778489 2.450934648513794 3.4847352504730225
3.406341791152954 6.573710634777285 2.8794784545898438 5.071352481842041
2.87819242477417 5.344223036643712 3.1051981449127197 6.138571739196777
6.221696376800537 8.252851651667772 2.2046139240264893 2.3258683681488037
4.285510540008545 7.870982676720672 2.797642946243286 4.101822376251221
3.504429340362549 6.963030358603504 3.312129497528076 6.106478214263916
3.833136558532715 7.168586263724251 3.5744314193725586 7.4481916427612305
6.156184673309326 7.769053016178077 2.1842689514160156 2.2964861392974854
4.719235420227051 9.023416925228958 2.7344236373901367 3.9542813301086426
2.807474136352539 4.513283911872961 3.214280843734741 5.7721381187438965
2.6611030101776123 3.7727181177005917 3.447523355484009 6.949497699737549
6.815385818481445 8.829174985487953 2.4105122089385986 2.5469532012939453
4.92631721496582 8.324826324536744 3.087660789489746 4.615480422973633
2.80735182762146 5.484547963509783 3.6768529415130615 6.953670024871826
3.6857807636260986 6.691915599114537 3.96152663230896 8.479880332946777
7.708946228027344 10.097981597130229 2.7821309566497803 2.969411611557007
5.176817893981934 7.370991482685767 3.6837236881256104 5.765719413757324
4.3289008140563965 7.885443705898524 4.426178455352783 8.880409240722656
4.063495635986328 6.100757211081234 4.766724109649658 10.884259223937988
6.615872859954834 8.470533439169685 2.6296160221099854 2.7716848850250244
4.356400966644287 6.965213551097509 3.2641661167144775 4.879632949829102
2.8985559940338135 5.779410079741886 3.8224127292633057 7.166788578033447
2.58713960647583 4.8517499509957815 4.0711350440979 8.606160163879395
7.577779293060303 9.883190085471824 2.9235105514526367 3.10884952545166
4.919956684112549 7.282204337917008 3.748703718185425 5.8490424156188965
3.7754464149475098 5.820020038736175 4.4669718742370605 8.905372619628906
2.576838731765747 4.9134929036468264 4.786651134490967 10.829996109008789
8.852280616760254 11.494508254675566 3.424685478210449 3.7010767459869385
5.023069381713867 6.254559284193813 4.606520175933838 7.599142074584961
3.774142265319824 6.3087659721811065 5.551214218139648 11.795844078063965
3.405120372772217 3.7838747981747645 5.9419050216674805 14.382597923278809
5.456103801727295 6.524220106001053 2.9885292053222656 3.5785162448883057
5.1816229820251465 9.725721872483035 3.8235955238342285 5.865206718444824
3.1237359046936035 6.005365748751501 4.341294288635254 8.36870002746582
2.1517210006713867 3.7608114332604856 4.575076103210449 9.965954780578613
5.9494709968566895 7.551270246082481 3.421138286590576 4.150527000427246
5.306904315948486 8.497579986465553 4.407925605773926 7.099023818969727
2.9089465141296387 5.767194961495761 5.133482456207275 10.583741188049316
3.0952277183532715 5.453613044176791 5.454584121704102 12.765546798706055
6.8404364585876465 8.59078159292767 4.208248138427734 5.157637119293213
5.964146614074707 10.220486800548699 5.473276138305664 9.362714767456055
4.492983818054199 7.243146665359802 6.497892379760742 14.281750679016113
3.982825994491577 6.933530335133914 6.900260925292969 17.251571655273438
4.000888824462891 4.931046985603302 1.9134645462036133 1.9925801753997803
3.4689133167266846 6.482553469731386 2.325894832611084 3.116842269897461
3.316843032836914 6.380535041102576 2.702390670776367 4.320423603057861
1.9681179523468018 4.277599110734499 2.892300605773926 5.119644641876221
4.811323165893555 5.98436338221768 2.0435869693756104 2.1380398273468018
3.7146081924438477 5.550664999555465 2.5352156162261963 3.499910593032837
3.5218679904937744 6.073972535484297 2.989461898803711 5.018662929534912
2.900876760482788 4.557284327952763 3.2175188064575195 6.034223556518555
5.906094074249268 7.761272545712245 2.238771915435791 2.3517534732818604
5.286701202392578 8.349416101710835 2.8518364429473877 4.065086841583252
4.751851558685303 8.67391346801071 3.419783115386963 6.037621974945068
4.1447930335998535 6.900995409120725 3.6989824771881104 7.355795383453369
4.8395915031433105 5.916285891255114 2.5218775272369385 2.629239559173584
3.9009246826171875 7.356877735338458 3.1080946922302246 4.268653869628906
2.9751617908477783 5.317473204304463 3.5756068229675293 5.997860908508301
2.1023685932159424 3.5601582961695875 3.7648797035217285 7.090726852416992
5.784213542938232 7.189120786081151 2.713351249694824 2.8523271083831787
4.519697666168213 7.6264537787241125 3.4702460765838623 4.984523296356201
3.117804765701294 5.901346373489787 4.084926605224609 7.319777488708496
2.8422367572784424 5.361529337265013 4.335427284240723 8.784025192260742
7.412447452545166 9.546254185284397 3.0162858963012695 3.19677734375
5.814603805541992 9.748183617757832 4.045035362243652 6.098212718963623
3.8754220008850098 7.097196467100048 4.880794525146484 9.32840633392334
4.175998687744141 7.208081523796632 5.2132978439331055 11.31280517578125
5.068210124969482 6.2215271816648965 3.2813050746917725 3.4413928985595703
4.390793323516846 7.375686162046989 4.127653121948242 5.811781406402588
3.231748342514038 5.572091399020508 4.603824615478516 8.015135765075684
1.8687664270401 3.259288923486338 4.717984676361084 9.295698165893555
6.413773536682129 7.925796997093812 3.5485777854919434 3.7547028064727783
4.937923908233643 8.217310606275829 4.687137126922607 6.975730895996094
2.105858564376831 3.817226572468012 5.380451679229736 10.106363296508789
3.1187901496887207 5.4501402629261975 5.5675578117370605 11.891642570495605
8.44864559173584 10.536489694374723 3.981954336166382 4.259970188140869
5.654111862182617 8.647957532559559 5.606329441070557 8.851701736450195
4.854146480560303 8.184430592668459 6.622419357299805 13.34625244140625
3.612973690032959 4.594287957586971 6.899256706237793 15.816187858581543
4.415560245513916 4.814534666941199 3.774139165878296 4.1608052253723145
2.814649820327759 5.223404590490112 5.1344404220581055 7.509669780731201
2.505060911178589 4.3598066332565395 5.596279621124268 10.005609512329102
2.445681571960449 4.041995882533502 5.5769734382629395 11.302913665771484
5.175591945648193 5.625121366897929 4.181380748748779 4.696509838104248
3.730886936187744 6.413571003815889 5.930860996246338 9.173626899719238
3.254481792449951 6.169069206068926 6.626429557800293 12.823501586914062
2.8255715370178223 4.934429407320977 6.67951774597168 14.708566665649414
6.994841575622559 7.937347285806329 4.843324184417725 5.556648254394531
6.199228763580322 8.630828224777247 7.228496074676514 11.909841537475586
3.6068809032440186 6.085728890677501 8.293998718261719 17.209409713745117
3.822617769241333 5.909013427420632 8.418334007263184 19.85560417175293
5.1991963386535645 6.222084809910825 1.9521405696868896 2.010328531265259
4.695539951324463 8.099047426860068 2.3324971199035645 3.076517343521118
3.604271650314331 5.016209501190692 2.784289598464966 4.489649772644043
3.3831899166107178 5.778096388499307 3.06105899810791 5.54387092590332
5.678763389587402 6.9545745263612275 2.0984654426574707 2.163281202316284
4.128493785858154 5.593373824838762 2.5624191761016846 3.4499077796936035
3.782879590988159 7.555561783254234 3.1167964935302734 5.207648277282715
3.4566943645477295 6.045341409960713 3.4528064727783203 6.526492118835449
6.428106307983398 8.28858118353439 2.315861225128174 2.39483642578125
6.068460941314697 10.0246491333464 2.904437303543091 4.024824142456055
4.581491470336914 8.031409032763786 3.6036086082458496 6.282046318054199
3.487456798553467 6.6326894375852135 4.016628265380859 7.955537796020508
6.52599573135376 7.832082349174925 2.5167574882507324 2.6045682430267334
4.875451564788818 7.935671636886511 3.0900096893310547 4.225210189819336
3.805532217025757 7.0035832601760575 3.7291316986083984 6.367191791534424
2.8542892932891846 4.745401660367861 4.089939117431641 7.927787780761719
7.154844284057617 8.761734812585928 2.739309072494507 2.840393543243408
4.986663341522217 9.003862339727675 3.4903969764709473 4.933481216430664
4.46617317199707 8.404963590827268 4.324844837188721 7.757599353790283
3.6054527759552 6.335511405344391 4.786945819854736 9.795492172241211
8.348933219909668 10.587061666629259 3.0860848426818848 3.217547655105591
6.415964126586914 10.47734239049555 4.118310928344727 6.083985328674316
5.669463157653809 8.95999407129753 5.234826564788818 9.914612770080566
2.883537769317627 5.838906849693899 5.8250555992126465 12.590238571166992
6.894275188446045 8.376689579037702 3.2672834396362305 3.394914388656616
5.313490390777588 9.112873874256437 4.049550533294678 5.733476638793945
3.297011137008667 4.887152426882153 4.807647705078125 8.576342582702637
2.2894980907440186 3.3632781893445554 5.197065353393555 10.558890342712402
7.96873664855957 9.859673975042824 3.5595226287841797 3.724260091781616
6.031036376953125 9.829176541676588 4.6627655029296875 6.899326801300049
4.895979881286621 7.667989107022102 5.717552661895752 10.802864074707031
2.4365499019622803 4.792990218344471 6.242100238800049 13.457962989807129
9.650487899780273 12.092092381387829 4.046061038970947 4.278092384338379
6.429356575012207 9.756664271535556 5.671473503112793 8.872382164001465
4.0256428718566895 5.358121223356205 7.14962911605835 14.334131240844727
4.280574321746826 7.034532900832346 7.832911968231201 17.852807998657227
4.266407489776611 4.641803357627396 3.556396961212158 3.9492743015289307
4.158033847808838 6.742337249459808 5.123318195343018 7.660907745361328
3.1533236503601074 6.103738721653542 5.845735549926758 10.772791862487793
2.1268556118011475 3.4168043213595887 6.1773529052734375 12.921590805053711
6.203491687774658 6.668222391596178 4.01147985458374 4.497086524963379
4.866903781890869 8.147970926614107 5.97967004776001 9.366215705871582
4.625881195068359 7.503186001374615 7.047977447509766 13.781587600708008
2.938206195831299 4.203558196407698 7.531970500946045 16.726957321166992
6.129866600036621 6.934117316980235 4.708954811096191 5.359035968780518
6.552637100219727 9.817386356169251 7.4145002365112305 12.285374641418457
5.643218994140625 8.963253495359453 8.974534034729004 18.601531982421875
4.21693754196167 6.4152722016526695 9.619857788085938 22.516921997070312
4.985738277435303 6.2386372483090895 1.9645394086837769 2.0522170066833496
3.731940269470215 6.037552087965395 2.4071664810180664 3.334134817123413
3.7772140502929688 6.091393802341173 2.777547597885132 4.720287799835205
2.681708335876465 5.22523431652462 2.9741592407226562 5.681446075439453
5.61374568939209 7.184364935433678 2.129887819290161 2.235441207885742
4.295461177825928 7.237126714106125 2.669691801071167 3.807974338531494
3.5120022296905518 7.3603758722826385 3.1169698238372803 5.523715019226074
3.223369836807251 5.432942863073322 3.3467209339141846 6.704237461090088
6.525271892547607 8.589254324521676 2.384986400604248 2.5190885066986084
4.752144813537598 8.47175346864924 3.075777530670166 4.5452165603637695
4.499989032745361 6.949784677605521 3.633775234222412 6.7541680335998535
4.3229217529296875 8.153932405638955 3.9057869911193848 8.249984741210938
6.257821083068848 7.786338252204986 2.4978010654449463 2.6202495098114014
4.637667179107666 7.2251833267539425 3.1056346893310547 4.467872619628906
2.574892520904541 4.704905338829164 3.5596017837524414 6.414325714111328
2.569823741912842 5.338555395975618 3.7745344638824463 7.724350929260254
7.0420098304748535 9.002188853105054 2.748100519180298 2.908371925354004
4.572985649108887 7.946360826401516 3.5542757511138916 5.332650661468506
4.549193859100342 8.457954754894672 4.150424480438232 7.8875412940979
3.255450487136841 5.78150067268416 4.416318893432617 9.56807804107666
8.370016098022461 10.831508255897518 3.156888484954834 3.3828718662261963
5.982609272003174 9.63554473191789 4.291306495666504 6.768790245056152
4.555800914764404 7.793595155698694 5.09682559967041 10.258265495300293
4.601653575897217 7.794983992819482 5.424135684967041 12.461419105529785
6.738999366760254 8.425628558851713 3.255791664123535 3.4194936752319336
4.4283552169799805 7.661108749094751 3.960378646850586 5.862320423126221
3.277575731277466 6.024334653690119 4.391942977905273 8.2429780960083
3.2915639877319336 5.510085647581036 4.567609786987305 9.789275169372559
8.002825736999512 10.096553492819112 3.593637466430664 3.826289415359497
5.1579084396362305 7.161137581555963 4.624797344207764 7.211080551147461
4.289893627166748 7.315436368724399 5.259555816650391 10.482361793518066
3.63957142829895 6.326401407139997 5.497521877288818 12.52061939239502
9.821849822998047 12.534628332734883 4.167087078094482 4.527853012084961
6.527594566345215 10.975194010253517 5.757479190826416 9.5359468460083
5.511014461517334 8.515939110314093 6.693126201629639 14.168972969055176
3.955702304840088 6.773123745364742 6.996477127075195 16.871477127075195
4.765072345733643 5.5822578949845365 3.6379268169403076 4.201888561248779
4.030202388763428 6.428597840919451 4.945103168487549 7.501885414123535
2.887460708618164 5.022139879170368 5.152614116668701 9.911946296691895
2.5250751972198486 3.789622227285239 5.231823444366455 11.521909713745117
5.406108379364014 6.106825897267299 4.120177745819092 4.838647842407227
5.655719757080078 8.365363485466332 5.838196754455566 9.37553882598877
4.016478061676025 6.246819063665242 6.263658046722412 12.84142780303955
4.08096170425415 6.512840487663027 6.40719747543335 15.008407592773438
8.314345359802246 9.054791085868722 4.960090637207031 5.932855129241943
6.379751205444336 8.603036576377235 7.361660480499268 12.597940444946289
6.143204212188721 9.570016121570816 8.12708568572998 17.692073822021484
3.9999454021453857 6.005854704705712 8.324902534484863 20.57421875
4.5395426750183105 5.534946289398434 1.7727913856506348 1.8403321504592896
2.8782548904418945 5.4461972346361165 2.1618294715881348 2.9266791343688965
2.545722484588623 4.342373225599555 2.554614543914795 4.153952121734619
2.605466604232788 4.3291444029881205 2.765385866165161 4.965123176574707
5.23898458480835 6.437443329643656 1.9010392427444458 1.9792388677597046
3.8580377101898193 7.318617235101524 2.357546329498291 3.277322769165039
3.705197334289551 7.455073572816914 2.8179726600646973 4.777496337890625
2.59020733833313 4.422749881392633 3.062912702560425 5.7719221115112305
6.243585109710693 7.8177557115735254 2.0969398021698 2.1914291381835938
5.037130832672119 9.25366718919355 2.6550421714782715 3.8103692531585693
3.9096274375915527 7.737966680785945 3.212857246398926 5.708518981933594
3.856673240661621 7.037824328335438 3.5035369396209717 6.9560956954956055
5.966671943664551 7.074514508770676 2.102238416671753 2.192322015762329
4.317052841186523 6.7954804243038325 2.647271156311035 3.7263360023498535
3.5888712406158447 7.263987577739499 3.17327618598938 5.449679374694824
1.8798623085021973 4.017081122433865 3.434011459350586 6.56169319152832
6.687880992889404 8.081959698799324 2.2952635288238525 2.4054415225982666
5.1233625411987305 8.492059933029878 2.9681339263916016 4.329540729522705
3.1566905975341797 6.453610186390215 3.613454818725586 6.545450687408447
2.3202688694000244 4.8887848929402935 3.9321346282958984 7.980605125427246
7.820210933685303 9.738365589230149 2.6103429794311523 2.753387928009033
5.95546817779541 10.505147084003625 3.4850032329559326 5.301760673522949
3.170165538787842 5.250097486032814 4.304447174072266 8.25867748260498
3.036834716796875 4.531303808697377 4.701198101043701 10.145995140075684
6.409780502319336 7.596510294063592 2.482882022857666 2.595714807510376
4.74022912979126 7.42522954861397 3.1724281311035156 4.608730316162109
3.6445090770721436 5.604912675570404 3.7929670810699463 6.786192417144775
3.03084659576416 5.895260947477915 4.078545093536377 8.155686378479004
7.538898468017578 9.113634817965306 2.7359378337860107 2.882667064666748
5.969181060791016 10.03419479874583 3.625544786453247 5.499766826629639
3.5872602462768555 6.810842036805974 4.420693874359131 8.402189254760742
2.7313082218170166 4.659089856563469 4.785271644592285 10.231231689453125
9.063525199890137 11.244164044556783 3.1747732162475586 3.3776915073394775
6.937985420227051 10.90642807637579 4.392276763916016 6.995490074157715
4.652158260345459 6.130195620167683 5.439331531524658 11.00013256072998
3.9140589237213135 6.3383860024511804 5.9078850746154785 13.465717315673828
5.893949508666992 6.920348895914302 3.0350804328918457 3.422165870666504
5.105000019073486 8.2824832035202 3.761247396469116 5.603811740875244
2.3681883811950684 4.345208947119942 4.337045192718506 7.9649248123168945
2.866135597229004 5.416516369600274 4.606449604034424 9.483617782592773
5.971062660217285 6.455740140183677 3.3855299949645996 3.883100748062134
5.479474067687988 8.028558114481298 4.339742660522461 6.786564350128174
3.160475969314575 4.6543273632340885 5.125378608703613 10.044134140014648
2.780041217803955 5.288804637139208 5.489257335662842 12.12171459197998
7.2320451736450195 7.946171676753821 3.9889674186706543 4.669609069824219
5.8174824714660645 9.287950527354234 5.332605361938477 8.790654182434082
4.819368839263916 8.968197554659838 6.432046890258789 13.428011894226074
3.713486433029175 5.222415795222621 6.914577960968018 16.267457962036133
4.698188781738281 5.922225071405251 1.8097444772720337 1.8783140182495117
4.205202579498291 6.755014931511511 2.1870369911193848 2.977839946746826
2.5581305027008057 5.14576718974682 2.539851188659668 4.233940601348877
2.212146520614624 4.424690544075958 2.7279717922210693 5.09656286239624
5.377231597900391 6.620147099947303 1.9578138589859009 2.037489891052246
4.669473648071289 7.6454996112754685 2.4102237224578857 3.347449779510498
3.178377866744995 6.538282520593214 2.8313329219818115 4.872941017150879
2.217313051223755 4.911022703220539 3.050461769104004 5.925815582275391
6.317813873291016 7.820401717042159 2.1823928356170654 2.2801144123077393
5.252755641937256 8.156832349265368 2.7473807334899902 3.9129226207733154
3.88507342338562 7.490831814761179 3.267695665359497 5.844821929931641
3.1741960048675537 5.02898082027974 3.5298943519592285 7.177491188049316
5.79509162902832 7.167979105115535 2.212874412536621 2.3020894527435303
4.656467437744141 6.927736314912153 2.7057549953460693 3.817584753036499
3.267265796661377 5.803284118369902 3.165417194366455 5.596630573272705
1.8307667970657349 4.06411435549569 3.400444984436035 6.806455135345459
6.589781761169434 8.098389907583908 2.4386324882507324 2.546555995941162
4.460701942443848 5.994665411608821 3.076737880706787 4.4709320068359375
3.6796751022338867 6.359231005735846 3.65979266166687 6.744650840759277
2.75443959236145 4.118290556083252 3.9445950984954834 8.282763481140137
7.849780082702637 9.714757973052656 2.791311502456665 2.935061454772949
6.169845104217529 8.178593661463026 3.6608452796936035 5.5189690589904785
4.947007179260254 8.46468280814372 4.432684898376465 8.567423820495605
3.375544548034668 5.961845361566461 4.7895379066467285 10.598682403564453
6.281312465667725 7.824611494198308 2.7714455127716064 2.9136178493499756
4.381640434265137 7.478576725208768 3.279895544052124 4.751495838165283
3.186310052871704 5.900480249346917 3.7897167205810547 6.998060703277588
2.454385280609131 4.426520168210729 4.047032833099365 8.503373146057129
7.405336380004883 9.18658325305205 3.0698304176330566 3.2340755462646484
5.557399272918701 8.393872101831107 3.8096606731414795 5.731026649475098
3.1782424449920654 5.999025933395984 4.50308084487915 8.711431503295898
3.224715232849121 5.9169922954514504 4.8244524002075195 10.672736167907715
8.904006004333496 11.020588945798181 3.5443241596221924 3.7628886699676514
6.727060317993164 10.951543676839435 4.667575359344482 7.355323314666748
3.5268702507019043 5.417283753782613 5.6480488777160645 11.499344825744629
3.2049970626831055 5.8158300996578305 6.064095973968506 14.146867752075195
5.404293537139893 6.295723459458793 3.0742084980010986 3.6414718627929688
4.439064025878906 7.895027841131295 3.8803329467773438 5.740937232971191
2.1000823974609375 3.5741837721388663 4.3240485191345215 8.211335182189941
1.819927453994751 3.892090006374019 4.570789813995361 9.899561882019043
6.012452125549316 6.54851292880231 3.474587917327881 4.156290054321289
4.67501163482666 7.307590762659629 4.549304008483887 7.031430244445801
3.1174848079681396 6.3095401512953515 5.228707313537598 10.424992561340332
3.5016515254974365 6.5121573840832125 5.5465850830078125 12.657477378845215
7.751891613006592 8.294325585436184 4.156790256500244 5.006120681762695
5.539295196533203 7.330758147498273 5.651451587677002 9.2130708694458
5.143889427185059 8.387880794728233 6.700124263763428 14.068621635437012
3.524660110473633 6.659468941921816 7.12382698059082 17.110572814941406
4.844439506530762 5.573251971163245 1.858946442604065 1.9202758073806763
4.222690105438232 6.747024657377551 2.1876885890960693 2.88399338722229
3.2551798820495605 5.854121060296613 2.5249128341674805 4.0593953132629395
2.5248606204986572 4.056941332459473 2.7119975090026855 4.897843360900879
5.369597434997559 6.393448792456297 1.985823631286621 2.0548925399780273
4.648344993591309 7.567451617364526 2.384305477142334 3.2165896892547607
3.3350613117218018 5.747620013208347 2.792292356491089 4.681262969970703
2.1870110034942627 4.103317337848092 3.0150809288024902 5.736227512359619
6.2921552658081055 7.572498100729263 2.1725013256073 2.2543110847473145
5.302492141723633 7.097783676355507 2.674546957015991 3.712153673171997
4.226290702819824 7.92157624852689 3.1863279342651367 5.598995208740234
4.0038886070251465 6.685142927571178 3.4599506855010986 6.957704544067383
5.829504013061523 6.6729890935075105 2.3754541873931885 2.4730381965637207
4.7291412353515625 7.2464696803942275 2.8401942253112793 3.897649049758911
2.745171308517456 5.216477911004404 3.2537899017333984 5.567319869995117
2.862511157989502 5.244923025821208 3.4518725872039795 6.714327812194824
6.736294269561768 7.845505087021593 2.565178632736206 2.6795248985290527
3.716315746307373 6.187073239834184 3.1784117221832275 4.5134196281433105
3.9464097023010254 7.190435447397022 3.7250468730926514 6.7283477783203125
2.7586278915405273 4.53635334431538 3.9805874824523926 8.247971534729004
7.9550065994262695 9.432613671942647 2.8613431453704834 3.0034117698669434
6.455827236175537 8.74345167810884 3.7075247764587402 5.485074043273926
4.884546756744385 6.081832047200237 4.456263542175293 8.531327247619629
4.010104656219482 7.205632124700099 4.793187618255615 10.584228515625
6.250504016876221 7.133285714542353 3.109290838241577 3.247004985809326
3.5667567253112793 4.8431812649705535 3.6985604763031006 5.27400016784668
4.149364471435547 6.493498797781626 4.087227821350098 7.354085445404053
2.54732084274292 3.901416509542173 4.230442047119141 8.691696166992188
7.510788440704346 8.647848336323392 3.359719753265381 3.5408775806427
5.250271320343018 8.066956545093376 4.210927486419678 6.283990383148193
3.745537281036377 4.696846058792971 4.795437812805176 9.1751070022583
3.166534662246704 5.2330350707371736 5.010942459106445 11.021003723144531
9.116265296936035 10.658498705849752 3.7749433517456055 4.0206522941589355
5.549284934997559 8.753920944159574 5.0516839027404785 7.93398380279541
4.446722030639648 6.249309360937211 5.939121246337891 12.085046768188477
4.115041732788086 5.511747871083969 6.251141548156738 14.654544830322266
3.8005189895629883 4.318751582772165 3.4511940479278564 3.8168234825134277
3.511202335357666 5.173257726885538 4.794928073883057 7.108431339263916
2.9787800312042236 4.93575158593967 4.91461706161499 9.183758735656738
2.756561517715454 4.580154313064195 4.922389984130859 10.48641586303711
5.636654376983643 6.407659817753029 3.8219642639160156 4.2787275314331055
5.572123050689697 7.485814242583501 5.503021717071533 8.6368408203125
3.4661705493927 4.380503210333927 5.842104434967041 11.642696380615234
2.620335340499878 4.178058405510285 5.925082206726074 13.5198974609375
6.838217735290527 7.6266212161444855 4.438313961029053 5.040460109710693
6.284477233886719 8.673706961507804 6.681375503540039 11.124091148376465
4.499248504638672 6.532924182292007 7.374731063842773 15.59797191619873
3.4764223098754883 5.6640464728617985 7.551632881164551 18.300519943237305
4.556023120880127 5.639654334581294 1.7883894443511963 1.8537342548370361
4.124556064605713 7.280704732227677 2.175804376602173 2.9345319271087646
3.4101450443267822 6.829672057324435 2.5794639587402344 4.215883255004883
2.9263756275177 5.4916258933030235 2.812399387359619 5.137879848480225
5.246579170227051 6.611436942928618 1.9305462837219238 2.0058069229125977
4.7640814781188965 8.124694364353843 2.396463632583618 3.3087151050567627
3.8181679248809814 7.719229309510865 2.8841402530670166 4.911858558654785
3.326329469680786 6.506477887941685 3.162968158721924 6.0708746910095215
6.326239585876465 8.251480339598515 2.154050588607788 2.245286464691162
5.541601657867432 8.66126825314575 2.741518020629883 3.895658493041992
4.070752143859863 6.3488266526615575 3.351942300796509 5.975628852844238
4.396352767944336 7.840114868087325 3.6926660537719727 7.475322246551514
5.649744510650635 6.942421670500153 2.149995803833008 2.2397689819335938
4.543686389923096 6.884126008235027 2.692789077758789 3.7930684089660645
3.3877899646759033 6.256685703780164 3.2544612884521484 5.657171249389648
2.625591993331909 5.234459552254123 3.5571448802948 6.975640773773193
6.639974594116211 8.303206643397402 2.3714287281036377 2.480081081390381
4.808071613311768 7.848708089642287 3.0669469833374023 4.461696147918701
4.63007926940918 7.959514091786161 3.7842631340026855 6.932568073272705
2.8315165042877197 5.1514077135411185 4.165633201599121 8.671740531921387
8.020695686340332 10.242969912531994 2.742326498031616 2.8846566677093506
6.049056053161621 10.641375551983174 3.6940157413482666 5.5945916175842285
5.589993000030518 9.00430788092217 4.650378704071045 9.008224487304688
3.9821152687072754 7.7081559081252635 5.139739990234375 11.365138053894043
6.249568939208984 7.616618083142292 2.554957628250122 2.6836962699890137
4.6303277015686035 8.512438321930219 3.2582972049713135 4.776088237762451
3.9111709594726562 7.8534320836049005 3.9679222106933594 7.216057300567627
2.4035661220550537 4.9291064686914865 4.312950611114502 8.885477066040039
7.530599117279053 9.254221235100886 2.8533711433410645 3.0089733600616455
5.259315013885498 9.491889185414237 3.80582332611084 5.789236068725586
3.8391106128692627 5.853435518911198 4.752269744873047 9.166621208190918
3.284255027770996 6.274952622693731 5.205615997314453 11.437108993530273
9.313411712646484 11.76701793572829 3.379815101623535 3.5913095474243164
6.430051326751709 11.0834317444127 4.7691240310668945 7.604846477508545
4.999223709106445 9.205912731092923 6.083970546722412 12.4474515914917
4.808718204498291 7.037271722040543 6.6843156814575195 15.580815315246582
4.173527240753174 4.62185207939347 3.074866533279419 3.595041513442993
3.523719310760498 6.06477501418345 3.9121451377868652 6.027810096740723
3.319950580596924 5.338459640567123 4.627399444580078 8.65397834777832
2.169309377670288 3.387633705582161 4.961199760437012 10.52729606628418
4.991035461425781 6.000681967619187 3.4880781173706055 4.106539249420166
5.2999067306518555 8.662856897680058 4.631518363952637 7.37381649017334
4.0015764236450195 6.686330684846325 5.643658638000488 11.226363182067871
3.805838108062744 6.791136351798514 6.103631019592285 13.832024574279785
6.811746120452881 7.293654998908332 4.21944522857666 5.024604797363281
6.122848987579346 9.65669591240703 5.910984516143799 9.837757110595703
5.22065544128418 8.24282584541017 7.398037433624268 15.608362197875977
4.882823467254639 7.114433670965752 8.02653980255127 19.225006103515625
5.121633529663086 5.6974180526035525 2.074880361557007 2.1228671073913574
4.564789295196533 7.541554370486706 2.453259229660034 3.1959586143493652
3.326941728591919 6.267880317197523 2.8971548080444336 4.60856294631958
2.7270469665527344 4.279031642977998 3.161884307861328 5.644222259521484
5.626304626464844 6.595883318026537 2.216513156890869 2.2773959636688232
4.952823162078857 7.630968393341316 2.6805918216705322 3.5657708644866943
3.9278206825256348 6.200008603206385 3.22832989692688 5.319188117980957
3.795189142227173 6.518322734020671 3.5542802810668945 6.624615669250488
6.5643815994262695 8.061945079585598 2.4346957206726074 2.5136027336120605
6.098682403564453 8.77098816946017 3.027094841003418 4.1427788734436035
4.416541576385498 7.364011359029291 3.7278690338134766 6.414999008178711
3.394155740737915 4.910678306007412 4.138942718505859 8.111129760742188
6.239442348480225 7.006565721878019 2.7454006671905518 2.8078508377075195
5.377050399780273 7.678467886590738 3.3544118404388428 4.537890434265137
1.9061510562896729 2.714257933087994 3.983628511428833 6.733199119567871
2.8400778770446777 4.250641650650085 4.308627605438232 8.260595321655273
6.998389720916748 8.206118298313015 2.958904266357422 3.0485894680023193
6.017576694488525 8.769579779061132 3.7612743377685547 5.263499736785889
4.528778553009033 6.953755667053088 4.5880560874938965 8.139368057250977
3.7730953693389893 6.7996483356097315 5.013370037078857 10.156573295593262
8.218476295471191 9.930444627502567 3.313781499862671 3.4446303844451904
5.872860908508301 8.938509465637935 4.429337978363037 6.480350017547607
5.921720504760742 8.530050086404117 5.563935279846191 10.445773124694824
4.330203056335449 6.605753358396395 6.1316142082214355 13.184388160705566
6.588490009307861 7.412779931333246 3.3209621906280518 3.5367932319641113
3.9264798164367676 6.112692110324893 4.3744893074035645 6.2105817794799805
3.287558078765869 5.164864528537878 5.191298484802246 9.23266315460205
3.0568833351135254 4.1820558709709985 5.534420013427734 11.178474426269531
7.863156318664551 9.1753883972872 3.628577709197998 3.88885498046875
5.61977481842041 8.543871001609944 5.029892444610596 7.4533538818359375
4.028231143951416 6.196661514658915 6.133518218994141 11.527058601379395
3.516443967819214 6.544525433250669 6.601056098937988 14.146064758300781
9.489584922790527 11.278005235516957 4.169384002685547 4.510777950286865
6.681988716125488 9.743756028792632 6.163001537322998 9.653606414794922
4.3035712242126465 6.705407831598279 7.719956398010254 15.411778450012207
4.097858905792236 6.0660526407265305 8.354998588562012 19.012592315673828
4.43704080581665 4.677008547039399 3.92134952545166 4.430991172790527
3.117471933364868 4.502098277147979 5.127259731292725 7.6608967781066895
3.2926175594329834 5.475979141744318 6.2260236740112305 11.495126724243164
1.8056198358535767 2.6760012317997264 6.576873302459717 13.748604774475098
5.7040534019470215 5.91746710428049 3.1035122871398926 3.0582923889160156
4.95522403717041 7.416300571250588 6.043521881103516 9.397307395935059
3.6434266567230225 5.663108646459932 7.482363224029541 14.649721145629883
3.509105682373047 6.417896462472868 7.968697547912598 17.655675888061523
5.229125022888184 5.733105781906957 5.08370304107666 3.953463554382324
5.251005172729492 6.587273692233964 7.656850337982178 12.703463554382324
4.8499836921691895 7.793594795663921 9.648063659667969 19.997745513916016
4.11613655090332 5.909612453441127 10.292062759399414 24.105010986328125
4.646388530731201 5.382600278260497 1.7325384616851807 1.7836540937423706
3.0280110836029053 5.458697620260814 2.0319764614105225 2.6733241081237793
3.07524037361145 5.508182903250599 2.405127763748169 3.8918910026550293
3.188246011734009 5.932889718747788 2.6489646434783936 4.815001964569092
5.245698928833008 6.3307180392313285 1.8619155883789062 1.9199320077896118
4.27305793762207 6.00353822602959 2.2184526920318604 2.9696688652038574
2.467639684677124 4.6401184904886605 2.6614742279052734 4.433077812194824
2.5070745944976807 5.240391637422249 2.9494006633758545 5.545071125030518
6.1956892013549805 7.567893568655592 2.057868242263794 2.1272997856140137
4.653783798217773 8.06170583338917 2.501178026199341 3.4265029430389404
4.17482852935791 7.546236846421431 3.0459742546081543 5.26303243637085
3.5529606342315674 6.243022565682153 3.3946640491485596 6.651514053344727
5.607827663421631 6.545281947243666 2.0461690425872803 2.1046102046966553
4.624449253082275 7.249933573901217 2.4142024517059326 3.3079802989959717
3.059440851211548 6.186439634652743 2.93428635597229 5.04015588760376
1.5692026615142822 3.161662809059351 3.264340877532959 6.348879337310791
6.438414573669434 7.6762955687670456 2.239267349243164 2.3113560676574707
4.064280033111572 6.745313564472752 2.710918664932251 3.804841995239258
3.2186076641082764 6.030314246104041 3.3551340103149414 5.986605644226074
2.84846830368042 4.833131514881921 3.760988235473633 7.635228157043457
7.593142509460449 9.455020805734478 2.5477447509765625 2.6435179710388184
6.092464923858643 10.16342291525225 3.192615509033203 4.6307692527771
4.563446521759033 7.333361485985165 4.025899410247803 7.52747917175293
3.943472146987915 5.659915390287422 4.536944389343262 9.681085586547852
6.097051620483398 7.1386214749259125 2.4740850925445557 2.4939651489257812
4.435202121734619 7.793472372689223 2.790105104446411 3.9739866256713867
3.028311252593994 5.07780906168971 3.454174757003784 6.208110332489014
3.105403184890747 5.605931325313122 3.8577826023101807 7.878056526184082
7.24680233001709 8.65226582770265 2.721872329711914 2.768374443054199
5.055422306060791 8.211120214795983 3.2003214359283447 4.691885471343994
3.950974464416504 6.836007974438417 4.046640396118164 7.60007905960083
2.1534721851348877 3.132557849022305 4.5572590827941895 9.761026382446289
8.707478523254395 10.810860886205774 3.1401355266571045 3.2323713302612305
5.7644524574279785 10.301556056182015 3.9078304767608643 5.962098121643066
4.908992767333984 7.027844102044071 5.035421848297119 9.954700469970703
4.140471935272217 6.684626022629564 5.690964221954346 12.837695121765137
4.991500377655029 5.965567197302228 2.7648818492889404 3.0416858196258545
3.026033401489258 4.401459599557711 3.224350690841675 4.7574687004089355
2.465837240219116 4.109911734132075 3.912814140319824 7.234582901000977
1.9772052764892578 3.0508779845487197 4.349266529083252 9.159783363342285
6.089402675628662 6.499347410979311 3.0960824489593506 3.446662425994873
5.005636692047119 7.811331014288015 3.735940933227539 5.6955342292785645
4.6393818855285645 7.257849617710235 4.6483845710754395 9.020273208618164
3.492351531982422 5.478703560453937 5.21776008605957 11.549907684326172
7.103414535522461 8.57208388390518 3.65551495552063 4.137471675872803
6.589943885803223 9.35016589019449 4.64427375793457 7.398737907409668
5.530239582061768 8.325049464084714 5.913775444030762 12.097110748291016
3.8823482990264893 6.539182525635397 6.656856536865234 15.501761436462402
4.908064842224121 6.208653699734796 1.9861615896224976 2.050821542739868
4.064713478088379 7.619515292399228 2.4000051021575928 3.21639347076416
3.534677743911743 6.229202055525548 2.824019193649292 4.620153427124023
2.0635976791381836 3.658452436271318 3.0721435546875 5.624507904052734
5.428446292877197 6.870695232082539 2.1244406700134277 2.2006800174713135
4.022228240966797 7.7682231689380785 2.6228511333465576 3.607368230819702
3.5191550254821777 7.001655490564289 3.1341121196746826 5.343099594116211
3.715789556503296 6.670289075601886 3.4328529834747314 6.594930171966553
6.285940647125244 8.18551160375199 2.330632448196411 2.424975633621216
4.588724613189697 7.38579446394581 2.9563939571380615 4.190404891967773
4.54976224899292 9.215475263605185 3.59405255317688 6.401627063751221
3.465524911880493 5.918208199810209 3.962181329727173 8.001849174499512
5.951350688934326 7.401281944871702 2.633371114730835 2.7265429496765137
4.990005016326904 9.109981690556197 3.2520203590393066 4.532289028167725
2.6677229404449463 5.547817213583585 3.800217866897583 6.602499961853027
2.9534263610839844 5.548591082993433 4.083590507507324 8.01417064666748
6.779664516448975 8.467753059643655 2.837407112121582 2.9552457332611084
4.729883670806885 8.022731015153624 3.628309726715088 5.259836673736572
4.296088218688965 7.337185779176226 4.330154895782471 7.940546989440918
3.2294135093688965 4.9194338567009765 4.693669319152832 9.775678634643555
8.064184188842773 10.191213231903703 3.1615707874298096 3.3206074237823486
6.102748870849609 10.28973271434053 4.23280668258667 6.410393238067627
3.7802298069000244 7.552479146904979 5.166486740112305 9.996243476867676
4.224539279937744 7.083110916831629 5.638967990875244 12.435684204101562
6.30618143081665 7.877378889379088 3.443873643875122 3.605740547180176
4.571188449859619 7.366179487292243 4.319370269775391 6.252254009246826
2.98541522026062 5.9771544792774876 4.898150444030762 8.908496856689453
1.7860208749771118 3.6371593330402447 5.1475830078125 10.607229232788086
7.496420860290527 9.301433441936638 3.7294235229492188 3.945265293121338
4.396992206573486 7.755506523142685 4.880971908569336 7.434957981109619
4.2440104484558105 7.367883763174177 5.671855926513672 10.96765422821045
2.9881813526153564 5.280307625387422 6.020017623901367 13.22606372833252
9.145428657531738 11.349434106855625 4.2051568031311035 4.512612819671631
6.059479713439941 9.272399245958976 5.838023662567139 9.388101577758789
4.745418071746826 6.580635431463257 6.9508538246154785 14.215822219848633
4.937171459197998 7.785323542585207 7.426971435546875 17.262252807617188
5.5480804443359375 6.7471369907828915 3.835153818130493 4.206179618835449
4.57388973236084 8.29534510075946 5.3317484855651855 8.041563987731934
2.7073047161102295 4.924063685262809 5.907076835632324 11.071171760559082
2.535834550857544 3.9932090155980404 6.068967819213867 12.879337310791016
6.2908782958984375 7.065312350172576 4.27042818069458 4.767309665679932
4.280943870544434 7.271940267944046 6.129878997802734 9.738018989562988
3.7903637886047363 7.853086045160126 6.903553009033203 13.799125671386719
3.251497745513916 4.677606828472733 7.1650495529174805 16.231788635253906
7.302018642425537 8.82634684264599 5.0093278884887695 5.72244930267334
5.333755970001221 8.386367913158495 7.4779157638549805 12.614336013793945
5.415614604949951 9.14888908957073 8.587972640991211 18.13188362121582
3.594134569168091 5.934764557536255 8.97251033782959 21.427040100097656
4.71740198135376 5.458042193719052 2.022735357284546 2.0961661338806152
4.044311046600342 6.392380316305761 2.422053813934326 3.1999104022979736
3.424103021621704 5.102855219161825 2.8042190074920654 4.530653476715088
2.9791529178619385 4.830672617570372 3.001786708831787 5.45717191696167
5.342113494873047 6.342929962132715 2.150796890258789 2.2374465465545654
4.48305082321167 6.418778970351241 2.6337778568267822 3.5849316120147705
3.1936070919036865 5.130773185246767 3.108137369155884 5.251049995422363
2.8731725215911865 5.234210472820905 3.353201150894165 6.404694557189941
6.248894214630127 7.558229637367461 2.3392348289489746 2.4428906440734863
5.373764991760254 8.208491185204366 2.945101261138916 4.139204978942871
4.276215076446533 7.1143905858218375 3.551943063735962 6.283077239990234
3.906710624694824 5.631101036605344 3.8628690242767334 7.753544330596924
5.710423469543457 6.579285752335181 2.6485135555267334 2.757007598876953
4.384329795837402 6.575300016490928 3.266937017440796 4.484961986541748
3.1059675216674805 5.3006397488734365 3.7551589012145996 6.449576377868652
1.948283314704895 2.8348243287012167 3.9537670612335205 7.722085952758789
6.4422149658203125 7.518450453429448 2.836021900177002 2.9744443893432617
5.3307785987854 7.348670504395841 3.6345326900482178 5.224453449249268
4.522172927856445 7.368519128975388 4.296387195587158 7.837277889251709
2.2446787357330322 2.803344315413412 4.573966026306152 9.511798858642578
7.607723236083984 9.119509140880268 3.131049394607544 3.3116543292999268
6.054146766662598 7.688753055410395 4.211233139038086 6.353703022003174
4.121165752410889 6.882865076350299 5.130688190460205 9.924195289611816
3.857680559158325 6.903972389526231 5.516883373260498 12.161495208740234
6.03142786026001 6.832908689780652 3.2904818058013916 3.4749486446380615
3.3856942653656006 5.288265948063227 4.265182971954346 6.073391437530518
3.121429920196533 5.774539720970401 4.808482646942139 8.65231704711914
2.283905029296875 3.3674307612914376 4.9524030685424805 10.17520523071289
7.0743889808654785 8.1412127834772 3.577585458755493 3.8067593574523926
5.177918434143066 8.456626341086888 4.827140808105469 7.285965442657471
2.8365561962127686 4.189397613421939 5.621192932128906 10.849252700805664
3.4225013256073 5.2610955783356985 5.873480796813965 12.9332914352417
8.42800235748291 9.870056286040722 4.032069683074951 4.338313579559326
6.0716142654418945 8.719974912968837 5.7480340003967285 9.230834007263184
5.137045383453369 8.271313340886081 6.925281047821045 14.244462966918945
3.620227098464966 6.033822607024689 7.317365646362305 17.095897674560547
5.594566345214844 5.947394759701808 3.78985857963562 4.376066207885742
3.5064916610717773 5.1245753782171235 5.110321044921875 7.5973944664001465
1.979562520980835 3.7539349523047747 5.742386817932129 10.64511489868164
1.8881603479385376 2.279799195551732 5.807033061981201 12.297932624816895
5.472681522369385 6.134189147784582 3.567319869995117 3.9003543853759766
5.239053249359131 7.706080338191043 5.884616374969482 9.258219718933105
4.412250995635986 6.420202087087773 6.797478675842285 13.582818984985352
2.8692848682403564 4.0319522937024885 6.990908145904541 15.900672912597656
7.6762919425964355 8.208087007009134 4.2872443199157715 5.073863506317139
5.991909980773926 9.082655875888463 7.15966272354126 12.08324909210205
5.181192398071289 7.97198990677407 8.529075622558594 18.169260025024414
2.8960444927215576 4.134860223739906 8.877760887145996 21.371585845947266
4.553695201873779 5.369135538914646 1.86286461353302 1.9227595329284668
4.297661304473877 7.264450899686963 2.2251720428466797 2.9640371799468994
3.1850476264953613 6.015043564495727 2.6241822242736816 4.291205883026123
2.3682427406311035 4.716379755164098 2.8488664627075195 5.228451728820801
5.304303169250488 6.385456064112759 2.0081050395965576 2.0789620876312256
3.729565382003784 6.534842451901795 2.4509170055389404 3.3521921634674072
3.127539873123169 6.3501747880650115 2.936352491378784 5.003944396972656
2.9167275428771973 5.332121055114129 3.2031772136688232 6.161619186401367
6.590651035308838 8.128934312395955 2.230482339859009 2.318742036819458
5.470297813415527 8.704349498230073 2.798563241958618 3.9540610313415527
3.99320912361145 6.712414849465944 3.4093730449676514 6.097322463989258
3.6664671897888184 6.285512857950343 3.731339454650879 7.575331211090088
5.937580108642578 6.885723268277559 2.2782857418060303 2.3620083332061768
3.6542909145355225 5.449949658812706 2.832026720046997 3.9430763721466064
3.7310235500335693 7.179412733339298 3.3922030925750732 5.898531913757324
2.2057018280029297 3.692144382371225 3.6667885780334473 7.229396343231201
6.9950761795043945 8.252719327839122 2.503232955932617 2.6081860065460205
5.310588836669922 8.064897235156224 3.2177960872650146 4.647252082824707
4.031564712524414 6.708475782156029 3.938697576522827 7.219228744506836
2.711914539337158 3.7415898721930034 4.281198501586914 8.940638542175293
8.658361434936523 10.488499005425524 2.866685390472412 3.0097131729125977
5.182314872741699 7.648041856860004 3.8526434898376465 5.817579746246338
4.236423015594482 7.4445140457241905 4.820277214050293 9.360090255737305
3.261197090148926 5.504142815038733 5.255313396453857 11.657456398010254
6.433969020843506 7.497916982499021 2.816654682159424 2.932039499282837
4.544299602508545 7.264847697744909 3.5852596759796143 5.16411828994751
3.7614200115203857 6.516965450114867 4.245505332946777 7.720444679260254
3.040017604827881 4.92057305313304 4.516770362854004 9.359688758850098
8.05935287475586 9.519394204538344 3.1248109340667725 3.2729837894439697
5.728877544403076 7.426859081668226 4.160409450531006 6.26051139831543
4.118453502655029 7.052063184416625 5.063737392425537 9.761260986328125
2.6143414974212646 4.378765059932993 5.4210286140441895 11.942782402038574
10.326961517333984 12.461725848694007 3.641388416290283 3.856884241104126
7.6647162437438965 11.132955858973432 5.147733688354492 8.155655860900879
4.721442222595215 7.849508859366876 6.427478313446045 13.142308235168457
3.7985026836395264 5.9150780571230825 6.9051833152771 16.121068954467773
4.498385906219482 4.861005924059782 3.2225654125213623 3.7634172439575195
4.0439019203186035 5.970528944251235 4.606959342956543 6.914985179901123
2.9243669509887695 5.7228262050011836 5.071657657623291 9.504175186157227
3.31591534614563 5.055484952001734 5.261205673217773 11.246989250183105
5.121731758117676 5.6244450020150225 3.6297354698181152 4.283177375793457
5.795416831970215 9.274246243711104 5.393238544464111 8.448271751403809
3.6856887340545654 6.027500467456775 6.143712520599365 12.222997665405273
3.1405582427978516 5.17923418470059 6.423917770385742 14.592924118041992
6.101419448852539 6.971389034743993 4.3380818367004395 5.1989312171936035
7.760385990142822 9.901756372843565 6.735196113586426 11.078018188476562
5.507972717285156 8.172832473749601 7.952962875366211 16.72726058959961
5.206579208374023 6.964638086795368 8.357728004455566 20.01786231994629
4.75162410736084 5.540074826251242 1.8190124034881592 1.8770962953567505
3.809729814529419 5.89520340524507 2.1316072940826416 2.827315330505371
2.69954776763916 5.4065513675713675 2.4780945777893066 4.0645012855529785
1.6385395526885986 3.366589150171592 2.692018508911133 4.925799369812012
5.511390209197998 6.560586356674435 1.9573485851287842 2.021346092224121
4.560317516326904 7.319371676311363 2.336444139480591 3.160033941268921
2.85371470451355 5.982593091403601 2.750643014907837 4.67245626449585
2.446012258529663 4.939721841473556 3.001340389251709 5.735739231109619
6.587477207183838 8.062195591116126 2.167638063430786 2.2421224117279053
5.165287494659424 7.913573423225849 2.6466588973999023 3.6655514240264893
3.9069600105285645 6.340909887195721 3.158845901489258 5.587060451507568
3.581000804901123 5.951259139911144 3.4589765071868896 6.943165302276611
5.836242198944092 6.831285291596203 2.3072147369384766 2.4022269248962402
4.515268802642822 7.753514739451887 2.6834235191345215 3.6778295040130615
2.8996689319610596 6.138024404177827 3.0769944190979004 5.365289688110352
2.5634138584136963 4.580814637954063 3.3296005725860596 6.535107612609863
6.879610538482666 8.168502152469198 2.5191738605499268 2.6249375343322754
3.970646381378174 6.888985228990123 3.0295369625091553 4.277314186096191
3.465803623199463 5.49384007255297 3.53918719291687 6.463498115539551
3.084458112716675 4.261264990422262 3.849303722381592 7.980224609375
8.212761878967285 10.10927326107867 2.8616220951080322 2.9894180297851562
5.311254024505615 6.817215262198054 3.586799383163452 5.252921104431152
4.168734550476074 7.272600892353815 4.272207736968994 8.215174674987793
2.8416647911071777 3.565851187164384 4.66049337387085 10.243589401245117
6.413809299468994 7.530655242305571 3.0222327709198 3.1982007026672363
5.023437023162842 7.918958043401176 3.3706610202789307 4.751720905303955
3.05488657951355 5.886903170059668 3.6867177486419678 6.7229228019714355
2.696361780166626 4.838671727451563 3.9356720447540283 8.125626564025879
7.7374653816223145 9.162872551743078 3.3099632263183594 3.5057566165924072
5.262087821960449 7.494011290852171 3.8816633224487305 5.693838596343994
3.7085256576538086 7.618018842370134 4.357292652130127 8.383423805236816
3.270429849624634 6.306110657193375 4.675960063934326 10.257747650146484
9.4274263381958 11.452561069876438 3.79799747467041 4.043320655822754
6.241077899932861 9.692458736655055 4.745255470275879 7.301053047180176
4.483414173126221 7.770187484397793 5.463169097900391 11.124592781066895
3.0199904441833496 5.240669339802658 5.876025199890137 13.689499855041504
4.107547283172607 4.3812457465746775 3.2671375274658203 3.6535842418670654
3.952353000640869 7.357113392857883 4.269353866577148 6.2390851974487305
3.35553240776062 5.106529550657797 4.227438926696777 7.932661533355713
1.3985267877578735 2.392719257992912 4.425282001495361 9.431422233581543
4.764780044555664 5.401985465049506 3.628868818283081 4.099512100219727
4.332056045532227 7.469663577644724 4.964796543121338 7.605082035064697
3.4690263271331787 6.653888133628243 5.086542129516602 10.117595672607422
3.272907257080078 5.199413853881563 5.352108001708984 12.153011322021484
8.315014839172363 9.297509570748389 4.244386672973633 4.867371082305908
5.4594244956970215 9.530519975555563 6.1461100578308105 9.943135261535645
4.801309108734131 7.528355603482579 6.532535076141357 13.773832321166992
3.559434413909912 5.5228436691518255 6.888805389404297 16.587228775024414
4.7074737548828125 5.434942955638803 1.6535383462905884 1.7039623260498047
4.27931547164917 7.035404301845119 1.9699370861053467 2.594480276107788
3.5597667694091797 5.863504602242685 2.330024480819702 3.729928493499756
2.9551799297332764 5.748344294273689 2.5521655082702637 4.525973320007324
5.459682464599609 6.508839284721148 1.7840287685394287 1.842664122581482
4.121167182922363 5.989861947067496 2.1519384384155273 2.8991849422454834
3.401233434677124 6.5284509822085965 2.5693717002868652 4.27401876449585
3.367015838623047 6.185731809695923 2.8243837356567383 5.248635292053223
6.822632789611816 8.191531662654029 2.001936435699463 2.0744071006774902
4.870070457458496 6.859513743786069 2.4523608684539795 3.3896267414093018
4.475445747375488 7.795219763141176 2.953803539276123 5.121523857116699
4.294382095336914 6.477852516977009 3.251523017883301 6.35253381729126
6.129884243011475 7.110174577716167 1.9182507991790771 1.982392430305481
4.726391315460205 7.424383732527045 2.336285352706909 3.185504674911499
3.7355663776397705 6.496167043160995 2.8167564868927 4.744368553161621
2.972594738006592 5.467009354044649 3.101799964904785 5.838893413543701
6.960103988647461 8.208015359960882 2.127579689025879 2.207042932510376
5.301726341247559 8.565528617696579 2.642435312271118 3.7189371585845947
4.077835559844971 7.215685691755024 3.223076820373535 5.710284233093262
3.8570265769958496 6.246324458489198 3.5617096424102783 7.113750457763672
8.291699409484863 9.95052142503988 2.5136425495147705 2.6225152015686035
5.156638145446777 7.664471351575397 3.1984639167785645 4.668275356292725
5.09100866317749 8.823177693655225 3.9255518913269043 7.339610576629639
4.635451316833496 7.273516010002117 4.329374313354492 9.190998077392578
6.612489700317383 7.739156783931321 2.2122654914855957 2.2858967781066895
3.9554975032806396 6.335398367565475 2.687131643295288 3.78827166557312
4.153575897216797 6.665282854849541 3.280137300491333 5.745771408081055
2.352998733520508 3.93923134569377 3.614081859588623 7.102821350097656
7.795650959014893 9.230264405558955 2.4987878799438477 2.5964512825012207
5.229557037353516 9.133886377276994 3.12738037109375 4.578831195831299
4.635982513427734 5.865218600048138 3.8621809482574463 7.174128532409668
2.582254648208618 4.20751256581385 4.267627716064453 8.966255187988281
9.356130599975586 11.286942036372011 3.0750985145568848 3.2248425483703613
6.444352626800537 9.703034922677743 3.9954702854156494 6.106529235839844
4.72757625579834 8.277150389215457 4.929184913635254 9.730640411376953
4.434985160827637 7.690912618114908 5.409148693084717 12.134238243103027
5.267800807952881 6.012926939248281 2.550241231918335 2.9114673137664795
5.434902191162109 7.553417938205314 3.0066535472869873 4.376968860626221
3.0508761405944824 5.032005110118007 3.6606593132019043 6.586356163024902
3.079397678375244 4.621580258460275 4.019527912139893 8.11909294128418
5.594978332519531 6.168761966877128 2.8913426399230957 3.3318686485290527
5.629151821136475 8.489280422547381 3.565056324005127 5.409515857696533
4.9638895988464355 8.14309421822179 4.391702651977539 8.415992736816406
3.422337770462036 4.785645080109219 4.834280967712402 10.480535507202148
6.62289571762085 7.62317476927052 3.5723581314086914 4.1705217361450195
7.1994948387146 10.480272056395734 4.732818603515625 7.504941463470459
4.691230297088623 7.344342722982503 5.786999702453613 11.822864532470703
4.531332492828369 7.508997425157567 6.299248695373535 14.597652435302734
5.095921993255615 6.364965507250247 1.9975075721740723 2.093742847442627
4.454045295715332 7.434877875764869 2.4171864986419678 3.3456289768218994
1.9587675333023071 4.159002116878188 2.7121057510375977 4.568661212921143
2.949456214904785 5.7831009583171635 2.8337960243225098 5.318288326263428
5.556858539581299 7.031742634942017 2.142163038253784 2.256209373474121
4.092659950256348 7.14102395168068 2.6561737060546875 3.7858309745788574
3.3136403560638428 6.1409567813468655 3.0116968154907227 5.281045913696289
2.8880820274353027 5.373713755121997 3.1474668979644775 6.177029132843018
6.389050006866455 8.379397619273567 2.3599672317504883 2.4998772144317627
5.277393341064453 8.795233222090275 3.0118777751922607 4.442524433135986
4.010775089263916 7.486936078657891 3.4552581310272217 6.341673374176025
3.5277466773986816 5.801665662404634 3.6084442138671875 7.45327091217041
6.163286209106445 7.67538122048245 2.579986810684204 2.720672130584717
4.918763637542725 7.971632233231048 3.155716896057129 4.52830696105957
2.9393022060394287 4.790269330859246 3.4826760292053223 6.206638813018799
2.3404836654663086 4.335137344290182 3.5729053020477295 7.178612232208252
6.853244304656982 8.628043084322798 2.794933557510376 2.971914291381836
5.299072265625 8.569693207416549 3.564326524734497 5.338109970092773
3.6795806884765625 7.186821532760845 4.003063678741455 7.522834300994873
2.421776056289673 4.095949728514249 4.111613750457764 8.737707138061523
7.901041030883789 10.253235149459972 3.139118194580078 3.372701644897461
4.714993476867676 8.527632486476003 4.200369358062744 6.598842144012451
4.110171318054199 7.309186406571143 4.803100109100342 9.557036399841309
3.8857107162475586 5.743482978141117 4.932952404022217 11.141949653625488
6.606540679931641 8.214373608062886 3.256192207336426 3.469285488128662
4.629090309143066 7.786850843336396 4.021591663360596 5.968325614929199
3.1158275604248047 5.016187641785867 4.298738956451416 7.9864959716796875
2.4637610912323 3.4849862888723337 4.310040473937988 9.081182479858398
7.552454471588135 9.461388569876071 3.5564122200012207 3.8415539264678955
5.59688138961792 8.250775792193963 4.635377407073975 7.257548809051514
3.9334771633148193 5.2827819726689995 5.066998481750488 10.013100624084473
2.7385518550872803 5.09064206174763 5.09376859664917 11.42538070678711
8.91596508026123 11.422305091662274 4.0642170906066895 4.46896505355835
6.226181983947754 8.95709624298749 5.62297248840332 9.3221435546875
4.6592206954956055 7.514479624165418 6.2814435958862305 13.200716018676758
3.932955503463745 6.454224977365527 6.3178181648254395 15.106168746948242
5.423239707946777 6.533183784624981 3.76664662361145 4.30280876159668
3.684098482131958 5.506742860489425 4.899987697601318 7.506004333496094
2.4377269744873047 3.857475904898884 5.028219699859619 9.595141410827637
2.9998269081115723 4.608402723531242 4.925968647003174 10.684460639953613
5.533788204193115 5.860821507378631 4.231571197509766 4.917212963104248
4.026561260223389 7.566511938326016 5.724120140075684 9.292986869812012
3.7816600799560547 6.691816066716763 6.020761489868164 12.272871971130371
2.5148701667785645 4.227189560455827 5.922362327575684 13.71478271484375
6.87952184677124 8.802548228988144 5.01873254776001 5.964347839355469
6.628297328948975 10.07089216350957 7.073206901550293 12.214372634887695
4.4948601722717285 8.58200242597863 7.613185882568359 16.505521774291992
3.748037815093994 6.4512041431233484 7.501536846160889 18.49810218811035
5.042214393615723 5.907293944298648 1.7359613180160522 1.7934898138046265
3.990910053253174 5.562655633155259 2.0909738540649414 2.7710816860198975
3.947911024093628 6.623885320449332 2.4728052616119385 4.033144474029541
2.6635494232177734 5.139893710424985 2.703171730041504 4.94834566116333
5.499007225036621 6.673012350512977 1.869864821434021 1.9373434782028198
3.7256782054901123 6.806360575310464 2.2902958393096924 3.112708806991577
3.8461334705352783 5.981711850930888 2.750560760498047 4.674806594848633
3.9289796352386475 7.130293165400872 3.025062322616577 5.807636260986328
6.278496742248535 7.908109238850926 2.078282117843628 2.1608073711395264
5.383424282073975 7.972904711184469 2.602051258087158 3.6398565769195557
4.722100257873535 8.804214573907725 3.178147315979004 5.655890941619873
4.349238872528076 8.472345776429883 3.513613224029541 7.111631393432617
6.030097484588623 7.158993134649126 2.124399185180664 2.2113029956817627
5.678254127502441 9.222244493932468 2.6230154037475586 3.6102986335754395
3.92319655418396 6.626470631644066 3.135497570037842 5.417378902435303
2.2489988803863525 4.127885572412481 3.4147322177886963 6.687602519989014
6.811237812042236 8.309277514804194 2.3323493003845215 2.434234619140625
5.599340438842773 8.075264244823131 2.9629666805267334 4.217867374420166
3.819471836090088 7.137529469917709 3.6225876808166504 6.597026824951172
3.820834159851074 7.24102331067502 3.9758756160736084 8.254697799682617
7.979432106018066 10.048822265239082 2.6738429069519043 2.804180145263672
5.782710075378418 10.150048973933735 3.5284135341644287 5.230957508087158
5.321422100067139 9.005496236421127 4.414796352386475 8.516130447387695
4.673173904418945 8.096027626152818 4.869727611541748 10.757161140441895
6.681612014770508 7.993877314877618 2.6662774085998535 2.825542688369751
4.092636585235596 6.624338879396987 3.2851955890655518 4.6961588859558105
4.093194961547852 6.4095049302869 3.882425308227539 7.007546901702881
3.438039779663086 5.590216577768501 4.164420127868652 8.557583808898926
7.6896491050720215 9.40842961319592 2.9429075717926025 3.132740020751953
5.87806510925293 9.515125880720916 3.795532703399658 5.644165992736816
5.063610553741455 7.327033371279413 4.613589763641357 8.833730697631836
3.599050760269165 6.110382790802532 4.991528511047363 10.935120582580566
9.262301445007324 11.52716692143008 3.4265966415405273 3.6677660942077637
7.38441801071167 11.634600931145826 4.682950496673584 7.303527355194092
5.747308254241943 9.539892261287378 5.84337043762207 11.904410362243652
3.902754068374634 6.00582140131347 6.348001480102539 14.811983108520508
4.110311031341553 4.504140385238163 3.0161750316619873 3.472527503967285
4.854503631591797 8.066653950554267 4.202234268188477 6.1765336990356445
4.020131587982178 6.006856070992853 4.609888076782227 8.574749946594238
2.7172470092773438 5.101423561463319 4.83181095123291 10.229576110839844
5.829976558685303 6.172714044653887 3.3945724964141846 3.9371378421783447
6.211574077606201 10.063045739113477 4.885491371154785 7.579517364501953
4.5854172706604 8.02127019647969 5.580344200134277 11.039995193481445
2.4465670585632324 3.572134152550639 5.898635387420654 13.344743728637695
6.3830437660217285 6.941492586884294 4.055541515350342 4.753342628479004
7.038693904876709 11.087897853520616 6.111179828643799 10.029104232788086
4.107034206390381 7.476567649990428 7.231332302093506 15.218703269958496
4.815702438354492 7.925089205610419 7.670520782470703 18.44080924987793
4.765401363372803 5.44767895377008 1.849837303161621 1.9016767740249634
4.065489768981934 6.104447506444558 2.1552486419677734 2.789940595626831
3.4499340057373047 6.913386631193987 2.500998020172119 3.97036075592041
2.8155620098114014 5.394702477232613 2.7164127826690674 4.872917175292969
5.31146240234375 6.312701874283448 1.9837214946746826 2.0441815853118896
4.277214527130127 6.875754509000309 2.3533530235290527 3.1109440326690674
3.8321523666381836 6.749037849905051 2.7717294692993164 4.557724475860596
2.6475179195404053 4.604809195909226 3.0278000831604004 5.667049407958984
6.378830432891846 7.946704573480242 2.182873249053955 2.2565207481384277
5.43809700012207 8.65068046783037 2.6488616466522217 3.595796823501587
4.475160121917725 7.304249283343507 3.1723735332489014 5.437582492828369
3.61560320854187 6.083979063107677 3.4854962825775146 6.850484848022461
5.699259281158447 6.632710908862464 2.344371795654297 2.416152238845825
4.40955114364624 6.964561775788297 2.754838466644287 3.6910653114318848
3.4609615802764893 6.046811590412555 3.1821250915527344 5.362094402313232
2.73211407661438 5.526247841475225 3.433863401412964 6.624103546142578
6.633042335510254 7.964105668248749 2.543085813522339 2.6319961547851562
4.808856010437012 8.021604830969864 3.08569598197937 4.267721176147461
4.682030200958252 7.887452660321401 3.649388551712036 6.451836585998535
2.2660927772521973 4.268145657010457 3.970426082611084 8.08836555480957
8.050721168518066 9.930677775046803 2.858386993408203 2.976015329360962
5.963582992553711 9.324923101672312 3.611701250076294 5.198425769805908
5.112974166870117 9.016290680701722 4.374597072601318 8.163435935974121
3.215588331222534 6.1713765563340175 4.789580345153809 10.34524154663086
6.189949035644531 7.286362086097938 3.1172637939453125 3.221310615539551
4.578124046325684 7.402427961212197 3.5752623081207275 4.929649353027344
2.5086870193481445 4.941009765799208 3.961658477783203 6.981935024261475
2.638742685317993 3.6816605343045694 4.180999279022217 8.495250701904297
7.41335391998291 8.885671434905817 3.373565912246704 3.503066301345825
5.35511589050293 8.915165792328821 4.059596538543701 5.8384904861450195
4.232326507568359 6.85594480686359 4.6494340896606445 8.672907829284668
3.2234816551208496 6.389776842951619 4.966325759887695 10.727022171020508
9.348037719726562 11.466325799415813 3.8113033771514893 3.9936611652374268
7.487296104431152 10.388506488184298 4.874205112457275 7.373803615570068
5.947279453277588 9.344349165512995 5.76234769821167 11.410077095031738
3.6709537506103516 5.850486196282503 6.1994171142578125 14.223714828491211
5.625820159912109 6.12708519859121 3.314943790435791 3.677016258239746
4.941683292388916 7.7165763535490015 4.717807292938232 6.727531909942627
3.307072162628174 5.84066327405435 4.757723331451416 8.632859230041504
2.599295139312744 3.980717972707396 4.848287582397461 10.166972160339355
5.708754539489746 6.012949216163975 3.699918508529663 4.131535530090332
4.713120937347412 7.333887198565762 5.3671793937683105 8.053179740905762
4.167646884918213 7.2452458165167855 5.647027492523193 10.892946243286133
3.8632445335388184 6.604253481718246 5.851129531860352 13.076410293579102
6.433524131774902 6.803007442000741 4.326601028442383 4.91970157623291
6.384253025054932 9.936476362679237 6.50863790512085 10.317960739135742
5.548973083496094 7.700071132339417 7.123193740844727 14.589546203613281
4.314024925231934 7.428061957680825 7.456732749938965 17.666770935058594
4.620061874389648 5.499332086509469 1.715294599533081 1.7715065479278564
4.460838794708252 7.1156735605969175 2.0302817821502686 2.686779022216797
3.66373348236084 5.858775053165033 2.3885416984558105 3.8344388008117676
3.6798441410064697 6.541533690925846 2.61289381980896 4.6400146484375
5.192863941192627 6.378469313253007 1.8398884534835815 1.904311180114746
4.593668460845947 8.046219050356456 2.211843967437744 2.990387439727783
3.954590320587158 7.217301762464359 2.63698410987854 4.4004130363464355
2.6192853450775146 4.427828063777838 2.90114164352417 5.407064914703369
6.034878730773926 7.995244076077995 2.029207229614258 2.1053531169891357
5.070244789123535 8.03699369910386 2.4886488914489746 3.4505796432495117
3.846405029296875 6.066133556746479 3.0133211612701416 5.242457389831543
3.679166793823242 5.867514411240739 3.333364486694336 6.531044960021973
5.616588592529297 6.673794463010381 2.0692031383514404 2.152773380279541
4.584239959716797 7.393771016041171 2.48626971244812 3.395042896270752
3.081491470336914 4.817925347481832 2.957580804824829 4.989039421081543
1.0522741079330444 2.4158804378644163 3.2449517250061035 6.112307071685791
6.317836761474609 7.717574288198163 2.2553679943084717 2.354102611541748
4.75313663482666 8.326598946609993 2.782221794128418 3.918886661529541
3.4101412296295166 5.591550896068389 3.37931489944458 5.995194435119629
4.099236488342285 7.2953118543539635 3.7371280193328857 7.472191333770752
7.454716205596924 9.790509691645187 2.5520761013031006 2.673875570297241
6.024196624755859 9.384532494312268 3.260584831237793 4.768165588378906
4.709972381591797 8.1781371606982 4.052924156188965 7.586922645568848
3.940805673599243 7.725500741634249 4.510453701019287 9.573965072631836
6.03108024597168 7.219471284087362 2.5680651664733887 2.679082155227661
5.091669082641602 8.03696109598473 3.0336108207702637 4.258758544921875
3.882694721221924 7.110085819942725 3.563692569732666 6.2471842765808105
2.974968910217285 4.046535573986603 3.881577253341675 7.630974769592285
6.999831199645996 8.650947286861339 2.8011646270751953 2.952226400375366
5.768373966217041 9.144181700081418 3.4488000869750977 5.048696517944336
4.3189778327941895 7.578503529773343 4.1713151931762695 7.754757404327393
3.266101837158203 5.292622208353123 4.588709831237793 9.64113998413086
8.503763198852539 11.224700781275601 3.195507764816284 3.396430492401123
7.269315242767334 11.270009770905432 4.156485080718994 6.384361743927002
5.494204998016357 9.225230318278818 5.181216716766357 10.233083724975586
3.8813390731811523 5.6475878309584004 5.737605094909668 12.843828201293945
4.808072566986084 5.383191228623218 2.8198626041412354 3.0705103874206543
4.379650592803955 6.062521031829419 3.911942481994629 5.489635467529297
3.478276491165161 5.359983751945492 4.150938510894775 7.469859600067139
1.9599560499191284 2.8436723111151068 4.435425281524658 8.960625648498535
6.785683631896973 8.295850314066072 3.1352386474609375 3.469120740890503
5.279018402099609 8.116719879578795 4.405648231506348 6.606967926025391
4.65531587600708 7.760610955259153 4.924336910247803 9.450196266174316
3.2466976642608643 5.16632521785206 5.325721263885498 11.538229942321777
7.457077980041504 8.908827041957693 3.685457944869995 4.150073051452637
6.1370344161987305 9.349380629425355 5.3067851066589355 8.487942695617676
5.317154407501221 6.977663345243741 6.235177993774414 12.743879318237305
4.23811149597168 6.772528399975499 6.79871940612793 15.700407028198242
5.056741714477539 6.07244801904244 2.113872766494751 2.2096290588378906
3.2332301139831543 4.317779170109475 2.5296883583068848 3.531371593475342
3.1590123176574707 4.41485584408656 2.8776049613952637 5.052865028381348
2.4466400146484375 3.738106879261977 3.048264265060425 6.093674182891846
5.580422401428223 6.763565230782433 2.272916555404663 2.390801429748535
4.380795478820801 7.248778848221036 2.8027117252349854 4.055957794189453
2.648947238922119 4.948075871612851 3.2322068214416504 5.949585437774658
2.2897636890411377 4.721744496487126 3.434206485748291 7.212080001831055
6.349939823150635 7.921074511216119 2.51902437210083 2.6661505699157715
4.885355472564697 7.116874350006426 3.216362476348877 4.83026123046875
4.692434310913086 6.277653184065002 3.7600057125091553 7.263150215148926
3.451418161392212 5.6472515972971 4.00074577331543 8.839198112487793
6.069280624389648 7.202085928420331 2.8061914443969727 2.954632520675659
4.66500186920166 7.7201189805795 3.4103870391845703 4.975554943084717
2.8389718532562256 5.120295625036874 3.8108043670654297 7.132912635803223
2.61422061920166 4.746052763208013 3.9719467163085938 8.556447982788086
6.696490287780762 8.088793975130102 3.0537900924682617 3.2534427642822266
4.386560916900635 6.567790660078913 3.8952438831329346 5.966041088104248
4.037335395812988 6.219116222261846 4.436962127685547 8.796324729919434
2.9375851154327393 4.994560831572393 4.644645690917969 10.59189224243164
7.712741851806641 9.55342818725083 3.460486650466919 3.733304977416992
5.941877841949463 8.925111968785387 4.671189308166504 7.5283966064453125
4.820925235748291 7.153899151600378 5.418079376220703 11.368243217468262
3.7680373191833496 6.612856606301122 5.679103851318359 13.696398735046387
6.603519439697266 7.793907815324729 3.442760944366455 3.692589282989502
3.7707765102386475 6.492676213564124 4.391551971435547 6.611634254455566
3.742957353591919 5.855951784184086 4.786770820617676 9.329682350158691
2.7739791870117188 5.139581799604684 4.8946075439453125 11.029836654663086
7.475716590881348 8.99578231010571 3.8260324001312256 4.150177001953125
5.646062850952148 8.025312030670676 5.13932466506958 8.197298049926758
3.024071216583252 4.427725377205036 5.721245765686035 11.873819351196289
2.8427977561950684 4.483062338137984 5.878961086273193 14.056089401245117
8.731083869934082 10.720660568646224 4.457006931304932 4.925717830657959
6.55197286605835 9.56682933839511 6.373279571533203 10.821930885314941
3.806196928024292 6.046592596220762 7.22784948348999 15.927335739135742
4.149287700653076 6.957121661041128 7.431229114532471 18.769792556762695
5.265566349029541 5.97964875896884 4.095781326293945 4.580183029174805
4.507077217102051 6.510713354702375 5.241608142852783 8.055008888244629
2.9309206008911133 4.87346485450113 5.622448444366455 11.216229438781738
2.7098894119262695 4.9427677210045715 5.656065464019775 13.065375328063965
5.406842231750488 6.118074228843028 4.648396015167236 4.438348770141602
5.3827805519104 7.607029189250795 6.251815319061279 10.240309715270996
3.48634934425354 5.907949619146166 6.838900089263916 14.555594444274902
3.4093141555786133 5.373419641581961 6.910600185394287 16.93284034729004
6.013671875 6.23400641337156 4.229123592376709 3.924598455429077
6.173805236816406 8.68170537408605 7.945603370666504 13.960979461669922
5.691207408905029 8.668206331388957 8.822355270385742 19.941307067871094
3.694197177886963 6.351951439884516 8.90965461730957 22.99467658996582
5.260307312011719 6.052178118686015 1.7854321002960205 1.8531429767608643
4.560896396636963 6.051424865768695 2.163968086242676 2.8706512451171875
4.080203533172607 7.15360218742191 2.533515453338623 4.084184169769287
2.7470474243164062 4.633097470915175 2.7678956985473633 4.981384754180908
5.686687469482422 6.85758430338079 1.918275237083435 1.998258113861084
5.759105682373047 9.274986555837131 2.366290807723999 3.2052366733551025
3.339816093444824 5.884264316220651 2.805262327194214 4.67924165725708
3.3446898460388184 5.063105874884415 3.078502893447876 5.772861957550049
6.290139198303223 8.136548177521622 2.1199707984924316 2.2167251110076904
5.176728248596191 9.028666163947506 2.674285650253296 3.719395160675049
3.839918375015259 6.220258757000492 3.2184741497039795 5.595941543579102
3.6571102142333984 6.324007360263266 3.548227310180664 6.98153829574585
6.444279670715332 7.476882511302506 2.154575824737549 2.233720541000366
5.850929260253906 9.170913568990727 2.6460249423980713 3.5927939414978027
3.166796922683716 6.204759997427345 3.116070508956909 5.261343002319336
2.6827619075775146 5.109148962198788 3.407675266265869 6.505496501922607
6.951577186584473 8.416323132515458 2.3521783351898193 2.4524121284484863
4.522103309631348 7.787149473135486 2.9736998081207275 4.167069435119629
3.116959810256958 4.672265242383748 3.5696325302124023 6.309877395629883
4.399464130401611 7.662571344228532 3.9281883239746094 7.895952224731445
7.7420806884765625 10.006734683379477 2.6684200763702393 2.801886796951294
6.796370983123779 10.670328871969332 3.5041725635528564 5.114539623260498
5.3945770263671875 9.35793509743587 4.301596641540527 8.031617164611816
4.960423946380615 8.870065864888481 4.76153564453125 10.144362449645996
7.030490398406982 8.185506276088404 2.64504337310791 2.726093053817749
5.189838886260986 8.44249559730774 3.1885435581207275 4.411889553070068
3.1922121047973633 5.965414077142681 3.702556610107422 6.474844932556152
2.3827173709869385 4.832651656786538 4.02056360244751 8.011408805847168
7.721580505371094 9.411037618747542 2.8982675075531006 3.014993190765381
6.299367904663086 8.801222581941492 3.6502296924591064 5.259002685546875
4.761172771453857 7.997430846705356 4.348992347717285 8.023144721984863
3.524413824081421 6.79584687069401 4.760869026184082 10.044608116149902
8.832467079162598 11.443754867134658 3.328636646270752 3.5009255409240723
7.170505046844482 12.542822013743717 4.4332122802734375 6.727573871612549
5.945285797119141 10.518019732073753 5.434963703155518 10.665473937988281
3.7117621898651123 5.731061229137595 5.992448329925537 13.443305015563965
5.181611061096191 5.411800008613483 2.6896119117736816 3.149765968322754
5.671250820159912 7.53012347074764 3.9170494079589844 5.494675159454346
3.643994092941284 7.049914316380637 4.218690872192383 7.561429977416992
3.4993300437927246 6.205763149861298 4.5217390060424805 9.262406349182129
6.172143459320068 6.66433957434117 3.0336203575134277 3.5721302032470703
5.338855743408203 8.860412628252789 4.4637837409973145 6.609794616699219
3.9065396785736084 7.318944008448739 5.032220363616943 9.555113792419434
3.7713510990142822 7.299451781905603 5.448107719421387 11.846467018127441
6.919084072113037 7.459197729594802 3.6227517127990723 4.306286334991455
6.6232452392578125 10.819889162302047 5.458101749420166 8.585667610168457
5.9926838874816895 9.736689899100824 6.429342746734619 13.012099266052246
4.6174235343933105 8.892795095643777 7.021987438201904 16.22849464416504
4.422436714172363 5.359756239113722 1.8635005950927734 1.922853708267212
3.878192663192749 6.856163659277854 2.2379918098449707 2.9576079845428467
3.3572216033935547 6.061597216378743 2.6415772438049316 4.283218860626221
2.5147478580474854 4.392717369730008 2.8720855712890625 5.244382858276367
5.111388206481934 6.3911695168776355 2.0198512077331543 2.0888736248016357
4.138836860656738 6.865569449911021 2.481964349746704 3.3546836376190186
3.7451324462890625 5.810997192474929 2.977656126022339 5.005012035369873
3.4068241119384766 6.732937506637938 3.2522315979003906 6.189596652984619
6.468109607696533 8.251359599946511 2.2572903633117676 2.342085838317871
4.66949987411499 8.661218840670454 2.857133626937866 3.973925828933716
4.069831371307373 7.7999317702321065 3.4935545921325684 6.1243391036987305
4.453127384185791 7.382052929309111 3.8325493335723877 7.647368431091309
5.602633953094482 6.754931922354643 2.2024426460266113 2.2849879264831543
4.503846645355225 7.380030101564465 2.753065347671509 3.800205707550049
3.13993239402771 5.442587899842906 3.3269073963165283 5.743465423583984
3.4543793201446533 6.023762917926424 3.6346325874328613 7.124178409576416
6.63681697845459 8.128409189452128 2.441316604614258 2.543501853942871
4.555880069732666 7.227062923833934 3.1630136966705322 4.518209457397461
4.179845809936523 7.438883608369261 3.9068706035614014 7.073641300201416
3.005749464035034 4.702007039443515 4.289725303649902 8.84922981262207
8.373418807983398 10.450509795846756 2.8258323669433594 2.963515520095825
4.944572448730469 9.585489564836408 3.833796501159668 5.714619159698486
4.746273040771484 8.064099757954935 4.847782611846924 9.256165504455566
4.133713245391846 6.615641451592467 5.343153953552246 11.65454387664795
6.80387020111084 7.9510506933515845 2.509917736053467 2.6149463653564453
5.199475288391113 9.042725232585326 3.247891426086426 4.660697937011719
3.202367067337036 5.45349323393026 3.989699363708496 7.214697360992432
3.0477006435394287 5.494865195207012 4.364044189453125 8.981525421142578
8.123083114624023 9.728829706120425 2.830488443374634 2.967573404312134
5.732941627502441 9.533984829496148 3.838792085647583 5.7470784187316895
2.9796698093414307 6.410459928458351 4.834926605224609 9.22779369354248
3.6617019176483154 6.325661064739052 5.313632011413574 11.557177543640137
10.126665115356445 12.57610758691438 3.3769044876098633 3.5782017707824707
7.72133207321167 10.939210273727532 4.859144687652588 7.655043125152588
5.504189491271973 6.976773022844997 6.261192798614502 12.6552734375
4.319429874420166 7.222210465040689 6.891110420227051 15.871074676513672
5.184146404266357 5.523439771958275 2.9342825412750244 3.424964666366577
4.841291427612305 7.638861274415035 3.714311122894287 5.560484886169434
4.144878387451172 7.199403114612117 4.5418877601623535 8.461936950683594
2.4262945652008057 4.382783173090928 4.953860759735107 10.50089168548584
4.6259331703186035 5.166978844452274 3.372488498687744 3.970381736755371
6.29127311706543 10.407889709341248 4.472421646118164 6.977104663848877
3.5564475059509277 5.922620055689997 5.621888637542725 11.082037925720215
3.110971450805664 5.5599852035982735 6.156093597412109 13.804771423339844
8.496973037719727 9.914689876434466 4.136973857879639 4.957911491394043
6.672942161560059 11.081255599819217 5.838057518005371 9.566556930541992
5.189192295074463 8.553344463647306 7.486385822296143 15.632102966308594
3.3973615169525146 5.786232168219442 8.188101768493652 19.411415100097656
4.628241062164307 5.42504458479371 1.748367428779602 1.8027684688568115
3.30657958984375 5.787838601422237 2.069647789001465 2.7308380603790283
3.0122554302215576 5.692583005890013 2.4163455963134766 3.8847553730010986
2.81851863861084 6.048777247688122 2.6262264251708984 4.704715728759766
5.290783405303955 6.380101431408107 1.8692666292190552 1.9298157691955566
3.8713622093200684 6.820764609246908 2.249000072479248 3.0213468074798584
4.028573989868164 6.535788785825758 2.663109064102173 4.4162445068359375
2.3620190620422363 4.3711909846060735 2.911065101623535 5.4142374992370605
6.167375087738037 7.59226016453993 2.0527100563049316 2.1240851879119873
5.741722583770752 8.783890632098654 2.5227630138397217 3.4663093090057373
4.065819263458252 6.430506681372638 3.0366451740264893 5.217797756195068
3.8892104625701904 6.582948192681215 3.3365402221679688 6.468700885772705
5.47668981552124 6.456225894513235 2.1837244033813477 2.251129388809204
4.277774810791016 6.472569940375706 2.6056244373321533 3.5201220512390137
2.9803452491760254 5.085987484579164 3.0280072689056396 5.104400634765625
2.6714930534362793 4.9725379575479565 3.2643625736236572 6.219205856323242
6.379294395446777 7.617400785695018 2.367703914642334 2.4463281631469727
5.302340507507324 8.486648769123363 2.9085869789123535 4.0394206047058105
4.206760406494141 8.031976324873096 3.4545981884002686 6.0719733238220215
1.9589084386825562 2.636887138728058 3.7523224353790283 7.494852066040039
7.610762596130371 9.480591815412375 2.665872097015381 2.766108751296997
6.399430751800537 10.28409424875493 3.4037563800811768 4.89368200302124
5.328603267669678 9.270316602585119 4.140997409820557 7.625359058380127
3.3222475051879883 6.08057727623725 4.52408504486084 9.501187324523926
5.892803192138672 6.995519775530056 2.7984611988067627 2.850069522857666
4.982494354248047 8.891215462192577 3.2893340587615967 4.536957740783691
3.478566884994507 6.811053766345481 3.7095017433166504 6.484870433807373
2.1603822708129883 4.845385816147466 3.9207136631011963 7.8066558837890625
7.038301944732666 8.4294377261931 3.0432417392730713 3.128628730773926
5.26922607421875 8.882102599504051 3.736863851547241 5.357346057891846
3.435464859008789 6.204108568672382 4.34146785736084 7.970829010009766
3.955770254135132 6.882223601357168 4.631511688232422 9.71321964263916
8.604530334472656 10.637711106032214 3.4656054973602295 3.601998805999756
6.77820348739624 10.14554675614363 4.513478755950928 6.769670486450195
3.9235689640045166 6.080421294756206 5.403916358947754 10.446374893188477
3.7581946849823 6.69970231268303 5.798614025115967 12.80843448638916
5.114417552947998 5.854500950901183 2.9171249866485596 3.1640050411224365
3.928536891937256 6.53856240748064 4.199124336242676 5.992020130157471
3.4290611743927 6.378709193491204 4.3822736740112305 7.8690714836120605
2.715949535369873 5.538519781235777 4.497786521911621 9.216232299804688
5.883999824523926 6.7184809994353145 3.252319812774658 3.566441059112549
5.996790409088135 9.525686447981464 4.822612762451172 7.210779190063477
3.4239468574523926 5.4560129807903195 5.205672264099121 9.865208625793457
3.2078185081481934 5.068616505602222 5.406350135803223 11.687589645385742
6.376291275024414 7.506441904684152 3.8350119590759277 4.268044948577881
5.86948823928833 9.341209047630855 5.922595977783203 9.316068649291992
5.482151508331299 8.477250686985744 6.625732421875 13.229970932006836
4.677059173583984 5.566171151673238 6.9290032386779785 15.747065544128418
5.105916976928711 6.021265734897611 1.761790156364441 1.8208972215652466
4.520196914672852 6.996352971724264 2.0860235691070557 2.7575137615203857
2.9922702312469482 5.075935441773254 2.438485622406006 3.9070870876312256
2.576342821121216 5.256093785042433 2.6467854976654053 4.696988582611084
5.632925510406494 6.692073252540482 1.8990687131881714 1.9671308994293213
4.549676418304443 7.336964360892132 2.2902820110321045 3.0850532054901123
3.870918035507202 7.204128849411575 2.7102770805358887 4.487546920776367
2.4262337684631348 3.787084668210696 2.951538324356079 5.457946300506592
6.566484451293945 7.961237707556185 2.1163768768310547 2.1985867023468018
5.136063098907471 7.267827604313766 2.612025022506714 3.6089487075805664
3.9008266925811768 6.135042681373676 3.131911039352417 5.3994550704956055
3.9460883140563965 6.260635070356329 3.4162771701812744 6.628262519836426
6.223432540893555 7.194422346145615 2.1467175483703613 2.229297161102295
5.425693988800049 8.326144471742197 2.566143274307251 3.4994494915008545
3.5771920680999756 5.818345860136105 3.0021352767944336 5.097272872924805
3.090029001235962 6.028626981891932 3.252997875213623 6.184329032897949
6.97896146774292 8.172815024598009 2.359125852584839 2.4602813720703125
5.757851600646973 7.312418564888276 2.910553216934204 4.079606533050537
3.924989700317383 7.414801006588959 3.46651554107666 6.1454949378967285
3.6212382316589355 6.44540576344621 3.7682158946990967 7.549935340881348
8.128630638122559 9.780845606614793 2.7291653156280518 2.8606743812561035
5.72737455368042 9.45634631599819 3.5031564235687256 5.097986221313477
5.124709606170654 9.165216101195611 4.245743751525879 7.921103000640869
3.465003252029419 6.443994304394437 4.614779472351074 9.789231300354004
6.702080249786377 7.718952600137982 2.6948883533477783 2.7960660457611084
5.6879119873046875 8.488150879471391 3.125262975692749 4.371762752532959
3.8879904747009277 6.699091720112733 3.561095952987671 6.330212116241455
3.2539849281311035 6.261858759910467 3.825453281402588 7.657881736755371
7.97526741027832 9.235098450593796 2.9709174633026123 3.107187271118164
6.127677917480469 9.983967178433858 3.620607852935791 5.250202655792236
4.345675945281982 6.584038430089549 4.236952304840088 7.910757541656494
3.1140246391296387 5.153043248717253 4.565008163452148 9.68708324432373
9.499902725219727 11.24861834609544 3.5066943168640137 3.7028307914733887
6.709683418273926 9.856384811428597 4.541844367980957 6.906942844390869
5.644764423370361 9.685459407300948 5.437246322631836 10.730283737182617
3.844243049621582 6.541890737281619 5.846146583557129 13.154117584228516
4.2603654861450195 4.848364104368557 2.7471401691436768 3.0506224632263184
4.075628280639648 6.571906907397761 4.091214656829834 5.9875054359436035
3.4561996459960938 5.161478078117852 4.0510478019714355 7.451410293579102
2.747764825820923 4.545974219864888 4.2847795486450195 8.878141403198242
5.974735736846924 6.7998556032982655 3.0980072021484375 3.4815618991851807
5.828822612762451 9.768675972017231 4.675567150115967 7.149017333984375
3.533480644226074 5.431298863981283 4.913898944854736 9.52149772644043
3.300285577774048 5.460863350589828 5.217633247375488 11.48397445678711
7.5872483253479 7.8459635652770885 3.75557279586792 4.288944244384766
6.709600925445557 10.210930587259782 5.854423999786377 9.384339332580566
5.1597795486450195 8.40624635408011 6.499207019805908 13.3092622756958
4.226074695587158 7.14439575346114 6.883871078491211 16.036123275756836
4.18582820892334 5.030603282070999 1.823530912399292 1.8921481370925903
3.7152645587921143 5.959483512774284 2.2039217948913574 2.9839210510253906
2.4587879180908203 4.7482188126385765 2.5808491706848145 4.27613639831543
2.6541600227355957 5.617443256734232 2.801849126815796 5.185777187347412
4.9386887550354 6.015624913411557 1.9554872512817383 2.0342836380004883
4.180168151855469 6.530155649461221 2.4141685962677 3.3397419452667236
2.297821283340454 4.697287820119527 2.8677408695220947 4.912827491760254
3.4485366344451904 6.73425607775377 3.1269783973693848 6.024115562438965
5.996257781982422 7.636713913321672 2.1516950130462646 2.2475473880767822
4.3815789222717285 7.079810778820175 2.7273943424224854 3.8818039894104004
4.557118892669678 7.524021427955915 3.2942259311676025 5.872799396514893
3.831234931945801 6.58707663722987 3.606651544570923 7.262918949127197
4.914557456970215 5.949103011132877 2.2846858501434326 2.3965461254119873
4.08758020401001 7.000571605581447 2.7607483863830566 3.862649440765381
2.9738450050354004 5.522539168324528 3.200458526611328 5.618006706237793
2.5632805824279785 4.729066569281763 3.4613070487976074 6.866400241851807
5.958806991577148 7.257234037196213 2.4842708110809326 2.6100165843963623
4.341696262359619 8.016114195812406 3.1092236042022705 4.488918781280518
3.7551679611206055 6.018735569428571 3.682532787322998 6.7527570724487305
3.1281933784484863 5.078271869294497 4.001837253570557 8.341656684875488
7.35593318939209 9.22202767064232 2.794635534286499 2.950650453567505
6.330881595611572 10.800841632567579 3.6611156463623047 5.507867336273193
4.3479204177856445 6.39507743551664 4.444279193878174 8.572260856628418
4.439332485198975 7.223173974080121 4.846546173095703 10.638995170593262
5.392458915710449 6.570788275077803 2.917167901992798 3.1531167030334473
4.54786491394043 6.7746777269408085 3.418252468109131 4.9329094886779785
2.4490153789520264 4.967585922398683 3.8171544075012207 6.991219520568848
3.0902833938598633 5.000488258929636 4.075448513031006 8.490743637084961
6.667187690734863 8.156423262478597 3.182136297225952 3.4392127990722656
4.687721252441406 7.779613696224494 3.9169774055480957 5.882704257965088
3.462181329727173 6.066334418017675 4.508135795593262 8.678263664245605
3.0966124534606934 4.679281947333834 4.840587615966797 10.64256763458252
8.380023956298828 10.449448875327334 3.609563112258911 3.919602155685425
5.452399730682373 9.697829479340275 4.752566814422607 7.504234313964844
5.218762397766113 7.880339379815936 5.652014255523682 11.49833869934082
3.670548915863037 5.725456224598501 6.0870771408081055 14.114972114562988
4.27788782119751 5.005622383221805 3.0607855319976807 3.5675580501556396
4.533990859985352 7.795296222315301 4.210183620452881 6.272836685180664
2.815514326095581 4.6293467824959 4.357059001922607 8.203237533569336
3.1226449012756348 4.617906276065369 4.5637688636779785 9.801276206970215
5.0781145095825195 5.248683227905737 3.438647508621216 4.030411720275879
5.332388877868652 8.717836136150765 4.8613505363464355 7.61897611618042
3.941718578338623 6.205961295209818 5.2287211418151855 10.387594223022461
3.089263439178467 4.22070079654187 5.518489360809326 12.524510383605957
6.902880668640137 8.073740465294804 4.056683540344238 4.803502559661865
6.838066101074219 10.488326591144983 5.978895664215088 9.9174165725708
5.447902202606201 7.989608728669509 6.715605735778809 14.106491088867188
3.998899459838867 5.67372637683161 7.114387512207031 17.00828742980957
5.3042426109313965 6.597762239410272 1.8895008563995361 1.9758775234222412
4.206302642822266 7.404930560071421 2.3174924850463867 3.212493419647217
2.7849864959716797 5.40250106519764 2.696636199951172 4.582784175872803
1.6492077112197876 3.754177957463984 2.89522385597229 5.491775989532471
5.889025688171387 7.302030794035886 2.0493240356445312 2.148432970046997
5.057629108428955 8.3212179341769 2.558790683746338 3.631138563156128
3.4795758724212646 6.944416178148003 3.010347604751587 5.312197208404541
3.0165369510650635 4.728047113995672 3.240744113922119 6.4329304695129395
6.697844505310059 8.446863063805997 2.294308662414551 2.414198637008667
5.2887983322143555 9.612536434771272 2.9302661418914795 4.2871809005737305
4.2805376052856445 7.87298935644444 3.4854378700256348 6.42849588394165
3.505225419998169 5.507225441346009 3.754640579223633 7.837098598480225
6.408251762390137 7.85576798448443 2.3750476837158203 2.489748001098633
4.7788286209106445 8.124614411770068 2.937819719314575 4.196552276611328
3.872946262359619 7.941805649631078 3.393946886062622 6.090053558349609
2.1763916015625 4.628077404870453 3.611341953277588 7.31410551071167
7.200845718383789 8.8705021795829 2.6212234497070312 2.761326789855957
4.825413227081299 7.536364721838284 3.3406074047088623 4.947935581207275
4.238194465637207 8.019853662399228 3.9202237129211426 7.399957180023193
3.1840293407440186 6.74301501851869 4.184971332550049 8.976025581359863
8.25261116027832 10.436327935220561 3.0168325901031494 3.201402425765991
5.757779598236084 8.045604340215181 3.999570846557617 6.196407318115234
5.147177696228027 8.241299236622652 4.7628631591796875 9.510072708129883
4.154407501220703 6.809969312434077 5.082124710083008 11.570573806762695
6.968331813812256 8.533193980809756 3.0718936920166016 3.22611403465271
5.959718227386475 10.137068717268392 3.6861491203308105 5.3966779708862305
3.560694932937622 6.002885515233174 4.111260414123535 7.687414169311523
2.161764144897461 4.750758704728639 4.293663024902344 9.11952018737793
8.003480911254883 9.881713250612279 3.3990068435668945 3.605064630508423
5.535995960235596 8.712795814035701 4.2680277824401855 6.5521464347839355
4.057538986206055 6.91193569776442 4.86065149307251 9.643505096435547
3.1855947971343994 4.994095619087602 5.100388526916504 11.542363166809082
9.328039169311523 11.764795141557698 3.9503071308135986 4.2435479164123535
6.997661113739014 10.506688804502765 5.266839504241943 8.552908897399902
5.354835510253906 9.065318696950754 6.112948894500732 12.890414237976074
2.934659004211426 4.448159973542033 6.409525394439697 15.419474601745605
5.591301918029785 6.643879069930449 3.4822499752044678 3.9619479179382324
5.120009899139404 8.367090928316372 4.554006099700928 6.862125873565674
2.6921730041503906 4.066906856735841 4.751566410064697 9.13986873626709
3.1211278438568115 6.178772110625005 4.847266674041748 10.61868953704834
7.413192272186279 8.833785176110041 3.9506311416625977 4.570252895355225
5.125322341918945 8.826212204897386 5.330927848815918 8.468013763427734
3.602081298828125 5.610043907528166 5.693705081939697 11.677974700927734
2.977095603942871 4.931391068755033 5.846113204956055 13.67844295501709
6.9845051765441895 8.200504131731236 4.753841400146484 5.621859550476074
6.824846267700195 10.904451713112735 6.677285194396973 11.271095275878906
4.774083614349365 7.9171664098912515 7.310555458068848 15.94237995147705
4.171298503875732 7.863266974763858 7.507238388061523 18.631853103637695
4.0838775634765625 5.037981200557809 1.8026944398880005 1.875015139579773
3.7228012084960938 6.497569882984067 2.1898913383483887 2.928157091140747
2.631690263748169 5.153231636642431 2.555159330368042 4.068704605102539
2.117058515548706 3.976297150118583 2.7626640796661377 4.8763298988342285
5.03155517578125 6.2278367773287755 1.9333215951919556 2.017610788345337
4.55385160446167 7.692592209446006 2.384767770767212 3.2723121643066406
3.7028865814208984 5.967925610072754 2.815063238143921 4.688788414001465
1.9973455667495728 4.983051432037229 3.0578603744506836 5.703027248382568
6.297208786010742 8.155463379693614 2.1339268684387207 2.2342336177825928
5.929802417755127 8.866437178124812 2.684295177459717 3.789358615875244
4.728487014770508 7.4211134215647645 3.2093400955200195 5.605034351348877
3.2119600772857666 6.460173965978697 3.4997482299804688 6.912126541137695
4.962372779846191 6.070354212812163 2.271498203277588 2.365304708480835
3.1430742740631104 6.115175439754154 2.787282705307007 3.8079397678375244
2.452552080154419 4.30599484330736 3.2459821701049805 5.395923137664795
2.623417615890503 5.087641564315412 3.4858922958374023 6.515308380126953
6.14040994644165 7.583922059848192 2.4708328247070312 2.5892810821533203
5.118105888366699 8.125418530309616 3.115957021713257 4.424719333648682
3.035818099975586 5.765892470896688 3.6930437088012695 6.522763729095459
2.5558853149414062 5.352759332492525 3.9898900985717773 7.99691104888916
7.906005859375 10.178920828610108 2.801258087158203 2.954925298690796
6.240292072296143 9.438688345181362 3.6531591415405273 5.413265705108643
4.212235927581787 6.954335001179629 4.403627872467041 8.270929336547852
4.08168363571167 7.067942211406518 4.776045799255371 10.252370834350586
5.3970947265625 6.614206334989831 2.939760684967041 3.0503299236297607
3.800959825515747 5.875007156269817 3.546952724456787 4.916616916656494
2.4485740661621094 4.2203007302738085 4.016777038574219 6.88774299621582
2.8180480003356934 5.6506178533308 4.239866733551025 8.252705574035645
6.944193363189697 8.601967874101518 3.201408624649048 3.3539822101593018
5.2671122550964355 7.870781734393461 4.029064655303955 5.875088214874268
3.816861152648926 6.6372689576920525 4.678969383239746 8.62065601348877
2.9283220767974854 4.89612928283168 4.974768161773682 10.479246139526367
9.102723121643066 11.562148205677204 3.6704020500183105 3.886741876602173
6.833821773529053 11.239596844771663 4.858180999755859 7.478944301605225
3.0919809341430664 6.164647480423184 5.7602033615112305 11.378279685974121
4.065120697021484 7.276033954006774 6.145434856414795 13.923835754394531
4.072660446166992 5.040282418208292 3.191594123840332 3.481236457824707
4.255034446716309 7.043872194542473 4.5307722091674805 6.480156898498535
2.9624485969543457 6.213499685622708 4.768226146697998 8.345758438110352
1.8103221654891968 4.724150538999538 4.904283046722412 9.790508270263672
5.755122184753418 6.901982506411132 3.5392825603485107 3.9223833084106445
4.932897090911865 7.822908140162326 5.172735691070557 7.789048194885254
4.387131690979004 7.662748112563158 5.626983642578125 10.652368545532227
2.895775079727173 4.257061787409839 5.846028804779053 12.690797805786133
6.950790882110596 8.235723420924614 4.148055076599121 4.68366003036499
7.4406819343566895 11.367847562191855 6.278521537780762 10.024126052856445
4.607149600982666 7.888216336943515 7.053541660308838 14.349151611328125
3.955434560775757 7.661973199980821 7.358522415161133 17.182884216308594
5.405097484588623 6.358174191031367 2.2327311038970947 2.304690361022949
5.0868611335754395 7.29624393150516 2.665374279022217 3.55452823638916
3.82767653465271 6.819285874179624 3.108955144882202 5.074146747589111
3.598106861114502 5.622518468913427 3.357653856277466 6.141242027282715
5.955892086029053 7.1194983967890835 2.4310383796691895 2.5170984268188477
5.571120262145996 9.088047942058928 2.9748337268829346 4.079535961151123
4.940755367279053 8.171014444127568 3.5159685611724854 5.98246431350708
3.431760787963867 6.254896586169025 3.810659646987915 7.3085222244262695
6.801578521728516 8.364624697120917 2.7348718643188477 2.8468234539031982
5.174680709838867 8.588744056580254 3.42975115776062 4.86422061920166
4.879492282867432 9.095918061647836 4.093289852142334 7.306809425354004
4.309118270874023 6.959171685770684 4.443727493286133 8.993016242980957
6.548826217651367 7.667275431555026 2.949495315551758 3.072359085083008
4.307199478149414 5.684207847981696 3.6444218158721924 5.083848476409912
3.9457786083221436 5.79967325539252 4.248371124267578 7.404736042022705
2.2078053951263428 3.723123402252895 4.557427883148193 8.973527908325195
7.357985973358154 8.715052503447069 3.263758659362793 3.4278547763824463
4.489011287689209 7.238018906758221 4.196533203125 6.133265972137451
4.07808256149292 7.267513200689592 4.974544525146484 9.182398796081543
4.092381000518799 7.469359358712694 5.357656955718994 11.211467742919922
8.507254600524902 10.388634997754707 3.7771377563476562 4.014856815338135
6.211651802062988 8.30287243870993 5.0572943687438965 7.7788166999816895
4.309001922607422 7.565125331079862 6.05400276184082 11.863027572631836
3.5698535442352295 5.205346680019204 6.522403717041016 14.511995315551758
7.071196556091309 8.24690115555271 3.487262010574341 3.7242271900177
4.860736846923828 8.162097714034896 4.6227545738220215 6.7592291831970215
1.922992467880249 2.8785286234789282 5.400490760803223 9.886012077331543
2.7618372440338135 4.747928269943447 5.7547287940979 11.92138671875
8.137893676757812 9.494289937239593 3.9328742027282715 4.254612922668457
4.489721298217773 6.8250384621134685 5.455072402954102 8.440972328186035
3.8693838119506836 5.479629104167998 6.4817986488342285 12.65925121307373
3.0157761573791504 5.849360820981644 6.931793212890625 15.318410873413086
9.652769088745117 11.368387398620001 4.704715728759766 5.194137096405029
6.146982669830322 9.024695434593681 6.817440032958984 11.199888229370117
4.772583484649658 8.0170886685842 8.144561767578125 16.933250427246094
4.809473991394043 7.151841346143062 8.689505577087402 20.413389205932617
5.61838960647583 6.191463013965688 4.067921161651611 4.3368964195251465
3.314152956008911 5.398177890132615 5.309443950653076 8.167580604553223
2.9641849994659424 5.541741064324356 6.310490608215332 11.955015182495117
2.8879499435424805 4.586059101342387 6.713087558746338 14.348073959350586
6.779825687408447 7.581553113887139 4.012113571166992 3.1399004459381104
4.758291244506836 7.107930379023472 6.402354717254639 10.425134658813477
4.1419477462768555 7.093405595968306 7.696493625640869 15.566827774047852
3.559602737426758 6.453882220211426 8.205835342407227 18.6987247467041
7.3362298011779785 8.754233924286122 4.6635541915893555 5.0157318115234375
5.575134754180908 7.526556768581557 8.231535911560059 14.223578453063965
5.136926174163818 7.32714867671632 9.873165130615234 21.19101905822754
4.785289764404297 6.547444209423147 10.467564582824707 25.24665641784668
5.105838775634766 6.180445665207003 2.105347156524658 2.1906089782714844
4.213511943817139 6.499980583104559 2.552537441253662 3.482299566268921
3.047807216644287 5.540401542146583 2.937300443649292 4.9034223556518555
3.438828945159912 5.524278760454081 3.1328649520874023 5.874182224273682
5.730041027069092 6.976520184442734 2.2520604133605957 2.353832960128784
4.631707191467285 8.09338184859763 2.8047478199005127 3.938227891921997
4.10817813873291 7.559518383648083 3.28950572013855 5.720175266265869
3.4606821537017822 6.6666276086538545 3.532355785369873 6.92926025390625
6.540526390075684 8.456122316582935 2.472966194152832 2.598644733428955
5.800484657287598 8.871344328663099 3.1841909885406494 4.623109340667725
4.805598258972168 7.970089348095385 3.8119657039642334 6.941650867462158
4.101710796356201 7.17112206259381 4.117595672607422 8.501465797424316
6.0805559158325195 7.319939570286323 2.796875476837158 2.9273812770843506
5.181872367858887 7.837337554193255 3.4830331802368164 4.957424163818359
3.153538942337036 5.429659231449932 3.983247995376587 7.07494592666626
2.863633632659912 5.2535422660759865 4.20050048828125 8.43545150756836
6.835934638977051 8.42575727829717 3.024907112121582 3.1913249492645264
5.065512180328369 7.760598024721162 3.9357035160064697 5.840876579284668
3.9332547187805176 5.959385420703711 4.623618125915527 8.649909973144531
3.5161550045013428 5.630339547782796 4.918304920196533 10.429460525512695
8.164084434509277 10.344351779072895 3.3904354572296143 3.6132917404174805
5.971971035003662 8.88985043457916 4.6539530754089355 7.239401817321777
5.122970104217529 8.133660312023494 5.617142677307129 11.104488372802734
3.9100182056427 6.83978290040578 6.01024866104126 13.499309539794922
6.3956098556518555 7.767373307632397 3.433335781097412 3.7064950466156006
4.390841007232666 7.001321874724795 4.533581256866455 6.708420276641846
3.042198896408081 5.09768698150765 5.118036270141602 9.518749237060547
2.9885594844818115 4.8501509758524435 5.317907333374023 11.191957473754883
7.483197212219238 9.250078294784856 3.769962787628174 4.106446266174316
5.244688510894775 8.809153422637337 5.230855941772461 8.153837203979492
3.2618141174316406 5.44527018191134 6.08946418762207 12.00047779083252
3.245635509490967 5.412575544014775 6.3914313316345215 14.244900703430176
9.176460266113281 11.532032102820267 4.329278469085693 4.778759956359863
5.39760684967041 8.601495490294639 6.3817291259765625 10.53635311126709
4.635828971862793 7.628577437732474 7.648037910461426 15.943599700927734
3.8062140941619873 4.943689521414569 8.062718391418457 19.005313873291016
4.4201788902282715 5.290732415026106 4.1436920166015625 4.414210796356201
3.9443612098693848 6.439568594961614 5.41375207901001 8.255762100219727
2.8623948097229004 4.232633152145082 6.098286151885986 11.64633560180664
2.4331681728363037 4.618478517819312 6.257343292236328 13.54206657409668
5.5810227394104 7.190153928060312 4.541947364807129 2.6901395320892334
5.30819845199585 8.858715551186833 6.343074321746826 10.238295555114746
4.015841960906982 6.817819955108208 7.359321117401123 14.95777416229248
4.4149017333984375 6.035734192698101 7.639159679412842 17.516326904296875
8.249788284301758 9.953202943041333 3.9950358867645264 4.719050407409668
5.25041389465332 8.54615745594098 7.9067182540893555 13.632274627685547
5.113526344299316 7.974530422878843 9.429866790771484 20.269840240478516
4.050045967102051 7.096781977962564 9.823140144348145 23.719379425048828
4.8256988525390625 5.834633421984336 1.884683609008789 1.9548956155776978
4.584606170654297 7.209151386996226 2.301715612411499 3.106499671936035
3.672658920288086 6.739810191557808 2.7163796424865723 4.416860103607178
1.4678837060928345 2.4547985068079043 2.9208364486694336 5.260190963745117
5.310512542724609 6.4944797244098265 2.0323808193206787 2.1146295070648193
4.222871780395508 7.406042509676453 2.529435157775879 3.5059638023376465
3.7826926708221436 7.031800775469151 3.018625259399414 5.1221184730529785
2.7113523483276367 5.173244160791796 3.253241539001465 6.159952163696289
6.2170844078063965 7.820376105572279 2.2662198543548584 2.3667550086975098
5.483771324157715 8.9219980131461 2.8860645294189453 4.127212047576904
3.491933822631836 5.4411543379728755 3.4791259765625 6.191110610961914
3.289055347442627 6.536060213808923 3.7477593421936035 7.489827632904053
5.806323528289795 6.96723880587308 2.392185688018799 2.488507032394409
4.793213367462158 7.621835732240235 2.9999489784240723 4.189150333404541
2.9798145294189453 6.104996991763837 3.5434107780456543 6.076677322387695
2.1825525760650635 3.6035838901208983 3.768033266067505 7.228360176086426
6.4621381759643555 7.8178180022623565 2.6121044158935547 2.733579397201538
4.054670810699463 5.905530593139986 3.3849260807037354 4.9077253341674805
3.41359806060791 5.849804954220417 4.060417652130127 7.354442596435547
2.9084126949310303 4.61186432243187 4.332463264465332 8.840205192565918
7.6312761306762695 9.482207083275553 2.9902782440185547 3.151944160461426
5.561132907867432 8.680832788271042 4.02485466003418 6.098424434661865
4.6289286613464355 7.561441690429547 4.880640029907227 9.368637084960938
3.7644731998443604 6.535484877138856 5.201786518096924 11.299871444702148
6.237905979156494 7.451402486263159 3.051595449447632 3.1725666522979736
4.837542533874512 7.863459938064216 3.856398344039917 5.550050735473633
3.0825953483581543 5.010442432394484 4.444365978240967 7.951637268066406
2.6953744888305664 5.225216147956111 4.633401393890381 9.315400123596191
7.22737979888916 8.69258468797814 3.350872278213501 3.5198426246643066
5.403340816497803 7.721705121070158 4.423702239990234 6.686038970947266
3.5263962745666504 5.035708544503905 5.192267417907715 9.885682106018066
3.5118026733398438 5.481295249750872 5.438225746154785 11.700573921203613
8.645332336425781 10.634545560460396 3.890071153640747 4.1420159339904785
5.902815818786621 9.03438182868058 5.404376983642578 8.62185287475586
4.97934103012085 7.302937949357329 6.407464981079102 12.974671363830566
3.4715616703033447 6.138764036203074 6.701988220214844 15.369807243347168
5.835773468017578 6.836691348279601 3.327528715133667 3.6756253242492676
4.219869613647461 6.951577370237222 4.740601062774658 7.053830623626709
1.9237979650497437 2.717847083842571 5.266676902770996 9.70438003540039
2.4402668476104736 4.1048316444206705 5.367108345031738 11.119681358337402
6.493685722351074 7.74615709041862 3.729637384414673 4.198338508605957
4.933191299438477 7.657644804597588 5.51162052154541 8.686017990112305
3.319648265838623 5.971194381560139 6.2106032371521 12.221707344055176
3.383862018585205 5.885410624332268 6.372742652893066 14.16418743133545
7.16461706161499 8.003027515338474 4.449916362762451 5.124851226806641
6.435042858123779 9.92779126785625 6.838732719421387 11.403375625610352
5.24937629699707 6.53060520984036 7.770082950592041 16.254535675048828
4.289182662963867 6.498620492126008 7.967295169830322 18.8374080657959
4.88630485534668 6.163007140381069 1.9227685928344727 1.9996603727340698
3.8555777072906494 7.179907533993116 2.3281912803649902 3.198481559753418
2.810289144515991 6.191414860168152 2.720548391342163 4.584744930267334
2.5767886638641357 4.870634851805107 2.9377217292785645 5.554450035095215
5.572264194488525 7.0505434441115735 2.0824296474456787 2.173250913619995
2.8612043857574463 3.65662672547478 2.57955002784729 3.6192479133605957
3.829636573791504 7.0437568023952934 3.0574116706848145 5.318187236785889
2.4846644401550293 4.055253126597904 3.3175158500671387 6.516334056854248
6.630294322967529 8.303970118956613 2.327878475189209 2.441150665283203
5.994356155395508 9.699507730503946 2.9661989212036133 4.277746677398682
4.647334575653076 7.194347682968669 3.5726852416992188 6.463902950286865
3.2290279865264893 6.753685674478065 3.892808198928833 8.004401206970215
5.877871990203857 7.407028132773883 2.334089994430542 2.4387083053588867
4.673497676849365 7.65205321458717 2.8604555130004883 4.0906805992126465
2.428104877471924 4.823048642773536 3.395540237426758 6.081151485443115
2.8904829025268555 5.6831562679706 3.6875696182250977 7.480920314788818
6.8223419189453125 8.589893355544518 2.5819778442382812 2.7107653617858887
4.841092586517334 8.253276949959826 3.281862258911133 4.8331146240234375
3.5186960697174072 6.617177167095776 3.9693431854248047 7.400360584259033
3.17985463142395 6.113806555729172 4.332981586456299 9.202361106872559
8.229283332824707 10.1377650009766 2.9879696369171143 3.1618170738220215
5.997481822967529 9.72692985343565 3.9810280799865723 6.09432315826416
4.447740077972412 8.009499119300017 4.914046287536621 9.610027313232422
4.22020149230957 7.359927812056382 5.378173828125 12.027420043945312
6.536881446838379 8.227516290259246 2.8556904792785645 3.020716428756714
5.162768840789795 8.882017576625229 3.393864154815674 5.01097297668457
2.754293918609619 5.90093114758929 4.030047416687012 7.543483257293701
2.3066861629486084 4.066363383241593 4.384466171264648 9.333253860473633
7.751872539520264 9.643677998582483 3.193239688873291 3.3897876739501953
6.020804405212402 9.072583600050336 4.002435684204102 6.122093200683594
4.43430757522583 6.791334349760064 4.859499454498291 9.512701034545898
3.61936354637146 7.047307510115765 5.311341762542725 11.871421813964844
9.5692720413208 11.59613133693611 3.7745859622955322 4.044635772705078
6.416773319244385 8.911389341626602 5.074031829833984 8.133358001708984
4.0105881690979 6.398276412416294 6.299278259277344 12.970151901245117
4.5500946044921875 6.235230260902675 6.882281303405762 16.187515258789062
4.862834453582764 5.422504215419437 3.1268515586853027 3.7050247192382812
5.50196647644043 9.107601805468425 3.896441698074341 5.892066955566406
3.239565849304199 5.784289274791618 4.537659168243408 8.737553596496582
2.9545235633850098 5.5108146712914845 4.929542541503906 10.8058500289917
5.143624782562256 5.431444665736862 3.58359694480896 4.304799556732178
5.661507606506348 9.021217182756516 4.677011966705322 7.356274604797363
3.9297587871551514 6.761689489733669 5.587374210357666 11.274059295654297
3.930943727493286 6.453917001771266 6.094324588775635 14.035141944885254
7.143172740936279 7.427203651424563 4.411259651184082 5.353273868560791
7.435037136077881 9.96359915190605 6.103668212890625 10.110525131225586
5.149407863616943 6.634562288497619 7.47221565246582 15.854804039001465
4.106725215911865 7.013349153873566 8.123581886291504 19.631372451782227
5.058600425720215 5.804759526688031 2.032649040222168 2.1028897762298584
3.7844738960266113 5.624722737049623 2.398191213607788 3.1811633110046387
3.432060956954956 5.8019529002524735 2.7647440433502197 4.492162227630615
2.5765583515167236 4.462803346893907 2.958641290664673 5.405239582061768
5.765712261199951 6.880974420091206 2.1853413581848145 2.2654812335968018
3.7155916690826416 5.705110501044146 2.6452574729919434 3.6067869663238525
3.1967194080352783 6.0347905176980134 3.103133201599121 5.281997203826904
3.148597002029419 5.571130334152599 3.339789390563965 6.449863433837891
6.940756320953369 8.48343680326252 2.4135048389434814 2.5119597911834717
6.053096294403076 9.02770355174107 3.0174717903137207 4.259975433349609
3.650486707687378 5.679495628179808 3.6075494289398193 6.472029685974121
3.966829538345337 7.0556381567283495 3.901670455932617 8.001222610473633
6.122758865356445 7.057048754864127 2.7228665351867676 2.8395211696624756
5.2996649742126465 8.139100618487191 3.300661087036133 4.584389686584473
3.4470057487487793 6.014568514195757 3.7797446250915527 6.567813873291016
2.5946900844573975 4.137236968578634 3.9788293838500977 7.854524612426758
7.1948418617248535 8.472141695056294 2.9624969959259033 3.105668544769287
5.719783306121826 8.621544812513093 3.761914014816284 5.448935508728027
3.6930153369903564 6.78004145106172 4.422762393951416 8.155548095703125
3.615363836288452 5.898595170700958 4.691788196563721 9.893795013427734
8.469974517822266 10.209737979196857 3.3480119705200195 3.5383200645446777
6.332546234130859 9.056902393788745 4.4971208572387695 6.851059913635254
4.070991039276123 7.299078263178471 5.422358989715576 10.64228630065918
4.3926801681518555 6.09165171464565 5.780849933624268 13.008999824523926
6.5135908126831055 7.497322369914457 3.4239614009857178 3.5921008586883545
3.4030447006225586 5.055215512924633 4.367570400238037 6.35538387298584
3.5825908184051514 5.8136246686908635 4.928232192993164 9.020074844360352
2.2525150775909424 3.6519254635181286 5.086692810058594 10.585051536560059
7.938002109527588 9.262522244515026 3.772555112838745 4.005329132080078
5.554022789001465 8.045148618082422 5.095395565032959 7.825926780700684
4.222461700439453 7.105803112841386 5.925065517425537 11.571222305297852
3.2900235652923584 5.201453467529234 6.176339149475098 13.763117790222168
9.58555793762207 11.258560732934711 4.365245819091797 4.714289665222168
5.971263885498047 9.537625562043068 6.304159641265869 10.28659725189209
5.19780969619751 8.240744231047074 7.517012596130371 15.632688522338867
4.54732608795166 5.852182123163516 7.874800205230713 18.643278121948242
5.590921878814697 5.894075479061584 3.9289956092834473 4.349189758300781
4.426829814910889 6.3402783570990096 5.274462699890137 7.982144355773926
2.866030693054199 4.442663034443967 5.939798355102539 11.267520904541016
0.9496030211448669 1.5041958408967844 6.038825511932373 12.967362403869629
6.071184158325195 6.625966676010535 4.482659816741943 5.002232074737549
5.329089641571045 7.947492611946203 6.25629997253418 10.063203811645508
2.9013915061950684 4.981913598047896 7.235137462615967 14.652106285095215
3.6643056869506836 5.3098601016066596 7.444156646728516 17.089977264404297
8.381218910217285 9.147192721667084 3.8279614448547363 6.072277545928955
6.475180625915527 9.153174853965421 7.919684886932373 13.593198776245117
5.0893635749816895 7.962600445851422 9.339715003967285 20.0647029876709
3.8021914958953857 6.086694657980673 9.657356262207031 23.41376495361328
4.608208179473877 5.577544520229367 1.9573553800582886 2.0329549312591553
2.842348098754883 5.237362520497115 2.346344470977783 3.165724754333496
2.9967734813690186 5.789308781859063 2.682802677154541 4.403768062591553
2.6770780086517334 4.840246036189853 2.847878932952881 5.239035129547119
5.290862560272217 6.447709107992182 2.112478494644165 2.2008814811706543
3.3053455352783203 3.88662296168377 2.5951919555664062 3.6013917922973633
3.1400933265686035 5.604909260939152 3.0062203407287598 5.151487350463867
3.3488996028900146 6.623897155029994 3.198641777038574 6.183647155761719
6.298861026763916 7.946703276852304 2.342283248901367 2.452146053314209
4.617961883544922 8.53933168090293 2.9641971588134766 4.254938125610352
4.5216264724731445 7.727682250150998 3.477328062057495 6.244590759277344
3.080533027648926 6.0532288649179975 3.7027320861816406 7.541254997253418
5.491112232208252 6.59004577283531 2.527179002761841 2.651381492614746
3.991945743560791 6.54165646262355 3.0519161224365234 4.280008316040039
3.1861181259155273 5.6860862520809405 3.438917636871338 5.981446743011475
2.5545265674591064 4.39099462506033 3.5950894355773926 7.088067531585693
6.43744421005249 7.861275144579395 2.7599000930786133 2.9086008071899414
4.58110237121582 7.7807748984452125 3.4731874465942383 5.072547912597656
3.8932204246520996 6.796284478144258 3.9939067363739014 7.342226505279541
3.761920213699341 6.849552591961128 4.19148588180542 8.778717994689941
7.806037425994873 9.750487011463974 3.1223762035369873 3.3186306953430176
5.186765193939209 9.215969323148975 4.127419948577881 6.326627731323242
4.785443305969238 7.262274623710141 4.8358683586120605 9.425701141357422
3.371289014816284 7.313609642291965 5.081589221954346 11.309358596801758
5.932519435882568 7.113749182548048 3.228010654449463 3.4424076080322266
3.1042072772979736 5.336138052654974 3.8665852546691895 5.637226104736328
3.341688871383667 6.038623122971785 4.219038009643555 7.66048002243042
2.1320884227752686 3.675037134564292 4.324224948883057 8.9349365234375
7.145958423614502 8.733349287716464 3.54768443107605 3.8140945434570312
4.6630072593688965 7.478167389851151 4.482251167297363 6.865194797515869
3.814774751663208 6.636945893067178 5.022371292114258 9.70984172821045
3.4971764087677 6.547211697601142 5.179860591888428 11.425925254821777
8.726029396057129 10.886406037401407 4.069407939910889 4.43782377243042
5.663364410400391 9.717711271696317 5.478041172027588 8.879416465759277
4.462040901184082 7.173378774151274 6.2806878089904785 12.933211326599121
4.611258029937744 8.419890143438494 6.491963863372803 15.250216484069824
4.613805294036865 5.4710403551711195 3.5486128330230713 4.043751239776611
2.4850220680236816 4.0337180038222105 4.709303379058838 7.14394474029541
2.348205804824829 3.741169116278428 4.896205425262451 9.155139923095703
2.1714820861816406 4.226890640027165 4.919382095336914 10.45705795288086
5.900008201599121 6.900856096362077 4.044836044311523 4.666551113128662
4.705988883972168 7.735165219201008 5.501838684082031 8.830582618713379
4.002892971038818 7.533035574405365 5.911296367645264 11.811068534851074
2.7404625415802 4.087447920767069 5.991523265838623 13.615143775939941
7.584568023681641 7.756547503712909 4.868006229400635 5.723977088928223
5.581451416015625 8.083115462898377 6.825571537017822 11.621788024902344
5.397098541259766 7.869802820494101 7.534889221191406 16.038463592529297
4.7054524421691895 6.188109564040737 7.66588830947876 18.52325439453125
4.90321683883667 5.48575794424255 2.0161685943603516 2.064185857772827
4.672214508056641 6.839443417365487 2.3690736293792725 3.074500799179077
2.560861587524414 4.621604442716318 2.759913444519043 4.345098972320557
2.3525264263153076 3.629761985253026 2.9907491207122803 5.261431694030762
5.360877990722656 6.3549234767419875 2.155975818634033 2.217331886291504
3.6636767387390137 4.796232003072113 2.586992025375366 3.431175470352173
3.9811415672302246 6.963630851967309 3.0596704483032227 4.992866039276123
1.8765299320220947 3.878839675286251 3.335456371307373 6.1305060386657715
6.250996112823486 7.7081022406363715 2.3710715770721436 2.4516308307647705
5.619040012359619 9.260600519654213 2.9189538955688477 3.986600875854492
4.623111724853516 7.971445502415979 3.5108530521392822 5.980409145355225
3.7208914756774902 6.237308166497609 3.8487186431884766 7.433258056640625
5.9160943031311035 6.694652821434829 2.6157586574554443 2.6770997047424316
5.2187275886535645 7.285366942529967 3.163468837738037 4.259429931640625
3.4073426723480225 5.437730471791728 3.6959917545318604 6.160203456878662
3.1274683475494385 5.339669035198341 3.9714298248291016 7.472923278808594
6.51912784576416 7.705314775061083 2.8282651901245117 2.9180572032928467
5.519509315490723 8.172657263638655 3.5443403720855713 4.942415714263916
4.080934524536133 6.583330019593461 4.224761486053467 7.407024383544922
3.2600343227386475 6.106577828530632 4.570407867431641 9.109642028808594
7.612120628356934 9.380755593036099 3.1773147583007812 3.311514377593994
6.817153453826904 9.417113138236516 4.162774562835693 6.073770523071289
4.877098560333252 8.52368255994918 5.065463542938232 9.400890350341797
4.228614807128906 7.020036951338497 5.508648872375488 11.661091804504395
6.2746171951293945 7.1583088457376505 3.156338691711426 3.333841562271118
4.565808296203613 6.450100573166189 4.016979694366455 5.65778923034668
3.520354747772217 5.532435959786203 4.684545040130615 8.199149131774902
2.878514289855957 4.733186478562857 4.981505870819092 9.855868339538574
7.252538204193115 8.599777633418242 3.464010000228882 3.6852447986602783
5.28766393661499 7.948110237533001 4.60565185546875 6.783050060272217
3.2785470485687256 5.230304977353455 5.479658603668213 10.172194480895996
3.609452724456787 6.442530800955751 5.861866474151611 12.368847846984863
8.68354606628418 10.542186684113886 3.9900331497192383 4.295538425445557
6.592530250549316 8.985885182914672 5.603420734405518 8.723631858825684
5.253209114074707 7.883945620155362 6.78807258605957 13.407323837280273
5.11018180847168 8.222290687094983 7.283864498138428 16.354595184326172
4.7981743812561035 5.2961213712914095 3.67199969291687 3.9407379627227783
3.94637131690979 5.806397890903895 4.662698745727539 6.893588542938232
2.3528859615325928 3.122563778744052 5.494597911834717 9.982048988342285
2.4992165565490723 4.337567563057405 5.81161642074585 11.888975143432617
5.570884704589844 5.869090306070802 4.051077365875244 4.145644187927246
5.600358486175537 8.898347398042915 5.457716941833496 8.435565948486328
3.5728166103363037 5.362063369369764 6.52918004989624 12.627289772033691
2.648738145828247 4.713578653601019 6.936811923980713 15.16318130493164
7.086742877960205 8.088012674160836 3.549001932144165 5.154195308685303
5.504059791564941 8.596353838053387 6.824108600616455 11.254817008972168
5.288415908813477 7.515909796985852 8.266562461853027 17.004070281982422
4.330029010772705 6.560081208055237 8.78466796875 20.385812759399414
4.621913909912109 5.270545165604062 1.6900792121887207 1.7383173704147339
3.0067574977874756 4.527734204303528 1.9889265298843384 2.588235378265381
2.907870054244995 5.921431781721367 2.3414320945739746 3.7291064262390137
2.29469633102417 4.600156477684038 2.567000150680542 4.591499328613281
5.271546840667725 6.303173016971012 1.806097149848938 1.8608369827270508
4.745640277862549 7.426814213785022 2.1567299365997314 2.8531129360198975
3.775897264480591 6.933994589902909 2.571993589401245 4.213914394378662
2.2783031463623047 5.367211387664383 2.834644317626953 5.242281913757324
6.239355564117432 7.669266394756505 1.9810813665390015 2.045588254928589
5.165255069732666 6.528906629624089 2.4078946113586426 3.253896713256836
4.246039390563965 6.919646596200721 2.911442995071411 4.941939353942871
3.862196683883667 7.496091378483968 3.223184823989868 6.207727909088135
5.612201690673828 6.473882526911801 1.9828791618347168 2.0391180515289307
5.003326416015625 7.700505249762955 2.3906311988830566 3.1992626190185547
3.1840858459472656 5.174466082332657 2.8610455989837646 4.802037239074707
3.1446964740753174 5.715273436006051 3.1482889652252197 6.005409240722656
6.4961323738098145 7.712435421444354 2.157589912414551 2.226140022277832
5.576399803161621 8.481437469055976 2.6601083278656006 3.6487953662872314
3.063230037689209 5.381954880640222 3.2410480976104736 5.657469749450684
3.30359148979187 5.8092401831554525 3.589550733566284 7.155341625213623
7.615968227386475 9.495537219788858 2.439532995223999 2.5280261039733887
5.700273513793945 8.797139915578555 3.093248128890991 4.379791259765625
3.8431875705718994 7.123315474985816 3.836515188217163 7.017926216125488
3.7208797931671143 5.352944831066907 4.265566825866699 8.947142601013184
6.070995807647705 7.060358551727404 2.350938320159912 2.3809123039245605
4.5780029296875 7.185814737846371 2.844583034515381 3.8671875
3.730074167251587 5.809202905380253 3.3891561031341553 5.919722080230713
2.4976091384887695 4.652660143739013 3.70927357673645 7.4241228103637695
7.1081109046936035 8.475969471453482 2.578409194946289 2.630901336669922
5.930397987365723 8.642805251773478 3.2198407649993896 4.531774044036865
4.231187343597412 7.392367500072769 3.9271697998046875 7.195548057556152
3.2365612983703613 4.93966549375682 4.33052921295166 9.119107246398926
8.606632232666016 10.64426008288866 2.9718518257141113 3.0617663860321045
6.0645647048950195 9.769766239209261 3.863192081451416 5.67306661605835
4.796032905578613 7.256032301593476 4.812763690948486 9.30213451385498
4.67048454284668 5.919182781860684 5.321735382080078 11.841327667236328
5.318060398101807 6.17185890346434 2.5123562812805176 2.803959608078003
4.7146148681640625 7.2622320061499295 3.515932559967041 4.815566539764404
3.31265926361084 6.110128815891073 3.8658149242401123 6.930695056915283
2.6115224361419678 4.123044668372813 4.169809818267822 8.614889144897461
5.339177131652832 5.759332888861707 2.804997205734253 3.1521997451782227
5.309395790100098 8.426869942750624 3.978487730026245 5.682042598724365
4.325356483459473 7.054650078197447 4.5364885330200195 8.588459968566895
3.1249301433563232 5.790801107719886 4.941360950469971 10.779470443725586
7.458775997161865 9.000670629152186 3.2996978759765625 3.7457685470581055
6.655169486999512 9.895422840444553 4.810061454772949 7.230187892913818
5.512845993041992 9.205509364883426 5.680193901062012 11.376456260681152
2.821871280670166 5.089988435337659 6.205348491668701 14.309828758239746
4.8136820793151855 6.224316639649828 1.9139958620071411 1.9887512922286987
3.673724889755249 6.9079094963042635 2.348128318786621 3.217259168624878
3.1309139728546143 6.560395026815968 2.788473606109619 4.73234224319458
2.267942190170288 4.7393018672812275 3.051236391067505 5.827452659606934
5.596146106719971 7.121914825694837 2.0981593132019043 2.1879584789276123
4.847260475158691 7.557545171455843 2.6391565799713135 3.72245454788208
3.468592405319214 5.313111529545729 3.1782548427581787 5.631114482879639
3.4840481281280518 6.999066299533311 3.4904959201812744 7.007514476776123
7.02253532409668 8.902465848965676 2.4022200107574463 2.518965244293213
5.014822483062744 8.79523626187256 3.1194794178009033 4.563869953155518
4.8058013916015625 7.979202103392936 3.8140366077423096 7.086109638214111
4.71807336807251 7.291662867180094 4.198297500610352 8.870627403259277
6.1333441734313965 7.792596498996261 2.3070714473724365 2.4170820713043213
4.6330246925354 7.8281948713602105 2.9796359539031982 4.272287368774414
3.1547634601593018 6.364116964592199 3.603644847869873 6.537389755249023
2.7169504165649414 6.255772860111392 3.951787233352661 8.140313148498535
7.076364040374756 8.920976899277772 2.611884832382202 2.753734827041626
6.139039039611816 10.374560805846262 3.5066840648651123 5.235008716583252
4.841021537780762 7.420803560652651 4.313645362854004 8.245351791381836
1.8769505023956299 3.193442260308359 4.740565299987793 10.336785316467285
8.790523529052734 10.972554245972248 3.162459373474121 3.367901086807251
6.815255165100098 10.737635955900174 4.461122512817383 7.002055644989014
5.567633628845215 8.243529132220246 5.568727493286133 11.241771697998047
5.028905868530273 7.6989809864925105 6.104341983795166 14.037528991699219
7.094694137573242 8.926708826804088 2.685514211654663 2.8404879570007324
4.223132133483887 7.326244798928656 3.699807643890381 5.473869323730469
3.7455005645751953 7.775825012508606 4.462800025939941 8.473343849182129
3.244985580444336 6.277580326952174 4.851100921630859 10.510039329528809
8.442994117736816 10.518415324044327 3.1143102645874023 3.3305282592773438
5.8556084632873535 9.445191265607361 4.511099815368652 7.016493797302246
3.9589967727661133 6.824064033925474 5.538077354431152 11.12938404083252
4.1328043937683105 6.267848650537871 6.0240020751953125 13.829874992370605
10.680733680725098 13.144828314649171 3.9488706588745117 4.2885050773620605
7.624866008758545 11.025229973214607 6.069704532623291 10.00673770904541
5.987027645111084 10.098898538374527 7.527602672576904 15.969447135925293
4.267409324645996 7.260733118280768 8.13671588897705 19.58205795288086
5.639194011688232 6.353018069399582 3.2069995403289795 3.64092755317688
3.6430349349975586 6.013328756031399 5.262392997741699 8.441732406616211
2.664464235305786 4.768926782051132 5.28920841217041 10.303045272827148
2.541306257247925 5.233739644086938 5.609461307525635 12.517778396606445
6.789015293121338 7.700591667236495 3.762784957885742 4.332996368408203
5.276564121246338 8.172326301009775 6.506982326507568 10.7271089553833
3.365190267562866 5.856555589215304 6.689935684204102 13.824557304382324
3.454524278640747 5.3442060617873715 7.110252380371094 16.796396255493164
7.778911113739014 8.832714942438505 4.887490749359131 5.7461957931518555
7.057921409606934 10.61719617876895 8.218400955200195 14.277262687683105
5.6406683921813965 8.63316365702417 9.313417434692383 20.260665893554688
4.949230670928955 8.254419239632881 9.864727020263672 24.244422912597656
4.82651948928833 5.452801086460022 1.9285317659378052 1.9950957298278809
3.7464759349823 5.927430458442302 2.2973546981811523 3.0142478942871094
3.12308669090271 4.899829682036398 2.6652464866638184 4.282564640045166
2.4141945838928223 3.7320440344749386 2.8746073246002197 5.206211090087891
5.461750030517578 6.444071023015951 2.078188180923462 2.156954050064087
4.904139518737793 7.941728804553009 2.5242531299591064 3.404320478439331
3.79838490486145 6.356147797573158 2.970221519470215 4.984860420227051
3.5120580196380615 5.872730385619832 3.2180657386779785 6.128237247467041
6.307137489318848 7.556531685214395 2.3125452995300293 2.409067153930664
5.625826835632324 7.886253467384449 2.878216505050659 4.007124423980713
4.4078569412231445 8.019782424860523 3.437572479248047 6.047392845153809
3.744391679763794 5.87919179488091 3.7352020740509033 7.494914531707764
5.758955478668213 6.570394719908236 2.471864700317383 2.5668015480041504
4.516214847564697 6.860797271484671 2.992605447769165 4.051462650299072
3.3103559017181396 5.787745302033414 3.463301420211792 5.863831043243408
2.0651443004608154 3.5203135464332718 3.701300621032715 7.145273685455322
6.478597164154053 7.592094094620734 2.7023274898529053 2.8230278491973877
4.823502540588379 7.41566286016274 3.382697343826294 4.767205238342285
3.547222852706909 6.514707253925343 3.9969482421875 7.163660049438477
3.090571880340576 5.533140708911965 4.294041633605957 8.826993942260742
7.517276763916016 9.073591735478375 3.0874884128570557 3.248054027557373
6.246095657348633 8.50596236027917 4.028845310211182 5.9509758949279785
4.715263843536377 6.877553123385212 4.855086803436279 9.242568016052246
4.462367534637451 6.859929840771315 5.225891590118408 11.424285888671875
6.1321868896484375 6.991106800322569 3.124885320663452 3.2526564598083496
4.9516072273254395 8.194195847873516 3.8103718757629395 5.310359001159668
3.5972900390625 5.228683901075783 4.32636833190918 7.618476867675781
1.8874999284744263 3.806905029518248 4.54933500289917 9.181744575500488
6.967088222503662 8.16037063046133 3.440905809402466 3.6170923709869385
3.3945417404174805 6.110221878808915 4.387471675872803 6.443033695220947
3.7286555767059326 5.018788397466025 5.1145243644714355 9.62582015991211
3.105705976486206 6.073945181761246 5.414847373962402 11.72179126739502
8.364696502685547 10.042206726166565 3.9927868843078613 4.250460624694824
6.1467485427856445 9.379516334569644 5.380836009979248 8.383764266967773
4.417845726013184 6.965253230878555 6.418973445892334 12.916823387145996
3.387544631958008 5.0713282879327295 6.8071441650390625 15.706056594848633
4.458709239959717 4.69745590668424 3.3943374156951904 3.7508983612060547
4.420292854309082 6.5386702228124705 4.578818321228027 6.632501125335693
2.59470272064209 4.62674974573455 5.092569351196289 9.213075637817383
2.9612534046173096 4.298809331475127 5.267484188079834 10.925830841064453
6.642561912536621 6.912714731531281 3.8253538608551025 4.293923854827881
4.324875831604004 6.522090978148977 5.342843532562256 8.17487907409668
3.5653915405273438 6.445486521782739 6.098736763000488 11.862752914428711
3.6316447257995605 5.777784790149475 6.366454601287842 14.216156959533691
6.357801914215088 7.03222902944114 4.598012447357178 5.276723384857178
5.693333625793457 7.4529594921742675 6.669395446777344 10.883805274963379
4.682416915893555 6.65302715764026 7.789478778839111 16.228174209594727
4.228816509246826 7.181338443762456 8.152518272399902 19.385683059692383
4.24484920501709 4.974867835457193 1.7507908344268799 1.8065259456634521
2.733877420425415 4.355069883281068 2.0783512592315674 2.759775161743164
2.73667311668396 4.620356064545717 2.4346771240234375 3.9719696044921875
1.7421834468841553 3.8473257082512458 2.6333773136138916 4.820555686950684
5.085812091827393 6.107096698492796 1.879758596420288 1.945210337638855
3.5651633739471436 6.622183507301088 2.274225950241089 3.095197916030884
3.416950225830078 6.628162536537843 2.7017621994018555 4.586958885192871
2.356393814086914 4.834180289872933 2.935861587524414 5.630707263946533
6.371046543121338 7.768681383778777 2.077448844909668 2.1573331356048584
4.639148235321045 7.613924740949339 2.570464611053467 3.605461359024048
4.084414005279541 5.214047655064075 3.0989370346069336 5.514561653137207
3.2655832767486572 6.3614505322249215 3.3796706199645996 6.84252405166626
5.623642921447754 6.473143955571942 2.0791707038879395 2.1539950370788574
4.170895576477051 7.20741396679432 2.5505125522613525 3.537536859512329
3.1136465072631836 4.863002501662322 3.0433971881866455 5.286424160003662
2.46067214012146 5.043244199283038 3.291276216506958 6.476468563079834
6.625862121582031 7.793707236537255 2.2772693634033203 2.370161294937134
4.936534881591797 6.537916630790278 2.874436855316162 4.125877380371094
3.447681188583374 6.339442195990841 3.498666763305664 6.4016804695129395
2.7533631324768066 5.471722862444896 3.806551456451416 7.939149379730225
7.99960994720459 9.846349266875805 2.602233409881592 2.7249789237976074
5.9450364112854 9.561567660374749 3.4018921852111816 5.092565059661865
3.359921455383301 6.111695957195479 4.220685958862305 8.192571640014648
3.751107931137085 5.705088428170711 4.609140872955322 10.251504898071289
6.087155342102051 7.068316977766813 2.4388222694396973 2.5370030403137207
4.0202131271362305 6.030816629349697 3.0459792613983154 4.3943657875061035
2.4557318687438965 4.360242278647604 3.660956621170044 6.6654863357543945
2.50878643989563 3.746721523559586 3.936922311782837 8.151813507080078
7.452418804168701 8.813441862650961 2.705878734588623 2.831249952316284
4.835855007171631 7.419861950245149 3.5093257427215576 5.269697189331055
3.634106397628784 4.487320749827106 4.322787284851074 8.344674110412598
2.9628348350524902 5.319677194215274 4.6824188232421875 10.330238342285156
9.309650421142578 11.383806886414163 3.1694557666778564 3.3448939323425293
5.003294467926025 7.7047283755401885 4.310281276702881 6.79937744140625
4.574954032897949 6.984587300326826 5.420757293701172 11.152583122253418
4.227344036102295 7.1020502000121155 5.889824867248535 13.885356903076172
4.467630863189697 5.038641879433385 2.781667709350586 3.225438117980957
4.6128716468811035 7.575832206420429 3.5729458332061768 5.377842426300049
2.831472635269165 5.1707096611994245 4.19965934753418 7.887539863586426
2.9404962062835693 5.290069149541466 4.471438884735107 9.553915023803711
5.365075588226318 6.2860434836767 3.1435232162475586 3.66898250579834
5.726040840148926 9.539131647500312 4.161026954650879 6.527803421020508
4.317613124847412 6.878949685852234 5.045256614685059 10.071669578552246
3.3836679458618164 4.986890560394798 5.416408538818359 12.348245620727539
6.983429908752441 7.686101071987196 3.769007682800293 4.448193550109863
6.850505352020264 9.82420931593788 5.215649604797363 8.600314140319824
3.759050130844116 6.710768714131881 6.485487461090088 13.798901557922363
4.460680961608887 8.056899315932355 6.980554580688477 16.97802734375
4.905892372131348 5.976656343797435 2.029266595840454 2.0986194610595703
3.8433995246887207 6.87301805578403 2.469580888748169 3.3424227237701416
2.4172568321228027 5.274655683596819 2.904552698135376 4.8791680335998535
2.6585350036621094 4.748305588072299 3.1171884536743164 5.888513565063477
5.673208713531494 7.0274750755290825 2.2233355045318604 2.307749032974243
4.322991847991943 6.950705203219911 2.7666730880737305 3.855177164077759
3.7555899620056152 5.250409239270994 3.293562650680542 5.778626441955566
3.009084701538086 5.283755031237007 3.540926456451416 7.045024871826172
6.71086311340332 8.698578580119602 2.529416561126709 2.6398391723632812
5.614320278167725 9.648263139571974 3.240893840789795 4.689278602600098
3.863755226135254 7.112070996764089 3.8972930908203125 7.186391830444336
2.8069374561309814 3.8681114868686084 4.183521747589111 8.806411743164062
5.873035430908203 7.20524446690321 2.531928062438965 2.6414480209350586
4.167235851287842 6.893178655352585 3.165801525115967 4.491535186767578
3.0764174461364746 5.3905176457503705 3.765293836593628 6.776238918304443
2.012763738632202 3.5985874999819174 4.029212474822998 8.21899127960205
6.844963073730469 8.721179282921042 2.8355088233947754 2.977506399154663
4.418582916259766 7.335713468050926 3.6605029106140137 5.428060054779053
3.182507276535034 6.3256725813012675 4.426031589508057 8.421456336975098
3.006988048553467 5.281761461702871 4.748898029327393 10.304842948913574
8.193344116210938 10.867031109501488 3.3372457027435303 3.543447971343994
5.267307758331299 8.041662033560783 4.514270305633545 7.087374210357666
3.996381998062134 6.346896479565544 5.51527738571167 11.153335571289062
4.088433742523193 6.805761484173575 5.895224571228027 13.626211166381836
6.381927013397217 7.897366509967014 3.149728775024414 3.3429183959960938
5.039070129394531 8.64417848546601 3.894050359725952 5.744314193725586
2.7593648433685303 5.113697138033729 4.600894451141357 8.703974723815918
2.3380212783813477 4.404520184687954 4.892689228057861 10.519959449768066
7.638721942901611 9.863578834748024 3.5552828311920166 3.801828145980835
4.766635894775391 8.23527171015473 4.570727825164795 7.128155708312988
3.557295560836792 6.4846243664992755 5.531585216522217 11.135493278503418
2.568335771560669 4.705603726679897 5.908285617828369 13.549429893493652
9.33788013458252 12.644175186819666 4.24510383605957 4.612971782684326
5.659800052642822 8.568072623900255 5.836601257324219 9.781229019165039
5.300052165985107 8.634737958588582 7.144129276275635 15.344545364379883
3.7351582050323486 6.73150799044646 7.58284330368042 18.52096176147461
4.574979782104492 5.130775781882804 3.444638967514038 3.995682716369629
4.3347296714782715 7.361750288107373 4.619089126586914 7.045496940612793
3.3070902824401855 5.9724755761256105 5.285912036895752 10.324898719787598
2.07080078125 4.2830001116124095 5.575155258178711 12.375547409057617
5.573490142822266 6.926655233126382 4.024965286254883 4.792116641998291
3.856273889541626 6.399012584321554 5.397029399871826 8.720634460449219
3.8633391857147217 7.718258657750113 6.42963171005249 13.393379211425781
3.3234925270080566 5.499867135512432 6.828231334686279 16.16008186340332
7.553273677825928 9.02874528195241 5.083964824676514 6.260312080383301
7.225715637207031 11.98133329684265 7.026958465576172 12.279058456420898
4.865298748016357 6.663055945919361 8.494206428527832 18.881961822509766
3.071248769760132 5.471986070146137 8.942063331604004 22.483362197875977
4.8981099128723145 5.7781323429449 1.739853858947754 1.7954639196395874
3.548818826675415 5.870513108175828 2.0747876167297363 2.7539186477661133
2.6584651470184326 5.458361164238397 2.4445414543151855 3.96708607673645
2.0761852264404297 4.123035998357523 2.65976619720459 4.795416355133057
5.4640302658081055 6.620882197680999 1.873183012008667 1.9372882843017578
4.244637489318848 6.619927621941931 2.2705085277557373 3.0862207412719727
3.1559033393859863 7.147864746075015 2.704521417617798 4.569657325744629
3.423295021057129 6.9217926065521285 2.952078104019165 5.5861496925354
6.608254432678223 8.17599726755656 2.0812597274780273 2.158064603805542
4.582955360412598 7.203072460426469 2.5782477855682373 3.602543592453003
4.201777935028076 6.449219029203505 3.1084771156311035 5.490238666534424
3.088197946548462 6.319403346608965 3.3983960151672363 6.773839473724365
5.993634223937988 7.116942736986857 2.0530097484588623 2.1255807876586914
4.01368522644043 6.865939900197645 2.4942314624786377 3.4296810626983643
2.5271081924438477 4.443482605483496 2.9915103912353516 5.130651950836182
2.137305974960327 4.038050825831306 3.267766237258911 6.290220737457275
6.882951736450195 8.244631162234782 2.2611937522888184 2.350158929824829
5.269013404846191 8.589488127034528 2.826974630355835 4.0233259201049805
3.788752555847168 6.09062563085152 3.4412801265716553 6.2227888107299805
3.678145408630371 5.116269089459024 3.7699532508850098 7.708672523498535
8.255698204040527 10.16447844287972 2.610668420791626 2.7272188663482666
5.910281658172607 9.227533211329813 3.39196515083313 5.035389423370361
4.332643985748291 8.438027671019142 4.188323974609375 8.025469779968262
3.862014055252075 6.924012923351256 4.582509517669678 9.98216724395752
6.67382287979126 7.9367369238116225 2.410386800765991 2.4944655895233154
4.985827445983887 9.000503296017314 2.8959643840789795 4.105954170227051
3.2158617973327637 5.832333414825371 3.5095582008361816 6.274952411651611
3.311272144317627 5.661092720910318 3.838052988052368 7.741602420806885
7.800252914428711 9.402671846327824 2.687222957611084 2.7975082397460938
5.2770819664001465 8.347712944356147 3.3805270195007324 5.006331443786621
2.758666515350342 3.4197577704744617 4.164906978607178 7.920654296875
3.1765799522399902 5.690842064668345 4.563033103942871 9.845084190368652
9.459515571594238 11.599464510663253 3.187288761138916 3.3464856147766113
5.8178863525390625 9.513664771954836 4.255626678466797 6.6558122634887695
5.116751670837402 9.564385632228934 5.313575267791748 10.784575462341309
3.704796075820923 6.85976701305518 5.788642406463623 13.357563018798828
4.445030212402344 5.065290604373445 2.8285157680511475 3.1633381843566895
4.956576824188232 8.792382949532819 3.2597146034240723 4.764036178588867
3.6782195568084717 5.926162720473599 3.9309892654418945 7.221717834472656
3.358690023422241 5.592565645843365 4.291069984436035 8.911492347717285
7.151096343994141 8.518591481211104 3.2089104652404785 3.638793706893921
5.722416400909424 8.419359941938865 3.888612747192383 5.972256660461426
4.386721134185791 7.786985554037756 4.762509822845459 9.362123489379883
3.441406726837158 6.029889181722922 5.20402717590332 11.60288143157959
8.460241317749023 10.04256192335948 3.9063773155212402 4.504045486450195
5.9641947746276855 10.061253260791034 5.05711030960083 8.27236557006836
4.633410930633545 7.93734673753206 6.276920795440674 13.202631950378418
4.265803813934326 6.050507861360188 6.7927093505859375 16.197721481323242
5.013582229614258 6.237787180449331 1.844435214996338 1.9331358671188354
3.9524478912353516 6.905500927195538 2.245539426803589 3.087141990661621
3.3336360454559326 5.438460487084199 2.546518087387085 4.225978374481201
3.0555672645568848 5.447132900225057 2.6829237937927246 4.954949855804443
5.483065605163574 6.887750371244891 1.972503662109375 2.0755975246429443
3.885990619659424 7.078390170537972 2.444338321685791 3.447295665740967
3.7022578716278076 6.586310524962 2.8010365962982178 4.832225799560547
1.8305758237838745 3.5090110773558365 2.9566118717193604 5.707064151763916
6.246954441070557 8.31268464238157 2.170623779296875 2.294189929962158
5.191661834716797 7.589330341527798 2.7475881576538086 3.9943647384643555
3.6006224155426025 7.390487093825797 3.1827428340911865 5.74444580078125
3.786587953567505 6.2507980925182505 3.3625876903533936 6.831094741821289
5.919436454772949 7.375108767972506 2.341341733932495 2.465014696121216
4.8698296546936035 7.952211434131641 2.8809783458709717 4.077964782714844
2.286803960800171 4.436306447651077 3.2255101203918457 5.618875503540039
2.5429718494415283 4.410394446217834 3.3375391960144043 6.5492939949035645
6.602601051330566 8.343409215802776 2.533606767654419 2.684408187866211
5.448855400085449 8.518185858501184 3.2171032428741455 4.722057819366455
3.282043933868408 5.318306587486347 3.6664605140686035 6.72256326675415
2.2514922618865967 4.48572499408067 3.807072401046753 7.901582717895508
7.5989274978637695 9.942123689617006 2.8533246517181396 3.045191526412964
5.927802085876465 9.25868780483961 3.7638661861419678 5.762693881988525
4.90315580368042 7.800020670208681 4.363362789154053 8.470707893371582
3.446882724761963 5.760751091158353 4.537372589111328 10.012455940246582
6.35041618347168 7.987316047514469 2.982875108718872 3.1526317596435547
4.921474933624268 8.384122423132794 3.6569042205810547 5.320683479309082
3.826784610748291 6.768800194048254 3.9734442234039307 7.176813125610352
1.753075122833252 3.4719137807269305 4.008024215698242 8.210075378417969
7.191619873046875 9.089358979579174 3.2397522926330566 3.4603652954101562
4.479531764984131 6.675343997778633 4.159628868103027 6.34135627746582
3.3648171424865723 5.622386101435874 4.62904691696167 8.87154483795166
2.963717460632324 4.327700937113249 4.694610118865967 10.247194290161133
8.562372207641602 10.990803675856341 3.6958980560302734 3.9969289302825928
5.930756092071533 8.666915177958685 5.010261058807373 8.039294242858887
4.3356804847717285 8.18155156964815 5.699663162231445 11.632560729980469
3.818448066711426 5.94897912845795 5.795376300811768 13.495879173278809
5.202735900878906 6.085531820715914 3.2361345291137695 3.6374564170837402
5.0083746910095215 8.102024590773453 4.518394470214844 6.773784637451172
2.3375864028930664 4.578323000042019 4.67848014831543 8.66320514678955
2.480708599090576 4.707596107621057 4.5882110595703125 9.648394584655762
5.847949981689453 6.90898445866007 3.5858259201049805 4.090519905090332
5.677183151245117 8.609645637056019 5.177813529968262 8.204620361328125
3.877110719680786 7.10299769066087 5.534271717071533 10.916755676269531
3.2973618507385254 6.293014902698815 5.468794345855713 12.29820728302002
7.724001407623291 9.649203636658967 4.191895961761475 4.876856803894043
4.825544357299805 8.702012968865844 6.322366714477539 10.623285293579102
4.543900966644287 6.454919114002905 6.949972629547119 14.616456031799316
3.0534918308258057 4.994947632362937 6.901551246643066 16.55413055419922
5.093559265136719 5.994940521249163 1.7632911205291748 1.8242902755737305
4.411314010620117 7.673944774244205 2.096478223800659 2.794813394546509
3.6456925868988037 6.895350421420062 2.4392552375793457 4.008599758148193
2.5385687351226807 3.761807533929158 2.653977394104004 4.880491733551025
5.535725116729736 6.680135924717433 1.9103401899337769 1.9842619895935059
4.064019680023193 6.979597804360537 2.313549757003784 3.1711394786834717
2.7789249420166016 4.852682566198212 2.7235636711120605 4.663912296295166
2.5829696655273438 4.551633990211513 2.9735870361328125 5.728231906890869
6.304480075836182 7.966513098843066 2.148604393005371 2.243349552154541
5.673938274383545 9.52916965619437 2.668433666229248 3.773317575454712
3.58685040473938 5.485984230564782 3.1810712814331055 5.695164680480957
4.245516300201416 7.0275544120599704 3.4765443801879883 7.047923564910889
5.985909938812256 7.081137459622873 2.1425461769104004 2.2310755252838135
5.671966075897217 9.11843628902102 2.5690598487854004 3.5283076763153076
3.3532228469848633 6.833847926228827 2.9941470623016357 5.220784664154053
2.9898154735565186 4.54762527645363 3.2680561542510986 6.429654121398926
6.642151832580566 8.05255625087409 2.375958204269409 2.48592472076416
4.902829170227051 7.197191927898984 2.9404947757720947 4.200016498565674
3.6119701862335205 6.416389847103233 3.4875218868255615 6.402102947235107
3.9122753143310547 5.638426200538234 3.8196513652801514 7.9468255043029785
7.633517742156982 9.72885503023178 2.777355432510376 2.9288887977600098
5.517369747161865 8.569398048061515 3.591454029083252 5.3660149574279785
5.092682361602783 9.516333491249526 4.3371357917785645 8.403093338012695
4.671377658843994 7.774117134058315 4.744495868682861 10.472816467285156
6.3932952880859375 7.622958798657237 2.6297833919525146 2.7812514305114746
5.329242706298828 8.68516137639972 3.0912015438079834 4.321878433227539
4.379537582397461 6.969125536123027 3.527581214904785 6.440629959106445
2.6607110500335693 4.489090528968916 3.8483805656433105 7.956272125244141
7.244445323944092 8.871730466352687 2.944687843322754 3.135380268096924
6.123131275177002 10.18731513981038 3.633960247039795 5.34042501449585
4.537600994110107 6.932119312511276 4.246840953826904 8.209555625915527
3.6234805583953857 6.271325171463445 4.645294189453125 10.196793556213379
8.470111846923828 10.702225749379295 3.515472888946533 3.778292417526245
7.145860195159912 10.745935391665853 4.624630451202393 7.198467254638672
5.450529098510742 9.137171404775472 5.536127090454102 11.323830604553223
4.436673641204834 7.0729882576561 6.033760070800781 14.047947883605957
4.899195194244385 5.714070901779451 2.8385815620422363 3.2095749378204346
4.38279390335083 8.161142638831734 3.7137789726257324 5.251988887786865
3.907533645629883 7.248555873579335 3.9704761505126953 7.47728967666626
2.4696083068847656 4.194903447553056 4.311429977416992 9.20610237121582
6.231162071228027 7.573833876080802 3.239130973815918 3.6992342472076416
5.629939556121826 8.539261417693325 4.39933967590332 6.61108922958374
4.639582633972168 7.525694615184648 4.884049892425537 9.765509605407715
3.8799893856048584 6.371149232708802 5.314009666442871 12.05846118927002
8.060741424560547 9.477784808871718 3.974033832550049 4.610715389251709
7.267160892486572 10.90218302129415 5.670424938201904 9.092487335205078
3.437613010406494 5.8544172411107525 6.553974628448486 13.85585880279541
4.515172481536865 8.158634658879635 7.095442771911621 17.016799926757812
4.850066184997559 5.354610758910269 1.9240798950195312 1.9760117530822754
3.6997969150543213 5.896466746379389 2.2363193035125732 2.874865770339966
4.185099124908447 7.172912300898247 2.5807738304138184 4.050654411315918
2.678325653076172 4.691227478187528 2.7840845584869385 4.919800281524658
5.516046047210693 6.252474389455266 2.083979368209839 2.14518404006958
4.2988600730896 5.698788208291262 2.469465970993042 3.24064302444458
3.3284056186676025 5.431867071988496 2.8942296504974365 4.7003397941589355
2.6712217330932617 4.667048107064716 3.136549711227417 5.775730609893799
6.7859015464782715 8.060811124915375 2.335905075073242 2.412127733230591
5.060267925262451 7.34091873835041 2.8396358489990234 3.82448673248291
4.688408374786377 6.879168722138729 3.386650800704956 5.730513095855713
3.778233289718628 6.337442144446413 3.6836185455322266 7.120835781097412
5.870461463928223 6.548641392563638 2.516103744506836 2.589553117752075
5.0640974044799805 8.174647495082553 2.961766004562378 3.9354302883148193
2.6523001194000244 5.011501726072382 3.385188102722168 5.614535808563232
1.9239397048950195 3.588560490701184 3.5989890098571777 6.809026718139648
6.897712230682373 7.905817558580566 2.765899896621704 2.8600988388061523
4.972192287445068 6.897970732910039 3.3729536533355713 4.62893533706665
3.251352071762085 5.477957275936717 3.952726125717163 6.8723273277282715
3.7961277961730957 5.23648001543927 4.231639385223389 8.443421363830566
8.462727546691895 9.998405241749026 3.1902108192443848 3.3198487758636475
7.175228118896484 9.934982583825962 4.073047161102295 5.824714183807373
5.060933589935303 7.084758338413565 4.895512580871582 8.980944633483887
4.470107078552246 6.471860788764101 5.267168045043945 11.128473281860352
6.436681747436523 7.2226617260485 3.316523551940918 3.437335252761841
4.143128871917725 6.155340083260853 3.9317126274108887 5.401473522186279
3.3250105381011963 4.997181493516564 4.330153942108154 7.490145206451416
2.716420888900757 5.015659031791785 4.475254535675049 8.886902809143066
7.691072940826416 8.859320768728963 3.66230845451355 3.8234403133392334
5.2089924812316895 7.702990467804028 4.55198860168457 6.533932209014893
4.50020170211792 6.646292511142121 5.183876991271973 9.486952781677246
4.437917232513428 6.935864449897565 5.41917610168457 11.422785758972168
9.768959045410156 11.605742854809932 4.285331726074219 4.524783611297607
6.8862762451171875 9.94699410976132 5.652573108673096 8.563150405883789
5.04361629486084 6.965250024683314 6.643165111541748 12.915372848510742
4.3205156326293945 7.0839023231519604 7.002476215362549 15.64173698425293
5.398863315582275 6.033667235805865 3.6791694164276123 4.0414886474609375
4.6676554679870605 7.150692640255045 4.986043453216553 7.119410991668701
3.1621594429016113 5.242259256418492 5.261781692504883 9.380502700805664
2.9536654949188232 5.346929038560324 5.264485836029053 10.770807266235352
6.194738388061523 6.964862590087684 4.16510534286499 4.633312225341797
4.320058822631836 6.7252923948515475 5.825443744659424 8.79711627960205
4.259594917297363 7.235833577414667 6.365304470062256 12.058852195739746
3.5847647190093994 5.685435908859745 6.474367618560791 14.09671401977539
7.481571674346924 8.885065855986682 5.056493759155273 5.7283711433410645
7.301766395568848 10.450670274084187 7.343897819519043 11.706576347351074
5.826146602630615 9.150998350749077 8.269327163696289 16.644556045532227
4.241525173187256 6.41457998537841 8.518719673156738 19.61981201171875
4.72122859954834 5.428424754546086 1.6797500848770142 1.7330639362335205
3.588569164276123 5.617370291963667 1.9656391143798828 2.581857681274414
2.9204113483428955 5.0366587462617645 2.2852296829223633 3.6338977813720703
2.2483975887298584 4.11744226224738 2.4838693141937256 4.360890865325928
5.272663593292236 6.3581267900254375 1.794897198677063 1.855179786682129
4.752574443817139 6.717532847829943 2.130892038345337 2.857415199279785
3.7354114055633545 6.590656782509413 2.506406307220459 4.143624305725098
2.6361234188079834 5.2096177079295884 2.736619234085083 5.0417704582214355
6.246206283569336 8.019399633117228 1.9688574075698853 2.0389392375946045
5.708205699920654 8.527957905113922 2.3808822631835938 3.2697744369506836
3.9404449462890625 6.7532904269437495 2.8383498191833496 4.894758224487305
2.8211989402770996 4.444646508460892 3.1133081912994385 6.035594463348389
5.663825511932373 6.564208279369808 2.032266139984131 2.1130051612854004
4.2271599769592285 6.682222506849257 2.397003650665283 3.245948553085327
3.1038339138031006 4.837183803313792 2.78456449508667 4.64958381652832
2.1183152198791504 4.362738151956448 3.0139834880828857 5.614457607269287
6.550131797790527 7.811007697776883 2.205383062362671 2.29899525642395
4.157433032989502 6.75406940392827 2.666555166244507 3.720532178878784
3.521777391433716 6.118105004025291 3.1554505825042725 5.54611349105835
2.7066245079040527 3.990581846962982 3.438326358795166 6.806887149810791
7.92246675491333 9.931060022059238 2.4826948642730713 2.5955286026000977
5.66494083404541 7.930103435532686 3.1002118587493896 4.480554580688477
4.61087703704834 9.004665441452131 3.7425949573516846 6.9537811279296875
4.512601375579834 7.36277340235314 4.103517055511475 8.657150268554688
6.248562335968018 7.269262030999215 2.5601696968078613 2.6674931049346924
4.998772144317627 6.762091708151274 2.9394004344940186 4.0906476974487305
2.8858232498168945 5.627811744507881 3.319828510284424 5.7657904624938965
3.3812718391418457 4.995221372071406 3.5389034748077393 6.89344596862793
7.454742431640625 8.875198546593333 2.7801051139831543 2.9248204231262207
5.637486934661865 7.5941512535769675 3.3211374282836914 4.810879707336426
3.9600138664245605 6.156757768742793 3.8512468338012695 7.101134777069092
3.4590694904327393 4.966011478561178 4.143368721008301 8.645025253295898
9.32883071899414 11.4818185419113 3.160189628601074 3.349209785461426
6.900096893310547 10.326051979337535 3.970248222351074 6.014843463897705
4.960457801818848 8.36297398754823 4.726424217224121 9.280476570129395
3.921964168548584 7.5044972908197 5.124013900756836 11.462624549865723
4.842500686645508 5.311876281639343 2.7428324222564697 3.0464699268341064
3.7428178787231445 6.388922179445501 3.89458966255188 5.438393592834473
2.7126553058624268 4.721629128982499 3.8464772701263428 6.864537715911865
2.4595024585723877 3.6189187617939496 3.9914042949676514 8.006779670715332
4.344421863555908 5.0982403702820465 3.044973373413086 3.4268746376037598
4.150575637817383 7.045477835613383 4.36337423324585 6.469181537628174
4.169106483459473 6.154673420152847 4.522591590881348 8.618271827697754
3.8518781661987305 5.645478351430974 4.749063014984131 10.245789527893066
6.868836402893066 7.754879295403953 3.57031512260437 4.0727033615112305
5.875589847564697 8.583190901048383 5.2159929275512695 8.212376594543457
4.185760021209717 7.663983959349025 5.658021450042725 11.509705543518066
3.0110535621643066 3.527518668272478 6.001392364501953 13.904558181762695
4.952551364898682 6.043396135742341 1.8565986156463623 1.9250038862228394
4.249309539794922 6.327382170648207 2.2013940811157227 2.9673380851745605
2.01849627494812 3.9142286571119147 2.5520684719085693 4.265905857086182
2.8730075359344482 5.638624220841734 2.756742477416992 5.203874111175537
5.514012336730957 6.789768271640241 1.9952032566070557 2.0766563415527344
3.8568954467773438 5.826481964824779 2.412790536880493 3.3482370376586914
3.5887773036956787 6.706288015372252 2.831880569458008 4.94409704208374
2.582571029663086 5.162849369608011 3.070409059524536 6.078779697418213
6.357321739196777 8.13164750963108 2.2049307823181152 2.3048038482666016
5.140525817871094 8.59274004861993 2.7349257469177246 3.924621105194092
3.7455623149871826 5.818358473030129 3.2531678676605225 5.955536842346191
3.632342576980591 6.593049099554264 3.535898447036743 7.373085975646973
6.052061557769775 7.323081414602939 2.3436224460601807 2.4420738220214844
4.396549224853516 6.514433048859857 2.8001444339752197 3.9225480556488037
3.675859212875366 6.789452476811647 3.225260019302368 5.734676837921143
2.641544818878174 5.2242253743656875 3.4557909965515137 7.018205165863037
6.763409614562988 8.332924768489057 2.5512027740478516 2.678717851638794
5.3225908279418945 7.470993187175964 3.1592519283294678 4.614455699920654
3.8712973594665527 6.051390000959259 3.7113795280456543 6.985684871673584
3.0302734375 5.727697472244472 3.994943141937256 8.616246223449707
8.0429048538208 10.130140063570764 2.886162281036377 3.0556182861328125
5.941408634185791 8.576734646799878 3.7431082725524902 5.739277362823486
4.548030853271484 6.59341244821735 4.485366344451904 8.967148780822754
3.4882924556732178 6.595608812018915 4.836589336395264 11.09809398651123
6.670179843902588 8.07509511405624 3.0518641471862793 3.1578831672668457
4.582266330718994 7.8979522395366075 3.5250813961029053 5.090064525604248
3.0078017711639404 5.759417050890967 3.9422860145568848 7.3335490226745605
1.9630777835845947 3.5066867463937683 4.1548614501953125 8.88545036315918
7.752824306488037 9.51662097616645 3.3236985206604004 3.486443519592285
5.88081169128418 9.690174586420198 4.059182167053223 6.182798385620117
3.6182870864868164 5.573846169962788 4.664405822753906 9.258191108703613
2.65435528755188 5.604349663720754 4.940899848937988 11.29079532623291
9.442667007446289 11.704640946481177 3.792030096054077 4.041239261627197
6.558803081512451 9.285765330917258 4.970321178436279 8.039518356323242
5.696155548095703 8.860093788068715 5.854446887969971 12.410487174987793
4.502086162567139 6.772179650101862 6.207582950592041 15.125845909118652
4.8567609786987305 5.59700786354585 3.1231446266174316 3.6281089782714844
4.520756244659424 7.055674282844713 4.342382907867432 6.425368309020996
3.1795880794525146 5.010503458823223 4.587772369384766 8.787938117980957
2.2400805950164795 4.636630615726016 4.742348670959473 10.471498489379883
5.895127296447754 6.039823846667332 3.5045297145843506 4.124797821044922
5.695308685302734 7.629025481092768 5.056477069854736 7.959752082824707
3.23697829246521 5.999782911289056 5.529977798461914 11.344882011413574
3.1209819316864014 5.917108781377991 5.746605396270752 13.585519790649414
7.086447238922119 8.21046739474285 4.179990768432617 4.995700836181641
6.700631141662598 10.14151619938957 6.316428184509277 10.641012191772461
4.4256439208984375 7.908871916627106 7.108468055725098 15.5837984085083
2.861107349395752 5.397876597830759 7.390832424163818 18.602558135986328
5.539266109466553 6.496202775981615 1.768040657043457 1.8411359786987305
4.41218376159668 6.956738341908327 2.176795482635498 2.9327900409698486
4.27043342590332 6.997786628292715 2.565865993499756 4.191351413726807
2.638115167617798 4.668484074330792 2.8057994842529297 5.1050801277160645
5.968006134033203 7.15645851060936 1.908560037612915 1.9936723709106445
4.0984721183776855 6.96280736546429 2.3941545486450195 3.294304370880127
4.336691856384277 6.471817504761248 2.8592934608459473 4.835942268371582
3.8624777793884277 6.9226931027614285 3.1375579833984375 5.952691078186035
6.7552947998046875 8.513998672613411 2.126732587814331 2.2283451557159424
5.558566570281982 9.549946996967492 2.728412389755249 3.8506805896759033
4.194287300109863 7.279539965519078 3.3057382106781006 5.828582763671875
3.455491781234741 5.410999124622776 3.6404166221618652 7.249864101409912
6.787654876708984 7.932349320635694 2.1262660026550293 2.2141335010528564
5.417300224304199 8.937512660295642 2.668073892593384 3.688788890838623
2.8629679679870605 5.038540887181256 3.160358190536499 5.429063320159912
3.2972235679626465 5.129019865607134 3.459324836730957 6.7020039558410645
7.385437488555908 8.786647858586548 2.3429999351501465 2.452117681503296
5.923252582550049 9.80552086386151 3.030186414718628 4.323148250579834
4.737909317016602 8.328215922273728 3.6598386764526367 6.593360424041748
4.299256324768066 6.950812206518648 4.019308567047119 8.214046478271484
8.53947639465332 10.691712350722923 2.7015552520751953 2.843266487121582
6.781005382537842 10.296218338166966 3.6218347549438477 5.378405570983887
5.020917892456055 8.894555625043267 4.458746433258057 8.496851921081543
4.256265163421631 6.820354671879613 4.91096830368042 10.654200553894043
7.4767889976501465 8.712747032471725 2.593622922897339 2.686007261276245
6.074304103851318 9.160392579486256 3.2194056510925293 4.535735607147217
4.368407726287842 7.782600528286483 3.749868869781494 6.690848350524902
3.434058427810669 6.2215963607563936 4.071181297302246 8.26137924194336
8.38459300994873 9.986128211444338 2.8811304569244385 3.009188175201416
5.878682613372803 9.582133872368274 3.7422173023223877 5.48891544342041
4.359382152557373 6.516072715828329 4.476377964019775 8.448637962341309
3.872499942779541 6.965555365090154 4.872263431549072 10.49622917175293
9.659565925598145 12.09290768232438 3.3903000354766846 3.5745511054992676
6.039355754852295 10.676681025059679 4.635961055755615 7.174134731292725
5.750605583190918 9.310831960442755 5.675415992736816 11.427167892456055
4.741199493408203 8.45915354618387 6.187124252319336 14.211880683898926
3.960932731628418 4.359472591765375 2.887087345123291 3.2935307025909424
5.3654398918151855 7.485250228206496 3.944913387298584 5.637147426605225
4.416250228881836 7.038680560689045 4.262898921966553 7.802422523498535
3.6094155311584473 6.382852729896888 4.559272289276123 9.5343599319458
6.663913726806641 7.190103243909789 3.2756166458129883 3.787482500076294
6.421642303466797 10.511963214512434 4.572580814361572 6.901537895202637
4.028497695922852 6.502828305344906 5.19253396987915 10.100111961364746
3.2948355674743652 5.518800884180564 5.566990852355957 12.393177032470703
7.2275190353393555 7.574376026234901 3.963714838027954 4.662751197814941
7.287652015686035 10.4031170511264 5.722322940826416 9.198182106018066
5.277054786682129 8.625894674262781 6.753728866577148 14.057316780090332
4.719732761383057 7.106301991807456 7.248896598815918 17.212560653686523
4.824301719665527 5.6441147090478125 1.7793114185333252 1.8334957361221313
4.071308612823486 6.8172634383025414 2.1152079105377197 2.7790896892547607
3.2393972873687744 5.976859063398365 2.481806755065918 3.9855403900146484
1.7803086042404175 3.4910978398237376 2.704378843307495 4.8882832527160645
5.404302597045898 6.48886252402869 1.9142072200775146 1.9762885570526123
4.360286235809326 7.868450385359665 2.317683696746826 3.1025748252868652
3.018714427947998 5.967725474924425 2.758366823196411 4.580189228057861
2.7131927013397217 3.5366400927822106 3.0211474895477295 5.686004161834717
6.5295939445495605 7.912742937125433 2.1202609539031982 2.1953139305114746
5.439868927001953 7.909481290434087 2.6283411979675293 3.6059277057647705
4.489475250244141 8.082478203758683 3.1762402057647705 5.488794326782227
3.815162181854248 6.419264188040302 3.49428391456604 6.886528968811035
5.971792221069336 6.968499353743653 2.125744581222534 2.1964519023895264
4.047360897064209 7.3157804583741495 2.591263771057129 3.5269358158111572
3.8369085788726807 6.2669858300236605 3.0776989459991455 5.2344512939453125
3.182819128036499 5.712181927086931 3.355384588241577 6.493542194366455
6.783642768859863 8.004150112006414 2.332479953765869 2.4184718132019043
5.087351322174072 8.23146010968123 2.9266090393066406 4.100101470947266
3.870185613632202 6.185152771381922 3.545454740524292 6.31582498550415
3.249650001525879 5.08352642212094 3.8883614540100098 7.93345832824707
8.116540908813477 9.8790923498293 2.667248010635376 2.7815699577331543
6.2128825187683105 7.322454222408375 3.4785821437835693 5.061038494110107
5.623458385467529 9.53868108055029 4.300643444061279 8.078369140625
4.3791069984436035 7.342171822734599 4.734572410583496 10.227158546447754
6.499384880065918 7.585989876842291 2.5507988929748535 2.6488845348358154
4.73552131652832 7.910373608652478 3.125363349914551 4.375515937805176
4.276829242706299 7.440373418497003 3.690145254135132 6.546469211578369
2.245954990386963 3.793801640298423 3.992527723312378 8.106846809387207
7.754418849945068 9.103883155224665 2.8279314041137695 2.9505598545074463
5.277583122253418 8.16185614691733 3.61118483543396 5.247794151306152
4.972825050354004 8.55684518363637 4.368281841278076 8.191446304321289
4.000547409057617 6.928012809596112 4.757128715515137 10.263679504394531
9.384751319885254 11.410182894783958 3.301668882369995 3.4729952812194824
6.2897257804870605 9.592361313738365 4.4532270431518555 6.793806076049805
5.607789039611816 8.503077816247739 5.517772197723389 10.985433578491211
3.819230318069458 6.139268309236741 6.026242256164551 13.814959526062012
4.82125186920166 5.118344181640055 2.768415927886963 3.22194504737854
4.348865509033203 7.147169592852784 3.84747576713562 5.548146724700928
3.1645102500915527 5.151687105958555 4.248760223388672 7.752289295196533
2.484382390975952 4.173205514807719 4.52879524230957 9.473766326904297
5.920105934143066 6.071191898851033 3.1442737579345703 3.674607038497925
5.737856388092041 8.432510998425414 4.471935749053955 6.750469207763672
3.680528163909912 7.104179085762707 5.12106466293335 9.926041603088379
3.410386562347412 5.518503877824401 5.494517803192139 12.26541519165039
7.494892597198486 8.727344905695645 3.7979793548583984 4.4843902587890625
6.951966285705566 9.305426627320173 5.599545478820801 8.922160148620605
5.283981800079346 8.864221762977913 6.63458251953125 13.685140609741211
4.231253623962402 6.180678308584692 7.139247417449951 16.927099227905273
4.689572334289551 5.403233494001313 1.694027066230774 1.7491329908370972
4.443216323852539 7.386225465111011 2.0103938579559326 2.6514129638671875
3.6852335929870605 6.602316830943749 2.376049041748047 3.7869296073913574
2.626364231109619 5.5231147477670675 2.6138739585876465 4.5931715965271
5.2890191078186035 6.340439967651037 1.818043828010559 1.879185438156128
4.934499740600586 8.281001087917872 2.1884055137634277 2.9305646419525146
3.89908504486084 7.763628968235025 2.6191468238830566 4.289259910583496
2.7784671783447266 6.218459680426065 2.8977062702178955 5.266520977020264
6.418331146240234 7.749414216555124 2.012631893157959 2.0842792987823486
5.582889556884766 9.728885935890503 2.4679408073425293 3.3679723739624023
4.488829612731934 7.386297146441942 2.99678897857666 5.067315101623535
3.2715446949005127 6.657821557915764 3.333927631378174 6.2964253425598145
5.528592586517334 6.4580715337860966 2.0224974155426025 2.090932846069336
4.338515281677246 7.6022857446642575 2.4174842834472656 3.2813880443573
3.6848936080932617 7.1769914906111225 2.8871567249298096 4.854436874389648
1.890371322631836 3.3732471045204875 3.202669143676758 5.98776388168335
6.630082130432129 7.857629343117708 2.216857433319092 2.2967216968536377
5.103513240814209 8.137288535903622 2.7132489681243896 3.7681517601013184
3.148611545562744 4.527658226681119 3.3006439208984375 5.756181240081787
3.0728957653045654 4.891073460184117 3.685009479522705 7.197145938873291
7.943051338195801 9.702406505782594 2.544196367263794 2.6452410221099854
6.269954204559326 10.130550199811353 3.2155559062957764 4.594590187072754
4.415338039398193 7.1386785241684265 3.9911506175994873 7.25808048248291
4.306829929351807 7.405698675182407 4.4771904945373535 9.16968822479248
6.078329086303711 7.151663081882353 2.462904930114746 2.522292137145996
4.885868072509766 8.349581698156513 2.863171100616455 3.9744467735290527
2.967517852783203 4.858698925614135 3.378394842147827 5.941559791564941
2.601564407348633 4.309208974417174 3.7702579498291016 7.38233757019043
7.363728046417236 8.758140944818024 2.7241134643554688 2.8084728717803955
5.430324077606201 8.422774291497262 3.2813453674316406 4.697948455810547
4.223565578460693 6.980575378008735 3.9772322177886963 7.296984672546387
3.5609331130981445 5.787130245136254 4.465725421905518 9.186287879943848
8.824091911315918 10.781424423598622 3.192110061645508 3.3176138401031494
6.813135623931885 10.284800097330276 4.039955139160156 6.001885414123535
4.770505905151367 8.215396291967267 5.029371738433838 9.66178035736084
4.259297847747803 7.1681845818781085 5.655697822570801 12.235307693481445
4.685265064239502 5.411377596079639 2.6450846195220947 2.9844260215759277
5.50314474105835 8.856143622165519 3.5333874225616455 5.027354717254639
4.049105644226074 7.573746603722611 3.79052996635437 6.897481918334961
2.6190342903137207 3.4750876163219715 4.24001407623291 8.555723190307617
5.497274875640869 6.279089039129488 2.966325521469116 3.370838165283203
5.042737007141113 8.215451331522445 4.05365514755249 5.991119861602783
4.107815742492676 5.955691023068539 4.553028583526611 8.67304515838623
4.015581130981445 6.628845882817583 5.119206428527832 10.881208419799805
7.784132480621338 8.387856463671824 3.5374560356140137 4.065822601318359
6.987022876739502 10.58953658170958 5.026963233947754 7.737112998962402
6.461501121520996 10.71911348191557 5.933527946472168 11.830801963806152
3.3184244632720947 5.902360168190826 6.65460205078125 14.868093490600586
5.201766014099121 6.1695769511277945 1.6937378644943237 1.7487142086029053
5.338730335235596 8.24419768181305 2.0110924243927 2.631639003753662
4.175943374633789 7.741908070633059 2.3642337322235107 3.707622528076172
3.25516676902771 5.981975951332629 2.57427978515625 4.457269191741943
5.704086780548096 6.87653066672172 1.8243451118469238 1.887241005897522
4.959132671356201 7.216748946503554 2.202767848968506 2.9347336292266846
3.7798759937286377 7.284606174553009 2.6245288848876953 4.249798774719238
3.7652463912963867 5.090690315370836 2.8699662685394287 5.173765182495117
6.533470153808594 8.299119775795589 2.032144546508789 2.1076009273529053
6.030638217926025 8.850786750904689 2.5079643726348877 3.4241950511932373
4.768263816833496 7.195083209520718 3.033036231994629 5.120046615600586
4.5293869972229 7.094010191170284 3.3268609046936035 6.306976318359375
6.411834716796875 7.456961998016709 2.0367202758789062 2.112013578414917
5.388075828552246 8.925602531412716 2.45950984954834 3.3127951622009277
4.064322471618652 6.365049126365875 2.911423444747925 4.79205322265625
2.4656600952148438 3.9656049223426635 3.1661760807037354 5.820225238800049
7.07821798324585 8.435661776153129 2.244701862335205 2.3360376358032227
5.637871742248535 8.048084615365191 2.7878353595733643 3.85980224609375
4.429986953735352 8.162418827923467 3.3657071590423584 5.7951178550720215
3.285459041595459 6.047286325970408 3.678917646408081 7.135669231414795
8.234393119812012 10.278000213859997 2.6016106605529785 2.7195987701416016
5.948520660400391 9.273079300985643 3.355879783630371 4.821127891540527
4.348897933959961 8.364465029835458 4.135251522064209 7.529385089874268
4.266580104827881 6.908615547113818 4.5277228355407715 9.361090660095215
6.865164279937744 8.026839350325497 2.5165088176727295 2.610438108444214
5.635544300079346 7.823768058414203 2.994849681854248 4.129735946655273
4.466856002807617 6.609766396004488 3.4793853759765625 5.9469780921936035
3.420305013656616 6.141804999444275 3.7430524826049805 7.193516254425049
7.967869281768799 9.498725337619575 2.793511390686035 2.9168217182159424
5.880392074584961 9.313477535016773 3.4733877182006836 4.967602729797363
5.396135330200195 8.086046245381706 4.149893283843994 7.487736701965332
3.4776875972747803 5.917201351532128 4.492112159729004 9.181013107299805
9.789130210876465 12.02947769700495 3.308023691177368 3.482219934463501
7.352330684661865 12.02764587751173 4.360185623168945 6.53892707824707
5.237062931060791 8.316729455374489 5.347882270812988 10.2820405960083
3.3033101558685303 5.3773785329306065 5.791171073913574 12.684338569641113
4.4188103675842285 4.643536568037121 2.6637039184570312 3.0113978385925293
4.998729705810547 7.9818710099680175 4.022871017456055 5.830227375030518
3.008692502975464 5.363225927319007 4.007426738739014 7.047407150268555
3.6114468574523926 6.871304745186535 4.223079681396484 8.358945846557617
5.448063850402832 5.978726328665628 3.0336079597473145 3.460087776184082
5.743900299072266 9.761325147734954 4.615374565124512 6.969638824462891
5.098212242126465 8.189994411712178 4.868255138397217 9.081610679626465
3.5191547870635986 5.970645103046792 5.175899982452393 10.936539649963379
7.647443771362305 8.056029313601972 3.719193458557129 4.300230503082275
6.980841636657715 9.255935119366768 5.762929916381836 9.119132041931152
5.920577049255371 9.049077212630891 6.457859039306641 12.860703468322754
4.021914005279541 6.136073187685909 6.875041484832764 15.570517539978027
4.337991714477539 5.302491318518378 1.8022289276123047 1.8672081232070923
3.9451675415039062 7.136851589158084 2.1807000637054443 2.9460291862487793
2.5317389965057373 4.324179263065844 2.576519012451172 4.266557693481445
1.9865309000015259 4.385804691581711 2.806795597076416 5.203224182128906
5.102283000946045 6.254737236852758 1.9370461702346802 2.0121045112609863
4.309072971343994 7.239563592295866 2.3908181190490723 3.30009388923645
3.4201500415802 5.980634144879787 2.8697738647460938 4.91856050491333
2.7590620517730713 5.194285694112787 3.1434326171875 6.0731987953186035
6.281761646270752 8.086828146750577 2.141739845275879 2.232933759689331
5.006789684295654 8.662842057597352 2.711568593978882 3.84853196144104
3.85933256149292 7.1632329909627614 3.312067985534668 5.91432523727417
4.112538814544678 5.440793590084962 3.6451609134674072 7.382384300231934
5.103649616241455 6.245137866060588 2.191312551498413 2.2867860794067383
3.387096881866455 5.5821865143923475 2.685129404067993 3.7439522743225098
3.1636836528778076 5.6703472898386735 3.195338010787964 5.612029552459717
1.4136755466461182 2.5241517818916606 3.493882894515991 6.940773010253906
6.253756999969482 7.6817153814467645 2.398956537246704 2.510155200958252
4.823884010314941 7.909357634492608 3.0381407737731934 4.372661113739014
3.5277907848358154 7.29477475531111 3.698030710220337 6.795329570770264
3.8805580139160156 6.126040147680367 4.068037033081055 8.509897232055664
7.793862342834473 9.799988640012543 2.73230242729187 2.8735010623931885
6.342274188995361 10.206531975074967 3.6155688762664795 5.417593479156494
4.0823798179626465 8.059085652175298 4.509432792663574 8.718660354614258
4.086747169494629 5.726921916891342 4.978137969970703 11.00622844696045
5.63636589050293 6.921185844143153 2.701974630355835 2.900785446166992
3.8993287086486816 7.084628505566798 3.2628092765808105 4.6629791259765625
2.4983389377593994 4.241967406663662 3.8104238510131836 6.996679306030273
1.679036021232605 3.5232172054049897 4.146528244018555 8.659100532531738
7.0132646560668945 8.661539238415287 2.9819438457489014 3.1981799602508545
5.128245830535889 8.161983368895338 3.776664972305298 5.619736194610596
4.075955867767334 6.560068695665013 4.546350955963135 8.78617000579834
3.51838755607605 6.079568971627538 4.9763078689575195 10.994735717773438
9.010555267333984 11.21564779282094 3.4512102603912354 3.7138822078704834
6.418519973754883 10.829848544755208 4.665692329406738 7.2952775955200195
4.903958797454834 8.109401881322015 5.794455528259277 11.817831039428711
4.329653739929199 6.345996098796832 6.351037502288818 14.835651397705078
3.9582247734069824 4.812572843894827 2.886354923248291 3.3708605766296387
4.62291955947876 8.04395534883173 4.081185340881348 5.96937894821167
2.8749008178710938 5.2548038250956 4.357589244842529 8.235546112060547
1.3198102712631226 2.9445854285225437 4.672801971435547 10.07487964630127
5.608027458190918 5.927047561162567 3.259171485900879 3.8227896690368652
3.4192941188812256 6.1977411613562055 4.767435550689697 7.3340559005737305
3.7867507934570312 6.090288726272384 5.304715156555176 10.586670875549316
2.778428316116333 5.123074001740463 5.725322246551514 13.076587677001953
7.515659809112549 8.103636456820581 3.901991128921509 4.620794773101807
5.913461685180664 10.44620568180892 5.975921630859375 9.72923755645752
4.608889579772949 8.056691575997139 6.959990501403809 14.652603149414062
4.665024280548096 6.584163493574977 7.51678991317749 18.09637451171875
4.835242748260498 6.1339011527506955 1.7547701597213745 1.837224006652832
3.868905782699585 7.067544406404295 2.188805103302002 3.0551517009735107
2.7404916286468506 4.9409206402802965 2.6121490001678467 4.479062080383301
1.7485064268112183 2.923092027453123 2.8448171615600586 5.485189437866211
5.534878730773926 6.995997292109678 1.8962212800979614 1.9899498224258423
4.463692665100098 7.014876165734108 2.4143364429473877 3.4523870944976807
2.6196374893188477 6.060298349454342 2.9228954315185547 5.214188098907471
2.344496011734009 4.923166762463865 3.197848320007324 6.4639482498168945
6.469479084014893 8.290576026169049 2.1156270503997803 2.2290072441101074
4.626595497131348 8.482807264112125 2.7649753093719482 4.0779643058776855
3.7579524517059326 6.702828746673788 3.401625156402588 6.346134185791016
3.655604124069214 6.957540889665324 3.735830068588257 7.949787139892578
6.171970844268799 7.595207192272028 2.060275077819824 2.1629583835601807
5.021662712097168 8.315148884792826 2.6437244415283203 3.8235905170440674
3.4943602085113525 5.768266134214457 3.232938766479492 5.872875213623047
2.518637180328369 4.171964256599949 3.5443594455718994 7.318775177001953
6.913109302520752 8.582255008415132 2.277249336242676 2.401031732559204
3.815758466720581 6.822688790847906 3.013774871826172 4.517311096191406
3.5481760501861572 7.094448459397071 3.7531282901763916 7.183899402618408
3.3233461380004883 6.274839666499474 4.1351752281188965 9.053757667541504
8.05147933959961 10.171984751763773 2.6343910694122314 2.797543525695801
5.219719409942627 6.279878899739533 3.6278796195983887 5.6826605796813965
4.683535575866699 8.09547746847602 4.601901054382324 9.315000534057617
3.1613881587982178 5.021860196395387 5.0876569747924805 11.822314262390137
6.790721416473389 8.361653124348052 2.402879476547241 2.5234506130218506
4.716097831726074 8.208052654860495 3.0947189331054688 4.606550216674805
3.0281262397766113 5.401006676058759 3.8346240520477295 7.270849704742432
2.3644707202911377 4.361916695554782 4.208536624908447 9.11916446685791
7.794053554534912 9.667345043859314 2.6913294792175293 2.847639322280884
5.415869235992432 9.184408922481001 3.610856056213379 5.629824638366699
4.340269565582275 8.17853502474918 4.567911624908447 9.202634811401367
3.49147367477417 5.548185842381088 5.040265083312988 11.644969940185547
9.201689720153809 11.524199643797147 3.1926488876342773 3.415678024291992
6.496346473693848 10.516511311126507 4.517872333526611 7.431280612945557
4.645913124084473 6.95560346116531 5.815672874450684 12.438159942626953
3.8932504653930664 6.26871089505218 6.429823398590088 15.764266014099121
4.220983028411865 4.591259731159875 2.7672348022460938 3.3095383644104004
4.303049087524414 5.9988133236875 3.535675048828125 5.3585381507873535
3.8385891914367676 6.540840569779448 4.336424350738525 8.45167064666748
2.8766183853149414 4.619575502754742 4.7415266036987305 10.585525512695312
5.2826948165893555 6.052501586477131 3.1549460887908936 3.803765058517456
4.637748718261719 8.050680847770025 4.167018413543701 6.68379545211792
3.3578054904937744 5.748200036772685 5.2422308921813965 10.913461685180664
2.7816162109375 4.891080973570979 5.767978668212891 13.762273788452148
7.0222554206848145 7.257146335648827 3.8422133922576904 4.6710004806518555
6.318784713745117 10.398634847219313 5.327038288116455 9.083147048950195
4.090641498565674 7.004124089140504 6.829514980316162 15.094634056091309
4.029965400695801 5.423109915630903 7.5203022956848145 18.978309631347656
4.309803009033203 5.245762932244313 1.9949053525924683 2.0823724269866943
3.341991901397705 5.788300329998492 2.4537339210510254 3.3406081199645996
2.5299487113952637 4.993845762410501 2.837226629257202 4.661896705627441
2.6761937141418457 4.746419996125951 3.024028778076172 5.555421352386475
5.319465160369873 6.655367449657703 2.148709535598755 2.2552809715270996
3.637221336364746 6.566734528844677 2.703829765319824 3.8039073944091797
3.1466238498687744 6.392823467670269 3.1695525646209717 5.480109691619873
3.491888999938965 6.862175077058055 3.3936643600463867 6.61456823348999
6.740961074829102 8.745995048248915 2.387690782546997 2.519165515899658
5.670010089874268 8.997615356678466 3.091466188430786 4.503790855407715
4.556544303894043 7.094984656849192 3.679476499557495 6.700863361358643
3.594909191131592 6.737834033493755 3.9536662101745605 8.175198554992676
5.234532356262207 6.407445765362354 2.6215269565582275 2.740016460418701
4.782222270965576 7.775758317313802 3.2970049381256104 4.6073198318481445
1.8505761623382568 2.9751009564954245 3.7949531078338623 6.550894260406494
2.0456039905548096 4.641043165132714 3.991375207901001 7.812333106994629
6.511434555053711 8.204641297197043 2.8648319244384766 3.0215187072753906
5.330989360809326 9.357954264213296 3.746476888656616 5.483865737915039
3.1522469520568848 5.707027123491947 4.400360584259033 8.110723495483398
2.2960472106933594 3.671892878602307 4.65480375289917 9.785584449768066
8.312814712524414 10.644300335915917 3.275622606277466 3.4890835285186768
6.137876510620117 8.52519906096677 4.495002269744873 6.916390419006348
5.277786731719971 7.884408609270167 5.386889934539795 10.570459365844727
4.8885393142700195 8.164446204475098 5.714905261993408 12.824869155883789
5.714643955230713 7.033137735086655 3.3547556400299072 3.524683713912964
4.146903038024902 6.562361635608795 4.342449188232422 6.202810287475586
3.062683582305908 6.066457168535358 4.893513202667236 8.735611915588379
2.356511116027832 4.303880733968697 5.038867950439453 10.282129287719727
7.3125410079956055 9.133872565711265 3.7078468799591064 3.9349279403686523
5.465706825256348 8.413299815662072 5.044674396514893 7.622339248657227
4.177128791809082 6.769909743000255 5.828305721282959 11.197076797485352
3.008776903152466 6.099764107463059 6.040289402008057 13.307806015014648
9.392707824707031 11.710548886678152 4.333751201629639 4.662967205047607
6.028126239776611 9.189447710764853 6.274524688720703 10.065350532531738
5.625922679901123 9.162951931804535 7.407381534576416 15.19328784942627
4.043475151062012 6.667394702487115 7.689450263977051 18.04456901550293
3.700286865234375 4.281194931382743 3.7838706970214844 4.190764427185059
4.3846282958984375 7.345479698862363 5.344034671783447 7.914037704467773
2.794475793838501 5.028170202538515 5.9264750480651855 10.812315940856934
2.028947353363037 3.7136322511564472 5.9686503410339355 12.469244003295898
5.230936050415039 6.0676351125528285 4.270533561706543 4.829272270202637
4.656699180603027 7.679431596598107 6.333316802978516 9.934881210327148
3.955430507659912 6.611997532747864 7.163629055023193 14.101780891418457
2.6960723400115967 4.266909607994251 7.274103164672852 16.421295166015625
6.166543960571289 6.61518788006191 5.139643669128418 5.96368932723999
7.017115592956543 10.468927925857713 8.064315795898438 13.486026763916016
4.4971771240234375 6.585359736799186 9.294240951538086 19.513412475585938
4.144231796264648 7.41469048440797 9.451864242553711 22.63882827758789
5.187753677368164 6.130811896649902 2.001134157180786 2.0624396800994873
4.279290676116943 6.903594456003248 2.391756057739258 3.177877187728882
3.296478748321533 5.446245950539072 2.8208608627319336 4.613132953643799
2.3726508617401123 4.81320856169954 3.066706418991089 5.661264419555664
5.632882118225098 6.8234097767048745 2.162518262863159 2.2326087951660156
4.9995951652526855 8.140183897804922 2.65238881111145 3.6064159870147705
3.5469558238983154 6.197861439866301 3.184720754623413 5.405725479125977
3.309105634689331 6.797649114950332 3.483747720718384 6.722336292266846
6.627973556518555 8.22758366935443 2.4052956104278564 2.493086099624634
5.148431301116943 7.4286811737910625 3.046032428741455 4.2722249031066895
4.69973087310791 6.874941289778917 3.727407693862915 6.613502502441406
4.528356075286865 7.518373123603414 4.096806526184082 8.303204536437988
6.245896816253662 7.401658349458103 2.607247829437256 2.703059434890747
4.769794464111328 7.566763767090379 3.219194173812866 4.446315765380859
3.025620222091675 5.725341778559425 3.830601215362549 6.660617351531982
2.9106504917144775 5.544831629123621 4.14312219619751 8.22348403930664
7.082701206207275 8.497072371604578 2.8572638034820557 2.9725723266601562
6.115284442901611 9.840885657084073 3.69077467918396 5.289973258972168
3.2756733894348145 6.158564057468652 4.504622936248779 8.247518539428711
3.7899773120880127 5.728114514532493 4.908788204193115 10.308921813964844
8.419649124145508 10.380501576162715 3.256565809249878 3.4123315811157227
5.1777544021606445 7.950638441522571 4.444933891296387 6.677677631378174
4.951581001281738 8.120544410223744 5.559702396392822 10.760599136352539
3.9575555324554443 6.126092705127717 6.083374977111816 13.51082706451416
6.779786586761475 8.072578004594092 3.2986502647399902 3.4494965076446533
5.194122314453125 8.114427386106392 4.20793342590332 6.041737079620361
2.888366222381592 5.055581187499882 4.963656902313232 9.038713455200195
3.1658105850219727 5.084084738865435 5.304421424865723 11.060776710510254
7.9195637702941895 9.499459976686467 3.635265827178955 3.836430072784424
4.54929256439209 7.878380628739137 4.948130130767822 7.45343017578125
4.405801773071289 6.165513379388983 6.017425537109375 11.631787300109863
2.604228973388672 4.514780525243623 6.479804039001465 14.370909690856934
9.793197631835938 11.871256103854964 4.218245506286621 4.509578227996826
7.254227161407471 10.927080814536936 6.1951212882995605 9.889250755310059
5.0334153175354 7.539565202823894 7.722246170043945 15.8325777053833
3.775192975997925 6.3706053299499 8.329268455505371 19.506410598754883
5.213714599609375 5.5856559556327525 3.7561473846435547 4.188847064971924
4.579533576965332 6.686192728482695 5.173152923583984 7.8640289306640625
2.803082227706909 5.538937169352494 5.996891021728516 11.294380187988281
2.2932465076446533 4.774587301932904 6.317230701446533 13.56873607635498
5.86555290222168 6.246435945048887 4.314934730529785 4.887640953063965
5.1205525398254395 8.328803688180074 6.192797660827637 9.85094928741455
3.461374044418335 5.241602391835386 7.3986496925354 14.800464630126953
3.341952085494995 5.739543695145585 7.857725620269775 17.947681427001953
7.381251811981201 7.755526311371341 5.1971282958984375 6.003413677215576
5.369635581970215 7.321836237300431 7.961076736450195 13.403223037719727
5.70485258102417 8.380867545438305 9.710991859436035 20.545738220214844
5.4154534339904785 8.564514315323208 10.31322193145752 24.758264541625977
5.1070027351379395 6.219722513628128 2.0300326347351074 2.112222671508789
4.273420810699463 7.52308233978894 2.432292938232422 3.333101272583008
3.172882556915283 6.144455699778121 2.7637104988098145 4.628256797790527
2.0858287811279297 3.6250540012624697 2.9266161918640137 5.490112781524658
5.738438606262207 7.0108759736128174 2.195556879043579 2.292858600616455
5.056852340698242 8.93622734596218 2.689476251602173 3.7879793643951416
2.567384958267212 5.278430409933094 3.0957305431365967 5.398436546325684
2.498771905899048 5.2275870344020845 3.289302110671997 6.463870048522949
6.567672252655029 8.278859647717582 2.4583427906036377 2.579176664352417
4.217947006225586 8.00200702399647 3.0900979042053223 4.494096755981445
3.7871785163879395 5.804109521500578 3.6011106967926025 6.575623035430908
3.859386920928955 6.413860555280962 3.834977865219116 7.9392499923706055
6.118322372436523 7.3777414360473585 2.694957971572876 2.816810131072998
4.793011665344238 7.895833864567862 3.259951591491699 4.642674446105957
2.8484203815460205 5.215640501854182 3.639922857284546 6.465229034423828
3.2664105892181396 6.244712147861492 3.791443109512329 7.621013164520264
6.858493328094482 8.335633040057004 2.9594473838806152 3.114651679992676
5.2656426429748535 9.221038409172763 3.7192842960357666 5.511129856109619
3.3133697509765625 5.98375703273382 4.233285427093506 7.923757076263428
3.6408321857452393 6.568610787962655 4.429018974304199 9.424006462097168
8.074504852294922 10.036026815749665 3.4035558700561523 3.6154754161834717
5.830826282501221 9.970005631032379 4.469775199890137 6.932639122009277
4.401476860046387 8.156376877970615 5.170985698699951 10.239883422851562
3.4033000469207764 5.459721812089924 5.422492980957031 12.233881950378418
6.454286575317383 7.7732380602445925 3.391371965408325 3.60697865486145
4.749270915985107 6.907075388257795 4.209092140197754 6.200546741485596
2.4804024696350098 4.265395790642486 4.582432270050049 8.490116119384766
3.0218913555145264 4.444257939913014 4.678637981414795 9.85219669342041
7.493824481964111 9.127357681350354 3.7708842754364014 4.049701690673828
5.63571834564209 9.760600317064927 4.908500671386719 7.599233150482178
3.4474480152130127 6.198816099177693 5.4696478843688965 10.753844261169434
3.264847755432129 5.925255307972293 5.614464282989502 12.568272590637207
9.003789901733398 11.119253276592538 4.431649684906006 4.827418327331543
6.328249931335449 9.213260067102055 6.084596157073975 9.953550338745117
4.817464351654053 7.679695919117808 6.898170471191406 14.389904022216797
4.18467378616333 6.716994332126916 7.093832492828369 16.833660125732422
4.143766403198242 4.618815430961945 3.8726210594177246 4.419436454772949
4.804548740386963 8.035866449718014 5.059728145599365 7.67176628112793
1.9186570644378662 3.693051128348202 5.410046100616455 10.292226791381836
1.2108345031738281 1.908875285038505 5.426546573638916 11.74344539642334
6.248380184173584 6.671666196881397 4.439526081085205 5.067364692687988
4.535372257232666 6.298827654057277 5.995519161224365 9.587570190429688
3.9532651901245117 6.878562933532308 6.555787086486816 13.283300399780273
3.1226563453674316 5.916108517580028 6.6187262535095215 15.242116928100586
7.303864479064941 8.392264227662963 5.382669925689697 6.519349575042725
6.449624061584473 9.519651618625517 7.585966110229492 12.881431579589844
4.041460990905762 6.357001481525899 8.421256065368652 18.084043502807617
3.7948665618896484 6.974107067213858 8.512331008911133 20.722957611083984
5.118539810180664 6.150206445093772 1.928743839263916 2.0104005336761475
4.860522747039795 7.610024066424614 2.399207830429077 3.3317477703094482
2.9541656970977783 6.166933560163283 2.842697858810425 4.799256324768066
2.226787567138672 4.846888604234664 3.0554139614105225 5.751486778259277
5.728759288787842 6.986106152368876 2.0895159244537354 2.187765598297119
4.918146133422852 8.427322614750665 2.6640398502349854 3.8240933418273926
3.7350425720214844 6.744769407812186 3.1968531608581543 5.680344104766846
2.4074180126190186 4.879287910417872 3.4436445236206055 6.877185344696045
6.634207725524902 8.357663772283146 2.3335118293762207 2.4586117267608643
5.615651607513428 9.047223594242777 3.076209783554077 4.591065883636475
3.3084652423858643 5.930056580251403 3.7470102310180664 7.032958507537842
3.143522262573242 5.631954755178975 4.042623996734619 8.580436706542969
6.225571632385254 7.387325636044821 2.4109420776367188 2.5298755168914795
4.382375717163086 7.021083493283654 3.0853569507598877 4.48060417175293
3.0730409622192383 5.371682922106629 3.676165819168091 6.608963489532471
2.096752643585205 3.518881582514812 3.9316093921661377 7.954995632171631
6.985190391540527 8.577247357468124 2.657045602798462 2.811551094055176
5.800644874572754 9.265503420653383 3.5387558937072754 5.37668514251709
4.047650337219238 6.650118616765212 4.295131206512451 8.227523803710938
2.2580528259277344 4.844877655844179 4.608896255493164 10.005614280700684
8.333468437194824 10.560825472333928 3.0538063049316406 3.2682313919067383
6.263844966888428 10.109062231810867 4.2882513999938965 6.8570332527160645
4.779874801635742 8.465517307249057 5.307974338531494 10.837323188781738
3.0115232467651367 5.341524710152244 5.709686756134033 13.239228248596191
6.650587558746338 7.9397363524587945 3.0799219608306885 3.2328884601593018
4.8177714347839355 7.709028034670821 3.9030885696411133 5.84436559677124
3.618612051010132 6.380113904531726 4.55010986328125 8.547567367553711
2.4370648860931396 4.826170055403537 4.804007053375244 10.212886810302734
7.803748607635498 9.7000132507344 3.411125421524048 3.630858898162842
5.744207859039307 9.53513233610903 4.568029403686523 7.239090919494629
3.4492990970611572 6.579441140478281 5.461409568786621 11.003179550170898
3.371638774871826 6.163650605917952 5.795109272003174 13.268954277038574
9.668974876403809 12.19545816871073 3.971428871154785 4.305487155914307
7.028726100921631 9.657195779295165 5.718564987182617 9.607207298278809
5.140884876251221 9.012090343143171 6.999989032745361 15.039200782775879
4.042325019836426 7.130933722022434 7.449243545532227 18.160371780395508
5.417083263397217 6.272269705652192 3.594733953475952 4.067356109619141
5.409701347351074 8.112254103793703 4.867520809173584 7.451930522918701
3.4068048000335693 6.155095837239671 5.3468708992004395 10.307266235351562
1.7280921936035156 2.6246714234666797 5.5361409187316895 12.120760917663574
5.490179061889648 6.382386058803718 4.091763496398926 4.735635757446289
6.047850608825684 10.187234669569875 5.780141830444336 9.428174018859863
4.041402816772461 7.05480025784891 6.515825271606445 13.517069816589355
3.1564443111419678 5.353288075915714 6.798195838928223 16.034862518310547
7.606180191040039 8.287247082708689 4.934911251068115 5.858374118804932
7.311058044433594 11.020396651756244 7.333619594573975 12.733377456665039
5.280564308166504 8.946036532098049 8.520716667175293 18.790128707885742
4.422267913818359 7.717273615251614 8.926790237426758 22.30025291442871
4.798527240753174 6.064806876756165 1.7876765727996826 1.8478225469589233
2.151292324066162 4.445949992002625 2.1286728382110596 2.848414421081543
3.0497286319732666 5.92712323298565 2.4422895908355713 3.9902281761169434
1.7671620845794678 3.342453775574427 2.6072120666503906 4.769341945648193
5.3899827003479 6.764432919144042 1.9250115156173706 1.9944828748703003
3.8492980003356934 6.654933232283547 2.332239866256714 3.1848812103271484
2.959754228591919 4.994543086357453 2.703401803970337 4.566196918487549
2.8635988235473633 5.093077771920832 2.891402006149292 5.50825309753418
6.345759868621826 8.09689057047542 2.1503546237945557 2.2360615730285645
4.788562297821045 8.414519169154119 2.655712127685547 3.725320339202881
3.9224579334259033 6.369023654075136 3.102144241333008 5.464400291442871
3.2336173057556152 6.656519076355494 3.3151626586914062 6.634536266326904
5.72163200378418 7.122854610585236 2.2110235691070557 2.291297197341919
4.236257553100586 7.130462417632771 2.6514666080474854 3.663607358932495
2.2518293857574463 5.062725283854917 3.023468017578125 5.223664283752441
1.8174902200698853 3.851248341603423 3.204585075378418 6.284732818603516
6.6087212562561035 8.203551161127848 2.428927183151245 2.5242087841033936
4.864306449890137 8.809564693944424 2.998814344406128 4.269915580749512
3.097275972366333 5.993988398724468 3.4685704708099365 6.270279407501221
2.4289026260375977 4.454962793526697 3.6818106174468994 7.6085004806518555
7.830178737640381 9.804437846915619 2.8234434127807617 2.9529430866241455
5.4887189865112305 8.292828144617033 3.5944581031799316 5.325636386871338
3.574472427368164 6.716513020178695 4.192680358886719 7.997848987579346
2.88637375831604 4.552675075433026 4.435974597930908 9.728504180908203
6.290470123291016 7.786630664208587 2.7937231063842773 2.9429681301116943
5.508016586303711 9.075359458011008 3.256707191467285 4.643438339233398
3.0686326026916504 6.65681427290272 3.6191329956054688 6.527868747711182
2.5208380222320557 4.841476284389444 3.7833542823791504 7.805787086486816
7.373022079467773 9.07975406815213 3.0966100692749023 3.2666053771972656
5.13167667388916 7.641952465123609 3.770115613937378 5.574079990386963
4.062084674835205 7.879508078010531 4.267238140106201 8.108832359313965
3.4465479850769043 6.356538455975283 4.466092109680176 9.76197338104248
8.839787483215332 10.85220661144065 3.6854541301727295 3.9182989597320557
5.662539482116699 7.887875906159238 4.689081192016602 7.27192497253418
3.8649115562438965 5.92129121670904 5.362293720245361 10.796788215637207
3.8506672382354736 5.330340495673099 5.587066650390625 12.97894287109375
5.319460868835449 6.605912031686561 3.0241477489471436 3.390413999557495
4.074160575866699 7.0181307401989415 3.9120025634765625 5.788514614105225
2.8356943130493164 5.137607142577053 4.14059591293335 7.6926703453063965
2.5727450847625732 3.707371100057827 4.258064270019531 9.074806213378906
5.982424736022949 7.095155528747284 3.3837039470672607 3.862342119216919
4.972232818603516 8.112526709983399 4.581789016723633 7.043131351470947
3.1918773651123047 4.37987674292647 4.969933032989502 9.75653076171875
3.055513381958008 5.405927135983774 5.1172590255737305 11.571892738342285
8.058411598205566 9.702276310169509 4.101467132568359 4.761516571044922
6.559228420257568 6.875945585911184 5.794815540313721 9.34072494506836
3.563892126083374 6.9477867555931425 6.394413471221924 13.302143096923828
3.5300421714782715 6.465346453823486 6.557541370391846 15.725725173950195
4.876020431518555 5.593106296350783 1.9513331651687622 2.0157878398895264
3.933063507080078 6.203519823905168 2.2919018268585205 3.028754711151123
3.3473458290100098 5.347785693088683 2.6383416652679443 4.263638496398926
2.5201544761657715 3.772600190905564 2.83115291595459 5.136901378631592
5.477560520172119 6.527774727680253 2.106387138366699 2.180996894836426
4.332091331481934 7.25168145441728 2.5292093753814697 3.4328789710998535
4.05888557434082 7.38641656766338 2.948883533477783 4.98715353012085
3.26142954826355 5.870556713993437 3.1723368167877197 6.081742763519287
6.522585391998291 7.92560019772759 2.3390157222747803 2.4308762550354004
5.551955223083496 8.833310512284697 2.885916233062744 4.050386905670166
4.0392866134643555 7.153578241929736 3.4126358032226562 6.0779924392700195
3.565321445465088 6.275183961183586 3.6817426681518555 7.492497444152832
5.913912296295166 6.763435446590748 2.5180675983428955 2.6237480640411377
3.715733051300049 6.263077164778679 3.0090389251708984 4.157613754272461
3.6721925735473633 6.235529600336918 3.422490119934082 5.915274620056152
3.3109896183013916 4.737534466446903 3.618468761444092 7.097066402435303
6.811994552612305 8.013331514046294 2.7532691955566406 2.883134603500366
4.339126110076904 6.868762146155985 3.4282643795013428 4.936065673828125
3.760810613632202 6.479272728672191 3.978212356567383 7.297243595123291
3.663905620574951 6.537510044218379 4.216246604919434 8.846964836120605
8.093067169189453 9.76086465841982 3.127405881881714 3.2997324466705322
6.043183326721191 9.451206897968689 4.099559783935547 6.20434045791626
4.887520790100098 7.985407423454324 4.847830772399902 9.48702335357666
4.042349815368652 6.789145988616781 5.147107124328613 11.571545600891113
6.368688583374023 7.267326134231553 3.236138343811035 3.3850340843200684
3.9983537197113037 5.748616684021329 3.8817965984344482 5.592777729034424
3.1917219161987305 5.834353872812642 4.26928186416626 7.7719855308532715
2.8246779441833496 4.1056665468879885 4.409787654876709 9.139898300170898
7.5682854652404785 8.838741250492319 3.5500028133392334 3.758763313293457
5.1280646324157715 7.588969329303133 4.518343448638916 6.874083995819092
4.029483795166016 6.703853369670959 5.105259418487549 9.945465087890625
3.144624948501587 5.0514669082426735 5.290820598602295 11.797784805297852
9.359336853027344 11.135811282120926 4.081912517547607 4.391560077667236
6.309482097625732 8.710561021409427 5.595518112182617 9.059101104736328
5.407271385192871 8.830007430811293 6.462469100952148 13.489775657653809
3.2815849781036377 5.578350945866163 6.7003607749938965 16.01984977722168
3.3832459449768066 3.535854364004308 3.602612257003784 4.00872802734375
3.7895171642303467 5.435137207540542 4.851380348205566 7.255356788635254
3.7513604164123535 5.6411978184274965 5.043862342834473 9.518068313598633
2.3518764972686768 4.61909796569654 5.075649738311768 10.890530586242676
4.809362411499023 5.251999848211426 4.067770957946777 4.6102681159973145
5.385674953460693 7.840352832094247 5.704746723175049 9.10729694366455
4.127443790435791 6.787338637376621 6.127588748931885 12.416678428649902
3.548527717590332 5.173601668208903 6.201817512512207 14.336485862731934
7.377120494842529 8.020299585162547 4.875951766967773 5.66311502456665
6.563845634460449 9.20095968646859 7.187325954437256 12.278935432434082
5.519219398498535 8.476874038789447 7.928420543670654 17.190841674804688
3.3143436908721924 5.036673204380918 8.03229808807373 19.843366622924805
4.663776397705078 5.500326200987502 1.714049220085144 1.7738878726959229
4.365560054779053 7.300720878128345 2.0620782375335693 2.731065511703491
2.7746899127960205 4.668226905968268 2.434465169906616 3.8958964347839355
2.5492618083953857 5.0748767299135125 2.667051315307617 4.755544185638428
5.399323463439941 6.491656545838325 1.8341208696365356 1.9018878936767578
4.568615913391113 7.465458602144764 2.2471694946289062 3.041177988052368
3.8724288940429688 6.488942506995954 2.6911563873291016 4.47487735748291
2.3262996673583984 3.83490795312283 2.965143918991089 5.542470932006836
6.5049729347229 8.078440344854215 2.017350912094116 2.0970914363861084
5.482966899871826 9.119399457647773 2.530150890350342 3.5164480209350586
4.868487358093262 8.723073622796448 3.0790634155273438 5.347833156585693
3.9145326614379883 7.002430928150375 3.4095540046691895 6.711617469787598
5.6004109382629395 6.6144911124554255 2.1163861751556396 2.2060985565185547
3.406900405883789 5.390405193620551 2.5708072185516357 3.51387357711792
3.228714942932129 5.829785526434428 3.0204544067382812 5.1045145988464355
3.2936935424804688 6.250279315393982 3.291337490081787 6.276561260223389
6.604736328125 7.935607232730931 2.304671287536621 2.408412456512451
5.474534511566162 8.287815237222276 2.8876049518585205 4.078140735626221
4.679162979125977 7.781203118921331 3.463513135910034 6.162817478179932
3.9285683631896973 6.701925645235519 3.7981672286987305 7.685336112976074
8.119816780090332 10.047269289093492 2.6106159687042236 2.739311933517456
5.794561862945557 8.835989531049677 3.406464099884033 5.0088348388671875
4.402246475219727 8.17730040974925 4.180338382720947 7.8694376945495605
3.3303701877593994 5.935014257338878 4.602916717529297 9.913628578186035
6.098752021789551 7.238024104535469 2.700125217437744 2.888977289199829
4.079636573791504 6.061105471177598 3.205678701400757 4.531884670257568
4.2327165603637695 7.317271710609665 3.6473746299743652 6.4293107986450195
2.844531774520874 3.8114057524117015 3.902444839477539 7.819223880767822
7.481944561004639 9.028125395334463 2.960543632507324 3.165688991546631
5.2687859535217285 8.012919227120173 3.67970871925354 5.4177961349487305
3.9157824516296387 6.492546229813712 4.30148458480835 8.05879020690918
3.7839438915252686 5.984474089927943 4.635929107666016 9.92621898651123
9.299243927001953 11.461141934906351 3.405015468597412 3.651205062866211
6.222456932067871 10.034878128692071 4.495896816253662 6.960422515869141
5.652994632720947 9.825073618378866 5.4122233390808105 10.798023223876953
5.1109514236450195 8.58515876561713 5.8535566329956055 13.38016128540039
3.8177547454833984 4.233089777684228 2.948132276535034 3.403778553009033
4.454883098602295 6.87314756818887 4.015884876251221 5.958065509796143
3.745251417160034 5.718437544163407 4.228786945343018 7.684996604919434
2.441047430038452 4.725549142997172 4.412474632263184 9.126749038696289
5.118434906005859 5.932169297339954 3.303849697113037 3.8340981006622314
4.1689534187316895 6.553977812058264 4.661308765411377 7.249624252319336
4.7455830574035645 8.411252949804016 5.076099395751953 9.850528717041016
3.479717254638672 6.6011043024012785 5.342691898345947 11.8502779006958
7.647102355957031 8.723000490435108 3.9169840812683105 4.590049743652344
6.865590572357178 9.932250022067535 5.791019439697266 9.48581600189209
5.356945991516113 7.532459152096692 6.553804874420166 13.568587303161621
4.801624774932861 7.346608675945163 6.928627967834473 16.392547607421875
4.797669410705566 5.52001069547822 1.8942755460739136 1.944813847541809
3.974524736404419 5.5850723695175475 2.2342541217803955 2.934096097946167
3.2658464908599854 5.168218561820282 2.6086068153381348 4.178310394287109
2.493114948272705 4.726755950321128 2.8320472240448 5.0847554206848145
5.371359825134277 6.419018137650255 2.0193002223968506 2.08156681060791
4.664301872253418 7.445814053984446 2.435333013534546 3.266801357269287
4.1621222496032715 7.391044012396037 2.8966476917266846 4.8028483390808105
3.33402943611145 5.240629129714307 3.1680684089660645 5.932965278625488
6.355533599853516 7.827705825457395 2.2048518657684326 2.284287452697754
4.6879777908325195 7.836457496858998 2.7313108444213867 3.7714874744415283
4.998305320739746 7.356580719202374 3.3190577030181885 5.743219375610352
3.192138910293579 4.883987283580382 3.659811496734619 7.195043087005615
6.014699459075928 6.877097809335623 2.43625545501709 2.48968768119812
5.053212642669678 7.451298081356763 2.9298593997955322 3.972560167312622
3.5009939670562744 5.8200596944643905 3.4147677421569824 5.7786946296691895
2.5142292976379395 4.562145303799811 3.6714115142822266 7.046126842498779
6.796949863433838 7.956754760903209 2.6213977336883545 2.7007157802581787
5.746847629547119 8.839700056423922 3.2734532356262207 4.59290075302124
4.063822269439697 7.330869849403953 3.923255443572998 6.965134620666504
3.7115867137908936 6.847951257695854 4.261435508728027 8.630257606506348
8.049049377441406 9.799595001572925 2.913658857345581 3.031111001968384
6.066647529602051 10.132487698607498 3.8093056678771973 5.585502624511719
5.6790008544921875 8.689723544064396 4.710116863250732 8.840250015258789
3.790802478790283 6.092366197270458 5.170862674713135 11.098005294799805
6.541247844696045 7.395031935192492 3.076136350631714 3.175431966781616
4.871056079864502 7.280882976317741 3.7806901931762695 5.30963134765625
3.9107844829559326 6.07872164793406 4.333751201629639 7.655817031860352
2.1179091930389404 3.127701692484204 4.572446823120117 9.202154159545898
7.6962080001831055 8.944466263294041 3.3389835357666016 3.476785659790039
5.9060564041137695 9.330179952820359 4.32070255279541 6.338371276855469
4.038790702819824 6.365740985789046 5.114873886108398 9.557823181152344
3.612081289291382 6.159804161723628 5.4583420753479 11.65449047088623
9.56470775604248 11.446483039922754 3.77055025100708 3.974442720413208
7.156044006347656 10.426150165553736 5.191033363342285 8.043464660644531
5.754464149475098 8.133082591604023 6.358116149902344 12.63902473449707
4.853013515472412 8.038617025923699 6.863417148590088 15.557625770568848
4.57344388961792 4.894079469203723 3.3637053966522217 3.6701018810272217
5.0118231773376465 7.417959296340882 4.598960876464844 6.837679862976074
3.301455020904541 5.309401750636198 5.191765308380127 9.48042106628418
3.148432970046997 4.989614502212664 5.371862888336182 11.14450740814209
5.594501495361328 6.118143696535862 3.7318289279937744 4.115852355957031
5.313781261444092 8.109650263264655 5.355740547180176 8.324260711669922
3.4982709884643555 5.826751677359198 6.244701385498047 12.096329689025879
3.8970823287963867 6.201535082287759 6.532606601715088 14.395662307739258
6.879517555236816 7.205907938656537 4.332319736480713 4.867785930633545
7.3993072509765625 10.86529856362074 6.60637903213501 10.850333213806152
5.713881969451904 8.478664093598226 7.9354047775268555 16.361291885375977
4.749261856079102 5.814869273712475 8.392159461975098 19.594751358032227
4.915134906768799 5.7095340188498085 1.8429774045944214 1.8980929851531982
3.406285047531128 5.90976861845818 2.1919267177581787 2.914302349090576
3.6273350715637207 6.39167562513353 2.587177038192749 4.274397850036621
2.7603776454925537 4.505543488335004 2.8270065784454346 5.288392066955566
5.58401346206665 6.692791129850889 1.9915798902511597 2.0568902492523193
4.757070064544678 6.54330850091568 2.424328088760376 3.298506259918213
4.079456329345703 7.176238759222542 2.909107208251953 4.976614952087402
3.307973623275757 5.16833650978996 3.1947200298309326 6.21406364440918
6.531038761138916 7.997633105366276 2.2160794734954834 2.2978670597076416
5.633768558502197 9.394209369910994 2.7812912464141846 3.897874355316162
4.592424392700195 7.6580158240792 3.3999927043914795 6.076383113861084
4.129979133605957 7.4064606077343225 3.7498087882995605 7.649954795837402
5.932684421539307 6.925543534555459 2.267904281616211 2.3308420181274414
3.1988096237182617 5.135011680954449 2.756855010986328 3.7927165031433105
4.217381000518799 6.882881611074993 3.284945249557495 5.773207664489746
1.570910930633545 2.6084999015483845 3.5882492065429688 7.223556995391846
6.84391450881958 8.12509517742916 2.494887590408325 2.5795276165008545
5.128991603851318 8.40497665793032 3.1526427268981934 4.491619110107422
3.7278592586517334 6.174261651666939 3.847910165786743 7.083785533905029
2.8237457275390625 4.694838086643955 4.227842330932617 8.933734893798828
8.120706558227539 10.087999206882461 2.8550808429718018 2.9765989780426025
5.856954097747803 9.85314720253713 3.7987570762634277 5.657649517059326
5.4233927726745605 8.040795736827135 4.7550811767578125 9.247381210327148
4.070461273193359 7.424743210252073 5.243276119232178 11.710067749023438
6.423849105834961 7.519673636237723 2.8701939582824707 2.88419771194458
4.281940460205078 6.444584617126793 3.4478580951690674 4.836086750030518
3.9885973930358887 6.522678272430426 4.027846336364746 7.3985209465026855
2.8450369834899902 5.365655964822736 4.3473358154296875 9.212366104125977
7.634191989898682 9.094319393437502 3.1669013500213623 3.2241926193237305
5.438541412353516 9.713536381985417 4.026626110076904 5.9276556968688965
4.530676364898682 6.752228804801035 4.861141681671143 9.424468040466309
3.32180118560791 6.680033084061051 5.282865047454834 11.798786163330078
9.39704418182373 11.614922775185846 3.6638424396514893 3.7955737113952637
6.469310760498047 9.746479436886242 5.020312309265137 7.830628871917725
5.054140090942383 7.621904993922584 6.252202033996582 12.856858253479004
4.368741989135742 6.732840982678315 6.813591957092285 16.083532333374023
4.865520477294922 5.626959670267183 3.1171717643737793 3.485081434249878
5.255016803741455 8.154784256070116 4.492413520812988 6.374958038330078
3.733241558074951 6.180147113151836 4.727246284484863 8.925117492675781
1.8969918489456177 2.918413435170635 4.9899582862854 10.914721488952637
5.633334636688232 6.246379011572117 3.53116774559021 4.008522987365723
5.517000198364258 8.836692094554905 5.233630180358887 7.877676963806152
4.299437999725342 7.292221767185424 5.798732757568359 11.611493110656738
3.3309919834136963 5.49997733761154 6.181422233581543 14.26482105255127
7.111974239349365 7.488609129615895 4.243523597717285 4.914053440093994
7.0315961837768555 11.178277920504968 6.535606861114502 10.524269104003906
4.994757652282715 8.279095488013382 7.627282619476318 16.196828842163086
5.014986515045166 7.685874508261804 8.162904739379883 19.842103958129883
4.332468509674072 5.647693178540167 1.741105079650879 1.803437352180481
3.5376551151275635 6.880093185688736 2.098666191101074 2.82717227935791
3.035020112991333 6.605783567440568 2.470829963684082 4.063430309295654
2.786517858505249 6.058921141029771 2.693894624710083 4.950547218322754
4.977141380310059 6.377782209649922 1.8681081533432007 1.9400581121444702
4.054284572601318 6.981249523016231 2.296747922897339 3.1690213680267334
3.291715145111084 6.114039811442126 2.7406840324401855 4.684065818786621
2.942017078399658 6.083990741338766 3.004354476928711 5.779232978820801
6.162513256072998 8.083686895939778 2.057812213897705 2.145153045654297
4.063427925109863 7.9639012880343785 2.594053030014038 3.685518264770508
4.687820911407471 8.81360509155131 3.144348382949829 5.609198570251465
3.5386548042297363 6.155120902553435 3.46606707572937 7.00516414642334
5.466588973999023 6.935222847650039 2.0325398445129395 2.1142311096191406
4.655393123626709 8.956924037609156 2.512251853942871 3.518322706222534
2.3740880489349365 4.8351264085235925 3.0239341259002686 5.269313335418701
2.762038230895996 4.971921363011006 3.327240228652954 6.533085346221924
6.385133266448975 8.111132593507243 2.2224960327148438 2.321763277053833
4.928994178771973 8.199476262027153 2.8346691131591797 4.106447219848633
4.3567795753479 7.588934325103553 3.4776108264923096 6.367141246795654
3.2399942874908447 5.644765893673139 3.8517796993255615 7.999668598175049
7.663730144500732 10.01134422333152 2.5199356079101562 2.6493983268737793
6.034864902496338 10.252519741849653 3.3457424640655518 5.049009799957275
5.412389278411865 7.848187350368121 4.192555904388428 8.103178977966309
4.236818790435791 7.918055142743693 4.672781467437744 10.290661811828613
5.98022985458374 7.598135094333429 2.347583055496216 2.4375264644622803
4.032326698303223 6.648758000253338 2.8998076915740967 4.210136413574219
3.371680498123169 6.792634102724378 3.5516252517700195 6.461592674255371
3.058957815170288 5.670670388792134 3.9329657554626465 8.085027694702148
7.161087512969971 9.177320294331508 2.592987537384033 2.7151312828063965
5.618947982788086 10.145681613186941 3.352221965789795 5.0729546546936035
2.7192914485931396 5.4451558614237 4.200754165649414 8.08372974395752
3.722567081451416 5.12495816115541 4.683038711547852 10.236185073852539
8.962544441223145 11.601109304506558 2.997154712677002 3.171322822570801
5.904241561889648 9.510021435785234 4.101813793182373 6.512871265411377
5.344160556793213 8.324967517007153 5.261528491973877 10.744545936584473
4.0659260749816895 6.914949250784531 5.8966450691223145 13.704339027404785
3.459821939468384 3.982682511400057 2.741659164428711 3.168091058731079
4.385522365570068 8.147324139952616 3.3034465312957764 4.929161071777344
3.0373475551605225 5.6575872715567925 3.9949593544006348 7.474776744842529
2.8914198875427246 5.454997378824601 4.429901123046875 9.363039016723633
4.952261924743652 6.2396056268884195 3.075608491897583 3.587538957595825
4.481511116027832 6.462089554945981 3.8650062084198 6.07698392868042
4.1827616691589355 6.559598475766279 4.815040111541748 9.565406799316406
4.309351921081543 6.362370821736022 5.370002746582031 12.098105430603027
5.632296085357666 6.539597217765781 3.6355156898498535 4.2962117195129395
6.735706329345703 11.108793423463226 4.829508304595947 8.015369415283203
5.459936618804932 8.422149826399732 6.179947853088379 13.050596237182617
4.449802875518799 7.724324650314429 6.921343803405762 16.57538414001465
4.9107184410095215 5.501912567388987 2.00616455078125 2.078432321548462
4.223963737487793 6.798471939595629 2.3964996337890625 3.1646177768707275
3.402846097946167 6.458335685612431 2.776428699493408 4.484330654144287
1.5077080726623535 2.3801535760887482 2.98665189743042 5.432332992553711
5.578227996826172 6.546564050329023 2.1660571098327637 2.2521839141845703
4.723372936248779 6.7387631092159666 2.6478829383850098 3.6024255752563477
4.007875919342041 6.822605696895209 3.120079517364502 5.275821208953857
3.340055227279663 5.047974666785188 3.3753485679626465 6.469553470611572
6.581709384918213 7.939343827656239 2.414074659347534 2.520155906677246
6.023529529571533 8.527511982458226 3.042464017868042 4.284170150756836
4.71724796295166 7.133688784325017 3.653686285018921 6.500556468963623
4.066606044769287 6.696195977327989 3.9703187942504883 8.054414749145508
5.9152679443359375 6.703391604454737 2.618450403213501 2.726102590560913
4.606270790100098 6.620227731031662 3.2012939453125 4.388363838195801
3.335582971572876 5.963558601939781 3.691051959991455 6.318906784057617
2.945218563079834 4.430175019815223 3.9189465045928955 7.636220455169678
6.757072448730469 7.886722283588325 2.8665823936462402 3.004809856414795
4.023927688598633 7.14602719459549 3.6516664028167725 5.233858585357666
3.884265422821045 6.8092384876808865 4.315540313720703 7.847206115722656
3.779161214828491 6.068561407948195 4.61179256439209 9.594018936157227
8.115647315979004 9.71616379758234 3.2775261402130127 3.463491201400757
6.470516204833984 9.925609759276085 4.405472278594971 6.6464128494262695
5.540464401245117 8.60822281268338 5.3379693031311035 10.345925331115723
4.60312557220459 5.923612477768074 5.724356174468994 12.72268295288086
6.470759391784668 7.308070733173597 3.2922990322113037 3.447431802749634
4.744091987609863 7.438582325044592 4.153400897979736 5.884382247924805
2.8792004585266113 5.360905939072666 4.692928791046143 8.39184856414795
2.557288646697998 4.520309241268606 4.8832221031188965 9.990679740905762
7.51228141784668 8.706869558940767 3.6444549560546875 3.8563101291656494
4.523545742034912 6.583198461310985 4.854669094085693 7.283360481262207
3.839925765991211 6.739551541740582 5.644682884216309 10.830758094787598
3.729032039642334 6.2428898605755165 5.916072368621826 13.007511138916016
9.163200378417969 10.733730983600026 4.252310276031494 4.5627875328063965
5.518278121948242 8.349014509523169 6.069209098815918 9.714829444885254
5.320824146270752 6.984846670640126 7.247546195983887 14.8810453414917
4.806453704833984 6.796634736435731 7.614385604858398 17.87409210205078
4.353816509246826 4.6592694780189845 3.6194961071014404 4.064352989196777
4.796260833740234 6.620669478649392 5.049306869506836 7.486876010894775
2.9099631309509277 4.417835345972444 5.593224048614502 10.27790641784668
2.6123321056365967 3.7534246360429506 5.703545570373535 12.015860557556152
4.715705394744873 5.025937153014837 4.106533527374268 4.682544708251953
5.611243724822998 7.315614122460744 6.031073570251465 9.455633163452148
3.6192634105682373 6.094587376989753 6.84515380859375 13.580772399902344
3.0276317596435547 5.04903257844262 7.035216331481934 15.9710693359375
5.775811672210693 5.94862023737889 4.973993301391602 5.7867279052734375
6.09296989440918 8.160351593881387 7.730757236480713 12.978184700012207
5.542348384857178 8.15148019978244 8.973047256469727 19.04414939880371
2.8825602531433105 3.6396185558887737 9.243250846862793 22.305431365966797
4.806358337402344 5.672183062260046 1.8830223083496094 1.9401187896728516
3.86285138130188 6.448165750840763 2.205064535140991 2.9114737510681152
2.535158395767212 3.51494537479433 2.545870542526245 4.1779465675354
1.8081061840057373 2.7481728866441095 2.740882158279419 5.0797553062438965
5.595827102661133 6.7603169517574315 2.0461695194244385 2.1147360801696777
3.807361125946045 6.8111704370223976 2.448789596557617 3.321826934814453
4.100632190704346 6.507652383367708 2.868314504623413 4.90971040725708
3.417165756225586 5.307771081302235 3.098935127258301 6.030758857727051
6.799580097198486 8.63689298693037 2.3058831691741943 2.392285108566284
5.041335105895996 6.304221822017155 2.835803985595703 3.9737627506256104
4.9724297523498535 7.444447563218091 3.372887134552002 6.0638604164123535
4.496713161468506 6.485989909082491 3.6492209434509277 7.512073040008545
5.902982234954834 6.96253028547244 2.4005749225616455 2.478330373764038
4.768396854400635 8.062108478185493 2.8499350547790527 3.9006621837615967
3.0619497299194336 5.3965727040906835 3.2594540119171143 5.701107501983643
1.7979718446731567 3.418534123789982 3.466928243637085 6.942892551422119
6.934208869934082 8.395980523070364 2.6645827293395996 2.766223430633545
4.975048542022705 7.522756408705405 3.284491539001465 4.674246788024902
3.2154552936553955 6.284006547423907 3.840773582458496 7.089938163757324
3.213120222091675 5.579999524651612 4.101154804229736 8.716768264770508
8.463132858276367 10.650195433115819 3.1112160682678223 3.2536706924438477
7.023113250732422 10.965011241753437 4.024877548217773 5.999359607696533
4.980169296264648 7.866894575379604 4.815286636352539 9.4310941696167
4.492868900299072 6.35154311791689 5.144092559814453 11.647076606750488
6.393180847167969 7.603202720134789 3.111551284790039 3.226663112640381
4.569489479064941 6.905181451657768 3.674727439880371 5.192160606384277
3.2801856994628906 5.387303494837198 4.050978183746338 7.421535491943359
2.599653482437134 4.76890552890751 4.200160026550293 8.883096694946289
7.852907180786133 9.512773458514557 3.4871013164520264 3.6430935859680176
5.399459362030029 8.20913730674829 4.347593307495117 6.446805000305176
3.6729257106781006 5.348472020482642 4.938750267028809 9.599322319030762
4.181744575500488 6.043905725952754 5.147006988525391 11.59213924407959
9.691099166870117 11.99998592831821 4.143361568450928 4.379216194152832
7.0262556076049805 9.814539522032788 5.540738582611084 8.68312931060791
4.512770652770996 6.024686909415132 6.4828200340271 13.39408016204834
4.282452583312988 6.180931259237553 6.763849258422852 16.19306182861328
4.585916519165039 5.054908664779395 3.4598021507263184 3.8592562675476074
4.225247383117676 7.2511510341419125 4.67773962020874 6.934393882751465
3.7809205055236816 6.4880262374399535 4.807297706604004 9.080439567565918
2.616424560546875 3.774337530206026 4.827287197113037 10.555122375488281
4.939537525177002 5.271933959364048 3.9367434978485107 4.456136226654053
4.629618167877197 7.32691149705483 5.620205402374268 8.758526802062988
3.7934796810150146 5.487318417230654 5.987086772918701 12.014139175415039
2.517487049102783 4.298457185574648 6.054243564605713 14.089362144470215
7.047884464263916 7.6033256587484175 4.781804084777832 5.527743339538574
6.096426963806152 9.206393420625318 7.285355567932129 11.97866153717041
4.662345886230469 8.736659820212765 8.060428619384766 17.153797149658203
4.4657182693481445 6.171047263149248 8.18299674987793 20.14694595336914
4.771354675292969 5.6852684305892005 1.7866990566253662 1.843671441078186
3.7563459873199463 6.297239712234287 2.119685411453247 2.8315374851226807
3.261486768722534 6.157809125827953 2.4802703857421875 4.078226566314697
2.350619077682495 4.52003014441425 2.686718702316284 4.9374003410339355
5.630751132965088 6.731579718041189 1.9295397996902466 1.9965569972991943
3.420245885848999 5.420776662951873 2.3334569931030273 3.194329023361206
3.0642096996307373 6.36613963830888 2.7621519565582275 4.715932846069336
2.3433103561401367 4.491330254310043 3.0008983612060547 5.764150619506836
6.745034217834473 8.386252690804668 2.1543190479278564 2.237819194793701
4.688057899475098 7.629712656207317 2.6712417602539062 3.7662317752838135
4.473917007446289 6.824920040858913 3.1984596252441406 5.712561130523682
2.743642568588257 4.759174968855248 3.477046012878418 7.041603088378906
5.792837142944336 6.874933293703293 2.151477575302124 2.23500919342041
4.071169376373291 7.803000062348929 2.572397470474243 3.5820791721343994
2.982041597366333 6.327696796465048 3.0478627681732178 5.332655429840088
1.8753740787506104 4.07384277445874 3.309009313583374 6.512149810791016
6.793262004852295 8.19475323093313 2.376084089279175 2.4797592163085938
4.984461307525635 7.731533117167977 2.9310529232025146 4.231624603271484
3.55861759185791 5.277493232566523 3.525310516357422 6.482649326324463
3.6685872077941895 6.667663836975066 3.837798833847046 7.986749649047852
8.13936996459961 10.283164037677125 2.759277582168579 2.899905204772949
5.684913158416748 9.264344757082895 3.54876971244812 5.343562602996826
5.233590126037598 8.256673788336627 4.320217609405518 8.40268611907959
3.015357255935669 4.793080855479944 4.690907001495361 10.403054237365723
6.3448486328125 7.530044601047848 2.6173274517059326 2.7597100734710693
4.041682720184326 6.8468392615529865 3.0335655212402344 4.368462562561035
2.911618947982788 5.813444949423314 3.588104248046875 6.583154678344727
2.429654836654663 4.046186507834818 3.890249252319336 8.040702819824219
7.585504531860352 9.304295110564425 2.925938606262207 3.098890542984009
5.532520771026611 9.224341019638189 3.5491645336151123 5.342224597930908
4.0645670890808105 7.311267910176966 4.2736430168151855 8.296818733215332
3.4175591468811035 6.179259310149575 4.64231014251709 10.209085464477539
9.397405624389648 11.96764592232762 3.4869472980499268 3.726386308670044
5.483705997467041 9.599515474119187 4.499826431274414 7.121197700500488
5.5339274406433105 8.705999792322928 5.479830741882324 11.286511421203613
3.8294639587402344 6.52569530367294 5.911276340484619 13.888089179992676
4.106359958648682 4.58089124694834 3.0429365634918213 3.4434974193573
4.440963268280029 5.735670732995459 3.5239615440368652 5.240281105041504
3.0384774208068848 5.682281918192217 4.0332865715026855 7.634093761444092
2.6237056255340576 5.104820064399171 4.351719379425049 9.27729320526123
5.412902355194092 6.185920197371249 3.4633584022521973 3.977421283721924
5.779599189758301 8.585182589994673 4.179303169250488 6.49949312210083
3.8544414043426514 6.844286961176795 4.898426532745361 9.843823432922363
3.0644636154174805 5.126323963974421 5.291073322296143 12.036458969116211
7.186908721923828 8.106231576281417 4.251567363739014 4.969804763793945
6.240988254547119 10.202447448630409 5.436694145202637 8.894048690795898
4.3116841316223145 6.75256906617588 6.473354339599609 13.7913236618042
3.580626964569092 6.9573554382291505 6.92093563079834 16.799283981323242
5.115333080291748 5.840988459834762 1.937756896018982 2.0014350414276123
4.757124900817871 7.3441693622075945 2.311415433883667 3.0831851959228516
3.2692630290985107 6.055675378067946 2.7137184143066406 4.463515281677246
3.4476256370544434 6.072645951129715 2.9493520259857178 5.409872531890869
5.633841514587402 6.724965598591211 2.089456081390381 2.164936065673828
4.800207614898682 7.9087262478660705 2.5476126670837402 3.495771884918213
3.996345281600952 7.406108476564469 3.0373785495758057 5.2266106605529785
3.2503151893615723 6.3778817722127314 3.316169500350952 6.415119647979736
6.547724723815918 8.114445690260254 2.3208932876586914 2.4125585556030273
5.072966575622559 8.732113267254281 2.9131455421447754 4.125985622406006
4.765466213226318 8.987846964061049 3.5362236499786377 6.390631675720215
4.0139384269714355 6.416835821373692 3.875622034072876 7.938343524932861
6.125783920288086 7.137197513094016 2.514152765274048 2.602954387664795
5.064062118530273 7.9907593374941825 3.051862955093384 4.223313331604004
3.5824954509735107 5.639783976870149 3.571162223815918 6.241051197052002
2.4257006645202637 5.3039095646364585 3.8461034297943115 7.579812049865723
6.9325408935546875 8.309909214511663 2.743091583251953 2.8616936206817627
4.648679733276367 6.895846905595931 3.468712568283081 5.015496253967285
4.468123435974121 7.336044868808919 4.156516075134277 7.7149882316589355
3.457240104675293 5.991895321860683 4.500467777252197 9.479745864868164
8.297860145568848 10.151264838212 3.118892192840576 3.2783267498016357
5.9258131980896 8.681835417184402 4.156564235687256 6.307633399963379
4.314430236816406 8.283585353031867 5.105529308319092 10.081514358520508
3.9302685260772705 6.330767046022956 5.543835163116455 12.4821138381958
6.6406097412109375 7.812630624571284 3.2947564125061035 3.410346746444702
4.340219497680664 6.535262669727899 3.9990246295928955 5.694462299346924
3.1392576694488525 5.654542199738557 4.535483360290527 8.277702331542969
2.7389097213745117 4.682540571555661 4.783267021179199 9.908782958984375
7.743291854858398 9.303267998861543 3.603825330734253 3.7669105529785156
5.77340841293335 8.342325494468668 4.636090278625488 6.986053943634033
3.2645606994628906 6.094586790017047 5.4221930503845215 10.61583423614502
4.057908058166504 6.589210099757707 5.7544379234313965 12.828433990478516
9.339470863342285 11.423556744827906 4.141101837158203 4.388342380523682
6.715856075286865 10.196391463347936 5.73703670501709 9.197629928588867
4.2573323249816895 6.949432375593119 6.907772541046143 14.455099105834961
3.9701504707336426 6.244156357085302 7.347212791442871 17.508756637573242
4.207836151123047 4.438367396004367 3.630720615386963 3.983722448348999
3.6899795532226562 5.927641597467982 5.074932098388672 7.5228681564331055
3.7601261138916016 6.286335091700977 5.452748775482178 10.23272705078125
0.9680805802345276 1.3600793983535908 5.598268508911133 11.947749137878418
5.763738632202148 6.040759934674952 4.075953960418701 4.565798759460449
5.578805446624756 8.906935205937145 5.9710211753845215 9.400715827941895
3.451718807220459 7.161781685966616 6.618234157562256 13.376285552978516
3.805387496948242 5.788741349449083 6.845938205718994 15.75846004486084
6.786736488342285 7.610505786815338 4.856238842010498 5.581295490264893
7.041473865509033 10.247906819667833 7.526752471923828 12.603137969970703
4.5119242668151855 6.659057582549963 8.596540451049805 18.559343338012695
4.009772777557373 6.277662850104122 8.920141220092773 21.87668228149414
4.921436309814453 6.07029349675156 2.0692203044891357 2.1756350994110107
3.625835418701172 5.835107551906347 2.5368897914886475 3.5573675632476807
3.1542603969573975 5.1763932952345755 2.867063522338867 4.933125972747803
1.5383001565933228 2.5857781026705027 3.013373613357544 5.809324264526367
5.403185844421387 6.705501401331048 2.2082056999206543 2.3340654373168945
4.330695152282715 7.463465252406422 2.7775745391845703 4.013428688049316
2.618211030960083 4.915805824535795 3.1799492835998535 5.708436012268066
3.3402373790740967 5.349869459965703 3.3512380123138428 6.775074005126953
6.2384867668151855 8.059236124507844 2.412534475326538 2.56648850440979
4.390254020690918 7.94879349676458 3.1296310424804688 4.684175968170166
4.3035454750061035 7.676054159864385 3.6311259269714355 6.829099178314209
3.728553295135498 6.8563068224441395 3.8342299461364746 8.158398628234863
5.871551513671875 7.229160502951004 2.6609463691711426 2.815751552581787
3.3856818675994873 4.058879519693619 3.3309757709503174 4.847428321838379
3.1987664699554443 5.509910900614905 3.7164080142974854 6.764037132263184
2.241323471069336 4.342879360827588 3.8380837440490723 7.912588596343994
6.563704013824463 8.119641699394379 2.8640353679656982 3.056339979171753
4.769651889801025 6.702510171514405 3.7362561225891113 5.6688151359558105
2.5717813968658447 5.512834859946707 4.2523698806762695 8.164535522460938
3.090529441833496 4.989195855790463 4.410959243774414 9.629277229309082
7.570536136627197 9.604775843562948 3.182103157043457 3.4323503971099854
4.549305438995361 6.812202110110547 4.366654396057129 6.955455303192139
4.078647136688232 7.424470175930992 5.060181140899658 10.276702880859375
2.9705891609191895 4.927351242137888 5.257325172424316 12.16235637664795
6.21118688583374 7.593904037415319 3.2691237926483154 3.505948305130005
4.020331859588623 6.598945247859888 4.23568868637085 6.3879218101501465
2.821091890335083 4.854578777520032 4.618127822875977 8.748968124389648
2.2354538440704346 4.279086942313636 4.660783767700195 10.047464370727539
7.106197834014893 8.659482700756598 3.555190086364746 3.8651864528656006
5.091271877288818 7.948773188007181 4.842072486877441 7.6930155754089355
3.753298282623291 5.643589171189433 5.403903484344482 10.877094268798828
2.029301643371582 2.6965468940189794 5.487775802612305 12.590622901916504
8.419828414916992 10.548759946817887 4.02368688583374 4.45261287689209
5.201159477233887 6.878993533482856 5.828916549682617 9.822687149047852
4.73459005355835 8.063474248071202 6.6324262619018555 14.184660911560059
3.55283260345459 5.988926006363727 6.740355968475342 16.413917541503906
4.272466659545898 4.813880027575465 3.831146240234375 4.376028537750244
3.9199819564819336 6.25716051186015 5.083132266998291 7.945635795593262
2.437581777572632 4.504823920894523 5.419538974761963 10.532628059387207
2.019904136657715 3.764364639908223 5.348826885223389 11.837703704833984
5.814594268798828 6.852676642099368 4.277153968811035 4.931583881378174
4.231276035308838 6.96826428312248 5.893582820892334 9.743972778320312
4.055163383483887 6.188294676843025 6.430061340332031 13.327415466308594
2.7227487564086914 4.546316346605323 6.395677089691162 15.094853401184082
6.523655414581299 6.682615426626057 3.905588150024414 3.069538116455078
5.889540672302246 9.496158654388239 7.240564346313477 12.752724647521973
4.082339763641357 6.418455023103121 8.04541301727295 17.732486724853516
3.672912836074829 5.582133983001654 8.007943153381348 20.03636360168457
4.693850994110107 5.447689034914969 1.7517153024673462 1.8069428205490112
4.1485514640808105 6.570172253882781 2.0982539653778076 2.764751434326172
3.727492332458496 6.384838936406027 2.4862728118896484 4.048275470733643
2.62615966796875 4.091156125227826 2.725342273712158 4.990063667297363
5.304645538330078 6.381006089605846 1.8916189670562744 1.9574594497680664
4.307281494140625 7.17788539601687 2.3035831451416016 3.1144628524780273
3.902012348175049 6.07327103325569 2.765883445739746 4.6905131340026855
2.9866857528686523 5.99908024104468 3.045315742492676 5.843867778778076
6.295027732849121 7.753353562548 2.1076576709747314 2.1892967224121094
4.647447109222412 8.08557601600657 2.6264617443084717 3.655503273010254
4.398255825042725 8.570164533813523 3.200533866882324 5.673746585845947
4.077188968658447 7.889945937348813 3.5352118015289307 7.140547275543213
5.960097789764404 6.920096902979793 2.048818826675415 2.1207058429718018
3.6808860301971436 6.158833135863915 2.508319139480591 3.416419267654419
3.450871706008911 6.339590138145482 3.038782835006714 5.24333381652832
2.1616268157958984 4.932312346182215 3.3576502799987793 6.578561305999756
6.7632927894592285 8.065476929083161 2.2619502544403076 2.3519699573516846
4.896702766418457 8.442099028276829 2.8464837074279785 4.019904613494873
3.44234299659729 6.344060906244424 3.5113840103149414 6.381868362426758
4.217872619628906 7.495918778985121 3.897538661956787 8.090269088745117
7.811358451843262 9.72523804812522 2.6060473918914795 2.7275280952453613
6.220879077911377 10.34293967206997 3.4141571521759033 5.034749984741211
4.755033493041992 7.236533995249815 4.293575763702393 8.261608123779297
3.768134355545044 6.59037764009949 4.775548934936523 10.534102439880371
6.5249199867248535 7.6037346729314095 2.3589258193969727 2.4583728313446045
4.62460470199585 8.313469991716474 2.899575710296631 4.051825523376465
4.356174945831299 7.943969639597981 3.5547735691070557 6.416901111602783
2.510244131088257 4.4632159294051235 3.944071054458618 8.11855697631836
7.52229642868042 8.953727080302997 2.6399412155151367 2.7683141231536865
6.424283981323242 10.645234368536421 3.3764729499816895 4.936239719390869
4.35605525970459 7.3190855224869935 4.2320098876953125 8.103691101074219
3.391874074935913 5.012078260341981 4.714555740356445 10.341192245483398
9.099785804748535 11.186031156556055 3.1133859157562256 3.2948851585388184
6.558035850524902 10.648587525733092 4.220761299133301 6.52372932434082
4.782253265380859 9.345114568263778 5.405768394470215 11.026726722717285
3.7438178062438965 6.188557040858825 6.020121097564697 14.060425758361816
4.0822625160217285 4.488110311518039 2.721954822540283 3.1938796043395996
5.49751615524292 7.801563110786507 3.2891876697540283 4.662283420562744
3.9089062213897705 7.49624554155497 3.9694817066192627 7.390264987945557
2.1589393615722656 3.6936212244055184 4.4048686027526855 9.359304428100586
5.405766487121582 5.730956669577427 3.098005771636963 3.665379524230957
5.161994457244873 9.08150871287365 3.884420394897461 5.798403263092041
3.9094769954681396 7.790982959988469 4.821594715118408 9.556706428527832
3.001739263534546 4.393546386930609 5.370381832122803 12.190150260925293
6.4019856452941895 7.23136765558678 3.7588696479797363 4.491767406463623
7.568233013153076 12.326815928428914 4.967507839202881 7.923178672790527
5.067284107208252 9.390509453583817 6.342922210693359 13.41408634185791
3.848696708679199 6.288816448204614 7.045797348022461 17.000932693481445
4.794572830200195 5.404209802109563 1.8872406482696533 1.939823031425476
4.390622615814209 6.985444242878835 2.219623565673828 2.875159978866577
3.620185613632202 5.991631546537352 2.6106624603271484 4.1650848388671875
2.463151454925537 5.4334429747786785 2.8615190982818604 5.1714677810668945
5.444890022277832 6.3322974658291855 2.032257318496704 2.0944154262542725
4.862423896789551 8.16492223032867 2.4392518997192383 3.2307026386260986
3.8840737342834473 7.364789538134659 2.9157662391662598 4.819353103637695
3.050168037414551 4.825236801605456 3.2131361961364746 6.056822776794434
6.661000728607178 7.931364659117207 2.2486300468444824 2.3261311054229736
4.7431640625 8.03839430408334 2.7688939571380615 3.774487018585205
3.511423349380493 7.0609065528024075 3.3720784187316895 5.8173723220825195
3.8429269790649414 6.339943683302522 3.7374022006988525 7.399660587310791
5.90811014175415 6.724728212477089 2.313274383544922 2.3838493824005127
4.173195838928223 7.166035987681028 2.767462968826294 3.706061601638794
3.533607006072998 5.829932957437778 3.2798566818237305 5.556823253631592
3.0558969974517822 5.487965805818931 3.6014902591705322 7.001007556915283
6.8743181228637695 7.988216561328954 2.5336549282073975 2.6228854656219482
5.624161243438721 8.233554454162608 3.1385207176208496 4.345125675201416
3.799952745437622 6.890801249272369 3.808396100997925 6.763067245483398
3.2001588344573975 5.733859487710291 4.205573081970215 8.617347717285156
8.294938087463379 10.07545975901349 2.8816030025482178 3.0037243366241455
6.437707424163818 9.779736155505361 3.7311465740203857 5.396297454833984
5.656789779663086 9.438502288894995 4.639892578125 8.713149070739746
3.2299067974090576 6.562652738544216 5.149307727813721 11.179380416870117
6.386267185211182 7.360305809027068 2.888472318649292 2.978349447250366
3.601710081100464 5.31969822514165 3.4069395065307617 4.680058479309082
2.5640175342559814 4.097746153762273 3.9582250118255615 7.010308742523193
2.8415894508361816 5.26825782886408 4.307967185974121 8.819021224975586
7.619721412658691 8.953006974346408 3.1763241291046143 3.293734312057495
4.488000869750977 7.2967374759788015 3.9480385780334473 5.6633381843566895
4.23876428604126 5.346940857818389 4.736031532287598 8.859813690185547
3.25809907913208 5.192570586535254 5.18595027923584 11.249971389770508
9.698622703552246 11.916168553049431 3.659656286239624 3.836294412612915
6.867237567901611 11.091162304951382 4.859557628631592 7.37378454208374
4.512633800506592 7.122152403516793 6.0062360763549805 11.957133293151855
4.306994915008545 5.911369389431314 6.599379062652588 15.19205093383789
3.6310300827026367 3.8925548593890937 3.152796506881714 3.5543649196624756
4.7720232009887695 7.846833455660274 4.337039470672607 6.082584381103516
3.552161693572998 5.493933640776968 4.565145015716553 8.312557220458984
3.0177619457244873 4.907642071139321 4.880131244659424 10.31664752960205
5.291228771209717 5.74979989844995 3.5428173542022705 4.051938056945801
4.9102864265441895 7.941293405427132 5.013227462768555 7.406099319458008
3.367762327194214 5.425956963772364 5.56535530090332 10.749124526977539
3.217481851577759 5.788560848001747 5.994731426239014 13.457376480102539
7.345066070556641 7.5693616856679 4.2327704429626465 15.37495231628418
6.678086757659912 9.918685590072727 6.220963001251221 9.793708801269531
4.849098205566406 7.847074384935354 7.235867023468018 14.898280143737793
3.8988170623779297 6.646036355676529 7.820883274078369 18.59708023071289
4.275981903076172 4.775843972816148 1.4922406673431396 1.5389235019683838
4.006160259246826 6.263039096754589 1.7231810092926025 2.233055353164673
3.3705453872680664 6.254387145194471 1.9676949977874756 3.0387556552886963
2.9129297733306885 5.447404138159733 2.1188433170318604 3.5813920497894287
4.844525337219238 5.671775711993808 1.5659767389297485 1.6167964935302734
4.3066840171813965 6.0070559705557685 1.8254828453063965 2.4005696773529053
3.484814405441284 6.436316345902014 2.0990681648254395 3.3352766036987305
3.183051109313965 5.936878831563945 2.2664451599121094 3.9731967449188232
5.379194259643555 6.680454222598918 1.6740659475326538 1.7303881645202637
5.060314178466797 7.347606625571416 1.9735558032989502 2.636744737625122
4.216405868530273 7.44358243294856 2.286810874938965 3.742088794708252
3.923788547515869 6.812982296256678 2.4751899242401123 4.501815319061279
5.084690093994141 5.74573775217738 1.7358040809631348 1.8016644716262817
4.479827404022217 7.033983409181701 1.9983009099960327 2.645287036895752
3.614985466003418 6.419321418815457 2.2628862857818604 3.625476598739624
2.6350972652435303 4.749469610011715 2.42769193649292 4.293490409851074
5.710870265960693 6.743904752595071 1.840727686882019 1.9133262634277344
5.207887172698975 8.017948923459793 2.153366804122925 2.9090545177459717
3.72632098197937 6.562099044815284 2.468005418777466 4.101794719696045
3.246994972229004 6.121083068863328 2.6592142581939697 4.922614097595215
6.43321418762207 7.919787138080778 2.0023934841156006 2.084073543548584
4.872002124786377 8.58903882811316 2.3884928226470947 3.2995517253875732
3.8916642665863037 6.85328460607812 2.7740917205810547 4.79017448425293
4.578315734863281 6.147278959306277 3.000873565673828 5.816694259643555
5.351876735687256 6.122604175433821 2.1373379230499268 2.223972797393799
4.5815958976745605 6.990714837093037 2.352341890335083 3.1660354137420654
3.411187171936035 5.800104804267448 2.5614447593688965 4.229872703552246
2.8177013397216797 5.399774481796252 2.7118096351623535 4.971221923828125
6.091012477874756 7.218331960867221 2.260793685913086 2.369875907897949
4.050421714782715 6.138929508147881 2.5572993755340576 3.5396666526794434
4.3029046058654785 7.224540154291118 2.840440273284912 4.8975629806518555
3.329333543777466 4.882595054549938 3.0273330211639404 5.847074031829834
7.151245594024658 8.82270097761446 2.4652156829833984 2.595337152481079
4.96989107131958 8.512167765030426 2.8819591999053955 4.106231212615967
4.847343921661377 7.951341774293038 3.271289587020874 5.8970537185668945
3.6631617546081543 7.461185919295379 3.5080106258392334 7.137925624847412
4.683403015136719 5.12173994660634 2.3231306076049805 2.5914220809936523
3.2135305404663086 5.4868877715019835 3.3089542388916016 4.386966228485107
3.876620054244995 6.564691561841243 2.8566346168518066 4.825114727020264
2.663498640060425 5.065046071264533 2.945089817047119 5.53718376159668
5.383533000946045 5.5950431102279765 2.4885659217834473 2.797775983810425
4.826265335083008 6.7036754540027275 3.5284507274627686 4.933891773223877
4.678069114685059 8.051481886678516 3.202092170715332 5.679370403289795
3.8357338905334473 7.468068816262473 3.331550359725952 6.628471851348877
5.917208194732666 7.0031826419213985 2.7572176456451416 3.120561361312866
4.667762279510498 7.832920404280667 3.8954548835754395 5.7349934577941895
4.092162132263184 5.546255150197776 3.7448267936706543 6.973828315734863
4.608360290527344 6.726757754405888 3.931898832321167 8.271146774291992
4.372835636138916 5.155214720538734 1.6574302911758423 1.7148981094360352
4.285484790802002 6.545613573547371 1.9171439409255981 2.510793924331665
3.2231287956237793 5.120207334137035 2.176422119140625 3.4585819244384766
2.4432992935180664 4.040682949056965 2.3254189491271973 4.129696846008301
4.902140140533447 5.864675450587798 1.7498425245285034 1.8150303363800049
4.827611446380615 6.425884601591406 2.047844648361206 2.7370831966400146
3.234065055847168 4.807286292363614 2.3424482345581055 3.8431811332702637
2.2348077297210693 3.787133766673378 2.507810115814209 4.616316795349121
5.4377031326293945 6.591225803987726 1.8902697563171387 1.9641776084899902
4.182072162628174 5.410620002901851 2.2378997802734375 3.0547473430633545
4.007277011871338 7.987651541135904 2.575239419937134 4.369542121887207
3.129997491836548 5.0971693817755295 2.758958101272583 5.277434825897217
5.375069618225098 6.336467128064612 2.090376138687134 2.1703784465789795
4.289112091064453 6.413452222136462 2.3886842727661133 3.211794137954712
3.303635358810425 5.429010995137446 2.656568765640259 4.4235310554504395
2.558906316757202 4.2284638043611835 2.7964091300964355 5.2701849937438965
5.9296040534973145 7.029534139746488 2.2177743911743164 2.3163962364196777
4.223451614379883 6.28312370521553 2.594611644744873 3.596153974533081
3.138143539428711 6.353054356487746 2.9277968406677246 5.09596586227417
3.4121456146240234 5.4998092907949605 3.092876672744751 6.11968469619751
6.707240104675293 8.153362466452336 2.4270291328430176 2.5451221466064453
5.508913040161133 7.366168499624024 2.9069271087646484 4.160358905792236
3.328047275543213 5.884188515427889 3.3191874027252197 6.053155422210693
3.550947904586792 5.208663315708847 3.5123350620269775 7.310413360595703
5.826601505279541 6.879232089113849 2.7543606758117676 2.8342909812927246
4.338397979736328 5.563265134777794 2.9798154830932617 4.094752788543701
3.4555599689483643 6.1081935284152 3.178886890411377 5.497215270996094
2.57962703704834 5.29328837851819 3.273066520690918 6.463267803192139
6.627640724182129 7.812723380437831 2.9116077423095703 3.0272910594940186
4.886707305908203 6.751506500664544 3.2713003158569336 4.68215799331665
3.302189350128174 4.253555410328114 3.5670316219329834 6.507402420043945
3.0399370193481445 5.034116925936303 3.6914963722229004 7.719546318054199
7.599164962768555 9.124233644008207 3.186192035675049 3.3441407680511475
5.44603157043457 8.046112968529087 3.7225117683410645 5.560690879821777
3.283367395401001 6.5880246487720076 4.134115695953369 7.974492073059082
3.596968173980713 6.21353795889604 4.291879177093506 9.507782936096191
4.4114155769348145 4.618051741488728 2.9491450786590576 3.3080670833587646
4.720136642456055 7.545281868579593 3.6179327964782715 5.072232723236084
2.681610107421875 4.81199024786838 3.6554157733917236 6.495866298675537
3.025789260864258 4.761182849789861 3.6788296699523926 7.499553680419922
5.204254627227783 5.420880617934671 3.160020112991333 3.5862538814544678
4.310822010040283 6.92496269207777 4.00217866897583 5.893433094024658
3.707750082015991 5.585196938908496 4.1548752784729 7.833436965942383
2.8919923305511475 4.71997922115294 4.205784797668457 9.123427391052246
6.505420684814453 7.118798993538007 3.516087293624878 4.024988174438477
5.485261917114258 8.494862064796155 4.601225852966309 7.131595134735107
4.651628017425537 7.726135030548932 4.883469104766846 9.786404609680176
4.434305191040039 6.747691813423401 4.964653015136719 11.448509216308594
4.720964431762695 5.383010408862333 1.6011747121810913 1.6536309719085693
4.151379108428955 7.155005595381681 1.9011192321777344 2.471740961074829
2.846802234649658 4.0536249656997825 2.188441514968872 3.3788537979125977
2.972689151763916 5.108730877410755 2.367229700088501 4.017364978790283
4.988350868225098 5.9774720824125325 1.6681764125823975 1.7282682657241821
3.978764295578003 6.128015394175691 2.002509355545044 2.6363625526428223
3.3081588745117188 5.739136194310106 2.329314947128296 3.6757750511169434
2.94541072845459 6.043087432231914 2.5347886085510254 4.427678108215332
5.381629943847656 6.628939432302321 1.7628999948501587 1.8313969373703003
5.173593521118164 8.471852948237107 2.142974853515625 2.8644206523895264
3.922804117202759 6.263727755769423 2.521646499633789 4.087673664093018
3.346834421157837 6.880544073501909 2.761418342590332 4.991413593292236
5.677969932556152 6.557992375023787 2.0008533000946045 2.0512900352478027
4.147590160369873 6.27601070149953 2.3690412044525146 3.108219861984253
3.241143226623535 4.385751027909464 2.699225425720215 4.287550926208496
2.7900922298431396 4.714340714514265 2.8884470462799072 5.103646755218506
5.9315667152404785 7.077941872403471 2.089669704437256 2.152195692062378
4.798624038696289 7.660924789899738 2.5226385593414307 3.37459135055542
3.845552682876587 6.462325567340542 2.9244377613067627 4.795157432556152
3.4985313415527344 6.3855376877724765 3.1588802337646484 5.807585716247559
6.450777053833008 7.985352117380899 2.219571113586426 2.2976067066192627
5.548526287078857 9.12820211997348 2.740586042404175 3.7552998065948486
4.618572235107422 8.230171702134044 3.238318920135498 5.518036365509033
3.849867820739746 6.895690722962907 3.53185772895813 6.798795223236084
5.882569789886475 6.8504075824730535 2.5949814319610596 2.646669626235962
4.612595558166504 6.965794399379718 2.981208562850952 3.9624955654144287
4.045736312866211 6.5753992712045 3.2832818031311035 5.363296985626221
3.399747133255005 6.087037023696666 3.439971685409546 6.293436050415039
6.461752414703369 7.653713684698232 2.700376272201538 2.773483991622925
5.407878398895264 6.816716363287924 3.197672128677368 4.367745399475098
4.897732257843018 7.885225114330609 3.6066408157348633 6.131657123565674
3.6291258335113525 5.331758592129177 3.823737621307373 7.337015151977539
7.101144313812256 8.780509518351437 2.8646605014801025 2.961714744567871
5.976753234863281 9.353447810908222 3.512483835220337 4.954137325286865
4.689277172088623 6.325233977744217 4.064150333404541 7.240198135375977
4.525300979614258 8.251895040436864 4.3603434562683105 8.826092720031738
5.178411960601807 5.6146921490981185 2.614654541015625 2.7960588932037354
4.079288005828857 6.930346106769434 3.6637418270111084 5.008050441741943
3.402047634124756 5.39949184101161 3.8400003910064697 6.435477256774902
2.3402464389801025 3.775645676421732 3.9243030548095703 7.375635147094727
5.758533954620361 6.766699639031684 2.768430471420288 2.9837002754211426
3.6030359268188477 5.484000433516542 3.9484245777130127 5.592014789581299
3.4425430297851562 6.546803390463538 4.25634765625 7.4771647453308105
2.7017016410827637 4.65449513204112 4.410671710968018 8.737942695617676
5.483315944671631 5.596850026215009 2.9965784549713135 3.259037733078003
4.502976417541504 7.32330103703141 4.371140956878662 6.440831661224365
5.261438369750977 8.957563001944209 4.855240821838379 8.983181953430176
2.906407117843628 4.849856575082299 5.097762584686279 10.694896697998047
4.25705623626709 4.767268378590273 1.5701606273651123 1.6111769676208496
3.9221627712249756 5.927712620088869 1.8206015825271606 2.318300724029541
2.581657648086548 3.278811817355482 2.0917646884918213 3.1783571243286133
2.983142137527466 5.380666454881154 2.2548093795776367 3.7915425300598145
4.751797199249268 5.633140873664647 1.6499019861221313 1.69562566280365
4.267557621002197 7.3231734689252335 1.9343150854110718 2.488842010498047
3.5469961166381836 6.748412069836476 2.244828701019287 3.483055591583252
3.2208704948425293 6.197796391748739 2.4306328296661377 4.201414585113525
5.410812854766846 6.569967278007532 1.7667157649993896 1.8186004161834717
5.0030999183654785 7.543354265541829 2.0986757278442383 2.7362773418426514
3.9449901580810547 6.790894820023816 2.4613230228424072 3.9153454303741455
3.857851982116699 6.497129219611196 2.675647258758545 4.772490978240967
5.134851455688477 5.840430300795163 1.9079762697219849 1.9563722610473633
4.369225025177002 6.986868153803471 2.233769178390503 2.8980941772460938
3.4878227710723877 6.4906152336511695 2.5602400302886963 4.032088756561279
2.8030455112457275 4.448722953469073 2.7369539737701416 4.823479175567627
5.721922397613525 6.7499314714941505 2.0201451778411865 2.076462507247925
5.0676960945129395 7.6793430125203495 2.4089584350585938 3.1803529262542725
3.34444260597229 5.185107990417691 2.8051962852478027 4.558099269866943
3.1106112003326416 5.317937302273009 3.018947124481201 5.532395839691162
6.575868606567383 7.981140656298521 2.191915512084961 2.2605369091033936
5.439208984375 8.216463047752598 2.6721339225769043 3.6051998138427734
3.5432052612304688 5.9159702177246345 3.1637189388275146 5.330742359161377
3.7199699878692627 5.892533621866925 3.4251391887664795 6.5541839599609375
5.4860053062438965 6.3019578611264535 2.4300081729888916 2.5052947998046875
3.9561867713928223 5.721851539147792 2.7996301651000977 3.6980574131011963
2.9596469402313232 5.8589296417150365 3.1229209899902344 5.064659118652344
2.2228753566741943 4.381522110013371 3.2697932720184326 5.981821060180664
6.365813732147217 7.457706573398127 2.5702626705169678 2.6581156253814697
4.473934650421143 6.505431322534605 3.0505881309509277 4.1274847984313965
4.039745807647705 7.21281552498192 3.4747893810272217 5.865545272827148
3.6421406269073486 4.916893054715729 3.6690402030944824 7.041375637054443
7.553007125854492 9.044753500196158 2.795290231704712 2.901627540588379
5.701098918914795 8.307988097364614 3.4319489002227783 4.784279823303223
4.343668460845947 7.768348829610186 3.997115135192871 7.057703018188477
3.7659780979156494 6.255978563825607 4.253666400909424 8.590560913085938
4.457113265991211 5.0233717714811785 2.487037420272827 2.737009048461914
3.9447569847106934 6.503886403771909 3.661580801010132 4.943650245666504
3.767474412918091 6.046544051331466 3.7131989002227783 6.190110206604004
1.9735983610153198 3.1232783214999245 3.772355794906616 7.098433494567871
4.9606428146362305 5.138982513282372 2.6757826805114746 2.946166753768921
4.399179935455322 6.10953291373829 3.9984123706817627 5.614650726318359
3.4512405395507812 4.904108033161215 4.182957649230957 7.296595573425293
3.3699593544006348 5.725268157928895 4.28399133682251 8.50413990020752
6.266244888305664 7.0934177753914085 2.960754632949829 3.276468515396118
5.915201663970947 8.746592871677876 4.521674156188965 6.618876934051514
3.8963074684143066 6.279202967729361 4.874701023101807 8.938360214233398
3.937709331512451 6.082320920159873 5.034420967102051 10.557609558105469
3.90203857421875 4.505619152563099 1.5276010036468506 1.5723168849945068
3.9610726833343506 6.726676889211937 1.7765681743621826 2.2933287620544434
3.164628744125366 5.8245051186319445 2.028818368911743 3.110053300857544
2.8641138076782227 4.466693464284653 2.1739983558654785 3.6645407676696777
4.388115882873535 5.275839651752904 1.6000456809997559 1.6476820707321167
3.5095698833465576 5.238627416423924 1.877929449081421 2.4495999813079834
3.8770225048065186 6.321519453658311 2.163470983505249 3.3813939094543457
3.0553805828094482 5.498701818278278 2.3274405002593994 4.0205464363098145
5.0748186111450195 6.230709983292696 1.7046868801116943 1.7572829723358154
4.430157661437988 6.942035451658512 2.02223801612854 2.6708481311798096
3.5696940422058105 6.455577191502698 2.3521082401275635 3.757449150085449
3.1825098991394043 6.319182901010663 2.539531707763672 4.506927013397217
4.497585296630859 5.311141513342477 1.8293296098709106 1.8805075883865356
4.599175930023193 8.006167403717157 2.1246767044067383 2.7850940227508545
3.539926767349243 6.666542540960155 2.3943755626678467 3.7919399738311768
2.6281802654266357 5.050789783766959 2.5309998989105225 4.460867404937744
5.21043586730957 6.295447320423108 1.929954171180725 1.9852672815322876
4.447659015655518 6.740914415905266 2.278933048248291 3.035562753677368
4.335627555847168 7.754996010801122 2.6064069271087646 4.246051788330078
3.5721309185028076 6.715899342143999 2.7722928524017334 5.055497169494629
5.997979164123535 7.409048184890992 2.081850290298462 2.145106792449951
5.577787399291992 9.238874047455552 2.5070245265960693 3.404198408126831
4.050944805145264 6.5171781462100284 2.914891004562378 4.899531841278076
2.606583833694458 5.153107941511735 3.1198618412017822 5.901881217956543
4.782948017120361 5.740675305084778 2.301007032394409 2.325294256210327
4.349144458770752 7.235617459219924 2.5874218940734863 3.436976671218872
3.7047793865203857 7.050169947888094 2.803121328353882 4.563856601715088
1.817312240600586 3.686413298100433 2.8910574913024902 5.27886438369751
5.629082202911377 6.838373895269939 2.422231912612915 2.465135335922241
4.740179538726807 6.8871193968544 2.7962396144866943 3.8032877445220947
4.199982166290283 6.027917724311919 3.097651958465576 5.228133678436279
3.4103481769561768 6.1402735176848715 3.2232906818389893 6.1371073722839355
6.504735946655273 8.16444453436793 2.6145386695861816 2.679487943649292
5.256123065948486 7.57625093432938 3.116929054260254 4.353923797607422
4.781637191772461 8.03197913945445 3.5386927127838135 6.210822582244873
3.3900160789489746 6.806801986581021 3.716080904006958 7.39300012588501
4.056278228759766 4.605766520731777 2.4633123874664307 2.6793711185455322
4.006845951080322 7.3438654717188 3.3182811737060547 4.511678695678711
3.367993116378784 5.4813519975240865 3.224926471710205 5.375345230102539
2.3036131858825684 4.436148514142243 3.2106339931488037 6.013638973236084
3.501366138458252 4.107786105063042 2.627760648727417 2.8758366107940674
4.718234539031982 6.618881541305683 3.60490345954895 5.070821285247803
3.379789352416992 5.39325216125429 3.5975563526153564 6.255390644073486
2.9499874114990234 3.844371997514827 3.623094320297241 7.11767578125
4.8169636726379395 5.04650999451178 2.878939390182495 3.1722822189331055
5.867565631866455 9.768759217034763 4.032557964324951 5.878405570983887
4.783191680908203 6.87066321980069 4.163423538208008 7.570613384246826
4.109923839569092 6.224481844358479 4.244902610778809 8.755763053894043
4.303920269012451 5.007964106209311 1.551246166229248 1.599130392074585
3.446478843688965 5.116516312310786 1.7735391855239868 2.258990526199341
3.281636953353882 6.007577432846542 2.0021770000457764 3.0223305225372314
2.225966691970825 3.8798081989526896 2.1422929763793945 3.538938045501709
4.676224708557129 5.571377366868769 1.627607822418213 1.6797621250152588
4.260613918304443 6.8927075952812515 1.8793975114822388 2.4184587001800537
3.628012180328369 6.422831927923426 2.137385845184326 3.289142370223999
3.3726282119750977 6.3151986558792865 2.293592929840088 3.8858768939971924
5.209583282470703 6.384126043861762 1.7396105527877808 1.7973389625549316
4.404889106750488 7.850938205596549 2.031233310699463 2.6495769023895264
4.478039741516113 8.3020523534483 2.327622890472412 3.6716766357421875
3.4240944385528564 6.871460910746464 2.5035953521728516 4.377455711364746
5.271843910217285 6.018712248291326 1.8722172975540161 1.9369394779205322
4.806962013244629 7.954921681006454 2.122012138366699 2.7486302852630615
2.712704658508301 5.2469768659578335 2.3490712642669678 3.6739661693573
2.9015278816223145 5.752157822974141 2.4828896522521973 4.29878044128418
5.6787590980529785 6.728824118457055 1.9772447347640991 2.051124095916748
5.509466171264648 8.829234615035944 2.2825255393981934 3.004483938217163
3.0940585136413574 6.070729782889089 2.560472011566162 4.1174445152282715
2.3287734985351562 4.5201870857564845 2.718599557876587 4.875389575958252
6.412284851074219 7.846761085236039 2.142808198928833 2.2273402214050293
5.51216983795166 8.11597432194867 2.5252926349639893 3.3931403160095215
3.3938677310943604 5.0323891051392025 2.8711998462677 4.778680324554443
3.341991662979126 6.415374720140605 3.059816360473633 5.722283363342285
5.597229957580566 6.359319311061469 2.3828988075256348 2.4549238681793213
4.312713146209717 6.977276523295643 2.5713210105895996 3.386564016342163
2.0706379413604736 3.1081235107278644 2.71349835395813 4.3761138916015625
2.8825645446777344 5.694947427179642 2.8075408935546875 5.050260066986084
6.426408290863037 7.4355750316205445 2.500528335571289 2.5909416675567627
4.767161846160889 7.5525551021380295 2.784961223602295 3.7540781497955322
3.845742702484131 6.8468222667011105 3.0051498413085938 5.018357753753662
2.609788179397583 4.675097309936007 3.1290879249572754 5.874015808105469
7.398013114929199 8.680970275495156 2.709462881088257 2.822328805923462
5.034079551696777 7.658433644695833 3.128554582595825 4.338172435760498
5.030581951141357 7.436892596647013 3.448665142059326 6.006350994110107
2.180551767349243 4.210295171731495 3.608872890472412 7.117436408996582
4.571427345275879 5.0060673045571775 2.479358196258545 2.69014835357666
4.112016201019287 6.26804555354019 3.323164701461792 4.556025505065918
2.9274003505706787 4.88388233824719 3.0586984157562256 5.066519260406494
2.6275744438171387 5.15096159133293 3.0755646228790283 5.686647891998291
4.876561641693115 5.532682263629567 2.6424171924591064 2.8886263370513916
4.623355388641357 7.255704709044688 3.5865066051483154 5.068909168243408
2.7186217308044434 4.146814432301667 3.4239919185638428 5.901421546936035
3.4625799655914307 5.644267423359906 3.471578598022461 6.7310638427734375
5.9007439613342285 6.619688013193411 2.91087007522583 3.2088310718536377
5.3061323165893555 8.422636343893487 4.025167465209961 5.894586563110352
4.913727283477783 6.800260492345842 3.9921817779541016 7.213098049163818
3.741518497467041 7.107341708072113 4.073012351989746 8.334762573242188
3.5957441329956055 4.2070266504363865 1.509220004081726 1.5571454763412476
2.955613613128662 5.4199956713907795 1.7703344821929932 2.3019497394561768
3.016934394836426 5.843414044601218 2.0330593585968018 3.152496576309204
1.9893381595611572 4.2231474909331155 2.1842610836029053 3.7288806438446045
4.369330406188965 5.245771576780328 1.585833191871643 1.638010859489441
4.0984206199646 6.9352436116063245 1.87738037109375 2.4674453735351562
2.673875570297241 5.053257699110208 2.174236297607422 3.4381399154663086
2.165125608444214 4.538883166718728 2.343327760696411 4.105445861816406
5.184727191925049 6.304684638069006 1.6968272924423218 1.755686640739441
4.191956043243408 6.539135412954721 2.03006649017334 2.7083566188812256
3.439404010772705 6.469345647587829 2.372103452682495 3.8466460704803467
3.5557167530059814 5.9100973600126565 2.5638675689697266 4.6343770027160645
4.220254898071289 5.016004368666458 1.7611474990844727 1.8263020515441895
2.843083620071411 5.154238713081895 2.0624372959136963 2.723515510559082
3.125534772872925 6.016390542397858 2.3575947284698486 3.7949459552764893
2.213258743286133 4.476151783625255 2.522094249725342 4.518654823303223
5.099420070648193 6.129635385127063 1.8709101676940918 1.940468192100525
4.545636177062988 6.976358619761429 2.2255747318267822 2.9887502193450928
2.863893985748291 4.25477961844841 2.577493190765381 4.268382549285889
3.174980401992798 5.77293964939169 2.7697739601135254 5.142860412597656
6.150035381317139 7.559659622596165 2.0349791049957275 2.1142892837524414
5.518557071685791 9.299280722296874 2.465705394744873 3.3891003131866455
3.090261936187744 4.167586700995804 2.897155284881592 4.971372604370117
2.3920886516571045 5.071575239433356 3.127041816711426 6.055398464202881
4.488705158233643 5.385855023937673 2.138251781463623 2.2858049869537354
4.133647441864014 6.852560808213411 2.420616388320923 3.2350244522094727
2.6408352851867676 5.942702261128659 2.692594289779663 4.463720321655273
1.201768159866333 2.7710960785304337 2.844942331314087 5.296090126037598
5.534835338592529 6.644747853318165 2.2765603065490723 2.4205448627471924
4.644361972808838 7.903685066521689 2.640324592590332 3.6079602241516113
2.878110647201538 4.956830518520633 2.992800235748291 5.141268253326416
3.2519209384918213 6.265836121546954 3.181617021560669 6.181746959686279
6.75282621383667 8.381533018966593 2.4873058795928955 2.6390292644500732
5.017883777618408 8.171994651914702 2.9719583988189697 4.1863813400268555
4.745312213897705 8.087498631016388 3.4413886070251465 6.173319339752197
2.8514628410339355 4.6566722881392835 3.6813786029815674 7.512635231018066
3.24417781829834 3.7190103077270606 2.282876491546631 2.641469955444336
3.9972448348999023 6.097971867395186 2.9358224868774414 3.999795436859131
2.8693931102752686 5.297519701559622 3.0118942260742188 5.09959602355957
2.3721771240234375 5.442511283965558 3.117089033126831 5.960977554321289
4.860877990722656 5.521922686618776 2.46010422706604 2.8414480686187744
3.9885635375976562 6.9814224898426005 3.2286787033081055 4.526954650878906
4.178971290588379 6.2838767625019045 3.3824896812438965 5.972577095031738
2.1268997192382812 4.293326081079385 3.5284183025360107 7.076336860656738
5.5538330078125 6.4702339264896676 2.723153829574585 3.1461219787597656
5.478912830352783 8.506319629185658 3.6606523990631104 5.327035903930664
3.604771614074707 6.85277752500042 3.945071220397949 7.312633991241455
3.866394519805908 6.429785313183743 4.1506028175354 8.775800704956055
4.201245307922363 5.473700392854312 1.5128192901611328 1.5820438861846924
4.005853652954102 7.494762009354645 1.8228225708007812 2.4909472465515137
2.898141622543335 5.337475812691494 2.0947141647338867 3.4314260482788086
1.6954132318496704 3.674763853845235 2.241305351257324 4.04140567779541
4.6292924880981445 5.958456578740879 1.5926377773284912 1.6673619747161865
4.159792900085449 7.768560866357291 1.9378324747085571 2.6782515048980713
2.783393144607544 4.432344581789167 2.244020938873291 3.759416341781616
2.819784641265869 5.643766668064444 2.408160924911499 4.476626396179199
5.191664218902588 6.891609557517711 1.7121456861495972 1.79526686668396
4.619750499725342 7.909858563430138 2.1061601638793945 2.9548075199127197
3.059361457824707 4.772232450005731 2.4559428691864014 4.227294921875
3.1023638248443604 6.194917848679324 2.6401333808898926 5.080678939819336
5.264909744262695 6.655184281425363 1.7189984321594238 1.8029519319534302
4.541909694671631 8.173145624014523 2.1117961406707764 2.9762625694274902
2.5981945991516113 4.895963360461337 2.4489872455596924 4.197327613830566
2.6935505867004395 4.779005908607941 2.6139073371887207 4.96779203414917
5.793970584869385 7.255212337477785 1.8349703550338745 1.9282026290893555
5.04579496383667 7.923585361558935 2.2872602939605713 3.2765541076660156
3.806352138519287 6.192369843045697 2.6830849647521973 4.745106220245361
2.468641757965088 4.028572415072631 2.8761000633239746 5.697523593902588
6.462968826293945 8.232016920534079 2.0176007747650146 2.125251054763794
5.068041801452637 8.209989236339162 2.5573172569274902 3.7395107746124268
4.594982147216797 8.433415244001708 3.029888153076172 5.558155536651611
3.3618228435516357 5.95454128531631 3.2546751499176025 6.750483989715576
5.696527004241943 7.17516064959932 1.9463913440704346 2.046851634979248
4.756555080413818 8.65684757926228 2.418370008468628 3.5143115520477295
2.224374771118164 3.961576248115307 2.805893659591675 4.987392902374268
2.172196865081787 4.598882488555063 2.9736361503601074 5.885695457458496
6.4044694900512695 7.990448922063933 2.0929744243621826 2.20774245262146
4.171247482299805 7.581935974440427 2.6522812843322754 3.9323434829711914
3.335629463195801 6.580498501568165 3.1264750957489014 5.776464939117432
3.524725914001465 5.718390655402462 3.3325753211975098 6.933499336242676
7.199793815612793 9.299679444484394 2.3353941440582275 2.471553087234497
4.7859601974487305 7.297662272002171 3.026843786239624 4.5982818603515625
4.614769458770752 8.506845281417991 3.61551570892334 6.977055072784424
3.049201250076294 5.981234100241693 3.8639838695526123 8.480589866638184
4.200802803039551 5.471814667190748 2.3070225715637207 2.735243558883667
4.5694379806518555 7.981429033691711 2.765033721923828 4.136954307556152
2.4462714195251465 4.17320283046422 3.1223535537719727 5.690708160400391
2.9453530311584473 5.525220733229389 3.2727880477905273 6.657018661499023
4.04114294052124 4.705355546340222 2.488396406173706 2.95925235748291
5.124392509460449 7.563585928385237 3.049593448638916 4.672772407531738
2.5391390323638916 5.273394210201786 3.517991542816162 6.702928066253662
3.730867624282837 5.862207155931685 3.713940143585205 7.986861705780029
5.294845104217529 6.24507840670185 2.7825369834899902 3.316622495651245
5.7560200691223145 9.575283653884298 3.5151243209838867 5.533344268798828
4.364587306976318 6.917568995699753 4.131512641906738 8.263055801391602
3.866305351257324 6.523777790667474 4.376021385192871 9.972555160522461
3.4125263690948486 4.116981781913196 1.684901475906372 1.751024603843689
3.1664345264434814 5.239965578473139 1.9915043115615845 2.607584238052368
2.8013594150543213 5.356195904794845 2.2511794567108154 3.4511959552764893
2.1009418964385986 3.7539464718028057 2.378359317779541 3.991375207901001
4.180761337280273 5.168075874532235 1.7624317407608032 1.838153600692749
4.1665730476379395 6.944318101587584 2.108757972717285 2.817225456237793
2.3589794635772705 3.478840395679356 2.408284902572632 3.818796396255493
2.7877919673919678 5.163512442506544 2.555253744125366 4.469826698303223
5.071890354156494 6.347019517323972 1.8743001222610474 1.9590848684310913
4.705776214599609 8.273444706553871 2.2759039402008057 3.10188627243042
3.9116976261138916 6.2855728718352495 2.629504680633545 4.313878536224365
3.735795021057129 6.677887968120558 2.8016529083251953 5.113788604736328
4.068116664886475 4.938505820036815 2.1496214866638184 2.2319557666778564
3.875236749649048 6.331532790458141 2.5392043590545654 3.3700664043426514
3.067394256591797 5.786715792904886 2.8208091259002686 4.471803188323975
2.5206539630889893 5.696120536097851 2.9277291297912598 5.150317668914795
4.902176856994629 6.043936907781244 2.252249002456665 2.3543102741241455
4.2834272384643555 7.519118180766526 2.7235267162323 3.729494571685791
3.6658852100372314 6.602022225837743 3.0807478427886963 5.123077392578125
3.3576290607452393 6.198069412950204 3.2213778495788574 5.990384578704834
6.135650157928467 7.741420784039093 2.4101765155792236 2.5329232215881348
5.149894714355469 8.250185418446968 2.995771646499634 4.2353596687316895
5.155529975891113 7.553809788660033 3.457940101623535 6.0283098220825195
2.718749761581421 4.798664090708257 3.642542839050293 7.1553826332092285
4.271574020385742 5.198101825322283 2.759122848510742 2.864795207977295
3.3334569931030273 6.237176784101848 3.2459065914154053 4.369061470031738
2.8153507709503174 5.245660037400256 3.483307123184204 5.6780476570129395
2.534960985183716 5.000630695373729 3.5252509117126465 6.435539722442627
5.377673149108887 6.568621962374891 2.89103102684021 3.0226478576660156
3.926927089691162 6.132059244002221 3.508807897567749 4.9190850257873535
3.7680249214172363 6.5840819141383236 3.862565279006958 6.67549467086792
1.6306452751159668 3.0970179873232837 3.9495344161987305 7.70107889175415
6.8666462898254395 8.547126807869972 3.099944829940796 3.2647368907928467
5.370434284210205 8.233615712827486 3.9095427989959717 5.7179036140441895
4.060981750488281 6.583360283257164 4.422349452972412 8.09463882446289
3.8685238361358643 6.816335602565687 4.568068981170654 9.486645698547363
2.9102015495300293 3.4081722817565634 3.0512242317199707 3.3153533935546875
2.881868839263916 5.290289991274733 3.9656245708465576 5.510336875915527
1.7525262832641602 3.9976207911331585 4.123411655426025 6.882839202880859
2.6302261352539062 4.796917038469019 4.065430641174316 7.617229461669922
4.752783298492432 5.669473420387035 3.2477104663848877 3.57873797416687
4.156579494476318 7.092501818664459 4.3254313468933105 6.273072719573975
3.532440185546875 5.0136856016202955 4.613238334655762 8.210287094116211
1.6027631759643555 2.6705811703612454 4.609132289886475 9.274581909179688
5.1489410400390625 6.3036827068626735 3.543779134750366 3.9610819816589355
4.964449405670166 8.070722036680877 4.862112522125244 7.402249336242676
4.287241458892822 6.453495174716494 5.344548225402832 10.121100425720215
3.487412214279175 6.379553532928298 5.405805587768555 11.631174087524414
4.209381103515625 4.827942607940258 1.6780352592468262 1.71950101852417
3.3097641468048096 5.505152312901117 1.9626880884170532 2.4955716133117676
2.945265054702759 4.800147003754432 2.2937605381011963 3.4756927490234375
3.3589417934417725 5.74801551515894 2.4943320751190186 4.188813209533691
4.496446132659912 5.347048952655285 1.754215121269226 1.7974640130996704
4.5417280197143555 7.059208249172457 2.0816030502319336 2.677760362625122
3.359098434448242 5.190195114063407 2.4689409732818604 3.828298568725586
2.671649932861328 4.8084502358397 2.704955816268921 4.679295539855957
5.109877109527588 6.309358623179833 1.8579031229019165 1.906872034072876
5.040404796600342 8.007495324634554 2.240513324737549 2.929812431335449
4.651674747467041 7.196174609052036 2.6996030807495117 4.304062366485596
3.552917718887329 6.66583659534864 2.979809045791626 5.330852508544922
5.09624719619751 5.886839105941959 2.0760514736175537 2.1339271068573
3.9737789630889893 6.241000715664882 2.4682343006134033 3.205723762512207
3.616593599319458 5.869093588934277 2.898616075515747 4.572740077972412
2.2687830924987793 4.122490469228808 3.1386525630950928 5.554600238800049
5.545760631561279 6.5541453685737 2.1798605918884277 2.2400331497192383
4.56757116317749 6.741827291651589 2.654604196548462 3.5165457725524902
3.81388783454895 6.3358534202791805 3.1877975463867188 5.207577705383301
3.0718228816986084 5.836828262854738 3.488889694213867 6.440293312072754
6.248325347900391 7.5772357649413085 2.325985908508301 2.394878387451172
4.820032596588135 7.6972012188323475 2.9106171131134033 3.9564597606658936
3.462888717651367 6.449299308387538 3.578213691711426 6.081559181213379
3.607787609100342 5.628354757692421 3.9554712772369385 7.6397624015808105
5.30995512008667 6.2570293730459525 2.5863449573516846 2.6632883548736572
3.761073112487793 6.10234662499029 3.0764424800872803 4.095824718475342
3.6254827976226807 5.3880586262446855 3.56087064743042 5.82827615737915
2.365078926086426 4.604967278300677 3.8106329441070557 7.041453838348389
6.044346809387207 7.162929159903356 2.7073018550872803 2.799192428588867
4.235311031341553 7.107619427397154 3.3371267318725586 4.571683883666992
4.087313175201416 5.855425190062306 3.9789350032806396 6.809821128845215
2.8534486293792725 4.590398942065747 4.317605018615723 8.395293235778809
6.965615272521973 8.410795206345483 2.8925507068634033 3.0055716037750244
5.40833044052124 7.827160592017151 3.712252378463745 5.2694597244262695
4.4488396644592285 6.3099344325118665 4.55966854095459 8.192235946655273
2.140049934387207 3.873989994973499 5.005010604858398 10.257135391235352
4.0736823081970215 4.714169102953747 2.7441835403442383 2.986687421798706
2.8683063983917236 4.370424975612821 3.679624557495117 5.142784118652344
2.729950189590454 4.251524671200059 4.165812015533447 7.0496931076049805
3.145839214324951 4.865619665887124 4.389675140380859 8.37282943725586
4.758513927459717 5.371488131433125 2.9617695808410645 3.2302119731903076
4.072296619415283 5.791591120784119 4.018559455871582 5.799532413482666
3.6056621074676514 6.135204929893125 4.6928558349609375 8.347100257873535
3.1845967769622803 5.645189796069644 5.0314788818359375 10.143025398254395
5.1327009201049805 5.3355169242391725 3.2202982902526855 3.538670063018799
5.08967399597168 7.409370263731262 4.5173726081848145 6.771701812744141
4.0541462898254395 6.436721088651716 5.443487167358398 10.202503204345703
4.399232864379883 5.975540726657059 5.914395332336426 12.600584030151367
4.310791969299316 5.09254544823898 1.7627562284469604 1.826520562171936
2.6702139377593994 5.00552516493822 2.0711171627044678 2.7235538959503174
3.5510735511779785 6.337891218157779 2.327794075012207 3.6641550064086914
3.249089002609253 5.710895245290587 2.4568660259246826 4.292781352996826
4.86362361907959 5.882797401098287 1.8545901775360107 1.926286220550537
4.355762481689453 7.303867274990722 2.2084503173828125 2.9535181522369385
3.3028030395507812 6.48843722112548 2.5090115070343018 4.057723522186279
3.07483172416687 6.103268955715237 2.659078598022461 4.797848224639893
5.517950057983398 6.748727482101373 1.9909801483154297 2.0726890563964844
4.896659851074219 7.769975761934063 2.406324625015259 3.2789101600646973
3.9124698638916016 7.282911324354501 2.763652801513672 4.607383728027344
2.742722511291504 4.186194297164942 2.9395570755004883 5.500329494476318
5.301516056060791 6.257916912987032 2.2608089447021484 2.343031644821167
3.825709342956543 6.227879046937531 2.646055221557617 3.5523085594177246
3.3700239658355713 6.048902974384873 2.915654182434082 4.779697895050049
2.184680938720703 4.080353566015317 3.0221035480499268 5.560239791870117
5.939695358276367 7.097258964027731 2.388291358947754 2.486262083053589
4.762190818786621 6.7932408077098945 2.863831043243408 3.945796489715576
3.2783782482147217 5.770424305624388 3.2146098613739014 5.473537445068359
3.253248691558838 6.008983256491675 3.3555681705474854 6.443655014038086
6.765714645385742 8.332053042386747 2.589315176010132 2.7073471546173096
5.08026647567749 8.73535524368799 3.1900339126586914 4.521923065185547
3.8179221153259277 5.816332508492792 3.6463565826416016 6.468287944793701
3.692751169204712 6.738693965275033 3.828706979751587 7.702147006988525
5.571795463562012 6.619032185521462 2.864276885986328 2.982332229614258
4.177993297576904 6.121397702104332 3.3458096981048584 4.597883701324463
3.9338269233703613 6.238201964461723 3.5717811584472656 6.066451072692871
2.7706408500671387 4.6484931136265 3.6146509647369385 6.933476448059082
6.455826282501221 7.67763706952951 3.035590648651123 3.18084716796875
3.425445079803467 5.019702379055246 3.6587343215942383 5.2082343101501465
3.1755449771881104 4.392276953453802 4.002081394195557 7.1289167404174805
3.6612136363983154 5.880798794493792 4.090626239776611 8.255486488342285
7.5016398429870605 9.173990301861215 3.3129537105560303 3.495267152786255
5.6037421226501465 8.303064604484803 4.1387858390808105 6.122323513031006
4.357629299163818 6.0008717604595745 4.635316371917725 8.67403793334961
4.310462474822998 5.533331147098251 4.775829315185547 10.156898498535156
4.0521039962768555 4.843610540854797 3.1489899158477783 3.51969838142395
3.520624876022339 5.175073929997552 4.017838478088379 5.695725440979004
2.895223617553711 4.59542663705497 4.18149471282959 7.293896675109863
1.992117166519165 3.451039446748382 4.133700847625732 8.165483474731445
5.586678504943848 6.459786569604034 3.387376308441162 3.8303208351135254
4.45484733581543 6.564728581490215 4.4376912117004395 6.537548542022705
2.8798959255218506 4.7188645070883695 4.730447292327881 8.71628475189209
3.023782253265381 4.797939289050873 4.735976696014404 9.893790245056152
6.014028549194336 7.041297440542365 3.7396678924560547 4.208187580108643
5.001345157623291 8.356950976866756 5.078772068023682 7.828183174133301
4.939436435699463 6.820155340388922 5.548823356628418 10.805597305297852
2.977832317352295 3.960737690552264 5.6106085777282715 12.385109901428223
4.334590911865234 5.012623089198314 1.578518271446228 1.6325786113739014
3.4997735023498535 5.6303437341839135 1.8434823751449585 2.423872232437134
2.524792432785034 5.010982127654643 2.115969181060791 3.303191661834717
2.3060457706451416 4.310263080009577 2.2732737064361572 3.894951343536377
4.829054832458496 5.791216731017538 1.6592638492584229 1.7203797101974487
4.144967079162598 6.815417767459714 1.958061695098877 2.6193907260894775
3.6223394870758057 6.69620330207043 2.2632343769073486 3.6388516426086426
2.1346960067749023 4.354701577887057 2.437290668487549 4.327138423919678
5.560092926025391 6.725074678058931 1.7773067951202393 1.8475111722946167
4.804378509521484 6.3432430424946915 2.1238033771514893 2.899679183959961
4.0701823234558105 6.462870451226241 2.4723949432373047 4.109624862670898
3.6309359073638916 5.777880450459664 2.666900157928467 4.9219770431518555
5.421597957611084 6.309949155533786 1.9283907413482666 1.9960849285125732
4.877003192901611 8.24520647015811 2.212069034576416 2.9682979583740234
3.1496567726135254 5.577675923289803 2.493508815765381 4.0544610023498535
1.8489910364151 3.3979284884338963 2.6574318408966064 4.788548469543457
6.02772331237793 7.126116337023632 2.0403432846069336 2.1221494674682617
4.509483814239502 7.070870914934574 2.38794207572937 3.281588554382324
3.8051276206970215 7.311630494406131 2.724187135696411 4.600856304168701
3.0922906398773193 5.350855141441343 2.9136462211608887 5.493664741516113
6.856902599334717 8.287006839873797 2.21427059173584 2.3131661415100098
5.069246768951416 7.695957591933244 2.6528453826904297 3.7469286918640137
4.38299036026001 8.286043882948547 3.062319755554199 5.395254135131836
3.26611590385437 6.03107027119345 3.2822370529174805 6.49739408493042
5.722018241882324 6.685615940467187 2.508446455001831 2.5780882835388184
4.822689533233643 7.6807518554112875 2.695422649383545 3.6613028049468994
3.035578727722168 5.72350853010586 2.8810184001922607 4.835559844970703
1.9399138689041138 4.236402714085898 3.0190391540527344 5.658847332000732
6.64729118347168 7.8694393895431745 2.6447627544403076 2.741156578063965
5.591569900512695 8.454506191955602 2.9328105449676514 4.117240905761719
3.4825668334960938 6.598598489251856 3.196190118789673 5.60841178894043
2.7700705528259277 4.962234405429001 3.366353988647461 6.645205974578857
7.617596626281738 9.32639962944586 2.8670830726623535 2.9967689514160156
6.5638861656188965 9.396851873187416 3.3031070232391357 4.804971218109131
4.141504287719727 6.16034959464713 3.670161008834839 6.757094383239746
3.933265209197998 7.045651795554477 3.876332998275757 8.079952239990234
4.131465435028076 4.598658746913543 2.611255168914795 2.8730506896972656
4.878978729248047 7.959595668447996 3.358529567718506 4.68902063369751
3.0420727729797363 4.860323171039539 3.247694730758667 5.5671706199646
2.244110584259033 4.68386778418062 3.3150746822357178 6.383639812469482
5.277665138244629 6.131183708958815 2.797330856323242 3.117917537689209
4.873727321624756 7.428117319599906 3.693195104598999 5.327279567718506
4.103888988494873 7.096004529422004 3.6357595920562744 6.554546356201172
2.2950284481048584 3.2950798479169663 3.7375240325927734 7.612274646759033
6.320601463317871 7.464348050689807 3.0860226154327393 3.4832098484039307
5.073005676269531 7.538564382936688 4.193314075469971 6.295809268951416
5.135134696960449 8.895713284288547 4.230055809020996 8.03386402130127
2.9654200077056885 4.429734147209608 4.366977214813232 9.418818473815918
4.022487163543701 5.106833332692048 1.5548893213272095 1.601339340209961
3.526808977127075 5.9917656285939245 1.7903950214385986 2.3345367908477783
2.9936208724975586 4.868339038475046 2.0190765857696533 3.141345739364624
2.5013575553894043 4.283566106475007 2.152014970779419 3.6834006309509277
4.601650714874268 5.853428184374479 1.6352179050445557 1.685677170753479
4.0148186683654785 7.288972666520394 1.900383472442627 2.50169038772583
2.89094877243042 5.4247411409242545 2.157991886138916 3.4193925857543945
2.944373607635498 6.22335165633956 2.307103157043457 4.045483589172363
5.214848041534424 6.621796518331094 1.7519869804382324 1.8091603517532349
4.9242706298828125 7.606464122454071 2.056518316268921 2.7438502311706543
3.0267233848571777 5.979216811251547 2.3524253368377686 3.8170735836029053
3.8674027919769287 7.252777505639384 2.522367238998413 4.558434963226318
4.757237911224365 6.045974902375889 1.8902580738067627 1.9456344842910767
3.5478105545043945 5.597656990908035 2.1260533332824707 2.8258779048919678
2.195798635482788 3.691787904445391 2.3576483726501465 3.812983989715576
2.812650442123413 5.71754537041015 2.4945976734161377 4.481118679046631
5.370949745178223 6.7703939716341495 2.0043280124664307 2.0631320476531982
4.64261531829834 8.386671957880935 2.2943367958068848 3.0957531929016113
3.4828860759735107 5.503766059443261 2.5740745067596436 4.273714065551758
2.8244779109954834 5.615761566080948 2.7357800006866455 5.080399513244629
6.1935954093933105 7.857656719719387 2.1761088371276855 2.2451322078704834
5.191719055175781 8.446647515489985 2.5392098426818848 3.4973673820495605
3.7843124866485596 7.243585974735538 2.885049819946289 4.952805519104004
3.7452166080474854 6.9838704965070555 3.0810186862945557 5.959171772003174
5.050398826599121 6.419299425760528 2.4224913120269775 2.532280445098877
3.917736053466797 6.549003905617383 2.543308973312378 3.4437201023101807
3.3427798748016357 6.400011249357616 2.713069200515747 4.53507137298584
3.06201171875 5.6750728293297925 2.829221725463867 5.284775733947754
5.823633670806885 7.319244153516593 2.5662102699279785 2.6737358570098877
4.414072036743164 7.617882340913553 2.774564743041992 3.835803747177124
3.414581060409546 4.956700383602424 3.011206865310669 5.20172643661499
2.6664879322052 4.42775800271265 3.1586692333221436 6.141223430633545
6.867223262786865 8.604872182574582 2.7890920639038086 2.9066238403320312
5.361531734466553 9.162433484371377 3.117051839828491 4.428137302398682
3.8170347213745117 7.0765422695229745 3.446239709854126 6.198762893676758
3.9087061882019043 6.534231727371142 3.6389083862304688 7.42199182510376
4.07450532913208 4.554937702260986 2.5975189208984375 2.9316892623901367
4.019203186035156 6.991909688524629 3.0399043560028076 4.213636875152588
2.8180294036865234 4.235454000236587 3.039372682571411 5.212896347045898
2.697850465774536 5.13131937458644 3.111483335494995 5.9795026779174805
5.325852870941162 5.689020913521901 2.76194167137146 3.1804535388946533
4.114984512329102 7.496453887414308 3.337677001953125 4.75302791595459
3.3014187812805176 6.36329198053545 3.4123072624206543 6.0803351402282715
2.745810031890869 4.684016017871727 3.517085313796997 7.0673909187316895
5.386524677276611 5.655203025691951 3.0541017055511475 3.5236356258392334
5.754016876220703 8.735247422330255 3.782863140106201 5.572886943817139
3.7437732219696045 6.734171881416695 3.960655927658081 7.382291793823242
4.410911560058594 7.585011420726882 4.114307880401611 8.707874298095703
4.067032814025879 4.506109894551628 1.6667205095291138 1.7180417776107788
3.4445948600769043 4.693009477564338 1.9094477891921997 2.4467833042144775
1.9553115367889404 3.2933425442073485 2.1375465393066406 3.266200065612793
2.532013177871704 4.773304072894398 2.257807970046997 3.8191728591918945
4.6024861335754395 5.341280555687899 1.7474673986434937 1.8027746677398682
4.149979591369629 5.3762662751843475 2.0289692878723145 2.6411311626434326
2.612260580062866 3.58311786392375 2.2918403148651123 3.605792760848999
2.919729232788086 4.95456520542939 2.4279842376708984 4.26292610168457
5.258124351501465 6.38587065881643 1.8597369194030762 1.921674132347107
4.724461555480957 6.64727149700427 2.1931493282318115 2.9091901779174805
4.057275772094727 6.856960215946643 2.502898693084717 4.0693769454956055
3.0533695220947266 5.671801403131781 2.659752130508423 4.862578392028809
4.880211353302002 5.4131757064405015 2.0587785243988037 2.135732650756836
3.2651073932647705 5.0859968977551375 2.360485553741455 3.105868339538574
3.4044930934906006 5.670214220784146 2.5949220657348633 4.144627094268799
2.491929054260254 4.0836500480256746 2.6976168155670166 4.818805694580078
5.499434471130371 6.411248957565135 2.1674938201904297 2.2523653507232666
4.64376163482666 6.873766416318546 2.545259475708008 3.428358554840088
4.011944770812988 6.500049671873413 2.8436970710754395 4.721177101135254
2.519005060195923 4.127791811771118 2.9719464778900146 5.564590930938721
6.389101505279541 7.563464338268179 2.326972246170044 2.4237701892852783
5.487446308135986 8.262271133604088 2.808897018432617 3.887601852416992
3.798525094985962 6.199366881753917 3.194506883621216 5.536218643188477
3.537250280380249 5.986436596140983 3.356194257736206 6.611201763153076
5.111860752105713 5.727766817248721 2.629297971725464 2.7285003662109375
3.7259013652801514 5.811647017442809 2.938432216644287 3.972480058670044
3.0427210330963135 5.2170771393180075 3.0955872535705566 5.140042781829834
2.010507822036743 3.6125407806850376 3.139096975326538 5.856668949127197
6.05404806137085 7.002124998631299 2.755277395248413 2.8792202472686768
4.056075096130371 4.4441939407320135 3.190988540649414 4.457869052886963
3.762519121170044 5.260412565671572 3.4451074600219727 5.99343729019165
2.803081512451172 4.982493305920883 3.5230965614318848 6.9356255531311035
7.217602252960205 8.452172409466868 2.9546496868133545 3.1068553924560547
5.407174110412598 7.50985050997561 3.567889451980591 5.166273593902588
3.5798799991607666 5.076485233378321 3.9544003009796143 7.230894088745117
3.7626612186431885 6.083130843860403 4.074923515319824 8.491596221923828
3.1245739459991455 3.4145972894919714 2.828855276107788 3.065387010574341
3.546039342880249 5.384561141990844 3.6962125301361084 5.134866237640381
2.7384026050567627 5.149158533671198 3.5882551670074463 6.159593105316162
2.9453182220458984 4.322048975567213 3.521450996398926 6.781641483306885
4.887862682342529 5.080576954318872 3.008566379547119 3.2829880714416504
4.511481761932373 6.723948315686243 4.0183305740356445 5.842404365539551
3.737063407897949 5.748150444127987 4.026765823364258 7.285757064819336
2.4957613945007324 5.053643558378894 3.999495267868042 8.159680366516113
6.294571876525879 6.484126056302877 3.2736711502075195 3.6005990505218506
5.181122779846191 7.722093570496099 4.503537654876709 6.869606018066406
3.877854585647583 7.1428496937523125 4.6794610023498535 8.936440467834473
3.019615888595581 4.356230686187331 4.700069427490234 10.178567886352539
3.9454102516174316 4.646938816693641 1.5325900316238403 1.5828005075454712
3.388810634613037 5.480504777866287 1.800329327583313 2.3514437675476074
3.0147783756256104 5.925150459685369 2.082793712615967 3.2188103199005127
2.4154560565948486 4.69908369707445 2.2534332275390625 3.8244681358337402
4.628295421600342 5.582808417731144 1.6133532524108887 1.668279767036438
4.1187567710876465 7.5306444079697314 1.9159092903137207 2.536593437194824
3.3459384441375732 6.059428578157906 2.23645281791687 3.550156831741333
3.295743942260742 5.5524438467289485 2.430229902267456 4.2676615715026855
5.3664727210998535 6.52593679522619 1.7330737113952637 1.794453501701355
4.268922328948975 7.3016595316294115 2.0838773250579834 2.8024609088897705
4.13993501663208 7.7567393185370666 2.4551503658294678 4.011729717254639
4.202683448791504 6.325504296500867 2.678321599960327 4.877307891845703
4.794190406799316 5.631721722008251 1.7736141681671143 1.8382015228271484
4.3531084060668945 7.631277190304196 2.07828426361084 2.794559955596924
3.3249077796936035 5.963348610144408 2.4257290363311768 3.922799587249756
1.1050922870635986 2.382298486435488 2.6338133811950684 4.708006381988525
5.58264684677124 6.650824560751516 1.8900840282440186 1.9619272947311401
4.540677547454834 6.991058848510775 2.2545084953308105 3.088301181793213
3.2143030166625977 5.629452575635142 2.665144681930542 4.464529037475586
2.3745155334472656 4.869000954842534 2.910691499710083 5.436307907104492
6.520292282104492 7.927380421471367 2.0710790157318115 2.154385566711426
5.236231327056885 8.73728882018213 2.523345470428467 3.53235125541687
3.9418938159942627 6.660772757301087 3.0211992263793945 5.258397102355957
3.337712526321411 5.996514970633168 3.316375255584717 6.488009929656982
5.136186599731445 6.065723830728342 2.087545156478882 2.2019784450531006
3.457545518875122 5.968688176524566 2.3546440601348877 3.2644906044006348
2.9474518299102783 5.154454288093641 2.764321804046631 4.642409324645996
2.410259246826172 5.094916098959629 3.003143072128296 5.588364124298096
6.048354625701904 7.180786528100242 2.2350821495056152 2.354198932647705
5.058265209197998 7.970935078353381 2.589479446411133 3.668882369995117
4.053441047668457 7.520644591095561 3.0899083614349365 5.409430027008057
3.8392093181610107 7.024309340454465 3.3807156085968018 6.621456623077393
7.208330154418945 8.841280185537139 2.4740142822265625 2.606778144836426
5.729658603668213 9.762866005970864 2.963627815246582 4.307270526885986
4.919293403625488 7.470813734132847 3.5890021324157715 6.5727314949035645
4.337348937988281 7.190129611761563 3.94992995262146 8.157690048217773
4.144179344177246 4.943199455009847 2.3830771446228027 2.704054117202759
3.8833515644073486 6.5903552601853335 2.675863027572632 3.969719409942627
3.391810894012451 5.294938779494345 3.0739731788635254 5.30977725982666
2.6819651126861572 4.758092329205056 3.3183364868164062 6.345254421234131
4.931352615356445 5.884741781255542 2.5751852989196777 2.926812171936035
4.344966411590576 6.408453304649811 2.9571890830993652 4.451845645904541
3.968167781829834 7.317925609225313 3.4737563133239746 6.276398181915283
3.8208565711975098 6.296379227348041 3.7808337211608887 7.648191452026367
5.425525188446045 6.0339898491604504 2.876753568649292 3.2827038764953613
5.916219711303711 8.888648341388489 3.4178457260131836 5.228837490081787
4.460944652557373 7.86959045623526 4.095931529998779 7.776557922363281
4.2505598068237305 6.616830768642785 4.488698482513428 9.615080833435059
4.290637969970703 4.663419136521322 1.8616912364959717 1.897851824760437
4.228076934814453 6.653367022590487 2.1376070976257324 2.7137186527252197
2.49601149559021 4.474076570909219 2.4382693767547607 3.7014541625976562
2.7353594303131104 4.250142266307648 2.613290786743164 4.395540237426758
4.742175102233887 5.406506499205079 1.9440373182296753 1.990487813949585
4.006905555725098 6.240630335373713 2.267270565032959 2.922194242477417
3.447601079940796 6.154543456781171 2.621905565261841 4.085249423980713
2.6612906455993652 4.734932489290003 2.830031156539917 4.918698787689209
5.390532493591309 6.506485960943934 2.063239812850952 2.122022867202759
4.614675045013428 6.393674192005477 2.4469122886657715 3.2152621746063232
4.425657749176025 7.884065627915776 2.871042251586914 4.6151347160339355
4.012261390686035 6.000106701401137 3.1205267906188965 5.63240909576416
5.260525703430176 5.790146366560805 2.381556987762451 2.419463634490967
4.437458038330078 6.384106758907365 2.772421360015869 3.610238790512085
3.815180540084839 6.233270235656164 3.1417479515075684 4.9919819831848145
1.9340053796768188 2.585365577433919 3.3273584842681885 5.923568248748779
5.766843318939209 6.647021332029322 2.4934241771698 2.5496394634246826
4.794193744659424 6.948340039844425 2.9749202728271484 3.969620943069458
3.345458507537842 5.473417885395749 3.434603452682495 5.669618129730225
2.9476754665374756 4.978834156560993 3.6715219020843506 6.839301586151123
6.575545787811279 7.794290079811688 2.6641311645507812 2.7428579330444336
5.391068458557129 8.252033835377233 3.2644762992858887 4.487543106079102
4.254068851470947 7.250271876602994 3.8450825214385986 6.62954568862915
3.4112281799316406 5.218848337189797 4.1493754386901855 8.120870590209961
5.436498641967773 6.0209308337516605 2.826364278793335 2.9645259380340576
4.182875633239746 6.202642664555015 3.447430372238159 4.65309476852417
2.8664441108703613 3.8584062686832112 3.8825795650482178 6.434680461883545
2.5711562633514404 4.210689057409809 4.055871963500977 7.559454917907715
6.283571720123291 7.213020430800043 2.985795736312866 3.1420512199401855
4.671445846557617 6.716352742458657 3.744724988937378 5.213462829589844
3.5721044540405273 6.672545004028109 4.298966884613037 7.45924186706543
3.216123580932617 5.185865758256398 4.533812999725342 8.913798332214355
7.339914798736572 8.680913787017516 3.2322025299072266 3.416175603866577
4.742095470428467 6.915964132401882 4.175615310668945 6.039300441741943
4.302621841430664 7.619194490441259 4.892746448516846 8.940564155578613
3.019517183303833 5.264054964193264 5.211670875549316 10.843441009521484
4.044266700744629 4.308369418869056 3.195519208908081 3.2934508323669434
2.1338000297546387 2.9270257346764765 3.9326229095458984 5.525264263153076
2.4180805683135986 3.927454694613317 4.493350028991699 7.703362941741943
1.9977253675460815 3.3973210284918878 4.6573357582092285 8.965472221374512
4.128446578979492 4.555838290197528 3.395440101623535 3.174429416656494
3.8984289169311523 6.207555213245087 4.331260681152344 6.261617183685303
2.36667537689209 3.9389728639873596 5.0236496925354 9.053899765014648
2.704953908920288 4.455619438433157 5.251932144165039 10.701094627380371
5.165394306182861 5.77176166899244 2.7064924240112305 3.782898426055908
4.431506156921387 6.4758414362550525 4.903280735015869 7.436455726623535
3.9017930030822754 7.173851796324698 5.785762310028076 11.021148681640625
3.4616024494171143 6.019763103563037 6.102625370025635 13.20332145690918
4.064510822296143 4.552855269823844 1.5117435455322266 1.5507911443710327
3.899986743927002 6.652017438210578 1.7322520017623901 2.226602077484131
3.4441280364990234 6.097422871409208 2.0013298988342285 3.098877191543579
2.4586610794067383 5.044747466702432 2.1775786876678467 3.737072706222534
4.5736403465271 5.389921839690942 1.5874207019805908 1.6304457187652588
3.820298194885254 6.223733975906271 1.8379651308059692 2.3888967037200928
3.5613081455230713 6.697522112073997 2.141526937484741 3.379552125930786
2.973238706588745 4.759269754389152 2.3385400772094727 4.107553005218506
5.26127815246582 6.377017674721671 1.6961910724639893 1.7449686527252197
3.9955294132232666 6.463922043079492 1.987499713897705 2.6208267211914062
3.332267999649048 7.0736080473636775 2.336561679840088 3.7772371768951416
3.056715488433838 6.609653866547092 2.560622453689575 4.627599239349365
4.7946929931640625 5.4546168545828095 1.7535110712051392 1.7910021543502808
4.117691516876221 7.034551555646945 1.9880443811416626 2.6229281425476074
2.7081096172332764 4.939880036758041 2.3158986568450928 3.7479701042175293
2.76520037651062 5.760192219631705 2.534205198287964 4.5769362449646
5.471717357635498 6.479147875000987 1.859351634979248 1.9046803712844849
3.717585563659668 6.453456334511278 2.1444036960601807 2.8719711303710938
4.1696696281433105 7.729444291155232 2.5285282135009766 4.198596954345703
3.234508752822876 5.821483262737999 2.780705690383911 5.181872367858887
6.263328552246094 7.569487466137048 2.018148183822632 2.0744497776031494
5.108924388885498 8.54995533795357 2.3752663135528564 3.244431495666504
3.5996053218841553 7.9655540506714715 2.8361527919769287 4.862957000732422
4.542263984680176 7.8503676904471495 3.133256196975708 6.061805248260498
5.116099834442139 5.88671492335311 2.125889539718628 2.1111881732940674
4.372011661529541 6.872208767262805 2.2626914978027344 3.053021192550659
2.3178021907806396 4.07069216143239 2.616441011428833 4.38748025894165
1.994115948677063 3.8739027285307515 2.8701796531677246 5.388840675354004
6.014830589294434 7.107604619931408 2.251095771789551 2.253493309020996
5.0158562660217285 7.969248930834075 2.465683698654175 3.392119884490967
3.9745430946350098 6.315978710798879 2.8987348079681396 5.013607025146484
3.4683525562286377 6.510391114727838 3.1992695331573486 6.235152721405029
7.048381805419922 8.55312322243617 2.450957775115967 2.4759767055511475
5.8281354904174805 9.310748732789307 2.777836799621582 3.9168009757995605
3.897937536239624 5.858012735981447 3.320280075073242 5.96291971206665
3.6541428565979004 5.526292427703538 3.682337999343872 7.495640277862549
4.095215797424316 4.552565324286661 2.203679084777832 2.460226058959961
3.9041457176208496 6.125962319189512 2.6698498725891113 3.5686631202697754
3.0285277366638184 4.905684459009763 2.8787343502044678 4.942892074584961
2.2603936195373535 4.322013000969093 3.1469974517822266 6.063478946685791
3.970425844192505 4.539810864065994 2.3696470260620117 2.6559739112854004
4.190922737121582 6.7782425279172 2.9119958877563477 4.0380096435546875
4.591815948486328 7.9293444032406555 3.2173759937286377 5.72299861907959
3.5514180660247803 6.562743897508199 3.5427048206329346 7.115406513214111
5.6661834716796875 6.533098267398884 2.6257479190826416 2.9606707096099854
5.407380104064941 7.875020101661647 3.2865335941314697 4.7513017654418945
5.044858932495117 8.85543722331673 3.7342474460601807 6.92341423034668
2.9820713996887207 6.024621316963675 4.133840084075928 8.701774597167969
3.7624809741973877 4.757019912827827 1.4383363723754883 1.4814891815185547
3.3227832317352295 6.667740717845206 1.6773457527160645 2.160938024520874
2.0030369758605957 3.1240452603005338 1.9356697797775269 2.957961320877075
2.567365884780884 5.385219267559105 2.1006996631622314 3.5334911346435547
4.204189300537109 5.390399545672636 1.5010117292404175 1.5474574565887451
3.3911120891571045 6.867269676831213 1.7658392190933228 2.3005411624908447
1.6211739778518677 3.7893661071800615 2.0545310974121094 3.207505941390991
2.961296319961548 6.0696111222468545 2.238793134689331 3.8715176582336426
4.997152328491211 6.409492093846609 1.590065836906433 1.641394853591919
4.99151086807251 8.57145647031075 1.8895219564437866 2.497058629989624
3.6192169189453125 7.242987351603336 2.219442367553711 3.5512659549713135
3.339881181716919 7.022993818404645 2.4301998615264893 4.330833435058594
4.675360679626465 5.870694796724699 1.6142609119415283 1.664544939994812
4.748141765594482 8.602859219610082 1.898559331893921 2.4921376705169678
2.5029399394989014 4.2994046397699535 2.1988673210144043 3.4770565032958984
2.8117244243621826 6.3307189708997385 2.388467788696289 4.198329448699951
5.248463153839111 6.628669211740544 1.701265573501587 1.757048487663269
4.762631893157959 8.050429857528059 2.028195858001709 2.7060723304748535
3.6731061935424805 7.494200063477919 2.378200054168701 3.8724751472473145
3.3785018920898438 6.775399493690266 2.598439931869507 4.737217903137207
6.179272174835205 8.024767002676526 1.8286854028701782 1.8929579257965088
5.106672286987305 8.119798675347845 2.2158045768737793 3.0180649757385254
4.626437664031982 8.227974652230998 2.6365644931793213 4.440703392028809
2.989626407623291 4.482733836438456 2.901010274887085 5.502771854400635
4.8867878913879395 6.215723711801516 1.8391519784927368 1.8814151287078857
4.927691459655762 9.397513682375859 2.1418182849884033 2.851846694946289
2.4327492713928223 5.084473029307972 2.4527194499969482 3.983902931213379
2.5328712463378906 6.04421906863071 2.6503801345825195 4.819058418273926
5.7935471534729 7.322283367202637 1.9420570135116577 1.998009204864502
5.085967540740967 9.039122407020045 2.309284210205078 3.1424481868743896
4.349693298339844 8.35291461904663 2.691180467605591 4.528463840484619
2.74979567527771 5.417173294779104 2.9303159713745117 5.560409069061279
6.967342376708984 9.107215959633095 2.1003928184509277 2.1723384857177734
5.4193854331970215 9.946087122854266 2.560236692428589 3.576711654663086
4.736319065093994 8.54429831011791 3.0450801849365234 5.336411952972412
4.453231334686279 6.960681813185893 3.3456954956054688 6.649681568145752
4.38139533996582 5.380805554818835 2.082832098007202 2.328110933303833
2.9636142253875732 6.058632438292989 2.677565097808838 3.594717264175415
3.113534450531006 6.113001051073297 2.6902530193328857 4.446826457977295
1.9815808534622192 3.5363206035735857 2.8630764484405518 5.326610088348389
4.543911933898926 5.341340576965987 2.2180302143096924 2.4895358085632324
3.5663764476776123 6.073213442223107 2.895139455795288 4.024450302124023
4.192223072052002 7.1111505526111785 2.9790759086608887 5.129853248596191
3.7818503379821777 7.369936750795205 3.2011559009552 6.238889694213867
5.675364971160889 6.980234653078526 2.419917583465576 2.7294836044311523
5.9903564453125 9.903095358769946 3.2099201679229736 4.665778160095215
5.555902481079102 9.413225436999483 3.417196273803711 6.159284591674805
2.9364559650421143 4.5994442065663215 3.7122514247894287 7.609683513641357
4.065389156341553 4.5531747798746665 1.8027684688568115 1.8655325174331665
2.8526108264923096 4.2413307345816245 2.106248617172241 2.727121591567993
2.355536460876465 4.057694633113357 2.385016441345215 3.718491554260254
2.98533034324646 5.497772912982327 2.5252909660339355 4.389319896697998
4.622976303100586 5.431928399079419 1.884874701499939 1.9561569690704346
4.451064109802246 6.967590853972887 2.2376012802124023 2.9605889320373535
3.624279022216797 6.524090156761872 2.5719006061553955 4.1495490074157715
3.0202338695526123 5.481523521529311 2.7422988414764404 4.957177639007568
5.298655033111572 6.417038073455956 1.9998043775558472 2.0806658267974854
3.866621732711792 6.818641112767123 2.419830560684204 3.27522611618042
3.632249593734741 7.482048676298376 2.828141689300537 4.72864294052124
3.2176320552825928 4.512888608532357 3.0375351905822754 5.72034215927124
4.892187118530273 5.5417550344942725 2.2940430641174316 2.3792836666107178
3.9171719551086426 6.321514700530031 2.70967698097229 3.59899640083313
2.2739431858062744 4.372513493434269 3.043354034423828 4.973735809326172
0.902458131313324 1.5965119139055755 3.1771068572998047 5.853267669677734
5.508133411407471 6.431953557823192 2.4030816555023193 2.5053625106811523
3.681442975997925 4.883850538436205 2.9169952869415283 4.002331256866455
3.738663911819458 5.6808413012651044 3.3527190685272217 5.743598461151123
3.3492889404296875 5.324438865129423 3.536918878555298 6.8638997077941895
6.39340877532959 7.65323656224848 2.5647144317626953 2.687060832977295
5.9776225090026855 9.350034254750653 3.2144012451171875 4.563144207000732
4.311818599700928 5.7544289099721 3.787945508956909 6.805211067199707
3.7987220287323 6.4195590766026385 4.037822723388672 8.257210731506348
5.20622444152832 5.856992961934367 2.7851669788360596 2.902096748352051
3.1418938636779785 4.790375674286366 3.395890474319458 4.613717079162598
2.9648048877716064 4.660771965756048 3.7602274417877197 6.378849029541016
2.081005811691284 3.3656817754581425 3.8595199584960938 7.440114498138428
5.970311164855957 6.8800002417586175 2.9401164054870605 3.0801613330841064
4.06729793548584 6.470806839855356 3.6956982612609863 5.2358317375183105
3.3380563259124756 5.249322552169872 4.2059221267700195 7.563413619995117
2.480774164199829 2.8745228282517328 4.374627590179443 8.966303825378418
6.955811023712158 8.22154277396487 3.1670594215393066 3.3392229080200195
5.05668830871582 8.550875484405424 4.131009101867676 6.127512454986572
4.356934547424316 5.658120054675862 4.8441643714904785 9.22246265411377
3.2924280166625977 5.148102757124391 5.102318286895752 11.090914726257324
3.9111201763153076 4.0342235419630015 3.1569066047668457 3.420893907546997
3.1977338790893555 5.170084681885328 3.9455063343048096 5.566137790679932
2.7848050594329834 4.870277995730248 4.387300968170166 7.628750324249268
1.9892468452453613 3.3442471776136244 4.443429470062256 8.824634552001953
4.365602970123291 4.4821690750832515 3.3895657062530518 3.5225605964660645
4.240383148193359 6.448627995732977 4.352283954620361 6.352868556976318
2.4631471633911133 4.4399998163421515 4.9521965980529785 9.19746208190918
2.4438633918762207 4.392243550269768 5.092358589172363 10.81416130065918
5.392535209655762 5.838926901975427 3.704791307449341 3.5840866565704346
4.816906929016113 7.527576341704503 4.928427219390869 7.585421562194824
3.9845821857452393 6.810570929275904 5.769096851348877 11.424784660339355
4.329829692840576 6.221420356312109 6.016845226287842 13.589177131652832
3.7439157962799072 4.316547384358728 1.5186247825622559 1.559199571609497
3.2187204360961914 5.758061417934385 1.7445919513702393 2.234424352645874
2.8983500003814697 4.515358194649707 2.0078201293945312 3.0769436359405518
2.7579896450042725 4.926660372410165 2.168152093887329 3.6644551753997803
4.3080267906188965 5.129921253753594 1.5954176187515259 1.640044927597046
3.1924843788146973 5.671888310039344 1.853361964225769 2.4070441722869873
3.2771029472351074 6.601327324051935 2.154688596725464 3.384159564971924
3.027764081954956 5.186930303043482 2.336573839187622 4.0700907707214355
5.192250728607178 6.309346901433003 1.708357810974121 1.758654236793518
4.469952583312988 8.16581372153987 2.0091023445129395 2.6524627208709717
3.9207255840301514 6.107515004050981 2.359250545501709 3.8149948120117188
3.378518581390381 5.635793120536164 2.566692352294922 4.634834289550781
4.7546257972717285 5.471693410096295 1.7510385513305664 1.7983163595199585
2.5361204147338867 4.757974613342384 2.0198512077331543 2.6628990173339844
2.677278518676758 5.266909743810174 2.3521642684936523 3.7597341537475586
2.984659433364868 5.5566877896005735 2.5393269062042236 4.506998538970947
5.444575309753418 6.4033490260487405 1.8615946769714355 1.9152699708938599
3.8746020793914795 7.306158160392101 2.183595657348633 2.9339277744293213
3.6472134590148926 6.331656610239094 2.579772710800171 4.261930465698242
3.7918124198913574 5.942669798764756 2.801126480102539 5.175080299377441
6.374191761016846 7.644359714542134 2.0311596393585205 2.0947210788726807
4.104879856109619 7.047856304281311 2.4296748638153076 3.3386662006378174
4.837919235229492 8.648298445684418 2.9116859436035156 4.998358726501465
3.205779790878296 5.790191006541253 3.1747994422912598 6.144854545593262
5.012788772583008 5.829301180629509 2.0245554447174072 2.0759923458099365
4.409531593322754 7.728259282387583 2.289364814758301 3.128633737564087
2.4500224590301514 3.8658848685281555 2.7030763626098633 4.471253395080566
2.1920998096466064 4.541459638243786 2.904182195663452 5.349367618560791
5.9990410804748535 7.031283674810492 2.166374444961548 2.2256622314453125
4.563878536224365 7.764824968252242 2.5064520835876465 3.4985458850860596
3.5104260444641113 5.429653204123099 3.0142743587493896 5.183170795440674
3.486074209213257 6.957189270028085 3.2619917392730713 6.297036647796631
7.28044319152832 8.67087288269579 2.3902556896209717 2.463639974594116
5.1595139503479 7.410256388188209 2.845424175262451 4.074947357177734
4.160378932952881 6.23212811281169 3.481776475906372 6.25876522064209
4.10736608505249 6.514140956799498 3.7871618270874023 7.7089924812316895
4.287808418273926 5.011037934957358 2.34505033493042 2.5859310626983643
4.15116548538208 6.773280313092556 2.5724551677703857 4.022554874420166
3.1313767433166504 5.836114634561916 3.0364646911621094 5.154373645782471
2.902484655380249 5.771236019960867 3.2203023433685303 6.083513259887695
4.9437971115112305 5.098287769423791 2.5206241607666016 2.7924373149871826
4.662450790405273 7.782491610606257 2.8497586250305176 4.489451885223389
3.0695199966430664 5.142171762779483 3.423612117767334 6.061619758605957
3.040949821472168 4.699353837472741 3.6631693840026855 7.282105922698975
5.608565807342529 6.597404736202634 2.7944633960723877 3.1121537685394287
5.995178699493408 8.51004569717151 3.275836944580078 5.198358535766602
4.10028600692749 6.458899022089435 4.014345645904541 7.454464912414551
4.045847415924072 6.347485040836187 4.321644306182861 9.088464736938477
3.971419095993042 4.528189660699908 1.576279878616333 1.6222683191299438
3.6396679878234863 6.274344760934838 1.791211724281311 2.316370725631714
2.821751594543457 5.940091875949918 2.040360689163208 3.188490390777588
2.1516306400299072 4.344450459125855 2.1968722343444824 3.772179126739502
4.590008735656738 5.4372984158208055 1.6553782224655151 1.7029684782028198
3.7382969856262207 6.124620815985018 1.8999192714691162 2.4850451946258545
2.663048267364502 5.603890794378145 2.180619478225708 3.48529052734375
2.996988296508789 5.001082562008847 2.3559226989746094 4.162786960601807
5.235708236694336 6.405233670458593 1.7679418325424194 1.8189960718154907
3.972456932067871 6.069542997914461 2.0536277294158936 2.7224879264831543
3.415611505508423 6.47573944760552 2.374969482421875 3.8948442935943604
3.445995330810547 7.005866112284139 2.5724096298217773 4.696232795715332
4.698816299438477 5.448579634166322 1.9207159280776978 1.9923896789550781
2.8880739212036133 4.583635252703289 2.1232476234436035 2.8052101135253906
3.0478618144989014 5.96715660238209 2.3689424991607666 3.8854825496673584
2.4926533699035645 5.323739397429222 2.5407087802886963 4.6048150062561035
5.369196891784668 6.417164158978566 2.0311992168426514 2.1041669845581055
3.946802854537964 6.90169997583763 2.288193464279175 3.076961040496826
3.2991702556610107 6.654900068603041 2.5813381671905518 4.368967533111572
1.769004225730896 4.319103078488036 2.782705545425415 5.24005651473999
6.27679967880249 7.726808763715194 2.1926639080047607 2.270479917526245
4.904817581176758 8.052046268004688 2.5272183418273926 3.4700682163238525
4.060901165008545 5.71498925203521 2.8846893310546875 5.057503700256348
2.7771995067596436 5.662493078282523 3.1216320991516113 6.134496688842773
4.98854923248291 5.836617245982097 2.4627346992492676 2.6006312370300293
4.057909965515137 5.157365468483249 2.54107403755188 3.4157848358154297
2.668060302734375 5.390571331175124 2.6862642765045166 4.581785678863525
1.8831924200057983 4.918388511015564 2.852508306503296 5.39593505859375
5.926872253417969 7.076101542501007 2.6006903648376465 2.7378957271575928
4.364877700805664 6.827423413561519 2.7658183574676514 3.8079991340637207
3.8261866569519043 7.442288818224355 2.969161033630371 5.2623372077941895
2.3922863006591797 4.936064827524888 3.1741020679473877 6.279034614562988
7.03178596496582 8.636998140088394 2.804537296295166 2.9497501850128174
5.256980895996094 7.578238637343702 3.097058057785034 4.388002872467041
4.171230316162109 7.938981786670865 3.3821442127227783 6.250303745269775
3.3133554458618164 5.249824957912381 3.633704662322998 7.548637866973877
3.895432233810425 4.111666576964751 2.6955795288085938 2.981762170791626
4.176795959472656 6.116710738391433 3.117719888687134 4.309587478637695
2.123307704925537 4.807442941754289 2.9621078968048096 5.190234661102295
1.2129610776901245 1.8699921655350948 3.097867965698242 6.035246849060059
4.72569465637207 5.009812787315241 2.8776447772979736 3.192049980163574
4.014918327331543 5.895710798136349 3.412313222885132 4.85996675491333
2.811962366104126 5.148691702354133 3.307004451751709 6.053511142730713
1.9030300378799438 4.723787197366619 3.4829092025756836 7.128094673156738
5.661458492279053 6.298481745974172 3.146333694458008 3.5029380321502686
5.554168701171875 8.507192739052925 3.8411550521850586 5.667780876159668
4.735279560089111 6.925514996702702 3.8140270709991455 7.313672065734863
3.4022610187530518 6.144942429824361 4.041301250457764 8.714285850524902
4.20584774017334 4.7548072610464285 1.5878969430923462 1.6337414979934692
3.7344164848327637 6.539908019608106 1.820235252380371 2.332547187805176
2.317091941833496 3.998018401425508 2.065824508666992 3.169668436050415
2.6476659774780273 3.8012666852967314 2.213559150695801 3.7228565216064453
4.651982307434082 5.473348285376318 1.6620547771453857 1.7126039266586304
4.774500846862793 7.151757089360155 1.924316167831421 2.504126787185669
2.655064105987549 5.044471930982354 2.2033746242523193 3.4766058921813965
2.3730058670043945 4.731943995256643 2.3693625926971436 4.126934051513672
5.3163909912109375 6.449883772244448 1.7690002918243408 1.8249415159225464
4.845716953277588 8.404293214669622 2.0742814540863037 2.7434465885162354
4.38620662689209 7.560297199179524 2.400226593017578 3.900513172149658
3.073829174041748 6.106794682613732 2.5907204151153564 4.682581901550293
5.051070690155029 5.811582170844508 1.9694925546646118 2.0260775089263916
4.464670658111572 7.2203236696335935 2.2355101108551025 2.922729253768921
3.251084327697754 5.950416236237061 2.4881668090820312 3.976040840148926
2.560668706893921 4.788008532715821 2.6277129650115967 4.651473522186279
5.692500591278076 6.727274480645747 2.0666346549987793 2.1364431381225586
4.907771587371826 7.721937439687849 2.395469903945923 3.2103564739227295
3.8123574256896973 6.4092250349476885 2.7118632793426514 4.507718563079834
2.078835964202881 4.244968284468111 2.881812572479248 5.3474016189575195
6.528550624847412 7.778731517699725 2.2190134525299072 2.301403045654297
3.52832293510437 5.61456860215651 2.6365764141082764 3.6239867210388184
4.27285623550415 7.276807718894588 3.0407581329345703 5.265548229217529
4.231060028076172 7.234416825019451 3.2512996196746826 6.335917949676514
5.448489189147949 6.310152794595751 2.566105842590332 2.623537063598633
3.9280059337615967 5.336788744510841 2.783942937850952 3.688889503479004
2.8757119178771973 4.919982271098414 2.961963653564453 4.891915798187256
2.72583270072937 5.210450760213439 3.054504632949829 5.637074947357178
6.234792232513428 7.379477594538682 2.6772336959838867 2.7523157596588135
5.1891069412231445 7.819227868555224 3.001394510269165 4.116882801055908
3.7220141887664795 5.366032980134046 3.2780721187591553 5.692268371582031
3.3885316848754883 6.779275942489961 3.4127731323242188 6.666501998901367
7.33019495010376 8.779009532790042 2.866666793823242 2.9662652015686035
5.5783562660217285 8.17252041700067 3.343907594680786 4.754512786865234
3.69868540763855 5.683289181045657 3.7551753520965576 6.8581719398498535
3.6681973934173584 7.17771338018224 3.9439501762390137 8.158706665039062
4.383626461029053 4.780329444049926 2.699441432952881 2.8758773803710938
3.8600046634674072 6.186603406190173 3.4530892372131348 4.723628997802734
2.1946136951446533 3.65315304134225 3.426060914993286 5.791935443878174
3.158660411834717 5.5410180656602535 3.432155132293701 6.520023345947266
5.219611644744873 5.669500830190131 2.8481128215789795 3.0760810375213623
4.969468593597412 7.49132239528825 3.739567756652832 5.3167805671691895
3.298325538635254 6.282663259351239 3.829253673553467 6.856624603271484
3.2126412391662598 5.704035477425805 3.882171392440796 7.858070373535156
5.9942169189453125 6.497713481750679 3.0891432762145996 3.3801920413970947
4.989933013916016 7.997951297178149 4.194192409515381 6.205387115478516
4.0187530517578125 7.323651829990467 4.445412635803223 8.427498817443848
3.3821218013763428 6.249995995611243 4.558123588562012 9.819759368896484
4.497219562530518 5.5787299260332475 1.6957273483276367 1.7728791236877441
3.791374683380127 6.649013520681592 2.010404109954834 2.7091684341430664
1.779233455657959 2.732466030567821 2.2505946159362793 3.627501964569092
2.7702291011810303 4.880228729405275 2.3715076446533203 4.224349498748779
4.965451717376709 6.139339752553525 1.7863712310791016 1.87346351146698
4.511293411254883 6.922314340583682 2.146174430847168 2.9467153549194336
3.3230388164520264 4.980754289987999 2.42010498046875 4.014914035797119
2.065340042114258 3.225330910669406 2.5545639991760254 4.709610462188721
5.581542491912842 7.329016231435881 1.9209582805633545 2.0212624073028564
4.380711555480957 7.318942047144446 2.344404935836792 3.287938117980957
4.075450420379639 6.9930229658735 2.6634867191314697 4.565713882446289
3.2352242469787598 5.88051712562627 2.8137969970703125 5.392816066741943
5.479557037353516 6.6886444876675455 2.117544174194336 2.2225890159606934
3.667098045349121 6.0384264775783265 2.482863426208496 3.4176433086395264
3.2355856895446777 4.746617471851955 2.720001697540283 4.568078994750977
1.881515383720398 3.846935182264758 2.822007179260254 5.297306537628174
6.050199508666992 7.376445772263594 2.243114709854126 2.366589307785034
4.777157306671143 7.694836137972118 2.695026397705078 3.8118748664855957
3.6625924110412598 6.088216578995258 2.993901252746582 5.225648403167725
2.7304840087890625 5.087443036085375 3.116874933242798 6.115040302276611
6.76964807510376 8.675274351128783 2.4409947395324707 2.5896072387695312
4.525537490844727 8.095399776396903 3.019479513168335 4.401544570922852
4.312323570251465 6.874101529855466 3.401901960372925 6.1943278312683105
3.6889262199401855 6.4849441572490925 3.5492541790008545 7.304230213165283
5.739737510681152 7.044013916475336 2.715151309967041 2.8584468364715576
3.775998115539551 6.026161106971569 3.07068133354187 4.307370662689209
3.6300723552703857 6.564198731159195 3.2243292331695557 5.5915207862854
1.521377682685852 2.756940774297064 3.2668888568878174 6.381756782531738
6.438363552093506 7.918550325526606 2.8728342056274414 3.050973415374756
4.877525806427002 7.714747110373537 3.3689911365509033 4.898958683013916
3.0459539890289307 5.702897290746364 3.609332799911499 6.559013843536377
2.095763921737671 2.671564397970087 3.678835391998291 7.565269470214844
7.387353420257568 9.330470651018857 3.1372110843658447 3.361640214920044
5.435176849365234 9.733958454118653 3.8359389305114746 5.795853137969971
4.06606912612915 6.869177826471997 4.198910713195801 8.01246452331543
2.2408273220062256 4.3713494035885105 4.297665119171143 9.320439338684082
4.72641134262085 5.45353616273087 2.9565868377685547 3.353097677230835
3.6318843364715576 5.182040931075676 3.7630269527435303 5.384519100189209
3.215397834777832 6.019294487006846 3.696467638015747 6.552968978881836
2.562211036682129 5.092758149875976 3.6437489986419678 7.309001922607422
5.3545074462890625 5.966110415359225 3.17787766456604 3.641033172607422
4.5802812576293945 7.428000894595788 4.1449809074401855 6.206785202026367
4.407164573669434 7.222299210836158 4.182776927947998 7.81794548034668
3.490069627761841 5.12538452421062 4.156695365905762 8.820651054382324
5.860987663269043 6.891676971905767 3.5332937240600586 4.095775127410889
5.537230968475342 9.035745827645506 4.753161907196045 7.447396755218506
3.768697738647461 6.429328766253775 4.935399532318115 9.723734855651855
3.811532974243164 6.185806509835949 4.938751220703125 11.081437110900879
4.077362060546875 4.750570297958802 1.4702260494232178 1.5161616802215576
3.38840651512146 5.68078475838459 1.7273515462875366 2.2210068702697754
3.3551900386810303 6.036966145785527 1.9870802164077759 3.0539755821228027
2.781797409057617 5.17179042915086 2.141528844833374 3.6367416381835938
4.318653583526611 5.226196739376974 1.537023901939392 1.5877389907836914
3.9516215324401855 7.087351432823141 1.821116328239441 2.378337860107422
3.6977713108062744 5.605696940695803 2.115077257156372 3.338975667953491
3.029534339904785 5.2598527877439665 2.2901089191436768 4.018186092376709
4.873420715332031 6.121999579190543 1.6328930854797363 1.6893889904022217
4.0421528816223145 7.716674726050684 1.954616665840149 2.593470335006714
4.191990375518799 7.277119501871766 2.295039176940918 3.724116802215576
3.7064590454101562 5.762104894843901 2.4970366954803467 4.532296180725098
4.676891326904297 5.5640769857906776 1.7165194749832153 1.7813230752944946
4.511388301849365 6.884685579466577 2.0346720218658447 2.6767194271087646
3.9774832725524902 6.918495765690125 2.3376195430755615 3.721710205078125
2.5026021003723145 3.9249041255531836 2.5002970695495605 4.440037727355957
5.200522422790527 6.364460501508987 1.8100202083587646 1.8791054487228394
4.765500068664551 6.830942758056352 2.1761844158172607 2.9199488162994385
4.433676242828369 7.675522813105801 2.539313554763794 4.1897358894348145
4.035374641418457 7.090943800106899 2.736149787902832 5.073037147521973
5.863299369812012 7.358396177515001 1.9466140270233154 2.0235350131988525
4.795863151550293 7.337717810877592 2.3808836936950684 3.26574444770813
3.3323934078216553 5.59552743775204 2.8286256790161133 4.846868515014648
3.836376905441284 6.376683911732783 3.072237968444824 5.95774507522583
5.058184623718262 6.067027613751804 2.075658082962036 2.195452928543091
4.3712992668151855 7.512437762297768 2.410349130630493 3.2610809803009033
2.6076507568359375 4.838766906825242 2.7176361083984375 4.4545512199401855
3.203256130218506 5.3571390379431705 2.8622922897338867 5.262589454650879
5.695868492126465 6.948964426011571 2.186983346939087 2.3166794776916504
5.173845291137695 8.184102231438828 2.6037096977233887 3.6015443801879883
4.113038539886475 7.205550292513976 2.9983861446380615 5.131254196166992
2.9009153842926025 5.8745981905174744 3.1889731884002686 6.177513599395752
6.525567531585693 8.172516039773882 2.357349157333374 2.497681140899658
4.6273064613342285 8.440710147575032 2.8845455646514893 4.095522403717041
4.081696510314941 6.346915262715214 3.4049088954925537 6.105826377868652
2.540062427520752 4.0741382060475075 3.6622018814086914 7.483448028564453
3.6593523025512695 4.101363867726247 2.1790363788604736 2.473726987838745
4.185269355773926 7.236116714757372 2.951876640319824 4.107987403869629
3.344346284866333 5.747555231518234 3.080162763595581 5.167635440826416
3.035752058029175 4.952710308104869 3.177138090133667 5.982123374938965
4.719488620758057 4.927700444398624 2.324889898300171 2.643500328063965
4.64260721206665 7.653361720833232 3.1914849281311035 4.6036272048950195
3.4945762157440186 7.011478167610335 3.4397132396698 6.053601264953613
3.5571889877319336 6.202777024431072 3.5851635932922363 7.161879539489746
4.879955291748047 6.00240044684422 2.5426535606384277 2.8938918113708496
5.505270957946777 9.013728656615704 3.5492706298828125 5.310519218444824
4.373910427093506 7.336639600630772 3.958097219467163 7.349075794219971
4.505659580230713 7.632110016988676 4.180184841156006 8.864795684814453
3.91207218170166 4.334100881021641 1.5375220775604248 1.5757129192352295
3.794065237045288 6.431646257277976 1.7504650354385376 2.1945855617523193
3.2197697162628174 5.3808678538864 1.982678771018982 2.9624955654144287
2.184605360031128 4.181721737031239 2.124110460281372 3.515897274017334
4.345497131347656 4.866591470515004 1.610392689704895 1.6524885892868042
3.265793800354004 4.997078825995628 1.8503514528274536 2.3472630977630615
3.389693021774292 6.021239757490434 2.1140317916870117 3.226142644882202
2.775388479232788 5.172553450226587 2.2725484371185303 3.862701654434204
5.087464809417725 6.148820792318368 1.7128591537475586 1.760499358177185
4.718974590301514 7.3257415039795735 1.9896010160446167 2.5600428581237793
3.890418767929077 6.445390387024645 2.29584002494812 3.5912208557128906
3.731428623199463 6.206551035817881 2.4774045944213867 4.342386245727539
4.688436508178711 5.229896365519522 1.8172513246536255 1.86309015750885
3.9464900493621826 5.49621991552803 2.0670244693756104 2.63533091545105
2.7358829975128174 4.6416359589977105 2.3228914737701416 3.5946643352508545
2.2236990928649902 4.37670131214486 2.469726800918579 4.279808044433594
5.264442443847656 6.015723802054254 1.9183107614517212 1.970450520515442
4.227651596069336 6.732554950768844 2.2172963619232178 2.875105619430542
4.064147472381592 7.265362015672124 2.5279319286346436 4.026787757873535
3.442502498626709 5.387194608430789 2.701849937438965 4.849723815917969
6.214918613433838 7.40781446615847 2.0643513202667236 2.125974416732788
5.662406921386719 8.21140572997622 2.4321329593658447 3.2190048694610596
4.864905834197998 7.600227621715696 2.8182239532470703 4.6416015625
3.232534170150757 6.398308901042469 3.0295324325561523 5.659444332122803
4.922426700592041 5.554941731084909 2.237088918685913 2.288806438446045
3.6425631046295166 5.050220391411472 2.458587884902954 3.17104434967041
3.8101959228515625 6.170219465887442 2.673081874847412 4.25428581237793
2.663088321685791 4.88163799378891 2.7981326580047607 5.02651834487915
5.7628092765808105 6.624945892808579 2.355170249938965 2.412796974182129
5.06778621673584 6.866787179285893 2.6561546325683594 3.5046210289001465
3.4452943801879883 6.494165739682629 2.9516639709472656 4.868009090423584
2.296217679977417 3.425357214232463 3.113682746887207 5.830897808074951
7.023709297180176 8.278237927030624 2.5332188606262207 2.6039626598358154
5.451995849609375 8.694316870453633 2.946030855178833 3.9932055473327637
4.320525169372559 7.2390846093757935 3.354177236557007 5.758003234863281
4.125236511230469 6.7417876810242205 3.5670127868652344 6.995352745056152
3.1407017707824707 3.4234327705185024 2.398989677429199 2.6482644081115723
4.276149272918701 7.428316559048653 3.2329442501068115 4.22493314743042
3.394105911254883 5.425984613379569 3.006941318511963 4.877848148345947
2.6247799396514893 5.2592428743406 3.070115804672241 5.651031017303467
4.958990573883057 5.093025865736763 2.554455280303955 2.8324942588806152
4.263124942779541 7.58604199398971 3.470064401626587 4.674147129058838
3.570835590362549 6.144302673152293 3.34828782081604 5.659639358520508
3.288271427154541 5.483287897005539 3.454230785369873 6.657256603240967
5.855745792388916 6.697343810306279 2.7961623668670654 3.111473560333252
4.984305381774902 7.801001813346616 3.8260974884033203 5.343002796173096
4.913486480712891 6.613751904129913 3.8472812175750732 6.803365230560303
3.9779539108276367 7.882420816082757 4.012956142425537 8.130576133728027
4.058688640594482 4.526145025623464 1.447195291519165 1.4914084672927856
4.1034650802612305 6.081861580201462 1.6694250106811523 2.152141571044922
3.0737030506134033 5.59499532918084 1.90609872341156 2.9148917198181152
2.150177001953125 3.3409495037557804 2.0530312061309814 3.4275848865509033
4.481663227081299 5.244555352353272 1.5128346681594849 1.5606696605682373
3.9948036670684814 6.705553675086055 1.7597428560256958 2.298297166824341
3.2444028854370117 5.937506850551866 2.021580934524536 3.1730141639709473
2.995931625366211 4.362546523783976 2.1827280521392822 3.7699999809265137
5.091276168823242 6.3794080293888555 1.6080635786056519 1.6605318784713745
4.861205101013184 8.204655787002764 1.8886919021606445 2.501298427581787
4.061591625213623 6.624561011576958 2.1842658519744873 3.5210537910461426
3.086210250854492 4.5653039626228065 2.363701581954956 4.2236762046813965
4.82852840423584 5.439278271873263 1.6516226530075073 1.7116551399230957
3.7089898586273193 5.419668826960333 1.9058879613876343 2.5075595378875732
3.4984240531921387 6.466915829789045 2.166787624359131 3.427152395248413
3.084383487701416 5.577432055444319 2.3272085189819336 4.0503740310668945
5.272990703582764 6.245352039603588 1.743428349494934 1.8091052770614624
4.86126184463501 7.690008625408325 2.039569139480591 2.73195743560791
3.8902249336242676 7.757798298094713 2.3428988456726074 3.832329750061035
3.2287893295288086 5.819565152524966 2.5265958309173584 4.589252471923828
6.012803077697754 7.418192919706144 1.8821101188659668 1.955209732055664
5.6013312339782715 8.76780559462087 2.2380383014678955 3.0566275119781494
4.43639612197876 6.9028780719161205 2.6001574993133545 4.403904438018799
3.0718436241149902 5.461697875271252 2.8144214153289795 5.3362345695495605
4.973968982696533 5.703189718282488 1.968233585357666 2.044506788253784
4.577784538269043 6.888537384495621 2.1909868717193604 2.932844400405884
3.200299024581909 5.749279623236362 2.4235661029815674 3.94374418258667
2.350276470184326 4.614985814009287 2.5769097805023193 4.636193752288818
5.759304523468018 6.846886701111373 2.074681043624878 2.169119119644165
4.414427757263184 7.418345731460192 2.3632280826568604 3.241018056869507
3.297581672668457 5.513207795865242 2.658031940460205 4.499759197235107
3.951507568359375 6.581088087563582 2.843317985534668 5.373656749725342
6.673332691192627 8.20300557074804 2.2461438179016113 2.356933116912842
4.0922651290893555 7.37067778673363 2.6288344860076904 3.6962575912475586
4.821274757385254 8.127203079913073 3.0103745460510254 5.308427333831787
4.041574954986572 5.585308799144613 3.2386295795440674 6.428755760192871
4.042713165283203 4.369128841739666 2.134287118911743 2.423719882965088
3.9627842903137207 5.345629365753382 2.9525787830352783 3.9172825813293457
3.62870454788208 6.525994151203918 2.667186737060547 4.433742523193359
2.579796075820923 4.394380977459264 2.77999210357666 5.120492458343506
4.561176300048828 4.920218085406461 2.271084785461426 2.5930941104888916
3.804403781890869 5.907432228508608 3.1252429485321045 4.362001419067383
3.221789598464966 5.894139814343816 2.9518532752990723 5.13239860534668
2.359865188598633 4.38323900914942 3.1015238761901855 6.027352333068848
4.383031368255615 4.9622380592460535 2.4863362312316895 2.851313352584839
4.467724323272705 7.6939172748893725 3.411090850830078 4.9812211990356445
4.915923595428467 8.03345028414105 3.386187791824341 6.157817840576172
4.272852897644043 6.608423682717898 3.5862855911254883 7.348443508148193
4.351186275482178 5.072577096530949 1.5981866121292114 1.652527093887329
2.647181510925293 4.692513277766693 1.8477756977081299 2.4100964069366455
2.9146804809570312 5.0847798934325965 2.098802328109741 3.306786298751831
2.5754408836364746 5.274605397456099 2.243272066116333 3.9384326934814453
4.848012924194336 5.760125601545042 1.6806100606918335 1.7417703866958618
3.9457719326019287 5.846536397780582 1.9633740186691284 2.6092045307159424
3.4767918586730957 5.739671414494069 2.245710611343384 3.64388370513916
3.1102306842803955 5.22890765219239 2.405081272125244 4.365339756011963
5.373527526855469 6.4668484689683225 1.8039796352386475 1.8725841045379639
5.1467461585998535 7.347497064201249 2.1290831565856934 2.8835012912750244
4.018077850341797 7.7286058584190584 2.448890209197998 4.0979323387146
3.491809368133545 5.742107596750831 2.625014543533325 4.937807083129883
5.329655170440674 6.23886070484923 1.9890615940093994 2.0635926723480225
4.197685241699219 6.812410670494046 2.270900011062622 3.0358309745788574
3.430854558944702 5.725111823649286 2.5298550128936768 4.163267135620117
1.4635138511657715 1.995056722863822 2.6663196086883545 4.9481096267700195
5.843794345855713 6.902841081681888 2.1009645462036133 2.1917669773101807
4.589360237121582 6.973356551333149 2.449220895767212 3.3653852939605713
3.6363089084625244 6.368497454037197 2.765111207962036 4.740085601806641
2.9094505310058594 5.71530789217195 2.924936532974243 5.680603504180908
6.468212604522705 7.839433326547848 2.28027081489563 2.3873510360717773
5.01906681060791 6.768038207468528 2.7142019271850586 3.837902069091797
4.371812343597412 7.3264400684373 3.0987353324890137 5.544887542724609
3.070572853088379 5.168256909867068 3.284783363342285 6.690701484680176
5.672219276428223 6.679400446579393 2.636148691177368 2.7041196823120117
4.4792022705078125 6.9519601313884465 2.817318916320801 3.8396666049957275
3.5328097343444824 6.477503062522487 3.000656843185425 5.116838455200195
2.514279842376709 4.523930361106235 3.0936222076416016 6.0012078285217285
6.339715480804443 7.496426456914207 2.767364263534546 2.869039297103882
4.818203449249268 7.9044448835616095 3.0651049613952637 4.336328029632568
3.203965663909912 4.989628605746816 3.3327527046203613 5.972687721252441
1.7170801162719727 2.73879314467888 3.4542863368988037 7.073801517486572
7.248852729797363 8.741851439679623 2.9930946826934814 3.131324052810669
5.2005109786987305 8.045734238656653 3.4400229454040527 5.058679580688477
4.062103271484375 6.794018759353264 3.807941198348999 7.188017845153809
3.644275665283203 6.6158267711064696 3.9618146419525146 8.573182106018066
4.168297290802002 4.515121953367611 2.7972452640533447 3.1659600734710693
4.263538360595703 6.8760396736854545 3.4608168601989746 4.802983283996582
2.6787726879119873 3.77988384992139 3.437697649002075 6.018707752227783
1.9168001413345337 3.901533834189763 3.4591221809387207 6.921231746673584
5.046360969543457 5.479617021295496 2.97526216506958 3.403325319290161
4.294462203979492 7.179852055053004 3.7839372158050537 5.497177600860596
3.213303804397583 5.316449605805282 3.863111972808838 7.150997638702393
2.192182779312134 4.4131057820591835 3.9106006622314453 8.303287506103516
6.053009510040283 6.765365745972758 3.2692785263061523 3.767191171646118
5.803073406219482 8.57073770286892 4.278301239013672 6.520524024963379
4.052810192108154 6.8718769910731226 4.469919681549072 8.76296329498291
2.4411654472351074 5.1995537241855345 4.547164440155029 10.244903564453125
4.498905181884766 5.087224464340068 1.5653053522109985 1.6157859563827515
3.698608875274658 5.699227605807607 1.854267954826355 2.401329278945923
3.190523624420166 4.855394234225798 2.1313729286193848 3.2660813331604004
2.604060411453247 4.2820767634169385 2.304384708404541 3.871845006942749
4.644536972045898 5.543273873788152 1.6248890161514282 1.682376503944397
3.113234758377075 5.174956018406192 1.9440693855285645 2.5466127395629883
3.499720335006714 6.70427140401307 2.25689435005188 3.5287084579467773
3.2982733249664307 5.255235584339892 2.454429864883423 4.235368251800537
5.006669521331787 6.198954680548468 1.7071542739868164 1.7720338106155396
4.7860517501831055 7.957315125494006 2.065829277038574 2.7437593936920166
4.059846878051758 6.567725214582907 2.424828290939331 3.885647773742676
3.562206506729126 5.909272377509069 2.653390407562256 4.725057125091553
5.3458709716796875 6.136229520218706 1.9380241632461548 1.9853094816207886
3.9801788330078125 6.524922846014761 2.288756847381592 2.986069679260254
3.374338388442993 5.555525117658419 2.6075377464294434 4.1007795333862305
2.0403928756713867 3.5477463402061886 2.791966199874878 4.869476795196533
5.633761882781982 6.719495424883462 2.013641119003296 2.071626901626587
4.8466057777404785 8.067399685007103 2.4204001426696777 3.214104175567627
4.249446868896484 7.3759116148874995 2.803654193878174 4.541284084320068
2.936681032180786 5.763423432284895 3.0298044681549072 5.484221458435059
6.118799686431885 7.501022186943828 2.11993408203125 2.1913392543792725
4.938649654388428 7.757283411870695 2.600494146347046 3.52972674369812
4.439469337463379 8.013196102082588 3.0683019161224365 5.149487018585205
3.286283493041992 6.005951764993736 3.3485019207000732 6.325233459472656
5.6135687828063965 6.477502736137012 2.49674129486084 2.5419259071350098
4.0458903312683105 6.904137565089809 2.8598148822784424 3.7753958702087402
4.438638210296631 7.100829394170432 3.153541326522827 5.094090938568115
2.6615188121795654 4.618861892953191 3.309807300567627 5.967623710632324
6.192254066467285 7.285942131823477 2.5823616981506348 2.646683931350708
4.856604099273682 7.8466223360712775 3.042461395263672 4.117565155029297
4.403025150299072 7.82451989580386 3.4320242404937744 5.754878520965576
3.4917948246002197 5.853663662335293 3.6443192958831787 6.87257719039917
6.785587787628174 8.280002842087015 2.709707260131836 2.7940776348114014
5.632680892944336 8.814523461494673 3.295140027999878 4.591680526733398
4.6396403312683105 7.813600366879484 3.809051990509033 6.6719889640808105
4.083888053894043 6.309439616415148 4.094015121459961 8.119673728942871
4.388687610626221 4.787426707773534 2.501372814178467 2.6878011226654053
3.370898485183716 4.560471981094452 3.54057240486145 4.814802646636963
3.9699547290802 6.094629673266542 3.6815006732940674 6.106052398681641
3.0006368160247803 5.646300516345321 3.7673892974853516 6.978058815002441
4.999930381774902 5.16624593904902 2.6285881996154785 2.8441569805145264
4.348570823669434 5.3961981275803055 3.781752109527588 5.3185014724731445
3.3301427364349365 5.693392662909673 4.039366245269775 7.004593372344971
2.6492063999176025 4.094624684893972 4.190427780151367 8.158696174621582
4.745677947998047 5.110662139153646 2.8072619438171387 3.0625414848327637
5.287306785583496 8.564722191122836 4.12039852142334 6.0131707191467285
3.7499399185180664 6.734324891557549 4.529575347900391 8.247159004211426
3.5255565643310547 6.528578427303017 4.761519908905029 9.790842056274414
4.22279691696167 4.696338274294703 1.5209078788757324 1.5603803396224976
3.8115878105163574 6.099107612351418 1.7548760175704956 2.229628562927246
2.910881996154785 4.980538901052114 2.0071535110473633 3.0297293663024902
2.546215772628784 4.346154878390671 2.159564971923828 3.597505569458008
4.691084384918213 5.481027952476083 1.5915130376815796 1.6347687244415283
3.7479023933410645 5.989887181868312 1.8535197973251343 2.374650716781616
3.118466854095459 4.765068071149528 2.1383934020996094 3.285233736038208
2.9558568000793457 3.914892366813511 2.309929847717285 3.9412589073181152
5.218564033508301 6.262740810434717 1.6929121017456055 1.7408456802368164
4.103119850158691 6.50800053822846 1.99311101436615 2.5802643299102783
3.8933424949645996 6.731363606489481 2.31994366645813 3.6389853954315186
3.2658097743988037 6.454329765514274 2.514202356338501 4.407571315765381
5.094437122344971 5.747560576231308 1.79039466381073 1.8361936807632446
4.672825336456299 7.477653488768178 2.089521884918213 2.7070670127868652
3.2824602127075195 5.86144532146136 2.390299081802368 3.7365949153900146
3.1233391761779785 4.976727262411082 2.5555036067962646 4.451596260070801
5.551227569580078 6.500403513588253 1.8884224891662598 1.941190242767334
4.57534646987915 7.084332467302374 2.236898899078369 2.937511682510376
2.8922526836395264 4.243274525409674 2.5929346084594727 4.1594319343566895
3.0883448123931885 5.668772535041398 2.788597822189331 5.023001670837402
6.341005325317383 7.550516834811986 2.033609390258789 2.0957822799682617
5.293118000030518 8.819062072101588 2.4514193534851074 3.2730965614318848
3.957237958908081 6.15556056165542 2.881014108657837 4.761369228363037
3.755829334259033 6.844698700853542 3.113790273666382 5.82086706161499
5.311028003692627 6.044951811303331 2.2017109394073486 2.264484167098999
3.615107297897339 5.604726163447054 2.53985333442688 3.338559627532959
3.1677534580230713 5.028910916656276 2.837916374206543 4.55338716506958
2.425550937652588 4.732156057262586 2.9796249866485596 5.369409561157227
6.124545574188232 7.1107416293210335 2.320711135864258 2.3932411670684814
4.159615993499756 6.10100173621322 2.742431640625 3.6723766326904297
3.7628722190856934 4.955585125371783 3.1193625926971436 5.174058437347412
3.0099401473999023 5.9319842562500185 3.300117015838623 6.196686744689941
7.1643805503845215 8.477448965892055 2.503031015396118 2.589085102081299
5.668118953704834 8.536010221549986 3.038806438446045 4.164703845977783
3.3231632709503174 6.049002683457221 3.523513078689575 6.0668463706970215
3.581949472427368 5.093652714867652 3.7536568641662598 7.367851257324219
3.6353554725646973 3.9724328813162515 2.299771547317505 2.6441047191619873
4.1334228515625 5.847037639130974 3.358635902404785 4.489163875579834
3.5498063564300537 5.2748110677506475 3.315643548965454 5.434704780578613
2.4202985763549805 4.638527458969747 3.378819704055786 6.234467506408691
3.905938148498535 4.1502456034583375 2.451434373855591 2.81744122505188
5.066102981567383 7.680690264791437 3.618008613586426 5.000495910644531
3.5248496532440186 5.254422543324665 3.684218645095825 6.276308536529541
3.095961332321167 6.328858773233037 3.7812538146972656 7.31145715713501
5.352457046508789 5.925291955364742 2.675740957260132 3.0790932178497314
4.451404571533203 6.576757739392406 4.010652542114258 5.74255895614624
4.595761299133301 6.775608044990008 4.206409454345703 7.481466293334961
3.615821599960327 5.425426362097369 4.35118293762207 8.836578369140625
3.894174575805664 4.445417488292151 1.4909254312515259 1.5340349674224854
3.6073479652404785 6.3901220429559284 1.7304736375808716 2.2270216941833496
3.282031774520874 6.17949524531141 1.9757590293884277 3.0100033283233643
2.960292339324951 5.388098039522769 2.119041919708252 3.539461612701416
4.444382667541504 5.282629736828085 1.5565245151519775 1.6019608974456787
3.4817721843719482 6.548796496933591 1.8213515281677246 2.3658018112182617
3.0510499477386475 5.635703973311122 2.096348285675049 3.2500624656677246
3.0211985111236572 5.647215886108935 2.2567808628082275 3.8551480770111084
5.1084747314453125 6.24427213191445 1.6492418050765991 1.6988774538040161
4.803567886352539 8.356213605577977 1.9482148885726929 2.5587470531463623
3.7610936164855957 6.644931145147439 2.2620630264282227 3.576788902282715
3.4891602993011475 5.545555757941109 2.4437363147735596 4.278473854064941
4.595052242279053 5.330427208553942 1.7784960269927979 1.8265864849090576
4.235179424285889 7.185351835276947 2.0549540519714355 2.6792895793914795
3.459890842437744 6.189548090925001 2.311668872833252 3.62823748588562
2.696991205215454 5.276042314611857 2.4464879035949707 4.260228157043457
5.2428998947143555 6.269720112621563 1.8686668872833252 1.9200005531311035
4.198652744293213 6.212430858859193 2.1914560794830322 2.8972678184509277
3.661419630050659 7.549900106660445 2.498399019241333 4.021943092346191
3.175906181335449 5.631622126333726 2.6594295501708984 4.77821159362793
6.049252510070801 7.34943099277541 1.9997717142105103 2.0575618743896484
5.297887325286865 7.8746807316086205 2.386420965194702 3.209221124649048
3.6512770652770996 5.025748093970066 2.761948823928833 4.574057102203369
3.609421730041504 6.3772298003123336 2.9577348232269287 5.4958672523498535
4.7650017738342285 5.6280648965784295 2.260023355484009 2.2785720825195312
4.584280967712402 7.927571120722462 2.507638692855835 3.304325580596924
3.1241111755371094 5.076900876063066 2.694632053375244 4.336292743682861
2.8930962085723877 4.944791608460264 2.7786433696746826 5.000347137451172
5.580268859863281 6.704085605924888 2.3672165870666504 2.4026336669921875
5.029605865478516 7.371118587008596 2.6919686794281006 3.6212074756622314
3.2066597938537598 3.9073887812115515 2.952843427658081 4.906820297241211
3.189884901046753 6.1182802833029655 3.0692057609558105 5.740243434906006
6.4568376541137695 7.950096659014215 2.527543306350708 2.5820491313934326
5.856393814086914 9.252194739095557 2.960827112197876 4.078271389007568
4.18295431137085 5.562694773886676 3.323021173477173 5.722841739654541
4.06604528427124 7.903017016130985 3.484524726867676 6.787871360778809
3.2992095947265625 3.512681248063018 2.4093682765960693 2.633554220199585
3.075350522994995 4.80359269809257 3.2783713340759277 4.4094557762146
2.861447334289551 4.993633394952241 3.102971315383911 5.103402614593506
2.209686040878296 4.3663285825691105 3.077648162841797 5.671682834625244
4.346970558166504 5.037582797596805 2.555020570755005 2.807332992553711
4.710240840911865 7.861941331705182 3.538013458251953 4.915590763092041
4.009422302246094 6.678883869095689 3.4318184852600098 5.863012313842773
2.8095510005950928 4.898237102292601 3.4379642009735107 6.620442867279053
5.740995407104492 6.678470147798578 2.7658016681671143 3.057016134262085
5.016495227813721 8.072036322311895 3.9004881381988525 5.605201721191406
4.641736030578613 6.7170021189294005 3.9051613807678223 6.952632427215576
3.9562127590179443 7.409228324741036 3.9575421810150146 7.977848529815674
4.2223358154296875 4.857930658431542 1.5040512084960938 1.5496324300765991
3.928740978240967 6.473204732614704 1.7155368328094482 2.1782562732696533
3.035895347595215 5.639490504900095 1.9328749179840088 2.9041483402252197
2.30206561088562 3.809571392708122 2.0677664279937744 3.395092248916626
4.534605503082275 5.356808280038592 1.571627140045166 1.6210695505142212
4.481688022613525 7.0625292150657515 1.8088407516479492 2.3183882236480713
3.026259660720825 5.9605354449970935 2.0516231060028076 3.1372954845428467
3.201568126678467 4.997430738939784 2.2005715370178223 3.6980855464935303
5.0651116371154785 6.184829107524195 1.6685242652893066 1.7228875160217285
4.598433494567871 7.417896589577424 1.9399211406707764 2.5175893306732178
3.3687095642089844 6.164595581529625 2.215566635131836 3.4661991596221924
3.3245182037353516 6.903123613760812 2.3814804553985596 4.120582580566406
5.2218828201293945 5.870352094244367 1.8009669780731201 1.861717700958252
4.524435043334961 6.750363420324902 2.0314507484436035 2.6181013584136963
3.4819586277008057 6.514740489353926 2.239877939224243 3.47818660736084
2.4726169109344482 4.625813506148688 2.3645834922790527 4.059133052825928
5.560388088226318 6.501611273798492 1.8918187618255615 1.9607791900634766
4.383415222167969 6.783251896709999 2.1698355674743652 2.8381412029266357
3.444136381149292 6.1828812846010806 2.4218406677246094 3.8578059673309326
3.164022207260132 5.781107276946997 2.567394495010376 4.552716255187988
6.176724433898926 7.387097587979724 2.029890775680542 2.1081442832946777
4.969484329223633 8.27872576455826 2.372274875640869 3.1622962951660156
4.549056053161621 8.366229949719042 2.6823456287384033 4.410636901855469
3.1678521633148193 5.906000682562379 2.854094982147217 5.261665344238281
5.45125675201416 6.129913880281833 2.298827886581421 2.3656563758850098
3.607280969619751 5.67015617594916 2.453307628631592 3.2083187103271484
3.6796348094940186 6.123488022431161 2.5673460960388184 4.1027045249938965
3.0030221939086914 5.250318144189464 2.647470474243164 4.713511943817139
6.23646354675293 7.174381480120587 2.3962366580963135 2.4799728393554688
5.32352352142334 7.698589853630438 2.633779764175415 3.519052743911743
4.076147079467773 7.095930707397201 2.8149313926696777 4.646103858947754
2.763458490371704 4.666937855520587 2.9204061031341553 5.4098687171936035
7.062923431396484 8.236863071480741 2.5619490146636963 2.6655733585357666
5.628377437591553 8.475740415397922 2.9120728969573975 3.994455337524414
4.385952472686768 6.722627671996122 3.1792550086975098 5.457253932952881
3.7115793228149414 5.175724761832903 3.31669282913208 6.434322834014893
4.432902812957764 4.755312454419766 2.3592324256896973 2.5672085285186768
3.9461259841918945 5.437276704050291 3.2221245765686035 4.404024124145508
2.986433506011963 5.097580659397352 2.8873140811920166 4.737178325653076
2.8496758937835693 4.706808327005092 2.883345603942871 5.2721428871154785
5.022208213806152 5.840464509708411 2.4948604106903076 2.7348406314849854
4.598723888397217 7.090714150642839 3.4456911087036133 4.844045162200928
3.6676833629608154 5.530603699035964 3.1949710845947266 5.440816879272461
2.4611637592315674 4.771176447649125 3.217364549636841 6.1504316329956055
5.963562965393066 6.784311106112909 2.708281993865967 2.992053985595703
4.97592830657959 7.081654816028276 3.797219753265381 5.518902778625488
4.195365905761719 7.220285696190331 3.656721353530884 6.51077127456665
3.6501271724700928 5.875204131560281 3.709571599960327 7.461789131164551
3.2564122676849365 3.8724115602342692 1.4861807823181152 1.5339044332504272
2.5235116481781006 4.401849428383656 1.7462208271026611 2.2675578594207764
2.732935905456543 5.797458113209513 1.9992763996124268 3.078009605407715
1.7292582988739014 3.3617036587021687 2.141000986099243 3.6213841438293457
3.9271011352539062 4.777554540705729 1.5563750267028809 1.6082779169082642
3.467435121536255 4.95480753597235 1.8458749055862427 2.420862913131714
3.5536367893218994 6.309114483232573 2.1309053897857666 3.342973232269287
2.4920690059661865 5.188786728423181 2.288837432861328 3.9694318771362305
4.764422416687012 5.882999395310265 1.6564627885818481 1.7145055532455444
3.303997755050659 6.278875011825235 1.9851821660995483 2.6396405696868896
3.402897357940674 5.973544546263631 2.311399459838867 3.7138912677764893
3.005819320678711 6.049502072141593 2.489243745803833 4.448256015777588
4.064748287200928 4.811907861732379 1.6934692859649658 1.7499140501022339
2.963310480117798 5.610823033289677 2.0075368881225586 2.666200637817383
2.9104530811309814 5.554824377109327 2.304954767227173 3.6860647201538086
2.555326223373413 5.3889870850860575 2.4599051475524902 4.359016418457031
4.873874187469482 5.8417556837900975 1.7931592464447021 1.855787992477417
3.781442880630493 5.807188457447069 2.157797336578369 2.9092769622802734
3.4648940563201904 5.464504150169887 2.5089614391326904 4.122883319854736
2.6141300201416016 5.30796241141536 2.6891443729400635 4.9341654777526855
5.935798645019531 7.125107218498563 1.9380024671554565 2.010978937149048
5.381094932556152 8.38643131874312 2.372544765472412 3.264404296875
3.2191884517669678 5.212281542304829 2.7961695194244385 4.7502851486206055
2.6111340522766113 4.363189961847057 3.00931453704834 5.748600959777832
4.36456298828125 5.165987932966367 1.9205354452133179 1.994722843170166
3.5922491550445557 6.405229850906146 2.26773738861084 3.083606004714966
2.400275945663452 4.2314626237707404 2.597196578979492 4.293869495391846
2.5840141773223877 5.043170447134884 2.7551679611206055 5.070610523223877
5.360875606536865 6.399738284977386 2.045792579650879 2.1254255771636963
3.7012596130371094 6.57141912425314 2.469052791595459 3.419480562210083
2.9604289531707764 5.943804661550519 2.8744752407073975 4.912806987762451
3.203078269958496 5.817201620471479 3.06561279296875 5.883180618286133
6.562163352966309 7.967862342248306 2.2301902770996094 2.3229997158050537
4.9869771003723145 8.267193328052542 2.760549783706665 3.9204182624816895
4.1839599609375 6.641545894285727 3.271852970123291 5.818599224090576
3.8074729442596436 6.013940127156857 3.508185863494873 7.056621551513672
3.1831188201904297 3.674820434105328 2.3201324939727783 2.64371395111084
4.050928592681885 6.59360220697954 2.5362555980682373 3.5424084663391113
2.907733201980591 5.667726226754496 2.843541145324707 4.824710845947266
2.4985127449035645 4.04589567501813 2.9918935298919678 5.657095909118652
4.056092739105225 4.552453581984594 2.4762890338897705 2.8341381549835205
4.141613006591797 5.873483747660259 2.7887353897094727 3.9742326736450195
3.469804286956787 6.623457869166373 3.1844429969787598 5.606418609619141
2.4731926918029785 4.574183769241586 3.3701844215393066 6.674154281616211
4.116040229797363 5.048906514949072 2.7021865844726562 3.109886884689331
5.075454235076904 7.9733914558011065 3.156020164489746 4.629250526428223
4.564276695251465 7.443838838244947 3.677637815475464 6.762045860290527
3.3364574909210205 5.0065468738357595 3.9161007404327393 8.158411979675293
4.2908830642700195 5.5062853578091335 1.4870558977127075 1.5538054704666138
3.460552930831909 6.021270154802533 1.7824171781539917 2.422372579574585
2.752514600753784 5.80268194206354 2.039503335952759 3.3107151985168457
2.1227855682373047 3.905852324205398 2.1785662174224854 3.885984420776367
4.714364528656006 5.970915896991144 1.559296727180481 1.6311776638031006
3.88366961479187 6.5454375704405585 1.8861520290374756 2.5899033546447754
2.932352066040039 5.235732731496398 2.173661470413208 3.6015801429748535
3.0868172645568848 4.584847306701249 2.3283731937408447 4.271617412567139
5.268550872802734 6.7368436689756805 1.6654953956604004 1.7448790073394775
4.966189861297607 7.621298279293363 2.0352635383605957 2.8328094482421875
2.8939366340637207 5.862149557078847 2.3611087799072266 4.009631156921387
3.16557240486145 5.797632409752549 2.5338683128356934 4.799264430999756
5.307087421417236 6.642796607251853 1.7114886045455933 1.7917096614837646
3.8741281032562256 6.66725984805138 2.0730855464935303 2.8907971382141113
3.4445037841796875 5.7879896435592855 2.377711296081543 4.020544528961182
2.9481914043426514 5.228825636047333 2.527022123336792 4.732008457183838
5.861313819885254 7.246833353020649 1.814672827720642 1.9035753011703491
4.178987503051758 8.081661890062492 2.229464054107666 3.156813144683838
2.8861148357391357 4.794249145288404 2.585559844970703 4.501035213470459
3.0769026279449463 6.520105350261446 2.759669065475464 5.3711442947387695
6.4358930587768555 8.160016665790181 1.9728060960769653 2.074657917022705
4.571221351623535 7.724780278454801 2.4635250568389893 3.555229663848877
4.394183158874512 6.1513971493586155 2.8866379261016846 5.196455478668213
3.13265061378479 6.398458927440771 3.089360475540161 6.275537014007568
5.6144633293151855 7.061103626859449 2.0189321041107178 2.113783597946167
4.905404567718506 8.072360142105339 2.4095709323883057 3.43522572517395
2.7869787216186523 4.3803482856416025 2.7284433841705322 4.766332626342773
2.8744537830352783 5.750402385680445 2.868325710296631 5.57923698425293
6.314138412475586 7.840523402894106 2.1455025672912598 2.2557506561279297
5.425561428070068 8.532262370886201 2.617033004760742 3.8057806491851807
3.5774240493774414 6.229527744167022 3.011096954345703 5.455918312072754
2.582937717437744 3.9390344670833883 3.1844308376312256 6.491693019866943
7.126180171966553 9.208400444967992 2.348646402359009 2.479379892349243
4.724395275115967 8.07814953914476 2.93717622756958 4.374054431915283
3.896334648132324 6.885325857249562 3.4304797649383545 6.472485065460205
3.7292003631591797 5.2867061137058755 3.6422078609466553 7.80821418762207
3.088493824005127 3.4776028654407583 2.2540080547332764 2.6802446842193604
4.4042534828186035 7.602222694786178 2.841073751449585 4.121908664703369
3.220219373703003 5.18279291352701 3.049337387084961 5.445409297943115
2.177664279937744 3.862275727884537 3.1560609340667725 6.300749778747559
4.832125663757324 5.837635962143423 2.4142720699310303 2.876915454864502
5.418506622314453 8.575488035985018 3.095646381378174 4.608519077301025
4.040774822235107 5.715266463726039 3.3979833126068115 6.332542419433594
2.7424867153167725 5.4078149496172685 3.543386459350586 7.457499027252197
4.587381839752197 5.707717133397068 2.662360668182373 3.177473306655884
5.601963520050049 9.74449898009494 3.4956021308898926 5.354552268981934
4.201438903808594 7.385519881695814 3.92195987701416 7.652606964111328
3.7566542625427246 6.180100331940011 4.1107048988342285 9.1417818069458
3.3278732299804688 3.975309886846645 1.656751275062561 1.7212774753570557
3.4606504440307617 6.1523290701086 1.9551628828048706 2.5504724979400635
2.8369338512420654 4.928995869628864 2.2060561180114746 3.355912446975708
1.9848144054412842 3.617231920523352 2.326814889907837 3.866554021835327
3.996992826461792 4.924923675204354 1.727260708808899 1.8008360862731934
2.6086924076080322 4.419199834701999 2.061800241470337 2.7414040565490723
3.3192005157470703 5.863855777017079 2.3495707511901855 3.6909420490264893
2.5939722061157227 4.591607960229794 2.488917827606201 4.302931785583496
4.919313907623291 6.151011800167093 1.8274239301681519 1.9091459512710571
3.929927110671997 6.151674136213742 2.211498737335205 2.9958839416503906
3.142852544784546 4.755570757431663 2.548645496368408 4.1337666511535645
3.7362210750579834 6.684614377073331 2.711582660675049 4.87973690032959
4.020825386047363 4.813267172442806 2.110300064086914 2.1900012493133545
3.202789068222046 5.634682712674476 2.4873125553131104 3.283872365951538
2.545933246612549 5.380086692945503 2.757702589035034 4.327482223510742
2.4163973331451416 4.932016467566086 2.855067014694214 4.959430694580078
4.850305080413818 5.924390638527484 2.2015416622161865 2.299762010574341
3.565394639968872 6.333203924612352 2.6526174545288086 3.6077919006347656
3.6933040618896484 5.90675361963622 2.9930214881896973 4.917961120605469
2.4411425590515137 4.988479438686539 3.122591257095337 5.723312854766846
5.953379154205322 7.387161719508924 2.3384480476379395 2.4553167819976807
4.69359016418457 6.566275085900543 2.8906090259552 4.0521087646484375
4.828614711761475 7.92022852540849 3.3262925148010254 5.717974662780762
3.882199287414551 6.6347042073182365 3.497908115386963 6.757010459899902
4.2665839195251465 5.128676951592567 2.7196414470672607 2.8211233615875244
3.4797847270965576 5.87529004905241 3.1865739822387695 4.26012659072876
2.6389272212982178 5.083192717461812 3.4092164039611816 5.492718696594238
1.8259859085083008 3.612078685114284 3.437432050704956 6.187096118927002
5.2724409103393555 6.405502229692502 2.8352768421173096 2.96079683303833
4.261379718780518 7.215321305318753 3.421907901763916 4.755297660827637
3.3049328327178955 4.359716978751123 3.752462148666382 6.3987884521484375
3.481149911880493 6.894749303279241 3.8240087032318115 7.34169864654541
6.606363296508789 8.138441602397734 3.011725425720215 3.166506052017212
4.124673366546631 6.688486339798601 3.767317056655884 5.450708389282227
4.124053955078125 7.753064505230583 4.243284225463867 7.650481700897217
3.9331727027893066 6.307705620778835 4.371540069580078 8.924406051635742
3.3922293186187744 3.9153320543127847 2.976533889770508 3.2377796173095703
3.3624510765075684 4.795164141904905 3.9113950729370117 5.409030437469482
2.4150278568267822 4.472699439381323 4.050598621368408 6.680400371551514
2.6595847606658936 4.783097321542858 3.971264123916626 7.332213401794434
3.928724765777588 4.174578381139327 3.145738363265991 3.466195583343506
3.6296725273132324 5.467189080056442 4.244095802307129 6.108203411102295
3.8044869899749756 6.564944693326197 4.496362686157227 7.894040107727051
2.9981820583343506 5.027755743507953 4.468868732452393 8.854132652282715
4.961103916168213 5.7930302506138105 3.389770984649658 3.7829294204711914
5.056637763977051 7.2721886210658795 4.7099223136901855 7.093601703643799
3.999545097351074 7.397203291778737 5.136852264404297 9.584071159362793
4.257457733154297 6.679689046168642 5.1738972663879395 10.951216697692871
4.165134906768799 4.751512693836048 1.6526050567626953 1.6919376850128174
3.360426187515259 5.374304737282273 1.9162607192993164 2.4254205226898193
2.9851033687591553 5.117378223222659 2.221270799636841 3.3413610458374023
2.6927690505981445 4.465285115719517 2.406731605529785 4.004391193389893
4.387079238891602 5.165011286378956 1.720612645149231 1.7608758211135864
4.161800384521484 5.5327553361331105 2.02134108543396 2.582927942276001
3.413712501525879 5.990552088933782 2.3754584789276123 3.6463844776153564
2.3497836589813232 4.935376923766952 2.5923311710357666 4.433141231536865
4.925464153289795 6.075836909368036 1.8099662065505981 1.8550933599472046
4.522963523864746 6.857614958630315 2.1570796966552734 2.7954251766204834
3.6950345039367676 6.19773071525834 2.5729544162750244 4.049298286437988
3.24629545211792 6.003771808023345 2.8293466567993164 4.988951206207275
5.032524108886719 5.778399075034713 2.0498788356781006 2.1044297218322754
4.2249345779418945 6.7678665538901726 2.4016637802124023 3.0996010303497314
2.415630578994751 4.209685657575825 2.78291392326355 4.348084449768066
1.9014697074890137 3.1203499548846594 2.9954752922058105 5.237802028656006
5.394129753112793 6.3247839945487225 2.1404764652252197 2.1957626342773438
4.406782150268555 6.190542010246511 2.5639219284057617 3.365753173828125
4.22869348526001 6.290211282237351 3.034055233001709 4.89193868637085
3.242506980895996 5.3548794332502325 3.2996737957000732 6.002281188964844
6.0877227783203125 7.3187422953733545 2.261284589767456 2.323397159576416
5.080473899841309 7.140685168604447 2.7763493061065674 3.728296995162964
4.169820308685303 6.796879499651865 3.3598246574401855 5.617771148681641
3.8809874057769775 7.005024536145783 3.6922106742858887 7.007564067840576
5.153167724609375 6.040049037179159 2.568148612976074 2.6401495933532715
3.582679271697998 5.541894821162032 2.996814012527466 3.9582104682922363
2.9260175228118896 4.399492421375933 3.4057743549346924 5.512577056884766
2.0468506813049316 3.790883382292577 3.6139445304870605 6.590511322021484
5.875663757324219 6.926497861128496 2.671816110610962 2.7568562030792236
4.642270565032959 7.024924959008786 3.223881483078003 4.369693279266357
3.428332805633545 6.187562163338725 3.76912522315979 6.357356071472168
2.2305397987365723 4.957212321844054 4.053146839141846 7.757869243621826
6.766873359680176 8.099433973186734 2.8207156658172607 2.9240922927856445
4.5933451652526855 6.335540131501773 3.5313334465026855 4.944759845733643
4.219738960266113 7.134363410059963 4.2494282722473145 7.50369930267334
3.7781801223754883 5.739630916848396 4.626162528991699 9.311363220214844
4.111730098724365 4.704642871714299 2.7182223796844482 2.9664294719696045
3.5859737396240234 5.284940290705826 3.608112096786499 5.004700660705566
2.571136474609375 3.8186867579998847 3.989013671875 6.664233684539795
2.408904790878296 4.085453486852018 4.1541290283203125 7.817291259765625
4.030079364776611 4.444626512048829 2.9142191410064697 3.184324026107788
3.747547149658203 5.853651641417201 3.9089455604553223 5.579498767852783
3.6708176136016846 6.1900175474850485 4.450498104095459 7.793118000030518
2.586210250854492 4.107854822402146 4.712889671325684 9.350247383117676
5.155447006225586 6.0214469456996085 3.126565456390381 3.4389171600341797
4.134917736053467 6.228212495808635 4.321407318115234 6.389569282531738
4.142448902130127 6.646025846016869 5.071037292480469 9.34339714050293
4.143589019775391 7.039166948758549 5.448455810546875 11.407539367675781
4.132357597351074 4.843990725328382 1.704314947128296 1.765081763267517
3.125154972076416 4.606611228030715 1.9992491006851196 2.6139421463012695
3.590770721435547 5.976139077324888 2.2475697994232178 3.496774673461914
2.8579020500183105 5.225226996084352 2.3728890419006348 4.086055755615234
4.5676798820495605 5.535969616771183 1.7860603332519531 1.8536734580993652
3.316002368927002 5.654370934439498 2.1195011138916016 2.8136749267578125
3.4888181686401367 6.003036843465203 2.4061784744262695 3.837503433227539
3.1460630893707275 5.554214012216292 2.5507102012634277 4.5232343673706055
5.212334156036377 6.37271254607258 1.905672311782837 1.9816582202911377
4.866405963897705 6.6869835444704595 2.289971113204956 3.091207265853882
3.3460745811462402 5.228873141962474 2.625647783279419 4.304969787597656
3.3097240924835205 6.881110440165628 2.7935307025909424 5.121467113494873
5.10734748840332 6.005871125024271 2.158592700958252 2.234788656234741
4.033349514007568 5.8102326876843335 2.5217132568359375 3.356401205062866
3.567021608352661 5.702112673290912 2.7834866046905518 4.491016864776611
2.482715368270874 4.30960946494357 2.8888559341430664 5.212063312530518
5.6468915939331055 6.75144799225086 2.2689056396484375 2.358577251434326
4.453935146331787 6.826629639560041 2.7069475650787354 3.689605951309204
3.131112575531006 5.734140903330271 3.039760112762451 5.080245494842529
3.0026233196258545 4.135183117471797 3.1768369674682617 5.964662551879883
6.449085235595703 7.852492339359742 2.439880132675171 2.546013832092285
5.2779951095581055 7.8484911719112525 2.97879695892334 4.165007591247559
3.420147180557251 6.378734032777032 3.4019992351531982 5.9051618576049805
3.612226963043213 7.021523500342539 3.5776865482330322 7.014684200286865
5.379401206970215 6.406257130704532 2.7353198528289795 2.836574077606201
4.054746627807617 6.939989682608939 3.1654579639434814 4.299098968505859
3.2600228786468506 5.716134960004624 3.383450746536255 5.6397199630737305
1.9328281879425049 3.202398218123328 3.430274248123169 6.432514190673828
6.200658321380615 7.385033419559477 2.8803763389587402 3.00496768951416
4.878576278686523 7.473702907322341 3.427431106567383 4.811434745788574
3.5691421031951904 6.029060895973089 3.7475826740264893 6.535642147064209
2.8116679191589355 5.292796916304724 3.8375022411346436 7.552326202392578
7.192287445068359 8.768213627010255 3.1098315715789795 3.264890432357788
5.457653999328613 8.693256137338619 3.8183531761169434 5.5536298751831055
4.719120025634766 7.301109340012857 4.2701945304870605 7.801506042480469
3.414773941040039 5.527173233752336 4.41030216217041 9.123981475830078
4.172186374664307 4.554050286095389 2.9557530879974365 3.298238754272461
3.278676986694336 5.365437337934054 3.8160600662231445 5.345306396484375
3.376112222671509 6.224368123369085 3.9492108821868896 6.754497528076172
2.9195849895477295 4.251924319015094 3.907651424407959 7.536660671234131
5.579509258270264 6.551464994715616 3.1503853797912598 3.5489118099212646
4.651178359985352 7.785371347434193 4.173370838165283 6.062745571136475
2.9155032634735107 4.224084888856502 4.412217617034912 7.95802116394043
2.828852653503418 5.302204473888622 4.420955181121826 9.0029878616333
5.1071882247924805 5.337305029682739 3.431236743927002 3.8523523807525635
4.0175089836120605 6.015991209211222 4.697386741638184 7.115177154541016
3.69085693359375 6.475591312368579 5.082912921905518 9.671255111694336
3.8133788108825684 5.570278653533192 5.147517204284668 11.062324523925781
4.217635631561279 4.84061241982846 1.5057880878448486 1.557358980178833
3.020434617996216 5.645003928607366 1.767390251159668 2.3221967220306396
2.151092052459717 4.373421311043053 2.04097056388855 3.1662473678588867
2.724691867828369 5.289137022447278 2.1986985206604004 3.731334686279297
4.643629550933838 5.547321635063398 1.575242280960083 1.6327823400497437
2.868273973464966 5.551536011534164 1.8654136657714844 2.4915835857391357
3.3495988845825195 5.708031758470042 2.168569564819336 3.458564281463623
2.184356451034546 5.093922163700881 2.3424150943756104 4.108366012573242
5.270109176635742 6.399816026587466 1.6750308275222778 1.7402563095092773
3.5098490715026855 6.293713171598188 2.004744529724121 2.729926586151123
3.254951000213623 5.920667465562735 2.3466079235076904 3.8612916469573975
2.818830728530884 5.069035605154028 2.539921283721924 4.618985176086426
5.253845691680908 6.085302397455127 1.7727634906768799 1.8349720239639282
4.345382213592529 7.66686899590411 2.0516738891601562 2.7602076530456543
2.469263792037964 4.949403885803363 2.362255573272705 3.81345796585083
1.8022987842559814 3.2555911594640747 2.538968563079834 4.517030715942383
5.737006187438965 6.817250111602142 1.8682844638824463 1.9417635202407837
3.130852460861206 4.78202829037653 2.1974940299987793 3.020569086074829
2.6626319885253906 5.157764737694116 2.5563552379608154 4.276323318481445
2.9518039226531982 4.494389981502177 2.7589569091796875 5.118618965148926
6.399677753448486 7.6902388557321615 2.0121850967407227 2.0993263721466064
5.40339994430542 8.609524602600017 2.411790370941162 3.3984711170196533
4.054279327392578 5.802609034416037 2.834240674972534 4.933122158050537
3.798898935317993 7.470827936837232 3.0677499771118164 5.956714153289795
5.459118843078613 6.395360588936455 2.2071611881256104 2.2695729732513428
4.1992998123168945 6.578388519495547 2.3785789012908936 3.248764753341675
3.059255838394165 6.581172612824275 2.665126323699951 4.448492050170898
2.2981507778167725 4.313498256553487 2.851938247680664 5.267107963562012
6.209188938140869 7.417036456162975 2.320279598236084 2.403559923171997
4.349222183227539 6.162172280839286 2.569084882736206 3.6047422885894775
3.3866822719573975 7.3690151128830195 2.922513961791992 5.083371639251709
2.44942569732666 4.887245543657173 3.1444880962371826 6.093757152557373
7.089344501495361 8.798771252826555 2.498129367828369 2.606740951538086
4.966823577880859 8.193011234187452 2.857163190841675 4.131727695465088
3.836735486984253 6.521426409153486 3.2991700172424316 6.003534317016602
3.693025588989258 6.311630406272684 3.5624940395355225 7.266767501831055
3.160132884979248 3.341287085048407 2.2689056396484375 2.609205961227417
3.772481918334961 5.666241025807722 2.8106741905212402 3.9512810707092285
2.704009532928467 5.53574538701136 2.9155380725860596 4.991397857666016
2.79270076751709 5.637329192200547 3.100193977355957 5.877209663391113
3.54669451713562 4.221552607128245 2.420424699783325 2.7983715534210205
4.476753234863281 7.706900863807917 3.0571768283843994 4.406780242919922
2.909280776977539 6.210145938856371 3.22381591796875 5.771326065063477
2.6583449840545654 5.4782466939813155 3.450670003890991 6.891329288482666
5.453068733215332 6.4200071665522955 2.6466081142425537 3.0801637172698975
5.514298439025879 8.352424503803832 3.4234819412231445 5.093029499053955
3.604734420776367 6.41028207808904 3.6820685863494873 6.917761325836182
3.0093016624450684 5.757060921492449 3.9578211307525635 8.345781326293945
3.9340837001800537 4.941515974622543 1.4864890575408936 1.530806064605713
3.866393566131592 7.168610096345162 1.7093188762664795 2.222238302230835
2.939664840698242 5.6311120675101165 1.9262083768844604 2.9716856479644775
2.1944491863250732 4.255999803199188 2.0551211833953857 3.4741873741149902
4.438333511352539 5.626848908426197 1.5555330514907837 1.6033295392990112
3.738374710083008 6.95582197960357 1.8027054071426392 2.362973690032959
2.960951805114746 5.214911917998748 2.043247938156128 3.2035012245178223
2.665778398513794 5.699221870524468 2.1860063076019287 3.776489734649658
5.094842433929443 6.420875811469035 1.654512643814087 1.707898736000061
4.405768871307373 7.133060620199558 1.9332735538482666 2.5641307830810547
4.007148265838623 7.29088876311063 2.204059362411499 3.5305588245391846
2.1013104915618896 3.599606753322469 2.3636090755462646 4.197992324829102
4.66904878616333 5.858332945852084 1.7705681324005127 1.8209766149520874
3.97483229637146 7.0603495832820045 1.9835970401763916 2.6245689392089844
2.920896291732788 6.175918277292794 2.198923349380493 3.515972375869751
2.3404955863952637 5.000784141042459 2.3335776329040527 4.12394380569458
5.252211093902588 6.567009400297366 1.8676918745040894 1.9212206602096558
4.020291805267334 7.682689560498403 2.123464822769165 2.8463399410247803
3.4211230278015137 6.948128553346469 2.3763551712036133 3.887990713119507
3.4308221340179443 6.020106350199782 2.5315284729003906 4.6089768409729
6.078812122344971 7.599088142601836 2.0106282234191895 2.0725972652435303
4.837828159332275 8.320072647329269 2.3225865364074707 3.1697919368743896
3.333146572113037 5.750866492722018 2.6257734298706055 4.427398681640625
3.785959243774414 5.946940913356935 2.8074393272399902 5.306562900543213
4.963791847229004 6.246775845042066 2.238645076751709 2.332021474838257
4.148366451263428 7.025197642589006 2.320887327194214 3.114041566848755
3.1852757930755615 6.201334303082568 2.473607301712036 4.075774192810059
3.078840494155884 6.793783962036059 2.594796895980835 4.751739978790283
5.731003284454346 7.110904507318601 2.358978509902954 2.4483273029327393
4.712478160858154 8.048787387245625 2.5081844329833984 3.4286117553710938
3.6920886039733887 6.946833244711968 2.712524175643921 4.5990071296691895
3.426069498062134 5.658934765489221 2.8591508865356445 5.427173614501953
6.680953025817871 8.354856912536547 2.539008378982544 2.634971857070923
4.348365783691406 8.134813457650125 2.778371810913086 3.891552686691284
3.6692652702331543 6.82821937736685 3.0527164936065674 5.368586540222168
4.138874053955078 6.546611617487997 3.2338156700134277 6.417986869812012
2.6771833896636963 3.165591908061515 2.3615481853485107 2.728153705596924
2.7474565505981445 4.278028417086716 2.7441208362579346 3.7412679195404053
3.3081471920013428 6.766779661727924 2.7210240364074707 4.5894293785095215
2.2608180046081543 4.508379912957935 2.809019088745117 5.278295993804932
4.060986518859863 4.862304125667151 2.498969554901123 2.9369328022003174
3.717507839202881 7.15342557594937 2.978671073913574 4.166654109954834
3.362858533859253 6.283880014824717 3.014350414276123 5.255362033843994
2.995464563369751 5.501611839746829 3.129533290863037 6.120152473449707
5.210433006286621 5.486908974909227 2.7301571369171143 3.2106504440307617
5.225430965423584 8.1956279200489 3.319551467895508 4.793936252593994
4.514287948608398 9.309052908570607 3.4346513748168945 6.2386555671691895
3.2071378231048584 6.473351941679084 3.587719202041626 7.3673176765441895
3.9899542331695557 4.391534115896093 1.6205739974975586 1.6684668064117432
3.884467124938965 5.887250030740191 1.844139575958252 2.34177565574646
2.9156553745269775 5.347052905456938 2.0600852966308594 3.105869770050049
2.4177491664886475 4.196803215965192 2.1777000427246094 3.62524676322937
4.458587646484375 5.112416638968753 1.6932806968688965 1.7443645000457764
3.0185930728912354 4.624894758222581 1.9498645067214966 2.510932207107544
3.5707385540008545 6.326929561038739 2.196552038192749 3.4004294872283936
2.800565481185913 4.20123482802137 2.328805685043335 4.011534214019775
5.116219997406006 6.2092321484715 1.7930747270584106 1.8495084047317505
4.8823347091674805 6.952599361055977 2.0935027599334717 2.7415454387664795
3.327554941177368 5.674387373877909 2.381331205368042 3.7978928089141846
2.4773051738739014 5.370763686385544 2.5328235626220703 4.527864456176758
4.778641700744629 5.252679286529755 1.9874323606491089 2.058692216873169
3.3124008178710938 4.59490391110063 2.2528796195983887 2.9304914474487305
3.8155264854431152 6.611920554377775 2.4678821563720703 3.8750722408294678
2.8704395294189453 5.294383443451384 2.568955183029175 4.497935771942139
5.3211259841918945 6.154160252028197 2.0836167335510254 2.161090850830078
4.7190093994140625 6.673470073998015 2.41335391998291 3.20603609085083
4.013682842254639 5.852021095573065 2.684209108352661 4.366645812988281
2.3255412578582764 4.412930084471338 2.8085970878601074 5.136752128601074
6.131060600280762 7.229887884001329 2.2212159633636475 2.308264970779419
4.9864115715026855 7.488075450410179 2.6376798152923584 3.590559244155884
4.396678924560547 6.205769583305454 2.9839978218078613 5.049252033233643
3.825888156890869 6.893738281280626 3.139526605606079 6.018630027770996
4.949517250061035 5.5016554115427425 2.5402169227600098 2.6320714950561523
4.580544948577881 6.839277372655715 2.782916307449341 3.7139251232147217
3.1436939239501953 4.97046089511872 2.9133806228637695 4.744022369384766
2.5574283599853516 4.650356870095187 2.9591224193573 5.398167133331299
5.84199857711792 6.701297292180868 2.648668050765991 2.7625412940979004
3.7397475242614746 5.5990785075928216 2.998908281326294 4.124124050140381
3.9374029636383057 7.133312411893229 3.2136223316192627 5.464444637298584
3.580514430999756 6.068074622020351 3.2908692359924316 6.314001560211182
6.862624168395996 7.955048088245462 2.8151049613952637 2.9527535438537598
5.254276752471924 7.616150787418007 3.312587022781372 4.707151889801025
3.9881999492645264 7.1739293967231745 3.6411056518554688 6.486238956451416
4.055093765258789 6.711850954887431 3.7584962844848633 7.606967926025391
3.861450433731079 4.133716058273016 2.7084639072418213 2.9393248558044434
3.648568868637085 5.501834607288416 3.520181179046631 4.821339130401611
3.0209105014801025 5.174872564869403 3.356048822402954 5.6432061195373535
3.2797954082489014 5.456888694686938 3.297407865524292 6.201268672943115
4.875244617462158 5.3871681878742805 2.862518310546875 3.1281983852386475
4.595788955688477 5.826951103276826 3.7962646484375 5.433518409729004
3.639831066131592 5.30446502941254 3.7306668758392334 6.5926127433776855
3.437443971633911 5.467276458624951 3.7075676918029785 7.366893768310547
5.865373134613037 6.269780809208783 3.0839829444885254 3.395137310028076
3.4545986652374268 5.699343143271108 4.197568416595459 6.288118839263916
5.065652847290039 7.9962706079354575 4.273265838623047 7.949460983276367
4.305274963378906 5.909146526983534 4.295799732208252 9.034050941467285
3.8863983154296875 4.524704191565178 1.5018917322158813 1.5507612228393555
2.960533857345581 5.6661615336716125 1.7546063661575317 2.2798519134521484
2.2886509895324707 4.200380819294992 2.01896333694458 3.0950472354888916
1.7940502166748047 3.738388213821917 2.179366111755371 3.6614484786987305
4.528897762298584 5.426521907597516 1.5731085538864136 1.6260428428649902
3.733672618865967 6.914298162126148 1.8566317558288574 2.442793369293213
3.3759877681732178 6.031898464391247 2.154696226119995 3.386504650115967
3.1178481578826904 6.41244412422418 2.3355393409729004 4.050896644592285
5.220651626586914 6.343206938212006 1.6754963397979736 1.7340147495269775
4.283261775970459 7.343073758728224 2.0003552436828613 2.6696767807006836
4.341677188873291 7.329150856194303 2.3422422409057617 3.7806453704833984
3.4632151126861572 5.599149752027654 2.5488572120666504 4.572254657745361
4.646317958831787 5.4182572714571755 1.7484551668167114 1.813010334968567
4.129624366760254 6.94685897751242 2.024651527404785 2.6973938941955566
2.3931987285614014 4.818038267374277 2.330465316772461 3.728661060333252
1.923945426940918 2.9943097062536026 2.519784450531006 4.446118354797363
5.351667881011963 6.370634119307322 1.8486378192901611 1.9189724922180176
4.8411760330200195 7.870133762672808 2.177704334259033 2.952252149581909
3.78275990486145 5.03422721864672 2.5386464595794678 4.1966552734375
3.3348095417022705 5.915429759667859 2.7601776123046875 5.074581146240234
6.1937384605407715 7.484724325453158 1.9977103471755981 2.077390432357788
3.807492971420288 5.926183235961801 2.4010183811187744 3.319880962371826
4.802887439727783 7.6919076953957415 2.8352911472320557 4.854626655578613
3.2016701698303223 5.8086399754335005 3.0992345809936523 5.948923587799072
4.923243999481201 5.80290164106367 2.10158109664917 2.226567506790161
3.978360414505005 6.434889773013538 2.3145060539245605 3.1566996574401855
3.8225059509277344 6.709661441951425 2.631199359893799 4.366435527801514
2.686149835586548 5.622346711047385 2.844545602798462 5.216249465942383
5.776229381561279 6.856099870540902 2.225667715072632 2.352091073989868
4.413731098175049 7.25039780205023 2.5165555477142334 3.506474256515503
3.4284162521362305 4.684040511114517 2.9110801219940186 5.020726680755615
3.5499048233032227 5.43035977777248 3.1684157848358154 6.095615386962891
6.853755950927734 8.333974398925477 2.4155867099761963 2.5512428283691406
4.717545986175537 8.226649505626881 2.8203132152557373 4.026351451873779
4.978207111358643 7.262117720469007 3.318344831466675 5.9635396003723145
3.202928304672241 6.180117680478844 3.6345691680908203 7.347076892852783
3.7473154067993164 4.182183583504525 2.35353422164917 2.6961143016815186
3.7850046157836914 6.205085917227734 2.670910596847534 3.777147054672241
3.741283893585205 5.944442224524067 2.8932394981384277 4.933797359466553
3.25903582572937 5.918252283462607 3.116170644760132 5.866264820098877
4.289493560791016 5.085158607223832 2.5154905319213867 2.882580280303955
5.052087783813477 7.964673097856405 2.91938853263855 4.228184700012207
3.7691218852996826 7.241319321645051 3.2337546348571777 5.752434730529785
3.3200981616973877 6.691105896936961 3.5097146034240723 6.9650044441223145
4.789867877960205 5.747496334961717 2.7548041343688965 3.165517568588257
5.603361129760742 7.522212724792553 3.293520927429199 4.897317409515381
4.71132755279541 7.24630776653521 3.734740972518921 6.950747013092041
4.047047138214111 6.294620159269471 4.082179546356201 8.545927047729492
4.2514328956604 4.5876136715205575 1.8091844320297241 1.8430289030075073
3.5756895542144775 5.202210117290861 2.0658459663391113 2.6087472438812256
3.1637260913848877 5.209806698645707 2.3428640365600586 3.524951457977295
1.846492052078247 3.1780729204237606 2.5036375522613525 4.1628828048706055
4.658139228820801 5.230779753801762 1.8849291801452637 1.928596019744873
4.565029144287109 7.24281720819846 2.1836612224578857 2.795895576477051
2.5599570274353027 4.685815217003437 2.508450508117676 3.865771532058716
2.3406317234039307 3.7676930534583875 2.6984314918518066 4.62473726272583
5.251762866973877 6.3356395523802576 1.9936286211013794 2.0487992763519287
4.460726261138916 7.159295501941164 2.345519781112671 3.056589126586914
3.11999773979187 5.666410119716716 2.7309627532958984 4.331786155700684
3.056267738342285 5.93851829726691 2.957052707672119 5.250129699707031
5.175894737243652 5.650348053994605 2.3187055587768555 2.3484976291656494
4.482824325561523 6.619511127400187 2.6677792072296143 3.4416656494140625
3.25862193107605 4.6919057209322546 2.988999605178833 4.688477039337158
2.229325294494629 4.282487538026203 3.1480553150177 5.51668119430542
5.568281173706055 6.371914425678815 2.4195146560668945 2.467405080795288
4.3541364669799805 6.923534569670139 2.8495125770568848 3.761026382446289
3.598336935043335 5.369146958291367 3.2507517337799072 5.284611225128174
2.492781400680542 4.926274884060376 3.454899549484253 6.317268371582031
6.338919639587402 7.477393317848737 2.5711052417755127 2.6407036781311035
5.318105697631836 8.393938815486763 3.1058154106140137 4.2139573097229
4.37388277053833 7.827266259646883 3.6121647357940674 6.116973400115967
3.3728108406066895 5.373537991697276 3.8746612071990967 7.426236152648926
5.271300315856934 5.795118399737476 2.801934242248535 2.9154040813446045
3.867716073989868 5.82637048677995 3.3422040939331055 4.453759670257568
3.6206252574920654 5.643762660224638 3.688892364501953 6.0182623863220215
2.0544650554656982 3.2628608899051414 3.8146414756774902 6.9822001457214355
6.104020118713379 6.954198885336702 2.9463627338409424 3.0775513648986816
4.2863569259643555 6.277730932948543 3.6110377311706543 4.95648717880249
3.5413758754730225 6.058966783083015 4.0617475509643555 6.923401355743408
2.1952974796295166 4.068263020186919 4.2406110763549805 8.167571067810059
7.136744976043701 8.368397826304658 3.164776086807251 3.321929931640625
4.050108432769775 6.48980057738231 3.992626428604126 5.680447578430176
4.206966876983643 7.0916987673092535 4.5820536613464355 8.207254409790039
3.750335454940796 6.195413831829853 4.832961559295654 9.834192276000977
3.842449188232422 4.065971676082157 3.173001289367676 3.4530556201934814
3.244736671447754 4.429263247587187 3.858971118927002 5.3807454109191895
3.405090093612671 5.460730119831311 4.290812015533447 7.235884189605713
2.2203867435455322 4.201906736186629 4.378075122833252 8.269800186157227
4.537380218505859 5.042872567946347 3.3819947242736816 3.623823881149292
3.8108632564544678 5.142220938116111 4.2258620262146 6.054219722747803
2.6246070861816406 3.90732061078495 4.769505500793457 8.441197395324707
2.3329758644104004 4.351255295174067 4.910045623779297 9.799993515014648
5.490348815917969 5.9821886277961696 2.946197509765625 4.048969268798828
5.013280868530273 7.283792527091846 4.742616176605225 7.085062026977539
4.463176250457764 6.279988346479399 5.440881252288818 10.159610748291016
3.8486251831054688 6.841796851466946 5.653709888458252 11.971755027770996
3.595029354095459 4.132524036710038 1.4602233171463013 1.5006142854690552
3.78090763092041 6.509620216111784 1.696311354637146 2.1738054752349854
3.107325315475464 6.018822801749678 1.9657272100448608 3.0172338485717773
2.8151211738586426 5.360833812767396 2.1335716247558594 3.623359203338623
4.105950832366943 4.947913309324576 1.5289521217346191 1.5729163885116577
3.944756507873535 6.915552670913257 1.7938013076782227 2.3242478370666504
1.9008769989013672 3.9751736267214284 2.096219539642334 3.2774555683135986
2.384230613708496 3.5753991782219146 2.2831759452819824 3.964148759841919
4.978182315826416 6.195645884912665 1.6276559829711914 1.6766645908355713
4.198044300079346 7.0159450974615405 1.9308364391326904 2.53705096244812
3.6103427410125732 6.754112165740651 2.276057004928589 3.6418747901916504
3.689516067504883 6.0352036823017166 2.48713755607605 4.437086582183838
4.667122840881348 5.3126944983257935 1.629370093345642 1.6760787963867188
4.130710124969482 6.159561769070251 1.9363834857940674 2.54423451423645
2.908905267715454 5.140910883003166 2.2825584411621094 3.6403939723968506
3.197666645050049 5.257837251360911 2.482121706008911 4.419214248657227
5.3077826499938965 6.2687718426871015 1.7258803844451904 1.7782520055770874
4.928748607635498 8.019181412935609 2.0795741081237793 2.774627447128296
2.445157051086426 3.436693609146289 2.4809746742248535 4.059975624084473
1.08766508102417 1.5497207702463243 2.7117135524749756 4.9772419929504395
6.0145649909973145 7.257413671449285 1.8696365356445312 1.9305747747421265
4.603847503662109 8.04135667998986 2.2884607315063477 3.1134467124938965
4.690389633178711 7.565628652528403 2.7633819580078125 4.667526721954346
3.1254782676696777 6.147388839936411 3.0339927673339844 5.775053977966309
5.032195568084717 5.734195507433014 1.8080519437789917 1.8487852811813354
4.222727298736572 6.225902631995268 2.189793825149536 2.932047128677368
2.268385171890259 3.3851108567904475 2.6046812534332275 4.274419784545898
3.0981345176696777 5.850484626437833 2.8192543983459473 5.204680919647217
5.822144508361816 6.88643216689843 1.9272509813308716 1.976960301399231
4.390909671783447 7.295409402684527 2.3748738765716553 3.243218421936035
4.255290985107422 6.940790722906229 2.8694121837615967 4.863624572753906
1.909684419631958 3.5404913315659066 3.127352476119995 5.990556240081787
6.722631931304932 8.180362636603352 2.1114132404327393 2.174621105194092
4.710005760192871 7.942661093958463 2.654252052307129 3.7155966758728027
3.2688722610473633 5.658168809823451 3.2560019493103027 5.73516321182251
3.5397567749023438 5.392104314013314 3.5689868927001953 7.135439872741699
3.3908028602600098 3.6332555188803184 2.084322929382324 2.3862037658691406
4.185122966766357 6.128111667748442 2.572624921798706 3.5194973945617676
3.042646646499634 4.613437516114857 2.906334400177002 4.854945182800293
2.6566596031188965 3.9331396613829384 3.103398561477661 5.873300552368164
4.525419235229492 5.046814597276011 2.2361087799072266 2.5618622303009033
3.6166088581085205 5.119978223840723 2.787816286087036 3.89601469039917
4.051875114440918 6.636998780894004 3.224569082260132 5.599543571472168
3.4077088832855225 6.267807284251944 3.4759061336517334 6.857250213623047
5.4874749183654785 6.002236798330017 2.4656331539154053 2.831019163131714
5.478578567504883 8.248166830520276 3.1228744983673096 4.4778056144714355
3.558656692504883 5.94304097193433 3.699714183807373 6.710755348205566
3.6711766719818115 6.639710529682361 4.017707824707031 8.30433464050293
3.6538515090942383 4.599753233945918 1.4061625003814697 1.4477386474609375
2.8116455078125 5.448483897788151 1.6324338912963867 2.094937324523926
2.949018955230713 6.2445013763332895 1.8779217004776 2.8503475189208984
1.9575451612472534 4.153706810093354 2.0366804599761963 3.3958985805511475
4.052452087402344 5.202250042073985 1.4622735977172852 1.5067397356033325
3.714418411254883 7.085834931603642 1.7112373113632202 2.2182910442352295
3.196279525756836 7.040884725259161 1.9829492568969727 3.0692951679229736
2.7524170875549316 6.762614333452802 2.1585304737091064 3.692028045654297
4.66888952255249 6.053602784398095 1.5409170389175415 1.5896366834640503
4.844549179077148 8.103998374338829 1.8200159072875977 2.3898158073425293
3.7400083541870117 7.745327625158424 2.126776933670044 3.3668880462646484
3.3385868072509766 7.232092676778439 2.3250486850738525 4.089204788208008
4.406654357910156 5.570088455872356 1.5702928304672241 1.6178885698318481
3.9245047569274902 6.880202928455379 1.8285752534866333 2.3869450092315674
2.8982622623443604 6.476798421228182 2.1067299842834473 3.306323289871216
1.5566914081573486 3.352728031449745 2.2896010875701904 3.983881950378418
4.959477424621582 6.324557196612659 1.6468918323516846 1.6991955041885376
4.134171485900879 6.82677440969826 1.9420628547668457 2.57236385345459
3.312373399734497 5.90361392718205 2.2619409561157227 3.645256996154785
3.238574504852295 6.705637759720151 2.470855474472046 4.445592403411865
5.672054290771484 7.462120929459161 1.7566111087799072 1.816117286682129
4.616888999938965 7.959823246285556 2.1028966903686523 2.8376259803771973
3.9141597747802734 7.378440960241903 2.4813878536224365 4.123082160949707
3.787759780883789 6.122620975554526 2.727102041244507 5.088936805725098
4.676519393920898 5.987546706816829 1.7848875522613525 1.8223387002944946
4.120998859405518 7.628842038424409 2.036409616470337 2.6917366981506348
2.577120780944824 5.993586904014592 2.3155570030212402 3.737757444381714
1.9661948680877686 5.5512876455636615 2.5122056007385254 4.525956153869629
5.412395000457764 6.931448866002391 1.8731344938278198 1.9232678413391113
4.315488815307617 8.110371881005449 2.180410146713257 2.938525915145874
2.1375505924224854 4.260166766613409 2.5182626247406006 4.194468021392822
3.263375997543335 6.665864438447382 2.7492949962615967 5.149250030517578
6.491158962249756 8.52718830464164 2.0051937103271484 2.069211483001709
5.377908706665039 8.907937367921447 2.390202045440674 3.2982094287872314
4.1374711990356445 8.376044175378865 2.811903238296509 4.856224060058594
4.017285346984863 8.223142054434668 3.093296527862549 6.042537212371826
3.7898757457733154 4.741344487818196 2.0238099098205566 2.2703146934509277
4.007009506225586 8.077987143052269 2.4876649379730225 3.3438868522644043
2.3988490104675293 5.338372801517968 2.4946539402008057 4.113816261291504
2.4845845699310303 6.2036617367680265 2.6848413944244385 4.96259069442749
4.327479362487793 4.704034707409619 2.1407477855682373 2.4107725620269775
4.243905544281006 7.714355177122741 2.6691129207611084 3.6672136783599854
3.798830986022949 6.215094206708812 2.7359485626220703 4.672224521636963
3.2716002464294434 5.526034239052876 2.966517210006714 5.718501567840576
5.309834957122803 5.64254237159048 2.311558961868286 2.6144323348999023
4.7196455001831055 8.080559486185525 2.9220173358917236 4.146800994873047
4.6845879554748535 8.50346528176452 3.092512845993042 5.494407653808594
3.964226722717285 8.257445080028504 3.3825156688690186 6.82166862487793
4.004096031188965 4.420694810468376 1.7371598482131958 1.7966904640197754
3.719409704208374 5.320329925628311 2.0220658779144287 2.6054508686065674
2.9358348846435547 5.365710463453446 2.2852213382720947 3.5287482738494873
1.7200214862823486 2.779135283962205 2.4204390048980713 4.155986785888672
4.511034965515137 5.216585231331409 1.8105618953704834 1.8776652812957764
3.415492296218872 4.98840991281395 2.137953042984009 2.8100178241729736
2.7940573692321777 5.226042537157184 2.4494454860687256 3.903423309326172
2.0492331981658936 4.068836623104424 2.611510992050171 4.6501545906066895
5.150329113006592 6.227186341855486 1.9122415781021118 1.987648844718933
4.232535362243652 6.355803572423611 2.296933889389038 3.0815367698669434
3.5476386547088623 6.807712031927821 2.671891927719116 4.400034427642822
3.174938440322876 5.014763126418131 2.8682618141174316 5.305080890655518
4.779675483703613 5.340500157203493 2.190558671951294 2.271087169647217
3.0463244915008545 5.577907160132703 2.563218593597412 3.3820323944091797
2.554826021194458 4.818659287994251 2.864704132080078 4.621362209320068
2.552908182144165 4.265280840758237 2.9909310340881348 5.420873641967773
5.289252758026123 6.151335173050317 2.285040855407715 2.3809940814971924
3.955031156539917 5.376865497949893 2.7410428524017334 3.725959539413452
3.369300603866577 6.063875848264814 3.1301918029785156 5.27286958694458
3.1515750885009766 5.392390810145912 3.3006350994110107 6.27864408493042
6.089730262756348 7.233728668978642 2.4232559204101562 2.5364632606506348
4.997877597808838 8.325595326069033 2.99243426322937 4.194101810455322
4.069767475128174 7.070443959253322 3.4974629878997803 6.156247138977051
1.5357812643051147 3.2363995009810775 3.725146770477295 7.442848205566406
4.9800496101379395 5.580023792018437 2.7120683193206787 2.8149991035461426
4.328531265258789 6.943708797374711 3.2076990604400635 4.319794654846191
2.294219970703125 4.333702146126598 3.5022833347320557 5.853822708129883
2.1363255977630615 3.7260976160918062 3.585460901260376 6.784871578216553
5.6869659423828125 6.5456823856548 2.838897466659546 2.965303659439087
3.930493116378784 5.324485264473196 3.4605672359466553 4.847454071044922
3.6138696670532227 6.26785597544648 3.8804359436035156 6.846829414367676
2.75846004486084 4.962350334085706 4.023220062255859 8.065017700195312
6.5970683097839355 7.789897045680998 3.0249478816986084 3.1811177730560303
5.1158223152160645 8.495584048571203 3.8223745822906494 5.582638263702393
3.1823863983154297 5.997717477222068 4.411611080169678 8.21142864227295
3.6793389320373535 5.613992349499594 4.6312079429626465 9.819476127624512
4.01398229598999 4.28456681556365 3.0018765926361084 3.2913100719451904
2.8921854496002197 4.427354148617496 3.7834322452545166 5.284776210784912
2.5505383014678955 4.173828192053861 4.081365585327148 6.987146377563477
1.642989993095398 2.8226806845111856 4.10006046295166 7.98983097076416
4.804462909698486 5.182020744838738 3.1897478103637695 3.5310089588165283
2.450018882751465 4.267815421181922 4.129881381988525 5.97179651260376
3.8275606632232666 5.970325053855731 4.561150074005127 8.310260772705078
2.170917510986328 3.5904195144614786 4.649898052215576 9.660228729248047
5.679588317871094 6.578758783285309 3.4594571590423584 3.864307165145874
3.677140951156616 5.188515660724335 4.612088203430176 6.986886501312256
3.072633743286133 5.259107084588663 5.239922523498535 10.149571418762207
3.352539300918579 5.381914827275244 5.4185919761657715 11.952634811401367
3.7282116413116455 4.261840924218404 1.4840577840805054 1.5227136611938477
2.8312301635742188 5.295855658984729 1.695310354232788 2.1619322299957275
2.3313305377960205 4.630567210554304 1.941335916519165 2.953350067138672
1.4820889234542847 2.583735321535457 2.092324733734131 3.5025758743286133
4.241816520690918 5.002327519774298 1.5530506372451782 1.5952255725860596
3.0367822647094727 5.358740126676906 1.792014718055725 2.314100742340088
3.0538578033447266 4.557630953461285 2.070913553237915 3.2214419841766357
3.164659261703491 5.792310893150102 2.240557909011841 3.8555221557617188
5.048655033111572 6.138130669421302 1.6528152227401733 1.6998077630996704
4.401403903961182 7.409121274734844 1.927897334098816 2.526298999786377
3.7812716960906982 7.364092961071981 2.2479467391967773 3.590301036834717
3.4412498474121094 6.04917466880562 2.4391586780548096 4.337403297424316
4.652532577514648 5.335094534979902 1.711243987083435 1.7554198503494263
3.4697957038879395 5.841275195408156 1.9473894834518433 2.548661470413208
3.1068015098571777 5.978077301901074 2.2420482635498047 3.552412509918213
3.015119791030884 5.852363830287004 2.4144625663757324 4.233764171600342
5.257787227630615 6.172808887178974 1.809173822402954 1.8587726354599
4.279472827911377 6.856981274210348 2.090308427810669 2.7824699878692627
3.635627269744873 6.260714366715547 2.4384987354278564 3.9808542728424072
3.109440565109253 5.387351089483417 2.6399154663085938 4.802791118621826
6.156545639038086 7.354569682158896 1.9558002948760986 2.013577461242676
5.097220420837402 8.472104939004112 2.2998342514038086 3.1233534812927246
4.3416218757629395 8.186282573447357 2.7179977893829346 4.593828201293945
4.322103023529053 6.815791170514807 2.953923463821411 5.6085028648376465
4.892227649688721 5.6472125943332205 2.003499984741211 2.051084041595459
3.0210208892822266 4.776400966082349 2.2014358043670654 2.9699490070343018
2.886594295501709 5.600887689936371 2.535600423812866 4.161940097808838
2.7242445945739746 5.314427301853129 2.7214138507843018 4.946432590484619
5.881103038787842 6.855904894636616 2.1286275386810303 2.1820850372314453
4.180402755737305 7.076209613451738 2.388608455657959 3.283787488937378
3.1733791828155518 5.569686791681425 2.798884153366089 4.756677150726318
2.633197784423828 4.286259743649396 3.0242607593536377 5.739622592926025
7.06211519241333 8.274725898310749 2.3190360069274902 2.383538007736206
4.681095123291016 8.052034177452214 2.671751022338867 3.7586240768432617
4.69324254989624 8.758393288037496 3.1838455200195312 5.6313300132751465
4.02559232711792 7.791469874121101 3.4565792083740234 6.89012336730957
4.327859878540039 4.955984190078837 2.2674272060394287 2.5181732177734375
3.766245126724243 5.804030410738321 2.479074478149414 3.6197686195373535
2.9608635902404785 5.505988898003579 2.797309398651123 4.723825454711914
1.7677581310272217 3.300863929394154 2.9788002967834473 5.548935890197754
4.9352312088012695 5.138708089937553 2.4195809364318848 2.6974315643310547
4.468997955322266 6.996457404701175 2.7193617820739746 3.999795913696289
3.7916476726531982 7.15247774994927 3.1186702251434326 5.46605920791626
3.2343924045562744 5.489265187248204 3.3484010696411133 6.53814172744751
5.095486640930176 5.289218317260065 2.6489126682281494 2.965829610824585
6.020073413848877 9.40986688799012 3.0766146183013916 4.617673397064209
4.808419704437256 7.662257964953113 3.5962014198303223 6.576757907867432
3.149303913116455 5.124069113391897 3.882448434829712 7.990189075469971
3.9355411529541016 4.439863059774609 1.54560387134552 1.590332269668579
3.3934991359710693 5.522924573692123 1.7523285150527954 2.2504823207855225
2.4283158779144287 4.872232738902312 1.9827910661697388 3.0630388259887695
1.8427023887634277 4.564997893737485 2.1264467239379883 3.6048691272735596
4.519405841827393 5.284347218957031 1.618088960647583 1.6638292074203491
3.6860246658325195 6.0505394180005885 1.851274847984314 2.4014151096343994
3.1430065631866455 5.4831135697694435 2.108822822570801 3.3251309394836426
2.9404783248901367 5.204139977905513 2.267700433731079 3.9476869106292725
5.100277423858643 6.225720312005478 1.720548152923584 1.768902063369751
3.575670003890991 6.662165364014527 1.989859938621521 2.6122255325317383
2.957900047302246 5.877186404981671 2.282064914703369 3.6840076446533203
2.9953832626342773 6.296437262819609 2.4588489532470703 4.41218900680542
4.675297737121582 5.339287103561674 1.8759243488311768 1.9450613260269165
4.067507266998291 6.549469167319302 2.0718307495117188 2.7119028568267822
2.103130340576172 3.9819388097887902 2.2893385887145996 3.6927695274353027
1.2290117740631104 3.4215227288749475 2.4379117488861084 4.343151569366455
5.27601432800293 6.2523189044548815 1.976357102394104 2.045767068862915
3.968318223953247 6.2736365687600255 2.2209079265594482 2.9531233310699463
2.792266845703125 4.941538948591358 2.4789161682128906 4.115713596343994
2.963299512863159 5.593924234787892 2.6510236263275146 4.893739223480225
6.059323310852051 7.397662979776669 2.121317148208618 2.194258213043213
4.037148952484131 7.6444742562175065 2.433980703353882 3.2976233959198
3.2822084426879883 6.884122048707255 2.7464020252227783 4.711131572723389
3.033914804458618 5.56091064498014 2.9461231231689453 5.661989212036133
4.926042079925537 5.683144427358911 2.4056546688079834 2.539715528488159
4.450017929077148 7.03420879542756 2.4803760051727295 3.301476240158081
3.121593952178955 6.581691767902271 2.5905659198760986 4.326751708984375
1.3619728088378906 3.517437142118405 2.7209126949310303 5.042205810546875
5.744870662689209 6.813808875166387 2.530240774154663 2.661593437194824
4.316247463226318 7.196189051461474 2.6822075843811035 3.6483609676361084
3.0011579990386963 5.1683612286912535 2.84270977973938 4.919918060302734
3.45925235748291 6.1321373243822705 3.001650094985962 5.801925182342529
6.671359062194824 8.166409609871152 2.710225820541382 2.8468313217163086
5.166271209716797 8.244657556715648 2.974325656890869 4.152176380157471
2.9385201930999756 6.139202587483306 3.204422950744629 5.7672438621521
3.4786524772644043 5.715406023322879 3.397667169570923 6.881545543670654
2.6480860710144043 2.9014738999650946 2.583726167678833 2.870469570159912
2.969740629196167 4.008535794148986 3.0569992065429688 4.188795566558838
3.0588531494140625 5.543248268102616 2.8580307960510254 4.8915534019470215
2.770247459411621 5.45850307388659 2.9446468353271484 5.608129978179932
4.719728469848633 5.26019746283589 2.743736982345581 3.0552260875701904
4.94157600402832 7.766723137901295 3.323457717895508 4.681790828704834
3.209536075592041 4.342611196504748 3.1664230823516846 5.644496917724609
1.6609007120132446 3.0008704726094493 3.279155731201172 6.543830394744873
5.633910655975342 6.563946888857988 2.9759113788604736 3.323153495788574
4.487890243530273 6.44612008149727 3.699796676635742 5.386143684387207
4.09049129486084 5.990794335972737 3.6095728874206543 6.722738265991211
3.944674253463745 5.40280009559918 3.7568111419677734 7.884973049163818
4.077385902404785 4.5895241657067345 1.539053201675415 1.5829057693481445
2.457702159881592 3.874551396109041 1.7654786109924316 2.252603530883789
3.0179176330566406 5.502518959150166 2.0070717334747314 3.050949811935425
2.2389516830444336 4.46033990047863 2.1527135372161865 3.5759027004241943
4.372917652130127 5.136235965430885 1.6045842170715332 1.652574062347412
4.142375469207764 6.91229626851694 1.8569657802581787 2.4029345512390137
3.822842597961426 7.182571925472075 2.1285886764526367 3.3201191425323486
2.65319561958313 4.188961153879272 2.2913479804992676 3.9311161041259766
5.053737640380859 6.157252531224117 1.6976571083068848 1.7499746084213257
4.289463996887207 7.715216710466279 1.9868967533111572 2.608762502670288
3.9692180156707764 7.366131512208437 2.300353527069092 3.684983730316162
3.1133978366851807 5.773836967741943 2.4860751628875732 4.411249160766602
4.7857208251953125 5.480274746745067 1.8853918313980103 1.9384979009628296
4.588796615600586 6.901549259602376 2.1425373554229736 2.7828779220581055
3.6910207271575928 6.02252897949827 2.3935534954071045 3.773359775543213
2.685288906097412 4.238222887319353 2.5330891609191895 4.406711101531982
5.433805465698242 6.412011663376006 1.968618392944336 2.0332233905792236
4.403819561004639 6.514306361948115 2.279268503189087 3.028028964996338
3.5966782569885254 5.633346811879392 2.5871422290802 4.229387283325195
2.279294490814209 4.052634390186768 2.755438804626465 5.006950855255127
6.249786853790283 7.432249568647915 2.0960991382598877 2.170958995819092
4.971651554107666 8.106789642932458 2.4808685779571533 3.371241807937622
4.289490699768066 7.779913137089977 2.866656541824341 4.863480567932129
3.1184120178222656 5.5036972974331935 3.073481798171997 5.841098785400391
5.26697301864624 6.067688188627606 2.453618288040161 2.501791477203369
4.58688497543335 7.1226228107432235 2.648832082748413 3.477541446685791
3.02182936668396 5.620769750121099 2.828122615814209 4.5940985679626465
2.7901453971862793 5.285577768662392 2.9247355461120605 5.286351203918457
6.002118110656738 7.095491225508397 2.542351007461548 2.6055099964141846
4.822056293487549 8.085520453416848 2.8290464878082275 3.8339343070983887
3.444385528564453 5.80018529187214 3.0968780517578125 5.270902156829834
3.6245970726013184 6.244696631953957 3.2339792251586914 6.163668155670166
6.926547050476074 8.31038380704922 2.691530466079712 2.774751663208008
5.839539527893066 8.928919276521974 3.106062889099121 4.3491926193237305
4.544223308563232 8.352987242701019 3.4937615394592285 6.228740692138672
3.5998857021331787 6.04122672325019 3.683605670928955 7.404044151306152
4.719985485076904 5.015579429921655 2.5200655460357666 2.703239679336548
3.726609706878662 5.878339679250043 3.3105270862579346 4.49660587310791
3.0607681274414062 5.033986119955443 3.260310649871826 5.4141716957092285
3.202143907546997 5.98311317877301 3.2725651264190674 6.078858375549316
5.041008472442627 5.218334216132689 2.6408939361572266 2.868454933166504
4.596883773803711 7.940014690244013 3.5485634803771973 4.994931697845459
4.018898010253906 7.021987817881325 3.600282907485962 6.311930179595947
2.5744752883911133 4.2505860592876274 3.657562255859375 7.21348237991333
6.059215068817139 6.9866363909455345 2.832656145095825 3.111884832382202
3.5153422355651855 5.668585345368314 3.914815664291382 5.713191509246826
4.546269416809082 7.805336409608572 4.106590747833252 7.595199108123779
4.376796245574951 7.333046665260952 4.223908424377441 8.832605361938477
4.28097677230835 5.30615507016546 1.6445534229278564 1.719069242477417
3.9198267459869385 5.960737648969086 1.941811203956604 2.603776454925537
2.3548989295959473 3.8288190269235827 2.167175531387329 3.45703387260437
2.775221109390259 5.048077202524496 2.2813568115234375 4.01027774810791
4.559487342834473 5.684081077481359 1.7245550155639648 1.8079662322998047
3.8827669620513916 6.108658695441136 2.061112642288208 2.811202049255371
3.254709482192993 5.2548953601979065 2.3158252239227295 3.793177366256714
2.6008570194244385 4.917513327859808 2.4415884017944336 4.429617881774902
5.146455764770508 6.737872644065533 1.8418121337890625 1.9368155002593994
4.885937690734863 8.451248437369316 2.2325797080993652 3.1041948795318604
3.705319881439209 6.224635250259631 2.52597975730896 4.263673305511475
3.0695741176605225 4.868702931749283 2.665106773376465 5.012680530548096
4.912147045135498 6.056239442385049 2.021414279937744 2.121056079864502
3.773231029510498 4.911416306922847 2.3602161407470703 3.2277324199676514
1.7870020866394043 2.6493641723814108 2.5788612365722656 4.272825717926025
1.9555432796478271 3.4324195132098865 2.6735329627990723 4.933870315551758
5.310817718505859 6.53730056431949 2.128631591796875 2.2445363998413086
4.747170448303223 6.9934814396181295 2.5415842533111572 3.563197612762451
4.196155071258545 6.933667124758568 2.8132529258728027 4.830320358276367
2.911045551300049 5.680385280658246 2.9260311126708984 5.625688076019287
6.032009124755859 7.846452587403358 2.2954697608947754 2.4325826168060303
4.095003128051758 6.694598134377543 2.8139796257019043 4.054827690124512
3.429762125015259 6.901001179007551 3.1562657356262207 5.6364264488220215
3.819371223449707 6.685621330354209 3.2897770404815674 6.616607189178467
5.09372091293335 6.329769719249271 2.5493452548980713 2.683114767074585
3.3778698444366455 5.99069894412969 2.86757230758667 3.9921140670776367
3.7776215076446533 5.337666570524334 3.011223316192627 5.142947673797607
2.8277342319488525 5.114086743631333 3.0532760620117188 5.850196361541748
5.774470329284668 7.132333064668273 2.6789681911468506 2.842978000640869
4.344359874725342 6.953453763350808 3.1169066429138184 4.485793113708496
3.2106168270111084 5.535615188396868 3.3344783782958984 5.949133396148682
2.0326125621795654 3.291066499122053 3.4001851081848145 6.836498737335205
6.614457130432129 8.513264329686507 2.895228624343872 3.0973305702209473
4.69113826751709 6.750711643698082 3.5007519721984863 5.218729019165039
3.441476345062256 6.550000468718766 3.8207476139068604 7.138688087463379
2.931021213531494 4.7009487585341105 3.911583423614502 8.27703857421875
4.032278060913086 4.732460763032577 2.745018720626831 3.135805606842041
3.641207695007324 6.135256847289156 3.487494945526123 4.944240570068359
2.500012159347534 3.8115696128555214 3.409334182739258 5.94924259185791
2.237168788909912 3.084777405901683 3.3700366020202637 6.623825550079346
4.5420732498168945 5.433096717299719 2.9253041744232178 3.3737881183624268
4.281948566436768 6.191675722814441 3.804272413253784 5.632079601287842
3.915911912918091 5.289646158335513 3.8131349086761475 6.99487829208374
2.537766695022583 4.287703578300615 3.7973885536193848 7.872260093688965
5.458980560302734 6.546231055430255 3.209728956222534 3.741267681121826
5.388664245605469 8.068853184197337 4.302008628845215 6.647982597351074
3.8405022621154785 6.406259811213658 4.428186893463135 8.54487419128418
2.740490436553955 4.855629810740972 4.437363624572754 9.71432876586914
3.9798943996429443 4.597348079688523 1.441356897354126 1.485693097114563
3.282984495162964 5.328607732217279 1.6874499320983887 2.160468339920044
3.1193649768829346 5.3484070818873874 1.9367640018463135 2.9597647190093994
1.5059351921081543 2.70184454604356 2.086221694946289 3.520448923110962
4.251622676849365 5.0858936746036605 1.5021361112594604 1.5507794618606567
3.4459073543548584 6.289191003648765 1.7720898389816284 2.3024539947509766
3.4615795612335205 6.744704524241747 2.0523157119750977 3.2171289920806885
2.2253143787384033 3.9411337495591567 2.220764636993408 3.8655319213867188
4.67464542388916 5.860652000042958 1.5884579420089722 1.642236590385437
4.482621192932129 6.699405829239055 1.8918768167495728 2.494640827178955
2.8494222164154053 4.973331023134051 2.213775873184204 3.5610969066619873
3.673414468765259 6.525605601046266 2.407078266143799 4.325559616088867
4.652822017669678 5.411724784000398 1.6763663291931152 1.7386837005615234
3.9810211658477783 5.581064802746359 1.9755104780197144 2.5823590755462646
3.4547388553619385 5.9327364598862005 2.260375738143921 3.5694172382354736
2.0286333560943604 3.4869989739804623 2.4149672985076904 4.253340244293213
5.128060340881348 6.153603111985518 1.7604191303253174 1.8261123895645142
4.576358795166016 7.27046436820774 2.1019296646118164 2.7987899780273438
3.954961061477661 6.298708522374 2.440150499343872 3.9866559505462646
3.3580331802368164 6.490037085184774 2.625699996948242 4.818772315979004
5.739259719848633 7.03640113689579 1.8809677362442017 1.9529980421066284
4.712727069854736 8.349765034594611 2.2826719284057617 3.10213041305542
4.071180820465088 6.665143387771181 2.6957626342773438 4.563907623291016
3.7447903156280518 6.793981632041323 2.9235188961029053 5.597269535064697
5.0116353034973145 5.812541081895915 2.029324531555176 2.1449179649353027
4.042110919952393 6.647499954184013 2.3357555866241455 3.134106397628784
3.631635904312134 6.7427496133694325 2.6140377521514893 4.237788200378418
2.737517833709717 5.047374528243785 2.746011734008789 4.9984660148620605
5.628790378570557 6.667475885983265 2.1281425952911377 2.2524943351745605
4.189243793487549 7.514194096289884 2.5076844692230225 3.4348971843719482
3.4487714767456055 6.624683287863666 2.8625528812408447 4.83677339553833
2.4195170402526855 4.245723654599473 3.0351223945617676 5.809028625488281
6.382019519805908 7.67205079478299 2.275207996368408 2.4081084728240967
4.3338751792907715 7.00918208328158 2.7534101009368896 3.863212823867798
4.298403263092041 7.462491146346949 3.218027353286743 5.684436798095703
4.0194091796875 6.509162381565176 3.4491844177246094 6.946035385131836
3.695219039916992 4.126575351875083 2.109433650970459 2.4083168506622314
3.6292850971221924 6.186315914003188 2.8963406085968018 3.994616746902466
3.049053907394409 5.187019837471041 2.959045886993408 4.898144245147705
3.08172345161438 5.61812601377031 3.035674571990967 5.648173809051514
4.674825191497803 5.37589699561563 2.238457202911377 2.5589756965637207
3.9947736263275146 6.976562252817018 3.1119039058685303 4.440493583679199
3.462414026260376 5.879675395756166 3.277759075164795 5.680756092071533
2.4661710262298584 3.919554170835454 3.395261764526367 6.690690040588379
5.32008695602417 6.018636999050557 2.4274234771728516 2.776075601577759
5.059179782867432 7.567390875543651 3.4233503341674805 5.062151908874512
4.043441295623779 6.82784332696388 3.730269432067871 6.805439472198486
3.555222511291504 4.806335333493617 3.9122867584228516 8.167096138000488
3.839121103286743 4.24235010456232 1.499291181564331 1.5360078811645508
3.4815917015075684 4.792696254565783 1.701765775680542 2.124058485031128
2.869403839111328 5.07982815057585 1.9213484525680542 2.845909833908081
2.7202749252319336 5.235143813338183 2.056009292602539 3.363396406173706
4.2132344245910645 4.685165811520122 1.5643712282180786 1.6045045852661133
3.8885130882263184 6.260861901412682 1.7902454137802124 2.2587547302246094
3.1069955825805664 5.673230176744596 2.036975383758545 3.0767903327941895
3.0368785858154297 5.779951121070894 2.186553955078125 3.6663155555725098
4.886387825012207 5.91227159078926 1.6541810035705566 1.6992542743682861
4.072361946105957 6.227288568505401 1.911580204963684 2.4435322284698486
4.117434024810791 6.740781567586282 2.1949591636657715 3.392320156097412
3.634445905685425 5.857553136915855 2.3646910190582275 4.080186367034912
4.584456920623779 5.098559698740303 1.7704352140426636 1.8136799335479736
3.771904468536377 6.318259983138347 1.999741792678833 2.5320780277252197
3.1978206634521484 5.7538012973818695 2.229769229888916 3.408503770828247
2.418046712875366 4.147602765735854 2.3628365993499756 4.031057357788086
5.079000949859619 5.774973111273525 1.8581507205963135 1.9071441888809204
4.58427095413208 7.116771103810759 2.1296844482421875 2.7390079498291016
3.543527126312256 5.995403420213745 2.406454086303711 3.7792036533355713
3.633573532104492 6.132465173249749 2.5628905296325684 4.518856525421143
5.88374137878418 7.075599356992143 1.9818817377090454 2.0391769409179688
4.794467449188232 7.623990842559095 2.3113338947296143 3.029348611831665
4.175506114959717 7.301682455651189 2.6520349979400635 4.296622276306152
3.704648733139038 7.0904897468115 2.8404860496520996 5.2000627517700195
4.706524848937988 5.317503424197639 2.2090110778808594 2.2568724155426025
4.161675930023193 7.0986956544729765 2.3911056518554688 3.054389715194702
2.717294216156006 4.700598286229899 2.5553853511810303 4.005612850189209
1.8981395959854126 3.2606615076524577 2.655451536178589 4.683108329772949
5.458980560302734 6.288683189395819 2.3075191974639893 2.3599772453308105
3.5665910243988037 5.799404675329384 2.558203935623169 3.33941650390625
3.0718724727630615 5.579970761279732 2.7916085720062256 4.526636123657227
2.1659815311431885 3.5369303093005016 2.923333168029785 5.363327980041504
6.47713565826416 7.792260451670245 2.451616048812866 2.515535831451416
5.181368350982666 8.87051797846668 2.7967946529388428 3.7448933124542236
4.091996192932129 7.063055921045361 3.1253631114959717 5.264012336730957
3.677841901779175 6.991884118563917 3.300549268722534 6.3268208503723145
2.87570858001709 3.185731432685074 2.3240506649017334 2.5617728233337402
4.424924373626709 7.324810723489691 3.1994738578796387 4.160610198974609
3.6118004322052 6.39504833407765 2.87976336479187 4.5926666259765625
1.8807746171951294 3.7519457120757522 2.901313543319702 5.23423957824707
4.504554748535156 4.78777762702407 2.454153060913086 2.7160165309906006
4.43833589553833 7.704658535034923 3.394805431365967 4.5403971672058105
4.019032001495361 6.879593046216087 3.1675941944122314 5.257136821746826
3.0332555770874023 6.26478440135458 3.224613904953003 6.080569267272949
4.884515762329102 5.281296362960774 2.6501214504241943 2.943448305130005
5.462286472320557 8.396015481466975 3.6823906898498535 5.095321178436279
4.664383411407471 7.87243686657439 3.576876401901245 6.201174736022949
3.979513168334961 6.687004920273566 3.6842527389526367 7.289794445037842
3.7267935276031494 4.177173308715524 1.4462339878082275 1.4912153482437134
3.3091256618499756 5.185870163788749 1.6676808595657349 2.1404805183410645
3.3451480865478516 6.128788423885112 1.915616750717163 2.9113457202911377
2.9765422344207764 5.015408509552572 2.071760892868042 3.422381639480591
4.09532356262207 4.8456551085471915 1.50759756565094 1.5551068782806396
3.761338710784912 5.919317334244962 1.7518858909606934 2.275521755218506
3.4777159690856934 6.240776425692957 2.027811288833618 3.1627869606018066
2.4855458736419678 5.373712319534568 2.202329635620117 3.7646732330322266
4.516860008239746 5.8050682593463705 1.5941773653030396 1.6449410915374756
4.645736217498779 7.4285665564442525 1.8702131509780884 2.4614036083221436
3.5629818439483643 6.7500835542731155 2.184616804122925 3.50222110748291
2.9664766788482666 6.239806100623014 2.3836445808410645 4.22117280960083
4.1664886474609375 4.751711933781621 1.689918875694275 1.7571324110031128
4.3574604988098145 6.60207037406326 1.9513219594955444 2.5563719272613525
2.6506447792053223 4.863049803292228 2.235365152359009 3.5092055797576904
3.048015832901001 5.87266461624597 2.4060304164886475 4.134854316711426
4.687079429626465 5.6441904833626495 1.7705790996551514 1.8418676853179932
3.9798970222473145 6.174216550946426 2.0722291469573975 2.761383295059204
3.081245183944702 4.996582091513131 2.405498504638672 3.9087023735046387
2.967580795288086 5.478711213918835 2.6077795028686523 4.683897972106934
5.28634786605835 6.7699269913864555 1.8885724544525146 1.9648395776748657
3.7044405937194824 6.6090829872336485 2.247781991958618 3.0536797046661377
4.180960655212402 6.671825638419705 2.6504716873168945 4.469907283782959
3.9924356937408447 6.523822211935217 2.896418571472168 5.448084354400635
4.40653657913208 5.1021424107756825 2.090151071548462 2.172494649887085
3.599147319793701 6.153543713531917 2.3260698318481445 3.1056902408599854
3.2503466606140137 5.6582245787403735 2.5889785289764404 4.184883117675781
2.069298028945923 4.280134651031631 2.7458763122558594 4.878101348876953
4.972612380981445 6.067828123588697 2.174159049987793 2.279550790786743
4.038094520568848 5.85455482630141 2.477360725402832 3.39328670501709
3.2343380451202393 4.794809822371105 2.814312219619751 4.745722770690918
2.8082635402679443 4.737649178549759 3.016185760498047 5.643863677978516
5.821993350982666 7.581339174904315 2.3077712059020996 2.430978298187256
4.749211311340332 7.195570823522317 2.705962657928467 3.807098865509033
3.380769968032837 5.017401960396455 3.1474852561950684 5.5522141456604
3.4141793251037598 6.604720929761044 3.412830114364624 6.740628242492676
3.6943471431732178 4.097692257764035 2.1485626697540283 2.3755950927734375
3.623685598373413 5.698597115906157 3.0676157474517822 4.040946960449219
2.8333113193511963 4.9015811215703025 2.957221746444702 4.891692638397217
3.310971260070801 5.341873135783999 3.05051851272583 5.557010650634766
4.027926445007324 4.686911153240061 2.2630598545074463 2.5273568630218506
4.300985336303711 7.151501628039796 3.2345023155212402 4.460408687591553
2.67580246925354 4.139939856356399 3.2338907718658447 5.6274237632751465
2.7709457874298096 4.557818828768323 3.3786988258361816 6.518819332122803
5.072681427001953 5.723877456703271 2.4392776489257812 2.744879722595215
4.369603633880615 7.201637497372985 3.513690948486328 5.076849937438965
4.07343053817749 6.980559659955084 3.6470093727111816 6.681076526641846
3.34675669670105 6.09052168743888 3.866631031036377 7.914182662963867
3.8838822841644287 4.597020072394798 1.6067246198654175 1.6608716249465942
3.6404340267181396 5.221026894493633 1.8589446544647217 2.4104297161102295
2.3583483695983887 4.56611691920007 2.114718198776245 3.3052446842193604
2.157550096511841 3.9420187520631895 2.263296365737915 3.946758508682251
4.133982181549072 5.06822120068432 1.6807568073272705 1.7416038513183594
3.970647096633911 6.4144390795461845 1.9685243368148804 2.5999372005462646
2.617858409881592 4.6303729930765485 2.2605931758880615 3.636092185974121
1.6882622241973877 2.1860713041416453 2.42729115486145 4.370304107666016
4.695529937744141 5.789199318306139 1.7865681648254395 1.8543301820755005
3.2612197399139404 5.727016692546613 2.1209716796875 2.8536934852600098
3.528193473815918 5.886389144752872 2.4604196548461914 4.078124523162842
3.1656057834625244 5.910476346170071 2.6502859592437744 4.939187526702881
4.377762317657471 5.267467682027416 1.962086796760559 2.0324153900146484
3.6015210151672363 5.984220470221544 2.2550249099731445 2.9877612590789795
3.4994449615478516 5.631356279006468 2.52825927734375 4.1132330894470215
1.7199087142944336 3.344877339889603 2.6757664680480957 4.914412021636963
4.887033462524414 5.959262000418221 2.054924726486206 2.1408708095550537
4.458586692810059 6.969182641899067 2.4164228439331055 3.2903857231140137
3.3073458671569824 6.3184321732587705 2.75468111038208 4.663637161254883
2.381502389907837 4.308238050257536 2.931903600692749 5.623827934265137
5.458310604095459 6.721531382440162 2.1954948902130127 2.296359062194824
4.841156005859375 6.009352319638879 2.648601531982422 3.709371328353882
3.8887412548065186 7.079457929413628 3.0728163719177246 5.424722194671631
3.567429304122925 6.632955677014024 3.2887585163116455 6.606556415557861
4.714748382568359 5.700808967524239 2.4923155307769775 2.549431562423706
4.35392951965332 6.307933179188296 2.7314224243164062 3.6803276538848877
1.7367850542068481 2.772074937580328 2.959143877029419 4.975759506225586
2.850801944732666 4.3895658036122 3.078378915786743 5.890718460083008
5.246700763702393 6.385459377987672 2.59759259223938 2.6849076747894287
4.309399127960205 6.805751002828856 2.9499597549438477 4.126772403717041
3.5741384029388428 6.666515093340081 3.270676374435425 5.77553653717041
2.3286383152008057 4.555422941559243 3.428307294845581 6.910248279571533
6.1292290687561035 7.485515507895015 2.765692710876465 2.8860108852386475
5.017276287078857 7.184171866201481 3.2717881202697754 4.756558895111084
3.6700897216796875 5.756329837661708 3.7158315181732178 6.904309272766113
2.0987420082092285 3.1063445046710614 3.923964738845825 8.349559783935547
3.2124555110931396 3.6570963378926535 2.6054189205169678 2.929755210876465
3.7140073776245117 5.773180123956081 3.2804441452026367 4.503384113311768
3.154043674468994 4.772040158157324 3.3450605869293213 5.7669878005981445
1.8112921714782715 3.228394984475976 3.4134509563446045 6.722841739654541
3.8147945404052734 4.2366696244619675 2.7509820461273193 3.1295125484466553
3.5629866123199463 5.867667642906326 3.5666966438293457 5.119339942932129
3.5929057598114014 6.214656690487004 3.7379395961761475 6.8128533363342285
3.150000810623169 6.116281843119438 3.845120668411255 8.02125072479248
5.169957160949707 5.385292158565171 2.978886604309082 3.423021078109741
4.76251220703125 7.351216868211893 3.994663953781128 6.015718460083008
4.193014621734619 7.724039954158563 4.302609443664551 8.30041790008545
3.2931272983551025 5.042415110955062 4.461493015289307 9.870956420898438
4.247871398925781 4.8610358972891845 1.5145787000656128 1.5668612718582153
3.59311580657959 6.08394502600504 1.7941402196884155 2.332160234451294
3.348027467727661 5.772275344470586 2.0616800785064697 3.1766040325164795
3.489039897918701 6.34896472446826 2.2330095767974854 3.777015447616577
4.441203594207764 5.402302048971279 1.5799182653427124 1.6383881568908691
3.666985034942627 5.991210270594621 1.889062762260437 2.4823203086853027
3.743119955062866 5.71920487717216 2.190176248550415 3.440122127532959
3.149899959564209 5.365100307214831 2.3831522464752197 4.135095596313477
4.611654758453369 5.8043514482404035 1.6724696159362793 1.7377468347549438
4.3536529541015625 6.6567871624000485 2.0214991569519043 2.690600872039795
2.6844186782836914 5.050516430980149 2.367100715637207 3.806468963623047
3.0649073123931885 5.578626339006405 2.5879762172698975 4.629256725311279
4.774501323699951 5.566978025345634 1.7935166358947754 1.8451915979385376
4.495354175567627 6.989766862211546 2.126101016998291 2.7869718074798584
4.10108757019043 7.143918190109861 2.4342846870422363 3.847562074661255
3.2461118698120117 5.2812457344277846 2.62467098236084 4.60474967956543
5.075070381164551 6.175415075117485 1.8792020082473755 1.9402756690979004
4.0630574226379395 6.671950175919051 2.264251947402954 3.017763376235962
4.215217590332031 7.0540469500577885 2.6315629482269287 4.276589393615723
2.7769081592559814 5.146683638181786 2.858640670776367 5.193811416625977
5.388352394104004 6.762751090634822 2.0034432411193848 2.0764758586883545
4.784041404724121 8.159008905837254 2.460789680480957 3.346714496612549
3.987779378890991 6.662758067170907 2.9087581634521484 4.889291763305664
3.847135543823242 7.744896746577794 3.1844420433044434 6.029734134674072
5.010517120361328 5.858294465562253 2.207984447479248 2.2487447261810303
4.7046966552734375 7.438563458522935 2.537790060043335 3.3543989658355713
3.2526278495788574 4.881884491473443 2.835024118423462 4.583561420440674
2.905052661895752 5.113097692274778 3.017890214920044 5.456543922424316
5.318670272827148 6.421983474947808 2.303396224975586 2.3613784313201904
3.946626901626587 6.748028669260407 2.7217164039611816 3.679025888442993
4.137424945831299 7.083349941375445 3.1062185764312744 5.2004194259643555
3.2316768169403076 6.593765872178324 3.3393795490264893 6.298948287963867
5.878880023956299 7.43263999083954 2.45027756690979 2.5260212421417236
4.5550856590271 7.154448443441652 2.9873290061950684 4.148001670837402
4.018779754638672 8.132833293113531 3.491117238998413 6.095170497894287
4.2980546951293945 7.347720965304461 3.7923054695129395 7.513930320739746
4.557730674743652 4.825764486643266 2.228250741958618 2.458324909210205
3.4983391761779785 5.243241075507598 3.2422571182250977 4.321890354156494
3.6172337532043457 6.267450078567833 3.219972848892212 5.323178291320801
3.6190154552459717 7.046653469024632 3.3569278717041016 6.214339256286621
4.934012413024902 5.302187853965378 2.364278793334961 2.6201255321502686
4.29726505279541 7.169120821259412 3.4560296535491943 4.801571846008301
3.4105920791625977 5.729300600280226 3.56253719329834 6.138167858123779
3.8556413650512695 6.710171647925138 3.7573153972625732 7.2936625480651855
4.56462287902832 4.9193960068417795 2.564969301223755 2.858288049697876
4.7341413497924805 7.9963391754178526 3.7833619117736816 5.476590633392334
4.302182197570801 8.271969133374144 4.05307674407959 7.323300838470459
3.1261961460113525 5.401803752519982 4.325352668762207 8.862056732177734
3.7937724590301514 4.255836445907676 1.4625259637832642 1.4987714290618896
3.9505882263183594 5.797102223624279 1.6666574478149414 2.0891478061676025
2.0852749347686768 3.4617738882496454 1.8951183557510376 2.8160109519958496
1.8633460998535156 3.5324025789602445 2.040663957595825 3.3443214893341064
4.098821640014648 4.9147115552821745 1.5305752754211426 1.5695388317108154
3.565310478210449 6.1488826604244196 1.758364200592041 2.2192842960357666
2.9688360691070557 3.803345096153959 2.014291763305664 3.0405261516571045
3.0158843994140625 5.609545284789647 2.175886631011963 3.6418402194976807
4.547786235809326 5.653855767035424 1.6280006170272827 1.6709083318710327
4.247255802154541 6.340242320453726 1.8893364667892456 2.4080729484558105
3.510910987854004 7.014003285192217 2.1829917430877686 3.360991954803467
3.256791830062866 5.818644882352922 2.36507511138916 4.059639930725098
4.258633613586426 4.863817069258857 1.6756988763809204 1.7155474424362183
4.016916275024414 6.485929693470325 1.8960368633270264 2.4070382118225098
3.2804293632507324 5.8912536700082505 2.1406025886535645 3.2834155559539795
1.3017888069152832 2.48722757481724 2.298083782196045 3.9257805347442627
4.761871814727783 5.743011210804752 1.7683433294296265 1.8125402927398682
4.43532657623291 5.94592243261468 2.0285439491271973 2.6058387756347656
3.5017833709716797 5.759874805403342 2.3170838356018066 3.639425039291382
2.7757556438446045 6.01511156336926 2.499467611312866 4.398226737976074
5.32722282409668 6.633097284526059 1.9038232564926147 1.9551552534103394
4.827760696411133 7.07575112494858 2.2231762409210205 2.903860330581665
4.088350296020508 7.663020043121804 2.5760955810546875 4.167194366455078
3.8197624683380127 7.1809120775618 2.7927446365356445 5.090747356414795
4.528049468994141 5.263116265235993 1.9691541194915771 2.0227861404418945
3.646573543548584 6.200110385739208 2.1546566486358643 2.7657203674316406
3.3056561946868896 5.187282705728649 2.371344804763794 3.7308521270751953
2.794131278991699 4.726048093699319 2.522937059402466 4.454002857208252
5.1321024894714355 6.187661027751346 2.080021619796753 2.1392533779144287
4.394588470458984 6.205538374117715 2.324676990509033 3.0317513942718506
3.209186315536499 5.7903709175470555 2.6003382205963135 4.216681957244873
3.4493467807769775 6.273089239658447 2.785292625427246 5.09856653213501
6.0597710609436035 7.555755320923652 2.2460501194000244 2.3140227794647217
5.405188083648682 8.52122021363482 2.579057455062866 3.441342830657959
4.757184982299805 8.600317255272103 2.945181369781494 4.96014404296875
3.1566638946533203 3.9107811353669604 3.179220199584961 6.074498653411865
3.3473336696624756 3.488824477601657 2.1574673652648926 2.4064228534698486
4.15129280090332 6.868703844668175 2.619314432144165 3.4492270946502686
3.2946527004241943 5.486622093084513 2.575777530670166 4.130788326263428
2.5197062492370605 4.962878924360666 2.6968882083892822 4.870968341827393
3.970412015914917 4.081858273395824 2.3030080795288086 2.565035104751587
3.670017957687378 5.800052321362857 2.823594331741333 3.813030958175659
3.8270459175109863 6.9764009125251505 2.8470866680145264 4.725771427154541
2.226524829864502 4.940367564524101 3.0063529014587402 5.655377388000488
4.847886085510254 5.208571532895633 2.5166168212890625 2.811704397201538
5.0213751792907715 7.7946549931975255 3.1330649852752686 4.354945659637451
4.4103569984436035 7.688007999494403 3.260748863220215 5.6539387702941895
3.204118251800537 5.464021073979641 3.4811782836914062 6.870118141174316
3.705660820007324 4.259031701560552 1.5079149007797241 1.5530152320861816
3.2697274684906006 5.415408485751328 1.7534124851226807 2.2637205123901367
3.220592975616455 6.243708012576455 2.0058610439300537 3.0839757919311523
2.5954720973968506 5.132477489004941 2.157573699951172 3.6506872177124023
4.120063781738281 4.987134002851491 1.5783549547195435 1.6262463331222534
3.6710009574890137 6.250848139582581 1.8523943424224854 2.4167308807373047
3.1665236949920654 6.573787002733766 2.135794162750244 3.346816062927246
2.6507863998413086 5.078267556152099 2.304020643234253 3.9920711517333984
4.700032711029053 5.850426722110065 1.6768324375152588 1.7296876907348633
4.388262748718262 6.895575614335186 1.9905585050582886 2.6306939125061035
3.8061845302581787 6.385874301648414 2.3161823749542236 3.7096524238586426
2.6904547214508057 4.446391325343406 2.505357027053833 4.4584126472473145
4.079270839691162 4.808875367646266 1.761405348777771 1.8122713565826416
4.014908790588379 6.812436388945571 2.04362154006958 2.674940586090088
3.453965902328491 6.569455866575183 2.3145430088043213 3.674368381500244
2.7622294425964355 5.275569162831857 2.468989372253418 4.370048522949219
4.780384540557861 5.823515017496945 1.85671067237854 1.911599040031433
4.125698566436768 6.584618747993979 2.18902850151062 2.9112536907196045
3.555962324142456 6.638594598614873 2.5113632678985596 4.094816207885742
2.655545473098755 4.682278971839452 2.6906394958496094 4.9147210121154785
5.388511657714844 6.760540511266527 1.992604374885559 2.0552172660827637
5.480484485626221 9.051570137930923 2.3968379497528076 3.2510056495666504
3.9821808338165283 6.535972066144836 2.7930479049682617 4.695000171661377
3.269617795944214 5.6792200960882155 3.00632905960083 5.687649250030518
4.317598819732666 5.165299865495854 2.1392555236816406 2.164522409439087
4.108363151550293 6.976463777943437 2.39711332321167 3.1686205863952637
2.3741345405578613 4.779312862301637 2.6277389526367188 4.2777018547058105
2.6720151901245117 5.458001280680946 2.756824254989624 5.049561023712158
4.969071865081787 6.097088271415011 2.2504196166992188 2.291569948196411
4.728278636932373 7.9473755271046596 2.584775686264038 3.495443105697632
3.965576410293579 6.455099012125544 2.8896589279174805 4.862729072570801
2.4023799896240234 4.875658873499714 3.0507140159606934 5.79975700378418
5.776364803314209 7.457852682247903 2.4126617908477783 2.472789764404297
4.376418113708496 7.4229433778155 2.860750675201416 3.9734573364257812
4.273178577423096 7.0986513945355725 3.2729272842407227 5.718144416809082
3.2435734272003174 6.26663744990492 3.4797987937927246 6.892531394958496
3.5274312496185303 3.716965852958907 2.201824426651001 2.456233501434326
3.9391114711761475 6.452339682078673 2.9823968410491943 4.00739860534668
3.47239089012146 6.651403650743411 2.923504114151001 4.850699424743652
2.0974013805389404 4.300445583762951 2.9922235012054443 5.610112190246582
3.7837259769439697 4.2821442075272955 2.349961042404175 2.6290132999420166
4.247840404510498 7.187343968673758 3.2339024543762207 4.493175983428955
4.269311428070068 7.861041605914295 3.241089344024658 5.588634967803955
3.2108564376831055 6.415183889649754 3.345155715942383 6.535152912139893
5.067997932434082 5.64438578698514 2.5671210289001465 2.8840763568878174
5.496378421783447 8.525828167699729 3.5879766941070557 5.1676249504089355
3.985095500946045 7.804024607713927 3.711819648742676 6.679400444030762
3.1372177600860596 4.939046708476551 3.8680431842803955 7.9032745361328125
3.952603340148926 4.683699811663217 1.436834454536438 1.478840708732605
3.316464424133301 5.122633777133364 1.6522566080093384 2.0987539291381836
2.796494722366333 4.411055299098807 1.8927029371261597 2.8339338302612305
2.7735953330993652 5.427520779279519 2.04917049407959 3.333317279815674
4.169949054718018 5.0802142492770175 1.5009756088256836 1.5464097261428833
3.9189698696136475 6.6807563704144215 1.7396494150161743 2.229659080505371
2.8722341060638428 5.1090352925946405 2.006519317626953 3.0557010173797607
2.7972605228424072 5.008738375683819 2.1798555850982666 3.6267194747924805
4.563018798828125 5.730223056667114 1.5920727252960205 1.6422921419143677
4.616687297821045 7.74809169578117 1.8624918460845947 2.416964292526245
3.8642256259918213 6.750581349223097 2.1645700931549072 3.372443199157715
3.245347023010254 5.784252776674748 2.3595569133758545 4.042609691619873
4.508338928222656 5.316225701319581 1.644342064857483 1.6969894170761108
4.244046211242676 6.680585978997488 1.881517767906189 2.4234180450439453
3.4560909271240234 6.25311627051633 2.1375226974487305 3.3073084354400635
2.542726993560791 4.980407256581646 2.3089916706085205 3.9187331199645996
4.952251434326172 6.019894605555919 1.7314168214797974 1.7906625270843506
4.217038154602051 7.177186084444969 2.0087268352508545 2.6223855018615723
2.905717611312866 5.360575685321237 2.307429552078247 3.6570985317230225
2.947713613510132 5.3088179827668505 2.5043630599975586 4.385612964630127
5.388953685760498 6.809826154507391 1.8591153621673584 1.9266546964645386
4.261712551116943 8.038604470469636 2.1927103996276855 2.915435552597046
3.8960931301116943 6.3910824983795465 2.5509402751922607 4.172365188598633
2.9980664253234863 4.336396023667135 2.782397747039795 5.069143772125244
4.801846027374268 5.635818790778103 1.966495394706726 2.022796869277954
4.380307197570801 7.218217441451429 2.150392532348633 2.8041915893554688
3.5177764892578125 6.856409523842341 2.369767665863037 3.771650552749634
2.7575738430023193 5.245283992234981 2.5379316806793213 4.461828708648682
5.3472747802734375 6.419752245242101 2.060612678527832 2.1299667358398438
4.707589626312256 7.7104109320465 2.311805486679077 3.070927858352661
2.8479809761047363 5.093911979317227 2.5937042236328125 4.252590179443359
3.1367270946502686 5.9892281977834045 2.794332265853882 5.102270603179932
6.156571865081787 7.713297272027148 2.2096822261810303 2.295001745223999
5.2425007820129395 7.567833160515875 2.553426504135132 3.474951982498169
3.326906442642212 6.39201902637933 2.9215757846832275 4.977447032928467
3.3121330738067627 5.448320065017242 3.1678261756896973 6.063148021697998
3.1314852237701416 3.3815115691264452 2.068077325820923 2.2983124256134033
4.076698303222656 7.319778409954949 2.7276535034179688 3.7101778984069824
3.002000331878662 6.135421603988561 2.5725748538970947 4.19563102722168
2.3434395790100098 4.306178819671231 2.7155823707580566 4.900230884552002
3.68253755569458 4.140289922812567 2.1981823444366455 2.4550082683563232
3.9499003887176514 6.6697278121907395 2.9204976558685303 4.1102519035339355
2.606666326522827 4.093544234098431 2.841773271560669 4.794705390930176
3.5842809677124023 6.585690610996551 3.0212273597717285 5.686429500579834
4.68269157409668 5.042320015279984 2.3966000080108643 2.691659927368164
4.444738864898682 8.261372033914085 3.2117807865142822 4.676797389984131
4.742391109466553 8.58406128481576 3.2413170337677 5.709752559661865
2.1934926509857178 5.113630417849208 3.472493886947632 6.883617877960205
3.306344509124756 3.913137706312817 1.4400060176849365 1.486865758895874
3.078387975692749 5.576932096566139 1.702449083328247 2.2182693481445312
2.3568832874298096 4.747922208207402 1.9711648225784302 3.0385890007019043
2.1509106159210205 4.312693406206023 2.1297836303710938 3.5965776443481445
3.855666399002075 4.708628305838943 1.5088435411453247 1.5594897270202637
3.238283157348633 5.844559572406081 1.7993214130401611 2.3668878078460693
2.857729434967041 5.526143388881167 2.1000733375549316 3.2969601154327393
2.7005457878112793 5.320372806926664 2.276313543319702 3.9387896060943604
4.5836381912231445 5.700202797174036 1.6084201335906982 1.6648646593093872
3.9709255695343018 5.987138258067091 1.9380437135696411 2.5837550163269043
3.63407301902771 6.385449755967784 2.281459093093872 3.666233777999878
2.2447476387023926 5.266835729493309 2.4797067642211914 4.418631076812744
3.6325974464416504 4.400907772712667 1.6078557968139648 1.6650726795196533
3.632378101348877 6.179706084943987 1.9113011360168457 2.5351123809814453
1.6621057987213135 2.931441284308221 2.225133180618286 3.5534698963165283
2.9126267433166504 6.102268112357541 2.4079384803771973 4.248831748962402
4.435006141662598 5.4350013689562395 1.704458236694336 1.766671895980835
2.8215339183807373 3.201267776709736 2.05349063873291 2.7634575366973877
2.916289806365967 5.914783469210306 2.4191505908966064 3.964717388153076
2.0721287727355957 3.5268089800014337 2.6292216777801514 4.797085762023926
5.171333312988281 6.429671200015356 1.8474526405334473 1.918468952178955
4.5356926918029785 7.944179250222362 2.2639195919036865 3.107799768447876
3.303086042404175 5.946773938244249 2.7029409408569336 4.575634002685547
3.389242649078369 6.031284957062923 2.949058771133423 5.596491813659668
3.920146942138672 4.801786180699054 1.8054739236831665 1.9021480083465576
3.145073890686035 4.8624560590997135 2.1190667152404785 2.848599672317505
2.577910900115967 3.8892036102811858 2.452791929244995 4.03325891494751
2.5449604988098145 4.8753118113702385 2.6482696533203125 4.839531421661377
4.672949314117432 5.751745924834438 1.9248121976852417 2.0234885215759277
3.870009183883667 6.13791359116243 2.302671194076538 3.1550962924957275
2.8208653926849365 5.439459066526979 2.708533525466919 4.597051620483398
2.8165557384490967 5.4016806950618275 2.940462350845337 5.5915207862854
5.693951606750488 7.199299530551912 2.1037697792053223 2.211273670196533
4.259450912475586 7.5062125933416155 2.5813541412353516 3.628858804702759
3.491461992263794 5.574566111702467 3.09373140335083 5.459371089935303
3.366621971130371 5.134966890748501 3.375382900238037 6.720855712890625
2.0495517253875732 2.4335013892986694 2.016171932220459 2.3445119857788086
3.909133195877075 6.515115769203476 2.376671314239502 3.225097417831421
2.715970277786255 4.682341544063291 2.6396055221557617 4.437090873718262
2.1510448455810547 5.074817985856441 2.8308162689208984 5.303398132324219
3.646038293838501 4.23464382763737 2.164715051651001 2.5263590812683105
3.96085524559021 6.389624607969523 2.60166335105896 3.622924566268921
3.643904209136963 5.539819397706516 2.9452590942382812 5.130836486816406
3.0182154178619385 4.929048299926933 3.1796045303344727 6.222348213195801
4.437747478485107 4.756038121314045 2.387716770172119 2.79582142829895
4.755458354949951 7.319148615621003 2.944537401199341 4.238645076751709
4.4872918128967285 6.090412751282659 3.4142355918884277 6.209744930267334
3.821709632873535 7.027172805193686 3.7088911533355713 7.62895393371582
4.054799556732178 5.249438627924974 1.4496790170669556 1.5136946439743042
3.552297830581665 6.056472713725725 1.7245255708694458 2.3251023292541504
2.817408323287964 5.311601759151586 1.9720433950424194 3.1581194400787354
2.063282012939453 3.72355504097618 2.11476469039917 3.716972827911377
4.31229829788208 5.554763488212075 1.5174825191497803 1.5861042737960815
3.2215163707733154 5.6938921679955 1.8212810754776 2.482344150543213
3.3659050464630127 6.486701060160925 2.0966317653656006 3.425459384918213
2.706676721572876 4.267197563202103 2.2541754245758057 4.067870140075684
4.80748987197876 6.33556963977162 1.6146876811981201 1.690727949142456
4.423908710479736 7.492722871117536 1.958351731300354 2.7097010612487793
3.0613982677459717 6.230309087009857 2.2704458236694336 3.8020622730255127
3.3007805347442627 5.994229371939939 2.446168899536133 4.551171779632568
4.542558670043945 5.869780087227696 1.6258801221847534 1.6991037130355835
3.846843957901001 6.599232965827923 1.9294414520263672 2.644620656967163
1.9978076219558716 4.165250940175611 2.2120461463928223 3.657241106033325
2.9073712825775146 5.5301482852870265 2.374499559402466 4.343805313110352
5.048967361450195 6.432111389754596 1.7199536561965942 1.8006834983825684
4.430179595947266 7.988859184560852 2.070483684539795 2.8845560550689697
3.5938720703125 6.4110416818605245 2.3972582817077637 4.076580047607422
2.246478319168091 4.706095941327543 2.582186698913574 4.89637565612793
5.5726728439331055 7.628186732741142 1.8583515882492065 1.951417326927185
4.901499271392822 7.957705662743457 2.2770071029663086 3.242868185043335
3.850229024887085 7.6692091722131615 2.6649868488311768 4.690089225769043
3.721360206604004 6.156978512978739 2.878653049468994 5.689010143280029
4.848010540008545 6.247253515599141 1.8541560173034668 1.933812141418457
4.46016263961792 7.444657268723425 2.131924629211426 2.9588842391967773
3.3675026893615723 7.1258240590737145 2.4265785217285156 4.111996650695801
2.7814557552337646 5.644511634781338 2.5998899936676025 4.903419494628906
5.353440761566162 6.872724725983005 1.967867136001587 2.0605525970458984
4.615894794464111 7.200480271888637 2.3131539821624756 3.27882719039917
3.5870440006256104 5.966776950243684 2.6683356761932373 4.682014465332031
3.4193334579467773 6.290903984350734 2.8711931705474854 5.654162406921387
6.04260778427124 8.14815358728282 2.139901638031006 2.2514023780822754
4.91705846786499 8.520367727783945 2.585606336593628 3.7696146965026855
4.441439151763916 7.255930361026367 3.0274038314819336 5.539119720458984
3.175400733947754 5.215022871062274 3.269082546234131 6.761894226074219
3.1845483779907227 4.049062979427859 2.062265396118164 2.48757004737854
3.674159288406372 6.600771130310932 2.3563501834869385 3.327122211456299
3.5951316356658936 7.11355110511704 2.600324869155884 4.482086658477783
2.2224056720733643 4.134201638684289 2.772118330001831 5.337355613708496
3.1813600063323975 3.385213667720336 2.205639362335205 2.6683356761932373
4.470866680145264 8.52353656031437 2.571373224258423 3.7193117141723633
3.2657899856567383 5.666472364556782 2.8871877193450928 5.178656578063965
2.255025863647461 4.9536048735953955 3.093712091445923 6.2505106925964355
4.902886867523193 5.120264655360188 2.4248976707458496 2.9428117275238037
4.530340194702148 8.822787980188407 2.901311159133911 4.32952880859375
4.392451286315918 6.00282721442818 3.320742130279541 6.244491100311279
2.804150342941284 5.563943781856551 3.5733160972595215 7.621205806732178
3.1403961181640625 3.7575288890357257 1.582248568534851 1.6420114040374756
2.6156914234161377 4.56154540978779 1.8718620538711548 2.4356584548950195
2.804940700531006 4.650380995585749 2.132086753845215 3.23457407951355
1.959151268005371 3.7312843099168465 2.2714684009552 3.7681539058685303
3.6885244846343994 4.6191995408406115 1.6500614881515503 1.7173506021499634
3.5953195095062256 6.468608194693161 1.9710742235183716 2.6091089248657227
3.1109321117401123 5.904013492916485 2.2658042907714844 3.544611692428589
2.540515661239624 4.72184668808336 2.4250924587249756 4.180735111236572
4.457500457763672 5.66570685452001 1.7462899684906006 1.820650577545166
4.494809150695801 7.144405709231705 2.1104791164398193 2.841649293899536
3.6165900230407715 6.339445903929345 2.4521634578704834 3.9585986137390137
2.641749858856201 5.397573593932876 2.6375534534454346 4.731866836547852
3.477431535720825 4.263435058385085 1.9273384809494019 1.9978607892990112
2.921651840209961 5.083932479060223 2.279512405395508 2.995140552520752
1.1586729288101196 1.862954031641614 2.5698423385620117 4.008566379547119
2.2169458866119385 4.139094223087625 2.707876443862915 4.679576396942139
4.275306224822998 5.3549535930251295 2.013451337814331 2.099062919616699
3.91042423248291 4.852893190375994 2.425045967102051 3.2717676162719727
3.2003605365753174 5.636014319880587 2.778040647506714 4.525295734405518
2.3611345291137695 5.266919372245354 2.9500107765197754 5.368359088897705
5.231057167053223 6.655050041598713 2.1421079635620117 2.2429754734039307
4.293046474456787 6.859575152535399 2.6360397338867188 3.6537938117980957
3.411273956298828 6.267927114933585 3.0756101608276367 5.2357401847839355
3.1965878009796143 6.375716922017091 3.2937700748443604 6.315579414367676
3.706735372543335 4.584939946837068 2.4385414123535156 2.510725259780884
3.2036232948303223 5.435047536311686 2.808677911758423 3.7124011516571045
2.5982959270477295 5.200617196545522 3.0616660118103027 4.8835554122924805
2.447556495666504 4.3368361826453565 3.1624293327331543 5.647012710571289
4.592905044555664 5.746860436139627 2.5339395999908447 2.6290743350982666
4.181751251220703 7.516760474903549 3.002875804901123 4.1127729415893555
3.4110870361328125 6.371740718224089 3.351635217666626 5.646066188812256
2.964048385620117 4.753358173972849 3.498471736907959 6.652327060699463
5.805014133453369 7.426390368603279 2.6858651638031006 2.8061106204986572
4.40013313293457 8.212338628315592 3.2945363521575928 4.683338165283203
4.256382942199707 7.8459660622754654 3.7735233306884766 6.717914581298828
3.980504274368286 5.433968107818828 3.9839296340942383 8.058394432067871
3.34551739692688 3.639052934647907 2.5700325965881348 2.8051059246063232
1.5899488925933838 2.9877723148873514 3.519772529602051 4.809858322143555
2.390692949295044 4.702793817503785 3.5574212074279785 5.777441024780273
1.9597671031951904 4.432768491643515 3.5695979595184326 6.527094841003418
3.123048782348633 3.9326995657684174 2.7056920528411865 2.9861950874328613
2.8579492568969727 3.932053944448171 3.7934298515319824 5.381317615509033
3.42539119720459 5.505824583054697 3.926546812057495 6.792684555053711
1.7267106771469116 2.2542077127445737 3.992490291595459 7.835556983947754
5.00001335144043 5.594134696110814 2.9152143001556396 3.251561403274536
3.107212781906128 5.744334955902815 4.185757637023926 6.198739528656006
4.146161079406738 5.515712530441353 4.471709728240967 8.238612174987793
3.735168695449829 6.567258065240865 4.608373641967773 9.681901931762695
3.9418392181396484 4.459124113806752 1.6957393884658813 1.7348339557647705
3.682157516479492 5.859422046356485 1.9569463729858398 2.457709550857544
3.3264479637145996 6.2914611703155 2.263333559036255 3.3724205493927
2.6621153354644775 4.611816923507156 2.4501872062683105 4.044214248657227
4.160138130187988 4.885580391773601 1.7717679738998413 1.8118386268615723
4.290343761444092 6.675709366063984 2.0725035667419434 2.6281685829162598
3.7494516372680664 6.928608473414442 2.430320978164673 3.6965086460113525
3.227461338043213 6.139737107052435 2.649104356765747 4.494045257568359
4.559298515319824 5.691291632608795 1.87371826171875 1.9186910390853882
3.804192543029785 5.730474793398173 2.225018262863159 2.863754987716675
3.818838119506836 7.037019198162753 2.647716522216797 4.134762763977051
3.6066887378692627 6.418342893619253 2.906405448913574 5.0912370681762695
4.408670425415039 5.042111193896744 2.0998106002807617 2.1549065113067627
3.734968423843384 5.681580461893915 2.4514858722686768 3.136693000793457
3.164236545562744 5.524324990321318 2.8404104709625244 4.39213228225708
2.983752489089966 5.4413368144790155 3.061389207839966 5.304934024810791
4.870423793792725 5.793921752512688 2.200976848602295 2.2573938369750977
4.309703350067139 6.711478140984582 2.6310646533966064 3.4273841381073
2.9404215812683105 4.031065799460195 3.1129133701324463 4.973686695098877
2.7383968830108643 6.042952288595487 3.3882408142089844 6.112430095672607
5.423469543457031 6.629119420606751 2.3398094177246094 2.403761386871338
5.1305155754089355 7.221399322292541 2.8729567527770996 3.8353543281555176
3.807094097137451 6.014303880879083 3.474346876144409 5.77257776260376
3.7284586429595947 7.1790444692652535 3.8174638748168945 7.203677654266357
4.624051094055176 5.360156910541264 2.565570831298828 2.642446517944336
3.9042954444885254 6.592802942161825 3.011601209640503 3.948240280151367
3.6998684406280518 6.088435039147043 3.448864221572876 5.522365093231201
1.7219974994659424 2.9579403844821597 3.6832892894744873 6.6511969566345215
5.2171831130981445 6.1998678631237 2.682438611984253 2.7736661434173584
4.571435928344727 7.240163808887317 3.26092267036438 4.391746997833252
3.035717010498047 5.487859008727668 3.8380634784698486 6.417746067047119
2.7840399742126465 4.70097075442402 4.1499924659729 7.881358623504639
6.08150053024292 7.3956408189230345 2.856170177459717 2.966979503631592
4.656274795532227 7.759688662793154 3.611602544784546 5.036205291748047
3.951279401779175 5.8624010325754625 4.368797302246094 7.673952579498291
4.147163391113281 7.2871020076758555 4.773882865905762 9.567049980163574
3.9914891719818115 4.354139018728887 2.7205190658569336 2.9593241214752197
3.389469861984253 5.626017029697522 3.5270211696624756 4.8361053466796875
2.74015474319458 5.107472066658602 3.9801793098449707 6.57301139831543
1.5177642107009888 2.4262452020637966 4.204311847686768 7.825913906097412
4.560838222503662 4.966087680446805 2.9265034198760986 3.1967263221740723
3.9951462745666504 5.812270204452261 3.84781813621521 5.432852745056152
2.727264642715454 3.54460498013043 4.467784404754639 7.748276233673096
2.157186269760132 3.7120207559772354 4.789359092712402 9.429365158081055
5.148251533508301 6.10095154680198 3.170837640762329 3.4895312786102295
3.6212728023529053 5.861588167285788 4.309945106506348 6.333981513977051
3.7886970043182373 6.361688272219908 5.149567604064941 9.434287071228027
3.97643780708313 6.266124537557733 5.584958553314209 11.653038024902344
3.948115825653076 4.678790776144012 1.6723246574401855 1.733527421951294
3.7246086597442627 5.2775038570634365 1.9692511558532715 2.5976054668426514
2.3680851459503174 3.8828769247363653 2.2192537784576416 3.499685049057007
2.550213575363159 5.080688109264258 2.348935127258301 4.1136088371276855
4.231661796569824 5.224311799616288 1.7506580352783203 1.819168210029602
3.9783935546875 6.5708415557151625 2.089517116546631 2.803692102432251
3.5502161979675293 6.788513084740771 2.3796234130859375 3.8550031185150146
3.1020541191101074 3.7751418093748725 2.5288615226745605 4.571104526519775
4.942592144012451 6.125143502705402 1.8620171546936035 1.9397621154785156
4.221742153167725 6.323223358268791 2.257819414138794 3.088872194290161
3.0170295238494873 4.969743480330358 2.6009466648101807 4.345635890960693
2.808319568634033 6.145906158871355 2.7756378650665283 5.204468727111816
4.50855827331543 5.41771723597904 2.0780181884765625 2.154757261276245
4.048063278198242 7.021728275723035 2.4410793781280518 3.2846603393554688
3.196253776550293 5.040992592873749 2.7042293548583984 4.433032512664795
3.1568899154663086 4.664294357483239 2.821552038192749 5.191597938537598
5.056487560272217 6.16234582510333 2.1808841228485107 2.2715580463409424
3.9947030544281006 7.042029576616159 2.6228175163269043 3.6202552318573
3.0779619216918945 6.40060219272403 2.9576048851013184 5.029716968536377
3.013510227203369 5.28770265633888 3.1072041988372803 5.957734107971191
5.762878894805908 7.237887523169579 2.3331196308135986 2.4411776065826416
4.541921615600586 7.334850531557649 2.8844778537750244 4.095699787139893
3.8767616748809814 7.859169041723554 3.3152027130126953 5.875229358673096
3.933488130569458 7.5577600812783885 3.507524251937866 7.047101974487305
4.730774879455566 5.724361880255856 2.5947515964508057 2.6899917125701904
3.4501254558563232 5.732212459784705 3.0019350051879883 4.111558437347412
2.977217435836792 5.053629053741389 3.219641923904419 5.446603298187256
3.027390718460083 5.0266819379043 3.2935738563537598 6.294903755187988
5.4028544425964355 6.5857855487047345 2.7259867191314697 2.844430446624756
3.61448073387146 5.815090089996588 3.250779151916504 4.610129356384277
4.058650970458984 6.615068721494126 3.5702614784240723 6.322465896606445
2.7548675537109375 4.273707621490871 3.687710762023926 7.40003776550293
6.375286102294922 8.033551145910224 2.9221537113189697 3.071664571762085
5.543389797210693 9.575674339158738 3.617319107055664 5.3281636238098145
4.521184921264648 7.32418669892445 4.074756622314453 7.581819534301758
4.172881603240967 7.472685267190833 4.248730182647705 8.992897033691406
3.714383363723755 4.136665455681737 2.6794919967651367 2.9951303005218506
3.491476058959961 5.077033063079151 3.594444513320923 5.031867027282715
3.2555489540100098 5.953695128412666 3.6919057369232178 6.389159679412842
2.5978901386260986 4.670289047687447 3.6938626766204834 7.246127605438232
4.392834186553955 5.287138269141224 2.852353811264038 3.2158870697021484
4.462335109710693 7.3137308377693415 3.9263737201690674 5.725043296813965
3.575427532196045 6.059352615963263 4.129497528076172 7.534767150878906
1.4018514156341553 2.109892903567925 4.181358337402344 8.659286499023438
4.574546813964844 4.758352275233165 3.101213216781616 3.5010812282562256
4.710737705230713 6.797980603019141 4.410096168518066 6.732812404632568
4.568169593811035 6.591540446133649 4.768095016479492 9.198640823364258
3.6694223880767822 6.585919068898193 4.882707595825195 10.711036682128906
3.818808078765869 4.429783917864983 1.4285420179367065 1.4762133359909058
3.518282175064087 5.694012608021204 1.6924943923950195 2.2097554206848145
3.1622488498687744 6.031567048118003 1.9714150428771973 3.0247743129730225
2.5144176483154297 4.52489101953595 2.1346395015716553 3.5678012371063232
4.098671913146973 4.986410846474211 1.4925825595855713 1.544520378112793
3.8142266273498535 6.810934936085005 1.7814621925354004 2.35825252532959
3.5415608882904053 6.211867368880689 2.0891101360321045 3.2850303649902344
3.209207057952881 5.493337282047889 2.269763231277466 3.9092931747436523
4.669245719909668 5.746528021248079 1.5843571424484253 1.6424225568771362
3.877187728881836 6.620623747929116 1.9079469442367554 2.5687952041625977
3.3420608043670654 6.085688534830949 2.2549452781677246 3.6489384174346924
2.7068746089935303 5.5962444407775465 2.4586360454559326 4.380570888519287
4.390492916107178 5.1797195924359585 1.6319915056228638 1.6895780563354492
3.689537525177002 5.709055749274455 1.952341079711914 2.602527141571045
2.4741854667663574 4.046497916459291 2.280381679534912 3.620514392852783
2.7368905544281006 4.9830862579349855 2.461108922958374 4.2911481857299805
4.880483150482178 5.906076623222077 1.7187973260879517 1.7840393781661987
3.424553632736206 6.035945032282427 2.0831527709960938 2.829439163208008
3.752673387527466 6.71862241204056 2.461710214614868 4.037720203399658
1.6740137338638306 2.2992394624159402 2.6719374656677246 4.845558166503906
5.539158821105957 6.705597783513895 1.8475384712219238 1.9232335090637207
4.890478610992432 6.734555620892053 2.2745420932769775 3.1605727672576904
3.6839852333068848 6.9495557549445195 2.7234818935394287 4.6384053230285645
2.7426843643188477 5.899194550019843 2.973498821258545 5.634540557861328
4.659902095794678 5.56171938845236 1.9364910125732422 1.995336890220642
4.254622936248779 6.347746821404684 2.2735486030578613 3.082259178161621
2.7370657920837402 4.080215331390264 2.608025074005127 4.26209831237793
2.4131758213043213 4.9823800508520435 2.783477306365967 5.024730682373047
5.23535680770874 6.335395457531831 2.0386555194854736 2.1119167804718018
3.65773606300354 5.920637664435162 2.4419925212860107 3.39676833152771
3.9246718883514404 6.230321306669062 2.8523952960968018 4.851739406585693
2.1983180046081543 4.848668074986627 3.0697813034057617 5.806570529937744
6.141659736633301 7.491239248660065 2.193896770477295 2.2859363555908203
5.40709924697876 8.230139715163329 2.695493698120117 3.861778497695923
4.295769691467285 6.869209390045436 3.212345600128174 5.714737415313721
3.966017246246338 6.850060038328101 3.4864656925201416 6.938894748687744
3.8574345111846924 4.374387571305988 2.131925344467163 2.3811535835266113
3.454307794570923 6.480969709758938 2.738039493560791 3.8356106281280518
2.929081678390503 5.723046103972591 2.9294798374176025 4.89518928527832
1.5674742460250854 3.4006032057968696 3.0618817806243896 5.671481132507324
4.396047115325928 5.160532060316086 2.265352964401245 2.5521974563598633
4.323700428009033 7.093751087776411 2.980255603790283 4.290090084075928
3.705151319503784 6.589822779313494 3.22981858253479 5.661072254180908
2.914041519165039 5.212740430330182 3.412642240524292 6.662010192871094
4.960367679595947 5.729190700372158 2.4652907848358154 2.801243305206299
5.012175559997559 8.308907386493956 3.322383403778076 4.955409049987793
4.288926124572754 6.453034861756123 3.678356409072876 6.786243915557861
3.1545894145965576 5.12451193487504 3.9288735389709473 8.107751846313477
3.5579686164855957 4.590772890087129 1.4502650499343872 1.4984915256500244
1.8991152048110962 4.282907909210508 1.7035601139068604 2.2330708503723145
2.6263768672943115 5.28201046575656 1.9463528394699097 3.022226572036743
2.6003706455230713 5.070887167503315 2.0858240127563477 3.552363634109497
3.9675228595733643 5.1674008599025 1.5191384553909302 1.5714244842529297
2.7383127212524414 5.2142528226252125 1.8013547658920288 2.3844659328460693
1.0862400531768799 2.017382818072633 2.072705030441284 3.2736997604370117
2.909059524536133 5.813253368251395 2.2278223037719727 3.8803296089172363
4.506230354309082 5.754693322361163 1.6171152591705322 1.6753169298171997
4.103683948516846 7.905026733700879 1.9389252662658691 2.6006860733032227
2.694228410720825 5.241414453128563 2.248404026031494 3.6327404975891113
3.0240230560302734 6.362713224708671 2.423685073852539 4.34524393081665
4.003801345825195 5.180924169432387 1.6145145893096924 1.668944001197815
2.521843910217285 4.946761436820331 1.8972371816635132 2.5455322265625
2.592694044113159 5.2698055576529015 2.1781976222991943 3.505678176879883
2.6146492958068848 5.241361603345439 2.3391730785369873 4.160213470458984
4.603155136108398 5.887675794407983 1.7096952199935913 1.7698873281478882
3.7934117317199707 7.2984004036823364 2.038003921508789 2.773268699645996
3.2699575424194336 6.748494642075457 2.363938808441162 3.8950600624084473
2.4995391368865967 3.668147896819554 2.5489299297332764 4.671557903289795
5.25966215133667 6.866040846704209 1.8474466800689697 1.9171340465545654
4.44591760635376 7.722659061503631 2.2420856952667236 3.1086084842681885
3.855327606201172 7.869467291976775 2.6318368911743164 4.472540378570557
3.7781803607940674 6.856338556706305 2.849797248840332 5.425472259521484
4.277610778808594 5.5571910128168724 1.8050328493118286 1.874406099319458
3.7652571201324463 7.74911570557515 2.069391965866089 2.829477071762085
2.816584825515747 6.210744506183694 2.371691942214966 3.9292991161346436
2.3779149055480957 3.756458172001012 2.5492942333221436 4.686960220336914
4.824902057647705 6.181055376835417 1.9212729930877686 1.9952093362808228
4.100785255432129 8.511359476538928 2.2479398250579834 3.13031268119812
3.702434539794922 7.317917251991844 2.6119112968444824 4.450520992279053
3.1981329917907715 5.156041558232687 2.8214800357818604 5.374356269836426
5.801863670349121 7.603601498739669 2.0916733741760254 2.176666259765625
4.018875598907471 7.8231430132358355 2.5138168334960938 3.583623170852661
4.343194961547852 7.525232151010698 2.9677891731262207 5.246050834655762
3.4946413040161133 5.460248093842438 3.223281145095825 6.417315483093262
2.7403180599212646 3.078345646567115 2.0946004390716553 2.5256311893463135
3.627167224884033 6.780858367920075 2.232473373413086 3.0777363777160645
2.561903953552246 4.492625314413161 2.514711618423462 4.2565436363220215
2.3783421516418457 3.8692162473456335 2.7016613483428955 5.081514835357666
2.870154619216919 3.0325310554622065 2.2525970935821533 2.6973559856414795
3.6785354614257812 6.216558429378452 2.4390909671783447 3.444568634033203
3.459181547164917 6.450261115317744 2.7972896099090576 4.8832550048828125
3.3201427459716797 5.343069910547612 3.022444248199463 5.908960819244385
4.041747570037842 4.400524845915786 2.4760708808898926 2.965397834777832
5.4203104972839355 9.650197595171107 2.7533774375915527 4.003251075744629
4.677460670471191 8.721749082973124 3.2236552238464355 5.8578972816467285
3.8688368797302246 6.488871694217504 3.504690647125244 7.188109874725342
3.7868592739105225 4.227446757544604 1.7158530950546265 1.7678532600402832
1.620168685913086 2.486066327842533 1.9574532508850098 2.4914050102233887
2.5902490615844727 4.705246805998712 2.199225902557373 3.3255527019500732
2.134622573852539 4.127126842792119 2.329495906829834 3.8897671699523926
4.085176467895508 4.790486240401064 1.793888807296753 1.8490159511566162
3.347350835800171 5.727777198322713 2.0745978355407715 2.682018995285034
3.1234922409057617 5.803402821226484 2.3562216758728027 3.672696113586426
2.8593497276306152 5.417276471735027 2.5066566467285156 4.351510047912598
4.654130935668945 5.736631883583865 1.8997505903244019 1.9608960151672363
4.416532516479492 6.526537025478433 2.2324776649475098 2.9420580863952637
1.7413676977157593 2.7381538065603195 2.566869020462036 4.138984680175781
3.549056053161621 6.566783257941864 2.7428719997406006 4.964529514312744
4.270240783691406 4.805304702007813 2.1286685466766357 2.2063889503479004
3.593393564224243 5.0296460837388395 2.4405484199523926 3.195047616958618
3.090644359588623 5.038758624215987 2.7072575092315674 4.287521839141846
2.2379801273345947 3.9085833415430216 2.827496290206909 4.992117881774902
4.830574989318848 5.675219743897685 2.2286953926086426 2.314683675765991
3.171903371810913 5.378445347252068 2.620361328125 3.516880750656128
2.9507815837860107 5.267877757636086 2.961150884628296 4.890124797821045
1.6438779830932617 3.2789711171143026 3.113804578781128 5.786017417907715
5.450150489807129 6.548695271187057 2.3708088397979736 2.469125747680664
3.988924026489258 6.3488217229377994 2.8705856800079346 3.9679105281829834
3.9721479415893555 6.72626671037051 3.3084073066711426 5.721606731414795
3.9941720962524414 7.127541255793403 3.5013489723205566 6.867656707763672
4.499088287353516 5.072882915105197 2.599283456802368 2.693166732788086
2.990535020828247 5.183545627632611 2.9928839206695557 4.037756443023682
2.3371291160583496 3.6444370918760907 3.239032506942749 5.347833633422852
2.7352685928344727 4.609941713229148 3.320629596710205 6.138937950134277
5.150867938995361 6.032179282892457 2.721560001373291 2.840799331665039
4.09882116317749 6.27436980052376 3.2398159503936768 4.526814937591553
3.141739845275879 4.862007609257432 3.595195770263672 6.247989654541016
3.19381046295166 5.21190748056938 3.7216434478759766 7.303939342498779
6.0393900871276855 7.209143456724803 2.902491807937622 3.05409836769104
4.401042938232422 5.507506462520951 3.597170114517212 5.230618953704834
4.150888442993164 6.685737853903609 4.0966596603393555 7.521993160247803
3.353726625442505 5.56314895959963 4.274791717529297 8.923480987548828
3.511047124862671 3.9081115717714283 2.8316245079040527 3.0782151222229004
3.503364086151123 5.170311004134419 3.5291130542755127 4.889455795288086
2.422778606414795 3.9825815351098868 3.710049629211426 6.332087516784668
2.4473774433135986 4.464061228590488 3.7311439514160156 7.128758907318115
3.6937930583953857 4.098936931134476 3.0184779167175293 3.307565927505493
3.062506675720215 4.268447207359802 3.8444631099700928 5.569779872894287
2.455662488937378 4.928173175379925 4.151339054107666 7.497345447540283
2.541804075241089 4.304225145718235 4.228132724761963 8.614952087402344
4.856570243835449 4.972735361321739 3.291353940963745 3.637852907180786
3.8831894397735596 5.068434055786263 4.3060197830200195 6.54625940322876
4.344416618347168 6.572445296545908 4.788898944854736 9.180323600769043
3.2323784828186035 5.187446687383783 4.926173210144043 10.712653160095215
3.6036949157714844 4.126728146037294 1.490133285522461 1.5379968881607056
3.2144229412078857 5.699309691723556 1.7272508144378662 2.2206287384033203
3.312114953994751 5.986540446285574 1.9570329189300537 2.969667434692383
2.8397529125213623 5.566794173062327 2.0892751216888428 3.4890570640563965
4.0174880027771 4.829984919948856 1.5581536293029785 1.609569787979126
3.453834056854248 6.011782345264237 1.8247249126434326 2.3753952980041504
2.8324878215789795 5.195295510614649 2.084362506866455 3.2420101165771484
1.8710553646087646 2.858459149020291 2.232072591781616 3.847966194152832
4.6537675857543945 5.75759717235503 1.654754400253296 1.7112183570861816
4.082726955413818 6.4513737507598705 1.9610592126846313 2.5910754203796387
3.843553066253662 6.887077732341822 2.2594540119171143 3.6130294799804688
3.015622138977051 6.582752646080905 2.426426649093628 4.330464839935303
3.951528310775757 4.638437927801509 1.7597060203552246 1.8284820318222046
3.259613037109375 5.720663485968805 2.025172233581543 2.6548073291778564
2.7392125129699707 4.963415889770317 2.2575292587280273 3.5529744625091553
3.1003661155700684 5.087518192946845 2.3821301460266113 4.167313098907471
4.65927791595459 5.635492323604532 1.8515443801879883 1.924233317375183
4.537619113922119 7.308701575204054 2.1708478927612305 2.8986194133758545
2.798494577407837 4.177937486962037 2.4544129371643066 3.995516777038574
2.5042598247528076 4.590281284834759 2.6024835109710693 4.745721340179443
5.423547744750977 6.6206679429071755 1.9863219261169434 2.0667104721069336
4.794333457946777 7.227305850559645 2.380845308303833 3.249563217163086
4.042775630950928 7.510179508304148 2.733424186706543 4.620391845703125
3.353529930114746 5.12720981191953 2.9117190837860107 5.555933952331543
4.20190954208374 4.985688478215479 2.158146381378174 2.3094229698181152
3.787641763687134 6.701971774121603 2.3890910148620605 3.2148022651672363
3.3710923194885254 6.192435161331745 2.5645439624786377 4.1677632331848145
2.3261702060699463 4.285654350248507 2.65579891204834 4.824204444885254
4.912012100219727 5.944213877418633 2.2689833641052246 2.418184280395508
4.043583869934082 7.271508509957897 2.5831549167633057 3.5561904907226562
3.0624887943267822 6.176417552568047 2.8307461738586426 4.795698642730713
3.397594928741455 6.7169528024898 2.952509880065918 5.632928848266602
5.878870964050293 7.201906452363858 2.4352118968963623 2.5904805660247803
5.114240646362305 8.690556156751276 2.8703372478485107 4.063620567321777
4.021755695343018 6.799534802103182 3.2183725833892822 5.706392288208008
3.202440023422241 6.337486382445405 3.379998207092285 6.797207355499268
3.4147722721099854 3.911386743861385 2.2902841567993164 2.60143780708313
3.270742177963257 5.6535274602144145 2.924858331680298 4.140183925628662
2.5634806156158447 5.0981953989091515 2.846022844314575 4.758398056030273
2.630934238433838 5.4565734210085 2.878185749053955 5.373053550720215
3.691164970397949 4.239582227701703 2.4388816356658936 2.7696335315704346
4.063838481903076 6.978150698079901 3.1799628734588623 4.654768943786621
3.367814064025879 5.752368693353461 3.1720898151397705 5.557057857513428
2.805643081665039 5.577262603643021 3.2373931407928467 6.381435871124268
5.12910270690918 5.966155749675011 2.65862774848938 3.0277557373046875
4.529026031494141 6.875090783914644 3.5525283813476562 5.390483379364014
3.9814069271087646 7.453214141539036 3.6563520431518555 6.739455699920654
3.7895140647888184 7.255863286975426 3.765340566635132 7.859724998474121
3.9191057682037354 4.280420337192481 1.7119516134262085 1.7468076944351196
3.9189343452453613 6.234281925042108 1.9564357995986938 2.474963903427124
2.8502931594848633 5.140260157458478 2.2163615226745605 3.3404245376586914
2.3854806423187256 4.118619127347756 2.3674869537353516 3.9478089809417725
4.207113742828369 4.859187312693347 1.7862379550933838 1.8292601108551025
3.2442891597747803 5.588071495296227 2.0715436935424805 2.6547632217407227
3.041595220565796 5.357141752417874 2.3764607906341553 3.6646087169647217
3.191230297088623 6.184998271967345 2.553385019302368 4.383548736572266
4.781463623046875 5.848709007623228 1.8902366161346436 1.9432557821273804
4.626015663146973 6.245781159823991 2.2282283306121826 2.9065849781036377
3.8268535137176514 5.898323077145548 2.5918824672698975 4.112088680267334
3.4852898120880127 6.240274029985869 2.8024511337280273 4.977985382080078
4.461519718170166 4.954240891327345 2.147519588470459 2.173062324523926
3.4457433223724365 5.380735523604244 2.4663891792297363 3.1719610691070557
3.6955246925354004 6.270733304983196 2.7605926990509033 4.316652774810791
3.0129833221435547 5.250718736024936 2.9085493087768555 5.093352317810059
5.012897491455078 5.855039215138277 2.2432174682617188 2.2847414016723633
4.201242446899414 6.597512826799601 2.6389667987823486 3.4691832065582275
2.6812751293182373 5.01606346592564 3.011258840560913 4.875432968139648
2.8687119483947754 5.45167709157522 3.201333522796631 5.841976165771484
5.6474833488464355 6.788520826113199 2.381263017654419 2.442481279373169
4.471771717071533 7.120207420583029 2.879345417022705 3.8930070400238037
4.020901203155518 5.489232294412432 3.357116222381592 5.662435054779053
4.320705413818359 7.549402241690343 3.6048035621643066 6.887167930603027
4.7738118171691895 5.344036260676162 2.6283082962036133 2.687931537628174
3.715118885040283 5.607368212772826 3.060316562652588 4.033991813659668
2.61776065826416 4.086256908442607 3.3586208820343018 5.43112325668335
1.6989156007766724 3.0076430591771555 3.47169828414917 6.326782703399658
5.407166481018066 6.309537683619737 2.7578985691070557 2.8336784839630127
3.406104564666748 5.20497156188344 3.312260627746582 4.4945173263549805
3.0217931270599365 5.90269463648815 3.7158279418945312 6.281594753265381
2.4060657024383545 3.8013257053562484 3.8804924488067627 7.4395294189453125
6.279387950897217 7.500987853138639 2.9451637268066406 3.045320749282837
5.346924781799316 7.821816911593579 3.665140151977539 5.161149501800537
3.9583616256713867 5.910101764326555 4.212637424468994 7.497463703155518
3.797846794128418 6.572779653643352 4.451653003692627 9.014939308166504
2.836505651473999 3.0487379655562563 2.8548989295959473 3.045400857925415
2.8526015281677246 4.608952380124464 3.5843963623046875 4.95905065536499
2.2352983951568604 3.723436751540305 3.8968496322631836 6.495981693267822
2.4880597591400146 3.9411954217491143 3.959251642227173 7.42789363861084
3.1282551288604736 3.238188855809719 3.0455362796783447 3.271493673324585
4.414926528930664 6.213870378849151 3.9250216484069824 5.599675178527832
2.6420485973358154 3.6602327892403026 4.361681938171387 7.641576766967773
2.336354970932007 5.42510774004063 4.475006103515625 8.881625175476074
5.492384433746338 5.638353102973269 3.315016031265259 3.6043219566345215
4.712707996368408 7.434682185922497 4.410297393798828 6.5462541580200195
4.301560401916504 5.6299821574148154 5.009133338928223 9.296265602111816
3.4362871646881104 6.055757421310599 5.197896957397461 10.956634521484375
3.6689765453338623 4.091677648478049 1.3981151580810547 1.4356499910354614
1.7764326333999634 2.603426621385097 1.6158158779144287 2.0579957962036133
3.0316414833068848 5.4202879021534045 1.864850401878357 2.8416953086853027
2.922508716583252 5.481255596678238 2.022125482559204 3.410245656967163
4.080766677856445 4.729723639068059 1.4603415727615356 1.5010132789611816
3.1220929622650146 5.832859897911362 1.7011244297027588 2.1883420944213867
2.5630171298980713 4.994597699497376 1.9777402877807617 3.0673341751098633
2.999523162841797 5.5084015679714184 2.152392864227295 3.709810256958008
4.737031936645508 5.779554078914597 1.5495585203170776 1.5946006774902344
4.033239364624023 6.327998340554615 1.821207046508789 2.372270345687866
3.5864670276641846 6.92241028721704 2.134092092514038 3.383517265319824
3.2331466674804688 4.932011957602491 2.3308446407318115 4.127046585083008
4.163071632385254 4.674516237476995 1.540490746498108 1.5814158916473389
3.0491857528686523 5.115245194200497 1.815323829650879 2.3548498153686523
3.3174214363098145 5.884292448462475 2.1250686645507812 3.348069906234741
2.5249528884887695 4.683755776368983 2.309990644454956 4.06659460067749
4.7828168869018555 5.6634308556083965 1.6272882223129272 1.6736410856246948
4.249650955200195 5.747601340398603 1.9392712116241455 2.5519092082977295
3.3764569759368896 5.874716443631314 2.2955570220947266 3.7082479000091553
3.0120677947998047 5.307302668977037 2.509305477142334 4.554294109344482
5.444136142730713 6.60175956020845 1.7555738687515259 1.809233546257019
4.350780487060547 7.196167336374726 2.1198151111602783 2.840447425842285
3.9630110263824463 5.951199245991253 2.53918194770813 4.230990886688232
3.4061453342437744 4.709062396128875 2.79123592376709 5.2569580078125
4.425491809844971 5.031022938821479 1.7072365283966064 1.7332957983016968
4.280717849731445 6.583729086467656 2.0373427867889404 2.662074089050293
3.9271533489227295 7.099973847562524 2.3881711959838867 3.8540596961975098
3.0530831813812256 5.329041613241344 2.5855400562286377 4.704512596130371
5.050658702850342 6.034912373423367 1.8121459484100342 1.847596526145935
4.432711601257324 7.5778200404652125 2.1953916549682617 2.9275388717651367
3.460777759552002 6.146452933911782 2.6146440505981445 4.357635498046875
2.2170329093933105 4.30942298249056 2.853163242340088 5.390065670013428
6.007833480834961 7.3076768437352655 1.9726154804229736 2.0206339359283447
5.1300578117370605 8.44765986766177 2.433563232421875 3.3272438049316406
3.918856382369995 7.781207740665607 2.947303533554077 5.106472015380859
3.6433303356170654 6.482456513059766 3.2402195930480957 6.400440692901611
2.9731390476226807 3.388820595750076 1.9429969787597656 2.2169148921966553
3.4639334678649902 5.904461898550624 2.4521732330322266 3.2141237258911133
3.195242166519165 5.343309010292842 2.636996030807495 4.319779396057129
1.6724588871002197 2.9553999255265353 2.816499948501587 5.244125843048096
3.4174795150756836 3.6941386686316777 2.075906991958618 2.3707141876220703
4.1137189865112305 6.827205646599791 2.641244888305664 3.544872283935547
3.527129888534546 6.317743118695404 2.909479856491089 4.95695161819458
3.7202329635620117 5.35241137342058 3.140904188156128 6.103262901306152
4.9550371170043945 5.447588573054148 2.275709629058838 2.6029515266418457
4.872506141662598 7.168066588921818 2.932399034500122 4.05640172958374
4.321376323699951 6.376638164117445 3.319192886352539 5.917214393615723
3.3929011821746826 6.711187032148516 3.6179652214050293 7.386664867401123
3.675734043121338 4.5715167990047405 1.4231334924697876 1.4658598899841309
3.5108931064605713 6.446175961822917 1.6657207012176514 2.1506545543670654
2.9649224281311035 5.93450817664052 1.925316333770752 2.9400250911712646
3.2933499813079834 5.764734801270151 2.0878491401672363 3.4965693950653076
4.032226085662842 5.094792078091842 1.4844566583633423 1.5307116508483887
3.466376304626465 6.452145837623107 1.7531397342681885 2.289797782897949
3.696579694747925 6.710540542278721 2.04233455657959 3.1857879161834717
3.4597702026367188 6.407470894840799 2.223209857940674 3.8259761333465576
4.596774101257324 5.7680732435655955 1.5725940465927124 1.6240296363830566
4.04155969619751 7.010561474101593 1.8761930465698242 2.485625743865967
3.16335129737854 6.005828832394217 2.2053849697113037 3.523744821548462
3.842360019683838 6.648026497653575 2.4111766815185547 4.273566246032715
4.162203788757324 5.245943985626809 1.6409659385681152 1.6893004179000854
3.7277591228485107 6.459129194260726 1.933416485786438 2.5374882221221924
2.6995341777801514 5.842820583826324 2.2367002964019775 3.52282452583313
2.5460877418518066 4.773940858071816 2.4202277660369873 4.21745491027832
4.749025344848633 5.976695955216201 1.7242807149887085 1.7784236669540405
4.591156482696533 7.694370018281006 2.060685157775879 2.751176357269287
3.252239465713501 6.394350759452095 2.413642406463623 3.9162280559539795
3.2590160369873047 6.069196777847672 2.6274030208587646 4.750148773193359
5.403317928314209 6.890370745250266 1.8482756614685059 1.9112837314605713
4.017512321472168 6.350581093083578 2.2461087703704834 3.061614990234375
4.292724609375 7.815022542484627 2.6686198711395264 4.476677894592285
3.26623272895813 6.594527850334714 2.9248404502868652 5.500866889953613
4.353910446166992 5.514806351416155 1.9994529485702515 2.013167142868042
4.146512031555176 7.001236956689651 2.283557176589966 3.0258266925811768
2.8407583236694336 5.557444522449985 2.582789421081543 4.167025566101074
2.5827131271362305 4.831786927896246 2.7632641792297363 4.963834285736084
4.98817253112793 6.294363491342027 2.0893561840057373 2.127851724624634
4.391970634460449 7.235473093929329 2.446631669998169 3.3252475261688232
3.606851100921631 6.052316977327791 2.819681167602539 4.723528861999512
3.978428840637207 7.270829182939565 3.041863441467285 5.714193344116211
5.983084201812744 7.759430312931853 2.2356085777282715 2.2969932556152344
4.75441837310791 8.178906722631837 2.6934568881988525 3.7654364109039307
4.50784158706665 8.734868480686771 3.1694719791412354 5.53221321105957
4.095559120178223 6.308570209233537 3.4512076377868652 6.79492712020874
3.2435474395751953 3.8070097070026305 2.0799694061279297 2.2879233360290527
2.875286102294922 5.456801604027614 2.997512102127075 3.923463821411133
3.1321773529052734 6.088029181174164 2.9528136253356934 4.838839530944824
2.9201767444610596 5.798568603659902 3.0774831771850586 5.647523403167725
3.6263740062713623 4.479311477521414 2.205918073654175 2.4432904720306396
4.450252056121826 8.104928452601243 3.207738161087036 4.377458095550537
3.9672415256500244 7.758548939631982 3.2448604106903076 5.570797443389893
3.0100977420806885 5.090437563621435 3.4184987545013428 6.602174758911133
4.5702667236328125 5.495874963785056 2.400540828704834 2.6765174865722656
4.356943130493164 8.049695710137257 3.530914306640625 5.031660556793213
4.508330821990967 8.008522971754473 3.682333469390869 6.637124538421631
4.119222640991211 7.1114985297047095 3.925605058670044 7.989288330078125
3.7906410694122314 4.2041857309232 1.6766184568405151 1.733528971672058
3.425809621810913 5.253870870000945 1.9549014568328857 2.520124673843384
2.3720195293426514 4.630121925809201 2.2161412239074707 3.4247853755950928
2.3946704864501953 3.5841061157891545 2.3601279258728027 4.05826473236084
4.117859840393066 4.825862872627965 1.7567143440246582 1.8209593296051025
3.5647335052490234 6.175390263861743 2.075718641281128 2.7297754287719727
2.9409050941467285 4.879188800743805 2.3802332878112793 3.7970364093780518
2.813937187194824 5.523645622943832 2.547877788543701 4.541934490203857
4.6625142097473145 5.750776868076088 1.869457721710205 1.942392349243164
3.9922616481781006 6.022518501917602 2.2446043491363525 3.0156800746917725
3.9013445377349854 6.796180023897996 2.6062023639678955 4.3032121658325195
3.0833921432495117 4.617747667483885 2.8034558296203613 5.196918487548828
4.16530179977417 4.724504017781442 2.05900239944458 2.135094404220581
4.084704399108887 6.345774271316102 2.4091010093688965 3.1797285079956055
2.0055434703826904 3.3418732981772337 2.7088563442230225 4.363128662109375
2.1565170288085938 3.8789326508818505 2.856638193130493 5.171328544616699
4.717756748199463 5.618686125662862 2.162160634994507 2.2525832653045654
4.458438873291016 7.210402767977353 2.59011173248291 3.5180749893188477
2.5440056324005127 4.0659543650909775 2.968485116958618 4.9887800216674805
2.9584968090057373 5.477679740385547 3.1559388637542725 5.988300800323486
5.312963962554932 6.502151100576157 2.3142340183258057 2.421347141265869
4.258032321929932 7.4525364971612476 2.85122013092041 3.9931182861328125
3.2407097816467285 6.666001482095087 3.3341500759124756 5.865426540374756
3.498912811279297 6.945095939706704 3.571747303009033 7.126537799835205
4.419712066650391 5.060609288420636 2.5588979721069336 2.647067070007324
3.0287764072418213 4.936132300337249 2.9474503993988037 3.9689114093780518
2.769428014755249 5.462089343247726 3.2299890518188477 5.3827362060546875
2.4184582233428955 4.4033910057982695 3.3538308143615723 6.322380542755127
4.9040961265563965 5.85466901223765 2.6797096729278564 2.7942705154418945
4.136048316955566 6.466819877779926 3.193821668624878 4.467311859130859
3.6565518379211426 6.010177068403664 3.592109441757202 6.3051981925964355
2.5945627689361572 3.3367680699208933 3.770646810531616 7.513452529907227
5.683315753936768 6.9902251307846655 2.866664171218872 3.0120651721954346
4.274127006530762 7.052263343519986 3.556485176086426 5.179868221282959
3.819070339202881 6.37370590431054 4.111073017120361 7.6189165115356445
3.7697501182556152 6.075465347735189 4.358083248138428 9.198155403137207
3.7694461345672607 4.251193255640516 2.7035605907440186 2.9790351390838623
2.9931275844573975 5.353382215860627 3.5385384559631348 4.880862236022949
2.7248761653900146 4.090197331512172 3.7056119441986084 6.324600696563721
2.663311719894409 4.568122380830573 3.7750885486602783 7.317051887512207
3.8628339767456055 4.347670029284234 2.8743555545806885 3.1918296813964844
3.77197265625 6.234237896287937 3.8643414974212646 5.567339897155762
1.320770025253296 2.4304947177821816 4.160908222198486 7.536581993103027
2.464839458465576 4.47221918943859 4.29518461227417 8.852218627929688
3.3594648838043213 3.95613235314147 3.1312737464904785 3.5051305294036865
4.4711737632751465 7.239109063457022 4.3388566970825195 6.557113170623779
4.235196590423584 5.728533498421712 4.819489479064941 9.277702331542969
3.8529953956604004 6.741434553256621 5.033716678619385 11.038991928100586
3.456163167953491 3.871578933355977 1.4193671941757202 1.457732915878296
2.9691689014434814 5.261655827636844 1.6321927309036255 2.071319341659546
2.4957115650177 5.065542866259719 1.8696743249893188 2.820889472961426
2.50856614112854 4.5451945420339825 2.007113456726074 3.3394277095794678
3.8767435550689697 4.512314007371629 1.4862827062606812 1.5282988548278809
3.0870048999786377 5.118391488485258 1.7255584001541138 2.216737747192383
2.6470577716827393 5.113176110537871 1.9931601285934448 3.073549270629883
3.2909717559814453 5.480344076071503 2.145686388015747 3.6661882400512695
4.597686290740967 5.693049167597906 1.5826728343963623 1.62934410572052
4.543149948120117 7.488038259799353 1.8569674491882324 2.4209797382354736
3.6609883308410645 7.0209889294838845 2.1636319160461426 3.426525592803955
2.974742889404297 4.938699648238071 2.3340439796447754 4.121379375457764
4.0708112716674805 4.607931704448333 1.5726555585861206 1.6176118850708008
3.908170223236084 6.04743934914984 1.8394125699996948 2.3826684951782227
3.1315362453460693 4.711690146429543 2.126845359802246 3.3162009716033936
3.0134952068328857 4.975039275162309 2.2780184745788574 3.9508700370788574
4.66951322555542 5.552578851199712 1.6667689085006714 1.7174128293991089
4.23410177230835 7.123529683069044 1.976110577583313 2.6035284996032715
3.6759297847747803 6.62433284742535 2.313256025314331 3.7179605960845947
3.5428850650787354 6.074452552080459 2.488075017929077 4.4747209548950195
5.334811210632324 6.6153009480285085 1.8049942255020142 1.863431453704834
4.3544921875 6.886618253021802 2.1744110584259033 2.925084352493286
4.144969463348389 6.967111229809344 2.5804524421691895 4.301520347595215
3.473651170730591 5.515252716577663 2.785541534423828 5.235864639282227
4.388779640197754 5.0458623802577165 1.737928867340088 1.7900820970535278
3.808464527130127 6.321554986682273 2.057006597518921 2.7163124084472656
2.857952356338501 4.824546142802774 2.3788464069366455 3.807328224182129
2.836981773376465 4.949639383557573 2.5307912826538086 4.531394958496094
5.054699897766113 6.0505939295035205 1.855555772781372 1.9145869016647339
4.175556182861328 5.7640725366368315 2.2343838214874268 3.0111303329467773
3.3957345485687256 5.2878224979738775 2.6274569034576416 4.363515853881836
3.2740724086761475 4.837306899572027 2.811250925064087 5.25766134262085
6.080036163330078 7.64490581232964 2.029515027999878 2.099013328552246
4.524541854858398 7.484262589325668 2.4964091777801514 3.4513306617736816
3.4420289993286133 5.080384524158916 2.991743803024292 5.191457748413086
3.392437219619751 6.1316827209839175 3.218817710876465 6.341957092285156
3.592116117477417 3.7898705661624774 1.9853434562683105 2.2932212352752686
3.724703073501587 6.420511739925132 2.3361430168151855 3.2214765548706055
3.4725677967071533 6.049410358079541 2.603356122970581 4.250231742858887
1.805158019065857 3.03350938426172 2.7374393939971924 5.011618137359619
3.925858736038208 4.26571582002498 2.1298911571502686 2.463646650314331
4.155270576477051 7.431630801579679 2.5605757236480713 3.5984206199645996
3.3650667667388916 5.4479506124313275 2.9061715602874756 4.945645332336426
2.302786350250244 4.078184133329955 3.0771732330322266 5.911503791809082
4.958980560302734 5.227184619508392 2.349104166030884 2.722321033477783
4.420339584350586 7.70479173174175 2.881953477859497 4.152459621429443
4.356743335723877 7.433594858192123 3.3548624515533447 5.993293762207031
3.7454662322998047 5.88885318668585 3.5775668621063232 7.275519371032715
3.7105491161346436 4.229816334330309 1.5002964735031128 1.542621374130249
3.494485855102539 5.362305292174142 1.7115824222564697 2.1812796592712402
2.5619335174560547 5.283626697805037 1.9333267211914062 2.967907428741455
2.2295165061950684 4.9768200651594725 2.0756592750549316 3.5125832557678223
4.096295356750488 4.889237113988713 1.5736671686172485 1.6183595657348633
3.7036776542663574 6.16485951613935 1.8127597570419312 2.3347320556640625
2.9494893550872803 5.920318245147996 2.0612621307373047 3.2302517890930176
2.412355899810791 3.7517409963586488 2.217534303665161 3.854785680770874
4.84257698059082 5.949544619195166 1.6787818670272827 1.7272802591323853
3.4723896980285645 5.153084772666261 1.9573657512664795 2.5530707836151123
3.4507644176483154 4.964468015050869 2.2427966594696045 3.598710298538208
1.8398863077163696 3.52774018919758 2.4164488315582275 4.331881523132324
4.141066074371338 4.831723468970782 1.75298273563385 1.8136168718338013
3.2776310443878174 5.3680721871862715 1.9810423851013184 2.5703718662261963
2.483423948287964 5.384714571069708 2.200986385345459 3.5081119537353516
1.7206732034683228 3.8024396300730814 2.3483972549438477 4.164003372192383
4.804011344909668 5.786133412149695 1.8549457788467407 1.9188326597213745
3.9099113941192627 5.840127912948702 2.1334805488586426 2.814540386199951
3.441009283065796 6.547347999155235 2.396423816680908 3.933276653289795
1.6481397151947021 3.6985493530345934 2.5638740062713623 4.7159600257873535
5.624367713928223 6.839746052556848 2.0049054622650146 2.0749411582946777
4.434764385223389 7.753311763450938 2.357476234436035 3.1736536026000977
3.689758062362671 6.337902796383929 2.6842079162597656 4.555631637573242
3.681856870651245 5.4949185039414985 2.878227472305298 5.521245002746582
4.412037372589111 5.2249975668050865 2.107023000717163 2.217334032058716
3.9913885593414307 5.491240610910154 2.290802001953125 3.0269041061401367
2.4104127883911133 4.831935847541217 2.4548110961914062 4.033314228057861
2.3536770343780518 5.495972487097788 2.5872340202331543 4.760464668273926
5.164767265319824 6.253778032384616 2.2334136962890625 2.3453335762023926
4.524151802062988 7.21036622707107 2.4934794902801514 3.3711581230163574
2.6912143230438232 5.452908617474122 2.7172751426696777 4.631557941436768
1.3651875257492065 3.1827243578565216 2.8726842403411865 5.523687362670898
6.118748188018799 7.494120971037533 2.421215295791626 2.541604995727539
5.110574245452881 8.222518626013677 2.798673629760742 3.891099691390991
4.4180073738098145 7.861471383251228 3.113990545272827 5.531919956207275
2.4349334239959717 5.2219048839853315 3.3025922775268555 6.67418909072876
3.2001793384552 3.450548023559392 2.2665021419525146 2.528932571411133
3.2446680068969727 5.656657089272848 2.7070605754852295 3.6907811164855957
2.784334897994995 4.833760265135595 2.6718664169311523 4.49264669418335
2.2569756507873535 4.315692720922329 2.7701570987701416 5.231582164764404
3.455685615539551 3.7047010627504777 2.420715093612671 2.714329957962036
3.743581771850586 5.838870873058113 2.9724972248077393 4.174135684967041
3.0418589115142822 5.7419985309463755 2.9919681549072266 5.251843452453613
2.346003293991089 5.248997679881995 3.1115028858184814 6.172293186187744
4.703461647033691 5.378055490694578 2.655003786087036 2.9924569129943848
4.8836283683776855 7.037752498681584 3.358494997024536 4.889443874359131
4.23874044418335 6.97936309134019 3.483107805252075 6.411365509033203
3.6833508014678955 6.0982332662642875 3.636760950088501 7.61838436126709
3.9659435749053955 4.485002833187721 1.4758087396621704 1.5177689790725708
3.9747509956359863 6.039372071942779 1.7048043012619019 2.1830999851226807
2.9497880935668945 5.272832647597397 1.9495130777359009 2.9787895679473877
2.569589614868164 4.884673370530351 2.09842586517334 3.507935047149658
4.204512596130371 5.007557606697098 1.5465803146362305 1.5928337574005127
3.0325543880462646 4.863083229525273 1.8003259897232056 2.338862419128418
3.822256088256836 6.418328631661225 2.070129871368408 3.243532657623291
2.165729522705078 4.3658165977285535 2.2322802543640137 3.8504672050476074
4.778636455535889 5.919851308543571 1.6485596895217896 1.7003117799758911
4.522951126098633 7.479675380103771 1.9384969472885132 2.556633472442627
4.227052688598633 7.301426539299072 2.243403434753418 3.609606981277466
3.4477689266204834 5.550944948174504 2.4228005409240723 4.3211894035339355
4.383113861083984 5.086994750913682 1.6964975595474243 1.7458642721176147
3.9081990718841553 6.266033517706539 1.9581328630447388 2.550539016723633
3.3359339237213135 5.829722083454572 2.226417064666748 3.5172765254974365
3.2429912090301514 5.896029096373866 2.384641647338867 4.158461570739746
4.963656425476074 5.967314296440023 1.7920390367507935 1.8506550788879395
4.399847030639648 6.59230277065658 2.0993316173553467 2.79229474067688
3.6251168251037598 6.127756562410298 2.411007881164551 3.9384312629699707
3.3101577758789062 6.148719606387772 2.5900585651397705 4.702958106994629
5.587190628051758 6.845149178388695 1.9356660842895508 2.0045759677886963
4.8142523765563965 8.019689335784193 2.3096868991851807 3.1406633853912354
4.631597995758057 8.62742904334155 2.683032274246216 4.542965412139893
3.8722620010375977 7.407704394144844 2.8894479274749756 5.481113910675049
4.6385369300842285 5.478412180028499 2.0383732318878174 2.079958438873291
3.296724557876587 5.888425652358478 2.255906105041504 2.964779853820801
3.3568079471588135 5.033800625827098 2.496882915496826 4.049590587615967
2.631497859954834 4.675623173136442 2.645627975463867 4.769455432891846
5.2275214195251465 6.357014224251429 2.1438229084014893 2.198685884475708
4.6827592849731445 7.230713886860542 2.436039686203003 3.293484926223755
3.238125801086426 5.741159999246065 2.742098808288574 4.633145332336426
3.5023300647735596 5.7731645087964125 2.9189178943634033 5.518160820007324
6.1399407386779785 7.6419530339564385 2.313203811645508 2.3862557411193848
5.386360168457031 8.100244670712655 2.7138516902923584 3.7814059257507324
4.557388782501221 7.5433384091299445 3.1120054721832275 5.492809295654297
3.3018054962158203 5.412748307541108 3.3257510662078857 6.617503643035889
3.7956576347351074 4.352641260769062 2.0699462890625 2.3141233921051025
4.067938804626465 5.848609784657128 2.7267885208129883 3.687013864517212
2.684030294418335 4.449591210006929 2.742420196533203 4.532231330871582
2.4293835163116455 3.9806520990445833 2.855860710144043 5.270143032073975
4.2362895011901855 4.795216869981992 2.2111711502075195 2.4884772300720215
3.535698652267456 5.173597402212636 2.9490928649902344 4.112922191619873
2.8663907051086426 4.9208109778548526 3.0380959510803223 5.262940883636475
3.1255722045898438 6.250075133752944 3.1835267543792725 6.191391944885254
4.718510150909424 5.3354206960478905 2.428088665008545 2.7504873275756836
5.060459136962891 8.403595850604518 3.2943198680877686 4.747115612030029
3.8857433795928955 6.603855125457912 3.490314483642578 6.355269432067871
3.2329213619232178 5.775131790436092 3.678473949432373 7.565917015075684
4.1500372886657715 5.1028274554225845 1.644705057144165 1.7201582193374634
2.938239812850952 4.807862705264343 1.944785237312317 2.602499485015869
2.9906201362609863 4.757689562281087 2.1595094203948975 3.424523115158081
2.583087205886841 4.240068043983779 2.2611796855926514 3.9518990516662598
4.305263996124268 5.377424917365033 1.718697190284729 1.803137183189392
3.9987974166870117 6.48623533185841 2.057593584060669 2.8011488914489746
3.4055306911468506 6.13146148411488 2.302013397216797 3.7485949993133545
3.0541059970855713 5.085734724294639 2.414538860321045 4.35490083694458
4.802058696746826 6.283503729871882 1.8218812942504883 1.917789101600647
4.123279571533203 6.941565699512921 2.2125051021575928 3.0718929767608643
3.107851266860962 5.250570406404023 2.4955403804779053 4.1896162033081055
3.4660816192626953 5.789759189548704 2.6217734813690186 4.902364253997803
4.5838727951049805 5.636271108030996 2.0187277793884277 2.1196887493133545
4.494283199310303 7.422427334276244 2.3669090270996094 3.228349208831787
2.3458001613616943 3.82726445969638 2.5718400478363037 4.2304887771606445
2.28682279586792 4.320609436736568 2.6489710807800293 4.856017112731934
5.044863700866699 6.177156554886523 2.1141390800476074 2.231316089630127
4.032419681549072 7.263569198764742 2.5346767902374268 3.5451507568359375
2.7160825729370117 5.497586670545036 2.793872117996216 4.767048358917236
2.961331844329834 5.58041992129472 2.889493942260742 5.524311065673828
5.528970718383789 7.215946944529719 2.251467704772949 2.3892109394073486
4.695402145385742 6.104219698725203 2.770807981491089 3.9880735874176025
3.5870587825775146 6.051272950016028 3.1019208431243896 5.514283180236816
3.1924314498901367 6.464045165844734 3.2208313941955566 6.4510579109191895
4.842752933502197 5.949241277215435 2.528373956680298 2.662766933441162
3.956390142440796 6.586305025593447 2.8708457946777344 3.989291191101074
3.2759029865264893 5.270698532609757 3.0023627281188965 5.089303970336914
2.0232129096984863 3.27474105789297 3.024341106414795 5.756153106689453
5.295738220214844 6.493914916983158 2.6417644023895264 2.8062684535980225
3.209388017654419 5.323932380411634 3.100554943084717 4.456668853759766
2.554792881011963 4.138405803813384 3.306607246398926 5.867314338684082
2.9340620040893555 5.218288686064966 3.353503704071045 6.714308738708496
6.071761608123779 7.734865487512764 2.812540292739868 3.0147597789764404
4.485062122344971 6.878344770122606 3.427371025085449 5.115403652191162
3.857377290725708 6.982156882708182 3.737407922744751 6.969855785369873
3.0364036560058594 5.360941059092454 3.814908742904663 8.063020706176758
2.5733821392059326 2.940514143083618 2.700178384780884 3.0811026096343994
2.395977020263672 4.303838125719182 3.4651522636413574 4.915552616119385
2.8724958896636963 5.472299284498554 3.394559621810913 5.882458209991455
2.7228331565856934 4.6429734209889375 3.3363547325134277 6.515936851501465
3.4781956672668457 4.298068481833184 2.86283278465271 3.3002514839172363
4.085813999176025 6.6613054312123285 3.760441780090332 5.57151985168457
3.654966115951538 6.2897581021757105 3.774657964706421 6.89459228515625
2.5137546062469482 4.565431528672889 3.74120831489563 7.7349162101745605
4.427901744842529 4.628102479318159 3.0995328426361084 3.6147971153259277
4.7786054611206055 6.351877896787528 4.1892805099487305 6.506622314453125
3.803675413131714 6.837459136607961 4.318325519561768 8.342096328735352
2.7902934551239014 5.069271712067973 4.316626071929932 9.467974662780762
4.065128803253174 4.596120682687648 1.5261352062225342 1.5716187953948975
3.4262447357177734 5.683401693303526 1.768554925918579 2.2469093799591064
3.6551895141601562 5.989592192959897 2.0060033798217773 3.045522928237915
3.491772413253784 5.715510443717278 2.143747091293335 3.6117970943450928
4.3126749992370605 5.058883058364674 1.5970655679702759 1.647417426109314
3.8250339031219482 6.432552043936852 1.8674376010894775 2.4098947048187256
3.120966911315918 5.376581305559625 2.1365244388580322 3.3306009769439697
2.8294670581817627 5.246623590054014 2.2916359901428223 3.9849493503570557
4.827037811279297 5.988510823444869 1.6975409984588623 1.7538992166519165
4.336974620819092 7.446719664937291 2.0076231956481934 2.6320433616638184
3.7545154094696045 4.856000382937225 2.320028781890869 3.716268301010132
3.7579996585845947 6.878623656273954 2.49774432182312 4.490555763244629
4.599390029907227 5.2697930315912345 1.8176450729370117 1.8844208717346191
3.9997780323028564 6.362823233527031 2.106367349624634 2.719093084335327
3.666602611541748 6.361358366988952 2.3654625415802 3.6972103118896484
3.4491474628448486 6.103343410397187 2.497775077819824 4.381762981414795
5.045381546020508 6.035732496442554 1.9156445264816284 1.986072063446045
3.674948215484619 5.36665561932341 2.256391763687134 2.973522186279297
2.5557045936584473 4.533150365243728 2.5709335803985596 4.166390895843506
3.6687231063842773 6.257667178583032 2.730660915374756 4.997604846954346
5.433173656463623 6.7864661194405365 2.0561492443084717 2.134503126144409
5.183350086212158 7.66412319903867 2.472766876220703 3.3349692821502686
4.303867816925049 7.798910058605301 2.8664560317993164 4.8274102210998535
2.810164213180542 4.977319029766477 3.06361722946167 5.864908695220947
4.803856372833252 5.556665753946163 2.231301784515381 2.3565168380737305
4.021742820739746 6.024584767984834 2.5185329914093018 3.3242368698120117
3.954251289367676 6.795117810390366 2.753291368484497 4.407336711883545
1.9564809799194336 3.611253152213493 2.851536512374878 5.161468982696533
5.191844940185547 6.247657057833123 2.3470993041992188 2.484407424926758
4.996316432952881 8.5055242964864 2.726837635040283 3.68902325630188
3.662092447280884 6.1452353609415695 3.040473222732544 5.088947772979736
3.310007333755493 6.45426532191163 3.172844171524048 6.048276901245117
5.867395877838135 7.401798197317461 2.520719528198242 2.67122745513916
5.6120123863220215 8.429796132464437 3.0302655696868896 4.219579219818115
4.130712985992432 7.90848840631336 3.4589712619781494 6.0778045654296875
4.124030113220215 6.386356380066843 3.6401941776275635 7.3287672996521
3.6206839084625244 3.806693556818118 2.350233793258667 2.666210412979126
3.064134359359741 5.062914682643168 3.1212732791900635 4.222683906555176
3.029409885406494 5.574627120798596 3.123979330062866 5.103363990783691
3.3671767711639404 5.074476826054607 3.157184600830078 5.838526725769043
4.531355381011963 4.77280070461336 2.506568431854248 2.8480241298675537
4.0527777671813965 6.414321930219359 3.393242359161377 4.771481037139893
4.069467544555664 6.634951182446365 3.4943530559539795 6.002184867858887
3.004648447036743 4.320670532776447 3.558173894882202 6.980432510375977
4.779871940612793 5.440745852832379 2.737373113632202 3.1148946285247803
5.140841484069824 9.094793582982396 3.794285297393799 5.562644004821777
4.637925148010254 7.539874927353125 4.034925937652588 7.330563068389893
4.026716232299805 6.488506536880364 4.146279335021973 8.654276847839355
3.69230580329895 4.06064621412952 1.4219189882278442 1.4568679332733154
3.7235629558563232 5.703366401766829 1.6221179962158203 2.0183610916137695
3.534238576889038 6.211503931826703 1.8539655208587646 2.7283413410186768
3.059123992919922 5.695096218479087 2.004899263381958 3.2547080516815186
4.064793109893799 4.49044874906906 1.485743522644043 1.5237075090408325
3.8027939796447754 5.77233198777887 1.7060953378677368 2.1437160968780518
2.953758955001831 5.454999931518877 1.9642009735107422 2.944676160812378
2.8173980712890625 4.705850237102666 2.131798505783081 3.5438270568847656
4.731142044067383 5.778417470243426 1.5773098468780518 1.6194082498550415
4.177681922912598 7.116424096978212 1.8253982067108154 2.3211510181427
3.831418991088867 5.93232208845194 2.1190948486328125 3.2492332458496094
2.814079999923706 5.804273047170895 2.309135675430298 3.9493019580841064
4.16571569442749 4.618120941248632 1.6078300476074219 1.6475605964660645
3.9633898735046387 6.477070245391701 1.840868592262268 2.3210508823394775
3.055053234100342 5.264921060057892 2.106510639190674 3.189377784729004
2.867385149002075 4.949507286768949 2.2753443717956543 3.8391032218933105
4.756348133087158 5.3937344948214445 1.696177363395691 1.740971326828003
4.572169780731201 7.543483840312323 1.9637577533721924 2.510498285293579
3.444178581237793 5.987174863235481 2.2738635540008545 3.5325822830200195
3.5369579792022705 6.341476488662465 2.4699490070343018 4.303844451904297
5.5026164054870605 6.614056534239808 1.8272593021392822 1.8789401054382324
5.226825714111328 8.054204262311941 2.1438305377960205 2.788304090499878
4.251523017883301 6.794694305489635 2.5158138275146484 4.032622337341309
3.5228748321533203 5.455862850766895 2.749173641204834 4.977551460266113
4.374812602996826 4.904234868170761 1.8796806335449219 1.9207888841629028
4.11154317855835 6.258044082973015 2.1049916744232178 2.6788220405578613
3.261828899383545 5.59592038232006 2.3636763095855713 3.662076950073242
2.714176893234253 4.776518720356762 2.5307962894439697 4.403128623962402
5.0103912353515625 5.7941525400838145 1.9834133386611938 2.0289580821990967
3.863495349884033 4.840101232628683 2.2614495754241943 2.9305450916290283
2.9441025257110596 5.022982256706342 2.585392475128174 4.136501789093018
3.7158970832824707 6.054741071771559 2.790823459625244 5.049194812774658
6.066718578338623 7.300189316920864 2.1436879634857178 2.1989612579345703
5.01931619644165 7.6433126878380335 2.498047113418579 3.3112730979919434
4.2879743576049805 6.606972529536815 2.9142589569091797 4.845977306365967
4.360870361328125 7.301364973141673 3.172403335571289 6.007931709289551
3.292570114135742 3.6692038058778564 1.961708426475525 5.118198394775391
3.6720306873321533 5.88635535247613 2.728813648223877 3.5852057933807373
3.3955416679382324 5.811943255873302 2.6158463954925537 4.123249053955078
3.374074697494507 6.155994007636154 2.7452611923217773 4.8806986808776855
3.6460719108581543 3.9735247170456205 2.0849571228027344 2.359506130218506
3.5064871311187744 6.1477673379469815 2.9215612411499023 3.9027793407440186
3.728693962097168 4.410344583140386 2.8829257488250732 4.717446804046631
3.697195291519165 5.956314940740867 3.0582516193389893 5.682563304901123
4.443419456481934 5.179189800924405 2.2932724952697754 2.592318058013916
4.493027210235596 7.292607623185518 3.2007675170898438 4.3914361000061035
4.553428649902344 7.366068689651456 3.2856240272521973 5.6184468269348145
3.8868203163146973 6.4723696377132995 3.525050401687622 6.889838218688965
3.958650588989258 4.484844591111937 1.5155616998672485 1.5644787549972534
3.9446914196014404 6.536767209806779 1.7584916353225708 2.2760632038116455
2.521629810333252 4.574556859274841 2.03031849861145 3.1302101612091064
2.7086398601531982 5.145655255913539 2.199540138244629 3.6988723278045654
4.281253337860107 5.178124390759763 1.5889174938201904 1.6411633491516113
3.6785171031951904 6.37877530447642 1.8612204790115356 2.443722724914551
3.542024612426758 6.46530771059874 2.1685068607330322 3.4449918270111084
3.329913377761841 5.960423591781815 2.3607046604156494 4.126728534698486
4.931941986083984 6.391390259142867 1.694287657737732 1.7509725093841553
4.975982666015625 8.43733031666265 2.0081756114959717 2.67962384223938
3.824354410171509 7.339028193821036 2.3649752140045166 3.879793643951416
3.280381679534912 5.976297300503518 2.588073968887329 4.711084365844727
4.516694068908691 5.207442282490059 1.800991415977478 1.8758976459503174
4.390071392059326 7.154393812144008 2.099170684814453 2.78398060798645
3.336963176727295 5.720247587320046 2.4222235679626465 3.8813133239746094
3.079188346862793 5.797303980240031 2.6127805709838867 4.603567600250244
5.0523905754089355 6.13519482875256 1.9000346660614014 1.9807538986206055
4.530292987823486 7.319370077327164 2.252047300338745 3.0492019653320312
3.3510289192199707 6.413150030099928 2.6391308307647705 4.401540756225586
3.6328275203704834 5.471845723110164 2.869426965713501 5.315591335296631
5.8201470375061035 7.626747990397092 2.0487959384918213 2.137068748474121
5.115291595458984 8.655271127640276 2.479724407196045 3.4384801387786865
3.77164363861084 6.9281712020572 2.9588091373443604 5.153077125549316
3.0618844032287598 6.836113695274829 3.244826555252075 6.334820747375488
4.742133140563965 5.553287270141027 2.2513065338134766 2.3431003093719482
4.506965637207031 6.598821815178848 2.5390360355377197 3.4421021938323975
3.2203235626220703 5.720867613727847 2.852006435394287 4.727574825286865
2.652193546295166 4.855938771168226 3.032654285430908 5.553388595581055
5.472997665405273 6.684663985630323 2.3604955673217773 2.479602336883545
4.446462631225586 6.899558422462768 2.7385599613189697 3.8272221088409424
3.847346067428589 6.5444785407261366 3.148280382156372 5.4796271324157715
2.5241124629974365 5.5329207168892225 3.3856089115142822 6.572646617889404
6.446471691131592 8.396570913145183 2.5378966331481934 2.6808667182922363
4.59914493560791 7.832117141409626 3.0488760471343994 4.40253210067749
4.108479976654053 7.207564636380923 3.5983266830444336 6.596089839935303
3.8296990394592285 5.928908228205472 3.9160890579223633 8.077173233032227
3.2137436866760254 3.496147125675627 2.2963478565216064 2.54103946685791
3.407305955886841 5.465174593045958 3.289085626602173 4.449569225311279
2.8919496536254883 5.074306711832833 3.2843286991119385 5.587220668792725
2.431516647338867 3.999846801953936 3.4032061100006104 6.4094438552856445
4.214605808258057 4.992637497360647 2.44486927986145 2.7364377975463867
4.30817174911499 7.083367570230621 3.5342228412628174 5.018871307373047
2.8764421939849854 4.997406897042691 3.655074119567871 6.58188533782959
2.6785435676574707 4.799046391281081 3.8385393619537354 7.707717418670654
5.204990386962891 5.640382120344611 2.680583953857422 3.029193639755249
5.70469331741333 8.660760872542092 3.9377834796905518 5.883121013641357
4.4621500968933105 6.90252248822128 4.225774765014648 8.062979698181152
3.7188427448272705 4.834488596722821 4.503684043884277 9.651731491088867
4.08331298828125 4.889716162713626 1.69243586063385 1.7509392499923706
3.000340223312378 4.931050367663374 1.9641603231430054 2.569028854370117
2.8923487663269043 4.943490270606901 2.2393057346343994 3.5577526092529297
2.4198269844055176 4.365784439595988 2.3977468013763428 4.268389701843262
4.420426368713379 5.428402019013603 1.7825407981872559 1.8490806818008423
3.003354787826538 4.864255820159741 2.097965717315674 2.8024473190307617
2.2555811405181885 4.644553598224775 2.417485237121582 3.9681942462921143
2.7109780311584473 5.244794606236269 2.5977163314819336 4.794859886169434
5.104990482330322 6.26405451261823 1.9137831926345825 1.9892576932907104
4.34339714050293 7.581874821059046 2.2881627082824707 3.1237597465515137
3.6243510246276855 6.3677682857578475 2.666795015335083 4.532220363616943
3.296233654022217 4.867561335151416 2.8756258487701416 5.520704746246338
4.780001640319824 5.7612825138725725 2.094069480895996 2.171797037124634
3.3932623863220215 5.341990529480931 2.419538736343384 3.2449426651000977
3.2133233547210693 5.359458772505771 2.7211074829101562 4.526540756225586
2.0530037879943848 4.006400775982058 2.882110118865967 5.439615249633789
5.2274169921875 6.37560371963238 2.212526798248291 2.3088507652282715
3.8776497840881348 6.0611404844080425 2.6243350505828857 3.6310677528381348
3.408498525619507 5.6241334532579685 3.0057339668273926 5.2295732498168945
2.0744593143463135 4.069823100824124 3.2023932933807373 6.343905448913574
6.0451130867004395 7.485808984688804 2.3962342739105225 2.5121164321899414
4.619986534118652 7.9909158922259 2.9271903038024902 4.186191558837891
4.173255443572998 6.396753627584414 3.4171595573425293 6.236542701721191
3.7111411094665527 6.418433899765037 3.661651611328125 7.637496471405029
5.045358180999756 6.096266709058277 2.654386043548584 2.728764533996582
4.066210746765137 6.3823696781526 2.95497727394104 4.0457634925842285
2.99923038482666 4.179157753074151 3.219947576522827 5.558530807495117
2.653733015060425 4.506180724403066 3.354617118835449 6.62265157699585
5.805765151977539 7.004976495738731 2.7994861602783203 2.9073450565338135
4.3766279220581055 7.100647123880208 3.241056203842163 4.626677989959717
3.7192819118499756 5.86243740229969 3.6195764541625977 6.5966796875
1.5175539255142212 3.0151855501588547 3.799870014190674 7.940981864929199
6.777039527893066 8.298557098998117 3.0342671871185303 3.183248519897461
5.193385124206543 7.821233021573349 3.6758809089660645 5.483573913574219
4.5060296058654785 8.176900186113837 4.209402561187744 8.121650695800781
3.5679619312286377 7.078104363233933 4.4516825675964355 9.868949890136719
3.5305395126342773 3.942151607306613 2.8192896842956543 3.172194719314575
3.8894526958465576 6.107887628277922 3.5363216400146484 4.946216583251953
2.1264731884002686 4.358155328636968 3.6606099605560303 6.493150234222412
2.6356239318847656 4.542667743391831 3.745932102203369 7.624820709228516
4.651673793792725 5.142423194907565 3.017084836959839 3.437976121902466
4.574712753295898 7.443635270066352 3.9160585403442383 5.751192569732666
2.9075520038604736 5.645851516415137 4.168684482574463 7.8545098304748535
2.435851573944092 4.604863897721019 4.299916744232178 9.311361312866211
4.959267616271973 5.362855535128432 3.3347928524017334 3.845409870147705
5.086706638336182 8.286711637213914 4.502830505371094 6.974027156829834
3.8649253845214844 5.480972203791538 4.925182819366455 9.875824928283691
2.9071619510650635 5.060226673108332 5.120100975036621 11.805901527404785
4.573420524597168 5.291739092856346 1.602381706237793 1.6587917804718018
4.365352630615234 6.86903486286289 1.9117823839187622 2.50412654876709
2.9174301624298096 4.9824393341683795 2.2069618701934814 3.449382781982422
3.5591814517974854 5.10720702650101 2.39296555519104 4.1286540031433105
4.721146106719971 5.761847396423491 1.683207631111145 1.7474607229232788
5.042618751525879 8.110921221088574 2.032374382019043 2.698469400405884
4.0044846534729 7.250983023128356 2.3711938858032227 3.7936086654663086
3.2240989208221436 5.250132464658364 2.5836191177368164 4.595186710357666
5.136185646057129 6.411798310338298 1.799885630607605 1.8730688095092773
4.809672832489014 7.434794721831821 2.2045934200286865 2.9750819206237793
3.67407488822937 5.922586188962572 2.603745937347412 4.286341667175293
3.8564791679382324 7.3853457184224 2.8512368202209473 5.258188724517822
5.285447120666504 6.183580195747844 1.9278851747512817 1.9858931303024292
4.787516117095947 7.131629321399359 2.3103761672973633 3.0623793601989746
4.030765056610107 6.314285424396964 2.660691261291504 4.289275169372559
3.1604297161102295 5.954009842457026 2.870715379714966 5.172094345092773
5.558692455291748 6.718962761223366 2.0381433963775635 2.1084601879119873
4.196643829345703 7.323179540013436 2.493147134780884 3.374293327331543
3.919734001159668 5.945964224429758 2.921940803527832 4.870192050933838
4.052168846130371 6.541197103215396 3.1767919063568115 5.963477611541748
6.072268962860107 7.703716786862287 2.202397108078003 2.288738489151001
4.900440692901611 8.433898729133944 2.7625410556793213 3.835780143737793
4.146642208099365 7.627144388116896 3.3041930198669434 5.7353901863098145
3.400630235671997 6.668929712677981 3.6208412647247314 7.1329450607299805
5.506727695465088 6.457174240731064 2.3921446800231934 2.442831039428711
4.791110515594482 7.318445965601768 2.7951345443725586 3.7478671073913574
3.3956573009490967 5.242051146737936 3.144788980484009 5.206768035888672
2.915494441986084 5.431805761041005 3.3488376140594482 6.245972633361816
5.982233047485352 7.163978937012075 2.5216288566589355 2.5938589572906494
4.7941203117370605 6.472699382857286 3.0464718341827393 4.200812816619873
4.0028533935546875 7.128872031577089 3.5125367641448975 6.060346603393555
2.3136942386627197 3.575427657578814 3.7775638103485107 7.39719820022583
6.620586395263672 8.455878688199846 2.7258338928222656 2.822594404220581
4.5757341384887695 8.47377102524706 3.4260168075561523 4.886531352996826
3.3401260375976562 6.246764297459549 4.061817169189453 7.362559795379639
3.8147308826446533 6.221287282460921 4.41269588470459 9.138626098632812
3.514040946960449 3.6950483696966785 2.416003942489624 2.6756088733673096
3.528085708618164 6.029959392217279 3.5524401664733887 4.842052459716797
3.7734968662261963 6.3476853318462645 3.6001081466674805 6.1066155433654785
3.389145851135254 5.412970688177666 3.7565178871154785 7.188567161560059
4.620583534240723 4.74745596243379 2.5957717895507812 2.8921124935150146
3.5786421298980713 4.628962547423299 3.8610482215881348 5.495960235595703
3.174241065979004 6.166337237463267 4.069596290588379 7.23839807510376
1.9534560441970825 4.084677915448424 4.29555606842041 8.671156883239746
5.413325786590576 5.605880412935221 2.871070384979248 3.223454713821411
5.208372116088867 8.025783326751025 4.349964141845703 6.4830241203308105
4.8117804527282715 8.278425628155851 4.78057861328125 8.976231575012207
3.874990463256836 7.393779374897463 5.103427410125732 10.9374361038208
3.9915952682495117 4.525732042887668 1.5485481023788452 1.5872154235839844
3.9729390144348145 6.397019321168481 1.7682782411575317 2.2277135848999023
2.2396621704101562 3.6848067888300875 2.007950782775879 3.024733304977417
2.159472703933716 4.895877082139123 2.157590389251709 3.602705478668213
4.241245746612549 5.154033232847365 1.6286205053329468 1.6711763143539429
3.9951884746551514 6.185374709592509 1.8785804510116577 2.3882148265838623
2.657665491104126 4.127610786588777 2.1522750854492188 3.3039286136627197
2.8473050594329834 5.596877325929448 2.320850133895874 3.9727962017059326
4.884366035461426 6.0405540206428725 1.7443735599517822 1.7922381162643433
4.514733791351318 7.466163416508834 2.0378341674804688 2.623002290725708
3.515073776245117 6.588804786937715 2.359246253967285 3.7074689865112305
3.4996280670166016 5.80113689631811 2.552546501159668 4.5005998611450195
4.507563591003418 5.221958669225154 1.831681728363037 1.8751016855239868
4.258118152618408 6.074902032975579 2.0778958797454834 2.6548125743865967
2.694385290145874 4.358608415489925 2.332906723022461 3.6436049938201904
2.543238878250122 4.845754893947628 2.488029718399048 4.360085964202881
5.023340702056885 6.083304620588308 1.941435694694519 1.9908409118652344
3.910963535308838 7.073307156283434 2.241363286972046 2.9081485271453857
3.7142789363861084 7.382877825169658 2.5533511638641357 4.102691173553467
2.2458648681640625 4.459649515560329 2.7380893230438232 4.968156814575195
5.713695049285889 7.19885105262847 2.104405164718628 2.163703680038452
4.337120532989502 7.957029202525682 2.4852256774902344 3.29316782951355
4.032495021820068 6.4491497140170395 2.881972551345825 4.795009136199951
3.722055196762085 5.839626388072702 3.108722448348999 5.876657962799072
4.787404537200928 5.633641252582834 2.2306978702545166 2.2952330112457275
3.9344935417175293 6.371989365416852 2.4502973556518555 3.174851655960083
2.879880428314209 4.670855402503662 2.663384199142456 4.278818607330322
2.352031707763672 4.141971881651837 2.795403480529785 5.08464241027832
5.474633693695068 6.608058357810417 2.3639638423919678 2.436814546585083
4.539065361022949 6.131936451969112 2.667712450027466 3.528843879699707
3.9989445209503174 7.0349319774300945 2.958065986633301 4.926713943481445
2.868431806564331 4.688406392256894 3.128741502761841 5.937576770782471
6.384093761444092 8.043670928963312 2.567121744155884 2.6531105041503906
5.144206523895264 7.43227524105987 2.998019218444824 4.082137107849121
4.4884419441223145 7.771705406942118 3.4091880321502686 5.9370880126953125
2.853126049041748 5.386812212797793 3.63861346244812 7.254586219787598
3.059656858444214 3.1918538188297134 2.42092227935791 2.659686803817749
4.077455043792725 6.076328805928824 3.082895517349243 4.1049394607543945
3.585644245147705 6.068581424172862 2.9772799015045166 4.888356685638428
2.4130501747131348 3.651013925699772 3.0486583709716797 5.685815811157227
4.9305830001831055 5.586249454127369 2.59981632232666 2.8612523078918457
4.740506172180176 7.658203984601528 3.3529224395751953 4.610572338104248
3.5802958011627197 6.030340498534315 3.337893486022949 5.708887100219727
2.6160624027252197 5.571582032337119 3.4490270614624023 6.744589328765869
5.5309295654296875 5.7493125438745665 2.868246078491211 3.1776297092437744
5.302445411682129 8.12688540612145 3.770291328430176 5.382425785064697
4.646795272827148 7.000967345971162 3.8945138454437256 7.008309841156006
4.305740833282471 7.987127071750365 4.073644161224365 8.41477108001709
3.928313970565796 4.554216348010424 1.6146008968353271 1.6632359027862549
3.852789878845215 6.567864198080123 1.8847192525863647 2.4494338035583496
1.7089401483535767 3.7240027395700857 2.1556437015533447 3.3632755279541016
2.5848617553710938 4.359524684977259 2.311171054840088 3.9965248107910156
4.366145133972168 5.307073779357587 1.6996773481369019 1.7521562576293945
3.3819448947906494 5.627684414492933 2.007129430770874 2.6429686546325684
2.757706642150879 6.034593825392449 2.3171069622039795 3.698718786239624
2.332643985748291 4.93558481948703 2.492794990539551 4.431096076965332
5.008730888366699 6.1877451745978185 1.819422721862793 1.8783080577850342
4.4368109703063965 7.642189523259603 2.1791210174560547 2.915149688720703
3.8794662952423096 7.249616689961137 2.5426928997039795 4.164885520935059
2.8226001262664795 5.172410304984005 2.744237184524536 5.027780055999756
4.428133487701416 5.242396485383324 1.9474319219589233 2.0043513774871826
4.382010459899902 7.190619792077484 2.274364948272705 3.0080409049987793
3.4364025592803955 5.675410676680045 2.572089910507202 4.166192054748535
2.6062235832214355 5.077826758881611 2.7246739864349365 4.959315776824951
5.0482587814331055 6.146777225480832 2.064445972442627 2.12723708152771
4.94625186920166 8.443898215933928 2.4607129096984863 3.320587635040283
2.8413660526275635 5.489859863890388 2.825711727142334 4.727066516876221
2.8298215866088867 5.056060306146833 3.0089051723480225 5.6811981201171875
5.830531120300293 7.349903065946819 2.2331666946411133 2.3066275119781494
4.87350606918335 8.466220833034589 2.7298483848571777 3.7747159004211426
4.006210803985596 6.020697937636044 3.1910605430603027 5.534391403198242
3.4411251544952393 6.15914953883734 3.416307210922241 6.709283351898193
4.586387634277344 5.51661939387418 2.4342238903045654 2.466682195663452
4.393040657043457 7.705642433008453 2.7594757080078125 3.70536208152771
3.477008581161499 5.795683481242776 3.015798568725586 5.034390926361084
2.321094274520874 4.4804755442386295 3.128145933151245 5.916337013244629
5.374486923217773 6.566645017182054 2.574139356613159 2.6281497478485107
4.794270992279053 7.661645009759383 3.0110020637512207 4.159792423248291
3.6636030673980713 5.181412067977021 3.3657450675964355 5.847596168518066
3.0645124912261963 4.956041106639304 3.516690492630005 6.946072578430176
6.340807914733887 8.153622571789354 2.7815589904785156 2.8620142936706543
4.999882698059082 8.369374712682202 3.38578200340271 4.834340572357178
4.234665870666504 7.161095182768349 3.881633996963501 7.048426628112793
4.141711711883545 6.571226820844743 4.086740016937256 8.450798034667969
3.34200119972229 3.756406982547446 2.5185420513153076 2.785100221633911
3.959524154663086 6.125514841916811 3.4613513946533203 4.763352394104004
3.681180477142334 6.540218995326768 3.443699359893799 5.885892868041992
2.4939630031585693 4.712783346584729 3.4715383052825928 6.73853063583374
4.364280700683594 5.061869944913042 2.7081682682037354 3.012150287628174
4.670273303985596 8.032388587938158 3.8061742782592773 5.439672946929932
3.5904786586761475 6.477637161756093 3.8816654682159424 6.9455037117004395
2.506549596786499 4.876857906797511 3.949770212173462 8.04289436340332
5.354559898376465 6.22085573967621 2.989973545074463 3.3504459857940674
5.434604167938232 7.068453463571814 4.3106842041015625 6.425471782684326
4.485538959503174 7.882670174197784 4.536551475524902 8.529436111450195
2.6259710788726807 4.459990120318622 4.661048412322998 9.97734546661377
4.211463451385498 5.043181576873167 1.5067994594573975 1.5521920919418335
4.037361145019531 5.9232372546725855 1.7397953271865845 2.2283575534820557
3.1048107147216797 5.797467787126685 2.001387596130371 3.0464463233947754
1.4339522123336792 2.680795787324074 2.1729111671447754 3.609523057937622
4.4518351554870605 5.4647840510217875 1.584281325340271 1.634032130241394
2.9227712154388428 5.130141845345124 1.8468989133834839 2.3918371200561523
2.976539134979248 5.173358647478381 2.1420705318450928 3.328779935836792
2.524596929550171 5.380572701799792 2.33520770072937 3.9859023094177246
5.033953666687012 6.305141989860886 1.6962311267852783 1.7521506547927856
4.720239639282227 7.213467211970411 2.000488758087158 2.6304433345794678
4.167738437652588 7.216296331991643 2.3416025638580322 3.7401626110076904
3.185520648956299 6.404039708523001 2.562944173812866 4.5293288230896
5.01564884185791 5.928304368250792 1.757211685180664 1.8158756494522095
3.891202211380005 6.453868598842064 2.0186767578125 2.630747079849243
2.7835259437561035 4.503826131749946 2.3015801906585693 3.645334243774414
1.5229464769363403 3.046124298536469 2.494389295578003 4.358467102050781
5.408572196960449 6.553484114631374 1.8653645515441895 1.9325623512268066
4.553440093994141 7.925097128640772 2.179771900177002 2.888347864151001
3.60780930519104 7.544493119306805 2.518094778060913 4.105772972106934
2.554753541946411 5.581838003859275 2.743661880493164 4.976137161254883
6.101005554199219 7.840076116318187 2.027669906616211 2.106140613555908
4.92879581451416 6.663435062025883 2.419379234313965 3.279367446899414
4.064393043518066 8.295930651082926 2.8372182846069336 4.803893566131592
3.588238000869751 7.036920848847842 3.1082894802093506 5.904012680053711
5.277647018432617 6.211163604992123 2.1450605392456055 2.209491014480591
3.730347156524658 6.457113861535021 2.3488850593566895 3.1083431243896484
2.8929524421691895 5.4766454873052055 2.5902156829833984 4.242306709289551
0.8660932779312134 1.9785361510055566 2.7816381454467773 5.066190719604492
6.030226707458496 7.18683195068752 2.26706600189209 2.348205327987671
4.962661266326904 7.985227403165336 2.560157537460327 3.4658517837524414
3.505556344985962 7.447553828468398 2.882784366607666 4.891867637634277
3.2520298957824707 5.416131521763418 3.115565061569214 5.932443618774414
7.045248508453369 8.832104279575653 2.464506149291992 2.5674948692321777
5.348730087280273 8.435106133832598 2.887176036834717 4.027700901031494
4.706795692443848 7.321606948706176 3.3260786533355713 5.906332969665527
3.8533387184143066 7.27414789429732 3.618285655975342 7.271835803985596
4.229944229125977 4.8090195958167214 2.3018765449523926 2.5441389083862305
4.028144359588623 7.661526999322405 2.9689786434173584 4.081519603729248
3.2515709400177 5.476468524288123 2.8417532444000244 4.78289270401001
2.722365140914917 5.391376724338443 3.0060746669769287 5.6408233642578125
4.359827041625977 4.698847109434553 2.470564365386963 2.7510969638824463
5.30193567276001 8.621072963097916 3.223796844482422 4.597793102264404
2.9708104133605957 6.102249490377744 3.1998605728149414 5.604602336883545
3.422891139984131 5.951378688997011 3.4096717834472656 6.718678951263428
5.0850348472595215 5.854131957543781 2.7357747554779053 3.0725953578948975
4.824796199798584 7.812900104924494 3.6288537979125977 5.378683090209961
4.849459171295166 7.991858340247688 3.7519397735595703 6.910377025604248
4.366119861602783 7.541229108244693 4.027533531188965 8.41436767578125
3.009021520614624 3.8222955766198172 1.4852560758590698 1.536820650100708
3.017336130142212 5.495826499712244 1.776028037071228 2.341736078262329
2.743826150894165 5.477805769199335 2.0693891048431396 3.2409989833831787
2.210181951522827 4.115401050833981 2.240626811981201 3.8541653156280518
3.7324728965759277 4.782378280839816 1.564342737197876 1.6207891702651978
3.447483777999878 5.079977020701762 1.8905471563339233 2.5212008953094482
3.314349889755249 5.738439817234893 2.2233476638793945 3.557565927505493
1.8199514150619507 3.193639968217326 2.4162814617156982 4.274281024932861
4.807722568511963 6.1049584911177135 1.6804755926132202 1.7441487312316895
4.407857418060303 7.1918062646770125 2.0565388202667236 2.7859349250793457
3.765131711959839 6.746570509201547 2.442695379257202 4.016192436218262
3.256681442260742 6.3526245949257145 2.6638686656951904 4.8714599609375
3.8482980728149414 4.8276329245950365 1.64560067653656 1.7094510793685913
3.1830086708068848 5.1220265619732785 2.012138605117798 2.7348554134368896
2.275658369064331 4.623417483323806 2.377117872238159 3.8847293853759766
2.9127678871154785 5.628519776790753 2.5834531784057617 4.668938159942627
4.626638412475586 5.789739604114044 1.7587378025054932 1.8302031755447388
4.315497398376465 7.03282090929406 2.1847498416900635 3.017177104949951
3.485973834991455 6.141542618102449 2.615269899368286 4.403407573699951
2.1711819171905518 2.758304872234771 2.856194019317627 5.3606085777282715
5.611055374145508 7.03644047986262 1.929940938949585 2.013430118560791
4.591745853424072 8.00517119341157 2.4445388317108154 3.4507033824920654
3.4241480827331543 5.700980220154179 2.9685251712799072 5.186733245849609
3.8044416904449463 6.388542283889657 3.2570254802703857 6.386714458465576
4.185300827026367 5.167241993278019 1.7870573997497559 1.8757215738296509
3.880049228668213 7.2769125522404465 2.2345309257507324 3.1479945182800293
3.0217652320861816 5.3968660295872155 2.659613847732544 4.506350994110107
3.0774621963500977 5.977241586908804 2.8918392658233643 5.430382251739502
5.1297993659973145 6.287919707056227 1.9298127889633179 2.0277349948883057
4.571589946746826 7.388570892619885 2.4620680809020996 3.5304341316223145
3.5576419830322266 7.141864542778194 2.9796152114868164 5.230672359466553
3.059783935546875 5.373850959678407 3.2588343620300293 6.396820545196533
6.258502960205078 8.028842536616082 2.150754928588867 2.264904499053955
5.504313945770264 8.85667128223691 2.8153505325317383 4.139103889465332
4.416733741760254 7.712846891651907 3.469041347503662 6.360405921936035
3.117506742477417 5.153787162119713 3.8147318363189697 7.874563217163086
3.12239933013916 3.543587217554659 2.199230194091797 2.567629337310791
3.7159829139709473 6.444084271387965 2.46736216545105 3.7012157440185547
3.3843514919281006 6.790364764684492 2.8951005935668945 5.045206069946289
2.8052725791931152 4.3611703476121875 3.1349334716796875 6.044366359710693
4.197525978088379 4.418713014218142 2.388995409011841 2.7857441902160645
4.846321105957031 7.979226389606424 2.7474687099456787 4.1729230880737305
3.2784762382507324 5.949629856791315 3.2813682556152344 5.943381309509277
2.5615947246551514 5.490496123909155 3.577549457550049 7.237376689910889
4.7318267822265625 5.784210468987908 2.675607204437256 3.1228227615356445
5.578044891357422 7.101555988518157 3.1832683086395264 4.939533233642578
4.296036720275879 8.196041133081508 3.883784532546997 7.371510982513428
4.3717827796936035 6.277321352816315 4.261080265045166 9.09599781036377
4.268754482269287 5.553120588474485 1.5304670333862305 1.599585771560669
3.770580291748047 7.122359036460182 1.8353419303894043 2.4975008964538574
3.1173057556152344 6.0495135848638455 2.1092288494110107 3.4344329833984375
2.8005383014678955 4.837661909280314 2.2635653018951416 4.06514835357666
4.648571491241455 5.971674325006461 1.6154866218566895 1.6906400918960571
3.4027152061462402 4.4554161772952625 1.9592082500457764 2.7041919231414795
2.72286057472229 5.210456596924018 2.2701985836029053 3.7907068729400635
2.154200315475464 4.190623420048951 2.4430389404296875 4.532012462615967
5.160233974456787 6.951368564390123 1.7397414445877075 1.8249605894088745
3.914797306060791 7.944893132625111 2.1396515369415283 3.0116043090820312
3.745042324066162 7.020174081901587 2.5013771057128906 4.309266090393066
3.368835926055908 5.295399151170358 2.6972672939300537 5.19667387008667
5.011811256408691 6.426361262268074 1.732142686843872 1.8128925561904907
4.457218170166016 7.88331525902798 2.085536241531372 2.8989155292510986
2.563321113586426 3.8689499112826695 2.413135290145874 4.083824157714844
2.784616470336914 5.9074094503790775 2.593682050704956 4.886436462402344
5.3986639976501465 6.958720147086069 1.8535094261169434 1.9444323778152466
4.748765468597412 7.749948267645699 2.2725422382354736 3.2267775535583496
3.6569480895996094 4.929017543328847 2.661659002304077 4.66647481918335
2.946725606918335 5.283107404294697 2.8710105419158936 5.651432514190674
6.079741477966309 8.256034935919615 2.0368812084198 2.1453897953033447
5.518598556518555 10.424886589474113 2.5573887825012207 3.7372286319732666
3.641655921936035 7.571795665245588 3.035728693008423 5.558443546295166
3.8858988285064697 6.875444329018649 3.2825801372528076 6.797791481018066
5.227283477783203 6.74867137223282 1.9769519567489624 2.066650390625
4.5965681076049805 7.778347435239084 2.32651424407959 3.2862496376037598
3.287307024002075 6.559967783552048 2.6867318153381348 4.683272838592529
3.1262853145599365 5.198242379983083 2.8834707736968994 5.63278341293335
5.910683631896973 7.6980736253067334 2.1282472610473633 2.2345008850097656
4.249961853027344 6.674641341915782 2.5741567611694336 3.7362499237060547
3.865705966949463 5.3321687680659124 3.0212743282318115 5.499190330505371
3.4251575469970703 6.840716887739452 3.2564351558685303 6.702053546905518
6.809573650360107 9.214148502930357 2.3638689517974854 2.4970104694366455
5.09572172164917 9.994459879192338 2.9639902114868164 4.463080883026123
5.025941848754883 8.00629175109691 3.5427303314208984 6.794698715209961
4.236010551452637 7.7596383097627495 3.8290164470672607 8.360489845275879
3.7457218170166016 4.399190856687937 2.298978567123413 2.7748725414276123
4.353715896606445 7.249860226436795 2.5664029121398926 3.6867446899414062
3.453490734100342 6.376579944429636 2.906435251235962 5.168260097503662
2.744645118713379 5.27793966536251 3.1056718826293945 6.215161323547363
3.6379945278167725 4.241159095748685 2.491779327392578 3.020566701889038
4.742126941680908 8.755966593711946 2.866715669631958 4.24478006362915
3.298114538192749 5.740192234458732 3.311990737915039 6.183084011077881
3.773512840270996 6.492469102749425 3.5564799308776855 7.538540363311768
5.281425952911377 6.592774404850303 2.7950541973114014 3.405677318572998
5.5320844650268555 8.331165741430986 3.349281072616577 5.164253234863281
3.402707576751709 5.530899003755188 3.9585249423980713 7.831528186798096
3.978790760040283 6.518264409158982 4.2636399269104 9.6341552734375
3.3295559883117676 4.02134450348089 1.673211693763733 1.7370872497558594
2.4014923572540283 4.246356439118159 1.9861482381820679 2.595637559890747
2.358032464981079 4.396468060311369 2.26906418800354 3.4772894382476807
2.540560245513916 4.367029538544273 2.4202113151550293 4.072859764099121
3.9500880241394043 4.960869331211816 1.7539417743682861 1.8267279863357544
3.8002500534057617 6.439632855724483 2.1065428256988525 2.8074872493743896
3.179989814758301 5.268201554598477 2.433722734451294 3.8600947856903076
3.078544855117798 5.762930981175678 2.610149383544922 4.583308219909668
4.905755996704102 6.188881971923237 1.8698933124542236 1.9514318704605103
4.3028483390808105 7.493786761009233 2.2785112857818604 3.0976243019104004
3.419049024581909 6.144510211257057 2.6673171520233154 4.3837995529174805
3.9738454818725586 7.445607131696761 2.8775649070739746 5.281338691711426
3.8605425357818604 4.717825458456389 2.0725669860839844 2.1491894721984863
3.8333816528320312 5.800760108001143 2.467250108718872 3.2626774311065674
2.826944589614868 5.343965640178567 2.7969131469726562 4.42487096786499
2.8247432708740234 5.608715727360064 2.9529166221618652 5.202733039855957
4.621617794036865 5.765983930517444 2.1788437366485596 2.2730824947357178
3.9309539794921875 6.876135739964411 2.6512961387634277 3.61306095123291
3.4498307704925537 6.48468910675237 3.063089370727539 5.086288928985596
2.8651163578033447 5.4255117849534145 3.2629873752593994 6.085115909576416
5.783720016479492 7.412667857526401 2.3400518894195557 2.453310251235962
4.9571452140808105 6.754522986253164 2.9238717555999756 4.112471580505371
4.968741416931152 7.227429352341694 3.453479051589966 6.025662899017334
3.8431570529937744 6.55688913693848 3.7143714427948 7.335229873657227
4.0156168937683105 4.960431054071705 2.6185128688812256 2.702617645263672
3.002148151397705 4.641995986346899 3.071465253829956 4.100725173950195
2.865328788757324 4.981514428554874 3.387094497680664 5.4985737800598145
1.7974246740341187 4.265219540069779 3.511037588119507 6.414077281951904
5.067824363708496 6.294064913783757 2.745601177215576 2.854982614517212
3.8909027576446533 6.842662098791784 3.3281478881835938 4.62308931350708
3.286648750305176 6.488056775371177 3.769627571105957 6.498708248138428
1.329732060432434 2.664948637110051 3.95322847366333 7.731428146362305
6.462549686431885 8.301024770245505 2.948017120361328 3.0885581970214844
4.844634532928467 8.788018742720055 3.7221665382385254 5.394961833953857
4.789783477783203 8.141036098423399 4.343217849731445 7.958366394042969
4.118879318237305 7.463176186605779 4.611783027648926 9.638009071350098
3.0698771476745605 3.3655897036234137 2.804151773452759 3.053684711456299
1.9574016332626343 4.4446843949431845 3.778855562210083 5.2125139236450195
1.7885990142822266 2.3232721587230856 3.9621646404266357 6.566967964172363
2.335965156555176 5.199982557772408 4.007163047790527 7.509782791137695
4.212699890136719 4.77881384500689 2.9815261363983154 3.285264730453491
3.9529237747192383 6.08835877818106 4.136539459228516 5.947729587554932
3.552215337753296 6.359060277958633 4.457221031188965 7.906782150268555
1.8331934213638306 4.11546101604506 4.571832656860352 9.24035358428955
4.708494186401367 5.562177318961858 3.257509469985962 3.632995843887329
3.7770204544067383 6.390513371612997 4.670763969421387 7.052786350250244
3.47868275642395 6.463805972085538 5.2107086181640625 9.893648147583008
3.719318151473999 5.862319575341516 5.422409534454346 11.772077560424805
4.207696914672852 4.784034748135312 1.8021730184555054 1.8454461097717285
2.6768457889556885 4.269217002038204 2.0993964672088623 2.664029836654663
3.17092227935791 5.4317093556284135 2.451880693435669 3.724863290786743
2.998906135559082 5.110667384286222 2.6660423278808594 4.50960636138916
4.410755634307861 5.256631139607521 1.8942500352859497 1.9396421909332275
4.223574638366699 7.198814471323118 2.243147373199463 2.8836586475372314
3.6180167198181152 6.931012759246471 2.6623544692993164 4.149212837219238
2.33709454536438 4.902071319396361 2.917691946029663 5.099745273590088
5.03702449798584 6.196901118175376 2.0202314853668213 2.0726358890533447
4.932845115661621 7.936999187345629 2.4375500679016113 3.1934595108032227
3.7889907360076904 7.1707915710412635 2.9433934688568115 4.7364397048950195
2.8675899505615234 5.41425811992611 3.251096725463867 5.902510166168213
4.8605265617370605 5.58436472431822 2.256635904312134 2.319570541381836
3.6811115741729736 5.66233957925283 2.679425001144409 3.4800150394439697
2.4970638751983643 4.762450617257882 3.1537585258483887 5.00944709777832
1.3454039096832275 2.3086949162782275 3.42378306388855 6.130678176879883
5.311502933502197 6.333631242038365 2.3828606605529785 2.4500839710235596
4.644887447357178 6.5619112596158224 2.9112277030944824 3.8701491355895996
3.7230751514434814 6.210376488047984 3.5087382793426514 5.797951698303223
3.327735185623169 5.961096419784196 3.8504281044006348 7.223419189453125
6.038668155670166 7.383841367020295 2.5615134239196777 2.640883684158325
5.229224681854248 7.535319417893334 3.2346699237823486 4.434330940246582
3.606207847595215 5.582309274065665 3.9966979026794434 6.914638996124268
3.464789390563965 4.432101006693911 4.43018913269043 8.745864868164062
5.078619956970215 5.924497490766839 2.7254323959350586 2.8202061653137207
4.079055309295654 5.772943172560133 3.312455415725708 4.43245267868042
3.491994619369507 5.4233662997588254 3.88397479057312 6.423941612243652
2.595085382461548 4.085562113132175 4.191688537597656 7.859335422515869
5.809898376464844 6.905069688822026 2.8802192211151123 2.993619441986084
3.877501964569092 6.2768032863187955 3.6443212032318115 5.040252685546875
3.447143316268921 5.789740250480296 4.3999810218811035 7.650439262390137
2.7905595302581787 4.555001338837939 4.809077262878418 9.536849975585938
6.7690815925598145 8.272103385843659 3.1146504878997803 3.2563836574554443
4.458236217498779 6.966743334261706 4.129532337188721 5.955082893371582
4.034001350402832 4.81853231657675 5.1330485343933105 9.434470176696777
3.625422477722168 6.032144901835352 5.669412136077881 11.912979125976562
3.813746452331543 4.368958441469545 2.943315029144287 3.214783191680908
2.831801652908325 4.297355148913539 3.8278751373291016 5.364472389221191
2.344296932220459 3.579124775064628 4.496766090393066 7.702158451080322
1.5038071870803833 2.84129451851868 4.822820663452148 9.340985298156738
4.9527411460876465 5.580123774333874 3.2041685581207275 3.524414539337158
4.180976867675781 6.723438941383392 4.261688232421875 6.200616836547852
3.1852943897247314 3.7269318171324812 5.14774751663208 9.307930946350098
2.68392014503479 4.724044753637223 5.599335670471191 11.517207145690918
5.822587490081787 6.145638287387385 3.5337250232696533 3.9252004623413086
4.7982048988342285 7.053643010386281 4.909031391143799 7.494800567626953
4.146949768066406 6.565731401674782 6.0982747077941895 11.703790664672852
3.697125196456909 5.639315201637487 6.704183101654053 14.642001152038574
4.090610504150391 4.92078802267261 1.7715579271316528 1.8379442691802979
3.8851306438446045 6.358612364524248 2.099738359451294 2.796055793762207
3.067382335662842 4.511869842081978 2.3754281997680664 3.810581922531128
2.723771095275879 5.18794002251974 2.515259265899658 4.501140117645264
4.5139875411987305 5.5758823691066315 1.8637551069259644 1.939188838005066
3.727261781692505 6.577938789218479 2.245765447616577 3.0513176918029785
3.413888931274414 6.682641256447823 2.573035955429077 4.256800174713135
3.2759833335876465 5.880200754367323 2.7372989654541016 5.0767316818237305
5.1877336502075195 6.541720559601542 1.9964065551757812 2.083691120147705
4.625706672668457 7.991413037036159 2.453244209289551 3.4108376502990723
4.2725701332092285 7.700764306677115 2.8500614166259766 4.885031223297119
2.8494763374328613 5.851450661870558 3.0466105937957764 5.887706279754639
4.861623764038086 5.8707990974826885 2.235471725463867 2.32173228263855
3.645268201828003 6.735096543911823 2.656801223754883 3.6263513565063477
2.714210033416748 4.876948852319629 2.963271379470825 4.971785545349121
2.0417706966400146 3.490274795783762 3.0950663089752197 5.854003429412842
5.300064563751221 6.49448126937591 2.3604683876037598 2.464167594909668
4.2011399269104 6.907528595610188 2.885298252105713 4.05712366104126
2.9340405464172363 4.712110327001202 3.2852697372436523 5.746373653411865
3.5009231567382812 6.0236499541845205 3.458007335662842 6.847079277038574
6.1921844482421875 8.02753110635524 2.5482935905456543 2.6749634742736816
5.3788886070251465 8.566500539312415 3.2212414741516113 4.683447360992432
4.27731990814209 7.278552681888286 3.74955677986145 6.8708672523498535
4.185412406921387 7.46524900278569 3.9771029949188232 8.289115905761719
4.971222400665283 6.067861674608778 2.770565986633301 2.8893978595733643
3.1995091438293457 5.031372187226111 3.2971065044403076 4.604935169219971
1.9997894763946533 3.1077190176397096 3.586448907852173 6.2369513511657715
3.058518409729004 5.690187135850196 3.6790971755981445 7.254997253417969
5.786655902862549 7.120489305697902 2.9351019859313965 3.083031415939331
4.427858352661133 7.030923627879588 3.6191091537475586 5.258137226104736
3.4096813201904297 6.0271470614102896 4.0422210693359375 7.395334243774414
2.509459972381592 4.648630165162954 4.19027042388916 8.712593078613281
6.949248313903809 8.881480894977926 3.1869900226593018 3.3758037090301514
5.903344631195068 9.176753400300356 4.105687618255615 6.229764938354492
5.013221263885498 7.3861672707779 4.7145466804504395 9.107183456420898
4.603310585021973 7.3671388848037225 4.935600280761719 10.864184379577637
3.507054567337036 4.23659212630659 2.9678335189819336 3.3286213874816895
3.413226842880249 5.589876799233934 3.90968656539917 5.605299472808838
2.7267417907714844 4.604784431611847 4.145048141479492 7.390264987945557
2.7861440181732178 4.956824500991843 4.173820972442627 8.462526321411133
5.04839563369751 6.0659186866546975 3.194316864013672 3.620403528213501
4.267960071563721 5.950123901226107 4.337423324584961 6.4954047203063965
3.356748580932617 5.109253859450803 4.7202324867248535 8.91172981262207
3.018077850341797 4.937599665127323 4.813321590423584 10.33988094329834
5.770510196685791 6.64981630443247 3.5223140716552734 3.992551326751709
4.731817245483398 7.328855294444864 4.983865737915039 7.851665496826172
4.4220123291015625 6.779471559420792 5.5828680992126465 11.186331748962402
4.058820724487305 6.890207793136213 5.757295608520508 13.131957054138184
4.046788692474365 4.764820869726464 1.5192909240722656 1.5722366571426392
2.795166492462158 4.109984601456078 1.8118189573287964 2.395559787750244
2.915841579437256 5.680967006237356 2.1157751083374023 3.323660135269165
2.812506675720215 5.031429847876254 2.290788173675537 3.948559045791626
4.337841510772705 5.338653551579 1.5982391834259033 1.6570881605148315
4.185845375061035 6.075904575602021 1.9259438514709473 2.590630531311035
3.422088384628296 6.204268239300783 2.2689907550811768 3.6737494468688965
2.5043797492980957 4.953963027615103 2.4669601917266846 4.412201881408691
5.0174880027771 6.143520020966301 1.712575078010559 1.779908299446106
4.80387544631958 7.947090236045199 2.09026837348938 2.871760129928589
3.684187412261963 6.271935365845902 2.488144636154175 4.1728739738464355
3.4836103916168213 5.60112024737943 2.7172443866729736 5.066408157348633
4.7866668701171875 5.68871063340157 1.7902307510375977 1.8565518856048584
4.285251617431641 7.130857391939229 2.1547796726226807 2.9190192222595215
2.6044442653656006 5.264342502493513 2.5160648822784424 4.123291015625
2.746586322784424 5.196297518345091 2.7101714611053467 4.922702789306641
5.167242050170898 6.278450593164507 1.8991851806640625 1.9766048192977905
3.626229763031006 6.8693199680749615 2.329124689102173 3.2310409545898438
3.5059945583343506 6.061819937632627 2.761707305908203 4.709010601043701
2.7771215438842773 5.3600176308706295 2.995359182357788 5.70540189743042
5.956264495849609 7.3464589077907405 2.0632901191711426 2.156205177307129
4.217039585113525 6.732754868719518 2.5891170501708984 3.6980245113372803
4.382053375244141 7.713651532570111 3.124985933303833 5.576658248901367
2.689173698425293 4.28949140946014 3.4140090942382812 6.853842735290527
4.933475971221924 5.939617919589637 2.2023141384124756 2.2711000442504883
4.435928821563721 7.0899422069038565 2.5901730060577393 3.5746426582336426
3.579329490661621 5.631589416285067 2.950237274169922 5.005343437194824
2.747217893600464 4.866787332516626 3.132099151611328 5.9304609298706055
5.640048980712891 6.8364844407656165 2.334155321121216 2.423628568649292
4.575146198272705 8.237397947731806 2.8251938819885254 4.02839994430542
3.690819263458252 6.355563622677209 3.294118881225586 5.8625054359436035
3.760279417037964 4.734821895515539 3.531900644302368 7.066638946533203
6.678492546081543 8.35916922360725 2.5376510620117188 2.6555428504943848
5.023245334625244 7.213050294513778 3.1868598461151123 4.719824314117432
3.6377885341644287 6.644968501419349 3.815544605255127 7.160765647888184
4.003625869750977 5.968790274259447 4.132683753967285 8.771194458007812
4.283778667449951 4.56637353852193 2.435722827911377 2.691641330718994
3.3776891231536865 5.133055547769459 3.193843364715576 4.533329963684082
2.8998663425445557 4.864263254225271 3.378063678741455 5.882373809814453
2.95084285736084 5.450840013573668 3.499613046646118 6.824990749359131
4.928042888641357 5.672567864184202 2.6129910945892334 2.9222536087036133
3.995387315750122 7.470388960238324 3.542151689529419 5.219008922576904
3.3044686317443848 5.909249540602104 3.814700126647949 7.022200107574463
2.9133145809173584 4.922185545119646 4.001306056976318 8.28929328918457
6.044907093048096 6.449895668820773 2.8851523399353027 3.266097068786621
5.303638458251953 8.60591392994371 4.04951286315918 6.25351619720459
3.884305953979492 7.294676683749458 4.486640453338623 8.757965087890625
3.5785441398620605 5.242098843379048 4.765399932861328 10.508838653564453
3.7967910766601562 4.901236003688339 1.5292375087738037 1.5806018114089966
2.1453745365142822 4.234254298108912 1.7999022006988525 2.377807378768921
2.498440742492676 5.270825209634219 2.0617847442626953 3.2568295001983643
2.5539565086364746 5.135329700814253 2.212144374847412 3.8523638248443604
4.188578128814697 5.422306066759802 1.6120028495788574 1.6685080528259277
3.084681749343872 6.18883357969613 1.9191558361053467 2.5655407905578613
3.3252973556518555 6.654532759418316 2.216515064239502 3.57430362701416
2.5188868045806885 4.634343004354774 2.385781764984131 4.266938209533691
4.909461975097656 6.296223003466478 1.7306177616119385 1.7947516441345215
4.5802083015441895 7.856563071236465 2.0891730785369873 2.8378400802612305
2.840514898300171 4.938779625416288 2.435394048690796 4.034947872161865
3.398754835128784 5.683219490529382 2.629220962524414 4.8644609451293945
4.345877170562744 5.593140889728829 1.7452729940414429 1.8050265312194824
3.94307279586792 7.643983401857668 2.0488526821136475 2.772339344024658
3.1619555950164795 6.137722240599899 2.3545925617218018 3.8778374195098877
2.190399646759033 4.378299273305402 2.5327136516571045 4.639490604400635
4.909578800201416 6.256080804382455 1.8612505197525024 1.9281631708145142
4.473733901977539 8.465786520266704 2.2256219387054443 3.064243793487549
3.1077542304992676 6.148035005279496 2.5890660285949707 4.386940956115723
2.371774911880493 4.9473940067776425 2.797107458114624 5.308558464050293
5.715144157409668 7.472967081405386 2.031010389328003 2.110520601272583
4.714150428771973 8.058132800693327 2.486266613006592 3.5034070014953613
3.463876962661743 6.9270034089315615 2.934422492980957 5.157528877258301
3.247222900390625 7.0510903753528105 3.1838443279266357 6.315604209899902
4.575811862945557 5.916307246925896 2.018874168395996 2.104835271835327
4.156896114349365 7.498481946541091 2.2891926765441895 3.1497621536254883
2.796834945678711 5.4188729873903405 2.6110808849334717 4.443399906158447
3.2434399127960205 6.225004645878471 2.8096539974212646 5.347762107849121
5.279565334320068 6.736223453163181 2.1622962951660156 2.2532026767730713
4.282605171203613 7.107265153928438 2.519904375076294 3.5478427410125732
3.0788118839263916 5.963587338794014 2.9221439361572266 5.144414901733398
3.3488945960998535 5.229648894515719 3.1611411571502686 6.270822048187256
6.32213830947876 8.214921755723935 2.3752903938293457 2.480905771255493
4.998635768890381 8.83229845388231 2.8695056438446045 4.162816047668457
4.182651042938232 8.141012785754633 3.3939175605773926 6.239114284515381
4.175902843475342 8.18834802212227 3.6912496089935303 7.703779697418213
3.3888862133026123 3.824428561367429 2.2584331035614014 2.7144739627838135
3.9561233520507812 7.144480677588337 2.5288116931915283 3.504976749420166
2.440713882446289 4.910284746377357 2.8101449012756348 4.894031524658203
2.7028040885925293 5.733083207266077 3.018064260482788 5.895016193389893
3.84182071685791 4.618451469223854 2.4417121410369873 2.9526264667510986
3.5216939449310303 6.040643349076049 2.803478717803955 4.003749370574951
3.5024123191833496 7.21976013650621 3.1831040382385254 5.754943370819092
2.5324456691741943 5.484606219448665 3.439326763153076 7.026817321777344
4.956681251525879 5.096989169440008 2.727586030960083 3.300142526626587
4.415461540222168 7.780318469787289 3.2283594608306885 4.784121513366699
3.669496774673462 5.722835725533514 3.7598531246185303 7.1257781982421875
3.5819859504699707 5.742759310289735 4.087069511413574 8.8165864944458
3.939216136932373 4.425878671288852 1.7790553569793701 1.8337419033050537
3.7111566066741943 5.055762936369632 2.0398125648498535 2.6139800548553467
2.9160921573638916 5.334838683738326 2.2999768257141113 3.5278682708740234
2.7179765701293945 4.802614467773509 2.4390571117401123 4.148411273956299
4.287144660949707 5.095708709045738 1.8690965175628662 1.9280650615692139
3.707108974456787 5.374576454094104 2.176316261291504 2.8390095233917236
3.529384136199951 6.011388611760111 2.483579635620117 3.9405055046081543
3.286259889602661 5.206832962599151 2.646390199661255 4.697235584259033
4.989060401916504 6.097506303387377 1.9935942888259888 2.0600438117980957
4.745632648468018 7.699657835609969 2.364551305770874 3.1532347202301025
3.517357110977173 6.954382736073029 2.7355732917785645 4.509487628936768
2.6928467750549316 4.633005499713038 2.9291508197784424 5.446325778961182
4.582988262176514 5.185130891821553 2.2234039306640625 2.3056037425994873
3.8316850662231445 6.004526112970467 2.574234962463379 3.4055230617523193
3.02298641204834 4.664146651264417 2.8716788291931152 4.637818813323975
1.8100699186325073 3.752705565351448 3.0039069652557373 5.432613849639893
5.077579975128174 6.00674083984957 2.343153715133667 2.4362974166870117
4.222456455230713 5.832036711733991 2.790006160736084 3.796555757522583
4.018904209136963 5.954025911709323 3.174657106399536 5.37014627456665
3.2260422706604004 5.461968953711676 3.3448879718780518 6.393642425537109
5.9090657234191895 7.107859951861727 2.5170066356658936 2.6264700889587402
5.180022239685059 7.710787031539674 3.1001906394958496 4.364078998565674
4.097642421722412 6.977284086178713 3.6032323837280273 6.417317867279053
3.5498340129852295 5.22770918068386 3.821378469467163 7.749866485595703
4.71579647064209 5.373076326334029 2.7047882080078125 2.8070168495178223
3.2739956378936768 4.704309175923299 3.1789486408233643 4.347904682159424
2.52785325050354 4.488187436110195 3.4699110984802246 5.862164497375488
2.9189789295196533 5.41233820600246 3.5644421577453613 6.772693157196045
5.521124362945557 6.508140731390682 2.8567519187927246 2.9882309436798096
4.077024459838867 6.35767690072727 3.4818241596221924 4.951238632202148
3.0712263584136963 5.041485311311817 3.9006357192993164 6.96728515625
2.582038640975952 4.897897309551354 4.046779632568359 8.195191383361816
6.58420991897583 7.96069555022806 3.086164712905884 3.2582173347473145
5.063786506652832 7.3069948630609645 3.936947822570801 5.85673189163208
4.046964168548584 6.300497885632012 4.531562805175781 8.598017692565918
3.0697436332702637 4.898007956922584 4.737724781036377 10.251229286193848
3.853672742843628 4.293431193608328 2.9795446395874023 3.2396633625030518
2.656017780303955 4.172806163081759 3.738459825515747 5.262229919433594
2.69290828704834 4.790630367238595 3.9938981533050537 6.982814311981201
2.286564588546753 4.261513389704845 4.029255390167236 7.9232659339904785
4.733542442321777 5.206784912861794 3.2124221324920654 3.5229713916778564
3.328838586807251 4.560277589338625 4.128871917724609 6.098767280578613
3.567248821258545 5.880372988083749 4.531376838684082 8.418845176696777
2.710232734680176 4.2713322960607165 4.6300859451293945 9.743125915527344
3.4358620643615723 4.287163044897007 3.564649820327759 3.946495294570923
4.339476585388184 7.224403493382667 4.723565101623535 7.355806350708008
4.722780227661133 6.869825881136478 5.341686248779297 10.58422565460205
3.8230738639831543 5.383417264448781 5.509110927581787 12.416865348815918
3.8056323528289795 4.427254532991526 1.5522420406341553 1.6031692028045654
3.6899819374084473 5.906017991584122 1.8137685060501099 2.3522119522094727
3.2524490356445312 5.6139331337315905 2.070030689239502 3.190403938293457
1.5626577138900757 2.3598402796083064 2.217008590698242 3.7785792350769043
4.285272121429443 5.212279649328593 1.6351946592330933 1.6908152103424072
3.5055086612701416 5.624630733078552 1.9343957901000977 2.546215772628784
2.144596576690674 4.189700862465656 2.2291927337646484 3.535630702972412
3.137014627456665 5.839923142147541 2.396062135696411 4.235109806060791
5.079033851623535 6.232024771683612 1.755521297454834 1.8178833723068237
4.440107345581055 8.052569466160044 2.1076908111572266 2.824284791946411
3.7217822074890137 6.831786869066061 2.454094409942627 4.020669937133789
3.6307780742645264 7.203253347262902 2.646289825439453 4.8677873611450195
4.361520767211914 5.163612661853563 1.8465720415115356 1.9196308851242065
3.7115628719329834 6.589137772024856 2.153383493423462 2.8557615280151367
3.2321035861968994 5.688733764787003 2.4289751052856445 3.9009313583374023
2.267573833465576 4.795612929070558 2.576741933822632 4.625563144683838
5.055602073669434 6.115308039759157 1.9627916812896729 2.0421111583709717
4.460739612579346 7.753568817352027 2.3394362926483154 3.171293020248413
3.4090688228607178 5.850781906116623 2.6819581985473633 4.4777607917785645
2.90952730178833 5.266275124635353 2.8606231212615967 5.382532596588135
6.065073013305664 7.452250932922993 2.137404203414917 2.227937698364258
5.400003433227539 7.850045928442171 2.6165695190429688 3.641592502593994
3.658714771270752 6.812882644272481 3.0536446571350098 5.325606346130371
3.1676833629608154 6.7614726443853215 3.2732369899749756 6.483530521392822
4.57434606552124 5.468246567010564 2.2686288356781006 2.4257218837738037
3.4652464389801025 5.273270377152244 2.5640981197357178 3.4961342811584473
2.2970950603485107 4.771340374713728 2.7964820861816406 4.65083646774292
2.7670164108276367 4.950514666461154 2.916579008102417 5.453230381011963
5.495049476623535 6.624624705162972 2.413078784942627 2.5715880393981934
4.6999359130859375 8.115612303186715 2.8176167011260986 3.9468438625335693
3.520120859146118 6.795931234060745 3.145454168319702 5.482029438018799
2.8616886138916016 5.83433963712487 3.306084632873535 6.529011249542236
6.627823352813721 8.251072611881227 2.635514736175537 2.805966377258301
5.021820068359375 8.239891667360654 3.2067606449127197 4.642299175262451
3.8926045894622803 6.3530772065564385 3.674827814102173 6.742877960205078
4.294301509857178 7.587578535825908 3.890038013458252 8.143939971923828
3.748853921890259 4.273465982490819 2.419628620147705 2.744011163711548
3.8721609115600586 6.260446645953351 3.1826889514923096 4.570279598236084
2.5400795936584473 4.618058985185769 3.133782386779785 5.371584892272949
2.903013229370117 5.56719294283198 3.1947178840637207 6.147686004638672
5.019230842590332 5.934012485256289 2.61319899559021 2.9660239219665527
2.7629013061523438 4.0822428196034615 3.52242112159729 5.249939918518066
3.153754234313965 6.225461681023512 3.5666534900665283 6.436139106750488
3.5277020931243896 6.677318097861189 3.6718029975891113 7.4987921714782715
5.077911853790283 6.149259784257822 2.910487651824951 3.3155910968780518
4.8853535652160645 7.089189807756014 4.030163764953613 6.260961532592773
4.599103927612305 8.698471397560148 4.237748146057129 8.08520793914795
4.375279903411865 7.883471658665485 4.402673721313477 9.567245483398438
4.184884548187256 4.617527964168403 1.8065546751022339 1.8453567028045654
3.8086459636688232 5.651960351569997 2.079523801803589 2.654874086380005
3.619013547897339 6.060715302990786 2.369117259979248 3.6295783519744873
2.864602565765381 5.39119831524394 2.5361409187316895 4.317700386047363
4.556702613830566 5.333710921124691 1.8974711894989014 1.9456965923309326
4.35423469543457 7.130063891793327 2.221365451812744 2.8803906440734863
2.385054349899292 4.316199943840985 2.5668981075286865 4.04022741317749
3.2509400844573975 5.546496519586526 2.7660443782806396 4.869758129119873
5.2180657386779785 6.312787362777584 2.026808500289917 2.087083101272583
4.976934909820557 6.8421308487663595 2.419278860092163 3.203550338745117
4.28411865234375 7.308062755941592 2.840564250946045 4.621959209442139
3.4416675567626953 6.500015610513742 3.082799196243286 5.644190311431885
5.0063371658325195 5.591279030777741 2.2993621826171875 2.333425760269165
4.450746059417725 6.922881375887243 2.6791117191314697 3.493959426879883
2.7728776931762695 4.335298489755814 3.0271289348602295 4.840890884399414
2.625275135040283 5.362946096196993 3.196192741394043 5.753036022186279
5.489774227142334 6.419698996104216 2.4225502014160156 2.475153923034668
5.003201484680176 7.7244077501500215 2.9022974967956543 3.8840367794036865
3.6710755825042725 6.220946276240284 3.3501362800598145 5.577520370483398
2.7174081802368164 3.733293381910812 3.5718634128570557 6.737101078033447
6.257364273071289 7.513637283286542 2.6036882400512695 2.680497884750366
5.594542980194092 8.055036695644986 3.2233505249023438 4.459256172180176
4.152160167694092 7.045868577555922 3.812093496322632 6.651871681213379
2.93239164352417 5.493419250246141 4.108121871948242 8.159758567810059
5.254105567932129 5.908042408333586 2.7990307807922363 2.893345832824707
4.4557085037231445 6.692937595392834 3.3673641681671143 4.529234886169434
2.828761577606201 4.8042148438526056 3.7590155601501465 6.246721267700195
2.6761891841888428 4.313626324629862 3.8957161903381348 7.330446720123291
6.050453186035156 7.064413285072135 2.969312906265259 3.084577798843384
4.887084007263184 7.845164198911874 3.7032108306884766 5.1497673988342285
2.5382843017578125 3.901008685890737 4.234282970428467 7.398187637329102
3.450798273086548 5.953185482864979 4.435725688934326 8.827852249145508
7.093894958496094 8.477402733924762 3.222480058670044 3.370715379714966
5.043318271636963 7.644864164435376 4.193172454833984 6.088062763214111
5.141644477844238 6.958931012276658 4.923566818237305 9.110063552856445
4.10366153717041 6.299446263675321 5.220425605773926 11.029865264892578
4.1350884437561035 4.4429106142093815 3.1041131019592285 3.3495266437530518
2.7033121585845947 4.35576886321337 3.924003839492798 5.552050590515137
3.0281312465667725 4.875317937697105 4.409976005554199 7.5754594802856445
3.3984644412994385 4.977737636853249 4.504937648773193 8.7479248046875
3.6051318645477295 3.783131523644215 3.359215497970581 3.661226987838745
4.084332466125488 5.402341627268607 4.380508899688721 6.410523414611816
4.452847957611084 7.12784668474351 5.036552429199219 9.140567779541016
2.4331939220428467 4.450685703004812 5.19838285446167 10.724079132080078
5.849606990814209 5.9632988364004405 3.7343668937683105 4.148397922515869
4.409705638885498 6.557133664580562 5.0596489906311035 7.7447075843811035
4.1385884284973145 6.370786508926358 5.950838088989258 11.494338035583496
4.104040622711182 6.92998304304092 6.2112321853637695 13.65466022491455
3.4266581535339355 3.967308084239317 1.4432960748672485 1.483657717704773
3.607165813446045 5.651549685929524 1.6744219064712524 2.1465086936950684
2.2151386737823486 4.011117030187052 1.9409701824188232 2.992575168609619
2.74129319190979 4.632982414323724 2.1098289489746094 3.611921787261963
3.9825263023376465 4.817880341352074 1.5145343542099 1.5584930181503296
3.014688491821289 5.777589309048253 1.7730319499969482 2.2985334396362305
3.3251075744628906 6.008484394581444 2.073418140411377 3.261472702026367
3.522223472595215 5.981534971644464 2.2637341022491455 3.972236394882202
4.958923816680908 6.1259319806158175 1.6177183389663696 1.6666862964630127
4.411736965179443 6.759861200819672 1.9137800931930542 2.516547441482544
3.769073963165283 7.384406833582489 2.259575128555298 3.644932746887207
2.998478889465332 4.920265735936198 2.4781699180603027 4.482943058013916
4.363864898681641 4.9701787967333075 1.5932937860488892 1.6402037143707275
3.579392910003662 5.586468883466959 1.8945729732513428 2.4859302043914795
3.0971474647521973 5.5335629786948175 2.2349095344543457 3.5829999446868896
2.7885546684265137 5.930752022646729 2.437730312347412 4.383139133453369
4.991422176361084 5.965722955242711 1.694602370262146 1.7473721504211426
4.731036186218262 7.565044536151163 2.0408854484558105 2.7209880352020264
4.009446620941162 7.0207913948797795 2.4390687942504883 4.0220723152160645
2.480372905731201 4.588123059113656 2.6782164573669434 4.982048988342285
5.816147327423096 7.07465521568372 1.8458251953125 1.9072370529174805
4.718840599060059 8.336213719269097 2.2578542232513428 3.0724070072174072
3.886636734008789 6.877995202354784 2.7376937866210938 4.675025939941406
3.3870766162872314 5.332717709020812 3.0262911319732666 5.866123676300049
4.648569107055664 5.359379832367296 1.739540934562683 1.7844958305358887
4.2802557945251465 7.212797835177418 2.128885269165039 2.8328797817230225
3.3098843097686768 5.26488762621895 2.5288164615631104 4.173841953277588
2.913442611694336 4.648431669394995 2.750302791595459 5.135394096374512
5.439271450042725 6.514633226724413 1.8657604455947876 1.920019268989563
4.161930561065674 6.467196731825943 2.319308280944824 3.1543173789978027
4.308248996734619 7.89666488263903 2.8047056198120117 4.797115802764893
2.78012752532959 5.318337608279926 3.0778863430023193 5.988550186157227
6.414746284484863 7.937553778695019 2.0599701404571533 2.127722978591919
5.84562873840332 7.552930966341592 2.6121273040771484 3.650796413421631
4.748661518096924 8.023079600745973 3.2215235233306885 5.751355171203613
3.5611939430236816 6.370293941941441 3.5658953189849854 7.28318452835083
2.997197389602661 3.307039092670351 2.0276551246643066 2.3316357135772705
4.450418472290039 7.233085783227807 2.532792329788208 3.4132423400878906
3.131507635116577 4.76655551144888 2.802442789077759 4.710535049438477
2.7856967449188232 4.1664745896114255 3.010756015777588 5.769678115844727
3.7768802642822266 3.9960138995769228 2.1892759799957275 2.5180742740631104
4.288433074951172 7.215678393612286 2.76206111907959 3.8147993087768555
3.983734369277954 7.527696017152024 3.138129234313965 5.504600524902344
3.2624471187591553 5.183168559721935 3.411301851272583 6.8459391593933105
4.843523979187012 5.026977630302099 2.436305522918701 2.805999994277954
5.563763618469238 8.361594190005363 3.123230457305908 4.451229095458984
4.206372261047363 7.241399877093784 3.6582775115966797 6.740299224853516
4.481930255889893 6.435873013636581 4.020192623138428 8.505926132202148
3.959526777267456 4.951063439593554 1.468898057937622 1.5148385763168335
3.039829969406128 5.0182838611655285 1.7363638877868652 2.261469841003418
3.3663690090179443 6.534065267090618 2.0216691493988037 3.1305694580078125
2.622499465942383 5.383243885352812 2.1998884677886963 3.750256061553955
4.344492435455322 5.465337359228215 1.5421533584594727 1.5922930240631104
4.165503025054932 7.317464994769388 1.8426729440689087 2.432626962661743
3.4150161743164062 5.76691818630934 2.165508270263672 3.436622142791748
3.7389793395996094 7.472451541987539 2.367224931716919 4.162253379821777
5.079513072967529 6.319649652691908 1.6497724056243896 1.7063963413238525
4.921996116638184 6.726716220400522 1.9962095022201538 2.679903030395508
4.451183319091797 7.664258435024294 2.371363878250122 3.8706207275390625
3.7646334171295166 7.103586362203334 2.6057121753692627 4.739772319793701
4.642849445343018 5.808808011384251 1.6934576034545898 1.747049331665039
4.150509357452393 6.976753413398683 2.0311081409454346 2.6973023414611816
3.5846290588378906 6.4963240045179695 2.377676010131836 3.8151612281799316
2.8071463108062744 6.121976679657109 2.5855603218078613 4.610646724700928
5.185070037841797 6.472253925722503 1.7975878715515137 1.8583757877349854
4.788218975067139 8.310574606279438 2.1915857791900635 2.9675893783569336
3.4169299602508545 5.550433147367698 2.601952075958252 4.31749963760376
3.2841708660125732 6.558840070436645 2.848970890045166 5.29313325881958
6.086596488952637 7.703077961694589 1.9573404788970947 2.0297062397003174
5.387001991271973 7.892553431208377 2.4340860843658447 3.376331090927124
4.6858296394348145 8.254744872545515 2.937523603439331 5.064622402191162
4.191040992736816 6.884616436274058 3.2409353256225586 6.296039581298828
4.789799213409424 6.018783282943154 2.0405566692352295 2.0667054653167725
4.116095542907715 7.743235004797953 2.4088428020477295 3.235469102859497
3.789609909057617 6.952103774416855 2.768489122390747 4.565250873565674
3.0607500076293945 5.311302782952225 2.979067802429199 5.495804309844971
5.654361248016357 7.031863546242377 2.162346124649048 2.212938070297241
4.88390588760376 7.1294638068118275 2.621084690093994 3.6196818351745605
3.676693916320801 6.31166144795745 3.075273036956787 5.286153316497803
3.659315824508667 6.693918166232898 3.339948892593384 6.469297885894775
6.835627555847168 8.667686983352326 2.363938808441162 2.440587282180786
6.119732856750488 9.848843618915453 2.956862449645996 4.215811252593994
4.204639434814453 8.905500225910298 3.5495593547821045 6.389237880706787
3.9657740592956543 6.20671327309411 3.893796443939209 7.941944122314453
4.119292259216309 4.357802705594185 2.074166774749756 2.3284366130828857
3.4202463626861572 5.960633592186696 3.2207868099212646 4.309049129486084
3.2814948558807373 5.5038584525363206 3.1794862747192383 5.336723327636719
2.3919854164123535 4.613262222183948 3.333308696746826 6.295041561126709
4.730158805847168 5.2902269029412565 2.2367031574249268 2.5238795280456543
3.6446914672851562 6.290608946994439 3.4971885681152344 4.882253646850586
3.883909225463867 6.545554788900972 3.561279773712158 6.284675598144531
3.3492112159729004 5.480134744718271 3.7784459590911865 7.536125183105469
4.401779651641846 5.233664506732566 2.4943220615386963 2.830958604812622
5.1619486808776855 7.9534981122889405 3.934236764907837 5.766702175140381
4.910861015319824 8.36862029265194 4.162934303283691 7.746089458465576
3.508253812789917 6.776664455584097 4.473691940307617 9.436697006225586
3.925058126449585 4.382225552062749 1.7165634632110596 1.775309443473816
3.5077195167541504 4.925380223198317 2.0118658542633057 2.6072440147399902
2.666776657104492 4.774125880316205 2.2946977615356445 3.5812644958496094
1.9418866634368896 3.204454884907335 2.453031063079834 4.270467281341553
4.287123680114746 5.078910984906372 1.8060063123703003 1.872847557067871
3.263031482696533 5.092231015764355 2.147672176361084 2.8438401222229004
3.712977409362793 6.2834421931013225 2.4804790019989014 4.0060834884643555
2.6726927757263184 3.9023201158987035 2.6665842533111572 4.824759006500244
4.994259834289551 6.107977982694365 1.933774709701538 2.0105702877044678
4.215088844299316 7.096318309534226 2.3404858112335205 3.171941041946411
3.874939441680908 6.84688749229349 2.74066162109375 4.594161033630371
2.129305839538574 4.152683759706115 2.9623687267303467 5.590397834777832
4.424717903137207 5.046486384737705 2.1182029247283936 2.19765305519104
3.9271647930145264 6.194118637265433 2.496567726135254 3.3196260929107666
2.7524869441986084 5.247043884917893 2.830862045288086 4.618983745574951
2.5277552604675293 4.121767011119914 3.0018303394317627 5.5203471183776855
4.9707231521606445 5.9304177036859755 2.2370150089263916 2.3323416709899902
3.747659683227539 5.988551896203543 2.7044739723205566 3.7095859050750732
3.22906494140625 6.241203079371786 3.1298396587371826 5.346386432647705
3.037825107574463 5.687550155538133 3.347581386566162 6.473135471343994
5.768481731414795 7.033505944405022 2.4155924320220947 2.5303118228912354
4.963667392730713 7.675129973258599 3.010977029800415 4.270092010498047
3.6629889011383057 5.077746987937365 3.560900926589966 6.389168739318848
3.915375232696533 5.85413098537833 3.8397505283355713 7.832274913787842
4.6391682624816895 5.336472688667975 2.6368179321289062 2.731729507446289
3.838015556335449 6.555491378286433 3.067844867706299 4.170119285583496
3.190296173095703 5.0050214109667195 3.3969345092773438 5.745547294616699
2.364645481109619 4.469894466607855 3.551929473876953 6.815125942230225
5.304495334625244 6.310934055669975 2.7803409099578857 2.904466390609741
3.696021795272827 5.4635942581683565 3.354921817779541 4.7507476806640625
3.0201244354248047 4.867670287540022 3.818727731704712 6.828951835632324
3.0986886024475098 4.7941815272506005 4.03851318359375 8.218499183654785
6.105405330657959 7.550435342281162 3.0067524909973145 3.1669325828552246
4.56619119644165 6.301543556324037 3.7890849113464355 5.606947898864746
4.42201566696167 7.311239270246091 4.440401554107666 8.414023399353027
3.438173770904541 5.784605430048951 4.744125843048096 10.254597663879395
3.9334659576416016 4.216013487126929 2.8055288791656494 3.0928564071655273
3.939479351043701 6.574529448837083 3.6797518730163574 5.1327924728393555
2.549335479736328 4.4915634664893105 3.9085633754730225 6.779153347015381
1.861855149269104 2.941209877000688 4.016161918640137 7.929664611816406
3.6385791301727295 3.989562654949168 3.0083487033843994 3.345421314239502
3.4362070560455322 5.50339103679167 4.057897567749023 5.929426670074463
2.0236029624938965 3.0531444297231185 4.440944194793701 8.203624725341797
2.7896320819854736 4.904172414627794 4.626123905181885 9.74456787109375
4.212762832641602 5.146955322641912 3.3213438987731934 3.7283663749694824
4.421304225921631 7.348523001517748 4.627374649047852 7.1219072341918945
4.4084248542785645 6.953679912694469 5.2362060546875 10.314203262329102
3.3580217361450195 5.548706512021994 5.519761562347412 12.399129867553711
3.7684383392333984 4.239369496068321 1.532893180847168 1.5736974477767944
3.5133843421936035 5.840874829937322 1.7623635530471802 2.244584798812866
2.9352805614471436 5.036219404076178 2.0127367973327637 3.0712058544158936
3.0232832431793213 5.368995945917277 2.15213942527771 3.6404247283935547
4.237856388092041 4.996728313855828 1.6151494979858398 1.6603446006774902
3.9506759643554688 6.012039004936469 1.8793525695800781 2.4283902645111084
3.3573572635650635 4.906168345752121 2.168290376663208 3.39518404006958
2.9965853691101074 5.368375843203928 2.326213836669922 4.060593605041504
5.036002159118652 6.180063619105766 1.7335602045059204 1.78482985496521
4.487729072570801 6.645001344254297 2.0450186729431152 2.689509630203247
3.513014793395996 5.269327365412039 2.3855793476104736 3.853472948074341
3.563723564147949 5.337323399008312 2.5665109157562256 4.654633045196533
4.5047078132629395 5.133961529708918 1.8209477663040161 1.8686772584915161
4.119078636169434 5.731790213063277 2.1092593669891357 2.7398955821990967
2.2238571643829346 4.004345749197597 2.4009056091308594 3.8022007942199707
2.569796562194824 4.160009104806932 2.5415310859680176 4.511141300201416
5.035982608795166 5.998811802795899 1.9376519918441772 1.9928500652313232
4.41234827041626 6.193695322926104 2.2890679836273193 3.0375888347625732
3.8066742420196533 6.1116781088745284 2.6489992141723633 4.3509955406188965
3.378843069076538 6.012699373992859 2.8194422721862793 5.2246904373168945
5.972120761871338 7.399015576347665 2.109374523162842 2.175516128540039
4.790896415710449 6.917946435411046 2.5514309406280518 3.4759321212768555
4.212366104125977 6.915460947462001 3.0082757472991943 5.157553195953369
3.1550965309143066 5.691406907340763 3.2186834812164307 6.275822162628174
4.690767765045166 5.433411701013597 2.2373623847961426 2.2954275608062744
4.295600891113281 6.9526637480328475 2.549884557723999 3.374309778213501
3.014132261276245 5.72532391098207 2.8304898738861084 4.624755859375
1.767604947090149 2.707807854546626 2.940452814102173 5.4236249923706055
5.615231037139893 6.677719813669341 2.3879551887512207 2.454557180404663
4.159235954284668 6.724910844914575 2.7995572090148926 3.8095784187316895
3.5408122539520264 6.105013285888077 3.1809189319610596 5.436054229736328
2.771784543991089 5.257869190564577 3.329714298248291 6.466559410095215
6.7832932472229 8.435505822313274 2.608720302581787 2.6914520263671875
4.869434356689453 7.635059306977212 3.170341968536377 4.464003086090088
4.6071014404296875 6.887658467659691 3.698798656463623 6.655181407928467
3.9546735286712646 6.77942292603484 3.9022388458251953 8.039212226867676
4.183107852935791 4.6426761717424085 2.334421157836914 2.5747387409210205
4.09507417678833 5.83458639722987 3.1603784561157227 4.389229774475098
2.9115374088287354 5.871386707100328 3.2506964206695557 5.454368591308594
2.235556125640869 3.9557057285970103 3.291398525238037 6.244150638580322
5.033134937286377 5.660279517915512 2.525496244430542 2.802748203277588
4.377745628356934 7.127849138341901 3.5030674934387207 5.0226593017578125
3.486096143722534 5.4942919660127245 3.7024576663970947 6.536980628967285
3.109731435775757 5.653970164342809 3.7821855545043945 7.594366550445557
4.8544535636901855 5.302318843944306 2.816948413848877 3.1505184173583984
5.4184956550598145 7.2721538306475395 4.000514030456543 5.966598033905029
4.764456748962402 7.364952171314599 4.375489234924316 8.174317359924316
3.5721776485443115 5.397049905926451 4.511737823486328 9.651970863342285
3.8158628940582275 4.413284160820069 1.5269756317138672 1.5695843696594238
3.1127076148986816 5.682076300005775 1.769512414932251 2.281799554824829
2.4636356830596924 5.302661386783271 2.0490922927856445 3.1855247020721436
1.7082866430282593 3.539997273910217 2.2173190116882324 3.8089640140533447
4.344094753265381 5.242920271449956 1.6094162464141846 1.6556549072265625
2.520998239517212 4.820095393120553 1.8855392932891846 2.4626822471618652
3.2442467212677 5.852028521984721 2.204606294631958 3.5094070434570312
2.513514280319214 4.776925314750287 2.3938212394714355 4.239179611206055
5.114543437957764 6.267228331579005 1.7284526824951172 1.7802060842514038
3.6846275329589844 6.011488886175394 2.0529730319976807 2.724104404449463
4.070844650268555 7.381226096505259 2.4264321327209473 3.97269868850708
2.834221601486206 4.514907640936798 2.643005609512329 4.849276542663574
4.456146717071533 5.246045877989957 1.7353687286376953 1.7898645401000977
3.7718584537506104 6.968461835645428 2.0094246864318848 2.6589152812957764
2.8387961387634277 6.409267174999172 2.362523078918457 3.8320696353912354
2.057690143585205 4.108388029958412 2.5674567222595215 4.6355695724487305
5.0951642990112305 6.157488416856498 1.8523422479629517 1.9126861095428467
3.4903011322021484 5.9102453300598015 2.1838631629943848 2.9453959465026855
2.8001556396484375 6.294534481882067 2.6031432151794434 4.364002704620361
2.215019941329956 4.516930342090831 2.843061923980713 5.34752893447876
5.9861016273498535 7.352941301171498 2.026336431503296 2.0962562561035156
4.769769668579102 8.124798769855545 2.4462804794311523 3.379105567932129
4.504574775695801 8.527067650286881 2.961437225341797 5.162715435028076
3.350172758102417 5.988416053482069 3.248145341873169 6.40503454208374
4.688776969909668 5.605826580137808 1.9806228876113892 2.063913345336914
3.5000996589660645 5.8308064797219 2.2307372093200684 3.018625259399414
3.061072587966919 5.129786565932974 2.6463029384613037 4.44264554977417
2.3380491733551025 4.4126471731279935 2.8826801776885986 5.407490253448486
5.564093589782715 6.74607979740108 2.127276659011841 2.2169618606567383
4.220892906188965 7.200799323235287 2.4624290466308594 3.414418935775757
3.7124972343444824 6.093041226628195 2.969001531600952 5.187376022338867
3.268681526184082 5.9065439319196 3.2550666332244873 6.407965660095215
6.615289688110352 8.240598825758525 2.350250244140625 2.4534757137298584
5.026828289031982 8.315754727745407 2.822603940963745 4.036597728729248
4.36679744720459 7.50752859654807 3.4672539234161377 6.347814083099365
3.324026584625244 6.413530142153385 3.8194010257720947 7.9434685707092285
2.718376636505127 2.901590919034625 2.2413227558135986 2.558810234069824
2.8828225135803223 5.168415105793429 2.455014705657959 3.376803159713745
2.70222544670105 4.150985028157663 2.8725342750549316 4.944049835205078
2.234253168106079 4.294104588936705 3.127520799636841 6.02234411239624
3.4038326740264893 3.818918825953741 2.4242143630981445 2.784815549850464
4.051954746246338 7.220956919152349 2.742542028427124 3.8819503784179688
3.705340623855591 6.540587542690901 3.2605268955230713 5.869133472442627
2.7113327980041504 4.22192326818268 3.578037977218628 7.263226509094238
5.507649898529053 6.400845984111243 2.7112247943878174 3.13519024848938
4.799697399139404 7.924413703850064 3.191821336746216 4.691874980926514
3.9477763175964355 6.751284198282292 3.875882387161255 7.344386100769043
4.16566276550293 6.772068688569178 4.274412155151367 9.206196784973145
4.110759735107422 4.717167668395859 1.5345253944396973 1.579389214515686
3.5958049297332764 6.3961891844863885 1.787845253944397 2.3097472190856934
3.5076138973236084 6.107049443759038 2.059563159942627 3.1962881088256836
2.401088237762451 4.065586283625805 2.223620891571045 3.791553020477295
4.382586479187012 5.308684387610036 1.6165810823440552 1.666835069656372
4.1595458984375 6.975579188707798 1.902997374534607 2.5014138221740723
3.3862781524658203 5.360621268326639 2.2085444927215576 3.528623342514038
3.3596749305725098 6.537219612045554 2.3903913497924805 4.223435401916504
5.042211055755615 6.287767222531727 1.7352279424667358 1.792712688446045
4.293849945068359 7.209561686231609 2.07069993019104 2.774132251739502
2.987474203109741 5.982573233391934 2.4252660274505615 3.9995193481445312
3.394026517868042 6.829687660028153 2.6318612098693848 4.833256244659424
4.69572639465332 5.5178711228664135 1.7782970666885376 1.832270860671997
4.3663249015808105 7.000540420090331 2.0815088748931885 2.745182752609253
3.6366701126098633 5.597195636239746 2.392847776412964 3.8613193035125732
2.983527660369873 5.469312753689337 2.573216676712036 4.608816623687744
5.201852321624756 6.316163271499988 1.8911546468734741 1.9562891721725464
5.065537452697754 8.196041783407964 2.2553629875183105 3.0502891540527344
3.6993517875671387 7.429244855660301 2.6260175704956055 4.405664920806885
3.535693883895874 6.91206302004295 2.835102081298828 5.31618070602417
5.997709274291992 7.4821487866779535 2.0606536865234375 2.1395585536956787
5.509645938873291 9.352143219386562 2.5168187618255615 3.50022029876709
4.596001148223877 6.415143304429848 2.975745677947998 5.211490631103516
4.458719730377197 7.696578361213369 3.226348638534546 6.361504554748535
4.8785576820373535 5.835042106622041 2.1465656757354736 2.195127248764038
3.8732993602752686 5.703395192335165 2.4292402267456055 3.242624521255493
3.137303590774536 5.979150596076579 2.724848985671997 4.532002925872803
2.1785037517547607 3.7923882132961353 2.898137092590332 5.393074989318848
5.626606464385986 6.880265486709069 2.275177001953125 2.3399765491485596
5.076076507568359 7.908486492759437 2.6561732292175293 3.666137933731079
4.131866455078125 7.643637204995798 3.0404486656188965 5.302425861358643
3.142373561859131 5.96711873796454 3.2530734539031982 6.386622905731201
6.6922607421875 8.49676664219966 2.479564666748047 2.5680153369903564
5.055225372314453 7.339673046599387 3.0091347694396973 4.31155252456665
4.48213529586792 8.356525636443166 3.5265297889709473 6.477664947509766
3.1758100986480713 5.962422898600794 3.796943187713623 7.900028705596924
4.0816216468811035 4.692328367379211 2.1765501499176025 2.432709217071533
3.923893928527832 6.796472218204826 3.000645875930786 4.145644664764404
3.1364593505859375 6.037182357681445 3.033189058303833 5.152766704559326
3.1535773277282715 5.218775069165393 3.1648523807525635 6.04713249206543
4.773899078369141 5.5444096421470235 2.3515617847442627 2.648622512817383
3.9454808235168457 6.988216304181336 3.2800676822662354 4.705758571624756
3.9613142013549805 6.46569174279864 3.4199771881103516 6.130673408508301
2.945366382598877 5.003648933199543 3.59623646736145 7.287068843841553
5.3411335945129395 5.804859068944552 2.6214303970336914 2.977260112762451
5.3346028327941895 9.513518647686977 3.7219858169555664 5.554945468902588
4.360856056213379 7.1952928087947114 4.02380895614624 7.646632194519043
3.2351369857788086 4.952075608227967 4.267917633056641 9.207158088684082
4.331046104431152 5.387011535825906 1.721888780593872 1.8056105375289917
4.054858684539795 6.924681060384444 2.0652353763580322 2.8064870834350586
3.332750082015991 5.919494305651938 2.3037524223327637 3.7542195320129395
2.1948330402374268 3.736070152493312 2.413939952850342 4.368462085723877
4.647617816925049 5.805306545044914 1.8121715784072876 1.9074630737304688
3.637120008468628 5.342971322397261 2.2075133323669434 3.064892292022705
3.148402214050293 5.791425163049013 2.4826409816741943 4.17791223526001
2.9257826805114746 4.975801100100512 2.6059141159057617 4.896289825439453
5.193970203399658 6.9977125309724215 1.9406168460845947 2.0511040687561035
3.7564501762390137 4.295672594652615 2.4067800045013428 3.425032138824463
3.946536064147949 7.565996846672911 2.7311854362487793 4.766563415527344
2.404111623764038 3.5669455369508114 2.870537281036377 5.626343727111816
5.0527801513671875 6.221784281587016 2.132620096206665 2.2471487522125244
3.7225277423858643 5.837190937478653 2.551630735397339 3.550924777984619
3.065340280532837 4.762629465154987 2.7941699028015137 4.75579833984375
2.128567934036255 3.7210773284090592 2.883395195007324 5.516894817352295
5.435657501220703 6.737340896426531 2.2543118000030518 2.3898777961730957
4.274040222167969 5.892529095710415 2.7707769870758057 3.9755942821502686
3.5422801971435547 6.396533066887855 3.0805916786193848 5.474144458770752
2.6268110275268555 4.298144888087917 3.1917378902435303 6.410802841186523
6.152430057525635 8.077722118207717 2.4339067935943604 2.597506523132324
5.3492560386657715 8.799797585959368 3.088405132293701 4.587939739227295
3.878998041152954 5.629860979167621 3.49017596244812 6.503166198730469
3.325136661529541 5.417263466817303 3.6286115646362305 7.682245254516602
5.239184856414795 6.498588851475233 2.6788737773895264 2.833829402923584
3.8811471462249756 6.254237423580854 3.125988006591797 4.44732666015625
3.2387070655822754 5.334390577861889 3.306384325027466 5.823681354522705
2.4298510551452637 4.679943374721574 3.341165542602539 6.66709041595459
5.890051364898682 7.32304926131178 2.8300089836120605 3.023373603820801
4.536810874938965 7.513809800965646 3.4334473609924316 5.081491947174072
3.040915012359619 5.196215661882114 3.7073471546173096 6.878457546234131
3.2924070358276367 6.009903593220258 3.7706196308135986 7.9638800621032715
6.825387001037598 8.719170827472226 3.0630884170532227 3.307569742202759
4.86390495300293 7.844505928253547 3.8880536556243896 6.012812614440918
4.453830242156982 6.933979141825233 4.295336723327637 8.424168586730957
4.253446102142334 5.87558475709988 4.392776966094971 9.843647956848145
4.815942287445068 5.5192061514204624 2.886141538619995 3.306494951248169
4.503282070159912 7.193257841603554 3.771860361099243 5.489428520202637
2.4546844959259033 3.961949280117551 3.769784927368164 6.8001179695129395
2.6001827716827393 4.284849897854599 3.722625255584717 7.6374616622924805
4.148446083068848 4.678004926269267 3.099168539047241 3.592318296432495
4.125605583190918 7.134757633286219 4.172417163848877 6.372165679931641
2.9698030948638916 5.6022415322332355 4.275814533233643 8.174656867980957
2.0832409858703613 2.8991122260888886 4.2561445236206055 9.293923377990723
5.608908176422119 6.469704461227138 3.420447587966919 4.020236492156982
5.415679931640625 8.511348930653185 4.776430606842041 7.685964107513428
4.098908424377441 7.512664505991779 5.028410911560059 10.214217185974121
3.7731685638427734 6.466269421880028 5.042175769805908 11.722736358642578
4.249876976013184 4.869334085835931 1.6286349296569824 1.6786991357803345
4.10382080078125 6.291193481089067 1.8945199251174927 2.424771547317505
3.558950185775757 6.0061462403366175 2.152700185775757 3.316683292388916
2.995006561279297 5.231104676032658 2.3003971576690674 3.951653242111206
4.567240238189697 5.456271245295483 1.714154839515686 1.7702592611312866
4.314835071563721 6.603670040093675 2.018035888671875 2.630983829498291
3.5970754623413086 5.906077784502578 2.3179397583007812 3.682774305343628
3.6528937816619873 6.344633124805796 2.487717866897583 4.430661201477051
5.067988872528076 6.313557004932818 1.8360857963562012 1.9002395868301392
4.019227027893066 6.57794610826744 2.195317029953003 2.918388843536377
4.31024694442749 6.54969996773189 2.5537829399108887 4.191101551055908
3.535128116607666 5.963192262603403 2.753091335296631 5.097293853759766
4.949569225311279 5.747584499550065 1.9959455728530884 2.0732057094573975
4.198169231414795 6.500916055120797 2.325639247894287 3.0363001823425293
3.816812515258789 6.486538930040695 2.6131744384765625 4.1719536781311035
2.669667959213257 4.443510722775202 2.7543582916259766 4.965463161468506
5.285119533538818 6.39140003970725 2.116182327270508 2.1988964080810547
4.339351654052734 7.664244358455306 2.5205891132354736 3.374946117401123
4.022637844085693 6.240601412668397 2.8835513591766357 4.803539276123047
3.5910146236419678 6.242698969744601 3.060399055480957 5.790277004241943
5.876596927642822 7.476527265082581 2.290682554244995 2.385096549987793
5.475716590881348 8.7532812406468 2.8069725036621094 3.8692238330841064
4.949343204498291 8.208843618513038 3.2812986373901367 5.72074556350708
2.5558581352233887 3.6377655833052813 3.5076706409454346 6.988621234893799
5.082200527191162 5.976605612330786 2.494518756866455 2.6322824954986572
4.5765790939331055 7.123770350993837 2.8488566875457764 3.817556619644165
3.5332894325256348 6.513425006330181 3.1174280643463135 5.127306938171387
2.661310911178589 4.455404920458669 3.2178897857666016 6.023433685302734
5.67424201965332 6.850006627248831 2.640472412109375 2.796721935272217
4.485485076904297 5.964147686171145 3.13032603263855 4.327841281890869
3.5796196460723877 5.230172017968016 3.508272409439087 6.07983922958374
2.5336217880249023 4.968639873805323 3.652927875518799 7.249668598175049
6.434154033660889 8.25117521135951 2.862727642059326 3.0419862270355225
5.424671173095703 9.268576543223872 3.55006742477417 5.092780590057373
4.908257484436035 6.803825604248615 4.093535423278809 7.506773471832275
3.9782731533050537 6.747141213136615 4.302783966064453 9.077482223510742
3.859255790710449 4.163656135536556 2.644843101501465 2.9986867904663086
3.6567184925079346 5.3898324839134375 3.503056764602661 4.821957588195801
3.427384614944458 5.962828488726245 3.5930778980255127 6.056959629058838
3.2603602409362793 5.235985735016129 3.6211209297180176 6.956397533416748
4.875825881958008 5.484864064117744 2.8488690853118896 3.2414932250976562
4.053497791290283 6.630863116063248 3.8743040561676025 5.583567142486572
3.988117218017578 6.317134679755213 4.105917453765869 7.3392109870910645
3.042736291885376 5.698567406322738 4.174422740936279 8.564238548278809
5.90610933303833 6.174442259506179 3.156184196472168 3.6058149337768555
5.782842636108398 8.74925726922046 4.44335412979126 6.72520637512207
4.741212844848633 7.382178435929916 4.877684116363525 9.292878150939941
3.5888450145721436 6.1910046149664595 5.0104851722717285 10.994885444641113
3.8595027923583984 4.2733170480223635 1.4814132452011108 1.5185694694519043
3.843179702758789 6.379430914803751 1.6982766389846802 2.1273512840270996
3.2567873001098633 5.411928146864056 1.9528489112854004 2.9132745265960693
2.6997292041778564 4.1029687417293985 2.118978977203369 3.503326654434204
4.291130065917969 4.83243328917294 1.5568740367889404 1.597786784172058
4.058131694793701 5.6425010111656775 1.7990978956222534 2.2790064811706543
2.558274745941162 4.481994710686843 2.0873141288757324 3.1811535358428955
2.542285680770874 4.90120792513062 2.275068521499634 3.8654301166534424
5.059499263763428 6.144153051059038 1.6670162677764893 1.7130019664764404
2.843275785446167 5.66956749036359 1.9447526931762695 2.4978559017181396
4.011596202850342 7.122407289705507 2.27968430519104 3.565971612930298
4.1199188232421875 5.6030104618528185 2.497025966644287 4.383814811706543
4.528524398803711 5.060863652842841 1.6906991004943848 1.7340658903121948
4.294159412384033 6.528450486053103 1.9510289430618286 2.4844911098480225
3.168017625808716 5.015808125938634 2.254439353942871 3.4802420139312744
2.54459285736084 4.865285791850056 2.448415756225586 4.236367702484131
5.057032108306885 5.826879602967324 1.797970175743103 1.847521424293518
4.30995512008667 6.77446301369838 2.1024391651153564 2.7203621864318848
3.1823270320892334 5.129178924862742 2.464014768600464 3.917915105819702
2.6056153774261475 5.616361040367281 2.6940619945526123 4.83585262298584
6.030913829803467 7.23022364182134 1.9606404304504395 2.0188827514648438
5.254842281341553 8.178337851508594 2.329782724380493 3.0758492946624756
4.4611921310424805 7.518707009158788 2.7749996185302734 4.574197769165039
3.5729806423187256 5.197491003859017 3.055812120437622 5.729457855224609
4.656607627868652 5.283926323960273 1.9817653894424438 2.028470754623413
4.509871482849121 7.13028912331356 2.2480151653289795 2.8988873958587646
3.4996180534362793 6.511264767370676 2.5607378482818604 4.063602924346924
2.913850784301758 5.162106932961251 2.7620813846588135 4.953073501586914
5.514106750488281 6.435944806342462 2.1117749214172363 2.164590358734131
4.230602741241455 6.980363890769368 2.4453508853912354 3.2194314002990723
3.5482473373413086 6.793268963740113 2.8439886569976807 4.680944919586182
2.9591362476348877 5.072379920845833 3.0967485904693604 5.803072929382324
6.711979389190674 8.129182499016679 2.3179047107696533 2.3831467628479004
5.0817461013793945 8.244720968118315 2.752854824066162 3.7207441329956055
4.481590270996094 6.783061803205783 3.2778408527374268 5.636882305145264
3.562734842300415 7.118526133765499 3.60343599319458 7.105863571166992
2.594064950942993 2.7770685162854534 2.1177029609680176 5.6288838386535645
4.28181791305542 6.645092805444201 2.9102017879486084 3.891679286956787
3.71191143989563 5.816372154984492 2.8570196628570557 4.627243995666504
2.573089361190796 5.217883644313062 3.0260281562805176 5.562323570251465
3.544682264328003 3.8178759169874468 2.273414373397827 2.5707902908325195
5.158280372619629 8.548399648806296 3.1523818969726562 4.291865825653076
3.8818535804748535 6.851883675928335 3.2021663188934326 5.407644748687744
2.90069580078125 3.9845545480787337 3.4336349964141846 6.62859582901001
5.081738471984863 5.59069971750273 2.5384254455566406 2.8718135356903076
5.85005521774292 7.948825847311809 3.5148985385894775 4.926163673400879
4.157382011413574 6.851101368787795 3.741042137145996 6.635368347167969
3.32450532913208 4.492287634775721 4.06325626373291 8.289998054504395
3.964512348175049 4.460679266594639 1.4708044528961182 1.5151344537734985
3.391134023666382 5.411487346631817 1.70517897605896 2.202070713043213
3.4703142642974854 6.222590441858529 1.9749923944473267 3.038485527038574
2.2699050903320312 4.519486469726871 2.146559476852417 3.5956990718841553
4.272970676422119 5.098453670070398 1.541142225265503 1.5888946056365967
4.043828010559082 6.733026245939143 1.8018697500228882 2.357778310775757
2.554513454437256 5.229447758988044 2.1043386459350586 3.330408811569214
3.191866159439087 5.5060002048314125 2.2971248626708984 3.992825984954834
4.910697937011719 6.220766882694738 1.642049789428711 1.6942517757415771
4.001720905303955 6.5024708109815395 1.940630316734314 2.5773262977600098
4.093143463134766 7.842616169425426 2.28926420211792 3.73392653465271
3.172672748565674 4.758873013852565 2.5112221240997314 4.536181449890137
4.484599590301514 5.135037793328365 1.7015578746795654 1.764869213104248
3.4590673446655273 4.478566641312426 1.9878135919570923 2.626378059387207
2.7702252864837646 4.829364166303208 2.312262773513794 3.689035654067993
2.0256295204162598 4.4378635000030044 2.509850025177002 4.3918938636779785
5.009620189666748 6.036522949582377 1.7983953952789307 1.867114543914795
3.9719016551971436 6.651467355562318 2.1310040950775146 2.867849826812744
3.8234829902648926 6.331634779219257 2.5118207931518555 4.1589813232421875
3.5652072429656982 5.994413642984327 2.7449727058410645 5.036552429199219
5.707855701446533 7.279657704215772 1.9422979354858398 2.0182225704193115
4.979829788208008 8.146871187888285 2.3435232639312744 3.222249746322632
4.674796104431152 8.358396828144437 2.807216167449951 4.838460445404053
3.8580117225646973 6.412980925853589 3.0908901691436768 5.960333824157715
4.702606201171875 5.469550392245765 2.060814619064331 2.1412532329559326
4.433856010437012 6.903583684422529 2.3467438220977783 3.168945789337158
3.5020368099212646 6.531889268452687 2.675809144973755 4.405715465545654
1.7461234331130981 3.0941419517911015 2.8719708919525146 5.2083964347839355
5.378902435302734 6.536418152386204 2.1693203449249268 2.2712695598602295
5.107480525970459 7.342538107841364 2.5294909477233887 3.50603985786438
3.2923762798309326 4.3248453907303315 2.9425296783447266 5.065496444702148
2.6333067417144775 3.7450745441709614 3.188610553741455 6.110076427459717
6.284477233886719 8.129402644307277 2.34190034866333 2.4625749588012695
4.629744529724121 8.077073443611638 2.8117432594299316 4.009000301361084
4.176388263702393 8.46365686163972 3.348661422729492 6.045490264892578
2.888821601867676 4.736073058297171 3.667243480682373 7.44118070602417
3.1005711555480957 3.348458318253442 2.152146100997925 2.400336742401123
3.0650627613067627 4.606596657809142 3.114612102508545 4.134127140045166
3.9079909324645996 6.166819001667282 3.0456314086914062 5.1368842124938965
2.640738010406494 5.072861904910155 3.1900999546051025 5.939802646636963
4.689453601837158 5.2725701413457955 2.2944889068603516 2.583646774291992
4.368426322937012 7.006243698390563 3.298004627227783 4.607376575469971
4.19107723236084 7.0917653036026 3.370422601699829 5.989064693450928
3.7075188159942627 5.128838739819344 3.5738160610198975 7.066766262054443
5.231076717376709 5.636531445180424 2.5158984661102295 2.8567562103271484
5.108531475067139 8.770392434346775 3.6207776069641113 5.322319984436035
4.7624897956848145 8.448009682340569 3.8713371753692627 7.252099990844727
4.662045001983643 8.212906079140273 4.162575721740723 8.753155708312988
4.117478370666504 4.899819936350063 1.6699811220169067 1.727887511253357
3.658186912536621 5.667834920870746 1.9415141344070435 2.545938491821289
2.283409833908081 4.128248038435061 2.2128758430480957 3.5267813205718994
2.1504974365234375 4.628283572512981 2.3660950660705566 4.226774215698242
4.494139194488525 5.49804708692227 1.7579991817474365 1.8238577842712402
4.223020553588867 6.431381048664808 2.0726547241210938 2.776385545730591
2.783118486404419 5.029879037627836 2.3866329193115234 3.9308390617370605
3.011770009994507 5.058631619147491 2.559939384460449 4.741095542907715
5.16660737991333 6.3167873706891555 1.8863632678985596 1.9613317251205444
4.855470180511475 7.219241315367668 2.2596099376678467 3.0952811241149902
3.3946173191070557 5.126599119676598 2.6304070949554443 4.488637924194336
3.0207462310791016 4.087050296968414 2.829099416732788 5.453290939331055
4.883252143859863 5.8520389569728195 2.0669662952423096 2.1439480781555176
4.28518533706665 6.408001056369812 2.3915529251098633 3.2150323390960693
3.162609815597534 6.185587150569631 2.6883435249328613 4.483304023742676
2.154407262802124 3.38195422340452 2.8416337966918945 5.378272533416748
5.348257541656494 6.497552531718213 2.1840946674346924 2.2792232036590576
5.024982452392578 7.317765130230981 2.5933003425598145 3.5962677001953125
2.789588689804077 5.013807610010474 2.967359781265259 5.1752448081970215
2.689216375350952 4.529709150265234 3.153571605682373 6.261825084686279
6.150178909301758 7.532776845813714 2.366175413131714 2.4808297157287598
5.210045337677002 8.485375631706681 2.8938472270965576 4.149290084838867
3.2636420726776123 5.727200477521841 3.3731489181518555 6.174837112426758
3.776315212249756 6.34301300939822 3.601402521133423 7.535974502563477
5.161827087402344 6.217973858912057 2.6418111324310303 2.711456775665283
2.6692304611206055 4.450600364012189 2.93302321434021 4.018289089202881
3.011033535003662 5.156272062511562 3.1889731884002686 5.512042045593262
2.076220750808716 3.632101453197248 3.312062978744507 6.549205780029297
5.92767333984375 7.154684832887369 2.7835631370544434 2.88728928565979
3.812835693359375 6.001547258136832 3.2156693935394287 4.59297513961792
2.7473015785217285 5.513701969753129 3.5834641456604004 6.537328720092773
2.922097682952881 5.859317573774177 3.7483153343200684 7.840359687805176
6.946126937866211 8.511751550602469 3.0158944129943848 3.160937547683716
5.070738315582275 8.625083072257098 3.6497180461883545 5.449350833892822
4.410375595092773 6.789853694842122 4.170297145843506 8.058455467224121
3.8227102756500244 5.800927204658212 4.388771057128906 9.748132705688477
3.8125343322753906 4.343599840388038 2.771886110305786 3.132750988006592
3.5806286334991455 5.473016658690199 3.5443851947784424 4.950968265533447
2.909017562866211 4.564651136662615 3.6395297050476074 6.456546306610107
1.7012701034545898 3.385403376446334 3.707066535949707 7.550081253051758
4.78115177154541 5.342013615688074 2.9641125202178955 3.390331506729126
4.253204822540283 6.894039377257741 3.9207475185394287 5.748976707458496
2.679191827774048 4.04222113410691 4.144507884979248 7.809662342071533
3.205902099609375 5.3817905490908915 4.253301620483398 9.208842277526855
5.197209358215332 5.513421625246792 3.2742233276367188 3.7873446941375732
5.170888900756836 8.536718469435414 4.509332656860352 6.974664688110352
4.351999759674072 7.618532026824084 4.903742790222168 9.837119102478027
3.931670665740967 7.3988059610425125 5.064743518829346 11.687670707702637
4.548949241638184 5.235534231698608 1.542101502418518 1.5972331762313843
4.06175422668457 6.588329229399278 1.8354251384735107 2.3968191146850586
4.1402106285095215 7.144137399925281 2.121408700942993 3.2967240810394287
3.3701281547546387 6.088121202958973 2.3062896728515625 3.9457199573516846
4.641934871673584 5.657160078019281 1.6200519800186157 1.6816648244857788
4.737320423126221 7.252686038272984 1.9481159448623657 2.5743355751037598
3.591874122619629 6.690061473228184 2.2736096382141113 3.6091248989105225
3.815702438354492 6.171368880923694 2.483541250228882 4.369861125946045
5.043547630310059 6.270129450346602 1.7330873012542725 1.8024685382843018
4.4006195068359375 6.678496467293712 2.1101572513580322 2.8284599781036377
3.2290079593658447 6.629769482580961 2.4903316497802734 4.058003902435303
3.73960018157959 7.8466588838858655 2.7340409755706787 4.974898338317871
5.159369945526123 6.025216661424281 1.8192440271377563 1.8761277198791504
4.221301078796387 6.30201487536641 2.1716549396514893 2.8668081760406494
3.564452648162842 5.332303536364861 2.508875846862793 4.014890670776367
2.711642265319824 4.615298107201852 2.722555637359619 4.851795673370361
5.472908020019531 6.605237480034248 1.9271057844161987 1.9942480325698853
5.205738067626953 8.598658724974925 2.3413305282592773 3.147111654281616
4.424158573150635 7.8620230695472175 2.7481729984283447 4.533289432525635
3.7240841388702393 6.859399091970317 3.0047805309295654 5.562450885772705
5.926804542541504 7.426995151426752 2.087867021560669 2.168795347213745
5.432961463928223 9.188251857751311 2.5928049087524414 3.5640506744384766
3.408449649810791 6.7939970779194 3.10036039352417 5.308780670166016
4.096211910247803 7.807923608303803 3.4173388481140137 6.617544651031494
5.442124843597412 6.371213562279735 2.2239737510681152 2.2710275650024414
5.028351783752441 8.168885459360137 2.581267833709717 3.438446283340454
4.489729404449463 6.816805366541985 2.9194164276123047 4.788333415985107
3.6783816814422607 6.984077116677895 3.1361992359161377 5.773483753204346
5.865593433380127 7.016310888836415 2.3509159088134766 2.416428565979004
4.223104000091553 6.853776857676053 2.8101770877838135 3.83504581451416
4.02193546295166 7.599794764738205 3.250830888748169 5.537354469299316
2.611677408218384 4.712324674768752 3.527402639389038 6.796588897705078
6.477793216705322 8.204484485751095 2.549917459487915 2.636549711227417
5.557387828826904 9.603281602560969 3.1574623584747314 4.439809322357178
3.605774164199829 4.411976319665705 3.7488486766815186 6.685381889343262
4.170077800750732 7.4320891354928165 4.111818790435791 8.352618217468262
4.94040584564209 5.315057780618076 2.2853360176086426 2.548252820968628
4.239588737487793 7.098853143949782 3.3288967609405518 4.441018104553223
3.1221163272857666 5.248972855017442 3.310361623764038 5.550384998321533
3.0836949348449707 4.691784890863119 3.490509510040283 6.582962989807129
4.3169121742248535 4.44802685459555 2.459003448486328 2.753361225128174
4.40236234664917 7.59469684433185 3.5941152572631836 5.0152387619018555
3.7513062953948975 6.872088813630423 3.727337598800659 6.532378196716309
3.1711843013763428 5.001671257793532 3.977593421936035 7.891758441925049
5.694352626800537 6.087185854115782 2.725949764251709 3.0702805519104004
5.6262617111206055 9.415100420589397 4.020026683807373 5.874343395233154
4.348320960998535 7.9720692949507 4.362605571746826 8.048498153686523
3.730937957763672 5.57833353907165 4.714322090148926 9.905062675476074
4.021671295166016 4.5430219103112535 1.5217283964157104 1.5611538887023926
3.3774430751800537 5.783904278928958 1.7515051364898682 2.2203845977783203
1.8726571798324585 4.382456039100873 2.014171600341797 3.0399489402770996
1.963341236114502 4.414618774344262 2.1767938137054443 3.63797926902771
4.3013153076171875 5.18491004539203 1.6017870903015137 1.64446222782135
2.9858574867248535 4.919388224541109 1.8618738651275635 2.382450819015503
2.727764129638672 4.325919416605473 2.162013292312622 3.3291916847229004
2.4392030239105225 3.981335115606271 2.3462061882019043 4.024616241455078
4.948174476623535 6.089512792166715 1.717000961303711 1.764428734779358
3.40171480178833 6.9258274824004715 2.0215916633605957 2.620805501937866
3.9658210277557373 7.162639250417669 2.3747925758361816 3.7501566410064697
3.724336862564087 5.56132534808456 2.5872068405151367 4.5797810554504395
4.641637325286865 5.3210089252208945 1.741094708442688 1.78561532497406
3.5882773399353027 6.048148180918096 1.998853325843811 2.588592529296875
2.6870644092559814 5.465321281970773 2.3108227252960205 3.634322166442871
2.564011812210083 4.907123620145512 2.505488872528076 4.401859283447266
5.131191253662109 6.170228537821799 1.8529521226882935 1.9030935764312744
4.720775127410889 6.8047365976689775 2.161850929260254 2.8426010608673096
2.8423843383789062 5.267366146845234 2.53672456741333 4.109717845916748
3.459630012512207 5.040483180802603 2.767138719558716 5.041690349578857
5.89950704574585 7.310630587748378 2.0175633430480957 2.076739549636841
5.222416877746582 8.773280995832806 2.406226634979248 3.231879711151123
4.244423866271973 8.222704372483015 2.876049518585205 4.834361553192139
3.9870383739471436 5.6619771960166325 3.156449794769287 6.007913589477539
4.898631572723389 5.697899561704963 2.0209197998046875 2.077644109725952
4.588644504547119 7.400055371150103 2.2525601387023926 2.968655824661255
2.856982707977295 4.430804210919405 2.577718734741211 4.200027942657471
1.8576492071151733 3.9593136562382387 2.7974905967712402 5.11530876159668
5.664490699768066 6.777028069654605 2.1580545902252197 2.2222328186035156
4.853826522827148 8.172950012111073 2.4635415077209473 3.3137059211730957
3.018808364868164 5.991383372302494 2.8790934085845947 4.870371341705322
3.326904773712158 6.420654792287223 3.1501615047454834 6.019679069519043
6.702994346618652 8.263433623838715 2.364257335662842 2.4408328533172607
5.3884100914001465 7.939217370001188 2.789085865020752 3.8626351356506348
3.4750943183898926 7.08310072469672 3.347761869430542 5.929182052612305
3.892942428588867 7.281781777916649 3.6927638053894043 7.435691833496094
4.0516557693481445 4.30599070184762 2.333799362182617 2.6149191856384277
4.070813179016113 7.243042470513075 2.645625591278076 3.5800387859344482
2.8692522048950195 5.409159417930141 2.793950080871582 4.6814961433410645
2.4512901306152344 3.8464792933753102 3.023764133453369 5.687084197998047
4.496618747711182 4.716136102698101 2.519120454788208 2.8210833072662354
4.946811199188232 7.112909644941624 2.8996336460113525 4.0159783363342285
3.9605424404144287 7.6337164757107505 3.1574318408966064 5.523430824279785
3.3717644214630127 5.92677067324513 3.452329397201538 6.820374965667725
5.315787315368652 5.584593722903463 2.795867681503296 3.1462771892547607
5.706878185272217 9.030588910363647 3.2937657833099365 4.71652889251709
3.8424952030181885 5.9923121968816275 3.73726487159729 6.8872599601745605
3.54931640625 5.710120770442927 4.126293182373047 8.635451316833496
3.858208179473877 4.474590879514153 1.5270200967788696 1.5752469301223755
3.656824827194214 6.4673002595691855 1.795188307762146 2.338925361633301
2.9782397747039795 5.085847523621283 2.077552080154419 3.2450954914093018
2.635218620300293 5.539969912341604 2.2492780685424805 3.879819631576538
4.2988128662109375 5.245404224384785 1.6049110889434814 1.6566063165664673
3.945863723754883 6.480089551301944 1.9072636365890503 2.514796257019043
2.76556134223938 5.196796604921668 2.2274792194366455 3.5547521114349365
2.546373128890991 4.857780191377742 2.4199652671813965 4.286798477172852
4.963237285614014 6.142301814311551 1.7154722213745117 1.7731901407241821
4.515303134918213 7.747435487644907 2.0660958290100098 2.7639060020446777
3.146779775619507 6.059612190298196 2.438577890396118 3.986359119415283
3.5965847969055176 6.475238833008362 2.658006191253662 4.848700046539307
4.351347923278809 5.14821464905026 1.7682888507843018 1.8237577676773071
4.227802276611328 7.053115998658275 2.0870201587677 2.764112710952759
3.2670540809631348 6.634183231341584 2.4099128246307373 3.9048104286193848
1.9511805772781372 3.449889312462801 2.601170063018799 4.719561576843262
5.020789623260498 6.120326810621691 1.8760367631912231 1.9370094537734985
4.477652549743652 7.18980021558734 2.2541465759277344 3.0381150245666504
3.8111798763275146 6.2795722134632115 2.6397969722747803 4.403330326080322
2.4357762336730957 4.526777891942004 2.862640857696533 5.3761162757873535
5.7963385581970215 7.319123256952048 2.0334055423736572 2.104064464569092
4.964963436126709 7.388698780775115 2.4987106323242188 3.4408047199249268
4.069120407104492 6.884121297901402 2.975409746170044 5.126394271850586
3.673576831817627 7.2898529507174885 3.2425529956817627 6.321895122528076
4.574655532836914 5.486731691162589 2.1108500957489014 2.1463749408721924
4.394786834716797 7.011049201864353 2.4267964363098145 3.2509753704071045
3.1553220748901367 6.171897761984509 2.738253355026245 4.560492992401123
2.080381393432617 4.030475026359909 2.922816276550293 5.506782054901123
5.383908748626709 6.567825836311442 2.240111827850342 2.291731595993042
4.409642696380615 7.471078037598545 2.6456642150878906 3.6296777725219727
3.4764270782470703 6.188115381205932 3.0467469692230225 5.254123210906982
2.735473155975342 5.742410878369984 3.2720162868499756 6.41483736038208
6.371699333190918 8.215462086900601 2.434325695037842 2.50654935836792
4.6683783531188965 7.159383253109354 2.9760749340057373 4.199689865112305
4.995852947235107 8.043151184083172 3.5092599391937256 6.289480209350586
4.0501203536987305 7.2739020021692795 3.7943849563598633 7.762237071990967
3.4229929447174072 4.201580483039265 2.1548914909362793 2.471518039703369
3.7060046195983887 6.38928169114795 2.991246223449707 4.066651344299316
3.2587509155273438 5.691577672776802 3.039651393890381 5.1622395515441895
3.4441869258880615 6.476398537568457 3.1817352771759033 6.146435737609863
4.493469715118408 4.963798924984985 2.325418710708618 2.6675937175750732
4.188445091247559 7.188713951561175 3.277395486831665 4.617738723754883
3.897496461868286 5.8972743643465435 3.4151575565338135 6.032038688659668
3.1854934692382812 6.742875181869181 3.6027462482452393 7.265405654907227
4.776351451873779 5.429198413377122 2.581336259841919 2.967696189880371
5.2392449378967285 7.246763529481996 3.694157838821411 5.401552200317383
5.096402645111084 9.000326020685122 3.9864132404327393 7.3475775718688965
3.0597140789031982 6.316493268330213 4.243438243865967 8.954771995544434
4.228764057159424 5.017167470920754 1.4890199899673462 1.532057285308838
4.074491500854492 6.637053079912419 1.7293866872787476 2.2131447792053223
2.27358341217041 4.894149529230614 2.011176109313965 3.0485734939575195
2.397752046585083 4.349974531594043 2.1923468112945557 3.6246824264526367
4.465590000152588 5.426441552196408 1.5686568021774292 1.6158392429351807
3.295032501220703 6.083021903194929 1.8388409614562988 2.3778202533721924
3.35895037651062 5.476338148705963 2.1578474044799805 3.339056968688965
2.5429725646972656 5.49062627096896 2.363243579864502 4.016534328460693
5.064553737640381 6.271926833624959 1.684779167175293 1.7379100322723389
4.73725700378418 8.05880918682584 1.9976650476455688 2.620607852935791
3.162031650543213 6.8687465532909755 2.3683903217315674 3.765979290008545
3.063142776489258 5.247354827941187 2.605832576751709 4.587778568267822
5.009493827819824 5.854622674750743 1.6905913352966309 1.743282675743103
4.004959583282471 6.578663228491735 1.9680964946746826 2.5670063495635986
3.399838924407959 4.932630751862234 2.3045172691345215 3.6393189430236816
2.664811134338379 5.181695709728103 2.5273208618164062 4.388689994812012
5.4053120613098145 6.501776657763912 1.8041212558746338 1.8640761375427246
4.899796485900879 7.422789049699787 2.133007049560547 2.824157238006592
3.0675950050354004 6.394193812947776 2.5306520462036133 4.1144914627075195
3.1059792041778564 5.93829534732987 2.7933995723724365 5.039708137512207
6.113823413848877 7.688690008950402 1.9750739336013794 2.045454740524292
5.097955226898193 8.227158709953457 2.381232500076294 3.2199952602386475
4.684864521026611 7.208259953845754 2.870073080062866 4.844873428344727
3.6669745445251465 7.205267665364033 3.1881837844848633 6.031363010406494
5.237652778625488 6.118516156688791 1.9606280326843262 2.019193172454834
4.5076398849487305 7.315998576860807 2.216606855392456 2.9387383460998535
3.0261847972869873 5.881146929602096 2.5714845657348633 4.212280750274658
2.6203060150146484 5.194348534986901 2.8260717391967773 5.11132287979126
5.993635654449463 7.110548111970502 2.095923662185669 2.1671080589294434
4.809686660766602 7.884623742688831 2.433037519454956 3.290546417236328
3.5766754150390625 6.424737757147625 2.8759171962738037 4.880685329437256
2.640531539916992 5.377771647415557 3.1853437423706055 6.031553268432617
7.034512519836426 8.725848307821964 2.310045003890991 2.3990769386291504
5.3141398429870605 8.589297683661329 2.76987361907959 3.8499915599823
5.1535563468933105 7.992213346627016 3.3476781845092773 5.943455219268799
4.1214680671691895 7.1991774209271 3.736013174057007 7.47983455657959
4.382937908172607 4.722325272416526 2.152359962463379 2.425157070159912
3.967456579208374 6.502887921246838 2.6731350421905518 3.6882636547088623
3.69640851020813 6.928057537254972 2.7912707328796387 4.717483997344971
3.2113006114959717 4.911547851520282 3.058030605316162 5.70017671585083
2.9505865573883057 3.1129273969919637 2.328489065170288 2.633118152618408
4.7009172439575195 7.897107602496106 2.920985221862793 4.1682939529418945
3.8611342906951904 6.97022777528457 3.1618094444274902 5.5611443519592285
2.9554572105407715 4.497304085173722 3.4938156604766846 6.850564002990723
5.437494277954102 6.412210609302051 2.604133129119873 2.96075177192688
5.26654577255249 7.866693478771925 3.316563606262207 4.894827365875244
4.561987400054932 7.935299755408749 3.746293306350708 6.925115585327148
3.4931797981262207 6.779865405724944 4.175251483917236 8.697373390197754
3.4471280574798584 4.1032755443868485 1.5046666860580444 1.5544437170028687
3.0390236377716064 6.20333603487515 1.786834955215454 2.3442459106445312
2.8828938007354736 5.963604409294139 2.078158378601074 3.2337894439697266
2.2111752033233643 3.9208382341374204 2.250580072402954 3.846809148788452
4.091786861419678 4.983116341196431 1.5855399370193481 1.6400748491287231
3.5195553302764893 5.758190785883848 1.9016904830932617 2.523681402206421
2.999729871749878 5.887688838076258 2.231903076171875 3.548082113265991
2.8401272296905518 5.170767285302375 2.4258036613464355 4.2633891105651855
4.9890666007995605 6.071863539364571 1.7036030292510986 1.7653018236160278
4.486252784729004 6.720435865954869 2.068124771118164 2.788243293762207
3.77826189994812 6.82445844011539 2.451220989227295 4.004660129547119
3.0264718532562256 3.6305103846066444 2.6728827953338623 4.858461856842041
4.016703128814697 4.834105193301184 1.6935361623764038 1.7534855604171753
2.9292778968811035 4.745438994089287 2.0238137245178223 2.7206127643585205
2.674330472946167 5.801211531098488 2.378406047821045 3.850994110107422
2.5585694313049316 4.542871708436223 2.586035966873169 4.636171340942383
4.790243148803711 5.811729668222199 1.8092656135559082 1.8763710260391235
4.575811386108398 7.7778536170122266 2.19551944732666 3.00181245803833
3.7128310203552246 6.277779126806081 2.614454507827759 4.362832069396973
2.856581687927246 5.911940144048913 2.8560755252838135 5.319025993347168
5.843574047088623 7.137891113886784 1.9829455614089966 2.0618467330932617
4.474935531616211 8.370221675569272 2.454622983932495 3.4332211017608643
3.9894230365753174 6.753744665505565 2.9663522243499756 5.139647960662842
4.383785724639893 7.947223907083298 3.2546825408935547 6.339400768280029
4.235322952270508 5.1570236759818044 1.9020971059799194 1.9946904182434082
3.196737051010132 5.780396230551641 2.2405829429626465 3.084150552749634
2.923431873321533 5.787497543941612 2.6396591663360596 4.423325538635254
2.3944356441497803 5.18824311132812 2.8761110305786133 5.35369348526001
5.248984336853027 6.352014610432582 2.0477635860443115 2.1466808319091797
4.149545192718506 6.5212121639339955 2.466007709503174 3.464733600616455
2.9496796131134033 6.081345658603735 2.9553446769714355 5.134694576263428
3.536588430404663 7.0626222308867455 3.237447500228882 6.304519176483154
6.538173675537109 8.136117317935827 2.27079176902771 2.384204864501953
5.439352035522461 8.347550487662527 2.8173699378967285 4.068949222564697
3.8091232776641846 7.749364750298582 3.4420742988586426 6.251471519470215
3.6481988430023193 5.4103064759909785 3.7894229888916016 7.77243185043335
3.704310417175293 4.334191786728695 2.1665422916412354 2.5040123462677
3.9462833404541016 6.80032366161322 2.4775731563568115 3.5383687019348145
2.7661631107330322 5.0299099165191405 2.8401577472686768 4.892922401428223
2.87139892578125 5.479065003462352 3.093898057937622 5.912869453430176
3.9851233959198 4.17144830977178 2.350257158279419 2.7300522327423096
3.2326390743255615 6.767708244109365 2.746532917022705 4.004782199859619
3.8161251544952393 7.52728913285398 3.220468521118164 5.769988536834717
3.3963167667388916 6.01017187416983 3.528477430343628 7.083621978759766
5.229929447174072 5.446956750695691 2.634791612625122 3.075408697128296
5.384768486022949 8.076608599707697 3.1758084297180176 4.763090133666992
4.555752754211426 7.112179473659651 3.8200759887695312 7.178179740905762
3.2227792739868164 4.449854963739881 4.207029819488525 8.928383827209473
4.280977249145508 5.5342735434860515 1.5221024751663208 1.5900294780731201
3.972961187362671 6.799234203571132 1.811596393585205 2.4546053409576416
1.984030842781067 3.7958202458117825 2.0685184001922607 3.3461217880249023
2.3233869075775146 4.699859569973796 2.214111328125 3.945803642272949
4.64628791809082 5.951192524617682 1.602750539779663 1.6764312982559204
4.085110664367676 6.95923424989428 1.9269107580184937 2.6449742317199707
3.0914556980133057 5.685752281847272 2.2164852619171143 3.6699137687683105
2.789584159851074 5.222786344760493 2.3787269592285156 4.368904113769531
5.164161205291748 7.004345333562657 1.7198340892791748 1.8028286695480347
4.576050758361816 7.718935312765957 2.093043327331543 2.9241459369659424
3.469761610031128 6.453835677199692 2.426510810852051 4.133577346801758
2.9504916667938232 4.548353765211459 2.6092262268066406 4.96110200881958
4.9978203773498535 6.37929864099965 1.7490397691726685 1.8290190696716309
4.430535316467285 7.980031460290068 2.073615312576294 2.862924814224243
2.3238518238067627 3.913673096801517 2.364497184753418 3.965106248855591
2.1016829013824463 4.058347922123971 2.527994394302368 4.713962554931641
5.378159999847412 6.886819558223621 1.8631107807159424 1.9528189897537231
3.6484382152557373 6.92439449563426 2.246506452560425 3.1636404991149902
3.553133964538574 7.4677110271759375 2.5906243324279785 4.489933013916016
2.6871960163116455 5.015681840486309 2.7797160148620605 5.400076866149902
6.035283088684082 8.14093825859942 2.0341672897338867 2.1399528980255127
4.469708442687988 7.164644990701292 2.505221366882324 3.621283769607544
4.537635326385498 7.315045507817786 2.925126075744629 5.274659156799316
3.2118136882781982 5.004663898724175 3.1474363803863525 6.4061384201049805
5.177010536193848 6.650736875842004 2.059811592102051 2.149827718734741
4.128154754638672 7.266821072576107 2.350099802017212 3.292117118835449
3.5884668827056885 6.473650437644892 2.638648509979248 4.552788734436035
3.0710461139678955 5.894759388270796 2.806586742401123 5.419151782989502
5.848963737487793 7.552209368551075 2.1999473571777344 2.3077661991119385
4.867596626281738 9.056906447198685 2.5779995918273926 3.7067580223083496
2.3605782985687256 4.83946824276876 2.9402685165405273 5.283998966217041
2.9341607093811035 5.661692895530242 3.1419637203216553 6.3713297843933105
6.643741607666016 8.81403038477445 2.417253017425537 2.550875425338745
4.746023178100586 8.703042748893495 2.9291021823883057 4.356264114379883
4.470631122589111 7.177021593752116 3.4004273414611816 6.411819934844971
3.3529269695281982 6.188055751164924 3.6472315788269043 7.812015056610107
3.410749673843384 4.38092629406168 2.207001209259033 2.665994644165039
3.97039794921875 6.979904707050608 2.6712377071380615 3.81402325630188
2.85599422454834 4.852663036575734 2.866572618484497 5.048255920410156
1.705449104309082 3.674113046423095 3.0226798057556152 5.9778618812561035
3.9877288341522217 5.0708441136998115 2.3875913619995117 2.893256902694702
3.9195737838745117 7.4096992157283665 2.948634624481201 4.340391635894775
4.082083225250244 7.71463853539143 3.2297282218933105 5.957508087158203
2.948683023452759 4.870143750911359 3.4250028133392334 7.1506123542785645
3.85404634475708 4.508162865976374 2.668006181716919 3.2454166412353516
5.069830894470215 8.908932258349068 3.38468337059021 5.176619052886963
3.968778133392334 7.21659614240334 3.794804573059082 7.384639263153076
3.0691678524017334 5.327009253335007 4.043172836303711 8.958763122558594
3.335008144378662 4.016356509504703 1.6108527183532715 1.6718896627426147
3.262094020843506 5.758223005450745 1.911744236946106 2.4973480701446533
2.6402201652526855 4.679541096892592 2.184410333633423 3.3421919345855713
2.2332732677459717 4.2857587785585824 2.3303189277648926 3.910536289215088
3.943061351776123 4.9328316534056285 1.6853985786437988 1.7543758153915405
4.018520355224609 7.280930349430985 2.022113561630249 2.6916511058807373
3.105949640274048 6.2581832842861616 2.3345038890838623 3.6931819915771484
2.1345200538635254 4.747135847418576 2.5027577877044678 4.378093719482422
4.8979716300964355 6.173361109423098 1.7925612926483154 1.869606614112854
4.529968738555908 6.391527137681578 2.1798298358917236 2.958799362182617
4.389233589172363 6.933787151521301 2.5468902587890625 4.172110080718994
3.7819266319274902 5.360040874447112 2.7446887493133545 5.015304088592529
3.892249345779419 4.733923576001757 1.9724677801132202 2.045910596847534
3.5625157356262207 4.944604487156084 2.343881607055664 3.0995230674743652
2.641570568084717 4.353261366066704 2.6531636714935303 4.188714504241943
2.127744197845459 3.7738204023057733 2.799579620361328 4.913771152496338
4.661097049713135 5.791345335870915 2.0716288089752197 2.1610848903656006
3.7786805629730225 6.010167534504404 2.5122416019439697 3.4191529750823975
2.828206777572632 4.827281228635002 2.8933959007263184 4.787620544433594
3.097946882247925 6.320725880639657 3.0774500370025635 5.710621356964111
5.78157901763916 7.3850946403715625 2.221928596496582 2.3288116455078125
4.14263916015625 7.230202816934565 2.7616472244262695 3.875812292098999
3.148383378982544 6.566915240603048 3.244875431060791 5.636321544647217
3.993687152862549 6.427777950697731 3.480388641357422 6.835773944854736
4.045939922332764 4.971014039605052 2.511073350906372 2.5893101692199707
2.869127035140991 4.405176508786212 2.90678071975708 3.875439405441284
2.669344902038574 4.7896459949742525 3.1815218925476074 5.149385929107666
2.8362605571746826 5.171833760336085 3.289842367172241 5.981632709503174
5.122984886169434 6.337345590540679 2.625908374786377 2.7292308807373047
4.4291863441467285 7.543243640037872 3.1386728286743164 4.349026203155518
3.3229339122772217 5.914685130271981 3.523717164993286 6.046584606170654
3.1111626625061035 6.1368206917384285 3.682101011276245 7.15910005569458
6.425583362579346 8.199123648518082 2.8117260932922363 2.944279909133911
4.586880683898926 7.342337263776258 3.4958877563476562 5.048881530761719
4.887944221496582 8.580345660650323 4.035200119018555 7.351485729217529
3.4306886196136475 4.847328260161426 4.263341426849365 8.857141494750977
3.084916114807129 3.5402637986988257 2.6323471069335938 2.8873984813690186
2.8666460514068604 5.848448698850426 3.673316240310669 5.069850444793701
2.575380325317383 4.825136620105617 3.713197946548462 6.127740383148193
2.048635482788086 4.202611113094463 3.729018211364746 6.950866222381592
4.11729097366333 4.4936315403238325 2.7943878173828125 3.101280927658081
4.162545204162598 7.000026362179554 3.999983310699463 5.748622417449951
3.4784719944000244 5.875461915799747 4.154956340789795 7.330038547515869
2.904939651489258 5.859950346924862 4.227864742279053 8.491434097290039
4.503676891326904 4.701920665623291 3.050741195678711 3.424060821533203
4.996531963348389 7.046717163872309 4.487077236175537 6.757500171661377
3.835641622543335 5.581294072433081 4.825889587402344 9.104068756103516
3.1123244762420654 4.410389607885122 4.974394798278809 10.736292839050293
4.132506847381592 4.71315371908986 1.7436988353729248 1.7851991653442383
3.9989423751831055 5.4549312485069095 2.019179344177246 2.5516531467437744
3.354570150375366 5.5620914018030545 2.3378043174743652 3.5234286785125732
2.724996328353882 4.4802563009494065 2.5302844047546387 4.238025188446045
4.352907657623291 5.196933402383365 1.828079104423523 1.8711159229278564
4.030485153198242 6.903215754479135 2.1487040519714355 2.7461020946502686
3.7773585319519043 7.149049024387688 2.5251517295837402 3.894327402114868
2.738076686859131 5.310666339447835 2.7530853748321533 4.75299072265625
4.973973751068115 6.149118164146124 1.9425628185272217 1.9915536642074585
4.895468235015869 8.272315663750899 2.322845220565796 3.020033121109009
3.969299077987671 6.567701669225026 2.775127410888672 4.408417701721191
3.8629720211029053 5.938889883547713 3.0491130352020264 5.455893516540527
4.764074325561523 5.49048315114851 2.173758029937744 2.2328786849975586
3.4189298152923584 4.904600143027608 2.5542349815368652 3.297217607498169
3.6572391986846924 6.175476859160767 2.9674675464630127 4.661342144012451
3.008781671524048 5.834528569927613 3.197709083557129 5.653252124786377
5.239376068115234 6.261378844892079 2.287766218185425 2.349398374557495
4.295757293701172 6.89800819094296 2.758690118789673 3.634470224380493
3.5693423748016357 6.566104046468931 3.2784323692321777 5.339609622955322
3.1124606132507324 5.843992385298122 3.570439338684082 6.5955586433410645
5.9609856605529785 7.287324172549631 2.447472095489502 2.5187735557556152
4.9980878829956055 6.910141689591228 3.04215931892395 4.121671199798584
4.903294563293457 8.527906034095569 3.7052979469299316 6.301900863647461
3.381176471710205 6.190050192541433 4.077418804168701 7.911181449890137
4.967902660369873 5.807181063595289 2.6555707454681396 2.7412145137786865
4.503649711608887 6.962964549957377 3.1574885845184326 4.187043190002441
2.480799913406372 4.349922348951608 3.6366465091705322 5.932804107666016
2.6291255950927734 4.0187421069013 3.885401725769043 7.1803083419799805
5.679203033447266 6.7618134185262075 2.791127920150757 2.8924808502197266
4.483349323272705 7.025004122376913 3.446078062057495 4.708204746246338
3.7275755405426025 6.547605946207092 4.087444305419922 6.990323066711426
2.7175838947296143 4.6672024965450305 4.424651622772217 8.633682250976562
6.735903263092041 8.21484772769702 2.9964678287506104 3.120936393737793
5.591965675354004 7.568615976392863 3.865478515625 5.492033958435059
4.948276042938232 6.924956511083792 4.726562976837158 8.530184745788574
2.865683078765869 4.588766403815612 5.17533540725708 10.694646835327148
4.486950397491455 4.734765828285511 2.8370821475982666 3.0883915424346924
2.5949437618255615 3.3062796129486642 3.6975090503692627 5.137110710144043
2.6005613803863525 4.936120293693804 4.220587253570557 7.115371227264404
2.128462314605713 3.942945662732143 4.466062068939209 8.519274711608887
4.780831813812256 5.274536789139347 3.072995185852051 3.363018274307251
3.7386062145233154 5.788247894970482 4.072844505310059 5.844191551208496
2.562528133392334 3.75069361852934 4.792377948760986 8.514583587646484
2.133289337158203 3.922982610643885 5.149598598480225 10.427635192871094
6.107137203216553 6.384482598542011 3.3623785972595215 3.7121024131774902
4.943336009979248 7.486285937846333 4.631511688232422 6.956196308135986
3.9424850940704346 6.224979844284509 5.624739646911621 10.601937294006348
2.905994176864624 5.1624692760499045 6.118163108825684 13.17104721069336
4.037168979644775 4.865155079576368 1.7134909629821777 1.7783153057098389
3.0594735145568848 5.4859729767752174 2.032789707183838 2.707390785217285
3.3329832553863525 5.497907889016565 2.3015377521514893 3.6812891960144043
2.7861716747283936 5.451333254404155 2.4396252632141113 4.343769550323486
4.411018371582031 5.462823995246765 1.8000601530075073 1.8733497858047485
3.8883562088012695 6.64460309572587 2.169630765914917 2.946594715118408
3.465639114379883 5.753232348937672 2.4855852127075195 4.096683979034424
2.364016532897949 3.7413941802078625 2.646071672439575 4.878500461578369
5.101563930511475 6.441107089620992 1.9243730306625366 2.0086071491241455
4.815479755401611 7.79636890665304 2.3640549182891846 3.282972574234009
3.6635563373565674 6.815603008385608 2.7438013553619385 4.682243824005127
3.7952933311462402 6.53306753412275 2.933954954147339 5.634189605712891
4.765909671783447 5.771797468399598 2.1462697982788086 2.229548454284668
3.586013078689575 6.2502228629538905 2.5482938289642334 3.475843667984009
2.67012357711792 5.1016967429235365 2.8402023315429688 4.745694160461426
1.3938639163970947 2.1812358677016164 2.968648672103882 5.584051132202148
5.197452545166016 6.389778542986515 2.2626991271972656 2.3621232509613037
3.873894691467285 6.535421889061126 2.760387659072876 3.874828815460205
3.1412341594696045 5.634892252657096 3.137396812438965 5.459772109985352
2.1665425300598145 2.854176724345052 3.302990198135376 6.499840259552002
6.022861957550049 7.783513050805705 2.4368691444396973 2.5571749210357666
4.818185806274414 7.861365304138644 3.071882724761963 4.453857898712158
4.373294353485107 7.964515920336311 3.566702365875244 6.498928070068359
2.6847825050354004 4.456739963134083 3.782362699508667 7.835402011871338
4.870790004730225 5.9748409200865495 2.6817262172698975 2.790194272994995
4.264956474304199 7.275085251469932 3.1533288955688477 4.393406867980957
2.663642406463623 4.282951205110294 3.4108901023864746 5.902173042297363
2.6579508781433105 4.573024969527069 3.4979755878448486 6.859250545501709
5.637821674346924 6.957465465661812 2.8322601318359375 2.9678001403808594
5.0404582023620605 8.569799465227675 3.4485723972320557 4.993594169616699
2.7937521934509277 3.3008738735476717 3.8286244869232178 6.962185382843018
3.1342787742614746 5.991755873456381 3.9657533168792725 8.196534156799316
6.712024688720703 8.570496164111331 3.0607173442840576 3.2335312366485596
3.77026104927063 7.700159575603102 3.8941876888275146 5.883729457855225
3.7554848194122314 6.952440842790476 4.446714401245117 8.535778999328613
4.369256496429443 8.246005950395556 4.650142192840576 10.17891788482666
4.331730842590332 4.982086678329782 2.799628257751465 3.143218755722046
2.8476786613464355 4.4885761682676275 3.7689223289489746 5.377644062042236
2.385798931121826 5.119860972805526 3.927441120147705 6.964410305023193
2.785460948944092 5.34315944193213 3.9454362392425537 7.95398473739624
4.052962303161621 4.792669155129488 3.002999782562256 3.4043726921081543
3.8019399642944336 6.4558721601309585 4.161243438720703 6.203537940979004
3.9115025997161865 7.081533015172454 4.452577114105225 8.353076934814453
2.314943552017212 4.034010932942728 4.528345584869385 9.67196273803711
5.05885124206543 6.191733945530984 3.299297571182251 3.747770309448242
5.079687118530273 7.969088460754392 4.750390529632568 7.449676990509033
4.331711292266846 8.620741809119863 5.243478775024414 10.442117691040039
4.655754566192627 8.104289940563135 5.392379283905029 12.238029479980469
4.049643516540527 4.783526894423424 1.54063880443573 1.5943094491958618
4.070156097412109 7.078080753422185 1.833741545677185 2.4199976921081543
2.3042073249816895 3.686534669623235 2.134049654006958 3.341416835784912
2.4968199729919434 5.216655831362743 2.3041229248046875 3.954340696334839
4.371685028076172 5.367776110371153 1.6269294023513794 1.6867337226867676
3.4332592487335205 6.23844063073301 1.9566622972488403 2.6279501914978027
3.1690566539764404 5.755247976131251 2.2949612140655518 3.7035887241363525
3.017467975616455 5.573253341989812 2.4852068424224854 4.423947334289551
5.0804057121276855 6.201636891826549 1.754014015197754 1.8225822448730469
2.8660342693328857 4.810081858130985 2.136718988418579 2.9305291175842285
4.305681228637695 7.155690939556109 2.527966022491455 4.2243218421936035
3.401276111602783 5.979184756074403 2.744499683380127 5.090106010437012
4.7981085777282715 5.697588748947055 1.8176648616790771 1.8849525451660156
4.534870147705078 7.845691993901937 2.185988187789917 2.955167293548584
2.7584331035614014 5.024780961036072 2.547725200653076 4.153694152832031
2.263899087905884 4.27645152182618 2.737161159515381 4.939505577087402
5.222848415374756 6.329755250739183 1.9377092123031616 2.0164318084716797
4.288522243499756 6.852413349058054 2.3750193119049072 3.2891509532928467
3.768378496170044 7.294857755683793 2.8064663410186768 4.76003360748291
2.7275757789611816 4.9840415751797735 3.030775785446167 5.732176780700684
6.059913158416748 7.496403388635011 2.1220386028289795 2.216750383377075
4.809921741485596 7.749022143892375 2.6622321605682373 3.794182777404785
4.391836166381836 7.3611415010946075 3.194265604019165 5.667576313018799
3.256171941757202 6.927569877668262 3.465151786804199 6.90204381942749
4.95089864730835 5.925959947402362 2.2289412021636963 2.298402786254883
3.7257308959960938 5.242209948318365 2.6228933334350586 3.6115968227386475
2.804858922958374 5.35015413206023 2.9932684898376465 5.04324197769165
2.7515127658843994 4.7613721962121005 3.1734249591827393 5.959414482116699
5.709258556365967 6.906281355442445 2.3750123977661133 2.465618133544922
4.213057041168213 7.246186588720661 2.877575635910034 4.093775272369385
3.5944504737854004 5.85546357866528 3.3544251918792725 5.926568031311035
2.913391351699829 5.718946211395972 3.5839202404022217 7.107069492340088
6.762813568115234 8.358497526684914 2.6051743030548096 2.7249770164489746
5.060911178588867 7.775088803662221 3.276533842086792 4.836206912994385
4.044831275939941 6.877925801501533 3.9095535278320312 7.278788089752197
3.6069836616516113 6.624376661244298 4.20565128326416 8.839252471923828
4.514678001403809 4.854831751522397 2.3860561847686768 2.650294780731201
2.93800950050354 4.921198485941915 3.2113215923309326 4.552223205566406
2.198479175567627 4.321555332445513 3.4278295040130615 5.91569185256958
1.7119983434677124 2.5397427856355677 3.552867889404297 6.864428520202637
4.946570873260498 5.5292597222986615 2.573916435241699 2.8927085399627686
4.883368015289307 7.309335179712832 3.5755484104156494 5.24976921081543
2.7415409088134766 5.993464563740417 3.8821394443511963 7.077417850494385
2.774681806564331 4.309703713316367 4.064807891845703 8.337642669677734
5.434356689453125 6.392890323948297 2.8653171062469482 3.258695602416992
5.434698581695557 8.126123491224462 4.114510536193848 6.307706356048584
4.457465648651123 6.138811585938015 4.590038776397705 8.864357948303223
3.7964320182800293 6.490028067653384 4.851607799530029 10.580910682678223
3.713993787765503 4.8268773601348585 1.5097696781158447 1.5614633560180664
2.223177909851074 5.17605539903748 1.784335970878601 2.3589789867401123
2.780409336090088 4.895339887271007 2.0486884117126465 3.2262463569641113
2.0350427627563477 3.9053448017022943 2.1954147815704346 3.8107059001922607
4.153135776519775 5.412893016673706 1.5887432098388672 1.645335078239441
3.431926965713501 6.8403466155044725 1.89918851852417 2.540823221206665
2.4580984115600586 5.005448503540833 2.1999237537384033 3.535402297973633
2.5761170387268066 5.195407719376128 2.365652084350586 4.215028762817383
4.889669418334961 6.229241751443297 1.7013165950775146 1.7652215957641602
3.987454652786255 7.360282411119151 2.06219482421875 2.8031725883483887
3.824854612350464 6.859880828012251 2.4131438732147217 3.982597827911377
3.5203990936279297 5.955697883802221 2.6042556762695312 4.797359943389893
4.321804046630859 5.569433603815241 1.6957215070724487 1.7551660537719727
3.3755929470062256 6.5948487882299105 2.0120372772216797 2.736032485961914
2.0363993644714355 4.295306753380302 2.3334898948669434 3.826799154281616
2.1873064041137695 4.534844884132326 2.5048398971557617 4.569437026977539
4.9173970222473145 6.277730571470784 1.80595862865448 1.8727015256881714
3.059037446975708 6.140170378790678 2.179912567138672 3.0150110721588135
3.224759817123413 6.417025357221462 2.5606513023376465 4.31866979598999
2.876356601715088 5.811854221693238 2.761963367462158 5.217474460601807
5.758299350738525 7.553350221842848 1.9665963649749756 2.0453500747680664
3.767284393310547 7.655938762967935 2.426422595977783 3.4326393604278564
4.053075313568115 7.121120433310693 2.89375638961792 5.0605316162109375
2.9355320930480957 5.7524911087730395 3.1381826400756836 6.192115783691406
4.580366134643555 5.923649694489313 1.906989336013794 1.9824004173278809
3.2740747928619385 6.669052210883024 2.211582660675049 3.08364200592041
3.595642566680908 6.060690024563769 2.580435276031494 4.3669352531433105
2.9862356185913086 5.793649161421627 2.7684972286224365 5.244207859039307
5.314154624938965 6.790961411277294 2.0433578491210938 2.125499963760376
3.337351083755493 6.546376147365491 2.4271695613861084 3.45697283744812
3.5481269359588623 6.874219548717846 2.878563165664673 5.038669109344482
2.9352824687957764 6.40529806683665 3.1071057319641113 6.131977558135986
6.36555290222168 8.31294695890881 2.245185613632202 2.3421435356140137
4.751764297485352 8.642514674696145 2.7533419132232666 4.032958984375
3.965343713760376 7.70427613166806 3.3286893367767334 6.084750652313232
3.8249776363372803 7.393660483236999 3.6181657314300537 7.509283542633057
3.3755099773406982 4.080492490889432 2.2314679622650146 2.6818692684173584
3.4497714042663574 6.105163450664307 2.388110399246216 3.3923301696777344
2.6946969032287598 5.339786777580912 2.769291400909424 4.790466785430908
2.8448245525360107 5.175242725684619 2.964038133621216 5.758420467376709
4.026872158050537 4.455990554468453 2.417290687561035 2.891275405883789
3.8590760231018066 8.074225613567705 2.6412925720214844 3.845505952835083
3.9431228637695312 7.4816845733147375 3.1234183311462402 5.608830451965332
3.399801254272461 7.020920978779479 3.366159677505493 6.839947700500488
4.6777729988098145 4.798893117474563 2.686868906021118 3.2168173789978027
4.362480163574219 8.462914361016374 3.0314583778381348 4.560888767242432
4.943640232086182 8.718966389240506 3.6682822704315186 6.910452842712402
3.0252928733825684 4.9595551580378014 3.985853672027588 8.550921440124512
3.9755759239196777 4.481316985925654 1.7816563844680786 1.837091088294983
3.2539427280426025 5.399207988564115 2.0432288646698 2.6239211559295654
2.82090163230896 4.487156284365824 2.302114486694336 3.5400469303131104
2.5993306636810303 4.364914373931162 2.440667152404785 4.165050983428955
4.361904621124268 5.172732220010403 1.8744617700576782 1.9341514110565186
4.128079891204834 5.448521270729486 2.184015989303589 2.8553924560546875
3.5791358947753906 6.306867572336159 2.4912269115448 3.9621150493621826
3.0136196613311768 5.034493494258207 2.6535935401916504 4.724844455718994
5.065187454223633 6.164024332897839 2.0033233165740967 2.070547342300415
3.8157238960266113 5.663731000057567 2.3786675930023193 3.178926467895508
4.254292011260986 7.147704939210899 2.752026081085205 4.545185089111328
2.705826759338379 5.2032300831642715 2.94612455368042 5.490316390991211
4.667494297027588 5.287686884320037 2.2332892417907715 2.3170719146728516
3.534332752227783 5.286450246729601 2.5838634967803955 3.424565315246582
2.3019933700561523 3.7529200150912017 2.8782553672790527 4.657158851623535
2.1944165229797363 4.190810621820511 3.007290840148926 5.455672740936279
5.186091899871826 6.099189009487873 2.3577260971069336 2.4523801803588867
4.060580730438232 5.763234525825046 2.8079535961151123 3.8279380798339844
3.1087112426757812 5.385321436340746 3.192645311355591 5.40824031829834
2.9728281497955322 5.605158741663018 3.359508752822876 6.438101768493652
6.052522659301758 7.273515778830927 2.5390472412109375 2.649827480316162
5.296417236328125 8.25023216960589 3.129023313522339 4.411028861999512
4.158064365386963 6.370292562677392 3.6375324726104736 6.481107711791992
2.678147315979004 4.884710426402762 3.8542227745056152 7.8250017166137695
4.848813056945801 5.506085771798288 2.727855682373047 2.830796241760254
3.0165905952453613 5.231925874612614 3.198941230773926 4.37999963760376
3.2961788177490234 5.655461206523796 3.4864401817321777 5.897456645965576
2.3855628967285156 4.0706253217328765 3.5741381645202637 6.808449745178223
5.703566074371338 6.676153515451915 2.8852686882019043 3.017834424972534
4.693610668182373 6.493352847694268 3.5154776573181152 5.004839897155762
4.018044948577881 6.347866658123412 3.9364805221557617 7.037445545196533
2.0644466876983643 2.4899842773343153 4.075558662414551 8.26739501953125
6.786916255950928 8.147779400081145 3.123643398284912 3.296765089035034
3.557694435119629 5.716982031228248 3.9865620136260986 5.9345269203186035
4.5130743980407715 6.632087101688114 4.593308925628662 8.709078788757324
3.5609166622161865 6.62031103358413 4.794975280761719 10.37243366241455
4.065787315368652 4.301530666510574 2.9923853874206543 3.2686686515808105
3.502220630645752 5.00193960157651 3.785353183746338 5.330714225769043
3.1596169471740723 5.235433390886001 4.0270562171936035 7.0485405921936035
2.204150438308716 3.8510312511180587 4.049289226531982 7.980618476867676
4.450104713439941 4.654629630010504 3.224088668823242 3.554379940032959
4.014379024505615 6.166233060137628 4.195768356323242 6.201447486877441
2.438600778579712 3.597142163631773 4.592577934265137 8.539678573608398
2.639324903488159 4.509328917623407 4.677286148071289 9.856023788452148
5.576544284820557 5.960035881644899 3.571530818939209 3.9784204959869385
4.8208088874816895 7.528380468544192 4.813610076904297 7.49952507019043
3.105872869491577 5.2919379502433515 5.438271522521973 10.764476776123047
3.6168079376220703 6.484946862355514 5.595309734344482 12.600013732910156
3.7683169841766357 4.4327004691906495 1.5804404020309448 1.633229374885559
3.5421812534332275 6.056542823202676 1.8474184274673462 2.4018523693084717
3.256089448928833 5.792285590014455 2.1060068607330322 3.260728120803833
2.350944757461548 4.65092012302634 2.251646041870117 3.8581058979034424
4.1879658699035645 5.136952880095597 1.6622506380081177 1.7198469638824463
3.189208984375 4.527945007928971 1.968563199043274 2.5990726947784424
3.0965495109558105 5.0747533552120245 2.2667431831359863 3.613982677459717
3.222059726715088 6.371441747833501 2.4329676628112793 4.325868129730225
4.94132137298584 6.101604550520061 1.7787748575210571 1.8433072566986084
4.790035247802734 7.118583445437409 2.1393024921417236 2.8765311241149902
3.723252296447754 6.554685001954567 2.490156412124634 4.102413177490234
3.318955898284912 6.62327285219683 2.682166576385498 4.965863227844238
4.246313095092773 5.083427215872902 1.9043102264404297 1.9826992750167847
3.355227470397949 5.500118299298014 2.218959093093872 2.9541947841644287
2.440448045730591 4.4738673357369905 2.4925708770751953 4.029214382171631
2.386436939239502 5.353137469545769 2.633727788925171 4.762950420379639
4.903135776519775 5.98255387800792 2.016580104827881 2.1012542247772217
2.914728879928589 5.922159860501949 2.405385732650757 3.2767722606658936
3.0667502880096436 3.955573244197126 2.748279333114624 4.622559547424316
2.945725440979004 5.3267062139526615 2.921015739440918 5.5404276847839355
5.810610771179199 7.223298106630239 2.181539297103882 2.2775683403015137
5.034030437469482 8.297151243756502 2.677042007446289 3.747126340866089
4.236514091491699 6.838592243833396 3.1164743900299072 5.477162837982178
3.26542067527771 6.376713467054913 3.3304035663604736 6.651697635650635
4.460921764373779 5.3892385771213185 2.3690268993377686 2.5361104011535645
4.250565052032471 7.018337975801871 2.6721596717834473 3.663485527038574
3.2597384452819824 6.127186919520682 2.893510580062866 4.8516693115234375
2.9286675453186035 5.1834211984514695 2.998638391494751 5.658300399780273
5.269214630126953 6.4148172511913515 2.5073490142822266 2.6773366928100586
4.42213773727417 7.553294938936347 2.9278790950775146 4.130941867828369
3.232224702835083 5.771058620515078 3.2479422092437744 5.714933395385742
1.9864091873168945 3.820103107575619 3.3936054706573486 6.769170761108398
6.334939479827881 7.929996309444036 2.7147364616394043 2.8982949256896973
4.677136421203613 7.092960952483509 3.3110363483428955 4.8359293937683105
4.666971683502197 8.108439784853033 3.7739174365997314 6.994304656982422
3.1504971981048584 6.737113061127138 3.9734771251678467 8.402267456054688
3.8957936763763428 4.3319436809817 2.531928539276123 2.8827333450317383
3.819504976272583 6.383195495411201 3.290226697921753 4.730229377746582
2.5628862380981445 5.179433355751257 3.2618002891540527 5.6386260986328125
2.6361255645751953 4.884361736509417 3.299501895904541 6.415160179138184
4.147872447967529 4.554163817854146 2.720913887023926 3.1021008491516113
3.431697130203247 5.9363356302341685 3.6267898082733154 5.423396110534668
3.673952102661133 5.895040863137922 3.7035958766937256 6.753223896026611
2.434279203414917 4.921586613678983 3.784520149230957 7.817991733551025
4.0278449058532715 4.124358326652754 3.0028738975524902 3.439797878265381
5.605365753173828 9.415567022560595 4.1320414543151855 6.443478107452393
4.5219807624816895 7.488223030162999 4.372612953186035 8.439122200012207
4.222156524658203 6.957082993826134 4.511895656585693 9.916428565979004
4.140784740447998 4.557539096588698 1.7775224447250366 1.8167368173599243
3.3939578533172607 5.443685111713194 2.0459184646606445 2.6162071228027344
2.5710437297821045 4.1562266803340435 2.3267714977264404 3.5657882690429688
2.9461748600006104 5.184043552909401 2.4886744022369385 4.2340240478515625
4.496725082397461 5.25068803269869 1.86331045627594 1.9118417501449585
4.437603950500488 6.329361703242782 2.180298089981079 2.830289602279663
3.30963397026062 5.5040786780703 2.5129716396331787 3.9524481296539307
3.188913583755493 5.588654003154261 2.7040605545043945 4.752594470977783
5.1596808433532715 6.241463960362239 1.98530912399292 2.045567274093628
4.748377323150635 7.77691123517161 2.366349220275879 3.135382652282715
4.347598552703857 6.428282928453953 2.7675654888153076 4.494656562805176
3.2477669715881348 5.448770069490486 2.9968621730804443 5.4713454246521
4.908111572265625 5.484901324046998 2.2524731159210205 2.2875723838806152
4.1600236892700195 6.178406930090432 2.6173551082611084 3.418668508529663
3.501570701599121 5.414271377015723 2.948647975921631 4.713510513305664
2.3166675567626953 3.989354479751665 3.113279342651367 5.5928449630737305
5.378911972045898 6.295779398719333 2.3682570457458496 2.421525716781616
4.315261363983154 6.4692411345349115 2.826205253601074 3.7834599018096924
2.8505971431732178 4.399094696923157 3.247810125350952 5.3954901695251465
3.166454792022705 5.324357842387556 3.4602129459381104 6.501989841461182
6.191994667053223 7.41750946954744 2.539027214050293 2.615515947341919
4.599703311920166 7.069135259750368 3.1238605976104736 4.316559791564941
4.679731369018555 8.114932184454297 3.6697075366973877 6.377503871917725
3.9243416786193848 6.672131861695 3.9475300312042236 7.7974090576171875
5.14892578125 5.7839734222866355 2.7470650672912598 2.835796594619751
4.015093803405762 6.19362995451997 3.269829750061035 4.394532680511475
1.4294551610946655 1.9475723070214315 3.6302201747894287 6.021749019622803
3.2020578384399414 4.435380748710941 3.767122507095337 7.063136100769043
5.947853088378906 6.947567700923598 2.906733512878418 3.0158326625823975
3.86177659034729 5.0754611311422195 3.5795202255249023 4.966440677642822
4.067873477935791 6.491101260132424 4.062699317932129 7.072113513946533
2.7569491863250732 4.849527101269764 4.258662223815918 8.426580429077148
6.977545738220215 8.342767285071641 3.144773483276367 3.285130500793457
5.573683261871338 8.478412482719762 4.02616548538208 5.8194427490234375
4.833749771118164 7.737259518973417 4.680492877960205 8.609938621520996
4.241393566131592 7.47610395380795 4.961045742034912 10.400286674499512
4.266839504241943 4.5153705309217 3.035947799682617 3.2700212001800537
3.7468371391296387 5.558378154998763 3.8163959980010986 5.380436420440674
3.085285186767578 4.397561859481186 4.233511447906494 7.243417739868164
2.4419023990631104 4.1746670480096455 4.330728530883789 8.366872787475586
4.985703468322754 5.412087266425715 3.275230884552002 3.5607497692108154
3.256906032562256 5.059991497678794 4.23490571975708 6.169565677642822
3.8380701541900635 6.585608974742804 4.79776668548584 8.661524772644043
2.7418761253356934 5.003614830410541 4.954703330993652 10.15023136138916
4.9636335372924805 5.656742514494294 3.6257643699645996 4.0096611976623535
4.841475486755371 7.924292736860963 4.8505940437316895 7.382900714874268
3.8288512229919434 6.080249470954996 5.607827663421631 10.75775146484375
3.909554958343506 5.994792841194339 5.85125732421875 12.753623962402344
3.997157573699951 4.458094914398316 1.4872466325759888 1.5259119272232056
3.810579299926758 6.128739167013102 1.7201032638549805 2.1985316276550293
3.002429723739624 4.705032899582079 1.9833773374557495 3.0567758083343506
2.9528274536132812 5.130064879121392 2.1482255458831787 3.6850650310516357
4.360617637634277 5.136926485640683 1.5626131296157837 1.6055840253829956
3.9297103881835938 5.272564157647622 1.8259557485580444 2.3630130290985107
3.8615636825561523 6.476770713211408 2.1244683265686035 3.344266891479492
2.8555073738098145 4.339171138273464 2.310652017593384 4.066929340362549
5.057987689971924 6.163785907979218 1.6714894771575928 1.7204537391662598
4.105621814727783 6.365691311523985 1.9770504236221313 2.599602222442627
4.1384382247924805 6.50296182377258 2.323770046234131 3.7562785148620605
3.3393280506134033 5.85064291919584 2.538111448287964 4.610413074493408
4.5601420402526855 5.1614260902210845 1.7122989892959595 1.749939203262329
4.18889045715332 6.857410073630763 2.0044147968292236 2.6034514904022217
2.477571487426758 3.6548870826921043 2.3253014087677 3.717771291732788
2.8481764793395996 4.148154176854803 2.514456033706665 4.52987003326416
5.122727394104004 6.108381830689268 1.8183999061584473 1.864458441734314
4.691511154174805 6.910690956231832 2.1641900539398193 2.865858793258667
3.5063376426696777 6.928759501751301 2.5472769737243652 4.1993536949157715
2.4538767337799072 4.222966943160131 2.772268533706665 5.176844596862793
5.958789348602295 7.2702710639833015 1.9772698879241943 2.034562826156616
5.857640743255615 7.6059138884412505 2.4018142223358154 3.2592644691467285
4.263792991638184 8.245714072043938 2.873551368713379 4.919193744659424
3.8043978214263916 6.7558435664685845 3.147554874420166 6.135631561279297
4.755451679229736 5.460624267543096 2.048123359680176 2.036515474319458
4.614651679992676 7.695358367503559 2.3526971340179443 3.0617423057556152
3.0732533931732178 5.2274602522276155 2.685117244720459 4.412916660308838
2.6127586364746094 4.920770488534686 2.874488115310669 5.379166126251221
5.57175350189209 6.648308122856111 2.1742966175079346 2.179912567138672
4.50861930847168 7.850480781005899 2.564051866531372 3.4348995685577393
2.5847792625427246 4.54170662716669 2.991168975830078 5.1141276359558105
2.5694990158081055 4.955764393411101 3.2308852672576904 6.316861152648926
6.623655319213867 8.167096297880857 2.373006582260132 2.4010212421417236
5.5871806144714355 9.152692250496557 2.892113208770752 4.012619495391846
3.684417486190796 7.237329794413213 3.4557812213897705 6.192329406738281
4.1381916999816895 6.078893405215695 3.7641584873199463 7.743941307067871
3.6543283462524414 4.0745501229375805 2.18994402885437 2.432265520095825
2.864936113357544 4.384539568181481 2.97208309173584 3.8433587551116943
3.262876033782959 4.928002567761439 3.0300769805908203 5.076638698577881
3.6178441047668457 5.876722975243155 3.180136203765869 6.113283157348633
4.340761661529541 4.7112219422366195 2.355811595916748 2.6310598850250244
3.714672088623047 5.423786430781121 3.2394254207611084 4.344921112060547
3.5149295330047607 6.992109081151966 3.409393548965454 5.989820957183838
3.8271071910858154 6.278376367082501 3.621126651763916 7.311616897583008
5.430239200592041 6.190643181081171 2.613239288330078 2.938298463821411
5.301242351531982 8.104518911731247 3.6608362197875977 5.150329113006592
4.638435363769531 7.585258047996007 4.000611305236816 7.416699409484863
3.7971293926239014 6.308182273498167 4.2937703132629395 9.164462089538574
3.8603596687316895 4.849438357650342 1.5019865036010742 1.548460602760315
3.895779848098755 6.116243477753926 1.7710541486740112 2.309144973754883
2.7017107009887695 4.949867944498351 2.059924602508545 3.200737714767456
2.378157377243042 5.049038689840508 2.238842248916626 3.8325979709625244
4.178391933441162 5.307027880485027 1.575064778327942 1.6262540817260742
3.494507312774658 6.690377900860312 1.8786695003509521 2.4847967624664307
3.717005491256714 6.929078948489746 2.2071046829223633 3.5170702934265137
1.5186588764190674 2.594297907080147 2.410280227661133 4.259134769439697
4.903067111968994 6.171097621158367 1.6801692247390747 1.7382705211639404
4.296085357666016 6.8586209672489815 2.0309441089630127 2.7332441806793213
4.3023457527160645 8.333651113428292 2.414048671722412 3.9571521282196045
3.555436134338379 6.761114570829374 2.6510837078094482 4.8476667404174805
4.428379058837891 5.573291039168794 1.7717931270599365 1.8258419036865234
3.9800736904144287 6.924434038497708 2.108150005340576 2.804328680038452
3.460858106613159 7.1355742760509795 2.459223508834839 3.9655134677886963
3.087053060531616 6.138751198975342 2.668919563293457 4.788569450378418
4.995359897613525 6.266618578241776 1.8717703819274902 1.9338449239730835
4.4714674949646 7.658140928717728 2.26894474029541 3.082900047302246
3.2688066959381104 6.013173264391028 2.6891112327575684 4.490903377532959
3.4128034114837646 6.9074199021195355 2.9405009746551514 5.504339694976807
5.787512302398682 7.474732227689614 2.0207061767578125 2.0949814319610596
5.185490131378174 7.001968188712453 2.5043323040008545 3.490414619445801
4.039420127868652 7.39696779684391 3.0237574577331543 5.249035358428955
4.151988983154297 6.712383282150853 3.33520245552063 6.529947757720947
4.594371795654297 5.787951406360435 2.20833420753479 2.2259223461151123
3.5794785022735596 6.5426004374953095 2.548374891281128 3.4343695640563965
3.7946619987487793 7.141259911765104 2.908304214477539 4.826562404632568
2.1218090057373047 4.630342180263142 3.121046304702759 5.802784442901611
5.33803129196167 6.696593550321268 2.3184564113616943 2.3666188716888428
4.858570098876953 8.4100816856498 2.7608633041381836 3.8373868465423584
4.309389114379883 8.117403093448011 3.225257396697998 5.592310428619385
3.1130220890045166 6.278187409761301 3.4967310428619385 6.838749408721924
6.382196426391602 8.23929982309517 2.4968984127044678 2.574902057647705
5.061153888702393 9.061845689142448 3.0838799476623535 4.435136318206787
3.8743391036987305 6.979315541931868 3.697660207748413 6.718634605407715
4.6871514320373535 7.768918892004876 4.0551018714904785 8.353900909423828
3.903028726577759 4.178519913623561 2.305840492248535 2.520030975341797
3.2782461643218994 5.756660996676146 3.311624765396118 4.4668869972229
2.8820323944091797 4.968075928837259 3.376923084259033 5.714488506317139
2.3543550968170166 4.248960710033543 3.5351786613464355 6.737002372741699
4.223809242248535 5.008729795757432 2.4608712196350098 2.7144076824188232
3.4995315074920654 5.675027357952864 3.5935003757476807 5.0691633224487305
3.710524797439575 7.170650135641839 3.775076389312744 6.734185695648193
3.4254772663116455 5.797242851109046 4.003087997436523 8.074066162109375
5.108706951141357 5.848902852360993 2.701937675476074 3.007953405380249
4.716781139373779 8.463334287915131 4.023288726806641 5.951725482940674
4.272380828857422 6.451148251326799 4.376748561859131 8.238469123840332
3.7034976482391357 5.624984964929686 4.706514358520508 10.043050765991211
3.9939181804656982 4.479340468497298 1.7282363176345825 1.7861946821212769
3.1094350814819336 5.484789689448007 2.0232951641082764 2.6120097637176514
2.645559310913086 4.724057005042539 2.313575267791748 3.590665578842163
2.5682342052459717 4.600886468310307 2.4769256114959717 4.285338878631592
4.408827781677246 5.242181367460745 1.8210234642028809 1.886877417564392
3.957956552505493 5.571520469546556 2.1626594066619873 2.8532156944274902
3.4366893768310547 5.940555528037237 2.506032943725586 4.026820182800293
2.2075254917144775 4.026561585498257 2.6991991996765137 4.8575215339660645
5.10228157043457 6.25253211273148 1.9533820152282715 2.029110908508301
4.681679725646973 7.111338386216175 2.361752510070801 3.192002534866333
3.6273655891418457 6.498511878023919 2.778392791748047 4.640793323516846
3.7103328704833984 6.333356396316233 3.0108325481414795 5.66326904296875
4.606115818023682 5.269922277683463 2.1439273357391357 2.22270131111145
4.102128028869629 6.4528190998262644 2.525132417678833 3.346338987350464
2.464421272277832 4.766459903912582 2.87251877784729 4.66630220413208
2.6210029125213623 4.357388600074955 3.048917055130005 5.579494476318359
5.110497951507568 6.134964695444978 2.268554449081421 2.3632471561431885
4.245879650115967 7.330396882863624 2.742478370666504 3.752405881881714
3.1928470134735107 5.404785189034669 3.188164472579956 5.429961204528809
3.1883227825164795 6.133067174323969 3.4148988723754883 6.581831455230713
5.979312896728516 7.375237373759118 2.454617738723755 2.5690531730651855
4.3120551109313965 6.794829299527578 3.0644750595092773 4.344194412231445
3.510547399520874 5.8164590306307815 3.649118423461914 6.545942306518555
3.8140788078308105 5.6602829543717235 3.943955183029175 8.04719352722168
4.772878170013428 5.537262631939839 2.6877760887145996 2.7807023525238037
3.89750337600708 6.130303122039038 3.1281352043151855 4.240773677825928
2.725086212158203 4.287630110969587 3.4735236167907715 5.859866619110107
2.5023951530456543 4.442987047693805 3.629932165145874 6.945901393890381
5.5105695724487305 6.610606673209748 2.8383889198303223 2.961078643798828
4.7562031745910645 6.553340176689289 3.4347259998321533 4.8592329025268555
3.289740562438965 5.875318573486538 3.927309513092041 7.022403717041016
3.2791638374328613 5.9039140743379335 4.152980327606201 8.445857048034668
6.445858478546143 8.044856616435037 3.0744550228118896 3.234405517578125
5.468082904815674 7.504685930004374 3.900561571121216 5.783928394317627
4.177230358123779 7.03397505834721 4.604644775390625 8.752873420715332
4.010627746582031 5.846884437290555 4.92367696762085 10.676973342895508
4.083296298980713 4.330070767110328 2.8423056602478027 3.1345300674438477
2.861206293106079 4.176221177804791 3.7922301292419434 5.289085388183594
2.409736156463623 4.238724083248975 4.026818752288818 6.974710941314697
2.355435371398926 4.74137956796767 4.126684188842773 8.141650199890137
4.18022346496582 4.604507366717165 3.0531201362609863 3.395622968673706
4.358447074890137 6.530823831064378 4.206158638000488 6.156271934509277
3.5580995082855225 4.725318890182024 4.609207630157471 8.532002449035645
3.2619192600250244 4.3489985205577 4.79028844833374 10.10528564453125
5.6431121826171875 6.452968861367538 3.3786580562591553 3.793283700942993
4.984673500061035 7.799113578743231 4.833430767059326 7.466239929199219
4.5107502937316895 7.940294857390498 5.488155841827393 10.869291305541992
4.35040283203125 6.707780523754735 5.777695178985596 13.041112899780273
3.780508518218994 4.248553430046741 1.5201537609100342 1.5612932443618774
3.241243362426758 5.3260343067899925 1.7564603090286255 2.244063138961792
2.777975559234619 4.750284979241428 2.022034168243408 3.0928773880004883
2.2829172611236572 3.7559360148434937 2.1725881099700928 3.6755402088165283
4.262445449829102 5.039049290758186 1.6030230522155762 1.6486399173736572
3.781257390975952 5.88076225891372 1.8737913370132446 2.4286837577819824
2.6281769275665283 3.921092239635307 2.1798315048217773 3.422725200653076
2.8819706439971924 4.755164507405993 2.3508760929107666 4.1066365242004395
5.052465438842773 6.203786397975165 1.723246693611145 1.7749921083450317
4.749911308288574 7.280548435465533 2.0417187213897705 2.693030834197998
4.235163688659668 6.501050617902024 2.4022083282470703 3.8935060501098633
3.9454104900360107 6.524414702363174 2.5990588665008545 4.721638202667236
4.539968967437744 5.169349557679396 1.7705186605453491 1.8192397356033325
4.3133087158203125 6.927674966820177 2.0710723400115967 2.703204870223999
3.0680336952209473 5.4380024128780065 2.394502639770508 3.8058812618255615
2.84248948097229 4.809772348069487 2.5599544048309326 4.544948101043701
5.083663463592529 6.054447535465325 1.889242172241211 1.945335030555725
4.645545959472656 7.50117155204569 2.250037908554077 2.9987611770629883
3.1323719024658203 5.486868703708296 2.643822431564331 4.359622478485107
2.931411027908325 5.860094730008086 2.843230962753296 5.274540901184082
6.019493579864502 7.489942304891088 2.065746545791626 2.132723331451416
4.1847968101501465 6.869691062660138 2.5150351524353027 3.4389047622680664
4.559170246124268 7.879000933915677 3.009216547012329 5.183248996734619
3.0664255619049072 3.9847901445343723 3.2545266151428223 6.361914157867432
4.746860504150391 5.4910809095390505 2.1121339797973633 2.1700899600982666
4.103123664855957 5.710044573719941 2.446396589279175 3.253995656967163
2.984825849533081 4.5127139500441125 2.788037061691284 4.568813323974609
2.8442206382751465 4.902872964669871 2.9445998668670654 5.425835132598877
5.700320720672607 6.765220329641369 2.2650599479675293 2.3314123153686523
4.4703264236450195 6.8332888125210545 2.689194440841675 3.672748565673828
3.2201809883117676 5.568675947512799 3.1336569786071777 5.371232509613037
2.7023799419403076 5.508151801392046 3.337019681930542 6.4798264503479
6.9087324142456055 8.656348042647096 2.492704153060913 2.5745043754577637
5.515153884887695 8.734029956216744 3.056412935256958 4.312941551208496
4.106855392456055 6.659787780695318 3.652038812637329 6.5934624671936035
3.44110369682312 6.607873586958208 3.9212594032287598 8.091216087341309
3.7688825130462646 4.084534326826429 2.1515262126922607 2.4708642959594727
3.988424301147461 5.918138609004501 2.950533390045166 4.083305358886719
2.159238338470459 3.990050813400371 3.1555864810943604 5.294531345367432
2.104721784591675 4.121074587088472 3.2725980281829834 6.1885247230529785
3.554471492767334 3.758133014575378 2.33323073387146 2.690159320831299
5.154156684875488 7.22003024459441 3.26826810836792 4.654944896697998
3.928828716278076 6.965918344682336 3.5897326469421387 6.3329596519470215
2.453341007232666 3.867879527560424 3.760139226913452 7.531126499176025
5.098925590515137 5.912856129833472 2.617943286895752 3.0306880474090576
5.740652561187744 8.179936058605959 3.7393810749053955 5.5211944580078125
4.8086981773376465 7.262547597187975 4.247384548187256 7.929808139801025
4.123186111450195 6.821538211829676 4.494664192199707 9.607977867126465
3.8751699924468994 4.456842119225598 1.5500885248184204 1.593808889389038
2.545595645904541 4.161906519578224 1.7915570735931396 2.313082695007324
2.5215771198272705 5.483482256142395 2.062757968902588 3.226499080657959
2.345763683319092 5.365216598029079 2.2307605743408203 3.856029510498047
4.427428245544434 5.3058950582025215 1.6405048370361328 1.688459873199463
3.3786814212799072 5.348687642447516 1.917066216468811 2.5087382793426514
3.1194193363189697 4.8846601094197695 2.225618600845337 3.5689072608947754
3.2986857891082764 5.930096055110777 2.414168119430542 4.3079328536987305
5.131163120269775 6.268848839717066 1.7732843160629272 1.8275507688522339
4.792766571044922 7.471066223830803 2.1013617515563965 2.794954538345337
2.738269567489624 5.800595262598449 2.462124824523926 4.062869548797607
3.6675448417663574 6.629603033764923 2.6771202087402344 4.954164981842041
4.542856693267822 5.32360403952994 1.7920613288879395 1.8507763147354126
3.7865190505981445 6.290619881182389 2.063575506210327 2.728436231613159
2.6516451835632324 5.512243188073057 2.3834033012390137 3.9063217639923096
2.2744696140289307 4.727740686232034 2.588024139404297 4.719760417938232
5.130229473114014 6.17206141498786 1.922654628753662 1.9882229566574097
4.559277534484863 6.906291470881797 2.256166458129883 3.043912172317505
3.0039994716644287 5.726089450377273 2.636470317840576 4.472723960876465
1.8342665433883667 3.3786786399532254 2.8751988410949707 5.471982479095459
6.002740859985352 7.330116126988287 2.120086431503296 2.196906566619873
5.126235485076904 7.980727789615758 2.5502705574035645 3.52726674079895
3.037309169769287 5.751875211836051 3.021209478378296 5.329958438873291
3.6056878566741943 6.244094076835665 3.305447816848755 6.598910808563232
4.749911785125732 5.653495497011022 2.0982210636138916 2.1962549686431885
3.979992628097534 6.799830585448573 2.3401122093200684 3.1537115573883057
2.0056092739105225 4.973049978275775 2.6721556186676025 4.549910068511963
2.5532171726226807 5.282839190404634 2.9087021350860596 5.527563095092773
5.6066575050354 6.767124971050862 2.263965606689453 2.369346857070923
4.003506183624268 7.090164355531719 2.598947763442993 3.5956990718841553
3.7230618000030518 6.5089655979363386 3.0122299194335938 5.347021102905273
2.3112452030181885 4.133912023747598 3.2965099811553955 6.587475776672363
6.666918754577637 8.284637942597172 2.518831253051758 2.640385866165161
5.480433464050293 9.04822139436078 3.006284475326538 4.297411918640137
4.609194278717041 7.820614923104282 3.547646999359131 6.594789505004883
2.8688716888427734 5.065175330891577 3.8967134952545166 8.22417163848877
3.2499256134033203 3.980182161510129 2.3498647212982178 2.639273166656494
4.546644687652588 6.837855604385609 2.664768695831299 3.6726346015930176
2.9550182819366455 5.31555775980239 2.9027352333068848 5.078192234039307
2.5155534744262695 4.761125470937657 3.1575706005096436 6.171339988708496
4.425540924072266 4.940809807709684 2.552091598510742 2.889878034591675
4.464686870574951 6.982663798397198 2.987260103225708 4.244884967803955
3.4480721950531006 6.5998858800901985 3.3120617866516113 6.0736565589904785
2.73766827583313 4.627259640179048 3.6255903244018555 7.486917018890381
5.798468589782715 6.809312664955613 2.8737597465515137 3.2846567630767822
4.826421737670898 7.510287158038182 3.49208927154541 5.159097671508789
4.738439083099365 7.459477357626724 3.972588062286377 7.661309719085693
3.593224048614502 6.620129662614488 4.365565776824951 9.554039001464844
4.153830051422119 4.760677058374597 1.5240777730941772 1.5678422451019287
3.5590593814849854 5.777000305535523 1.7683838605880737 2.2801907062530518
3.4727888107299805 6.489670286231103 2.033766984939575 3.1500983238220215
2.079685926437378 3.728885104668267 2.1964385509490967 3.7330541610717773
4.496623992919922 5.417502486161425 1.605936050415039 1.6547547578811646
4.579831123352051 6.024706742025842 1.8803834915161133 2.464083194732666
3.570255994796753 6.123614297077026 2.1771771907806396 3.468979835510254
2.796461582183838 5.5277965835857685 2.3568480014801025 4.148657321929932
5.175752639770508 6.390105707124037 1.7255717515945435 1.7810907363891602
3.9684512615203857 6.720051706511185 2.044774055480957 2.7264089584350586
3.840785264968872 6.584621950278461 2.3864612579345703 3.9203338623046875
3.595635414123535 5.631473644955804 2.5886917114257812 4.733139991760254
4.817835807800293 5.640827492001563 1.7650665044784546 1.8173482418060303
4.681264400482178 7.229565173267588 2.0495526790618896 2.696366548538208
2.512284278869629 4.328751080491884 2.3482706546783447 3.782710313796997
2.535996913909912 4.607289469735406 2.5279617309570312 4.509792804718018
5.384472846984863 6.477006144828827 1.8793590068817139 1.9421414136886597
5.083025932312012 7.7554620811413315 2.2199974060058594 2.989459991455078
3.4666476249694824 4.863409421814554 2.5734474658966064 4.302778244018555
2.7125627994537354 4.532876060936246 2.77954363822937 5.187037944793701
6.198821544647217 7.580994445501801 2.0537822246551514 2.1293368339538574
4.569563865661621 7.419429059249694 2.4790239334106445 3.4238710403442383
3.3684446811676025 5.0976548776031905 2.9123480319976807 5.072922229766846
3.586153268814087 6.907112034147748 3.1544792652130127 6.184942245483398
5.043338298797607 5.999630985974306 2.127800464630127 2.1740853786468506
4.745037078857422 7.478920188633538 2.3741836547851562 3.1602389812469482
2.8965365886688232 5.3017297028648045 2.652904510498047 4.407480239868164
2.6143343448638916 4.706656346154972 2.829373598098755 5.24174690246582
5.853507995605469 7.07457991377737 2.2604572772979736 2.3220343589782715
4.960829257965088 7.570049562263932 2.598236083984375 3.568556785583496
3.965446949005127 7.209687003835814 2.9582786560058594 5.1403679847717285
2.986234426498413 5.731821459851801 3.1703004837036133 6.188203811645508
6.921982288360596 8.610224776997983 2.475611925125122 2.5592708587646484
4.264859676361084 6.798450176266314 2.951859951019287 4.193911075592041
4.3376569747924805 7.189167204932033 3.431325912475586 6.260566711425781
2.748819351196289 5.138018645086973 3.6915862560272217 7.628382682800293
3.164881706237793 3.4430741384085195 2.1733949184417725 2.440885543823242
3.9662656784057617 6.842146899213176 2.8618507385253906 3.9178624153137207
2.4664883613586426 4.51549021965954 2.923440933227539 4.964451789855957
3.2445974349975586 5.0435323821690154 3.0701866149902344 5.837728977203369
4.174625873565674 4.8259369594308055 2.3500547409057617 2.6565632820129395
4.812472343444824 6.596902138605401 3.142721176147461 4.456042289733887
2.5830392837524414 4.711652409667877 3.2968709468841553 5.890232086181641
2.8560116291046143 5.416404205439903 3.4843668937683105 7.012915134429932
4.963299751281738 5.349286144009511 2.6273536682128906 2.991175413131714
5.548780918121338 8.201159020370877 3.591446876525879 5.287050724029541
4.201457500457764 5.604521141036912 3.8854799270629883 7.331060886383057
2.8529162406921387 5.6870725561716995 4.128429412841797 8.834853172302246
4.29551362991333 5.35296350287598 1.7028008699417114 1.7838143110275269
3.4626522064208984 6.0104547103785535 2.032835006713867 2.7497873306274414
2.9859087467193604 5.571839938808758 2.268792152404785 3.6582977771759033
2.4115970134735107 4.92351031493668 2.3807148933410645 4.249517440795898
4.558348655700684 5.723042262571759 1.7884560823440552 1.8803677558898926
3.732998847961426 5.769799112506693 2.1685562133789062 2.99245285987854
3.5105326175689697 6.406054541500339 2.442902088165283 4.058740615844727
3.5205225944519043 6.271114801503359 2.569281578063965 4.7508063316345215
5.160432815551758 7.0062679062330755 1.9098048210144043 2.016014337539673
4.896799087524414 8.343161345616522 2.35874080657959 3.331717014312744
4.24722146987915 6.712088714640824 2.685457706451416 4.618368148803711
3.7101285457611084 6.475973518449109 2.8306496143341064 5.44995641708374
4.9888834953308105 6.15469964391923 2.112558364868164 2.2222135066986084
4.46980619430542 7.183285914509806 2.5138823986053467 3.478637456893921
2.5423026084899902 4.707264482510425 2.7509665489196777 4.6203203201293945
2.366123914718628 4.058911772300014 2.839480400085449 5.340349197387695
5.400112152099609 6.7325391421609595 2.2265994548797607 2.3561925888061523
4.46663236618042 7.103429900712836 2.72310471534729 3.8791561126708984
3.802901029586792 6.272769987815611 3.0315167903900146 5.303609848022461
3.0683505535125732 4.8596254824472 3.1445865631103516 6.194170951843262
6.157542705535889 8.084180580192385 2.3945887088775635 2.5505154132843018
4.510283946990967 7.478278022121543 3.02620530128479 4.458298683166504
4.2232818603515625 6.490490563084265 3.434086561203003 6.289056777954102
2.573026418685913 4.7521825920693175 3.579566240310669 7.42138147354126
5.187827110290527 6.4483856686129 2.6559231281280518 2.8018431663513184
4.300352573394775 7.199592585326094 3.090463399887085 4.371236324310303
4.121240139007568 6.836155033879942 3.2615017890930176 5.661738872528076
2.7626466751098633 4.013514446990386 3.290755033493042 6.442388534545898
5.864907741546631 7.330650535774627 2.7966465950012207 2.978498935699463
4.111426830291748 7.027561038489239 3.3855230808258057 4.978359699249268
3.5720179080963135 5.959980842379319 3.6568706035614014 6.674820423126221
3.200618028640747 5.3194351803053905 3.7184083461761475 7.690429210662842
6.7911882400512695 8.756348340071881 3.0137908458709717 3.2436420917510986
5.264944553375244 7.695916116033165 3.8213250637054443 5.867951393127441
3.174779176712036 4.641276691952738 4.238792896270752 8.16987133026123
3.5465149879455566 6.078938503829403 4.3422722816467285 9.521425247192383
3.8926002979278564 4.415034975440406 2.8972256183624268 3.303490161895752
3.146841526031494 4.911206344866514 3.761383295059204 5.450679302215576
3.1462156772613525 5.399486888506544 3.730801820755005 6.632981300354004
2.191701650619507 3.947539623601415 3.669902801513672 7.381784439086914
4.752349376678467 5.390907331245002 3.1018776893615723 3.578090190887451
4.244750499725342 7.098682998383143 4.148434638977051 6.309794902801514
3.3551907539367676 5.601779193442134 4.233457088470459 7.968222141265869
2.6624224185943604 4.345408736509171 4.204753875732422 8.988607406616211
5.721163272857666 6.291930027481413 3.40859055519104 3.986272096633911
5.237719535827637 9.033047588823592 4.7325310707092285 7.587825775146484
3.5883827209472656 5.628207405792402 4.983108997344971 9.959714889526367
3.5250871181488037 5.451956236598562 4.9970269203186035 11.37389850616455
4.224630832672119 4.833817839509564 1.5627554655075073 1.6104577779769897
3.973308801651001 6.810092232293641 1.8247973918914795 2.3396847248077393
3.3072028160095215 5.043445766514026 2.0847325325012207 3.217231035232544
3.0213866233825684 5.227124989110962 2.2376277446746826 3.8475453853607178
4.521300792694092 5.39333517562185 1.6445591449737549 1.6981836557388306
3.864609956741333 6.737258028376779 1.9407234191894531 2.532993793487549
3.1290032863616943 5.754245998920798 2.238309144973755 3.557554244995117
3.0501134395599365 5.733259570844325 2.4114959239959717 4.293588638305664
5.0747456550598145 6.304114655901907 1.761946678161621 1.823248267173767
4.798950672149658 8.222017852269573 2.107142686843872 2.802172899246216
4.034704208374023 7.131427103241492 2.4570841789245605 4.029040336608887
3.239405393600464 5.2867838210022455 2.65737247467041 4.9114789962768555
4.897243022918701 5.677246500504907 1.8629635572433472 1.9322750568389893
4.469940185546875 5.642475382152043 2.1813392639160156 2.850616216659546
3.242985486984253 5.790871591153248 2.4729812145233154 3.9499423503875732
2.2035884857177734 3.756823277622175 2.6269376277923584 4.732625961303711
5.3181891441345215 6.416747139071852 1.9790266752243042 2.054239511489868
4.69985294342041 7.176723245541579 2.3605220317840576 3.159034013748169
2.5092029571533203 4.846809283272762 2.7177278995513916 4.517025947570801
3.006866931915283 4.565253830631718 2.9034087657928467 5.476047992706299
5.915924549102783 7.471870127444163 2.1483967304229736 2.2348108291625977
4.887828350067139 8.063124517466324 2.624213457107544 3.6090898513793945
4.825650691986084 7.517120463962055 3.077173948287964 5.3421711921691895
2.6203763484954834 5.218577151395735 3.3073954582214355 6.555158615112305
5.089132308959961 5.966895998694099 2.284977912902832 2.4138102531433105
4.028417587280273 5.85397505126457 2.611204147338867 3.4933249950408936
3.5290863513946533 5.133656428165068 2.8859920501708984 4.735283374786377
2.3444738388061523 4.428803423124805 3.010373830795288 5.616230487823486
5.7143874168396 6.884065128734839 2.4260964393615723 2.569767475128174
5.185791492462158 7.426133138223122 2.8615639209747314 3.938777446746826
3.5805835723876953 5.036219556156084 3.22945237159729 5.562265872955322
3.306394100189209 5.783233790003123 3.393493175506592 6.688957214355469
6.461775779724121 8.234636008100368 2.6405317783355713 2.8021788597106934
4.196105480194092 7.006688329888157 3.2361669540405273 4.607788562774658
4.555690765380859 7.0535882658360265 3.744375705718994 6.8065690994262695
4.149392127990723 7.239259225455779 3.9663872718811035 8.293865203857422
4.058264255523682 4.329610926347158 2.4202871322631836 2.7666327953338623
3.8455259799957275 5.332469775031768 3.2372958660125732 4.439138889312744
2.5642848014831543 4.2007527861813045 3.2750236988067627 5.486540794372559
1.897905707359314 3.8809868626432262 3.3370351791381836 6.369933128356934
4.626891136169434 5.100499900945437 2.6070029735565186 2.9881393909454346
4.591485023498535 7.626370664562813 3.5648066997528076 5.096988201141357
4.213632583618164 6.694747991256634 3.7154033184051514 6.570703983306885
2.690330982208252 4.777367153212424 3.8145127296447754 7.745560646057129
4.734830856323242 4.905458835040918 2.8885693550109863 3.3215487003326416
5.9822211265563965 8.978093747804081 4.0595550537109375 6.075436592102051
4.367260932922363 7.294075655860577 4.380777835845947 8.235469818115234
4.201753616333008 6.989171747813998 4.537664890289307 9.840402603149414
3.8833203315734863 4.282141277856226 1.482726812362671 1.520029067993164
3.741586208343506 5.458632794049291 1.7006969451904297 2.1305594444274902
2.157158136367798 3.436046789274549 1.9555714130401611 2.917145013809204
2.5903067588806152 4.060289141791145 2.1206040382385254 3.507683038711548
4.326781749725342 4.829565061152607 1.5605406761169434 1.6016411781311035
4.151233673095703 6.861758754422212 1.8049241304397583 2.2876954078674316
3.6478376388549805 6.421627369450789 2.0935535430908203 3.1915340423583984
3.147627115249634 6.108815619798449 2.2793447971343994 3.8747684955596924
5.0530219078063965 6.126039054293386 1.6747753620147705 1.7211493253707886
4.846606731414795 6.243518228886677 1.9569213390350342 2.516474485397339
3.9891703128814697 7.069996853197949 2.2926602363586426 3.5894768238067627
3.3417346477508545 6.476413197119427 2.506821393966675 4.404283046722412
4.57905912399292 5.08731672351405 1.6906603574752808 1.7342501878738403
4.471838474273682 7.267536993866997 1.9520187377929688 2.486812114715576
2.9564003944396973 4.704003664580355 2.2541074752807617 3.480985403060913
2.8747453689575195 5.446766162486327 2.445085287094116 4.235080242156982
5.075119972229004 5.805481502615013 1.8018922805786133 1.851901650428772
3.9949676990509033 6.155641674525924 2.1097798347473145 2.732851505279541
3.4948337078094482 6.583932115647485 2.470130681991577 3.9311957359313965
2.873326301574707 5.415558795223205 2.6954195499420166 4.8437700271606445
5.971609115600586 7.147501291416347 1.9716366529464722 2.030730962753296
4.920213222503662 7.694513307581019 2.34885311126709 3.1074612140655518
3.5502140522003174 7.099627434144622 2.7939932346343994 4.613916873931885
4.185027599334717 7.391125668650446 3.0679092407226562 5.760095119476318
4.716989517211914 5.3173550250529615 1.9801864624023438 2.0270938873291016
3.970125913619995 5.750894783385206 2.245772123336792 2.896791934967041
3.041992425918579 4.663682496797719 2.5542306900024414 4.055873870849609
2.430994987487793 3.854183509213726 2.7503395080566406 4.939637184143066
5.510493278503418 6.401600530628883 2.1162264347076416 2.1696808338165283
4.726841449737549 7.900629059660436 2.452449083328247 3.2324609756469727
4.282436847686768 7.383959806713641 2.8469133377075195 4.691877841949463
3.909524440765381 6.977329116237911 3.091900110244751 5.802896976470947
6.64540958404541 8.021643467268632 2.3321056365966797 2.398678779602051
4.420863628387451 6.549940453650812 2.7771143913269043 3.7622146606445312
5.118185520172119 9.061129027100833 3.300132989883423 5.688134670257568
4.272246837615967 7.2073267708765165 3.6149837970733643 7.141174793243408
3.5413315296173096 3.7524379386355373 2.0652670860290527 5.569231033325195
4.69188117980957 7.319106147589082 2.890565872192383 3.8587582111358643
2.179295063018799 2.960107205390159 2.8401904106140137 4.6019487380981445
3.1799216270446777 6.32613788299841 3.004101276397705 5.531547546386719
4.454111099243164 4.660362197368158 2.226109504699707 2.5296597480773926
4.6265387535095215 7.241278928887711 3.139676094055176 4.265923023223877
4.311534404754639 6.235017645473334 3.1970252990722656 5.404496669769287
3.276949644088745 5.052714172599281 3.420382499694824 6.6140522956848145
4.751711845397949 4.890166520189723 2.498128652572632 2.8387796878814697
5.606345176696777 8.708536072064675 3.5211477279663086 4.930270195007324
5.04356050491333 7.656764712062214 3.7605319023132324 6.68283748626709
4.030216693878174 6.2182504070287905 4.070960998535156 8.321131706237793

