4.361907482147217 5.068256834031423 1.6451736688613892 1.700239658355713
2.911553144454956 4.688468487560613 1.9017980098724365 2.4959845542907715
2.7060232162475586 5.192351489050931 2.133451223373413 3.396376609802246
2.624659776687622 4.366744949525623 2.2667770385742188 4.006865501403809
5.051466941833496 6.000895874355365 1.7476491928100586 1.810274362564087
4.231224060058594 6.491536912318267 2.0420756340026855 2.7201573848724365
2.7723278999328613 4.656281000248707 2.306992769241333 3.756403923034668
2.528818368911743 5.45801266574307 2.453988552093506 4.452239990234375
5.915794849395752 7.065533444177618 1.91011643409729 1.9823607206344604
4.948389053344727 7.565269848924615 2.261117458343506 3.0614442825317383
3.9598488807678223 7.350038524911753 2.571582555770874 4.294685363769531
3.701029062271118 6.545971905000343 2.73294734954834 5.112730026245117
5.223268508911133 6.105559024749596 2.015582323074341 2.0784151554107666
4.309033393859863 6.683485669301064 2.3061575889587402 3.0778067111968994
2.6595380306243896 4.649582826696644 2.5261402130126953 4.176900863647461
2.0318856239318848 3.270431936593468 2.648068428039551 4.917872905731201
6.106449127197266 7.204024452040585 2.1686208248138428 2.2480456829071045
5.210063934326172 7.074587406890714 2.5309009552001953 3.457361936569214
4.083603382110596 7.218621780755711 2.8087785243988037 4.795320510864258
2.361851692199707 3.3758967426119995 2.950147867202759 5.677405834197998
7.163021087646484 8.561165515311373 2.4360854625701904 2.5377631187438965
5.98982048034668 8.065119743462137 2.9090726375579834 4.076699733734131
3.669968366622925 6.965747961425144 3.2656283378601074 5.77423620223999
3.365020513534546 5.7797090158047695 3.4248123168945312 6.864773750305176
5.594487190246582 6.581519400545986 2.5739076137542725 2.6286044120788574
5.1353960037231445 8.095570786873054 2.808047294616699 3.7912256717681885
3.5005412101745605 5.658061488538266 2.9216315746307373 4.975880146026611
2.783846616744995 4.9857694780664925 2.9981436729431152 5.784242153167725
6.728023052215576 7.909849727251256 2.7747387886047363 2.8547472953796387
5.893779277801514 9.132364128945483 3.1150777339935303 4.342678070068359
3.7779431343078613 5.828095180747674 3.3147857189178467 5.874722480773926
2.4727954864501953 3.244920746814387 3.415811777114868 6.873366832733154
8.079357147216797 9.674036183078124 3.154503583908081 3.2746880054473877
6.079776763916016 9.295793748621165 3.665884017944336 5.293160438537598
4.483822822570801 7.495353674577409 3.978518009185791 7.350162982940674
4.227988243103027 5.927767058407085 4.097905158996582 8.63449764251709
5.109450340270996 6.001090806028063 2.670048475265503 2.8548059463500977
4.1591386795043945 6.589617779361561 3.4770400524139404 4.765562534332275
3.567741870880127 6.1433609879586015 3.275726318359375 5.6938581466674805
1.5931856632232666 2.973745929694129 3.2754905223846436 6.485466480255127
6.916715621948242 8.057041538313342 2.9306790828704834 3.1648807525634766
5.540205478668213 8.689269375707227 3.8400988578796387 5.470229625701904
4.266767501831055 7.098919075114168 3.7582218647003174 6.83779764175415
3.3127691745758057 6.366982299285155 3.7884271144866943 7.854186058044434
7.864236831665039 9.19345008815614 3.4171876907348633 3.7343063354492188
6.118440628051758 9.08329887050104 4.50541877746582 6.6990203857421875
4.762745380401611 7.439982618276815 4.5949625968933105 8.749003410339355
4.365065097808838 7.5503970835131256 4.645246505737305 10.105216026306152
4.903985977172852 5.287334837570057 1.8985133171081543 1.9609745740890503
4.244786739349365 6.40263131327063 2.1868607997894287 2.844574451446533
3.4789113998413086 5.005260209304502 2.4406120777130127 3.8006792068481445
3.3284289836883545 5.594127578460643 2.5676329135894775 4.432602882385254
5.28427791595459 5.923731323719721 1.9985125064849854 2.068019151687622
4.327023506164551 6.441995943180018 2.340763807296753 3.1022355556488037
3.2934329509735107 5.7532971219828255 2.6440463066101074 4.247531414031982
3.2445297241210938 5.321384310888746 2.7943077087402344 5.011429786682129
5.904323101043701 6.8780979137304215 2.1487865447998047 2.2278997898101807
5.398190021514893 8.108057879659768 2.56255841255188 3.46513032913208
4.4121599197387695 6.021223613903419 2.9255335330963135 4.853506565093994
3.4462087154388428 6.556760126446022 3.100329875946045 5.779540538787842
5.882942199707031 6.343016205794356 2.4373717308044434 2.5267746448516846
4.926655292510986 7.627930876315702 2.8334527015686035 3.7734556198120117
3.7449533939361572 6.140716807913677 3.1140944957733154 5.044644832611084
3.2202343940734863 5.509873666292933 3.2267186641693115 5.854868412017822
6.393387317657471 7.13862621122675 2.5813369750976562 2.689636707305908
5.089612007141113 7.680200380530195 3.080965757369995 4.2310380935668945
3.1724143028259277 4.376762088441922 3.4474971294403076 5.836006164550781
3.576767683029175 6.46429825161249 3.5993077754974365 6.868041038513184
7.170766830444336 8.134307735423704 2.8192498683929443 2.953134536743164
6.019461631774902 8.762528458202041 3.4594802856445312 4.904156684875488
4.019347190856934 6.122086892122454 3.9296398162841797 6.950429439544678
3.3890647888183594 6.158276511729497 4.119048118591309 8.259764671325684
6.315489768981934 6.837900031253631 2.9143807888031006 3.0436813831329346
4.583700180053711 6.855016722683402 3.4804699420928955 4.750898361206055
3.6066370010375977 5.487333232025996 3.78170108795166 6.323828220367432
2.7371106147766113 4.639670083860494 3.868983030319214 7.279760837554932
7.156454563140869 7.963154676779341 3.1161725521087646 3.2826313972473145
5.105198383331299 6.007817965034519 3.821104049682617 5.436363697052002
3.8476688861846924 6.312467668239641 4.242583274841309 7.477421760559082
3.6391842365264893 5.503743192555248 4.383430480957031 8.740009307861328
8.102441787719727 9.130136573637401 3.4626948833465576 3.687753438949585
6.515555381774902 7.978024962701056 4.371182441711426 6.481917858123779
4.3749542236328125 7.374104490800747 4.935754776000977 9.155241966247559
4.409197807312012 7.426111564471228 5.124094486236572 10.795477867126465
5.492191791534424 6.001503746118942 3.291653871536255 3.544036865234375
4.929790019989014 6.246891594587247 3.9619340896606445 5.54916524887085
3.4250078201293945 5.309401492595498 4.309656143188477 7.374006271362305
3.329148292541504 5.229062511335883 4.377030372619629 8.43403148651123
6.631524562835693 7.5219156712359165 3.020129919052124 2.759716749191284
4.9251227378845215 6.7296081076880725 4.3811821937561035 6.4331159591674805
3.479146957397461 5.8316361835162525 4.870387077331543 8.81737232208252
3.376675605773926 5.61525939256836 5.003044605255127 10.246713638305664
7.85860538482666 8.945404833558314 3.655355930328369 3.380310535430908
5.371993064880371 6.909707647556075 5.080437183380127 7.811729431152344
3.807316780090332 5.932963459435541 5.736680030822754 10.967415809631348
3.6711361408233643 5.682629250347873 5.924656391143799 12.843488693237305
4.289775848388672 4.92953408062121 1.8385270833969116 1.8879238367080688
3.6806628704071045 6.400198026134149 2.1298346519470215 2.72253680229187
2.72392201423645 5.028087906172232 2.4488515853881836 3.7037949562072754
2.775064468383789 4.560817708229667 2.6387836933135986 4.392953395843506
4.936461448669434 5.890628553052466 1.975120186805725 2.030496120452881
4.615145206451416 6.612188175867972 2.312673330307007 2.9927802085876465
4.325598239898682 7.294998080822857 2.6790175437927246 4.159117221832275
3.8990135192871094 6.477071682001224 2.893747568130493 4.992641448974609
5.884622097015381 7.097764845612969 2.195006847381592 2.260704517364502
5.246428966522217 8.069650010895487 2.6004767417907715 3.4221131801605225
4.244523525238037 7.057428251991041 3.027862071990967 4.850644588470459
4.3313751220703125 6.9615105207379315 3.2701804637908936 5.876070499420166
5.086545944213867 5.9326916603508835 2.3522095680236816 2.413689374923706
4.153728485107422 6.673874787117029 2.7263236045837402 3.564992904663086
3.300510883331299 5.847488129006649 3.1011555194854736 4.889074325561523
3.1565451622009277 5.06604896002915 3.306563377380371 5.801542282104492
5.9602742195129395 7.039093216120818 2.5554471015930176 2.6302146911621094
4.582511901855469 6.822972733098368 3.014056444168091 4.027561664581299
4.263442039489746 7.1611978726955385 3.463160276412964 5.669722557067871
3.765580654144287 5.810413423482352 3.705601692199707 6.82191276550293
7.1750922203063965 8.614263720725376 2.9089081287384033 3.0081589221954346
5.091334819793701 8.043497868592112 3.493993043899536 4.804156303405762
4.996400356292725 7.180995107191175 4.036861419677734 6.903156757354736
3.689707040786743 5.730267035829968 4.317950248718262 8.370957374572754
5.497974872589111 6.5103754723113525 2.9755589962005615 3.0866143703460693
4.3787312507629395 6.536859777201524 3.4028449058532715 4.585167407989502
3.552619695663452 5.750421636897272 3.768660545349121 6.171749114990234
2.9223568439483643 4.3145367144274545 3.9539012908935547 7.2380051612854
6.586142539978027 7.783813720653598 3.2494523525238037 3.3805766105651855
5.46665096282959 7.588847016712066 3.78914213180542 5.2565178871154785
3.908411979675293 7.017509249833182 4.2479071617126465 7.2788825035095215
3.218377113342285 4.208825719534275 4.480973243713379 8.67302417755127
7.9481730461120605 9.492847772497328 3.745624542236328 3.9253995418548584
5.745067119598389 8.856530403493537 4.455407619476318 6.417618274688721
3.954806089401245 6.022960732063211 5.033451557159424 9.073197364807129
3.8072094917297363 4.918174814886697 5.315675735473633 10.888028144836426
5.230177402496338 6.161582036378206 3.1586971282958984 3.354966163635254
4.087784767150879 6.66173627646458 4.010628700256348 5.607876300811768
2.8318932056427 4.634297340783661 4.32923698425293 7.3072686195373535
2.935981512069702 5.011785782991524 4.4739532470703125 8.431424140930176
6.563822269439697 7.72710065185106 3.5432546138763428 3.7937698364257812
4.679018974304199 6.3120846515093945 4.480284690856934 6.474340915679932
4.555944919586182 7.440568032992523 4.894100666046143 8.663153648376465
3.580457925796509 5.4663683758914345 5.0941481590271 10.184423446655273
7.621247291564941 8.860901582082505 4.253559112548828 4.645483016967773
5.479515075683594 8.852034380384012 5.296485424041748 7.9595184326171875
3.9236738681793213 5.813140558793407 5.837870121002197 10.904868125915527
4.184810161590576 6.633563477500161 6.097560405731201 12.925806045532227
4.182591438293457 4.7681416610124 1.5781280994415283 1.640584945678711
3.74090576171875 6.199257864660723 1.8962209224700928 2.5480434894561768
2.241550922393799 4.867759580200811 2.2001490592956543 3.534301996231079
2.4906094074249268 5.030449140665354 2.3608200550079346 4.175561904907227
4.866110801696777 5.751937634881756 1.6672531366348267 1.7333239316940308
3.914363384246826 6.129339565536554 2.021192789077759 2.7469794750213623
3.1357038021087646 5.73090809029236 2.363114595413208 3.883763551712036
2.4233970642089844 4.43618531526181 2.544126033782959 4.632830619812012
5.636216640472412 6.79826953866359 1.7998954057693481 1.8716336488723755
4.617766857147217 7.657449353674565 2.201503276824951 3.028167486190796
3.1612110137939453 5.643865418412986 2.5919182300567627 4.365823745727539
3.022700548171997 5.287487126989828 2.7968318462371826 5.256206512451172
4.926472187042236 5.6510657841341825 1.8568346500396729 1.9321216344833374
4.422757625579834 7.136809199761899 2.2563698291778564 3.0944836139678955
2.1351609230041504 3.839916145012836 2.6379663944244385 4.398538112640381
2.4320099353790283 3.956689749206575 2.8237698078155518 5.232218265533447
5.721146106719971 6.700160435856162 1.988223910331726 2.0701100826263428
4.565932750701904 7.560786842216203 2.4481418132781982 3.415585994720459
3.6367998123168945 6.686542357524559 2.893679141998291 4.977278232574463
2.674928903579712 5.450552676552547 3.1124327182769775 5.9919281005859375
6.690086364746094 8.110299657741422 2.1956748962402344 2.288222551345825
5.3074517250061035 8.416394165294252 2.735539436340332 3.8890221118927
4.717197418212891 8.014948064193447 3.262747287750244 5.804581165313721
3.312263250350952 5.147567668693616 3.520049810409546 7.061636447906494
5.196842670440674 6.0009101956223585 2.27521014213562 2.3418304920196533
4.2779412269592285 7.426917822550723 2.71193265914917 3.759333610534668
2.2809510231018066 3.836089376567543 3.117642879486084 5.337087631225586
2.4062609672546387 4.264548223398606 3.2952523231506348 6.3174638748168945
6.069614887237549 7.171812496447501 2.4371531009674072 2.522176504135132
4.942214488983154 8.412274869244385 2.965400218963623 4.209405422210693
4.146092414855957 7.623440197868895 3.4647042751312256 6.161592960357666
3.2104671001434326 6.077440887790339 3.6891238689422607 7.396268367767334
7.236396312713623 8.850505712160157 2.712141752243042 2.818588972091675
4.309125900268555 7.502266907075864 3.359334707260132 4.892174243927002
4.147650718688965 7.771072409953376 3.9782633781433105 7.36505126953125
3.0954174995422363 5.089154646896326 4.256227016448975 8.944018363952637
5.124396800994873 5.907136788988453 2.3409829139709473 2.5413267612457275
3.893124580383301 5.973880022468656 3.475846529006958 4.919977188110352
3.793571710586548 7.096374761552198 3.6048452854156494 6.2700419425964355
1.7028722763061523 2.361392311121847 3.7136270999908447 7.282388210296631
5.885233402252197 6.911286229881043 2.5580830574035645 2.7822086811065674
4.763230323791504 7.137628740540541 3.7730166912078857 5.537901401519775
4.225422382354736 7.921327314938424 4.030118942260742 7.32692813873291
2.5649964809417725 4.7346207284196575 4.194790840148926 8.63858699798584
7.424631118774414 8.318008431008508 2.92667818069458 3.189876079559326
5.094855785369873 8.145718411474604 4.2631940841674805 6.378485202789307
3.5256006717681885 6.523172163567328 4.667717456817627 8.878069877624512
3.5256335735321045 4.104246341339149 4.896396636962891 10.599809646606445
4.131638526916504 4.973852102521164 1.8339697122573853 1.8926429748535156
3.456310987472534 4.850648166064758 2.1620678901672363 2.8837456703186035
2.2306036949157715 4.082507131251077 2.4332540035247803 3.9448256492614746
2.903792142868042 4.85475466773687 2.5626425743103027 4.633241653442383
4.745166778564453 5.770798455866129 1.9286189079284668 1.9984486103057861
2.5235538482666016 5.064700718192171 2.315319776535034 3.1440343856811523
2.59676194190979 3.3480143835658467 2.636195182800293 4.3804521560668945
2.573436737060547 5.060393214888698 2.7861695289611816 5.185932159423828
5.511913299560547 6.811178897731535 2.0672082901000977 2.151841878890991
5.0323967933654785 8.060135298599931 2.5318188667297363 3.5100631713867188
3.3216452598571777 5.7387169553182105 2.9168484210968018 4.990633487701416
3.554424285888672 6.058000092543499 3.091346263885498 5.955765247344971
4.849346160888672 5.803445592156493 2.3128201961517334 2.391977071762085
3.680934190750122 6.014761545332846 2.7404685020446777 3.760664701461792
2.7848408222198486 5.40821556828697 3.0508134365081787 5.178197383880615
1.4571757316589355 3.331326271163931 3.1743979454040527 6.058854579925537
5.6262359619140625 6.784182925173354 2.4447898864746094 2.541469097137451
4.9823079109191895 7.525979501614817 2.9842395782470703 4.204606533050537
3.3523244857788086 4.530801580180093 3.3790125846862793 5.930036544799805
2.18044114112854 4.255864333479792 3.5346603393554688 7.002788066864014
6.5694427490234375 8.152836073286878 2.655930519104004 2.780369997024536
5.0379557609558105 8.620036888687792 3.3466923236846924 4.858055114746094
4.298477649688721 7.804335814147976 3.8517568111419678 7.016256809234619
3.7454416751861572 7.1669425078483044 4.043215751647949 8.357064247131348
5.130595684051514 6.061127183947974 2.820472478866577 2.973806619644165
3.2694807052612305 4.781626131571926 3.3685193061828613 4.781081199645996
2.6797115802764893 4.828353464842053 3.6868765354156494 6.509461402893066
2.518198251724243 4.789043961571693 3.7852253913879395 7.537782669067383
5.971751689910889 7.189578955154047 3.0016350746154785 3.19014310836792
4.934484004974365 8.135815639842804 3.7076528072357178 5.438699245452881
4.512650966644287 7.514972351731274 4.1429901123046875 7.603724002838135
2.912912130355835 4.749221861525195 4.2836527824401855 8.892762184143066
7.082803726196289 8.722683183143317 3.306405782699585 3.54658579826355
5.734045505523682 9.298677086983423 4.232936859130859 6.435737133026123
4.079951763153076 6.665280804055328 4.820927619934082 9.219375610351562
3.3260974884033203 5.180041313625896 5.004092693328857 10.869234085083008
4.815175533294678 5.511044371619391 3.246720790863037 3.42226243019104
3.862198829650879 6.561841510907698 3.90024733543396 5.702078819274902
2.446366786956787 4.236361349417116 4.215753078460693 7.655599594116211
2.7391536235809326 5.082244490749872 4.283102035522461 8.776334762573242
5.726823329925537 6.953810011633777 3.2238073348999023 3.306366205215454
4.745718955993652 8.100790659256985 4.32033634185791 6.564061164855957
4.020153045654297 6.242621162851293 4.772961139678955 9.031996726989746
3.1139140129089355 4.498365419438642 4.890869140625 10.465912818908691
6.983002185821533 8.448397879951406 3.44266676902771 4.004971504211426
5.136322975158691 7.986532691679849 4.985861778259277 7.8924760818481445
4.620771884918213 7.837567087134175 5.620617389678955 11.095897674560547
3.6506614685058594 4.2332373715569815 5.784755229949951 12.952849388122559
4.444159507751465 4.815443819791795 1.50758695602417 1.5528697967529297
4.355781555175781 6.49938790066674 1.759641408920288 2.2487423419952393
2.502197504043579 4.187328403508282 2.019881010055542 3.060424327850342
2.579152822494507 4.905550750701737 2.1791534423828125 3.642683982849121
4.857621669769287 5.548707767511175 1.5833005905151367 1.632960557937622
4.01939582824707 6.635102134926534 1.8667528629302979 2.422119379043579
3.5083296298980713 6.641729534357864 2.1618592739105225 3.3660433292388916
3.229238510131836 5.641736601265052 2.3414947986602783 4.0504584312438965
5.463753700256348 6.760876666718673 1.6941581964492798 1.750312328338623
4.801615238189697 7.59430589884807 2.021549701690674 2.6742210388183594
4.305360317230225 7.348361016240112 2.3652377128601074 3.8057312965393066
3.914278030395508 7.432442106333184 2.572427988052368 4.631580829620361
5.393494606018066 5.890163844078188 1.7484710216522217 1.805516004562378
4.07511568069458 6.383388958798832 2.039519786834717 2.64957332611084
2.68495774269104 4.871570217277338 2.3339877128601074 3.6633827686309814
3.1768033504486084 5.825854362273276 2.5112717151641846 4.389323711395264
5.933541297912598 6.865427044957897 1.8575851917266846 1.9214551448822021
4.7550950050354 7.6522918900653405 2.2013306617736816 2.920544147491455
4.24753999710083 7.638099583116002 2.552825689315796 4.151135444641113
3.7837307453155518 6.086811128286456 2.762613296508789 5.039991855621338
6.681021690368652 8.148439666806802 2.0266776084899902 2.101181745529175
5.634129047393799 9.72973652325496 2.4481687545776367 3.338205337524414
4.408294677734375 7.352345213081798 2.8851683139801025 4.896731853485107
4.4128594398498535 7.986995747472747 3.1420950889587402 6.024112701416016
5.645641326904297 6.264826656863711 2.092822551727295 2.145537853240967
4.274787902832031 6.711229058803009 2.3697285652160645 3.1124932765960693
3.167283058166504 4.9289631295037 2.6450297832489014 4.270905017852783
2.632324695587158 4.271465903123158 2.815420627593994 5.0963521003723145
6.510799884796143 7.571551354808874 2.2236249446868896 2.299025774002075
5.293478965759277 8.14013566636828 2.582533836364746 3.484652519226074
3.8915467262268066 5.696109455582928 2.9371321201324463 4.944276332855225
3.240060329437256 4.925047945431109 3.1513729095458984 5.9889984130859375
7.659108638763428 9.163616561689253 2.4454281330108643 2.544106960296631
6.0589704513549805 9.086192556663892 2.9233782291412354 4.085393905639648
4.885604381561279 7.453290156135154 3.403811454772949 6.022538661956787
4.069845676422119 6.8613780380414795 3.6845529079437256 7.402340888977051
5.802365303039551 6.417765935120059 2.1575655937194824 2.3355090618133545
4.458807468414307 7.388613786194516 3.146397829055786 4.277239799499512
3.4266412258148193 4.983195556419844 2.942903518676758 4.858023643493652
3.681018352508545 6.212148555235103 3.0623815059661865 5.6807475090026855
6.362277507781982 7.185119770623999 2.3341660499572754 2.5343642234802246
4.7741498947143555 8.065947234327014 3.391706705093384 4.6656694412231445
4.272873878479004 7.716955878911463 3.296342372894287 5.69464635848999
3.8482255935668945 7.227688621579205 3.4646427631378174 6.771639823913574
7.423954963684082 8.542317106429891 2.6303694248199463 2.865203857421875
5.803420543670654 9.06050438659966 3.797135591506958 5.438819408416748
4.692477703094482 6.4658107846595385 3.8774404525756836 7.071449279785156
3.5903172492980957 7.147343667068399 4.126741409301758 8.554169654846191
3.942051887512207 4.455087976253708 1.7408994436264038 1.79915189743042
3.505510091781616 6.330235575751399 2.002471685409546 2.633272886276245
2.457247734069824 4.321937491773042 2.2499196529388428 3.5323903560638428
1.8370119333267212 3.932731825179367 2.381971836090088 4.088170051574707
4.742852210998535 5.486278774783159 1.8327555656433105 1.897438406944275
3.753697156906128 5.697063053719688 2.1350834369659424 2.8500826358795166
2.8496785163879395 5.783299927130514 2.4234020709991455 3.9019458293914795
2.3985235691070557 4.887389216649112 2.5754804611206055 4.552706241607666
5.670173168182373 6.724893162063687 1.9701696634292603 2.0442564487457275
4.686263084411621 7.299212607137889 2.3271055221557617 3.1595122814178467
3.525618076324463 5.667880056740387 2.666020631790161 4.4158616065979
3.255859851837158 5.753360819490254 2.8413867950439453 5.191924571990967
4.869872570037842 5.528114756794764 2.1882519721984863 2.2773795127868652
4.089820384979248 6.6542794403178505 2.5106825828552246 3.389708995819092
2.4154908657073975 5.031356997825242 2.766664505004883 4.525449275970459
1.679361343383789 3.515227364153361 2.8783180713653564 5.19746208190918
5.6830339431762695 6.600715071287141 2.3220667839050293 2.419455051422119
4.443606376647949 6.5476252703679165 2.7210187911987305 3.751697301864624
2.806147813796997 4.524624426355899 3.045018196105957 5.155069828033447
1.7931780815124512 3.836213579134661 3.1854145526885986 5.983349323272705
6.767789840698242 7.935970508668465 2.54050612449646 2.6541006565093994
3.9831125736236572 7.204804819808032 3.045112371444702 4.301583290100098
4.7375807762146 7.011824577750501 3.451645612716675 6.068673610687256
3.5229907035827637 6.018633797923258 3.6225671768188477 7.103158473968506
5.2892279624938965 5.969456092751443 2.7141659259796143 2.8478734493255615
2.827626943588257 4.704028459311303 3.064708948135376 4.264710903167725
3.4025051593780518 6.436654747552379 3.2859864234924316 5.564670562744141
2.118464708328247 3.8123563769493103 3.3548548221588135 6.297370910644531
6.442715644836426 7.32272086308808 2.885406255722046 3.0428943634033203
4.621704578399658 7.384602521206233 3.3513858318328857 4.794070720672607
4.055534839630127 6.665500069152586 3.672184467315674 6.476322650909424
1.8945941925048828 2.4105437325907815 3.776374101638794 7.422444820404053
7.819281578063965 8.904448612204174 3.192570924758911 3.3870229721069336
5.030806541442871 7.1827363158387385 3.824723243713379 5.6378889083862305
4.288149833679199 6.733853835179389 4.258421421051025 7.842163562774658
3.6057534217834473 5.319857685774903 4.3935980796813965 9.065187454223633
5.268962860107422 5.845847309884164 2.879741907119751 4.047053337097168
3.917992115020752 6.292956329842127 3.5754387378692627 5.0955491065979
1.4307631254196167 2.9081840350606853 3.7212772369384766 6.468158721923828
2.6970467567443848 4.592867841845305 3.738213062286377 7.204241752624512
5.985017776489258 6.881323842130314 3.201070547103882 3.521514654159546
3.3203437328338623 4.284088800036216 3.9198203086853027 5.814472198486328
3.311236619949341 5.593213380668213 4.1959333419799805 7.625582695007324
2.680229663848877 4.8308263793889905 4.253981590270996 8.617025375366211
7.550693988800049 8.726717252224717 3.6560282707214355 4.097191333770752
5.295542240142822 7.721786985466906 4.517967224121094 6.964225769042969
4.772400379180908 8.066915519075053 4.935771942138672 9.393411636352539
2.9865548610687256 4.448225479413736 5.022928237915039 10.705463409423828
4.30582857131958 5.046865782731437 1.7530944347381592 1.8105714321136475
3.968919277191162 6.6737117128686805 2.0524086952209473 2.655499219894409
3.1880860328674316 5.434115036171051 2.3305680751800537 3.587963342666626
2.291912794113159 4.794143700600373 2.481981039047241 4.198418617248535
4.71692419052124 5.840327457703289 1.8336621522903442 1.8998209238052368
3.980787515640259 5.465691819941469 2.18245792388916 2.872328519821167
3.2673721313476562 5.8147447196597 2.5144193172454834 3.9799818992614746
2.971967935562134 4.859090122076623 2.6978392601013184 4.7189249992370605
5.35105037689209 6.70685768929123 1.951575756072998 2.0264172554016113
4.740929126739502 8.015673819959687 2.369056463241577 3.178016185760498
4.262421607971191 6.725234198122976 2.7749412059783936 4.530609130859375
3.0129597187042236 5.560496852933824 2.999469518661499 5.442336082458496
5.331884384155273 6.267554142626125 2.212261199951172 2.2821602821350098
3.262031316757202 4.481937810451484 2.609929084777832 3.450007438659668
2.620213270187378 5.028153405347254 2.9336509704589844 4.709179401397705
2.327455997467041 3.903785712822531 3.086038589477539 5.50236701965332
5.822561740875244 7.03516103879285 2.318188190460205 2.407475233078003
4.023222923278809 6.814876736088252 2.809868097305298 3.816936731338501
3.062760591506958 5.881592667966856 3.22703218460083 5.387545585632324
3.268935441970825 5.787234687881892 3.4334981441497803 6.399546146392822
6.697089195251465 8.132746955775247 2.4846396446228027 2.5938656330108643
5.038846492767334 7.606428084514713 3.109825849533081 4.348779678344727
3.3248393535614014 5.362485285278012 3.6580936908721924 6.362389087677002
3.4543468952178955 4.97874678421249 3.9342994689941406 7.674623966217041
5.722803592681885 6.662654862764214 2.736098051071167 2.8279459476470947
3.363020658493042 4.785048231068913 3.234731912612915 4.3820695877075195
3.4341678619384766 5.190807225539174 3.56654953956604 5.925228118896484
2.05751371383667 2.703442486600977 3.69323992729187 6.858400821685791
6.63054895401001 7.789383813939491 2.877629041671753 3.0007894039154053
3.8674070835113525 6.209005722149584 3.5110385417938232 4.9339165687561035
2.6212356090545654 4.307277700552772 3.970059394836426 6.920357704162598
3.522409200668335 5.936859591813487 4.170603275299072 8.154536247253418
7.768309593200684 9.038369387816601 3.1083030700683594 3.2707221508026123
5.434719085693359 8.157963210800972 3.9410560131073 5.752841949462891
4.217617034912109 6.774706750064979 4.580512523651123 8.37281608581543
3.4687278270721436 6.519854360058609 4.873766899108887 10.014114379882812
5.553308486938477 6.274286674172799 3.008058547973633 3.3017711639404297
4.46634578704834 6.273470090932278 3.7519829273223877 5.2624335289001465
1.6733667850494385 2.8494888901257127 4.095531463623047 6.979902267456055
1.7550733089447021 2.92667884945106 4.1906633377075195 7.991941928863525
6.069167613983154 7.186575233858093 3.246304512023926 3.5947790145874023
3.9305105209350586 6.451105084806142 4.096383094787598 5.966041088104248
3.9477736949920654 6.5037625363438 4.587259292602539 8.248010635375977
2.178001880645752 4.267946114486083 4.770197868347168 9.624858856201172
7.27091121673584 8.52991817280099 3.280820846557617 3.9850239753723145
5.668757438659668 8.229035655496375 4.645247459411621 7.075973033905029
3.443265914916992 5.687149773606393 5.347531318664551 10.132862091064453
3.798271417617798 6.159514361542804 5.636496543884277 11.978527069091797
4.286352634429932 5.0734190995985955 1.7227895259857178 1.790569543838501
3.8125 5.588235530362681 2.005143880844116 2.666139602661133
2.380446195602417 3.8026731259201654 2.2616336345672607 3.581629753112793
2.3380215167999268 3.9228458004495055 2.4003679752349854 4.181753635406494
4.954372406005859 5.98709411521213 1.8232636451721191 1.895040512084961
4.24125862121582 6.689645476977546 2.154301166534424 2.9034619331359863
3.2226462364196777 5.441686991627279 2.451231002807617 3.9765703678131104
3.2177674770355225 6.00419379734808 2.608022451400757 4.678763389587402
5.800134181976318 6.9300305513583 1.9739989042282104 2.053861379623413
4.145371913909912 6.378791725335134 2.3676364421844482 3.2441656589508057
3.9483962059020996 6.824209147722943 2.7137486934661865 4.522460460662842
2.1611714363098145 5.080584282288356 2.8902010917663574 5.354400157928467
5.007124423980713 5.947463281563614 2.1325416564941406 2.2399380207061768
3.7238223552703857 6.457348356950888 2.466970443725586 3.368382692337036
3.129464626312256 5.139226185406846 2.734806776046753 4.523914337158203
2.0203073024749756 3.2260236085445513 2.8680434226989746 5.271397590637207
5.923621654510498 7.0404785818323035 2.2837326526641846 2.396221876144409
5.033685684204102 7.232685650011348 2.7067301273345947 3.7742035388946533
3.9137039184570312 6.381565551833589 3.039212226867676 5.1982526779174805
3.064849615097046 4.681819506382084 3.1968111991882324 6.109550476074219
7.0448503494262695 8.317647218686261 2.525557518005371 2.653656244277954
5.034435749053955 7.782200458851662 3.0641016960144043 4.383542537689209
4.071260929107666 6.736113788618582 3.4726316928863525 6.163527488708496
3.0997583866119385 5.900173733835867 3.654694080352783 7.2859416007995605
5.426102638244629 6.367407355237216 2.6391448974609375 2.8274455070495605
3.8748562335968018 6.431190074505807 2.96842360496521 4.160407543182373
2.272183418273926 3.467222842054227 3.2002081871032715 5.48130989074707
3.044116258621216 5.724604545525608 3.3055050373077393 6.329230308532715
6.5529046058654785 7.685631785904292 2.8366572856903076 3.041071653366089
5.269130229949951 7.766251864761784 3.3083760738372803 4.768674850463867
3.5404887199401855 5.804440947408011 3.623661994934082 6.461897850036621
2.947005033493042 4.925616641032406 3.7560386657714844 7.524343967437744
7.85538911819458 9.197456139131859 3.1833229064941406 3.4192357063293457
5.0626630783081055 7.367107773827115 3.8305366039276123 5.711337566375732
4.085113525390625 6.80646265667144 4.239340782165527 7.895843029022217
3.6845521926879883 5.541106011525554 4.3942551612854 9.233928680419922
5.330557346343994 6.084337484556613 2.826028823852539 3.234112024307251
4.560277938842773 7.201447269422317 3.4389381408691406 4.932356834411621
2.7031919956207275 5.272268071336786 3.5872137546539307 6.293061256408691
2.100437641143799 3.394136373180487 3.6520578861236572 7.186851978302002
6.519618988037109 7.495784688829076 3.0969297885894775 3.5527853965759277
5.000813961029053 7.428063173223407 3.865520715713501 5.741843223571777
3.916438579559326 6.5979693285430585 4.111892223358154 7.545422554016113
1.5214346647262573 2.9312560671500805 4.202663898468018 8.68344783782959
7.793447017669678 9.078437325825803 3.556682586669922 4.100503444671631
5.823498725891113 8.151736658362722 4.53939962387085 7.018764495849609
4.739548683166504 7.543393229973667 4.883801460266113 9.394600868225098
2.6162097454071045 4.5036070299412465 4.990572929382324 10.841373443603516
4.228659629821777 5.040096830523112 1.5881680250167847 1.6339167356491089
4.314820766448975 6.884845474273582 1.8395555019378662 2.372020721435547
3.452814817428589 5.892106834921208 2.1097323894500732 3.269033908843994
3.1184940338134766 5.677441047793536 2.2651267051696777 3.87133526802063
4.903346538543701 5.947624012446795 1.6802852153778076 1.7305281162261963
4.454252243041992 6.989420357921134 1.968893051147461 2.571460723876953
3.512957811355591 5.32201363403567 2.275908946990967 3.604408025741577
2.4863715171813965 4.693980865715023 2.448981285095215 4.301956653594971
5.552505016326904 6.727449849742243 1.8212584257125854 1.8776655197143555
5.111262798309326 8.139150454895297 2.162597894668579 2.866342306137085
3.956307888031006 6.354688105570631 2.5162320137023926 4.08645486831665
3.5742030143737793 6.164844587241475 2.7072019577026367 4.911124229431152
5.02770471572876 5.968083524547545 1.8849291801452637 1.9441044330596924
4.9192609786987305 7.653089992220885 2.193617820739746 2.883594036102295
4.164097785949707 7.204177706300641 2.504791498184204 4.017590045928955
3.274230480194092 5.685178819067858 2.6687796115875244 4.768956661224365
5.8004584312438965 6.910460925468101 2.0176784992218018 2.0850255489349365
5.5556254386901855 8.247559469856924 2.393275022506714 3.2079920768737793
3.897979497909546 7.106116412679228 2.7669055461883545 4.577997207641602
3.3081605434417725 6.277362369137677 2.957291841506958 5.4850616455078125
6.82563591003418 8.216118679056535 2.239908456802368 2.31734037399292
6.229194641113281 9.387830645603685 2.715020179748535 3.7191989421844482
3.6573424339294434 5.5033165016093335 3.1685376167297363 5.424738883972168
4.046176433563232 6.94981340776576 3.3829970359802246 6.544172763824463
5.45136833190918 6.417834609762281 2.3764567375183105 2.417724370956421
4.44012975692749 6.197902079319022 2.6675758361816406 3.546165704727173
3.065176486968994 5.420845987615689 2.9371516704559326 4.83698844909668
2.775151014328003 5.204281956554105 3.069732189178467 5.674668312072754
6.391436576843262 7.550349863087604 2.5313148498535156 2.5999531745910645
5.646734237670898 9.364054359513737 2.933011770248413 4.012928009033203
4.278581619262695 6.860186426879295 3.298083543777466 5.6499810218811035
3.559321165084839 6.075475199644103 3.4650533199310303 6.700728416442871
7.706514835357666 9.183699003475795 2.827326774597168 2.920612096786499
6.321915149688721 8.169289339222821 3.3926680088043213 4.784323692321777
4.71578311920166 6.618715228884184 3.876309871673584 6.921837329864502
3.1706392765045166 6.318837631812244 4.070907115936279 8.262917518615723
5.642803192138672 6.601947490812108 2.5401275157928467 2.7062602043151855
5.196481704711914 8.21930638375352 3.522480010986328 4.653535842895508
3.6799192428588867 6.70063342199893 3.3817389011383057 5.670567989349365
3.4990365505218506 6.382688840866422 3.4196383953094482 6.472371578216553
6.5632548332214355 7.70859249916947 2.73791766166687 2.9437036514282227
4.792348861694336 7.372124067651839 3.8150079250335693 5.2863874435424805
4.840703010559082 7.694408625513233 3.827728033065796 6.726816177368164
3.2327091693878174 6.170910969108036 3.906528949737549 7.777505874633789
7.66887092590332 8.96785566279732 3.1003332138061523 3.358384370803833
5.883371353149414 8.624825128052134 4.364218711853027 6.317385196685791
5.077358245849609 8.637070160264626 4.558563232421875 8.399325370788574
4.626042366027832 7.843122584969819 4.667468547821045 9.791105270385742
4.9107208251953125 5.504004007975027 2.014207601547241 2.080660104751587
4.424509525299072 6.472484226387223 2.3168773651123047 2.978132724761963
2.3435537815093994 3.7528939533632886 2.5835230350494385 4.0078444480896
3.189727306365967 5.42058431976875 2.7065412998199463 4.704555511474609
5.280143737792969 6.206291847375439 2.120645523071289 2.192779064178467
4.6171488761901855 7.509643376395694 2.4775474071502686 3.2468576431274414
3.2037887573242188 5.7959894787052235 2.7992165088653564 4.487949371337891
2.8665850162506104 5.435328408251316 2.949169874191284 5.331243991851807
5.805816173553467 7.012822428202924 2.2815568447113037 2.363234281539917
4.0813188552856445 6.751160508923704 2.7097384929656982 3.629589080810547
4.394806385040283 7.257245933932552 3.0984885692596436 5.146664619445801
3.6864662170410156 6.451652180061906 3.2752621173858643 6.1765642166137695
5.979549884796143 6.628951313719199 2.5925180912017822 2.694239377975464
3.9816524982452393 5.509638610829569 2.9964990615844727 3.961057186126709
3.306968927383423 5.277711903233467 3.291513442993164 5.325038433074951
1.6032150983810425 3.0967537616264496 3.395932912826538 6.216269016265869
6.367525100708008 7.371522527775937 2.743669033050537 2.860581159591675
5.009284019470215 6.938917129429512 3.24572491645813 4.419182300567627
2.825381278991699 4.690938162083285 3.6313610076904297 6.15156888961792
3.2991251945495605 5.497078720612656 3.779325246810913 7.292225360870361
7.011169910430908 8.334357816833943 2.9911670684814453 3.132143259048462
5.618862628936768 8.507482061065431 3.6249728202819824 5.110454559326172
4.596996784210205 8.072750714632093 4.12318229675293 7.3299713134765625
2.5831148624420166 4.403417023378088 4.313364505767822 8.779797554016113
6.2745747566223145 7.0160616768821455 3.043649673461914 3.1674249172210693
4.070460319519043 5.300466271105655 3.635653495788574 4.949394226074219
3.525916814804077 6.2771196957791915 3.9584105014801025 6.619488716125488
2.9147398471832275 4.1155260041028825 4.039793491363525 7.6684417724609375
7.028695583343506 8.051169314643204 3.254713773727417 3.4225778579711914
5.149093151092529 6.914325406629132 3.9786980152130127 5.627186298370361
3.760601282119751 6.23949013209614 4.419931411743164 7.798494815826416
2.746821641921997 4.75352810141726 4.5578999519348145 9.188382148742676
7.905044078826904 9.1463450494673 3.611659526824951 3.843541145324707
5.170771598815918 8.22892081571711 4.517895221710205 6.689783573150635
3.5034050941467285 6.2077076389794 5.105523586273193 9.533121109008789
3.3941738605499268 5.270001029741948 5.2989959716796875 11.333165168762207
4.517025470733643 5.131423625730065 2.762083053588867 2.287518262863159
3.950176239013672 5.6759064349439114 4.095297336578369 5.667260646820068
3.957134485244751 5.8374452903797795 4.468301296234131 7.639141082763672
2.5155179500579834 4.398848257473247 4.53584623336792 8.809795379638672
6.567627906799316 7.594198522695933 3.1103122234344482 3.5996999740600586
4.743744850158691 6.779734892028799 4.5210065841674805 6.547537803649902
3.4327213764190674 4.608103880980934 5.028153419494629 9.124073028564453
3.0867135524749756 4.4230217325854255 5.159645080566406 10.677268981933594
7.636857509613037 8.904875438955088 3.6660215854644775 2.3110904693603516
5.547186851501465 8.198540158556384 5.1994733810424805 8.009532928466797
4.7624831199646 7.709701349566103 5.872812747955322 11.3156156539917
4.149883270263672 7.305466073926318 6.065976142883301 13.349762916564941
3.842823028564453 4.9512755929399646 1.514780879020691 1.5681846141815186
3.3267505168914795 5.579529935786923 1.7706762552261353 2.3056061267852783
2.838144540786743 6.0118977330448615 2.0141220092773438 3.103853225708008
2.710031032562256 6.027875594473741 2.1626734733581543 3.6518607139587402
4.352736949920654 5.506607485051973 1.585930347442627 1.6447237730026245
4.27466344833374 7.645227497697647 1.8709417581558228 2.4674510955810547
3.8899219036102295 6.531914501816118 2.143155574798584 3.381316661834717
2.9460344314575195 5.493868922838292 2.3086841106414795 4.016729831695557
5.201239585876465 6.385487363349746 1.6872673034667969 1.7531476020812988
4.675821304321289 7.681368475360657 2.0118775367736816 2.69278883934021
3.838261604309082 7.150999265524575 2.322561740875244 3.764193534851074
3.4596266746520996 7.449056555936977 2.5097384452819824 4.518357753753662
4.5714006423950195 5.805429228120488 1.7577451467514038 1.8211296796798706
4.125337600708008 6.9504112971699215 2.0392537117004395 2.6932790279388428
3.3672878742218018 6.907786363210818 2.3000309467315674 3.6638197898864746
3.1859312057495117 6.169742616081294 2.464688777923584 4.335032939910889
5.364342212677002 6.597555247573837 1.85505211353302 1.9271608591079712
5.0115556716918945 8.073310784199379 2.1871235370635986 2.940406084060669
3.937520980834961 7.9813096278301146 2.4941253662109375 4.096838474273682
3.0655276775360107 6.21703771606947 2.6841790676116943 4.905617713928223
6.5336833000183105 8.197548209278224 1.9997504949569702 2.084285259246826
5.093569278717041 9.05758992317159 2.4033069610595703 3.299442768096924
3.739828109741211 6.3458958301129424 2.774644136428833 4.719468116760254
3.6454856395721436 7.111258553956986 2.998166084289551 5.72115421295166
4.999917984008789 6.314956754309748 2.1103341579437256 2.207517385482788
4.2650628089904785 7.098999038162447 2.3510937690734863 3.1311020851135254
2.84865140914917 5.921398954455526 2.565845251083374 4.1955180168151855
2.04046368598938 4.087448481313913 2.7304506301879883 4.955055236816406
6.000802040100098 7.3206987310114755 2.2314293384552 2.3352673053741455
4.871220588684082 7.963059230299223 2.5453946590423584 3.4685747623443604
3.092481851577759 5.657959200585992 2.8229856491088867 4.783842086791992
3.600379228591919 7.00417388756216 3.0193135738372803 5.72599983215332
7.551867485046387 9.4031051475082 2.41610050201416 2.5342154502868652
5.6639323234558105 9.49996797579621 2.839205503463745 3.974297285079956
5.421650409698486 9.339408178217358 3.2067103385925293 5.656784534454346
4.33241605758667 7.096606625785455 3.4450595378875732 6.8588080406188965
4.93314790725708 6.005602682711469 2.1643435955047607 2.3887064456939697
3.1347267627716064 5.59556403723581 2.7762484550476074 3.7394278049468994
4.100067615509033 7.221623454051457 2.790285348892212 4.645267963409424
3.1331498622894287 6.0770950691784265 2.933629274368286 5.439513206481934
5.237325668334961 6.475428083589577 2.3201847076416016 2.5666778087615967
4.405089855194092 6.799596979627836 3.0273172855377197 4.179769039154053
3.5540366172790527 6.207753950917592 3.0996391773223877 5.368485927581787
3.5462751388549805 6.541902336855628 3.27789306640625 6.373644828796387
7.552961826324463 9.002584043214881 2.570838689804077 2.857362985610962
5.75583028793335 8.999904344690748 3.409285068511963 4.863767623901367
5.429417133331299 8.460249790371051 3.572080135345459 6.462528705596924
3.072923421859741 5.514792897959227 3.795792579650879 7.770633220672607
4.527772903442383 4.867230562670997 1.7270758152008057 1.7812449932098389
4.0484514236450195 6.212868029419326 1.991896390914917 2.559831380844116
3.5881824493408203 4.998475686349584 2.2592837810516357 3.458986520767212
2.1337356567382812 3.9545661748466614 2.4110653400421143 4.070822715759277
5.079051494598389 5.6632111223465955 1.8217440843582153 1.877299427986145
4.482003211975098 7.098291796209878 2.1272759437561035 2.759308099746704
3.6529293060302734 5.933528919663878 2.4385578632354736 3.808845043182373
2.5566890239715576 5.392825520300789 2.6127848625183105 4.536802768707275
5.702582836151123 6.742502117979029 1.963206171989441 2.022801399230957
4.210830211639404 7.448038274224487 2.3259470462799072 3.055385112762451
4.4515299797058105 7.732623631011535 2.6956748962402344 4.314585208892822
3.8504467010498047 7.294154123291591 2.897334337234497 5.197146415710449
5.496557235717773 5.984363525585685 2.196915864944458 2.2764925956726074
4.737351894378662 6.501792331341818 2.5179319381713867 3.3133015632629395
3.0561094284057617 4.9730508302934595 2.7984426021575928 4.457635879516602
2.6402227878570557 5.334913731256847 2.937215805053711 5.21035099029541
6.188312530517578 6.98089169133678 2.328366756439209 2.414703130722046
5.169089317321777 7.319121987781273 2.7307653427124023 3.65083384513855
4.317862510681152 6.15641710714452 3.093674659729004 5.070708274841309
3.5983636379241943 6.7659362990543 3.2711548805236816 6.025922775268555
7.203742980957031 8.312859534363069 2.5456702709198 2.6423158645629883
4.684581279754639 8.308433148694599 3.0629384517669678 4.177513599395752
5.383220195770264 9.192674262878414 3.5322086811065674 5.989812850952148
3.571179151535034 5.782988853743376 3.7538108825683594 7.213072299957275
5.90058708190918 6.508924769788791 2.8237104415893555 2.9125051498413086
4.856655120849609 7.435902814660949 3.1560630798339844 4.2583112716674805
3.6854076385498047 5.805917934237641 3.3795459270477295 5.574154853820801
1.3123124837875366 2.319916856414693 3.4673829078674316 6.393032073974609
6.853088855743408 7.740718338247007 2.9879705905914307 3.1048598289489746
5.3986592292785645 6.839393670929208 3.439957857131958 4.76010799407959
3.647202730178833 6.559880054561745 3.791658878326416 6.470339775085449
2.2808871269226074 4.16390509853079 3.937682628631592 7.5782880783081055
8.161892890930176 9.284050758243382 3.284421682357788 3.4363067150115967
3.8276374340057373 4.7800592486047435 3.9130868911743164 5.562839984893799
4.956698894500732 8.580393426539558 4.422670841217041 7.851186275482178
3.194859504699707 4.941911787157096 4.629265785217285 9.333939552307129
5.891519069671631 6.5518835329220515 3.010713577270508 3.2164597511291504
4.093405723571777 5.765508897974399 3.7762017250061035 5.2220354080200195
3.5715434551239014 6.5433070677881915 3.8990330696105957 6.603733539581299
3.0002079010009766 4.798575687103948 3.912872791290283 7.406723976135254
6.385285377502441 7.275666519654813 3.258573055267334 3.4969851970672607
4.795532703399658 7.021171248164137 4.1103129386901855 5.911311149597168
4.103986740112305 7.254254422066026 4.402142524719238 7.73822546005249
3.79767107963562 7.2379533380986345 4.494325160980225 8.897661209106445
6.570097923278809 7.665167248496232 3.6800923347473145 3.9812746047973633
6.159750461578369 9.777484687505149 4.6984758377075195 7.011058330535889
4.804051399230957 6.576006194856944 5.1924638748168945 9.52180290222168
3.6488420963287354 7.327604232461831 5.360334396362305 11.13227367401123
4.148870944976807 4.930702479432551 1.6822279691696167 1.742113709449768
3.8321170806884766 6.573493865277044 1.985487461090088 2.5980653762817383
3.346431255340576 6.124018236190835 2.2587623596191406 3.524174928665161
1.3972738981246948 2.589895469451662 2.4016642570495605 4.127148628234863
4.6684136390686035 5.682760807913098 1.7722200155258179 1.8380694389343262
3.3587825298309326 6.680932691390325 2.113212823867798 2.811462640762329
3.025272846221924 5.625121791073752 2.4300270080566406 3.8971126079559326
2.9677627086639404 5.454019254778814 2.5970888137817383 4.612518310546875
5.340648174285889 6.672484876756698 1.9053442478179932 1.980655550956726
3.9254488945007324 6.7377800467878615 2.2916855812072754 3.114938259124756
3.3047773838043213 5.843645551236563 2.6640594005584717 4.414892196655273
3.5069355964660645 6.367073863817268 2.8621296882629395 5.276564598083496
5.024508953094482 5.955227282068563 2.0980563163757324 2.1810879707336426
3.506538152694702 6.067089926645565 2.479710340499878 3.311188220977783
3.1912055015563965 5.447846493810175 2.786949872970581 4.5053229331970215
2.778743267059326 5.013291945765559 2.9186060428619385 5.251865863800049
5.691522121429443 6.877037394149397 2.2270619869232178 2.3192496299743652
4.9723310470581055 8.161587287738541 2.678755760192871 3.664355516433716
3.1918396949768066 5.394014455124761 3.060750961303711 5.134021282196045
3.1496238708496094 5.768425946440402 3.231379985809326 6.0658650398254395
6.573953628540039 8.13447769075458 2.4289612770080566 2.5376811027526855
5.557466983795166 8.342939914054028 2.9668257236480713 4.1778950691223145
4.490577697753906 6.761900351522126 3.4456937313079834 6.024172306060791
3.307417869567871 5.7636683539931255 3.666006326675415 7.204126358032227
5.441110610961914 6.41752041294103 2.633667469024658 2.7605385780334473
3.8858015537261963 5.635034382917468 3.041785955429077 4.153136730194092
3.6741788387298584 6.051204827649145 3.3400955200195312 5.555187225341797
2.637723445892334 3.7131973821437896 3.4349427223205566 6.392658710479736
6.122865676879883 7.274222917430961 2.790011405944824 2.9351425170898438
4.336585521697998 6.790046863890666 3.312354326248169 4.6680192947387695
3.898253917694092 6.13016499439118 3.718593120574951 6.465286731719971
3.386403799057007 5.767132142962041 3.865025281906128 7.554514408111572
7.3159403800964355 8.675882946993399 3.060192823410034 3.232574939727783
5.0711846351623535 8.201095382568383 3.7225279808044434 5.435884952545166
4.302021026611328 7.125018294285454 4.265108585357666 7.772937774658203
3.07901930809021 5.8416844760653674 4.475561618804932 9.203357696533203
5.322762966156006 6.222610998218613 2.8538732528686523 3.048795461654663
4.628589153289795 7.914208429586459 3.58305287361145 5.015317916870117
2.64121675491333 3.853974852469719 3.8168938159942627 6.48883581161499
3.158975124359131 5.562121178886997 3.8639519214630127 7.35162878036499
6.199923515319824 6.987562734694265 3.11246395111084 3.340815782546997
3.943450689315796 7.162991892922037 3.8984925746917725 5.682514190673828
3.3367602825164795 4.990094980800386 4.279499530792236 7.6452741622924805
3.124121904373169 3.9169810165295895 4.389655590057373 8.81003475189209
6.714800834655762 7.939895170160696 3.5427353382110596 3.8228955268859863
5.84950590133667 8.651892490787077 4.408292293548584 6.706880569458008
4.453246116638184 7.264348580017895 4.963395118713379 9.328323364257812
4.470909595489502 5.637771949493072 5.146509170532227 10.897031784057617
4.5029497146606445 5.2174743413063425 1.6847394704818726 1.7531942129135132
2.5362086296081543 3.970958049877165 2.0062191486358643 2.691680431365967
3.018878698348999 3.9284650539248105 2.2934510707855225 3.6501758098602295
2.1985809803009033 4.183972206621364 2.443301200866699 4.252311706542969
5.131735324859619 6.182290796814613 1.7728780508041382 1.8452197313308716
4.379466533660889 7.375646561648409 2.1399176120758057 2.917283773422241
2.953702211380005 5.951816940150081 2.4712979793548584 4.04824161529541
3.178112268447876 5.775240625662491 2.6441757678985596 4.763092517852783
5.905036449432373 7.159479085668401 1.9017666578292847 1.9802786111831665
5.046968460083008 8.040325917583203 2.329137086868286 3.225590229034424
2.9350085258483887 5.527298382137879 2.7166969776153564 4.580465316772461
2.5733044147491455 4.048455238367097 2.9179115295410156 5.4445719718933105
5.488596439361572 6.388447945197356 2.098533868789673 2.19624400138855
4.696475982666016 7.539286806293347 2.5060248374938965 3.4412076473236084
3.252232074737549 5.429682405572294 2.827488899230957 4.684761047363281
2.6564483642578125 4.736651607640852 2.972382068634033 5.438113212585449
6.188812255859375 7.333358421673438 2.223642349243164 2.3304636478424072
4.572092533111572 7.116267071629501 2.717050075531006 3.8178279399871826
3.866237163543701 7.473556022172147 3.1134860515594482 5.356977462768555
3.1149983406066895 5.709367357532528 3.2934322357177734 6.296879291534424
7.189866065979004 8.712325840063158 2.4213249683380127 2.5405521392822266
4.41697883605957 4.7428172875078545 3.028895139694214 4.354336738586426
3.9213855266571045 7.324869095904283 3.5187623500823975 6.289646148681641
3.8985307216644287 6.933774030767049 3.7402703762054443 7.47946834564209
5.847498416900635 6.8702666847220115 2.691535711288452 2.799164295196533
3.7170865535736084 6.410699606366734 3.1179239749908447 4.371175289154053
3.543062448501587 5.534245714356947 3.3983850479125977 5.829759120941162
2.735762596130371 4.410134543957952 3.5036613941192627 6.671063423156738
6.80571174621582 8.002844547821041 2.846445322036743 2.985597610473633
4.40854549407959 6.414082258146209 3.4066672325134277 4.943613052368164
3.198989152908325 6.41374354365162 3.7991299629211426 6.8166913986206055
2.6468613147735596 3.8702346443472635 3.9494595527648926 7.908356666564941
8.051529884338379 9.616428638635142 3.112957715988159 3.289071559906006
5.770895004272461 7.964510671342396 3.8543896675109863 5.77126932144165
4.861506938934326 6.508625854545244 4.3793134689331055 8.210590362548828
3.944652795791626 6.455093881857827 4.577932834625244 9.637837409973145
5.650434494018555 6.499497958536267 2.840580940246582 3.1008031368255615
3.0850014686584473 4.8610358796301085 3.7381932735443115 5.328312873840332
3.3534979820251465 5.4312960923501805 3.9084837436676025 6.879090309143066
2.316037893295288 5.043692766071972 3.948554754257202 7.730414390563965
6.910863876342773 8.119123697975027 3.0585381984710693 3.37518310546875
3.8410582542419434 6.689758243249798 4.091889381408691 6.110198497772217
3.9111146926879883 5.491972691088596 4.403133869171143 8.15629768371582
3.2060768604278564 6.048116757876187 4.49949836730957 9.298236846923828
7.896771430969238 9.419744043046592 3.4116480350494385 3.813678026199341
5.051714897155762 8.193038555978646 4.655661582946777 7.263946056365967
3.1980514526367188 5.271185408565771 5.134105682373047 9.978307723999023
3.842160940170288 5.9510969331962755 5.281313419342041 11.502792358398438
4.749824523925781 5.882091532828285 1.7329622507095337 1.794245719909668
4.185644626617432 6.146274341770095 2.043283700942993 2.6872751712799072
2.9521613121032715 5.768268328838843 2.302312135696411 3.5998826026916504
3.1746904850006104 5.500429138530855 2.43509840965271 4.220993518829346
5.165794849395752 6.302011885415381 1.838344693183899 1.9068719148635864
4.2897539138793945 6.895133472011139 2.1909971237182617 2.923737049102783
2.7663395404815674 4.771450430140563 2.4841387271881104 3.9867241382598877
3.772207498550415 6.134160113902908 2.631511688232422 4.713858127593994
5.706284046173096 7.135198071669606 2.0021722316741943 2.0818259716033936
5.393601417541504 7.85790242216558 2.41331148147583 3.276167154312134
4.032993316650391 6.230340393424285 2.747877597808838 4.545564651489258
4.266778945922852 7.495359871613346 2.9092564582824707 5.412380218505859
5.705556392669678 6.911913149881642 2.1774845123291016 2.2602720260620117
3.8713324069976807 6.31934555800915 2.5450003147125244 3.4217653274536133
3.5516910552978516 6.039120746811491 2.810260534286499 4.567841529846191
2.279801607131958 4.326961787268893 2.930478572845459 5.334270477294922
6.188023567199707 7.450285925449627 2.3315954208374023 2.4271256923675537
5.3644256591796875 8.390811115252404 2.7847249507904053 3.825497627258301
4.084476947784424 6.854282010219919 3.11063551902771 5.239355087280273
3.8157894611358643 6.123197816745687 3.251579761505127 6.180490970611572
6.795854091644287 8.541241250758036 2.5936691761016846 2.7105164527893066
5.404754638671875 8.491149296029505 3.1699278354644775 4.464271545410156
4.312340259552002 7.6420593137098365 3.569626808166504 6.256150245666504
4.1760993003845215 6.321655443178912 3.7263424396514893 7.424283981323242
5.983096122741699 7.188753221698789 2.779352903366089 2.8988287448883057
4.7640204429626465 7.585826817955763 3.1630022525787354 4.3503193855285645
3.780196189880371 5.759266132562516 3.365114212036133 5.6475510597229
2.6085572242736816 4.754175566959773 3.4333691596984863 6.487040042877197
6.767054080963135 8.077091237767984 2.98009991645813 3.122667074203491
5.105344295501709 8.188001754023606 3.5056772232055664 4.96584415435791
4.424655437469482 6.240730094241371 3.795531988143921 6.6468892097473145
3.058898687362671 5.917581782480646 3.8873419761657715 7.723516941070557
7.605574607849121 9.416569647041115 3.3490710258483887 3.532923936843872
5.722146987915039 9.795281660458215 4.079078197479248 5.961889743804932
4.712071418762207 7.179068266637842 4.478084087371826 8.205581665039062
4.401493549346924 6.315653246966899 4.580480098724365 9.586548805236816
4.627587795257568 5.676856426313975 3.1511335372924805 3.418520212173462
4.459171295166016 7.056841416042516 3.832181453704834 5.388146877288818
2.884000539779663 4.768482873153459 3.882796287536621 6.67404842376709
2.462965965270996 4.035792801804661 3.866600751876831 7.493168830871582
6.331146717071533 7.6201244426374615 3.4334633350372314 3.764962911605835
4.585206031799316 6.7703964799733285 4.266794204711914 6.222672939300537
4.196445941925049 7.126766622804723 4.427835941314697 7.976631164550781
3.857205390930176 6.5831492993856955 4.435717582702637 9.073586463928223
7.4351911544799805 9.198902592370189 3.9486067295074463 4.375556468963623
5.859497547149658 9.416160985821648 4.998043060302734 7.5654096603393555
5.026388168334961 8.18137211791327 5.306210994720459 10.018802642822266
3.8293538093566895 6.056613124083242 5.3209147453308105 11.485541343688965
3.8356151580810547 4.237039522118543 1.5224026441574097 1.5628130435943604
3.5289885997772217 5.309009165273238 1.765947699546814 2.273409128189087
1.8510210514068604 3.577215729672389 2.0222387313842773 3.1100058555603027
2.837313413619995 5.3038227241829645 2.1682095527648926 3.6666622161865234
4.502791404724121 5.079343682913986 1.5932440757751465 1.6395443677902222
4.120392322540283 6.475807902617875 1.8703123331069946 2.437161922454834
3.0892438888549805 5.917821900110994 2.1629843711853027 3.3978633880615234
2.021427869796753 3.629039295685196 2.326490879058838 4.042896270751953
5.413835525512695 6.491787257150463 1.6965197324752808 1.749955177307129
4.853048324584961 7.935426846245713 2.0192086696624756 2.672734022140503
3.540672779083252 6.0509854791338284 2.3588156700134277 3.803407669067383
3.452421188354492 5.493130449996599 2.54331636428833 4.5624189376831055
4.679830074310303 5.164993151771611 1.8389770984649658 1.873178482055664
3.371213674545288 5.215489547795869 2.1308786869049072 2.775358200073242
2.8963310718536377 5.396265943588009 2.4057345390319824 3.8193717002868652
2.516461133956909 4.768872460376485 2.54203724861145 4.495565414428711
5.584541320800781 6.374427523985993 1.9368001222610474 1.9856630563735962
5.02544641494751 7.776076310952476 2.2896101474761963 3.0460474491119385
3.410130023956299 6.257086587623462 2.627134323120117 4.304981708526611
2.5794451236724854 4.738644011037078 2.7899653911590576 5.1202898025512695
6.752213001251221 7.883566649950808 2.0905203819274902 2.1552438735961914
4.95494270324707 7.628689812933068 2.528395891189575 3.449580669403076
4.475240230560303 7.556271737454068 2.9469845294952393 5.009798526763916
4.019967079162598 7.021370371875371 3.1410248279571533 6.009601593017578
5.057766914367676 5.60311606299274 2.3434038162231445 2.3015871047973633
4.214903354644775 6.428977559794475 2.614290714263916 3.412233591079712
3.3251149654388428 5.47715694587086 2.8309037685394287 4.606081008911133
2.9387245178222656 4.947059353866223 2.919520378112793 5.3433966636657715
6.154234409332275 7.056024230834794 2.4629807472229004 2.454205274581909
5.194276332855225 8.482294323918573 2.8288791179656982 3.8160619735717773
3.1463427543640137 6.050473133108255 3.1362082958221436 5.31986665725708
3.0544238090515137 5.401010405696084 3.2590556144714355 6.240699291229248
7.684800148010254 8.853656828293083 2.666118621826172 2.6927378177642822
5.838711261749268 8.676549123943431 3.1677281856536865 4.431574821472168
4.396072864532471 6.701015619584268 3.5925469398498535 6.3743181228637695
3.4962716102600098 5.770891064255011 3.752234935760498 7.538578510284424
4.8926310539245605 5.244200951266066 2.3636906147003174 2.4662859439849854
4.250422477722168 6.228641530477034 3.236224889755249 4.261840343475342
3.1725192070007324 5.692781565474661 3.246170997619629 5.377567291259766
2.1244635581970215 3.4981095640671356 3.2496631145477295 6.0837812423706055
5.978379249572754 6.725410218118213 2.5340030193328857 2.674835443496704
3.9649288654327393 5.967174390768037 3.4981417655944824 4.813317775726318
3.226210594177246 4.566710043069081 3.626469373703003 6.310522079467773
2.5575926303863525 3.811861186497481 3.6675589084625244 7.22812557220459
7.4371185302734375 8.47807637004145 2.8182945251464844 3.007540225982666
5.823036193847656 8.164073551682804 3.9388866424560547 5.6759443283081055
5.283695220947266 8.38528081338768 4.206404209136963 7.705163478851318
4.139185905456543 6.28023771940375 4.28461217880249 8.895280838012695
3.9574475288391113 4.347333092312496 1.64168119430542 1.7000874280929565
3.8335869312286377 6.3124816279987 1.904863953590393 2.4992430210113525
2.6885602474212646 5.230779518995785 2.148709535598755 3.383762836456299
3.060758113861084 5.088035744354784 2.288806676864624 3.9753522872924805
4.725738525390625 5.493449451032859 1.7550694942474365 1.8222529888153076
3.7358758449554443 5.9628583656539575 2.0612213611602783 2.754946708679199
3.7289633750915527 6.099255144742472 2.333926200866699 3.778871536254883
1.8753371238708496 3.6656782360191507 2.4852113723754883 4.458606719970703
5.674585819244385 6.762878407708254 1.9396626949310303 2.018813133239746
3.5630011558532715 5.729266381092145 2.306370973587036 3.1466164588928223
3.287367343902588 6.674652699839279 2.6132972240448 4.368089199066162
3.7659077644348145 6.286876002740655 2.7725369930267334 5.165284633636475
4.815402507781982 5.343403026656233 2.004652500152588 2.083705425262451
4.190394401550293 6.8059576557373305 2.280647039413452 3.05865478515625
3.597254991531372 5.5740000425585094 2.5190505981445312 4.1375627517700195
2.9285013675689697 5.301246421772007 2.664057970046997 4.867473125457764
5.710236549377441 6.649790306798309 2.173496961593628 2.26899790763855
4.958083152770996 7.876154906988795 2.529935598373413 3.484895706176758
3.083019971847534 4.288766418156229 2.8131675720214844 4.795986652374268
3.3537166118621826 6.43374121953606 2.9707083702087402 5.6642866134643555
6.789688587188721 7.972467989209015 2.472395896911621 2.5933616161346436
5.871824264526367 8.393182847212188 2.9462220668792725 4.18577241897583
4.122044563293457 7.301534979350645 3.2842750549316406 5.848363876342773
3.868285894393921 7.052324738720316 3.446998357772827 6.9093918800354
5.265106678009033 5.884880453054393 2.5399954319000244 2.6675314903259277
4.343190670013428 6.468868782754782 2.7046520709991455 3.6998116970062256
3.35973858833313 5.7700088006426995 2.8654251098632812 4.864822864532471
2.868241786956787 4.9229325607185075 2.996586561203003 5.692388534545898
6.293698787689209 7.319301704722989 2.7642409801483154 2.916203498840332
4.381594657897949 6.599915620330464 3.0438363552093506 4.302563190460205
4.309779167175293 6.977911959167571 3.2657134532928467 5.794190406799316
2.3937630653381348 4.547139333308365 3.408632755279541 6.804812908172607
7.534138202667236 8.86481667318047 3.1788599491119385 3.374694347381592
6.3511528968811035 9.234667989114804 3.634899854660034 5.341102600097656
3.4897220134735107 5.480958962691497 3.9347286224365234 7.3536763191223145
4.039145469665527 5.706965662097012 4.077284336090088 8.625125885009766
5.362285137176514 6.042207472403064 2.622253656387329 2.9308125972747803
4.638246536254883 6.558639476321343 3.152385711669922 4.409564018249512
3.6436643600463867 5.445023668295167 3.1456751823425293 5.461377143859863
3.173220634460449 5.819791348675883 3.249174118041992 6.337067604064941
6.319581985473633 7.3244395774764115 2.9276950359344482 3.2877414226531982
5.351362228393555 7.568647995888341 3.5629894733428955 5.165887355804443
4.2149176597595215 6.8975978203142745 3.6305975914001465 6.6172685623168945
2.6689300537109375 3.9614220895427934 3.744386911392212 7.707101345062256
7.625698089599609 8.85630494109455 3.518665075302124 3.975520610809326
6.076241970062256 8.629032964989648 4.290121555328369 6.471294403076172
5.208129405975342 6.644315898115368 4.463974952697754 8.618151664733887
3.7139902114868164 4.8891350225030905 4.57168436050415 10.014626502990723
4.3393073081970215 4.85049618729056 1.6436971426010132 1.684805154800415
3.894526720046997 5.975541695589236 1.9084923267364502 2.4348974227905273
3.0593631267547607 5.090649609419959 2.172903299331665 3.2417409420013428
2.7917816638946533 4.845494801540955 2.3160011768341064 3.7973246574401855
4.9877119064331055 5.85258736540203 1.7261526584625244 1.7733898162841797
4.412193775177002 7.08135314898891 2.0297093391418457 2.6233036518096924
3.5221099853515625 5.805260798236349 2.3345260620117188 3.568258285522461
2.5507891178131104 4.87408698623975 2.4980084896087646 4.227785110473633
5.733365535736084 6.892205528441643 1.8515838384628296 1.9067195653915405
4.730813980102539 7.430151914287308 2.207529067993164 2.896911382675171
4.127457141876221 7.103396048494687 2.56367826461792 4.025958061218262
4.165772914886475 6.945868026522476 2.7505805492401123 4.819175720214844
5.216463088989258 5.9009992172998125 2.055245876312256 2.0936594009399414
3.8908486366271973 5.851380260857738 2.383502244949341 3.074201822280884
2.9982879161834717 4.661576502690991 2.67462420463562 4.113770484924316
3.5775747299194336 6.247737974590056 2.8078384399414062 4.802635669708252
5.9672088623046875 6.987998079429644 2.1738057136535645 2.22165584564209
4.785483360290527 6.430842975008659 2.5734987258911133 3.3839619159698486
3.9739596843719482 6.001729469043396 2.9358036518096924 4.6639251708984375
2.919713020324707 5.041287758433722 3.10269832611084 5.5261969566345215
6.844752788543701 8.114068974874954 2.37093186378479 2.4336187839508057
4.785486698150635 7.183582150063103 2.8721535205841064 3.8624844551086426
4.208140850067139 7.306715489139435 3.3266260623931885 5.473691463470459
4.0914306640625 7.182104430697109 3.5293495655059814 6.564037322998047
5.537557125091553 6.334763914901714 2.625217914581299 2.6822824478149414
5.223079204559326 7.384106652209894 2.987950325012207 3.921712636947632
3.7927358150482178 5.883207623208705 3.241129159927368 5.139206886291504
3.128260612487793 5.542910117408837 3.324368476867676 5.892120838165283
6.538548469543457 7.642443949831431 2.7851381301879883 2.8525540828704834
5.31791877746582 7.870958617894644 3.254478693008423 4.38352108001709
4.311048984527588 6.332949675046592 3.6099557876586914 5.947449684143066
3.362002372741699 6.139586985457527 3.738905906677246 6.938357353210449
7.62685489654541 9.023309578675857 3.0661814212799072 3.156076192855835
5.893252372741699 8.827524984154252 3.694898843765259 5.122460842132568
5.308387756347656 7.678165843562738 4.184466361999512 7.172077178955078
4.725388526916504 7.478339590872687 4.359199523925781 8.479649543762207
5.825664043426514 6.61845179181455 2.7541732788085938 2.9273295402526855
4.462534427642822 5.948395850141878 3.6054840087890625 4.920036315917969
2.9265692234039307 4.048865590096284 3.7705399990081787 6.159861087799072
2.1194491386413574 3.5114744758036522 3.7769596576690674 6.886044979095459
6.6241960525512695 7.702011634185624 2.973996162414551 3.1753854751586914
5.518819808959961 7.541466167644785 3.9432811737060547 5.546133518218994
3.717956304550171 6.7822280687682905 4.228546619415283 7.207744598388672
4.377709865570068 6.2430553194310505 4.293309688568115 8.21618366241455
6.1638665199279785 7.028010286912133 3.3479509353637695 3.6044392585754395
6.07642126083374 9.450680647867221 4.513298988342285 6.575189113616943
4.382836818695068 6.400696911472323 4.962210655212402 8.81381607055664
4.019669532775879 6.1408661303048575 5.0821356773376465 10.200172424316406
3.9558210372924805 4.498858111122161 1.581228494644165 1.6308156251907349
3.9596126079559326 6.785709754392384 1.870129108428955 2.415178060531616
3.2178165912628174 5.757449825200069 2.153181791305542 3.310340166091919
2.309006929397583 5.016362264732955 2.320310115814209 3.9395790100097656
4.668497085571289 5.445173385272217 1.6650829315185547 1.7210674285888672
4.690977573394775 7.7074430313017785 1.9842439889907837 2.6049864292144775
3.1873819828033447 5.384465558326724 2.300515651702881 3.6392741203308105
3.7748849391937256 7.489675205670665 2.488354206085205 4.377207279205322
5.481455326080322 6.795809265424424 1.7922618389129639 1.8557229042053223
4.591787338256836 7.841313163371071 2.1555538177490234 2.8743362426757812
3.8320157527923584 6.49027118199615 2.5178351402282715 4.097215175628662
3.9039950370788574 7.2021536258453125 2.731656312942505 4.98012113571167
4.8130669593811035 5.513483728239294 1.8994812965393066 1.9545340538024902
4.083500862121582 6.620474567036126 2.261936664581299 2.953491687774658
2.7338063716888428 4.90446519552836 2.5967955589294434 4.105772972106934
1.9151511192321777 3.2180171855820845 2.778606653213501 4.912600517272949
5.651033401489258 6.700042958007089 2.016968250274658 2.0842154026031494
5.038662433624268 7.490608572919771 2.4346046447753906 3.2547459602355957
3.2831006050109863 5.587022148963348 2.8288590908050537 4.6464738845825195
2.2636239528656006 3.4625783559989713 3.0454280376434326 5.632851600646973
6.661681652069092 8.155999410777488 2.2129452228546143 2.2952792644500732
5.301212787628174 8.892277458418228 2.713361978530884 3.709667444229126
4.860475540161133 8.142405853957849 3.1895787715911865 5.435100078582764
3.808068037033081 7.524132073188412 3.4483978748321533 6.66717004776001
5.28018045425415 6.097000570012568 2.401273727416992 2.440495729446411
4.006741046905518 5.763242648018434 2.801452159881592 3.6642372608184814
3.546447992324829 6.985809809887722 3.1266098022460938 5.024998664855957
2.5413753986358643 5.0001861433572685 3.279442548751831 5.960031986236572
6.386466979980469 7.562626398262736 2.5394093990325928 2.600496292114258
5.48063325881958 8.400871902304289 3.027902603149414 4.084314346313477
4.547426223754883 7.28995048960337 3.442138433456421 5.799115180969238
3.6634066104888916 6.603594108928178 3.6439435482025146 6.984640121459961
7.706523418426514 9.33515931188606 2.8010191917419434 2.8891453742980957
6.098676681518555 9.163496668472146 3.4229416847229004 4.756417751312256
4.346857070922852 7.595741675031565 3.9577221870422363 6.965033531188965
3.8143630027770996 6.485079787797304 4.216237545013428 8.49385929107666
5.204144477844238 6.081537382779516 2.460092306137085 2.60871958732605
4.623296737670898 7.533657895213707 3.649285316467285 4.836679935455322
3.14953875541687 5.603913884599933 3.740788221359253 6.096338748931885
3.114807605743408 6.095619419976629 3.7784430980682373 6.980874538421631
6.551663398742676 7.652593659335253 2.6377227306365967 2.819467067718506
5.160439968109131 7.250701123776675 3.904289484024048 5.40885066986084
3.9207675457000732 7.234921767579749 4.121761322021484 7.069028854370117
3.3130218982696533 5.781594453370062 4.2230448722839355 8.278016090393066
7.814116954803467 9.235500650216707 2.953075647354126 3.183370590209961
6.390919208526611 10.110647711457048 4.388209819793701 6.384617805480957
3.6131017208099365 6.4713843656118115 4.7684760093688965 8.566192626953125
4.079930782318115 7.247010463176804 4.937766075134277 10.205262184143066
4.362912178039551 5.140925585374426 1.57784903049469 1.6474889516830444
3.7295193672180176 6.198912047600061 1.8411316871643066 2.5716609954833984
1.8772855997085571 3.460598576765051 2.1219751834869385 3.5231611728668213
2.7150163650512695 4.784441511453053 2.2782912254333496 4.110105037689209
4.980843544006348 6.0378220681844255 1.6705598831176758 1.7476584911346436
3.756328821182251 6.9202416207102715 1.963752031326294 2.7887721061706543
3.8028836250305176 6.603940572752851 2.273422956466675 3.889096736907959
3.123593807220459 5.489518501141674 2.444979190826416 4.576131820678711
5.641583442687988 6.906739397400727 1.8208473920822144 1.9088319540023804
4.4357733726501465 7.656368217024237 2.154222011566162 3.113417148590088
4.0416035652160645 6.209748204521475 2.494656562805176 4.407914638519287
2.972240924835205 5.257973260829033 2.6808700561523438 5.223464488983154
5.114118576049805 6.050594557336808 1.9258217811584473 2.011559009552002
4.19149923324585 7.518067175926092 2.1519572734832764 3.0873618125915527
3.175654411315918 5.911353453086804 2.454926013946533 4.269106864929199
2.210373878479004 4.485138731370171 2.637054920196533 5.002422332763672
5.857456684112549 7.0253629508392805 2.065636396408081 2.1652956008911133
4.888748645782471 8.18231574529905 2.347755193710327 3.439274549484253
3.469959259033203 6.620197386549336 2.6930601596832275 4.860753059387207
2.4251599311828613 4.251794701739982 2.8976519107818604 5.754557132720947
6.68841552734375 8.317335944264507 2.315448522567749 2.437005043029785
5.46076774597168 8.742452439641113 2.6757543087005615 4.009016513824463
3.8691723346710205 6.808485281665924 3.0622663497924805 5.7506866455078125
4.098094940185547 6.847078412382899 3.2830865383148193 6.8501410484313965
5.540966987609863 6.5561197400028135 2.4429445266723633 2.550474166870117
3.9229323863983154 6.771725884402713 2.497436761856079 3.644418478012085
3.2979471683502197 6.471241405139182 2.757566213607788 4.97777795791626
2.5222604274749756 4.82443021809462 2.957599401473999 5.825142860412598
6.449956893920898 7.693749013632896 2.6286020278930664 2.7605042457580566
4.6004157066345215 7.342748022504566 2.7680110931396484 4.142719268798828
3.72483229637146 7.280377786089019 3.081803560256958 5.798686981201172
3.4361472129821777 5.937929591966935 3.30916690826416 6.862910270690918
7.511485576629639 9.208420512790326 2.985865354537964 3.156613349914551
5.878629207611084 8.351598638717473 3.248054265975952 4.997808456420898
4.321043968200684 7.7913335330831615 3.609529972076416 7.091221809387207
3.636563777923584 6.90576829987981 3.8485605716705322 8.426751136779785
5.614219665527344 6.283963178431463 2.568753719329834 2.8679745197296143
4.709541320800781 8.067159088421334 2.8528871536254883 4.2042236328125
3.1504693031311035 6.432604706763492 2.9954934120178223 5.55304479598999
2.3505468368530273 4.686110979750251 3.203598976135254 6.468626022338867
6.577876091003418 7.701917411185605 2.805237054824829 3.1661815643310547
5.596398830413818 9.220075064075445 3.1892402172088623 4.845724105834961
4.182086944580078 8.243522666604548 3.3906283378601074 6.565728187561035
3.084077835083008 6.060801788891412 3.628582239151001 7.739230632781982
7.6179022789001465 8.71806044064752 3.269514799118042 3.72513484954834
6.021963119506836 9.75222076577856 3.8065428733825684 5.975341796875
4.51059627532959 8.401969603843751 4.055819988250732 8.210783004760742
3.0786333084106445 5.339855391946253 4.296723365783691 9.696813583374023
3.813497543334961 4.545542279362846 1.681677222251892 1.7409000396728516
3.596184253692627 5.438327860752963 1.9856553077697754 2.6305551528930664
3.0349552631378174 5.298121133070254 2.2594361305236816 3.581301689147949
1.5741205215454102 2.3349094317891286 2.4045157432556152 4.2335052490234375
4.641653060913086 5.678059525193362 1.7757282257080078 1.842349648475647
4.435993194580078 6.449578012851134 2.1256561279296875 2.8576998710632324
3.082470417022705 5.4409466185411475 2.4443421363830566 3.9616127014160156
2.634939670562744 4.817721951160309 2.6125638484954834 4.72254753112793
5.627031326293945 6.873830853302676 1.9202766418457031 1.997278094291687
5.098508834838867 8.08117926266236 2.3328466415405273 3.1911094188690186
4.070565700531006 6.918598533980777 2.7084455490112305 4.508068561553955
3.593926429748535 6.7719332641818255 2.903517723083496 5.416398525238037
4.568370819091797 5.492198393720628 2.1021955013275146 2.172409772872925
3.931955099105835 5.208149881624934 2.487751007080078 3.3558225631713867
2.0457711219787598 3.984379380784853 2.79646635055542 4.594813346862793
2.782547950744629 4.480246816704058 2.9355390071868896 5.420118808746338
5.5364813804626465 6.740489581905422 2.2372446060180664 2.3217482566833496
4.8192291259765625 7.442421918047614 2.7129502296447754 3.7420156002044678
3.6898670196533203 6.090251147017852 3.102113723754883 5.260842323303223
3.301614999771118 5.274684179504561 3.277853488922119 6.275557041168213
6.697238922119141 8.051325440104847 2.4678826332092285 2.5732991695404053
4.966074466705322 6.325396040387346 3.0694046020507812 4.344199180603027
4.51119327545166 6.87322507422607 3.5594544410705566 6.254664421081543
4.141493320465088 5.945997610655155 3.7740437984466553 7.52130651473999
4.993823051452637 5.942514297814569 2.659034490585327 2.767749309539795
4.635261535644531 7.708725487927146 3.090517520904541 4.270359992980957
3.6079187393188477 6.011467527672131 3.3793604373931885 5.7249345779418945
1.9761016368865967 3.1970590118212954 3.4770545959472656 6.657007694244385
6.164851188659668 7.348572629831899 2.836454153060913 2.963444471359253
4.523688316345215 7.322696752073853 3.414848566055298 4.8491435050964355
3.497896194458008 5.937408342107446 3.81645131111145 6.716339588165283
3.8124125003814697 6.007611606789055 3.9608263969421387 7.913188457489014
7.541609287261963 8.987189536599374 3.1692235469818115 3.331451416015625
6.19341516494751 8.419177607263588 3.950443744659424 5.790711879730225
4.839047431945801 7.0261605637549565 4.489819526672363 8.23073959350586
4.064321994781494 6.693485613223409 4.680150032043457 9.76744270324707
4.079017162322998 4.813080214654292 2.9126133918762207 3.152164936065674
4.783517837524414 6.589422218162554 3.6999876499176025 5.314514636993408
3.8802709579467773 6.004891969243772 3.8992886543273926 6.778203964233398
3.0339126586914062 4.911739723140954 3.9362964630126953 7.725444793701172
6.09370756149292 7.013061871896554 3.178476095199585 3.469649314880371
5.190093517303467 7.284650786801365 4.100104331970215 6.099372863769531
3.4996776580810547 5.075957335860949 4.451111316680908 8.05579662322998
2.9705123901367188 5.248065751725903 4.5381598472595215 9.324923515319824
7.6516571044921875 9.014098615821077 3.647399425506592 4.033555507659912
6.407038688659668 9.106630888669315 4.797769546508789 7.3744096755981445
5.065160751342773 7.117536481731939 5.310816764831543 10.032808303833008
3.623945474624634 5.988098604967888 5.445136547088623 11.697561264038086
4.378969669342041 4.976588223194881 1.5071722269058228 1.555939793586731
4.123374938964844 7.071615732575083 1.7442072629928589 2.255147933959961
3.4973526000976562 6.896330201434004 1.9870387315750122 3.0682992935180664
3.274430751800537 6.665587821136057 2.142183542251587 3.6464312076568604
4.881155490875244 5.776154496334357 1.579643964767456 1.630994439125061
4.254815101623535 6.9940466808964175 1.8466066122055054 2.411637783050537
2.805413246154785 5.103313780690996 2.124189853668213 3.344743490219116
2.5719215869903564 5.597285283262863 2.300375461578369 4.019457817077637
5.608002662658691 6.787708871118934 1.6860430240631104 1.7425541877746582
4.449983596801758 8.041868190905717 1.997761845588684 2.646812677383423
3.691058397293091 6.864009021938514 2.325112819671631 3.751995325088501
3.369860887527466 7.171234478522592 2.529153347015381 4.5583295822143555
5.437283039093018 6.201304441578486 1.8026421070098877 1.8703103065490723
4.827127933502197 7.980377083495281 2.0615901947021484 2.6949856281280518
3.7301700115203857 7.012796161700862 2.3066816329956055 3.686072587966919
3.1213600635528564 5.955940276604679 2.465015172958374 4.396007061004639
6.104788303375244 7.215162462756128 1.9090759754180908 1.9770872592926025
4.800228118896484 8.196008336862686 2.21987247467041 2.946528911590576
3.8172965049743652 6.378523739831053 2.5214271545410156 4.138472080230713
3.664499521255493 7.478330478528591 2.712009906768799 5.005505084991455
7.030362129211426 8.38011918680462 2.074167013168335 2.1489665508270264
5.7625250816345215 9.583288995266322 2.4678657054901123 3.348206043243408
4.954379081726074 8.382526524630975 2.8546411991119385 4.8433122634887695
4.218771934509277 7.499424026830887 3.089540481567383 5.931422233581543
5.89956521987915 6.788664320982207 2.2358996868133545 2.3489651679992676
4.8653764724731445 7.4708435436405125 2.460916042327881 3.248958110809326
4.117434024810791 6.120972690248834 2.638744592666626 4.32573127746582
3.5697364807128906 7.047065547194052 2.763920545578003 5.113364219665527
6.894159317016602 8.084068920167013 2.3673219680786133 2.4900052547454834
4.894034385681152 8.109719307723708 2.677168130874634 3.6060595512390137
4.664795875549316 8.228134398952193 2.9314541816711426 4.961015224456787
3.3377106189727783 5.823494688360656 3.096787691116333 5.9600701332092285
8.095256805419922 9.46866195419716 2.594409942626953 2.728844165802002
5.798898220062256 9.196158923326038 3.036285161972046 4.203740119934082
4.80826473236084 7.885609480388027 3.4064624309539795 5.99484395980835
4.829284191131592 8.358650415729144 3.628006935119629 7.297510623931885
5.856762886047363 6.180744767298506 2.34513521194458 2.5572187900543213
4.663362503051758 7.650330312693313 3.1321284770965576 4.276818752288818
4.35950231552124 8.013389145154754 2.958202838897705 4.934759140014648
2.86543607711792 4.810755709555023 3.0065207481384277 5.702910423278809
6.933991432189941 7.457136467509372 2.521867513656616 2.748887300491333
3.894254207611084 6.973466809960371 3.3805179595947266 4.693990230560303
4.293307781219482 7.644524709547937 3.31430983543396 5.724549770355225
3.961291790008545 6.760840274017378 3.407888174057007 6.743607044219971
7.801447868347168 8.074857014073391 2.8096799850463867 3.0681936740875244
6.148411750793457 9.853132588466387 3.8022117614746094 5.492145538330078
5.290733814239502 9.022312252032044 3.910972833633423 7.050799369812012
4.6453938484191895 8.275579409782694 4.068195819854736 8.434767723083496
4.121298789978027 4.913835328578898 1.5133024454116821 1.5677087306976318
3.749903440475464 6.484148850447127 1.7943609952926636 2.361379861831665
3.0204572677612305 5.753176920042006 2.074910879135132 3.255403995513916
3.5109856128692627 6.110494618855057 2.245025634765625 3.886861801147461
4.694751262664795 5.669946080970249 1.5968146324157715 1.6552871465682983
3.1890225410461426 5.118528538799893 1.9117262363433838 2.5424418449401855
3.588956594467163 6.557932942768048 2.230626106262207 3.5749526023864746
2.4745123386383057 4.590898168903649 2.423490285873413 4.317697525024414
5.610869407653809 6.84641146874867 1.7271757125854492 1.7915337085723877
5.044554710388184 8.130316660638869 2.0905869007110596 2.8120434284210205
3.905919313430786 4.903313270424871 2.462608814239502 4.040813446044922
3.387338638305664 6.627820636345405 2.6860055923461914 4.937553405761719
5.216547012329102 6.177946416730265 1.7007478475570679 1.7639135122299194
3.385321855545044 6.169015070324349 2.0422916412353516 2.748417854309082
3.3124470710754395 5.063906105041042 2.3920485973358154 3.888395309448242
2.5461015701293945 5.050116989354771 2.5974953174591064 4.699215888977051
5.859910011291504 6.970493701463511 1.825113296508789 1.8953335285186768
4.134111404418945 6.107283238139459 2.2236392498016357 3.03877854347229
4.302057266235352 7.143159064214899 2.6380279064178467 4.414078235626221
2.5665283203125 4.826872974523212 2.8800323009490967 5.4113030433654785
6.744961738586426 8.065376725797705 2.0363380908966064 2.1184005737304688
5.275726318359375 8.410721665631684 2.523125648498535 3.5054280757904053
4.820796489715576 7.080978361182205 3.0295305252075195 5.23095178604126
4.276539325714111 7.366694096606437 3.3199329376220703 6.49500846862793
5.6862287521362305 6.7425570240274055 1.8830169439315796 1.9495104551315308
4.827531337738037 7.327945422562152 2.2739644050598145 3.122924327850342
4.129813194274902 7.040579169262855 2.683828830718994 4.4843950271606445
3.295839309692383 5.790867621729319 2.913957118988037 5.44923734664917
6.456993103027344 7.656317052369559 2.043750286102295 2.122063159942627
5.31240701675415 7.350120060266391 2.517144203186035 3.52327823638916
4.271063327789307 6.65122598488658 3.0189545154571533 5.2203474044799805
3.5702085494995117 6.652539403367143 3.298534393310547 6.444988250732422
7.5733723640441895 9.102997302741926 2.3405299186706543 2.4393608570098877
6.707870006561279 9.780825577502299 2.95015025138855 4.214649200439453
4.957226276397705 7.279527918874865 3.582270383834839 6.423579692840576
4.341807842254639 7.725307533641171 3.9235575199127197 8.022276878356934
5.129662036895752 5.767479194109626 2.227487564086914 2.4450292587280273
4.477383136749268 6.014893951629516 2.524097442626953 3.533324718475342
3.923105239868164 6.735720638332545 2.923496961593628 4.975330829620361
3.1661593914031982 5.508218523279908 3.160332679748535 6.0407395362854
6.097186088562012 7.1709423405427515 2.4350948333740234 2.683553457260132
5.280099868774414 7.467622810895193 2.8107564449310303 4.0147786140441895
4.1880574226379395 7.466617677795284 3.3317251205444336 5.8880534172058105
3.5982775688171387 5.0633931394347655 3.6273796558380127 7.269813060760498
7.466802597045898 8.828819188327117 2.8162379264831543 3.1230947971343994
6.350871562957764 9.380245557465514 3.359243631362915 4.903957843780518
5.0514044761657715 8.246917440096809 4.045506000518799 7.434663772583008
4.070271015167236 6.72395180500809 4.4082746505737305 9.268447875976562
4.256436824798584 4.830986551922365 1.6186870336532593 1.6675595045089722
2.923367977142334 4.46830112352427 1.9099617004394531 2.503405809402466
2.3861606121063232 4.196867799920643 2.222913980484009 3.4815003871917725
2.3829030990600586 5.01599313083841 2.404979705810547 4.144075870513916
4.582202911376953 5.425201944197909 1.6934313774108887 1.7438989877700806
4.3011908531188965 7.611925247848774 2.021890163421631 2.674038887023926
3.802546977996826 7.87317435353096 2.380383014678955 3.801119327545166
3.186445951461792 6.713745914638736 2.591675043106079 4.579888343811035
5.1219868659973145 6.286886355544908 1.795745611190796 1.8507968187332153
4.988076210021973 7.607904739681544 2.172032594680786 2.910853385925293
3.849226236343384 7.41914721702362 2.5899360179901123 4.240135192871094
3.3616726398468018 6.001913261068472 2.838406562805176 5.174846649169922
5.190890789031982 5.93348681777934 1.9586681127548218 2.0158417224884033
4.394046783447266 7.072531244763695 2.324615955352783 3.1017370223999023
4.109723091125488 6.990424416959286 2.701921224594116 4.389435291290283
1.999494194984436 3.8234673963209502 2.909327268600464 5.252721309661865
5.677548885345459 6.705691058514844 2.0591940879821777 2.119596004486084
5.058197498321533 6.312550110976531 2.490060329437256 3.3715479373931885
3.5801143646240234 5.860465414730765 2.943307876586914 4.917135715484619
2.0876641273498535 4.387746886555334 3.197636842727661 5.9776458740234375
6.461948871612549 7.797897334532536 2.2012486457824707 2.2693960666656494
5.7707929611206055 9.050638557258935 2.7178285121917725 3.7543842792510986
4.341418743133545 7.312926973191679 3.272331953048706 5.656772613525391
2.6074888706207275 3.2174607176595487 3.588200807571411 6.984565258026123
5.423417568206787 6.265008260888509 2.469399929046631 2.491554021835327
4.099507808685303 6.751358061660994 2.828338861465454 3.8218047618865967
2.8221936225891113 5.951709173993578 3.1992340087890625 5.349940776824951
2.394810199737549 3.6610525927754907 3.4028685092926025 6.36434268951416
6.327085018157959 7.425194545212435 2.581005811691284 2.626943826675415
4.756387710571289 7.422892292056769 3.044002056121826 4.207448959350586
3.2249698638916016 6.021403188970652 3.525749444961548 6.102540969848633
3.5236217975616455 6.304011648851628 3.791919469833374 7.391875267028809
7.511748790740967 9.06738324911089 2.7533321380615234 2.8231825828552246
5.0278639793396 7.176390079653174 3.3536179065704346 4.762660503387451
4.913546562194824 8.380151264680368 3.9807958602905273 7.179194927215576
4.13301944732666 7.76052758481211 4.329890251159668 8.841626167297363
5.679056644439697 6.460431572363632 2.482942581176758 2.635031223297119
5.060717582702637 7.4618756549370335 3.4095659255981445 4.687978744506836
3.779451370239258 7.091477265398225 3.637183904647827 6.212451457977295
2.491502285003662 5.191107928807696 3.8079311847686768 7.294294357299805
5.981104850769043 6.916301657397526 2.640375852584839 2.8190417289733887
4.820452690124512 8.131203041154974 3.655686378479004 5.174036502838135
3.905979871749878 6.4358345364783105 4.0342864990234375 7.163731575012207
3.1570167541503906 5.192309711047363 4.2801618576049805 8.577813148498535
7.645238876342773 9.067743705312168 2.8778538703918457 3.093369245529175
6.638605117797852 9.977579538245095 4.0331292152404785 5.918251037597656
4.493628978729248 7.433887713463792 4.600703716278076 8.547396659851074
2.77380633354187 5.212224616209738 4.942747592926025 10.413690567016602
8.149001121520996 10.32791456421711 3.1858017444610596 3.371096611022949
5.1335954666137695 9.003280654336713 4.4299468994140625 6.938762664794922
3.3012611865997314 5.254129996322888 5.5806498527526855 11.50927734375
2.9748358726501465 4.608685969017529 6.096347332000732 14.45479965209961
10.344220161437988 13.104888816010316 3.844087600708008 4.1216912269592285
6.996748447418213 11.310649036441305 5.7769646644592285 9.673476219177246
5.556778430938721 10.566946976291774 7.44863224029541 16.42595100402832
4.157905578613281 6.6615739563825755 8.107369422912598 20.454345703125
13.699485778808594 17.185064753153313 5.245591640472412 5.776169300079346
8.288863182067871 13.1343415159767 8.84182357788086 15.985957145690918
5.671583652496338 9.176731950037947 11.366433143615723 26.370271682739258
5.936511039733887 8.979407367762406 12.116652488708496 31.76116371154785
11.618436813354492 14.179128699193711 4.812417984008789 5.198617935180664
5.828304290771484 10.430383561363215 7.5206122398376465 12.860616683959961
3.872335195541382 7.002765858713133 9.640563011169434 21.467348098754883
3.3313467502593994 6.026148524020113 10.338850975036621 26.17767333984375
15.515828132629395 18.96263306400999 6.421354293823242 7.14371919631958
9.614996910095215 15.481840463693516 11.261798858642578 20.807323455810547
6.378417015075684 10.655568072623225 14.380231857299805 33.59779739379883
4.795706748962402 8.174754899861135 15.14876651763916 39.73469924926758
20.30973243713379 24.13460608807486 10.830388069152832 12.882555961608887
11.060430526733398 15.58235853117651 20.87769889831543 40.23631286621094
8.763318061828613 14.532559305294171 24.794971466064453 57.08595275878906
6.603756904602051 10.164264851305585 24.97699737548828 63.525630950927734
13.61104965209961 16.46967707807528 7.441067218780518 8.180316925048828
8.069709777832031 12.745122288778248 11.93567180633545 21.3084659576416
4.579384803771973 7.809018301772994 14.807971954345703 33.53160095214844
3.924664258956909 5.648838628975355 15.43458366394043 39.249542236328125
18.83660888671875 22.38263944520847 11.053727149963379 12.788753509521484
11.784991264343262 17.293816373260142 19.563451766967773 37.16650390625
7.436551570892334 12.280874701258426 23.3239803314209 53.66166687011719
6.044809341430664 9.972391181418516 23.619783401489258 60.22820281982422
22.62657928466797 24.737074126865615 23.10399627685547 30.1108341217041
12.606429100036621 18.012405526033138 38.04418182373047 71.0784683227539
9.241853713989258 14.879410425853365 40.953269958496094 87.88116455078125
7.15765905380249 11.802861372538473 39.553165435791016 92.88561248779297
13.671130180358887 15.329092630301698 11.881272315979004 14.085334777832031
10.037893295288086 14.077417634048324 16.84671401977539 30.247560501098633
5.635198593139648 9.093925046985532 19.679847717285156 44.112327575683594
5.400852680206299 9.69442232039819 20.005624771118164 50.05409240722656
18.205507278442383 20.19660535326308 19.90070343017578 24.891061782836914
12.392467498779297 17.595668770910834 28.30430030822754 53.188419342041016
8.148550987243652 13.206072134928647 31.434246063232422 69.94974517822266
7.28617000579834 12.464865425934477 30.950429916381836 75.95536041259766
20.00797462463379 20.4983107710882 36.85703659057617 52.9979362487793
12.731205940246582 17.242815791113067 53.111690521240234 94.96588897705078
9.451568603515625 14.574571761622963 53.864871978759766 109.12602996826172
7.875021457672119 12.67918254686846 51.04243087768555 112.63275909423828
8.406896591186523 9.900557421681015 2.9680697917938232 3.114678382873535
6.461987018585205 9.834900455463412 3.8513808250427246 5.715439319610596
4.375211715698242 7.0181838054474 4.726907730102539 8.9491605758667
2.9446794986724854 5.2597210891833015 5.193971157073975 11.207169532775879
9.602603912353516 11.709164485081345 3.5085041522979736 3.7164270877838135
6.5416035652160645 10.532196965205177 4.788209915161133 7.511401653289795
4.641831398010254 8.633791589806833 5.970705986022949 12.079997062683105
4.004530906677246 5.743021302766259 6.565608501434326 15.158428192138672
11.479742050170898 14.476030907262206 4.529123783111572 4.874868392944336
7.338541507720947 11.872220037950683 6.591191291809082 11.02051067352295
4.820991516113281 8.342629443780837 8.238347053527832 17.749187469482422
4.740067481994629 7.267583784654107 8.975113868713379 21.973758697509766
11.207298278808594 13.136185392368315 4.311521053314209 4.602519989013672
5.01651668548584 7.064716456900328 6.026373863220215 9.689483642578125
4.425061225891113 7.49643044327123 7.479761123657227 15.402174949645996
2.8963756561279297 4.333393856833197 8.150411605834961 19.038925170898438
13.04751968383789 15.790575840916063 5.5102081298828125 6.0108442306518555
7.163553714752197 9.69307883846409 8.307623863220215 14.359634399414062
5.325707912445068 8.62083896646254 10.291608810424805 22.604516983032227
3.641819715499878 5.4608627522286675 11.093156814575195 27.446319580078125
15.996652603149414 19.627669419245244 8.137557983398438 9.268306732177734
9.658458709716797 14.810729732129175 13.254264831542969 24.44217300415039
6.1778106689453125 10.459394748585055 15.80948543548584 36.06678771972656
6.388689041137695 11.534237197774019 16.55075454711914 42.095401763916016
13.268743515014648 15.353442491711121 5.9068922996521 6.439687728881836
8.202311515808105 12.570828320890314 8.735118865966797 14.826062202453613
5.105645179748535 7.933477082574683 10.673051834106445 22.887598037719727
2.407027244567871 3.5677858850125936 11.440896987915039 27.551328659057617
15.97713851928711 18.77011532189863 8.089805603027344 9.171927452087402
9.608927726745605 14.634884645771194 13.003629684448242 23.707324981689453
7.257917881011963 12.010511560378745 15.49704647064209 34.9217414855957
5.583958148956299 9.855453722389559 16.240148544311523 40.69804763793945
19.557588577270508 22.577004078574873 13.588876724243164 16.720075607299805
12.195392608642578 17.938621157900343 22.57895851135254 42.71477127075195
8.12164306640625 13.04155820340668 25.110225677490234 56.63911056518555
7.515076637268066 12.259555305793583 25.230987548828125 62.75078201293945
14.250454902648926 16.15688166300572 7.420914173126221 8.265518188476562
8.864581108093262 11.354155010716568 11.355371475219727 19.838787078857422
5.054816246032715 8.004013911180351 13.533407211303711 29.444562911987305
4.7026166915893555 7.044907914922382 14.284988403320312 34.62675857543945
17.620975494384766 19.9641014709714 10.701659202575684 12.643759727478027
11.564350128173828 16.66141761604615 17.615055084228516 32.74403762817383
8.204253196716309 12.639673170426931 20.186641693115234 45.46471405029297
6.27694034576416 9.566562765033495 20.682085037231445 51.418827056884766
20.22003173828125 21.818734309983483 19.74320411682129 26.3455810546875
12.632597923278809 17.513785461982707 31.51927947998047 59.04464340209961
9.35269832611084 14.763130870953319 33.31094741821289 73.0141830444336
7.436874866485596 11.777214103021123 32.57937240600586 78.39077758789062
7.611606597900391 8.898553377302846 2.8759689331054688 3.0043787956237793
6.013087272644043 9.462643711905002 3.730231285095215 5.460927963256836
2.235135078430176 3.2883083071148462 4.650062084197998 8.741745948791504
2.2868869304656982 3.742345002762619 5.177945137023926 11.09350872039795
9.260612487792969 11.128909546766863 3.380349636077881 3.5624842643737793
5.913448810577393 7.9507184183500925 4.670228481292725 7.2104997634887695
3.9414000511169434 6.487273887271606 6.005198955535889 12.079319953918457
4.1204752922058105 6.988499553226347 6.721107482910156 15.463357925415039
12.49779224395752 15.259258644150577 4.383829593658447 4.682615756988525
5.808497428894043 9.10827360573525 6.655738830566406 10.95479679107666
5.930639743804932 8.604698589881437 8.759767532348633 18.795040130615234
4.701141834259033 7.357083622786233 9.737013816833496 23.786113739013672
10.034311294555664 11.843235915689547 4.558643817901611 4.820378303527832
6.442136764526367 9.70609210724831 6.2620134353637695 9.998903274536133
3.1383748054504395 5.750195650323395 7.718914985656738 16.02570152282715
2.971327543258667 4.832118596449007 8.47610855102539 19.932435989379883
13.66549301147461 16.298823185082924 5.68038272857666 6.127036094665527
7.719054698944092 11.657617396484682 8.70511531829834 14.901433944702148
5.135263442993164 7.915761847963495 11.055281639099121 24.353755950927734
4.326817035675049 5.856624039947519 12.08725643157959 29.91498374938965
19.218324661254883 22.623637479705053 8.438483238220215 9.390632629394531
11.338739395141602 15.271197356637243 14.809554100036621 26.804243087768555
8.321440696716309 12.633544893084292 18.535398483276367 41.57972717285156
5.3448166847229 8.687132431324244 19.63531494140625 48.83807373046875
11.457517623901367 13.290611989777972 7.738528251647949 8.360820770263672
7.808480262756348 11.016912109386059 10.588943481445312 17.807832717895508
5.264488697052002 8.362965526996078 11.875022888183594 25.787935256958008
4.264389514923096 6.917511869359259 12.5247220993042 30.47669792175293
16.272146224975586 18.861339561282307 9.890453338623047 11.111871719360352
10.617907524108887 15.105245420999381 15.506633758544922 27.857311248779297
6.316964626312256 9.753167416273541 17.90705108642578 40.22310256958008
6.551014423370361 9.947557713722517 18.739614486694336 46.5296745300293
23.5760440826416 25.715858442884382 16.6096134185791 19.691308975219727
13.000264167785645 17.691822753810694 28.173580169677734 51.432106018066406
9.143778800964355 14.115269083372075 31.367509841918945 68.0445327758789
7.110736846923828 11.414594899390522 31.482547760009766 74.84234619140625
10.179903984069824 10.972943576845095 8.210930824279785 8.098210334777832
6.953083515167236 9.619813876351145 16.027250289916992 27.493684768676758
4.413197994232178 7.025248128396115 16.265304565429688 35.51799774169922
3.9612600803375244 7.007547513573172 16.32286262512207 39.82493591308594
14.451621055603027 15.507703940673217 12.10347843170166 17.68436050415039
11.404969215393066 15.901575906625112 23.4530029296875 42.39425277709961
7.284300804138184 10.890980191683184 24.644195556640625 54.6102294921875
5.807881832122803 8.705372489189898 24.74966049194336 60.28041076660156
21.00796890258789 21.573393801382053 26.353233337402344 36.67986297607422
13.568482398986816 17.500710313838212 41.76852798461914 74.20619201660156
9.188241958618164 13.609307612828161 42.704402923583984 88.49136352539062
7.645142555236816 11.824715121521024 41.39496994018555 93.90888977050781
6.621394634246826 8.329817138530416 2.871932029724121 3.0359601974487305
5.51954460144043 8.333243378631323 3.905151605606079 5.964050769805908
3.815950632095337 6.182575183071378 4.886062145233154 9.552603721618652
2.4320228099823 3.321066166796413 5.366603374481201 11.95941162109375
8.137334823608398 10.406219980492608 3.2677361965179443 3.485020875930786
6.2982025146484375 10.287067209445638 4.708713054656982 7.575432777404785
4.7024407386779785 7.190279804344698 6.038026809692383 12.535171508789062
3.3479716777801514 6.467007600590534 6.6540303230285645 15.759095191955566
10.609025001525879 13.700660992157585 3.9790573120117188 4.3042826652526855
6.37901496887207 10.330051120626877 6.1816534996032715 10.5767183303833
5.649676322937012 7.767773170767441 8.055696487426758 17.750532150268555
4.353541374206543 7.331833053214268 8.827808380126953 22.11675453186035
8.721232414245605 10.899232619619099 4.018827438354492 4.317645072937012
5.9702630043029785 10.269679512985448 5.958015441894531 9.93240737915039
3.621121644973755 6.9105869492068726 7.64385986328125 16.3091983795166
2.5909008979797363 4.624548356185727 8.377114295959473 20.23306655883789
11.309693336486816 14.17581783159062 4.7821502685546875 5.244596004486084
6.510392189025879 9.170686410177439 7.764132976531982 13.837180137634277
4.4699883460998535 8.02133681029136 10.128402709960938 22.88002586364746
3.9184086322784424 6.221951845907562 11.062807083129883 28.069101333618164
15.313294410705566 19.293101576529295 6.482453346252441 7.36907958984375
9.018301963806152 14.722255372413048 11.608855247497559 22.021141052246094
6.750813961029053 11.711162322582027 14.854491233825684 34.84174728393555
6.0784711837768555 9.73053098902983 15.843690872192383 41.39632797241211
10.210006713867188 12.656554737327951 5.57138204574585 6.129037380218506
6.785537242889404 10.499341180509404 8.358377456665039 14.845643043518066
3.7411882877349854 6.193863570946121 10.652084350585938 23.768495559692383
2.478266477584839 4.613518365115169 11.576702117919922 28.84467315673828
13.726767539978027 16.911256392118247 6.869691371917725 7.828259468078613
9.019856452941895 13.301207203274885 11.542115211486816 21.869115829467773
6.678676605224609 11.778627268486957 14.758747100830078 34.347312927246094
4.828089714050293 8.139456738537215 15.862653732299805 40.79164505004883
18.92650032043457 22.96235540102225 10.489856719970703 12.675735473632812
10.936115264892578 16.651012380892425 19.080821990966797 37.40813446044922
7.906062126159668 11.571358534529688 22.920652389526367 53.47541427612305
5.898573875427246 8.981749112578918 23.653898239135742 60.63924789428711
10.753559112548828 12.684234271009359 7.285529136657715 8.633688926696777
7.913419246673584 12.385001472072304 10.688272476196289 19.637130737304688
4.508307456970215 6.664353521273895 13.209206581115723 30.016550064086914
3.79080867767334 6.544552333225852 14.225732803344727 35.731746673583984
14.244068145751953 16.943653153035484 9.599333763122559 11.90942096710205
9.735398292541504 14.601875157026996 15.184354782104492 29.507347106933594
5.237849235534668 7.130561755518109 18.763059616088867 43.80002975463867
5.323117733001709 9.333550197105666 19.866291046142578 50.78208541870117
19.739906311035156 22.887011220412248 16.427330017089844 20.179462432861328
11.779133796691895 17.38978698526337 26.467985153198242 51.67448425292969
8.413655281066895 13.42916523959881 30.003849029541016 68.31847381591797
7.295726299285889 12.146294577854405 30.187049865722656 75.09085845947266
7.675055503845215 9.390075668456404 2.869774103164673 3.028195381164551
6.0922932624816895 10.018622245318 3.9054222106933594 6.01002311706543
3.6904921531677246 6.9009253365745185 4.796812057495117 9.612626075744629
2.9789905548095703 4.274186399538564 5.187078475952148 11.988590240478516
9.272442817687988 11.399992181836694 3.3717963695526123 3.600426197052002
6.051647663116455 9.38756548416572 4.875357627868652 7.922304153442383
4.869997501373291 5.931828722446056 6.113292694091797 12.993412017822266
3.7520639896392822 6.809122018233282 6.603959560394287 16.179534912109375
12.230242729187012 14.997021132078771 4.379527568817139 4.761664390563965
8.356128692626953 12.616169863651724 6.853176593780518 11.851733207702637
6.0384039878845215 9.463749375474634 8.663050651550293 19.437145233154297
4.8235602378845215 7.1342523162739795 9.245800971984863 23.763320922851562
10.585454940795898 12.739059226747713 4.291675567626953 4.59528112411499
6.393202781677246 8.958283147511992 6.342803478240967 10.567042350769043
3.9229488372802734 7.049414711615782 7.816023826599121 17.053531646728516
3.553955078125 5.548508253020174 8.31136703491211 20.868371963500977
13.343623161315918 16.159680959367506 5.39794397354126 5.911433219909668
7.857324600219727 11.30849401492867 8.774125099182129 15.577991485595703
4.6745123863220215 7.810892529804203 10.94558048248291 25.04798126220703
4.268900394439697 6.4521180566509315 11.529754638671875 30.052841186523438
17.569259643554688 21.10972214263961 8.191893577575684 9.36894702911377
10.489051818847656 15.484835416342468 14.548957824707031 27.22260284423828
5.96282434463501 8.900553424752786 17.574934005737305 40.74011993408203
5.430933952331543 8.775025789020026 17.93667221069336 46.78291702270508
12.446012496948242 14.942232322857777 6.4951558113098145 7.093379497528076
6.700222492218018 10.111974387895316 9.82503604888916 17.171598434448242
4.307346343994141 7.1151954389035765 11.65363597869873 26.254140853881836
2.789409637451172 3.9757293021765463 12.031146049499512 30.955921173095703
16.295061111450195 19.473751611562022 8.561142921447754 9.667281150817871
8.144872665405273 10.812287859721039 14.494879722595215 26.763002395629883
6.170772552490234 8.300290253770072 17.203292846679688 39.71515655517578
5.921179294586182 10.24532050010805 17.51001739501953 45.50173568725586
21.425832748413086 24.575910252191647 15.000848770141602 18.219552993774414
13.079078674316406 18.247235490591976 26.013174057006836 48.959720611572266
9.358001708984375 14.425764745739116 29.01858139038086 64.85029602050781
7.497206211090088 12.385548247022001 28.38898277282715 70.53252410888672
12.992634773254395 15.179279359946122 8.521318435668945 10.314868927001953
8.040287017822266 12.375234901557633 13.66100788116455 24.338367462158203
5.332360744476318 7.621334756597818 15.339754104614258 34.637474060058594
3.2540504932403564 6.343933417188509 15.41071605682373 39.53141403198242
17.67832374572754 20.3762344494288 12.019855499267578 14.694097518920898
11.583839416503906 17.180890275641104 20.563377380371094 38.15874099731445
7.602313995361328 11.660128606289803 23.07634925842285 52.39944076538086
6.3835062980651855 10.573506155293607 22.85597801208496 58.09792709350586
22.30983543395996 24.05008373244209 23.646242141723633 30.5360107421875
13.581124305725098 17.91521040787495 37.23841857910156 68.36021423339844
9.57973861694336 14.16863747382682 39.1724739074707 83.70075225830078
7.679382801055908 12.170229467474314 37.3336181640625 88.31620788574219
8.458800315856934 9.915957641679537 2.840155839920044 2.971182346343994
5.843861103057861 9.27242163219671 3.7819161415100098 5.607010841369629
4.0744757652282715 6.254153494006573 4.799648761749268 9.215330123901367
2.956336736679077 4.4957102474161275 5.336611270904541 11.76872444152832
9.931507110595703 11.961097738082012 3.3147037029266357 3.4970359802246094
6.186076641082764 9.213883131344915 4.685506343841553 7.362782001495361
4.015499591827393 6.55030863607476 6.132108688354492 12.668689727783203
3.7932724952697754 5.948359844333112 6.844367504119873 16.294198989868164
12.439570426940918 15.601032760406763 4.223751544952393 4.513728618621826
5.817164897918701 9.412155570487364 6.47630500793457 10.918992042541504
6.166555404663086 9.738998198937566 8.68759822845459 19.23265266418457
4.181490898132324 7.170974571139318 9.641793251037598 24.486852645874023
11.880425453186035 13.904719095154034 4.152475357055664 4.411480903625488
5.971985340118408 9.227447380354477 5.996501445770264 9.763996124267578
3.1053414344787598 4.89321521878378 7.775609016418457 16.49052619934082
3.2785751819610596 5.6541477948744046 8.5799560546875 20.73847198486328
14.482436180114746 17.290386875737568 5.290419101715088 5.714970588684082
8.433414459228516 11.497596185154634 8.313117027282715 14.523214340209961
4.914994239807129 8.167719154384997 10.983807563781738 24.817298889160156
5.113131523132324 7.497449417647374 12.0419282913208 30.831369400024414
18.534561157226562 22.2330198196139 8.051419258117676 8.950494766235352
10.025362014770508 13.85255871205618 13.744292259216309 25.50565528869629
7.43018102645874 11.227597769474254 17.70257568359375 40.961158752441406
5.42023229598999 9.578289507521504 18.862966537475586 48.81614303588867
13.878911018371582 16.163293397331955 6.056693077087402 6.561811923980713
7.545729637145996 11.526526019346043 9.119251251220703 15.711668014526367
4.21108341217041 7.273645970923781 11.464825630187988 25.361215591430664
3.654561996459961 6.218045999251494 12.33816146850586 30.79645538330078
18.019458770751953 20.88943682109449 8.586732864379883 9.559978485107422
11.562664985656738 16.798914870675617 13.876250267028809 25.36850929260254
7.250607967376709 11.58170306811462 17.245361328125 39.575218200683594
5.775322914123535 8.837009092950154 18.26253890991211 46.81766128540039
22.222063064575195 25.006175872240362 15.750845909118652 18.704833984375
13.447649002075195 18.739575048937702 25.6706485748291 47.80439758300781
8.517863273620605 13.29901130277159 29.40130615234375 65.64214324951172
7.059245586395264 11.660877505914279 29.806798934936523 73.498046875
14.50521183013916 16.711072398235274 8.298967361450195 9.157231330871582
11.23434829711914 16.04507310122051 12.607402801513672 22.21324920654297
5.588619232177734 7.807475252669178 15.009867668151855 33.42853546142578
4.735476493835449 7.378597059185211 15.709067344665527 39.294090270996094
18.838281631469727 21.0547187737165 12.690522193908691 14.73556900024414
12.779412269592285 17.7848645770016 20.217796325683594 37.086326599121094
8.2863130569458 13.295947182104783 23.21616554260254 52.442195892333984
6.383944511413574 10.545856249483222 23.820966720581055 59.74320602416992
20.87972640991211 22.182790166114955 23.34012222290039 32.23044204711914
13.89968490600586 18.20084336826335 38.276493072509766 69.05480194091797
9.473960876464844 14.11992543561798 39.93315887451172 85.11096954345703
7.286321640014648 11.323439548999204 39.08006286621094 91.74958801269531
7.398128986358643 9.07964156140713 2.7596280574798584 2.905122995376587
5.192894458770752 7.927659042515941 3.6534595489501953 5.579843044281006
3.8914294242858887 6.26258577181013 4.588608264923096 8.988208770751953
1.9536129236221313 3.6195110368571477 5.1051411628723145 11.340739250183105
9.10710334777832 11.191787899676797 3.1906991004943848 3.387735605239868
5.710237503051758 9.998370246604509 4.484156131744385 7.1979265213012695
3.760921001434326 6.260822397028647 5.7904205322265625 12.044020652770996
3.3206162452697754 4.961196134540614 6.465588092803955 15.293015480041504
12.095396041870117 14.970380276470335 4.015941143035889 4.3206257820129395
8.52645206451416 11.356705316576154 6.124213695526123 10.442259788513184
5.415497779846191 8.863150360233703 8.076224327087402 17.840593338012695
3.8552677631378174 7.343107576231887 8.958788871765137 22.40529441833496
10.247092247009277 12.430678951313212 4.054080009460449 4.332667350769043
5.695431232452393 9.366203181484963 5.785871982574463 9.573680877685547
3.3195910453796387 6.089744445108863 7.368089199066162 15.640460968017578
2.715471029281616 3.9121157624442446 8.083734512329102 19.419158935546875
13.150988578796387 15.853503586303816 5.0363383293151855 5.476694107055664
5.926904201507568 10.204980480567002 7.873061656951904 13.83810043334961
5.816786289215088 8.535116937741407 10.230353355407715 22.910316467285156
4.053030967712402 7.666079920968514 11.156136512756348 28.167043685913086
18.289382934570312 21.57462851253763 7.364957809448242 8.238688468933105
10.013752937316895 14.648647830103187 12.777427673339844 23.740421295166016
6.533915996551514 9.654985493875984 16.29914093017578 37.545135498046875
5.530590534210205 9.427846432109398 17.290437698364258 44.31376266479492
11.85100269317627 14.300418620995742 5.842263698577881 6.346545219421387
7.047292232513428 11.582891401122566 8.734063148498535 15.131750106811523
4.0138654708862305 6.263996136847311 10.876653671264648 23.83521270751953
3.3804004192352295 6.432173484008331 11.619970321655273 28.59035301208496
16.347759246826172 19.218860144111318 7.8535284996032715 8.78210735321045
9.34062385559082 13.622754861252929 12.927603721618652 23.710519790649414
5.13174295425415 7.474999698154061 16.09025764465332 36.456356048583984
5.474643707275391 8.950646400188134 16.925518035888672 42.75184631347656
22.901718139648438 25.63648471719398 13.61889362335205 16.023488998413086
12.859335899353027 18.139132509382947 23.470775604248047 44.05167770385742
9.228649139404297 14.553717677221101 27.3582820892334 61.071990966796875
6.617137908935547 11.25452801141813 27.596830368041992 67.78868865966797
12.467101097106934 14.741956205797791 7.836517333984375 8.6176176071167
7.8871660232543945 12.310730872364275 11.91606616973877 20.895565032958984
4.474867343902588 6.9582140747057935 14.239533424377441 31.35032081604004
3.5835049152374268 6.558645959151903 14.854754447937012 36.4924201965332
16.957103729248047 19.102939057947257 11.526948928833008 13.20838451385498
11.24984359741211 16.05011392230665 18.504335403442383 34.13835525512695
6.949736595153809 11.801795643584047 21.714853286743164 48.54791259765625
6.50645112991333 10.652453336893938 22.196868896484375 54.90470504760742
20.636539459228516 21.633262270919545 20.90102767944336 31.722719192504883
13.275751113891602 17.63715742257827 34.700626373291016 63.645606994628906
9.392539024353027 14.285656840750448 37.469730377197266 80.15499114990234
7.630744934082031 12.117975285407738 36.58715057373047 85.73600769042969
8.459385871887207 10.689135477334212 3.123319625854492 3.2821671962738037
4.162233352661133 6.740311667864461 4.271352767944336 6.4825568199157715
3.6179375648498535 5.856601162583985 5.346646785736084 10.4154052734375
1.68564772605896 3.840180579069809 5.821034908294678 12.957791328430176
9.92525863647461 12.835849165791492 3.685889959335327 3.912522792816162
4.7271647453308105 7.3947423883014824 5.407223701477051 8.705924987792969
4.525140285491943 7.843475680539076 6.976441860198975 14.521448135375977
3.2113587856292725 5.024110464094974 7.609802722930908 18.100858688354492
12.532517433166504 16.17123167557302 4.73837947845459 5.119290351867676
7.187056541442871 10.930867919788515 7.667697906494141 13.212202072143555
4.725955963134766 8.454870912315698 10.102093696594238 22.219160079956055
4.7030930519104 7.367463453151782 10.922783851623535 27.217397689819336
11.512588500976562 14.280999407619058 4.783596038818359 5.109212875366211
5.706615447998047 8.75565459597026 7.234197616577148 11.888883590698242
3.260242223739624 5.460833750093741 9.102258682250977 19.190658569335938
2.750082015991211 4.741501960981298 9.685954093933105 23.272960662841797
14.259486198425293 17.676894254058425 6.070847511291504 6.645214080810547
6.527336120605469 9.688895974809384 10.238359451293945 18.095714569091797
5.656970024108887 10.017380290940764 13.120636940002441 29.206375122070312
3.9768500328063965 6.225679888910065 13.870848655700684 34.78463363647461
18.383403778076172 22.179468255483698 9.160252571105957 10.523361206054688
9.825322151184082 14.882727886818373 17.165355682373047 32.063167572021484
7.5093207359313965 11.997368030176062 21.376707077026367 48.01594161987305
6.369739532470703 9.685649476306057 21.9586181640625 54.73053741455078
13.458846092224121 16.01091357649051 7.107195854187012 7.8443474769592285
8.364972114562988 12.996223142756207 11.507574081420898 19.76918601989746
4.795460224151611 8.038009653073232 13.899474143981934 29.98959732055664
3.5215225219726562 5.9927134456730755 14.29177188873291 34.934783935546875
17.212697982788086 20.23998807847113 9.740152359008789 11.201813697814941
10.957393646240234 16.884951656230214 17.400466918945312 31.945466995239258
7.399759769439697 11.710578287088026 21.03626251220703 46.8262939453125
5.756636619567871 9.416353171707698 21.420475006103516 53.04486083984375
21.498023986816406 24.285800076843202 17.933460235595703 22.593229293823242
12.335058212280273 17.470892178616054 31.381296157836914 58.43831253051758
8.731441497802734 14.009257903821208 35.417266845703125 75.85177612304688
6.24194860458374 10.333747141024933 34.797298431396484 81.93246459960938
13.853938102722168 16.038296542439628 7.862682819366455 11.81127643585205
9.504268646240234 14.719600589965921 16.019084930419922 28.170312881469727
6.082200050354004 9.71614860964678 18.44443130493164 39.67744445800781
4.433066368103027 7.399659424318088 18.441476821899414 44.73906326293945
18.037466049194336 20.405368492800974 12.63410758972168 17.730724334716797
11.36644172668457 16.453557119944207 24.724817276000977 45.599552154541016
8.117548942565918 13.280846753253854 28.253162384033203 61.53766632080078
6.706630229949951 11.184105347323793 28.02434730529785 67.47728729248047
18.962392807006836 20.176331617593405 29.719417572021484 40.640506744384766
12.496277809143066 16.660495844254996 44.7657585144043 80.92974090576172
8.90469741821289 13.564738625838046 47.22391128540039 96.3652572631836
7.221342086791992 11.549974620139977 45.290679931640625 101.13922119140625
7.896357536315918 9.97457812529931 3.1826486587524414 3.4125466346740723
4.171818256378174 7.339004304284629 4.528805255889893 7.3527631759643555
3.274266242980957 6.395800636546973 5.525814533233643 11.52540111541748
2.4982924461364746 4.875092659384393 5.856068134307861 13.912572860717773
9.618596076965332 12.263088459415485 3.734288215637207 4.070675849914551
6.366257667541504 10.486788154776818 5.734655857086182 9.891467094421387
3.919158697128296 6.373119667067499 7.129378318786621 15.81450366973877
3.0248265266418457 4.464262832520035 7.56080961227417 19.03489875793457
12.73967456817627 16.466976622321525 4.786203384399414 5.356810092926025
8.41065788269043 12.009713966730374 8.043808937072754 14.885995864868164
5.285004138946533 9.305784739606679 10.043750762939453 23.62701416015625
5.098789215087891 6.359264108434445 10.537504196166992 27.895523071289062
11.23218059539795 13.768667619440976 4.792932033538818 5.312430381774902
5.333559036254883 9.250944380181977 7.645790100097656 13.648645401000977
3.5853354930877686 5.6602691059839305 9.303059577941895 21.088483810424805
2.4976460933685303 5.0168274779229485 9.64404582977295 24.6596736907959
14.504013061523438 18.114031461762522 6.063270092010498 6.9376115798950195
8.189324378967285 12.869841827928923 10.69680404663086 20.38343048095703
5.293047904968262 8.321954480938047 13.093449592590332 31.10460662841797
4.11456823348999 6.848390571419941 13.486878395080566 35.810115814208984
19.132041931152344 24.115017132583944 9.221651077270508 11.116617202758789
10.931490898132324 15.972293138624536 17.55673599243164 34.89253234863281
7.625686168670654 13.39932569607052 20.70181655883789 49.52857208251953
6.03414249420166 10.1877895598125 20.697114944458008 54.91033172607422
13.122846603393555 15.69433087006746 7.381526947021484 8.518293380737305
6.476464748382568 11.318368676085058 12.035263061523438 22.501428604125977
3.9658050537109375 7.3017775852695195 13.977258682250977 32.41456604003906
3.6240901947021484 6.485177085818748 14.057868957519531 36.46645736694336
18.173704147338867 21.73521552468381 10.06834888458252 12.135918617248535
9.72716236114502 15.173063800344295 17.882429122924805 35.13514709472656
7.266993522644043 12.46335055539464 20.64820671081543 48.866668701171875
5.0508713722229 9.654541209990004 20.54729652404785 53.908451080322266
24.590435028076172 28.50940056952959 18.52001190185547 23.687381744384766
12.955438613891602 18.3528849833516 31.922231674194336 61.78305435180664
8.749464988708496 14.12361676090589 34.33517074584961 77.4488296508789
7.1558966636657715 12.004706223036933 32.87762451171875 81.87196350097656
11.78757381439209 13.27187383381775 11.672904968261719 14.5357027053833
9.290142059326172 14.442673328685203 16.866506576538086 31.76432991027832
5.401782035827637 9.855021154184556 18.377548217773438 42.34402847290039
4.493548393249512 7.4069475417171455 17.993972778320312 46.281333923339844
17.806467056274414 19.707824086730312 17.367977142333984 22.047605514526367
11.572708129882812 16.826885476561984 25.482484817504883 49.60829544067383
7.893455982208252 13.080416395155794 27.635496139526367 63.68492126464844
6.461963176727295 11.008494408806337 26.793832778930664 68.2740249633789
24.096784591674805 25.539757392790705 33.1124267578125 41.74176025390625
13.706016540527344 18.14976610082067 46.08032989501953 84.7728042602539
8.99773120880127 13.775003626179284 46.299346923828125 98.42739868164062
7.247502326965332 11.23478210488383 43.25010681152344 101.46566009521484
8.532010078430176 10.29267828248976 3.0822293758392334 3.2299957275390625
4.71192741394043 7.7045028164120595 4.082255840301514 6.202271938323975
4.132631301879883 7.020250758699433 5.196638107299805 10.386102676391602
2.964120388031006 5.293389126154466 5.826809883117676 13.349056243896484
10.362513542175293 12.808451818611161 3.6082305908203125 3.816627264022827
6.09091854095459 9.98710047722534 5.124292373657227 8.263976097106934
4.773266315460205 7.547241469117921 6.759859085083008 14.45060920715332
3.903744697570801 6.4618415443587764 7.625978946685791 18.639759063720703
13.400896072387695 16.679701113059195 4.655896186828613 5.0058088302612305
8.53807258605957 12.8643995914216 7.2540507316589355 12.558220863342285
6.115608215332031 9.261349809200038 9.782211303710938 22.218429565429688
4.456398963928223 6.455844450191535 10.941804885864258 28.123985290527344
11.371252059936523 13.68807473371834 5.087169170379639 5.449977397918701
5.935336112976074 8.74083468781538 7.262916088104248 12.072962760925293
4.4076995849609375 6.251045994298238 9.079232215881348 19.84424591064453
2.805333137512207 4.568603905037662 9.881383895874023 24.580018997192383
15.076752662658691 17.99760017433998 6.36189079284668 6.959494590759277
8.421945571899414 13.315276612266814 10.137293815612793 18.081457138061523
5.869313716888428 8.674752392936814 12.94381046295166 29.800249099731445
4.884029865264893 8.681915332999353 14.002978324890137 36.26555633544922
20.46369743347168 23.733347335835653 9.677247047424316 11.004551887512207
12.433131217956543 17.24650229016879 17.16135025024414 32.37659454345703
8.972892761230469 14.437052804593947 21.09136962890625 49.081512451171875
7.177241802215576 12.376958489428944 22.048751831054688 56.78736114501953
12.870078086853027 14.885836725504547 8.028186798095703 8.957466125488281
8.397754669189453 12.973724450561349 12.367576599121094 21.715795516967773
4.974056720733643 7.095206934639464 14.337931632995605 32.11451721191406
4.723139762878418 6.984508735601594 14.852154731750488 37.527584075927734
17.412553787231445 19.867971877713064 10.796653747558594 12.629253387451172
10.347291946411133 15.8245961932829 18.311513900756836 34.07439041137695
8.574151039123535 14.318439246922338 21.288286209106445 48.82218551635742
4.991681098937988 8.967555877745678 21.776668548583984 55.62238311767578
24.85847282409668 27.308050240742034 19.980688095092773 24.935914993286133
13.853710174560547 18.380970652388214 33.563228607177734 62.463775634765625
9.775737762451172 15.113829412151631 36.07041931152344 79.35923767089844
7.6733245849609375 12.549649114067506 35.28850173950195 85.33858489990234
12.578866004943848 13.948768076622098 10.880525588989258 12.896923065185547
9.345032691955566 13.872114652022674 17.95768928527832 32.36325454711914
6.253489971160889 10.366380306892552 19.453556060791016 43.350730895996094
5.346398830413818 8.859328119822749 19.40941619873047 48.476707458496094
16.48038101196289 18.239714774932963 15.484477996826172 19.998289108276367
12.073561668395996 16.708053956666845 26.917287826538086 50.445037841796875
8.830930709838867 14.145699191706552 29.11570930480957 65.02816009521484
6.976300239562988 11.778989204107376 28.68979263305664 70.97760009765625
22.47840118408203 23.78254895120041 33.63219451904297 47.56817626953125
14.14625072479248 17.74527434491739 49.24015426635742 88.23403930664062
9.942058563232422 14.557838656230615 49.19535446166992 102.17929077148438
7.862917423248291 12.339159237226696 46.43002700805664 105.87924194335938
8.011946678161621 9.728058472577345 2.878199577331543 3.024463653564453
5.384378433227539 9.03053627157442 3.9043636322021484 5.886717796325684
3.3860771656036377 6.186448453811437 4.9247002601623535 9.579201698303223
2.6294751167297363 4.097809128950757 5.4379448890686035 12.14285659790039
9.278213500976562 11.668033332293504 3.3079423904418945 3.5171356201171875
5.215327739715576 8.524634485166189 4.817831993103027 7.734818458557129
4.60532283782959 7.690327795716712 6.271267890930176 13.131230354309082
4.0670390129089355 7.346613174913841 6.949130535125732 16.723983764648438
11.341676712036133 14.502989399245035 4.0888447761535645 4.424673080444336
7.794646263122559 13.019055717321265 6.543522357940674 11.287399291992188
5.971052169799805 9.115322203197783 8.72974681854248 19.546934127807617
5.17190408706665 8.486080039039507 9.631449699401855 24.682058334350586
11.315075874328613 13.492037009861297 4.07337760925293 4.3609232902526855
6.181017875671387 8.247414781651642 6.148168087005615 10.139674186706543
3.518970251083374 6.277658522881666 7.9729390144348145 16.96607780456543
2.800337553024292 5.065106273339779 8.743354797363281 21.204957962036133
13.438864707946777 16.489272408146007 4.955224514007568 5.430185794830322
7.40923547744751 10.907242313916413 8.321974754333496 14.78972339630127
6.093245029449463 8.913251944755757 11.073307037353516 25.126628875732422
4.1097941398620605 6.739323394978811 12.105088233947754 31.097929000854492
16.926023483276367 20.582275263885876 7.003421306610107 7.9624924659729
10.678169250488281 16.00929545308827 13.154054641723633 24.892290115356445
8.178779602050781 12.248753654030686 17.24694061279297 40.22175216674805
6.226505756378174 9.448487300018314 18.407434463500977 47.98551559448242
13.399273872375488 15.870205877131411 5.720550060272217 6.249828338623047
6.802364826202393 9.987406945680021 9.174114227294922 15.946505546569824
4.235297203063965 7.670192466845094 11.745147705078125 25.893014907836914
3.9314157962799072 5.837395647712157 12.617536544799805 31.365013122558594
16.947969436645508 20.025723621878136 7.314467430114746 8.283720016479492
8.51611614227295 13.049764311145282 13.241943359375 24.667762756347656
6.102936744689941 9.986913201383118 17.130815505981445 39.35930252075195
5.772335529327393 9.622490744307072 18.235824584960938 46.75143051147461
22.582033157348633 26.04574599906229 12.189957618713379 14.637700080871582
12.81212329864502 18.47111303666989 23.371328353881836 44.51683044433594
8.716268539428711 14.058688142758001 28.227514266967773 63.564353942871094
6.905541896820068 12.262392370859892 28.866971969604492 71.62525177001953
14.344687461853027 16.705831633159505 7.82446813583374 8.680450439453125
9.812124252319336 14.805953800823644 12.436359405517578 21.99849510192871
5.513514995574951 8.677876844401275 15.333908081054688 33.925384521484375
4.139228820800781 6.704670834798719 16.108137130737305 39.95393371582031
18.594945907592773 21.36089735894535 10.29633617401123 11.96487808227539
11.585379600524902 17.14208750589205 18.460647583007812 34.71546173095703
8.128084182739258 13.6731972130371 22.79549789428711 51.608924865722656
6.366706371307373 10.541562157926379 23.67774772644043 59.35988235473633
23.369056701660156 25.33250097859144 21.689435958862305 23.21336555480957
13.37763500213623 17.98368402590247 34.49049377441406 63.78868103027344
9.554499626159668 14.95202298780896 38.271053314208984 82.261962890625
7.613551616668701 12.59124281389667 37.89936447143555 89.32875061035156
7.715331554412842 10.315256759812996 2.9755730628967285 3.144984483718872
5.245673656463623 10.303723200430113 3.9937093257904053 6.060240268707275
3.654658079147339 6.485192842960259 4.960962772369385 9.666110038757324
1.705058217048645 2.7656214352738004 5.496337413787842 12.20318603515625
9.556278228759766 12.572081650269272 3.4522690773010254 3.6883962154388428
6.913058280944824 11.055672718802583 4.932365417480469 7.930713653564453
4.668979167938232 8.211046368862299 6.311022758483887 13.188645362854004
3.4435582160949707 6.1633769490760315 7.0354790687561035 16.783422470092773
12.41872501373291 16.054169131660778 4.3620710372924805 4.736769676208496
8.255387306213379 12.082665925434412 6.751211643218994 11.603655815124512
6.972269535064697 9.883730306799407 8.82323169708252 19.6693172454834
5.2267303466796875 8.13850709075632 9.79996395111084 24.786584854125977
10.75284194946289 14.189377312534361 4.408370494842529 4.728020191192627
6.905285835266113 12.851089807308796 6.4068427085876465 10.496831893920898
3.6017963886260986 6.826507750959294 8.118156433105469 17.150146484375
3.9144065380096436 6.934764274901996 8.918560981750488 21.36545753479004
13.661030769348145 17.491638241589953 5.482987403869629 6.003118515014648
8.614383697509766 14.574398014425242 8.762333869934082 15.374940872192383
5.087204933166504 7.7011707752875935 11.320953369140625 25.41010093688965
5.042212009429932 8.465041048625153 12.405088424682617 31.325733184814453
18.58319664001465 22.730464569642663 8.298357963562012 9.380796432495117
8.90650749206543 12.675281118744408 14.334537506103516 26.649917602539062
7.818853855133057 13.506246741493335 17.996623992919922 41.431026458740234
6.409590244293213 10.547874120565666 19.169404983520508 48.928409576416016
12.985487937927246 16.937443388618703 6.398616313934326 6.984287261962891
8.649226188659668 14.358878597338844 9.745392799377441 16.7210693359375
5.1719441413879395 9.789634286041291 12.066629409790039 26.29782485961914
3.4303019046783447 6.658790840507829 12.962850570678711 31.732219696044922
17.819416046142578 21.974647158530843 8.596551895141602 9.66346263885498
10.936616897583008 17.019325418179278 14.434285163879395 26.315711975097656
7.0347900390625 12.950193742574356 17.81643295288086 40.278743743896484
6.707161903381348 11.644088661761216 18.892066955566406 47.418880462646484
23.381776809692383 26.11950422756206 16.511110305786133 19.84223175048828
13.906991004943848 19.70899912988307 26.843341827392578 49.685829162597656
8.926820755004883 12.640286077597711 30.3359432220459 66.8595962524414
6.705471038818359 11.770242013556754 30.671207427978516 74.13786315917969
14.105964660644531 17.789407770700848 8.705244064331055 9.698927879333496
9.687153816223145 16.67413095660504 13.427397727966309 23.434814453125
5.324118137359619 9.87681536142918 15.861601829528809 34.62792205810547
4.02271032333374 7.112574040831646 16.624618530273438 40.5404052734375
19.86746597290039 23.256286878853622 12.549277305603027 14.489337921142578
12.287274360656738 18.654055849405154 20.690156936645508 37.80559158325195
8.163784980773926 13.305408430604075 24.020172119140625 53.302059173583984
7.052575588226318 12.39113286828708 24.718711853027344 60.51477813720703
23.411195755004883 24.751004505727973 27.066787719726562 35.326255798339844
14.571160316467285 19.131295441063457 40.27748489379883 71.93572998046875
9.737348556518555 14.947298366573818 41.75197219848633 87.34600067138672
7.37518310546875 12.196211807094812 40.69999694824219 93.1534652709961
8.162642478942871 9.518214772664404 3.1321191787719727 3.2854678630828857
4.721405982971191 7.790185508713648 4.12694787979126 6.206811904907227
3.78879451751709 6.908045672212779 5.073781490325928 9.87304401397705
3.5803165435791016 6.313964496975316 5.5503830909729 12.335531234741211
9.865511894226074 11.779789678756174 3.6452016830444336 3.8625965118408203
6.40297269821167 10.213409631429087 5.117706298828125 8.136974334716797
4.291042327880859 7.082349697771633 6.44516134262085 13.368474960327148
3.877941608428955 6.835623050203367 7.066042900085449 16.76388168334961
12.70278263092041 15.405166241697543 4.609549045562744 4.97304105758667
6.953173637390137 10.08583644420753 7.038520812988281 11.950262069702148
5.977413177490234 10.585167091559597 8.99583911895752 19.794536590576172
4.3064727783203125 7.2002381037054874 9.79623031616211 24.521696090698242
10.999711036682129 12.59397971748399 4.917219638824463 5.267431259155273
5.743837356567383 9.18434504550725 7.038768291473389 11.5908842086792
4.649367332458496 7.534694464356107 8.571371078491211 18.216798782348633
2.031435489654541 3.541112881459344 9.16174030303955 22.105762481689453
14.494680404663086 16.739053384060036 6.149659156799316 6.763390064239502
7.813407897949219 11.80683858092334 9.647221565246582 17.017908096313477
5.423299312591553 8.993616530757208 11.86614990234375 26.686262130737305
3.668123483657837 6.534236360366776 12.618492126464844 32.014469146728516
19.36505699157715 22.2536117932882 9.103534698486328 10.42944049835205
11.759305953979492 16.713528397484566 15.628652572631836 29.100814819335938
7.70891809463501 13.052120576380588 18.660388946533203 42.76483917236328
7.1262431144714355 12.259475876411557 19.332164764404297 49.32248306274414
12.342172622680664 13.812602007056862 7.750336170196533 8.591755867004395
7.483336448669434 9.553473460347504 11.372480392456055 19.649242401123047
4.539653778076172 7.917002566937711 13.105602264404297 28.712488174438477
4.20686674118042 7.711952374722387 13.50165843963623 33.30072021484375
17.19143295288086 19.169353429136073 10.364462852478027 12.028051376342773
11.2401762008667 16.2845240798531 16.564083099365234 30.370149612426758
7.955992698669434 12.40368321713245 18.974748611450195 42.97134017944336
6.680660247802734 11.567032801719543 19.350984573364258 48.938453674316406
23.167455673217773 24.79667297278388 18.06094741821289 22.419391632080078
13.30224895477295 17.5209223776435 29.337270736694336 54.36307144165039
9.303950309753418 14.579228093312508 31.569541931152344 69.3089828491211
7.770836353302002 12.898722975714236 30.979812622070312 75.06468963623047
12.689393997192383 13.791224071960414 11.991503715515137 13.476910591125488
9.219014167785645 13.119976309564894 16.7103271484375 29.171489715576172
6.454474449157715 10.679083760622689 17.63667869567871 38.536563873291016
4.669722557067871 8.254611859344095 17.51732063293457 42.94247817993164
17.35565185546875 18.468772616436695 16.601694107055664 20.461862564086914
11.363707542419434 15.59647232040993 24.49674415588379 44.52027130126953
8.355124473571777 13.653976009395706 25.806055068969727 57.1694450378418
7.072870254516602 12.120504316602364 25.434328079223633 62.702362060546875
21.175518035888672 21.642963970331948 30.597490310668945 40.0161018371582
13.486661911010742 16.702569436904923 43.367374420166016 77.668212890625
9.424006462097168 13.90976929227024 43.45616912841797 90.50407409667969
7.8895182609558105 12.639610905469453 41.1844596862793 94.49323272705078
6.786200046539307 8.986075565994724 2.5398366451263428 2.6762263774871826
4.713834285736084 8.403294015975415 3.445775270462036 5.189930438995361
3.287310838699341 6.032128251294283 4.3674492835998535 8.364068984985352
2.6732354164123535 4.2617768440371435 4.843326091766357 10.505270004272461
8.13720989227295 10.807116188600958 2.8988914489746094 3.077016592025757
5.917281627655029 9.51163658187943 4.147756099700928 6.571471691131592
3.8098952770233154 5.3847498584382265 5.404211044311523 11.04279613494873
3.334869861602783 5.092537611757507 6.023290157318115 13.993210792541504
10.378990173339844 13.921869810947028 3.5577027797698975 3.825404405593872
7.626328468322754 12.410256423059224 5.47172737121582 9.25810718536377
5.373276710510254 9.01697336991299 7.268623352050781 15.95649242401123
4.879899978637695 6.820080714547604 8.070380210876465 20.116870880126953
9.507059097290039 12.206208290626819 3.406447649002075 3.6402266025543213
6.3388543128967285 11.249570674802044 5.066534042358398 8.31995677947998
4.15623140335083 7.387884208986698 6.644385814666748 13.972373962402344
2.2361159324645996 4.12658748221183 7.346775531768799 17.451250076293945
11.713866233825684 15.109004610957982 4.102845191955566 4.445530414581299
7.512571811676025 12.579330456292837 6.639878273010254 11.630416870117188
5.299374103546143 8.394573153803716 8.920348167419434 20.031620025634766
4.208292484283447 7.294724104510223 9.852400779724121 24.893293380737305
15.554023742675781 19.677208887179404 5.672457218170166 6.3230204582214355
8.496045112609863 13.735836303358138 10.170766830444336 19.175355911254883
5.7367472648620605 10.019929826435884 13.44938850402832 31.7938175201416
5.5156660079956055 9.268900723991237 14.506388664245605 38.20213317871094
11.153532028198242 14.345750712791556 4.641462802886963 5.016757965087891
5.60326623916626 9.126018401476614 7.102379322052002 12.479019165039062
3.951204776763916 7.3254894135163795 9.313143730163574 20.62009620666504
3.198338270187378 5.115053707923494 10.116668701171875 25.101409912109375
14.384186744689941 18.435716220267068 5.813634872436523 6.429408550262451
8.224898338317871 13.194278305048954 9.95806884765625 18.6451358795166
4.921070575714111 7.816891781992995 13.200516700744629 30.80925178527832
5.558087348937988 7.743672144409345 14.239964485168457 36.94901657104492
19.66014862060547 23.962068076136347 9.039215087890625 10.508513450622559
9.380438804626465 14.265751601717056 17.183765411376953 33.90771484375
8.078475952148438 13.833154440790242 21.369421005249023 50.628746032714844
6.896705627441406 12.049914961050035 22.1229305267334 57.58003616333008
10.33220386505127 12.405127925503734 5.92931604385376 6.945645332336426
6.85588264465332 10.184314469484207 9.745043754577637 17.58001136779785
4.298879146575928 7.53330926896524 11.839360237121582 26.741527557373047
3.691643238067627 6.483326263724496 12.553248405456543 31.62834930419922
13.22755241394043 15.13516814889681 7.9708251953125 9.607780456542969
8.505672454833984 12.640748002659166 13.812907218933105 26.589340209960938
6.474804878234863 10.538347399692867 17.217042922973633 40.436710357666016
4.999122619628906 8.062182979422687 18.116056442260742 46.99904251098633
20.3276424407959 23.126762696313904 14.344037055969238 18.086109161376953
12.929056167602539 18.85787058489925 24.980024337768555 49.281002044677734
8.868241310119629 14.703895245807399 28.7827091217041 66.57244873046875
6.715327262878418 11.774737758567682 28.819055557250977 72.9163818359375
7.926324367523193 9.785094538264454 2.898603677749634 3.0784242153167725
5.105350017547607 8.505483651545967 4.055772304534912 6.3825883865356445
3.238189697265625 5.263934911351498 5.153807163238525 10.26833724975586
3.535189628601074 5.715585035894492 5.660712242126465 12.676152229309082
9.201348304748535 11.62880864792436 3.384420156478882 3.6334848403930664
5.747774600982666 9.658668912470603 5.052342414855957 8.43584156036377
3.624884605407715 4.883074624609293 6.5607218742370605 14.033738136291504
3.5837881565093994 6.2431058283928 7.207406520843506 17.36147689819336
11.867074012756348 15.123795378135583 4.284747123718262 4.675398826599121
7.271866321563721 10.881090330190546 6.9596123695373535 12.350310325622559
6.095432758331299 9.346145800149316 9.135458946228027 20.670873641967773
4.471344470977783 6.702238038185616 9.947755813598633 25.260969161987305
10.998391151428223 13.44587155370192 4.151700496673584 4.487849235534668
6.212456226348877 9.931531606319822 6.397882461547852 10.872369766235352
3.711045026779175 6.987293899390352 8.310346603393555 17.8951473236084
3.3389198780059814 5.395305997486503 9.038508415222168 21.861114501953125
13.367805480957031 16.64589719621223 5.159421443939209 5.704736709594727
8.307832717895508 12.148695291667536 8.744430541992188 15.94864559173584
5.619813442230225 7.999562379136943 11.438153266906738 26.207748413085938
4.155290126800537 7.427639330026864 12.333637237548828 31.51377296447754
17.197364807128906 21.200420245538226 7.480830669403076 8.607760429382324
8.93598747253418 14.05276912954696 13.866758346557617 26.644041061401367
7.040491104125977 11.227674249974369 17.592205047607422 41.108028411865234
6.082760810852051 9.073823855649273 18.503028869628906 47.65926742553711
13.162708282470703 15.967834991356995 5.758049964904785 6.344847202301025
5.979023456573486 9.987132175650004 9.35467529296875 16.614761352539062
5.138603687286377 7.936920931897731 11.979190826416016 26.570951461791992
3.1718246936798096 5.278530543564557 12.804099082946777 31.72047233581543
17.03715705871582 20.672688422116153 7.584171772003174 8.677311897277832
9.746039390563965 15.129400881208312 13.646758079528809 25.947925567626953
7.304597854614258 11.349878274830417 17.269563674926758 39.95881652832031
5.444912433624268 9.170697069009293 18.14974594116211 46.30197525024414
21.076309204101562 25.030401365235285 12.937045097351074 15.799710273742676
12.110550880432129 18.140825213191235 23.588998794555664 45.7349967956543
8.785904884338379 14.244789809400682 27.820886611938477 63.06265640258789
6.566502094268799 11.004408799738258 28.28611946105957 69.92182159423828
14.275327682495117 17.182035774650785 7.468904972076416 8.375237464904785
7.364980697631836 12.68953332397632 12.290680885314941 22.250198364257812
4.733365535736084 7.502209038892374 15.263805389404297 34.009002685546875
4.249175548553467 7.200789903878288 16.052806854248047 39.7555046081543
19.164949417114258 22.65344637271214 10.32967758178711 12.190542221069336
10.743086814880371 16.997212084907858 18.521703720092773 35.60687255859375
7.877252578735352 13.349689371248814 22.48831558227539 51.43824768066406
6.825139999389648 10.68676748928101 23.1616268157959 58.00015640258789
21.295480728149414 24.01341279652661 18.137836456298828 28.245576858520508
12.612066268920898 18.464451762667295 33.12599563598633 62.9971923828125
9.001646995544434 14.068299546320986 36.713096618652344 80.06022644042969
7.500450611114502 11.77499799282488 36.49552536010742 86.41050720214844
10.109090805053711 12.571330394533788 3.9485697746276855 4.238321781158447
4.339443206787109 7.170024828655642 5.78174352645874 9.47386646270752
3.0632965564727783 4.088648676004652 7.114452838897705 15.087433815002441
2.741453170776367 4.834606751258889 7.553298473358154 18.38625144958496
11.495650291442871 14.344247488413203 4.796520709991455 5.252120494842529
7.510217666625977 11.883170911757942 7.666248321533203 13.428735733032227
4.350585460662842 7.498668578750966 9.609003067016602 21.63985252380371
4.431389808654785 7.936392494506536 10.169726371765137 26.184614181518555
14.047980308532715 17.624211345219834 6.438312530517578 7.295158863067627
9.569926261901855 14.916273020257904 11.522802352905273 21.57469940185547
6.73933219909668 11.70925470365904 14.425590515136719 33.858177185058594
4.969277858734131 7.733844691640769 15.059945106506348 39.91769027709961
12.854753494262695 15.838535640937152 6.6677093505859375 7.416583061218262
6.213831424713135 8.699158783953976 10.695690155029297 18.970947265625
4.668217182159424 6.606144861502287 12.853894233703613 28.760250091552734
2.3063015937805176 3.0886758484055292 13.264001846313477 33.655548095703125
16.123512268066406 19.55776446438267 8.817270278930664 10.208500862121582
10.381698608398438 15.287848107718673 15.798807144165039 29.629024505615234
7.214138984680176 11.991211255036433 18.902597427368164 43.43545150756836
5.314645767211914 9.308182712960189 19.227571487426758 49.66607666015625
20.130582809448242 24.241853510525857 13.913786888122559 17.4234561920166
11.7520112991333 17.719472031113128 26.93947982788086 51.81416320800781
8.949759483337402 14.838893968042612 30.710229873657227 69.21409606933594
6.694535732269287 11.544428679103419 30.388185501098633 75.68594360351562
13.94643497467041 16.203079787538883 10.988265037536621 12.910619735717773
9.663115501403809 14.77350242663124 17.767501831054688 32.25191116333008
6.276317119598389 10.522152403143835 19.934125900268555 44.270137786865234
4.599181175231934 7.264053303192213 19.875473022460938 49.52103042602539
17.500274658203125 19.825252447765394 15.748225212097168 19.649799346923828
11.23859691619873 16.36375303687464 27.456403732299805 51.2375602722168
8.493306159973145 13.930584373038528 30.361492156982422 66.81340789794922
5.568239688873291 9.39761100456694 29.700279235839844 72.74901580810547
22.506908416748047 24.355749397744802 29.169639587402344 40.49222183227539
12.121119499206543 16.89513679457746 47.145423889160156 86.33094024658203
9.275308609008789 14.320836605800608 49.237831115722656 102.00807189941406
7.712169170379639 12.41675409800041 46.96578598022461 106.59101867675781
13.535027503967285 14.703925455103331 15.184064865112305 16.759735107421875
9.651769638061523 13.891450545376415 25.280658721923828 45.516056060791016
7.633930683135986 12.13406128700629 26.43402671813965 57.141998291015625
6.261474609375 10.37928521765241 25.621572494506836 61.9628791809082
17.393983840942383 18.352176594787437 23.45488739013672 32.560665130615234
11.349393844604492 15.743322388978868 38.766685485839844 70.43102264404297
8.698651313781738 13.629090374804605 40.372928619384766 84.73033142089844
7.1066083908081055 11.934407358341048 38.556331634521484 89.68897247314453
21.080951690673828 21.423486488799426 47.51404571533203 69.97039031982422
12.211258888244629 16.25855800945442 63.7614631652832 110.93006896972656
9.329069137573242 13.775634339477904 63.616905212402344 123.6913833618164
7.827336311340332 12.21842778169048 59.77466583251953 126.75372314453125
7.330214023590088 8.98906739885788 2.8831794261932373 3.029974937438965
4.961277961730957 8.052697157500518 3.8418376445770264 5.8796162605285645
2.835836410522461 5.4568219559269835 4.663845062255859 9.2683687210083
1.2325636148452759 3.432091978575219 5.009713649749756 11.362000465393066
9.099738121032715 11.375458570332057 3.3770480155944824 3.594637870788574
5.335653305053711 9.082865312115562 4.814874649047852 7.817446231842041
4.539344787597656 7.013708136113422 5.970017910003662 12.699795722961426
3.9959092140197754 5.746280458865897 6.401054382324219 15.581283569335938
11.882887840270996 14.670473165275876 4.347696304321289 4.716272830963135
7.832426071166992 11.342231056692754 6.7340989112854 11.69412899017334
5.118393898010254 8.009460378195797 8.445525169372559 19.06639289855957
4.615677833557129 8.397749364997967 8.995145797729492 23.15679931640625
10.012128829956055 12.069474341754955 4.367921829223633 4.667392253875732
5.50903844833374 9.21322890117801 6.388883590698242 10.63606071472168
3.3240222930908203 5.478664985821609 7.7795491218566895 16.812185287475586
1.8225289583206177 4.1102157170814735 8.16085147857666 20.05276107788086
13.008105278015137 15.81700581222151 5.447890281677246 5.969518661499023
6.660060882568359 8.60939353589476 8.832845687866211 15.76200008392334
5.26555871963501 7.974986746512627 10.917596817016602 24.95989418029785
3.896841049194336 6.869857835533594 11.379997253417969 29.480005264282227
17.721363067626953 21.03615267010582 8.139827728271484 9.282988548278809
10.935364723205566 16.56392288967902 14.353630065917969 26.960826873779297
7.041029930114746 11.632646500083542 17.21774673461914 40.00433349609375
5.495474338531494 10.049292716703867 17.60640525817871 45.850914001464844
11.663238525390625 13.885596914880807 6.501139163970947 7.0488786697387695
6.8218464851379395 11.492629072531486 9.987862586975098 17.42837142944336
4.775089263916016 8.859399382306934 11.78753662109375 26.2438907623291
3.1682703495025635 5.559930118034117 12.022669792175293 30.156648635864258
16.116411209106445 19.045240788655974 8.534958839416504 9.645898818969727
9.260245323181152 14.542949838487935 14.661643981933594 27.217384338378906
6.963778018951416 11.89123399819539 17.379413604736328 39.89006042480469
5.956209659576416 10.59807439512224 17.569429397583008 45.13254928588867
22.187768936157227 24.777677012697158 14.919782638549805 18.10236358642578
12.49738597869873 17.48217116142223 25.738109588623047 48.36389923095703
7.744336128234863 12.97101953009076 28.525819778442383 63.745140075683594
7.358046054840088 12.34181744914008 28.021459579467773 69.37808990478516
12.44376277923584 14.360516342274877 9.137977600097656 10.386972427368164
8.639074325561523 13.586945910222632 13.916016578674316 24.63662338256836
4.800924301147461 8.980712992914107 15.631994247436523 34.84400939941406
3.222080707550049 5.573713951806894 15.569485664367676 38.87666702270508
17.32051658630371 19.75610324873145 12.410374641418457 14.749685287475586
10.48474407196045 15.97267112458394 20.75482940673828 38.69908905029297
7.539046764373779 12.664780711323601 23.4288272857666 52.74519729614258
5.801375865936279 9.08713217136787 23.14905548095703 57.90488052368164
21.251705169677734 22.29505461446638 23.849624633789062 32.58786392211914
13.248883247375488 17.6511034680658 36.9453010559082 67.59834289550781
9.196272850036621 13.714774647462232 38.573551177978516 82.41873168945312
7.311850070953369 11.993235573260925 36.9390983581543 87.07270812988281
7.860586166381836 9.629125576104386 3.1041975021362305 3.282052993774414
4.777134418487549 7.674262215494053 4.271820068359375 6.689032077789307
4.358848571777344 7.692879654421915 5.346630096435547 10.885525703430176
2.085526466369629 2.893252579853481 5.839543342590332 13.597911834716797
9.896098136901855 12.421370365749283 3.728053092956543 3.9986867904663086
5.704829216003418 9.888801280661937 5.516648292541504 9.268863677978516
3.7846896648406982 4.952173749969816 7.031028747558594 15.416232109069824
3.6584949493408203 6.048086122464156 7.6384053230285645 19.09343719482422
12.851560592651367 16.32184304740437 5.039217948913574 5.525228023529053
7.74245548248291 11.14555547261875 8.198070526123047 14.775325775146484
5.343519687652588 8.62407731879739 10.411168098449707 24.08880043029785
4.3044047355651855 7.13149593253155 11.057939529418945 29.0267391204834
11.012441635131836 13.430138753215374 4.701314449310303 5.077859878540039
4.755903244018555 7.848064834289744 7.257988452911377 12.475509643554688
4.305599212646484 6.815281119722272 9.129051208496094 20.263050079345703
2.574918270111084 4.2531441654212685 9.768657684326172 24.635643005371094
14.175674438476562 17.31665308938682 6.208707809448242 6.899753570556641
7.9072957038879395 12.209823145696618 10.620288848876953 19.64988899230957
6.338934421539307 9.456495817719947 13.257821083068848 31.081924438476562
4.794193267822266 8.387248989685759 13.892790794372559 36.665035247802734
18.925329208374023 22.559733177995554 10.195375442504883 11.985328674316406
11.6658296585083 17.232437332541114 19.129026412963867 36.6900520324707
7.176157474517822 12.36015615832796 22.352888107299805 51.84449768066406
5.923864364624023 8.707856043770903 22.297021865844727 57.754154205322266
12.938899993896484 15.591467631242267 6.923426628112793 7.66022253036499
6.624805450439453 10.254388962572449 11.541979789733887 20.82512092590332
4.181443691253662 7.3471053117416325 13.974169731140137 31.756956100463867
3.5904202461242676 5.507878469571551 14.457345962524414 37.017784118652344
17.844453811645508 20.73407590434374 9.99081039428711 11.560647010803223
10.438315391540527 15.978920608141834 18.23354148864746 34.633750915527344
7.720641613006592 12.532734881772114 21.326982498168945 49.53450012207031
4.750492572784424 8.148567173737835 21.419172286987305 55.53680419921875
22.85407829284668 25.214930150216333 19.836172103881836 25.801368713378906
12.640525817871094 17.41582575103166 35.25191116333008 66.0389175415039
8.99753475189209 13.861303117638386 37.431373596191406 81.34231567382812
7.306181907653809 11.845984392222759 35.56435775756836 85.64579772949219
13.813315391540527 16.113301051823328 10.065057754516602 11.385852813720703
9.71866512298584 14.853890611188092 16.18561553955078 29.630752563476562
5.945836544036865 10.204763339554159 18.63298988342285 42.073909759521484
3.8587632179260254 6.878147700321563 18.704504013061523 47.36318588256836
19.36389923095703 21.682372807496336 15.085861206054688 18.110048294067383
11.5764799118042 16.71757667769225 26.1307373046875 49.118133544921875
8.301835060119629 13.306972997391426 28.810081481933594 64.85919952392578
6.740291595458984 11.398073002331605 28.05828094482422 70.30449676513672
21.483448028564453 22.278896146008726 32.479671478271484 47.30230712890625
12.891660690307617 16.83161423803483 49.61662673950195 89.31491088867188
9.165037155151367 13.41407188314256 50.12640380859375 102.75638580322266
7.406474590301514 11.480387879083793 46.5260009765625 105.36748504638672
7.954047203063965 9.524846991510003 3.0064737796783447 3.1528420448303223
5.131336212158203 8.582515392834296 4.037593364715576 6.083559513092041
3.6743462085723877 6.120229308970465 5.17746639251709 9.87536334991455
3.355156898498535 5.832600902800059 5.789677619934082 12.50948715209961
9.621525764465332 11.988553238323107 3.5502524375915527 3.760648012161255
5.6216654777526855 9.300457742408895 5.103025436401367 8.134979248046875
4.626006126403809 7.655872833395961 6.733371257781982 13.729410171508789
3.9219980239868164 6.1655821610835275 7.550327777862549 17.49905776977539
12.40371036529541 15.806016572010321 4.655627727508545 5.012059211730957
8.486095428466797 11.681654536267217 7.311936855316162 12.432348251342773
5.071820259094238 7.994082723975453 9.74019718170166 21.076841354370117
4.675632953643799 6.801176642839266 10.818440437316895 26.425033569335938
10.845335006713867 12.966837375101022 4.682640552520752 4.995459079742432
7.153354167938232 10.758011991144485 6.864594459533691 11.337778091430664
4.3261189460754395 7.302474028905522 8.859539031982422 18.46754264831543
2.369440793991089 3.69724898305401 9.725055694580078 22.812593460083008
13.909828186035156 17.019935434042253 5.886379241943359 6.421688079833984
9.235601425170898 14.50270501274506 9.626072883605957 16.98748016357422
5.808901786804199 9.616521852285132 12.627006530761719 27.72699737548828
5.347471714019775 9.055703620103941 13.760354042053223 33.79592514038086
18.06498908996582 21.74716996161203 8.868953704833984 10.115778923034668
12.15317153930664 18.808378780670864 16.321006774902344 30.389850616455078
7.212717056274414 11.14310308216045 20.46987533569336 45.79882049560547
6.276096343994141 10.660110382424847 21.53434181213379 53.098751068115234
12.545624732971191 14.801974784220022 7.172636032104492 7.904557704925537
8.239910125732422 12.68117272508971 11.135509490966797 19.482585906982422
5.590203285217285 8.107406765338965 13.737654685974121 29.543556213378906
5.133031845092773 8.20556330251814 14.522112846374512 34.79641342163086
17.082260131835938 19.88309355996516 9.5220365524292 10.872284889221191
10.468551635742188 15.834090613303033 16.65739631652832 30.706064224243164
8.388452529907227 13.101337051912651 20.442773818969727 45.131893157958984
6.424761772155762 9.773745791226702 21.309329986572266 51.91022491455078
23.253162384033203 26.13821439931553 16.521100997924805 20.489450454711914
12.966197967529297 18.104230228931563 30.42109489440918 56.81913375854492
9.509223937988281 14.934110671078088 34.43084716796875 74.04487609863281
7.784337043762207 12.624441525489488 34.232784271240234 80.14532470703125
13.101934432983398 14.749059967438825 9.894200325012207 11.832843780517578
9.958019256591797 14.459889901543761 15.859295845031738 28.40476417541504
7.1059465408325195 11.785587562717073 18.502870559692383 39.76957321166992
5.976802349090576 9.88320367077074 18.919767379760742 45.07110595703125
17.71795082092285 19.839476560205583 14.11984920501709 17.260961532592773
11.640203475952148 16.59614285368491 24.29777717590332 44.86027145385742
8.818743705749512 13.938269334744533 27.847858428955078 60.225101470947266
7.39451265335083 11.882749118132438 28.02387237548828 66.5189208984375
20.59804916381836 21.840683461291462 29.371355056762695 39.57009506225586
13.242280006408691 17.471583269057234 44.19306945800781 79.9921875
9.65659236907959 14.486434787311737 46.725868225097656 95.75696563720703
7.89751672744751 12.387590730094107 44.925575256347656 99.90748596191406
7.65392541885376 9.227449056966996 2.974738359451294 3.10746431350708
6.131988525390625 10.272565780195777 3.9623513221740723 5.801901817321777
3.525632619857788 6.800431408225947 4.996280670166016 9.376357078552246
3.151179552078247 5.915030431550804 5.557027816772461 11.910900115966797
9.356224060058594 11.520679284648338 3.4658424854278564 3.6538872718811035
7.162469387054443 10.919610622348955 4.890086650848389 7.593627452850342
5.463464260101318 9.262153600223897 6.349270820617676 12.7767333984375
4.529998779296875 7.265493857690615 7.095243453979492 16.310670852661133
12.181541442871094 15.194288528869379 4.485379219055176 4.79674768447876
8.422527313232422 13.339048870433732 6.862765789031982 11.385174751281738
6.507284164428711 10.606236055420254 9.070635795593262 19.41972541809082
5.798852443695068 8.233584688450733 10.046950340270996 24.399065017700195
10.212920188903809 12.26729538892414 4.522839546203613 4.789932727813721
7.2655863761901855 11.444459975054087 6.57233190536499 10.412816047668457
4.110251426696777 7.664490747334185 8.332700729370117 17.025497436523438
3.8998143672943115 6.4312263687921245 9.099907875061035 21.159727096557617
13.183614730834961 15.860366437340417 5.59710168838501 6.049893379211426
7.81207799911499 11.691525869101042 8.969340324401855 15.319364547729492
5.947852611541748 8.972652962769644 11.630946159362793 25.309213638305664
4.177934169769287 7.000607288333178 12.646722793579102 31.014192581176758
17.661954879760742 20.913781074984453 8.497815132141113 9.532950401306152
10.087307929992676 15.397755931612698 15.196356773376465 27.699851989746094
8.630544662475586 13.4119666134549 19.107454299926758 42.535255432128906
6.095638751983643 11.321949654712938 20.056594848632812 49.52177047729492
11.896657943725586 14.034159522691198 6.5758748054504395 7.21898889541626
8.227264404296875 13.437393030992439 10.313502311706543 17.353635787963867
4.556855201721191 8.384873077791951 12.536893844604492 26.608936309814453
4.492399215698242 7.611365983658942 13.275273323059082 31.760650634765625
15.894386291503906 18.668205508885194 8.616795539855957 9.774994850158691
10.21571159362793 15.53856129793553 15.014445304870605 27.01595115661621
7.7988104820251465 13.376080175403256 18.427698135375977 40.77629089355469
5.316628932952881 9.018406442518426 19.33234977722168 47.478759765625
21.426149368286133 24.24809040561638 15.311042785644531 18.70238494873047
12.717838287353516 18.03562499629561 27.9584903717041 51.76478576660156
9.392050743103027 15.116495180224547 32.02536392211914 68.99878692626953
7.789796829223633 13.055798029131438 32.03983688354492 75.52003479003906
12.666603088378906 14.540381926954979 8.392163276672363 10.099004745483398
9.186219215393066 14.516328956121072 14.391427040100098 25.169565200805664
5.898731708526611 10.445484322975915 16.51678466796875 35.36819839477539
3.9611594676971436 6.047549164440966 17.002399444580078 40.761962890625
16.997251510620117 19.447712998764928 11.645530700683594 14.549134254455566
11.458088874816895 16.841297929788993 21.43307876586914 39.15468215942383
8.523341178894043 14.317255268813653 24.72670555114746 54.17011260986328
7.067331314086914 12.508780165879571 25.230344772338867 60.82858657836914
21.461931228637695 23.345909624722935 23.249399185180664 30.48615264892578
13.052090644836426 17.507586779313954 40.02497863769531 72.76553344726562
9.549559593200684 14.707122171764581 43.11652374267578 89.15380859375
7.875940799713135 12.789340741588035 42.038002014160156 94.47128295898438
7.865164756774902 9.85588177279396 2.8263533115386963 3.035051107406616
6.097118854522705 10.66401626592554 3.9769158363342285 6.416863441467285
3.7722408771514893 6.724493654483467 4.952463626861572 10.123714447021484
1.550402045249939 2.493255118546017 5.39523458480835 12.406739234924316
9.472649574279785 12.19469468661373 3.2794370651245117 3.564221143722534
6.345107078552246 10.226119443288429 4.883056163787842 8.381519317626953
3.1921517848968506 5.68833248579358 6.199490070343018 13.601404190063477
2.6351406574249268 3.372028107056394 6.765783309936523 16.717031478881836
11.726347923278809 15.3454704953744 4.1435089111328125 4.586940765380859
7.168651103973389 11.496945443176514 6.630312442779541 12.146777153015137
5.056149482727051 8.383296409765288 8.478475570678711 19.781461715698242
3.9401814937591553 4.671955770859654 9.183236122131348 24.085634231567383
10.851800918579102 13.5064221969742 4.138821125030518 4.528303146362305
6.678041458129883 10.883878703652869 6.262007236480713 10.91047477722168
3.3476624488830566 5.90462668946833 7.827789306640625 17.319164276123047
2.434805154800415 3.5994820860137224 8.439571380615234 20.958141326904297
13.27712631225586 16.707477237639957 5.189224720001221 5.809887409210205
6.918467044830322 10.512399368470597 8.522061347961426 15.90775203704834
5.133084297180176 8.950318692497746 10.690840721130371 25.142114639282227
3.4693872928619385 4.983994909943817 11.422719955444336 29.984375
16.993595123291016 21.26058794718749 7.644617557525635 8.890342712402344
11.027292251586914 17.02585566613959 13.66455078125 26.79853630065918
7.104437351226807 11.432658742282129 16.4505672454834 39.65510177612305
5.689913272857666 8.37272224275786 17.02964973449707 45.61534881591797
12.917937278747559 15.897568071892692 5.9708452224731445 6.652132987976074
7.400460243225098 12.49188087306614 9.37830638885498 17.011064529418945
4.863038539886475 8.47327915588005 11.29259204864502 25.7430362701416
2.9996793270111084 4.430794523198102 11.871410369873047 30.258169174194336
16.963661193847656 20.642036102103248 8.08439826965332 9.341933250427246
8.463723182678223 11.92830562656684 13.871334075927734 26.691709518432617
7.163427829742432 12.140588396623343 16.36359405517578 38.84593200683594
5.611306190490723 10.072617369223622 16.858766555786133 44.352386474609375
20.825624465942383 24.36993058543002 14.05535888671875 17.4277400970459
11.898496627807617 18.04720998485138 24.928936004638672 48.405601501464844
7.660365104675293 13.110411981567747 26.97281837463379 62.79469680786133
7.074520111083984 12.198460540871318 26.396827697753906 68.03106689453125
14.095500946044922 17.14202332944683 7.906303405761719 8.939263343811035
9.472338676452637 14.35835687691042 12.66652774810791 23.260744094848633
5.1739959716796875 8.666932196854304 14.560256004333496 33.278831481933594
4.126986980438232 6.418463220845865 14.910191535949707 38.05366897583008
18.830598831176758 22.221546070090525 11.393738746643066 13.537111282348633
10.808911323547363 16.382115368511677 19.6634521484375 37.74347686767578
7.969817161560059 13.497373308851195 21.76514434814453 50.90251541137695
6.328847885131836 11.362447615627616 21.69842529296875 56.13545608520508
20.601940155029297 22.80089933853058 21.306676864624023 30.04694366455078
12.247151374816895 17.372829267734755 36.612571716308594 68.72467041015625
8.952757835388184 14.245643227803612 36.771759033203125 81.75910186767578
7.226202011108398 12.079030685840682 34.595245361328125 85.31999206542969
7.755357265472412 9.888223281208703 3.259533643722534 3.460092544555664
5.347884178161621 9.232706268486766 4.424610137939453 6.9929375648498535
2.5487442016601562 5.4573433282884025 5.467416286468506 11.155210494995117
2.4975733757019043 3.942365675132237 5.930004596710205 13.802382469177246
9.922331809997559 12.60030959084088 3.891848087310791 4.1831769943237305
6.600800037384033 11.282193300279033 5.668704986572266 9.472800254821777
4.706124305725098 7.667188696995751 7.174470901489258 15.556038856506348
3.367720127105713 5.3306626643131665 7.7873215675354 19.240266799926758
13.263724327087402 16.697913251761317 5.137917995452881 5.629383563995361
9.69143009185791 13.287634538874158 8.199655532836914 14.538651466369629
5.048281669616699 7.741132106305212 10.486861228942871 23.833223342895508
4.848023414611816 6.874014654591917 11.275586128234863 28.94963264465332
10.598271369934082 13.40384563859152 5.280765533447266 5.74503231048584
6.200968265533447 9.980306210471792 7.837806224822998 13.49816608428955
4.6195173263549805 7.344429328220713 9.587895393371582 21.19321060180664
2.9106357097625732 4.670091986249275 10.150694847106934 25.39927101135254
14.187481880187988 17.541177037320494 6.771007537841797 7.558281421661377
7.775971412658691 10.873161133814584 11.207538604736328 20.448474884033203
6.316235065460205 9.427491735133117 13.845257759094238 31.887723922729492
4.876302242279053 7.90008310453743 14.552652359008789 37.58994674682617
19.36435890197754 23.114380631733184 10.404862403869629 12.203290939331055
11.413724899291992 17.186771419766142 19.08098602294922 36.095027923583984
9.011191368103027 14.40064563105608 22.671010971069336 51.87306213378906
6.761462688446045 10.72118438247469 23.146411895751953 58.579647064208984
12.456587791442871 15.385153784044633 8.205851554870605 9.248276710510254
8.2106294631958 12.355306172530845 12.977754592895508 23.305265426635742
3.579129695892334 6.694655309660902 14.99257755279541 33.69673538208008
3.5595083236694336 5.961265075040441 15.299251556396484 38.57667922973633
17.331069946289062 20.54825888949472 11.165310859680176 13.192119598388672
11.834657669067383 17.921795518562256 19.624839782714844 36.68046951293945
8.404438972473145 13.957089349512898 22.56324005126953 51.25426483154297
5.301814556121826 9.0366585375519 22.754779815673828 57.400146484375
22.651681900024414 24.97038170607073 20.361377716064453 26.850318908691406
13.885007858276367 19.03706271777704 35.55104446411133 65.72480010986328
9.630096435546875 14.793351980443731 38.03086853027344 81.82212829589844
7.841137409210205 12.619068297448337 37.05661392211914 87.41783905029297
13.298830032348633 15.497474549497383 11.070199966430664 13.101065635681152
9.76579475402832 15.103099055963867 18.465240478515625 33.49195861816406
6.21726655960083 10.265937220452784 20.20751190185547 44.8840446472168
4.335503578186035 6.770483093139433 19.97352409362793 49.562828063964844
18.177471160888672 20.647765963821485 15.899979591369629 20.32647132873535
12.17839241027832 17.49660611208321 28.287260055541992 52.446659088134766
8.905898094177246 14.322693293423072 30.62561798095703 67.31104278564453
7.144778251647949 12.09431880265406 29.941085815429688 72.85636138916016
20.915855407714844 21.977159278260388 32.71599197387695 50.31208419799805
14.179147720336914 18.31360967138491 50.87472152709961 90.31434631347656
9.870282173156738 14.529397094877163 51.10087585449219 103.77313995361328
7.974505424499512 12.29772333344954 48.49871826171875 107.69171905517578
8.017549514770508 9.661245532988275 2.7448019981384277 2.8825314044952393
5.895645618438721 9.965251228218442 3.597014904022217 5.311270236968994
4.150074481964111 7.363856788405883 4.502394676208496 8.542266845703125
2.322755813598633 4.561729536317671 5.0075812339782715 10.87214469909668
9.411980628967285 11.750549112247484 3.2235772609710693 3.4082939624786377
6.362990856170654 11.498360749146595 4.4498372077941895 6.8940019607543945
3.903463363647461 6.7619504179099295 5.70019006729126 11.48849868774414
4.615113735198975 6.629198179975006 6.348767280578613 14.697433471679688
11.654841423034668 14.621798577022872 4.142693042755127 4.436190128326416
8.869935989379883 13.606477909110026 6.1682820320129395 10.139825820922852
5.869935512542725 10.189387246670435 8.00633716583252 17.060596466064453
5.658161640167236 9.658437611395076 8.81624984741211 21.537172317504883
10.958560943603516 13.25842363536367 3.9631218910217285 4.2270660400390625
6.16092586517334 9.035593766543514 5.622305393218994 8.967041969299316
4.033262252807617 7.269147728359258 7.162970066070557 14.793595314025879
2.9095098972320557 4.827027181830715 7.863677978515625 18.539913177490234
13.314682006835938 16.448946063024948 5.025218963623047 5.432651042938232
7.37209415435791 11.710968758765716 7.779466152191162 13.167180061340332
6.007692813873291 10.275172499062876 10.03663158416748 21.827468872070312
4.027225494384766 7.3872403025632885 10.899240493774414 26.987958908081055
17.10222816467285 20.874442750838682 7.512910842895508 8.382084846496582
10.508572578430176 16.0370324934197 12.996129035949707 23.333051681518555
8.378297805786133 12.350942712749205 16.264114379882812 36.12413787841797
6.25847053527832 10.707131305071812 17.006032943725586 42.536190032958984
13.211956977844238 15.951598916796684 5.529977798461914 5.998046398162842
8.679587364196777 13.083818083496176 8.370889663696289 14.04061508178711
5.10543155670166 8.811993624118713 10.52949047088623 22.540237426757812
3.5420937538146973 5.749273268788897 11.24914836883545 27.31201171875
17.099985122680664 20.350679390055326 7.534377574920654 8.359926223754883
10.30419635772705 15.736907275757996 12.684914588928223 22.507518768310547
6.074921607971191 9.58821442872727 15.810194969177246 34.83895492553711
5.110931873321533 7.700526115057073 16.50710105895996 41.01179885864258
20.888309478759766 23.78016848467013 13.734651565551758 16.21969985961914
13.126965522766113 18.91571975554552 23.92139434814453 43.616329193115234
9.131229400634766 13.056361530151545 27.445924758911133 59.22166442871094
7.515591621398926 11.717142494296894 27.199785232543945 65.25460052490234
14.490885734558105 17.26423000927678 7.2049946784973145 7.9197187423706055
9.684706687927246 15.302874181742382 11.232906341552734 19.320465087890625
5.409276485443115 8.863510930052755 13.789899826049805 29.719921112060547
4.887775421142578 8.566111627082137 14.357449531555176 34.922462463378906
19.108999252319336 22.075458606654017 10.397631645202637 11.828190803527832
11.01804256439209 15.871004813104719 17.9122257232666 32.28164291381836
7.557002067565918 12.843872171551538 21.395980834960938 46.568275451660156
6.271758079528809 9.76336822607108 21.656614303588867 52.81290817260742
19.166662216186523 20.248121898304817 20.478944778442383 23.060802459716797
13.392158508300781 18.120851150852104 35.002723693847656 62.6867561340332
9.678759574890137 14.652774754676102 37.617828369140625 77.8876953125
7.827333450317383 12.437870364162485 36.13047409057617 82.76329803466797
8.564809799194336 10.569944746388217 3.247593402862549 3.44777774810791
5.176815986633301 8.826675039525343 4.5710320472717285 7.2141876220703125
3.097353935241699 4.479200005428368 5.840859413146973 11.918501853942871
2.3535189628601074 3.9004674575249965 6.466433525085449 15.099730491638184
10.13578987121582 12.697821725170911 3.796461582183838 4.080915927886963
6.237259864807129 9.676177941762717 5.768249988555908 9.68152904510498
4.296640396118164 7.17504115037128 7.617321968078613 16.59482765197754
3.2513632774353027 5.634575608981763 8.46566104888916 21.002761840820312
12.87855339050293 16.27989581318775 4.881619453430176 5.348072528839111
7.919010639190674 11.73326745636954 8.163843154907227 14.636295318603516
6.857367038726807 10.239710155877905 11.021858215332031 25.193437576293945
5.41837215423584 8.710733545712685 12.182398796081543 31.272497177124023
11.274187088012695 13.740972797482755 5.061456203460693 5.504033088684082
6.5451979637146 10.420791391466288 7.810824394226074 13.497143745422363
3.587733507156372 6.785560736202569 9.972518920898438 21.929868698120117
2.620887041091919 5.064535548099002 10.813803672790527 26.89058494567871
14.408473014831543 17.586706657863242 6.300179958343506 7.031270503997803
6.706396579742432 11.34247036111314 10.85445499420166 20.029348373413086
6.879793167114258 11.397828835070868 14.147008895874023 32.67338562011719
4.905130863189697 8.657239364605744 15.260849952697754 39.38274002075195
18.93690299987793 22.81439601998038 9.472945213317871 11.038496971130371
9.920404434204102 13.858929191520954 17.8513240814209 34.48902893066406
8.36742115020752 13.587229458688398 22.57225799560547 52.25505828857422
7.038093566894531 11.572799004452436 23.788801193237305 60.263221740722656
12.419926643371582 14.638770841528071 7.890139102935791 9.059075355529785
8.940653800964355 14.024644550734678 12.48181438446045 22.779525756835938
4.717735767364502 8.741526457958003 15.065255165100098 33.82101821899414
4.282180309295654 7.625895432281823 15.772796630859375 39.58488845825195
16.34418487548828 19.249682270571732 10.481969833374023 12.520380973815918
9.918116569519043 14.34804217872751 18.302457809448242 34.947513580322266
7.276219844818115 12.301644484969316 22.233091354370117 50.99481964111328
6.146230697631836 10.36010080137595 23.046226501464844 58.332881927490234
21.92083168029785 24.83423511333882 18.447052001953125 23.38551902770996
12.384663581848145 17.515086520776162 32.29519271850586 61.49047088623047
8.675016403198242 13.055927641575112 36.548702239990234 80.40209197998047
7.335483551025391 11.526277072518837 36.72948455810547 87.66594696044922
11.709612846374512 13.119219893668003 10.477856636047363 12.86524486541748
9.043560981750488 13.472303658727014 17.56407928466797 32.750308990478516
6.091830253601074 10.245422279943796 19.802032470703125 44.249202728271484
4.828749179840088 8.595528816449871 20.08405303955078 49.91154479980469
15.969752311706543 17.909108361041433 14.410881042480469 17.88198471069336
10.68400764465332 15.563778751298742 26.053815841674805 49.487281799316406
7.889725208282471 12.69401603637752 29.529930114746094 65.96977233886719
6.769791603088379 10.91669659970421 29.681867599487305 72.87112426757812
20.882402420043945 22.419630068577533 30.275514602661133 41.8350944519043
12.705676078796387 16.95422315965061 46.05931091308594 84.29907989501953
8.902632713317871 13.349469327024703 48.419742584228516 100.99676513671875
7.476083278656006 11.351804819758286 47.20553970336914 106.8865737915039
7.998639106750488 9.587725096964277 2.907411575317383 3.0683083534240723
6.118683815002441 10.437123116576004 3.9312493801116943 6.026775360107422
3.4862098693847656 6.387947397498529 4.956810474395752 9.756933212280273
2.9846997261047363 5.503533741484461 5.480754852294922 12.251970291137695
9.538362503051758 11.891890504452974 3.393239974975586 3.6103107929229736
7.370150566101074 11.168176945867428 4.89731502532959 7.9025187492370605
5.732255935668945 8.144274384119058 6.355335712432861 13.27098274230957
4.625430107116699 7.9345114250464235 7.0688652992248535 16.76400375366211
12.145751953125 15.727259460419418 4.362955570220947 4.709177017211914
8.18708324432373 13.123204464385708 6.843174457550049 11.746755599975586
6.077866554260254 10.3942357062611 9.047701835632324 19.996845245361328
5.621398448944092 9.505004169360973 10.027443885803223 25.015174865722656
10.745475769042969 12.834434425718541 4.417320728302002 4.76168155670166
7.2204976081848145 11.237151433557015 6.516024112701416 10.899578094482422
3.8664469718933105 5.822651738708373 8.28184986114502 17.794584274291992
3.6915435791015625 5.811957804169636 9.013640403747559 21.898794174194336
13.992141723632812 17.11043943489581 5.474632740020752 6.006766319274902
8.598190307617188 12.685197244623561 8.959735870361328 15.895710945129395
6.195112228393555 10.192202839927994 11.663227081298828 26.310888290405273
5.765212535858154 7.991547906385662 12.689188003540039 32.10737991333008
18.330734252929688 22.821674018910926 8.228869438171387 9.339160919189453
9.85685920715332 13.712585101965999 14.987260818481445 27.83797264099121
9.008134841918945 14.484704796786417 19.004789352416992 43.36568069458008
6.8300299644470215 12.356667477605413 20.137102127075195 50.84810256958008
12.365029335021973 14.451485163338589 6.64766263961792 7.339606285095215
7.076952934265137 9.886755552179523 10.225706100463867 17.917280197143555
5.4237284660339355 9.656665977619113 12.591475486755371 27.78641128540039
5.202791690826416 9.15354867058852 13.3164644241333 33.07814025878906
17.00445556640625 20.210767964184924 8.657102584838867 9.848319053649902
9.900379180908203 15.557249831229456 15.011799812316895 27.622278213500977
7.877918720245361 13.388300803647638 18.702808380126953 42.34395980834961
6.964498043060303 12.240917061790128 19.648914337158203 49.43108367919922
22.71148109436035 26.379668411369998 15.09911060333252 18.685243606567383
13.805290222167969 19.7942531807833 28.105945587158203 51.88194274902344
9.963172912597656 16.215191554003784 32.45692825317383 70.48242950439453
6.575575351715088 10.699487925271114 32.691524505615234 77.84796905517578
12.638944625854492 14.093065355799293 9.222291946411133 11.021700859069824
9.538862228393555 14.370187632954185 14.367277145385742 25.414457321166992
5.834172248840332 9.546187744050165 16.776796340942383 36.86482620239258
5.306779861450195 7.672371904061812 17.290550231933594 42.65034103393555
18.069162368774414 20.469536011668353 12.410906791687012 15.109698295593262
12.087157249450684 17.544564436165956 21.55864143371582 39.70465850830078
8.805057525634766 14.494113854875195 25.431100845336914 56.2468376159668
7.223446369171143 12.531980201370743 25.96381187438965 63.58029556274414
20.620872497558594 22.7781526720552 16.864078521728516 33.477882385253906
14.134746551513672 18.988904349262157 41.332542419433594 74.11333465576172
10.264911651611328 15.857790177438801 44.6441650390625 91.66020965576172
8.033614158630371 13.29676531470227 43.576393127441406 97.8675765991211
8.276276588439941 10.464659046714573 3.3235437870025635 3.51776123046875
5.401383876800537 9.176411102924249 4.717103004455566 7.539633750915527
3.541846990585327 5.781807522848368 6.133979320526123 13.000913619995117
2.2277157306671143 3.342528845111616 6.827164649963379 16.610816955566406
10.454407691955566 13.391798758831072 3.9321749210357666 4.227359771728516
7.196047782897949 10.550930746535414 6.118332386016846 10.538471221923828
5.309842586517334 9.012843178518324 8.253984451293945 18.785968780517578
3.846379041671753 5.289782574135302 9.223783493041992 23.897794723510742
14.516230583190918 18.680331754005692 5.192874431610107 5.730416774749756
9.264307975769043 12.750610950018654 9.215584754943848 17.214038848876953
7.868338108062744 14.283691248930097 12.627229690551758 30.333751678466797
7.126863956451416 13.253614727704502 13.946824073791504 37.49530792236328
11.39557933807373 14.562611211556217 5.215277194976807 5.6822357177734375
7.159862041473389 11.845826938441434 8.541340827941895 15.165581703186035
4.864771366119385 8.821424154925467 11.185709953308105 25.84576416015625
3.6195337772369385 7.131491017053293 12.145079612731934 31.721057891845703
16.045068740844727 20.304134257147666 6.713598728179932 7.567749500274658
11.49484634399414 19.081844192317764 12.689617156982422 24.374040603637695
8.42143726348877 15.071137876349894 16.84001922607422 40.548011779785156
6.850924491882324 12.669193711338409 18.114274978637695 48.39686584472656
23.777158737182617 28.600951156113865 11.119135856628418 13.323447227478027
13.960084915161133 20.518893507990583 23.885438919067383 47.541385650634766
9.571182250976562 15.376874070693702 29.424671173095703 69.32339477539062
7.675793647766113 12.837545916467562 30.243188858032227 77.62948608398438
13.405510902404785 16.74235605050336 8.471665382385254 9.617206573486328
9.902975082397461 15.932583224255325 15.079615592956543 28.094810485839844
7.31360387802124 12.727799733816823 18.31212043762207 42.717628479003906
6.008825778961182 10.872542037072996 18.93117904663086 49.32329559326172
19.927217483520508 23.919712594676867 11.991911888122559 14.322959899902344
12.345274925231934 18.117612440288372 24.246139526367188 47.35775375366211
8.732460975646973 14.452661169066005 28.929153442382812 67.47217559814453
7.096518039703369 12.349408332714614 29.42535972595215 75.20208740234375
29.139360427856445 30.78939067190754 27.094261169433594 35.22458267211914
15.52353572845459 19.892195640288264 49.75300598144531 92.91289520263672
10.14133358001709 14.617145069496928 52.02394485473633 111.18028259277344
7.974050521850586 12.340856269344386 49.85649108886719 115.91461944580078
13.720605850219727 15.740442892682722 15.022713661193848 17.56570053100586
9.659716606140137 14.20916419678997 23.361040115356445 43.47821044921875
7.291889190673828 11.995196173101249 25.698123931884766 58.42621994018555
6.124439239501953 10.582171112313773 25.357866287231445 64.25306701660156
18.917442321777344 19.534292997572607 22.130489349365234 32.37302780151367
12.678680419921875 17.006995161095006 37.90482711791992 71.81707000732422
8.87658977508545 13.914477364793015 40.71751403808594 90.20271301269531
7.196238040924072 12.0172309135979 39.64313888549805 96.13206481933594
27.56980323791504 27.72081595257805 58.849796295166016 81.55113983154297
16.23240089416504 19.09897807771773 75.371826171875 130.41464233398438
10.499313354492188 14.151284973552443 71.62787628173828 141.0572509765625
8.156670570373535 11.983245528596413 66.0571517944336 142.10711669921875
10.056139945983887 11.93120329831753 3.4702022075653076 3.675224542617798
6.162829875946045 10.337256394771265 4.957284927368164 7.8816914558410645
3.6410326957702637 6.070388063622357 6.568356513977051 13.630363464355469
2.7510297298431396 4.750157170764851 7.41212272644043 17.578536987304688
11.795500755310059 14.510602896187706 4.11654806137085 4.419830322265625
8.19044303894043 11.593865496667199 6.430964469909668 10.971056938171387
4.274621486663818 6.069078376248271 8.795949935913086 19.627771377563477
4.956025123596191 7.447169673354196 9.927790641784668 25.15011215209961
15.363767623901367 19.499146455503706 5.456363677978516 6.002429962158203
10.510973930358887 15.868608293438001 9.617674827575684 17.741655349731445
7.23631477355957 12.735933215936448 13.284662246704102 31.290918350219727
6.262317657470703 10.87664818003259 14.759650230407715 38.90284729003906
13.313342094421387 15.947022754888138 5.636423587799072 6.138462543487549
6.969019412994385 10.389025186531992 9.121456146240234 16.11055564880371
5.652080059051514 9.383834219331789 12.124061584472656 27.260454177856445
5.656841278076172 9.732029004724609 13.303314208984375 33.57853317260742
17.87419891357422 21.61781066953786 7.303383827209473 8.227494239807129
12.103367805480957 18.837278650693356 13.516989707946777 25.725482940673828
8.984334945678711 15.355973583128275 17.994911193847656 42.28064727783203
7.3442559242248535 12.719786372815179 19.408370971679688 50.43235397338867
24.38914680480957 29.408773808774868 12.372296333312988 14.863507270812988
14.359530448913574 21.03171350165144 25.130258560180664 49.523765563964844
9.862380981445312 16.121734936400394 30.781217575073242 71.07477569580078
7.881904602050781 13.317423562224011 31.66681671142578 79.66319274902344
14.905519485473633 17.240897744050045 9.604486465454102 10.842851638793945
10.49880599975586 15.558708384498459 16.375490188598633 30.241018295288086
7.9309916496276855 12.972632781603352 19.971405029296875 45.12249755859375
6.530750751495361 10.842136111623404 20.78867530822754 52.00184631347656
20.54847526550293 23.76331892920416 13.764092445373535 16.46639633178711
13.243986129760742 18.641594967235363 26.100482940673828 50.319908142089844
9.460264205932617 14.894684790393384 30.88203239440918 70.03097534179688
7.696659088134766 12.473381888509422 31.370201110839844 77.68492126464844
28.552631378173828 30.395681286787408 31.28827667236328 41.1094970703125
15.647272109985352 20.438109298114796 51.75334548950195 95.57167053222656
10.444661140441895 15.58079721538283 53.78774642944336 112.90763854980469
8.311120986938477 13.073055445716255 51.76519012451172 117.9444351196289
14.64954948425293 15.801639839431417 14.48514461517334 17.488924026489258
10.22269344329834 13.885459126891043 25.375417709350586 46.60930633544922
8.032303810119629 12.502422406084456 27.99169921875 61.55782699584961
6.663454055786133 10.716804372352183 27.803321838378906 67.47628784179688
20.076366424560547 21.132446118363404 23.608409881591797 30.417804718017578
13.500831604003906 17.65427880348537 40.55718994140625 75.4507827758789
9.698905944824219 14.431050705253256 43.2382926940918 92.9953384399414
7.863471508026123 12.25786800790047 42.078243255615234 98.70206451416016
26.608657836914062 26.79953304087917 62.24407958984375 86.42365264892578
16.138925552368164 19.78239193100717 76.83069610595703 131.6741180419922
10.821911811828613 15.171044827384094 73.21733856201172 142.12521362304688
8.553947448730469 12.847562995184504 68.09452056884766 143.6967010498047
8.434417724609375 10.321944219205761 3.46116042137146 3.6649086475372314
5.434844970703125 9.725063864881776 4.9784064292907715 7.947395324707031
2.925615072250366 6.147607027357026 6.501871109008789 13.49024486541748
1.8734831809997559 3.020160790546697 7.218409538269043 17.188289642333984
10.654799461364746 13.469921604024421 4.154611587524414 4.467789173126221
7.056425094604492 11.60298115037871 6.585077285766602 11.267704010009766
5.196944713592529 6.846838489854235 8.876745223999023 19.729045867919922
3.738710403442383 6.2948151744705 9.860780715942383 25.002145767211914
14.852182388305664 18.97719031102483 5.599153518676758 6.195613384246826
9.601802825927734 15.4677839422455 10.169611930847168 18.766887664794922
8.809165954589844 15.521705274805527 13.79556941986084 32.201324462890625
7.211019515991211 12.997549752303769 15.072717666625977 39.444026947021484
11.646689414978027 14.450350100516516 5.658993721008301 6.166537761688232
7.866704940795898 12.667538658787862 9.437504768371582 16.761367797851562
5.853831768035889 9.451739736203763 12.453577995300293 28.014673233032227
4.977978706359863 8.749904484671788 13.466141700744629 34.121097564697266
16.466976165771484 20.221442268728424 7.446615219116211 8.426626205444336
11.594558715820312 18.47390765452576 14.366708755493164 27.305395126342773
8.566847801208496 14.83962730820187 18.982336044311523 44.15388488769531
7.074911594390869 12.434309727167602 20.246397018432617 52.262168884277344
24.604833602905273 28.951664068143202 12.757368087768555 15.484441757202148
14.196507453918457 20.146865249138436 27.486106872558594 53.21315383911133
10.141877174377441 16.231009455437857 33.53241729736328 75.1241683959961
8.20650577545166 13.618858312507655 34.178062438964844 83.33659362792969
13.530033111572266 16.068396602146095 10.24353313446045 11.560150146484375
10.250222206115723 15.603968171480233 17.31378746032715 31.917404174804688
7.455605983734131 12.648669026387738 21.124975204467773 47.464996337890625
6.154951572418213 10.63375685572646 21.78207015991211 54.35956954956055
19.799692153930664 22.780357266873125 14.58625316619873 17.4517822265625
12.60604476928711 17.604940295983397 28.170570373535156 53.77562713623047
9.047365188598633 14.279265089466406 33.46483612060547 74.37928009033203
7.380573749542236 12.08376463026967 33.80829620361328 82.29322814941406
28.773090362548828 29.759064737547305 33.18241500854492 43.36741638183594
15.689265251159668 19.55934769866669 56.87028121948242 102.20394897460938
10.789859771728516 15.475420261710042 59.642356872558594 120.22584533691406
8.634248733520508 13.287449302898551 57.254478454589844 124.66381072998047
12.935117721557617 13.674975123944932 19.810749053955078 26.685976028442383
10.15736198425293 14.10638397754974 28.193973541259766 50.81074142456055
7.666355609893799 12.169250532125261 30.23317527770996 65.51134490966797
6.2834601402282715 10.339382464809717 29.775768280029297 71.53380584716797
18.49346923828125 19.04635812724291 29.772586822509766 38.769386291503906
12.999778747558594 16.73983513512212 44.68687057495117 81.46699523925781
9.364794731140137 13.734964716025786 47.49962615966797 99.45475769042969
7.539285182952881 11.748551069891569 46.07224655151367 105.37596893310547
26.332250595092773 26.467877704255898 71.4383316040039 96.87545776367188
16.447038650512695 18.975027079130086 84.40386199951172 140.3125457763672
11.050008773803711 14.760593912839568 81.39407348632812 151.094970703125
8.864867210388184 12.973784765327991 75.76701354980469 152.2060546875
8.568808555603027 10.733844526679434 3.480985641479492 3.731175422668457
6.331716537475586 8.678888514116352 4.985867023468018 8.162027359008789
3.2762656211853027 5.323366140571125 6.261507987976074 13.292667388916016
2.2930972576141357 3.6306623905868207 6.8535590171813965 16.622920989990234
10.848308563232422 13.781589544723147 4.135465621948242 4.495459079742432
7.571042060852051 12.470636128969304 6.427290916442871 11.205456733703613
4.609533309936523 7.355431454985251 8.313775062561035 18.834871292114258
3.956364631652832 5.72201766644225 9.126681327819824 23.546653747558594
14.52847957611084 18.85739130556715 5.4583420753479 6.078790664672852
9.447718620300293 14.426922750883477 9.499791145324707 17.674041748046875
7.004696369171143 11.633641603547815 12.416219711303711 29.49559211730957
6.047248840332031 9.96046659845888 13.446020126342773 35.99909210205078
11.533767700195312 14.54733395063522 6.033229351043701 6.661165714263916
7.188122272491455 9.88665674106575 9.615155220031738 17.28741455078125
3.8860158920288086 6.518218647553567 11.748357772827148 26.963397979736328
2.98646879196167 5.086080637443132 12.367185592651367 32.068817138671875
15.80367660522461 19.881956735520788 7.767307758331299 8.861756324768066
11.719332695007324 19.00797211861658 14.030973434448242 26.83992576599121
8.562360763549805 14.890421609734858 17.30925178527832 41.14082336425781
7.1324238777160645 12.578176500956488 18.054508209228516 47.95303726196289
22.652545928955078 27.648377998561045 12.25119400024414 14.83114242553711
14.179017066955566 20.822748742918378 25.054067611694336 49.05803298950195
9.904231071472168 15.951213807383738 29.375551223754883 68.27965545654297
7.993432998657227 13.231599210357103 29.423431396484375 75.50055694580078
12.827353477478027 15.771081243798848 10.671749114990234 12.382341384887695
9.885659217834473 15.144865401726891 17.967374801635742 33.415531158447266
7.647573947906494 12.81579041396597 19.84248161315918 45.4119873046875
6.354743957519531 10.985281317946828 19.615644454956055 50.33741760253906
18.394216537475586 21.548533197450524 14.78903579711914 18.2568416595459
12.458056449890137 17.868570182912663 27.88237762451172 53.35905075073242
9.105460166931152 14.512558956678944 30.445823669433594 69.25067901611328
7.415718078613281 12.199743092334387 29.727502822875977 75.00879669189453
27.935291290283203 29.83039216346515 28.48926544189453 38.34304428100586
15.309473037719727 19.944368496101163 51.720375061035156 94.7554702758789
10.448810577392578 15.325224533218545 52.62503433227539 110.54776763916016
8.25552749633789 12.742572370315784 49.29728698730469 114.23409271240234
12.30389404296875 13.271520141449571 15.666893005371094 18.650243759155273
9.618965148925781 13.557391196166918 28.407142639160156 52.18143081665039
7.813392639160156 12.341524345456492 28.354032516479492 62.724403381347656
6.471810817718506 10.692219711765041 26.60162925720215 65.94253540039062
17.2763729095459 17.998388149086736 23.693002700805664 34.94062423706055
12.611865043640137 16.5789933963531 43.60040283203125 80.10780334472656
9.358457565307617 14.044751028837709 43.35884475708008 92.99347686767578
7.563298225402832 11.933970936432948 40.44456481933594 96.27680206298828
25.09239959716797 25.34007158826438 56.09197998046875 80.39246368408203
15.721604347229004 19.107889017257094 76.67244720458984 130.76609802246094
10.77418041229248 14.936935859398986 72.64810943603516 140.50550842285156
8.433111190795898 12.485116027275287 65.94080352783203 140.79086303710938
8.462910652160645 10.777707581847821 3.2517588138580322 3.4567484855651855
4.183038234710693 7.8429201854795 4.73704195022583 7.698709011077881
3.601369857788086 5.701217068682126 6.092381000518799 13.184102058410645
3.3293612003326416 5.287157909148302 6.671563148498535 16.768020629882812
10.373565673828125 13.361428547446739 3.8717477321624756 4.178858280181885
6.0210862159729 10.902727216655563 6.179281234741211 10.769308090209961
4.689598560333252 8.41174311373834 8.193998336791992 18.948436737060547
2.9268054962158203 5.945961064657013 8.975963592529297 23.898717880249023
14.197881698608398 18.25243023491163 5.149062633514404 5.7123188972473145
9.23163890838623 13.380008427646544 9.305047035217285 17.527305603027344
8.005386352539062 13.961720297508691 12.467745780944824 30.284669876098633
6.4578166007995605 11.388587893959215 13.456920623779297 36.99431610107422
11.946540832519531 15.23623043607303 4.919222831726074 5.379287242889404
6.162805557250977 9.9999720630112 8.320466995239258 15.097850799560547
5.230268478393555 8.60458163333908 10.952268600463867 25.869800567626953
4.460488319396973 7.743135064227317 11.77804946899414 31.755340576171875
15.910965919494629 20.010639392164933 6.437808513641357 7.271631717681885
11.268589973449707 18.881154854745414 12.471988677978516 24.16159439086914
8.18083381652832 15.108659911979231 16.5174617767334 40.27222442626953
6.7275004386901855 12.72104597226501 17.512292861938477 47.881813049316406
22.88730812072754 27.643182175048423 10.867705345153809 13.08797836303711
13.160136222839355 19.584543717483548 23.464832305908203 46.72393035888672
9.292869567871094 15.543394972067745 29.015766143798828 68.4414291381836
7.53067684173584 13.216965609859013 29.41084098815918 76.36344146728516
14.083096504211426 17.904227504618973 7.6313300132751465 8.613625526428223
10.278563499450684 16.96250180625266 13.841805458068848 26.50482749938965
7.503668785095215 13.46766405262904 17.5169620513916 41.83111572265625
6.205202102661133 11.503622087066105 18.21536636352539 48.78556823730469
19.93118667602539 24.133815232975962 11.07247543334961 13.145347595214844
12.424812316894531 18.547228046331384 22.745162963867188 44.8133659362793
8.786948204040527 14.847598339317273 28.044036865234375 65.95863342285156
7.105555057525635 12.681033601250816 28.44886016845703 73.83910369873047
28.02556610107422 30.71563552721966 25.68575668334961 33.16403579711914
14.632919311523438 19.377038101413973 47.42319869995117 88.69075012207031
9.816428184509277 14.847641555813993 51.403934478759766 109.32618713378906
7.875141143798828 12.815571724192182 49.27860641479492 114.5656509399414
15.03048038482666 18.523895296515548 11.985383987426758 13.882119178771973
10.536999702453613 16.30711798932225 20.382469177246094 39.238975524902344
7.79384183883667 13.2753848506145 24.09235382080078 56.2538948059082
6.391305446624756 11.409639210124524 24.259052276611328 63.005191802978516
21.2354679107666 24.28536135883965 18.6573543548584 22.9141788482666
13.10409927368164 18.14701527696736 34.448341369628906 65.99072265625
9.181134223937988 14.55259870938557 39.20023727416992 87.40032958984375
7.325381755828857 12.547005868990254 38.45541000366211 94.072021484375
26.232309341430664 26.340958822847227 50.815731048583984 70.91880798339844
15.377172470092773 19.004293066127502 71.17254638671875 123.82456970214844
10.145383834838867 14.451169538562112 70.84029388427734 138.54469299316406
8.045520782470703 12.516548781202005 65.98697662353516 140.98805236816406
9.234151840209961 10.966152623678312 3.2306764125823975 3.4012370109558105
6.730956554412842 9.31038357045179 4.504908084869385 6.9779744148254395
3.1802079677581787 5.463322525949291 5.866443157196045 11.929800033569336
3.0077195167541504 5.554695901279047 6.5699591636657715 15.43886661529541
11.002654075622559 13.391084176678305 3.8629982471466064 4.117599964141846
6.227527141571045 9.73577426755304 5.879039764404297 9.778610229492188
4.5589189529418945 7.192948556254578 7.927084445953369 17.420852661132812
3.492661952972412 6.244583873097014 8.869355201721191 22.481884002685547
14.580628395080566 18.491611673335683 5.135605812072754 5.596428394317627
10.743352890014648 15.904731386270699 8.855842590332031 16.00023651123047
7.264097690582275 13.282469586517863 12.131501197814941 28.392345428466797
5.247190952301025 10.365693637733756 13.341779708862305 35.52815246582031
12.467011451721191 15.054513976314865 5.209533214569092 5.615434169769287
7.341119289398193 11.108930765803052 8.186482429504395 14.119856834411621
4.083616256713867 6.790478212596717 10.746636390686035 23.97762680053711
5.131369590759277 8.416656235364181 11.740486145019531 29.756797790527344
16.813087463378906 20.185470950732494 6.763278484344482 7.49955940246582
12.44936752319336 19.54194193406329 12.296853065490723 22.838476181030273
9.023612976074219 15.8036939304925 16.390546798706055 38.24421691894531
7.380622386932373 13.191190677887903 17.602500915527344 46.10886001586914
23.672361373901367 28.064933419075714 11.06730842590332 12.941665649414062
14.441638946533203 20.767566795880725 23.160112380981445 44.74657440185547
10.073126792907715 16.304837920979026 29.01750946044922 66.46562194824219
8.01876163482666 13.709318460011673 29.661605834960938 75.03459167480469
14.30151081085205 16.88676863253363 8.740839004516602 9.715072631835938
11.369060516357422 16.904640794838087 14.74454402923584 26.9122371673584
8.504280090332031 13.988290974799384 17.909351348876953 40.59274673461914
6.967163562774658 11.800568275109981 18.529909133911133 47.050514221191406
20.540023803710938 23.446108558902324 12.222963333129883 14.289458274841309
13.546114921569824 19.05857120629662 24.016864776611328 45.688385009765625
9.661677360534668 15.422041285820796 28.870426177978516 65.24346160888672
7.82600212097168 13.046162401290776 29.181785583496094 72.96190643310547
28.91969108581543 30.61655339478466 26.355512619018555 33.39691925048828
15.899303436279297 20.107759123160648 49.30867004394531 89.83733367919922
10.717903137207031 15.589193861649733 52.84510040283203 109.24312591552734
8.425738334655762 13.173065548895867 50.47755813598633 114.44187927246094
14.769618034362793 16.010230307732854 14.286590576171875 16.326751708984375
11.099461555480957 15.241063087522662 23.22852325439453 42.66558074951172
8.684378623962402 13.52620569980354 25.574190139770508 56.597103118896484
7.198465347290039 11.6923610366809 25.119626998901367 62.111671447753906
21.231958389282227 22.457543740142924 21.212936401367188 26.275888442993164
14.00354290008545 18.077782722912993 38.154239654541016 70.53682708740234
9.983084678649902 14.936088722672139 41.41775131225586 88.62737274169922
8.04930591583252 12.773682628713914 39.96260452270508 94.4590835571289
27.41504669189453 27.591112584895427 52.679012298583984 62.0925407409668
16.738521575927734 19.465723890720483 75.47579193115234 127.73941040039062
11.078408241271973 15.068091217409915 73.89729309082031 140.25689697265625
8.67435073852539 12.831848482071901 68.1514663696289 141.86865234375
8.356159210205078 10.199560813260518 3.4225566387176514 3.6498897075653076
5.195497512817383 9.346100825287323 4.882754802703857 7.922574520111084
3.034625768661499 5.725807343873953 6.277997970581055 13.095853805541992
2.1336660385131836 4.240086190022261 6.957386016845703 16.41870880126953
10.431550025939941 12.99630043791539 4.0149641036987305 4.345267295837402
5.32049036026001 7.150878792154117 6.256509304046631 10.851738929748535
3.73809814453125 7.480800222856601 8.29799747467041 18.558156967163086
3.9193243980407715 5.968068472924756 9.217531204223633 23.24283790588379
14.281120300292969 17.963610489817597 5.1911516189575195 5.758273601531982
7.560052871704102 11.708340304367539 9.122024536132812 17.092124938964844
8.452066421508789 15.211234991801408 12.30618667602539 29.19056510925293
7.235599517822266 13.273524182369684 13.514692306518555 35.74455261230469
11.296276092529297 13.953332774024659 5.562928676605225 6.143772602081299
6.272984981536865 10.773377941522732 9.10809326171875 16.328067779541016
5.476035118103027 10.480426415135298 11.65330696105957 26.20543098449707
4.796594619750977 9.324744499343751 12.564377784729004 31.5059814453125
16.013504028320312 19.436413306542818 7.084238529205322 8.090255737304688
11.136812210083008 17.66025765403583 13.212230682373047 25.307138442993164
8.034284591674805 14.117853222312931 17.03019905090332 40.112953186035156
6.800968170166016 12.24375874082088 18.141714096069336 47.16438674926758
23.361608505249023 27.415484179858595 11.22944450378418 13.555392265319824
13.800802230834961 19.478879943593142 23.546581268310547 46.69481658935547
9.564596176147461 15.108851053543823 28.676681518554688 66.85194396972656
7.733994483947754 12.784046796490387 29.325864791870117 74.54075622558594
13.166728019714355 15.756498479917695 9.485623359680176 10.987319946289062
9.549076080322266 14.434797195124702 16.274572372436523 30.160676956176758
6.998708248138428 11.860977141406693 19.278404235839844 43.40095138549805
5.832594871520996 10.460288308358031 19.842979431152344 49.24893569946289
19.147783279418945 22.148363391937153 13.249731063842773 16.202159881591797
12.06602954864502 16.90457284490863 25.339820861816406 48.72446823120117
8.359498977661133 13.240646350305795 29.447221755981445 66.90660095214844
6.996670722961426 11.691847497825762 29.654394149780273 73.68196105957031
28.1065673828125 29.854034884360537 26.811962127685547 35.2119140625
15.181973457336426 19.11896486566394 48.84751510620117 90.58140563964844
10.135001182556152 14.362889393435239 51.12560272216797 108.17736053466797
8.06009292602539 12.317745105762071 48.85072326660156 112.64456939697266
13.16650104522705 14.415695413746988 15.382667541503906 19.75562858581543
9.43887710571289 13.255871527421164 25.141544342041016 45.842498779296875
7.139153003692627 11.278828960994815 27.028230667114258 59.12124252319336
5.907961368560791 10.040870558399547 26.706409454345703 64.30179595947266
18.99161720275879 19.960484320527314 23.21908950805664 30.49907875061035
12.611784934997559 16.479676680519333 39.262542724609375 72.6895523071289
8.581308364868164 12.735241444654086 41.4469108581543 89.37740325927734
7.069767475128174 11.244630155589675 40.08437728881836 94.46092987060547
25.53304672241211 25.64576256070586 54.60064697265625 77.89679718017578
15.990524291992188 18.82293630226559 73.57073974609375 126.87774658203125
10.34962272644043 13.846562750686644 70.6925277709961 137.8904266357422
8.22980785369873 12.005314815723509 65.17781829833984 138.98251342773438
9.627878189086914 11.882764581332083 3.4936959743499756 3.6978402137756348
4.893177032470703 7.741310110454833 5.0546040534973145 7.985597610473633
2.4326272010803223 4.773583681481512 6.5859880447387695 13.532918930053711
1.943477988243103 3.411950140601237 7.329629898071289 17.16786003112793
11.393741607666016 14.274120072427216 4.174982070922852 4.489932060241699
6.185628414154053 8.742790237157351 6.646831512451172 11.326423645019531
5.108484745025635 8.15850020166397 8.942333221435547 19.84665870666504
3.5355284214019775 5.950673971964122 9.95791244506836 25.039094924926758
15.131367683410645 19.08404966053381 5.600097179412842 6.192054748535156
8.607942581176758 13.536242262795724 10.14771842956543 18.756189346313477
8.444308280944824 15.166009390147275 13.735407829284668 32.217742919921875
6.966794490814209 12.484202205223454 15.017908096313477 39.34512710571289
12.927698135375977 15.801693074830837 5.761958122253418 6.288123607635498
8.41142463684082 13.19122281235957 9.57551383972168 16.83881378173828
6.786411762237549 11.872848495146172 12.380157470703125 27.717876434326172
5.6723952293396 10.092345878588503 13.33997917175293 33.50439453125
17.408342361450195 21.156148485124362 7.578451156616211 8.576237678527832
11.634510040283203 18.327392851236652 14.445321083068848 27.347522735595703
8.213034629821777 14.041307686754376 18.711835861206055 43.78913879394531
6.778885364532471 11.610022145186132 19.81975746154785 51.36448669433594
25.023611068725586 29.542186265896817 13.034799575805664 15.807796478271484
13.707698822021484 19.73415677761568 27.405229568481445 53.27522659301758
9.52646541595459 15.233283185223854 32.65092086791992 74.45915222167969
7.462342262268066 12.27830417295226 32.842262268066406 81.96504974365234
14.134688377380371 16.635964327470674 10.118627548217773 11.792947769165039
10.11597728729248 15.064909104879476 17.507183074951172 32.115379333496094
7.348860740661621 12.104256635000866 20.4980411529541 46.19673156738281
6.015003681182861 10.135089855288939 20.9464168548584 52.370079040527344
19.58940887451172 22.761084075521694 14.881396293640137 18.265840530395508
12.788589477539062 17.85485813333274 28.31415367126465 53.87881088256836
8.609318733215332 13.694643172134619 32.37363052368164 73.02685546875
7.02460241317749 11.36588214856377 32.26164627075195 79.8388442993164
28.635414123535156 30.14448288151425 34.67790603637695 45.72528076171875
15.482677459716797 19.814011413655436 57.021907806396484 102.76128387451172
10.1427640914917 14.819314559224267 57.81272888183594 118.95220947265625
7.791476726531982 12.074084544182327 54.250972747802734 122.1837158203125
13.236248016357422 14.26234981488085 15.84760856628418 19.24557876586914
9.978886604309082 13.616952312442663 27.6201171875 50.588714599609375
7.555217742919922 11.765864153877374 28.672101974487305 62.975154876708984
6.1070122718811035 9.925832084643844 27.983652114868164 68.06773376464844
18.75078582763672 19.307822028848022 26.1298828125 36.172122955322266
13.235865592956543 17.089082722788532 44.41339874267578 81.2333984375
8.834004402160645 13.389581795241611 45.406368255615234 97.03949737548828
7.161653995513916 11.19970689435354 43.34479904174805 101.6843490600586
25.913063049316406 26.103683088732268 70.09635162353516 98.09772491455078
16.63520622253418 19.7757380588846 84.5069580078125 140.88818359375
10.49964427947998 14.468915036210369 79.1385498046875 149.640380859375
7.996743202209473 11.859248650974635 71.77657318115234 149.24560546875
8.602057456970215 10.975543197304432 3.3414628505706787 3.5551981925964355
6.187779426574707 9.644637211898953 4.832474231719971 7.835943222045898
3.6921637058258057 6.048570184772508 6.342807292938232 13.483704566955566
2.1849780082702637 3.5312783267542613 7.073378562927246 17.232181549072266
10.79053020477295 13.951721046400962 3.996753215789795 4.3100361824035645
7.051767826080322 10.951135478235301 6.349897861480713 11.02913761138916
4.711525917053223 7.483903561277202 8.63117790222168 19.558069229125977
2.89644193649292 4.957936310989794 9.64112377166748 24.814014434814453
14.863367080688477 19.02376226665217 5.376153945922852 5.944372653961182
9.88202953338623 14.821606833647177 9.712249755859375 18.176057815551758
8.31653881072998 15.117525840825238 13.297605514526367 31.573680877685547
6.6141037940979 12.462199720596118 14.61967658996582 38.75978088378906
12.123353004455566 15.451307335403698 5.312624931335449 5.828632354736328
6.7116827964782715 10.546498011343829 8.851214408874512 15.956819534301758
5.0463995933532715 9.374774786400394 11.709967613220215 27.065685272216797
3.584312677383423 7.071285224242445 12.732973098754883 33.1694221496582
16.84488868713379 21.269684117448833 6.942911148071289 7.860300540924072
11.73527717590332 19.260322398532253 13.340630531311035 25.818056106567383
8.31511116027832 14.928249174664188 17.779582977294922 42.375457763671875
6.66648530960083 12.248671667082817 19.070165634155273 50.26973342895508
24.285375595092773 29.111463889921595 11.91685962677002 14.4072904586792
13.73583984375 20.14507830890375 25.338768005371094 50.343101501464844
9.290217399597168 15.186354766753269 30.98154067993164 71.73140716552734
7.31549596786499 12.505635207743527 31.71926498413086 79.73699188232422
14.077990531921387 17.497617241539615 8.875752449035645 10.0091552734375
9.894427299499512 16.13483833299324 15.615795135498047 29.463760375976562
7.217838764190674 13.005692779182715 19.183399200439453 44.54759216308594
5.811955451965332 10.924030212636616 19.907455444335938 51.50483322143555
20.565509796142578 24.720853071578944 12.71139144897461 15.241328239440918
12.777533531188965 18.8815134737888 25.40642547607422 49.802852630615234
8.74990463256836 14.56567844871256 30.443233489990234 69.924560546875
6.867883682250977 11.927205686468824 30.92523956298828 77.58429718017578
28.413496017456055 30.185613811038365 29.940908432006836 39.78223419189453
14.965733528137207 19.5861193038807 51.917083740234375 96.67191314697266
9.809040069580078 14.788643519449579 54.039119720458984 113.66510009765625
7.630037307739258 12.173617529160765 51.935951232910156 118.12639617919922
13.579845428466797 15.362031161246705 13.868636131286621 13.203998565673828
9.579133033752441 14.423692972619667 24.25192642211914 45.212501525878906
7.331528186798096 12.539911131478618 26.756093978881836 60.41309356689453
5.914430618286133 10.644837567549075 26.6087589263916 66.78340911865234
19.92176628112793 22.106924602543586 18.49027442932129 30.246601104736328
13.162769317626953 18.038490332201036 39.38317108154297 74.45098876953125
8.99598217010498 14.213424002440803 42.52877426147461 92.6288070678711
6.98917818069458 11.689016218768302 41.48216247558594 98.55335235595703
26.452167510986328 26.638088955813146 59.93900680541992 84.72830963134766
15.617966651916504 19.112436409889398 77.43867492675781 133.68392944335938
10.103166580200195 14.472310112965145 73.58074188232422 143.08761596679688
7.830756664276123 12.018140054483574 68.3271713256836 144.00714111328125
8.666973114013672 10.503369034026893 3.3032338619232178 3.4816946983337402
5.3834123611450195 9.133394931234713 4.566413402557373 7.2031569480896
3.7786662578582764 6.095740323446705 5.853261470794678 12.22374153137207
1.8433594703674316 3.2089838656631855 6.532838821411133 15.625865936279297
10.633161544799805 13.358076351122548 3.9055745601654053 4.175508499145508
7.03449821472168 10.181562587597 5.906435489654541 10.024136543273926
5.0915141105651855 8.547341529566438 7.832772254943848 17.59856414794922
3.3008735179901123 6.193710796777623 8.766020774841309 22.406827926635742
14.476414680480957 18.452226684604806 5.081904888153076 5.573330879211426
9.952069282531738 14.938953555548679 8.759623527526855 16.207977294921875
7.076888084411621 12.335422076945774 11.883057594299316 28.428295135498047
5.631191253662109 10.859588623232412 13.156622886657715 35.26841354370117
11.943011283874512 14.54997373439609 5.363471984863281 5.816603183746338
7.652262210845947 11.809481579492967 8.349203109741211 14.70582389831543
4.3373188972473145 8.564914043002773 10.581515312194824 24.33501434326172
3.5157370567321777 5.7305242497885445 11.460775375366211 29.718170166015625
16.513635635375977 20.152038214800996 6.8791608810424805 7.700919151306152
11.67752456665039 18.84557503788966 12.385783195495605 23.58767318725586
8.824819564819336 15.54400577434842 15.93661880493164 38.27328109741211
7.196335792541504 13.136399873334085 17.042659759521484 45.42407989501953
24.089689254760742 28.836509366720435 10.89917278289795 12.946776390075684
14.188846588134766 20.632058388593578 22.95046043395996 45.68122100830078
10.010469436645508 16.151525922240502 28.13064956665039 66.6507797241211
7.814609527587891 13.259027836773733 28.833349227905273 74.69122314453125
13.953371047973633 16.509489452351318 9.183113098144531 10.436674118041992
10.45413589477539 16.30873818116288 14.973952293395996 27.824508666992188
8.038402557373047 13.88922499453611 17.36723518371582 40.635982513427734
6.377347946166992 11.589138454024337 17.785314559936523 46.488502502441406
19.766801834106445 22.992831229686658 12.934484481811523 15.414008140563965
12.95864486694336 18.45553675206793 24.195789337158203 46.9667854309082
9.266576766967773 14.853237754962606 27.832107543945312 64.90365600585938
7.589914321899414 12.850325526465284 27.913572311401367 71.55482482910156
29.017465591430664 31.31815662255974 27.14286231994629 34.88161849975586
15.695841789245605 20.10850098032074 49.18852615356445 91.53485107421875
10.5550537109375 15.32621508462762 51.27463912963867 109.67707061767578
8.18361759185791 12.741762990003286 48.742454528808594 114.04224395751953
13.388139724731445 14.35431660584618 15.875267028808594 18.0406494140625
10.208160400390625 14.557180044059919 23.741439819335938 44.08842086791992
8.16558837890625 13.299795377992268 24.57598876953125 56.21916961669922
6.560872554779053 11.37865615708597 23.87714195251465 61.052982330322266
18.565322875976562 19.24954769932117 21.74224281311035 22.28872299194336
13.603342056274414 17.791626545749324 38.6882209777832 72.47376251220703
9.451529502868652 14.283264395500964 39.88078689575195 88.04399108886719
7.76772928237915 12.526097638509555 38.112125396728516 92.614013671875
25.21553611755371 25.32322538103972 62.18708801269531 84.76673889160156
16.518260955810547 19.632910828494687 76.02337646484375 130.1855010986328
10.871063232421875 14.854239471990127 72.07423400878906 140.86453247070312
8.403412818908691 12.449008847899563 65.77872467041016 141.46697998046875
10.258971214294434 12.16935158125034 3.579681396484375 3.773285388946533
6.575704097747803 10.069648740360208 5.096912860870361 7.954568862915039
4.169192790985107 7.246390950913337 6.663721561431885 13.651268005371094
2.879542350769043 4.413482477266598 7.4811110496521 17.602401733398438
11.954107284545898 14.58404557763738 4.308338165283203 4.611098766326904
7.4854254722595215 10.628405556194778 6.758387088775635 11.344612121582031
5.106428623199463 7.993673202159243 9.129129409790039 20.11443328857422
4.29332160949707 6.665913047473168 10.224757194519043 25.76246452331543
15.17397689819336 18.537202570641057 5.852870941162109 6.435866832733154
9.995291709899902 15.105066047973423 10.482279777526855 19.0839786529541
8.871269226074219 15.666083201744641 14.262678146362305 33.18385696411133
7.3452887535095215 13.382073472469415 15.638216972351074 40.996490478515625
13.85910701751709 16.53027021101134 5.984199523925781 6.488144397735596
8.430773735046387 12.0740400465277 9.849579811096191 17.070236206054688
7.674056529998779 13.298493348431535 12.746845245361328 28.275938034057617
6.231625080108643 11.030026030196495 13.769396781921387 34.5103759765625
18.28560447692871 21.79707459202897 7.910255432128906 8.899538040161133
12.474750518798828 18.877131638161337 15.035003662109375 28.032363891601562
8.807930946350098 14.882818945911595 19.55117416381836 44.975624084472656
7.2839579582214355 12.546066546750808 20.735965728759766 53.152000427246094
25.088672637939453 28.938259823388762 13.628134727478027 16.51094627380371
13.99911880493164 19.384530452147075 28.769819259643555 55.244606018066406
9.668185234069824 14.807513603738425 34.588863372802734 77.33660888671875
7.892068862915039 12.618108469671876 34.97706985473633 85.74848175048828
15.661645889282227 18.219430404319382 10.429388999938965 11.76802921295166
10.847208976745605 15.806408225374014 18.20160484313965 32.87383270263672
7.958207130432129 12.922812277945923 21.632062911987305 47.84312057495117
6.533416271209717 10.947838916888259 21.98271369934082 54.353946685791016
21.25934600830078 24.069348454869214 15.117326736450195 18.130924224853516
13.412481307983398 18.122697934326425 29.699562072753906 55.658653259277344
9.335807800292969 14.349846946632965 34.376102447509766 75.52000427246094
7.533605098724365 12.08272891414424 34.236778259277344 82.85664367675781
28.94329071044922 29.511356870885507 35.7584114074707 48.207149505615234
15.42230224609375 18.897931486622724 59.16300964355469 105.90120697021484
10.231355667114258 14.11512298911839 60.95457077026367 122.78189849853516
8.149299621582031 11.914865779654775 57.93210983276367 127.003662109375
15.302448272705078 16.18995914956679 18.91264533996582 22.77297592163086
10.669888496398926 14.468735436978243 28.61712074279785 51.383995056152344
8.080556869506836 12.371747386788797 30.80742835998535 65.75852966308594
6.675604343414307 10.74103007249505 29.788881301879883 71.01636505126953
20.591123580932617 21.034180090600785 28.6203670501709 36.653324127197266
13.723628044128418 17.268540485895397 46.22834396362305 83.2775650024414
9.58487319946289 13.920063070379456 48.499412536621094 100.43907928466797
7.674807548522949 11.782772482833593 46.29239273071289 105.5420150756836
26.85725975036621 26.9739759836325 71.04142761230469 100.19039154052734
16.137182235717773 18.39110909209093 86.5160140991211 143.89389038085938
10.54530143737793 13.757801310250926 82.62256622314453 153.66835021972656
8.31945514678955 11.589942401867802 76.23613739013672 154.21697998046875
8.46823501586914 10.98575279368174 3.295225143432617 3.4746358394622803
6.365009307861328 12.201071236143434 4.617986679077148 7.05299711227417
3.335590124130249 5.135677686596068 6.017021179199219 11.91265869140625
3.0984487533569336 5.904445259279531 6.767446517944336 15.325676918029785
10.629281997680664 13.84221742707826 3.8834948539733887 4.148406028747559
6.474709510803223 8.752895479942694 5.932466983795166 9.730216026306152
3.7976691722869873 7.020097688865349 8.036178588867188 17.200571060180664
3.9568264484405518 7.05382864591968 9.080862045288086 22.153400421142578
14.410722732543945 18.63021122020291 5.060403823852539 5.530128479003906
8.838915824890137 13.531609953462407 8.745322227478027 15.634902954101562
6.449458122253418 10.612192335227192 12.144243240356445 27.76751708984375
6.466667175292969 11.866107588531975 13.573867797851562 34.869686126708984
12.045511245727539 15.745077671721731 5.188599586486816 5.597637176513672
7.5279059410095215 13.104055459379197 8.287214279174805 14.005773544311523
5.0717244148254395 8.598875498104462 10.958150863647461 23.73438262939453
3.454241991043091 6.510754264093521 12.070015907287598 29.53717613220215
16.419841766357422 21.166190719069675 6.673516273498535 7.410067558288574
11.55462646484375 19.741873021758792 12.222928047180176 22.37471580505371
8.371490478515625 15.258237552533046 16.463253021240234 37.614315032958984
6.9030680656433105 12.660120381192996 17.934886932373047 45.52806091308594
23.43110466003418 28.573152477080612 10.795767784118652 12.660249710083008
14.074817657470703 21.010743159460333 22.564327239990234 43.477848052978516
9.666627883911133 15.947298926257588 28.826509475708008 65.32054138183594
7.742064476013184 13.207609605712083 30.11398696899414 74.34842681884766
13.913009643554688 17.951626136793493 8.360001564025879 9.3880615234375
10.388555526733398 17.696994115207417 14.38129711151123 25.72355079650879
7.657073020935059 14.048988658273455 17.93859100341797 39.55537033081055
6.390475749969482 11.723326385684231 18.898473739624023 46.49405288696289
19.56510353088379 23.985509228388537 12.036020278930664 14.118465423583984
12.482467651367188 19.12421270861504 23.306175231933594 43.7813835144043
8.792109489440918 14.859662279613687 28.5674991607666 63.79792785644531
7.170495510101318 12.361462862258946 29.466569900512695 72.08293151855469
28.661375045776367 30.986847758632848 26.289518356323242 33.17984390258789
15.66137409210205 20.431356263260017 47.8690185546875 87.23810577392578
10.250104904174805 15.357904704394798 52.044586181640625 107.55720520019531
8.055451393127441 12.809637111787719 50.880008697509766 113.75130462646484
13.945520401000977 16.294717266623024 13.204833030700684 9.577089309692383
10.264531135559082 16.021982674725603 21.864412307739258 39.537193298339844
7.798839092254639 13.604870634955773 25.101755142211914 54.42011642456055
6.514918804168701 11.479764735051646 25.39447021484375 61.087894439697266
19.200401306152344 20.960024646408897 20.46962547302246 22.75327491760254
13.019060134887695 18.40545803426846 36.46441650390625 66.77592468261719
8.998388290405273 14.398351276222456 40.473514556884766 86.23796081542969
7.324717998504639 12.14210279272811 40.0787467956543 93.26859283447266
26.43769073486328 26.63930103896746 53.469173431396484 73.64173889160156
16.485815048217773 19.87754321616319 73.681396484375 124.58121490478516
10.6278657913208 14.85180809641605 72.46121978759766 138.27072143554688
8.27491569519043 12.525763184111383 68.26663208007812 140.9931640625
9.034378051757812 10.985281821662994 3.560058355331421 3.811044692993164
5.029294967651367 8.479649513988235 5.302944183349609 8.782734870910645
2.972540855407715 5.2778957194950635 6.938989162445068 14.941478729248047
2.6274445056915283 4.260030152828108 7.729466915130615 18.932884216308594
11.239758491516113 14.03653426273172 4.279200553894043 4.666616916656494
6.3544087409973145 10.784366579029665 7.052107334136963 12.480775833129883
4.599615573883057 6.857146853745164 9.520231246948242 21.7358455657959
4.292807102203369 8.797165119593828 10.594225883483887 27.323884963989258
15.521442413330078 19.669184959302584 5.7992401123046875 6.513834476470947
9.639333724975586 13.732490375159188 10.894402503967285 20.58642578125
8.762494087219238 15.957950068922965 14.85529899597168 35.07713317871094
7.205170154571533 13.569462131406908 16.249483108520508 42.68515396118164
12.194979667663574 14.75552005089071 5.879662036895752 6.532440185546875
8.310754776000977 13.260024850352465 10.120670318603516 18.484113693237305
6.315600872039795 11.427168997181866 13.113944053649902 30.05765724182129
6.0049543380737305 11.281864959848463 14.153055191040039 36.289100646972656
17.16933250427246 20.90511698819654 7.834778308868408 9.048638343811035
11.808029174804688 18.697343940814193 15.38077449798584 29.73177719116211
8.579132080078125 14.95269160061099 20.051517486572266 46.934837341308594
7.096087455749512 12.714192708253629 21.320215225219727 55.006011962890625
25.925569534301758 30.661292155718456 13.71879768371582 16.94247055053711
14.381917953491211 20.15114298216381 29.23708724975586 56.82002639770508
9.839364051818848 15.562124967433597 35.469600677490234 79.1616439819336
7.852149963378906 13.097621570627084 36.09285354614258 87.33226013183594
13.899638175964355 16.222473394957717 10.564520835876465 12.18115234375
10.197200775146484 15.177228939101951 18.38603401184082 34.26784896850586
7.7292327880859375 12.883043645112892 21.817319869995117 49.22197341918945
6.326230525970459 11.175704638737443 22.358718872070312 55.95384216308594
20.040283203125 22.86914482244096 15.784417152404785 19.32485008239746
12.873348236083984 17.904845253870292 29.83844757080078 57.037437438964844
9.115667343139648 14.493260769087215 34.680625915527344 76.92295837402344
7.464502334594727 12.473926241522806 34.89066696166992 84.39013671875
29.036035537719727 30.025459372604402 37.63734817504883 49.90970230102539
15.953312873840332 19.84840867282861 60.19348907470703 107.2201156616211
10.398710250854492 14.888434748280815 62.27560806274414 124.26101684570312
8.154474258422852 12.565251084872255 59.72654342651367 128.55975341796875
13.850334167480469 14.824180135714641 20.488473892211914 24.73727798461914
9.978110313415527 13.685286315760393 28.884994506835938 52.54747772216797
7.902408123016357 12.363078623149477 30.765413284301758 66.61477661132812
6.484268665313721 10.913668067115395 30.08785629272461 72.31513977050781
19.404253005981445 19.920604958953163 31.482553482055664 40.51021194458008
13.37378215789795 17.177793716617572 46.422367095947266 84.71929931640625
9.43334674835205 14.073488060754103 48.608577728271484 101.3431396484375
7.678905010223389 12.246586546932242 47.00423049926758 106.78855895996094
25.769868850708008 25.839315081465983 76.2532958984375 105.2243881225586
16.712722778320312 19.38603135916219 88.41522979736328 145.33065795898438
10.714091300964355 14.465776493495355 84.3354263305664 154.7699432373047
8.335545539855957 12.262617259101148 78.6082534790039 155.6652069091797
8.952910423278809 11.340268043935708 3.4259259700775146 3.6382617950439453
5.481464385986328 8.897229177782606 4.954050064086914 7.879403114318848
3.1565136909484863 4.907629241389316 6.435694217681885 13.348823547363281
3.387887477874756 6.699371322552979 7.131950378417969 16.86431884765625
10.760082244873047 13.855655195668305 4.085648059844971 4.4038987159729
6.703428745269775 10.940730108762239 6.468149662017822 11.070696830749512
4.482255458831787 8.617812829126265 8.635581016540527 19.304258346557617
3.308075189590454 5.654318836125327 9.558905601501465 24.286333084106445
14.583077430725098 18.88752179556 5.443788051605225 6.047266006469727
8.435408592224121 12.490610236917064 9.784554481506348 18.286224365234375
7.289085865020752 12.954447728436516 13.114845275878906 31.25012969970703
5.400200843811035 10.056019393011153 14.242819786071777 38.091121673583984
12.051552772521973 15.141245209082626 5.466319561004639 5.987281799316406
8.479680061340332 13.468462135683168 8.979353904724121 15.897186279296875
2.9687042236328125 4.567060299220202 11.665925025939941 26.453330993652344
3.7351129055023193 6.494821976933679 12.617172241210938 32.106990814208984
16.332448959350586 20.46122634034798 7.124325752258301 8.088069915771484
11.148831367492676 18.516927516425596 13.44247817993164 25.715286254882812
8.171356201171875 14.863007926275074 17.483633041381836 41.498111724853516
6.709898948669434 12.564933832762108 18.57223129272461 48.927616119384766
23.07848358154297 27.932961954290818 11.78410816192627 14.385807991027832
13.02739429473877 19.562324973859177 24.872249603271484 49.77655792236328
9.184815406799316 15.373736777065858 30.108430862426758 70.7161636352539
7.489127159118652 12.975390833862093 30.495203018188477 78.46515655517578
13.745158195495605 16.807098719825717 9.331518173217773 10.596795082092285
9.860418319702148 15.777119359632707 15.500819206237793 28.866552352905273
7.378190040588379 13.242672169144953 18.753765106201172 43.15258026123047
6.151032447814941 11.385269846459835 19.452741622924805 49.592891693115234
19.62445831298828 23.36896548249183 13.164806365966797 15.875248908996582
12.169358253479004 17.959799897824723 25.013652801513672 48.776145935058594
8.601795196533203 14.351256897443022 29.527515411376953 68.19847106933594
7.029632091522217 12.249169151575842 29.812435150146484 75.42499542236328
28.161989212036133 30.400682488796065 28.044343948364258 37.117408752441406
14.324952125549316 19.11193903970235 49.38681411743164 93.38638305664062
9.621761322021484 14.704799047044617 51.97917175292969 111.55583953857422
7.7833991050720215 12.575955590318273 49.73295211791992 116.22389221191406
13.606782913208008 15.099426190994564 13.128700256347656 11.151283264160156
9.773346900939941 14.467242064070888 23.551807403564453 43.82158660888672
7.485583782196045 12.655563044890044 25.821121215820312 58.2761116027832
6.286998271942139 11.127499166230336 25.786453247070312 64.21670532226562
18.91318702697754 20.192493008501742 21.536243438720703 26.18056869506836
12.664518356323242 17.22752541461352 38.07585144042969 72.03108215332031
8.853930473327637 13.89043584051069 40.90036392211914 90.14423370361328
7.204742908477783 11.972566900146127 39.81217575073242 95.82145690917969
26.630878448486328 26.830804216805973 57.36676788330078 78.75814056396484
15.041380882263184 18.6325447029991 72.78097534179688 128.2525634765625
9.858275413513184 14.209509823147094 70.36133575439453 140.0399627685547
7.9221510887146 12.275280881259278 65.39081573486328 141.67173767089844
9.846153259277344 12.200873320098253 3.545522928237915 3.8191001415252686
5.230410099029541 9.015775811971707 5.339949131011963 8.89549732208252
3.4609997272491455 5.804644101474333 6.857137680053711 14.655981063842773
2.4971811771392822 4.275242013073239 7.552649021148682 18.303457260131836
11.80473518371582 15.067584052148305 4.245784282684326 4.658020496368408
7.358681678771973 11.827324606824504 7.034946441650391 12.633679389953613
5.203546524047852 8.45192344976359 9.286463737487793 21.392803192138672
2.9637248516082764 5.628950005306309 10.23130989074707 26.55078125
15.55437183380127 20.028000488867747 5.773435592651367 6.52774715423584
9.599340438842773 14.157828823914315 10.785930633544922 20.811887741088867
8.29629135131836 13.761920221827417 14.274319648742676 34.43766784667969
6.747811794281006 12.360225700353265 15.454301834106445 41.41349792480469
13.211423873901367 16.55251928348116 6.029419898986816 6.752695083618164
6.496368408203125 10.24907061585668 10.443756103515625 18.912870407104492
5.8407745361328125 10.586204096315669 12.968936920166016 29.61468505859375
5.027836799621582 7.801995182236027 13.74309253692627 35.23380661010742
18.0176944732666 22.37942182318693 7.970562934875488 9.27682876586914
11.859234809875488 18.715517971468557 15.569470405578613 30.260845184326172
8.512369155883789 14.617186905147264 19.377521514892578 46.15758514404297
7.08728551864624 12.426486266598658 20.269746780395508 53.42626190185547
25.06985092163086 29.48742836081692 14.137951850891113 17.61652374267578
13.869424819946289 19.63512567850512 29.17740249633789 57.57413101196289
9.488359451293945 14.85731201513454 33.681907653808594 77.59303283691406
7.684237003326416 12.51172744933342 33.66242599487305 84.61688232421875
14.602890968322754 17.701576017518164 11.569097518920898 13.616056442260742
9.822748184204102 14.835626219133701 19.93782615661621 36.47282409667969
7.482909202575684 12.720171465429786 21.83159065246582 49.14823532104492
6.306037425994873 11.027619406531471 21.712440490722656 54.743064880371094
20.3375186920166 23.350081400136332 16.674354553222656 20.87604522705078
12.780427932739258 17.60069772993951 31.08319664001465 59.179710388183594
9.047298431396484 14.035060131391845 33.63746643066406 76.19397735595703
7.348788738250732 12.07637230446377 32.979373931884766 82.33758544921875
28.638206481933594 29.531388794917348 37.46872329711914 50.690284729003906
15.283568382263184 19.150895289075947 60.02784729003906 108.02261352539062
10.018174171447754 14.316522919882864 59.21133041381836 122.0440902709961
7.928648471832275 12.048864658596147 55.47846984863281 125.07215118408203
13.461350440979004 14.326194857210794 19.294971466064453 24.771160125732422
9.71595573425293 13.216116923865911 32.17267608642578 57.694175720214844
7.63493013381958 12.107855238251432 31.200071334838867 67.31787872314453
6.425448417663574 10.735553482723844 29.312171936035156 71.14495849609375
18.981800079345703 19.37153447854007 29.579465866088867 43.32280349731445
13.040160179138184 16.450168319944396 48.976322174072266 88.35226440429688
9.284542083740234 13.536282508793198 47.5257568359375 101.01747131347656
7.508028507232666 11.755297266289915 44.42220687866211 104.57308197021484
26.890636444091797 27.075856561411467 72.70500946044922 102.6986312866211
15.94326114654541 18.50267737418816 87.6040267944336 145.37368774414062
10.389534950256348 14.028121296460409 80.63037109375 152.15234375
8.094673156738281 11.760394409277223 73.1993637084961 151.98231506347656
9.725687026977539 12.39480798598725 3.4245572090148926 3.6466712951660156
6.122396469116211 10.540679025943518 5.112711429595947 8.28147029876709
3.071726083755493 5.861100803802628 6.633310794830322 14.018611907958984
2.9033751487731934 4.789913530541924 7.251492977142334 17.63751220703125
11.296282768249512 14.520817909739323 4.0733160972595215 4.403962135314941
6.546473026275635 10.691151520737094 6.6681342124938965 11.553446769714355
4.241552352905273 6.349659853405228 8.917194366455078 20.108715057373047
2.2723631858825684 3.9137466216318444 9.742768287658691 25.179182052612305
14.67332935333252 19.08332175263505 5.414096832275391 6.006577491760254
8.597975730895996 15.26649579199357 10.045345306396484 18.768625259399414
8.238091468811035 15.325524938828465 13.55682373046875 32.17683410644531
6.807557582855225 13.001665660660894 14.58076286315918 39.09992599487305
12.99170207977295 16.858850134097793 5.503490924835205 6.017537593841553
9.092564582824707 15.034889462618594 9.332955360412598 16.640033721923828
5.160690784454346 7.907796909835497 12.063861846923828 27.497806549072266
5.413084030151367 10.13402127684008 12.81673526763916 33.19084167480469
17.382009506225586 21.932173207934696 7.150041103363037 8.081894874572754
11.802828788757324 19.617691231795675 13.892515182495117 26.4743709564209
8.084428787231445 14.6925812927136 18.09851837158203 42.70867919921875
6.673570156097412 12.306758629890851 18.97425651550293 50.09720230102539
23.638864517211914 28.666029198459512 11.89786434173584 14.320074081420898
13.46960163116455 20.067314818232163 25.882585525512695 50.890220642089844
9.093256950378418 15.074685401779561 31.507017135620117 72.69793701171875
7.304441452026367 12.485820838099812 31.68848419189453 80.33475494384766
14.60105037689209 18.525283912105806 9.657365798950195 10.90375804901123
10.72817325592041 16.965278799772932 16.453794479370117 30.36566162109375
7.749638557434082 13.50123323899544 19.54292106628418 44.601314544677734
6.257293224334717 11.063937686694771 19.770109176635742 50.80027770996094
20.307321548461914 24.440205137778847 13.58379077911377 16.127323150634766
12.64717960357666 18.94678905659532 26.347164154052734 50.45070266723633
8.52315902709961 14.33331335409639 30.835124969482422 70.063232421875
6.973077297210693 12.087380653345974 30.69118309020996 77.04913330078125
28.658981323242188 30.84949133971736 29.016372680664062 37.84059143066406
14.872289657592773 19.53995716670775 52.64345932006836 96.84963989257812
9.596414566040039 14.577370073145858 55.111392974853516 115.1557388305664
7.584756851196289 12.003102331806986 52.43044662475586 119.63008117675781
9.152865409851074 9.637484220400196 17.4943904876709 21.582183837890625
10.3079252243042 15.234839349725007 25.94730567932129 47.08454132080078
7.948858261108398 13.17612139794906 27.19704818725586 60.23978042602539
6.4441914558410645 10.978492419355916 26.27952766418457 65.4813003540039
19.35517120361328 20.639314745581302 20.968488693237305 34.719146728515625
12.896774291992188 17.954220234338663 41.115936279296875 75.51726531982422
8.754398345947266 14.017552569293912 43.13541030883789 92.85160064697266
7.141907691955566 11.840177393442149 41.30809020996094 98.0203857421875
27.648048400878906 27.832403303277545 60.0352897644043 82.11812591552734
15.59704303741455 19.206613228120375 78.09420776367188 133.69528198242188
9.902508735656738 14.18529357848081 75.06229400634766 144.80838012695312
7.773347854614258 11.779578206253063 69.41058349609375 146.14120483398438
8.015756607055664 9.813548456116791 3.2813825607299805 3.479306936264038
4.990037441253662 8.429847947183134 4.755499839782715 7.696420192718506
2.6341943740844727 4.634751658338339 6.191247463226318 13.104714393615723
2.3618457317352295 3.8478303596448313 6.903178691864014 16.548276901245117
9.970381736755371 12.464281265409227 3.859734535217285 4.153538703918457
5.681859970092773 8.810032176961851 6.154514789581299 10.673808097839355
4.425647735595703 6.996595524164673 8.273138999938965 18.748275756835938
3.220871686935425 5.845207090869556 9.225709915161133 23.588897705078125
13.669174194335938 17.406315270449475 5.001053333282471 5.528174877166748
8.961360931396484 14.082849378386754 9.063217163085938 16.959787368774414
6.425472736358643 10.815537090633825 12.351926803588867 29.496471405029297
5.924519062042236 10.88871425123898 13.57002067565918 36.14739990234375
11.146410942077637 13.462216467572318 5.027328968048096 5.499573707580566
6.275097370147705 9.999889009818247 8.424661636352539 15.255343437194824
4.070857048034668 7.614458992007975 11.0812349319458 25.6728572845459
4.092857837677002 7.131254718475278 12.078761100769043 31.219989776611328
15.531919479370117 19.02823648140999 6.427516460418701 7.258535861968994
9.960224151611328 16.925486128254338 12.384936332702637 24.02388572692871
7.694145679473877 14.37090699392138 16.445873260498047 39.5648193359375
6.388651371002197 12.025421927272873 17.668249130249023 46.88330078125
22.464075088500977 27.068819156521297 10.266175270080566 12.287861824035645
12.72404956817627 19.252359103165322 22.219606399536133 44.5751838684082
9.007500648498535 15.14007775346181 27.84387969970703 65.67335510253906
7.256081581115723 12.695596116839738 28.64011573791504 73.56940460205078
12.963296890258789 15.61828327109879 7.980051517486572 9.056703567504883
9.486616134643555 15.308496723212734 14.044137001037598 26.87124252319336
6.956507205963135 12.657132001470455 17.53433609008789 41.38199234008789
5.621647357940674 10.566852237333023 18.405902862548828 47.79727554321289
19.442922592163086 23.058307069617513 11.150874137878418 13.3240385055542
11.550260543823242 17.359134035657235 22.36258316040039 44.4704475402832
8.115111351013184 13.95883128887695 27.386037826538086 64.26599884033203
6.6316304206848145 11.816070238537577 28.054054260253906 71.7261734008789
28.469205856323242 31.117683960061186 23.467830657958984 30.220232009887695
14.074334144592285 18.65930425028239 44.090354919433594 84.3742904663086
9.465311050415039 14.56807653840311 48.05766677856445 104.24752807617188
7.489912986755371 12.22229580170972 46.58644104003906 109.44187927246094
13.584685325622559 15.553783588566603 12.539067268371582 14.966585159301758
9.730470657348633 14.400642348007564 20.69466209411621 39.72065734863281
7.181787014007568 12.445671524772479 23.845979690551758 55.45429992675781
5.747039794921875 10.407418842982622 24.1967716217041 61.574588775634766
20.465957641601562 22.577406981378857 18.7424259185791 23.667274475097656
12.35916519165039 16.947778876664138 33.65558624267578 65.32608032226562
8.350484848022461 13.543942661197775 37.73876190185547 84.74919891357422
6.768381118774414 11.6084564363141 37.28934860229492 90.88204956054688
27.407508850097656 27.60245062681139 48.91744613647461 66.82041931152344
14.932988166809082 18.33306153061085 66.31591033935547 118.38878631591797
9.701641082763672 14.168707803874103 65.60884857177734 132.3277130126953
7.6619672775268555 11.93872159660004 61.44227981567383 134.40248107910156
8.116121292114258 10.105874116020887 3.24361252784729 3.445714235305786
6.6494293212890625 11.491682228719128 4.655590057373047 7.486997604370117
3.6774091720581055 6.513706667446719 6.030524253845215 12.656342506408691
2.19295072555542 3.5749843977466753 6.642908096313477 15.933100700378418
10.225440979003906 13.140709126183111 3.8484108448028564 4.147698879241943
6.872872352600098 12.072427214100202 6.019323825836182 10.408160209655762
4.5463337898254395 6.55900184066063 8.055290222167969 18.210599899291992
3.6997931003570557 6.507823291489913 8.889573097229004 22.83711814880371
14.467531204223633 18.577337392040562 5.060268402099609 5.588181972503662
9.35894775390625 13.311531202731 8.9153470993042 16.672727584838867
7.419784069061279 10.694307589567188 12.132091522216797 28.960716247558594
6.639885425567627 12.345243573310654 13.206995964050293 35.43846893310547
11.367061614990234 14.289490380457693 5.087204933166504 5.555429935455322
5.411693572998047 8.568080829202358 8.382425308227539 14.959136009216309
2.770348310470581 5.715065414641742 10.982600212097168 25.118398666381836
4.08108377456665 7.238890453946371 11.817743301391602 30.497051239013672
16.146522521972656 20.194916266243254 6.585997104644775 7.416568756103516
11.249072074890137 19.0200442236046 12.36035442352295 23.785024642944336
8.285871505737305 15.011308420641214 16.350502014160156 39.180728912353516
6.791464328765869 12.413865417613152 17.383453369140625 46.358131408691406
24.527475357055664 29.31093452660545 10.973994255065918 13.067729949951172
13.650871276855469 20.2883051471714 22.67054557800293 45.29938507080078
9.628530502319336 15.982211931214351 28.220226287841797 66.33096313476562
7.654504776000977 13.20447153891081 28.749460220336914 74.1471939086914
13.443014144897461 16.889236581358425 8.592681884765625 9.699502944946289
9.938289642333984 16.381727335115443 14.464258193969727 27.11804962158203
7.3594255447387695 13.021084283121127 17.832054138183594 41.293182373046875
6.0477824211120605 10.674394361145687 18.38998031616211 47.53709411621094
19.910127639770508 23.87646110426475 12.123801231384277 14.417713165283203
12.159920692443848 18.440277434516247 23.133689880371094 45.47063446044922
8.790987014770508 14.728949039172107 27.98085594177246 65.13429260253906
7.074459075927734 12.14513543441079 28.25019645690918 72.35115051269531
29.08548355102539 31.12539998475784 28.07657814025879 35.99212646484375
15.281349182128906 19.922838034297826 47.14851379394531 88.62032318115234
10.194189071655273 15.43066204759567 50.2069206237793 107.3816909790039
8.013077735900879 12.860336547085733 48.09404754638672 112.16154479980469
8.584229469299316 9.418576800829783 15.54401969909668 19.177074432373047
9.953648567199707 15.071561818083865 22.317489624023438 41.691749572753906
7.503333568572998 12.631065812258157 24.78446388244629 56.251590728759766
6.210718631744385 10.499274396412602 24.572383880615234 62.01569747924805
19.186511993408203 20.760702112701892 24.124818801879883 31.032474517822266
12.660056114196777 17.6365909095 35.887908935546875 68.4715576171875
9.077157020568848 14.405653454237381 39.307743072509766 87.13064575195312
7.240720272064209 11.928678097686937 38.16193771362305 92.81503295898438
26.694730758666992 26.861567729157287 61.781375885009766 82.9902114868164
16.301420211791992 19.79334099799604 72.40422821044922 125.84578704833984
10.556571960449219 14.955839797052022 69.67899322509766 137.3083038330078
8.224078178405762 12.620568659208388 64.4999008178711 138.69354248046875
8.655350685119629 10.470645787703226 3.371647834777832 3.567819595336914
6.581523895263672 10.19372839208404 4.700207710266113 7.374508380889893
3.873406171798706 6.547661956386367 6.1114020347595215 12.26001262664795
1.7845888137817383 2.8208566206807575 6.896239280700684 15.684529304504395
10.75345230102539 13.534268101622729 4.0198073387146 4.312834739685059
6.934926986694336 10.540664983390835 6.131500244140625 10.26063060760498
4.7675299644470215 9.093579912205314 8.25930404663086 17.752479553222656
4.187320709228516 6.861875602533672 9.352822303771973 22.7194881439209
14.522393226623535 18.865499695663857 5.353639602661133 5.898371696472168
8.89559555053711 15.393238896824077 9.271800994873047 16.75066566467285
7.798597812652588 14.543848958030992 12.676883697509766 28.780946731567383
6.565317153930664 12.89561898075226 14.153151512145996 35.821590423583984
12.071582794189453 14.376235181715884 5.3376617431640625 5.825721263885498
8.317418098449707 12.869469594951056 8.48199462890625 14.892459869384766
6.235095500946045 10.080153173281525 11.157852172851562 24.560688018798828
4.140152931213379 6.848771329476847 12.332282066345215 30.27490997314453
16.49349594116211 20.11500726842678 6.961112976074219 7.847866535186768
12.183182716369629 19.442593257885733 12.710531234741211 23.81546974182129
8.951422691345215 15.873373079758096 16.936962127685547 38.82462692260742
7.444368839263916 13.4206225877615 18.505870819091797 46.69662094116211
23.450037002563477 28.027729141179734 11.658723831176758 14.039253234863281
14.526659965515137 21.216451635963494 24.2022647857666 46.56816482543945
10.233409881591797 16.77284654565709 30.020463943481445 67.22498321533203
8.245279312133789 14.045981341565493 31.2163143157959 75.78301239013672
14.0187349319458 16.338829565695505 8.743581771850586 9.993255615234375
10.957231521606445 16.456741927206167 14.792262077331543 27.49831199645996
8.138718605041504 13.74803759387968 18.308095932006836 41.01325607299805
6.806600570678711 11.7635104504634 19.361936569213867 47.680702209472656
20.181724548339844 23.405917506329615 12.536465644836426 15.049395561218262
13.658610343933105 19.548511932251586 24.10782241821289 46.189815521240234
9.668072700500488 15.623839974495922 29.29471206665039 65.44125366210938
7.8794708251953125 13.270011813959627 30.335878372192383 73.63693237304688
28.717626571655273 30.459261936728147 27.572803497314453 36.432029724121094
16.117998123168945 20.56392332119549 50.32640075683594 91.38465881347656
11.02255916595459 16.148403979517838 53.62184143066406 109.47830963134766
8.642740249633789 13.555882926318304 52.16276931762695 114.91756439208984
11.542305946350098 12.223233378541153 15.906486511230469 19.746122360229492
10.778104782104492 15.14932671297538 22.85932731628418 42.51690673828125
8.35914134979248 13.243055778616508 25.741870880126953 56.52067184448242
6.972233772277832 11.521833209221128 26.08659553527832 62.68077850341797
19.982919692993164 21.253686986113866 24.739307403564453 31.765270233154297
14.282164573669434 18.878148171620325 37.65462112426758 69.91392517089844
10.076147079467773 15.235095770962602 41.416221618652344 88.11060333251953
8.140424728393555 13.058241195326744 41.13162612915039 94.93877410888672
27.56319236755371 27.756404673958706 56.07213592529297 79.16912078857422
16.95762825012207 20.040253327020764 75.77774047851562 128.43341064453125
11.446938514709473 15.618008159840201 73.93267822265625 139.7707977294922
8.908760070800781 13.239102669324438 69.45213317871094 141.849853515625
8.179082870483398 10.130719929765128 3.1460580825805664 3.3107922077178955
6.076163291931152 10.344999903771168 4.365255355834961 6.684526443481445
3.785025119781494 7.027959063978017 5.627345085144043 11.265925407409668
2.7444145679473877 4.870954300320148 6.328149795532227 14.562199592590332
10.338915824890137 13.071234022940189 3.674427032470703 3.910444974899292
7.838938236236572 11.479625593155845 5.495089054107666 9.014142036437988
5.419795513153076 9.448829850931865 7.358267307281494 15.942014694213867
4.640440464019775 8.271040173475598 8.350378036499023 20.656694412231445
14.011817932128906 18.039824580492905 4.724452495574951 5.118788242340088
9.456198692321777 14.986306612358703 7.879878520965576 13.928145408630371
7.168251037597656 11.65412627143246 10.840256690979004 25.016355514526367
5.917581558227539 11.118845613262067 12.248664855957031 31.897830963134766
11.367964744567871 14.265041589003744 5.004288673400879 5.3711957931518555
7.330902099609375 13.054841181004988 7.829164981842041 13.203136444091797
4.054606914520264 7.055649322153499 10.156620025634766 22.27726936340332
4.124156475067139 7.439054031860422 11.130810737609863 27.738574981689453
15.793094635009766 19.767712373644827 6.282779216766357 6.923633098602295
9.890172958374023 15.306250246626519 11.172572135925293 20.40089988708496
8.769142150878906 15.540784150046406 14.857955932617188 34.51285171508789
7.180951118469238 13.086502027206052 16.24271583557129 42.064849853515625
23.378986358642578 28.05187618824857 9.786396026611328 11.28482437133789
14.436758041381836 21.259491402895605 19.93684196472168 38.12046813964844
10.11567211151123 16.244701693666997 25.4827938079834 58.69797897338867
8.11633014678955 13.537853848422852 26.799903869628906 67.97177124023438
13.53255844116211 16.89567125290614 8.581888198852539 9.402216911315918
10.407917022705078 17.219601736276076 13.99985122680664 24.726049423217773
7.636199951171875 13.548351756846841 16.896644592285156 37.645572662353516
6.176815986633301 11.423006837843971 17.52842140197754 43.907867431640625
19.598140716552734 23.685129623394793 11.518745422363281 13.212177276611328
13.159567832946777 19.646772636129754 21.599239349365234 40.43256378173828
9.347017288208008 15.20256615785141 26.08767318725586 59.16334533691406
7.511540412902832 12.630143134544012 26.82294273376465 67.00311279296875
29.096420288085938 31.46153413405864 23.03773307800293 28.237417221069336
16.462984085083008 21.17574905705419 42.83864212036133 78.59044647216797
10.796119689941406 15.530281879264294 46.993865966796875 98.6500244140625
8.531473159790039 13.07040640455488 45.76861572265625 105.3822021484375
10.419259071350098 10.804866930972821 15.408742904663086 18.588411331176758
10.213850021362305 15.470286807885714 22.826900482177734 40.259544372558594
7.773619651794434 13.058089963771565 24.343120574951172 52.980010986328125
6.369614124298096 11.091484244756877 23.904165267944336 58.3692741394043
19.515527725219727 20.8299538834126 22.68505859375 28.068357467651367
13.590802192687988 18.62624573061339 35.09953689575195 63.80112075805664
9.59352970123291 14.696494123610591 37.78297424316406 81.37699890136719
7.676299095153809 12.277533020042029 36.91419982910156 87.57190704345703
27.012115478515625 27.24063405241759 43.78721618652344 68.95418548583984
17.42473793029785 20.576743193654067 67.93404388427734 116.40792846679688
11.221022605895996 15.071031642089565 67.03417205810547 129.46189880371094
8.757863998413086 12.724781952146259 62.452606201171875 132.46299743652344
8.969672203063965 11.213606309586453 3.4729249477386475 3.7299137115478516
6.388882160186768 9.444739068911296 5.049813747406006 8.313828468322754
3.2426486015319824 5.227663344838902 6.460819721221924 13.798418045043945
2.9998281002044678 5.2434996079022085 7.1326069831848145 17.262746810913086
11.019484519958496 14.081478325053467 4.121645450592041 4.495420455932617
7.300055027008057 12.278338224991572 6.544617176055908 11.580354690551758
4.380406379699707 8.124304446144379 8.63709831237793 19.773508071899414
3.4963796138763428 6.089242352015162 9.551118850708008 24.645408630371094
14.306699752807617 18.55432942642358 5.3883562088012695 6.044722557067871
10.198037147521973 16.185054643057697 9.709436416625977 18.60700225830078
7.835659503936768 13.168096754672263 13.022530555725098 31.40871238708496
6.994443416595459 11.873424166364515 14.215716361999512 38.12495803833008
12.21059513092041 15.046274869174454 5.73161506652832 6.3457865715026855
5.71691370010376 7.808462583330532 9.344165802001953 16.874719619750977
4.764449596405029 8.157364588184805 11.823036193847656 27.133142471313477
4.568108081817627 7.485550797742874 12.652410507202148 32.57646560668945
16.749692916870117 20.387772697553803 7.378853797912598 8.459297180175781
10.628827095031738 17.36311516136402 13.756985664367676 26.67715835571289
8.478619575500488 14.676753067381803 17.556066513061523 41.888851165771484
7.063214302062988 12.422769575596192 18.57633399963379 48.99882888793945
23.22333526611328 27.73818426021939 11.69472599029541 14.408799171447754
13.290075302124023 19.456487629945915 24.730070114135742 49.78994369506836
9.337650299072266 15.07052393523918 29.92176055908203 70.22589111328125
7.640635013580322 12.764004433016673 30.465240478515625 77.77090454101562
13.904824256896973 16.408397891389086 9.956901550292969 11.648418426513672
10.112483978271484 15.370537260619379 16.678699493408203 31.245040893554688
7.773477554321289 12.836499048229527 19.322717666625977 44.40415573120117
6.441156387329102 10.927896284036336 19.648611068725586 50.26376724243164
19.41200065612793 22.296594386417127 14.161516189575195 17.42488670349121
12.22253131866455 17.51145034568026 26.300289154052734 51.21333312988281
8.947371482849121 14.219849728266581 30.02616310119629 68.98355865478516
7.247505187988281 12.004201985345617 30.034324645996094 75.51910400390625
28.29656219482422 29.982247767646072 28.806291580200195 38.61851119995117
14.4000883102417 18.477825385094064 50.020721435546875 94.18608093261719
9.887394905090332 14.504654343317963 52.28875732421875 111.405029296875
7.9003586769104 12.236405674589207 50.05186080932617 115.73418426513672
13.886717796325684 15.117719954408017 16.3858699798584 21.559459686279297
9.90208625793457 14.005790564987116 25.856748580932617 47.961727142333984
7.896674156188965 12.330958956049386 27.012897491455078 60.317813873291016
6.566610813140869 10.723793935438607 26.23646354675293 65.2174301147461
18.32356071472168 18.883129649859484 26.070056915283203 34.90288162231445
12.588909149169922 16.544054284422288 40.78076171875 76.38423919677734
9.195260047912598 13.814053190427408 42.07664489746094 91.64286041259766
7.344244480133057 11.735801811701322 40.37847900390625 96.24976348876953
26.6411190032959 26.747051164534412 60.50470733642578 81.9087905883789
15.077564239501953 17.891666049603373 74.57389068603516 130.1208953857422
10.165042877197266 14.068735945812307 71.48054504394531 140.62977600097656
8.045968055725098 11.917012354002509 66.24047088623047 141.68869018554688
8.018929481506348 10.63003120835813 3.540605068206787 3.8122622966766357
4.9803595542907715 8.11604568754592 5.264370918273926 8.94622802734375
2.543215274810791 5.073365820068261 6.809600830078125 15.161564826965332
2.0296335220336914 2.8278090495642516 7.499274730682373 19.128068923950195
10.459795951843262 13.671233928270226 4.213493347167969 4.613424777984619
6.22905158996582 9.450010624514562 6.932893753051758 12.576249122619629
4.297265529632568 7.591967366255631 9.27414608001709 21.860332489013672
3.9476230144500732 6.866883663397402 10.224625587463379 27.379627227783203
14.817426681518555 19.147559536980744 5.55224609375 6.241692543029785
9.043351173400879 13.735342493205962 10.471451759338379 20.25074577331543
7.947561740875244 14.729309375025878 14.219173431396484 34.603965759277344
7.296561241149902 13.198587566160448 15.480233192443848 42.00725555419922
11.181364059448242 14.75426425374826 5.828096866607666 6.502577781677246
7.28664493560791 12.27382164647787 10.070908546447754 18.86058807373047
5.315232753753662 10.13053664482868 12.899520874023438 30.720701217651367
4.611191749572754 9.108085773140829 13.725417137145996 36.84376525878906
16.2109317779541 20.538149285707725 7.51853084564209 8.672242164611816
11.439286231994629 18.36923663903667 15.04658317565918 29.76654624938965
8.57792854309082 14.793203245404015 19.473682403564453 47.106605529785156
7.03041410446167 12.447471678238685 20.476703643798828 54.9660530090332
23.936582565307617 29.128780065082537 12.192585945129395 14.915997505187988
14.182878494262695 20.180946455172105 27.425588607788086 54.678993225097656
10.073749542236328 15.660469105380116 33.56636428833008 77.43656921386719
8.100516319274902 13.12199482876531 33.958919525146484 85.4679183959961
13.239087104797363 16.624923021477684 10.575836181640625 12.29699420928955
9.766548156738281 15.23387545331724 18.697118759155273 35.650123596191406
7.44516134262085 12.850024339816343 21.734176635742188 50.83570098876953
6.057447910308838 10.761405811584325 21.755878448486328 57.02117919921875
19.588603973388672 23.139325100749375 14.77759075164795 18.152807235717773
12.564261436462402 17.60911131503417 29.498884201049805 57.51439666748047
9.118911743164062 14.220550661679233 33.898193359375 77.2307357788086
7.402048110961914 12.141759610822987 33.501609802246094 84.14567565917969
28.926612854003906 31.027114245570104 30.6296329498291 40.74292755126953
15.634672164916992 20.031249464187567 55.904449462890625 102.56688690185547
10.75613784790039 15.101444320906921 58.92128372192383 121.26455688476562
8.548907279968262 12.747431333198165 56.0227165222168 125.61017608642578
11.835020065307617 12.657639088787846 15.067429542541504 26.256681442260742
9.594375610351562 13.312081526371003 29.848018646240234 55.25509262084961
7.579193592071533 12.131090436791089 31.045862197875977 69.21287536621094
6.24275016784668 10.524382344724302 29.404685974121094 73.84121704101562
17.241188049316406 17.662386743579418 24.37759780883789 38.55399703979492
13.05047607421875 16.85376147949987 46.118228912353516 85.6032485961914
9.463078498840332 13.740023591185036 47.82789611816406 101.82160949707031
7.5967488288879395 11.843949177433739 45.21278762817383 106.36725616455078
27.83928108215332 27.984577990409775 66.01426696777344 90.66346740722656
16.572790145874023 19.66613575777808 82.51594543457031 139.822998046875
11.139630317687988 14.826415384816375 80.06098175048828 151.29856872558594
8.797410011291504 12.490717344989207 73.86051177978516 152.16004943847656
9.299356460571289 11.283974062447177 3.278808832168579 3.4754984378814697
5.964266300201416 8.341233187126818 4.5641021728515625 7.143622398376465
3.9743173122406006 6.108534582057018 5.939126491546631 12.1661958694458
2.761801242828369 4.90182622606153 6.688164234161377 15.703387260437012
11.120781898498535 13.871989883284527 3.901536226272583 4.1789350509643555
8.031232833862305 11.516246792524498 5.900568008422852 9.842774391174316
5.725945472717285 8.637166769587537 7.977100849151611 17.472726821899414
3.469546318054199 5.212646565986589 9.039952278137207 22.612558364868164
14.898503303527832 18.64689543069563 5.190352439880371 5.668177604675293
9.57454776763916 14.93227401068998 8.821059226989746 15.85444450378418
7.53554630279541 13.310456549509297 12.176300048828125 28.154489517211914
7.1663618087768555 12.845164347610307 13.648597717285156 35.511383056640625
12.974316596984863 15.732796901916572 5.147496223449707 5.600070953369141
6.471777439117432 9.340187758845332 8.181777000427246 14.17934513092041
4.158757209777832 7.8471095109421185 10.843785285949707 24.14084243774414
5.3688459396362305 9.596397284778277 11.987672805786133 30.045434951782227
17.539243698120117 21.383948568975974 6.72025728225708 7.502702713012695
12.092894554138184 19.45774705193098 12.197709083557129 22.678190231323242
8.939440727233887 15.964204589516157 16.42425537109375 38.01639938354492
7.46958589553833 13.52118750378719 17.986148834228516 46.2069206237793
24.714481353759766 29.280154991239556 11.46746826171875 13.447205543518066
14.608468055725098 21.271988388176396 23.339677810668945 44.853599548339844
10.082056045532227 16.382667190545817 29.274179458618164 66.43155670166016
8.150954246520996 13.893008494941682 30.46750831604004 75.49372100830078
14.869077682495117 18.028428278037154 8.492405891418457 9.539910316467285
11.32590389251709 17.707177450836298 14.398775100708008 26.224367141723633
8.363390922546387 14.359961696778555 17.99567985534668 40.48405456542969
6.829651355743408 12.157145615998616 19.02570152282715 47.396114349365234
21.550647735595703 25.645041021812403 12.22590446472168 14.371156692504883
13.779738426208496 20.05329393581235 23.585304260253906 44.79949951171875
9.491384506225586 15.50948041816082 28.861982345581055 64.68521881103516
7.866186141967773 13.410270277493964 29.870817184448242 73.04013061523438
29.043004989624023 30.742619600900127 28.71409797668457 36.485294342041016
16.40130043029785 21.007200450710624 50.2914924621582 90.94998168945312
10.831437110900879 15.80467327353141 53.502044677734375 109.85376739501953
8.521432876586914 13.440806956088835 51.75343322753906 115.43794250488281
15.68599796295166 17.747273135877734 14.156082153320312 16.310138702392578
11.276493072509766 16.443583852986194 22.65555763244629 41.26905822753906
8.516622543334961 13.820963341267998 25.629467010498047 56.34688949584961
7.02775764465332 12.018203304644885 25.919889450073242 62.68140411376953
22.35980224609375 24.601619254138313 21.60809898376465 27.076629638671875
14.419620513916016 19.44649789906748 37.6333122253418 69.36786651611328
9.850890159606934 15.167084691924472 41.367679595947266 87.98381042480469
8.104647636413574 13.192735935589894 40.92034149169922 94.5897445678711
26.2322998046875 26.328715428786595 58.05253982543945 80.67544555664062
17.384672164916992 20.526383450008083 77.11080932617188 129.56533813476562
11.272171974182129 15.427560213299614 74.76762390136719 141.26705932617188
8.762188911437988 13.118342006508506 69.62084197998047 143.14854431152344
9.378718376159668 11.66278822350364 3.3362715244293213 3.549572229385376
6.4968485832214355 10.721197287300129 4.700289726257324 7.520427703857422
2.483959913253784 4.36105958836481 5.975521564483643 12.543373107910156
2.3946611881256104 4.431445761484881 6.6327900886535645 15.976862907409668
11.217570304870605 14.045631867276896 3.9578816890716553 4.262908935546875
6.069936752319336 9.399073436111166 6.075761318206787 10.344053268432617
3.945408821105957 6.595904464304407 7.958168983459473 17.9053897857666
2.781437873840332 5.0937894461978885 8.841176986694336 22.802501678466797
14.831562042236328 18.390580963364155 5.245785713195801 5.765327453613281
8.371524810791016 13.009126622092449 9.085134506225586 16.56256675720215
7.979856014251709 12.820430409572054 12.059600830078125 28.551504135131836
7.124296188354492 13.09155313080143 13.172746658325195 35.32944869995117
12.742344856262207 15.962231163102615 5.475334167480469 5.988219738006592
7.513045310974121 11.762344110475013 8.746909141540527 15.531898498535156
5.870023727416992 10.254767560024902 10.99368953704834 25.165952682495117
3.750725507736206 5.907979426242946 11.779085159301758 30.568449020385742
17.056262969970703 20.705755097721237 7.128388404846191 8.007637023925781
12.077628135681152 19.184742518497615 13.046517372131348 24.524730682373047
8.70466136932373 15.515183422059636 16.49823570251465 39.18784713745117
7.104405879974365 12.926761136191232 17.38212013244629 46.4384651184082
24.692211151123047 28.879951160614155 11.921576499938965 14.057698249816895
14.17479419708252 20.051249081383673 24.600461959838867 47.398963928222656
9.998503684997559 16.051362975385018 29.31385612487793 67.69662475585938
7.932682991027832 13.358944124740617 29.374452590942383 75.12921905517578
14.340888977050781 17.52465528786979 9.792963027954102 11.087382316589355
10.839516639709473 16.51566874783657 16.048385620117188 29.67285919189453
8.169382095336914 13.809361758339351 18.406328201293945 42.394535064697266
6.552616596221924 11.444442186765627 18.544923782348633 48.03091049194336
19.829914093017578 22.957859199686254 13.95635986328125 16.545969009399414
12.917928695678711 18.093843510067927 26.01694679260254 49.147335052490234
9.326173782348633 14.996652066428195 29.38060760498047 66.93113708496094
7.476808547973633 12.712543812555396 28.84943389892578 73.36964416503906
29.266260147094727 31.144340909244875 30.22939109802246 38.30549621582031
15.992147445678711 20.0002776054057 53.043758392333984 95.53012084960938
10.62364673614502 15.195694091238238 54.33610916137695 112.22354888916016
8.336715698242188 12.912299221538976 50.55519104003906 115.5587158203125
13.466667175292969 14.275534095664746 15.184677124023438 24.723392486572266
10.306849479675293 14.58317986348743 25.80126190185547 47.19429016113281
8.306597709655762 13.288821735706364 26.406566619873047 58.94359588623047
6.736786365509033 11.310529048698868 25.17046546936035 63.2349853515625
18.805212020874023 19.248041355321902 23.824752807617188 22.274093627929688
13.120985984802246 17.00044229060677 41.68362808227539 75.6964111328125
9.655769348144531 14.468993159133525 42.5677604675293 91.13235473632812
7.64933967590332 12.382697191624384 39.769630432128906 95.09317779541016
27.669967651367188 27.92104695177727 61.60542678833008 84.8725814819336
17.05033302307129 19.851779186131353 80.53047180175781 134.7843475341797
11.02761173248291 14.772252593665854 76.47972106933594 144.0645751953125
8.551122665405273 12.594411758966089 68.80821990966797 143.71929931640625
9.09878921508789 10.91241751150119 3.5904884338378906 3.8137259483337402
5.887734413146973 9.040276818858729 5.17679500579834 8.258976936340332
3.479200839996338 5.363914140854774 6.736708641052246 13.962218284606934
2.5832765102386475 4.599197067996613 7.484381198883057 17.73845100402832
10.9868745803833 13.695200974763793 4.250916957855225 4.572010517120361
6.115306377410889 9.861921806442297 6.727675914764404 11.450216293334961
3.4825174808502197 5.195212004430687 9.05073070526123 19.997072219848633
3.7009055614471436 6.765611904310845 10.082062721252441 25.34722137451172
14.678096771240234 18.99352030754153 5.550189018249512 6.1231794357299805
9.752310752868652 14.400165327594777 9.947243690490723 18.287601470947266
8.338798522949219 14.333573308270086 13.574045181274414 31.609811782836914
7.314379692077637 13.838054182526754 14.927485466003418 38.9085807800293
12.416275978088379 14.894005619455129 5.862646102905273 6.44404411315918
9.222095489501953 14.623269465184421 9.913444519042969 17.5163516998291
6.703064918518066 12.13599798209998 12.890202522277832 28.75123405456543
5.9915547370910645 10.843325333414406 13.877737998962402 34.88382339477539
16.82344627380371 20.45941150981639 7.491084575653076 8.496111869812012
11.773700714111328 18.661210717976246 14.531416893005371 27.40593910217285
8.568642616271973 15.082984080331698 19.056318283081055 44.060489654541016
7.1210551261901855 12.840657177662223 20.31934928894043 52.12540054321289
23.4713077545166 28.731251203897052 11.959025382995605 14.472941398620605
13.67990779876709 20.04333887783605 25.72434425354004 50.2917594909668
9.76091480255127 15.938862522309819 31.833436965942383 72.46318817138672
7.90992546081543 13.50532024851276 32.6767578125 80.96332550048828
14.032681465148926 16.16059999047684 9.45263671875 10.920087814331055
9.92623233795166 14.886345871071171 17.681716918945312 32.6790885925293
7.645486831665039 12.78599447358647 21.477458953857422 47.856201171875
6.351103782653809 10.975127849384535 22.075199127197266 54.69554901123047
19.49778175354004 22.34396940286149 13.385640144348145 16.32032585144043
12.29084587097168 17.454135753227916 27.526260375976562 52.63651657104492
8.923199653625488 14.397535444690675 32.82866287231445 73.11497497558594
7.362449645996094 12.535998725238073 33.22035598754883 80.9454116821289
28.536998748779297 30.946495346928728 28.497295379638672 37.71166229248047
14.8932523727417 19.60267317210878 51.69007110595703 95.27350616455078
10.383098602294922 15.514399098899275 55.535850524902344 115.0255126953125
8.2387113571167 13.142819516301756 53.804100036621094 120.47525024414062
13.92634391784668 14.966653227972234 14.517045021057129 17.686771392822266
9.416983604431152 13.123569833658166 26.574892044067383 48.8948860168457
7.639938831329346 12.100094381618078 29.895526885986328 64.76203918457031
6.396583557128906 10.653376134152017 29.641733169555664 70.9539794921875
19.28904151916504 20.480022912313103 22.609771728515625 29.694316864013672
12.427873611450195 16.325390106835357 41.496826171875 77.13434600830078
9.167081832885742 13.929550189431666 45.64703369140625 96.59385681152344
7.456415176391602 12.156004817176324 44.590660095214844 102.83671569824219
26.900814056396484 27.03371226201898 58.5911865234375 81.55756378173828
15.53001880645752 19.081747204243015 76.19277954101562 131.01425170898438
10.668615341186523 15.031420734879703 75.39978790283203 144.43048095703125
8.458596229553223 12.880923742656478 70.89564514160156 146.925048828125
8.609405517578125 10.93127045790343 3.5629262924194336 3.8138720989227295
5.028905868530273 8.932362532021145 5.213170528411865 8.623955726623535
3.4138028621673584 5.547433142721275 6.601226806640625 14.475581169128418
2.493304967880249 4.8433900907084535 7.229648113250732 18.123632431030273
10.884475708007812 13.973370297798738 4.271440505981445 4.661196231842041
7.406996250152588 11.145859551225612 6.876534938812256 12.239620208740234
5.138293743133545 9.234179106564142 8.967777252197266 20.95134735107422
2.6045284271240234 4.404253650839571 9.820712089538574 25.9768123626709
14.800918579101562 19.13811643366867 5.705321788787842 6.430765628814697
10.076257705688477 14.464418684513475 10.437049865722656 20.03200340270996
8.906947135925293 16.294402605772092 13.755093574523926 33.4532356262207
7.483062744140625 13.91288227973655 14.840880393981934 40.24501419067383
11.533926010131836 14.882856604734684 6.023189067840576 6.674158096313477
6.346716403961182 10.27911471478484 9.817245483398438 17.838478088378906
5.1407880783081055 9.049269297812202 12.113181114196777 28.498769760131836
4.021570682525635 7.483058662906842 12.883965492248535 34.1160774230957
16.168806076049805 20.401810732413537 7.853639125823975 9.07653522491455
11.87326431274414 19.769900599992695 14.654275894165039 28.567846298217773
8.907917976379395 15.591887060540103 18.312593460083008 44.31161880493164
7.232629299163818 12.974188854437216 19.236116409301758 51.572906494140625
23.374149322509766 28.237187922780038 12.852754592895508 16.05825424194336
14.239706993103027 20.71435915016548 26.780614852905273 53.644474029541016
9.992066383361816 16.231932077888732 31.785375595092773 74.16622161865234
8.203106880187988 13.651736997152327 32.095947265625 81.64379119873047
12.96972942352295 16.075708729919143 10.637435913085938 12.601001739501953
9.766260147094727 15.98660308273196 17.800748825073242 33.26628112792969
7.535001754760742 13.281214248321945 19.752798080444336 46.19294738769531
6.220457553863525 11.179869046422937 19.938854217529297 52.11406707763672
18.70883560180664 22.16309723401369 15.174365997314453 19.122478485107422
12.86374282836914 18.68304273540889 27.914762496948242 54.25861358642578
9.530624389648438 15.143403601097816 31.145126342773438 71.96090698242188
7.676788330078125 12.754471152935139 31.022912979125977 78.7375259399414
28.1165714263916 30.28055246892643 31.06146812438965 42.923797607421875
15.735156059265137 20.267723181234942 53.28127670288086 99.32632446289062
10.666662216186523 15.468774909894137 55.24047088623047 116.18865203857422
8.575555801391602 13.234421567153404 52.799625396728516 120.51690673828125
12.5233736038208 13.549886149161178 13.82284927368164 15.027140617370605
9.324122428894043 13.97382006826001 27.58281898498535 50.792144775390625
7.46430778503418 12.47563894052189 27.678518295288086 62.435604095458984
6.3444294929504395 10.885498930649192 26.539485931396484 67.13030242919922
17.637218475341797 18.3945667359892 23.632083892822266 33.65399932861328
13.155294418334961 17.60163585964946 42.74848937988281 79.82167053222656
9.906801223754883 14.793116251547701 43.46186828613281 94.76762390136719
7.932213306427002 12.541760227685018 41.610260009765625 99.69719696044922
26.90693473815918 27.126249612654448 60.671058654785156 87.29325103759766
16.53070831298828 19.938967957910407 78.17643737792969 135.0115509033203
11.039956092834473 14.880205313434539 75.0723876953125 145.70355224609375
8.77386474609375 12.873868888429364 69.77069091796875 146.88658142089844
9.683597564697266 11.50434864829407 3.4503908157348633 3.6567282676696777
6.141907691955566 9.987279356917188 4.9056196212768555 7.813076019287109
3.133352756500244 6.028739118429257 6.41337776184082 13.358955383300781
3.0474326610565186 4.83095272646915 7.202110767364502 17.20669937133789
11.331182479858398 13.962298954602261 4.111447334289551 4.414676189422607
6.348445415496826 11.004414830276886 6.399700164794922 10.923954963684082
4.422274112701416 7.303142157670891 8.677264213562012 19.443923950195312
4.750375270843506 7.2539872917717645 9.774373054504395 25.021270751953125
14.351152420043945 18.164877026005044 5.439599990844727 5.978984832763672
9.777552604675293 14.947279543007198 9.620858192443848 17.704702377319336
9.038485527038574 16.425138895420332 13.269064903259277 31.301597595214844
7.487107276916504 13.880747637298555 14.756328582763672 39.190704345703125
13.182453155517578 15.760515751840558 5.508157730102539 5.9944915771484375
8.781610488891602 12.58546860794877 9.06671142578125 16.04125213623047
6.389133453369141 11.01824112358014 11.920652389526367 27.01803970336914
6.461926460266113 11.383061169679273 12.997612953186035 33.25601577758789
17.416881561279297 21.03893385915717 7.194709300994873 8.101442337036133
12.184503555297852 19.057891056384506 13.624433517456055 25.952775955200195
8.973843574523926 15.503784898902367 18.11159324645996 42.790382385253906
7.462278366088867 13.091733819255978 19.479812622070312 51.19208908081055
23.4515380859375 28.142068556936636 11.799928665161133 14.182672500610352
13.812562942504883 19.69727541859038 25.458904266357422 49.91801452636719
9.982401847839355 15.929834346807183 31.625213623046875 72.66404724121094
8.145362854003906 13.542572003921578 32.56563186645508 81.7724380493164
14.852640151977539 17.576811861313615 9.051529884338379 10.177525520324707
10.867384910583496 16.080644110118612 16.117284774780273 29.841135025024414
8.206245422363281 13.318619512015175 19.778043746948242 45.10920333862305
6.938753604888916 11.553323419065919 20.473779678344727 52.04706954956055
20.33106231689453 23.48816366979366 13.311537742614746 15.920418739318848
13.013904571533203 18.1777553594693 26.41535758972168 51.04572677612305
9.423843383789062 14.941314077514193 31.659879684448242 71.8486557006836
7.75687313079834 12.800473263588355 32.02482223510742 79.8481674194336
28.292434692382812 30.153753489361634 28.759605407714844 38.197689056396484
15.054319381713867 19.259918823339696 52.70137405395508 96.95883178710938
10.493229866027832 15.158262757242369 56.23630142211914 116.57929992675781
8.509259223937988 13.051349221492757 54.165374755859375 122.19898223876953
15.433073997497559 17.28331950661095 14.914557456970215 17.34718894958496
10.778032302856445 15.068865590298884 24.93390464782715 45.95698928833008
8.497636795043945 13.035239192542349 27.863611221313477 61.79515838623047
7.119482040405273 11.358567590580606 27.554841995239258 67.92637634277344
20.354507446289062 21.562393136261107 24.115489959716797 30.729156494140625
13.553746223449707 17.590841678663537 41.334354400634766 77.09522247314453
9.67039680480957 14.42164042662526 44.82868957519531 96.0607681274414
7.915786266326904 12.517381945515751 43.441749572753906 102.06855010986328
26.623136520385742 26.755190040998833 59.124542236328125 82.11017608642578
15.876729011535645 18.900589735990934 78.63056182861328 134.41285705566406
10.802324295043945 14.6965798896873 77.0714340209961 147.11825561523438
8.695725440979004 12.728899532523373 71.85009002685547 149.38087463378906
8.561223030090332 10.287653677885828 3.5922770500183105 3.815105676651001
6.430542469024658 10.09040186920629 5.289112091064453 8.49704360961914
3.2455661296844482 5.7049470241177005 6.924070835113525 14.473755836486816
2.02498722076416 3.991097502144198 7.662475109100342 18.328834533691406
10.834332466125488 13.387028341084147 4.283998012542725 4.623046875
6.879696846008301 10.519529088678837 6.974391937255859 12.011549949645996
5.372681617736816 9.271544484010874 9.430277824401855 21.086416244506836
3.447556495666504 5.780984550817038 10.435955047607422 26.550996780395508
15.141934394836426 19.077151202893674 5.706125259399414 6.3352370262146
10.309890747070312 14.996198886209783 10.669413566589355 19.796754837036133
8.896476745605469 16.271376472575156 14.576983451843262 34.11040496826172
7.420413017272949 13.729737196447854 15.872724533081055 41.55377197265625
11.88119125366211 14.318491463875489 5.892341613769531 6.478010654449463
8.933334350585938 14.394578826370378 10.257035255432129 18.4091796875
6.913448810577393 12.730456097177296 13.41045093536377 30.42559242248535
5.793453216552734 10.767219881684923 14.341695785522461 36.62092590332031
16.922183990478516 20.567063577212366 7.719468593597412 8.804021835327148
11.975298881530762 18.530165734351073 15.537619590759277 29.73453712463379
8.508983612060547 14.660842021236022 20.35660171508789 47.5963134765625
6.901012897491455 12.316010571127322 21.447494506835938 55.569149017333984
25.049419403076172 30.302296732457485 12.964715957641602 15.837735176086426
14.54751205444336 20.72528746356636 29.201202392578125 56.6956672668457
9.93922233581543 15.907956988542338 35.62065124511719 79.77623748779297
7.947702884674072 13.397242494561851 35.96450424194336 87.63268280029297
13.615546226501465 15.786806383332078 10.564000129699707 12.11065673828125
10.046697616577148 14.431386148052411 18.974363327026367 35.52882766723633
7.434494495391846 12.298741738141079 22.76051902770996 51.45378875732422
6.0543212890625 10.565470892041958 23.041555404663086 57.94752502441406
19.789247512817383 22.78739730651273 15.313371658325195 18.723779678344727
12.767207145690918 17.755411755392743 30.79579734802246 58.943145751953125
9.066004753112793 14.244215527572123 35.87104034423828 79.8321762084961
7.269692420959473 12.044801471450228 35.63542938232422 86.83317565917969
29.004762649536133 30.40480597073403 34.40764617919922 45.798057556152344
15.994837760925293 20.294193692734098 60.361549377441406 108.75730895996094
10.66412353515625 15.359349488019781 63.107479095458984 126.38932037353516
8.342554092407227 13.006095309662598 60.086669921875 130.15614318847656
12.252730369567871 12.62841886690444 16.956562042236328 26.235849380493164
9.951509475708008 13.219469982032251 30.15567970275879 55.71752166748047
7.650880813598633 11.70668757802332 32.36874771118164 70.52569580078125
6.164005756378174 10.263603340994166 31.259122848510742 75.66331481933594
17.774072647094727 18.015448123434606 30.680578231811523 49.78340530395508
13.110316276550293 16.82622430855188 48.377899169921875 88.3125
9.351912498474121 13.792371939743376 50.67294692993164 105.8936767578125
7.511663913726807 11.856277329808165 48.34752655029297 110.44560241699219
26.579681396484375 26.702135526962707 75.99079132080078 104.47010803222656
16.72425079345703 19.553282442507857 88.76042938232422 148.36802673339844
11.078283309936523 14.987833230431193 85.61038970947266 157.61703491210938
8.60239028930664 12.69489189709202 79.30472564697266 157.8243865966797
8.47398567199707 10.69838956600097 3.4476096630096436 3.7085773944854736
6.194764137268066 10.398741098006894 4.974922180175781 8.167206764221191
3.488224983215332 6.17883816969351 6.29379415512085 13.394664764404297
2.5338480472564697 4.537972331634618 6.937839508056641 16.86229705810547
10.790849685668945 13.87852865505647 4.132838726043701 4.527148246765137
6.853481769561768 11.229616205206638 6.493907451629639 11.414650917053223
4.1550164222717285 6.382362344055359 8.461836814880371 19.21229362487793
2.880293607711792 4.357976565567242 9.340738296508789 24.127315521240234
14.86854362487793 19.335342464630983 5.567394256591797 6.28125524520874
9.457037925720215 14.895536350511975 9.86453628540039 18.566999435424805
7.852898120880127 12.856558232906991 12.977121353149414 30.859785079956055
7.646596431732178 14.178663583313424 14.111825942993164 37.705963134765625
11.824755668640137 15.005956786467323 5.592498302459717 6.203531265258789
7.17844295501709 11.957815981174463 9.122735023498535 16.503000259399414
4.2256245613098145 7.730654916953142 11.526055335998535 26.478134155273438
3.662593364715576 7.038671449497869 12.364266395568848 31.962499618530273
16.518949508666992 21.186939415820646 7.359776973724365 8.500927925109863
11.66478443145752 19.01688542299007 13.623761177062988 26.36565589904785
8.915935516357422 15.612741750127086 17.36687469482422 41.20872116088867
7.4218902587890625 13.260618682416236 18.39815330505371 48.54243469238281
23.881492614746094 29.70395315503265 12.388297080993652 15.300536155700684
14.43523120880127 21.03012601238902 25.677614212036133 50.718284606933594
10.262218475341797 16.53684572474492 30.699804306030273 70.79331970214844
8.413270950317383 14.00702740763169 31.094650268554688 78.48170471191406
13.72829818725586 17.459282308657635 9.386089324951172 10.776430130004883
10.585150718688965 16.61696379618877 16.038074493408203 30.105939865112305
8.113676071166992 13.868155515252397 18.996828079223633 43.7028923034668
6.6996893882751465 11.68435789121395 19.410259246826172 49.69502258300781
20.21328353881836 25.28171632516404 13.569613456726074 16.606515884399414
13.039325714111328 18.990153551771616 25.819353103637695 50.27573013305664
9.40522289276123 15.076249118800487 30.08761978149414 68.61125183105469
7.718839645385742 12.874933938093154 30.164546966552734 75.58574676513672
28.90492820739746 32.08360608797739 29.77933120727539 40.035362243652344
15.884350776672363 20.279540004297075 52.207847595214844 96.5194091796875
10.849052429199219 15.640035593246466 54.6998291015625 113.9343032836914
8.759932518005371 13.534885528785614 52.118507385253906 118.01502990722656
14.544441223144531 17.446984175014414 15.419297218322754 18.343652725219727
10.377685546875 15.138989046926213 24.539196014404297 45.74445343017578
8.258607864379883 13.345923027693075 26.76585578918457 59.7757453918457
6.886781692504883 11.521090101876325 26.201475143432617 64.94384002685547
20.854230880737305 23.548374588015577 23.6461181640625 30.2805118560791
13.622532844543457 18.36830252828446 39.66781234741211 74.6254653930664
9.68752670288086 14.595506124180474 42.515079498291016 91.77068328857422
7.879052639007568 12.565774927043776 40.969608306884766 96.96002960205078
27.73598861694336 28.203869397055996 60.81756591796875 84.44915008544922
16.734981536865234 19.728074390270283 77.48344421386719 133.130615234375
11.198141098022461 14.964197927938585 75.25080108642578 144.4023895263672
8.949551582336426 13.111144206022054 69.5572280883789 145.12013244628906
8.836679458618164 11.372428654797545 3.4612722396850586 3.7000794410705566
5.163312911987305 8.586471114590857 5.054588794708252 8.372635841369629
4.034740447998047 7.470298523335941 6.43110466003418 14.144330978393555
1.960914134979248 2.7398253029239186 7.034725666046143 17.810216903686523
10.958531379699707 14.268368989495343 4.132227420806885 4.4951395988464355
6.703380584716797 12.148358145349478 6.628623008728027 11.764486312866211
4.837752342224121 8.06906268369504 8.711609840393066 20.390201568603516
4.091677665710449 7.0215039911677195 9.537813186645508 25.475753784179688
15.1063871383667 19.669930378647855 5.516976356506348 6.173184394836426
9.438724517822266 14.409342669908295 10.037705421447754 19.18752098083496
8.955854415893555 16.607936028897257 13.39425277709961 32.66667938232422
7.406352996826172 14.16385336264593 14.456015586853027 39.650962829589844
12.373929977416992 15.943180289174279 5.561883926391602 6.153942108154297
6.9930949211120605 12.797621381868112 9.435917854309082 17.39869499206543
7.096490859985352 12.59134158037088 12.016009330749512 28.59029197692871
5.544867515563965 10.58078853215784 12.725149154663086 34.341697692871094
17.265512466430664 21.900873486426235 7.2973809242248535 8.364959716796875
12.008432388305664 20.226400836146922 14.186057090759277 27.686609268188477
8.685028076171875 15.873842343203975 18.229509353637695 44.2283935546875
6.984466552734375 13.0936267599742 19.046579360961914 51.682395935058594
24.98849105834961 30.101647139792476 12.406625747680664 15.073153495788574
14.672828674316406 21.563973992233997 26.620166778564453 52.800758361816406
10.105752944946289 16.65543107220674 32.162452697753906 74.62924194335938
8.114672660827637 13.852024886029639 32.1704216003418 82.30276489257812
14.168521881103516 18.119478302324147 9.4951810836792 10.972638130187988
10.637201309204102 17.17748166404408 16.947662353515625 32.46311950683594
7.928414821624756 13.912669069747153 20.119033813476562 47.528953552246094
6.42711877822876 11.581727139579925 20.217313766479492 53.602718353271484
20.472835540771484 24.32518485131908 13.817033767700195 16.839496612548828
13.216652870178223 19.543333591578374 27.453052520751953 53.4307746887207
9.329097747802734 15.494861054520584 32.00806427001953 73.45730590820312
7.386155605316162 12.9156270107203 31.534576416015625 80.32054138183594
29.048805236816406 30.97456591003538 32.13555908203125 42.184226989746094
16.24555206298828 20.485834505017138 55.49333953857422 101.59468078613281
10.810458183288574 16.006706811225058 57.86772537231445 119.38304138183594
8.512996673583984 13.416253470170574 54.321537017822266 123.22665405273438
14.62861442565918 16.51059531448982 17.150650024414062 20.77202796936035
10.675134658813477 15.725894704741108 26.525358200073242 49.980552673339844
8.09702205657959 13.441608491138709 28.598485946655273 65.04313659667969
6.588106155395508 11.394438618610366 27.459924697875977 69.89762878417969
20.7033748626709 21.996173392197946 26.28878402709961 33.6304817199707
13.909017562866211 18.76196460607659 42.97894287109375 79.99343872070312
9.630380630493164 14.976118794144895 45.54882049560547 97.91191864013672
7.628450870513916 12.71357210502299 43.05217742919922 102.56620025634766
27.20801544189453 27.366598769069128 67.52837371826172 95.11058807373047
17.17644691467285 19.95580581848094 83.3055648803711 140.67437744140625
11.315235137939453 15.484735636741501 79.87090301513672 150.7796630859375
8.755036354064941 13.105374264632204 72.81353759765625 151.01075744628906
9.256482124328613 10.929148577208863 3.228008508682251 3.4033477306365967
6.614151477813721 10.454698752509717 4.536749362945557 7.039909839630127
3.285323143005371 5.578866339126989 5.887396812438965 11.937487602233887
3.1095588207244873 5.700560489814734 6.577754974365234 15.345848083496094
11.135289192199707 13.423834382107316 3.8284249305725098 4.081491947174072
7.091731071472168 10.80901681500449 5.840832233428955 9.69697380065918
5.016988277435303 9.115201584191604 7.871640205383301 17.217864990234375
4.218407154083252 6.843307233005845 8.84064769744873 22.21288299560547
15.092247009277344 18.81617512766032 5.09210729598999 5.5369038581848145
10.671708106994629 14.279210597056124 8.679327011108398 15.58802604675293
7.277919769287109 11.858935686174007 11.943377494812012 27.822261810302734
6.12757682800293 10.330987228594267 13.290566444396973 35.11076736450195
12.75396728515625 15.052249606526132 5.221307754516602 5.627448558807373
8.278993606567383 12.428135945194668 8.298728942871094 14.315189361572266
4.604786396026611 7.839123849530836 10.832265853881836 24.01336097717285
5.041653633117676 8.64079008292856 11.746719360351562 29.54796600341797
17.499311447143555 20.818056820774586 6.775962829589844 7.488561630249023
12.597173690795898 19.526865074180023 12.249116897583008 22.679704666137695
9.106953620910645 15.686583067059019 16.2674503326416 37.82081985473633
7.151226043701172 12.945701514697724 17.48019027709961 45.59874725341797
25.292381286621094 29.200973345123998 11.486226081848145 13.35305118560791
15.03957462310791 20.822365390908075 23.173385620117188 44.48905944824219
10.160908699035645 16.02754520630947 28.72534942626953 65.8913345336914
8.012738227844238 13.422996724870572 29.50876808166504 74.64237976074219
14.72118854522705 16.983878850585256 8.9357271194458 9.892823219299316
11.383611679077148 16.53950080135246 15.009260177612305 27.254526138305664
8.48213005065918 14.078303119140841 18.13948631286621 40.75563430786133
6.8667731285095215 11.840095715078178 18.60228729248047 46.764827728271484
21.01179313659668 23.872082873482213 12.792391777038574 14.860427856445312
13.959491729736328 19.078031225568438 24.20292854309082 45.8204231262207
9.72086238861084 15.12984579713202 28.809326171875 64.94194793701172
7.5632853507995605 12.615017034155073 29.027536392211914 72.39877319335938
29.40894889831543 30.73630960730846 29.91846466064453 37.52048873901367
17.11540985107422 20.80313384174201 50.59471893310547 91.28875732421875
11.008110046386719 15.453271934804691 52.94672393798828 109.61197662353516
8.420896530151367 12.916156340642559 50.39696502685547 114.51600646972656
15.043694496154785 16.271795120510433 15.061147689819336 17.638757705688477
11.254247665405273 15.069483415872128 24.0456485748291 43.65022277832031
8.661328315734863 13.469518003363717 26.050127029418945 57.196929931640625
7.050848484039307 11.600478923926858 25.346435546875 61.97501754760742
21.162561416625977 22.07752663742758 22.985692977905273 28.7239933013916
14.542579650878906 18.364444985915497 39.17985916137695 71.88381958007812
10.024690628051758 14.555232688394995 41.63177490234375 88.96890258789062
7.8220343589782715 12.362770492827735 39.92111587524414 94.12946319580078
27.822738647460938 27.982112162477833 64.39535522460938 82.41873168945312
18.320505142211914 20.71055932740103 78.2030258178711 131.20706176757812
11.541301727294922 15.114504558618961 74.63554382324219 141.6742401123047
8.707237243652344 12.633758310834253 68.33349609375 142.63766479492188
8.700238227844238 10.76661185304556 3.4138693809509277 3.6264524459838867
5.3442487716674805 9.281530386870969 4.910277366638184 7.926011562347412
3.459649085998535 6.2576505887988105 6.462676525115967 13.44998550415039
2.260239839553833 3.717950804057072 7.237773418426514 17.12051010131836
10.991413116455078 13.69829782227498 4.107752799987793 4.42664098739624
6.551098346710205 10.524322302106839 6.491650581359863 11.250378608703613
5.3761749267578125 7.685368397609182 8.815544128417969 19.779565811157227
2.7988483905792236 3.2564322266533168 9.87074089050293 25.082067489624023
15.575494766235352 19.458923949763133 5.565798282623291 6.157166957855225
9.143942832946777 13.410434910562259 10.003090858459473 18.727251052856445
8.778571128845215 15.77670890052201 13.631134033203125 32.37635803222656
7.2130608558654785 13.15905237577769 14.967523574829102 39.72418212890625
12.197135925292969 15.077474282274808 5.61460542678833 6.167901992797852
7.562545299530029 13.228661583019516 9.462206840515137 16.954673767089844
6.469488620758057 12.141349601994705 12.540617942810059 28.124454498291016
5.303770542144775 10.289071141420436 13.59830093383789 34.21392822265625
17.492229461669922 21.215107487817576 7.480563640594482 8.483558654785156
11.668701171875 18.342786964518837 14.463166236877441 27.7790584564209
8.192190170288086 14.17392284642051 19.133136749267578 44.762481689453125
6.696931838989258 11.884870533848698 20.38559341430664 52.82243728637695
26.444055557250977 31.075577487945893 13.397750854492188 16.170839309692383
14.355563163757324 20.13750385017194 27.99172019958496 54.58189010620117
9.743000030517578 15.200563850824125 33.69055938720703 76.67324829101562
7.753108024597168 12.607994648067006 34.01787185668945 84.63346099853516
14.133118629455566 17.03379152011732 10.509638786315918 12.021187782287598
9.94894027709961 15.12299878465663 17.88273048400879 32.927391052246094
7.051648139953613 12.07802872466607 21.643611907958984 47.95964050292969
5.6956987380981445 10.137259100280858 22.106246948242188 54.605098724365234
20.776153564453125 23.76848871573975 15.405444145202637 18.530553817749023
12.79222583770752 17.704283726795467 29.315364837646484 55.79001998901367
8.66695785522461 13.54420737221714 34.25175094604492 75.9526138305664
6.918652534484863 11.296350344676284 34.220149993896484 83.31513977050781
29.26913070678711 29.9866381491002 37.67084503173828 49.47035598754883
16.052623748779297 20.03272443887596 60.091426849365234 107.32026672363281
10.383326530456543 14.715483936754936 61.089176177978516 123.61537170410156
8.004225730895996 12.158109621296717 57.50469207763672 127.09326171875
12.229472160339355 12.732348094666122 14.020259857177734 27.137174606323242
9.488504409790039 13.14217666511172 30.159360885620117 53.48064422607422
7.19884729385376 11.540172835917307 31.41716194152832 66.61344146728516
5.860213756561279 9.843705733067509 30.367660522460938 71.93031311035156
18.48383331298828 18.732995836273403 25.085817337036133 39.7030029296875
13.13604736328125 16.653015696512696 47.62220764160156 85.48345184326172
8.940738677978516 13.094167529242128 49.11477279663086 101.8441390991211
7.065657138824463 10.966061794615598 46.82351303100586 106.71994018554688
27.029069900512695 27.15657747633577 77.75421905517578 106.11927795410156
17.164697647094727 19.71287764511674 89.8899154663086 147.795654296875
10.851203918457031 14.449384999814754 84.24162292480469 155.85488891601562
8.1912202835083 11.898747877027958 76.70996856689453 155.21299743652344
9.55232048034668 11.790151069225203 3.5065383911132812 3.7166640758514404
5.561331272125244 8.477316951617183 5.1510138511657715 8.167343139648438
2.8475823402404785 3.611294835829767 6.777797222137451 13.969066619873047
2.425612449645996 3.5498971449660814 7.571589946746826 17.801122665405273
11.618318557739258 14.698200045251838 4.2227606773376465 4.553277969360352
6.703418731689453 10.730209707947779 6.853304386138916 11.754132270812988
5.393311023712158 7.930221629632314 9.315777778625488 20.747432708740234
4.288339138031006 6.47263914641065 10.409353256225586 26.264833450317383
15.434937477111816 19.76579289811434 5.779489040374756 6.425413608551025
9.91339111328125 14.835142859995273 10.775569915771484 20.0076847076416
8.92341136932373 15.481671273356165 14.689340591430664 34.36079788208008
7.264084815979004 12.884818504403484 16.03827667236328 41.8702392578125
13.00098705291748 15.987602957844205 5.611609935760498 6.160764694213867
7.568995952606201 12.38931643451815 9.683362007141113 17.141597747802734
6.988593578338623 12.290565255914373 12.770328521728516 28.6695613861084
5.945724010467529 10.637390997635862 13.861356735229492 34.95507049560547
17.47920799255371 21.687552010056038 7.5017409324646 8.565577507019043
11.958883285522461 18.574026650449923 14.910419464111328 28.4517822265625
8.326372146606445 14.022781684067695 19.679412841796875 45.998355865478516
6.827142715454102 11.687807522573124 20.992082595825195 54.22280502319336
25.343894958496094 30.54651362360562 13.657135009765625 16.798002243041992
14.226175308227539 19.948732153939595 29.67643928527832 57.53911590576172
9.668373107910156 14.841203542389273 35.50303649902344 79.84847259521484
7.802725791931152 12.491362764953465 35.75629806518555 87.70249938964844
14.535301208496094 17.370210192125484 10.14686107635498 11.747612953186035
10.204318046569824 15.243744756394207 17.778837203979492 32.79644012451172
7.408469200134277 12.217182156768786 21.32716941833496 47.97818374633789
6.221556186676025 10.532446494919498 21.90239715576172 54.80415725708008
20.95804214477539 24.91768543098169 14.942190170288086 18.258285522460938
13.000226974487305 18.152818088690594 29.287700653076172 56.046390533447266
8.690985679626465 13.432174351581125 34.30181884765625 76.76910400390625
7.035642623901367 11.30187455389978 34.431758880615234 84.29634857177734
28.75621223449707 30.13156793429357 37.694366455078125 50.402503967285156
15.737815856933594 19.894590954333665 61.63125228881836 109.99591827392578
10.154260635375977 14.237839978169625 62.726314544677734 126.46304321289062
8.001901626586914 11.924113682120208 59.263668060302734 130.144287109375
13.281705856323242 13.976950755480175 16.43765640258789 25.262697219848633
10.038147926330566 13.914308603220888 28.81721305847168 52.56051254272461
7.603302955627441 11.809003633071143 30.259164810180664 65.95117950439453
6.298152923583984 10.245183226996232 29.478832244873047 71.4454116821289
19.714303970336914 20.583568945654065 27.361310958862305 39.77058029174805
13.408963203430176 17.594702849900678 46.396297454833984 84.79528045654297
8.92202377319336 13.013030378759538 48.4016227722168 102.06280517578125
7.141519069671631 11.005630819400722 46.47110366821289 107.30777740478516
25.850902557373047 25.995745365048663 75.82147216796875 105.41596984863281
16.52537727355957 19.570718666994253 90.5918960571289 149.17076110839844
10.515960693359375 14.008060068863415 85.2113037109375 157.7878875732422
8.157313346862793 11.604632004426094 78.07923889160156 157.9400177001953
8.861543655395508 11.303254373258369 3.4720280170440674 3.71407413482666
4.652493953704834 7.4066430159571155 5.0634565353393555 8.329998970031738
2.791289806365967 5.9366128112172305 6.50912618637085 14.006338119506836
2.0655264854431152 3.383442390386449 7.187010288238525 17.634653091430664
10.921667098999023 14.153846045295722 4.156008720397949 4.516563415527344
6.31052303314209 10.089812316643133 6.690981388092041 11.801006317138672
5.680720329284668 9.673394466959053 8.874149322509766 20.36147117614746
4.309497833251953 7.618818249971881 9.810656547546387 25.421772003173828
14.704422950744629 19.007830698350972 5.54792594909668 6.207254409790039
6.0279011726379395 8.75465710542963 10.197310447692871 19.382701873779297
8.46878719329834 15.25030483273008 13.6265230178833 32.76563262939453
6.962485313415527 12.943414236533084 14.8282470703125 39.69298553466797
12.000945091247559 15.228097661620495 5.77017068862915 6.383322238922119
7.546629428863525 12.078598263829008 9.622117042541504 17.575679779052734
6.626951217651367 12.449480058074187 12.201274871826172 28.43463897705078
3.961442470550537 7.171358947088322 13.019450187683105 34.083282470703125
16.743328094482422 20.93270744383662 7.553637504577637 8.655242919921875
11.458293914794922 18.469863635989213 14.50829792022705 28.265033721923828
8.254501342773438 14.60642679851366 18.482866287231445 44.359840393066406
6.649890422821045 12.186825544645083 19.48369598388672 51.557071685791016
23.937341690063477 28.62826362021997 12.465213775634766 15.297307968139648
13.301525115966797 19.207834713043088 26.84050750732422 53.33908462524414
9.395964622497559 14.984379892768004 32.07044982910156 74.45166015625
7.483133316040039 12.563954801017108 32.431793212890625 81.9168701171875
13.7141695022583 16.968688748273653 10.391880989074707 12.2692232131958
10.073266983032227 15.854446212629682 17.500640869140625 33.233680725097656
7.317836284637451 12.872938554336542 20.25981903076172 47.1146125793457
5.949822902679443 11.012387542319125 20.47053337097168 52.98171615600586
19.35472297668457 22.462373568315797 14.958024024963379 18.321733474731445
12.386465072631836 17.623986869415603 28.024860382080078 54.701866149902344
8.694632530212402 14.077284154287554 31.897480010986328 73.26546478271484
6.916845798492432 11.821456281906649 31.73067855834961 79.67659759521484
28.65743064880371 30.584387993708788 31.66914939880371 42.47548294067383
14.592552185058594 18.776141915058474 54.2564811706543 100.60550689697266
9.778273582458496 14.30072577490333 56.163063049316406 117.60337829589844
7.787539482116699 12.161140434250129 53.50093460083008 121.42558288574219
13.72081470489502 15.000365447255717 18.327102661132812 24.04168701171875
9.952797889709473 14.5016720886357 27.384986877441406 51.2330436706543
7.401512622833252 12.260665587606127 28.473634719848633 64.1037826538086
6.128191947937012 10.758588491975104 27.470048904418945 68.77371215820312
18.553735733032227 18.95137586051987 28.372404098510742 29.670759201049805
12.7825288772583 16.852948878928146 43.39040756225586 81.14559936523438
8.869897842407227 13.503394912353741 44.67357635498047 96.90955352783203
7.0815911293029785 11.559402817554883 42.701744079589844 101.27140045166016
27.238910675048828 27.484033506016488 64.51045227050781 91.87361907958984
15.377490997314453 18.53512230502929 79.74950408935547 137.47654724121094
9.988764762878418 13.889726277000591 76.3344955444336 147.42822265625
7.991015911102295 11.889156431381707 70.60554504394531 147.96092224121094
9.16293716430664 11.415831927687577 3.603898763656616 3.8180720806121826
5.390938758850098 9.002391092779362 5.202615737915039 8.441756248474121
2.5319600105285645 4.294455939148975 6.8381547927856445 14.723664283752441
2.7015299797058105 4.600684510131606 7.647335529327393 18.820253372192383
11.529458045959473 14.698686736294917 4.329679489135742 4.666998386383057
7.301107883453369 12.407028509572228 6.9466986656188965 12.20236587524414
5.55296516418457 9.913016939339116 9.488515853881836 21.9384822845459
4.2870893478393555 7.932423345305438 10.62898063659668 27.83243751525879
15.730535507202148 20.476962740373324 5.84527587890625 6.509026527404785
10.41737174987793 16.02622188609196 10.847698211669922 20.822946548461914
8.896272659301758 16.294326894349297 14.9388427734375 36.2955207824707
7.24437952041626 13.565226654573962 16.446537017822266 44.38218307495117
12.808917999267578 15.829805564008979 5.992247581481934 6.568314552307129
8.68916130065918 13.616786396592943 10.024547576904297 18.206623077392578
7.254939079284668 13.634638494363571 13.047789573669434 30.494709014892578
6.042916297912598 11.495040501458334 14.073758125305176 36.94576644897461
18.04728889465332 22.233362750104902 7.918786525726318 9.0458984375
12.137016296386719 19.36820515446925 15.471647262573242 30.36311912536621
8.761442184448242 15.397650923287074 20.260766983032227 48.79566192626953
7.039050579071045 12.723937975041501 21.51321029663086 57.19278335571289
26.891929626464844 31.99331679398665 14.105327606201172 17.453006744384766
14.289236068725586 20.752360401689245 30.235525131225586 60.64277648925781
9.9092378616333 15.959466335556726 36.03369140625 83.52970886230469
7.747302532196045 13.114683244037074 36.397220611572266 91.56881713867188
14.736391067504883 17.425720680629038 11.109370231628418 12.907220840454102
10.619257926940918 16.139792150960602 18.615375518798828 35.2775993347168
7.829883098602295 13.563357712410152 21.899065017700195 50.92958450317383
6.356832504272461 11.4069562301596 22.301942825317383 57.65916442871094
21.123559951782227 24.380923284786604 16.26462745666504 20.175065994262695
13.047950744628906 18.466697247629327 30.493799209594727 59.89749526977539
9.142752647399902 14.877012286164131 35.28153610229492 80.65094757080078
7.280622482299805 12.298037745386864 35.19683074951172 88.07221221923828
29.35064125061035 30.10892341381873 41.42158508300781 55.57020950317383
15.544015884399414 19.99641842415224 62.54890060424805 114.42981719970703
10.293776512145996 15.316205574704782 63.090538024902344 130.3763427734375
8.135393142700195 12.876367159441998 59.6167106628418 133.9380645751953
14.651017189025879 15.620394911045917 20.075267791748047 26.45586585998535
10.362752914428711 14.478824563299895 29.733613967895508 55.65164566040039
7.999000072479248 13.03785718407562 30.92352294921875 69.35289001464844
6.4859466552734375 11.173496806734875 29.98447036743164 74.688232421875
20.420570373535156 20.98614979342193 32.08977127075195 43.46186828613281
13.63223648071289 17.77822211286967 47.385833740234375 88.81673431396484
9.348633766174316 14.387819986513819 49.34059524536133 105.99229431152344
7.436194896697998 12.092720934590716 47.24600601196289 111.12272644042969
27.054153442382812 27.120780020870427 81.98584747314453 115.4920654296875
16.13846778869629 19.089315771124216 91.40984344482422 153.4940643310547
10.508843421936035 14.827679428725528 85.0828857421875 161.25881958007812
8.342841148376465 12.698411665527829 77.92926788330078 161.1436767578125
9.949605941772461 12.017545378221541 3.435047149658203 3.6099627017974854
5.793436527252197 9.97302978329313 4.877613067626953 7.570324897766113
3.6150784492492676 6.909898095273792 6.538992881774902 13.38858699798584
1.6921755075454712 2.790710204011141 7.462372779846191 17.54833221435547
11.684003829956055 14.545430218187562 4.110914707183838 4.383705139160156
7.487163543701172 12.40158395491494 6.431243896484375 10.770537376403809
5.266688823699951 9.68518489906819 8.955368041992188 19.789939880371094
3.8605175018310547 5.401389701917424 10.238594055175781 25.784603118896484
15.080845832824707 18.86065306036337 5.578496932983398 6.10874605178833
10.542011260986328 16.84411559244961 9.992762565612793 18.21177101135254
9.058151245117188 16.111717900439658 14.050423622131348 32.791805267333984
7.404999732971191 13.472701880417922 15.74441146850586 41.1878547668457
14.030790328979492 17.069103803634334 5.429564952850342 5.84761381149292
10.052698135375977 14.433479911578928 8.903328895568848 15.38622760772705
7.54411506652832 13.27139906325715 12.132216453552246 27.005016326904297
6.361510753631592 11.51072704830425 13.550761222839355 33.90093231201172
18.708417892456055 22.606866401174784 7.208476543426514 8.039734840393066
12.789643287658691 19.90776950446434 13.721169471740723 25.68526268005371
8.972715377807617 15.372359141492904 18.75245475769043 43.550201416015625
7.309847354888916 12.82853837122019 20.558244705200195 52.737186431884766
24.99917984008789 28.9885958456224 12.91464900970459 15.513670921325684
14.461481094360352 20.300592359195548 27.42535400390625 53.05070877075195
9.904702186584473 15.466619180791781 33.940040588378906 76.52919006347656
7.943199157714844 12.898700093232389 35.02428436279297 85.84770202636719
15.861387252807617 19.219129871623863 8.99605941772461 10.027705192565918
11.639232635498047 17.30603182298489 15.848299980163574 28.88945198059082
8.256793022155762 13.581946950853194 20.079805374145508 45.01457595825195
6.795577526092529 11.486531090868425 21.3321590423584 52.88740539550781
21.699689865112305 25.331345753214535 13.534197807312012 16.00514793395996
13.969963073730469 19.44089479312504 26.869064331054688 51.04060363769531
9.485587120056152 14.808375236631036 32.703948974609375 73.03622436523438
7.599338054656982 12.411944718986888 33.72641372680664 82.01826477050781
28.8310546875 29.888897290121008 35.038150787353516 45.82999801635742
16.17737579345703 20.12129605091036 58.13772201538086 104.1921157836914
10.491077423095703 14.780534444366822 60.60759353637695 122.66345977783203
8.294652938842773 12.485974747072774 58.209537506103516 127.57986450195312
16.233566284179688 18.181335000665683 16.169567108154297 18.53404998779297
11.520387649536133 15.855497855583963 24.96122932434082 45.46370315551758
8.486309051513672 13.150907348303008 28.366710662841797 61.83377456665039
6.964347839355469 11.285223202961646 28.675397872924805 68.88855743408203
21.833290100097656 23.07221457759754 26.09272575378418 32.278480529785156
14.430740356445312 18.668610289583 42.52556228637695 77.80439758300781
9.781794548034668 14.36499802190086 46.24187088012695 97.588623046875
7.771787166595459 12.105183820560772 45.54935073852539 104.51235961914062
27.2819766998291 27.391147551891436 72.03990936279297 98.72380828857422
17.220609664916992 19.73734385199467 86.67155456542969 143.33816528320312
10.833183288574219 14.400642325152845 83.02076721191406 154.2266845703125
8.51766586303711 12.228253737843715 76.96083068847656 155.29843139648438
8.660743713378906 11.21747965423566 3.40226411819458 3.6055076122283936
4.243956565856934 7.252414638959506 4.910135269165039 7.694053649902344
4.039092540740967 7.538956004776992 6.458409309387207 13.139097213745117
1.947285771369934 3.025526090340337 7.268640518188477 16.938047409057617
10.836077690124512 13.923331060151703 4.06096887588501 4.368005752563477
7.667360305786133 11.89124631749705 6.427165985107422 10.840628623962402
5.266906261444092 8.694618105453923 8.773215293884277 19.247575759887695
4.025822639465332 5.813213791519956 9.903843879699707 24.724918365478516
14.856805801391602 18.997390449424216 5.391392230987549 5.9579339027404785
10.804661750793457 16.64246854256419 9.765907287597656 17.951383590698242
8.938596725463867 16.270622382866662 13.558792114257812 31.60843276977539
7.460030555725098 13.752590354235515 15.071503639221191 39.24633026123047
12.030885696411133 15.647993514863714 5.490084171295166 5.961400032043457
7.589159965515137 13.22665588466705 9.079508781433105 15.649227142333984
5.470246315002441 10.202316272429506 12.102777481079102 26.65240478515625
5.641536235809326 10.674201522925614 13.286197662353516 33.030418395996094
16.92173957824707 21.217601158596153 7.156904220581055 8.038121223449707
11.792214393615723 19.38345419286634 13.665420532226562 25.4798526763916
8.6659574508667 15.514386076706614 18.42188262939453 42.33927536010742
7.210243225097656 12.997118826288784 19.95875358581543 50.89714050292969
24.912267684936523 29.568932833197692 11.865516662597656 14.243569374084473
14.260723114013672 20.78472806955233 25.995763778686523 50.57188034057617
9.907073020935059 16.16863806469479 32.674007415771484 73.7955322265625
8.009749412536621 13.336301749098084 33.73103713989258 82.54679870605469
13.80301284790039 17.338478601903716 9.626575469970703 10.843803405761719
10.368245124816895 16.499335210937716 16.75309181213379 29.90902328491211
7.724796772003174 13.629320682482216 20.420028686523438 45.03102111816406
6.509810447692871 11.592516860487876 21.22064971923828 52.24296188354492
19.63291358947754 22.82854231675867 13.769375801086426 16.423601150512695
12.955290794372559 18.460168512355338 27.161842346191406 50.7321662902832
9.167472839355469 15.020410969970072 32.50090408325195 71.47918701171875
7.510456562042236 12.73988972403913 33.11952590942383 79.88069152832031
29.172239303588867 30.778922160615366 30.741670608520508 40.03514862060547
16.039752960205078 20.416671650875287 55.2412109375 99.48075103759766
10.52526569366455 15.553313625679039 58.72057342529297 119.10840606689453
8.355769157409668 13.048999652829934 56.68217849731445 124.035888671875
10.131302833557129 10.587494295523527 17.19884490966797 21.173519134521484
9.781441688537598 14.294048988111172 27.197391510009766 48.31492233276367
7.827291965484619 13.039570114378876 29.422624588012695 62.650001525878906
6.627912998199463 11.412868500440752 28.918752670288086 68.77410888671875
18.5397891998291 19.422181604871753 27.64532470703125 35.497982025146484
13.18759536743164 17.116372407509516 43.70012283325195 78.29682159423828
9.429192543029785 14.443729929327663 46.511009216308594 96.21539306640625
7.671871185302734 12.487237214834153 45.211341857910156 102.53294372558594
26.963247299194336 27.144679336064826 66.88471984863281 92.34779357910156
16.8157901763916 19.604893345958097 83.73584747314453 138.90579223632812
10.92132568359375 15.092030150016171 80.96694946289062 150.66769409179688
8.574045181274414 12.852105607531518 75.43596649169922 151.86184692382812
8.733343124389648 10.5497856683196 3.4429800510406494 3.670660972595215
5.349260330200195 8.064832606221898 5.025954723358154 8.114081382751465
2.4327661991119385 3.8713849937717377 6.612163066864014 13.903139114379883
2.76263165473938 4.487465914774248 7.4290313720703125 17.747997283935547
10.752296447753906 13.310638089826284 4.111742973327637 4.452478885650635
7.520231246948242 10.81090131307002 6.604528903961182 11.403299331665039
4.894713401794434 8.962706362888412 8.942831993103027 20.019556045532227
4.184161186218262 7.2623822300888605 10.048511505126953 25.399961471557617
14.880494117736816 18.692261241865253 5.491312503814697 6.101034641265869
10.108074188232422 15.89321925106799 10.068804740905762 18.677270889282227
8.738724708557129 15.683545075494797 13.74183177947998 32.18528747558594
7.350242614746094 13.795397404409584 15.181154251098633 39.607181549072266
11.765464782714844 14.193435619958173 5.5485944747924805 6.107405185699463
7.31140661239624 11.841194763256453 9.362455368041992 16.76129722595215
5.7029290199279785 8.912952934020268 12.367960929870605 28.06330680847168
5.360358715057373 9.654146301342735 13.557511329650879 34.276092529296875
16.481021881103516 20.05623894129465 7.2174811363220215 8.238178253173828
11.394619941711426 18.291605045587858 14.12759780883789 27.017444610595703
8.524718284606934 15.137002204856401 18.713420867919922 43.78052520751953
7.05977725982666 12.917217109448323 20.160629272460938 51.83028793334961
24.811241149902344 29.426812472701442 12.140302658081055 14.715027809143066
13.910613059997559 20.054495846982036 26.81636619567871 52.28750991821289
9.823514938354492 16.02624970166059 32.94536590576172 74.52924346923828
7.940003871917725 13.520725924609735 33.714263916015625 83.04424285888672
13.247174263000488 15.517304763437096 9.709498405456543 11.067039489746094
9.252655029296875 14.236298129049146 16.848106384277344 31.413005828857422
7.379745006561279 12.606817524998405 20.524398803710938 46.640586853027344
6.150559425354004 10.960408651030015 21.460695266723633 53.57738494873047
19.8111629486084 22.874913372490774 13.868507385253906 16.75916862487793
12.338753700256348 17.400742711603243 27.396690368652344 52.7421760559082
8.990129470825195 14.391403942176808 32.56503677368164 73.0967788696289
7.357251167297363 12.535207040707974 33.1292724609375 80.7971420288086
29.03644371032715 30.605889613323 32.319557189941406 41.73384094238281
15.178836822509766 19.425668662895923 55.653079986572266 100.91535949707031
10.382753372192383 15.15420313538334 58.65150833129883 119.215576171875
8.234177589416504 13.06763147349902 56.25150680541992 124.08889770507812
12.97688102722168 13.786313834160428 18.111133575439453 21.89313316345215
8.918157577514648 12.630635328999233 26.509231567382812 49.13496398925781
7.396614074707031 11.830533727217016 28.836450576782227 63.76252746582031
6.284394264221191 10.629345584621433 28.88895606994629 69.87680053710938
19.70636749267578 20.520227751035236 27.74320411682129 35.698482513427734
12.665261268615723 16.506665129548992 42.961002349853516 79.49152374267578
9.166260719299316 13.659305979592773 45.863704681396484 97.43773651123047
7.534809112548828 12.19152053756548 44.76264190673828 103.20564270019531
26.567733764648438 26.69987815569317 69.78515625 94.40919494628906
15.8381986618042 18.71609267445892 83.09217071533203 139.37904357910156
10.709634780883789 14.532292625482114 80.27685546875 150.29039001464844
8.392338752746582 12.656753982918644 74.6203842163086 151.53524780273438
9.25269603729248 12.014798019450573 3.526989698410034 3.780871868133545
6.3191447257995605 10.485591369668924 5.260413646697998 8.669809341430664
3.5351736545562744 6.070376112139428 6.778280735015869 14.64440631866455
2.5413222312927246 4.8461335342326795 7.4369964599609375 18.331884384155273
11.358342170715332 14.842723931571644 4.221445560455322 4.60067081451416
6.827776908874512 10.961445833915462 6.934146404266357 12.29931640625
5.169527530670166 7.6047583712524585 9.224350929260254 21.391874313354492
3.5423810482025146 5.906690899224941 10.135777473449707 26.657812118530273
15.719475746154785 20.68260173557124 5.692238807678223 6.401288986206055
9.71117877960205 15.035934262884439 10.617623329162598 20.39961051940918
8.773305892944336 16.279302621001136 14.189375877380371 34.56365966796875
7.268802165985107 13.535536989890602 15.350016593933105 41.73249435424805
12.475118637084961 16.141286740486976 5.8389811515808105 6.461967468261719
7.873568534851074 14.376921885225329 9.99100112915039 18.055145263671875
7.04742431640625 13.115677391780764 12.73624038696289 29.43833351135254
5.945440769195557 11.38676784072564 13.523849487304688 35.17774963378906
17.342741012573242 22.166574143366688 7.7031025886535645 8.850374221801758
12.071737289428711 19.76911799632154 15.088732719421387 29.1447811126709
8.686470985412598 15.561365124906388 19.288597106933594 46.11012268066406
7.111871719360352 13.0022600502474 20.22245216369629 53.63872146606445
25.379484176635742 30.64427994714788 13.361035346984863 16.55026626586914
14.562450408935547 20.772246998010758 28.632797241210938 56.509246826171875
9.926538467407227 16.114379256779586 33.62760925292969 77.88773345947266
7.994832992553711 13.559626148645167 33.712066650390625 85.25955200195312
14.110515594482422 17.537827620255598 10.65261459350586 12.283435821533203
10.308943748474121 16.168102787170596 18.228609085083008 33.87065887451172
7.6963114738464355 13.417925909188966 21.16002082824707 48.42514419555664
6.333078384399414 11.507610579508764 21.341543197631836 54.497982025146484
20.19440269470215 23.936520725133704 15.566192626953125 19.060302734375
13.215567588806152 19.00128533732186 29.552841186523438 56.44060134887695
9.283270835876465 15.194986470658932 33.454463958740234 75.7755355834961
7.520627021789551 12.916544996095126 33.083160400390625 82.46622467041016
29.062522888183594 30.417984741915006 36.22169494628906 48.27471160888672
16.2696533203125 20.232153487599135 59.070579528808594 106.96804809570312
10.668832778930664 15.517532239942682 59.36328125 122.63760375976562
8.457621574401855 13.347502134427145 55.8447151184082 125.88665771484375
13.50271987915039 14.542180590790322 18.35860824584961 23.874149322509766
10.191272735595703 14.413824928362374 28.810213088989258 52.73586654663086
7.868741989135742 12.9143651301938 29.79859161376953 65.74439239501953
6.467471122741699 11.191577868459152 28.728240966796875 70.65555572509766
19.467214584350586 20.33857637154665 29.646774291992188 39.27131271362305
13.57376766204834 18.013818393561067 46.40544891357422 84.55641174316406
9.709155082702637 14.865074424724298 47.137657165527344 100.2919692993164
7.725252628326416 12.737047000177654 44.694339752197266 104.58184814453125
26.580102920532227 26.670284637533314 74.4635238647461 101.20767974853516
17.222103118896484 19.869788487794494 86.69900512695312 145.08236694335938
11.124164581298828 15.056857234346694 80.98131561279297 153.36448669433594
8.69968318939209 13.092183288482904 73.89179992675781 152.98548889160156
9.597819328308105 12.01114586417134 3.499971866607666 3.7482857704162598
6.039267539978027 10.150042806329907 5.129147529602051 8.43470573425293
3.120351791381836 4.959515848357839 6.598463535308838 13.947075843811035
2.649871349334717 4.633004561018879 7.262040138244629 17.381776809692383
11.466987609863281 14.820031560285145 4.177458763122559 4.549585819244385
6.236088752746582 10.643584163230116 6.757610321044922 12.006534576416016
4.636458396911621 7.896230489281606 8.955726623535156 20.46259117126465
4.579516410827637 6.158342265294317 9.874091148376465 25.361154556274414
15.022255897521973 19.70063810199821 5.554553031921387 6.22772216796875
9.994362831115723 15.471823557765788 10.305914878845215 19.75371742248535
8.721610069274902 15.5761017722254 13.788743019104004 33.08279037475586
7.414694309234619 13.322817299309463 14.983436584472656 39.8476448059082
12.886999130249023 16.151221876440104 5.921624660491943 6.5365753173828125
7.539851665496826 13.133959400594676 10.08683967590332 18.149578094482422
7.186657428741455 12.865300439276325 12.819849014282227 29.032215118408203
6.326164722442627 11.105614196250443 13.592129707336426 34.46567916870117
17.615306854248047 22.034147394091935 7.700871467590332 8.830077171325684
11.686604499816895 18.87249141969633 15.175321578979492 29.367708206176758
8.685688972473145 14.753776858629976 19.354379653930664 45.77722930908203
7.275209903717041 12.438209619979078 20.29580307006836 52.94953918457031
24.69247817993164 29.59919679207934 12.694223403930664 15.609631538391113
13.531330108642578 19.378732559855052 28.012435913085938 55.478790283203125
9.556709289550781 14.906749369141721 33.54645919799805 76.84337615966797
7.879863262176514 12.62526878418521 33.799163818359375 84.1004638671875
14.49989128112793 17.84262027655845 11.088577270507812 12.729573249816895
9.997716903686523 15.27807275214127 18.983856201171875 34.96590805053711
7.928552627563477 13.134696795660432 22.005624771118164 49.21306610107422
6.737168312072754 11.140630938830327 22.058069229125977 54.87567901611328
20.03737449645996 23.43657057327033 15.657549858093262 19.197999954223633
12.466546058654785 17.631663439458862 30.162322998046875 57.56985092163086
9.108887672424316 14.1579378196991 34.30742263793945 76.974365234375
7.551266193389893 12.119921427141549 33.92945098876953 83.34065246582031
29.02264404296875 30.355806859653285 33.07719421386719 44.129425048828125
15.076656341552734 18.808178507495654 57.727664947509766 105.4081802368164
10.086031913757324 14.132912719409433 59.704872131347656 122.5855712890625
8.14036750793457 12.050068994008075 56.64448547363281 125.96231842041016
13.024389266967773 13.742786597227024 22.546022415161133 29.58953285217285
9.910499572753906 13.892199487428897 30.085512161254883 54.49165725708008
8.042933464050293 12.677851782617381 31.396570205688477 67.45894622802734
6.880608558654785 10.96948175649004 30.13004493713379 71.95057678222656
17.909801483154297 18.31435604874423 32.975040435791016 42.91635513305664
12.902994155883789 16.770606393707567 46.9890022277832 85.40702056884766
9.301580429077148 13.61847820901297 48.4791145324707 102.15980529785156
7.691937446594238 11.852930373943082 46.14524841308594 106.45402526855469
27.313232421875 27.425587065864818 71.765380859375 97.41442108154297
16.015153884887695 18.512409800700482 85.21195983886719 143.6618194580078
10.434432029724121 13.725386206625345 81.38351440429688 153.6530303955078
8.26209545135498 11.651462240214926 75.02972412109375 153.6748046875
9.590936660766602 12.077521671884554 3.5118215084075928 3.7527012825012207
6.201491355895996 10.698048000060794 5.2178568840026855 8.447186470031738
3.369692087173462 5.792342101635768 6.654879570007324 13.993424415588379
2.5600521564483643 4.589272780562055 7.265309810638428 17.589906692504883
11.104752540588379 14.14843275665459 4.223461151123047 4.598915100097656
5.9753828048706055 9.192031852717662 6.887172222137451 11.973782539367676
4.366868019104004 6.204041022700693 9.00436019897461 20.303619384765625
3.659785032272339 6.812641975578906 9.828421592712402 25.35378074645996
14.661152839660645 18.604934625092298 5.686749458312988 6.398814678192139
8.532913208007812 13.302620573581066 10.50071907043457 19.711511611938477
8.495522499084473 15.448123997990285 13.77303409576416 32.69789123535156
6.978068828582764 12.810171485891424 14.794297218322754 39.62710952758789
13.016108512878418 16.40041767946309 5.609234809875488 6.172735691070557
6.761377334594727 11.499802255555192 9.593755722045898 17.11565399169922
5.623354911804199 9.608863707297772 12.244100570678711 27.831958770751953
4.342894554138184 7.316933844827872 12.980048179626465 33.51158905029297
17.335229873657227 21.513729603990726 7.398217678070068 8.478636741638184
11.712900161743164 19.079779028239045 14.520659446716309 27.69430160522461
8.513330459594727 14.811549770883744 18.57303810119629 43.69716262817383
6.789506435394287 12.155932877973274 19.420047760009766 51.175106048583984
24.16599464416504 28.983104125965838 12.49107837677002 15.486859321594238
13.472718238830566 20.014428382500057 26.881391525268555 52.881752014160156
9.426802635192871 15.212664162918372 32.33126449584961 74.24006652832031
7.50541877746582 12.429996438205649 32.4670295715332 82.01481628417969
14.75581169128418 18.328933775278585 9.28055191040039 10.589938163757324
10.456891059875488 16.34612131080847 16.72513198852539 31.071544647216797
7.879666805267334 13.284353755638449 20.03118133544922 45.722938537597656
6.288357257843018 10.777630422784739 20.256471633911133 51.87981414794922
20.400821685791016 24.42310315491494 13.472136497497559 16.34894371032715
12.645956039428711 18.304541625928337 27.313657760620117 52.354644775390625
8.990524291992188 14.291034573764534 31.995765686035156 72.19120788574219
7.11667013168335 11.83538528490397 31.745092391967773 79.296630859375
28.776674270629883 31.048419633729736 31.035982131958008 41.54844284057617
14.903534889221191 19.496348776767718 53.8937873840332 99.28303527832031
10.033349990844727 14.716614199397554 56.95381164550781 118.04447937011719
7.878687381744385 12.108195481620461 53.95917892456055 122.42936706542969
14.924116134643555 17.081262547652234 14.973873138427734 17.8686466217041
10.328417778015137 15.148198686901782 25.315271377563477 46.86027908325195
8.063861846923828 12.946899648335261 27.9210262298584 62.07246780395508
6.42946195602417 10.61071292373829 27.12055778503418 67.3547134399414
20.722320556640625 22.821041952503492 23.639692306518555 30.086774826049805
12.943343162536621 17.460622652557277 41.70809555053711 77.24590301513672
9.252239227294922 13.909776196103394 44.88217544555664 95.81026458740234
7.334451675415039 11.583088928832126 42.9356803894043 101.17675018310547
26.61277198791504 26.83495974685445 64.42855072021484 88.58740997314453
15.732939720153809 18.890363187237227 80.16175842285156 136.86843872070312
10.370744705200195 14.27988705636551 77.94825744628906 148.81851196289062
8.109268188476562 11.937573800353874 71.65486145019531 149.83673095703125
8.368595123291016 10.28654554386965 3.3927996158599854 3.5990748405456543
5.902477741241455 10.26353076918167 4.947760581970215 8.010287284851074
2.725567102432251 4.836242766283249 6.487729072570801 13.715923309326172
2.6908395290374756 4.407498868489064 7.246138095855713 17.291976928710938
10.572990417480469 13.292822119439109 4.037522792816162 4.35110330581665
5.970515251159668 7.247042404671447 6.465182304382324 11.225518226623535
5.051278591156006 9.28104484538871 8.710509300231934 19.739274978637695
3.3582470417022705 6.1154843771507785 9.71324348449707 24.80973243713379
14.737163543701172 18.83947790121374 5.357686996459961 5.942362308502197
9.612780570983887 14.329740094999352 9.754432678222656 18.279348373413086
8.849937438964844 16.00589484118609 13.247589111328125 31.576948165893555
7.439608097076416 13.704042328610228 14.498018264770508 38.54829788208008
11.52905559539795 14.150335566884586 5.439990520477295 5.974267482757568
6.4313812255859375 11.185609074869262 9.197976112365723 16.575294494628906
5.172967910766602 9.316659897264003 12.073866844177246 27.74188232421875
4.505893707275391 8.300717884709456 13.139162063598633 33.501102447509766
16.10298728942871 19.97641468773986 7.0947723388671875 8.071538925170898
11.422057151794434 18.662925297092897 13.722391128540039 26.465877532958984
8.514104843139648 14.984577899495227 18.027612686157227 42.82966613769531
7.155594825744629 12.759561898906217 19.281545639038086 50.42815399169922
24.03709602355957 28.870874776544497 11.922088623046875 14.470471382141113
14.070571899414062 20.425321611197674 25.576860427856445 50.403717041015625
9.817678451538086 15.781005840843257 31.293088912963867 72.11624908447266
8.088770866394043 13.45635301528612 31.892499923706055 80.0059585571289
13.217674255371094 16.057829437916553 8.90299129486084 10.284540176391602
9.82797908782959 15.396430769037124 16.1864070892334 30.60211753845215
7.275191783905029 12.668499509516096 19.78855323791504 45.895755767822266
6.00301456451416 10.701342172558128 20.5792236328125 52.28746032714844
19.86857795715332 23.400589264007436 12.842918395996094 15.633071899414062
12.411372184753418 17.885031268929993 26.091703414916992 51.09830856323242
8.902291297912598 14.297508665937894 31.006444931030273 71.18598937988281
7.389410972595215 12.320332090061129 31.44407081604004 78.40796661376953
28.885971069335938 30.63320334742457 29.983203887939453 39.23040771484375
15.532027244567871 19.904783855712687 52.79756164550781 97.210205078125
10.300556182861328 15.009251879783378 55.41982650756836 115.27556610107422
8.369626998901367 12.918323330625526 53.04104232788086 119.64165496826172
13.849016189575195 15.69455804165429 14.256657600402832 17.494924545288086
9.854875564575195 14.205333372719906 24.5223331451416 46.4671630859375
7.420902729034424 12.139564238413357 27.46273422241211 62.37040710449219
6.050728797912598 10.374426138064493 27.445100784301758 68.01410675048828
20.57240867614746 22.073275929641 22.285991668701172 28.978315353393555
12.998983383178711 17.308501389643425 40.01287841796875 76.18417358398438
9.109103202819824 13.70709008472295 43.3564453125 94.83145141601562
7.484583377838135 11.916460443866438 42.31235122680664 100.15595245361328
27.53575897216797 27.701385487430443 63.694793701171875 87.29782104492188
16.327896118164062 19.299177728352788 78.92498779296875 135.0478515625
10.642175674438477 14.616615314329884 75.99434661865234 145.73606872558594
8.497771263122559 12.520360768698993 70.39281463623047 146.61038208007812
8.501789093017578 10.31548048687091 3.5002853870391846 3.751319408416748
6.212989807128906 9.92718058148074 5.127687454223633 8.449295043945312
3.7438552379608154 6.1295613822831 6.599067687988281 14.222578048706055
2.368018865585327 5.268808030435679 7.267035961151123 17.978727340698242
10.715643882751465 13.32211245075796 4.150371074676514 4.522799968719482
6.865367889404297 10.197732530839943 6.701382160186768 11.876435279846191
4.856974124908447 6.328238563692052 8.903432846069336 20.598838806152344
3.728250741958618 5.92248862095484 9.810039520263672 25.81241226196289
14.812240600585938 18.515594492566017 5.466104507446289 6.115069389343262
9.868670463562012 15.36806157409422 10.047074317932129 19.141860961914062
8.618308067321777 15.171780328368857 13.490570068359375 32.737491607666016
7.165205001831055 12.94482002107685 14.626840591430664 39.765933990478516
11.59352970123291 14.04167616693195 5.879885196685791 6.495070457458496
6.436183452606201 11.029509643502507 9.729986190795898 17.693849563598633
6.56789493560791 12.093150453786365 12.356928825378418 28.83567237854004
5.35751485824585 10.120968272368486 13.144323348999023 34.6859016418457
16.398679733276367 19.96061456504998 7.559982776641846 8.675054550170898
11.7484712600708 18.54242268326373 14.468159675598145 28.162572860717773
8.484189987182617 14.637173603634892 18.593250274658203 44.866661071777344
6.745278835296631 11.982098236557249 19.49947738647461 52.29194641113281
24.984336853027344 29.15501087648545 12.389002799987793 15.112053871154785
14.234978675842285 19.83377459999042 26.644418716430664 52.82400131225586
9.751447677612305 15.122088102740562 32.003501892089844 74.7856674194336
7.663592338562012 12.446575409155969 32.096649169921875 82.20741271972656
13.173029899597168 15.41205599515493 11.332576751708984 13.063148498535156
9.769290924072266 14.796088383369238 17.870716094970703 33.28013229370117
7.500543117523193 12.680892802589142 20.468416213989258 47.67137908935547
5.963726043701172 10.594676745203287 20.62568473815918 53.928466796875
19.45543098449707 22.39078874568895 15.769559860229492 19.202577590942383
12.631224632263184 18.071227336010537 28.112533569335938 54.331119537353516
8.99328899383545 14.202384722197735 32.236297607421875 74.16116333007812
7.022699356079102 11.666089213424783 31.885961532592773 80.9581527709961
29.216552734375 30.414650219559917 32.87630081176758 43.3697624206543
16.177032470703125 20.202597331152248 55.385536193847656 101.34062194824219
10.559089660644531 14.815427557285602 56.96304702758789 119.25065612792969
8.051958084106445 12.113514146313491 53.44426345825195 122.76725769042969
12.068629264831543 12.582942254709707 15.768799781799316 26.140275955200195
9.459120750427246 13.296065155737946 28.780643463134766 52.673423767089844
7.6760783195495605 12.245123933806099 28.839872360229492 64.73165893554688
6.111937999725342 10.355541672110121 27.641462326049805 69.99040985107422
17.48398780822754 17.87005572577209 25.09122657775879 33.10068893432617
13.049498558044434 17.365309715776462 44.3735466003418 81.56576538085938
9.256987571716309 13.840989982376414 45.36806106567383 98.11400604248047
7.209614276885986 11.440506568623732 43.069252014160156 103.0027847290039
27.19324493408203 27.302858852675254 68.39849853515625 94.9025650024414
17.258657455444336 20.21065640271263 82.97466278076172 140.13449096679688
10.971039772033691 14.588732797434659 78.41993713378906 150.29212951660156
8.322916984558105 11.941574671779762 71.11222839355469 150.2767791748047
8.929656982421875 10.529646427704556 3.4149277210235596 3.624580144882202
6.3075480461120605 10.295778223415255 4.889530658721924 7.746273517608643
4.251382827758789 6.611826100654298 6.425905227661133 13.114194869995117
3.0533547401428223 3.9266148798859035 7.2458343505859375 16.808956146240234
11.08025074005127 13.502423755179507 4.116891860961914 4.4264116287231445
7.077759265899658 11.537742096027614 6.491075038909912 10.953072547912598
4.794898509979248 7.4220320867385965 8.84130573272705 19.295263290405273
3.229494333267212 6.087648515028889 9.983062744140625 24.698694229125977
14.978282928466797 18.58608582374993 5.652342796325684 6.2194085121154785
10.847513198852539 14.522821229366485 10.187832832336426 18.463302612304688
8.970233917236328 16.234450413999106 14.025626182556152 32.10250473022461
7.433403015136719 13.80568545440309 15.532934188842773 39.73484802246094
12.335813522338867 14.475709681878016 5.4508514404296875 5.981541156768799
9.00454044342041 13.466579727723001 8.999654769897461 15.994253158569336
6.10794734954834 10.926688551778625 11.90624713897705 26.702856063842773
6.07194185256958 10.960828439241109 13.143255233764648 32.86533737182617
16.958608627319336 20.323680020560005 7.242830276489258 8.188675880432129
12.232906341552734 18.710341985198855 13.879465103149414 26.137067794799805
8.935955047607422 15.090337259764397 18.572927474975586 42.788299560546875
7.355541229248047 12.943902519985159 20.15752601623535 51.20925521850586
25.08867835998535 28.889764479269047 12.719671249389648 15.284384727478027
14.063858032226562 19.31157363874331 27.842008590698242 53.25211715698242
10.082025527954102 15.457540440011002 34.40532684326172 76.08434295654297
8.090765953063965 13.344608200902712 35.33030700683594 84.72584533691406
14.268350601196289 16.47861697548251 9.646989822387695 11.112274169921875
10.84422492980957 15.723715463641838 16.262279510498047 30.352691650390625
7.908029556274414 13.135680344796697 19.69101905822754 44.73573303222656
6.6977925300598145 11.435870225459553 20.698787689208984 51.75215148925781
20.826858520507812 23.797659295468776 13.910722732543945 16.930683135986328
13.288673400878906 18.22153015645381 27.08277702331543 51.81889724731445
9.529191017150879 14.534699229320381 32.49274444580078 72.2422866821289
7.749635219573975 12.63349649558559 33.299591064453125 80.4717788696289
29.09407615661621 30.355735553724088 33.11029052734375 43.51161575317383
15.52387809753418 19.23819764553714 57.60554885864258 103.15225982666016
10.65313720703125 14.716445612355074 61.668174743652344 122.55155181884766
8.51517105102539 12.783614833041302 59.48296356201172 127.3358383178711
13.681695938110352 14.27324109328248 14.22628116607666 22.90736198425293
10.598148345947266 14.216439155194394 26.311784744262695 48.556766510009766
8.011242866516113 12.517428855148864 27.814241409301758 61.58968734741211
6.816065311431885 11.145589981266426 27.84494972229004 67.79031372070312
20.349388122558594 20.801498687496064 23.044082641601562 33.05175018310547
13.60323429107666 17.330147957908935 43.01533508300781 79.33233642578125
9.788081169128418 13.990534380157555 46.04338836669922 97.09420013427734
7.9816131591796875 12.37217171703594 45.22628402709961 103.28007507324219
26.622661590576172 26.7336787158564 68.92880249023438 95.1128158569336
16.322216033935547 18.891093788426588 84.72972869873047 141.2921142578125
10.99472427368164 14.442391570793461 84.1673812866211 154.2430877685547
8.753713607788086 12.468596911326593 78.9278793334961 155.55078125
8.943470001220703 10.911240732570263 3.571786880493164 3.771282434463501
4.2508039474487305 7.2118381478149445 5.078632831573486 7.962021350860596
2.3631505966186523 4.458318940208173 6.549901008605957 13.437101364135742
2.8132073879241943 4.892738854003994 7.2818169593811035 17.139820098876953
11.213558197021484 13.955916004381509 4.231997489929199 4.533438682556152
6.396356582641602 11.768629074914742 6.537479877471924 11.0350923538208
6.2168192863464355 9.953992185232437 8.769034385681152 19.340171813964844
5.051114082336426 8.422423524580779 9.828064918518066 24.691370010375977
15.552233695983887 19.37143336919575 5.583216667175293 6.115108013153076
8.912270545959473 13.33755234778458 9.706737518310547 17.668092727661133
9.281892776489258 16.966160727893204 13.341999053955078 30.955669403076172
7.596807956695557 14.23119623036149 14.850988388061523 38.61849594116211
11.868288040161133 14.504819653680897 6.206256866455078 6.76364803314209
9.263327598571777 15.518957586637896 9.993264198303223 17.25693130493164
7.319883346557617 13.349697870366647 12.678679466247559 28.020944595336914
6.174217224121094 11.834115228835799 13.56084156036377 33.924015045166016
17.04349136352539 20.51814794148089 7.991192817687988 8.999180793762207
12.596226692199707 20.04353086709216 14.600082397460938 27.148649215698242
9.00635051727295 15.794510862975585 18.890356063842773 43.46711349487305
7.197837829589844 13.11878811474213 20.160303115844727 51.54450988769531
26.01106071472168 30.053200962988512 13.08348560333252 15.546436309814453
15.335960388183594 21.51489422352688 26.683889389038086 51.1215934753418
10.485129356384277 16.57745365795204 32.707672119140625 73.48795318603516
8.2960844039917 13.885302173497394 33.68526077270508 82.32282257080078
13.567934036254883 15.951197633689617 10.778883934020996 12.660723686218262
10.057339668273926 15.981882744000814 18.73123550415039 33.834590911865234
7.822965621948242 13.557539579235169 21.85556411743164 47.997413635253906
6.4753313064575195 11.559788403207923 22.059837341308594 54.20097732543945
20.039228439331055 22.760428936869516 15.364226341247559 18.959156036376953
13.364434242248535 18.793617781419037 29.18042755126953 54.645164489746094
9.631819725036621 15.31649514347157 33.75140380859375 74.08767700195312
7.5465006828308105 12.72072111321819 33.84394073486328 81.6133041381836
29.28506088256836 30.18073783855334 33.86174011230469 44.1682243347168
16.93047332763672 21.04255124735846 56.60728073120117 101.02835845947266
11.144360542297363 15.936768900797233 59.195011138916016 119.74347686767578
8.701587677001953 13.418506586212061 56.91838455200195 124.56892395019531
13.550008773803711 14.659540543548834 17.377897262573242 23.709379196166992
9.506988525390625 13.745430501105147 28.993995666503906 52.91975784301758
7.846718788146973 12.817352375085648 31.341398239135742 66.57978057861328
6.516664505004883 11.103422098463739 30.291227340698242 71.51041412353516
19.659029006958008 20.346652527698325 27.021451950073242 37.45343017578125
13.595902442932129 17.677027874093724 45.23881530761719 82.22858428955078
9.950067520141602 14.88318462832791 48.10765075683594 99.48345184326172
7.729920387268066 12.388661981456499 46.30226135253906 104.92131805419922
27.19264030456543 27.36588346044136 70.71305847167969 95.17143249511719
17.8209228515625 20.5445885369827 84.33213806152344 139.97134399414062
11.581744194030762 15.64676134585185 81.5135498046875 151.6555938720703
8.901562690734863 13.061785604213702 75.82487487792969 152.92991638183594
9.198906898498535 11.967691478053482 3.513462781906128 3.8034496307373047
6.165809154510498 10.698601247357717 5.2451653480529785 8.834826469421387
3.4667396545410156 5.81562807030956 6.761513710021973 14.663965225219727
2.592557191848755 4.297275889355205 7.449763774871826 18.307126998901367
11.346763610839844 15.173917125777734 4.19380521774292 4.629826068878174
6.133647918701172 9.80421973088039 6.893019676208496 12.566025733947754
5.719780445098877 9.777507725623458 9.143595695495605 21.37765121459961
4.532723903656006 7.463963488005675 10.082021713256836 26.510452270507812
15.308659553527832 20.672957318881693 5.614348411560059 6.409964084625244
9.894469261169434 16.872168136200344 10.544306755065918 20.790790557861328
8.857125282287598 16.45455588655605 14.100172996520996 34.57533264160156
7.273882865905762 13.732400943632378 15.279526710510254 41.52513122558594
12.566951751708984 16.495787744647714 5.786411285400391 6.469911098480225
8.277120590209961 13.418468176339957 9.872797012329102 18.245113372802734
7.392521858215332 13.326806774519468 12.630195617675781 29.374338150024414
6.221683025360107 11.154681529500522 13.520760536193848 35.15364074707031
17.451581954956055 22.654296792441528 7.598713397979736 8.867839813232422
11.896450996398926 19.794527293768226 14.895222663879395 29.553089141845703
8.817723274230957 15.415061151461657 19.097566604614258 46.07272720336914
7.290105819702148 12.952092354126773 20.139245986938477 53.47953414916992
25.263364791870117 31.14591161727094 13.045886039733887 16.46703338623047
14.12523365020752 21.199898290893998 28.394859313964844 57.21452331542969
9.818424224853516 16.102672291539648 33.817081451416016 78.2774887084961
7.918368816375732 13.371710603198949 33.94768142700195 85.25703430175781
14.15634536743164 17.610727709841285 10.381819725036621 12.078482627868652
10.306018829345703 16.259565473665134 17.932100296020508 34.19791030883789
7.825794696807861 13.16469752107696 20.971141815185547 48.54621124267578
6.646085262298584 11.41991999467291 21.318307876586914 54.67510986328125
20.140871047973633 24.236161876160622 15.09777545928955 18.777563095092773
12.724806785583496 18.75582726616176 29.01056480407715 57.08635711669922
9.305893898010254 14.995605478996556 33.2439079284668 76.19049072265625
7.645947456359863 12.652202399854644 33.06790542602539 82.61507415771484
29.204444885253906 30.766688134065134 35.33160400390625 47.921043395996094
15.72707462310791 20.4576228341989 59.1038818359375 108.46930694580078
10.397969245910645 15.509935566823742 60.358154296875 124.06067657470703
8.21774959564209 12.941919114994107 56.8140983581543 126.53186798095703
13.786733627319336 14.977755165926396 19.30060386657715 23.79117774963379
9.936660766601562 14.408629115794042 28.20783805847168 53.010955810546875
7.91067361831665 12.65520564100325 29.56903839111328 66.21340942382812
6.762989044189453 11.16141421348512 28.68471908569336 71.07975006103516
19.732412338256836 20.62780795345509 29.798336029052734 38.99386215209961
13.054621696472168 17.592320405699866 45.17351150512695 84.85894775390625
9.573738098144531 14.5961266062654 46.895206451416016 101.1324691772461
7.840981960296631 12.414147487075498 44.73845291137695 105.08258056640625
27.20061683654785 27.32700312632519 75.57576751708984 103.34810638427734
16.49476432800293 19.621824903363688 87.48977661132812 147.43821716308594
10.754531860351562 15.008488422375706 82.66690063476562 155.5907745361328
8.412528038024902 12.657182001682713 75.49278259277344 154.23388671875
8.053871154785156 10.615831798662839 3.466559648513794 3.716562032699585
5.733867168426514 10.284918004494763 5.060050010681152 8.445148468017578
3.6303579807281494 7.276699280309655 6.511881351470947 14.19784927368164
2.8109474182128906 4.424351799705107 7.205135345458984 18.004966735839844
10.522348403930664 13.844259879920855 4.1333327293396 4.502095699310303
7.364340305328369 12.147889903243755 6.62441349029541 11.818507194519043
4.385627269744873 7.918920683893752 8.795700073242188 20.395004272460938
4.805713176727295 8.475576898545938 9.729223251342773 25.668684005737305
14.936070442199707 19.425544229788223 5.498861312866211 6.1409077644348145
7.847926139831543 12.394566809612222 10.043721199035645 19.173297882080078
8.397966384887695 14.601220009362475 13.552141189575195 32.63754653930664
7.1722612380981445 13.333650860910893 14.743995666503906 39.809871673583984
11.24004077911377 14.809816344805768 5.535983085632324 6.136840343475342
6.110654354095459 9.197698509575126 9.301536560058594 17.224281311035156
4.435081958770752 8.263156152415178 11.988421440124512 28.2838077545166
3.8357882499694824 6.461531362368646 12.916696548461914 34.33469009399414
16.441726684570312 20.808197811369624 7.213896751403809 8.270644187927246
11.662993431091309 19.57215073322118 13.947937965393066 27.459108352661133
8.662843704223633 15.556762686396496 18.133737564086914 43.940277099609375
7.184378623962402 13.222338781944018 19.225610733032227 51.625118255615234
24.452009201049805 29.296734746871607 12.256359100341797 14.892531394958496
14.070281028747559 20.68047715607903 26.375410079956055 52.44902420043945
9.835214614868164 15.936540487374259 32.206844329833984 74.49595642089844
7.866265773773193 13.329271398535582 32.536582946777344 82.26039123535156
13.523927688598633 17.300056356500136 9.206286430358887 10.681134223937988
10.177716255187988 16.903297201431997 16.333471298217773 31.40947151184082
7.467358589172363 13.516122131588872 19.535999298095703 46.117645263671875
6.150253772735596 11.30515655132288 20.09334373474121 52.81428146362305
20.27048110961914 24.378193325537723 13.231478691101074 16.183855056762695
13.042348861694336 19.30439648836008 26.385541915893555 52.19606399536133
9.169999122619629 15.102408253384056 31.077552795410156 72.26811981201172
7.475089073181152 12.795926700352425 31.24414825439453 79.46784210205078
29.18303108215332 30.96994094070419 31.2351131439209 41.12311553955078
15.720659255981445 20.34267506303081 54.062843322753906 99.52610778808594
10.403876304626465 15.338808474502912 56.81040954589844 118.0758285522461
8.248672485351562 12.928996357906271 54.02035140991211 122.27650451660156
14.19908618927002 16.720843643334007 14.811565399169922 17.835983276367188
10.274733543395996 15.64322088330917 25.063949584960938 47.59379196166992
7.6538238525390625 13.050787220559414 27.172550201416016 62.23476028442383
6.31195068359375 11.043765106142661 26.76983070373535 68.10527038574219
20.90131378173828 22.918724908985226 23.421409606933594 30.495304107666016
13.746660232543945 18.704811951875996 40.623382568359375 77.22112274169922
9.511650085449219 14.719925716156922 43.42859649658203 95.60639953613281
7.625528335571289 12.40552836164494 42.02067565917969 100.8582534790039
27.950773239135742 28.197452858861425 62.60795211791992 89.10327911376953
16.50579071044922 19.833760954723402 80.155029296875 136.5413360595703
10.781164169311523 14.973383140863689 77.328125 147.96502685546875
8.466543197631836 12.644031327484754 71.48112487792969 148.95140075683594
9.68156623840332 11.948365834752941 3.4448599815368652 3.674546003341675
6.789289474487305 11.074650320218154 4.890117168426514 7.851227760314941
3.182943344116211 5.603737405139327 6.320249080657959 13.262489318847656
3.0383596420288086 4.677863217280901 7.047809600830078 16.918315887451172
11.465374946594238 14.527146327677293 4.116949558258057 4.446743965148926
7.587663173675537 11.812053053005116 6.400781154632568 10.980647087097168
4.04611873626709 6.610969257631396 8.600722312927246 19.2768611907959
3.8499135971069336 7.348636487223985 9.625786781311035 24.51215171813965
15.26715087890625 19.692618896344605 5.481323719024658 6.057432174682617
9.795705795288086 14.02147112189509 9.677194595336914 17.859952926635742
8.602230072021484 15.95852830947544 13.271565437316895 31.196128845214844
7.597742080688477 14.130588645581298 14.671648025512695 38.540164947509766
13.140182495117188 16.616487705321333 5.842150688171387 6.401973724365234
8.551194190979004 14.645302609267674 9.39794635772705 16.643259048461914
5.897961616516113 10.287270133761844 12.108681678771973 27.356639862060547
6.042186737060547 10.790265951445388 13.086015701293945 33.24530029296875
17.932958602905273 22.481853333401176 7.591057300567627 8.556523323059082
12.418521881103516 20.33907363488354 14.095719337463379 26.5756893157959
8.991708755493164 15.739168714732669 18.540237426757812 43.04056930541992
7.512154579162598 13.403913308550045 19.811111450195312 50.91053771972656
25.63825798034668 30.24776206633146 12.471470832824707 14.884160995483398
15.103401184082031 21.6822836511368 26.377174377441406 50.951263427734375
10.341672897338867 16.629456935059437 32.77599334716797 73.59578704833984
8.322141647338867 13.90942259312746 33.61553192138672 82.11432647705078
14.713653564453125 18.31742433435536 10.64210033416748 12.195539474487305
10.846891403198242 16.90788612050309 17.997074127197266 32.8812255859375
8.168564796447754 14.172545771011755 20.982440948486328 47.05161666870117
6.791538715362549 12.136693731640442 21.29949188232422 53.162315368652344
20.281904220581055 23.854631880755413 15.04784870147705 18.098234176635742
13.495362281799316 19.457043563372082 28.733478546142578 54.085121154785156
9.55044174194336 15.374596780224216 33.52776336669922 73.73495483398438
7.820984840393066 13.077602042883882 33.55724334716797 80.81135559082031
29.04949951171875 30.123422329674213 32.24774932861328 41.99074172973633
16.775102615356445 21.270057769791947 56.553802490234375 101.13082885742188
11.08047103881836 16.014257201943963 59.77267074584961 119.79362487792969
8.740120887756348 13.547405602123945 57.427852630615234 124.58846282958984
14.114988327026367 15.260559022060534 18.686500549316406 24.626089096069336
10.4613618850708 14.907381211222855 29.67540740966797 53.31745147705078
8.342449188232422 13.51246063139996 30.770658493041992 66.1884994506836
6.9247846603393555 11.87971582979253 29.447031021118164 70.54154205322266
18.633325576782227 19.140599582685695 27.76496124267578 37.93614196777344
13.858102798461914 18.207265564551562 46.48602294921875 83.35221099853516
9.948641777038574 15.020612184423555 48.57788848876953 99.9095458984375
7.999211311340332 12.826784534359831 46.351322174072266 104.48993682861328
26.19479751586914 26.2986965873597 67.26830291748047 94.40482330322266
17.603466033935547 20.525267153929136 85.58712768554688 141.0692901611328
11.52338695526123 15.589561930115764 82.69564056396484 151.94094848632812
8.998248100280762 13.233462869155392 76.94868469238281 153.20384216308594
9.885124206542969 12.240966541347916 3.7799670696258545 4.033614635467529
4.822558403015137 7.874133086659027 5.451070785522461 8.885704040527344
2.7046079635620117 5.741543952906795 6.949639320373535 14.814536094665527
0.9260660409927368 1.4353601606885604 7.637917518615723 18.677181243896484
11.83990478515625 14.890030515486647 4.553682327270508 4.9425249099731445
4.938721179962158 8.5025937128039 7.239156246185303 12.679755210876465
3.7432971000671387 6.740980443329761 9.502368927001953 21.701520919799805
3.622738838195801 6.672098027817378 10.438488006591797 27.15449333190918
15.719226837158203 20.125396739863486 6.1536970138549805 6.871950149536133
10.517461776733398 16.180952245769564 11.182209014892578 21.048473358154297
9.07218074798584 16.23419075959066 14.78675365447998 35.213130950927734
7.427967071533203 13.486284234559207 15.968266487121582 42.687198638916016
13.247446060180664 16.64865669117539 6.5378546714782715 7.231592655181885
10.284942626953125 17.18095057624305 10.865604400634766 19.549314498901367
7.87164306640625 13.804207915781035 13.464774131774902 30.701248168945312
6.275782585144043 11.35075251805007 14.14362621307373 36.46778869628906
17.665895462036133 22.061762777193735 8.6021089553833 9.913978576660156
12.001469612121582 19.35935467340289 16.471128463745117 31.610898971557617
8.740633964538574 15.000304095990657 20.488189697265625 48.284542083740234
7.145704746246338 12.453626686552985 21.258087158203125 55.72084426879883
24.730031967163086 29.76934649774023 14.555761337280273 18.024272918701172
14.579346656799316 20.70063340332399 30.967376708984375 60.17710494995117
10.0064697265625 15.69305754420293 36.17829895019531 81.45087432861328
8.068692207336426 13.084949575918785 35.882843017578125 88.77088165283203
14.657175064086914 17.637383123961428 11.229013442993164 13.406131744384766
10.62785530090332 16.167294211854767 20.298107147216797 37.83299255371094
8.223281860351562 13.497492013243914 22.968936920166016 51.60834503173828
6.7729387283325195 11.299959376930019 22.71195411682129 57.06758499145508
19.51802635192871 22.76731098765032 16.53611183166504 21.006135940551758
12.744901657104492 18.071966209244465 32.527099609375 61.84005355834961
9.259538650512695 14.60611038204344 36.21076965332031 80.4402084350586
7.484106063842773 12.186423955797181 35.28263854980469 86.38772583007812
28.546306610107422 29.927981607900165 37.449798583984375 50.988861083984375
15.907236099243164 20.27691362407768 62.9075927734375 112.68254852294922
10.686538696289062 15.07533520590448 64.32259368896484 128.4707794189453
8.403387069702148 12.605646064802954 59.96293258666992 131.29241943359375
14.051300048828125 15.272045878833524 19.704187393188477 25.33879852294922
10.48528003692627 14.632474394375777 31.25533103942871 57.77861404418945
8.282882690429688 12.870940786236133 32.642723083496094 70.4725112915039
6.940582752227783 11.085746672396223 30.860498428344727 74.27571868896484
19.164758682250977 19.979805854338565 30.57058334350586 42.199092864990234
13.079981803894043 17.143225294122544 49.587982177734375 90.45014953613281
9.592503547668457 14.203308708986135 51.124324798583984 106.15449523925781
7.705021381378174 12.017754456845978 47.91615676879883 109.6399917602539
26.884872436523438 27.016341716940417 73.81101989746094 103.13056945800781
16.684146881103516 19.791552353795083 90.51457214355469 150.37203979492188
11.120406150817871 14.815653999826736 87.11481475830078 159.70753479003906
8.64159870147705 12.34953110454967 79.3253402709961 159.01071166992188
9.437919616699219 11.404544849334343 3.5617475509643555 3.794525146484375
5.895734786987305 9.544847618331005 5.2216267585754395 8.442743301391602
4.262618064880371 7.361061580547187 6.961697101593018 14.634371757507324
2.6807572841644287 5.306649534930557 7.905851364135742 18.88517951965332
11.427534103393555 14.288994319076089 4.291972637176514 4.630829334259033
7.28349494934082 11.651830972766334 6.903496742248535 11.901070594787598
4.871463298797607 9.232696767453174 9.514106750488281 21.232736587524414
4.819136619567871 6.809202982992815 10.835587501525879 27.31200408935547
15.07885456085205 19.309853814103803 5.795910358428955 6.415342330932617
8.895828247070312 14.487653174358245 10.633601188659668 19.72347640991211
9.064359664916992 16.36956939329798 14.76048469543457 34.40013885498047
7.538804054260254 13.874608970720061 16.534482955932617 42.77989196777344
12.796525001525879 15.590744441853587 5.8894195556640625 6.4786787033081055
9.141176223754883 15.348053084409912 9.93997573852539 17.755794525146484
7.73349666595459 13.8853449303042 13.181703567504883 29.74945640563965
6.568470478057861 11.82410186051493 14.57072639465332 36.631370544433594
17.56423568725586 21.463533887612357 7.763637065887451 8.815088272094727
12.380415916442871 19.530160678989887 15.015458106994629 28.56587791442871
9.131752967834473 15.65342686078668 19.971839904785156 46.35322570800781
7.587761878967285 13.19153816460539 21.75411033630371 55.42918395996094
23.86794662475586 28.599164096004188 13.019221305847168 15.817587852478027
14.016494750976562 20.064044462557263 28.501134872436523 55.57935333251953
9.944300651550293 15.962895967271152 34.90139389038086 78.66731262207031
8.09887981414795 13.47122370912291 36.11122131347656 87.95671081542969
14.647257804870605 17.262932010093664 10.440499305725098 12.00379753112793
10.867446899414062 16.37893527346705 18.443098068237305 33.80317687988281
8.298282623291016 13.728749893844906 22.070663452148438 49.35070037841797
6.9539361000061035 11.71131232306334 23.062313079833984 56.818702697753906
20.77068328857422 23.85549048725443 15.038692474365234 18.245681762695312
13.409462928771973 18.813348745102303 29.545127868652344 56.11546325683594
9.600363731384277 15.072429489964616 34.59367752075195 76.77886962890625
7.910536766052246 12.883330483722375 35.38344955444336 85.21464538574219
28.62417221069336 30.59114711273105 32.608985900878906 43.60365676879883
15.05024242401123 19.350653839232564 57.98381805419922 105.42462158203125
10.45639419555664 15.418498361174215 60.738677978515625 123.68630981445312
8.444671630859375 13.173292647534495 58.796783447265625 128.9873809814453
14.475372314453125 15.307660732298455 16.96456527709961 23.679718017578125
10.568831443786621 14.661049957183394 29.336843490600586 52.659027099609375
8.408700942993164 13.017752433406713 31.210777282714844 67.18172454833984
7.089134693145752 11.404628510555852 30.96526527404785 73.48270416259766
20.02010154724121 20.768821564412594 27.141077041625977 37.9650993347168
13.783990859985352 17.8968779699685 46.13707733154297 83.96358489990234
9.834383964538574 14.547774169732008 48.49647903442383 101.58543395996094
8.034735679626465 12.556039453440746 47.37464904785156 107.69705200195312
27.183998107910156 27.379166908724386 66.81554412841797 92.37263488769531
15.666827201843262 18.79338726500299 84.38977813720703 142.71072387695312
10.698921203613281 14.980940121757158 81.83519744873047 153.7997283935547
8.631695747375488 12.964498296561374 76.68136596679688 155.60443115234375
4.051430702209473 4.886206372824745 1.616633415222168 1.6720842123031616
2.8256804943084717 5.520638554486496 1.9111087322235107 2.5375397205352783
3.174649238586426 6.504008745501217 2.2243220806121826 3.5819575786590576
2.912445306777954 5.388656797261362 2.408912420272827 4.29956579208374
4.73227596282959 5.786936696051043 1.7152202129364014 1.7772657871246338
3.397486448287964 6.958724233782391 2.050654649734497 2.764380931854248
2.8044681549072266 5.897778913073353 2.4104955196380615 3.9798126220703125
2.34755277633667 4.782422770234803 2.6218271255493164 4.823490619659424
5.689730167388916 6.961981306858158 1.8641116619110107 1.9354395866394043
4.768795967102051 7.8338902450555 2.2622625827789307 3.105515241622925
4.04634428024292 7.497607597856823 2.689976215362549 4.576411724090576
3.936345100402832 7.298412114368489 2.9364657402038574 5.605401992797852
4.9456706047058105 5.923404548274639 1.8625946044921875 1.9295402765274048
2.9185128211975098 5.64777196657181 2.235961437225342 3.062781572341919
3.5090973377227783 6.7937573893344165 2.656726121902466 4.4789958000183105
2.8876781463623047 5.430863994291553 2.886720657348633 5.437622547149658
5.832665920257568 6.978464996473811 2.006645441055298 2.0852980613708496
4.516141414642334 8.151766022251877 2.4530398845672607 3.4338748455047607
3.4150876998901367 5.783911731914259 2.9564085006713867 5.161777019500732
3.068967580795288 4.041072164262403 3.231576681137085 6.346633434295654
6.987396240234375 8.609352981268728 2.236882448196411 2.3332607746124268
4.929743766784668 7.706661729193691 2.8020455837249756 4.029083251953125
4.246751308441162 7.666921495218446 3.4303836822509766 6.242697238922119
4.548219203948975 6.612152774061244 3.7649152278900146 7.765596866607666
5.292956829071045 6.347684642674608 2.143190622329712 2.215437412261963
4.654295444488525 7.147642788562507 2.554367780685425 3.6063132286071777
3.2318806648254395 6.036994883708303 3.082836151123047 5.385861396789551
2.2981972694396973 5.027438344586244 3.3404877185821533 6.554780006408691
6.393996238708496 7.647600131296258 2.3262200355529785 2.4164605140686035
5.0937113761901855 7.0339127497774285 2.848886251449585 4.130675792694092
4.403297424316406 7.588217929411229 3.4980478286743164 6.378177642822266
3.3353073596954346 5.013816825374164 3.8188326358795166 7.875481605529785
7.852819442749023 9.649603359122686 2.636040210723877 2.7551300525665283
4.670199394226074 8.019605430898636 3.3483846187591553 5.021855354309082
4.46860933303833 7.491903660400027 4.184137344360352 8.015193939208984
3.672598361968994 6.4665518822019905 4.584873199462891 9.9996919631958
4.598292827606201 5.435856278311299 2.466860055923462 2.8029675483703613
3.1616361141204834 6.116832562410309 2.8965916633605957 4.215810775756836
3.3169918060302734 5.438222861920501 3.453700304031372 6.177285194396973
2.474992036819458 4.5706470286301055 3.7094740867614746 7.477968692779541
3.4545841217041016 4.2472115560306065 2.7047483921051025 3.1125259399414062
4.811628341674805 7.9699202839650525 3.253009557723999 4.869689464569092
3.8439650535583496 6.7397852504784055 3.964653253555298 7.443604946136475
2.340728759765625 4.8100574430093275 4.297970294952393 9.153190612792969
6.483795642852783 7.496876973634244 3.104161500930786 3.622582197189331
6.567879676818848 10.304388386369055 3.8794937133789062 6.026945114135742
4.819899559020996 6.35982058397596 4.837324142456055 9.588394165039062
4.018599033355713 6.919573600857973 5.263734817504883 11.892895698547363
5.240051746368408 5.8244954191627665 1.9449807405471802 2.009507179260254
4.847259521484375 7.7159773837978705 2.2662272453308105 2.9748892784118652
3.7040982246398926 5.664619412752245 2.584622383117676 4.093239784240723
2.1957356929779053 3.3570983506974477 2.7557451725006104 4.850454330444336
5.473549842834473 6.370357590803461 2.063544988632202 2.1355831623077393
4.816027641296387 7.850037537037284 2.448106527328491 3.2774643898010254
4.009973526000977 7.287323385293462 2.834803581237793 4.645876884460449
2.0477449893951416 3.3980427088940255 3.042124032974243 5.587766170501709
6.100528240203857 7.281490921587235 2.239567518234253 2.322331428527832
5.572042465209961 9.349284803571429 2.7135937213897705 3.715106964111328
3.419532299041748 4.682840364974709 3.1924357414245605 5.4290852546691895
3.2760727405548096 5.980448364334279 3.447007656097412 6.620055198669434
6.216254234313965 6.942396706916852 2.5432937145233154 2.636315107345581
5.211348056793213 8.255972818395037 3.0017237663269043 4.048811435699463
3.3443939685821533 5.306156866199444 3.393648147583008 5.644443035125732
2.9114179611206055 4.53252364972559 3.571336507797241 6.682469367980957
6.720162868499756 7.709829115049949 2.715402126312256 2.826742172241211
4.986514568328857 6.2521266440797945 3.307853937149048 4.608855724334717
3.084271192550659 4.48786916092854 3.826498508453369 6.681595325469971
2.472554922103882 4.189024848683582 4.066495418548584 8.050966262817383
7.415380477905273 8.839705641645622 2.9893789291381836 3.127595901489258
5.9349517822265625 9.669967243317984 3.779205799102783 5.457181453704834
3.453981637954712 6.672366510303391 4.472455978393555 8.211880683898926
4.394895076751709 6.1800954515907165 4.7924323081970215 10.03519058227539
6.503475666046143 7.285789005035099 3.142777442932129 3.2713794708251953
4.712400436401367 6.552200101375547 3.856844663619995 5.354006290435791
2.590752363204956 4.146923396386871 4.294066905975342 7.440804481506348
2.934321880340576 4.621949915527111 4.440293788909912 8.701191902160645
7.368734359741211 8.432635586163997 3.3802874088287354 3.5505504608154297
5.50881290435791 8.608720359892821 4.314754962921143 6.270857810974121
4.4557952880859375 7.019183967931454 4.934654235839844 9.067030906677246
2.859478712081909 5.5761932043761675 5.164694786071777 10.796792984008789
8.360308647155762 9.832458730527776 3.776496648788452 4.011813640594482
5.988249778747559 9.241438330964229 5.051688194274902 7.70145845413208
3.888249635696411 7.82110677092578 5.923678398132324 11.528935432434082
3.1135778427124023 4.152347704781585 6.255435943603516 13.893115997314453
4.985194206237793 5.381838028473908 3.5510098934173584 3.8543853759765625
4.382528305053711 6.606702062787917 4.5758376121521 6.576946258544922
2.5309691429138184 3.8825846745803574 5.093141555786133 9.10508918762207
2.9393110275268555 5.295207366551722 5.190300941467285 10.48508071899414
5.224847316741943 5.5088397672927485 3.91361403465271 4.285971164703369
3.5004262924194336 5.173916857007574 5.1886305809021 7.8510966300964355
3.9170594215393066 6.903199413150787 5.915380001068115 11.267497062683105
3.290440082550049 5.85411947103853 6.109749794006348 13.212601661682129
5.811025619506836 6.123125379037447 4.479818820953369 5.016456604003906
4.834540367126465 7.252324018538843 6.187139987945557 9.922021865844727
4.795653343200684 8.432249514869731 7.216095447540283 14.581253051757812
4.897072792053223 7.6048509823851305 7.520370006561279 17.282814025878906
3.997978448867798 4.477547205392696 1.5907386541366577 1.6371324062347412
3.9696044921875 6.623712387270388 1.8633826971054077 2.4028491973876953
3.3641929626464844 4.955056408713915 2.1771740913391113 3.330611228942871
2.031193733215332 3.7531924922595863 2.371067523956299 3.996495246887207
4.747995853424072 5.51687462407881 1.6900696754455566 1.741036295890808
3.7571632862091064 6.247787759173164 2.004481077194214 2.6171724796295166
3.3589158058166504 5.3115314122874935 2.368375778198242 3.7191684246063232
3.1456198692321777 6.263656717615504 2.591843605041504 4.525448322296143
5.861948490142822 7.097553740097993 1.8427060842514038 1.9009487628936768
4.5680437088012695 7.790838028402721 2.219303846359253 2.9448330402374268
3.1343650817871094 5.496100069360523 2.655893325805664 4.301535129547119
3.929471492767334 6.431912072942424 2.9201066493988037 5.307116508483887
4.985259532928467 5.662896072573062 1.835349202156067 1.8915269374847412
4.3595757484436035 7.478042628601543 2.178720474243164 2.876689910888672
2.6935956478118896 5.772262526136956 2.5740199089050293 4.1055803298950195
2.267362594604492 4.740742583207066 2.811769723892212 4.993846893310547
5.823171615600586 6.833828785333992 1.983310341835022 2.0476393699645996
5.312106132507324 7.680431616435726 2.4011876583099365 3.230281114578247
4.6626667976379395 7.680413410084058 2.884596824645996 4.767752170562744
3.9566922187805176 6.179462620765662 3.1722962856292725 5.896698951721191
6.946664810180664 8.468532590311554 2.2268731594085693 2.3055384159088135
5.597748756408691 7.876129706288225 2.7642858028411865 3.8109376430511475
4.337113380432129 7.75466987854125 3.382730007171631 5.830155372619629
3.960109233856201 6.650763227750758 3.7409238815307617 7.31960391998291
5.3437957763671875 6.305554784436026 2.1171953678131104 2.1885738372802734
5.009871959686279 8.117867271825162 2.506868600845337 3.382176160812378
3.311079502105713 6.277540403206331 2.9517812728881836 4.873723983764648
3.5007853507995605 6.888100245489682 3.2179298400878906 5.952626705169678
6.461844444274902 7.750218870037315 2.311511754989624 2.3914856910705566
5.877751350402832 8.735449916118 2.809666872024536 3.880756378173828
4.67251443862915 7.784141738458288 3.3830606937408447 5.828274726867676
3.1983063220977783 5.345645334580265 3.7197670936584473 7.2512640953063965
7.830193996429443 9.711858384588595 2.649815559387207 2.751105785369873
5.068109035491943 8.419448400199052 3.3333780765533447 4.753259658813477
4.272012710571289 7.843469693957729 4.113430976867676 7.4463324546813965
4.689992904663086 7.633955205055699 4.550339698791504 9.397757530212402
4.088815689086914 4.470069818147162 2.3598084449768066 2.660268545150757
4.187638282775879 6.158919530732276 3.573136568069458 5.399245262145996
3.6473801136016846 6.715252908727393 3.286595582962036 5.578180313110352
3.0806312561035156 4.904396635572539 3.5438756942749023 6.744511604309082
4.08612060546875 4.347180235842302 2.5922088623046875 2.934461832046509
4.710916996002197 7.479208488908398 4.012881278991699 6.2814040184021
4.456248760223389 7.662830262926292 3.812910556793213 6.7832841873168945
3.5319104194641113 4.982115348348998 4.161189556121826 8.37741470336914
5.448475360870361 6.3439407347491965 2.9934709072113037 3.4129724502563477
5.167461395263672 7.603079889858563 4.302755355834961 7.054254055023193
5.583463191986084 8.315946010124634 4.740808963775635 8.906331062316895
4.836512565612793 7.691358589387992 5.218414783477783 11.166168212890625
4.162662029266357 4.9248786004165055 1.7085497379302979 1.7781212329864502
3.1760172843933105 4.720232681281999 2.0515084266662598 2.766371250152588
2.714738130569458 5.74786329260278 2.3621816635131836 3.847909927368164
1.9773273468017578 4.004886607970377 2.5288424491882324 4.584156513214111
4.87603759765625 5.961199209955652 1.8126565217971802 1.887019395828247
3.875643253326416 7.240259834020037 2.207759141921997 3.019108772277832
4.1075544357299805 6.5511180652652 2.573302984237671 4.304193496704102
2.714050769805908 5.674581818850734 2.7688844203948975 5.190101146697998
5.728528022766113 7.441967892668146 1.9653925895690918 2.0470809936523438
5.263330459594727 8.212227370871755 2.4367144107818604 3.382035732269287
3.5513081550598145 6.295475259207706 2.879664659500122 4.95314359664917
3.515775203704834 5.001320946033729 3.1149282455444336 6.0512590408325195
4.918018817901611 5.872406932621516 2.105175018310547 2.193781614303589
4.199138164520264 7.041187989723653 2.5348961353302 3.497213363647461
3.885525941848755 6.686381865706895 2.904343605041504 4.9470906257629395
2.598386526107788 4.641142930389094 3.086169719696045 5.92326021194458
5.81266975402832 7.064229873683271 2.2535908222198486 2.352346181869507
4.868062496185303 7.425943843981372 2.781752347946167 3.9246366024017334
4.463223934173584 7.41592859511913 3.2507429122924805 5.7444658279418945
1.84931480884552 3.0019548116269945 3.4821956157684326 6.981491565704346
6.9500298500061035 8.954880233447511 2.483800172805786 2.597442865371704
5.876450061798096 8.930925967254609 3.161125898361206 4.568411827087402
4.873425006866455 7.8627474525062695 3.7741405963897705 6.929027080535889
4.021206378936768 7.224268164364119 4.075002670288086 8.549351692199707
5.259528160095215 6.36602430947295 2.726792097091675 2.808624029159546
3.2629573345184326 5.907546877703339 3.165637969970703 4.436729907989502
3.435643196105957 5.737143847770568 3.502755880355835 6.176906108856201
2.7122015953063965 5.550256106574722 3.6560230255126953 7.324498176574707
6.320037364959717 7.7890588571062835 2.905428886413574 3.0179409980773926
4.6564412117004395 7.5143339848947335 3.506241798400879 5.075301170349121
4.191749572753906 7.542010766009369 3.9939944744110107 7.365772724151611
3.3315274715423584 5.6623803042522525 4.217121124267578 8.885287284851074
7.678952217102051 9.844010598073055 3.2030577659606934 3.3513424396514893
6.862613201141357 9.487378158965823 4.0549163818359375 6.070746421813965
4.646517753601074 8.191683646829063 4.760448932647705 9.181365966796875
3.268176555633545 6.160223537364914 5.079916954040527 11.250006675720215
4.577186584472656 5.137617698205371 2.818464517593384 3.1197378635406494
4.021037578582764 7.309895734191741 4.094252109527588 5.902507305145264
3.141221046447754 5.911711595472255 4.100525856018066 7.404909133911133
1.927512526512146 3.2923589794982036 4.159424781799316 8.572850227355957
4.888464450836182 5.652821404399901 3.0688884258270264 3.422607421875
4.563948631286621 6.0688938273656845 4.535391330718994 6.7523651123046875
3.358747959136963 5.323795032837268 4.725475311279297 8.975807189941406
3.2231125831604004 5.05312645032123 4.864911079406738 10.58515739440918
6.718038082122803 8.076271265136619 3.4733099937438965 3.906216621398926
6.358920097351074 10.273716368381201 5.267453670501709 8.14406967163086
4.345783233642578 7.112594203516434 5.717075347900391 11.398211479187012
3.775364875793457 5.375579367641649 5.965599536895752 13.660332679748535
4.2693586349487305 5.41452742993738 1.9244341850280762 1.9894832372665405
4.099024295806885 6.993552093474722 2.289663076400757 3.0854411125183105
3.0851712226867676 6.102757348546845 2.5901639461517334 4.275946617126465
2.2746310234069824 4.046023885293835 2.7455458641052246 5.071761131286621
4.897136688232422 6.15964784362677 2.0326907634735107 2.1104848384857178
4.129911422729492 7.561693158914604 2.468606472015381 3.3955178260803223
3.6881346702575684 6.979650469946563 2.8316988945007324 4.8176093101501465
2.4588377475738525 4.791199296513047 3.0168492794036865 5.77625846862793
5.572628021240234 7.289839225420565 2.1862215995788574 2.2815136909484863
5.110992431640625 8.655866517328505 2.721593141555786 3.83937931060791
3.321682929992676 6.469197888234653 3.1712851524353027 5.596734046936035
3.7180380821228027 6.875612734201923 3.396622896194458 6.786293983459473
5.029263019561768 6.323751544860187 2.478566884994507 2.568486452102661
3.6882078647613525 6.686988665371951 2.979085683822632 4.1506757736206055
2.5898025035858154 5.255030000545858 3.3260750770568848 5.804274559020996
2.619384765625 5.207221626544992 3.4762520790100098 6.856006145477295
5.814179420471191 7.308552666104517 2.630396604537964 2.740840435028076
4.190699577331543 7.015735634302004 3.2724173069000244 4.7000298500061035
3.6442043781280518 7.1006318281870335 3.729855537414551 6.781318187713623
2.9838507175445557 4.306273290217092 3.9268336296081543 8.111620903015137
6.828165531158447 8.76506096638218 2.8554322719573975 2.9991378784179688
5.066795825958252 9.190027922614263 3.7039413452148438 5.520423412322998
4.511192321777344 8.521700362561091 4.319384574890137 8.234097480773926
3.565877676010132 5.576923713702627 4.579774856567383 9.967141151428223
5.386654376983643 6.729439321245536 3.054417610168457 3.2211971282958984
3.9519264698028564 6.7175063146894445 3.7788569927215576 5.478577136993408
2.8728439807891846 5.672386834625726 4.129205226898193 7.55136251449585
1.300588607788086 2.034575102476289 4.229001522064209 8.779613494873047
6.317599773406982 7.895371766072579 3.2630116939544678 3.473599910736084
4.692501544952393 7.510962769540015 4.215439796447754 6.35289192199707
3.809669256210327 6.448244104442316 4.717777252197266 9.05947494506836
3.2318270206451416 5.603173300319668 4.874748706817627 10.662882804870605
7.567277431488037 9.588320960847028 3.5815248489379883 3.8571019172668457
5.657266139984131 9.87096228005504 4.874551773071289 7.688592433929443
4.423559665679932 8.686345760813685 5.601099967956543 11.339700698852539
3.2822799682617188 6.684475665694805 5.833920001983643 13.485791206359863
4.714690208435059 5.317243721967088 3.4766790866851807 3.934936046600342
3.9939045906066895 6.247065096225924 4.506352424621582 6.805474758148193
2.482016086578369 4.307365375590962 4.856503963470459 9.178927421569824
1.2351824045181274 1.8455541225539491 4.875476360321045 10.477301597595215
5.573282718658447 6.540344875966685 3.7966806888580322 4.360036849975586
4.447274684906006 6.463846406221819 5.10164737701416 8.058640480041504
3.9974913597106934 6.221783083665613 5.61692476272583 11.200502395629883
0.4604281187057495 0.7152558565347036 5.692993640899658 12.929384231567383
6.2061944007873535 7.1912521128722044 4.281787395477295 4.975681781768799
5.977153778076172 10.02807880099823 6.005216121673584 9.979825973510742
4.93535041809082 6.958987955831901 6.774454116821289 14.27586555480957
3.6568148136138916 5.5497980227756365 6.925354480743408 16.61629867553711
4.812383651733398 5.401738147165872 1.7803584337234497 1.8358486890792847
4.472620010375977 6.45035061805811 2.077207565307617 2.664456367492676
3.773078680038452 6.066049582133079 2.367673873901367 3.6309478282928467
3.4041359424591064 5.017992265752582 2.527723550796509 4.312997817993164
5.196829795837402 6.060374557933818 1.882001519203186 1.9423052072525024
5.137683868408203 7.754386450855236 2.227369546890259 2.9064691066741943
3.833974599838257 7.251291039334269 2.5712742805480957 4.071515083312988
2.9258687496185303 5.039744057704809 2.7608895301818848 4.908107757568359
5.745262622833252 7.042239114139791 2.0316498279571533 2.1004507541656494
5.543332576751709 8.937762065699687 2.4453306198120117 3.259998321533203
3.759023666381836 6.884662446142553 2.8626883029937744 4.707206726074219
3.978649854660034 6.8146697155874225 3.090550422668457 5.758981704711914
5.733133316040039 6.458160119408376 2.3058297634124756 2.3896644115448
4.700579643249512 7.240023677958561 2.697587251663208 3.5484838485717773
4.09881067276001 6.337678489142036 3.041276216506958 4.879066467285156
3.5878379344940186 5.933173964720595 3.1985034942626953 5.771639347076416
6.340132236480713 7.319185673154223 2.4517414569854736 2.5450937747955322
5.102447986602783 7.1860040166836825 2.9424312114715576 3.9724655151367188
3.897383213043213 6.6536671494225175 3.3867886066436768 5.678055286407471
3.0162103176116943 5.692724671811742 3.594022512435913 6.844025611877441
7.119329929351807 8.682651654709389 2.682504653930664 2.7923519611358643
4.899044036865234 8.381269581417715 3.3204965591430664 4.630340099334717
4.169418811798096 7.201731930823598 3.9084064960479736 6.8937296867370605
4.407822132110596 7.7751788097884855 4.181260585784912 8.451499938964844
6.0701775550842285 6.896988098492322 2.9517011642456055 3.050797700881958
3.7672762870788574 5.919662844696234 3.466939926147461 4.69817590713501
2.8273563385009766 3.4819442790861217 3.817307710647583 6.385256290435791
2.0641086101531982 3.068495151518647 3.9253151416778564 7.416101932525635
6.949814796447754 8.01691457523691 3.1380646228790283 3.270923137664795
5.7363128662109375 8.741808995653969 3.821026563644409 5.372490882873535
3.774303674697876 6.6813775708050684 4.321514129638672 7.627371788024902
2.66135311126709 4.837276533096333 4.498075008392334 9.045760154724121
8.099300384521484 9.778350333864438 3.45633864402771 3.6341543197631836
5.788013458251953 8.058036930295202 4.397542476654053 6.459012031555176
3.437695026397705 5.3941474409024295 5.117373943328857 9.582122802734375
3.760118246078491 4.196166143193619 5.381593704223633 11.560084342956543
4.313180446624756 4.5933300328777875 3.1692278385162354 3.484039068222046
3.5531396865844727 5.63228561678261 4.165727615356445 5.88865852355957
3.2029736042022705 5.212075390489858 4.542724609375 7.847654819488525
2.786973714828491 4.958088443925959 4.572722434997559 8.92583179473877
5.93556547164917 6.22529645703662 3.438845634460449 3.8171446323394775
4.649531364440918 7.482380940836208 4.654316425323486 6.798543453216553
4.123283386230469 5.297041865173192 5.191283226013184 9.519925117492676
3.3056845664978027 5.1110770347100445 5.299068450927734 11.056307792663574
7.373843193054199 7.944602546995725 3.879438638687134 4.354480266571045
6.038834571838379 9.185561777471563 5.440800666809082 8.339107513427734
4.288301944732666 7.6550282696058645 6.238187313079834 12.182418823242188
4.240149974822998 7.8867436502046075 6.445628643035889 14.389447212219238
4.022047996520996 4.785597207745269 1.7396833896636963 1.8001196384429932
3.116671085357666 5.695397486730542 2.0020878314971924 2.658475637435913
2.7607595920562744 4.981558692805699 2.2548797130584717 3.5995161533355713
1.8301454782485962 4.361719377490488 2.3985676765441895 4.208703994750977
4.8042311668396 5.820092212536891 1.8408730030059814 1.908751130104065
2.9070472717285156 4.7734146704929685 2.151772975921631 2.908460855484009
3.2743146419525146 6.5886479045602755 2.4512221813201904 4.02824592590332
2.667038679122925 5.3766537867910245 2.6162238121032715 4.752890586853027
5.692434787750244 7.0312875412939455 1.9861376285552979 2.064815044403076
3.9828379154205322 7.39914986885708 2.3660757541656494 3.2667531967163086
4.0102081298828125 6.094608934065036 2.7298033237457275 4.644364356994629
3.744992733001709 6.267698802270086 2.9223268032073975 5.532036781311035
4.930488586425781 5.860130657402095 2.2067270278930664 2.300183057785034
3.8601181507110596 6.090832247023172 2.5248045921325684 3.4524712562561035
2.474245548248291 5.9882471345947295 2.776463270187378 4.650569438934326
1.3566384315490723 2.7599465507436207 2.9021575450897217 5.4082746505737305
5.7670512199401855 6.908710713867208 2.353942394256592 2.4581093788146973
4.286769866943359 7.345308747750465 2.7700774669647217 3.8889689445495605
2.9112582206726074 5.222098024157049 3.102867841720581 5.414039134979248
2.9281630516052246 4.880506854695895 3.259894847869873 6.366612434387207
6.902991771697998 8.579863622100579 2.5738699436187744 2.6975786685943604
4.777026653289795 8.118261592310066 3.1326732635498047 4.539391994476318
3.6583659648895264 6.521514935005818 3.5798439979553223 6.5506978034973145
3.539802074432373 5.733009774236768 3.77860951423645 7.7853474617004395
5.240993499755859 6.227195656826652 2.838989019393921 2.9977266788482666
3.4592323303222656 6.186566332625446 3.1599087715148926 4.462385177612305
2.5091841220855713 5.001589261924302 3.3338100910186768 5.809834957122803
2.508850574493408 4.6789848720198 3.4024620056152344 6.642030715942383
6.362623691558838 7.570825751345865 3.0244932174682617 3.2079248428344727
4.979495525360107 8.240285965859812 3.512542247772217 5.134271144866943
2.7829716205596924 5.389389076220823 3.805190324783325 6.9667463302612305
1.8933266401290894 2.959361154108592 3.9098961353302 8.065933227539062
7.653158664703369 9.3965276231786 3.317981004714966 3.540759563446045
4.19622802734375 8.0333690453067 4.0519561767578125 6.160255432128906
4.886073589324951 8.778638122964026 4.506284713745117 8.721132278442383
2.28052020072937 3.934144034602923 4.659408092498779 10.20919418334961
4.130947589874268 4.502553145932779 2.9538674354553223 3.3434441089630127
3.097590208053589 5.330245396150076 3.855130434036255 5.5965704917907715
2.6103904247283936 3.9001868025961812 3.8390111923217773 6.886385917663574
1.682742953300476 3.8566585595485776 3.823040008544922 7.699954986572266
3.80472469329834 4.350158311481708 3.2083323001861572 3.6560916900634766
4.217065811157227 7.389510127457356 4.311739921569824 6.552120208740234
3.0924715995788574 6.1713109990446355 4.442878246307373 8.417801856994629
2.410376787185669 5.107666827153857 4.461450099945068 9.543891906738281
6.8267130851745605 8.191146454201998 3.5991106033325195 4.142575263977051
4.10740327835083 7.277466530556751 5.022425651550293 8.01046085357666
4.134165287017822 7.867182279460559 5.351285457611084 10.755200386047363
4.527420520782471 7.166044433858133 5.4129838943481445 12.332708358764648
4.557835578918457 5.480951031770076 1.9624779224395752 2.0293092727661133
3.4530277252197266 5.742386494638051 2.3240103721618652 3.059626817703247
2.862642526626587 4.945827280804281 2.6539671421051025 4.220833778381348
2.9750142097473145 5.552807317741099 2.819607973098755 4.973550319671631
5.023487567901611 6.251454290578863 2.06817364692688 2.147106647491455
4.285495758056641 7.3184234348895725 2.503194570541382 3.3736460208892822
3.013885259628296 4.242572505386647 2.908700704574585 4.800135612487793
2.1077818870544434 3.993932833808799 3.1149096488952637 5.740828990936279
5.631946563720703 7.272810869393595 2.222630023956299 2.314913272857666
4.3745222091674805 7.754560008847648 2.7615418434143066 3.822124719619751
3.8924801349639893 6.745291161387382 3.270171642303467 5.626074314117432
3.2437491416931152 6.191967132939936 3.5276496410369873 6.826589107513428
5.497833251953125 6.592850434447882 2.5346903800964355 2.6237735748291016
3.4295737743377686 5.220611515701265 3.0791335105895996 4.194292068481445
2.3825607299804688 3.9618434266758773 3.5047128200531006 5.9076828956604
2.2504682540893555 4.4409731866583115 3.675158977508545 6.956704616546631
6.079379081726074 7.4497073872304895 2.6832799911499023 2.79841685295105
3.7192821502685547 6.322109505194248 3.3817763328552246 4.779602527618408
3.4626870155334473 5.9602255499885 3.9464831352233887 7.001333713531494
2.647390365600586 4.566554724996479 4.184747219085693 8.386106491088867
7.045588970184326 8.835675863111836 2.9120302200317383 3.0589704513549805
4.181802749633789 6.393472840244982 3.835813045501709 5.644158363342285
3.6839871406555176 6.436953778168856 4.597156047821045 8.611066818237305
3.4168753623962402 5.71281098861251 4.922354221343994 10.46699047088623
5.886631965637207 7.028753119144767 3.0206398963928223 3.187925338745117
3.7226226329803467 6.522696986506617 3.911804676055908 5.529784202575684
1.5486894845962524 2.7650163925077607 4.430472373962402 7.818730354309082
2.140489101409912 3.436765216328183 4.571407794952393 9.116379737854004
6.802170276641846 8.205582232785872 3.2385661602020264 3.4368720054626465
3.519453525543213 5.903773433646961 4.376804351806641 6.47721004486084
2.4750919342041016 3.670273332825431 5.090410232543945 9.53553581237793
3.3570644855499268 5.310172964152845 5.319655418395996 11.310162544250488
8.103632926940918 9.843599869849516 3.574169158935547 3.829054355621338
5.5004496574401855 6.728245356562638 5.090778827667236 7.918920516967773
2.7156636714935303 5.087374240147426 6.08910608291626 12.115681648254395
3.117640972137451 5.074301519929492 6.431379318237305 14.547996520996094
4.6770195960998535 5.294419703027813 3.4916064739227295 3.8550527095794678
1.9903568029403687 2.705226458996094 4.554570198059082 6.761197090148926
2.1659395694732666 3.6981757809893914 5.23435640335083 9.521507263183594
1.6365101337432861 2.992770081691525 5.335085391998291 10.983770370483398
4.374098777770996 5.014228626730187 3.807196855545044 4.239522457122803
2.906407117843628 5.39804718523063 5.189237117767334 8.094276428222656
2.8319003582000732 5.337893969681256 6.091687202453613 11.801047325134277
2.5192389488220215 3.4023567292060983 6.291299819946289 13.849262237548828
6.334855556488037 6.577306819880164 4.2960357666015625 4.838395118713379
4.629539489746094 5.782165378975815 6.167408466339111 10.120835304260254
4.042830467224121 5.948774301973117 7.411705493927002 15.28254508972168
3.419584274291992 5.2385890296437765 7.7356858253479 18.101972579956055
4.06424617767334 5.074127672400863 1.8078360557556152 1.8834582567214966
3.318239212036133 6.152968703856004 2.147109270095825 2.907350540161133
2.7780914306640625 5.553091830261643 2.468445301055908 4.036499977111816
1.7929798364639282 3.986582809028384 2.6472582817077637 4.799193859100342
4.632369518280029 5.831036794135116 1.9109240770339966 1.9909336566925049
4.538748264312744 7.286473327057365 2.3173179626464844 3.1937220096588135
2.293121099472046 4.3848821831250575 2.7055931091308594 4.55946159362793
3.1424691677093506 5.967034997805399 2.919236183166504 5.483667373657227
5.289360523223877 6.8723376551388355 2.05417799949646 2.143300771713257
4.653140544891357 8.352375501202118 2.5550458431243896 3.596944808959961
3.9931509494781494 7.454926206785274 3.0355405807495117 5.289659023284912
2.9366633892059326 5.78856665587746 3.2949905395507812 6.432291030883789
4.8804826736450195 6.009335817384358 2.295389413833618 2.4182300567626953
3.572798490524292 6.3822466990535105 2.7525856494903564 3.84903621673584
2.6921210289001465 5.580008844204869 3.134164333343506 5.4011149406433105
2.648031711578369 4.6755095148112105 3.319132089614868 6.421123504638672
5.603408336639404 6.938790886356571 2.444141149520874 2.573330879211426
3.9392778873443604 7.0394391779936 3.035093069076538 4.3644514083862305
2.640443801879883 3.457658397760838 3.5347888469696045 6.356373310089111
2.333693027496338 3.329837097501809 3.7732884883880615 7.650919437408447
6.594459056854248 8.426306621317108 2.652735948562622 2.7993507385253906
5.483096599578857 9.112421412013429 3.4379420280456543 5.110074520111084
4.35464334487915 6.375038082553488 4.106876850128174 7.729216575622559
3.4209978580474854 6.149683265871829 4.418458938598633 9.405847549438477
5.200798511505127 6.378311479648005 2.8545644283294678 3.041954278945923
3.9366660118103027 6.539858308660655 3.4400081634521484 4.961598873138428
1.994592547416687 3.0782259302638977 3.8461384773254395 6.90606164932251
2.441589117050171 4.213511476020017 3.9999613761901855 8.119032859802246
6.114119052886963 7.504025025773096 3.0424132347106934 3.256176233291626
4.122010231018066 6.960021656475561 3.861931085586548 5.789708614349365
3.3902344703674316 5.547954319206324 4.43317174911499 8.383590698242188
3.30818772315979 5.176423331417936 4.6513824462890625 9.965083122253418
7.258623123168945 9.111994332490156 3.3210461139678955 3.577969551086426
5.049307346343994 8.578535617741764 4.472383975982666 7.004950046539307
4.642791748046875 6.630685220858588 5.285007953643799 10.532846450805664
3.593315601348877 6.183321880670746 5.59407901763916 12.636194229125977
4.486877918243408 5.141432825029369 3.192763566970825 3.6438193321228027
3.682114839553833 6.410075426320191 4.0994086265563965 6.052740097045898
3.000316619873047 5.293325004141479 4.474010944366455 8.260107040405273
2.4640607833862305 4.23658969638057 4.5731706619262695 9.571758270263672
4.620838165283203 4.737423528243738 3.4787356853485107 3.993802070617676
4.3901190757751465 6.629529237415994 4.646671295166016 7.205183506011963
3.4900963306427 4.944481794619605 5.232126712799072 10.22753620147705
3.6387298107147217 6.202707960187411 5.396529674530029 11.964852333068848
6.258327960968018 7.131853898650007 3.9003260135650635 4.5196380615234375
5.138588905334473 7.872309979860347 5.462197780609131 8.919363021850586
4.809939384460449 8.436488542426844 6.339397430419922 13.100172996520996
2.5436513423919678 4.617618188053491 6.599081516265869 15.438469886779785
4.128044605255127 4.830847015183281 1.5556228160858154 1.6010359525680542
4.117861747741699 7.0667380660928725 1.8133219480514526 2.355010509490967
2.257127523422241 4.302817598877482 2.103238821029663 3.2931079864501953
2.8649585247039795 5.595868974220078 2.283021926879883 3.9509787559509277
4.76771354675293 5.8199115862772715 1.6436737775802612 1.6936907768249512
3.793760299682617 6.0895134293481075 1.9411604404449463 2.556814670562744
3.111438035964966 5.903568707400524 2.275533676147461 3.6510367393493652
3.661720037460327 6.907118211125635 2.481431722640991 4.430200099945068
5.456339359283447 6.967649401604206 1.77265465259552 1.8300256729125977
5.278261661529541 8.222547371063115 2.1279709339141846 2.8548147678375244
3.894042491912842 5.15933230348932 2.524825096130371 4.177623271942139
3.973264455795288 6.425296703476874 2.764446973800659 5.12920618057251
5.020279407501221 5.914881882040959 1.8034236431121826 1.8607780933380127
4.405831813812256 7.794788093436182 2.119605541229248 2.820793867111206
3.5035626888275146 5.970030821426008 2.4713056087493896 4.042094707489014
2.923947334289551 5.666652450370336 2.687216281890869 4.907536506652832
5.76991081237793 6.991273019994466 1.9317458868026733 1.9972823858261108
5.179900646209717 9.196068991636821 2.318526029586792 3.1523475646972656
4.190084934234619 6.333696399877226 2.745497465133667 4.650210857391357
3.6430654525756836 6.2623411782240055 3.0034379959106445 5.723809242248535
6.797902584075928 8.48737210043356 2.127178907394409 2.205962896347046
5.50390625 9.088930897145246 2.623338460922241 3.667736053466797
4.223560333251953 7.102416088600194 3.1641857624053955 5.592830181121826
3.9184951782226562 7.884002737650334 3.479247570037842 6.976480960845947
5.4251322746276855 6.415035986626876 2.128763198852539 2.182042121887207
3.793283462524414 5.407152599526626 2.450082540512085 3.3167343139648438
3.7344937324523926 5.985869208189214 2.824974775314331 4.781888484954834
2.3835394382476807 4.580504963747131 3.062615394592285 5.829949855804443
6.370896816253662 7.692283479469552 2.2863245010375977 2.358696460723877
4.660868167877197 7.99768522649353 2.7194950580596924 3.7891972064971924
4.031466960906982 7.403412258512887 3.203357458114624 5.662459850311279
2.3751275539398193 4.144711496683002 3.4981560707092285 7.005728721618652
7.5733137130737305 9.446971805184717 2.5393710136413574 2.636563777923584
6.33846378326416 10.134884320933281 3.1502740383148193 4.554369926452637
4.973752975463867 7.559386035672645 3.8061423301696777 7.080354690551758
4.1096296310424805 7.018619418937504 4.180264472961426 8.872589111328125
4.6787238121032715 5.380786010192075 2.4064688682556152 2.618959665298462
4.915030479431152 8.43312116756124 3.2949321269989014 4.186229228973389
3.784796953201294 7.623534734777991 3.1337127685546875 5.427480220794678
3.329200267791748 6.190046703990447 3.3647117614746094 6.5839433670043945
4.267297744750977 4.706762241359343 2.6101338863372803 2.8687069416046143
5.622077941894531 9.4452059988675 3.621333599090576 4.884278774261475
3.6345436573028564 5.9312236340970586 3.600616693496704 6.551889419555664
3.312516212463379 6.153339353738829 3.898744821548462 8.069315910339355
6.187153339385986 7.293722167834204 2.9426376819610596 3.2724568843841553
6.1106438636779785 10.665406054520417 4.123870372772217 5.972136497497559
5.413944244384766 9.30680156044939 4.36631441116333 8.410547256469727
4.495146751403809 8.408519244143122 4.758565902709961 10.477679252624512
4.778990268707275 5.5066505710515 1.816321849822998 1.8762907981872559
4.22410774230957 6.684903431605193 2.1037871837615967 2.7128169536590576
3.275938034057617 5.156987491970412 2.3707339763641357 3.6831254959106445
2.8730313777923584 4.809001746094674 2.5046496391296387 4.345095634460449
5.17933988571167 6.246708972015654 1.9143322706222534 1.9793000221252441
3.522055149078369 5.280495606395764 2.255794048309326 2.959301710128784
2.2883710861206055 4.563705925372241 2.5776031017303467 4.1319427490234375
2.8181569576263428 5.546337241437103 2.7362351417541504 4.938223361968994
5.603774547576904 6.920455848711754 2.0551626682281494 2.1281683444976807
5.166418075561523 8.805672195231182 2.4714760780334473 3.3113627433776855
3.9150960445404053 5.747912109527078 2.867691993713379 4.764605522155762
4.200051307678223 6.554853696558385 3.0585551261901855 5.769346714019775
5.780680179595947 6.634072840264437 2.3633370399475098 2.463162660598755
3.8860867023468018 5.5795696296028225 2.74509859085083 3.642986297607422
3.925987720489502 7.00513696593216 3.0359020233154297 4.944840431213379
2.2242894172668457 4.234672283560883 3.1394472122192383 5.7780022621154785
6.195404529571533 7.343951824300802 2.497864246368408 2.607633590698242
4.900038719177246 7.923858408881131 2.995095729827881 4.089406490325928
3.515176773071289 5.129655065087093 3.390713930130005 5.7785820960998535
2.5806221961975098 4.70263553777923 3.5348033905029297 6.863473892211914
6.8322930335998535 8.47559731195015 2.6997201442718506 2.8262276649475098
5.136309623718262 7.192230817192746 3.3623383045196533 4.746348857879639
4.1520915031433105 7.2089916547403 3.9035563468933105 6.995415210723877
4.323108673095703 6.239853081727276 4.102293968200684 8.43924331665039
6.000955581665039 6.767454530724535 3.0238659381866455 3.1554923057556152
4.244851112365723 6.399248897207599 3.5401077270507812 4.833212375640869
3.3952791690826416 4.579882310305365 3.798353672027588 6.43950080871582
2.9871199131011963 5.298809189758998 3.819822072982788 7.361181735992432
6.79641056060791 7.845932282912733 3.199479103088379 3.3659682273864746
4.580781936645508 6.5839439475553 3.91450572013855 5.569515705108643
3.8751845359802246 6.7254804992230675 4.327439308166504 7.754361152648926
3.335136890411377 5.557630718816199 4.400662422180176 9.02457046508789
7.8730010986328125 9.270597473175108 3.473945379257202 3.6898293495178223
5.738852500915527 8.952372177706991 4.47763204574585 6.6632537841796875
4.508302688598633 6.963321684884022 5.107748031616211 9.707765579223633
3.5043601989746094 4.867861365519445 5.250070571899414 11.485026359558105
5.767436504364014 6.132444404528542 3.2240025997161865 3.6309545040130615
3.946453094482422 5.211791478214437 4.309567928314209 6.091749668121338
3.093834638595581 4.747280438939924 4.518306255340576 7.877076148986816
2.731071949005127 4.790316274209516 4.425290107727051 8.793282508850098
5.175189971923828 5.833086179750591 3.4839346408843994 3.952348232269287
3.6640872955322266 5.507638374947348 4.820304870605469 7.142039775848389
2.7282960414886475 4.938975904731592 5.211659908294678 9.663907051086426
3.023686170578003 5.220343258667384 5.174801826477051 10.990180969238281
6.351474761962891 7.371198457688479 3.879455804824829 4.446394443511963
5.392684459686279 7.085187524228161 5.593342304229736 8.730477333068848
4.39692497253418 6.448768685659644 6.245119094848633 12.337104797363281
3.56427264213562 5.880242508419343 6.280709743499756 14.260271072387695
4.122941493988037 5.286256227111949 1.6598259210586548 1.718991994857788
3.7161200046539307 6.224341648448821 1.954373836517334 2.552570104598999
2.9775538444519043 5.306830317927734 2.2287938594818115 3.4676496982574463
2.7545650005340576 5.478789469241036 2.390049934387207 4.114128112792969
4.82391881942749 6.076418160658136 1.7584503889083862 1.8248957395553589
2.92991042137146 4.835012275545239 2.0954320430755615 2.781632900238037
3.9620521068573 7.267078179904246 2.4139597415924072 3.8688745498657227
3.3774938583374023 7.065885377986518 2.599479913711548 4.642979621887207
5.599689483642578 7.238491686155952 1.9037086963653564 1.9802955389022827
4.845191478729248 7.448445686449304 2.3018407821655273 3.116563558578491
4.165222644805908 7.638624869104802 2.6823647022247314 4.45501184463501
3.6372268199920654 6.328547003381896 2.900858163833618 5.413708209991455
4.928682804107666 6.239029337867635 2.0226798057556152 2.0976181030273438
4.091926574707031 6.455719193153506 2.3855934143066406 3.176459789276123
2.895861864089966 5.771999565978 2.70015549659729 4.362161636352539
3.052344560623169 4.913425381041186 2.8741257190704346 5.1948394775390625
5.730482578277588 7.151676249389766 2.16296648979187 2.2506604194641113
4.460790157318115 7.555318230592622 2.6083920001983643 3.558708667755127
3.800023317337036 7.423555542465579 3.0045087337493896 5.056386470794678
2.4202020168304443 3.4702858588538277 3.219365119934082 6.109543800354004
6.82099723815918 8.721597490287024 2.3792948722839355 2.4866747856140137
6.058377265930176 9.527941262225909 2.949632406234741 4.146843433380127
5.2666707038879395 9.507864260627365 3.4651882648468018 6.1221795082092285
3.679417371749878 6.038912460608856 3.738450527191162 7.508162498474121
5.346248149871826 6.7826935146932215 2.5631651878356934 2.689068078994751
4.887126922607422 8.484788037502767 2.938034772872925 3.9812676906585693
3.150052547454834 6.789915754182713 3.2178680896759033 5.362682342529297
2.735809564590454 5.240773065302278 3.367018938064575 6.321568489074707
6.349850654602051 7.909994264667148 2.7439918518066406 2.8824334144592285
4.99542760848999 8.996944160126077 3.2521543502807617 4.552351951599121
4.470193862915039 7.238614784972228 3.6536636352539062 6.397430419921875
3.649172306060791 6.4405900060801216 3.859083414077759 7.667562961578369
7.726371765136719 9.715727778189716 3.0282301902770996 3.1939826011657715
5.972754955291748 9.811225409946928 3.7491915225982666 5.456159591674805
4.4626007080078125 8.208848201276762 4.333732604980469 8.032115936279297
3.5928425788879395 5.404459127795121 4.621540069580078 9.783370018005371
4.931699275970459 5.745648835881596 2.755526304244995 3.132784366607666
3.4241912364959717 5.056140195246201 3.6642043590545654 5.079428672790527
2.864351511001587 5.75986027396857 3.72090744972229 6.348073482513428
2.2521915435791016 3.4545050505833785 3.7976748943328857 7.321600914001465
5.3868088722229 6.174479243890431 2.9963011741638184 3.4233384132385254
4.939361572265625 7.492011228552368 4.097209453582764 5.914831638336182
4.396261215209961 7.957500187066444 4.281638145446777 7.72174596786499
3.5982630252838135 6.935490451020925 4.4208831787109375 9.060917854309082
6.24417781829834 7.288086815054385 3.3809468746185303 3.897766351699829
5.831149578094482 8.747617124831152 4.784319877624512 7.242659091949463
4.845432758331299 7.070204584116695 5.169426441192627 9.91086196899414
4.152128219604492 8.029681076591828 5.403059959411621 11.830376625061035
4.795726776123047 5.305249349458585 1.7367643117904663 1.7928205728530884
4.173541069030762 6.886360314729259 2.0468757152557373 2.6750380992889404
2.4478600025177 4.341306267446328 2.3760392665863037 3.7280638217926025
2.92836594581604 5.189436098113159 2.5709500312805176 4.462177753448486
5.28366756439209 6.142908946274616 1.8434514999389648 1.9041380882263184
4.775642395019531 6.325099749535468 2.205465793609619 2.921414375305176
3.8725054264068604 6.2551266784748805 2.592698812484741 4.169960975646973
2.6154894828796387 4.671339887543383 2.8199431896209717 5.05802583694458
6.019795894622803 7.179529985776978 2.000314950942993 2.0685598850250244
5.418593406677246 8.206787822577667 2.4385180473327637 3.2878127098083496
4.004597187042236 7.492110799348126 2.908026933670044 4.82399320602417
3.548372268676758 6.527171952824176 3.1792094707489014 5.927351474761963
5.808846473693848 6.513613880991215 2.2004611492156982 2.2838001251220703
4.626516819000244 6.985718367121066 2.599121332168579 3.4931933879852295
3.0647048950195312 5.769576889907057 2.9828004837036133 4.902170181274414
2.456848621368408 4.092145906194048 3.187464952468872 5.852443218231201
6.4592766761779785 7.455358772386489 2.3565304279327393 2.4498543739318848
4.764086723327637 7.721511399296219 2.8604536056518555 3.928013324737549
3.1121957302093506 5.274162948779463 3.353992223739624 5.706939220428467
3.4299263954162598 6.818540658234298 3.6133511066436768 6.931028842926025
7.526220321655273 9.090097611480417 2.5998709201812744 2.7084591388702393
4.708075523376465 8.258206894498898 3.264986991882324 4.605548858642578
5.226775169372559 9.075137782867294 3.9177231788635254 6.950944900512695
4.510998725891113 6.940889236306141 4.25154447555542 8.5704927444458
6.0977630615234375 6.878195024117815 2.9713668823242188 3.0546512603759766
3.8269107341766357 5.9298773771815405 3.378978729248047 4.657108306884766
3.292978048324585 5.474092603245708 3.695234775543213 6.32431173324585
3.2579400539398193 5.939912292441022 3.8420581817626953 7.379277229309082
7.1276350021362305 8.166002756695889 3.1596295833587646 3.281522750854492
5.156177520751953 7.9292958177748005 3.7540652751922607 5.348238468170166
3.597597360610962 6.156980255709982 4.243021488189697 7.57468843460083
2.733400583267212 3.704260459519681 4.466037750244141 9.019277572631836
8.50697135925293 10.027036028291377 3.4813272953033447 3.646233320236206
5.920495510101318 8.721667298823604 4.36606502532959 6.4530229568481445
4.724964618682861 9.155014313394986 5.104262351989746 9.554571151733398
3.3153626918792725 6.0540541733398925 5.4279327392578125 11.573832511901855
4.895997524261475 5.376090673809358 3.0389456748962402 3.3893446922302246
4.434659004211426 6.876285925565071 4.4784255027771 6.350941181182861
3.162705898284912 4.864711615181932 4.431732177734375 7.829204082489014
2.6650047302246094 5.228175394072196 4.435424327850342 8.800276756286621
5.99636173248291 6.5839386376395055 3.3103151321411133 3.7118775844573975
4.985021114349365 6.934289163212227 4.968900203704834 7.349812984466553
2.827136993408203 4.81299473325987 5.140584945678711 9.523436546325684
3.1007890701293945 5.450460599478902 5.2368388175964355 10.955284118652344
6.4023895263671875 7.036448820789531 3.7430641651153564 4.232557773590088
6.566277503967285 9.870670062416139 5.795808792114258 8.993743896484375
4.160103797912598 6.500907668022116 6.282289981842041 12.225799560546875
4.9738874435424805 7.076864696997632 6.495677471160889 14.353818893432617
4.238139629364014 5.35344099100971 1.7218855619430542 1.7880340814590454
3.2990498542785645 6.21662648563418 2.0744528770446777 2.7687911987304688
2.8213019371032715 6.230088836659135 2.3959925174713135 3.8366429805755615
2.4429008960723877 4.997920565681397 2.5615899562835693 4.530038356781006
4.784353733062744 6.171740789758928 1.8229379653930664 1.8966941833496094
3.6264402866363525 5.997254468821438 2.230849504470825 3.0348780155181885
2.923229455947876 5.107779559037709 2.611496925354004 4.32032585144043
1.3276160955429077 3.0131523683495214 2.80621075630188 5.165908336639404
5.3811726570129395 7.366820271440369 1.9695430994033813 2.055896520614624
4.9032745361328125 9.045718661168092 2.455418586730957 3.4276390075683594
4.050346851348877 6.140180941415565 2.916672706604004 5.023879528045654
3.3576467037200928 6.314125096471798 3.148869752883911 6.078502655029297
5.056919097900391 6.396723334408307 2.146057605743408 2.239306926727295
3.864764928817749 6.695284507517215 2.6151154041290283 3.5882656574249268
2.8197126388549805 5.6934867158470155 3.001891851425171 5.040769577026367
2.6855931282043457 5.497646850729552 3.170445680618286 5.946448802947998
5.7397990226745605 7.455511521325434 2.291936159133911 2.3978967666625977
4.632125377655029 8.049542276268767 2.871523857116699 4.058367729187012
2.5880191326141357 5.201541273684143 3.3666181564331055 5.917377471923828
2.2368545532226562 4.990495382926557 3.582028865814209 7.084514141082764
6.63358211517334 8.789116842413307 2.5113136768341064 2.6406280994415283
5.804952621459961 9.098271396676523 3.253716230392456 4.778160572052002
2.609203815460205 4.0711810981167105 3.9024269580841064 7.237860679626465
3.9168171882629395 6.866269120410834 4.179340362548828 8.77715015411377
5.466055870056152 6.944932357693176 2.718259334564209 2.861530303955078
3.860839605331421 6.550676797406595 3.2550625801086426 4.576690673828125
3.1371853351593018 5.159530529260458 3.6549015045166016 6.371589183807373
2.425058603286743 4.751633909989835 3.7894880771636963 7.4308342933654785
6.241103172302246 8.020513809544354 2.8944950103759766 3.0604588985443115
4.908866882324219 8.933607110408122 3.6304092407226562 5.31273889541626
3.787672996520996 6.548863181055253 4.1911091804504395 7.730386734008789
3.224524974822998 4.677459941482994 4.3837666511535645 9.149511337280273
7.516441822052002 9.668639765511136 3.181837558746338 3.38672137260437
5.564889430999756 9.933347154875662 4.207019329071045 6.475123882293701
3.345503330230713 5.48248094527716 4.998342514038086 9.816384315490723
3.4246208667755127 5.493666097827514 5.267972469329834 11.75289249420166
4.120603084564209 4.667636497526189 2.9819564819335938 3.266423463821411
3.898573637008667 6.781308073427908 3.9536752700805664 5.688113212585449
2.698075294494629 5.495177261203025 4.247030735015869 7.602817535400391
1.968011498451233 3.14392918807971 4.318355560302734 8.718655586242676
4.749569892883301 5.935498758377776 3.24479341506958 3.5846641063690186
4.5823187828063965 7.479599802225852 4.438331604003906 6.714980602264404
2.4488844871520996 4.616685273298572 4.9456915855407715 9.427996635437012
2.6068711280822754 4.887485573587071 5.075465202331543 10.965977668762207
6.62780237197876 7.469077935738881 3.6584110260009766 4.096188545227051
5.151515960693359 8.136517304044446 5.211620807647705 8.36832332611084
4.19931697845459 6.922949861693013 6.008136749267578 12.254150390625
4.139819622039795 6.647614947608872 6.216610908508301 14.396739959716797
4.695719242095947 5.654324734995061 1.868465542793274 1.9492958784103394
4.008729934692383 7.012254804746085 2.2458584308624268 3.0590949058532715
2.8840255737304688 5.918571604645649 2.570675849914551 4.195404529571533
1.7689883708953857 3.599256781572592 2.7299611568450928 4.917912006378174
5.225039482116699 6.395612022796172 1.9788849353790283 2.066627264022827
3.7859907150268555 6.655349575696576 2.426488161087036 3.377027988433838
3.466113328933716 5.9929523587106885 2.816697120666504 4.7655158042907715
3.144334316253662 5.147887099446958 3.0061521530151367 5.649611949920654
5.951796531677246 7.549114028253143 2.137331247329712 2.2354862689971924
4.583243370056152 7.479677229980325 2.6841254234313965 3.822112798690796
4.209425926208496 7.119662999910936 3.16413950920105 5.558653354644775
4.1072821617126465 6.9454602481710594 3.393594264984131 6.66849946975708
5.577678680419922 6.674043157387132 2.375758647918701 2.492034673690796
4.066371917724609 6.630020381608119 2.894660234451294 4.058823585510254
2.3641364574432373 4.248892309527221 3.2972609996795654 5.655557632446289
2.9831933975219727 5.996435022716014 3.4650726318359375 6.6320576667785645
6.269216060638428 7.578194038053101 2.53239369392395 2.6649668216705322
4.111794948577881 6.221561693970155 3.1936018466949463 4.620410919189453
3.2141001224517822 5.2151028348863235 3.714573860168457 6.678737640380859
3.3704941272735596 5.42805962287639 3.931649923324585 7.936944961547852
7.215874671936035 9.10558300765706 2.7694053649902344 2.924710988998413
5.389100551605225 8.548678104298205 3.6372392177581787 5.440175533294678
4.873964786529541 6.488287801635465 4.3239922523498535 8.156439781188965
3.996593475341797 7.110299327720432 4.6072001457214355 9.816339492797852
5.928587436676025 7.127279323911807 2.9850807189941406 3.1291112899780273
3.821901321411133 6.254685079700385 3.667346477508545 5.274997234344482
2.9403631687164307 5.245538154066544 4.088043212890625 7.307098865509033
2.6401138305664062 4.278665196791593 4.227500915527344 8.478264808654785
6.891266345977783 8.329461359343895 3.1919119358062744 3.3727893829345703
4.4745001792907715 7.290738766955144 4.109093189239502 6.173344612121582
2.959672689437866 4.171078309252152 4.702505111694336 8.879912376403809
3.289496898651123 5.760329210590726 4.904669761657715 10.436938285827637
8.046724319458008 10.003303547098511 3.5185983180999756 3.753695011138916
5.535612106323242 7.991445025681514 4.787158489227295 7.511929512023926
4.579545974731445 7.880161506755513 5.620684623718262 11.185426712036133
4.425319671630859 7.124125745675428 5.9038405418396 13.295703887939453
4.767766952514648 5.497483852908999 3.3015971183776855 3.674088716506958
3.2413108348846436 5.0822926767286845 4.431419372558594 6.5896453857421875
2.936079263687134 4.901676820942026 4.810386657714844 8.857873916625977
2.1055941581726074 3.5975034715255347 4.885396480560303 10.111021041870117
5.657003879547119 6.105715837570315 3.5967631340026855 4.050166130065918
4.267601013183594 7.390783031972717 5.024577617645264 7.840030670166016
3.5382847785949707 5.416846612445056 5.603292465209961 10.9567232131958
3.4527053833007812 5.519682989668592 5.7481842041015625 12.65552806854248
5.458377361297607 6.501028839865739 4.054896354675293 4.629388809204102
5.5192155838012695 8.877315632791309 5.946990013122559 9.781227111816406
4.542327404022217 6.933719581163643 6.808086395263672 14.051251411437988
3.9359359741210938 5.064424352679803 7.034962177276611 16.376646041870117
5.294824123382568 6.444542709160942 1.9850354194641113 2.0612857341766357
3.6310720443725586 5.982179881498837 2.416393756866455 3.2732484340667725
3.3761417865753174 5.57288045920825 2.755866289138794 4.53693151473999
2.5335500240325928 5.0668182742005285 2.903001070022583 5.371849536895752
5.5414533615112305 6.750049954150476 2.113011360168457 2.2014780044555664
3.942178726196289 6.865237372544746 2.63234543800354 3.652623414993286
3.789855718612671 5.941000301941017 3.043564558029175 5.206679821014404
2.47562313079834 4.503314565066404 3.219515562057495 6.236600875854492
6.198271751403809 7.9095989541933704 2.3014280796051025 2.408517837524414
4.794132709503174 8.043119833366745 2.9451255798339844 4.202431678771973
2.3256008625030518 4.072728876305888 3.4529385566711426 6.163421154022217
3.939244270324707 4.881119440902534 3.663241147994995 7.462194442749023
6.390678405761719 7.658838897663716 2.6669692993164062 2.7832283973693848
4.549740314483643 6.373076292090147 3.276172399520874 4.596921443939209
3.025113344192505 5.240072608154163 3.6678361892700195 6.390067100524902
2.6485345363616943 4.671652217212255 3.7898073196411133 7.510891437530518
6.936279773712158 8.339622332759646 2.8560662269592285 2.997850179672241
5.230422496795654 7.47736220185981 3.65360689163208 5.312636375427246
3.642448663711548 6.511596275989749 4.179203987121582 7.660651683807373
3.0195271968841553 5.362914411119512 4.346583843231201 9.12602424621582
7.716445446014404 9.612269088937751 3.1481168270111084 3.329288959503174
6.309872627258301 9.515174183971709 4.223122596740723 6.392868995666504
4.249844551086426 5.660798308161617 4.933070182800293 9.538952827453613
4.280470371246338 7.490071659801629 5.152683258056641 11.482090950012207
6.568745136260986 7.833420024184079 3.419651508331299 3.603884220123291
3.4180164337158203 5.474120433456619 4.317139625549316 6.261569976806641
1.8735198974609375 3.287250016781627 4.695141315460205 8.537609100341797
1.803588628768921 3.4092723047151594 4.735139846801758 9.837037086486816
7.520651817321777 8.972897185366094 3.686901092529297 3.927103281021118
4.030325412750244 6.818139071619498 4.898124694824219 7.441067218780518
2.686694622039795 5.084935109588258 5.464020729064941 10.525423049926758
2.4224600791931152 3.435553639202695 5.560235500335693 12.303876876831055
8.745880126953125 10.752195979038959 4.118087291717529 4.442170143127441
5.688969612121582 8.606557500694635 5.803103923797607 9.250598907470703
4.709201335906982 7.558991343923594 6.631767272949219 13.525165557861328
2.238694190979004 4.255690265604076 6.784678936004639 15.956792831420898
4.412668228149414 5.037002145553288 2.8803060054779053 3.4072139263153076
3.756063222885132 6.323774202793005 5.241225719451904 7.813090801239014
2.773268222808838 4.6041414479407194 5.616433143615723 10.512582778930664
2.2553632259368896 3.7133947998781878 5.551401138305664 11.86280632019043
5.765221118927002 6.686428103173512 3.4147114753723145 4.603658676147461
4.248053550720215 7.160223516437554 6.030025959014893 9.468202590942383
3.7968807220458984 4.942161425955682 6.613083362579346 13.14729118347168
2.1809465885162354 2.671956412284464 6.607612133026123 15.058979034423828
7.080410480499268 7.882827516288671 4.154076099395752 3.7849607467651367
6.118865489959717 8.245380115851507 7.278133869171143 12.052472114562988
4.578235626220703 7.59417115520796 8.157485008239746 17.156864166259766
4.026275157928467 5.189184604644321 8.201841354370117 19.81976318359375
4.212889671325684 4.952855354972257 1.629307508468628 1.6795955896377563
3.5155997276306152 5.8814768590184485 1.9331048727035522 2.5762808322906494
2.0533876419067383 4.017055990579101 2.2583956718444824 3.640937566757202
1.9889755249023438 4.013853432108164 2.4433538913726807 4.337751865386963
4.887754440307617 6.050796732119295 1.7320334911346436 1.7901407480239868
3.8623015880584717 6.401187060495943 2.0874266624450684 2.829500675201416
3.0567214488983154 6.4724440989214145 2.4686529636383057 4.103049278259277
1.7610936164855957 2.6688630495705836 2.681882381439209 4.948408603668213
5.764216899871826 7.367363605802893 1.8881679773330688 1.9580821990966797
5.257120609283447 8.32917003227967 2.3194499015808105 3.2150990962982178
3.887381076812744 6.260775526184325 2.7780027389526367 4.793649673461914
2.9036784172058105 5.498829104476908 3.0266103744506836 5.842761516571045
5.039545059204102 5.976735343031896 1.9580799341201782 2.0121920108795166
3.453169107437134 5.2393927818128105 2.3494608402252197 3.222489833831787
2.880924701690674 4.6485545587163415 2.747377634048462 4.655265808105469
2.0148189067840576 3.742044858475552 2.9528958797454834 5.5689778327941895
5.903115272521973 7.225268801819311 2.109154462814331 2.1809592247009277
5.061220645904541 7.607048370284133 2.5988781452178955 3.6615688800811768
3.02825665473938 5.7523679839759225 3.09563946723938 5.476066589355469
3.1070375442504883 5.898102921868599 3.3449556827545166 6.638961315155029
7.087477207183838 8.885326810046358 2.3539977073669434 2.4510669708251953
5.3766889572143555 8.874625234729024 2.9962782859802246 4.368284225463867
4.650665760040283 7.35185193333462 3.6352808475494385 6.763952732086182
3.2716033458709717 5.569810942569859 3.9397647380828857 8.279670715332031
5.473058700561523 6.552024242904622 2.4645423889160156 2.4587950706481934
3.8013603687286377 7.138433459196563 2.8681626319885254 3.992452383041382
2.7496044635772705 4.852917398375098 3.2684485912323 5.740915775299072
1.8581348657608032 3.775302992584102 3.4580349922180176 6.816579818725586
6.584883689880371 8.038727470893427 2.65749454498291 2.6913397312164307
5.772824287414551 8.901503021712642 3.2242178916931152 4.663703918457031
4.2295918464660645 7.7301543348372626 3.7707343101501465 6.986835479736328
2.47784161567688 4.693638820197961 4.013899326324463 8.4014892578125
8.07681655883789 9.973600049467791 2.990377187728882 3.0763864517211914
5.466097831726074 8.70695502334263 3.8186511993408203 5.784345626831055
5.08482027053833 8.367433656401715 4.577298641204834 9.000897407531738
3.875760078430176 5.801406658574656 4.8864359855651855 10.898003578186035
4.262002468109131 4.675220004613493 2.672701597213745 3.003345489501953
3.336348295211792 5.5461146055860695 3.5569448471069336 4.961882591247559
2.9278652667999268 5.193423629301208 3.758251667022705 6.744933605194092
1.5456788539886475 3.1503462137235942 3.8897018432617188 7.884367942810059
5.402074337005615 5.782531346934272 2.9489998817443848 3.3519656658172607
4.525784969329834 7.5267325247714325 4.030210971832275 5.906523704528809
4.5352911949157715 6.938498934251243 4.407925605773926 8.4110107421875
2.7355339527130127 4.9632030128359474 4.5909223556518555 9.939271926879883
6.351510524749756 6.926390242188745 3.421900510787964 3.9418227672576904
4.765152931213379 6.950325559542648 4.844938278198242 7.515672206878662
4.240777969360352 7.375014876210798 5.468725681304932 11.139439582824707
3.673912763595581 6.433231805384893 5.711856365203857 13.214163780212402
4.088800430297852 4.670740590101147 1.7756268978118896 1.842790126800537
3.853864908218384 6.560301587136138 2.074145793914795 2.7330620288848877
2.8438680171966553 5.685535395914258 2.331334352493286 3.689706325531006
2.800682783126831 4.916401213221889 2.4551894664764404 4.312175273895264
4.8461995124816895 5.864086773276981 1.8792003393173218 1.9557617902755737
3.8625402450561523 4.74985719057301 2.23401141166687 3.0050175189971924
3.576531410217285 6.665160655342184 2.542137861251831 4.152233600616455
2.630683422088623 5.78526383544968 2.686086416244507 4.89316463470459
5.800138473510742 7.238202556598026 2.0334198474884033 2.1214873790740967
5.162760257720947 8.214380216706559 2.4666013717651367 3.3968865871429443
3.6969497203826904 7.866941764241773 2.8435587882995605 4.815535545349121
4.1166253089904785 7.830930688417652 3.0123846530914307 5.719804763793945
5.007407188415527 5.7411648821126455 2.308840274810791 2.406609535217285
3.8717007637023926 5.91265170902625 2.680194854736328 3.62884783744812
3.379013776779175 6.336698357526256 2.939354181289673 4.874558448791504
3.0924768447875977 5.897206625998933 3.033099412918091 5.645803928375244
5.840297222137451 6.963961536564113 2.4534971714019775 2.570302724838257
5.131834983825684 7.28166890563125 2.943012237548828 4.110517501831055
3.1947813034057617 5.818673627711632 3.2983057498931885 5.716912269592285
3.110074520111084 4.913640341548444 3.423657178878784 6.692269802093506
7.036620140075684 8.788056158240778 2.684215545654297 2.8261311054229736
6.240911960601807 9.773949115941889 3.3433480262756348 4.837312698364258
4.8470635414123535 7.659894206496176 3.831695318222046 6.975275993347168
3.0765113830566406 5.5342476531703255 3.9978909492492676 8.241250038146973
5.397963523864746 6.222351260238081 3.0193209648132324 3.165313243865967
3.518834114074707 6.0915646795791645 3.469123601913452 4.8428635597229
2.746135950088501 4.522625810711759 3.6364924907684326 6.273353099822998
2.8546833992004395 5.560846393767065 3.6469600200653076 7.104891777038574
6.458409309387207 7.6665569885281 3.2191100120544434 3.401768445968628
5.143559455871582 8.745742353935498 3.8615834712982178 5.605915069580078
3.535806655883789 6.338470317417961 4.167469501495361 7.582817554473877
3.128894805908203 6.194659182152964 4.216529369354248 8.696958541870117
7.864974021911621 9.757267471466776 3.546792984008789 3.7814064025878906
5.064330577850342 8.56195587876573 4.473670482635498 6.788409233093262
4.844509124755859 8.522594053310968 4.974337100982666 9.582222938537598
3.5415029525756836 5.513287344769424 5.073408603668213 11.102039337158203
3.851881504058838 4.155577413780378 3.3104615211486816 3.7222182750701904
4.629913806915283 7.541036636789158 4.298633575439453 6.22866153717041
3.22879695892334 5.900425303537304 4.306344032287598 7.654568672180176
2.586348056793213 5.145250161610591 4.194546222686768 8.424121856689453
5.691338062286377 6.677903062284543 3.594735860824585 4.093498229980469
4.8190131187438965 6.928302928294443 4.8420538902282715 7.344823837280273
3.6138830184936523 6.299694145016161 5.003063678741455 9.41971492767334
2.592888593673706 3.650510446964482 4.927441120147705 10.520401000976562
6.851134300231934 7.857091616750722 4.047014236450195 4.67274808883667
6.22096586227417 8.708289188840936 5.690145969390869 9.064997673034668
4.914120197296143 7.909633114477188 6.0694050788879395 12.132325172424316
3.3695766925811768 5.738257423266958 6.041049957275391 13.711621284484863
4.281743049621582 4.869120276216071 1.6829606294631958 1.7295347452163696
4.315844535827637 7.059975420759997 1.9825456142425537 2.5616893768310547
2.737311601638794 5.301234367972652 2.306283473968506 3.5020854473114014
3.344717502593994 5.484830973522648 2.4906492233276367 4.156628131866455
4.978219985961914 5.965584496892234 1.7806974649429321 1.8334585428237915
4.547105312347412 7.7506370515782805 2.127009630203247 2.7903523445129395
3.2086942195892334 5.6303741273364665 2.5063669681549072 3.919921636581421
3.511709451675415 6.122295477205005 2.7226808071136475 4.7165846824646
5.885351657867432 7.3439749193935855 1.9266225099563599 1.988037347793579
5.054318428039551 8.85686549325406 2.338163137435913 3.1273062229156494
3.814880609512329 7.681351311009209 2.792938709259033 4.521187782287598
3.6744871139526367 6.7903445993031255 3.0517826080322266 5.512182235717773
5.354526519775391 6.147347282596343 2.071232557296753 2.118861675262451
4.523369789123535 7.427327843640796 2.4642324447631836 3.239227294921875
4.077235221862793 7.155693554722625 2.8676536083221436 4.531440258026123
3.3127541542053223 5.88189538921813 3.0774922370910645 5.413270950317383
6.216106414794922 7.389998005417112 2.210371255874634 2.268078327178955
5.541776180267334 7.559070352722301 2.6905460357666016 3.6190783977508545
4.215968132019043 7.674916629880528 3.1960930824279785 5.255739688873291
3.5395474433898926 6.281539608070602 3.4627606868743896 6.391404151916504
7.257481098175049 9.074207872015677 2.4326601028442383 2.506627082824707
5.763184070587158 9.712508518874046 3.039578914642334 4.209424018859863
5.433647632598877 9.895796489342658 3.6857972145080566 6.3470282554626465
2.1791603565216064 4.97369052256272 4.02863883972168 7.84124755859375
5.7919816970825195 6.704409893615775 2.6183102130889893 2.676413059234619
4.634088516235352 7.322362313296602 3.0813112258911133 4.120937347412109
2.973220109939575 5.550984644615738 3.501983642578125 5.737696170806885
2.7064461708068848 5.377213277496594 3.693981409072876 6.787782192230225
6.924596309661865 8.204826168401269 2.8003947734832764 2.8683300018310547
5.145119667053223 8.179750652451787 3.4048025608062744 4.6977128982543945
3.475369453430176 5.110646724988918 3.974174737930298 6.830514430999756
3.0998053550720215 5.066768499656149 4.24598503112793 8.24346923828125
8.17707347869873 10.017251417432362 3.1072025299072266 3.199233293533325
6.618955135345459 10.595639643201594 3.920919895172119 5.622684955596924
5.078689098358154 7.041492139535194 4.697603225708008 8.516134262084961
3.6141579151153564 6.881206464789241 5.076093673706055 10.449984550476074
4.238149166107178 4.640954483315076 2.7554423809051514 3.0057361125946045
3.725626230239868 5.698276519088836 3.877793312072754 5.4222798347473145
2.294062614440918 3.828236263103463 4.131237030029297 6.988612174987793
2.1810014247894287 3.3374403051829233 4.244535446166992 8.059367179870605
5.4533538818359375 6.283131788326273 2.9933605194091797 3.2785215377807617
5.071365833282471 7.822818846203802 4.316512107849121 6.254022598266602
4.404078006744385 6.8078286067551055 4.740324020385742 8.463985443115234
3.7061450481414795 6.985042564022668 4.945422649383545 9.956023216247559
5.879648208618164 7.085745024146284 3.3843231201171875 3.738424301147461
5.852309226989746 9.134900888147286 5.026333332061768 7.617269039154053
5.051359176635742 7.196923404811628 5.685408592224121 10.73762035369873
4.712710380554199 6.504552370371774 6.013643741607666 12.851001739501953
4.256603717803955 4.926072222566148 1.7346861362457275 1.7898319959640503
4.158944606781006 6.89808208355953 2.068369150161743 2.7086663246154785
3.1029245853424072 5.728974175095196 2.4036619663238525 3.7906088829040527
3.0150625705718994 5.998098381406834 2.5966250896453857 4.553372383117676
4.976925849914551 5.9807826599894724 1.8404830694198608 1.9039840698242188
3.1188650131225586 5.242309576165326 2.2202038764953613 2.9686968326568604
2.6150264739990234 4.876154129250494 2.608454704284668 4.26125431060791
2.2400457859039307 4.654929917076942 2.8328607082366943 5.185739040374756
5.844385623931885 7.192211044339388 1.9966521263122559 2.070034980773926
5.2306389808654785 7.552068648371325 2.4453492164611816 3.340942859649658
4.330438137054443 6.576020996289458 2.9097321033477783 4.931990146636963
3.4935221672058105 6.507123745089764 3.1778488159179688 6.082003593444824
5.3520379066467285 6.193403133721063 2.16129207611084 2.227099657058716
4.657607555389404 7.545639584446008 2.6132099628448486 3.496706485748291
3.7299628257751465 7.210365771103227 3.039048910140991 5.002523899078369
2.475983142852783 4.963406812167705 3.260732889175415 6.046253204345703
6.1773600578308105 7.356457492377004 2.3123958110809326 2.3944473266601562
5.5327959060668945 8.840807149229418 2.8575291633605957 3.943959951400757
2.6038284301757812 5.274996669601478 3.384352445602417 5.842317581176758
3.3272032737731934 6.22029179057219 3.661206007003784 7.169687747955322
7.249985218048096 8.822424042193006 2.548210859298706 2.650892734527588
5.812314033508301 9.090600217625138 3.2376363277435303 4.615856647491455
4.56399393081665 7.194578179615149 3.9117369651794434 7.089321136474609
4.392211437225342 7.176773555199361 4.264645576477051 8.822509765625
5.7352705001831055 6.701802273708381 2.833688259124756 2.8956820964813232
5.297905921936035 8.49340113438575 3.366364002227783 4.571188449859619
3.5115671157836914 5.641967788289861 3.796844005584717 6.445718288421631
3.154540777206421 4.974295949343286 3.9895033836364746 7.703275203704834
6.804093360900879 8.089468936959326 3.0177645683288574 3.110093832015991
5.617941856384277 8.947168094119661 3.7147321701049805 5.258472919464111
4.316833972930908 7.202617223156267 4.299167156219482 7.737310886383057
3.8587887287139893 7.191151537962718 4.56867790222168 9.395228385925293
8.24494457244873 10.050780168374786 3.3259148597717285 3.4570701122283936
6.3475470542907715 10.256902111176474 4.280717849731445 6.331415176391602
4.198976039886475 7.608312638017253 5.0902791023254395 9.701422691345215
4.642642974853516 7.767896738342397 5.463987350463867 11.931044578552246
5.0182719230651855 5.774054609180894 3.1453638076782227 3.420652389526367
4.532329559326172 8.093015691693992 4.492459297180176 6.3266520500183105
3.2525582313537598 5.332561639086634 4.6150312423706055 8.010839462280273
3.273866653442383 5.705473185032442 4.6792755126953125 9.272936820983887
5.799492835998535 6.207545004024723 3.4104106426239014 3.753498077392578
4.614058971405029 7.550495357322529 4.980573654174805 7.341851234436035
4.26082181930542 7.61616855499048 5.266854286193848 9.751795768737793
2.6426949501037598 4.62391314452168 5.417402267456055 11.491816520690918
6.599459648132324 7.104102446416505 3.847327470779419 4.293680191040039
7.033385276794434 9.75104643443781 5.774697303771973 8.941309928894043
3.450376033782959 4.397499109551973 6.308924674987793 12.432662963867188
4.493412494659424 6.987886857383728 6.574882507324219 14.83804988861084
4.233077049255371 5.346512009877756 1.6219258308410645 1.701793909072876
3.6278538703918457 5.964008569039663 2.021972417831421 2.8322482109069824
2.794912815093994 4.9329059641853235 2.377859354019165 3.962162733078003
2.5293006896972656 4.558191252255085 2.546004295349121 4.6336517333984375
4.860198974609375 6.168733994936247 1.71510910987854 1.8025741577148438
4.078821659088135 7.353040621212301 2.163914918899536 3.0917766094207764
2.773897171020508 5.043572589613319 2.575326681137085 4.442248821258545
2.8864901065826416 5.4470258599724275 2.7705647945404053 5.259366989135742
5.580053329467773 7.31791218243437 1.8541293144226074 1.952301263809204
4.699878215789795 8.478217817147122 2.3719074726104736 3.46496319770813
4.142358779907227 5.682769702134554 2.858323335647583 5.12193489074707
2.84291672706604 5.5714459719376075 3.087531805038452 6.139856338500977
5.133640766143799 6.382019267835972 1.900537133216858 2.00272798538208
4.625060081481934 7.858485192718945 2.455298900604248 3.563833713531494
2.9051713943481445 5.826931272602451 2.927290678024292 5.119299411773682
2.3408639430999756 4.360032790102423 3.120248794555664 6.006816387176514
5.87498140335083 7.407315600169454 2.034571647644043 2.1491029262542725
4.129696369171143 6.161355075906272 2.6755454540252686 3.988311290740967
2.695239543914795 5.567474900248338 3.2482686042785645 5.94127893447876
2.273526191711426 3.828418605431608 3.4884417057037354 7.083474636077881
6.771703243255615 8.710402427218014 2.246765613555908 2.380297899246216
4.747030258178711 8.873078503404145 3.0161752700805664 4.634573936462402
3.963404655456543 6.488668450307841 3.7276062965393066 7.158588886260986
3.6968839168548584 5.513388918821278 4.027169227600098 8.66057300567627
5.61049747467041 6.871882294048305 2.2731707096099854 2.4058480262756348
4.478689193725586 7.705400447716329 2.9641125202178955 4.4384050369262695
3.689655065536499 5.764311928305688 3.5102453231811523 6.3753461837768555
2.862412452697754 4.774236995812004 3.6991212368011475 7.430513858795166
6.606414794921875 8.156821873717355 2.441791296005249 2.593154191970825
4.522059917449951 6.8155701927770735 3.264056444168091 5.049174785614014
3.9642021656036377 5.676939822129043 3.961350440979004 7.582364082336426
3.159144878387451 5.688660461079422 4.21694278717041 8.999009132385254
7.7975172996521 9.869054644711243 2.724705457687378 2.9055047035217285
5.635561466217041 9.281255455749033 3.7495288848876953 6.019009113311768
4.682372570037842 6.8204217936742 4.6546502113342285 9.413592338562012
3.9696078300476074 7.122382409111353 4.992778778076172 11.341450691223145
4.125998020172119 4.426743371946259 2.6898655891418457 3.1011435985565186
3.9787867069244385 7.0018359280797915 3.551839828491211 5.424455642700195
2.875931739807129 4.845233915260678 4.037998676300049 7.524680137634277
2.0006325244903564 3.5443871281654538 4.190240859985352 8.658740997314453
5.072312831878662 5.260897343070042 2.9036917686462402 3.380166530609131
5.534560680389404 9.250110412554932 3.9293465614318848 6.254629135131836
3.647610664367676 5.275771719849558 4.60380220413208 9.090889930725098
3.022775411605835 5.561036111075055 4.836261749267578 10.661192893981934
6.190497875213623 6.88441306206505 3.26145076751709 3.834456205368042
5.252208232879639 8.588905635477204 4.552826404571533 7.574545860290527
4.946925163269043 8.522092393119692 5.48778772354126 11.48889446258545
4.1041083335876465 6.338341914140756 5.81670618057251 13.669272422790527
4.070417404174805 5.072237181188683 1.7838057279586792 1.8474540710449219
3.879767656326294 7.05859334720617 2.120203971862793 2.838597059249878
2.947664737701416 5.780629269669269 2.4246559143066406 3.910750150680542
2.5960593223571777 5.072320380881592 2.5802862644195557 4.638925075531006
4.882016658782959 6.174974330552258 1.8936015367507935 1.965945839881897
3.7827048301696777 5.698250421222156 2.288431167602539 3.1172969341278076
3.8485264778137207 7.144983480039173 2.653188467025757 4.399960517883301
3.036221981048584 5.789766010005451 2.8389651775360107 5.272863864898682
5.864687442779541 7.527206809485258 2.0587239265441895 2.1434311866760254
4.995551109313965 7.507670447073679 2.538816452026367 3.5330910682678223
4.109992980957031 7.20324419313863 2.9878954887390137 5.12354040145874
3.8512954711914062 7.07899045764168 3.2115650177001953 6.201336860656738
4.868124961853027 6.112313906260539 2.2966885566711426 2.3754425048828125
3.5877926349639893 6.792971876949196 2.7534358501434326 3.7750227451324463
2.7290706634521484 5.234328761189261 3.1167104244232178 5.259021282196045
3.106527090072632 5.604106597007103 3.2662765979766846 6.21837043762207
5.773862361907959 7.27636368705771 2.4556193351745605 2.552088737487793
4.21151065826416 6.329093813665821 3.034679412841797 4.276083469390869
4.571787357330322 7.175516390118553 3.5134634971618652 6.1712846755981445
2.427772045135498 4.145694737060335 3.7138779163360596 7.395760536193848
6.938964366912842 8.923630350037001 2.7122857570648193 2.8345189094543457
5.569908142089844 9.403691755665932 3.477313995361328 5.060535907745361
5.028980255126953 7.3572581800879675 4.122315883636475 7.571589946746826
4.157693862915039 7.244037396791413 4.386324405670166 9.177568435668945
5.139441013336182 6.486538910266326 2.957021951675415 3.082005262374878
3.355752468109131 4.802727834413666 3.553755760192871 5.015232086181641
2.3154678344726562 4.57653909985936 3.914895534515381 6.863963603973389
2.1710479259490967 4.54073107291363 4.003265380859375 7.964962959289551
6.304993152618408 7.930640984644469 3.168523073196411 3.320148468017578
4.792385578155518 7.617368403381761 3.9807331562042236 5.820797443389893
3.023813247680664 5.3283992170804595 4.512322902679443 8.301448822021484
2.973554849624634 5.655214249628393 4.6664557456970215 9.781926155090332
7.7082624435424805 9.757736613066982 3.531930923461914 3.7303102016448975
6.784174919128418 10.778093830093876 4.671917915344238 7.1093573570251465
4.6232500076293945 8.069505352920316 5.45113468170166 10.540254592895508
4.701967716217041 6.878280925214767 5.6881256103515625 12.565971374511719
4.284967422485352 4.872623964321974 3.2948405742645264 3.619338035583496
3.605712890625 5.983872116272096 4.415112495422363 6.464206218719482
2.2141947746276855 5.094210452945646 4.676409721374512 8.460829734802246
2.2173049449920654 4.054151140072918 4.661670684814453 9.557016372680664
5.6109299659729 6.290221058163581 3.6076245307922363 4.006453037261963
4.637046813964844 7.121080963224358 4.972517013549805 7.6233649253845215
2.7302403450012207 4.561410109046392 5.467370986938477 10.410592079162598
3.207888603210449 5.684589456296635 5.521620273590088 11.96163558959961
6.8925557136535645 7.8919016627024945 4.117746353149414 4.639918327331543
5.809186935424805 8.471275948846582 5.907162666320801 9.481542587280273
5.032216548919678 8.007708281612402 6.712360858917236 13.4322509765625
3.712456703186035 5.831510011057986 6.856914520263672 15.636513710021973
4.553505897521973 5.277866165321029 1.6959341764450073 1.7533838748931885
4.363614559173584 7.273997541752749 1.979676604270935 2.5717010498046875
3.7553927898406982 6.180428210574158 2.2559196949005127 3.5176215171813965
3.2074413299560547 6.093764061670157 2.40678071975708 4.182185173034668
5.067703723907471 6.108383116527861 1.7949141263961792 1.855973243713379
3.96663498878479 6.813020764344856 2.122227668762207 2.793099880218506
3.9883549213409424 7.4334950987488355 2.446514368057251 3.915083408355713
2.022824764251709 3.4370145638453007 2.6235384941101074 4.716381072998047
5.614503383636475 6.899704235299801 1.940325379371643 2.008976697921753
5.050064563751221 8.457441954276675 2.329664945602417 3.1202516555786133
4.714745998382568 7.414233081434759 2.7195911407470703 4.492300033569336
4.013909816741943 7.015212433887285 2.9298858642578125 5.480340480804443
5.605844497680664 6.511243568609489 2.1167891025543213 2.2047059535980225
4.8708391189575195 7.630539945361761 2.4756662845611572 3.286111354827881
3.9763987064361572 6.716596071492404 2.79891037940979 4.538006782531738
3.4537510871887207 6.1800406744341805 2.950361728668213 5.393717288970947
6.1526641845703125 7.349244359724366 2.2624242305755615 2.3520007133483887
5.904279708862305 8.57676991938191 2.7075209617614746 3.667799711227417
3.932471513748169 6.5628754444881565 3.1203057765960693 5.250739097595215
4.237014293670654 7.737418238794174 3.315656900405884 6.343613147735596
7.001226425170898 8.612173138785693 2.4845879077911377 2.585819959640503
4.636913299560547 7.686982631853482 3.0597362518310547 4.259573936462402
5.284210205078125 7.322838151986389 3.600520133972168 6.329957485198975
4.053131580352783 6.991851174719386 3.8541619777679443 7.761954307556152
6.083763599395752 7.075208263018226 2.6814143657684326 2.8237974643707275
5.135407447814941 8.380788252676211 3.0917301177978516 4.214384078979492
4.1435418128967285 6.976876020576832 3.4145591259002686 5.725278377532959
3.22371244430542 5.179634077482575 3.526942729949951 6.707861423492432
6.967265605926514 8.215891756821748 2.862694025039673 3.0228431224823
5.352847576141357 8.4965525008487 3.4319639205932617 4.808394432067871
4.811354160308838 8.385870214416611 3.892038583755493 6.832178592681885
3.31600284576416 5.492114769518764 4.061382293701172 8.148770332336426
8.062796592712402 9.686945569801082 3.1615936756134033 3.3473172187805176
5.4251813888549805 8.434022738248558 3.9681553840637207 5.760513782501221
4.667771339416504 8.08526724781121 4.625679969787598 8.549280166625977
3.999964475631714 5.860688707196078 4.871392250061035 10.349921226501465
5.545782566070557 5.9080304816132205 2.8464198112487793 3.186429738998413
4.4256720542907715 7.168492654691363 3.9005064964294434 5.546294212341309
4.253188133239746 6.4960550472351315 4.016901969909668 6.924535274505615
2.62374210357666 4.459491305102915 4.0449910163879395 7.903981685638428
5.224818706512451 5.717039799088525 3.098811626434326 3.4733259677886963
4.479886531829834 5.985201199163612 4.330943584442139 6.396944522857666
4.536886215209961 6.885993485232861 4.648089408874512 8.432690620422363
3.4640707969665527 4.896375307306926 4.7368059158325195 9.81163501739502
6.897885799407959 7.846987672963915 3.5013668537139893 3.9378745555877686
5.605437755584717 8.298735923157999 5.0424485206604 7.781348705291748
5.022490501403809 7.586368824509094 5.632241725921631 10.803459167480469
3.2329061031341553 5.2358017109465 5.800494194030762 12.753347396850586
4.624786376953125 5.672799323477193 1.6307697296142578 1.691680669784546
3.678309440612793 6.863877187957996 1.9405152797698975 2.593308210372925
2.8655223846435547 5.454883505168078 2.2558953762054443 3.6384332180023193
1.352414846420288 2.0847308698668314 2.4451045989990234 4.374883651733398
5.1667256355285645 6.315944472505635 1.7280911207199097 1.7942711114883423
3.989436388015747 6.69063893475834 2.082199811935425 2.8229434490203857
3.031360626220703 5.57478934037249 2.448500633239746 4.059597015380859
3.03310489654541 5.709686012247573 2.6667277812957764 4.943860054016113
5.884819030761719 7.383767365711982 1.8706377744674683 1.9441543817520142
4.295084476470947 6.867820369152582 2.2887861728668213 3.1539793014526367
4.445586681365967 8.16432473749316 2.7266428470611572 4.662885665893555
3.6529526710510254 5.662823720957533 2.9845335483551025 5.75343132019043
5.586041450500488 6.800019382379105 1.916244387626648 1.9918792247772217
4.50586462020874 7.930510810396754 2.28290057182312 3.139047622680664
3.61188006401062 7.5294908788054045 2.67968487739563 4.533398151397705
2.4765872955322266 5.387679654609992 2.9151554107666016 5.519977569580078
6.230525970458984 7.588960190625471 2.0568392276763916 2.1417415142059326
4.695972442626953 7.808304855079827 2.5014963150024414 3.5139644145965576
2.667760133743286 3.621211867475381 2.9872899055480957 5.247782230377197
2.9809560775756836 5.743496391955489 3.2713675498962402 6.490413188934326
7.167088985443115 9.074691192454905 2.2713093757629395 2.3699231147766113
6.051427841186523 9.62962407476283 2.8350563049316406 4.080483913421631
4.413824558258057 7.763084003300401 3.4515278339385986 6.319816589355469
4.41840934753418 7.838487498085669 3.803936719894409 7.934765338897705
6.007232666015625 7.330168145293044 2.3271663188934326 2.4047303199768066
4.420604228973389 7.405732285405975 2.6408917903900146 3.720376968383789
2.944964647293091 4.908180184208504 3.0782272815704346 5.413411617279053
3.1598613262176514 6.1073710432476105 3.3496358394622803 6.621340274810791
6.933689117431641 8.458959097395564 2.496422529220581 2.595427989959717
4.3213276863098145 6.600687437417726 2.933143138885498 4.249395847320557
3.5364298820495605 6.701106294487989 3.5023751258850098 6.439661979675293
3.429103136062622 6.715518832463667 3.8417177200317383 8.014848709106445
8.129669189453125 10.231165146685044 2.773029327392578 2.897672653198242
5.339710712432861 8.287513066311021 3.3976988792419434 5.076252460479736
4.743042945861816 8.011288414239822 4.164501667022705 8.02950382232666
3.3258516788482666 6.053778363457809 4.6001811027526855 10.148883819580078
4.42751407623291 5.194878640548268 2.513852596282959 2.95346999168396
5.190812587738037 8.596759985954122 3.0799171924591064 4.422114849090576
3.054203987121582 5.4829636544486675 3.4022750854492188 6.152489185333252
1.646441102027893 3.495846648998736 3.6927132606506348 7.511249542236328
5.521823406219482 6.477414287807793 2.7544057369232178 3.237290620803833
5.797501087188721 8.952623502058486 3.4072282314300537 5.081681251525879
3.2203662395477295 4.712328243641423 3.924199342727661 7.4491777420043945
3.502923011779785 5.621711584287823 4.297469615936279 9.263978004455566
6.065762996673584 7.152731559657013 3.133723735809326 3.6917262077331543
5.282378673553467 9.116207573195945 3.9598071575164795 6.1311564445495605
5.220465183258057 8.622759885479837 4.757516384124756 9.493668556213379
4.214336395263672 6.97630449375356 5.247798442840576 11.990453720092773
4.55375337600708 5.1574622675266255 1.7037434577941895 1.756713628768921
3.5304923057556152 5.864631340928327 2.0075747966766357 2.6369292736053467
3.1060171127319336 5.971413163218699 2.3222734928131104 3.6685791015625
2.8084640502929688 5.055777471008746 2.5056982040405273 4.384291172027588
5.055481910705566 6.00621206816686 1.8017221689224243 1.8573625087738037
4.8123779296875 8.118819871904947 2.154189109802246 2.8640286922454834
2.787933826446533 4.6506580400684925 2.523118495941162 4.082479000091553
2.754932403564453 5.5629111049224775 2.7384753227233887 4.938719272613525
5.613656520843506 6.937976055538606 1.9467955827713013 2.0092597007751465
5.016472339630127 7.825018844812473 2.366738796234131 3.203427314758301
3.627633571624756 6.202080874367766 2.8078906536102295 4.6878662109375
3.657228469848633 6.5747870171758525 3.0627994537353516 5.738772869110107
5.5468854904174805 6.322598685006142 2.116438627243042 2.1823647022247314
4.221014022827148 6.298511524660471 2.51151704788208 3.3742291927337646
3.1917216777801514 5.9076131666670335 2.8897151947021484 4.767531394958496
1.5394245386123657 2.695710401480028 3.0924794673919678 5.718502521514893
6.174596786499023 7.2818899435469575 2.258443832397461 2.3301336765289307
4.234366416931152 5.618193711790662 2.7478222846984863 3.7656099796295166
4.181219577789307 7.263046409610595 3.222890853881836 5.508749485015869
3.2858998775482178 5.42016632790515 3.4781417846679688 6.711602210998535
6.99352502822876 8.6066695180034 2.484003782272339 2.5685923099517822
5.677180290222168 8.946087343637373 3.111419916152954 4.3831257820129395
5.274272918701172 8.651040613075565 3.7190990447998047 6.641712665557861
3.793618679046631 6.09409599842661 4.03878927230835 8.19819450378418
5.844674110412598 6.662539279677645 2.70820951461792 2.756040334701538
5.181373596191406 6.848334642600775 3.145771026611328 4.319391250610352
2.681518793106079 4.948243880880909 3.5160000324249268 6.016499042510986
2.6818032264709473 5.006277076867036 3.698873281478882 7.139625072479248
6.865872859954834 7.967578019207849 2.8844456672668457 2.961024284362793
4.5234375 7.329086571447917 3.4859447479248047 4.927860260009766
2.3452227115631104 4.31308896514102 3.9997572898864746 7.153837203979492
3.026728868484497 4.98380809396167 4.2521796226501465 8.640838623046875
8.08102035522461 9.79270532222165 3.1928751468658447 3.3044826984405518
5.622577667236328 8.810303010161757 4.037435531616211 5.917418479919434
5.255386829376221 9.731206996641887 4.746577739715576 8.939148902893066
2.6701436042785645 4.592393130072196 5.081579208374023 10.93679141998291
4.918327331542969 5.224727916413855 2.795654058456421 3.0574569702148438
4.534200668334961 6.574394503160752 3.912231206893921 5.556450366973877
3.196258783340454 5.2292576864289515 4.106893539428711 7.221538066864014
2.212496757507324 4.35873856830392 4.226263999938965 8.3968505859375
5.646007061004639 6.327108541286663 3.0272650718688965 3.33793306350708
4.4318742752075195 6.419013556131063 4.355373382568359 6.403522968292236
3.552701234817505 5.262092199480492 4.732457637786865 8.75034236907959
3.105088472366333 4.6465732274776315 4.929830074310303 10.365965843200684
6.861209392547607 7.768792758965007 3.4153194427490234 3.806518316268921
4.97385311126709 7.0696480690553685 5.1025190353393555 7.830402374267578
3.6360883712768555 7.303266986308927 5.719456195831299 11.178973197937012
3.820929527282715 5.432408629663307 6.002730846405029 13.407788276672363
4.289020538330078 5.1361024858974815 1.67934250831604 1.7384552955627441
3.97775936126709 5.5778769743790235 1.9962958097457886 2.6524059772491455
3.1107025146484375 5.870198702529449 2.3219845294952393 3.752544641494751
2.9163830280303955 5.975024160546127 2.5120303630828857 4.514156341552734
4.943075656890869 6.0381644588889 1.7837246656417847 1.8502956628799438
3.9570531845092773 5.971352093068617 2.1481080055236816 2.9017627239227295
2.874269962310791 5.70975545348972 2.528940200805664 4.196077823638916
3.0796396732330322 5.434002128731102 2.75104022026062 5.099749565124512
5.765969276428223 7.146242404456643 1.940405011177063 2.016646385192871
4.406970024108887 7.654790245528162 2.376408815383911 3.2709310054779053
4.674400329589844 8.053993360088725 2.8367631435394287 4.853161334991455
3.449737310409546 4.310397716933949 3.1023941040039062 5.968006610870361
5.204261302947998 6.206520145712325 1.982326626777649 2.0554416179656982
4.74824857711792 8.318464349966092 2.4132590293884277 3.2903032302856445
3.2884018421173096 5.900126473820592 2.845142126083374 4.81251859664917
2.730644464492798 3.6773628150435798 3.0785224437713623 5.849790096282959
6.00424337387085 7.207564384276338 2.1346588134765625 2.22145938873291
4.259840965270996 7.109513426507874 2.651170492172241 3.7049784660339355
4.230649948120117 7.18227177978893 3.183318853378296 5.5897698402404785
3.7626047134399414 5.668152875813206 3.4731552600860596 6.8885722160339355
7.023086071014404 8.742440790109868 2.3748698234558105 2.480356216430664
5.106426239013672 8.18439099369694 3.0282018184661865 4.353320598602295
4.92667293548584 8.072113320356493 3.7108023166656494 6.795288562774658
3.817403793334961 4.7037872462065025 4.077591896057129 8.491729736328125
5.458961009979248 6.579179676823969 2.365638256072998 2.4439053535461426
5.0912322998046875 8.952258653663193 2.9001123905181885 4.02679967880249
3.264664888381958 5.5488519646371515 3.3955533504486084 5.940334796905518
1.9651552438735962 3.467423748794694 3.640026330947876 7.207890033721924
6.509562015533447 7.843841782838069 2.5588502883911133 2.6589162349700928
4.910552024841309 8.428175127979959 3.2196688652038574 4.620068550109863
3.7609517574310303 6.357765382732424 3.866691827774048 7.086277008056641
3.407975912094116 5.466708849122085 4.193714618682861 8.739940643310547
7.720643520355225 9.6506717139161 2.876817226409912 3.0080645084381104
5.597642421722412 9.796572974328484 3.7513699531555176 5.590666770935059
4.356571197509766 7.376318243986248 4.630940914154053 8.921728134155273
3.260957956314087 6.009319303498716 5.068091869354248 11.161250114440918
3.7124876976013184 4.3099302257777055 2.6478004455566406 3.037186861038208
2.908579111099243 4.370008865014428 3.5858945846557617 5.004299163818359
2.969897985458374 5.52178643516277 3.9093267917633057 6.986213207244873
3.065941095352173 5.725743610699052 4.114254951477051 8.36489200592041
4.723321914672852 5.389990185331044 2.9013941287994385 3.3642561435699463
4.069551467895508 7.557385703035038 3.964312791824341 5.774796009063721
2.9496915340423584 3.78705291425058 4.486971855163574 8.454750061035156
3.6399664878845215 5.664483193591678 4.798584938049316 10.3226318359375
5.7444047927856445 6.176708214184885 3.3258867263793945 3.897735118865967
5.670790672302246 8.19350504721234 4.594376564025879 7.031297206878662
4.958790302276611 7.951489395860563 5.451045989990234 10.85560131072998
4.26837158203125 7.31878653936144 5.901996612548828 13.452323913574219
5.112706184387207 5.708279251584317 1.9531787633895874 2.0165722370147705
4.031918525695801 6.356412801431674 2.2642600536346436 2.952744245529175
3.5567169189453125 6.245784697581769 2.576857566833496 4.037258625030518
3.242476224899292 5.514844936027657 2.750065326690674 4.772917747497559
5.3939080238342285 6.3010768253245715 2.062368392944336 2.132099151611328
4.675965785980225 6.238040901246599 2.4322028160095215 3.2295384407043457
4.226354598999023 6.867791251035953 2.8086726665496826 4.544742584228516
3.3737313747406006 6.581303496451255 3.016249179840088 5.450334072113037
5.975699424743652 7.116329095453494 2.2168760299682617 2.2949392795562744
5.146130561828613 7.205161398419136 2.6689093112945557 3.6167285442352295
4.097064018249512 6.255567452184469 3.1320011615753174 5.247523307800293
3.717548131942749 6.3600014287493565 3.3842825889587402 6.379814624786377
5.955755710601807 6.686049708563111 2.574540615081787 2.666890859603882
4.6831841468811035 6.741418246304363 3.0113182067871094 4.036474704742432
3.310513496398926 5.596274412151047 3.3794174194335938 5.5552659034729
3.0630905628204346 5.546189355593619 3.5512256622314453 6.541826248168945
6.447249889373779 7.418478241228172 2.7300498485565186 2.839085817337036
4.433362007141113 6.62849383530957 3.293879508972168 4.5540289878845215
3.7270562648773193 6.433552540371693 3.7794430255889893 6.510467529296875
3.128934383392334 3.994685159281971 4.0072126388549805 7.793323993682861
7.191091060638428 8.508226814583622 2.960087537765503 3.091686248779297
5.8603715896606445 9.112899479618932 3.7080435752868652 5.304935455322266
4.068806171417236 6.08341088938846 4.356186389923096 7.881044864654541
4.006975173950195 6.820209828763744 4.657188892364502 9.568130493164062
6.167613983154297 6.926893302287681 3.173495292663574 3.301522970199585
4.323119163513184 6.8108464081801685 3.866579055786133 5.344419956207275
3.095884084701538 5.189551821577364 4.258625507354736 7.297064304351807
2.579524278640747 4.402325671629427 4.389247894287109 8.464138984680176
7.022165775299072 8.043191556952934 3.3888401985168457 3.558758497238159
4.565382957458496 7.140858512229542 4.289571762084961 6.197030544281006
3.6665656566619873 6.43148922556716 4.849627494812012 8.795243263244629
3.2135517597198486 5.67734961377036 5.052647113800049 10.373741149902344
8.022984504699707 9.500041477362316 3.7179226875305176 3.9476656913757324
4.791919231414795 7.194698357471462 4.931495666503906 7.463470458984375
4.202219486236572 7.323070814551727 5.727155685424805 10.997334480285645
3.57722544670105 5.97757107311412 6.022223949432373 13.13751220703125
4.198252201080322 4.631006647334289 3.638364553451538 3.93902850151062
4.478796005249023 6.2827612178246 4.5620222091674805 6.507462024688721
2.971623420715332 4.699143633779045 5.022557735443115 8.882777214050293
0.9563530683517456 1.8093687334815058 5.099344730377197 10.13857650756836
4.90648078918457 5.176111119029656 3.9585182666778564 4.341041564941406
4.121896266937256 4.933370796971758 5.126874923706055 7.708880424499512
4.321077823638916 6.536041623105134 5.783078193664551 10.8805570602417
2.0602340698242188 3.2318227082878366 5.941226482391357 12.620490074157715
5.201857566833496 6.082057388050316 4.311837196350098 4.559474468231201
4.879257678985596 8.310126673514759 5.9964189529418945 9.534543991088867
4.190329551696777 6.515345845959928 6.935331344604492 13.842050552368164
4.789531707763672 8.065263591017143 7.192094326019287 16.24925994873047
4.08694314956665 4.526029992981421 1.5578861236572266 1.6011959314346313
3.1899337768554688 5.556487009628119 1.8045285940170288 2.3140389919281006
3.4648144245147705 6.70955649729467 2.089400053024292 3.166461229324341
2.563310146331787 5.342739364180801 2.2667555809020996 3.7743961811065674
4.8060126304626465 5.505090323170073 1.6480368375778198 1.6951966285705566
4.7104268074035645 7.600906268940832 1.928093433380127 2.500391721725464
3.554471015930176 6.1042973837015335 2.25233793258667 3.4966254234313965
2.888984441757202 4.2798287819026015 2.4523890018463135 4.2202067375183105
5.706629753112793 6.87988437139813 1.7857604026794434 1.8391517400741577
5.258201599121094 8.777922844333261 2.114647150039673 2.78271746635437
4.4432759284973145 8.269684420467918 2.4938056468963623 3.9838407039642334
3.791673183441162 7.153600791499585 2.723623514175415 4.866461277008057
5.006566047668457 5.637836520384026 1.8346760272979736 1.8850098848342896
3.9997124671936035 6.4703572991112 2.1242501735687256 2.7781426906585693
3.736753225326538 6.439181051961839 2.4558162689208984 3.8700289726257324
1.9508470296859741 4.009506326213739 2.658975839614868 4.655155658721924
5.829224109649658 6.756266686754145 1.9683154821395874 2.0255982875823975
4.230652332305908 6.788754848322867 2.317408800125122 3.083366870880127
3.8863606452941895 6.8940535126588935 2.7165441513061523 4.426590919494629
3.391521453857422 5.379732781414646 2.9570553302764893 5.406970024108887
6.93817663192749 8.338307773781594 2.1862974166870117 2.2558770179748535
6.02772331237793 8.600741723930525 2.6282801628112793 3.579108715057373
3.65594482421875 6.697954011352265 3.1266143321990967 5.303508281707764
4.154613494873047 7.202000962624201 3.4170892238616943 6.565831184387207
5.367652416229248 6.265559555286927 2.2506370544433594 2.3246374130249023
3.385937213897705 6.045223509097726 2.5315098762512207 3.3834314346313477
3.6107687950134277 6.047268960818656 2.838881731033325 4.624366760253906
3.5410776138305664 6.316743360869282 3.0363078117370605 5.533883571624756
6.491816520690918 7.71750513266943 2.4292898178100586 2.5047004222869873
4.97281551361084 7.544130851039341 2.7945680618286133 3.8135628700256348
4.492315292358398 7.514390831218407 3.198935031890869 5.422529697418213
2.485544204711914 4.723657821232337 3.4479482173919678 6.612804412841797
7.840675354003906 9.57076268491437 2.7310726642608643 2.822073221206665
6.130928039550781 9.103735788564151 3.239638566970825 4.5543999671936035
4.812805652618408 8.500028861417235 3.792030096054077 6.746947288513184
3.7640774250030518 5.685875124201988 4.110921382904053 8.348023414611816
4.173651695251465 4.627338367857391 2.2700588703155518 2.5445973873138428
3.5662195682525635 5.871535228874791 3.491501808166504 4.9683380126953125
3.458705425262451 6.11268804845966 3.2290725708007812 5.438500881195068
3.863529920578003 6.397415235913819 3.3600175380706787 6.309049129486084
3.927473783493042 4.346171036352565 2.481388568878174 2.793539524078369
4.492767810821533 5.465903670191565 3.6607859134674072 5.537060260772705
4.997748374938965 7.816463529199268 3.669076919555664 6.437510967254639
3.7998454570770264 6.277481979067801 3.86555552482605 7.667546272277832
6.459768295288086 7.683146168083624 2.838688373565674 3.222524404525757
5.732471942901611 8.76665019519578 4.167075157165527 6.471455097198486
4.398160457611084 7.259421230292531 4.416921615600586 8.147412300109863
4.749645233154297 7.283163825132945 4.702239036560059 9.91036605834961
4.071500778198242 4.83619143036276 1.591145634651184 1.6563429832458496
3.3668415546417236 6.065616775219091 1.9025381803512573 2.5580976009368896
2.6207516193389893 4.717614439385898 2.170318841934204 3.5029757022857666
1.2423168420791626 2.619792822146792 2.3174431324005127 4.13325309753418
4.751357078552246 5.805808274767841 1.6788526773452759 1.7475323677062988
4.52726936340332 7.795799305384524 2.0305850505828857 2.7617413997650146
3.557438373565674 6.6904022139651715 2.337951421737671 3.8626842498779297
3.130661725997925 5.626291600589774 2.5053367614746094 4.605757236480713
5.53393030166626 7.016000029947854 1.8071361780166626 1.8813025951385498
4.747610092163086 7.039366917714688 2.2185239791870117 3.053570032119751
4.156175136566162 7.950649838505342 2.582670211791992 4.373073577880859
3.2015600204467773 5.7315476907420475 2.7771778106689453 5.274476051330566
4.765025615692139 5.698474915194367 1.9000647068023682 1.9809077978134155
4.551525115966797 7.6754326817558285 2.2781918048858643 3.1278748512268066
3.1637206077575684 6.424762240927976 2.571470260620117 4.327333450317383
2.3692331314086914 3.748307111116901 2.724342107772827 5.126739978790283
5.645178318023682 6.830141593717411 2.0267698764801025 2.1142234802246094
3.8317711353302 6.688479541159453 2.4798710346221924 3.468337297439575
2.8645360469818115 3.96392272896579 2.8430285453796387 4.9432573318481445
3.670802593231201 6.097294565091044 3.0277321338653564 5.929506301879883
6.8005781173706055 8.54228301867471 2.2212677001953125 2.3191473484039307
5.303854942321777 7.429759112292231 2.789700984954834 3.9802160263061523
4.066346645355225 8.026489978453583 3.257495641708374 5.8633623123168945
3.8302876949310303 5.291124442760539 3.486198902130127 7.126079082489014
5.095163345336914 6.139897059484156 2.3906261920928955 2.464836597442627
4.49774169921875 6.170441150275849 2.7637999057769775 3.8465065956115723
2.7125234603881836 5.312698519208322 2.992199420928955 5.2050580978393555
2.4578938484191895 4.755688800331427 3.1098830699920654 6.107717037200928
6.110613822937012 7.436810526576114 2.541491746902466 2.636406183242798
5.351356506347656 8.824269023880333 3.040611505508423 4.349915504455566
3.3765804767608643 4.4525534311227375 3.3762686252593994 6.114199638366699
3.115656852722168 5.844624790849139 3.5344834327697754 7.269764423370361
7.483922958374023 9.45010547571951 2.7902820110321045 2.908451557159424
5.451690196990967 9.197816843774035 3.484398126602173 5.130600929260254
4.225907325744629 5.9543634899168865 3.9818789958953857 7.517467975616455
3.9538180828094482 6.55094056515577 4.197240829467773 9.060647964477539
4.20768928527832 4.986805873009894 2.670234441757202 2.955960273742676
4.273473262786865 6.607656869052212 3.6867783069610596 5.212691783905029
1.7997918128967285 3.4401428072369526 3.4013984203338623 6.053564548492432
1.8777334690093994 3.3426322040561445 3.4253127574920654 6.934285640716553
4.495457172393799 5.325884448738719 2.880666732788086 3.2034876346588135
4.82047700881958 6.434601709833442 4.040509223937988 5.929158687591553
3.578974962234497 4.571886771359561 3.8913440704345703 7.2566752433776855
3.428879499435425 5.3228986951628485 3.956235408782959 8.416942596435547
5.934331893920898 6.8945677625615645 3.216341972351074 3.5939950942993164
5.562926292419434 8.250133552917973 4.617516040802002 7.016990661621094
4.40060567855835 7.244002349691264 4.677407264709473 9.134522438049316
3.659099817276001 5.120665980979837 4.801058769226074 10.741961479187012
4.2528791427612305 5.273810839248881 1.8237996101379395 1.8851760625839233
3.733332872390747 6.491946810690685 2.159193992614746 2.8979828357696533
3.13143253326416 5.781461756839235 2.4351091384887695 3.9859721660614014
2.1275956630706787 4.3781855603064015 2.575868606567383 4.714760780334473
4.887604236602783 6.044670981954027 1.9267853498458862 1.9992378950119019
4.658985137939453 8.286940523547674 2.3213584423065186 3.172797679901123
3.1664648056030273 5.679758757872605 2.64894437789917 4.458194732666016
2.2565195560455322 4.452191175574353 2.814375162124634 5.3258466720581055
5.64753532409668 7.089116184022714 2.0773561000823975 2.164903163909912
4.24741792678833 7.160877148523625 2.553635358810425 3.567944288253784
3.383147954940796 5.925909811403649 2.9516866207122803 5.137797832489014
3.243370294570923 5.7920237021384935 3.149984836578369 6.203490257263184
4.942553520202637 6.0908263862863805 2.3208224773406982 2.3990895748138428
4.331335067749023 6.841175103227272 2.7449934482574463 3.787820339202881
2.356471538543701 4.8292189617901045 3.0476174354553223 5.2455644607543945
1.8930165767669678 3.6460217723938513 3.179781436920166 6.187806129455566
5.78065824508667 7.060728111004892 2.4655189514160156 2.5611066818237305
4.999417304992676 7.098301108284687 3.005241870880127 4.259782791137695
4.159485340118408 7.88846887827831 3.397996425628662 6.073026657104492
3.197746992111206 6.094371568552646 3.5686941146850586 7.250100612640381
6.861144542694092 8.531159024193016 2.6922340393066406 2.816098928451538
5.183112144470215 7.26523096206499 3.395526885986328 4.969092845916748
5.089725494384766 8.320704482640862 3.9149036407470703 7.307280540466309
4.16555643081665 6.844022161705539 4.137818336486816 8.828521728515625
5.269175052642822 6.40053745979867 2.9234039783477783 3.0583410263061523
4.6017374992370605 7.586874133553465 3.4379799365997314 4.896712303161621
2.437879800796509 4.834466576826117 3.7059507369995117 6.655537128448486
2.184994697570801 3.8269486619344093 3.7899820804595947 7.738932132720947
6.27321195602417 7.5888282661362645 3.1169590950012207 3.283950090408325
5.255531311035156 8.09352614550745 3.815889835357666 5.626739025115967
3.6506991386413574 7.470518843753723 4.2087202072143555 7.901971340179443
3.1539552211761475 5.65700066988536 4.339478015899658 9.303807258605957
7.566725730895996 9.293889491012123 3.434522867202759 3.6512227058410645
6.191400051116943 9.636176598589373 4.399112224578857 6.746695518493652
4.850029945373535 7.84105924736437 4.971334934234619 9.797261238098145
3.4848244190216064 5.53745095659713 5.16542387008667 11.67017936706543
4.2637763023376465 4.984460162773416 3.225044012069702 3.621180534362793
3.49137806892395 4.96962014183282 4.128802299499512 6.070911407470703
3.6043174266815186 6.17035069388756 4.3056230545043945 7.9779815673828125
2.631653308868408 4.007115442528175 4.310030937194824 9.094145774841309
4.689743995666504 5.616077371451922 3.497870683670044 3.980746269226074
5.460374355316162 8.814680562375543 4.639598369598389 7.1158857345581055
4.196781158447266 7.16080535733704 4.9501543045043945 9.627649307250977
3.2935657501220703 6.584859165108355 5.000450611114502 11.112326622009277
6.749260425567627 7.599796042971093 3.9276955127716064 4.5411224365234375
4.154302597045898 7.3017982341628604 5.4275360107421875 8.708900451660156
4.3324198722839355 7.2701487538085985 5.941365718841553 12.150979995727539
3.796489715576172 5.771598698387741 6.05422306060791 14.183364868164062
4.660736083984375 5.146152715070553 1.7210923433303833 1.7736048698425293
3.612522602081299 4.529073555249988 2.0107221603393555 2.5728986263275146
2.925433397293091 4.859101565410583 2.2971675395965576 3.5103373527526855
2.3342955112457275 4.483856082780903 2.4518330097198486 4.164797782897949
5.104413986206055 5.862022949100412 1.8193320035934448 1.8765807151794434
3.6518616676330566 4.985884686110698 2.1531312465667725 2.8013195991516113
3.7749743461608887 5.7551211528654775 2.489008903503418 3.9260895252227783
2.862753391265869 4.35936415221704 2.6712725162506104 4.725485801696777
5.724673271179199 6.899223630272436 1.9610919952392578 2.025874376296997
4.436605930328369 7.3245257307212785 2.35715389251709 3.13041090965271
4.4216742515563965 6.625302243688964 2.7609386444091797 4.5211896896362305
3.6108648777008057 6.578544648461559 2.9788014888763428 5.524291038513184
5.855555057525635 6.497120295279501 2.1811017990112305 2.2588438987731934
5.236117839813232 7.8725340349864155 2.558598756790161 3.355201244354248
3.507192373275757 6.497946404270351 2.901048183441162 4.634562969207764
2.6785030364990234 4.919026224975241 3.055921792984009 5.486124515533447
6.448441505432129 7.358373331974658 2.3205935955047607 2.4066948890686035
5.102015972137451 8.284352709660993 2.7862627506256104 3.746389865875244
3.9671013355255127 6.99020455268375 3.222805976867676 5.37924861907959
3.384746789932251 6.513775032385183 3.425665855407715 6.489815711975098
7.200170040130615 8.668808926808879 2.5328640937805176 2.6327710151672363
5.362642765045166 8.18840168541368 3.1291720867156982 4.339415073394775
4.260078430175781 7.146651718911571 3.699134111404419 6.494446754455566
3.294163942337036 6.506140381585212 3.965714693069458 7.978620529174805
6.123538017272949 6.88649646543854 2.8349132537841797 2.914342164993286
4.8303680419921875 6.950373622889176 3.2749242782592773 4.404319763183594
3.338751792907715 5.4614220155709745 3.60512113571167 5.9909491539001465
2.3402371406555176 3.4867385199690943 3.71085524559021 6.96828556060791
7.068657398223877 8.102495623647037 3.0036275386810303 3.119593858718872
5.373729228973389 8.128147689784585 3.5993316173553467 5.016357421875
4.168858528137207 6.811990055349852 4.0735297203063965 7.142056941986084
2.5764310359954834 3.5891073243274003 4.246792316436768 8.491704940795898
8.137601852416992 9.63228888720433 3.2827184200286865 3.438936471939087
6.36316442489624 9.54764318783532 4.11022424697876 5.971603870391846
4.910054683685303 8.42293539999872 4.791515827178955 8.915603637695312
4.395040988922119 7.762149563068078 5.052988529205322 10.804311752319336
5.327265739440918 5.8556522367403865 2.986877202987671 3.3141915798187256
3.7686712741851807 4.8659791777958485 4.119595050811768 5.786348342895508
3.2667505741119385 5.7639138113093225 4.3082475662231445 7.383338928222656
2.6106202602386475 3.6581625243272633 4.308975696563721 8.350790023803711
5.99658203125 6.381504461602532 3.2304320335388184 3.614434003829956
4.07429838180542 5.565761476018366 4.5676751136779785 6.65497350692749
3.651974678039551 6.329695791898487 4.9165730476379395 8.940134048461914
3.9167377948760986 7.228639455514699 4.9934306144714355 10.352191925048828
6.786566734313965 6.9582010978926085 3.611855983734131 4.079345226287842
4.443187713623047 7.732572869074394 5.270638942718506 8.03275203704834
4.904815673828125 7.517567763398574 5.862992286682129 11.363728523254395
3.6955325603485107 5.392397113015852 6.040417194366455 13.423492431640625
3.871246576309204 4.637862942978813 1.7249279022216797 1.7839783430099487
3.968430757522583 6.666650653131057 1.9773541688919067 2.6138415336608887
2.864746332168579 5.346936007198099 2.2128491401672363 3.5023529529571533
2.0593721866607666 3.6180845261401373 2.3407938480377197 4.062559604644775
4.585150718688965 5.602721691695024 1.8156189918518066 1.881821870803833
3.596109390258789 6.348010097932956 2.111846923828125 2.838291883468628
2.6848974227905273 5.741721347229202 2.3891773223876953 3.8860464096069336
3.0493853092193604 4.675796018166793 2.536282777786255 4.547903060913086
5.328629016876221 6.640553468819618 1.9411003589630127 2.0174756050109863
4.866800308227539 7.497357453160056 2.2991557121276855 3.151991844177246
3.056586265563965 6.375502462993069 2.633416175842285 4.422933578491211
3.3602614402770996 5.538825659662962 2.8049943447113037 5.2256245613098145
4.728930950164795 5.659547624550791 2.2070441246032715 2.3002915382385254
3.7729222774505615 6.078464562944021 2.5122756958007812 3.4139955043792725
2.2738428115844727 4.387562332298785 2.7346293926239014 4.527716636657715
1.52461576461792 2.9044093113393785 2.832318067550659 5.204826831817627
5.460747718811035 6.594594183424761 2.3351247310638428 2.438162326812744
3.769108533859253 4.7542387536148 2.730755090713501 3.804187059402466
3.7933595180511475 5.652817644673244 3.0265934467315674 5.21022891998291
2.142508029937744 3.513742925933485 3.152820110321045 6.058393478393555
6.50293493270874 8.157856803777491 2.5152673721313477 2.6363141536712646
4.667071342468262 7.1545703224019235 3.040621280670166 4.366392612457275
3.420738697052002 6.39411842570604 3.439547538757324 6.193344593048096
3.727558135986328 5.428463474191801 3.6034631729125977 7.285513877868652
4.981569290161133 5.960469531784838 2.865259885787964 3.0205392837524414
4.251871109008789 7.463448860351186 3.1859524250030518 4.468874931335449
2.3459126949310303 4.348605376146452 3.313124418258667 5.701164245605469
1.8054388761520386 4.378101371167192 3.3366801738739014 6.41448450088501
6.010334491729736 7.191381565076881 3.023815870285034 3.204436779022217
4.443884372711182 6.464752625992105 3.501371383666992 5.077638149261475
3.4403109550476074 6.00606387442808 3.7379989624023438 6.745741844177246
2.9006309509277344 6.351933310564952 3.794703245162964 7.6945343017578125
7.3995184898376465 9.079323405451866 3.255936622619629 3.474518060684204
5.301423072814941 9.05142923320227 3.961277723312378 5.972801685333252
3.3344058990478516 6.056294580944524 4.3476128578186035 8.2756986618042
3.2677085399627686 5.564106648201289 4.447424411773682 9.560352325439453
4.510077476501465 5.022545030325613 3.020420551300049 3.4325335025787354
2.986514091491699 4.437986485613376 3.9272639751434326 5.640381336212158
2.551381826400757 5.090572837852676 3.8540265560150146 6.828208923339844
2.5734646320343018 4.9961078419285805 3.773397445678711 7.481922626495361
5.449000835418701 5.943773874824274 3.253390312194824 3.7245802879333496
4.3011040687561035 7.1174527341285625 4.341468811035156 6.530678749084473
3.2902331352233887 5.950963560620039 4.403975486755371 8.226263046264648
2.6705472469329834 3.6208354364505055 4.355603218078613 9.158271789550781
6.330710411071777 6.458717770093443 3.594794988632202 4.1563005447387695
4.8885626792907715 8.085271218822982 4.952643394470215 7.830942153930664
4.273000240325928 6.655393418536676 5.201842308044434 10.292877197265625
3.794128894805908 7.140815572574411 5.191300868988037 11.61326789855957
4.455606460571289 5.285358035289079 1.8929483890533447 1.9551795721054077
3.75354266166687 5.242880037715167 2.214024066925049 2.8814849853515625
3.016474962234497 5.222433778866474 2.501425266265869 3.9047698974609375
2.1444714069366455 3.8315755514736196 2.6445064544677734 4.5656352043151855
4.9385762214660645 6.101111648068297 1.9904931783676147 2.063291549682617
3.184026002883911 4.811748618040568 2.37056565284729 3.1501104831695557
3.1050667762756348 5.04190016629542 2.7184972763061523 4.388070583343506
3.076507329940796 5.375981817790105 2.8943850994110107 5.2031779289245605
5.586601734161377 7.034681729870499 2.1349074840545654 2.2189695835113525
3.914332151412964 6.973816222013426 2.597038984298706 3.532522439956665
3.7436094284057617 6.752142241464355 3.0257279872894287 5.070850372314453
3.3373279571533203 5.630429791771604 3.2412912845611572 6.0950846672058105
5.45108699798584 6.460718746134436 2.4351460933685303 2.5154707431793213
4.666929721832275 6.47412568920754 2.8992080688476562 3.886012077331543
2.7634148597717285 4.894037722198391 3.249833106994629 5.348046779632568
2.775834798812866 4.974820367299287 3.3854947090148926 6.240452289581299
6.046776294708252 7.312459610529629 2.5698652267456055 2.6731786727905273
4.352616786956787 5.8672045469660095 3.1560778617858887 4.373073101043701
3.194814920425415 5.105135978392468 3.6161880493164062 6.239920616149902
2.4472410678863525 4.218843689764526 3.8062756061553955 7.405006408691406
6.882030963897705 8.596886389752513 2.782222270965576 2.91219425201416
4.806164741516113 6.936880293074395 3.5423643589019775 5.088820457458496
3.4543540477752686 6.152612818701357 4.153696060180664 7.5327324867248535
2.082968235015869 3.8366403260868083 4.410003662109375 9.072290420532227
5.801217555999756 6.833136040255283 2.9227230548858643 3.067108154296875
3.489521026611328 4.637165199419314 3.6611826419830322 5.075141429901123
2.3818137645721436 4.390154366999695 4.065428256988525 6.986637115478516
2.3560667037963867 4.335908258060783 4.162294387817383 8.069022178649902
6.669470310211182 7.914964911384715 3.1178276538848877 3.2893290519714355
3.105785369873047 3.87790704301009 4.047632694244385 5.8546247482299805
3.9784481525421143 6.857362846250453 4.601872444152832 8.373047828674316
2.9401466846466064 4.553074704165766 4.769054412841797 9.839719772338867
7.743120193481445 9.304217181929289 3.4257988929748535 3.644348621368408
4.219768524169922 6.531147414545742 4.641383171081543 7.032143592834473
3.853240489959717 6.851574630243626 5.410397052764893 10.42089557647705
4.054363250732422 6.6709273841067045 5.661910533905029 12.402728080749512
3.8657643795013428 4.049024089979184 3.347694158554077 3.6764142513275146
3.063610076904297 4.368954777032599 4.267233371734619 6.204858303070068
2.3360612392425537 3.9229029523300767 4.776166915893555 8.459085464477539
2.2186617851257324 3.8770950993215143 4.826175212860107 9.660994529724121
4.865149974822998 5.02325906641272 3.6286261081695557 4.0080766677856445
3.382169723510742 5.147524447732913 4.791112422943115 7.278529167175293
3.5697033405303955 4.9172973306599275 5.466158866882324 10.295160293579102
2.760518789291382 5.561698336646991 5.593324661254883 11.967212677001953
5.89919900894165 6.8841176974547125 4.068630695343018 4.517477989196777
5.525936126708984 7.925269402750435 5.595433235168457 8.926270484924316
4.495914936065674 6.225232467870683 6.521848201751709 13.060018539428711
3.1681439876556396 4.9981205989631405 6.740878582000732 15.323473930358887
4.135710716247559 4.975898526961203 1.758505940437317 1.8302665948867798
2.8609659671783447 5.0432216377646455 2.0700507164001465 2.7728283405303955
2.257814645767212 3.776702337343579 2.3632709980010986 3.7968404293060303
2.3219385147094727 4.326316226061181 2.5281689167022705 4.488998889923096
4.780607223510742 5.878952578643805 1.8515217304229736 1.926259160041809
3.888741970062256 5.806032980646805 2.2182440757751465 3.0169789791107178
2.244678258895874 3.533860554889543 2.5673067569732666 4.240036964416504
1.7540867328643799 2.832119903666637 2.7634987831115723 5.072505950927734
5.483670234680176 6.776351738095627 1.9808520078659058 2.0624189376831055
4.633397579193115 7.3269046195243845 2.4227685928344727 3.3575637340545654
3.787760019302368 5.901902766429503 2.847097158432007 4.851408004760742
3.883507013320923 5.693269381600082 3.083165168762207 5.871502876281738
4.920838832855225 5.947249016677269 2.232282876968384 2.350067138671875
3.4824635982513428 6.275026041890257 2.6343042850494385 3.6330151557922363
3.287487506866455 6.226862505262318 2.9689126014709473 5.0073628425598145
2.19130539894104 4.030777410851698 3.1367170810699463 5.9201860427856445
5.724207401275635 6.96477689651465 2.367267370223999 2.4882473945617676
4.057568073272705 6.308415881399114 2.877382755279541 4.065962791442871
3.371795654296875 4.859998426175132 3.3101091384887695 5.8087334632873535
3.7480309009552 6.201252394796711 3.5273537635803223 6.965814113616943
6.747438907623291 8.335999821648329 2.55855655670166 2.692265748977661
5.309948921203613 7.593929683557679 3.21954083442688 4.68579626083374
3.9969940185546875 6.510386430145331 3.787544012069702 6.944493770599365
3.791796922683716 6.172573332491822 4.069611549377441 8.436487197875977
5.245522975921631 6.299708374308068 2.801804542541504 2.9893202781677246
4.215441703796387 6.028953000481785 3.286491870880127 4.669381141662598
3.0870561599731445 4.849831980139243 3.618466854095459 6.347856521606445
1.2827032804489136 1.8178299240390743 3.75517201423645 7.425555229187012
6.191211223602295 7.455750800897505 2.9723141193389893 3.17939829826355
4.274031639099121 6.581375787842603 3.6486144065856934 5.362028121948242
3.1933720111846924 5.7664429456482935 4.117038726806641 7.583181381225586
3.4259445667266846 4.810065750806132 4.315171718597412 8.998090744018555
7.417848587036133 9.03752265321619 3.23105788230896 3.4709672927856445
5.834259033203125 8.29651318962496 4.1657843589782715 6.367649555206299
3.9684882164001465 7.747633640425761 4.824642181396484 9.3599853515625
3.531296968460083 5.500318645445816 5.104856967926025 11.23973274230957
3.168590784072876 3.884199896292216 3.088245153427124 3.5416011810302734
3.1651175022125244 4.433288114422204 3.9346046447753906 5.717410564422607
2.1143901348114014 3.2859430688052953 4.196059226989746 7.565364837646484
2.4075794219970703 3.590901322394302 4.278318405151367 8.721366882324219
5.620349884033203 6.454066627048633 3.337862968444824 3.8427882194519043
3.6032650470733643 5.439996103450582 4.403604030609131 6.695256233215332
3.521895170211792 6.072293863944907 4.841516971588135 9.21527099609375
2.2346346378326416 4.9342330418966185 4.987558841705322 10.766988754272461
5.848805904388428 6.47814192656854 3.7002358436584473 4.288079261779785
5.447467803955078 8.23432022582682 5.096545696258545 8.136710166931152
3.379286527633667 5.504383252784336 5.765052795410156 11.603191375732422
3.5684614181518555 5.833480689330315 5.9971699714660645 13.696215629577637
3.797168731689453 4.444179933657125 1.557632565498352 1.601820468902588
2.975149154663086 5.158763831455872 1.8123844861984253 2.340222120285034
2.9127721786499023 5.604309013912694 2.101078987121582 3.2755043506622314
2.931195020675659 5.221758772808698 2.2787673473358154 3.9346089363098145
4.387404918670654 5.399090623491247 1.6402448415756226 1.6885603666305542
3.619926691055298 6.664052981757777 1.9330534934997559 2.5290839672088623
3.7431342601776123 7.370426856542224 2.265211820602417 3.6153745651245117
2.9061036109924316 5.967833719180362 2.4680051803588867 4.391869068145752
5.1664018630981445 6.460456731049753 1.7580788135528564 1.8127336502075195
4.1168012619018555 6.937653241506184 2.1040937900543213 2.800182342529297
4.46460485458374 8.084373174628873 2.49538516998291 4.100856781005859
3.4402973651885986 7.062001395625643 2.7297844886779785 5.041248798370361
4.88386869430542 5.7154340713839815 1.774314284324646 1.8282768726348877
4.753542423248291 7.765511263442022 2.0905532836914062 2.7584891319274902
3.508176803588867 6.254179317606983 2.4531359672546387 3.9857349395751953
2.035694122314453 3.8614492577519 2.6715431213378906 4.85659122467041
5.589588642120361 6.752259113017658 1.8910645246505737 1.9519431591033936
4.715002536773682 8.244410386376785 2.2723731994628906 3.0584771633148193
3.3814072608947754 6.138097924341309 2.7078680992126465 4.548168659210205
3.0884013175964355 6.34555482110909 2.966362476348877 5.6177263259887695
6.522058010101318 8.213783956722466 2.0624470710754395 2.1342103481292725
5.672030448913574 8.980796600501549 2.539700984954834 3.5073328018188477
3.7642478942871094 7.3228101542437365 3.0801827907562256 5.3879876136779785
4.486999034881592 8.385565289311643 3.392127275466919 6.747763156890869
5.284257411956787 6.201282476493475 2.014720916748047 2.0706233978271484
4.873124599456787 7.773841988906952 2.365464448928833 3.1708121299743652
3.607316732406616 6.962029381598541 2.787179708480835 4.674084186553955
3.194645643234253 6.2536675801982256 3.0365610122680664 5.739482402801514
6.163339614868164 7.405520382347106 2.158127546310425 2.227121591567993
5.058931350708008 7.918856116610009 2.607333183288574 3.5872457027435303
4.022204875946045 6.745777542649275 3.133258104324341 5.472379207611084
2.889465093612671 5.270201508885975 3.436763286590576 6.818400859832764
7.400975227355957 9.350899432230818 2.376018524169922 2.4632608890533447
6.169017791748047 9.353095786308394 2.974315643310547 4.23206090927124
4.518769264221191 7.564857910725209 3.6553232669830322 6.704123497009277
4.219306468963623 7.121473388737513 4.033075332641602 8.468850135803223
3.790008783340454 4.372642144528072 2.4145667552948 2.6589248180389404
3.9705984592437744 6.784811516340142 2.836164712905884 3.6853156089782715
3.021001100540161 4.700704475759267 3.07871150970459 5.268553256988525
2.103630781173706 3.8805786768415373 3.333178997039795 6.465005397796631
4.530246257781982 4.8328290993777046 2.60060977935791 2.890470266342163
5.059062480926514 7.637393482593438 3.1152260303497314 4.262218475341797
3.930446147918701 7.402796002157629 3.5037009716033936 6.279843807220459
3.707068920135498 6.431237773329837 3.8214571475982666 7.817373275756836
6.323479175567627 7.540633765574231 2.8876852989196777 3.245255708694458
4.841824531555176 8.397113854520398 3.548849105834961 5.1290411949157715
4.7506208419799805 7.422332722036572 4.1574578285217285 7.87106466293335
4.35349702835083 7.639875771237598 4.562910556793213 9.923334121704102
4.713379383087158 5.4181250842388025 1.8576867580413818 1.9191302061080933
4.596859455108643 6.5619603844888275 2.152743101119995 2.769639730453491
2.840196132659912 4.280280624670269 2.4322049617767334 3.771146297454834
1.7748340368270874 3.5461238271018374 2.57193922996521 4.4522929191589355
5.091487407684326 6.155243903397263 1.9557486772537231 2.021763563156128
4.076606273651123 5.969948288433733 2.3054726123809814 3.0159120559692383
3.6723551750183105 6.0633010659754945 2.645380973815918 4.2336602210998535
3.1041855812072754 5.246683756822989 2.8151838779449463 5.0729193687438965
5.461609363555908 6.790987970284669 2.0959041118621826 2.169538736343384
4.900224685668945 7.850231339382162 2.5227599143981934 3.367645263671875
4.587823390960693 7.897425084568763 2.945082426071167 4.8849053382873535
4.145786762237549 6.570189745029853 3.153301954269409 5.9399871826171875
5.819214820861816 6.643480351890844 2.4489831924438477 2.5508809089660645
4.414795875549316 7.01258340118693 2.8455100059509277 3.765608787536621
2.5683670043945312 4.123090179372866 3.1577370166778564 5.1341094970703125
2.618079423904419 4.474912664563313 3.2705445289611816 6.008296489715576
6.195234775543213 7.326509492198596 2.5823397636413574 2.6935741901397705
4.311465740203857 7.110324519004934 3.092958450317383 4.206536293029785
2.730170965194702 4.261751154081935 3.5196774005889893 5.988071918487549
3.492051124572754 6.884194528606372 3.685166358947754 7.1471848487854
6.798642158508301 8.345510471125415 2.7799577713012695 2.9071571826934814
5.222137451171875 7.247977069717149 3.4568779468536377 4.857579231262207
4.851114749908447 7.664774950545338 4.0453081130981445 7.235558986663818
4.401671886444092 6.471027481707605 4.279425144195557 8.796744346618652
5.840063571929932 6.626405095646739 3.0896952152252197 3.2107725143432617
3.965271472930908 5.986972003566362 3.6622207164764404 4.983736038208008
2.8939321041107178 5.107155185827651 3.972831964492798 6.720582485198975
2.320326566696167 3.3916719548227237 4.015929698944092 7.714204788208008
6.764093399047852 7.777964954429649 3.265578508377075 3.4207167625427246
3.7494657039642334 6.317744260393788 4.026399612426758 5.698256969451904
2.8183603286743164 4.562823895278237 4.502230167388916 8.044692039489746
3.9112725257873535 6.10321423971674 4.617730617523193 9.44160270690918
7.7570600509643555 9.184909056222864 3.532947540283203 3.7359890937805176
5.695017337799072 8.292834332176028 4.575271129608154 6.765470027923584
5.01939582824707 8.410418079595843 5.2882866859436035 10.015762329101562
4.589599132537842 7.192983376348078 5.497250556945801 11.994946479797363
4.699334144592285 5.260643774081473 3.3587534427642822 3.7406067848205566
4.244174957275391 5.5463493159659265 4.3694658279418945 6.134555339813232
4.10203218460083 6.043752886287365 4.711777687072754 8.185149192810059
3.0137951374053955 4.639731168749449 4.66758918762207 9.227560043334961
5.086857795715332 5.727051242303219 3.6166577339172363 4.0549750328063965
3.8436198234558105 5.8306708131308085 4.867312908172607 7.128007888793945
3.7476983070373535 4.472497518047124 5.394614219665527 9.960389137268066
1.9395387172698975 2.728067644224865 5.433051586151123 11.482680320739746
5.4501471519470215 5.80688312943483 4.003932476043701 4.5321221351623535
5.419777870178223 7.3975957135739865 5.615616798400879 8.655677795410156
4.467939853668213 7.418947287516477 6.420997142791748 12.622110366821289
4.150099277496338 6.286630809583471 6.56328010559082 14.833226203918457
3.9695849418640137 5.200536896856647 1.5975080728530884 1.6555734872817993
3.0777719020843506 5.615204852988839 1.8718308210372925 2.449648141860962
3.1417489051818848 5.286912302663865 2.1170966625213623 3.2930145263671875
2.835768461227417 6.021695336181338 2.2620956897735596 3.868377685546875
4.5306572914123535 5.851512988272134 1.679166555404663 1.7440351247787476
3.9933528900146484 6.874114665055004 1.9897290468215942 2.643998384475708
2.891249179840088 5.863759073777032 2.270064115524292 3.6285765171051025
3.0550363063812256 5.09847991007328 2.4341318607330322 4.304959774017334
5.225644588470459 7.129974872778128 1.795346736907959 1.8692041635513306
4.449409484863281 8.682210418815764 2.155963659286499 2.917619228363037
3.5776336193084717 7.275810000105355 2.48469877243042 4.101881504058838
2.767185926437378 4.735518942320423 2.6745033264160156 4.921328067779541
4.70765495300293 6.108846548360361 1.94176185131073 2.0150299072265625
3.9613146781921387 7.744884485771763 2.261918544769287 3.0114805698394775
3.432093381881714 6.851028357349804 2.5155978202819824 4.053109645843506
2.1252822875976562 4.438055427210088 2.657381057739258 4.755668640136719
5.368488311767578 6.936004176993265 2.052668571472168 2.1374189853668213
4.804105281829834 8.928590011799372 2.441037178039551 3.322847843170166
3.6991658210754395 6.819851812769912 2.7573049068450928 4.609697341918945
2.939781665802002 5.60991671237764 2.929466485977173 5.47957181930542
6.362362384796143 8.425096470971344 2.2163658142089844 2.3176701068878174
4.630146026611328 7.003808394297208 2.7018651962280273 3.7777788639068604
4.262099266052246 8.214317456029349 3.107623338699341 5.4262471199035645
4.182644844055176 7.706433339977896 3.323356866836548 6.543008327484131
5.007256507873535 6.537656892354899 2.470719575881958 2.5955333709716797
3.9281904697418213 7.085043898975158 2.775859832763672 3.74957537651062
2.7561941146850586 4.9971809543583285 2.9532382488250732 4.894254684448242
2.7483904361724854 5.751254235669762 3.0512311458587646 5.65676736831665
5.905734062194824 7.586560759715212 2.6102700233459473 2.7445411682128906
4.7116804122924805 7.885838696449227 3.0221657752990723 4.202685356140137
4.359760761260986 6.277140829306052 3.2904326915740967 5.701236248016357
3.4989607334136963 4.666139930604118 3.428095579147339 6.691957950592041
7.226702690124512 9.261025755527037 2.8166775703430176 2.9713664054870605
5.944333553314209 9.53454858451327 3.3885064125061035 4.876778602600098
4.137411117553711 7.495023800037671 3.7902863025665283 6.912641525268555
4.089341640472412 7.158737515219116 3.986677408218384 8.249740600585938
3.8745205402374268 4.498993629178926 2.6683061122894287 2.9897289276123047
3.7874531745910645 6.992312584039155 3.4801361560821533 4.801064491271973
3.5454139709472656 6.695670060867712 3.3872170448303223 5.731193542480469
2.6559762954711914 4.732113977838594 3.3930881023406982 6.4485392570495605
4.7423577308654785 5.111631515397335 2.8567287921905518 3.214862823486328
4.324295997619629 7.1720626546388075 3.8250765800476074 5.47027063369751
4.417541980743408 7.49812667216645 3.8165223598480225 6.793529510498047
3.3174116611480713 4.788811471174174 3.8629775047302246 7.766775131225586
5.588567733764648 6.701846123711505 3.140327215194702 3.5630054473876953
5.203505039215088 8.918257461393011 4.333649635314941 6.467759609222412
4.800604820251465 7.418973603028963 4.460443019866943 8.39753532409668
4.988892078399658 8.394520123047585 4.569084167480469 9.774699211120605
4.422710418701172 4.847061519893316 1.668687105178833 1.7219359874725342
3.999237060546875 6.047209836104685 1.937695026397705 2.517090320587158
3.414278507232666 5.595909371419069 2.2088661193847656 3.4438905715942383
2.8235158920288086 5.534434661511643 2.3664908409118652 4.080488204956055
4.96256160736084 5.73586295217217 1.7614164352416992 1.8178305625915527
4.0815229415893555 6.530535892074397 2.072067975997925 2.7249841690063477
2.6800973415374756 5.2783520798333825 2.387382745742798 3.810469150543213
2.28371262550354 5.466584261821331 2.5684545040130615 4.568864822387695
5.559072971343994 6.706436736828891 1.893301010131836 1.9553226232528687
5.1165289878845215 7.443871664577017 2.2631497383117676 3.026604652404785
3.3142213821411133 6.2884670299023355 2.640072822570801 4.339173793792725
3.915693998336792 7.32361020891517 2.8526647090911865 5.2663984298706055
5.406722068786621 6.020447667310691 2.1090073585510254 2.1880874633789062
4.330331802368164 7.247445664199233 2.4270999431610107 3.2351455688476562
2.554008960723877 4.948137657172381 2.706273317337036 4.4119181632995605
2.144496440887451 3.8903423015909637 2.8541131019592285 5.202169418334961
6.044994354248047 7.003533473576994 2.2397096157073975 2.3258512020111084
4.682479381561279 7.588967337459522 2.642162561416626 3.590259552001953
4.19508695602417 7.114037041399456 3.0042121410369873 5.062170505523682
3.4434921741485596 6.486512212213938 3.1921072006225586 6.065780162811279
7.04469108581543 8.427318349379675 2.4327762126922607 2.529445171356201
5.228046417236328 8.83629466876846 2.9581401348114014 4.123386383056641
5.167040824890137 7.921997870398862 3.4385457038879395 6.03094482421875
3.5492353439331055 6.760699195497409 3.6807093620300293 7.337790012359619
5.796706199645996 6.507794110750524 2.8350603580474854 2.9121551513671875
4.6383795738220215 6.9985060569680115 3.1130199432373047 4.247304439544678
2.322444438934326 4.0485401917968495 3.2785227298736572 5.55828857421875
2.2913055419921875 4.123913771872822 3.358612060546875 6.400055408477783
6.746673583984375 7.753255290223024 2.986954689025879 3.096289873123169
3.9731314182281494 7.070153649082442 3.4117770195007324 4.792351245880127
2.9015562534332275 5.626451981731876 3.7076351642608643 6.5411834716796875
3.155151128768921 5.605389748021025 3.845233678817749 7.688984394073486
7.898059844970703 9.37762837098245 3.227700710296631 3.3708009719848633
4.8424530029296875 7.465503062809773 3.868215560913086 5.623770713806152
3.720513105392456 7.293901837562734 4.3496856689453125 8.038270950317383
2.9060263633728027 5.33614158670639 4.563958644866943 9.62655258178711
4.609737396240234 5.004543038403166 2.9028568267822266 3.2084076404571533
4.095256328582764 6.245023455762748 4.082683563232422 5.711546897888184
3.1495797634124756 5.344069086155287 3.862776517868042 6.7593183517456055
2.499537229537964 4.578327343597934 3.8069040775299072 7.4907755851745605
5.47417688369751 5.95931425387889 3.1264357566833496 3.47066330909729
4.222813606262207 5.981147916284954 4.456139087677002 6.485910415649414
3.038163900375366 5.890118511229289 4.409271240234375 8.063375473022461
2.7371890544891357 5.263148168454563 4.425235748291016 9.16322135925293
6.563823223114014 6.746186552766652 3.464435338973999 3.8682756423950195
5.136248588562012 8.113034001972437 5.048792362213135 7.684059143066406
4.8982696533203125 7.754225836641869 5.244206428527832 10.068443298339844
4.121776580810547 7.631691906715787 5.352998733520508 11.709566116333008
4.215814113616943 5.203602933395731 1.7456430196762085 1.8103158473968506
3.4657015800476074 6.5249478121181 2.0804665088653564 2.747889757156372
1.9189985990524292 3.0977228310241216 2.3826558589935303 3.7724223136901855
2.1308672428131104 3.0305789331287087 2.5348782539367676 4.432704925537109
4.738729476928711 5.9643905941041595 1.8339300155639648 1.905512809753418
4.473443031311035 6.088185842145075 2.22065806388855 2.986927032470703
2.9258055686950684 5.027172724738919 2.5803892612457275 4.215322017669678
3.082179307937622 5.467411005886788 2.7622668743133545 5.019473552703857
5.376255989074707 7.152247342478404 1.9572296142578125 2.0403711795806885
4.510276794433594 7.298332560678839 2.4151089191436768 3.327268362045288
3.878000497817993 6.766668975797074 2.8521535396575928 4.8387837409973145
3.053969621658325 4.61786191514733 3.0731821060180664 5.836938381195068
5.085905075073242 6.251598875210391 2.219876289367676 2.3125953674316406
4.539207935333252 7.859360266237331 2.666565179824829 3.612593173980713
2.5360138416290283 4.903638109046909 3.025979995727539 5.013564109802246
2.4541103839874268 4.893459073137478 3.171839475631714 5.872197151184082
5.765057563781738 7.213905355415628 2.3433916568756104 2.447674036026001
4.658562660217285 7.342322740526932 2.896550178527832 4.0369038581848145
3.3405308723449707 6.347128728153855 3.361966848373413 5.822269916534424
3.7916183471679688 6.76265806201378 3.5572457313537598 6.932804584503174
6.726735591888428 8.783287250349588 2.521040916442871 2.646256685256958
5.614209175109863 9.525722264123132 3.223961114883423 4.654486179351807
4.077620506286621 6.558106914751249 3.8356261253356934 6.984025478363037
3.5334737300872803 6.123124083288026 4.097388744354248 8.442488670349121
5.421609878540039 6.680053904335182 2.8090734481811523 2.9414610862731934
4.433566093444824 7.8112160746651895 3.356208324432373 4.658429145812988
2.810189962387085 5.299192385610695 3.7322676181793213 6.416633129119873
2.3079845905303955 4.184654229030309 3.8381171226501465 7.422149181365967
6.1820902824401855 7.679169922593047 2.960125684738159 3.1173665523529053
3.756093740463257 6.781492497248806 3.696272373199463 5.335089206695557
4.092334747314453 7.400650230699739 4.2306227684021 7.680902481079102
3.4948337078094482 5.008885168684202 4.399529457092285 9.041400909423828
7.335434913635254 9.312430344864822 3.1941943168640137 3.3892107009887695
6.234249114990234 9.167969889783365 4.195059776306152 6.342956066131592
4.16914701461792 6.775350213132015 4.945005416870117 9.520831108093262
3.2080376148223877 5.353827964577931 5.199653625488281 11.369585990905762
4.16168737411499 4.707431781055675 3.098795175552368 3.381042957305908
3.6915581226348877 6.350510256413372 4.028988361358643 5.702530384063721
3.104919910430908 5.052318435962661 4.367681980133057 7.713785648345947
2.075136184692383 3.128308784664007 4.413980960845947 8.786226272583008
5.034091472625732 5.357621782255493 3.335191488265991 3.671440362930298
4.054146766662598 7.737068329757854 4.47214412689209 6.6385698318481445
3.0699779987335205 4.87063514897774 5.019571304321289 9.41657543182373
3.305917978286743 5.295402255659042 5.133296966552734 10.915059089660645
5.300771713256836 6.44838331377521 3.6842126846313477 4.107620716094971
5.1898193359375 8.18322971417706 5.144504547119141 8.089322090148926
3.830749750137329 7.0382954826691275 5.961829662322998 11.915689468383789
3.8809256553649902 6.234976743218795 6.16652774810791 13.990422248840332
4.306510925292969 5.176582093966534 1.8207417726516724 1.9011502265930176
3.115617036819458 5.516194150124459 2.1853458881378174 2.9755051136016846
2.395031690597534 5.119575344127497 2.4804162979125977 4.03851318359375
2.433438539505005 4.4597651348423994 2.6217734813690186 4.695809841156006
4.816858768463135 5.93783526042381 1.9186021089553833 2.005392551422119
4.244912147521973 7.1269271373267316 2.3461742401123047 3.262205123901367
2.0272810459136963 4.257164073431113 2.6939620971679688 4.539207935333252
2.86362886428833 4.701062208433655 2.8593428134918213 5.329298496246338
5.387698650360107 6.832264813127477 2.0554587841033936 2.151553153991699
3.1018784046173096 6.193839235924543 2.5686047077178955 3.6517510414123535
3.535749673843384 6.1759730212193205 2.986721992492676 5.218496799468994
3.302985668182373 5.904851899439166 3.184264898300171 6.190034866333008
5.189126014709473 6.177460292276976 2.2902612686157227 2.405118942260742
3.8955540657043457 6.145463661792064 2.785897970199585 3.901945114135742
3.0824790000915527 5.661797218196739 3.138936758041382 5.362624168395996
2.161543130874634 4.452024261521672 3.276397466659546 6.21938943862915
5.768143177032471 6.944226186167803 2.4232594966888428 2.552656412124634
3.96356463432312 6.674567372760407 3.0412468910217285 4.3892693519592285
3.0179009437561035 5.371320980341692 3.4869461059570312 6.228329181671143
2.1753170490264893 3.8103978863056307 3.6630499362945557 7.3111162185668945
6.573932647705078 8.2962682361524 2.617185354232788 2.7658774852752686
4.783413887023926 8.462591621598563 3.405397891998291 5.073845863342285
3.8689732551574707 6.4484076830351285 3.976482629776001 7.444744110107422
3.892350912094116 5.883662094491164 4.20491886138916 8.842988014221191
5.540767669677734 6.621536329915102 2.849013566970825 2.986621379852295
3.723310708999634 6.397362460050317 3.491621971130371 5.009234428405762
2.258758783340454 4.708528613604159 3.8503034114837646 6.8509440422058105
2.366065740585327 4.180569733210831 3.9511709213256836 7.8534650802612305
6.334955215454102 7.563074068385248 3.0195372104644775 3.1900219917297363
4.219294548034668 7.379276747631849 3.854877471923828 5.767057418823242
2.422729969024658 3.8688020741268474 4.348292827606201 8.152068138122559
2.2514278888702393 3.990376709968359 4.499022483825684 9.461762428283691
7.359812259674072 9.034827106337616 3.27675461769104 3.4922070503234863
5.143298625946045 8.818252841849159 4.390966415405273 6.847965717315674
4.433763027191162 7.1027600377240105 5.063790798187256 10.009028434753418
3.5051560401916504 5.517526833398563 5.280116081237793 11.752585411071777
4.628645420074463 5.141068536431803 3.157611131668091 3.5207457542419434
3.467719078063965 5.676696465675711 4.173745632171631 6.185665130615234
2.759368658065796 4.516754367334443 4.497796535491943 8.241661071777344
2.040559768676758 4.444355472131235 4.532095432281494 9.300546646118164
5.28627347946167 6.107405136606111 3.4059929847717285 3.8371198177337646
3.598020553588867 5.099904679289011 4.651819229125977 7.215522766113281
2.547065019607544 4.7770478075167375 5.1283345222473145 9.960261344909668
2.419651508331299 3.966173358154947 5.220655918121338 11.374495506286621
6.634033203125 7.584827865852958 3.77824330329895 4.305644512176514
4.597267150878906 6.273567808592588 5.367295742034912 8.747827529907227
3.4476380348205566 4.845736797021573 6.050812244415283 12.430920600891113
3.0245606899261475 5.330742634425761 6.213833808898926 14.342536926269531
4.982226848602295 6.065814618084659 1.8465286493301392 1.9142212867736816
4.520637512207031 7.355501134977658 2.2232556343078613 2.9687740802764893
3.190871000289917 5.376313299705544 2.531507730484009 4.078622341156006
2.4824929237365723 4.1378727010370255 2.6774187088012695 4.823408126831055
5.338077545166016 6.508212708094293 1.9528017044067383 2.0296506881713867
4.458593368530273 7.334615448983143 2.394223213195801 3.2611117362976074
3.5426037311553955 5.124754426864882 2.759726047515869 4.596600532531738
3.0608015060424805 5.819355494506453 2.9314992427825928 5.500077724456787
5.98957633972168 7.640964481843184 2.1051807403564453 2.195812702178955
4.506699562072754 8.288991654600295 2.637608528137207 3.6780688762664795
2.862074136734009 5.786968235459842 3.0813236236572266 5.331002235412598
3.5241987705230713 7.045555551225139 3.286807060241699 6.456028461456299
6.058680057525635 7.292747396509981 2.414283037185669 2.5116147994995117
4.471350193023682 7.42658804515807 2.909362316131592 4.001076698303223
2.4124374389648438 4.828919399372069 3.2491793632507324 5.515993118286133
1.887105941772461 3.131948644208933 3.3758187294006348 6.488401889801025
6.615860462188721 7.954629866252276 2.564875841140747 2.679305076599121
5.094030380249023 8.6781790952964 3.19438099861145 4.5257792472839355
2.678025960922241 4.503067658098075 3.6414618492126465 6.468515872955322
1.923789620399475 4.228511332527688 3.8094305992126465 7.720271110534668
7.418972969055176 9.29586189409505 2.7914631366729736 2.9320573806762695
5.26436710357666 7.049636134459888 3.616140842437744 5.303168296813965
4.528118133544922 7.2762459801727175 4.2121381759643555 7.862523555755615
3.6499454975128174 5.605427745968541 4.434172630310059 9.508696556091309
6.175637245178223 7.457797842516015 3.1542367935180664 3.3022711277008057
3.82584810256958 6.729786173503534 3.7982630729675293 5.372538089752197
2.9391932487487793 4.047098448305304 4.083654403686523 7.2263875007629395
2.6218442916870117 4.66008218767638 4.126857757568359 8.319770812988281
7.258609294891357 8.689594954476433 3.354336738586426 3.536703586578369
4.622011184692383 5.654539290733055 4.230648517608643 6.231412887573242
3.2980873584747314 5.044600161238002 4.670658588409424 8.719953536987305
3.0627353191375732 5.4789988163602175 4.764932632446289 10.200366973876953
8.423771858215332 10.37062598643979 3.6709423065185547 3.9064085483551025
5.238189220428467 8.107179542846097 4.886636734008789 7.521612644195557
4.740293502807617 7.58764042658126 5.545426845550537 10.94478702545166
3.8140370845794678 6.411451083747352 5.701864242553711 12.973801612854004
4.4697585105896 5.055383328797632 3.6466996669769287 4.0250701904296875
4.210829257965088 6.427831253346085 4.732059478759766 6.876018047332764
2.1453030109405518 3.456402598364889 4.8900837898254395 8.90576171875
2.4214320182800293 3.8231953227865603 4.799921035766602 9.97771167755127
4.070718288421631 4.297288571517985 3.9516656398773193 4.412054061889648
4.229007720947266 7.0350574204606975 5.32087516784668 8.095049858093262
3.2714126110076904 5.58599155123261 5.660731315612793 10.929266929626465
2.803544044494629 4.910332827129537 5.6224589347839355 12.444489479064941
6.198368072509766 7.393658356148421 4.414547443389893 4.997915267944336
5.8406243324279785 8.322442205677817 6.2298479080200195 9.979576110839844
3.9380290508270264 6.580873848055035 6.823200702667236 13.952807426452637
3.8698997497558594 7.28091508883954 6.844022274017334 16.104557037353516
3.966273069381714 4.602294790308781 1.633376955986023 1.6797677278518677
3.6691906452178955 5.853335529489414 1.9079387187957764 2.5118963718414307
3.0027036666870117 4.851399583263401 2.1811158657073975 3.4723594188690186
2.480577230453491 4.8380427589308965 2.326662540435791 4.090050220489502
4.646921157836914 5.690215042207511 1.7245452404022217 1.779097557067871
4.121004581451416 6.975341098231148 2.0460634231567383 2.7377407550811768
2.992072820663452 5.498414978990695 2.3662357330322266 3.8745362758636475
2.696687698364258 4.4627945767266795 2.5323615074157715 4.613996505737305
5.335751533508301 6.583215926836498 1.859532117843628 1.9250149726867676
4.856527328491211 6.986559288929811 2.247783660888672 3.0700461864471436
3.7275800704956055 6.169294503219021 2.630610942840576 4.456110954284668
2.8902106285095215 5.7157599608108285 2.821429491043091 5.357936382293701
4.790781497955322 5.601108472481428 2.0394468307495117 2.0815675258636475
3.814505100250244 6.189286319017995 2.3837597370147705 3.2047791481018066
3.1199400424957275 6.174909236240751 2.6821084022521973 4.462471008300781
2.7946271896362305 4.672883554746932 2.812373638153076 5.233591556549072
5.596672058105469 6.73872668140071 2.1674673557281494 2.2300238609313965
4.4931488037109375 7.205607765421249 2.604301929473877 3.598362445831299
3.7197701930999756 7.184009392298094 2.986963987350464 5.177411079406738
3.4655895233154297 6.252626812760468 3.148563861846924 6.148354530334473
6.613379955291748 8.074568240948935 2.3686437606811523 2.4556705951690674
5.734372138977051 8.995200155162308 2.9415035247802734 4.1982316970825195
4.711103916168213 6.96523317990318 3.440230369567871 6.246218681335449
3.908637046813965 6.4818767064553775 3.639819860458374 7.4936957359313965
5.122480392456055 6.033972881700777 2.6765286922454834 2.651597499847412
4.1920576095581055 7.4978739618275085 3.027233362197876 4.1142096519470215
3.056290626525879 5.6450694602499425 3.253916025161743 5.5967116355896
2.8195855617523193 4.426729760098716 3.3188514709472656 6.446630477905273
6.089898109436035 7.2825907656492745 2.8383023738861084 2.8571512699127197
4.219596862792969 6.273117551675341 3.3438282012939453 4.732057094573975
3.6362733840942383 5.720043875110477 3.693436861038208 6.695913314819336
2.8099498748779297 5.1057223324280585 3.7951176166534424 7.808830738067627
7.353005886077881 8.889070117273022 3.104538917541504 3.1754517555236816
6.005551815032959 9.251223965016074 3.8449113368988037 5.692945957183838
4.673768043518066 8.052396918622751 4.365402698516846 8.366497993469238
2.959322452545166 4.919464844102606 4.509744167327881 9.847152709960938
4.568044185638428 5.161522971584333 2.831921339035034 3.064150810241699
4.255748748779297 6.627925682771817 3.8358397483825684 5.329667568206787
2.7828409671783447 4.576352945857698 3.8215115070343018 6.7185540199279785
2.549102544784546 5.090649179981099 3.771634101867676 7.531458854675293
5.515763759613037 5.7140916078014925 3.066659688949585 3.3689420223236084
4.78705358505249 7.312843729146694 4.26568603515625 6.219426155090332
3.9241747856140137 6.967524103293215 4.3933939933776855 8.210054397583008
3.554187536239624 6.110095504471068 4.374069690704346 9.3143949508667
6.767807960510254 7.289969348647256 3.4429171085357666 3.8409664630889893
5.354320526123047 7.997924987528677 4.960111141204834 7.623317718505859
4.246560096740723 6.470881801729661 5.277042865753174 10.492711067199707
3.548919200897217 5.212854241030442 5.290863990783691 11.996161460876465
4.025020599365234 4.570860880426065 1.7590299844741821 1.8251887559890747
3.4812326431274414 5.155854050084868 2.0411369800567627 2.67783260345459
3.0501394271850586 5.812506638328614 2.2838406562805176 3.591170310974121
2.748473644256592 5.4313834097956715 2.408102035522461 4.1946702003479
4.756277084350586 5.735317916425622 1.8514076471328735 1.9261795282363892
4.40828800201416 6.96526781415821 2.1842637062072754 2.9202630519866943
3.7453598976135254 6.337341119265716 2.4740684032440186 4.00754451751709
3.32010555267334 6.6819688278625975 2.619115114212036 4.722331523895264
5.625739097595215 6.966280283341803 1.9864963293075562 2.0712499618530273
4.959648132324219 8.390186748340653 2.387763023376465 3.260868549346924
4.458981037139893 8.407957894619729 2.7401371002197266 4.589687347412109
3.570370674133301 5.643999818751638 2.911574125289917 5.457753658294678
4.8394317626953125 5.5604635982222135 2.2946503162384033 2.39039945602417
3.6991472244262695 5.977782799124384 2.633439302444458 3.5398528575897217
3.4293291568756104 5.723353692418925 2.855522394180298 4.691292762756348
2.6458122730255127 5.4411978784287385 2.939840793609619 5.414608001708984
5.670348644256592 6.777472679466882 2.4212255477905273 2.5344886779785156
4.900674343109131 7.48083333802829 2.865727186203003 3.9645681381225586
3.1770896911621094 5.817222376327553 3.1742279529571533 5.436974048614502
3.215139865875244 4.541957546421321 3.288790225982666 6.346833229064941
6.721556186676025 8.362443072819929 2.6187312602996826 2.754051685333252
5.463156223297119 8.985006380656202 3.2109365463256836 4.58901834487915
4.876214504241943 7.325794021241194 3.6359777450561523 6.523007392883301
3.5576281547546387 5.024188223556834 3.789410352706909 7.696625709533691
5.19157600402832 6.019731073369712 2.9787356853485107 3.1160290241241455
3.9269347190856934 6.878741300870786 3.407423973083496 4.715002059936523
3.437836170196533 6.378862222381031 3.517380475997925 5.999706268310547
2.5582149028778076 4.932717880513252 3.5027916431427 6.742692470550537
6.167899131774902 7.385033135323335 3.155702829360962 3.3275704383850098
4.5802226066589355 7.74892670693913 3.7538959980010986 5.3876519203186035
3.2700538635253906 5.1325346832929455 3.98647403717041 7.15060567855835
1.8291069269180298 2.4813548354535016 4.005311965942383 8.145683288574219
7.449260234832764 9.256720673885752 3.436462879180908 3.6554691791534424
5.992763996124268 8.842811410827913 4.281322002410889 6.40643310546875
5.342750072479248 6.971019612793601 4.681811332702637 8.867958068847656
3.248241424560547 3.988675260800836 4.74126672744751 10.22250747680664
4.167355537414551 4.774427063161056 3.2651426792144775 3.6510603427886963
3.206395149230957 5.437370860983606 4.195374965667725 6.021165370941162
4.226563930511475 6.389186105935691 4.162312030792236 7.309013843536377
2.3411974906921387 4.459583782865934 4.007657527923584 7.948864459991455
5.306000709533691 6.055966142140392 3.519029140472412 3.9872684478759766
5.210825443267822 8.344858103285858 4.675014495849609 7.00328254699707
3.1743850708007812 5.324352330651891 4.778148651123047 8.859456062316895
3.40514874458313 6.554641456728353 4.6513142585754395 9.789840698242188
6.385956764221191 7.158391063988347 3.91180682182312 4.498291015625
6.151747226715088 8.578782672949329 5.408127784729004 8.49116325378418
5.002969264984131 7.935608186669065 5.699466705322266 11.193879127502441
2.9179444313049316 3.4752191912066337 5.603337287902832 12.539682388305664
4.314800262451172 4.831523049158131 1.7414613962173462 1.787346601486206
3.6798808574676514 6.327710649956202 2.0440356731414795 2.6405160427093506
3.147951364517212 5.372146467029552 2.3583261966705322 3.599841356277466
2.2359650135040283 4.133215032105909 2.5282373428344727 4.258084297180176
4.943106651306152 5.846016627330755 1.8420751094818115 1.895131230354309
4.3487091064453125 6.409454963774351 2.196377754211426 2.8825175762176514
3.364504814147949 5.662466157965209 2.5658881664276123 4.035446643829346
3.11099910736084 5.96882203365687 2.7638463973999023 4.833945274353027
5.583807945251465 6.900542326571326 1.993645429611206 2.056650400161743
5.0731282234191895 8.164159362425375 2.4204132556915283 3.24037766456604
4.609530925750732 8.146035839599108 2.8645083904266357 4.662203311920166
3.352109909057617 5.449802924011237 3.0986921787261963 5.6497063636779785
5.188658714294434 5.896593563130182 2.1712846755981445 2.2187893390655518
4.781121730804443 5.905983307041595 2.5701446533203125 3.378049373626709
2.8655693531036377 5.137486160816479 2.951826572418213 4.694791793823242
2.8401639461517334 5.503215295720466 3.132798194885254 5.569121837615967
5.911290168762207 7.002957470624551 2.3149325847625732 2.3739795684814453
4.856960296630859 7.801628988511908 2.812696933746338 3.7868971824645996
2.8380141258239746 4.3232195545388095 3.294074296951294 5.454245567321777
2.738831043243408 5.05419718282792 3.5225131511688232 6.57212495803833
6.7803053855896 8.384206749287586 2.545607566833496 2.6237270832061768
5.23150110244751 7.932374250439703 3.1908352375030518 4.4273176193237305
3.5603861808776855 5.394857856534372 3.8115170001983643 6.605905532836914
3.4382808208465576 6.897114772390312 4.100321292877197 8.064950942993164
5.595321178436279 6.380485277128173 2.7341763973236084 2.802698850631714
4.490659236907959 6.926134774601829 3.2193851470947266 4.318258285522461
3.378638505935669 5.936250736845977 3.610022783279419 5.9587836265563965
2.08479380607605 3.041062931682518 3.7588553428649902 6.982580184936523
6.564723491668701 7.730266180452816 2.924525499343872 3.0067529678344727
4.5720086097717285 7.928847996528134 3.5721235275268555 4.949191570281982
3.8584134578704834 6.53739295507512 4.104588031768799 7.108728885650635
3.224196434020996 5.460421728046818 4.316019535064697 8.470857620239258
7.703113555908203 9.40550818999509 3.2420005798339844 3.353816509246826
5.562692642211914 8.85641338460593 4.140527725219727 5.968845367431641
4.682686805725098 7.510624922576158 4.8774614334106445 8.903116226196289
3.4287312030792236 6.369788499159846 5.167814254760742 10.749160766601562
3.926974296569824 4.328242103480079 2.8926589488983154 3.158801794052124
4.341789245605469 5.861065368818711 3.9479105472564697 5.526027202606201
2.9068281650543213 5.6063747817316365 4.2407402992248535 7.22344446182251
2.9164066314697266 4.883631891478245 4.308785438537598 8.2662353515625
4.717312335968018 5.037188109141425 3.144111156463623 3.4510416984558105
4.10407018661499 6.574367399263053 4.431640148162842 6.430595874786377
3.7788052558898926 5.493318671786822 4.8801589012146 8.769330978393555
3.668393611907959 5.6772621481363785 5.015660285949707 10.200995445251465
6.532991409301758 6.741079740182727 3.5565943717956543 3.943567991256714
5.1934494972229 7.053147821212171 5.219213008880615 7.934314727783203
4.655236721038818 6.791418603726882 5.895465850830078 11.19395923614502
3.666398763656616 6.183172606548283 6.115612506866455 13.195762634277344
3.7218151092529297 4.495548633684862 1.6091336011886597 1.6615864038467407
3.585164785385132 6.698075657051959 1.9088174104690552 2.4928834438323975
2.397010087966919 4.985933309057941 2.205683946609497 3.454371213912964
1.9174370765686035 3.4656053501575466 2.383246898651123 4.141053676605225
4.279965877532959 5.390714760304036 1.6964765787124634 1.7555466890335083
3.958916187286377 7.130344201592379 2.031113624572754 2.702488899230957
2.710911273956299 5.668335991854612 2.368967294692993 3.831470012664795
3.349719285964966 6.910470259774996 2.5722572803497314 4.649702548980713
5.304110050201416 6.820960593498484 1.8229972124099731 1.8897099494934082
4.877660751342773 8.453882198398084 2.20965576171875 2.996377468109131
4.478027820587158 7.210441729838905 2.605952501296997 4.357272624969482
3.658033847808838 6.005592115302306 2.8437485694885254 5.353315353393555
4.852334499359131 5.872323390688962 1.864503026008606 1.9280351400375366
3.8140015602111816 7.359902722191222 2.253556966781616 3.021737813949585
2.3656673431396484 5.28439911587634 2.6287612915039062 4.305125713348389
2.377911329269409 4.4062826369529375 2.841200113296509 5.220900058746338
5.6977949142456055 7.011143424998693 1.989149570465088 2.0634102821350098
4.667931079864502 7.565879601211236 2.443056106567383 3.359792470932007
3.5882740020751953 7.170684283163155 2.892594814300537 4.940082550048828
3.1026830673217773 4.769676531258099 3.1486711502075195 6.080751895904541
6.770044326782227 8.408062068775962 2.17693829536438 2.2648775577545166
5.1025190353393555 7.299240892952639 2.729552984237671 3.8556101322174072
4.878940105438232 6.841662524259203 3.2875514030456543 5.8632493019104
3.91725754737854 7.331335946828062 3.604114055633545 7.319238185882568
5.343968391418457 6.406255865634876 2.1345646381378174 2.199960947036743
4.31663179397583 7.951785597803337 2.601994037628174 3.583911895751953
2.9757649898529053 5.8281253997515705 3.048872709274292 5.183725833892822
2.8504374027252197 5.403331010364013 3.284184694290161 6.303044319152832
6.449990749359131 7.8227309178987525 2.290271282196045 2.371770143508911
4.808773994445801 8.261990606771818 2.859686851501465 4.062312602996826
4.48409366607666 8.13288079448796 3.4183647632598877 6.103699684143066
3.7117111682891846 7.028964251825799 3.7151410579681396 7.544270992279053
7.746885299682617 9.66647259057845 2.5350592136383057 2.6377642154693604
6.102802276611328 9.723548746710549 3.2625904083251953 4.789597034454346
4.27790641784668 7.610736200890301 3.9868767261505127 7.482977390289307
4.293956279754639 7.609294335391041 4.369676113128662 9.380703926086426
4.406278610229492 5.008238638808052 2.5647077560424805 2.852813243865967
4.719241142272949 8.113139604212444 3.4883859157562256 4.811426162719727
3.448241949081421 6.61713868676821 3.4338481426239014 5.990981101989746
2.282650947570801 4.186404013840104 3.6590113639831543 7.231176376342773
4.725447177886963 5.4244663183944795 2.7633540630340576 3.0943565368652344
4.704137802124023 8.103964322623483 3.7444865703582764 5.38428258895874
4.113574504852295 7.651711726781457 3.8976731300354004 7.179998874664307
4.046809196472168 7.004036213631565 4.196887016296387 8.814085006713867
6.73453426361084 7.989831458356093 3.069638967514038 3.464491128921509
5.644204139709473 8.552555246098962 4.14055061340332 6.285867214202881
5.431946754455566 7.55597595834087 4.623940944671631 8.993127822875977
4.480379104614258 8.677153415383152 5.027414321899414 11.192160606384277
4.200001239776611 5.305358600888155 1.6126772165298462 1.6927711963653564
3.467348337173462 6.019422198183065 1.9965118169784546 2.798903703689575
3.058579206466675 5.273422180713375 2.326775312423706 3.8788177967071533
1.5852994918823242 3.355606724356278 2.4846346378326416 4.526088237762451
4.756576061248779 6.030650269270069 1.7023475170135498 1.78982675075531
4.419621467590332 7.680979865471784 2.1324639320373535 3.046994924545288
2.8179094791412354 5.861995420601033 2.5120348930358887 4.3288445472717285
2.8192620277404785 4.207569506311872 2.6934454441070557 5.108210563659668
5.483306884765625 7.0439503279860105 1.8336386680603027 1.931425929069519
4.332982540130615 7.979012539449208 2.328418493270874 3.398678779602051
3.453524112701416 5.859206794155824 2.775078296661377 4.958631992340088
2.9702181816101074 3.9143168109887156 2.9870765209198 5.919109344482422
5.149972438812256 6.301250436704549 1.9018923044204712 2.0035150051116943
4.813403129577637 8.438145299883331 2.413860559463501 3.508172035217285
2.834796905517578 5.402722177159723 2.836111545562744 4.95497465133667
3.2104082107543945 5.448306489823762 3.0100719928741455 5.792369365692139
5.882182598114014 7.27012953683367 2.0298476219177246 2.1435279846191406
3.2328879833221436 5.550813117422649 2.6242120265960693 3.9126009941101074
2.4168307781219482 3.8253588514343164 3.1363468170166016 5.718358516693115
1.8256731033325195 3.5405305076856166 3.350348949432373 6.78322696685791
6.764161109924316 8.633907181925547 2.225684642791748 2.3573250770568848
4.994180679321289 8.966191150314643 2.94077730178833 4.513722896575928
3.7998545169830322 6.628141050601698 3.578033447265625 6.835210800170898
4.08201265335083 6.736754428995965 3.845383644104004 8.220351219177246
5.5096564292907715 6.711958035545702 2.307600975036621 2.439075231552124
3.7229654788970947 6.591001133147984 2.9017481803894043 4.34984827041626
2.5908243656158447 4.281392533690848 3.375504970550537 6.113645553588867
2.9534921646118164 4.811574618495683 3.539104461669922 7.093667507171631
6.46995210647583 7.989129280421139 2.467834949493408 2.6186954975128174
5.200582027435303 9.073861140892646 3.1904773712158203 4.935329437255859
2.470336437225342 5.145520080734499 3.7998228073120117 7.233150482177734
3.0956497192382812 5.15500577059715 4.018348217010498 8.531990051269531
7.577044486999512 9.775190588167334 2.722971200942993 2.9023919105529785
5.392794132232666 9.598602005446068 3.640028715133667 5.8354949951171875
3.7538912296295166 5.943897965457637 4.439449310302734 8.913800239562988
3.7474160194396973 6.972006441304622 4.73155403137207 10.666046142578125
4.278878688812256 4.930017855393544 2.7915284633636475 3.1777939796447754
4.145421028137207 6.33878361291346 3.4627110958099365 5.282439708709717
2.8564772605895996 5.064035564081053 3.865795373916626 7.175009727478027
3.0954291820526123 5.911095766259642 3.9905288219451904 8.217068672180176
5.377760887145996 6.200141045242191 3.0025391578674316 3.4534947872161865
5.206858158111572 8.90764891913102 3.838444709777832 6.094791889190674
2.7426211833953857 5.423741700417558 4.404101371765137 8.634675025939941
3.7120189666748047 6.947905081401359 4.592230319976807 10.056025505065918
6.376053810119629 7.412386513939055 3.342005491256714 3.881070613861084
5.9723005294799805 10.308210098629843 4.4278974533081055 7.344801425933838
3.8895373344421387 7.100873180818539 5.226438999176025 10.851795196533203
3.918592929840088 7.092456787903757 5.498356819152832 12.811864852905273
3.8486876487731934 4.864692147316812 1.7496628761291504 1.812204122543335
3.8307809829711914 6.702929552797286 2.0706889629364014 2.7699692249298096
2.629725456237793 5.5355355125120695 2.3624067306518555 3.7990429401397705
2.866050958633423 5.7607923987905 2.5173628330230713 4.499598026275635
4.682744979858398 5.997110408116612 1.8489798307418823 1.9197205305099487
3.5853636264801025 6.161836606407633 2.2229127883911133 3.022189140319824
3.5525381565093994 6.409629544323252 2.5697922706604004 4.240514278411865
3.0210626125335693 5.924018688386866 2.7537755966186523 5.074039459228516
5.655980110168457 7.2253826513910795 1.994978904724121 2.077040910720825
5.53211784362793 8.615488083027628 2.443796396255493 3.389082193374634
4.021522045135498 6.88787292362584 2.8651785850524902 4.876559734344482
3.6531267166137695 5.95314375768146 3.0857198238372803 5.89439058303833
4.6974358558654785 5.933036311197455 2.242058515548706 2.3181405067443848
3.9171226024627686 6.858822500417773 2.662343978881836 3.6385440826416016
3.0540666580200195 5.815664932397194 3.0007622241973877 5.036921977996826
2.457036018371582 5.074993116204496 3.153714179992676 5.955672264099121
5.606563568115234 7.0849569887482176 2.382779359817505 2.4749794006347656
5.111298084259033 7.9546069316702415 2.912057876586914 4.08114767074585
3.5137836933135986 5.397943936041955 3.3553946018218994 5.845635890960693
2.6941096782684326 4.994948099132309 3.5577898025512695 7.010157585144043
6.734879970550537 8.654721714501932 2.6031856536865234 2.7181029319763184
4.720800876617432 7.976264821107475 3.291276454925537 4.752658843994141
3.7128777503967285 5.640174839310475 3.8805222511291504 7.049117088317871
3.0205018520355225 4.949355258965284 4.144972324371338 8.558833122253418
4.943028450012207 6.249279349653591 2.859611988067627 2.9796783924102783
4.024609088897705 6.758915356954034 3.3856420516967773 4.750802516937256
3.596867322921753 5.662529807376131 3.717411994934082 6.473415374755859
2.3263914585113525 3.5868376510725284 3.8257641792297363 7.5402936935424805
6.070727825164795 7.6573167751630535 3.044771909713745 3.1871442794799805
4.2034149169921875 7.130709912677048 3.761592388153076 5.448940753936768
4.019649028778076 7.60081645934882 4.246976852416992 7.733088970184326
3.292966842651367 5.352096770681854 4.420000076293945 9.156901359558105
7.380460262298584 9.38817060890301 3.3507347106933594 3.531299352645874
6.464735984802246 9.782567198437071 4.3441481590271 6.531778812408447
3.2449796199798584 4.828678172329774 5.047608375549316 9.638559341430664
3.605175018310547 6.162642633665744 5.303341388702393 11.563949584960938
4.195715427398682 4.988513332926573 3.171445369720459 3.4958817958831787
3.8241958618164062 6.504000890331483 4.140884876251221 6.004805088043213
2.7405340671539307 5.6512281192544975 4.380122184753418 7.8600006103515625
2.214470624923706 3.487819197488534 4.412955284118652 8.958451271057129
4.110333442687988 5.195120783145285 3.4464669227600098 3.8352913856506348
4.939731597900391 8.45452229801137 4.6333208084106445 7.005849361419678
3.0692951679229736 5.162008199961292 5.080007076263428 9.558707237243652
2.3340847492218018 5.121681015510376 5.180809497833252 11.088162422180176
6.262627601623535 6.628336574603871 3.8778865337371826 4.368792533874512
5.492214202880859 7.91561354438851 5.423789978027344 8.562541961669922
4.906096935272217 7.233900153246509 6.141195297241211 12.135658264160156
3.551241159439087 5.7787522613034525 6.33233118057251 14.268684387207031
4.758504867553711 5.496329363082168 1.7220158576965332 1.7794947624206543
4.471310615539551 7.320703260871596 1.9917654991149902 2.5729432106018066
3.27047061920166 5.956875799740033 2.2408831119537354 3.4685168266296387
2.8968818187713623 5.0530665847386445 2.3699045181274414 4.08819580078125
5.271862983703613 6.305118218167422 1.8215363025665283 1.8818434476852417
5.37063455581665 8.575860103083897 2.1323916912078857 2.7876336574554443
4.447286605834961 7.311407108025007 2.4271702766418457 3.8504674434661865
2.36637282371521 4.570498406998439 2.5801749229431152 4.598053932189941
5.902833461761475 7.146616435215158 1.9668506383895874 2.0337460041046143
4.50187349319458 7.450068954185099 2.335432767868042 3.1020724773406982
4.256378173828125 7.818876941723467 2.6937217712402344 4.403653144836426
4.281404972076416 8.456692705876549 2.878150701522827 5.328239917755127
5.810791492462158 6.739607378104438 2.204798936843872 2.295898199081421
4.973227024078369 8.090704703551637 2.5416250228881836 3.3470208644866943
4.01368522644043 6.842742953845084 2.8093059062957764 4.5105791091918945
2.4153265953063965 4.096916117635118 2.912956953048706 5.278224945068359
6.389576435089111 7.567073802518507 2.3525590896606445 2.443138837814331
5.0348591804504395 7.878637992670974 2.7713308334350586 3.718247175216675
3.788154363632202 6.7993355681541345 3.123915910720825 5.194902420043945
3.9461777210235596 7.608760138081472 3.267025947570801 6.182072162628174
7.23127555847168 8.814096320809767 2.5770442485809326 2.677238702774048
6.157717227935791 8.332236957509291 3.117224931716919 4.288173198699951
5.113519191741943 8.085382766588964 3.593240737915039 6.228370189666748
4.5863728523254395 8.902396692487912 3.790748119354248 7.534852027893066
6.238616943359375 7.252774379668537 2.8481414318084717 2.98954701423645
4.125662326812744 6.747119277889922 3.2578699588775635 4.403229713439941
3.8735435009002686 6.7790632792020915 3.4873459339141846 5.7852582931518555
2.691859245300293 4.228884550836416 3.5100576877593994 6.609511852264404
7.209890842437744 8.413937437677532 3.0325498580932617 3.1916844844818115
5.172037601470947 8.023164298940657 3.5974440574645996 4.992877960205078
4.351853370666504 7.037355689588651 3.9565157890319824 6.85556697845459
3.5444698333740234 5.622018674912397 4.027797222137451 7.980547904968262
8.280953407287598 9.842029191692337 3.3391644954681396 3.524221181869507
6.241408824920654 10.019968375135932 4.129767894744873 5.9262847900390625
4.941583156585693 8.173428928506041 4.6769514083862305 8.511168479919434
2.9120242595672607 5.560338390095922 4.816908836364746 10.082916259765625
4.192134857177734 4.6189769735319715 3.0281643867492676 3.3950448036193848
3.9889028072357178 5.535535522691227 4.14397668838501 5.94814395904541
2.5037286281585693 3.8120291036387925 4.1895623207092285 7.158173084259033
2.8129303455352783 4.410027946435548 4.069135665893555 7.868284225463867
5.987229347229004 6.185441890890836 3.2858574390411377 3.689589262008667
3.4386680126190186 4.947200847859605 4.591200351715088 6.7959370613098145
3.73492169380188 6.496046428412171 4.8112688064575195 8.63070011138916
4.185992240905762 6.62666874354295 4.740842819213867 9.690592765808105
6.66818904876709 7.436439002365939 3.6929335594177246 4.161831855773926
4.919042110443115 7.30451400393251 5.311044692993164 8.160216331481934
5.304927349090576 9.295541363590473 5.781232833862305 10.93414306640625
4.194655418395996 7.584426222842197 5.779475688934326 12.51181411743164
4.525618553161621 5.433020281183417 1.6037023067474365 1.6638163328170776
4.438845634460449 6.61639762188895 1.9071763753890991 2.5281965732574463
3.1291890144348145 5.48056419341242 2.190218210220337 3.4893341064453125
1.6547470092773438 2.6269586414685477 2.348515272140503 4.151113510131836
5.052417278289795 6.108020332964998 1.6918435096740723 1.7565683126449585
4.507852077484131 6.562968321281176 2.0374984741210938 2.738025188446045
3.8155713081359863 7.043943633180334 2.364780902862549 3.869781255722046
2.108816385269165 3.7896721328851477 2.5456693172454834 4.657135009765625
5.625166893005371 6.933173762131446 1.8180854320526123 1.8888144493103027
4.429959297180176 7.833000980132638 2.223553419113159 3.034546375274658
3.3970425128936768 6.267860569870209 2.6134984493255615 4.408737659454346
3.8295907974243164 6.323881039367279 2.8249452114105225 5.370721817016602
5.518245220184326 6.605880111712679 1.9386162757873535 2.0152199268341064
3.979109764099121 6.798948349996635 2.3176627159118652 3.1376614570617676
3.8184258937835693 6.194495854675893 2.6441051959991455 4.3855814933776855
3.220659017562866 6.217163685563037 2.809231758117676 5.232393741607666
6.11847448348999 7.351335821525481 2.0646920204162598 2.1498935222625732
4.728843688964844 7.520978911392342 2.5218961238861084 3.4858295917510986
3.429806709289551 5.9856996194789645 2.928232192993164 5.043249130249023
2.6288483142852783 4.881821161085307 3.1305410861968994 6.104793071746826
6.985726833343506 8.647650034460867 2.250697612762451 2.347144842147827
5.523366451263428 9.260671109673467 2.8232691287994385 3.9965038299560547
3.6539204120635986 6.860201183609892 3.348051071166992 6.013282775878906
3.616201639175415 6.071291704080108 3.6037299633026123 7.389859676361084
5.912037372589111 7.096260585253617 2.4875869750976562 2.561148166656494
3.723562479019165 6.683328062589595 2.860973358154297 3.9395933151245117
3.1823031902313232 6.329384187519043 3.143235206604004 5.380191802978516
2.83528733253479 5.766385859152592 3.270163059234619 6.337188720703125
6.7870941162109375 8.129759912148558 2.632514238357544 2.731523275375366
5.510564804077148 8.95450605177183 3.1430296897888184 4.448132038116455
3.709169864654541 6.677415507445133 3.54605770111084 6.351906776428223
2.836521625518799 3.6550962461682133 3.7217485904693604 7.608799934387207
7.912432670593262 9.761713218137999 2.8646342754364014 2.988551616668701
5.775017261505127 8.493722178866733 3.573801279067993 5.218472003936768
4.3254923820495605 7.316807941210158 4.15575647354126 7.825412273406982
4.022860527038574 6.524093175543385 4.405084133148193 9.533748626708984
4.553424835205078 4.945954829530535 2.6751060485839844 2.99259877204895
4.204880237579346 6.965768206791836 3.7661280632019043 5.340822219848633
2.6421260833740234 5.300024993348245 3.633540391921997 6.36808443069458
2.691328525543213 4.867849998781182 3.667508602142334 7.29813814163208
5.8968048095703125 6.825283059571549 2.8860929012298584 3.243781805038452
4.521936416625977 7.390680339017841 4.108752250671387 6.042056083679199
3.9217541217803955 7.478027706146918 4.1480560302734375 7.639665603637695
2.525862216949463 3.9073507851861677 4.2329607009887695 8.923242568969727
6.018154144287109 6.698631489056083 3.21025013923645 3.623180866241455
5.847171306610107 9.20142373210183 4.6515703201293945 7.094546794891357
4.578256607055664 7.796371166945221 4.934883117675781 9.595355033874512
4.444305419921875 6.868196739273799 5.100677013397217 11.418328285217285
4.359531879425049 4.953911428670054 1.6831467151641846 1.7359408140182495
3.329460620880127 5.559720499998534 1.9858667850494385 2.607283353805542
2.722017526626587 5.457202611745288 2.2925782203674316 3.6059508323669434
3.121400833129883 4.785984671377946 2.4647367000579834 4.2854743003845215
4.756374835968018 5.687188844312004 1.7747842073440552 1.8303414583206177
4.623721122741699 7.666937006479429 2.1258955001831055 2.8256547451019287
3.9341671466827393 4.843480833942584 2.484189510345459 3.999668598175049
2.8008244037628174 5.211456042672724 2.6846470832824707 4.804841995239258
5.247130870819092 6.540238288890663 1.9063239097595215 1.9685832262039185
5.108018398284912 7.536812398149323 2.3247578144073486 3.1457719802856445
3.525050163269043 6.040457766013816 2.7535481452941895 4.56937313079834
4.017148017883301 7.01556822062456 2.9896371364593506 5.5496931076049805
5.347725868225098 6.1345004115005395 2.078188896179199 2.1436965465545654
4.794827938079834 7.199065778675347 2.4711203575134277 3.321869134902954
3.6957104206085205 5.908532781537691 2.8397319316864014 4.663628101348877
3.0940070152282715 5.109903291541741 3.027496337890625 5.556113243103027
5.875830173492432 6.977073618356641 2.207036256790161 2.278188943862915
5.246344089508057 7.950313992491033 2.6925175189971924 3.692087411880493
3.492370367050171 5.684663275477021 3.1536736488342285 5.358859539031982
2.6817843914031982 4.241492754168121 3.38840389251709 6.474918842315674
6.574315547943115 8.2653057577445 2.399945020675659 2.4833478927612305
4.727829456329346 7.376530980027837 3.019768238067627 4.254278182983398
3.262737512588501 3.59532669756868 3.6126019954681396 6.400785446166992
2.917281150817871 5.107935141942374 3.9087398052215576 7.836655616760254
5.518526554107666 6.364725792565139 2.6497554779052734 2.6949214935302734
3.6412978172302246 4.760579384602492 3.077329158782959 4.2304863929748535
3.768878221511841 6.753859645715011 3.438603162765503 5.859552383422852
2.2790801525115967 4.3857907986424465 3.6066348552703857 6.906442165374756
6.376845359802246 7.484592946414635 2.803959608078003 2.8771047592163086
4.594668865203857 7.556105475152435 3.3898963928222656 4.797919750213623
3.9150941371917725 7.3128866031077 3.889443874359131 6.913120269775391
2.3816542625427246 3.7680029465241773 4.120848178863525 8.281567573547363
7.391190052032471 9.118128883928307 3.0526299476623535 3.1581637859344482
5.3606648445129395 8.923955923751237 3.8685317039489746 5.671051025390625
3.9426119327545166 6.7039923075454695 4.565888404846191 8.523815155029297
3.3383233547210693 4.904763400147203 4.88134765625 10.356998443603516
4.60485315322876 4.976480382363626 2.7260453701019287 2.9783742427825928
3.9902048110961914 5.58246825734841 3.8131511211395264 5.410869121551514
2.6900885105133057 4.895288850330907 3.998549699783325 7.006607532501221
2.0534050464630127 3.4201697831708398 4.107493877410889 8.099616050720215
5.569228172302246 6.321428356004958 2.938951253890991 3.236163377761841
4.099915027618408 6.889700486201734 4.213066577911377 6.193182945251465
3.517740488052368 5.2426938737144155 4.576397895812988 8.410326957702637
3.650174140930176 5.621668331269575 4.7581562995910645 9.891582489013672
5.407041072845459 5.611737216165409 3.2743980884552 3.642653226852417
5.165071964263916 7.947434085944906 4.845055103302002 7.424701690673828
4.673638343811035 8.131850674515306 5.457613945007324 10.572677612304688
3.3567514419555664 6.0116667291981685 5.734045028686523 12.617937088012695
3.7181999683380127 4.503256095945517 1.56680166721344 1.620508074760437
3.396812915802002 6.1456803222640275 1.8395532369613647 2.42042875289917
2.88571834564209 4.34160343117766 2.1221227645874023 3.363900899887085
2.633270025253296 4.9293096880915925 2.291085720062256 4.011574745178223
4.193118095397949 5.249833218830517 1.651153564453125 1.7103595733642578
2.8894972801208496 5.406031388317345 1.9563721418380737 2.6070683002471924
2.590228796005249 5.205934401836885 2.277625322341919 3.6870951652526855
3.4434683322906494 6.046055176113271 2.470728635787964 4.43731164932251
5.067917346954346 6.324734442424642 1.7757207155227661 1.8416931629180908
3.918487310409546 7.316015686547015 2.1284639835357666 2.877488851547241
4.19733190536499 7.119874251117608 2.503047466278076 4.1533989906311035
3.863408327102661 6.670658826933192 2.726980686187744 5.049976825714111
4.377776622772217 5.35540522131123 1.7911642789840698 1.8572046756744385
3.42699933052063 6.605591192641022 2.1505727767944336 2.9018003940582275
3.3190479278564453 6.079824536119304 2.5153017044067383 4.150033950805664
3.0034592151641846 5.727092186215259 2.7169878482818604 4.991681098937988
5.090432643890381 6.275563733741308 1.9121755361557007 1.9877928495407104
4.3458662033081055 7.2033399242151575 2.327496290206909 3.199565887451172
3.846846342086792 7.148187252343263 2.7605106830596924 4.693960189819336
3.0057907104492188 6.091417774731212 3.0040080547332764 5.720804214477539
6.115597724914551 7.705994327850526 2.099424123764038 2.187473773956299
5.0268964767456055 8.1391597581744 2.600555181503296 3.651554822921753
4.125880718231201 7.741117106446865 3.1310739517211914 5.512115001678467
4.085263252258301 6.604757782510319 3.4283857345581055 6.808546543121338
5.001262664794922 6.045967807830124 1.9968355894088745 2.076033592224121
4.025064468383789 6.591806422601479 2.491142988204956 3.4329018592834473
3.4980509281158447 6.026104620167644 2.9197490215301514 4.969000816345215
1.6684916019439697 3.101054821509024 3.130679130554199 5.967862606048584
5.88608455657959 7.1204899407332025 2.1499130725860596 2.2437691688537598
3.6787171363830566 6.009542098691782 2.721815347671509 3.844383716583252
3.09948468208313 5.210008960388677 3.2523093223571777 5.750196933746338
3.385131359100342 6.242408017286834 3.524475574493408 7.021821975708008
7.030951499938965 8.799973098985983 2.3971328735351562 2.5106303691864014
5.848509311676025 9.608767090672472 3.0950863361358643 4.494897365570068
5.261752605438232 8.457953299284767 3.774489164352417 6.963627815246582
4.134159564971924 6.397975164593422 4.1250200271606445 8.634730339050293
3.8130953311920166 4.251227537813975 2.3753256797790527 2.707000970840454
4.027860641479492 7.050459049161816 2.9679811000823975 4.129515647888184
3.0599308013916016 5.552107650222666 3.29659104347229 5.724454402923584
2.2964186668395996 4.396144558505263 3.4774367809295654 6.794033050537109
3.893179416656494 4.1272953748095915 2.567824363708496 2.9512085914611816
5.0478410720825195 8.120582140264514 3.2450664043426514 4.658824443817139
3.3970558643341064 4.409487777831259 3.697957992553711 6.714717864990234
3.4490909576416016 5.37341628645197 3.9581491947174072 8.130812644958496
5.686816215515137 6.703391312894902 2.8791887760162354 3.331529378890991
5.194375514984131 9.287561992989012 3.688065528869629 5.487000942230225
3.621516466140747 6.42107250495792 4.347266674041748 8.287692070007324
3.608400583267212 5.505360238159426 4.708247184753418 10.206974983215332
4.864516258239746 5.3239733881590325 1.8892087936401367 1.9494085311889648
3.44547963142395 4.681061433691184 2.18257474899292 2.8275628089904785
3.5775582790374756 5.71865582469718 2.4738152027130127 3.8308215141296387
3.308530330657959 5.298161998521348 2.634456157684326 4.510681629180908
5.208029747009277 5.956412612739541 1.9865772724151611 2.052238941192627
3.4111216068267822 4.843587053194483 2.3305842876434326 3.0694315433502197
3.738818645477295 6.229169841783843 2.6764168739318848 4.269043922424316
2.449514150619507 5.249354085315082 2.86653995513916 5.094737529754639
5.633575439453125 6.667476089816546 2.1246023178100586 2.197390079498291
4.972358226776123 7.956865765721641 2.5373218059539795 3.4027833938598633
3.1272473335266113 5.515723570577702 2.954055070877075 4.860349655151367
3.561932325363159 5.640463017974582 3.18056583404541 5.873484134674072
5.730118751525879 6.301152927012126 2.459301471710205 2.544501543045044
4.557124614715576 6.615062680712072 2.857257604598999 3.788604736328125
2.984670639038086 4.789467905403853 3.1936824321746826 5.16502046585083
2.8059134483337402 5.29569792726511 3.352046489715576 6.066342353820801
6.197055339813232 7.006688145114765 2.594552516937256 2.6936848163604736
4.926826477050781 7.062186313764755 3.0978305339813232 4.225407600402832
4.107570171356201 6.147089072542968 3.5327067375183105 5.96539831161499
2.8576128482818604 4.618523657583143 3.7395389080047607 7.119621276855469
6.838253021240234 7.923924843374095 2.796778440475464 2.914160966873169
5.057201385498047 8.166809612734447 3.44750714302063 4.846487998962402
4.102100372314453 6.623709967933249 4.012265205383301 7.078837871551514
3.906618356704712 6.2334108588467245 4.278201580047607 8.564781188964844
5.937097072601318 6.562331121222314 3.015261650085449 3.1297357082366943
3.491093158721924 4.753943097096645 3.6193554401397705 4.926339626312256
3.2781708240509033 6.093558405681279 3.9714221954345703 6.671800136566162
2.569392442703247 4.705830532759052 4.093967914581299 7.739297389984131
6.6986083984375 7.597854775043089 3.1983890533447266 3.3462271690368652
4.621932029724121 7.127260858140133 3.969587564468384 5.628054618835449
3.8624625205993652 5.74827356230918 4.460591793060303 7.9040117263793945
3.234278440475464 4.524346005080503 4.646791458129883 9.322678565979004
7.487114906311035 8.671487076320682 3.481588840484619 3.675251007080078
6.180468559265137 8.197116523784416 4.495948791503906 6.646435737609863
4.225932598114014 6.454027090344198 5.1732563972473145 9.657722473144531
3.8145506381988525 6.18448544144956 5.434024333953857 11.535974502563477
3.9221534729003906 4.361441065060376 3.3999240398406982 3.6725237369537354
4.114948749542236 5.783714269123735 4.238841533660889 5.9447550773620605
2.6942944526672363 4.118361436247056 4.642206192016602 8.033712387084961
2.5985069274902344 4.150272661947383 4.717411518096924 9.186919212341309
4.472029685974121 4.777585850455353 3.680051565170288 4.0047831535339355
4.669397354125977 6.615371865688303 4.700634002685547 6.913806915283203
3.795278549194336 5.909699765931748 5.261917591094971 9.657073974609375
2.795787811279297 3.9168099423100102 5.4094085693359375 11.228560447692871
5.214596748352051 5.339034055193338 4.062721252441406 4.511044979095459
5.4576191902160645 8.416979458952873 5.398807048797607 8.357823371887207
3.9259486198425293 6.082562127262463 6.1833882331848145 11.994565963745117
3.9880940914154053 6.6078111045991506 6.412472724914551 14.113083839416504
3.921154737472534 4.305375550347549 1.5142245292663574 1.554787039756775
3.7457449436187744 6.450572579362557 1.7422672510147095 2.20955228805542
3.146571159362793 5.02815594242233 1.9973706007003784 2.972747802734375
2.2772531509399414 3.8576703816293048 2.155628204345703 3.514291524887085
4.584660053253174 5.14098232440665 1.592025637626648 1.6353873014450073
4.371175765991211 7.148035394735345 1.8473032712936401 2.363090991973877
3.5314583778381348 5.908084195292766 2.1336476802825928 3.2399282455444336
3.202881336212158 5.549920738417946 2.3098487854003906 3.8740694522857666
5.237106800079346 6.355651262608035 1.7078354358673096 1.7556018829345703
5.012042999267578 7.478229572510313 2.0016844272613525 2.589313507080078
4.669020652770996 7.868862298119126 2.33125376701355 3.624680757522583
3.1621499061584473 5.916422499545206 2.531174421310425 4.383145809173584
4.665882110595703 5.199180604942512 1.7946717739105225 1.8404624462127686
4.229969024658203 6.755917838648607 2.0581343173980713 2.648042678833008
3.781724452972412 6.7498136692595665 2.3398501873016357 3.588832139968872
3.2156307697296143 5.8253239179525735 2.5092098712921143 4.260395526885986
5.376678943634033 6.166549510762195 1.9071362018585205 1.958013653755188
4.544283390045166 6.924935351089971 2.21840500831604 2.8936960697174072
3.954303741455078 6.852545314800757 2.5525314807891846 4.027436256408691
3.118701934814453 5.233261397930164 2.7506325244903564 4.850653171539307
6.269872188568115 7.482400973971805 2.0831286907196045 2.1424105167388916
4.9784836769104 7.4385630268213845 2.465390682220459 3.274627923965454
4.362045764923096 6.220180069728372 2.875298500061035 4.6923980712890625
4.648341178894043 8.524612635299686 3.112701654434204 5.729765892028809
4.994677543640137 5.77986319430147 2.2266957759857178 2.2963130474090576
4.549360275268555 7.054720789511748 2.4788925647735596 3.247828483581543
3.35538387298584 5.350264270158779 2.718376398086548 4.285358905792236
2.3109629154205322 4.526438655403037 2.864583730697632 5.029818058013916
5.924643516540527 6.9883717131160665 2.374087333679199 2.440836191177368
4.498929977416992 6.236259503872564 2.6926631927490234 3.588744640350342
4.741742134094238 7.589337017232992 3.0048744678497314 4.902381420135498
3.7706985473632812 6.989513702304109 3.1901495456695557 5.859901428222656
6.998815059661865 8.398546236808215 2.607757329940796 2.6828389167785645
6.311723232269287 9.822086508085249 3.03226637840271 4.138574600219727
5.187305927276611 8.325923533862209 3.453390121459961 5.871884346008301
4.855198383331299 7.636574813085872 3.693986177444458 7.13596773147583
3.1275923252105713 3.342231791440696 2.2154128551483154 2.4486119747161865
3.0427868366241455 3.877254183561085 3.310739517211914 4.577117919921875
4.006708145141602 6.730405929227345 3.1174731254577637 5.073057651519775
2.2221217155456543 3.5471239792246934 3.183000087738037 5.737953186035156
4.457855224609375 5.095643092664105 2.3871428966522217 2.6453590393066406
4.5186028480529785 6.06074718359082 3.478863000869751 5.1339497566223145
4.138769626617432 7.193260027194668 3.4636731147766113 5.8410820960998535
3.8382465839385986 6.067885622511568 3.5757598876953125 6.771243572235107
6.128091335296631 6.557093430301165 2.6583850383758545 2.962941884994507
5.269338130950928 7.326206091966924 3.9021499156951904 5.875185966491699
4.185574531555176 7.521838094629743 4.010904788970947 7.062712669372559
3.3513596057891846 5.980597947512706 4.193471908569336 8.383441925048828
3.9374773502349854 4.610187278441697 1.5528446435928345 1.6143968105316162
2.7984797954559326 4.253337853205949 1.8407282829284668 2.4571337699890137
3.0130629539489746 5.221681492828597 2.1003811359405518 3.3528807163238525
3.0152595043182373 5.646623603800059 2.2457985877990723 3.953284502029419
4.539328575134277 5.563921179011668 1.628237009048462 1.6923184394836426
3.518167734146118 6.212969629083499 1.9498478174209595 2.629220724105835
3.1485838890075684 5.434290479640282 2.244311809539795 3.6581974029541016
2.6098270416259766 5.3800521249174516 2.4090564250946045 4.360161304473877
5.142460346221924 6.6745840762567585 1.7357741594314575 1.803805947303772
3.719604969024658 6.12223560477014 2.1055991649627686 2.869114637374878
3.2285430431365967 4.603586798677867 2.447503089904785 4.07663106918335
3.7817554473876953 6.309882909273085 2.6373205184936523 4.915406703948975
4.555194854736328 5.424857625797131 1.850563645362854 1.9249695539474487
3.4151358604431152 5.53873308820846 2.186375856399536 2.9659957885742188
2.3949663639068604 3.667980548410924 2.4826231002807617 4.104908466339111
3.2222366333007812 6.0692812269871865 2.641084909439087 4.870741367340088
5.22670316696167 6.3942731291395525 1.955962896347046 2.035562038421631
4.322663307189941 7.4572113697602544 2.3528237342834473 3.244734048843384
2.6398746967315674 4.7179447481077545 2.7094545364379883 4.61517333984375
3.362884998321533 6.032117266058734 2.9000279903411865 5.552366256713867
6.089764595031738 7.968293319736631 2.1115729808807373 2.1985325813293457
5.490725040435791 8.85127215224901 2.5978710651397705 3.647059440612793
3.215442180633545 5.744605762423987 3.0397050380706787 5.340970039367676
3.1464874744415283 6.039684216790931 3.2730562686920166 6.516798496246338
4.815303802490234 5.809325703831206 2.3506460189819336 2.4118669033050537
4.461147308349609 7.311982659662277 2.64599609375 3.614715576171875
3.1413142681121826 5.933273904514486 2.9061272144317627 4.934503078460693
1.9155347347259521 4.178780305714099 3.0443127155303955 5.8190178871154785
5.627264499664307 6.947250951259335 2.4701902866363525 2.5505120754241943
4.656400203704834 6.813418526609894 2.8671271800994873 4.014367580413818
4.119601726531982 6.333235866773067 3.2185535430908203 5.673466205596924
3.0697021484375 6.211048689098025 3.401562213897705 6.801427364349365
6.727123737335205 8.767773591137285 2.6583776473999023 2.7572665214538574
5.442295551300049 6.9580083323725965 3.2041728496551514 4.603344917297363
4.697690963745117 7.940131681703775 3.684610605239868 6.750445365905762
3.8508527278900146 7.0363025125549665 3.928023338317871 8.22171688079834
3.603630781173706 4.30172209484671 2.3892810344696045 2.729029655456543
2.6055636405944824 4.042755671172927 3.508119583129883 4.919869899749756
3.25424861907959 5.282077959369758 3.348860740661621 5.794075012207031
2.662370443344116 4.903238357647751 3.4072818756103516 6.6766438484191895
4.680525779724121 5.206533342287685 2.561244010925293 2.924248695373535
3.998204231262207 7.471745089529122 3.7877631187438965 5.478307723999023
2.4443047046661377 4.692415010295122 3.7401583194732666 6.758388996124268
2.230045795440674 3.917115266830095 3.850330114364624 7.932811260223389
5.3762030601501465 6.550027895313178 2.820651054382324 3.2201170921325684
4.7334442138671875 7.456732141419479 4.216954231262207 6.265566825866699
4.60128116607666 8.029027791208136 4.3319196701049805 8.176409721374512
3.7745070457458496 5.260916870225628 4.510804653167725 9.767167091369629
4.034384250640869 4.977293230625811 1.760063886642456 1.8158135414123535
3.7539987564086914 6.3770988491716025 2.0629966259002686 2.7343716621398926
3.279266119003296 6.377719790173806 2.3100571632385254 3.706716537475586
1.9849481582641602 3.581593970359531 2.437805652618408 4.351860523223877
4.577550888061523 5.681662079252305 1.8417973518371582 1.9069864749908447
3.220033884048462 5.546362917878906 2.1925790309906006 2.951897382736206
2.646629571914673 5.287124645838341 2.4821009635925293 4.077632427215576
2.6927900314331055 4.654011503353786 2.630525588989258 4.8322625160217285
5.250895977020264 6.569931678643513 1.9560993909835815 2.033501625061035
4.3324103355407715 6.502185461188844 2.3701348304748535 3.2512545585632324
4.13096284866333 7.742634598251212 2.7154245376586914 4.591298580169678
3.315838098526001 5.786648208366955 2.8904478549957275 5.495754241943359
4.672088146209717 5.733653921236623 2.2286009788513184 2.2978856563568115
4.273970603942871 6.63349830045493 2.5989747047424316 3.527992010116577
2.9057629108428955 4.867847449858836 2.8546252250671387 4.791576385498047
3.109368085861206 5.35888825074629 2.9665253162384033 5.595326900482178
5.368712902069092 6.548938611150334 2.3377275466918945 2.420624256134033
4.269761085510254 7.268107315843054 2.7995526790618896 3.890286445617676
3.4725046157836914 6.977279358741839 3.127659320831299 5.425628662109375
2.4353013038635254 3.714886008645408 3.2714107036590576 6.411438465118408
6.291628360748291 7.780910913794516 2.498572826385498 2.602834701538086
5.324555397033691 8.936664717012917 3.0826256275177 4.402911186218262
4.505822658538818 8.415002669873157 3.5083982944488525 6.3239617347717285
3.8851218223571777 6.567203879704948 3.6938436031341553 7.564785957336426
4.903823375701904 5.932621474313361 2.78947114944458 2.9111075401306152
3.9104080200195312 5.961722798015728 3.2323834896087646 4.517265319824219
1.402077555656433 2.5073470241852647 3.441350221633911 6.012101650238037
2.5284125804901123 4.275755499839306 3.50120210647583 6.9098334312438965
5.773960113525391 6.958270902775894 2.933849334716797 3.0806000232696533
4.802562236785889 7.7774860061474556 3.5173590183258057 5.067760944366455
3.993055582046509 7.095327411232148 3.825101137161255 6.956179141998291
2.803187608718872 4.194784761822575 3.9236011505126953 8.098255157470703
6.923099994659424 8.480119076512707 3.1526682376861572 3.334628105163574
5.928704261779785 9.570148734806503 3.9264602661132812 5.8543806076049805
5.120864391326904 7.929743030513464 4.370669364929199 8.310169219970703
3.746971607208252 5.288876568675136 4.5200018882751465 9.79769229888916
4.228690147399902 4.629596338862029 3.063565969467163 3.421790838241577
4.206540584564209 7.000138466309771 3.844982624053955 5.537774562835693
2.563701629638672 3.967093339328173 3.9738380908966064 7.154689311981201
2.939127206802368 5.479264750894458 3.9568986892700195 8.064104080200195
4.517911911010742 4.991910205858957 3.2731151580810547 3.7044665813446045
4.5087056159973145 5.946385617455778 4.225358963012695 6.316565036773682
2.9545516967773438 5.197035329580357 4.459778785705566 8.397239685058594
1.9912854433059692 3.3462569166331377 4.481616973876953 9.589927673339844
4.670482158660889 5.552701110113617 3.5752527713775635 4.108247756958008
5.487139701843262 8.235370348062588 4.768272399902344 7.4211106300354
4.560453414916992 7.273461008039689 5.157524585723877 10.188894271850586
4.221377372741699 6.367293961132731 5.231255531311035 11.782790184020996
4.435757160186768 4.919386357512725 1.610437273979187 1.659117579460144
4.335575580596924 6.951026950183439 1.8685264587402344 2.3780620098114014
3.360680341720581 5.946262753896846 2.11859393119812 3.197075843811035
2.644700765609741 4.840111131766548 2.256913900375366 3.7657344341278076
4.792794227600098 5.519708480441523 1.6872106790542603 1.7396429777145386
4.5583271980285645 7.2774076840077555 1.9786784648895264 2.5546045303344727
3.6963555812835693 4.351431300519337 2.264580488204956 3.512101650238037
3.226508378982544 5.364005772484401 2.422903299331665 4.188570499420166
5.321359634399414 6.456061726496387 1.7952543497085571 1.8535255193710327
4.84859561920166 6.179303573837302 2.131192684173584 2.8012547492980957
3.5916121006011963 6.116695623483139 2.463905096054077 3.948580265045166
3.217116594314575 6.651245746561273 2.6477394104003906 4.771520614624023
5.450624942779541 6.07883852222767 2.0055758953094482 2.0763309001922607
4.037178993225098 5.908913859064114 2.320340156555176 3.012831926345825
3.3985447883605957 5.329101760477442 2.593806743621826 4.063077926635742
2.2911691665649414 4.3644339831652665 2.7223305702209473 4.76420259475708
5.995826721191406 6.871839376309762 2.111236333847046 2.1877615451812744
4.02916145324707 5.887685422617096 2.4888908863067627 3.3003809452056885
3.863419532775879 6.590323038453789 2.826955556869507 4.597367286682129
3.273850679397583 5.6187117317854245 2.9890222549438477 5.482043266296387
6.565983295440674 7.876378464414898 2.267230987548828 2.3532497882843018
5.170765399932861 7.801390427978504 2.731811046600342 3.7179906368255615
4.333648204803467 8.279756024050249 3.156346559524536 5.364799499511719
3.3496294021606445 6.016432325382539 3.3617451190948486 6.507479667663574
5.768572807312012 6.504531292074213 2.60373592376709 2.6699774265289307
4.77588415145874 7.399981334710986 2.9248063564300537 3.875332832336426
3.096919298171997 5.352613135669458 3.1470143795013428 5.098363876342773
3.592402696609497 6.328474193142483 3.2196450233459473 5.862074375152588
6.522736549377441 7.48149067175941 2.7232682704925537 2.8224053382873535
5.362068176269531 7.905904438562175 3.1537387371063232 4.307648658752441
3.6221578121185303 6.214525845445223 3.473101854324341 5.893980026245117
2.392239809036255 5.238439934310517 3.5919508934020996 6.914391040802002
7.374166011810303 8.777900213741248 2.9184794425964355 3.048372745513916
5.213532447814941 7.26172343065435 3.497542142868042 4.9473161697387695
5.098349571228027 9.25651554951196 3.9471232891082764 7.06273078918457
4.220645904541016 7.332982071129777 4.125586986541748 8.450102806091309
4.537445545196533 4.8254214475472565 2.7084996700286865 2.9907984733581543
3.8244357109069824 5.245200088953993 3.703080177307129 5.077248573303223
2.839423894882202 4.726736621015046 3.7106821537017822 6.179290294647217
2.9032552242279053 4.006303340152854 3.6736578941345215 6.8843464851379395
4.27823543548584 4.478761511432822 2.8846333026885986 3.2074520587921143
4.811837673187256 7.8229010431066754 4.001886367797852 5.6875739097595215
2.992767572402954 5.373907933736987 4.123436450958252 7.239010334014893
2.947413206100464 5.445980282749588 4.138058185577393 8.24267292022705
5.752786636352539 6.672088557128916 3.149512529373169 3.525031566619873
4.945220470428467 7.248885737628143 4.454659938812256 6.592593669891357
3.6765692234039307 5.945643652950366 4.730828762054443 8.804695129394531
2.3151464462280273 4.678317983631814 4.81328010559082 10.246989250183105
3.8325119018554688 4.50116833671369 1.6248159408569336 1.6791495084762573
3.188014507293701 5.653151796656402 1.8593515157699585 2.4418227672576904
2.7328414916992188 4.850787066065095 2.0889503955841064 3.2677154541015625
2.7276711463928223 5.329573279173019 2.2215397357940674 3.7966408729553223
4.538083076477051 5.491982857735479 1.7062504291534424 1.7663977146148682
4.174313068389893 5.108915760229337 1.975983738899231 2.632721424102783
2.61683988571167 4.7613099083755515 2.239753484725952 3.5883989334106445
2.348318099975586 5.141438679163912 2.3884477615356445 4.201855182647705
5.316957950592041 6.514223164059992 1.8214051723480225 1.8898837566375732
3.9505465030670166 6.328568080300556 2.139918327331543 2.9004085063934326
2.522974967956543 5.598285450835533 2.448421001434326 4.033956527709961
3.2708358764648438 6.65609751827418 2.616807460784912 4.761794090270996
4.682520389556885 5.527699679161117 2.03566312789917 2.118070363998413
4.0010762214660645 6.369539602200149 2.29990553855896 3.0907504558563232
1.6261653900146484 2.977266709448031 2.512188196182251 4.090030670166016
1.1838910579681396 2.135066566908691 2.6222240924835205 4.720374584197998
5.40939474105835 6.482229561467648 2.1514129638671875 2.2409281730651855
4.73068380355835 6.694766717972016 2.484797477722168 3.4109010696411133
3.4687304496765137 4.703381178880958 2.754807233810425 4.6408467292785645
1.6982721090316772 2.9668188124896915 2.8879361152648926 5.409718990325928
6.338841915130615 7.796673737933119 2.3200976848602295 2.4234423637390137
5.217987060546875 8.87057205311686 2.7499356269836426 3.8737056255340576
4.625218391418457 7.719441669481171 3.0979044437408447 5.426708698272705
3.8961222171783447 5.730108078726836 3.259873628616333 6.387388229370117
4.902755260467529 5.812637721553642 2.639012575149536 2.786654472351074
3.627575635910034 6.274351557511864 2.86153244972229 3.9546377658843994
2.325908660888672 3.2916541794692478 2.97377347946167 5.0120673179626465
2.5571179389953613 4.407476083552865 3.0221827030181885 5.673184871673584
5.879095077514648 6.994713650950828 2.7799720764160156 2.943286180496216
4.633478164672852 7.459976286465377 3.1213042736053467 4.436178684234619
2.658949375152588 4.429042438588567 3.3181347846984863 5.834327697753906
1.8853352069854736 3.605192384370831 3.39296817779541 6.682194232940674
6.988684177398682 8.590138361052823 2.996396541595459 3.185148000717163
4.9345855712890625 7.104923791798626 3.5036115646362305 5.14479923248291
3.8506650924682617 5.457847663050643 3.8110172748565674 7.023474216461182
3.368411064147949 5.983228516953773 3.9184648990631104 8.13207721710205
4.052164077758789 4.452942777918054 2.688183307647705 3.067901849746704
3.2741823196411133 5.924330336392977 3.52597713470459 5.013632774353027
2.053133010864258 4.005468703643828 3.407040596008301 5.900388717651367
2.1740615367889404 4.416297578256206 3.3639607429504395 6.504605770111084
4.707608222961426 5.004088711379154 2.881261110305786 3.3037383556365967
3.1917178630828857 4.524247969974567 3.8637442588806152 5.709273815155029
3.489443778991699 6.097351231168878 3.846463918685913 6.991971015930176
2.0091044902801514 3.405011045589596 3.8279988765716553 7.810637950897217
6.546415328979492 7.25285319099936 3.1703596115112305 3.659327745437622
5.350277423858643 7.5581876493795335 4.361736297607422 6.71762228012085
4.493122577667236 6.945618613330112 4.480554580688477 8.577131271362305
4.12869930267334 7.605730113672735 4.489580154418945 9.694022178649902
4.261902332305908 5.022077057043475 1.8082596063613892 1.865928292274475
3.0457546710968018 4.882356745235128 2.10024094581604 2.706589460372925
3.265516519546509 5.053949681900576 2.368802309036255 3.6338260173797607
2.557527542114258 4.793839159289426 2.5080366134643555 4.234295845031738
4.601831436157227 5.719595779607316 1.888548493385315 1.9549243450164795
3.958362340927124 5.529197911848996 2.2268619537353516 2.919649600982666
3.1928350925445557 4.404082714469553 2.5460710525512695 4.018685817718506
2.5612144470214844 3.8192067086439456 2.7152068614959717 4.746251583099365
5.216660022735596 6.5349618500582665 2.004917860031128 2.079680919647217
4.362464904785156 7.318368678342722 2.405759572982788 3.2147443294525146
3.5013585090637207 5.593124684839083 2.7906904220581055 4.546928405761719
2.6131699085235596 4.88183737557452 2.995619773864746 5.444055557250977
5.189009666442871 6.1435434149215205 2.30605149269104 2.3769776821136475
3.3454108238220215 5.106291364819857 2.705717086791992 3.569768190383911
1.8842434883117676 3.1850649616632296 3.0206961631774902 4.851354598999023
3.1795647144317627 5.733538515688167 3.1528708934783936 5.640560626983643
5.6870598793029785 6.8927262374755855 2.411348819732666 2.501417875289917
4.729742527008057 7.49835181288411 2.9043636322021484 3.9431512355804443
3.433584451675415 5.197798315019099 3.310051202774048 5.542667865753174
2.804595708847046 3.7147900255460726 3.491668939590454 6.553416728973389
6.408178806304932 7.9631377809231765 2.5730671882629395 2.6831905841827393
4.756105422973633 7.330155891386608 3.194040298461914 4.470531940460205
4.23638391494751 6.288350527769552 3.7205915451049805 6.5101752281188965
4.046340465545654 6.968518090266343 3.96224045753479 7.820750713348389
5.513200283050537 6.514572434358789 2.7935550212860107 2.9068756103515625
3.0896472930908203 3.9911285412301902 3.3870348930358887 4.594759941101074
2.2676591873168945 3.2019868946304086 3.728259801864624 6.226975440979004
2.2164714336395264 4.029778010466941 3.8227198123931885 7.164646148681641
6.291304588317871 7.485391206969894 2.9427802562713623 3.0787696838378906
4.185942649841309 6.926749065096558 3.67930006980896 5.184390068054199
2.590981960296631 4.85776448431503 4.143772602081299 7.291225433349609
2.872640609741211 5.101630381547466 4.302973747253418 8.539685249328613
7.217891693115234 8.689347509139047 3.1708531379699707 3.3408596515655518
5.450253009796143 8.391186285372214 4.110939979553223 6.032660484313965
3.2989470958709717 5.395802110216124 4.745894908905029 8.802433967590332
3.0313761234283447 5.624653531751051 4.983982086181641 10.468100547790527
3.9666340351104736 4.3216739453088735 3.1280879974365234 3.4193341732025146
2.6133036613464355 4.03789120576781 3.9400522708892822 5.579815864562988
1.8283566236495972 3.227456847307103 4.347042083740234 7.470429420471191
1.7892097234725952 3.6529996345833817 4.393998146057129 8.492807388305664
4.376004695892334 4.682285984705686 3.3416078090667725 3.6807100772857666
3.1353347301483154 5.36400993260736 4.336719512939453 6.399379253387451
3.0559422969818115 4.929961801557511 4.876914978027344 8.875831604003906
2.0545454025268555 3.452230620851931 4.995883464813232 10.28214168548584
5.965944290161133 6.627056365848148 3.6617679595947266 4.0658111572265625
5.154845237731934 7.302463182687589 4.916958808898926 7.577036380767822
3.6297895908355713 6.5038739303183775 5.653555870056152 10.907676696777344
3.9438297748565674 6.09070780753305 5.861114501953125 12.80565357208252
3.940199375152588 4.776486016794308 1.7346442937850952 1.8051289319992065
3.718977451324463 6.595562167114153 2.028759717941284 2.7078492641448975
2.4607393741607666 5.265967906452147 2.2990567684173584 3.666512966156006
2.3740663528442383 4.664896586265058 2.4464309215545654 4.303775310516357
4.3779826164245605 5.47980936121553 1.817684292793274 1.8900965452194214
4.0744709968566895 6.645165832863313 2.1619651317596436 2.9258193969726562
3.372046947479248 5.8445382224234255 2.482699394226074 4.060391426086426
2.938540458679199 5.035529296121581 2.6568689346313477 4.819653511047363
5.082253932952881 6.369474309949114 1.9301388263702393 2.007892608642578
4.6754984855651855 7.791374736024551 2.341540813446045 3.221222162246704
3.678462266921997 6.893892802785558 2.728649616241455 4.586174964904785
3.635793447494507 6.130957413427883 2.9369053840637207 5.5041399002075195
4.52785587310791 5.560907626420317 2.198134660720825 2.3136098384857178
3.393005132675171 5.9386999106003024 2.57161283493042 3.5280110836029053
2.3532161712646484 4.321522748541511 2.8676440715789795 4.785366535186768
1.8981369733810425 3.5593823984925166 3.006009340286255 5.600847244262695
5.175538539886475 6.419465071122609 2.315298557281494 2.4323911666870117
4.261880874633789 7.443766631000873 2.7859127521514893 3.9086520671844482
3.460369825363159 5.729589708117739 3.168916702270508 5.485697269439697
1.3044133186340332 1.7853257952800021 3.3485586643218994 6.506902694702148
6.144532203674316 7.684028786577187 2.4744699001312256 2.6011946201324463
5.211907863616943 7.064659199752441 3.0768203735351562 4.432271957397461
4.442563056945801 7.4143894232932155 3.578683614730835 6.438851833343506
3.6325433254241943 6.195711863546158 3.8125226497650146 7.7347211837768555
4.731103897094727 5.810615034974376 2.7324230670928955 2.908658027648926
3.7698585987091064 6.569906098458047 3.1847193241119385 4.496224403381348
1.8511165380477905 2.8108625320572855 3.4702532291412354 6.01099967956543
1.9205617904663086 3.065751864508826 3.5699942111968994 6.951948165893555
5.575741767883301 6.847694015178604 2.8762335777282715 3.0711519718170166
3.7034060955047607 6.623561697867148 3.4983162879943848 5.097201347351074
3.667555570602417 6.8568289437722 3.9034152030944824 7.076239585876465
2.578538417816162 4.633228916035705 4.053223133087158 8.294340133666992
6.731596946716309 8.401703677200999 3.085076093673706 3.3083512783050537
4.74575662612915 8.010219894710216 3.9257781505584717 5.928798675537109
3.8295469284057617 5.994535846960758 4.497603893280029 8.538668632507324
2.376617908477783 3.2462316742317014 4.715616226196289 10.132163047790527
3.8408291339874268 4.5327864427482325 3.01395320892334 3.4485654830932617
3.2426576614379883 5.116723750250912 3.7676992416381836 5.433901309967041
1.415343999862671 2.763740786826787 3.9971399307250977 7.110958576202393
1.3461068868637085 2.4292791782218046 4.0430450439453125 8.105772018432617
4.687934398651123 5.2837687150306465 3.2311644554138184 3.709695339202881
3.5422022342681885 5.159030834035377 4.168427467346191 6.269073009490967
3.524217367172241 5.8958565294663 4.551384925842285 8.521017074584961
2.628809928894043 4.347142069790152 4.648465633392334 9.836483001708984
4.609951019287109 4.8512291521217605 3.530506134033203 4.0774126052856445
4.944571018218994 7.837413138885594 4.729267120361328 7.436062335968018
4.804197311401367 8.55755430436352 5.3139119148254395 10.462430000305176
3.5136072635650635 5.335951500361745 5.483521938323975 12.2114839553833
3.895927667617798 4.442660259932609 1.4977562427520752 1.538272738456726
3.656992197036743 5.960298360479001 1.72487211227417 2.1972110271453857
3.641714572906494 6.5340164996658405 1.9819321632385254 3.0147039890289307
2.642488956451416 5.2194504951227 2.1394147872924805 3.581570863723755
4.3563761711120605 5.239659490006261 1.5640851259231567 1.6072157621383667
3.604773759841919 5.54544310458914 1.8190335035324097 2.339698314666748
3.2123231887817383 6.710151769586532 2.1097757816314697 3.2678418159484863
3.135737895965576 5.244740368325331 2.2878291606903076 3.923017740249634
4.98286771774292 6.183722237637994 1.6554772853851318 1.7030619382858276
4.832368850708008 7.855167643312143 1.9472830295562744 2.536177635192871
3.87137508392334 7.058705051639549 2.282414197921753 3.616640567779541
3.1168856620788574 5.107477916160073 2.486494302749634 4.391578197479248
4.575320243835449 5.290819438052034 1.7422738075256348 1.7926790714263916
3.90623140335083 6.753652261403431 2.0129008293151855 2.6060194969177246
3.2817537784576416 6.54496275843303 2.31268572807312 3.6336092948913574
3.1853106021881104 5.894614986891526 2.489061117172241 4.347189426422119
5.085326671600342 6.166450380557393 1.83186674118042 1.8867958784103394
4.732061386108398 7.8345974467738415 2.150172710418701 2.826838254928589
3.6466643810272217 6.88517696332724 2.5067574977874756 4.046952724456787
3.3476576805114746 6.5424743485838235 2.7163808345794678 4.907841205596924
5.936636447906494 7.374650075686818 1.9582782983779907 2.020643949508667
5.493778705596924 8.968054012464961 2.3417136669158936 3.1386330127716064
4.481182098388672 7.222301557447228 2.775426149368286 4.629837989807129
4.156651496887207 6.424338620355229 3.0291926860809326 5.698694229125977
4.710923194885254 5.520172487308514 2.133021593093872 2.1675455570220947
3.543372631072998 6.449710243309937 2.3840808868408203 3.1171467304229736
4.137747764587402 7.67788456902781 2.669174909591675 4.304319381713867
2.4783148765563965 4.693981467041283 2.8375062942504883 5.12690544128418
5.510264873504639 6.6715803355605665 2.229093313217163 2.2821402549743652
4.948160171508789 7.144515168700238 2.558865785598755 3.4240894317626953
4.11761474609375 7.092282520394889 2.9295778274536133 4.895112037658691
2.5583229064941406 4.0961380975554675 3.1439428329467773 5.925589084625244
6.544130325317383 8.149930539135411 2.374640464782715 2.446091890335083
5.317551612854004 8.029665379777265 2.8106844425201416 3.8649587631225586
4.886545658111572 8.548080524344186 3.297295570373535 5.74235725402832
3.442126989364624 6.152157577877404 3.5735538005828857 7.070607662200928
4.081903457641602 4.491532009782958 2.3341732025146484 2.5222105979919434
4.056204795837402 6.789315736420495 3.325817346572876 4.170340061187744
3.3397157192230225 5.8986495400730306 3.042607307434082 4.9973955154418945
3.0040080547332764 5.3916472671983335 3.1450700759887695 5.824540615081787
4.786507606506348 5.698494796283569 2.4644615650177 2.6859490871429443
3.6307358741760254 5.881957219639858 3.525576591491699 4.666792392730713
3.9367763996124268 7.21107989185677 3.3631293773651123 5.772890567779541
2.8171186447143555 4.763569795147191 3.5195541381835938 6.844748497009277
4.8979291915893555 5.737500681949086 2.658118486404419 2.9233927726745605
5.618086814880371 8.97019649290986 3.8240058422088623 5.327649116516113
4.445405960083008 7.244692327533244 3.8212943077087402 6.892571449279785
3.939676284790039 6.423422163138717 4.0505051612854 8.319214820861816
4.606602191925049 5.223608203788359 1.7614085674285889 1.8179086446762085
4.497779369354248 6.947167696315038 2.025001049041748 2.5816471576690674
3.366713762283325 5.62535037747557 2.272813558578491 3.4638326168060303
2.729121446609497 4.413038545202824 2.3992109298706055 4.064097881317139
4.904201030731201 5.886949356708328 1.8432629108428955 1.9030760526657104
4.513363361358643 7.118482190966176 2.1495397090911865 2.777070999145508
3.5235705375671387 6.396088347492597 2.4442431926727295 3.8249716758728027
2.1485424041748047 4.159443181308234 2.594249725341797 4.548986911773682
5.386780738830566 6.59645809747586 1.9580858945846558 2.023268222808838
4.191366195678711 7.151448858265184 2.3220059871673584 3.0493252277374268
3.9073991775512695 7.371016356674545 2.678910255432129 4.319566249847412
2.8623244762420654 5.554521112480302 2.8591904640197754 5.207278251647949
5.66213846206665 6.399754041005053 2.301046848297119 2.3952953815460205
4.4908833503723145 6.752452406345014 2.632227897644043 3.4377031326293945
4.037115097045898 6.3877299919495805 2.8854904174804688 4.585423946380615
2.888840675354004 4.717469077872806 2.9780588150024414 5.320255279541016
6.0470709800720215 7.11754540267566 2.4085707664489746 2.5084309577941895
4.5201897621154785 6.916854784874374 2.8277804851531982 3.775777816772461
3.484170436859131 5.513316451570404 3.1687817573547363 5.233213901519775
2.348121404647827 4.0771238225991056 3.301510810852051 6.184284210205078
6.677306175231934 8.067844724607 2.565326452255249 2.6752991676330566
5.252041339874268 7.8064526897531294 3.105428695678711 4.2569379806518555
3.611665725708008 4.576129964510756 3.5656776428222656 6.147260665893555
4.199771404266357 6.713953956767057 3.7514488697052 7.395608901977539
5.901473522186279 6.645143246683006 2.9582860469818115 3.0773327350616455
4.029863357543945 6.134856824149233 3.381676197052002 4.525739669799805
2.9262702465057373 5.11229026691808 3.5848681926727295 5.911698341369629
2.75240159034729 5.000403713828575 3.596933126449585 6.705067157745361
6.689187049865723 7.6397773353346565 3.0937013626098633 3.237706184387207
4.6638078689575195 6.483616291585122 3.6628077030181885 5.067690372467041
4.0796895027160645 5.975791993067059 3.9940121173858643 6.906217098236084
1.8474338054656982 2.6526489912005218 4.060274124145508 7.998667240142822
7.674214839935303 8.860080864359645 3.298496723175049 3.4746947288513184
4.948971271514893 7.641429966839851 4.069764614105225 5.83767557144165
4.199218273162842 7.056119561110734 4.576033592224121 8.329010963439941
4.109903335571289 6.850141984532627 4.713791847229004 9.850247383117676
5.080627918243408 5.440923752674507 3.1349680423736572 3.507049322128296
4.009541988372803 6.339783286463248 4.0699238777160645 5.600227355957031
2.703738212585449 3.670992499532124 4.235373020172119 7.171146869659424
2.0638532638549805 3.552576869220161 4.143551826477051 7.951237201690674
5.830191135406494 6.183434517002297 3.3316550254821777 3.740360736846924
2.6057558059692383 4.183720591758174 4.449112415313721 6.363317489624023
3.5944900512695312 5.656934172052132 4.759700298309326 8.503691673278809
3.905744791030884 6.758254567548363 4.730991363525391 9.634540557861328
6.1821608543396 6.817956153172531 3.6168229579925537 4.081792831420898
4.841955661773682 7.192536922827031 4.996006011962891 7.4577555656433105
3.6735029220581055 5.6994719435370484 5.5137200355529785 10.42018985748291
4.126953601837158 7.046319257324342 5.564986228942871 12.060290336608887
3.893199920654297 4.992428997254137 1.5492815971374512 1.602776050567627
3.763183832168579 7.145465864988779 1.7984747886657715 2.326319932937622
2.9181089401245117 5.35453494881903 2.0227863788604736 3.0891504287719727
2.7884840965270996 5.841035262012383 2.1531894207000732 3.6088204383850098
4.396652698516846 5.607457722089521 1.620788812637329 1.6797544956207275
4.441635608673096 6.449460778994762 1.8980002403259277 2.485985517501831
3.441291570663452 6.06885207606166 2.1509017944335938 3.3623318672180176
1.890952706336975 4.1467247756618235 2.297173023223877 3.964400291442871
5.067266941070557 6.556998324576625 1.721419095993042 1.7874914407730103
4.857226371765137 7.566464847677949 2.0362284183502197 2.7067034244537354
3.9533822536468506 6.605052615536124 2.3275668621063232 3.740211009979248
3.8667373657226562 7.3963714508611815 2.4946744441986084 4.456968307495117
4.602035045623779 5.861281135331808 1.876172423362732 1.9419893026351929
4.31765079498291 7.658373344246783 2.155496835708618 2.824291706085205
3.1473193168640137 5.599390004367557 2.3792848587036133 3.7432172298431396
2.8814501762390137 5.393964086020787 2.5009453296661377 4.360931396484375
5.1598896980285645 6.493886788555756 1.9717581272125244 2.0467963218688965
4.419026851654053 7.468912846027308 2.303863286972046 3.07586669921875
3.460165500640869 6.640223063791627 2.578946352005005 4.190393924713135
2.201420545578003 4.539152353253002 2.7261605262756348 4.944421291351318
6.08056640625 7.807423376997349 2.1103880405426025 2.198542356491089
5.33458137512207 9.200919365990387 2.5154922008514404 3.4344005584716797
3.8535525798797607 6.907772501362729 2.861581802368164 4.830928802490234
3.5274765491485596 7.125063511161045 3.04447603225708 5.782341957092285
4.838059425354004 6.196094102324949 2.3934803009033203 2.507333993911743
3.9202699661254883 6.88045508997493 2.6380598545074463 3.4974515438079834
2.225186824798584 4.173353999412434 2.778672456741333 4.483287334442139
2.072421073913574 4.41270128559654 2.853435754776001 5.138111591339111
5.695128917694092 7.092312388879705 2.51249361038208 2.6323416233062744
3.8597769737243652 6.228788947597025 2.8396942615509033 3.8622515201568604
3.4843215942382812 6.5108974478892065 3.054931879043579 5.130183219909668
2.4902241230010986 4.669770762895126 3.16361927986145 5.97109842300415
6.8172149658203125 8.57368988236351 2.683163642883301 2.817554473876953
4.806498050689697 8.31050838590022 3.1309516429901123 4.38640832901001
5.1481099128723145 8.212293157885432 3.453119993209839 6.073750019073486
2.0760397911071777 3.885802135677892 3.6110639572143555 7.193225860595703
4.013927459716797 4.694562295040967 2.543806314468384 2.849435806274414
4.002294540405273 6.342378054525398 3.3165409564971924 4.495645523071289
2.8217315673828125 3.9454044185000843 3.183614730834961 5.240671157836914
2.7655563354492188 4.510496134363166 3.1648263931274414 5.836341857910156
5.290402412414551 6.248715729319883 2.6996750831604004 3.0316638946533203
3.4472436904907227 5.897775638019084 3.598907232284546 5.034718036651611
3.763800621032715 6.515623570338789 3.534965991973877 6.098767280578613
3.3187711238861084 4.857833374590427 3.551443099975586 6.900589942932129
5.57972526550293 5.845087081452284 2.9281723499298096 3.308218479156494
4.572420120239258 8.51721187031876 4.00128698348999 5.811191082000732
4.992999076843262 8.693434989450537 4.0451555252075195 7.350526332855225
3.731316328048706 7.152519998040361 4.115368366241455 8.478315353393555
4.301599979400635 4.656929998537365 1.588949203491211 1.6373085975646973
3.620622158050537 4.7657255106446925 1.842165470123291 2.3714354038238525
3.3575384616851807 4.9361346618323125 2.101278066635132 3.215958833694458
2.4930081367492676 4.646543375469264 2.2517507076263428 3.7864677906036377
4.7918806076049805 5.436557552035083 1.6671700477600098 1.7178980112075806
4.5261335372924805 7.196414594786347 1.9530519247055054 2.5383689403533936
3.2549548149108887 5.1294668324032955 2.2468278408050537 3.5047285556793213
2.839550733566284 4.4295264107709045 2.4157629013061523 4.169416427612305
5.334986686706543 6.377203584769518 1.7765358686447144 1.83163583278656
4.816027641296387 7.444701138114721 2.1080591678619385 2.7756309509277344
3.898479461669922 6.8713742202589145 2.448845386505127 3.9130423069000244
3.765631914138794 7.3725120615835635 2.6415014266967773 4.704017162322998
5.2396016120910645 5.754108831849351 1.9407106637954712 2.008699893951416
3.606285810470581 6.210315806290055 2.2381951808929443 2.9457268714904785
4.084539890289307 6.982407296221666 2.5145933628082275 3.996685028076172
2.7528140544891357 5.661328850882796 2.661862373352051 4.688896656036377
5.8043622970581055 6.647230514508678 2.049687623977661 2.1223771572113037
4.535356521606445 7.15797425821944 2.410468578338623 3.2209343910217285
3.5927321910858154 6.714601906793234 2.7505500316619873 4.492455959320068
2.671408176422119 4.432827314726467 2.928215742111206 5.344956874847412
6.713171005249023 7.910338442630113 2.2076539993286133 2.2876763343811035
5.69774866104126 7.892495425863878 2.658302068710327 3.622943162918091
4.958100318908691 8.633648485870708 3.0854971408843994 5.212611675262451
3.916288375854492 6.769665818325464 3.3025848865509033 6.2855143547058105
5.588404178619385 6.190644068655331 2.5470104217529297 2.6079013347625732
4.1369171142578125 6.212475549327621 2.7851247787475586 3.7403900623321533
3.5401723384857178 5.485424462554079 2.9786086082458496 4.898324489593506
1.4589775800704956 2.259663066402368 3.0777640342712402 5.633188724517822
6.471640110015869 7.37288578006121 2.667877197265625 2.754122734069824
4.957290172576904 8.049302626941198 3.017346143722534 4.14963436126709
3.833587646484375 6.609351493914211 3.311541795730591 5.632777690887451
3.1300697326660156 5.5632818472775085 3.4534788131713867 6.5941972732543945
7.550881862640381 8.807766601635649 2.858154535293579 2.968284845352173
5.212894439697266 8.43255559690667 3.3636491298675537 4.753313064575195
5.007307052612305 8.192132273008042 3.794051170349121 6.718174934387207
3.283588171005249 5.713791343739622 3.9909112453460693 7.997895240783691
4.301967620849609 4.5130677716365 2.511526584625244 2.831681489944458
4.237872123718262 6.883475309098902 3.6840949058532715 5.032883644104004
3.346605062484741 5.124600684255711 3.4496235847473145 5.841980934143066
1.5718028545379639 2.632009583409854 3.4431707859039307 6.486778736114502
5.197793006896973 5.46934285951648 2.6875405311584473 3.0277907848358154
2.824638843536377 4.237880740366478 3.957346200942993 5.616775989532471
2.9622366428375244 4.664262391421711 3.8674776554107666 6.806440830230713
3.2358133792877197 6.04359378698485 3.914820432662964 7.722548484802246
5.792431354522705 5.912187144418581 2.9416911602020264 3.3179025650024414
5.877511501312256 8.790362129771964 4.384464740753174 6.475364685058594
4.636544227600098 8.173510621217929 4.484572887420654 8.241601943969727
4.442248821258545 7.604689206369187 4.598750591278076 9.550808906555176
4.071390151977539 4.905811386652658 1.693647027015686 1.7538654804229736
4.041437149047852 6.904485022621685 2.0026776790618896 2.6128172874450684
2.432899236679077 4.2559406965508515 2.287275791168213 3.553487777709961
2.8601653575897217 5.322324705958181 2.436197519302368 4.163260459899902
4.456918239593506 5.540597295669613 1.7685593366622925 1.8344919681549072
4.284678936004639 7.5006182645611545 2.1196348667144775 2.808736562728882
3.169221878051758 5.2695831586608755 2.4531095027923584 3.9165432453155518
2.216782331466675 4.652954417839197 2.628980875015259 4.64923620223999
5.094266891479492 6.50406871731127 1.8705358505249023 1.945763349533081
4.226993083953857 6.3149684055041195 2.277061700820923 3.079089879989624
4.290043354034424 7.833311266506655 2.6739087104797363 4.411567211151123
2.9547078609466553 4.5400261228601835 2.8844735622406006 5.305774211883545
4.85078763961792 5.852348200429333 2.1358449459075928 2.220587730407715
3.8068761825561523 6.366848945799063 2.5323078632354736 3.374486207962036
2.8992176055908203 5.551530902467903 2.8575000762939453 4.6213483810424805
2.202000141143799 4.888657062565489 3.0000483989715576 5.3968186378479
5.389447212219238 6.648011400262391 2.2371160984039307 2.330942153930664
3.7822940349578857 5.780283167686321 2.718801975250244 3.7142059803009033
3.620260715484619 6.179062064450745 3.1320762634277344 5.269137859344482
2.82088041305542 5.752274065498909 3.319314479827881 6.255823135375977
6.269773006439209 8.030493129464048 2.3780627250671387 2.4880282878875732
3.9293599128723145 7.442790812942205 2.9738142490386963 4.188267707824707
4.264043807983398 7.304330912350451 3.5041749477386475 6.162978649139404
3.1507341861724854 4.37741097230446 3.74965238571167 7.433281421661377
5.110661029815674 6.164296964199821 2.693878650665283 2.8159091472625732
4.013151168823242 6.917830440320529 3.1549646854400635 4.298598766326904
3.264248847961426 6.167139246413993 3.475837230682373 5.81686544418335
1.926469326019287 4.103583357361387 3.580192804336548 6.708475589752197
5.853573322296143 7.087800107359005 2.8137264251708984 2.9557034969329834
4.602661609649658 6.699729230346247 3.4261927604675293 4.835114479064941
3.5027503967285156 4.720378069777325 3.8758058547973633 6.818114280700684
3.249920606613159 5.664455026981816 4.037445545196533 8.003030776977539
6.847878456115723 8.526739193334777 2.994019031524658 3.164886713027954
4.380707740783691 7.033372078865575 3.805680274963379 5.5965189933776855
3.2224559783935547 4.965054892660277 4.424466609954834 8.21357536315918
3.2748754024505615 6.221468248775096 4.662800312042236 9.792759895324707
4.335116863250732 4.976434990183407 2.9717934131622314 3.228562593460083
2.802605152130127 3.79417552255768 3.769988775253296 5.244686603546143
2.6844429969787598 5.242209703599215 4.027864456176758 6.9168701171875
2.3495116233825684 4.087949295118335 4.0758466720581055 7.852830410003662
5.044098854064941 5.921983609375275 3.1658096313476562 3.467120409011841
4.604818820953369 7.914636705050853 4.116947174072266 5.982455730438232
3.183638572692871 5.390850830809862 4.545121192932129 8.25778579711914
2.1809022426605225 4.342679702842986 4.654967308044434 9.545086860656738
5.746240139007568 6.35677340932261 3.4385952949523926 3.8091468811035156
4.940082550048828 6.820134499506821 4.619470596313477 7.069579124450684
3.823369264602661 6.679167424413933 5.258750915527344 10.14251708984375
3.9218461513519287 5.899233890420547 5.452866554260254 11.896127700805664
4.274440765380859 5.099019926507922 1.77358078956604 1.8493521213531494
4.076443672180176 7.0480006956458965 2.1102519035339355 2.846710205078125
2.697920083999634 5.588104965509956 2.3883042335510254 3.8349361419677734
1.8629673719406128 3.5579024785970432 2.5250980854034424 4.4521660804748535
4.7745866775512695 5.883182177946189 1.8606263399124146 1.941310167312622
4.58760404586792 7.5641473881319 2.2508633136749268 3.0924534797668457
3.476564884185791 5.899426021431104 2.576132297515869 4.26619815826416
3.02689266204834 5.520064821567978 2.735626697540283 5.002414703369141
5.3777546882629395 6.753005438763871 1.9814691543579102 2.0692920684814453
4.658102989196777 8.035120589545556 2.4425246715545654 3.419795513153076
3.5008034706115723 6.020835414712565 2.8289706707000732 4.837085723876953
3.484703302383423 6.469948908615379 3.017686367034912 5.7312140464782715
5.106761932373047 6.094222095302904 2.2236645221710205 2.331085205078125
3.862614393234253 6.590326860109684 2.6637532711029053 3.6794636249542236
2.2074813842773438 4.056053075494258 2.984142780303955 4.999998092651367
2.0550832748413086 3.3337475722208723 3.116267681121826 5.791357040405273
5.682149887084961 6.8698197122595275 2.3406527042388916 2.4593453407287598
4.4425835609436035 7.467820432818384 2.883242130279541 4.088425159454346
3.5503180027008057 7.237376555222568 3.2862868309020996 5.73187255859375
2.438768148422241 4.486354064851639 3.4550554752349854 6.724794864654541
6.539607524871826 8.165301277142362 2.51110577583313 2.644231081008911
4.975530624389648 8.353502298323756 3.1910593509674072 4.648569107055664
4.381587982177734 8.000846525191037 3.7019801139831543 6.730636119842529
4.018704414367676 7.322261917663816 3.918541193008423 7.99773645401001
5.368556976318359 6.4448762144277225 2.793332576751709 2.918710231781006
4.26428747177124 6.226607984098337 3.330698013305664 4.696074485778809
3.031675100326538 6.2401052082595925 3.632157325744629 6.313800811767578
1.5836621522903442 3.1063334785734753 3.7260799407958984 7.224860191345215
6.165218353271484 7.376109810610615 2.93977952003479 3.0939579010009766
4.916421413421631 8.298073845120314 3.639465093612671 5.327250957489014
2.7593963146209717 5.312448526966602 4.0619378089904785 7.407395362854004
3.243588924407959 5.563387649571268 4.2039384841918945 8.592388153076172
7.22827672958374 8.824879065598541 3.1618704795837402 3.3526079654693604
4.2499680519104 7.333759481268494 4.085804462432861 6.201083183288574
4.831012725830078 7.876216661272224 4.664234161376953 8.917264938354492
3.8969576358795166 6.983045426333735 4.867392539978027 10.481219291687012
4.425958156585693 5.248050239730901 3.0478711128234863 3.375607967376709
3.2875173091888428 5.160465559388285 4.001823902130127 5.807534694671631
2.6143734455108643 5.108345199854529 4.23089599609375 7.56113862991333
2.0755953788757324 3.831464955820138 4.2548041343688965 8.50376033782959
4.104477882385254 4.814648855528503 3.256622076034546 3.640047311782837
3.7449162006378174 5.208768460617847 4.406903266906738 6.670575141906738
3.009774923324585 5.671021475982684 4.773620128631592 9.00910472869873
3.16460919380188 5.852932911676049 4.8551154136657715 10.267173767089844
6.160532474517822 7.306791402178533 3.5622358322143555 4.021211624145508
5.5727219581604 8.35195931801887 4.996793270111084 7.91068172454834
4.209179878234863 7.103378675661569 5.547181606292725 11.017374038696289
3.2916159629821777 5.597310264585985 5.696414947509766 12.71159839630127
4.7143025398254395 5.714129265457814 1.7936807870864868 1.8576703071594238
3.9715938568115234 6.292700700216756 2.1415295600891113 2.8341033458709717
3.096623182296753 5.202737296924667 2.419046401977539 3.8329005241394043
2.4260475635528564 4.305235490109226 2.5467417240142822 4.493625640869141
5.1053667068481445 6.207369335426353 1.885190486907959 1.9571545124053955
4.456253528594971 6.976134467847402 2.288231372833252 3.083024024963379
3.187866449356079 5.368152312751306 2.612579822540283 4.266867160797119
2.9320008754730225 5.693467706092633 2.7604427337646484 5.056850433349609
5.548761367797852 6.944334303448159 2.0138919353485107 2.097609758377075
5.097493648529053 7.483690273243138 2.4914021492004395 3.42789888381958
3.0027976036071777 3.5769453467518275 2.8776090145111084 4.864429950714111
3.3305447101593018 5.36796295013454 3.0510241985321045 5.827940940856934
5.715372562408447 6.853866287021191 2.3386707305908203 2.429704427719116
3.7589991092681885 5.432365429587389 2.7857449054718018 3.784851312637329
2.8117189407348633 4.729267053187769 3.079538106918335 5.115281581878662
2.1123480796813965 3.709723177003312 3.1801798343658447 5.9524054527282715
6.17938232421875 7.3982240438036655 2.464982748031616 2.5706589221954346
4.889545440673828 6.872142492127665 3.026106357574463 4.224748134613037
3.711703300476074 5.859635647291924 3.407472848892212 5.902730941772461
2.6919212341308594 4.761507985164286 3.540013074874878 6.965537071228027
6.848886013031006 8.506471029516014 2.6489052772521973 2.776275396347046
5.870156764984131 9.092608065807013 3.366952419281006 4.8484649658203125
4.461367607116699 7.71055996070794 3.86533522605896 7.009701251983643
3.251800060272217 6.5127272792772715 4.039153575897217 8.375840187072754
5.662500858306885 6.746728706583576 3.012951612472534 3.1484620571136475
3.7282347679138184 6.333089419687667 3.5945680141448975 5.012853622436523
2.530796766281128 4.15240660982704 3.838510751724243 6.630027770996094
2.0146212577819824 3.6783785933734334 3.859686851501465 7.557522296905518
6.622798919677734 7.837443856987818 3.1795077323913574 3.344680070877075
3.558039426803589 6.288793316042586 3.9527316093444824 5.722366809844971
3.899625778198242 6.453011945787523 4.322425365447998 7.851661682128906
3.4567134380340576 4.49050522422317 4.38365364074707 9.095743179321289
7.686563968658447 9.28428473865763 3.430675745010376 3.639080762863159
5.158207416534424 7.197091127767635 4.467805862426758 6.728017807006836
3.9897308349609375 6.26690098613196 5.009009838104248 9.589556694030762
2.4863016605377197 2.896029256494785 5.119901180267334 11.260947227478027
3.717167615890503 3.914709329169966 3.4487922191619873 3.788562536239624
3.7962329387664795 6.059555049347264 4.38659143447876 6.271585464477539
2.4900450706481934 3.773196557899027 4.553069591522217 8.086217880249023
2.292470693588257 4.340646521269036 4.462560653686523 9.000605583190918
4.491695404052734 5.183531835973849 3.7013449668884277 4.107790946960449
4.115354061126709 6.847218864744491 4.866292476654053 7.2604827880859375
2.9819228649139404 5.27014110402364 5.179511070251465 9.721776008605957
2.7192158699035645 5.343954850958653 5.132108688354492 11.008676528930664
5.325220108032227 6.43896387091695 4.067554950714111 4.567991256713867
4.596834182739258 6.669840836340055 5.562552452087402 8.691426277160645
3.291959524154663 5.700123689407974 6.076605796813965 12.052416801452637
2.8931684494018555 3.9510061796682976 6.081367492675781 13.854778289794922
3.745079278945923 4.3109985072650545 1.5046659708023071 1.5478887557983398
3.1650116443634033 5.4284845533147745 1.751736044883728 2.286020040512085
2.8006880283355713 4.683316385867101 2.0089900493621826 3.137019395828247
2.6159138679504395 5.227881715753028 2.157153606414795 3.6959688663482666
4.248517036437988 5.221660720543753 1.5759977102279663 1.6246826648712158
2.979926347732544 4.810513262092627 1.8560022115707397 2.449995517730713
2.569153308868408 5.492153399710844 2.149034023284912 3.4311306476593018
2.5346438884735107 3.7084344940241687 2.315415382385254 4.086858749389648
5.004188060760498 6.223332773821767 1.6791471242904663 1.7348933219909668
3.468000650405884 4.809016965454905 2.003514051437378 2.6844937801361084
3.2489516735076904 5.059839856610552 2.3429973125457764 3.8451473712921143
3.2452588081359863 6.272295323035721 2.5317885875701904 4.628140926361084
4.457786560058594 5.199508027513957 1.781051754951477 1.8225206136703491
3.264847993850708 5.170851319220901 2.0748062133789062 2.7554452419281006
2.779665470123291 4.863688165493697 2.3579182624816895 3.8170506954193115
2.2758212089538574 4.211543409063097 2.505544424057007 4.5004496574401855
5.14929723739624 6.274355697788451 1.8785991668701172 1.9329066276550293
4.073366165161133 5.727783346263095 2.23111891746521 3.0202205181121826
3.0786244869232178 6.141811561897301 2.5752129554748535 4.306154251098633
2.9265756607055664 5.18744181138851 2.7508111000061035 5.143989086151123
6.031312465667725 7.502796147128265 2.026385545730591 2.0954387187957764
4.123682498931885 7.685935378777685 2.460214853286743 3.4091739654541016
3.508019208908081 5.781689107370767 2.8850815296173096 5.013429164886475
3.130866289138794 5.847737710978663 3.096367359161377 6.063569068908691
4.689213275909424 5.557490745217908 2.222235918045044 2.1965479850769043
4.267199993133545 6.079568391882049 2.487683057785034 3.321052074432373
2.048422336578369 3.0128572335596857 2.72981595993042 4.53955602645874
2.163665533065796 3.7294547433408525 2.8454833030700684 5.2971954345703125
5.554943084716797 6.771904858413785 2.337817907333374 2.342154026031494
4.87076997756958 7.424697898072424 2.6968867778778076 3.707700729370117
3.683255672454834 6.32851378957821 3.027280807495117 5.2511444091796875
2.779811143875122 4.666888041085826 3.1782875061035156 6.212097644805908
6.627803325653076 8.34587364267992 2.5214898586273193 2.5583980083465576
5.175872325897217 7.3582695744185 3.0127999782562256 4.283426284790039
3.955261468887329 7.269904991518415 3.4603378772735596 6.295876979827881
3.8208141326904297 7.440627190432339 3.656907081604004 7.542572975158691
3.2039997577667236 3.4888714991705285 2.3388566970825195 2.5588114261627197
3.5552899837493896 5.993897505017685 3.10433030128479 4.123756408691406
2.536869764328003 3.8385119705399973 3.0880298614501953 5.223073482513428
1.2805869579315186 2.6662626978377006 3.1363940238952637 5.976670742034912
4.3916521072387695 4.631120518835459 2.5012173652648926 2.762873888015747
3.29520320892334 5.511449853110207 3.3721518516540527 4.661656856536865
2.861208200454712 6.188579723223484 3.462125539779663 6.15890645980835
2.693150281906128 5.554900234365291 3.5447089672088623 7.138551712036133
4.968604564666748 5.538201533024832 2.754666328430176 3.0718514919281006
4.695905685424805 7.195569978749917 3.7888288497924805 5.478256702423096
4.083419322967529 6.797545497607558 4.010542869567871 7.542885780334473
3.5912487506866455 6.584598579922385 4.137991905212402 8.83993911743164
3.843552589416504 4.278643619362653 1.696471095085144 1.7589261531829834
3.1407248973846436 5.08050523509587 1.9542466402053833 2.5380401611328125
3.0783941745758057 5.611994593549525 2.1680753231048584 3.347728729248047
2.6254587173461914 5.0997624507458 2.2712900638580322 3.870431423187256
4.520849227905273 5.384660450037423 1.777397871017456 1.8471412658691406
3.631098985671997 5.443435434283728 2.076030969619751 2.740219831466675
3.3714230060577393 5.111803262622175 2.3263967037200928 3.6854732036590576
2.670825958251953 5.305621099102513 2.444072723388672 4.292245388031006
5.245243549346924 6.3633644582478155 1.8965518474578857 1.9744150638580322
4.667233467102051 7.749148490532889 2.248155117034912 3.0202033519744873
4.41262674331665 7.134560019543336 2.5443460941314697 4.148444652557373
3.1911494731903076 6.083442686710157 2.6790318489074707 4.867735385894775
4.630953311920166 5.2100513407011135 2.184999704360962 2.2727127075195312
3.892788887023926 6.419694022626686 2.481661796569824 3.2875680923461914
2.5388896465301514 4.320721491556569 2.6720025539398193 4.282540798187256
2.816526412963867 5.348898410589129 2.7348716259002686 4.891791820526123
5.372191905975342 6.368016345201877 2.292694091796875 2.395009994506836
4.598623752593994 6.650226974494558 2.6730470657348633 3.6301236152648926
3.7447216510772705 6.581345603409314 2.9317851066589355 4.875070095062256
3.3643369674682617 6.1029988010996625 3.0165586471557617 5.625483512878418
6.2501373291015625 7.574493285202038 2.464080572128296 2.583920955657959
5.089643478393555 6.413729826345843 2.95544171333313 4.124441146850586
3.5397350788116455 5.28011245996349 3.30072021484375 5.716392993927002
3.9601423740386963 6.955179342511656 3.4110498428344727 6.661025047302246
4.958093643188477 5.632873380127073 2.810425043106079 2.934015989303589
4.30348539352417 7.177472442139276 3.1518568992614746 4.281339168548584
3.216017961502075 5.307472191732131 3.2448205947875977 5.376773357391357
3.129251718521118 5.509388861423986 3.223889112472534 5.999435901641846
5.77365779876709 6.843368061429295 2.958350419998169 3.1086952686309814
4.8234710693359375 7.392273047817071 3.4282877445220947 4.8067545890808105
2.887129545211792 5.411686864919467 3.619981050491333 6.276762008666992
3.307056427001953 5.094601355513078 3.624884605407715 7.094322681427002
6.7769455909729 8.24842842705628 3.1971476078033447 3.382606029510498
4.393793106079102 6.97616150837397 3.84305477142334 5.581277847290039
4.432440280914307 5.924376305226673 4.1621785163879395 7.580513000488281
2.980989694595337 4.876184240433247 4.196872234344482 8.66974925994873
3.148441791534424 3.3953335811447687 3.0525808334350586 3.3931987285614014
3.0232200622558594 4.010253146663047 3.822216272354126 5.366022109985352
2.738678455352783 3.8458076447277563 3.789815664291382 6.451624393463135
2.019289016723633 3.456828244793087 3.6582043170928955 6.998817443847656
3.131741523742676 3.555080650875084 3.2574615478515625 3.663752555847168
4.847922325134277 7.3613885872430895 4.195367336273193 6.119988441467285
3.4894320964813232 6.64264422412289 4.27463436126709 7.649949073791504
3.126798629760742 5.5063191215696605 4.167664527893066 8.428647994995117
4.611977577209473 5.012594362186434 3.57433819770813 4.069771766662598
4.900969505310059 7.713750379755766 4.75219202041626 7.217811107635498
4.320645809173584 6.8308375225795 4.97814416885376 9.3964262008667
3.585834503173828 6.121070891778345 4.899410724639893 10.502387046813965
4.122289657592773 4.56501313231891 1.6361857652664185 1.6782397031784058
3.8550829887390137 5.983874139612567 1.9067308902740479 2.436408042907715
3.4673991203308105 5.964950673502756 2.189530372619629 3.269789218902588
2.93538761138916 5.264622543594916 2.3447721004486084 3.8380396366119385
4.665424823760986 5.435670514750534 1.7174303531646729 1.7648324966430664
4.104923725128174 6.341364638939922 2.0260846614837646 2.6221370697021484
3.196316719055176 5.586149319374044 2.351609706878662 3.600928783416748
3.359405994415283 5.974880855840466 2.5295770168304443 4.276291370391846
5.280648708343506 6.490013604906228 1.8361124992370605 1.890676736831665
4.819450378417969 6.438131855073607 2.1957757472991943 2.886949300765991
4.228817462921143 5.521869798239393 2.576606273651123 4.059150695800781
2.7753374576568604 4.670337075233073 2.783280849456787 4.8733086585998535
4.985581874847412 5.587777789111783 1.9982308149337769 2.038999080657959
4.46610689163208 6.6650275391589275 2.336921453475952 3.0239057540893555
3.1245436668395996 5.6740012679275935 2.6644251346588135 4.114621639251709
2.540418863296509 3.7825858889322745 2.823880910873413 4.8379011154174805
5.6242995262146 6.606978042445917 2.109891414642334 2.15889835357666
4.8935933113098145 8.228894855592525 2.517895460128784 3.321450710296631
4.400091648101807 7.296688938594229 2.920487880706787 4.665670394897461
2.802523374557495 4.627208104707279 3.1174983978271484 5.569892406463623
6.473993301391602 7.833231353686937 2.2820394039154053 2.3438737392425537
5.824760913848877 9.206378270168727 2.7874505519866943 3.7650909423828125
3.3345797061920166 6.259354201336608 3.2892749309539795 5.4608330726623535
3.5935821533203125 6.4450017755305 3.5334243774414062 6.607691287994385
5.295679569244385 5.983074014686579 2.5059454441070557 2.5547499656677246
4.82815408706665 6.760653874831064 2.880218505859375 3.7784883975982666
1.8491404056549072 2.46943307516365 3.187711238861084 5.080544471740723
2.639906883239746 4.277966527371973 3.311584949493408 5.897022724151611
6.163661003112793 7.2235784774165595 2.649057388305664 2.704439401626587
5.301429748535156 8.569715925633911 3.1329307556152344 4.219727039337158
3.9576611518859863 6.853662507750059 3.546330690383911 5.889739513397217
3.213839530944824 5.504813208322048 3.719813346862793 6.95407247543335
7.292869567871094 8.764592680799979 2.8763375282287598 2.9489622116088867
5.5374755859375 8.343933992382773 3.5194027423858643 4.89385986328125
4.797692775726318 7.7158699925109175 4.0768022537231445 7.086679935455322
3.469963550567627 5.377699692276337 4.311715602874756 8.491626739501953
3.8924405574798584 4.179698233692193 2.6183862686157227 2.841700315475464
3.369734287261963 5.155813831472187 3.582066774368286 4.8775129318237305
3.7572288513183594 6.683897260474168 3.700317859649658 6.072770118713379
2.4673686027526855 4.387019640693531 3.7387478351593018 6.860640048980713
5.385874271392822 6.073958241555374 2.804370164871216 3.050428628921509
4.666895389556885 7.330202455533405 3.9195520877838135 5.506076335906982
3.4485645294189453 5.754572889120482 4.156874179840088 7.152621269226074
2.910217523574829 5.318493218831577 4.249044895172119 8.217792510986328
6.611534595489502 7.550441568236238 3.0966382026672363 3.390221118927002
5.426659107208252 8.20116251396334 4.444329738616943 6.498032093048096
4.675932884216309 8.210516864046163 4.841211795806885 8.755189895629883
3.791997194290161 4.82392261590708 4.999020576477051 10.215157508850098
3.8726470470428467 4.477477839718318 1.6072160005569458 1.656884789466858
3.6935243606567383 6.712994805928645 1.891918420791626 2.4485883712768555
1.9456347227096558 3.714292262318395 2.1708388328552246 3.3441786766052246
3.1340315341949463 6.341589169112034 2.3328959941864014 3.9688351154327393
4.463627338409424 5.379228941759209 1.6851832866668701 1.7409723997116089
3.940406322479248 6.681847043763469 1.999803900718689 2.631776809692383
3.6568429470062256 6.7692488923698875 2.315260648727417 3.6723687648773193
1.7304261922836304 3.7067266674856683 2.5007412433624268 4.410707473754883
5.229978084564209 6.545843198366705 1.7948055267333984 1.857039451599121
4.5206298828125 7.181840397370024 2.1530604362487793 2.880181312561035
3.995603561401367 6.531929431743354 2.5198440551757812 4.1158127784729
3.522813081741333 7.001452824413718 2.7364370822906494 5.0058393478393555
4.699926376342773 5.478417867232565 1.9407747983932495 1.9972341060638428
4.018326282501221 6.01548414313902 2.2968287467956543 3.017648935317993
2.9186079502105713 5.844957350882737 2.623244524002075 4.179255485534668
2.831624746322632 6.009581800193317 2.797222375869751 4.982213020324707
5.4153971672058105 6.547327640468154 2.0454647541046143 2.1132874488830566
4.924283504486084 6.552593461841624 2.458310842514038 3.3088037967681885
3.8289830684661865 7.186130950762731 2.8520750999450684 4.725749492645264
2.4209296703338623 5.368411124710576 3.0665969848632812 5.7207465171813965
6.43153715133667 7.954047523719964 2.1985301971435547 2.2786052227020264
5.028799533843994 7.946892249657353 2.694432258605957 3.7161147594451904
4.260120868682861 7.094455871461918 3.1840872764587402 5.487443447113037
3.483506679534912 5.711445904561374 3.4538183212280273 6.7472004890441895
4.989708423614502 5.892507072717535 2.472292423248291 2.516442060470581
3.9875271320343018 6.15135184613132 2.853431463241577 3.7728540897369385
3.1601383686065674 5.739320781480842 3.152442693710327 5.137391567230225
2.4606051445007324 5.006636141347599 3.292686700820923 6.062331676483154
5.96774435043335 7.201923031123442 2.5884461402893066 2.6535518169403076
4.790704727172852 8.472603649141849 3.066460371017456 4.188072204589844
3.6259424686431885 6.867357725509078 3.4693078994750977 5.937588214874268
3.7665116786956787 6.084235650954724 3.667879343032837 7.133636474609375
7.147836685180664 8.863237912549607 2.7708606719970703 2.857633113861084
5.86248779296875 9.58148921016982 3.3887460231781006 4.7859063148498535
4.749231815338135 7.488694019291678 3.940063953399658 7.074568748474121
3.161951780319214 4.694206677377906 4.218675136566162 8.649524688720703
4.643260955810547 5.270721754478473 2.7201294898986816 2.918893337249756
4.100545406341553 6.95874256658784 3.890498399734497 5.286320686340332
3.446504592895508 6.826998446240395 3.7638847827911377 6.213945388793945
2.801823616027832 5.095281841533392 3.7709829807281494 7.085895538330078
4.791421890258789 5.585898617149269 2.880765199661255 3.1219818592071533
3.9851667881011963 7.238448064991568 4.171591281890869 5.865198612213135
3.6683645248413086 5.4180445363940635 4.163687229156494 7.271221160888672
3.3761043548583984 6.071218562866932 4.239968299865723 8.473182678222656
6.081169128417969 7.163420391631917 3.1219286918640137 3.41518497467041
4.5476579666137695 7.362819334772946 4.58566951751709 6.754759311676025
4.966315746307373 8.877696756240425 4.764312744140625 8.790155410766602
4.014336585998535 7.492374850994787 4.936635971069336 10.448567390441895
4.015431880950928 5.153669202540584 1.5224097967147827 1.5967063903808594
3.4569289684295654 6.009096769223505 1.8827197551727295 2.614738941192627
3.2315821647644043 5.598316058198634 2.1986656188964844 3.5991861820220947
2.450279474258423 4.613124067409217 2.35064697265625 4.18342924118042
4.447514057159424 5.759758420199432 1.5992051362991333 1.6793299913406372
4.033132553100586 6.9350825220763 1.995289921760559 2.8161346912384033
3.3473217487335205 5.393288051788971 2.3511953353881836 3.962895154953003
3.0633351802825928 6.0964298939014725 2.522771120071411 4.6557536125183105
5.164546012878418 6.757894010474985 1.7135188579559326 1.8017531633377075
4.219645977020264 6.905261231286431 2.1576414108276367 3.100071907043457
3.7605273723602295 7.429370191875567 2.564908742904663 4.462043762207031
3.197188377380371 5.935826425587493 2.759816884994507 5.296469688415527
4.8821258544921875 6.053768287525315 1.7392743825912476 1.8330562114715576
4.093914985656738 7.345580453687489 2.226358652114868 3.2008256912231445
3.251199245452881 5.737637795470619 2.6289455890655518 4.488492965698242
2.3824849128723145 3.34312881037809 2.7963664531707764 5.225773334503174
5.56363582611084 6.968706960498139 1.849460482597351 1.9520992040634155
4.208871841430664 7.16675525049331 2.3970179557800293 3.51875376701355
3.2880680561065674 6.673728265830562 2.869580030441284 5.087426662445068
1.4563136100769043 2.4199205940082464 3.069427013397217 6.007491111755371
6.35026216506958 8.040231339205093 2.0222854614257812 2.1384289264678955
4.156343460083008 6.341493503185577 2.6543564796447754 3.9893481731414795
2.749934434890747 4.436334674486709 3.2170753479003906 5.941136360168457
3.351065158843994 7.148887714609657 3.4555599689483643 7.104893684387207
5.3058600425720215 6.483604771437925 1.998151183128357 2.120241403579712
4.506714820861816 7.499584231545185 2.61629581451416 3.886678695678711
3.0555219650268555 5.677373089635449 3.0746843814849854 5.427994251251221
1.5891966819763184 2.255532529570363 3.235830545425415 6.275781631469727
6.159417152404785 7.577544938917072 2.136725425720215 2.2717020511627197
5.075212478637695 8.597611094083078 2.8435583114624023 4.330021381378174
2.6506056785583496 4.736790423726986 3.4054276943206787 6.282137870788574
2.8612325191497803 4.787498261861913 3.6112418174743652 7.385652542114258
7.190555095672607 9.09315927440683 2.3649754524230957 2.5197787284851074
4.592329502105713 8.10995755399938 3.199432134628296 5.0086236000061035
3.86493182182312 7.2840735533521155 3.893738269805908 7.528274059295654
3.274540662765503 5.332232910619439 4.151073455810547 8.97368049621582
3.6579437255859375 4.394332173025916 2.46244740486145 2.847693681716919
4.449069023132324 7.543481255866936 3.0670080184936523 4.6595988273620605
2.4977712631225586 5.295067350101817 3.4741382598876953 6.278367042541504
3.036146879196167 5.035850992519556 3.6044414043426514 7.168352127075195
5.02750825881958 5.875100410697826 2.630535125732422 3.0668745040893555
3.9458112716674805 7.306121914306139 3.3487420082092285 5.253397464752197
4.041806221008301 6.847934232035797 3.883943796157837 7.369056224822998
2.6545376777648926 4.179096604372695 4.067052364349365 8.565191268920898
6.10582971572876 6.9568984380246945 2.9099366664886475 3.4138336181640625
5.6472039222717285 8.80690379839234 3.7966232299804688 6.158115386962891
4.316753387451172 7.155290936708191 4.49661922454834 8.975488662719727
4.251102447509766 5.8719600417175855 4.738310813903809 10.581389427185059
3.675448417663574 4.589282211217167 1.695955753326416 1.7540353536605835
3.5878078937530518 6.47677152174424 1.9895269870758057 2.6299209594726562
3.285984516143799 6.236154055421366 2.24855899810791 3.5459108352661133
1.6657803058624268 3.37198907765719 2.383439540863037 4.1603803634643555
4.416449546813965 5.636288420273723 1.780210256576538 1.845062255859375
3.762047052383423 5.55593139989945 2.116502523422241 2.835651159286499
3.0277702808380127 6.094237408466711 2.419461965560913 3.899644374847412
2.840829372406006 4.819401684619919 2.5776212215423584 4.61810827255249
5.26021671295166 6.7731886291091445 1.9019668102264404 1.9758867025375366
4.825526714324951 7.629226134746112 2.2963197231292725 3.1283211708068848
4.311686992645264 6.78197866784852 2.6558825969696045 4.39613676071167
3.629549503326416 6.554555218045195 2.8418571949005127 5.254702091217041
4.4153571128845215 5.569283711788671 2.1565566062927246 2.2254979610443115
4.168632507324219 6.672035669683211 2.531059503555298 3.405665636062622
2.796954870223999 5.752156078096959 2.8178060054779053 4.612428665161133
2.3318185806274414 3.8646988917928695 2.9394173622131348 5.38782262802124
5.3150787353515625 6.7295731709840965 2.271632194519043 2.353761911392212
4.620866298675537 7.373221672706222 2.7331552505493164 3.757070541381836
3.117727041244507 4.794370901978709 3.102663278579712 5.245898246765137
2.7846872806549072 4.523776481100597 3.2636497020721436 6.212111949920654
6.331536293029785 8.149762707203195 2.447692632675171 2.5476531982421875
4.697566032409668 7.551873910572795 3.0295629501342773 4.272774696350098
4.157960414886475 6.976834893838569 3.5083043575286865 6.1566901206970215
3.716291666030884 6.509641208151379 3.7163729667663574 7.381382942199707
4.711234092712402 5.931735603213383 2.726025104522705 2.835179090499878
3.744488000869751 5.499472479797532 3.186699390411377 4.397664546966553
3.221055030822754 5.6191585303351985 3.4546689987182617 5.851773738861084
1.8319288492202759 3.5945100749520407 3.524904489517212 6.725654125213623
5.706937789916992 7.176453542439958 2.87503719329834 3.0019636154174805
4.640504837036133 7.182052198593851 3.484360694885254 4.9432196617126465
4.128729343414307 7.245806674410282 3.8720035552978516 6.827516078948975
2.334381103515625 3.8113358811167473 3.994518280029297 7.9774489402771
6.881434440612793 8.736754005250987 3.1136152744293213 3.2695834636688232
5.346268177032471 7.61624592606222 3.9268300533294678 5.75396203994751
4.236656188964844 6.568514621181521 4.474349498748779 8.244599342346191
4.115109920501709 6.352841882710997 4.660651206970215 9.769571304321289
3.998025417327881 4.917840060847311 2.9975032806396484 3.2836990356445312
4.172815322875977 7.208334762997907 3.8491690158843994 5.490452766418457
2.2443339824676514 4.209840870012622 4.038205623626709 7.047147750854492
2.820432662963867 4.3103339221745 4.03550386428833 7.927299976348877
4.858020305633545 5.457657160819963 3.2203478813171387 3.5588436126708984
4.3658366203308105 6.547152340570506 4.230419635772705 6.269443988800049
3.592003583908081 6.729373450683568 4.582745552062988 8.353251457214355
3.357125997543335 4.4331924885129865 4.635439395904541 9.571219444274902
6.477336406707764 7.219186615214085 3.5564558506011963 3.9744670391082764
4.898101806640625 6.455663177966926 4.817475318908691 7.42085075378418
4.111050128936768 7.205918080368361 5.3665337562561035 10.251496315002441
3.832946300506592 5.661279845103309 5.491112232208252 11.923746109008789
4.4391326904296875 5.043373723155192 1.5813539028167725 1.633436918258667
4.345476150512695 6.628822043142911 1.8285313844680786 2.3503262996673584
3.3032543659210205 5.941095906072121 2.0567715167999268 3.142421245574951
2.850581407546997 5.483974649623178 2.178461790084839 3.6888763904571533
4.870088577270508 5.747433277036585 1.6609588861465454 1.715332269668579
4.4516448974609375 6.904411717550975 1.9399161338806152 2.518479108810425
4.0543107986450195 7.451829285881161 2.2017464637756348 3.434495449066162
2.5230860710144043 5.541904181087872 2.340583324432373 4.076015472412109
5.399262428283691 6.550295803040001 1.7750880718231201 1.8346455097198486
5.256514072418213 7.653713586009136 2.097621202468872 2.759838581085205
3.930168867111206 7.1293095893057625 2.4047820568084717 3.847698450088501
3.686220169067383 6.815002646437745 2.5657546520233154 4.617130756378174
5.441615581512451 6.213515855036945 1.9521594047546387 2.030256986618042
5.032037258148193 8.063286231544893 2.2445597648620605 2.930471658706665
4.1341776847839355 6.808182365768516 2.482215404510498 3.9112741947174072
3.135896682739258 5.384771316110935 2.5849509239196777 4.567574977874756
5.911438941955566 6.961750145882876 2.067706346511841 2.144773483276367
3.879373550415039 5.841847501563748 2.4195492267608643 3.207106113433838
3.3561997413635254 5.554011370178614 2.7173893451690674 4.412714004516602
2.265836715698242 3.785945862767676 2.847835063934326 5.228877544403076
6.596914768218994 7.942696413181466 2.236950397491455 2.3202767372131348
4.891589641571045 8.047479209764447 2.6733462810516357 3.6182429790496826
4.634348392486572 8.150227228110946 3.0560178756713867 5.144542217254639
4.180348873138428 7.50755712967581 3.2247095108032227 6.185905456542969
5.7839674949646 6.672296233119596 2.48854923248291 2.6193203926086426
4.93001127243042 8.260378715984388 2.789457082748413 3.720977544784546
3.8111279010772705 6.068302452465559 2.976738691329956 4.820530414581299
2.8897488117218018 5.058926270051014 3.0173141956329346 5.515628337860107
6.55549955368042 7.686437019134246 2.6282551288604736 2.77038311958313
5.449216842651367 8.435625018450764 3.037809133529663 4.136532306671143
3.9537975788116455 6.725909009878848 3.315192699432373 5.576231002807617
3.6488664150238037 5.29449868431675 3.390002965927124 6.491517543792725
7.574474811553955 9.06772020554547 2.848328113555908 3.003849506378174
5.163468837738037 7.815934869035459 3.406369924545288 4.766861438751221
5.212718963623047 7.833011476284014 3.810840606689453 6.6993865966796875
4.66335391998291 6.350770039928875 3.935370683670044 7.931432723999023
3.9332094192504883 4.226560575418699 2.605955123901367 2.914660930633545
4.4774603843688965 6.469057222641823 3.6125881671905518 5.031224250793457
3.420440196990967 6.1613237140495585 3.487727642059326 5.786417484283447
2.6228151321411133 4.511461999715948 3.4132463932037354 6.389956474304199
5.900013446807861 6.20943313772932 2.794524908065796 3.122903347015381
4.629288196563721 7.115616768587984 3.927457332611084 5.633420467376709
2.9356446266174316 5.654572502239887 3.928184986114502 6.806939601898193
2.6740870475769043 4.321604760274511 3.887110948562622 7.66621732711792
5.953433036804199 6.149681799466748 3.075847625732422 3.4389779567718506
5.1473002433776855 7.905908381375809 4.4020891189575195 6.544797420501709
3.7697083950042725 6.084469001494085 4.579696178436279 8.33883285522461
4.662454128265381 8.22224329482924 4.587677001953125 9.567512512207031
4.2679877281188965 5.194228024931391 1.496187448501587 1.5512187480926514
3.8760573863983154 5.742986831734753 1.772778034210205 2.3324146270751953
3.551135540008545 5.639578818630952 2.034133195877075 3.180163621902466
2.067369222640991 4.6459170694572975 2.1847896575927734 3.762319803237915
4.7339186668396 5.7993618210822415 1.5683166980743408 1.626632571220398
4.520701885223389 7.21546220479425 1.8749359846115112 2.491180419921875
3.6677308082580566 7.073664007153596 2.1689846515655518 3.462867259979248
1.373570442199707 2.918960868212025 2.3381569385528564 4.140721797943115
5.446826457977295 6.74884467660047 1.6720212697982788 1.7346545457839966
4.416295528411865 7.844965707609049 2.0200393199920654 2.712787628173828
3.8403265476226807 6.380856363844675 2.3583028316497803 3.854719877243042
3.5559823513031006 6.603275440215413 2.551631212234497 4.661198616027832
5.237747669219971 6.3681336265831305 1.713616132736206 1.7805167436599731
3.8263802528381348 6.582401740933149 2.057438373565674 2.7615861892700195
3.617551326751709 5.583958711576713 2.366943359375 3.8300106525421143
2.8499257564544678 5.452956698836367 2.5325253009796143 4.556826114654541
5.825966835021973 7.10221403767855 1.8157105445861816 1.888082504272461
4.694238662719727 7.599246614616732 2.2106761932373047 3.0114407539367676
3.54845929145813 6.801845214945388 2.576845169067383 4.296213150024414
3.0306766033172607 6.152327303684908 2.772862672805786 5.184047222137451
6.709877014160156 8.33207937268503 1.9678455591201782 2.047725200653076
5.3803935050964355 8.699362611080005 2.4365971088409424 3.3733012676239014
4.591959476470947 8.304540231213366 2.881838083267212 4.96702241897583
3.760385274887085 7.4933162904736434 3.118818521499634 6.081017971038818
5.5903143882751465 6.844872481601442 2.0143446922302246 2.0841422080993652
5.002501487731934 7.947530382903729 2.396594524383545 3.2696969509124756
3.4509270191192627 5.847270572599427 2.710381269454956 4.508627891540527
3.028254985809326 5.338594513609905 2.8656740188598633 5.33752965927124
6.420803546905518 7.846396567842735 2.135124444961548 2.217985153198242
5.680673599243164 7.975859705528125 2.5983757972717285 3.6141202449798584
4.112189769744873 6.92625714096291 2.995946168899536 5.171701431274414
3.3535995483398438 6.2754511436840374 3.1928017139434814 6.2261810302734375
7.557947158813477 9.377089301954584 2.327925443649292 2.424593210220337
5.782036304473877 8.793180919494944 2.907444953918457 4.130456924438477
4.723869800567627 7.463602631799404 3.4220778942108154 6.151657581329346
4.21602725982666 7.327896661818286 3.6753714084625244 7.530087471008301
3.858586072921753 4.092077773519122 2.30521821975708 2.6306843757629395
4.601892948150635 7.030515599678893 2.9737229347229004 4.152803897857666
3.8983185291290283 6.457370144713423 3.031620502471924 5.145792007446289
1.9751477241516113 4.353445534495819 3.143195867538452 5.996169090270996
4.596169471740723 4.873198754441447 2.469592571258545 2.8189477920532227
4.49706506729126 7.726289708681399 3.209679126739502 4.5931925773620605
4.573975086212158 7.652465048278714 3.3836746215820312 5.987789154052734
3.1140596866607666 4.95431506785917 3.5427536964416504 7.110222339630127
5.378714084625244 6.097070807853413 2.7204251289367676 3.1045479774475098
6.020442485809326 8.628847615914964 3.5794787406921387 5.253033638000488
4.462541580200195 7.294804333531222 3.9172747135162354 7.2539381980896
3.3262791633605957 5.723646776596782 4.141148090362549 8.769511222839355
4.281550407409668 4.785928910533414 1.622198224067688 1.6710830926895142
4.0099945068359375 6.860678095551947 1.900469422340393 2.475749969482422
3.5188069343566895 6.968848623106169 2.182598352432251 3.386878728866577
3.2816720008850098 6.129942968622345 2.3418796062469482 4.00238037109375
4.608778953552246 5.428438202875263 1.7022771835327148 1.7528163194656372
4.1379008293151855 6.791997637207215 2.0190229415893555 2.6546642780303955
3.9490177631378174 7.2125499968180975 2.3434884548187256 3.705878257751465
2.8321306705474854 5.515259948657786 2.5269856452941895 4.424244403839111
5.151423454284668 6.387785639814638 1.8183841705322266 1.8737974166870117
3.9629063606262207 6.797829365495232 2.186246871948242 2.914402723312378
4.464038848876953 7.537306130712622 2.5651609897613525 4.157699108123779
3.935685396194458 6.652809037793773 2.777409791946411 5.014084339141846
5.211407661437988 5.9001342165920505 1.9851239919662476 2.0433881282806396
4.684764862060547 7.490383522096408 2.331509590148926 3.0955536365509033
3.2803447246551514 5.753703308969534 2.6592626571655273 4.28123140335083
2.4406590461730957 4.251006470791596 2.8272242546081543 5.066051959991455
5.693676948547363 6.731522191799632 2.0964338779449463 2.158101797103882
3.741889476776123 6.479803060914207 2.51375412940979 3.3883163928985596
4.119510173797607 7.784103373155574 2.9158880710601807 4.827730178833008
2.7949628829956055 4.736641268760138 3.123577356338501 5.793394565582275
6.3836541175842285 7.959107890228552 2.2679977416992188 2.3376851081848145
5.34490442276001 7.591717328354662 2.782661199569702 3.8297483921051025
3.7315547466278076 6.04863668002821 3.282724618911743 5.628093719482422
2.839719533920288 5.1866048104803895 3.5380256175994873 6.840027809143066
5.359118461608887 6.146683528445379 2.516972064971924 2.5463922023773193
3.7823920249938965 4.805186506427731 2.8638713359832764 3.8719594478607178
2.9641921520233154 5.069333221504621 3.1756820678710938 5.278688907623291
3.0893681049346924 5.500463048795723 3.322420120239258 6.18245792388916
6.205142021179199 7.2994012627356994 2.646794319152832 2.7003064155578613
3.8042242527008057 6.109336456712754 3.1149611473083496 4.309463024139404
3.2269890308380127 5.1962626293091345 3.5379419326782227 6.0924177169799805
3.1018030643463135 5.221222204710671 3.7380666732788086 7.257779121398926
7.25006628036499 8.846643634021092 2.868701219558716 2.9465181827545166
5.1889519691467285 7.80985884147699 3.5009520053863525 4.978747367858887
4.153565883636475 7.904217884921309 4.068872928619385 7.308659553527832
4.264523983001709 6.729098506460893 4.332976818084717 8.83328628540039
4.039797306060791 4.416068201747095 2.5709004402160645 2.7928452491760254
3.1972320079803467 4.855502285679534 3.5171573162078857 4.884313106536865
2.8566431999206543 4.806149301021378 3.6560518741607666 6.2328057289123535
2.018752098083496 2.891275471530321 3.7494864463806152 7.165040493011475
4.834886074066162 5.393814212603711 2.740983009338379 2.9962244033813477
4.974929332733154 6.0306554184226115 3.8280224800109863 5.479735851287842
3.5439393520355225 5.894998919840191 4.11681604385376 7.310649394989014
2.637728452682495 3.2628766432970338 4.271505832672119 8.562633514404297
6.023009777069092 6.348956073540187 3.015573024749756 3.3221447467803955
5.1278581619262695 7.344191301321331 4.327792167663574 6.412694454193115
4.496634006500244 6.420345075323011 4.802492618560791 8.935004234313965
3.110642433166504 5.222754739599139 5.0282182693481445 10.629608154296875
4.1473164558410645 5.001675520658324 1.648350715637207 1.7049700021743774
2.7484493255615234 5.022958602609286 1.9157490730285645 2.524893045425415
3.0866522789001465 5.778357337869011 2.187347412109375 3.4971861839294434
2.671820878982544 5.086673072764199 2.3530449867248535 4.172275066375732
4.862137794494629 5.937301342723458 1.7434632778167725 1.80673348903656
4.103469371795654 7.677749567620253 2.047821521759033 2.7371885776519775
3.4594335556030273 6.157698463971656 2.360503673553467 3.862912178039551
3.11299729347229 5.804922903377637 2.5514423847198486 4.651066303253174
5.618133068084717 6.90573110827296 1.884115219116211 1.9551657438278198
3.302544116973877 5.823770642249215 2.242586612701416 3.043760061264038
4.250401020050049 7.805140548794384 2.6120002269744873 4.388609409332275
3.0638248920440674 6.281623296260705 2.83524227142334 5.338251113891602
5.169844627380371 6.181343020623899 2.005679130554199 2.073683023452759
4.541779518127441 7.124504555821932 2.3055872917175293 3.1058666706085205
2.9919514656066895 5.853049601366024 2.610976457595825 4.369402885437012
2.42704701423645 4.403206633162426 2.805823564529419 5.2500901222229
5.964732646942139 7.144301848080062 2.142024040222168 2.223884344100952
5.196130275726318 8.078641097819968 2.5128281116485596 3.459275960922241
4.178061485290527 7.442867339882014 2.891425371170044 5.000098705291748
3.047762393951416 5.206104132407745 3.1287965774536133 6.081630229949951
6.9972944259643555 8.597494538880369 2.354250907897949 2.4526209831237793
4.828155517578125 8.495892226506996 2.831702947616577 3.9919657707214355
4.04260778427124 7.678910388309049 3.314282178878784 5.943355083465576
3.489485263824463 5.9887629703548555 3.6070716381073 7.318885326385498
5.387941837310791 6.4989039449320956 2.559847354888916 2.623135805130005
4.66431999206543 8.089262878289674 2.7680110931396484 3.790644645690918
2.654130697250366 4.827453882797272 3.0236663818359375 5.261476993560791
2.061567783355713 2.9209826096662823 3.2331366539001465 6.311890125274658
6.497574329376221 7.766926214594136 2.728257417678833 2.8142855167388916
5.14301061630249 7.7943231101517085 3.050279140472412 4.301120281219482
3.6055455207824707 7.08616757312411 3.4160313606262207 6.183585166931152
3.2852723598480225 6.452619449389033 3.6836681365966797 7.521307468414307
7.713440418243408 9.544553041821594 3.003242254257202 3.1189024448394775
6.022578239440918 9.444838668970505 3.5026214122772217 5.10230016708374
4.223104476928711 7.254287156000174 4.025167942047119 7.603176116943359
3.7095043659210205 6.577766456800191 4.369333267211914 9.367156028747559
4.0169477462768555 4.591080319141838 2.868225574493408 3.177192449569702
4.337069988250732 7.244882097195131 3.4237935543060303 4.745892524719238
3.5116257667541504 5.934609805967146 3.371474504470825 6.0403618812561035
3.1572787761688232 5.602851976462848 3.577881336212158 7.19010591506958
5.070842266082764 5.771635226817381 3.088754892349243 3.4496610164642334
5.0738115310668945 7.578811703766121 3.7690463066101074 5.4054999351501465
3.773693561553955 6.9271784590136605 3.8619766235351562 7.226282596588135
3.2203147411346436 6.453637393309407 4.134587287902832 8.725309371948242
4.463953971862793 5.122505274197238 3.4349851608276367 3.8748834133148193
5.663842678070068 8.748198760381939 4.324092388153076 6.462427616119385
5.177854061126709 7.8749221806552185 4.636474132537842 9.083147048950195
2.5891313552856445 4.675282625105183 4.998641490936279 11.104302406311035
5.000385284423828 5.5185932562071685 1.8959685564041138 1.9576812982559204
4.079253196716309 5.784458469470415 2.1997580528259277 2.8685531616210938
2.7686736583709717 4.755731061540958 2.497950553894043 3.911957025527954
2.317864418029785 3.524302000059378 2.660228729248047 4.617873191833496
5.29944372177124 6.151560331812245 1.9990148544311523 2.067138910293579
4.990466594696045 7.4164233225237695 2.358203649520874 3.1319870948791504
3.927149534225464 6.372439145102625 2.7143824100494385 4.38853645324707
2.9022202491760254 4.798311007507931 2.906637191772461 5.250312805175781
5.777151584625244 6.915799006585175 2.145721673965454 2.222378969192505
4.360869884490967 6.786105023603973 2.582069158554077 3.5012426376342773
2.8030574321746826 5.807620744294397 3.0149433612823486 5.0451860427856445
3.566331148147583 6.871158023359982 3.244331121444702 6.110790252685547
5.9758687019348145 6.651645264476656 2.4833810329437256 2.5714924335479736
4.784443378448486 6.604155130168692 2.901459217071533 3.877394199371338
3.622921943664551 5.955295253156297 3.2508397102355957 5.327690124511719
2.5074143409729004 4.297576789067605 3.4082412719726562 6.269530773162842
6.421209335327148 7.3848841908456855 2.628983974456787 2.7326128482818604
4.929459571838379 6.770491480510827 3.1626853942871094 4.358739852905273
3.45324444770813 5.213988043131025 3.6185379028320312 6.210517883300781
3.2574169635772705 5.137627270267558 3.825657844543457 7.4249372482299805
7.0881547927856445 8.4886101814678 2.845061779022217 2.9697303771972656
5.7177534103393555 8.78455963328122 3.546081781387329 5.053654193878174
4.425574779510498 7.126818430599087 4.145801544189453 7.461963176727295
2.8354296684265137 4.494875134081781 4.413918972015381 9.03986644744873
6.153132915496826 6.81885965119082 3.0874409675598145 3.2041568756103516
4.2336249351501465 6.743183904060288 3.7255358695983887 5.1108245849609375
2.969740629196167 5.05577082209129 4.089308261871338 6.966944217681885
2.4843435287475586 3.542692081799487 4.198994159698486 8.078384399414062
6.960651874542236 7.91388017753593 3.2837374210357666 3.436859607696533
4.719875335693359 6.951753614334578 4.11213493347168 5.894654750823975
2.6974918842315674 4.605115189642056 4.62764835357666 8.347557067871094
3.402733087539673 5.773824210364637 4.802340030670166 9.839367866516113
7.851353645324707 9.161971513392473 3.5843632221221924 3.788646936416626
5.053286075592041 7.041689885872017 4.69696044921875 7.047982215881348
4.411456108093262 6.438332557219383 5.422492980957031 10.339940071105957
3.707387924194336 6.473701273387405 5.673600196838379 12.334249496459961
3.6205761432647705 3.844553803409269 3.4502928256988525 3.7517950534820557
3.5184130668640137 5.437933366630769 4.425492763519287 6.271865367889404
2.0909972190856934 3.732264754911739 4.840848922729492 8.496626853942871
2.3247787952423096 4.274883841460934 4.880704402923584 9.676102638244629
5.525020122528076 5.89563852246124 3.7510294914245605 4.111149311065674
4.103542327880859 5.069948639263146 4.950707912445068 7.362324237823486
3.8537676334381104 6.824877812102329 5.531383037567139 10.339092254638672
3.2042505741119385 5.88350230076486 5.643897533416748 11.971918106079102
4.7026190757751465 4.820625399496208 4.193454265594482 4.6548261642456055
4.559689998626709 7.414706102719393 5.739901542663574 9.019438743591309
4.736794471740723 8.151432405512264 6.5712103843688965 13.020400047302246
3.2434749603271484 5.243581484957964 6.765286445617676 15.243534088134766
3.8382034301757812 4.232734780394935 1.506962776184082 1.548681378364563
3.4964327812194824 5.382059327519073 1.745177149772644 2.222191095352173
3.293816089630127 6.146381755405201 2.0121262073516846 3.014979362487793
2.1717123985290527 4.0450614751389935 2.1784141063690186 3.5839977264404297
4.47683048248291 5.088691837469355 1.584637999534607 1.6295902729034424
3.8103063106536865 6.131179794107062 1.852059006690979 2.382136344909668
3.9597530364990234 6.8194707300588675 2.1523146629333496 3.2964096069335938
3.2673428058624268 6.2385082696089 2.33772349357605 3.964240550994873
5.1981916427612305 6.3521623821714 1.6989755630493164 1.7489081621170044
4.939034461975098 7.171268616682926 2.0075950622558594 2.6164357662200928
2.8941848278045654 6.064178712832927 2.353707790374756 3.6989290714263916
3.3447060585021973 5.5918654468789555 2.5645437240600586 4.498955249786377
4.636153697967529 5.185941081980388 1.7369304895401 1.7850728034973145
4.358911991119385 7.162985578820042 2.022035598754883 2.6164088249206543
3.864039659500122 7.060739246315993 2.335392475128174 3.613136053085327
2.9638853073120117 5.192493652691951 2.5248966217041016 4.338468551635742
5.344263076782227 6.209114397870678 1.8484755754470825 1.9021023511886597
3.9816665649414062 6.501597397947762 2.1832988262176514 2.868514060974121
3.882389545440674 6.342047371926817 2.5526928901672363 4.071488857269287
3.775084972381592 6.85066429000668 2.7732293605804443 4.958957195281982
6.323774337768555 7.638011592062526 2.0197503566741943 2.082397699356079
5.556192398071289 8.494944959730688 2.4286515712738037 3.257572889328003
4.933382511138916 8.361245904201212 2.879105806350708 4.761722564697266
3.584564208984375 5.029393123918794 3.1418676376342773 5.876438140869141
4.994011878967285 5.808404144859082 2.0480010509490967 2.112205743789673
4.503505229949951 7.433476146972652 2.342822551727295 3.085150957107544
3.7351202964782715 6.785818800445313 2.6622941493988037 4.232102394104004
2.2644400596618652 3.9797580544769917 2.855006694793701 5.077677249908447
5.9642157554626465 7.111727300391067 2.191335678100586 2.2572717666625977
4.472776412963867 7.367150766839414 2.5549962520599365 3.4269633293151855
4.103043556213379 6.733775200439595 2.954468250274658 4.871645450592041
3.898059129714966 7.161311308860377 3.1896584033966064 5.945976734161377
7.115611553192139 8.641966400749311 2.415693759918213 2.4922292232513428
5.900001525878906 8.795857177528113 2.8893492221832275 3.9783825874328613
4.810580730438232 6.279238716922226 3.4084818363189697 5.873619079589844
3.9821982383728027 7.831586802561674 3.702608108520508 7.27333927154541
4.023353099822998 4.395617782100011 2.1691291332244873 2.470221757888794
3.595076560974121 5.8912606964861425 2.83777117729187 4.029179096221924
2.865776777267456 4.582819423068031 2.96950101852417 4.843845367431641
2.9709668159484863 5.7369476831771635 3.132807493209839 5.711650848388672
4.714663505554199 5.367208852795557 2.33805251121521 2.66829252243042
4.683737754821777 7.22408077727323 3.079202175140381 4.489750862121582
3.83001446723938 6.490199680924611 3.3228843212127686 5.632835388183594
3.738563060760498 6.717919124148949 3.537306308746338 6.789504528045654
5.10596227645874 5.676333529223257 2.6047537326812744 2.9838125705718994
5.439643859863281 8.828620571980537 3.4870073795318604 5.199759483337402
3.892991065979004 7.650675650213429 3.882563352584839 6.900266647338867
4.426564693450928 6.286995851179427 4.169144153594971 8.467782020568848
3.745222806930542 4.4581999697182635 1.5561603307724 1.620059847831726
3.096558094024658 5.5204111598943655 1.8575035333633423 2.4892852306365967
2.3780341148376465 5.240991112366462 2.1275596618652344 3.42004656791687
2.369800329208374 3.895162298663962 2.277806043624878 4.03294563293457
4.183295726776123 5.248228536115363 1.6362125873565674 1.7034904956817627
3.000253677368164 4.466175929333019 1.9739434719085693 2.6727089881896973
3.3751022815704346 5.85613025216586 2.280398368835449 3.7453155517578125
2.389862537384033 4.980721377678364 2.450417995452881 4.4648213386535645
5.0152201652526855 6.657101006830342 1.7525361776351929 1.824851393699646
4.672745227813721 8.01030031170285 2.1424314975738525 2.932328939437866
3.2204701900482178 6.063000700574129 2.4985668659210205 4.195626258850098
3.1615045070648193 5.090423958994393 2.693877935409546 5.058906078338623
4.330807685852051 5.322220949581151 1.7921648025512695 1.871557593345642
3.585150957107544 6.43245779344492 2.1669793128967285 2.9700143337249756
2.7971718311309814 5.556409643425127 2.4939799308776855 4.183958053588867
2.9651050567626953 5.38789202571553 2.6705126762390137 4.975566864013672
5.022268772125244 6.332445540355366 1.9072744846343994 1.9928210973739624
4.865236282348633 8.324889415181588 2.3460135459899902 3.2674756050109863
3.615421772003174 6.430144608710634 2.7347443103790283 4.724729537963867
2.755781650543213 5.243757198346827 2.9438161849975586 5.696745872497559
6.021090507507324 7.805060487751135 2.0809061527252197 2.1758675575256348
5.016908168792725 8.535509652320343 2.6146864891052246 3.705744504928589
4.7747602462768555 8.87741430970084 3.091275691986084 5.506068229675293
3.1136388778686523 5.9064175958569365 3.3428399562835693 6.729512691497803
4.7628607749938965 5.846711651593523 2.0170657634735107 2.116250514984131
4.169696807861328 6.5848556082347045 2.472533941268921 3.4632089138031006
2.1955831050872803 3.848704235142577 2.8474738597869873 4.950915336608887
1.8811274766921997 3.2534838742516 3.0435757637023926 5.899133682250977
5.586006164550781 6.939694248211239 2.162616491317749 2.2713093757629395
5.1485795974731445 8.546094133946326 2.7139487266540527 3.8827266693115234
3.0978035926818848 5.484947263660516 3.1768925189971924 5.718911647796631
3.6825547218322754 6.061203846679092 3.4179837703704834 6.924281597137451
6.743783473968506 8.596809592387672 2.3898377418518066 2.5134236812591553
6.2086663246154785 9.918822507206755 3.0879428386688232 4.520254135131836
4.351674556732178 8.365328507545897 3.679478406906128 6.864132404327393
3.332962989807129 5.238591413149905 3.979377269744873 8.432034492492676
4.449602127075195 5.029451062896516 2.6280057430267334 2.9900922775268555
4.320939064025879 6.963225638018038 2.8436501026153564 4.138258457183838
3.637345552444458 6.809621486057679 3.1535539627075195 5.631635665893555
1.6595479249954224 2.839173884077354 3.351658344268799 6.671675682067871
4.336935997009277 4.502370170236645 2.812288999557495 3.209738254547119
4.588596820831299 7.793849169009491 3.1408755779266357 4.665803909301758
3.007049560546875 5.284790124351275 3.554858446121216 6.596836566925049
3.311898946762085 4.835766354835869 3.8098504543304443 7.956568241119385
5.699271202087402 6.61508274278367 3.1003596782684326 3.5437731742858887
5.468901634216309 8.12125199600454 3.5983614921569824 5.471762657165527
5.008297920227051 8.410029987465812 4.182561874389648 8.064085006713867
3.0597054958343506 5.357032367683309 4.508495807647705 9.876177787780762
4.031668186187744 4.9974759192693625 1.7210355997085571 1.7757951021194458
3.274402379989624 6.04867021217251 2.0189154148101807 2.671053171157837
2.9113261699676514 4.114336099844877 2.267857789993286 3.6327521800994873
3.108548164367676 5.256081927421388 2.3998451232910156 4.280601978302002
4.561988830566406 5.682123782925601 1.8045976161956787 1.8681237697601318
3.6092307567596436 5.693230634630442 2.1473734378814697 2.884263753890991
2.827779531478882 5.945714960172254 2.4374139308929443 3.995079755783081
3.3676235675811768 5.9455062155983 2.5903055667877197 4.752330303192139
5.251088619232178 6.579673339169744 1.9227348566055298 1.997763752937317
4.60978364944458 6.403928190722581 2.3251426219940186 3.180264711380005
2.439354658126831 5.17592339837438 2.669548749923706 4.501147747039795
2.95145845413208 5.061119999340617 2.84926438331604 5.409530162811279
4.712427139282227 5.8104420303625375 2.1555635929107666 2.221186876296997
4.34091854095459 6.905583780262987 2.5145068168640137 3.4031951427459717
3.485407829284668 5.595808214181943 2.7737579345703125 4.643679618835449
2.6200790405273438 4.152258048235161 2.8942580223083496 5.452581405639648
5.427802562713623 6.624310433706341 2.2672486305236816 2.3457162380218506
4.841134071350098 7.583279748687346 2.7117998600006104 3.7556662559509277
3.772768259048462 6.502981592915232 3.0413899421691895 5.259116172790527
3.6210215091705322 5.820035863081728 3.1942696571350098 6.248937129974365
6.35066032409668 7.872861234868765 2.433135747909546 2.531944990158081
5.102306842803955 7.915201686905618 2.992753744125366 4.258939743041992
4.981114864349365 8.699669240804742 3.4179694652557373 6.140092849731445
3.4686026573181152 5.165624541099909 3.613646984100342 7.387562274932861
4.967272758483887 6.057791771462718 2.7210280895233154 2.8306307792663574
3.870281934738159 6.448407133381505 3.113070011138916 4.328671932220459
3.3364474773406982 6.586217477469063 3.3179361820220947 5.775952339172363
2.546330690383911 4.174629297031624 3.3906941413879395 6.680547714233398
5.764813423156738 6.998168805311707 2.8659167289733887 2.9979543685913086
4.734074592590332 7.8049694429284955 3.3913590908050537 4.861454963684082
2.887099266052246 3.9840915464641213 3.6916701793670654 6.687734127044678
2.669498920440674 3.9353261266760455 3.8037948608398438 7.832911968231201
6.871428489685059 8.43308941790152 3.086456537246704 3.250912666320801
6.078475475311279 8.242042282323155 3.7929093837738037 5.629330635070801
4.789786338806152 7.9401506125740795 4.227552890777588 8.008347511291504
3.5626516342163086 6.467136723673548 4.3933563232421875 9.50439453125
4.489378929138184 4.958726475953483 2.9195759296417236 3.255894422531128
4.0020246505737305 6.714242837925838 3.736788511276245 5.3483171463012695
2.898904800415039 4.599648895213964 3.8180480003356934 6.850918292999268
2.2305502891540527 4.242168433881034 3.813657522201538 7.758302211761475
5.235175609588623 5.6085238641736055 3.120856285095215 3.5182597637176514
4.753115653991699 7.756957920938248 4.11176061630249 6.113612651824951
3.849348783493042 6.781985931873237 4.290228366851807 8.054239273071289
3.555000066757202 5.5755800106923505 4.324585914611816 9.233478546142578
5.871917724609375 6.825394634487338 3.414869546890259 3.8978958129882812
5.421592712402344 8.453824571562127 4.646910667419434 7.203145980834961
4.556780815124512 7.227294055526926 4.972614288330078 9.8004150390625
3.627741575241089 6.637619939004679 5.062763690948486 11.384352684020996
4.451666831970215 4.885128625371284 1.6333427429199219 1.682658314704895
3.323441982269287 4.769772993530239 1.8983763456344604 2.418309450149536
2.9789910316467285 4.503067548841429 2.1526904106140137 3.259324312210083
3.020866632461548 4.447400017184137 2.2912158966064453 3.8430919647216797
4.769346237182617 5.465378992914878 1.7189091444015503 1.7722065448760986
4.200197219848633 6.886253178307925 2.0203821659088135 2.6112582683563232
2.8594095706939697 4.296489211494816 2.3135781288146973 3.602445602416992
3.290881872177124 5.802972654356165 2.473146677017212 4.303039073944092
5.282805442810059 6.385616718116246 1.8399927616119385 1.8996249437332153
4.162611484527588 6.87083137073482 2.191596269607544 2.883824586868286
3.7261667251586914 6.5666855058516 2.537414312362671 4.08406400680542
3.5835299491882324 5.483972009558215 2.724472999572754 4.945127964019775
5.480337619781494 6.051415725002361 2.0420889854431152 2.1136763095855713
4.784872055053711 7.532044647443541 2.371633529663086 3.083813428878784
3.150783061981201 5.389540992964385 2.651836395263672 4.1722893714904785
3.0483016967773438 5.020063041642437 2.776829481124878 4.89211893081665
5.986743450164795 6.847472740865754 2.160801887512207 2.238748073577881
4.348720550537109 6.525447803009666 2.56087064743042 3.4022161960601807
4.019653797149658 6.418326991594455 2.9129912853240967 4.7627363204956055
3.628769636154175 6.835679396783462 3.0732269287109375 5.681335926055908
6.587039470672607 7.897165753450025 2.3343429565429688 2.4226839542388916
5.714921951293945 9.298971109434774 2.8358185291290283 3.8678746223449707
3.7281575202941895 5.414949978806774 3.289334535598755 5.622680187225342
3.3116438388824463 5.502903177350042 3.4974277019500732 6.82570743560791
5.839284896850586 6.532676295477472 2.6630642414093018 2.729457378387451
5.199194431304932 7.728880465776783 3.017896890640259 4.0013837814331055
3.3590619564056396 5.597958288685277 3.2459795475006104 5.2822747230529785
2.620088815689087 4.469235659984406 3.303029775619507 6.056484699249268
6.6361284255981445 7.582399352138509 2.799269437789917 2.899458885192871
5.239717483520508 7.28392328686823 3.2805721759796143 4.489254951477051
4.1646342277526855 7.385549374839002 3.6173436641693115 6.177102088928223
3.3410558700561523 5.6796640120657 3.721691846847534 7.224632740020752
7.50562858581543 8.927750503267148 3.0139572620391846 3.146402597427368
5.386311054229736 8.170080265370075 3.6747467517852783 5.215469837188721
3.579249382019043 5.9303010934108045 4.168761253356934 7.509160995483398
3.693822145462036 5.9481553416117094 4.33799934387207 8.957586288452148
4.446071147918701 4.622287057904408 2.7883055210113525 3.0828962326049805
4.034437656402588 6.174133676926658 3.8653156757354736 5.337431907653809
3.2718610763549805 5.728692128733144 3.8732433319091797 6.476527690887451
2.341460943222046 4.156506299041212 3.7942404747009277 7.157582759857178
5.519776821136475 6.071249091377467 2.9845664501190186 3.3236887454986572
4.020663738250732 5.595237679786351 4.2291975021362305 6.045626640319824
3.980682849884033 6.65806241208611 4.354265213012695 7.691155910491943
2.835737943649292 4.733924042380863 4.322223663330078 8.681330680847168
6.220297813415527 6.7616966577098765 3.275646448135376 3.67364764213562
4.518698692321777 7.278993107233477 4.774991035461426 7.1102471351623535
4.078587055206299 5.42036220296588 5.074155807495117 9.511467933654785
4.378429889678955 6.358961779547684 5.111830234527588 10.964780807495117
3.8478128910064697 4.5576140029254475 1.6125046014785767 1.6665724515914917
3.963728427886963 6.962595690902898 1.8576287031173706 2.4488799571990967
1.8396116495132446 3.7571441123824627 2.103215456008911 3.3108069896698
2.2031748294830322 4.605887214702193 2.2433886528015137 3.8631062507629395
4.540709495544434 5.503919381650348 1.6964551210403442 1.7563163042068481
3.7452361583709717 6.321039077526301 1.977473258972168 2.6459572315216064
2.3323540687561035 4.274614125199452 2.258270502090454 3.644965887069702
2.293416976928711 4.395893403370103 2.415435552597046 4.286808013916016
5.209307670593262 6.379033489069775 1.8146367073059082 1.8830254077911377
4.511996269226074 7.6595429558143735 2.1466667652130127 2.9249372482299805
3.0327775478363037 5.914222738892477 2.4745829105377197 4.115005016326904
2.684922218322754 5.558600715417924 2.6523020267486572 4.878757953643799
4.669901371002197 5.532648594177667 1.988143801689148 2.0674307346343994
4.272044658660889 7.280886537512572 2.2677056789398193 3.0592544078826904
3.2903683185577393 6.360971521015017 2.511526107788086 4.116424560546875
1.7799596786499023 4.556400162128966 2.6401543617248535 4.7902021408081055
5.326268196105957 6.390486633274804 2.107815742492676 2.1948318481445312
4.403645992279053 6.705233034321053 2.454214096069336 3.3828125
2.8090858459472656 5.435653155147065 2.756612539291382 4.678175926208496
2.916140556335449 4.490002136336734 2.9099462032318115 5.499545097351074
6.23919153213501 7.6966289277599795 2.2784221172332764 2.379765748977661
5.359312534332275 7.295918355650201 2.7224338054656982 3.8543035984039307
3.95723032951355 5.538932694618488 3.1065216064453125 5.4920854568481445
3.1212570667266846 5.936986969244572 3.2906620502471924 6.520606517791748
4.88413667678833 5.809558488516807 2.565633773803711 2.7124321460723877
3.8239917755126953 5.992245386789818 2.78872013092041 3.8620944023132324
2.9993932247161865 5.451938971101072 2.9416182041168213 4.985583782196045
2.264855146408081 4.637089575934283 3.0223209857940674 5.71312952041626
5.834908962249756 6.929626975410201 2.7109615802764893 2.871922731399536
5.069181442260742 8.271122581124928 3.043124198913574 4.331052303314209
3.810556411743164 7.143121072634285 3.280308246612549 5.79994010925293
2.998572587966919 5.8532603461727595 3.391200065612793 6.729069232940674
7.022057056427002 8.5881874480757 2.9236464500427246 3.108621597290039
5.173376083374023 9.1397818960899 3.4173905849456787 5.026389122009277
4.55556583404541 7.330008675383461 3.7709708213806152 6.998452186584473
4.20427942276001 7.176387295582401 3.919659376144409 8.216573715209961
3.870356798171997 4.135256328649831 2.5846073627471924 3.003411054611206
2.7284629344940186 5.220767224749753 3.4587578773498535 4.958288669586182
2.945218801498413 5.565553577018818 3.3408939838409424 5.81062650680542
1.8889158964157104 3.5744455538319517 3.3394148349761963 6.4947686195373535
4.19365930557251 4.549402653145208 2.784761905670166 3.2539520263671875
3.5845184326171875 6.298540282802662 3.7855513095855713 5.618435859680176
3.5086557865142822 5.887727849212013 3.7605888843536377 6.861393928527832
3.1250500679016113 5.452353960481828 3.7915072441101074 7.781283378601074
5.634226322174072 5.908097036293839 3.080768585205078 3.6279072761535645
5.4155802726745605 9.035719358379957 4.2584452629089355 6.569186687469482
4.644639015197754 8.091317394028536 4.375306606292725 8.415106773376465
3.2124359607696533 5.860647034693081 4.445106506347656 9.677651405334473
4.374935626983643 5.19551950923838 1.8145170211791992 1.8722243309020996
3.611772298812866 5.928425248036319 2.112264394760132 2.726525068283081
3.0228536128997803 4.479631418461395 2.393268346786499 3.6811611652374268
2.239783525466919 3.811185457207614 2.5383973121643066 4.2984161376953125
4.762953758239746 5.922800589818564 1.9003194570541382 1.9669550657272339
3.9719483852386475 6.169692727632093 2.2455697059631348 2.9518096446990967
3.2095446586608887 5.6998210758240475 2.5804054737091064 4.089491367340088
2.691389799118042 4.487197876162554 2.7566380500793457 4.840898513793945
5.359621047973633 6.848114608927844 2.025538921356201 2.101130723953247
4.452475070953369 6.364867880725919 2.436861991882324 3.268869638442993
3.970212697982788 6.034809243353365 2.842133045196533 4.658382892608643
3.529482841491699 5.240086610534945 3.05637788772583 5.5904541015625
5.3804545402526855 6.400230574831326 2.326394557952881 2.3976831436157227
3.346773624420166 4.306018466445419 2.7370073795318604 3.6171135902404785
2.41355037689209 3.9721466065716413 3.071869134902954 4.949767112731934
2.203221082687378 4.190327612929877 3.210191488265991 5.763925075531006
5.873831272125244 7.146335883107046 2.441605806350708 2.532721996307373
4.3630595207214355 6.78197451127312 2.9495339393615723 4.017562389373779
2.397986888885498 3.68961172545238 3.381326198577881 5.691878318786621
3.237935781478882 5.236669297223582 3.5710031986236572 6.740076065063477
6.684925079345703 8.43558550889361 2.619157075881958 2.731750726699829
5.328708171844482 6.875397188143779 3.2657546997070312 4.59575891494751
3.7823925018310547 5.794298986293626 3.8283238410949707 6.750734329223633
3.8724491596221924 6.884524014371852 4.0804948806762695 8.119483947753906
5.65069580078125 6.698564732593946 2.836210012435913 2.9511423110961914
4.013779163360596 6.133777008691368 3.4541003704071045 4.693352699279785
2.396066904067993 3.611137174148894 3.820164203643799 6.401385307312012
1.9246245622634888 3.5088896655747703 3.914881944656372 7.363601207733154
6.497564315795898 7.757547409040683 2.998474359512329 3.1369380950927734
3.4381978511810303 5.014601414652873 3.7711920738220215 5.333441734313965
2.260262966156006 4.061603242682395 4.269410610198975 7.554563045501709
2.55043363571167 3.469052446844848 4.430806636810303 8.845015525817871
7.429794788360596 8.996161887051983 3.2482502460479736 3.4230902194976807
4.065582752227783 6.121456865271654 4.250298976898193 6.277877330780029
4.327387809753418 7.116887265149899 4.9345293045043945 9.23049545288086
3.153235673904419 4.724216458717521 5.176288604736328 10.965306282043457
4.488104343414307 5.065542742352973 3.166207790374756 3.469609260559082
2.8830387592315674 4.427829885766187 4.043351173400879 5.739360332489014
2.9423797130584717 5.066645267097499 4.487854957580566 7.739548683166504
1.1928067207336426 2.191513640692392 4.522945880889893 8.773443222045898
4.550411701202393 5.409131919134325 3.3947551250457764 3.7525415420532227
2.8154244422912598 4.803934010558251 4.481941223144531 6.667068004608154
3.220902919769287 4.584212520619076 5.067109107971191 9.275769233703613
2.4716169834136963 4.161104568653162 5.174160480499268 10.71303939819336
5.190592288970947 6.096926776174882 3.7412335872650146 4.17569637298584
4.592158317565918 7.270518338585372 5.135528564453125 7.995699882507324
3.1876184940338135 5.903772150942018 5.935209274291992 11.550516128540039
3.0863046646118164 4.388614455614556 6.130244255065918 13.508536338806152
3.9682884216308594 4.806374969646313 1.7288718223571777 1.7987995147705078
3.593256711959839 6.60782413829989 2.0277695655822754 2.7071235179901123
2.454474687576294 3.972330585458593 2.3049445152282715 3.6790242195129395
1.9624276161193848 3.815259736135829 2.4558944702148438 4.329156398773193
4.4524617195129395 5.552584951073975 1.8153942823410034 1.887314796447754
3.3179972171783447 5.803096548870289 2.1645681858062744 2.929713010787964
3.8341543674468994 7.243585315647238 2.4925060272216797 4.080873012542725
2.694330930709839 5.603481080687658 2.6706535816192627 4.855595588684082
5.106208801269531 6.33001349505048 1.932867169380188 2.01035475730896
3.974977493286133 6.460208826473262 2.3507611751556396 3.234715461730957
3.8262715339660645 7.5920267546849605 2.7463347911834717 4.6243157386779785
3.1859853267669678 5.3500554299887995 2.9592885971069336 5.563009262084961
4.626999855041504 5.618858136394109 2.1775755882263184 2.2913129329681396
3.9139156341552734 6.339658450698209 2.561861515045166 3.5172181129455566
3.027996063232422 5.257305083389838 2.872743844985962 4.802093505859375
1.9598536491394043 3.3576037077399974 3.0164594650268555 5.6372222900390625
5.3004961013793945 6.490276318548013 2.29913067817688 2.414271354675293
4.496367931365967 7.876890237195312 2.7816221714019775 3.904723644256592
3.273416757583618 6.685412716928671 3.1808271408081055 5.518171787261963
2.4644482135772705 5.603852199497396 3.366281747817993 6.563326835632324
6.188530921936035 7.656296416856366 2.46417498588562 2.589016914367676
5.014235019683838 7.906156289170966 3.0832574367523193 4.44492769241333
4.0698370933532715 6.9655648307169535 3.604271411895752 6.505699634552002
3.587303876876831 7.143961050520375 3.84527325630188 7.8352508544921875
4.912367343902588 5.944557115723001 2.712714433670044 2.891082286834717
3.8778576850891113 6.2756926749800925 3.173121929168701 4.482542037963867
1.9856600761413574 3.550385248269606 3.47774076461792 6.038882732391357
1.6211981773376465 3.2711686304311343 3.581677198410034 7.00209903717041
5.79755163192749 7.028600451565534 2.862442970275879 3.056762456893921
3.971146583557129 6.40037902908017 3.4967615604400635 5.096424579620361
3.6498260498046875 7.050393803569932 3.9220104217529297 7.13305139541626
2.6440024375915527 4.782909494764226 4.075300693511963 8.37740421295166
6.869366645812988 8.440029320973888 3.0780210494995117 3.2992665767669678
4.592534065246582 7.414412808438556 3.9429638385772705 5.959015846252441
3.62310791015625 5.531546186261142 4.53774356842041 8.654122352600098
3.217799663543701 6.032587058619903 4.76024055480957 10.284598350524902
3.8644840717315674 4.50729553025694 2.963778495788574 3.4108529090881348
3.760591506958008 6.242227460693349 3.7821362018585205 5.452783584594727
2.658576726913452 5.438429735396298 4.013325214385986 7.159801006317139
2.7145767211914062 5.356146175326671 4.057075500488281 8.171963691711426
4.6715312004089355 5.009461771045835 3.1847715377807617 3.674485683441162
3.6842434406280518 5.631988886765612 4.199394226074219 6.313501834869385
3.697103977203369 5.836746553877752 4.583669185638428 8.612373352050781
2.9874823093414307 5.69844310298015 4.675927639007568 9.94791030883789
5.4247870445251465 6.306146008162706 3.4948465824127197 4.051864147186279
4.354494571685791 7.460403078184008 4.791627883911133 7.538321495056152
3.0216290950775146 5.254326585893558 5.3767991065979 10.642062187194824
3.9992470741271973 6.028349779702566 5.540056228637695 12.416474342346191
4.145056247711182 4.750464867478968 1.5532071590423584 1.5963671207427979
4.109864711761475 6.707753764071645 1.7995935678482056 2.3120710849761963
3.763291597366333 6.4138619042281775 2.08005690574646 3.213710308074951
2.7266337871551514 4.9949752474988145 2.2501916885375977 3.8378078937530518
4.808797836303711 5.76681947748375 1.6334779262542725 1.679974913597107
4.465038299560547 7.487050036436896 1.9143152236938477 2.4882609844207764
3.96376371383667 7.013361172437726 2.236727714538574 3.5300889015197754
3.6801488399505615 7.162791021562873 2.4321627616882324 4.2650980949401855
5.469316005706787 6.707502003913305 1.7492066621780396 1.8010575771331787
4.383058547973633 7.486838627463165 2.078169107437134 2.7417984008789062
2.850616693496704 6.091915822395094 2.45794677734375 3.982713222503662
3.824566125869751 7.2746746788417145 2.6860008239746094 4.872443199157715
5.043121337890625 5.823084745904865 1.835365891456604 1.8902487754821777
4.7159810066223145 7.0699163482993725 2.1371045112609863 2.7989463806152344
2.945655345916748 5.603416899630929 2.4744033813476562 3.9721078872680664
2.739591121673584 5.345716351999158 2.6695964336395264 4.781647205352783
5.756191730499268 6.889669916962077 1.9482989311218262 2.0090925693511963
4.7176289558410645 8.022931445720417 2.3114562034606934 3.0826644897460938
4.142940998077393 5.7705545566166165 2.72141170501709 4.506657600402832
3.7515573501586914 7.088801002481063 2.9580936431884766 5.506569862365723
6.666610240936279 8.21211901519223 2.119063377380371 2.189089059829712
5.712306499481201 8.890624658301704 2.572557210922241 3.50993275642395
4.454512119293213 7.8024027729433385 3.0869791507720947 5.304324626922607
4.523890972137451 7.553825132932573 3.3802316188812256 6.582299709320068
5.389646530151367 6.251562836247103 2.2944324016571045 2.3339598178863525
4.779311180114746 7.107946519531197 2.578251361846924 3.41622257232666
3.834981918334961 6.225179344530176 2.9059667587280273 4.805839538574219
3.0337448120117188 6.175128980600675 3.0938961505889893 5.760875225067139
6.290962219238281 7.502509212781661 2.423687219619751 2.4848945140838623
5.421597480773926 8.62344074519467 2.810361623764038 3.8237948417663574
4.575031757354736 7.432357022709766 3.2477452754974365 5.590407371520996
3.3390703201293945 5.939812893227554 3.4930310249328613 6.8169636726379395
7.416505336761475 9.138254551578939 2.6369621753692627 2.7204363346099854
5.668642520904541 8.113800143945781 3.1755006313323975 4.459546089172363
4.437368392944336 7.519499092801567 3.7730815410614014 6.797828674316406
4.071065902709961 6.238729589431173 4.098202228546143 8.426932334899902
4.152587890625 4.395983777120108 2.420530080795288 2.657752275466919
4.55682373046875 7.897345505102578 3.5580520629882812 4.62067174911499
2.5607192516326904 4.799096525017837 3.3574941158294678 5.663853168487549
3.177518844604492 5.03034126660441 3.4719603061676025 6.643547534942627
5.007833957672119 5.888854764211295 2.5920889377593994 2.8724775314331055
5.595724105834961 8.159079220916396 3.838566541671753 5.242568492889404
4.262825965881348 7.249148029540606 3.7871956825256348 6.707391738891602
3.6317453384399414 6.358700335574667 3.9678101539611816 8.007946014404297
5.724765777587891 6.230018046359817 2.865541458129883 3.206359624862671
5.6419501304626465 8.191216071873015 4.296690464019775 6.176107883453369
4.81307315826416 7.287492270668519 4.461330890655518 8.33351993560791
3.5628814697265625 5.8336339427181905 4.735104560852051 10.115809440612793
4.6937031745910645 5.311029203342194 1.7426867485046387 1.7979505062103271
3.3564364910125732 4.304261876276215 2.002432346343994 2.5538387298583984
3.3484652042388916 4.949930467558261 2.2447597980499268 3.4281668663024902
2.2782702445983887 3.9802143471142273 2.3678860664367676 4.022579193115234
5.046738624572754 6.03714560119397 1.827523112297058 1.8862050771713257
4.027053356170654 6.123888782642911 2.1292576789855957 2.7520458698272705
3.794398546218872 5.787870217194033 2.415863037109375 3.787818670272827
3.874460458755493 5.935719143421352 2.5604796409606934 4.5008978843688965
5.476979732513428 6.693207034272454 1.9467613697052002 2.0111727714538574
4.919189929962158 7.199371247000954 2.3058102130889893 3.029022455215454
4.1339430809021 6.589904381836909 2.651517391204834 4.282792091369629
4.088193416595459 6.872670433636529 2.8234283924102783 5.15356969833374
5.799325942993164 6.542933815206197 2.270463466644287 2.3629024028778076
4.588987827301025 7.307398129264783 2.5934739112854004 3.3849384784698486
3.553605318069458 6.1218267730479 2.8326730728149414 4.508456707000732
2.313688039779663 3.5880247255196878 2.9160714149475098 5.225797653198242
6.190500259399414 7.258161159592959 2.38332462310791 2.4814705848693848
5.430228233337402 8.07830847461333 2.793496608734131 3.727609395980835
3.4569649696350098 4.116278131449462 3.115440607070923 5.1534271240234375
2.8191843032836914 4.857104135733124 3.2342824935913086 6.074758529663086
6.744056224822998 8.146547923351704 2.5476696491241455 2.6560792922973633
5.3818159103393555 8.234170954888668 3.078378200531006 4.21683406829834
3.350957155227661 5.523079983980097 3.5133590698242188 6.0654730796813965
3.7306101322174072 6.811321645198214 3.6796538829803467 7.2684526443481445
5.968733787536621 6.717067926509117 2.9683613777160645 3.094482183456421
4.4526753425598145 6.745487110722223 3.3638603687286377 4.494445323944092
1.8793394565582275 2.7968553635233917 3.5236072540283203 5.813173770904541
1.823540210723877 2.797223048389853 3.508533000946045 6.5634284019470215
6.74685001373291 7.735231084438034 3.1084110736846924 3.258558750152588
4.805331230163574 5.693762347527297 3.6537344455718994 5.04727029800415
3.459134340286255 5.778079718580329 3.9341118335723877 6.811964511871338
3.6631062030792236 6.131034443103886 3.964690923690796 7.840590953826904
7.720447063446045 8.990634361222662 3.32027530670166 3.5021231174468994
6.207119941711426 9.413043053649421 4.073211193084717 5.8364973068237305
3.7207517623901367 6.558934555236476 4.51898717880249 8.240857124328613
3.8819470405578613 5.893727054854921 4.611873626708984 9.666547775268555
5.6174798011779785 6.004112191850396 3.121739625930786 3.5140247344970703
3.7641942501068115 5.786688041650393 4.154748916625977 5.720130920410156
2.5300514698028564 3.9441068347496824 4.203132629394531 7.116232872009277
2.443981409072876 4.045849489812099 4.045793056488037 7.793920516967773
5.108850002288818 5.298392843068818 3.325242519378662 3.7540507316589355
4.383954048156738 6.38736782922507 4.554740905761719 6.528275012969971
2.926466703414917 4.675772546732105 4.734987258911133 8.473623275756836
2.1824874877929688 3.878883780878553 4.626898288726807 9.470413208007812
5.598333358764648 5.784750242737502 3.6203691959381104 4.108092784881592
4.934717655181885 7.455235365315161 5.129018306732178 7.685288429260254
3.908567190170288 6.268129201807014 5.498215675354004 10.421635627746582
3.8262250423431396 7.11624666608401 5.455723285675049 11.878806114196777
4.008223533630371 5.19600890043148 1.5743398666381836 1.6305716037750244
3.1532087326049805 6.015927493741401 1.838722586631775 2.389876365661621
3.0663657188415527 5.346316876288029 2.074636936187744 3.1891541481018066
2.9037015438079834 6.26136776112935 2.2116849422454834 3.738769054412842
4.66286039352417 5.899886083453551 1.6508088111877441 1.7132943868637085
4.197142601013184 7.106893100779466 1.9478760957717896 2.5671985149383545
3.700701951980591 7.023904503545452 2.2159295082092285 3.4940061569213867
2.986630916595459 5.215824365422122 2.370414972305298 4.136428356170654
5.386080741882324 7.13900922992158 1.7596156597137451 1.8303613662719727
4.853168487548828 7.353486322458821 2.101468801498413 2.8156955242156982
3.9143476486206055 7.48322017242964 2.413382053375244 3.9208316802978516
3.4438300132751465 5.046782929251208 2.590919017791748 4.692654609680176
4.815837860107422 6.1330364056000235 1.890870213508606 1.9602000713348389
4.41779088973999 7.921121136864592 2.1957883834838867 2.8950064182281494
2.2065012454986572 3.6491709336212352 2.441650867462158 3.8745524883270264
3.1008260250091553 5.522477331550363 2.577770709991455 4.546181678771973
5.559898853302002 6.940601157788933 1.9957252740859985 2.0756068229675293
5.312989234924316 7.612054422772189 2.3607707023620605 3.17730712890625
3.7701406478881836 7.211605640290081 2.6634633541107178 4.37634801864624
2.930135726928711 5.730496023881713 2.8275585174560547 5.201914310455322
6.705058574676514 8.628534984549333 2.1511974334716797 2.2460410594940186
5.5805768966674805 9.68821377098385 2.601531744003296 3.588685989379883
4.7193121910095215 8.107724980056023 2.984459400177002 5.109193801879883
3.963256359100342 7.300627974168094 3.187467098236084 6.157664775848389
5.168741226196289 6.624846828415684 2.38472318649292 2.4982259273529053
4.190639495849609 7.318708982539135 2.6608171463012695 3.5453131198883057
2.322660446166992 3.666789213657786 2.8357362747192383 4.615283012390137
2.5494046211242676 5.848558854130488 2.936803102493286 5.35401725769043
6.12852668762207 7.653254283749391 2.5164108276367188 2.6379854679107666
5.266185760498047 7.823968062161384 2.885805606842041 3.951904058456421
3.706162452697754 5.67341188117237 3.1427090167999268 5.337128639221191
3.0558724403381348 5.2527872128906665 3.280850410461426 6.286238193511963
7.492306232452393 9.530577940059743 2.714092493057251 2.85357666015625
6.184688091278076 9.905821893864413 3.222133159637451 4.557713508605957
4.9659295082092285 9.208000256335936 3.5983352661132812 6.418727397918701
2.827936887741089 4.079656500111696 3.7893569469451904 7.681723594665527
4.3821282386779785 5.102555738330011 2.4813551902770996 2.8332040309906006
3.384112596511841 5.46181549557015 3.346076250076294 4.556849002838135
3.3205747604370117 5.504693095671541 3.2242562770843506 5.344563961029053
2.3887126445770264 4.492897068257832 3.2448668479919434 6.056578159332275
3.800614595413208 4.658215716482076 2.6494901180267334 3.031954526901245
4.333440780639648 7.152804350459336 3.6590209007263184 5.137302875518799
3.475191116333008 5.209406706032951 3.611933469772339 6.2878923416137695
3.407759666442871 5.197761402022387 3.671555519104004 7.236806392669678
5.8513383865356445 6.735272003387763 2.9007582664489746 3.336970090866089
5.965859889984131 8.173806190388802 4.125969886779785 6.0198469161987305
4.263051509857178 7.887005444151157 4.194551467895508 7.712904453277588
3.0240583419799805 5.042564733497898 4.311691761016846 9.028572082519531
4.371598243713379 4.757875159010268 1.5921621322631836 1.6412485837936401
4.116784572601318 5.794621385515711 1.8523869514465332 2.3947136402130127
2.9577767848968506 5.5745832970523 2.1212544441223145 3.269005298614502
3.004263162612915 4.997524246583012 2.277461528778076 3.860874891281128
4.914824962615967 5.6077132659162245 1.6743073463439941 1.7264262437820435
4.3415422439575195 6.742551766603981 1.9698476791381836 2.572995662689209
2.713756561279297 4.967740380264942 2.2765960693359375 3.579087495803833
2.5760796070098877 4.159978443238288 2.4530956745147705 4.274441719055176
5.419830799102783 6.487941254663024 1.791730284690857 1.8488078117370605
4.670025825500488 6.600483967907849 2.1373205184936523 2.8299739360809326
4.592150688171387 7.8536985120880445 2.4960691928863525 4.023871898651123
4.100557327270508 7.272997210021231 2.6984400749206543 4.860069751739502
5.347718238830566 5.90447182544608 1.9386094808578491 2.007629156112671
4.371089458465576 6.42038551621215 2.2517480850219727 2.981722116470337
3.431375503540039 5.983675537851923 2.5487864017486572 4.08803129196167
2.754734992980957 4.486446414122838 2.7056384086608887 4.815398216247559
5.944725513458252 6.829674004812603 2.0546493530273438 2.1294662952423096
4.794681549072266 7.336444740840193 2.436244010925293 3.2789833545684814
4.2388739585876465 6.473012111168379 2.803210496902466 4.6249470710754395
3.2140278816223145 5.8678309494912355 2.9937257766723633 5.529066562652588
6.801158428192139 8.077624756512328 2.227560520172119 2.3110616207122803
5.312767028808594 7.59399512049913 2.708479642868042 3.7212955951690674
5.051717281341553 7.917185082955484 3.1737961769104004 5.420851707458496
3.704723358154297 5.669583261124274 3.4077370166778564 6.5744709968566895
5.700786590576172 6.332155702994613 2.536447763442993 2.6005215644836426
4.237796306610107 6.777962871589807 2.8007094860076904 3.7878289222717285
1.3864469528198242 2.178618535245903 3.029121160507202 5.031594753265381
3.153489112854004 6.067895596773383 3.1418685913085938 5.816581726074219
6.563060760498047 7.4968518585405945 2.668253183364868 2.7586896419525146
4.767236232757568 6.95018934317384 3.0524327754974365 4.232965469360352
3.534398317337036 6.862111216966241 3.390821933746338 5.832212448120117
2.9756217002868652 4.968470581846418 3.5509181022644043 6.865622043609619
7.619571685791016 8.952239426781034 2.882333993911743 2.9982032775878906
4.604726791381836 5.943955774446636 3.439671039581299 4.906562328338623
4.267589569091797 6.841759187342333 3.9317736625671387 7.044023036956787
4.199278831481934 7.413195860425162 4.152011871337891 8.438594818115234
4.545854091644287 4.890923564598438 2.4684817790985107 2.850904941558838
4.488104343414307 6.606470781331325 3.7228808403015137 5.126364231109619
3.7264325618743896 5.3720304215621635 3.516878604888916 6.015363693237305
2.05051851272583 4.019175632643055 3.526197671890259 6.721263408660889
4.583244800567627 5.004348085773586 2.658550977706909 3.0624938011169434
4.154494762420654 7.170544863133728 4.025362014770508 5.7675933837890625
3.6068835258483887 6.420671703486846 3.9741580486297607 7.071855068206787
2.4716715812683105 3.6197298346705793 4.041525363922119 8.072951316833496
5.29316520690918 5.688568086118494 2.944408893585205 3.3893229961395264
5.689116954803467 7.561901279782603 4.514739513397217 6.735713481903076
4.210020542144775 7.019749172563621 4.672598361968994 8.686260223388672
4.064538478851318 6.882196667024893 4.811581611633301 10.130393028259277
4.069462776184082 4.942622597807201 1.7019048929214478 1.762188196182251
3.3429970741271973 5.2641453095013855 2.012143850326538 2.6232781410217285
3.0446252822875977 5.271138660530141 2.3004345893859863 3.5688271522521973
1.7714756727218628 3.3175317482680384 2.4530367851257324 4.181693077087402
4.452785015106201 5.553319227931979 1.7830792665481567 1.8492552042007446
3.6359639167785645 6.677137039128517 2.135403871536255 2.828392267227173
2.914900779724121 4.03736269276942 2.4719367027282715 3.9414455890655518
3.1658411026000977 5.720522720222107 2.651456117630005 4.67756986618042
5.129316329956055 6.51535381499383 1.8959996700286865 1.9719122648239136
3.2117791175842285 6.369062660165426 2.3047685623168945 3.1171844005584717
3.68698787689209 6.58203445915467 2.7050249576568604 4.46033239364624
3.5557382106781006 5.934569634417301 2.9195303916931152 5.360393524169922
4.780327796936035 5.815799064468038 2.1468710899353027 2.232067346572876
4.054312229156494 6.807662333818826 2.54996395111084 3.395399570465088
2.4032416343688965 4.396689204371796 2.8851022720336914 4.6536993980407715
1.173391342163086 1.8648159072449744 3.034040927886963 5.437221527099609
5.396612167358398 6.647721257583129 2.2583916187286377 2.353036880493164
4.662241458892822 7.248758825991775 2.7465744018554688 3.750105381011963
3.268453598022461 6.113752398961822 3.1689093112945557 5.318471431732178
3.330059051513672 4.594905687185019 3.3621535301208496 6.315453052520752
6.28934383392334 7.950338549096159 2.4185891151428223 2.5301756858825684
4.6405558586120605 8.3357001584086 3.022516965866089 4.258619785308838
3.4693024158477783 6.375363296320984 3.562908887863159 6.261137008666992
3.3192083835601807 4.587361434962602 3.8148891925811768 7.549127578735352
5.114017486572266 6.190173007724297 2.700078010559082 2.824862241744995
3.960840940475464 6.925782356688501 3.182678699493408 4.338189125061035
3.2061331272125244 5.356745467254768 3.52424693107605 5.880385398864746
2.356652021408081 5.0128714010973425 3.63763689994812 6.7857794761657715
5.899347305297852 7.141947538119098 2.8328590393066406 2.978032350540161
4.0700764656066895 7.305062585912026 3.469083309173584 4.898552894592285
2.417294979095459 4.642400690956492 3.9392542839050293 6.912641525268555
3.160203695297241 5.342928292043357 4.109029769897461 8.116165161132812
7.007054805755615 8.77518916752534 3.0404696464538574 3.2156126499176025
5.640578746795654 7.730692143818874 3.8818345069885254 5.719122409820557
3.906853199005127 6.0168555940306305 4.5234222412109375 8.394908905029297
3.4096291065216064 4.824920571133134 4.769155502319336 10.00640869140625
4.138583660125732 4.821600258444732 2.985060691833496 3.258043050765991
3.2741172313690186 5.04634451014806 3.824547529220581 5.342508792877197
2.9574544429779053 5.584629343002916 4.103627681732178 7.034465312957764
1.5988627672195435 2.934719757599339 4.1603288650512695 7.98226261138916
4.917315483093262 5.288654212670579 3.1932315826416016 3.517324686050415
4.702497959136963 7.799121831951197 4.195071220397949 6.124069690704346
3.035004138946533 5.499288998464635 4.6448845863342285 8.432511329650879
2.61293625831604 4.771372346994538 4.761265754699707 9.73349666595459
6.207353115081787 7.32030438978515 3.4962596893310547 3.901498556137085
5.516536235809326 9.051191716018707 4.746593952178955 7.309154987335205
4.585115909576416 6.699122985426584 5.410768508911133 10.456257820129395
3.6317355632781982 4.9286990982803545 5.608521461486816 12.23669719696045
4.301148891448975 5.155904561364046 1.7558082342147827 1.8289140462875366
2.845435380935669 4.82508757843641 2.0857973098754883 2.8059189319610596
3.293499231338501 5.5863193366218695 2.3675904273986816 3.784853219985962
2.608673334121704 5.152653701371037 2.511127233505249 4.401429176330566
4.813918590545654 5.92848425454785 1.842255711555481 1.9198758602142334
4.466705799102783 7.358121564650976 2.224219560623169 3.046901226043701
3.5665841102600098 6.6715942518247005 2.55484938621521 4.21107292175293
2.737192392349243 5.057423340143238 2.722252368927002 4.947512149810791
5.36302375793457 6.831598448964883 1.961680293083191 2.045950412750244
4.770391464233398 8.007998615627066 2.413907527923584 3.3699676990509033
3.5952415466308594 7.097817229608403 2.809037208557129 4.781300067901611
3.6056113243103027 4.95811558083458 3.007399320602417 5.679644584655762
5.138507843017578 6.14310436015171 2.1991827487945557 2.302877187728882
4.10174036026001 6.517575460471562 2.6267545223236084 3.6206541061401367
3.118893623352051 5.400956872347095 2.949899911880493 4.920787334442139
2.0242021083831787 3.772683577028147 3.089435338973999 5.70697021484375
5.6946563720703125 6.906696133420269 2.3150689601898193 2.4289584159851074
4.943520545959473 7.436826253862648 2.8425111770629883 4.022562503814697
3.9125144481658936 6.7991835409793 3.2515249252319336 5.64845609664917
3.0209641456604004 5.444753231689276 3.429863691329956 6.63778018951416
6.459534168243408 8.27612261868353 2.4814741611480713 2.608633518218994
4.920557498931885 6.547570680005208 3.1464428901672363 4.577203750610352
4.352092266082764 8.126268221617652 3.6714916229248047 6.65449857711792
3.5756633281707764 6.374182110363904 3.9003355503082275 7.926311492919922
5.353724002838135 6.460032635791606 2.7882816791534424 2.90933895111084
3.051253318786621 5.119431268338303 3.297398567199707 4.640917778015137
2.1265532970428467 3.3215509599699136 3.592489004135132 6.218596458435059
2.3781652450561523 3.668531703880035 3.689635753631592 7.113208770751953
6.156111240386963 7.441127785462982 2.931919813156128 3.080467939376831
4.866219997406006 6.918612480230109 3.6022229194641113 5.265145778656006
3.817859649658203 6.727703824184573 4.023881435394287 7.315020561218262
2.8612000942230225 4.429064639785338 4.171603202819824 8.485599517822266
7.099070072174072 8.908119175323122 3.1456472873687744 3.3289504051208496
5.388545513153076 8.860018023276453 4.044968128204346 6.137014389038086
4.609443664550781 8.256019568464296 4.6368536949157715 8.852117538452148
3.9603569507598877 5.7857965798040425 4.849364757537842 10.414213180541992
4.6528801918029785 5.0178031627430615 3.01690673828125 3.337808847427368
3.341642141342163 5.682672455981788 4.013010501861572 5.814379692077637
2.399672746658325 3.981302521258769 4.20280647277832 7.48298978805542
2.771123170852661 5.061724188861064 4.216803550720215 8.383699417114258
5.239277362823486 6.172782970750859 3.222221851348877 3.595625638961792
3.8357865810394287 5.395253481786767 4.4186625480651855 6.681285858154297
3.6700613498687744 5.669323737473633 4.752910614013672 8.9503812789917
3.3454391956329346 6.3022066672331505 4.8259358406066895 10.166640281677246
5.8208136558532715 6.886330136415417 3.522465944290161 3.9683961868286133
4.3513665199279785 6.846482159035071 5.012477397918701 7.937851428985596
3.9163711071014404 4.496740571639565 5.547610282897949 11.018163681030273
3.7466225624084473 5.8496903251498225 5.691771507263184 12.68349838256836
4.693505764007568 5.720571281034495 1.7430226802825928 1.8050553798675537
4.55286169052124 7.179040855341917 2.076019287109375 2.7459797859191895
2.202516555786133 3.556685710927564 2.3522591590881348 3.7221760749816895
2.707913637161255 5.44256259557028 2.4857230186462402 4.377071857452393
5.0525054931640625 6.1837231461327065 1.8309491872787476 1.900552749633789
4.367447376251221 7.203418587056717 2.2136728763580322 2.979367256164551
2.883918523788452 5.774439304308089 2.5346059799194336 4.134280681610107
2.6736772060394287 5.146038250535057 2.6890618801116943 4.916830539703369
5.465540409088135 7.012067260149481 1.9534471035003662 2.034191370010376
3.7842648029327393 5.989232779170756 2.404770612716675 3.304415464401245
3.8562629222869873 7.208038031061619 2.785922050476074 4.705949306488037
3.1983838081359863 6.28473346351084 2.967592239379883 5.665319442749023
5.728811264038086 6.919527933235592 2.2601661682128906 2.346695899963379
4.379984378814697 6.084553721368657 2.668320655822754 3.620046854019165
3.040494203567505 6.016512885910288 2.953991413116455 4.9001240730285645
1.456460952758789 1.992733819069386 3.065725088119507 5.729041576385498
6.158470630645752 7.445864040689031 2.3807919025421143 2.480684995651245
4.328855514526367 6.53025000704838 2.890974760055542 4.027371883392334
3.0767807960510254 5.747541861660181 3.2600743770599365 5.641865253448486
2.878966808319092 4.821784811363614 3.4054765701293945 6.694468021392822
6.635603427886963 8.438655263245892 2.550999402999878 2.671173095703125
4.0959086418151855 7.369724459845571 3.2055985927581787 4.606163501739502
3.8792850971221924 6.200194821463128 3.689610719680786 6.694167137145996
3.2989561557769775 5.549135728158543 3.8808248043060303 8.060439109802246
5.842670917510986 7.0526955532865685 2.9846396446228027 3.113597869873047
4.420974254608154 6.675611977405083 3.456857204437256 4.80390739440918
3.3291966915130615 6.324194588393311 3.65901780128479 6.309590816497803
2.304949998855591 3.930524411816805 3.6904313564300537 7.219039440155029
6.554691314697266 7.855330788563606 3.13952898979187 3.2935898303985596
4.564486503601074 6.5303083298872755 3.789036750793457 5.463605880737305
2.63625431060791 4.498118846747815 4.111329078674316 7.464536666870117
3.1813933849334717 5.884556967470985 4.184534549713135 8.687753677368164
7.407159805297852 9.081660611865175 3.3615331649780273 3.554368495941162
5.590919494628906 8.172380878804972 4.260066032409668 6.39654016494751
3.954228401184082 6.462894262459372 4.754254341125488 9.119277000427246
2.351853847503662 5.4912866135299225 4.884753704071045 10.786873817443848
4.243404388427734 4.718049168097195 3.3442792892456055 3.6983234882354736
3.2239432334899902 4.803138812356337 4.35267448425293 6.1975860595703125
2.8861804008483887 5.078399542835257 4.357100486755371 7.726318359375
2.6926724910736084 4.19122068707091 4.256338119506836 8.58551025390625
4.856115818023682 5.072238133201418 3.5804073810577393 3.9977200031280518
3.204429864883423 5.956179985177528 4.810853004455566 7.153149127960205
2.6579885482788086 5.183673371420355 4.952534198760986 9.30362319946289
2.3665125370025635 4.450801103133003 4.892601013183594 10.522444725036621
5.8138322830200195 6.1637976765703115 3.9136738777160645 4.421636581420898
5.664343357086182 8.201947999125878 5.465686798095703 8.524160385131836
2.9570207595825195 5.470964104202494 5.802629470825195 11.553411483764648
3.624361038208008 5.20585939763091 5.801136016845703 13.302495956420898
3.8477351665496826 4.444492400092571 1.5608552694320679 1.6043251752853394
3.292264699935913 5.567664627446902 1.8231728076934814 2.3774983882904053
3.0980355739593506 5.890668499922725 2.099142074584961 3.2741971015930176
1.9017961025238037 3.2618869054865627 2.256211757659912 3.8584749698638916
4.475367069244385 5.466797033367726 1.636858582496643 1.6868327856063843
4.2667236328125 7.239804334060345 1.9368228912353516 2.558197021484375
3.1233057975769043 5.266591966999854 2.255924940109253 3.604097366333008
1.3553946018218994 2.0060012704506542 2.436420202255249 4.300054550170898
5.247703552246094 6.511055293068409 1.7469717264175415 1.805031180381775
4.239650726318359 7.555398500179251 2.0985145568847656 2.818251371383667
3.8520185947418213 6.039343161304373 2.4752466678619385 4.073204517364502
3.4363818168640137 5.84263592345178 2.6861166954040527 4.919421672821045
4.722155570983887 5.488737430801507 1.907302737236023 1.9447110891342163
3.514904499053955 5.452034626510795 2.22873854637146 2.953855037689209
2.9885385036468506 5.656881211774362 2.5416617393493652 4.110607624053955
2.6406188011169434 4.751625714681495 2.700265407562256 4.843086242675781
5.534145832061768 6.6669791486256145 2.0101585388183594 2.0639026165008545
4.882696628570557 8.05497008149763 2.4016690254211426 3.254432201385498
3.7140064239501953 6.609195275296102 2.7914586067199707 4.680077075958252
2.5148704051971436 4.026396947990406 2.9883663654327393 5.599051475524902
6.50700569152832 7.988245485893515 2.167893171310425 2.2396621704101562
5.846061706542969 8.582121703812838 2.6583361625671387 3.700730800628662
4.087289810180664 7.3890856628969654 3.1531097888946533 5.5132222175598145
3.789226531982422 5.246228715823094 3.4005637168884277 6.691693305969238
5.030182838439941 5.922072906488532 2.467961311340332 2.4283254146575928
4.0351128578186035 5.935181976203239 2.773799419403076 3.6918232440948486
2.531168222427368 4.966924255486788 3.04111909866333 5.056906223297119
1.9729422330856323 3.767150308909777 3.1617836952209473 5.883496284484863
5.993504524230957 7.205100935943392 2.5926668643951416 2.589817762374878
3.907970666885376 5.949752119623639 3.013028860092163 4.150360584259033
3.5579190254211426 6.530789020413607 3.3934242725372314 5.918970584869385
3.185375690460205 4.824378211614544 3.564113140106201 7.000380039215088
7.125992774963379 8.747593494239823 2.7937657833099365 2.8308072090148926
5.777601718902588 9.564067030796991 3.381577491760254 4.843802452087402
4.465724468231201 7.842507461529522 3.9171698093414307 7.201234340667725
3.827086925506592 6.8088476833376035 4.1534647941589355 8.63978385925293
3.5063841342926025 4.045664682512111 2.568113327026367 2.779242753982544
3.742414712905884 5.654485276354762 3.52461314201355 4.757991790771484
3.1966845989227295 5.708306648018549 3.5386335849761963 6.000064373016357
2.2207894325256348 4.158501606100202 3.574618339538574 6.818193435668945
4.948210716247559 5.277269663577499 2.7486941814422607 3.0150840282440186
3.0555570125579834 5.602637392377602 3.8464648723602295 5.415884971618652
3.359041929244995 4.703351599238928 3.994457244873047 7.170197486877441
1.7202228307724 2.19741257462681 4.0806884765625 8.282331466674805
6.164543151855469 6.471451187402863 3.0327446460723877 3.370256185531616
3.9757471084594727 6.170434516986546 4.358307838439941 6.43897008895874
5.003732204437256 7.927848894750639 4.678897380828857 8.927658081054688
3.5073423385620117 5.568807985508329 4.831047058105469 10.442935943603516
3.8454084396362305 4.3203578209617035 1.7117042541503906 1.7756448984146118
3.8358213901519775 5.992903317040941 1.986122488975525 2.5928146839141846
3.1871771812438965 5.0996944956340755 2.217349052429199 3.4553849697113037
2.42108416557312 4.80349850523055 2.328953981399536 4.016928195953369
4.5494890213012695 5.464943228439999 1.7958391904830933 1.8675304651260376
4.2143096923828125 6.91387389258972 2.1145613193511963 2.8090903759002686
3.034236431121826 5.92849224935668 2.3869497776031494 3.823759078979492
2.079214096069336 3.4905817209677448 2.515812873840332 4.481800079345703
5.296310901641846 6.460246390618153 1.9186981916427612 1.9990979433059692
4.520264148712158 7.705952607782629 2.2955424785614014 3.108342409133911
3.6515884399414062 7.268393665410144 2.6201703548431396 4.329733371734619
3.2024636268615723 6.37864130723867 2.769835948944092 5.117225646972656
4.720265865325928 5.344705173317152 2.1982805728912354 2.2882277965545654
3.893251657485962 6.972243670675759 2.528942108154297 3.372783899307251
2.642848491668701 5.036820473498089 2.752509355545044 4.4618916511535645
2.405033826828003 5.244486433091851 2.8297269344329834 5.134339809417725
5.490578651428223 6.532820620221522 2.309781551361084 2.4149084091186523
4.307657718658447 7.28283100515722 2.7311205863952637 3.7399280071258545
3.488748550415039 6.038522496983887 3.0320794582366943 5.111178398132324
3.362344741821289 5.713203621773232 3.136192560195923 5.947993278503418
6.437755107879639 7.864104058782232 2.4850339889526367 2.608692169189453
4.855075836181641 7.830152410600455 3.0289621353149414 4.270659923553467
4.234248638153076 7.031042198003771 3.4291582107543945 6.036072731018066
3.470271110534668 6.497996452784037 3.566077470779419 7.099933624267578
5.072537899017334 5.796807522616177 2.833409070968628 2.9603490829467773
3.8375604152679443 6.5424677370743325 3.229313373565674 4.420351505279541
2.729434013366699 5.033450324662795 3.3667054176330566 5.651793479919434
2.850923538208008 5.159235630318278 3.3620619773864746 6.355225563049316
5.973813533782959 7.087017543773754 2.985869884490967 3.1403322219848633
4.565296649932861 7.069329812869228 3.525891065597534 4.991586208343506
3.4442577362060547 5.9173332408786905 3.773716688156128 6.6453857421875
3.571409225463867 6.758205738429979 3.801471710205078 7.575797080993652
7.050612449645996 8.669564108463248 3.2295613288879395 3.420630931854248
5.395593643188477 8.548445239834521 3.9715957641601562 5.836755752563477
4.879058837890625 7.4964020997749685 4.363822937011719 8.090716361999512
2.592641592025757 3.5662091883939295 4.429724216461182 9.339564323425293
4.518761157989502 4.9912358274530675 3.0381088256835938 3.4133176803588867
2.875495433807373 4.611360010768408 3.960336446762085 5.617291450500488
3.5847456455230713 6.229235916818197 3.96075177192688 6.844724178314209
2.28082537651062 4.388063673785609 3.8388431072235107 7.467930793762207
5.233425617218018 5.722999650153936 3.2503433227539062 3.689099073410034
4.16308069229126 6.709387566011628 4.372842788696289 6.461562156677246
3.168198347091675 5.660623849830301 4.493138313293457 8.182722091674805
2.430673837661743 3.3686726653874217 4.401165008544922 9.070999145507812
4.720530986785889 5.512946013185058 3.5789902210235596 4.103537082672119
4.949105739593506 7.9131782090911145 4.992076396942139 7.697394371032715
4.680915832519531 6.896722750443484 5.2700700759887695 10.139017105102539
3.5676345825195312 4.6541649351099075 5.211712837219238 11.405380249023438
4.2460618019104 4.734796172333702 1.6881741285324097 1.7307792901992798
3.446516275405884 5.250623856954007 1.9695583581924438 2.5202531814575195
2.8147387504577637 4.780722692207746 2.2661166191101074 3.3969788551330566
2.7482845783233643 4.169283267900557 2.428609848022461 3.995771646499634
4.876923561096191 5.734991824075738 1.777260184288025 1.8256677389144897
4.039776802062988 6.017470143411092 2.1008498668670654 2.722831964492798
3.704145908355713 7.00537510644962 2.4456911087036133 3.7617180347442627
2.431697368621826 4.1291830692975395 2.634141683578491 4.48204231262207
5.618896484375 6.838537624712558 1.9081058502197266 1.96450674533844
4.607547283172607 7.042889599617355 2.289492130279541 3.0162312984466553
4.1260151863098145 6.673788704692653 2.6998074054718018 4.277718544006348
3.25307035446167 7.007952705194441 2.9229135513305664 5.159956455230713
5.245197296142578 5.899523924738844 2.089435577392578 2.1305618286132812
4.905416488647461 7.554154305937914 2.4468929767608643 3.1727559566497803
3.8937788009643555 7.004158566303886 2.793766498565674 4.339906215667725
2.0515024662017822 3.356959118658608 2.960212469100952 5.110240459442139
5.979559421539307 7.010588740643925 2.213351249694824 2.2634899616241455
4.785876750946045 7.126417075243161 2.649517059326172 3.5035908222198486
3.7317962646484375 7.392717708032933 3.0828182697296143 4.959830284118652
3.6585640907287598 6.234770360220409 3.2925453186035156 5.938719749450684
6.952162265777588 8.383876874347607 2.4065892696380615 2.4714460372924805
6.3494977951049805 8.624894581814885 2.9565625190734863 4.008625507354736
3.7540249824523926 6.252903580022789 3.510923147201538 5.882998943328857
4.629848480224609 7.904090960979829 3.778486490249634 7.153002738952637
5.551514625549316 6.290901484492224 2.65159273147583 2.7050974369049072
5.2001190185546875 7.519014118053704 3.0589475631713867 4.030458927154541
2.970503807067871 4.952601624638277 3.386523723602295 5.441441059112549
2.6369194984436035 4.656460590515877 3.5098214149475098 6.31066370010376
6.6048994064331055 7.686942441179781 2.813051462173462 2.874946117401123
5.058322429656982 7.487796967331661 3.3503904342651367 4.535914897918701
4.9757280349731445 6.956229153254753 3.8003602027893066 6.374514579772949
4.226279258728027 7.402276063358637 3.9794702529907227 7.528875350952148
7.837874412536621 9.41148862973725 3.07474422454834 3.1574392318725586
5.35260534286499 8.79189553757324 3.8060262203216553 5.330184459686279
4.755840301513672 7.555423834833958 4.43388557434082 7.8053998947143555
4.680078029632568 6.8953513731539715 4.687835216522217 9.373458862304688
3.816164016723633 4.163013217482975 2.761920928955078 3.037236452102661
3.4668619632720947 5.089338460094041 3.831223487854004 5.27889347076416
3.106159210205078 5.678344472387835 3.9753897190093994 6.590678691864014
1.8776835203170776 2.6343570741696567 3.9979491233825684 7.417136192321777
5.376335144042969 5.714524286527308 2.9661285877227783 3.268808603286743
5.182557106018066 7.37036344264061 4.241609573364258 6.035586357116699
4.000694274902344 6.964913916873808 4.5153021812438965 7.863493919372559
3.338454484939575 6.725049431569914 4.59264612197876 9.002989768981934
6.694956302642822 7.2906233430850875 3.287463903427124 3.6481730937957764
5.9343695640563965 8.503089563382218 4.887552738189697 7.242590427398682
4.654953956604004 6.97606413915355 5.354141712188721 9.824973106384277
3.755635976791382 6.380738076987961 5.506381034851074 11.439766883850098
3.8952198028564453 4.535839693704162 1.6632269620895386 1.7141458988189697
3.9357314109802246 7.095064084625477 1.9587172269821167 2.535505533218384
2.5741400718688965 4.218426411019519 2.2422189712524414 3.462968587875366
3.009122133255005 5.4056824528975085 2.4021387100219727 4.105764865875244
4.488656997680664 5.462570122155057 1.7459897994995117 1.8039557933807373
3.909935712814331 7.173489263896954 2.077017068862915 2.738933801651001
3.7615044116973877 6.2494154303363985 2.401620388031006 3.8284151554107666
2.103133201599121 3.012077921189281 2.5861430168151855 4.5955681800842285
5.18583345413208 6.543825373306845 1.8634041547775269 1.928762674331665
4.453125 6.163157533674585 2.245582342147827 3.0163135528564453
4.021148681640625 6.303990311270354 2.627594470977783 4.325334072113037
3.0500645637512207 5.811847407214341 2.8447721004486084 5.259577751159668
4.779451370239258 5.6008499425363425 2.0706381797790527 2.127192258834839
4.065293788909912 7.30056535871504 2.4475159645080566 3.2127814292907715
3.4713518619537354 6.7264936779196205 2.779207944869995 4.44539737701416
2.7265055179595947 4.6243763016667385 2.944188356399536 5.282806873321533
5.495904445648193 6.679918635369404 2.17944073677063 2.249847412109375
4.0631303787231445 7.453062479254044 2.6270759105682373 3.5456035137176514
3.837841272354126 4.994345237971174 3.0374679565429688 5.075068950653076
2.809870481491089 5.684686741528822 3.2464303970336914 6.128509044647217
6.428343296051025 8.110692664169832 2.341545343399048 2.4270055294036865
5.4405412673950195 8.892177502686536 2.8916473388671875 4.0147385597229
4.931868076324463 7.490126353581779 3.413003444671631 5.958152770996094
3.862799644470215 6.698253182699631 3.680454969406128 7.310349941253662
5.094161033630371 6.021696021704884 2.697779417037964 2.7499217987060547
3.9952287673950195 6.571754929052961 3.1294872760772705 4.148557662963867
2.8150649070739746 5.009916398984615 3.4304492473602295 5.634475231170654
3.001479387283325 6.104171869405823 3.5456809997558594 6.60356330871582
6.021286487579346 7.289762418824068 2.824214220046997 2.8994719982147217
4.998924255371094 8.392693147246973 3.3788652420043945 4.6474995613098145
3.1145498752593994 6.261257338216808 3.7992191314697266 6.589990139007568
2.3558945655822754 4.613490545665286 3.97652530670166 7.866153240203857
7.154030799865723 9.025882653054168 3.0230791568756104 3.1244568824768066
5.818021297454834 8.367326741832613 3.7561233043670654 5.369947910308838
5.225746154785156 9.33397543717345 4.347142219543457 7.953887939453125
2.860830545425415 5.873531953800011 4.60738468170166 9.65883731842041
3.0318620204925537 3.446231390294571 2.8993473052978516 3.146925210952759
3.15122652053833 5.266564009087972 4.0522942543029785 5.657704830169678
1.9663478136062622 3.4501733633560434 4.161341667175293 6.990222930908203
2.0309205055236816 4.1445050743231775 4.133948802947998 7.899092674255371
4.333696365356445 4.769183149914625 3.083003044128418 3.378141403198242
4.234639644622803 7.331547370722262 4.4144287109375 6.375781536102295
3.8318228721618652 6.820524335468576 4.644238471984863 8.287732124328613
3.0369834899902344 6.017837884642045 4.683874607086182 9.570157051086426
5.12964391708374 5.876368948676827 3.361193895339966 3.7191684246063232
4.681357383728027 7.892636457709159 4.953566551208496 7.463251113891602
4.9354567527771 8.482917050865478 5.366614818572998 10.158540725708008
2.6745407581329346 4.419630771561913 5.497726917266846 11.951672554016113
4.084110260009766 5.195164636507457 1.55584716796875 1.6308265924453735
3.874239444732666 6.766254234356045 1.9231486320495605 2.6666131019592285
2.9595396518707275 5.205897345225537 2.2483150959014893 3.678868293762207
2.7169508934020996 4.913846761586871 2.4089624881744385 4.283316135406494
4.574224472045898 5.843244569935678 1.634139895439148 1.7152234315872192
3.925105571746826 7.076840658295846 2.0404419898986816 2.877934455871582
3.3719558715820312 6.211654533374542 2.4104013442993164 4.06441068649292
2.6069462299346924 5.105706821428063 2.5940003395080566 4.785369396209717
5.2729363441467285 6.8190538740827265 1.7466156482696533 1.8360244035720825
4.772904396057129 7.728205427047655 2.2063119411468506 3.1714296340942383
3.9832000732421875 7.226911019489414 2.636082172393799 4.592809200286865
3.1248912811279297 5.698826153683228 2.8493857383728027 5.471837997436523
4.973099708557129 6.122150569770838 1.8023134469985962 1.8959325551986694
3.6057918071746826 5.7269970931710645 2.3002431392669678 3.2967031002044678
2.887437105178833 5.11445966100564 2.719372034072876 4.648487567901611
2.213249444961548 4.368026021619329 2.900461196899414 5.424686431884766
5.6610517501831055 7.01021714438491 1.9123289585113525 2.0155417919158936
4.471282482147217 7.220648003200502 2.478252410888672 3.6338415145874023
3.5877041816711426 6.2003897705745885 2.978567123413086 5.29550838470459
3.24044132232666 4.760871117314764 3.1991026401519775 6.272857189178467
6.453123092651367 8.202754894712626 2.0758752822875977 2.192924976348877
5.337219715118408 9.436291049590636 2.7378292083740234 4.119354724884033
3.449169874191284 6.551813849043036 3.3485984802246094 6.21347713470459
3.1172962188720703 6.082917022470156 3.6217987537384033 7.4725871086120605
5.295817852020264 6.475405022916675 2.1360666751861572 2.2554640769958496
3.3214476108551025 5.395600533842071 2.749741554260254 4.058694839477539
2.7902991771698 4.536797333224618 3.222510576248169 5.7077765464782715
2.4115116596221924 3.757812150335397 3.397291898727417 6.611076831817627
6.126684665679932 7.573253166040132 2.2716517448425293 2.405825614929199
4.872650146484375 7.948666642271519 2.9897875785827637 4.538702964782715
2.7626287937164307 4.542306665830381 3.5848283767700195 6.651719093322754
2.9968080520629883 4.535307150420749 3.815375566482544 7.8402252197265625
7.1168999671936035 9.182823531452868 2.4793381690979004 2.6342573165893555
5.6427226066589355 8.908046480042287 3.3482730388641357 5.246140956878662
5.223510265350342 8.04297385573318 4.111227035522461 8.015384674072266
3.620975971221924 6.249614353900128 4.416769027709961 9.608025550842285
4.4586615562438965 5.196155492575144 2.5577926635742188 2.9584763050079346
4.524542808532715 7.439753948437442 3.307236433029175 4.9635725021362305
2.2260184288024902 3.10384217224248 3.6868555545806885 6.698423385620117
2.368013858795166 4.195886624808736 3.8230745792388916 7.647858619689941
5.377007484436035 5.8120724585569405 2.732619524002075 3.1899523735046387
4.804905891418457 7.674541659964234 3.6137568950653076 5.6346001625061035
3.502393960952759 6.57790663470314 4.143311977386475 7.930026054382324
1.4867448806762695 2.5219792088582835 4.345912456512451 9.221196174621582
6.026639938354492 6.825565057604763 3.005932092666626 3.537648916244507
5.16611385345459 8.558581984109878 4.073565483093262 6.608353614807129
4.690639019012451 8.730961256970462 4.81292200088501 9.7203369140625
3.551675796508789 5.903838402010166 5.104123592376709 11.497118949890137
3.772559881210327 4.6869550461718745 1.663467526435852 1.7205476760864258
3.3477988243103027 6.004943735242222 1.9542800188064575 2.587693691253662
2.873035192489624 4.8305232069449175 2.222560405731201 3.5134828090667725
1.8508727550506592 3.9424950121522215 2.3690290451049805 4.146634101867676
4.582594871520996 5.8168941682178 1.7473506927490234 1.8107982873916626
4.306268692016602 6.707417847541052 2.078704833984375 2.788975238800049
3.6739721298217773 6.57273541612418 2.3907723426818848 3.863044261932373
1.8298190832138062 4.137092878503687 2.5614821910858154 4.6025004386901855
5.504565715789795 7.022953229683026 1.8693532943725586 1.9413551092147827
4.780429840087891 8.025851897160464 2.2557735443115234 3.0772769451141357
4.314404487609863 7.393935179437976 2.62441086769104 4.357662200927734
3.7234132289886475 6.559498974807532 2.8245625495910645 5.2417893409729
4.604161262512207 5.7354584762435366 2.102733612060547 2.1690707206726074
2.990880250930786 4.924311034013272 2.464071035385132 3.3199658393859863
3.334869146347046 6.727104592706155 2.7622203826904297 4.5304975509643555
1.3176791667938232 2.4555835867937503 2.9037749767303467 5.3320136070251465
5.523107528686523 6.9109708482665795 2.2199952602386475 2.2985310554504395
4.873258590698242 7.443149595789691 2.662529230117798 3.6622848510742188
3.2222981452941895 6.061917096228171 3.041250705718994 5.152338981628418
2.988344669342041 6.008733049076909 3.2227087020874023 6.1456804275512695
6.644620895385742 8.47736137261927 2.401376962661743 2.4966511726379395
5.3472089767456055 7.961113644628028 2.9572999477386475 4.1710615158081055
4.093469619750977 7.382399825559787 3.44252347946167 6.058357238769531
3.1576988697052 5.203378136053175 3.6726126670837402 7.316111087799072
4.885412693023682 6.0907473853294505 2.7034173011779785 2.8052797317504883
4.16664981842041 7.2350869046258595 3.1122055053710938 4.289407730102539
1.9159578084945679 3.1621740650643915 3.374309778213501 5.7209320068359375
2.571873903274536 5.003713437109397 3.4686872959136963 6.618551254272461
6.020773410797119 7.503868075031278 2.8560054302215576 2.9726645946502686
3.3911290168762207 5.935642742187838 3.408295154571533 4.82626485824585
2.82616925239563 5.375487314999924 3.786224365234375 6.6806111335754395
3.0701072216033936 5.154271154643311 3.9307329654693604 7.851403713226318
7.273693084716797 9.250963737851635 3.105189085006714 3.2485177516937256
5.55031681060791 7.3032128439859605 3.859102249145508 5.641235828399658
4.4081315994262695 8.107539720016925 4.392568111419678 8.10522174835205
4.011919975280762 6.706950368615995 4.597907066345215 9.654783248901367
3.731358528137207 4.455930302621951 2.939647674560547 3.2449262142181396
3.636080265045166 5.9338445482203355 3.8747541904449463 5.523069381713867
3.1012401580810547 5.714336937981102 3.9597606658935547 6.918018341064453
0.8251199722290039 1.606950501268269 3.9694809913635254 7.788787841796875
5.405418395996094 6.058263692262926 3.1588540077209473 3.5126209259033203
4.886458396911621 8.020382601965537 4.263294219970703 6.318602085113525
3.268336057662964 6.436376714023936 4.509377956390381 8.226823806762695
2.5207161903381348 5.016680289718465 4.565362453460693 9.418135643005371
5.126794815063477 5.920089800069036 3.4960126876831055 3.9274508953094482
5.271174430847168 7.424990572606021 4.878998279571533 7.526479721069336
4.080047607421875 6.6230379400348625 5.322361469268799 10.181429862976074
3.3428595066070557 5.643220444666495 5.436086654663086 11.817112922668457
4.376168727874756 5.016754406354721 1.5539268255233765 1.604910135269165
3.524005889892578 5.106302546617856 1.8003582954406738 2.3161048889160156
3.4024853706359863 5.628721534494389 2.0372161865234375 3.1206698417663574
2.9212002754211426 5.500869481491355 2.1697840690612793 3.6837880611419678
4.744400501251221 5.682765823199425 1.6302906274795532 1.6836826801300049
4.572620868682861 7.768898247970668 1.906908631324768 2.4772932529449463
3.7225522994995117 6.584499739290777 2.177417516708374 3.4051456451416016
3.286689519882202 6.078279535609219 2.3286867141723633 4.065542221069336
5.314067840576172 6.5166866178002465 1.738970160484314 1.7973129749298096
5.194175720214844 7.962363847531298 2.057142496109009 2.708467483520508
4.6563310623168945 8.842247334602643 2.3735387325286865 3.809291124343872
4.187992095947266 7.423016355841355 2.549307107925415 4.602006435394287
5.408322334289551 6.229397694927343 1.8790732622146606 1.9522926807403564
4.959577560424805 8.26514506952708 2.167393207550049 2.8315188884735107
3.0008585453033447 4.9385389597976435 2.4230613708496094 3.8304500579833984
3.364309549331665 6.023123759392547 2.5485353469848633 4.516855716705322
5.8651347160339355 6.976325360099054 1.988725185394287 2.0618813037872314
4.980185031890869 8.164764785203658 2.3311805725097656 3.0906803607940674
3.9678609371185303 7.166995402459822 2.645890951156616 4.308864116668701
3.143664598464966 5.5267231521327105 2.8018605709075928 5.158326148986816
6.596157550811768 8.082882293796501 2.147371530532837 2.2267634868621826
5.6045637130737305 9.995299967378742 2.5677073001861572 3.4755146503448486
4.772029399871826 8.369362290033234 2.967130184173584 5.0127692222595215
4.47841739654541 7.033634165806802 3.1661219596862793 6.094913005828857
5.733451843261719 6.695735241513489 2.3581337928771973 2.4815473556518555
5.263818740844727 8.804871271963588 2.6433568000793457 3.520730495452881
4.177788257598877 6.843554005515671 2.859015464782715 4.642764568328857
3.396214723587036 6.366216370210594 2.9392240047454834 5.38845157623291
6.538578510284424 7.764248341919748 2.490201234817505 2.6235604286193848
4.749114990234375 8.079792885894278 2.870399236679077 3.8991124629974365
4.428011894226074 8.004555261549964 3.173041343688965 5.346492290496826
3.740696907043457 6.342489156401598 3.2922093868255615 6.317397117614746
7.511889457702637 9.176061353297769 2.693467140197754 2.8381147384643555
5.59309196472168 8.99676789006486 3.206756114959717 4.473740577697754
5.362401485443115 9.26524033220096 3.6355783939361572 6.4059953689575195
5.02781343460083 8.256404077435434 3.812561511993408 7.705283164978027
4.090118885040283 4.51225079539654 2.4312984943389893 2.7532958984375
4.629177570343018 7.01566425338217 3.5065314769744873 4.91870641708374
3.801243782043457 6.337307363431307 3.3121724128723145 5.503991603851318
1.3812336921691895 2.1766202731958693 3.290754795074463 6.176453590393066
5.517938137054443 6.186685486181375 2.6063337326049805 2.947491407394409
4.776456832885742 7.7596459534200335 3.8089091777801514 5.473852634429932
3.2747154235839844 5.851910811960806 3.714244842529297 6.439975738525391
3.3325297832489014 5.260798890946376 3.7330470085144043 7.371357440948486
6.027371406555176 6.716517187056269 2.868122100830078 3.2441580295562744
5.032650470733643 7.9984675570573245 4.2530317306518555 6.319107532501221
4.649975776672363 7.7765116861327215 4.3166704177856445 7.865386486053467
3.648832321166992 6.708585589962183 4.394622325897217 9.180201530456543
4.297458648681641 5.174574574665712 1.497172236442566 1.5517005920410156
3.1800220012664795 5.092625743744236 1.7731196880340576 2.327664852142334
2.909635066986084 5.362217197112853 2.0365383625030518 3.1737918853759766
3.2603580951690674 6.3944673363436095 2.1909730434417725 3.7588467597961426
4.741769790649414 5.750150117073417 1.5690147876739502 1.6267937421798706
3.7412519454956055 6.591708858794448 1.8746775388717651 2.48540997505188
3.878345012664795 6.489750716001026 2.171685218811035 3.4556291103363037
2.603078603744507 4.5293325470374 2.345461845397949 4.1375555992126465
5.4199981689453125 6.62897863366743 1.6717910766601562 1.7337983846664429
4.746729850769043 6.80261663557695 2.018338441848755 2.7049601078033447
3.2099132537841797 5.8274950940390084 2.360861301422119 3.8457751274108887
3.587425708770752 6.0111511857116255 2.560162305831909 4.658586502075195
5.285346984863281 6.304112399516271 1.7205959558486938 1.786313533782959
4.611067295074463 7.446340337014362 2.0557467937469482 2.748788595199585
3.4086787700653076 5.224049868277689 2.3624799251556396 3.8059611320495605
3.159750461578369 6.378248626360801 2.5324361324310303 4.535399436950684
5.844040393829346 6.986716660426282 1.8221073150634766 1.893305778503418
5.124711513519287 8.149124927524852 2.207637071609497 2.996535539627075
4.172680377960205 6.881090858218869 2.571568727493286 4.268579483032227
3.4802753925323486 5.892054001626732 2.7730329036712646 5.16007661819458
6.6714067459106445 8.12584611104694 1.9717004299163818 2.050137996673584
5.674398899078369 8.864675216012643 2.429548740386963 3.3534939289093018
4.075854301452637 7.317122990592452 2.874021291732788 4.933350563049316
3.8968560695648193 6.471594073914845 3.1187777519226074 6.0533552169799805
5.634372711181641 6.734044252437371 2.0490429401397705 2.1145472526550293
4.5089569091796875 7.676325232401268 2.394477367401123 3.25030779838562
3.834717035293579 6.618893368074708 2.6937673091888428 4.458946704864502
2.288362741470337 4.602564942912357 2.8542401790618896 5.288938522338867
6.451807975769043 7.669171629782795 2.1680665016174316 2.247678518295288
4.545831680297852 8.195954432129383 2.5947189331054688 3.5928943157196045
3.685448169708252 7.212104309129561 2.9769628047943115 5.1147541999816895
2.9378740787506104 4.793663126155245 3.1796319484710693 6.169854164123535
7.579063892364502 9.236475064229637 2.3548824787139893 2.448617935180664
5.93531608581543 9.68539258217902 2.896446943283081 4.101428985595703
4.554415702819824 8.01058588688467 3.3966896533966064 6.082082271575928
3.765259027481079 6.295860383993535 3.6592745780944824 7.463016986846924
3.7441422939300537 4.380214834533774 2.2850089073181152 2.632340431213379
4.37512731552124 7.406602068002371 2.9643144607543945 4.114691257476807
3.3414738178253174 6.528306118286764 2.9990434646606445 5.06583309173584
2.2743258476257324 4.679303255003191 3.117964267730713 5.917178153991699
4.212586879730225 4.847496332727957 2.450496196746826 2.822519540786743
4.671117782592773 8.13491192092097 3.198235034942627 4.558982849121094
4.023895740509033 6.0661655858014 3.3469107151031494 5.8969340324401855
3.4420711994171143 5.244578403199042 3.5133681297302246 7.01729679107666
5.980262756347656 7.083130628406623 2.7003121376037598 3.1088268756866455
4.405543804168701 7.727788423349352 3.559879779815674 5.2163801193237305
4.496779918670654 7.046509321902062 3.8692548274993896 7.14202880859375
3.770998239517212 6.638205796312818 4.105321884155273 8.656682968139648
4.271854877471924 4.8175178222668364 1.603646993637085 1.6529370546340942
4.406688213348389 7.056328453885271 1.8833774328231812 2.4616076946258545
2.520781993865967 4.772423928301123 2.167512893676758 3.3780391216278076
1.9294999837875366 3.536035149675058 2.327233076095581 3.9963901042938232
4.616077423095703 5.487935059323604 1.6822184324264526 1.7332571744918823
4.32069206237793 5.592462567209658 2.0001943111419678 2.6392247676849365
3.243347406387329 5.934991379905341 2.32677960395813 3.6971824169158936
1.8711507320404053 3.86480580634119 2.511341094970703 4.420047760009766
5.169276237487793 6.435404213799313 1.7945796251296997 1.8506191968917847
4.97890043258667 8.063543855303806 2.1636219024658203 2.8955893516540527
3.929168462753296 7.022797534594758 2.545795202255249 4.149806499481201
3.57403826713562 6.035391264397958 2.761268377304077 5.013854026794434
5.2022271156311035 5.936914713015085 1.9637210369110107 2.0223472118377686
4.824788570404053 7.545308511801977 2.3134045600891113 3.0828983783721924
2.545825481414795 5.0096348530212085 2.6446051597595215 4.280093193054199
2.843122720718384 4.539784943904351 2.812974691390991 5.070313930511475
5.673971176147461 6.744059570808339 2.072272300720215 2.1344823837280273
5.005930423736572 7.385842465975884 2.4925761222839355 3.3733904361724854
3.996051073074341 7.497299192765638 2.898730993270874 4.827880382537842
2.7182581424713135 4.8876594673275235 3.1082661151885986 5.8029913902282715
6.360913276672363 8.028327066349448 2.235750675201416 2.306467056274414
5.143600940704346 8.83859690161762 2.7532076835632324 3.8070437908172607
4.057115077972412 6.789432510089611 3.2596590518951416 5.62860107421875
4.060177803039551 7.183623803517094 3.521651268005371 6.858179569244385
5.326010704040527 6.155919671425636 2.5043015480041504 2.531036615371704
4.144158840179443 6.920643608383898 2.8597209453582764 3.880232572555542
2.535050392150879 4.87614986471057 3.172940969467163 5.306525707244873
3.1448848247528076 5.791479821928078 3.31679368019104 6.214128017425537
6.241039276123047 7.34926311745221 2.629512310028076 2.681511640548706
5.208695888519287 7.422480738176091 3.107020616531372 4.318046569824219
3.6205406188964844 6.169534365346635 3.5328540802001953 6.127504825592041
2.983961582183838 4.973861815028727 3.7324278354644775 7.302398204803467
7.234598159790039 8.880475991556978 2.837836980819702 2.9156086444854736
5.8900017738342285 9.62306126692772 3.480926036834717 4.9783244132995605
4.291734218597412 6.283212071673699 4.055517673492432 7.347907543182373
2.6209335327148438 5.046286366293025 4.326296806335449 8.895376205444336
4.625187397003174 4.991682189078233 2.5800750255584717 2.8043031692504883
4.086421966552734 6.3285579399929475 3.563122272491455 4.9778618812561035
2.947206735610962 5.20105504258845 3.6781046390533447 6.316985607147217
2.265753746032715 4.007429254980764 3.759340763092041 7.238271713256836
4.8899736404418945 5.09617986103666 2.7476284503936768 3.0061514377593994
4.739946365356445 7.331839729892408 3.872715950012207 5.582067966461182
4.116947650909424 6.564854639593818 4.139106750488281 7.416215419769287
2.318880796432495 5.241903176717592 4.2838945388793945 8.662408828735352
6.682362079620361 7.750708042354745 3.0100631713867188 3.320234537124634
4.727721691131592 7.264920994162139 4.360036373138428 6.514045715332031
3.5081021785736084 5.363435134021614 4.817754745483398 9.058274269104004
3.939640760421753 6.211193467010389 5.0414347648620605 10.762123107910156
3.932563066482544 4.6695594787064465 1.5482451915740967 1.6004160642623901
3.403393030166626 6.21922146566898 1.798171877861023 2.3559443950653076
2.240064859390259 4.496236616638299 2.058624505996704 3.2387969493865967
2.425326347351074 4.689663675863301 2.2173287868499756 3.8444716930389404
4.503527641296387 5.51610462386634 1.6264828443527222 1.6836832761764526
3.594785690307617 6.69592079872146 1.904691219329834 2.5241308212280273
3.3462908267974854 6.1202982633832335 2.197812557220459 3.5240638256073
2.956005573272705 5.330619646900573 2.377016067504883 4.216756343841553
5.19572114944458 6.387654509457889 1.7395222187042236 1.8023089170455933
4.823596477508545 8.273704774913085 2.058485507965088 2.762270450592041
3.1204941272735596 6.868466262907496 2.3963863849639893 3.9273619651794434
3.1319544315338135 5.69313334246047 2.601624011993408 4.7431721687316895
4.809919834136963 5.70721579015019 1.8186756372451782 1.8802943229675293
3.161268472671509 5.332544933926442 2.0942273139953613 2.8058559894561768
2.9213714599609375 5.712738715516792 2.4064857959747314 3.937821865081787
2.1530823707580566 3.477010538409506 2.594214916229248 4.708940029144287
5.572354793548584 6.673844278524371 1.9288909435272217 2.0001378059387207
3.9287266731262207 6.290521810486439 2.2556705474853516 3.0730130672454834
3.002739906311035 5.685383568574082 2.6234140396118164 4.4108734130859375
2.7514710426330566 4.905101930583896 2.8455936908721924 5.335130214691162
6.433235168457031 7.797814793079624 2.0934345722198486 2.175471782684326
5.253575325012207 8.967480277865079 2.4960482120513916 3.4639384746551514
3.5739169120788574 5.8599358600213005 2.9435513019561768 5.1025543212890625
3.960498571395874 5.693079080093412 3.2098968029022217 6.2486677169799805
5.060128211975098 6.059794048746198 2.211111545562744 2.269331932067871
4.030722618103027 6.705999184227949 2.4023399353027344 3.2891862392425537
2.6575303077697754 5.214897673966915 2.7448108196258545 4.642347812652588
3.0647733211517334 5.603892756985715 2.9501514434814453 5.55197286605835
5.991511821746826 7.147708723072071 2.344205617904663 2.4180500507354736
4.419926166534424 8.266791180027496 2.6181931495666504 3.6596455574035645
4.165869235992432 7.3926308838634895 3.0374107360839844 5.31432580947876
2.7984507083892822 5.6203769313679 3.2910501956939697 6.444880485534668
7.1049370765686035 8.697167947642914 2.5495736598968506 2.64176344871521
5.832215785980225 8.797122355591227 2.9484641551971436 4.219148635864258
4.1162638664245605 6.890475164670079 3.4834375381469727 6.3240556716918945
3.6076033115386963 7.021335642076208 3.799278497695923 7.778597831726074
3.1744790077209473 3.4181442032243012 2.5022354125976562 2.798527717590332
4.319884777069092 7.3376971102804305 2.7651610374450684 3.9090383052825928
2.4743740558624268 4.780140909859483 3.0406200885772705 5.262056350708008
1.5086034536361694 3.0084996685364445 3.2416162490844727 6.251471519470215
4.709506988525391 4.8375566540121895 2.6713497638702393 3.0049171447753906
4.198653697967529 6.7851256160826665 3.0276541709899902 4.351273059844971
3.7599987983703613 6.929093655626957 3.393404960632324 6.109708786010742
3.5400795936584473 5.642245130911718 3.6541037559509277 7.373697757720947
5.498658657073975 6.138970401825901 2.9291036128997803 3.3163089752197266
5.253293991088867 8.670089743559629 3.437934637069702 5.053459644317627
3.913820505142212 5.255442034614049 3.9461236000061035 7.408100128173828
2.4858808517456055 3.400657401765308 4.283523082733154 9.076639175415039
4.734442234039307 5.157996333628276 1.7987838983535767 1.8549398183822632
4.177618980407715 6.335051489674896 2.0703930854797363 2.6664271354675293
3.397282838821411 4.971179370713372 2.3424177169799805 3.5894031524658203
2.2806396484375 2.8482501667939673 2.4945545196533203 4.214077949523926
5.057389259338379 5.752609366416266 1.8859314918518066 1.9465914964675903
4.665399551391602 7.253998668707007 2.199528932571411 2.8736016750335693
3.9029741287231445 6.826072655369444 2.517429828643799 3.9613900184631348
2.7212419509887695 4.558969031470326 2.694471836090088 4.7094268798828125
5.422717571258545 6.452258736764065 2.0080957412719727 2.074305534362793
4.944879055023193 6.583802657817682 2.37798810005188 3.1560616493225098
4.670788764953613 7.437264469956972 2.7548391819000244 4.457472801208496
3.7739920616149902 5.918905208449658 2.96242094039917 5.362224578857422
5.600309371948242 6.1392401069936735 2.326669454574585 2.4050252437591553
4.309939861297607 6.492592698955207 2.6727092266082764 3.507455587387085
2.9309277534484863 4.891110951155383 2.971003293991089 4.727170944213867
2.667184352874756 4.493619645895933 3.11482310295105 5.529211521148682
5.969353199005127 6.763437183682948 2.4455692768096924 2.5346879959106445
4.673794269561768 6.562272602892335 2.8768439292907715 3.8703973293304443
4.054418087005615 7.2852661027086185 3.257223606109619 5.391213417053223
2.814668893814087 4.335946848067522 3.4419407844543457 6.404457092285156
6.485239505767822 7.526859180894576 2.6190574169158936 2.7216789722442627
5.472930431365967 8.388893657279993 3.167527437210083 4.376355171203613
4.796703338623047 7.5355154618193865 3.6553094387054443 6.299025058746338
3.742380142211914 7.031986807872443 3.889854907989502 7.586879730224609
5.706130504608154 6.284042845268061 2.932307481765747 3.041875123977661
4.800178050994873 7.256083667654536 3.399345636367798 4.55441951751709
2.327916383743286 3.994040210446542 3.6698319911956787 6.034517765045166
2.6636860370635986 4.363681438314188 3.7637293338775635 6.949832439422607
6.391171455383301 7.246504763783889 3.0884525775909424 3.2208127975463867
4.98751163482666 7.770638429995692 3.691787004470825 5.131582736968994
2.5808584690093994 4.23069467796563 4.077661514282227 7.0512495040893555
3.670750141143799 6.568893087995093 4.2252631187438965 8.258179664611816
7.156271934509277 8.244006977070214 3.3223323822021484 3.4874706268310547
4.744219779968262 7.265603717602062 4.118919849395752 5.946933269500732
4.566936492919922 8.136585944071243 4.658457279205322 8.464947700500488
2.888791084289551 5.309325557602847 4.869904518127441 10.053621292114258
4.36228609085083 4.782418774959822 3.1943817138671875 3.4566571712493896
2.6278984546661377 3.6346154247437994 4.059623718261719 5.598476409912109
2.643270492553711 4.118645780464249 4.30436372756958 7.266975402832031
2.4326083660125732 3.8569458373968644 4.322812080383301 8.201416969299316
4.6132307052612305 4.946890352736432 3.429960012435913 3.7338991165161133
3.8952724933624268 5.290013726286574 4.451425075531006 6.406960487365723
3.587796688079834 4.822775052738692 4.819021224975586 8.610621452331543
3.2352194786071777 4.707639240019603 4.898155689239502 9.89278507232666
5.143627643585205 5.416759715843455 3.766482353210449 4.135615825653076
5.168462753295898 6.58836993203866 5.019194602966309 7.568243980407715
4.662025451660156 6.768856099077709 5.563920021057129 10.497052192687988
3.838780641555786 7.0013627084731525 5.7133331298828125 12.232951164245605
3.7974984645843506 4.152061139008948 1.4590191841125488 1.4983230829238892
3.7057130336761475 5.882668610140406 1.6808682680130005 2.1291611194610596
3.5011913776397705 6.144527119816303 1.9300616979599 2.86226224899292
2.358811855316162 3.7277543269653854 2.084965229034424 3.382796287536621
4.401238441467285 4.880876552129848 1.527626872062683 1.5693610906600952
4.442168235778809 7.071949931762134 1.7737064361572266 2.264914035797119
2.8817410469055176 5.349403963945008 2.0512211322784424 3.0996179580688477
3.31233811378479 6.408007384083248 2.222215175628662 3.7035884857177734
5.099581718444824 6.185025796890628 1.6281375885009766 1.6736459732055664
5.074078559875488 7.328750684849997 1.9080897569656372 2.462172746658325
3.960181474685669 6.645565906116417 2.224158525466919 3.435849189758301
3.478323221206665 6.141273033873404 2.4159743785858154 4.1496124267578125
4.585034370422363 5.067707158947655 1.6699131727218628 1.7144123315811157
4.468764781951904 7.091602033577146 1.9273101091384888 2.4757466316223145
3.501314401626587 5.463093613115234 2.212709426879883 3.3759703636169434
3.144561529159546 5.7759721358502585 2.3852035999298096 4.022619724273682
5.239590167999268 5.952153613646345 1.768083930015564 1.8166171312332153
4.297293186187744 6.711217586162007 2.066027879714966 2.687385082244873
3.959479808807373 6.497953680939645 2.3983771800994873 3.7569775581359863
2.3540077209472656 4.4597058023474005 2.5966691970825195 4.538033485412598
6.0524163246154785 7.228841880958726 1.9177711009979248 1.9730901718139648
4.565308570861816 7.85570186040178 2.275202751159668 3.0093493461608887
4.710526466369629 7.598048052083456 2.674760341644287 4.323563575744629
4.675766468048096 8.494072584139012 2.907501697540283 5.290562152862549
4.875560760498047 5.601576545512216 1.9622876644134521 2.0202293395996094
4.638742923736572 7.364116464196532 2.2160189151763916 2.889411211013794
3.8739070892333984 7.082623149306187 2.4975740909576416 3.903750419616699
2.5165581703186035 5.551392872114661 2.669846773147583 4.644580841064453
5.732854843139648 6.741903930276749 2.0876986980438232 2.1459853649139404
5.2212653160095215 7.703198433282978 2.3960824012756348 3.172085762023926
4.02712345123291 5.814573928306885 2.7444543838500977 4.428435325622559
3.3762309551239014 6.489675089246859 2.9519200325012207 5.357687950134277
6.766450881958008 8.113789399634697 2.282038688659668 2.3475780487060547
5.737977504730225 7.783634381597949 2.676281690597534 3.619987726211548
3.4735066890716553 6.679467056688111 3.1233532428741455 5.239510536193848
4.309141159057617 6.6931057939380025 3.379798650741577 6.434192180633545
3.195741891860962 3.481937573606676 2.0965726375579834 2.3711295127868652
3.195518732070923 4.936992147485057 2.7119812965393066 3.7842671871185303
2.9201059341430664 5.080762782719745 2.7681188583374023 4.431166648864746
2.89279842376709 4.899000224846532 2.9094531536102295 5.177741527557373
3.8789265155792236 4.6207657414864425 2.241244077682495 2.539015769958496
4.577609062194824 5.5732013594386025 2.8898086547851562 4.162879467010498
3.6803138256073 5.865805413414467 3.0613250732421875 5.0685906410217285
3.7602717876434326 5.045018792315204 3.247023820877075 6.054866790771484
5.254271030426025 5.822385356505492 2.4668822288513184 2.802480936050415
5.893670082092285 8.926797827921291 3.218259572982788 4.725236892700195
4.974759101867676 8.520534535696811 3.5211238861083984 6.079717636108398
3.63946795463562 4.4462571022699535 3.769653081893921 7.406222820281982
3.6207425594329834 4.287697565521518 1.508954644203186 1.5697460174560547
2.9364163875579834 5.131612304816372 1.7926914691925049 2.387248992919922
2.8596880435943604 5.230298756012495 2.037409543991089 3.2364420890808105
2.6350088119506836 4.889433546273722 2.1737048625946045 3.7961132526397705
4.07051944732666 5.100315844162992 1.57623291015625 1.6389923095703125
3.4646825790405273 5.983637328146499 1.8900740146636963 2.5388643741607666
3.1396236419677734 5.905303716627486 2.164328098297119 3.503997564315796
3.2324259281158447 6.535308099140934 2.316638708114624 4.149886131286621
4.697012901306152 6.247522086106073 1.6705491542816162 1.736352562904358
4.26500940322876 7.0333366912689925 2.0265696048736572 2.746608257293701
3.0482306480407715 6.5469409921741235 2.3405704498291016 3.8636789321899414
2.651515245437622 4.698101250732719 2.5129141807556152 4.624061107635498
4.3087921142578125 5.1800266201429395 1.7354228496551514 1.8092939853668213
3.7609498500823975 6.230266537959324 2.081207275390625 2.8267736434936523
3.2660157680511475 5.506498219428904 2.3582451343536377 3.8909966945648193
2.0681307315826416 4.040237444740342 2.509599208831787 4.591384410858154
5.014634132385254 6.156452186314027 1.8296552896499634 1.9069238901138306
3.984621524810791 6.739316216405911 2.227400541305542 3.067070245742798
3.3839914798736572 6.619775123346258 2.5539674758911133 4.3258748054504395
1.9342966079711914 3.855788560423548 2.7303600311279297 5.166450500488281
5.806430816650391 7.321932952230782 1.964426040649414 2.0471572875976562
4.229107856750488 7.485298680963751 2.4371531009674072 3.4057068824768066
4.639617919921875 8.685891054577013 2.832569122314453 4.9303812980651855
3.851846933364868 7.593626710200738 3.0409514904022217 5.962976455688477
4.738641738891602 5.6631080520742785 1.9894121885299683 2.0750949382781982
4.447930335998535 7.291324760821439 2.387646436691284 3.3016083240509033
2.9993815422058105 4.267340520543232 2.665010690689087 4.544638633728027
2.128955602645874 3.7741555959737525 2.823551654815674 5.361680030822754
5.423415660858154 6.640388335332432 2.1037847995758057 2.1960413455963135
4.484550476074219 6.620823784469551 2.5807034969329834 3.637143135070801
4.170131206512451 7.2056297277841 2.9302806854248047 5.155319690704346
2.7394518852233887 4.639223526199528 3.121415853500366 6.165409564971924
6.460337162017822 8.394326630535147 2.2718193531036377 2.373002767562866
5.7158203125 9.385275689684377 2.863731861114502 4.118086814880371
3.891803026199341 6.884826159843116 3.315328598022461 6.024162292480469
4.088937759399414 7.676946616709074 3.5486714839935303 7.302911281585693
3.858031749725342 4.337821605238894 2.520782232284546 2.8389248847961426
3.9550347328186035 6.614786347599985 2.860631227493286 4.037908554077148
2.527630567550659 4.70512245638098 2.920590400695801 5.118415832519531
1.5816541910171509 3.481104139088984 3.077596664428711 5.999425888061523
4.658274173736572 5.37439132326557 2.6704938411712646 3.0095112323760986
4.113112449645996 6.012880149400189 3.0961713790893555 4.482913970947266
4.005857944488525 6.786504172921923 3.245521068572998 5.885619640350342
2.5400469303131104 4.32402056125332 3.4391326904296875 6.997140407562256
5.690633773803711 6.693925489579996 2.8873496055603027 3.2560877799987793
5.313641548156738 8.558372694816626 3.4370505809783936 5.104752063751221
4.553791522979736 7.231015951243833 3.724088191986084 6.991211414337158
4.116983890533447 6.504265623650099 3.9644720554351807 8.427985191345215
3.9789559841156006 4.891188066193344 1.7021502256393433 1.7554641962051392
3.383770704269409 5.507934121128372 1.9885607957839966 2.6239736080169678
1.9489775896072388 3.3415520432309904 2.2234835624694824 3.538978099822998
3.0025758743286133 5.548409049358838 2.3470773696899414 4.146749973297119
4.467639923095703 5.545331360448785 1.7767177820205688 1.838523268699646
3.436821460723877 6.097143118837998 2.105098247528076 2.81745982170105
2.4010636806488037 4.537750894886068 2.3777575492858887 3.866734743118286
1.6490206718444824 3.8228564815416988 2.519930362701416 4.570880889892578
5.1215081214904785 6.363127645746431 1.8796218633651733 1.9521994590759277
4.227625370025635 6.633711068822322 2.2630629539489746 3.080817461013794
4.33569860458374 6.96043757825737 2.584916114807129 4.315835475921631
3.3890106678009033 6.259122130091299 2.750788688659668 5.150759696960449
4.601517677307129 5.644332044660359 2.1405742168426514 2.203908681869507
3.9527618885040283 6.838709323838884 2.477780342102051 3.3379902839660645
3.2340807914733887 6.30040343817268 2.711912155151367 4.499999046325684
1.7524079084396362 3.1579882386330524 2.8181941509246826 5.242061138153076
5.236231327056885 6.37680509991444 2.237950563430786 2.313133478164673
3.5728907585144043 5.918570100687418 2.654026508331299 3.652858257293701
2.9534435272216797 4.95185031317385 2.952122688293457 5.04939079284668
3.364419460296631 6.260289203436066 3.0870232582092285 5.950255393981934
6.122595310211182 7.543173709506846 2.378098487854004 2.471564531326294
5.019796848297119 8.61735487742044 2.8980612754821777 4.089831352233887
3.8626742362976074 7.047633421629266 3.28173828125 5.8150200843811035
3.5632505416870117 6.445792903758033 3.454380989074707 6.937294006347656
4.793052673339844 5.831025727336021 2.7098941802978516 2.8167800903320312
4.023993968963623 6.814688715047168 3.0768468379974365 4.251339435577393
2.6533446311950684 4.830768034100581 3.2438178062438965 5.588771343231201
2.2070508003234863 4.1489983331471905 3.295097827911377 6.3988261222839355
5.595236301422119 6.769128904299578 2.8362197875976562 2.963444471359253
5.075379848480225 8.223051210119593 3.324477195739746 4.725804328918457
3.265638589859009 5.265573805026094 3.5772364139556885 6.399417877197266
2.379844903945923 3.4640244127013418 3.663012742996216 7.419699192047119
6.611943244934082 8.102473664650574 3.020387649536133 3.1758882999420166
5.636536598205566 8.898761124589726 3.668997049331665 5.38500452041626
4.059573650360107 7.452528807210001 4.0404253005981445 7.535367488861084
2.5638785362243652 4.8198054015174705 4.173158168792725 8.85453987121582
4.055393218994141 4.623510452622575 2.9041762351989746 3.2359490394592285
3.2859280109405518 5.924576480284145 3.700828790664673 5.2574334144592285
2.329291582107544 4.83650551562144 3.7401533126831055 6.635141849517822
2.8272955417633057 5.671496861975356 3.7056236267089844 7.425514221191406
3.7113616466522217 3.907925279944436 3.0806217193603516 3.469432830810547
4.048855304718018 6.407264255612437 4.03758430480957 5.946353435516357
4.146922588348389 6.613408974671074 4.16190767288208 7.708128929138184
2.092794418334961 4.292223425141856 4.160202503204346 8.734068870544434
4.913771629333496 5.443122284261904 3.3254482746124268 3.790196180343628
5.031549453735352 7.903579194360461 4.498238563537598 6.8849639892578125
4.815941333770752 7.879688413731515 4.749256134033203 9.210289001464844
3.355095148086548 5.6492815416959274 4.7952494621276855 10.576108932495117
4.301485538482666 4.726207304588968 1.5700483322143555 1.6167653799057007
4.2015461921691895 6.628182147674011 1.8136358261108398 2.2977778911590576
3.6414387226104736 5.764112711122834 2.0479023456573486 3.065708637237549
3.476609945297241 6.082232219488091 2.1768290996551514 3.5953140258789062
4.542142868041992 5.1950556295916535 1.6400951147079468 1.6898789405822754
2.7982912063598633 4.466849830687863 1.9126898050308228 2.454310417175293
2.959526777267456 5.442076539185621 2.1782615184783936 3.343806743621826
2.6594810485839844 4.82207560858464 2.3245809078216553 3.9678828716278076
5.11703634262085 6.205876777708738 1.7372877597808838 1.791953682899475
4.905773639678955 7.707416164183769 2.0479328632354736 2.669893503189087
3.2997400760650635 5.663421745772005 2.3541698455810547 3.7238500118255615
3.7766473293304443 6.651926030753401 2.5224554538726807 4.474173545837402
5.264877796173096 5.826089920724646 1.9447530508041382 2.0122077465057373
4.565910816192627 7.153477025219047 2.2347476482391357 2.883690357208252
2.6768088340759277 4.2449270450608765 2.4821956157684326 3.8472230434417725
2.3646857738494873 4.2582994332501585 2.5960121154785156 4.482970237731934
5.756497383117676 6.573063697101929 2.0385684967041016 2.1104021072387695
4.834727764129639 6.635241151023166 2.3831191062927246 3.133939266204834
4.3433098793029785 7.295746931076792 2.687516450881958 4.312626361846924
3.124577283859253 5.608298892209575 2.8304286003112793 5.106907844543457
6.319149494171143 7.480623170024749 2.1739659309387207 2.2528624534606934
5.010610103607178 8.54950950869474 2.5924384593963623 3.4891295433044434
3.3426406383514404 6.3225338564991205 2.9723427295684814 4.967756271362305
3.3050215244293213 5.892046056104505 3.1528849601745605 5.982208251953125
5.604951858520508 6.269165419018982 2.5274438858032227 2.5872581005096436
4.84505033493042 6.646446099474943 2.812148094177246 3.6946096420288086
3.387385606765747 5.156994485639171 2.995173931121826 4.791194915771484
2.7106616497039795 4.987961123843206 3.0464301109313965 5.462767601013184
6.351287364959717 7.241102570014164 2.6293997764587402 2.720005512237549
3.6001312732696533 5.8974944042847515 3.0112998485565186 4.069565296173096
3.76590895652771 6.54546598444071 3.280263900756836 5.482738971710205
3.1315724849700928 5.692156811319386 3.371446132659912 6.372800827026367
7.195504188537598 8.442857398497843 2.791886568069458 2.9093708992004395
5.472775936126709 8.995832836348995 3.3016161918640137 4.608933925628662
3.800468683242798 6.300250185741452 3.6853766441345215 6.47352933883667
3.509416103363037 5.776970650527142 3.8281569480895996 7.674071788787842
4.764370441436768 5.112078802970018 2.6408207416534424 2.9181125164031982
4.075097560882568 5.807222319145694 3.595813035964966 4.893242835998535
3.3392274379730225 5.391192888148524 3.534254312515259 5.803318977355957
2.3346593379974365 3.9461193043147347 3.463871955871582 6.385192394256592
4.088871479034424 4.292316164962443 2.79288649559021 3.106995105743408
4.987704753875732 7.474340488648899 3.8625385761260986 5.436469078063965
3.2089474201202393 5.8555922397692655 3.8971898555755615 6.7319865226745605
2.8752660751342773 4.330855046182137 3.868525505065918 7.564002990722656
6.053053855895996 6.375307965049188 3.014610528945923 3.3741090297698975
3.329923629760742 5.768115013902843 4.251997947692871 6.216771602630615
5.024819374084473 8.742534748597791 4.415849685668945 8.06733512878418
2.873891592025757 5.911058214125437 4.444747447967529 9.263341903686523
3.7345030307769775 4.354050652199518 1.545356035232544 1.5960769653320312
3.5165066719055176 5.649525559551307 1.767787218093872 2.312737464904785
2.335947275161743 3.696435300419605 1.9936484098434448 3.094174385070801
0.9214224815368652 1.584111145730276 2.1275899410247803 3.593827962875366
4.346442222595215 5.247849392459891 1.6150391101837158 1.6706020832061768
4.338432788848877 7.295847597985145 1.8660372495651245 2.4723329544067383
2.823580026626587 4.685943186369286 2.1205904483795166 3.3620710372924805
2.082057237625122 3.800181440798923 2.2691385746002197 3.9336798191070557
5.114757061004639 6.2450788555252075 1.7115404605865479 1.7737699747085571
4.652273178100586 7.466164423201917 2.0013415813446045 2.6916396617889404
3.467935562133789 5.810225308862837 2.293009042739868 3.726938009262085
2.4016165733337402 4.734934912555451 2.459294319152832 4.394430160522461
4.5499653816223145 5.327271604025121 1.8875715732574463 1.9607027769088745
3.9098565578460693 5.671703165771419 2.1268317699432373 2.8377463817596436
2.5600733757019043 4.556658864778662 2.338418483734131 3.7650725841522217
2.0593273639678955 4.117333526008764 2.459789991378784 4.357547283172607
5.169671535491943 6.195915907698236 1.9849761724472046 2.0638768672943115
4.00250768661499 7.036267267318131 2.2776827812194824 3.095545768737793
3.496523141860962 5.996735164484271 2.5358214378356934 4.20746374130249
2.063593626022339 4.145494872364265 2.678042411804199 4.914995193481445
6.079307556152344 7.398190234408503 2.1216468811035156 2.211280584335327
5.267003536224365 7.963880249113503 2.487447738647461 3.4578332901000977
4.403943061828613 7.749686286908343 2.8076322078704834 4.823146820068359
3.739915132522583 7.048369799542229 2.9761788845062256 5.68797492980957
4.681679725646973 5.542275216552298 2.429377794265747 2.566730499267578
3.726907968521118 6.43702811310618 2.5924253463745117 3.5426182746887207
2.8152267932891846 5.354339429729384 2.7041995525360107 4.492673397064209
2.5158896446228027 4.729301924091146 2.779201030731201 5.117565155029297
5.669347286224365 6.727226569659395 2.544886589050293 2.6923139095306396
4.819682598114014 8.124910334575532 2.798152208328247 3.916412591934204
3.285337209701538 5.551677720813984 2.976386547088623 5.133920669555664
2.983635187149048 5.63255509181954 3.0755975246429443 5.91139030456543
6.7680864334106445 8.23233672368957 2.712294340133667 2.8765435218811035
5.047509670257568 7.618378456330888 3.088852643966675 4.4490065574646
4.39744758605957 6.738160593254918 3.353541135787964 6.034251689910889
3.883011817932129 7.116062659529389 3.4840922355651855 7.023543834686279
3.9555370807647705 4.408767175769153 2.4176409244537354 2.8132331371307373
3.021785020828247 5.0972377626355865 3.2048499584198 4.5341596603393555
3.1547374725341797 5.444994524050998 3.048712968826294 5.192605495452881
2.0549228191375732 3.884478789592322 3.045623302459717 5.766594886779785
4.563676834106445 5.108311316703524 2.5730984210968018 3.00604248046875
3.776517152786255 6.949245434018888 3.4769458770751953 5.076128005981445
3.289323568344116 5.8756300456316595 3.388974666595459 6.03033971786499
3.4446864128112793 5.216858360243727 3.409806966781616 6.7751288414001465
5.358068943023682 5.9746546004438486 2.795705795288086 3.2822556495666504
5.675036907196045 8.650889486695114 3.851743459701538 5.827521324157715
4.157608509063721 7.474163944581051 3.8629391193389893 7.2068095207214355
3.5083882808685303 6.608690685040358 3.913309335708618 8.192835807800293
4.1754045486450195 4.8711756991142465 1.7584947347640991 1.813543438911438
3.8326215744018555 6.121828745819229 2.0321168899536133 2.603203296661377
3.2092483043670654 5.628342919733086 2.28253173828125 3.4654319286346436
2.17707896232605 3.4024762993498516 2.4128577709198 4.021117210388184
4.452518463134766 5.520501678740741 1.8310130834579468 1.8940638303756714
4.047670364379883 6.810616502802304 2.1450934410095215 2.7914540767669678
2.9956002235412598 4.251610982467469 2.440051555633545 3.802061080932617
1.8908277750015259 2.519133161865625 2.596633195877075 4.468282699584961
5.0713300704956055 6.36000360665361 1.9349805116653442 2.0053110122680664
4.194519519805908 6.908753687301356 2.302992820739746 3.048997163772583
3.6356101036071777 6.891306403690919 2.6550824642181396 4.25921106338501
3.6017985343933105 6.00771048294007 2.8432986736297607 5.071210861206055
5.050013065338135 5.946491529057241 2.230881929397583 2.2970051765441895
3.554734468460083 5.380925690599128 2.593322515487671 3.389113187789917
1.9236921072006226 3.227421227291252 2.8754193782806396 4.549603462219238
2.304710865020752 3.659487993541461 2.9921510219573975 5.25828218460083
5.465083122253418 6.643540688270091 2.323806047439575 2.4073758125305176
4.1829729080200195 5.82776389761716 2.766902446746826 3.712902307510376
3.780210256576538 6.18096989612377 3.128098487854004 5.144738674163818
2.8601739406585693 4.501445999941552 3.2884693145751953 6.042328357696533
6.188579559326172 7.688599791159277 2.4638071060180664 2.5648186206817627
4.14445161819458 7.035089442279855 3.015443801879883 4.161168575286865
3.484665870666504 6.541044492245419 3.4806900024414062 5.962428569793701
2.9197206497192383 5.032206601444841 3.693690538406372 7.114389419555664
5.259885311126709 6.1790079737061205 2.712949752807617 2.8121023178100586
2.71317982673645 3.5629843747104815 3.235759735107422 4.333494186401367
2.397958278656006 4.411592443939298 3.5234079360961914 5.780903339385986
2.1391429901123047 3.5692982007540195 3.593986988067627 6.598521709442139
6.021740436553955 7.144768405913965 2.8425002098083496 2.962190866470337
2.955308675765991 4.4074576772922 3.489159107208252 4.842905521392822
2.332643747329712 4.145027601853158 3.883518695831299 6.69196891784668
3.1529197692871094 4.725956395369238 4.010608196258545 7.7715911865234375
6.921130657196045 8.265880992822531 3.036240339279175 3.184603214263916
5.214973449707031 7.967186779657823 3.8540427684783936 5.555776119232178
4.614529132843018 6.366174259027844 4.39355993270874 7.956624507904053
3.9985713958740234 6.277604277978618 4.5896453857421875 9.386921882629395
4.522246360778809 4.938368472451657 3.000540018081665 3.278756856918335
2.0346062183380127 3.1336398257659965 3.7751569747924805 5.268864154815674
1.7959723472595215 2.774156499131209 4.101190567016602 6.914836406707764
1.9006410837173462 2.5447327987700987 4.110984802246094 7.776556015014648
4.215869426727295 4.77873867957472 3.183043956756592 3.5076823234558105
2.7390642166137695 4.026009538546603 4.122935771942139 5.994932651519775
2.8663511276245117 4.729064684128616 4.5598249435424805 8.119172096252441
1.5971709489822388 2.775549099133599 4.631598472595215 9.301839828491211
5.03348970413208 5.195381532725833 3.4487996101379395 3.832814931869507
3.9001247882843018 6.055739722391365 4.6140570640563965 6.98608922958374
3.344108819961548 6.078312537069749 5.214484691619873 9.815784454345703
3.046553611755371 4.721452345397486 5.363595485687256 11.411246299743652
3.871213674545288 4.614462104954242 1.679092288017273 1.7456222772598267
3.3829362392425537 5.964939851441073 1.9528706073760986 2.5855157375335693
3.211289882659912 6.305604797756587 2.2080180644989014 3.4728705883026123
2.51255464553833 4.802541570873114 2.3493754863739014 4.0628509521484375
4.245926856994629 5.260990646825732 1.7525207996368408 1.8199223279953003
2.9482944011688232 5.428938973046172 2.0686252117156982 2.77146315574646
3.3690576553344727 6.2046174036048996 2.36818790435791 3.8093531131744385
2.2435598373413086 4.29975671723588 2.5343387126922607 4.505497455596924
4.910009384155273 6.093885233353149 1.850119948387146 1.9212514162063599
3.622814655303955 6.145522101855057 2.2223591804504395 3.019179582595825
3.9299585819244385 6.661521444542984 2.5794875621795654 4.251458644866943
3.2322919368743896 6.382311601193891 2.77669095993042 5.084105491638184
4.419783592224121 5.32121612631164 2.113353967666626 2.221780776977539
3.889394998550415 7.240603479929657 2.4497480392456055 3.3243138790130615
2.1285786628723145 4.542038340753791 2.7215652465820312 4.460927486419678
2.157524347305298 4.619396635301371 2.8511557579040527 5.199164867401123
5.044549465179443 6.18033265091993 2.2153401374816895 2.3228371143341064
4.129648208618164 7.084834332357616 2.633014678955078 3.643268585205078
3.310593366622925 6.19306296569448 2.9802708625793457 5.0518035888671875
2.8153538703918457 4.874234471197269 3.1481716632843018 5.967835426330566
5.9419755935668945 7.282294280977503 2.3494086265563965 2.4627814292907715
4.747342586517334 7.531051827826445 2.875676155090332 4.071384429931641
4.31892204284668 7.317746302074681 3.324068546295166 5.83776330947876
3.258862018585205 6.219571104661043 3.5414998531341553 6.988877296447754
4.646186351776123 5.613037029749876 2.633115530014038 2.8025259971618652
3.507263422012329 6.414752727385007 3.0201869010925293 4.207482814788818
2.6819112300872803 4.6937293993177605 3.268568754196167 5.547046661376953
2.222137212753296 3.7834166683941213 3.356872320175171 6.382533550262451
5.4646830558776855 6.6285938915209215 2.756436347961426 2.9381320476531982
3.8874125480651855 6.9796406536238464 3.2884812355041504 4.711326599121094
2.6554553508758545 5.395508388649233 3.638554334640503 6.443140983581543
2.337897539138794 4.028388934028271 3.772170305252075 7.516883373260498
6.504942893981934 7.95723349453263 2.9291481971740723 3.1310667991638184
4.433000087738037 7.231022101838846 3.6424434185028076 5.38826847076416
3.4779038429260254 6.399231226293068 4.130867958068848 7.641851425170898
3.1038482189178467 5.307247482519141 4.326615333557129 9.034314155578613
3.3046586513519287 3.7029581686929305 2.875077247619629 3.2958478927612305
3.3368942737579346 5.485629680938473 3.586153984069824 5.094274044036865
2.0008933544158936 3.5373226252059524 3.753190755844116 6.533264636993408
1.528380036354065 2.993485048441954 3.7824831008911133 7.397397518157959
3.895033121109009 4.251146314388279 3.0615148544311523 3.517404794692993
3.5952041149139404 4.95228879054531 3.929704189300537 5.803726673126221
2.9103007316589355 4.541582444859387 4.226701259613037 7.722528457641602
2.6467621326446533 3.918989815088935 4.300942420959473 8.860721588134766
5.3847784996032715 5.571637228427964 3.311631679534912 3.820727586746216
4.06854248046875 5.656755319008994 4.3960280418396 6.766464710235596
4.2571187019348145 6.877953501666525 4.856564521789551 9.317692756652832
3.050215721130371 4.919683729717113 4.995816707611084 10.820436477661133
3.8703770637512207 4.373480714263165 1.4631015062332153 1.5024302005767822
3.470432758331299 5.975758582451291 1.681120753288269 2.138624906539917
3.0846033096313477 6.261676094565537 1.927472710609436 2.9238717555999756
2.9727365970611572 5.786635612792907 2.0785844326019287 3.465761661529541
4.360907077789307 5.174483195579626 1.5257861614227295 1.5675721168518066
3.9261767864227295 5.67088231209641 1.7690136432647705 2.270462989807129
3.430777072906494 4.552242759442606 2.0455806255340576 3.155430793762207
3.55196475982666 6.169568626344301 2.2148778438568115 3.7765913009643555
4.979644298553467 6.118655474911094 1.6123793125152588 1.6581138372421265
4.4161787033081055 6.489033771867483 1.888933539390564 2.4522905349731445
4.305000305175781 8.547705864789656 2.204545736312866 3.4731948375701904
3.664428234100342 6.273317815009989 2.3964250087738037 4.20084285736084
4.658176422119141 5.288577403113322 1.6848433017730713 1.7327790260314941
4.11593770980835 6.44523190253696 1.9370808601379395 2.5025999546051025
3.474837064743042 5.537247393987215 2.2194883823394775 3.4753386974334717
2.1521849632263184 4.729834554017884 2.3873801231384277 4.147368907928467
5.194591522216797 6.198859041727019 1.7701150178909302 1.8220434188842773
4.864345550537109 7.478777202054836 2.0643961429595947 2.7042646408081055
4.048317909240723 6.802027584603872 2.3961844444274902 3.8464956283569336
3.542370080947876 5.972116686074049 2.59299373626709 4.648472309112549
5.983006954193115 7.268224774138616 1.8902024030685425 1.9486339092254639
5.0414509773254395 6.677277153958197 2.241851568222046 2.9887235164642334
2.7684850692749023 5.75911431579209 2.640038013458252 4.367868423461914
3.9873082637786865 7.681879514853886 2.8741629123687744 5.35092306137085
4.9222869873046875 5.633422855779884 2.040682077407837 2.074584722518921
4.741238117218018 7.621552818664039 2.2590744495391846 2.943920612335205
3.483182191848755 6.149201338245777 2.5247204303741455 4.054474830627441
2.6105825901031494 5.265342427082395 2.6871633529663086 4.824710845947266
5.653810501098633 6.73677105459808 2.1338138580322266 2.1836838722229004
4.166081428527832 6.26329010944994 2.420746326446533 3.2194957733154297
4.065017223358154 7.068992833067168 2.758394718170166 4.575632572174072
2.5625641345977783 4.407731195433641 2.9602484703063965 5.526449680328369
6.532359600067139 8.039601815430075 2.272930145263672 2.3388891220092773
4.185318946838379 6.5199011772885385 2.652228355407715 3.6145286560058594
4.658280372619629 9.04567939962135 3.0870978832244873 5.319488525390625
3.404655694961548 6.043743346129647 3.340841054916382 6.526020526885986
3.938858985900879 4.225798555587062 2.2094099521636963 2.4156646728515625
4.4816179275512695 7.206905679451438 3.105175018310547 3.843703508377075
3.7016849517822266 6.503693533722526 2.833280324935913 4.626465797424316
2.066713809967041 3.207163057574661 2.9455313682556152 5.415128707885742
4.538980484008789 4.828947912379476 2.3328499794006348 2.570025682449341
4.361911296844482 6.572586205039158 3.285935163497925 4.27989387512207
4.096233367919922 7.15661496217806 3.116678237915039 5.296456336975098
3.487595796585083 5.652704747920438 3.274730920791626 6.297461986541748
5.233957290649414 6.0236163770564985 2.5145339965820312 2.791959047317505
4.924112319946289 8.372682089548803 3.5526223182678223 4.856588363647461
4.8011298179626465 6.887633587682558 3.519683361053467 6.259288311004639
3.155369281768799 5.364397613079149 3.7387993335723877 7.564638137817383
4.5611090660095215 5.1295690681880455 1.6946663856506348 1.747901201248169
4.384041786193848 6.754233027863052 1.941778302192688 2.4634833335876465
2.7448666095733643 4.859178425820366 2.173774480819702 3.2852327823638916
1.555274248123169 3.11131720198739 2.2936151027679443 3.843662977218628
4.786222457885742 5.709092871582925 1.768635630607605 1.8245835304260254
4.089932918548584 6.517905324529011 2.0518686771392822 2.633796215057373
2.898446798324585 4.866895138071641 2.3231475353240967 3.5960090160369873
3.1037349700927734 4.639379348529474 2.4627318382263184 4.259902000427246
5.272614479064941 6.437363066772576 1.8714898824691772 1.931875467300415
4.577808380126953 7.377982905983584 2.2028145790100098 2.8682944774627686
4.493521690368652 7.785695380025317 2.5251717567443848 4.01560640335083
2.834124803543091 4.911015695325204 2.6892952919006348 4.81564474105835
5.599175453186035 6.2850078228029815 2.1918270587921143 2.280355930328369
4.749879360198975 6.181710792715009 2.491844415664673 3.2285985946655273
3.181896209716797 4.623103784109986 2.7169995307922363 4.265324115753174
3.184281349182129 4.988102529672091 2.798811435699463 4.929376125335693
5.90972375869751 6.934493638455024 2.287308692932129 2.3798885345458984
4.962076663970947 7.640065734103288 2.6611011028289795 3.5164480209350586
3.9235033988952637 6.816323528896343 2.958862543106079 4.812460422515869
2.3986878395080566 4.247833567513939 3.073371410369873 5.656747817993164
6.430941581726074 7.718931171374937 2.4243252277374268 2.524475574493408
5.6290388107299805 8.75186945387252 2.8970999717712402 3.9183168411254883
4.130556583404541 5.879162080544575 3.291346788406372 5.567330837249756
3.916321039199829 7.066426921433958 3.448082208633423 6.653131008148193
5.739898681640625 6.446607554444199 2.8574211597442627 2.977670669555664
4.401238918304443 5.870828736923556 3.208620548248291 4.246500492095947
2.9810729026794434 5.296741238451906 3.3539857864379883 5.447018146514893
2.793846845626831 5.066092726219722 3.3437907695770264 6.134408950805664
6.507686138153076 7.423170427453698 2.972672462463379 3.1132099628448486
4.438387393951416 6.321845082678723 3.448892593383789 4.705350875854492
2.796260118484497 4.5731869979885005 3.699526786804199 6.284420490264893
2.736834764480591 4.83601001096099 3.7320098876953125 7.216396331787109
7.382437705993652 8.488382293484591 3.1444904804229736 3.3102059364318848
5.826720237731934 8.80105500329757 3.7883188724517822 5.341385364532471
4.592837333679199 7.127940643043985 4.179046154022217 7.44851541519165
4.243821144104004 6.1966065140208 4.267091274261475 8.721395492553711
5.108683109283447 5.460230336490758 2.9665071964263916 3.335883378982544
3.0868470668792725 4.195974668042254 3.9441914558410645 5.365930557250977
2.358046054840088 4.181968388966936 3.978626012802124 6.626026153564453
1.6980786323547363 2.8460744131465106 3.837143659591675 7.243130207061768
4.805090427398682 5.073877279290066 3.1344521045684814 3.530937910079956
3.489128351211548 4.902034890303469 4.273913383483887 6.038326263427734
2.7817471027374268 4.84688830328173 4.421871185302734 7.75929594039917
2.2790777683258057 4.825004233241398 4.327497482299805 8.655197143554688
4.944128513336182 5.1884506001930575 3.3729755878448486 3.8124024868011475
5.60756254196167 7.466515644758147 4.733636379241943 6.964122772216797
2.93316650390625 4.96890744185086 5.040751934051514 9.335872650146484
3.5640504360198975 5.855555106651792 5.005681991577148 10.627706527709961
3.8121230602264404 4.86201031508518 1.4926092624664307 1.5439306497573853
3.8673958778381348 6.748142316866051 1.7321834564208984 2.2334647178649902
3.289510488510132 6.403568417850579 1.9499558210372925 2.9553627967834473
2.636558771133423 5.613970179511625 2.078554630279541 3.449352264404297
4.261468410491943 5.444543504356716 1.5569514036178589 1.6129704713821411
3.4252758026123047 6.505635020721229 1.82023286819458 2.373204231262207
3.4909205436706543 6.043371804301501 2.0623159408569336 3.191697120666504
3.029421091079712 5.873734403964363 2.2044548988342285 3.756046772003174
4.932920455932617 6.284526378356304 1.6467506885528564 1.7087442874908447
4.128609657287598 5.587732206900398 1.9413551092147827 2.5642387866973877
3.961383581161499 6.678264698226528 2.2153916358947754 3.5140435695648193
3.2658612728118896 7.2367855537799315 2.3748905658721924 4.174979209899902
4.487066745758057 5.704564341852347 1.7593244314193726 1.8206089735031128
4.250006675720215 7.40364499709132 2.022116184234619 2.636930227279663
3.9049301147460938 7.33627788305057 2.241119146347046 3.4875481128692627
2.5958776473999023 5.281873917112157 2.3663947582244873 4.069074630737305
5.01690149307251 6.300635750231777 1.844909429550171 1.913971185684204
4.752463340759277 6.914020380314696 2.1501452922821045 2.8502376079559326
4.230078220367432 6.803098495150184 2.41094708442688 3.861074447631836
2.1428890228271484 3.7484889014083436 2.55749249458313 4.555452346801758
5.905125617980957 7.538508198664516 1.9671287536621094 2.0469143390655518
4.780508995056152 6.408916905264746 2.3301565647125244 3.149432897567749
4.249104022979736 6.742954417763656 2.6477434635162354 4.386961936950684
3.911020040512085 5.784201432850423 2.8232057094573975 5.24235200881958
4.6693267822265625 6.011465787242642 2.1849894523620605 2.285154104232788
4.571556091308594 8.31054774099897 2.4029152393341064 3.160029649734497
3.0290911197662354 5.686476532048346 2.5516154766082764 4.0577497482299805
3.0640103816986084 5.866738936799413 2.644538164138794 4.678088665008545
5.4972734451293945 6.863458882937664 2.288818359375 2.3931822776794434
4.694343090057373 8.348808994479782 2.5705440044403076 3.4560670852661133
3.8705692291259766 6.945795135365643 2.7791385650634766 4.579073429107666
3.116565227508545 5.1181541889471305 2.9003210067749023 5.350559711456299
6.537343502044678 8.275010266524987 2.435051918029785 2.55026912689209
5.121710777282715 7.593689383856876 2.8084540367126465 3.8745651245117188
5.007524013519287 6.833569064491584 3.101503849029541 5.325766563415527
3.549306631088257 6.245332428306597 3.2626147270202637 6.3209404945373535
3.1303181648254395 3.6611403646347753 2.2872283458709717 2.609448194503784
3.746831178665161 6.223354216137636 2.9945504665374756 4.028985023498535
2.4530081748962402 4.8034919892504035 2.860380172729492 4.623828411102295
2.0452489852905273 4.847481913935553 2.882469892501831 5.2067084312438965
4.404650688171387 4.878365834773831 2.4183154106140137 2.7616429328918457
4.139257907867432 7.030135368448441 3.2229063510894775 4.444299221038818
3.083801507949829 6.119097487559706 3.141002893447876 5.29403018951416
3.2152817249298096 5.710777420370903 3.1937553882598877 6.0441389083862305
5.291722774505615 5.947248807983669 2.6061437129974365 2.9869279861450195
3.7470781803131104 5.1073357169540605 3.5425639152526855 5.037852764129639
4.20017671585083 7.134173280060355 3.5413801670074463 6.254846096038818
3.6403093338012695 5.8491335545021315 3.639145851135254 7.265302658081055
4.25443172454834 4.5770467771994845 1.5446025133132935 1.5909632444381714
3.8418385982513428 6.0567979304191795 1.7893788814544678 2.296677350997925
3.1033740043640137 5.750363781484339 2.041879653930664 3.103443145751953
3.137887477874756 5.824129597909916 2.1885197162628174 3.6444942951202393
4.681701183319092 5.249496758822488 1.6171046495437622 1.665597915649414
3.8645288944244385 6.162790363759399 1.8907946348190308 2.4469656944274902
3.6695754528045654 6.686441371106393 2.174380302429199 3.361168384552002
2.560300827026367 5.04972368482656 2.33791184425354 3.987159252166748
5.203260898590088 6.235836648811938 1.7187646627426147 1.7709946632385254
4.2337870597839355 7.073699689470288 2.0325071811676025 2.6595945358276367
3.739401340484619 6.4566173463011864 2.3577089309692383 3.724151134490967
3.5170042514801025 6.243712622750252 2.5427932739257812 4.4634480476379395
5.15449333190918 5.62341501234846 1.8566232919692993 1.9203583002090454
4.56618070602417 6.839247741318275 2.1455938816070557 2.8117563724517822
2.8970367908477783 4.9948693771415265 2.4193148612976074 3.8080852031707764
3.2482521533966064 5.739698709947476 2.5641062259674072 4.4568657875061035
5.605718612670898 6.400111852795817 1.9568941593170166 2.0244619846343994
3.341620922088623 5.249256808498558 2.3005990982055664 3.0546646118164062
4.152740478515625 7.364334951152017 2.6309895515441895 4.243013381958008
3.236642837524414 6.259344711748042 2.803804636001587 5.035435199737549
6.411477088928223 7.5583093137495325 2.101952075958252 2.175447463989258
5.06466817855835 8.542048750474237 2.522360324859619 3.4062981605529785
4.257081508636475 7.562013358647164 2.929499626159668 4.870184421539307
3.0949716567993164 6.306561905336396 3.138340473175049 5.8600358963012695
5.374863147735596 5.92481263554317 2.3953022956848145 2.452627420425415
4.804080963134766 7.4299372697896615 2.6338260173797607 3.515228033065796
3.2974371910095215 5.069729510573779 2.8402252197265625 4.613500595092773
2.3816514015197754 3.8157055213657145 2.942664384841919 5.299869060516357
6.195629119873047 7.064425992748738 2.505023956298828 2.5838229656219482
4.575289726257324 6.457658330003596 2.838836669921875 3.8695015907287598
4.344548225402832 7.66583728948649 3.134702682495117 5.249700546264648
3.0691723823547363 5.5878604352309935 3.277343273162842 6.137942790985107
7.181058406829834 8.395815110438974 2.67695951461792 2.77484130859375
5.005950450897217 7.939254294622003 3.1421902179718018 4.386042594909668
4.688977241516113 8.440849666836925 3.557922124862671 6.18025016784668
3.360938310623169 6.2690182757656885 3.751479148864746 7.35388708114624
2.9732303619384766 3.207217882455552 2.344160556793213 2.7123615741729736
3.861384630203247 6.238916969931552 3.512535572052002 4.753872394561768
3.1315276622772217 4.856227084702937 3.2689948081970215 5.4603190422058105
2.4172427654266357 4.3335545990955495 3.274613618850708 6.060497760772705
3.336930751800537 3.88043650674922 2.501683473587036 2.8818442821502686
4.143834114074707 6.901380310917034 3.7486000061035156 5.267178058624268
3.6620073318481445 5.936606858524318 3.6352109909057617 6.290372371673584
2.569441795349121 3.9383596488527406 3.6914870738983154 7.131381511688232
5.207283020019531 5.835120062336301 2.7273106575012207 3.133978843688965
4.628966808319092 7.70905041683811 4.1142425537109375 5.997194290161133
3.2588367462158203 6.9061071804155745 4.170318126678467 7.5104522705078125
3.6500465869903564 6.480672538383715 4.28961181640625 8.703795433044434
3.9873547554016113 4.750162275174608 1.6580535173416138 1.71628999710083
3.7761917114257812 6.711339152662008 1.9566378593444824 2.54120135307312
3.2359256744384766 5.262891070225457 2.233186960220337 3.438958168029785
2.472545862197876 4.750471839813091 2.3781654834747314 4.016864776611328
4.2558794021606445 5.2558852059560195 1.7268126010894775 1.7901161909103394
3.7068841457366943 6.2731750407620375 2.063563585281372 2.7192769050598145
3.0514628887176514 4.4167649824503314 2.3849143981933594 3.7678656578063965
2.5656633377075195 4.758286753049333 2.554553270339966 4.455838680267334
4.878965377807617 6.138401407198899 1.8190042972564697 1.8907538652420044
4.500148773193359 7.981626038185015 2.205564498901367 2.9618849754333496
3.613123893737793 5.634384504642185 2.584534168243408 4.210580348968506
3.217799425125122 5.931394169580009 2.785654067993164 5.04074764251709
4.624664306640625 5.550291379331611 2.085836887359619 2.167368173599243
3.8665153980255127 6.005961897239104 2.4664881229400635 3.265672206878662
2.9168272018432617 5.1272432576137845 2.783151388168335 4.447032928466797
2.299617290496826 3.6221587699001816 2.9209959506988525 5.17408561706543
5.150078296661377 6.312308623067224 2.177145004272461 2.2665443420410156
3.0541634559631348 5.3606859441227925 2.6352436542510986 3.571319103240967
3.2523226737976074 5.856162195093731 3.032931327819824 5.031774520874023
3.399282217025757 6.119190531075603 3.211395740509033 5.94822359085083
5.965742111206055 7.466236448018321 2.3009214401245117 2.404607057571411
4.458554267883301 6.585941297174667 2.8605942726135254 3.9891936779022217
3.234086036682129 6.0265789996145145 3.364835500717163 5.823655605316162
3.0984232425689697 5.583302744774045 3.5961287021636963 6.989272117614746
4.966245651245117 5.949333248216135 2.636603832244873 2.75504994392395
4.097534656524658 6.469364315821721 3.0781681537628174 4.162532806396484
2.009511709213257 3.3417308948866378 3.3914029598236084 5.598625659942627
2.5446746349334717 4.739311940010339 3.490144968032837 6.427560806274414
5.648819923400879 6.794963028689562 2.7417709827423096 2.8781399726867676
3.999799966812134 6.031486729561038 3.3236680030822754 4.645412921905518
3.5254299640655518 5.663744069212498 3.756866455078125 6.507640838623047
2.990319013595581 5.386757368313663 3.907114028930664 7.60059928894043
6.5988359451293945 8.158820799608211 2.8956751823425293 3.0573084354400635
4.99539041519165 7.7269019561167624 3.6567625999450684 5.31456995010376
3.9479236602783203 7.424424071141942 4.244614601135254 7.744969844818115
3.013179302215576 5.367088487693536 4.463820934295654 9.186811447143555
4.1359357833862305 4.556901041540982 2.8905842304229736 3.1494805812835693
3.0818052291870117 5.637186937872684 3.7063193321228027 5.121706962585449
2.8222551345825195 4.832036646177585 3.9465904235839844 6.686882972717285
2.0229687690734863 3.3803333607632986 3.9859859943389893 7.545558929443359
3.8159375190734863 4.411426790118511 3.06087327003479 3.3614933490753174
4.311681747436523 6.9493823766633795 4.023374080657959 5.792767524719238
2.83103346824646 5.151499586794266 4.423172950744629 7.915215492248535
2.568021297454834 4.331327513174487 4.517709255218506 9.091869354248047
5.322484016418457 5.5946112764900136 3.291621685028076 3.6556756496429443
4.90208625793457 7.636769123792277 4.4646430015563965 6.751285552978516
3.6257975101470947 5.237870496062044 5.059464454650879 9.596697807312012
2.5315937995910645 4.481195608231815 5.228855609893799 11.187275886535645
4.182129859924316 4.951195629029666 1.7326351404190063 1.805423617362976
3.1323206424713135 5.066564199312609 2.053609848022461 2.754992723464966
3.159109354019165 5.140726888095287 2.31986665725708 3.692369222640991
2.8152360916137695 5.399077696473192 2.4529073238372803 4.277527809143066
4.586626052856445 5.657920895901448 1.8123434782028198 1.8892195224761963
4.05733585357666 7.131237913342147 2.1817357540130615 2.9770519733428955
3.4819443225860596 7.102375349263411 2.49125599861145 4.080747604370117
2.6806814670562744 5.023855563889754 2.6450836658477783 4.772947311401367
5.149332523345947 6.44672083782325 1.921438455581665 2.0042710304260254
3.7677760124206543 6.580087143920666 2.35414981842041 3.2683565616607666
3.616583824157715 6.66484128579836 2.719083309173584 4.587508678436279
2.473903179168701 5.12126523421562 2.899364709854126 5.420380592346191
4.964262962341309 5.89526278881597 2.1639227867126465 2.266517162322998
3.82334041595459 6.608564772125817 2.5768275260925293 3.534283399581909
2.7625725269317627 5.733462038150719 2.877323865890503 4.76568078994751
1.9566489458084106 2.955896776161751 3.00186824798584 5.500871658325195
5.365878582000732 6.5166906344722975 2.268523693084717 2.380615234375
4.373602390289307 7.867422761574119 2.773360013961792 3.897909164428711
2.882739782333374 5.745972111013589 3.1494216918945312 5.416333198547363
3.4944891929626465 6.6059755591408305 3.307554006576538 6.330887317657471
6.1490559577941895 7.752408622416206 2.4172117710113525 2.5410096645355225
4.961392879486084 8.260583979954214 3.043304443359375 4.3851237297058105
4.1112470626831055 7.200877597645899 3.516862154006958 6.287203311920166
4.1338372230529785 7.127798173854629 3.7180519104003906 7.4436259269714355
5.063000679016113 6.092018175629619 2.721501111984253 2.839888334274292
3.886220932006836 6.03113626466795 3.219351291656494 4.501488208770752
3.252810478210449 6.183590661467726 3.4912285804748535 5.991565227508545
1.8065693378448486 3.0402690762221027 3.5717763900756836 6.81978178024292
5.877371311187744 7.060623046271411 2.8507015705108643 2.9945404529571533
4.749207496643066 7.204229420146476 3.4936459064483643 5.0618977546691895
3.3487749099731445 6.288595397373751 3.876377582550049 6.962727069854736
3.393378257751465 6.2556618694983115 4.0008697509765625 8.031824111938477
6.812758445739746 8.350417228656298 3.039790153503418 3.2152140140533447
5.69197940826416 8.861695959690035 3.879817485809326 5.816456317901611
3.989213228225708 6.7105413434432535 4.403708457946777 8.27174186706543
3.4792630672454834 4.574850431122286 4.583399772644043 9.673492431640625
4.540492534637451 5.276948809317759 2.9560043811798096 3.2774198055267334
3.8057444095611572 6.574859642875936 3.8842883110046387 5.600571155548096
3.0449225902557373 5.025880713946492 4.070998191833496 7.182326316833496
2.736055850982666 4.837407695908411 4.072153568267822 8.01402759552002
4.569783687591553 5.097565601917438 3.1394546031951904 3.510253667831421
3.1531407833099365 5.016470081056013 4.2474212646484375 6.368592262268066
2.9050748348236084 5.561656703072003 4.558043956756592 8.476852416992188
3.177046537399292 5.134498608558943 4.6111860275268555 9.58247184753418
5.748740196228027 6.811420889721376 3.3995163440704346 3.8349525928497314
5.274251461029053 6.243452738456301 4.759027481079102 7.445145130157471
2.8681886196136475 6.324318972922459 5.233561992645264 10.223416328430176
3.3820481300354004 5.386581090116806 5.348367691040039 11.708122253417969
4.590517997741699 5.528750927107257 1.715298056602478 1.7753362655639648
3.2412118911743164 5.535936247842756 2.0402133464813232 2.6837427616119385
2.4972188472747803 4.133413938789455 2.3057873249053955 3.609783887863159
2.360692024230957 4.466283113404643 2.432555675506592 4.225417613983154
4.936119079589844 6.0002768065965455 1.7948600053787231 1.8616180419921875
4.0948166847229 6.9386436643715115 2.16518497467041 2.8937788009643555
2.0287156105041504 3.7482542872780975 2.4704816341400146 3.9751455783843994
1.8430858850479126 4.109296974549068 2.615626811981201 4.701871871948242
5.36381721496582 6.6409812270080195 1.9052306413650513 1.98201322555542
4.794583320617676 6.386386537244334 2.3360629081726074 3.180459976196289
3.4417099952697754 5.694018162943607 2.6928951740264893 4.470492362976074
2.2834601402282715 4.138589925909502 2.860818862915039 5.344827175140381
5.608582973480225 6.703715279457299 2.2099313735961914 2.292752981185913
4.629393100738525 7.6677061193316245 2.6061811447143555 3.506147623062134
3.5267815589904785 5.90045979818305 2.8784677982330322 4.70382833480835
2.659372329711914 4.4344552763643605 2.9817888736724854 5.470205783843994
5.984211444854736 7.157226823376277 2.3176040649414062 2.412137985229492
4.504579544067383 6.826694288653693 2.805276870727539 3.8661253452301025
2.8961079120635986 5.565035063623327 3.150193929672241 5.348733425140381
2.891451358795166 5.111890798425399 3.282503366470337 6.306060791015625
6.560245037078857 8.059776440831513 2.4708025455474854 2.5828018188476562
5.196384906768799 8.444440862239606 3.0818145275115967 4.365904331207275
4.396645545959473 7.255495001514477 3.522475242614746 6.238353252410889
3.637662410736084 5.77232246672691 3.691746473312378 7.449948310852051
5.617468357086182 6.571615745358031 2.8853447437286377 3.0066754817962646
4.146731853485107 6.643740778099527 3.3420145511627197 4.595040798187256
2.374318838119507 4.375574775241148 3.539667844772339 5.996036052703857
1.8826435804367065 3.2267511152314343 3.5673224925994873 6.8299174308776855
6.398168563842773 7.481109473238989 3.023383855819702 3.1669681072235107
4.544075012207031 6.626750375280324 3.634075880050659 5.16900110244751
3.048469066619873 4.99631273770774 3.934363603591919 6.984776020050049
2.107060432434082 3.4175038621141525 3.9981536865234375 8.083307266235352
7.371336460113525 8.795632051349742 3.2248690128326416 3.402137279510498
5.621078014373779 6.735492773895658 4.042081356048584 5.961427211761475
3.874070644378662 6.883746815986829 4.4818501472473145 8.360203742980957
3.5552287101745605 3.868444429222876 4.5907182693481445 9.815651893615723
3.9163753986358643 4.2104126438903755 3.2235867977142334 3.5413296222686768
3.4546940326690674 4.601339321681543 4.141755104064941 5.82478141784668
2.444387674331665 4.267024218697799 4.180048942565918 7.269199848175049
2.5812735557556152 4.545830872028903 4.090427875518799 8.061720848083496
4.7608232498168945 5.0186323351027795 3.4300551414489746 3.8032429218292236
2.9869813919067383 5.056992776598619 4.532762050628662 6.633758544921875
3.28289794921875 5.51891528853406 4.6900506019592285 8.600605964660645
2.961427927017212 4.793303713895597 4.637259483337402 9.69489574432373
4.180483818054199 4.669807207163508 3.718735694885254 4.16873025894165
4.255504131317139 6.31995710383131 5.086487293243408 7.7747802734375
3.792236804962158 5.7990168581529815 5.4014458656311035 10.44697380065918
3.202275514602661 5.285281523692447 5.395602703094482 11.96692943572998
3.63226056098938 4.159905907562617 1.47356116771698 1.5150173902511597
3.311458110809326 5.619007072486511 1.7145426273345947 2.225975513458252
2.9244606494903564 5.219526475279963 1.965203881263733 3.0371522903442383
1.6553548574447632 2.6563558793674207 2.1081788539886475 3.5653600692749023
4.097909927368164 5.016168179602403 1.537532091140747 1.5840357542037964
3.5012001991271973 6.258028989059902 1.8083771467208862 2.3721272945404053
2.809536933898926 4.99734879791626 2.091935396194458 3.2983577251434326
2.4978137016296387 5.150173326689817 2.2515158653259277 3.9125468730926514
4.828090667724609 6.008719008912664 1.6285452842712402 1.6811444759368896
4.154521465301514 5.831759057010629 1.9388432502746582 2.5769426822662354
3.3548474311828613 5.691488168170165 2.2646749019622803 3.65991473197937
2.255178213119507 5.384593632720765 2.444929361343384 4.386329174041748
4.289033889770508 4.951607816925161 1.7410231828689575 1.7786383628845215
3.8093395233154297 5.609057022785294 2.0266146659851074 2.6695938110351562
2.5972673892974854 4.96027963824298 2.301098585128784 3.6706392765045166
2.5361664295196533 4.945857074872208 2.440483808517456 4.307675361633301
4.959606170654297 6.00785292752596 1.825862169265747 1.8756779432296753
3.814427137374878 6.312765274144795 2.1642110347747803 2.9017844200134277
2.424259901046753 4.268959787297717 2.4950034618377686 4.100286483764648
2.8927152156829834 5.572657042335971 2.6601409912109375 4.873895645141602
5.8810648918151855 7.155384645784537 1.9518431425094604 2.0144870281219482
4.481021404266357 7.037119870240872 2.361081600189209 3.2330520153045654
3.890601396560669 7.268143931807018 2.7656381130218506 4.706596374511719
3.218562126159668 5.284270053426383 2.963733673095703 5.665795803070068
4.621284008026123 5.397784112194131 2.1788206100463867 2.1439366340637207
3.387401819229126 5.0276173797971175 2.4330224990844727 3.210474967956543
2.941929340362549 4.549722203638623 2.664952039718628 4.351973533630371
2.5765113830566406 4.245603728654984 2.769850015640259 5.051024436950684
5.513935565948486 6.655162575217673 2.2760791778564453 2.2705276012420654
4.600221157073975 5.736489722994097 2.6136434078216553 3.5467967987060547
3.789797782897949 5.6469602990720205 2.92783522605896 4.974503040313721
3.265599489212036 6.371922518889278 3.065575361251831 5.853228569030762
6.646039962768555 8.042473979131115 2.4271395206451416 2.4513227939605713
5.112399101257324 8.458705444136761 2.8790628910064697 4.0299177169799805
4.17730188369751 7.896960401388764 3.3012404441833496 5.861859321594238
3.3661935329437256 4.7240930395758625 3.4814088344573975 6.989745616912842
3.981001377105713 4.477448780296703 2.2492051124572754 2.470090866088867
3.3363542556762695 4.698291741810863 3.056950569152832 4.01497220993042
2.8250253200531006 4.373226079354026 3.0210299491882324 5.007496356964111
1.8588720560073853 2.5667346210598634 3.0557265281677246 5.69277286529541
4.120568752288818 4.51057722229848 2.3870294094085693 2.6460821628570557
3.5384299755096436 5.376483897346247 3.2858541011810303 4.480745792388916
3.4347221851348877 4.752180681704772 3.3509130477905273 5.827627658843994
2.4710030555725098 4.061016566043236 3.4176297187805176 6.713113784790039
4.333810329437256 4.845692372201199 2.595224380493164 2.9016456604003906
5.402832508087158 8.294704716676165 3.632730484008789 5.165419578552246
4.140526294708252 6.9994333225984064 3.821101665496826 7.003555774688721
2.4251952171325684 4.44955433168672 3.9302420616149902 8.165582656860352
3.724505662918091 4.126034554860439 1.6374425888061523 1.6970913410186768
3.1451213359832764 4.873513096632564 1.8872383832931519 2.440096855163574
3.0011401176452637 5.0690411178036925 2.098900079727173 3.210608959197998
2.436417818069458 4.866699903767071 2.2037599086761475 3.708589553833008
4.29133939743042 5.1036797392183075 1.7093887329101562 1.7754236459732056
3.501795768737793 5.939465964030603 1.9945772886276245 2.6169252395629883
2.4772212505340576 4.517728384452802 2.239166498184204 3.5057499408721924
2.622375011444092 4.638615106046503 2.357973098754883 4.078990936279297
5.047219276428223 6.1478768396715395 1.814354658126831 1.8871748447418213
4.601899147033691 7.927140509073979 2.144688844680786 2.8583555221557617
3.0870070457458496 5.248592713173821 2.4299392700195312 3.9048807621002197
3.399603843688965 6.304401361460691 2.5649378299713135 4.577208518981934
4.493993282318115 5.028965866942201 2.075183868408203 2.1574151515960693
2.9995086193084717 4.652351444683553 2.359011173248291 3.102719306945801
2.4444332122802734 4.150474068138635 2.552347183227539 4.035839557647705
2.837193012237549 5.207355894646497 2.624018430709839 4.612639427185059
5.159967422485352 6.126967907266788 2.1681065559387207 2.2627336978912354
4.183510780334473 6.555586731856664 2.5225300788879395 3.393176794052124
3.849867582321167 6.315226410208652 2.7769112586975098 4.541484832763672
3.3479177951812744 6.707833612538051 2.8703489303588867 5.2444539070129395
6.0031914710998535 7.263660393986299 2.314221143722534 2.4232161045074463
4.945471286773682 7.294857710859787 2.761014223098755 3.805510997772217
4.320976734161377 7.008134550047096 3.0914485454559326 5.247131824493408
4.120142936706543 7.648221612124129 3.209989309310913 6.120650768280029
4.805475234985352 5.436300009573586 2.6720328330993652 2.7899510860443115
3.9377403259277344 6.594162883798845 2.968984365463257 3.992121696472168
3.732238292694092 6.11042394621586 3.0672295093536377 4.998592376708984
2.9118051528930664 5.371503831672015 3.0648279190063477 5.58652925491333
5.545103073120117 6.592484992070354 2.796588897705078 2.9354939460754395
4.148340702056885 5.732742888609515 3.2009146213531494 4.429884910583496
3.2463347911834717 6.178382645651027 3.3860855102539062 5.755122661590576
1.7682005167007446 4.904144997695994 3.410632371902466 6.517544269561768
6.543069839477539 7.919624276517446 2.9944047927856445 3.1601955890655518
5.679524898529053 7.790939238438558 3.5438930988311768 5.063050270080566
4.140618324279785 5.3711948996853 3.840005874633789 6.830325603485107
2.7643659114837646 5.4841613846095925 3.894896984100342 7.831588268280029
4.0044379234313965 4.397976589404806 2.8048951625823975 3.1419172286987305
4.0590033531188965 5.8874513977795 3.6230947971343994 5.026496410369873
3.3031375408172607 5.90159066032939 3.5648694038391113 5.961617946624756
2.9169695377349854 5.253793887414929 3.4570555686950684 6.468016147613525
4.710844993591309 5.048425806888929 2.970970392227173 3.3560497760772705
4.706643581390381 7.133011005128936 3.93967342376709 5.669306755065918
2.4099488258361816 3.416575382316367 3.975053548812866 6.965654373168945
3.223017454147339 5.826588043484925 3.893378496170044 7.677956581115723
5.051540851593018 5.4215624291180085 3.22190523147583 3.6706669330596924
5.360874652862549 8.035446459094032 4.403261661529541 6.581020832061768
3.3551433086395264 5.991576127615755 4.5604166984558105 8.399636268615723
2.898056745529175 5.404250731374717 4.508058071136475 9.398561477661133
4.035071849822998 4.440136381860839 1.6057904958724976 1.6454757452011108
3.905529260635376 5.482604987179833 1.8647370338439941 2.3715851306915283
1.6774570941925049 2.5481654843491235 2.1336746215820312 3.159780502319336
2.8795998096466064 4.111897624720655 2.2799670696258545 3.692117929458618
4.506999492645264 5.204067004780654 1.6778813600540161 1.7225544452667236
4.659912586212158 7.069495396768247 1.970831274986267 2.5359084606170654
3.404276132583618 5.002368880325577 2.2778756618499756 3.4518377780914307
3.0273542404174805 5.557329812998205 2.4446558952331543 4.078357219696045
5.1535258293151855 6.310226002059295 1.7807244062423706 1.8319029808044434
4.647083282470703 7.713628807909572 2.1178934574127197 2.764723300933838
3.9966185092926025 7.162374806643925 2.4735047817230225 3.8468315601348877
3.0497143268585205 5.897669197267078 2.6661388874053955 4.592750549316406
4.862452983856201 5.407451098380989 1.9622858762741089 1.9988234043121338
3.926027297973633 6.361660159913839 2.28169322013855 2.930877208709717
2.9822213649749756 4.665086303548634 2.585031747817993 3.943969488143921
2.3849756717681885 4.835219845838085 2.7285988330841064 4.606518745422363
5.413311958312988 6.327274160075888 2.05861234664917 2.1024668216705322
4.928764343261719 7.784317371307147 2.439216136932373 3.1888623237609863
4.226930141448975 7.340689453904531 2.8091909885406494 4.421607494354248
2.301234722137451 3.2537051865126614 2.986652374267578 5.241096496582031
6.157723426818848 7.391357620018624 2.2015388011932373 2.256929636001587
5.918581485748291 9.328836786371951 2.6650021076202393 3.560257911682129
4.68425178527832 6.357848358086585 3.1209819316864014 5.08912467956543
4.05457878112793 7.975495317788045 3.340763568878174 6.114970684051514
5.043286323547363 5.665889753006013 2.4736011028289795 2.5173308849334717
4.874825954437256 6.983768476289331 2.821652412414551 3.6696038246154785
3.3642892837524414 5.617120614328883 3.0937612056732178 4.862046718597412
2.788311719894409 5.130123043253377 3.1929147243499756 5.590371608734131
5.865495204925537 6.868690083929323 2.595233917236328 2.6439735889434814
4.531019687652588 7.322038962319368 3.040703773498535 4.052014350891113
4.23057746887207 7.816720554171297 3.406214475631714 5.562047481536865
3.2402169704437256 6.048270645361754 3.549259901046753 6.502098560333252
6.847316265106201 8.165238344820864 2.778698682785034 2.841632127761841
5.006564617156982 7.053691033963332 3.3591082096099854 4.609010219573975
5.033240795135498 7.587130763752013 3.848015546798706 6.556014060974121
4.055884838104248 6.387806815356896 4.046047687530518 7.782729148864746
4.209376811981201 4.5227075121457005 2.5761678218841553 2.798863649368286
2.5115952491760254 4.2784006693602805 3.527390718460083 4.777256965637207
3.5652427673339844 6.450033515393216 3.604586124420166 5.8344268798828125
2.4986112117767334 4.4949323176740545 3.607706308364868 6.5061116218566895
4.33976936340332 4.881735966713775 2.7325315475463867 2.973890542984009
4.893746852874756 7.705515984059793 3.824901580810547 5.3300652503967285
4.3895392417907715 6.473402470052633 4.004737377166748 6.77950382232666
3.1502206325531006 4.896447334710146 4.053260803222656 7.681105613708496
5.635895252227783 6.336073963162633 2.963533401489258 3.2436587810516357
5.447896957397461 8.086509905612616 4.260716915130615 6.15861177444458
4.5808587074279785 7.519605048272297 4.573671340942383 8.117070198059082
3.8763339519500732 5.760836095818263 4.679686546325684 9.343042373657227
3.7890923023223877 4.34766661435593 1.564819574356079 1.6126216650009155
3.7647202014923096 5.421552550407341 1.8367233276367188 2.368429183959961
3.362736940383911 6.701158499681696 2.101496458053589 3.213902711868286
1.7611960172653198 3.0024615978956604 2.255122184753418 3.7993674278259277
4.308506011962891 5.141299573634797 1.6363271474838257 1.6897475719451904
4.198489665985107 7.111534650304748 1.9345672130584717 2.5334694385528564
3.536717653274536 6.245901364466135 2.2314252853393555 3.506509780883789
2.757112979888916 5.641135090305852 2.4053335189819336 4.192503452301025
5.071046352386475 6.360734066509167 1.7366605997085571 1.7957504987716675
4.776913166046143 7.856353653885094 2.072925567626953 2.7554469108581543
4.153741359710693 7.393186785159287 2.413991928100586 3.897919178009033
3.6644861698150635 6.421888640719295 2.614685297012329 4.716590404510498
4.578520774841309 5.292346824219749 1.883853554725647 1.9370602369308472
4.061953067779541 6.623972040011836 2.216726064682007 2.8952627182006836
2.3053529262542725 4.630835496192105 2.5165951251983643 3.9692721366882324
2.771214723587036 5.598870815477596 2.675442934036255 4.70579719543457
5.21958589553833 6.278471800222121 1.9783132076263428 2.0421342849731445
4.992670059204102 7.535541784331826 2.3613128662109375 3.154505729675293
3.681464672088623 6.095962687787788 2.719940423965454 4.450461387634277
3.3450424671173096 6.687640989929264 2.9137587547302246 5.354913234710693
6.139860153198242 7.57788075354199 2.115844249725342 2.1906144618988037
5.370589256286621 7.7111636374471 2.570830821990967 3.5119965076446533
5.0835723876953125 7.701429388191514 3.011420488357544 5.111201286315918
4.292403221130371 7.240548089082367 3.2521045207977295 6.243983268737793
4.780218124389648 5.597321895197453 2.4110021591186523 2.450000762939453
4.8981523513793945 7.774265513813759 2.748875379562378 3.6057229042053223
2.8991646766662598 5.447471521671503 3.0034983158111572 4.836837291717529
2.461782693862915 4.912461933112482 3.1219382286071777 5.667708873748779
5.727739334106445 6.885710618642975 2.513101816177368 2.5718250274658203
5.444140911102295 8.790804080775956 2.937549114227295 3.973215103149414
4.064908504486084 6.29946796073369 3.2827184200286865 5.537105083465576
2.7396674156188965 5.636558723268763 3.4513843059539795 6.602818489074707
6.748524188995361 8.323041817549367 2.6729955673217773 2.751283645629883
5.9849090576171875 7.82000942994523 3.219465732574463 4.492311477661133
4.837241172790527 8.042118513798329 3.691128969192505 6.513988494873047
4.286953926086426 7.528298734705806 3.927136182785034 7.90361213684082
3.85308837890625 4.426026599699867 2.6531999111175537 2.8520820140838623
3.4257149696350098 6.426311691010653 3.7380306720733643 4.991551399230957
2.817974328994751 5.449150474010821 3.562234401702881 5.810333728790283
3.2184412479400635 5.722904458209541 3.5493884086608887 6.574576377868652
4.220499515533447 4.779177790832364 2.795224905014038 3.034715414047241
3.3829445838928223 4.251014531319925 3.9922094345092773 5.557028293609619
3.448533773422241 4.648262346787641 3.9145326614379883 6.738333702087402
2.955855369567871 5.025340815357083 3.9595539569854736 7.78391695022583
5.637073993682861 6.7759332228027915 3.0060930252075195 3.2933478355407715
5.064660549163818 8.439162498002133 4.359798431396484 6.321350574493408
4.389506816864014 7.46487421690324 4.433711051940918 8.04516887664795
3.9734725952148438 6.835661220674297 4.558556079864502 9.476104736328125
3.999114513397217 5.040497532023551 1.4900861978530884 1.5613967180252075
3.3855953216552734 5.8792008062770265 1.832940936088562 2.531601905822754
3.3638603687286377 5.744519107661546 2.1338069438934326 3.463644504547119
2.9158217906951904 4.772584837524164 2.2802624702453613 4.013829231262207
4.451491832733154 5.653198834741943 1.5594505071640015 1.6358678340911865
3.4261298179626465 6.485952426349776 1.933958649635315 2.711319923400879
3.2503299713134766 6.110170278728219 2.2709901332855225 3.7879629135131836
2.6753787994384766 4.707938943729891 2.4354796409606934 4.43494176864624
5.095035076141357 6.51235419246882 1.6607567071914673 1.7442139387130737
4.202146530151367 7.613696435569636 2.0775036811828613 2.9607269763946533
3.7828783988952637 6.528768821681979 2.4607179164886475 4.226809501647949
3.5968217849731445 6.42347585915941 2.6473798751831055 5.000417232513428
4.84376859664917 5.9259368311196 1.7073873281478882 1.7953331470489502
4.224365711212158 7.183309105960639 2.1564276218414307 3.073916435241699
3.1416990756988525 5.327677732519646 2.530794143676758 4.272361755371094
2.808185338973999 5.221223980776525 2.689582109451294 4.954479694366455
5.451954364776611 6.752318396012697 1.8052690029144287 1.9010415077209473
3.8767189979553223 6.715820397006194 2.307234764099121 3.3528482913970947
2.508460521697998 5.280804144685696 2.744300127029419 4.798478603363037
2.9070208072662354 5.27001169106363 2.9334187507629395 5.643500804901123
6.143436431884766 7.78606038064134 1.9546358585357666 2.0619070529937744
5.200455665588379 8.659271279324624 2.529400587081909 3.7559592723846436
3.41776704788208 5.2592765666465 3.0475995540618896 5.535485744476318
3.3707098960876465 6.031230618135993 3.273731231689453 6.598129749298096
5.14730167388916 6.271565968863797 1.9986635446548462 2.1106977462768555
3.9518771171569824 7.011963575535049 2.534905195236206 3.7208259105682373
3.3669214248657227 6.6403850830126885 2.945193290710449 5.131220817565918
2.8869662284851074 5.059334362191038 3.093851089477539 5.902926921844482
5.933514595031738 7.297679087911092 2.11948823928833 2.243422746658325
4.020664215087891 7.034553892377687 2.7338225841522217 4.106571197509766
2.477240800857544 4.19055088103687 3.236546754837036 5.876453876495361
3.076664686203003 5.353058300449106 3.4272050857543945 6.875674247741699
6.87126350402832 8.727511531923142 2.3112754821777344 2.451975107192993
4.42587423324585 7.42561963179584 3.0355472564697266 4.679056167602539
3.842242479324341 6.652219833308351 3.6574437618255615 6.940487384796143
3.320861577987671 5.30359121929996 3.8989040851593018 8.246275901794434
4.0394392013549805 4.4085713810882226 2.4004011154174805 2.778343439102173
3.7640082836151123 6.159731616981631 3.0010464191436768 4.481747627258301
3.1757025718688965 5.890809279499081 3.3222358226776123 5.9188055992126465
2.7649362087249756 4.8000891979168046 3.4348583221435547 6.713811874389648
4.664219856262207 5.407166281076158 2.545562744140625 2.970745325088501
4.275111675262451 7.719086050028018 3.2496767044067383 5.009604454040527
3.4176242351531982 5.431952846695481 3.6824870109558105 6.8710455894470215
2.7660105228424072 4.489438333658256 3.845120429992676 7.93735933303833
5.621824741363525 6.573458204718135 2.7780239582061768 3.261984348297119
5.117475509643555 9.184834725999785 3.6290109157562256 5.779672145843506
4.427139759063721 8.06802439523699 4.208245754241943 8.23901081085205
3.634512186050415 6.300294244521865 4.429487228393555 9.671978950500488
3.632213592529297 4.460442891672166 1.651922583580017 1.7074263095855713
2.9346494674682617 5.396330265831693 1.9307312965393066 2.538728713989258
2.5459041595458984 5.366478741440357 2.1774814128875732 3.4024059772491455
1.72635817527771 3.6405149632876146 2.3082549571990967 3.9815945625305176
4.328099250793457 5.468751731204726 1.7281162738800049 1.7895249128341675
3.2976605892181396 6.09339517247129 2.043919086456299 2.719542980194092
2.2756195068359375 3.508045859887261 2.3287954330444336 3.711035966873169
3.049133539199829 6.198547482343621 2.480185031890869 4.380781650543213
5.111894130706787 6.47478927516795 1.8368477821350098 1.906076192855835
4.819203853607178 7.428384957378114 2.201932668685913 2.973707437515259
4.117336750030518 6.151390243218291 2.535238265991211 4.139239311218262
2.2881789207458496 5.367358053624157 2.7109482288360596 4.929875373840332
4.33224630355835 5.360605449992381 2.094585418701172 2.1583333015441895
3.618957996368408 5.897566962985167 2.437603235244751 3.2522287368774414
2.8755550384521484 5.724442366005061 2.7004635334014893 4.361485004425049
3.084108591079712 5.653172311488788 2.815948963165283 5.0763726234436035
5.169147491455078 6.473276225605588 2.1975653171539307 2.272712230682373
4.188687801361084 6.491035644034355 2.6152961254119873 3.5559606552124023
3.372072696685791 5.52258325998082 2.9493234157562256 4.906025409698486
2.5645627975463867 4.302430251983367 3.098937511444092 5.7850751876831055
6.057374954223633 7.652086995151649 2.3513119220733643 2.4417006969451904
4.309627532958984 6.114417582294976 2.8701441287994385 3.993459939956665
3.4323108196258545 5.648131858970591 3.2965078353881836 5.676024913787842
3.081286907196045 4.949772196108512 3.4865875244140625 6.775969505310059
4.58188533782959 5.6840265913965595 2.674490451812744 2.77402400970459
3.18135142326355 5.403236591587843 3.071432590484619 4.1903181076049805
3.430999279022217 5.941741827501772 3.2932193279266357 5.488816261291504
1.9008761644363403 4.44866557124908 3.3531670570373535 6.2718634605407715
5.489699840545654 6.8520518958303 2.806593656539917 2.920210599899292
3.250091552734375 4.953948061147571 3.3333096504211426 4.662983417510986
2.7434327602386475 4.608422075444878 3.6580240726470947 6.325984001159668
2.7071492671966553 4.353895816451171 3.7615857124328613 7.345405578613281
6.565615177154541 8.348019531550335 3.0107007026672363 3.1478357315063477
5.299078941345215 6.803143684767406 3.7116713523864746 5.347390174865723
5.04539680480957 8.747879485837865 4.171356201171875 7.518970012664795
3.568159580230713 5.6489129311500506 4.328227996826172 8.857991218566895
3.9006338119506836 4.441239964372301 2.9055185317993164 3.1819090843200684
3.638371229171753 5.92627319961457 3.757605791091919 5.290796279907227
2.6783196926116943 5.203711247870501 3.8505351543426514 6.60840368270874
1.9576658010482788 4.460774580411268 3.8272550106048584 7.359513759613037
3.837918519973755 4.2227220125254235 3.1010143756866455 3.4210867881774902
4.5187907218933105 7.101090355222823 4.094226360321045 5.98091459274292
2.209970712661743 4.164811026287026 4.332068920135498 7.741981029510498
3.268198251724243 4.7039508806306 4.351476192474365 8.77602481842041
5.299391269683838 5.567035833079672 3.384962320327759 3.7718687057495117
5.525576591491699 8.431748157182824 4.597400665283203 6.9728899002075195
4.5703630447387695 8.223441038553943 5.00490140914917 9.352237701416016
3.8826074600219727 6.797625203567932 5.081053733825684 10.770858764648438
4.371530532836914 4.936805036896374 1.4916342496871948 1.5400029420852661
3.805659532546997 6.409083532719407 1.7238099575042725 2.208155393600464
3.1311094760894775 5.123426665214879 1.942649006843567 2.9449260234832764
3.2452380657196045 6.548620861186275 2.064331531524658 3.455955743789673
4.752544403076172 5.574683102375616 1.5583473443984985 1.6087714433670044
4.566005229949951 6.582513099116202 1.815736174583435 2.3450584411621094
3.8453011512756348 6.505071940930882 2.061077833175659 3.1805758476257324
3.1699140071868896 5.617932266022478 2.196589231491089 3.7688169479370117
5.275740623474121 6.393879254611534 1.6525338888168335 1.707011103630066
4.316761493682861 7.734070464049605 1.9435912370681763 2.538280963897705
3.3849501609802246 6.8752761681959385 2.223703145980835 3.5076706409454346
3.624422073364258 5.637965729323881 2.376347780227661 4.197772979736328
5.374145030975342 6.098259772826783 1.7818167209625244 1.8494536876678467
4.508459091186523 7.348630591937763 2.043666362762451 2.6513192653656006
3.817692279815674 5.858592957366 2.2676925659179688 3.5322535037994385
3.2982492446899414 6.271854487416931 2.3773043155670166 4.1343913078308105
5.741616249084473 6.740288960414432 1.8774415254592896 1.9446905851364136
4.862293243408203 7.597486761875643 2.183140277862549 2.8675007820129395
4.196142673492432 7.650372050712291 2.451913356781006 3.9186720848083496
3.891242742538452 6.858654017883014 2.5831093788146973 4.646409511566162
6.39921760559082 7.640730831233277 2.0135915279388428 2.085613965988159
5.891576766967773 8.879269096657335 2.380129814147949 3.180713415145874
3.827436923980713 5.084863456385392 2.7107295989990234 4.470608711242676
4.421960353851318 8.125067043757554 2.8706986904144287 5.370544910430908
5.592848777770996 6.43304761127456 2.2324647903442383 2.348106861114502
4.019454002380371 6.227053888883347 2.470168113708496 3.2590816020965576
4.27766752243042 7.087722798285519 2.6349751949310303 4.2010955810546875
3.4353654384613037 5.70824389865038 2.6955840587615967 4.832388401031494
6.42717981338501 7.519335670944457 2.3469433784484863 2.470121383666992
5.615661144256592 9.139767373807615 2.6612491607666016 3.569281816482544
3.55876088142395 6.749384656769109 2.890068531036377 4.75998067855835
3.0699572563171387 4.63529244089402 2.9770219326019287 5.560520172119141
7.327188014984131 8.666656376607392 2.5186052322387695 2.6495771408081055
4.979377269744873 9.047652497324554 2.9347429275512695 4.02485466003418
4.485004425048828 7.833580287937821 3.2535312175750732 5.571505069732666
3.200519323348999 6.422620511507418 3.37760591506958 6.6100568771362305
4.74760103225708 5.23398869718676 2.27128267288208 2.579820394515991
3.9945125579833984 6.72155720401588 3.2992358207702637 4.562262058258057
3.437518358230591 5.976329367814407 3.020533800125122 4.91499662399292
2.478653907775879 4.5894160151433425 2.980491876602173 5.458516597747803
4.75468635559082 5.298686457418043 2.418257236480713 2.740961790084839
5.250387668609619 8.704721961431687 3.5567190647125244 5.017174243927002
3.963230848312378 6.392730717090217 3.3430404663085938 5.648715496063232
3.3082187175750732 5.333889818493617 3.328425407409668 6.385066986083984
6.294926166534424 7.068349895707115 2.6306374073028564 2.9774935245513916
5.402872085571289 8.327234032171503 3.907845973968506 5.673336029052734
5.081561088562012 6.916783816256526 3.8070783615112305 6.724453449249268
3.1906464099884033 5.185879011786476 3.828726053237915 7.736006736755371
4.16563606262207 5.0090015513690105 1.4572193622589111 1.5100016593933105
3.637540817260742 5.973324157946422 1.7208573818206787 2.2533674240112305
3.1007792949676514 5.7681540689081885 1.9700136184692383 3.054354429244995
2.9431440830230713 5.318738024996719 2.114917278289795 3.6037635803222656
4.633090496063232 5.615217885487311 1.5228999853134155 1.5785776376724243
3.620398759841919 5.166625166886433 1.812599539756775 2.3942465782165527
3.258129835128784 6.055024803007511 2.0903754234313965 3.302440881729126
2.9690539836883545 5.892252867840966 2.251657724380493 3.9350359439849854
5.31962251663208 6.503084872222587 1.616618275642395 1.6760019063949585
4.800918102264404 7.591669793374422 1.941745400428772 2.5889644622802734
3.12589693069458 6.823736062430246 2.2576494216918945 3.642212390899658
3.547468423843384 6.539885055514176 2.440091848373413 4.385494232177734
5.170541286468506 6.160933998616429 1.6534925699234009 1.716147780418396
4.881628513336182 7.400282226840318 1.970362663269043 2.624415874481201
3.536344528198242 6.230273562881166 2.259385347366333 3.61236572265625
2.9339330196380615 5.784167900878877 2.4183096885681152 4.287979602813721
5.684713363647461 6.804434337131292 1.745839238166809 1.8131202459335327
4.100870132446289 6.552357351275077 2.105950117111206 2.8417699337005615
3.7154815196990967 5.502429753859403 2.4433071613311768 4.012632369995117
2.8711211681365967 5.369173730277523 2.628957986831665 4.826166152954102
6.436397552490234 7.830263874836419 1.8815586566925049 1.9550589323043823
5.890868663787842 9.626521143170466 2.3028693199157715 3.1521732807159424
4.4002580642700195 7.779324562097827 2.706879138946533 4.579983234405518
3.515381336212158 6.5043591644296725 2.9281232357025146 5.584170341491699
5.4757981300354 6.5465338763742835 1.927139401435852 1.9907466173171997
3.810206174850464 6.525154314372509 2.2614121437072754 3.053334951400757
3.434032917022705 5.78388252809043 2.549529790878296 4.178439140319824
3.0722010135650635 5.685938263327387 2.7019882202148438 4.944522380828857
6.2693772315979 7.475980509187366 2.035801410675049 2.1106514930725098
4.511545181274414 7.632950985449668 2.4377732276916504 3.347748279571533
3.294565200805664 6.506973498653053 2.7960305213928223 4.737606525421143
3.4094746112823486 6.4317414814354095 2.98490571975708 5.695343017578125
7.27375602722168 8.835957554234028 2.2051758766174316 2.2913968563079834
5.040737152099609 7.05279448128033 2.7018520832061768 3.780503511428833
4.186563014984131 7.926284332728528 3.157525062561035 5.549640655517578
3.9317386150360107 6.750016117891632 3.395742654800415 6.778506278991699
3.6435937881469727 4.150093460028984 2.1658008098602295 2.5244195461273193
3.399094343185425 5.745447844705581 2.76342511177063 3.8169591426849365
3.128278970718384 4.999040415853301 2.81535005569458 4.6990132331848145
2.842306613922119 6.088754387146992 2.933840751647949 5.488157272338867
4.42972993850708 5.019932894279343 2.313162088394165 2.690443277359009
5.271286487579346 8.490544863493101 2.9690117835998535 4.191249370574951
3.3997128009796143 6.077742028208377 3.11572265625 5.3996148109436035
3.512430429458618 6.533108139571169 3.276031970977783 6.419930934906006
5.4349236488342285 6.368771264060527 2.5321810245513916 2.9382739067077637
5.891927719116211 9.800163580020268 3.2799034118652344 4.734188556671143
4.319239139556885 7.331213922639364 3.5617921352386475 6.4333109855651855
4.237637996673584 7.976061540411365 3.7798311710357666 7.78282356262207
4.2167768478393555 4.69572336221222 1.599753975868225 1.6467925310134888
3.8914566040039062 6.25901128841042 1.870322346687317 2.4287383556365967
3.248404026031494 6.233308010981318 2.142302989959717 3.3049662113189697
3.0948591232299805 5.836995323212475 2.2937679290771484 3.890404224395752
4.505512237548828 5.267573767700867 1.6721283197402954 1.7203136682510376
4.097015857696533 6.219198166076692 1.9777257442474365 2.589399814605713
3.0462255477905273 4.561321971397575 2.288564682006836 3.592708110809326
2.9197654724121094 5.9302592689404605 2.4626901149749756 4.2725934982299805
5.06636905670166 6.284400785988964 1.7747482061386108 1.8271716833114624
3.9759321212768555 6.826571800469196 2.1257593631744385 2.818598985671997
3.6040399074554443 5.90392828996483 2.4857966899871826 3.99336576461792
3.9645943641662598 6.53291108168969 2.6870577335357666 4.798056602478027
5.161445140838623 5.81207846250237 1.9621520042419434 2.017315626144409
4.205017566680908 7.095266440674647 2.2971396446228027 3.034883737564087
2.9038660526275635 4.642797336744096 2.60874605178833 4.166837692260742
3.457993507385254 6.11569866883201 2.7634942531585693 4.904174327850342
5.596149444580078 6.59494020996101 2.060314655303955 2.118032455444336
4.736949443817139 7.448341430756621 2.4599244594573975 3.2949235439300537
3.041553497314453 5.26056761237507 2.8395586013793945 4.655952453613281
2.7362515926361084 5.088812973015294 3.0315823554992676 5.558938980102539
6.2634806632995605 7.782172837304074 2.2070302963256836 2.27170467376709
5.348538875579834 8.259396785149235 2.6925158500671387 3.6766185760498047
3.8515207767486572 6.7530947147193645 3.1599435806274414 5.354475975036621
3.7804548740386963 5.881742447467758 3.3973073959350586 6.479557037353516
5.244214057922363 5.990491563780438 2.4921910762786865 2.519469738006592
4.014369487762451 5.742642905599311 2.831204414367676 3.804823875427246
3.7301454544067383 6.840288338185019 3.120466470718384 5.141262531280518
2.6150765419006348 5.171607297592358 3.2477238178253174 5.978804111480713
6.086732387542725 7.113737366284113 2.6047348976135254 2.654420852661133
4.936241149902344 6.699682887574454 3.0549113750457764 4.195957660675049
4.182796001434326 6.581553077938442 3.4454894065856934 5.870054721832275
3.3203742504119873 6.946403809483751 3.6224141120910645 6.946513652801514
7.066806793212891 8.639575839556983 2.7906877994537354 2.8627395629882812
5.286056995391846 8.482626238429475 3.385664224624634 4.772630214691162
4.412623405456543 8.01123499370339 3.9052767753601074 6.9256205558776855
4.2077107429504395 7.5405027640454705 4.143120765686035 8.325581550598145
4.149051189422607 4.484395611334094 2.5469882488250732 2.766261100769043
3.7957122325897217 6.324119203377979 3.4786438941955566 4.821309566497803
2.718087673187256 4.30104795568991 3.6013317108154297 6.0864152908325195
0.9312556982040405 2.258169563643264 3.668994188308716 6.934177398681641
5.171096324920654 5.386193607501497 2.6943061351776123 2.944594383239746
2.999581813812256 4.672805340095181 3.761117458343506 5.354689598083496
3.658909797668457 6.019978673698386 4.016113758087158 7.058445930480957
2.4386186599731445 3.5606416418361277 4.1399827003479 8.195852279663086
5.723048686981201 6.2643877156670555 2.9229066371917725 3.218862295150757
5.312576770782471 8.240420261615625 4.1918182373046875 6.1629767417907715
4.066017150878906 6.65806304761395 4.609715461730957 8.471709251403809
2.6550958156585693 4.343568183895059 4.800501823425293 10.00636100769043

