3.8311784267425537 4.4668201046313385 1.4587479829788208 1.5024394989013672
3.6439034938812256 5.205477193906063 1.6990127563476562 2.1801955699920654
2.415358304977417 4.447424969666438 1.9575417041778564 2.967228651046753
2.480886220932007 5.0970284988366075 2.1218507289886475 3.5171959400177
4.205101013183594 4.923679897541 1.5368719100952148 1.585073709487915
4.412656784057617 7.002361314135669 1.8075886964797974 2.346688747406006
3.3174262046813965 6.113069322668764 2.09604549407959 3.2429163455963135
2.790510654449463 5.436026224968714 2.2773187160491943 3.8739442825317383
4.946378707885742 5.927956043841586 1.6601219177246094 1.7138117551803589
4.288448333740234 6.923132743396309 1.9735897779464722 2.5998692512512207
4.05501651763916 6.112040511621217 2.3003315925598145 3.6529595851898193
3.0597708225250244 5.557695474536153 2.5006799697875977 4.392494201660156
5.048812389373779 5.773551223483764 1.615735650062561 1.6685603857040405
3.663269519805908 6.128594066098344 1.911059021949768 2.501643180847168
2.698094367980957 4.901234885912345 2.217027425765991 3.475771188735962
3.0256731510162354 5.818361017657695 2.4086573123931885 4.168362617492676
5.51113748550415 6.366244355059365 1.7320692539215088 1.7920775413513184
3.8952207565307617 5.926233147066064 2.0788416862487793 2.766435384750366
4.084536552429199 6.996544708956435 2.431100368499756 3.9199581146240234
2.7853341102600098 5.70623915123943 2.646491765975952 4.740651607513428
6.342902660369873 7.422416343761881 1.9339741468429565 2.0026872158050537
5.771117687225342 8.627313130667083 2.3581974506378174 3.2014057636260986
4.066288948059082 7.540183572699334 2.7719390392303467 4.625410079956055
3.903123378753662 7.076961759504229 3.012117862701416 5.620875358581543
5.833327770233154 6.461876316627922 1.754499077796936 1.8167438507080078
5.492109298706055 8.747442943573333 2.1069581508636475 2.8069894313812256
3.784891128540039 6.9993839087237575 2.4450199604034424 3.941532611846924
3.15150785446167 6.246190034123174 2.655076026916504 4.7549848556518555
6.527067184448242 7.382358676972707 1.9055641889572144 1.9786874055862427
5.773214340209961 9.27436482277767 2.3364856243133545 3.178419589996338
4.667160987854004 8.05541556589182 2.7356796264648438 4.561496257781982
3.070002794265747 5.000477690894371 2.9726903438568115 5.545214653015137
7.617362022399902 8.748172750736835 2.193861722946167 2.280177354812622
6.18931770324707 8.821794732909922 2.7466468811035156 3.828627824783325
4.886528491973877 7.059429475943716 3.2277021408081055 5.600385665893555
3.062776803970337 5.578549556977279 3.488158941268921 6.816588878631592
5.8773345947265625 6.519870010383384 1.9753625392913818 2.1689209938049316
4.967728137969971 7.613469957192024 2.3327107429504395 3.1716456413269043
3.8518261909484863 6.734880758709551 2.624819040298462 4.322203159332275
3.310201644897461 5.9880702762321505 2.839850902557373 5.212089538574219
6.670381546020508 7.495219861544683 2.1520814895629883 2.368678569793701
5.752758502960205 8.0218635443332 2.6292779445648193 3.6773877143859863
4.784914970397949 7.7166656854318205 2.9819464683532715 5.10221004486084
4.098819732666016 6.3738205388379185 3.2222509384155273 6.186031341552734
7.57950496673584 8.656022028617286 2.4815444946289062 2.7445037364959717
6.481100082397461 9.699799531975714 3.1726977825164795 4.571923732757568
5.084074020385742 7.429215742012414 3.611626148223877 6.450920581817627
3.730350971221924 5.853048877801975 3.8672101497650146 7.80063009262085
4.439489364624023 5.09262084987148 1.4873995780944824 1.5322322845458984
4.2464189529418945 6.832671324433548 1.7325876951217651 2.2225308418273926
2.9473111629486084 4.798327537396359 1.9934029579162598 3.025378465652466
2.8086323738098145 5.364598263438694 2.1556894779205322 3.5841188430786133
4.9450154304504395 5.741226279042953 1.5704076290130615 1.6198506355285645
4.447615623474121 6.907486918438266 1.847848653793335 2.398855447769165
2.5232579708099365 4.839620959415697 2.1405045986175537 3.3182051181793213
2.3432533740997314 5.1823755462324925 2.3205506801605225 3.962470293045044
5.606395721435547 6.655223102169117 1.7013272047042847 1.756639003753662
4.725249767303467 6.864790512090245 2.0247089862823486 2.669360637664795
3.5495612621307373 7.057770441538962 2.3587067127227783 3.757803201675415
4.045527935028076 7.947975045919662 2.559025526046753 4.517289638519287
5.492324352264404 6.179713898688533 1.6906120777130127 1.7463675737380981
5.588534355163574 8.46824180545066 1.9912841320037842 2.598843812942505
3.957829475402832 6.661216116202581 2.2924985885620117 3.5925958156585693
2.0287363529205322 3.548986495921554 2.4711968898773193 4.292852878570557
6.050763130187988 6.973744931296551 1.8146321773529053 1.8783055543899536
5.3297319412231445 8.437539229474623 2.1716480255126953 2.883444309234619
4.654934406280518 7.644479442161028 2.524293899536133 4.073612689971924
3.0035531520843506 4.807644445459886 2.7283999919891357 4.911135673522949
6.88521146774292 8.0722441071307 2.0302155017852783 2.1035473346710205
6.062593936920166 9.143665257268871 2.472604274749756 3.3560287952423096
5.0692458152771 8.581132087709193 2.894317388534546 4.845724105834961
4.215688705444336 7.16851816383719 3.1262166500091553 5.871689796447754
5.88682222366333 6.604787070310586 1.9532570838928223 2.016904592514038
5.619095325469971 8.572378749353021 2.2768983840942383 3.0110909938812256
3.6273882389068604 5.646406753335668 2.5805037021636963 4.144674301147461
3.2630929946899414 6.257199868089742 2.754349946975708 4.950170040130615
6.726669788360596 7.662229610062639 2.110658645629883 2.187406063079834
5.896439075469971 8.632506833259868 2.5228147506713867 3.4116830825805664
4.995652198791504 8.628813990717163 2.8998606204986572 4.8282318115234375
3.6623218059539795 6.818536875036969 3.104630708694458 5.818296909332275
8.049636840820312 9.296118242720922 2.4161486625671387 2.5089876651763916
6.178681373596191 9.270438885858766 2.965019941329956 4.125561237335205
5.426665782928467 9.215769935314711 3.440014600753784 5.98478889465332
4.185117244720459 7.204951464206033 3.674630641937256 7.229879856109619
5.779673099517822 6.453144372951925 2.005694627761841 2.218250274658203
5.765026092529297 8.681460919477274 2.748631000518799 3.744023561477661
3.656243085861206 6.068626761948963 2.832970380783081 4.635102272033691
2.981387138366699 4.997457475210119 2.9768266677856445 5.4777936935424805
6.591330528259277 7.480678733871628 2.199019432067871 2.434481620788574
5.857386112213135 9.144766983884267 3.0455667972564697 4.2760186195373535
5.072605609893799 8.155556138629345 3.2285618782043457 5.504428863525391
3.2247889041900635 6.61454572810004 3.405560255050659 6.561769962310791
7.7572455406188965 8.924017786491731 2.5570597648620605 2.8352789878845215
6.364363193511963 9.986303438498929 3.5964813232421875 5.20014762878418
5.17263650894165 8.604534334070806 3.922931671142578 7.021348476409912
3.8347883224487305 7.049300553439792 4.126739025115967 8.375842094421387
4.548426628112793 5.321333499758111 1.6018168926239014 1.6515557765960693
4.562309265136719 7.745353579065386 1.8581544160842896 2.385120153427124
3.8635897636413574 7.094334246003168 2.126298666000366 3.246434211730957
2.3486952781677246 4.631301840466776 2.2868847846984863 3.8424277305603027
5.057738780975342 6.046032197916816 1.699641227722168 1.7548604011535645
5.042754173278809 7.759912728712152 1.9962116479873657 2.5971691608428955
4.018954277038574 7.053237811034705 2.306199312210083 3.607489585876465
3.742063283920288 6.972316729396738 2.488373041152954 4.310639381408691
5.6570725440979 6.9003701800666235 1.850489616394043 1.913135051727295
5.064281463623047 8.582796540900745 2.2066783905029297 2.9223456382751465
4.630937576293945 8.00079102603695 2.5748291015625 4.154970645904541
3.920675754547119 7.300628524854346 2.7835733890533447 5.008708477020264
5.59574556350708 6.432544266694606 1.9335026741027832 2.0008440017700195
4.867689609527588 7.203229516010197 2.2511024475097656 2.9462766647338867
3.412238836288452 6.108476559032823 2.551840305328369 4.043907642364502
2.9546797275543213 5.490481770917768 2.7140884399414062 4.799416542053223
6.182879447937012 7.287690106894047 2.077052354812622 2.155717611312866
4.909394264221191 6.907503321394367 2.472440242767334 3.3043553829193115
3.8397884368896484 6.772189633106791 2.8492355346679688 4.674911022186279
3.0027127265930176 5.524472230536119 3.0451340675354004 5.614434242248535
6.9886088371276855 8.508727590802977 2.3168413639068604 2.409837007522583
6.002931594848633 9.59983672925182 2.8336877822875977 3.891000270843506
5.390214443206787 8.923644129227156 3.320094585418701 5.687620162963867
4.750716686248779 7.7345365660354135 3.558156728744507 6.893779754638672
6.12409782409668 7.015249568473791 2.4440224170684814 2.5214154720306396
5.549709796905518 8.315645646568555 2.749469757080078 3.662668228149414
4.048128604888916 7.139372752846157 3.008636713027954 4.916927814483643
1.984935998916626 4.464645549635357 3.1347434520721436 5.7701921463012695
7.069215774536133 8.192525314165366 2.617882013320923 2.7170357704162598
5.884401321411133 8.850766009365302 3.058455467224121 4.192374229431152
4.850759983062744 8.260038351288756 3.436720371246338 5.86419153213501
3.8934974670410156 7.078972499059702 3.60579776763916 6.975498676300049
8.199013710021973 9.786404247122846 2.941067934036255 3.069673776626587
6.273298740386963 10.353098306055482 3.5954346656799316 5.111903190612793
4.4737067222595215 8.386553943293222 4.143099308013916 7.446484088897705
3.9295480251312256 5.89350023117661 4.364010810852051 8.935335159301758
5.722172737121582 6.538732442444008 2.562364339828491 2.7875821590423584
5.372575759887695 8.719170073405053 3.555722951889038 4.945756912231445
3.554007053375244 6.104866703096153 3.4464824199676514 5.78103494644165
3.5434629917144775 5.824708637052709 3.491295099258423 6.609651565551758
5.456239700317383 6.425780684995857 2.7945754528045654 3.0668702125549316
5.657698154449463 9.131424601860452 3.9403598308563232 5.672379016876221
4.244873523712158 7.723363140999368 3.9960250854492188 7.03487491607666
3.4518847465515137 6.76034385242076 4.08766508102417 8.172894477844238
6.5804924964904785 7.878551045160123 3.206838369369507 3.5555906295776367
6.6248040199279785 10.21314215565544 4.6305060386657715 6.931994438171387
5.482268810272217 8.191115389742663 4.924121379852295 9.17636775970459
4.076050281524658 6.2763840121987755 5.068619728088379 10.762080192565918
4.611547946929932 5.387643116466279 1.6288503408432007 1.6802383661270142
4.138940334320068 6.7938456286453 1.8843302726745605 2.4195199012756348
3.5668485164642334 5.992346862726436 2.147942543029785 3.286168098449707
2.5723276138305664 4.9251807328275845 2.3050923347473145 3.8832573890686035
5.128866195678711 6.145004777740098 1.725571632385254 1.7826708555221558
4.773728847503662 7.220343326536195 2.0216386318206787 2.631577968597412
3.6652748584747314 6.449269381588238 2.327571153640747 3.649628162384033
3.431396484375 6.953246248536317 2.506511926651001 4.356065273284912
5.774829864501953 7.054272316759068 1.8720636367797852 1.9368032217025757
5.131542682647705 8.530535068418018 2.2271127700805664 2.9508745670318604
4.801672458648682 8.441589319044851 2.5915679931640625 4.192775726318359
3.8009848594665527 7.224177968639486 2.798142433166504 5.05268669128418
5.756247043609619 6.602180671654537 1.999186396598816 2.0705924034118652
5.143998622894287 8.492495694246372 2.313626527786255 3.031864881515503
2.762038230895996 4.58559517602437 2.5989644527435303 4.135313510894775
2.7314364910125732 5.25677808387934 2.7506606578826904 4.885526180267334
6.3502936363220215 7.469755701270003 2.1395251750946045 2.2231457233428955
5.132061958312988 7.484759384098936 2.5341124534606934 3.393390655517578
4.3223137855529785 6.499539158480104 2.8968000411987305 4.775691509246826
2.7109944820404053 5.420189385570325 3.0824522972106934 5.714553356170654
7.195868968963623 8.784759487331474 2.3699352741241455 2.46889328956604
6.5205817222595215 9.935356421980941 2.886012077331543 3.971275568008423
4.36972188949585 7.793776513407986 3.3592023849487305 5.784334659576416
4.3934125900268555 6.981241723983771 3.5883913040161133 6.995318412780762
6.164976119995117 7.075135770953693 2.5765762329101562 2.6606318950653076
5.253594875335693 8.618777488870315 2.878598213195801 3.846477508544922
3.635124683380127 6.362667367739277 3.095848798751831 5.0933661460876465
2.9932289123535156 5.933789662094455 3.196885108947754 5.921391010284424
7.142459869384766 8.282413429995472 2.7465875148773193 2.854374647140503
4.414978981018066 6.032747083076316 3.190572738647461 4.393477916717529
4.221914768218994 7.835841081630406 3.5286319255828857 6.067370891571045
3.7139859199523926 7.134760103012468 3.671487331390381 7.157936096191406
8.252212524414062 9.851550664942984 3.0572845935821533 3.197145700454712
7.046932220458984 11.175240794731906 3.7212765216827393 5.317014217376709
4.343935489654541 7.725644585627151 4.228514194488525 7.660865783691406
4.251353740692139 6.567374665782793 4.42229700088501 9.133316040039062
5.183970928192139 5.678876791653238 2.7199504375457764 2.97243070602417
4.216899394989014 6.131576213849257 3.767115831375122 5.2740678787231445
3.459040641784668 6.448957652270792 3.5847818851470947 6.072431564331055
3.2369024753570557 5.882384881382677 3.5812151432037354 6.832882404327393
6.70144510269165 7.443750533645584 2.952446699142456 3.2562808990478516
6.0189361572265625 9.011788264519964 4.176384925842285 6.057700157165527
3.9407706260681152 7.357350942650328 4.147420883178711 7.380727291107178
3.19789719581604 5.490102311117656 4.186121463775635 8.450394630432129
7.358935356140137 8.574337597194312 3.355764627456665 3.7403953075408936
6.588318824768066 8.98486071518687 4.892409324645996 7.3952741622924805
5.423251628875732 8.169886696857787 5.080841064453125 9.571154594421387
4.213843822479248 7.1425123190026625 5.164240837097168 11.08145809173584
3.9043900966644287 4.430065581487053 1.7216594219207764 1.7792277336120605
4.10000467300415 6.887845351991018 2.0078086853027344 2.6068060398101807
2.94002628326416 5.767325348248953 2.2754108905792236 3.527315139770508
2.872223377227783 5.203096633693672 2.4196841716766357 4.148901462554932
4.739957809448242 5.4917604099313735 1.8232173919677734 1.884705662727356
4.012226581573486 6.459571347844246 2.15199875831604 2.8324472904205322
3.7149908542633057 6.704024140443806 2.462120294570923 3.907674551010132
3.327049970626831 5.099602755836713 2.6258089542388916 4.636549949645996
5.713284492492676 6.782221686545199 1.9806568622589111 2.050981044769287
4.054900646209717 6.328734630199897 2.3657283782958984 3.170243501663208
4.044494152069092 7.811865954425713 2.728846549987793 4.45316743850708
3.9096245765686035 6.320154117731416 2.914139986038208 5.317373752593994
4.592698574066162 5.305054178625011 2.1887292861938477 2.2906246185302734
4.37325382232666 7.215136256956612 2.5459275245666504 3.3887133598327637
3.3562676906585693 6.305414150822884 2.8378164768218994 4.574772834777832
2.2776081562042236 4.755734980993225 2.9695591926574707 5.351362705230713
5.577559471130371 6.51428555735353 2.3412349224090576 2.444898843765259
4.949703693389893 7.6385799610606 2.7842888832092285 3.7817182540893555
3.4163570404052734 5.507065286550642 3.1505463123321533 5.249047756195068
3.559830665588379 6.335226818000621 3.3098981380462646 6.204144477844238
6.800491809844971 7.949250011724132 2.6001248359680176 2.7162351608276367
5.4257097244262695 7.21897980725339 3.156688690185547 4.404382705688477
4.634546279907227 7.4880129559628585 3.6143760681152344 6.254004001617432
4.301658630371094 7.5068677791906 3.802955150604248 7.4344329833984375
5.0062255859375 5.81997762539207 2.7692995071411133 2.943403959274292
4.453824520111084 7.9652033576311965 3.1748440265655518 4.363992691040039
3.386855125427246 6.871772653769995 3.445852279663086 5.757139682769775
3.159804344177246 4.841872431239153 3.5344605445861816 6.629591464996338
6.1761794090271 7.1868894247757 2.9718894958496094 3.165760040283203
5.030092716217041 8.095374208854963 3.511955976486206 4.958602428436279
3.742814064025879 5.435062924191901 3.8932104110717773 6.760602951049805
3.431638717651367 5.650764981626125 4.015713691711426 7.8753838539123535
7.602697372436523 8.808870692892025 3.342133045196533 3.572439670562744
5.655057907104492 7.9592470840552485 4.067136764526367 5.9360175132751465
3.9032695293426514 6.595213607600221 4.576888561248779 8.293169975280762
4.2138671875 7.629960614196143 4.7291741371154785 9.712186813354492
5.153817653656006 5.943358653909556 2.992847204208374 3.3651013374328613
4.620416164398193 7.662291832694152 3.7624640464782715 5.335536003112793
2.504390001296997 4.034972163468865 3.9802088737487793 6.834931373596191
2.6003923416137695 4.996474586754857 4.01085090637207 7.736771583557129
6.251044750213623 7.2310642659517725 3.286271810531616 3.722029685974121
5.253866195678711 7.951048599731621 4.182658672332764 6.1412034034729
3.6481478214263916 5.973305792446851 4.538934230804443 8.13543701171875
3.6809840202331543 7.18688969924651 4.6098175048828125 9.314338684082031
7.589010238647461 8.710541396621963 3.8205759525299072 4.35822057723999
6.530089855194092 8.383656917099756 4.89877462387085 7.482186317443848
4.337934494018555 7.419865289211145 5.41342830657959 10.136500358581543
3.5132815837860107 5.5570906461116465 5.5110344886779785 11.667283058166504
3.7899632453918457 4.301633371996786 1.6907026767730713 1.7466998100280762
4.103602409362793 6.9778546931970595 1.9699370861053467 2.556042194366455
3.6328957080841064 6.844589112730461 2.233438491821289 3.4625027179718018
1.687794804573059 3.3620424805423075 2.3781514167785645 4.0786638259887695
4.607448577880859 5.357152180444018 1.7933930158615112 1.8534542322158813
4.4824628829956055 7.476867858743475 2.1139516830444336 2.780275821685791
2.9085419178009033 5.911490276846166 2.418290615081787 3.836940288543701
2.5482559204101562 3.2882404900677606 2.5811376571655273 4.557190895080566
5.521230220794678 6.584358069285344 1.9539178609848022 2.0228147506713867
4.625733852386475 8.058988253764529 2.330597400665283 3.1210086345672607
4.142752647399902 6.1405338367722635 2.6863956451416016 4.383556842803955
3.0884830951690674 5.490743560567125 2.8695638179779053 5.237545490264893
4.4634222984313965 5.164825323369939 2.1258552074432373 2.2236409187316895
3.505866527557373 5.622503648017016 2.4684340953826904 3.2796077728271484
2.9721500873565674 5.869121906321652 2.7539608478546143 4.436811447143555
2.336261510848999 4.297982413310985 2.8891210556030273 5.205968379974365
5.418318748474121 6.346464102296096 2.279648542404175 2.3792073726654053
4.896986484527588 7.772741986955566 2.705552816390991 3.6678857803344727
3.464035749435425 7.160710511490876 3.0630135536193848 5.099186420440674
2.8917720317840576 4.8222804921517195 3.224123239517212 6.042186260223389
6.590760707855225 7.7467415751190885 2.540794610977173 2.652846574783325
5.834146499633789 8.680385364843495 3.0815987586975098 4.293476581573486
4.047897815704346 6.556721612113126 3.5303237438201904 6.108405590057373
4.56251335144043 7.151860023152494 3.7193245887756348 7.277329921722412
4.841602325439453 5.675707860738157 2.689256429672241 2.8751940727233887
4.623309135437012 7.352891237050812 3.058364152908325 4.193335056304932
3.468339681625366 6.159380432152943 3.317774772644043 5.5349907875061035
2.8849101066589355 5.918913781978745 3.4130806922912598 6.400632381439209
5.9028778076171875 6.943991703239135 2.891781806945801 3.0911037921905518
5.219745635986328 8.071770101755646 3.3933963775634766 4.775651931762695
3.986048460006714 6.961010215773513 3.7609200477600098 6.521472454071045
3.974029779434204 6.639818220768774 3.8883001804351807 7.626125812530518
7.319871425628662 8.608351502839355 3.2593722343444824 3.4906551837921143
5.532355785369873 8.076326489905568 3.951592445373535 5.751497745513916
5.128922462463379 8.71323818215734 4.451066493988037 8.064577102661133
3.2766027450561523 6.594366283142648 4.608251094818115 9.47874641418457
5.016296863555908 5.828664244131792 2.856081008911133 3.226686716079712
3.74507999420166 6.7794297763376825 3.636428117752075 5.157412528991699
3.315953254699707 5.968327870954738 3.8219916820526123 6.551400184631348
2.1122512817382812 3.8403997192753394 3.859052896499634 7.444216728210449
6.055428981781006 7.0587141809619425 3.1338276863098145 3.5592098236083984
4.23052453994751 6.7923123846952365 4.055377960205078 5.944188594818115
4.058187007904053 6.612012714927179 4.377799034118652 7.832603931427002
3.3127999305725098 5.431893077614262 4.452928066253662 9.003061294555664
7.35539436340332 8.51234904515938 3.635765314102173 4.171365261077881
4.26028299331665 6.856603443892595 4.774689197540283 7.276012897491455
4.824286460876465 7.796258961102922 5.2630743980407715 9.851411819458008
4.431176662445068 6.8699841121792815 5.366241455078125 11.387740135192871
3.748439073562622 4.396344920270167 1.5841412544250488 1.6363312005996704
3.439546823501587 6.2300426618631946 1.8683375120162964 2.443485736846924
2.6638906002044678 4.672081415060688 2.1500184535980225 3.3813071250915527
2.8627724647521973 5.0857534758205425 2.3108103275299072 4.028308868408203
4.580979824066162 5.491067382668625 1.6781914234161377 1.7355279922485352
3.954343318939209 7.024561019710859 2.001849412918091 2.654325246810913
3.1364996433258057 5.777348669043278 2.324629545211792 3.7439346313476562
2.9450511932373047 4.99555167208468 2.505444288253784 4.502668857574463
5.48436164855957 6.6275114313119285 1.8214222192764282 1.8874708414077759
4.8041157722473145 7.119815287983999 2.2010457515716553 2.974073886871338
4.017405986785889 5.037263058159276 2.5785160064697266 4.278604030609131
2.9176535606384277 3.8002207175348133 2.7835254669189453 5.185157299041748
4.428862571716309 5.272552459920689 1.8885257244110107 1.9662972688674927
4.1333818435668945 6.760193441113643 2.2329354286193848 2.9803333282470703
3.181929349899292 5.666290049729142 2.554675579071045 4.182881832122803
2.8311264514923096 5.718450115856001 2.7267425060272217 5.010985851287842
5.394168376922607 6.449994436987615 2.0277814865112305 2.1106655597686768
5.094982624053955 8.91919562320004 2.445517063140869 3.3329381942749023
3.1268296241760254 5.765256051623837 2.837789535522461 4.8072357177734375
3.2553396224975586 5.762206298446159 3.0401315689086914 5.822302341461182
6.592733383178711 8.087776140679324 2.2537779808044434 2.349893569946289
5.239488124847412 8.128582264189731 2.7800612449645996 3.899339199066162
4.888955593109131 7.403642256373246 3.2700932025909424 5.77357816696167
4.333102226257324 8.304177613599194 3.509812593460083 7.045834541320801
4.842827796936035 5.805047538950987 2.3270106315612793 2.5060555934906006
4.6563615798950195 8.036916429611779 2.6730358600616455 3.6511430740356445
2.877502202987671 5.45929118943792 2.979525089263916 5.041644096374512
1.8096027374267578 4.1365579243433785 3.1337273120880127 5.998605251312256
5.970577239990234 7.136513355363775 2.507795572280884 2.6860172748565674
4.152602672576904 6.952749786286972 2.968313694000244 4.162461280822754
3.8645451068878174 6.688412664531936 3.3780322074890137 5.957081317901611
3.230370283126831 5.570752059526512 3.5706701278686523 7.173542499542236
7.395209312438965 9.093165885255065 2.816420316696167 3.0102035999298096
5.7088775634765625 9.035257962930359 3.4539945125579834 5.01936149597168
4.786260604858398 8.279149169255383 4.0088210105896 7.420169353485107
3.661552906036377 5.4234268834500075 4.247905254364014 9.000410079956055
4.658145427703857 5.588359903093988 2.371793031692505 2.712550401687622
4.984491348266602 8.495595796700854 3.2206783294677734 4.540971279144287
2.9407248497009277 6.460155346197439 3.374741554260254 5.8587236404418945
2.8129091262817383 5.653727336170505 3.478180170059204 6.850473880767822
5.830026149749756 6.497785094864753 2.596900224685669 2.9634110927581787
5.042316913604736 7.5486145587719875 3.6041667461395264 5.246258735656738
4.157468318939209 7.291599840612264 3.8749752044677734 7.047515392303467
2.5664422512054443 5.254304817487537 4.021047592163086 8.344324111938477
7.177362442016602 8.644638295428635 2.973602533340454 3.394815444946289
5.193441867828369 8.429771127059212 4.234291076660156 6.415478229522705
3.721357583999634 6.440245024144687 4.684503555297852 8.968151092529297
3.250553607940674 5.2091799466946895 4.880141735076904 10.703848838806152
3.5708258152008057 4.30481005889335 1.5478243827819824 1.5997636318206787
3.2103867530822754 6.056167522553878 1.8465087413787842 2.4369263648986816
2.852989673614502 5.969651582967629 2.147989511489868 3.408461570739746
1.9055030345916748 4.261674384604788 2.3201725482940674 4.079063415527344
4.439834117889404 5.4041658270881285 1.6373635530471802 1.6952482461929321
3.581392526626587 6.03816907955013 1.9777424335479736 2.6461124420166016
2.927428722381592 5.916216813027191 2.3238165378570557 3.777864694595337
2.8819351196289062 5.875867298051223 2.5186874866485596 4.56878137588501
5.456881523132324 6.648897530191789 1.7720750570297241 1.8387328386306763
4.711664199829102 8.317470138066824 2.172231435775757 2.962007522583008
3.388986825942993 7.330424370764234 2.5792648792266846 4.323079586029053
3.4453117847442627 5.778701783998194 2.8025076389312744 5.276262283325195
4.396319389343262 5.294565666026529 1.7545852661132812 1.8176066875457764
3.973747968673706 7.74848800429065 2.130728244781494 2.886641263961792
3.3788957595825195 6.30569277931011 2.507807970046997 4.166869640350342
2.4303088188171387 5.772553556987418 2.712873697280884 5.046828269958496
5.352911949157715 6.4630015591767425 1.8861169815063477 1.958512306213379
5.078973770141602 8.94220661230321 2.335253953933716 3.2306315898895264
3.3951210975646973 5.719846126252492 2.7882938385009766 4.792963027954102
3.534653663635254 5.5450107432036475 3.0287904739379883 5.875729084014893
6.503822326660156 8.135083385527054 2.0946717262268066 2.182422637939453
3.8685667514801025 7.055297386922348 2.654975175857544 3.7783777713775635
3.7692413330078125 6.761052222439867 3.217942476272583 5.766095161437988
3.6198208332061768 7.388503824630334 3.504779100418091 7.135178565979004
4.810410976409912 5.834468614530124 1.9768611192703247 2.069084882736206
4.429723739624023 8.484257875044477 2.4152817726135254 3.340178966522217
3.634625196456909 7.949139952199516 2.8475780487060547 4.907522201538086
2.566070079803467 6.111936750084169 3.071657419204712 5.968191623687744
5.942995071411133 7.196919434269947 2.147209644317627 2.249072790145874
5.593814373016357 9.91193154097131 2.6947717666625977 3.829751491546631
3.3925998210906982 6.1510475325966505 3.235503673553467 5.810447692871094
3.74450945854187 7.105068759879003 3.5059561729431152 7.1540913581848145
7.391236305236816 9.275426524814748 2.429117202758789 2.5515034198760986
5.869532108306885 9.997958559503786 3.150007724761963 4.643189430236816
4.086052417755127 8.034382448631277 3.8541882038116455 7.266229629516602
4.178486347198486 7.282794550563722 4.186633586883545 9.019343376159668
4.137223243713379 5.023618901399232 2.349674940109253 2.6612441539764404
4.810943603515625 8.758527944940878 2.7216546535491943 3.809774398803711
3.142930507659912 5.502552106729581 3.135219097137451 5.5405449867248535
3.171995162963867 6.4480833506780755 3.3564136028289795 6.715524673461914
5.096993446350098 6.0888438748299905 2.564188003540039 2.926022529602051
5.118732452392578 8.33206299388371 3.077465772628784 4.458077907562256
4.183684349060059 6.947078047558989 3.615640163421631 6.690361022949219
2.9446659088134766 5.3950298944564565 3.8896360397338867 8.206232070922852
5.93412971496582 7.50566856750071 2.914720058441162 3.3540096282958984
5.165358543395996 9.157620325520185 3.660526752471924 5.548556327819824
5.297521114349365 8.570092062838796 4.40052604675293 8.582881927490234
3.4584603309631348 5.911106419354837 4.746164321899414 10.598824501037598
4.508777141571045 5.81074563189383 1.5807390213012695 1.650968074798584
4.490546226501465 7.9017012085233205 1.8748165369033813 2.5564932823181152
3.1112239360809326 5.893177941343197 2.1384193897247314 3.513669967651367
2.008542060852051 3.7709325408391123 2.2897250652313232 4.15156364440918
5.045055389404297 6.290638278757797 1.673620581626892 1.750288724899292
4.491603851318359 7.471673017742091 2.005643844604492 2.767104387283325
3.5018723011016846 7.31676867367014 2.3017232418060303 3.869971513748169
2.8590054512023926 5.620754139946484 2.4693737030029297 4.616432189941406
5.612268447875977 6.9137300798340675 1.8177446126937866 1.9044660329818726
5.113949775695801 8.90324779086183 2.204253911972046 3.0883727073669434
3.7434349060058594 6.845634303099729 2.540006160736084 4.389531135559082
3.666317939758301 6.107260033883922 2.723087787628174 5.2698235511779785
5.355062961578369 6.708988624862968 1.8956546783447266 1.980643630027771
3.728058099746704 6.4621362508239315 2.211010217666626 3.067216157913208
3.424333095550537 6.359946404698633 2.4790074825286865 4.260754108428955
2.126352548599243 4.504830706266063 2.6486990451812744 5.061939716339111
5.981213092803955 7.285476973251548 2.031090021133423 2.1277928352355957
4.924520969390869 7.784942951396687 2.4156060218811035 3.4130733013153076
4.230908393859863 7.688035283121854 2.734626293182373 4.845035552978516
3.5813345909118652 6.029322376893887 2.9267396926879883 5.818704605102539
6.895755290985107 8.460659098097096 2.258880138397217 2.3742966651916504
5.440042018890381 9.569505345996916 2.7502329349517822 3.974313259124756
3.9079837799072266 6.77084366736544 3.132899761199951 5.748566150665283
3.9486570358276367 6.019755794095886 3.3411126136779785 6.939310073852539
5.855341911315918 7.259660066956712 2.3876278400421143 2.4889039993286133
5.572092533111572 8.831875479293103 2.618992567062378 3.664867639541626
3.500452756881714 6.587485019372934 2.7997689247131348 4.994762420654297
2.468268871307373 4.809183079392458 2.9666850566864014 5.909090518951416
6.792849540710449 8.153835933847859 2.557783365249634 2.683157205581665
6.129633903503418 9.750799262992047 2.899690628051758 4.1668901443481445
3.7642414569854736 7.124010728890758 3.1482346057891846 5.818047523498535
3.383634567260742 5.761859344266755 3.340689182281494 6.959544658660889
8.047249794006348 9.80235361468931 2.870676040649414 3.0290684700012207
6.915802478790283 9.720778601102886 3.387799024581909 5.021392822265625
4.135650157928467 6.849860020537221 3.723275899887085 7.150753498077393
2.246999979019165 4.480816572348203 3.9235031604766846 8.576701164245605
6.056389808654785 7.421703100817467 2.606799840927124 2.8594748973846436
5.873663902282715 9.559788507235282 3.132366418838501 4.437084197998047
3.7188141345977783 6.5778061101996315 3.071904420852661 5.6330766677856445
3.375603199005127 6.390141711838737 3.2097115516662598 6.581461429595947
6.945093631744385 8.298818392568137 2.826435089111328 3.118863105773926
6.0798258781433105 9.605259578952086 3.4865200519561768 5.088388919830322
4.5843915939331055 7.227742707634434 3.499246120452881 6.671056270599365
4.006220817565918 6.760386245327226 3.6614980697631836 7.875901699066162
8.025321006774902 9.72649216745208 3.208324670791626 3.5701916217803955
6.810952186584473 9.54318755684244 4.11802339553833 6.234061241149902
4.848672866821289 9.435226000097735 4.2330851554870605 8.394140243530273
4.462654113769531 7.546032609258873 4.389208793640137 9.918017387390137
4.495798110961914 5.799933006213678 1.584504246711731 1.6548993587493896
4.2441725730896 7.597288331497836 1.8780019283294678 2.562535285949707
3.071918487548828 5.203255750551332 2.1426689624786377 3.524498462677002
2.429826021194458 5.111550237232752 2.296011209487915 4.164924621582031
5.036375522613525 6.296162323368208 1.6766252517700195 1.7534548044204712
4.776968002319336 7.54138771708223 2.00797176361084 2.77258563041687
3.5236899852752686 6.80282309430126 2.306128978729248 3.8829846382141113
3.028067111968994 5.209182607318866 2.477186918258667 4.633623123168945
5.606726169586182 7.010507393847547 1.8178788423538208 1.9047513008117676
4.590878009796143 8.126380113235882 2.2036616802215576 3.090092182159424
4.027190208435059 6.71316200854676 2.543201446533203 4.40263032913208
3.262418270111084 5.012041404090784 2.732212781906128 5.291471481323242
5.330750942230225 6.698861161720288 1.9036755561828613 1.9891494512557983
4.327821254730225 7.611743569160296 2.217348337173462 3.0796260833740234
3.4159319400787354 6.443272570629517 2.4855475425720215 4.280479907989502
3.4807097911834717 6.046976519989542 2.6585981845855713 5.086257457733154
5.949338912963867 7.289728674715661 2.0370185375213623 2.1343045234680176
4.496209144592285 6.925959496864834 2.420135259628296 3.424762725830078
4.109180927276611 7.770028662588024 2.74114727973938 4.868568420410156
3.6373698711395264 6.16352680309555 2.9392998218536377 5.850948333740234
6.810427665710449 8.52659099027814 2.257617950439453 2.3736510276794434
5.073738098144531 9.042628742359557 2.7481625080108643 3.977755546569824
4.735998153686523 8.143882545392515 3.13557767868042 5.770411014556885
3.3528077602386475 6.766433883115884 3.3550057411193848 6.978770732879639
5.800588130950928 7.224626417740183 2.400538206100464 2.5032689571380615
5.037936210632324 7.413973416403678 2.6292829513549805 3.6868083477020264
3.982705593109131 6.643762431145073 2.8082058429718018 5.023705005645752
1.630051851272583 3.4952883023627805 2.979550361633301 5.9446563720703125
6.717596054077148 8.138112870311462 2.5670218467712402 2.694307804107666
5.8531413078308105 9.608288135646475 2.907662868499756 4.188803195953369
4.219899654388428 8.059905800576452 3.1564829349517822 5.852785587310791
3.6328840255737305 6.8419888131753055 3.357322931289673 7.007311820983887
7.974061489105225 9.872422895185991 2.86685848236084 3.027484178543091
4.987679481506348 7.6656438678465975 3.3848910331726074 5.030951499938965
5.052248954772949 7.843925738150347 3.723801374435425 7.180684566497803
4.427674770355225 7.460223019200384 3.940270185470581 8.63293743133545
6.048876762390137 7.438193942539215 2.635190725326538 2.8926918506622314
5.416696071624756 9.210665307501927 3.1446685791015625 4.469518184661865
2.8363306522369385 5.744023825061504 3.0814144611358643 5.669869422912598
3.236269235610962 5.819984875300889 3.224440097808838 6.62581205368042
6.926375389099121 8.35056787963283 2.855487823486328 3.1540133953094482
5.120421886444092 8.493522561724113 3.498556137084961 5.126598358154297
4.241910457611084 8.059390272019073 3.5084304809570312 6.715816974639893
3.4568259716033936 6.443304535123559 3.680694341659546 7.935660362243652
7.974177837371826 9.820740323994912 3.231525421142578 3.5998592376708984
6.200110912322998 9.612155235186037 4.118393898010254 6.261817932128906
5.59208345413208 10.395376592101925 4.230593681335449 8.431282997131348
2.7445790767669678 5.823815682210807 4.406558036804199 9.986069679260254
4.820113182067871 6.129764941125737 1.659934401512146 1.734621286392212
4.621373176574707 6.6036207783681675 1.9763963222503662 2.715833902359009
3.0605218410491943 6.5339901614050575 2.2510249614715576 3.7647647857666016
3.075969696044922 6.121871388248344 2.4020256996154785 4.449928283691406
5.3515825271606445 6.664873873584952 1.7648375034332275 1.8475884199142456
4.12715482711792 6.303540505487949 2.128779888153076 2.9689829349517822
3.0757226943969727 4.569955711538938 2.4429423809051514 4.200057029724121
2.075578212738037 4.68476185265672 2.612473726272583 5.01397705078125
6.035314083099365 7.711406390452339 1.9240100383758545 2.019207715988159
5.285577774047852 8.885442190633967 2.3575222492218018 3.350731611251831
4.2619757652282715 8.815119030714655 2.7228567600250244 4.835268974304199
3.523009777069092 6.442912522677943 2.9123194217681885 5.817216873168945
5.810620307922363 7.2294827387268015 2.0282511711120605 2.121638059616089
5.41789436340332 9.26473885374591 2.3803393840789795 3.34859299659729
2.825821876525879 6.091942933622903 2.6637415885925293 4.705580711364746
2.6089935302734375 4.261624607945123 2.8350415229797363 5.588019371032715
6.446519374847412 7.94892759739173 2.1819353103637695 2.2904114723205566
4.995229244232178 8.86536123430551 2.624002695083618 3.7774620056152344
3.119422435760498 5.952759107436577 2.9715688228607178 5.445633411407471
2.7667555809020996 3.7443825240157764 3.170562744140625 6.542176246643066
7.260847568511963 9.263429048711714 2.430546760559082 2.562976360321045
6.0348029136657715 10.510396496731573 3.012620687484741 4.4591851234436035
4.035263538360596 7.249361682725123 3.4474592208862305 6.583981513977051
3.3239121437072754 6.664420068869646 3.6731202602386475 7.968981742858887
6.206750869750977 7.729785965361316 2.61138916015625 2.727895736694336
5.290627956390381 8.191382062288339 2.8812220096588135 4.115499019622803
3.1921517848968506 7.391109992855945 3.0599377155303955 5.659814834594727
1.975459098815918 3.816663378796875 3.230227470397949 6.684661865234375
7.183711051940918 8.861521107104181 2.806610345840454 2.95393967628479
5.381995677947998 9.222075633358877 3.2257513999938965 4.759552001953125
4.457594394683838 8.650157654980463 3.4887871742248535 6.732844352722168
3.1577906608581543 5.196992682964321 3.6914968490600586 8.047611236572266
8.19728946685791 10.320945045211676 3.145040988922119 3.335812568664551
6.71357536315918 11.142285842170281 3.7993357181549072 5.82086181640625
4.637409210205078 8.121363878970271 4.183278560638428 8.445225715637207
3.6074421405792236 5.815098516097066 4.410049915313721 10.153130531311035
6.062051296234131 7.237435480459737 2.9190638065338135 3.2584564685821533
5.608891487121582 9.593156465622087 3.51471209526062 5.111777305603027
3.68572998046875 7.219158124977639 3.399174213409424 6.504843711853027
2.7340970039367676 5.523752314341209 3.538620710372925 7.575047969818115
6.808302402496338 8.399644005405946 3.186608076095581 3.5862581729888916
5.6411452293396 9.15691058415561 3.9683115482330322 5.991537570953369
3.510006904602051 5.374309804632105 3.9349467754364014 7.885911464691162
2.5522658824920654 4.1606075513972405 4.104182720184326 9.286260604858398
8.069684982299805 10.177714861136835 3.621389865875244 4.119376182556152
6.449343681335449 10.009006746791563 4.73057222366333 7.4631876945495605
4.887327194213867 8.157284499579475 4.827582359313965 10.12835693359375
3.724822998046875 5.3272482646484605 5.008618354797363 11.979043960571289
4.914025783538818 6.252489340593812 1.6596946716308594 1.7357203960418701
3.3603663444519043 5.355028609514136 1.997413992881775 2.7696926593780518
3.4234182834625244 6.309989924635602 2.302248954772949 3.880866050720215
2.2310004234313965 4.799804967105729 2.4617793560028076 4.600742340087891
5.457897186279297 6.829431331097069 1.7680720090866089 1.8522295951843262
4.437379360198975 7.499491889864657 2.156494379043579 3.038848400115967
3.2161266803741455 6.135431546999598 2.5072758197784424 4.352707862854004
3.2208359241485596 6.313317148872159 2.6879379749298096 5.215804576873779
6.1813740730285645 8.023979289882732 1.9331400394439697 2.0304582118988037
3.588959217071533 6.3438194354479265 2.3964438438415527 3.4477415084838867
4.057899475097656 7.889952734267538 2.807673931121826 5.046743392944336
3.647395610809326 6.917135984718339 3.011793375015259 6.099289894104004
5.981573104858398 7.447507078708895 1.9784321784973145 2.072030544281006
4.8202900886535645 8.673084970525906 2.365962505340576 3.4010438919067383
3.163975954055786 5.2710591132318 2.7484259605407715 4.908697605133057
2.659715175628662 5.587721107622329 2.942721366882324 5.86003303527832
6.630191802978516 8.254136798373452 2.139434814453125 2.24814772605896
5.142126560211182 9.748890270095842 2.619701623916626 3.852673292160034
4.427443504333496 8.228850991225329 3.079843759536743 5.721449851989746
3.846601963043213 6.59796636835199 3.309081792831421 6.919131278991699
7.476016044616699 9.605337992692967 2.39996600151062 2.533776044845581
5.81723165512085 9.797483220865445 3.027432918548584 4.580383777618408
5.096733570098877 9.32554700097296 3.593865394592285 6.9820451736450195
3.932595729827881 7.781748365263638 3.8604393005371094 8.517879486083984
6.331113338470459 7.937007757212086 2.4601902961730957 2.572039842605591
5.683109760284424 8.71669106145906 2.770921468734741 4.097217082977295
3.5681376457214355 6.63795053413881 3.1756839752197266 5.953136444091797
2.761373519897461 5.071772954783839 3.3996148109436035 7.100838661193848
7.324965476989746 9.186484620852013 2.6673715114593506 2.8078665733337402
4.361109733581543 7.245390119781884 3.126368522644043 4.755938529968262
3.751720428466797 6.9604422512773 3.63779354095459 7.137740135192871
3.2302587032318115 5.802583691048419 3.9112484455108643 8.637825012207031
8.445645332336426 10.778452572852757 3.023848295211792 3.2077524662017822
4.089667797088623 7.347742871090304 3.726161479949951 5.865960121154785
4.0716986656188965 8.01490564832875 4.386866569519043 9.042895317077637
3.0531787872314453 6.051752475414105 4.708455562591553 11.029973030090332
5.218062400817871 6.688647759879288 2.8108291625976562 3.227032423019409
5.966572284698486 10.684801872532049 3.2522525787353516 4.921818256378174
3.060302495956421 5.490542947138692 3.530404806137085 6.8587541580200195
2.929769515991211 4.457007975785359 3.7710423469543457 8.127411842346191
6.653040885925293 8.373906533343455 3.094266176223755 3.578545093536377
6.042638778686523 10.558333328804338 3.710073947906494 5.7966837882995605
3.4598536491394043 6.2348428515574135 4.103876113891602 8.375909805297852
3.653890609741211 5.996147695400124 4.405866622924805 10.079010009765625
7.880198955535889 9.628665019149594 3.563544988632202 4.158931255340576
6.622648239135742 11.494220795378169 4.50295877456665 7.308567047119141
4.388411521911621 7.6174547028766 5.061995983123779 10.865741729736328
4.312197685241699 6.465566342935574 5.417174816131592 13.167028427124023
3.800848960876465 4.463332567302473 1.7052725553512573 1.7690640687942505
3.915102958679199 6.6408983152384735 2.0225296020507812 2.630384683609009
2.677924871444702 4.760778427618817 2.3055286407470703 3.5011374950408936
3.1199443340301514 6.144034695401686 2.4501259326934814 4.0752854347229
4.673914432525635 5.600458135053048 1.806414008140564 1.8801027536392212
4.199411869049072 6.975026895261834 2.166975975036621 2.871858835220337
3.6601877212524414 5.584719093520562 2.4947595596313477 3.915140390396118
3.2504453659057617 6.410417173373133 2.661548137664795 4.611607551574707
5.831221580505371 6.996030928956543 1.9669182300567627 2.0517678260803223
5.802980899810791 8.23483851355985 2.3905234336853027 3.2262651920318604
4.088347434997559 7.633444704606562 2.7806785106658936 4.507851600646973
4.310573101043701 5.710921780051166 2.9760541915893555 5.372320175170898
4.582176685333252 5.400499716914965 2.1731245517730713 2.250671148300171
4.055149555206299 6.762336318016041 2.5729665756225586 3.3808083534240723
3.3662049770355225 6.203597416930279 2.8911521434783936 4.51814603805542
2.1725754737854004 4.123101053014807 3.025984048843384 5.245851993560791
5.553537845611572 6.608534091264232 2.321305990219116 2.419461965560913
5.477818012237549 7.761509175499272 2.8045852184295654 3.7953646183013916
4.286278247833252 7.156345786172636 3.2028822898864746 5.242155075073242
3.4203946590423584 6.747734023414608 3.374516248703003 6.174651622772217
6.955542087554932 8.262937101701027 2.581439971923828 2.705501079559326
6.578292369842529 9.543715958432585 3.188302993774414 4.443140029907227
5.213345050811768 9.011545310472744 3.696599245071411 6.327845573425293
3.4887027740478516 5.315130239550399 3.9143786430358887 7.546757221221924
4.832171440124512 5.717359076030107 2.799189329147339 2.895530939102173
4.794529914855957 7.2642037163516875 3.248523235321045 4.325932502746582
3.333094358444214 6.118130928187582 3.5394973754882812 5.669712066650391
3.2831647396087646 5.9475734473003286 3.6259372234344482 6.491387367248535
6.102360248565674 7.214505309955712 2.9933652877807617 3.1196792125701904
5.493772506713867 7.341457246578329 3.5634288787841797 4.931745529174805
3.278475046157837 4.951550892130399 3.971552848815918 6.728527069091797
3.342639207839966 5.855910309635874 4.11010217666626 7.83675479888916
7.707234859466553 9.151850200702908 3.3619916439056396 3.533489942550659
6.541666030883789 10.334405772160608 4.11956787109375 5.92899227142334
4.400314807891846 7.541835687614473 4.679954528808594 8.367850303649902
4.169773101806641 6.771505633720267 4.878841876983643 9.868511199951172
4.906625747680664 5.832546716103806 3.0528383255004883 3.273416519165039
4.633309364318848 7.400217524337791 3.878275156021118 5.329789161682129
3.448817253112793 5.910515108136963 4.118893146514893 6.745378494262695
2.8664181232452393 5.264564103112548 4.138642311096191 7.577665328979492
6.090832233428955 7.211046003686079 3.3556320667266846 3.696134090423584
5.250382900238037 8.27803867639048 4.262427806854248 6.105878829956055
3.449368476867676 4.800485007756919 4.64011812210083 8.074542999267578
3.273634672164917 4.853716303514318 4.727781295776367 9.258716583251953
7.720943927764893 9.200289875910983 3.7993319034576416 3.5705180168151855
7.079324245452881 10.408261465898502 4.960392475128174 7.420374870300293
4.713698863983154 7.270265099100257 5.519412994384766 10.172951698303223
4.420419692993164 6.614242888975696 5.677921772003174 11.830218315124512
3.8058667182922363 4.479516435011874 1.7236919403076172 1.7883657217025757
3.783125877380371 6.1359410588128185 2.047285795211792 2.6636693477630615
2.756802797317505 4.517259336123431 2.337312936782837 3.55472993850708
2.805096387863159 5.173291132753917 2.4864919185638428 4.144650936126709
4.705687522888184 5.641793481976308 1.8248571157455444 1.8997304439544678
4.533034324645996 7.054708563461844 2.192518949508667 2.9083781242370605
4.001862525939941 5.866814678272817 2.528635025024414 3.978234052658081
3.1020355224609375 5.210521037008952 2.70156192779541 4.696770668029785
5.879054069519043 7.052925330732965 1.9846720695495605 2.070791482925415
5.654856204986572 8.407894026145016 2.416039228439331 3.2657582759857178
3.782264471054077 7.553621072834574 2.815908432006836 4.581670761108398
3.4016244411468506 7.108416783635619 3.0196382999420166 5.476312160491943
4.625853538513184 5.460458727837704 2.198594331741333 2.27748966217041
4.604007720947266 7.464747435530114 2.609348773956299 3.432705879211426
3.3257691860198975 5.661963919901865 2.9374847412109375 4.60278844833374
2.9983277320861816 5.744231840958719 3.0786471366882324 5.3556437492370605
5.6070170402526855 6.673448124965006 2.3456170558929443 2.445603132247925
5.254722595214844 8.078422205536981 2.8404011726379395 3.852130889892578
4.27541446685791 7.232786993924819 3.2494747638702393 5.340280055999756
3.5294361114501953 6.413729682949629 3.4293291568756104 6.307320594787598
7.006060600280762 8.350359585809201 2.603227376937866 2.7296934127807617
6.275432109832764 9.490522729072723 3.222393751144409 4.506114959716797
5.10063362121582 8.362846669899708 3.742215871810913 6.441673278808594
4.348233222961426 7.096231205141081 3.9708290100097656 7.706291675567627
4.881073951721191 5.780515536077246 2.8192524909973145 2.9194681644439697
4.740392684936523 7.5730975551566 3.2878029346466064 4.389976501464844
3.3989272117614746 5.268165119734306 3.5935781002044678 5.778153896331787
2.931957483291626 5.281874609831675 3.688344955444336 6.632964611053467
6.165735244750977 7.286839349875663 3.0128214359283447 3.1431260108947754
5.20253324508667 8.143516175586981 3.600749969482422 5.001899242401123
3.8999016284942627 6.376176226123036 4.023390293121338 6.852488994598389
4.073392868041992 6.4920152428912274 4.171743392944336 8.004717826843262
7.833892345428467 9.313661309028141 3.3792684078216553 3.5559914112091064
6.6945481300354 8.655571507354015 4.154943466186523 6.011475563049316
4.710659027099609 7.177485565349584 4.730701923370361 8.514888763427734
4.142481327056885 7.030384443131169 4.941072463989258 10.070720672607422
4.9351372718811035 5.867861981007309 3.0930192470550537 3.3271596431732178
3.593529462814331 5.626327336195278 3.9076735973358154 5.380779266357422
2.803868055343628 5.067920535725412 4.1732940673828125 6.862903118133545
2.350724697113037 3.3542732745549984 4.204772472381592 7.737325191497803
6.122744083404541 7.259430505648197 3.403294086456299 3.75296950340271
4.615952014923096 6.241568621121587 4.291720867156982 6.169798374176025
3.6736090183258057 6.245411722262489 4.691825866699219 8.209920883178711
3.788543462753296 6.280939203858907 4.7912516593933105 9.447938919067383
7.798028945922852 9.311361000460984 3.745007038116455 4.296501159667969
5.860671043395996 9.124303376660782 4.990998268127441 7.508146286010742
4.751646995544434 6.357470826969575 5.5736212730407715 10.344215393066406
3.560115337371826 6.255308772089975 5.744496822357178 12.064794540405273
3.568959951400757 4.362919060704826 1.7570185661315918 1.8255959749221802
3.6871116161346436 5.798145750007208 2.098299026489258 2.7609810829162598
3.127880334854126 5.227725034114059 2.4051425457000732 3.723435163497925
1.8442500829696655 4.067423043169541 2.5630125999450684 4.3555474281311035
4.439333915710449 5.502113265423347 1.8538219928741455 1.9329167604446411
3.8984153270721436 5.796342343702307 2.2427854537963867 3.016899585723877
3.7924060821533203 6.601285807062666 2.60042667388916 4.182435035705566
3.603858709335327 6.016028638813708 2.7862677574157715 4.962069988250732
5.564691066741943 7.003287612378358 1.995052695274353 2.085178852081299
5.519389629364014 8.890262991443848 2.452587366104126 3.3731908798217773
4.5612053871154785 7.730427891389255 2.8829996585845947 4.821007251739502
4.158559799194336 7.490692689522234 3.107659339904785 5.806662559509277
4.275956630706787 5.2383097649760515 2.2482337951660156 2.3344030380249023
3.8711225986480713 6.797455825110376 2.69405198097229 3.6031668186187744
3.1732795238494873 5.543985754189407 3.046501636505127 4.896693706512451
2.56352162361145 5.131030457387936 3.198913812637329 5.720149517059326
5.3411455154418945 6.576910349439601 2.380347967147827 2.4883522987365723
4.7996506690979 8.498918662737907 2.9196126461029053 4.0405378341674805
3.819868803024292 6.566389927301884 3.3624448776245117 5.700552940368652
2.6618006229400635 4.626842216348898 3.5607821941375732 6.77453088760376
6.787994384765625 8.633011295059983 2.5868968963623047 2.720165967941284
5.793868541717529 9.248069802325212 3.2638702392578125 4.680848598480225
4.6184611320495605 7.164166398214661 3.8397622108459473 6.865150451660156
3.869013547897339 6.591554306802152 4.103885650634766 8.294642448425293
4.579171657562256 5.6200413268560965 2.8869576454162598 2.9990968704223633
4.38718843460083 7.753016728108406 3.4432082176208496 4.685800552368164
3.2938637733459473 5.8696244497246255 3.7695209980010986 6.24830436706543
2.3943982124328613 4.237661256037427 3.8649039268493652 7.189905166625977
5.885956287384033 7.217654431278788 3.056741237640381 3.199730396270752
5.291913032531738 8.740710620554495 3.75543475151062 5.344188690185547
3.5880136489868164 5.9834240692773975 4.212503910064697 7.448348045349121
3.108886957168579 5.369796117776218 4.368095874786377 8.736428260803223
7.519296169281006 9.378735515134167 3.335308790206909 3.5222411155700684
5.787496089935303 9.065739153195466 4.258398532867432 6.356689929962158
5.20832633972168 9.429760682624451 4.907255172729492 9.243462562561035
4.1241607666015625 6.325280940242465 5.146823883056641 11.013526916503906
4.620522499084473 5.668439605640458 3.220695734024048 3.4831924438476562
3.2288808822631836 5.909636433328169 4.185025215148926 5.888643264770508
3.026984214782715 5.733784877696962 4.4485344886779785 7.55240535736084
2.2226192951202393 4.336733760305268 4.447816848754883 8.499597549438477
5.17098331451416 6.447121132148396 3.4876301288604736 3.8465354442596436
4.872467517852783 8.171536422761164 4.593612194061279 6.774406909942627
4.035928726196289 7.190956667497403 4.99912691116333 9.111268997192383
2.4907069206237793 3.4712242751697886 5.069791316986084 10.473698616027832
7.222304821014404 9.007568584089313 3.905052900314331 4.40559196472168
6.070385932922363 9.499794697438944 5.255498886108398 8.191664695739746
5.168145656585693 7.999034293347435 5.8896918296813965 11.48967456817627
4.074888229370117 6.133232088288565 6.05132532119751 13.415599822998047
3.534224033355713 4.391263185820208 1.769917368888855 1.8402127027511597
3.1125102043151855 5.079021869653047 2.116182804107666 2.8014960289001465
2.7862114906311035 5.847863341824677 2.425058126449585 3.791750431060791
2.4351210594177246 4.280921503965828 2.5840089321136475 4.441729545593262
4.364864349365234 5.487980608023189 1.869038701057434 1.950500249862671
3.712850332260132 6.468908649521609 2.2665581703186035 3.0711474418640137
3.583014726638794 6.7825203688798865 2.6291518211364746 4.276937007904053
2.8713934421539307 6.0821457453882175 2.8169682025909424 5.082573890686035
5.316305637359619 6.951624924476619 2.0126445293426514 2.1061084270477295
4.634443283081055 7.3311557780680445 2.4849138259887695 3.4493284225463867
4.386222839355469 8.04453720224975 2.9251034259796143 4.95743989944458
3.0840601921081543 5.655108709372428 3.153120756149292 5.981222629547119
4.225760459899902 5.253912702958246 2.2677295207977295 2.3575797080993652
4.221545696258545 7.802392877437569 2.724334955215454 3.6756300926208496
3.43233323097229 6.151417224557008 3.0799272060394287 5.0170488357543945
2.4578795433044434 4.707143364244899 3.232038974761963 5.869239330291748
5.186065673828125 6.514507208618454 2.4031288623809814 2.5159544944763184
4.407356262207031 6.358346086238612 2.9628713130950928 4.143153667449951
3.477196455001831 6.3079382814851215 3.4174325466156006 5.881505966186523
3.7240254878997803 6.580877494198035 3.618917942047119 7.001553058624268
6.513796329498291 8.524041476291586 2.6099724769592285 2.7496533393859863
5.644739627838135 7.966836034112021 3.3247082233428955 4.829311847686768
5.27535343170166 8.261376632525218 3.927032232284546 7.142197132110596
4.359562397003174 7.009295312133439 4.199000835418701 8.645853996276855
4.529802322387695 5.65055651759036 2.9211905002593994 3.0374598503112793
4.446722984313965 7.650770473971193 3.50372576713562 4.809634208679199
3.260319232940674 5.864101895281174 3.8288142681121826 6.4408955574035645
2.7038402557373047 4.706606732025259 3.9185428619384766 7.419842720031738
5.684926509857178 7.114901490777811 3.0945920944213867 3.2435758113861084
4.423178672790527 6.733873701779768 3.8424551486968994 5.525567054748535
4.512937068939209 7.4052392536800085 4.314359664916992 7.755030632019043
2.206279993057251 4.961003532248242 4.469232559204102 9.106907844543457
7.349282741546631 9.371250915699498 3.3690855503082275 3.563709020614624
6.453926086425781 10.395523245143304 4.379878997802734 6.622047424316406
4.7230448722839355 8.1252583152887 5.069930076599121 9.726215362548828
4.810664176940918 7.875394386336154 5.31721830368042 11.603589057922363
4.365349292755127 5.296993990717283 3.262007236480713 3.5428640842437744
3.6675453186035156 5.818998835187131 4.321541786193848 6.1360764503479
2.3715572357177734 4.434441139203642 4.55381965637207 7.842488765716553
2.6583023071289062 5.050298171900522 4.529293060302734 8.816834449768066
5.4655866622924805 6.643411531314919 3.52933406829834 3.895446300506592
4.276134967803955 6.733357872988151 4.78097677230835 7.120569229125977
4.080672264099121 7.346507700524364 5.171935081481934 9.5801420211792
2.9395875930786133 5.680472213282883 5.223163604736328 11.001204490661621
7.261590480804443 8.89497182413561 3.9522883892059326 4.4430012702941895
6.315497398376465 8.299859802508024 5.510749340057373 8.679776191711426
4.295464515686035 7.109565618313354 6.157844066619873 12.22791862487793
4.190406799316406 6.898519733018499 6.307583808898926 14.260947227478027
4.49608850479126 5.175551231206725 1.609330177307129 1.6499704122543335
4.591397285461426 7.412681120739762 1.8551918268203735 2.364356756210327
3.459050416946411 6.358817448712408 2.1323323249816895 3.2415995597839355
3.2429466247558594 5.842101528564854 2.2963695526123047 3.8682243824005127
5.003058910369873 5.853486007791929 1.6937341690063477 1.7359892129898071
4.843608856201172 7.23861130935892 1.9751341342926025 2.5439999103546143
4.111739158630371 6.905767441352278 2.296053409576416 3.5643324851989746
2.3221793174743652 4.1416000382888 2.486398220062256 4.302760124206543
5.702498912811279 6.832128493061276 1.8204153776168823 1.8680845499038696
5.085811138153076 8.284445801718768 2.148045778274536 2.8121211528778076
4.22911262512207 7.315603249826534 2.521083116531372 4.0231170654296875
3.8237454891204834 6.7576306179727155 2.741804361343384 4.902141094207764
5.497895240783691 6.2906075239116035 2.005958080291748 2.060704231262207
4.5973615646362305 7.411207144771197 2.3188114166259766 3.0147464275360107
4.2977471351623535 7.94017010900825 2.6460580825805664 4.171974182128906
3.52375864982605 5.617442149701674 2.814960241317749 4.970937252044678
6.214612007141113 7.289387279515267 2.132096529006958 2.1886916160583496
5.442934036254883 8.450484300344897 2.512704849243164 3.3252346515655518
3.4864959716796875 6.513964895543211 2.9168007373809814 4.744087219238281
3.584179401397705 6.8756518876509745 3.1280503273010254 5.735899448394775
7.182491779327393 8.408606136227345 2.33890700340271 2.4041929244995117
6.228786468505859 8.385728285702498 2.810018301010132 3.810504913330078
4.386568546295166 8.042310809440089 3.303201198577881 5.581002712249756
4.3855109214782715 8.32053294133517 3.559929847717285 6.818252086639404
5.907828330993652 6.834831933371916 2.5756566524505615 2.644322633743286
4.648002624511719 7.445327458097381 2.894667387008667 3.8385164737701416
4.186924457550049 7.889865884983408 3.215315580368042 5.231354713439941
3.588324546813965 6.080324231008603 3.359501600265503 6.1513776779174805
6.855563640594482 7.953588530881461 2.7300822734832764 2.814363718032837
4.743146896362305 7.628322089946096 3.1616568565368652 4.305188179016113
4.180563449859619 7.341599511148104 3.5993669033050537 6.090396404266357
3.659482955932617 6.517086318282438 3.8054912090301514 7.28873872756958
8.19084358215332 9.491473562417468 3.021507978439331 3.129929780960083
5.378725528717041 7.946087255256316 3.603178024291992 5.072500228881836
4.202733993530273 7.124405165919072 4.168765544891357 7.380383491516113
4.243066310882568 7.225865873741469 4.432352066040039 8.92719841003418
6.030313968658447 6.928967620694095 2.6711630821228027 2.8688418865203857
4.0626373291015625 6.622134691343888 3.4791805744171143 4.797304153442383
3.384692907333374 5.995547775914474 3.7348196506500244 6.231518745422363
2.7294626235961914 5.307783304044619 3.8301661014556885 7.189451217651367
6.887383937835693 7.929693059465421 2.966209650039673 3.17952823638916
4.131117343902588 6.646847609963828 3.8012466430664062 5.3777031898498535
4.025552272796631 7.357725748021657 4.206022262573242 7.331407070159912
2.9675533771514893 4.651696722597762 4.385095119476318 8.63980484008789
8.049300193786621 9.301328907150037 3.3711366653442383 3.6551458835601807
5.210687637329102 8.942563364883767 4.364494800567627 6.414980411529541
4.3294854164123535 6.981083067908003 4.928720474243164 9.017619132995605
4.509725093841553 7.7852865303434555 5.177164077758789 10.756874084472656
4.509524345397949 5.2084420276004835 1.620909571647644 1.6620234251022339
4.294935703277588 7.018994936905784 1.8690533638000488 2.382033348083496
3.169238567352295 5.573796239383967 2.1482491493225098 3.2661385536193848
3.387849807739258 6.522375061040776 2.3130908012390137 3.898883104324341
5.027870178222656 5.908340394948937 1.7077851295471191 1.7507002353668213
4.924388885498047 7.46494118744708 1.992751121520996 2.567115545272827
3.9875688552856445 6.208197422170656 2.316319465637207 3.596985340118408
3.1501896381378174 5.321684138384436 2.5074703693389893 4.344261646270752
5.757759094238281 6.902358421558802 1.839112401008606 1.8877369165420532
4.963490009307861 7.315892252618546 2.1729421615600586 2.845855474472046
3.9208590984344482 6.985680732595597 2.550041437149048 4.071694374084473
4.172094345092773 6.418191588703891 2.7713119983673096 4.963374614715576
5.5100836753845215 6.328514262260796 2.0229334831237793 2.078906774520874
4.354382514953613 6.374617127816534 2.3422160148620605 3.046475648880005
3.2968573570251465 5.362980054073205 2.6736395359039307 4.218124866485596
2.7510738372802734 4.322426707477447 2.8439018726348877 5.028507232666016
6.24207067489624 7.3380819265445325 2.153444290161133 2.211583137512207
5.150108337402344 8.663470575877568 2.5440611839294434 3.3692786693573
3.386887311935425 5.871213108138022 2.954179525375366 4.8101019859313965
3.050846576690674 5.907160920336192 3.166518449783325 5.818970203399658
7.220364570617676 8.506855315724124 2.3698201179504395 2.437509775161743
6.315385818481445 8.782610592882293 2.858565092086792 3.881635904312134
5.004924774169922 8.11389106714796 3.3621528148651123 5.688589572906494
4.3372626304626465 7.164132109103175 3.6190123558044434 6.951779365539551
5.947415351867676 6.895166681237274 2.5916385650634766 2.6629605293273926
4.208193302154541 7.007608988324932 2.927704334259033 3.8880040645599365
3.734675884246826 6.182060785092936 3.256364345550537 5.305744171142578
2.781771421432495 4.659347389239645 3.402282476425171 6.2434282302856445
6.903695106506348 8.027391193660879 2.752518892288208 2.84032940864563
5.072504043579102 8.50904344332288 3.208073377609253 4.3773193359375
3.9981799125671387 6.500436887850105 3.6578593254089355 6.20115852355957
3.8292722702026367 7.463632462128899 3.8654944896698 7.425873756408691
8.216639518737793 9.60234551305933 3.05969500541687 3.1734466552734375
6.819629669189453 10.417164339623266 3.6810503005981445 5.196491718292236
4.830589771270752 8.446206573913532 4.266626358032227 7.571961879730225
4.184769153594971 6.940269914772344 4.530076503753662 9.157776832580566
6.055230617523193 6.971367571683004 2.699968099594116 2.902817964553833
4.922061443328857 7.887542031641715 3.5148983001708984 4.854781150817871
3.5872268676757812 6.197048961442306 3.787062406539917 6.332407474517822
3.5836880207061768 5.597092366221162 3.8851723670959473 7.313289642333984
6.913269519805908 7.98634865011104 3.0069711208343506 3.2290985584259033
5.037180423736572 8.58370791752759 3.855337142944336 5.468701362609863
3.6741509437561035 6.263017103023756 4.282301902770996 7.483908653259277
2.4327895641326904 4.859025979870474 4.464010715484619 8.826865196228027
8.083706855773926 9.408130503959512 3.434696912765503 3.7328977584838867
5.7823357582092285 8.797344198922573 4.462827682495117 6.585354328155518
4.144598007202148 7.3380695068084325 5.061955451965332 9.28821086883545
4.082899570465088 5.78555298814922 5.310811996459961 11.077630043029785
4.336275100708008 5.118181280600567 1.7240514755249023 1.7687492370605469
4.431196212768555 6.288046826110446 2.0132174491882324 2.5813148021698
3.460808515548706 6.183000308664509 2.346290349960327 3.6064324378967285
2.978759765625 6.093346910843718 2.545177936553955 4.347561359405518
4.748260498046875 5.757615789761541 1.8135877847671509 1.860654592514038
3.76479434967041 6.348268857999713 2.1520586013793945 2.7963178157806396
3.326615810394287 6.32530717803661 2.5478594303131104 4.018248558044434
2.8972973823547363 5.912731405132757 2.7849926948547363 4.916077613830566
5.481075286865234 6.779507882758196 1.9391694068908691 1.9931578636169434
4.56603479385376 7.6405514311367195 2.343900680541992 3.1054694652557373
3.9702556133270264 6.968316172661389 2.8206582069396973 4.5948638916015625
3.3606064319610596 7.111625207454381 3.106262445449829 5.69578742980957
5.22015380859375 6.210386231989306 2.163422107696533 2.2280213832855225
4.8945536613464355 8.008613529868853 2.5683088302612305 3.3779847621917725
2.6961472034454346 4.763366704329883 2.9996774196624756 4.8285603523254395
3.117677927017212 5.997014758347412 3.2337710857391357 5.852119445800781
5.836747646331787 7.0246099416943935 2.2903242111206055 2.3589634895324707
4.5267415046691895 7.722711231278495 2.794926166534424 3.7607998847961426
1.846147060394287 3.597969385507204 3.3417623043060303 5.590876579284668
2.9394140243530273 5.329439396571541 3.6419529914855957 6.900514125823975
6.85654354095459 8.380572459412022 2.477754592895508 2.558619499206543
4.860531330108643 8.500258521981777 3.1221694946289062 4.331982612609863
4.893324375152588 8.339573647771665 3.8206684589385986 6.688421249389648
4.041633129119873 7.180518873441997 4.202666759490967 8.37568473815918
5.557092666625977 6.63616373831303 2.700260877609253 2.7964203357696533
4.745082378387451 7.5707557819500835 3.223261594772339 4.3662872314453125
3.1705029010772705 6.072557217078497 3.709075927734375 6.218403339385986
2.014739990234375 3.6498206553297337 3.9502713680267334 7.485170364379883
6.5328688621521 7.775852097099985 2.8558669090270996 2.9707183837890625
5.34334659576416 6.613565681969331 3.546863555908203 4.963790416717529
3.0303492546081543 4.941380332268153 4.20679235458374 7.402538299560547
2.761902332305908 4.839767561429635 4.542606353759766 9.089944839477539
7.846909523010254 9.42598025184384 3.1085448265075684 3.2523350715637207
6.129399299621582 9.346919663084222 4.042003631591797 5.896942138671875
4.516602516174316 7.378444523752121 4.929509162902832 9.15613079071045
3.948072910308838 5.524289656792121 5.376035213470459 11.390581130981445
5.066610813140869 6.095845018770925 2.921074390411377 3.1795454025268555
4.400837421417236 6.862583889856069 3.8233633041381836 5.4315595626831055
3.1280670166015625 4.666352233183716 4.331867694854736 7.511974334716797
3.095337152481079 5.208695051108634 4.556519508361816 8.915910720825195
6.481255531311035 7.683643849561804 3.2382092475891113 3.5470633506774902
4.6505889892578125 7.177029140388637 4.2373433113098145 6.221673011779785
3.7380542755126953 5.477081956270126 4.958115577697754 9.061003684997559
2.723001003265381 5.138830696683556 5.302252769470215 10.997772216796875
6.848257064819336 8.389633549427884 3.629410982131958 4.067182540893555
5.922147274017334 8.262889865275838 4.8913798332214355 7.5316548347473145
5.500389099121094 9.154572086388725 5.895534038543701 11.405964851379395
3.7889909744262695 5.504740132256468 6.370852947235107 14.018601417541504
4.3846235275268555 5.157897975926659 1.7648119926452637 1.8107117414474487
4.327581882476807 6.852369239216614 2.0703723430633545 2.6592469215393066
3.1884233951568604 6.013920922619036 2.4247429370880127 3.74066424369812
2.2611827850341797 3.963294137864502 2.636420488357544 4.526523113250732
4.788072109222412 5.80010637935726 1.8587733507156372 1.9072588682174683
3.4926259517669678 5.486595456911701 2.218226671218872 2.890512704849243
4.114599704742432 6.335176240112531 2.6413066387176514 4.188641548156738
3.3718883991241455 6.497991063576649 2.8953440189361572 5.14692497253418
5.333988189697266 6.6435131797989015 1.9899238348007202 2.0459342002868652
3.6494410037994385 7.257344468643851 2.4222731590270996 3.222090482711792
4.506871223449707 6.810436237801284 2.9354443550109863 4.814374923706055
3.7191996574401855 5.746167918539754 3.242856740951538 5.996257781982422
5.286203861236572 6.272208853805537 2.219630002975464 2.286484956741333
3.7000184059143066 6.280515799698605 2.6558141708374023 3.5047101974487305
3.5380983352661133 6.468787392727927 3.1271607875823975 5.0669779777526855
2.503530979156494 4.321764175653801 3.385249614715576 6.178409576416016
5.834094524383545 7.019143374541416 2.352203369140625 2.4240667819976807
4.762344837188721 7.031625469644489 2.89833664894104 3.919308662414551
4.21600866317749 6.349184250121652 3.4968366622924805 5.90231990814209
3.086965799331665 4.476034143472123 3.827472448348999 7.330687999725342
6.726319313049316 8.267149827000267 2.544773817062378 2.630009889602661
6.1891093254089355 9.653434948004557 3.246528148651123 4.535347938537598
3.8542659282684326 7.119453420546975 4.015857696533203 7.103845119476318
3.137352466583252 5.255803074099816 4.437559604644775 8.950127601623535
5.647960186004639 6.732731516252262 2.7501542568206787 2.850731134414673
4.908451557159424 8.016257210753981 3.3349878787994385 4.544302940368652
2.567392349243164 5.303843001604111 3.8837993144989014 6.571166038513184
2.5038952827453613 4.511729982389625 4.160391330718994 7.96956729888916
6.430394172668457 7.670053217202977 2.9146971702575684 3.0349929332733154
4.626164436340332 7.5523242117537706 3.684553384780884 5.194371223449707
3.651087999343872 6.551338480591539 4.423618793487549 7.871726989746094
1.6868704557418823 3.696274476282497 4.8032636642456055 9.734123229980469
7.63070011138916 9.282123112579029 3.1717031002044678 3.3231403827667236
4.837727069854736 8.777711307821964 4.214257717132568 6.204714298248291
4.648038387298584 8.348135990152855 5.209516525268555 9.797377586364746
3.6316099166870117 6.316293331784891 5.711574554443359 12.262388229370117
5.263647556304932 6.215448555136987 2.9900894165039062 3.2629852294921875
5.103775978088379 7.8704745653777906 3.937873601913452 5.6369500160217285
3.371488332748413 6.329973809815762 4.540727615356445 7.9636616706848145
2.3509368896484375 3.4937240795197155 4.811982154846191 9.530109405517578
6.184103012084961 7.297981658200845 3.293968677520752 3.6225061416625977
5.261387825012207 8.218140846593087 4.392001152038574 6.510720729827881
3.9304964542388916 7.700563351776623 5.221404552459717 9.667304039001465
3.2319815158843994 6.4603504700580725 5.621119499206543 11.816282272338867
7.088224411010742 8.295163143689086 3.6732406616210938 4.0902791023254395
6.378367900848389 9.754675532008463 5.098802089691162 7.9360480308532715
4.846646785736084 7.81664167281285 6.243056774139404 12.244638442993164
2.9207687377929688 5.201682659321733 6.786018371582031 15.130473136901855
4.331560134887695 5.295450179048601 1.766966700553894 1.8340452909469604
4.512021541595459 7.23159716656491 2.0921759605407715 2.787552833557129
2.585599184036255 3.8271550828849286 2.3674705028533936 3.804811477661133
3.1762452125549316 5.677028941547642 2.514758348464966 4.498547554016113
4.920766353607178 6.017125371396446 1.8861099481582642 1.962730050086975
4.487173557281494 6.897810979114638 2.263373613357544 3.0725464820861816
3.9340856075286865 6.4235530293207646 2.5821645259857178 4.271005630493164
2.2358548641204834 4.657184175842303 2.747206687927246 5.081905364990234
5.654821395874023 6.892122673279118 2.076176404953003 2.165581703186035
4.900620937347412 6.831240262887867 2.527804136276245 3.5016212463378906
4.577125072479248 7.191470825951569 2.9002370834350586 4.95250940322876
3.5939860343933105 6.787525562691485 3.0836360454559326 5.923609256744385
5.339743614196777 6.435815969134865 2.2131993770599365 2.2991764545440674
4.884678840637207 6.941831536264083 2.6054434776306152 3.544707775115967
3.45143723487854 5.069412151772667 2.8975722789764404 4.850357532501221
2.776174545288086 5.381702088855443 3.0430426597595215 5.727375507354736
6.016854763031006 7.224269832726293 2.3881466388702393 2.4924778938293457
4.345684051513672 6.5610683813586945 2.876521348953247 4.020669460296631
3.9593489170074463 7.363798934703709 3.244100570678711 5.639301300048828
2.762352466583252 4.130038413185106 3.4171981811523438 6.705642223358154
6.876594066619873 8.276901648371677 2.686882734298706 2.8175456523895264
4.7954487800598145 7.968118464576946 3.31864333152771 4.774893283843994
4.716018199920654 7.529385457068173 3.780160427093506 6.838006973266602
4.2432427406311035 7.302566707490698 3.9789743423461914 8.161201477050781
5.738326549530029 6.8961424845545025 2.8019227981567383 2.910825252532959
4.624021053314209 7.407197899746167 3.193819761276245 4.422697067260742
3.4496285915374756 6.345936888918558 3.4341485500335693 5.928309917449951
2.393805503845215 4.329108899030231 3.547748327255249 6.931384086608887
6.67203426361084 7.9028451690944905 3.03301739692688 3.1750638484954834
5.891310214996338 9.351015937797618 3.5616455078125 5.109029293060303
3.840914487838745 6.491340185158689 3.909864664077759 7.060441970825195
3.0617525577545166 5.299069732134651 4.061220169067383 8.316554069519043
7.7207932472229 9.314537196635108 3.440031051635742 3.632925033569336
5.861262798309326 9.37449931309186 4.180905818939209 6.22437047958374
3.6112444400787354 6.609976951417394 4.6656293869018555 8.804883003234863
3.979527473449707 6.7422803139228265 4.848953723907471 10.397529602050781
5.890951633453369 7.012430707979092 2.971493721008301 3.3119804859161377
5.027244567871094 8.232710355184508 3.7681479454040527 5.311234474182129
2.6708202362060547 3.412167213884004 3.8924665451049805 6.858706474304199
2.909012794494629 5.3798491541906515 3.9545986652374268 7.917042255401611
6.674247741699219 7.9184702399168145 3.29134202003479 3.7243950366973877
5.262390613555908 7.971655624998789 4.215493679046631 6.19088077545166
4.41588830947876 6.6470000626945875 4.469997406005859 8.282469749450684
3.8333590030670166 6.506339394098006 4.579397201538086 9.638885498046875
7.9661784172058105 9.606080060588283 3.8574535846710205 4.310675144195557
6.378867149353027 9.580661309847898 4.97291374206543 7.622181415557861
4.189111709594727 6.184356871481668 5.401046276092529 10.484204292297363
3.652132272720337 5.992956163204568 5.547788143157959 12.2265625
4.385237216949463 5.332705738978291 1.7810087203979492 1.848575472831726
3.8320584297180176 6.520820506760174 2.1127655506134033 2.8149399757385254
3.5484838485717773 5.713244504980126 2.39504075050354 3.8487536907196045
2.7986505031585693 5.104923068217886 2.5462710857391357 4.555021286010742
4.964695930480957 6.057806751342696 1.899051547050476 1.9762451648712158
4.268988132476807 5.624715864941209 2.285062551498413 3.1027719974517822
3.46201491355896 5.166446852836799 2.6137421131134033 4.322596549987793
3.4519269466400146 5.624571400052561 2.784165143966675 5.151055812835693
5.67724084854126 6.917511139909038 2.0855624675750732 2.175697088241577
5.107229232788086 8.58392203228027 2.5488576889038086 3.532682418823242
4.2760210037231445 8.004725960013957 2.9359376430511475 5.013172149658203
3.844525098800659 6.386927116562468 3.1272501945495605 6.008976459503174
5.415748596191406 6.504493546113736 2.2404532432556152 2.3275747299194336
3.4102683067321777 5.433533077005393 2.64499831199646 3.6025402545928955
3.5712738037109375 6.109197231034159 2.949273109436035 4.943695545196533
3.328737735748291 5.827906750191385 3.0998222827911377 5.843803882598877
6.072363376617432 7.277374870321324 2.4130022525787354 2.518925905227661
5.171321392059326 6.723326148436399 2.9188790321350098 4.08744478225708
4.372347831726074 7.281981380355944 3.304572343826294 5.754922866821289
3.484318971633911 5.654219989795649 3.4851412773132324 6.8539299964904785
6.926794528961182 8.317111051967913 2.704402446746826 2.836944103240967
5.39102029800415 9.049005108249082 3.36145281791687 4.848954677581787
4.749509334564209 8.05345037383131 3.8502345085144043 6.983132362365723
3.6575846672058105 6.997243570229557 4.06108283996582 8.354647636413574
5.768804550170898 6.917674596541538 2.842054605484009 2.955458402633667
5.435325622558594 8.60978886434782 3.2566986083984375 4.521851062774658
3.3662190437316895 6.684138194987099 3.513563632965088 6.084754467010498
3.032414436340332 4.429721295971594 3.6329362392425537 7.12150239944458
6.68851375579834 7.910938390491538 3.070387125015259 3.218141794204712
5.453538417816162 8.773645084115287 3.630990505218506 5.228681564331055
4.046807289123535 4.9626487752307185 4.005140781402588 7.2623677253723145
3.2462515830993652 5.836413075276603 4.165310382843018 8.56582260131836
7.794834613800049 9.376637928591329 3.4682669639587402 3.6675381660461426
5.680239200592041 8.168978701136144 4.256118297576904 6.3683929443359375
4.347611904144287 7.78638132899583 4.779650688171387 9.071150779724121
3.882662296295166 7.40186030281661 4.977263450622559 10.734152793884277
5.882176876068115 6.983311805805614 3.042613983154297 3.4038987159729004
4.825862884521484 7.92039710106701 3.848710060119629 5.448807716369629
3.0683586597442627 5.515894342241163 3.996190309524536 7.074225902557373
3.41072416305542 6.284895754286481 4.064439296722412 8.174560546875
6.707308769226074 7.940055439922304 3.3664710521698 3.8276960849761963
5.132551670074463 7.644472005516036 4.306879997253418 6.362424850463867
4.269382953643799 7.557156707565156 4.596274375915527 8.567400932312012
3.6803503036499023 5.837817669905749 4.715579986572266 9.983089447021484
7.923995018005371 9.510910821191445 3.923332929611206 4.404540061950684
5.106116771697998 7.714692388481126 5.078828811645508 7.838505268096924
5.216188907623291 7.900296346576326 5.556562423706055 10.870949745178223
4.113439083099365 5.506720738302835 5.718178749084473 12.698148727416992
4.4012770652771 5.25078696942299 1.7907052040100098 1.8563804626464844
4.430685043334961 6.669556544274327 2.1193528175354004 2.805190324783325
2.39713716506958 4.199373478698959 2.403810977935791 3.8270535469055176
2.8307576179504395 5.424898963695114 2.5525176525115967 4.5239176750183105
4.979104042053223 6.028212915530908 1.8984358310699463 1.9729890823364258
4.729818344116211 7.561882633270898 2.279878616333008 3.075714588165283
4.110858917236328 7.345967725259783 2.614236831665039 4.286808013916016
3.368182420730591 5.566957793569159 2.7854621410369873 5.111511707305908
5.692930698394775 6.965322875691243 2.064174175262451 2.150486469268799
4.318404197692871 7.7714182208762175 2.5192127227783203 3.472909927368164
3.472923517227173 5.59172898091046 2.9186017513275146 4.948852062225342
3.0673959255218506 5.891724754406546 3.1169486045837402 5.9500861167907715
5.36566162109375 6.377848419628506 2.2629456520080566 2.347410202026367
4.153300762176514 6.648056486191024 2.672945261001587 3.6219518184661865
3.5166683197021484 6.448891835053374 2.9903464317321777 4.980727195739746
2.35555100440979 4.6197159877474405 3.137765407562256 5.881532192230225
6.037496089935303 7.2412917952589275 2.416992664337158 2.518925428390503
5.16455602645874 8.105057086861905 2.928900957107544 4.085805416107178
3.638023614883423 6.15316473775696 3.3370864391326904 5.788602352142334
3.5639374256134033 4.937210474400885 3.521589756011963 6.90617561340332
7.010631561279297 8.613626486697058 2.672990322113037 2.798858880996704
5.098479270935059 7.8303498930661135 3.331940174102783 4.799988269805908
4.1424970626831055 8.016216567080392 3.857686996459961 6.9960222244262695
4.129128932952881 7.104021239358534 4.085215091705322 8.413647651672363
5.727171897888184 6.82623119390496 2.8604536056518555 2.975024461746216
5.2356157302856445 8.69884621952366 3.3205373287200928 4.605840682983398
3.5625009536743164 6.243647746011902 3.608077049255371 6.23767614364624
3.4153096675872803 5.674154900713006 3.720587968826294 7.286183834075928
6.664469242095947 7.9361798871895815 3.065244674682617 3.2115676403045654
5.13191556930542 8.036979718744561 3.6810426712036133 5.307701587677002
4.249444961547852 6.488549754028462 4.099432945251465 7.450449466705322
2.4455697536468506 2.8771554028183175 4.262517929077148 8.79444408416748
7.96331787109375 9.755431836658772 3.421961545944214 3.614675521850586
5.875236988067627 8.855524222952113 4.270764350891113 6.422031402587891
3.555790424346924 6.445802046966719 4.856851577758789 9.298677444458008
3.93279767036438 5.516071963684023 5.073246955871582 11.044028282165527
5.679433822631836 6.754709662913228 3.1119446754455566 3.4801692962646484
4.408661842346191 7.302860017492094 3.9500975608825684 5.629935264587402
2.5307037830352783 4.917556072652587 4.154177665710449 7.373573303222656
2.7356455326080322 4.141996873585072 4.207171440124512 8.48873233795166
6.306370735168457 7.601970249445628 3.39907169342041 3.858081102371216
4.817917346954346 8.302468486398555 4.41251802444458 6.57586145401001
2.891775131225586 5.900182670282414 4.768823146820068 8.959060668945312
1.7489672899246216 3.9359506873465193 4.882802486419678 10.423384666442871
7.983447551727295 9.762159003365841 3.861032009124756 4.343605041503906
5.631471633911133 9.590507047951363 5.177794933319092 8.095322608947754
4.708601951599121 6.853505242473943 5.733726978302002 11.404219627380371
3.8501198291778564 7.026325852205332 5.905139446258545 13.319086074829102
4.368105888366699 5.22750300459651 1.8263612985610962 1.8935648202896118
3.9929304122924805 6.728603022182675 2.1628432273864746 2.8659982681274414
3.5934910774230957 5.669875219633639 2.451232433319092 3.909316301345825
2.540914297103882 4.923842659483967 2.5985236167907715 4.615584373474121
4.967032432556152 6.030223903325319 1.9376529455184937 2.014232873916626
4.669400215148926 7.123898154931339 2.3306167125701904 3.1503167152404785
3.579355478286743 5.99140958708125 2.6723389625549316 4.39563512802124
2.6788346767425537 4.350666104626043 2.843552827835083 5.237222194671631
5.7035040855407715 7.049576982966414 2.106496572494507 2.1956028938293457
5.463991165161133 9.127654469714571 2.5801262855529785 3.568483591079712
4.360709190368652 7.288527511594361 2.992894411087036 5.100762844085693
3.763554334640503 6.256214882067644 3.193678855895996 6.133231163024902
5.317521572113037 6.338999097195611 2.322082996368408 2.409438371658325
4.680233478546143 7.946906108740677 2.7542366981506348 3.74178409576416
3.257362127304077 5.758828687162492 3.081583261489868 5.1487507820129395
2.2474255561828613 4.393507449114551 3.224233865737915 6.06522798538208
5.996272087097168 7.218453392881429 2.480297088623047 2.5862627029418945
5.126977443695068 8.722014773603185 3.0244550704956055 4.235960960388184
4.014687538146973 6.939745069140827 3.4504001140594482 6.015275478363037
3.4762346744537354 6.431437317386099 3.6324045658111572 7.164559841156006
6.955173492431641 8.725568156817175 2.73734188079834 2.8691210746765137
5.568016052246094 9.14351533778068 3.4477720260620117 4.998565196990967
3.585374593734741 6.186659840617135 4.005792140960693 7.323761940002441
3.8282454013824463 6.946676576374443 4.235103130340576 8.801844596862793
5.701063632965088 6.798984781920581 2.923267126083374 3.0463383197784424
4.839693546295166 7.630795824116115 3.448653221130371 4.807928562164307
3.815342664718628 6.39535181159615 3.7577474117279053 6.527472496032715
2.459444999694824 4.505539813840073 3.8588507175445557 7.59309720993042
6.627446174621582 7.9342817057104185 3.134270191192627 3.2907609939575195
4.9864821434021 7.69030549762266 3.8361427783966064 5.569277763366699
4.224254131317139 6.825582504780282 4.287300109863281 7.846156120300293
2.4754416942596436 3.5839111855076453 4.441074848175049 9.231362342834473
7.937487602233887 9.765577191836641 3.4917080402374268 3.6977908611297607
5.0948004722595215 9.31780202076689 4.465269565582275 6.781574249267578
3.2550554275512695 5.241942180489474 5.106602668762207 9.881139755249023
4.682841777801514 7.7042735643020706 5.318309783935547 11.706782341003418
5.445454120635986 6.434322528634766 3.212527275085449 3.597205638885498
3.799750804901123 5.944336096530037 4.119034767150879 5.919447898864746
3.125258445739746 5.222333325695217 4.3646769523620605 7.794969081878662
1.0333319902420044 1.5630586502650203 4.397153854370117 8.922025680541992
6.266629219055176 7.578737699257857 3.5099315643310547 3.9825825691223145
5.048591136932373 7.405646693536568 4.62814474105835 6.961495399475098
3.6144261360168457 6.713476814212214 5.035155296325684 9.53801155090332
3.33760142326355 5.316548616376963 5.129606246948242 11.042654037475586
7.943272113800049 9.598188930092434 3.980637788772583 4.495720386505127
5.246884346008301 7.501609574021359 5.462038040161133 8.647693634033203
4.735286235809326 7.183033928437638 6.0912017822265625 12.262961387634277
3.8212759494781494 7.2885241224316815 6.245748996734619 14.2614164352417
4.266712665557861 5.2387364412181405 1.6462987661361694 1.7063711881637573
3.963884115219116 7.268780980202559 1.9290602207183838 2.5501415729522705
2.981029987335205 5.913428363646375 2.190309524536133 3.449026346206665
3.015504837036133 6.091809008681025 2.336238145828247 4.047670841217041
4.815276145935059 5.935876462471697 1.73214852809906 1.8010063171386719
4.582132339477539 7.989861865611374 2.052356481552124 2.768860340118408
3.2348484992980957 6.720565612907876 2.3458869457244873 3.812009811401367
2.7523999214172363 4.385755717671714 2.508044719696045 4.508837699890137
5.609242916107178 6.868990938950901 1.8574975728988647 1.937882423400879
5.092919826507568 8.649560233496402 2.2272183895111084 3.0792396068573
3.534550666809082 7.710359121765819 2.5624215602874756 4.319504261016846
3.3570334911346436 6.367650069302044 2.7454426288604736 5.142092704772949
5.360291957855225 6.463193367403363 2.038524866104126 2.1155786514282227
3.5732662677764893 5.860581016391677 2.3715288639068604 3.200824022293091
3.6525301933288574 7.435946402884941 2.636094570159912 4.311929702758789
2.650211811065674 6.1103949373863315 2.7685763835906982 5.029412746429443
6.028207778930664 7.214275735025206 2.1545722484588623 2.2489194869995117
5.1768927574157715 8.620184751136847 2.558523178100586 3.5499207973480225
3.8225228786468506 6.185218463305091 2.879194736480713 4.902753829956055
3.143176317214966 5.322496145228136 3.037407398223877 5.778443336486816
6.926566123962402 8.501587130311805 2.338752269744873 2.454038143157959
5.177760601043701 8.62097523911018 2.834643602371216 4.063449382781982
4.332761764526367 8.334082864076683 3.2256007194519043 5.754765033721924
3.68751859664917 6.887469098800281 3.418489456176758 6.839242935180664
5.790564060211182 6.929456276458382 2.6371302604675293 2.7214372158050537
5.056347846984863 8.916403747074405 2.9480204582214355 4.037479877471924
2.843092441558838 5.518030874597571 3.1247735023498535 5.269677639007568
2.956620931625366 5.828589716719989 3.2007319927215576 6.031447410583496
6.764832019805908 8.067210198629482 2.7804830074310303 2.895751714706421
5.199770450592041 7.4274394394388645 3.199148654937744 4.545840263366699
3.4554622173309326 6.703403990191418 3.4572901725769043 6.1120805740356445
2.9327380657196045 5.952822214348544 3.567746877670288 7.082677841186523
7.935127258300781 9.661034080423633 3.02321720123291 3.1767375469207764
5.909590721130371 9.381982401801423 3.5849292278289795 5.304119110107422
5.078212261199951 9.341973621835548 3.9411439895629883 7.345189094543457
4.451786994934082 7.701224279599046 4.097638130187988 8.59678840637207
5.891702175140381 6.991398403591006 2.8378922939300537 3.0666379928588867
4.944924831390381 8.587079956905882 3.6072330474853516 5.057444095611572
3.4599037170410156 6.3485005277356095 3.5971572399139404 6.193901538848877
2.455592393875122 5.770614427903183 3.5732550621032715 6.908540725708008
6.793922424316406 8.021941245320583 3.0397884845733643 3.332507610321045
5.272793292999268 7.997512712039878 3.936063051223755 5.731496334075928
3.3225414752960205 6.812569635498778 4.004916191101074 7.274390697479248
2.677823543548584 5.570957080891731 4.023331165313721 8.226529121398926
7.830217361450195 9.33943642882872 3.3658945560455322 3.737896203994751
5.250011920928955 8.914299942601644 4.430120468139648 6.747201919555664
4.917106628417969 7.572066825494403 4.607807636260986 8.857669830322266
3.2274951934814453 4.5372184227349805 4.680610179901123 10.132933616638184
4.213864803314209 5.188657790694208 1.682627558708191 1.7444465160369873
3.8369200229644775 7.11563480198231 1.9709683656692505 2.6068825721740723
3.6035666465759277 7.022851519402167 2.233567714691162 3.5210578441619873
2.75592303276062 5.15116566846342 2.379000663757324 4.128917217254639
4.732786178588867 5.860279740921669 1.769057035446167 1.840317726135254
3.1384243965148926 5.138635515203134 2.0987982749938965 2.8336803913116455
2.6889584064483643 5.257585964441887 2.397402286529541 3.9017841815948486
3.0977110862731934 5.9982808855403675 2.560957908630371 4.614008903503418
5.493388652801514 6.819849587751946 1.8931041955947876 1.976770043373108
5.3098931312561035 7.160001816846389 2.27829909324646 3.1543807983398438
4.251672267913818 5.8622361195166945 2.625112295150757 4.433420181274414
2.992579221725464 6.318837766367174 2.81284761428833 5.280727386474609
5.2813897132873535 6.382263474771719 2.105678081512451 2.1859130859375
3.9519009590148926 6.622512633541646 2.4501137733459473 3.312108039855957
3.544659376144409 7.029666145111605 2.7151975631713867 4.4522294998168945
2.709336996078491 4.867701270595248 2.8440730571746826 5.183687210083008
5.915414810180664 7.119845857127416 2.220003843307495 2.318967342376709
5.096187114715576 7.68441294466993 2.6439850330352783 3.677602529525757
4.36422872543335 7.545789558771332 2.9733898639678955 5.079473495483398
3.891623020172119 6.404760034798301 3.132045030593872 5.982006549835205
6.817254066467285 8.47482262602307 2.3972036838531494 2.5191240310668945
5.8536505699157715 7.606692976588757 2.9262869358062744 4.2118449211120605
4.903651237487793 8.718418400365332 3.3412389755249023 5.982221603393555
3.993096113204956 7.049536697246367 3.5415382385253906 7.112452983856201
5.6734232902526855 6.814396024632174 2.722595691680908 2.815152168273926
4.880058288574219 8.027429050220535 3.066877603530884 4.214879989624023
4.136245250701904 7.633392636730832 3.24645733833313 5.494600296020508
3.5289504528045654 5.948400087384243 3.314598321914673 6.274368762969971
6.60508918762207 7.926642543468596 2.864436626434326 2.9900946617126465
4.946138858795166 8.675598279911654 3.3280227184295654 4.752480983734131
4.117674350738525 7.054823585651363 3.6024231910705566 6.39837121963501
2.6580801010131836 4.305551510846271 3.7116754055023193 7.407557487487793
7.803610801696777 9.562106237765647 3.096104860305786 3.2637593746185303
6.348503112792969 10.044446185948097 3.721788167953491 5.548830986022949
4.699118614196777 8.018587858143746 4.1205925941467285 7.719630718231201
3.700479745864868 6.778780570444212 4.287652492523193 9.038629531860352
5.757408142089844 6.867326164713127 2.96321702003479 3.2191970348358154
4.057580947875977 6.446053266861753 3.7284858226776123 5.248622894287109
2.32761549949646 3.7811509866430697 3.754822015762329 6.4909210205078125
2.688284397125244 4.527330619926261 3.722170829772949 7.231591701507568
6.5985493659973145 7.881448695161592 3.1768486499786377 3.509171962738037
4.822304725646973 8.47502143892848 4.067108154296875 5.967206954956055
3.8846263885498047 6.841611137221491 4.19210147857666 7.653836727142334
3.8254377841949463 5.983688878356475 4.211816787719727 8.660741806030273
7.584266662597656 9.229178134290919 3.513129949569702 3.945307493209839
5.95346212387085 9.088070080600062 4.569965362548828 7.042333602905273
4.7463507652282715 7.471278504344869 4.840124607086182 9.359878540039062
3.8708407878875732 6.710135186449641 4.9312639236450195 10.727327346801758
4.323501110076904 5.277293071732629 1.752074122428894 1.817084789276123
3.3819758892059326 5.434446288740219 2.0523524284362793 2.732959747314453
2.8374366760253906 4.795543793977146 2.322277784347534 3.707545042037964
2.6666407585144043 5.142740498615694 2.4695169925689697 4.3541975021362305
4.778424263000488 5.914682795711741 1.846417784690857 1.9220805168151855
4.744187355041504 7.111720162133508 2.198357105255127 2.9931211471557617
3.5193276405334473 6.431225992952079 2.512261152267456 4.154361724853516
3.6072423458099365 6.640010873533356 2.6799731254577637 4.923443794250488
5.301290035247803 6.715582176388665 1.979522705078125 2.0695207118988037
5.25725793838501 8.383619432881233 2.4051923751831055 3.3639872074127197
4.000030994415283 6.218009547583463 2.7819058895111084 4.78706693649292
3.2703604698181152 7.088399859113906 2.9775657653808594 5.718369483947754
5.254647731781006 6.3425663260148895 2.2413275241851807 2.3283815383911133
4.207911968231201 7.0515679424737705 2.6033802032470703 3.558579206466675
3.387810707092285 6.318945124170682 2.8652384281158447 4.787902355194092
2.948709487915039 5.4514649660887375 2.9867866039276123 5.57145881652832
5.717944145202637 6.968349408481004 2.366743803024292 2.4755406379699707
4.956284999847412 7.607337539928835 2.8318028450012207 3.994682788848877
3.4708352088928223 6.3510711722929045 3.174382209777832 5.549496173858643
2.894937038421631 5.711083128142494 3.3284754753112793 6.536648750305176
6.420871257781982 8.216144244769728 2.5516140460968018 2.688394784927368
5.049235820770264 8.441500887702432 3.166721820831299 4.636815547943115
3.965839147567749 5.954012637571424 3.627937078475952 6.669567584991455
4.35307502746582 6.9740735020226765 3.8284473419189453 7.936263561248779
5.495474338531494 6.639372645433852 2.926330089569092 3.0367774963378906
4.582580089569092 8.030038924254256 3.32493257522583 4.6385178565979
3.497152090072632 6.5502824226493885 3.476292371749878 6.021336078643799
3.046103000640869 5.385381208248454 3.5157053470611572 6.840823650360107
6.225793838500977 7.621166603564916 3.0875704288482666 3.236137628555298
5.610110282897949 8.261555053070651 3.6449670791625977 5.306352615356445
4.603541374206543 8.41842416169925 3.915958881378174 7.152945518493652
3.631478786468506 5.97411156419912 3.9973878860473633 8.244339942932129
7.276442050933838 9.165542327971934 3.3260767459869385 3.5266525745391846
4.468027114868164 7.774903282329251 4.128108024597168 6.302449703216553
4.767203330993652 7.4478343672922165 4.578756332397461 8.850608825683594
3.990575075149536 7.259379978198275 4.7201948165893555 10.324371337890625
5.625269412994385 6.750515253802867 3.2641146183013916 3.567626476287842
4.472094535827637 7.437104821965258 4.09393835067749 5.863201141357422
3.2262473106384277 5.569733319985971 4.073651313781738 7.224210262298584
2.945676326751709 5.067443319735503 3.9803545475006104 7.96370792388916
6.328397750854492 7.742863130159618 3.5151243209838867 3.907850980758667
5.132490158081055 8.415170769332951 4.52691650390625 6.7966084480285645
3.4880623817443848 5.178657535445723 4.629793643951416 8.717367172241211
3.51690673828125 6.0459126241445915 4.585780143737793 9.765551567077637
7.272695064544678 9.088957989483546 3.882075071334839 4.395514011383057
4.877832889556885 8.087087905513329 5.170804500579834 8.19431209564209
4.509768009185791 8.012601703344444 5.485841751098633 10.969358444213867
4.198729038238525 6.921875367135158 5.508782386779785 12.459199905395508
4.464584827423096 5.373303520535501 1.7406808137893677 1.8045873641967773
4.35666036605835 7.646982328634518 2.0388059616088867 2.7214713096618652
3.5690033435821533 6.9450680728774525 2.3211281299591064 3.723844051361084
2.296461343765259 4.532505256076185 2.482070207595825 4.396275997161865
4.934603214263916 6.054000821537002 1.8384921550750732 1.9127154350280762
4.168972015380859 7.390035101890618 2.1880524158477783 2.986176013946533
3.5013792514801025 6.808716745773381 2.5158190727233887 4.184389114379883
3.545109272003174 6.471741945732923 2.6986658573150635 4.9858717918396
5.553955554962158 6.957720242025687 1.978664517402649 2.0668082237243652
4.8181047439575195 8.788439902526761 2.4027507305145264 3.3672046661376953
4.61776876449585 8.410403023383498 2.7960057258605957 4.8416924476623535
3.4825940132141113 6.421777335261364 3.008991003036499 5.816096305847168
5.408056259155273 6.475642018924532 2.223703622817993 2.3089985847473145
5.236173152923584 7.60754013048745 2.5691816806793213 3.520510673522949
2.800201177597046 5.193973371559878 2.841658353805542 4.780971527099609
3.075488328933716 5.530338208230887 2.9886093139648438 5.615730285644531
5.947667121887207 7.201098413648879 2.3565917015075684 2.4632697105407715
4.32187032699585 7.379957864906142 2.8047046661376953 3.9661409854888916
3.808875799179077 6.768377411857244 3.1586360931396484 5.565643787384033
2.606515884399414 5.327714029677026 3.3389930725097656 6.614675998687744
6.69805383682251 8.487417139424679 2.5567002296447754 2.6908960342407227
5.879949569702148 9.201384080979551 3.1563987731933594 4.630674362182617
4.209306716918945 8.12485869294315 3.6317379474639893 6.734472274780273
3.7263011932373047 6.536505991816284 3.8606960773468018 8.081921577453613
5.650087356567383 6.7733328130521535 2.9407148361206055 3.0464842319488525
5.550048828125 9.019345895383784 3.2830123901367188 4.585405349731445
3.4441440105438232 6.271455104770894 3.419215679168701 5.962680339813232
2.245819330215454 4.5166533727260685 3.4902496337890625 6.8520636558532715
6.445252895355225 7.8552630765437925 3.110877752304077 3.255244493484497
5.32474946975708 8.595098031959878 3.6154510974884033 5.272151470184326
3.544133186340332 5.519147009391986 3.8705556392669678 7.125983238220215
2.8610916137695312 4.819025504207048 3.982069730758667 8.298033714294434
7.618236064910889 9.46592485536247 3.371086835861206 3.5680599212646484
5.838470458984375 8.002524253125026 4.127011299133301 6.310662269592285
4.825694561004639 8.474849365655132 4.563259124755859 8.9019193649292
3.562751054763794 6.335666043669164 4.735231399536133 10.479280471801758
5.637378215789795 6.666163262746352 3.2267026901245117 3.5270326137542725
4.43941593170166 7.566211757264469 4.116907119750977 5.894207954406738
3.8544812202453613 7.27736254629724 3.9938228130340576 7.124968528747559
3.3574206829071045 6.366446016144323 3.923067808151245 7.922333240509033
6.155859470367432 7.4606446774798485 3.4850776195526123 3.8700332641601562
4.970788478851318 7.122826060888997 4.580963611602783 6.878201484680176
3.8376073837280273 7.13246279998566 4.569274425506592 8.666905403137207
4.0793585777282715 6.095249256453201 4.5396881103515625 9.772571563720703
7.601092338562012 9.019196124709197 3.876622200012207 4.373539924621582
6.01076602935791 9.412080355795467 5.278298854827881 8.365545272827148
4.381658554077148 7.320169602542585 5.469202041625977 11.0349702835083
4.248903751373291 5.795640938173706 5.501286029815674 12.599932670593262
3.9563863277435303 4.982210804180795 1.7619726657867432 1.8110954761505127
4.058541774749756 7.11088804725523 1.9975985288619995 2.628047466278076
2.682671070098877 4.1263068519168655 2.1997880935668945 3.5031137466430664
2.40629243850708 4.70964609311838 2.309107542037964 4.07070255279541
4.504451751708984 5.6228026191110985 1.8533680438995361 1.908541202545166
3.7783327102661133 7.050791720772395 2.1359331607818604 2.847444534301758
3.1230709552764893 5.524619076694194 2.3720290660858154 3.8591063022613525
3.126859188079834 5.344609893284872 2.4946978092193604 4.523359775543213
5.308753967285156 6.468825500147716 1.9832360744476318 2.049071788787842
4.7120890617370605 7.857184760856473 2.3292601108551025 3.1608831882476807
3.977769136428833 7.2778303166966225 2.609722852706909 4.362149715423584
3.113389015197754 5.8148691609566185 2.7472970485687256 5.155580997467041
4.766240119934082 5.846318480567788 2.2331104278564453 2.3025641441345215
4.658981800079346 7.981369487064512 2.483384609222412 3.346457004547119
3.7762515544891357 6.972321216876935 2.647921323776245 4.42303466796875
2.816164016723633 5.583091548359301 2.728231906890869 5.1015706062316895
5.486644744873047 6.581329209701721 2.359927177429199 2.4355385303497314
5.082554340362549 7.7601882823169035 2.7027955055236816 3.714224338531494
3.0983381271362305 5.877265136338792 2.9217491149902344 5.025328636169434
2.806617259979248 6.259185968629936 3.018352746963501 5.85549259185791
6.595242500305176 7.782071588405842 2.550783157348633 2.642570734024048
5.25548791885376 7.649272016288478 3.0177903175354004 4.256641864776611
4.563823699951172 7.362530253379532 3.310401678085327 5.901706218719482
3.724468231201172 5.5006237537788785 3.4249656200408936 6.9408135414123535
5.173966407775879 6.067364198105679 2.8029086589813232 2.9525272846221924
4.096706867218018 6.8123746685268145 3.0364108085632324 4.205207347869873
3.164419651031494 6.268399942546239 3.1059858798980713 5.394149303436279
2.3385770320892334 3.996718869152069 3.1263556480407715 6.120189189910889
6.088622570037842 7.1098071882574345 2.9691386222839355 3.1388907432556152
4.891668796539307 8.362580099043583 3.3483057022094727 4.755749702453613
3.4384913444519043 7.347783737372104 3.489189386367798 6.274619102478027
3.26389741897583 6.076324704889998 3.5230283737182617 7.1940412521362305
7.425146102905273 8.58542645648265 3.235570192337036 3.437908411026001
5.816915035247803 8.667960954049772 3.807248592376709 5.581406593322754
4.285776615142822 8.070395294788 4.043251991271973 7.577710151672363
3.32041072845459 5.324123690387523 4.090274810791016 8.771650314331055
5.314143657684326 6.1150264919017445 3.3110291957855225 3.6048853397369385
4.792475700378418 8.250657334961943 3.5619289875030518 5.0814290046691895
3.616962432861328 5.991408866706465 3.5016846656799316 6.251887798309326
2.7152211666107178 5.621227987654979 3.4486095905303955 6.967483043670654
6.188979148864746 7.22386361874868 3.483440399169922 3.765070915222168
5.423483848571777 8.386822051616491 3.9546430110931396 5.814632892608643
3.1628081798553467 5.177914820869802 3.9822962284088135 7.387024879455566
2.00091290473938 3.4424660953664503 3.935281753540039 8.31834602355957
7.224665641784668 8.39594256908822 3.5155744552612305 3.93603777885437
5.495297431945801 7.604307321688111 4.547756195068359 6.927803039550781
4.174051284790039 6.559999295810712 4.684953212738037 9.076179504394531
3.7442843914031982 6.52430656244559 4.640305995941162 10.325296401977539
3.9659812450408936 4.955654557060825 1.793722152709961 1.8436774015426636
3.9400508403778076 7.159992601354361 2.032243251800537 2.678457021713257
2.650752544403076 5.259298918105287 2.2309982776641846 3.569826126098633
2.8589329719543457 5.3238440149693425 2.336170196533203 4.145875930786133
4.517897605895996 5.595836277212584 1.8873183727264404 1.9437211751937866
4.368091583251953 6.399659894235469 2.1770122051239014 2.910358190536499
2.918201446533203 4.88429313831125 2.412203073501587 3.9475412368774414
2.865856885910034 6.131960522951914 2.5312325954437256 4.626043796539307
5.322545528411865 6.432409397521113 2.020259380340576 2.0884411334991455
4.783682823181152 8.077955801282542 2.3792600631713867 3.2427828311920166
4.238247871398926 7.64818566234095 2.6627564430236816 4.483800411224365
2.900881052017212 6.19580758711334 2.797935724258423 5.300106525421143
4.733241558074951 5.758192504624503 2.29126238822937 2.3650364875793457
4.554405212402344 7.938882213124089 2.555299758911133 3.4568135738372803
3.181032180786133 6.30469223599251 2.715589761734009 4.567231178283691
2.0718307495117188 4.416868082207088 2.7863712310791016 5.25995397567749
5.405269145965576 6.448022194276385 2.4217770099639893 2.502804756164551
4.224121570587158 6.834384963295747 2.787933111190796 3.8506476879119873
3.810561418533325 7.193351043243183 3.008429765701294 5.216533184051514
2.6840689182281494 5.063802758614701 3.0966713428497314 6.072563648223877
6.4934515953063965 7.686211878776476 2.6176693439483643 2.7170329093933105
4.203070640563965 6.950101955761852 3.1206228733062744 4.433221817016602
4.040973663330078 6.546221403689742 3.4233973026275635 6.1651530265808105
3.070392370223999 6.386813903500467 3.5323729515075684 7.247481346130371
5.083348751068115 5.956842525069305 2.8504726886749268 3.0063486099243164
4.746887683868408 8.322441708847691 3.1405794620513916 4.377750873565674
3.8908185958862305 7.124923059008211 3.215378522872925 5.6279778480529785
2.604342460632324 5.280189598346212 3.2210869789123535 6.3774800300598145
5.94401741027832 6.986440927394597 3.0233938694000244 3.2067198753356934
4.3736162185668945 6.802751116066247 3.4732589721679688 4.96821928024292
3.563971996307373 5.796606399636175 3.6297950744628906 6.5847392082214355
3.711554765701294 6.678244594486287 3.6508188247680664 7.547412395477295
7.22681188583374 8.433191138921273 3.2990400791168213 3.5222020149230957
5.330048561096191 6.900437774665306 3.9590494632720947 5.855586528778076
4.589773654937744 8.097744061393623 4.22539758682251 8.003865242004395
3.1404409408569336 5.310737862174616 4.264453887939453 9.26916217803955
5.008696556091309 5.8382678945022235 2.6825098991394043 3.6374154090881348
4.558431625366211 7.235318173855459 3.6722195148468018 5.278266429901123
2.238264322280884 4.454104200614893 3.645754337310791 6.557941913604736
3.0064539909362793 5.10382940626188 3.575991630554199 7.312187194824219
5.757791042327881 6.730948425613974 3.540463924407959 3.9469103813171387
3.753129243850708 5.740829813572304 4.089493274688721 6.059804439544678
3.7079391479492188 6.941714269805226 4.167744159698486 7.790801525115967
3.272493839263916 6.226898646035063 4.107553958892822 8.792024612426758
7.034627437591553 8.258752917577226 3.5005040168762207 4.229404449462891
5.1436543464660645 8.115336834388671 4.7154412269592285 7.24827766418457
5.14841365814209 7.566888280715943 4.924123287200928 9.630701065063477
3.4964945316314697 6.697647318860277 4.873958587646484 10.987377166748047
4.2024006843566895 5.309901393975366 1.7659878730773926 1.8175971508026123
4.109707832336426 6.800534664455284 2.019087553024292 2.6698038578033447
2.8399620056152344 5.928003051743423 2.249342203140259 3.5992186069488525
2.7001588344573975 4.6868595324699385 2.3814592361450195 4.216817855834961
4.820965766906738 6.060804127650613 1.8672164678573608 1.925025463104248
3.877032518386841 7.056568320884699 2.170440435409546 2.910759687423706
3.3133246898651123 6.414035059176513 2.441399335861206 4.0017218589782715
2.7049505710601807 5.599820986546902 2.5928947925567627 4.736917972564697
5.4385881423950195 6.870742223615139 2.0113143920898438 2.0802910327911377
5.3076252937316895 9.050094731065883 2.383646011352539 3.259596824645996
3.2781431674957275 6.910524112883195 2.7103118896484375 4.583340644836426
3.7528555393218994 6.8328517619099784 2.886380195617676 5.4832587242126465
4.911923408508301 6.143933492986434 2.289475679397583 2.362974166870117
4.603327751159668 8.038183288894743 2.5633890628814697 3.4865317344665527
3.1099648475646973 6.041954134964463 2.7690627574920654 4.66965389251709
3.133436441421509 6.140118176745318 2.8795294761657715 5.436032295227051
5.611578941345215 6.956763722132337 2.4343838691711426 2.5146121978759766
3.7515838146209717 6.576385870161403 2.811899185180664 3.905941963195801
3.9530138969421387 7.106911938638078 3.0868918895721436 5.381006717681885
2.8247244358062744 5.277689637009928 3.2242560386657715 6.343841552734375
6.552109718322754 8.166290313688247 2.6460421085357666 2.7445833683013916
4.715367317199707 8.191860291077147 3.1681230068206787 4.52880859375
4.899405002593994 8.45435455286384 3.543205738067627 6.438030242919922
3.4463541507720947 6.5871595220589825 3.7169814109802246 7.6865363121032715
5.257780075073242 6.3820567922402915 2.9426541328430176 3.096545696258545
4.92195463180542 8.233001065444151 3.2203807830810547 4.517086029052734
3.4655370712280273 6.3435303178739275 3.334733486175537 5.873950958251953
2.9653358459472656 5.550260935646293 3.3831827640533447 6.722841739654541
6.041093826293945 7.335191498663477 3.1347787380218506 3.312074899673462
4.891075134277344 7.739082638342438 3.5862722396850586 5.170090198516846
3.193894624710083 5.924668515175142 3.796630382537842 6.955411434173584
2.764554977416992 5.223851794186771 3.8723604679107666 8.0674409866333
7.158358573913574 8.645261894166055 3.4250247478485107 3.640627384185791
4.448973655700684 6.6997327167873095 4.1190361976623535 6.150518894195557
4.778314590454102 8.134559003885727 4.46829080581665 8.581165313720703
3.4982426166534424 6.201469133731727 4.582934856414795 10.084903717041016
5.341206073760986 6.370885546910841 3.4173755645751953 3.754042625427246
4.863410949707031 8.445927063685957 3.865288257598877 5.593564033508301
2.9032843112945557 4.09671455398734 3.8472583293914795 6.986512184143066
1.9076138734817505 4.336520370324735 3.8118295669555664 7.848448276519775
6.12103271484375 7.280808103341769 3.6398766040802 3.9906392097473145
4.3714447021484375 7.084111954371082 4.345712184906006 6.504809379577637
2.4403676986694336 5.0485993285269615 4.445408344268799 8.426373481750488
3.695533514022827 7.125351079983417 4.429361343383789 9.589507102966309
7.1967315673828125 8.553280392647707 4.106504440307617 4.527192115783691
5.047211170196533 7.714402558499842 5.058722019195557 7.882014751434326
4.406271934509277 7.221243405536576 5.3204216957092285 10.595549583435059
4.003281116485596 5.928934135237775 5.334531784057617 12.21177864074707
4.361954689025879 5.523885008828984 1.712231159210205 1.7648735046386719
3.833493709564209 6.654919561623728 1.9767051935195923 2.612098217010498
3.4042513370513916 6.909796065032879 2.2366530895233154 3.5738370418548584
2.895644187927246 5.487128654480546 2.3934109210968018 4.232968330383301
4.943431377410889 6.231971574227231 1.8181166648864746 1.876866102218628
3.7817389965057373 5.527624808195554 2.1287765502929688 2.851475954055786
3.382650375366211 6.593780243543684 2.431337594985962 3.9811744689941406
3.3710596561431885 6.9590867489597485 2.6113479137420654 4.767165660858154
5.677140712738037 7.29083232208535 1.9721158742904663 2.041268825531006
4.4441375732421875 7.598898449277151 2.34812068939209 3.2057459354400635
4.194657325744629 6.87183272432523 2.71000075340271 4.581927299499512
3.3379602432250977 7.122539118123427 2.9199352264404297 5.549213409423828
5.107645034790039 6.423956813469528 2.188027858734131 2.2581188678741455
4.469451427459717 8.158284918115896 2.468719959259033 3.3510375022888184
2.911928653717041 4.825429516959247 2.730560302734375 4.585789203643799
3.2299797534942627 6.0879433561281076 2.889247179031372 5.434144496917725
5.862013816833496 7.3147731677781 2.342836380004883 2.419459104537964
5.341497421264648 8.846213638055588 2.716496467590332 3.7644708156585693
3.847815752029419 5.5275409312802 3.051431179046631 5.3028669357299805
3.5406723022460938 5.577450891710885 3.244860887527466 6.3673200607299805
6.8569207191467285 8.646606865102115 2.5736312866210938 2.667879819869995
5.256256103515625 7.891811877412692 3.0824995040893555 4.395817279815674
4.131200790405273 6.724771893851539 3.5258076190948486 6.398200511932373
3.8386073112487793 5.444616928592609 3.766963005065918 7.785953044891357
5.505969524383545 6.821728116765371 2.876126289367676 3.0226595401763916
4.843613147735596 7.615635585690001 3.092315912246704 4.31641149520874
3.647397041320801 6.91100762294198 3.2738404273986816 5.732859134674072
2.8367080688476562 5.4328963598028395 3.3937673568725586 6.703919410705566
6.414745330810547 7.905121708141451 3.079265594482422 3.238016128540039
4.3352155685424805 7.264103736740722 3.4542582035064697 4.9554924964904785
3.9795985221862793 6.920356439005104 3.737926483154297 6.820158004760742
3.4071879386901855 5.850484162366431 3.898216962814331 8.087654113769531
7.618781566619873 9.340151720912445 3.3896546363830566 3.5781877040863037
5.910844326019287 9.63308704628156 3.9967284202575684 5.943822383880615
4.408167362213135 7.417538447967786 4.436220645904541 8.504318237304688
3.9451723098754883 6.4679256725766905 4.655487060546875 10.228397369384766
4.934671878814697 5.44381366240458 3.1799099445343018 3.5469095706939697
5.209108829498291 9.053388730693282 3.7712693214416504 5.429410934448242
3.0341544151306152 5.64894749662097 3.779911994934082 6.822933673858643
3.1155712604522705 5.132056889211853 3.8288052082061768 7.827423572540283
6.120419502258301 7.249592093100432 3.4231419563293457 3.847750425338745
4.864290714263916 7.701475901485722 4.253514289855957 6.334978103637695
4.35480260848999 6.537829781163964 4.380483627319336 8.276506423950195
3.364717960357666 5.878553522608968 4.4662370681762695 9.622360229492188
6.765518665313721 7.608081228088622 3.866490602493286 4.371469497680664
6.621544361114502 10.089000338574806 4.984129905700684 7.7387309074401855
4.079407691955566 5.653683855251572 5.290155410766602 10.529301643371582
3.817338466644287 7.144833977900248 5.433626651763916 12.412179946899414
4.157059192657471 4.635219641562042 1.5910638570785522 1.637131690979004
4.306643962860107 6.911144277128642 1.8287631273269653 2.3238942623138428
3.286311388015747 5.342389888301284 2.0744118690490723 3.1215314865112305
0.7125275731086731 1.9100790206022538 2.205256223678589 3.666012763977051
4.796854019165039 5.583209682785776 1.6770931482315063 1.7262495756149292
4.595778465270996 6.77043313606066 1.9493333101272583 2.512716293334961
3.340531826019287 6.240350096514028 2.2318315505981445 3.4567811489105225
3.1150386333465576 5.736466435421416 2.380078077316284 4.106169700622559
5.621719837188721 6.746764553255107 1.8064649105072021 1.8604986667633057
4.7837114334106445 7.630215076115746 2.128530740737915 2.791008710861206
4.123928070068359 6.6910938790364245 2.46294903755188 3.939868688583374
3.4082562923431396 6.332121412082984 2.6343281269073486 4.7310638427734375
5.045228004455566 5.634702816835443 1.9463410377502441 2.014873743057251
5.0440192222595215 7.540634836326234 2.243706703186035 2.921731472015381
3.4663288593292236 5.724957914983655 2.515686273574829 3.9403676986694336
2.9468207359313965 5.118692718789532 2.6355113983154297 4.602135181427002
5.79817533493042 6.7301020673786205 2.069044589996338 2.1437060832977295
4.657598495483398 7.703786664088852 2.434803009033203 3.239546298980713
3.783111333847046 6.292966961382845 2.775179624557495 4.518928527832031
3.5978281497955322 5.827665604055255 2.923293352127075 5.353947162628174
6.8325395584106445 8.008759520161604 2.2727150917053223 2.355713129043579
5.293404579162598 8.126466724783334 2.7393460273742676 3.735541582107544
3.4115798473358154 6.166042962109941 3.175236225128174 5.3954291343688965
3.481161594390869 5.248891513976849 3.359130620956421 6.47453498840332
5.443517684936523 6.075312655314065 2.479707956314087 2.56786847114563
4.563344478607178 6.516969121795896 2.780228614807129 3.723037004470825
2.9132275581359863 4.971711135938676 3.0096793174743652 4.895680904388428
3.321733236312866 5.780690862874337 3.0797982215881348 5.605956077575684
6.458764553070068 7.384818995280533 2.6271681785583496 2.73892879486084
4.951574325561523 7.831106142097781 3.040816068649292 4.199462890625
4.460039138793945 6.841085557282003 3.3763649463653564 5.755307197570801
3.630173921585083 6.302593338435592 3.4871954917907715 6.703780651092529
7.852228164672852 9.086583978682217 2.905026435852051 3.0409624576568604
5.958175182342529 8.479589458046803 3.4877007007598877 4.977987766265869
4.859604358673096 8.80045993090016 3.9656829833984375 7.101755142211914
4.120582103729248 6.2921394173907865 4.12217378616333 8.389228820800781
5.409830570220947 6.000562668102749 2.638394832611084 2.8211843967437744
4.75748348236084 6.955954512239181 3.4285805225372314 4.73704195022583
3.4873437881469727 5.833911812168708 3.485790252685547 5.865962028503418
3.573303699493408 5.709794671790746 3.469524621963501 6.519314289093018
6.396815299987793 7.330592080490646 2.848712205886841 3.061574697494507
4.685826301574707 7.285817517650571 3.7336387634277344 5.391257286071777
4.038928508758545 6.670112531159987 3.9352052211761475 6.970044136047363
3.2521631717681885 5.402160041106754 3.974900484085083 7.913837432861328
7.643052577972412 8.813045871843542 3.214996099472046 3.470120668411255
4.618335723876953 6.583703468141465 4.287243366241455 6.475416660308838
4.728689193725586 6.661246458486403 4.680080890655518 8.73831844329834
3.6363754272460938 5.772066420755436 4.7778706550598145 10.090208053588867
4.189757823944092 4.700086004210775 1.6318573951721191 1.680200457572937
3.7074570655822754 6.026419076847134 1.8837742805480957 2.4043684005737305
2.869135856628418 5.245953908206019 2.1431891918182373 3.2467286586761475
3.0481860637664795 5.303366353159504 2.2815728187561035 3.823519706726074
4.841231822967529 5.6745412976101814 1.7227251529693604 1.7746751308441162
4.069143295288086 6.590894440844863 2.0130867958068848 2.6088740825653076
3.8697586059570312 6.330948390897561 2.3131210803985596 3.612523317337036
3.1149086952209473 5.499467375693044 2.471351146697998 4.306425094604492
5.680129528045654 6.824381314757488 1.8589102029800415 1.9162596464157104
3.7150959968566895 5.45013897532391 2.204266309738159 2.909636974334717
4.1923346519470215 6.521232436261812 2.5616939067840576 4.140033721923828
3.777543067932129 6.636358058237533 2.7463221549987793 4.993319034576416
5.083120346069336 5.710586570147207 2.0101828575134277 2.0827956199645996
4.9065423011779785 7.678529725292648 2.3333709239959717 3.057297945022583
3.050375461578369 5.019854094571471 2.6290042400360107 4.156280994415283
2.014435052871704 3.6500427514721423 2.7597925662994385 4.8718647956848145
5.848169326782227 6.818601783598268 2.139458656311035 2.2190163135528564
4.5411481857299805 7.046062347917655 2.53898286819458 3.403961658477783
4.060873031616211 6.359324038129756 2.9103691577911377 4.793265342712402
3.458341360092163 6.399030797913483 3.0735745429992676 5.704401969909668
6.909336090087891 8.130467244287502 2.3528847694396973 2.4423086643218994
5.4544291496276855 8.769104003227312 2.8651764392852783 3.944448232650757
5.149024963378906 8.006102532974182 3.3425307273864746 5.758995056152344
4.248255252838135 7.582394965991853 3.54685115814209 6.945479393005371
5.442416667938232 6.097687926416654 2.563491106033325 2.6571168899536133
4.422491073608398 7.120206571485937 2.907529592514038 3.9236626625061035
3.7574822902679443 6.440435427015132 3.171910524368286 5.219820976257324
2.678323984146118 4.530177250182234 3.2554771900177 6.004452228546143
6.458827018737793 7.415490273356681 2.7198870182037354 2.8388822078704834
5.309370040893555 8.10695822699963 3.190168857574463 4.44761848449707
4.547495365142822 6.3265887124405324 3.5709550380706787 6.172019958496094
3.5433144569396973 5.02437754222645 3.7008869647979736 7.227088451385498
7.842880725860596 9.127830907758835 3.0121829509735107 3.1584250926971436
5.540459156036377 8.437677771496858 3.6726603507995605 5.304263591766357
5.161109924316406 6.85288204823727 4.210691452026367 7.665632724761963
3.6523449420928955 5.68457656050073 4.392615795135498 9.103432655334473
5.50132417678833 6.139812012365553 2.740699291229248 2.9373607635498047
4.955244064331055 7.920421992809974 3.5757198333740234 4.981665134429932
3.283524990081787 5.348247079088196 3.687999725341797 6.285045146942139
3.377455472946167 4.7756088931149066 3.6884336471557617 7.031891822814941
6.49521541595459 7.481337032309966 2.9685423374176025 3.1988372802734375
4.993165493011475 7.415115070171893 3.913527011871338 5.70186710357666
4.153589248657227 7.569091657593333 4.178555965423584 7.511000633239746
3.7984652519226074 6.566159414502287 4.241265296936035 8.5877046585083
7.676163196563721 8.904498294323759 3.3660848140716553 3.644822597503662
5.648747444152832 8.396401798495134 4.52108097076416 6.90128755569458
4.830296993255615 7.954089984658424 4.990881443023682 9.479355812072754
4.301184177398682 7.88578126327819 5.117430686950684 11.014423370361328
4.251500606536865 4.817966565132792 1.751306414604187 1.8063569068908691
3.943631172180176 6.17967955729189 2.027416706085205 2.6167173385620117
3.4360687732696533 5.594858656336925 2.29866886138916 3.5540249347686768
2.6868960857391357 4.612429979293282 2.4392952919006348 4.188974380493164
4.917548656463623 5.820922682943113 1.8539116382598877 1.913712978363037
4.793970584869385 7.7054261860484985 2.179588794708252 2.8647913932800293
3.6904335021972656 6.627858653038032 2.500746250152588 4.001231670379639
3.221550703048706 6.4000057417486005 2.664890766143799 4.777557373046875
5.827820301055908 6.976044948223034 2.0052947998046875 2.0726983547210693
5.061471462249756 8.042884798124703 2.4007954597473145 3.2255022525787354
4.103893756866455 8.040446080558194 2.7929394245147705 4.645623683929443
2.938702344894409 4.7142188823570805 2.9895784854888916 5.6178765296936035
5.292397499084473 5.981196894709797 2.2007603645324707 2.285522937774658
4.5327277183532715 7.24436210649219 2.5708093643188477 3.423644542694092
2.849698305130005 4.597378956622833 2.8836183547973633 4.690310955047607
2.874041795730591 5.3052977721593715 3.0150318145751953 5.501579284667969
6.06655216217041 7.067932693039722 2.3462066650390625 2.4410572052001953
4.135619640350342 5.767600241789296 2.817176103591919 3.8578073978424072
3.0819098949432373 5.289833478305468 3.2257490158081055 5.494401931762695
2.5986132621765137 4.2487840766070555 3.3968582153320312 6.548660755157471
7.1920952796936035 8.509477023973538 2.579523801803589 2.6895506381988525
6.246647834777832 8.925077556943926 3.1991610527038574 4.523326873779297
4.967079162597656 7.973175831717981 3.744171142578125 6.709754943847656
4.015501976013184 6.857908873344617 3.9693527221679688 8.116050720214844
5.628398895263672 6.379827873445038 2.800689458847046 2.9101390838623047
4.225825786590576 7.0199020857434355 3.2514870166778564 4.475230693817139
3.551016330718994 6.39010639394246 3.5391438007354736 6.021869659423828
2.9616594314575195 5.257544938113028 3.615414619445801 6.927897930145264
6.7137322425842285 7.737297922345078 2.9829227924346924 3.1231229305267334
5.735032081604004 8.589660203300335 3.6015207767486572 5.1526923179626465
3.4365038871765137 4.768579597243177 4.035773754119873 7.25518798828125
3.274423360824585 5.902418591961123 4.168828010559082 8.502762794494629
8.107457160949707 9.571997554605389 3.3026320934295654 3.482213020324707
6.187917709350586 8.40273094626682 4.178611755371094 6.234394073486328
4.195343017578125 6.077665736350198 4.819852828979492 9.179067611694336
4.327386379241943 7.018422969229249 5.023648262023926 10.927335739135742
3.9147839546203613 4.201896957006511 3.0569310188293457 3.310023546218872
4.525326728820801 7.336129535711507 3.9979348182678223 5.6887054443359375
3.2831552028656006 5.095572472138542 4.167439937591553 7.358194351196289
2.600943088531494 4.6986236011003655 4.144115447998047 8.227734565734863
6.374885559082031 7.300012318061391 3.325331687927246 3.62831449508667
5.110230922698975 7.467032461787539 4.447548866271973 6.644664287567139
3.6327598094940186 6.033655369736323 4.795012950897217 8.984821319580078
2.8376736640930176 5.172821315338467 4.844606399536133 10.268633842468262
7.53745698928833 8.866165277545463 3.7721364498138428 4.148958206176758
5.604421138763428 8.779391819486307 5.204277992248535 8.193885803222656
4.533546447753906 7.477229843195516 5.813466548919678 11.565661430358887
4.180777072906494 7.592253215550329 5.947773456573486 13.454508781433105
4.266171932220459 4.855737444790975 1.763879418373108 1.8200109004974365
4.425695896148682 6.843721383579165 2.041212797164917 2.6438729763031006
2.7479097843170166 4.879619907031298 2.310741424560547 3.5956246852874756
2.1611709594726562 4.286808948252769 2.4514942169189453 4.239715099334717
4.918792724609375 5.85093718127348 1.8664488792419434 1.9279133081436157
4.4337615966796875 7.239250186088526 2.195201873779297 2.898294687271118
3.2484681606292725 5.447536532594995 2.515070676803589 4.053046226501465
3.3544297218322754 5.547567110116233 2.679342031478882 4.840237617492676
5.79774284362793 6.974696791589167 2.0151350498199463 2.0849874019622803
5.3454365730285645 7.809937277144854 2.4163596630096436 3.2647907733917236
4.899704456329346 7.289856845213308 2.807905673980713 4.708550930023193
3.297168731689453 7.07198320331666 3.0046377182006836 5.693842887878418
5.270335674285889 5.979582950376669 2.217609405517578 2.3044240474700928
5.190779209136963 8.06279819886754 2.5875914096832275 3.463360071182251
2.4907524585723877 4.31421436776327 2.89115571975708 4.7423787117004395
2.024017572402954 4.2515980274797585 3.0207440853118896 5.5632524490356445
6.0355987548828125 7.062337816146908 2.3622100353240967 2.4603049755096436
4.331240177154541 7.151013790415163 2.8373970985412598 3.9103825092315674
3.7320919036865234 6.340743842526763 3.2367005348205566 5.5649895668029785
1.3786516189575195 1.7452538748480606 3.4054043292999268 6.630497455596924
7.074691295623779 8.494086493698433 2.5868380069732666 2.7020862102508545
5.803156852722168 8.117855443713758 3.216853380203247 4.586596965789795
4.949731349945068 8.72896661892987 3.7548131942749023 6.801102161407471
3.215660572052002 6.184081482794554 3.977332353591919 8.221097946166992
5.602248668670654 6.389858372852643 2.825495958328247 2.938770055770874
4.377723217010498 6.940795904016596 3.278003692626953 4.536623001098633
3.01147198677063 5.186100996667335 3.539717435836792 6.077605724334717
2.5537846088409424 4.749618757764036 3.608917474746704 6.983510971069336
6.6572346687316895 7.732988901969065 3.007108449935913 3.1527023315429688
5.058966636657715 7.331365348293492 3.637327194213867 5.240894317626953
4.106480598449707 6.840355740429345 4.043994426727295 7.342929363250732
3.7074060440063477 6.273293992931267 4.166659832000732 8.588577270507812
7.994506359100342 9.53055148760427 3.311290979385376 3.4992074966430664
5.364288330078125 8.422411684657618 4.2136712074279785 6.3469743728637695
3.479879140853882 6.117608524757932 4.831168174743652 9.306985855102539
2.8947231769561768 4.336780174089859 5.02280855178833 11.054753303527832
4.320756912231445 4.641469609465403 3.077613353729248 3.35190486907959
3.978968858718872 5.747331868813415 4.0730180740356445 5.825749397277832
3.139192581176758 5.8758765010038445 4.171395301818848 7.43341588973999
2.327786922454834 4.290534142747845 4.1267008781433105 8.271864891052246
6.088623046875 6.811267120291859 3.344797372817993 3.674149990081787
4.843836784362793 7.007519975516201 4.547237396240234 6.842858791351318
4.0609235763549805 5.6241969836170185 4.817711353302002 9.123672485351562
3.463118076324463 6.150932726059466 4.8361430168151855 10.359512329101562
6.756746768951416 7.249535391652785 3.7781007289886475 4.1897807121276855
5.836085319519043 8.209846923126207 5.323320388793945 8.464106559753418
4.247069835662842 6.64353724428259 5.85310173034668 11.783754348754883
3.889111280441284 6.015652733636898 5.949310779571533 13.61912727355957
4.062359809875488 4.764923364132015 1.5904189348220825 1.6435176134109497
4.107324123382568 7.090468555701592 1.8815715312957764 2.4472527503967285
2.4847192764282227 3.8081885885998563 2.1783430576324463 3.3509628772735596
2.6466445922851562 4.833638129046392 2.345655918121338 3.976301908493042
4.813145160675049 5.749815021922018 1.6831684112548828 1.7409323453903198
4.559991836547852 7.398046481885039 2.013690233230591 2.6552584171295166
4.134479522705078 6.7796615904698 2.35298752784729 3.720090389251709
2.0569064617156982 3.816087146527064 2.5443243980407715 4.466451168060303
5.712347984313965 6.837100457135023 1.8270844221115112 1.892106533050537
5.090468883514404 6.816240814679901 2.213231325149536 2.96403169631958
4.837403297424316 8.024246567144157 2.608193874359131 4.2475786209106445
3.3120853900909424 6.5951761318121385 2.8272781372070312 5.154841899871826
4.928475379943848 5.781035328988537 1.91843581199646 1.9968678951263428
4.716000080108643 7.551875603418807 2.276272773742676 3.0340569019317627
3.5896058082580566 6.551166719231787 2.6178653240203857 4.191100120544434
3.017744779586792 5.3128340169439525 2.797010660171509 4.981147766113281
5.794151782989502 6.840145225366314 2.054224729537964 2.139073371887207
5.344118595123291 6.771205385395804 2.484236478805542 3.3763351440429688
4.080951690673828 6.031171462547423 2.8984968662261963 4.812087059020996
3.6922128200531006 6.736785962104051 3.1151461601257324 5.799707412719727
6.888561725616455 8.330854136020816 2.2839322090148926 2.3819305896759033
6.512946128845215 8.446986867021394 2.818798065185547 3.9184794425964355
4.842100143432617 6.206818426251857 3.329869508743286 5.746397972106934
4.070577621459961 5.8897760280587335 3.589907169342041 7.006363868713379
5.36686372756958 6.296369670163244 2.4055230617523193 2.5759081840515137
5.0747904777526855 8.452766689173131 2.765233278274536 3.7991764545440674
3.8864119052886963 5.710159978355503 3.081918954849243 5.104313850402832
3.153681516647339 5.633126440886144 3.2395272254943848 5.993729591369629
6.422224521636963 7.561174161246186 2.581486463546753 2.7535240650177
5.475953578948975 8.109453333133843 3.050506114959717 4.2898640632629395
4.057069778442383 7.369579242579903 3.4708786010742188 6.00487756729126
3.5839154720306396 5.6679643341194605 3.67862868309021 7.16405725479126
7.743676662445068 9.375518918514672 2.9015417098999023 3.090876817703247
5.175996780395508 7.816788676212951 3.5320687294006348 5.108335971832275
5.2104620933532715 7.162862909063007 4.090600967407227 7.401414394378662
3.601087808609009 5.47667700236218 4.354822158813477 8.93453598022461
5.552728176116943 6.488451059578287 2.4509081840515137 2.7020277976989746
4.892045974731445 7.954606035619804 3.37662672996521 4.822871685028076
4.071161270141602 6.969528240103784 3.5076260566711426 5.973475456237793
3.2743661403656006 6.090459165045964 3.6088271141052246 6.855386257171631
6.601183891296387 7.76234446678108 2.6666131019592285 2.9375200271606445
5.0023322105407715 8.33820643717138 3.7268006801605225 5.497444152832031
4.134962558746338 6.48687391298472 3.98610258102417 7.121747970581055
3.2765257358551025 4.344392929359289 4.147514820098877 8.32971477508545
7.969339847564697 9.395352435550649 3.0483758449554443 3.3640341758728027
6.537288188934326 9.684474872325666 4.326462745666504 6.607159614562988
5.479248046875 8.573713018110531 4.764538764953613 8.931696891784668
4.37625789642334 6.1918556891302075 4.993129253387451 10.588022232055664
4.045915126800537 4.7551263253101865 1.5637701749801636 1.6155513525009155
3.329988479614258 5.854458196333269 1.857269287109375 2.418929100036621
3.5616071224212646 5.673629492128455 2.1619465351104736 3.3317482471466064
2.972546100616455 5.166474578591465 2.3358891010284424 3.965893030166626
4.79218053817749 5.734093778014344 1.6562259197235107 1.7128239870071411
4.310905456542969 6.846709973214374 1.988635778427124 2.62625789642334
3.833486318588257 6.306618050178713 2.335960865020752 3.7008230686187744
3.1865360736846924 6.025444905888484 2.5348563194274902 4.458339214324951
5.6624064445495605 6.804492070236776 1.8002276420593262 1.864077091217041
5.567173957824707 7.903765944712347 2.1884829998016357 2.935957431793213
4.805058479309082 8.74722807905519 2.5924084186553955 4.231600284576416
4.13840389251709 7.609496558383341 2.8206992149353027 5.153873920440674
4.898225784301758 5.757310227858581 1.8475723266601562 1.9207234382629395
3.9435043334960938 6.554192783535882 2.2115352153778076 2.9530956745147705
3.670659303665161 5.6042473605135115 2.574367046356201 4.130032539367676
3.7344038486480713 6.612397660188519 2.770232915878296 4.9418511390686035
5.7617034912109375 6.813338828360401 1.9835535287857056 2.063680410385132
4.906241416931152 7.765016190583012 2.4165735244750977 3.2905166149139404
4.481268882751465 7.637895370423493 2.851231336593628 4.744696140289307
3.5209741592407227 6.037271311774759 3.086704969406128 5.759407043457031
6.8517913818359375 8.299696340505278 2.2137906551361084 2.3074049949645996
5.35994291305542 9.175408059651158 2.749295234680176 3.8306386470794678
4.983632564544678 7.987231185651581 3.281160831451416 5.679049015045166
3.2943544387817383 6.057126873181149 3.5641231536865234 6.975101470947266
5.351047515869141 6.28700284859417 2.2661807537078857 2.4228272438049316
4.968226909637451 7.952667489138092 2.6423966884613037 3.6370389461517334
3.741633176803589 6.435896229768332 3.002699613571167 4.981439590454102
2.8606865406036377 5.39077153115457 3.1909635066986084 5.913640022277832
6.424504280090332 7.573974855984934 2.441854238510132 2.6004323959350586
5.514785289764404 8.832316449875812 2.9199044704437256 4.111518383026123
4.427187442779541 8.077657035441916 3.38238263130188 5.86260461807251
2.9952492713928223 5.948681810059412 3.624520778656006 7.0752458572387695
7.7802557945251465 9.435083297445203 2.762822151184082 2.9385111331939697
5.848928928375244 7.739901976281644 3.3944637775421143 4.917840003967285
5.495482444763184 8.45204632293678 3.9940664768218994 7.249148845672607
4.399248123168945 7.689466991437812 4.300365924835205 8.850971221923828
5.544798851013184 6.521147729025756 2.299920082092285 2.5377893447875977
5.193536281585693 8.133186693047037 3.206934928894043 4.637582302093506
3.614537477493286 6.560448997217833 3.394059419631958 5.785184860229492
2.79668927192688 4.9850689549784875 3.5399386882781982 6.734589576721191
6.606374740600586 7.7714462220926634 2.513347864151001 2.775291919708252
5.806704521179199 8.657468604578032 3.5437135696411133 5.272426128387451
4.455840587615967 7.5567470612720715 3.857412338256836 6.898599624633789
4.04872465133667 6.776400621523667 4.068715572357178 8.190628051757812
7.917327880859375 9.445746702300994 2.8941102027893066 3.2081799507141113
5.687629222869873 7.422536009118176 4.12700080871582 6.331618309020996
5.193601608276367 8.152857937753652 4.620357036590576 8.685446739196777
4.972830772399902 8.1366618091438 4.909037113189697 10.446450233459473
4.124590873718262 4.905262261566918 1.6049132347106934 1.6591084003448486
4.108543395996094 7.011757630667923 1.8925713300704956 2.484952688217163
2.963597059249878 5.994089185902794 2.184253454208374 3.436476469039917
2.068747043609619 3.8637687737773376 2.3597347736358643 4.106198787689209
4.893665790557861 5.896909613589159 1.7015471458435059 1.7613098621368408
4.6020402908325195 7.580380105257234 2.0332024097442627 2.7131688594818115
3.452455520629883 6.880709940421383 2.3695192337036133 3.8464856147766113
2.4598515033721924 3.4051738826374844 2.570169448852539 4.651835918426514
5.805522918701172 7.046149531372137 1.8495662212371826 1.9176898002624512
5.582373142242432 8.732094291068165 2.2446348667144775 3.052082061767578
4.263447284698486 7.859935778651938 2.6414988040924072 4.437522888183594
3.61392879486084 6.700501456819438 2.8728814125061035 5.426375865936279
5.029581546783447 5.953474879717859 1.9070600271224976 1.9832924604415894
4.757895469665527 8.017678480504685 2.2475998401641846 3.0323445796966553
3.3172831535339355 5.279858229139293 2.574862241744995 4.2630228996276855
2.2791638374328613 4.1985751367926305 2.779088020324707 5.134035587310791
5.858855247497559 6.9912408096229015 2.0483665466308594 2.1331300735473633
4.4642839431762695 7.023951425654445 2.4705419540405273 3.412540912628174
4.826691150665283 7.867368625942788 2.873295307159424 4.954580307006836
3.9697558879852295 6.720673834060165 3.1147327423095703 6.047226905822754
6.929871082305908 8.524812353728363 2.2837576866149902 2.384200096130371
6.446563243865967 10.465303319023889 2.830279588699341 4.018298625946045
5.523110389709473 8.867651154254643 3.338712215423584 6.018456935882568
4.215305805206299 6.951768933854282 3.6250622272491455 7.424469947814941
5.429662227630615 6.438033589574843 2.3370473384857178 2.495062828063965
4.747757434844971 8.103272862302106 2.6604154109954834 3.685944080352783
3.1593165397644043 6.355741992853098 2.9518003463745117 5.097898006439209
3.4905357360839844 6.310059902631224 3.166978359222412 6.130213260650635
6.482676029205322 7.719231206342428 2.519998073577881 2.683227300643921
5.782250881195068 9.700330169486278 2.970181703567505 4.2372260093688965
4.0974602699279785 6.796051026594796 3.369173765182495 6.099802017211914
3.523759603500366 6.32719617229705 3.62990665435791 7.434717178344727
7.718627452850342 9.474399252174528 2.849478006362915 3.034313440322876
5.922708988189697 10.235020128123217 3.5015923976898193 5.171177387237549
5.569450378417969 9.53402530178337 4.052773475646973 7.717647075653076
4.107015132904053 6.116365011761971 4.363554954528809 9.484747886657715
5.268716335296631 6.22508418689182 2.6078364849090576 2.9230434894561768
4.225158214569092 6.100238524109839 3.2335128784179688 4.693676948547363
3.8675858974456787 6.038839973275117 3.274400472640991 5.83398962020874
3.4494543075561523 6.351321098454832 3.477037191390991 6.95048713684082
6.022855758666992 7.251825660256088 2.84464168548584 3.197706937789917
4.70276403427124 7.706432386009814 3.627462387084961 5.4600653648376465
4.229856967926025 7.021175982364184 3.794914484024048 7.118508815765381
4.336272716522217 7.614486385634336 4.046541213989258 8.595318794250488
7.587505340576172 9.304374078743024 3.2468361854553223 3.673658609390259
7.0026679039001465 10.049542557909156 4.312580108642578 6.736799240112305
5.297371864318848 8.068135105740225 4.6780595779418945 9.26097297668457
4.675500869750977 7.7755298558752735 4.973581314086914 11.244281768798828
4.181609630584717 4.988374278210735 1.6450740098953247 1.701699137687683
3.5618832111358643 6.025876559796416 1.9454319477081299 2.5653719902038574
3.0094850063323975 6.3860965328538555 2.243290424346924 3.5553736686706543
2.7128405570983887 5.737690988330087 2.4175240993499756 4.25209379196167
4.9452900886535645 5.977129961534697 1.748345971107483 1.81118643283844
4.677175998687744 7.647526086274013 2.097954273223877 2.8163559436798096
4.051651477813721 6.949731411177311 2.4453930854797363 4.007216453552246
3.231989860534668 6.003321647541995 2.6459004878997803 4.85100793838501
5.931461811065674 7.242483282745853 1.9063869714736938 1.9785422086715698
4.70290994644165 7.547075940458399 2.3278794288635254 3.1912126541137695
3.6482324600219727 7.379231352184894 2.7436397075653076 4.664992332458496
3.8245184421539307 7.433235664226231 2.977091073989868 5.7107062339782715
5.0776190757751465 6.037336559849038 1.9808284044265747 2.063103675842285
4.028436660766602 6.00074682055606 2.3460986614227295 3.184973955154419
3.6838607788085938 6.944211709610045 2.679499387741089 4.478034973144531
2.77605938911438 5.705810012930616 2.875246524810791 5.387889862060547
5.966466426849365 7.152438320987869 2.132385730743408 2.2242026329040527
4.331449031829834 6.988953609126046 2.590111255645752 3.608736991882324
4.767350673675537 7.598004446112005 3.0090014934539795 5.253012180328369
3.538022518157959 7.172374268663656 3.2445385456085205 6.40634822845459
7.180984973907471 8.897150268855508 2.384028434753418 2.4934892654418945
6.03647518157959 10.021699114894124 2.9842114448547363 4.2867631912231445
3.2403039932250977 6.120580947045944 3.525420904159546 6.45557975769043
4.069450855255127 7.965514338727078 3.811187267303467 7.960140705108643
5.51235294342041 6.576824038007487 2.4631094932556152 2.635580062866211
4.469379901885986 8.181805827366986 2.8294177055358887 3.9580576419830322
3.169419050216675 5.508132602911701 3.1137983798980713 5.433881759643555
2.9174530506134033 5.3255747911407525 3.3043806552886963 6.50429630279541
6.680096626281738 7.995642345489198 2.6605887413024902 2.8404104709625244
5.4392619132995605 9.360092257855342 3.171889066696167 4.579489707946777
3.9936323165893555 6.906019692182689 3.5777368545532227 6.568999767303467
3.4449667930603027 6.977942113700765 3.8189620971679688 7.974710464477539
7.967973232269287 9.842888733025575 3.0144529342651367 3.2198727130889893
5.765822410583496 7.928617765307763 3.758103847503662 5.634620666503906
3.9505863189697266 7.290778531353226 4.341134071350098 8.41270923614502
4.534658908843994 6.69184066086415 4.641942977905273 10.310529708862305
4.4933600425720215 5.188304061523951 2.7080280780792236 3.065519332885742
3.7591893672943115 6.311673810079483 3.554706573486328 5.224586009979248
4.011055946350098 7.547741013096504 3.5014874935150146 6.310744762420654
2.255147695541382 4.534503474767007 3.6514668464660645 7.43454122543335
6.144579887390137 6.677818174346157 2.96883487701416 3.370246171951294
4.620094299316406 7.393300604383626 4.011163711547852 6.130977153778076
4.6779046058654785 8.376089011572642 4.082536220550537 7.774421215057373
3.2465124130249023 6.312599985360933 4.288842678070068 9.300491333007812
7.179941177368164 8.369808506080094 3.4079532623291016 3.894852638244629
5.59127950668335 9.193303338817941 4.777312755584717 7.618335247039795
4.691108226776123 7.955264404875379 5.070336818695068 10.221863746643066
4.9267191886901855 7.712211232161792 5.335436820983887 12.33374309539795
4.2488250732421875 4.657776734345637 1.9141521453857422 1.953600525856018
4.3180036544799805 6.71896861871204 2.220714807510376 2.8329992294311523
2.887382984161377 5.082569557762383 2.5555362701416016 3.901082992553711
2.8337056636810303 5.0279201356174745 2.7510969638824463 4.659443378448486
4.713359355926514 5.48346021220982 2.0179405212402344 2.0677995681762695
4.318932056427002 6.781630378294029 2.3749663829803467 3.078014612197876
3.8033745288848877 6.123772179567165 2.764742374420166 4.337578296661377
2.4286975860595703 4.163487106909201 2.9925451278686523 5.247653484344482
5.5154619216918945 6.616714168043416 2.1803817749023438 2.243152618408203
5.267884254455566 8.44880286679458 2.604680299758911 3.443999767303467
4.297266006469727 6.925149120369355 3.0664620399475098 4.968589782714844
3.4097769260406494 4.62310127378818 3.3348641395568848 6.0809454917907715
5.145164966583252 5.7032301039434685 2.415318250656128 2.466423988342285
4.419034481048584 6.052908863629578 2.8511786460876465 3.7505557537078857
3.49733304977417 5.566048345444756 3.262641429901123 5.223516464233398
2.024078130722046 3.0216179582491804 3.4781227111816406 6.238503456115723
5.752331733703613 6.619493535934851 2.563666820526123 2.633720874786377
4.64276123046875 7.0155826212369705 3.0853500366210938 4.16399621963501
3.810238838195801 6.345274879623592 3.5796570777893066 5.9585371017456055
3.573115348815918 5.5948474353309905 3.843137264251709 7.216055393218994
6.860047340393066 7.950292217391052 2.81760573387146 2.913862943649292
5.439669609069824 9.007445349311297 3.4594082832336426 4.814642429351807
5.130626201629639 8.343408389411707 4.064726829528809 7.063541889190674
3.155172109603882 6.0309762759347905 4.385791301727295 8.644121170043945
5.5316243171691895 6.131146053141265 2.806356906890869 2.966452121734619
4.732489585876465 6.852569711735143 3.437495708465576 4.6930832862854
3.9810891151428223 6.149510671138785 3.9141745567321777 6.532746315002441
2.7717337608337402 4.457758505241827 4.137837886810303 7.757915496826172
6.5135626792907715 7.392383942307333 3.0139338970184326 3.1956255435943604
5.404958724975586 8.132497211747761 3.759456157684326 5.307602405548096
3.725368022918701 6.593160656808777 4.337489604949951 7.583266258239746
3.531362771987915 5.411838254197832 4.617772579193115 9.127718925476074
7.704387187957764 8.804179875192784 3.38509464263916 3.6108484268188477
6.458824157714844 9.124737527818057 4.297575950622559 6.311100959777832
4.372499942779541 7.267654902092374 5.01129674911499 9.203957557678223
4.526625156402588 7.703927280734888 5.356856822967529 11.166873931884766
5.401810646057129 5.919247844059171 2.614043712615967 3.402313232421875
4.365866184234619 6.512777895974182 3.841264486312866 5.401427745819092
4.025813102722168 6.044112080266132 4.39453125 7.563733100891113
2.5208120346069336 4.541256700627741 4.629974842071533 8.940572738647461
6.259128093719482 7.078525868282441 2.9946646690368652 3.3232908248901367
5.946560859680176 9.050929669157881 4.24372673034668 6.2241950035095215
3.878337860107422 6.795316343928334 4.9090352058410645 8.884085655212402
3.315647602081299 4.504036252617823 5.202239513397217 10.626530647277832
7.363644123077393 8.443643485789096 3.444324493408203 4.068313121795654
6.561825275421143 8.551265284760802 4.927004814147949 7.580327033996582
4.555133819580078 7.737118533620773 5.742071628570557 10.937829971313477
4.027949810028076 5.055030377055974 6.099462032318115 13.165343284606934
4.299239635467529 4.729975450394022 1.9414339065551758 1.9818867444992065
4.340008735656738 6.501963207706424 2.256220579147339 2.8858282566070557
2.8957717418670654 4.779632613414037 2.602555751800537 3.9929862022399902
1.2570855617523193 2.054523837589336 2.805483341217041 4.78193473815918
4.815374374389648 5.623435526205299 2.0489509105682373 2.100182056427002
4.6902031898498535 7.096497454503904 2.417081117630005 3.1431996822357178
2.9159207344055176 4.120771036901033 2.821333169937134 4.455051422119141
2.655198812484741 5.163271536218872 3.0585689544677734 5.405984878540039
5.631414413452148 6.769963447618435 2.2168309688568115 2.2817399501800537
4.817985534667969 7.947933479172093 2.6561038494110107 3.5271902084350586
4.052243232727051 5.1594835740772105 3.1366076469421387 5.122251987457275
3.202826499938965 6.202600372450448 3.4158594608306885 6.288333892822266
5.207333564758301 5.804252342867926 2.45688796043396 2.51200270652771
4.154023170471191 6.447979800169662 2.9115426540374756 3.8478572368621826
3.0655300617218018 4.748108117453285 3.342939853668213 5.391907215118408
2.354736804962158 3.6620241117907426 3.569641590118408 6.458831310272217
5.827018737792969 6.765547523363466 2.611617088317871 2.6863415241241455
4.655604362487793 7.182506842336238 3.1590120792388916 4.28768253326416
4.6202826499938965 7.413025542547034 3.679246664047241 6.180446624755859
3.2393128871917725 6.175023992526633 3.956556797027588 7.508758544921875
6.904638290405273 8.088494121620187 2.876115560531616 2.978318691253662
6.092514514923096 8.657203517823305 3.5529675483703613 4.980018615722656
3.4263291358947754 5.954358323857491 4.192323684692383 7.3680877685546875
4.010617733001709 6.45934141004409 4.529214859008789 9.043509483337402
5.561387062072754 6.204037472783739 2.8428831100463867 3.0155067443847656
4.8915839195251465 7.139729424583265 3.5184648036956787 4.8374457359313965
3.444424867630005 5.582761496698829 4.02667760848999 6.785550594329834
2.564260721206665 4.588013339134704 4.265503883361816 8.083513259887695
6.575740337371826 7.537949909432086 3.0596349239349365 3.255082845687866
5.514577865600586 7.805727096664384 3.861953020095825 5.49799919128418
3.630298137664795 5.247798107155518 4.480914115905762 7.923460483551025
3.4947967529296875 6.003731671252018 4.779986381530762 9.567361831665039
7.793968200683594 8.94353230089446 3.4475173950195312 3.6896767616271973
6.499194145202637 9.319749014653425 4.4337687492370605 6.573132514953613
4.305727958679199 7.9866224877784475 5.201361179351807 9.682366371154785
3.8022806644439697 6.818533058805485 5.5682220458984375 11.779461860656738
5.351355075836182 5.9305992377896715 2.6510307788848877 3.049489736557007
5.091557502746582 7.567135134624323 3.933911085128784 5.5695624351501465
3.404884099960327 5.8292983959238995 4.53117561340332 7.886373996734619
2.9904391765594482 3.7974553471444343 4.785872459411621 9.353540420532227
6.282261371612549 7.1572374004991985 3.0202481746673584 3.1865360736846924
4.723660945892334 6.944884784604557 4.364304542541504 6.464931488037109
3.9742348194122314 6.955452883681069 5.086446762084961 9.324577331542969
3.2726938724517822 5.090333294275297 5.4036173820495605 11.190511703491211
7.452068328857422 8.580573398921606 3.483354091644287 4.181068420410156
5.757692813873291 8.829878915523636 5.092635631561279 7.925124645233154
4.572558879852295 7.821622549675138 5.982414245605469 11.563216209411621
4.627408981323242 7.571786271147985 6.367673397064209 13.953518867492676
4.609116077423096 5.098205038553068 2.02150297164917 2.064539670944214
3.3895745277404785 4.986596445531653 2.3505196571350098 3.020493507385254
2.4668354988098145 3.8364917265737404 2.7133641242980957 4.207238674163818
2.0927586555480957 4.17003035115491 2.921976089477539 5.0480499267578125
5.136258602142334 5.98684479956421 2.134155035018921 2.1890499591827393
4.768906593322754 7.444759352017002 2.526448965072632 3.305975914001465
3.487736225128174 5.219522142385852 2.962230920791626 4.741678237915039
1.879644751548767 3.038014257175064 3.2138078212738037 5.779554843902588
5.905765056610107 7.120001635816131 2.3019039630889893 2.3718457221984863
3.9819788932800293 6.6597833967534825 2.78020977973938 3.7250072956085205
3.8746697902679443 6.706368346184162 3.3152992725372314 5.514588356018066
3.5613582134246826 6.663314053105296 3.6237010955810547 6.823990345001221
5.580657482147217 6.242741276909442 2.6072304248809814 2.672420024871826
5.079258441925049 7.86437051877283 3.1190805435180664 4.160700798034668
2.7748773097991943 4.822285884122266 3.6008450984954834 5.906329154968262
2.6513400077819824 4.440537482532532 3.8405725955963135 7.090664863586426
6.22689151763916 7.245635361781524 2.7709178924560547 2.857555627822876
5.750628471374512 8.800909120385285 3.4093172550201416 4.681469440460205
4.2783308029174805 7.41968245797716 4.015529155731201 6.892394542694092
3.066805124282837 5.614679383894931 4.322616100311279 8.419891357421875
7.158360481262207 8.470719465497353 3.030123710632324 3.146677017211914
5.443063735961914 8.493898913815656 3.8495841026306152 5.482297897338867
2.759657621383667 5.123987914624099 4.633164882659912 8.377058029174805
4.538783073425293 7.498375360456198 5.030813217163086 10.38387680053711
5.963839530944824 6.646027362567793 3.0109236240386963 3.230646848678589
5.262828350067139 7.919869126282951 3.8778436183929443 5.426665782928467
3.9609954357147217 6.476732300684489 4.4921040534973145 7.7533650398254395
2.4092459678649902 4.1090368392982555 4.749688148498535 9.239020347595215
6.8993916511535645 7.970326161996155 3.244584560394287 3.491929769515991
5.655188083648682 7.984383990955905 4.311018466949463 6.265181064605713
4.286114692687988 5.891162475319561 5.0945916175842285 9.27127456665039
2.4432594776153564 3.684958969111528 5.434422016143799 11.235081672668457
8.037425994873047 9.379338029258747 3.626728057861328 3.9246597290039062
6.138742923736572 9.97570785832022 4.990395545959473 7.588375568389893
3.979796886444092 7.144541135844065 6.019262313842773 11.615809440612793
3.746497869491577 6.151163237837579 6.47200345993042 14.236684799194336
5.351960182189941 5.952019537806418 2.5259151458740234 3.757960081100464
4.5734968185424805 6.911664164600978 4.4055399894714355 6.367279052734375
3.947391986846924 5.588813340478737 5.1876301765441895 9.31259536743164
2.2920291423797607 3.5927348228478877 5.469862461090088 11.024578094482422
6.33794641494751 7.372268877129677 2.997915506362915 3.5620110034942627
5.395910739898682 7.630520935557456 4.975009441375732 7.568446159362793
3.5423977375030518 5.348873946386647 5.959317684173584 11.305660247802734
2.291020154953003 3.5892735616839673 6.329539775848389 13.587007522583008
7.5658087730407715 8.944613016928201 3.5124316215515137 3.147524356842041
4.74296236038208 7.428835995273403 5.876545429229736 9.45383358001709
4.836658477783203 7.899798329095006 7.1589789390563965 14.417503356933594
3.874605178833008 6.645096537695224 7.651942729949951 17.46878433227539
4.713239669799805 5.210561079492663 2.0348503589630127 2.0779213905334473
4.684726715087891 7.519467719394756 2.356919527053833 3.0271878242492676
2.849276542663574 4.748003656081437 2.709768056869507 4.2045369148254395
2.652900457382202 4.878687202518904 2.9101712703704834 5.035129070281982
5.198070526123047 6.037687808752366 2.1472840309143066 2.2023489475250244
5.08254861831665 8.303089861634977 2.534837007522583 3.315988063812256
3.7453391551971436 6.194984450057632 2.963296890258789 4.748064041137695
3.5073513984680176 5.5525568467449915 3.2076404094696045 5.777461051940918
5.975144863128662 7.163962653115718 2.3123960494995117 2.382772445678711
3.8924224376678467 6.885430141238686 2.7898778915405273 3.7387306690216064
3.8443682193756104 6.596213139711011 3.321988105773926 5.535559177398682
4.415398597717285 7.914295235218738 3.6251914501190186 6.841271877288818
5.705841064453125 6.372573448443461 2.6448638439178467 2.7088959217071533
4.7938456535339355 7.131575893418017 3.1486194133758545 4.195803165435791
3.749138593673706 6.8694295196149 3.6188406944274902 5.942472457885742
2.787203311920166 4.579423124587606 3.84487247467041 7.115657329559326
6.329830169677734 7.337370062187887 2.807974100112915 2.893767833709717
5.328585147857666 8.585178596550575 3.4487087726593018 4.73253059387207
4.506715774536133 7.005356351081511 4.053163528442383 6.970249652862549
3.9779908657073975 6.446467942784743 4.349143028259277 8.498835563659668
7.314488410949707 8.62773225134363 3.060743570327759 3.176591157913208
5.723647117614746 7.4276913113056935 3.8993053436279297 5.5550923347473145
5.048892498016357 8.001770392264149 4.6968889236450195 8.52171802520752
4.080245494842529 7.0483548239134475 5.0895256996154785 10.552261352539062
6.039393424987793 6.716311716228574 3.0626559257507324 3.2881648540496826
4.709268569946289 7.146204155916299 3.95998215675354 5.537680149078369
3.589090347290039 5.531804364974732 4.569949150085449 7.89743185043335
2.948089122772217 4.732067335585327 4.8037238121032715 9.37191390991211
7.025655269622803 8.08672850211201 3.296504020690918 3.551663875579834
3.7373476028442383 6.647388581868952 4.42042350769043 6.420229434967041
2.72981333732605 5.10614923968825 5.2172136306762695 9.51400089263916
3.731165885925293 6.73996952418086 5.536678791046143 11.492586135864258
8.248727798461914 9.604152208154318 3.67063045501709 3.9763636589050293
6.199264049530029 9.456663228378233 5.134450435638428 7.814173698425293
4.2063446044921875 6.887357151803988 6.204873561859131 12.02542495727539
4.28995943069458 7.169713001422728 6.644739151000977 14.702452659606934
4.028040409088135 4.2819215305081855 2.3976104259490967 2.0152394771575928
4.145718097686768 5.435463455749186 4.526448726654053 6.567141056060791
3.966218948364258 6.11616609415546 5.339771747589111 9.600762367248535
2.8553895950317383 4.230088288943989 5.588449001312256 11.301331520080566
6.075916290283203 6.59014950945857 2.672971725463867 4.143846035003662
5.335681915283203 7.417722526628139 5.145455360412598 7.818929195404053
3.357346773147583 5.852524389207247 6.182045936584473 11.759317398071289
2.68168306350708 4.080778379518549 6.522799015045166 14.060376167297363
7.51753044128418 8.311501315424412 3.2665297985076904 4.275928020477295
5.298134803771973 8.519699525133774 6.111137866973877 9.86110782623291
4.737513065338135 7.932359643224913 7.487767219543457 15.1539888381958
4.333559513092041 6.314228464647728 7.956114292144775 18.273113250732422
4.463150978088379 4.977957501858242 1.6892507076263428 1.7247965335845947
4.4187541007995605 6.582822681633843 1.9250431060791016 2.442530870437622
3.113344430923462 5.391448151127838 2.179673194885254 3.3538365364074707
2.260744333267212 3.9501969798009817 2.3368334770202637 4.009786128997803
5.089483261108398 5.941319790395943 1.7880796194076538 1.8297840356826782
4.720885753631592 6.951035200694797 2.0642125606536865 2.6561620235443115
4.1014299392700195 6.590022956563189 2.361875057220459 3.714979410171509
3.4089503288269043 5.328281326533748 2.541278123855591 4.473421096801758
5.919724941253662 7.0440316293497744 1.9383808374404907 1.9888806343078613
4.441975116729736 7.214640390000881 2.270928382873535 2.9737579822540283
3.8529269695281982 6.238317990662637 2.6262857913970947 4.244927883148193
2.8569188117980957 5.934676586145381 2.8335814476013184 5.145340919494629
5.339231014251709 6.023575532105156 2.118269205093384 2.140510082244873
5.123228549957275 7.148290290201665 2.399728298187256 3.087233304977417
2.815492630004883 4.196663947236196 2.663914203643799 4.260945796966553
3.3644626140594482 5.729992988650338 2.813415050506592 5.081650733947754
6.101596355438232 7.115709980467859 2.2605409622192383 2.2974441051483154
4.108992099761963 6.686796265258408 2.6193912029266357 3.4471144676208496
3.7500579357147217 6.679490562194701 2.9566545486450195 4.879283428192139
3.418095111846924 5.164224019168387 3.1395745277404785 5.869903087615967
6.9844136238098145 8.235476110032835 2.4995381832122803 2.5563762187957764
5.845839023590088 8.48264793077307 2.969339609146118 4.016700744628906
4.759024620056152 6.2574245186933695 3.4010889530181885 5.826604843139648
3.553250312805176 6.3465550875621375 3.622924327850342 7.054079532623291
5.644000053405762 6.408908554414268 2.7357754707336426 2.704157829284668
5.317295551300049 8.360789911336951 2.9946842193603516 3.888366937637329
3.794491767883301 5.811806977824657 3.1817071437835693 5.252331256866455
3.4188199043273926 5.973649449430468 3.2804973125457764 6.165168762207031
6.581124782562256 7.631113750723898 2.91672945022583 2.9140102863311768
4.956085681915283 7.636446187527966 3.293215036392212 4.4250969886779785
4.570672035217285 7.495444495174695 3.586695671081543 6.156571865081787
3.901292562484741 5.583294079707079 3.7269787788391113 7.295106887817383
7.629283905029297 8.9247502281369 3.253920555114746 3.294658660888672
6.792816638946533 9.725453410571749 3.8041393756866455 5.311169624328613
3.8545870780944824 6.341285580458873 4.2220988273620605 7.573348522186279
2.6516427993774414 5.33014429349447 4.4041428565979 9.024529457092285
5.743863582611084 6.5497360025727005 2.859675168991089 3.0209109783172607
5.259359836578369 8.098647078936324 3.6442949771881104 4.825242519378662
4.249602317810059 6.642909165434276 3.653867483139038 6.172950267791748
2.3479793071746826 4.010243582822088 3.6683850288391113 7.083158493041992
6.635230541229248 7.708772122934777 3.1271286010742188 3.3849637508392334
5.873722076416016 8.476816758471927 3.9982411861419678 5.530119895935059
4.211635112762451 6.356054675372515 4.148072719573975 7.331557750701904
2.100553274154663 3.539890948022691 4.211836338043213 8.500859260559082
7.775737762451172 9.079460295866056 3.6024723052978516 4.05652379989624
6.152135372161865 9.011148344068218 4.6414289474487305 6.715712070465088
5.000030994415283 6.971000606070142 4.942938327789307 9.160348892211914
4.176187515258789 6.973807755602422 5.0471320152282715 10.685667991638184
4.318598747253418 4.86153543630985 1.663111686706543 1.6998831033706665
4.428641319274902 6.932079083890617 1.901565432548523 2.4218759536743164
3.753199338912964 6.4832878124427396 2.1635894775390625 3.344280242919922
3.2260847091674805 6.080851487948918 2.3273987770080566 4.01133394241333
4.9784440994262695 5.878742738222186 1.7560676336288452 1.7987480163574219
4.998058795928955 8.093799455688185 2.035261631011963 2.629035711288452
3.1290180683135986 4.851958986302478 2.3419997692108154 3.7011139392852783
3.5643155574798584 5.278221552278562 2.5297210216522217 4.474299430847168
5.8532609939575195 6.993068618160294 1.8919435739517212 1.9427083730697632
5.096736431121826 6.964101845951689 2.228286027908325 2.930133819580078
4.222110271453857 6.629526862340285 2.597026824951172 4.218695640563965
3.2074387073516846 5.28190882729224 2.8165831565856934 5.140183448791504
5.2088518142700195 5.934818571058393 2.061836004257202 2.086958646774292
4.806164741516113 7.519577884595321 2.3458714485168457 3.0309784412384033
4.135455131530762 6.957129349462109 2.6250436305999756 4.221677303314209
3.0217318534851074 5.348382240151238 2.7896220684051514 5.064784049987793
6.047980308532715 7.09372899963796 2.1927688121795654 2.2313284873962402
5.604598045349121 8.25304769765421 2.554129123687744 3.374000310897827
3.055266857147217 5.140083323170273 2.9105536937713623 4.827499866485596
2.5081775188446045 3.3376889265850878 3.1124908924102783 5.849423408508301
6.970221519470215 8.27445118263817 2.3989627361297607 2.4550492763519287
5.678939342498779 8.904996325591407 2.8718574047088623 3.897839069366455
4.665609359741211 6.841998243592105 3.3351924419403076 5.73997688293457
3.9508416652679443 7.262475226856736 3.586872100830078 7.01594352722168
5.5415873527526855 6.3536665447736596 2.6624133586883545 2.621549367904663
5.226675033569336 6.6949474578118 2.9120471477508545 3.7883129119873047
3.585503339767456 4.991718601705179 3.117460012435913 5.173255920410156
2.3702666759490967 3.9783247002515054 3.240426778793335 6.122641563415527
6.560328960418701 7.631346035351044 2.823282480239868 2.8095715045928955
4.155763149261475 6.309387734765256 3.1937484741210938 4.295758247375488
4.34501838684082 7.366730387848165 3.5131773948669434 6.056691646575928
3.3877639770507812 5.315022356393683 3.684300422668457 7.246914863586426
7.614040851593018 9.0497545632212 3.10148286819458 3.125378131866455
5.29266357421875 8.218564609347595 3.651041030883789 5.098809719085693
5.379456043243408 8.654926435297511 4.119342803955078 7.414963245391846
4.395474910736084 7.528156759182195 4.351202964782715 8.947870254516602
5.646643161773682 6.4961421842223785 2.740061044692993 2.8708136081695557
4.554997444152832 6.055257331912749 3.5938830375671387 4.715619087219238
4.274879455566406 6.384529125064778 3.5742249488830566 6.066341876983643
3.575244426727295 6.440655117870762 3.615448236465454 7.018402099609375
6.573711395263672 7.672606446841357 2.9684560298919678 3.1578783988952637
5.874851703643799 9.293945813697547 3.925581693649292 5.411375045776367
3.9173755645751953 5.9618319291142425 4.060086727142334 7.203526973724365
2.5577967166900635 4.659932883656893 4.158677577972412 8.432262420654297
7.7481369972229 9.182181057680964 3.3399972915649414 3.619446277618408
5.133327960968018 8.399868245512152 4.497734546661377 6.499157428741455
5.150519847869873 7.0116694678094476 4.82120418548584 8.965596199035645
4.284154415130615 6.514854017160928 4.985161304473877 10.58607006072998
4.2498908042907715 4.869476354390599 1.6078147888183594 1.6483256816864014
3.894301652908325 7.051947886996551 1.8453370332717896 2.3777058124542236
3.2260677814483643 6.22091432094885 2.1102793216705322 3.312429904937744
2.8079676628112793 5.842464881495857 2.2829179763793945 3.9957275390625
4.863131046295166 5.850422758679883 1.696878433227539 1.7427583932876587
4.217507839202881 7.445262208422605 1.9735747575759888 2.5798721313476562
3.3869822025299072 6.980853489065481 2.280848503112793 3.6636874675750732
2.434380531311035 4.7458632985479525 2.47719407081604 4.4557785987854
5.726648330688477 6.968293030703921 1.8255009651184082 1.8788632154464722
4.925693035125732 6.741724433547191 2.1560308933258057 2.87123966217041
4.003175258636475 7.541398510211778 2.5213468074798584 4.1702399253845215
2.262681245803833 3.5680424369454613 2.7489659786224365 5.113101005554199
5.072939395904541 5.899159846972253 1.930821418762207 1.9676333665847778
4.527754783630371 7.5831110588907045 2.206700086593628 2.9030535221099854
3.016376495361328 4.564727275034784 2.4964072704315186 4.110468864440918
2.595067262649536 5.1778772125940975 2.6917574405670166 4.9933366775512695
5.922369003295898 7.052197873915013 2.0572800636291504 2.1052844524383545
5.028941631317139 8.360558216987826 2.404829502105713 3.231635332107544
3.2361397743225098 6.21864226795725 2.766982316970825 4.701151371002197
2.740705728530884 4.628223867938232 2.9997446537017822 5.770210266113281
6.946351528167725 8.498697514646352 2.2498908042907715 2.3130362033843994
4.341805458068848 7.289979553530998 2.6993391513824463 3.7261321544647217
4.040388107299805 7.0696864428082336 3.163881540298462 5.58878231048584
4.498514175415039 7.742650890882036 3.447589635848999 6.924921035766602
5.489033222198486 6.416889385928911 2.4260029792785645 2.397953510284424
5.43318510055542 9.007185275342977 2.6431844234466553 3.5141165256500244
3.373497486114502 6.490347212733468 2.873433828353882 4.916723728179932
1.9936591386795044 4.388314603275479 3.0668039321899414 5.951002597808838
6.556982517242432 7.761133724055071 2.578524589538574 2.574259042739868
5.877130508422852 9.188909274205969 2.9118616580963135 3.9894609451293945
3.5212481021881104 6.662208866658375 3.2474710941314697 5.768380641937256
2.4851338863372803 6.1264773296272494 3.4889233112335205 7.061135768890381
7.7500786781311035 9.46516976483332 2.829277992248535 2.8564443588256836
6.063541412353516 9.90066376422692 3.330059766769409 4.727668762207031
5.098684310913086 8.604680124001618 3.812965154647827 7.0845255851745605
4.148138999938965 6.904035036959613 4.120492935180664 8.754827499389648
5.502793312072754 6.367526349267791 2.4839119911193848 2.6532235145568848
5.005422592163086 8.444048787104379 3.3009567260742188 4.309512138366699
3.1548330783843994 5.064929516701341 3.2005982398986816 5.625849723815918
1.5249782800674438 2.879232571457578 3.361389398574829 6.725606918334961
6.532266616821289 7.696401030186507 2.688018321990967 2.892495632171631
5.428328990936279 9.034407094402184 3.6401078701019287 5.005575180053711
3.4826180934906006 7.361451622548486 3.6644067764282227 6.717429161071777
2.6640162467956543 5.862366829149323 3.878347158432007 8.121381759643555
7.774335861206055 9.263611124421459 3.009209632873535 3.266439914703369
6.29421854019165 9.431490688705614 4.1787872314453125 6.069153785705566
4.984931945800781 8.7144977994584 4.380719184875488 8.431771278381348
4.275598526000977 6.5036993213140875 4.6663312911987305 10.282428741455078
4.357812404632568 5.013597151494423 1.6242351531982422 1.667030692100525
3.993069648742676 7.09865791316048 1.8723481893539429 2.437087059020996
2.4376142024993896 4.876214383147044 2.1542162895202637 3.4266486167907715
2.977430582046509 5.333061570021587 2.3385987281799316 4.151103496551514
4.934723377227783 5.940545388008246 1.7171988487243652 1.7658774852752686
4.548280715942383 8.009398286794294 2.0080068111419678 2.6533970832824707
2.6361334323883057 5.673470363872525 2.3346517086029053 3.8059592247009277
3.650526762008667 7.024439039696517 2.5445008277893066 4.650757312774658
5.7207255363464355 6.965068435491048 1.8512965440750122 1.9081215858459473
3.8998782634735107 7.468313559574078 2.2011170387268066 2.965981960296631
3.8970985412597656 7.457248547535755 2.5895934104919434 4.354140281677246
2.8805065155029297 5.22934436109847 2.832805633544922 5.365269184112549
5.237588882446289 6.095936602500387 1.946725606918335 1.9890872240066528
4.4006547927856445 8.101889172357915 2.2339937686920166 2.99383282661438
2.7645959854125977 5.121885966346667 2.567159414291382 4.308747291564941
1.488638997077942 2.380545178616444 2.7913637161254883 5.269809246063232
6.040172576904297 7.184410103483884 2.0800914764404297 2.134112596511841
4.4898529052734375 7.962334597107599 2.444840431213379 3.3466434478759766
3.1585891246795654 6.139753754491551 2.854435920715332 4.9507832527160645
3.0286357402801514 5.262578073450641 3.1193795204162598 6.12175989151001
7.182596683502197 8.785416282418119 2.2804923057556152 2.3505918979644775
5.824910640716553 8.918325321708465 2.758009910583496 3.8805408477783203
4.741140365600586 8.334233136788047 3.2777345180511475 5.921496391296387
4.270525932312012 7.698421679336196 3.598201036453247 7.391618251800537
5.6182451248168945 6.577689994114557 2.43017578125 2.4166722297668457
5.670275688171387 8.854589951131175 2.6452600955963135 3.6194047927856445
3.321852207183838 5.0743138963139245 2.965634822845459 5.200886249542236
2.8502821922302246 5.8200157605734475 3.220284938812256 6.368093013763428
6.688116550445557 7.926785720624139 2.5931243896484375 2.603675365447998
5.0745110511779785 9.0376618123031 2.933114767074585 4.126690864562988
3.7809433937072754 7.011627525309905 3.361974000930786 6.127580642700195
2.0537919998168945 3.6173620520050562 3.67080020904541 7.594603538513184
8.160538673400879 9.949884480180629 2.852391481399536 2.895559787750244
6.787149429321289 10.770260671457265 3.377866744995117 4.92068338394165
4.835165500640869 8.234628280463241 3.96541690826416 7.5727763175964355
4.599011421203613 7.478314801178385 4.349425792694092 9.473285675048828
5.186516284942627 6.031352401213553 2.5666818618774414 2.8178606033325195
5.184200763702393 8.680248833072206 3.2315359115600586 4.348647594451904
3.846839666366577 7.159179204294659 3.2989373207092285 5.9684834480285645
1.8924076557159424 3.972379304986589 3.5690107345581055 7.275962829589844
6.164203643798828 6.57495050950908 2.7915844917297363 3.0826942920684814
5.899106979370117 9.088150481158543 3.6024956703186035 5.085851669311523
4.255878925323486 7.428583555085652 3.7872047424316406 7.149247646331787
3.963167190551758 7.076291800636682 4.120323181152344 8.824094772338867
7.644160747528076 8.651051366640308 3.139925956726074 3.497227430343628
6.644938945770264 10.25140967714276 4.182508945465088 6.2250494956970215
5.27073335647583 8.800380441562538 4.547457695007324 9.02426528930664
4.432673931121826 5.715098787515345 4.9681715965271 11.232224464416504

