4.861660480499268 5.460593353652072 1.7936859130859375 1.8392447233200073
3.781982660293579 5.416936375673275 2.0433831214904785 2.6531035900115967
3.087766647338867 5.1596385769971675 2.2705612182617188 3.5786330699920654
1.6942764520645142 2.526571615150214 2.3843472003936768 4.141356468200684
5.38801383972168 6.259111634604324 1.8945857286453247 1.9472801685333252
4.574363708496094 6.400393736280421 2.1954421997070312 2.8975822925567627
1.7474455833435059 2.1064270743130677 2.467236042022705 3.9830896854400635
2.627439260482788 4.517108175260731 2.5972635746002197 4.643245697021484
6.1560282707214355 7.2737855552309085 2.043933391571045 2.1077792644500732
5.202957630157471 7.90756000069835 2.4129414558410645 3.250990152359009
4.091075897216797 6.009280909833628 2.7395429611206055 4.559403896331787
3.634138822555542 5.705179122869367 2.8879380226135254 5.351613998413086
5.941931247711182 6.662047969090963 2.3153774738311768 2.3825414180755615
4.12234354019165 6.232610403814621 2.641080141067505 3.5260720252990723
2.6085376739501953 4.536522127474897 2.8550305366516113 4.72068452835083
1.8844400644302368 2.871309815704251 2.919659376144409 5.377659797668457
6.515438079833984 7.520937535745475 2.465424060821533 2.5432302951812744
4.355244159698486 6.546553267362015 2.893373489379883 3.96661639213562
3.232365608215332 4.720759665564575 3.183969020843506 5.454070091247559
1.974804162979126 3.632207134822032 3.270246744155884 6.2686543464660645
7.384108543395996 8.598473086438787 2.7035129070281982 2.8034980297088623
4.995442867279053 7.751966993352653 3.269439220428467 4.62406063079834
3.3674633502960205 5.805633588531919 3.6510987281799316 6.514462471008301
2.8729448318481445 5.019019978627995 3.759431838989258 7.547525882720947
6.028131484985352 6.692878630142019 2.9221391677856445 3.0557804107666016
3.67268443107605 4.880494255798631 3.323958396911621 4.592705249786377
3.4553463459014893 5.591139500437598 3.481384754180908 5.991092681884766
1.8318803310394287 3.0630056722841346 3.4605112075805664 6.670081615447998
6.856448173522949 7.801700938753129 3.118960380554199 3.280655860900879
5.470949649810791 6.590188670618474 3.688544511795044 5.271583557128906
3.670950174331665 5.954221506597591 3.9534730911254883 7.101997375488281
2.6843483448028564 3.6590906430722043 3.9566597938537598 7.9920334815979
8.011316299438477 9.231858459333726 3.461318016052246 3.6690309047698975
6.143954753875732 8.709265337098373 4.24810791015625 6.310142993927002
4.276921272277832 6.60869142793058 4.633805274963379 8.71135425567627
3.0545763969421387 5.6765055807881595 4.655027866363525 9.898438453674316
5.759551525115967 6.581084703584082 3.3992364406585693 3.6115808486938477
3.949551582336426 5.622257301873438 3.9188144207000732 5.62362003326416
2.4121458530426025 3.527893665718125 4.024537086486816 7.124362468719482
2.125788927078247 3.8968307716299933 3.912609338760376 7.773959159851074
6.732468128204346 7.657054929590402 3.3618597984313965 3.8854103088378906
4.195600986480713 6.177977808534894 4.371933460235596 6.517158031463623
3.512631893157959 6.303563532162173 4.615665912628174 8.5654878616333
3.2559359073638916 5.781808997545532 4.53070592880249 9.464489936828613
7.798137664794922 9.024428578776693 3.8846235275268555 4.438544750213623
5.75892448425293 7.935517385852108 5.086752891540527 7.9086689949035645
4.87593412399292 7.459733583052184 5.4756669998168945 10.6474609375
3.151869535446167 4.198069343368388 5.404047966003418 11.896088600158691
4.670415878295898 5.6759171557907955 1.706485390663147 1.781620740890503
3.9901010990142822 6.327173539356863 2.078688383102417 2.7634592056274414
2.909126043319702 4.876433166144313 2.3783397674560547 3.7661616802215576
2.908125400543213 4.62939019863569 2.5180084705352783 4.4268693923950195
5.154922962188721 6.254793131838824 1.8205945491790771 1.9051944017410278
4.680266380310059 7.6426284566642675 2.2415499687194824 3.050823926925659
3.38944935798645 4.333387675372904 2.580702304840088 4.2582621574401855
3.434816360473633 5.620299568437456 2.735732078552246 5.053050994873047
5.855769157409668 7.129226642165889 1.9996256828308105 2.0964443683624268
4.881225109100342 8.212370617258046 2.4922382831573486 3.4751102924346924
3.4455645084381104 6.33741056971337 2.8855066299438477 4.956003665924072
3.3896596431732178 6.39381084114666 3.056582450866699 5.919049263000488
5.782114028930664 6.893446100620177 2.08783221244812 2.1937432289123535
3.994457721710205 6.793689740978152 2.5733511447906494 3.5060503482818604
3.455723762512207 5.270000345217606 2.927485466003418 4.822727680206299
2.857774496078491 4.276352519540268 3.063922643661499 5.654272079467773
6.323866367340088 7.516286687437969 2.25583553314209 2.3811185359954834
4.7602925300598145 7.605817006430016 2.8301074504852295 3.985616683959961
2.9095206260681152 4.998375528311726 3.253495216369629 5.651921272277832
3.827594041824341 6.566735599291633 3.4144375324249268 6.700429439544678
7.2406511306762695 8.785178383686343 2.5405189990997314 2.6903793811798096
5.124017238616943 8.104397238652457 3.250448226928711 4.735342979431152
4.425601005554199 7.849075866479328 3.7668473720550537 6.88615083694458
3.854142427444458 5.949178949703651 3.9482922554016113 8.211627006530762
6.22096061706543 7.357743747157201 2.619619131088257 2.7633161544799805
4.939321994781494 7.659072867733343 3.1460347175598145 4.3755340576171875
3.5698843002319336 5.645417787642437 3.487009286880493 5.924086570739746
2.682434558868408 4.36484004056274 3.5873043537139893 6.866951942443848
7.09093713760376 8.323731055298898 2.826986074447632 3.005463123321533
4.966013431549072 6.462539481915904 3.490222215652466 5.061126708984375
2.7843165397644043 4.4826268295320375 3.93127703666687 7.10821533203125
3.386620044708252 6.063645928566984 4.065164566040039 8.340278625488281
8.336747169494629 9.900740109354992 3.21343994140625 3.4380412101745605
5.173108100891113 7.132420327071827 4.082498550415039 6.179582595825195
4.499218463897705 6.514168956076787 4.65412712097168 8.921880722045898
3.9418017864227295 7.267881493399273 4.810439586639404 10.52319049835205
6.129573345184326 7.192386368851771 2.7103776931762695 3.0034408569335938
4.058300495147705 6.2075553682866484 3.772804021835327 5.397886753082275
3.410121440887451 5.111687059557168 3.971006155014038 6.893715858459473
2.375046491622925 4.387674516621969 4.008942604064941 7.86273717880249
6.611622333526611 7.773774252159797 2.986973762512207 3.3549814224243164
4.918093681335449 7.796967291533136 4.1705641746521 6.242812156677246
4.2289018630981445 6.530704707776897 4.502981185913086 8.369159698486328
2.894516706466675 4.879194818855865 4.58506441116333 9.683682441711426
8.156550407409668 9.76934966947482 3.4959561824798584 3.987438440322876
5.081254005432129 7.231023113213347 4.880906581878662 7.65066385269165
4.752471923828125 7.857313464731817 5.3896050453186035 10.66310977935791
3.4380102157592773 5.013162739909127 5.49765682220459 12.414029121398926
3.680732011795044 4.545606672693889 1.6021735668182373 1.6446622610092163
3.303934097290039 6.162330269052477 1.8311411142349243 2.346994161605835
3.1450085639953613 5.732056803413375 2.0636186599731445 3.1897084712982178
1.1099932193756104 2.1770279147831104 2.2048754692077637 3.7754383087158203
4.356724739074707 5.417559641184617 1.681374192237854 1.7279998064041138
4.3675456047058105 7.435061714468247 1.9441713094711304 2.515594005584717
3.29103946685791 5.8820710389020405 2.2125041484832764 3.482039451599121
3.1489920616149902 4.989171419420818 2.3729991912841797 4.1640543937683105
5.274414539337158 6.4656495916628955 1.8003703355789185 1.852561354637146
4.638744354248047 8.041931801565163 2.1097919940948486 2.761192798614502
3.2246291637420654 5.394666482617765 2.425781011581421 3.897669553756714
2.464280843734741 5.439163213755958 2.6110410690307617 4.709105491638184
4.429929256439209 5.5135614502635235 1.9678750038146973 2.012537717819214
4.262645721435547 6.914363484846717 2.2395386695861816 2.9173314571380615
3.3123483657836914 6.040243174764413 2.480098247528076 3.9860501289367676
1.9565175771713257 3.951469235695413 2.6108109951019287 4.701862812042236
5.260746002197266 6.460324957134347 2.077864408493042 2.1310107707977295
4.555844783782959 7.352365088655557 2.412238359451294 3.1968002319335938
3.046943426132202 5.658964629983942 2.715519428253174 4.4821577072143555
2.657097101211548 3.603378990888288 2.8766260147094727 5.356461524963379
6.46822452545166 7.945832300435995 2.259737014770508 2.3261563777923584
5.249742031097412 8.615332124320986 2.6841166019439697 3.627703905105591
4.773915767669678 7.462903828121544 3.0714588165283203 5.2207112312316895
2.884289026260376 5.225617991025345 3.2710371017456055 6.313458442687988
4.7872114181518555 5.990367720688326 2.475194215774536 2.5284769535064697
4.20172119140625 7.312406024201643 2.7520596981048584 3.6501574516296387
3.456332206726074 5.992016922661733 2.9419078826904297 4.887382507324219
2.4152348041534424 5.39171312416901 3.025242567062378 5.668988227844238
5.897665977478027 7.186629862282416 2.6119351387023926 2.6780054569244385
5.223886966705322 7.884292169493392 2.984119176864624 4.060699939727783
3.2041175365448 5.145405447132398 3.2649383544921875 5.613398551940918
3.3789937496185303 5.9348560982167555 3.39005184173584 6.612607479095459
7.319014549255371 8.845424796981547 2.862234592437744 2.9534895420074463
5.65787935256958 8.268048734028975 3.3766074180603027 4.72622537612915
4.156954765319824 5.866019933161795 3.779000997543335 6.736243724822998
3.9563777446746826 7.319028889133278 3.9532995223999023 8.037467956542969
4.877909183502197 5.97167436930215 2.6209495067596436 2.772801399230957
4.040208339691162 6.162247706933613 3.3316333293914795 4.623502731323242
3.149897336959839 5.132704918369882 3.3889172077178955 5.773176670074463
2.38718581199646 4.719304308979872 3.389867067337036 6.527759552001953
5.609711647033691 6.538515872988 2.8204731941223145 3.008803129196167
4.375725746154785 6.379868433334705 3.6044135093688965 5.166345596313477
3.766831398010254 6.398647992056397 3.7789838314056396 6.704572677612305
2.6408679485321045 4.881839395941057 3.8347299098968506 7.722191333770752
7.3551106452941895 8.461878964627658 3.1639325618743896 3.4139974117279053
5.136235237121582 7.98831917576166 4.099634647369385 6.065456867218018
5.155311107635498 9.017020970494741 4.426610946655273 8.177881240844727
3.3689141273498535 6.206711606662793 4.542667388916016 9.563514709472656
3.8841402530670166 4.471670369908367 1.7075845003128052 1.767796516418457
3.805631399154663 6.292045351283198 1.9986064434051514 2.589324474334717
2.8189828395843506 5.378668795053869 2.2481353282928467 3.4842543601989746
2.7282047271728516 4.726464184362129 2.3730227947235107 4.0903730392456055
4.663557052612305 5.510593850675843 1.8076542615890503 1.8733712434768677
4.32889461517334 6.389954337728091 2.1413631439208984 2.810250997543335
3.5626399517059326 6.138029684745902 2.4300642013549805 3.853483200073242
2.631944417953491 3.665697428518669 2.5721194744110107 4.562867164611816
5.482723712921143 6.598106869038986 1.9619300365447998 2.0353410243988037
5.375816345214844 8.288146808857121 2.3533453941345215 3.1332924365997314
3.7187366485595703 6.161699040726155 2.6930601596832275 4.378209590911865
3.67441463470459 5.627496961201466 2.8556201457977295 5.22383451461792
4.71361780166626 5.469636036977363 2.164977788925171 2.245344400405884
3.596691608428955 5.417276351775179 2.5300309658050537 3.3381707668304443
3.2155027389526367 5.068176718877652 2.790890693664551 4.487722873687744
3.3147528171539307 6.4381015809490805 2.888903856277466 5.223333835601807
5.555539131164551 6.565238556634132 2.3113410472869873 2.405194044113159
5.06906795501709 8.166519562257577 2.7599308490753174 3.7205092906951904
3.983624219894409 6.635675412160737 3.0912234783172607 5.138905048370361
2.907904624938965 5.818417481676249 3.2162911891937256 6.048335552215576
6.734143257141113 7.892070156410995 2.560737371444702 2.6715829372406006
5.990945816040039 7.913800457909929 3.125554323196411 4.310021877288818
5.39278507232666 9.41450832885528 3.547078847885132 6.101200103759766
4.012315273284912 7.523571019590008 3.7024106979370117 7.2438812255859375
5.097062110900879 5.893987712030736 2.749952554702759 2.843212842941284
4.488971710205078 7.325340970661273 3.187601089477539 4.289003372192383
3.38310170173645 6.2119425528742624 3.4045541286468506 5.653225421905518
3.1428158283233643 5.671980397462562 3.433932065963745 6.452815055847168
6.2602763175964355 7.267669255965302 2.9381167888641357 3.058905839920044
4.921530246734619 6.172458234603525 3.5056824684143066 4.869755268096924
3.6009104251861572 5.912818356365847 3.8269829750061035 6.628820896148682
3.053903102874756 4.111388483770575 3.8930552005767822 7.666776657104492
7.721405029296875 8.85623277329745 3.288771629333496 3.449693441390991
6.363928318023682 9.182745945630813 4.037692070007324 5.789675235748291
4.966751575469971 8.281928307311617 4.488717079162598 8.093657493591309
4.066024303436279 7.589200986190703 4.591350078582764 9.451748847961426
5.060156345367432 5.909027308232908 3.028642416000366 3.232739210128784
4.503563404083252 7.133703727359173 3.815645694732666 5.3071980476379395
3.326564311981201 5.4133839037730525 3.9790077209472656 6.768666744232178
1.319338083267212 2.2395518325598402 3.915431261062622 7.558103084564209
6.213840961456299 7.2441704012532 3.3073856830596924 3.5626919269561768
5.161651134490967 7.074800252774821 4.213045120239258 6.049410820007324
4.337504863739014 7.254669486625971 4.497620105743408 8.027998924255371
3.1315157413482666 4.867741348358308 4.480902671813965 9.105490684509277
7.574904441833496 8.733549628478158 3.849759101867676 4.1935577392578125
5.9688639640808105 8.327635196961758 4.8939104080200195 7.280508041381836
4.457433223724365 5.884096256583985 5.3252034187316895 9.92956829071045
4.148017406463623 6.308164116897857 5.351241588592529 11.389361381530762
4.634150505065918 5.272991382336386 1.5846998691558838 1.6397056579589844
4.264551162719727 6.668369563247146 1.8516840934753418 2.4424731731414795
3.558626174926758 6.247211370650312 2.0772225856781006 3.2771551609039307
2.2298686504364014 4.637366581683626 2.1942942142486572 3.821296453475952
5.134393215179443 6.068905532540725 1.6681122779846191 1.729286551475525
4.992822170257568 7.269007903303835 1.9720345735549927 2.639558792114258
3.948064088821411 6.834385067162145 2.229569911956787 3.6031038761138916
3.4616382122039795 6.021331130461007 2.361285924911499 4.228318214416504
5.728800296783447 6.950563353271196 1.7946277856826782 1.8638460636138916
5.2019805908203125 8.316439446618915 2.1488842964172363 2.9216723442077637
3.6232824325561523 6.637035605105211 2.445958137512207 4.053220748901367
3.3291120529174805 4.761255064923944 2.593344211578369 4.780350685119629
5.50339412689209 6.298750508859271 1.935303807258606 2.00026798248291
4.379307270050049 6.565272608319901 2.235835313796997 2.9972217082977295
3.6078531742095947 5.806637296554044 2.4518167972564697 4.017446041107178
3.494133949279785 6.557176388206899 2.5521233081817627 4.665127277374268
6.166353225708008 7.198998167718415 2.060154438018799 2.1357319355010986
5.098226547241211 7.9914904838187795 2.429347038269043 3.327819585800171
3.370403528213501 4.480451770452191 2.6968371868133545 4.567692756652832
2.3846681118011475 4.075837270314651 2.8159027099609375 5.344499111175537
7.04923677444458 8.34312197064672 2.2637171745300293 2.3550307750701904
5.907553672790527 9.270570973584995 2.730278730392456 3.8302114009857178
4.203284740447998 6.359696042775674 3.0608601570129395 5.36954402923584
4.312436103820801 7.944569491329929 3.1978812217712402 6.312623977661133
5.857025623321533 6.738821322743945 2.456036329269409 2.526562452316284
4.397046089172363 6.40353436514163 2.7073309421539307 3.685986042022705
3.240241289138794 5.095354161808139 2.8384439945220947 4.793848514556885
3.557353973388672 5.532762320419813 2.8918330669403076 5.487573623657227
6.710437774658203 7.793191818910852 2.6188266277313232 2.7124481201171875
4.610141754150391 6.929232592441451 2.981255531311035 4.179311752319336
3.1945698261260986 5.130525572252282 3.184487819671631 5.6005964279174805
2.876110315322876 4.603094176930313 3.2559711933135986 6.462077617645264
7.85861349105835 9.225666201443417 2.906965494155884 3.0308637619018555
5.711233139038086 7.150044557799987 3.430840253829956 4.960666179656982
4.840810775756836 8.092796964490262 3.716049909591675 6.817704677581787
3.638110637664795 6.293475962812067 3.798978090286255 7.896132946014404
5.9154839515686035 6.77631211146112 2.5633127689361572 2.79289174079895
4.681675910949707 7.078790023732387 3.2731707096099854 4.561700344085693
3.430917263031006 5.638409450202289 3.184292793273926 5.499638557434082
2.9101195335388184 4.476401253725591 3.1684370040893555 6.167681694030762
6.723032474517822 7.768805414651979 2.821388006210327 3.0142269134521484
5.9015936851501465 8.023682242181202 3.6109514236450195 5.22731351852417
3.7241337299346924 5.600700753859535 3.621669054031372 6.549117565155029
2.3759024143218994 4.276420943503581 3.619175910949707 7.40370512008667
7.5778398513793945 8.875082161348928 3.1962320804595947 3.448087453842163
3.832357406616211 7.175840989254837 4.193003177642822 6.303774356842041
5.008368492126465 7.413838464243156 4.309182643890381 8.162879943847656
3.8613994121551514 6.167032250951934 4.303843975067139 9.256498336791992
4.526090621948242 5.211688384182253 1.5567220449447632 1.600105881690979
3.7653236389160156 6.114976189649148 1.8107491731643677 2.339818000793457
2.2203052043914795 3.7801792981055513 2.110614776611328 3.247910737991333
2.489769220352173 3.9494014684473058 2.307551145553589 3.872062921524048
5.050233840942383 5.984743096577574 1.648228645324707 1.6965645551681519
3.910886526107788 6.62787741043728 1.9362905025482178 2.5313475131988525
3.6495349407196045 6.032627741572852 2.2753443717956543 3.5821845531463623
2.4427733421325684 4.619175776902416 2.496699094772339 4.321317672729492
5.8011064529418945 7.0598107654678515 1.7935622930526733 1.8490787744522095
4.730759620666504 7.1203867273010815 2.1303257942199707 2.828864574432373
3.6650779247283936 6.275402778020634 2.5213754177093506 4.082040309906006
2.372537851333618 5.124843077149286 2.7720794677734375 4.97481632232666
5.5728373527526855 6.490534695301392 1.8404546976089478 1.8855808973312378
4.136733055114746 6.866220303961818 2.1203925609588623 2.7972354888916016
3.664391279220581 5.105944509012147 2.4601869583129883 3.965109348297119
2.993966817855835 4.731851652666478 2.705859661102295 4.777085304260254
6.185412406921387 7.354640823653703 1.9774928092956543 2.0322208404541016
4.8191351890563965 7.190937859287487 2.3189291954040527 3.108700752258301
4.052728652954102 6.810234830868268 2.7226057052612305 4.516556739807129
2.639561414718628 4.95654026307075 3.003988742828369 5.517683982849121
7.128330230712891 8.652791856953172 2.217824697494507 2.2857155799865723
5.654074192047119 6.836612438639122 2.6536967754364014 3.638090133666992
4.07132625579834 6.837335598531695 3.1453821659088135 5.409278869628906
4.161094665527344 6.983460188801956 3.465144157409668 6.666550159454346
5.8950276374816895 6.955074032509499 2.2712972164154053 2.299151659011841
3.505955696105957 5.6308652743254015 2.4851956367492676 3.328040838241577
3.164809465408325 5.738407729892813 2.782266616821289 4.679490089416504
2.837225914001465 4.788198990471756 3.068814992904663 5.644277095794678
6.923223972320557 8.233163513471723 2.4474925994873047 2.4859120845794678
4.928478717803955 7.150854948196411 2.755052328109741 3.7661778926849365
4.0591139793396 6.955849531100796 3.1445746421813965 5.455688953399658
2.7214174270629883 4.911042498900411 3.4726834297180176 6.681910037994385
8.31578254699707 10.036464281700319 2.7892251014709473 2.8471148014068604
6.281998157501221 9.674024290331545 3.2491869926452637 4.575963497161865
4.677987098693848 7.4505267225572425 3.7693920135498047 6.805054664611816
3.300292491912842 5.541437103067395 4.131454944610596 8.378440856933594
5.129462718963623 5.502838616788225 2.4856443405151367 2.6087913513183594
4.334657192230225 6.637339608325419 3.136291265487671 4.29861307144165
3.078005790710449 4.504680506443631 3.0495712757110596 5.323938369750977
3.3521268367767334 4.7802697174712705 3.3574371337890625 6.358689785003662
6.729182243347168 7.40499871276802 2.701993703842163 2.8559162616729736
5.315262794494629 7.470735531468563 3.4498605728149414 4.8748698234558105
3.581230878829956 5.611974315837529 3.499518394470215 6.293812274932861
3.1134612560272217 4.8865940392839775 3.844940423965454 7.642090320587158
8.054850578308105 9.290428680150285 3.1172032356262207 3.3297042846679688
6.627411365509033 9.117745559347895 4.023179531097412 5.889889717102051
4.755228042602539 7.763376399042993 4.313113212585449 8.063089370727539
4.424683094024658 7.210277527101631 4.673802852630615 9.818265914916992
4.221108913421631 4.600098299901475 1.570029854774475 1.6228935718536377
3.9348559379577637 5.967918437012713 1.847964882850647 2.3794896602630615
2.6027417182922363 3.719449690680875 2.1318771839141846 3.242619514465332
3.107903242111206 5.540901944784537 2.3024556636810303 3.842611789703369
4.909675121307373 5.404673277687003 1.653540015220642 1.7100225687026978
4.459985733032227 6.268931567786906 1.9613897800445557 2.5557785034179688
3.5122969150543213 5.8506368251397625 2.2818715572357178 3.5548107624053955
3.9010169506073 6.513858220021916 2.474754571914673 4.261525630950928
5.766775131225586 6.784765754477121 1.7854859828948975 1.8474891185760498
5.277360916137695 7.197885134956351 2.1371102333068848 2.8228774070739746
4.2740349769592285 6.882003824264046 2.506582260131836 4.012173652648926
3.9720876216888428 6.849127879721387 2.7261695861816406 4.861865043640137
5.15103006362915 5.616941058523402 1.9184534549713135 1.9976677894592285
4.675673007965088 6.974096413689267 2.268937110900879 2.9778637886047363
3.961057662963867 6.314282046160571 2.6151626110076904 4.110093593597412
3.556033134460449 5.986358203417012 2.806931257247925 4.8823113441467285
5.933917045593262 6.615282689315592 2.0437066555023193 2.1246066093444824
4.74714469909668 7.2568212938228385 2.450634479522705 3.271172285079956
3.7064833641052246 5.949378329356421 2.8613898754119873 4.651008129119873
3.855186939239502 6.628954309579967 3.0900628566741943 5.606972694396973
6.987104415893555 8.07874535520807 2.2616055011749268 2.350507974624634
4.9824934005737305 7.506214023220139 2.7539165019989014 3.751654863357544
3.5322015285491943 6.1045735274828985 3.251087188720703 5.483748912811279
3.8064355850219727 6.288113181837369 3.522235631942749 6.6893815994262695
5.61422872543335 6.136404972793002 2.413175582885742 2.594688653945923
3.9024503231048584 5.949647825750731 2.8113210201263428 3.8055498600006104
3.460827112197876 5.251295142612336 3.176520347595215 5.158095836639404
3.099649429321289 5.425157038549628 3.3560893535614014 6.050448894500732
6.564163684844971 7.380476268286607 2.5760562419891357 2.7537903785705566
4.980483531951904 7.340161519403523 3.06799578666687 4.234437942504883
3.9786205291748047 5.947867624264234 3.5239903926849365 5.962800025939941
3.5887396335601807 4.563151535664474 3.752398729324341 7.115203380584717
7.84181022644043 9.004288286099381 2.892277479171753 3.0750694274902344
5.731225967407227 7.663953903229938 3.5189731121063232 4.978667736053467
4.803916931152344 7.237384508054674 4.091988563537598 7.229429721832275
3.2634060382843018 4.64075141392189 4.373342514038086 8.727951049804688
5.193227767944336 5.642290100400558 2.4582021236419678 2.7023186683654785
4.0944318771362305 6.308482643485171 3.5011866092681885 4.846953868865967
3.7462451457977295 6.562875858126063 3.723191499710083 6.2165350914001465
2.366382360458374 4.030015755175141 3.8501594066619873 7.126551151275635
6.789560317993164 7.603852845900548 2.6652674674987793 2.9166600704193115
4.962677955627441 7.114836432982317 3.7851483821868896 5.49268102645874
4.314595699310303 7.498646827493474 4.1497321128845215 7.24350118637085
3.5436582565307617 6.260932189501617 4.336755275726318 8.488703727722168
7.75881290435791 8.775552749732128 3.041210889816284 3.327707290649414
5.992080211639404 8.96232178667048 4.340224742889404 6.410840034484863
4.726552963256836 7.635884720820513 4.864147186279297 8.908588409423828
4.01685094833374 6.332159256781521 5.109416484832764 10.555696487426758
4.071267127990723 4.859620647691571 1.6864670515060425 1.7360481023788452
3.876946210861206 6.600771906974842 1.9759554862976074 2.5904624462127686
3.2938549518585205 5.8881604433373695 2.264273166656494 3.5589990615844727
2.8367676734924316 5.44254475469495 2.429655075073242 4.216587543487549
4.859127998352051 5.883861162001942 1.7754504680633545 1.8339918851852417
3.426340341567993 5.689446743602986 2.1083741188049316 2.8117246627807617
3.5378353595733643 6.702675424237206 2.4431445598602295 3.953566074371338
3.797218084335327 6.017324147229033 2.6340808868408203 4.732975006103516
5.699787139892578 6.904855186644568 1.9102782011032104 1.97854483127594
4.68186092376709 7.625302998333488 2.3061437606811523 3.134648084640503
4.308742523193359 6.7432600747672495 2.708282709121704 4.524048328399658
2.9634475708007812 6.1871836330266206 2.93487811088562 5.473857402801514
4.999017238616943 5.9471145785093995 2.1261844635009766 2.176603317260742
4.15635347366333 6.982185206909094 2.505894660949707 3.3439137935638428
3.6578528881073 6.222494592133906 2.837290048599243 4.628232002258301
3.278738021850586 6.114676323092578 3.001067638397217 5.463282108306885
5.820922374725342 6.941653654606466 2.2526803016662598 2.321578025817871
4.7878618240356445 7.256578974265496 2.714370012283325 3.7192542552948
4.278000831604004 7.168928026891393 3.1275103092193604 5.308007717132568
3.2191944122314453 5.618319552208959 3.3335254192352295 6.349041938781738
6.840821266174316 8.186114624642983 2.4642200469970703 2.5532302856445312
3.831341505050659 7.169345957524058 3.046907663345337 4.292492866516113
4.837831974029541 8.637231985348777 3.5779900550842285 6.325880527496338
4.055290699005127 7.437553298503644 3.842815637588501 7.659106731414795
5.447019577026367 6.420407731246513 2.7294516563415527 2.757119655609131
3.7519142627716064 6.477766004097683 3.1737005710601807 4.304340839385986
2.361175298690796 4.179688747341174 3.4884040355682373 5.861207962036133
3.1515047550201416 5.0562642741487025 3.6082394123077393 6.810270309448242
6.498457431793213 7.629096447371808 2.8902719020843506 2.954460382461548
5.144352912902832 8.017917323497329 3.456218719482422 4.8632307052612305
3.7571051120758057 7.161956874899268 3.8886077404022217 6.8506317138671875
3.2056193351745605 5.510354930428644 4.067092418670654 8.083627700805664
7.8058342933654785 9.272746219489818 3.1881513595581055 3.291687488555908
4.86530876159668 8.262738433447112 3.937852382659912 5.7401580810546875
4.456452369689941 5.99884837011075 4.531580448150635 8.3554048538208
4.101151466369629 6.987464131967442 4.784727096557617 9.986502647399902
5.396252632141113 6.353432884390294 2.7706923484802246 1.978883981704712
3.7140390872955322 5.661230786285159 3.8137612342834473 5.384276866912842
2.704542398452759 3.9812085981520795 4.0953474044799805 7.028181552886963
3.2721872329711914 5.0718385965259785 4.143279075622559 8.01124382019043
6.039876937866211 6.26085912379644 3.0268900394439697 3.283541679382324
3.7604384422302246 6.519894149931133 4.1612138748168945 6.0496907234191895
3.661348581314087 6.133037831864954 4.577171802520752 8.28400993347168
2.569392204284668 4.168950676472832 4.699564456939697 9.600372314453125
7.152248382568359 8.466389052105008 3.40207576751709 3.726545572280884
5.690455436706543 9.00415446577567 4.768178462982178 7.218278408050537
3.9950010776519775 7.331149737490421 5.373603343963623 10.194133758544922
4.4912261962890625 6.26272175938081 5.580002784729004 11.97479248046875
3.9132797718048096 4.350957183269713 1.853973150253296 1.9052621126174927
3.216668128967285 5.522053955195588 2.176304340362549 2.867184638977051
2.835965394973755 5.3253333034617185 2.4649124145507812 3.8873062133789062
2.7353577613830566 4.685536471331176 2.6180710792541504 4.571082592010498
4.520040512084961 5.289056916474742 1.9410099983215332 2.0017993450164795
3.7525346279144287 6.124195768704482 2.3191986083984375 3.1082451343536377
2.5860867500305176 4.994839363234661 2.660940647125244 4.30602502822876
3.0628767013549805 4.488358541529635 2.841719627380371 5.115779876708984
5.3804216384887695 6.469447559288199 2.06535267829895 2.1390180587768555
3.9913341999053955 7.003169230160381 2.518275022506714 3.4428975582122803
3.2940587997436523 5.8886908550464625 2.930074691772461 4.885356903076172
3.2601125240325928 4.771051132389893 3.145038604736328 5.864978313446045
4.7891082763671875 5.309066073214126 2.369276523590088 2.4400486946105957
4.138002872467041 6.264145489917496 2.8033692836761475 3.798668622970581
3.2541143894195557 5.222231530327406 3.1384339332580566 5.169896125793457
2.448024034500122 4.632378276622212 3.294816017150879 6.0682148933410645
5.577327728271484 6.385079658150524 2.489971399307251 2.576711654663086
4.205061435699463 7.040018157490977 3.0302069187164307 4.204950332641602
3.3608922958374023 5.854201602502826 3.454935073852539 5.888115406036377
2.199455976486206 3.341186110723104 3.654813528060913 7.001171588897705
6.795506954193115 7.942340046579432 2.6729307174682617 2.78336238861084
5.720735549926758 9.029964966247727 3.355572462081909 4.787850379943848
4.006821632385254 6.460389265530836 3.896677255630493 6.905662536621094
3.044145345687866 5.7309311413062005 4.148370742797852 8.301424980163574
5.254323959350586 5.829936734394138 2.8396589756011963 3.0014476776123047
3.9884233474731445 5.978173807717497 3.4450294971466064 4.835057258605957
2.7761480808258057 3.92856175242472 3.803030490875244 6.505269527435303
2.7427151203155518 4.915652228869192 3.945286273956299 7.567462921142578
6.292010307312012 7.181911745558825 3.0134222507476807 3.2095654010772705
4.017233371734619 6.289171907010086 3.759075164794922 5.424054145812988
3.1831068992614746 4.85340230135224 4.236685276031494 7.5265116691589355
2.930410861968994 4.92984775729736 4.434323787689209 8.88074779510498
7.587780952453613 8.788619329773951 3.282097101211548 3.524050712585449
5.197214603424072 7.487016956120669 4.225409984588623 6.2895002365112305
4.562368869781494 7.4561107193034015 4.855419635772705 8.999755859375
3.647677421569824 5.980970564991381 5.113767147064209 10.733083724975586
5.16530704498291 5.734865605941096 2.906106948852539 2.7119505405426025
4.222815036773682 6.7448593456474555 3.9334726333618164 5.692874431610107
2.7608530521392822 4.915260498330909 4.323476314544678 7.604218482971191
2.089360475540161 3.8186709744516065 4.4509382247924805 8.768445014953613
6.123594760894775 7.012919506056733 3.072166919708252 3.0372045040130615
4.923635959625244 7.348741421069008 4.323372840881348 6.464146137237549
3.7336254119873047 6.732198352631485 4.849864959716797 8.87352466583252
3.2650227546691895 5.813478965400471 5.039568901062012 10.379881858825684
7.26156759262085 8.40816457850824 3.389719247817993 3.5115020275115967
5.118381023406982 7.419683061124076 4.917734146118164 7.597421169281006
4.677801132202148 6.61757892011596 5.615211009979248 10.730649948120117
3.6725375652313232 5.402084366118061 5.86814546585083 12.6679048538208
4.14116907119751 4.660743591292885 1.8122843503952026 1.8734890222549438
3.6092746257781982 5.729824789269685 2.1217875480651855 2.768301486968994
2.9760961532592773 5.191792937616015 2.4125616550445557 3.773743152618408
2.0493290424346924 3.4803933706140673 2.557215929031372 4.443304061889648
4.7801289558410645 5.644467578784827 1.9218547344207764 1.9853248596191406
4.275557518005371 6.442669279629218 2.2806472778320312 3.0156190395355225
2.5706379413604736 3.6565728950657785 2.619854211807251 4.197544097900391
2.391183853149414 4.369854469735742 2.786587715148926 4.9873948097229
5.523623943328857 6.673644945591059 2.092231512069702 2.161222457885742
3.9240665435791016 5.242887972130422 2.5158193111419678 3.373490571975708
3.931763172149658 5.476699818565294 2.9147722721099854 4.787177085876465
3.822232723236084 5.889321870354934 3.106109142303467 5.736537933349609
4.811945915222168 5.4858872955753375 2.34917950630188 2.4492969512939453
3.9111971855163574 5.955120635106823 2.7530510425567627 3.716035842895508
3.0523107051849365 4.987782361746099 3.082268238067627 5.069486141204834
2.9656822681427 5.344222146436543 3.218928813934326 5.92527961730957
5.606130599975586 6.5253252909406 2.510012149810791 2.617000102996826
3.6076996326446533 5.20438978400189 3.0052051544189453 4.1484832763671875
3.0143299102783203 5.754858231602427 3.4138851165771484 5.813560962677002
3.625649929046631 5.052981803774173 3.5855460166931152 6.87407112121582
6.540360927581787 7.677893172790405 2.7824618816375732 2.902952194213867
5.331151485443115 6.467482645345854 3.397494316101074 4.798219203948975
3.632611036300659 6.401920688266955 3.899886131286621 6.877216339111328
2.846304178237915 3.774459387245372 4.10964822769165 8.209810256958008
5.046301364898682 5.78688259860467 2.9449923038482666 3.0868828296661377
3.8166608810424805 5.9365948779672415 3.4341683387756348 4.808937072753906
3.0769495964050293 4.936210414332464 3.7580044269561768 6.4577317237854
1.9726805686950684 2.822528812291864 3.8654465675354004 7.449872016906738
6.061572074890137 7.129997580181225 3.1636335849761963 3.3399477005004883
3.2037386894226074 5.382742129081066 3.774087429046631 5.462926864624023
3.6231496334075928 5.893853488494191 4.204737186431885 7.5391950607299805
3.0919301509857178 5.804634689828502 4.357787609100342 8.804466247558594
7.188939571380615 8.463308450150535 3.555044412612915 3.778984785079956
5.445408344268799 9.007217788820014 4.327383995056152 6.461530685424805
2.991398572921753 3.7204685967429945 4.873936176300049 9.100318908691406
3.479759693145752 6.632503111912229 5.073925018310547 10.732865333557129
4.800026893615723 5.5727804487796675 2.9615609645843506 3.464892625808716
3.702770948410034 6.357508421496277 3.9826815128326416 5.696609020233154
2.4572017192840576 3.736909354269301 4.297454357147217 7.613953590393066
2.4181928634643555 3.9251592341122077 4.375898838043213 8.694498062133789
5.821905612945557 6.81538527797664 3.210749864578247 3.05824613571167
4.927093982696533 6.542202695056147 4.394268989562988 6.596218109130859
2.1920878887176514 3.598896327242585 4.833243370056152 8.98060417175293
3.1675798892974854 5.142127038907521 4.963648796081543 10.371285438537598
6.8849945068359375 8.054802911196589 3.746763229370117 4.168569087982178
5.070826530456543 6.754192003831349 5.08560037612915 7.958920955657959
4.631620407104492 7.057170980054121 5.647648334503174 10.949750900268555
3.6878297328948975 5.012236831136676 5.826452255249023 12.76729679107666
4.335873603820801 5.161613607727926 1.6310940980911255 1.6883699893951416
3.9119226932525635 5.867090483221091 1.927290916442871 2.534090518951416
3.5250051021575928 5.449395603995537 2.2016425132751465 3.466308355331421
3.586920738220215 6.050124082035325 2.3672754764556885 4.132081508636475
4.980612277984619 5.99416739571825 1.744329571723938 1.8090287446975708
4.810786247253418 7.605390351378588 2.0805864334106445 2.7667922973632812
4.268164157867432 6.245867286936118 2.397935152053833 3.8552894592285156
3.0940053462982178 5.286739366139955 2.588573694229126 4.63834810256958
5.815555095672607 6.987051447154366 1.9313784837722778 2.0085573196411133
5.081775188446045 7.849690786401666 2.32790207862854 3.144911527633667
3.7017738819122314 6.551045626397354 2.7059097290039062 4.467555522918701
4.237899303436279 7.323513164845412 2.9284980297088623 5.416393756866455
5.25716495513916 6.22452437315687 1.9983960390090942 2.0576303005218506
5.233236789703369 8.502405626725688 2.346115827560425 3.1081173419952393
3.9839673042297363 6.590975819335654 2.651045560836792 4.287353038787842
2.864593267440796 4.643323753163571 2.8297293186187744 5.131763935089111
6.04871940612793 7.164167705333568 2.168046236038208 2.240903377532959
5.184558868408203 8.589371053114933 2.5867795944213867 3.4978489875793457
3.894413709640503 6.757720376825432 2.9663336277008057 4.960316181182861
2.791285991668701 4.511435433823955 3.186805486679077 6.008232116699219
6.996809005737305 8.485788753141776 2.474151611328125 2.572105884552002
6.020164489746094 9.635126882554687 3.003922939300537 4.1831159591674805
4.9950785636901855 7.850284531416946 3.4902563095092773 6.08596658706665
3.368647575378418 5.613562225802042 3.7635867595672607 7.422521114349365
5.672153472900391 6.705807526354249 2.5238044261932373 2.5902957916259766
5.03226375579834 7.874873299660521 2.8543691635131836 3.790189266204834
4.157637596130371 6.44721762592021 3.118368148803711 5.144840717315674
2.6328284740448 4.412189987366219 3.276447296142578 6.113591194152832
6.633429050445557 7.785452710778252 2.748609781265259 2.829418897628784
5.937520980834961 9.154822620776486 3.172049045562744 4.345398902893066
4.176639080047607 7.344482463905138 3.542484760284424 6.109614849090576
3.0693857669830322 5.993121956943 3.7606964111328125 7.366304397583008
7.906601905822754 9.342782615370467 3.175358772277832 3.2941434383392334
6.17477560043335 9.21425233449456 3.7490503787994385 5.366391658782959
4.674941539764404 8.779182863452263 4.277268886566162 7.7865800857543945
4.291371822357178 5.9506541906013695 4.572702884674072 9.449286460876465
5.593844890594482 6.512861840167076 2.4874908924102783 2.7066264152526855
5.566110134124756 8.706664055350984 3.4540016651153564 4.669337272644043
2.6358253955841064 4.366917693211178 3.5415892601013184 5.927957534790039
3.6489603519439697 5.395957534983381 3.644150733947754 6.930658340454102
6.785112380981445 7.844255417022609 2.7737035751342773 3.04439377784729
5.731380939483643 8.655296815095802 3.804630756378174 5.306045055389404
4.115809917449951 7.7688487870116205 4.040914535522461 7.1226301193237305
3.688652753829956 6.517825636147336 4.2236738204956055 8.482017517089844
7.711942195892334 8.919188757142763 3.3462021350860596 3.7196316719055176
7.237056255340576 11.045798024909887 4.477958679199219 6.565235614776611
4.883747100830078 6.9990183206433585 4.934764862060547 9.244400978088379
5.186283111572266 7.623950828291413 5.221431255340576 11.110369682312012
3.780996799468994 4.345350490641977 1.5247005224227905 1.5756460428237915
3.836186408996582 6.180721942503794 1.7789336442947388 2.329693555831909
2.969404935836792 5.5364741253692955 2.028193473815918 3.200345039367676
1.826432466506958 3.5915289348121746 2.171813726425171 3.7993581295013428
4.365147590637207 5.341833098522784 1.5988469123840332 1.6556113958358765
3.9176087379455566 6.143964962408347 1.8854445219039917 2.507432699203491
3.6424758434295654 5.805798300170295 2.1697747707366943 3.516824960708618
2.689765214920044 5.036178811758788 2.332000494003296 4.211101531982422
5.152638912200928 6.383950867967826 1.7108830213546753 1.7750375270843506
4.507984638214111 7.1515974695875 2.0409252643585205 2.759847640991211
3.9167332649230957 7.370281464893878 2.3715860843658447 3.962629556655884
2.9903388023376465 5.736973651509942 2.5575809478759766 4.789534091949463
4.421806335449219 5.139829293572802 1.800881266593933 1.860450029373169
3.753854990005493 6.40585687763436 2.096405506134033 2.7990236282348633
3.469524621963501 5.538298670914173 2.3701376914978027 3.8800981044769287
1.9739670753479004 3.2463238460241772 2.516293525695801 4.606135845184326
5.108822345733643 6.21155941503639 1.901670217514038 1.9718822240829468
3.53311824798584 5.219804668164215 2.254096508026123 3.076477527618408
4.2182745933532715 7.290663420163552 2.5875041484832764 4.390434741973877
3.002638816833496 4.75797815941803 2.7635583877563477 5.271999359130859
6.077393531799316 7.524533765458105 2.071758985519409 2.155959367752075
5.361011028289795 7.96962718820447 2.5015530586242676 3.497781753540039
3.798262596130371 5.834237082297337 2.9133920669555664 5.147148609161377
3.322331666946411 6.170903387539852 3.1260578632354736 6.248425483703613
4.729773998260498 5.564027466620246 2.221114158630371 2.298664093017578
3.261207103729248 4.603122085993164 2.4864673614501953 3.3864247798919678
3.1661503314971924 4.645800294377466 2.7234292030334473 4.604922771453857
1.9703996181488037 4.218372742673182 2.8438031673431396 5.400586128234863
5.667023658752441 6.808380394008054 2.348142147064209 2.440225124359131
4.507306098937988 6.2417942883712385 2.697239875793457 3.778308153152466
4.073996067047119 6.158957664871146 3.016979455947876 5.323933124542236
2.8408915996551514 5.322254901272487 3.176473379135132 6.329588890075684
6.909172058105469 8.425764539113246 2.582012891769409 2.694711446762085
5.185454368591309 6.9626110170988795 3.047652244567871 4.403160572052002
4.200472354888916 5.983499990874286 3.4754247665405273 6.4289116859436035
3.447552442550659 6.596511877321323 3.680187940597534 7.733614444732666
3.4221742153167725 3.8326967943382897 2.3326022624969482 2.505687952041626
3.649106740951538 5.233499233673349 2.9546496868133545 4.14700174331665
3.4998109340667725 6.411291417994221 3.0449047088623047 5.288209915161133
1.9146689176559448 3.515791330636773 3.113301992416382 6.073103427886963
4.859316825866699 5.262108706151821 2.489454507827759 2.692960023880005
4.876104354858398 7.699675698317691 3.223055601119995 4.692221641540527
4.106976509094238 6.674853335595685 3.4068503379821777 6.205380439758301
2.122065544128418 4.285659373147464 3.5164334774017334 7.227611541748047
6.692288875579834 7.945641906210426 2.7663192749023438 3.018110752105713
5.310211658477783 8.739309260091675 3.6842377185821533 5.562038898468018
3.597195863723755 7.444543175623039 3.9819769859313965 7.6288065910339355
4.088338375091553 7.6596421445334215 4.139197826385498 9.001410484313965
4.599668979644775 5.173455378849212 1.573386788368225 1.6246472597122192
3.608245611190796 6.172906292498162 1.838209629058838 2.3815999031066895
3.399712324142456 6.188115545665013 2.097480058670044 3.2164900302886963
3.0143730640411377 5.876414111155327 2.2493882179260254 3.7874791622161865
5.019879341125488 5.953802663447959 1.6464753150939941 1.7035778760910034
4.091533660888672 7.3174716206629 1.9442070722579956 2.558098316192627
2.8803975582122803 6.171596335694939 2.242295503616333 3.522613048553467
3.0916426181793213 5.947414325017803 2.4174458980560303 4.192323684692383
5.555006504058838 6.794551816551916 1.7528671026229858 1.8168411254882812
4.882901191711426 7.525225141346394 2.0962791442871094 2.8081486225128174
3.493656873703003 5.850461900013016 2.4494740962982178 3.956507682800293
3.767487049102783 5.979638450801147 2.6565799713134766 4.764019012451172
5.592083930969238 6.364003989406797 1.905820608139038 1.9713479280471802
4.576150894165039 7.479559690276005 2.213439464569092 2.8951215744018555
2.9701478481292725 5.626213072973542 2.494887590408325 3.943265199661255
3.617452383041382 6.467716437478136 2.650179386138916 4.6559977531433105
6.266679763793945 7.4512890608964994 2.009425640106201 2.0827157497406006
4.24651575088501 6.642193964056432 2.375131607055664 3.1790761947631836
4.262906551361084 5.912465382293135 2.720980644226074 4.446990966796875
3.367940902709961 5.013952268400772 2.9123430252075195 5.319186210632324
7.123124599456787 8.434492791058801 2.1685690879821777 2.253408193588257
5.1151275634765625 8.394540098998373 2.6152801513671875 3.5988733768463135
4.4658966064453125 6.687859790467783 3.057469367980957 5.191427707672119
3.400390625 5.794181847694837 3.3017632961273193 6.296248435974121
6.039581298828125 6.909247139156918 2.4002392292022705 2.507453441619873
4.724979877471924 7.479062430633306 2.6986255645751953 3.553365707397461
3.65328049659729 5.882560562390426 2.9326510429382324 4.737832069396973
2.5228400230407715 5.53373413748497 3.052489757537842 5.5362138748168945
6.9348554611206055 8.172647909020519 2.528717279434204 2.6454949378967285
4.929243087768555 7.367708311437866 2.9197733402252197 3.9599063396453857
3.6437268257141113 6.87009914918923 3.2428557872772217 5.456277847290039
3.5171637535095215 6.626677884909958 3.4081716537475586 6.467217922210693
8.124245643615723 9.352394487658671 2.7432267665863037 2.8766112327575684
4.690413951873779 7.137203075931245 3.257563352584839 4.5807905197143555
4.664168357849121 8.18511892972947 3.7171523571014404 6.545466899871826
4.294325828552246 6.25107527384084 3.9526069164276123 7.873018264770508
6.242642402648926 6.871539881155513 2.5130858421325684 2.720482349395752
4.071738243103027 6.540226036648846 3.43157696723938 4.554352283477783
2.6907646656036377 4.7983873103198675 3.3795642852783203 5.554807662963867
2.523683547973633 4.703108748336035 3.4072425365448 6.317030429840088
6.910244941711426 7.219190766312295 2.696678638458252 2.922896146774292
4.661643981933594 6.291403391304357 3.694735050201416 5.107615947723389
3.8723983764648438 6.831133666272384 3.761913776397705 6.467022895812988
2.998934507369995 4.008970381283689 3.841083288192749 7.476831912994385
8.049633979797363 8.96922125649828 2.9946494102478027 3.254621982574463
5.169722557067871 7.269421041431876 4.115138530731201 5.948352813720703
4.723866939544678 8.2283618006893 4.35616397857666 7.86827278137207
4.010988235473633 6.694009965438267 4.515609264373779 9.247421264648438
4.331568241119385 4.826513140288011 1.733223795890808 1.777083158493042
3.8366520404815674 5.957386669279458 2.0057573318481445 2.573765516281128
2.7953085899353027 5.058418362821996 2.283715009689331 3.540247678756714
2.055537700653076 3.5350598612345436 2.4331932067871094 4.209547996520996
4.943305015563965 5.6618842798502556 1.8655871152877808 1.9148437976837158
3.2216575145721436 5.341787179935828 2.187711238861084 2.8431899547576904
3.4744906425476074 5.990309550924849 2.517387866973877 3.9879708290100098
2.6870076656341553 4.620238314249946 2.690220832824707 4.785285472869873
5.987278461456299 7.115658975159022 2.077714681625366 2.134807586669922
5.127905368804932 7.309490383632603 2.474259614944458 3.273043155670166
4.422247409820557 6.860473037527523 2.878302574157715 4.690600395202637
3.8789143562316895 6.70609784649281 3.082350015640259 5.671017646789551
5.31735897064209 5.967720635033345 2.1676783561706543 2.220834732055664
4.680123329162598 6.876627679349667 2.501863479614258 3.272014617919922
3.2202324867248535 5.705284499942309 2.808549165725708 4.527300834655762
2.884888172149658 4.2378343618317755 2.9541900157928467 5.38238000869751
6.131318092346191 7.027520740212509 2.368213415145874 2.4279940128326416
3.8996469974517822 5.827456125055718 2.791066884994507 3.7271740436553955
4.059971809387207 6.526737122205759 3.1870250701904297 5.302922248840332
2.5608766078948975 4.198688469570612 3.3721444606781006 6.3782148361206055
7.478156566619873 8.664436843985285 2.710068464279175 2.7831621170043945
4.950862884521484 7.677569409230955 3.2717580795288086 4.502021312713623
4.535988807678223 6.792513128247226 3.7975516319274902 6.588815212249756
3.7772388458251953 5.482026555103403 4.035232067108154 7.983216285705566
5.699284553527832 6.420367851423833 2.7843616008758545 2.896495819091797
4.185352802276611 6.04809181259283 3.0945804119110107 4.137574195861816
4.140933513641357 6.437724495831844 3.3534812927246094 5.576662540435791
3.014463186264038 5.175244014590135 3.461329936981201 6.548061847686768
6.854211807250977 7.80854517105152 3.042510986328125 3.156528949737549
5.195719242095947 7.033690279258119 3.478977918624878 4.78700065612793
3.3619282245635986 4.722017954918476 3.867488145828247 6.692415714263916
3.8839428424835205 4.886024357121983 4.034665584564209 7.9776225090026855
8.51406192779541 9.706997761124967 3.5052080154418945 3.6395132541656494
6.362347602844238 8.576402912839981 4.140050411224365 5.930638313293457
4.046462059020996 6.392381173565923 4.716573238372803 8.590542793273926
2.386343002319336 4.02155326911668 4.9599995613098145 10.327771186828613
5.754801273345947 6.070205921042032 2.866788625717163 3.058779239654541
3.8748207092285156 5.9428804299741955 3.7469546794891357 5.185692310333252
3.188410758972168 4.589643201052695 3.837913751602173 6.53787088394165
2.8669545650482178 4.652430180321417 3.8792450428009033 7.526187419891357
6.480874061584473 7.225161911874238 3.2037196159362793 3.4438087940216064
4.635656356811523 6.804483431506128 4.180498123168945 5.963064670562744
4.098725318908691 6.619712553003012 4.446903705596924 7.927504062652588
3.123520612716675 4.860593240634614 4.571346759796143 9.305448532104492
8.36937141418457 9.481072255934109 3.8414783477783203 4.173385143280029
6.890567779541016 8.741279049438319 4.9453535079956055 7.371797561645508
4.813173294067383 5.763102827008424 5.471909999847412 10.300915718078613
2.9392285346984863 5.131695433276718 5.696682929992676 12.242903709411621
4.451952934265137 4.894105001145704 1.6565674543380737 1.7001227140426636
3.560929298400879 4.939818736350976 1.8883287906646729 2.415872573852539
3.1560428142547607 5.25364664372546 2.1260459423065186 3.2682015895843506
2.572340488433838 5.020636028569761 2.2643239498138428 3.834507465362549
5.010520935058594 5.650254297309047 1.73654305934906 1.78495192527771
4.771450042724609 7.211069428839323 2.008878231048584 2.6103429794311523
3.192411422729492 5.145301232201973 2.2897541522979736 3.601473331451416
2.7330946922302246 5.163843487716882 2.4497439861297607 4.260059356689453
5.563381195068359 6.601203892090352 1.8583080768585205 1.9150850772857666
5.075053691864014 7.794579328392367 2.185518503189087 2.8959712982177734
4.4673566818237305 7.755507807436345 2.522677421569824 4.08042573928833
3.831954002380371 6.370825837494124 2.7090771198272705 4.866188049316406
5.416909217834473 5.942339652842634 2.076037645339966 2.1400389671325684
4.374509334564209 6.362804645278629 2.3618485927581787 3.080127716064453
2.9735090732574463 4.425843952271464 2.612748384475708 4.15806245803833
2.490450382232666 3.6999333041189857 2.738093614578247 4.8498640060424805
5.900256156921387 6.7356493261078185 2.1919877529144287 2.2632031440734863
4.990124225616455 6.823865860160311 2.556309461593628 3.4150469303131104
3.8619189262390137 6.762916074706482 2.8822154998779297 4.740638732910156
3.9627084732055664 4.868605476366497 3.0401530265808105 5.584160327911377
6.495410442352295 7.591470981346317 2.3869709968566895 2.4730873107910156
5.090145111083984 7.488380096640277 2.8594963550567627 3.931352376937866
4.109457015991211 6.372092922415732 3.282172203063965 5.606849670410156
3.7965333461761475 6.5444227111952955 3.4786739349365234 6.662345886230469
5.7489399909973145 6.300136973613684 2.5799973011016846 2.6888389587402344
4.833184719085693 6.901579327573927 2.911132335662842 3.8869974613189697
3.4737086296081543 5.341847593540365 3.133580446243286 5.14130163192749
3.2905211448669434 5.536916926607076 3.217290163040161 5.906861782073975
6.425522327423096 7.3214301729806746 2.738260507583618 2.8640763759613037
4.826140403747559 5.783808649018027 3.185284376144409 4.3932623863220215
3.292907238006592 4.978539485253258 3.5144474506378174 6.0067033767700195
3.2844936847686768 4.693146981296138 3.6406147480010986 6.9781413078308105
7.1397905349731445 8.307403374065572 3.020076274871826 3.1772079467773438
3.8902792930603027 5.973942289374776 3.6335222721099854 5.202284812927246
4.118434906005859 4.957821139791349 4.099177837371826 7.324449062347412
3.360880136489868 5.082346496470677 4.270104885101318 8.578890800476074
5.337574481964111 5.880033481957895 2.7344274520874023 3.0259592533111572
3.7374908924102783 5.474598219573863 3.4065182209014893 4.702374458312988
3.26450777053833 4.752347387957798 3.5902230739593506 6.031913757324219
3.49423885345459 5.222143942360461 3.6179914474487305 6.80991268157959
5.23869514465332 5.957121764948738 2.9581925868988037 3.30922269821167
4.495707035064697 5.7724532353403495 3.7445616722106934 5.365778923034668
4.16297721862793 6.1923305320960935 4.061314582824707 7.147660255432129
3.752537727355957 5.912984700058587 4.141304016113281 8.169851303100586
6.816888809204102 7.584629859925343 3.3800220489501953 3.6899869441986084
5.861735820770264 8.41604557757546 4.317318916320801 6.463652610778809
4.809360980987549 7.404853722208941 4.8042402267456055 8.870787620544434
4.624980926513672 7.054153055049255 4.932669639587402 10.22498893737793
4.522140979766846 5.614207223875155 1.70669686794281 1.7896082401275635
4.390129089355469 7.721896022849535 2.0412440299987793 2.7749600410461426
3.170457601547241 6.241992484386685 2.282876968383789 3.729889392852783
2.373582124710083 5.052086449897001 2.4032387733459473 4.342855453491211
5.034045219421387 6.220541798040486 1.8299931287765503 1.922528862953186
4.549779415130615 6.899917301536675 2.209477663040161 3.0522701740264893
3.341919422149658 6.750755332773217 2.4798381328582764 4.155329704284668
3.05062198638916 6.106750929812051 2.6098010540008545 4.8595781326293945
5.697637557983398 7.299868340157275 2.029646635055542 2.1360549926757812
4.525811195373535 8.12693326714016 2.4778006076812744 3.483802080154419
3.996062755584717 6.619072793665481 2.787698984146118 4.80136251449585
3.3185806274414062 6.084251400297035 2.924220323562622 5.6329731941223145
5.321597576141357 6.49170382056203 2.084810972213745 2.1924169063568115
4.370058059692383 7.185139036370771 2.4795684814453125 3.4293808937072754
2.66196608543396 4.29931331731251 2.7186055183410645 4.616527557373047
2.6151516437530518 5.538954149593565 2.827519655227661 5.369618892669678
6.020022869110107 7.356448054930297 2.268932580947876 2.3950674533843994
5.091197490692139 6.945974456828935 2.7471158504486084 3.8902769088745117
3.6550962924957275 7.467775431621192 3.0356037616729736 5.334828853607178
2.8951170444488525 5.751557516182049 3.1556010246276855 6.237263202667236
6.922677993774414 8.71134590854194 2.591331720352173 2.745393991470337
4.999066352844238 8.291336269376949 3.200739622116089 4.662008285522461
3.955312967300415 7.979479478382757 3.5612447261810303 6.490756034851074
3.149604558944702 4.894279340080502 3.686525821685791 7.601260185241699
5.666248321533203 6.908232898612226 2.6418044567108154 2.7592720985412598
4.904404640197754 7.715006267777881 2.9960544109344482 4.1882853507995605
3.584171772003174 6.987807852374317 3.149721145629883 5.501798152923584
2.814706563949585 5.776150360936356 3.2159485816955566 6.338026523590088
6.635439395904541 8.06209281749625 2.8781511783599854 3.0335428714752197
4.8843674659729 7.56762216799196 3.354912757873535 4.844910621643066
4.07467794418335 6.619495936837154 3.586472749710083 6.5319366455078125
2.7698569297790527 5.38399371444757 3.6654794216156006 7.568693161010742
7.7542924880981445 9.627067742434974 3.316462516784668 3.5296404361724854
6.174756050109863 9.805389568902612 3.9894676208496094 5.999730110168457
3.941687822341919 7.612557161990509 4.336726188659668 8.24932861328125
3.2088065147399902 6.367417283947873 4.422886371612549 9.562187194824219
5.51268196105957 6.703856569026129 2.644545793533325 7.00925350189209
5.098292350769043 8.215338820928082 3.578981399536133 5.0285468101501465
3.560871124267578 6.4180539308358675 3.524693727493286 6.267801761627197
2.6502275466918945 4.712113784987082 3.5223443508148193 7.112214088439941
6.538982391357422 7.724127300711925 3.0063183307647705 3.3901569843292236
4.830964088439941 7.2018979405313885 3.9917380809783936 5.864777565002441
4.010850429534912 7.446125733733595 4.0560688972473145 7.564955711364746
2.9994049072265625 4.308901998731017 4.07105827331543 8.6467924118042
7.853703022003174 9.78730181603322 3.6482787132263184 4.150414943695068
5.732328414916992 9.19324452974308 4.747828960418701 7.332362174987793
3.861046314239502 6.586559260310608 4.985671520233154 9.764596939086914
3.8883719444274902 6.325033907485732 5.016572952270508 11.169289588928223
4.6550984382629395 5.193439945715909 1.4824141263961792 1.5303202867507935
4.346029281616211 6.481034683159464 1.7493621110916138 2.2606992721557617
3.4423375129699707 5.6317062812435665 2.0345003604888916 3.1086854934692383
1.5124965906143188 3.44654804327609 2.2146170139312744 3.724881172180176
5.151788711547852 5.955555330665636 1.5559964179992676 1.6093088388442993
4.571656703948975 6.690614964328734 1.8523188829421997 2.4310038089752197
3.1225173473358154 5.480342507442657 2.170992851257324 3.4115161895751953
2.739708185195923 5.3204884566485475 2.3743128776550293 4.132545471191406
5.806382656097412 6.906215217229885 1.6700719594955444 1.7300738096237183
4.874362468719482 7.055152696048481 2.0050458908081055 2.6773641109466553
4.243134498596191 7.585015864490799 2.36358904838562 3.8370261192321777
3.3301169872283936 5.38848717765876 2.592984914779663 4.696634292602539
5.836706638336182 6.547380639483777 1.7201732397079468 1.7773531675338745
4.348888397216797 6.652467300044556 2.0484697818756104 2.6923789978027344
4.009336948394775 7.337692715706361 2.389693021774292 3.7767417430877686
2.0985231399536133 3.7994791107209664 2.598351240158081 4.570888042449951
6.348779678344727 7.318866443765472 1.8270901441574097 1.8940443992614746
4.9755425453186035 6.738915179297635 2.204756021499634 2.9584929943084717
2.7221333980560303 4.344135717398331 2.599655866622925 4.260678768157959
3.011673927307129 5.746779293695738 2.843374490737915 5.225521564483643
7.251725673675537 8.547686495127024 2.010917901992798 2.0888946056365967
5.096493244171143 6.4700360979605875 2.455566644668579 3.371391773223877
4.575058460235596 7.42983557691592 2.9110937118530273 4.976968765258789
3.7274436950683594 5.404623002705193 3.191464424133301 6.168970584869385
6.164641380310059 6.981322910461751 2.09108829498291 2.1402029991149902
4.594301700592041 7.140103214122064 2.4340012073516846 3.238328456878662
3.9118120670318604 5.796792732794529 2.7795982360839844 4.512760639190674
2.476184129714966 4.35587824383947 2.9873292446136475 5.441229820251465
7.175961971282959 8.236589286244339 2.226447820663452 2.2944090366363525
5.856389999389648 8.108225336009212 2.6422650814056396 3.6089537143707275
3.473834276199341 6.057047841658971 3.0629141330718994 5.192802906036377
3.463703155517578 6.4546570148080775 3.3162240982055664 6.357885360717773
8.43362045288086 9.89774924940059 2.4842324256896973 2.5717477798461914
5.95357608795166 8.83063535820611 3.00209379196167 4.216972351074219
5.1358747482299805 8.570325393060983 3.5028910636901855 6.239437580108643
4.225958347320557 7.340896946850648 3.797529697418213 7.715422630310059
6.0090765953063965 6.7623451229687035 2.0663952827453613 2.2444517612457275
4.532535552978516 6.445645767244969 3.0503976345062256 4.086318492889404
3.828042507171631 6.884397732738336 3.1749110221862793 5.266597747802734
2.001610279083252 3.450007185461245 3.3313891887664795 6.217465400695801
6.610734462738037 7.342074480308355 2.233459234237671 2.4399399757385254
5.714552402496338 8.875315733510035 3.3016796112060547 4.608158588409424
4.20955753326416 7.139205539736054 3.5204620361328125 6.125414848327637
2.7360877990722656 5.246262735878645 3.72904109954834 7.3636345863342285
8.024616241455078 8.1478780524194 2.5436694622039795 2.7912352085113525
6.158012866973877 8.801661139551015 3.759221315383911 5.420813083648682
4.495337963104248 7.382938566936634 4.073103427886963 7.476503849029541
3.8211019039154053 5.924664947302404 4.3233113288879395 9.088135719299316
4.778558731079102 5.13488638467453 1.512902855873108 1.5525940656661987
4.522049427032471 6.583280715663477 1.7462633848190308 2.2143142223358154
3.6026623249053955 5.665377536782287 2.0182909965515137 3.057340621948242
3.471205472946167 5.832880129553814 2.186474084854126 3.6566579341888428
5.2305121421813965 5.6562279096547785 1.598097562789917 1.6418931484222412
3.696481943130493 5.415015316081806 1.860886573791504 2.3929901123046875
4.028987884521484 6.360379010012057 2.1682586669921875 3.3742833137512207
3.3132753372192383 5.775642109765055 2.356837511062622 4.077713966369629
5.905043601989746 6.850938110502739 1.7324352264404297 1.7824581861495972
4.422202110290527 5.944174293805062 2.0388786792755127 2.664301633834839
4.525632381439209 6.589035306525773 2.3956775665283203 3.839601993560791
3.2441837787628174 4.9903281409917835 2.6097331047058105 4.682689189910889
5.866825103759766 6.283500451503521 1.75807785987854 1.8059532642364502
5.514441013336182 7.022444628791163 2.037677049636841 2.6319873332977295
3.635826826095581 5.279445233083607 2.360093832015991 3.707862138748169
3.0580577850341797 4.140256047715411 2.553980827331543 4.474307537078857
6.437656879425049 7.04217484518108 1.8868789672851562 1.9424080848693848
5.33929967880249 7.710118219276957 2.219651460647583 2.925074338912964
3.7362823486328125 6.290252970128968 2.602497100830078 4.237277984619141
2.9754691123962402 4.8824399484281855 2.8281173706054688 5.175195693969727
7.289309501647949 8.278322632137659 2.108509063720703 2.1764965057373047
6.2273664474487305 8.247007160557132 2.5231142044067383 3.4041683673858643
4.371273517608643 7.8607850381632005 2.9921538829803467 5.064189910888672
4.3254570960998535 6.472663602500248 3.2563178539276123 6.237374305725098
6.323910713195801 6.843352052049127 2.1232903003692627 2.171424150466919
5.61021614074707 8.037294764865862 2.3861184120178223 3.132225513458252
3.76267671585083 4.775115524607827 2.712667465209961 4.391124725341797
2.7733559608459473 4.263217406779177 2.908750534057617 5.286309719085693
7.163845539093018 7.925508001348788 2.287811279296875 2.349609375
5.523401260375977 7.896038888224098 2.6364805698394775 3.5518224239349365
4.679887294769287 6.337241339383574 3.051625967025757 5.155572891235352
2.623551845550537 3.495738940594947 3.2893099784851074 6.287213325500488
8.314475059509277 9.36463929395029 2.6010210514068604 2.6849215030670166
5.887266159057617 8.167198198214383 3.0814883708953857 4.279871940612793
4.2416534423828125 5.783188504267315 3.621819257736206 6.402154922485352
3.608543872833252 6.689266258551925 3.906369924545288 7.85648775100708
6.363636493682861 6.81561314672922 2.3311800956726074 2.532156229019165
5.6894211769104 7.835528879075241 2.933176040649414 3.970949649810791
4.261542320251465 6.455822285655773 3.044462203979492 5.042121410369873
2.2734127044677734 3.8130185129978678 3.2071731090545654 5.981973648071289
7.237399578094482 7.927367601914739 2.5381152629852295 2.7697484493255615
5.5258307456970215 6.8526566997825284 3.2242136001586914 4.495852947235107
4.916654109954834 7.0658538751775595 3.465291738510132 6.0230255126953125
3.6504383087158203 5.9677534832768515 3.677009105682373 7.247264385223389
8.233282089233398 9.182829131427525 2.92458438873291 3.2097644805908203
5.498129367828369 7.614396017730826 3.7758164405822754 5.423717498779297
4.8049821853637695 7.004324104191649 4.194327354431152 7.659258842468262
4.018348693847656 6.115202133799244 4.457152366638184 9.261794090270996
4.391351699829102 5.439683125541492 1.7643953561782837 1.836125373840332
3.56258487701416 6.036417838146235 2.0836808681488037 2.8057918548583984
3.168325185775757 5.914161405715049 2.335252523422241 3.757960081100464
2.9906935691833496 5.802216507717276 2.453562021255493 4.351090431213379
4.999760627746582 6.196125140723439 1.8643717765808105 1.9457529783248901
4.465057849884033 7.7163375745384 2.2356832027435303 3.0749616622924805
3.5319664478302 6.4882728165641765 2.5270700454711914 4.20604133605957
2.543203353881836 5.111541988522216 2.659705400466919 4.913834571838379
5.729444980621338 7.286213029964529 2.012655019760132 2.1073102951049805
4.34981107711792 7.813822051556631 2.452637195587158 3.4602298736572266
3.5634384155273438 6.299803596085805 2.7948355674743652 4.832294464111328
3.604527711868286 5.574109286616267 2.9442970752716064 5.6881513595581055
5.404330730438232 6.496809418086059 2.2133195400238037 2.310678243637085
4.079187870025635 5.840312595890021 2.6074090003967285 3.6068239212036133
3.5275943279266357 5.993011336485097 2.8690361976623535 4.829738616943359
3.220853090286255 4.672392621280551 2.968360662460327 5.567010879516602
6.057905673980713 7.316422505549312 2.3551793098449707 2.4708518981933594
3.522569179534912 5.600409645615514 2.8486363887786865 4.065173625946045
2.642618417739868 3.5873000745054924 3.18060564994812 5.599684715270996
2.5766632556915283 3.957086281832403 3.3006644248962402 6.523582458496094
6.8603715896606445 8.664050220530783 2.5837481021881104 2.725172996520996
4.150672435760498 7.042902871529712 3.2093710899353027 4.743463516235352
4.056802272796631 7.409210671746256 3.6271755695343018 6.699288845062256
3.0892889499664307 6.492220190200223 3.769589900970459 7.864255428314209
5.817820072174072 6.876665084170156 2.793177843093872 2.938927412033081
3.1878468990325928 4.9046906940781065 3.194389581680298 4.523352146148682
3.465122938156128 5.424000373595504 3.405967950820923 5.93468713760376
2.1872849464416504 3.8546992463627703 3.461120367050171 6.765217304229736
6.586075782775879 7.847169817025133 2.975914478302002 3.1493754386901855
4.567844867706299 7.885044361202404 3.5249342918395996 5.199482440948486
3.295064926147461 5.0945429416861145 3.8404316902160645 7.058019638061523
3.41807222366333 5.452389255006665 3.9216902256011963 8.140095710754395
7.455050468444824 9.164730328073219 3.293487310409546 3.513681650161743
5.767637252807617 9.25232000378216 4.0438032150268555 6.228153228759766
4.521851062774658 7.304730364857448 4.4774980545043945 8.681676864624023
3.8477723598480225 7.114024107112456 4.579923152923584 10.078666687011719
5.651613235473633 6.1511930765559555 3.152343988418579 3.447129487991333
3.9912238121032715 5.45935637445649 3.7577736377716064 5.433284282684326
3.317307949066162 5.70410738487476 3.85758376121521 6.877607345581055
2.669074296951294 4.1836164046872 3.856783390045166 7.742217063903809
5.622608661651611 6.741756172098576 3.2260215282440186 2.5316901206970215
4.955355644226074 7.521099126742521 4.16011381149292 6.309933185577393
3.787625789642334 6.071024179439064 4.3926262855529785 8.306384086608887
3.2695140838623047 5.870078749087183 4.42327356338501 9.47195053100586
7.099668025970459 8.55559921965596 3.6656060218811035 4.277775764465332
4.306687831878662 6.4853207680487515 4.812732696533203 7.672702789306641
4.26255989074707 6.892583308453528 5.192605018615723 10.39084529876709
3.925842523574829 6.542764367344603 5.2398576736450195 11.915873527526855
4.806695461273193 5.812485791034305 1.614336371421814 1.6921051740646362
4.034949779510498 6.6792197172090475 1.9342409372329712 2.6777749061584473
1.6231331825256348 3.1022592760067624 2.210132360458374 3.636345148086548
1.595581293106079 2.9646192793968087 2.35127854347229 4.183451175689697
5.254663944244385 6.426956381612522 1.7082809209823608 1.7909328937530518
4.568338394165039 7.654615622891896 2.069133758544922 2.898885726928711
3.34126877784729 5.784574903620182 2.382858991622925 4.019887447357178
1.8145371675491333 3.8139405285884322 2.5425915718078613 4.679258823394775
5.885857105255127 7.617501165825416 1.8505539894104004 1.9414855241775513
4.477103233337402 7.484293477500614 2.263611316680908 3.221315860748291
2.8279199600219727 5.037809653389104 2.623020648956299 4.5568060874938965
2.5117530822753906 4.302393248368276 2.8036136627197266 5.356820583343506
5.612056732177734 6.78183618626003 1.9372472763061523 2.038264274597168
4.392812728881836 7.487780886279779 2.3375184535980225 3.318516254425049
3.0733163356781006 5.668843458017136 2.6636037826538086 4.566346645355225
2.0205237865448 4.152273359085854 2.8064539432525635 5.254570484161377
6.22944450378418 7.586624872829162 2.0771682262420654 2.18717360496521
4.5240020751953125 7.518836060197003 2.551649332046509 3.690629243850708
1.4502817392349243 2.010087269431949 2.941619396209717 5.2185959815979
2.448314666748047 3.881077690423638 3.11188006401062 6.087532043457031
7.0496439933776855 8.974526346561674 2.307544708251953 2.433363914489746
4.654707908630371 7.416162070700935 2.87752366065979 4.259201526641846
3.7598423957824707 5.901496448110095 3.343515634536743 6.169366359710693
3.7144999504089355 5.752854015916455 3.545637845993042 7.273530006408691
6.108654022216797 7.373692058801262 2.4222934246063232 2.5502867698669434
4.805956840515137 8.268520659510362 2.834935426712036 4.10650634765625
3.2396364212036133 5.737422671452805 3.1509196758270264 5.5701727867126465
2.431535482406616 4.35304040872299 3.2607996463775635 6.341938495635986
6.846286296844482 8.302394661929611 2.6004514694213867 2.749899387359619
4.801111698150635 7.266269927118191 3.1349055767059326 4.664133548736572
4.212941646575928 7.982961489615889 3.545414686203003 6.531718730926514
2.798142910003662 5.102832486747246 3.687814712524414 7.544256687164307
7.87477445602417 9.890687708146427 2.9229373931884766 3.1038365364074707
6.129300594329834 9.393537470570323 3.6136553287506104 5.539180755615234
4.114351272583008 7.141308449472604 4.129428863525391 7.963411808013916
4.115920543670654 6.476124913789327 4.3094329833984375 9.296317100524902
6.1135969161987305 7.271290890596969 2.782195568084717 3.0631000995635986
4.807003974914551 8.271266271738682 3.48022723197937 5.106188774108887
2.9551196098327637 5.435986173214701 3.6056904792785645 6.517163276672363
2.2337706089019775 4.449499735881485 3.648314952850342 7.28104829788208
6.95576286315918 8.255838238759225 3.018113851547241 3.3400778770446777
4.864715099334717 7.6586663770171555 3.84633731842041 5.8723530769348145
3.4832866191864014 6.645974172714887 4.107988357543945 7.778885841369629
3.0935585498809814 5.984167592290433 4.183149814605713 8.814179420471191
7.942867279052734 9.079360270553465 3.435271978378296 3.8242766857147217
5.022614479064941 8.68065136678149 4.461493492126465 7.087771892547607
3.6652374267578125 6.557809163449178 4.860541820526123 9.664761543273926
4.129739761352539 6.297331626975534 4.971994876861572 11.068693161010742
3.996882915496826 4.5850754862281065 1.6494649648666382 1.7105036973953247
3.9731698036193848 6.523688399543239 1.954272985458374 2.5628163814544678
2.896080732345581 5.696653342642804 2.23750638961792 3.48529314994812
1.867608666419983 3.3781498974006468 2.404332399368286 4.121836185455322
4.806851863861084 5.6601028699788 1.7566150426864624 1.826421856880188
3.734344482421875 6.258055416921849 2.1043508052825928 2.808206796646118
3.1397480964660645 6.01985660731849 2.429611921310425 3.8989484310150146
3.0934865474700928 4.462815505516884 2.6184499263763428 4.659987449645996
5.849493503570557 6.929526429757219 1.9295598268508911 2.01054048538208
4.980011940002441 6.966982723675699 2.3383915424346924 3.177678346633911
3.6605892181396484 5.933342901303462 2.717651128768921 4.5005950927734375
3.961109161376953 7.027629411446696 2.9314486980438232 5.429308891296387
4.909885406494141 5.63728508561236 2.010521411895752 2.088829517364502
4.348693370819092 7.133262293134067 2.3620285987854004 3.147526741027832
3.6471614837646484 6.364280675092232 2.670046091079712 4.306298732757568
2.3122637271881104 3.5843837049872036 2.8526501655578613 5.114006519317627
5.792508602142334 6.8007890697153925 2.171325922012329 2.267137289047241
4.190200328826904 6.932246691362707 2.602543354034424 3.558580160140991
3.8920233249664307 6.366178849844273 2.980482339859009 5.0001301765441895
2.8662469387054443 5.871545034351129 3.195690631866455 6.0111308097839355
7.134611129760742 8.299345797608453 2.455010414123535 2.5747056007385254
6.125888347625732 8.883484756160158 3.0029938220977783 4.219137191772461
4.650563716888428 6.86541035981827 3.469480514526367 6.066002368927002
3.426412343978882 6.093929534057722 3.7196238040924072 7.350809574127197
5.289166450500488 6.123319028771277 2.551973581314087 2.649146318435669
4.1258625984191895 5.659683055358755 2.830108165740967 3.832702159881592
3.9762585163116455 6.338653394830203 3.093851327896118 5.132183074951172
2.5423431396484375 5.352370205799161 3.2660372257232666 6.058114051818848
6.419710636138916 7.482246890381608 2.756787061691284 2.8852243423461914
5.119128704071045 7.691776112847762 3.160162925720215 4.426842212677002
4.586114406585693 6.434125466194359 3.5233006477355957 6.121216297149658
3.935844898223877 6.656254767343512 3.7357468605041504 7.321225166320801
8.102611541748047 9.31129356512156 3.1523430347442627 3.326817512512207
5.745415687561035 8.939481197465511 3.7394165992736816 5.425299167633057
5.134252071380615 7.5006872089867365 4.221495151519775 7.696107864379883
4.599808692932129 7.769348312082116 4.472934246063232 9.25880241394043
4.871429443359375 5.464908557479248 2.66115665435791 2.9016950130462646
4.720772743225098 7.073065979408511 3.3456995487213135 4.627813816070557
2.888720750808716 5.491940526248527 3.4502861499786377 5.843222141265869
3.2770230770111084 5.447478041883831 3.590654134750366 6.816372871398926
5.831929683685303 6.738536335895759 2.937683343887329 3.22639799118042
4.843090057373047 7.489357969716821 3.742039203643799 5.388751983642578
3.9001967906951904 6.7143762094141834 3.976574659347534 7.085421085357666
3.8573250770568848 5.85044784040366 4.162585735321045 8.381227493286133
7.683165073394775 8.897935885545053 3.453500986099243 3.827876329421997
5.747797012329102 7.109465045778668 4.4653825759887695 6.694894790649414
5.472346782684326 7.78678795583906 4.84931755065918 9.101617813110352
4.0840277671813965 7.118147517787541 5.072850227355957 10.81457233428955
3.910977363586426 4.648619274746011 1.5337069034576416 1.589058518409729
3.6691107749938965 6.539890809835015 1.82548189163208 2.394176721572876
3.0325634479522705 5.915118380582896 2.111603021621704 3.2411763668060303
2.941286563873291 5.676420664248592 2.2698960304260254 3.804589033126831
4.422743320465088 5.555750692620023 1.5991181135177612 1.6592464447021484
3.3750009536743164 6.409359606780981 1.9248236417770386 2.5642058849334717
2.4859061241149902 5.235716280279121 2.254467725753784 3.551840305328369
2.579179525375366 3.7813745188232133 2.437906265258789 4.212175369262695
5.270904064178467 6.735828807577279 1.6921039819717407 1.758436679840088
3.970654010772705 6.861207183703357 2.0642879009246826 2.801572322845459
4.073065757751465 7.521109574791215 2.450603485107422 3.9752588272094727
3.8214712142944336 6.37457628217831 2.666226625442505 4.760290622711182
4.789170265197754 5.703673417264135 1.8587886095046997 1.9370771646499634
4.313724994659424 6.990496230776216 2.2108678817749023 2.968376874923706
2.907325029373169 5.226167047276498 2.5352189540863037 4.024174690246582
2.983234405517578 4.672065455168365 2.7031795978546143 4.719105243682861
5.560507297515869 6.839278270442492 1.9468443393707275 2.033525228500366
4.809638023376465 7.663686245666323 2.363090991973877 3.239492416381836
4.0047688484191895 6.647106307907336 2.76682186126709 4.5437164306640625
3.806396484375 5.638045640617229 2.975775718688965 5.4049973487854
6.678150177001953 8.13339556564408 2.0798301696777344 2.17657732963562
5.574244499206543 8.864243606509547 2.583437442779541 3.6315176486968994
4.481597900390625 7.730841620591946 3.088759183883667 5.271976470947266
3.385730504989624 5.760151200115615 3.3499135971069336 6.3510847091674805
5.1561689376831055 6.191358318703276 2.3765547275543213 2.476809501647949
3.9484176635742188 6.430308486654141 2.688289165496826 3.692131996154785
3.270355701446533 5.002077719298285 2.9779820442199707 4.869843006134033
3.2768335342407227 5.60095420124307 3.1294054985046387 5.642381191253662
6.291889667510986 7.590128345028726 2.4794564247131348 2.602271795272827
4.612946033477783 6.302521778220935 2.8944528102874756 4.085646629333496
3.9296300411224365 6.793121537188775 3.304863214492798 5.62454080581665
2.051811456680298 4.445471350172966 3.512843132019043 6.633812427520752
7.723022937774658 9.076620794440913 2.647797107696533 2.7930431365966797
5.463962078094482 8.092344381247557 3.205423355102539 4.667815685272217
4.613880634307861 6.920600116850835 3.767874002456665 6.7051286697387695
3.027921438217163 4.2342837663110116 4.044004917144775 8.02584457397461
5.230963706970215 5.665264487666093 2.5455315113067627 2.775709390640259
4.65401029586792 7.152697591322067 3.226289987564087 4.537319660186768
3.0512924194335938 4.962217997507944 3.369147300720215 5.647158622741699
3.2263832092285156 5.842670859765956 3.481003522872925 6.4222941398620605
6.218606472015381 6.798414180820373 2.6957125663757324 2.9771339893341064
5.422727108001709 7.878140448902977 3.479212522506714 5.07119607925415
3.804081916809082 6.145632473606952 3.777111530303955 6.616312503814697
3.3038437366485596 5.664575372020465 3.959482192993164 7.682063579559326
7.720658302307129 8.434608068335017 2.944559335708618 3.282771110534668
5.5641188621521 8.666872536456449 3.875540018081665 5.874147415161133
4.178884506225586 6.515819614381833 4.366401195526123 8.022951126098633
3.793118476867676 5.494140869515391 4.6270647048950195 9.47157096862793
4.24118185043335 4.662386926130807 1.7898824214935303 1.8368791341781616
3.634992837905884 4.718753673078794 2.0195188522338867 2.5337750911712646
3.235074996948242 5.623246510158424 2.2415449619293213 3.34810733795166
2.5106277465820312 4.373626445270929 2.3608100414276123 3.9077210426330566
4.86377477645874 5.519136153370255 1.887582540512085 1.9411876201629639
4.01870584487915 4.577435602632704 2.155465602874756 2.7587649822235107
3.0593104362487793 5.564129657796457 2.417212724685669 3.7259724140167236
2.7246525287628174 4.9387059249838785 2.5562973022460938 4.384051322937012
5.498857498168945 6.565873724136541 2.0379059314727783 2.0987606048583984
4.924680233001709 7.616997333058407 2.3591156005859375 3.0747509002685547
4.274048328399658 6.437706182427235 2.6693525314331055 4.2386860847473145
2.765369415283203 4.743994608276438 2.828855514526367 5.0234375
5.027719497680664 5.5849896037134386 2.25360369682312 2.313587188720703
3.3263461589813232 4.825515527196204 2.5297367572784424 3.2382407188415527
2.015913486480713 2.7877803384770203 2.746530771255493 4.27444314956665
2.4735357761383057 3.9277292272608344 2.8420193195343018 4.962218761444092
5.769922733306885 6.598730716814891 2.3907322883605957 2.4671030044555664
4.789205074310303 6.383417251673109 2.736788272857666 3.6111042499542236
2.276963233947754 3.765670338120014 3.018477439880371 4.904317855834961
2.557651996612549 3.5615868847394268 3.1436073780059814 5.747974872589111
6.704882621765137 7.822766537880625 2.6274189949035645 2.7202444076538086
5.183318138122559 7.39796526733101 3.072568655014038 4.170613765716553
4.156464099884033 7.2643112907423415 3.4331588745117188 5.803987979888916
3.069857120513916 6.805592552651561 3.584285020828247 6.850275993347168
5.321314811706543 5.976394636722034 2.7910497188568115 2.882172107696533
3.700122117996216 5.334475392624881 3.0901026725769043 4.033995151519775
3.472900152206421 5.604522379830826 3.253122329711914 5.223392486572266
2.6857848167419434 5.167602857052913 3.2989859580993652 5.98974084854126
6.314522743225098 7.23105703920578 2.971250295639038 3.0831241607666016
4.8316731452941895 7.404568801577739 3.367908477783203 4.569441318511963
4.054576873779297 6.580885932909382 3.619217872619629 6.122118949890137
3.093790054321289 5.387708314479781 3.701939582824707 7.09803581237793
7.5267462730407715 8.645336778224646 3.3074052333831787 3.450162649154663
5.100181579589844 7.472618621600219 3.848201274871826 5.428488731384277
3.801452875137329 4.569588289940839 4.204657077789307 7.463315486907959
3.4063971042633057 5.434654110015998 4.314593315124512 8.70494556427002
5.197161674499512 5.83600169335228 2.9420902729034424 3.1977641582489014
3.0880794525146484 4.008528557295676 3.5817830562591553 4.814944267272949
2.6628291606903076 3.626786399787335 3.6805367469787598 6.04149866104126
1.9076834917068481 3.1060792474398795 3.6661360263824463 6.827134132385254
5.455381393432617 6.368971340944881 3.204447031021118 3.5135080814361572
4.69203519821167 6.5705880865428306 3.9255244731903076 5.50154972076416
3.8156588077545166 5.811295920772636 4.123274326324463 7.168299674987793
3.444836378097534 4.879117251421121 4.150280475616455 8.206151962280273
7.543086051940918 8.68506222913527 3.6715784072875977 4.058684825897217
4.86616325378418 6.24821101089854 4.535911560058594 6.647379398345947
3.9261181354522705 6.124696658017378 4.852638244628906 8.89652156829834
3.738898277282715 6.052202107233663 4.9056196212768555 10.248462677001953
3.9829959869384766 4.6892322984724615 1.6952104568481445 1.7664397954940796
3.629373788833618 6.423320967685214 2.0026895999908447 2.6096932888031006
2.8115158081054688 5.091330208166255 2.2830870151519775 3.5104362964630127
2.7253775596618652 4.882405469563196 2.43528413772583 4.104465007781982
4.282037734985352 5.278113621673796 1.7754755020141602 1.8492085933685303
3.4454314708709717 5.785443050686297 2.128197431564331 2.827876091003418
3.2805821895599365 5.984103161840267 2.455888271331787 3.9022819995880127
2.305677652359009 4.297839084669704 2.632322072982788 4.606778144836426
5.061880588531494 6.1881523257289786 1.8833130598068237 1.962925672531128
4.162473201751709 6.298053976957412 2.2985947132110596 3.1213185787200928
3.570157766342163 6.263400090096411 2.6919686794281006 4.4250617027282715
3.4034245014190674 6.924043600020006 2.9010531902313232 5.276682376861572
4.5532002449035645 5.444155035553038 2.091153144836426 2.209944725036621
3.616750478744507 6.320422793961825 2.479580879211426 3.3179469108581543
3.564361572265625 6.842780586383697 2.795198440551758 4.47084903717041
2.420332193374634 3.8251631851168852 2.9472053050994873 5.205193996429443
5.181370258331299 6.261208400341076 2.1967661380767822 2.318533420562744
4.582409381866455 7.797667674166121 2.668384552001953 3.667426109313965
3.432945966720581 6.267261367748696 3.0658679008483887 5.112102031707764
2.7229020595550537 4.991330305774341 3.2576112747192383 6.023728847503662
6.125431060791016 7.292794413039587 2.3445167541503906 2.47514009475708
5.093244552612305 8.08049837691469 2.9336841106414795 4.154083251953125
4.295356273651123 7.197591173069696 3.445100784301758 5.995601654052734
3.2754597663879395 6.175710334122414 3.6885645389556885 7.148204326629639
4.8452067375183105 5.7610550166640095 2.5894241333007812 2.76240611076355
3.6677000522613525 5.266421406080813 3.0238146781921387 4.152912139892578
2.978346824645996 4.70201056356791 3.31758189201355 5.49292516708374
2.221997022628784 4.479764182208573 3.440739870071411 6.307687759399414
5.647826194763184 6.72525235885081 2.716521978378296 2.909027338027954
4.14423942565918 6.1808551457820045 3.271362543106079 4.658415794372559
2.7114946842193604 4.860068183309157 3.682695150375366 6.401167392730713
3.11138916015625 5.043126985832604 3.86171817779541 7.452033519744873
6.758091449737549 7.984910356955169 2.9031476974487305 3.123375415802002
5.258711814880371 7.197701259077576 3.6369752883911133 5.381773948669434
4.672550678253174 7.417415259737254 4.211491584777832 7.685236930847168
3.4788155555725098 6.255482937775639 4.457928657531738 9.063514709472656
4.208987712860107 4.999810945020776 2.6491994857788086 2.959433078765869
2.9341881275177 4.6534415890348555 3.5557987689971924 4.983139991760254
3.0854756832122803 5.3153020569811815 3.771048069000244 6.401739120483398
2.3491199016571045 3.9920698711588507 3.842160224914551 7.232439994812012
5.786792755126953 6.815948363635181 2.8347957134246826 3.1772098541259766
3.85176420211792 5.83012931654585 3.8568403720855713 5.652007102966309
3.3595433235168457 5.708423903368886 4.208897590637207 7.5493574142456055
2.61958646774292 4.043300249941929 4.3510613441467285 8.648462295532227
6.55314826965332 7.812403121143451 3.1133954524993896 3.5038814544677734
5.20596981048584 7.8638128055542325 4.317868709564209 6.615787506103516
4.408337593078613 6.777789394940417 4.863308906555176 9.192883491516113
4.010411739349365 5.847487138585848 5.084963321685791 10.681944847106934
4.964382648468018 5.652708197799484 1.6836740970611572 1.7384757995605469
3.811241865158081 6.087357271356495 2.0206081867218018 2.6690783500671387
3.7575082778930664 5.7665027955656925 2.3445076942443848 3.6857943534851074
3.484696865081787 4.7552931933440945 2.5151407718658447 4.326004981994629
5.380837440490723 6.355182636535346 1.7831132411956787 1.846667766571045
4.803579807281494 6.809020666327342 2.1660821437835693 2.9131369590759277
3.294595241546631 5.26714859401342 2.534215211868286 4.104916572570801
3.54606294631958 5.980148955121216 2.7275195121765137 4.865239143371582
6.021317481994629 7.21702015618402 1.9363065958023071 2.011580467224121
4.873985767364502 6.979635683117607 2.382256031036377 3.270203113555908
3.8088929653167725 6.272910432416313 2.8042402267456055 4.697368144989014
3.6544082164764404 6.404182752943186 3.020533800125122 5.612605571746826
5.86583137512207 6.71524509836911 2.1321327686309814 2.192209005355835
3.553173303604126 4.321763634106645 2.5675618648529053 3.449129819869995
3.208078145980835 4.907439629540676 2.944061279296875 4.791609764099121
3.0845963954925537 5.227372616539469 3.1154935359954834 5.6057448387146
6.466573715209961 7.552095878532896 2.2764315605163574 2.3547885417938232
5.088372230529785 6.525853085611345 2.801386594772339 3.8697352409362793
3.850335121154785 6.228223170309775 3.2559003829956055 5.525623798370361
2.977458953857422 4.901790790337145 3.4647104740142822 6.543914318084717
7.312830448150635 8.743188982426883 2.522956132888794 2.6270265579223633
4.201590538024902 7.109227413449826 3.172658920288086 4.520538806915283
3.9402847290039062 6.978619612705725 3.716715097427368 6.598121166229248
3.169084072113037 6.073737454011432 3.9580390453338623 7.874359130859375
6.3814849853515625 7.281110563867571 2.7819149494171143 2.8373286724090576
5.385331630706787 7.738241184323179 3.250861167907715 4.45598030090332
3.1539924144744873 5.180624557763064 3.606450080871582 6.052974700927734
2.4864320755004883 3.6773040462838935 3.740216016769409 6.972512245178223
7.184605598449707 8.312010248857527 2.9649624824523926 3.0577707290649414
5.46394681930542 8.148389999493162 3.574702024459839 5.085517406463623
4.279959678649902 6.640332161998913 4.042702674865723 7.136534214019775
3.1797935962677 5.347544952635204 4.2267279624938965 8.338862419128418
8.140817642211914 9.6263293127422 3.3130733966827393 3.4582016468048096
5.834904193878174 9.190547048430371 4.121340751647949 6.1027398109436035
4.885674476623535 7.139694267240429 4.707806587219238 8.749510765075684
3.65466570854187 5.233161221682207 4.926301956176758 10.296092987060547
6.361756324768066 7.260431068774096 3.0393738746643066 3.173800468444824
4.722887992858887 6.613114628292351 3.9071707725524902 5.565316677093506
3.857412338256836 6.598085663922461 4.190609455108643 7.221775531768799
2.787400245666504 3.6270111432759222 4.267322540283203 8.162484169006348
7.021605491638184 7.438772235806937 3.339087963104248 3.5282604694366455
5.07200288772583 8.252204085563221 4.311543941497803 6.386292457580566
3.66815185546875 5.60024447797025 4.726738929748535 8.601581573486328
3.4969146251678467 4.787867979657463 4.863002300262451 9.880833625793457
7.630141258239746 9.02813674301192 3.872006416320801 4.166810035705566
6.478572368621826 9.604065026986106 5.015334129333496 7.755486011505127
4.260811805725098 6.561231736803563 5.5634260177612305 10.67838191986084
3.45049786567688 5.498722800639754 5.730353832244873 12.351381301879883
5.326107025146484 6.007898514004637 1.8898004293441772 1.9462672472000122
4.358946323394775 6.793540552464435 2.217560291290283 2.9718310832977295
3.7624504566192627 6.863986487475418 2.54289174079895 4.208705902099609
2.5430662631988525 4.913719153733421 2.7247025966644287 5.016746997833252
5.798816680908203 6.796960192526283 2.0213847160339355 2.0883982181549072
3.546335220336914 6.246834176787161 2.4291458129882812 3.330183744430542
3.495544195175171 5.639325969209834 2.82734751701355 4.834978103637695
2.750744581222534 4.748242895817384 3.042375326156616 5.81976318359375
6.745480537414551 8.128723777849217 2.217535972595215 2.3014543056488037
5.352251052856445 8.539597753309522 2.7411739826202393 3.871511220932007
4.907397747039795 8.210933339093206 3.2432689666748047 5.780957221984863
3.253359079360962 6.141258628705799 3.504546880722046 7.025688171386719
6.653642177581787 7.513996872227153 2.468327522277832 2.5546700954437256
5.049661636352539 7.006864171201528 2.9254696369171143 4.074920177459717
2.4926321506500244 4.547949507460544 3.289475917816162 5.789795398712158
2.18574857711792 4.036958251998669 3.4584524631500244 6.84814453125
7.347990989685059 8.503861650953638 2.672511339187622 2.777440309524536
4.769987106323242 7.399625864381051 3.296109914779663 4.752501487731934
4.031497001647949 5.614732477920597 3.7896502017974854 6.973674774169922
3.3518331050872803 5.5513087819639395 4.006457328796387 8.334921836853027
8.49536418914795 10.194821222270548 2.9931302070617676 3.1342639923095703
7.135110855102539 9.42918606687904 3.873025417327881 5.833834648132324
3.870373010635376 7.2267084236839025 4.558576583862305 8.849339485168457
3.385603904724121 5.892443667639457 4.844070911407471 10.670003890991211
6.764861583709717 7.652188001361992 3.2502264976501465 3.414158344268799
5.108341693878174 7.610542385877579 3.8145782947540283 5.523913383483887
3.9126501083374023 5.175202562176791 4.118826866149902 7.598756790161133
2.424473524093628 4.136704622229316 4.2134175300598145 8.77987289428711
8.010810852050781 9.192287929123268 3.525679111480713 3.730984687805176
4.362541198730469 4.909794131424235 4.389761447906494 6.644206523895264
4.394466876983643 6.369946654413468 4.873871803283691 9.462791442871094
2.9708938598632812 5.787222477889372 5.01912784576416 11.046821594238281
9.744986534118652 11.61587455948029 3.9948031902313232 4.274117469787598
6.55922794342041 10.776186758994978 5.32655668258667 8.497052192687988
5.010406494140625 7.74537490536818 6.074603080749512 12.492231369018555
4.339593410491943 6.57248945428708 6.289601802825928 14.690699577331543
5.216986656188965 5.647727097988081 3.710512638092041 4.1615471839904785
4.365070819854736 6.543506132827012 4.8226118087768555 7.248318195343018
2.828997850418091 3.716806398484465 4.8910112380981445 9.320600509643555
2.654461145401001 4.244482523795723 4.862297058105469 10.456191062927246
5.551349639892578 5.715634415442619 4.142724514007568 4.69295072555542
5.451812744140625 7.543959539571116 5.60684871673584 8.910985946655273
4.568613529205322 7.221573313581352 5.89075231552124 11.8466796875
3.97579026222229 5.5746235431304125 5.898315906524658 13.417579650878906
7.072774887084961 7.701123578859779 4.856998443603516 5.586524963378906
5.6523308753967285 8.651227862362383 6.940760135650635 11.684783935546875
5.6364264488220215 8.515769507188871 7.507850646972656 15.97528076171875
3.6772642135620117 6.068244576112306 7.559454917907715 18.215974807739258
5.652013301849365 6.887622238688891 1.893859624862671 1.9789302349090576
4.411134719848633 6.496205657772634 2.367978096008301 3.2335832118988037
3.8164827823638916 6.541837952046308 2.7973814010620117 4.650671482086182
3.0610923767089844 5.084389113593666 3.0327131748199463 5.661070823669434
6.209778308868408 7.666703723497264 2.0516135692596436 2.1508238315582275
5.284469127655029 8.620749854998534 2.608888864517212 3.681648015975952
3.0735645294189453 6.172452349942718 3.1165390014648438 5.47334098815918
3.490492820739746 6.168480298771627 3.391223192214966 6.749546051025391
7.223762035369873 9.188919815123768 2.298677444458008 2.418787717819214
6.123957633972168 9.638750777339212 2.984086751937866 4.365177631378174
4.891238689422607 8.730707401889049 3.6121017932891846 6.702573299407959
3.0516672134399414 5.510563399312787 3.9452056884765625 8.35258674621582
7.163392543792725 8.700729085007907 2.3416614532470703 2.4625072479248047
4.7931647300720215 8.211967548214204 3.0072829723358154 4.25935173034668
2.916961669921875 3.9057315817455986 3.579787254333496 6.288600921630859
3.393825054168701 6.0721697420913685 3.868479013442993 7.705942153930664
7.959433555603027 9.799869863183932 2.5957555770874023 2.746243476867676
4.518806457519531 7.764714697978661 3.423909902572632 5.076517105102539
3.8041224479675293 6.762174164890666 4.138669013977051 7.788087844848633
2.9597294330596924 4.312859403900973 4.48975133895874 9.657004356384277
9.242979049682617 11.464991505198363 3.0254836082458496 3.2212681770324707
6.719717025756836 9.901644918495897 4.11987829208374 6.420703411102295
3.9193785190582275 7.620283268373079 5.060173034667969 10.183881759643555
3.9091107845306396 6.801310351190182 5.50309944152832 12.706798553466797
7.821201324462891 9.57946215893844 2.9501869678497314 3.121727228164673
5.668752193450928 9.408158459469178 3.7649741172790527 5.484264850616455
3.2372772693634033 4.7911316995398465 4.403243064880371 8.039376258850098
3.151360034942627 5.673497306228938 4.696231842041016 9.77930736541748
8.96792984008789 10.985206311512558 3.3000717163085938 3.5254387855529785
5.7044267654418945 7.918581550054757 4.3823018074035645 6.750161170959473
3.3615925312042236 6.053658909383117 5.231249809265137 10.316286087036133
3.1103503704071045 5.080227707091353 5.604292869567871 12.6732816696167
10.776679992675781 13.152401877747408 3.9393868446350098 4.250882625579834
7.269591808319092 11.271197655023421 5.472598552703857 8.947918891906738
4.605791091918945 7.81298507370909 6.652708053588867 14.100374221801758
4.710619926452637 8.02566068881788 7.1349029541015625 17.336538314819336
5.7360405921936035 6.740414313429552 3.2044200897216797 3.7820279598236084
4.086212635040283 6.63893435341039 4.728169918060303 7.040530204772949
2.349008083343506 3.234846875000585 5.14990758895874 9.62861156463623
1.9412541389465332 3.8340936968907045 5.387393474578857 11.521788597106934
6.250572204589844 7.5430078804187595 3.643156051635742 4.3697662353515625
4.194113254547119 6.245646267052873 5.5072150230407715 8.733820915222168
4.493704319000244 6.305198340863629 6.21834135055542 12.603065490722656
3.12615966796875 4.926094084822987 6.544552326202393 15.222661972045898
8.477307319641113 10.39475965805979 4.43676233291626 5.431283473968506
7.295709609985352 11.117736860496858 6.95387077331543 11.75926399230957
5.50435733795166 8.238129982287205 8.092402458190918 17.633941650390625
3.867776870727539 6.38248231059498 8.525931358337402 21.25235939025879
4.402174949645996 5.392195753044859 1.886746883392334 1.9466454982757568
3.9820683002471924 6.9037549299774525 2.235832691192627 2.9858951568603516
3.3063151836395264 5.934735903646086 2.581866502761841 4.249351501464844
2.370858669281006 4.4346274468402385 2.773314952850342 5.126489639282227
5.191617012023926 6.3520274122896545 2.0275025367736816 2.0971457958221436
4.7733564376831055 7.386613817086535 2.4564900398254395 3.34586501121521
3.2092320919036865 6.868924473121682 2.8764808177948 4.8896284103393555
3.075906753540039 5.635628592357818 3.0998895168304443 5.962743759155273
6.373612403869629 7.850232911102012 2.2387545108795166 2.3220231533050537
6.04070520401001 9.597123207180688 2.78450870513916 3.882964611053467
4.236049175262451 6.8730998533523895 3.310100555419922 5.837996006011963
3.2123796939849854 4.958581869139005 3.5772464275360107 7.186838150024414
5.444937705993652 6.648975819966267 2.430222988128662 2.506897449493408
4.126556873321533 6.651926651714234 2.9192566871643066 4.038563251495361
2.49715518951416 5.363684998709232 3.3384006023406982 5.832512378692627
2.3858234882354736 4.5657817369943245 3.5349671840667725 7.019566535949707
6.560192108154297 7.9391480636386405 2.644474983215332 2.7419791221618652
4.818482875823975 7.811947624783556 3.2965855598449707 4.707056045532227
3.6733503341674805 5.199095055261381 3.848994255065918 7.026587009429932
3.306520462036133 6.49507525157378 4.093536376953125 8.545878410339355
8.160232543945312 9.957319834502243 2.984680652618408 3.11403226852417
5.707807540893555 9.139744555597133 3.887146472930908 5.7570481300354
3.877652406692505 7.6032949785324035 4.633570671081543 8.874125480651855
4.400146484375 7.136278144167335 4.941755294799805 10.862404823303223
6.015823841094971 7.343637315447669 3.1628544330596924 3.2739622592926025
3.762037754058838 5.996811920869732 3.799861431121826 5.423430442810059
3.500143527984619 5.714530616120214 4.198519229888916 7.672735691070557
2.576554298400879 5.095148191256726 4.333991050720215 9.053582191467285
7.486325740814209 9.029742845247767 3.4532642364501953 3.6020848751068115
4.891663551330566 8.131903271787728 4.371212005615234 6.51420259475708
3.620438575744629 6.5025871279479315 4.956511497497559 9.543452262878418
3.113065242767334 6.1285826505964 5.147397994995117 11.362715721130371
9.56806468963623 11.49528529314938 3.941511392593384 4.154728889465332
6.001686096191406 8.488917055528814 5.302732944488525 8.289372444152832
4.304054260253906 6.370183490720947 6.1605329513549805 12.505705833435059
3.9586379528045654 7.052519008932279 6.415072917938232 14.9310941696167
5.179622650146484 5.855880147921766 3.4442245960235596 3.8074493408203125
4.077526569366455 7.3122595768445535 4.864437103271484 7.2339863777160645
3.375335216522217 6.46405305216561 5.046060085296631 9.495577812194824
2.818441152572632 5.161302721792481 5.043140411376953 10.870607376098633
5.82177734375 6.459566825858531 3.8794033527374268 4.33803129196167
5.438907623291016 8.162063874792409 5.663308143615723 8.849327087402344
3.4179365634918213 5.444566108193612 6.031833171844482 12.024826049804688
3.1916301250457764 5.677544532776665 6.080749034881592 13.881093978881836
7.135859966278076 7.699351594249663 4.620183944702148 5.242704391479492
6.32539701461792 8.58646567205395 6.982285976409912 11.496681213378906
4.72600793838501 6.515863208219798 7.632062911987305 16.056734085083008
4.042192459106445 6.092484865755807 7.723977565765381 18.56203269958496
4.732465744018555 5.611370896580347 2.058574676513672 2.1390132904052734
3.7539262771606445 6.063794031529269 2.476595163345337 3.331301689147949
3.6576285362243652 6.4358382164114545 2.827659845352173 4.685163497924805
2.439586639404297 4.392174153557335 2.9903745651245117 5.6063642501831055
5.623790264129639 6.752092382956334 2.2324275970458984 2.326176881790161
4.91876220703125 8.394733191929845 2.7542271614074707 3.798377275466919
3.3673574924468994 6.323953434417035 3.190385341644287 5.496362686157227
2.855013847351074 3.967233393039237 3.3819692134857178 6.635343074798584
6.7499237060546875 8.214758356790753 2.4983530044555664 2.613372325897217
5.6972479820251465 8.739502890600761 3.176521062850952 4.515405178070068
4.286985397338867 8.46156893234129 3.733231544494629 6.7078962326049805
4.429421424865723 7.376087003112332 3.9599030017852783 8.142619132995605
5.7653632164001465 6.810924922438971 2.7763309478759766 2.8978958129882812
4.667758941650391 6.897585349873793 3.3995378017425537 4.74428653717041
2.6935484409332275 4.770112231676848 3.8179216384887695 6.713306427001953
2.729130506515503 5.7158023765522294 3.9456582069396973 7.933893203735352
6.8878560066223145 8.235766116220391 3.0520081520080566 3.2062461376190186
5.406649112701416 8.71067552741306 3.908601999282837 5.668824672698975
3.852393627166748 7.215618214788353 4.488096714019775 8.306551933288574
3.421103000640869 5.673665770356195 4.653929710388184 9.892169952392578
8.520269393920898 10.337763175567034 3.504382371902466 3.711550712585449
6.273132801055908 10.052075797719887 4.732231140136719 7.174768924713135
4.991213321685791 8.180790020630184 5.540872573852539 10.782922744750977
4.420818328857422 6.305383925618173 5.746277809143066 12.85726261138916
6.358477592468262 7.44236494062352 3.5767714977264404 3.7614142894744873
3.565175771713257 4.632323462907152 4.555645942687988 6.589776515960693
3.7884209156036377 5.869343760573429 4.972288131713867 9.134566307067871
2.750180721282959 4.492287313058483 4.986132621765137 10.515847206115723
7.8356242179870605 9.235976151435118 3.9649343490600586 4.2170610427856445
4.441535949707031 7.278265458947317 5.361158847808838 8.144328117370605
4.43678092956543 6.960327199474829 6.006903648376465 11.686697959899902
2.6916017532348633 5.3725687972638205 6.054094314575195 13.545689582824707
9.657747268676758 11.568805902674171 4.6435418128967285 5.016833782196045
7.371766567230225 10.264583457382173 6.706252574920654 10.744427680969238
5.277627468109131 8.887951727772148 7.674881935119629 15.69432258605957
4.554728031158447 7.858736175189392 7.74201774597168 18.173471450805664
4.948625087738037 5.291282444565937 4.085615634918213 4.5754852294921875
4.496647357940674 7.718133519707976 5.655123233795166 8.533267974853516
3.8855526447296143 7.2646411028945295 6.066534042358398 11.454188346862793
2.5969057083129883 3.4914555284149174 5.9153265953063965 12.827024459838867
5.5141282081604 6.215097553436863 4.668543338775635 5.3144145011901855
4.856167316436768 7.93592900514984 6.777183532714844 10.7678804397583
3.9292550086975098 6.061731319967748 7.436768054962158 14.88296127319336
3.347442865371704 4.710368005121097 7.301701545715332 16.799440383911133
7.877452373504639 8.974881283851573 5.7038774490356445 6.629523277282715
7.098921775817871 11.505007499263854 8.65967845916748 14.519631385803223
4.067004203796387 7.217457972601137 9.655784606933594 20.25165367126465
4.326494216918945 7.552616887177322 9.515475273132324 22.84191131591797
5.4071245193481445 6.320411875825329 1.8354735374450684 1.9031425714492798
3.4727823734283447 5.15256851214599 2.171660900115967 2.952728509902954
3.4954867362976074 6.532890290695178 2.4543421268463135 4.070994853973389
2.2000229358673096 4.2930990976165475 2.59576678276062 4.800232410430908
6.062305927276611 7.186853663237912 1.9688125848770142 2.047917366027832
3.837949752807617 5.748584470669748 2.3723881244659424 3.2984559535980225
3.7561895847320557 6.94575201800734 2.7118372917175293 4.66032600402832
2.9537453651428223 5.163567700523883 2.878504753112793 5.543149948120117
7.074667453765869 8.765164233553833 2.181009292602539 2.2764594554901123
5.895486354827881 9.505560998381497 2.682525634765625 3.825624942779541
3.3748607635498047 4.3978235902612255 3.09666109085083 5.531842231750488
3.5409412384033203 7.23729389525495 3.291956901550293 6.618824005126953
6.7583088874816895 7.845446609909892 2.3816702365875244 2.471914768218994
5.036090850830078 8.195953599604845 2.8007912635803223 3.9274606704711914
3.4626305103302 6.135882818945499 3.090294599533081 5.424332618713379
2.7122201919555664 4.352623589181178 3.211970806121826 6.357141971588135
7.553002834320068 8.880102275425173 2.59800386428833 2.7105114459991455
5.078831672668457 8.256125178950288 3.156379222869873 4.57452917098999
3.3527066707611084 6.4382617121119665 3.540782928466797 6.514915466308594
3.431824207305908 6.478983418876851 3.6947779655456543 7.702408313751221
8.872014999389648 10.820941108645343 2.9753265380859375 3.12540864944458
5.880784511566162 9.217508366947579 3.748335599899292 5.644345760345459
3.862941265106201 6.269978813910086 4.2568182945251465 8.238897323608398
3.113807201385498 6.316051782244417 4.440689563751221 9.767759323120117
6.925130367279053 8.060620926084823 3.1877622604370117 3.3177247047424316
4.774969577789307 7.43146836458132 3.6144983768463135 5.210879325866699
3.4833316802978516 5.970636026826696 3.783193588256836 6.925673484802246
2.5088064670562744 3.9536260469058107 3.827913761138916 7.957831859588623
8.153973579406738 9.599909005123987 3.4969499111175537 3.6738204956054688
5.681180953979492 9.143609929684938 4.166948318481445 6.26811408996582
4.563807964324951 6.5578479138533226 4.461349964141846 8.625497817993164
3.840874671936035 6.777166523898529 4.531730651855469 9.98694133758545
9.904339790344238 11.880230676246299 4.0862956047058105 4.343860149383545
5.108023643493652 7.09844539293897 5.141651630401611 8.11205768585205
4.817870616912842 7.318249861089043 5.586639881134033 11.42215347290039
4.095935821533203 6.753588418934669 5.662323951721191 13.209675788879395
5.658904552459717 6.5716711808528245 3.564992904663086 4.008819103240967
4.750188827514648 7.292309323996724 4.577322483062744 6.818966865539551
3.8169994354248047 6.702437277793793 4.43068265914917 8.3400297164917
2.643237829208374 4.9073563484018905 4.348641872406006 9.324170112609863
6.1728081703186035 6.572386239107573 4.054661750793457 4.514803409576416
4.986231327056885 6.693705036623214 5.337971210479736 8.33090591430664
3.356107234954834 5.121855111895343 5.325628757476807 10.631109237670898
3.3321316242218018 6.470832023788034 5.24953031539917 11.969500541687012
8.6373872756958 9.419274470158705 4.88352632522583 5.531148433685303
6.4792022705078125 10.45462707792285 6.718128681182861 11.060425758361816
5.100600242614746 8.093740670491453 6.847533702850342 14.475995063781738
3.772416353225708 5.9723594848838175 6.730470657348633 16.2366943359375
4.836150169372559 5.905566764888732 1.7428470849990845 1.8001797199249268
3.5073225498199463 5.393240468692255 2.0879533290863037 2.777679443359375
3.16982364654541 5.1165054963265675 2.4536080360412598 3.9643733501434326
2.874863862991333 5.36258317359642 2.6572694778442383 4.7727789878845215
5.375664234161377 6.666997336427932 1.8796565532684326 1.9463608264923096
3.7982475757598877 6.745671015509714 2.289700746536255 3.115767002105713
3.095790386199951 5.6199931735657955 2.7206220626831055 4.566695213317871
2.8549535274505615 4.951351656587349 2.954721212387085 5.56041955947876
6.363142967224121 8.12959663740196 2.1053948402404785 2.1874303817749023
4.956840991973877 7.46969450857152 2.616978168487549 3.6715309619903564
3.7577576637268066 7.561219557977807 3.1395578384399414 5.522744655609131
3.1595840454101562 5.559272084425288 3.4072248935699463 6.772719860076904
6.144525051116943 7.45865096907869 2.0561840534210205 2.1294775009155273
3.5237081050872803 5.432650344707952 2.5154519081115723 3.470625400543213
2.985610246658325 5.268118400397725 3.009584426879883 5.1530537605285645
2.841418981552124 5.309851027223374 3.2719316482543945 6.287477016448975
6.871682643890381 8.461569784483345 2.27010178565979 2.361380100250244
4.79220724105835 7.422427340775812 2.8536086082458496 4.066279411315918
3.7856037616729736 6.548930482443211 3.458653688430786 6.225467205047607
3.481452226638794 5.124755439710403 3.7697272300720215 7.6768622398376465
7.944190502166748 10.005480029342834 2.6668031215667725 2.7904155254364014
5.841655731201172 8.801494946394454 3.46817946434021 5.166937828063965
4.1098222732543945 7.223473412780493 4.230134963989258 8.082937240600586
2.5749900341033936 4.993341880853222 4.5835676193237305 9.971380233764648
6.586737155914307 8.047146722363763 2.4094736576080322 2.4918839931488037
4.70432710647583 8.024961139106836 2.9271156787872314 4.172770977020264
3.108419895172119 5.75693593757461 3.548839807510376 6.349552154541016
2.5271027088165283 3.812879752172508 3.8584935665130615 7.783987045288086
7.690282344818115 9.53957394751319 2.699453830718994 2.809744358062744
4.808660507202148 6.165774440742574 3.420191764831543 5.069779872894287
4.146595478057861 5.683572489531343 4.18751335144043 7.935412406921387
2.9549717903137207 6.361538248914519 4.561089992523193 9.813377380371094
9.196879386901855 11.53319192257868 3.3011648654937744 3.4724180698394775
5.413448333740234 8.316063406005526 4.413299560546875 6.9193830490112305
3.629080295562744 6.823879461242086 5.375817775726318 10.881332397460938
3.875417470932007 6.305872361051548 5.778064250946045 13.334932327270508
5.287095069885254 6.24737571830201 3.0598578453063965 3.303277015686035
4.79585075378418 7.783202210283314 3.3003056049346924 4.859816074371338
2.663282871246338 4.928645681285616 4.008248329162598 7.379249095916748
2.7351510524749756 4.911085416408923 4.336416721343994 9.022954940795898
6.884780406951904 8.045519536024708 3.437631845474243 3.7597222328186035
5.883309364318848 8.966001962794508 3.9513421058654785 6.057585716247559
3.9122421741485596 7.161283336636134 4.801090717315674 9.402524948120117
3.430532932281494 6.089614002834196 5.205092906951904 11.586692810058594
8.231487274169922 9.918144746805517 4.210899353027344 4.715584754943848
6.180881500244141 9.879764012653254 5.354904651641846 8.758708000183105
4.724398136138916 8.447348533109718 6.375302791595459 13.367002487182617
4.13724422454834 7.275327982946656 6.774393558502197 16.172508239746094
4.647348403930664 5.278111815743237 1.8084908723831177 1.8754454851150513
3.781672239303589 6.062133683773368 2.1971476078033447 2.949878454208374
3.253220319747925 6.2024068037982545 2.597111701965332 4.245802402496338
2.7051258087158203 5.3446524505360244 2.833590030670166 5.169189929962158
5.465588092803955 6.410241258165833 1.9376060962677002 2.0131473541259766
4.765536785125732 8.28285094062619 2.3995203971862793 3.2907588481903076
4.160579681396484 6.600346358547242 2.881101369857788 4.889986038208008
3.949556350708008 6.818974308582199 3.1638505458831787 6.03839635848999
6.4645867347717285 7.749698483596568 2.133645534515381 2.222111701965332
5.5803422927856445 8.895999209074603 2.707524538040161 3.810765504837036
4.844801902770996 8.264533978142467 3.3115899562835693 5.866269111633301
4.219009876251221 6.68723456363626 3.6616151332855225 7.344127178192139
6.011374473571777 6.737572307181551 2.186013698577881 2.277651309967041
4.856009483337402 7.2685098907648555 2.7326276302337646 3.8080523014068604
4.023484230041504 6.24884672679309 3.2857584953308105 5.6859259605407715
3.1792750358581543 5.89964160081985 3.595747709274292 7.0107293128967285
6.973773002624512 8.110424440843417 2.381298780441284 2.4880783557891846
4.654921531677246 7.49608483194779 3.0732192993164062 4.408357620239258
2.512599229812622 4.3353966097083685 3.777334690093994 6.85891056060791
3.7562174797058105 6.487410563256548 4.168666839599609 8.590291023254395
8.378873825073242 9.964934936185642 2.6986517906188965 2.831773042678833
6.515994548797607 9.343861646539573 3.6267993450164795 5.398797988891602
5.115969657897949 7.522165238430148 4.570191383361816 8.752769470214844
4.605800628662109 7.819236776313403 5.082085609436035 11.090145111083984
6.414193153381348 7.259043906723321 2.6666831970214844 2.828341484069824
4.2559099197387695 6.738117463418305 3.366305351257324 4.84316349029541
2.872622489929199 5.108981892673363 4.019377708435059 7.248837947845459
3.16379976272583 5.330104562658562 4.368083953857422 8.917223930358887
7.760839939117432 8.974288021332825 2.9247539043426514 3.1056389808654785
5.583531379699707 8.239693255423944 3.8654048442840576 5.746185779571533
4.639882564544678 7.382446012835125 4.742932319641113 9.031538009643555
3.3777153491973877 5.489887884800311 5.204736232757568 11.287727355957031
9.725522994995117 11.517222369174306 3.3768365383148193 3.5994315147399902
7.391576290130615 10.71099486488356 4.724151134490967 7.342154026031494
5.169942378997803 8.178700063326708 5.967304706573486 12.041878700256348
4.809725761413574 7.0038554033844775 6.5938334465026855 15.159503936767578
4.677058219909668 5.303757960624466 2.9969470500946045 3.480361223220825
4.450682640075684 7.228411548173426 4.461376667022705 6.807469844818115
2.8665707111358643 4.689193741910955 4.733105182647705 8.768232345581055
2.7668888568878174 4.392768727969234 5.037518501281738 10.568886756896973
4.8267645835876465 4.992895085470991 3.348919630050659 3.9246273040771484
5.5666022300720215 8.512023524726374 5.026172161102295 7.961369037628174
4.481666088104248 7.564601252494185 5.663692951202393 11.111105918884277
3.884701728820801 5.8177490243314764 6.1028151512146 13.634364128112793
7.431779861450195 8.13154063780729 3.963122606277466 4.713927745819092
6.32372522354126 8.923415025819455 6.134610652923584 10.113890647888184
5.172064781188965 8.900845223973874 7.291924953460693 15.17675495147705
5.467592239379883 8.341625439099516 7.918140888214111 18.719676971435547
4.616981029510498 5.696182255292683 2.0013272762298584 2.0733742713928223
3.7449448108673096 6.366412100873392 2.4311327934265137 3.338724136352539
3.100153684616089 4.917006040925571 2.800771951675415 4.723341464996338
2.9608824253082275 6.009101417731777 2.9786760807037354 5.61392068862915
5.470344543457031 6.8000247460467875 2.1456058025360107 2.2363121509552
4.150312900543213 7.1428838457754615 2.672503709793091 3.7876362800598145
3.182490587234497 5.884406989306683 3.1287105083465576 5.52133846282959
3.5846288204193115 6.681976940873422 3.341212034225464 6.6230549812316895
6.523491859436035 8.495429681659225 2.361785650253296 2.476853609085083
5.346029758453369 9.105560098457545 3.0390188694000244 4.465188980102539
4.693994998931885 7.510621854038163 3.623507499694824 6.714356422424316
4.040987014770508 6.742331063925832 3.8844947814941406 8.126696586608887
5.751163482666016 7.038825657013547 2.6423330307006836 2.7378222942352295
4.189515113830566 7.273143082034359 3.293727397918701 4.700161457061768
3.314666509628296 5.625486026041547 3.7462687492370605 6.697202205657959
2.426964044570923 4.143007477880474 3.914306402206421 7.887491226196289
6.788926601409912 8.461729709613905 2.8575074672698975 2.9946861267089844
4.962829113006592 7.32442649052382 3.7126080989837646 5.549914360046387
3.270533800125122 5.97927896840207 4.326371669769287 8.201275825500488
3.402796745300293 6.188975095014598 4.5498480796813965 9.758336067199707
8.26814079284668 10.728057735187914 3.204023599624634 3.3982908725738525
6.225299835205078 9.653342806999945 4.388173580169678 6.90142822265625
4.538820743560791 8.612093767845181 5.247507572174072 10.54355239868164
4.375294208526611 6.505087073433771 5.547335147857666 12.649678230285645
6.157949447631836 7.5048809968833865 3.4901435375213623 3.618151903152466
4.195378303527832 7.245595698552641 4.402754306793213 6.487149238586426
2.900508403778076 5.289192340814338 4.828040599822998 8.998213768005371
2.0612919330596924 4.0647401812258295 4.917270660400391 10.365869522094727
7.564519882202148 9.394045330668462 3.789384126663208 3.9952030181884766
5.436086177825928 8.851036338319602 5.035193920135498 7.8674774169921875
3.8176729679107666 5.573286309293621 5.696564674377441 11.342082977294922
3.3835530281066895 5.784148519087125 5.854896068572998 13.205707550048828
9.384357452392578 12.110079332277252 4.3011555671691895 4.619237899780273
5.003396034240723 7.210230773875125 6.107377052307129 10.131680488586426
4.895896911621094 7.59487568459755 7.119958400726318 15.04361343383789
4.629220485687256 8.211614235979596 7.363365173339844 17.63472557067871
4.59929084777832 4.858671429541232 4.105865955352783 4.564003944396973
3.7814748287200928 6.455067498844329 5.662511825561523 8.683917999267578
3.321808099746704 5.64829086110365 5.869566440582275 11.232987403869629
2.3448853492736816 3.73083092698198 5.8091511726379395 12.588896751403809
5.2999491691589355 6.164064403628261 4.2569708824157715 4.939048767089844
4.976097106933594 6.491194250103888 6.507320880889893 10.58413028717041
3.9028286933898926 7.164849817442757 6.998074531555176 14.366983413696289
2.262580156326294 3.8639669584056264 7.012228488922119 16.278182983398438
6.483667850494385 6.970712514822292 5.00112247467041 5.913705825805664
5.549323081970215 8.397088289954453 7.983827114105225 13.796272277832031
3.6350324153900146 6.219875171532408 8.879508972167969 19.305313110351562
4.140504837036133 5.435269458274206 8.966547966003418 22.00305938720703
4.541414260864258 5.338563329452825 2.1288933753967285 2.209380865097046
4.127492904663086 6.818000751050022 2.6102521419525146 3.6274266242980957
2.8282365798950195 5.688096923264538 3.0267891883850098 5.1707539558410645
2.2730166912078857 4.09336916194286 3.2435264587402344 6.228097915649414
5.1369547843933105 6.251477475021799 2.268519639968872 2.3666605949401855
4.482974052429199 7.6308288512020965 2.865889549255371 4.090429306030273
3.0158185958862305 6.237847080311084 3.386080741882324 6.008833885192871
3.536357879638672 4.874043230823284 3.656282901763916 7.320532321929932
6.135174751281738 7.839189933049852 2.4725515842437744 2.597743511199951
5.006091117858887 7.328547758013087 3.244945526123047 4.7862548828125
4.10811185836792 7.962427955204731 3.918994665145874 7.258607864379883
3.6797945499420166 6.7267395966940455 4.260906219482422 8.937548637390137
5.443299293518066 6.370230231357084 2.8129351139068604 2.9478561878204346
4.421572208404541 7.263072686200985 3.576106309890747 5.193237781524658
2.5202176570892334 4.719365466026375 4.123456001281738 7.480442047119141
3.2103545665740967 6.08660251148558 4.366201400756836 8.986811637878418
6.3019561767578125 7.595047278185838 3.023078441619873 3.1944830417633057
3.045938730239868 4.1982290350248235 4.028395652770996 6.065561294555664
3.593574047088623 6.100299487400434 4.76388692855835 9.067829132080078
3.752709150314331 6.748829151347763 5.094379901885986 11.022896766662598
7.505212783813477 9.738659071228312 3.34709095954895 3.577021360397339
6.262142658233643 9.306453854048327 4.733518600463867 7.4474053382873535
4.625630855560303 8.108562623259655 5.757866382598877 11.52656078338623
4.906668663024902 7.570232448338174 6.200568675994873 14.127140045166016
5.848711013793945 6.842727832906576 3.400017261505127 3.6869120597839355
3.8140978813171387 6.599739513023451 4.663958549499512 7.085975646972656
3.2080042362213135 5.458029933952275 5.3220391273498535 10.107054710388184
2.799222707748413 4.908014875759704 5.547262191772461 11.943049430847168
6.991650581359863 8.500771128837414 3.7112231254577637 4.090854167938232
5.630088806152344 9.524675708055563 5.367136478424072 8.501753807067871
4.011895656585693 7.20870043796918 6.289894104003906 12.582812309265137
3.645185708999634 5.814551762586234 6.625717639923096 15.01598072052002
8.58554744720459 11.214576021533277 4.207777976989746 4.720396518707275
6.830592632293701 10.160571966018324 6.502272129058838 10.804291725158691
4.718752861022949 7.981550618967674 7.842130184173584 16.46754264831543
3.519371509552002 7.1918222346091625 8.304139137268066 19.740863800048828
4.009478569030762 4.5292918275827105 4.185859203338623 4.713444709777832
3.6999998092651367 5.924587745663871 5.536737442016602 8.710640907287598
3.3818423748016357 5.607722098218673 6.362553596496582 12.459511756896973
2.388410806655884 4.3752342159925774 6.549081325531006 14.4862699508667
4.230474948883057 5.030889268805822 4.665926933288574 5.2852654457092285
4.143446445465088 4.8103287627633335 6.484686374664307 10.7313814163208
3.2612860202789307 5.287627541925232 7.629421234130859 15.738421440124512
2.924292802810669 4.798907394789012 7.931918621063232 18.471914291381836
7.201070308685303 8.398909830065232 5.391910552978516 5.06947135925293
6.426727294921875 9.203506791701066 8.047024726867676 14.037090301513672
5.667331218719482 9.168071660886426 9.702468872070312 20.908586502075195
4.404312610626221 6.684040404703126 10.117753982543945 24.564950942993164
4.496917724609375 5.483868915601128 1.847976803779602 1.9185960292816162
3.5063867568969727 5.532266506577912 2.2370173931121826 3.0422797203063965
3.3280832767486572 5.631261182892457 2.6123204231262207 4.377552509307861
3.1568186283111572 5.075734391491832 2.8035833835601807 5.291142463684082
5.276379585266113 6.546369476940299 1.979817509651184 2.0574491024017334
4.6231184005737305 8.290072393033824 2.4464669227600098 3.399007797241211
3.6006739139556885 5.644941121995089 2.8973968029022217 5.0292558670043945
3.5834314823150635 6.656455552673826 3.123704195022583 6.141808986663818
6.270706653594971 8.0016912273245 2.1820855140686035 2.2721550464630127
5.461589813232422 8.867203962373964 2.767509698867798 3.9407622814178467
3.8199846744537354 6.400658908825193 3.328552484512329 6.002416133880615
3.0161428451538086 5.336871608812125 3.6002771854400635 7.404486656188965
5.455935001373291 6.678089337490974 2.412485361099243 2.5296528339385986
4.212977409362793 6.183840347308546 2.96787428855896 4.2196526527404785
3.3938708305358887 6.224966551596651 3.4348058700561523 6.146039009094238
1.5171653032302856 2.423771776041356 3.6291980743408203 7.388088226318359
6.468106746673584 8.028589055714264 2.6157889366149902 2.7472453117370605
4.294458389282227 6.84591887704255 3.333914279937744 4.899745464324951
2.7078983783721924 5.507864528968014 3.93495774269104 7.381697177886963
2.0790646076202393 4.216581180063351 4.179147720336914 8.95704174041748
7.755563259124756 9.91732460279195 2.9511380195617676 3.111633539199829
5.654972076416016 7.80349504425476 3.930407762527466 5.99954891204834
4.560169219970703 7.072338762196068 4.731736660003662 9.321880340576172
3.5354726314544678 6.306333308932689 5.040200233459473 11.39810562133789
5.923602104187012 7.274553640682328 3.15824294090271 3.346910238265991
3.730426788330078 6.814612687551147 3.884084939956665 5.743115425109863
3.6594462394714355 5.5729895076351 4.357659816741943 8.195565223693848
2.593318462371826 5.0805199619333905 4.496976375579834 9.662245750427246
7.178440093994141 8.919047090977784 3.4402172565460205 3.669074296951294
5.580615997314453 9.150733206186715 4.444254398345947 6.875217914581299
3.4323294162750244 6.610069828884014 5.108548641204834 10.15227222442627
3.0826475620269775 5.771398922692697 5.300410747528076 12.049403190612793
8.79865837097168 11.177766786130846 3.9350199699401855 4.237787246704102
5.81480598449707 10.24722911688309 5.394224166870117 8.7655668258667
3.875582695007324 5.788268226175035 6.340583801269531 13.284687042236328
3.9603354930877686 5.859532441051442 6.598371982574463 15.826127052307129
4.831040859222412 5.358053790430848 3.4987683296203613 3.966693878173828
4.1436333656311035 6.9332471383045515 4.8352227210998535 7.353074073791504
3.138432025909424 4.50970178394482 5.204492092132568 10.097174644470215
1.8358418941497803 3.4206911437148575 5.247226238250732 11.648929595947266
5.3523335456848145 6.108321888969854 3.9194045066833496 4.495163917541504
5.463648796081543 9.032277756752734 5.601753234863281 8.979532241821289
3.0712616443634033 5.7408453520538885 6.188127517700195 12.745265007019043
2.8445286750793457 4.762647367125396 6.275105953216553 14.768393516540527
5.922818183898926 6.658969862173926 4.64623498916626 5.421462535858154
6.153905391693115 10.141697788964443 6.910460472106934 11.750528335571289
5.587322235107422 8.010848109871404 7.81929874420166 16.991369247436523
4.835361957550049 8.058499474570908 7.959355354309082 19.69643783569336
4.927177429199219 6.142770126592884 1.7975081205368042 1.8728018999099731
4.4234089851379395 8.309401021657948 2.2016079425811768 3.0496840476989746
3.130080223083496 6.058179156236029 2.5754055976867676 4.3732404708862305
1.9139106273651123 3.4864499103650815 2.7717323303222656 5.27925443649292
5.448302268981934 6.83617153815004 1.9335899353027344 2.021280527114868
3.9648444652557373 7.376177477385514 2.4156038761138916 3.4170496463775635
3.7226624488830566 4.4158673210052655 2.8698954582214355 5.031608581542969
3.2910282611846924 5.697964827077811 3.1043500900268555 6.133289337158203
6.2969865798950195 8.383733952339156 2.1410205364227295 2.247385025024414
5.124893665313721 8.26377623409769 2.7427990436553955 3.9836056232452393
4.851961135864258 9.229567912669154 3.3169877529144287 6.038382530212402
3.2402350902557373 6.154719067663791 3.6069843769073486 7.430704593658447
5.805041790008545 7.253638170436716 2.253833532333374 2.3446435928344727
4.454709529876709 8.461641932029124 2.807863473892212 4.001896381378174
3.181056499481201 5.907018164628653 3.2940633296966553 5.874691486358643
3.263552188873291 4.719322776498814 3.5224545001983643 7.119091987609863
6.704227447509766 8.483239768732062 2.4592530727386475 2.57334566116333
5.026007175445557 8.999804780755085 3.169217109680176 4.660632133483887
3.9814953804016113 7.141670737418053 3.8062241077423096 7.082911014556885
3.6178011894226074 6.73093145541128 4.099797248840332 8.67358684539795
7.768758296966553 10.259227433220488 2.7862656116485596 2.938068151473999
5.506064414978027 11.00963710411082 3.746783494949341 5.729837417602539
5.319326877593994 9.05449824198103 4.617558479309082 9.012369155883789
4.547780513763428 7.866992562163588 5.009400367736816 11.124027252197266
6.2653985023498535 7.928500368937307 2.9330217838287354 3.0491251945495605
4.363149166107178 8.510900022225997 3.611276149749756 5.247298240661621
2.837599754333496 5.386476138251169 4.121036529541016 7.599381446838379
2.56784987449646 5.102606201434256 4.322450637817383 9.088418960571289
7.282986164093018 9.299807695536344 3.209571361541748 3.3581440448760986
4.318958282470703 7.265822020492635 4.1511549949646 6.286586284637451
4.662484645843506 7.682418806816475 4.88322114944458 9.456748962402344
3.719071626663208 6.348024245158257 5.169813632965088 11.423401832580566
8.798970222473145 11.665095070774306 3.6596109867095947 3.8721675872802734
6.738155841827393 11.867246751411585 5.033291816711426 8.014503479003906
5.33655309677124 8.990492869584784 6.116570949554443 12.476646423339844
4.749730110168457 7.047795776487888 6.5319294929504395 15.157548904418945
4.492033958435059 5.464982804100373 3.1542816162109375 3.5721569061279297
4.6288065910339355 8.284509003617359 4.6887688636779785 7.045464515686035
2.2499330043792725 4.462167366094263 4.953278064727783 9.340985298156738
2.2817249298095703 4.229583007428289 5.046489715576172 10.866544723510742
5.828177452087402 6.940293641622077 3.5283234119415283 4.034272193908691
5.126308917999268 8.900882281052418 5.425412654876709 8.507953643798828
5.087711811065674 6.920258440380479 5.956441879272461 11.825968742370605
3.593447208404541 6.474063891469996 6.135667324066162 13.891115188598633
7.319588661193848 8.158891483260277 4.149311542510986 4.82183313369751
6.339130878448486 9.857437098780188 6.640552520751953 10.968783378601074
5.159389972686768 7.243624825218376 7.5824503898620605 15.850820541381836
4.228872776031494 6.369076259686722 7.896241664886475 18.73036766052246
4.588962078094482 5.528952780231499 1.9352325201034546 2.0156378746032715
3.779540538787842 6.524568000329737 2.353306770324707 3.2722697257995605
2.9599223136901855 6.332797009015394 2.7138445377349854 4.719316482543945
1.120303750038147 2.551122024184451 2.8976948261260986 5.698408126831055
5.396878242492676 6.689374484428194 2.073049545288086 2.1712350845336914
4.543149471282959 8.244603124454443 2.5875046253204346 3.7146599292755127
2.956129789352417 5.1324283952154985 3.0310769081115723 5.5181474685668945
2.2736616134643555 5.030263234193114 3.2512831687927246 6.719764232635498
6.567212104797363 8.400591475292979 2.280620813369751 2.4030299186706543
4.7645721435546875 8.519681952393398 2.9333367347717285 4.365452289581299
4.639746189117432 8.250024818697433 3.4940054416656494 6.684027194976807
3.6993696689605713 6.831480262368366 3.7644474506378174 8.207768440246582
5.722488880157471 6.833235949748087 2.534754991531372 2.6511287689208984
4.780030727386475 8.074413167602188 3.138216495513916 4.560060977935791
3.4345409870147705 6.596390216407258 3.5786590576171875 6.639786720275879
2.832855224609375 5.155829189303404 3.7645888328552246 7.966799259185791
6.769350528717041 8.261982387688676 2.7386209964752197 2.8924169540405273
5.175774097442627 7.958560370161948 3.5418338775634766 5.383930683135986
3.18558931350708 6.234685998057495 4.135310649871826 8.120579719543457
2.8298046588897705 5.990602538979346 4.379004955291748 9.826197624206543
8.246018409729004 10.29032104392354 3.0719614028930664 3.2808096408843994
6.270976543426514 9.968424226208299 4.173939228057861 6.665231704711914
4.899331569671631 7.740580498262716 4.986082077026367 10.369738578796387
3.901779890060425 5.354336453713842 5.309017658233643 12.620165824890137
6.115926265716553 7.319897783464199 3.374277114868164 3.559403896331787
4.378665924072266 6.637079449308544 4.161163806915283 6.275827884674072
3.164503812789917 5.6033624669710775 4.552114486694336 8.848371505737305
2.19045090675354 4.290438526516027 4.672308921813965 10.387149810791016
7.47001314163208 9.085647467702984 3.665663003921509 3.9193241596221924
4.857804298400879 7.99427718040678 4.781590461730957 7.619383811950684
3.4219255447387695 5.255559571780907 5.381960868835449 11.123977661132812
3.9670708179473877 6.587903242530558 5.573331356048584 13.165183067321777
9.259573936462402 11.415901308203882 4.164435386657715 4.526926517486572
5.986029624938965 9.659980717428006 5.787708759307861 9.75786018371582
4.70903205871582 7.3496568697034945 6.688705921173096 14.649903297424316
4.211565017700195 6.362414171772457 6.973698616027832 17.40936279296875
3.898015022277832 4.159105859101146 3.9534518718719482 4.486279487609863
4.981029033660889 8.034868687165272 5.288975715637207 8.179039001464844
3.2979652881622314 5.8408939936270485 5.463298797607422 10.933796882629395
1.8808610439300537 3.9955151371646025 5.458611965179443 12.492915153503418
5.497100353240967 5.93905206848747 4.421338081359863 5.109597682952881
4.83193302154541 7.790109355588356 6.1638031005859375 10.184894561767578
4.578983783721924 8.170152530082305 6.546514987945557 13.94935131072998
3.298214912414551 6.007678278254389 6.60940408706665 16.05328369140625
7.53816556930542 8.786384854265634 5.200938701629639 6.147441387176514
7.009939670562744 10.815168744159564 7.594052791595459 13.333168029785156
5.142448902130127 7.935858645567507 8.271516799926758 18.62429428100586
4.112552642822266 7.574062977869289 8.42121410369873 21.5271053314209
5.236471176147461 6.2596647266795316 1.9297261238098145 2.002225160598755
3.4376697540283203 6.117392603764301 2.3705623149871826 3.20885968208313
2.7452969551086426 5.0677873075067055 2.828903913497925 4.655663013458252
2.4263362884521484 4.570908586796122 3.0898382663726807 5.666120529174805
5.731848239898682 7.121417949363149 2.091742515563965 2.177982807159424
4.677801609039307 8.736151591444013 2.6262664794921875 3.6552717685699463
3.9894495010375977 6.971795363731644 3.1892240047454834 5.473010063171387
3.0585851669311523 6.11925110586202 3.508876085281372 6.746620178222656
6.672696113586426 8.584986961462661 2.34261417388916 2.4495065212249756
5.579076766967773 9.251282402808014 3.0298144817352295 4.357972145080566
4.3289361000061035 7.268336937673837 3.7560672760009766 6.755673408508301
3.1236135959625244 4.294088176180367 4.160515785217285 8.437339782714844
6.891426086425781 8.094309859157192 2.3288605213165283 2.4259018898010254
3.250065326690674 5.629306366793031 2.9716172218322754 4.202918529510498
3.2602968215942383 6.472802983356814 3.637969493865967 6.366929531097412
2.644871950149536 4.852094081655565 3.9971375465393066 7.855747699737549
7.711717128753662 9.292312379956456 2.5786631107330322 2.701599359512329
3.376474380493164 5.885789327341541 3.4055099487304688 5.011042594909668
4.2519636154174805 7.486818859766572 4.26393461227417 7.881193161010742
3.135354995727539 5.831089367048548 4.723177433013916 9.847821235656738
8.974493980407715 11.109735065989675 2.9930810928344727 3.1607871055603027
4.85206413269043 8.084514197395773 4.141881942749023 6.389455795288086
4.458719253540039 6.61716341802061 5.308394432067871 10.401588439941406
3.9366283416748047 6.003223114447684 5.912094593048096 13.12166976928711
7.8203020095825195 9.126338236452277 2.7556440830230713 2.874225616455078
4.598017692565918 7.32557255785207 3.6119894981384277 5.315421104431152
1.6658447980880737 2.3771766453691043 4.487028121948242 8.203429222106934
2.927485704421997 5.199072926991448 4.916109085083008 10.12967300415039
9.14098834991455 10.92991258136044 3.092057228088379 3.251278877258301
5.699611186981201 8.598246508625607 4.2427754402160645 6.54541015625
4.026120662689209 5.389512095689803 5.403155326843262 10.508345603942871
2.48860239982605 4.318604426816364 5.970149993896484 13.122495651245117
10.985045433044434 13.295058569143293 3.6873626708984375 3.925257444381714
6.512512683868408 9.340411798661137 5.3780198097229 8.773503303527832
5.2304463386535645 7.714068047754267 6.992620468139648 14.472921371459961
3.1510279178619385 5.377897847949498 7.750147819519043 18.144508361816406
4.828272342681885 5.045027478350221 3.441669464111328 4.025527477264404
5.14560079574585 7.93824865148423 4.5208234786987305 6.893141269683838
3.845104217529297 5.82901818018604 5.287768363952637 9.907628059387207
3.513493776321411 6.45877707052864 5.7098870277404785 12.094108581542969
5.532415866851807 6.154163635810619 3.9476592540740967 4.664312362670898
5.481146812438965 7.590786204847319 5.264403343200684 8.441058158874512
3.8829734325408936 6.1143074438837175 6.453090667724609 12.908040046691895
3.562819480895996 5.596099197909879 7.042143821716309 15.94249439239502
8.80330753326416 9.526322854542398 4.880436897277832 5.848355293273926
7.569054126739502 11.71402140336886 6.716808319091797 11.37080192565918
4.820504188537598 6.754506516080127 8.521500587463379 18.141128540039062
4.677696704864502 6.906791530750809 9.328386306762695 22.430437088012695
4.743533134460449 5.562781782288104 1.9693316221237183 2.027949333190918
4.131490707397461 7.151714215046013 2.343435525894165 3.1284687519073486
2.2824997901916504 3.2370158881891484 2.7285826206207275 4.517107009887695
2.6379880905151367 4.971270282735723 2.9425065517425537 5.482329845428467
5.507346153259277 6.650052238904664 2.12508225440979 2.1952877044677734
4.8006591796875 7.586152193673978 2.590818405151367 3.541929244995117
3.894726514816284 7.6994820946529146 3.0704009532928467 5.26397705078125
3.3290913105010986 5.142941257950312 3.3311266899108887 6.471220016479492
6.669528484344482 8.14226807095747 2.3630383014678955 2.45181941986084
5.8317155838012695 9.451934998512566 2.9680769443511963 4.186581611633301
4.744826793670654 8.51724799320445 3.5889742374420166 6.424773693084717
3.2356443405151367 5.309890573449159 3.9169085025787354 7.998402118682861
6.014515399932861 6.956590139417833 2.506051540374756 2.5877552032470703
4.182777404785156 7.442996305147908 3.0440454483032227 4.224100112915039
3.407144784927368 4.885579923862963 3.541656494140625 6.238067626953125
3.001253366470337 5.783606542117582 3.7975142002105713 7.6106157302856445
6.902829647064209 8.167978101761946 2.746309280395508 2.8500983715057373
5.243272304534912 8.428241450272338 3.4681665897369385 4.987592697143555
4.07529354095459 6.268354024092048 4.137348175048828 7.632442951202393
3.570690870285034 6.108533832974658 4.472137928009033 9.436321258544922
8.39548397064209 10.005180986959658 3.1379494667053223 3.283092498779297
6.084867000579834 8.283149029546621 4.156465530395508 6.260328769683838
4.945728302001953 7.910567404984931 5.093920707702637 9.920074462890625
4.538822174072266 8.16383604812404 5.541999340057373 12.390358924865723
6.382394790649414 7.374319870433169 3.306748628616333 3.4689013957977295
3.8704278469085693 6.370514740778958 3.9304769039154053 5.639611721038818
3.7312049865722656 5.51178078310253 4.42002534866333 8.129768371582031
2.9838616847991943 4.900738653849885 4.660398006439209 9.810432434082031
7.777366638183594 9.102308691078633 3.628553628921509 3.8192942142486572
5.8964738845825195 8.905834464992115 4.553354263305664 6.831150054931641
4.707571983337402 7.761226090754128 5.289921283721924 10.257698059082031
4.164121150970459 6.634453162683144 5.639645099639893 12.549589157104492
9.707507133483887 11.468217692999332 4.185808181762695 4.449185371398926
6.59558629989624 10.392912195642582 5.6133036613464355 8.907063484191895
5.715789794921875 9.752626726386609 6.745207786560059 13.863795280456543
3.6773006916046143 6.194253878390327 7.244035243988037 17.08418846130371
4.764427185058594 5.304333440533469 3.5837860107421875 4.04563570022583
4.451028823852539 6.75693123415158 5.087711811065674 7.638614654541016
2.1196165084838867 3.5405695239555257 5.247615337371826 9.92025375366211
2.2320632934570312 3.3773554750749653 5.3942341804504395 11.691351890563965
5.7604289054870605 6.5429756440981786 4.041276454925537 4.6406426429748535
5.338052272796631 8.089497930957528 5.9123382568359375 9.267263412475586
4.155897617340088 6.097077354405286 6.350071430206299 12.690828323364258
2.43247389793396 3.312556746929488 6.627596378326416 15.19846248626709
6.3246684074401855 7.451939699483091 4.811336040496826 5.6669487953186035
6.755346298217773 9.197833460176184 7.321017265319824 12.138818740844727
4.872488975524902 7.81795446152308 8.240504264831543 17.455448150634766
3.3056631088256836 5.373181901484848 8.690109252929688 21.061439514160156
5.0876994132995605 5.808058551254533 1.8632442951202393 1.91682767868042
3.751223087310791 5.286667778219112 2.1823084354400635 2.8612546920776367
3.0392889976501465 4.736325406895901 2.527862310409546 4.065701484680176
3.2290542125701904 5.490062007393632 2.7301058769226074 4.891048431396484
5.5795159339904785 6.663418467384076 1.998015284538269 2.0608489513397217
3.6558003425598145 5.5970659813771135 2.3874542713165283 3.2021734714508057
3.3369548320770264 6.484607286390769 2.8089873790740967 4.6751933097839355
3.5576324462890625 6.168864493182966 3.0509400367736816 5.684168815612793
6.502383232116699 7.962507721115088 2.2030558586120605 2.281620502471924
5.072718620300293 7.8655128833187575 2.6996397972106934 3.730185031890869
5.066920280456543 8.290587563620218 3.2334859371185303 5.615052700042725
2.4071192741394043 4.929776655932102 3.529447317123413 6.897615432739258
6.425482749938965 7.3288892181686265 2.3754444122314453 2.4564757347106934
4.630435466766357 7.342224544516 2.813610792160034 3.8021080493927
3.0780344009399414 4.75361353497804 3.236600637435913 5.474778175354004
3.290276050567627 5.151075840303003 3.457627058029175 6.589211463928223
7.124927997589111 8.390428005097874 2.57920241355896 2.6763062477111816
4.710341930389404 7.099553500778029 3.1648733615875244 4.42655086517334
3.607574701309204 5.191093083762553 3.727544069290161 6.611317157745361
4.116021633148193 7.337962511508067 4.010800361633301 8.04564094543457
8.110732078552246 9.97382438971404 2.9102816581726074 3.0391969680786133
6.6277756690979 9.543353127939042 3.7357542514801025 5.4624834060668945
5.346692085266113 8.416945514776629 4.513735771179199 8.466215133666992
4.225052833557129 6.872519117594152 4.881603717803955 10.384805679321289
6.830625057220459 7.820471730851878 3.0700395107269287 3.21836256980896
5.292043209075928 7.626869160541277 3.622830629348755 5.055450916290283
3.4008941650390625 5.320221311604882 4.035218238830566 7.0982770919799805
3.01615571975708 4.847641063299699 4.212009429931641 8.394058227539062
7.984143257141113 9.335724216240123 3.3495821952819824 3.527940511703491
5.53842830657959 8.425576896772782 4.157687664031982 6.068370819091797
3.8065383434295654 6.1791657229891825 4.771726608276367 8.881603240966797
3.3766067028045654 5.681294925198415 5.0233683586120605 10.6107759475708
9.284790992736816 11.242676418324699 3.827558755874634 4.068227767944336
7.307673454284668 8.811453323076194 5.070515155792236 7.820290565490723
4.809458255767822 7.221062992448287 5.998661518096924 11.881723403930664
3.3259642124176025 4.900269300817577 6.345041751861572 14.25783634185791
4.6313347816467285 4.878281015071707 3.3889577388763428 3.8020851612091064
5.140864372253418 7.443397822719817 4.590706825256348 6.674463748931885
3.347424030303955 5.400976867950202 4.817155361175537 8.711581230163574
2.3774642944335938 4.356010281517611 4.875118732452393 9.994661331176758
5.417139053344727 5.895020611903394 3.7882516384124756 4.3000383377075195
5.410820960998535 7.340786652319707 5.340344429016113 8.184785842895508
4.602136611938477 7.899071273337654 5.785501956939697 11.13184642791748
2.7353739738464355 3.547870873745911 5.9155592918396 12.895111083984375
8.008899688720703 9.196390686495079 4.4822821617126465 5.171116352081299
6.316919803619385 9.321403616359476 6.627696990966797 10.779539108276367
5.117016792297363 7.777128784829074 7.42963171005249 15.222047805786133
4.317253112792969 7.626807083968458 7.641478538513184 17.69887351989746
5.055511474609375 6.215428934728493 1.8895925283432007 1.984907627105713
3.4535279273986816 6.371739179413339 2.391079902648926 3.392108201980591
2.8269941806793213 4.235364398152228 2.837768793106079 4.909263610839844
2.3077316284179688 4.313505375192205 3.053032398223877 5.895639419555664
5.732119083404541 7.105497853157379 2.0482451915740967 2.158437967300415
4.938017845153809 9.171682714815503 2.6468238830566406 3.849076986312866
2.5590555667877197 4.64025169751676 3.189852476119995 5.72862434387207
2.3590707778930664 3.9794008333762463 3.4474360942840576 6.950817108154297
6.66325569152832 8.634535804283043 2.2950844764709473 2.4277780055999756
5.00992488861084 10.23545792855265 3.0485475063323975 4.565001010894775
3.8704848289489746 7.719187743973407 3.735072612762451 6.999666213989258
3.7509052753448486 6.925844282321123 4.050348281860352 8.57038688659668
6.354715824127197 7.667863385628294 2.34723162651062 2.477123260498047
4.958480358123779 8.533960439615726 3.064619541168213 4.533494472503662
2.3729822635650635 3.946697016761995 3.688084840774536 6.775012969970703
3.124340295791626 5.765142888198483 3.947718620300293 8.16710376739502
7.222011566162109 8.935169017730345 2.5967562198638916 2.7555289268493652
5.218928337097168 9.556655404947527 3.5044620037078857 5.365869998931885
3.927915334701538 7.835896154167983 4.307147979736328 8.29613208770752
3.6970765590667725 6.749061466955027 4.635195255279541 10.10623550415039
8.60583209991455 11.120836151234926 3.0026726722717285 3.2090015411376953
5.8352155685424805 10.393845726762663 4.236102104187012 6.759204864501953
5.342236042022705 10.058010320907663 5.315000057220459 10.779102325439453
4.60549783706665 7.490198006325784 5.7367353439331055 13.216470718383789
7.023695945739746 8.561764110182661 2.988098621368408 3.1470608711242676
4.811108589172363 8.397567495783733 3.8782331943511963 5.916631698608398
2.936910390853882 5.562823629427442 4.607692718505859 8.821029663085938
2.4995150566101074 4.7708779938773205 4.8603925704956055 10.526287078857422
8.255688667297363 10.28912041116722 3.327148199081421 3.5425446033477783
5.756239414215088 8.362977335886058 4.525965213775635 7.20596170425415
4.260595321655273 7.583107370528637 5.522719383239746 11.139704704284668
2.973816394805908 5.869928359771052 5.866281509399414 13.428742408752441
10.195894241333008 13.075320514256305 3.8974533081054688 4.2038140296936035
6.513850688934326 9.265788227892823 5.643160820007324 9.446295738220215
5.330695152282715 9.232795824053028 7.058102130889893 15.019683837890625
4.371219635009766 6.948647857817765 7.520008087158203 18.171358108520508
4.656972885131836 5.4492924879385285 3.2758140563964844 3.893735647201538
4.628454685211182 8.623769451924659 4.866036415100098 7.547714710235596
3.8609840869903564 7.29243936563762 5.454751491546631 10.702516555786133
2.603457450866699 4.142974900529623 5.638663291931152 12.54006290435791
5.5831451416015625 6.777664771922801 3.7295098304748535 4.492854595184326
5.700684070587158 8.099018240062065 5.714241027832031 9.354438781738281
3.0483055114746094 5.785892086215654 6.631463527679443 13.739633560180664
3.797872543334961 6.262030837797283 6.919034957885742 16.2661190032959
6.986852645874023 8.300099220310745 4.527831554412842 5.548335075378418
5.052816390991211 6.916667794240411 7.193233966827393 12.466429710388184
5.61506462097168 9.824971944827325 8.633182525634766 18.845386505126953
4.138338088989258 5.55936633200357 9.049798965454102 22.37238121032715
5.358496189117432 6.323522081323421 1.8083871603012085 1.8722882270812988
4.705873489379883 7.381746190302188 2.1646242141723633 2.88488507270813
3.509810447692871 6.041645285787126 2.5207061767578125 4.059060573577881
2.247718095779419 4.0964849260773235 2.7167015075683594 4.8732147216796875
5.903991222381592 7.113564390243653 1.9327698945999146 2.007309913635254
4.88960075378418 8.180948594240789 2.3597915172576904 3.2257137298583984
4.045902252197266 7.219217842225532 2.7917871475219727 4.682185649871826
3.661735773086548 6.7439788586892675 3.026170492172241 5.700080871582031
6.598076820373535 8.369770458642392 2.1229591369628906 2.213041067123413
5.69216775894165 9.266186006102544 2.659437894821167 3.748161554336548
4.012617111206055 6.399474617650178 3.20524263381958 5.640885829925537
3.993377685546875 7.845396113151963 3.494697093963623 6.9689555168151855
6.691434383392334 7.864651199349382 2.3075809478759766 2.3936378955841064
4.463242053985596 7.081176218644714 2.7929434776306152 3.8427531719207764
3.624728202819824 6.3051387663956575 3.224666118621826 5.485592842102051
2.1031854152679443 3.661475594136135 3.433638095855713 6.584989070892334
7.215804100036621 8.701573510998202 2.491790771484375 2.601118803024292
5.784130096435547 8.824868423027297 3.122385263442993 4.454997539520264
4.069133758544922 6.636589123946806 3.6957640647888184 6.62681245803833
3.7357184886932373 7.17938468215911 3.966580629348755 8.081612586975098
8.305706024169922 10.341837736304 2.797525405883789 2.940229892730713
6.752642631530762 10.813050425999634 3.668030023574829 5.466909408569336
5.345016956329346 8.96397577469952 4.464076995849609 8.500828742980957
3.4575135707855225 7.20258256136816 4.82612419128418 10.515558242797852
6.859766960144043 8.145277953325436 3.083460807800293 3.181586980819702
5.250600814819336 8.288997062963062 3.67154860496521 5.18852424621582
3.2985565662384033 5.4013407856249955 4.056671619415283 7.19467830657959
2.4112391471862793 4.045118262450643 4.202280044555664 8.456387519836426
8.045971870422363 9.643582195468525 3.3286876678466797 3.4720382690429688
5.008713722229004 8.076483930204176 4.166368007659912 6.171600341796875
4.625036716461182 7.656595221575124 4.762796401977539 8.969586372375488
4.0029988288879395 6.967196951558151 4.986079692840576 10.722872734069824
9.483466148376465 11.599916877854252 3.762861967086792 3.974259853363037
7.088090419769287 10.687542688280246 5.032509803771973 7.869882583618164
4.9910173416137695 7.851463101515151 5.96638822555542 11.986035346984863
4.316625118255615 7.071807608109324 6.30116081237793 14.51147747039795
5.018036842346191 5.360296217951031 3.330824136734009 3.668182849884033
5.218629837036133 8.049224170924212 4.874366760253906 7.098560810089111
2.870198965072632 4.487961698310549 4.93087911605835 8.99890422821045
2.3994078636169434 3.892866077157521 4.9086174964904785 10.179931640625
6.281838893890381 6.404266083508315 3.6741011142730713 4.106829643249512
4.395656108856201 7.017697057560895 5.581581115722656 8.590989112854004
4.597479343414307 7.885299160352446 5.862132549285889 11.397542953491211
2.9395906925201416 4.952940112884111 5.920467853546143 13.142290115356445
6.985675811767578 7.2446978798748525 4.265673637390137 4.862370014190674
6.8157219886779785 9.319972437435354 6.825440883636475 11.159789085388184
4.88648796081543 8.321835558024759 7.482818603515625 15.501773834228516
4.162684917449951 7.374514376850407 7.650910377502441 18.130525588989258
5.340250492095947 6.010710374073373 1.8696316480636597 1.9290902614593506
4.297162055969238 6.107762064510574 2.232680320739746 2.9631636142730713
3.9840376377105713 6.723017896016813 2.627031087875366 4.294403553009033
3.181549310684204 5.276000657122212 2.8546085357666016 5.230919361114502
5.79118013381958 6.729418285263023 2.0054829120635986 2.0756564140319824
5.5636372566223145 8.650229404152029 2.4471821784973145 3.3377597332000732
2.7136287689208984 4.8206267830015985 2.927319288253784 5.005115509033203
3.3740108013153076 6.050466974953338 3.201141119003296 6.182149410247803
6.5837202072143555 7.799901899149944 2.2101705074310303 2.2957730293273926
4.724100589752197 7.099513849103232 2.7775416374206543 3.915323257446289
4.447406768798828 8.132036484249184 3.3882017135620117 6.086366653442383
3.709059953689575 6.2048963255911005 3.726283311843872 7.610485076904297
6.638967514038086 7.4999352278116405 2.4407761096954346 2.5271081924438477
4.219693660736084 6.197621139459578 2.972832202911377 4.104109287261963
3.7236762046813965 5.705082089924659 3.4949662685394287 6.0896687507629395
2.7884726524353027 4.3750079303007094 3.7627739906311035 7.425955295562744
7.391476154327393 8.54444686180479 2.6463611125946045 2.756629705429077
4.880151271820068 7.209411002474553 3.349184036254883 4.815985679626465
4.369754791259766 7.054362599125625 4.038384437561035 7.455770969390869
3.772865056991577 5.682610555991616 4.386402606964111 9.21861743927002
8.509225845336914 10.225405613722181 2.9737157821655273 3.1205687522888184
5.989939212799072 8.096494774810118 3.963130474090576 5.977107048034668
4.909322261810303 8.842987573713815 4.914496421813965 9.62908935546875
4.033122539520264 6.544795201001932 5.372376441955566 12.016199111938477
7.154926776885986 8.096231686398369 3.297934055328369 3.4233407974243164
4.345799446105957 5.636467876306028 3.979210376739502 5.691311836242676
2.2156982421875 3.071857393681057 4.521142482757568 8.26501750946045
3.057293653488159 5.069815328647039 4.757602214813232 9.894804954528809
8.26196575164795 9.55072522808831 3.569114923477173 3.7421774864196777
6.403731346130371 8.617319993482221 4.558355331420898 6.869002819061279
3.993398666381836 7.3119799860504315 5.352805137634277 10.446990966796875
3.3468375205993652 4.7472973670614635 5.695323944091797 12.66019058227539
9.894104957580566 11.665985796462294 4.0299296379089355 4.281073093414307
6.813354969024658 10.086728176724137 5.542737007141113 8.85531997680664
5.387161731719971 7.391113092140143 6.732860565185547 13.965929985046387
4.733460903167725 6.797104435876454 7.21322774887085 17.014123916625977
5.674177646636963 6.262628774466748 3.6373400688171387 4.1198225021362305
4.0404181480407715 6.011525193627676 5.216381549835205 7.833810329437256
1.916191577911377 2.9763152907926127 5.539261341094971 10.45362377166748
2.454508066177368 3.1089048538711808 5.656700611114502 12.147603034973145
5.398008823394775 5.863092097599406 4.041092872619629 4.648913860321045
4.624063014984131 6.801670510471922 6.030600070953369 9.559242248535156
4.46328592300415 7.253863511077611 6.639310836791992 13.412561416625977
2.6680829524993896 3.254948447140709 6.871121406555176 15.773695945739746
7.746616840362549 8.574810158433419 4.720515727996826 5.533482551574707
7.030796527862549 9.922933198614373 7.425785064697266 12.495453834533691
4.242714881896973 6.195514937118503 8.486344337463379 18.180482864379883
3.8110406398773193 4.642971968631855 8.859111785888672 21.458087921142578
5.191997051239014 6.359215880124339 1.9692505598068237 2.0618999004364014
3.538860321044922 5.700743156188537 2.3943793773651123 3.351963520050049
2.8067727088928223 5.036668693391675 2.725613832473755 4.634554862976074
2.403357744216919 3.91380751562167 2.892674446105957 5.482273101806641
5.79468297958374 7.185242956498296 2.11670184135437 2.2273101806640625
3.5971603393554688 5.463847212511368 2.637965440750122 3.8051657676696777
3.492997169494629 6.443303381338524 3.0370001792907715 5.394428730010986
2.806718111038208 5.19390239650852 3.2303049564361572 6.441885948181152
6.568952560424805 8.654221350659824 2.341510772705078 2.4785213470458984
5.297406196594238 8.121750530989061 3.0061185359954834 4.489773750305176
4.235357284545898 7.186582738340551 3.500823974609375 6.5279974937438965
4.105472087860107 7.562950349176845 3.728233814239502 7.8541483879089355
6.197721481323242 7.511187193304256 2.582435369491577 2.723145008087158
4.772125720977783 7.786860455487236 3.161482334136963 4.609435081481934
3.2151894569396973 4.6901028815000245 3.5233852863311768 6.3590874671936035
3.033968210220337 5.445549013071457 3.678553342819214 7.488136291503906
7.002078533172607 8.745202044136022 2.8079628944396973 2.986677885055542
5.538046360015869 8.690902580614466 3.5794100761413574 5.443328857421875
3.747798442840576 7.114913216554271 4.058245658874512 7.7402238845825195
3.515570878982544 6.134429836464619 4.25009298324585 9.197763442993164
8.027501106262207 10.424824272869387 3.177797555923462 3.416645050048828
5.099820613861084 8.74586549003402 4.250746250152588 6.77247428894043
4.57316780090332 7.526625845183029 4.8970561027526855 9.894233703613281
4.344455242156982 6.959015907403966 5.134698867797852 11.806051254272461
6.521727085113525 7.970401418937513 3.404202699661255 3.631913900375366
5.061699867248535 8.069810870098788 4.0967864990234375 6.167450428009033
3.248676061630249 4.747849762119472 4.373123645782471 8.230713844299316
3.416529417037964 5.344791257946412 4.462137699127197 9.535391807556152
7.551180362701416 9.407999917790406 3.714618444442749 4.011564254760742
5.785264492034912 8.670644739626027 4.7132368087768555 7.478419780731201
4.0822062492370605 6.301499514467734 5.151020526885986 10.322072982788086
2.8448646068573 4.445603180211123 5.280947685241699 12.061046600341797
8.96017074584961 11.392914578969226 4.258611679077148 4.6748270988464355
6.885693550109863 9.973329110323903 5.7525200843811035 9.639588356018066
4.68920373916626 7.9018140055086405 6.413381576538086 13.653424263000488
3.571748971939087 6.018999244459196 6.585752010345459 15.963829040527344
5.256035327911377 5.805019968778893 3.8156936168670654 4.468844413757324
4.191380023956299 6.340497018808492 5.101517677307129 7.8695969581604
2.8477299213409424 4.3465616439054955 5.13477897644043 9.915421485900879
3.083402395248413 5.065787177028962 5.116925239562988 11.255036354064941
5.854300022125244 6.622413198684399 4.280279636383057 5.084681034088135
4.8809428215026855 7.925583478915655 5.9056549072265625 9.664190292358398
4.295634746551514 7.516411313248767 6.124459266662598 12.645580291748047
3.1201984882354736 5.986588961550346 6.144960403442383 14.483721733093262
7.1127848625183105 7.577716181765368 5.070906162261963 6.135130405426025
6.765822887420654 10.106619458401838 7.2982988357543945 12.672607421875
5.191884517669678 7.19783446597917 7.762002468109131 17.032716751098633
4.508383750915527 6.3126618940636945 7.809433460235596 19.477291107177734
5.197356700897217 6.6410888871107545 1.877300500869751 1.981684923171997
4.122601509094238 8.027539843074564 2.2950310707092285 3.278554916381836
2.962409019470215 6.679886269579782 2.659916400909424 4.618348121643066
2.0640709400177 4.181809569974909 2.867886781692505 5.454798698425293
5.638579845428467 7.426502836489838 2.0300941467285156 2.1480166912078857
4.273885726928711 6.963711584050316 2.535759449005127 3.7004575729370117
4.008665561676025 8.280632547007642 2.975435972213745 5.3552045822143555
3.113133668899536 6.135924528729163 3.2180230617523193 6.404069423675537
6.4412126541137695 8.8668690740143 2.2584729194641113 2.398163080215454
4.887612819671631 7.111877343755069 2.9004123210906982 4.350886344909668
4.131685256958008 8.139302404366816 3.451371192932129 6.480347156524658
3.9005682468414307 6.868856865514772 3.741842746734619 7.8299102783203125
6.361963272094727 8.182896159797444 2.31254243850708 2.4550588130950928
3.928589344024658 7.894396285164234 2.847230911254883 4.225782871246338
3.522078275680542 6.921637824219033 3.31066632270813 6.108791828155518
2.6777994632720947 5.479329280771253 3.5743653774261475 7.273833274841309
7.082083702087402 9.249923109264955 2.5432703495025635 2.712132215499878
5.484207630157471 9.787824795838588 3.2426719665527344 4.966015338897705
3.523926258087158 6.412412535981275 3.835900068283081 7.4053239822387695
3.524205446243286 5.918710324390304 4.1544365882873535 8.9228515625
8.195657730102539 11.036041206259654 2.9014158248901367 3.1151554584503174
5.026432037353516 9.478930305541283 3.876396417617798 6.178950309753418
4.888551712036133 7.592436469323729 4.675119400024414 9.511601448059082
4.439229965209961 7.770759704101238 5.074002265930176 11.554276466369629
6.961855888366699 9.006034847289811 2.925401449203491 3.1118874549865723
4.622217178344727 8.031000248069532 3.4498326778411865 5.2669806480407715
4.096411228179932 7.680959584406992 3.9345319271087646 7.603364944458008
2.489187479019165 4.621785369492287 4.233730792999268 9.036056518554688
7.926151275634766 10.371121603414338 3.2255985736846924 3.4619574546813965
4.867613315582275 7.810874070265747 4.006795406341553 6.371877193450928
2.9272942543029785 5.36633287528079 4.676609516143799 9.503026962280273
3.5089504718780518 5.617781478854852 5.04918909072876 11.417503356933594
9.430184364318848 12.528430225712995 3.711904525756836 4.031047821044922
6.809929847717285 11.383226325624491 4.942087173461914 8.263227462768555
5.2537031173706055 8.73405063743785 5.912744522094727 12.712031364440918
3.800471782684326 7.153707924914594 6.3909077644348145 15.35760498046875
5.161280155181885 5.8043349897698135 3.307804822921753 3.929748773574829
4.769320964813232 7.750424510196311 4.105830192565918 6.385437965393066
2.79180908203125 5.377962530305922 4.447127342224121 8.86476993560791
2.337679862976074 4.334264088810656 4.753864288330078 10.455958366394043
3.215972423553467 3.943812866970577 3.7458953857421875 4.513689994812012
5.601608753204346 9.89966789244085 4.792761325836182 7.830874919891357
4.349457263946533 8.144744971158616 5.368887901306152 11.284280776977539
3.6173195838928223 6.3669153930536595 5.764560699462891 13.44784927368164
7.2178263664245605 8.102988808688849 4.499176979064941 5.523970127105713
5.523444175720215 9.455841024752772 5.988883972167969 10.367496490478516
5.060305118560791 8.196138387101286 6.948055267333984 15.452824592590332
2.972926378250122 4.899182302474429 7.462931156158447 18.48853874206543
4.7053542137146 5.9230783628576 2.162882089614868 2.259988784790039
4.071773529052734 7.4693004651931005 2.656468629837036 3.6455187797546387
2.8735709190368652 4.9473068512292 3.059568166732788 5.13688850402832
2.68566632270813 5.4748274976887 3.249152183532715 6.113865375518799
5.613917350769043 7.075803746774909 2.3335154056549072 2.4549560546875
4.760178565979004 8.660992409919976 2.9394638538360596 4.181945323944092
3.8067567348480225 7.416606136425466 3.4376845359802246 6.083008766174316
4.001667022705078 7.420582214437658 3.6698243618011475 7.327871799468994
6.889610767364502 8.733263061613684 2.596626043319702 2.7521839141845703
5.127712249755859 8.505251108586783 3.377192735671997 5.002582550048828
4.339659214019775 7.466427405132862 4.0184197425842285 7.519125938415527
4.286086559295654 7.258956564501544 4.308249473571777 9.159991264343262
5.8194756507873535 7.274239752373376 2.87034273147583 3.0125322341918945
3.488823652267456 6.33770961123318 3.64731764793396 5.193783760070801
3.485687255859375 6.7711901132389585 4.191108226776123 7.444798946380615
2.0528173446655273 5.036944686879117 4.388801574707031 8.827238082885742
6.971268177032471 8.705930771020874 3.135018825531006 3.3294551372528076
5.317776679992676 9.065488514073698 4.165229797363281 6.247254848480225
2.928323745727539 3.9571804567881372 4.896492004394531 9.297030448913574
4.020346641540527 7.223457245674865 5.162071228027344 11.15365219116211
8.895157814025879 11.119293542468085 3.5704472064971924 3.8472917079925537
6.485985279083252 10.89255277726221 5.01017951965332 7.95196533203125
4.731197834014893 8.965471863550334 6.027159690856934 12.236167907714844
3.7883777618408203 6.253478210227257 6.3839616775512695 14.795207023620605
6.321823596954346 7.916547359439619 3.6055452823638916 3.821666717529297
3.999579668045044 6.7930566216003285 4.874565124511719 7.213694095611572
3.423952579498291 6.741194794503485 5.5052947998046875 10.187201499938965
2.891317844390869 5.275928269905137 5.634801387786865 11.840539932250977
7.922445774078369 9.775723749305143 4.010591983795166 4.314845561981201
5.728834629058838 9.528939275469824 5.715145587921143 8.996675491333008
4.02543830871582 7.698199834099455 6.6235456466674805 13.168784141540527
3.6061458587646484 6.291532077699014 6.833013534545898 15.472573280334473
10.343448638916016 12.628987929159848 4.694993495941162 5.16747522354126
6.418251991271973 9.14319478132901 7.126041412353516 11.960740089416504
5.909430027008057 8.542338688618315 8.451333999633789 17.971981048583984
4.707839012145996 8.578787536718778 8.757684707641602 21.200361251831055
4.360909461975098 5.128164694520393 4.281476020812988 4.814206600189209
3.447354793548584 5.930061287574063 5.968038558959961 9.354981422424316
3.044904947280884 5.782384167001453 6.748836994171143 12.84218692779541
2.8633668422698975 5.750504586957675 6.750309467315674 14.553019523620605
5.0780348777771 5.764436210069789 4.900691032409668 5.638341426849365
5.367921352386475 9.169320184800048 7.185401439666748 11.932262420654297
3.531262159347534 6.766014482053606 8.25212574005127 16.866498947143555
2.7795939445495605 4.39304312812078 8.339543342590332 19.341163635253906
7.240837097167969 7.936204521770363 5.956024169921875 7.051490783691406
7.2524824142456055 9.172742660884524 9.201678276062012 16.245515823364258
5.658935070037842 7.875384850273207 10.728567123413086 23.323495864868164
5.199318885803223 8.710158151208361 10.904712677001953 26.8427734375
4.893718242645264 5.775327156268425 1.8022044897079468 1.8714041709899902
3.8000829219818115 6.057539574746897 2.189880609512329 2.9743123054504395
3.5183207988739014 6.848218821188876 2.5728509426116943 4.233547687530518
2.3113560676574707 4.771209090679573 2.783480644226074 5.093667030334473
5.625064373016357 6.798682254478308 1.943477749824524 2.0242974758148193
4.347334384918213 5.826285205581939 2.4088683128356934 3.3579626083374023
2.3973677158355713 4.049655402533695 2.8715262413024902 4.9219746589660645
3.61338210105896 6.784383522178189 3.1198995113372803 5.98752498626709
6.519467830657959 8.177811115811323 2.1670708656311035 2.2654435634613037
4.768637180328369 8.244772386792363 2.757080554962158 3.962787628173828
5.171361923217773 8.798910568390511 3.337587833404541 5.9871368408203125
3.3838062286376953 6.626662198456316 3.6340699195861816 7.348300933837891
6.03524923324585 7.118185452847683 2.275041341781616 2.379476547241211
5.209733009338379 7.823164801594885 2.8087430000305176 3.9612479209899902
3.1773910522460938 5.397914794125825 3.2903409004211426 5.720235824584961
2.4140403270721436 4.3198016322076 3.5238289833068848 6.880832672119141
6.982825756072998 8.365819057109775 2.493976593017578 2.621321678161621
4.344237804412842 7.585275390985316 3.187908411026001 4.657963752746582
3.3120031356811523 5.749848614186192 3.821639060974121 6.994938850402832
3.160628080368042 6.011448085656951 4.116382598876953 8.519774436950684
8.40977954864502 10.385113904760559 2.867234945297241 3.032370090484619
6.88139009475708 10.278074889260836 3.8359415531158447 5.842874050140381
5.773600101470947 7.9718318546790705 4.7005720138549805 9.0933256149292
4.2923407554626465 7.368595917273609 5.069821357727051 11.151006698608398
6.637144088745117 7.8833403989719955 3.0165252685546875 3.1621923446655273
4.207951068878174 7.6022177532277055 3.6359353065490723 5.296860694885254
3.2395923137664795 5.112762678396728 4.105940341949463 7.4467692375183105
3.2143871784210205 5.779249792361043 4.295321941375732 8.786574363708496
7.998927116394043 9.567435739764733 3.310208797454834 3.5054197311401367
6.572397708892822 10.282522677279985 4.204187393188477 6.39943265914917
3.9200267791748047 4.574252625063323 4.904392719268799 9.418549537658691
3.23921275138855 5.209640044764967 5.174938201904297 11.268901824951172
9.914851188659668 12.01089273507094 3.8461883068084717 4.120371341705322
6.848633289337158 10.020987300560876 5.227655410766602 8.357237815856934
5.709277153015137 8.381512322056096 6.278700828552246 12.764337539672852
3.3146469593048096 5.613240974172186 6.63534688949585 15.351400375366211
4.455260276794434 4.941183145094328 3.281841278076172 3.708272695541382
4.930327415466309 7.270967995133105 4.741242408752441 7.197509765625
3.568491220474243 5.724761102703395 4.910801410675049 9.184284210205078
2.338510036468506 4.076671034475112 4.974705219268799 10.48492431640625
6.064099311828613 6.850399013880292 3.677285671234131 4.218002796173096
5.515011310577393 8.290796176956576 5.521113395690918 8.821124076843262
3.4705591201782227 6.15505538159519 5.952450275421143 11.808229446411133
2.920875310897827 4.801227097591891 6.1072916984558105 13.71146297454834
7.356098651885986 8.343680472948051 4.404905319213867 5.1382036209106445
7.090046405792236 8.99908464675149 6.940977096557617 11.689078330993652
5.337658882141113 7.8827733662305945 7.78380012512207 16.301219940185547
5.0334649085998535 7.729675312202858 8.021829605102539 19.05870246887207
4.877875328063965 5.4303361247992825 1.7688010931015015 1.8164805173873901
3.749281644821167 5.778377026880397 2.0594353675842285 2.6266725063323975
2.6418204307556152 4.843711405603438 2.3857500553131104 3.6615943908691406
2.9794492721557617 4.91098340091412 2.5871574878692627 4.4337639808654785
5.599548816680908 6.5174596341869915 1.9030815362930298 1.9596056938171387
3.6628215312957764 6.249523799201654 2.251534938812256 2.941606044769287
3.663421154022217 6.086026242846401 2.6443934440612793 4.220390319824219
3.2087550163269043 5.099885883814807 2.883366823196411 5.165603160858154
6.4755330085754395 7.929972153347478 2.114454507827759 2.18235445022583
5.712443828582764 8.352530399299923 2.555793285369873 3.4251413345336914
4.903028964996338 6.818505318660527 3.05004620552063 5.067586898803711
4.389532089233398 6.406652085998417 3.340527296066284 6.2651824951171875
5.966527938842773 6.745055602743228 2.221723794937134 2.286865472793579
4.4800801277160645 6.571505422598307 2.608731985092163 3.4216606616973877
2.8577322959899902 4.412976646816347 2.996617078781128 4.851291179656982
3.132517099380493 5.67419848391728 3.2162418365478516 5.8919172286987305
6.901094436645508 8.035241349401986 2.429004430770874 2.5137810707092285
4.322953224182129 5.793319345688502 2.9335687160491943 3.9874038696289062
4.302399635314941 6.61348498874419 3.4425089359283447 5.873981952667236
3.297297716140747 6.090477379285289 3.7213218212127686 7.215932369232178
8.23571491241455 10.025026048142443 2.7806873321533203 2.8907856941223145
5.908245086669922 8.86687975578292 3.4876620769500732 4.92685604095459
4.024721622467041 6.627606630034222 4.191834449768066 7.542851448059082
4.190065860748291 8.044717176717313 4.5530290603637695 9.343852996826172
6.434958457946777 7.357361235361168 2.9261868000030518 3.0149688720703125
3.7225520610809326 5.849412673806455 3.341655731201172 4.479376316070557
3.2861690521240234 5.094386378310446 3.6846024990081787 6.21345329284668
3.2540950775146484 5.542530782333188 3.860719919204712 7.430052757263184
7.804117202758789 9.096448343264456 3.2036852836608887 3.3211865425109863
4.895480155944824 7.445981903503121 3.824638843536377 5.369250774383545
4.020084857940674 5.871757159743652 4.344981670379639 7.796191692352295
3.91737699508667 6.387685169642339 4.594423770904541 9.429537773132324
9.496805191040039 11.292607182382909 3.7085232734680176 3.872892379760742
5.607705116271973 8.216225581384379 4.691210746765137 6.927984714508057
4.7787957191467285 7.91187863647076 5.502293109893799 10.488654136657715
4.520882606506348 6.8354632088603715 5.852817058563232 12.766921997070312
3.985024929046631 4.404785575496845 2.8833136558532715 3.261859178543091
4.424145698547363 5.895237709777945 4.326380729675293 6.042280673980713
3.7181129455566406 5.6277308877632635 4.364723205566406 7.567164897918701
3.0092885494232178 5.12139071101541 4.425262928009033 8.793448448181152
5.033348083496094 5.760314792327009 3.2545511722564697 3.717589855194092
6.0584821701049805 7.8414751720204094 4.995401859283447 7.316702842712402
5.143443584442139 6.843453885969826 5.230005264282227 9.702868461608887
3.500640392303467 6.050368024682939 5.361990928649902 11.401304244995117
7.286584854125977 7.73194447422469 3.9238951206207275 4.528376579284668
6.702193260192871 9.502513559215004 6.215368270874023 9.593423843383789
5.076348304748535 8.553657269825532 6.770601749420166 13.376984596252441
5.017833232879639 7.360086152509012 7.000402450561523 15.82253360748291
4.984705924987793 6.113559993425833 1.820955753326416 1.8949452638626099
4.112525463104248 7.289478045819578 2.2179009914398193 2.9598703384399414
3.1890671253204346 5.40679330911172 2.6094741821289062 4.167841911315918
2.5028493404388428 4.58792542113266 2.8272464275360107 4.992594242095947
5.475739002227783 6.708794767849987 1.970324158668518 2.053940534591675
4.995730876922607 8.13464588086731 2.441488027572632 3.340664863586426
3.8659040927886963 5.961962983352578 2.913187265396118 4.855412483215332
3.274759531021118 6.383321786648594 3.1707403659820557 5.8825273513793945
6.480926036834717 8.096685548105803 2.202676773071289 2.3029518127441406
6.101057529449463 10.194957136914098 2.7955915927886963 3.939891815185547
3.799025774002075 6.341405112774531 3.3898918628692627 5.920538425445557
3.6699793338775635 5.401188042546991 3.7013041973114014 7.239151477813721
6.070408821105957 7.3001215701874855 2.236062526702881 2.352142572402954
4.596343994140625 8.294611787747272 2.7943685054779053 3.863590955734253
4.020780086517334 6.090597313872806 3.3254358768463135 5.586787223815918
3.4591946601867676 5.735966248042662 3.590404510498047 6.7358903884887695
6.946747303009033 8.321213959907084 2.4665164947509766 2.5982933044433594
4.363192558288574 7.869671590291887 3.174020290374756 4.540960311889648
4.4275007247924805 7.115000068010431 3.8584530353546143 6.846414089202881
3.491422176361084 5.991030313639385 4.192304611206055 8.359935760498047
8.193989753723145 10.156558385608502 2.8471760749816895 3.010667324066162
6.594904899597168 10.483626731705044 3.818016290664673 5.6975884437561035
5.206916332244873 8.398937897279797 4.747198581695557 8.935579299926758
4.3388671875 7.4221865481299005 5.174583911895752 10.98646068572998
6.623486518859863 7.916980879878793 2.7928249835968018 3.007056951522827
5.005328178405762 8.276148315123464 3.487384080886841 4.9930338859558105
3.0960516929626465 4.8343880057912605 4.1059675216674805 7.1780900955200195
3.528442144393921 6.126598912626703 4.376457691192627 8.578385353088379
7.782564640045166 9.357882552274532 3.0979464054107666 3.3392679691314697
5.324538707733154 8.906308959865953 4.040771007537842 6.031684875488281
4.3488311767578125 6.451766340748007 4.893051624298096 9.10222339630127
3.4772799015045166 4.900050866839251 5.259668350219727 11.025248527526855
9.442811012268066 11.695340278406128 3.631290912628174 3.9276320934295654
6.479122638702393 10.128504678210422 5.02918004989624 7.896908760070801
4.804525375366211 7.177439375439008 6.257416725158691 12.406241416931152
4.232537746429443 7.558949746216342 6.7505106925964355 15.093561172485352
4.136605262756348 4.7535056180554776 2.9466209411621094 3.44866681098938
5.078400611877441 8.74725406683119 4.43552303314209 6.533936977386475
4.054788112640381 7.24356439370834 4.849333763122559 8.72036075592041
2.815558433532715 4.476969048001138 5.060422420501709 10.200393676757812
5.417587757110596 5.78690022673362 3.3544764518737793 3.9524343013763428
6.177867412567139 8.088374196659064 5.163020610809326 8.01469612121582
4.6224260330200195 8.031969441580259 5.86161470413208 11.254570007324219
2.6904947757720947 3.9814253686419363 6.185712814331055 13.36374568939209
7.221250057220459 7.915595772721026 4.084310054779053 4.86735200881958
5.5609450340271 9.500145500341887 6.463819980621338 10.61023235321045
4.597978591918945 7.760181888515092 7.647552967071533 15.644003868103027
3.32721209526062 5.197032481360138 8.117010116577148 18.66599464416504
5.555573463439941 6.507780256967408 1.8038381338119507 1.872750163078308
4.233654975891113 6.341070042983574 2.241863250732422 3.099438190460205
2.4106297492980957 3.8360173352263587 2.686018705368042 4.511185169219971
2.8063926696777344 5.241486467933669 2.921633005142212 5.412200927734375
6.0106520652771 7.186755357385973 1.9354184865951538 2.0162980556488037
4.54951286315918 7.441162042142253 2.4535319805145264 3.4780004024505615
2.774501323699951 4.563905682166187 2.9813222885131836 5.211909294128418
2.5207066535949707 4.814792428200292 3.2593963146209717 6.338311672210693
6.68493127822876 8.449278340141063 2.137673854827881 2.236617088317871
5.458714962005615 8.892076374025198 2.7773358821868896 4.059837341308594
4.756038188934326 7.823993719899974 3.4237587451934814 6.272401332855225
2.5756163597106934 4.50093411217863 3.7568864822387695 7.720469951629639
6.787873268127441 7.904121817315115 2.2932562828063965 2.3810486793518066
5.000391960144043 8.353094533956897 2.9057059288024902 4.166745185852051
4.119832515716553 7.391364006332196 3.483656883239746 6.2000956535339355
3.0934596061706543 4.85126860679884 3.7584164142608643 7.460405349731445
7.494012355804443 8.953810189805381 2.495025396347046 2.608126401901245
5.545402526855469 8.579600825205247 3.2702550888061523 4.861727237701416
4.1791157722473145 7.809854253920321 4.004620552062988 7.506613731384277
3.3346028327941895 6.0335235171707495 4.349471092224121 9.167351722717285
8.473804473876953 10.654437231008245 2.827023983001709 2.9804153442382812
6.068325996398926 10.39365475260752 3.8669989109039307 6.0062689781188965
4.479887008666992 8.693854968306368 4.828624725341797 9.590554237365723
3.813025712966919 4.997908485995083 5.260748863220215 11.820671081542969
7.254358291625977 8.514158297642041 3.11824631690979 3.204235792160034
5.516811847686768 8.609654104053433 3.8209712505340576 5.632148265838623
4.087034702301025 6.066063644142618 4.408270835876465 8.168834686279297
2.8709559440612793 4.099926982023817 4.650851249694824 9.676036834716797
8.284225463867188 9.947167151972508 3.3827390670776367 3.5240671634674072
5.595372676849365 8.547868266472875 4.372979164123535 6.752512454986572
4.317409992218018 7.0990196275568 5.19660758972168 10.211541175842285
2.8989992141723633 5.027118069778453 5.529518127441406 12.274977684020996
9.562920570373535 11.88429806315022 3.8521463871002197 4.077912330627441
5.655491828918457 8.796986919668598 5.319680213928223 8.670902252197266
4.66015625 6.932846327328349 6.484077453613281 13.549240112304688
4.409199237823486 7.276495650799983 6.9201507568359375 16.37399673461914
5.286294937133789 5.968013126407925 3.444359540939331 3.8209619522094727
4.009553909301758 6.203498925336421 5.031888484954834 7.623126983642578
2.8009350299835205 4.99407986703477 5.319831371307373 10.114558219909668
2.329113483428955 3.7895811543007767 5.44801664352417 11.65217113494873
5.034675598144531 5.46754845971418 3.8109700679779053 4.308376312255859
5.226848125457764 8.590466883797376 5.7956013679504395 9.276491165161133
4.095422744750977 6.030346337458695 6.366469860076904 12.870611190795898
3.6915881633758545 4.52829226564981 6.588293552398682 15.046123504638672
7.428689002990723 8.771413452338493 4.439764022827148 5.136137008666992
5.716576099395752 8.623235252361155 7.12675142288208 12.119247436523438
4.992180824279785 8.602260484434396 8.096617698669434 17.38290786743164
3.961552619934082 6.8344754747220975 8.41269302368164 20.400161743164062
5.407491207122803 6.185002772962857 1.8928228616714478 1.9536044597625732
4.08916711807251 6.301039486519734 2.2499706745147705 3.052135944366455
3.187791585922241 5.061339959255008 2.6169047355651855 4.4181318283081055
1.655281662940979 3.5463398975660994 2.8066537380218506 5.292813777923584
5.889993190765381 6.921373022923831 2.0537452697753906 2.1266040802001953
3.5781288146972656 6.5732020047738935 2.4964053630828857 3.4728801250457764
2.7993786334991455 4.575740084408494 2.9303321838378906 5.1280107498168945
2.3652517795562744 5.127874487251233 3.1422321796417236 6.1790852546691895
6.709419250488281 8.249483190743035 2.303962230682373 2.397916793823242
5.0845208168029785 7.140838028573171 2.8789806365966797 4.1389546394348145
4.3210296630859375 7.084846619811032 3.4002254009246826 6.221959590911865
2.9704296588897705 4.3740921675985796 3.630589723587036 7.5068254470825195
6.446675777435303 7.381531295710602 2.3836612701416016 2.4729185104370117
4.7446794509887695 6.574924945464035 2.8734958171844482 4.061776638031006
2.517526149749756 3.8832750952745982 3.324251174926758 5.9952569007873535
2.824599504470825 3.9221193177872538 3.5314886569976807 7.188443183898926
7.12976598739624 8.355926966170955 2.6395082473754883 2.752619743347168
3.521327018737793 5.390252520823166 3.3048810958862305 4.856527328491211
3.222135543823242 5.500041430149398 3.872056484222412 7.327957630157471
3.1944491863250732 5.199491077726506 4.106904029846191 8.811492919921875
8.399409294128418 10.189791598828995 3.0600643157958984 3.222001314163208
5.467278957366943 7.467795800678459 4.0208234786987305 6.198990821838379
3.936183214187622 6.300697509136626 4.743730068206787 9.493752479553223
3.3133440017700195 6.214838778183093 4.988440036773682 11.365251541137695
6.96586799621582 7.933503323922679 3.0635876655578613 3.227983236312866
4.765376567840576 6.4913083931915025 3.6138722896575928 5.294433116912842
3.094212770462036 5.215998892887782 4.059669017791748 7.688546657562256
1.8276166915893555 3.5580353457022644 4.241993427276611 9.111173629760742
7.927034378051758 9.196702546175857 3.4083378314971924 3.6147642135620117
5.572272777557373 8.037094311901342 4.265477657318115 6.568262100219727
1.8369652032852173 4.085359256605625 4.873109340667725 9.755935668945312
2.363100051879883 4.078642068786621 5.080741882324219 11.559976577758789
9.43738079071045 11.254090312924086 4.015188694000244 4.313913345336914
5.61491060256958 8.492026047373656 5.394293308258057 8.798422813415527
4.26790714263916 5.7544083068654 6.219038486480713 13.198138236999512
3.8104569911956787 6.34225949845586 6.4116082191467285 15.505651473999023
4.7973313331604 5.1175401949681145 3.2892062664031982 3.733581304550171
2.662731409072876 4.213273329771255 4.447092533111572 6.73936128616333
2.05423903465271 3.6721674047729493 4.710146427154541 9.214204788208008
1.870475172996521 2.3926599247907667 4.827680587768555 10.723053932189941
6.698873043060303 7.571829848197861 3.7837493419647217 4.3570990562438965
4.634034633636475 7.054042562366973 5.303486347198486 8.50067138671875
4.204431056976318 6.8842154839996965 5.7635393142700195 11.957307815551758
2.3254902362823486 3.39512426116562 5.896009922027588 13.891661643981934
8.800751686096191 10.0576061949224 4.6896514892578125 5.507816791534424
4.704654693603516 6.500686216364272 6.825453758239746 11.615583419799805
3.223698139190674 6.511039853038845 7.541010856628418 16.540645599365234
2.8580987453460693 4.987486737481314 7.625949859619141 19.03430938720703
5.057037830352783 6.159991933863353 1.797929286956787 1.8802675008773804
4.2565813064575195 7.2163805170770985 2.2281384468078613 3.0574514865875244
3.5542213916778564 6.745069626462282 2.5855343341827393 4.323466777801514
2.1720011234283447 4.490859797428513 2.7673003673553467 5.190799713134766
5.448198318481445 6.6942442011884395 1.9297199249267578 2.026292324066162
4.334353923797607 7.774575312269722 2.4379029273986816 3.4650156497955322
3.2719573974609375 5.662317358585142 2.8591299057006836 5.048792362213135
2.4385948181152344 4.315503078857979 3.06650710105896 6.119590759277344
6.280973434448242 8.170780977985899 2.125061273574829 2.2418155670166016
4.947963714599609 7.436269176396991 2.753293514251709 4.067633152008057
4.399649143218994 7.068259858398989 3.274693250656128 6.109892845153809
2.9943771362304688 4.681988688580077 3.5203542709350586 7.467631816864014
6.200785160064697 7.486505878095187 2.186293363571167 2.3035004138946533
4.807239532470703 8.330254954223903 2.757648468017578 3.923576831817627
3.2880470752716064 6.674395160627682 3.196057081222534 5.654555320739746
2.4803407192230225 3.920848322269194 3.399033784866333 6.811477184295654
6.821084976196289 8.367480402611264 2.3827455043792725 2.527886390686035
4.889578819274902 8.50175479584341 3.104111433029175 4.633907318115234
4.224359512329102 7.474680026044439 3.6560919284820557 6.927406311035156
1.728642225265503 3.2859892077542554 3.8984320163726807 8.422429084777832
7.922926902770996 10.068010048665428 2.6855757236480713 2.871232509613037
6.153848171234131 10.326521786065996 3.649825096130371 5.747462749481201
3.8760604858398438 6.364721870483777 4.3889031410217285 8.899328231811523
4.080338954925537 5.915071608023002 4.693143844604492 10.88703441619873
6.781178951263428 8.218683134213652 2.7113358974456787 2.8744049072265625
4.941336154937744 8.356121319572026 3.359407424926758 4.915618896484375
3.8146023750305176 6.212260132208314 3.804431438446045 7.011708736419678
2.6470823287963867 4.142947231436672 3.991936683654785 8.382035255432129
7.732638835906982 9.498739896154603 2.9605729579925537 3.1714818477630615
5.085069179534912 8.44922139563647 3.854092836380005 5.974508762359619
4.303029537200928 7.5169937072328725 4.4624552726745605 8.88549518585205
3.1236417293548584 5.767233327065355 4.697898864746094 10.711797714233398
9.227300643920898 11.539063505857655 3.367548942565918 3.6489202976226807
5.93304967880249 9.95709450392792 4.663322925567627 7.705703258514404
4.591904640197754 8.160061998738115 5.546438217163086 11.88713264465332
2.4921088218688965 5.453247240320707 5.859179496765137 14.380821228027344
4.869024753570557 5.349127365544973 3.1477913856506348 3.6550967693328857
4.988088607788086 7.300164520004728 4.117706298828125 6.156325340270996
3.7257707118988037 4.962496520170291 4.33253812789917 8.198582649230957
2.885359764099121 5.3107920753597995 4.465943336486816 9.6552152633667
6.145331382751465 7.1553748286399 3.510157585144043 4.1370134353637695
5.691576957702637 8.807036434683923 4.734286785125732 7.5591864585876465
4.2547221183776855 7.663228330610963 5.1621856689453125 10.600446701049805
3.4689218997955322 5.227084585294655 5.344929218292236 12.588920593261719
8.23055362701416 9.336939800742016 4.114506721496582 4.9361772537231445
6.6594319343566895 10.175169179422255 5.781527519226074 9.889179229736328
4.213738441467285 7.803854844274111 6.556099891662598 14.510965347290039
3.4999725818634033 6.196657880865132 6.819163799285889 17.272001266479492
4.481192588806152 5.513377276719439 1.8430439233779907 1.9012748003005981
3.7618186473846436 6.515247489091053 2.175978183746338 2.894784927368164
3.540506362915039 6.411576982454193 2.5433714389801025 4.182487487792969
1.9794213771820068 3.2141494194770104 2.781402587890625 5.111181259155273
5.274438381195068 6.502480258462878 1.9939707517623901 2.061352252960205
4.68098783493042 7.8220974436646316 2.4040563106536865 3.2591326236724854
4.2736029624938965 7.325053844367574 2.8517062664031982 4.846861362457275
2.3926453590393066 5.022109453123232 3.1306700706481934 5.99099063873291
6.670653820037842 8.442343430757484 2.229710817337036 2.310946464538574
5.583276748657227 8.997835263620708 2.764918804168701 3.8397908210754395
4.644695281982422 6.772946914385702 3.3374369144439697 5.896788120269775
4.068945407867432 5.668945306398157 3.671173334121704 7.358936786651611
5.494873523712158 6.768835755461204 2.3252551555633545 2.3974695205688477
4.181497573852539 7.639238202074125 2.769198179244995 3.8106400966644287
3.3944272994995117 6.7151081784639945 3.2026546001434326 5.631978511810303
3.2785086631774902 6.440942419459816 3.476857900619507 6.922723770141602
6.641637325286865 8.141382306261846 2.5599520206451416 2.6517257690429688
4.756420612335205 7.627430805161708 3.163666248321533 4.490760803222656
4.158784866333008 7.790166701395075 3.741952419281006 6.8809099197387695
2.924461603164673 4.057591814040961 4.07841157913208 8.546318054199219
8.203367233276367 10.250988974456362 2.9539833068847656 3.0786056518554688
7.167206764221191 10.76567992223147 3.8408334255218506 5.66970682144165
4.955292224884033 8.644644800742356 4.656494140625 9.004962921142578
4.456136703491211 7.6861481553846716 5.073270797729492 11.234006881713867
6.068673133850098 7.471935970887898 2.99597430229187 3.086671829223633
5.000224590301514 8.461750539420088 3.528459072113037 4.989144325256348
3.3931143283843994 6.639374194806999 3.9218316078186035 7.245567321777344
2.389590263366699 4.766438170467666 4.161174774169922 8.789030075073242
7.584035396575928 9.236753168018026 3.313922643661499 3.437891721725464
5.7151312828063965 8.624969179873915 4.121832847595215 6.083436012268066
3.5077731609344482 6.172823815182866 4.724669456481934 9.193034172058105
3.852576494216919 6.394243825135835 5.037566184997559 11.246627807617188
9.675971984863281 11.730804048813297 3.886653184890747 4.075244426727295
6.349199295043945 9.731011243071634 5.2100725173950195 8.101906776428223
5.0569891929626465 7.662710355504856 6.159605026245117 12.659768104553223
3.8847169876098633 5.756108829157323 6.556521892547607 15.468619346618652
5.29854154586792 6.448142384758185 3.2727909088134766 3.579704999923706
4.708324432373047 7.169280684718245 4.52324914932251 6.67495059967041
2.393594264984131 3.753349068213538 4.622863292694092 8.800760269165039
2.8329267501831055 5.401141974542497 4.740396499633789 10.38980484008789
6.949563026428223 7.539255980223061 3.720407009124756 4.118442535400391
6.041266918182373 9.26440749322768 5.318682670593262 8.219143867492676
3.9620585441589355 6.862363132604216 5.66547966003418 11.412686347961426
3.761986255645752 5.6235694446668845 5.856840133666992 13.581238746643066
8.180084228515625 9.445501092384987 4.527238368988037 5.0913872718811035
7.130748271942139 10.587883825309477 6.825528621673584 11.144922256469727
5.775923252105713 8.992344786500468 7.5872626304626465 16.15006446838379
4.445615291595459 7.747034630458245 7.846115589141846 19.15654754638672
4.445621967315674 5.235666940443821 2.045590877532959 2.1205663681030273
3.824326992034912 6.832494031383052 2.4838967323303223 3.295804500579834
3.050405502319336 5.663736751198002 2.910914182662964 4.729865550994873
2.752971649169922 4.72431295042054 3.1314640045166016 5.7456159591674805
5.2671098709106445 6.328350484742828 2.1987926959991455 2.2846779823303223
3.8620851039886475 6.115071750385141 2.7290406227111816 3.7062618732452393
3.4046692848205566 6.507199367314801 3.256430149078369 5.492963790893555
3.0894064903259277 4.862466362223344 3.530071973800659 6.764587879180908
6.329776763916016 7.67592216988578 2.427671194076538 2.530163049697876
5.9291157722473145 9.529032283348613 3.0924184322357178 4.318498134613037
4.114711761474609 7.467840822396539 3.7658326625823975 6.619051933288574
4.003846168518066 7.912012451622349 4.113466262817383 8.255159378051758
5.432175636291504 6.335038456631523 2.6493985652923584 2.755570888519287
4.699619293212891 7.827710364378163 3.315664291381836 4.555556297302246
3.409846782684326 5.991169233108849 3.9125144481658936 6.719545841217041
2.7261908054351807 5.050543120317798 4.17840576171875 8.183302879333496
6.466980934143066 7.6760077283296155 2.878331184387207 3.0110065937042236
5.138742446899414 7.838714405003049 3.739607095718384 5.338217735290527
3.7516567707061768 6.425622176526872 4.5242743492126465 8.18089771270752
2.97762393951416 5.095976348372311 4.881162643432617 10.094030380249023
7.801889896392822 9.533887207807766 3.2478156089782715 3.4220776557922363
6.495573997497559 9.713310288201695 4.412515163421631 6.585015773773193
4.497594833374023 5.879715524481526 5.477227687835693 10.43690013885498
4.066617965698242 7.6596216499381296 5.957596302032471 12.997833251953125
5.841325759887695 6.8048654785293365 3.2415871620178223 3.3981757164001465
5.123654842376709 8.727548933613434 4.245431900024414 6.060478210449219
2.676710367202759 5.169092653617276 4.988527297973633 8.948858261108398
2.6903514862060547 4.895995770743866 5.261219024658203 10.787275314331055
7.168337345123291 8.459925227326117 3.557741165161133 3.7660481929779053
4.936598300933838 7.049394659099363 4.885036468505859 7.327577590942383
4.339244365692139 7.677776529335006 5.896416187286377 11.234899520874023
3.9516141414642334 6.705274408023687 6.289844512939453 13.685799598693848
8.822319984436035 10.711943200081464 4.100185871124268 4.40273904800415
6.179238319396973 9.377247252707942 5.95070219039917 9.453007698059082
4.871443271636963 9.036190632209724 7.368365287780762 14.858306884765625
4.436744213104248 7.595535919982524 7.917031288146973 18.169822692871094
4.237039089202881 4.9230010291499795 3.677851915359497 4.050332069396973
3.806931972503662 6.019129198196005 5.026094913482666 7.493821144104004
3.2426671981811523 4.846009455002168 5.921271324157715 10.950770378112793
2.0531859397888184 3.866477147846531 6.1742658615112305 13.013848304748535
6.332480430603027 7.418128036696402 4.132983207702637 4.6214799880981445
5.733335494995117 9.520954775255621 5.888455390930176 9.273144721984863
4.297989845275879 7.3659769770497405 7.090417861938477 13.969030380249023
3.7298688888549805 5.75434480672925 7.477535724639893 16.747692108154297
8.049753189086914 9.620043497861687 4.907741546630859 5.597274303436279
5.633629322052002 8.106484134586935 7.349844455718994 12.288415908813477
4.779169082641602 8.217036228442431 9.025125503540039 18.817041397094727
4.395424842834473 7.053079615209754 9.577476501464844 22.56327247619629
5.267681121826172 6.239402110109552 2.115399122238159 2.1979217529296875
4.417295455932617 6.657415056461289 2.5772006511688232 3.573521852493286
3.4363620281219482 6.466847370291703 2.9402248859405518 5.083885669708252
2.5781521797180176 4.698153827226179 3.0814926624298096 6.017075538635254
5.903440952301025 7.079785157709189 2.2717409133911133 2.370739459991455
3.356560230255127 6.262039121068483 2.852809429168701 4.080047130584717
3.950693130493164 5.959608088239349 3.317293882369995 5.99523401260376
3.2333550453186035 6.305511969737239 3.4945414066314697 7.1654791831970215
6.839276313781738 8.651335917618194 2.503260612487793 2.624835968017578
5.685284614562988 10.135267275258713 3.2585384845733643 4.822213172912598
4.5221147537231445 7.601441541839414 3.8676061630249023 7.315789699554443
4.084199905395508 5.747751190479853 4.094723701477051 8.815470695495605
6.444644927978516 7.5624234106685435 2.7846884727478027 2.9081687927246094
5.2557148933410645 8.754216025009555 3.5239927768707275 5.105928897857666
2.85263991355896 4.599283088361339 3.9963605403900146 7.378391742706299
1.9352117776870728 3.649435409395295 4.105877876281738 8.653067588806152
7.263738632202148 8.706297005227952 3.0277631282806396 3.1867239475250244
4.7637248039245605 7.054867655751793 4.030488014221191 6.106204986572266
3.854647159576416 6.488451632108809 4.694307804107666 9.168835639953613
3.894648551940918 7.201455062444849 4.855829238891602 10.853689193725586
8.456555366516113 10.509728616945011 3.4131946563720703 3.6276590824127197
6.299777984619141 8.798251170768253 4.81928014755249 7.66713809967041
5.414217948913574 8.934143532481357 5.7595720291137695 11.884754180908203
4.065145492553711 6.600657378129426 5.990600109100342 14.134804725646973
6.883366107940674 8.117374241018963 3.3818161487579346 3.5991671085357666
4.150391578674316 6.30520526245644 4.584745407104492 6.928678035736084
3.5479485988616943 5.956240872343187 5.158679008483887 9.973848342895508
2.348904609680176 4.666091350052284 5.193787097930908 11.503944396972656
7.98159646987915 9.577005649700542 3.7310848236083984 4.011574745178223
5.577391624450684 8.616908844429588 5.375589370727539 8.585479736328125
3.8544795513153076 6.94278200597935 6.2402424812316895 12.831361770629883
2.9857521057128906 5.660739205337904 6.335136890411377 14.926642417907715
9.715877532958984 11.868102701673482 4.320235729217529 4.717797756195068
6.507564067840576 9.575959422333781 6.673158168792725 11.275750160217285
4.759496212005615 7.922114445842652 7.938570499420166 17.239830017089844
3.5415396690368652 6.81207029345849 8.10210132598877 20.0855655670166
4.749361515045166 5.5372220977705044 3.99029541015625 4.519473552703857
3.6862847805023193 4.861346977562086 5.482548713684082 8.50507640838623
3.871466636657715 6.3116364461602785 6.175048828125 12.275121688842773
2.4782774448394775 4.488750366350455 6.129397869110107 13.95931625366211
5.387135028839111 6.31065744458853 4.524337291717529 4.9205217361450195
4.704275608062744 7.214182397192644 6.527434349060059 10.778609275817871
3.1287624835968018 4.803416188811298 7.597548007965088 16.082645416259766
2.62619948387146 4.294056628000817 7.618438720703125 18.447338104248047
7.274620056152344 7.523033133243416 3.784414052963257 6.093254089355469
5.4558796882629395 8.685124505715356 8.296918869018555 14.631242752075195
5.562109470367432 7.51602113771969 9.871015548706055 21.97658348083496
4.468621730804443 6.224517675569015 9.948026657104492 25.192543029785156
5.132704257965088 6.475852783242431 2.041879653930664 2.110912561416626
4.09100866317749 7.021770995534894 2.474987745285034 3.3735432624816895
3.231600761413574 5.526329266698184 2.889620542526245 4.8554487228393555
2.471477508544922 4.505902269674834 3.104816436767578 5.844382286071777
5.720606327056885 7.292135528179642 2.206441879272461 2.2915589809417725
5.215430736541748 8.78491616884321 2.7444841861724854 3.8536481857299805
3.7224581241607666 6.8099295028121105 3.258281707763672 5.7237935066223145
3.2522401809692383 4.039905595784128 3.521376371383667 6.979761600494385
6.76322603225708 8.897103713713626 2.4579997062683105 2.5698070526123047
5.9417500495910645 9.373257298149838 3.15822696685791 4.61262845993042
4.83975887298584 8.05700031307406 3.8154244422912598 7.073949813842773
3.886054754257202 6.581965142383137 4.140536785125732 8.704901695251465
6.301934719085693 7.919748204365252 2.645465850830078 2.7329561710357666
4.343190670013428 7.480941101330245 3.296459197998047 4.676118850708008
3.361589193344116 6.007520850647097 3.8216166496276855 6.847023963928223
3.2669854164123535 4.334999055257526 4.040834426879883 8.212570190429688
7.048218250274658 9.06967964592161 2.895382881164551 3.019228219985962
5.58985710144043 9.421859513147986 3.7687315940856934 5.58526611328125
3.2969908714294434 5.887297174848783 4.472701549530029 8.483861923217773
2.9681124687194824 4.877979014737633 4.7655158042907715 10.295248031616211
8.22775650024414 10.92747845445252 3.3083269596099854 3.495850086212158
6.092292308807373 10.376981778309869 4.554094314575195 7.137109756469727
3.959643840789795 6.762202426466811 5.522075176239014 11.178159713745117
3.862954616546631 6.651562306386201 5.899278163909912 13.601763725280762
6.748388290405273 8.491906554054701 3.3911936283111572 3.53684401512146
4.6264777183532715 8.255952935261746 4.326404094696045 6.358966827392578
3.4726946353912354 6.086008330331065 4.867321014404297 9.123017311096191
2.9135260581970215 4.832029110583779 5.004471778869629 10.710186958312988
7.862051486968994 10.095432112751553 3.7436790466308594 3.9479048252105713
4.30033540725708 6.215556743875823 5.063498497009277 7.850894451141357
4.079465866088867 6.6575619823826795 5.843173503875732 11.676966667175293
3.8040943145751953 6.71746904305769 6.062978267669678 13.84575366973877
9.412422180175781 12.356803640270499 4.361724853515625 4.688777923583984
6.567838191986084 11.361505088201511 6.3501763343811035 10.51018238067627
5.454872131347656 9.083072101443292 7.484581470489502 15.99831771850586
3.684302806854248 6.479164609827478 7.775362014770508 18.908113479614258
5.079015731811523 6.320323993101059 3.8609859943389893 4.2611470222473145
3.0267703533172607 4.974831408197133 5.4291863441467285 8.359875679016113
2.6616594791412354 4.501236477891297 5.872504711151123 11.33145523071289
2.654552459716797 4.598940443800302 5.8423871994018555 12.892255783081055
6.106616497039795 7.431738672896131 4.376150131225586 4.9163007736206055
5.131972789764404 7.985888315616421 6.466701030731201 10.5531644821167
4.404267311096191 7.517819992672287 7.148691654205322 14.742916107177734
3.71881103515625 5.915941337966174 7.188787460327148 16.943836212158203
7.375370979309082 9.142483378966517 5.287240505218506 6.107681751251221
5.068901538848877 8.396274028306152 8.306467056274414 14.422102928161621
4.847712993621826 7.944029355503801 9.334686279296875 20.535049438476562
4.557394504547119 8.262375688802502 9.4057035446167 23.493650436401367
4.6843061447143555 5.4224872058208575 1.8330316543579102 1.8987395763397217
4.4173078536987305 6.4601824043829765 2.2034759521484375 2.905545949935913
2.936152458190918 5.577722278249894 2.587874412536621 4.1076483726501465
3.1107380390167236 5.110758742715575 2.812812089920044 4.9544267654418945
5.382999897003174 6.464936683308423 1.9807453155517578 2.0553152561187744
5.0435380935668945 7.725544604015571 2.415722608566284 3.2499594688415527
3.7412781715393066 7.072152994837495 2.873231887817383 4.727921009063721
2.781148910522461 3.9840555899909305 3.1404807567596436 5.782012939453125
6.245768070220947 7.920843664737911 2.2076969146728516 2.296936273574829
5.652966499328613 8.724969584431165 2.7461490631103516 3.78997802734375
4.594672679901123 7.643616304542497 3.310624361038208 5.677541732788086
3.8274343013763428 6.651344720368895 3.6337530612945557 7.0272111892700195
5.621894359588623 6.605599334766339 2.3048975467681885 2.40657901763916
5.398320198059082 8.322347097933994 2.8158857822418213 3.829930305480957
3.845970630645752 5.895423359149959 3.3242759704589844 5.545096397399902
1.8932703733444214 3.629446368396657 3.5962953567504883 6.726071834564209
6.392817974090576 7.821160468282609 2.5313053131103516 2.6464834213256836
4.736905097961426 7.521913857996431 3.1725661754608154 4.4509758949279785
4.167626857757568 5.930311438316494 3.8153367042541504 6.692727565765381
2.1936211585998535 3.39179090698417 4.157948017120361 8.24336051940918
7.662201881408691 9.753154198047469 2.8930463790893555 3.0392072200775146
6.458166599273682 10.457650825748317 3.756131172180176 5.486970901489258
4.8173418045043945 7.338288046006085 4.600054740905762 8.528532981872559
4.807905197143555 8.288187474983658 5.033809185028076 10.610618591308594
6.119032382965088 7.23404124046327 2.911722183227539 3.129204273223877
5.472644329071045 8.59717193045767 3.5528745651245117 5.023634433746338
3.491690158843994 6.203128288301286 4.137551784515381 7.201189994812012
2.1916370391845703 4.118595179511658 4.414161682128906 8.64073371887207
7.1120805740356445 8.727805287199317 3.2100086212158203 3.4478702545166016
4.214128017425537 7.100956774814563 4.075921058654785 5.994778633117676
4.083889007568359 7.144412055728708 4.856457233428955 8.974608421325684
2.8632662296295166 4.894172434727759 5.225015163421631 10.935112953186035
8.657151222229004 10.813706251513736 3.710374593734741 4.0024261474609375
6.6018595695495605 9.747799999423464 4.956452369689941 7.666142463684082
5.120572090148926 7.458754014202839 6.029857635498047 11.854482650756836
4.044791221618652 6.925711249712542 6.513859272003174 14.548880577087402
5.375833034515381 5.804415592850859 3.0505337715148926 3.4335813522338867
4.730801105499268 7.514806398444534 4.484161376953125 6.57110071182251
3.925031900405884 7.181635014689844 4.902459144592285 8.825237274169922
1.8614954948425293 3.1677497686326888 5.127399444580078 10.349477767944336
6.47283935546875 6.850650450869267 3.4629132747650146 3.9330434799194336
5.212603569030762 8.589243864039574 5.113537311553955 7.941728115081787
4.381845474243164 7.228690916226501 5.823558807373047 11.178954124450684
2.7538902759552 4.668369929232187 6.150424957275391 13.318635940551758
6.3996901512146 6.810699260871843 4.171737194061279 4.82463264465332
6.110269546508789 8.427077241344023 6.249789714813232 10.245535850524902
4.293163299560547 6.329579662300003 7.338153839111328 14.997673034667969
3.908515214920044 5.196680470345498 7.789716720581055 17.98462677001953
4.58781623840332 5.463276612786217 1.8846909999847412 1.9502689838409424
4.450240135192871 6.70695130447929 2.2759222984313965 3.059868574142456
3.3132100105285645 6.061597385804589 2.6586577892303467 4.3396196365356445
1.965782880783081 4.382552877718609 2.871143341064453 5.227827072143555
5.244940280914307 6.373720889026803 2.0279617309570312 2.106511354446411
4.751926422119141 7.728360971560733 2.4915895462036133 3.428232192993164
3.527928590774536 6.116102446753442 2.94329833984375 4.998140811920166
3.6582963466644287 6.566297702140776 3.1905956268310547 6.08845853805542
6.291833877563477 7.948747081969406 2.2467598915100098 2.3422329425811768
4.529395580291748 7.828890017232766 2.821519136428833 3.9888546466827393
3.9044201374053955 6.974760650107397 3.373063087463379 5.988277912139893
3.124541759490967 6.263813851052532 3.6665141582489014 7.366279125213623
5.487066745758057 6.521622850946166 2.372634172439575 2.455214023590088
4.125804424285889 7.289166805447053 2.897451400756836 4.024963855743408
3.5043771266937256 6.145407816819386 3.36250376701355 5.785001754760742
3.297236204147339 5.5155359987231805 3.602219343185425 6.985002040863037
6.4698028564453125 7.8734762525218684 2.5892832279205322 2.7000818252563477
5.013690948486328 8.292002946445537 3.249006986618042 4.677671432495117
4.3966875076293945 7.731833685638876 3.826385021209717 6.948730945587158
2.3236358165740967 4.125486332952022 4.118763446807861 8.485220909118652
7.835429668426514 9.857597444198248 2.93908953666687 3.090223789215088
6.593482971191406 10.384501707100185 3.8250162601470947 5.750785827636719
5.127204895019531 7.116908427047406 4.570529937744141 8.80958366394043
3.2273449897766113 5.24053717330321 4.9279279708862305 10.824268341064453
6.022270202636719 7.134785096682492 3.0436084270477295 3.1056180000305176
3.4748785495758057 5.582087334855714 3.6092567443847656 5.149138927459717
2.732717990875244 4.897042280893601 4.067257404327393 7.272820949554443
2.5634357929229736 5.267824607915053 4.290820121765137 8.696272850036621
7.254847526550293 8.760774278814097 3.322807550430298 3.450340986251831
4.967601299285889 7.947917873452752 4.098456859588623 6.13152551651001
3.9202466011047363 6.40947112370273 4.709627151489258 8.980473518371582
3.641261339187622 5.569915285921503 4.998342037200928 10.857993125915527
8.969115257263184 11.05620556803342 3.8052682876586914 4.021740913391113
6.3475518226623535 10.08989227289333 4.9514055252075195 7.83444356918335
4.100998878479004 7.004792177169762 5.7927350997924805 11.827496528625488
3.8001930713653564 6.843816193770522 6.154736042022705 14.334283828735352
4.678529262542725 5.230410504025144 3.169875383377075 3.4482312202453613
5.029881477355957 8.376066560681553 4.399423599243164 6.421853065490723
3.2767481803894043 5.8271348974520265 4.675753593444824 8.570122718811035
2.612856864929199 3.3423474900251904 4.842520236968994 10.088364601135254
6.682858943939209 7.379248754928096 3.3543057441711426 3.8814594745635986
5.172403335571289 9.001333334557557 4.990360260009766 7.681450366973877
3.9196300506591797 5.5907489573853155 5.460803031921387 10.737565040588379
3.4057512283325195 5.939890463388394 5.701595306396484 12.792598724365234
8.249756813049316 9.295890120284565 4.01345682144165 4.753291606903076
6.12634801864624 9.418239736592577 6.075594902038574 9.952118873596191
4.408931732177734 6.098617117047752 6.834106922149658 14.443634033203125
3.780289888381958 6.554161488510484 7.148838043212891 17.215110778808594
4.386316299438477 5.040061397479931 1.9068933725357056 1.9711467027664185
3.5842783451080322 5.978677763060944 2.309075117111206 3.1120831966400146
2.275243043899536 4.000927726222471 2.7102317810058594 4.413715839385986
2.295775890350342 3.9835249715108603 2.9398231506347656 5.331049919128418
5.0257134437561035 6.169198325601207 2.0433712005615234 2.1196987628936768
3.937351703643799 7.015450980208094 2.5234315395355225 3.4745874404907227
3.2039809226989746 5.786028014471735 3.006345748901367 5.062191963195801
3.3025074005126953 6.236498155469761 3.2809364795684814 6.182545185089111
6.0015869140625 8.003140399104495 2.2461061477661133 2.340569257736206
5.186307430267334 9.28672498781182 2.8422398567199707 4.0142502784729
4.248802185058594 7.744093975922928 3.4418156147003174 6.015252113342285
2.2283332347869873 4.109677035564836 3.777639865875244 7.428832530975342
5.274473190307617 6.117009669282652 2.4541845321655273 2.5343942642211914
3.909132242202759 6.372117357188785 3.0137858390808105 4.193957328796387
2.6616601943969727 5.191202787676048 3.5275750160217285 6.057876110076904
2.845885992050171 4.7930170110396375 3.7954864501953125 7.334028720855713
6.163583278656006 7.549873076528911 2.651811122894287 2.753965139389038
3.86578631401062 6.99651545438735 3.3735830783843994 4.8499016761779785
4.074173927307129 7.895831099326642 4.039024829864502 7.259567737579346
3.2872798442840576 5.677002694187493 4.381228446960449 8.897594451904297
7.523024559020996 9.764621777240336 2.9585678577423096 3.097609519958496
5.876124382019043 9.976708892771704 3.93015718460083 5.877038955688477
5.1156005859375 9.662321895440414 4.817646026611328 9.100667953491211
4.083647727966309 7.138598115588451 5.262303829193115 11.260796546936035
5.761671543121338 6.722030176679027 3.1227571964263916 3.265671491622925
4.705014228820801 7.388257079022377 3.8522684574127197 5.539578914642334
3.0215373039245605 4.536615256381083 4.414198398590088 7.9104461669921875
2.687764883041382 4.869679769233612 4.6718292236328125 9.463520050048828
6.914228439331055 8.485936715527316 3.391700267791748 3.573375940322876
5.343627452850342 8.719473138113676 4.386022090911865 6.575003623962402
3.5753095149993896 6.288762112268614 5.166426658630371 9.75658893585205
3.681807041168213 6.940874845073019 5.523318290710449 11.818538665771484
8.556617736816406 11.013498640720115 3.821227550506592 4.070443630218506
6.533507823944092 10.82568308529251 5.232932090759277 8.243858337402344
5.394384860992432 9.173804661842041 6.341328144073486 12.652669906616211
3.1548540592193604 4.67086122763628 6.832261085510254 15.440074920654297
4.355923652648926 4.8791482882234405 3.4190046787261963 3.8321988582611084
3.7423181533813477 7.0098394609190535 4.67025089263916 6.97061824798584
2.5206496715545654 4.764083368298543 5.2101263999938965 9.611807823181152
1.745639681816101 2.4578774848606955 5.414544105529785 11.310790061950684
5.752333164215088 6.415733463072115 3.813152313232422 4.321767807006836
5.186318874359131 8.392207809127429 5.389134883880615 8.406265258789062
4.221642971038818 6.524567859214017 6.175926685333252 12.054161071777344
3.0464179515838623 6.072631589584574 6.49553108215332 14.340611457824707
7.47249174118042 8.971568837983114 4.451172351837158 5.127495765686035
6.342853546142578 10.038155821033342 6.5379180908203125 10.744558334350586
5.21058464050293 8.464735144906065 7.707077980041504 15.904294967651367
3.678999900817871 5.41532525011064 8.178261756896973 19.03705406188965
4.392465114593506 5.456693176022554 1.7158498764038086 1.781191110610962
3.663986921310425 5.98427176024056 2.067808151245117 2.803987503051758
3.1250193119049072 5.9761325150827815 2.4249398708343506 4.038304328918457
2.387240409851074 5.274845275274174 2.6411986351013184 4.930171489715576
5.211087703704834 6.5251840350975385 1.8396670818328857 1.9138089418411255
3.3190205097198486 6.084676035843756 2.250242233276367 3.1090917587280273
3.0648415088653564 6.271475798740539 2.664260149002075 4.580075740814209
2.478785276412964 4.673227020611762 2.9152674674987793 5.652368545532227
6.236789226531982 8.080724944884352 2.0257210731506348 2.1124298572540283
5.001716613769531 8.474898309395712 2.5229642391204834 3.5608341693878174
4.184265613555908 8.148597956468166 3.0173630714416504 5.3696980476379395
3.192422389984131 5.394538502373479 3.314966917037964 6.694976806640625
5.302362442016602 6.577916716480104 2.022101879119873 2.110076427459717
3.6121504306793213 6.149830115714508 2.4657843112945557 3.463834524154663
3.1965644359588623 6.390586767207413 2.9107155799865723 5.151185035705566
2.545715808868408 4.610063255292516 3.1821887493133545 6.37749719619751
6.40602445602417 8.025457244220604 2.210688352584839 2.3139419555664062
4.157867431640625 5.089918293622532 2.758490800857544 3.981778621673584
3.320040464401245 6.366681987999044 3.2949512004852295 6.084203720092773
3.31745982170105 5.786245273217901 3.6210827827453613 7.620490074157715
7.690655708312988 9.949572753387088 2.5095651149749756 2.6385529041290283
5.430281162261963 8.755764874815668 3.2242491245269775 4.809985160827637
3.5352749824523926 6.2766323667416195 3.8949735164642334 7.535216331481934
3.426719903945923 7.046798995661618 4.29439115524292 9.516158103942871
5.7658586502075195 7.1659129489344195 2.409106492996216 2.545654535293579
4.742481231689453 7.086902212765608 2.8819994926452637 4.163753986358643
2.525749444961548 4.965626963202794 3.3608644008636475 6.235013008117676
2.582209348678589 4.900835247399321 3.673126220703125 7.756434440612793
7.028707027435303 8.876218591376812 2.658935546875 2.8155810832977295
5.736997127532959 9.585347106791062 3.289557695388794 4.917344093322754
3.87888240814209 7.6472196577174145 3.892911672592163 7.5820746421813965
3.157127618789673 6.503883999698743 4.2777252197265625 9.538368225097656
8.735203742980957 11.352109105722246 3.0759329795837402 3.2749552726745605
7.126964569091797 11.259280982528338 3.974835157394409 6.201932907104492
3.674640655517578 6.952768123599412 4.761807918548584 9.778745651245117
3.902954578399658 6.413765550762491 5.239491939544678 12.35850715637207
4.723878383636475 5.315219222387412 2.717482805252075 3.091766595840454
4.023207664489746 6.897404031301903 3.420689821243286 5.056324481964111
3.3120243549346924 6.424154654875781 3.7275819778442383 7.150266170501709
2.2878217697143555 4.911186934698435 4.055578231811523 8.865833282470703
6.332296848297119 7.543162108602246 3.0563855171203613 3.5069305896759033
5.679998397827148 8.256948307704377 3.903965473175049 6.0031304359436035
3.135529041290283 6.189111775673695 4.381306171417236 8.842850685119629
2.1849377155303955 3.4029865982790852 4.795656204223633 11.091900825500488
8.13620376586914 10.122589875654342 3.630966901779175 4.221804618835449
5.430144309997559 9.068242986572194 4.760781288146973 7.701775074005127
4.269489765167236 6.262153071123066 5.481246471405029 11.686868667602539
4.15339469909668 7.2672134016765995 6.00037956237793 14.692962646484375
4.549348831176758 5.467481106686511 1.887276530265808 1.9587129354476929
4.59940242767334 7.867347840142429 2.2948482036590576 3.1160898208618164
3.5119683742523193 5.7686856265528945 2.6578855514526367 4.4316558837890625
2.2978482246398926 4.341709562077085 2.8543200492858887 5.352663993835449
5.119321823120117 6.261014022063591 2.0197978019714355 2.103494167327881
3.966374158859253 7.001521253229157 2.5066211223602295 3.4767181873321533
3.817856788635254 6.934125417668611 2.950796604156494 5.083524227142334
3.017517328262329 5.738564526382675 3.1889569759368896 6.208856105804443
5.878101348876953 7.5533634492164765 2.220271587371826 2.321617364883423
4.969354152679443 8.708206193100352 2.8240954875946045 4.0220537185668945
4.545053005218506 8.307447758891612 3.3898582458496094 6.0677385330200195
4.002804279327393 6.330863382144997 3.688748359680176 7.492043495178223
5.243335723876953 6.368857178127424 2.3994710445404053 2.485360622406006
4.750922203063965 7.84813538830349 2.9751603603363037 4.137749195098877
2.4312584400177 5.215093388808622 3.4578421115875244 6.019495010375977
2.3841981887817383 4.353864565330696 3.6883668899536133 7.301566123962402
6.024665832519531 7.40954392310752 2.5923774242401123 2.701047897338867
5.1982598304748535 8.580602707594153 3.329674005508423 4.790304660797119
4.267467975616455 7.170608454644669 3.9685091972351074 7.23291540145874
3.257620096206665 5.228381334037223 4.272003650665283 8.88418960571289
7.006516456604004 9.015526988278452 2.901893138885498 3.0470876693725586
5.202352523803711 7.502202548757957 3.895667552947998 5.8399786949157715
4.630061626434326 6.549592102992753 4.775604248046875 9.156990051269531
4.173163414001465 6.647430109315493 5.185754299163818 11.346981048583984
5.59248161315918 6.81169931059253 3.029226303100586 3.161780595779419
5.294941425323486 9.22911034148774 3.812537908554077 5.438716411590576
2.8499133586883545 4.916849846415744 4.373802185058594 7.872998237609863
2.8208680152893066 4.543723082525082 4.595941543579102 9.437470436096191
6.524441242218018 8.039551945198937 3.2922847270965576 3.4594483375549316
5.4956865310668945 8.701129072851472 4.343446254730225 6.485300064086914
3.548788070678711 5.501199986291908 5.134171485900879 9.761459350585938
3.368603467941284 6.03793908923965 5.454351902008057 11.846899032592773
7.8715410232543945 9.996337025799093 3.7279839515686035 3.9626412391662598
5.843094348907471 9.40239155830858 5.231403350830078 8.233344078063965
4.952789306640625 7.98839947564619 6.380589485168457 12.832941055297852
4.392695426940918 7.572272189482419 6.839838027954102 15.663212776184082
5.28314208984375 6.0565844231862584 3.343975782394409 3.7433667182922363
4.976521968841553 7.895220988900633 4.656437873840332 6.936718463897705
3.498858690261841 6.446768153673872 5.233774185180664 9.68588924407959
2.620551586151123 4.766321554314187 5.4083943367004395 11.371813774108887
6.312405586242676 7.417472536454727 3.731163740158081 4.242856979370117
4.308215141296387 6.93168368369038 5.373985767364502 8.410459518432617
3.7803328037261963 6.40682522531506 6.222412109375 12.199392318725586
3.221670389175415 5.274900036537957 6.506147384643555 14.496332168579102
7.528472423553467 8.386437585014619 4.383124828338623 5.091707229614258
6.266967296600342 10.444293075176038 6.610751628875732 10.913854598999023
4.988335609436035 7.731802297327704 7.876104831695557 16.31699562072754
4.54027795791626 7.534473504839184 8.306336402893066 19.47591209411621
4.666927814483643 5.581958416767421 1.9180266857147217 1.9916431903839111
3.857041597366333 5.951155165227647 2.306762456893921 3.1643452644348145
3.1297221183776855 5.747295300544806 2.659911632537842 4.522339344024658
1.8763954639434814 3.530113289662893 2.8363661766052246 5.430999279022217
5.393206596374512 6.722492695761133 2.073734998703003 2.162914991378784
4.525930881500244 7.032178641812289 2.553541421890259 3.608072280883789
2.808866024017334 5.719712025453893 2.987095355987549 5.299246788024902
2.886932373046875 5.8876106223084435 3.192950487136841 6.409278392791748
6.373011112213135 8.263347175480085 2.3155834674835205 2.4273910522460938
5.140300750732422 7.582956178576154 2.9305431842803955 4.288721561431885
5.1137800216674805 9.226190949689908 3.477123498916626 6.475539684295654
3.6839027404785156 5.96782473007346 3.720026969909668 7.866350173950195
5.632166862487793 6.764479627706919 2.4658241271972656 2.567702054977417
4.749051570892334 7.284341636047429 3.0100321769714355 4.296045303344727
3.4548981189727783 5.8994189348563 3.449150800704956 6.234335422515869
2.660849094390869 5.025908908639337 3.6252408027648926 7.4492645263671875
6.55599308013916 8.183861524896884 2.7022135257720947 2.8371057510375977
4.466453552246094 7.600337935771364 3.433551788330078 5.117255210876465
4.392739772796631 8.11854760534493 4.02316951751709 7.675509929656982
3.168348789215088 5.302697163294852 4.244781017303467 9.235076904296875
7.884249687194824 10.114750480963792 3.0951004028320312 3.282733678817749
5.817378044128418 8.80993530104206 4.1156158447265625 6.454987049102783
4.813989162445068 8.399060547264405 4.922412395477295 9.958162307739258
3.833799362182617 6.8836448394696035 5.200352191925049 11.994271278381348
6.11271333694458 7.373858205295562 3.215394973754883 3.369213342666626
3.7687036991119385 6.259370620105699 3.874596118927002 5.724344253540039
3.6817233562469482 7.445475749676194 4.31374979019165 8.168221473693848
2.7684664726257324 5.200477098617461 4.438111305236816 9.58281421661377
7.2848429679870605 9.056748804305371 3.5384023189544678 3.7498507499694824
5.428704261779785 10.179178956698323 4.50159215927124 7.020943641662598
3.2342350482940674 6.404601046389246 5.163225173950195 10.37376594543457
3.3286166191101074 5.706468692894177 5.34434700012207 12.256929397583008
9.098567008972168 11.371259770752431 4.0987958908081055 4.410348415374756
6.19770622253418 8.764479324260098 5.540274143218994 9.182734489440918
5.222501754760742 8.323297439161497 6.528470516204834 13.932479858398438
3.982224464416504 7.053735101620163 6.779272079467773 16.456172943115234
5.304333209991455 6.0733191601067915 3.3823366165161133 3.7901597023010254
3.3941330909729004 5.698170129693153 4.791715145111084 7.29014778137207
3.319443941116333 5.808741492924355 5.1025614738464355 9.961909294128418
3.4669744968414307 5.227539197557235 5.134191513061523 11.426530838012695
5.890085220336914 6.259297372926085 3.824122190475464 4.361512660980225
5.053447246551514 8.943730155021967 5.625363349914551 9.114114761352539
4.0344977378845215 6.438606898468166 6.19716215133667 12.852834701538086
4.1076812744140625 6.468005843472497 6.287952899932861 14.856796264648438
7.745811939239502 8.096557293737774 4.576247215270996 5.356860160827637
6.649168491363525 10.900483713390713 7.01980447769165 12.125275611877441
4.534415245056152 7.6735129342187065 7.974094390869141 17.522525787353516
3.4996817111968994 6.116650102752374 8.139265060424805 20.26799964904785
5.4998555183410645 6.10803842592582 1.9664092063903809 2.0402944087982178
4.88222599029541 7.671053793652703 2.3966565132141113 3.2140092849731445
3.9709644317626953 6.639768291951874 2.7802860736846924 4.538566589355469
3.159184455871582 6.199526830019977 2.9633126258850098 5.426156044006348
6.0570597648620605 6.972549676734452 2.122936248779297 2.2122740745544434
5.320662975311279 8.052056782425552 2.646852731704712 3.652266502380371
3.1267614364624023 6.145057746580549 3.117406129837036 5.300379753112793
4.120009422302246 7.430516099052056 3.3407773971557617 6.401407718658447
6.833203315734863 8.01062696390892 2.367286443710327 2.479583501815796
5.6243157386779785 8.05156138741387 3.0374410152435303 4.332564830780029
5.136439323425293 8.129640812132784 3.6350622177124023 6.465630531311035
3.9974732398986816 6.888314298160228 3.912890911102295 7.87861442565918
6.576827049255371 7.394008189694151 2.551239013671875 2.663118600845337
5.256085395812988 6.89023629481494 3.1889407634735107 4.428205966949463
4.095464706420898 7.113723237901652 3.692788600921631 6.364688873291016
2.6601076126098633 4.906479233425159 3.890117883682251 7.5909504890441895
7.368689060211182 8.514247156659579 2.798433303833008 2.940253257751465
5.223719596862793 8.294987261920824 3.628920078277588 5.256267547607422
3.129833936691284 5.060932351172447 4.286510467529297 7.792766571044922
3.762892961502075 7.1359059799276565 4.549710750579834 9.38657283782959
8.44204044342041 9.94043627331794 3.210580348968506 3.4047014713287354
6.849717140197754 9.045820485766816 4.361586570739746 6.626352787017822
5.063887596130371 7.537997120686839 5.251672267913818 10.092118263244629
4.305712699890137 6.41815266997537 5.604560852050781 12.234071731567383
7.0718207359313965 7.9310207638243355 3.268228530883789 3.444398880004883
4.713980674743652 7.222152677832334 4.145420074462891 5.939094066619873
4.502306938171387 7.173598348192172 4.706265449523926 8.432865142822266
3.187345266342163 5.569514246931369 4.8624186515808105 9.89940357208252
8.13426685333252 9.378324039389554 3.6115074157714844 3.846090793609619
5.900126934051514 8.691701600009992 4.818889617919922 7.279940605163574
4.529994964599609 7.802366494993112 5.590095043182373 10.645394325256348
3.947451114654541 6.156023495928878 5.82613468170166 12.60653018951416
9.597128868103027 11.245575512955838 4.223972320556641 4.565885543823242
6.64406681060791 8.390668904673959 5.989452362060547 9.579803466796875
5.342975616455078 7.975489633442621 7.077571392059326 14.287550926208496
4.4473958015441895 6.4417060075060135 7.416299819946289 16.972917556762695
5.366869926452637 5.886640826599873 3.633882761001587 4.063625812530518
4.492022514343262 6.4158429307218 5.142524719238281 7.667507648468018
3.7682242393493652 6.060390325304297 5.649585723876953 10.374943733215332
3.293804883956909 6.202639894191542 5.708073616027832 11.918231964111328
6.940248012542725 7.971886218943723 4.132570266723633 4.686001300811768
4.647724628448486 5.954190898709012 6.052244663238525 9.512799263000488
3.3744819164276123 4.37363840522201 6.79581880569458 13.309440612792969
3.2520809173583984 4.052284274070416 6.9346022605896 15.415140151977539
8.376753807067871 9.565171556068393 4.997167587280273 5.778974533081055
5.960201263427734 8.505297355962739 7.6730217933654785 12.776572227478027
4.83551549911499 8.131726149906996 8.758136749267578 18.161540985107422
4.036541938781738 6.268454314909377 8.986174583435059 21.06584930419922
4.822543144226074 5.795008004511487 2.0906906127929688 2.151195526123047
3.7775397300720215 6.36883442675412 2.4770638942718506 3.320786476135254
3.1351938247680664 5.637256769477972 2.8571653366088867 4.762142181396484
2.323300361633301 3.9118106699888955 3.063624620437622 5.769018173217773
5.6275177001953125 6.909744608569625 2.2581560611724854 2.3315892219543457
4.57232141494751 7.430785698223417 2.7483837604522705 3.78292179107666
3.125005006790161 5.911147950529312 3.2307116985321045 5.601230621337891
3.2842724323272705 5.254287471794328 3.4892807006835938 6.878777980804443
6.959019660949707 8.838988439824101 2.5140020847320557 2.610092878341675
5.964513778686523 9.507011377143499 3.1646840572357178 4.509884357452393
4.736697196960449 7.93474477097493 3.8041839599609375 6.91758918762207
3.847489356994629 7.267093222820989 4.138113021850586 8.592976570129395
6.010405540466309 7.157425042700368 2.7874739170074463 2.884986639022827
4.699567794799805 7.8305871710015 3.389298677444458 4.747143745422363
3.680161237716675 6.365168950265229 3.8669397830963135 6.8765740394592285
2.071068286895752 3.666506513352317 4.071091651916504 8.268098831176758
7.070816516876221 8.63279636085339 3.0551464557647705 3.1791558265686035
4.777787208557129 8.003607069440704 3.889723062515259 5.672369480133057
4.206503868103027 6.111775428175397 4.554748058319092 8.530402183532715
2.214948892593384 3.202786077066321 4.83781623840332 10.392094612121582
8.963549613952637 11.102500664137455 3.495371103286743 3.671980619430542
7.408396244049072 11.11441430378136 4.710541248321533 7.225179195404053
5.767271518707275 8.927232738178802 5.6771650314331055 11.26426887512207
4.174200057983398 7.344280907623897 6.0759477615356445 13.820481300354004
6.412664413452148 7.658697342057621 3.563847780227661 3.740283250808716
4.470954418182373 7.004122597161313 4.5194993019104 6.608373641967773
2.084540605545044 3.1651137451987665 5.012547492980957 9.347360610961914
2.3196804523468018 3.787486570722649 5.135658264160156 10.97165584564209
8.005799293518066 9.644763663333947 3.946349859237671 4.203993797302246
5.977046966552734 9.910993910198954 5.317666530609131 8.187479019165039
3.116755247116089 5.642816279526301 6.074563026428223 11.994833946228027
2.950014352798462 5.899298542076423 6.2881622314453125 14.254420280456543
10.326454162597656 12.50532225611613 4.623246669769287 5.0109453201293945
5.8401641845703125 8.920480998767971 6.691790580749512 10.926297187805176
5.946308135986328 9.682717817829598 7.873292922973633 16.480119705200195
4.033295631408691 6.878300226515506 8.209485054016113 19.64932632446289
4.051647663116455 4.469886484443123 3.8686070442199707 4.333842754364014
4.151587963104248 6.864423889873779 5.6500630378723145 8.52214241027832
2.9236457347869873 5.642224150976745 6.079998016357422 11.679360389709473
2.6024680137634277 4.644908907167007 6.060245513916016 13.334052085876465
6.206034183502197 6.953875288892817 4.412705421447754 5.0223798751831055
5.2499098777771 7.4301964062222865 6.757388114929199 10.894657135009766
4.287520885467529 7.030532407089993 7.485871315002441 15.251572608947754
2.818767786026001 6.035746880916918 7.552907943725586 17.623266220092773
7.290732383728027 7.407780921943186 5.361586093902588 6.260734558105469
6.489358425140381 10.44112956882077 8.708891868591309 14.96017074584961
5.718539714813232 9.739098881555313 9.911431312561035 21.313928604125977
3.6547486782073975 6.400866253085496 10.078015327453613 24.70069694519043
5.402764797210693 6.099868318367015 2.2540886402130127 2.3425943851470947
4.611949920654297 6.51231042319796 2.7022974491119385 3.725148916244507
3.491159439086914 5.4361389949848515 3.030390739440918 5.179684162139893
2.034111976623535 2.975226733418026 3.1909091472625732 6.091403007507324
5.974254131317139 7.039622050450475 2.4787721633911133 2.593656063079834
4.744678020477295 6.963712163768207 3.0540647506713867 4.357696056365967
3.7209906578063965 6.491935565706456 3.4529380798339844 6.170117378234863
2.6491081714630127 4.594770149436743 3.637068510055542 7.29572057723999
6.704595565795898 8.143069408779013 2.83622670173645 3.0006330013275146
5.348905086517334 8.194380362121791 3.6006522178649902 5.368322849273682
3.9954380989074707 7.037297561248579 4.097081184387207 7.695556163787842
3.6879169940948486 4.243306425170431 4.310873508453369 9.120978355407715
6.425879001617432 7.214449329816929 2.9977777004241943 3.1540071964263916
5.213097095489502 7.801530368983418 3.7171287536621094 5.361593723297119
3.208348512649536 4.695960559613695 4.128707408905029 7.490384578704834
3.3786208629608154 6.026116914607655 4.275541305541992 8.755553245544434
7.018798351287842 8.35705147453234 3.3575918674468994 3.571711301803589
5.396860122680664 7.309463017327744 4.335550785064697 6.547584056854248
3.9358420372009277 6.6618802615602 4.875942230224609 9.33206558227539
3.7411725521087646 5.971573466653922 5.058823585510254 10.96427059173584
7.865544319152832 9.759617946950641 3.958512306213379 4.295568466186523
4.602408409118652 8.533560222728525 5.334280490875244 8.530465126037598
4.137447357177734 6.822940479975273 6.055536270141602 12.2478609085083
2.4363651275634766 4.028873658648183 6.284870624542236 14.388233184814453
6.7775959968566895 7.518925108608471 3.6928234100341797 3.932236671447754
4.524703502655029 6.32299650648514 4.817396640777588 7.245214462280273
3.034560441970825 4.352473961684154 5.304222583770752 10.026992797851562
2.3195993900299072 4.152697399762471 5.397271633148193 11.556375503540039
7.68255615234375 8.935448087295413 4.198857307434082 4.571363925933838
4.868521690368652 6.799315267681941 5.742544651031494 9.105281829833984
3.384572982788086 4.863503177745088 6.405466556549072 12.818947792053223
3.2768590450286865 5.404857105908377 6.543944835662842 14.837377548217773
8.636363983154297 10.528778313726065 5.085175514221191 5.716127872467041
6.266217231750488 9.470534203641307 7.2711358070373535 12.257428169250488
4.069155693054199 7.632689924177498 8.173370361328125 17.283605575561523
4.438385963439941 7.153523837406681 8.367570877075195 19.926645278930664
5.385370254516602 5.864361588502106 4.1579670906066895 4.8263936042785645
4.60353946685791 6.073019792667374 5.773460388183594 9.00687026977539
3.530205011367798 4.9084893060879535 6.334510326385498 12.296941757202148
2.834240198135376 4.390694574149393 6.350038051605225 13.939055442810059
4.975243091583252 5.223057677454364 4.904166221618652 5.819339275360107
5.576700210571289 7.683411826194629 6.97599458694458 11.579076766967773
4.281677722930908 6.390870579222632 7.744650840759277 15.925994873046875
3.7575032711029053 5.922115892921283 7.806173801422119 18.12421989440918
6.921879291534424 7.3196271448509265 6.237064838409424 7.592980861663818
6.518396854400635 9.284690460827278 9.018668174743652 15.86196517944336
5.440834045410156 8.185705725627418 10.0259428024292 21.72838020324707
3.2153267860412598 5.362910083927545 10.134033203125 24.567363739013672
4.299494743347168 5.533495178028943 1.7456573247909546 1.838505506515503
3.61250376701355 7.296852271943408 2.1933977603912354 3.083526372909546
2.777804136276245 4.991665531325111 2.5652432441711426 4.362427711486816
2.6324656009674072 4.921141169149337 2.7521536350250244 5.218132495880127
5.015290260314941 6.53610757072279 1.8757734298706055 1.9819127321243286
4.414523601531982 8.48145843866422 2.397794246673584 3.4478137493133545
3.258389472961426 6.019691383560509 2.8367621898651123 4.990528106689453
3.1221694946289062 5.727545152259978 3.0553622245788574 6.018265724182129
6.1446027755737305 8.38674840316395 2.076542854309082 2.2022626399993896
5.185389518737793 9.7414405780342 2.7125253677368164 4.002342700958252
3.8660173416137695 7.211973033485378 3.2497644424438477 5.941653728485107
3.187554359436035 6.14214032461058 3.511314630508423 7.220849514007568
5.700357437133789 7.1903991060286785 2.038024663925171 2.1573143005371094
4.4339985847473145 7.652493259563943 2.650921106338501 3.8645975589752197
2.773466110229492 5.394343022015619 3.1584692001342773 5.658446311950684
2.987489700317383 5.819354128635382 3.391590118408203 6.838859558105469
6.4504008293151855 8.45060487704103 2.2399230003356934 2.3822195529937744
4.786731243133545 8.215375359766858 2.9896492958068848 4.495179653167725
3.61124849319458 6.574840388634787 3.6177291870117188 6.776638031005859
2.6993677616119385 5.14867191253407 3.9023187160491943 8.260883331298828
7.773595333099365 10.670961827278575 2.5706686973571777 2.7503976821899414
4.3672709465026855 8.87393160376891 3.546459674835205 5.522121906280518
4.663056373596191 6.408881686600807 4.358398914337158 8.568195343017578
3.9540510177612305 6.806400043632664 4.714738368988037 10.507726669311523
6.281835079193115 8.041251078626203 2.3209762573242188 2.4680325984954834
4.885902404785156 9.342288025145535 3.111423969268799 4.675387859344482
2.7657384872436523 5.602263928484314 3.7489349842071533 6.971620559692383
2.235048294067383 4.6297454626947 4.010092258453369 8.437609672546387
7.389815807342529 9.732718851794743 2.5923783779144287 2.7731728553771973
5.442205429077148 9.833811385716217 3.596165895462036 5.606490612030029
3.7351861000061035 6.3946153686136995 4.412308692932129 8.637993812561035
3.4550468921661377 6.0401404051160625 4.743366241455078 10.538290023803711
9.06174373626709 12.275013485030033 3.0598766803741455 3.2999658584594727
6.354874134063721 10.912616995419217 4.435195446014404 7.204391002655029
3.8867709636688232 5.437501801848157 5.530888080596924 11.407082557678223
4.656038284301758 7.088991171881863 5.956742763519287 13.95891284942627
5.540496826171875 6.878217973460494 2.786618232727051 3.178452253341675
5.450489521026611 9.95437483410106 3.6590120792388916 5.596208095550537
3.185878038406372 5.565421505741028 4.268809795379639 8.11638355255127
2.40088152885437 3.5302533626559125 4.520224094390869 9.755020141601562
5.894836902618408 7.255874883122942 3.1423652172088623 3.6257593631744385
5.790018081665039 10.654379248927949 4.257662296295166 6.80273962020874
4.397294998168945 7.215500517876535 5.112390995025635 10.273452758789062
2.553720474243164 5.294176482662646 5.445560455322266 12.443148612976074
7.120242595672607 8.334084639649518 3.7616019248962402 4.404333591461182
6.2816619873046875 11.149089687655696 5.34355354309082 8.942041397094727
4.807861804962158 8.058790896582266 6.5732102394104 13.929131507873535
3.2143967151641846 6.202548870523906 7.013901710510254 16.886415481567383
5.233537197113037 6.171200179101257 1.8463466167449951 1.913225531578064
3.8659141063690186 6.400814359922833 2.235757350921631 2.994955539703369
3.3903255462646484 5.778975123028886 2.630906581878662 4.259321689605713
2.165931224822998 3.913089878650567 2.8449625968933105 5.12783670425415
5.651787281036377 6.829023266481727 1.9788975715637207 2.057875871658325
3.7769293785095215 6.328915773440428 2.4486887454986572 3.3685524463653564
3.8013296127319336 6.793267506790585 2.9286842346191406 4.94469690322876
3.651918411254883 5.639274318984334 3.186563014984131 6.028903961181641
6.324209690093994 7.983307272146874 2.17791485786438 2.2746946811676025
5.316830158233643 8.653202092380115 2.7687149047851562 3.934272050857544
4.106673717498779 7.696126484109612 3.370373010635376 5.979454517364502
3.7870137691497803 7.092178215429215 3.686340570449829 7.381049156188965
6.359946250915527 7.520849006301944 2.3500380516052246 2.439678192138672
4.212190628051758 6.680921878692089 2.8989145755767822 4.008450508117676
4.036147594451904 7.132082735381829 3.4090468883514404 5.8247504234313965
2.0367636680603027 3.8230285376320268 3.652740001678467 7.0271897315979
6.876048564910889 8.282770026191997 2.5461714267730713 2.661574125289917
5.264815807342529 7.87289589525335 3.256655216217041 4.676591873168945
4.354233264923096 7.499161102614266 3.921184539794922 7.074643611907959
2.381443500518799 4.262220954119982 4.235672950744629 8.654691696166992
7.862802028656006 9.822799105262355 2.8600387573242188 3.0138816833496094
6.0141143798828125 9.387250425283796 3.8271121978759766 5.754985332489014
4.851033687591553 8.334444426980781 4.7186198234558105 9.052910804748535
4.478453159332275 6.909323619270225 5.125007629394531 11.184995651245117
6.67244815826416 7.844948866019195 3.0411953926086426 3.1454880237579346
4.818457126617432 7.380986941293827 3.7524266242980957 5.336028099060059
3.2574238777160645 5.881628848390392 4.286581993103027 7.630762100219727
2.600757122039795 4.669803701850498 4.498688697814941 9.06398868560791
7.547584533691406 8.996735056547209 3.3047564029693604 3.457301378250122
5.008726596832275 7.25055672554371 4.28107213973999 6.392829418182373
2.9198262691497803 4.478565302289098 5.03507661819458 9.544997215270996
3.71651029586792 5.847763958061684 5.337313652038574 11.497538566589355
9.006939888000488 11.033456871321278 3.7456743717193604 3.973968267440796
6.063356876373291 9.136506891517186 5.160908222198486 8.162178993225098
5.087832927703857 8.585145995557923 6.240478992462158 12.649699211120605
3.99619460105896 5.863943747214648 6.652061939239502 15.332303047180176
5.667442798614502 6.266183674338208 3.394441843032837 3.6828360557556152
4.694324970245361 7.076520397103138 4.732784271240234 6.979855537414551
3.4522781372070312 5.525662085228504 5.126834869384766 9.392840385437012
2.973614454269409 4.909664939799555 5.236226558685303 10.857467651367188
5.238962173461914 6.303923378610534 3.774465560913086 4.165885925292969
4.72192907333374 7.022613510192798 5.447512626647949 8.495024681091309
4.064030170440674 7.293132401557685 6.080854892730713 11.908722877502441
2.963353395462036 4.546886890581732 6.2879838943481445 13.982791900634766
8.455305099487305 9.563018060887316 4.405342102050781 4.978026390075684
6.02234411239624 9.387039430685661 6.650804042816162 11.039584159851074
5.294747829437256 8.209873047645436 7.647135257720947 16.030149459838867
4.441074371337891 7.03321853946909 7.964533805847168 18.924592971801758
5.3131103515625 6.061459818551157 2.0041773319244385 2.066542625427246
4.738690376281738 7.552891171000164 2.3367605209350586 3.082750082015991
3.285102128982544 5.74048956576566 2.661220073699951 4.328132152557373
2.7225897312164307 4.175933679571244 2.8314285278320312 5.181462287902832
5.709759712219238 6.772047084083056 2.170278549194336 2.2449891567230225
3.457923650741577 5.008570718363899 2.580139636993408 3.501352548599243
3.0913689136505127 5.458739958058402 2.9742820262908936 5.065903186798096
3.590725898742676 5.831358412875375 3.1739048957824707 6.133862018585205
6.501906394958496 7.966541378855851 2.426553249359131 2.520292282104492
4.967817783355713 8.129022305149704 2.962989568710327 4.160621643066406
4.155920028686523 6.973869969949576 3.4635682106018066 6.213644981384277
3.7238879203796387 6.127882955063342 3.7017219066619873 7.590539455413818
6.399769306182861 7.30893770601665 2.6424031257629395 2.739145040512085
4.897677421569824 7.115042250119586 3.1144728660583496 4.286992073059082
3.136594295501709 5.562776695801915 3.4788687229156494 6.033074378967285
3.562791585922241 5.4707351682763345 3.627141237258911 7.148038864135742
7.041797161102295 8.302247592614322 2.899217128753662 3.028135061264038
5.55393123626709 9.085335997245124 3.5400681495666504 5.0905327796936035
4.330991268157959 5.664210775248051 4.027617931365967 7.422142505645752
3.6868042945861816 5.33454458371461 4.217370986938477 8.889019966125488
7.945304870605469 9.652813992747838 3.315770387649536 3.4978554248809814
6.12582540512085 9.365326156240997 4.255336284637451 6.44422721862793
4.636165618896484 6.625570473865166 4.933356285095215 9.698807716369629
3.4026105403900146 5.686854809092933 5.173871994018555 11.683106422424316
6.7883620262146 7.793072297277831 3.3944079875946045 3.563081741333008
4.950730323791504 7.59185222528601 4.02562952041626 5.762462615966797
3.923279047012329 6.601573850747343 4.34556770324707 7.902481555938721
3.097909688949585 5.351531911957238 4.41903018951416 9.175497055053711
7.727831840515137 9.038633607786046 3.7533020973205566 3.989441156387329
5.61054801940918 7.314789350762112 4.6595587730407715 7.048842430114746
4.082089900970459 6.890126133018779 5.147285461425781 10.035940170288086
2.9523119926452637 3.8343118706178814 5.2682271003723145 11.76484203338623
9.059682846069336 10.826968988367469 4.360069751739502 4.720013618469238
6.576690196990967 9.783508696680599 5.775748252868652 9.303984642028809
4.905781269073486 7.830325993974839 6.51876163482666 13.604153633117676
3.790564775466919 5.513076954991689 6.687221527099609 15.993660926818848
6.304955959320068 7.019068257248364 3.7856907844543457 4.315094470977783
4.009084701538086 6.144006762753406 4.906033039093018 7.302638530731201
3.5120675563812256 5.956340240691134 5.105683326721191 9.56358814239502
1.8555805683135986 2.507997170386716 5.074113368988037 10.875885963439941
6.917426109313965 7.811431956716774 4.3461408615112305 5.0640482902526855
5.9878387451171875 8.647373496464699 5.74573278427124 9.047652244567871
3.396134376525879 5.959727546584105 6.121311187744141 12.35554313659668
3.165644884109497 4.424510976241599 6.138128757476807 14.177522659301758
7.32213830947876 7.542843954299315 5.323639392852783 6.112949848175049
6.714270114898682 9.41126898965091 7.244146347045898 12.16821002960205
5.210736274719238 7.9487119458462985 7.894086837768555 17.04083251953125
4.379989147186279 7.736710151927124 7.944220066070557 19.57294464111328
5.079075336456299 6.176327532821688 1.8657701015472412 1.9440536499023438
4.357357978820801 7.3105392371246865 2.278104782104492 3.132098913192749
3.1530885696411133 5.167323906918284 2.6439828872680664 4.419504165649414
2.6102652549743652 4.212131945973319 2.817648410797119 5.26669979095459
5.605565547943115 6.883183010142986 2.024022340774536 2.1163620948791504
3.9809861183166504 5.589061238764586 2.5214667320251465 3.568045139312744
3.4489572048187256 6.394688718073326 2.9564499855041504 5.166705131530762
1.634265661239624 1.9815914401675627 3.1540839672088623 6.207548141479492
6.345890522003174 8.173859008687486 2.268805742263794 2.3832805156707764
5.465856075286865 9.277469392169213 2.904031991958618 4.258813858032227
3.4756245613098145 5.6566171646520615 3.4402506351470947 6.331275939941406
3.484215497970581 6.2517418792320285 3.6671030521392822 7.6422834396362305
6.0366411209106445 7.2443888815836885 2.3537521362304688 2.4646191596984863
4.401322364807129 7.661595839057959 2.9038243293762207 4.136130332946777
3.9282236099243164 6.693876968252425 3.356790781021118 5.930437088012695
1.8763597011566162 3.1663648535658524 3.5473272800445557 7.0881571769714355
6.7704691886901855 8.297185833470394 2.59863018989563 2.737942695617676
4.967302322387695 7.7985733431055735 3.3155224323272705 4.92131233215332
3.8971481323242188 5.155785979030497 3.8937244415283203 7.28607702255249
3.714918851852417 5.971455992274402 4.123075485229492 8.77306842803955
7.761864185333252 9.877168310268047 2.995931386947632 3.1851212978363037
4.88908052444458 7.311249720908165 4.004038333892822 6.244370460510254
4.7474894523620605 7.519830478153324 4.769443035125732 9.499094009399414
3.9839959144592285 5.382146404162313 5.041888236999512 11.448031425476074
6.538383960723877 7.828748450364969 3.022113800048828 3.197063684463501
5.365037441253662 8.340741790769016 3.6153714656829834 5.297756195068359
2.882256507873535 5.4159488926097765 4.078211307525635 7.495207786560059
2.0178375244140625 4.0185397116978265 4.252775192260742 8.887909889221191
7.570521831512451 9.242873927718392 3.344416379928589 3.5642282962799072
4.6888885498046875 7.538111974636095 4.2061543464660645 6.493452548980713
2.9313037395477295 4.9646854895117585 4.85492467880249 9.52535343170166
3.7784647941589355 5.727507336537258 5.080240249633789 11.370271682739258
8.891091346740723 11.095518177388726 3.891864538192749 4.205214023590088
6.537869930267334 9.905397500603272 5.241111755371094 8.585039138793945
4.770320892333984 6.972534360731061 6.1630377769470215 12.914738655090332
3.6641905307769775 5.913358676428421 6.43573522567749 15.37699031829834
5.116883277893066 5.643057303953356 3.274026870727539 3.733846426010132
5.03434419631958 8.554274333588694 4.376427173614502 6.5379958152771
3.4083335399627686 5.675843651473315 4.693287372589111 8.843338012695312
3.029855966567993 4.900759509036895 4.823796272277832 10.356857299804688
7.176159858703613 7.7605251769464125 3.727489948272705 4.311625957489014
5.6518073081970215 8.621120873113796 5.116028308868408 8.121479988098145
4.259293079376221 7.042172679875044 5.674400806427002 11.464319229125977
3.52191162109375 5.660443498925815 5.863823890686035 13.51346206665039
7.594926834106445 9.17352954349073 4.519826412200928 5.339333534240723
5.340049743652344 8.534972623173417 6.449154853820801 10.931002616882324
4.544430732727051 6.774110553047542 7.356268405914307 15.875460624694824
3.770843505859375 5.01541070851124 7.587735176086426 18.629152297973633
5.257871150970459 6.641581564153796 2.017521858215332 2.1259782314300537
4.032168388366699 6.7714138379558335 2.470256805419922 3.4802112579345703
2.850499153137207 5.396869478744861 2.830815553665161 4.819886684417725
1.9144319295883179 3.949734473268961 3.008700370788574 5.6340203285217285
5.708680152893066 7.339860900437543 2.1677427291870117 2.289001226425171
4.775533676147461 7.952239532586557 2.715212345123291 3.911557912826538
3.322970390319824 5.168360759497162 3.1623833179473877 5.596519947052002
2.8077392578125 4.815416258413336 3.3808865547180176 6.646169185638428
6.404982566833496 8.454115590926627 2.385880947113037 2.5284500122070312
4.6263580322265625 8.847135459123365 3.073704242706299 4.559260368347168
3.5063211917877197 6.551404759173529 3.647489547729492 6.75247859954834
3.833350419998169 6.8893688229238705 3.921522378921509 8.13551139831543
6.231200695037842 7.969042959183753 2.6356987953186035 2.7956244945526123
4.65160608291626 7.972283470848595 3.2834155559539795 4.80006217956543
2.353095769882202 3.540376042976618 3.73380970954895 6.732133388519287
2.7119967937469482 5.524843441957557 3.9176018238067627 7.847229957580566
6.899972438812256 8.907183594703923 2.8620595932006836 3.0505568981170654
3.8765194416046143 7.883906965763003 3.7028329372406006 5.605525016784668
4.0419769287109375 6.593779472326446 4.312990665435791 8.183470726013184
3.077354907989502 5.270505353687959 4.564477443695068 9.708776473999023
7.969593048095703 10.360629912964296 3.2035152912139893 3.44101619720459
5.831890106201172 9.848718062840556 4.349677085876465 6.877563953399658
4.793482780456543 7.202405792804711 5.202301025390625 10.439289093017578
2.951864004135132 5.352443185539244 5.5462565422058105 12.560784339904785
6.706637859344482 8.577238962791853 3.433323383331299 3.6654369831085205
4.477663993835449 7.228531091093828 4.268650531768799 6.450375556945801
3.4671285152435303 5.078946166433575 4.715424060821533 8.877646446228027
2.4871976375579834 3.781893344920296 4.84982967376709 10.186739921569824
7.593196392059326 9.812757750732544 3.738328218460083 4.035879135131836
5.0024518966674805 8.300947696824394 4.894250869750977 7.750678062438965
3.808596134185791 6.096390042661483 5.5709710121154785 11.113734245300293
2.9601473808288574 5.046453167075761 5.794411659240723 12.981731414794922
9.05456829071045 11.748718758660686 4.220638275146484 4.626172065734863
5.837939739227295 9.951574749801637 5.896700859069824 9.853460311889648
3.4513518810272217 6.447372268818981 6.926029205322266 14.64696216583252
3.6981208324432373 6.499878767471387 7.26608419418335 17.325952529907227
4.786245346069336 5.91074332306394 3.821993589401245 4.3811492919921875
5.054375171661377 7.666420118262408 5.342088222503662 8.328147888183594
3.2528581619262695 6.079065958570709 5.604202747344971 10.865554809570312
1.5915608406066895 2.5538292647898397 5.639880180358887 12.204646110534668
5.214804649353027 6.310919688461098 4.277975082397461 4.9982428550720215
5.438595294952393 9.126607978895095 6.159273624420166 10.161408424377441
3.364856243133545 6.551051420832323 6.705493927001953 13.821864128112793
3.356041431427002 5.541481509290876 6.839988708496094 15.797530174255371
6.839668273925781 7.972943555861313 5.009799957275391 5.990590572357178
6.1054253578186035 8.937815795142683 7.511000633239746 13.161541938781738
4.427576065063477 6.917089557696158 8.476941108703613 18.482553482055664
3.513885498046875 6.1870872357612825 8.733373641967773 21.378416061401367
4.589537620544434 5.636328254555804 2.276766061782837 2.378872871398926
3.4859421253204346 6.406551467676767 2.827463150024414 3.9041333198547363
2.7091357707977295 4.8764933196098355 3.2472472190856934 5.46596097946167
1.2672244310379028 2.218986595793684 3.4147417545318604 6.436781406402588
5.4525322914123535 6.755993219979711 2.453562021255493 2.581754207611084
4.043584823608398 7.2673664070888435 3.1323413848876953 4.496392726898193
3.772636651992798 7.1178219473418665 3.65537166595459 6.495662212371826
3.782320022583008 7.27275436865807 3.8656163215637207 7.7486162185668945
6.587512493133545 8.255855068399569 2.731694221496582 2.897106885910034
4.808900833129883 6.766168487005551 3.6059610843658447 5.403885841369629
5.028298377990723 7.886633477587328 4.269537925720215 8.039417266845703
2.45339035987854 4.5311475739307525 4.528888702392578 9.67833423614502
5.448370933532715 6.6813992633206 2.966148614883423 3.1185622215270996
4.353635311126709 6.834876340857875 3.861379861831665 5.586428642272949
3.611887216567993 6.165437474175285 4.42712926864624 7.948428153991699
1.992639183998108 3.4907620089625198 4.603863716125488 9.330281257629395
6.507663249969482 8.087873002309664 3.2526090145111084 3.463597536087036
4.300971508026123 5.390675172649026 4.413041591644287 6.751674652099609
4.727962970733643 7.81771957021283 5.160900592803955 9.927350997924805
3.5701096057891846 6.024427036443278 5.3995280265808105 11.787938117980957
8.001688957214355 10.001168190529945 3.73422908782959 4.046849250793457
5.7081804275512695 9.468080017252532 5.339073181152344 8.705222129821777
3.228689432144165 5.965844722035797 6.335389137268066 13.06855297088623
4.662720680236816 7.089225431731677 6.633885383605957 15.550183296203613
5.892385959625244 7.1552165385340345 3.446622610092163 3.7069382667541504
3.8271751403808594 5.914581304371422 4.898394584655762 7.395129203796387
3.700413227081299 6.646403119096959 5.609102725982666 10.532249450683594
2.859851837158203 4.916691450117064 5.77938985824585 12.283931732177734
7.164360523223877 8.782394142432167 3.8984622955322266 4.257752895355225
5.300004959106445 8.374105211125823 5.750071048736572 9.244617462158203
3.387357234954834 5.924543752212628 6.711452960968018 13.594624519348145
3.114163637161255 4.555931667308414 6.95525598526001 15.984481811523438
9.003125190734863 11.126948964781946 4.664861679077148 5.2372307777404785
6.498230934143066 10.100547115039717 7.2439284324646 12.553074836730957
4.250522613525391 8.307845151281166 8.544852256774902 18.587785720825195
4.265154838562012 6.7098414081680815 8.833582878112793 21.74825096130371
3.807584524154663 4.831328071823577 2.880014657974243 2.5311198234558105
3.8732857704162598 6.577931961226049 5.688888072967529 8.896099090576172
2.419104814529419 4.163186106446119 6.562771320343018 12.658599853515625
2.5144546031951904 4.802379160132659 6.725649356842041 14.683157920837402
6.661112308502197 8.22170702740192 3.6010935306549072 3.1248137950897217
5.530019283294678 8.440274537846449 6.825583457946777 11.387794494628906
3.5906782150268555 5.8883547749435365 7.987551212310791 16.650293350219727
3.497870445251465 4.98089747510636 8.228055000305176 19.40327262878418
7.977688312530518 9.470025412921492 4.545653343200684 4.6167707443237305
6.745975494384766 9.451520651690117 8.856882095336914 15.945363998413086
4.847907066345215 8.242859277396633 10.401653289794922 23.23553466796875
3.938004732131958 6.100820370649558 10.661312103271484 26.81392478942871
4.945898056030273 5.962284701332209 2.0831639766693115 2.1670455932617188
3.902334213256836 5.690011506348242 2.5450127124786377 3.4822778701782227
3.5596559047698975 6.6006316868688915 2.992830276489258 5.011918544769287
2.5252575874328613 4.043858509927318 3.21980881690979 6.043227195739746
5.741786956787109 7.116081299699999 2.255399703979492 2.3545587062835693
4.652868747711182 8.666596219128714 2.8332204818725586 3.9982762336730957
3.385709047317505 6.065634141439318 3.396121025085449 5.953656196594238
3.198115825653076 5.761250463260808 3.6727659702301025 7.252359390258789
6.928483009338379 8.869512080466166 2.520627498626709 2.642899990081787
5.079200267791748 9.380102174653757 3.2771975994110107 4.794211387634277
3.975672721862793 7.740633319259033 4.008118152618408 7.390657901763916
4.186896800994873 6.52292184287224 4.349314212799072 9.078675270080566
6.107011318206787 7.3959832818145514 2.7565925121307373 2.890024185180664
4.378878116607666 8.00878660534294 3.4542713165283203 4.937028408050537
3.511091947555542 6.860755587070798 4.030482769012451 7.192561149597168
1.9139565229415894 3.751684168316473 4.271810531616211 8.618972778320312
7.194371700286865 8.963384941093073 3.0242977142333984 3.192864418029785
5.581775188446045 9.513373700955537 3.98065185546875 5.945147514343262
3.2591819763183594 4.846632027492177 4.770203113555908 9.009672164916992
3.599717140197754 6.082908502441064 5.08511209487915 10.888235092163086
8.79118537902832 11.26165698933065 3.4634082317352295 3.68782114982605
5.915349960327148 10.050835765350609 4.838385581970215 7.595258712768555
5.052835464477539 8.83080102608341 5.946685791015625 11.908267974853516
4.365747928619385 7.379361565545956 6.350719451904297 14.445011138916016
6.622591018676758 8.10762663956939 3.5358774662017822 3.7383251190185547
3.9817464351654053 7.2926745941323645 4.566767692565918 6.795046329498291
3.2944517135620117 6.057116572170457 5.178891181945801 9.689342498779297
2.017650604248047 3.5051414978011053 5.3545966148376465 11.358428001403809
8.07897663116455 10.039527788387545 3.9204864501953125 4.1992411613464355
5.357941627502441 9.013788172583793 5.396368026733398 8.477777481079102
4.302388668060303 6.711250740667765 6.309368133544922 12.558097839355469
3.0154178142547607 5.742547991890092 6.56801700592041 14.817093849182129
9.930441856384277 12.537607901045916 4.587548732757568 4.997949123382568
6.8799729347229 10.991847803608337 6.800014019012451 11.321995735168457
4.74957275390625 7.482150646148575 8.159423828125 17.196683883666992
4.192707538604736 7.078081417536634 8.502264022827148 20.282684326171875
3.7765121459960938 4.390013689705029 4.123191833496094 4.632465362548828
4.278995037078857 5.6908769100819185 5.636845111846924 8.820178031921387
1.9799727201461792 2.5678970440026205 6.230194568634033 12.026956558227539
1.8807100057601929 2.6809729853544013 6.276787281036377 13.727818489074707
6.7275919914245605 7.906460012721936 4.725168228149414 5.378490447998047
5.807007789611816 8.64071350731827 6.773675441741943 11.191405296325684
4.2507476806640625 7.230897842700415 7.708024501800537 15.853707313537598
3.5337650775909424 6.207013092378702 7.838371276855469 18.21109962463379
7.773666858673096 9.274571991826306 5.792484283447266 6.616514205932617
6.7568678855896 10.059839630544047 8.738551139831543 15.322786331176758
4.7465057373046875 6.37598745024502 10.161057472229004 22.03383445739746
3.043897867202759 5.376875140351114 10.353742599487305 25.264263153076172
4.581993103027344 5.156623786003365 1.7470064163208008 1.7948052883148193
3.9855430126190186 5.823217419144896 2.0577995777130127 2.652927875518799
2.505331039428711 4.102663743912217 2.414670705795288 3.755366563796997
2.9329142570495605 4.616593575105881 2.620682716369629 4.542708396911621
5.214015483856201 6.087181071575742 1.8836228847503662 1.9408007860183716
3.895378351211548 5.1029186426531545 2.256929636001587 2.9818289279937744
3.851008892059326 7.195606702235466 2.683616876602173 4.333219528198242
2.6533026695251465 3.32225905154378 2.9234726428985596 5.2908935546875
6.163518905639648 7.413087228965871 2.094909191131592 2.164372205734253
5.019789695739746 7.678473347400285 2.5688958168029785 3.476860523223877
3.5911471843719482 6.938582203008991 3.0989668369293213 5.189275741577148
3.9926133155822754 7.201870624580806 3.3826680183410645 6.3891143798828125
5.535125255584717 6.286395389965037 2.1079866886138916 2.171614408493042
4.62073278427124 7.065887019455772 2.5192573070526123 3.3510470390319824
3.393664836883545 4.858419834520941 2.9725522994995117 4.884543418884277
2.389577865600586 4.537078071378687 3.2199900150299072 5.960816860198975
6.4472336769104 7.47276459031724 2.315006971359253 2.397268533706665
4.8642754554748535 7.829491081182823 2.8443477153778076 3.9159317016601562
3.720139741897583 5.514776269954382 3.4185876846313477 5.8929619789123535
2.9546308517456055 4.566038562753533 3.717930555343628 7.258245944976807
7.603553771972656 9.124095016327104 2.65171217918396 2.759885787963867
5.712825775146484 8.483006760164471 3.382230520248413 4.822928428649902
3.864828109741211 7.305230507915496 4.145610332489014 7.487886428833008
3.5548319816589355 6.578185306937158 4.515770435333252 9.285051345825195
6.078131198883057 6.964056491482097 2.59840989112854 2.6783037185668945
3.9427101612091064 5.352721938205843 3.0397534370422363 4.131313323974609
4.073617458343506 7.026709344090037 3.5216000080108643 6.021738052368164
2.0851099491119385 3.173072332778574 3.7806520462036133 7.327732086181641
7.311722278594971 8.469347395969635 2.866751194000244 2.9736227989196777
5.893062114715576 8.111516861503993 3.4976136684417725 4.966317176818848
4.258662700653076 6.566465847437288 4.153928279876709 7.507303237915039
3.930739641189575 6.588695550617217 4.480111598968506 9.211283683776855
8.868465423583984 10.603895573073856 3.325667142868042 3.4775776863098145
6.736022472381592 9.811258781787075 4.288032054901123 6.376479148864746
4.84651517868042 7.937539823988118 5.223568439483643 9.962018966674805
3.7833194732666016 6.303479209520447 5.641523838043213 12.27099609375
5.339918613433838 5.8752325374070296 2.8367364406585693 3.117157459259033
4.312802314758301 6.4881916038309555 3.680540084838867 5.126713275909424
4.215216159820557 6.173594526341233 3.9970974922180176 7.011002540588379
2.3788902759552 3.841053528414207 4.228947162628174 8.433422088623047
6.677999496459961 7.173727274268458 3.1964681148529053 3.570125102996826
4.976613521575928 7.2223660196281685 4.259422302246094 6.208972930908203
3.488914728164673 6.693443212327665 4.79122257232666 8.924201965332031
3.6783647537231445 5.821474962520321 5.098965644836426 10.82150936126709
7.301938056945801 8.138206365589276 3.816833019256592 4.346520900726318
6.154817581176758 8.702954391227365 5.285484790802002 8.106667518615723
4.199307441711426 7.305760166493037 6.1641693115234375 12.161094665527344
4.239658355712891 5.724376907312097 6.5716986656188965 14.778919219970703
4.839295387268066 5.83738442154629 1.896405816078186 1.9753080606460571
3.934643507003784 6.604595635141209 2.2862160205841064 3.0239322185516357
3.4064383506774902 5.769835347384287 2.667245864868164 4.227369785308838
3.2082653045654297 5.90608753306293 2.8827192783355713 5.0602641105651855
5.28488302230835 6.4791623477099165 2.0384750366210938 2.1248834133148193
4.857175827026367 7.5237413925351575 2.5077667236328125 3.397761344909668
3.108976364135742 5.802752497616439 2.9758198261260986 4.912888526916504
2.880324125289917 5.843579401854413 3.2375988960266113 5.960060119628906
6.214326858520508 7.810510188004507 2.24845290184021 2.349275588989258
5.656752586364746 9.004153651791512 2.8426761627197266 3.960130453109741
4.606621742248535 7.895210080904145 3.4416706562042236 5.933319091796875
3.413421154022217 5.564436763459412 3.7686893939971924 7.285565376281738
5.681397914886475 6.8352882520182305 2.417419672012329 2.5532772541046143
4.789630889892578 7.314977184864006 2.9703712463378906 4.059499740600586
3.924294948577881 7.299900052865269 3.4620718955993652 5.762532711029053
2.6108081340789795 4.602488255747403 3.70591139793396 6.8972392082214355
6.530789852142334 7.894847926004132 2.6296586990356445 2.778290033340454
4.970006942749023 7.232326786199252 3.350111722946167 4.7381205558776855
4.240391731262207 6.418170055987453 4.009438514709473 7.034618854522705
3.794605255126953 6.450178455851471 4.333767414093018 8.555423736572266
7.582817077636719 9.431728004977604 2.959841012954712 3.136718511581421
6.356263160705566 10.38700122607628 3.9584381580352783 5.828805923461914
4.5429768562316895 6.686050971188024 4.87811279296875 9.038039207458496
4.593723297119141 7.882056538131753 5.315239429473877 11.115806579589844
6.11334228515625 7.270471646468309 3.083223819732666 3.293633460998535
3.59491229057312 5.7148765640113055 3.829852819442749 5.404694557189941
3.5050179958343506 6.037001343870514 4.361099720001221 7.5558271408081055
2.786485433578491 4.269742082718751 4.5757155418396 8.894975662231445
7.064268112182617 8.517218717315188 3.3635408878326416 3.610954999923706
5.225472450256348 7.816890088110995 4.401163578033447 6.500056266784668
4.72731351852417 6.71944185083219 5.185853958129883 9.54711627960205
3.0847957134246826 4.900647000130307 5.508903503417969 11.43216609954834
8.457910537719727 10.459314393014893 3.8226304054260254 4.135849952697754
5.69594669342041 9.902799662165478 5.357147216796875 8.330219268798828
4.578286170959473 7.9583183422147385 6.539707660675049 12.774165153503418
4.186367511749268 5.395954108800652 7.008983135223389 15.434086799621582
5.752784729003906 6.423182984099782 3.2833456993103027 3.7233479022979736
4.116274833679199 6.393668626088896 4.843213081359863 6.957509517669678
2.49184513092041 3.3233675042351933 5.232892036437988 9.325915336608887
1.487582802772522 3.052923405434809 5.347434997558594 10.694989204406738
6.50632905960083 7.350648663916672 3.681135892868042 4.20670223236084
5.877535343170166 8.892422442451299 5.613430976867676 8.569080352783203
4.319167613983154 7.293854386625526 6.317235946655273 12.001399040222168
2.110295534133911 3.9860692267493505 6.551584243774414 14.017660140991211
7.920587062835693 8.553148413832105 4.349635124206543 5.029516220092773
5.959677219390869 8.795388868842196 6.93661642074585 11.326355934143066
5.198171138763428 7.922739789121181 8.122328758239746 16.38686180114746
3.879401445388794 5.7564789406335555 8.5132474899292 19.285646438598633
6.068315029144287 7.0260363098770995 1.9407230615615845 2.0119893550872803
5.101029872894287 7.7031861831764985 2.3888914585113525 3.2776167392730713
3.5116820335388184 5.8089061809404825 2.828204870223999 4.729313850402832
3.5758585929870605 6.15730113105333 3.0676889419555664 5.679346561431885
6.581282138824463 7.778919317145203 2.0939836502075195 2.1805717945098877
4.103891849517822 6.5199911034202955 2.6384685039520264 3.723740816116333
3.4832282066345215 6.132628819967158 3.1716372966766357 5.5332159996032715
2.6056015491485596 4.557447315790775 3.4559779167175293 6.714119911193848
7.492642402648926 9.28567133877516 2.335113048553467 2.4434268474578857
6.548972129821777 8.334357535036531 3.0272083282470703 4.416489601135254
5.034416675567627 8.383013891292133 3.6998345851898193 6.768099784851074
4.747236251831055 7.599461722058145 4.044915676116943 8.286605834960938
7.419905662536621 8.535820039925056 2.603978395462036 2.694298267364502
4.876917839050293 7.136701490364544 3.256256341934204 4.596001148223877
4.2509236335754395 7.022744095055255 3.8224873542785645 6.719468116760254
3.768641471862793 6.366327135801939 4.096972942352295 8.052586555480957
8.224608421325684 9.674474569900667 2.8507683277130127 2.974985361099243
5.432172775268555 8.609286063281928 3.713893175125122 5.466121196746826
4.254498481750488 6.154024693086058 4.46441125869751 8.293312072753906
3.2693495750427246 4.602911479213287 4.81243371963501 10.035910606384277
9.525096893310547 11.647874538034785 3.278900623321533 3.4545199871063232
6.632331371307373 9.071281738323101 4.4924492835998535 6.932283878326416
6.0268402099609375 9.175209975292503 5.526418685913086 10.876557350158691
2.127192258834839 3.665565001239429 5.966330051422119 13.221500396728516
7.968350410461426 9.147775013897299 3.492204189300537 3.6252760887145996
5.774896144866943 7.874665435440711 4.4441752433776855 6.43230676651001
3.1282646656036377 5.521198480970412 5.033764839172363 9.150092124938965
3.32330322265625 5.725843581269601 5.255887031555176 10.7335205078125
9.033110618591309 10.569600152781732 3.852306842803955 4.049516677856445
6.107511520385742 9.219269093980984 5.1807451248168945 7.903709888458252
4.2599639892578125 5.869384018347887 6.051340103149414 11.706857681274414
3.2991974353790283 5.330174263248125 6.363492488861084 13.854573249816895
10.771674156188965 12.89902864270016 4.5217156410217285 4.825766563415527
7.792672634124756 10.01716804806146 6.50648307800293 10.506890296936035
6.058282375335693 8.658217990006335 7.812370777130127 16.043413162231445
3.6622159481048584 5.948030380367994 8.218695640563965 18.990737915039062
4.381742477416992 4.983623370976613 3.7004263401031494 4.062479496002197
5.004380702972412 7.580016087324315 5.6906609535217285 8.786334991455078
3.0843441486358643 4.94319699935977 6.244204998016357 11.641097068786621
2.3630855083465576 4.034093915071453 6.319145202636719 13.208230018615723
5.852688312530518 6.653215913749364 4.147641658782959 4.632383823394775
5.811829566955566 8.808673999910184 6.7493720054626465 10.87238597869873
4.054693222045898 6.375805278067977 7.6228413581848145 15.154502868652344
3.439817190170288 4.7792662552721055 7.789657115936279 17.36460304260254
7.450187683105469 8.246541112310226 4.9141459465026855 5.60857629776001
6.896410942077637 10.079112992648419 8.658122062683105 14.766763687133789
5.546182632446289 8.374733363349435 10.04813289642334 21.124221801757812
4.9025349617004395 7.374427017224406 10.295859336853027 24.225200653076172
5.216182708740234 5.924899932940434 1.7773456573486328 1.8291743993759155
4.757689952850342 6.91045618913904 2.088691234588623 2.765685796737671
3.7115478515625 6.614076878029067 2.435826063156128 3.943216323852539
2.9361517429351807 4.638558167857033 2.64170241355896 4.733001232147217
5.655605316162109 6.645562029018038 1.9107086658477783 1.9708621501922607
5.171526908874512 8.441908887957908 2.2909743785858154 3.0940334796905518
3.7443156242370605 7.375795079852452 2.7058305740356445 4.515799522399902
2.4588992595672607 5.359092273704391 2.94111967086792 5.464609622955322
6.493462562561035 7.865217620054448 2.112521171569824 2.186739206314087
5.308437824249268 7.482617767873251 2.600290060043335 3.6112539768218994
4.17333984375 8.437780303539967 3.117845296859741 5.418910980224609
3.1213157176971436 5.979312099980518 3.39300799369812 6.604698181152344
6.335945129394531 7.186988628461336 2.2140281200408936 2.2847888469696045
5.648913383483887 8.342641155290327 2.616774320602417 3.5722453594207764
3.7124722003936768 6.487950594776066 3.024940252304077 5.168806552886963
2.7468409538269043 5.105297506906481 3.255013942718506 6.224759578704834
7.027383804321289 8.19699541578558 2.4198036193847656 2.5047764778137207
5.539682865142822 8.327397370544418 2.9570980072021484 4.1647748947143555
3.971907377243042 5.308613033307438 3.4819858074188232 6.213101387023926
3.33975887298584 5.3824066912219735 3.753293514251709 7.5362653732299805
8.390300750732422 10.125498333745522 2.7449424266815186 2.859083890914917
6.452962875366211 8.780610302825771 3.505772590637207 5.1568217277526855
3.8726041316986084 5.971945570680802 4.21897029876709 7.952367305755615
3.2863545417785645 5.995817319208072 4.5489654541015625 9.687542915344238
6.81630277633667 7.732951756887132 2.8433284759521484 2.9741289615631104
5.056668281555176 7.412220780680437 3.263371706008911 4.583306789398193
4.315869331359863 7.492396822959032 3.636380910873413 6.479029655456543
2.7465932369232178 4.827041894292269 3.843517541885376 7.709534645080566
7.874617099761963 9.145116968207958 3.1127068996429443 3.264378786087036
5.156290531158447 7.841751329310251 3.7662205696105957 5.511930465698242
2.334169864654541 4.132922394764421 4.2991623878479 8.069785118103027
3.148693323135376 6.302051987078812 4.550281047821045 9.65655517578125
9.50752067565918 11.290579971330232 3.5676398277282715 3.7682347297668457
5.687920570373535 8.542745614482442 4.605720520019531 7.119663238525391
4.120947360992432 7.462975122454222 5.40289831161499 10.796259880065918
4.077326774597168 6.133739098728256 5.720305919647217 12.941168785095215
5.412387371063232 5.904164004473245 3.0707168579101562 3.4088282585144043
4.217978000640869 6.001591261502654 4.103461742401123 5.952142238616943
3.3386168479919434 4.975965423596335 4.186662673950195 7.683718204498291
2.2374792098999023 4.010981725754391 4.323492050170898 8.943290710449219
6.393770694732666 6.777744266552304 3.4468307495117188 3.860530376434326
5.3429718017578125 7.3174513751093855 4.753355979919434 7.244991779327393
3.55464506149292 6.494244823756734 5.035493850708008 9.783344268798828
4.057220935821533 6.255877171777286 5.207562446594238 11.439663887023926
6.692406177520752 7.192691976562401 4.08682918548584 4.644698619842529
6.114662170410156 9.08593046107299 5.879260540008545 9.509415626525879
3.9098730087280273 6.101471873898582 6.469851970672607 13.409460067749023
4.408779144287109 5.922456271691374 6.700556755065918 15.706049919128418
5.081717014312744 6.23304193956325 1.8903478384017944 1.9924713373184204
4.153009414672852 6.760067470895525 2.3528666496276855 3.2610843181610107
3.108179807662964 5.526771701855797 2.7098958492279053 4.568351745605469
2.884024143218994 5.648402986656075 2.905634880065918 5.50009822845459
5.469135761260986 6.7128488875247285 2.0335159301757812 2.1558918952941895
4.25393009185791 7.106447738829729 2.5808122158050537 3.70672869682312
3.623246669769287 6.5206007858635076 3.003847360610962 5.3446879386901855
2.616692304611206 4.918420495041319 3.233046770095825 6.509906768798828
6.309449672698975 7.971500697973795 2.246532440185547 2.396963119506836
5.075630187988281 8.408561626529668 2.9228594303131104 4.363480567932129
4.577441692352295 8.240644435771983 3.447844982147217 6.481955051422119
3.109210968017578 5.974764683835365 3.725560188293457 7.969727516174316
6.2394866943359375 7.554378097662948 2.378483533859253 2.5309531688690186
5.5019426345825195 9.089974725349556 3.003700017929077 4.31028938293457
3.065643310546875 5.463351779490182 3.431875705718994 6.103146076202393
2.8648312091827393 5.464277294693602 3.6430411338806152 7.359041690826416
6.7966628074646 8.285920880104271 2.5919384956359863 2.785597324371338
4.515325546264648 7.839607542645268 3.3834261894226074 5.096601486206055
4.088561534881592 7.467123456314312 3.934656858444214 7.482420444488525
2.687915325164795 5.108824788594475 4.2001214027404785 9.132830619812012
7.792089462280273 9.795521595248431 2.925384044647217 3.1777026653289795
5.5091986656188965 9.056217014192896 3.984429121017456 6.3215765953063965
3.672743558883667 6.959831281390061 4.730893611907959 9.624849319458008
3.734076976776123 6.206280268331909 5.076387405395508 11.840189933776855
6.686802864074707 8.126489209838343 3.0358262062072754 3.2489817142486572
3.649930953979492 6.235679533995201 3.7722229957580566 5.560015678405762
3.2204384803771973 5.694809380261177 4.190299034118652 7.739447116851807
2.053652763366699 4.34349381371004 4.367140769958496 9.22275447845459
7.597061634063721 9.26564212810527 3.309687852859497 3.591773748397827
5.060054779052734 7.491683317006675 4.325986385345459 6.759069442749023
3.590679883956909 6.253844026265 4.925939083099365 9.806925773620605
2.874847888946533 5.528313806317669 5.170986175537109 11.822661399841309
9.157140731811523 11.353263503565543 3.7645068168640137 4.1508049964904785
6.346035003662109 9.868888925292595 5.2394537925720215 8.702845573425293
3.5704402923583984 5.026830933064048 6.130484104156494 13.11980152130127
4.289519786834717 6.841470449317555 6.473049640655518 15.904976844787598
5.33738899230957 6.088329923189946 3.4925663471221924 4.079282283782959
3.06467866897583 5.107274759143138 4.674327373504639 7.070220470428467
3.294952392578125 5.271300120872077 4.873057842254639 9.227164268493652
1.2246721982955933 1.9085569707645789 4.968594074249268 10.78152084350586
6.066518306732178 7.020296852638554 3.9050381183624268 4.6352925300598145
4.660269260406494 6.9103634450363245 5.398167610168457 8.699115753173828
3.0647809505462646 4.902611610057704 5.820836544036865 11.924385070800781
3.6192760467529297 5.560746968826379 5.986328601837158 14.091046333312988
7.381755352020264 8.148106401030077 4.587657451629639 5.5497846603393555
6.016512393951416 7.164915988467328 6.630568504333496 11.39377498626709
4.329254150390625 7.910386936762336 7.403567314147949 16.30156707763672
3.7732019424438477 7.050950225176393 7.662599086761475 19.349407196044922
4.41267728805542 5.473937726394894 1.9512736797332764 2.0117883682250977
3.8595633506774902 6.408532707861298 2.299997091293335 3.0710227489471436
2.4481232166290283 5.322197764484372 2.6367244720458984 4.3541765213012695
1.8470280170440674 3.252731331072553 2.8120245933532715 5.19821834564209
5.138034820556641 6.408970969430904 2.107832670211792 2.1798806190490723
4.571794509887695 8.07341331475999 2.544585943222046 3.4750332832336426
3.463719129562378 5.9024183623714865 2.957810163497925 5.05697774887085
3.1878702640533447 6.181916150656946 3.162691593170166 6.0973286628723145
6.261480331420898 7.921115987294982 2.3444275856018066 2.4334919452667236
4.084115982055664 7.097912365419745 2.9146714210510254 4.089051723480225
4.314414978027344 7.633086403530797 3.4396605491638184 6.113687992095947
3.1806023120880127 6.474260381024806 3.6810286045074463 7.439884185791016
5.279211044311523 6.59551751023773 2.5171263217926025 2.597790479660034
3.8710286617279053 6.808186819425217 3.017979145050049 4.190666675567627
2.973223924636841 4.836132154696088 3.432317018508911 6.037407875061035
1.8941564559936523 3.832783806122194 3.6045830249786377 7.165367126464844
6.286983966827393 7.860253335915559 2.7577662467956543 2.8642125129699707
4.8284220695495605 7.590357986059871 3.4408464431762695 4.950753688812256
4.043036460876465 7.189044703041603 3.997894048690796 7.361258029937744
3.581973075866699 4.909765727503441 4.2159013748168945 8.825630187988281
7.728337287902832 9.713453951802215 3.136622905731201 3.2854690551757812
5.890453815460205 7.974429588594077 4.1089372634887695 6.162333011627197
4.383266448974609 7.609561632153791 4.881782054901123 9.428528785705566
3.957939386367798 6.3093318656534265 5.1579179763793945 11.393547058105469
5.6430768966674805 7.121321819701677 3.2053956985473633 3.3322741985321045
3.998112916946411 7.10348714980849 3.8647546768188477 5.558794975280762
3.5713307857513428 6.411714478624162 4.290242671966553 7.908876895904541
1.5726778507232666 3.211981924511626 4.413787841796875 9.223079681396484
6.968243598937988 8.70168543029348 3.5342750549316406 3.7100367546081543
5.394080638885498 8.562814863367976 4.491917133331299 6.769159317016602
4.0291056632995605 6.948604342217691 5.125821590423584 9.951336860656738
3.6204655170440674 6.406277541262135 5.307083606719971 11.72524356842041
8.780843734741211 10.8519070667312 4.074380397796631 4.338911533355713
5.8941731452941895 7.979525047935283 5.519782543182373 8.762022972106934
4.438326358795166 7.673649597617214 6.466974258422852 13.203258514404297
3.775574207305908 6.27419039746303 6.720530033111572 15.650541305541992
4.324288368225098 5.026393805594807 3.4565606117248535 3.8457536697387695
3.4554688930511475 5.878955048236847 4.753205299377441 7.073118686676025
3.4622414112091064 5.567854045183914 5.066674709320068 9.618053436279297
2.964569330215454 4.838007069428599 5.1013054847717285 10.990662574768066
6.207340240478516 6.717192642351463 3.9250330924987793 4.441128253936768
5.334353923797607 9.119406067979924 5.574254512786865 8.746216773986816
3.815505266189575 7.070225350986675 6.137209415435791 12.31198501586914
3.745615005493164 5.729576406127137 6.236466884613037 14.216187477111816
6.3795928955078125 7.465481764216065 4.7141313552856445 5.452364444732666
7.147099018096924 10.921421662013927 6.952773571014404 11.528306007385254
5.555779457092285 7.364134423292967 7.884121894836426 16.632413864135742
4.181988716125488 6.713002098707953 8.058106422424316 19.293554306030273
4.467818737030029 5.271116611356007 2.047753095626831 2.1242315769195557
3.9841859340667725 7.174942252639937 2.478837728500366 3.3123409748077393
2.519447088241577 4.612152821272389 2.8789663314819336 4.737192153930664
2.6951258182525635 4.676470936080705 3.0856359004974365 5.748755931854248
5.21321964263916 6.324582448458607 2.208545684814453 2.297229051589966
4.4299798011779785 7.64568170388759 2.730743885040283 3.7384397983551025
3.1036102771759033 5.938650660475105 3.2188479900360107 5.502907752990723
2.2831382751464844 4.2349771522985975 3.4672043323516846 6.757452964782715
6.168954372406006 7.649292753458781 2.44321870803833 2.551377773284912
4.839009761810303 7.872044647730906 3.1034510135650635 4.381340503692627
5.303118705749512 8.545204484153645 3.7207398414611816 6.638404846191406
3.5249204635620117 4.855240767345626 4.026361465454102 8.230362892150879
5.36947774887085 6.3559831143911065 2.637777328491211 2.747175693511963
4.600098133087158 7.913683299600052 3.2596707344055176 4.504011154174805
3.350865602493286 5.679853113788681 3.7704222202301025 6.551392078399658
2.8381540775299072 5.0389672795249645 3.997164249420166 7.949774265289307
6.2642011642456055 7.63598219572367 2.8767929077148438 3.014845371246338
5.197342872619629 7.808489613561772 3.6858091354370117 5.288922309875488
3.86651873588562 6.748166168386604 4.3537163734436035 7.953500747680664
3.166374921798706 5.718761183703691 4.646846771240234 9.764944076538086
7.662628650665283 9.589769842959413 3.23909068107605 3.4239084720611572
5.9253458976745605 10.083806478834049 4.351089000701904 6.548407077789307
4.860015869140625 8.61579895772136 5.259957313537598 10.14056396484375
3.9947969913482666 6.758176556109429 5.646204948425293 12.529775619506836
5.772323131561279 6.871472144357185 3.3472373485565186 3.4904065132141113
4.27379035949707 7.046074876707621 4.192993640899658 5.973773002624512
3.259625196456909 5.112625960779042 4.735873222351074 8.561688423156738
2.609102487564087 4.2390245235452255 4.92294454574585 10.226863861083984
7.125604629516602 8.64194092773596 3.663029670715332 3.8634207248687744
5.5371198654174805 8.456013069952405 4.822333335876465 7.2268805503845215
3.2348899841308594 6.252542554047963 5.586935043334961 10.699952125549316
3.932673454284668 7.177596933565721 5.856945991516113 12.915071487426758
8.837953567504883 10.899353003591614 4.161787986755371 4.460792064666748
7.046097278594971 11.578671977388943 5.846575736999512 9.313323974609375
5.245193958282471 7.315814928165772 6.957280158996582 14.130413055419922
4.302042007446289 7.090509933022986 7.3411102294921875 17.109281539916992
4.90988302230835 5.152176704200372 3.678438425064087 4.085497856140137
4.348636150360107 7.228151756044099 5.201042652130127 7.697864532470703
3.2005245685577393 5.946284070263118 5.636425018310547 10.459334373474121
2.198373556137085 3.162464304648921 5.718369007110596 12.185684204101562
5.991820335388184 6.210533911582843 4.133650779724121 4.688770771026611
4.997276782989502 8.928463355688564 6.056954383850098 9.465789794921875
4.083931922912598 6.433348289523792 6.728081703186035 13.278929710388184
3.7339344024658203 6.329482969062241 6.8949971199035645 15.620650291442871
5.409908771514893 5.585342092680037 4.882465362548828 5.6854376792907715
6.757654666900635 11.337279625685596 7.467669486999512 12.468539237976074
5.134469985961914 8.832693257448284 8.518876075744629 17.835994720458984
4.350984573364258 6.688908801128491 8.798938751220703 21.030229568481445
5.152591705322266 6.2053942650861345 2.0305447578430176 2.107346296310425
4.8908610343933105 8.226129978865671 2.4538800716400146 3.3611910343170166
3.3020882606506348 5.252553580327397 2.8143622875213623 4.742405891418457
2.167389392852783 4.226144259494049 2.979133129119873 5.640033721923828
5.63763427734375 6.942712146974557 2.1807265281677246 2.27140212059021
4.188444137573242 6.2840854913260955 2.7001469135284424 3.7969069480895996
3.755115032196045 6.553279955129369 3.1466681957244873 5.508053779602051
2.452357769012451 3.5436582966940477 3.3486487865448 6.612029075622559
6.5286431312561035 8.52708455986317 2.4127283096313477 2.522439479827881
5.391491413116455 9.451330150407227 3.070077657699585 4.440463542938232
4.318513870239258 7.790771328448223 3.6356544494628906 6.619625568389893
2.943265676498413 4.977740670688446 3.8862853050231934 8.006375312805176
6.1115803718566895 7.356783970771019 2.624074697494507 2.7323062419891357
5.212717056274414 8.937950253713097 3.267260789871216 4.644254207611084
3.416929244995117 6.513320235049472 3.727895736694336 6.657807350158691
1.7047532796859741 2.872826907137039 3.8816747665405273 7.880107879638672
6.872588157653809 8.512475851238392 2.8586642742156982 2.9963719844818115
5.756480693817139 9.49112937331438 3.712325096130371 5.486335277557373
3.8726041316986084 4.7840801626512075 4.331613063812256 8.133149147033691
3.769962787628174 6.112092392168648 4.53721809387207 9.71161937713623
8.05433177947998 10.384812132483477 3.251840591430664 3.4369442462921143
4.927635669708252 7.542967256756242 4.427111625671387 6.827566623687744
5.474460124969482 7.534954416492795 5.27126932144165 10.40860652923584
2.5103206634521484 4.519198782442018 5.5427374839782715 12.484173774719238
6.410470485687256 7.800502751284569 3.2363646030426025 3.4090425968170166
5.230484485626221 7.892452371374361 4.2041521072387695 6.192210674285889
2.340947389602661 4.041397913306227 4.723104476928711 8.79422664642334
2.6968116760253906 4.247327525300136 4.819375991821289 10.246308326721191
7.472357273101807 9.270016063016044 3.569793462753296 3.8011672496795654
5.9012932777404785 9.0799154531571 4.899831771850586 7.588001251220703
3.850726842880249 5.810179208370377 5.652729511260986 11.144807815551758
3.3936214447021484 5.911852092390404 5.805634021759033 13.076871871948242
9.166552543640137 11.461974635613899 4.170970916748047 4.505935192108154
6.141801357269287 8.785271788899346 6.0827507972717285 9.922828674316406
5.399753093719482 7.743202937608714 7.161746501922607 14.893173217773438
3.7242088317871094 5.6077538247847265 7.374632835388184 17.486576080322266
5.505484104156494 5.894248101620633 3.6610958576202393 4.1204752922058105
4.8497467041015625 7.596181962459253 5.080031394958496 7.7499518394470215
3.2754745483398438 5.5945710553382 5.611992835998535 10.736963272094727
3.090179443359375 4.482600201249795 5.620734691619873 12.276871681213379
5.426187992095947 6.194059758888386 4.222309112548828 4.7620849609375
5.092680931091309 8.595720923117927 6.018360614776611 9.705543518066406
3.2240488529205322 4.715521170346392 6.838522911071777 13.904707908630371
3.901578664779663 5.494983885152919 6.904908180236816 15.998543739318848
7.359360694885254 8.474009427783264 5.122594356536865 5.939828872680664
5.189367294311523 8.151310585778674 7.6632513999938965 13.113994598388672
5.007113456726074 7.166261216108069 8.884895324707031 19.028488159179688
4.9353251457214355 6.189596744645019 8.991044044494629 21.846149444580078
4.99225378036499 5.928996549664589 1.8785719871520996 1.9363975524902344
4.419068813323975 7.108838358797584 2.24098801612854 2.993028402328491
3.463658571243286 5.54756795751716 2.5770256519317627 4.197783470153809
1.9963595867156982 2.5353807550843612 2.749903440475464 4.996417999267578
5.544071197509766 6.679157671098665 2.0157876014709473 2.0857419967651367
4.237614154815674 6.645455115294332 2.4594435691833496 3.364342451095581
2.9406731128692627 3.4503206563882998 2.868595600128174 4.8547821044921875
3.1026625633239746 5.581921022762708 3.0738980770111084 5.853763103485107
6.565994739532471 8.07288041815093 2.2280936241149902 2.317016839981079
5.73173189163208 8.950082153672207 2.7922916412353516 3.9432389736175537
3.8640501499176025 6.292490576170849 3.306853771209717 5.85947847366333
3.050025224685669 5.716784026711025 3.555190086364746 7.140570163726807
6.150458335876465 7.277344498887615 2.408430337905884 2.475764036178589
4.542960166931152 7.416059090316367 2.9172770977020264 4.027517318725586
3.743640184402466 6.285463610441752 3.3164222240448 5.723703861236572
2.435037851333618 3.5149637015893784 3.488722324371338 6.799857139587402
6.93881368637085 8.25299289836687 2.620133638381958 2.71440052986145
4.80167818069458 7.863034207512101 3.2976138591766357 4.719664573669434
3.3885104656219482 4.405969088142712 3.8342549800872803 6.955835342407227
3.3909757137298584 6.191430522296969 4.058767795562744 8.376104354858398
8.196791648864746 9.93225281523928 2.9766197204589844 3.1140952110290527
5.186216831207275 7.4767230345965965 3.9253175258636475 5.8798933029174805
5.122905254364014 7.738558092763963 4.667020797729492 8.965205192565918
4.226916313171387 6.219379773381775 4.958226680755615 10.88392448425293
6.677158832550049 7.8772705650940225 3.097971200942993 3.1949124336242676
4.916621685028076 7.833820017197468 3.7570571899414062 5.342412948608398
3.199235439300537 4.643816598890794 4.130614757537842 7.445872783660889
1.4547127485275269 2.089989580728428 4.244826316833496 8.701343536376953
7.81667423248291 9.262554562318712 3.3950889110565186 3.530917167663574
4.608026027679443 7.209058165493268 4.342024803161621 6.462128162384033
4.262009620666504 6.895048567461527 4.9128828048706055 9.37442398071289
3.594703435897827 4.852105136235693 5.090604782104492 11.095709800720215
9.498210906982422 11.312080205849384 3.9280788898468018 4.1444878578186035
6.841367721557617 10.32325697196211 5.3677592277526855 8.440042495727539
5.166717052459717 8.440503431275445 6.237529277801514 12.647896766662598
3.6027722358703613 5.906584671425492 6.483440399169922 15.037291526794434
4.259511947631836 4.773770914664226 3.437971591949463 3.7835893630981445
3.8735930919647217 6.472035323408136 4.73922872543335 7.006874084472656
3.0299713611602783 4.517505699795038 4.902559757232666 9.109381675720215
2.0341813564300537 2.9646721542901275 4.896317481994629 10.36473274230957
6.53090763092041 6.856138210335303 3.8599276542663574 4.305395126342773
5.544345855712891 7.900987336110991 5.557480335235596 8.666844367980957
3.871772527694702 6.256526508902425 5.933924198150635 11.707948684692383
2.784377098083496 4.374700979324302 5.988509178161621 13.493194580078125
7.854853630065918 8.571310529961693 4.626833915710449 5.267050743103027
6.944468021392822 9.602745367658429 7.034307956695557 11.617770195007324
4.285747051239014 5.841617194344089 7.735869884490967 16.20330238342285
3.3372724056243896 3.818409422750605 7.834006309509277 18.723270416259766
4.891360759735107 5.426583882561317 1.707162618637085 1.7664293050765991
4.253518581390381 7.259549530709222 2.041076421737671 2.6843645572662354
2.497987747192383 4.578313712854424 2.3859503269195557 3.782144069671631
2.761244297027588 5.742990733821898 2.5911076068878174 4.56218957901001
5.6472978591918945 6.5555495825531125 1.8337695598602295 1.900323748588562
4.435327053070068 7.54460045813255 2.224478006362915 2.983447313308716
3.4476771354675293 6.243503426400139 2.637638807296753 4.332136154174805
3.781583547592163 6.6382635214188115 2.8814375400543213 5.301447868347168
6.562403202056885 7.907803269825834 2.032212972640991 2.110044240951538
5.456719398498535 8.883864733451155 2.5145647525787354 3.4554035663604736
4.892716407775879 7.871045852420593 3.0345230102539062 5.197342395782471
3.3458499908447266 5.817557546986848 3.3368608951568604 6.454891681671143
5.912477970123291 6.637959856912133 2.056636095046997 2.13840651512146
4.486622333526611 6.263618980857364 2.4990272521972656 3.384040117263794
3.7216389179229736 7.250884955764434 2.9449102878570557 4.9042840003967285
2.5236032009124756 5.459488520994682 3.194441795349121 5.9708452224731445
6.777327537536621 7.937012183969912 2.2590842247009277 2.352947235107422
5.202266216278076 8.676992912113064 2.81577730178833 3.926318883895874
4.114619255065918 7.828407824365399 3.3910748958587646 5.929065227508545
3.4045565128326416 6.794029353194219 3.70898175239563 7.33768367767334
8.155172348022461 9.929136548404585 2.597844123840332 2.7151923179626465
6.970252513885498 9.092112141385634 3.3539886474609375 4.851750373840332
5.544046878814697 8.784571779395463 4.143498420715332 7.65964937210083
3.468855857849121 6.726505792512618 4.568131923675537 9.613068580627441
6.455589771270752 7.281877343459314 2.50484037399292 2.6707310676574707
4.845401763916016 7.145953410647667 3.037598133087158 4.253235816955566
2.96799373626709 4.943538571304714 3.5429561138153076 6.138462066650391
2.4236316680908203 4.044675503988628 3.8031833171844482 7.428435802459717
7.657185077667236 8.949635241851865 2.7834737300872803 2.961212396621704
6.1260294914245605 8.451568998939024 3.511685609817505 5.093371868133545
3.4921257495880127 6.695105226831899 4.213682651519775 7.729800224304199
3.4724056720733643 5.250731055180978 4.568975448608398 9.517916679382324
9.44182014465332 11.511580352467014 3.2806262969970703 3.4935970306396484
5.90718412399292 7.860966545655856 4.360693454742432 6.613122940063477
4.8286614418029785 7.046742558102318 5.396304130554199 10.533293724060059
4.179152011871338 6.670938877189954 5.9000396728515625 13.119720458984375
5.177072048187256 5.577701603589247 2.8928897380828857 3.277653932571411
4.290218830108643 6.553551863252778 4.018824577331543 5.888663291931152
3.974196195602417 6.952411779837064 4.112008094787598 7.352147579193115
3.0299673080444336 4.988010460308574 4.3292059898376465 8.701135635375977
5.648056507110596 6.143529317156222 3.264796257019043 3.712327003479004
4.806764602661133 7.155518834986452 4.596865653991699 7.070611953735352
3.9610793590545654 7.619754620535975 4.995177745819092 9.483683586120605
4.02247953414917 6.69499413909719 5.320708274841309 11.441630363464355
6.959354400634766 7.691449880375355 3.932774543762207 4.515493869781494
6.2071332931518555 9.035507380916592 5.70414924621582 9.212876319885254
5.069276809692383 7.3281496536160375 6.586060523986816 13.303031921386719
4.143733024597168 7.380903306861555 7.077814102172852 16.228866577148438
4.8241071701049805 5.7908062199794585 1.9037013053894043 1.9759225845336914
3.7587080001831055 6.124989271322995 2.305800199508667 3.1714303493499756
3.0335886478424072 5.487278559249262 2.671623468399048 4.512851238250732
1.6290329694747925 2.701532449590559 2.875845193862915 5.439675331115723
5.692023754119873 6.848544775890332 2.060040235519409 2.1484055519104004
4.727900505065918 7.7580514366546485 2.546276569366455 3.5978803634643555
3.8317651748657227 7.13885427249474 2.9839348793029785 5.264700412750244
3.3096907138824463 5.868440812284916 3.2213404178619385 6.409967422485352
6.785157680511475 8.530084515561192 2.300520420074463 2.411997079849243
6.08566427230835 9.72612458914 2.9183576107025146 4.259531497955322
4.005384922027588 6.7405796568843925 3.4645307064056396 6.420931339263916
3.8723361492156982 7.387510417017921 3.7474632263183594 7.884785175323486
5.857083320617676 6.982432233779349 2.396449565887451 2.4894769191741943
4.979099273681641 7.549961503510076 2.954767942428589 4.2080583572387695
2.9325428009033203 5.242702374579125 3.4021172523498535 6.092648029327393
1.3778091669082642 2.7692780141319986 3.6307151317596436 7.361968994140625
6.854254245758057 8.257993665905154 2.6412627696990967 2.7682044506073
5.221088409423828 7.959464049469432 3.3680896759033203 4.989973068237305
3.315070867538452 6.178152063556613 3.9452409744262695 7.475696563720703
2.8148820400238037 5.611414881044823 4.225348472595215 9.1193208694458
8.396376609802246 10.436931639689723 3.042144298553467 3.222642421722412
5.476727485656738 7.263808155697461 4.053680419921875 6.298233985900879
4.525816917419434 7.7755964540346625 4.830893516540527 9.727611541748047
3.2980992794036865 5.194040496424719 5.179821968078613 11.922879219055176
6.410853385925293 7.619603841142052 3.0868334770202637 3.153696298599243
4.659853458404541 7.507114357741102 3.733011245727539 5.442066669464111
2.655996084213257 4.655566020763217 4.16994047164917 7.773324966430664
2.4373624324798584 5.1649307620045875 4.375874996185303 9.298501968383789
7.747209072113037 9.33619382792881 3.413952112197876 3.5550804138183594
5.365665435791016 7.394504143608202 4.346004962921143 6.672717571258545
3.068147897720337 6.3183905901978505 4.974025249481201 9.886595726013184
3.185861587524414 5.281343114111877 5.241968154907227 11.922813415527344
9.613672256469727 11.82534998476666 3.9897239208221436 4.24180793762207
5.786657810211182 9.16122159856921 5.419867992401123 8.826103210449219
5.08583402633667 8.920215536523301 6.334307670593262 13.43551254272461
4.005748748779297 5.289799183995811 6.67717981338501 16.20903778076172
4.134893894195557 4.686733698734885 3.3500993251800537 3.7510948181152344
4.843086242675781 7.514378154899987 4.738424301147461 7.081518650054932
4.037430763244629 7.073712677887926 4.865641117095947 9.293139457702637
2.6105053424835205 4.832720904255083 4.997397422790527 10.920207977294922
5.754885196685791 6.540256299878486 3.679457902908325 4.333324432373047
5.445707321166992 8.557779687301604 5.538216590881348 8.753210067749023
3.832707405090332 6.36170359109947 5.905861854553223 12.079205513000488
3.7748489379882812 6.018193670565324 6.1002984046936035 14.296294212341309
7.281547546386719 7.506779006036498 4.479835510253906 5.378660202026367
6.148191452026367 9.2739117454758 6.9733099937438965 11.749021530151367
4.148247241973877 6.654129602912576 7.699099540710449 16.803482055664062
4.324007034301758 7.49318806726626 7.956700801849365 19.851482391357422
4.619374752044678 5.410982064483045 1.9156073331832886 1.9831154346466064
3.907386302947998 5.6926941580262 2.3351566791534424 3.1662774085998535
3.47400164604187 5.983126063580926 2.7597897052764893 4.532050609588623
2.731306552886963 4.4561882395744306 3.0010480880737305 5.486952781677246
5.302030086517334 6.413643312040957 2.0587496757507324 2.138115882873535
4.001351356506348 6.798968348220342 2.5525031089782715 3.528939962387085
4.330504417419434 7.947131922099352 3.0507383346557617 5.172133922576904
3.465750217437744 6.239344029478616 3.331169605255127 6.331282138824463
6.4157328605651855 8.402138473319866 2.2776925563812256 2.37493634223938
4.436696529388428 7.361429913628399 2.880723476409912 4.078011989593506
4.641217231750488 7.615519009035365 3.4826197624206543 6.129366397857666
3.5416202545166016 6.436547819621467 3.815563917160034 7.585575103759766
5.549446105957031 6.462017034544074 2.4411165714263916 2.5269296169281006
4.314118385314941 5.830542117623054 3.032352924346924 4.247053623199463
2.9312169551849365 4.497334641441753 3.570246934890747 6.185772895812988
2.8076577186584473 4.847394392904135 3.8417115211486816 7.493296146392822
6.526954650878906 7.839456462199385 2.6575164794921875 2.765864849090576
5.394011974334717 8.041689245447515 3.4037327766418457 4.9141364097595215
3.5800251960754395 5.3248051650410275 4.076916694641113 7.38573694229126
2.966421365737915 5.6158085961612585 4.411008834838867 9.052129745483398
7.978641986846924 10.184903330433187 3.012985944747925 3.1599419116973877
6.67620325088501 9.112881540413923 4.003055572509766 6.004945278167725
5.1533732414245605 8.137951821084243 4.875479698181152 9.289437294006348
3.994513511657715 7.097676694156988 5.292465686798096 11.478078842163086
6.107510566711426 7.118933609378068 3.1334638595581055 3.2721261978149414
4.711685657501221 7.361572538982728 3.8909108638763428 5.6195902824401855
2.0051703453063965 4.022368280412309 4.452301502227783 8.040279388427734
3.052962064743042 5.992565828148599 4.695398807525635 9.596006393432617
7.367610454559326 8.903649030043582 3.4294185638427734 3.6064207553863525
6.251396179199219 8.811715621257576 4.4521355628967285 6.697059631347656
3.331160068511963 6.151224149279187 5.21159553527832 9.922605514526367
3.5158820152282715 6.190379152867479 5.535123825073242 11.97385311126709
9.27632999420166 11.544029668464646 3.9428300857543945 4.194926738739014
7.232682704925537 10.067558662204817 5.405540466308594 8.540568351745605
5.455314636230469 7.639151507417864 6.46050500869751 13.0010347366333
3.5382239818573 6.0901621066741995 6.880387306213379 15.755722045898438
3.131443977355957 3.284664061631986 3.3625080585479736 3.839474678039551
4.126339912414551 6.622258547629485 4.8475189208984375 7.280488014221191
3.682509183883667 6.517779811179594 5.274493217468262 9.799921989440918
1.5690748691558838 3.067280857279556 5.427652835845947 11.425274848937988
5.264673709869385 6.074296282392083 3.7692487239837646 4.3477678298950195
5.788038730621338 9.78473197191056 5.629019737243652 8.84570598602295
4.3273515701293945 7.508787338908235 6.27057409286499 12.340588569641113
2.83046555519104 5.129890688436886 6.509496212005615 14.533246040344238
7.171266555786133 7.316302549678227 4.4834160804748535 5.253859519958496
6.292462348937988 10.46478684439893 6.975703239440918 11.551579475402832
5.684500217437744 8.530807297547852 7.948398113250732 16.529354095458984
4.167167663574219 5.981402500972768 8.274627685546875 19.51235580444336
4.323830604553223 5.307785238690684 1.7612144947052002 1.8278405666351318
3.5112195014953613 6.044200266859946 2.1199915409088135 2.8738739490509033
2.723369836807251 4.8029614574818424 2.472418785095215 4.12224817276001
2.452716112136841 4.227834511302802 2.667475461959839 5.006113052368164
5.060944557189941 6.213114349956413 1.8996727466583252 1.9764013290405273
4.224679470062256 7.424514570879978 2.3313076496124268 3.2334494590759277
1.2802181243896484 1.9555082404599489 2.7494378089904785 4.74609899520874
3.3821797370910645 4.980997266378836 2.973532199859619 5.805633068084717
6.27480936050415 8.076216805207306 2.1113812923431396 2.20343279838562
5.197779655456543 8.876650515700504 2.6603827476501465 3.7876009941101074
4.343809127807617 8.267255217002674 3.177341938018799 5.702270984649658
3.276135206222534 4.59029523329308 3.44006609916687 7.020605564117432
5.310611248016357 6.442736630492007 2.105278491973877 2.199620485305786
4.187867164611816 6.988425791020319 2.5760982036590576 3.627479314804077
3.2569456100463867 5.531226296682149 3.0191619396209717 5.348162651062012
2.5999369621276855 4.912412383309601 3.2553367614746094 6.560670375823975
6.352414608001709 7.72522647595023 2.315807342529297 2.4284026622772217
5.2304301261901855 7.80931744051405 2.9286715984344482 4.268643379211426
3.447988986968994 5.72496608718793 3.487504005432129 6.480721950531006
3.210369825363159 5.63842061261353 3.7670822143554688 7.993338584899902
7.7559027671813965 9.776117053427924 2.6548378467559814 2.7992563247680664
5.589929103851318 8.764582964064573 3.5134921073913574 5.330117225646973
4.509697914123535 6.89574642403781 4.256397724151611 8.338163375854492
3.6288673877716064 5.863070367485193 4.595609188079834 10.314643859863281
5.731312274932861 6.930994289274457 2.5507802963256836 2.706165313720703
4.946844577789307 8.349950401799603 3.074385643005371 4.475432872772217
2.6802010536193848 4.750891683098814 3.550945520401001 6.585973262786865
3.1452431678771973 5.757062802183043 3.802701950073242 8.069226264953613
7.149802207946777 8.848702649004167 2.828139543533325 3.008877754211426
4.64279317855835 6.815222170334778 3.5827383995056152 5.449326992034912
2.503539562225342 5.633154039019821 4.229113578796387 8.30127239227295
3.2142417430877686 5.542149353931052 4.53171968460083 10.19375228881836
8.687607765197754 10.934545852858264 3.2965450286865234 3.530762195587158
5.318780422210693 9.295084423367825 4.466093063354492 7.142103672027588
5.000572681427002 8.924367905583665 5.386410236358643 11.219858169555664
3.081181764602661 5.84817186492738 5.759461879730225 13.76226806640625
3.8340768814086914 4.42027295851949 2.8554069995880127 3.3268237113952637
4.688190460205078 7.586589702538063 3.6730329990386963 5.525232791900635
3.094521999359131 5.196176902158527 4.001644611358643 7.653309345245361
2.314152956008911 4.360840404519826 4.236756801605225 9.292061805725098
4.124790191650391 4.5149771028263785 3.242248058319092 3.822023868560791
5.167009353637695 8.740971207005714 4.31632661819458 6.827163219451904
2.92569637298584 4.07099779652625 4.86793327331543 9.902843475341797
3.629668712615967 6.172431214785817 5.152065277099609 12.016339302062988
7.014019966125488 7.522601549284445 3.8969368934631348 4.664762020111084
6.706180572509766 10.380108271846424 5.471104621887207 9.147943496704102
5.48973274230957 7.822722955559243 6.375626087188721 13.787288665771484
3.1985411643981934 4.821540987133808 6.72628927230835 16.665523529052734
4.683925628662109 5.726774938830979 1.852578043937683 1.919697880744934
3.657202959060669 6.296489845244892 2.235081434249878 3.0185375213623047
3.400009870529175 6.060410804441972 2.5993130207061768 4.298523426055908
2.648729085922241 4.545609751525575 2.801297187805176 5.197563171386719
5.3451008796691895 6.486056373273186 1.9818111658096313 2.05973482131958
4.751969814300537 6.947192622345483 2.43314266204834 3.3487331867218018
4.308382987976074 6.031310896822788 2.8737597465515137 4.901478290557861
3.0379645824432373 5.230860224645994 3.116605281829834 5.9928059577941895
6.220602512359619 7.844303534253768 2.1775617599487305 2.2709546089172363
4.917057037353516 9.226661275850915 2.731736660003662 3.8479299545288086
3.0252034664154053 5.8555714711240725 3.2828192710876465 5.803686618804932
4.139021873474121 6.271963476593847 3.58288311958313 7.176627159118652
5.664829254150391 6.817793491616271 2.3559978008270264 2.4331188201904297
4.149362564086914 6.522954040798595 2.877711772918701 3.9747018814086914
2.900712013244629 4.827774477562784 3.3441312313079834 5.778591632843018
2.596529245376587 4.985515615532677 3.574396848678589 7.010979175567627
6.510037899017334 7.80414659445444 2.545212745666504 2.6425013542175293
4.9896321296691895 8.40071258601386 3.206465482711792 4.5659589767456055
4.113204002380371 6.988275062615207 3.814741373062134 6.885329246520996
3.0949864387512207 6.215065404974894 4.113081932067871 8.459139823913574
7.760394096374512 9.706218065827546 2.850694179534912 2.9793689250946045
5.609896183013916 9.122632574989552 3.732085943222046 5.510527610778809
4.557143688201904 6.879925466179884 4.55140495300293 8.617938041687012
4.197100639343262 6.55229779822028 4.945409297943115 10.695306777954102
6.058529376983643 7.298473184864889 3.00984787940979 3.1222712993621826
4.579031467437744 7.450941750813854 3.686025619506836 5.207128047943115
3.483274221420288 5.3278658353541175 4.1921257972717285 7.498651027679443
2.864344835281372 4.934227376822946 4.398334980010986 8.977563858032227
7.215777397155762 8.660285208056461 3.2670514583587646 3.4087655544281006
4.867136478424072 8.0816080014609 4.177288055419922 6.154664993286133
4.32283878326416 7.539952770820207 4.887147426605225 9.211071014404297
3.144547462463379 5.509392323928978 5.18124532699585 11.162345886230469
8.920162200927734 11.079329247560207 3.6995744705200195 3.896721839904785
6.417178630828857 10.608724379326901 4.995660305023193 7.718690395355225
5.403275966644287 9.698275356174122 6.012357711791992 11.958407402038574
4.387730121612549 6.3426420860578165 6.425027847290039 14.600750923156738
4.8127923011779785 5.820194247350628 3.247460126876831 3.62658953666687
4.763549327850342 7.156855425396287 4.578033447265625 6.740288734436035
3.262050151824951 6.48961522644106 5.007927417755127 9.207586288452148
2.980982542037964 5.371721429524996 5.134647369384766 10.757813453674316
6.434563159942627 7.302569207015193 3.606055736541748 4.073894500732422
5.440788269042969 8.996450535848005 5.2540130615234375 8.09974479675293
3.7927300930023193 6.68078181592864 5.915030479431152 11.505014419555664
3.2537481784820557 6.2156021999740005 6.133218288421631 13.593624114990234
8.124600410461426 9.302452392405172 4.214474201202393 4.834709167480469
5.958232879638672 9.555588116329915 6.409058094024658 10.399728775024414
4.898800373077393 8.72877072461506 7.410152912139893 15.215415954589844
4.272428035736084 7.225645964212617 7.742573261260986 18.08989143371582
4.561192989349365 5.588459506156596 1.7682490348815918 1.8374816179275513
3.6880440711975098 6.604317441640646 2.1291940212249756 2.924668073654175
3.1782002449035645 6.120046373504465 2.4900588989257812 4.239274501800537
2.4807868003845215 5.553621234403856 2.7053072452545166 5.187170505523682
5.437503337860107 6.702246888079458 1.9098221063613892 1.9914741516113281
4.242203235626221 7.505792190430441 2.344740867614746 3.3083953857421875
3.4740242958068848 7.41332169201169 2.7725234031677246 4.921182632446289
2.3157527446746826 4.3978637987882365 3.017916202545166 6.06955623626709
6.686320781707764 8.507636636595407 2.1278750896453857 2.2283248901367188
4.262582778930664 8.132808724498886 2.6758623123168945 3.899897575378418
4.2024030685424805 7.391221032883664 3.1994218826293945 5.966787338256836
4.028172492980957 6.898612721415578 3.4829766750335693 7.40343713760376
5.736746311187744 6.885171732921208 2.0988101959228516 2.1888415813446045
4.642787456512451 7.552115315540135 2.5629680156707764 3.6685492992401123
3.4162142276763916 5.758564059084317 3.034712791442871 5.487793445587158
1.2581595182418823 2.353187920372349 3.3002266883850098 6.784016132354736
6.8195648193359375 8.334800972052804 2.321425199508667 2.434804677963257
5.118679046630859 9.453567592444443 2.9235172271728516 4.342210292816162
3.401599168777466 6.244765323985774 3.510424852371216 6.696063995361328
2.4554262161254883 5.019514314460821 3.8191592693328857 8.323493003845215
8.39289665222168 10.592189052784704 2.6865475177764893 2.8390555381774902
6.134287357330322 10.041687764267259 3.5206265449523926 5.471711158752441
4.943620681762695 8.198281068924885 4.280815601348877 8.683090209960938
3.6962177753448486 5.398100674671824 4.642544269561768 10.795387268066406
6.4623613357543945 7.754317884741752 2.490705728530884 2.6028034687042236
4.374495029449463 8.02237797472253 2.9796996116638184 4.424522399902344
2.5369338989257812 5.527829357078417 3.5477161407470703 6.712409019470215
1.8660814762115479 3.5773966161559656 3.8454501628875732 8.30732536315918
7.847650527954102 9.633708040440638 2.7953174114227295 2.944753885269165
5.0157270431518555 9.373624616761738 3.499307155609131 5.431212902069092
3.9654881954193115 7.46099862456164 4.23307991027832 8.508228302001953
3.426011562347412 6.471223450037021 4.5828704833984375 10.55191421508789
9.862210273742676 12.337248368388288 3.3223021030426025 3.5389740467071533
7.3304219245910645 11.907955230875643 4.41775369644165 7.235864639282227
4.569056034088135 7.561069578383009 5.404489040374756 11.600183486938477
4.255279064178467 7.058904133615137 5.810649394989014 14.295537948608398
4.294683933258057 5.135892043477497 2.8789732456207275 3.3945393562316895
4.3581037521362305 7.360096334105037 3.3584351539611816 5.128659725189209
3.4677202701568604 6.474341062055657 3.9622488021850586 7.721811771392822
2.015085220336914 4.2769944151218695 4.269456386566162 9.517768859863281
5.378848552703857 5.884247056916024 3.2797865867614746 3.916064977645874
6.1664276123046875 10.72299705859497 4.017571926116943 6.4500837326049805
4.486220836639404 8.095097596379418 4.830526828765869 10.039445877075195
3.861268997192383 6.549136886594054 5.193613529205322 12.3621826171875
6.9953718185424805 8.100229274587292 3.9927120208740234 4.850981712341309
6.634858131408691 11.151211771683847 5.246918201446533 8.931929588317871
5.970956325531006 9.487062100258015 6.368869781494141 14.12932300567627
3.512145757675171 5.745869651841305 6.77946662902832 17.20252799987793
5.404551982879639 6.320933420174242 2.038098096847534 2.121204376220703
4.462844371795654 6.365321778381258 2.497222900390625 3.379931926727295
2.8922040462493896 4.819018192575527 2.89711856842041 4.781893253326416
2.9164021015167236 5.401549144653288 3.1052751541137695 5.717671871185303
5.809593200683594 7.020953864317024 2.203669786453247 2.3068697452545166
4.2486982345581055 7.057400506812371 2.7651283740997314 3.858290195465088
3.330479145050049 5.656976670780722 3.249295711517334 5.5891242027282715
3.1003665924072266 5.83380418679735 3.4981746673583984 6.745080471038818
6.741695404052734 8.37543912835055 2.457099437713623 2.590311050415039
6.077718734741211 8.942437240484196 3.1812338829040527 4.592111587524414
4.49209451675415 7.687008218037903 3.7934648990631104 6.823527812957764
3.6638004779815674 6.777852058412691 4.095541954040527 8.309006690979004
6.4789886474609375 7.598613984093527 2.634460926055908 2.761662244796753
4.751527786254883 8.118743177598361 3.320913791656494 4.662611961364746
3.23372745513916 5.751062752813937 3.8656117916107178 6.7462968826293945
3.176701068878174 5.950296603278275 4.107101917266846 8.079384803771973
7.357117652893066 9.001945509237894 2.891038417816162 3.056826114654541
4.984936714172363 7.387229278397697 3.7905678749084473 5.562760353088379
4.476810455322266 7.436721588074192 4.4926347732543945 8.276556968688965
3.3624045848846436 5.546831552884271 4.798577308654785 9.992438316345215
8.567728042602539 10.761068626377778 3.309645891189575 3.543231964111328
6.37987756729126 9.788725534661125 4.567560195922852 7.036916732788086
3.9355313777923584 5.943068070905753 5.516596794128418 10.745391845703125
3.476053476333618 5.63039574314805 5.908620357513428 13.046745300292969
7.1217546463012695 8.105666865088097 3.353032350540161 3.5494165420532227
4.54451847076416 7.369535034145883 4.317400932312012 6.266286373138428
3.0148158073425293 5.345118438689067 4.955352783203125 9.00459098815918
2.6980037689208984 4.951245004515837 5.1700005531311035 10.639654159545898
8.261935234069824 9.70651603006024 3.706538438796997 3.975148916244507
5.15087366104126 8.667888451637896 5.0442728996276855 7.737911701202393
4.026406764984131 6.6995731110345105 5.907456398010254 11.416686058044434
3.8980712890625 7.113681598983021 6.198933124542236 13.570237159729004
9.761876106262207 11.844664586586077 4.32368278503418 4.72818660736084
6.260629177093506 8.875969948787898 6.296756744384766 10.236262321472168
4.831785678863525 7.204354761013377 7.514735221862793 15.393391609191895
3.170992136001587 4.262003904910671 7.905491352081299 18.327495574951172
4.51703405380249 4.678829300585903 3.677645206451416 4.201868057250977
4.403413772583008 7.039020957771715 5.402500629425049 8.222746849060059
3.5613114833831787 5.535734752405432 5.994065284729004 11.189359664916992
3.245608329772949 5.568700698542216 6.109670162200928 12.917442321777344
6.027163505554199 6.334584178941441 4.176060676574707 4.853451251983643
5.723042011260986 8.837625714478008 6.411101818084717 10.291304588317871
4.003585338592529 6.403650134401529 7.249778747558594 14.429459571838379
3.8068625926971436 6.679110734638925 7.439314842224121 16.746713638305664
7.077804088592529 7.337513974079911 5.061081409454346 6.0156941413879395
6.887418270111084 10.847237781902948 8.180091857910156 13.902165412902832
4.400876998901367 6.200365443264673 9.39948558807373 19.779340744018555
4.663326263427734 7.512443433941954 9.67959213256836 22.962635040283203
4.404272079467773 5.261085181105319 1.9018179178237915 1.955945372581482
3.1414482593536377 5.89530339981396 2.2421274185180664 2.961961269378662
1.9475657939910889 3.9818260663180354 2.6072309017181396 4.255802154541016
2.8230834007263184 5.5788495485167005 2.81142258644104 5.177770137786865
5.008035182952881 6.177389637085071 2.0556535720825195 2.11891770362854
3.917029619216919 6.58594551700847 2.475818634033203 3.339369535446167
3.8504292964935303 6.943371884554779 2.926273822784424 4.9351420402526855
3.074580669403076 6.163300739941036 3.169111967086792 6.070486068725586
6.149730682373047 8.0560078528639 2.283836603164673 2.3628973960876465
5.470988750457764 8.667475330616526 2.826326847076416 3.9225425720214844
3.9082610607147217 7.54650863132963 3.4046096801757812 5.980676651000977
3.6625893115997314 6.279226299988295 3.707115888595581 7.430208683013916
5.3980913162231445 6.4928477671712805 2.428618907928467 2.5018491744995117
4.376781463623047 7.64404001442017 2.8928990364074707 3.948561429977417
1.2750349044799805 2.333521573930919 3.3432881832122803 5.774864673614502
2.537811517715454 4.972955909041048 3.570272445678711 7.042529106140137
6.268860816955566 7.724102828279598 2.6595711708068848 2.7480885982513428
3.6155736446380615 6.494690804568734 3.2865564823150635 4.6364521980285645
3.27247953414917 6.43332818661348 3.8902318477630615 7.031125068664551
2.7786355018615723 4.799847119395378 4.180228233337402 8.66923713684082
7.653553485870361 9.761915018478703 3.010779857635498 3.1321747303009033
5.368716239929199 7.987734531614024 3.9029104709625244 5.757965564727783
4.869768142700195 7.159573595570009 4.74414587020874 9.050933837890625
4.885932922363281 6.8918445885684605 5.135725975036621 11.246838569641113
5.807426452636719 6.980733782436573 3.1303703784942627 3.275148391723633
4.7858476638793945 8.067034617552821 3.694080114364624 5.206326007843018
3.464444637298584 5.879048591424379 4.143861770629883 7.46966028213501
2.662276268005371 4.790310379521095 4.338162422180176 8.978655815124512
7.005372047424316 8.556906936225204 3.4289329051971436 3.599048614501953
4.855863571166992 8.18968892493605 4.270401954650879 6.2931342124938965
3.7948553562164307 6.9013691522657155 4.937582492828369 9.394906044006348
2.6891069412231445 3.8590554751939408 5.213796138763428 11.412264823913574
8.780355453491211 10.976002508669623 3.90059494972229 4.131475448608398
6.764123916625977 9.825363582542451 5.205366611480713 8.123734474182129
3.853686809539795 5.510927909776399 6.213577747344971 12.56403923034668
3.7708611488342285 7.2108962903598695 6.620588302612305 15.343920707702637
4.328027725219727 4.887682470484492 3.350069284439087 3.7003040313720703
4.318484306335449 7.0286676639264165 4.6337432861328125 6.779724597930908
2.6371326446533203 5.243404813100128 4.893752098083496 9.080296516418457
2.862520933151245 5.387693134068741 4.9956955909729 10.654481887817383
5.592668533325195 5.921099475432129 3.7731800079345703 4.227409362792969
4.81691837310791 7.867218565377584 5.405027389526367 8.3337984085083
4.2773637771606445 6.927023282720988 5.905747413635254 11.626662254333496
2.4495608806610107 3.715540155751661 6.095653057098389 13.78208065032959
7.352677822113037 7.592162531352415 4.480780124664307 5.137484550476074
6.293420791625977 9.549620724043052 6.660452365875244 10.96080207824707
4.587311267852783 7.204998673262679 7.560218811035156 15.841598510742188
4.494396686553955 6.2617362658418045 7.889401435852051 18.872058868408203
5.277368545532227 6.182715370159542 1.9228508472442627 1.9880717992782593
3.052381992340088 5.305384631318653 2.2720587253570557 3.0787265300750732
3.508728504180908 6.186615422939404 2.6075727939605713 4.364775657653809
2.6512627601623535 4.846881399734387 2.788914918899536 5.218531608581543
5.852516174316406 7.083722141661383 2.0815045833587646 2.1611247062683105
4.096146583557129 6.8764613093083655 2.5189759731292725 3.5125246047973633
4.1407318115234375 7.655733482912481 2.9282827377319336 5.103184223175049
2.964292287826538 4.8153958047061 3.14170241355896 6.153566837310791
6.6546125411987305 8.418176377719192 2.32470965385437 2.428884983062744
5.765376567840576 8.976512551950236 2.8990092277526855 4.201613903045654
4.293339252471924 7.610901859249509 3.4180970191955566 6.260497570037842
3.0055978298187256 6.092499438270835 3.6738362312316895 7.590932369232178
6.493268966674805 7.603479508901728 2.4797310829162598 2.5835061073303223
5.198834419250488 7.69863863280807 2.96820330619812 4.194079875946045
3.094359874725342 3.9062781178356545 3.3711435794830322 6.005356311798096
2.0636308193206787 2.970530426810342 3.563568592071533 7.1722517013549805
7.136329650878906 8.678915451283135 2.728782892227173 2.860489845275879
5.1429829597473145 6.935496819733128 3.4016947746276855 5.012016773223877
3.55656361579895 6.531599170011731 3.9391260147094727 7.398447036743164
3.2455837726593018 6.256711072200687 4.180698871612549 8.904918670654297
8.235146522521973 10.388879619470003 3.1296606063842773 3.315899133682251
5.053497791290283 7.294687562058158 4.110403537750244 6.405508518218994
4.414421081542969 5.609284944371012 4.854304790496826 9.709996223449707
3.6236090660095215 5.581964441450907 5.160912036895752 11.696401596069336
7.052521228790283 8.21168610216273 3.223726749420166 3.410714864730835
4.935418128967285 6.081084078492722 3.828839063644409 5.596836566925049
3.5492260456085205 5.537808824649005 4.203372478485107 7.826576232910156
1.9872592687606812 2.7077395554257677 4.351413726806641 9.209142684936523
8.09084701538086 9.729470590197401 3.5693962574005127 3.8061752319335938
5.068792343139648 7.620569883007647 4.482678413391113 6.9062933921813965
3.589110851287842 6.325891729837807 5.049434185028076 9.985250473022461
3.3163540363311768 5.533455963253772 5.257736682891846 11.830065727233887
9.524551391601562 11.737779025817872 4.145225524902344 4.4852824211120605
6.162559509277344 9.986470530257222 5.600094795227051 9.224931716918945
3.666465997695923 6.39230013214967 6.46000862121582 13.669729232788086
3.050201416015625 4.935163344443339 6.742385387420654 16.13929557800293
4.7155842781066895 4.961198286973996 3.495495080947876 4.038195610046387
3.9036154747009277 5.401438209641128 4.824783802032471 7.257900714874268
3.1322975158691406 5.279378087351091 4.977683067321777 9.515951156616211
2.084390163421631 3.2355484065196833 5.022986888885498 10.951931953430176
5.207169532775879 5.770672125660027 3.988156795501709 4.670751571655273
5.221264362335205 7.220601182919552 5.712623596191406 9.110823631286621
4.466313362121582 7.04754139231045 6.072073936462402 12.374558448791504
1.7996200323104858 3.0436010915842857 6.1790666580200195 14.33876895904541
6.98776912689209 7.449560881173966 4.8437652587890625 5.796377182006836
6.132359981536865 8.076854950884126 7.2431111335754395 12.383628845214844
4.6494622230529785 6.603782072806361 7.92960786819458 17.283519744873047
3.3887298107147217 6.219268759988381 8.102598190307617 19.935773849487305
5.018759250640869 6.152391392651378 1.8951990604400635 1.9889520406723022
3.323629379272461 5.860289924483368 2.4060401916503906 3.4027202129364014
3.0171501636505127 5.902228193985192 2.8713796138763428 4.965057849884033
2.5701563358306885 4.811947851222172 3.1061995029449463 6.001440048217773
5.728208541870117 7.117713337842559 2.0633294582366943 2.173475503921509
3.874709129333496 6.877551128935082 2.675609588623047 3.883887767791748
3.0025410652160645 5.030417803778619 3.2346434593200684 5.812392711639404
2.181640625 4.144015687397655 3.5099937915802 7.087316989898682
6.848555088043213 8.865348888448807 2.326626777648926 2.462165594100952
6.002368450164795 9.478875082788818 3.102327346801758 4.645397663116455
3.725794792175293 6.669925033115305 3.802492618560791 7.129733562469482
4.249640941619873 7.7314470193472005 4.133356094360352 8.76339340209961
6.147402286529541 7.472324139349375 2.276956081390381 2.4005661010742188
4.432201385498047 8.33724466623471 2.996593713760376 4.427304744720459
2.848104953765869 5.437623793708077 3.6494719982147217 6.7213897705078125
2.3679096698760986 4.402882435060974 3.955230236053467 8.204168319702148
7.120882034301758 8.904887049853158 2.5389387607574463 2.693805456161499
5.145676136016846 8.968062478632248 3.4527645111083984 5.292466640472412
3.6321215629577637 6.074900390530502 4.273741722106934 8.265412330627441
3.090852975845337 4.76868489491191 4.645264148712158 10.172451972961426
8.74031925201416 11.319146872865943 2.9765782356262207 3.1874070167541504
6.4410905838012695 11.374540684373642 4.231022357940674 6.785879611968994
4.550306797027588 7.932296989742639 5.30781888961792 10.825530052185059
3.4331042766571045 5.16185331113013 5.766202926635742 13.366189956665039
6.7538933753967285 8.278439477667916 2.730764389038086 2.8815128803253174
4.5107855796813965 8.461356241126019 3.645569086074829 5.581612586975098
2.2000064849853516 4.420573014371371 4.438647270202637 8.557255744934082
2.5958778858184814 5.088033713316004 4.777948379516602 10.412843704223633
8.227531433105469 10.303092012735139 3.084759473800659 3.2922661304473877
5.028478145599365 7.732161587768632 4.307362079620361 6.903324604034424
4.61915922164917 7.526415233041362 5.34547233581543 10.886672973632812
3.5300543308258057 6.939259674514346 5.772969722747803 13.3394193649292
10.109506607055664 13.00828692929885 3.714322805404663 4.027607440948486
6.814903736114502 11.071267990832968 5.5087199211120605 9.334001541137695
4.586820602416992 7.832126485073786 6.91533899307251 14.905118942260742
4.073533058166504 6.66728930925966 7.443945407867432 18.210416793823242
3.382383108139038 4.054031729160258 3.127145290374756 3.7114415168762207
5.053186893463135 8.581460921214386 4.403275012969971 6.921480178833008
3.7097339630126953 7.1482898152307826 5.138330936431885 10.19400691986084
2.643552780151367 5.383969795410395 5.455925464630127 12.25357437133789
5.312615394592285 6.294749698379163 3.62337327003479 4.376710891723633
6.120047092437744 10.542271979538114 5.245482921600342 8.717063903808594
4.626242160797119 6.84849827895097 6.291994571685791 13.227157592773438
3.021918535232544 5.176699436540844 6.711738586425781 16.001388549804688
6.599806785583496 6.855994328461293 4.551487922668457 5.612752914428711
6.429346084594727 10.206534004139257 6.848260402679443 12.084242820739746
4.035663604736328 6.3650996310086185 8.343003273010254 18.547197341918945
4.491596698760986 7.725718082165521 8.860696792602539 22.288803100585938
5.203763484954834 6.170923047574867 1.8370343446731567 1.9029431343078613
4.642819881439209 7.883847334950159 2.207469940185547 2.9438507556915283
4.015617370605469 7.249604202785122 2.5650792121887207 4.132400989532471
2.975252389907837 5.583702329984405 2.752910852432251 4.950919151306152
5.752796649932861 6.934177667605617 1.973623275756836 2.0517866611480713
4.573780059814453 7.751682357974604 2.4215314388275146 3.3132238388061523
3.4306552410125732 6.244371002794821 2.8565549850463867 4.799959659576416
3.1352360248565674 6.033659374289755 3.080667018890381 5.827476978302002
6.702805042266846 8.415083220818858 2.1833689212799072 2.278876781463623
5.226963043212891 9.315931766870044 2.746396064758301 3.8738460540771484
3.799473762512207 7.566599057711547 3.297280788421631 5.817361831665039
4.202888488769531 6.809048264860621 3.574413537979126 7.164510726928711
6.4279069900512695 7.616911011689581 2.351109743118286 2.4405529499053955
5.150517463684082 8.155290414460978 2.8780312538146973 3.964712142944336
3.0425310134887695 4.586669615606297 3.338853359222412 5.680976867675781
2.504086494445801 4.905011127583634 3.54266095161438 6.81369161605835
7.237185478210449 8.660594333072225 2.5589919090270996 2.6749274730682373
5.3282318115234375 8.11870566404615 3.246751070022583 4.642193794250488
4.2904791831970215 7.584915426948953 3.85799503326416 6.939762115478516
3.1158041954040527 5.8757736971822965 4.125164031982422 8.45112419128418
8.501169204711914 10.583915059978516 2.9037156105041504 3.058147668838501
6.538544178009033 10.084945915998986 3.846086025238037 5.748376369476318
4.990825176239014 8.394554568123453 4.689784049987793 8.97553825378418
3.8456547260284424 5.90894251845009 5.0508341789245605 11.08171558380127
6.96152400970459 8.197193317755989 3.055283784866333 3.159247875213623
4.03052282333374 7.189217292102057 3.75136661529541 5.323055267333984
3.5205891132354736 6.934218599676797 4.237593173980713 7.525775909423828
1.9142913818359375 3.924290289329747 4.398530960083008 8.878418922424316
8.232246398925781 9.71898242842726 3.3399910926818848 3.4936769008636475
6.184625625610352 9.249404100345163 4.314646244049072 6.427877426147461
3.1118569374084473 4.124876724048605 5.025672435760498 9.518985748291016
3.2994301319122314 5.823229685584465 5.2699127197265625 11.40491771697998
10.003281593322754 12.079340008899457 3.8427553176879883 4.074084758758545
5.816330432891846 7.641704960779293 5.281624794006348 8.321045875549316
4.903029441833496 8.270145676965512 6.336915016174316 12.846449851989746
4.132745742797852 6.521784727716508 6.698401927947998 15.56450366973877
4.207870960235596 4.765252731201144 3.3316092491149902 3.6799473762512207
4.509246349334717 7.782754736611885 4.825011730194092 7.114546775817871
3.3516085147857666 5.935156273464642 5.134147644042969 9.406264305114746
2.4712095260620117 5.12491449713707 5.173882007598877 10.766419410705566
6.393711566925049 6.918632165067038 3.7304811477661133 4.1871337890625
5.213733673095703 8.301876402381822 5.64109992980957 8.79800033569336
4.4718122482299805 6.721858999907909 6.181167125701904 12.127923965454102
3.2848920822143555 6.382224893992543 6.306180000305176 14.10027027130127
7.1808671951293945 8.126496264970456 4.422332286834717 5.0740766525268555
5.97576379776001 9.05694428772074 7.057862281799316 11.729071617126465
5.136724472045898 8.474247647780954 7.956723213195801 16.70616340637207
4.96429443359375 8.283349509744085 8.188117980957031 19.626291275024414
5.422178268432617 6.539254656874541 1.8915401697158813 1.9579124450683594
4.628820896148682 7.918685197515709 2.2701475620269775 3.0892107486724854
3.0892903804779053 5.19075470704453 2.659977436065674 4.499194622039795
1.9250091314315796 4.225142253050848 2.8749306201934814 5.488084316253662
5.925577163696289 7.3904557427169095 2.0645716190338135 2.146237373352051
3.9680302143096924 6.662834124230663 2.5372979640960693 3.570629596710205
2.9386727809906006 6.031203640714956 3.0069451332092285 5.346372604370117
3.0466461181640625 4.015693488810086 3.253174304962158 6.568724632263184
6.617123603820801 8.439299076151997 2.3348402976989746 2.4412424564361572
5.526883602142334 8.696326513246163 2.9698596000671387 4.3435235023498535
4.476731300354004 6.750503797956675 3.5641305446624756 6.689309597015381
3.7692246437072754 5.115383339427694 3.849639654159546 8.24663257598877
6.592651844024658 7.984197436157956 2.3296048641204834 2.424394369125366
5.009523391723633 7.959128306196362 2.856295347213745 4.075620174407959
4.046420097351074 7.217391431951654 3.3663089275360107 6.113189697265625
2.941364288330078 4.742733775634388 3.6312098503112793 7.505733966827393
7.271435737609863 9.091152524453044 2.598458766937256 2.7252562046051025
5.397147178649902 8.949468573313325 3.3205997943878174 4.967399597167969
4.533738613128662 5.969114145591249 3.9786243438720703 7.688515663146973
3.3238444328308105 4.416357211588263 4.290761470794678 9.467556953430176
8.34521484375 10.65110969172838 3.0357255935668945 3.219351053237915
6.1039347648620605 10.08994841041806 4.118054389953613 6.49403715133667
4.0395894050598145 6.879484779880386 5.017322540283203 10.325963973999023
3.5563735961914062 6.70530385571692 5.391043186187744 12.687402725219727
7.134123802185059 8.687457970294872 2.9431049823760986 3.062999963760376
5.711308479309082 9.443880724556834 3.534433126449585 5.220071792602539
3.343837022781372 5.331185752866986 4.080507278442383 7.796438694000244
2.5544281005859375 4.1963157163422125 4.359342098236084 9.513871192932129
8.150163650512695 10.144691636472325 3.2967188358306885 3.474626064300537
5.121445178985596 7.477723954750218 4.220015525817871 6.601326942443848
3.249070882797241 5.978940892979608 4.986945152282715 10.207237243652344
3.47699236869812 5.970346529458368 5.321774482727051 12.439770698547363
9.715740203857422 12.526434799430021 3.896075487136841 4.182280540466309
5.778205871582031 9.067233163799756 5.446287631988525 9.062507629394531
4.4314703941345215 7.253389923191548 6.577956676483154 14.328478813171387
3.4333488941192627 5.937447655915889 6.983609676361084 17.373510360717773
5.15338659286499 5.481449415929774 3.408454179763794 3.9506638050079346
4.70011568069458 7.716308917204913 4.487488746643066 6.8383660316467285
2.9310083389282227 5.257552427055998 4.717375755310059 9.29581356048584
2.4042856693267822 4.380167715020434 4.9557785987854 11.177949905395508
5.879881858825684 6.070459140395723 3.9002439975738525 4.610708713531494
4.666860580444336 7.259839213052146 5.3777923583984375 8.695813179016113
3.891479253768921 7.7225388756899065 5.885457992553711 12.470040321350098
3.653581380844116 5.055434809252915 6.177943706512451 14.939148902893066
5.825096130371094 6.75734292217772 4.746094226837158 5.7535529136657715
5.8048200607299805 8.889966713356884 6.990479469299316 12.048369407653809
5.205861568450928 8.595359639059438 7.973763942718506 17.902599334716797
4.54660701751709 7.233195352797674 8.330327033996582 21.326955795288086
5.246272087097168 6.210322564003036 1.889716625213623 1.9722084999084473
4.849479675292969 7.346008215813143 2.315147638320923 3.1754274368286133
3.1368494033813477 5.949373813973921 2.6820387840270996 4.469329833984375
2.6260898113250732 5.045019155340981 2.8653452396392822 5.319607734680176
5.872867107391357 7.0971725151407945 2.0413434505462646 2.1394805908203125
4.699444770812988 7.928345125651845 2.5548207759857178 3.599771738052368
3.472986936569214 5.950438784171638 2.9927303791046143 5.199731826782227
2.762439489364624 5.200796406471525 3.2046144008636475 6.252001762390137
6.584747314453125 8.314140406716149 2.2741777896881104 2.3963191509246826
5.60167121887207 9.109688463653583 2.921261787414551 4.253889560699463
4.785292625427246 7.615547885365305 3.4618985652923584 6.304346084594727
2.8573222160339355 5.13208766873592 3.713294744491577 7.644599437713623
6.288453578948975 7.395568561088396 2.3873000144958496 2.5048911571502686
4.702965259552002 7.737343438752305 2.986844062805176 4.244480609893799
3.4611942768096924 5.946369227980767 3.451563835144043 6.086254596710205
3.4252655506134033 5.800932503125647 3.654047727584839 7.260910511016846
7.025006294250488 8.526712785576791 2.624941825866699 2.773914098739624
5.113243579864502 8.258439575801276 3.404832601547241 5.034404754638672
4.636667251586914 7.39285497421024 4.000372409820557 7.453293323516846
2.085383653640747 3.7977335255994964 4.24760103225708 8.974377632141113
8.114276885986328 10.190062435409743 3.012838363647461 3.215360641479492
5.345617771148682 7.712796002169592 4.084765911102295 6.332666397094727
4.5197553634643555 7.2649185336488245 4.8691277503967285 9.612519264221191
4.206206321716309 6.774288732873856 5.174488067626953 11.62755298614502
6.804713249206543 8.018034428999727 3.068138837814331 3.252415657043457
4.501273155212402 7.279352336988609 3.7896032333374023 5.54000997543335
3.5922844409942627 6.0059724640855165 4.270106315612793 7.844785213470459
2.604426860809326 3.741665079123777 4.446474552154541 9.26640796661377
7.8070783615112305 9.414463174288898 3.3876311779022217 3.6196770668029785
5.336350440979004 7.191152125904011 4.411215782165527 6.78579568862915
4.340109348297119 6.805006468274659 5.084735870361328 9.959004402160645
3.4250259399414062 5.226668519406758 5.316585063934326 11.854989051818848
9.265630722045898 11.396589018172563 3.940201997756958 4.269686698913574
5.9517436027526855 8.982554233953664 5.474088668823242 8.922279357910156
4.711464881896973 8.605559768116358 6.41642427444458 13.367938995361328
2.6015918254852295 4.57379364021449 6.7063117027282715 15.913830757141113
4.944123268127441 5.210944313971481 3.1845929622650146 3.704700469970703
4.235008716583252 6.144866855826876 4.735599040985107 7.089021682739258
2.782672166824341 4.673589337065096 5.007016658782959 9.437675476074219
2.911783456802368 4.647821867573157 5.111565589904785 10.965929985046387
4.998265266418457 5.437442680540425 3.6264233589172363 4.277535438537598
4.63887882232666 8.179169268005229 5.5463151931762695 8.79642391204834
4.311951637268066 6.67096369027422 6.054844856262207 12.227306365966797
2.8633599281311035 3.9495479384718237 6.2183756828308105 14.314193725585938
6.91286039352417 7.899930156986898 4.398561954498291 5.284635543823242
6.134836673736572 9.102239618498771 6.972073078155518 11.778759956359863
5.5385003089904785 8.054244142930429 7.799935817718506 16.763755798339844
3.926926851272583 5.617163157512394 8.006712913513184 19.570043563842773
5.237180233001709 6.468166096152231 2.076267957687378 2.185561418533325
4.490389347076416 7.352230837210456 2.5546748638153076 3.5976574420928955
2.6833128929138184 4.4343472634217775 2.9471113681793213 5.036584854125977
2.7073965072631836 4.428361352403044 3.1286439895629883 5.902915954589844
5.7148118019104 7.361610065618919 2.250286340713501 2.3756091594696045
4.284590721130371 6.552650588799935 2.8291404247283936 4.0966572761535645
3.232421398162842 5.904085734607751 3.3140029907226562 5.9168925285339355
3.5674593448638916 5.179296203581089 3.5337352752685547 7.026125431060791
6.479132175445557 8.816815196919173 2.5136592388153076 2.6686649322509766
4.802511215209961 7.875468812070693 3.252872943878174 4.889336585998535
4.1941423416137695 7.001002643015042 3.872096300125122 7.284235000610352
3.966592788696289 6.139726053528079 4.1429314613342285 8.7396240234375
6.23356294631958 7.813592978129009 2.709404945373535 2.8789334297180176
4.4391069412231445 6.928307511800881 3.3999195098876953 4.995291233062744
3.259106159210205 5.020886629822712 3.9016969203948975 7.098654747009277
3.1852245330810547 5.174055697761659 4.098269462585449 8.317593574523926
6.944061279296875 9.079953686338001 2.9744515419006348 3.183847427368164
3.786735773086548 5.526444114576179 3.8782918453216553 5.9522857666015625
3.3412389755249023 5.194815797663978 4.549058437347412 8.761926651000977
3.5119497776031494 5.433821721053393 4.806118965148926 10.384268760681152
8.039568901062012 11.134491116064055 3.3964951038360596 3.682236909866333
6.088145732879639 9.574023859965564 4.664348125457764 7.565698623657227
4.67069673538208 7.5083306953042666 5.582116603851318 11.463128089904785
3.7843122482299805 5.0385915159779415 5.909221172332764 13.673027992248535
6.632371425628662 8.424322229057225 3.42939829826355 3.6773829460144043
4.061850070953369 5.549559779554272 4.35318660736084 6.6308369636535645
3.459089756011963 5.323396026375207 4.900368690490723 9.345049858093262
2.208226203918457 3.9865145589261104 5.068902015686035 10.82789421081543
7.538968086242676 10.001158622590083 3.7947123050689697 4.13085412979126
4.500904560089111 7.847388317234078 5.083106994628906 8.203317642211914
4.213612079620361 6.681758987355408 5.866755485534668 11.929848670959473
3.0082576274871826 5.042352931786809 6.104564189910889 13.926617622375488
9.051717758178711 12.429675918906923 4.409145355224609 4.913917064666748
5.263538360595703 9.676025900687478 6.3346099853515625 10.912361145019531
5.023068904876709 7.735849355478194 7.4578142166137695 16.173429489135742
4.209285736083984 7.0950686707180814 7.7572808265686035 18.924209594726562
4.88883638381958 5.454583733106972 3.9539523124694824 4.5893778800964355
4.850790023803711 8.401086932777162 5.255564212799072 8.230040550231934
3.1625781059265137 6.0874472163718 5.760807037353516 11.328629493713379
2.2880473136901855 3.1528610865052684 5.869974613189697 12.940061569213867
5.8969340324401855 6.090651497871448 4.525993824005127 5.3967108726501465
4.359795093536377 7.373669614390565 6.235841274261475 10.445910453796387
3.1359198093414307 4.184980176740851 7.013829231262207 14.750922203063965
3.2369258403778076 4.987871084487324 7.186448097229004 16.916229248046875
5.731069087982178 5.981651180287713 5.544373035430908 6.739913463592529
6.174610614776611 9.03535981249469 7.959897994995117 14.3134765625
5.094877243041992 7.166906725876841 9.111336708068848 20.34706687927246
3.3557896614074707 5.875879622744719 9.316490173339844 23.326082229614258
4.404487133026123 5.561354318779216 2.2089426517486572 2.3169169425964355
2.5000298023223877 5.150015740113105 2.7312064170837402 3.8073816299438477
2.7965087890625 5.812312650057237 3.0944595336914062 5.2839765548706055
3.0345280170440674 5.283072394701122 3.24135422706604 6.22996187210083
5.239177227020264 6.711916715254267 2.3785157203674316 2.5163733959198
4.636120319366455 8.30333273924316 3.030644655227661 4.39864444732666
3.007040500640869 6.688149091187086 3.480679988861084 6.272458553314209
2.046579599380493 4.227659069905762 3.6576547622680664 7.462022304534912
6.473897457122803 8.314940328824804 2.6394155025482178 2.8188037872314453
5.42979621887207 7.6606230506208135 3.484042167663574 5.29628324508667
4.211780548095703 7.095107097417554 4.053247928619385 7.754028797149658
3.04693341255188 5.124104700220354 4.263876438140869 9.272384643554688
5.286204814910889 6.625918284692489 2.856874704360962 3.0118584632873535
3.9695310592651367 6.772099165832998 3.677794933319092 5.336925983428955
2.565725088119507 4.881511564481002 4.155973434448242 7.525404930114746
1.912937045097351 4.1249396543719286 4.299108982086182 8.842909812927246
6.387606143951416 8.079755862982552 3.120814561843872 3.3361122608184814
4.240921974182129 7.142014153988498 4.206498146057129 6.456043720245361
4.04307746887207 7.006750853178346 4.841728687286377 9.385462760925293
3.543114185333252 5.976224425189997 5.030223846435547 11.113771438598633
7.941793441772461 9.944869541572984 3.557741165161133 3.8672292232513428
5.9850029945373535 9.964799938850014 5.0582966804504395 8.276449203491211
4.622727870941162 6.608018366052306 5.912185192108154 12.327781677246094
3.548187494277954 6.019939939442452 6.143896102905273 14.603668212890625
5.6956787109375 7.073810547622845 3.363976240158081 3.5909969806671143
2.696317434310913 5.290183404537856 4.680360794067383 7.048267364501953
3.1305301189422607 6.7781171658754715 5.253615379333496 9.931455612182617
2.663179874420166 5.832145140118882 5.362260341644287 11.5449800491333
7.039902687072754 8.755461286969734 3.7683398723602295 4.088131427764893
4.196672439575195 6.736405006051157 5.484013557434082 8.814623832702637
3.4352056980133057 4.42638604895501 6.2804694175720215 12.790621757507324
3.162520170211792 5.017199870411787 6.441294193267822 14.959232330322266
8.896190643310547 10.956511638820075 4.453416347503662 4.9560627937316895
6.113899230957031 10.243338238506908 6.835366725921631 11.810467720031738
4.402364730834961 6.96758205288188 7.931933403015137 17.429729461669922
4.350518226623535 6.2988427388249875 8.12569808959961 20.294940948486328
4.49251127243042 5.069799830349609 4.027030944824219 4.51917839050293
3.509402275085449 6.345122369888486 5.48146915435791 8.556568145751953
2.3972744941711426 5.493569257047767 6.177175998687744 12.00390625
1.740817666053772 2.27524843939765 6.236164569854736 13.798905372619629
4.828309535980225 5.574441974270769 4.485306739807129 4.57599401473999
4.153601169586182 7.11739607902399 6.555734634399414 10.922207832336426
3.6418650150299072 6.812167791223075 7.502831935882568 15.722174644470215
3.1270768642425537 6.278422970137171 7.616099834442139 18.184072494506836
6.9711408615112305 7.908752409280709 3.6278648376464844 5.74437952041626
6.6194586753845215 9.622646544495183 8.389982223510742 15.043777465820312
4.988541603088379 8.064365852382277 9.671435356140137 21.827922821044922
4.380678176879883 7.870134059683494 9.796091079711914 25.046274185180664
4.718072891235352 5.75984367322161 1.9909228086471558 2.069411277770996
3.9318606853485107 6.902039111875638 2.415163516998291 3.293877363204956
2.635937452316284 4.983288930458912 2.8263473510742188 4.703719615936279
1.9292606115341187 3.831745075511762 3.0334267616271973 5.627066612243652
5.424757957458496 6.732436073871668 2.1369643211364746 2.227839469909668
4.3222551345825195 7.968252067935282 2.6512951850891113 3.719475507736206
3.3806991577148438 5.311888560616389 3.1568868160247803 5.489120960235596
3.033041477203369 5.15155115702273 3.407780885696411 6.643273830413818
6.42960786819458 8.315685367202036 2.354768753051758 2.463987350463867
5.444925308227539 8.523134182765318 3.004591226577759 4.359344959259033
4.278696060180664 6.879492179807926 3.643627405166626 6.653507709503174
4.118188381195068 6.115675179031996 3.9523439407348633 8.12734317779541
5.738473415374756 6.96295218945329 2.5910587310791016 2.7120683193206787
4.0872063636779785 7.028233200412387 3.2173640727996826 4.5721435546875
2.1585521697998047 3.9371150006807056 3.7500734329223633 6.636435031890869
1.7065112590789795 3.213177493304215 3.9687817096710205 7.898922920227051
6.656566619873047 8.23010718750811 2.808979034423828 2.957336187362671
5.35358190536499 8.674594565601694 3.6277830600738525 5.365245819091797
3.597822427749634 5.426749966266357 4.334352493286133 8.105400085449219
2.3870277404785156 4.482447009829554 4.6232380867004395 9.772319793701172
7.9529876708984375 10.107209696003686 3.154447555541992 3.3444674015045166
6.04921817779541 9.095516442100859 4.274507999420166 6.620738506317139
3.35784649848938 6.117308246083212 5.229174613952637 10.36609935760498
3.870680332183838 6.752578965905386 5.607307434082031 12.593559265136719
6.150460720062256 7.510591858317028 3.28928279876709 3.4561049938201904
4.67845344543457 7.952161671777958 4.181368827819824 6.1652421951293945
3.736218214035034 6.323989791651961 4.764585018157959 8.831592559814453
2.871436834335327 5.247376601077804 4.935563087463379 10.321430206298828
7.453907489776611 9.179375188903066 3.5919458866119385 3.818207263946533
4.692999362945557 8.270528469846795 4.8099188804626465 7.459628105163574
3.4939815998077393 5.7579841190636145 5.636826992034912 11.10585880279541
3.9198269844055176 6.603710579682485 5.89653205871582 13.151859283447266
9.102151870727539 11.336417782332042 4.096479415893555 4.41859245300293
6.234298229217529 9.484251751362905 5.839860916137695 9.564513206481934
3.9380085468292236 6.3496339851658945 7.0156073570251465 14.670408248901367
4.199240684509277 7.038348952163397 7.376933574676514 17.466018676757812
5.031185626983643 5.67022807462638 3.679192304611206 4.119436264038086
4.558232307434082 6.440607831925945 5.128355026245117 7.910059452056885
2.700239419937134 3.910089429747355 5.690689563751221 10.889302253723145
1.8695136308670044 3.1289889595050226 5.764204978942871 12.431201934814453
4.844122409820557 5.849376269259608 4.1273603439331055 4.704135417938232
4.988999366760254 8.718421538349958 5.992790222167969 9.753817558288574
4.001033782958984 7.837436847210029 6.821380138397217 13.8920259475708
2.6162538528442383 4.560367475278326 6.990602016448975 16.084535598754883
6.363497734069824 7.511893588040806 4.881819725036621 5.683009624481201
6.0552215576171875 9.97560434453008 7.435816287994385 12.81812858581543
4.707264423370361 6.744494352277262 8.644362449645996 18.63719940185547
3.6309585571289062 4.823085469769012 8.90990924835205 21.66726303100586
4.540079116821289 5.117241562983054 1.7746012210845947 1.822174310684204
3.688070297241211 5.886165333204417 2.0881950855255127 2.680765151977539
3.666451930999756 6.640262469668016 2.444808006286621 3.7884361743927
2.5685203075408936 4.491887302599878 2.651750326156616 4.5989460945129395
5.254286289215088 6.142061781252416 1.9123480319976807 1.9692285060882568
4.452308177947998 5.730483863375639 2.2908332347869873 3.0142786502838135
2.504439115524292 4.406426291474418 2.7203755378723145 4.38504695892334
2.8077330589294434 5.572091053928943 2.9645745754241943 5.383846282958984
6.246092796325684 7.55191729762473 2.12081241607666 2.1908788681030273
4.597898960113525 7.1791730840641685 2.603567123413086 3.518322706222534
4.0962395668029785 7.011275832802404 3.1426432132720947 5.278076171875
2.6272380352020264 3.7809706512053083 3.4377875328063965 6.5444865226745605
5.622890949249268 6.4068304821523725 2.0904998779296875 2.153073787689209
4.243014812469482 6.925882251401504 2.5216639041900635 3.3501579761505127
3.6725008487701416 6.7819830654191335 3.002542495727539 4.932103157043457
1.57811439037323 2.546831046294187 3.267826795578003 6.07572078704834
6.4435505867004395 7.554365282774597 2.298823595046997 2.3788657188415527
5.095097064971924 7.748900856700857 2.8557136058807373 3.931718349456787
3.7244491577148438 7.105693831279382 3.469325542449951 6.001415252685547
3.3816308975219727 4.780059795615216 3.795152425765991 7.477540969848633
7.668614387512207 9.342279472949485 2.62798810005188 2.735433578491211
5.629942417144775 8.961412552443942 3.4024221897125244 4.877045154571533
4.834383964538574 7.160677451461684 4.2277326583862305 7.719877243041992
4.36287260055542 6.812749326730545 4.63954496383667 9.686007499694824
6.089399337768555 7.029799209293513 2.432899236679077 2.510885000228882
5.038079738616943 7.291630870462946 2.9502811431884766 4.031840801239014
4.102970123291016 7.085532005518758 3.5301263332366943 6.065413951873779
2.7298388481140137 4.136539336290993 3.8412997722625732 7.5117506980896
7.294126987457275 8.576248577553542 2.705530881881714 2.8099277019500732
5.46649694442749 8.0464064580418 3.423363447189331 4.896242141723633
3.011331081390381 5.231973489446491 4.201033592224121 7.6669230461120605
2.2324304580688477 3.5680256060065574 4.594768524169922 9.588926315307617
8.81782054901123 10.66973713059383 3.154254674911499 3.3053908348083496
6.524043560028076 10.294323593120875 4.2336297035217285 6.380882740020752
4.6021013259887695 6.9851520173015444 5.338179588317871 10.358907699584961
4.510595321655273 6.924977839611927 5.8502678871154785 12.987007141113281
4.502447605133057 4.794301413965968 3.021984100341797 3.3519670963287354
4.700132846832275 6.35126900474981 3.396617889404297 4.771059036254883
3.1741442680358887 4.846806294941871 3.9605460166931152 7.013299465179443
2.724001884460449 4.71634832888455 4.2927422523498535 8.668642044067383
4.990515232086182 5.66792357945269 3.411329507827759 3.8321151733398438
4.956408500671387 7.591777401356779 3.9957730770111084 5.904037952423096
3.6573116779327393 5.458204178698851 4.8058624267578125 9.089313507080078
3.7996068000793457 7.00905768401293 5.237498760223389 11.326606750488281
7.040770053863525 8.035989108320337 4.061757564544678 4.636222839355469
6.553112983703613 9.862729308443683 5.042571544647217 7.908169746398926
4.545754432678223 7.164711171893714 6.276379585266113 12.65867805480957
4.190889358520508 6.66370839304035 6.850117206573486 15.757314682006836
4.677743434906006 5.811419413222147 1.708631157875061 1.7773141860961914
3.791677713394165 6.790565363575524 2.0750505924224854 2.7717154026031494
3.816261053085327 6.673862425694608 2.436007499694824 3.8946073055267334
2.607729196548462 5.2795385859006245 2.6509456634521484 4.675900936126709
5.242770195007324 6.678256814912949 1.8282183408737183 1.9062398672103882
4.796971797943115 8.317592779425127 2.2611701488494873 3.0994460582733154
4.075286865234375 6.216944581411614 2.6917552947998047 4.485789775848389
2.528944730758667 4.105420451952838 2.943803310394287 5.444332599639893
6.197177410125732 8.105778295326672 2.0058999061584473 2.0987019538879395
5.343354225158691 9.463127016784426 2.5393664836883545 3.5824689865112305
4.410154342651367 7.871091987933937 3.0733022689819336 5.351515769958496
4.181197643280029 6.357659759656361 3.381009817123413 6.5677409172058105
5.650086879730225 7.057387040682002 2.0459799766540527 2.1496741771698
5.0453619956970215 8.53899619897129 2.5413033962249756 3.509795904159546
3.2421152591705322 6.026735921684121 3.004132032394409 5.047797679901123
2.27609920501709 3.8379626449021202 3.264767646789551 6.11636209487915
6.5005621910095215 8.263374293665178 2.228438138961792 2.3467767238616943
5.3498663902282715 9.104449303063518 2.849339246749878 4.072332859039307
3.591309070587158 7.552464513495124 3.43619704246521 6.082200050354004
3.2294938564300537 6.533490626434741 3.7577292919158936 7.458128452301025
7.637650489807129 9.890179142290464 2.513152837753296 2.6581711769104004
6.256747245788574 10.774333942345388 3.3343474864959717 4.955375671386719
5.2561469078063965 8.280352032090661 4.112531661987305 7.683261394500732
4.4144744873046875 7.512419878968558 4.527582168579102 9.518163681030273
6.120400428771973 7.70001222212143 2.486670732498169 2.676300048828125
4.744818687438965 7.906360149528268 3.0833849906921387 4.403921604156494
3.8466548919677734 6.705727048825338 3.594012498855591 6.273166179656982
3.303886890411377 6.190042580524278 3.8630526065826416 7.558649063110352
7.2252197265625 9.199480862764396 2.727482318878174 2.9406509399414062
5.804075717926025 9.909176412909488 3.525787353515625 5.238101005554199
3.974334955215454 6.39776698409446 4.218958854675293 7.807796955108643
3.5707991123199463 6.879369819187104 4.569727897644043 9.526259422302246
8.7640962600708 11.312862805169841 3.1238133907318115 3.379800796508789
6.466538906097412 10.619374140183487 4.2558488845825195 6.618010997772217
5.556036472320557 9.079668450218932 5.2356462478637695 10.275921821594238
3.6819334030151367 6.215391713726028 5.710801601409912 12.641583442687988
4.833850383758545 5.636226006425886 2.69010591506958 3.1424872875213623
4.785359859466553 8.43405966430926 3.8380424976348877 5.729787826538086
2.7693307399749756 4.169925740744806 4.14125919342041 7.432163238525391
3.575733184814453 5.727281049787898 4.3655548095703125 8.783252716064453
3.903230667114258 4.394152954014771 3.0000810623168945 3.5285837650299072
5.621113300323486 9.33269124258236 4.442026138305664 6.929742336273193
5.087666034698486 8.672470869570134 4.941140651702881 9.429153442382812
4.267147541046143 6.485978182673989 5.258159160614014 11.301673889160156
7.156874179840088 7.53136852802777 3.518956422805786 4.181204319000244
6.915379047393799 10.311301562433187 5.440380096435547 8.904829978942871
5.774917125701904 8.261479607749834 6.274742603302002 12.708019256591797
3.850598096847534 6.68996246063589 6.73048210144043 15.352194786071777
4.833651065826416 5.83033692275061 1.7380917072296143 1.8054205179214478
4.348417282104492 7.4450751597536 2.15122652053833 2.9478514194488525
3.0623624324798584 5.442358073972173 2.572883129119873 4.247695446014404
2.8764090538024902 5.3711377293933715 2.8021509647369385 5.073957443237305
5.354990482330322 6.646747375248381 1.8738915920257568 1.9523521661758423
4.400046348571777 7.701906398077277 2.358396530151367 3.3096563816070557
3.1780996322631836 5.4476871071362325 2.8529775142669678 4.891106128692627
3.15096378326416 6.389340904364033 3.11855149269104 5.908309459686279
6.262152194976807 8.035986887128331 2.087756395339966 2.18347430229187
4.632053375244141 8.234402383417319 2.6833269596099854 3.877272129058838
4.743860721588135 8.659898303374803 3.2840518951416016 5.887240409851074
3.371521472930908 6.331073146945946 3.596679210662842 7.184415817260742
6.233392715454102 7.459073549709899 2.027811288833618 2.1156258583068848
4.04410457611084 6.836929635617437 2.600074529647827 3.711615562438965
4.245553016662598 7.524550948567708 3.186821937561035 5.574306964874268
3.259143352508545 5.62900457756831 3.48752760887146 6.737569808959961
6.989077091217041 8.564706419911232 2.2407047748565674 2.349001884460449
5.247854709625244 8.247223535150809 2.948000431060791 4.349924564361572
4.595213890075684 7.526463742697956 3.6660733222961426 6.737777233123779
3.2427585124969482 6.017282742669478 4.028203010559082 8.238865852355957
8.240897178649902 10.403798269734722 2.6024434566497803 2.745673418045044
5.509395122528076 9.0014307121481 3.5407485961914062 5.442174434661865
5.425195217132568 9.330664848642357 4.457032203674316 8.666709899902344
4.178356647491455 7.6005451350046185 4.8943400382995605 10.669604301452637
7.3663530349731445 8.70422660906755 2.2956314086914062 2.401313066482544
5.646386623382568 9.08352583474096 3.0384747982025146 4.511523246765137
3.7785680294036865 6.779058066994935 3.7984633445739746 6.941084861755371
2.5667645931243896 3.9950156562226766 4.156076431274414 8.407902717590332
8.371179580688477 10.075710986314618 2.585806369781494 2.723130464553833
5.809571743011475 8.703225345249436 3.5387701988220215 5.461154460906982
4.641266822814941 7.307914059935001 4.490577220916748 8.681634902954102
2.965550422668457 5.072370542214799 4.933160305023193 10.629939079284668
9.768621444702148 12.093592701816533 3.1119980812072754 3.308774471282959
7.337141036987305 10.326032750582044 4.450754165649414 7.199771881103516
4.849473476409912 8.634681655629606 5.6914143562316895 11.695136070251465
3.6624014377593994 7.449535477930112 6.226940631866455 14.34363079071045
4.896602153778076 5.509438461213904 2.747185468673706 3.1939525604248047
6.390535831451416 9.7707540257461 3.4907636642456055 5.4377641677856445
3.765230655670166 6.3713942325061055 4.333357810974121 8.156739234924316
2.059213399887085 3.100176970022403 4.7105889320373535 9.809555053710938
5.775514602661133 6.104038697965862 3.1305723190307617 3.6398558616638184
6.721473217010498 10.212126266141354 4.1173014640808105 6.6797871589660645
3.9947292804718018 6.520555586406076 5.206956386566162 10.401482582092285
3.6419434547424316 5.114256095424935 5.687182903289795 12.64244556427002
6.970409393310547 8.032978413033522 3.8375449180603027 4.5349507331848145
7.22332239151001 9.953261150093113 5.3181352615356445 9.030532836914062
4.625359058380127 7.927619127972812 6.767689228057861 14.37196159362793
4.285589218139648 7.081014397200754 7.347266674041748 17.441373825073242
4.3119797706604 4.846521768685363 1.5985357761383057 1.6376415491104126
3.989928722381592 6.0861874214658656 1.8139450550079346 2.3290226459503174
3.358016014099121 5.513475245651591 2.0397894382476807 3.150012969970703
2.158184289932251 3.8247577596459337 2.170973062515259 3.6778697967529297
4.621957778930664 5.411490210150172 1.6681973934173584 1.7116817235946655
4.529514789581299 6.534706585491136 1.9184685945510864 2.493668556213379
2.911006450653076 4.439596186876047 2.180717945098877 3.4337527751922607
2.6380486488342285 4.336934647324597 2.329810857772827 4.044769763946533
5.2540693283081055 6.383690991461755 1.7670857906341553 1.8176132440567017
4.637615203857422 7.005489061913011 2.0625336170196533 2.7270591259002686
4.365787506103516 5.986940823779349 2.3716771602630615 3.8343279361724854
2.784813404083252 4.793866152693909 2.5436229705810547 4.558866500854492
5.152187347412109 5.800923767502496 1.9805997610092163 2.0321855545043945
3.57828426361084 5.426313845705444 2.2331039905548096 2.9238314628601074
3.339751958847046 4.65867866126132 2.455571174621582 3.945167303085327
2.284863233566284 3.5505695755522595 2.567659616470337 4.574362277984619
5.640378952026367 6.580534494423041 2.077556610107422 2.1337876319885254
3.935513734817505 5.824087234927333 2.3969011306762695 3.202031135559082
3.2341010570526123 5.1592851000224815 2.6813619136810303 4.43954610824585
2.7977890968322754 4.705330192794577 2.820474147796631 5.205935955047607
6.455852031707764 7.732048695975709 2.2194337844848633 2.287224531173706
5.596276760101318 8.374757101394152 2.6282262802124023 3.606654644012451
4.275065898895264 6.527886537204267 2.9946253299713135 5.151360988616943
3.774582624435425 5.956336844370097 3.1697099208831787 6.110342025756836
5.536374568939209 6.169608293400415 2.511929988861084 2.613612651824951
3.0793821811676025 4.874960706498996 2.7552671432495117 3.6987359523773193
3.3455440998077393 4.678589719481806 2.911501884460449 4.84999942779541
1.9246047735214233 3.9068632723072483 2.970205545425415 5.516811847686768
6.235531330108643 7.129992359808568 2.628308057785034 2.7383816242218018
4.890733242034912 7.882642834867113 2.9938132762908936 4.133108615875244
3.7476327419281006 5.714176660654325 3.236541509628296 5.606114864349365
2.2855570316314697 4.219083893880318 3.3256494998931885 6.453382968902588
7.201805591583252 8.369902802339766 2.814117431640625 2.942371129989624
3.9768238067626953 6.1567131626674545 3.33862566947937 4.774133205413818
4.678069591522217 7.162574372368496 3.693814992904663 6.704216957092285
3.6162168979644775 5.531175300301584 3.8238441944122314 7.810401916503906
4.252094745635986 4.501784212854275 2.7435250282287598 3.0038602352142334
2.759654998779297 4.157958533986189 3.370333433151245 4.674011707305908
2.738584041595459 4.734942927410316 3.3401432037353516 5.733160018920898
2.1237223148345947 4.243186080878942 3.317646026611328 6.353607654571533
4.307114601135254 4.55760135228129 2.9177157878875732 3.2048680782318115
4.576289176940918 6.717853272963936 3.6785037517547607 5.304568767547607
3.220479965209961 4.800716489923843 3.7653613090515137 6.766421794891357
3.188391923904419 4.750389412402654 3.767953872680664 7.579376220703125
6.228227615356445 6.820343013791614 3.1779062747955322 3.513392925262451
4.991352558135986 7.960130978373776 4.144044399261475 6.237547397613525
4.8186564445495605 6.52334180311432 4.367478370666504 8.264065742492676
2.6062681674957275 4.592205287711295 4.403224945068359 9.362346649169922
4.539801120758057 5.532493504669844 1.5509696006774902 1.6153581142425537
4.316884994506836 6.89219891838016 1.876022458076477 2.465049982070923
2.7991702556610107 5.056967090331 2.1512386798858643 3.3423497676849365
2.832944869995117 5.2500537143244514 2.298553466796875 3.95573353767395
4.955848217010498 6.0686238310524345 1.6355191469192505 1.706289291381836
4.377490520477295 7.181258744107254 1.9947749376296997 2.6716692447662354
3.690723419189453 6.676691106648377 2.3014914989471436 3.704820156097412
2.4923763275146484 5.150435735462505 2.464757204055786 4.431166648864746
5.470279693603516 6.871235208637927 1.7619329690933228 1.8409111499786377
5.026033401489258 7.799179126815602 2.1707987785339355 2.967120409011841
4.381259441375732 6.936136699716878 2.522632598876953 4.209544658660889
3.984722137451172 7.399388247554027 2.7064881324768066 5.080564975738525
5.526845932006836 6.675333129082674 1.8115476369857788 1.8968877792358398
4.4926018714904785 7.377267759730785 2.2085156440734863 2.9635610580444336
4.019889831542969 6.756873509091292 2.528261184692383 4.068628787994385
2.75533390045166 4.874558590945526 2.6867263317108154 4.829794406890869
5.943432807922363 7.207184596837777 1.9333453178405762 2.0306315422058105
5.25373649597168 8.678473997561014 2.390042543411255 3.293682813644409
3.3202431201934814 5.032452797189563 2.7655837535858154 4.662350177764893
3.4697976112365723 5.161504867712466 2.950507640838623 5.609235763549805
6.600785255432129 8.302117547499392 2.1248955726623535 2.2369797229766846
5.791473865509033 9.539210967379404 2.672858238220215 3.7910361289978027
4.312076568603516 7.624727690667896 3.130683183670044 5.537944316864014
3.319648265838623 6.660398660835491 3.350013017654419 6.736758232116699
5.890074729919434 7.155733507469427 2.1868603229522705 2.3019392490386963
5.033721446990967 8.257417223850439 2.5987555980682373 3.55035138130188
2.539637804031372 4.189969209144916 2.912411689758301 4.822530269622803
2.7579357624053955 4.261920459593426 3.0566442012786865 5.686033725738525
6.57866907119751 7.997217729409385 2.33347749710083 2.468919277191162
4.566185474395752 6.098113257503883 2.837904214859009 4.009902000427246
3.643568754196167 4.892783181911227 3.234703779220581 5.662519454956055
2.9113922119140625 4.47501402909981 3.4164278507232666 6.781942367553711
7.527779579162598 9.371912021913769 2.5819289684295654 2.74210262298584
5.643682956695557 9.533707602284494 3.228980541229248 4.73292875289917
4.765186786651611 8.019189372121161 3.7496166229248047 6.95233154296875
3.8331351280212402 6.399354610777323 3.979386806488037 8.430087089538574
4.900791645050049 5.827712674171835 2.294201135635376 2.735790967941284
2.790555000305176 4.214842282895802 3.1753764152526855 4.4173479080200195
3.623121976852417 6.085083301457221 3.261669874191284 5.516927719116211
2.3962297439575195 4.680337095989245 3.3612864017486572 6.403369903564453
5.536533355712891 6.243824148264821 2.481187343597412 2.970005512237549
5.043135166168213 8.41174587620128 3.433166265487671 4.985917091369629
4.1736369132995605 7.772922976122686 3.6512198448181152 6.56988525390625
3.1661016941070557 4.988287219199719 3.7987136840820312 7.766047477722168
5.427870273590088 6.336165239467896 2.7914109230041504 3.3520431518554688
5.676365852355957 7.981291954320454 3.8886215686798096 5.90039587020874
4.279226779937744 6.752477439399485 4.291411876678467 8.228303909301758
4.153476715087891 6.808501518502453 4.498610496520996 9.866568565368652
3.7880940437316895 4.56568159713197 1.6998863220214844 1.7427014112472534
3.825507402420044 6.067977504655573 1.9334713220596313 2.4720563888549805
2.4466969966888428 4.518538167541034 2.15708589553833 3.3087527751922607
2.6557304859161377 4.795295097698272 2.281590461730957 3.8712384700775146
4.466437816619873 5.482285117997776 1.782507061958313 1.8299192190170288
4.125278949737549 6.468412105751053 2.0557262897491455 2.656421184539795
1.650266170501709 2.407087031636408 2.320201873779297 3.6328024864196777
2.4366774559020996 4.844904927188551 2.4648733139038086 4.297656536102295
5.204585075378418 6.3943206143828775 1.9019811153411865 1.9548906087875366
4.605363845825195 7.353862995361531 2.2296552658081055 2.9175782203674316
4.049308776855469 6.125421171606504 2.5492100715637207 4.084657669067383
2.4391984939575195 4.047009413117575 2.7199881076812744 4.884042263031006
4.548562526702881 5.543765501450005 2.187588930130005 2.2353389263153076
3.443092107772827 5.750185141478227 2.4772143363952637 3.2340378761291504
2.659226655960083 4.946511419028866 2.697847366333008 4.322660446166992
1.6397647857666016 2.892978326300881 2.7922472953796387 5.006500720977783
5.346081733703613 6.510770470324316 2.3018250465393066 2.3594906330108643
3.970088005065918 6.163246087042236 2.6724562644958496 3.5594072341918945
3.3195416927337646 5.895623010584131 2.968435287475586 4.91130256652832
3.2380552291870117 5.725325645413462 3.0954806804656982 5.773247241973877
6.286259651184082 7.733240046369701 2.4760916233062744 2.5471603870391846
5.30274772644043 8.853551914318587 2.9611120223999023 4.034098148345947
3.8829469680786133 6.399496571217895 3.3611838817596436 5.758488655090332
3.5773422718048096 5.356232940780715 3.5305323600769043 6.8627142906188965
4.819996356964111 5.934251234632029 2.797287940979004 2.8776931762695312
2.9015743732452393 5.218562749437297 3.1679162979125977 4.249840259552002
2.2402279376983643 3.7735701131935 3.3239452838897705 5.548122882843018
2.751530647277832 4.628735498005881 3.340693712234497 6.277827262878418
5.8434367179870605 7.062121268832811 2.944063186645508 3.0426783561706543
3.5617282390594482 6.111057377470004 3.4499340057373047 4.771245956420898
3.0113251209259033 4.838999153099451 3.7162578105926514 6.4697370529174805
3.204430341720581 5.575271449606589 3.7758948802948 7.446377754211426
6.986527442932129 8.491531260396187 3.179269790649414 3.3051836490631104
5.509031772613525 8.562676322959206 3.8802294731140137 5.545568466186523
3.360839366912842 6.538341027784554 4.301406383514404 7.823654651641846
3.753669023513794 6.279093428088913 4.414036273956299 9.144537925720215
4.256559371948242 4.8238467831206435 3.091151237487793 3.3380517959594727
2.7561209201812744 4.866710023845403 3.8465940952301025 5.360574722290039
1.2555217742919922 2.526616052271052 3.9233484268188477 6.758851051330566
1.9575655460357666 3.918102601806396 3.8299622535705566 7.44293737411499
4.170202255249023 4.981284594150885 3.3101089000701904 3.607922315597534
3.4451699256896973 4.451075545463638 4.217268943786621 6.113760948181152
2.5329041481018066 3.7649644357963012 4.423207759857178 8.005735397338867
2.8682217597961426 5.3182908243617675 4.38109016418457 8.981718063354492
6.48533296585083 7.461850064288257 3.638524055480957 4.009218215942383
4.242464065551758 6.543075987090502 4.794622421264648 7.235678195953369
4.421618938446045 7.472353420217132 5.185679912567139 9.855280876159668
3.6535983085632324 5.759796300420021 5.202125549316406 11.246404647827148
3.843090295791626 4.456314143334822 1.713930606842041 1.7760834693908691
3.7740635871887207 6.44738319640831 1.9953182935714722 2.5909340381622314
2.911283016204834 6.000532905699629 2.2196204662323 3.451647996902466
1.9613088369369507 3.8412670148368484 2.3233163356781006 4.032411575317383
4.557429313659668 5.4298602235902536 1.8025318384170532 1.8702878952026367
3.8498144149780273 6.367513779782996 2.12611985206604 2.796835422515869
3.6926937103271484 6.354721758702013 2.387061357498169 3.7979350090026855
2.7434797286987305 5.511321482822435 2.5052103996276855 4.4788994789123535
5.259730815887451 6.376272589749533 1.9294707775115967 2.005047559738159
4.054793834686279 6.406163623046723 2.308300495147705 3.0838873386383057
2.50467848777771 3.8797368343125798 2.6171875 4.273293972015381
3.385197639465332 7.0270437948420295 2.7532413005828857 5.083492755889893
4.6807169914245605 5.4499002111095365 2.196539878845215 2.2801010608673096
3.9062185287475586 6.759845292108366 2.5430684089660645 3.36865496635437
3.2510383129119873 5.591257608308979 2.766126871109009 4.476397514343262
2.9627890586853027 5.990762689340045 2.8329901695251465 5.173542022705078
5.422279357910156 6.461151350805584 2.321169376373291 2.4184930324554443
5.005468845367432 8.195534721484563 2.752497673034668 3.7273597717285156
3.7520267963409424 7.582693290133022 3.044743537902832 5.096011161804199
3.1495413780212402 5.508978741505032 3.135585308074951 5.966244697570801
6.372801780700684 7.559278895546811 2.5110397338867188 2.6257033348083496
5.242997169494629 8.038007531054518 3.0573694705963135 4.245975971221924
4.14999532699585 7.483600967886389 3.4412519931793213 5.976230144500732
3.3080408573150635 5.8729855010337815 3.561763286590576 7.074813365936279
4.934075355529785 5.766882306865227 2.798640012741089 2.9012372493743896
3.70927095413208 5.14359080441055 3.235912322998047 4.377109050750732
3.4322497844696045 5.832825774459394 3.39907169342041 5.698317050933838
2.723482370376587 5.01327040097064 3.384793758392334 6.4441118240356445
5.885426044464111 6.932129698621338 2.959088087081909 3.087238311767578
4.391618251800537 7.088989487867423 3.5387778282165527 4.945892810821533
3.453664779663086 6.096699511356974 3.8049156665802 6.659763336181641
2.8396759033203125 4.972881998564759 3.8213999271392822 7.644510269165039
7.063257694244385 8.270153434328819 3.2153446674346924 3.3803579807281494
5.163825035095215 8.176134917058944 3.9905483722686768 5.779598236083984
4.523142337799072 7.760008219673189 4.395974159240723 8.048624992370605
3.4867641925811768 6.733083210272021 4.450436592102051 9.35314655303955
3.960374116897583 4.501296849553 3.0861313343048096 3.3677268028259277
4.101125717163086 5.781232477967023 3.9201929569244385 5.477463722229004
2.951964855194092 4.944902100249919 4.017401218414307 6.919641017913818
3.2842259407043457 4.936215628393597 3.8886234760284424 7.624507427215576
3.8803341388702393 4.180666118135493 3.3136754035949707 3.6515796184539795
4.172752857208252 5.501333649349679 4.334402561187744 6.289666175842285
3.5710089206695557 4.915187512404486 4.544504642486572 8.223289489746094
2.3941526412963867 4.57895385645088 4.446724891662598 9.207201957702637
6.646739959716797 7.740641168997513 3.6624701023101807 4.078898906707764
4.616087436676025 7.856447436350825 4.9487175941467285 7.4976277351379395
4.136554718017578 7.2250919465099726 5.3177361488342285 10.112711906433105
4.1467814445495605 6.085930944880431 5.260312557220459 11.475107192993164
4.305705547332764 5.01333886086389 1.7325332164764404 1.7920076847076416
4.141911029815674 6.711596147703162 2.01647686958313 2.6677727699279785
2.7364916801452637 4.064060450796887 2.228637218475342 3.54927134513855
3.0380029678344727 5.490424863161621 2.3243539333343506 4.102086067199707
4.714420795440674 5.707499671414702 1.818080186843872 1.8848421573638916
3.8010082244873047 5.383405432424169 2.1494157314300537 2.893385410308838
3.529798984527588 6.634864598686505 2.400061845779419 3.928088903427124
2.9866223335266113 5.855822481040005 2.511237621307373 4.572853088378906
5.296937465667725 6.700489556773839 1.9391523599624634 2.013853073120117
4.232207775115967 6.934217889196697 2.3337152004241943 3.1978516578674316
4.089055061340332 6.83777346929412 2.6346957683563232 4.432561874389648
3.604886293411255 5.60045629026456 2.764596462249756 5.196568489074707
5.209074020385742 6.0958333661625375 2.168424129486084 2.2428665161132812
3.4444961547851562 5.454736400060142 2.5262722969055176 3.4139482975006104
3.395728588104248 5.42899850357054 2.732616662979126 4.5406012535095215
2.1728601455688477 4.1520638469963 2.7943434715270996 5.204372882843018
5.7436137199401855 6.869128565698588 2.2881264686584473 2.3757333755493164
4.767587661743164 7.163944199588991 2.740147352218628 3.8025894165039062
4.019149303436279 7.37276881877604 3.013126850128174 5.20249080657959
3.102369785308838 5.820553725409582 3.0962281227111816 6.016959190368652
6.449201583862305 8.139653033648614 2.462559700012207 2.5667340755462646
5.035521507263184 8.314376628634818 3.043476104736328 4.344661235809326
4.225539207458496 7.27867691386318 3.4063761234283447 6.116455554962158
2.975558042526245 5.673781248004161 3.5158498287200928 7.134265899658203
5.44523811340332 6.415264864792228 2.697251558303833 2.8000731468200684
4.2015862464904785 6.47882571562833 3.1299450397491455 4.330364227294922
3.061253786087036 5.663730221065805 3.2720189094543457 5.626436233520508
2.716154098510742 5.055547976234664 3.265446662902832 6.33583927154541
6.146734714508057 7.344694898315083 2.85099720954895 2.9806861877441406
4.462636947631836 7.135787670316745 3.439671039581299 4.9295525550842285
3.052051305770874 4.450544160642721 3.677457094192505 6.628450393676758
2.796121835708618 4.451497836213775 3.6920902729034424 7.536441802978516
7.042291641235352 8.82350801596298 3.084824562072754 3.2476966381073
5.843902587890625 7.944941461351803 3.8909969329833984 5.788643836975098
4.673482894897461 7.553989657965607 4.255713939666748 8.045862197875977
2.7147369384765625 5.249900573095983 4.295485973358154 9.226755142211914
3.68144154548645 4.460726520505079 2.960298538208008 3.2829036712646484
3.2058894634246826 4.290896640853791 3.755878210067749 5.360403537750244
2.2928483486175537 3.4733770527477645 3.762730360031128 6.636199474334717
1.7670350074768066 3.108905580398641 3.6644508838653564 7.307901859283447
5.5930705070495605 6.037545190173859 3.243339776992798 3.555986166000366
3.5107812881469727 5.767195930268347 4.155067443847656 6.169973850250244
3.108017921447754 5.7059116580259115 4.284262657165527 7.965940952301025
3.089160442352295 5.81444159906934 4.203235149383545 8.864609718322754
6.242195129394531 6.849605004259956 3.5965776443481445 3.9965457916259766
4.532349586486816 6.265787346377067 4.748044013977051 7.370846748352051
3.9042134284973145 4.634796439773936 5.038450717926025 9.875648498535156
3.4317615032196045 5.41956562712413 4.973309516906738 11.083407402038574
4.33770227432251 5.120652005057764 1.6204593181610107 1.6634525060653687
3.503390312194824 6.374225226962187 1.866732120513916 2.3966283798217773
3.1950175762176514 5.652239316164766 2.1191444396972656 3.2489309310913086
3.3271048069000244 6.215462572355522 2.272266149520874 3.8282482624053955
4.823267936706543 5.8405669722264975 1.7065608501434326 1.7547023296356201
3.2840750217437744 5.3593252474224755 1.9878989458084106 2.584056854248047
2.4097373485565186 4.113279368228859 2.2782645225524902 3.577974796295166
2.4777770042419434 3.322487502834681 2.4521100521087646 4.268082141876221
5.426503658294678 6.726592928630225 1.8339675664901733 1.8894869089126587
4.7774658203125 7.9287970339164 2.1638004779815674 2.8610846996307373
2.8535242080688477 4.543346230303342 2.5056283473968506 4.054471015930176
3.61499285697937 5.94032316951791 2.705465316772461 4.893989562988281
5.249335765838623 6.265165370970976 1.982515811920166 2.0241804122924805
4.030003547668457 6.8832408515655885 2.2612838745117188 2.953716516494751
3.4334280490875244 5.008524529979489 2.5134897232055664 4.017296314239502
2.2496988773345947 3.967295410501549 2.6654367446899414 4.735962867736816
5.811779499053955 7.020038687022393 2.102750539779663 2.155454397201538
4.7563557624816895 7.9149984578319845 2.4481430053710938 3.259629487991333
4.240624904632568 6.122127390055184 2.7680957317352295 4.5700178146362305
3.3425769805908203 6.272193522961729 2.952742576599121 5.47177267074585
6.510976314544678 8.081108399574077 2.292107582092285 2.359358787536621
5.085422515869141 8.117534002954699 2.733124256134033 3.733356475830078
4.235857009887695 5.620611961441227 3.1486761569976807 5.412838459014893
3.934901714324951 6.660420020801695 3.375453233718872 6.575878143310547
5.514800071716309 6.611345118100189 2.53804612159729 2.5651938915252686
4.065415859222412 5.720886673679498 2.7651772499084473 3.6652779579162598
3.447986364364624 5.916655570128858 2.923581123352051 4.839166641235352
2.701503276824951 4.766710113763793 3.035644769668579 5.631967067718506
6.300730228424072 7.594509409063697 2.6853573322296143 2.7232301235198975
4.362813949584961 7.030785432581979 3.018547296524048 4.106698513031006
3.208266496658325 5.391777716644349 3.2782719135284424 5.639552593231201
3.2081053256988525 5.645609537632958 3.4341399669647217 6.683156967163086
7.362133502960205 9.003135105828107 2.9312007427215576 2.990567445755005
4.913084030151367 7.246460616565704 3.4228527545928955 4.818791389465332
4.546514511108398 6.450791864018601 3.8284249305725098 6.909928321838379
2.8732595443725586 4.8852133569625895 4.040767669677734 8.32466983795166
4.523775577545166 4.85722037135287 2.7865757942199707 2.9848968982696533
4.096343040466309 7.017985158458032 3.509803295135498 4.790318489074707
3.2235524654388428 5.970830202819798 3.3124938011169434 5.636987209320068
2.7257258892059326 5.334692128676124 3.3382601737976074 6.389896869659424
5.04400110244751 5.322533584746694 2.98325777053833 3.2173523902893066
4.7917561531066895 7.496037639611984 3.8256587982177734 5.410521507263184
3.394934892654419 4.06372952160109 3.754284381866455 6.6695332527160645
2.8559277057647705 5.533240180866741 3.8335602283477783 7.71791934967041
5.742839813232422 6.791412399870524 3.2986831665039062 3.5914790630340576
5.232245922088623 7.833158853190298 4.329144477844238 6.3697357177734375
4.033262252807617 6.830898876973151 4.460026741027832 8.348854064941406
3.8404476642608643 5.148761227006929 4.604368686676025 9.846457481384277
4.042520046234131 4.485733940932075 1.5261590480804443 1.5775156021118164
3.9697394371032715 6.688022922013715 1.7992409467697144 2.3252665996551514
3.563424825668335 5.93965144162496 2.073566198348999 3.168565511703491
2.514814615249634 4.847299705012588 2.23579740524292 3.7507448196411133
4.607602119445801 5.2965201415169645 1.599470615386963 1.6541414260864258
3.8207411766052246 6.318266834119381 1.9014631509780884 2.485931158065796
3.8409574031829834 6.894234664001772 2.21138596534729 3.459371328353882
3.6130406856536865 5.167028267944943 2.394850254058838 4.142636775970459
5.288711071014404 6.388274691287734 1.7058818340301514 1.7653985023498535
4.280917644500732 6.538830688946123 2.0486865043640137 2.7148594856262207
4.138559818267822 7.42165612656845 2.407745599746704 3.8683276176452637
2.5683929920196533 4.250210539786991 2.619776487350464 4.68831205368042
4.813246250152588 5.395810786094103 1.8197691440582275 1.8911073207855225
4.592503070831299 7.5141487090095325 2.157881259918213 2.8396997451782227
2.9931447505950928 5.003469579652332 2.487255096435547 3.9240963459014893
3.134554862976074 5.544293475245867 2.6682517528533936 4.664240837097168
5.460739612579346 6.380655501402856 1.9241522550582886 1.9982703924179077
4.193321228027344 6.146471479665024 2.3162739276885986 3.0958845615386963
4.255251884460449 6.4181315106704915 2.70922589302063 4.414412498474121
3.3095502853393555 4.257761726485342 2.9262399673461914 5.330348491668701
6.466394424438477 7.706822632214653 2.081202268600464 2.162435293197632
5.779580593109131 8.299389928599794 2.5511343479156494 3.4781136512756348
4.9284820556640625 7.488201644542698 3.035090208053589 5.1307373046875
2.745723247528076 4.34995684504338 3.302022695541382 6.290195465087891
5.112844467163086 5.781901884929994 2.2723095417022705 2.441481828689575
4.336209774017334 6.737179176555003 2.6483898162841797 3.598435163497925
2.3534348011016846 3.7652652868493988 2.9834508895874023 4.861245632171631
2.98650860786438 4.4939504667139545 3.1465160846710205 5.695451736450195
5.992732524871826 6.989080214420852 2.398907423019409 2.5619306564331055
3.940244436264038 5.381031708863077 2.869703531265259 3.9637696743011475
4.404521465301514 8.133060241144761 3.3009443283081055 5.589959621429443
3.604203701019287 6.592046341716014 3.512690782546997 6.681665420532227
7.285730361938477 8.696728714957658 2.6023669242858887 2.766261577606201
4.734560489654541 6.7934797091479595 3.204559087753296 4.53088903427124
4.4263176918029785 7.151725688293368 3.773221015930176 6.679940223693848
4.659209251403809 6.74141918559279 4.0533447265625 8.125932693481445
4.041897773742676 4.415348028395101 2.3068721294403076 2.5812976360321045
3.737896203994751 5.341428429411337 3.5560455322265625 5.19765043258667
3.399603843688965 5.824602792514014 3.545210123062134 6.006840705871582
2.8919966220855713 5.1522832069065885 3.613273859024048 6.737363338470459
5.179121017456055 5.484048079837294 2.4703292846679688 2.76100492477417
4.68196439743042 5.945158083868094 3.906259536743164 5.724597930908203
4.090761661529541 7.010307921723836 3.9564425945281982 6.983730316162109
3.28501558303833 6.130651037358221 4.080589294433594 8.036529541015625
5.440831184387207 6.0708953719466585 2.7199418544769287 3.04653263092041
5.784639358520508 8.35995887898724 4.354946613311768 6.69957971572876
4.408875465393066 7.254934921601603 4.57115364074707 8.462433815002441
4.662937164306641 6.991411034955739 4.771731853485107 9.947637557983398
3.849357843399048 4.592208339786949 1.6692239046096802 1.7181766033172607
3.931046962738037 6.734632262312283 1.945008635520935 2.5412206649780273
3.0735573768615723 5.335474220877586 2.199876070022583 3.4454782009124756
2.022162675857544 3.8904650487490926 2.3389382362365723 4.0539445877075195
4.442898750305176 5.449849359480012 1.7475005388259888 1.8054505586624146
2.3524882793426514 4.304112923023013 2.063326597213745 2.7421131134033203
3.7871131896972656 6.521425939790234 2.3572609424591064 3.8024537563323975
2.4569215774536133 5.173239700056449 2.5155584812164307 4.519089221954346
5.099905490875244 6.419045587924977 1.8568588495254517 1.924688458442688
4.322398662567139 7.317408408283455 2.2280914783477783 3.019940137863159
4.408865928649902 7.290361180429612 2.576256036758423 4.296881675720215
2.916048526763916 5.463268519066343 2.761150360107422 5.16239070892334
4.590622425079346 5.495796915638948 2.1294188499450684 2.1801328659057617
3.8650500774383545 6.636892112858732 2.4732367992401123 3.2912886142730713
3.69486403465271 6.665762274669987 2.7345731258392334 4.450547695159912
2.120971441268921 3.5291355329462704 2.850057363510132 5.194736957550049
5.179812431335449 6.324873805434917 2.2342193126678467 2.3039817810058594
4.451975345611572 7.833733657117392 2.6559605598449707 3.632734775543213
3.667067766189575 7.205619258955267 2.9877426624298096 5.0731201171875
3.0256898403167725 6.25242513139483 3.1345794200897217 5.999500274658203
6.085269451141357 7.766042548471759 2.3845303058624268 2.475614309310913
3.4803953170776367 5.104542979667244 2.915851593017578 4.11457633972168
3.950585126876831 7.064496870661259 3.3466684818267822 5.954183101654053
3.8147711753845215 6.622862979371492 3.538245916366577 7.136903285980225
4.736480236053467 5.674095767984112 2.7749102115631104 2.812638759613037
3.315788507461548 5.192206846001 3.167008876800537 4.295783042907715
2.517624616622925 4.106966412231586 3.352217197418213 5.635864734649658
2.162353515625 3.495246938142344 3.3957669734954834 6.438056468963623
5.623589515686035 6.807061096504199 2.9030673503875732 2.9782607555389404
4.426712989807129 7.801425486687663 3.42061710357666 4.824916839599609
3.1621484756469727 6.563625171069475 3.712172031402588 6.5797438621521
2.3507800102233887 4.940856387182208 3.7970025539398193 7.634365081787109
6.706076145172119 8.472073930759962 3.094033718109131 3.2097342014312744
4.854700565338135 6.602717588702063 3.7916767597198486 5.578262805938721
4.408584117889404 7.28082135544355 4.2283477783203125 7.929974555969238
3.2444965839385986 5.290553288572141 4.370525360107422 9.339322090148926
4.0269999504089355 4.3785003951716135 3.0700361728668213 3.282508134841919
3.1986048221588135 5.105414816509146 3.9230244159698486 5.5200514793396
2.4586293697357178 4.856409185030095 3.9563817977905273 6.824822425842285
2.296835422515869 4.53294807565149 3.8862483501434326 7.574471950531006
5.083416938781738 5.7090434430617165 3.0608062744140625 3.394747495651245
3.127445697784424 5.760835833956094 4.2527995109558105 6.227050304412842
3.7148494720458984 5.994289443748812 4.414077281951904 8.085597038269043
2.6170852184295654 4.8961830362361525 4.392450332641602 9.136236190795898
5.938175678253174 6.599021396430544 3.3341572284698486 3.7380008697509766
4.38825798034668 6.079974032631526 4.742144584655762 7.28226375579834
3.7656173706054688 6.2144220732198505 5.077473163604736 9.895108222961426
3.474397897720337 6.184715714388062 5.117043495178223 11.361601829528809
3.9360694885253906 4.468188787594627 1.7971842288970947 1.8468371629714966
3.729609966278076 6.0692964408031 2.109016180038452 2.773841381072998
3.0969064235687256 5.880361945254776 2.389505386352539 3.754208564758301
2.423771381378174 3.4580080305895535 2.5393335819244385 4.407474040985107
4.55004358291626 5.467750996609539 1.8778085708618164 1.9358758926391602
4.114708423614502 6.990254267861019 2.237596035003662 2.9903483390808105
2.9753315448760986 5.53356072681936 2.564452648162842 4.131348133087158
3.1255288124084473 5.7978521040158455 2.7397828102111816 4.900660514831543
5.257353782653809 6.5130815193791705 1.9914109706878662 2.0610620975494385
4.83534574508667 7.228312381131701 2.414930820465088 3.2905449867248535
4.137753009796143 7.357702110377659 2.802006721496582 4.652237415313721
3.2639288902282715 6.566270681208309 3.009561777114868 5.577530860900879
4.740042209625244 5.433076640604398 2.3304009437561035 2.3904547691345215
4.529761791229248 6.899266990140699 2.7399466037750244 3.6872167587280273
3.5522143840789795 5.98266822277327 3.0566160678863525 5.011613368988037
1.6179128885269165 3.0609369164675115 3.199443817138672 5.863422870635986
5.44522762298584 6.436351029470643 2.43815016746521 2.511679172515869
4.446367263793945 7.0986812760833775 2.945378065109253 4.059138298034668
4.037419319152832 6.633023507786675 3.3470265865325928 5.6830267906188965
2.0818090438842773 4.176568630768983 3.531804323196411 6.739226818084717
6.428441524505615 7.925952594935666 2.5978078842163086 2.691746234893799
4.880972862243652 7.865626192363379 3.234326124191284 4.586345195770264
3.973742961883545 6.683197152175836 3.7455735206604004 6.628232955932617
3.9425089359283447 7.202348137686844 3.9832873344421387 7.962249755859375
5.075322151184082 5.845229629075455 2.889169454574585 3.0198476314544678
2.793325185775757 4.222574975507657 3.4734151363372803 4.829786777496338
3.259629964828491 5.109434111161704 3.790881872177124 6.465243339538574
2.73514723777771 5.374078008539486 3.8926472663879395 7.45749044418335
6.002761363983154 7.041950045527017 3.039645195007324 3.1980161666870117
4.871307849884033 7.3197409294299405 3.774404525756836 5.414765357971191
3.542799234390259 6.275346984351976 4.213648319244385 7.4958815574646
2.2619543075561523 3.396492392199269 4.371169090270996 8.775821685791016
7.107350826263428 8.654332135084644 3.265172243118286 3.4615204334259033
5.040136337280273 8.421133696184597 4.204071998596191 6.247299671173096
4.741377353668213 7.15323381632831 4.801204204559326 8.955166816711426
3.6384096145629883 6.4023740592714375 5.026501178741455 10.629364967346191
3.636906147003174 3.8697754556808377 3.239281415939331 3.5704197883605957
3.9218251705169678 5.876718590424051 4.089029788970947 5.890739917755127
3.158057928085327 4.35824234329148 4.439112663269043 7.814857482910156
2.251174211502075 4.358259753893265 4.487277507781982 8.866324424743652
5.235279083251953 6.026985281274392 3.461596727371216 3.8423094749450684
3.3518338203430176 5.467006109897056 4.494496822357178 6.730875015258789
3.511747121810913 6.95739186949443 4.982222080230713 9.191055297851562
3.201202392578125 4.591857367161765 5.093976974487305 10.584990501403809
5.488671779632568 6.254086375205226 3.7834653854370117 4.237177848815918
5.682002544403076 8.510823211873943 5.074251651763916 7.922224998474121
4.149628162384033 6.543701461269649 5.745497703552246 11.140801429748535
4.100714206695557 5.929656665581856 5.931272506713867 13.007527351379395
3.820763349533081 4.471264036113112 1.704831600189209 1.7640724182128906
2.841460704803467 5.170718349559518 1.998791217803955 2.624955654144287
2.9343676567077637 4.972271843613498 2.26987624168396 3.581130027770996
2.639326333999634 5.395684244879405 2.409367799758911 4.222916603088379
4.524556636810303 5.538413361113953 1.7933835983276367 1.8545639514923096
3.804502487182617 6.013256806555461 2.130643367767334 2.834449291229248
3.0767393112182617 4.772350107843494 2.443561553955078 3.94614577293396
1.6693027019500732 2.8016137296103096 2.602858781814575 4.696178913116455
5.107911109924316 6.506636346308312 1.922497272491455 1.987977385520935
4.185981273651123 5.988720997605242 2.3182101249694824 3.1278858184814453
3.675591230392456 6.110358298418419 2.6865992546081543 4.445119857788086
2.9350228309631348 5.156866061379947 2.870286226272583 5.340897560119629
4.506110668182373 5.375200194732315 2.1855013370513916 2.2816450595855713
3.218750238418579 5.262589412631826 2.56315279006958 3.4745991230010986
2.366529703140259 4.228137774502095 2.8562982082366943 4.739755153656006
2.589367628097534 4.950120192976648 2.9749810695648193 5.540288925170898
5.223272323608398 6.36209261004899 2.3088972568511963 2.4078614711761475
4.550267219543457 6.363192317655717 2.7721197605133057 3.8386311531066895
3.2011380195617676 5.259205568861432 3.137800693511963 5.388638496398926
2.7398881912231445 4.382287068968253 3.2861311435699463 6.372971534729004
6.077269077301025 7.614895250269797 2.4998512268066406 2.6072092056274414
5.340346813201904 8.984072437628683 3.0814528465270996 4.368302345275879
3.847060203552246 6.929654936241548 3.544038772583008 6.305297374725342
3.1008973121643066 5.944226187556498 3.7294909954071045 7.541994094848633
4.7347187995910645 5.702176509599823 2.793896436691284 2.935992956161499
2.2458200454711914 3.305637352273152 3.2578141689300537 4.562995433807373
2.380220413208008 3.216178871012346 3.512594223022461 6.094870090484619
2.0894899368286133 4.379925118975848 3.569153308868408 6.984548568725586
5.618200302124023 6.882588618146485 2.9538938999176025 3.115777015686035
3.418018102645874 5.257584951848912 3.55515718460083 5.140898704528809
3.383298873901367 5.417924181579451 3.9130446910858154 7.093528747558594
3.3171727657318115 5.024370812328016 4.0044355392456055 8.228347778320312
6.574114799499512 8.182633256805033 3.2139079570770264 3.406756639480591
4.366391181945801 7.498254172680618 4.008882999420166 5.998778343200684
4.0025715827941895 7.335585629391289 4.5022292137146 8.523193359375
3.8333308696746826 6.552201697054215 4.637353420257568 9.996393203735352
3.6487698554992676 4.309660252465505 3.065687894821167 3.407011032104492
3.811664581298828 5.272543099759105 3.9337210655212402 5.634790897369385
3.1985697746276855 5.8700553944402145 4.11514139175415 7.3719916343688965
1.9822943210601807 3.36119585028316 4.086995601654053 8.276095390319824
4.928834915161133 5.178448608227589 3.3066418170928955 3.699073553085327
4.378920078277588 6.762093656735146 4.3250017166137695 6.450252532958984
3.1520519256591797 6.163326736861414 4.623976707458496 8.714645385742188
2.7229645252227783 4.644134051176195 4.630801677703857 9.899627685546875
6.117852687835693 6.367700066746522 3.678525924682617 4.164157867431641
5.002871513366699 8.004888017870023 4.9240031242370605 7.69317102432251
3.286393165588379 5.365755271705055 5.3797101974487305 10.64500904083252
2.9773194789886475 4.367310593653428 5.4288554191589355 12.207769393920898
4.066181659698486 4.937078342693738 1.5067291259765625 1.5623971223831177
2.3830389976501465 3.6113668872188525 1.8012503385543823 2.3926751613616943
2.7132327556610107 5.1018727206878225 2.0734708309173584 3.274075984954834
2.900622844696045 5.35749284956654 2.2245137691497803 3.875645160675049
4.537171363830566 5.590018056093413 1.5771414041519165 1.638045310974121
4.061779499053955 6.5501256365009795 1.9025416374206543 2.5527119636535645
3.4432766437530518 6.160077485500437 2.210165500640869 3.553972005844116
2.947861909866333 5.8498109160828875 2.3811323642730713 4.243681907653809
5.229923248291016 6.6120865588000015 1.680187702178955 1.7479803562164307
5.209341049194336 8.054229873786028 2.0481464862823486 2.7837014198303223
4.071875095367432 7.493541763907501 2.403294086456299 3.952296257019043
3.7585878372192383 5.368731835478229 2.600269079208374 4.763298988342285
4.8300933837890625 5.867245859415334 1.769563913345337 1.8295331001281738
4.332098007202148 7.762067955095063 2.1372487545013428 2.885192632675171
2.4259192943573 4.140672091646763 2.46329402923584 4.005669116973877
2.6489429473876953 5.323212968487496 2.6262857913970947 4.755197048187256
5.484922885894775 6.6828611650407765 1.8670207262039185 1.9356566667556763
5.216464519500732 8.800178640627204 2.2888879776000977 3.1398699283599854
2.9438681602478027 5.075682498584968 2.6778173446655273 4.4751787185668945
3.376594305038452 6.106613699426163 2.874443531036377 5.377589702606201
6.410065174102783 8.176237314438595 2.0166852474212646 2.0976109504699707
5.918458938598633 9.505570030915578 2.515899181365967 3.520932674407959
4.884199142456055 8.814585992244702 2.9914424419403076 5.165208339691162
4.21164608001709 7.12692097591372 3.2327053546905518 6.284330368041992
5.139893054962158 6.263777456965727 2.1684281826019287 2.232027292251587
4.474575042724609 7.476444684502452 2.5810115337371826 3.5223300457000732
2.952956438064575 4.885335578931006 2.9099462032318115 4.8443121910095215
2.2491095066070557 4.312154127416193 3.0497677326202393 5.690893173217773
6.019795894622803 7.325966581157417 2.290421724319458 2.3618459701538086
5.5674543380737305 9.563349835233112 2.7868874073028564 3.892474412918091
3.427982807159424 6.9042788716965084 3.2080700397491455 5.53470516204834
3.403280258178711 6.238201931510957 3.393763303756714 6.59560489654541
7.1925740242004395 9.134258174712215 2.4830009937286377 2.57122802734375
4.646438121795654 7.881307572820049 3.1028757095336914 4.4572553634643555
4.952303409576416 8.584693616721765 3.654503345489502 6.567484378814697
3.3769795894622803 6.5748589956741625 3.9019477367401123 7.938099384307861
4.704418659210205 5.513132457720985 2.327275276184082 2.6055219173431396
3.8180787563323975 4.995708284547163 3.313328504562378 4.69877290725708
2.877594470977783 4.635451562579757 3.38047456741333 5.7373576164245605
2.5378258228302 4.4791709835926445 3.4402318000793457 6.562745094299316
5.451488494873047 6.300928064717702 2.486872673034668 2.785978317260742
4.59112548828125 7.139422125109775 3.6061007976531982 5.238325119018555
2.4479427337646484 3.269402283414138 3.7651848793029785 6.668886184692383
2.8147666454315186 5.264743962692592 3.8721392154693604 7.733853816986084
6.278585910797119 7.3682389207818915 2.737531900405884 3.0780701637268066
5.247122287750244 7.62835098335745 4.0309271812438965 6.0466814041137695
4.760395050048828 7.694477942009144 4.343358039855957 8.062291145324707
3.88919997215271 6.058757305264692 4.516482353210449 9.482148170471191
3.761046886444092 4.413940429234714 1.4827592372894287 1.5333975553512573
3.653519868850708 5.934281847538484 1.7169768810272217 2.2529728412628174
2.915395498275757 6.062736304618937 1.9389108419418335 3.06211519241333
2.691147804260254 4.841742328297414 2.0707132816314697 3.6305418014526367
4.271656513214111 5.348931907266888 1.55180025100708 1.6080032587051392
3.9093215465545654 6.384828142596007 1.8139621019363403 2.4173059463500977
3.222334384918213 4.915683291217903 2.063227891921997 3.344393730163574
2.9930639266967773 5.767793458790493 2.2089285850524902 3.9939334392547607
5.006489276885986 6.432279412238202 1.6522681713104248 1.715393304824829
4.077116966247559 7.336850968426857 1.9515377283096313 2.6462574005126953
3.367588520050049 6.156477310969507 2.2364509105682373 3.735797166824341
2.62603759765625 4.65636780119258 2.3998827934265137 4.496347427368164
4.514906406402588 5.307363512027223 1.7361148595809937 1.7956286668777466
3.78717041015625 6.484069011679878 1.990737795829773 2.658259868621826
3.0894174575805664 5.3598571390682 2.2212483882904053 3.6306917667388916
2.6219639778137207 5.620914628112828 2.3520987033843994 4.310887336730957
5.136428356170654 6.3166163450222825 1.8313401937484741 1.9009822607040405
4.090723991394043 6.811586908691538 2.134352445602417 2.913642168045044
3.433793783187866 6.832856815629839 2.40993595123291 4.080033302307129
2.8099024295806885 5.367115624765347 2.5624544620513916 4.889001846313477
6.065554141998291 7.680789926067035 1.9768998622894287 2.059413194656372
3.976644277572632 7.461430035411752 2.345500946044922 3.283696413040161
3.2794253826141357 6.664392271354956 2.6815807819366455 4.726983070373535
3.1385128498077393 6.968832984693449 2.8624157905578613 5.717477798461914
4.798835754394531 5.718098871986513 2.1269242763519287 2.2002859115600586
4.619773864746094 7.946806831964523 2.3194808959960938 3.145885467529297
3.0139925479888916 5.92776658351346 2.503502607345581 4.211384296417236
2.6731204986572266 4.943066760565628 2.610612154006958 4.9535746574401855
5.62894344329834 6.920277584401589 2.24401593208313 2.332260847091675
4.698807716369629 8.32208306851382 2.5095911026000977 3.5012271404266357
3.712331771850586 7.220524263665411 2.755906105041504 4.837265491485596
2.841111421585083 5.446676950338855 2.8907740116119385 5.751170635223389
6.74923038482666 8.598831318558894 2.428400993347168 2.5357584953308105
5.556310653686523 9.471518323254628 2.796471118927002 4.029033660888672
4.791966915130615 7.153950615217006 3.1278133392333984 5.76148796081543
3.5994980335235596 6.556226444307185 3.300454616546631 6.923704624176025
3.215226650238037 3.6253816103064764 2.283243417739868 2.580233335494995
3.796978712081909 6.879343970891227 2.7430927753448486 3.8027358055114746
3.3833346366882324 6.070004286353173 2.7569878101348877 4.746694564819336
2.704608678817749 5.352552368950725 2.8185811042785645 5.479467868804932
4.740408420562744 5.478831550123687 2.434803009033203 2.7670371532440186
4.718235492706299 8.044937448631996 2.9882514476776123 4.309051990509033
2.7144100666046143 4.6321364394887485 3.06579852104187 5.537065505981445
3.07454252243042 5.954805191424423 3.155693769454956 6.463291645050049
5.832401752471924 6.861718305137856 2.6736481189727783 3.0579628944396973
5.4799418449401855 9.357876005258419 3.361959457397461 5.0501604080200195
5.078786373138428 8.915702814013713 3.525562286376953 6.716158866882324
3.7952730655670166 6.892183787579876 3.656733751296997 7.932783126831055
4.416810989379883 4.976373861658885 1.6519558429718018 1.7051544189453125
3.6111602783203125 5.623011913429082 1.9213649034500122 2.469367504119873
3.4006152153015137 5.271502482414689 2.1666417121887207 3.284606695175171
3.209932327270508 5.583755257486132 2.295457601547241 3.8192050457000732
4.648685455322266 5.540002482762247 1.7229665517807007 1.7819634675979614
4.172276973724365 6.58569516053155 2.02628755569458 2.643643379211426
3.0173146724700928 5.9517738684430626 2.3108747005462646 3.5890917778015137
2.362715005874634 5.000334684819109 2.462737560272217 4.219468116760254
5.1924896240234375 6.4038601829299076 1.8235760927200317 1.8891901969909668
5.026486873626709 8.141713944783191 2.1744072437286377 2.883772134780884
3.8288838863372803 7.478737524949565 2.512024402618408 4.0071587562561035
3.0936732292175293 6.200640232647402 2.693493604660034 4.767719268798828
5.350370407104492 6.114434413405263 2.065307855606079 2.1371512413024902
4.102763652801514 6.551790894134612 2.404022216796875 3.1280040740966797
3.1894357204437256 6.0478172907108245 2.6827807426452637 4.185622215270996
2.329254627227783 4.4808807390969605 2.803199052810669 4.853186130523682
5.862597942352295 6.977749052142542 2.1612303256988525 2.2404119968414307
4.021812438964844 6.892839666895867 2.5654218196868896 3.416269540786743
3.4941835403442383 6.545135926097998 2.915764093399048 4.713026523590088
1.9143744707107544 3.9149383808464826 3.0757393836975098 5.545502662658691
6.445810794830322 8.044556141214045 2.30104398727417 2.3916945457458496
5.381343841552734 9.037658906772545 2.7995755672454834 3.8255646228790283
4.63041877746582 7.996318148449959 3.2495105266571045 5.458070755004883
3.3269081115722656 6.049319032357744 3.4619781970977783 6.523924350738525
5.669763088226318 6.4600526695056715 2.5965301990509033 2.7035446166992188
3.7503440380096436 6.675451876572562 3.010277271270752 3.9800865650177
3.6750710010528564 6.235232717638418 3.28299617767334 5.259189605712891
2.340534210205078 3.9442372565838086 3.3582873344421387 6.0100789070129395
6.3104143142700195 7.442875763560153 2.714702606201172 2.8360908031463623
4.526979446411133 7.268006964018241 3.2397994995117188 4.424562454223633
3.1643223762512207 5.760687551616684 3.617891550064087 6.063544273376465
2.7184433937072754 5.088225335582891 3.7472572326660156 7.046694278717041
7.089640140533447 8.710778120276757 2.896350383758545 3.0397300720214844
4.2129034996032715 6.984761444746889 3.580263614654541 5.068366050720215
3.092350482940674 6.5150588257780555 4.105765342712402 7.217222213745117
3.9698357582092285 6.672638741456311 4.30787467956543 8.5340576171875
5.17775821685791 5.564089561657096 2.7722129821777344 3.0237884521484375
3.9277193546295166 5.307316184223055 3.6928234100341797 5.092962741851807
3.3701233863830566 6.289276320441388 3.8891236782073975 6.384126663208008
2.4908978939056396 4.3094130681915885 3.8713979721069336 7.106468200683594
5.63038969039917 5.809631977336267 2.9469947814941406 3.227510452270508
4.079173564910889 6.6846091358517015 3.9966273307800293 5.70308780670166
3.2566792964935303 5.55050739802482 4.318182945251465 7.4656805992126465
3.286775588989258 5.188149452488574 4.365825653076172 8.470035552978516
5.9456305503845215 6.5142510413703585 3.2033045291900635 3.5275521278381348
3.6310880184173584 5.690340544428942 4.45542049407959 6.621983528137207
4.471042156219482 7.422569045633576 4.950640678405762 9.035735130310059
3.401918411254883 4.956410168537673 5.085147857666016 10.439302444458008
3.8283145427703857 4.321811401782355 1.5962491035461426 1.638358473777771
2.723086357116699 4.315994728507576 1.8385038375854492 2.369100570678711
2.6993203163146973 5.2112300582533635 2.0864551067352295 3.230375289916992
2.272254228591919 4.473308157380313 2.225442886352539 3.8116540908813477
4.443146228790283 5.155950653514026 1.680875539779663 1.7276251316070557
3.431077480316162 6.278207786191842 1.960443377494812 2.553990125656128
2.8972935676574707 4.37494252290594 2.2463107109069824 3.546001434326172
3.373227834701538 6.8054845313935965 2.4044573307037354 4.2255024909973145
5.2685465812683105 6.371134238541629 1.8040953874588013 1.8575329780578613
4.713107585906982 6.654878326929136 2.134132146835327 2.8207173347473145
4.009382247924805 6.2736644239971895 2.471064329147339 3.9971978664398193
3.1121397018432617 5.197542232386734 2.6539485454559326 4.813116550445557
4.785633087158203 5.402946629090053 1.8622610569000244 1.9122836589813232
3.522368907928467 6.12623301044302 2.1586992740631104 2.854005813598633
2.7974801063537598 5.898300785392081 2.4497225284576416 3.9674758911132812
2.3667550086975098 3.934127079174573 2.6003737449645996 4.699579238891602
5.476256370544434 6.33303281010086 1.9822947978973389 2.0392165184020996
4.856909275054932 7.777296491681909 2.3435888290405273 3.149691581726074
3.4382078647613525 6.414416786080437 2.699406147003174 4.49220609664917
2.4049549102783203 4.899104595340049 2.8809404373168945 5.391315460205078
6.514031887054443 7.759747790666097 2.165299654006958 2.2331995964050293
5.507688999176025 8.045849395743062 2.619114398956299 3.5938491821289062
3.9409549236297607 6.963796242193354 3.0658347606658936 5.271213054656982
3.7750751972198486 6.740080832834068 3.289185047149658 6.410818576812744
5.1190996170043945 5.800831573009063 2.1908457279205322 2.2675347328186035
4.193841934204102 6.373198026545992 2.501420259475708 3.385606050491333
2.7435998916625977 5.201518885293808 2.8007004261016846 4.710778713226318
2.2952585220336914 4.702381576487824 2.9490392208099365 5.56057071685791
6.136133670806885 7.03874809895575 2.340278148651123 2.420473575592041
4.706391334533691 6.0827953632532825 2.747056722640991 3.7970590591430664
3.4100000858306885 6.875756211040425 3.141094207763672 5.460721492767334
3.179342746734619 6.4064000630135 3.332646369934082 6.54841947555542
7.4481377601623535 8.782134333100089 2.578608274459839 2.670848846435547
5.5379767417907715 8.44310949331225 3.1275577545166016 4.435891151428223
4.704923629760742 8.423209586042558 3.658332347869873 6.606537818908691
4.209717273712158 6.745231425010729 3.9085028171539307 8.043582916259766
3.4165616035461426 3.827074776473637 2.423007011413574 2.6842639446258545
3.3386404514312744 5.448675614504737 2.987427234649658 4.329206943511963
3.732858896255493 5.562052190952272 3.1091866493225098 5.376343727111816
2.1255807876586914 3.9851915938670004 3.2299118041992188 6.271119117736816
4.03247594833374 4.134964928111458 2.615104913711548 2.9152543544769287
4.370235443115234 6.927548584265196 3.2912380695343018 4.832481861114502
3.5943684577941895 7.00709753681177 3.5243351459503174 6.32793664932251
2.9665355682373047 5.339603351947744 3.6998486518859863 7.519240856170654
6.127333641052246 6.311346547825224 2.914740562438965 3.274437189102173
5.499120712280273 7.840500658447326 3.7579963207244873 5.626208782196045
3.8772122859954834 7.244897220115149 4.1720685958862305 7.809912204742432
3.7407445907592773 5.739668848464362 4.420638561248779 9.43813705444336
4.326348781585693 4.804166833983999 1.5656617879867554 1.606634259223938
3.3772776126861572 5.385543676868622 1.7848726511001587 2.274994373321533
3.7179460525512695 5.094495244511404 2.0157055854797363 3.0763819217681885
2.9397225379943848 5.281687389790942 2.152177095413208 3.613445520401001
4.7901411056518555 5.516880716843836 1.640006184577942 1.685245394706726
4.025127410888672 6.312432625155935 1.8909883499145508 2.4424450397491455
3.7858545780181885 4.847663050931828 2.1569440364837646 3.3619227409362793
2.3942177295684814 4.881837611145784 2.311748743057251 3.9800801277160645
5.247520446777344 6.332603665336464 1.7488386631011963 1.801021695137024
4.658463954925537 6.799071528260583 2.042841911315918 2.6839282512664795
4.16566801071167 6.2413634641061435 2.3550679683685303 3.7695860862731934
3.6551570892333984 5.111762653678852 2.5329034328460693 4.5002665519714355
5.257846355438232 5.835502330543534 1.89556884765625 1.951681137084961
3.737748146057129 4.503241380536473 2.1516568660736084 2.785454511642456
3.246244192123413 5.055769115066141 2.3945882320404053 3.7726316452026367
2.713494062423706 4.805805989484725 2.5258066654205322 4.424363136291504
5.636277198791504 6.581947933979677 1.9993549585342407 2.060854911804199
4.144805908203125 6.053092794093573 2.315575361251831 3.0586013793945312
3.320417642593384 6.172395923732324 2.619475841522217 4.256406784057617
2.8218581676483154 4.580058833215155 2.7785866260528564 5.0423173904418945
6.177670478820801 7.358233425646176 2.1607918739318848 2.233548164367676
4.450022220611572 6.832886825553469 2.560845136642456 3.4707038402557373
3.3440322875976562 6.292488579762448 2.9466216564178467 4.973151683807373
3.859276056289673 6.346140299260345 3.141143560409546 5.951085567474365
5.572794437408447 6.2357595929111085 2.3648452758789062 2.4720962047576904
4.59769344329834 6.592712500309972 2.611466884613037 3.440490484237671
4.080547332763672 6.0561332849405005 2.804546356201172 4.539573669433594
2.4383351802825928 3.7561616910990097 2.8992114067077637 5.253574371337891
6.2521820068359375 7.251720167404301 2.500988006591797 2.6132850646972656
3.655552387237549 6.028151949161426 2.84039306640625 3.8447818756103516
3.559553623199463 5.66383926071012 3.1202313899993896 5.25425386428833
2.8542323112487793 4.984693179264686 3.2499332427978516 6.15024471282959
7.005836486816406 8.253696470396818 2.7175512313842773 2.845747470855713
5.246743679046631 8.031986417007829 3.1940293312072754 4.47450065612793
4.489130020141602 7.157865964682706 3.5925803184509277 6.34185266494751
2.1818408966064453 4.598079051205974 3.7656772136688232 7.501715183258057
4.443235397338867 4.929032291715629 2.4142818450927734 2.694409132003784
3.77571439743042 5.9152773468326085 3.2001922130584717 4.368214130401611
3.3289196491241455 4.829517295698429 3.1990299224853516 5.292901039123535
1.628836989402771 2.6569632628312547 3.2209978103637695 5.979793548583984
5.613601207733154 6.385425688485416 2.582801342010498 2.888054132461548
4.379032135009766 6.756196525689775 3.520946741104126 4.964710712432861
3.120706081390381 4.7996066375733335 3.599191427230835 6.240550994873047
3.0255160331726074 4.935513996547049 3.657222032546997 7.131058692932129
6.2030415534973145 6.976267176654801 2.850036859512329 3.2009353637695312
5.101013660430908 7.237232383832634 3.997321605682373 5.875931262969971
5.278901100158691 8.583870785858835 4.207435607910156 7.69669771194458
4.099192142486572 6.102243630680221 4.309551239013672 8.890132904052734
4.199836730957031 5.215900471431802 1.6012994050979614 1.6760005950927734
4.0249924659729 6.724168787810413 1.9498809576034546 2.668259620666504
2.728689432144165 5.798005329364562 2.2469139099121094 3.6702704429626465
2.6487624645233154 5.402815221601486 2.3929715156555176 4.309005260467529
4.815664768218994 5.979204370168787 1.6937520503997803 1.7758674621582031
4.312066555023193 6.985378540734672 2.0831406116485596 2.893953323364258
3.3189852237701416 5.363072598576991 2.419290065765381 4.046909332275391
2.7372970581054688 4.4535914167181545 2.5847160816192627 4.7848381996154785
5.429466724395752 6.943530268066163 1.8329707384109497 1.9249871969223022
4.226601600646973 6.4552682062457585 2.281447410583496 3.220816135406494
3.78300142288208 7.762816065341212 2.670487642288208 4.583981037139893
3.6043593883514404 4.879794962318101 2.8591530323028564 5.460117340087891
5.160797119140625 6.290749523678414 1.8495287895202637 1.9400434494018555
4.299281120300293 7.451660727210716 2.28318452835083 3.21232271194458
3.325756549835205 6.067499170847597 2.6636016368865967 4.54279088973999
2.728003740310669 5.34870201992026 2.833085298538208 5.366694450378418
5.815065860748291 7.1338479365471485 1.9827728271484375 2.0854365825653076
4.273918151855469 7.207022938765704 2.4848861694335938 3.5693933963775635
3.0373952388763428 5.360012784101258 2.931662082672119 5.162898063659668
2.855562925338745 5.383092565544501 3.1334269046783447 6.159598350524902
6.614576816558838 8.50923790593346 2.194603681564331 2.3141870498657227
5.862188816070557 8.69535411509564 2.8007102012634277 4.114500999450684
4.708224773406982 8.994828890792633 3.339003801345825 6.084824085235596
2.2684125900268555 4.7667802052304395 3.5800087451934814 7.326074600219727
5.526214122772217 6.779328941557793 2.149096965789795 2.2487988471984863
4.460766315460205 7.343244271097774 2.631091356277466 3.8039894104003906
2.5300893783569336 3.9960152492016334 3.0751214027404785 5.43742036819458
2.950654983520508 4.888380051483669 3.252829074859619 6.411113262176514
6.374760150909424 7.86040264354757 2.3162872791290283 2.4369699954986572
4.725762367248535 6.904890976423033 2.8954594135284424 4.293277740478516
3.677332639694214 5.902439546567848 3.436079740524292 6.310662746429443
1.9326568841934204 3.676760009009513 3.6602330207824707 7.532572269439697
7.392483711242676 9.38989394931346 2.5960397720336914 2.7443225383758545
4.556060791015625 7.828141878766235 3.328226089477539 5.074299335479736
4.119502544403076 8.164312194196285 4.003178119659424 7.647961139678955
3.8117780685424805 6.405157533578973 4.28292989730835 9.222038269042969
4.442659378051758 5.273639121194719 2.531597137451172 2.881351947784424
4.342905521392822 7.317438142273204 3.0407862663269043 4.534587383270264
3.6227686405181885 5.962723601631833 3.435911178588867 6.2479634284973145
1.5192465782165527 2.9077687539822676 3.5970754623413086 7.29000186920166
4.878728866577148 5.5345106721756565 2.7477540969848633 3.1591362953186035
4.664767742156982 7.846716903274267 3.3439555168151855 5.153158664703369
3.078068256378174 4.8903490839251775 3.872044324874878 7.33981990814209
3.7671408653259277 6.769848165006437 4.09204626083374 8.688103675842285
6.353074550628662 7.413336731374329 3.103569984436035 3.604358673095703
6.5103278160095215 10.773061050469735 3.8633766174316406 6.130782604217529
4.847742557525635 7.003593787881982 4.572508335113525 9.036603927612305
3.3156912326812744 5.562829706625934 4.862455368041992 10.82311725616455
4.532855987548828 5.15043310769579 1.4788058996200562 1.525362491607666
4.094371795654297 6.118850538258349 1.7264021635055542 2.219078540802002
3.6409919261932373 6.422388111033044 1.984110951423645 2.9942448139190674
2.6934926509857178 4.764896642295724 2.1388111114501953 3.537040948867798
4.926225185394287 5.7950917670150375 1.5450917482376099 1.5962400436401367
3.971083164215088 6.342567768088429 1.8208906650543213 2.3758153915405273
3.7558741569519043 6.850597513062468 2.1127889156341553 3.2723147869110107
3.0008022785186768 5.857554722300829 2.2881715297698975 3.9072041511535645
5.430535316467285 6.5615311238904965 1.641977071762085 1.6991875171661377
4.8079142570495605 5.891999014863302 1.9574990272521973 2.597440004348755
3.8160369396209717 7.133921661395108 2.296691656112671 3.665817975997925
3.3177356719970703 5.397593351784053 2.499506711959839 4.431976318359375
5.6714887619018555 6.472390099546146 1.7542363405227661 1.8093847036361694
4.465219020843506 6.365513040603645 2.040261745452881 2.6627919673919678
2.8865785598754883 4.635629453697675 2.3172965049743652 3.611489772796631
2.5990607738494873 4.949472967567651 2.4736945629119873 4.2720046043396
6.018511772155762 7.061871200582921 1.8447368144989014 1.9094212055206299
4.701207637786865 7.203912518992638 2.181718111038208 2.9081246852874756
3.8761205673217773 5.687609243424001 2.517101764678955 4.061940670013428
3.185045003890991 6.261632031676754 2.7057621479034424 4.872678756713867
6.6857781410217285 7.974618701160409 1.9857981204986572 2.061556339263916
5.835311412811279 8.243817785173775 2.39687180519104 3.2732083797454834
4.968000411987305 7.685036108033955 2.8160524368286133 4.731837749481201
3.2182273864746094 6.567412997889448 3.049916982650757 5.768005847930908
5.889326095581055 6.799674081791437 2.223468542098999 2.265139579772949
5.026918888092041 7.759408784000357 2.475506067276001 3.271538019180298
3.203688144683838 5.54705770111525 2.6899566650390625 4.308832168579102
3.5098235607147217 6.038572918326395 2.808561325073242 5.022871494293213
6.705480575561523 7.8445901022919315 2.330648422241211 2.3932111263275146
5.441178321838379 7.808972978322316 2.663254499435425 3.6211650371551514
3.7990477085113525 6.706903182994324 2.963097095489502 4.953515529632568
2.9509105682373047 5.652124205368125 3.123800277709961 5.87273645401001
7.726507186889648 9.261528106952028 2.5079779624938965 2.5937352180480957
5.986681938171387 9.244228861183284 2.9626142978668213 4.16063117980957
4.044720649719238 6.959494122295382 3.3871541023254395 5.944969177246094
3.9313271045684814 7.5094482304604355 3.6083028316497803 7.180437088012695
4.6483612060546875 4.9741858887234685 2.4251718521118164 2.6236307621002197
4.500602722167969 6.474737949570319 3.23457407951355 4.325862884521484
2.2925972938537598 3.0340122154879055 3.0842816829681396 5.054017066955566
3.0917482376098633 5.127426713474207 3.1064906120300293 5.695725917816162
4.873032093048096 5.775970949753116 2.564866065979004 2.7998218536376953
4.635391712188721 7.742831917725425 3.478102207183838 4.867781162261963
3.835106134414673 6.881727222996119 3.424316644668579 5.891996383666992
3.4742071628570557 6.0804930816830165 3.493001937866211 6.77199649810791
6.15451192855835 6.284333624079726 2.786015033721924 3.0699076652526855
5.204980373382568 7.799984870203616 3.8769772052764893 5.6687517166137695
4.549229145050049 7.296384048780098 3.9651944637298584 7.2015485763549805
3.9911673069000244 6.328908004260776 4.101065635681152 8.456953048706055
4.492496490478516 4.924123856538699 1.4963443279266357 1.5371012687683105
3.954237461090088 6.361353853012872 1.7142788171768188 2.1885006427764893
3.105806350708008 5.66310269875521 1.948723554611206 2.9740231037139893
2.756758689880371 4.934951013751146 2.0885555744171143 3.5128772258758545
4.915462493896484 5.537860844691863 1.5668712854385376 1.612052321434021
4.517446994781494 6.911798093738298 1.8111376762390137 2.3454432487487793
3.3123598098754883 6.695369810562909 2.0728893280029297 3.2478506565093994
3.2232184410095215 4.758076168469946 2.2274653911590576 3.8714396953582764
5.46152400970459 6.48211202945965 1.6707971096038818 1.7213820219039917
5.1521711349487305 8.079257495000093 1.9522411823272705 2.5692214965820312
4.3594255447387695 6.6482456597251485 2.25163197517395 3.631561517715454
2.57318115234375 5.228577236187107 2.4248621463775635 4.367464065551758
5.525084972381592 6.07750661647691 1.7563772201538086 1.8062161207199097
3.800701141357422 4.629129848500526 1.995749831199646 2.599367141723633
2.4995930194854736 4.157166502694054 2.2420735359191895 3.5650556087493896
3.258601665496826 5.494449580151922 2.390343427658081 4.226582050323486
6.054862976074219 6.893362032741834 1.8564234972000122 1.9142440557479858
4.720098495483398 7.252605108185321 2.1432533264160156 2.849236488342285
3.891247272491455 6.850751592880215 2.436002254486084 4.008961200714111
2.7913966178894043 3.7793405511375227 2.607189655303955 4.806583404541016
6.739612102508545 7.8901522813478095 2.011747121810913 2.0797932147979736
4.533717632293701 7.3862341889771415 2.3674840927124023 3.220513105392456
4.4645161628723145 8.263885785809634 2.7259793281555176 4.658234119415283
3.742807388305664 6.769579959213388 2.927250623703003 5.646292686462402
5.9425129890441895 6.652440886275541 2.1758625507354736 2.226010799407959
5.359449863433838 8.218513411969745 2.335886240005493 3.0913705825805664
4.294174671173096 7.413691112098604 2.526581287384033 4.161660194396973
3.1450977325439453 6.109833798882335 2.663215398788452 4.907793045043945
6.733786106109619 7.724509438043228 2.2935166358947754 2.357961416244507
5.8323235511779785 8.463021050388306 2.5328259468078613 3.4438838958740234
3.365964412689209 5.97379519796018 2.7917706966400146 4.790356636047363
3.849700689315796 6.621048388288401 2.958106517791748 5.718663215637207
7.63768196105957 8.960244566031633 2.4925384521484375 2.5754940509796143
5.373708248138428 8.384769331033375 2.8448486328125 3.986825704574585
4.448801040649414 7.49805101705951 3.200786828994751 5.736447334289551
4.1261372566223145 6.878987272048977 3.4068613052368164 6.931071758270264
4.588069438934326 5.166363244938111 2.351236343383789 2.643991231918335
3.6456310749053955 5.826232758807009 2.912613868713379 3.9563069343566895
3.8149006366729736 6.976167937380438 2.778355121612549 4.700815200805664
3.4320530891418457 6.266999101660986 2.8774843215942383 5.467339515686035
4.681024074554443 5.19459569511012 2.507497549057007 2.8325259685516357
4.468022346496582 5.498404037354703 3.1496379375457764 4.430283546447754
4.024387359619141 6.1731818714724795 3.1050877571105957 5.503364086151123
2.6780569553375244 4.356237007938034 3.2378041744232178 6.477725028991699
6.52103328704834 7.100718634021071 2.759103536605835 3.129744291305542
5.844879150390625 8.381494653837763 3.5403635501861572 5.158553123474121
4.825649261474609 7.63100534980822 3.621154308319092 6.731485843658447
4.224063873291016 6.693463923382716 3.7986409664154053 8.019505500793457
4.388072490692139 5.274708283060136 1.6524176597595215 1.7185481786727905
3.8515355587005615 6.563372233188147 1.947425365447998 2.5994579792022705
3.238485336303711 5.359939939558501 2.1848456859588623 3.4657063484191895
1.2463862895965576 1.8923910742450971 2.3018083572387695 4.0242438316345215
4.950113773345947 6.1213500583899645 1.7347244024276733 1.8089574575424194
3.8346903324127197 6.749507924701831 2.0735838413238525 2.8200933933258057
2.8704564571380615 5.63119006347921 2.345654249191284 3.837496280670166
3.174522638320923 5.506722507206405 2.4760403633117676 4.4976277351379395
5.533548831939697 7.070148774811315 1.8547272682189941 1.9394317865371704
4.965230464935303 8.322883671890526 2.2516043186187744 3.131047487258911
3.9642131328582764 6.687372115495702 2.567396402359009 4.354584217071533
3.2442357540130615 5.7579671163843 2.714322328567505 5.147605895996094
5.371891975402832 6.393265373418245 2.0690841674804688 2.158510208129883
4.049391269683838 6.556110159088377 2.421527624130249 3.313398838043213
2.9802441596984863 4.777316313693291 2.6591508388519287 4.408434867858887
3.480816125869751 6.33000760672644 2.7538092136383057 5.093161106109619
6.024933815002441 7.296344511810048 2.184183120727539 2.2886338233947754
3.2225284576416016 5.402101239940464 2.6211254596710205 3.6883203983306885
3.359070301055908 5.199596822411536 2.920966863632202 5.051429271697998
2.452834367752075 4.172038530884635 3.0361719131469727 5.904484748840332
6.7843122482299805 8.65184834202229 2.363842487335205 2.4879398345947266
5.321640491485596 8.571094409001212 2.9141719341278076 4.230798721313477
3.6385488510131836 7.599797642296367 3.291151285171509 5.9654693603515625
3.941899061203003 7.092599571884975 3.4306089878082275 7.044239521026611
5.67624044418335 6.738315403446961 2.6707100868225098 2.80824613571167
3.950975179672241 5.488442614226955 3.0068745613098145 4.206617832183838
2.8045568466186523 3.8729213636622717 3.168058156967163 5.447301387786865
1.4899049997329712 3.5568909407069214 3.2076146602630615 6.2034125328063965
6.5431413650512695 7.847020486101087 2.8140552043914795 2.9711780548095703
3.9253957271575928 5.729801754289244 3.284734010696411 4.7751851081848145
2.834184169769287 4.140207184049665 3.539489269256592 6.411839962005615
3.2185025215148926 4.258533584594943 3.605006217956543 7.396085262298584
7.566003322601318 9.356026882802325 3.0540239810943604 3.2430989742279053
5.025511264801025 8.044136673969021 3.709418296813965 5.613114356994629
4.454795837402344 6.595541614450042 4.075549125671387 7.793522834777832
3.1953697204589844 5.741955398826937 4.1670823097229 9.0856351852417
4.55974006652832 5.142631672283528 2.832050323486328 3.2199172973632812
3.451671600341797 5.843285738315899 3.689110040664673 5.274643421173096
2.804856061935425 4.25621212151178 3.6341328620910645 6.411712646484375
2.417701482772827 4.556336227793963 3.592792272567749 7.16340446472168
5.827203750610352 6.77523289107387 3.0292038917541504 3.468101739883423
3.88686203956604 6.261772953351919 4.04184627532959 6.056565761566162
3.6402125358581543 5.657571200635658 4.103844165802002 7.687188625335693
2.6721224784851074 4.14208271838379 4.090999603271484 8.70760440826416
6.295051097869873 7.303741281911243 3.3351917266845703 3.8540544509887695
4.9778056144714355 7.978274057502411 4.593253135681152 7.22218132019043
4.2053961753845215 5.818809616507792 4.792212963104248 9.522890090942383
3.11184024810791 5.081595386345384 4.801770210266113 10.896016120910645
4.3563690185546875 5.381193360108 1.5222927331924438 1.5956776142120361
3.8329739570617676 6.709728471292038 1.8201805353164673 2.493792772293091
2.97934627532959 5.4805008508712945 2.077381134033203 3.3607375621795654
2.94132399559021 5.449064615255793 2.21628999710083 3.8701064586639404
4.7417826652526855 5.856394324638359 1.5954934358596802 1.672158122062683
4.0063347816467285 6.401041087293365 1.9276567697525024 2.6649978160858154
3.073676347732544 5.124423625240151 2.219641923904419 3.670438528060913
3.1357791423797607 5.139534377381892 2.376849889755249 4.282220840454102
5.247254848480225 6.7115711987177065 1.700033187866211 1.7823727130889893
4.1868896484375 7.791120832900347 2.07785701751709 2.9072020053863525
4.113620758056641 6.15397835425763 2.414682626724243 4.096042156219482
3.3476176261901855 6.7805242689803435 2.593559980392456 4.838890552520752
5.207594394683838 6.365470708786461 1.812455654144287 1.9067509174346924
3.841489315032959 6.391540701763006 2.1773757934570312 3.047075033187866
3.2164340019226074 5.83709167179768 2.472673177719116 4.149101734161377
2.00142502784729 3.4090372672669567 2.612609386444092 4.777559757232666
5.715717315673828 6.9662544724382585 1.9151912927627563 2.015251398086548
4.051506519317627 6.758691563657777 2.343036413192749 3.3274574279785156
3.5688560009002686 6.560957285800711 2.699145555496216 4.6705098152160645
2.682943105697632 5.6060482275458074 2.868079662322998 5.465604305267334
6.379580020904541 8.197422701681228 2.066131353378296 2.176262617111206
4.323951244354248 6.488050860711752 2.5810940265655518 3.7354037761688232
4.130409240722656 7.3398394388239065 3.019399881362915 5.411777496337891
2.48400616645813 4.505844652186059 3.224383592605591 6.431962013244629
5.583601474761963 6.801548639142766 2.2716970443725586 2.3897316455841064
4.5049824714660645 7.743860114467083 2.6333868503570557 3.7523844242095947
3.0420055389404297 5.833663633334876 2.9071691036224365 5.028719902038574
3.031177043914795 5.329720106256758 3.01584792137146 5.723334312438965
6.223241806030273 7.567946741723645 2.3947935104370117 2.529252767562866
4.031720161437988 6.948912364336159 2.8629136085510254 4.1718525886535645
3.0334856510162354 5.262625998276235 3.2287275791168213 5.802296161651611
2.8105664253234863 5.555145814123122 3.374234199523926 6.723409652709961
7.112081527709961 8.961012363993866 2.5838918685913086 2.7394871711730957
5.429063320159912 8.10108626721398 3.200162887573242 4.788980484008789
4.228212833404541 7.208550192940498 3.690556049346924 6.919216156005859
4.104040622711182 7.239835581099328 3.883509874343872 8.157132148742676
5.030282020568848 5.631796719261274 2.627561330795288 2.9690725803375244
4.3303351402282715 7.654416556070146 3.2692816257476807 4.7171101570129395
2.707810163497925 5.37976328594641 3.3234241008758545 5.890964984893799
2.367316246032715 4.86912228697627 3.3670566082000732 6.566965103149414
4.709011077880859 5.024901849102434 2.7969229221343994 3.17679762840271
4.1973490715026855 5.997936811985937 3.556952714920044 5.32650089263916
3.088794231414795 4.444991257649576 3.7381486892700195 6.9304375648498535
3.058873414993286 5.370901716476922 3.8202314376831055 7.863087177276611
5.699569225311279 6.446268194894451 3.0554490089416504 3.4927501678466797
5.154203414916992 8.172992718389876 3.992979049682617 6.222594261169434
4.320908546447754 5.609030585255255 4.338215351104736 8.43271255493164
3.2795910835266113 5.538770323511066 4.468985080718994 9.735847473144531
3.750168561935425 4.622382490762504 1.7711080312728882 1.8439897298812866
3.6054556369781494 6.282423692599906 2.0901761054992676 2.76916766166687
2.164194107055664 4.034601866151547 2.3427765369415283 3.7033121585845947
2.5063488483428955 4.632446409720835 2.466559886932373 4.304688453674316
4.505842208862305 5.56548115119949 1.857792854309082 1.942307949066162
3.678150177001953 6.356574638879106 2.226071357727051 3.0141243934631348
3.1320858001708984 6.065227720187295 2.5242152214050293 4.127618789672852
2.744934558868408 3.6849214151044976 2.6692259311676025 4.849904537200928
5.345686912536621 6.641398738783529 1.9852383136749268 2.0824341773986816
4.519416809082031 7.112812425833226 2.418156623840332 3.349600315093994
3.993374824523926 7.918916800955458 2.773897886276245 4.701456546783447
3.776358127593994 6.452741817812978 2.9441866874694824 5.58444356918335
4.520122528076172 5.538373654921116 2.229170799255371 2.3247230052948
3.2635996341705322 6.737492085060381 2.619743824005127 3.5436573028564453
3.368605613708496 5.606327421150411 2.8848583698272705 4.7464423179626465
1.4516037702560425 2.6965716836164537 2.9954891204833984 5.497901439666748
5.391611099243164 6.563363417101414 2.346782684326172 2.464628219604492
4.839514255523682 8.186821898625084 2.8321549892425537 3.9546146392822266
3.8378987312316895 6.436547956171353 3.1794674396514893 5.473803520202637
2.64088773727417 5.427214068902217 3.324211597442627 6.428911209106445
6.505176067352295 8.113194201184541 2.5321028232574463 2.675859212875366
4.928920745849609 8.074170345162202 3.144437074661255 4.540471076965332
4.201352119445801 7.439752542072256 3.595306873321533 6.492506504058838
3.4511873722076416 5.658630198650957 3.781144857406616 7.721973896026611
4.824330806732178 5.933160921531233 2.7865312099456787 2.9083120822906494
4.116326808929443 7.149421854153218 3.229867458343506 4.464842319488525
2.2636160850524902 3.9475322087022846 3.4452755451202393 5.862044334411621
2.6893723011016846 4.791538520936683 3.5144243240356445 6.709600925445557
5.872595310211182 7.140999035820206 2.9436140060424805 3.0974533557891846
3.8370566368103027 6.4225900786115915 3.5279958248138428 5.077027797698975
3.2723424434661865 6.294176092448217 3.865030288696289 6.936614513397217
3.0415053367614746 6.038898760803477 3.978707790374756 8.068229675292969
7.242338180541992 8.934497740076235 3.1981420516967773 3.396254539489746
3.7538726329803467 6.116610662828065 3.9828431606292725 5.976646900177002
4.043493270874023 7.8398693572494835 4.46882438659668 8.47779369354248
3.8625924587249756 4.764646891278858 4.633180141448975 9.987709999084473
4.190943241119385 4.825984166655843 3.065326690673828 3.349022626876831
3.3407161235809326 6.133338554359806 3.838937759399414 5.455676078796387
2.5057005882263184 4.3864688400529985 3.934802770614624 6.866946697235107
2.0497353076934814 4.05390313467376 3.9424643516540527 7.733590602874756
5.232949733734131 6.0690933919458985 3.3017523288726807 3.642408847808838
4.699259281158447 7.967055447563112 4.22355842590332 6.2792792320251465
3.9233546257019043 7.269762818940677 4.466278076171875 8.259589195251465
3.5634984970092773 6.790270529395647 4.526317119598389 9.474746704101562
5.690946578979492 6.3133038984369705 3.6599318981170654 4.092221260070801
4.629696846008301 6.584762715911911 4.815850257873535 7.5093207359313965
3.184802532196045 4.80172534977055 5.243424415588379 10.288789749145508
3.145137071609497 6.665347450379046 5.35550594329834 11.954567909240723
3.9151675701141357 4.497767349941682 1.632357120513916 1.6917262077331543
3.313727378845215 5.149185707370634 1.9176181554794312 2.501835584640503
3.1088669300079346 5.18942674277514 2.1783103942871094 3.349091053009033
1.2936118841171265 2.348336401845927 2.3081231117248535 3.890381097793579
4.338964462280273 5.250107162353803 1.70094895362854 1.7653934955596924
3.8247244358062744 6.173261132802722 2.0230915546417236 2.6825661659240723
3.2230286598205566 5.244709344338844 2.3256704807281494 3.673816442489624
2.7376973628997803 5.35140889585 2.477372169494629 4.310184001922607
5.031052112579346 6.201176504070219 1.7968322038650513 1.8677482604980469
4.91565465927124 8.121119507131652 2.1681430339813232 2.9281933307647705
3.1222922801971436 4.316924025190474 2.5248942375183105 4.1103129386901855
3.03949236869812 5.837752812463663 2.70386004447937 4.871615409851074
4.6758246421813965 5.4198885439979065 2.0371570587158203 2.12312388420105
4.346406936645508 7.375167496192375 2.389582633972168 3.192101001739502
3.1989779472351074 6.210898721945981 2.6735951900482178 4.268933296203613
2.211236000061035 4.380726500701371 2.7893502712249756 4.923140048980713
5.2075514793396 6.2508494911344314 2.1263208389282227 2.2222542762756348
4.192621231079102 7.4501504653914825 2.5518667697906494 3.4883081912994385
3.6637797355651855 6.583810257504179 2.914931535720825 4.825554847717285
2.535365581512451 3.8774696465434317 3.0679752826690674 5.646834373474121
6.127348899841309 7.428995639775337 2.257087230682373 2.364957094192505
3.5043087005615234 6.340491765812089 2.781022310256958 3.9019241333007812
3.7701668739318848 6.999789061080321 3.245744228363037 5.595010757446289
3.1078732013702393 5.872361885243079 3.4451074600219727 6.641376495361328
4.869544982910156 5.758030068747104 2.6056487560272217 2.711333751678467
4.125683307647705 6.9035114890432965 2.985534429550171 4.090485572814941
2.4079999923706055 4.3075096575542275 3.2198081016540527 5.330760955810547
1.9279853105545044 3.4607239560941707 3.284036159515381 6.025203704833984
5.766777992248535 6.873073661921788 2.7150514125823975 2.8453354835510254
4.341455936431885 7.671554788769981 3.213235378265381 4.543745994567871
3.1589772701263428 5.418779790607346 3.5664515495300293 6.167099952697754
2.8779189586639404 4.961618090277781 3.6836540699005127 7.099348545074463
6.930902481079102 8.348594713467264 2.8805339336395264 3.0392637252807617
4.75947904586792 8.219007675165926 3.543046236038208 5.184488773345947
4.042606830596924 7.0420420645668855 4.051778316497803 7.346043586730957
3.073585033416748 5.736770813392354 4.232149124145508 8.6030912399292
4.467558860778809 5.137620797753698 2.8055026531219482 3.088876962661743
4.224854946136475 6.630638207534531 3.638354778289795 5.165395259857178
3.606341600418091 5.964963304915955 3.733433961868286 6.383110523223877
2.1134979724884033 3.674540189575964 3.7112479209899902 7.011373519897461
4.194767951965332 5.080094852754236 2.963932752609253 3.3024306297302246
4.595706939697266 7.543261605134717 3.9439127445220947 5.811883926391602
3.9729764461517334 5.731220934247922 4.174858570098877 7.494730472564697
3.3667547702789307 6.529100242114369 4.219832897186279 8.409883499145508
5.938232898712158 6.756890830573196 3.1972646713256836 3.600182294845581
4.981721878051758 8.483703012266263 4.386826038360596 6.735088348388672
4.454488277435303 6.832814052811955 4.805552005767822 9.082056999206543
4.032149314880371 7.0104828078355865 4.925601482391357 10.389676094055176
4.057286262512207 4.418793656854405 1.6236897706985474 1.6651631593704224
3.924006938934326 5.715514771024459 1.8282885551452637 2.2701261043548584
2.7712485790252686 4.551181174827434 2.0381834506988525 2.9775052070617676
2.258133888244629 4.045498505592619 2.16151762008667 3.472020387649536
4.608497619628906 5.113038744741786 1.6990643739700317 1.7456142902374268
3.8603947162628174 4.914807977342207 1.9333206415176392 2.4423789978027344
3.0252366065979004 5.627973064821845 2.1766574382781982 3.2702059745788574
2.6785848140716553 5.636442115440422 2.318906545639038 3.8447723388671875
5.164519309997559 6.243019173020571 1.8059768676757812 1.8583004474639893
4.4799628257751465 6.7253987009910645 2.082613945007324 2.6754322052001953
4.510173320770264 7.996926540579201 2.371936321258545 3.6602578163146973
3.0729823112487793 5.19833890992048 2.538034439086914 4.341907024383545
4.842912197113037 5.328416235875011 2.0552780628204346 2.108722448348999
4.095520496368408 5.894743633153894 2.2876639366149902 2.8876278400421143
2.6311020851135254 3.9403960126619495 2.47310733795166 3.752070903778076
2.5310988426208496 4.662474861243709 2.565124034881592 4.332965850830078
5.44987678527832 6.214256382748886 2.1569793224334717 2.2238364219665527
4.303895950317383 6.91739144491703 2.4473259449005127 3.1747357845306396
3.4318971633911133 6.020308558715442 2.691366672515869 4.251479625701904
3.053049087524414 5.070459648291433 2.813387155532837 4.964959144592285
6.204516410827637 7.462020740731759 2.308961868286133 2.389207363128662
4.882765769958496 6.3910779846601145 2.683170795440674 3.5767831802368164
3.6112256050109863 6.8034831588155384 3.010227918624878 4.9420013427734375
3.858560800552368 6.824152443727175 3.171522855758667 5.840437412261963
5.068562030792236 5.647917841235667 2.6998226642608643 2.773149251937866
4.212182521820068 5.903525332950856 2.9126710891723633 3.7282097339630127
3.1372876167297363 4.321906411023633 2.979099988937378 4.66179895401001
2.6912589073181152 4.6562344916164875 2.986152172088623 5.252155780792236
5.856466770172119 6.721419835672123 2.8248045444488525 2.913335084915161
4.879273414611816 6.459932674488641 3.134842872619629 4.160068035125732
4.016232490539551 4.845116707516581 3.284024477005005 5.40837287902832
2.8400492668151855 3.931814282251935 3.3292479515075684 6.179634094238281
6.852499008178711 8.035123195262749 3.020310163497925 3.1310348510742188
5.503992080688477 8.443864216940447 3.4692885875701904 4.784384727478027
4.368056774139404 5.563996355918163 3.7385122776031494 6.469406604766846
3.848206043243408 6.204355169137182 3.835085868835449 7.496763229370117
4.054812908172607 4.335409612949576 2.651292562484741 2.8956565856933594
2.703763246536255 3.532784265903274 3.6300806999206543 4.833070755004883
3.5395805835723877 5.802493592356342 3.486734390258789 5.587671756744385
2.6608684062957764 5.428067977270075 3.363407850265503 6.0850419998168945
4.487512111663818 4.7742481123031615 2.826366901397705 3.1054141521453857
4.607669353485107 6.541937295053231 3.9365968704223633 5.436236381530762
4.206500053405762 7.103468432609656 3.8781309127807617 6.58938455581665
3.5325558185577393 5.164095461489788 3.7904539108276367 7.288340091705322
4.582266330718994 5.413624234468557 3.086672306060791 3.4154410362243652
4.4011688232421875 6.964171335645668 4.398162364959717 6.338639736175537
4.59565544128418 7.852455725039931 4.461557388305664 8.025649070739746
3.2119407653808594 6.432214513636351 4.426773548126221 9.0206298828125
4.200528621673584 5.077984163658584 1.5252350568771362 1.5847625732421875
2.938692092895508 5.323407310480775 1.8176220655441284 2.3709707260131836
3.0480194091796875 5.732225979841473 2.0898728370666504 3.1868245601654053
3.0357680320739746 5.9505671551807495 2.241497755050659 3.7301130294799805
4.693599224090576 5.828776099798461 1.603495717048645 1.6663826704025269
3.974757432937622 6.814788838422828 1.927615761756897 2.55444598197937
3.807422637939453 7.199347179858876 2.2350168228149414 3.511296510696411
2.709589719772339 4.746324235961623 2.4056458473205566 4.148941993713379
5.278806209564209 6.598944973894774 1.7187896966934204 1.7875030040740967
4.748570442199707 8.446712119023289 2.086183547973633 2.8121447563171387
3.1997597217559814 5.448076753455737 2.440321922302246 3.9557790756225586
3.4542877674102783 5.311059177937921 2.635439872741699 4.717845916748047
5.0676751136779785 6.147340780451195 1.7986067533493042 1.8896411657333374
4.156157493591309 7.037732321217618 2.167752265930176 2.8993289470672607
3.4989213943481445 6.906610345254421 2.487240791320801 3.923513889312744
2.2200911045074463 5.281654846381159 2.643479347229004 4.588973522186279
5.732680797576904 6.99691739911224 1.9119596481323242 2.0059256553649902
4.1294169425964355 7.540854590676645 2.3371081352233887 3.1870923042297363
3.6381492614746094 6.942719513828592 2.7184836864471436 4.45427131652832
3.4540765285491943 5.809082745422984 2.906214475631714 5.278940200805664
6.486392021179199 8.1225621337416 2.087333917617798 2.189009666442871
4.846548557281494 8.009025435254102 2.5902512073516846 3.611191511154175
3.4440126419067383 6.541673252960294 3.054354190826416 5.21413516998291
4.185610294342041 6.9166527885086 3.283013343811035 6.25601863861084
5.472289562225342 6.654775593307079 2.192448616027832 2.3647382259368896
3.898343563079834 6.302718936331786 2.6000993251800537 3.57792329788208
4.161133289337158 7.131314661221708 2.917057514190674 4.740306854248047
2.693042516708374 4.258162644128035 3.04671573638916 5.471150875091553
6.256614685058594 7.654790249294621 2.334331512451172 2.51163911819458
4.721117973327637 7.751259211036611 2.8305346965789795 3.984027147293091
3.7857370376586914 6.990239430112524 3.238895893096924 5.503105640411377
2.482208490371704 5.195792404880487 3.4120237827301025 6.457155227661133
7.232247352600098 9.09437911885965 2.5655357837677 2.752919912338257
6.167049884796143 10.424347233348612 3.1859545707702637 4.601682186126709
4.404512882232666 7.640063645432932 3.7166643142700195 6.625455856323242
4.241743087768555 6.776197516360071 3.9455060958862305 7.8887224197387695
4.480162620544434 5.198836937650185 2.180514097213745 2.5023488998413086
3.3505260944366455 5.077861703450694 3.2507855892181396 4.580605983734131
2.4969286918640137 4.789092036784723 3.33669376373291 5.559303283691406
2.3586978912353516 4.298873505566576 3.397617816925049 6.252513408660889
4.3826904296875 5.3121307981968755 2.351320266723633 2.692141532897949
4.839095115661621 8.531544728442148 3.5629453659057617 5.195970058441162
3.5976223945617676 4.634156891715758 3.742794990539551 6.552603721618652
2.0441195964813232 3.1857043540545646 3.852121114730835 7.5082106590271
6.267297744750977 7.647619787879989 2.6228768825531006 8.15130615234375
5.2111406326293945 7.88606441751466 4.029011249542236 6.094542026519775
4.551270961761475 7.547212230382769 4.351835250854492 8.029519081115723
4.415193557739258 6.744238113950814 4.523583889007568 9.352370262145996
4.7550787925720215 5.513863736140536 1.5562492609024048 1.608373761177063
4.808743000030518 7.732666294718911 1.875684380531311 2.494628429412842
3.4822068214416504 5.94866660023547 2.1977009773254395 3.4711618423461914
2.9434702396392822 5.292060288542515 2.374671220779419 4.087303638458252
5.176377296447754 6.200610506968481 1.631940245628357 1.6906031370162964
4.671690940856934 7.747307005161089 1.9894089698791504 2.6886863708496094
3.3992607593536377 5.7674556121328475 2.353769063949585 3.820709705352783
3.135434865951538 5.689063772532052 2.5542898178100586 4.549323081970215
5.569955348968506 7.024533838730889 1.7415270805358887 1.8083847761154175
4.667753219604492 8.158378334232907 2.15101957321167 2.961520195007324
4.4987311363220215 7.1186335149671205 2.5710110664367676 4.305421352386475
3.6117823123931885 5.907302790334938 2.8004090785980225 5.183961868286133
5.664847373962402 6.5795331488303646 1.9213919639587402 1.9777460098266602
4.278016090393066 7.34060947764722 2.321556329727173 3.14481258392334
3.1520543098449707 4.846088857412951 2.6952764987945557 4.412098407745361
2.19718337059021 3.3689894961662503 2.8792786598205566 5.193531036376953
6.155082702636719 7.333445730540916 2.0255019664764404 2.0952870845794678
5.49119758605957 8.473186534756891 2.499417543411255 3.469214916229248
3.706881284713745 6.621413504320174 2.9507296085357666 5.018493175506592
3.573914051055908 5.841317887892274 3.174262762069702 5.99334192276001
6.83836030960083 8.478371069441252 2.184939384460449 2.27133846282959
5.311553955078125 8.324518239075587 2.7624223232269287 3.9424774646759033
3.7737181186676025 5.940504211423104 3.317988157272339 5.886700630187988
3.75239896774292 6.808607138511981 3.589754343032837 7.127148628234863
6.034296035766602 7.0127640857348545 2.5517418384552 2.5842795372009277
4.9684977531433105 7.56373448238719 2.945207357406616 4.050225734710693
2.8060524463653564 4.55771845069404 3.278916358947754 5.526453018188477
2.71127986907959 4.348444011199717 3.420520782470703 6.399139881134033
6.773240566253662 8.040420112665032 2.6711483001708984 2.734553337097168
4.855255126953125 7.229750024525586 3.1956613063812256 4.542989253997803
3.945230007171631 6.627117694433991 3.648444175720215 6.446578025817871
3.6897664070129395 5.835904524133229 3.843069314956665 7.591004371643066
7.605994701385498 9.363609719056058 2.8708560466766357 2.967498779296875
5.717350959777832 8.815815431728932 3.5788283348083496 5.280700206756592
3.7011265754699707 6.312812717614577 4.191802024841309 7.7905097007751465
3.573650360107422 5.393307838127441 4.450486660003662 9.31436538696289
5.298117160797119 6.004554530306408 2.78432297706604 2.9882965087890625
4.205713748931885 7.025386302977495 3.7413439750671387 5.284128665924072
4.01303243637085 6.896754453907533 3.8563942909240723 6.662480354309082
2.456467390060425 3.905144650601528 3.907005548477173 7.505271911621094
4.666676044464111 4.976253874305229 2.9629769325256348 3.2178478240966797
4.025105953216553 5.998980146117447 4.067785739898682 5.9950480461120605
1.7180531024932861 3.2152800697566875 4.33605432510376 7.899989128112793
3.188934087753296 5.042083312487648 4.445764541625977 9.062847137451172
5.482635498046875 6.765697178399154 3.2390027046203613 3.55877685546875
4.154812812805176 7.464755546192237 4.582206726074219 7.057956695556641
3.9596364498138428 7.5005990025335905 5.049410343170166 9.720612525939941
4.174819469451904 7.156434148573846 5.22940731048584 11.337416648864746
4.3541259765625 4.848170540754651 1.5505468845367432 1.5879392623901367
4.2003703117370605 6.149021517418209 1.7557510137557983 2.242814302444458
3.0623626708984375 5.230948830951087 1.9721150398254395 3.0162434577941895
2.503718614578247 4.3457852364931 2.097829580307007 3.5125129222869873
4.70197868347168 5.434312776716524 1.6131247282028198 1.654289722442627
3.9187886714935303 5.879351236062853 1.8483186960220337 2.3860394954681396
3.46569561958313 5.303259390576471 2.0961639881134033 3.261173725128174
2.684751272201538 4.345493361332499 2.2372913360595703 3.8296689987182617
5.293109893798828 6.409560630785791 1.7010138034820557 1.7481968402862549
4.407783031463623 7.295704155227341 1.9742697477340698 2.586883783340454
3.090907573699951 5.5662434027738215 2.2620034217834473 3.602940320968628
2.8926055431365967 5.043209251394998 2.422490358352661 4.267933368682861
5.290034294128418 5.909045857932142 1.909144401550293 1.9570063352584839
3.285391330718994 4.032811868999772 2.1384475231170654 2.7771172523498535
2.6928482055664062 4.156967229230304 2.343271493911743 3.711512327194214
2.147524118423462 3.8208111970336205 2.447852849960327 4.289725303649902
5.732641696929932 6.62896043064535 1.9954030513763428 2.0469179153442383
4.36117696762085 6.05651790935417 2.280580997467041 3.013962745666504
3.393660545349121 5.592154126063576 2.537930727005005 4.129461288452148
3.1018316745758057 6.084786711468041 2.6653079986572266 4.824416160583496
6.455850124359131 7.644607236041736 2.1189138889312744 2.179979085922241
5.195776462554932 6.530024427674022 2.477478504180908 3.352397918701172
3.567594528198242 6.3381912540124095 2.8034119606018066 4.721139907836914
3.7632617950439453 6.8225750522606745 2.960498571395874 5.576465606689453
5.562671184539795 6.169856785684146 2.454681396484375 2.5502045154571533
4.130413055419922 5.46247768334797 2.6366729736328125 3.4973373413085938
3.3579018115997314 4.447006419688478 2.754197597503662 4.505725860595703
2.9563236236572266 5.303881226565068 2.8012917041778564 5.099272727966309
6.250977039337158 7.110337149438237 2.555208444595337 2.6555423736572266
4.550500869750977 6.717965119898508 2.8404269218444824 3.8628642559051514
2.5123071670532227 3.7493195117536118 3.0301578044891357 5.136457443237305
1.5977232456207275 3.468914560305393 3.102512836456299 5.8806962966918945
7.169773101806641 8.290206415063395 2.71189546585083 2.825518846511841
5.361896991729736 7.530229218935221 3.127817392349243 4.389589309692383
3.8004682064056396 5.519142380302924 3.4108588695526123 6.0346150398254395
3.6422247886657715 7.014616262305481 3.51650333404541 6.990703582763672
4.865062236785889 5.160556958304608 2.622328758239746 2.8766491413116455
3.6745197772979736 5.266240613558761 3.2834322452545166 4.48549747467041
2.7105987071990967 4.106189948526662 3.150362491607666 5.29930305480957
2.4234848022460938 3.4632464304100665 3.1077404022216797 5.81988525390625
5.268815040588379 5.662233001714867 2.770118474960327 3.045463800430298
3.9287610054016113 5.8752894013638866 3.5438623428344727 5.0241193771362305
3.7129104137420654 5.950258290066212 3.5096404552459717 6.16016149520874
3.257868528366089 5.350968228829743 3.486144542694092 6.835170269012451
5.634060382843018 6.073300501908761 2.9852356910705566 3.299353837966919
5.411367893218994 7.466532980489546 3.92878794670105 5.800626754760742
4.388295650482178 7.192284962402482 4.007089138031006 7.380850315093994
3.9551589488983154 6.016754095061259 4.008965015411377 8.282318115234375
4.433166980743408 5.391865370299993 1.4895503520965576 1.5500985383987427
3.9738376140594482 6.85373206310464 1.801289677619934 2.360179901123047
3.1699633598327637 4.830769122857134 2.065204381942749 3.18647837638855
3.1759612560272217 5.650156290876566 2.2069692611694336 3.761836051940918
4.808962821960449 5.897327362042461 1.561885952949524 1.627612590789795
3.1930251121520996 5.650580540298137 1.903272271156311 2.538863182067871
3.9622960090637207 6.552695164812064 2.1944684982299805 3.5006704330444336
3.5406363010406494 6.442088628091682 2.350310802459717 4.173667907714844
5.373061180114746 6.717766699773051 1.6679954528808594 1.740605115890503
4.7108917236328125 6.936634775319362 2.0515971183776855 2.789494276046753
3.881016492843628 6.42148689189122 2.38175892829895 3.9288747310638428
3.040057420730591 5.332880945182149 2.555939197540283 4.725424766540527
5.522578239440918 6.636540464414654 1.6885167360305786 1.7643024921417236
3.986722707748413 6.681267660990898 2.067033052444458 2.764324188232422
3.778862237930298 6.5045219063575885 2.3791420459747314 3.7948832511901855
1.6001726388931274 2.1593730533859343 2.535442590713501 4.5017924308776855
5.925537109375 7.132364914607592 1.7914072275161743 1.8761204481124878
4.985964775085449 7.586148137242937 2.220054864883423 3.0426926612854004
3.2882680892944336 5.066609658501783 2.5796937942504883 4.297290325164795
3.060417890548706 5.317160689220734 2.7591538429260254 5.162526607513428
6.43774938583374 8.014127137935134 1.9491546154022217 2.045269727706909
4.498278617858887 7.201657401015723 2.4521470069885254 3.4519550800323486
3.5987699031829834 5.689861516972883 2.881328582763672 5.02048921585083
3.3984155654907227 5.7554118556854235 3.0912797451019287 6.097885608673096
5.838828086853027 7.016266278104126 1.9346895217895508 2.030813217163086
5.2091450691223145 8.252460599862161 2.3498992919921875 3.1940574645996094
3.176856756210327 5.274250685764827 2.681495428085327 4.394367218017578
1.5842323303222656 2.116988853268012 2.837186098098755 5.203139781951904
6.472165107727051 7.771879708301583 2.060108184814453 2.1702370643615723
4.799939155578613 8.086963726850797 2.5469608306884766 3.5718917846679688
3.9916701316833496 6.726192428101314 2.94930362701416 5.091311454772949
2.082298517227173 3.8821251482486936 3.138209819793701 6.1168742179870605
7.300127983093262 9.033202006879364 2.2628896236419678 2.390434741973877
4.967714786529541 8.64311796431042 2.8591678142547607 4.150113105773926
4.017898082733154 7.483178257803502 3.3665995597839355 6.135085582733154
3.8059229850769043 7.247539324068043 3.598799705505371 7.462547302246094
3.8146679401397705 4.543550728516493 2.1950769424438477 2.625352382659912
4.53233003616333 7.002330558157155 2.73797607421875 3.7596452236175537
3.565276622772217 5.502821432976361 2.9437074661254883 4.919138431549072
3.146195888519287 5.399085376981475 3.078300714492798 5.774295330047607
4.066944122314453 4.642070742978831 2.351680040359497 2.8202288150787354
4.865042209625244 7.647045437493944 2.9471826553344727 4.213939189910889
3.5337419509887695 6.768708799802198 3.2624006271362305 5.780385494232178
3.895108222961426 5.703101595760492 3.4403934478759766 6.898414611816406
5.136913299560547 6.407933691101796 2.599257469177246 3.123013496398926
5.686316013336182 8.960882194173337 3.300050973892212 4.929159641265869
4.166174411773682 6.97940875451377 3.7736244201660156 7.105836391448975
3.102111577987671 4.305395411654914 4.007066249847412 8.59649658203125
3.6828112602233887 4.389460148304353 1.6412644386291504 1.6824830770492554
2.884969472885132 5.147285070846639 1.8650461435317993 2.3754634857177734
3.0300633907318115 5.589624504105913 2.080479860305786 3.1672463417053223
1.888286828994751 3.5383875190865925 2.201594829559326 3.6995296478271484
4.279728412628174 5.229592767446902 1.7154477834701538 1.7605865001678467
3.695659637451172 5.94630326355508 1.974128007888794 2.5379652976989746
3.193556308746338 5.179825205124359 2.2255985736846924 3.4506640434265137
2.980898857116699 3.8612069386881274 2.364555597305298 4.071972846984863
5.0161027908325195 6.135532968113459 1.8212772607803345 1.8709430694580078
4.456699371337891 7.3626865609925805 2.1272082328796387 2.7649872303009033
3.8949134349823 5.4533820958990304 2.4267349243164062 3.8409433364868164
3.5083324909210205 5.634605140053452 2.5886435508728027 4.577956199645996
4.435026168823242 5.356879269791307 2.085285186767578 2.1290807723999023
3.912766218185425 6.751148416739397 2.3528025150299072 3.0481019020080566
3.4866673946380615 5.344370171628725 2.560872793197632 4.05290412902832
2.0173556804656982 3.349120241887505 2.6539573669433594 4.689571380615234
5.13332986831665 6.241099854985009 2.1854803562164307 2.2376768589019775
4.199482440948486 6.935583450607396 2.5223851203918457 3.326057195663452
2.9068987369537354 5.06486600335046 2.795954465866089 4.554213047027588
3.093963861465454 4.321628559573554 2.9180049896240234 5.342826843261719
5.971206188201904 7.290470314210893 2.335258960723877 2.3982627391815186
5.1344804763793945 7.654266477604881 2.7681632041931152 3.723360061645508
4.164530277252197 6.373750191820363 3.130840301513672 5.262045860290527
3.566385269165039 5.314002775169087 3.2901196479797363 6.255712032318115
4.656721591949463 5.681445227487863 2.6790759563446045 2.744749069213867
4.051260948181152 6.623040643687091 2.9884493350982666 3.956524133682251
2.9539594650268555 5.2577708515367485 3.118751287460327 5.120212554931641
2.06615948677063 3.905592561622772 3.1372509002685547 5.78939962387085
5.586307048797607 6.730786617826823 2.804717540740967 2.8843698501586914
3.722929000854492 5.475677795914862 3.2296013832092285 4.394801139831543
3.398897647857666 5.575795058515553 3.454389810562134 5.894503116607666
2.931213855743408 4.8863853658997005 3.5109405517578125 6.770843505859375
6.67473840713501 8.052444685474033 3.0007846355438232 3.100907564163208
4.813738822937012 7.68838699181876 3.588301181793213 5.0298967361450195
3.6941847801208496 5.8669915286225205 3.943815231323242 7.005129814147949
2.6452295780181885 3.5569446415383936 4.047496795654297 8.170130729675293
4.0817694664001465 4.5037656881278 2.897571325302124 3.1242825984954834
3.010897636413574 5.2937839110104505 3.6740682125091553 5.050534725189209
2.0474579334259033 3.6504664746369713 3.6690196990966797 6.201393127441406
2.0260374546051025 3.8700753275100794 3.5723867416381836 6.806143760681152
4.817765235900879 5.478427469794118 3.08011794090271 3.3447046279907227
3.455995559692383 4.660695424295994 3.9923579692840576 5.6871418952941895
3.2683122158050537 5.530387099589859 4.094909191131592 7.252635955810547
2.5781664848327637 4.673690319328216 4.0425190925598145 8.094239234924316
5.620378017425537 6.415631472715532 3.346480369567871 3.662707567214966
4.3891987800598145 7.261216103820402 4.47180700302124 6.614745140075684
3.2682645320892334 6.384114637563471 4.727931976318359 8.768418312072754
3.5971195697784424 5.390425463949569 4.727624416351318 9.950860977172852
3.6704108715057373 4.256813844230425 1.6454739570617676 1.704608678817749
2.9746367931365967 4.976766760746898 1.9127105474472046 2.473886489868164
3.03446888923645 5.152581967740389 2.126542806625366 3.281529188156128
2.822007417678833 4.750331693516273 2.22802996635437 3.829584836959839
4.2037153244018555 5.053171044558894 1.7229288816452026 1.7869192361831665
4.331068515777588 6.859808620636988 2.026031017303467 2.650444507598877
3.6888036727905273 6.000181774594125 2.2708024978637695 3.5762217044830322
2.832639217376709 4.470473737533439 2.384687900543213 4.209908485412598
4.9820356369018555 6.106887737195031 1.8321477174758911 1.9027938842773438
4.606957912445068 7.748269495346115 2.1809678077697754 2.8918445110321045
3.5605344772338867 6.656337345021484 2.4653427600860596 3.9732460975646973
3.485766887664795 5.432154380512998 2.594597339630127 4.7156291007995605
4.450021266937256 5.207733102547252 2.069850206375122 2.1478631496429443
3.0842795372009277 4.9630068673109236 2.3901784420013428 3.1471071243286133
2.3798842430114746 4.791363020579638 2.597402811050415 4.154188632965088
2.4751510620117188 5.2157019547494485 2.6636099815368652 4.795485973358154
5.071707725524902 6.094301049634879 2.175809144973755 2.265514850616455
4.125298976898193 6.312716100322177 2.565880060195923 3.444870948791504
3.0253405570983887 5.251088518183439 2.8304898738861084 4.666804313659668
2.809595823287964 5.030187851617615 2.9168789386749268 5.451582431793213
5.992389678955078 7.184048922513739 2.333969831466675 2.437744617462158
5.177011489868164 8.33683119762378 2.8157684803009033 3.864882707595825
3.8468570709228516 6.6007168259149935 3.1549623012542725 5.378836154937744
4.397516250610352 7.603062437312474 3.2667746543884277 6.351337432861328
4.674355983734131 5.491638628876785 2.632838726043701 2.7181499004364014
4.1584296226501465 6.9462335763455485 3.0001883506774902 4.021487236022949
3.4056832790374756 6.431504042280745 3.1387288570404053 5.1847357749938965
2.066518783569336 3.2162180629430095 3.1285367012023926 5.8526811599731445
5.633963584899902 6.684179330617553 2.7638914585113525 2.8718247413635254
4.502843856811523 6.441208195660238 3.2478177547454834 4.485237121582031
3.0512685775756836 4.904727290574328 3.4714252948760986 5.968231201171875
2.139927625656128 3.3864530553864047 3.486536741256714 6.829397201538086
6.732158184051514 7.976619918462518 2.9698984622955322 3.108410596847534
5.8661932945251465 8.907720699004571 3.6085970401763916 5.1460795402526855
3.4110617637634277 6.003171535370095 3.94474720954895 7.073242664337158
4.294284343719482 7.677664346568463 3.9924776554107666 8.193674087524414
3.77573823928833 4.37061456733182 2.8272628784179688 3.087801218032837
3.2536683082580566 5.470249014882665 3.673734426498413 5.091700077056885
2.8185536861419678 5.3549464695993265 3.6789534091949463 6.236784934997559
1.723978042602539 2.4855497527280477 3.5528459548950195 6.833932399749756
3.529479742050171 4.2388709319964235 3.0081686973571777 3.3207011222839355
3.915642738342285 6.910559722129619 4.016024589538574 5.754420757293701
3.0061888694763184 5.549515386455369 4.109302043914795 7.301825046539307
2.4834399223327637 4.198820156226702 4.006420612335205 8.1161527633667
5.601361274719238 6.57132598449283 3.2795960903167725 3.6591665744781494
5.365163326263428 8.991241640700878 4.509324073791504 6.718719482421875
4.339350700378418 5.449344335596565 4.724690914154053 8.807453155517578
3.1704676151275635 5.911243611625878 4.654441833496094 9.919939994812012
4.201307773590088 4.822124566687357 1.6801682710647583 1.7351691722869873
3.4785265922546387 5.88291143092988 1.940446138381958 2.542919397354126
3.28922438621521 5.916904902872261 2.1421120166778564 3.3602116107940674
2.4795186519622803 4.2822812831263946 2.2364721298217773 3.8775389194488525
4.510548114776611 5.4382717393886 1.7566863298416138 1.817687749862671
4.462644577026367 6.716774050447857 2.0565061569213867 2.7362475395202637
3.315774917602539 5.289095263152831 2.2918949127197266 3.6845250129699707
2.9296023845672607 4.955924709250439 2.4007186889648438 4.281593322753906
5.109199523925781 6.38215857886763 1.8630712032318115 1.930456280708313
4.716281890869141 6.0062655367453885 2.2148313522338867 2.992865800857544
3.7097647190093994 6.105936326256781 2.4938199520111084 4.1087565422058105
3.2133424282073975 6.0487887355596115 2.6202211380004883 4.807948112487793
5.081834316253662 5.883783306445025 2.088562488555908 2.155191659927368
3.3032615184783936 4.594223171564181 2.401090621948242 3.202307939529419
2.5496885776519775 4.473557696462535 2.5893936157226562 4.220777988433838
2.2899298667907715 3.745517106769057 2.6507506370544434 4.829678535461426
5.58241081237793 6.633629390280438 2.193610906600952 2.270787477493286
3.7593510150909424 5.618482854298287 2.5836374759674072 3.5272490978240967
3.3502538204193115 5.640396294129644 2.829352855682373 4.774714469909668
2.2099668979644775 4.475936077366072 2.9104785919189453 5.512735366821289
6.332666397094727 7.885293844261345 2.3427627086639404 2.43265962600708
4.188068389892578 6.80931809036781 2.836026668548584 3.968933343887329
4.1438493728637695 6.782976765804591 3.15775465965271 5.520950794219971
3.3719699382781982 5.761422276338465 3.2641303539276123 6.430703163146973
5.3394365310668945 6.202188884970042 2.6042325496673584 2.6911587715148926
3.5475900173187256 5.2673609911175845 2.9511592388153076 4.016119956970215
2.746140718460083 4.680376885498561 3.0655417442321777 5.157986164093018
2.5695884227752686 3.7358744450909853 3.061753273010254 5.798434734344482
6.058488845825195 7.126424161279857 2.736412763595581 2.8457956314086914
4.074625015258789 6.69303648046008 3.2116177082061768 4.5094313621521
3.168478488922119 5.727300373818267 3.4069745540618896 5.9853410720825195
2.4891679286956787 3.207639884435097 3.4230213165283203 6.794068813323975
7.002805709838867 8.551410187841965 2.9315690994262695 3.0664896965026855
5.241918087005615 7.349161125646248 3.5787789821624756 5.193972587585449
3.527259349822998 6.429034054431284 3.879546880722046 7.121479511260986
3.7644176483154297 5.998064011732825 3.9210548400878906 8.159164428710938
4.479172706604004 4.901033178819409 2.813217878341675 3.1179285049438477
3.1121795177459717 4.262963009413568 3.54693341255188 4.976363658905029
3.0430500507354736 5.145492176181165 3.5004007816314697 6.0335893630981445
1.8702809810638428 2.473235384242855 3.408069133758545 6.62760591506958
4.752892971038818 5.115452190383621 3.052988052368164 3.3330187797546387
4.8204569816589355 7.495074047208391 3.881587266921997 5.645308971405029
3.6881320476531982 6.02511236367971 3.936171770095825 7.127169609069824
1.842485785484314 2.56466429312421 3.8598787784576416 7.910438537597656
5.954032897949219 6.7697710949466625 3.338531732559204 3.6772043704986572
4.958331108093262 7.141269821542409 4.360766887664795 6.598788738250732
4.305568218231201 7.646470747530145 4.546054840087891 8.649920463562012
2.3577864170074463 3.072498077505074 4.487747669219971 9.688755989074707
4.20224142074585 4.906121190579086 1.574750542640686 1.6155312061309814
3.8076603412628174 6.475362360017982 1.8088178634643555 2.308793306350708
2.570449113845825 4.235946145935827 2.0462865829467773 3.103483200073242
3.1136648654937744 5.317648712467644 2.1897008419036865 3.6412971019744873
4.641053199768066 5.569693755267281 1.6516467332839966 1.6969784498214722
4.365556240081787 6.98964941187478 1.9158812761306763 2.472470283508301
3.1491193771362305 6.2556402274528935 2.1861045360565186 3.3881547451019287
1.9644912481307983 2.6089329296878367 2.3474886417388916 4.021487236022949
5.23063850402832 6.443069923347139 1.764046311378479 1.8157050609588623
4.445536136627197 6.779835976555432 2.0690789222717285 2.7102484703063965
4.131290912628174 6.024501399832197 2.3827311992645264 3.7932770252227783
3.682508707046509 6.0183174146132785 2.566542148590088 4.554205417633057
5.14905309677124 6.06339988436423 1.9137157201766968 1.9510658979415894
3.9647819995880127 6.560399312694699 2.1726138591766357 2.8128981590270996
3.1472251415252686 5.253848243177345 2.402461528778076 3.7799129486083984
3.1979074478149414 5.855450102547323 2.5376689434051514 4.428134918212891
5.644212245941162 6.755689161211876 2.018918514251709 2.0662760734558105
3.7550735473632812 5.9029263313691445 2.334289789199829 3.074129581451416
3.8537440299987793 6.67432598753409 2.6218349933624268 4.247730255126953
3.179832935333252 5.608031617442521 2.7852771282196045 5.051063537597656
6.262905120849609 7.623679880879346 2.1816024780273438 2.2415664196014404
4.924145698547363 6.92985664375702 2.5753562450408936 3.4681711196899414
3.6513378620147705 5.499025666947404 2.9421474933624268 4.943154811859131
3.8000805377960205 6.593756560047353 3.142073154449463 5.966365337371826
5.420230865478516 6.410655676945225 2.44423770904541 2.4647772312164307
4.237854480743408 6.75550569724669 2.6433968544006348 3.4649157524108887
2.3490254878997803 4.05169373041565 2.7765049934387207 4.507969856262207
2.210519552230835 4.5230086906073295 2.8653247356414795 5.202233791351318
6.166038513183594 7.337085286311321 2.571122169494629 2.6002957820892334
4.763298034667969 7.762742157661705 2.8593146800994873 3.836822509765625
3.3419692516326904 5.324968999535031 3.0771484375 5.175506591796875
3.166172504425049 5.068160233962999 3.203998565673828 6.07915735244751
7.128863334655762 8.627733797111482 2.7778048515319824 2.8248908519744873
4.784265995025635 7.153050307266312 3.1938278675079346 4.416074275970459
4.552098274230957 7.518940071657113 3.530036687850952 6.201522350311279
3.3321564197540283 5.9134936180637965 3.706336498260498 7.415101051330566
4.286162376403809 4.483508628206437 2.618865966796875 2.8165295124053955
3.739100694656372 6.078178490475438 3.3549306392669678 4.531623840332031
3.4558818340301514 5.665349567569251 3.1361799240112305 5.228006839752197
3.251131057739258 5.670768471853364 3.1351637840270996 5.8614115715026855
4.889298915863037 5.396895955672392 2.787085771560669 3.015326976776123
3.621117353439331 4.6720540516443805 3.6274917125701904 5.067576885223389
3.22851300239563 5.615355954156257 3.506932020187378 6.084447860717773
3.344414472579956 4.612478176598766 3.55194354057312 6.960459232330322
6.422008991241455 6.547003900578204 3.0515811443328857 3.329545736312866
5.195218563079834 8.07353071826584 4.04601526260376 5.857006072998047
3.2096102237701416 5.858486677691872 4.0800862312316895 7.42741584777832
3.720651388168335 6.3539869744162445 4.182243347167969 8.674206733703613
3.9732136726379395 4.390499244582088 1.4768980741500854 1.5260807275772095
3.508831262588501 5.774953038234158 1.7386144399642944 2.2440249919891357
3.0096476078033447 5.7966355263456535 2.000403642654419 3.0446555614471436
2.429063558578491 4.9116611569562 2.1544382572174072 3.5914416313171387
4.502822399139404 5.105573170880831 1.5411118268966675 1.5933754444122314
3.380528211593628 4.814491356664037 1.8284060955047607 2.386012554168701
3.4035227298736572 5.193015113042151 2.121812105178833 3.301382541656494
3.266995668411255 4.439016294756854 2.294584035873413 3.9371368885040283
5.17240571975708 6.253963850550065 1.6328489780426025 1.6892491579055786
4.861173629760742 7.4221756240340255 1.9554017782211304 2.5840373039245605
3.6250009536743164 5.791306135932783 2.291611671447754 3.6556880474090576
3.278381586074829 5.25915292170896 2.4890267848968506 4.4102783203125
4.755065441131592 5.281679722583476 1.7158348560333252 1.7794709205627441
3.539766788482666 5.906183252955316 2.035048246383667 2.6686573028564453
3.2791831493377686 6.2465440597479756 2.350306987762451 3.684799909591675
3.6633055210113525 6.475020929615766 2.5244884490966797 4.373719215393066
5.360476970672607 6.205107303819538 1.8061723709106445 1.873107671737671
4.458410263061523 6.796279780567147 2.1713685989379883 2.8883790969848633
3.957770347595215 5.186431641201619 2.5418851375579834 4.104964733123779
3.832587957382202 5.809057845586356 2.7472949028015137 4.946062088012695
6.257572174072266 7.410343974812267 1.938790202140808 2.011904239654541
5.139863967895508 8.050794981364845 2.368337869644165 3.2076356410980225
4.7046332359313965 7.965302913686635 2.8153669834136963 4.70529842376709
3.275113344192505 4.874819332705329 3.0634610652923584 5.754362106323242
5.016246318817139 5.612548676071313 2.0668981075286865 2.200072765350342
4.280674457550049 6.777344763812835 2.4210710525512695 3.255471706390381
2.819831371307373 4.689539045063839 2.7517194747924805 4.434737682342529
2.9818789958953857 5.2201672935063925 2.918452501296997 5.217893123626709
5.837103843688965 6.77204927088998 2.1756396293640137 2.305231809616089
4.739449501037598 7.223597860028967 2.6061573028564453 3.5556788444519043
3.7361931800842285 6.787870684705922 3.0185656547546387 5.0369486808776855
3.2889392375946045 5.763395549669667 3.2282803058624268 6.042926788330078
6.909374713897705 8.189741862347073 2.343585729598999 2.4747934341430664
5.647560119628906 8.462064635306113 2.8780853748321533 4.008112907409668
4.4329447746276855 6.7479289863128145 3.404301643371582 5.91948938369751
3.395928144454956 7.008549133703127 3.6729884147644043 7.229462623596191
3.455768346786499 3.792234201772601 2.1363797187805176 2.442002773284912
3.908233880996704 6.484050536413633 3.2829627990722656 4.802950382232666
2.9654972553253174 5.062556936544411 3.1964516639709473 5.330600738525391
2.0404059886932373 3.6842151453697625 3.2935047149658203 6.044301986694336
4.7552361488342285 5.089909539938194 2.272181510925293 2.60078763961792
4.7312517166137695 7.294156720510273 3.5449042320251465 5.302060604095459
3.684583902359009 6.172611721318248 3.53529953956604 6.117218494415283
3.556431293487549 5.4800930714011855 3.68270206451416 7.108526229858398
5.265585899353027 5.87705024991908 2.4766016006469727 2.841899871826172
5.211709976196289 7.843514321940631 3.8882851600646973 5.935312747955322
4.72251033782959 7.648936092229974 4.027474880218506 7.284820079803467
4.930591583251953 7.867681413361105 4.242359161376953 8.652944564819336
3.8159828186035156 4.526754049500042 1.6006791591644287 1.647577166557312
3.4544215202331543 6.221596877954653 1.8599920272827148 2.4226231575012207
3.5851023197174072 6.286783509960969 2.1035425662994385 3.2714762687683105
2.7936878204345703 5.295484115980279 2.2387900352478027 3.8416378498077393
4.364586353302002 5.341189073657773 1.6710759401321411 1.725710391998291
3.6270482540130615 5.972618558703491 1.9648261070251465 2.5982396602630615
3.3012442588806152 6.210493471598596 2.2422943115234375 3.58268404006958
2.738185167312622 5.455708003806478 2.3945705890655518 4.247091770172119
5.018093109130859 6.288068864027579 1.7691359519958496 1.8321267366409302
4.712123394012451 7.948952172676854 2.110003709793091 2.839353084564209
3.5850980281829834 6.6690812038452805 2.434302568435669 4.009462356567383
2.9619083404541016 5.652731895308577 2.609605550765991 4.802451133728027
4.526761531829834 5.404623676937394 2.0171926021575928 2.0642919540405273
4.246118545532227 6.6915747554915015 2.3250887393951416 3.0801212787628174
2.392803907394409 3.847793633585411 2.567274332046509 4.139182090759277
2.3792855739593506 4.628989939347491 2.681222438812256 4.822762489318848
5.033283710479736 6.153221146205075 2.1107358932495117 2.1746134757995605
3.142101764678955 5.772019887177009 2.484469413757324 3.3729193210601807
3.9157330989837646 7.594528748686386 2.7873117923736572 4.671932697296143
3.4612624645233154 5.132835819076263 2.928708553314209 5.5125837326049805
5.904383659362793 7.5101372567165186 2.244173288345337 2.3261542320251465
4.074230194091797 7.235698063841539 2.709587574005127 3.7815728187561035
4.092166900634766 7.609912591858205 3.0967283248901367 5.417004585266113
4.08420991897583 7.589877353459258 3.276326894760132 6.47574520111084
4.576762676239014 5.502879910643742 2.6665725708007812 2.675760507583618
3.9670093059539795 6.307105814818669 2.960204601287842 3.980140209197998
2.53879451751709 4.829730136263038 3.1034882068634033 5.156745433807373
2.424743413925171 4.626975791027917 3.1490840911865234 5.877894878387451
5.4761061668396 6.642412174631062 2.7738122940063477 2.8228259086608887
4.690768241882324 7.550477119923016 3.177274465560913 4.430757522583008
3.333203077316284 6.493387724550303 3.413536787033081 5.955834865570068
3.111508369445801 5.957725146772288 3.4948267936706543 6.8935370445251465
6.459819316864014 8.20483148999989 2.9354748725891113 3.0235202312469482
4.376861095428467 6.011134104644711 3.493004083633423 5.0604400634765625
4.791970729827881 7.560392686535806 3.853635787963867 7.085696220397949
3.2699320316314697 6.304317279774722 3.983208179473877 8.323371887207031
3.653538465499878 4.201257816312136 2.8742640018463135 3.0560410022735596
3.5726115703582764 6.153143218163468 3.7484469413757324 5.225965976715088
1.7740617990493774 3.6835020154273934 3.6403286457061768 6.193193435668945
1.2142746448516846 2.437916226292373 3.569589853286743 6.84006929397583
4.328226089477539 5.005913523669278 2.857405185699463 3.1942498683929443
3.9163804054260254 5.675117879069461 4.033069610595703 5.822296619415283
3.720005750656128 5.627393347135097 4.034029483795166 7.261171817779541
3.4437811374664307 5.833214133299153 4.0044965744018555 8.162200927734375
4.6451215744018555 5.192740403961125 3.0901272296905518 3.485417127609253
4.689481258392334 7.578563817983522 4.447071552276611 6.710442066192627
3.6533868312835693 6.5668056911803205 4.598507881164551 8.776426315307617
3.868403196334839 6.5704419668068255 4.619057655334473 10.026394844055176
3.7863974571228027 4.2654022034967785 1.7460981607437134 1.7932720184326172
3.2648773193359375 5.2815054425244625 2.0424692630767822 2.6694300174713135
3.0119383335113525 4.150446156488897 2.3095409870147705 3.5887324810028076
2.0855915546417236 3.85795152210585 2.451544761657715 4.1971259117126465
4.249053478240967 5.121298163691563 1.8189138174057007 1.8734996318817139
4.000468730926514 6.032463274451175 2.1569879055023193 2.8595829010009766
3.2620270252227783 5.224278664913644 2.465496063232422 3.919327735900879
3.1277852058410645 6.078157629990045 2.6306586265563965 4.6302714347839355
5.005753517150879 6.20800808356714 1.9199728965759277 1.984602689743042
3.6290528774261475 6.447291722129954 2.312495470046997 3.1191248893737793
3.559134006500244 5.216342686352618 2.673916816711426 4.3689656257629395
3.6806721687316895 6.096216677817283 2.868298053741455 5.216653347015381
4.545637130737305 5.173673474373572 2.23710036277771 2.2910618782043457
3.9903275966644287 6.435349352217543 2.6187236309051514 3.48966121673584
3.194192886352539 5.525013714142688 2.9157683849334717 4.710199356079102
2.6441946029663086 5.263955741994664 3.0483622550964355 5.488293170928955
5.185769081115723 6.126585631816525 2.3313605785369873 2.3965582847595215
3.680053234100342 5.760976201675504 2.796644926071167 3.8080039024353027
3.4454216957092285 6.882728539271252 3.169370412826538 5.2883124351501465
2.931999921798706 4.697722685002589 3.3405747413635254 6.246051788330078
6.105175971984863 7.433335257875534 2.4677200317382812 2.549805164337158
4.925022125244141 7.983988058095843 3.040980100631714 4.248353958129883
4.211182594299316 7.492344577969263 3.5095338821411133 6.083732604980469
3.813872814178467 5.955838165625607 3.728985548019409 7.283539295196533
4.87175989151001 5.588549713552796 2.7741336822509766 2.887319564819336
3.9991567134857178 6.085156341492251 3.2947351932525635 4.524258136749268
3.0132198333740234 5.022258020006575 3.584043502807617 6.009826183319092
2.616274118423462 4.80673468422151 3.6733832359313965 6.902737140655518
5.736429691314697 6.726183356516458 2.902377128601074 3.0361781120300293
3.8633999824523926 5.429859732431964 3.5522165298461914 5.021064758300781
3.9900643825531006 6.100810264287361 3.949333906173706 6.893440246582031
2.9358291625976562 5.237724339636721 4.090436935424805 8.038413047790527
6.751835346221924 8.182635728968876 3.08901047706604 3.251509428024292
4.738262176513672 7.16027354946732 3.9086430072784424 5.704750061035156
4.03568172454834 6.065930118666287 4.443019866943359 8.108083724975586
3.038984537124634 6.540211568336554 4.646894454956055 9.597356796264648
3.852417230606079 4.336871987792392 3.0461978912353516 3.3661839962005615
3.7350738048553467 5.493658622242947 3.884000778198242 5.535449028015137
3.366680383682251 6.1105331925937465 4.18397331237793 7.239239692687988
2.4179575443267822 4.618683617732131 4.213399410247803 8.1664400100708
4.781862258911133 4.999633528680079 3.2299656867980957 3.591925859451294
3.7068002223968506 6.1461844318168914 4.232743740081787 6.255533218383789
3.375471591949463 5.865295113438151 4.652220249176025 8.424243927001953
2.2845284938812256 4.397687361756425 4.740838050842285 9.651549339294434
4.902050971984863 5.303977584740437 3.4847333431243896 3.910640001296997
5.307252883911133 8.349871731334574 4.71249532699585 7.2420973777771
4.1598076820373535 6.502980604486684 5.290096759796143 10.048789978027344
2.829279661178589 4.793134461992153 5.448390960693359 11.691174507141113
3.721074342727661 4.323966880399553 1.646621823310852 1.7028834819793701
3.5706279277801514 6.093521011806615 1.9253606796264648 2.517179489135742
2.988056182861328 5.192130048858871 2.185049533843994 3.420328140258789
2.4847640991210938 4.510951456355219 2.321729898452759 4.02960205078125
4.330254554748535 5.290394325926172 1.725311279296875 1.7827867269515991
3.9709672927856445 6.204266749862654 2.041775703430176 2.6998672485351562
2.510887384414673 4.955134084861015 2.3389832973480225 3.7391910552978516
2.3458924293518066 4.706230401751782 2.4940385818481445 4.444995403289795
4.983343601226807 6.275935632862229 1.8375636339187622 1.898323893547058
4.422715663909912 7.216965985744764 2.2044639587402344 2.950735569000244
4.153225421905518 6.9440212548341265 2.5510008335113525 4.1676249504089355
3.019282579421997 4.976806759439114 2.728774070739746 5.001884460449219
4.434329986572266 5.248139186948038 2.0951881408691406 2.185689687728882
3.7719340324401855 6.664555642097319 2.442244529724121 3.287583827972412
2.5713768005371094 3.874487235379462 2.716628313064575 4.458349227905273
2.725135326385498 5.4591701060091395 2.8323912620544434 5.206806659698486
5.115061283111572 6.215557888174246 2.2024991512298584 2.2937405109405518
3.987455368041992 6.657900426242804 2.623382329940796 3.5977859497070312
3.906873941421509 6.187128713399488 2.962468385696411 5.016170501708984
3.4086551666259766 5.565892131722961 3.1060352325439453 5.9273905754089355
5.898998737335205 7.352982440187816 2.3630919456481934 2.459486246109009
5.2923994064331055 7.873358757490777 2.883786678314209 4.035427093505859
3.039799690246582 5.464806905312514 3.3084568977355957 5.7833147048950195
3.873128652572632 6.413920238390801 3.4873383045196533 6.916117191314697
4.647261142730713 5.557542331843024 2.699812650680542 2.8396823406219482
3.125195264816284 5.5119496719390995 3.09860897064209 4.301977157592773
3.005791187286377 5.457523177041367 3.319521903991699 5.685896873474121
2.31758975982666 4.448540620721305 3.3716933727264404 6.502779483795166
5.461467742919922 6.673583491250611 2.8356075286865234 2.988304853439331
3.916935682296753 5.073842694960309 3.3543219566345215 4.792937755584717
3.59645676612854 5.611774290678412 3.6675140857696533 6.543506622314453
2.408053398132324 4.155203422852651 3.7523367404937744 7.574582099914551
6.40826940536499 7.938637843587685 3.0473756790161133 3.221799850463867
5.715399742126465 7.6761391002043915 3.730247974395752 5.495486736297607
4.043219089508057 6.805532293290197 4.162967205047607 7.7302374839782715
3.7132153511047363 5.912095891839442 4.290038585662842 9.055669784545898
3.8004496097564697 4.3508168800366 2.918654203414917 3.255110502243042
3.0395560264587402 4.523072680944779 3.7768795490264893 5.37260627746582
2.9056403636932373 4.611743763040295 3.8869879245758057 6.871618747711182
2.4017555713653564 3.984975361379348 3.846903085708618 7.674729824066162
4.887192726135254 5.105691476463505 3.1191511154174805 3.49257755279541
3.8692986965179443 6.190180492355694 4.117811679840088 6.0790181159973145
3.6524412631988525 6.416970555288877 4.330718040466309 8.03582763671875
3.184258460998535 6.413992642256375 4.322434902191162 9.07927131652832
5.590612888336182 5.748442152185376 3.414449691772461 3.8536622524261475
5.059919357299805 8.248398738974437 4.615459442138672 7.106462478637695
3.9723398685455322 6.71132299506678 4.964707374572754 9.649441719055176
3.7287073135375977 6.354047798477723 4.997303009033203 11.012510299682617
4.1301398277282715 4.941925079668522 1.4694944620132446 1.52386474609375
4.1428656578063965 6.90003225732589 1.7504664659500122 2.319793224334717
3.1233084201812744 5.574855224058933 2.010014772415161 3.1621434688568115
2.5767462253570557 4.949913542705872 2.155731201171875 3.737450122833252
4.653646945953369 5.656321346278694 1.534489393234253 1.5936269760131836
4.292346954345703 7.1801816472123505 1.8433592319488525 2.466230869293213
3.268343210220337 5.892328409375864 2.1345012187957764 3.4150543212890625
2.4421417713165283 4.451475836299323 2.2982072830200195 4.068288803100586
5.246015548706055 6.472640741960731 1.6285535097122192 1.6940141916275024
4.750731468200684 7.872080122571674 1.9756118059158325 2.6747941970825195
2.9628212451934814 4.588261980704544 2.308460235595703 3.7706215381622314
3.594491958618164 6.119270269650059 2.4953510761260986 4.5300612449646
4.877241611480713 5.842178895499018 1.7072136402130127 1.765500545501709
3.865779399871826 6.523198721235644 2.0471584796905518 2.7515013217926025
3.595407247543335 6.517027866393619 2.3493764400482178 3.7988836765289307
2.4652178287506104 3.8871895597847286 2.506073474884033 4.506733417510986
5.521254062652588 6.640742117187699 1.7975491285324097 1.8639010190963745
4.313605308532715 6.508021642051091 2.1855411529541016 2.9815359115600586
3.811129570007324 6.8753249720121055 2.5417537689208984 4.214748382568359
2.749758720397949 5.276055910751197 2.727952003479004 5.055636882781982
6.324190139770508 7.867138043266607 1.933428168296814 2.0109028816223145
6.054782867431641 9.561639571725348 2.388702630996704 3.3190040588378906
4.789614200592041 8.742063585677215 2.818326234817505 4.816167831420898
4.4558234214782715 6.535846255710368 3.043764114379883 5.843715667724609
5.120080471038818 6.175184513262597 2.0833065509796143 2.1425960063934326
4.260312080383301 6.491025261106699 2.446742296218872 3.313927173614502
3.714940071105957 7.125987576882153 2.735616683959961 4.513090133666992
2.9556527137756348 4.977903146103902 2.8691720962524414 5.304827690124512
5.905018329620361 7.094937334419534 2.1951801776885986 2.2620840072631836
5.15482759475708 8.61658336367812 2.631887435913086 3.6406967639923096
3.9156923294067383 7.51752985195085 2.9987592697143555 5.112459659576416
3.0761308670043945 5.200310922331269 3.172333240509033 6.088576316833496
6.936705589294434 8.65294355144053 2.367023229598999 2.4490883350372314
5.191603183746338 8.268251531187126 2.9090120792388916 4.128222465515137
5.162919521331787 6.927346165832819 3.384214401245117 5.991434574127197
3.449037551879883 5.6906324418755645 3.611687660217285 7.232670783996582
4.313018798828125 4.585767797596127 2.2102997303009033 2.5605287551879883
3.6378092765808105 5.759217125420484 3.1667702198028564 4.4587788581848145
3.2627949714660645 6.163285777404553 3.1511483192443848 5.278667449951172
2.9986042976379395 4.974539996232409 3.203984260559082 6.039870738983154
3.680011034011841 4.321303000205262 2.3546154499053955 2.722172260284424
3.7509613037109375 5.848248189612242 3.437239646911621 4.93987512588501
3.703148126602173 5.900236355638157 3.485388994216919 6.070937156677246
3.0461130142211914 4.689214167626233 3.5800583362579346 7.03981876373291
5.938647747039795 6.805022906933431 2.572474956512451 2.9756131172180176
4.712160587310791 7.862082170389854 3.808093309402466 5.637944221496582
4.3503570556640625 6.781141706883737 3.97590708732605 7.234029293060303
3.5337412357330322 6.809981505773976 4.128990650177002 8.507893562316895
3.655491828918457 4.2710550972759505 1.4510061740875244 1.5000567436218262
3.4706647396087646 6.071238600972379 1.6752467155456543 2.189763069152832
2.0268657207489014 3.3456628683672847 1.885880708694458 2.9602534770965576
2.8994216918945312 5.855425609523763 2.0124895572662354 3.500666379928589
4.080729961395264 5.1308963036435955 1.5134408473968506 1.5676684379577637
2.881887674331665 4.889578945365615 1.7629908323287964 2.337928295135498
3.0540101528167725 6.328034168411975 1.9980088472366333 3.2133636474609375
2.473263740539551 3.9719782614236223 2.13696551322937 3.826023578643799
4.775664806365967 6.121545377181246 1.6032218933105469 1.6635968685150146
4.344575881958008 6.827851425554712 1.8862273693084717 2.541633129119873
2.8635199069976807 6.492155069619457 2.1528069972991943 3.560041904449463
2.4354827404022217 3.6439186777573696 2.307508707046509 4.270959377288818
4.360472679138184 5.117503203935371 1.6905052661895752 1.7475250959396362
3.3474032878875732 5.838461560345804 1.929970145225525 2.562830924987793
2.6712234020233154 5.664141349913109 2.140848398208618 3.471006393432617
2.4004058837890625 4.82095350570914 2.2637157440185547 4.107386589050293
4.933282375335693 6.079279045510702 1.7744837999343872 1.840937614440918
4.519687175750732 8.002503456367094 2.05757999420166 2.7890987396240234
2.928093433380127 5.315664736329438 2.3083982467651367 3.8673250675201416
3.2053682804107666 6.316474874353162 2.450408458709717 4.617119789123535
5.806325435638428 7.325007733272316 1.9006850719451904 1.978481650352478
4.785207271575928 7.939586411791183 2.2421815395355225 3.1110002994537354
4.279458522796631 7.568942177984127 2.546419620513916 4.428441047668457
3.505070924758911 6.464162137763495 2.7135653495788574 5.336946964263916
4.598336219787598 5.4758715679204215 2.0715036392211914 2.142064094543457
3.960998773574829 7.181513050602462 2.2442991733551025 3.023479461669922
2.873401641845703 5.980277498986311 2.397141695022583 3.993675947189331
2.3349697589874268 4.455140337195598 2.492629289627075 4.676632404327393
5.416290760040283 6.657250433534614 2.1729788780212402 2.256920337677002
4.37549352645874 7.13198415224095 2.4111506938934326 3.335073947906494
3.740436553955078 6.2892671607084765 2.6184520721435547 4.539544105529785
3.0573976039886475 6.676608604296973 2.7384514808654785 5.372107028961182
6.408219337463379 8.150732509348018 2.328004837036133 2.4284286499023438
5.348740577697754 9.052822382398517 2.657167673110962 3.7870898246765137
4.331935882568359 7.734536327321358 2.9391963481903076 5.329516887664795
3.35099720954895 6.867932423219022 3.092833995819092 6.377521514892578
3.1137356758117676 3.3221410912085787 2.199659824371338 2.5027248859405518
4.1412529945373535 7.099838856483046 2.6733808517456055 3.6818127632141113
2.9878530502319336 5.554240855921307 2.6311590671539307 4.483037948608398
3.339827537536621 6.3173921210686785 2.676659345626831 5.1418914794921875
3.7936205863952637 3.989158571544909 2.330838203430176 2.66618275642395
4.811392307281494 7.999935672025572 2.8895022869110107 4.13486385345459
3.1968839168548584 6.114540613169423 2.900434970855713 5.170355319976807
3.1599950790405273 6.95504277760989 2.970082998275757 5.994058609008789
4.801755428314209 5.229332333663251 2.5298125743865967 2.9111764430999756
4.84423828125 9.049966449468524 3.2095813751220703 4.778295516967773
4.097710132598877 7.471025635490136 3.2933151721954346 6.171750068664551
4.017605304718018 7.681050946877235 3.3994626998901367 7.2441487312316895
4.272307872772217 4.787347575488965 1.5891883373260498 1.6402716636657715
3.580991268157959 5.9188940008261 1.8461499214172363 2.367905378341675
1.8666211366653442 3.2908830305639185 2.0797460079193115 3.133892059326172
2.124453067779541 3.1530738024164933 2.2035536766052246 3.634312868118286
4.450850009918213 5.263522505767469 1.6544300317764282 1.7105703353881836
4.357718467712402 6.269519136089684 1.9403657913208008 2.522489309310913
3.1546671390533447 5.9834360771793484 2.207979440689087 3.400695562362671
3.0208568572998047 5.17846491664082 2.351748466491699 3.984049081802368
4.890415668487549 6.076507500017215 1.745920181274414 1.807820200920105
3.3375933170318604 4.764996878152033 2.072532892227173 2.733386516571045
4.212984085083008 6.595848405468956 2.3858063220977783 3.7636921405792236
3.225187301635742 5.5523211119027565 2.5549919605255127 4.458739280700684
4.960628032684326 5.666540161253124 1.956788182258606 2.0245957374572754
4.233941078186035 5.944478657993045 2.2699203491210938 2.9435770511627197
2.9979546070098877 5.462655677313052 2.525242567062378 3.9054548740386963
2.529200553894043 4.091776098038281 2.6379904747009277 4.512020587921143
5.4352264404296875 6.48425518521379 2.042935609817505 2.116786241531372
4.06459903717041 5.937554167344121 2.410736322402954 3.191220998764038
3.726184606552124 6.589887177907677 2.727034330368042 4.354250907897949
3.8550901412963867 6.418501777828936 2.873753547668457 5.1005635261535645
5.996954917907715 7.540117824453276 2.1664352416992188 2.249659299850464
5.302104949951172 8.683996151244045 2.612426519393921 3.537748336791992
4.170633792877197 6.394557551639991 3.013030767440796 4.98073673248291
3.8415637016296387 7.15465584553246 3.204655170440674 5.923489570617676
5.300656795501709 6.071025722375907 2.4616713523864746 2.5681097507476807
4.647110939025879 7.192210934380234 2.813347816467285 3.6957929134368896
3.8520121574401855 6.537298890069906 3.040227174758911 4.811793804168701
2.6398918628692627 4.854217210178945 3.1046628952026367 5.472411632537842
5.989672660827637 7.068427078504328 2.563739061355591 2.6797034740448
4.1768059730529785 6.449579187059726 3.0087015628814697 4.065576076507568
3.2355966567993164 5.139626556276312 3.3242831230163574 5.481849670410156
3.1067075729370117 6.148562690742324 3.4343793392181396 6.335563659667969
6.731659889221191 8.260476724639375 2.7174489498138428 2.849121332168579
5.482916831970215 9.02578049042586 3.2929275035858154 4.592535972595215
5.141165733337402 8.51911876182271 3.731825828552246 6.429339408874512
3.5710766315460205 5.71000901254169 3.9041216373443604 7.5606279373168945
4.428343772888184 4.709937688435588 2.5775303840637207 2.8308353424072266
3.1883983612060547 5.120246898461119 3.537332057952881 4.816822052001953
3.09063720703125 5.56568300421192 3.5745339393615723 5.780695915222168
2.8165769577026367 4.1044919354559966 3.534492254257202 6.376387119293213
5.292150497436523 5.606425570288078 2.725663900375366 3.001194953918457
3.398123264312744 5.7040884803064955 3.794682741165161 5.331342697143555
3.8762338161468506 5.710778364902694 3.9364986419677734 6.677984714508057
3.109870195388794 6.208169177478645 3.949749708175659 7.5016045570373535
5.592926025390625 5.7286351346533175 2.9361398220062256 3.2456164360046387
4.916229724884033 7.637999310564595 4.172999858856201 6.0854926109313965
4.71612024307251 6.521141013385986 4.459903717041016 7.959017276763916
4.155577659606934 6.741707756568303 4.545291423797607 9.108983993530273
3.7617335319519043 4.2083770159078995 1.5557304620742798 1.5946537256240845
3.364683151245117 5.51983631485291 1.7847237586975098 2.2808470726013184
2.3500187397003174 4.434957443080723 2.0186262130737305 3.0860989093780518
1.9265769720077515 2.8957196669937844 2.1508007049560547 3.6298887729644775
4.301891803741455 4.937472161025919 1.6286509037017822 1.67153000831604
3.4935269355773926 5.891145208862326 1.8894519805908203 2.437937021255493
3.2449791431427 5.377050547667295 2.1564226150512695 3.3546366691589355
2.9757566452026367 5.743682648570939 2.3059685230255127 3.982945203781128
5.08898401260376 6.174510268502923 1.7324087619781494 1.7810163497924805
3.7280054092407227 5.326457588570577 2.034924030303955 2.6598687171936035
4.194706439971924 6.6908091861409495 2.345268487930298 3.7303216457366943
2.225801706314087 4.929098299192564 2.5166008472442627 4.473165512084961
4.67523193359375 5.219618742601099 1.8205825090408325 1.8651689291000366
3.605820417404175 5.917360255331914 2.0926146507263184 2.727257490158081
2.7246949672698975 4.8369977767324315 2.3533096313476562 3.738748073577881
2.496906280517578 4.908175816174176 2.489647150039673 4.405983924865723
5.284653663635254 6.084883362766878 1.9216753244400024 1.9712897539138794
4.2930097579956055 7.239779944179418 2.248185396194458 2.97291898727417
3.882098436355591 6.49797063377963 2.564023494720459 4.17569637298584
3.1357104778289795 4.546480774728025 2.727632999420166 4.983158111572266
6.174276351928711 7.3453923703723945 2.0707335472106934 2.1292872428894043
5.0454792976379395 7.16431348094261 2.4718856811523438 3.330737590789795
3.4250566959381104 6.296348718827062 2.8630738258361816 4.804969787597656
3.977522373199463 6.945033090143028 3.0623586177825928 5.8086628913879395
4.911524772644043 5.510014534392383 2.184145212173462 2.258544683456421
3.9100825786590576 5.747121440107321 2.447894811630249 3.245314836502075
2.790402889251709 4.626325411177305 2.685579776763916 4.401651859283447
2.024096965789795 3.006804469036971 2.8059942722320557 5.153640270233154
5.82174825668335 6.682254818734123 2.306746244430542 2.380190134048462
4.895688533782959 7.703090760513305 2.6525237560272217 3.5831596851348877
2.6842901706695557 4.9353565965324595 2.968428611755371 5.017147064208984
3.382432222366333 5.055624731529292 3.126258134841919 5.965320110321045
6.984762191772461 8.259320610366672 2.494549512863159 2.5758395195007324
5.541865825653076 8.470603961250845 2.955287456512451 4.088456153869629
4.045309543609619 5.943479383060321 3.381260633468628 5.924422740936279
2.9901535511016846 5.375073238122603 3.588515281677246 7.152307510375977
3.920503616333008 4.147984753814853 2.372117042541504 2.6192586421966553
3.3090901374816895 5.073548717995436 2.9849066734313965 4.213146209716797
2.4153220653533936 3.99649804135926 2.990795612335205 5.011663913726807
2.2937796115875244 3.5616612768258165 3.063920497894287 5.771854877471924
4.152693748474121 4.5360008176189694 2.527031183242798 2.8054592609405518
3.971008539199829 6.154737317659169 3.248831033706665 4.644883632659912
3.7165112495422363 5.592869136942298 3.3332033157348633 5.78699254989624
3.0517280101776123 5.3159185575795505 3.4518582820892334 6.786877155303955
4.154615879058838 4.621339142905072 2.756220579147339 3.0809526443481445
4.841678142547607 7.638635905961564 3.6281661987304688 5.2903971672058105
3.623192071914673 6.495916482433556 3.8426971435546875 6.947265625
3.0329387187957764 5.767656307649304 4.022629261016846 8.293731689453125
4.163459777832031 4.612438619148179 1.5275954008102417 1.5670225620269775
3.202113389968872 5.172971390351449 1.7365859746932983 2.2033393383026123
2.4622180461883545 4.433376873651241 1.9555232524871826 2.958777904510498
2.823828935623169 4.716368770941926 2.085200071334839 3.4606359004974365
4.4670233726501465 5.133976393222611 1.5942641496658325 1.6374469995498657
4.649790287017822 6.7075080446226245 1.8310964107513428 2.350815773010254
3.1244513988494873 5.933898580126282 2.080693244934082 3.207399606704712
2.79290771484375 4.323145185870146 2.226686954498291 3.7791013717651367
5.017917633056641 6.080174530676835 1.6899107694625854 1.7391875982284546
4.135979175567627 6.5361175524693635 1.9638203382492065 2.5594935417175293
3.8676934242248535 5.6058926717241775 2.2534656524658203 3.556443214416504
3.8538076877593994 7.030462275466074 2.4198246002197266 4.223898887634277
5.053464412689209 5.590581519906834 1.8352688550949097 1.888519048690796
4.184872150421143 6.171885236888815 2.074810028076172 2.6681740283966064
2.0276076793670654 2.9814211728471776 2.3000807762145996 3.5798299312591553
3.0625438690185547 4.035137802332429 2.4216625690460205 4.175785064697266
5.407907009124756 6.290047038297757 1.925589680671692 1.9831693172454834
4.453920364379883 6.259275704159222 2.2170867919921875 2.902916431427002
3.4076972007751465 5.7617183295944585 2.495225191116333 3.9926512241363525
3.183607816696167 4.7185012574966265 2.6415107250213623 4.7024946212768555
5.950052261352539 7.086369273980608 2.0617058277130127 2.1285712718963623
5.162336826324463 7.622417782887396 2.423855781555176 3.2467546463012695
3.627133846282959 6.315656796143408 2.77225923538208 4.5895280838012695
3.3762621879577637 6.729723208238852 2.9504549503326416 5.460829257965088
5.405888557434082 6.052953703063849 2.278602361679077 2.381493091583252
3.798720121383667 5.752747210250277 2.5016629695892334 3.2681827545166016
3.9508564472198486 5.285279689452523 2.6732640266418457 4.262985706329346
3.069861650466919 4.5389249224245525 2.7569808959960938 4.903039932250977
6.116273403167725 7.089873552245706 2.394395351409912 2.500161647796631
4.823509216308594 6.863182544016553 2.6963324546813965 3.608883857727051
3.813279628753662 7.0656074032852985 2.9427497386932373 4.864836692810059
3.1726129055023193 4.704659441462049 3.057802438735962 5.658071517944336
6.763345718383789 7.955962774215777 2.5702250003814697 2.6876893043518066
5.223079681396484 7.2610698788032 2.986104965209961 4.120830535888672
4.5753703117370605 7.479969821633205 3.334320068359375 5.753818511962891
3.850578784942627 6.814886809926396 3.489473342895508 6.767899513244629
4.09332275390625 4.556477601246115 2.327887535095215 2.6074512004852295
4.14245080947876 6.432482517853714 3.0707244873046875 4.16815185546875
3.4566597938537598 5.476446095354447 3.036749839782715 4.942421913146973
2.8902173042297363 5.009822914811636 3.0469839572906494 5.541414260864258
4.408888816833496 4.810346388472226 2.469782829284668 2.7698163986206055
4.247364521026611 6.469708199509228 3.350839138031006 4.682218551635742
3.3724570274353027 5.935979891029547 3.3759093284606934 5.737552642822266
2.963557481765747 5.216918986782957 3.418184757232666 6.505024433135986
5.455775737762451 5.697073496222728 2.6852097511291504 3.0222721099853516
4.956806659698486 7.1521118405341895 3.7433786392211914 5.430480003356934
3.3981478214263916 4.157367290170953 3.8745925426483154 6.919560432434082
3.865203857421875 6.068787860695579 3.958181619644165 7.938835144042969
3.896761417388916 4.8850989800541385 1.5492405891418457 1.6207034587860107
3.4695582389831543 6.666104043423616 1.878877878189087 2.5552978515625
2.9536197185516357 4.847488401690569 2.1567723751068115 3.48572039604187
2.059467315673828 3.815126326588768 2.2948853969573975 4.078033924102783
4.4619951248168945 5.5879127184848585 1.6314327716827393 1.709355354309082
3.064499616622925 6.432880147733161 1.9962238073349 2.7519824504852295
3.2327516078948975 5.283835624397938 2.3081908226013184 3.811418294906616
3.071164608001709 5.926095035273363 2.4632656574249268 4.488173007965088
5.182032585144043 6.571273317629789 1.753705382347107 1.8400177955627441
4.36049747467041 7.6135819364125155 2.1686689853668213 3.033177614212036
2.791123390197754 4.922188226055042 2.526472568511963 4.270954608917236
3.463988780975342 4.610648390048709 2.701798677444458 5.064035892486572
5.051734924316406 6.134777929440077 1.7634825706481934 1.8483737707138062
4.233212471008301 7.340310094381124 2.166538953781128 3.0239665508270264
2.520782232284546 5.540234619001467 2.5136771202087402 4.228464603424072
2.0770087242126465 4.0202024614170995 2.6706724166870117 4.974153518676758
5.6670966148376465 6.891634335924863 1.8806599378585815 1.975569486618042
4.197732448577881 7.747038618810148 2.3415584564208984 3.328683853149414
3.0537006855010986 5.776105696352186 2.7455406188964844 4.754971981048584
2.6113669872283936 4.180736233913052 2.92999267578125 5.645427703857422
6.464355945587158 8.17376752162067 2.062697410583496 2.171340227127075
5.706692695617676 8.939165355487148 2.609673261642456 3.784966468811035
3.9176056385040283 7.272184621841966 3.0918173789978027 5.526291847229004
2.6614904403686523 3.486982829805328 3.309903621673584 6.620255470275879
5.461157321929932 6.621341079746701 2.0035252571105957 2.097646713256836
4.371431350708008 7.503012522097947 2.4497902393341064 3.517042636871338
2.9579946994781494 5.996426380865842 2.8537580966949463 4.971583843231201
2.195488452911377 4.123399103938425 3.018601655960083 5.838467121124268
6.338252067565918 7.661605824221344 2.1495563983917236 2.259709596633911
5.0003662109375 8.62760511871602 2.6772232055664062 3.9272613525390625
2.817673921585083 5.245216134428347 3.1629490852355957 5.702775001525879
2.646811008453369 5.30467910768175 3.3665425777435303 6.7765374183654785
7.264309883117676 9.1403875693087 2.3859736919403076 2.517285108566284
5.678679943084717 9.151229532679361 3.038677930831909 4.566405296325684
4.361896991729736 7.217674454841509 3.6372623443603516 6.80302095413208
4.326782703399658 6.922027618381351 3.888284206390381 8.16901969909668
3.625016689300537 4.564671414919076 2.332257032394409 2.736124038696289
2.83866024017334 5.166593971512839 2.743058681488037 4.1118245124816895
2.6077206134796143 5.033580412034212 3.14013934135437 5.6310834884643555
2.038595676422119 3.9984855001475808 3.2960052490234375 6.5514140129089355
2.9673590660095215 3.3177696401571666 2.519105911254883 2.9751431941986084
5.003849983215332 8.838456927199601 3.008587598800659 4.619197845458984
3.570631742477417 5.113049116620914 3.512021064758301 6.536581993103027
2.4117798805236816 4.5891877596989366 3.7163007259368896 7.712449073791504
4.602454662322998 5.998939240363882 2.817079782485962 3.346531391143799
6.133691787719727 9.35015436054097 3.445091962814331 5.408665180206299
3.1211540699005127 6.093696358653119 4.0923943519592285 7.918467044830322
2.861327886581421 4.381035329902829 4.355529308319092 9.45784854888916
4.5314154624938965 5.111512115889127 1.436783790588379 1.481674075126648
4.561274528503418 6.9206726781972066 1.675366997718811 2.147340774536133
3.5445189476013184 6.003888931978949 1.9232581853866577 2.8838326930999756
2.4953806400299072 4.567310136692413 2.073098659515381 3.3975093364715576
4.912023067474365 5.7175216189271145 1.4967002868652344 1.545859694480896
4.654750347137451 7.344678926262077 1.7601784467697144 2.287770986557007
3.944188117980957 6.196127902150749 2.0382778644561768 3.1311123371124268
2.948045253753662 5.470504875374672 2.2065207958221436 3.725771188735962
5.392735004425049 6.5134421671379386 1.5836150646209717 1.6380817890167236
4.512946605682373 7.092204238619786 1.8815937042236328 2.4840598106384277
4.31226110458374 6.528487344912378 2.2011053562164307 3.476580858230591
3.5543155670166016 6.021177197422389 2.3936123847961426 4.185063362121582
5.667970657348633 6.419475239799681 1.6846513748168945 1.7374385595321655
4.807879447937012 7.340390518568256 1.9566878080368042 2.5430715084075928
2.842654228210449 4.77275011136301 2.219496965408325 3.4270360469818115
3.4939167499542236 6.198898351745413 2.369676351547241 4.040592670440674
5.940646648406982 6.943626700794816 1.766471266746521 1.8276580572128296
5.079550266265869 7.928118075465598 2.0824387073516846 2.759769916534424
3.7705254554748535 6.61224081584696 2.3958685398101807 3.82071590423584
3.822833776473999 7.156161947432338 2.5742247104644775 4.563278675079346
6.613730430603027 7.872510217916201 1.8918129205703735 1.9627652168273926
5.434199810028076 8.335693654767056 2.2707924842834473 3.076687812805176
3.9687952995300293 6.908512154626351 2.656268835067749 4.396839618682861
3.6383605003356934 6.935830083716212 2.87363600730896 5.330626010894775
5.7778706550598145 6.644645375485773 2.11910343170166 2.1596357822418213
4.762118816375732 6.568546780705674 2.3501412868499756 3.088879108428955
3.8695201873779297 6.486613122436182 2.5493507385253906 4.036455154418945
2.5298235416412354 5.124835531869508 2.6632046699523926 4.689180850982666
6.6339216232299805 7.747338441010179 2.215019464492798 2.2738707065582275
4.864964962005615 7.050384374483599 2.515122413635254 3.392603635787964
4.281086444854736 6.087937649374375 2.788106679916382 4.592746257781982
2.4823906421661377 4.403948637290341 2.9381678104400635 5.4189372062683105
7.580127716064453 9.057086474885011 2.3695437908172607 2.448763370513916
5.606139659881592 8.34930498885666 2.772434949874878 3.8510122299194336
4.810800552368164 7.8115440498622775 3.1521339416503906 5.43170690536499
2.908020496368408 3.273365209736697 3.354116201400757 6.523163795471191
4.354908466339111 4.804309512759119 2.2943685054779053 2.5024349689483643
3.7484209537506104 6.199481055190034 3.090158462524414 4.078988075256348
3.9611878395080566 6.107763872167197 2.8980767726898193 4.686132907867432
2.037456750869751 3.2382714055495967 2.9226698875427246 5.266572952270508
5.575082302093506 6.332926734890634 2.4166600704193115 2.657130479812622
4.918790340423584 5.918061587175686 3.298328399658203 4.561582565307617
3.2704782485961914 5.313880637764032 3.1929843425750732 5.402796268463135
3.1655757427215576 3.7932938724170526 3.2574379444122314 6.183093070983887
6.424322128295898 7.432892779681424 2.6052072048187256 2.8886923789978027
4.918812274932861 7.236474309271216 3.6363279819488525 5.244144439697266
4.142439365386963 6.964896595478194 3.6519720554351807 6.498982906341553
3.891770839691162 6.892064338822195 3.7744033336639404 7.592074394226074
4.428190231323242 4.826820914571272 1.448090672492981 1.486788272857666
4.103270053863525 5.809236377887146 1.6568756103515625 2.104538679122925
3.451315402984619 6.117943835925075 1.8836681842803955 2.844329595565796
2.4315390586853027 4.2769823723706395 2.019094467163086 3.3504161834716797
4.793015956878662 5.34329773008713 1.5106736421585083 1.5530500411987305
3.9584238529205322 6.373281345351913 1.74183988571167 2.2412071228027344
2.8252601623535156 5.316206486063379 1.9924366474151611 3.082742691040039
2.839359760284424 5.651573752750139 2.140904664993286 3.6624131202697754
5.325747966766357 6.329701869347698 1.6015478372573853 1.648337960243225
5.0764970779418945 7.56077156844119 1.8641058206558228 2.4333126544952393
3.7502083778381348 6.980364746394775 2.147247791290283 3.4118642807006836
3.5533456802368164 6.5915232909862524 2.312377691268921 4.088144302368164
5.515480995178223 6.027149400952567 1.6679691076278687 1.7143322229385376
5.039731025695801 7.113439373973051 1.8948239088058472 2.451920986175537
2.870486259460449 5.016296481494237 2.138441324234009 3.35136079788208
1.7738542556762695 3.3441861429017337 2.285107135772705 3.9654316902160645
6.004699230194092 6.790773095310215 1.755793809890747 1.8086506128311157
4.17095947265625 6.395321808130433 2.0216853618621826 2.6645467281341553
4.2265191078186035 6.5643650214618745 2.3050432205200195 3.7298598289489746
2.85970139503479 5.384491565855057 2.47232985496521 4.461167335510254
6.642600059509277 7.7346726845289595 1.8887619972229004 1.949643850326538
4.807527542114258 7.4824356007111135 2.2105956077575684 2.973437547683716
3.9469122886657715 6.621520291822719 2.549661874771118 4.2723822593688965
3.6685049533843994 6.16344972892864 2.744074821472168 5.164571285247803
5.8640031814575195 6.498961096689754 2.0124778747558594 2.05955171585083
4.925525188446045 6.602284270947507 2.1668829917907715 2.844316244125366
3.971947193145752 6.566957935692017 2.3753767013549805 3.8471810817718506
2.248401403427124 4.803730063337099 2.5228497982025146 4.54237699508667
6.636795520782471 7.549586286226031 2.115267515182495 2.1736433506011963
5.0480523109436035 7.726804307621933 2.3333234786987305 3.13763689994812
4.156949043273926 7.091951057765073 2.5988588333129883 4.372120380401611
3.634535789489746 6.485156433709175 2.773395299911499 5.2248148918151855
7.422536849975586 8.620501996446194 2.282114267349243 2.3545098304748535
6.617620468139648 9.434241996623937 2.589317560195923 3.5757744312286377
4.342881202697754 6.158523101261217 2.9359004497528076 5.143311977386475
3.686211585998535 6.154712742581523 3.1467881202697754 6.221592426300049
3.762202501296997 4.02152196094994 2.1556015014648438 2.506220817565918
4.8365397453308105 7.271077499258358 2.5923657417297363 3.4771642684936523
3.130305528640747 5.684111734476801 2.5730016231536865 4.278092384338379
2.8250181674957275 4.8739659190569 2.7071006298065186 5.009034156799316
4.3608574867248535 4.596880769614749 2.292637825012207 2.67240834236145
4.862894535064697 6.91376922839796 2.789768934249878 3.860992431640625
3.6929919719696045 4.91794451164742 2.844510793685913 4.934898853302002
3.1079633235931396 5.2035420738488725 3.0094285011291504 5.848828315734863
5.521939754486084 5.81460000633372 2.503873109817505 2.9217536449432373
5.09911584854126 7.212519850694434 3.1027333736419678 4.432096481323242
4.260481834411621 6.7183977475728796 3.26180362701416 5.91391134262085
3.732344150543213 6.396524715937318 3.467926263809204 7.098006725311279
4.335420608520508 5.172114698885707 1.5541914701461792 1.6146776676177979
2.7689993381500244 3.7571652765619827 1.827562689781189 2.421489953994751
3.2128212451934814 5.420419134692722 2.060131311416626 3.227599620819092
1.9832367897033691 3.4866214734781984 2.185520648956299 3.759000062942505
4.870124816894531 6.004967817070494 1.6252840757369995 1.6923128366470337
4.669956684112549 6.720690434995959 1.9332553148269653 2.6032238006591797
3.0329806804656982 5.156763988320705 2.1941750049591064 3.5327723026275635
3.3803904056549072 6.090822694463782 2.331976890563965 4.149792194366455
5.358511924743652 6.747068209075859 1.7274731397628784 1.8027009963989258
5.07438325881958 7.696875178111711 2.0805811882019043 2.8559699058532715
3.478327989578247 6.2367738133931425 2.3770625591278076 3.951683282852173
2.7422358989715576 5.69275334212854 2.5300047397613525 4.679474353790283
5.184340476989746 6.168406872997565 1.8956295251846313 1.9747837781906128
4.210546016693115 6.907952222219592 2.203162908554077 2.980254650115967
2.9916529655456543 4.375228226060354 2.4305922985076904 3.96065092086792
2.909973382949829 5.194052500181483 2.5432612895965576 4.6030497550964355
5.7680792808532715 7.0028427952938515 1.9936636686325073 2.084594488143921
4.175786972045898 7.313097714494461 2.3648571968078613 3.2776200771331787
3.432542324066162 5.430394297102453 2.6413660049438477 4.469053745269775
2.368419647216797 3.9103225030626163 2.77230167388916 5.247293949127197
6.402278900146484 8.248398412147004 2.1419875621795654 2.2479097843170166
5.419900417327881 9.221488394548402 2.5977635383605957 3.7000222206115723
3.3530256748199463 6.224038667886589 2.9343369007110596 5.179941654205322
3.356785297393799 5.439642302692391 3.0868465900421143 6.13940954208374
5.459877967834473 6.48184467749752 2.449021816253662 2.573150396347046
3.8939003944396973 5.663131104387318 2.6787729263305664 3.686802864074707
2.7869951725006104 3.9439490045635694 2.8198983669281006 4.745919227600098
1.8885849714279175 3.984051149307822 2.8886332511901855 5.446509838104248
6.230786323547363 7.472985790469465 2.564455032348633 2.700869083404541
4.309321403503418 7.202928547547344 2.895521640777588 4.123295783996582
3.470423936843872 6.132504943082665 3.1106414794921875 5.488832473754883
3.2610135078430176 5.632761965438931 3.2020628452301025 6.367670059204102
7.109658718109131 8.887232597763301 2.7511260509490967 2.909806728363037
5.009913444519043 7.274657714611095 3.2194511890411377 4.751577377319336
3.9298195838928223 6.522242709839319 3.521144390106201 6.5337233543396
3.3535616397857666 5.229165916055422 3.636462450027466 7.652466297149658
4.5320143699646 5.171008485657467 2.4491305351257324 2.823730945587158
3.710479736328125 5.352718668016465 3.2951090335845947 4.600773334503174
2.830031394958496 4.68269685541236 3.178666830062866 5.472615718841553
2.2703495025634766 4.150763520284507 3.176248550415039 6.161647796630859
4.838758945465088 5.157476722787029 2.6039345264434814 3.023702621459961
4.498470306396484 7.153543172854597 3.5594613552093506 5.190862655639648
3.228512763977051 5.057684889992061 3.53934383392334 6.442789077758789
3.252208709716797 5.604147921750991 3.561868667602539 7.335516929626465
5.2929368019104 5.480530634683511 2.8353676795959473 3.319082021713257
4.568232536315918 7.653421169312139 3.9648284912109375 6.051547050476074
3.887563705444336 5.9567184204552746 4.055513858795166 7.812692642211914
3.391423225402832 5.513497082500066 4.099518299102783 8.973797798156738
4.326874732971191 5.262012282121759 1.5347872972488403 1.6071895360946655
3.7669103145599365 6.639768818326516 1.8202341794967651 2.4773764610290527
3.1014034748077393 5.663582757847555 2.0602974891662598 3.299560785293579
2.3864707946777344 4.362795894453626 2.1884920597076416 3.780726909637451
4.651866436004639 5.697691782362906 1.6019893884658813 1.6769977807998657
2.981076240539551 5.365647329227869 1.9198368787765503 2.6350440979003906
2.595269203186035 4.1991255831821395 2.1927528381347656 3.58506178855896
1.807874321937561 3.906645376225242 2.3381707668304443 4.160247325897217
5.147014141082764 6.379297244620844 1.6950784921646118 1.7749863862991333
4.421109199523926 7.461886655993226 2.05519962310791 2.8530795574188232
3.786620855331421 6.9575290848215445 2.370105504989624 3.9688427448272705
3.1111135482788086 6.287303469480321 2.536029100418091 4.6624650955200195
5.236936092376709 6.274485562120731 1.8636583089828491 1.9570997953414917
3.985366106033325 6.817706159712429 2.1999011039733887 3.0498046875
3.138104200363159 6.17369622522483 2.460911750793457 4.078062534332275
3.0122005939483643 5.709885951356739 2.582117795944214 4.65885066986084
5.720247745513916 6.814926872226806 1.9553980827331543 2.053274154663086
3.3629982471466064 6.38342728508087 2.3513271808624268 3.3058574199676514
2.7981879711151123 5.955204666051064 2.670071601867676 4.556023597717285
2.7821688652038574 5.4214526112907615 2.818786859512329 5.2887492179870605
6.329991817474365 7.849645366938944 2.084177255630493 2.190514326095581
5.037345886230469 7.966618415968284 2.5602099895477295 3.6661922931671143
4.537710666656494 8.285168103632515 2.955946445465088 5.215487003326416
3.914400100708008 6.959611363551971 3.139711618423462 6.149015426635742
5.5717926025390625 6.680284063438947 2.3945200443267822 2.511380910873413
4.3033599853515625 7.0825489929996195 2.6960129737854004 3.7909224033355713
2.6550896167755127 5.326866913355275 2.906526803970337 4.959285736083984
2.046964645385742 3.353300329829409 2.9868855476379395 5.58544397354126
6.153342247009277 7.335503532112966 2.5020298957824707 2.634387969970703
4.0742387771606445 5.756107422392006 2.906205892562866 4.177959442138672
3.624281883239746 5.780911475958334 3.203076124191284 5.669709205627441
2.923509120941162 5.699184592415579 3.3182382583618164 6.5002546310424805
6.917453765869141 8.694293060373639 2.657339572906494 2.8090713024139404
5.351486682891846 8.172385510820732 3.1988980770111084 4.72321891784668
2.841141939163208 5.156735677826418 3.611725091934204 6.659492492675781
3.1576929092407227 5.741133140660317 3.773407459259033 7.7689971923828125
3.7560224533081055 3.99272890763255 2.7436323165893555 3.082054615020752
4.423301696777344 6.975992615491208 3.395592451095581 4.825779914855957
2.5832247734069824 4.662296116126697 3.3380630016326904 5.833946228027344
2.357546091079712 4.17457150887185 3.342085599899292 6.420740604400635
4.086669921875 4.453252541311372 2.8940110206604004 3.2687790393829346
4.108388423919678 6.140698262214258 3.662672996520996 5.40002965927124
3.548434019088745 5.093316451606142 3.7224912643432617 6.797431468963623
3.3184001445770264 4.776330318661923 3.7619287967681885 7.610437870025635
5.8851542472839355 5.987370284154011 3.108119010925293 3.5347630977630615
5.144293308258057 8.003206423802851 4.043986797332764 6.207804203033447
3.6782572269439697 5.668636059919955 4.253245830535889 8.135862350463867
3.588876247406006 6.295981497847208 4.3409743309021 9.268489837646484
3.702059507369995 4.516792748007674 1.7421671152114868 1.814072847366333
3.222327947616577 4.698254722362581 2.054600238800049 2.712188482284546
2.721423625946045 5.807984767228845 2.305572509765625 3.6181230545043945
2.5465877056121826 5.332628873855668 2.4277966022491455 4.198294639587402
4.413232803344727 5.430684304004046 1.8189085721969604 1.9018924236297607
3.6028695106506348 5.4256087638303825 2.1755077838897705 2.9313297271728516
3.5089170932769775 6.3406998114142255 2.4685800075531006 4.000576972961426
2.649489641189575 5.339129198331634 2.6115975379943848 4.693108081817627
5.168956756591797 6.372950716990999 1.9299989938735962 2.024533748626709
4.873907566070557 8.028221379007846 2.343249559402466 3.2247161865234375
3.636251211166382 6.36810770968721 2.6878480911254883 4.504671573638916
3.0818984508514404 5.8671613689727735 2.854935884475708 5.342336654663086
4.412808895111084 5.362212962189503 2.2050418853759766 2.2996714115142822
3.7027316093444824 6.223963765058278 2.588775634765625 3.480196952819824
2.3094992637634277 3.883891442315644 2.8532276153564453 4.648499965667725
2.1488230228424072 4.380969490177222 2.9627645015716553 5.374791145324707
5.195092678070068 6.299617565728454 2.306854724884033 2.4228246212005615
3.402721881866455 5.780881718951264 2.776440143585205 3.8465113639831543
3.3499553203582764 5.727814541316246 3.116802453994751 5.303112506866455
2.43186354637146 4.692384364259226 3.260004997253418 6.218931198120117
6.249263763427734 7.733741665779137 2.4633867740631104 2.602908134460449
4.942519664764404 8.774610333779393 3.0447981357574463 4.352570056915283
4.318104267120361 7.297638364637649 3.477823495864868 6.189484119415283
3.668283700942993 4.583409604313488 3.659985065460205 7.351410865783691
4.636747360229492 5.682077833521362 2.784282922744751 2.9063339233398438
3.729483127593994 6.905953140263364 3.234517812728882 4.435579776763916
2.8032636642456055 5.387902790316417 3.440851926803589 5.788355350494385
1.975746989250183 3.9351127731888624 3.503269910812378 6.601609706878662
5.5698137283325195 6.7664941685042095 2.9218530654907227 3.0744946002960205
3.850581645965576 6.311973239302539 3.500525951385498 4.990361213684082
2.254697799682617 4.255643045154102 3.8186967372894287 6.764060020446777
2.621886968612671 3.3470806241979574 3.9256703853607178 7.842836856842041
6.745099067687988 8.295638137447838 3.13566517829895 3.328620433807373
5.477789878845215 8.577072016963182 3.891989231109619 5.774249076843262
4.208724021911621 7.065459408618899 4.344494342803955 8.11309814453125
3.7482874393463135 6.755324645513411 4.499538421630859 9.529403686523438
3.8696460723876953 4.2244220275216 3.064256191253662 3.352212905883789
3.450472116470337 6.198041083870521 3.8958072662353516 5.507772445678711
2.7180964946746826 5.532374490941038 3.977545976638794 6.861628532409668
2.137432336807251 3.3973519525123947 3.962177276611328 7.667995452880859
4.642505645751953 5.242433363152145 3.2746102809906006 3.6161019802093506
3.6429173946380615 4.373597396525641 4.251830577850342 6.276437282562256
3.2228591442108154 4.885925042654662 4.458895683288574 8.139562606811523
2.7526302337646484 4.881635300258949 4.49730920791626 9.273104667663574
5.633706092834473 6.792495706115453 3.580578565597534 4.002335071563721
5.40499210357666 8.621441571603578 4.770444393157959 7.372384071350098
4.637540817260742 6.757076561924805 5.139545917510986 9.933825492858887
4.005136013031006 6.964002797970693 5.229489803314209 11.470124244689941
3.83312726020813 4.368428489780781 1.5975687503814697 1.6547977924346924
3.2567901611328125 5.44928861578461 1.870322346687317 2.427267551422119
3.0680556297302246 5.5481417596761275 2.1198511123657227 3.2301692962646484
2.8231451511383057 5.070987770668473 2.24482798576355 3.7431650161743164
4.204535961151123 5.065195009775178 1.6601839065551758 1.721879243850708
2.494344472885132 3.2132811279898306 1.9656617641448975 2.589369058609009
3.043236255645752 5.5152047843188825 2.252776861190796 3.519822120666504
3.28376841545105 6.043499091138983 2.397444486618042 4.116937160491943
4.904421806335449 6.043790693090337 1.746728539466858 1.81411874294281
4.279094696044922 6.344459109824891 2.0953073501586914 2.80704927444458
4.152101993560791 7.004430969845268 2.4301788806915283 3.903825044631958
1.8590272665023804 3.0503980179427606 2.599266529083252 4.610052585601807
4.577693462371826 5.259893477037051 1.9831798076629639 2.065565347671509
3.0075228214263916 4.172196311133856 2.3137869834899902 3.067406177520752
3.100426435470581 5.251747399731528 2.5798065662384033 4.069435119628906
1.4943593740463257 2.067381935251717 2.6890780925750732 4.67937707901001
5.136319160461426 6.1230514548465225 2.0623586177825928 2.153420925140381
4.32975435256958 6.629810776059458 2.457268238067627 3.3273818492889404
3.865541458129883 6.533505122059097 2.7935259342193604 4.557199954986572
3.313066005706787 5.6056090939787 2.9365644454956055 5.313732147216797
6.016244888305664 7.242900459432008 2.177216053009033 2.2786409854888916
4.85672664642334 7.605179412061756 2.6568782329559326 3.6846086978912354
4.510543346405029 7.398517763521539 3.081585645675659 5.218955993652344
2.8150100708007812 5.397343898213649 3.265657424926758 6.169823169708252
4.819307804107666 5.635315192323361 2.538832664489746 2.6386375427246094
4.334939956665039 7.028411267019237 2.8855948448181152 3.9169976711273193
3.203972101211548 6.096251707315133 3.0931992530822754 5.049862861633301
2.3449923992156982 4.3220982400177945 3.1487271785736084 5.685174465179443
5.6892194747924805 6.752008026364592 2.634225845336914 2.756765365600586
4.718007564544678 7.607540429530161 3.084738254547119 4.312740802764893
3.6959071159362793 6.387591751335776 3.39652156829834 5.776998519897461
3.075812339782715 5.261454932639936 3.500271797180176 6.620038986206055
6.798199653625488 8.133643860441907 2.776898145675659 2.924765110015869
5.175991058349609 7.862940761661804 3.368081569671631 4.860635757446289
4.084301948547363 7.180027473290101 3.813389301300049 6.780086994171143
3.3671209812164307 6.858612036246797 3.9731884002685547 7.9020819664001465
3.6054177284240723 4.102784605838053 2.7018086910247803 2.97981333732605
2.9807302951812744 4.258831954248421 3.5360894203186035 4.984364986419678
2.9317498207092285 5.468310536249248 3.5867884159088135 6.0473504066467285
1.107583999633789 2.6803631710485547 3.5503504276275635 6.598874568939209
4.805179119110107 5.284981240477919 2.8384737968444824 3.1665518283843994
4.085989952087402 4.837577968327878 3.805985689163208 5.560247898101807
3.7786900997161865 5.754058464235754 3.971346139907837 7.015415191650391
2.088010311126709 3.1725616636242933 3.9951910972595215 7.815011978149414
5.242927074432373 5.922670567917569 3.0376365184783936 3.421571731567383
5.133917331695557 8.321949638079332 4.188858985900879 6.359690189361572
3.9852607250213623 5.474423582139167 4.5097503662109375 8.365962028503418
3.995183229446411 6.147701968516515 4.600963115692139 9.499402046203613
3.9837048053741455 4.325186692053649 1.568987488746643 1.6083424091339111
3.847820997238159 5.718160834678204 1.765251636505127 2.183621644973755
2.9922709465026855 4.845034215130681 1.9711294174194336 2.857322931289673
2.4769656658172607 5.027983149790444 2.094209671020508 3.3299992084503174
4.443124771118164 4.874830271216609 1.6378647089004517 1.6817115545272827
4.203212261199951 5.347098703843528 1.8598973751068115 2.337076425552368
3.3147943019866943 5.50318921239932 2.0953261852264404 3.1168830394744873
3.027526378631592 4.992239270811723 2.235241651535034 3.660651206970215
5.065855979919434 6.118611988519641 1.7345985174179077 1.7833186388015747
4.603607177734375 7.422276690827118 1.9927308559417725 2.5417654514312744
4.026538372039795 6.451478093930377 2.267904043197632 3.4570558071136475
3.613752603530884 5.078455623248374 2.42929744720459 4.094660758972168
4.763000965118408 5.212267602969803 1.9539618492126465 2.0040905475616455
4.443151473999023 5.576044014254705 2.168652296066284 2.7228660583496094
3.5982255935668945 6.299694559201129 2.3514363765716553 3.529289722442627
3.024474620819092 4.986532571376102 2.4491777420043945 4.078822135925293
5.335299968719482 6.012140591460426 2.0455539226531982 2.1071829795837402
3.346578598022461 5.735411936189716 2.3088178634643555 2.971027374267578
3.8085455894470215 6.704938972722175 2.542296886444092 3.959908962249756
2.7628884315490723 5.125890907441047 2.6671807765960693 4.625499725341797
6.043183326721191 7.257671952222836 2.1789941787719727 2.251894235610962
4.665294170379639 6.892930461856395 2.511596202850342 3.3105201721191406
4.58236837387085 8.097696365085426 2.815425395965576 4.5416998863220215
3.644846200942993 6.196010865259495 2.9754018783569336 5.366783618927002
4.937145233154297 5.472247869497551 2.5758094787597656 2.6411242485046387
3.7660529613494873 5.2308686839997165 2.7294280529022217 3.4650063514709473
2.6276750564575195 3.7015009622914476 2.78873348236084 4.306959629058838
2.484126329421997 4.158553773547226 2.812931776046753 4.863445281982422
5.732801914215088 6.520232325275575 2.683277130126953 2.7613871097564697
4.502609729766846 6.1510676229396495 2.918893337249756 3.8296124935150146
3.0514440536499023 4.595554789968574 3.049386501312256 4.93723726272583
3.3444535732269287 5.935349017788013 3.108365058898926 5.6505255699157715
6.606478691101074 7.797742558267373 2.8465285301208496 2.9428060054779053
4.8643693923950195 7.143455061926147 3.1964311599731445 4.340048313140869
4.606357097625732 7.568960339425871 3.4279837608337402 5.807121276855469
3.8510425090789795 6.2768843454125545 3.5339276790618896 6.740116596221924
3.3309710025787354 3.6198200329849897 2.4364092350006104 2.6860299110412598
4.093636989593506 5.8289066234363816 3.4490487575531006 4.5507121086120605
3.603055715560913 5.827279390003298 3.231228828430176 5.101964950561523
2.370199203491211 4.472885811208471 3.1354236602783203 5.568172931671143
4.5537333488464355 5.093277823475082 2.5855774879455566 2.8642446994781494
3.550041437149048 5.117359630876422 3.7077579498291016 5.055202960968018
3.471035957336426 4.740144438121604 3.5613245964050293 5.939514636993408
3.092899799346924 5.323889051693634 3.4985647201538086 6.577030658721924
5.818668365478516 6.283567401849865 2.8013052940368652 3.1199867725372314
5.104577541351318 7.785695848461501 4.088040828704834 5.787002086639404
4.104123592376709 7.389776713466858 4.038914680480957 7.101085186004639
3.5792973041534424 6.495204812711563 4.02522087097168 7.99021053314209
4.061745643615723 4.896608462807272 1.4830952882766724 1.5400960445404053
2.7362592220306396 4.728738244445566 1.76149320602417 2.286001443862915
3.5905823707580566 6.188046954305236 2.0189831256866455 3.0546274185180664
2.544049024581909 4.855428214886018 2.1627907752990723 3.5644912719726562
4.417873382568359 5.525083318349289 1.5531660318374634 1.6129788160324097
3.443100929260254 6.222753110027384 1.8591197729110718 2.4472579956054688
3.8736042976379395 7.1355275558823905 2.1474087238311768 3.339395523071289
2.543022871017456 4.867267716324022 2.307816743850708 3.9312665462493896
5.072587013244629 6.345171202660872 1.6544561386108398 1.7191967964172363
4.20933198928833 7.321075162226819 1.9977511167526245 2.6700050830841064
2.3456408977508545 2.9181318661919704 2.3267571926116943 3.7221577167510986
3.4186816215515137 6.773589048081021 2.50888991355896 4.420729160308838
4.874554634094238 5.8718123384103365 1.7329996824264526 1.8193635940551758
4.15622615814209 6.503630938062997 2.0764284133911133 2.757152557373047
3.336383104324341 6.368857686976327 2.3708622455596924 3.6999030113220215
2.6822938919067383 5.158163884862347 2.5160374641418457 4.312001705169678
5.437173366546631 6.607730750021062 1.8322924375534058 1.9205485582351685
4.229231357574463 6.874999329581215 2.2232115268707275 3.0033538341522217
3.2771658897399902 6.870508186280901 2.5712978839874268 4.154526233673096
2.7858633995056152 4.938032345615905 2.743955373764038 4.903320789337158
6.160531997680664 7.632841554530696 1.9813170433044434 2.0753161907196045
4.916202545166016 8.270282629031215 2.4372308254241943 3.357006549835205
4.48680305480957 7.247873242004175 2.8567395210266113 4.789590358734131
3.640371084213257 5.31885293868544 3.0659823417663574 5.722809791564941
5.242678642272949 6.301101298717924 2.1011877059936523 2.2654616832733154
4.038435459136963 6.833560528596308 2.464465856552124 3.362549066543579
3.3767969608306885 6.042634641927634 2.7479989528656006 4.408039093017578
2.6316285133361816 3.992249082207536 2.8664586544036865 5.0705647468566895
6.020723342895508 7.280346418725685 2.2225735187530518 2.389770984649658
4.8074259757995605 8.859241608151933 2.6599652767181396 3.701327085494995
3.3359885215759277 5.375940149165721 3.0224215984344482 5.049234867095947
2.7034411430358887 4.940991137624906 3.1790049076080322 5.902914047241211
6.936051368713379 8.511867546420241 2.4126908779144287 2.58636212348938
5.5517497062683105 8.819574277619608 2.9514997005462646 4.2012529373168945
2.9232537746429443 4.323528197960911 3.4193711280822754 5.966926574707031
3.7828118801116943 6.492810406031096 3.626734972000122 7.082141876220703
4.472139358520508 4.947029813812264 2.123030662536621 2.458789110183716
4.496473789215088 6.540964808541048 3.0508010387420654 4.278042316436768
3.444925308227539 6.28378804134924 3.1148173809051514 5.115057945251465
1.6071295738220215 2.8398656130150925 3.1696860790252686 5.738034248352051
5.443699836730957 6.340041983355244 2.2700858116149902 2.621570110321045
3.9554665088653564 7.413035692695871 3.315716028213501 4.7923102378845215
3.0574259757995605 5.43378579010124 3.4576334953308105 5.940591335296631
3.400334596633911 4.555300833903175 3.555180788040161 6.78848934173584
5.218557357788086 5.7589095166746915 2.494562864303589 2.874610424041748
4.975034236907959 7.82650027308955 3.6957671642303467 5.5158820152282715
3.803734302520752 7.953185171722993 3.956413984298706 7.133424758911133
3.8053383827209473 5.791616304236855 4.111952304840088 8.292248725891113
4.562109470367432 5.330648632542413 1.5355184078216553 1.5866180658340454
4.55534029006958 7.275312982639321 1.8424184322357178 2.44228458404541
3.2890846729278564 4.985596479251569 2.1470723152160645 3.3670222759246826
2.754213333129883 4.775580091438769 2.3132388591766357 3.94577693939209
4.894904613494873 5.925335657516562 1.6043580770492554 1.6617774963378906
3.9009358882904053 5.6022079525668005 1.9460810422897339 2.619208335876465
3.7799630165100098 6.407332336421673 2.288783073425293 3.682730197906494
2.7692220211029053 5.210442145461732 2.4757156372070312 4.361279010772705
5.296742916107178 6.700783009448514 1.7023288011550903 1.7672042846679688
5.287951946258545 8.472900426027138 2.0901713371276855 2.8620622158050537
3.9868252277374268 7.343272343468442 2.48213529586792 4.111143112182617
3.0299770832061768 4.405599105251724 2.6948211193084717 4.921177387237549
5.4320783615112305 6.386467762016537 1.8859617710113525 1.9408234357833862
3.8516294956207275 5.673858550486727 2.2636754512786865 3.0528159141540527
3.6104674339294434 6.198001266844869 2.6094424724578857 4.233117580413818
2.8911726474761963 5.1184793648116695 2.7778475284576416 4.9532575607299805
5.761664390563965 6.965554790680017 1.9779200553894043 2.0453977584838867
4.306784152984619 7.241919184677387 2.4219229221343994 3.3421971797943115
4.169308185577393 6.565319305894091 2.837028980255127 4.770667552947998
3.1850340366363525 4.614757020142406 3.040452718734741 5.660107612609863
6.37869930267334 8.090028407284189 2.115370988845825 2.1978137493133545
4.899348258972168 7.2075498963475155 2.648942708969116 3.7504665851593018
4.036171913146973 7.98474935330114 3.154949188232422 5.518013954162598
3.5013599395751953 5.944356549914292 3.4011096954345703 6.636587619781494
5.681500434875488 6.708995117975859 2.474933624267578 2.507330894470215
4.8313117027282715 7.005807310456771 2.8425545692443848 3.888549566268921
3.154876232147217 5.122788778498943 3.1446874141693115 5.246654987335205
2.8726966381073 4.944774290589095 3.2702605724334717 6.039708614349365
6.324063777923584 7.6572534548966615 2.577501058578491 2.63810133934021
4.714134216308594 6.96885192643208 3.0619513988494873 4.3206892013549805
2.163257360458374 3.3601508167606005 3.469177722930908 6.051287651062012
3.492412567138672 5.77250831344741 3.641813039779663 7.07978630065918
7.097239971160889 8.899024239727396 2.744210958480835 2.833712577819824
5.519687175750732 9.057160247898171 3.384342670440674 4.941915035247803
3.4042916297912598 6.307827328735797 3.9296436309814453 7.186598777770996
2.9908945560455322 4.51274577676941 4.159651279449463 8.538862228393555
4.066756725311279 4.24576253492031 2.7124221324920654 2.913214921951294
4.091075897216797 6.105245930164109 3.598763942718506 5.053831100463867
2.1232728958129883 3.628658417234277 3.6733882427215576 6.278451919555664
2.174341917037964 3.0735280542462533 3.710461378097534 7.031431674957275
5.180476188659668 5.811710683120538 2.8673391342163086 3.114298105239868
3.4833743572235107 4.929788741316578 3.886200428009033 5.680236339569092
3.8632094860076904 6.123199663384148 4.092480182647705 7.356694221496582
1.7508922815322876 2.1830091466810533 4.180972576141357 8.3825044631958
5.857792854309082 6.129227166848835 3.097961187362671 3.401556968688965
5.101402759552002 7.775534621779798 4.317935466766357 6.575887203216553
3.7759251594543457 4.621018158134895 4.691095352172852 8.884718894958496
4.161128520965576 6.900411248408716 4.842623233795166 10.293362617492676
4.140936851501465 4.6341695023173415 1.5913074016571045 1.6302199363708496
2.7794973850250244 3.882999378351087 1.810889720916748 2.308384656906128
2.8972020149230957 4.930326252147864 2.0472910404205322 3.1164326667785645
2.3832130432128906 3.8904956601355423 2.1892597675323486 3.6405439376831055
4.302438735961914 5.075497762179339 1.6649799346923828 1.7077898979187012
3.0558769702911377 4.310696950264855 1.9177721738815308 2.469064712524414
3.708827018737793 5.717630642925769 2.1896886825561523 3.3892982006073
3.2533421516418457 5.263934244329491 2.3501150608062744 3.9951629638671875
4.806170463562012 5.9311558951935694 1.7678934335708618 1.8167603015899658
3.900824785232544 5.54432791212318 2.064462661743164 2.6952860355377197
3.9534759521484375 6.939297453247761 2.3833909034729004 3.7752187252044678
2.7008512020111084 4.119473486425129 2.5679523944854736 4.494278430938721
4.587347507476807 5.235718046217471 1.932992935180664 1.9827499389648438
4.309920310974121 6.173077168939983 2.1911749839782715 2.8404228687286377
3.764547348022461 6.225296206253645 2.4352524280548096 3.8397018909454346
3.180358648300171 4.871079142730153 2.5689704418182373 4.471578598022461
5.047566890716553 6.004960328232528 2.0322933197021484 2.0859572887420654
3.6175901889801025 5.387089963658639 2.3520781993865967 3.101670026779175
3.420670509338379 6.033182218782201 2.6567976474761963 4.30334997177124
2.3801560401916504 3.587441291375569 2.81950306892395 5.072164535522461
5.628798961639404 6.87413169104326 2.1727683544158936 2.236198663711548
5.044151782989502 7.801997874173814 2.576504707336426 3.4769318103790283
4.419426441192627 7.181231902027832 2.964033365249634 4.970576763153076
3.402228832244873 6.5574055622465615 3.1662354469299316 5.935131072998047
4.8675432205200195 5.579022076082765 2.406421661376953 2.505812406539917
2.9402730464935303 4.630782623747109 2.647280216217041 3.509387254714966
3.0670340061187744 4.4389001213303345 2.8443517684936523 4.633711338043213
2.66361141204834 3.7223607640056002 2.9412899017333984 5.3201680183410645
5.338830471038818 6.320425914207036 2.5201256275177 2.6230673789978027
3.870664119720459 5.733083582588961 2.8713839054107666 3.9001576900482178
3.382725238800049 5.341109466751902 3.152994394302368 5.323877334594727
2.5848753452301025 4.629626701075361 3.2853260040283203 6.1955695152282715
6.083171367645264 7.33783713286175 2.6923441886901855 2.807781934738159
4.763461589813232 8.008942205169944 3.1892476081848145 4.469749450683594
3.622170925140381 5.713932315659946 3.585984468460083 6.326202392578125
3.305206298828125 5.236906134285448 3.767197608947754 7.4683756828308105
4.361146926879883 4.604634222129789 2.5276691913604736 2.791872501373291
3.7505359649658203 5.185743657972125 3.2286317348480225 4.432745933532715
2.1874961853027344 3.8270940580128183 3.220017910003662 5.398674488067627
2.6654772758483887 4.467287005412345 3.2542874813079834 6.058249473571777
4.150186538696289 4.636247060813247 2.688570737838745 2.9744114875793457
3.6087234020233154 5.560602092243755 3.5087532997131348 4.996821880340576
3.6205453872680664 6.022773716958002 3.6149168014526367 6.325940132141113
2.1715738773345947 4.092559367394301 3.681877851486206 7.188891887664795
5.1392669677734375 5.7184301174708985 2.923408031463623 3.2496073246002197
4.848623275756836 6.295371214381305 3.9267168045043945 5.8241682052612305
4.135098457336426 7.386510499574342 4.171941757202148 7.671902179718018
3.8705437183380127 6.434241216141174 4.284045696258545 8.841889381408691
4.217739105224609 5.057892510881857 1.5090411901474 1.5722192525863647
4.065932750701904 6.751691758088498 1.797483205795288 2.3530337810516357
2.8438093662261963 5.028028828494237 2.035109281539917 3.1568853855133057
1.5712674856185913 2.288323566761913 2.1664042472839355 3.726025104522705
4.364290237426758 5.4279694161626395 1.5802578926086426 1.6495420932769775
2.608764410018921 4.281441078361542 1.8970214128494263 2.530224084854126
2.508504629135132 4.794966423075067 2.1598052978515625 3.464742660522461
2.8889875411987305 4.940461565203584 2.3046176433563232 4.130128383636475
4.907032012939453 6.196006120009088 1.6822307109832764 1.7587507963180542
3.728302478790283 5.215971619908089 2.039397954940796 2.7732510566711426
3.3510794639587402 6.15321706179202 2.3384997844696045 3.87685489654541
3.846841812133789 6.968299515347937 2.501718521118164 4.665269374847412
4.746626377105713 5.734392304981814 1.7697292566299438 1.8537729978561401
4.081277370452881 6.215455900327072 2.101078510284424 2.797257661819458
3.2368292808532715 4.6784052805289775 2.3522908687591553 3.764369249343872
2.3808274269104004 4.403117803602669 2.481785535812378 4.443943023681641
5.137840747833252 6.2841193746683075 1.8672913312911987 1.9629437923431396
2.7300615310668945 5.853472540497535 2.249706745147705 3.0739567279815674
3.799912691116333 5.233694447156722 2.5456979274749756 4.255791664123535
2.9369585514068604 5.9161561462963235 2.6973941326141357 5.088875770568848
5.611823081970215 7.270588171815127 2.0114448070526123 2.120448350906372
4.899353504180908 8.590155593084773 2.468230962753296 3.4668543338775635
4.189833641052246 7.713140313598836 2.8300342559814453 4.9429473876953125
3.6463205814361572 6.0198382901848895 3.0129711627960205 5.983798503875732
5.03333044052124 6.088345783119848 2.14967679977417 2.2582216262817383
3.671957492828369 5.462493893855083 2.456714391708374 3.3170621395111084
3.3661856651306152 6.032582303187155 2.673114776611328 4.384665012359619
2.451324224472046 4.824219628688979 2.778578281402588 5.1316728591918945
5.47486686706543 6.675242862587304 2.2599244117736816 2.3884317874908447
4.665497779846191 7.0953363674440375 2.653630495071411 3.7013704776763916
3.30195951461792 3.9380916697579096 2.935840129852295 5.07119083404541
2.038194417953491 4.127158697612344 3.0707192420959473 6.024464130401611
6.196961879730225 7.996596245070222 2.4345831871032715 2.585691452026367
4.411157608032227 8.27023108420353 2.950453519821167 4.2619500160217285
4.331360340118408 7.145622198379215 3.329620122909546 6.059678554534912
3.6330926418304443 6.171508189708675 3.506730794906616 7.3010454177856445
4.479025840759277 5.0001195338207935 2.288723945617676 2.678920269012451
3.9523274898529053 6.3620823315354755 2.9889423847198486 4.099020004272461
2.5229909420013428 4.413950244580974 2.9640538692474365 4.9550933837890625
2.568983316421509 4.662323369042042 3.0218148231506348 5.701552867889404
4.973550319671631 5.915649137469359 2.4384536743164062 2.8635447025299072
3.739370346069336 5.56779302774396 3.226337194442749 4.621118068695068
3.6941466331481934 6.294837255514295 3.289121627807617 5.821438789367676
2.9652204513549805 5.521688152407478 3.3783395290374756 6.807010650634766
5.083558082580566 6.233433499546095 2.670135021209717 3.145237684249878
4.829683780670166 8.275122871291856 3.5995965003967285 5.3807220458984375
4.221660614013672 6.666781729847804 3.781580924987793 7.090448379516602
3.906799077987671 6.100599900618645 3.916524648666382 8.415441513061523
3.434906244277954 4.096907096422285 1.469233751296997 1.5092833042144775
3.4533982276916504 5.122622675229536 1.677631139755249 2.1306231021881104
2.856506824493408 5.32796740839467 1.8910480737686157 2.8521597385406494
2.4323713779449463 4.720145049187636 2.02047061920166 3.35150408744812
3.852849245071411 4.770927133741462 1.5340102910995483 1.5771815776824951
2.905499219894409 5.667735427928672 1.7687996625900269 2.262479066848755
2.67482328414917 4.8124318021333465 2.008390426635742 3.075493574142456
2.477112293243408 4.446836420031598 2.150954008102417 3.64345121383667
4.588220119476318 5.682256581494812 1.6262387037277222 1.6733046770095825
4.645299434661865 7.516445730130755 1.897446632385254 2.450317859649658
3.924318313598633 5.839460160116828 2.1725621223449707 3.389739513397217
2.9546425342559814 5.660685986910517 2.3320798873901367 4.049044132232666
3.8597517013549805 4.719899819321807 1.730843186378479 1.772659420967102
3.614572763442993 6.632776911698554 1.9628849029541016 2.522611141204834
2.7045905590057373 5.272443758867055 2.1757640838623047 3.3790736198425293
2.0325591564178467 3.977555122787976 2.293957233428955 3.960636854171753
4.555435657501221 5.635746448635587 1.819211721420288 1.866923213005066
3.232495069503784 5.022292237662526 2.0979111194610596 2.731844902038574
3.0751538276672363 5.7546277405329676 2.3548033237457275 3.743443012237549
1.2722119092941284 2.611752891077799 2.4927589893341064 4.435091972351074
5.330810070037842 6.593675889567876 1.9488424062728882 2.004401445388794
4.923288822174072 7.277081123908726 2.2942605018615723 3.03715181350708
3.2342112064361572 5.396519487688238 2.612982749938965 4.272770881652832
2.9682400226593018 4.8985125725260446 2.7773807048797607 5.118412017822266
4.148166656494141 5.1231446547155315 2.125439167022705 2.163431167602539
3.119039535522461 5.764113156388899 2.324514627456665 3.0142922401428223
2.2132132053375244 4.297307770129855 2.477843999862671 3.9453227519989014
1.6728579998016357 3.5489231192841544 2.556094169616699 4.5584611892700195
4.973731517791748 6.134450204865857 2.2302324771881104 2.2750232219696045
4.740879058837891 8.112027647091963 2.503084182739258 3.3110406398773193
3.055938482284546 4.9731895326631275 2.7186119556427 4.463226795196533
2.841400384902954 5.473749675966872 2.821908712387085 5.222112655639648
6.0200042724609375 7.551992201093299 2.3893167972564697 2.44592547416687
4.663306713104248 8.00843802707277 2.769850015640259 3.754027843475342
3.5164358615875244 6.065816073389442 3.0748183727264404 5.233028411865234
2.9559311866760254 5.224212952541706 3.211505889892578 6.203701496124268
3.5025970935821533 3.9514864751799337 2.271655321121216 2.4882214069366455
3.354696750640869 5.185165126347414 2.9079291820526123 3.9139888286590576
2.79469633102417 5.687986862388128 2.775927782058716 4.510504722595215
1.9791635274887085 4.033890389756834 2.7782301902770996 5.073912620544434
3.421494245529175 3.631320475087705 2.409862756729126 2.6455342769622803
3.204383611679077 5.227095274741316 3.154663324356079 4.342758655548096
2.8285155296325684 5.445975319025834 3.0716962814331055 5.181251525878906
3.041168451309204 5.673535636718725 3.099515676498413 5.902324676513672
5.168002128601074 5.713079909773114 2.615654468536377 2.88319730758667
5.23366641998291 8.034430724321282 3.5046634674072266 4.970520496368408
3.1914048194885254 5.847024231038845 3.516162157058716 6.186492919921875
3.4100193977355957 4.573855682856845 3.5783751010894775 7.146906852722168
3.4723618030548096 4.0785869124977125 1.6358414888381958 1.6940233707427979
3.4153554439544678 5.841021560917284 1.9215134382247925 2.4875309467315674
2.9485721588134766 5.396445181098898 2.1688055992126465 3.3504738807678223
2.699624538421631 4.941081555029278 2.2967302799224854 3.948434352874756
3.8954689502716064 4.786708250587083 1.7115185260772705 1.7747108936309814
2.970623731613159 4.510064283749006 2.0351059436798096 2.666489839553833
2.5814788341522217 4.452407424971284 2.318687677383423 3.657735586166382
3.4013848304748535 6.659897705959793 2.4637322425842285 4.351109027862549
4.4500861167907715 5.584725310738005 1.8145469427108765 1.8844995498657227
4.081788539886475 6.828745379733569 2.186981201171875 2.9069039821624756
3.1027417182922363 5.195439868767484 2.5181102752685547 4.067994117736816
2.7578446865081787 4.808428674818764 2.6851272583007812 4.885211944580078
3.8556790351867676 4.635610650049912 2.0024468898773193 2.0770134925842285
3.5652804374694824 6.33422777086362 2.3518083095550537 3.0933678150177
2.6499664783477783 4.889361789353189 2.6187005043029785 4.182687282562256
1.6483802795410156 3.4793600937132254 2.7333872318267822 4.912471771240234
4.53068733215332 5.590147618514912 2.100959539413452 2.1868581771850586
3.808488130569458 6.315343119234058 2.5208518505096436 3.382802724838257
2.618921995162964 5.057721465733337 2.8526649475097656 4.699347019195557
2.984534740447998 6.101056893423447 2.9954771995544434 5.587654113769531
5.271002769470215 6.510832672252036 2.2396113872528076 2.33909010887146
4.819572448730469 6.419867111802574 2.7534701824188232 3.7815308570861816
3.161931276321411 5.712938017788929 3.1724023818969727 5.407936096191406
4.134955406188965 6.883408015974892 3.352060317993164 6.509187698364258
4.120168685913086 4.977690688533727 2.4945242404937744 2.5666451454162598
3.7630693912506104 6.9196895312609 2.8794846534729004 3.842806100845337
2.980376720428467 5.395043903009309 3.1083056926727295 5.113326072692871
2.6583316326141357 5.116931132751915 3.175830841064453 5.917629718780518
4.848300457000732 5.951588830842866 2.6081738471984863 2.702968120574951
4.162534713745117 7.280931337701592 3.1071221828460693 4.2749786376953125
3.451463460922241 5.820218877440084 3.4308040142059326 5.876810073852539
3.568835735321045 5.569229423953942 3.5354785919189453 6.895103454589844
5.879034042358398 7.237262082403049 2.7751376628875732 2.898942708969116
5.141206741333008 7.82388680885256 3.4288225173950195 4.877431869506836
4.479104518890381 6.763786312108924 3.8828318119049072 6.943720817565918
3.3098578453063965 6.134730950443782 4.036325931549072 8.256159782409668
3.249082088470459 3.9101453471211016 2.563385248184204 2.799272298812866
3.4349522590637207 5.964262365664581 3.532761812210083 4.863691329956055
3.209608316421509 5.862063315390802 3.586538553237915 6.044143199920654
2.215123176574707 4.470212211011699 3.5639965534210205 6.817009449005127
3.401298761367798 4.019623679644955 2.717332601547241 3.0020058155059814
3.2647664546966553 5.811025045299488 3.8391082286834717 5.476685047149658
3.6465446949005127 6.133562494936541 3.99290132522583 7.0595221519470215
3.6234195232391357 5.566914386118086 4.008772373199463 8.07190990447998
5.3788957595825195 5.736839763824719 2.9396443367004395 3.2858798503875732
3.5658230781555176 6.453885318991212 4.271302223205566 6.346379280090332
3.2960143089294434 4.8209508854031355 4.569597244262695 8.486530303955078
4.068785190582275 6.722898088169893 4.6379523277282715 9.83907699584961
3.9549551010131836 4.673864609104452 1.6839593648910522 1.7402808666229248
3.607757806777954 5.53592157762165 1.9563360214233398 2.581169605255127
3.0919930934906006 5.714885417457638 2.167147636413574 3.4318695068359375
2.925909996032715 5.043486108622957 2.261258602142334 3.963503837585449
4.189627170562744 5.171016742886161 1.7562525272369385 1.8182281255722046
3.4247100353240967 6.176645989761482 2.0712172985076904 2.7761483192443848
3.412017345428467 6.395256369071149 2.3207030296325684 3.7697901725769043
2.9910683631896973 5.480930041397187 2.4321799278259277 4.38955020904541
4.619805335998535 5.876876230378767 1.854956030845642 1.922481656074524
4.317848205566406 6.195428561419533 2.2255637645721436 3.0315749645233154
2.711336612701416 4.812107327922778 2.5256781578063965 4.208539962768555
3.248469591140747 6.233036710953002 2.6596717834472656 4.940803527832031
4.383380889892578 5.263885943961043 2.080836057662964 2.1488332748413086
4.057084560394287 6.948972090320268 2.4209647178649902 3.2519266605377197
2.815246343612671 5.0116906397057 2.635374069213867 4.3345208168029785
3.0938680171966553 4.94397973683499 2.698500633239746 4.9716925621032715
4.875088214874268 5.9619594528085145 2.177086353302002 2.2549660205841064
4.0783371925354 6.627392728830408 2.600370407104492 3.5778913497924805
3.1946146488189697 6.573249860734734 2.882720470428467 4.914638042449951
3.207824230194092 6.20440582168511 2.971435308456421 5.697253704071045
5.408323764801025 6.9449290924173965 2.3109662532806396 2.400235891342163
4.60111141204834 7.6709438816007065 2.845038652420044 4.016618251800537
4.005957126617432 7.066079617486182 3.218104362487793 5.692204475402832
3.785055160522461 6.389508456060822 3.3417768478393555 6.668102264404297
4.557142734527588 5.482479060428261 2.5410938262939453 2.629493236541748
3.340589761734009 5.314918257252771 2.9522998332977295 4.044211387634277
3.1050117015838623 5.49261193876805 3.12981915473938 5.311127662658691
2.7516026496887207 4.939215046298969 3.136803150177002 6.005122184753418
5.086840629577637 6.205201800659779 2.661602735519409 2.77093768119812
3.9550716876983643 5.972343222171844 3.2077836990356445 4.540750503540039
2.811455488204956 4.929927800740275 3.4845006465911865 6.18283748626709
3.173388957977295 5.7090830061774795 3.5208241939544678 7.072901725769043
5.9146647453308105 7.523051842282598 2.8365962505340576 2.9698469638824463
3.833578109741211 5.414398694500406 3.565293312072754 5.224436283111572
2.692577838897705 5.052273081771972 3.9726569652557373 7.3785552978515625
3.74385929107666 5.700499559482296 4.049184322357178 8.533038139343262
3.8735897541046143 4.450742382478765 2.7492928504943848 3.0345826148986816
3.4061625003814697 5.779316914060701 3.4885289669036865 4.915990352630615
2.3044352531433105 4.117344285717763 3.5733492374420166 6.20796012878418
2.0850510597229004 4.108339328683769 3.507352352142334 6.892207145690918
3.4792304039001465 3.928397582676098 2.973628520965576 3.2380504608154297
3.9541687965393066 5.995318273440262 3.815946340560913 5.581370830535889
3.4320666790008545 4.106689309459398 4.026517868041992 7.361147403717041
2.573415517807007 4.257785154397766 3.9917714595794678 8.279553413391113
4.981509685516357 5.444940827049294 3.241421699523926 3.562264919281006
4.294421195983887 6.430169945706439 4.283498764038086 6.5366082191467285
4.121140003204346 5.824285667063833 4.660881519317627 8.971457481384277
4.144484519958496 7.106190669759777 4.665108680725098 10.199457168579102
3.8326141834259033 4.531252110648325 1.6449240446090698 1.6860415935516357
2.5565919876098633 4.334302959195156 1.898923635482788 2.436971664428711
2.89324951171875 5.588255801573734 2.138779401779175 3.2572829723358154
2.933060646057129 5.254454884946426 2.266453504562378 3.7893195152282715
4.104859828948975 5.095590864100359 1.7172175645828247 1.764334797859192
2.9767000675201416 4.798190331371314 2.008654832839966 2.613358497619629
3.023141860961914 5.4352014947005785 2.2862911224365234 3.566967725753784
2.9383814334869385 4.334778308960111 2.4324984550476074 4.198822498321533
4.618485927581787 5.876309106886303 1.8180370330810547 1.873046636581421
3.9713199138641357 5.718842555834044 2.159182548522949 2.860666036605835
3.590111494064331 5.534485536683519 2.48624587059021 3.996192693710327
3.444512367248535 5.3705648122984115 2.6557326316833496 4.759381294250488
4.352350234985352 5.230452201298249 2.0357842445373535 2.0711779594421387
3.6035215854644775 6.00708946013151 2.347350835800171 3.061889410018921
2.7341973781585693 4.838391348965104 2.5964882373809814 4.105690002441406
2.026184320449829 3.5862159763619275 2.7063820362091064 4.752903938293457
4.828631401062012 5.946774769612304 2.125817060470581 2.174374580383301
4.016110897064209 7.011754868780278 2.5094358921051025 3.3463945388793945
2.707728147506714 4.90526773939655 2.8281030654907227 4.626670837402344
2.3340797424316406 4.807020501641091 2.9696602821350098 5.439254283905029
5.374756813049316 6.876336699186147 2.2567789554595947 2.3216371536254883
3.9472365379333496 7.3522454568828906 2.7388525009155273 3.7542805671691895
4.228736877441406 6.985271518492453 3.1513075828552246 5.369260311126709
3.023632526397705 5.903525649523866 3.333498239517212 6.409904956817627
4.601902484893799 5.5404748063492875 2.5457191467285156 2.5909225940704346
3.8883700370788574 5.710906121706763 2.904296636581421 3.858410596847534
2.4078481197357178 3.782081649395195 3.100553274154663 5.067781448364258
2.026780605316162 2.9906705881585367 3.154362916946411 5.77113676071167
5.153331279754639 6.328427359613215 2.6571836471557617 2.7128560543060303
3.7048120498657227 4.862979629872228 3.129216194152832 4.282279968261719
3.2996721267700195 5.23321345435852 3.423208236694336 5.839139938354492
2.0893521308898926 3.2075536334695016 3.519256591796875 6.766775131225586
6.032340049743652 7.727661574447808 2.8213412761688232 2.8974781036376953
3.75873064994812 6.194866525600219 3.4517440795898438 4.89987325668335
4.063446521759033 6.700336156397661 3.8839874267578125 6.959031581878662
2.8925676345825195 4.242259135733899 4.034494876861572 8.20258617401123
3.522289276123047 4.010424456020791 2.72955060005188 2.935887575149536
3.057053804397583 4.678938121539886 3.5416109561920166 4.889519691467285
3.0495240688323975 5.2428505728794335 3.5883402824401855 6.035817623138428
2.6163244247436523 4.697768591581905 3.5461654663085938 6.68947172164917
4.623340606689453 4.878341812663166 2.8881425857543945 3.1265180110931396
3.0619916915893555 5.608993591454713 3.8463475704193115 5.516213417053223
2.975219249725342 3.7182485363166506 3.998126983642578 7.060080051422119
3.2495641708374023 5.208755043907104 4.0014142990112305 7.972830295562744
4.393608093261719 4.502124132046674 3.1178483963012695 3.405287027359009
4.405179023742676 7.273330274238148 4.283823013305664 6.404664039611816
3.234849691390991 3.941612733922689 4.590959548950195 8.564366340637207
3.443127393722534 6.002814486593309 4.652884006500244 9.84477424621582
3.4471850395202637 3.8822297663466543 1.3918218612670898 1.4375380277633667
1.6224827766418457 3.106676550028393 1.6363742351531982 2.1060330867767334
2.979907989501953 5.911950800352656 1.8868683576583862 2.848809003829956
2.807219982147217 4.867282059311897 2.0410754680633545 3.3625237941741943
3.9574637413024902 4.5952277163096085 1.4516311883926392 1.5002963542938232
2.899951934814453 5.458578716320858 1.7160285711288452 2.231647253036499
3.2766175270080566 5.3162145202658735 1.9918758869171143 3.0693166255950928
2.753762722015381 6.102113864277072 2.1616334915161133 3.657571792602539
4.740438938140869 5.8965897501163695 1.5384079217910767 1.5910369157791138
4.108768463134766 7.53369741825513 1.831788420677185 2.410781145095825
3.131683111190796 6.584905197365714 2.143050193786621 3.3811206817626953
3.7343647480010986 6.527361165260345 2.333918809890747 4.071463108062744
4.100826740264893 4.630988296519263 1.5256487131118774 1.577650547027588
3.426342248916626 6.5366353468034575 1.8044437170028687 2.362391233444214
2.8065242767333984 5.517355810605196 2.103710174560547 3.268033981323242
2.94851016998291 5.578393691115882 2.2844064235687256 3.900024652481079
4.730238914489746 5.572994852917475 1.610052466392517 1.666246771812439
4.306784152984619 7.900683351921261 1.9212002754211426 2.55083966255188
3.2111258506774902 6.148335258163627 2.2622194290161133 3.6110129356384277
3.000497579574585 5.589813084046682 2.4680991172790527 4.363600254058838
5.396541118621826 6.634110342289745 1.7359627485275269 1.7984894514083862
4.340291976928711 6.982056688307466 2.096280574798584 2.8308753967285156
4.046290397644043 6.934335820726368 2.4980249404907227 4.117838382720947
3.912350654602051 6.438290816004837 2.7394797801971436 5.042544841766357
4.387739658355713 4.970876556314696 1.6549715995788574 1.7235416173934937
3.452756404876709 5.836251392531636 1.9500312805175781 2.6005098819732666
2.5109798908233643 5.4445624116114 2.295194387435913 3.654923439025879
2.262089252471924 3.9908654877396685 2.4973111152648926 4.388138294219971
4.95896053314209 5.915885734542599 1.759856104850769 1.8320143222808838
2.6756765842437744 4.794594584773904 2.099978446960449 2.8476169109344482
3.31512713432312 5.124134951278847 2.5034968852996826 4.117178440093994
2.865159273147583 4.402222520237331 2.7403509616851807 5.017055511474609
5.906264781951904 7.362153865607354 1.9203276634216309 1.9996308088302612
4.984312057495117 8.772036221764324 2.331008195877075 3.2271618843078613
4.842011451721191 8.4400647390478 2.8222460746765137 4.823290824890137
3.2178261280059814 5.647183749762684 3.109469413757324 5.967668056488037
2.9614312648773193 3.1365095690573526 1.8984265327453613 2.194824695587158
3.9934492111206055 5.7356327164741145 2.1608502864837646 2.9565274715423584
2.9348886013031006 5.290333085727298 2.4505765438079834 3.9870762825012207
3.307344436645508 5.678771775378891 2.6627073287963867 4.7792134284973145
3.5329060554504395 4.019997693883397 2.0249722003936768 2.3402795791625977
4.412174224853516 7.694737058000452 2.320364236831665 3.254631757736206
2.7326200008392334 5.666538907201058 2.698883533477783 4.549911022186279
2.851616621017456 6.196126836398584 2.952937364578247 5.543912410736084
4.388931751251221 5.000172832022031 2.2192223072052 2.5649185180664062
4.631967544555664 6.235927709633998 2.5796709060668945 3.722219705581665
4.546679973602295 6.8120011429295175 3.085796356201172 5.425890922546387
4.469532489776611 6.941567574037663 3.4018919467926025 6.722404956817627
3.652778148651123 4.327688482190325 1.4722539186477661 1.5180352926254272
3.594620943069458 5.190482344105703 1.7195039987564087 2.2368390560150146
3.3260269165039062 5.920857816069816 1.9703432321548462 3.0442192554473877
2.8294777870178223 5.010111854303517 2.122520685195923 3.6019883155822754
4.078473091125488 5.041446211080853 1.5412132740020752 1.592429757118225
3.7588863372802734 6.769475786767174 1.8178901672363281 2.3952114582061768
3.334826707839966 5.697294118540981 2.09796404838562 3.318533420562744
3.2100019454956055 5.042994567379651 2.265096664428711 3.959179162979126
4.750298976898193 5.98123994220827 1.6405327320098877 1.6981854438781738
4.283507347106934 7.707738472592822 1.9588751792907715 2.621760368347168
3.944000482559204 7.180683811774429 2.2803444862365723 3.7094614505767822
2.7763376235961914 4.318948974071191 2.4677937030792236 4.464549541473389
4.120080947875977 4.972209264284402 1.7070366144180298 1.755516767501831
4.025124549865723 6.797903846261079 1.9920680522918701 2.630826473236084
3.4694509506225586 6.374088071226694 2.2649576663970947 3.6147756576538086
1.3507922887802124 2.2649307902414932 2.4231679439544678 4.290735721588135
4.765707492828369 5.864180279533436 1.802178978919983 1.861145257949829
4.317552089691162 7.623931133935796 2.1383907794952393 2.8798110485076904
4.00019645690918 7.070915753830917 2.4602978229522705 4.055683135986328
2.7922067642211914 5.01538935347495 2.6418678760528564 4.865180969238281
5.484316349029541 7.0309687060879895 1.9431833028793335 2.014864921569824
4.572258472442627 5.751260448576204 2.354498863220215 3.2473056316375732
4.0859375 8.13763093189317 2.7483632564544678 4.708188056945801
3.406203031539917 5.35967160086164 2.9630813598632812 5.709568023681641
4.404977798461914 5.329522496733716 2.0648887157440186 2.0684609413146973
4.092629909515381 6.991008399222947 2.3134238719940186 3.0808379650115967
3.2480885982513428 6.358391552448902 2.558551073074341 4.186535358428955
2.5354464054107666 4.997467869743446 2.702047348022461 4.942644119262695
5.102896213531494 6.276341192052764 2.1715142726898193 2.2037205696105957
4.453898906707764 6.847800731404845 2.5036118030548096 3.4296443462371826
3.543365478515625 6.0018725941362945 2.820664167404175 4.803308486938477
3.3891632556915283 5.675089445867741 2.9946365356445312 5.7402191162109375
6.0721025466918945 7.838085427845176 2.341270923614502 2.4017674922943115
5.089633464813232 8.68909974366369 2.7943804264068604 3.953080415725708
3.2542998790740967 5.062828162104324 3.2159886360168457 5.739231109619141
3.544882297515869 6.225536142843794 3.43428897857666 6.942440986633301
3.0477850437164307 3.367709096847193 2.2222423553466797 2.4571194648742676
4.0354719161987305 7.2480497683379514 2.8355581760406494 3.874016046524048
2.7785017490386963 4.19460874743055 2.8242712020874023 4.701953411102295
2.8723320960998535 5.534735236603149 2.9279820919036865 5.477799415588379
4.5568976402282715 4.972340069158577 2.2822587490081787 2.644968032836914
4.5091423988342285 7.340341047909487 3.060680866241455 4.296485900878906
3.9271483421325684 6.166221942319453 3.1427223682403564 5.480640888214111
3.5353844165802 5.898520541403855 3.281996726989746 6.46774435043335
4.557152271270752 4.8128602960435956 2.515676736831665 2.919372797012329
5.41790246963501 6.988173780403258 3.418839693069458 4.977568626403809
4.382925987243652 7.814278096781138 3.631627082824707 6.677483081817627
4.151147842407227 6.669748320558028 3.820420026779175 7.981112957000732
3.604315996170044 4.0680339068873845 1.650728464126587 1.6999845504760742
3.467946767807007 5.6187112247453115 1.9469434022903442 2.5578725337982178
2.5111355781555176 4.730278293350295 2.2210135459899902 3.4665191173553467
2.7335567474365234 4.22218194826749 2.3678884506225586 4.073829650878906
3.96085524559021 4.866435761533889 1.7235950231552124 1.7797378301620483
3.940321445465088 5.950238403883418 2.0614497661590576 2.7451884746551514
3.453981637954712 4.304746590007653 2.377485513687134 3.793100357055664
2.2235896587371826 2.630068821463624 2.547006607055664 4.5024518966674805
4.518117427825928 5.782542129483511 1.8264405727386475 1.8917735815048218
4.68552303314209 8.181833291766054 2.2207422256469727 3.0053203105926514
3.5590546131134033 5.922643896539114 2.5929198265075684 4.247775554656982
3.227600574493408 5.937049903978732 2.7913613319396973 5.097050189971924
3.972001075744629 4.607243568537498 2.040085792541504 2.093374252319336
4.097184181213379 6.720157933703376 2.4100089073181152 3.2213690280914307
1.9088976383209229 2.6883144254491853 2.723146677017212 4.407437801361084
2.613039493560791 4.515997383800965 2.8721699714660645 5.18252420425415
4.600307464599609 5.605678927620062 2.1340603828430176 2.1974778175354004
4.083619594573975 6.955038204156153 2.5832509994506836 3.523374557495117
3.481128454208374 5.074545175045685 2.9720826148986816 4.960992336273193
3.5169646739959717 6.467170431067585 3.1593828201293945 5.914449214935303
5.25031042098999 6.767371725393815 2.272473096847534 2.3511667251586914
4.91439151763916 8.071747857472587 2.830035448074341 3.954965353012085
4.338169574737549 7.1599937365947905 3.321253776550293 5.752221584320068
3.0441391468048096 6.004780405100869 3.5582683086395264 6.956160545349121
4.277926921844482 5.010786362066369 2.5313363075256348 2.619375467300415
3.7238619327545166 6.065967274065134 2.954139232635498 4.036227226257324
2.979952573776245 5.425644241417501 3.257765769958496 5.448404788970947
2.7010178565979004 5.193588123466711 3.380955934524536 6.343219757080078
4.893038272857666 5.973297676598236 2.649775981903076 2.7500264644622803
2.429577589035034 4.514798802179865 3.1935458183288574 4.484400272369385
3.7170064449310303 6.827824843504757 3.606271266937256 6.265450954437256
3.418726921081543 5.236591161808967 3.782043218612671 7.412658214569092
5.874320983886719 7.559702759961922 2.8264288902282715 2.9478511810302734
4.052208423614502 6.4057350571051614 3.541973352432251 5.13216495513916
3.76863694190979 6.602233502684442 4.103433132171631 7.446741104125977
3.7448086738586426 6.829823354353266 4.346983432769775 8.953235626220703
3.3706657886505127 3.792450014451788 2.6297123432159424 2.9321000576019287
3.314073085784912 5.697952043402381 3.5139517784118652 4.961540222167969
3.3566012382507324 6.150118328282659 3.7433927059173584 6.433079242706299
2.2288310527801514 3.618414926062602 3.8142852783203125 7.360395908355713
3.974902868270874 4.338837910157707 2.78842830657959 3.119687795639038
4.615980625152588 7.3759456955339004 3.834245443344116 5.596441268920898
2.316178798675537 4.138672885613289 4.18288516998291 7.509698390960693
2.257213592529297 3.45497178406829 4.314474582672119 8.737136840820312
4.669495582580566 5.536055042552562 3.0228233337402344 3.406026840209961
4.476970195770264 7.060880768760512 4.298465728759766 6.52125883102417
4.1329665184021 7.365356805884623 4.8175458908081055 9.070449829101562
3.660897731781006 6.321064682660777 5.02646017074585 10.727651596069336
3.439202308654785 4.101990286561318 1.4123519659042358 1.4594483375549316
2.80820631980896 5.105119552337639 1.6613030433654785 2.1718294620513916
2.951754093170166 5.891262543352993 1.912043809890747 2.9853692054748535
2.7876341342926025 5.679791791759726 2.059408187866211 3.5508944988250732
3.9100704193115234 4.924677691434084 1.4787534475326538 1.5296244621276855
3.3987784385681152 4.310904976470852 1.7550221681594849 2.319334030151367
3.4499127864837646 5.720521496961133 2.0332305431365967 3.2341742515563965
2.793827533721924 5.251204645066309 2.19523286819458 3.873521327972412
4.5690460205078125 5.945987358976097 1.5765610933303833 1.6321933269500732
4.240601539611816 7.6295933934482605 1.8912229537963867 2.528195381164551
2.7200605869293213 4.839278562167465 2.206496477127075 3.581979274749756
3.180995225906372 6.201698820694446 2.3866913318634033 4.322638034820557
3.855870485305786 4.726866303333566 1.5802483558654785 1.6391539573669434
3.678962230682373 6.365249864859745 1.8728474378585815 2.500854253768921
3.0179617404937744 6.077988681272224 2.1616992950439453 3.5024163722991943
2.192545175552368 4.745896176130373 2.3264083862304688 4.200254917144775
4.595958709716797 5.730347822248859 1.6739788055419922 1.738055944442749
3.8209173679351807 6.233385996498583 2.0116400718688965 2.728516101837158
3.32792592048645 6.058986759483105 2.3453125953674316 3.901383876800537
3.163222312927246 5.871256023998683 2.5327260494232178 4.7217936515808105
5.363677978515625 7.070359810749551 1.816694974899292 1.8883079290390015
4.53560733795166 7.905809609674179 2.220757007598877 3.0653116703033447
3.904092788696289 6.788878714892576 2.617841958999634 4.485222339630127
3.248748302459717 7.003265089292637 2.834900140762329 5.480997562408447
4.076836109161377 5.083207996080741 1.8018410205841064 1.8925377130508423
3.621819496154785 6.46690052970763 2.1048507690429688 2.8709518909454346
2.6781609058380127 5.529280329066182 2.4036850929260254 4.018031597137451
3.003523349761963 5.431546187370714 2.5722312927246094 4.817996025085449
4.85212516784668 6.104411352114553 1.9166831970214844 2.010669469833374
4.576565742492676 7.850718070282369 2.2852303981781006 3.1795365810394287
3.4064748287200928 5.629717915994558 2.647378921508789 4.572802543640137
2.820572853088379 5.484283150797129 2.846083164215088 5.542262554168701
5.797171592712402 7.667032480157701 2.0964863300323486 2.1992578506469727
4.497975826263428 8.620939647918789 2.5652778148651123 3.650641918182373
4.276983261108398 5.7543803416557715 3.018824577331543 5.407504558563232
3.423093318939209 7.0150286569380285 3.258094549179077 6.6262030601501465
3.653463840484619 4.1011659321665 2.0340404510498047 2.320625066757202
3.442903518676758 4.638362957279725 2.465630054473877 3.5016579627990723
3.215510129928589 6.254189147421243 2.61979079246521 4.490479946136475
1.8681368827819824 3.5316888577724512 2.771707534790039 5.332268714904785
3.7211341857910156 3.926632532904989 2.179792642593384 2.483529567718506
4.370364189147949 7.81788629491615 2.682079553604126 3.891174793243408
3.291114568710327 6.1413410181212384 2.9144158363342285 5.187949180603027
3.2639145851135254 6.111095554305393 3.1006555557250977 6.231302261352539
5.024247169494629 5.388582373250074 2.405014991760254 2.7410669326782227
4.964215278625488 8.06070517662954 3.0235631465911865 4.49186897277832
3.798440456390381 6.350725392103984 3.370105743408203 6.252493858337402
2.6229381561279297 5.044844080201756 3.603156805038452 7.595173358917236
3.817044734954834 4.565803573288463 1.5238124132156372 1.5764328241348267
2.7749593257904053 4.228815433138891 1.798751950263977 2.366534948348999
3.2655563354492188 5.712873997290522 2.0478036403656006 3.2089285850524902
2.0778419971466064 3.557882341606444 2.1926684379577637 3.7913296222686768
4.143065452575684 5.113359597275178 1.59028160572052 1.648238182067871
3.9830315113067627 6.69815514208824 1.894060492515564 2.516098737716675
3.377201557159424 5.450378191024811 2.1749815940856934 3.466756582260132
2.9460983276367188 5.110638401089574 2.338914155960083 4.1311354637146
4.670490264892578 5.878890922361997 1.6851674318313599 1.749812364578247
4.819127559661865 7.554222175157349 2.0283734798431396 2.7267208099365234
4.35786247253418 7.76927534978762 2.3524997234344482 3.8281443119049072
2.9233617782592773 4.19178498142287 2.5416646003723145 4.60660457611084
4.210300922393799 5.1128105297926965 1.8277297019958496 1.8802452087402344
3.443608522415161 5.734574261985557 2.1535754203796387 2.8536314964294434
3.97930908203125 6.625409511855906 2.430443048477173 3.89619779586792
2.13132905960083 3.368116376687908 2.5799307823181152 4.611600399017334
4.814736843109131 5.916091245858979 1.9139220714569092 1.975338101387024
4.454776287078857 7.513310917125693 2.291940689086914 3.0868277549743652
3.8973960876464844 6.965906461008558 2.6258058547973633 4.3206963539123535
3.4742038249969482 6.021630286214858 2.8072586059570312 5.177130699157715
5.367693901062012 7.000346556239846 2.0421552658081055 2.114858627319336
4.957931995391846 8.118717415404799 2.4932515621185303 3.42340087890625
3.8594024181365967 7.290529795098593 2.90624737739563 4.931414604187012
3.4833507537841797 5.923552068629128 3.131526231765747 5.989327430725098
4.419458866119385 5.3952888212706664 2.27821683883667 2.3359429836273193
3.9449353218078613 5.907009421348363 2.6181676387786865 3.481250524520874
3.3163158893585205 6.362290174281725 2.86491322517395 4.676652908325195
2.721822500228882 5.168105047431055 2.9844517707824707 5.4750847816467285
5.044198513031006 6.221204545538399 2.383392095565796 2.447427272796631
4.749363899230957 8.370068703700326 2.8040943145751953 3.820711135864258
3.271984338760376 6.242155188258437 3.1321752071380615 5.295288562774658
3.0704197883605957 5.352614817004394 3.2951924800872803 6.288588047027588
5.823195934295654 7.68169537265463 2.5400071144104004 2.618478775024414
5.048563003540039 8.205423288040535 3.0777840614318848 4.315418720245361
4.341366767883301 6.589171767792399 3.5235509872436523 6.1967453956604
4.078606605529785 7.6676004227067835 3.7471354007720947 7.476202487945557
3.854292869567871 4.526586006450401 2.387636184692383 2.6178362369537354
3.4506189823150635 5.7807014717936225 3.2964062690734863 4.5549750328063965
2.8810653686523438 4.227757634029558 3.314485549926758 5.50861930847168
2.782928466796875 5.206995220887961 3.3534305095672607 6.276316165924072
4.52613639831543 4.880590595372811 2.5259881019592285 2.7779626846313477
4.308956146240234 7.701954722719876 3.5518219470977783 5.035635948181152
3.6156013011932373 6.552734398097229 3.655658721923828 6.342032432556152
3.231848955154419 5.729028568149118 3.7393381595611572 7.3226318359375
5.230129241943359 6.204596011275953 2.732909917831421 3.022351026535034
4.847894668579102 8.255947351478483 3.915349006652832 5.735126972198486
4.831899642944336 7.945279771498737 4.155362129211426 7.550841331481934
4.014649391174316 5.600415379491096 4.30565071105957 8.86052131652832
3.499504566192627 4.150383277198484 1.451599359512329 1.5011799335479736
3.105459690093994 5.599937089904131 1.6948646306991577 2.222141742706299
3.196277141571045 5.599289207913273 1.9287469387054443 3.0331544876098633
2.175532102584839 3.7878605719728284 2.062828302383423 3.594373941421509
3.956488609313965 5.025215966822316 1.513939380645752 1.5685921907424927
3.2454423904418945 5.340912068801686 1.7853960990905762 2.3748385906219482
2.968698501586914 5.395155424097652 2.0489346981048584 3.302215099334717
2.1229805946350098 3.7997546582903396 2.197507858276367 3.944373607635498
4.6176252365112305 5.853639380427518 1.6029335260391235 1.6636109352111816
4.352329730987549 7.383939125992671 1.9125620126724243 2.584338665008545
3.8822293281555176 6.752950334203774 2.2152812480926514 3.671412467956543
3.5716917514801025 5.923859492728582 2.382552146911621 4.424932956695557
3.951425552368164 4.763988017952215 1.6801291704177856 1.7379118204116821
4.016081809997559 7.114901723247726 1.9614205360412598 2.617983102798462
2.854196310043335 5.400889878072803 2.2157068252563477 3.6027541160583496
1.504522442817688 3.163050731370234 2.350780725479126 4.272705078125
4.6419596672058105 5.788595680678554 1.762581467628479 1.8294264078140259
3.3240458965301514 6.140918408941616 2.0923492908477783 2.851194143295288
3.2851130962371826 5.955980485689452 2.3967134952545166 4.0294036865234375
3.3376057147979736 5.462239678384975 2.555356979370117 4.8301873207092285
5.403133869171143 6.830758664276345 1.8854548931121826 1.9632351398468018
4.9795098304748535 7.843028284765694 2.2824318408966064 3.1834237575531006
3.8766818046569824 6.412607370600881 2.6553874015808105 4.636205196380615
4.0175042152404785 7.114625104329377 2.844860076904297 5.6214599609375
4.256062030792236 5.194250585431746 2.0284423828125 2.1011273860931396
4.011413097381592 5.985649630513521 2.2870728969573975 3.1063594818115234
2.2670533657073975 3.6480442978574885 2.509849786758423 4.200504779815674
2.545013666152954 5.196433694594194 2.622870922088623 4.93218469619751
4.958017349243164 6.143277290506887 2.1274547576904297 2.2119815349578857
4.791540622711182 7.993051719223331 2.457819700241089 3.4269440174102783
3.5276598930358887 6.27809779294644 2.750361680984497 4.7942376136779785
3.126312017440796 4.561126614660949 2.8946268558502197 5.7021379470825195
5.964478969573975 7.570317976333172 2.2768311500549316 2.3763668537139893
5.168675422668457 8.290593463838718 2.710523843765259 3.8950088024139404
4.19450044631958 7.142379132444237 3.101949691772461 5.658811569213867
3.725206136703491 6.865063697989128 3.2882633209228516 6.821568965911865
3.3560030460357666 3.793615598250085 2.09482741355896 2.386212110519409
3.3533713817596436 5.931832857744055 2.735246419906616 3.817218065261841
2.7380950450897217 5.5036593246877885 2.7815959453582764 4.77101469039917
2.3623063564300537 4.181655141482736 2.8476130962371826 5.490810871124268
4.211515426635742 4.765624447282763 2.2244322299957275 2.546485424041748
4.123691558837891 6.318939495670925 2.9592771530151367 4.287573337554932
3.066058874130249 6.504541536966116 3.0766587257385254 5.527503967285156
3.237117290496826 6.624216996451537 3.174320697784424 6.442926406860352
4.593069553375244 5.686870935316506 2.4184510707855225 2.785490036010742
5.295904636383057 8.13235587947429 3.2904036045074463 4.961226463317871
3.826530694961548 6.805946016793821 3.5105535984039307 6.63557243347168
3.309962511062622 6.264979836574696 3.6544580459594727 7.845432758331299
4.229811191558838 4.686335840219272 1.569993495941162 1.6211682558059692
4.092417240142822 6.865819879374268 1.8374968767166138 2.360835075378418
3.2959001064300537 4.933300411503296 2.086609363555908 3.155163288116455
2.3991525173187256 4.582056404586069 2.2233588695526123 3.6947994232177734
4.368065357208252 5.061432191358563 1.6443309783935547 1.700905442237854
4.0526323318481445 6.5433665928808935 1.943175196647644 2.531188488006592
3.2591090202331543 5.7959565015976295 2.226349353790283 3.4437623023986816
2.617584466934204 4.493735241300675 2.382336139678955 4.0707244873046875
4.754376411437988 5.8394326817706315 1.750771164894104 1.8136612176895142
4.771261215209961 7.016278143500813 2.0938029289245605 2.7688519954681396
2.5670690536499023 4.423268028939219 2.4232258796691895 3.8477885723114014
3.4059815406799316 6.496871059642039 2.6039044857025146 4.594366550445557
4.668931484222412 5.2611255093439695 1.8909064531326294 1.9572675228118896
4.062397480010986 6.65256083920417 2.215649127960205 2.877490520477295
2.795107364654541 4.626151998970954 2.4958810806274414 3.8723642826080322
1.5332375764846802 2.583379011287036 2.633108377456665 4.541373252868652
5.1960930824279785 6.1289459616918975 1.9916813373565674 2.0648772716522217
4.602759838104248 6.37082644591419 2.3736448287963867 3.1482484340667725
3.634153127670288 5.726278009129196 2.713282585144043 4.352528095245361
3.2113585472106934 5.189571199937891 2.8824210166931152 5.1665778160095215
5.6529765129089355 6.865129407516463 2.1388015747070312 2.2223165035247803
5.274557113647461 8.869758341078887 2.605175495147705 3.5383832454681396
3.930331230163574 7.296071113870883 3.0292439460754395 5.046626091003418
3.747889280319214 6.9503808097597926 3.2406725883483887 6.069744110107422
5.0142316818237305 5.694250900119862 2.3416190147399902 2.4481139183044434
4.367367744445801 7.260424662713198 2.688333749771118 3.5292487144470215
2.7723782062530518 4.751218666095724 2.9496052265167236 4.675131320953369
2.3589046001434326 4.311523329256815 3.0554890632629395 5.427350044250488
5.567810535430908 6.592923699981384 2.461048126220703 2.5759403705596924
4.753739356994629 7.70043356557494 2.903578042984009 3.9216701984405518
3.590989351272583 6.854308444891103 3.250596284866333 5.378836154937744
2.2986090183258057 3.3760249049452113 3.3991827964782715 6.329856872558594
6.285698413848877 7.660114729120323 2.642749309539795 2.77264404296875
4.711303234100342 7.443439572202749 3.225663185119629 4.501744270324707
4.353212356567383 7.294953266409834 3.6969783306121826 6.415876388549805
2.876046895980835 5.30260658966067 3.903740644454956 7.661311626434326
3.748812675476074 4.162120626642377 2.422879219055176 2.6903553009033203
3.758272647857666 6.427199417112206 3.426109552383423 4.619695663452148
2.421588897705078 4.259081349303454 3.4143824577331543 5.514675140380859
2.734147787094116 5.420251413112624 3.4345993995666504 6.234780311584473
4.336340427398682 4.523151346997545 2.5874581336975098 2.876979112625122
4.0424065589904785 6.728997557364088 3.705676794052124 5.158441543579102
3.4927456378936768 6.329191740308772 3.7946388721466064 6.443391799926758
2.90447735786438 4.991201570330759 3.8627493381500244 7.396070957183838
5.3319196701049805 5.4663521961670085 2.8289341926574707 3.1551549434661865
4.712276458740234 6.966507726312557 4.129376411437988 5.97413969039917
3.728821277618408 4.578792240336426 4.3651862144470215 7.829811096191406
3.2561793327331543 6.417522084568915 4.499279022216797 9.127034187316895
3.5312297344207764 4.03441003623999 1.6720026731491089 1.707821011543274
2.972921371459961 4.852151804189816 1.9153271913528442 2.434401035308838
3.0653176307678223 5.487203806281272 2.1603481769561768 3.2951061725616455
1.8321706056594849 3.5419765012459266 2.2951018810272217 3.8790135383605957
3.914241313934326 4.691058247082481 1.7467848062515259 1.7865173816680908
2.973276376724243 4.784990138230199 2.028519630432129 2.609459400177002
3.612504005432129 5.713266022645598 2.3155996799468994 3.6066396236419678
2.6790244579315186 4.845211089407975 2.4732635021209717 4.293219566345215
4.59586763381958 5.801332575838785 1.8497008085250854 1.896959662437439
4.071925640106201 5.500661899362849 2.1825287342071533 2.8554093837738037
3.2293128967285156 6.021025018867931 2.5254647731781006 4.042031288146973
2.9341561794281006 4.40346028148906 2.712986946105957 4.868078231811523
4.023048400878906 4.658471387496228 2.0673816204071045 2.1129205226898193
4.015337944030762 6.247562979714758 2.376354217529297 3.079608917236328
2.6660971641540527 5.000465918867256 2.6499462127685547 4.199047088623047
2.371358871459961 5.017152808381056 2.7764816284179688 4.9251322746276855
4.66357421875 5.614139447940943 2.1660075187683105 2.2136728763580322
4.48418664932251 7.52946872261305 2.5482962131500244 3.3648133277893066
3.5179502964019775 6.2759161955575 2.895071029663086 4.7306437492370605
3.450050115585327 6.336223381979067 3.058397054672241 5.629965782165527
5.404086589813232 6.856878042526461 2.304856538772583 2.362783908843994
4.887238502502441 8.100854054952379 2.7873244285583496 3.7773377895355225
4.053722858428955 6.254012276878683 3.2348012924194336 5.491644382476807
2.7729504108428955 5.842929027052523 3.4477171897888184 6.632678508758545
4.280841827392578 4.967853337398992 2.541844606399536 2.638892412185669
2.110805034637451 2.6015024646364395 2.9159069061279297 3.8814268112182617
2.8749701976776123 3.5566709091165247 3.17777156829834 5.215060234069824
2.741941213607788 4.325162556426122 3.265754222869873 6.028268337249756
4.987675189971924 5.97124026930851 2.6629011631011963 2.766927719116211
4.3224358558654785 7.050890874493234 3.155500650405884 4.309204578399658
3.3941850662231445 5.822165723119724 3.5209715366363525 6.007080554962158
3.0096843242645264 5.314452426325687 3.6567139625549316 7.056934356689453
6.022105693817139 7.356981489584675 2.8396852016448975 2.9598028659820557
5.189809799194336 8.773720012486791 3.497148036956787 4.939611911773682
4.096497058868408 6.881820114179067 4.006938934326172 7.158322811126709
3.6354503631591797 6.039734682000599 4.207910060882568 8.547176361083984
3.4256279468536377 3.598300756778329 2.6760594844818115 2.903420925140381
1.5567150115966797 2.4094599192112582 3.466771125793457 4.724970817565918
2.794924259185791 4.5091858444793615 3.664538860321045 6.187623500823975
2.1486737728118896 3.514363708802847 3.686537981033325 7.007237434387207
3.8634095191955566 4.247824864152932 2.840592384338379 3.089421510696411
3.5072638988494873 5.303714467490124 3.7805211544036865 5.35825252532959
3.2880191802978516 5.930820839697426 4.096562385559082 7.238548278808594
3.317448377609253 6.211071065389234 4.172046184539795 8.3309326171875
5.348010540008545 5.533459530328287 3.079064130783081 3.37188720703125
3.761414051055908 5.956407225744272 4.229176044464111 6.272556304931641
3.317356824874878 6.180173789010333 4.718363285064697 8.772757530212402
3.23466157913208 4.310825829276155 4.8672003746032715 10.2665376663208
4.05848503112793 4.53257221422848 1.519777774810791 1.559706449508667
3.91680908203125 5.955423661096006 1.7335761785507202 2.2076168060302734
2.846353530883789 4.516897492856181 1.9584829807281494 2.9842283725738525
3.3072147369384766 5.47296805871656 2.090691089630127 3.4975061416625977
4.334176540374756 5.077196696231255 1.5900636911392212 1.633963942527771
3.6060636043548584 5.544025984267819 1.8327847719192505 2.3633956909179688
3.7392866611480713 6.391638342828841 2.0892622470855713 3.2482118606567383
2.78691029548645 4.9318561289423535 2.237583637237549 3.834460735321045
4.863290309906006 5.9682468510109175 1.6895917654037476 1.7397912740707397
4.116055488586426 6.877661929186129 1.971900463104248 2.584259510040283
3.2015633583068848 5.598987594985374 2.2709619998931885 3.6218700408935547
3.621519088745117 6.514971867137774 2.4396491050720215 4.309719562530518
4.671245098114014 5.249491009639428 1.8121849298477173 1.8658398389816284
3.5773277282714844 5.9690118113448705 2.061382532119751 2.664107322692871
3.2520153522491455 5.654581954206208 2.2982847690582275 3.6080305576324463
2.68404221534729 4.833644219444828 2.4234261512756348 4.21968412399292
5.1027655601501465 6.074076592769762 1.9075711965560913 1.9659883975982666
4.360717296600342 6.579318580042411 2.2104074954986572 2.912137269973755
2.8640503883361816 4.436331584384334 2.5021860599517822 4.047301769256592
3.131702423095703 5.720602334196428 2.6516623497009277 4.777759075164795
5.6025776863098145 6.846383150443245 2.046649217605591 2.114823579788208
4.782751560211182 6.99251673801637 2.4251911640167236 3.2745916843414307
4.491107940673828 7.59712662946788 2.7934482097625732 4.686985969543457
3.754645586013794 6.118037991331562 2.9751458168029785 5.588546276092529
4.990903854370117 5.661960557091334 2.2273523807525635 2.331501007080078
4.142510414123535 6.063683505911399 2.4703049659729004 3.2476859092712402
2.473839282989502 4.175010712786047 2.6635289192199707 4.288502216339111
3.0612905025482178 5.371057364666058 2.7525339126586914 4.948153495788574
5.557538032531738 6.60982344611719 2.3481738567352295 2.455465793609619
4.302789688110352 6.586284574602814 2.6723694801330566 3.6056764125823975
3.3558599948883057 5.837650174862574 2.9444057941436768 4.928195953369141
3.4683632850646973 6.567237816926536 3.063885450363159 5.747629165649414
6.149731159210205 7.5205504227593 2.5229735374450684 2.6421425342559814
4.389136791229248 7.672449076039982 2.969823122024536 4.141416072845459
4.110866069793701 7.171684638537954 3.3545634746551514 5.878889560699463
3.579801082611084 6.799854892117253 3.515068531036377 6.9314799308776855
2.80629301071167 2.955685725104331 2.298409938812256 2.5926783084869385
2.4080348014831543 3.2706907871012447 3.028393507003784 4.152656555175781
2.9556775093078613 4.60251535754287 3.019021987915039 4.962084770202637
3.1336891651153564 5.638042506285046 3.0355677604675293 5.582699775695801
3.659445285797119 4.071174502105464 2.4513628482818604 2.76871395111084
3.5116045475006104 5.625681945939985 3.3228299617767334 4.695345878601074
3.5684828758239746 5.952739225405423 3.3715598583221436 5.806456565856934
2.2331738471984863 4.564203865592578 3.4186339378356934 6.601650714874268
4.712921142578125 4.975517056715262 2.6774744987487793 3.037273406982422
5.1706953048706055 8.41239372423297 3.728933572769165 5.484893798828125
4.115220069885254 7.280504704191285 3.893321990966797 7.070718288421631
3.298224925994873 4.775604350311056 3.981787919998169 8.12751579284668
3.669585943222046 4.612249254411324 1.5564332008361816 1.6298092603683472
2.861276149749756 5.25389174949432 1.8693867921829224 2.517725706100464
2.9591736793518066 6.003729624268232 2.128209114074707 3.387603998184204
2.6456170082092285 4.530023091755766 2.262845039367676 3.9566009044647217
4.016332149505615 5.131398290266816 1.6246607303619385 1.7041622400283813
3.780334711074829 4.917848045097799 1.972091794013977 2.6909077167510986
3.623171806335449 6.133294785071939 2.2663557529449463 3.6799404621124268
2.634798765182495 4.526090630383621 2.4213004112243652 4.33242654800415
4.459535121917725 5.941032210663156 1.71941339969635 1.8062808513641357
4.032125949859619 7.852347573887471 2.1140899658203125 2.926889181137085
3.792741298675537 5.97289947930159 2.455815076828003 4.078948020935059
3.254160165786743 4.802100821446835 2.63685941696167 4.846876621246338
4.162550926208496 5.205607358020671 1.8689000606536865 1.959190845489502
3.4910526275634766 6.682612935620909 2.236530303955078 3.055044412612915
2.227508783340454 4.38981221628394 2.5220589637756348 4.134953498840332
2.6376054286956787 5.055120143628528 2.6569302082061768 4.832789897918701
4.676886558532715 5.893379375743336 1.9557582139968872 2.058410406112671
3.995441436767578 7.135934680317012 2.3844568729400635 3.3225157260894775
3.1517174243927 5.22370562677213 2.732468843460083 4.610842704772949
3.001101016998291 5.412058413454361 2.901536703109741 5.4529218673706055
5.283236503601074 7.196922591018392 2.0800869464874268 2.196352005004883
4.564116954803467 8.2713487493005 2.593599796295166 3.6951379776000977
3.256690502166748 5.144757463380017 3.027336835861206 5.275974750518799
2.983799934387207 5.110681172994816 3.2419488430023193 6.321861267089844
4.409546375274658 5.519193305104125 2.3379056453704834 2.4234426021575928
4.225980281829834 7.866252530146653 2.7061314582824707 3.7280521392822266
2.8735249042510986 4.917748692239968 2.952505588531494 4.959287166595459
2.167682647705078 4.537084827473507 3.053867816925049 5.734763145446777
4.962764739990234 6.273257500369503 2.437662363052368 2.5497446060180664
3.8541383743286133 6.903262161200303 2.9013755321502686 4.112541198730469
2.5014829635620117 4.512946545142967 3.2366409301757812 5.644053936004639
3.00685977935791 5.313663231728368 3.3865349292755127 6.6233038902282715
5.871401309967041 7.853587292818247 2.5840742588043213 2.72273850440979
4.453479766845703 8.202426839672853 3.180961847305298 4.65343713760376
4.531031131744385 7.413979656498668 3.642704486846924 6.618399143218994
4.119709491729736 6.84643117367159 3.857968807220459 7.889616012573242
2.9671976566314697 3.6479781182166278 2.440950870513916 2.7223691940307617
3.7719199657440186 5.674755791790631 3.3888065814971924 4.666357517242432
2.8237152099609375 5.362771383523068 3.376906633377075 5.784585952758789
2.0553290843963623 3.8695014646261825 3.400212526321411 6.53708553314209
4.541079998016357 5.204456561740436 2.5747478008270264 2.8969385623931885
3.4049835205078125 6.07019325677669 3.6392385959625244 5.236459255218506
3.1540374755859375 4.600836613356705 3.7322707176208496 6.688487529754639
2.8960859775543213 4.80132924902955 3.8100101947784424 7.674047470092773
4.577394962310791 5.61030100387643 2.7696824073791504 3.144226312637329
4.735269069671631 8.370219817116606 4.003561019897461 6.031374454498291
4.17494010925293 6.865486458107284 4.244313716888428 7.981533527374268
2.9817845821380615 4.784340158710745 4.398734092712402 9.313203811645508
4.1567535400390625 4.7764752580785625 1.40420663356781 1.448646068572998
4.068946361541748 6.150103627105182 1.6439709663391113 2.114396095275879
3.471660852432251 6.2092886649502645 1.892494797706604 2.8543007373809814
2.2619996070861816 4.347131360839626 2.0437228679656982 3.3702454566955566
4.3487114906311035 5.273422234231475 1.4630595445632935 1.511844515800476
3.068708658218384 4.344411562121422 1.727816104888916 2.2545108795166016
2.819338083267212 5.1404750431286175 2.0056324005126953 3.100353717803955
2.6998291015625 6.0149659591381806 2.1745474338531494 3.6967544555664062
4.675829887390137 5.86022680436281 1.5469036102294922 1.6011260747909546
4.708357334136963 7.568684776204899 1.845932960510254 2.4486188888549805
3.620835542678833 4.9345638769801425 2.1636393070220947 3.4414079189300537
3.3439369201660156 6.084648053236208 2.355607271194458 4.149833679199219
4.779660224914551 5.581710125292375 1.5806448459625244 1.6317989826202393
4.126342296600342 6.373012316783729 1.8600791692733765 2.426264524459839
3.640462636947632 6.470238670439116 2.138648271560669 3.3192152976989746
2.8838932514190674 5.583101431035175 2.3011059761047363 3.945244312286377
5.135328769683838 6.222690683067555 1.660757303237915 1.7192842960357666
4.429995059967041 6.325010097003997 1.981386423110962 2.6350739002227783
3.6695609092712402 5.4722227028475645 2.30794095993042 3.699254035949707
2.555219888687134 5.061401004690197 2.4979357719421387 4.453620433807373
5.609742641448975 7.061588091567408 1.778072476387024 1.8458504676818848
5.061201572418213 8.203749777531566 2.15729022026062 2.9358837604522705
4.073189735412598 7.361505726551442 2.5521185398101807 4.2496795654296875
3.870722532272339 7.174076306337045 2.780137777328491 5.191504001617432
5.043266296386719 5.969886769002187 1.8397613763809204 1.8833377361297607
4.310898303985596 7.041287712218688 2.1169276237487793 2.790433406829834
3.334012508392334 5.500249969686159 2.3836944103240967 3.7846286296844482
2.9358224868774414 5.05951821954708 2.5369300842285156 4.481983184814453
5.6093926429748535 6.796710164618759 1.9335633516311646 1.9912415742874146
4.8040266036987305 7.907704023704355 2.2705955505371094 3.0672552585601807
3.6515488624572754 7.017694762913607 2.605905771255493 4.301300048828125
3.131103277206421 5.082518944745965 2.796245574951172 5.17361307144165
6.491034030914307 8.194028448460312 2.0744097232818604 2.1486051082611084
4.877716541290283 8.719598797351182 2.4997193813323975 3.478019952774048
3.630836009979248 7.068703901896249 2.9347212314605713 5.073013782501221
3.859490394592285 7.457802407212796 3.1781442165374756 6.20768928527832
4.337787628173828 4.729583863674037 2.102724075317383 2.3210294246673584
3.7422187328338623 6.341718425432191 2.6529433727264404 3.4599246978759766
3.1212215423583984 4.767500339375584 2.6172642707824707 4.228224754333496
2.3761446475982666 4.2578216882820925 2.73024845123291 4.923410892486572
4.272305488586426 4.67576571436166 2.222083330154419 2.472097396850586
3.575960874557495 6.941056259385675 2.828059434890747 3.8776495456695557
3.475762367248535 6.46226868082249 2.8828091621398926 4.8668999671936035
3.067140579223633 5.825333464438735 3.0397117137908936 5.770510196685791
5.7216997146606445 6.056022138482447 2.4008867740631104 2.6932549476623535
3.9880990982055664 7.079739258543555 3.10532283782959 4.460521221160889
3.7963881492614746 6.22609445840277 3.282249927520752 5.837845325469971
4.116471767425537 6.792837444327461 3.5030956268310547 7.059558391571045
4.092376232147217 4.488784496668359 1.4504345655441284 1.4891643524169922
3.968446969985962 6.346009008066176 1.6650114059448242 2.112700939178467
2.9478201866149902 5.127716500614554 1.8992650508880615 2.866673469543457
3.1297881603240967 5.512807032996079 2.040512800216675 3.39349365234375
4.266198635101318 4.830605750751658 1.5177576541900635 1.560361623764038
4.098869323730469 6.087450212416274 1.756712794303894 2.259657144546509
3.2361669540405273 5.1569917331617035 2.0168988704681396 3.1217525005340576
3.042271852493286 3.893415129764886 2.172123432159424 3.7293479442596436
4.7720112800598145 5.791366964892092 1.6152998208999634 1.6627460718154907
4.379532814025879 7.087404335684255 1.8900717496871948 2.467890977859497
3.86148738861084 6.938995145699683 2.186652421951294 3.479308605194092
3.3035387992858887 6.222897108790903 2.360307216644287 4.195844650268555
4.655094623565674 5.161145429012322 1.6714739799499512 1.7169030904769897
4.3658599853515625 6.783226997962981 1.9161102771759033 2.4725418090820312
3.9942398071289062 6.793182395322219 2.167931079864502 3.385300397872925
2.4693262577056885 4.433140934441049 2.313775062561035 4.019974708557129
5.115949630737305 5.907973036976301 1.7634931802749634 1.815966248512268
3.8317856788635254 6.248302766212873 2.052656888961792 2.701827049255371
3.7062113285064697 5.736025259426178 2.3492960929870605 3.794116258621216
2.9868383407592773 5.9394687983440235 2.5170810222625732 4.555859565734863
5.610849380493164 6.705829662991846 1.9014846086502075 1.9626795053482056
5.485160827636719 7.52086106368057 2.2570178508758545 3.0369176864624023
4.319129943847656 7.028941606349122 2.6186230182647705 4.388248920440674
3.807671308517456 7.227244701790436 2.8164374828338623 5.330488204956055
4.947432518005371 5.567883776871364 2.0165863037109375 2.0577220916748047
3.7915761470794678 5.674827857828745 2.2176473140716553 2.90110182762146
4.155318260192871 6.823705083655341 2.4353952407836914 3.913275718688965
3.382181167602539 5.606275607539146 2.565136194229126 4.618312358856201
5.447023391723633 6.3682267801960535 2.119642496109009 2.173424005508423
4.967591762542725 8.079610542514274 2.394710063934326 3.2176005840301514
4.340503215789795 7.5575888570538154 2.679826498031616 4.489558219909668
3.081782579421997 4.544818666551905 2.838804006576538 5.362789154052734
6.230959892272949 7.42428328339102 2.285259485244751 2.354860544204712
5.2189178466796875 7.330192214353076 2.6694490909576416 3.694187641143799
3.73860502243042 7.018525116702136 3.051673650741577 5.345674991607666
2.741908073425293 5.7769748380759225 3.251066207885742 6.4652180671691895
2.7755470275878906 3.0857504768178714 2.1271536350250244 2.4094698429107666
3.518447160720825 4.734497547398362 2.741917848587036 3.6928634643554688
3.5707855224609375 6.230402730333253 2.6803932189941406 4.40109920501709
2.2270936965942383 3.701212198696716 2.7680158615112305 5.114508628845215
4.486148834228516 4.651235796971921 2.264885902404785 2.5746514797210693
3.998575448989868 5.502276501818926 2.9501492977142334 4.1075358390808105
4.0247697830200195 6.322883802238948 2.977792501449585 5.137662410736084
3.2521159648895264 5.327614802907135 3.0997297763824463 6.04388427734375
5.205003261566162 5.428577281944988 2.481917381286621 2.8292646408081055
5.50819730758667 7.8813331863781295 3.2869536876678467 4.746279239654541
3.611645221710205 5.815159017535719 3.4396169185638428 6.248284339904785
3.810957670211792 6.274978672525548 3.6077382564544678 7.436899662017822
4.033294677734375 4.830463938371025 1.5016365051269531 1.5570851564407349
3.6688427925109863 6.374714996613946 1.761586308479309 2.3125007152557373
2.7321033477783203 4.459834522020515 1.9957661628723145 3.089937448501587
2.5228993892669678 4.879616380180437 2.125610589981079 3.605722665786743
4.302278995513916 5.419360114646025 1.5706934928894043 1.6315925121307373
3.754922389984131 6.546724147190247 1.8608497381210327 2.4776771068573
2.828134775161743 5.681399651767966 2.1218061447143555 3.3682901859283447
2.982158899307251 5.4353963156542004 2.2641398906707764 3.9643423557281494
4.828221321105957 6.070594453311514 1.6686235666275024 1.7367416620254517
4.21950626373291 6.541096927293495 1.9997994899749756 2.709846019744873
3.8929476737976074 6.752996387096168 2.2969512939453125 3.7559750080108643
2.98734974861145 4.818870333807837 2.455888271331787 4.459901809692383
4.511203289031982 5.485479419623175 1.76405668258667 1.833148717880249
3.160916566848755 5.692364912208603 2.0580499172210693 2.7485830783843994
2.915091037750244 5.201377893723283 2.3015050888061523 3.6864068508148193
2.782625198364258 5.359850462380614 2.4272215366363525 4.305680751800537
5.073443412780762 6.280765793270632 1.8579500913619995 1.9363350868225098
3.562673330307007 5.649715684408989 2.2063040733337402 3.010486125946045
3.2117841243743896 5.304906916840082 2.496462106704712 4.139784336090088
2.760133981704712 5.819726291204688 2.6413636207580566 4.886508464813232
5.637221336364746 7.242524416677952 1.9952083826065063 2.086573362350464
4.905139923095703 8.175715837624143 2.4196579456329346 3.388141393661499
3.211632251739502 6.1416343316628925 2.774009943008423 4.789124011993408
3.0121958255767822 6.0340663955054765 2.945389986038208 5.716692924499512
4.842231750488281 5.8597291159540035 2.16123104095459 2.265575647354126
3.3145620822906494 5.143046192968313 2.403568983078003 3.257668972015381
3.0218918323516846 5.415318420286837 2.6036324501037598 4.288941860198975
2.6573433876037598 5.15033134802502 2.7043864727020264 4.972414016723633
5.456491470336914 6.709586637770805 2.2682905197143555 2.380039930343628
4.296138286590576 6.995182717049886 2.5965306758880615 3.6264829635620117
3.462090015411377 6.228638922112289 2.867003917694092 4.932987213134766
2.776869058609009 4.7242105241170975 2.9928534030914307 5.786229610443115
6.3246870040893555 8.191704130830658 2.433206796646118 2.562692880630493
5.4363179206848145 7.624094616633084 2.8839807510375977 4.16984224319458
4.304958343505859 6.294880654315193 3.2496092319488525 5.871820449829102
3.108405828475952 4.473569369219696 3.410095691680908 6.9726338386535645
2.902675151824951 3.2097798087365845 2.125065326690674 2.492719888687134
3.729548215866089 6.312676375672709 2.8587381839752197 3.928313970565796
3.1003611087799072 5.390404350245209 2.8674046993255615 4.81820011138916
3.049779176712036 5.0628524338192165 2.925562620162964 5.5155205726623535
3.929478645324707 4.096964682377251 2.272254467010498 2.679513454437256
4.28463077545166 7.6846102127957465 3.087472677230835 4.408182621002197
2.7433815002441406 3.6292337784941537 3.1881015300750732 5.640242576599121
2.9995479583740234 6.435305108920897 3.275944948196411 6.534940242767334
4.470108509063721 5.472688309729847 2.4947805404663086 2.9581568241119385
4.570618152618408 6.875792236073778 3.438560962677002 5.132381916046143
4.16689920425415 6.638770909764389 3.6617612838745117 6.850969314575195
2.438117742538452 4.746485829867652 3.7880899906158447 8.033557891845703
4.117892265319824 5.139202036110646 1.5143489837646484 1.5874067544937134
3.799467086791992 6.323053625772673 1.8201229572296143 2.461967945098877
2.480069398880005 4.046734551220595 2.0749003887176514 3.2932541370391846
2.5001049041748047 4.363600829406778 2.21435284614563 3.8013298511505127
4.297975063323975 5.426273048034284 1.5829256772994995 1.6593397855758667
3.18233585357666 5.080252954076286 1.9241678714752197 2.6261777877807617
2.8905160427093506 5.283824549106992 2.213771104812622 3.5889036655426025
3.2240071296691895 5.06139388410412 2.371887683868408 4.194904327392578
4.813944339752197 6.436987375386776 1.6795976161956787 1.761766791343689
4.625901699066162 8.001706995323715 2.068613052368164 2.8580703735351562
2.662999153137207 6.129078597818356 2.4030981063842773 3.99585223197937
3.1078882217407227 5.245990314617302 2.5832555294036865 4.727717399597168
4.572115421295166 5.7232569931311446 1.785056233406067 1.8774317502975464
4.298349380493164 7.579415483480261 2.160564422607422 2.970431089401245
2.4331016540527344 3.2853035159977075 2.4493167400360107 4.012226104736328
2.674332618713379 4.887776772708094 2.5911478996276855 4.639476776123047
5.076120853424072 6.3554955040317935 1.8778737783432007 1.9760191440582275
4.663869857788086 6.933164811282916 2.315717935562134 3.231654167175293
2.6578989028930664 4.014241893369899 2.664304494857788 4.4975504875183105
2.671243667602539 5.005404884297604 2.8354530334472656 5.282217979431152
5.5785417556762695 7.496035241311508 2.0123953819274902 2.1201670169830322
4.910163879394531 8.206145905185018 2.5372414588928223 3.610539197921753
4.111888408660889 6.609455074164998 2.96598219871521 5.188009738922119
3.0236656665802 6.188084958126645 3.173482656478882 6.183346748352051
4.790648460388184 6.0320408712965445 2.1867854595184326 2.297752857208252
3.373957872390747 5.364192073688258 2.5688223838806152 3.583014965057373
3.1597602367401123 4.2213882055574175 2.839923858642578 4.782820701599121
2.3464643955230713 3.8599136237701686 2.958076000213623 5.483871936798096
5.2638983726501465 6.7063031240979285 2.295102119445801 2.4218618869781494
4.420866966247559 7.6368805722704565 2.777695417404175 3.9638710021972656
3.0944738388061523 4.814325405468782 3.135650157928467 5.484914302825928
3.4240124225616455 5.741724328157517 3.291281223297119 6.396309852600098
6.074995517730713 8.090137746179437 2.4590842723846436 2.60506010055542
4.928962230682373 8.257571755031563 3.0831894874572754 4.522360801696777
2.8602914810180664 5.8240961412749925 3.5589706897735596 6.500058650970459
3.576472520828247 6.355707979394477 3.7612221240997314 7.700782775878906
3.308866024017334 3.976253425981703 2.385847568511963 2.6972146034240723
3.332242727279663 6.22144333102796 3.1158618927001953 4.398666858673096
2.0075511932373047 3.174523890200362 3.196164608001709 5.508824348449707
1.5573440790176392 2.4577687422107033 3.264533758163452 6.211395263671875
4.497629642486572 5.339699544498814 2.5295779705047607 2.875598192214966
3.4897079467773438 6.5186161547822365 3.37412428855896 4.947474002838135
3.055861234664917 5.175129987014959 3.56752872467041 6.43127965927124
3.3691890239715576 5.391570567968756 3.6752681732177734 7.370163440704346
5.267334938049316 5.394539599587176 2.748504400253296 3.1453309059143066
4.988306999206543 8.560582006921322 3.7660410404205322 5.75277042388916
3.7574844360351562 7.111229644055584 4.105286121368408 7.772544860839844
3.56638765335083 6.114120604410914 4.261197566986084 9.04195499420166
3.4079339504241943 4.168400937795013 1.759661316871643 1.831861972808838
2.82702374458313 5.374502071992993 2.0738134384155273 2.730700969696045
2.2969610691070557 4.4925244354804725 2.3192222118377686 3.6277272701263428
2.660405397415161 5.04267933923407 2.4331092834472656 4.206942558288574
3.858309030532837 4.84954712418056 1.8374067544937134 1.921142578125
3.6809613704681396 6.455406328100651 2.197171926498413 2.956815719604492
1.9531611204147339 3.735933213022271 2.484837770462036 4.020508289337158
2.4341704845428467 3.8466112514386737 2.618851900100708 4.710399627685547
4.5511860847473145 5.742842048573684 1.947138786315918 2.042926788330078
4.0160298347473145 6.844019590079881 2.366485118865967 3.2580173015594482
3.0611586570739746 6.010283372738177 2.706433057785034 4.539618492126465
3.7299108505249023 7.1136486693503205 2.8638103008270264 5.375157833099365
3.761420249938965 4.671743438758142 2.1956570148468018 2.2878668308258057
3.4708871841430664 5.6708134531903625 2.594081401824951 3.4785349369049072
2.5325424671173096 4.495421203462527 2.859624147415161 4.639087677001953
2.115338087081909 4.655055034438021 2.958052396774292 5.364189147949219
4.50258731842041 5.585744233168812 2.2952706813812256 2.4088592529296875
4.196138858795166 6.1132357077528 2.7810473442077637 3.850534677505493
3.3305675983428955 6.139563884177846 3.1220808029174805 5.305993556976318
2.857142210006714 6.007211545222617 3.25384521484375 6.217418670654297
5.191875457763672 6.611311845675459 2.4409542083740234 2.57890248298645
3.9809393882751465 6.210952706450584 3.042893171310425 4.360682964324951
3.9692225456237793 7.1165403032837276 3.4786336421966553 6.208646774291992
3.0304832458496094 6.0415610166975 3.6498396396636963 7.367135524749756
4.015111923217773 4.972704216563567 2.66282320022583 2.7782108783721924
3.2173256874084473 5.122717308008248 3.177809476852417 4.353853225708008
2.807586193084717 5.568480615017364 3.4180963039398193 5.7257771492004395
2.3620452880859375 4.612480041083018 3.4770214557647705 6.549375534057617
4.688107013702393 5.805187175375977 2.8011045455932617 2.9444668292999268
3.5500149726867676 6.228994251157701 3.438338041305542 4.904017448425293
3.0364532470703125 5.484091702598089 3.7869021892547607 6.706885814666748
3.4463319778442383 5.33512832176077 3.8905599117279053 7.79246187210083
5.738303184509277 7.211890095685646 2.9992787837982178 3.183685302734375
5.086554050445557 8.855542952359897 3.8109920024871826 5.679362773895264
4.076391696929932 7.7148479747654335 4.294515132904053 8.061760902404785
3.2041146755218506 5.38793404323053 4.449635028839111 9.484566688537598
3.435351610183716 3.9571373771044023 2.943458318710327 3.2002956867218018
3.3075344562530518 5.639048377653694 3.719334125518799 5.261258125305176
2.809631109237671 4.83560040158936 3.9039974212646484 6.711533069610596
1.518615484237671 3.430678652817266 3.90679931640625 7.560520172119141
4.244067668914795 5.056913974665804 3.1533820629119873 3.4663467407226562
3.8288967609405518 6.231982583454737 4.061165809631348 5.992822647094727
3.23659086227417 6.109867508476783 4.366429805755615 7.974442481994629
2.281808376312256 3.8248407854250672 4.4241838455200195 9.154581069946289
3.8004937171936035 4.080260010530701 3.451856851577759 3.8522517681121826
4.500550270080566 6.9727240637330254 4.549280643463135 7.048795223236084
4.098901748657227 5.88098169639116 5.012426376342773 9.76002311706543
2.7314093112945557 4.826249741122325 5.128608703613281 11.336746215820312
3.5875966548919678 4.154413272609304 1.6215306520462036 1.678484559059143
3.258606195449829 5.459967951448789 1.8960533142089844 2.4576778411865234
3.2307324409484863 5.5172132604729995 2.1495516300201416 3.28570818901062
1.8980824947357178 3.9738694462043895 2.273357629776001 3.8164031505584717
3.963656425476074 4.888133764193185 1.6899614334106445 1.7515305280685425
3.5556769371032715 6.166524393188482 1.999999761581421 2.634021759033203
3.2752931118011475 5.130358014435856 2.2938144207000732 3.6001360416412354
3.170508861541748 6.330938790138816 2.4367876052856445 4.221107006072998
4.3774261474609375 5.5395673448672405 1.785512924194336 1.8531590700149536
3.648698329925537 4.909966003964655 2.1436471939086914 2.874854803085327
3.606132745742798 6.5349229564913 2.489936590194702 4.025390148162842
2.8733599185943604 6.095463155952757 2.656924247741699 4.764348030090332
4.008975028991699 4.71846518781075 1.9953337907791138 2.0757648944854736
3.5668818950653076 6.002326282477952 2.3363263607025146 3.0903098583221436
2.3000946044921875 3.697491507261475 2.617225408554077 4.143023490905762
2.6493279933929443 5.324907137836362 2.728868246078491 4.789190769195557
4.539071559906006 5.58381008245987 2.081493377685547 2.171091318130493
2.9022176265716553 3.7951650766744933 2.492906093597412 3.3735275268554688
3.1983063220977783 5.864235330120437 2.8497579097747803 4.674976825714111
3.248889207839966 5.799671052596295 2.9952328205108643 5.479931354522705
5.161240100860596 6.436777882405295 2.207428216934204 2.3080806732177734
4.596255779266357 7.036354420066516 2.7151341438293457 3.771113872528076
4.128686904907227 6.499198244888248 3.1716995239257812 5.415477275848389
3.096353530883789 6.514720233537304 3.358942747116089 6.433365821838379
4.223583698272705 5.0922802675789 2.488097667694092 2.5838732719421387
3.4284615516662598 6.22306915890416 2.87750244140625 3.898759603500366
2.4930007457733154 4.814328713777627 3.1274592876434326 5.125664710998535
2.210895538330078 4.7729841516020315 3.193155527114868 5.8249359130859375
4.907700538635254 6.024600671428779 2.591745615005493 2.711560010910034
3.7925612926483154 5.153400255052303 3.0946719646453857 4.326916217803955
2.4391262531280518 4.9071023794199675 3.4567477703094482 5.916524887084961
3.0162270069122314 5.524109332986427 3.571232318878174 6.842995643615723
5.7572245597839355 7.154843880157273 2.7477636337280273 2.894693613052368
5.0812506675720215 8.300194026255667 3.4109435081481934 4.934960842132568
4.039923667907715 7.150782796820977 3.923438549041748 7.040172100067139
2.5575740337371826 5.7501059539379185 4.095109939575195 8.274633407592773
3.8493120670318604 4.410336444330156 2.645829439163208 2.9065492153167725
2.544767141342163 3.97421744575513 3.4715912342071533 4.909299373626709
3.005319118499756 5.752549028959606 3.6100597381591797 6.112761497497559
1.8661231994628906 4.150910658393514 3.5942137241363525 6.75727653503418
3.8700246810913086 4.10880711410057 2.7916383743286133 3.103532075881958
3.124330759048462 5.722115725231561 3.756584405899048 5.512571811676025
2.845561981201172 5.477944804092185 4.025383472442627 7.159483909606934
1.7174474000930786 2.7243763465993425 4.070394992828369 8.077983856201172
4.424690246582031 5.048812861855318 3.00555682182312 3.3788950443267822
4.108975887298584 7.012158305606192 4.175678253173828 6.3835835456848145
3.9490621089935303 6.37929674127794 4.626972198486328 8.663617134094238
3.8011553287506104 5.150563796942947 4.740480422973633 9.956371307373047
3.739663600921631 4.10862847931287 1.4502346515655518 1.4855154752731323
2.7889676094055176 3.8864735651363844 1.6555233001708984 2.0529139041900635
2.5049030780792236 4.505521860394481 1.8901044130325317 2.7426764965057373
2.142958879470825 4.120231121325062 2.037806510925293 3.2477333545684814
4.091911315917969 4.587398469052729 1.518040657043457 1.5574111938476562
3.455939292907715 5.995939536512992 1.7472822666168213 2.197256326675415
2.6081418991088867 5.250605853041293 2.0105412006378174 2.9887187480926514
2.838322877883911 4.004528941340283 2.176107168197632 3.5682477951049805
4.648978233337402 5.749193498466397 1.6155046224594116 1.659488558769226
4.337207794189453 6.913220454958491 1.8792353868484497 2.3958377838134766
3.3412868976593018 6.345091417766479 2.1821868419647217 3.321871519088745
3.504880666732788 6.075333685657256 2.370671033859253 4.000406265258789
4.224998950958252 4.6946572492650915 1.6573113203048706 1.699362874031067
4.049498081207275 6.117507446818053 1.8930017948150635 2.3819382190704346
3.1745500564575195 5.814554107424158 2.148013114929199 3.2169530391693115
3.0814757347106934 5.9336595618105505 2.304013252258301 3.8316142559051514
4.824040412902832 5.559461033000389 1.750463843345642 1.800120234489441
3.0855188369750977 4.804093658894999 2.02640700340271 2.6005146503448486
3.063429594039917 6.52427937378115 2.328000068664551 3.600829839706421
2.270771026611328 5.231915024967179 2.511232614517212 4.335261344909668
5.374577522277832 6.558998462873568 1.8880283832550049 1.9462801218032837
3.7932674884796143 5.953909942517953 2.2245919704437256 2.912140369415283
3.567357063293457 5.808418378423529 2.5937321186065674 4.143568992614746
3.158087968826294 5.347654895417691 2.813861846923828 5.046328544616699
4.4998555183410645 5.089500314068346 1.9610010385513306 2.0084445476531982
3.6701698303222656 5.951352754111895 2.169951915740967 2.7550721168518066
2.5385968685150146 4.4321541983159705 2.399050235748291 3.6815810203552246
2.618448257446289 4.899193399883927 2.542074203491211 4.369596004486084
5.1213579177856445 5.994363681699525 2.0701065063476562 2.125824451446533
4.678751468658447 7.36284999573985 2.3418450355529785 3.0483076572418213
3.407543420791626 6.301030709473309 2.6357173919677734 4.207099437713623
2.9639360904693604 5.267585865826055 2.8149948120117188 5.0581793785095215
6.029026508331299 7.361701591575411 2.237640619277954 2.3053910732269287
5.439371109008789 8.568024622836901 2.602638006210327 3.4790852069854736
4.990373134613037 8.555444520646915 2.993952989578247 4.973404884338379
3.1302952766418457 5.563784704549267 3.2240521907806396 6.061400413513184
3.575392007827759 3.9614597952038935 1.9552303552627563 2.2192296981811523
2.9494805335998535 4.216410050442406 2.6030845642089844 3.4006829261779785
3.386930465698242 6.293801815331108 2.624018907546997 4.0958662033081055
3.0179030895233154 5.620525747249758 2.730210781097412 4.800297260284424
3.824141263961792 4.194131769095691 2.095211982727051 2.390416145324707
4.06318998336792 5.684515203175238 2.807898998260498 3.7749032974243164
2.465146541595459 4.0263301347108005 2.90983510017395 4.749589920043945
3.2405776977539062 5.587759208742909 3.0566468238830566 5.645115375518799
4.634696960449219 5.396240331564655 2.3053483963012695 2.6374359130859375
4.558006286621094 7.886046324384154 3.1312661170959473 4.331549167633057
4.571400165557861 7.518870752814337 3.3474597930908203 5.719053268432617
4.0160088539123535 7.143667855947206 3.553781747817993 6.9010419845581055
3.85730242729187 4.554989114792534 1.547380805015564 1.6068135499954224
3.3299713134765625 6.077518305529452 1.8167381286621094 2.3295860290527344
2.9063501358032227 5.252322621083216 2.0734102725982666 3.094268560409546
2.8413639068603516 4.744913082361336 2.222703695297241 3.6093027591705322
4.106421947479248 5.121892665087557 1.6205111742019653 1.6821130514144897
4.3608832359313965 6.636212204314262 1.9206500053405762 2.496765375137329
3.3504340648651123 6.436595551671223 2.211634874343872 3.386725902557373
2.663743495941162 4.772339944574924 2.3796050548553467 3.986340284347534
4.685734748840332 5.889208115550556 1.7228199243545532 1.7888987064361572
4.021952152252197 6.544903301841771 2.0665268898010254 2.7265827655792236
3.374558925628662 6.272955334895755 2.404472827911377 3.7813475131988525
3.31245493888855 5.974226553062749 2.597316265106201 4.492903232574463
4.285261631011963 5.180685089831968 1.8446773290634155 1.9406981468200684
4.375877857208252 7.392164246455792 2.1700336933135986 2.8365895748138428
3.568742275238037 5.670198041491105 2.4595441818237305 3.7769036293029785
3.2761003971099854 5.374492356849537 2.6128690242767334 4.401552200317383
4.844958305358887 5.99705906242186 1.9434503316879272 2.040362596511841
3.885772943496704 5.586535500863249 2.325023651123047 3.0941953659057617
3.472818374633789 5.700734515383232 2.67574143409729 4.250674247741699
2.92221736907959 5.2786552935162945 2.8607101440429688 5.018759250640869
5.354079723358154 6.869206999881735 2.0856804847717285 2.1876907348632812
5.110352516174316 8.633473983458174 2.548492431640625 3.461836576461792
3.691471576690674 6.871672597325301 2.985081672668457 4.914583683013916
4.293392658233643 6.962908508592172 3.2127418518066406 5.8795270919799805
4.515961170196533 5.505059491729677 2.2616138458251953 2.4356186389923096
4.162699222564697 7.3709248016728 2.600131034851074 3.4832894802093506
3.7217860221862793 5.616149490402146 2.870382308959961 4.5291666984558105
3.4531986713409424 6.358237048927496 3.000319004058838 5.215054035186768
5.035724639892578 6.261001681412608 2.378054618835449 2.558803081512451
4.973379135131836 6.681749807830556 2.806180715560913 3.8471622467041016
3.654564619064331 6.215659652685167 3.1667144298553467 5.209498882293701
3.7454495429992676 6.4051257702016215 3.34118390083313 6.097153186798096
5.882439613342285 7.662758117404245 2.5511395931243896 2.7427420616149902
5.416588306427002 8.79217111512343 3.110882520675659 4.380919456481934
4.1120476722717285 6.899937181620771 3.601486921310425 6.187918663024902
3.7212793827056885 6.380951787894446 3.8358020782470703 7.358221530914307
4.324966907501221 5.126513869551445 2.260389804840088 2.5806758403778076
3.877228021621704 6.1992114141955605 3.2160019874572754 4.4070329666137695
2.8488619327545166 5.101919554311166 3.2674660682678223 5.2815070152282715
3.2901580333709717 5.396154520648906 3.334672451019287 5.936535835266113
4.213798999786377 5.155241562009043 2.409243106842041 2.7519497871398926
3.955862283706665 6.734653424593489 3.490048885345459 4.965278625488281
3.4721460342407227 5.46907654808453 3.6378166675567627 6.169520378112793
2.775869607925415 3.81179429132783 3.756106376647949 7.064101219177246
5.264615058898926 5.670499633039526 2.629626750946045 3.0087389945983887
4.914363384246826 7.954930070466446 3.8850209712982178 5.759461879730225
3.8316774368286133 6.783771787385774 4.187611103057861 7.4659423828125
3.9722747802734375 5.721060904681733 4.376552104949951 8.697305679321289
4.253852367401123 4.9569096825079075 1.5170180797576904 1.5682966709136963
3.506755828857422 4.97897011602106 1.8128741979599 2.3883533477783203
3.50634503364563 5.158238946593997 2.1034343242645264 3.266752243041992
2.42087459564209 4.159867636042435 2.267508029937744 3.8264527320861816
4.413144111633301 5.394119321498692 1.5873656272888184 1.6450221538543701
3.762645721435547 6.7641704743933815 1.9174288511276245 2.563917875289917
3.7185816764831543 6.441213864972076 2.242656707763672 3.569861650466919
2.8007009029388428 5.6009497234152725 2.4255216121673584 4.221506595611572
4.862029552459717 6.064689030848058 1.6871824264526367 1.7526757717132568
4.4092631340026855 7.981384279300245 2.063211441040039 2.806767225265503
3.6312665939331055 6.15251845278592 2.4345898628234863 3.98809552192688
3.1344754695892334 5.895207112512734 2.6419498920440674 4.764560699462891
4.835934638977051 5.702009419810686 1.8028558492660522 1.8574893474578857
4.3744797706604 7.138833355048064 2.152411699295044 2.877415895462036
3.080923318862915 5.299803182942409 2.4810431003570557 3.9748287200927734
2.8693134784698486 5.001955740541689 2.6584510803222656 4.672961711883545
5.247265338897705 6.340695873291224 1.8960325717926025 1.962491512298584
4.53648042678833 7.250666357046704 2.3075854778289795 3.1539816856384277
3.4774892330169678 5.700352249682574 2.69791841506958 4.473563194274902
2.3688905239105225 4.351465775562474 2.907316207885742 5.326910972595215
5.674993991851807 7.16205227483853 2.0330355167388916 2.1140692234039307
4.929826736450195 8.17340790916409 2.529899835586548 3.5477542877197266
4.334233283996582 7.677988104012634 3.004626989364624 5.1824541091918945
3.746401786804199 6.583175523822717 3.2564852237701416 6.254170894622803
5.127283573150635 6.070022398024548 2.26194167137146 2.2897026538848877
4.110657691955566 6.444798028601326 2.5749456882476807 3.478483200073242
3.067272663116455 5.3218812606032655 2.878765344619751 4.726968288421631
2.9883644580841064 4.46001883279564 3.0423359870910645 5.5207743644714355
5.587466716766357 6.7636012753166455 2.3629276752471924 2.4168214797973633
4.221346855163574 7.782714893616088 2.779858350753784 3.868117332458496
3.417919635772705 6.294363820247781 3.1754722595214844 5.442150592803955
2.848677396774292 4.224759107339764 3.384185791015625 6.454097747802734
6.278770923614502 8.047151623488816 2.5229413509368896 2.6040217876434326
4.578585624694824 7.737662432855014 3.0816712379455566 4.4366068840026855
3.6722137928009033 6.558865097008507 3.60379958152771 6.480976104736328
3.15425443649292 4.319452017972928 3.8726248741149902 7.804378509521484
4.075829029083252 4.433028061243142 2.3975231647491455 2.6182749271392822
3.93009090423584 6.692710615607595 3.1846721172332764 4.372348785400391
2.616873025894165 4.455787145348609 3.2487661838531494 5.440188407897949
2.431767463684082 4.449497774018418 3.3660097122192383 6.246692657470703
4.44828462600708 5.281415017575168 2.54520583152771 2.811349868774414
3.552579641342163 6.207903824400233 3.4345703125 4.915099620819092
3.9227659702301025 7.113280510885716 3.618100643157959 6.362083435058594
2.9540839195251465 5.53201307357341 3.7873740196228027 7.428837776184082
5.640009880065918 6.703759469103645 2.769094705581665 3.093400716781616
4.545414447784424 6.9347364583355215 3.8188788890838623 5.70628023147583
3.9236481189727783 6.549238254210675 4.157943248748779 7.718750953674316
3.3726704120635986 6.244506965398614 4.397494792938232 9.161332130432129
4.314164638519287 4.886634039893936 1.6199954748153687 1.6615415811538696
3.4755356311798096 5.44800826609033 1.8560662269592285 2.3859238624572754
2.0499134063720703 3.3755119567109944 2.1165237426757812 3.267139196395874
2.9784162044525146 4.500542442310916 2.2750260829925537 3.845949411392212
4.5681915283203125 5.4360553464748165 1.7037363052368164 1.7497755289077759
4.208171844482422 6.528038431886429 1.9775437116622925 2.571139335632324
3.0895018577575684 5.578871692409848 2.2797160148620605 3.5872080326080322
2.3863372802734375 4.232058501382738 2.4604387283325195 4.264532089233398
5.184962272644043 6.346372128026523 1.8220025300979614 1.8749111890792847
4.841188907623291 6.0237257374718745 2.1473453044891357 2.8367695808410645
4.272866725921631 6.479999934539592 2.5064072608947754 4.04917573928833
3.2865922451019287 6.4216079966354584 2.7170767784118652 4.866179943084717
5.024716377258301 5.763885252252237 1.9562369585037231 2.009361505508423
3.741206407546997 5.72693958426316 2.2378439903259277 2.93218994140625
3.91876482963562 5.525677448796841 2.517245292663574 4.040687561035156
1.6231122016906738 3.108398429453416 2.676729440689087 4.755603313446045
5.441623210906982 6.459586794158268 2.072338581085205 2.1307718753814697
4.400314807891846 6.475264712680655 2.423164129257202 3.2363603115081787
4.148573875427246 7.056232222727772 2.7734158039093018 4.5869975090026855
2.2902495861053467 3.9696481127834886 2.9678304195404053 5.467601776123047
6.195007801055908 7.5908901613383915 2.2391738891601562 2.309380054473877
5.345331192016602 8.415098496855718 2.6884353160858154 3.685147523880005
3.5743987560272217 6.0560847693143245 3.139842987060547 5.39835262298584
3.1415035724639893 4.425464445808757 3.3835880756378174 6.522675037384033
5.274702548980713 6.089237445610706 2.430605888366699 2.53328275680542
4.527631759643555 6.567322110499532 2.6944034099578857 3.609818935394287
3.5773653984069824 5.668672669922813 2.933159112930298 4.8717145919799805
2.232837677001953 3.9479396078368154 3.062744617462158 5.664647102355957
5.924955368041992 6.998809828100661 2.5670652389526367 2.674065351486206
4.933297157287598 7.2343207301787515 2.9521191120147705 4.0621562004089355
2.695481777191162 5.74420271731374 3.2900736331939697 5.68104362487793
2.5943856239318848 5.0405024855663925 3.4632935523986816 6.698752403259277
6.836599349975586 8.350085953870643 2.7757418155670166 2.8977057933807373
5.442174434661865 8.687725407107983 3.3294684886932373 4.743401050567627
4.9074859619140625 8.356256463498072 3.8103785514831543 6.904289245605469
3.751173496246338 6.598737328903567 4.04653787612915 8.261345863342285
4.649537563323975 5.070299904434005 2.5268428325653076 2.799222707748413
3.979356050491333 5.6772963169319155 3.307335376739502 4.58651065826416
2.925384521484375 3.980064521389556 3.3130311965942383 5.662073612213135
2.0788626670837402 3.17260280089568 3.383152723312378 6.440978527069092
4.720317840576172 5.138375664753312 2.71536922454834 3.015716314315796
4.825534343719482 7.188973168643088 3.6299707889556885 5.231739044189453
3.767299175262451 4.8379974371612064 3.7669851779937744 6.738003253936768
3.348250389099121 4.822290234822049 3.879545211791992 7.767089366912842
6.0704264640808105 6.344123671926695 2.9983386993408203 3.3481054306030273
5.274226665496826 8.508293110800878 4.125275135040283 6.21566104888916
4.2188720703125 6.649526220792735 4.435123920440674 8.371967315673828
3.5542995929718018 5.588734416276566 4.609787464141846 9.790864944458008
4.370644569396973 5.303409109181665 1.5716910362243652 1.638975977897644
3.153085231781006 5.1369419870162005 1.8809826374053955 2.482513427734375
2.867056131362915 4.773597135023285 2.137174367904663 3.3639121055603027
2.9241650104522705 5.550385079774628 2.2790541648864746 3.9915854930877686
4.679835319519043 5.78956885742798 1.655570149421692 1.73006272315979
2.580699920654297 4.193534916345925 1.9997515678405762 2.6955080032348633
3.850466251373291 6.385358082684419 2.287550210952759 3.7375547885894775
2.684507131576538 4.9691474961328765 2.4466264247894287 4.484121322631836
5.272579669952393 6.793402273843084 1.7774648666381836 1.8610002994537354
4.714070796966553 7.428788173062685 2.1721060276031494 2.9936740398406982
4.1700544357299805 7.411650492643389 2.5059170722961426 4.248945236206055
3.8538787364959717 7.233821575625143 2.6885392665863037 5.151782989501953
5.197922229766846 6.270666764793077 1.8633613586425781 1.95418119430542
3.4754605293273926 5.346190706103414 2.2252614498138428 2.9960877895355225
3.628706932067871 5.392955896872827 2.501802921295166 4.083780765533447
2.0457606315612793 3.2584761950099517 2.6462032794952393 4.854903697967529
5.51767110824585 6.744675396181265 1.981372356414795 2.0861008167266846
4.740059852600098 8.108231464982921 2.407466411590576 3.3380327224731445
4.142469882965088 7.786873253841122 2.7407214641571045 4.696323394775391
3.0677433013916016 5.599406815759494 2.9133849143981934 5.661667823791504
6.2258782386779785 8.053559752059016 2.159759044647217 2.2814395427703857
4.714323043823242 7.147017967093632 2.6815178394317627 3.8375985622406006
4.105340003967285 5.561544380497911 3.0992395877838135 5.578026294708252
3.5150208473205566 6.384792929099607 3.312690496444702 6.814645767211914
5.438778877258301 6.5793992010927695 2.28053617477417 2.3995521068573
4.907577991485596 7.678218414066805 2.626084327697754 3.595473527908325
2.9849727153778076 4.958945450697229 2.8694868087768555 4.819040298461914
2.57169508934021 3.7743445846426766 2.990917205810547 5.684666633605957
6.098700523376465 7.428840112863995 2.4191715717315674 2.5620501041412354
4.825139999389648 7.707716154103764 2.8735198974609375 4.080880641937256
2.9452314376831055 5.302485220724989 3.2001192569732666 5.690488815307617
3.0647878646850586 5.441254024490541 3.359018564224243 6.820659160614014
7.000346660614014 8.913323185771127 2.6437203884124756 2.815612316131592
4.813307285308838 8.2095908871811 3.2571632862091064 4.814124584197998
3.8239879608154297 6.25571679706357 3.7086095809936523 6.988176345825195
2.8990089893341064 5.437622769895711 3.9228148460388184 8.500843048095703
4.518976211547852 5.276928004981528 2.4430999755859375 2.8667824268341064
3.433732748031616 4.757098521925002 3.218472957611084 4.482470989227295
3.5979461669921875 6.061693633167209 3.2010223865509033 5.491222858428955
2.732686758041382 4.53919128466211 3.2721996307373047 6.370652675628662
5.146065711975098 5.9781828923694675 2.630751848220825 3.1000783443450928
4.087774753570557 6.511326606565767 3.5231690406799316 5.148138046264648
3.8752198219299316 6.987833511345514 3.6141164302825928 6.600972652435303
3.837716579437256 6.664757459758047 3.725874423980713 7.790383815765381
6.060946941375732 6.908356139050284 2.9287362098693848 3.4666826725006104
4.9106316566467285 8.22538232509325 4.014641284942627 6.156176567077637
3.771400213241577 5.9812008043113 4.25931453704834 8.28616714477539
3.9509103298187256 6.730219039384366 4.43131685256958 9.931687355041504
3.5880608558654785 4.361964066305774 1.556373953819275 1.5990766286849976
2.7025063037872314 4.015518648659093 1.7778695821762085 2.275607109069824
2.5544018745422363 5.17589932170614 2.001364231109619 3.071233034133911
2.3158936500549316 4.6045873349396516 2.1373822689056396 3.626350164413452
4.074987411499023 5.094935728519317 1.6335958242416382 1.680298089981079
1.7497996091842651 2.370911909996096 1.8882545232772827 2.440269947052002
2.8705759048461914 5.170284400599115 2.1444954872131348 3.35475492477417
1.4247381687164307 3.5192699155019795 2.29711651802063 3.9981613159179688
4.902499198913574 6.079217527535491 1.7444230318069458 1.796228051185608
4.3766632080078125 7.070572067324434 2.0458569526672363 2.6772148609161377
3.944868803024292 6.600805089196626 2.347418785095215 3.760246753692627
2.4719555377960205 4.92390207449273 2.522162914276123 4.524060249328613
4.194145202636719 5.184169770987978 1.8840261697769165 1.929474949836731
3.683206081390381 6.453117334157014 2.135702610015869 2.7752606868743896
2.86970591545105 5.662730881108647 2.353829860687256 3.7454426288604736
1.9324697256088257 4.054185983417256 2.4737942218780518 4.409130573272705
4.818822860717773 5.992956576293125 1.9913004636764526 2.0445971488952637
4.669992923736572 7.829201566414213 2.304682731628418 3.0461463928222656
3.25705623626709 6.4257891570096035 2.5790200233459473 4.224133014678955
2.6782798767089844 4.430275105295034 2.723792314529419 5.033430099487305
5.766756057739258 7.294250217794996 2.1507012844085693 2.2144899368286133
4.670016288757324 7.208173671780486 2.5546493530273438 3.448915719985962
3.6158411502838135 6.550294098785233 2.9099059104919434 4.936460971832275
3.413811206817627 6.096443312191241 3.0890567302703857 5.955102920532227
4.3882246017456055 5.488030523090131 2.3625423908233643 2.4087305068969727
3.761439800262451 6.259987864220193 2.5943493843078613 3.4151880741119385
2.2975692749023438 3.877471581582995 2.7351505756378174 4.486204624176025
1.5222477912902832 3.265345232546224 2.7999653816223145 5.18962287902832
5.388985633850098 6.643166179583773 2.4932494163513184 2.5495967864990234
4.061145782470703 7.478102578403117 2.826364040374756 3.814919948577881
3.0050268173217773 5.040702415241661 3.0464587211608887 5.185812950134277
3.0041558742523193 5.845510913151783 3.1414194107055664 6.083615779876709
6.5791521072387695 8.304892064098212 2.6949210166931152 2.7681124210357666
5.098333358764648 9.164258506982149 3.18060040473938 4.4255690574646
4.119983196258545 6.933346268859168 3.517361640930176 6.255856990814209
4.007785320281982 6.1875615729592255 3.6537349224090576 7.444365978240967
3.5200090408325195 3.896933836647463 2.5529305934906006 2.785757303237915
3.5101265907287598 6.288690473974384 3.275989055633545 4.482040882110596
2.5917248725891113 5.6465580110621545 3.1146280765533447 5.232673168182373
1.7097078561782837 3.2389654438386515 3.0781736373901367 5.865992546081543
4.328516006469727 5.163168909909018 2.731316328048706 2.993914842605591
4.604332447052002 6.564722594777493 3.598095178604126 5.072460174560547
2.6401546001434326 3.514112708910652 3.5058529376983643 6.156145095825195
1.6304935216903687 3.7583265734791667 3.497218608856201 6.998080253601074
5.693229675292969 6.191247837253838 3.001931667327881 3.3121416568756104
5.272961616516113 8.516131485821347 4.07541036605835 5.962836265563965
4.3547210693359375 7.4151898698337675 4.108053207397461 7.583060264587402
3.726616144180298 7.473544660074822 4.1373701095581055 8.751965522766113
3.6630964279174805 4.341975153398329 1.7132123708724976 1.774996042251587
3.9016551971435547 6.906388566523205 2.023012638092041 2.6372249126434326
3.2679696083068848 5.647952948071179 2.2944893836975098 3.5944406986236572
2.1167891025543213 4.515167984804066 2.436647653579712 4.263873100280762
4.16324520111084 5.132236473345074 1.8049651384353638 1.8728338479995728
4.05574369430542 7.104251479881981 2.161173105239868 2.85815167427063
2.44159197807312 5.999427104448614 2.476813316345215 3.9769232273101807
3.2519547939300537 6.917377882633957 2.6397716999053955 4.765419006347656
5.000192165374756 6.165429561311953 1.9333884716033936 2.0098912715911865
4.699630260467529 7.856958901521352 2.3521485328674316 3.1661205291748047
4.255761623382568 6.849522043345239 2.728236198425293 4.5071210861206055
2.732774019241333 5.835773960196036 2.918332576751709 5.4557342529296875
4.287196159362793 5.149017380229054 2.120185613632202 2.2008421421051025
3.450707197189331 6.240568583662814 2.5103795528411865 3.336437463760376
3.21199369430542 5.511003368018564 2.813832998275757 4.581306457519531
2.1827986240386963 4.859543196172126 2.947920799255371 5.4242939949035645
4.977766990661621 6.099871875980284 2.2450695037841797 2.339287281036377
3.762301445007324 6.533272609533917 2.723792791366577 3.705939292907715
3.502912759780884 6.6574485628319735 3.1069397926330566 5.2424235343933105
3.0118649005889893 5.712752431232161 3.2744808197021484 6.2863078117370605
5.965925693511963 7.327165237132995 2.427399158477783 2.5392985343933105
4.967817306518555 8.522724515523109 3.0308549404144287 4.24198055267334
3.4354822635650635 5.783088962516331 3.5273683071136475 6.196215629577637
3.7599382400512695 6.647083507862135 3.7403430938720703 7.5207109451293945
4.492998123168945 5.429287162736273 2.6476616859436035 2.7313168048858643
3.9457614421844482 6.6120755944094185 3.097766876220703 4.192179203033447
2.942502737045288 5.744391709787401 3.3766658306121826 5.6812310218811035
2.982407331466675 5.790217192799284 3.4664435386657715 6.635818958282471
5.480565071105957 6.653774323552852 2.798837900161743 2.908806324005127
3.655102014541626 6.279488331015948 3.3944919109344482 4.7540693283081055
3.235025405883789 5.576805917517504 3.790727138519287 6.674073696136475
1.7592869997024536 2.566100655834603 3.923517942428589 7.902225017547607
6.659002780914307 8.184645693201446 3.030010938644409 3.176300525665283
5.788337230682373 9.930843642853631 3.835679769515991 5.587480545043945
4.777194976806641 7.757742587392897 4.403857231140137 8.144943237304688
4.3382158279418945 7.1374432075599366 4.596139907836914 9.76624584197998
3.479539394378662 4.011639331299932 2.762927532196045 3.023301839828491
4.042973041534424 7.188226238892412 3.782345771789551 5.283048152923584
2.751105308532715 5.403215741665235 3.9160141944885254 6.759584903717041
3.273667335510254 5.066216268245796 3.919142246246338 7.712286949157715
3.875331163406372 4.541027160157682 2.965817451477051 3.285731077194214
4.505642414093018 7.751059042116793 4.182816982269287 6.077789306640625
3.172807455062866 6.04853536049427 4.444613933563232 8.084461212158203
3.566585063934326 6.264741589248615 4.491369247436523 9.348952293395996
5.414391994476318 5.72090786417175 3.271407127380371 3.671893835067749
5.389752388000488 8.660803050803452 4.7807745933532715 7.281147003173828
4.4818549156188965 8.363582182243022 5.240644454956055 10.065363883972168
4.221527099609375 7.991008306319202 5.35028076171875 11.790667533874512
4.13463020324707 4.970962619995817 1.7640031576156616 1.8252391815185547
3.9106106758117676 6.105723691959156 2.0675578117370605 2.756586790084839
3.4215941429138184 5.973509511660595 2.3017892837524414 3.713172197341919
2.395695924758911 3.8696640094029346 2.403062343597412 4.314842700958252
4.3588786125183105 5.41121953346817 1.8493132591247559 1.9175281524658203
3.838589668273926 6.439155414019332 2.2060515880584717 2.9962966442108154
3.2721035480499268 5.080960237211059 2.4875452518463135 4.132554531097412
2.844667434692383 5.132365616645416 2.609431505203247 4.84423828125
4.960746765136719 6.477266542740836 1.9677491188049316 2.043290376663208
4.16671085357666 6.442819372963655 2.394963502883911 3.3172314167022705
3.1496195793151855 6.4492568878754355 2.739011764526367 4.689399719238281
2.3776330947875977 5.126246260327158 2.887528419494629 5.54397439956665
4.6800713539123535 5.667713726125072 2.1981234550476074 2.2752017974853516
3.218675374984741 5.555062444661189 2.5993285179138184 3.547553777694702
3.3912627696990967 5.286477862649776 2.8536181449890137 4.808581352233887
2.4249627590179443 5.167040373703571 2.9252302646636963 5.552897930145264
5.14390754699707 6.33566905153517 2.3146965503692627 2.4046692848205566
4.798850059509277 6.132453654727897 2.822772741317749 3.9628772735595703
3.271254301071167 4.059651784605011 3.160952091217041 5.54940938949585
2.6905786991119385 5.04475113924498 3.262512683868408 6.477187156677246
5.805026054382324 7.591308009564727 2.4806742668151855 2.586285352706909
4.9196062088012695 9.110153293216001 3.1348865032196045 4.537508964538574
3.965456962585449 6.387869902167857 3.586578130722046 6.570067882537842
3.197207450866699 6.300320915927415 3.7284135818481445 7.7453227043151855
4.798098564147949 5.861752352989566 2.6734225749969482 2.7805631160736084
3.997356653213501 7.126561142338005 3.199202537536621 4.476166248321533
2.7493083477020264 4.9545219515762255 3.437535524368286 5.9996819496154785
2.449855089187622 4.241787131310993 3.4523000717163086 6.8308796882629395
5.47304630279541 6.788745652689386 2.8237693309783936 2.957092761993408
4.905968189239502 7.930286156037162 3.5247488021850586 5.121982097625732
3.7155041694641113 6.410579962186148 3.886577844619751 7.1308817863464355
3.13153076171875 5.966379368250713 3.9346282482147217 8.211514472961426
6.376228332519531 8.29456150400344 3.047271251678467 3.2136099338531494
4.729498863220215 7.379961473411868 3.9939332008361816 6.040688991546631
4.052212238311768 6.467058466026742 4.521168231964111 8.729670524597168
3.6011927127838135 6.3845894172263655 4.613907814025879 10.151233673095703
4.340254783630371 5.057708921019014 2.9322457313537598 3.243614673614502
3.250620126724243 5.934971485258447 3.7742056846618652 5.442759037017822
3.538175582885742 5.695483384025021 3.956984519958496 7.086248397827148
1.9159586429595947 3.0889468869254415 3.8989224433898926 7.927978515625
4.575387954711914 4.764402852428546 3.2079412937164307 3.51841139793396
3.917182207107544 6.6571303131685795 4.1965742111206055 6.309210300445557
3.4831674098968506 5.624113023032351 4.535735607147217 8.58931827545166
3.1832435131073 6.080896894052557 4.513330459594727 9.731471061706543
5.699239730834961 5.970950365424983 3.557821750640869 3.9554247856140137
4.617295742034912 7.568394016291123 4.81874418258667 7.60270881652832
4.382887840270996 6.956434670174161 5.370273590087891 10.752456665039062
3.842777967453003 6.236165316079216 5.389133453369141 12.296666145324707
4.007555961608887 4.790123457271889 1.7253538370132446 1.7697900533676147
3.3337457180023193 5.623650513455985 2.0039618015289307 2.5930449962615967
3.1315195560455322 5.113906902795861 2.2674400806427 3.5055251121520996
2.2319629192352295 3.668185335497583 2.406263589859009 4.10202169418335
4.269702911376953 5.353569488312019 1.8088282346725464 1.8604459762573242
2.8631627559661865 4.816881329606531 2.1342978477478027 2.806936740875244
3.2759199142456055 5.201692504163326 2.44504451751709 3.887760639190674
2.9675912857055664 4.33804706246508 2.606956720352173 4.608770847320557
4.934432029724121 6.303150153337924 1.9258368015289307 1.9871305227279663
4.183791160583496 6.8731896107110515 2.3151917457580566 3.111365556716919
3.998006820678711 5.743104651085673 2.6897194385528564 4.427248001098633
3.517317295074463 6.091500638734914 2.8815176486968994 5.31577205657959
4.644349575042725 5.614654517024064 2.1592483520507812 2.200709342956543
4.337491989135742 7.175824861218302 2.517824411392212 3.3256216049194336
3.099733829498291 5.495060301933858 2.8069653511047363 4.5317063331604
2.3736655712127686 4.6447613562625065 2.932924509048462 5.285241603851318
5.083098888397217 6.273009168863299 2.2659177780151367 2.3230602741241455
4.4118523597717285 7.344865457630959 2.716524362564087 3.682541847229004
3.394444704055786 5.854642648479057 3.0941381454467773 5.195302486419678
2.735957384109497 4.006249941215756 3.259831190109253 6.15995979309082
5.770005702972412 7.438118793834477 2.4217734336853027 2.498983860015869
5.169620990753174 8.333955433497223 3.0029282569885254 4.20559024810791
3.832458019256592 6.16495583814185 3.504505157470703 6.164450645446777
3.8020737171173096 7.119625156958527 3.722661256790161 7.427272319793701
4.84696102142334 5.861941511348164 2.689847946166992 2.754851818084717
2.739025592803955 4.2845766233304 3.142752170562744 4.248318195343018
3.5242090225219727 6.030661106978641 3.4010860919952393 5.698151588439941
2.769638776779175 4.49393752360578 3.4745755195617676 6.547890663146973
5.530686378479004 6.807649597088515 2.826657772064209 2.9065489768981934
4.477982521057129 7.944597270646113 3.426013708114624 4.793033123016357
3.40667724609375 5.799278521522533 3.8104231357574463 6.70037841796875
2.8464040756225586 4.700188575185626 3.9372003078460693 7.841561794281006
6.4628095626831055 8.217743847157205 3.0294246673583984 3.1363918781280518
4.736921310424805 7.832821235852087 3.841813564300537 5.607264041900635
4.479180335998535 7.621655577081395 4.412065029144287 8.19711685180664
3.3125908374786377 5.730555428234891 4.609410762786865 9.757645606994629
3.5420050621032715 3.8711017201116817 2.9203126430511475 3.1593732833862305
3.883112668991089 6.851324486835438 3.806445360183716 5.353365421295166
2.4354898929595947 3.829364898820042 3.9654595851898193 6.847135543823242
2.4581472873687744 4.844406511607303 3.9480676651000977 7.682135581970215
3.7525203227996826 4.390030230197155 3.1161949634552 3.395683765411377
4.479586601257324 7.44821892132444 4.192777633666992 6.155211448669434
3.6022591590881348 6.049659324191339 4.491370677947998 8.184959411621094
3.8800437450408936 6.800131957388373 4.5324201583862305 9.36400318145752
5.464775562286377 6.1079270547508395 3.403275489807129 3.746091365814209
3.015657663345337 4.8378262650691255 4.763411521911621 7.3335862159729
4.199819564819336 6.887757345452954 5.277169704437256 10.209822654724121
2.909445285797119 5.087215064116549 5.395240783691406 11.884082794189453
3.921757459640503 4.366242040494441 1.4706090688705444 1.5199339389801025
3.6099307537078857 5.902664060802181 1.7341768741607666 2.243126153945923
2.9644899368286133 5.00248921231676 1.9998011589050293 3.0558600425720215
2.554194211959839 4.925687292595853 2.1605818271636963 3.619562864303589
4.295534133911133 5.002288786747258 1.5415153503417969 1.5944790840148926
3.7749149799346924 5.326716788949852 1.8311841487884521 2.3976333141326904
3.0373458862304688 5.982649138588728 2.129574775695801 3.3337180614471436
3.017357110977173 5.887071470987166 2.3104302883148193 3.9935855865478516
5.0034637451171875 6.159042844998451 1.6438956260681152 1.7018929719924927
3.843158006668091 5.035009402190894 1.971580147743225 2.618757963180542
3.434210777282715 6.490689202516592 2.3170182704925537 3.731009006500244
3.6051666736602783 6.833741647475524 2.5256142616271973 4.525844573974609
4.491666793823242 5.07530777203317 1.6789051294326782 1.7416627407073975
3.622084140777588 5.202048324747153 1.9945329427719116 2.6264193058013916
2.1812515258789062 3.0258207510383954 2.30576229095459 3.6422414779663086
2.60042142868042 5.530503447276175 2.4870097637176514 4.3474955558776855
5.040658950805664 5.988170775961692 1.7800348997116089 1.8471810817718506
4.494269371032715 7.488499868099371 2.1412320137023926 2.8684587478637695
3.474545478820801 6.304586701228438 2.5091590881347656 4.09778356552124
3.168492555618286 5.025249282869709 2.7238380908966064 4.96454381942749
5.931938171386719 7.394060328942672 1.9297099113464355 2.004822254180908
5.030669689178467 8.455661462961697 2.360295295715332 3.229832649230957
4.015319347381592 6.844258131156266 2.8134853839874268 4.778585433959961
3.6240789890289307 6.47482967822296 3.0772042274475098 5.88387393951416
4.698679447174072 5.378075423058647 1.9488813877105713 2.0729739665985107
3.406996011734009 6.324540788878323 2.295069932937622 3.098048686981201
2.707735538482666 5.351224656956674 2.621103048324585 4.26339864730835
2.8055219650268555 4.9230599680407465 2.8017141819000244 5.068723678588867
5.464468479156494 6.533723892985677 2.0735960006713867 2.1964685916900635
4.658736228942871 7.9768587172217735 2.492534637451172 3.4311842918395996
4.191255569458008 7.107460156315085 2.900520086288452 4.9116363525390625
2.7584550380706787 4.852971243715729 3.126584529876709 5.944370746612549
6.61865234375 8.325500746091251 2.265188217163086 2.3930885791778564
5.694551467895508 8.874351526052124 2.793034791946411 3.9467499256134033
5.0074992179870605 8.005930944746282 3.328038215637207 5.910946369171143
4.189594268798828 7.842678207855124 3.6245312690734863 7.289299488067627
3.4421401023864746 3.8853302856734615 2.145214319229126 2.4304497241973877
2.443270206451416 4.192148899260417 3.0570871829986572 4.262474060058594
3.1123385429382324 5.957661641505865 2.9281058311462402 4.907177925109863
2.849181890487671 6.29687464870949 3.0722553730010986 5.704259872436523
4.754054069519043 5.159851862168606 2.3050899505615234 2.6110081672668457
4.092143535614014 6.902755054089482 3.292062282562256 4.750468730926514
3.055783271789551 5.392964214953622 3.2800116539001465 5.745018005371094
3.3051540851593018 6.7276484293807695 3.473898410797119 6.811803340911865
5.981710910797119 6.522194076955657 2.5480713844299316 2.8919777870178223
5.068560600280762 8.503108121059334 3.658168077468872 5.520796775817871
4.4332709312438965 6.956769498397783 3.8233258724212646 7.055800914764404
4.063279628753662 6.450132273077088 4.098386287689209 8.540204048156738
3.7988264560699463 4.5480879844713655 1.520959496498108 1.569457769393921
3.519821882247925 5.785828883635162 1.78694486618042 2.34039306640625
2.9038944244384766 5.4402170854455765 2.0587167739868164 3.220663070678711
2.042454719543457 4.288454792407862 2.2240960597991943 3.83565616607666
4.284960746765137 5.312208215927967 1.600152611732483 1.6548690795898438
3.9806466102600098 6.799065596348939 1.9013104438781738 2.526947021484375
2.16670298576355 3.878199065093895 2.208782434463501 3.547630786895752
2.0330381393432617 2.9359207197278465 2.392904281616211 4.264666557312012
5.0209431648254395 6.384831106641874 1.7159552574157715 1.7782723903656006
4.556631565093994 7.796979121277204 2.068005323410034 2.798037052154541
4.381639003753662 6.627639320107079 2.4267005920410156 4.022017478942871
3.4230728149414062 6.924237596881156 2.6364376544952393 4.882945537567139
4.412747383117676 5.33780496170376 1.775879144668579 1.8287240266799927
3.8822388648986816 6.6498504793628115 2.090684652328491 2.7876906394958496
3.540748119354248 6.416469686577955 2.396747589111328 3.889979839324951
2.1396946907043457 3.4034133658333303 2.575843572616577 4.659420490264893
4.99718713760376 6.169154129760603 1.8876327276229858 1.9524941444396973
4.286705493927002 7.2735991960672655 2.264605760574341 3.0874037742614746
3.7006657123565674 6.974159572914232 2.631256580352783 4.427334785461426
2.5401904582977295 5.526586248890293 2.840120792388916 5.364799976348877
5.899705410003662 7.6556606431328476 2.056864023208618 2.136683702468872
3.684682607650757 6.925606428465585 2.527919054031372 3.5403923988342285
3.8042328357696533 7.4841686973663855 2.98535418510437 5.242073059082031
3.7704501152038574 6.94991759846247 3.2365529537200928 6.427070617675781
4.640424728393555 5.639226281526362 2.15433406829834 2.165081262588501
3.2717385292053223 5.76981408821446 2.442521095275879 3.2936203479766846
3.852283000946045 6.6960103537394895 2.7321934700012207 4.5608110427856445
3.2897720336914062 4.991954405691552 2.902973175048828 5.4441094398498535
5.514410972595215 6.7949223079650665 2.2844862937927246 2.3261072635650635
4.574430465698242 8.074723231274902 2.673543691635132 3.719339370727539
4.240419387817383 6.866717947156388 3.0520193576812744 5.323336124420166
3.1929404735565186 5.887740809862407 3.2623612880706787 6.437551021575928
6.642980575561523 8.587972196295595 2.4952926635742188 2.5691001415252686
5.7580342292785645 9.730327912358007 3.037022113800049 4.378975868225098
4.608220100402832 6.408285506996279 3.5489189624786377 6.514795780181885
3.3597793579101562 4.969056846147396 3.8165371417999268 7.978196620941162
3.647589683532715 4.156627404704125 2.3268790245056152 2.5903334617614746
3.692152500152588 6.217115794579968 2.9711952209472656 4.0934038162231445
2.717782735824585 4.546260387091252 3.031506061553955 5.158990859985352
2.6676957607269287 4.535356179679098 3.1675572395324707 6.087733745574951
4.728630542755127 5.016326608756943 2.4167699813842773 2.815927743911743
4.629149913787842 7.2194895352406805 3.2493059635162354 4.6247053146362305
3.64665150642395 5.609517718528878 3.424060821533203 6.127509117126465
2.7872374057769775 4.8849376618617235 3.6063764095306396 7.32950496673584
5.07290506362915 6.007676843523163 2.707707166671753 3.1604726314544678
5.415895938873291 9.458217798783608 3.702549695968628 5.496819972991943
3.3568308353424072 6.109910440869044 4.047075271606445 7.66570520401001
3.0394515991210938 3.764602435050648 4.2944440841674805 9.288564682006836
3.751319169998169 4.313729728174252 1.7122679948806763 1.7653172016143799
3.6920483112335205 6.075435674822415 2.033426523208618 2.6967885494232178
3.2720134258270264 5.554381211282362 2.336730718612671 3.709258556365967
1.9903218746185303 2.907196885359543 2.501755952835083 4.392360210418701
4.137178421020508 5.12536288878556 1.7963639497756958 1.8573919534683228
3.658846378326416 6.846876130978387 2.167635917663574 2.919377088546753
2.9878156185150146 5.811247226651005 2.521904230117798 4.104756832122803
2.420793056488037 4.26217873837561 2.714237689971924 4.914201259613037
4.898587226867676 6.3070231316198715 1.9154986143112183 1.9874709844589233
4.62837553024292 7.383611059434548 2.3567698001861572 3.2337100505828857
2.8051931858062744 6.618545485542296 2.781050682067871 4.664956569671631
3.5526387691497803 6.76690394088854 3.009077787399292 5.651081562042236
4.28680419921875 5.02002352278473 2.133683443069458 2.193387269973755
3.8408889770507812 6.578947444313201 2.5462379455566406 3.447685718536377
2.893228530883789 4.626097367310567 2.908438205718994 4.813216209411621
2.4251203536987305 4.4370572394068954 3.086303949356079 5.715127468109131
4.90994930267334 5.972679231524916 2.2450222969055176 2.3167779445648193
4.455833911895752 7.817787660225292 2.7539916038513184 3.8159143924713135
2.514561176300049 4.466451927038792 3.209057569503784 5.499197483062744
2.2015907764434814 4.191324165716651 3.4332525730133057 6.623327255249023
5.800290107727051 7.489114953146861 2.409404754638672 2.499889373779297
4.290924549102783 8.072828383023761 3.056079149246216 4.355526924133301
4.542981147766113 6.706821335669588 3.6410634517669678 6.5038161277771
3.728240489959717 6.216889244325621 3.92693829536438 7.946592330932617
4.573866844177246 5.387704395448253 2.6522581577301025 2.7515623569488525
3.992433786392212 6.590972436011157 3.143827199935913 4.363977432250977
2.6776845455169678 4.190399925272914 3.518160343170166 6.0380167961120605
1.3237974643707275 2.3430719764064634 3.679192304611206 7.108849048614502
5.3846259117126465 6.527837714847351 2.7944459915161133 2.9097912311553955
3.126265525817871 4.786590191325374 3.43669056892395 4.920403480529785
3.276099681854248 5.600305710833712 3.9458494186401367 7.067261219024658
2.171901226043701 2.712019820791436 4.17025089263916 8.451976776123047
6.530669212341309 8.404851398812752 3.008183717727661 3.1515190601348877
5.50701379776001 8.59572978241755 3.8744242191314697 5.753460884094238
3.736443042755127 6.959930635681161 4.575031280517578 8.601741790771484
2.5039000511169434 4.381274682175331 4.883162975311279 10.440434455871582
3.2888574600219727 3.6007202767855233 2.765676736831665 3.097841501235962
3.0997564792633057 4.860877348708527 3.7470123767852783 5.382516860961914
2.9522812366485596 5.301231702838848 4.069721221923828 7.189828872680664
2.2802441120147705 4.153287633823288 4.184792995452881 8.330415725708008
4.315609455108643 5.0070325541853435 2.9595277309417725 3.3297641277313232
3.5306246280670166 5.520085115319148 4.140586853027344 6.172290802001953
3.565363883972168 6.915939272673164 4.614636421203613 8.55691909790039
1.6401779651641846 3.142395213831662 4.8026533126831055 10.069818496704102
5.975085735321045 6.9236803010101085 3.2525923252105713 3.6917762756347656
4.513806343078613 8.286221980777214 4.7322282791137695 7.36977481842041
4.717365741729736 8.52397579838157 5.429534435272217 10.610507011413574
2.2323102951049805 3.867786752411746 5.712400436401367 12.660008430480957
3.6437771320343018 4.366420928544379 1.4894078969955444 1.5405877828598022
3.183581590652466 4.79666610226991 1.7611993551254272 2.3248114585876465
2.4975650310516357 3.4624619126403218 2.0315186977386475 3.2260591983795166
1.946138620376587 3.1416177471080573 2.1850547790527344 3.8507158756256104
4.186524868011475 5.233224211395054 1.5697743892669678 1.6255607604980469
3.4664089679718018 6.577267192854208 1.8770959377288818 2.511247158050537
2.872483730316162 5.619369280374599 2.1825809478759766 3.5458734035491943
2.8065388202667236 4.700258165703275 2.353846788406372 4.266180992126465
4.9387078285217285 6.33804053424454 1.6891734600067139 1.7512586116790771
4.068864822387695 6.985673758821775 2.04763126373291 2.7805309295654297
3.828005313873291 5.378069893806745 2.4018313884735107 4.002758502960205
3.164919853210449 5.888589360939676 2.595379590988159 4.8560662269592285
4.2307820320129395 5.161779310940005 1.7184860706329346 1.786811113357544
3.5018045902252197 5.696706214290316 2.0500240325927734 2.7776620388031006
2.597027063369751 4.739751366836572 2.367614269256592 3.9296023845672607
2.1319172382354736 4.031991362576036 2.537346839904785 4.722170829772949
4.900126934051514 6.070451769329225 1.8345297574996948 1.9092133045196533
2.5524702072143555 4.598697316729584 2.22796368598938 3.078646183013916
3.783940315246582 6.172523018065524 2.6058027744293213 4.466724395751953
3.4492146968841553 6.304912458501349 2.803927183151245 5.423881530761719
5.808104038238525 7.634044727020111 2.0128190517425537 2.0979440212249756
4.611416339874268 7.289776929863706 2.500596761703491 3.5345213413238525
4.302437782287598 5.9559668214409385 2.9655046463012695 5.2720818519592285
3.9296748638153076 7.005740501250322 3.2010433673858643 6.468691825866699
4.379813194274902 5.432800124760206 2.0427825450897217 2.158308744430542
3.6821024417877197 5.679533545282538 2.3884551525115967 3.322622537612915
2.584684371948242 4.737297899610695 2.712937593460083 4.674272060394287
2.409679651260376 4.314060056989945 2.8781888484954834 5.594089984893799
5.308830738067627 6.614697890483058 2.187201499938965 2.307331085205078
4.225994110107422 7.258687992977855 2.6282012462615967 3.7502567768096924
3.1568644046783447 4.833790633454328 3.040480375289917 5.452071189880371
2.9968512058258057 5.7105682827277064 3.2436587810516357 6.603451251983643
6.42899227142334 8.435529534224486 2.4161159992218018 2.5497279167175293
5.14341402053833 8.556522293521326 3.0071334838867188 4.418752670288086
4.127398490905762 6.131010842526141 3.5479938983917236 6.648011207580566
3.6802725791931152 6.0265245265731 3.802456855773926 8.14566421508789
2.988359212875366 3.260915138429368 2.29943585395813 2.609476327896118
3.9435627460479736 7.302617573870691 2.891523838043213 4.183449745178223
2.8722147941589355 6.137003384932186 3.0328197479248047 5.379632472991943
2.3710556030273438 4.734352473297982 3.1646831035614014 6.344160079956055
5.1670823097229 5.799414686529531 2.489539623260498 2.825307846069336
4.078812599182129 7.645242136229285 3.1935107707977295 4.7570719718933105
3.311429262161255 5.70548665640149 3.44075083732605 6.390079021453857
3.0424442291259766 4.419851705319047 3.614638090133667 7.630174160003662
5.128485202789307 6.083750707949548 2.788390636444092 3.172868013381958
5.530763626098633 9.666172933142263 3.675443410873413 5.6608805656433105
3.2108724117279053 4.339478147185378 4.080487251281738 7.958816051483154
3.6926984786987305 6.8946951702137085 4.31150484085083 9.61357307434082
3.99768328666687 4.829833693916953 1.584803581237793 1.6401597261428833
3.5882444381713867 5.858067335883561 1.8804675340652466 2.4885013103485107
2.4164981842041016 4.106485305276308 2.1527185440063477 3.4149625301361084
3.3497607707977295 6.10568611353392 2.3110721111297607 4.061768531799316
4.342584133148193 5.378930765296246 1.662101149559021 1.7235519886016846
3.4485538005828857 6.353125219745337 1.9927423000335693 2.667135000228882
3.3316779136657715 5.8388683975214235 2.3047897815704346 3.7299094200134277
3.74865984916687 6.723352693011883 2.486772060394287 4.478658199310303
5.000441074371338 6.397984639593233 1.7735874652862549 1.8429023027420044
4.795868396759033 8.351608765874687 2.153214454650879 2.922201156616211
4.379000186920166 7.90494911124847 2.5198721885681152 4.177718639373779
3.1902873516082764 4.56687965566789 2.7337098121643066 5.070796966552734
4.538982391357422 5.528499420155995 1.9188894033432007 1.9756666421890259
3.562944173812866 5.674405647243816 2.2803969383239746 3.0486724376678467
3.686291217803955 6.94149900691617 2.595820903778076 4.232624053955078
3.3354544639587402 6.472105826678174 2.7662405967712402 5.052953243255615
5.0863871574401855 6.248158934283424 2.0219860076904297 2.089010000228882
4.412954330444336 7.155810395641936 2.4480409622192383 3.3348758220672607
3.908442735671997 6.853205920161116 2.835223913192749 4.76416540145874
3.114103078842163 6.247338494834429 3.0457050800323486 5.762951374053955
5.804799556732178 7.653091044330807 2.1768441200256348 2.257615566253662
5.208949565887451 8.936694806868672 2.69622540473938 3.7566418647766113
4.315036773681641 8.113156480930083 3.1855013370513916 5.545386791229248
2.747852087020874 5.788452150733178 3.451517343521118 6.803957462310791
4.666461944580078 5.733124790211535 2.4028143882751465 2.467425584793091
4.6272873878479 7.615125401827186 2.7977912425994873 3.766030788421631
2.4397435188293457 4.280894880800474 3.0984487533569336 5.165096759796143
2.064152479171753 4.432092216296951 3.243896245956421 6.105939865112305
5.440349578857422 6.700012038864429 2.531052589416504 2.6046245098114014
4.930706024169922 9.065958598800535 3.0280683040618896 4.191037654876709
3.8005101680755615 6.247131714233129 3.432335615158081 5.952199459075928
3.4208223819732666 5.527649290157115 3.6321277618408203 7.142659664154053
6.402457237243652 8.409962138322129 2.725393772125244 2.8174073696136475
4.8283586502075195 8.462858138696419 3.374960422515869 4.826591968536377
4.052657604217529 7.182183177370462 3.9321558475494385 7.129659652709961
3.8270792961120605 7.118216352857951 4.208566188812256 8.69227409362793
3.679253101348877 4.126236552703631 2.539248466491699 2.7872886657714844
3.301378011703491 5.3863474200788914 3.5150091648101807 4.914036273956299
2.435220241546631 4.642828935334364 3.611388921737671 6.146209239959717
1.5217103958129883 3.5318114682967803 3.678128480911255 7.080892086029053
4.1071319580078125 4.895587886889359 2.7100918292999268 2.987096071243286
4.111781120300293 6.8305468566474214 3.82917857170105 5.5160675048828125
3.9536831378936768 6.888255203711054 4.040624618530273 7.209258079528809
2.815429925918579 5.163072695094737 4.164505481719971 8.422842025756836
5.124730587005615 5.7765338778511595 2.970975160598755 3.2970855236053467
4.614802360534668 7.208182198978278 4.296092510223389 6.426395893096924
4.145697116851807 7.219095900947593 4.685628890991211 8.797270774841309
4.617321491241455 7.963326611614889 4.894044399261475 10.44410228729248
3.7250638008117676 4.472583145876655 1.4996589422225952 1.5523697137832642
3.2264957427978516 6.017677286160506 1.7642418146133423 2.3354098796844482
2.9025681018829346 5.173412222484323 2.023343801498413 3.2347207069396973
2.520214080810547 4.907999722349814 2.173114061355591 3.864224910736084
4.2239089012146 5.3509526003399515 1.57337486743927 1.6320483684539795
3.96740460395813 6.598608874078423 1.872959852218628 2.520918846130371
3.519690990447998 6.465216230866346 2.169292688369751 3.5663063526153564
2.247117280960083 5.166094359232446 2.33787202835083 4.2994608879089355
4.974829196929932 6.29251423235246 1.6805260181427002 1.746620535850525
4.321916103363037 7.145188123250159 2.028682231903076 2.7820184230804443
4.013180255889893 6.939979684675104 2.3757035732269287 4.033914566040039
3.651242256164551 5.75725989502115 2.569195032119751 4.913066864013672
4.344184398651123 5.253700474811922 1.7379252910614014 1.8008437156677246
2.8360822200775146 4.788536783965355 2.0535590648651123 2.7798221111297607
2.581730842590332 4.595266484394525 2.350281238555908 3.9080302715301514
1.7079194784164429 2.6342584393792876 2.511841058731079 4.6889142990112305
4.938727378845215 6.139233316470154 1.8396133184432983 1.9130724668502808
4.40717077255249 7.609234006955774 2.2159996032714844 3.071549892425537
3.287217617034912 6.6235761117959555 2.576176166534424 4.447725296020508
2.499621629714966 5.13639738262518 2.768326759338379 5.400054931640625
5.910307884216309 7.5725433161506714 1.9942233562469482 2.081364870071411
4.806357383728027 7.7767009532403835 2.458235502243042 3.501664161682129
4.261856555938721 6.411059059120329 2.908588409423828 5.243610382080078
2.6332590579986572 3.980691639401221 3.1425817012786865 6.445010185241699
4.5543413162231445 5.575340129645156 2.0831711292266846 2.162882089614868
3.2485334873199463 5.787506949246563 2.392422676086426 3.307461738586426
3.157264232635498 6.445220366903527 2.6790175437927246 4.604037284851074
2.7415332794189453 5.1515953576591755 2.8301703929901123 5.488545894622803
5.409314155578613 6.679348116173628 2.2089226245880127 2.3030171394348145
4.297518730163574 7.0849374481382945 2.6086792945861816 3.714224338531494
3.9151864051818848 6.54750588838732 2.984927177429199 5.366490364074707
2.3699398040771484 5.210811718316336 3.177260160446167 6.486387252807617
6.659811496734619 8.480240990708019 2.4048900604248047 2.5185859203338623
4.843751907348633 8.94088463822699 2.9405839443206787 4.334960460662842
3.2091524600982666 6.922367047650653 3.4484970569610596 6.524494647979736
4.46434211730957 6.211018030463805 3.698425054550171 7.994541168212891
3.617218017578125 4.014038827649529 2.1693079471588135 2.5136866569519043
3.845850944519043 6.974539128087336 2.8318240642547607 4.029496192932129
3.3249683380126953 5.7574264155068136 2.9752488136291504 5.2503204345703125
2.287511110305786 4.728832994006808 3.0907022953033447 6.158231735229492
4.439014434814453 5.099492202886987 2.33288836479187 2.7168118953704834
4.302638053894043 7.321781911347166 3.111748218536377 4.606688976287842
3.9436678886413574 6.322507018546986 3.352598190307617 6.2219743728637695
3.3493857383728027 6.544127803854394 3.512568950653076 7.40081262588501
5.384089469909668 6.00077571588082 2.5869948863983154 3.031785726547241
5.227880954742432 9.039266854696407 3.5451862812042236 5.479751110076904
4.351921081542969 8.008669327261458 3.931809425354004 7.714389324188232
4.649481773376465 7.1920504801235445 4.15780782699585 9.309367179870605
4.422852993011475 4.933869173686645 1.6459219455718994 1.7005726099014282
3.8447763919830322 6.078220138080333 1.93529212474823 2.504591703414917
3.1809821128845215 5.884602485099549 2.2050294876098633 3.3835599422454834
3.2281086444854736 5.4789090574495845 2.352421283721924 3.9886374473571777
4.621524333953857 5.423647325545627 1.7352955341339111 1.7966779470443726
4.018412113189697 6.2429984841843975 2.064509391784668 2.7158586978912354
2.528960943222046 5.19648632387117 2.3761236667633057 3.7444024085998535
3.2458057403564453 6.011330011244354 2.546424388885498 4.458089828491211
5.118388652801514 6.23180385969556 1.864917278289795 1.9344207048416138
4.642995357513428 7.986341205881047 2.251671075820923 3.016875743865967
2.7048943042755127 6.05548762991716 2.6214053630828857 4.26127290725708
2.201951503753662 3.0294836120526725 2.821775436401367 5.1284027099609375
5.08924674987793 5.771701592904048 2.0054996013641357 2.0777831077575684
4.39274263381958 6.675204106597119 2.3662116527557373 3.1061432361602783
2.4748003482818604 4.48214257043395 2.6776511669158936 4.24059534072876
2.8513429164886475 4.993276420207621 2.8300297260284424 5.014954566955566
5.52273416519165 6.544829832896445 2.130345106124878 2.2117559909820557
4.723222732543945 8.14801660143138 2.5659725666046143 3.4527454376220703
3.791837453842163 6.9635941015840785 2.9519991874694824 4.8575849533081055
2.791905403137207 5.676414450362742 3.142357587814331 5.816402912139893
6.119369983673096 7.449949145648162 2.3157501220703125 2.4113261699676514
3.871938705444336 6.713833123737459 2.8643295764923096 3.965843439102173
4.824239730834961 8.534351076384887 3.35872220993042 5.775500774383545
3.866800546646118 6.8008899542310814 3.601217269897461 7.008151531219482
5.3638200759887695 6.1525275430788895 2.49517560005188 2.61030912399292
4.401603698730469 6.980639816050143 2.89516282081604 3.853466033935547
3.1001110076904297 4.448713146089517 3.1958935260772705 5.193833351135254
2.2909531593322754 3.8064985800317572 3.318814516067505 6.086269378662109
6.088464736938477 7.205624391957116 2.6475942134857178 2.7752737998962402
4.835946083068848 7.436141266160519 3.1736297607421875 4.365698337554932
3.644686460494995 5.888404822303073 3.58308482170105 6.111079216003418
2.762444019317627 5.173084548450512 3.756608009338379 7.259227275848389
6.877797603607178 8.420159283046814 2.8829073905944824 3.0325710773468018
5.132286548614502 8.429548833094756 3.599168300628662 5.144825458526611
4.736993312835693 7.875783064313509 4.169849872589111 7.504125118255615
3.439464569091797 6.536133346035115 4.415008068084717 9.042468070983887
3.6114754676818848 3.724830927621383 2.5849454402923584 2.8783302307128906
3.450782060623169 5.538180639413895 3.6754939556121826 5.035403728485107
2.4514877796173096 4.611587779675247 3.713989019393921 6.163934230804443
3.0510692596435547 5.845494227972495 3.751389265060425 7.048859119415283
4.916493892669678 5.535171479445125 2.793452262878418 3.118445634841919
3.6018285751342773 4.839691370161798 4.03872537612915 5.740145683288574
3.283705472946167 4.579246591531728 4.206859111785889 7.377363204956055
3.065906047821045 5.0812401136072936 4.300920009613037 8.56424617767334
5.098784923553467 6.026859904643044 3.1089305877685547 3.4873218536376953
4.3279595375061035 6.312873968755866 4.605087757110596 6.838747978210449
2.611426830291748 5.052875823213725 4.963065147399902 9.240913391113281
2.9339964389801025 5.066918990161895 5.138199806213379 10.889199256896973
3.697746992111206 4.284114233910941 1.7461323738098145 1.7847542762756348
3.239621162414551 5.753220829739552 2.012687921524048 2.5777409076690674
2.8632054328918457 4.77125947232588 2.2810263633728027 3.530586004257202
2.130199909210205 3.482062480814136 2.4262642860412598 4.180116653442383
4.12345027923584 5.016787471010616 1.8324058055877686 1.8758479356765747
3.1301066875457764 4.718772757468571 2.145375967025757 2.786294937133789
2.9922537803649902 5.2161006050303165 2.46461820602417 3.9068076610565186
2.2472798824310303 3.4679880472223097 2.6372599601745605 4.6822333335876465
4.941895484924316 6.272476655057027 1.952832818031311 2.0051681995391846
4.715396881103516 7.600726745419948 2.3284642696380615 3.083585262298584
3.6039531230926514 6.442079221415952 2.716681480407715 4.440747261047363
3.68684458732605 6.282466206908822 2.925886631011963 5.3900146484375
4.367738246917725 5.117721884124535 2.178205728530884 2.2295265197753906
4.2195611000061035 6.892755702614522 2.531959056854248 3.3197550773620605
3.0170207023620605 5.605416818007598 2.8456475734710693 4.601634502410889
2.2095818519592285 3.4858549754332273 2.9868876934051514 5.43309211730957
4.910747051239014 5.968339287735006 2.2950186729431152 2.3502776622772217
4.261905193328857 7.2328854867158014 2.7393932342529297 3.6713736057281494
3.3117923736572266 6.094953364273735 3.1431784629821777 5.260891437530518
2.895650625228882 5.1295683738186835 3.3285810947418213 6.307468414306641
5.831322193145752 7.450152563517122 2.462824583053589 2.53139328956604
4.649393081665039 7.782579963047521 3.034684181213379 4.191006183624268
3.4819979667663574 5.174847757400244 3.564976215362549 6.226693153381348
3.12023663520813 4.808300338660956 3.8112523555755615 7.579629421234131
4.511017322540283 5.318022194396633 2.6727521419525146 2.7766828536987305
4.05083703994751 6.6306149741301486 3.1301538944244385 4.229132652282715
2.1989688873291016 3.0786596842690415 3.4524588584899902 5.805224418640137
2.9443516731262207 5.156940025142376 3.557507276535034 6.758130073547363
5.349305629730225 6.458069702248423 2.8194055557250977 2.9369075298309326
4.139004707336426 6.953531918744375 3.425692558288574 4.76920223236084
3.692124128341675 6.057724121639229 3.876758098602295 6.803028106689453
3.13045597076416 4.734430762761292 4.039007186889648 8.05191421508789
6.525889873504639 8.04019587923629 3.0389297008514404 3.180494785308838
4.848440170288086 8.305861141606158 3.8597114086151123 5.586240768432617
4.099045276641846 6.429772888365168 4.494534969329834 8.295062065124512
3.2212631702423096 5.320310175477644 4.736395359039307 9.977185249328613
3.6289358139038086 3.8744007609465285 2.851545810699463 3.0958077907562256
2.896610975265503 4.971495310902128 3.7114036083221436 5.128258228302002
1.8498096466064453 2.6504332145035185 4.004202365875244 6.9400200843811035
2.4075191020965576 4.220788974191742 4.045665264129639 7.926392555236816
4.306127071380615 4.988571596253109 3.0540404319763184 3.3290185928344727
3.6082921028137207 6.029083345011111 4.099534034729004 5.923809051513672
3.0019991397857666 5.737224592182429 4.543246746063232 8.269739151000977
2.5262703895568848 4.419686726110058 4.6491007804870605 9.599475860595703
5.158573627471924 5.884144224652228 3.355471134185791 3.69053316116333
5.118453502655029 7.686690598886969 4.675164699554443 7.110042095184326
3.9788525104522705 5.898648984291015 5.343406677246094 10.269661903381348
3.5061206817626953 5.3824795193754085 5.5387396812438965 12.119932174682617
4.248965263366699 4.78463105174302 1.592069387435913 1.6347064971923828
3.922203779220581 6.186747963768994 1.8222092390060425 2.3355796337127686
3.5478618144989014 6.077099221497075 2.0618197917938232 3.188889503479004
2.676091194152832 4.525125511505888 2.200371742248535 3.755455493927002
4.60175085067749 5.465958707530149 1.6751147508621216 1.7227236032485962
4.5957207679748535 7.190167475240173 1.9412329196929932 2.526026964187622
3.3521625995635986 5.437717755771222 2.2192509174346924 3.516761302947998
3.4452359676361084 6.085519528173791 2.376554489135742 4.174777984619141
5.186941623687744 6.330146662536965 1.7941462993621826 1.8498018980026245
4.449132919311523 7.310196191133002 2.11114501953125 2.8016724586486816
4.493585586547852 6.305070842058994 2.442127227783203 3.989701271057129
3.231898546218872 4.572639452826877 2.6235952377319336 4.77720832824707
5.05487585067749 5.73341760301571 1.9259262084960938 1.9844366312026978
4.254438400268555 6.0751985882016015 2.202685832977295 2.871797800064087
3.1959726810455322 4.611784169240622 2.4589295387268066 3.9388644695281982
2.1636366844177246 4.32078813655194 2.589442491531372 4.632090091705322
5.4279913902282715 6.490146173817777 2.041555643081665 2.1067054271698
3.1600170135498047 5.40357442605935 2.3869521617889404 3.1851658821105957
3.5727732181549072 4.45880013423357 2.7111008167266846 4.4995622634887695
2.5711333751678467 5.102690617846264 2.8696532249450684 5.343692779541016
6.079422473907471 7.449513555637282 2.213325262069702 2.291672468185425
4.6569390296936035 7.0792835338979945 2.659374713897705 3.6571030616760254
4.470122337341309 6.875422078754617 3.0807600021362305 5.338605880737305
3.7188146114349365 6.912062165442821 3.276996374130249 6.404189109802246
5.28849458694458 6.077948245733033 2.3888423442840576 2.5013980865478516
4.33082914352417 6.4645482342734795 2.6767728328704834 3.5567917823791504
2.948793888092041 4.972516430131009 2.8877651691436768 4.758300304412842
2.4199631214141846 4.321014471694546 2.9747958183288574 5.516993045806885
6.036766529083252 7.143180390768066 2.5377650260925293 2.656888961791992
4.831419467926025 7.175222277429754 2.9330952167510986 4.02014684677124
3.7306723594665527 5.681963901055298 3.2418980598449707 5.589200973510742
3.1092591285705566 5.670985680785805 3.363407850265503 6.5502729415893555
6.807848930358887 8.302380059865584 2.759828805923462 2.897352933883667
4.201212406158447 6.695174018029988 3.3226561546325684 4.73946475982666
4.0278449058532715 6.284609310964539 3.775796413421631 6.865057945251465
4.10853910446167 6.570152030973759 3.94323468208313 8.127479553222656
4.047486305236816 4.348699820396462 2.494555711746216 2.8014187812805176
2.9170501232147217 4.681932696764989 3.311232805252075 4.603231906890869
3.1805858612060547 4.841073501042047 3.3061635494232178 5.5674824714660645
1.6963646411895752 2.938034138914304 3.3060319423675537 6.283479690551758
3.419447898864746 4.086066400441835 2.6862781047821045 3.0250048637390137
4.367048740386963 5.79931137955532 3.6819841861724854 5.299472808837891
2.90108585357666 6.132214777501531 3.756254196166992 6.671084880828857
3.6555228233337402 6.208467407313208 3.7887117862701416 7.6073832511901855
5.480311870574951 6.41073736567359 2.9764974117279053 3.3722281455993652
5.653077125549316 8.174687386816018 4.21767520904541 6.359372615814209
3.71077823638916 5.984461659524129 4.444816589355469 8.383912086486816
3.373089551925659 5.275034583134413 4.521389484405518 9.656048774719238
3.974923610687256 4.981481785784428 1.6099306344985962 1.686402440071106
4.001400947570801 6.90114624985199 1.9473117589950562 2.634260654449463
2.0656845569610596 3.9310421935825204 2.231701612472534 3.58368182182312
1.999193787574768 3.3610951243936498 2.3792262077331543 4.2107744216918945
4.298574924468994 5.4637209510528555 1.6918888092041016 1.775390625
3.7567660808563232 6.936857544512961 2.0704007148742676 2.841773271560669
3.1157925128936768 4.431263650323672 2.3972246646881104 3.9382073879241943
2.8650271892547607 5.713182317205238 2.5688693523406982 4.669557094573975
4.969315528869629 6.682554518497682 1.8091199398040771 1.9018974304199219
4.678314208984375 7.6395111565244065 2.246232032775879 3.1353275775909424
3.9725828170776367 7.603180087988303 2.6318790912628174 4.440128803253174
3.123931646347046 5.556661237225143 2.8352270126342773 5.318665504455566
4.62363862991333 5.732700606189681 1.9453761577606201 2.0404319763183594
4.357421398162842 8.063821153975255 2.3574156761169434 3.24129581451416
2.9784555435180664 6.381381601765009 2.6895649433135986 4.466634750366211
2.4241602420806885 4.973105684277833 2.8447697162628174 5.264570236206055
5.101321697235107 6.440037358832797 2.055166244506836 2.164532423019409
3.9365322589874268 6.6702731111910545 2.541788101196289 3.573946475982666
2.676915168762207 5.327479919764585 2.950626850128174 5.065008640289307
2.7103164196014404 5.779015389871404 3.1473469734191895 6.047863483428955
5.9313836097717285 7.973148013281389 2.218668222427368 2.345381498336792
5.279684543609619 8.653589760038166 2.8153011798858643 4.06254243850708
4.331210613250732 8.544115714739348 3.3338232040405273 5.94362211227417
2.971290111541748 4.8174643440950256 3.5870816707611084 7.19450569152832
4.799103736877441 5.998259497339404 2.4406957626342773 2.5323486328125
4.076089382171631 6.911866213558824 2.8835978507995605 4.0053486824035645
2.864457845687866 4.584838877987522 3.198004722595215 5.4595046043396
2.693474054336548 5.019158652054983 3.3223724365234375 6.374182224273682
5.551841735839844 7.0662519179632 2.572467565536499 2.694162368774414
4.474506378173828 8.580810521484374 3.135509967803955 4.496796607971191
3.9675755500793457 6.676255300975981 3.560750722885132 6.343316078186035
2.8406965732574463 5.752297363720118 3.7440989017486572 7.522947311401367
6.632021903991699 8.749389607544572 2.775818109512329 2.930720090866089
5.784786224365234 10.093985077756615 3.517914295196533 5.2336249351501465
4.5002875328063965 7.108689790777161 4.108308792114258 7.6731858253479
4.12662935256958 7.167021995915263 4.373237133026123 9.242274284362793
4.0468645095825195 4.5320505666859106 2.5654728412628174 2.8600478172302246
3.2047719955444336 5.792916006582189 3.660435199737549 5.089821815490723
2.5773766040802 5.392782069628083 3.706291437149048 6.4668731689453125
2.4747583866119385 4.435722288304817 3.7445571422576904 7.375750541687012
4.8725385665893555 5.695152389019313 2.7403035163879395 3.084547758102417
4.258397579193115 7.9170691907762265 3.9957473278045654 5.823533058166504
3.4981377124786377 6.14900611742604 4.168259143829346 7.650536060333252
2.203939437866211 4.353101318799304 4.271911144256592 8.863838195800781
4.647902965545654 5.795728167873094 3.0097649097442627 3.4228692054748535
3.9717719554901123 8.081741609797545 4.510500431060791 6.9215898513793945
4.402501106262207 7.29977992473664 4.874703884124756 9.443741798400879
4.126491546630859 7.536038537453841 5.072545051574707 11.118836402893066
4.384335517883301 5.078863820219794 1.4634103775024414 1.5105483531951904
3.6687171459198 5.876970029336324 1.7201799154281616 2.2252323627471924
3.840052604675293 6.492809133945684 1.9843393564224243 3.026505708694458
2.783189058303833 5.258878407048087 2.1421396732330322 3.5847764015197754
4.551443576812744 5.550274712880047 1.5324583053588867 1.5847995281219482
3.883854389190674 6.151433032209354 1.8194591999053955 2.3923747539520264
3.457759380340576 6.400678646250398 2.118957757949829 3.322986602783203
2.12481427192688 3.572871562312777 2.2978732585906982 3.979393243789673
5.083558082580566 6.354635583075037 1.6318676471710205 1.6911063194274902
4.036336898803711 7.214027258901972 1.9610259532928467 2.6281635761260986
4.128286361694336 5.915167811734477 2.309250593185425 3.7414817810058594
3.7105374336242676 5.231893386734853 2.5158936977386475 4.536114692687988
5.163610935211182 6.057142211569044 1.6848829984664917 1.7403863668441772
4.5735273361206055 7.634910208651547 1.9934865236282349 2.6212170124053955
4.009783744812012 6.620226194711016 2.2954907417297363 3.618131399154663
3.3443338871002197 5.818505549384895 2.46462082862854 4.310824871063232
5.49976921081543 6.653910645035069 1.7807127237319946 1.8455793857574463
4.723950386047363 8.122399296645028 2.1415140628814697 2.8796794414520264
3.8516595363616943 7.242207485283814 2.503652811050415 4.09443473815918
2.340251922607422 4.686320106052335 2.7062153816223145 4.949179172515869
6.170210361480713 7.876773050182802 1.9234813451766968 2.000560760498047
4.701478958129883 8.600189144121714 2.360036611557007 3.2608094215393066
4.449093818664551 7.4457350768095125 2.8089728355407715 4.799447059631348
4.059550762176514 5.248328673763325 3.05826997756958 5.893431663513184
5.381040096282959 6.400355985863342 2.0204930305480957 2.066610097885132
4.061864376068115 6.912029831196122 2.332456350326538 3.105137348175049
3.507359027862549 5.518701601882839 2.6211771965026855 4.241223335266113
2.92755126953125 5.661872748840324 2.774587869644165 5.021111011505127
6.119863986968994 7.393893468930685 2.1349637508392334 2.199383020401001
4.305127143859863 6.099390590078264 2.52585768699646 3.4606871604919434
4.211263179779053 7.289348462525481 2.902662992477417 4.911065101623535
3.3785667419433594 6.3193647792733145 3.101365089416504 5.9166364669799805
7.127378940582275 9.034857492611991 2.310499668121338 2.3974270820617676
5.6568603515625 8.956798809151806 2.8207900524139404 4.0027313232421875
5.140702724456787 7.272377557752009 3.3276517391204834 5.935548305511475
3.4052553176879883 6.1315115995595875 3.591456651687622 7.2820329666137695
4.524166107177734 5.151206825950567 2.3114781379699707 2.5225160121917725
4.3923821449279785 7.494624881682521 2.970698833465576 3.9552268981933594
3.0801615715026855 6.1103359780785365 2.9421820640563965 4.857824802398682
2.1055610179901123 4.215213529241538 3.038698434829712 5.628759860992432
5.498761177062988 5.910403798296102 2.4609792232513428 2.7109498977661133
2.902047872543335 5.384259721311878 3.207606077194214 4.495883464813232
2.3543167114257812 4.287039619463485 3.2870678901672363 5.708515644073486
3.694678544998169 6.62881254172288 3.4365546703338623 6.750025749206543
4.969967365264893 6.034845602435325 2.6900110244750977 2.993870973587036
5.091550350189209 8.795966770619998 3.586080551147461 5.276352405548096
5.29547643661499 8.70563823127953 3.8175246715545654 7.03243350982666
3.410309076309204 6.699294318939792 4.043887615203857 8.489293098449707
4.212238311767578 4.653517686634132 1.5084550380706787 1.549560785293579
4.133469104766846 6.255950787177092 1.7370402812957764 2.21636700630188
3.1700737476348877 5.7890641421531654 1.9858899116516113 3.0289742946624756
2.7098960876464844 5.206834146536494 2.136169672012329 3.6002302169799805
4.394245147705078 5.0529676087709845 1.5839277505874634 1.6295382976531982
4.440952777862549 6.430995322537683 1.8418035507202148 2.3853282928466797
3.504279851913452 5.991127881887778 2.1220757961273193 3.327213764190674
2.16237735748291 3.3838986302818057 2.2901878356933594 3.996410608291626
4.948326587677002 5.993387426792724 1.6932071447372437 1.7444313764572144
4.395482063293457 5.512137621886268 1.994304895401001 2.625600814819336
4.510431289672852 5.311179666503364 2.319463014602661 3.748490333557129
3.401731014251709 6.722015846372713 2.511334180831909 4.55196475982666
4.887029647827148 5.46076159593531 1.7688326835632324 1.8181275129318237
4.5585551261901855 7.355147070992473 2.0362987518310547 2.6499855518341064
4.148362636566162 6.360802773588148 2.308213949203491 3.6589648723602295
2.4898908138275146 3.8001457519840187 2.464907169342041 4.362766742706299
5.2786102294921875 6.164013932852342 1.8718581199645996 1.9295101165771484
4.695613861083984 6.436821689490898 2.194364547729492 2.918855667114258
3.5046920776367188 6.475663701100757 2.5220327377319336 4.1489386558532715
3.1304523944854736 5.562834436541037 2.7073206901550293 5.011300563812256
5.876894474029541 7.040474830499399 2.0261664390563965 2.0941848754882812
5.309200286865234 7.752337460172839 2.4310245513916016 3.3133108615875244
4.687760353088379 7.683743578058738 2.8410110473632812 4.866964340209961
3.616885185241699 6.649643934456208 3.066519260406494 5.9590067863464355
5.116309642791748 5.81756579681246 2.175288200378418 2.2214839458465576
3.530327796936035 5.161132413423843 2.403477430343628 3.1794776916503906
3.861910820007324 6.8628616251655785 2.6386466026306152 4.32016134262085
3.365065813064575 5.020275288865776 2.775803327560425 5.1122918128967285
5.70626974105835 6.697052797012134 2.2912917137145996 2.3525352478027344
4.769533157348633 7.4404376509200105 2.61189341545105 3.5598232746124268
3.7442586421966553 7.256000109884781 2.9318387508392334 5.0266499519348145
3.4126763343811035 5.105307972250216 3.10774564743042 6.032408714294434
6.4947662353515625 7.787535706714812 2.476858615875244 2.557283878326416
4.278695583343506 5.910778057035742 2.935425281524658 4.13433313369751
4.563955307006836 7.071052314583085 3.3802478313446045 6.085605621337891
3.3419363498687744 5.778873061863516 3.611180067062378 7.410514831542969
3.9124839305877686 4.2791301402789195 2.2805018424987793 2.558500289916992
4.404396057128906 6.0498835690116834 3.0235280990600586 4.1330084800720215
3.640921115875244 6.33119799178121 2.9487464427948 4.947054862976074
2.837890386581421 4.818453225574956 3.0327646732330322 5.748537540435791
4.983605861663818 5.222538166728107 2.4392359256744385 2.750502824783325
3.705925703048706 5.006365783788738 3.2757771015167236 4.643614768981934
3.793806314468384 6.242082703433027 3.3111984729766846 5.866859436035156
3.37503719329834 6.140332913421105 3.4404404163360596 6.915497779846191
5.204720497131348 5.434447626768147 2.6893081665039062 3.0458195209503174
4.997344493865967 7.869704999082387 3.6825714111328125 5.434487342834473
4.749497890472412 7.709043501423366 3.8772706985473633 7.267214298248291
3.155857801437378 4.8568957757849285 4.069643497467041 8.685479164123535
4.195896625518799 5.093094098873053 1.6006323099136353 1.6614339351654053
3.887145757675171 6.605761532211488 1.8893871307373047 2.502451181411743
2.673015832901001 4.666751936720228 2.1453895568847656 3.3749144077301025
2.4855074882507324 4.482176822989686 2.2812952995300293 3.953701972961426
4.541374683380127 5.701693311542499 1.6846610307693481 1.7524681091308594
3.237741470336914 5.474468207751215 2.0144309997558594 2.714475393295288
2.533931016921997 3.805763982268587 2.3074159622192383 3.7395100593566895
3.1564886569976807 5.555641305088026 2.4599153995513916 4.424745559692383
5.111654758453369 6.48898311934704 1.8050287961959839 1.8824464082717896
4.373373985290527 7.1671624334921304 2.1919448375701904 3.017946481704712
2.8884458541870117 6.037572886331873 2.535733699798584 4.257658004760742
3.2635254859924316 6.131306891647885 2.710805892944336 5.089580059051514
4.867848873138428 5.911401377303678 1.9390757083892822 2.018286943435669
3.066635847091675 4.336928772514966 2.2825887203216553 3.0897090435028076
2.5160276889801025 4.745922137610115 2.555368661880493 4.1863908767700195
3.016309976577759 5.446060531686893 2.6840062141418457 4.901063919067383
5.351404666900635 6.604486234235139 2.055253744125366 2.1472108364105225
3.723147392272949 6.505072120940525 2.47674298286438 3.4424245357513428
3.0969691276550293 5.728629158987468 2.816410541534424 4.808837413787842
2.512748956680298 3.179482887271888 2.9714086055755615 5.699641227722168
6.056044578552246 7.902278906667391 2.2275493144989014 2.337693929672241
4.7994537353515625 8.327022903754596 2.7613325119018555 3.962437629699707
3.6461472511291504 6.560537023966276 3.194895029067993 5.721882343292236
3.611236572265625 6.195936705827342 3.386596202850342 6.868082046508789
5.102534294128418 6.163600346142606 2.440516471862793 2.5642433166503906
3.7793495655059814 6.195564542442014 2.7549850940704346 3.801203727722168
3.477079153060913 5.8274495538965425 2.976553440093994 5.043835163116455
1.5043308734893799 2.204726760184485 3.0705339908599854 5.844600200653076
5.894364833831787 7.183572263885424 2.5782461166381836 2.715362548828125
4.362729072570801 7.168304136999851 3.0184786319732666 4.3221940994262695
3.000903606414795 5.765092246841277 3.3421525955200195 5.963257312774658
2.5884556770324707 4.80049471158585 3.4708755016326904 7.003729343414307
6.775500297546387 8.602478930565368 2.792144775390625 2.957322120666504
5.251062393188477 8.39478436977646 3.4187204837799072 5.107907772064209
4.63087797164917 7.683265498075116 3.8838396072387695 7.335165977478027
2.551570177078247 4.165162050804838 4.059549808502197 8.73055648803711
2.2910776138305664 2.4857731179632765 2.4226303100585938 2.7932212352752686
3.846465587615967 7.09995712840842 3.357816696166992 4.718479633331299
2.0446670055389404 3.199706489756011 3.351897716522217 5.819267272949219
2.8048131465911865 4.779149023882837 3.3877663612365723 6.637051582336426
4.652791500091553 5.272192076160106 2.615817070007324 3.037071466445923
3.438067674636841 6.050647509810311 3.68597149848938 5.4259514808654785
3.4804937839508057 5.210204484991021 3.808957815170288 7.022948741912842
3.1145787239074707 4.583799475149021 3.885277271270752 8.121726036071777
5.2873969078063965 6.249217829915196 2.9147989749908447 3.4150447845458984
5.070411205291748 8.536853934632745 4.1967244148254395 6.515425205230713
4.415020942687988 7.55947057288472 4.498159408569336 8.837529182434082
3.1908621788024902 5.794816148019244 4.624677658081055 10.350723266601562
4.268869400024414 5.3573512140909685 1.5744982957839966 1.6520549058914185
3.065490961074829 5.430974692068389 1.9076926708221436 2.6046903133392334
3.2493224143981934 5.8513656199004345 2.186260938644409 3.5260026454925537
2.361849308013916 4.439857891435736 2.3365626335144043 4.091294765472412
4.573829174041748 5.773388479987341 1.6554861068725586 1.737714409828186
3.4683585166931152 6.074242892076178 2.032153844833374 2.8065578937530518
3.965205192565918 6.040203762677152 2.353036642074585 3.8912088871002197
2.076425075531006 3.1365260099241823 2.5255374908447266 4.577025890350342
5.09795618057251 6.922825076840496 1.7719902992248535 1.861935019493103
4.977763652801514 7.916571150934502 2.208979845046997 3.098496913909912
3.9422831535339355 7.103605636014083 2.5857231616973877 4.407684326171875
3.4080324172973633 6.3004091345841555 2.785752534866333 5.252462863922119
4.944908618927002 6.1651184863349044 1.8699942827224731 1.969465970993042
3.8157737255096436 7.01415555472866 2.2974722385406494 3.2011592388153076
2.3156590461730957 4.820091727256738 2.6296257972717285 4.402918815612793
2.749512195587158 5.609483367617031 2.787496566772461 5.125239372253418
5.361086845397949 6.780103373957303 1.982886552810669 2.0905721187591553
4.811114311218262 7.233027281618758 2.488710880279541 3.532466173171997
2.7373478412628174 5.619137167046347 2.895090341567993 5.020349502563477
2.6649787425994873 5.395605293642802 3.0885822772979736 5.9420485496521
6.056643486022949 8.071478626880918 2.1511733531951904 2.272613525390625
3.792752504348755 7.0979084085875 2.7709882259368896 4.030454158782959
4.195085525512695 7.206536185111844 3.2801625728607178 5.9304327964782715
3.293633222579956 6.078693225104564 3.5191287994384766 7.127408027648926
5.109073638916016 6.45021590568388 2.296591281890869 2.4178435802459717
3.8421263694763184 6.101723888009566 2.765859365463257 3.9220640659332275
2.5831894874572754 5.400435595929366 3.100019693374634 5.361073970794678
2.8567886352539062 5.443565754592328 3.235889196395874 6.190754413604736
5.756167888641357 7.392748629832454 2.4328460693359375 2.5738472938537598
3.407975673675537 6.730122848276551 3.0306782722473145 4.416087627410889
2.9454145431518555 5.0394566559298255 3.4741475582122803 6.273750305175781
2.0869996547698975 3.0377492683771834 3.655388116836548 7.374868869781494
6.6960015296936035 8.9416365583063 2.6459150314331055 2.8134536743164062
5.2411274909973145 7.829248914317432 3.4339966773986816 5.1750593185424805
4.736600875854492 8.43957206276491 4.031220436096191 7.650824546813965
3.724245548248291 4.98335368630876 4.270855903625488 9.135787963867188
4.2292375564575195 4.723250594147288 2.535567045211792 2.8767504692077637
3.890352725982666 6.541660837443376 3.4016051292419434 4.889987945556641
2.7202072143554688 5.20401728383552 3.535290479660034 6.276134967803955
2.208375930786133 4.249354869966282 3.616189479827881 7.1226301193237305
4.470959663391113 4.919879862854166 2.718766689300537 3.1044564247131348
4.571865558624268 7.159666611675675 3.7378318309783936 5.607426643371582
3.2578859329223633 6.590840632480398 4.0131330490112305 7.491579055786133
2.851316213607788 4.907752863254245 4.141226768493652 8.645660400390625
5.856832027435303 6.7798638304923315 3.0078489780426025 3.4615061283111572
5.191565036773682 8.697885643040763 4.270078659057617 6.719271183013916
3.891083002090454 7.37137115932066 4.7357892990112305 9.342312812805176
3.5317163467407227 5.223292375890453 4.923162460327148 10.936490058898926
3.5877766609191895 4.439959399733652 1.8674520254135132 1.9452095031738281
2.8139872550964355 5.178831482983128 2.2158238887786865 2.943288803100586
2.935567855834961 4.7084622348452285 2.4867608547210693 3.9548754692077637
2.3979859352111816 4.469143974957056 2.608410596847534 4.606574535369873
4.111680030822754 5.167788945179581 1.961332082748413 2.052769899368286
3.231553792953491 4.481501816851107 2.367811918258667 3.2245450019836426
3.2186594009399414 5.60742941135419 2.691868782043457 4.449282646179199
2.7316300868988037 5.237612532021664 2.838016986846924 5.240838527679443
4.925912857055664 6.248965696851393 2.095573663711548 2.2021172046661377
3.640559434890747 4.976886341671843 2.579911231994629 3.6086061000823975
3.405513048171997 6.717544105152399 2.9713642597198486 5.1188554763793945
3.58329439163208 6.077600124647721 3.1466972827911377 6.097259998321533
4.131577014923096 5.126619228865593 2.356778144836426 2.4577817916870117
3.4056663513183594 6.310346914667491 2.824173927307129 3.8371777534484863
2.5688929557800293 5.154615268115208 3.1332669258117676 5.199326038360596
1.9004803895950317 3.8717854758976378 3.2427003383636475 6.043478012084961
4.786648273468018 5.941069926177192 2.482990264892578 2.6090610027313232
3.743079662322998 6.693873495250045 3.064168930053711 4.317383766174316
3.2400894165039062 6.412624138834644 3.468921661376953 6.065376281738281
1.8000818490982056 3.9302824958132305 3.6191916465759277 7.147905349731445
5.743797779083252 7.299598870724708 2.669790267944336 2.826789379119873
4.965816020965576 8.189985115346971 3.4083731174468994 4.997931480407715
4.104273796081543 7.456490618221551 3.937098503112793 7.27490234375
3.2995994091033936 4.889971933290553 4.136528015136719 8.679556846618652
4.283919334411621 5.327267448220141 2.8144302368164062 2.947253704071045
3.5234036445617676 5.797186697412882 3.480405807495117 4.854144096374512
2.179805040359497 3.670220674998716 3.793975830078125 6.5269856452941895
2.7161271572113037 4.957292450355254 3.869014263153076 7.517788410186768
5.179455280303955 6.395921024391328 2.996993064880371 3.1626200675964355
4.002207279205322 7.334317266065227 3.8236804008483887 5.575707912445068
3.2301366329193115 6.1973437750009595 4.274094581604004 7.821605205535889
2.4741721153259277 4.575975017845508 4.4040679931640625 9.148719787597656
6.385282039642334 7.999349347743191 3.261016845703125 3.4794888496398926
4.723418712615967 5.564117766554318 4.328191757202148 6.634585857391357
3.5504887104034424 5.944343951881706 4.956106662750244 9.670397758483887
3.8468310832977295 6.768554873232802 5.149759292602539 11.439020156860352
3.493654727935791 3.690781559471361 3.197180986404419 3.4885571002960205
2.953636884689331 4.898133456435687 4.035457134246826 5.811845302581787
2.594992160797119 4.9104507030295395 4.3516693115234375 7.691188812255859
1.6030380725860596 2.7255220662993196 4.381619453430176 8.760621070861816
3.8186185359954834 4.103433512432275 3.465519666671753 3.820389747619629
3.3296947479248047 6.05604227439531 4.485025405883789 6.765518665313721
3.168191909790039 5.790881110948899 4.958096027374268 9.366561889648438
2.6363062858581543 3.1778002507492005 5.054564476013184 10.85782241821289
5.620832443237305 6.08446776522743 2.9961791038513184 2.8101720809936523
5.222026348114014 7.849391215525998 5.150237560272217 8.200857162475586
4.222439289093018 7.188254273224864 5.833739280700684 11.80870246887207
3.515171527862549 6.031507714548297 6.001244068145752 13.821538925170898
3.803567409515381 4.438218547387805 1.6968042850494385 1.7578296661376953
3.8373818397521973 6.137157791505899 1.9948111772537231 2.6038875579833984
3.081700086593628 5.2499099698102825 2.2686402797698975 3.510906219482422
2.794447183609009 5.145723363850607 2.3990225791931152 4.093229293823242
4.161070823669434 5.16200882317338 1.7762428522109985 1.8428057432174683
3.339463472366333 5.531131372109769 2.117936134338379 2.81473708152771
2.9429476261138916 6.13033907359606 2.4409327507019043 3.8916175365448
2.287668228149414 4.421960031404659 2.5943095684051514 4.584643840789795
4.865811824798584 6.06612781871571 1.8883209228515625 1.9623527526855469
4.081659317016602 6.990013187632684 2.290189027786255 3.1074938774108887
4.070206165313721 7.795662329310744 2.67846941947937 4.41581916809082
2.659472703933716 5.910427776136466 2.861086368560791 5.256939888000488
4.389976978302002 5.186653779071008 2.1171648502349854 2.204392433166504
3.348906993865967 6.265947567327828 2.501595973968506 3.3441693782806396
2.528661012649536 4.586767938359458 2.816746473312378 4.540360450744629
2.3049449920654297 4.089745325663472 2.9362740516662598 5.271730899810791
4.9874267578125 6.073877981077203 2.2206499576568604 2.3191652297973633
4.461247444152832 7.277186904831041 2.6935224533081055 3.695579767227173
2.1029679775238037 4.139543495118687 3.102612018585205 5.205643177032471
1.4536473751068115 3.014917206804739 3.262678623199463 6.135354042053223
5.737890243530273 7.19718246935372 2.373893976211548 2.486743688583374
4.564764022827148 7.904882949675084 2.970588445663452 4.199520111083984
4.118579864501953 7.265183613453814 3.506354570388794 6.153575420379639
3.106158971786499 6.6971611886689395 3.7181148529052734 7.356327056884766
4.639824390411377 5.573230892071052 2.6289069652557373 2.7334325313568115
4.101235866546631 6.124747145075389 3.106989860534668 4.266308784484863
2.980881452560425 5.491105243122121 3.41389536857605 5.722793102264404
2.2986905574798584 4.400273545868231 3.4878063201904297 6.539872646331787
5.452408313751221 6.616616376246467 2.7599024772644043 2.8913967609405518
3.936988592147827 6.815621839426058 3.381737232208252 4.810626029968262
2.590531826019287 3.8425306272352726 3.826991081237793 6.731633186340332
3.0967702865600586 5.3219486466416726 3.959507465362549 7.835453987121582
6.396056652069092 8.00304685169857 2.9588301181793213 3.12404465675354
5.625234603881836 8.55816258365373 3.789098024368286 5.603612899780273
3.7352283000946045 7.298356432693595 4.427037715911865 8.203178405761719
4.250265121459961 5.92536962559069 4.630573749542236 9.706408500671387
3.6928529739379883 4.440832969842631 2.838435649871826 3.1199820041656494
2.7353341579437256 4.125300568020975 3.7074408531188965 5.307240009307861
1.408934473991394 2.3937955208867017 3.965843915939331 6.8780837059021
2.591139793395996 4.125685026380527 3.963022470474243 7.677594184875488
4.363322734832764 4.60877182920467 3.024245262145996 3.363898754119873
4.376443862915039 5.879365285621304 4.072821617126465 6.063537120819092
3.297837495803833 6.455701937403916 4.492354393005371 8.219463348388672
2.4142138957977295 5.1621842075802515 4.5626630783081055 9.37045955657959
5.339382648468018 6.111557592476743 3.3016300201416016 3.717907428741455
5.010924339294434 6.914429978280282 4.621102333068848 7.200604438781738
4.100874900817871 7.234261181952856 5.275462627410889 10.20125675201416
3.726778745651245 6.582282629216934 5.430886745452881 11.842044830322266
3.937300205230713 4.343820561343136 1.5182374715805054 1.5560990571975708
3.9910874366760254 5.872222703240483 1.7380260229110718 2.167902708053589
3.176706314086914 5.570696092985827 1.9892610311508179 2.9227280616760254
2.65989089012146 3.8399834866363487 2.14730167388916 3.479553461074829
4.311664581298828 4.912215946479932 1.598718523979187 1.641278624534607
3.145374059677124 5.190732005879454 1.8482589721679688 2.3418538570404053
3.3434739112854004 6.551966263001372 2.135282516479492 3.2238097190856934
2.5387187004089355 4.972672384907355 2.3154215812683105 3.874667167663574
4.998216152191162 6.11933883827939 1.715930700302124 1.7641063928604126
4.476025104522705 7.425311043667989 2.0099456310272217 2.5873897075653076
3.5533955097198486 6.590391015587045 2.348508358001709 3.6441566944122314
2.5917463302612305 5.3864328553245855 2.5577569007873535 4.424050807952881
4.572610855102539 5.108041399176393 1.7691830396652222 1.8156709671020508
3.169315814971924 5.173730164369886 2.0273120403289795 2.573955774307251
3.7173779010772705 6.6486891068417435 2.3041152954101562 3.5142974853515625
1.835194706916809 3.1004131028985285 2.472522020339966 4.209875106811523
5.130414962768555 5.971311309287728 1.8819109201431274 1.9375355243682861
4.230311870574951 6.2974698502069515 2.192749500274658 2.8470816612243652
3.724651575088501 6.19010210415604 2.5299017429351807 4.002809524536133
3.0237133502960205 5.881568163234903 2.732658624649048 4.855222702026367
5.906613826751709 7.205222769280226 2.051377773284912 2.117981433868408
5.153748512268066 8.08674926290211 2.444941520690918 3.2501635551452637
4.265784740447998 7.620232428767395 2.873777151107788 4.721640110015869
3.915393114089966 6.1351767705842235 3.1249654293060303 5.802216053009033
4.78348445892334 5.443702212156083 2.141387939453125 2.1952285766601562
3.70687198638916 6.088185165878713 2.3734848499298096 3.048037052154541
2.774142026901245 5.0263473042884925 2.619044065475464 4.112176895141602
2.2661173343658447 4.6178649014066195 2.770444631576538 4.901678085327148
5.62914514541626 6.595329127700678 2.275913953781128 2.340259075164795
4.878262519836426 7.610308096795276 2.592620372772217 3.426868200302124
3.2546606063842773 6.180160555865541 2.9245316982269287 4.802364826202393
2.8635833263397217 4.409713955597482 3.1220622062683105 5.810022354125977
6.604386329650879 8.10751558658136 2.486863613128662 2.5675947666168213
5.737376689910889 8.073309113849891 2.9358928203582764 4.005838394165039
4.34591817855835 8.167703149783257 3.404268264770508 5.855091571807861
3.3932106494903564 6.516320476383676 3.669527530670166 7.192819118499756
3.6245250701904297 4.038614962883003 2.0833182334899902 2.3683323860168457
2.555323362350464 4.205093905800595 2.9018948078155518 3.851191997528076
3.826564073562622 7.016140708968561 2.9063122272491455 4.656169414520264
2.53412127494812 5.199679477269473 3.010084390640259 5.465837001800537
3.4651522636413574 3.9528853302407896 2.260390043258667 2.5809078216552734
4.089301109313965 6.560250649560203 3.1712348461151123 4.345607757568359
3.8349356651306152 6.216311455800792 3.2829973697662354 5.533898830413818
3.104357957839966 5.6335739401638705 3.4382786750793457 6.602059841156006
4.928031921386719 5.716900556097983 2.5333800315856934 2.900869607925415
5.6675190925598145 7.720418251580497 3.6094980239868164 5.113657474517822
4.828855037689209 8.670124653152916 3.883043050765991 6.898356914520264
3.3113465309143066 6.46865388561946 4.118060111999512 8.371296882629395
4.0329132080078125 4.818918020168482 1.6396616697311401 1.7049353122711182
3.8995063304901123 6.832967347941917 1.9378142356872559 2.49990177154541
2.548461675643921 4.2246455740946205 2.219231605529785 3.351353168487549
2.015571355819702 3.9542889057274806 2.3775439262390137 3.9246058464050293
4.314815521240234 5.393860862643635 1.7280657291412354 1.7959659099578857
4.30030632019043 7.124090031564435 2.0659401416778564 2.707012176513672
2.841855049133301 4.617775602439792 2.391916275024414 3.71954083442688
3.371239423751831 6.037090092479261 2.574362277984619 4.4020256996154785
5.016056060791016 6.32129159182341 1.853817105293274 1.927630066871643
4.7307047843933105 8.07907651673196 2.2490651607513428 2.999025344848633
4.036505699157715 7.743265869786121 2.63706374168396 4.229777812957764
3.8903346061706543 7.369355361864211 2.8517649173736572 5.060522556304932
4.608272552490234 5.594972364348621 1.9960259199142456 2.1043941974639893
3.9996306896209717 6.214453657865306 2.375419855117798 3.1338658332824707
2.8871705532073975 5.2818089196266556 2.7078874111175537 4.231914043426514
1.9974867105484009 3.511177718642543 2.8726301193237305 4.952286243438721
5.157700061798096 6.367209873689411 2.11787486076355 2.228224515914917
4.130551815032959 7.324498139560717 2.5731353759765625 3.467937707901001
3.10014009475708 6.03697817575835 2.988248109817505 4.856867790222168
3.285503387451172 6.060391970764613 3.1952240467071533 5.769151210784912
5.909058570861816 7.579946782120601 2.298147201538086 2.41656494140625
5.0903401374816895 7.377104562192841 2.866279363632202 3.9610254764556885
4.587551116943359 8.206827151177777 3.399914264678955 5.762621879577637
3.6105380058288574 4.846245230780141 3.6639773845672607 6.945567607879639
4.827945709228516 5.892378120414875 2.473005771636963 2.6549408435821533
4.256354808807373 7.554123829527612 2.91104793548584 3.9412782192230225
3.811805248260498 6.922393335866852 3.2408053874969482 5.229019641876221
3.152127981185913 5.791579266554926 3.3775205612182617 6.040757656097412
5.595273017883301 6.898763441893152 2.6207025051116943 2.814748764038086
4.601372718811035 7.979406426293782 3.183734178543091 4.437023639678955
3.2927093505859375 6.425054235788707 3.637333869934082 6.161651611328125
2.457702398300171 4.316329448782881 3.8342528343200684 7.247967720031738
6.5627312660217285 8.448100837185834 2.8482120037078857 3.0618977546691895
5.434694766998291 9.26978183258069 3.600851058959961 5.192044258117676
3.7795822620391846 6.00208875193573 4.237659454345703 7.554514408111572
3.641684055328369 6.393147144899558 4.5157856941223145 9.034180641174316
4.048453330993652 4.673938209756898 2.509223222732544 2.8541576862335205
3.060568332672119 5.87439095619996 3.637071132659912 4.980881690979004
3.0790202617645264 5.782624777939873 3.7640953063964844 6.238652229309082
1.6164002418518066 2.6850396032592627 3.8215866088867188 7.0256028175354
3.9425175189971924 4.382773275842091 2.699235439300537 3.076545000076294
3.7534639835357666 6.807030578375816 4.000607967376709 5.738156795501709
3.4206767082214355 5.537039637625639 4.269843578338623 7.484892845153809
3.133791923522949 4.439403809197188 4.397318363189697 8.600461959838867
5.402693748474121 5.674720421329198 2.9895238876342773 3.420060873031616
5.018320083618164 8.033497711881637 4.553537845611572 6.883087158203125
4.584634304046631 6.81748299076088 5.046362400054932 9.375014305114746
4.249139308929443 7.368651684161932 5.270583629608154 10.961837768554688
4.513757705688477 5.32406474635809 1.5829803943634033 1.638927698135376
4.198095321655273 7.322410461273535 1.9134445190429688 2.551551580429077
3.40789532661438 4.971186212078964 2.243572235107422 3.5520436763763428
2.2159934043884277 3.9275875385387735 2.4294066429138184 4.1946306228637695
4.822768211364746 5.884431023677877 1.6675152778625488 1.7312101125717163
4.190878391265869 6.546861342645457 2.0419936180114746 2.7712481021881104
3.1787338256835938 6.038748338444037 2.4177253246307373 3.94051194190979
3.070500612258911 5.071309823026553 2.628688097000122 4.70473051071167
5.282106876373291 6.671251199032895 1.7893574237823486 1.8629926443099976
4.037653923034668 6.99732814333386 2.2251062393188477 3.08263897895813
4.252943992614746 7.230896740010593 2.6635472774505615 4.49002742767334
3.601780414581299 5.2200121435428315 2.90744948387146 5.423430919647217
5.325263023376465 6.292901446521967 1.9000846147537231 1.9625591039657593
3.6346893310546875 4.7221618463577215 2.309075117111206 3.1417853832244873
2.935573101043701 4.8683507055145965 2.7054665088653564 4.450686454772949
2.125361919403076 4.197409634463668 2.91882586479187 5.290060997009277
5.640161514282227 6.83323247737502 2.0162720680236816 2.0932812690734863
4.713694095611572 7.755191035526732 2.5065908432006836 3.500247001647949
3.408454418182373 5.318512313735795 2.985691785812378 5.1123857498168945
3.5545456409454346 6.172295056168338 3.2428500652313232 6.164231300354004
6.3133344650268555 8.175910466287117 2.190178155899048 2.286020040512085
5.360182285308838 8.876501647613978 2.797969102859497 4.0276031494140625
3.3981122970581055 6.68692449566108 3.3939285278320312 6.08400821685791
2.9639358520507812 5.136780411045379 3.7096118927001953 7.441638946533203
5.502137184143066 6.5447047345348075 2.394805431365967 2.434389114379883
4.691384315490723 6.764948180847426 2.793687582015991 3.8596231937408447
3.4249155521392822 6.261166596961289 3.1936309337615967 5.4142231941223145
2.6087849140167236 4.483981603976758 3.4064788818359375 6.407171726226807
6.166340351104736 7.505789089782615 2.5278165340423584 2.5980734825134277
4.0809102058410645 6.601863340154466 3.062917470932007 4.378244876861572
3.273622512817383 6.047728878296766 3.587024450302124 6.385750770568848
2.843437433242798 4.3356513549341 3.86175799369812 7.683109760284424
7.0928874015808105 9.137282890330013 2.740535259246826 2.845512866973877
5.0565338134765625 7.299502343840558 3.4722018241882324 5.163814544677734
4.741148948669434 7.525661981013561 4.173893451690674 7.848315238952637
2.8587090969085693 5.838291897787002 4.532332897186279 9.59099006652832
4.171186447143555 4.726151735580061 2.6001951694488525 2.866112470626831
4.200685977935791 6.917793330717018 3.4467334747314453 4.8538432121276855
2.805237054824829 4.736467017707355 3.643359899520874 6.318300724029541
3.023038625717163 5.24479210844288 3.819279193878174 7.369022846221924
5.192512512207031 6.06753513412076 2.790923833847046 3.1158931255340576
4.260916709899902 7.34454085497941 3.786799430847168 5.574355125427246
4.433645248413086 7.871556726268467 4.140192031860352 7.584338665008545
2.5879616737365723 4.7199234890863995 4.388754844665527 9.004535675048828
4.8747239112854 5.31057209873336 3.0851352214813232 3.490041971206665
5.721963882446289 7.779525752391692 4.318802833557129 6.6697235107421875
3.9383528232574463 5.830891124584923 4.8913445472717285 9.516253471374512
3.9622836112976074 6.97870867957181 5.239299774169922 11.480703353881836
4.251217842102051 4.82021539850075 1.5745303630828857 1.6147217750549316
4.178555011749268 6.389868468653983 1.803254246711731 2.3175764083862305
2.925138473510742 4.491525427135684 2.056877374649048 3.168776512145996
3.214036703109741 5.570638845273976 2.2141098976135254 3.7319140434265137
4.464470863342285 5.326185502273164 1.6503019332885742 1.6946593523025513
4.658550262451172 7.394253504027802 1.914364218711853 2.4873929023742676
3.395789384841919 6.220953591543683 2.2066874504089355 3.4627482891082764
2.7673556804656982 5.20266998380343 2.385213851928711 4.118349075317383
5.039544582366943 6.220870021418165 1.7574869394302368 1.8084142208099365
3.8975329399108887 6.538378363247887 2.0693471431732178 2.7304701805114746
3.838235378265381 6.853152681450382 2.4142367839813232 3.884828567504883
3.041783332824707 5.285555315384711 2.6215174198150635 4.6700029373168945
4.894208908081055 5.642826977320063 1.9010475873947144 1.952539324760437
4.2829132080078125 6.845345614554148 2.172801971435547 2.8470571041107178
3.583320379257202 6.494888278679213 2.4438445568084717 3.9132323265075684
3.3652608394622803 5.9337563277487675 2.6021759510040283 4.6064605712890625
5.261160850524902 6.289541047694161 2.005911111831665 2.062063455581665
4.459537506103516 7.645458423115429 2.3426761627197266 3.126283645629883
2.9760055541992188 4.6883880564859055 2.6792948246002197 4.415309429168701
2.9255807399749756 5.492728477560036 2.870603561401367 5.263018608093262
5.947595596313477 7.404332713624425 2.1571216583251953 2.2240922451019287
4.63184928894043 7.075792996830785 2.5858407020568848 3.5378057956695557
4.446600437164307 6.893320768501728 3.015380859375 5.155786037445068
3.7164642810821533 7.181517244194765 3.2530627250671387 6.2273383140563965
5.104312419891357 5.9276308219003795 2.3662071228027344 2.467285394668579
4.063479423522949 5.638299372442134 2.617608070373535 3.5098085403442383
3.728412389755249 6.40905616597527 2.8496968746185303 4.722419261932373
1.5100120306015015 2.8766532504613878 2.9801406860351562 5.491655349731445
5.676923751831055 6.760094611297745 2.4886634349823 2.593205690383911
4.312171936035156 7.000115148148097 2.8556315898895264 3.927459716796875
3.749147653579712 5.768999602006488 3.1789846420288086 5.469027042388916
3.469736337661743 6.308767062855736 3.3498036861419678 6.446722507476807
6.527947425842285 7.980559903775429 2.6780190467834473 2.79617977142334
5.543526649475098 8.489616843413692 3.204599618911743 4.556375026702881
4.536934852600098 6.181125911818829 3.6584084033966064 6.587625026702881
3.5260448455810547 6.959587162336817 3.8867640495300293 7.874003887176514
4.1655402183532715 4.535280445308161 2.4964139461517334 2.7676727771759033
3.8112454414367676 5.232149129454126 3.2063310146331787 4.448633670806885
3.1169326305389404 5.041949562736136 3.221123695373535 5.494929790496826
2.3598434925079346 3.7405708953857726 3.295830488204956 6.253810405731201
3.947235584259033 4.263652772621953 2.667231559753418 2.9629900455474854
3.6998488903045654 6.317728258749277 3.5072176456451416 5.052799224853516
3.6554794311523438 6.167864662969947 3.6422951221466064 6.493336200714111
1.5634946823120117 2.501001845189535 3.7549448013305664 7.482375621795654
4.4559454917907715 4.864574250731607 2.923539161682129 3.265207052230835
3.2344915866851807 6.195827264605327 3.9720447063446045 5.974638938903809
4.051082611083984 6.662634119765656 4.262450218200684 7.996600151062012
3.70143985748291 6.594368531111968 4.429103851318359 9.3347806930542
4.379263877868652 5.29285446988132 1.612947940826416 1.6850264072418213
4.000101089477539 6.760606778439069 1.9371410608291626 2.5670065879821777
3.5421035289764404 6.437887927996343 2.1997592449188232 3.478790044784546
2.731447696685791 5.118415439124192 2.3404061794281006 4.119260787963867
4.677960395812988 5.779621138957349 1.6984543800354004 1.7785581350326538
3.834515333175659 6.049021001098936 2.061225414276123 2.7928645610809326
2.693089246749878 5.504545519887415 2.3563179969787598 3.8743484020233154
3.3655991554260254 6.2381500452548835 2.513275623321533 4.635035514831543
5.251110553741455 6.669134074131662 1.8218716382980347 1.9116915464401245
3.7742342948913574 6.9560055281012865 2.2396607398986816 3.107107162475586
3.3016464710235596 4.741210656430311 2.5811469554901123 4.413325786590576
3.6555569171905518 6.260557297337527 2.7599260807037354 5.331104755401611
5.194052219390869 6.256723732200896 1.9491068124771118 2.049004554748535
4.208275318145752 6.380004451846617 2.342773914337158 3.173074960708618
2.850179672241211 4.392012162120864 2.634960412979126 4.329217910766602
3.290724277496338 5.697032342607599 2.775761127471924 5.124146461486816
5.476264953613281 6.679700751845596 2.0684618949890137 2.184353828430176
4.702215671539307 8.03256810080029 2.534480571746826 3.5428707599639893
3.367802619934082 5.952473510452052 2.886472463607788 4.990176200866699
2.9280779361724854 6.161383779247217 3.0543880462646484 5.981874942779541
6.194977283477783 7.889109916937812 2.2473132610321045 2.38232421875
5.231449127197266 8.512398222899947 2.820288896560669 4.078029155731201
4.454222679138184 7.570194962266882 3.2590460777282715 5.933170318603516
3.536447525024414 5.378362697229594 3.4637999534606934 7.196457386016846
5.368495464324951 6.496736517961125 2.4268124103546143 2.557197332382202
3.632249593734741 6.119593469324286 2.8273611068725586 3.898974895477295
3.309797525405884 5.381907852447057 3.093441963195801 5.237688064575195
1.3545151948928833 2.577137771806264 3.2056665420532227 6.136391639709473
6.025720596313477 7.309799180597933 2.5669162273406982 2.724910020828247
4.781747341156006 7.90332186978776 3.091686725616455 4.4375996589660645
3.36132550239563 5.657750185191219 3.4473791122436523 6.2003583908081055
3.003166675567627 3.927193688562113 3.5950427055358887 7.365954399108887
6.971585750579834 8.820154666632897 2.79160213470459 2.983720064163208
5.343241214752197 8.91574072098831 3.4978551864624023 5.243446350097656
4.254193305969238 6.672544865858072 3.984248638153076 7.615964889526367
4.588001251220703 7.500997684179538 4.179929733276367 9.159768104553223
3.189070701599121 3.358603532390376 2.5978355407714844 3.001722574234009
3.0577266216278076 5.306105203901097 3.480123996734619 4.911454677581787
2.2053959369659424 3.4088511644520167 3.5178751945495605 6.0922346115112305
2.6719701290130615 4.775911357168049 3.568983316421509 7.004486560821533
4.811495780944824 5.827435943185989 2.792158365249634 3.2491259574890137
4.386714458465576 6.954236414985594 3.8143997192382812 5.653695106506348
3.531731367111206 6.546003328594281 3.9682915210723877 7.34552526473999
3.2515976428985596 4.975570104153803 4.056319713592529 8.567593574523926
5.859638214111328 6.483173254902745 3.0961482524871826 3.6298742294311523
5.0562567710876465 8.457325812453746 4.3481574058532715 6.778730869293213
3.695727586746216 6.683205777275816 4.661451816558838 9.220270156860352
3.9473745822906494 6.450648827372049 4.798325061798096 10.885873794555664
3.613332509994507 4.3683263597881705 1.5467833280563354 1.59017813205719
2.751849412918091 5.083987244483865 1.7781758308410645 2.2767398357391357
2.1962673664093018 4.517147130926105 2.0171499252319336 3.090385675430298
2.6243083477020264 4.87008202397881 2.1604809761047363 3.658792495727539
4.129742622375488 5.136740585321093 1.626568078994751 1.6740962266921997
3.234755039215088 6.142587059264995 1.8924839496612549 2.4468142986297607
2.7932963371276855 5.274114934565487 2.166041374206543 3.383601427078247
2.618152379989624 4.887871510788841 2.3266842365264893 4.043536186218262
4.94735050201416 6.1089483234296535 1.7417863607406616 1.7948017120361328
4.292964935302734 7.030697918900071 2.056718587875366 2.693044662475586
4.060311794281006 7.740002317740618 2.3787648677825928 3.8053462505340576
2.8531079292297363 5.964153279615175 2.5625879764556885 4.59137487411499
4.256836891174316 5.2295048171417875 1.8490822315216064 1.896295428276062
3.7622668743133545 6.864909309089853 2.1201114654541016 2.7589237689971924
2.6952266693115234 4.495815512865647 2.3734161853790283 3.7692229747772217
2.356581449508667 4.591240736465238 2.511108636856079 4.460188388824463
4.866987705230713 6.025277840619992 1.9611682891845703 2.016172409057617
3.795764446258545 7.063073025491349 2.295070171356201 3.0381877422332764
3.479893207550049 6.642847570367394 2.6083450317382812 4.264606952667236
2.7253801822662354 4.609500095196621 2.7727551460266113 5.1072492599487305
5.841890335083008 7.3845806240770955 2.128103733062744 2.194175958633423
5.082572937011719 8.421222791400396 2.555781602859497 3.45576810836792
3.7151243686676025 6.485569768889491 2.9568448066711426 5.006094455718994
3.460273504257202 5.431689489082942 3.158639669418335 6.069444179534912
4.434291839599609 5.520889232237707 2.2928996086120605 2.338970422744751
1.8203988075256348 2.94158921383778 2.549328088760376 3.3599250316619873
3.1445229053497314 5.4695622233783645 2.7541072368621826 4.50673246383667
2.5229244232177734 4.545878922893067 2.8532447814941406 5.263574600219727
5.45483922958374 6.700886610724865 2.429741144180298 2.485795497894287
4.079172134399414 6.511166836909098 2.786954164505005 3.766665458679199
3.7904601097106934 6.0069302109622145 3.0780999660491943 5.2290191650390625
2.3881583213806152 4.148442362019466 3.2116215229034424 6.19118070602417
6.656774044036865 8.438213324415706 2.6413321495056152 2.714508056640625
5.241096496582031 8.16624999063697 3.1529109477996826 4.392717361450195
4.053811073303223 7.0248089563003475 3.5738160610198975 6.339583873748779
4.292565822601318 6.6039876579926045 3.7555642127990723 7.612802982330322
3.4618518352508545 4.109655632658814 2.461336612701416 2.6970152854919434
3.531022071838379 5.946755253529091 3.204179525375366 4.3807692527771
2.88391375541687 5.6399917996443465 3.1273012161254883 5.237743854522705
2.4854238033294678 5.436314199193902 3.1454195976257324 5.962076187133789
4.940016269683838 5.180619164332448 2.6419594287872314 2.9061386585235596
3.648477792739868 6.327707897806391 3.528709888458252 4.962640285491943
3.81447172164917 7.0468855252961475 3.531172752380371 6.183679103851318
2.6997148990631104 4.947124161964325 3.5854153633117676 7.137109756469727
4.9324750900268555 5.634255141948643 2.916520595550537 3.2277181148529053
5.531318664550781 7.701452587717199 4.012218952178955 5.851579666137695
3.5114073753356934 6.371456879438188 4.161290645599365 7.654703140258789
4.267874717712402 6.8378096229477165 4.266378879547119 8.968803405761719
3.6174771785736084 4.300444270036415 1.7028765678405762 1.7645878791809082
3.183997392654419 5.476754751978433 2.005260705947876 2.6106810569763184
1.9954161643981934 3.5974045313073475 2.2615487575531006 3.5335328578948975
2.1194801330566406 3.6507487331837183 2.389754056930542 4.173763751983643
4.057368278503418 5.026125028636166 1.7895584106445312 1.8571324348449707
3.5110881328582764 6.577255307279047 2.1367273330688477 2.820887565612793
2.66384220123291 5.18018878295949 2.4355807304382324 3.897279739379883
2.946519374847412 5.601066424435992 2.5836451053619385 4.649226188659668
4.839049339294434 5.997135128540265 1.9097180366516113 1.9855055809020996
4.3603315353393555 7.624680037835333 2.3161652088165283 3.109257459640503
3.403200387954712 6.641073573334211 2.6721954345703125 4.3930792808532715
3.455789566040039 6.736774475100219 2.8457882404327393 5.2923126220703125
4.128931522369385 4.991646346826997 2.1122429370880127 2.192763328552246
3.5608878135681152 5.914227471889717 2.4947702884674072 3.309788942337036
2.202054977416992 4.51157338340812 2.778196096420288 4.50836181640625
1.032462239265442 2.397508955779358 2.8917131423950195 5.306816577911377
4.797044277191162 5.91742835097557 2.2282707691192627 2.32209849357605
4.121332168579102 7.468934279691876 2.696474313735962 3.6611320972442627
3.9148147106170654 6.856423585247967 3.057539224624634 5.138674259185791
1.3577932119369507 2.7491772094049054 3.2037558555603027 6.126347541809082
5.6631245613098145 7.050216765191408 2.3961448669433594 2.5067756175994873
4.800581932067871 8.58419730683147 2.9827563762664795 4.160335540771484
4.136423110961914 7.738907903597436 3.45110821723938 6.0279221534729
3.4011852741241455 4.552145097632735 3.640644073486328 7.271838665008545
4.349501132965088 5.287184858349065 2.6321797370910645 2.7165095806121826
4.292799949645996 7.676858748391567 3.0869812965393066 4.171626567840576
2.7480127811431885 4.448062889497001 3.344020128250122 5.608766555786133
2.5928893089294434 4.974754223580021 3.4068236351013184 6.504462242126465
5.185726642608643 6.349142722871875 2.7717628479003906 2.8818514347076416
3.7149832248687744 6.300512011761501 3.3663861751556396 4.706676006317139
3.642885446548462 5.248609644898931 3.7371129989624023 6.557419300079346
2.7646007537841797 5.110371685189364 3.8429248332977295 7.712254047393799
6.209910869598389 7.735078900018834 2.9831151962280273 3.1279067993164062
5.715377330780029 9.18271714677769 3.7756130695343018 5.4831109046936035
4.647401332855225 7.587586476092838 4.307858943939209 7.928842544555664
3.555600166320801 7.0103226637458285 4.471281051635742 9.43950080871582
3.749174118041992 4.495280356300498 2.7312445640563965 2.9887733459472656
3.1378045082092285 5.159380064984109 3.758615016937256 5.25495719909668
2.040900230407715 3.642708037677494 3.890953302383423 6.697749614715576
2.532749652862549 4.534162792980525 3.8606719970703125 7.579222679138184
4.289033889770508 4.9394154816972105 2.9201107025146484 3.235257148742676
4.5081915855407715 7.195006532610023 4.140265941619873 6.0101399421691895
3.155322790145874 5.005465807957736 4.391511917114258 7.964619159698486
2.208252429962158 4.996768745147165 4.405728340148926 9.142126083374023
4.871606826782227 5.476769805934737 3.2014594078063965 3.5932676792144775
5.501302242279053 8.809494252247987 4.697495937347412 7.134621620178223
4.024633884429932 7.6738167679866365 5.12938928604126 9.8151273727417
4.168461322784424 7.861921692418633 5.205218315124512 11.40687370300293
4.153936386108398 4.97318929856408 1.7662153244018555 1.8260924816131592
4.024825096130371 6.915155777461791 2.0609638690948486 2.735567569732666
2.2479753494262695 4.297720655029991 2.290285348892212 3.670246124267578
1.583463430404663 3.3496723297939752 2.390484571456909 4.255866050720215
4.414885520935059 5.456596896836462 1.8523744344711304 1.9192399978637695
3.4548234939575195 5.992764793514823 2.199125051498413 2.971904993057251
2.806211233139038 5.801914951343292 2.4757213592529297 4.083187103271484
2.6635546684265137 5.125162761140803 2.596210479736328 4.7771992683410645
5.06386661529541 6.487981138391888 1.9729394912719727 2.0472822189331055
3.356747627258301 5.5072030591285 2.389599323272705 3.2914416790008545
3.977118968963623 6.614673106964375 2.7297279834747314 4.63677453994751
3.107072591781616 5.577890213373266 2.8769025802612305 5.474184036254883
4.759983539581299 5.7266668154943545 2.205277442932129 2.280311107635498
3.6161482334136963 5.18828354441257 2.592453956604004 3.51733136177063
3.4674980640411377 5.326591085128712 2.839346170425415 4.751104354858398
2.749678611755371 4.778974919683719 2.9085848331451416 5.474184036254883
5.251297473907471 6.400265386494311 2.323871374130249 2.4116392135620117
4.588076114654541 7.686021849008739 2.816098213195801 3.928065299987793
3.658386707305908 6.818173750019696 3.148179531097412 5.486041069030762
3.2185215950012207 5.221783424308455 3.2472121715545654 6.39181661605835
5.985647678375244 7.67978543112789 2.4952073097229004 2.598963975906372
5.198686122894287 7.372962403450515 3.132577896118164 4.503533363342285
4.978261947631836 8.775740566802597 3.5815672874450684 6.509758472442627
3.4701380729675293 6.25805404748634 3.721531629562378 7.6665263175964355
4.898040294647217 5.909769848222201 2.6770315170288086 2.7823615074157715
3.3495969772338867 5.701444363746873 3.189112424850464 4.431029796600342
2.8217661380767822 5.048868499613285 3.4217264652252197 5.931375026702881
2.005314588546753 3.476610853275673 3.4334046840667725 6.739946365356445
5.644703388214111 6.866045362994782 2.8301987648010254 2.960899829864502
4.162680625915527 7.335663994224099 3.515265703201294 5.070233345031738
2.249929666519165 4.889977905571527 3.8747100830078125 7.059871196746826
3.248807430267334 5.343943023721351 3.9203972816467285 8.118742942810059
6.605112075805664 8.324387411082636 3.0623421669006348 3.225895643234253
4.749825954437256 5.974942650915226 3.9919943809509277 5.991189002990723
2.7944343090057373 5.905778827704053 4.5233001708984375 8.671690940856934
3.1020641326904297 5.857565384019814 4.615311145782471 10.07813835144043
2.7198588848114014 3.057383337756505 2.9455082416534424 3.2569518089294434
3.6295998096466064 5.633524747822776 3.7523183822631836 5.364825248718262
2.213078260421753 3.964482651020731 3.938755989074707 7.006292819976807
2.706958770751953 4.068289198090952 3.8786981105804443 7.830729007720947
4.531820774078369 4.927026067914085 3.2206625938415527 3.5345189571380615
2.9262123107910156 4.195543493775769 4.176114559173584 6.220913887023926
3.23262619972229 6.211853076723844 4.523854732513428 8.510586738586426
1.7003588676452637 3.360617637931483 4.500761032104492 9.638529777526855
5.2304229736328125 5.883238024779871 3.5767416954040527 3.977936029434204
4.785137176513672 7.380229463207112 4.807484149932861 7.512024402618408
3.737065553665161 5.698035594627299 5.377326965332031 10.69531536102295
3.1459813117980957 5.505778952283011 5.398865699768066 12.23537826538086
3.9771838188171387 4.732574851014007 1.6925480365753174 1.7354274988174438
3.562352418899536 6.193806556638776 1.9593095779418945 2.523482084274292
3.271988868713379 5.619329520277347 2.2153499126434326 3.404325008392334
3.0727920532226562 5.436204810394912 2.352302312850952 3.979994773864746
4.216341495513916 5.278498651716518 1.775049090385437 1.824500322341919
3.7095720767974854 6.241960453289636 2.084774971008301 2.7263360023498535
3.1939027309417725 5.757337656824461 2.3847174644470215 3.7631003856658936
3.4098000526428223 5.864892882976164 2.542919397354126 4.454020977020264
4.856081485748291 6.21902295288163 1.890580177307129 1.94907546043396
4.476973056793213 6.42372973876968 2.259326934814453 3.015838384628296
3.5728652477264404 6.143326633239454 2.618680953979492 4.2713422775268555
3.0682082176208496 5.015091083236712 2.8044345378875732 5.118190288543701
4.554779529571533 5.505246974901581 2.1087663173675537 2.1473238468170166
3.6639509201049805 6.063725067349338 2.44529128074646 3.210087537765503
3.1017539501190186 5.106725425782256 2.718226194381714 4.35705041885376
2.7018916606903076 4.88138298366142 2.838622808456421 5.071272373199463
5.016884803771973 6.206281579099851 2.214092493057251 2.267223358154297
3.7238690853118896 6.024516234682551 2.6357030868530273 3.547034978866577
2.853515386581421 5.281018936823784 2.990730047225952 4.976919651031494
3.083535671234131 4.9537630960776795 3.1472771167755127 5.884723663330078
5.65675163269043 7.402193432039951 2.3671507835388184 2.4392526149749756
5.046380043029785 7.786813245437965 2.9096367359161377 4.041387557983398
3.4825897216796875 5.651201643481727 3.3796353340148926 5.884299278259277
3.8469011783599854 5.837897027600434 3.5844473838806152 7.067994117736816
4.782834529876709 5.804136812232173 2.6453139781951904 2.6974873542785645
3.5002429485321045 5.651933346550869 3.051586866378784 4.093500137329102
2.8319337368011475 4.836562200030806 3.27640700340271 5.449565887451172
2.162350654602051 3.9358998760505983 3.3372228145599365 6.234877586364746
5.411398410797119 6.68764713360698 2.777038335800171 2.8426568508148193
3.6105711460113525 6.559610422217332 3.3214497566223145 4.6060872077941895
3.444821357727051 5.236980213662264 3.6633517742156982 6.383526802062988
2.5493133068084717 4.760027575938977 3.7721872329711914 7.433596611022949
6.221519470214844 8.090904183888597 2.97135329246521 3.062664270401001
4.706655502319336 7.353198610461455 3.7158656120300293 5.372051239013672
4.105067253112793 6.849607894072825 4.229299545288086 7.779862880706787
3.7723937034606934 6.7913092899955245 4.4027509689331055 9.215744972229004
3.7676165103912354 4.163595815265046 2.861199140548706 3.0819435119628906
2.985534191131592 5.975328822300128 3.739260196685791 5.2275309562683105
1.9368494749069214 4.1589115885496994 3.8192315101623535 6.55472993850708
2.697726011276245 4.225515325973536 3.7755017280578613 7.289346218109131
3.5275025367736816 3.9313359375707932 3.050102949142456 3.309727907180786
3.8873889446258545 6.448440098747284 4.106934070587158 5.985418319702148
3.140526056289673 5.99581574693093 4.316399097442627 7.806123733520508
2.160510301589966 2.440701143960837 4.324082851409912 8.846857070922852
4.874252796173096 5.248394145497031 3.326512098312378 3.6469593048095703
3.794865846633911 5.0025601745768995 4.647304534912109 7.094660758972168
4.180594444274902 6.448306303828524 5.052984714508057 9.695602416992188
4.30067253112793 7.329089602470731 5.130547046661377 11.188699722290039
3.9260072708129883 4.370229540532819 1.4917757511138916 1.541602373123169
2.6091156005859375 4.296321613789587 1.7490365505218506 2.2545454502105713
2.808490514755249 5.9058954877517165 2.0077226161956787 3.057374954223633
2.356694459915161 4.737972038204585 2.166229724884033 3.6174075603485107
4.310051918029785 5.027402657101405 1.5658819675445557 1.6194685697555542
4.241050720214844 6.8131101215170276 1.850160837173462 2.414011001586914
3.282275438308716 6.381030719620071 2.1412105560302734 3.338632106781006
3.0231170654296875 6.420212330283533 2.3189749717712402 3.993027687072754
5.03598690032959 6.206471618679437 1.6740933656692505 1.732919454574585
4.963674545288086 7.994936318869492 1.9988014698028564 2.6457953453063965
4.249475002288818 7.693653161517432 2.3368356227874756 3.7456717491149902
3.985567331314087 7.245710297821972 2.541539192199707 4.533504486083984
4.489307880401611 5.069018378465842 1.7342464923858643 1.8005305528640747
3.5430290699005127 6.402415991326649 2.0323801040649414 2.6622769832611084
2.150062084197998 3.948455365623886 2.3239996433258057 3.650249481201172
2.92523193359375 5.237511824060846 2.4963624477386475 4.341822624206543
5.067496299743652 6.0254845826039665 1.839998483657837 1.909859299659729
4.616623878479004 7.4508262040746445 2.1867265701293945 2.9135923385620117
3.4703643321990967 5.310902529589612 2.5344924926757812 4.112701892852783
2.2786872386932373 4.861282449420514 2.738603115081787 4.9622931480407715
5.940108776092529 7.363149018037454 1.9989255666732788 2.076892375946045
4.998353004455566 8.225259367221497 2.4211795330047607 3.2966158390045166
4.760874271392822 8.461146043398479 2.8547041416168213 4.814070701599121
3.744715452194214 6.303130777233719 3.10565185546875 5.898968696594238
4.723138332366943 5.388789682012543 2.065777540206909 2.2131152153015137
3.9940998554229736 7.172874797882969 2.366950273513794 3.182335138320923
3.3555946350097656 5.598622179730228 2.65217924118042 4.284449577331543
3.4031834602355957 4.9485909251552584 2.8151423931121826 5.060474872589111
5.5046210289001465 6.564509364696406 2.195488691329956 2.3383700847625732
5.169201850891113 7.515211399995678 2.5768866539001465 3.531222343444824
3.4924516677856445 6.08779944394945 2.942399740219116 4.945934295654297
3.1178653240203857 5.298913219350425 3.147639513015747 5.942973613739014
6.564486026763916 8.219307909988174 2.3999054431915283 2.546299457550049
5.764611721038818 9.259575046060945 2.902495861053467 4.0844011306762695
4.58858060836792 8.056919648564417 3.3944754600524902 5.980413913726807
4.479260444641113 8.551129818624986 3.6655211448669434 7.315767765045166
4.003078460693359 4.466192674942102 2.19549822807312 2.482834815979004
3.680790424346924 6.331069987174985 3.061325788497925 4.391779899597168
3.459059000015259 5.787294670337815 2.967513084411621 4.933049201965332
2.6667044162750244 5.003471759491276 3.0870249271392822 5.687427043914795
4.408375263214111 4.548842650341843 2.3590054512023926 2.6648433208465576
4.539823055267334 8.361500970329871 3.31001615524292 4.913234710693359
4.0947957038879395 6.806442185774955 3.33254337310791 5.789695739746094
3.1266164779663086 5.965986751383753 3.4977211952209473 6.805863857269287
5.612855911254883 6.047733643861821 2.610395669937134 2.9545862674713135
4.809647083282471 7.622104948774847 3.7131400108337402 5.705694675445557
4.230189323425293 6.9092988866003395 3.906576156616211 7.150164604187012
4.393589496612549 6.680199210464686 4.145666122436523 8.570443153381348
3.8587613105773926 4.62229190472749 1.555310606956482 1.6055128574371338
3.633232355117798 6.463587974534958 1.830122947692871 2.4051241874694824
3.4914920330047607 6.268572283704998 2.1107780933380127 3.3232033252716064
2.4848101139068604 4.771733944379012 2.279834747314453 3.9634556770324707
4.4299235343933105 5.472123461909234 1.6408289670944214 1.6977159976959229
3.421074867248535 6.34730846538514 1.9549202919006348 2.609517812728882
3.080014705657959 6.685173726786671 2.275463819503784 3.685269832611084
2.9512710571289062 4.706904594635193 2.4645090103149414 4.438678741455078
5.154118537902832 6.5436774771146915 1.7655982971191406 1.831059455871582
4.7322611808776855 7.718496287987364 2.1367177963256836 2.907937526702881
3.9206347465515137 5.936112547132211 2.515227794647217 4.212265968322754
2.812134265899658 5.01643629729071 2.732966423034668 5.127677917480469
4.546319961547852 5.484199731101754 1.8212913274765015 1.876997470855713
4.218832492828369 6.794251311746912 2.1487319469451904 2.880175828933716
3.4228501319885254 6.63276705327371 2.467611312866211 4.042239665985107
2.797381639480591 4.597013926137379 2.652691125869751 4.850287914276123
5.181722164154053 6.361822338413058 1.9431116580963135 2.011587619781494
4.294955253601074 6.751666476422486 2.340304136276245 3.2116804122924805
3.237290143966675 6.148928789357686 2.7274670600891113 4.644532680511475
3.350395917892456 6.277491099655208 2.9446213245391846 5.641816139221191
6.130256652832031 7.9128546199892735 2.1270949840545654 2.2124528884887695
5.59952449798584 9.285594531987545 2.630413770675659 3.716416358947754
3.9359142780303955 6.674126743320386 3.1211495399475098 5.561161518096924
3.3884201049804688 5.588931507965533 3.3864619731903076 6.840478897094727
4.84050989151001 5.854163492644716 2.206254243850708 2.221273422241211
4.443065643310547 7.569982914096272 2.511214017868042 3.4072351455688477
3.5036299228668213 5.432999938890418 2.8162992000579834 4.755069255828857
2.110578775405884 4.391359490372906 2.9947891235351562 5.687474250793457
5.747594356536865 7.041330816077675 2.3497579097747803 2.3968985080718994
4.5108208656311035 6.690363509203053 2.766505241394043 3.878843069076538
4.101059436798096 5.698500984522042 3.1721584796905518 5.613872051239014
3.6380820274353027 6.339534997327291 3.3930864334106445 6.808823585510254
6.882793426513672 8.830193419819807 2.581326723098755 2.6635570526123047
5.273140907287598 7.971689800508312 3.168618679046631 4.616426944732666
3.119499683380127 3.748088411431098 3.7268080711364746 6.960512161254883
4.5364155769348145 6.117104154955257 4.01322078704834 8.554701805114746
3.696763038635254 3.9661544800175896 2.420759439468384 2.686387062072754
3.210113048553467 5.896055356311546 3.0621423721313477 4.244338035583496
3.366271495819092 5.763456530894246 3.122260808944702 5.37876033782959
1.8168867826461792 3.54571507444075 3.2674367427825928 6.36487340927124
4.734473705291748 5.579743259618277 2.5170180797576904 2.9287195205688477
3.710108995437622 6.548433346067106 3.3618502616882324 4.813305377960205
3.4489336013793945 6.7805365766213015 3.5588953495025635 6.466994762420654
3.5473451614379883 6.248589983866616 3.753876209259033 7.767246723175049
5.5914201736450195 6.49078198415225 2.824369192123413 3.2961714267730713
5.748757362365723 8.512127269856672 3.8541858196258545 5.76506233215332
5.007779598236084 8.037515271237964 4.253394603729248 8.201878547668457
4.489796161651611 7.5533522552560655 4.523329734802246 9.984650611877441
3.845106840133667 4.418200659019362 1.7007577419281006 1.7543333768844604
3.6837363243103027 6.05161626877798 2.0194013118743896 2.6767377853393555
2.807894468307495 5.156863423775093 2.322314500808716 3.6806955337524414
2.905860424041748 5.007849805233434 2.4863884449005127 4.36006498336792
4.331713676452637 5.320718687156813 1.7925513982772827 1.8541581630706787
4.0550127029418945 5.493269447525485 2.160897731781006 2.9087255001068115
3.3457396030426025 6.0511813837636215 2.513270378112793 4.084085464477539
3.0237863063812256 5.954836456090034 2.7029104232788086 4.887513160705566
5.103643894195557 6.524526117847472 1.9277524948120117 2.0005972385406494
3.44598650932312 6.34035147718058 2.3668792247772217 3.2454919815063477
4.446556091308594 6.676008960220059 2.78715443611145 4.667011737823486
2.7879748344421387 5.4800294424465115 3.008803367614746 5.645367622375488
4.524203777313232 5.266298876739814 2.1132326126098633 2.173046350479126
3.716041326522827 6.566841315573356 2.5246081352233887 3.4172794818878174
3.3428053855895996 4.897081044556899 2.8877227306365967 4.772258281707764
2.613650321960449 4.753205862150875 3.06318998336792 5.6682610511779785
5.127024173736572 6.211230719965442 2.2393665313720703 2.3117144107818604
4.060719966888428 7.360391532608446 2.7478067874908447 3.8067870140075684
3.5395898818969727 6.529630384222287 3.20281982421875 5.4814324378967285
2.557901382446289 3.964024841625512 3.421339511871338 6.59772253036499
6.095186710357666 7.759096323933818 2.435638189315796 2.528160333633423
4.346656799316406 7.82856175419289 3.0858137607574463 4.396346092224121
4.610801696777344 7.541818606297852 3.6689631938934326 6.542173385620117
3.8645057678222656 5.388395853779031 3.941859483718872 7.976330757141113
4.750943660736084 5.581050393376245 2.6449406147003174 2.7394533157348633
3.8378942012786865 6.567030902463469 3.128636121749878 4.3361663818359375
3.7467215061187744 6.46439531597902 3.4995083808898926 5.994973659515381
1.8754029273986816 2.6261120287219564 3.6534078121185303 7.055988311767578
5.657890319824219 6.824205993629862 2.8069894313812256 2.9175662994384766
4.697993755340576 7.725793289239174 3.4456233978271484 4.927183151245117
2.610625743865967 4.964108401726435 3.952104091644287 7.06716775894165
2.358046770095825 3.307432668667812 4.16514253616333 8.442646026611328
6.851722240447998 8.761996197314033 3.066807508468628 3.2076215744018555
4.866306781768799 7.7080339973143595 3.939582586288452 5.840538024902344
3.8402111530303955 5.846979944168606 4.637820720672607 8.697504043579102
3.195457935333252 5.2404841564639355 4.9235310554504395 10.52802848815918
3.67221999168396 3.867029214525189 2.744985818862915 3.0839264392852783
4.02657413482666 6.817421889250227 3.7739198207855225 5.421381950378418
3.003781795501709 5.200617014411961 4.065491676330566 7.1635894775390625
1.9530285596847534 2.7224230549286403 4.162461280822754 8.281973838806152
4.339529037475586 5.108451230063274 2.952376127243042 3.328671455383301
3.5792038440704346 6.291489313024494 4.20373010635376 6.263757228851318
3.0973081588745117 5.030281423424299 4.6452555656433105 8.593369483947754
3.8523919582366943 6.07944568703499 4.809813022613525 10.086793899536133
5.4228515625 6.132005674922741 3.277106761932373 3.724163770675659
5.194894313812256 7.992236612295969 4.871417045593262 7.5776543617248535
4.934747695922852 8.293500393152442 5.536285400390625 10.777149200439453
3.5856080055236816 5.857112889997495 5.781440258026123 12.810826301574707
3.6490468978881836 4.429240451470214 1.4892443418502808 1.5406866073608398
3.6661059856414795 6.09399160912473 1.7593384981155396 2.3200912475585938
2.8713035583496094 4.165733241035923 2.031998872756958 3.219874620437622
3.0681774616241455 6.2814206684573834 2.1904475688934326 3.8472986221313477
4.241646766662598 5.326114572693655 1.564070701599121 1.619239091873169
3.9505064487457275 5.479909290620153 1.8683629035949707 2.49467134475708
3.780797004699707 5.983685080917439 2.1769185066223145 3.524733543395996
2.953428030014038 5.205885732710158 2.3546273708343506 4.247474193572998
4.989124298095703 6.6874991154699615 1.6740130186080933 1.7345107793807983
3.1197242736816406 6.5766645271757795 2.0270471572875977 2.743487596511841
3.90311598777771 5.976281697981882 2.3847131729125977 3.9541280269622803
3.6376893520355225 6.453344751408622 2.5868420600891113 4.80844259262085
4.304008960723877 5.300474412709708 1.7391471862792969 1.809887170791626
3.682011127471924 6.476473541785765 2.0644307136535645 2.7929182052612305
3.535067558288574 6.629232168683984 2.3812763690948486 3.9401209354400635
2.639345169067383 5.470332831765301 2.556039333343506 4.734450817108154
4.996914863586426 6.221170281907973 1.8455723524093628 1.9209668636322021
4.361541271209717 6.872615540427944 2.2313239574432373 3.0741982460021973
3.44022274017334 6.902746202651109 2.610156774520874 4.45340633392334
3.3402724266052246 6.729095073306663 2.8159308433532715 5.41136360168457
5.908785820007324 7.907899038487585 2.008690595626831 2.0922064781188965
5.420680046081543 8.961550970087671 2.484675884246826 3.4946138858795166
3.921854257583618 7.5710816276413055 2.9520747661590576 5.21119499206543
3.566711902618408 6.084501093449376 3.1986327171325684 6.404980659484863
4.472869396209717 5.581961573938315 2.1104300022125244 2.235755443572998
3.8278796672821045 7.374286981265641 2.4354405403137207 3.3821403980255127
3.3139307498931885 6.8076796995652415 2.7493202686309814 4.7211408615112305
3.1013271808624268 5.404812015202907 2.917255401611328 5.6404571533203125
5.423315525054932 6.801897286658438 2.2420103549957275 2.3689169883728027
4.018934726715088 7.259501807133688 2.661813974380493 3.7869114875793457
4.014179229736328 7.0243868027801 3.066664457321167 5.472873687744141
3.8667569160461426 6.71799685998414 3.2759366035461426 6.621481418609619
6.535890579223633 8.636551306622174 2.451502799987793 2.5886566638946533
5.572662830352783 8.01561864148357 3.0179014205932617 4.413178443908691
4.646929740905762 8.600063949656032 3.554875135421753 6.613365173339844
4.025974750518799 7.115346043225145 3.8194026947021484 8.09946346282959
3.0935513973236084 3.5504850959815712 2.307589054107666 2.6098625659942627
4.121974945068359 6.932478595743021 3.0062074661254883 4.330273151397705
3.251708984375 6.220761744120836 3.098705768585205 5.478754997253418
2.2493176460266113 3.373483771484814 3.2263548374176025 6.434534549713135
4.0881733894348145 4.838068276732912 2.482677698135376 2.8051767349243164
4.28358793258667 6.673372952046975 3.297651767730713 4.896172523498535
3.722626209259033 5.204963605740144 3.498356580734253 6.471320629119873
3.227159261703491 4.899004603144734 3.6713974475860596 7.696902751922607
5.254725456237793 5.519185146622249 2.75788950920105 3.120072364807129
4.830259799957275 8.663014219044726 3.764984369277954 5.787443161010742
4.239569664001465 6.715119152264833 4.12316370010376 7.997988224029541
3.6598780155181885 6.219382244523786 4.356539726257324 9.61915111541748
4.033514022827148 4.882450260628925 1.5811057090759277 1.6381295919418335
3.823474407196045 5.866485077321158 1.881551742553711 2.5025057792663574
3.5803894996643066 6.869311697410069 2.1598193645477295 3.446737051010132
2.9168570041656494 5.726893752764681 2.32112717628479 4.107582092285156
4.40575647354126 5.459011505627359 1.66169273853302 1.725145936012268
4.322883605957031 7.336801352163718 1.9989641904830933 2.690176486968994
3.5184481143951416 6.088828835834745 2.3182222843170166 3.7760589122772217
2.532928228378296 3.8667682919710007 2.5036654472351074 4.5445027351379395
5.0762038230896 6.5155207173491405 1.7782988548278809 1.8501060009002686
4.511012077331543 8.10336770207578 2.167766571044922 2.959855318069458
4.254549026489258 7.198935488580556 2.5443389415740967 4.248843669891357
3.854491949081421 7.300378299454678 2.762946844100952 5.170641899108887
4.618762969970703 5.621415335141914 1.9051588773727417 1.9647276401519775
3.3674066066741943 5.589375326627248 2.273948907852173 3.061285972595215
3.0986838340759277 5.580413580218078 2.600555181503296 4.274285793304443
2.879702091217041 5.724625901072727 2.777390956878662 5.118366718292236
5.179527282714844 6.36121300187985 2.0143654346466064 2.0848615169525146
4.828521251678467 8.678908718552968 2.4508631229400635 3.363495349884033
3.392394781112671 6.290374872069378 2.8517637252807617 4.832560062408447
3.1342878341674805 5.152676383676296 3.0699961185455322 5.865428447723389
5.956051826477051 7.7867339082467595 2.178986072540283 2.2642080783843994
5.341840744018555 8.679204441320614 2.715203046798706 3.8133833408355713
4.058187007904053 7.713230631299837 3.22424578666687 5.663402080535889
2.7978434562683105 4.518365733937466 3.501403331756592 6.97401237487793
4.744692325592041 5.82858051014739 2.3790135383605957 2.445345640182495
4.176619529724121 7.048912702116013 2.7814037799835205 3.7718353271484375
2.814845085144043 5.279032072432756 3.0988659858703613 5.212162494659424
2.541396379470825 4.406230429450748 3.254957437515259 6.186960697174072
5.579084396362305 6.863285743530014 2.5150368213653564 2.591254234313965
3.9014675617218018 7.4683315671360155 3.0250096321105957 4.219197750091553
4.328953742980957 7.186704891010891 3.450908660888672 6.040240287780762
3.504220485687256 6.160195603028066 3.6640398502349854 7.280799388885498
6.56129264831543 8.554251123188516 2.7226033210754395 2.819147825241089
5.964925765991211 10.239036520540651 3.3968234062194824 4.898369312286377
4.534812927246094 8.078478911807906 3.986908197402954 7.29845666885376
4.020795822143555 7.134919590162099 4.2829742431640625 8.939615249633789
4.2407426834106445 4.490147539721136 2.5458481311798096 2.810427188873291
3.610623598098755 5.331817740204386 3.5316057205200195 4.978122711181641
2.7625324726104736 4.767171372686231 3.6115219593048096 6.20050048828125
3.1393165588378906 6.190125440006942 3.690077543258667 7.175215244293213
4.121431827545166 4.990397412553278 2.7259178161621094 3.0210859775543213
3.807633638381958 6.490721152625156 3.8723740577697754 5.627560138702393
3.887092351913452 5.733100699827199 4.067347049713135 7.324004173278809
3.2296154499053955 6.158816986471166 4.205196857452393 8.5960111618042
6.096736431121826 6.6371603349064685 3.0040879249572754 3.353212356567383
5.451138496398926 7.580430440199507 4.3776140213012695 6.608127593994141
4.8964738845825195 8.404952067208516 4.764357089996338 9.031311988830566
4.490756511688232 8.16099485930119 4.994240760803223 10.768657684326172
3.639953374862671 4.347168189348281 1.488330364227295 1.5399060249328613
3.30684757232666 6.216423178029654 1.7432889938354492 2.2991418838500977
2.98655104637146 5.7122315734654885 1.9906573295593262 3.170612335205078
2.057790994644165 4.3709970310962944 2.1350491046905518 3.781261920928955
4.040502548217773 5.136962950974411 1.5588483810424805 1.6159493923187256
3.8429837226867676 7.059633336439674 1.845682978630066 2.4729409217834473
3.0851235389709473 6.066452348594169 2.1265358924865723 3.4794275760650635
2.7905545234680176 5.391100797510148 2.2876269817352295 4.184847831726074
4.784014701843262 6.053034860099842 1.6598570346832275 1.7236871719360352
4.62298583984375 7.714665307646086 1.9902158975601196 2.713785171508789
3.7014222145080566 6.306287269280006 2.3158633708953857 3.90814471244812
2.2007334232330322 4.1217493704239985 2.498613119125366 4.746314525604248
4.091906547546387 4.959360370060949 1.7126736640930176 1.7734540700912476
3.8275146484375 6.723595786767447 2.0109806060791016 2.707078456878662
3.0217461585998535 6.166378774832481 2.2862470149993896 3.7785089015960693
2.1456217765808105 3.9302723662969896 2.4381868839263916 4.5234055519104
4.777548789978027 5.943239420019381 1.8083674907684326 1.878711223602295
3.717736005783081 5.851046291881131 2.16109299659729 2.9748833179473877
3.4999287128448486 6.2838043235325785 2.49200439453125 4.26954984664917
2.6489408016204834 5.426463533983338 2.6703014373779297 5.166956901550293
5.645941734313965 7.199663419956302 1.9503650665283203 2.032888174057007
4.2473835945129395 7.958089319857322 2.38012433052063 3.361140251159668
3.9212231636047363 7.018050633149585 2.7888479232788086 4.979644298553467
3.1173083782196045 5.209886986386288 3.0023751258850098 6.0969977378845215
4.399260520935059 5.385311424452993 2.034097671508789 2.109724760055542
3.3214941024780273 6.0434799371748795 2.319370746612549 3.183035373687744
2.763040542602539 5.1991327383738195 2.5751070976257324 4.3893914222717285
1.8576973676681519 4.195759441086466 2.7134265899658203 5.2198944091796875
5.2004876136779785 6.415930520738755 2.1503844261169434 2.238919258117676
4.297579288482666 7.86022577699009 2.515645980834961 3.5499889850616455
3.597914457321167 6.866776346806191 2.8487050533294678 5.070199012756348
2.6340019702911377 4.734348087033954 3.021771192550659 6.105998992919922
6.3360137939453125 8.056616875373948 2.3256425857543945 2.4312565326690674
4.5032734870910645 7.860026197841307 2.808518886566162 4.093960762023926
4.910231113433838 8.421235196981797 3.253776788711548 6.082066059112549
2.9446191787719727 6.415010239085859 3.475097894668579 7.421571254730225
2.9950647354125977 3.4171538333530407 2.137324571609497 2.4555342197418213
2.91860294342041 4.881343555581893 2.7208757400512695 3.837337017059326
3.1833932399749756 5.204085925617036 2.8298792839050293 4.944126605987549
2.0058398246765137 3.799737435989748 2.932243585586548 5.786562919616699
4.326242446899414 5.073771703287093 2.2885053157806396 2.6417386531829834
2.8484678268432617 5.241569861302196 2.971580982208252 4.353785037994385
3.2778682708740234 5.6440226298952325 3.1620278358459473 5.7992472648620605
3.4673099517822266 6.384756057774666 3.3020858764648438 6.875534534454346
5.092859268188477 5.392688249376306 2.5158262252807617 2.9217875003814697
5.248563766479492 9.437286801072789 3.347429037094116 5.109600067138672
3.8578269481658936 7.641218546969682 3.6600606441497803 7.084315776824951
3.546649694442749 5.852384085322569 3.855039119720459 8.518911361694336
4.435604095458984 4.99413749345721 1.6031376123428345 1.6573630571365356
4.172154426574707 6.99213733859119 1.8935198783874512 2.45462703704834
3.017470359802246 5.272799185407621 2.1655759811401367 3.314636707305908
3.1642041206359863 5.526128782618798 2.313711404800415 3.8988969326019287
4.622844219207764 5.508780819522457 1.6912251710891724 1.751752495765686
4.159761905670166 7.320258832338002 2.0194435119628906 2.6590397357940674
3.5761852264404297 5.855247592286206 2.331629753112793 3.661707878112793
2.2150521278381348 4.833807558384386 2.5015344619750977 4.349795818328857
5.1313300132751465 6.286715296787747 1.8197091817855835 1.8881089687347412
4.559689044952393 7.770079238454002 2.203425168991089 2.952606678009033
3.5058653354644775 6.5956909310122 2.5718047618865967 4.161374568939209
3.604921340942383 6.606918728002139 2.7700140476226807 4.995344161987305
5.085373878479004 5.835280005380582 1.9364326000213623 2.007620334625244
4.102794170379639 6.992251868279709 2.3020570278167725 3.029383420944214
3.9171624183654785 5.867269281625454 2.622199535369873 4.137421607971191
1.8831148147583008 2.781234864996108 2.778252363204956 4.880941867828369
5.545204162597656 6.630020696220072 2.0612776279449463 2.1412558555603027
3.870604991912842 6.404697021901029 2.4972662925720215 3.3646295070648193
3.525066614151001 6.713429092548722 2.8890740871429443 4.731717586517334
3.2503771781921387 5.915244534476415 3.0816469192504883 5.65339469909668
6.203990936279297 7.657783723217449 2.247762680053711 2.3411459922790527
5.461888790130615 8.582211617841146 2.791947603225708 3.86545729637146
4.905206680297852 7.621217748553136 3.289469003677368 5.622525691986084
0.8207554817199707 0.933211492338728 3.5322132110595703 6.807872295379639
5.358303070068359 6.212096282378678 2.408193588256836 2.5228257179260254
4.271286964416504 7.1225550867810625 2.8158912658691406 3.756800651550293
3.700195550918579 5.979191884507259 3.132848024368286 5.066328525543213
2.033971071243286 3.6348670591004506 3.2622170448303223 5.920257568359375
6.121332168579102 7.288674151299148 2.5611984729766846 2.686969518661499
4.383389949798584 6.711721736848432 3.0874221324920654 4.250556468963623
3.3042571544647217 6.504595233944627 3.510077476501465 5.952073574066162
3.544390916824341 5.486166000055896 3.689173936843872 7.0558366775512695
7.029201507568359 8.678127931762702 2.798220634460449 2.943777084350586
5.406970500946045 9.35840177772161 3.5075807571411133 5.010437965393066
4.624048233032227 6.416324316725195 4.090331077575684 7.31260347366333
4.001290321350098 5.493582223793354 4.3399224281311035 8.796303749084473
4.715582370758057 4.998882816153218 2.516350746154785 2.8108601570129395
2.628816843032837 4.106518512661704 3.656857967376709 5.011332988739014
3.524538040161133 6.1806386281206755 3.658284902572632 6.036577224731445
2.5159833431243896 4.800180759496811 3.699134588241577 6.870978832244873
4.674199104309082 5.455718816721195 2.7234573364257812 3.048139810562134
3.547895908355713 5.8690249060327915 4.015117645263672 5.70201301574707
4.097570419311523 7.54185043145781 4.140681743621826 7.21505069732666
3.3788862228393555 5.184042065095987 4.237318515777588 8.344672203063965
5.9354987144470215 6.5709181650767405 3.038491725921631 3.4151697158813477
5.071662425994873 8.025745716128082 4.577434539794922 6.7844367027282715
3.923092842102051 6.893329587857771 4.892680644989014 9.050180435180664
3.959623336791992 6.359884544426334 5.069852352142334 10.631482124328613
3.684633255004883 4.2369158707078896 1.7146333456039429 1.7529783248901367
3.333878755569458 5.139044134308904 1.971529483795166 2.5162227153778076
2.971142053604126 5.414510526258709 2.2328362464904785 3.426933526992798
2.9848201274871826 5.21827219388291 2.3790760040283203 4.052395343780518
4.089245796203613 4.935934102368606 1.7996958494186401 1.8425828218460083
2.567803382873535 4.51064126096739 2.09936785697937 2.7146270275115967
2.592350482940674 5.255005602844824 2.407377243041992 3.7804949283599854
1.7781982421875 3.9547436095167257 2.5795276165008545 4.52366304397583
4.951524257659912 6.232352868866673 1.9184434413909912 1.9695371389389038
4.380195140838623 7.229489498902337 2.276228666305542 2.997007131576538
4.005735874176025 7.117265214314784 2.647454023361206 4.281935214996338
3.6101598739624023 7.125199032543292 2.8533265590667725 5.187750339508057
4.3140130043029785 5.013007896494855 2.138124465942383 2.187976121902466
3.7966654300689697 6.22446200670322 2.4703993797302246 3.2225522994995117
3.1295042037963867 6.240186965585849 2.768585443496704 4.429521560668945
1.533803939819336 2.881129053604866 2.9107089042663574 5.222827911376953
4.935620307922363 5.948696406428553 2.2541821002960205 2.30749773979187
4.224665641784668 7.462724773373338 2.669207811355591 3.5547189712524414
2.7846179008483887 5.203496421167529 3.0493156909942627 5.047108173370361
3.1072378158569336 5.779941219034171 3.2325656414031982 6.04109525680542
5.929749011993408 7.44383819593304 2.420421838760376 2.486201763153076
4.768968105316162 7.400003978202832 2.9530889987945557 4.045276165008545
3.9631481170654297 7.803165636655267 3.448848247528076 5.9514265060424805
3.818931818008423 7.052539900350894 3.6871297359466553 7.231151580810547
4.53297758102417 5.2838134327103035 2.6464931964874268 2.7496955394744873
4.0551886558532715 6.74439359814977 3.057849884033203 4.105142593383789
2.6253321170806885 5.2820260775254155 3.349933385848999 5.565816402435303
2.334282159805298 4.032771792852223 3.4542369842529297 6.466769695281982
5.444225788116455 6.49138679722472 2.791261911392212 2.9047892093658447
4.540473937988281 7.645985295702985 3.339496612548828 4.6129350662231445
3.755803108215332 7.429482109790115 3.7477471828460693 6.4997735023498535
2.671064615249634 5.06262172378489 3.9045674800872803 7.675562381744385
6.710876941680908 8.08307784325757 3.007171630859375 3.142317771911621
5.345129489898682 8.055159705033166 3.754666805267334 5.383472442626953
4.086456298828125 7.76773560831213 4.330909729003906 7.899618148803711
3.912614583969116 6.73537783173497 4.55856466293335 9.47705078125
3.3752269744873047 3.6242694948140013 2.7948808670043945 3.0374908447265625
3.5886850357055664 5.304582722187305 3.657528877258301 5.037171363830566
2.7625198364257812 5.226909963838807 3.887528419494629 6.656247138977051
2.198122978210449 3.412355968953785 3.922991991043091 7.573791027069092
4.899869441986084 5.212146166390198 2.991746187210083 3.264827013015747
3.042513132095337 4.991862549852932 4.029675483703613 5.791805744171143
3.414088249206543 6.526471590494793 4.392306327819824 7.904082775115967
2.8132753372192383 4.094427153395372 4.485418319702148 9.137752532958984
5.866567134857178 6.735692855167599 3.285029172897339 3.6179606914520264
5.107191562652588 7.412811002041366 4.582892417907715 6.918459892272949
4.75095272064209 7.171072798598395 5.148294448852539 9.793099403381348
4.209221363067627 6.674540320093911 5.318366050720215 11.501090049743652
4.245621681213379 4.805109574959431 1.5646733045578003 1.607384204864502
4.138332843780518 6.102048009575128 1.7964357137680054 2.3106138706207275
3.1078662872314453 5.281445418594544 2.042339324951172 3.164818048477173
3.4946470260620117 5.846128291672926 2.187480926513672 3.732707977294922
4.577147960662842 5.478245464777274 1.64644455909729 1.694169282913208
3.2914035320281982 4.513161925025884 1.9130103588104248 2.4969394207000732
2.964963436126709 5.728452612692024 2.196455717086792 3.484285831451416
1.6202954053878784 3.544122030239521 2.3608486652374268 4.142803192138672
5.169557094573975 6.340452589641842 1.7638663053512573 1.8194067478179932
4.751622676849365 7.5991516685521265 2.079500436782837 2.7660305500030518
3.464629888534546 6.485059874767771 2.414675712585449 3.9462053775787354
3.263993263244629 6.399022960744336 2.6041533946990967 4.732324600219727
5.0779242515563965 5.788993326895479 1.8689494132995605 1.9264466762542725
3.233335494995117 5.8170879375394975 2.145082712173462 2.809040069580078
2.809213161468506 4.912302240852227 2.413677215576172 3.8746306896209717
2.387085437774658 4.771828622691373 2.559049367904663 4.572722434997559
5.446449279785156 6.532043161448886 1.9834330081939697 2.0476393699645996
3.7206320762634277 4.556891740109915 2.3242580890655518 3.1116902828216553
2.654768705368042 5.011256235648034 2.658149242401123 4.414257526397705
3.3757734298706055 5.019933602047843 2.833048105239868 5.262106895446777
6.104384422302246 7.555592743147699 2.1530025005340576 2.229909658432007
4.893007755279541 7.76717037050048 2.589107036590576 3.566249132156372
3.9216203689575195 7.11934707974433 3.0173873901367188 5.225442409515381
3.951653003692627 6.823972134242242 3.23278546333313 6.294088840484619
5.3554582595825195 6.1897759156342715 2.2962262630462646 2.4048469066619873
4.12071418762207 6.777033816159928 2.572512626647949 3.431837558746338
4.006924629211426 6.064978730461007 2.8060781955718994 4.635052680969238
1.9512338638305664 3.475196274209054 2.921532392501831 5.41103982925415
6.121241569519043 7.278790329056392 2.4434080123901367 2.5578184127807617
5.449310779571533 8.884419288387402 2.81901478767395 3.871890068054199
4.319766044616699 7.059294749143419 3.14648175239563 5.4258198738098145
3.066922903060913 4.73879459730739 3.2993903160095215 6.405718803405762
6.921217441558838 8.525330082840355 2.661419630050659 2.7923452854156494
5.399169921875 8.478956862226141 3.1932427883148193 4.5537495613098145
3.916567087173462 6.6530274166239 3.6617629528045654 6.6478071212768555
3.631009578704834 6.42932446291951 3.8670268058776855 7.934638977050781
4.341020584106445 4.550438706401678 2.377953052520752 2.707420825958252
3.711320161819458 5.779598145779346 3.1510822772979736 4.393066883087158
3.0315065383911133 5.308614846529624 3.179978847503662 5.368808746337891
2.5066466331481934 5.197266975564219 3.2284700870513916 6.129676342010498
5.060281276702881 5.483979107022288 2.5637447834014893 2.9229958057403564
4.6616315841674805 7.394471759679391 3.507047653198242 5.050623893737793
2.5671558380126953 4.577833883902144 3.609435796737671 6.409054756164551
3.447589874267578 5.741247065740936 3.695814371109009 7.398684501647949
5.365906715393066 6.309266020403335 2.8455779552459717 3.260817289352417
5.633932113647461 9.235194217018527 4.02131986618042 6.05043363571167
4.980565547943115 7.980028891938031 4.270668029785156 8.037155151367188
3.60505747795105 5.153350416220292 4.411440372467041 9.37913703918457
3.911054849624634 4.905546170076377 1.586962342262268 1.6631555557250977
3.9580397605895996 6.570141331230843 1.9135558605194092 2.5994083881378174
3.434049367904663 6.0616790757139825 2.182584285736084 3.521702766418457
2.0058786869049072 4.000412802491155 2.3216395378112793 4.122978687286377
4.1916704177856445 5.333602426286632 1.6650667190551758 1.7485307455062866
4.2407307624816895 7.633284443561507 2.0316214561462402 2.801757335662842
3.4080393314361572 6.397475862417337 2.338991403579712 3.859910011291504
2.047214984893799 3.976568955124004 2.4983296394348145 4.553469181060791
4.835849761962891 6.481747432524799 1.7758909463882446 1.868696928024292
4.676945209503174 7.1925476848228485 2.198709726333618 3.0842883586883545
3.4727861881256104 6.824325623567759 2.5587239265441895 4.333756446838379
3.594865322113037 6.11874016703939 2.74462628364563 5.1582489013671875
4.462491989135742 5.55076409910869 1.9109327793121338 2.0060009956359863
4.230745315551758 7.286853548489489 2.298319101333618 3.1756417751312256
2.6292073726654053 4.354509891134828 2.5980987548828125 4.336211204528809
2.5490503311157227 5.467716224561741 2.7390806674957275 5.082551956176758
4.985842704772949 6.270866197590408 2.0151686668395996 2.124460220336914
3.9195947647094727 5.255673927060002 2.473550796508789 3.494947910308838
2.442664623260498 3.882879964194217 2.841275691986084 4.895069599151611
3.2010655403137207 5.937910079106954 3.0160017013549805 5.801745414733887
5.707412242889404 7.6495016549950705 2.167978286743164 2.294416904449463
4.637650489807129 9.099813030946564 2.7296831607818604 3.956033945083618
4.681755065917969 8.2175226964745 3.1935319900512695 5.704494953155518
4.005448818206787 7.0908556411543415 3.4144961833953857 6.8454718589782715
4.691662311553955 5.861402463559102 2.3968663215637207 2.4893977642059326
3.83786940574646 7.448653762222648 2.7883310317993164 3.891955614089966
3.314509630203247 6.474574958039739 3.049891471862793 5.228240966796875
2.6581971645355225 4.9813573978742625 3.157456874847412 6.06488037109375
5.358654022216797 6.7823157435522035 2.5204885005950928 2.6427717208862305
3.9507696628570557 8.12475625588722 3.0236663818359375 4.353463172912598
3.2857840061187744 5.840458620520906 3.3825013637542725 6.036770343780518
3.608945608139038 5.71741805500352 3.537912368774414 7.100773811340332
6.326221466064453 8.353158935226475 2.7074437141418457 2.861950635910034
5.310205936431885 8.11204242128747 3.3741042613983154 5.031320095062256
4.579223155975342 7.739096929830161 3.876819610595703 7.2345051765441895
3.242955446243286 5.908219721437945 4.098465919494629 8.6364164352417
3.6542370319366455 4.653729641066349 2.50907564163208 2.8019046783447266
3.5460317134857178 6.321232166502568 3.526685953140259 4.90625
3.135322332382202 5.440204809165152 3.4950170516967773 6.115652561187744
1.259001612663269 1.928829596116998 3.521275758743286 6.933439254760742
4.261553764343262 5.2735747834028075 2.674633502960205 3.0151474475860596
3.143610954284668 5.08161563141714 3.829120635986328 5.5841851234436035
3.8028435707092285 6.6638996694178445 3.9127862453460693 7.18160343170166
3.0159685611724854 4.084102990908775 3.9923815727233887 8.260103225708008
4.8210296630859375 6.277672532653014 2.9257848262786865 3.3314523696899414
5.467410564422607 9.873033615227655 4.286841869354248 6.5739946365356445
4.2507243156433105 6.951954805727418 4.541472434997559 8.772025108337402
3.5540244579315186 5.912973690484193 4.697880744934082 10.25136661529541
4.438220024108887 5.15508493072663 1.4898985624313354 1.5382347106933594
4.2243332862854 6.618177523487542 1.7523412704467773 2.275799512863159
3.7837822437286377 5.210691068766536 2.024628162384033 3.109853744506836
2.702500581741333 5.319522921489963 2.18707537651062 3.6931936740875244
4.67682409286499 5.702252384665638 1.5627593994140625 1.6166467666625977
3.6265604496002197 5.933562672662845 1.8582680225372314 2.455207347869873
3.4873132705688477 6.896231649137917 2.1694552898406982 3.4325380325317383
2.8974649906158447 5.701711907821448 2.3552944660186768 4.123920440673828
5.201146125793457 6.492532335734994 1.6677054166793823 1.728812575340271
4.829573154449463 8.364181496370776 2.0094783306121826 2.7087349891662598
3.5032336711883545 6.101003382235206 2.3743247985839844 3.88893723487854
3.7356841564178467 7.268615738993731 2.591128349304199 4.734028339385986
5.311094284057617 6.231553782946321 1.7310428619384766 1.7888036966323853
4.437646865844727 7.267910451909335 2.047513008117676 2.7111237049102783
3.7775940895080566 7.099529698230704 2.359633207321167 3.7619783878326416
2.3380465507507324 4.292015149508188 2.5336740016937256 4.489722728729248
5.592958450317383 6.770198936431967 1.8325947523117065 1.900647759437561
4.935708999633789 7.520320469385979 2.2071096897125244 2.9929492473602295
3.5819408893585205 6.451516171449402 2.585801601409912 4.28924560546875
3.559011697769165 6.1390852424124205 2.7972309589385986 5.196678161621094
6.2814483642578125 7.943638331482703 1.9841378927230835 2.0652244091033936
5.416711330413818 8.381479799032833 2.443073034286499 3.4093265533447266
3.554788589477539 6.148257008622096 2.9174964427948 5.070988178253174
3.1897199153900146 5.8497751893126235 3.181427240371704 6.246085166931152
5.48805046081543 6.531748452863567 2.1020684242248535 2.1503634452819824
4.835115909576416 6.996980086756253 2.4188780784606934 3.2504732608795166
3.044372081756592 5.8484236975145905 2.713343620300293 4.459499359130859
2.689640998840332 5.449589367425062 2.868568181991577 5.278614521026611
6.253534317016602 7.554013521670186 2.224536657333374 2.293004035949707
4.7854814529418945 7.656342192233659 2.6304235458374023 3.646998405456543
3.9065892696380615 7.3672905306603536 3.0222740173339844 5.212218761444092
3.178438901901245 5.736971397007437 3.2278456687927246 6.280763626098633
7.249958515167236 9.137555194476988 2.4121174812316895 2.5054001808166504
6.05690336227417 10.433477341550315 2.953507900238037 4.251369476318359
4.723643779754639 7.546697206765998 3.4884541034698486 6.364787578582764
3.9113049507141113 6.4744014589863355 3.7666423320770264 7.8146820068359375
4.120675563812256 4.349482503806939 2.3917043209075928 2.6277081966400146
3.4645047187805176 5.526718593660945 3.101881980895996 4.182314395904541
3.075033664703369 5.425427042809133 3.062727212905884 5.150144577026367
2.106106758117676 4.866081426087021 3.154205083847046 5.957242965698242
5.088972568511963 5.738881647054313 2.5543324947357178 2.8338775634765625
4.955095291137695 7.6490281759372465 3.3712518215179443 4.792764186859131
3.001544713973999 5.364170843115744 3.44533371925354 6.1186604499816895
3.6092560291290283 5.45033629376168 3.5941569805145264 7.2197113037109375
5.616755485534668 5.8971056414172836 2.803931713104248 3.145685911178589
5.563797473907471 8.900179689031347 3.800234317779541 5.6840500831604
4.32365083694458 7.7051120468725 4.03291654586792 7.624995231628418
2.275404691696167 3.839879003682654 4.265869140625 9.186684608459473
4.315432548522949 4.783319165737993 1.5083509683609009 1.5496253967285156
3.8305437564849854 5.571756666748598 1.742612361907959 2.224581241607666
3.3646399974823 6.097568064043692 2.0003774166107178 3.051596164703369
2.645890235900879 4.250698070906623 2.1559646129608154 3.633833169937134
4.562772274017334 5.282550108055972 1.5872339010238647 1.6330991983413696
4.586550235748291 7.517300222358017 1.8520164489746094 2.4004616737365723
3.4155519008636475 6.29617864061436 2.1432249546051025 3.3627426624298096
2.692194938659668 4.8079644350737 2.3170971870422363 4.047152042388916
5.111380577087402 6.184120111666857 1.7026959657669067 1.7545040845870972
4.3268537521362305 7.725859850858429 2.012941837310791 2.6550509929656982
4.100962162017822 6.682987648179051 2.352433919906616 3.808964967727661
3.3649206161499023 6.86905848239428 2.551325559616089 4.633731365203857
5.086972713470459 5.706309122552966 1.7582166194915771 1.8080592155456543
4.847867488861084 6.91973990792534 2.034614324569702 2.6497321128845215
3.6918163299560547 6.189318556150738 2.3222315311431885 3.6843390464782715
3.2653536796569824 5.994109917687695 2.488754987716675 4.408830165863037
5.427364826202393 6.374277993923727 1.8690526485443115 1.9271976947784424
5.228103160858154 8.204869605171297 2.2017288208007812 2.9323818683624268
3.3839452266693115 4.565081788035059 2.5482747554779053 4.199236869812012
3.42472243309021 6.3025508138598525 2.7441160678863525 5.090488433837891
6.13366174697876 7.416146233292238 2.0370583534240723 2.106196165084839
5.291985034942627 7.269311778707648 2.456097364425659 3.356783628463745
3.843308210372925 6.449319880346522 2.8906588554382324 4.9700026512146
3.7452194690704346 6.484276313000121 3.1280972957611084 6.102078437805176
5.246442794799805 5.999140615556001 2.1387948989868164 2.1865081787109375
4.586270332336426 7.032715078237228 2.3847076892852783 3.157501697540283
3.3894357681274414 5.352146068961133 2.6461408138275146 4.337799549102783
3.256865978240967 5.6513673645902145 2.799013137817383 5.162251949310303
5.928591251373291 6.998355042705327 2.2677736282348633 2.3303327560424805
4.531157493591309 7.0270406311879015 2.606722593307495 3.5567984580993652
4.246906280517578 6.212785347530826 2.957075357437134 5.080224990844727
2.4503726959228516 3.5091888259388497 3.1495416164398193 6.131552219390869
6.8843560218811035 8.40296853131781 2.475841760635376 2.558130979537964
5.233196258544922 8.383237471151801 2.9578299522399902 4.177242755889893
4.879940509796143 8.891060602362884 3.4413275718688965 6.221340179443359
3.562832832336426 5.759944277023061 3.690343141555786 7.610021114349365
4.433470249176025 4.969144389377632 2.253528118133545 2.558568000793457
3.7590560913085938 6.44694065887835 2.979814052581787 4.071197509765625
3.0839531421661377 5.744195842302133 2.943603277206421 4.944122314453125
2.3497374057769775 4.794810927450271 3.0515148639678955 5.792694568634033
4.730165481567383 4.881277221915491 2.426710367202759 2.7667312622070312
4.52085018157959 7.035676588371908 3.2433741092681885 4.597909927368164
3.8176586627960205 6.435477031202055 3.327193260192871 5.90447473526001
3.03391695022583 4.63034333422457 3.481656551361084 7.019384384155273
4.739978313446045 5.369733308140894 2.7024519443511963 3.093231439590454
5.550599575042725 8.808160176479305 3.6802785396575928 5.436902046203613
4.854532718658447 7.156970364346047 3.9379894733428955 7.405488014221191
3.7093708515167236 6.663897362438015 4.15783166885376 8.917732238769531
4.158547401428223 5.073317465299624 1.5929995775222778 1.653704285621643
3.38675856590271 6.163958820585368 1.8758302927017212 2.485257148742676
3.597940444946289 6.161793485313183 2.1229710578918457 3.3418850898742676
1.7670695781707764 3.4904042927235253 2.251765489578247 3.8994946479797363
4.549203872680664 5.721108281644433 1.6715484857559204 1.7391856908798218
3.240170955657959 5.154232182256218 1.993834376335144 2.68707013130188
3.5252063274383545 5.977738847359319 2.275905132293701 3.68817138671875
2.477212429046631 5.337193450840703 2.41969633102417 4.343207836151123
5.144984722137451 6.547574767047536 1.7831913232803345 1.8600687980651855
4.508518695831299 8.018177326994348 2.160270929336548 2.9727909564971924
2.467174768447876 3.6898361313046735 2.4902451038360596 4.174383163452148
3.4417836666107178 6.513327124831077 2.6539835929870605 4.962042331695557
4.846282958984375 5.9032514280386295 1.9272058010101318 2.005955934524536
4.388949871063232 6.8889868892536015 2.2625629901885986 3.062925100326538
2.7462921142578125 4.238375383479436 2.524508476257324 4.139054298400879
2.338190793991089 5.4745849404781595 2.6433699131011963 4.825345039367676
5.355771064758301 6.629410146754481 2.034109115600586 2.125312089920044
4.164094924926758 6.732706194755025 2.444248676300049 3.3964784145355225
2.2211642265319824 2.9324750875603627 2.7695870399475098 4.727140426635742
2.5742526054382324 5.664826840051319 2.912587881088257 5.574802398681641
6.0899786949157715 7.905567785335393 2.192690134048462 2.301107883453369
4.373305320739746 7.155255253617099 2.7095632553100586 3.8831686973571777
4.0253801345825195 6.969839344421892 3.123861312866211 5.580160617828369
3.709554672241211 7.142811030768922 3.2996914386749268 6.65667200088501
5.095305442810059 6.187858916307732 2.4176812171936035 2.539581775665283
4.3018293380737305 7.152939203620463 2.7245402336120605 3.758439779281616
3.7203376293182373 6.894571599191448 2.939237594604492 4.983346939086914
2.621277332305908 4.7708685836807945 3.0222198963165283 5.753954887390137
5.881406307220459 7.222206367755916 2.5435826778411865 2.6780309677124023
4.033592224121094 6.626751076990786 2.9703927040100098 4.250155925750732
2.646756410598755 5.039561491352174 3.2820591926574707 5.852961540222168
2.6109912395477295 4.4154168105386695 3.397089719772339 6.842520236968994
6.733611583709717 8.676283620813138 2.7414729595184326 2.901766538619995
4.902986526489258 7.6552623876526695 3.3441390991210938 4.985387325286865
4.067529678344727 7.369305019661169 3.790480136871338 7.13549280166626
3.4616024494171143 4.803247571478096 3.947789192199707 8.443504333496094
4.148726463317871 4.564743250295578 2.4456655979156494 2.802816390991211
3.477459192276001 5.749528109754067 3.307218551635742 4.648395538330078
3.140082359313965 6.0295822509635855 3.311819076538086 5.750334739685059
1.5269594192504883 2.842831450751623 3.3357584476470947 6.53974723815918
4.870119571685791 5.195140223327485 2.6215550899505615 3.0230319499969482
3.734555244445801 5.858831806367334 3.615311861038208 5.316776752471924
3.3361995220184326 6.393558662263331 3.7415568828582764 6.89301872253418
2.590532064437866 4.551140023056632 3.8025259971618652 7.93906831741333
5.601240634918213 6.214523635913733 2.893054246902466 3.36173939704895
5.564785957336426 9.891799342172533 4.0963826179504395 6.34013557434082
3.62363338470459 5.775627615427311 4.3913068771362305 8.597575187683105
3.6688690185546875 6.954889766653082 4.497269630432129 10.014511108398438
4.305265426635742 5.392923074976782 1.583815574645996 1.6614435911178589
4.077572822570801 6.617241347244622 1.9039138555526733 2.5932130813598633
2.6791326999664307 4.560827394369493 2.16583514213562 3.489975929260254
2.9827048778533936 5.205464690561712 2.3085577487945557 4.043622016906738
4.6355695724487305 5.82933491828749 1.6664263010025024 1.7486646175384521
3.5302441120147705 6.175479481315051 2.0293068885803223 2.795164108276367
3.7245423793792725 6.506630610321963 2.3310892581939697 3.851039171218872
0.9533138871192932 1.249417514110334 2.4935946464538574 4.520087242126465
5.137730121612549 6.971455886281916 1.7853347063064575 1.8754161596298218
3.298248529434204 6.706806861147129 2.2071421146392822 3.0865025520324707
3.5530765056610107 6.794151898993547 2.5613515377044678 4.359514236450195
3.6924357414245605 6.579835075081746 2.747589111328125 5.179398059844971
5.005012512207031 6.232638706387178 1.8973487615585327 1.9978206157684326
3.841831922531128 6.718151730184388 2.297374725341797 3.1903700828552246
3.4592626094818115 5.328784569155488 2.5943119525909424 4.339299201965332
2.447697401046753 5.165133460844866 2.7376251220703125 5.034763813018799
5.438189506530762 6.862489469482172 2.0127158164978027 2.1214394569396973
3.955380439758301 7.147969705149208 2.4908454418182373 3.523131847381592
3.5010483264923096 6.47513812261279 2.8573429584503174 4.9492011070251465
3.4158947467803955 6.098484928501875 3.031407117843628 5.833230972290039
6.120229721069336 8.123739328336214 2.1844429969787598 2.3070881366729736
4.8414411544799805 7.440481867343166 2.774782657623291 4.020019054412842
3.434568405151367 7.14985423088774 3.2374165058135986 5.843563556671143
3.985812187194824 6.333832299968435 3.450260877609253 6.984716415405273
5.181450366973877 6.531912936263943 2.3557236194610596 2.4788613319396973
4.712320327758789 8.012371631665133 2.7717158794403076 3.9157912731170654
3.383171319961548 6.086729805972482 3.045396566390991 5.258451461791992
2.3164408206939697 3.3670419519430084 3.158909797668457 6.040859699249268
5.812224864959717 7.4428573211315685 2.495457649230957 2.6394033432006836
4.716556072235107 8.553461368097228 3.0403411388397217 4.413663387298584
2.4942638874053955 4.001219095671445 3.4156782627105713 6.1580705642700195
3.217266082763672 4.917997965801177 3.5671794414520264 7.193727016448975
6.719954490661621 8.886725384916645 2.7127227783203125 2.8843274116516113
5.483204364776611 8.254752601715941 3.4453206062316895 5.169643402099609
4.063228607177734 7.056794741104312 3.963470458984375 7.506186485290527
3.4746384620666504 6.430815113836498 4.163064956665039 8.897263526916504
3.7590901851654053 4.106651471912031 2.5675103664398193 2.896691083908081
4.0161237716674805 7.15276848584889 3.388962507247925 4.8624491691589355
3.4158265590667725 5.8046994964350915 3.4588124752044678 6.126296520233154
2.2738053798675537 3.4228359157050363 3.512672185897827 6.909032821655273
4.625222682952881 5.695406481399516 2.753549337387085 3.12814998626709
4.562880516052246 8.041970375534206 3.729269027709961 5.579690456390381
2.669834613800049 5.017948684817156 3.9301958084106445 7.319821357727051
3.434671401977539 4.665253997388234 4.022049427032471 8.386656761169434
5.7785210609436035 7.126373785694568 3.0423665046691895 3.485703468322754
2.8788442611694336 5.281913563876287 4.258227825164795 6.6735358238220215
4.367523193359375 7.787194893356734 4.637396335601807 9.120217323303223
3.2055768966674805 4.982104672186551 4.776230812072754 10.594322204589844
3.548506021499634 4.400710900013365 1.8035829067230225 1.878166913986206
3.0815601348876953 5.931773058212002 2.133671998977661 2.8269689083099365
3.0370595455169678 5.1183309336161145 2.393353223800659 3.7848153114318848
2.5735409259796143 5.074235429832342 2.513754367828369 4.406916618347168
4.067817211151123 5.13247169803514 1.8913094997406006 1.9783467054367065
3.6594455242156982 6.1510274808095 2.2737858295440674 3.0842621326446533
2.3532676696777344 4.5153894364009375 2.5825693607330322 4.235934257507324
2.7587618827819824 5.423421329927425 2.7261135578155518 4.988109588623047
4.908077716827393 6.289646583461263 2.0175859928131104 2.1182861328125
4.0965142250061035 7.424729720831925 2.469817638397217 3.435131788253784
2.917056083679199 5.383074375592969 2.8407909870147705 4.84450626373291
3.761964797973633 6.180021884066788 3.011756420135498 5.769753932952881
4.102553844451904 5.11853542648474 2.263310432434082 2.3595659732818604
3.208345890045166 6.068442275665461 2.6969292163848877 3.6509571075439453
2.8506178855895996 5.335447214004034 2.9888453483581543 4.923459529876709
2.813427448272705 5.715367704492596 3.097292423248291 5.7208662033081055
4.794078826904297 5.991575359734401 2.380098342895508 2.4997541904449463
2.9909110069274902 5.1248229082044645 2.916433572769165 4.088467121124268
3.0824668407440186 5.722017411738989 3.2982559204101562 5.712592601776123
2.4992854595184326 5.194313078035236 3.445842981338501 6.733736038208008
5.7582902908325195 7.429474903133695 2.555345058441162 2.703002452850342
4.525251388549805 6.636717858232942 3.2322137355804443 4.706235885620117
3.4220831394195557 6.675456064116544 3.7305374145507812 6.81077241897583
3.571401834487915 5.752153606112358 3.925856113433838 8.133947372436523
4.2669806480407715 5.355300780671314 2.738746404647827 2.8639285564422607
3.2806873321533203 6.1095483075503125 3.3281092643737793 4.62111234664917
2.762091636657715 5.04834043256426 3.610034227371216 6.161534786224365
2.219954252243042 4.209019671003148 3.681680202484131 7.08516263961792
5.1555609703063965 6.445953598182314 2.903698682785034 3.0598933696746826
2.7775087356567383 5.6323151613343185 3.640824317932129 5.280111789703369
3.3892970085144043 5.920529576984109 4.053875923156738 7.34420108795166
2.510805368423462 3.7689093850216366 4.179145336151123 8.585824012756348
6.342820644378662 8.102063164015078 3.147615909576416 3.3519203662872314
5.441391944885254 8.100358378299688 4.101559162139893 6.240649700164795
3.637727975845337 7.534740506198659 4.685421466827393 9.029025077819824
4.067546367645264 6.658986309386904 4.874750137329102 10.690445899963379
3.2983474731445312 3.9648638959783966 3.0708022117614746 3.346311569213867
2.73174786567688 5.414055878822069 3.902374505996704 5.613524436950684
2.838141441345215 4.752155036630464 4.150628566741943 7.285233974456787
1.9509453773498535 3.693349560731793 4.168774127960205 8.256568908691406
4.370134353637695 4.742073136395442 3.3202333450317383 3.663473606109619
3.405651330947876 6.3914459435978515 4.31400203704834 6.491847038269043
0.6421085596084595 1.23842476641601 4.7130208015441895 8.821982383728027
2.214569091796875 4.8959027773970165 4.797784328460693 10.195161819458008
5.170474529266357 5.789051984522189 3.685067892074585 4.134444713592529
4.70005989074707 8.594880507807147 4.922389984130859 7.808733940124512
4.269035339355469 8.023504813351558 5.527389049530029 11.06155776977539
3.489041328430176 6.3788454177187 5.68633508682251 12.9347562789917
3.874079465866089 4.526465778924148 1.670135736465454 1.7293959856033325
3.5399582386016846 5.539898532726302 1.9627197980880737 2.5591890811920166
3.2508695125579834 6.028555582928675 2.237121820449829 3.4554598331451416
2.346426248550415 4.285081558451928 2.3759405612945557 4.040372371673584
4.2435407638549805 5.259813917674194 1.7516984939575195 1.8164316415786743
3.546597957611084 6.551268981393314 2.085744857788086 2.767963171005249
3.0268638134002686 5.139197718532614 2.407677173614502 3.829010009765625
3.26499080657959 6.30379931232801 2.570448398590088 4.52414083480835
4.963372707366943 6.1783027553549745 1.867287278175354 1.9396061897277832
4.142106533050537 6.52314145206816 2.259603261947632 3.060150384902954
4.202121257781982 6.586739055221301 2.6458661556243896 4.348903179168701
3.1129870414733887 5.11462532781573 2.839709997177124 5.194024085998535
4.5008416175842285 5.326815435208218 2.0790953636169434 2.164003610610962
4.022225379943848 7.1355373705580405 2.4501793384552 3.268704891204834
2.7782442569732666 5.393649749667702 2.7607598304748535 4.43601655960083
2.459608793258667 4.500227408236469 2.8918232917785645 5.166251182556152
5.062967777252197 6.166879129374337 2.1877474784851074 2.283665657043457
4.578577041625977 6.728222955403766 2.642836093902588 3.6169967651367188
3.4141430854797363 5.8958575826914625 3.04373836517334 5.088193416595459
3.2233569622039795 5.858503069732137 3.2164931297302246 6.013998508453369
5.850496768951416 7.360246915259552 2.3488473892211914 2.458911418914795
4.246734142303467 7.526792429136528 2.9237496852874756 4.122488498687744
4.524531364440918 7.8207271996000145 3.449885368347168 6.030308246612549
4.146361827850342 6.9920674089563875 3.677410364151001 7.2312912940979
4.711013317108154 5.6639767022543595 2.6175613403320312 2.721301555633545
3.943422555923462 6.437618044324523 3.054236650466919 4.183351993560791
1.8947250843048096 3.6448511781472632 3.3380930423736572 5.570204734802246
2.8907177448272705 5.5327789938836105 3.4221482276916504 6.377154350280762
5.552440643310547 6.725940319160145 2.753016471862793 2.88427996635437
4.286067485809326 7.09205424743061 3.3298797607421875 4.722256183624268
3.720838785171509 5.878635940032449 3.747298240661621 6.5613555908203125
2.7449228763580322 5.144879154909063 3.8906772136688232 7.647436141967773
6.513391971588135 8.13377162518043 2.959857225418091 3.124525308609009
4.727051258087158 8.565007125583179 3.7438225746154785 5.5200324058532715
4.101879119873047 7.8263086460219995 4.352094650268555 8.029486656188965
4.083167552947998 5.611050660685706 4.5707292556762695 9.514203071594238
3.370509624481201 3.6617219570904025 2.8080217838287354 3.0919065475463867
2.908977746963501 4.615060069453875 3.72078275680542 5.3328142166137695
3.302567958831787 5.3316408039893 3.8867900371551514 6.7091498374938965
2.316800832748413 3.7766114501696393 3.8829336166381836 7.470424175262451
3.6828174591064453 3.795958606947025 2.9965968132019043 3.3411481380462646
4.215873718261719 6.3764478359737495 4.088435173034668 6.103445053100586
2.631682872772217 4.641266006629962 4.41103982925415 8.036693572998047
2.6077139377593994 3.67004020208617 4.478923797607422 9.133072853088379
5.907837867736816 6.811943904786077 3.279928207397461 3.7026383876800537
5.009950637817383 8.491415210927222 4.648832321166992 7.263314723968506
4.223606109619141 7.21328701384391 5.204238414764404 10.031028747558594
3.5847110748291016 5.616611637752385 5.360341548919678 11.609016418457031
3.4064218997955322 3.7928853056457967 1.4698925018310547 1.5058683156967163
3.48651123046875 5.622854109609939 1.6920417547225952 2.111677646636963
2.508924961090088 4.378308992384818 1.9556444883346558 2.8725149631500244
2.1109726428985596 4.129906544328307 2.1237618923187256 3.4350383281707764
4.093149662017822 4.652827016709388 1.544497013092041 1.5849215984344482
3.603499412536621 5.893417266206228 1.7946299314498901 2.274409532546997
2.7159674167633057 5.060950582281066 2.092536687850952 3.156032085418701
2.5722248554229736 5.268711580908255 2.282414436340332 3.808539628982544
5.00477409362793 6.1265689551635205 1.6531628370285034 1.6990150213241577
4.06929874420166 6.540297684247072 1.9444397687911987 2.5031299591064453
3.815155506134033 5.325749807708235 2.289891242980957 3.548039436340332
3.8451485633850098 6.46754689545628 2.5085511207580566 4.32128381729126
4.564024448394775 5.074691143622886 1.6264199018478394 1.6688275337219238
3.569946050643921 4.860267573909823 1.8932873010635376 2.4067862033843994
3.0069546699523926 5.78321071105131 2.2128593921661377 3.369929552078247
2.516106367111206 4.699076123533587 2.4161877632141113 4.092441082000732
5.093495845794678 5.89955507450486 1.7318893671035767 1.7812490463256836
3.612863540649414 6.619850052577181 2.044666290283203 2.65276837348938
2.7434122562408447 4.737650112990536 2.4180359840393066 3.811065435409546
2.8784842491149902 5.841990405780621 2.655128240585327 4.681398868560791
5.895778656005859 7.177159963834129 1.890382170677185 1.9486968517303467
4.903039932250977 7.096433639996313 2.274763584136963 3.016413450241089
3.9060781002044678 7.558202777994779 2.7275094985961914 4.457233905792236
4.065042495727539 6.8768298786231234 3.011079788208008 5.536625862121582
4.760443210601807 5.398812663376702 1.7731965780258179 1.820979356765747
3.88643479347229 6.375555701368549 2.068040609359741 2.6690773963928223
3.327028751373291 6.295700199039217 2.433535099029541 3.812587022781372
2.5108771324157715 4.100006833128191 2.6668081283569336 4.679101467132568
5.587802886962891 6.523370507032496 1.9047319889068604 1.9615975618362427
4.985146522521973 8.390329546198075 2.265260934829712 2.9966025352478027
2.1761772632598877 4.541220039302105 2.7030117511749268 4.4091925621032715
3.096586227416992 4.587797029454862 2.9812233448028564 5.480958461761475
6.587000846862793 8.04070901800469 2.108180046081543 2.1776654720306396
4.789270877838135 8.243496346728989 2.5748748779296875 3.499884843826294
4.60013484954834 5.601306699318663 3.124232053756714 5.321206569671631
3.4573795795440674 6.550556399130301 3.465989828109741 6.694281578063965
3.6493079662323 4.091771632733071 2.2670750617980957 2.495929718017578
4.216147422790527 6.5751202916133025 2.2292933464050293 2.9245548248291016
2.9958176612854004 5.697025673018288 2.6027109622955322 4.1588358879089355
3.2727677822113037 5.823915838687981 2.854861259460449 5.129873752593994
4.30850887298584 4.494599791837992 2.4382927417755127 2.7006375789642334
4.965898036956787 7.103745612548955 2.465726375579834 3.3261868953704834
4.187677383422852 7.5174154266724145 2.9231984615325928 4.882881164550781
2.9574034214019775 5.335824423339423 3.2285258769989014 6.104781150817871
5.29140043258667 5.718774972116691 2.6981565952301025 3.0063881874084473
5.364106178283691 8.825121496573956 2.8442351818084717 3.95430588722229
3.809605836868286 4.5454423548904686 3.436460018157959 6.021411895751953
3.744361162185669 6.125401783802246 3.8185458183288574 7.620113849639893
4.062948226928711 4.836483690305798 1.5914236307144165 1.6522611379623413
3.547088623046875 5.567557557873812 1.8770025968551636 2.413977861404419
2.780634880065918 5.525257883432389 2.1520748138427734 3.228543996810913
3.191274642944336 5.506218980009864 2.3126745223999023 3.780864953994751
4.4059062004089355 5.483964767909129 1.67672860622406 1.7407987117767334
4.239610195159912 6.677487849784029 1.9979784488677979 2.6083261966705322
3.588283061981201 5.939540836796525 2.312180995941162 3.5658814907073975
3.327112913131714 5.023704709317087 2.4940121173858643 4.215429306030273
5.075775623321533 6.370208965295944 1.799595594406128 1.8697208166122437
4.864360809326172 7.761856331945012 2.172452926635742 2.882887601852417
4.486488342285156 7.111869192546294 2.541691303253174 4.034906387329102
4.141963005065918 6.87473951276068 2.7521955966949463 4.817008018493652
4.730827808380127 5.700365728234829 1.9044169187545776 2.0021166801452637
4.274895191192627 6.855571314484052 2.256725788116455 2.9628336429595947
3.404923439025879 6.337073089110845 2.575636863708496 3.9858591556549072
2.6943280696868896 4.708226326549045 2.745939016342163 4.6708292961120605
5.230113983154297 6.43810592655592 2.023854970932007 2.1244747638702393
4.396941661834717 6.266340004498406 2.4420480728149414 3.2704966068267822
3.5290422439575195 6.678601367005237 2.8314781188964844 4.545228481292725
3.4491798877716064 6.2291637059310645 3.0376315116882324 5.397269248962402
5.9620256423950195 7.65731733334394 2.2027931213378906 2.311528444290161
5.508889675140381 8.251665078231412 2.7193989753723145 3.726616621017456
3.451448440551758 6.781925693410884 3.2113773822784424 5.361193656921387
3.61826229095459 6.6194731687642445 3.4664018154144287 6.4505391120910645
4.917618274688721 5.971875561019289 2.337589979171753 2.5158307552337646
3.640009880065918 6.050132835017848 2.7163949012756348 3.660428524017334
3.9049179553985596 7.23439258145838 3.0269615650177 4.822906970977783
3.004805564880371 5.259883553499549 3.1778600215911865 5.589951515197754
5.6711859703063965 6.9782706108041666 2.4838485717773438 2.6714398860931396
4.323461532592773 8.068284396573185 2.9686927795410156 4.102976322174072
4.069525241851807 6.232026551681033 3.384289503097534 5.6391520500183105
3.11458158493042 6.164710456353987 3.5849831104278564 6.643143177032471
6.622044086456299 8.526924693262533 2.7115416526794434 2.9146101474761963
4.735377788543701 7.590103066482996 3.3581578731536865 4.782285213470459
4.205620288848877 8.047690542165583 3.9311492443084717 6.869868278503418
4.241863250732422 8.136866969382027 4.1999664306640625 8.217202186584473
3.786647081375122 4.3665902279162765 2.3628671169281006 2.698160171508789
4.035361289978027 6.459087930052203 3.3695526123046875 4.659826755523682
2.9463417530059814 5.80244433782525 3.4617795944213867 5.657861709594727
2.8011739253997803 4.950446059726104 3.551145553588867 6.407094955444336
4.769099235534668 5.112495976125047 2.5458626747131348 2.9100465774536133
5.141636848449707 7.684411257171632 3.706625461578369 5.330462455749512
3.715073823928833 5.697622994306585 3.9132187366485596 6.73201322555542
3.0010499954223633 5.886633870714647 4.059903621673584 7.763240337371826
5.418755054473877 6.477750008941143 2.827633857727051 3.2404613494873047
5.7293548583984375 9.368095018858185 4.217473030090332 6.332467079162598
4.869675159454346 7.961480021647148 4.6145405769348145 8.380555152893066
4.110201835632324 6.277831074967821 4.841312408447266 9.822840690612793
4.360604763031006 5.091718195328809 1.5316823720932007 1.5849310159683228
2.7079286575317383 4.567942745115937 1.8390415906906128 2.4370689392089844
3.5822596549987793 5.994197112776419 2.146345376968384 3.3754115104675293
3.2751479148864746 4.5851214235760835 2.322507381439209 3.9817450046539307
4.514688491821289 5.5151166593681396 1.6099591255187988 1.6699308156967163
4.409862995147705 6.9279357823753 1.955445408821106 2.633470058441162
3.7440261840820312 5.451574273075266 2.302177667617798 3.7185370922088623
2.771718740463257 4.979767218055453 2.499648332595825 4.42963981628418
5.060460567474365 6.292134606361003 1.7223039865493774 1.7908117771148682
4.525050163269043 7.640917895217529 2.1207997798919678 2.9115171432495117
4.007665634155273 6.8635412121293236 2.522307872772217 4.203462600708008
3.2689144611358643 5.839439828839716 2.748410701751709 5.059690475463867
5.031248569488525 5.918710005612894 1.8007009029388428 1.8594462871551514
3.890216827392578 6.744882303801091 2.1696207523345947 2.926780939102173
4.0549516677856445 6.884960843277284 2.529470205307007 4.119637966156006
2.0072970390319824 2.791862428170421 2.728740930557251 4.894033432006836
5.439281463623047 6.54841929438745 1.9073796272277832 1.9781651496887207
4.228382110595703 7.535271605726393 2.3445565700531006 3.238579273223877
3.1073555946350098 6.230360587800533 2.774151086807251 4.687278747558594
3.2422707080841064 4.603343393975194 3.0099151134490967 5.639955520629883
6.073302745819092 7.605810222464925 2.065498113632202 2.1520566940307617
5.11994743347168 8.07789226976152 2.6013779640197754 3.696143865585327
3.9491539001464844 6.784572686400509 3.1314809322357178 5.521380424499512
3.303135633468628 6.174467138740965 3.4175262451171875 6.73121976852417
5.333385467529297 6.296223381566406 2.2244133949279785 2.2588493824005127
4.520482540130615 6.185415296704483 2.5692431926727295 3.508760929107666
3.391014337539673 6.091403587747436 2.9253127574920654 4.89381742477417
2.4923112392425537 4.27984464527708 3.1232330799102783 5.7955322265625
5.973710536956787 7.174641721578524 2.3439810276031494 2.404555559158325
4.939682960510254 7.9475034849077115 2.801053047180176 3.946514844894409
3.68990159034729 6.745466650946128 3.2613255977630615 5.707068920135498
3.3523905277252197 4.005100390341283 3.5105676651000977 6.861069202423096
6.833003997802734 8.647552842620293 2.533146619796753 2.622504711151123
5.424986362457275 9.269962693353023 3.152132749557495 4.608452320098877
4.351720809936523 6.593154019264034 3.763972759246826 6.933719158172607
3.7256178855895996 6.71288250767919 4.084982395172119 8.458995819091797
4.295639991760254 4.875967708981918 2.388841152191162 2.639305830001831
4.289745807647705 7.3501971105247295 3.1582283973693848 4.36641788482666
2.685058116912842 4.2462960251558 3.2889280319213867 5.612375736236572
2.473611354827881 4.028076890233592 3.4529306888580322 6.557292938232422
4.291039943695068 4.365138187325333 2.5579724311828613 2.8577592372894287
4.4283127784729 7.131225184072491 3.438063383102417 4.9652204513549805
3.749507427215576 6.342876572903066 3.7071075439453125 6.655367374420166
3.547919750213623 6.068738933325676 3.931211233139038 7.904895305633545
4.876697540283203 5.789018398500019 2.81842041015625 3.18438458442688
4.273035049438477 7.613768494594751 3.88122296333313 5.870104789733887
4.232898235321045 6.480972003979531 4.340868949890137 8.252668380737305
2.7994749546051025 5.243642643356452 4.650350093841553 9.954143524169922

