EI_bal,frac_replace,seed_id,rho_target,leak,input_scale,MC,IPC,KR,GR
252,1,0,0.8,0.2,0.5,4.691882133483887,6.689595699310303,5.255317687988281,7.842522621154785
252,1,0,0.8,0.2,1.0,0.0,0.0,6.358701705932617,12.3729829788208
252,1,0,0.8,0.2,2.0,0.0,0.0,6.0395827293396,14.32606029510498
252,1,0,0.8,0.5,0.5,3.104182004928589,3.59682434797287,7.082644462585449,12.1690034866333
252,1,0,0.8,0.5,1.0,0.9341698288917542,0.9103890657424927,10.26060962677002,25.137828826904297
252,1,0,0.8,0.5,2.0,0.8499966859817505,0.8696483373641968,10.828821182250977,31.022998809814453
252,1,0,0.8,0.8,0.5,5.992221355438232,8.285491347312927,15.044534683227539,31.436635971069336
252,1,0,0.8,0.8,1.0,8.106010437011719,12.494025945663452,23.33643341064453,59.742919921875
252,1,0,0.8,0.8,2.0,5.3256731033325195,8.38025826215744,24.23436164855957,75.82979583740234
252,1,0,1.0,0.2,0.5,0.0,0.0038266777992248535,11.408371925354004,19.15856170654297
252,1,0,1.0,0.2,1.0,0.0,0.0,10.402214050292969,23.527585983276367
252,1,0,1.0,0.2,2.0,0.0,0.0,10.836222648620605,28.5186710357666
252,1,0,1.0,0.5,0.5,5.926896095275879,9.092489182949066,19.13899040222168,37.240535736083984
252,1,0,1.0,0.5,1.0,4.414106369018555,6.179957568645477,27.554330825805664,68.00765228271484
252,1,0,1.0,0.5,2.0,2.793712615966797,3.8518330454826355,23.074249267578125,70.49463653564453
252,1,0,1.0,0.8,0.5,12.12845230102539,17.324639797210693,31.280364990234375,67.40380859375
252,1,0,1.0,0.8,1.0,8.2528076171875,11.852063298225403,45.70350646972656,110.35962677001953
252,1,0,1.0,0.8,2.0,5.325626373291016,7.950608611106873,46.72713851928711,134.8110809326172
252,1,0,1.2,0.2,0.5,0.0,0.0,24.806692123413086,43.76515579223633
252,1,0,1.2,0.2,1.0,0.0,0.0,26.65835189819336,50.9854850769043
252,1,0,1.2,0.2,2.0,0.0,0.0,17.731712341308594,49.473609924316406
252,1,0,1.2,0.5,0.5,2.9211976528167725,3.3288129568099976,71.93151092529297,124.45065307617188
252,1,0,1.2,0.5,1.0,3.4261722564697266,4.5019224882125854,57.77880859375,124.05121612548828
252,1,0,1.2,0.5,2.0,2.898273468017578,4.0734546184539795,41.45598602294922,111.389892578125
252,1,0,1.2,0.8,0.5,10.69034194946289,12.775583982467651,110.3499526977539,196.05349731445312
252,1,0,1.2,0.8,1.0,8.25004768371582,10.651075184345245,119.70362854003906,225.60421752929688
252,1,0,1.2,0.8,2.0,5.743627548217773,7.9225029945373535,89.51380157470703,206.5553436279297
252,1,1,0.8,0.2,0.5,3.9985191822052,7.242225170135498,5.099225044250488,7.983075141906738
252,1,1,0.8,0.2,1.0,0.7465966939926147,1.203692078590393,4.9625773429870605,9.013715744018555
252,1,1,0.8,0.2,2.0,0.07311069965362549,0.05891197919845581,6.373414993286133,14.55550765991211
252,1,1,0.8,0.5,0.5,3.231647491455078,4.2214255928993225,8.199796676635742,14.00532341003418
252,1,1,0.8,0.5,1.0,0.7174475789070129,0.7282283306121826,10.31755256652832,23.958118438720703
252,1,1,0.8,0.5,2.0,0.0,0.0,12.929896354675293,38.82085037231445
252,1,1,0.8,0.8,0.5,5.583179473876953,8.84753167629242,12.669867515563965,24.85599136352539
252,1,1,0.8,0.8,1.0,7.530472755432129,11.67794007062912,23.570817947387695,61.240779876708984
252,1,1,0.8,0.8,2.0,5.984226703643799,8.955103933811188,25.49754524230957,77.78040313720703
252,1,1,1.0,0.2,0.5,0.9866277575492859,0.9990405440330505,10.819911003112793,17.809345245361328
252,1,1,1.0,0.2,1.0,0.0,0.0,10.140686988830566,20.80443572998047
252,1,1,1.0,0.2,2.0,0.0,0.0,9.70980167388916,23.662500381469727
252,1,1,1.0,0.5,0.5,6.191624164581299,9.298586010932922,19.627681732177734,38.320987701416016
252,1,1,1.0,0.5,1.0,3.925668239593506,5.715878069400787,21.04422378540039,52.47571563720703
252,1,1,1.0,0.5,2.0,2.4871408939361572,3.7514954209327698,23.258747100830078,70.37137603759766
252,1,1,1.0,0.8,0.5,11.236839294433594,15.858294427394867,31.715770721435547,66.58394622802734
252,1,1,1.0,0.8,1.0,8.68149185180664,12.725789546966553,47.08161163330078,114.63778686523438
252,1,1,1.0,0.8,2.0,6.016279220581055,8.796289682388306,45.252437591552734,128.7938995361328
252,1,1,1.2,0.2,0.5,0.0,0.0,31.441545486450195,48.93678665161133
252,1,1,1.2,0.2,1.0,0.0,0.0,21.608287811279297,41.34791946411133
252,1,1,1.2,0.2,2.0,0.0,0.0,14.55073356628418,37.676368713378906
252,1,1,1.2,0.5,0.5,3.36214280128479,3.9931713342666626,55.2598876953125,103.81392669677734
252,1,1,1.2,0.5,1.0,3.145925521850586,4.20564728975296,54.59610366821289,115.21011352539062
252,1,1,1.2,0.5,2.0,2.9613564014434814,4.205253183841705,44.23983383178711,116.4497299194336
252,1,1,1.2,0.8,0.5,10.627958297729492,12.401478052139282,119.0275650024414,201.7743377685547
252,1,1,1.2,0.8,1.0,8.20776081085205,11.186414062976837,107.40985870361328,211.3986053466797
252,1,1,1.2,0.8,2.0,5.883155822753906,8.438947021961212,82.39138793945312,202.62066650390625
252,1,2,0.8,0.2,0.5,3.9823122024536133,5.4056695103645325,5.275693416595459,7.924435138702393
252,1,2,0.8,0.2,1.0,0.3525644540786743,0.3508187532424927,6.554126262664795,12.349424362182617
252,1,2,0.8,0.2,2.0,0.0,0.0,6.521655559539795,16.23685073852539
252,1,2,0.8,0.5,0.5,1.9007688760757446,2.875540614128113,8.50790786743164,15.345848083496094
252,1,2,0.8,0.5,1.0,0.9814612865447998,1.7462294697761536,12.276631355285645,28.333765029907227
252,1,2,0.8,0.5,2.0,0.3902496099472046,0.2856515049934387,12.470558166503906,37.00830078125
252,1,2,0.8,0.8,0.5,7.2025251388549805,9.913905084133148,14.133699417114258,28.339500427246094
252,1,2,0.8,0.8,1.0,7.220052242279053,11.50124740600586,19.991973876953125,53.66206359863281
252,1,2,0.8,0.8,2.0,5.510056018829346,8.715779066085815,24.857210159301758,76.59880828857422
252,1,2,1.0,0.2,0.5,3.810161828994751,5.6177473068237305,10.352863311767578,17.71050262451172
252,1,2,1.0,0.2,1.0,0.0,0.0,10.733985900878906,23.363418579101562
252,1,2,1.0,0.2,2.0,0.0,0.0,12.009044647216797,30.063827514648438
252,1,2,1.0,0.5,0.5,6.355571269989014,9.742863357067108,17.045991897583008,32.86863708496094
252,1,2,1.0,0.5,1.0,1.7454984188079834,2.2891472578048706,16.745803833007812,41.21720886230469
252,1,2,1.0,0.5,2.0,2.1905765533447266,3.2166715264320374,22.037982940673828,66.68285369873047
252,1,2,1.0,0.8,0.5,11.489651679992676,16.086794555187225,35.395240783691406,73.52255249023438
252,1,2,1.0,0.8,1.0,7.753581523895264,11.5046027302742,38.32454299926758,93.71165466308594
252,1,2,1.0,0.8,2.0,5.622003555297852,8.660705089569092,39.804630279541016,114.5476303100586
252,1,2,1.2,0.2,0.5,0.0,0.0,32.561519622802734,54.00342559814453
252,1,2,1.2,0.2,1.0,0.0,0.0,21.856000900268555,48.1179313659668
252,1,2,1.2,0.2,2.0,0.0,0.0,16.625202178955078,39.373783111572266
252,1,2,1.2,0.5,0.5,3.3091297149658203,3.8995800614356995,63.319923400878906,112.69377899169922
252,1,2,1.2,0.5,1.0,3.26155948638916,4.567207634449005,53.458740234375,116.75743103027344
252,1,2,1.2,0.5,2.0,2.251737594604492,2.945397436618805,32.830989837646484,93.81507110595703
252,1,2,1.2,0.8,0.5,10.341438293457031,11.653484523296356,132.098876953125,218.3223114013672
252,1,2,1.2,0.8,1.0,8.143421173095703,10.649624049663544,98.88201141357422,201.79002380371094
252,1,2,1.2,0.8,2.0,5.797727584838867,7.95954030752182,76.95209503173828,192.52357482910156
252,1,3,0.8,0.2,0.5,7.073766708374023,9.514303624629974,5.449692726135254,7.997467517852783
252,1,3,0.8,0.2,1.0,0.0,0.0,6.508733749389648,12.32951545715332
252,1,3,0.8,0.2,2.0,0.0,0.0,6.556100368499756,15.074418067932129
252,1,3,0.8,0.5,0.5,0.9249584078788757,1.1107820868492126,9.042224884033203,16.738611221313477
252,1,3,0.8,0.5,1.0,0.950221836566925,1.2060845494270325,9.858678817749023,23.352418899536133
252,1,3,0.8,0.5,2.0,0.559340238571167,0.5920796394348145,11.556442260742188,35.20924377441406
252,1,3,0.8,0.8,0.5,5.245604991912842,7.139277875423431,12.049103736877441,23.315940856933594
252,1,3,0.8,0.8,1.0,5.3003082275390625,8.38860148191452,17.0247802734375,43.639930725097656
252,1,3,0.8,0.8,2.0,4.160895824432373,5.905267715454102,20.45098304748535,63.6944580078125
252,1,3,1.0,0.2,0.5,2.8641130924224854,4.025950789451599,9.776328086853027,15.537857055664062
252,1,3,1.0,0.2,1.0,0.0,0.0,11.976046562194824,24.9909610748291
252,1,3,1.0,0.2,2.0,0.0,0.0,9.69385051727295,24.056474685668945
252,1,3,1.0,0.5,0.5,6.927977561950684,9.514934539794922,18.056020736694336,36.51841735839844
252,1,3,1.0,0.5,1.0,3.846304178237915,5.783033013343811,20.191768646240234,49.53921127319336
252,1,3,1.0,0.5,2.0,2.4207653999328613,3.4931400418281555,24.843597412109375,72.16798400878906
252,1,3,1.0,0.8,0.5,10.530738830566406,14.475293338298798,50.17198181152344,101.9320297241211
252,1,3,1.0,0.8,1.0,7.898194789886475,11.883871614933014,47.50811004638672,116.16422271728516
252,1,3,1.0,0.8,2.0,5.859496593475342,8.762064695358276,39.43061065673828,117.21870422363281
252,1,3,1.2,0.2,0.5,0.0,0.0,30.743438720703125,57.071720123291016
252,1,3,1.2,0.2,1.0,0.0,0.0,24.097610473632812,44.45384216308594
252,1,3,1.2,0.2,2.0,0.0,0.0,18.78889274597168,50.35300827026367
252,1,3,1.2,0.5,0.5,3.761429786682129,4.699681222438812,41.02852249145508,75.17982482910156
252,1,3,1.2,0.5,1.0,3.9769492149353027,5.416532039642334,55.23855209350586,114.01011657714844
252,1,3,1.2,0.5,2.0,2.6844048500061035,3.7228094935417175,39.89995193481445,112.11781311035156
252,1,3,1.2,0.8,0.5,10.212669372558594,12.261022925376892,103.16421508789062,183.22088623046875
252,1,3,1.2,0.8,1.0,7.633025646209717,10.486898183822632,105.63304901123047,212.70640563964844
252,1,3,1.2,0.8,2.0,5.227679252624512,7.325725257396698,75.05520629882812,190.0211181640625
252,1,4,0.8,0.2,0.5,3.983200788497925,4.803828001022339,5.692398548126221,8.628250122070312
252,1,4,0.8,0.2,1.0,0.017390787601470947,0.006614267826080322,6.435704708099365,13.304195404052734
252,1,4,0.8,0.2,2.0,0.14547944068908691,0.15229129791259766,7.036897659301758,17.6145076751709
252,1,4,0.8,0.5,0.5,3.636302947998047,4.1136250495910645,8.096009254455566,14.427777290344238
252,1,4,0.8,0.5,1.0,0.8483322858810425,1.4506401419639587,10.826457023620605,25.754383087158203
252,1,4,0.8,0.5,2.0,0.42901062965393066,0.4215473532676697,11.694658279418945,35.57734680175781
252,1,4,0.8,0.8,0.5,10.060243606567383,14.309760510921478,17.148767471313477,35.31240463256836
252,1,4,0.8,0.8,1.0,7.248542785644531,11.010559678077698,20.356544494628906,52.666229248046875
252,1,4,0.8,0.8,2.0,5.268153190612793,8.430873095989227,25.598352432250977,78.2005615234375
252,1,4,1.0,0.2,0.5,4.124447822570801,6.452690362930298,9.82723331451416,15.159052848815918
252,1,4,1.0,0.2,1.0,0.0,0.0,11.950142860412598,27.991619110107422
252,1,4,1.0,0.2,2.0,0.0,0.0,9.777764320373535,24.970394134521484
252,1,4,1.0,0.5,0.5,5.347605228424072,7.618491888046265,20.887361526489258,38.128265380859375
252,1,4,1.0,0.5,1.0,3.565673828125,5.423928916454315,22.15781593322754,53.11901092529297
252,1,4,1.0,0.5,2.0,2.3886306285858154,3.408250331878662,21.28461265563965,62.58326721191406
252,1,4,1.0,0.8,0.5,11.790872573852539,16.07009768486023,47.479278564453125,97.18934631347656
252,1,4,1.0,0.8,1.0,8.184514999389648,11.811119854450226,53.13023376464844,128.7262420654297
252,1,4,1.0,0.8,2.0,5.783584117889404,8.521526753902435,50.85052490234375,136.11424255371094
252,1,4,1.2,0.2,0.5,0.0,0.0,30.86728286743164,55.391845703125
252,1,4,1.2,0.2,1.0,0.0,0.0,24.735671997070312,52.91014099121094
252,1,4,1.2,0.2,2.0,0.0,0.0,16.06669807434082,46.307735443115234
252,1,4,1.2,0.5,0.5,2.973844051361084,3.4205321669578552,63.87606430053711,115.03763580322266
252,1,4,1.2,0.5,1.0,3.823254108428955,5.282866597175598,40.12584686279297,90.38789367675781
252,1,4,1.2,0.5,2.0,2.9478015899658203,3.8487462401390076,41.893882751464844,113.78011322021484
252,1,4,1.2,0.8,0.5,10.736812591552734,12.73581326007843,123.1119613647461,213.33090209960938
252,1,4,1.2,0.8,1.0,8.655275344848633,11.767008662223816,92.90080261230469,188.8345947265625
252,1,4,1.2,0.8,2.0,5.840882301330566,7.853000819683075,87.45781707763672,211.66307067871094
253,1,0,0.8,0.2,0.5,3.385441780090332,6.410509884357452,5.165115833282471,7.8108038902282715
253,1,0,0.8,0.2,1.0,0.10120058059692383,0.17297857999801636,5.687002658843994,11.325922966003418
253,1,0,0.8,0.2,2.0,0.030895709991455078,0.009747624397277832,6.565274715423584,15.610259056091309
253,1,0,0.8,0.5,0.5,1.1835098266601562,1.2107860445976257,7.233845233917236,12.853959083557129
253,1,0,0.8,0.5,1.0,0.5705474615097046,0.4677935242652893,11.820505142211914,27.72833824157715
253,1,0,0.8,0.5,2.0,0.0,0.0,15.058967590332031,44.82178497314453
253,1,0,0.8,0.8,0.5,6.6975417137146,8.250037848949432,16.080364227294922,32.82159423828125
253,1,0,0.8,0.8,1.0,6.178788661956787,7.748957276344299,18.054834365844727,46.191184997558594
253,1,0,0.8,0.8,2.0,4.874024868011475,7.8573004603385925,20.883209228515625,66.19004821777344
253,1,0,1.0,0.2,0.5,4.009798049926758,6.042973518371582,8.240337371826172,12.625239372253418
253,1,0,1.0,0.2,1.0,0.0,0.0,10.514603614807129,21.816164016723633
253,1,0,1.0,0.2,2.0,0.0,0.0,10.534632682800293,26.994157791137695
253,1,0,1.0,0.5,0.5,6.31045389175415,9.071628749370575,16.693387985229492,32.4340705871582
253,1,0,1.0,0.5,1.0,3.564948081970215,5.192630171775818,24.165523529052734,59.57160949707031
253,1,0,1.0,0.5,2.0,2.6281256675720215,4.062595963478088,22.31077766418457,67.13214874267578
253,1,0,1.0,0.8,0.5,11.6836519241333,15.69681054353714,42.91645812988281,87.35932922363281
253,1,0,1.0,0.8,1.0,8.581588745117188,12.437200963497162,41.17306137084961,99.02082824707031
253,1,0,1.0,0.8,2.0,5.6082000732421875,8.527389645576477,37.23260498046875,109.69270324707031
253,1,0,1.2,0.2,0.5,0.0,0.0,25.45222282409668,44.110877990722656
253,1,0,1.2,0.2,1.0,0.0,0.0,23.256900787353516,48.0683708190918
253,1,0,1.2,0.2,2.0,0.0,0.0,17.708723068237305,46.51077651977539
253,1,0,1.2,0.5,0.5,4.149564743041992,5.388047575950623,45.65151596069336,86.20942687988281
253,1,0,1.2,0.5,1.0,4.01964807510376,5.40702486038208,44.64329528808594,101.50796508789062
253,1,0,1.2,0.5,2.0,2.8208837509155273,4.04966801404953,41.839332580566406,114.18775939941406
253,1,0,1.2,0.8,0.5,11.184307098388672,12.921188235282898,110.08281707763672,195.48741149902344
253,1,0,1.2,0.8,1.0,8.428766250610352,11.213322460651398,106.25386047363281,208.78802490234375
253,1,0,1.2,0.8,2.0,6.0482683181762695,8.460739433765411,75.87945556640625,188.24600219726562
253,1,1,0.8,0.2,0.5,4.652665138244629,5.665440857410431,5.660993576049805,8.755345344543457
253,1,1,0.8,0.2,1.0,0.8695857524871826,1.085917055606842,5.605582237243652,11.038970947265625
253,1,1,0.8,0.2,2.0,0.0,0.0,5.992934703826904,14.209627151489258
253,1,1,0.8,0.5,0.5,2.821171522140503,3.780305564403534,8.305732727050781,15.299424171447754
253,1,1,0.8,0.5,1.0,0.8663825988769531,0.8431905508041382,12.061854362487793,30.019397735595703
253,1,1,0.8,0.5,2.0,0.0,0.0,10.910508155822754,31.50864028930664
253,1,1,0.8,0.8,0.5,5.932155132293701,8.84750384092331,14.981008529663086,31.782495498657227
253,1,1,0.8,0.8,1.0,7.654803276062012,12.107017934322357,21.799396514892578,54.45806884765625
253,1,1,0.8,0.8,2.0,5.472393035888672,8.535028219223022,22.78806495666504,69.82839965820312
253,1,1,1.0,0.2,0.5,0.3173993229866028,0.3926253318786621,11.496905326843262,19.22463035583496
253,1,1,1.0,0.2,1.0,0.0,0.0,10.803199768066406,22.776533126831055
253,1,1,1.0,0.2,2.0,0.0,0.0,9.454730987548828,24.025178909301758
253,1,1,1.0,0.5,0.5,1.6748226881027222,2.5460134148597717,13.451874732971191,25.520673751831055
253,1,1,1.0,0.5,1.0,3.532057046890259,5.333498120307922,20.452600479125977,52.45286560058594
253,1,1,1.0,0.5,2.0,0.8416814804077148,0.9099727272987366,19.144746780395508,58.665489196777344
253,1,1,1.0,0.8,0.5,11.811424255371094,16.317988336086273,44.951148986816406,93.27392578125
253,1,1,1.0,0.8,1.0,7.756987571716309,11.782372295856476,41.47188186645508,104.45716094970703
253,1,1,1.0,0.8,2.0,5.787823677062988,8.581100881099701,39.79671096801758,118.94705200195312
253,1,1,1.2,0.2,0.5,0.0,0.0,23.74823760986328,20.655853271484375
253,1,1,1.2,0.2,1.0,0.0,0.0,20.917322158813477,43.119873046875
253,1,1,1.2,0.2,2.0,0.0,0.0,16.579334259033203,44.22844696044922
253,1,1,1.2,0.5,0.5,4.2977614402771,5.64849066734314,41.90736770629883,77.95758819580078
253,1,1,1.2,0.5,1.0,3.455362319946289,4.665055632591248,50.18490219116211,111.40492248535156
253,1,1,1.2,0.5,2.0,3.1215410232543945,4.558440327644348,38.19517517089844,105.34170532226562
253,1,1,1.2,0.8,0.5,11.427002906799316,14.536291182041168,72.44622039794922,134.55612182617188
253,1,1,1.2,0.8,1.0,7.941390037536621,10.744073688983917,95.54022979736328,199.4722900390625
253,1,1,1.2,0.8,2.0,5.861461639404297,8.262105107307434,84.2624740600586,200.34104919433594
253,1,2,0.8,0.2,0.5,4.995019435882568,6.0590702295303345,5.064517021179199,7.301599502563477
253,1,2,0.8,0.2,1.0,0.2954079508781433,0.4554634094238281,6.219295024871826,11.950797080993652
253,1,2,0.8,0.2,2.0,0.3721959590911865,0.3459048867225647,6.584111213684082,15.904640197753906
253,1,2,0.8,0.5,0.5,2.0802900791168213,2.3261150121688843,7.776198863983154,13.819080352783203
253,1,2,0.8,0.5,1.0,0.8778632283210754,0.856525182723999,11.209638595581055,27.052845001220703
253,1,2,0.8,0.5,2.0,0.7650487422943115,0.77363121509552,10.189655303955078,28.54123306274414
253,1,2,0.8,0.8,0.5,9.890621185302734,14.741476476192474,16.79352569580078,34.743186950683594
253,1,2,0.8,0.8,1.0,5.302373886108398,6.842037856578827,16.345720291137695,40.90312576293945
253,1,2,0.8,0.8,2.0,5.440342426300049,8.391094148159027,22.74750328063965,69.78286743164062
253,1,2,1.0,0.2,0.5,3.324626922607422,4.834135115146637,9.022711753845215,15.126827239990234
253,1,2,1.0,0.2,1.0,0.0,0.0,10.833272933959961,22.123271942138672
253,1,2,1.0,0.2,2.0,0.0,0.0,11.000284194946289,29.334075927734375
253,1,2,1.0,0.5,0.5,5.738993167877197,8.160306811332703,18.587554931640625,35.41200637817383
253,1,2,1.0,0.5,1.0,3.13478684425354,5.006671845912933,19.75014877319336,49.76616287231445
253,1,2,1.0,0.5,2.0,2.0576462745666504,3.183665096759796,21.782276153564453,66.13423919677734
253,1,2,1.0,0.8,0.5,11.426139831542969,16.574191689491272,33.45912551879883,70.62921905517578
253,1,2,1.0,0.8,1.0,8.225994110107422,11.951797664165497,49.52291488647461,121.04583740234375
253,1,2,1.0,0.8,2.0,5.610935211181641,8.390689492225647,37.91127014160156,111.42155456542969
253,1,2,1.2,0.2,0.5,0.0,0.0,29.787687301635742,48.05945587158203
253,1,2,1.2,0.2,1.0,0.0,0.0,21.725425720214844,44.902400970458984
253,1,2,1.2,0.2,2.0,0.0,0.0,16.978160858154297,41.796810150146484
253,1,2,1.2,0.5,0.5,3.509467601776123,5.167395114898682,50.496299743652344,88.925048828125
253,1,2,1.2,0.5,1.0,3.716078519821167,5.201200067996979,51.154266357421875,115.16436004638672
253,1,2,1.2,0.5,2.0,2.4933981895446777,3.4907891154289246,35.145484924316406,99.47476959228516
253,1,2,1.2,0.8,0.5,10.967086791992188,12.362343788146973,120.2547378540039,207.8469696044922
253,1,2,1.2,0.8,1.0,7.775625705718994,10.673796117305756,93.3337631225586,193.23580932617188
253,1,2,1.2,0.8,2.0,5.909003257751465,8.199907779693604,69.1202621459961,180.4295196533203
253,1,3,0.8,0.2,0.5,3.8064866065979004,5.472748637199402,5.570294380187988,8.961989402770996
253,1,3,0.8,0.2,1.0,0.2402215600013733,0.6492019295692444,5.952767372131348,11.96631908416748
253,1,3,0.8,0.2,2.0,0.0,0.030670583248138428,6.545525074005127,15.604026794433594
253,1,3,0.8,0.5,0.5,3.292311906814575,4.803615093231201,6.719037055969238,11.930516242980957
253,1,3,0.8,0.5,1.0,0.8959736227989197,1.5021512508392334,9.737909317016602,23.781787872314453
253,1,3,0.8,0.5,2.0,0.40632742643356323,0.4407792091369629,13.069478034973145,38.93864822387695
253,1,3,0.8,0.8,0.5,6.252301216125488,8.884580194950104,16.840618133544922,34.2890739440918
253,1,3,0.8,0.8,1.0,7.865659713745117,12.256415724754333,21.623920440673828,55.59843826293945
253,1,3,0.8,0.8,2.0,5.601894378662109,8.635933935642242,23.732425689697266,73.31351470947266
253,1,3,1.0,0.2,0.5,0.2473236322402954,0.39306533336639404,10.199287414550781,16.939720153808594
253,1,3,1.0,0.2,1.0,0.0,0.0,9.764084815979004,22.442514419555664
253,1,3,1.0,0.2,2.0,0.0,0.0,8.198226928710938,21.187063217163086
253,1,3,1.0,0.5,0.5,6.279740810394287,9.97036200761795,19.02307891845703,37.05451965332031
253,1,3,1.0,0.5,1.0,4.354669570922852,6.577587783336639,24.64762306213379,60.26279067993164
253,1,3,1.0,0.5,2.0,2.429594039916992,3.596355974674225,24.0515193939209,71.2051010131836
253,1,3,1.0,0.8,0.5,12.459470748901367,17.665690541267395,34.74174118041992,72.59757995605469
253,1,3,1.0,0.8,1.0,8.510454177856445,12.34608918428421,49.13113021850586,119.4649429321289
253,1,3,1.0,0.8,2.0,5.802434921264648,8.52527403831482,47.44358825683594,131.92022705078125
253,1,3,1.2,0.2,0.5,0.0,0.0,26.3162841796875,48.338653564453125
253,1,3,1.2,0.2,1.0,0.0,0.0,22.90541648864746,50.08762741088867
253,1,3,1.2,0.2,2.0,0.0,0.0,15.713533401489258,39.56504821777344
253,1,3,1.2,0.5,0.5,3.2126946449279785,3.9638205766677856,47.210941314697266,91.56322479248047
253,1,3,1.2,0.5,1.0,3.5106191635131836,4.801657855510712,54.01272201538086,113.8370361328125
253,1,3,1.2,0.5,2.0,2.6281538009643555,4.153253853321075,35.5179557800293,98.29073333740234
253,1,3,1.2,0.8,0.5,9.871180534362793,11.583451688289642,113.850341796875,200.56146240234375
253,1,3,1.2,0.8,1.0,7.827008247375488,10.609270930290222,109.40248107910156,219.28375244140625
253,1,3,1.2,0.8,2.0,5.616513252258301,7.900551736354828,83.33274841308594,200.6945343017578
253,1,4,0.8,0.2,0.5,4.979755401611328,6.4549872279167175,4.039119243621826,6.131067752838135
253,1,4,0.8,0.2,1.0,0.26201093196868896,0.2931176424026489,5.864777088165283,11.63836669921875
253,1,4,0.8,0.2,2.0,0.0,0.0,7.057149887084961,17.425796508789062
253,1,4,0.8,0.5,0.5,3.151197910308838,5.263457894325256,8.222246170043945,15.322432518005371
253,1,4,0.8,0.5,1.0,0.9733202457427979,0.9704230427742004,10.834559440612793,25.50023078918457
253,1,4,0.8,0.5,2.0,0.0,0.0,12.634381294250488,37.68889617919922
253,1,4,0.8,0.8,0.5,6.159004211425781,8.300381362438202,12.999215126037598,26.330585479736328
253,1,4,0.8,0.8,1.0,7.616040229797363,11.688759565353394,21.220808029174805,53.67182540893555
253,1,4,0.8,0.8,2.0,5.8947319984436035,9.078112483024597,20.57982635498047,62.79472732543945
253,1,4,1.0,0.2,0.5,3.780813694000244,5.738496124744415,9.503167152404785,15.20777416229248
253,1,4,1.0,0.2,1.0,0.0,0.0,11.255876541137695,22.890901565551758
253,1,4,1.0,0.2,2.0,0.0,0.0,10.91650104522705,28.368314743041992
253,1,4,1.0,0.5,0.5,6.550641059875488,9.159838736057281,17.084056854248047,31.981040954589844
253,1,4,1.0,0.5,1.0,3.982250690460205,6.323594331741333,22.741226196289062,54.872379302978516
253,1,4,1.0,0.5,2.0,2.507622003555298,3.7527302503585815,23.132570266723633,69.59296417236328
253,1,4,1.0,0.8,0.5,11.749643325805664,16.74889385700226,33.30082321166992,71.8097152709961
253,1,4,1.0,0.8,1.0,8.310888290405273,11.689914524555206,49.73892593383789,118.51513671875
253,1,4,1.0,0.8,2.0,5.895764350891113,8.559247970581055,48.544227600097656,132.01638793945312
253,1,4,1.2,0.2,0.5,0.0,0.0,32.554622650146484,59.35408020019531
253,1,4,1.2,0.2,1.0,0.09537714719772339,0.1096920371055603,23.180452346801758,48.45933151245117
253,1,4,1.2,0.2,2.0,0.0,0.0,14.78162956237793,37.46827697753906
253,1,4,1.2,0.5,0.5,4.106945991516113,4.697246491909027,52.992958068847656,97.174560546875
253,1,4,1.2,0.5,1.0,3.8912084102630615,5.112799763679504,40.80636215209961,99.23580169677734
253,1,4,1.2,0.5,2.0,3.1946141719818115,4.681162357330322,33.050987243652344,93.12602233886719
253,1,4,1.2,0.8,0.5,10.858427047729492,12.4308580160141,114.23583984375,198.35061645507812
253,1,4,1.2,0.8,1.0,7.407195091247559,9.989239275455475,92.7584457397461,196.8109893798828
253,1,4,1.2,0.8,2.0,6.107913017272949,8.790652513504028,86.05467224121094,201.2958526611328
254,1,0,0.8,0.2,0.5,4.511457920074463,7.267713010311127,5.256784439086914,8.068364143371582
254,1,0,0.8,0.2,1.0,0.696984589099884,1.3440154790878296,5.766394138336182,11.051250457763672
254,1,0,0.8,0.2,2.0,0.017958343029022217,0.008522748947143555,5.928317070007324,14.997340202331543
254,1,0,0.8,0.5,0.5,3.5891358852386475,4.411373853683472,6.395791530609131,11.200794219970703
254,1,0,0.8,0.5,1.0,1.673360824584961,1.614052653312683,11.835733413696289,27.256898880004883
254,1,0,0.8,0.5,2.0,0.9284289479255676,0.9248138666152954,13.171685218811035,39.17348861694336
254,1,0,0.8,0.8,0.5,6.180825710296631,8.742789447307587,13.864810943603516,28.577159881591797
254,1,0,0.8,0.8,1.0,7.994419574737549,12.071998238563538,19.129669189453125,47.851226806640625
254,1,0,0.8,0.8,2.0,5.681667327880859,8.72283273935318,23.79742431640625,74.87487030029297
254,1,0,1.0,0.2,0.5,1.4051756858825684,1.842099905014038,11.136436462402344,18.756465911865234
254,1,0,1.0,0.2,1.0,0.0,0.0,9.377730369567871,19.155351638793945
254,1,0,1.0,0.2,2.0,0.0,0.0,10.086053848266602,24.560739517211914
254,1,0,1.0,0.5,0.5,5.507822036743164,7.71696001291275,21.51622772216797,41.866546630859375
254,1,0,1.0,0.5,1.0,3.668505907058716,5.058292269706726,22.29218292236328,56.798221588134766
254,1,0,1.0,0.5,2.0,2.7217235565185547,3.7164751291275024,23.28045654296875,69.9159927368164
254,1,0,1.0,0.8,0.5,11.108701705932617,15.364192187786102,43.409446716308594,92.3537368774414
254,1,0,1.0,0.8,1.0,8.371630668640137,12.282522082328796,43.7369270324707,109.21947479248047
254,1,0,1.0,0.8,2.0,5.698471546173096,8.70400482416153,43.53076934814453,126.04492950439453
254,1,0,1.2,0.2,0.5,0.0,0.0,31.123945236206055,47.242313385009766
254,1,0,1.2,0.2,1.0,0.0,0.0,19.1169490814209,40.186668395996094
254,1,0,1.2,0.2,2.0,0.0,0.0,16.3042049407959,42.455833435058594
254,1,0,1.2,0.5,0.5,3.052386522293091,3.725462794303894,52.516517639160156,96.04138946533203
254,1,0,1.2,0.5,1.0,3.2505054473876953,4.860543131828308,48.25059127807617,111.7238998413086
254,1,0,1.2,0.5,2.0,3.214690923690796,4.6197869181633,36.693359375,102.49951171875
254,1,0,1.2,0.8,0.5,10.323091506958008,12.139953017234802,114.29255676269531,196.41392517089844
254,1,0,1.2,0.8,1.0,8.168609619140625,10.880093812942505,108.56720733642578,215.40725708007812
254,1,0,1.2,0.8,2.0,5.915042400360107,8.252203047275543,84.06803131103516,201.68650817871094
254,1,1,0.8,0.2,0.5,5.87176513671875,6.46745228767395,4.911528587341309,7.233992576599121
254,1,1,0.8,0.2,1.0,0.033819615840911865,0.17805570363998413,5.860005855560303,11.247300148010254
254,1,1,0.8,0.2,2.0,0.0,0.0,6.774776935577393,16.173912048339844
254,1,1,0.8,0.5,0.5,3.282170534133911,4.105577886104584,7.520721435546875,12.740330696105957
254,1,1,0.8,0.5,1.0,0.4069819450378418,0.0007830262184143066,10.851370811462402,25.62415885925293
254,1,1,0.8,0.5,2.0,0.0,0.0,10.561163902282715,30.024173736572266
254,1,1,0.8,0.8,0.5,6.931888580322266,8.862408995628357,14.720511436462402,30.017852783203125
254,1,1,0.8,0.8,1.0,8.023797988891602,12.732982873916626,19.286251068115234,49.56576156616211
254,1,1,0.8,0.8,2.0,5.346931457519531,8.437414050102234,23.043813705444336,70.74209594726562
254,1,1,1.0,0.2,0.5,1.8833962678909302,2.732970118522644,11.479302406311035,20.00646209716797
254,1,1,1.0,0.2,1.0,0.0,0.0,10.714896202087402,20.96628761291504
254,1,1,1.0,0.2,2.0,0.0,0.0,10.776556015014648,27.68205451965332
254,1,1,1.0,0.5,0.5,5.857760906219482,8.885040819644928,20.40506935119629,39.83257293701172
254,1,1,1.0,0.5,1.0,3.864657402038574,5.588238179683685,21.268896102905273,51.33460235595703
254,1,1,1.0,0.5,2.0,2.0441603660583496,2.307480573654175,20.854251861572266,61.867515563964844
254,1,1,1.0,0.8,0.5,11.50765609741211,15.459294736385345,47.4199333190918,97.01598358154297
254,1,1,1.0,0.8,1.0,8.733824729919434,12.48145705461502,55.59510040283203,129.064208984375
254,1,1,1.0,0.8,2.0,5.4915618896484375,8.383821606636047,42.513275146484375,121.34432220458984
254,1,1,1.2,0.2,0.5,0.0,0.0,28.702428817749023,45.38809585571289
254,1,1,1.2,0.2,1.0,0.0,0.0,25.759000778198242,54.002925872802734
254,1,1,1.2,0.2,2.0,0.0,0.0,14.756319046020508,40.88520050048828
254,1,1,1.2,0.5,0.5,3.0940067768096924,3.356095850467682,60.4025764465332,98.19255065917969
254,1,1,1.2,0.5,1.0,3.4530835151672363,4.654691278934479,57.81044006347656,125.85881042480469
254,1,1,1.2,0.5,2.0,2.5826117992401123,3.5045470595359802,37.09825897216797,102.15945434570312
254,1,1,1.2,0.8,0.5,11.694934844970703,13.052328169345856,120.67884826660156,205.48709106445312
254,1,1,1.2,0.8,1.0,8.270683288574219,10.974639534950256,86.97112274169922,181.0979461669922
254,1,1,1.2,0.8,2.0,5.683524131774902,8.150747537612915,86.54856872558594,208.59716796875
254,1,2,0.8,0.2,0.5,4.146703243255615,7.2419620752334595,4.063994407653809,5.9394211769104
254,1,2,0.8,0.2,1.0,0.5159056782722473,0.5829881429672241,5.189188003540039,9.845980644226074
254,1,2,0.8,0.2,2.0,0.0,0.0,6.332777976989746,16.37826919555664
254,1,2,0.8,0.5,0.5,1.845356822013855,2.5154762268066406,6.505786895751953,11.11871337890625
254,1,2,0.8,0.5,1.0,1.5080351829528809,1.7991032004356384,10.44227409362793,24.273210525512695
254,1,2,0.8,0.5,2.0,0.8824007511138916,0.9015691876411438,12.062984466552734,34.268028259277344
254,1,2,0.8,0.8,0.5,6.454848289489746,8.18481832742691,14.954023361206055,31.042909622192383
254,1,2,0.8,0.8,1.0,6.861087799072266,9.985610365867615,18.590776443481445,50.07687759399414
254,1,2,0.8,0.8,2.0,5.958030700683594,9.209644854068756,24.78190040588379,74.38406372070312
254,1,2,1.0,0.2,0.5,3.260678768157959,4.32346773147583,10.939704895019531,16.82607650756836
254,1,2,1.0,0.2,1.0,0.0,0.0,11.055662155151367,20.449310302734375
254,1,2,1.0,0.2,2.0,0.0,0.0,10.377229690551758,25.75304412841797
254,1,2,1.0,0.5,0.5,5.756793022155762,9.032599151134491,17.576223373413086,34.6213264465332
254,1,2,1.0,0.5,1.0,3.398789167404175,5.293342173099518,24.77574348449707,60.33447265625
254,1,2,1.0,0.5,2.0,1.6056056022644043,2.1069202423095703,19.986024856567383,61.07930374145508
254,1,2,1.0,0.8,0.5,11.014945030212402,15.387771010398865,38.922489166259766,80.57138061523438
254,1,2,1.0,0.8,1.0,8.574350357055664,12.236645936965942,47.42860412597656,115.51023864746094
254,1,2,1.0,0.8,2.0,5.700911045074463,8.287559807300568,47.49934005737305,132.2248992919922
254,1,2,1.2,0.2,0.5,0.0,0.0,29.93037986755371,45.39204788208008
254,1,2,1.2,0.2,1.0,0.0,0.0,23.667438507080078,52.055110931396484
254,1,2,1.2,0.2,2.0,0.0,0.0,16.425058364868164,46.654911041259766
254,1,2,1.2,0.5,0.5,3.2743000984191895,3.760284721851349,52.04182815551758,101.1263427734375
254,1,2,1.2,0.5,1.0,3.981165647506714,5.373401463031769,52.811058044433594,115.555908203125
254,1,2,1.2,0.5,2.0,2.881248950958252,4.141089498996735,40.661285400390625,114.33644104003906
254,1,2,1.2,0.8,0.5,10.784940719604492,12.10612666606903,126.30870056152344,212.1727752685547
254,1,2,1.2,0.8,1.0,8.366589546203613,11.532335460186005,96.816162109375,200.8970489501953
254,1,2,1.2,0.8,2.0,5.9976301193237305,8.308103203773499,87.30777740478516,207.39303588867188
254,1,3,0.8,0.2,0.5,5.949113368988037,6.949691414833069,5.30619478225708,8.01273250579834
254,1,3,0.8,0.2,1.0,0.15487635135650635,0.2715514898300171,6.368751525878906,11.648087501525879
254,1,3,0.8,0.2,2.0,0.13365250825881958,0.15526890754699707,6.514155864715576,15.60991382598877
254,1,3,0.8,0.5,0.5,2.6159589290618896,2.96132355928421,8.141820907592773,14.256001472473145
254,1,3,0.8,0.5,1.0,0.7604790925979614,0.792465329170227,10.347084045410156,23.63896942138672
254,1,3,0.8,0.5,2.0,0.8844227194786072,0.8521235585212708,12.00780200958252,34.082069396972656
254,1,3,0.8,0.8,0.5,6.13649320602417,7.422686338424683,13.533132553100586,27.74508285522461
254,1,3,0.8,0.8,1.0,8.183980941772461,12.645079255104065,21.573341369628906,55.519596099853516
254,1,3,0.8,0.8,2.0,5.936502933502197,9.057569801807404,24.292922973632812,76.18537139892578
254,1,3,1.0,0.2,0.5,4.060070991516113,5.712443947792053,8.37887191772461,13.483572959899902
254,1,3,1.0,0.2,1.0,0.0,0.0,12.061690330505371,24.794878005981445
254,1,3,1.0,0.2,2.0,0.0,0.0,9.498112678527832,24.421506881713867
254,1,3,1.0,0.5,0.5,5.57956075668335,7.5950958132743835,19.943450927734375,39.03203201293945
254,1,3,1.0,0.5,1.0,3.48634934425354,5.0628185868263245,19.777175903320312,48.787296295166016
254,1,3,1.0,0.5,2.0,1.968571662902832,3.2697710394859314,22.030675888061523,67.87408447265625
254,1,3,1.0,0.8,0.5,11.0771484375,16.36256217956543,38.66600036621094,79.15813446044922
254,1,3,1.0,0.8,1.0,8.443068504333496,12.050061166286469,53.39386749267578,124.70246124267578
254,1,3,1.0,0.8,2.0,5.535883903503418,8.091188848018646,43.037139892578125,120.99298095703125
254,1,3,1.2,0.2,0.5,0.0,0.0,17.691205978393555,53.9634895324707
254,1,3,1.2,0.2,1.0,0.0,0.0,20.396224975585938,37.212257385253906
254,1,3,1.2,0.2,2.0,0.0,0.0,17.52290916442871,43.33231735229492
254,1,3,1.2,0.5,0.5,3.285008430480957,4.214712023735046,64.07493591308594,111.84996032714844
254,1,3,1.2,0.5,1.0,3.2557713985443115,4.660799741744995,43.201900482177734,99.93436431884766
254,1,3,1.2,0.5,2.0,2.519087314605713,3.792228877544403,37.03970718383789,103.72608947753906
254,1,3,1.2,0.8,0.5,10.742948532104492,12.505497694015503,109.57450866699219,194.58541870117188
254,1,3,1.2,0.8,1.0,8.937820434570312,11.73151034116745,104.2065658569336,209.13787841796875
254,1,3,1.2,0.8,2.0,5.8282928466796875,8.192130625247955,87.4395980834961,205.69129943847656
254,1,4,0.8,0.2,0.5,4.254426002502441,6.695313036441803,5.040957450866699,7.365390300750732
254,1,4,0.8,0.2,1.0,0.0,0.0,6.465484142303467,13.186273574829102
254,1,4,0.8,0.2,2.0,0.0,0.0,6.809205532073975,18.480548858642578
254,1,4,0.8,0.5,0.5,1.033700704574585,1.3090929985046387,8.223165512084961,14.768683433532715
254,1,4,0.8,0.5,1.0,0.5449992418289185,0.5956171154975891,10.811223030090332,25.292757034301758
254,1,4,0.8,0.5,2.0,0.9152932167053223,0.9154815673828125,12.476431846618652,35.505184173583984
254,1,4,0.8,0.8,0.5,7.018831253051758,7.553424715995789,16.022239685058594,32.740234375
254,1,4,0.8,0.8,1.0,7.701007843017578,12.05195140838623,20.765169143676758,52.77399826049805
254,1,4,0.8,0.8,2.0,5.200079441070557,8.169154047966003,23.643524169921875,73.91114044189453
254,1,4,1.0,0.2,0.5,3.976794719696045,7.181886613368988,9.494012832641602,15.509047508239746
254,1,4,1.0,0.2,1.0,0.0,0.0,10.854349136352539,21.740982055664062
254,1,4,1.0,0.2,2.0,0.0,0.0,10.479305267333984,28.267499923706055
254,1,4,1.0,0.5,0.5,5.696399688720703,8.527804136276245,18.1517333984375,35.15389633178711
254,1,4,1.0,0.5,1.0,3.210415840148926,4.750643372535706,18.768030166625977,45.75967025756836
254,1,4,1.0,0.5,2.0,2.5965914726257324,3.6677172780036926,25.02798843383789,74.403076171875
254,1,4,1.0,0.8,0.5,11.41207504272461,15.525385975837708,47.308868408203125,99.323486328125
254,1,4,1.0,0.8,1.0,7.631712913513184,11.134057760238647,42.89176559448242,106.04588317871094
254,1,4,1.0,0.8,2.0,6.09073543548584,8.64301061630249,45.3184700012207,125.91523742675781
254,1,4,1.2,0.2,0.5,0.0,0.0,32.87126159667969,51.30763244628906
254,1,4,1.2,0.2,1.0,0.0,0.0,24.998981475830078,50.86027526855469
254,1,4,1.2,0.2,2.0,0.0,0.0,17.205007553100586,45.29680252075195
254,1,4,1.2,0.5,0.5,3.6019041538238525,4.1230708360672,62.249778747558594,106.22589111328125
254,1,4,1.2,0.5,1.0,3.3631327152252197,4.686945080757141,65.11494445800781,130.12014770507812
254,1,4,1.2,0.5,2.0,2.8458633422851562,4.060899257659912,40.60987854003906,109.69657135009766
254,1,4,1.2,0.8,0.5,10.997455596923828,13.326199769973755,98.65679168701172,179.30218505859375
254,1,4,1.2,0.8,1.0,7.8058342933654785,10.655546307563782,100.46480560302734,206.8389892578125
254,1,4,1.2,0.8,2.0,6.0407819747924805,8.492437064647675,76.55934143066406,192.50357055664062
255,1,0,0.8,0.2,0.5,4.66108512878418,6.838292241096497,5.231353282928467,7.502609729766846
255,1,0,0.8,0.2,1.0,0.0,0.0,6.42347526550293,12.711604118347168
255,1,0,0.8,0.2,2.0,0.0,0.0,6.710278511047363,16.847049713134766
255,1,0,0.8,0.5,0.5,3.021787166595459,4.2155157923698425,7.236917495727539,12.68771743774414
255,1,0,0.8,0.5,1.0,1.551108479499817,1.4347349405288696,9.992247581481934,22.522811889648438
255,1,0,0.8,0.5,2.0,0.0,0.0,11.376594543457031,31.826393127441406
255,1,0,0.8,0.8,0.5,6.664817810058594,9.070369839668274,14.722744941711426,30.51740074157715
255,1,0,0.8,0.8,1.0,8.202908515930176,12.354853093624115,21.95726776123047,55.36174774169922
255,1,0,0.8,0.8,2.0,5.447331428527832,8.545781552791595,22.144006729125977,68.24990844726562
255,1,0,1.0,0.2,0.5,2.860733985900879,4.007787883281708,10.506548881530762,16.225421905517578
255,1,0,1.0,0.2,1.0,0.0,0.0,10.094001770019531,23.341421127319336
255,1,0,1.0,0.2,2.0,0.0,0.0,11.192549705505371,31.340606689453125
255,1,0,1.0,0.5,0.5,6.004340648651123,9.141523003578186,18.510467529296875,36.23706817626953
255,1,0,1.0,0.5,1.0,3.590184450149536,4.909180998802185,19.178762435913086,48.62784194946289
255,1,0,1.0,0.5,2.0,2.4895873069763184,3.5808088779449463,20.79846954345703,63.74517059326172
255,1,0,1.0,0.8,0.5,11.731674194335938,15.72312319278717,42.92415237426758,88.92013549804688
255,1,0,1.0,0.8,1.0,9.166810989379883,12.969852149486542,50.910587310791016,118.43627166748047
255,1,0,1.0,0.8,2.0,5.785815238952637,8.760627925395966,48.510494232177734,130.3108367919922
255,1,0,1.2,0.2,0.5,0.0,0.0,24.17432975769043,34.88383483886719
255,1,0,1.2,0.2,1.0,0.0,0.0,24.835987091064453,50.16578674316406
255,1,0,1.2,0.2,2.0,0.0,0.0,19.314838409423828,47.62459182739258
255,1,0,1.2,0.5,0.5,2.8930487632751465,3.323673129081726,63.281829833984375,71.17308807373047
255,1,0,1.2,0.5,1.0,3.197139024734497,4.662125885486603,39.27480697631836,90.1524887084961
255,1,0,1.2,0.5,2.0,2.8399975299835205,4.184417545795441,36.076839447021484,99.39776611328125
255,1,0,1.2,0.8,0.5,10.891561508178711,12.824347257614136,119.6888427734375,208.50657653808594
255,1,0,1.2,0.8,1.0,8.630414962768555,11.685129523277283,103.27495574951172,209.21348571777344
255,1,0,1.2,0.8,2.0,6.080440044403076,8.417748510837555,78.08765411376953,194.27880859375
255,1,1,0.8,0.2,0.5,3.179830551147461,4.878238797187805,5.690505027770996,8.355259895324707
255,1,1,0.8,0.2,1.0,0.5394879579544067,0.8731063008308411,6.109076499938965,11.273414611816406
255,1,1,0.8,0.2,2.0,0.0,0.0,6.689014434814453,15.714334487915039
255,1,1,0.8,0.5,0.5,1.0171605348587036,1.0314456224441528,8.693745613098145,15.706899642944336
255,1,1,0.8,0.5,1.0,0.9629164934158325,0.9647824764251709,10.440506935119629,25.025821685791016
255,1,1,0.8,0.5,2.0,0.0,0.0,10.777778625488281,31.2059268951416
255,1,1,0.8,0.8,0.5,7.036427021026611,7.831734359264374,14.430746078491211,30.05955696105957
255,1,1,0.8,0.8,1.0,7.523332118988037,12.01946222782135,21.8558406829834,56.9286994934082
255,1,1,0.8,0.8,2.0,5.116574287414551,8.125334739685059,23.04909324645996,71.0997543334961
255,1,1,1.0,0.2,0.5,1.9578685760498047,2.682091772556305,8.836076736450195,15.056328773498535
255,1,1,1.0,0.2,1.0,0.0,0.0,9.90150260925293,20.2729434967041
255,1,1,1.0,0.2,2.0,0.0,0.0,10.110148429870605,25.057113647460938
255,1,1,1.0,0.5,0.5,3.299405097961426,4.734128952026367,14.587722778320312,27.48870277404785
255,1,1,1.0,0.5,1.0,4.071800231933594,6.1507807970047,20.964174270629883,50.928165435791016
255,1,1,1.0,0.5,2.0,0.5449625253677368,0.5279658436775208,18.17061996459961,53.28851318359375
255,1,1,1.0,0.8,0.5,10.875336647033691,15.149570643901825,39.1666374206543,78.72123718261719
255,1,1,1.0,0.8,1.0,8.072633743286133,11.67790675163269,44.22595977783203,105.89852905273438
255,1,1,1.0,0.8,2.0,5.848347187042236,8.47926151752472,52.103607177734375,143.42068481445312
255,1,1,1.2,0.2,0.5,0.0,0.0,19.176870346069336,33.75819778442383
255,1,1,1.2,0.2,1.0,0.0,0.0,19.00070571899414,40.958553314208984
255,1,1,1.2,0.2,2.0,0.0,0.0,17.831071853637695,46.779415130615234
255,1,1,1.2,0.5,0.5,3.565890312194824,4.412032306194305,59.01806640625,108.08661651611328
255,1,1,1.2,0.5,1.0,3.4617626667022705,4.986323952674866,44.3225212097168,102.27410125732422
255,1,1,1.2,0.5,2.0,2.702395439147949,3.858171582221985,37.77116394042969,104.84819793701172
255,1,1,1.2,0.8,0.5,11.657367706298828,14.105098068714142,96.5143051147461,172.79852294921875
255,1,1,1.2,0.8,1.0,8.8326416015625,11.591617584228516,104.679443359375,211.22238159179688
255,1,1,1.2,0.8,2.0,6.240938663482666,8.84040641784668,72.03925323486328,179.42312622070312
255,1,2,0.8,0.2,0.5,3.1679818630218506,4.16889613866806,5.15573787689209,7.668164253234863
255,1,2,0.8,0.2,1.0,0.5280218720436096,0.5486144423484802,5.932186126708984,11.518856048583984
255,1,2,0.8,0.2,2.0,0.0,0.0,6.838946342468262,15.877357482910156
255,1,2,0.8,0.5,0.5,1.963135004043579,2.272538721561432,8.666478157043457,14.832903861999512
255,1,2,0.8,0.5,1.0,0.9415715932846069,1.0050732493400574,10.779664993286133,24.519906997680664
255,1,2,0.8,0.5,2.0,0.0,0.0,11.077836036682129,32.07972717285156
255,1,2,0.8,0.8,0.5,10.077995300292969,14.79472541809082,17.49809455871582,36.276512145996094
255,1,2,0.8,0.8,1.0,7.299997806549072,11.645603358745575,21.436742782592773,57.41556167602539
255,1,2,0.8,0.8,2.0,5.100642204284668,7.784944295883179,21.279754638671875,67.85961151123047
255,1,2,1.0,0.2,0.5,0.457344651222229,0.5702974200248718,10.917505264282227,18.015405654907227
255,1,2,1.0,0.2,1.0,0.0,0.0,9.484950065612793,21.190887451171875
255,1,2,1.0,0.2,2.0,0.0,0.0,8.557188034057617,22.910146713256836
255,1,2,1.0,0.5,0.5,6.539201259613037,9.603359878063202,18.65679359436035,35.3065185546875
255,1,2,1.0,0.5,1.0,3.8347437381744385,6.090284287929535,24.856060028076172,59.24761962890625
255,1,2,1.0,0.5,2.0,2.785475492477417,4.030981659889221,24.55740737915039,74.93001556396484
255,1,2,1.0,0.8,0.5,11.056879997253418,15.65015858411789,37.69599151611328,78.08470916748047
255,1,2,1.0,0.8,1.0,7.641318321228027,11.432721138000488,47.13374710083008,116.3812255859375
255,1,2,1.0,0.8,2.0,6.043852806091309,9.021000683307648,46.13248825073242,129.68759155273438
255,1,2,1.2,0.2,0.5,0.6377660632133484,0.8294422626495361,16.67938804626465,25.688703536987305
255,1,2,1.2,0.2,1.0,0.0,0.0,17.890745162963867,39.520286560058594
255,1,2,1.2,0.2,2.0,0.0,0.0,15.574217796325684,37.67662048339844
255,1,2,1.2,0.5,0.5,2.999295473098755,3.3558396697044373,53.511409759521484,88.70982360839844
255,1,2,1.2,0.5,1.0,3.1607494354248047,4.276533305644989,50.43095397949219,110.28919219970703
255,1,2,1.2,0.5,2.0,2.7855429649353027,3.9517821073532104,35.56484603881836,95.63544464111328
255,1,2,1.2,0.8,0.5,11.021933555603027,13.476830959320068,78.5648193359375,146.12413024902344
255,1,2,1.2,0.8,1.0,7.57390832901001,10.219464480876923,99.29540252685547,203.77017211914062
255,1,2,1.2,0.8,2.0,5.870326042175293,8.035665273666382,85.0704345703125,202.55711364746094
255,1,3,0.8,0.2,0.5,3.7213456630706787,5.938481688499451,5.433531284332275,7.905355453491211
255,1,3,0.8,0.2,1.0,0.3483145236968994,0.44829893112182617,6.337194442749023,12.292313575744629
255,1,3,0.8,0.2,2.0,0.0,0.0,6.277716636657715,15.498458862304688
255,1,3,0.8,0.5,0.5,2.1029930114746094,3.019385278224945,7.46461820602417,12.774299621582031
255,1,3,0.8,0.5,1.0,0.967338502407074,1.4677296876907349,12.02379035949707,28.108781814575195
255,1,3,0.8,0.5,2.0,0.0,0.0,12.082178115844727,34.67963409423828
255,1,3,0.8,0.8,0.5,7.405815124511719,10.609868586063385,14.957218170166016,30.905038833618164
255,1,3,0.8,0.8,1.0,7.586390495300293,11.9987633228302,21.427942276000977,55.941490173339844
255,1,3,0.8,0.8,2.0,5.424715042114258,8.583885848522186,22.770828247070312,72.92514038085938
255,1,3,1.0,0.2,0.5,2.7138264179229736,4.21574991941452,10.30356502532959,16.773210525512695
255,1,3,1.0,0.2,1.0,0.0,0.0,10.966909408569336,24.174381256103516
255,1,3,1.0,0.2,2.0,0.0,0.0,10.613335609436035,26.749038696289062
255,1,3,1.0,0.5,0.5,6.485980987548828,8.902884721755981,20.609621047973633,40.625091552734375
255,1,3,1.0,0.5,1.0,3.405294179916382,5.574586927890778,19.702552795410156,47.21923065185547
255,1,3,1.0,0.5,2.0,2.8853652477264404,4.199942886829376,22.88916015625,65.94071197509766
255,1,3,1.0,0.8,0.5,11.6013822555542,15.874780118465424,38.19198989868164,76.46637725830078
255,1,3,1.0,0.8,1.0,8.695642471313477,12.50512009859085,43.099185943603516,103.05329895019531
255,1,3,1.0,0.8,2.0,5.738623142242432,8.368138670921326,45.4477653503418,129.5689239501953
255,1,3,1.2,0.2,0.5,0.0,0.0,22.0902042388916,56.26505661010742
255,1,3,1.2,0.2,1.0,0.0,0.0,23.838356018066406,45.9417610168457
255,1,3,1.2,0.2,2.0,0.0,0.0,15.45626163482666,38.81656265258789
255,1,3,1.2,0.5,0.5,5.473491668701172,7.445616900920868,29.572845458984375,57.638023376464844
255,1,3,1.2,0.5,1.0,3.6853444576263428,5.624978065490723,42.6617546081543,98.29396057128906
255,1,3,1.2,0.5,2.0,2.749669075012207,3.867638885974884,41.15861511230469,113.44548034667969
255,1,3,1.2,0.8,0.5,12.792617797851562,14.984052538871765,103.39202880859375,182.1266632080078
255,1,3,1.2,0.8,1.0,8.52150821685791,11.907162487506866,77.89550018310547,170.38328552246094
255,1,3,1.2,0.8,2.0,6.061600685119629,8.7392036318779,79.80321502685547,191.84909057617188
255,1,4,0.8,0.2,0.5,5.909234046936035,7.590972185134888,4.688382148742676,7.358072757720947
255,1,4,0.8,0.2,1.0,0.6762734055519104,1.1239120960235596,6.353043079376221,12.307353973388672
255,1,4,0.8,0.2,2.0,0.17170768976211548,0.25471025705337524,6.853725910186768,15.331988334655762
255,1,4,0.8,0.5,0.5,2.667074203491211,3.6743029356002808,8.466903686523438,15.868531227111816
255,1,4,0.8,0.5,1.0,0.6794461011886597,0.0,10.533474922180176,24.099449157714844
255,1,4,0.8,0.5,2.0,0.8842975497245789,0.7752273082733154,11.715449333190918,35.14909744262695
255,1,4,0.8,0.8,0.5,7.037047386169434,8.249549150466919,15.361541748046875,31.932842254638672
255,1,4,0.8,0.8,1.0,7.891672134399414,12.647872567176819,23.41920280456543,60.53518295288086
255,1,4,0.8,0.8,2.0,5.324071884155273,8.123097956180573,21.038379669189453,65.16265869140625
255,1,4,1.0,0.2,0.5,0.8978237509727478,0.9058350920677185,12.119455337524414,20.3387393951416
255,1,4,1.0,0.2,1.0,0.0,0.0,11.480643272399902,24.100805282592773
255,1,4,1.0,0.2,2.0,0.0,0.0,9.905998229980469,25.7252254486084
255,1,4,1.0,0.5,0.5,5.748904228210449,8.48449993133545,18.319133758544922,35.57429504394531
255,1,4,1.0,0.5,1.0,1.3481543064117432,2.2524572014808655,17.192581176757812,41.80625915527344
255,1,4,1.0,0.5,2.0,1.9976987838745117,2.772158205509186,21.81375503540039,65.62728118896484
255,1,4,1.0,0.8,0.5,12.230621337890625,16.991784691810608,40.71146774291992,82.53224182128906
255,1,4,1.0,0.8,1.0,8.229645729064941,12.316773295402527,42.47953414916992,105.25910949707031
255,1,4,1.0,0.8,2.0,5.708359241485596,8.085048019886017,49.95816421508789,139.51116943359375
255,1,4,1.2,0.2,0.5,0.0,0.0,24.067935943603516,32.21907043457031
255,1,4,1.2,0.2,1.0,0.0,0.0,21.483774185180664,43.529666900634766
255,1,4,1.2,0.2,2.0,0.0,0.0,16.518423080444336,42.51136779785156
255,1,4,1.2,0.5,0.5,3.7266314029693604,4.644188225269318,55.113914489746094,98.8249740600586
255,1,4,1.2,0.5,1.0,3.575590133666992,4.846261978149414,55.67869567871094,122.57084655761719
255,1,4,1.2,0.5,2.0,2.666594982147217,3.7669544219970703,39.796356201171875,110.16084289550781
255,1,4,1.2,0.8,0.5,11.811464309692383,14.748646914958954,66.2496337890625,127.08101654052734
255,1,4,1.2,0.8,1.0,8.203683853149414,11.31634521484375,70.36724853515625,159.31961059570312
255,1,4,1.2,0.8,2.0,5.848169803619385,7.940654397010803,92.14154815673828,213.27760314941406
256,1,0,0.8,0.2,0.5,5.189143180847168,7.38998281955719,5.279515743255615,7.752379894256592
256,1,0,0.8,0.2,1.0,0.7436662912368774,1.11778324842453,6.271181106567383,12.128692626953125
256,1,0,0.8,0.2,2.0,0.08783632516860962,0.09492433071136475,6.95431661605835,17.219646453857422
256,1,0,0.8,0.5,0.5,2.6231393814086914,3.433808147907257,8.214696884155273,15.178426742553711
256,1,0,0.8,0.5,1.0,0.8635517358779907,0.8455368280410767,9.626683235168457,21.860639572143555
256,1,0,0.8,0.5,2.0,0.9316995739936829,1.3328180313110352,11.728590965270996,36.58081817626953
256,1,0,0.8,0.8,0.5,7.557354927062988,9.693228781223297,15.923539161682129,32.82215118408203
256,1,0,0.8,0.8,1.0,4.851956367492676,6.522188782691956,16.82462501525879,43.74879455566406
256,1,0,0.8,0.8,2.0,5.444135665893555,8.36182165145874,22.193302154541016,67.12677764892578
256,1,0,1.0,0.2,0.5,1.5606474876403809,1.7856273651123047,10.226198196411133,17.94244956970215
256,1,0,1.0,0.2,1.0,0.0,0.0,11.027504920959473,23.09107208251953
256,1,0,1.0,0.2,2.0,0.0,0.0,10.574687004089355,27.868093490600586
256,1,0,1.0,0.5,0.5,6.078287124633789,9.18417102098465,19.567562103271484,38.07765579223633
256,1,0,1.0,0.5,1.0,3.4930357933044434,5.240650653839111,19.912919998168945,49.271297454833984
256,1,0,1.0,0.5,2.0,2.431515693664551,3.5521515607833862,21.835983276367188,62.900482177734375
256,1,0,1.0,0.8,0.5,12.063810348510742,16.299724221229553,47.585693359375,97.45841979980469
256,1,0,1.0,0.8,1.0,7.638003826141357,11.278097152709961,49.73980712890625,120.97584533691406
256,1,0,1.0,0.8,2.0,5.298732757568359,7.893723368644714,44.4366569519043,129.90576171875
256,1,0,1.2,0.2,0.5,0.0,0.0,26.84821319580078,47.27389144897461
256,1,0,1.2,0.2,1.0,0.0,0.0,18.177465438842773,42.156375885009766
256,1,0,1.2,0.2,2.0,0.0,0.0,16.766098022460938,42.66408157348633
256,1,0,1.2,0.5,0.5,3.0990166664123535,5.263365209102631,62.96830368041992,107.15055084228516
256,1,0,1.2,0.5,1.0,3.911381244659424,5.440209925174713,57.42862319946289,122.34614562988281
256,1,0,1.2,0.5,2.0,2.56838321685791,3.6224905252456665,37.09274673461914,103.38197326660156
256,1,0,1.2,0.8,0.5,10.061927795410156,11.97033941745758,100.38497161865234,174.80490112304688
256,1,0,1.2,0.8,1.0,7.773944854736328,10.940870642662048,96.4201889038086,199.46829223632812
256,1,0,1.2,0.8,2.0,5.500781059265137,7.993404150009155,76.80036926269531,189.2034149169922
256,1,1,0.8,0.2,0.5,6.612773895263672,7.68638002872467,5.281059741973877,7.924479007720947
256,1,1,0.8,0.2,1.0,0.7063617706298828,0.6896276473999023,6.575007915496826,13.255436897277832
256,1,1,0.8,0.2,2.0,0.0,0.0,6.335088729858398,16.37453269958496
256,1,1,0.8,0.5,0.5,0.0,0.17048662900924683,7.966041564941406,14.059592247009277
256,1,1,0.8,0.5,1.0,1.8306989669799805,2.5896250009536743,10.148015022277832,23.121932983398438
256,1,1,0.8,0.5,2.0,0.0,0.0,11.00631332397461,32.95821762084961
256,1,1,0.8,0.8,0.5,5.615871429443359,7.75197696685791,13.637686729431152,26.852540969848633
256,1,1,0.8,0.8,1.0,7.961666107177734,12.292679131031036,22.12259292602539,57.57943344116211
256,1,1,0.8,0.8,2.0,5.19305419921875,8.027771055698395,24.904163360595703,77.22564697265625
256,1,1,1.0,0.2,0.5,3.4557993412017822,4.570768475532532,10.210307121276855,15.840707778930664
256,1,1,1.0,0.2,1.0,0.0,0.0,11.245614051818848,23.944581985473633
256,1,1,1.0,0.2,2.0,0.0,0.0,11.508198738098145,30.33530616760254
256,1,1,1.0,0.5,0.5,0.992919385433197,1.8677830696105957,11.425933837890625,22.134403228759766
256,1,1,1.0,0.5,1.0,4.54681396484375,6.837137997150421,22.24799156188965,52.5533332824707
256,1,1,1.0,0.5,2.0,2.3800718784332275,3.6368149518966675,25.346961975097656,75.05703735351562
256,1,1,1.0,0.8,0.5,11.416245460510254,16.45443844795227,43.62660598754883,89.72662353515625
256,1,1,1.0,0.8,1.0,8.330851554870605,11.72245842218399,57.01742172241211,133.48843383789062
256,1,1,1.0,0.8,2.0,5.629199981689453,8.213586330413818,47.19210433959961,135.5858612060547
256,1,1,1.2,0.2,0.5,0.0,0.0,32.286014556884766,59.39400100708008
256,1,1,1.2,0.2,1.0,0.0,0.0,20.646366119384766,46.26152420043945
256,1,1,1.2,0.2,2.0,0.0,0.0,16.9461669921875,46.438453674316406
256,1,1,1.2,0.5,0.5,2.0959532260894775,2.402385175228119,63.18317413330078,121.55599212646484
256,1,1,1.2,0.5,1.0,3.388319253921509,4.784288763999939,51.11901092529297,113.82672882080078
256,1,1,1.2,0.5,2.0,2.6074066162109375,3.7142622470855713,35.58966827392578,99.29942321777344
256,1,1,1.2,0.8,0.5,11.571571350097656,14.315122663974762,84.56745910644531,154.66281127929688
256,1,1,1.2,0.8,1.0,7.958678722381592,10.642862141132355,95.86249542236328,196.45205688476562
256,1,1,1.2,0.8,2.0,5.989665985107422,8.258770763874054,90.17815399169922,209.83102416992188
256,1,2,0.8,0.2,0.5,3.555304765701294,4.758370101451874,5.411452770233154,8.350738525390625
256,1,2,0.8,0.2,1.0,0.1608235239982605,0.34329670667648315,5.920358180999756,11.273672103881836
256,1,2,0.8,0.2,2.0,0.18599408864974976,0.18552911281585693,6.062734603881836,15.848160743713379
256,1,2,0.8,0.5,0.5,1.951403260231018,2.7810434699058533,9.816742897033691,18.217134475708008
256,1,2,0.8,0.5,1.0,0.0,0.0,10.186356544494629,22.884925842285156
256,1,2,0.8,0.5,2.0,0.8295230269432068,0.8217558264732361,13.453936576843262,38.9217529296875
256,1,2,0.8,0.8,0.5,5.51800012588501,8.007446527481079,14.388839721679688,28.69896697998047
256,1,2,0.8,0.8,1.0,7.525982856750488,11.627240180969238,20.568466186523438,53.27804946899414
256,1,2,0.8,0.8,2.0,5.956370830535889,8.906035482883453,22.759065628051758,69.69776153564453
256,1,2,1.0,0.2,0.5,3.131225824356079,4.878056645393372,9.194212913513184,13.847813606262207
256,1,2,1.0,0.2,1.0,0.13911068439483643,0.14015257358551025,9.707433700561523,20.33670425415039
256,1,2,1.0,0.2,2.0,0.0,0.0,10.04818344116211,26.141286849975586
256,1,2,1.0,0.5,0.5,6.136073112487793,9.435558140277863,18.101627349853516,34.832069396972656
256,1,2,1.0,0.5,1.0,3.9688880443573,6.004390716552734,22.623477935791016,52.8147087097168
256,1,2,1.0,0.5,2.0,1.4593271017074585,2.111634075641632,22.014625549316406,68.2769546508789
256,1,2,1.0,0.8,0.5,11.937853813171387,16.37302529811859,45.52143859863281,90.3519515991211
256,1,2,1.0,0.8,1.0,7.963449478149414,11.6903555393219,50.83277893066406,122.37205505371094
256,1,2,1.0,0.8,2.0,5.929876804351807,8.785416841506958,42.59114074707031,123.72388458251953
256,1,2,1.2,0.2,0.5,0.0,0.0,24.3277645111084,41.42778778076172
256,1,2,1.2,0.2,1.0,0.0,0.0,25.349916458129883,51.69792175292969
256,1,2,1.2,0.2,2.0,0.0,0.0,17.839279174804688,44.05898666381836
256,1,2,1.2,0.5,0.5,4.831658363342285,6.377171277999878,47.429847717285156,85.73780822753906
256,1,2,1.2,0.5,1.0,4.119292736053467,5.522301971912384,45.91414260864258,103.56295013427734
256,1,2,1.2,0.5,2.0,2.8303282260894775,3.9722766280174255,35.36229705810547,96.16934204101562
256,1,2,1.2,0.8,0.5,10.507172584533691,12.287772238254547,99.55078887939453,180.65557861328125
256,1,2,1.2,0.8,1.0,8.528483390808105,11.643157124519348,92.61489868164062,194.64321899414062
256,1,2,1.2,0.8,2.0,5.971804618835449,8.308309018611908,82.54058074951172,201.79551696777344
256,1,3,0.8,0.2,0.5,5.406714916229248,9.361408829689026,4.576910495758057,6.381548881530762
256,1,3,0.8,0.2,1.0,0.0,0.0,6.234626770019531,11.771696090698242
256,1,3,0.8,0.2,2.0,0.1113976240158081,0.11417341232299805,6.5023064613342285,15.535898208618164
256,1,3,0.8,0.5,0.5,2.020202398300171,2.8199684023857117,8.969010353088379,16.2486572265625
256,1,3,0.8,0.5,1.0,1.4992759227752686,1.3931723833084106,11.971863746643066,27.778011322021484
256,1,3,0.8,0.5,2.0,0.8015056848526001,1.2019640803337097,12.75390338897705,37.919158935546875
256,1,3,0.8,0.8,0.5,5.2663421630859375,8.187170207500458,13.944432258605957,28.457576751708984
256,1,3,0.8,0.8,1.0,6.8202667236328125,10.961926460266113,20.146406173706055,53.46775436401367
256,1,3,0.8,0.8,2.0,5.536566734313965,8.316929280757904,24.971555709838867,76.88973999023438
256,1,3,1.0,0.2,0.5,2.1229677200317383,3.78572279214859,7.997441291809082,12.646578788757324
256,1,3,1.0,0.2,1.0,0.0,0.0,11.518102645874023,25.821638107299805
256,1,3,1.0,0.2,2.0,0.0,0.0,10.92691421508789,27.3970890045166
256,1,3,1.0,0.5,0.5,6.0515007972717285,9.04758083820343,21.62757682800293,41.720069885253906
256,1,3,1.0,0.5,1.0,4.892961025238037,7.032053649425507,21.71586799621582,52.938819885253906
256,1,3,1.0,0.5,2.0,1.0217936038970947,1.0732977986335754,17.45989418029785,52.744388580322266
256,1,3,1.0,0.8,0.5,12.231112480163574,17.034085035324097,32.661624908447266,67.54647064208984
256,1,3,1.0,0.8,1.0,8.03031063079834,12.095059096813202,41.648494720458984,102.57328796386719
256,1,3,1.0,0.8,2.0,6.024750709533691,8.986148595809937,44.1613655090332,127.7983169555664
256,1,3,1.2,0.2,0.5,0.0,0.0,27.608205795288086,39.808799743652344
256,1,3,1.2,0.2,1.0,0.0,0.0,23.9725399017334,47.67329025268555
256,1,3,1.2,0.2,2.0,0.0,0.0,14.503446578979492,37.43485641479492
256,1,3,1.2,0.5,0.5,2.9138197898864746,3.160427451133728,62.94062423706055,107.43290710449219
256,1,3,1.2,0.5,1.0,3.6432995796203613,5.303816437721252,46.6432991027832,104.66656494140625
256,1,3,1.2,0.5,2.0,2.8008053302764893,3.9187161326408386,35.95164489746094,103.1198501586914
256,1,3,1.2,0.8,0.5,10.05142879486084,11.460740566253662,121.45906066894531,205.1370086669922
256,1,3,1.2,0.8,1.0,8.229883193969727,11.593114972114563,102.24849700927734,207.2364501953125
256,1,3,1.2,0.8,2.0,5.924751281738281,8.15132361650467,84.22764587402344,200.70526123046875
256,1,4,0.8,0.2,0.5,7.8617119789123535,8.95979505777359,5.136449337005615,7.589080810546875
256,1,4,0.8,0.2,1.0,0.19963842630386353,0.1768275499343872,6.168741226196289,11.829659461975098
256,1,4,0.8,0.2,2.0,0.12058871984481812,0.11992412805557251,5.885918140411377,13.5405912399292
256,1,4,0.8,0.5,0.5,2.5575809478759766,2.763006329536438,7.52671480178833,13.714969635009766
256,1,4,0.8,0.5,1.0,1.312086582183838,1.559577226638794,10.890522956848145,25.154428482055664
256,1,4,0.8,0.5,2.0,0.9218924045562744,1.5312793850898743,14.798755645751953,41.72935104370117
256,1,4,0.8,0.8,0.5,4.909188270568848,7.669692635536194,14.699132919311523,30.672861099243164
256,1,4,0.8,0.8,1.0,7.634155750274658,11.933049082756042,21.129545211791992,55.43195724487305
256,1,4,0.8,0.8,2.0,5.4619646072387695,8.394922018051147,25.45752716064453,77.86299896240234
256,1,4,1.0,0.2,0.5,1.8150482177734375,2.5517653822898865,9.483136177062988,15.669641494750977
256,1,4,1.0,0.2,1.0,0.0,0.0,9.991230010986328,21.550230026245117
256,1,4,1.0,0.2,2.0,0.0,0.0,10.650233268737793,26.040130615234375
256,1,4,1.0,0.5,0.5,6.041100025177002,9.154598712921143,18.659284591674805,36.28942108154297
256,1,4,1.0,0.5,1.0,1.5180485248565674,2.128638207912445,16.721023559570312,41.37096405029297
256,1,4,1.0,0.5,2.0,2.524794101715088,3.338674247264862,23.991018295288086,70.93970489501953
256,1,4,1.0,0.8,0.5,10.524595260620117,14.808500945568085,40.610809326171875,83.29448699951172
256,1,4,1.0,0.8,1.0,7.981564521789551,11.500154852867126,51.98239517211914,121.886474609375
256,1,4,1.0,0.8,2.0,5.716510772705078,8.65475207567215,43.89154815673828,124.87252044677734
256,1,4,1.2,0.2,0.5,0.0,0.0,31.697755813598633,62.22576904296875
256,1,4,1.2,0.2,1.0,0.0,0.0,18.081911087036133,41.62599182128906
256,1,4,1.2,0.2,2.0,0.0,0.0,18.953779220581055,49.33412551879883
256,1,4,1.2,0.5,0.5,3.1272132396698,4.046621918678284,61.412437438964844,110.96356201171875
256,1,4,1.2,0.5,1.0,2.904205083847046,4.104266107082367,43.861045837402344,96.62477111816406
256,1,4,1.2,0.5,2.0,3.0964086055755615,4.201320230960846,41.88669204711914,116.17906951904297
256,1,4,1.2,0.8,0.5,10.765902519226074,12.634945809841156,126.04859924316406,215.55789184570312
256,1,4,1.2,0.8,1.0,8.744444847106934,11.861509442329407,94.86311340332031,194.7629852294922
256,1,4,1.2,0.8,2.0,5.510004043579102,7.99837726354599,72.10661315917969,181.76089477539062
257,1,0,0.8,0.2,0.5,3.728571891784668,6.523136556148529,4.992258071899414,7.114406108856201
257,1,0,0.8,0.2,1.0,0.0,0.0,6.339576721191406,13.174797058105469
257,1,0,0.8,0.2,2.0,0.0,0.0,6.045999050140381,13.683854103088379
257,1,0,0.8,0.5,0.5,2.944077968597412,5.306819140911102,7.467578411102295,12.490110397338867
257,1,0,0.8,0.5,1.0,0.08955979347229004,0.2084009051322937,11.501372337341309,28.485334396362305
257,1,0,0.8,0.5,2.0,0.0,0.0,10.407492637634277,30.513916015625
257,1,0,0.8,0.8,0.5,5.07087516784668,5.510434150695801,11.954288482666016,23.81222152709961
257,1,0,0.8,0.8,1.0,7.776298522949219,12.08774709701538,19.61170768737793,51.34567642211914
257,1,0,0.8,0.8,2.0,5.566193580627441,8.235832393169403,24.748876571655273,74.76509094238281
257,1,0,1.0,0.2,0.5,2.371978759765625,3.1672011017799377,10.700640678405762,17.902931213378906
257,1,0,1.0,0.2,1.0,0.0,0.0,10.737554550170898,21.564800262451172
257,1,0,1.0,0.2,2.0,0.0,0.0,10.119657516479492,27.14849853515625
257,1,0,1.0,0.5,0.5,1.5759913921356201,1.6919088959693909,12.330198287963867,22.70183563232422
257,1,0,1.0,0.5,1.0,3.5302913188934326,5.15630578994751,22.156747817993164,53.842185974121094
257,1,0,1.0,0.5,2.0,2.0327396392822266,2.3794122338294983,20.909055709838867,60.737342834472656
257,1,0,1.0,0.8,0.5,10.988582611083984,16.172465562820435,20.873899459838867,43.7028923034668
257,1,0,1.0,0.8,1.0,8.360299110412598,11.943539261817932,56.489200592041016,129.6162567138672
257,1,0,1.0,0.8,2.0,6.034667491912842,8.974888563156128,46.336605072021484,129.1908721923828
257,1,0,1.2,0.2,0.5,0.0,0.0,17.92340087890625,44.7323112487793
257,1,0,1.2,0.2,1.0,0.0,0.0,18.042699813842773,38.13637924194336
257,1,0,1.2,0.2,2.0,0.0,0.0,17.919132232666016,47.63768005371094
257,1,0,1.2,0.5,0.5,3.039856195449829,3.456217348575592,62.019657135009766,114.0915298461914
257,1,0,1.2,0.5,1.0,3.3355536460876465,4.660357296466827,47.205970764160156,105.32111358642578
257,1,0,1.2,0.5,2.0,2.7576045989990234,4.039310991764069,39.74327087402344,107.56140899658203
257,1,0,1.2,0.8,0.5,10.936565399169922,12.168032228946686,115.80009460449219,200.98538208007812
257,1,0,1.2,0.8,1.0,8.494729042053223,11.728086709976196,93.5401840209961,195.4197540283203
257,1,0,1.2,0.8,2.0,5.960787773132324,8.306857168674469,78.89119720458984,190.47760009765625
257,1,1,0.8,0.2,0.5,6.86126708984375,10.299932360649109,5.289592266082764,7.921703815460205
257,1,1,0.8,0.2,1.0,0.18705499172210693,0.3005934953689575,6.13705587387085,11.873578071594238
257,1,1,0.8,0.2,2.0,0.0,0.0,6.574357509613037,15.116209030151367
257,1,1,0.8,0.5,0.5,2.2223451137542725,2.278103828430176,8.526921272277832,15.100305557250977
257,1,1,0.8,0.5,1.0,0.7024540901184082,0.6753326654434204,11.585794448852539,27.991666793823242
257,1,1,0.8,0.5,2.0,0.0,0.0,11.850421905517578,36.26560974121094
257,1,1,0.8,0.8,0.5,6.891637325286865,8.906850457191467,14.529136657714844,29.96426010131836
257,1,1,0.8,0.8,1.0,7.497002124786377,11.578109979629517,24.364622116088867,62.693214416503906
257,1,1,0.8,0.8,2.0,5.21877908706665,8.279154241085052,24.063600540161133,76.23766326904297
257,1,1,1.0,0.2,0.5,2.3802103996276855,3.096299886703491,11.337151527404785,18.169536590576172
257,1,1,1.0,0.2,1.0,0.0,0.0,11.495631217956543,22.6032772064209
257,1,1,1.0,0.2,2.0,0.0,0.0,9.039640426635742,23.484790802001953
257,1,1,1.0,0.5,0.5,5.419785499572754,7.702974796295166,21.373165130615234,41.62791442871094
257,1,1,1.0,0.5,1.0,3.8653388023376465,6.038026392459869,24.929834365844727,61.61456298828125
257,1,1,1.0,0.5,2.0,2.2184395790100098,3.1991794109344482,21.341575622558594,63.785091400146484
257,1,1,1.0,0.8,0.5,11.434926986694336,15.82095456123352,38.173255920410156,80.65229034423828
257,1,1,1.0,0.8,1.0,8.18087100982666,12.070470154285431,42.326698303222656,101.33163452148438
257,1,1,1.0,0.8,2.0,5.711788177490234,8.508992969989777,43.09275436401367,124.95144653320312
257,1,1,1.2,0.2,0.5,0.0,0.0,28.250560760498047,44.34954833984375
257,1,1,1.2,0.2,1.0,0.0,0.0,24.917953491210938,48.62907409667969
257,1,1,1.2,0.2,2.0,0.0,0.0,14.98434829711914,42.549800872802734
257,1,1,1.2,0.5,0.5,3.0236716270446777,3.3946692943573,61.87665939331055,112.23040008544922
257,1,1,1.2,0.5,1.0,3.9253458976745605,5.074107825756073,47.837493896484375,102.92772674560547
257,1,1,1.2,0.5,2.0,3.3706846237182617,4.747516334056854,45.53474044799805,125.84158325195312
257,1,1,1.2,0.8,0.5,11.540411949157715,13.460155844688416,113.11554718017578,194.00784301757812
257,1,1,1.2,0.8,1.0,8.209511756896973,11.258662760257721,105.87388610839844,214.02099609375
257,1,1,1.2,0.8,2.0,5.858645439147949,8.019812643527985,92.49088287353516,214.94749450683594
257,1,2,0.8,0.2,0.5,4.105311870574951,5.191802501678467,5.831421852111816,9.33129596710205
257,1,2,0.8,0.2,1.0,0.7472840547561646,0.5057311058044434,5.630255222320557,11.458258628845215
257,1,2,0.8,0.2,2.0,0.11946862936019897,0.03673255443572998,6.828282833099365,16.2386474609375
257,1,2,0.8,0.5,0.5,2.75156831741333,3.923105299472809,7.701295375823975,13.69150447845459
257,1,2,0.8,0.5,1.0,0.9751124382019043,0.9428039789199829,10.532161712646484,24.471834182739258
257,1,2,0.8,0.5,2.0,0.866104006767273,0.8486270904541016,11.2070894241333,32.20206832885742
257,1,2,0.8,0.8,0.5,6.687389373779297,9.504677534103394,15.600274085998535,31.952396392822266
257,1,2,0.8,0.8,1.0,7.743506908416748,12.253506004810333,20.808677673339844,53.93865203857422
257,1,2,0.8,0.8,2.0,5.48087739944458,8.294191658496857,20.558610916137695,64.0221939086914
257,1,2,1.0,0.2,0.5,1.6129705905914307,1.7731998562812805,9.5039644241333,15.275371551513672
257,1,2,1.0,0.2,1.0,0.0,0.0,8.593538284301758,18.85492706298828
257,1,2,1.0,0.2,2.0,0.0,0.0,10.116354942321777,25.24065589904785
257,1,2,1.0,0.5,0.5,6.857856750488281,10.132517457008362,18.866744995117188,36.233665466308594
257,1,2,1.0,0.5,1.0,3.9009108543395996,5.685544729232788,23.781265258789062,56.55973434448242
257,1,2,1.0,0.5,2.0,0.9722301959991455,1.6263156533241272,18.983182907104492,57.42593765258789
257,1,2,1.0,0.8,0.5,11.138840675354004,15.598191499710083,42.09019470214844,86.80593872070312
257,1,2,1.0,0.8,1.0,7.593880653381348,11.074333667755127,55.807899475097656,133.71734619140625
257,1,2,1.0,0.8,2.0,5.721254348754883,8.333204627037048,43.183753967285156,122.97138214111328
257,1,2,1.2,0.2,0.5,0.0,0.0,35.890743255615234,64.26216888427734
257,1,2,1.2,0.2,1.0,0.0,0.0,23.216720581054688,42.62922668457031
257,1,2,1.2,0.2,2.0,0.0,0.0,15.041353225708008,41.043052673339844
257,1,2,1.2,0.5,0.5,3.1719260215759277,3.839227616786957,71.82149505615234,124.14766693115234
257,1,2,1.2,0.5,1.0,4.102891445159912,5.948080122470856,44.60564041137695,99.4654769897461
257,1,2,1.2,0.5,2.0,2.9401798248291016,4.089244544506073,40.438175201416016,111.09580993652344
257,1,2,1.2,0.8,0.5,10.632955551147461,12.612586438655853,113.40626525878906,175.9119110107422
257,1,2,1.2,0.8,1.0,8.753324508666992,11.716228783130646,97.19620513916016,199.59454345703125
257,1,2,1.2,0.8,2.0,5.53740119934082,7.867922008037567,81.71257019042969,199.5244140625
257,1,3,0.8,0.2,0.5,6.0938262939453125,9.833342611789703,4.881631851196289,7.17664909362793
257,1,3,0.8,0.2,1.0,0.26133251190185547,0.29664236307144165,5.682887554168701,10.598758697509766
257,1,3,0.8,0.2,2.0,0.0,0.0,6.3799848556518555,15.014330863952637
257,1,3,0.8,0.5,0.5,2.1543188095092773,3.004847526550293,8.391267776489258,16.131750106811523
257,1,3,0.8,0.5,1.0,1.2309961318969727,1.2400143146514893,10.510993957519531,24.46577262878418
257,1,3,0.8,0.5,2.0,0.0,0.0,12.516448020935059,37.28633499145508
257,1,3,0.8,0.8,0.5,6.543951988220215,9.949317038059235,15.349896430969238,31.286867141723633
257,1,3,0.8,0.8,1.0,7.473879814147949,12.015940129756927,23.27028465270996,60.938995361328125
257,1,3,0.8,0.8,2.0,2.936648368835449,3.538933038711548,18.38597297668457,59.023868560791016
257,1,3,1.0,0.2,0.5,0.8682277798652649,1.2332706451416016,9.276241302490234,16.18117904663086
257,1,3,1.0,0.2,1.0,0.0,0.0,10.988846778869629,22.067821502685547
257,1,3,1.0,0.2,2.0,0.0,0.0,9.759242057800293,27.154985427856445
257,1,3,1.0,0.5,0.5,5.1950836181640625,7.549566090106964,22.044193267822266,41.2352180480957
257,1,3,1.0,0.5,1.0,4.341874599456787,6.489567697048187,24.647586822509766,59.64198684692383
257,1,3,1.0,0.5,2.0,2.7098889350891113,4.120197355747223,23.2757625579834,68.65631103515625
257,1,3,1.0,0.8,0.5,11.708535194396973,16.612018406391144,40.6737174987793,82.91706848144531
257,1,3,1.0,0.8,1.0,8.24897289276123,12.224309504032135,41.94120407104492,102.82029724121094
257,1,3,1.0,0.8,2.0,6.2554826736450195,9.223927199840546,47.353668212890625,132.89739990234375
257,1,3,1.2,0.2,0.5,0.0,0.0,29.405738830566406,49.98927307128906
257,1,3,1.2,0.2,1.0,0.0,0.0,21.191246032714844,44.07073211669922
257,1,3,1.2,0.2,2.0,0.0,0.0,19.437841415405273,49.45248031616211
257,1,3,1.2,0.5,0.5,3.4022979736328125,4.446443974971771,54.94317626953125,101.9463119506836
257,1,3,1.2,0.5,1.0,3.0011298656463623,4.076489508152008,40.019195556640625,90.25150299072266
257,1,3,1.2,0.5,2.0,3.2321300506591797,4.223350942134857,45.64313888549805,116.70020294189453
257,1,3,1.2,0.8,0.5,11.313018798828125,12.746252536773682,119.8284683227539,203.5287628173828
257,1,3,1.2,0.8,1.0,8.424181938171387,11.551679909229279,93.27961730957031,196.23147583007812
257,1,3,1.2,0.8,2.0,5.662031173706055,7.965116858482361,86.66101837158203,206.508544921875
257,1,4,0.8,0.2,0.5,1.562254786491394,2.533068299293518,5.359993934631348,8.609110832214355
257,1,4,0.8,0.2,1.0,1.217286229133606,1.5069620609283447,6.248575210571289,11.57863712310791
257,1,4,0.8,0.2,2.0,0.0,0.0,6.593891143798828,16.544294357299805
257,1,4,0.8,0.5,0.5,1.9182236194610596,1.9165687561035156,7.390110015869141,12.642632484436035
257,1,4,0.8,0.5,1.0,1.7620041370391846,2.4209262132644653,8.942995071411133,20.050983428955078
257,1,4,0.8,0.5,2.0,0.8344186544418335,0.8213134407997131,12.261409759521484,37.47565460205078
257,1,4,0.8,0.8,0.5,8.602845191955566,11.988798022270203,15.714394569396973,32.408878326416016
257,1,4,0.8,0.8,1.0,2.9572043418884277,4.392055869102478,15.518061637878418,40.99371337890625
257,1,4,0.8,0.8,2.0,5.653152942657471,8.411136090755463,23.881662368774414,74.20594787597656
257,1,4,1.0,0.2,0.5,3.058821439743042,5.125101208686829,9.647024154663086,15.849441528320312
257,1,4,1.0,0.2,1.0,0.0,0.0,9.936321258544922,21.47385025024414
257,1,4,1.0,0.2,2.0,0.0,0.0,9.155078887939453,24.287050247192383
257,1,4,1.0,0.5,0.5,5.573122024536133,8.649137794971466,23.01335906982422,44.406028747558594
257,1,4,1.0,0.5,1.0,3.9919493198394775,5.78450620174408,23.07326889038086,56.24276351928711
257,1,4,1.0,0.5,2.0,2.872492551803589,4.167770504951477,21.672269821166992,65.73501586914062
257,1,4,1.0,0.8,0.5,11.097616195678711,15.037784039974213,52.16896438598633,107.54741668701172
257,1,4,1.0,0.8,1.0,8.364971160888672,12.442340552806854,44.58632278442383,109.05596160888672
257,1,4,1.0,0.8,2.0,5.857440948486328,8.596524775028229,51.84325408935547,143.84552001953125
257,1,4,1.2,0.2,0.5,0.0,0.0,28.886579513549805,53.20427322387695
257,1,4,1.2,0.2,1.0,0.0,0.0,19.074337005615234,40.61285400390625
257,1,4,1.2,0.2,2.0,0.0,0.0,15.896647453308105,41.56727600097656
257,1,4,1.2,0.5,0.5,3.3878886699676514,4.054849088191986,49.736366271972656,95.52318572998047
257,1,4,1.2,0.5,1.0,3.8220934867858887,4.817318916320801,44.86402893066406,100.09236145019531
257,1,4,1.2,0.5,2.0,3.1078479290008545,4.429468512535095,41.00122833251953,112.48043060302734
257,1,4,1.2,0.8,0.5,11.453948974609375,12.859422028064728,123.93904876708984,210.0984344482422
257,1,4,1.2,0.8,1.0,8.608978271484375,11.170280933380127,108.78931427001953,215.28793334960938
257,1,4,1.2,0.8,2.0,5.828746795654297,8.07092547416687,87.57495880126953,206.94534301757812
258,1,0,0.8,0.2,0.5,5.925440311431885,10.07773095369339,5.014859676361084,7.436610221862793
258,1,0,0.8,0.2,1.0,0.5369511842727661,0.6942492723464966,6.624780178070068,12.984210968017578
258,1,0,0.8,0.2,2.0,0.0,0.0,6.582089424133301,15.97307300567627
258,1,0,0.8,0.5,0.5,2.9312703609466553,3.2345862984657288,7.8664326667785645,13.67683219909668
258,1,0,0.8,0.5,1.0,0.9718228578567505,1.5670678615570068,10.37282657623291,24.952198028564453
258,1,0,0.8,0.5,2.0,0.20698577165603638,0.3184097409248352,10.387907981872559,31.592348098754883
258,1,0,0.8,0.8,0.5,4.591163635253906,7.985705494880676,13.569037437438965,27.578622817993164
258,1,0,0.8,0.8,1.0,7.774718284606934,12.243831932544708,21.74111557006836,56.420284271240234
258,1,0,0.8,0.8,2.0,5.542685508728027,8.646361768245697,21.668254852294922,68.01018524169922
258,1,0,1.0,0.2,0.5,0.4850957989692688,0.9255415797233582,10.408501625061035,18.17072296142578
258,1,0,1.0,0.2,1.0,0.0,0.0,11.568355560302734,24.054122924804688
258,1,0,1.0,0.2,2.0,0.0,0.0,10.89918041229248,28.45208168029785
258,1,0,1.0,0.5,0.5,5.412962913513184,8.027711272239685,21.493528366088867,42.51858901977539
258,1,0,1.0,0.5,1.0,4.062804222106934,5.864801406860352,26.474348068237305,62.98199462890625
258,1,0,1.0,0.5,2.0,2.109013319015503,3.1815203428268433,21.373971939086914,62.972511291503906
258,1,0,1.0,0.8,0.5,12.18481159210205,17.449707567691803,32.554813385009766,69.01715087890625
258,1,0,1.0,0.8,1.0,8.086165428161621,11.182288467884064,56.5128288269043,133.09983825683594
258,1,0,1.0,0.8,2.0,5.62969970703125,8.19689691066742,41.78508377075195,121.95037078857422
258,1,0,1.2,0.2,0.5,0.0,0.0,30.513916015625,51.59109878540039
258,1,0,1.2,0.2,1.0,0.0,0.0,25.253808975219727,49.886837005615234
258,1,0,1.2,0.2,2.0,0.0,0.0,15.239871978759766,42.112586975097656
258,1,0,1.2,0.5,0.5,2.7119784355163574,3.295332968235016,54.97703552246094,94.8386459350586
258,1,0,1.2,0.5,1.0,3.5688164234161377,4.793822169303894,42.19892120361328,95.8313217163086
258,1,0,1.2,0.5,2.0,2.8799731731414795,4.174407243728638,39.53894805908203,105.43819427490234
258,1,0,1.2,0.8,0.5,10.448294639587402,12.092034816741943,126.82731628417969,215.91310119628906
258,1,0,1.2,0.8,1.0,9.14436149597168,12.034856617450714,111.357177734375,216.5841827392578
258,1,0,1.2,0.8,2.0,5.803335189819336,7.950670659542084,93.32259368896484,212.7311553955078
258,1,1,0.8,0.2,0.5,5.800384521484375,7.582694351673126,5.022917747497559,7.558216571807861
258,1,1,0.8,0.2,1.0,0.2477399706840515,0.4269450306892395,6.499108791351318,12.316838264465332
258,1,1,0.8,0.2,2.0,0.0,0.0,6.829177379608154,15.996472358703613
258,1,1,0.8,0.5,0.5,2.052560329437256,2.572480857372284,8.609933853149414,15.596108436584473
258,1,1,0.8,0.5,1.0,1.0011852979660034,0.9649651050567627,9.58431625366211,22.668935775756836
258,1,1,0.8,0.5,2.0,0.0,0.0,11.351094245910645,33.411659240722656
258,1,1,0.8,0.8,0.5,6.593338966369629,7.970196068286896,13.186387062072754,26.60433006286621
258,1,1,0.8,0.8,1.0,3.829531669616699,4.03131240606308,17.056156158447266,44.682769775390625
258,1,1,0.8,0.8,2.0,5.599555969238281,8.680418074131012,23.476818084716797,71.81255340576172
258,1,1,1.0,0.2,0.5,3.2901949882507324,4.274661660194397,9.762094497680664,15.64319896697998
258,1,1,1.0,0.2,1.0,0.0,0.0,9.991511344909668,20.474882125854492
258,1,1,1.0,0.2,2.0,0.0,0.0,11.023774147033691,27.52084732055664
258,1,1,1.0,0.5,0.5,5.532991409301758,8.605844140052795,21.21605110168457,39.38133239746094
258,1,1,1.0,0.5,1.0,3.910480260848999,5.552534878253937,25.936790466308594,65.501220703125
258,1,1,1.0,0.5,2.0,0.7463867664337158,0.7682333588600159,16.985355377197266,47.97047424316406
258,1,1,1.0,0.8,0.5,10.994235038757324,15.159222543239594,40.234947204589844,80.86675262451172
258,1,1,1.0,0.8,1.0,8.495792388916016,11.999966323375702,50.336273193359375,119.77288818359375
258,1,1,1.0,0.8,2.0,5.735983848571777,8.447143256664276,41.854488372802734,121.35710906982422
258,1,1,1.2,0.2,0.5,0.0,0.0,22.646484375,33.3039665222168
258,1,1,1.2,0.2,1.0,0.0,0.0,18.710716247558594,35.81894302368164
258,1,1,1.2,0.2,2.0,0.0,0.0,17.265779495239258,44.86305236816406
258,1,1,1.2,0.5,0.5,4.224457263946533,5.745475471019745,43.368438720703125,78.86724090576172
258,1,1,1.2,0.5,1.0,3.5117440223693848,5.141974210739136,35.498558044433594,85.3951644897461
258,1,1,1.2,0.5,2.0,2.9428799152374268,4.315524220466614,38.475433349609375,106.0683364868164
258,1,1,1.2,0.8,0.5,11.261322021484375,13.459040760993958,102.02052307128906,181.4137725830078
258,1,1,1.2,0.8,1.0,8.820210456848145,11.694951891899109,103.47084045410156,210.2152862548828
258,1,1,1.2,0.8,2.0,6.10018253326416,8.585683524608612,86.04613494873047,205.5852813720703
258,1,2,0.8,0.2,0.5,6.366905689239502,9.346481919288635,5.189005374908447,7.468198299407959
258,1,2,0.8,0.2,1.0,0.0,0.0,6.38681697845459,11.902395248413086
258,1,2,0.8,0.2,2.0,0.0,0.0,6.185686111450195,14.74522590637207
258,1,2,0.8,0.5,0.5,1.8209189176559448,2.914383351802826,7.488409996032715,13.10927677154541
258,1,2,0.8,0.5,1.0,0.9595945477485657,0.9548736810684204,10.838258743286133,26.99761962890625
258,1,2,0.8,0.5,2.0,0.9523484110832214,0.9052742719650269,12.017167091369629,33.86946487426758
258,1,2,0.8,0.8,0.5,6.649037837982178,9.23523062467575,13.733351707458496,28.115455627441406
258,1,2,0.8,0.8,1.0,4.413695812225342,6.7761510014534,17.99822425842285,47.087989807128906
258,1,2,0.8,0.8,2.0,4.809217929840088,7.537243604660034,20.46002960205078,63.195770263671875
258,1,2,1.0,0.2,0.5,0.8085086941719055,1.015819489955902,9.78024673461914,16.99684715270996
258,1,2,1.0,0.2,1.0,0.0,0.0,10.2858247756958,21.786483764648438
258,1,2,1.0,0.2,2.0,0.0,0.0,7.738455772399902,18.579456329345703
258,1,2,1.0,0.5,0.5,5.552494525909424,7.6656306982040405,21.073776245117188,39.18159866333008
258,1,2,1.0,0.5,1.0,2.8890578746795654,4.150401592254639,18.7631893157959,46.692867279052734
258,1,2,1.0,0.5,2.0,2.6918845176696777,3.910155177116394,22.35996437072754,63.783294677734375
258,1,2,1.0,0.8,0.5,10.823497772216797,14.896788954734802,48.33534622192383,95.85965728759766
258,1,2,1.0,0.8,1.0,8.152276992797852,11.9303640127182,51.531829833984375,125.73866271972656
258,1,2,1.0,0.8,2.0,5.7134599685668945,8.339421212673187,52.49903869628906,143.3348846435547
258,1,2,1.2,0.2,0.5,0.0,0.0,26.979602813720703,45.43962860107422
258,1,2,1.2,0.2,1.0,0.0,0.0,21.170930862426758,42.27278518676758
258,1,2,1.2,0.2,2.0,0.0,0.0,15.021133422851562,42.27412414550781
258,1,2,1.2,0.5,0.5,3.882556676864624,4.526775360107422,64.1768798828125,117.74590301513672
258,1,2,1.2,0.5,1.0,4.11038064956665,5.617707014083862,47.24203872680664,109.00074768066406
258,1,2,1.2,0.5,2.0,2.7560794353485107,3.814408838748932,36.12831497192383,100.41011047363281
258,1,2,1.2,0.8,0.5,10.558341026306152,12.349831640720367,116.76979064941406,197.23974609375
258,1,2,1.2,0.8,1.0,8.211700439453125,11.059945285320282,101.63815307617188,204.30783081054688
258,1,2,1.2,0.8,2.0,6.116057872772217,8.655236005783081,77.482666015625,190.97743225097656
258,1,3,0.8,0.2,0.5,5.417624473571777,9.339165449142456,5.598124027252197,8.410445213317871
258,1,3,0.8,0.2,1.0,0.32753199338912964,0.32978957891464233,6.214334487915039,11.352261543273926
258,1,3,0.8,0.2,2.0,0.05041611194610596,0.05162328481674194,6.055250644683838,13.5211763381958
258,1,3,0.8,0.5,0.5,1.7122135162353516,1.8275720477104187,5.883811950683594,9.821609497070312
258,1,3,0.8,0.5,1.0,0.8967267870903015,1.0293747782707214,8.039915084838867,18.321842193603516
258,1,3,0.8,0.5,2.0,0.7009406089782715,0.6147192716598511,13.272324562072754,37.6439208984375
258,1,3,0.8,0.8,0.5,10.407137870788574,15.939171731472015,17.018566131591797,36.1439323425293
258,1,3,0.8,0.8,1.0,7.6623125076293945,11.909298598766327,20.929161071777344,54.528106689453125
258,1,3,0.8,0.8,2.0,5.579931735992432,8.616574883460999,24.630369186401367,76.55276489257812
258,1,3,1.0,0.2,0.5,1.6260957717895508,1.893764615058899,8.733829498291016,13.97657299041748
258,1,3,1.0,0.2,1.0,0.0,0.0,11.767097473144531,24.934629440307617
258,1,3,1.0,0.2,2.0,0.0,0.0,10.390308380126953,26.457801818847656
258,1,3,1.0,0.5,0.5,6.07887601852417,8.994483232498169,21.500469207763672,41.796573638916016
258,1,3,1.0,0.5,1.0,4.25723934173584,6.559872984886169,24.411813735961914,59.8227653503418
258,1,3,1.0,0.5,2.0,3.2195873260498047,4.51039731502533,23.23287582397461,66.58597564697266
258,1,3,1.0,0.8,0.5,11.598978042602539,17.010167241096497,31.541748046875,65.57394409179688
258,1,3,1.0,0.8,1.0,8.40883731842041,12.365428388118744,45.517250061035156,108.07259368896484
258,1,3,1.0,0.8,2.0,5.648502349853516,8.333660423755646,42.59321212768555,121.61849212646484
258,1,3,1.2,0.2,0.5,0.0,0.0,29.586458206176758,48.923892974853516
258,1,3,1.2,0.2,1.0,0.0,0.0,16.179407119750977,33.44777297973633
258,1,3,1.2,0.2,2.0,0.0,0.0,12.91555118560791,34.43595886230469
258,1,3,1.2,0.5,0.5,3.738708734512329,4.501150965690613,57.8084602355957,108.12589263916016
258,1,3,1.2,0.5,1.0,3.8507394790649414,4.817827641963959,59.703392028808594,124.33505249023438
258,1,3,1.2,0.5,2.0,2.9246089458465576,4.287094950675964,33.339717864990234,92.19270324707031
258,1,3,1.2,0.8,0.5,11.305538177490234,13.78608512878418,105.19588470458984,188.31727600097656
258,1,3,1.2,0.8,1.0,7.669038772583008,10.80913782119751,95.63732147216797,201.53433227539062
258,1,3,1.2,0.8,2.0,5.795894622802734,8.179651975631714,76.92021179199219,193.11956787109375
258,1,4,0.8,0.2,0.5,6.350972652435303,6.436981797218323,5.3265886306762695,7.959463119506836
258,1,4,0.8,0.2,1.0,0.09293800592422485,0.09273970127105713,6.5959954261779785,13.229477882385254
258,1,4,0.8,0.2,2.0,0.0,0.0,5.304880619049072,12.79064655303955
258,1,4,0.8,0.5,0.5,2.868091106414795,3.966706335544586,7.5825629234313965,13.398834228515625
258,1,4,0.8,0.5,1.0,0.9398654103279114,1.6819973587989807,12.188098907470703,29.41537094116211
258,1,4,0.8,0.5,2.0,0.0,0.0,12.4691162109375,36.18522644042969
258,1,4,0.8,0.8,0.5,7.310969352722168,9.315239787101746,12.975682258605957,26.775436401367188
258,1,4,0.8,0.8,1.0,7.651531219482422,11.796147465705872,19.696624755859375,49.77501678466797
258,1,4,0.8,0.8,2.0,5.551638603210449,8.519329965114594,24.165620803833008,74.4256820678711
258,1,4,1.0,0.2,0.5,1.451343059539795,2.5133957862854004,8.167929649353027,13.186807632446289
258,1,4,1.0,0.2,1.0,0.0,0.0,10.502619743347168,21.347736358642578
258,1,4,1.0,0.2,2.0,0.0,0.0,10.54061222076416,26.773303985595703
258,1,4,1.0,0.5,0.5,5.7830939292907715,9.0549955368042,17.23473358154297,32.6035041809082
258,1,4,1.0,0.5,1.0,3.940143346786499,5.687688589096069,20.10657501220703,49.22855758666992
258,1,4,1.0,0.5,2.0,1.3422675132751465,1.3013359308242798,19.515277862548828,58.65231704711914
258,1,4,1.0,0.8,0.5,11.205205917358398,15.964258790016174,40.492916107177734,81.83102416992188
258,1,4,1.0,0.8,1.0,8.870943069458008,13.137012243270874,41.854827880859375,102.76740264892578
258,1,4,1.0,0.8,2.0,5.522765159606934,8.162403643131256,44.825592041015625,124.16767120361328
258,1,4,1.2,0.2,0.5,0.0,0.0,23.743024826049805,35.05084991455078
258,1,4,1.2,0.2,1.0,0.0,0.0,24.11594009399414,48.381866455078125
258,1,4,1.2,0.2,2.0,0.0,0.0,16.989320755004883,42.719451904296875
258,1,4,1.2,0.5,0.5,3.2096314430236816,3.9730842113494873,40.75379943847656,89.37318420410156
258,1,4,1.2,0.5,1.0,3.823118209838867,5.091417670249939,44.71645736694336,98.53591918945312
258,1,4,1.2,0.5,2.0,2.9339795112609863,4.3275869488716125,36.06324768066406,105.13607025146484
258,1,4,1.2,0.8,0.5,11.463630676269531,13.405894100666046,105.34552764892578,188.24806213378906
258,1,4,1.2,0.8,1.0,8.40071964263916,11.31379246711731,98.56515502929688,204.89454650878906
258,1,4,1.2,0.8,2.0,6.022388935089111,8.644819796085358,65.49928283691406,166.51455688476562
259,1,0,0.8,0.2,0.5,3.294877052307129,5.448252558708191,5.092597007751465,7.666543006896973
259,1,0,0.8,0.2,1.0,0.4199524521827698,0.40354275703430176,6.1821064949035645,12.638729095458984
259,1,0,0.8,0.2,2.0,0.0,0.0,5.975253582000732,14.177756309509277
259,1,0,0.8,0.5,0.5,2.850790023803711,3.4948986172676086,8.137520790100098,14.405827522277832
259,1,0,0.8,0.5,1.0,0.7633436322212219,0.7292129397392273,11.686773300170898,27.013935089111328
259,1,0,0.8,0.5,2.0,0.0,0.0,10.637734413146973,31.774690628051758
259,1,0,0.8,0.8,0.5,10.380472183227539,15.67084515094757,17.738981246948242,36.97011184692383
259,1,0,0.8,0.8,1.0,7.8788557052612305,12.266331315040588,24.35877799987793,63.933170318603516
259,1,0,0.8,0.8,2.0,3.7622532844543457,4.404544532299042,21.213708877563477,67.39165496826172
259,1,0,1.0,0.2,0.5,2.555202007293701,4.151404917240143,11.581690788269043,19.90991973876953
259,1,0,1.0,0.2,1.0,0.0,0.0,9.30389404296875,20.686975479125977
259,1,0,1.0,0.2,2.0,0.0,0.0,9.067564964294434,22.848785400390625
259,1,0,1.0,0.5,0.5,6.061404705047607,9.313031613826752,20.329286575317383,38.87958526611328
259,1,0,1.0,0.5,1.0,3.3041043281555176,5.338083863258362,19.424341201782227,47.63346862792969
259,1,0,1.0,0.5,2.0,1.6115697622299194,2.1595749855041504,20.936420440673828,62.54982376098633
259,1,0,1.0,0.8,0.5,11.383471488952637,15.602082788944244,45.7928581237793,94.91664123535156
259,1,0,1.0,0.8,1.0,8.202618598937988,11.63505470752716,58.05024337768555,136.17208862304688
259,1,0,1.0,0.8,2.0,5.335219860076904,7.835943937301636,43.18596649169922,125.2455825805664
259,1,0,1.2,0.2,0.5,0.0,0.0,33.687015533447266,44.9256477355957
259,1,0,1.2,0.2,1.0,0.0,0.0,20.896915435791016,39.89516830444336
259,1,0,1.2,0.2,2.0,0.0,0.0,14.53287410736084,38.126705169677734
259,1,0,1.2,0.5,0.5,3.062055826187134,3.270785927772522,60.863983154296875,112.80313110351562
259,1,0,1.2,0.5,1.0,3.116992235183716,4.437892913818359,50.3122673034668,113.65876007080078
259,1,0,1.2,0.5,2.0,2.8572068214416504,4.1585588455200195,44.800140380859375,121.48738861083984
259,1,0,1.2,0.8,0.5,11.062732696533203,12.147599756717682,124.91820526123047,211.90614318847656
259,1,0,1.2,0.8,1.0,8.041186332702637,11.562946081161499,93.3342056274414,192.9088897705078
259,1,0,1.2,0.8,2.0,5.778435707092285,7.775384724140167,81.75691986083984,197.88525390625
259,1,1,0.8,0.2,0.5,3.383923053741455,5.400771260261536,5.494521141052246,8.609991073608398
259,1,1,0.8,0.2,1.0,0.23665189743041992,0.30187904834747314,6.496966361999512,13.090580940246582
259,1,1,0.8,0.2,2.0,0.0,0.0,6.782014846801758,16.106658935546875
259,1,1,0.8,0.5,0.5,1.8476784229278564,2.6780893802642822,9.614542007446289,17.844694137573242
259,1,1,0.8,0.5,1.0,1.051297664642334,1.0565409064292908,10.826312065124512,25.85967445373535
259,1,1,0.8,0.5,2.0,0.0,0.0,12.812353134155273,38.1192512512207
259,1,1,0.8,0.8,0.5,5.752816200256348,7.47540545463562,14.469563484191895,28.873138427734375
259,1,1,0.8,0.8,1.0,8.247625350952148,12.628999769687653,22.207847595214844,58.44842529296875
259,1,1,0.8,0.8,2.0,5.543561935424805,8.626210987567902,20.9965763092041,64.16506958007812
259,1,1,1.0,0.2,0.5,3.0099923610687256,4.837419271469116,10.41944408416748,17.335346221923828
259,1,1,1.0,0.2,1.0,0.0,0.0,10.319476127624512,21.762073516845703
259,1,1,1.0,0.2,2.0,0.0,0.0,9.58112621307373,26.083263397216797
259,1,1,1.0,0.5,0.5,5.806363582611084,8.811513602733612,19.89658546447754,38.766815185546875
259,1,1,1.0,0.5,1.0,3.5675182342529297,5.779615938663483,20.086532592773438,51.238468170166016
259,1,1,1.0,0.5,2.0,2.768763542175293,3.9531856179237366,25.055477142333984,74.02055358886719
259,1,1,1.0,0.8,0.5,10.928130149841309,15.401622414588928,40.37796401977539,82.23560333251953
259,1,1,1.0,0.8,1.0,8.339937210083008,11.855332970619202,52.391929626464844,123.44396209716797
259,1,1,1.0,0.8,2.0,5.803991794586182,8.704445838928223,41.684295654296875,118.66120147705078
259,1,1,1.2,0.2,0.5,0.0,0.0,29.65887451171875,45.653846740722656
259,1,1,1.2,0.2,1.0,0.0,0.0,24.292320251464844,50.703399658203125
259,1,1,1.2,0.2,2.0,0.0,0.0,17.965579986572266,49.21953201293945
259,1,1,1.2,0.5,0.5,4.293040752410889,5.624654471874237,40.84869384765625,80.6153793334961
259,1,1,1.2,0.5,1.0,3.4419288635253906,4.668066084384918,61.06602478027344,128.93634033203125
259,1,1,1.2,0.5,2.0,2.785163402557373,3.927566707134247,37.9879150390625,104.11900329589844
259,1,1,1.2,0.8,0.5,10.851679801940918,12.627338588237762,106.48295593261719,192.9554443359375
259,1,1,1.2,0.8,1.0,8.284662246704102,11.023835718631744,98.31562042236328,202.82241821289062
259,1,1,1.2,0.8,2.0,6.028281211853027,8.386521220207214,81.91964721679688,197.0533447265625
259,1,2,0.8,0.2,0.5,5.348596572875977,7.004610955715179,4.718655586242676,7.208257675170898
259,1,2,0.8,0.2,1.0,0.007877469062805176,0.08176785707473755,5.692570686340332,10.927700996398926
259,1,2,0.8,0.2,2.0,0.0,0.0,5.7926506996154785,14.282305717468262
259,1,2,0.8,0.5,0.5,2.003450632095337,1.8582735061645508,8.167774200439453,14.1183443069458
259,1,2,0.8,0.5,1.0,0.3880741596221924,0.4526481032371521,11.505852699279785,28.645994186401367
259,1,2,0.8,0.5,2.0,0.7930678129196167,0.7804093360900879,11.596238136291504,34.37864303588867
259,1,2,0.8,0.8,0.5,7.546885967254639,11.074781954288483,16.752843856811523,36.68168258666992
259,1,2,0.8,0.8,1.0,7.725184440612793,12.16655683517456,22.824617385864258,59.00518035888672
259,1,2,0.8,0.8,2.0,5.688562393188477,8.954900681972504,24.669492721557617,75.15637969970703
259,1,2,1.0,0.2,0.5,0.23499083518981934,0.2318519949913025,9.87237548828125,16.140106201171875
259,1,2,1.0,0.2,1.0,0.0,0.0,10.836825370788574,23.953969955444336
259,1,2,1.0,0.2,2.0,0.0,0.0,9.89584732055664,24.59464454650879
259,1,2,1.0,0.5,0.5,5.460502624511719,7.787914335727692,21.10341453552246,42.02433395385742
259,1,2,1.0,0.5,1.0,3.9585442543029785,6.022717833518982,21.777830123901367,54.14898681640625
259,1,2,1.0,0.5,2.0,0.9323444962501526,0.9300726056098938,19.326326370239258,56.727386474609375
259,1,2,1.0,0.8,0.5,11.501502990722656,16.445911049842834,39.099830627441406,82.20800018310547
259,1,2,1.0,0.8,1.0,8.103429794311523,12.089661359786987,41.08559036254883,100.64034271240234
259,1,2,1.0,0.8,2.0,5.839682579040527,8.451101243495941,47.70917510986328,134.1299285888672
259,1,2,1.2,0.2,0.5,0.0,0.0,34.2177619934082,51.206748962402344
259,1,2,1.2,0.2,1.0,0.0,0.0,15.827489852905273,32.52239227294922
259,1,2,1.2,0.2,2.0,0.0,0.0,16.955293655395508,48.609169006347656
259,1,2,1.2,0.5,0.5,3.446202516555786,4.221005141735077,55.50016784667969,91.2103042602539
259,1,2,1.2,0.5,1.0,3.6204075813293457,5.183919548988342,37.31243133544922,86.09320831298828
259,1,2,1.2,0.5,2.0,3.109520435333252,4.6215415596961975,36.92647171020508,103.20293426513672
259,1,2,1.2,0.8,0.5,10.56637954711914,12.86364459991455,113.48280334472656,198.17552185058594
259,1,2,1.2,0.8,1.0,8.131145477294922,11.005027413368225,93.1727523803711,191.919921875
259,1,2,1.2,0.8,2.0,6.057615280151367,8.400878608226776,86.80440521240234,208.24893188476562
259,1,3,0.8,0.2,0.5,6.039560317993164,8.224944591522217,4.8491291999816895,6.887352466583252
259,1,3,0.8,0.2,1.0,0.3108248710632324,0.6348957419395447,6.215266227722168,11.74384593963623
259,1,3,0.8,0.2,2.0,0.0,0.0,6.295582294464111,14.819587707519531
259,1,3,0.8,0.5,0.5,1.6510562896728516,1.6449386477470398,9.139020919799805,17.276121139526367
259,1,3,0.8,0.5,1.0,1.532657504081726,1.5674570202827454,11.938907623291016,27.646495819091797
259,1,3,0.8,0.5,2.0,0.5233473777770996,0.40699613094329834,11.700350761413574,34.19829177856445
259,1,3,0.8,0.8,0.5,4.000355243682861,6.316664099693298,14.228435516357422,28.986434936523438
259,1,3,0.8,0.8,1.0,4.765008926391602,4.451495170593262,16.363847732543945,41.17859649658203
259,1,3,0.8,0.8,2.0,5.206028938293457,8.150752246379852,26.991641998291016,80.22370147705078
259,1,3,1.0,0.2,0.5,1.4165618419647217,1.8483576774597168,9.117155075073242,14.843791961669922
259,1,3,1.0,0.2,1.0,0.0,0.0,8.592488288879395,18.733905792236328
259,1,3,1.0,0.2,2.0,0.0,0.0,10.657037734985352,26.56559944152832
259,1,3,1.0,0.5,0.5,6.225178241729736,8.963910281658173,21.509553909301758,42.386329650878906
259,1,3,1.0,0.5,1.0,0.9808876514434814,1.8812586665153503,18.081979751586914,44.8734016418457
259,1,3,1.0,0.5,2.0,0.0,0.0,18.075897216796875,55.02943801879883
259,1,3,1.0,0.8,0.5,11.115944862365723,15.41850632429123,44.80577087402344,90.5775146484375
259,1,3,1.0,0.8,1.0,8.021109580993652,11.221471786499023,49.16078567504883,119.06746673583984
259,1,3,1.0,0.8,2.0,5.315040588378906,7.8702810406684875,47.33000946044922,132.0556640625
259,1,3,1.2,0.2,0.5,0.0,0.0,25.917003631591797,40.23082733154297
259,1,3,1.2,0.2,1.0,0.0,0.0,20.781761169433594,41.934234619140625
259,1,3,1.2,0.2,2.0,0.0,0.0,16.11923599243164,40.79974365234375
259,1,3,1.2,0.5,0.5,3.137796640396118,3.410947561264038,66.91081237792969,119.71971893310547
259,1,3,1.2,0.5,1.0,3.5592727661132812,4.8348957896232605,51.912567138671875,114.13996124267578
259,1,3,1.2,0.5,2.0,2.7428386211395264,3.870694577693939,39.833282470703125,109.94532775878906
259,1,3,1.2,0.8,0.5,11.452860832214355,13.339676260948181,109.04515075683594,192.89224243164062
259,1,3,1.2,0.8,1.0,8.62234115600586,11.325414538383484,111.8087387084961,216.21517944335938
259,1,3,1.2,0.8,2.0,5.6911139488220215,7.97507780790329,71.84221649169922,184.50950622558594
259,1,4,0.8,0.2,0.5,3.040679931640625,5.066680133342743,5.5495195388793945,8.421680450439453
259,1,4,0.8,0.2,1.0,0.6268043518066406,1.0133241415023804,6.470015525817871,12.39793872833252
259,1,4,0.8,0.2,2.0,0.0,0.0,6.9594573974609375,16.24222183227539
259,1,4,0.8,0.5,0.5,0.9964621663093567,1.4858644604682922,8.556303024291992,15.129668235778809
259,1,4,0.8,0.5,1.0,0.0,0.0,11.109662055969238,26.427648544311523
259,1,4,0.8,0.5,2.0,0.0,0.0,11.967635154724121,36.73905563354492
259,1,4,0.8,0.8,0.5,5.137225151062012,6.492162764072418,13.434019088745117,27.566335678100586
259,1,4,0.8,0.8,1.0,2.936128854751587,3.3844960927963257,16.177854537963867,42.187320709228516
259,1,4,0.8,0.8,2.0,5.583630561828613,8.42094361782074,25.051069259643555,75.85987854003906
259,1,4,1.0,0.2,0.5,1.2231316566467285,1.7670691013336182,10.457948684692383,16.978363037109375
259,1,4,1.0,0.2,1.0,0.0,0.0,10.796846389770508,23.602371215820312
259,1,4,1.0,0.2,2.0,0.0,0.0,9.535225868225098,24.61794090270996
259,1,4,1.0,0.5,0.5,5.857269763946533,8.829607903957367,19.132474899291992,37.697574615478516
259,1,4,1.0,0.5,1.0,4.052537441253662,6.307126104831696,22.18299674987793,51.348506927490234
259,1,4,1.0,0.5,2.0,2.2798867225646973,3.2887531518936157,21.97053337097168,63.75264358520508
259,1,4,1.0,0.8,0.5,11.626754760742188,17.47686678171158,18.86272430419922,38.78410720825195
259,1,4,1.0,0.8,1.0,8.317495346069336,12.59408986568451,39.135318756103516,100.16670227050781
259,1,4,1.0,0.8,2.0,5.81174373626709,8.827728033065796,46.70964813232422,129.1556396484375
259,1,4,1.2,0.2,0.5,0.0,0.0,31.254220962524414,46.66094207763672
259,1,4,1.2,0.2,1.0,0.0,0.0,22.14034080505371,46.272132873535156
259,1,4,1.2,0.2,2.0,0.0,0.0,16.857248306274414,42.639949798583984
259,1,4,1.2,0.5,0.5,3.3630361557006836,3.7314377427101135,60.06398391723633,87.13558959960938
259,1,4,1.2,0.5,1.0,3.3167152404785156,4.76666647195816,57.1408576965332,118.62657165527344
259,1,4,1.2,0.5,2.0,2.81282114982605,4.0494977831840515,40.644287109375,110.62544250488281
259,1,4,1.2,0.8,0.5,10.069238662719727,12.35541296005249,103.20416259765625,183.50189208984375
259,1,4,1.2,0.8,1.0,8.045127868652344,10.80628526210785,100.17945861816406,201.8178253173828
259,1,4,1.2,0.8,2.0,5.642719268798828,7.913636207580566,76.14850616455078,186.69859313964844
260,1,0,0.8,0.2,0.5,3.660857677459717,6.370718419551849,5.384352207183838,8.154925346374512
260,1,0,0.8,0.2,1.0,0.19429069757461548,0.2943539619445801,6.194243907928467,11.985611915588379
260,1,0,0.8,0.2,2.0,0.0,0.0,6.353747844696045,15.01308536529541
260,1,0,0.8,0.5,0.5,3.46509051322937,4.151689112186432,8.716064453125,15.777997970581055
260,1,0,0.8,0.5,1.0,1.6016098260879517,1.8703801035881042,10.892096519470215,24.465213775634766
260,1,0,0.8,0.5,2.0,0.0,0.0,12.296117782592773,37.0034294128418
260,1,0,0.8,0.8,0.5,6.9219560623168945,10.152076065540314,13.451147079467773,27.138565063476562
260,1,0,0.8,0.8,1.0,4.649778366088867,7.235366523265839,17.585601806640625,46.29093551635742
260,1,0,0.8,0.8,2.0,5.19227933883667,8.269343316555023,23.672561645507812,71.9924545288086
260,1,0,1.0,0.2,0.5,3.9364967346191406,7.3484779596328735,10.83462905883789,17.265640258789062
260,1,0,1.0,0.2,1.0,0.0,0.0,10.514568328857422,22.687232971191406
260,1,0,1.0,0.2,2.0,0.0,0.0,11.142446517944336,28.810714721679688
260,1,0,1.0,0.5,0.5,5.426309585571289,7.652316093444824,21.612329483032227,41.77545166015625
260,1,0,1.0,0.5,1.0,3.4384865760803223,4.888506770133972,22.17888832092285,52.59498596191406
260,1,0,1.0,0.5,2.0,0.36861497163772583,0.29098641872406006,19.86637306213379,61.43671798706055
260,1,0,1.0,0.8,0.5,11.97085952758789,17.361806511878967,29.553186416625977,59.67379379272461
260,1,0,1.0,0.8,1.0,8.168816566467285,12.367712676525116,47.37301254272461,112.466064453125
260,1,0,1.0,0.8,2.0,5.920566082000732,8.657894432544708,45.40857696533203,130.79278564453125
260,1,0,1.2,0.2,0.5,0.0,0.0,31.830224990844727,52.0795783996582
260,1,0,1.2,0.2,1.0,0.0,0.0,23.69080924987793,49.82893371582031
260,1,0,1.2,0.2,2.0,0.0,0.0,15.367520332336426,39.860721588134766
260,1,0,1.2,0.5,0.5,3.543074607849121,4.060868203639984,64.48538970947266,117.00359344482422
260,1,0,1.2,0.5,1.0,3.784688949584961,5.380485415458679,44.63127899169922,100.51602935791016
260,1,0,1.2,0.5,2.0,2.6832215785980225,3.726259171962738,40.96198272705078,110.27767944335938
260,1,0,1.2,0.8,0.5,10.408255577087402,12.038792073726654,114.72867584228516,200.13880920410156
260,1,0,1.2,0.8,1.0,8.568424224853516,11.319195747375488,103.61061096191406,205.05935668945312
260,1,0,1.2,0.8,2.0,6.054186820983887,8.37734454870224,88.50169372558594,209.2205810546875
260,1,1,0.8,0.2,0.5,6.588967323303223,9.837036907672882,5.043820858001709,7.399102687835693
260,1,1,0.8,0.2,1.0,0.3151809573173523,0.3876974582672119,6.639962673187256,12.95609188079834
260,1,1,0.8,0.2,2.0,0.08950453996658325,0.08540642261505127,6.026464939117432,14.230196952819824
260,1,1,0.8,0.5,0.5,2.1921422481536865,2.4267504811286926,7.699345588684082,13.395323753356934
260,1,1,0.8,0.5,1.0,0.9375451803207397,1.229446291923523,10.517903327941895,25.238954544067383
260,1,1,0.8,0.5,2.0,0.0,0.0,11.187684059143066,31.6462345123291
260,1,1,0.8,0.8,0.5,8.507091522216797,10.931674778461456,15.563572883605957,32.0443115234375
260,1,1,0.8,0.8,1.0,7.6673994064331055,12.350802838802338,22.498268127441406,58.935611724853516
260,1,1,0.8,0.8,2.0,5.585827827453613,8.689679086208344,22.230913162231445,69.81046295166016
260,1,1,1.0,0.2,0.5,3.33728289604187,6.322952926158905,10.994643211364746,17.943321228027344
260,1,1,1.0,0.2,1.0,0.0,0.0,11.082300186157227,22.199281692504883
260,1,1,1.0,0.2,2.0,0.0,0.0,11.321276664733887,28.01797866821289
260,1,1,1.0,0.5,0.5,6.6901445388793945,10.294653594493866,17.034555435180664,32.46250534057617
260,1,1,1.0,0.5,1.0,3.7669425010681152,5.561738431453705,21.198850631713867,53.10518264770508
260,1,1,1.0,0.5,2.0,2.9875969886779785,3.9172648191452026,21.63786506652832,61.912899017333984
260,1,1,1.0,0.8,0.5,11.733451843261719,15.996569097042084,38.824127197265625,80.76042938232422
260,1,1,1.0,0.8,1.0,7.950740814208984,11.938654363155365,47.43379211425781,114.7977294921875
260,1,1,1.0,0.8,2.0,5.4728546142578125,7.944290399551392,47.1595458984375,132.1521759033203
260,1,1,1.2,0.2,0.5,0.0,0.0,33.12373352050781,16.201963424682617
260,1,1,1.2,0.2,1.0,0.0,0.0,21.386857986450195,42.65508270263672
260,1,1,1.2,0.2,2.0,0.0,0.0,18.718664169311523,49.37200164794922
260,1,1,1.2,0.5,0.5,4.468976020812988,5.646112382411957,53.589698791503906,97.59741973876953
260,1,1,1.2,0.5,1.0,4.091681480407715,5.735032379627228,42.95417022705078,99.41692352294922
260,1,1,1.2,0.5,2.0,2.831178903579712,4.1382293701171875,38.40529251098633,105.57976531982422
260,1,1,1.2,0.8,0.5,12.270695686340332,14.836352109909058,85.46054077148438,155.60812377929688
260,1,1,1.2,0.8,1.0,8.194549560546875,11.35826325416565,83.2844009399414,178.19125366210938
260,1,1,1.2,0.8,2.0,5.756339073181152,8.008342981338501,88.72335815429688,209.74339294433594
260,1,2,0.8,0.2,0.5,6.49500036239624,10.621700704097748,4.997814655303955,7.7329230308532715
260,1,2,0.8,0.2,1.0,0.26119935512542725,0.7155535817146301,6.1782755851745605,12.393689155578613
260,1,2,0.8,0.2,2.0,0.0,0.0,6.484325408935547,16.3959903717041
260,1,2,0.8,0.5,0.5,2.0553879737854004,2.975051462650299,8.665872573852539,15.724127769470215
260,1,2,0.8,0.5,1.0,0.7392517328262329,0.774274468421936,11.728548049926758,27.57225799560547
260,1,2,0.8,0.5,2.0,0.7330805659294128,0.6148968935012817,12.012822151184082,36.564109802246094
260,1,2,0.8,0.8,0.5,6.2746686935424805,7.770446598529816,12.081947326660156,24.138322830200195
260,1,2,0.8,0.8,1.0,7.562623977661133,11.93017441034317,21.039642333984375,54.028526306152344
260,1,2,0.8,0.8,2.0,5.654644966125488,8.536462128162384,21.9111385345459,69.0802001953125
260,1,2,1.0,0.2,0.5,1.0319610834121704,1.1234872341156006,8.165637969970703,13.097942352294922
260,1,2,1.0,0.2,1.0,0.0,0.0,10.549700736999512,23.1179141998291
260,1,2,1.0,0.2,2.0,0.0,0.0,9.925803184509277,24.255136489868164
260,1,2,1.0,0.5,0.5,5.431244850158691,8.808907687664032,16.68294334411621,32.38481521606445
260,1,2,1.0,0.5,1.0,3.966216564178467,5.90177458524704,26.322797775268555,63.87034225463867
260,1,2,1.0,0.5,2.0,0.9041212201118469,1.0914846658706665,19.822612762451172,61.356502532958984
260,1,2,1.0,0.8,0.5,11.876668930053711,16.826632738113403,36.93716812133789,75.14498901367188
260,1,2,1.0,0.8,1.0,8.075126647949219,11.748199343681335,49.41455078125,117.59042358398438
260,1,2,1.0,0.8,2.0,5.783840179443359,8.731460750102997,48.38795852661133,136.21080017089844
260,1,2,1.2,0.2,0.5,0.0,0.0,27.097471237182617,52.92326354980469
260,1,2,1.2,0.2,1.0,0.0,0.0,21.887069702148438,42.603023529052734
260,1,2,1.2,0.2,2.0,0.0,0.0,16.27126693725586,42.95845031738281
260,1,2,1.2,0.5,0.5,4.733930587768555,6.492578208446503,36.06343460083008,68.259765625
260,1,2,1.2,0.5,1.0,3.992584705352783,5.477862536907196,49.50787353515625,109.927490234375
260,1,2,1.2,0.5,2.0,2.6884522438049316,3.688409984111786,46.03010559082031,122.87952423095703
260,1,2,1.2,0.8,0.5,11.18570613861084,13.483564615249634,103.49605560302734,184.92709350585938
260,1,2,1.2,0.8,1.0,7.948083400726318,10.897648692131042,88.28900909423828,189.98678588867188
260,1,2,1.2,0.8,2.0,5.524471282958984,7.882859289646149,71.79122161865234,181.85504150390625
260,1,3,0.8,0.2,0.5,4.070289611816406,4.825551867485046,4.686148643493652,6.729989051818848
260,1,3,0.8,0.2,1.0,0.0,0.0,6.280941963195801,12.370523452758789
260,1,3,0.8,0.2,2.0,0.0,0.023345470428466797,6.731729030609131,15.829309463500977
260,1,3,0.8,0.5,0.5,2.5153627395629883,3.380752682685852,7.633795261383057,13.76540470123291
260,1,3,0.8,0.5,1.0,0.9764097929000854,1.488387405872345,11.342694282531738,27.677051544189453
260,1,3,0.8,0.5,2.0,0.6979727149009705,0.08596938848495483,10.458719253540039,31.024011611938477
260,1,3,0.8,0.8,0.5,4.7102789878845215,6.93050491809845,14.894874572753906,31.601665496826172
260,1,3,0.8,0.8,1.0,8.189409255981445,12.680189728736877,22.185928344726562,56.884952545166016
260,1,3,0.8,0.8,2.0,5.637793064117432,8.40355008840561,20.948450088500977,64.79415893554688
260,1,3,1.0,0.2,0.5,4.116081714630127,5.664354920387268,6.363367080688477,9.955061912536621
260,1,3,1.0,0.2,1.0,0.0,0.0,11.126605987548828,21.59514617919922
260,1,3,1.0,0.2,2.0,0.0,0.0,11.115165710449219,29.77845001220703
260,1,3,1.0,0.5,0.5,3.3113324642181396,3.653283417224884,14.146529197692871,26.15641212463379
260,1,3,1.0,0.5,1.0,4.735708236694336,6.731403887271881,23.303363800048828,54.78111267089844
260,1,3,1.0,0.5,2.0,2.608551502227783,3.7653642296791077,21.99262237548828,64.47643280029297
260,1,3,1.0,0.8,0.5,11.989931106567383,17.07694900035858,36.55048751831055,76.50386810302734
260,1,3,1.0,0.8,1.0,7.9496355056762695,11.49566113948822,54.98988342285156,129.00704956054688
260,1,3,1.0,0.8,2.0,5.639530181884766,8.121756315231323,40.962158203125,120.12006378173828
260,1,3,1.2,0.2,0.5,0.0,0.0,29.824535369873047,45.02718734741211
260,1,3,1.2,0.2,1.0,0.0,0.0,18.511571884155273,35.734886169433594
260,1,3,1.2,0.2,2.0,0.0,0.0,17.350072860717773,44.26534652709961
260,1,3,1.2,0.5,0.5,4.0398640632629395,5.811204195022583,43.756046295166016,84.25897979736328
260,1,3,1.2,0.5,1.0,3.638960123062134,4.738760411739349,51.73259735107422,118.08382415771484
260,1,3,1.2,0.5,2.0,2.4007294178009033,3.3507696986198425,40.5845832824707,108.47871398925781
260,1,3,1.2,0.8,0.5,9.657621383666992,11.032802104949951,117.5095443725586,204.5048065185547
260,1,3,1.2,0.8,1.0,8.832901000976562,11.833602547645569,102.56757354736328,209.25119018554688
260,1,3,1.2,0.8,2.0,6.2179131507873535,9.094368755817413,83.27320098876953,196.65487670898438
260,1,4,0.8,0.2,0.5,4.478042125701904,6.812506198883057,4.9472432136535645,7.304018020629883
260,1,4,0.8,0.2,1.0,0.20447403192520142,0.37284475564956665,5.960879325866699,11.753753662109375
260,1,4,0.8,0.2,2.0,0.0,0.0,6.228067398071289,14.941984176635742
260,1,4,0.8,0.5,0.5,2.549639940261841,3.5201618671417236,7.177080154418945,12.421541213989258
260,1,4,0.8,0.5,1.0,0.7617250680923462,0.8046245574951172,9.643036842346191,22.458364486694336
260,1,4,0.8,0.5,2.0,0.7455787062644958,0.7602084279060364,11.646199226379395,32.9799919128418
260,1,4,0.8,0.8,0.5,4.026289939880371,5.561943054199219,12.228854179382324,24.28168296813965
260,1,4,0.8,0.8,1.0,7.570009231567383,11.452489852905273,20.08811378479004,51.68162155151367
260,1,4,0.8,0.8,2.0,5.687023162841797,8.465766668319702,26.084980010986328,78.52332305908203
260,1,4,1.0,0.2,0.5,3.6501965522766113,5.524661064147949,10.00188159942627,15.717788696289062
260,1,4,1.0,0.2,1.0,0.0,0.0,11.132644653320312,22.813304901123047
260,1,4,1.0,0.2,2.0,0.0,0.0,10.791520118713379,27.68233299255371
260,1,4,1.0,0.5,0.5,5.650203704833984,8.694931447505951,21.353504180908203,42.71208190917969
260,1,4,1.0,0.5,1.0,3.36283540725708,4.6413063406944275,20.396224975585938,51.58549880981445
260,1,4,1.0,0.5,2.0,2.8330488204956055,4.285303771495819,24.37085723876953,66.95779418945312
260,1,4,1.0,0.8,0.5,12.368429183959961,16.676530241966248,50.42750549316406,100.67874145507812
260,1,4,1.0,0.8,1.0,8.468974113464355,12.66067761182785,48.04923629760742,115.7245864868164
260,1,4,1.0,0.8,2.0,6.11821174621582,8.897710919380188,44.41912841796875,125.21913146972656
260,1,4,1.2,0.2,0.5,0.0,0.0,25.92603302001953,47.69622039794922
260,1,4,1.2,0.2,1.0,0.0,0.0,26.175582885742188,52.83143615722656
260,1,4,1.2,0.2,2.0,0.0,0.0,16.05988121032715,44.04844284057617
260,1,4,1.2,0.5,0.5,3.5156984329223633,3.882363259792328,72.81759643554688,124.50105285644531
260,1,4,1.2,0.5,1.0,3.971723794937134,5.235362529754639,55.91658020019531,120.72834777832031
260,1,4,1.2,0.5,2.0,3.111886978149414,4.584503173828125,40.121665954589844,107.42640686035156
260,1,4,1.2,0.8,0.5,11.225378036499023,13.805429220199585,99.53047943115234,179.93701171875
260,1,4,1.2,0.8,1.0,8.098407745361328,10.988893628120422,101.24484252929688,206.40016174316406
260,1,4,1.2,0.8,2.0,5.726821422576904,8.20579993724823,77.8598861694336,192.25094604492188
261,1,0,0.8,0.2,0.5,3.5432302951812744,5.860580384731293,5.462705612182617,8.038633346557617
261,1,0,0.8,0.2,1.0,0.31321245431900024,0.3214549422264099,5.912829875946045,11.038968086242676
261,1,0,0.8,0.2,2.0,0.0,0.0,6.891101837158203,16.576526641845703
261,1,0,0.8,0.5,0.5,2.6322951316833496,3.7654945254325867,7.444403171539307,12.915301322937012
261,1,0,0.8,0.5,1.0,0.12022668123245239,0.6978107690811157,12.649316787719727,29.047399520874023
261,1,0,0.8,0.5,2.0,0.2922278046607971,0.5388814210891724,10.950432777404785,31.666996002197266
261,1,0,0.8,0.8,0.5,4.807669639587402,7.300651907920837,14.441864013671875,29.326858520507812
261,1,0,0.8,0.8,1.0,4.689722537994385,7.115767657756805,17.632898330688477,47.222267150878906
261,1,0,0.8,0.8,2.0,5.786642074584961,8.596983909606934,24.717958450317383,77.01828002929688
261,1,0,1.0,0.2,0.5,3.7935104370117188,4.6323437094688416,7.541616439819336,12.412330627441406
261,1,0,1.0,0.2,1.0,0.0,0.0,8.904169082641602,20.19756507873535
261,1,0,1.0,0.2,2.0,0.0,0.0,9.787609100341797,27.983591079711914
261,1,0,1.0,0.5,0.5,4.4887213706970215,7.017290949821472,15.924419403076172,29.991376876831055
261,1,0,1.0,0.5,1.0,4.179123401641846,5.958312273025513,25.602209091186523,62.45436477661133
261,1,0,1.0,0.5,2.0,2.2779340744018555,3.4645758271217346,21.748485565185547,63.01594161987305
261,1,0,1.0,0.8,0.5,11.854007720947266,16.087921738624573,50.76177215576172,104.57232666015625
261,1,0,1.0,0.8,1.0,8.075983047485352,12.14236307144165,41.26324462890625,104.8823471069336
261,1,0,1.0,0.8,2.0,5.763670444488525,8.386675953865051,40.59489822387695,118.45620727539062
261,1,0,1.2,0.2,0.5,0.0,0.0,22.05681610107422,33.495086669921875
261,1,0,1.2,0.2,1.0,0.0,0.0,23.77350425720215,47.68946838378906
261,1,0,1.2,0.2,2.0,0.0,0.0,15.462343215942383,38.856075286865234
261,1,0,1.2,0.5,0.5,3.027827739715576,3.4009891748428345,63.24904251098633,116.94960021972656
261,1,0,1.2,0.5,1.0,3.595517873764038,5.294131755828857,45.8607292175293,103.7206039428711
261,1,0,1.2,0.5,2.0,2.9973068237304688,4.310974597930908,41.681732177734375,110.99748229980469
261,1,0,1.2,0.8,0.5,10.488019943237305,12.35104125738144,105.76378631591797,185.05332946777344
261,1,0,1.2,0.8,1.0,8.895936012268066,12.178272664546967,91.15643310546875,189.0256805419922
261,1,0,1.2,0.8,2.0,5.620201110839844,8.309311628341675,81.81455993652344,198.04554748535156
261,1,1,0.8,0.2,0.5,3.881391763687134,5.956437289714813,4.954929828643799,7.319418430328369
261,1,1,0.8,0.2,1.0,0.7119971513748169,0.8158031702041626,5.914462089538574,11.328119277954102
261,1,1,0.8,0.2,2.0,0.0,0.0,5.954648494720459,14.318070411682129
261,1,1,0.8,0.5,0.5,2.0719480514526367,2.3024502992630005,9.246952056884766,16.715364456176758
261,1,1,0.8,0.5,1.0,0.9761022329330444,1.658713936805725,11.988992691040039,28.26235580444336
261,1,1,0.8,0.5,2.0,0.0,0.0,11.721671104431152,34.553550720214844
261,1,1,0.8,0.8,0.5,5.445706367492676,6.342897057533264,11.323580741882324,22.462894439697266
261,1,1,0.8,0.8,1.0,7.263547420501709,11.407177984714508,19.507596969604492,51.25952911376953
261,1,1,0.8,0.8,2.0,5.342310428619385,8.47538149356842,23.748300552368164,73.89370727539062
261,1,1,1.0,0.2,0.5,1.0591151714324951,1.0999769568443298,9.968482971191406,17.448556900024414
261,1,1,1.0,0.2,1.0,0.0,0.0,10.197541236877441,22.17275619506836
261,1,1,1.0,0.2,2.0,0.0,0.0,10.131110191345215,25.910215377807617
261,1,1,1.0,0.5,0.5,6.481871128082275,9.696930766105652,17.414661407470703,33.82396697998047
261,1,1,1.0,0.5,1.0,1.7080563306808472,2.242148518562317,17.771684646606445,42.59614562988281
261,1,1,1.0,0.5,2.0,2.3166685104370117,3.7155330777168274,23.92347526550293,68.8298110961914
261,1,1,1.0,0.8,0.5,10.91045093536377,15.394933521747589,47.25382614135742,93.3033676147461
261,1,1,1.0,0.8,1.0,7.954225540161133,11.573886930942535,48.310699462890625,116.25553894042969
261,1,1,1.0,0.8,2.0,5.676027297973633,8.51472920179367,43.85976028442383,123.97439575195312
261,1,1,1.2,0.2,0.5,0.0,0.0,33.02643585205078,55.55015563964844
261,1,1,1.2,0.2,1.0,0.0,0.0,23.40894889831543,50.2714958190918
261,1,1,1.2,0.2,2.0,0.0,0.0,14.785558700561523,38.44523620605469
261,1,1,1.2,0.5,0.5,3.2965967655181885,3.767217516899109,55.245216369628906,104.89960479736328
261,1,1,1.2,0.5,1.0,3.4503016471862793,4.8474186062812805,47.50226593017578,107.9225845336914
261,1,1,1.2,0.5,2.0,2.755155563354492,4.055398523807526,43.23877716064453,116.54305267333984
261,1,1,1.2,0.8,0.5,10.498120307922363,16.72486639022827,88.7457046508789,152.611572265625
261,1,1,1.2,0.8,1.0,8.05399227142334,10.658521711826324,103.01246643066406,210.81143188476562
261,1,1,1.2,0.8,2.0,5.759325981140137,7.744044125080109,81.51102447509766,197.66909790039062
261,1,2,0.8,0.2,0.5,5.935128211975098,7.011558651924133,4.605242729187012,6.409097671508789
261,1,2,0.8,0.2,1.0,0.0,0.0,6.528906345367432,12.869288444519043
261,1,2,0.8,0.2,2.0,0.0,0.0,6.47268533706665,15.101808547973633
261,1,2,0.8,0.5,0.5,2.4112207889556885,3.1723836064338684,7.785392761230469,13.848052024841309
261,1,2,0.8,0.5,1.0,0.8604356050491333,0.9261884689331055,10.041441917419434,23.82044219970703
261,1,2,0.8,0.5,2.0,0.5440258383750916,0.596400260925293,11.406133651733398,33.395835876464844
261,1,2,0.8,0.8,0.5,6.371575832366943,9.0988090634346,12.792766571044922,25.80084991455078
261,1,2,0.8,0.8,1.0,7.814654350280762,12.487359404563904,19.302860260009766,50.0488395690918
261,1,2,0.8,0.8,2.0,5.714723587036133,8.950402975082397,23.2541446685791,71.16877746582031
261,1,2,1.0,0.2,0.5,5.991910457611084,7.879018664360046,8.083745002746582,13.291247367858887
261,1,2,1.0,0.2,1.0,0.0,0.0,10.223732948303223,21.022438049316406
261,1,2,1.0,0.2,2.0,0.0,0.0,10.56445026397705,27.717327117919922
261,1,2,1.0,0.5,0.5,5.7315216064453125,8.209783136844635,16.936771392822266,32.15851974487305
261,1,2,1.0,0.5,1.0,4.238435745239258,5.96412867307663,23.115032196044922,54.48844528198242
261,1,2,1.0,0.5,2.0,2.4460105895996094,3.6773367524147034,23.835643768310547,70.69178771972656
261,1,2,1.0,0.8,0.5,11.632083892822266,16.09856152534485,47.734886169433594,96.15306091308594
261,1,2,1.0,0.8,1.0,7.823453426361084,11.541599154472351,47.990089416503906,117.72053527832031
261,1,2,1.0,0.8,2.0,5.68381404876709,8.351744651794434,45.53155517578125,122.77487182617188
261,1,2,1.2,0.2,0.5,0.0,0.0,25.95330047607422,44.5178108215332
261,1,2,1.2,0.2,1.0,0.10662758350372314,0.11027061939239502,26.54639434814453,53.86884307861328
261,1,2,1.2,0.2,2.0,0.0,0.0,17.96293830871582,49.47494125366211
261,1,2,1.2,0.5,0.5,3.507816791534424,4.36207515001297,52.99297332763672,94.87812805175781
261,1,2,1.2,0.5,1.0,3.7662839889526367,5.433828175067902,42.2144889831543,94.441650390625
261,1,2,1.2,0.5,2.0,2.8597536087036133,3.903764843940735,41.510154724121094,111.12865447998047
261,1,2,1.2,0.8,0.5,10.581196784973145,12.137432515621185,110.66812896728516,198.644775390625
261,1,2,1.2,0.8,1.0,8.486474990844727,11.299817264080048,89.65690612792969,189.22911071777344
261,1,2,1.2,0.8,2.0,5.727910995483398,8.191528022289276,66.23055267333984,169.82855224609375
261,1,3,0.8,0.2,0.5,3.826972484588623,5.692001461982727,4.386939525604248,6.59616231918335
261,1,3,0.8,0.2,1.0,0.11509925127029419,0.2483624815940857,5.801415920257568,11.573051452636719
261,1,3,0.8,0.2,2.0,0.0,0.0,7.012195110321045,16.4246826171875
261,1,3,0.8,0.5,0.5,2.1087090969085693,2.707993507385254,7.999409198760986,13.867435455322266
261,1,3,0.8,0.5,1.0,0.4305320382118225,0.8266216516494751,10.346454620361328,22.88961410522461
261,1,3,0.8,0.5,2.0,0.8871616721153259,0.885578453540802,12.992504119873047,37.99422073364258
261,1,3,0.8,0.8,0.5,6.369823455810547,8.434180557727814,14.392844200134277,28.767541885375977
261,1,3,0.8,0.8,1.0,5.433776378631592,7.745848894119263,17.665979385375977,46.65515899658203
261,1,3,0.8,0.8,2.0,4.762030601501465,7.4010120034217834,20.69221305847168,65.78631591796875
261,1,3,1.0,0.2,0.5,3.458883047103882,4.355366349220276,6.795916557312012,10.794447898864746
261,1,3,1.0,0.2,1.0,0.07901692390441895,0.06335490942001343,10.46846866607666,20.39468002319336
261,1,3,1.0,0.2,2.0,0.0,0.0,9.344597816467285,23.931011199951172
261,1,3,1.0,0.5,0.5,1.534777045249939,1.5189772844314575,14.207533836364746,27.777301788330078
261,1,3,1.0,0.5,1.0,4.527166366577148,6.952775418758392,21.257408142089844,51.22803497314453
261,1,3,1.0,0.5,2.0,1.9269742965698242,2.625370979309082,23.000694274902344,69.26850891113281
261,1,3,1.0,0.8,0.5,11.297420501708984,15.902346134185791,47.31307601928711,94.53473663330078
261,1,3,1.0,0.8,1.0,8.068624496459961,11.569195330142975,36.24638748168945,92.28353118896484
261,1,3,1.0,0.8,2.0,5.682679176330566,8.495172798633575,43.53669738769531,125.13460540771484
261,1,3,1.2,0.2,0.5,0.050381362438201904,0.05096679925918579,19.117542266845703,31.177392959594727
261,1,3,1.2,0.2,1.0,0.0,0.0,22.224124908447266,45.13039779663086
261,1,3,1.2,0.2,2.0,0.0,0.0,16.818187713623047,43.51321029663086
261,1,3,1.2,0.5,0.5,4.044002056121826,5.2254820466041565,50.676918029785156,92.46578979492188
261,1,3,1.2,0.5,1.0,3.3300461769104004,4.654947817325592,46.67866516113281,104.4681167602539
261,1,3,1.2,0.5,2.0,2.829843282699585,3.9024298191070557,38.4996452331543,105.77226257324219
261,1,3,1.2,0.8,0.5,10.319808959960938,12.27160918712616,105.18600463867188,186.27630615234375
261,1,3,1.2,0.8,1.0,7.781235218048096,10.424709260463715,93.58251953125,195.84457397460938
261,1,3,1.2,0.8,2.0,6.002368450164795,8.610594153404236,84.6259994506836,198.69688415527344
261,1,4,0.8,0.2,0.5,5.398721218109131,7.3781298995018005,5.329543590545654,8.021590232849121
261,1,4,0.8,0.2,1.0,0.7672891020774841,0.7535648345947266,5.803924083709717,11.522148132324219
261,1,4,0.8,0.2,2.0,0.0,0.0,5.887120723724365,14.33008098602295
261,1,4,0.8,0.5,0.5,2.2045469284057617,2.870537281036377,8.391417503356934,14.766345024108887
261,1,4,0.8,0.5,1.0,1.3605499267578125,1.202066421508789,10.690680503845215,25.85529327392578
261,1,4,0.8,0.5,2.0,1.2377901077270508,0.9223940372467041,11.427088737487793,30.775962829589844
261,1,4,0.8,0.8,0.5,3.991917133331299,7.181955933570862,15.136877059936523,32.160621643066406
261,1,4,0.8,0.8,1.0,1.9907805919647217,3.702901601791382,14.379947662353516,36.84117126464844
261,1,4,0.8,0.8,2.0,5.154597282409668,8.374963223934174,21.280628204345703,65.74629974365234
261,1,4,1.0,0.2,0.5,3.417454242706299,5.016694784164429,9.561811447143555,14.804109573364258
261,1,4,1.0,0.2,1.0,0.0,0.0,9.065204620361328,18.05695343017578
261,1,4,1.0,0.2,2.0,0.0,0.0,10.484716415405273,26.003204345703125
261,1,4,1.0,0.5,0.5,5.768617153167725,8.970189571380615,16.904369354248047,32.349124908447266
261,1,4,1.0,0.5,1.0,3.8997128009796143,5.47170627117157,22.23692512512207,54.18669891357422
261,1,4,1.0,0.5,2.0,2.9623866081237793,4.321507513523102,23.767423629760742,70.55055236816406
261,1,4,1.0,0.8,0.5,11.58176326751709,16.940504133701324,30.5089111328125,62.793949127197266
261,1,4,1.0,0.8,1.0,8.351181030273438,12.463136374950409,37.21049880981445,92.63088989257812
261,1,4,1.0,0.8,2.0,5.877053260803223,9.218674778938293,30.420682907104492,91.44071197509766
261,1,4,1.2,0.2,0.5,0.0,0.0,24.79589080810547,38.596588134765625
261,1,4,1.2,0.2,1.0,0.0,0.0,26.21202278137207,52.04060363769531
261,1,4,1.2,0.2,2.0,0.0,0.0,15.475170135498047,41.2433967590332
261,1,4,1.2,0.5,0.5,3.0854177474975586,3.7310932874679565,58.85243225097656,105.90640258789062
261,1,4,1.2,0.5,1.0,3.3770861625671387,4.934225618839264,45.57489013671875,103.12559509277344
261,1,4,1.2,0.5,2.0,2.4360756874084473,3.579637110233307,40.55329132080078,113.37808990478516
261,1,4,1.2,0.8,0.5,10.168768882751465,11.727928638458252,117.75780487060547,202.44625854492188
261,1,4,1.2,0.8,1.0,8.586084365844727,11.594009101390839,99.24015808105469,201.60467529296875
261,1,4,1.2,0.8,2.0,6.393511772155762,8.893160998821259,81.6584243774414,198.8291015625
262,1,0,0.8,0.2,0.5,3.609018087387085,4.83393394947052,4.863940715789795,7.475230693817139
262,1,0,0.8,0.2,1.0,0.46533769369125366,0.7571367025375366,5.5350117683410645,10.408775329589844
262,1,0,0.8,0.2,2.0,0.0,0.0,6.439888000488281,15.335647583007812
262,1,0,0.8,0.5,0.5,1.904624104499817,2.769657254219055,7.92459774017334,14.40834903717041
262,1,0,0.8,0.5,1.0,1.1711220741271973,1.8765426278114319,9.764459609985352,23.345849990844727
262,1,0,0.8,0.5,2.0,0.8778316378593445,0.8261754512786865,13.015179634094238,36.78939437866211
262,1,0,0.8,0.8,0.5,5.451930046081543,6.504121482372284,14.809610366821289,30.491466522216797
262,1,0,0.8,0.8,1.0,7.642874240875244,12.219539761543274,20.30438995361328,52.004547119140625
262,1,0,0.8,0.8,2.0,5.48576021194458,8.552358150482178,21.74034881591797,66.20481872558594
262,1,0,1.0,0.2,0.5,2.9217050075531006,4.769883036613464,11.088833808898926,17.68972396850586
262,1,0,1.0,0.2,1.0,0.0,0.0,10.515217781066895,22.472251892089844
262,1,0,1.0,0.2,2.0,0.0,0.0,9.461017608642578,24.657424926757812
262,1,0,1.0,0.5,0.5,5.860687255859375,7.843835473060608,22.613718032836914,43.329891204833984
262,1,0,1.0,0.5,1.0,3.9788074493408203,5.938376188278198,20.444475173950195,50.00419616699219
262,1,0,1.0,0.5,2.0,2.5522847175598145,3.7321025133132935,22.57819938659668,68.01397705078125
262,1,0,1.0,0.8,0.5,11.592424392700195,16.821827232837677,43.576438903808594,88.00059509277344
262,1,0,1.0,0.8,1.0,8.235624313354492,12.563445091247559,50.80933380126953,120.24092102050781
262,1,0,1.0,0.8,2.0,5.776701927185059,8.745625019073486,45.84976577758789,129.59994506835938
262,1,0,1.2,0.2,0.5,0.0,0.0,33.26881790161133,51.08429718017578
262,1,0,1.2,0.2,1.0,0.0,0.0,20.039426803588867,39.08909225463867
262,1,0,1.2,0.2,2.0,0.0,0.0,16.490554809570312,46.14328384399414
262,1,0,1.2,0.5,0.5,3.197716474533081,4.093221545219421,65.80005645751953,118.5809326171875
262,1,0,1.2,0.5,1.0,4.380342960357666,5.807036638259888,50.82062530517578,116.093505859375
262,1,0,1.2,0.5,2.0,2.688944101333618,4.048093199729919,38.5226936340332,101.92361450195312
262,1,0,1.2,0.8,0.5,11.797178268432617,14.24402505159378,87.9229965209961,158.0439910888672
262,1,0,1.2,0.8,1.0,7.922143936157227,10.838882446289062,98.89408111572266,202.87850952148438
262,1,0,1.2,0.8,2.0,5.996702671051025,8.729352116584778,77.48377227783203,190.83270263671875
262,1,1,0.8,0.2,0.5,3.899075746536255,6.212513446807861,5.164636135101318,8.182804107666016
262,1,1,0.8,0.2,1.0,0.05788666009902954,0.04617530107498169,6.148139476776123,12.652241706848145
262,1,1,0.8,0.2,2.0,0.0,0.0,5.990577697753906,14.367541313171387
262,1,1,0.8,0.5,0.5,3.2992639541625977,5.061374843120575,7.537111759185791,12.90238094329834
262,1,1,0.8,0.5,1.0,0.0,0.0,10.629387855529785,25.637710571289062
262,1,1,0.8,0.5,2.0,0.9075937271118164,0.9075555205345154,11.699762344360352,34.153343200683594
262,1,1,0.8,0.8,0.5,6.833100318908691,10.01543390750885,14.883546829223633,30.26624298095703
262,1,1,0.8,0.8,1.0,7.478978157043457,11.758326470851898,19.900346755981445,50.419944763183594
262,1,1,0.8,0.8,2.0,4.940362453460693,7.904500842094421,20.226572036743164,63.81621170043945
262,1,1,1.0,0.2,0.5,3.185898542404175,6.315185904502869,7.082268714904785,11.065603256225586
262,1,1,1.0,0.2,1.0,0.014401793479919434,0.016718149185180664,10.330726623535156,22.202425003051758
262,1,1,1.0,0.2,2.0,0.0,0.0,10.804952621459961,26.912809371948242
262,1,1,1.0,0.5,0.5,5.992944717407227,8.468579828739166,16.6184139251709,33.414146423339844
262,1,1,1.0,0.5,1.0,3.9346559047698975,6.270474672317505,21.348047256469727,53.71806716918945
262,1,1,1.0,0.5,2.0,2.085627317428589,3.068694770336151,22.72896957397461,66.17190551757812
262,1,1,1.0,0.8,0.5,11.036752700805664,15.337886333465576,39.020225524902344,81.55196380615234
262,1,1,1.0,0.8,1.0,8.55257797241211,12.381386041641235,47.18927001953125,111.81385803222656
262,1,1,1.0,0.8,2.0,5.96549129486084,8.848216474056244,36.72591018676758,107.48173522949219
262,1,1,1.2,0.2,0.5,0.0,0.0,21.099044799804688,33.874244689941406
262,1,1,1.2,0.2,1.0,0.0,0.0,21.88948631286621,44.54392623901367
262,1,1,1.2,0.2,2.0,0.0,0.0,15.626551628112793,41.64424514770508
262,1,1,1.2,0.5,0.5,3.2315306663513184,3.9810928106307983,53.84358596801758,89.519775390625
262,1,1,1.2,0.5,1.0,3.5712649822235107,5.009530305862427,52.700748443603516,114.19068908691406
262,1,1,1.2,0.5,2.0,2.6094233989715576,3.652414560317993,42.636741638183594,113.02247619628906
262,1,1,1.2,0.8,0.5,12.382810592651367,13.690122365951538,113.73666381835938,193.73033142089844
262,1,1,1.2,0.8,1.0,8.526082038879395,11.658028066158295,83.02246856689453,180.19960021972656
262,1,1,1.2,0.8,2.0,5.469180583953857,7.8199522495269775,84.30792999267578,203.05882263183594
262,1,2,0.8,0.2,0.5,5.709934234619141,7.30064469575882,4.686002254486084,7.079918384552002
262,1,2,0.8,0.2,1.0,0.0,0.0,6.459173679351807,12.989214897155762
262,1,2,0.8,0.2,2.0,0.0,0.0,6.072373867034912,14.790900230407715
262,1,2,0.8,0.5,0.5,3.239609718322754,4.771407604217529,7.757042407989502,14.102250099182129
262,1,2,0.8,0.5,1.0,1.0209357738494873,1.834464192390442,9.245993614196777,21.237621307373047
262,1,2,0.8,0.5,2.0,0.0,0.0,11.533488273620605,33.80351638793945
262,1,2,0.8,0.8,0.5,10.900202751159668,16.46543163061142,17.56904411315918,36.63710021972656
262,1,2,0.8,0.8,1.0,7.703609466552734,12.2347953915596,21.920759201049805,57.56853103637695
262,1,2,0.8,0.8,2.0,5.517585754394531,8.453554093837738,26.870729446411133,83.78749084472656
262,1,2,1.0,0.2,0.5,3.082179546356201,4.272978901863098,9.863115310668945,15.980496406555176
262,1,2,1.0,0.2,1.0,0.0,0.0,9.65933895111084,21.690420150756836
262,1,2,1.0,0.2,2.0,0.0,0.0,9.695852279663086,25.463403701782227
262,1,2,1.0,0.5,0.5,6.166679382324219,8.525976419448853,20.674083709716797,40.56573486328125
262,1,2,1.0,0.5,1.0,3.8565378189086914,5.773942530155182,24.10184097290039,58.06873321533203
262,1,2,1.0,0.5,2.0,2.2132935523986816,3.2564167380332947,21.36924171447754,64.00311279296875
262,1,2,1.0,0.8,0.5,12.106040000915527,17.358691334724426,30.2032470703125,63.30302047729492
262,1,2,1.0,0.8,1.0,8.00013256072998,12.42240697145462,46.8460578918457,113.53466033935547
262,1,2,1.0,0.8,2.0,5.665931224822998,8.624232828617096,44.65943145751953,129.1698760986328
262,1,2,1.2,0.2,0.5,0.0,0.0,27.332841873168945,45.30060577392578
262,1,2,1.2,0.2,1.0,0.0,0.0,20.20717430114746,38.08354949951172
262,1,2,1.2,0.2,2.0,0.0,0.0,17.37962532043457,45.35612106323242
262,1,2,1.2,0.5,0.5,3.7726588249206543,4.685222685337067,56.518245697021484,98.39408111572266
262,1,2,1.2,0.5,1.0,3.7481555938720703,5.806656897068024,33.54146957397461,81.48300170898438
262,1,2,1.2,0.5,2.0,3.030771493911743,4.440461099147797,37.04176330566406,107.99171447753906
262,1,2,1.2,0.8,0.5,11.774372100830078,13.620298027992249,104.78121948242188,185.25921630859375
262,1,2,1.2,0.8,1.0,7.911317825317383,10.501334369182587,103.99922943115234,211.7596893310547
262,1,2,1.2,0.8,2.0,5.828322410583496,8.08785992860794,85.59076690673828,205.85427856445312
262,1,3,0.8,0.2,0.5,6.0446624755859375,6.815393805503845,4.8222198486328125,7.308499813079834
262,1,3,0.8,0.2,1.0,0.7629527449607849,1.0032727718353271,5.043763637542725,10.18093490600586
262,1,3,0.8,0.2,2.0,0.0,0.0,6.710217475891113,16.712129592895508
262,1,3,0.8,0.5,0.5,2.398837089538574,3.461043655872345,7.5797343254089355,13.324661254882812
262,1,3,0.8,0.5,1.0,1.0400922298431396,1.0619597434997559,10.582560539245605,24.71809959411621
262,1,3,0.8,0.5,2.0,0.8737272024154663,0.8798875212669373,11.883675575256348,34.639888763427734
262,1,3,0.8,0.8,0.5,6.202752113342285,9.178101181983948,16.183544158935547,33.40131378173828
262,1,3,0.8,0.8,1.0,4.755740165710449,7.922048985958099,17.8947811126709,46.8650016784668
262,1,3,0.8,0.8,2.0,4.651475429534912,7.513410925865173,21.569778442382812,68.5870132446289
262,1,3,1.0,0.2,0.5,3.227717876434326,4.4585976004600525,9.680466651916504,15.862956047058105
262,1,3,1.0,0.2,1.0,0.0,0.0,10.258996963500977,20.53251838684082
262,1,3,1.0,0.2,2.0,0.0,0.0,10.263398170471191,25.08685302734375
262,1,3,1.0,0.5,0.5,6.617490768432617,9.01779294013977,21.30171012878418,40.965877532958984
262,1,3,1.0,0.5,1.0,4.006009578704834,5.888881087303162,20.492420196533203,48.836700439453125
262,1,3,1.0,0.5,2.0,2.6818485260009766,3.9004130959510803,24.11008644104004,72.91429901123047
262,1,3,1.0,0.8,0.5,12.052138328552246,16.540748596191406,43.944786071777344,88.3590087890625
262,1,3,1.0,0.8,1.0,8.149462699890137,11.537192583084106,54.58450698852539,127.7899169921875
262,1,3,1.0,0.8,2.0,6.0232062339782715,8.896953821182251,47.926700592041016,134.51101684570312
262,1,3,1.2,0.2,0.5,0.0,0.0,28.06267738342285,25.65369415283203
262,1,3,1.2,0.2,1.0,0.0,0.0,19.62141990661621,43.304866790771484
262,1,3,1.2,0.2,2.0,0.0,0.0,13.470771789550781,35.101261138916016
262,1,3,1.2,0.5,0.5,3.498983860015869,4.05986762046814,63.08440399169922,105.47882843017578
262,1,3,1.2,0.5,1.0,3.9375689029693604,5.845590710639954,25.96563720703125,61.38588333129883
262,1,3,1.2,0.5,2.0,2.8130829334259033,3.7439039945602417,38.97340393066406,112.51868438720703
262,1,3,1.2,0.8,0.5,10.654311180114746,12.179356276988983,117.2686767578125,204.23983764648438
262,1,3,1.2,0.8,1.0,8.108293533325195,10.551980257034302,102.33214569091797,204.47642517089844
262,1,3,1.2,0.8,2.0,6.050178527832031,8.633047878742218,75.61062622070312,189.6825408935547
262,1,4,0.8,0.2,0.5,2.370173215866089,2.9110909700393677,5.393637180328369,8.445581436157227
262,1,4,0.8,0.2,1.0,0.04969954490661621,0.1543952226638794,5.9255170822143555,11.20903205871582
262,1,4,0.8,0.2,2.0,0.0,0.0,6.571024417877197,15.229164123535156
262,1,4,0.8,0.5,0.5,1.691057801246643,2.0932462215423584,6.930413722991943,12.423050880432129
262,1,4,0.8,0.5,1.0,1.115714430809021,1.0088326334953308,9.524678230285645,21.759048461914062
262,1,4,0.8,0.5,2.0,0.875054121017456,0.8898314833641052,13.396965026855469,38.517852783203125
262,1,4,0.8,0.8,0.5,8.340433120727539,11.562333047389984,15.314102172851562,30.912097930908203
262,1,4,0.8,0.8,1.0,7.912915229797363,12.124595820903778,23.697601318359375,60.68605041503906
262,1,4,0.8,0.8,2.0,4.689915657043457,7.326006591320038,20.749807357788086,65.88884735107422
262,1,4,1.0,0.2,0.5,1.2009696960449219,1.5020142793655396,9.036808013916016,14.734957695007324
262,1,4,1.0,0.2,1.0,0.14980798959732056,0.1631343960762024,7.456562042236328,14.910063743591309
262,1,4,1.0,0.2,2.0,0.0,0.0,9.467085838317871,24.448076248168945
262,1,4,1.0,0.5,0.5,6.374917030334473,9.21869146823883,18.273122787475586,34.81659698486328
262,1,4,1.0,0.5,1.0,4.129504680633545,6.545267283916473,21.108051300048828,52.990814208984375
262,1,4,1.0,0.5,2.0,2.7038581371307373,3.780150294303894,23.740482330322266,69.75984191894531
262,1,4,1.0,0.8,0.5,11.539546966552734,16.877350330352783,28.067380905151367,58.8450813293457
262,1,4,1.0,0.8,1.0,8.157886505126953,12.171402394771576,45.9527587890625,110.64596557617188
262,1,4,1.0,0.8,2.0,5.826043128967285,8.969663262367249,41.1412353515625,117.95719909667969
262,1,4,1.2,0.2,0.5,0.0,0.0,35.10195541381836,61.364166259765625
262,1,4,1.2,0.2,1.0,0.0,0.0,21.055971145629883,39.601261138916016
262,1,4,1.2,0.2,2.0,0.0,0.0,15.006354331970215,39.37110137939453
262,1,4,1.2,0.5,0.5,3.3172123432159424,3.916291117668152,52.84666442871094,93.55230712890625
262,1,4,1.2,0.5,1.0,3.5914502143859863,5.330969393253326,59.170318603515625,128.0418243408203
262,1,4,1.2,0.5,2.0,3.0076000690460205,4.284116983413696,41.204463958740234,112.4359359741211
262,1,4,1.2,0.8,0.5,10.801261901855469,12.12498277425766,113.89198303222656,200.01756286621094
262,1,4,1.2,0.8,1.0,8.32258415222168,11.268147230148315,96.00741577148438,199.24081420898438
262,1,4,1.2,0.8,2.0,5.868255615234375,8.00759744644165,80.36302947998047,199.57626342773438
263,1,0,0.8,0.2,0.5,6.1607346534729,9.390585899353027,4.960521697998047,7.168666362762451
263,1,0,0.8,0.2,1.0,0.3607957363128662,0.3936856985092163,5.320533752441406,9.802985191345215
263,1,0,0.8,0.2,2.0,0.0,0.0,6.677523136138916,16.252113342285156
263,1,0,0.8,0.5,0.5,2.3524296283721924,2.4836142659187317,7.303059101104736,12.949592590332031
263,1,0,0.8,0.5,1.0,0.8950541019439697,0.894427478313446,11.680647850036621,27.19158363342285
263,1,0,0.8,0.5,2.0,0.0,0.0,9.113237380981445,25.65569305419922
263,1,0,0.8,0.8,0.5,6.521961212158203,9.01740300655365,13.706073760986328,27.63529396057129
263,1,0,0.8,0.8,1.0,7.639739036560059,11.654229938983917,21.114879608154297,54.21303176879883
263,1,0,0.8,0.8,2.0,1.4967265129089355,1.0231112837791443,15.739933967590332,47.968719482421875
263,1,0,1.0,0.2,0.5,0.5238935351371765,0.8058524131774902,9.798357009887695,16.32672882080078
263,1,0,1.0,0.2,1.0,0.0,0.0,9.622573852539062,19.86597442626953
263,1,0,1.0,0.2,2.0,0.0,0.0,10.610312461853027,27.896621704101562
263,1,0,1.0,0.5,0.5,6.2168169021606445,9.291043281555176,19.333391189575195,37.287540435791016
263,1,0,1.0,0.5,1.0,0.9610970616340637,1.6852044463157654,13.650503158569336,33.20918273925781
263,1,0,1.0,0.5,2.0,0.9798558354377747,1.591776430606842,20.296268463134766,60.364540100097656
263,1,0,1.0,0.8,0.5,11.142073631286621,15.480050802230835,46.64742660522461,96.23471069335938
263,1,0,1.0,0.8,1.0,8.338998794555664,12.232609272003174,39.3503303527832,97.58704376220703
263,1,0,1.0,0.8,2.0,5.601158142089844,8.4552521109581,47.61735916137695,133.01564025878906
263,1,0,1.2,0.2,0.5,0.0,0.0,22.34128761291504,36.82984161376953
263,1,0,1.2,0.2,1.0,0.0,0.0,19.084815979003906,40.80045700073242
263,1,0,1.2,0.2,2.0,0.0,0.0,11.11121940612793,28.337060928344727
263,1,0,1.2,0.5,0.5,4.3486833572387695,5.36574125289917,50.1695671081543,94.2690658569336
263,1,0,1.2,0.5,1.0,4.029723167419434,5.819913744926453,44.18375778198242,102.17051696777344
263,1,0,1.2,0.5,2.0,2.8395447731018066,4.028319358825684,36.88499450683594,106.67567443847656
263,1,0,1.2,0.8,0.5,11.715508460998535,13.67607182264328,101.55400085449219,183.4817657470703
263,1,0,1.2,0.8,1.0,7.783314228057861,10.203451991081238,105.21906280517578,213.26683044433594
263,1,0,1.2,0.8,2.0,5.583648681640625,7.948189377784729,84.41581726074219,201.72152709960938
263,1,1,0.8,0.2,0.5,3.9995851516723633,5.981976866722107,4.590118885040283,6.7411651611328125
263,1,1,0.8,0.2,1.0,0.0,0.0,6.437620162963867,12.658527374267578
263,1,1,0.8,0.2,2.0,0.11066466569900513,0.12076407670974731,6.657783031463623,16.487159729003906
263,1,1,0.8,0.5,0.5,1.2580828666687012,2.202444553375244,7.9323554039001465,13.920177459716797
263,1,1,0.8,0.5,1.0,1.393172025680542,2.047016680240631,11.35840892791748,27.03689193725586
263,1,1,0.8,0.5,2.0,0.8463113903999329,0.8209344744682312,12.768627166748047,37.99531555175781
263,1,1,0.8,0.8,0.5,8.012932777404785,12.331389725208282,15.540117263793945,32.341854095458984
263,1,1,0.8,0.8,1.0,7.1371870040893555,10.410474717617035,18.84713363647461,47.833927154541016
263,1,1,0.8,0.8,2.0,5.170276641845703,8.015705585479736,24.032203674316406,75.07897186279297
263,1,1,1.0,0.2,0.5,2.044638156890869,2.7391809821128845,9.823342323303223,15.659379005432129
263,1,1,1.0,0.2,1.0,0.0,0.0,9.744912147521973,19.557350158691406
263,1,1,1.0,0.2,2.0,0.0,0.0,11.409316062927246,30.778715133666992
263,1,1,1.0,0.5,0.5,2.276625156402588,2.6342639327049255,12.751510620117188,25.079975128173828
263,1,1,1.0,0.5,1.0,4.502256393432617,6.8262680768966675,22.69779396057129,55.32875442504883
263,1,1,1.0,0.5,2.0,1.9865367412567139,2.3302069902420044,20.331525802612305,60.661598205566406
263,1,1,1.0,0.8,0.5,11.426220893859863,16.94200164079666,38.02500534057617,80.84465789794922
263,1,1,1.0,0.8,1.0,8.256636619567871,12.522444367408752,38.48112869262695,94.93922424316406
263,1,1,1.0,0.8,2.0,5.837099552154541,8.840807259082794,45.34699630737305,126.73856353759766
263,1,1,1.2,0.2,0.5,0.0,0.0,37.14698028564453,63.8233642578125
263,1,1,1.2,0.2,1.0,0.0,0.0,15.542581558227539,34.5495719909668
263,1,1,1.2,0.2,2.0,0.0,0.0,16.521024703979492,42.93153381347656
263,1,1,1.2,0.5,0.5,4.141475677490234,5.1064804792404175,42.35185241699219,80.06270599365234
263,1,1,1.2,0.5,1.0,3.5392165184020996,5.4052905440330505,37.92780685424805,85.64807891845703
263,1,1,1.2,0.5,2.0,3.391937255859375,4.63944286108017,41.0130615234375,111.46672058105469
263,1,1,1.2,0.8,0.5,11.336182594299316,15.36475145816803,67.07398223876953,128.47518920898438
263,1,1,1.2,0.8,1.0,8.593914985656738,11.672325074672699,97.4742660522461,196.04994201660156
263,1,1,1.2,0.8,2.0,6.078762054443359,8.503609359264374,93.17453002929688,215.6645050048828
263,1,2,0.8,0.2,0.5,3.3954718112945557,5.294369757175446,5.008370876312256,7.913751125335693
263,1,2,0.8,0.2,1.0,0.26813602447509766,0.34194839000701904,6.694545745849609,13.475769996643066
263,1,2,0.8,0.2,2.0,0.0,0.0,6.131209850311279,14.904014587402344
263,1,2,0.8,0.5,0.5,3.0094523429870605,4.27971738576889,7.173008918762207,12.494315147399902
263,1,2,0.8,0.5,1.0,0.8731290102005005,0.9026183485984802,10.850591659545898,25.32950210571289
263,1,2,0.8,0.5,2.0,0.9207906723022461,0.9337336421012878,11.435840606689453,32.626468658447266
263,1,2,0.8,0.8,0.5,5.974452018737793,7.665076196193695,14.352582931518555,30.144607543945312
263,1,2,0.8,0.8,1.0,6.7617106437683105,10.647030889987946,18.457843780517578,48.03382110595703
263,1,2,0.8,0.8,2.0,4.574675559997559,7.224065482616425,20.302583694458008,65.72087860107422
263,1,2,1.0,0.2,0.5,1.9095251560211182,3.0500393509864807,7.157254695892334,11.575587272644043
263,1,2,1.0,0.2,1.0,0.0,0.0,11.710735321044922,24.051176071166992
263,1,2,1.0,0.2,2.0,0.0,0.0,10.474637031555176,25.896577835083008
263,1,2,1.0,0.5,0.5,5.976076126098633,9.661781907081604,16.85304069519043,32.41498947143555
263,1,2,1.0,0.5,1.0,3.5539796352386475,5.027499794960022,21.905454635620117,54.73721694946289
263,1,2,1.0,0.5,2.0,1.050636649131775,1.5606966018676758,20.743240356445312,61.14504623413086
263,1,2,1.0,0.8,0.5,12.115565299987793,16.383324325084686,49.054222106933594,99.79708099365234
263,1,2,1.0,0.8,1.0,8.18290901184082,12.08352655172348,42.15742111206055,104.9070053100586
263,1,2,1.0,0.8,2.0,5.657541275024414,8.570864975452423,44.412254333496094,128.3057861328125
263,1,2,1.2,0.2,0.5,0.0,0.0,22.73567008972168,35.64372253417969
263,1,2,1.2,0.2,1.0,0.0,0.0,19.85389518737793,40.58982849121094
263,1,2,1.2,0.2,2.0,0.0,0.0,16.17865562438965,44.52347946166992
263,1,2,1.2,0.5,0.5,3.2689366340637207,4.074688792228699,62.03240203857422,106.54522705078125
263,1,2,1.2,0.5,1.0,3.362692356109619,4.795656859874725,47.30590057373047,104.3927230834961
263,1,2,1.2,0.5,2.0,2.90130615234375,4.029775679111481,45.66050720214844,121.24166107177734
263,1,2,1.2,0.8,0.5,10.001482963562012,11.268959641456604,121.54689025878906,209.67929077148438
263,1,2,1.2,0.8,1.0,8.504446029663086,11.332058727741241,101.31375885009766,205.35543823242188
263,1,2,1.2,0.8,2.0,5.942188262939453,8.29675942659378,69.78130340576172,174.8568572998047
263,1,3,0.8,0.2,0.5,2.77604603767395,4.09459924697876,5.482625484466553,8.685837745666504
263,1,3,0.8,0.2,1.0,1.2201206684112549,1.867138922214508,5.431387901306152,10.132594108581543
263,1,3,0.8,0.2,2.0,0.0,0.0,7.0232253074646,18.124990463256836
263,1,3,0.8,0.5,0.5,2.9561991691589355,3.7748414874076843,7.3744378089904785,12.74803638458252
263,1,3,0.8,0.5,1.0,0.0,0.0,8.509657859802246,20.18875503540039
263,1,3,0.8,0.5,2.0,0.0,0.0,11.147866249084473,32.56541442871094
263,1,3,0.8,0.8,0.5,5.764026165008545,6.570826530456543,14.742256164550781,29.89231300354004
263,1,3,0.8,0.8,1.0,8.192550659179688,12.346451818943024,22.07542610168457,55.877506256103516
263,1,3,0.8,0.8,2.0,3.201392650604248,3.7391468286514282,18.88302993774414,58.219696044921875
263,1,3,1.0,0.2,0.5,1.9760234355926514,2.9713557362556458,9.334797859191895,15.96683120727539
263,1,3,1.0,0.2,1.0,0.0,0.0,11.372559547424316,22.09587860107422
263,1,3,1.0,0.2,2.0,0.0,0.0,9.810200691223145,26.666627883911133
263,1,3,1.0,0.5,0.5,5.935312271118164,9.004239737987518,18.753305435180664,36.492584228515625
263,1,3,1.0,0.5,1.0,3.800175428390503,5.65727561712265,20.505416870117188,50.61640167236328
263,1,3,1.0,0.5,2.0,2.2998108863830566,3.4558002948760986,22.61297035217285,67.94600677490234
263,1,3,1.0,0.8,0.5,11.754563331604004,15.987239599227905,42.130916595458984,85.86063385009766
263,1,3,1.0,0.8,1.0,8.603086471557617,12.489835858345032,47.18346405029297,115.31695556640625
263,1,3,1.0,0.8,2.0,6.044431686401367,8.975067496299744,40.658226013183594,119.12629699707031
263,1,3,1.2,0.2,0.5,0.0,0.0,26.772951126098633,49.22309112548828
263,1,3,1.2,0.2,1.0,0.0,0.0,10.10129165649414,22.080215454101562
263,1,3,1.2,0.2,2.0,0.0,0.0,15.870984077453613,43.75373840332031
263,1,3,1.2,0.5,0.5,3.3879776000976562,3.747740149497986,61.228546142578125,115.35210418701172
263,1,3,1.2,0.5,1.0,3.410163640975952,4.595734596252441,43.310638427734375,96.68403625488281
263,1,3,1.2,0.5,2.0,2.749929189682007,3.7884509563446045,40.71623229980469,114.0666732788086
263,1,3,1.2,0.8,0.5,12.279584884643555,14.418178617954254,111.75911712646484,194.5731658935547
263,1,3,1.2,0.8,1.0,8.472539901733398,11.416697561740875,108.17498779296875,211.44801330566406
263,1,3,1.2,0.8,2.0,6.067214012145996,8.593672633171082,90.71497344970703,209.47262573242188
263,1,4,0.8,0.2,0.5,5.098331451416016,6.222226858139038,4.533383846282959,6.940340042114258
263,1,4,0.8,0.2,1.0,0.012072384357452393,0.01848912239074707,6.424191951751709,12.937589645385742
263,1,4,0.8,0.2,2.0,0.0,0.0,6.627112865447998,16.05276870727539
263,1,4,0.8,0.5,0.5,2.7484023571014404,3.999661147594452,6.358325004577637,10.845572471618652
263,1,4,0.8,0.5,1.0,1.4849796295166016,0.4741922616958618,10.862374305725098,26.93264389038086
263,1,4,0.8,0.5,2.0,0.0,0.0,11.856422424316406,32.55522537231445
263,1,4,0.8,0.8,0.5,6.361294746398926,8.98039036989212,14.601217269897461,30.243915557861328
263,1,4,0.8,0.8,1.0,7.563361167907715,11.921993851661682,20.739276885986328,52.54759216308594
263,1,4,0.8,0.8,2.0,5.4182844161987305,8.306203305721283,21.235252380371094,66.71981048583984
263,1,4,1.0,0.2,0.5,3.4733707904815674,5.753758728504181,10.78731918334961,17.382781982421875
263,1,4,1.0,0.2,1.0,0.0,0.0,9.78646183013916,20.69561767578125
263,1,4,1.0,0.2,2.0,0.0,0.0,9.573066711425781,24.17059326171875
263,1,4,1.0,0.5,0.5,5.412604331970215,8.057577192783356,23.19745445251465,46.12078857421875
263,1,4,1.0,0.5,1.0,2.441741704940796,3.7659735679626465,18.46933364868164,45.99580383300781
263,1,4,1.0,0.5,2.0,0.8075734376907349,0.8053717613220215,15.145258903503418,45.492897033691406
263,1,4,1.0,0.8,0.5,10.759411811828613,14.973881602287292,34.338356018066406,70.58326721191406
263,1,4,1.0,0.8,1.0,7.602147102355957,11.648572266101837,46.05850601196289,115.08755493164062
263,1,4,1.0,0.8,2.0,5.623074531555176,8.524182140827179,33.41789245605469,100.66453552246094
263,1,4,1.2,0.2,0.5,0.0,0.0,20.600566864013672,46.82360076904297
263,1,4,1.2,0.2,1.0,0.0,0.0,16.59412384033203,35.42498779296875
263,1,4,1.2,0.2,2.0,0.0,0.0,19.03875160217285,49.367530822753906
263,1,4,1.2,0.5,0.5,4.338364601135254,4.768941283226013,65.06497192382812,114.56592559814453
263,1,4,1.2,0.5,1.0,3.9180445671081543,5.6166287660598755,35.91328048706055,84.5673828125
263,1,4,1.2,0.5,2.0,3.0561180114746094,4.246109426021576,39.86585235595703,111.01161193847656
263,1,4,1.2,0.8,0.5,12.392998695373535,16.755537152290344,43.78227996826172,89.2174301147461
263,1,4,1.2,0.8,1.0,8.390935897827148,11.36713445186615,114.33104705810547,220.42477416992188
263,1,4,1.2,0.8,2.0,6.285473346710205,8.358908295631409,88.22293853759766,208.16644287109375
264,1,0,0.8,0.2,0.5,5.812128067016602,9.756037175655365,5.580960273742676,8.553475379943848
264,1,0,0.8,0.2,1.0,0.9665898680686951,0.7203603386878967,5.715682506561279,12.012882232666016
264,1,0,0.8,0.2,2.0,0.0,0.0,6.591718673706055,15.897481918334961
264,1,0,0.8,0.5,0.5,2.2066099643707275,3.298186480998993,8.127076148986816,14.131728172302246
264,1,0,0.8,0.5,1.0,0.9625457525253296,0.7841853499412537,11.390237808227539,26.952098846435547
264,1,0,0.8,0.5,2.0,0.6595282554626465,1.3845974802970886,11.769686698913574,34.3112678527832
264,1,0,0.8,0.8,0.5,3.637594223022461,4.745152473449707,12.64384937286377,25.946056365966797
264,1,0,0.8,0.8,1.0,7.782825946807861,11.894239842891693,21.953353881835938,58.34623718261719
264,1,0,0.8,0.8,2.0,5.462770462036133,8.444187045097351,23.254589080810547,72.53509521484375
264,1,0,1.0,0.2,0.5,0.017830848693847656,0.02823817729949951,8.710274696350098,14.32177448272705
264,1,0,1.0,0.2,1.0,0.0,0.0,10.825419425964355,22.43039894104004
264,1,0,1.0,0.2,2.0,0.0,0.0,10.066529273986816,25.876846313476562
264,1,0,1.0,0.5,0.5,1.8186242580413818,2.1091763377189636,14.589984893798828,27.335859298706055
264,1,0,1.0,0.5,1.0,3.776237726211548,5.741589307785034,20.104806900024414,47.68240737915039
264,1,0,1.0,0.5,2.0,2.589725971221924,3.8433022499084473,25.52081298828125,79.21243286132812
264,1,0,1.0,0.8,0.5,11.601625442504883,15.493984997272491,42.0536003112793,86.30937194824219
264,1,0,1.0,0.8,1.0,8.394518852233887,12.067642748355865,55.25243377685547,128.27813720703125
264,1,0,1.0,0.8,2.0,5.764027118682861,8.494152307510376,39.768611907958984,113.29216766357422
264,1,0,1.2,0.2,0.5,0.0,0.0,16.24116325378418,27.92536163330078
264,1,0,1.2,0.2,1.0,0.0,0.0,19.646772384643555,40.274009704589844
264,1,0,1.2,0.2,2.0,0.0,0.0,16.913129806518555,44.953495025634766
264,1,0,1.2,0.5,0.5,3.7792255878448486,4.136465132236481,70.09595489501953,125.00275421142578
264,1,0,1.2,0.5,1.0,3.2080326080322266,4.269849538803101,41.30940246582031,96.13467407226562
264,1,0,1.2,0.5,2.0,3.362905979156494,4.71393358707428,40.71472930908203,108.84986114501953
264,1,0,1.2,0.8,0.5,10.095901489257812,11.645841002464294,103.59495544433594,194.28982543945312
264,1,0,1.2,0.8,1.0,7.65989351272583,10.242538571357727,104.50997161865234,212.73756408691406
264,1,0,1.2,0.8,2.0,5.706748008728027,8.007908821105957,82.02494812011719,201.58958435058594
264,1,1,0.8,0.2,0.5,4.912483215332031,6.46093612909317,4.87856912612915,7.285472869873047
264,1,1,0.8,0.2,1.0,0.0,0.022259891033172607,5.662807941436768,10.879231452941895
264,1,1,0.8,0.2,2.0,0.0,0.0,6.473950386047363,17.019912719726562
264,1,1,0.8,0.5,0.5,1.6449098587036133,2.5553406476974487,6.2826247215271,10.476537704467773
264,1,1,0.8,0.5,1.0,0.10002589225769043,0.0,9.172067642211914,21.895315170288086
264,1,1,0.8,0.5,2.0,0.2869749665260315,0.28849053382873535,12.64479923248291,38.705013275146484
264,1,1,0.8,0.8,0.5,11.315038681030273,17.065224409103394,17.093538284301758,35.739891052246094
264,1,1,0.8,0.8,1.0,4.5353827476501465,6.4093097448349,18.049619674682617,46.531551361083984
264,1,1,0.8,0.8,2.0,5.643640518188477,8.782078206539154,24.81877899169922,77.56758117675781
264,1,1,1.0,0.2,0.5,1.6273081302642822,2.359205663204193,8.692079544067383,14.905242919921875
264,1,1,1.0,0.2,1.0,0.0,0.0,8.79406452178955,18.656185150146484
264,1,1,1.0,0.2,2.0,0.0,0.0,10.017051696777344,25.162334442138672
264,1,1,1.0,0.5,0.5,6.71621036529541,10.279299676418304,20.915830612182617,39.30613708496094
264,1,1,1.0,0.5,1.0,1.4566447734832764,1.6675928831100464,16.761009216308594,39.57758712768555
264,1,1,1.0,0.5,2.0,2.3560070991516113,3.275899350643158,22.606548309326172,64.70453643798828
264,1,1,1.0,0.8,0.5,11.617894172668457,16.514773070812225,46.784969329833984,97.0573501586914
264,1,1,1.0,0.8,1.0,8.275856018066406,12.15463775396347,39.143184661865234,96.02545928955078
264,1,1,1.0,0.8,2.0,5.843449592590332,8.8277046084404,27.354440689086914,84.22893524169922
264,1,1,1.2,0.2,0.5,0.0,0.0,28.766807556152344,45.00985336303711
264,1,1,1.2,0.2,1.0,0.0,0.0,21.82273292541504,48.398414611816406
264,1,1,1.2,0.2,2.0,0.0,0.0,18.335350036621094,45.24696731567383
264,1,1,1.2,0.5,0.5,3.880714178085327,4.654959619045258,49.664817810058594,92.00281524658203
264,1,1,1.2,0.5,1.0,4.141034126281738,5.538884341716766,55.955440521240234,119.17942810058594
264,1,1,1.2,0.5,2.0,2.799947500228882,4.044009149074554,43.445735931396484,113.27644348144531
264,1,1,1.2,0.8,0.5,11.275554656982422,13.269396483898163,104.52432250976562,185.96142578125
264,1,1,1.2,0.8,1.0,8.361237525939941,11.392053842544556,97.87373352050781,203.2174835205078
264,1,1,1.2,0.8,2.0,5.723956108093262,8.087702453136444,76.59844207763672,192.15158081054688
264,1,2,0.8,0.2,0.5,4.879059314727783,8.23238480091095,5.133597373962402,8.035703659057617
264,1,2,0.8,0.2,1.0,0.5637791752815247,0.9622268676757812,6.005927085876465,11.052145957946777
264,1,2,0.8,0.2,2.0,0.03105175495147705,0.02812880277633667,5.699652194976807,12.25024127960205
264,1,2,0.8,0.5,0.5,1.9639432430267334,1.9522637724876404,8.605019569396973,15.806974411010742
264,1,2,0.8,0.5,1.0,1.5364758968353271,1.5531516671180725,10.63961410522461,23.72332191467285
264,1,2,0.8,0.5,2.0,0.25781720876693726,0.27914541959762573,12.028042793273926,34.85150909423828
264,1,2,0.8,0.8,0.5,6.076289653778076,7.510253310203552,13.361322402954102,27.404190063476562
264,1,2,0.8,0.8,1.0,7.81765079498291,12.15542870759964,20.04346466064453,51.5107536315918
264,1,2,0.8,0.8,2.0,5.643417835235596,8.429719865322113,24.762195587158203,76.32794952392578
264,1,2,1.0,0.2,0.5,3.8853816986083984,5.409112989902496,9.869046211242676,16.084278106689453
264,1,2,1.0,0.2,1.0,0.0,0.0,8.725192070007324,18.316410064697266
264,1,2,1.0,0.2,2.0,0.0,0.0,8.698412895202637,21.984617233276367
264,1,2,1.0,0.5,0.5,5.18731164932251,8.010288178920746,20.343793869018555,38.42229080200195
264,1,2,1.0,0.5,1.0,2.5239810943603516,2.623883366584778,17.981201171875,44.57320785522461
264,1,2,1.0,0.5,2.0,0.8010767102241516,0.7043226361274719,18.94007682800293,57.06088638305664
264,1,2,1.0,0.8,0.5,11.793041229248047,15.948946058750153,44.07282257080078,88.86260986328125
264,1,2,1.0,0.8,1.0,8.643677711486816,12.287374198436737,51.07855987548828,119.50299072265625
264,1,2,1.0,0.8,2.0,5.3735504150390625,7.9609628319740295,39.70488357543945,115.58880615234375
264,1,2,1.2,0.2,0.5,0.0,0.0,38.825599670410156,41.762901306152344
264,1,2,1.2,0.2,1.0,0.0,0.0,15.537683486938477,33.39277267456055
264,1,2,1.2,0.2,2.0,0.0,0.0,16.54601287841797,46.23911666870117
264,1,2,1.2,0.5,0.5,3.131852388381958,3.706730365753174,59.7547721862793,96.00311279296875
264,1,2,1.2,0.5,1.0,3.570280075073242,4.6864266991615295,51.01676940917969,110.73558807373047
264,1,2,1.2,0.5,2.0,2.958375930786133,4.118041753768921,44.778656005859375,118.15991973876953
264,1,2,1.2,0.8,0.5,12.097009658813477,13.941000878810883,123.18418884277344,209.6230010986328
264,1,2,1.2,0.8,1.0,8.189936637878418,10.92971020936966,102.53093719482422,209.20590209960938
264,1,2,1.2,0.8,2.0,6.022005558013916,8.497806191444397,83.62718963623047,202.11349487304688
264,1,3,0.8,0.2,0.5,8.349111557006836,11.340489566326141,5.1408586502075195,7.707391738891602
264,1,3,0.8,0.2,1.0,0.38141703605651855,0.3643544316291809,6.18695068359375,12.418943405151367
264,1,3,0.8,0.2,2.0,0.0,0.0,6.431544780731201,14.642430305480957
264,1,3,0.8,0.5,0.5,1.6671546697616577,2.4499471187591553,7.581112861633301,13.460553169250488
264,1,3,0.8,0.5,1.0,0.016719162464141846,0.07976365089416504,10.62276554107666,25.68684196472168
264,1,3,0.8,0.5,2.0,0.8054184317588806,0.8113184571266174,12.400336265563965,36.234893798828125
264,1,3,0.8,0.8,0.5,7.4409074783325195,11.197397410869598,16.11016082763672,33.15335464477539
264,1,3,0.8,0.8,1.0,2.4636147022247314,3.733433961868286,14.053948402404785,36.961544036865234
264,1,3,0.8,0.8,2.0,2.8820223808288574,4.274934411048889,18.297622680664062,59.701141357421875
264,1,3,1.0,0.2,0.5,4.393845081329346,5.853939354419708,9.940428733825684,16.056955337524414
264,1,3,1.0,0.2,1.0,0.0,0.0,10.68071460723877,23.393583297729492
264,1,3,1.0,0.2,2.0,0.0,0.0,11.156710624694824,27.713804244995117
264,1,3,1.0,0.5,0.5,5.892678737640381,8.630832314491272,20.230453491210938,38.663917541503906
264,1,3,1.0,0.5,1.0,4.146228790283203,6.574584007263184,19.736129760742188,47.1842041015625
264,1,3,1.0,0.5,2.0,1.6781578063964844,2.4397855401039124,19.8348331451416,58.31658172607422
264,1,3,1.0,0.8,0.5,11.564003944396973,15.666293919086456,38.39394760131836,82.02690124511719
264,1,3,1.0,0.8,1.0,8.118815422058105,11.888111770153046,55.468101501464844,129.8598175048828
264,1,3,1.0,0.8,2.0,5.743592262268066,8.38676792383194,46.35729217529297,131.17727661132812
264,1,3,1.2,0.2,0.5,4.737865924835205,6.558520793914795,9.93310832977295,15.995224952697754
264,1,3,1.2,0.2,1.0,0.0,0.0,21.023958206176758,44.39744186401367
264,1,3,1.2,0.2,2.0,0.0,0.0,13.863686561584473,39.41920852661133
264,1,3,1.2,0.5,0.5,3.869523525238037,4.602035820484161,64.15105438232422,117.55768585205078
264,1,3,1.2,0.5,1.0,3.4752447605133057,4.796974360942841,42.9680290222168,99.0999526977539
264,1,3,1.2,0.5,2.0,2.9107940196990967,4.326754212379456,38.42591094970703,107.57725524902344
264,1,3,1.2,0.8,0.5,10.624800682067871,12.607983350753784,101.51870727539062,184.5068817138672
264,1,3,1.2,0.8,1.0,8.339486122131348,10.946227431297302,111.27310180664062,219.59263610839844
264,1,3,1.2,0.8,2.0,6.291916370391846,8.919395923614502,83.30863189697266,197.5187225341797
264,1,4,0.8,0.2,0.5,4.161287307739258,6.913357079029083,5.016661167144775,7.6725897789001465
264,1,4,0.8,0.2,1.0,0.8715139627456665,1.2621211409568787,5.7361297607421875,11.910653114318848
264,1,4,0.8,0.2,2.0,0.0,0.0,6.738226890563965,15.846220970153809
264,1,4,0.8,0.5,0.5,1.0263330936431885,1.5043001174926758,7.583195686340332,13.62004566192627
264,1,4,0.8,0.5,1.0,0.6140297651290894,0.6235406398773193,11.032275199890137,26.40206527709961
264,1,4,0.8,0.5,2.0,0.0,0.0,12.851768493652344,36.70845413208008
264,1,4,0.8,0.8,0.5,5.7520341873168945,8.417583227157593,13.175618171691895,27.1794490814209
264,1,4,0.8,0.8,1.0,8.144454956054688,12.356342315673828,21.329418182373047,53.948387145996094
264,1,4,0.8,0.8,2.0,5.620870590209961,8.6633260846138,20.34104347229004,63.5307502746582
264,1,4,1.0,0.2,0.5,3.690247058868408,6.636621534824371,7.899835109710693,12.216021537780762
264,1,4,1.0,0.2,1.0,0.0,0.0,10.045378684997559,23.2768497467041
264,1,4,1.0,0.2,2.0,0.0,0.0,9.555886268615723,24.221065521240234
264,1,4,1.0,0.5,0.5,2.438448667526245,3.324884057044983,10.966320037841797,20.1777400970459
264,1,4,1.0,0.5,1.0,4.018553733825684,5.813587009906769,23.27692222595215,58.9144287109375
264,1,4,1.0,0.5,2.0,2.2890591621398926,3.346241593360901,20.59580421447754,60.7879638671875
264,1,4,1.0,0.8,0.5,11.754934310913086,17.006481766700745,39.31373977661133,81.94078063964844
264,1,4,1.0,0.8,1.0,8.214305877685547,12.283017992973328,44.77130126953125,110.03893280029297
264,1,4,1.0,0.8,2.0,5.279938697814941,7.764417409896851,44.76413345336914,130.2195281982422
264,1,4,1.2,0.2,0.5,0.0,0.0,23.8474063873291,42.6950569152832
264,1,4,1.2,0.2,1.0,0.0,0.0,18.12218475341797,38.98316192626953
264,1,4,1.2,0.2,2.0,0.0,0.0,16.790807723999023,45.50202941894531
264,1,4,1.2,0.5,0.5,3.6608214378356934,4.281779050827026,67.14995574951172,116.98468780517578
264,1,4,1.2,0.5,1.0,3.717556953430176,5.781943678855896,34.28220748901367,79.33480072021484
264,1,4,1.2,0.5,2.0,3.0130085945129395,4.312949299812317,37.369258880615234,104.77362823486328
264,1,4,1.2,0.8,0.5,11.058115005493164,13.809846103191376,97.81434631347656,177.61373901367188
264,1,4,1.2,0.8,1.0,8.427244186401367,11.14851027727127,112.02418518066406,217.4359130859375
264,1,4,1.2,0.8,2.0,5.921085834503174,8.368650317192078,75.89468383789062,188.5053253173828
265,1,0,0.8,0.2,0.5,5.524610996246338,8.353025615215302,5.258075714111328,7.680487155914307
265,1,0,0.8,0.2,1.0,0.043499648571014404,0.04058438539505005,6.760718822479248,14.03363037109375
265,1,0,0.8,0.2,2.0,0.0,0.0,6.803162097930908,17.213603973388672
265,1,0,0.8,0.5,0.5,1.3872239589691162,2.1937021613121033,9.251832008361816,16.47333526611328
265,1,0,0.8,0.5,1.0,1.688399314880371,1.6902285814285278,10.407584190368652,23.825838088989258
265,1,0,0.8,0.5,2.0,0.0,0.20792627334594727,10.491183280944824,30.786970138549805
265,1,0,0.8,0.8,0.5,6.618237018585205,9.516833424568176,14.775230407714844,30.189382553100586
265,1,0,0.8,0.8,1.0,7.854831218719482,11.824944138526917,21.02939224243164,52.85874938964844
265,1,0,0.8,0.8,2.0,5.428341388702393,8.504921197891235,22.185625076293945,67.58744812011719
265,1,0,1.0,0.2,0.5,1.7440407276153564,3.330043137073517,9.058012962341309,14.746597290039062
265,1,0,1.0,0.2,1.0,0.0,0.0,10.498666763305664,23.30443572998047
265,1,0,1.0,0.2,2.0,0.0,0.0,8.836823463439941,22.946805953979492
265,1,0,1.0,0.5,0.5,1.4953746795654297,2.5349591970443726,16.40644073486328,32.445098876953125
265,1,0,1.0,0.5,1.0,0.9214068651199341,1.4976690411567688,16.792177200317383,42.36941909790039
265,1,0,1.0,0.5,2.0,1.6769073009490967,2.370263695716858,21.30629539489746,63.63501739501953
265,1,0,1.0,0.8,0.5,11.950425148010254,16.780773043632507,46.83156967163086,96.02994537353516
265,1,0,1.0,0.8,1.0,8.409162521362305,12.214929103851318,51.188819885253906,121.33639526367188
265,1,0,1.0,0.8,2.0,5.756747245788574,8.543625950813293,46.0339469909668,130.1100311279297
265,1,0,1.2,0.2,0.5,0.0,0.0,23.549837112426758,39.898860931396484
265,1,0,1.2,0.2,1.0,0.0,0.0,15.592605590820312,31.36885643005371
265,1,0,1.2,0.2,2.0,0.0,0.0,15.60115909576416,41.71404266357422
265,1,0,1.2,0.5,0.5,4.201908111572266,5.3736191391944885,45.380069732666016,83.94976806640625
265,1,0,1.2,0.5,1.0,3.3962039947509766,4.702354848384857,50.58174133300781,111.3170394897461
265,1,0,1.2,0.5,2.0,2.661611557006836,3.9465916752815247,32.19721603393555,91.97245788574219
265,1,0,1.2,0.8,0.5,11.989809036254883,13.918875336647034,102.29916381835938,182.81752014160156
265,1,0,1.2,0.8,1.0,8.12733268737793,11.067423641681671,103.40814971923828,206.5498046875
265,1,0,1.2,0.8,2.0,6.196418285369873,8.451786041259766,91.30890655517578,211.20655822753906
265,1,1,0.8,0.2,0.5,5.116164684295654,7.143433511257172,4.422638416290283,6.630747318267822
265,1,1,0.8,0.2,1.0,0.00742107629776001,0.19525295495986938,5.822733402252197,10.922650337219238
265,1,1,0.8,0.2,2.0,0.0,0.0,6.833482265472412,17.198049545288086
265,1,1,0.8,0.5,0.5,1.9712905883789062,2.703728199005127,7.5364274978637695,13.423933982849121
265,1,1,0.8,0.5,1.0,1.0783698558807373,1.2668275237083435,11.185784339904785,27.05685806274414
265,1,1,0.8,0.5,2.0,0.6557285189628601,1.0759337544441223,11.212183952331543,31.821718215942383
265,1,1,0.8,0.8,0.5,5.345070838928223,6.992359280586243,14.531935691833496,31.38004493713379
265,1,1,0.8,0.8,1.0,7.007709980010986,10.725452363491058,18.638633728027344,48.17970275878906
265,1,1,0.8,0.8,2.0,5.739253997802734,9.020627796649933,22.764171600341797,71.22442626953125
265,1,1,1.0,0.2,0.5,1.9307173490524292,3.0650006532669067,11.749543190002441,19.52033042907715
265,1,1,1.0,0.2,1.0,0.0,0.0,10.987489700317383,21.93230628967285
265,1,1,1.0,0.2,2.0,0.0,0.0,9.699126243591309,25.79457664489746
265,1,1,1.0,0.5,0.5,6.209861755371094,8.655644178390503,22.302629470825195,43.53889465332031
265,1,1,1.0,0.5,1.0,3.4001097679138184,5.006825387477875,19.837291717529297,47.719322204589844
265,1,1,1.0,0.5,2.0,2.6042346954345703,3.835404872894287,23.410551071166992,70.92797088623047
265,1,1,1.0,0.8,0.5,10.849206924438477,15.013411819934845,53.645545959472656,108.95205688476562
265,1,1,1.0,0.8,1.0,8.547370910644531,12.785490453243256,47.37800598144531,113.12115478515625
265,1,1,1.0,0.8,2.0,6.139908790588379,8.976074039936066,45.15575408935547,129.16624450683594
265,1,1,1.2,0.2,0.5,0.0,0.0,24.347557067871094,39.66768264770508
265,1,1,1.2,0.2,1.0,0.0,0.0,20.459970474243164,41.78815841674805
265,1,1,1.2,0.2,2.0,0.0,0.0,19.428144454956055,50.34504699707031
265,1,1,1.2,0.5,0.5,2.8243355751037598,3.1830270290374756,58.23893737792969,103.92174530029297
265,1,1,1.2,0.5,1.0,3.718766450881958,5.013953626155853,51.256412506103516,117.1084213256836
265,1,1,1.2,0.5,2.0,2.909294366836548,4.322556495666504,40.86137771606445,113.89866638183594
265,1,1,1.2,0.8,0.5,11.652326583862305,14.003505825996399,103.09015655517578,185.3610076904297
265,1,1,1.2,0.8,1.0,8.0494384765625,10.771656036376953,100.67696380615234,204.73428344726562
265,1,1,1.2,0.8,2.0,5.992587089538574,8.253392994403839,82.50406646728516,202.20948791503906
265,1,2,0.8,0.2,0.5,6.5249152183532715,8.2857266664505,5.216457366943359,7.718815326690674
265,1,2,0.8,0.2,1.0,0.49888646602630615,0.750234067440033,5.298213958740234,10.085267066955566
265,1,2,0.8,0.2,2.0,0.1222461462020874,0.0,6.986084938049316,18.23097801208496
265,1,2,0.8,0.5,0.5,2.926942825317383,3.141466200351715,7.206812381744385,11.937621116638184
265,1,2,0.8,0.5,1.0,0.9800441265106201,0.9802459478378296,10.943428039550781,26.225736618041992
265,1,2,0.8,0.5,2.0,0.8943519592285156,0.8847424387931824,12.009778022766113,34.94386291503906
265,1,2,0.8,0.8,0.5,6.78550386428833,9.45039564371109,14.811643600463867,30.991573333740234
265,1,2,0.8,0.8,1.0,7.3519439697265625,11.447917640209198,19.546924591064453,48.89830017089844
265,1,2,0.8,0.8,2.0,5.647500038146973,8.704247415065765,23.978391647338867,71.42967987060547
265,1,2,1.0,0.2,0.5,3.4754583835601807,5.205933690071106,10.311788558959961,16.01231575012207
265,1,2,1.0,0.2,1.0,0.0,0.0,10.135763168334961,22.588607788085938
265,1,2,1.0,0.2,2.0,0.0,0.0,9.59510326385498,24.53998374938965
265,1,2,1.0,0.5,0.5,6.426347732543945,9.431730449199677,15.149271965026855,29.494882583618164
265,1,2,1.0,0.5,1.0,0.9684064984321594,1.4984538555145264,12.856607437133789,31.29095458984375
265,1,2,1.0,0.5,2.0,2.527550458908081,3.938058912754059,22.344730377197266,64.500732421875
265,1,2,1.0,0.8,0.5,11.34909725189209,15.728903234004974,33.333011627197266,69.4281005859375
265,1,2,1.0,0.8,1.0,8.480323791503906,12.448948800563812,38.800697326660156,97.99384307861328
265,1,2,1.0,0.8,2.0,5.422638893127441,8.113633334636688,39.669193267822266,119.15465545654297
265,1,2,1.2,0.2,0.5,1.4156649112701416,1.5123466849327087,13.149984359741211,21.749032974243164
265,1,2,1.2,0.2,1.0,0.0,0.0,24.701126098632812,47.88441848754883
265,1,2,1.2,0.2,2.0,0.0,0.0,16.26398277282715,46.536354064941406
265,1,2,1.2,0.5,0.5,3.5211470127105713,4.114003300666809,52.96292495727539,98.62735748291016
265,1,2,1.2,0.5,1.0,4.334506988525391,6.197760283946991,27.47685432434082,66.05532836914062
265,1,2,1.2,0.5,2.0,3.3600621223449707,4.787099719047546,39.54479217529297,106.71841430664062
265,1,2,1.2,0.8,0.5,10.376220703125,11.979540348052979,110.47879028320312,192.54046630859375
265,1,2,1.2,0.8,1.0,7.7420654296875,10.34715747833252,102.3877944946289,212.9984130859375
265,1,2,1.2,0.8,2.0,5.871956825256348,8.09980684518814,88.89443969726562,210.86703491210938
265,1,3,0.8,0.2,0.5,5.430941104888916,8.524109244346619,5.012180805206299,7.2221879959106445
265,1,3,0.8,0.2,1.0,0.0,0.03188800811767578,5.879509925842285,11.067180633544922
265,1,3,0.8,0.2,2.0,0.0,0.024950265884399414,6.233832836151123,15.374542236328125
265,1,3,0.8,0.5,0.5,1.8081868886947632,2.591702103614807,7.6073431968688965,13.320548057556152
265,1,3,0.8,0.5,1.0,0.5463238954544067,0.548978328704834,11.11466121673584,26.83146858215332
265,1,3,0.8,0.5,2.0,0.3933568596839905,0.6346276998519897,11.420985221862793,33.4959716796875
265,1,3,0.8,0.8,0.5,5.938082218170166,8.598491728305817,14.333210945129395,29.50128173828125
265,1,3,0.8,0.8,1.0,7.578999996185303,12.308585405349731,18.67185401916504,47.65373229980469
265,1,3,0.8,0.8,2.0,5.441166400909424,8.42189770936966,21.981210708618164,69.16629028320312
265,1,3,1.0,0.2,0.5,3.606623411178589,5.280940234661102,9.773696899414062,16.111417770385742
265,1,3,1.0,0.2,1.0,0.0,0.0,10.097220420837402,21.50800895690918
265,1,3,1.0,0.2,2.0,0.0,0.0,9.558420181274414,23.214311599731445
265,1,3,1.0,0.5,0.5,4.827736854553223,6.530867099761963,16.072175979614258,30.413894653320312
265,1,3,1.0,0.5,1.0,3.79085111618042,5.519503355026245,24.54096031188965,60.60727310180664
265,1,3,1.0,0.5,2.0,0.0,0.22672319412231445,20.435951232910156,59.78318405151367
265,1,3,1.0,0.8,0.5,10.900041580200195,15.498304009437561,44.19650650024414,92.51478576660156
265,1,3,1.0,0.8,1.0,8.340259552001953,12.292224824428558,45.702877044677734,110.2955093383789
265,1,3,1.0,0.8,2.0,5.480432987213135,8.029924809932709,45.06713104248047,127.95991516113281
265,1,3,1.2,0.2,0.5,0.0,0.0,28.44569969177246,43.23100662231445
265,1,3,1.2,0.2,1.0,0.0,0.0,17.25057601928711,33.20707702636719
265,1,3,1.2,0.2,2.0,0.0,0.0,16.71385383605957,41.12019348144531
265,1,3,1.2,0.5,0.5,3.814422845840454,4.8487377762794495,47.62577819824219,90.89271545410156
265,1,3,1.2,0.5,1.0,3.2590670585632324,4.565638959407806,52.61000442504883,113.64720916748047
265,1,3,1.2,0.5,2.0,2.850863218307495,4.334070920944214,29.37830924987793,82.87387084960938
265,1,3,1.2,0.8,0.5,11.953985214233398,13.334511458873749,118.87702178955078,202.00778198242188
265,1,3,1.2,0.8,1.0,8.41326904296875,11.30838418006897,85.60806274414062,181.30160522460938
265,1,3,1.2,0.8,2.0,5.818596839904785,7.974459230899811,82.14608764648438,195.83645629882812
265,1,4,0.8,0.2,0.5,6.7058868408203125,8.176918268203735,4.493777275085449,6.770740985870361
265,1,4,0.8,0.2,1.0,0.7740094065666199,1.025014042854309,5.7804274559021,11.664745330810547
265,1,4,0.8,0.2,2.0,0.0,0.0,6.638992786407471,15.448705673217773
265,1,4,0.8,0.5,0.5,2.6596925258636475,2.8648722767829895,7.373299598693848,12.569061279296875
265,1,4,0.8,0.5,1.0,0.9249738454818726,1.5892919898033142,8.772398948669434,19.387271881103516
265,1,4,0.8,0.5,2.0,0.6934444308280945,0.7015447616577148,13.044514656066895,38.676307678222656
265,1,4,0.8,0.8,0.5,4.721997261047363,6.017254412174225,12.304214477539062,24.68498992919922
265,1,4,0.8,0.8,1.0,7.226901054382324,11.341579735279083,21.595861434936523,56.449859619140625
265,1,4,0.8,0.8,2.0,5.713042259216309,8.694765627384186,23.597393035888672,71.22299194335938
265,1,4,1.0,0.2,0.5,3.584864854812622,5.525863468647003,8.548285484313965,13.8641357421875
265,1,4,1.0,0.2,1.0,0.0,0.0,8.575847625732422,17.677780151367188
265,1,4,1.0,0.2,2.0,0.0,0.0,10.544570922851562,28.395832061767578
265,1,4,1.0,0.5,0.5,4.6995530128479,6.997620701789856,16.680025100708008,30.717443466186523
265,1,4,1.0,0.5,1.0,0.8475203514099121,0.6914101839065552,13.411125183105469,30.531702041625977
265,1,4,1.0,0.5,2.0,2.21877384185791,3.278169274330139,21.912385940551758,65.3479232788086
265,1,4,1.0,0.8,0.5,11.21287727355957,15.759790360927582,38.08180618286133,79.53258514404297
265,1,4,1.0,0.8,1.0,7.942043304443359,11.389724791049957,54.144466400146484,127.7880859375
265,1,4,1.0,0.8,2.0,6.0012407302856445,9.002997815608978,52.74863815307617,141.73545837402344
265,1,4,1.2,0.2,0.5,0.0,0.0,27.575485229492188,44.734466552734375
265,1,4,1.2,0.2,1.0,0.0,0.0,27.203651428222656,55.3485221862793
265,1,4,1.2,0.2,2.0,0.0,0.0,17.741092681884766,47.969993591308594
265,1,4,1.2,0.5,0.5,4.239668846130371,5.384880363941193,41.47585678100586,75.55879974365234
265,1,4,1.2,0.5,1.0,3.800682544708252,5.1548014879226685,47.69239044189453,103.9073257446289
265,1,4,1.2,0.5,2.0,2.9627654552459717,4.281200349330902,35.750850677490234,101.48506927490234
265,1,4,1.2,0.8,0.5,11.077467918395996,13.185932636260986,108.33087921142578,192.17440795898438
265,1,4,1.2,0.8,1.0,8.795242309570312,11.839028716087341,95.14035034179688,193.91358947753906
265,1,4,1.2,0.8,2.0,5.791684150695801,8.185955166816711,71.05447387695312,182.56105041503906
266,1,0,0.8,0.2,0.5,2.4844303131103516,4.905725359916687,5.075690269470215,7.353548526763916
266,1,0,0.8,0.2,1.0,0.5148799419403076,0.516888439655304,5.927956581115723,12.475893020629883
266,1,0,0.8,0.2,2.0,0.0,0.0,6.702060222625732,15.032530784606934
266,1,0,0.8,0.5,0.5,2.505229949951172,3.0571735501289368,7.7129340171813965,13.843119621276855
266,1,0,0.8,0.5,1.0,1.3087468147277832,1.3539819717407227,10.41344928741455,24.29582977294922
266,1,0,0.8,0.5,2.0,1.3951146602630615,1.4186769127845764,12.01970100402832,36.95740509033203
266,1,0,0.8,0.8,0.5,3.5235438346862793,4.044708847999573,15.000344276428223,30.72983169555664
266,1,0,0.8,0.8,1.0,7.871457576751709,11.931431293487549,24.222814559936523,62.43986129760742
266,1,0,0.8,0.8,2.0,4.615912437438965,5.557677209377289,19.005613327026367,59.93849182128906
266,1,0,1.0,0.2,0.5,3.993873119354248,5.639956891536713,9.069999694824219,13.958806037902832
266,1,0,1.0,0.2,1.0,0.0,0.0,10.700549125671387,22.810352325439453
266,1,0,1.0,0.2,2.0,0.0,0.0,10.322052955627441,25.918010711669922
266,1,0,1.0,0.5,0.5,7.04533576965332,10.279483377933502,18.65264892578125,35.167572021484375
266,1,0,1.0,0.5,1.0,0.8129700422286987,0.8132692575454712,17.67683219909668,42.78956604003906
266,1,0,1.0,0.5,2.0,0.8909493684768677,0.886310338973999,19.065101623535156,56.835391998291016
266,1,0,1.0,0.8,0.5,11.487264633178711,15.522141873836517,46.65690231323242,96.05595397949219
266,1,0,1.0,0.8,1.0,8.157910346984863,12.098951756954193,54.0876579284668,125.31488037109375
266,1,0,1.0,0.8,2.0,5.771713733673096,8.809981286525726,37.91077423095703,112.14417266845703
266,1,0,1.2,0.2,0.5,0.0,0.0,28.58795928955078,46.5520133972168
266,1,0,1.2,0.2,1.0,0.0,0.0,21.370906829833984,43.15036392211914
266,1,0,1.2,0.2,2.0,0.0,0.0,16.600975036621094,42.03631591796875
266,1,0,1.2,0.5,0.5,3.492598295211792,4.109607756137848,65.07413482666016,112.24447631835938
266,1,0,1.2,0.5,1.0,3.611569404602051,4.76397043466568,53.57504653930664,118.62922668457031
266,1,0,1.2,0.5,2.0,2.6675617694854736,3.9429556727409363,22.721595764160156,68.72277069091797
266,1,0,1.2,0.8,0.5,10.578686714172363,12.235573291778564,100.05180358886719,181.18260192871094
266,1,0,1.2,0.8,1.0,8.109289169311523,10.780946969985962,114.18518829345703,223.2241668701172
266,1,0,1.2,0.8,2.0,5.5665788650512695,7.801798760890961,80.48490142822266,198.0686798095703
266,1,1,0.8,0.2,0.5,3.2198572158813477,4.199711203575134,5.540027141571045,8.713811874389648
266,1,1,0.8,0.2,1.0,0.33320724964141846,0.4672640562057495,5.738366603851318,11.331350326538086
266,1,1,0.8,0.2,2.0,0.0,0.0,6.204831600189209,13.514811515808105
266,1,1,0.8,0.5,0.5,1.957313060760498,3.143543064594269,6.935817718505859,12.119507789611816
266,1,1,0.8,0.5,1.0,0.0,0.0,9.551291465759277,21.879638671875
266,1,1,0.8,0.5,2.0,0.8928045034408569,0.8687570691108704,12.326032638549805,36.13106155395508
266,1,1,0.8,0.8,0.5,9.834088325500488,14.987990379333496,16.720443725585938,34.84785461425781
266,1,1,0.8,0.8,1.0,5.512053489685059,7.323688507080078,18.976856231689453,48.892852783203125
266,1,1,0.8,0.8,2.0,5.399158954620361,8.424002885818481,22.713470458984375,71.53868865966797
266,1,1,1.0,0.2,0.5,0.13958460092544556,0.13986635208129883,10.742537498474121,17.00705337524414
266,1,1,1.0,0.2,1.0,0.0,0.0,10.533529281616211,22.8253231048584
266,1,1,1.0,0.2,2.0,0.0,0.0,9.25940990447998,25.24569320678711
266,1,1,1.0,0.5,0.5,6.689385414123535,9.195600152015686,16.30306625366211,31.243207931518555
266,1,1,1.0,0.5,1.0,3.7189955711364746,5.742422521114349,19.001907348632812,46.015380859375
266,1,1,1.0,0.5,2.0,1.2532176971435547,2.041745603084564,20.80443572998047,61.3808479309082
266,1,1,1.0,0.8,0.5,11.110906600952148,15.388434290885925,43.94397735595703,91.3946304321289
266,1,1,1.0,0.8,1.0,8.325761795043945,12.145604312419891,45.43735122680664,111.05242919921875
266,1,1,1.0,0.8,2.0,5.841965675354004,8.579540193080902,50.903900146484375,138.7530059814453
266,1,1,1.2,0.2,0.5,0.0,0.0,27.672954559326172,49.54914855957031
266,1,1,1.2,0.2,1.0,0.0,0.0,22.077098846435547,43.650535583496094
266,1,1,1.2,0.2,2.0,0.0,0.0,17.387544631958008,44.27006530761719
266,1,1,1.2,0.5,0.5,4.4412336349487305,5.787223517894745,45.537841796875,84.92338562011719
266,1,1,1.2,0.5,1.0,3.6454405784606934,5.303802728652954,34.2299690246582,81.10010528564453
266,1,1,1.2,0.5,2.0,3.0426011085510254,4.545632839202881,29.53708267211914,86.91325378417969
266,1,1,1.2,0.8,0.5,10.5111665725708,12.49253523349762,109.06209564208984,193.02032470703125
266,1,1,1.2,0.8,1.0,7.831027984619141,10.865916907787323,84.0583267211914,180.5673065185547
266,1,1,1.2,0.8,2.0,5.881424903869629,8.242469906806946,87.55265808105469,208.4415740966797
266,1,2,0.8,0.2,0.5,4.213171482086182,6.011378586292267,4.536973476409912,6.760545253753662
266,1,2,0.8,0.2,1.0,0.3140541911125183,0.5516991019248962,5.914811134338379,11.316947937011719
266,1,2,0.8,0.2,2.0,0.0,0.0,6.545126438140869,16.716842651367188
266,1,2,0.8,0.5,0.5,1.7664973735809326,2.705630362033844,7.093045234680176,11.97974967956543
266,1,2,0.8,0.5,1.0,0.9775258302688599,1.014053463935852,9.714033126831055,22.75868034362793
266,1,2,0.8,0.5,2.0,0.8764950633049011,0.854898989200592,10.800189018249512,31.66607666015625
266,1,2,0.8,0.8,0.5,5.456097602844238,6.4639089703559875,12.658559799194336,24.5614013671875
266,1,2,0.8,0.8,1.0,3.6440415382385254,5.401128590106964,16.478626251220703,41.56303405761719
266,1,2,0.8,0.8,2.0,5.243541240692139,7.89844536781311,24.107431411743164,75.70399475097656
266,1,2,1.0,0.2,0.5,0.7574764490127563,1.429532527923584,8.805444717407227,15.088465690612793
266,1,2,1.0,0.2,1.0,0.0,0.0,9.700432777404785,19.749324798583984
266,1,2,1.0,0.2,2.0,0.0,0.0,9.259096145629883,22.836721420288086
266,1,2,1.0,0.5,0.5,6.5113983154296875,8.890375077724457,17.999309539794922,35.40538787841797
266,1,2,1.0,0.5,1.0,3.506789207458496,5.016245722770691,21.1571102142334,53.61189651489258
266,1,2,1.0,0.5,2.0,0.864557147026062,1.243337631225586,18.333641052246094,55.098548889160156
266,1,2,1.0,0.8,0.5,11.117420196533203,15.460299491882324,42.189476013183594,84.09228515625
266,1,2,1.0,0.8,1.0,7.92068338394165,11.729503333568573,34.321250915527344,90.51228332519531
266,1,2,1.0,0.8,2.0,5.646498680114746,8.156251788139343,48.701263427734375,133.20567321777344
266,1,2,1.2,0.2,0.5,0.0,0.0,27.300498962402344,36.266517639160156
266,1,2,1.2,0.2,1.0,0.0,0.0,18.44188117980957,41.068302154541016
266,1,2,1.2,0.2,2.0,0.0,0.0,14.250261306762695,37.882999420166016
266,1,2,1.2,0.5,0.5,3.5374038219451904,4.173089027404785,54.5032958984375,107.1474380493164
266,1,2,1.2,0.5,1.0,4.60461950302124,6.13160252571106,48.99690246582031,106.85599517822266
266,1,2,1.2,0.5,2.0,3.0082430839538574,4.029966473579407,36.20586013793945,101.6694564819336
266,1,2,1.2,0.8,0.5,11.061573028564453,13.41119110584259,104.56230926513672,184.85313415527344
266,1,2,1.2,0.8,1.0,8.093465805053711,10.387041211128235,104.9061050415039,209.4442596435547
266,1,2,1.2,0.8,2.0,6.032362937927246,8.532367169857025,70.47994232177734,179.68426513671875
266,1,3,0.8,0.2,0.5,1.9382377862930298,2.8846749663352966,6.1521124839782715,9.763162612915039
266,1,3,0.8,0.2,1.0,0.1081620454788208,0.12586605548858643,6.303038597106934,11.702423095703125
266,1,3,0.8,0.2,2.0,0.0,0.0,6.618760108947754,17.127168655395508
266,1,3,0.8,0.5,0.5,3.1272988319396973,3.7207800149917603,5.8342976570129395,9.25084400177002
266,1,3,0.8,0.5,1.0,0.0,0.0,8.994855880737305,21.05922508239746
266,1,3,0.8,0.5,2.0,0.7540587782859802,0.7799457907676697,11.652587890625,34.66706848144531
266,1,3,0.8,0.8,0.5,6.562615394592285,8.642800986766815,13.963881492614746,29.118860244750977
266,1,3,0.8,0.8,1.0,7.217803001403809,11.271134197711945,21.143569946289062,54.78244400024414
266,1,3,0.8,0.8,2.0,5.485382080078125,8.357938885688782,21.094409942626953,64.07566833496094
266,1,3,1.0,0.2,0.5,0.5846052765846252,0.8849359750747681,9.271576881408691,15.488333702087402
266,1,3,1.0,0.2,1.0,0.049776554107666016,0.048676908016204834,8.128667831420898,17.2155704498291
266,1,3,1.0,0.2,2.0,0.0,0.0,10.043559074401855,25.846391677856445
266,1,3,1.0,0.5,0.5,3.797153949737549,5.168807029724121,15.930663108825684,29.177305221557617
266,1,3,1.0,0.5,1.0,3.50302791595459,5.091249585151672,20.67115592956543,51.22627639770508
266,1,3,1.0,0.5,2.0,1.4026353359222412,1.7942219972610474,20.69057273864746,62.46767807006836
266,1,3,1.0,0.8,0.5,11.666482925415039,15.821708500385284,36.63032150268555,76.79817199707031
266,1,3,1.0,0.8,1.0,8.447320938110352,12.49141412973404,49.18118667602539,115.16973876953125
266,1,3,1.0,0.8,2.0,5.870112419128418,8.584083497524261,49.457584381103516,137.75050354003906
266,1,3,1.2,0.2,0.5,0.0,0.0,35.12904739379883,58.03485107421875
266,1,3,1.2,0.2,1.0,0.0,0.0,20.657167434692383,43.55120849609375
266,1,3,1.2,0.2,2.0,0.0,0.0,12.998970031738281,31.59503746032715
266,1,3,1.2,0.5,0.5,3.753394842147827,4.343711197376251,53.068111419677734,98.17166137695312
266,1,3,1.2,0.5,1.0,3.861537218093872,5.17108690738678,48.50688171386719,108.1581802368164
266,1,3,1.2,0.5,2.0,2.942417621612549,4.222865581512451,38.990596771240234,104.21298217773438
266,1,3,1.2,0.8,0.5,11.346481323242188,13.40675401687622,115.99042510986328,200.71261596679688
266,1,3,1.2,0.8,1.0,8.321207046508789,10.897170841693878,106.39561462402344,213.72850036621094
266,1,3,1.2,0.8,2.0,5.757835388183594,8.018647313117981,79.35848236083984,194.76605224609375
266,1,4,0.8,0.2,0.5,4.0590081214904785,6.38483464717865,5.418063640594482,8.55933666229248
266,1,4,0.8,0.2,1.0,0.5075332522392273,0.8968459367752075,5.950623512268066,11.760015487670898
266,1,4,0.8,0.2,2.0,0.0,0.0,6.252147197723389,14.976729393005371
266,1,4,0.8,0.5,0.5,2.992605686187744,3.5148082971572876,8.455497741699219,15.5875883102417
266,1,4,0.8,0.5,1.0,0.9046347141265869,0.8691883087158203,9.80272102355957,22.17953872680664
266,1,4,0.8,0.5,2.0,0.0,0.0,12.537449836730957,37.78815460205078
266,1,4,0.8,0.8,0.5,9.360132217407227,13.746862053871155,16.206872940063477,33.773345947265625
266,1,4,0.8,0.8,1.0,7.424714088439941,11.150594413280487,21.193241119384766,55.365787506103516
266,1,4,0.8,0.8,2.0,5.101781845092773,7.948930442333221,20.151634216308594,63.045997619628906
266,1,4,1.0,0.2,0.5,1.5383937358856201,2.3100098967552185,9.942902565002441,16.53359603881836
266,1,4,1.0,0.2,1.0,0.0,0.0,10.39650821685791,21.862077713012695
266,1,4,1.0,0.2,2.0,0.0,0.0,10.831721305847168,30.323816299438477
266,1,4,1.0,0.5,0.5,5.992339134216309,8.749188005924225,18.366331100463867,35.48151779174805
266,1,4,1.0,0.5,1.0,3.168632984161377,4.650266528129578,18.41109848022461,44.60525894165039
266,1,4,1.0,0.5,2.0,1.6251540184020996,2.2917091250419617,19.413053512573242,59.04819107055664
266,1,4,1.0,0.8,0.5,11.327686309814453,15.592561423778534,43.181312561035156,88.31747436523438
266,1,4,1.0,0.8,1.0,8.50369644165039,12.220231056213379,51.82236862182617,124.90872955322266
266,1,4,1.0,0.8,2.0,5.570620536804199,8.509083151817322,42.58758544921875,122.07738494873047
266,1,4,1.2,0.2,0.5,0.0,0.0,35.55025863647461,55.163055419921875
266,1,4,1.2,0.2,1.0,0.0,0.0,17.976932525634766,37.319923400878906
266,1,4,1.2,0.2,2.0,0.0,0.0,13.817601203918457,37.15721893310547
266,1,4,1.2,0.5,0.5,2.9248995780944824,3.2779598236083984,61.48176193237305,110.0942611694336
266,1,4,1.2,0.5,1.0,3.6493239402770996,4.953281462192535,37.37040710449219,88.3832778930664
266,1,4,1.2,0.5,2.0,2.894228458404541,4.083592653274536,36.064571380615234,100.90385437011719
266,1,4,1.2,0.8,0.5,10.77760124206543,12.980271458625793,117.78948211669922,203.23443603515625
266,1,4,1.2,0.8,1.0,8.060583114624023,10.774987041950226,107.99671173095703,220.97042846679688
266,1,4,1.2,0.8,2.0,5.733753681182861,8.066961824893951,77.55807495117188,192.26046752929688
267,1,0,0.8,0.2,0.5,4.483907699584961,7.11447137594223,5.140816688537598,7.670773029327393
267,1,0,0.8,0.2,1.0,0.28530317544937134,0.4497203826904297,5.670753002166748,10.358715057373047
267,1,0,0.8,0.2,2.0,0.0,0.0,6.561639785766602,15.39988899230957
267,1,0,0.8,0.5,0.5,1.5979187488555908,2.71268630027771,8.793869972229004,15.549882888793945
267,1,0,0.8,0.5,1.0,0.6681728363037109,1.0753516554832458,9.953758239746094,23.618070602416992
267,1,0,0.8,0.5,2.0,0.9094769358634949,1.0480856895446777,12.391310691833496,37.543087005615234
267,1,0,0.8,0.8,0.5,7.065617561340332,9.31780880689621,14.882730484008789,29.54379653930664
267,1,0,0.8,0.8,1.0,7.77332878112793,12.181606709957123,19.42725944519043,50.346282958984375
267,1,0,0.8,0.8,2.0,5.70818567276001,8.950308084487915,24.650548934936523,71.62712860107422
267,1,0,1.0,0.2,0.5,3.8128743171691895,7.471170961856842,7.633302211761475,12.894911766052246
267,1,0,1.0,0.2,1.0,0.0,0.0,9.30828857421875,19.079151153564453
267,1,0,1.0,0.2,2.0,0.0,0.0,9.841988563537598,26.864471435546875
267,1,0,1.0,0.5,0.5,5.771140098571777,7.934606194496155,16.53597640991211,32.743255615234375
267,1,0,1.0,0.5,1.0,4.023188591003418,5.922748327255249,21.088321685791016,50.38172912597656
267,1,0,1.0,0.5,2.0,3.046596050262451,4.279361367225647,23.561626434326172,68.9739761352539
267,1,0,1.0,0.8,0.5,11.626862525939941,16.18176931142807,36.758487701416016,74.77838897705078
267,1,0,1.0,0.8,1.0,8.662397384643555,12.413980543613434,49.091121673583984,115.1650161743164
267,1,0,1.0,0.8,2.0,5.7236409187316895,8.450548470020294,37.26046371459961,109.82774353027344
267,1,0,1.2,0.2,0.5,0.0,0.0,26.926626205444336,50.104061126708984
267,1,0,1.2,0.2,1.0,0.0,0.0,23.417226791381836,45.82582473754883
267,1,0,1.2,0.2,2.0,0.0,0.0,13.649752616882324,38.34150695800781
267,1,0,1.2,0.5,0.5,2.384098529815674,2.5555381774902344,53.54502487182617,99.40421295166016
267,1,0,1.2,0.5,1.0,3.9335532188415527,5.478465497493744,47.04180908203125,104.25006103515625
267,1,0,1.2,0.5,2.0,3.0119590759277344,4.039304077625275,42.28132247924805,114.28617858886719
267,1,0,1.2,0.8,0.5,10.76667308807373,12.74550586938858,99.72886657714844,175.22341918945312
267,1,0,1.2,0.8,1.0,8.549651145935059,11.674273490905762,94.72343444824219,193.25193786621094
267,1,0,1.2,0.8,2.0,6.385401248931885,9.144207298755646,72.27081298828125,179.5739288330078
267,1,1,0.8,0.2,0.5,6.566506385803223,8.29155421257019,5.002310276031494,7.168982028961182
267,1,1,0.8,0.2,1.0,0.20840752124786377,0.2651142477989197,5.290738105773926,9.770821571350098
267,1,1,0.8,0.2,2.0,0.0,0.0,6.377136707305908,14.34875774383545
267,1,1,0.8,0.5,0.5,1.8020286560058594,1.777271330356598,7.24552059173584,12.744997024536133
267,1,1,0.8,0.5,1.0,0.8399524688720703,0.8830508589744568,10.38380241394043,24.320240020751953
267,1,1,0.8,0.5,2.0,0.6757290363311768,0.7408431768417358,9.82927131652832,29.44346046447754
267,1,1,0.8,0.8,0.5,7.948154449462891,10.432938814163208,15.676580429077148,32.68500900268555
267,1,1,0.8,0.8,1.0,7.451755523681641,12.102755427360535,21.3725643157959,55.26813507080078
267,1,1,0.8,0.8,2.0,5.356447696685791,8.626643121242523,23.94441795349121,72.44573974609375
267,1,1,1.0,0.2,0.5,2.0611507892608643,2.728149652481079,10.123093605041504,16.06773567199707
267,1,1,1.0,0.2,1.0,0.0,0.0,10.127253532409668,20.962617874145508
267,1,1,1.0,0.2,2.0,0.0,0.0,11.040043830871582,27.144020080566406
267,1,1,1.0,0.5,0.5,6.646315097808838,10.11631965637207,19.57363510131836,40.19008255004883
267,1,1,1.0,0.5,1.0,2.5900683403015137,3.9695745706558228,18.409645080566406,45.55121994018555
267,1,1,1.0,0.5,2.0,1.3111532926559448,1.6142157316207886,18.849205017089844,53.52887725830078
267,1,1,1.0,0.8,0.5,11.665786743164062,16.078729212284088,41.463321685791016,84.4565658569336
267,1,1,1.0,0.8,1.0,8.617534637451172,12.13262528181076,51.05793762207031,121.427734375
267,1,1,1.0,0.8,2.0,6.1103668212890625,8.857480943202972,49.42957305908203,135.00271606445312
267,1,1,1.2,0.2,0.5,0.0,0.0,23.711021423339844,37.29766082763672
267,1,1,1.2,0.2,1.0,0.0,0.0,21.99374008178711,50.40286636352539
267,1,1,1.2,0.2,2.0,0.0,0.0,17.86760139465332,46.89067459106445
267,1,1,1.2,0.5,0.5,4.203968524932861,5.472265422344208,50.107093811035156,90.51611328125
267,1,1,1.2,0.5,1.0,3.308699131011963,4.542327105998993,50.31290054321289,110.0604476928711
267,1,1,1.2,0.5,2.0,2.74014949798584,4.045362293720245,38.29916763305664,105.48485565185547
267,1,1,1.2,0.8,0.5,10.6305513381958,12.011761903762817,116.7531967163086,199.74859619140625
267,1,1,1.2,0.8,1.0,8.508831977844238,11.250387847423553,92.20976257324219,189.17291259765625
267,1,1,1.2,0.8,2.0,5.718364715576172,8.468081831932068,51.17711639404297,141.18516540527344
267,1,2,0.8,0.2,0.5,5.442426681518555,7.413275897502899,4.961935520172119,7.508520126342773
267,1,2,0.8,0.2,1.0,0.2052474021911621,0.28055232763290405,6.327878952026367,12.876681327819824
267,1,2,0.8,0.2,2.0,0.13789963722229004,0.11488199234008789,6.198973178863525,15.424871444702148
267,1,2,0.8,0.5,0.5,2.0286903381347656,2.993647336959839,7.9961981773376465,14.299546241760254
267,1,2,0.8,0.5,1.0,1.2071243524551392,0.9416020512580872,10.308624267578125,24.269580841064453
267,1,2,0.8,0.5,2.0,0.0,0.0,11.916268348693848,34.315555572509766
267,1,2,0.8,0.8,0.5,10.078327178955078,14.791925489902496,17.73055076599121,36.31679916381836
267,1,2,0.8,0.8,1.0,7.742961406707764,12.040392935276031,21.437217712402344,56.02365493774414
267,1,2,0.8,0.8,2.0,3.2231431007385254,5.038838267326355,19.526233673095703,62.62407302856445
267,1,2,1.0,0.2,0.5,1.0187873840332031,1.15278160572052,10.639251708984375,17.833904266357422
267,1,2,1.0,0.2,1.0,0.0,0.0,10.246694564819336,21.308494567871094
267,1,2,1.0,0.2,2.0,0.0,0.0,9.140402793884277,24.34491539001465
267,1,2,1.0,0.5,0.5,6.265567302703857,9.04440301656723,17.040197372436523,30.934614181518555
267,1,2,1.0,0.5,1.0,3.873490810394287,5.943609118461609,23.512691497802734,58.70307922363281
267,1,2,1.0,0.5,2.0,0.840348482131958,0.8341383934020996,18.354778289794922,52.26546096801758
267,1,2,1.0,0.8,0.5,10.896449089050293,15.377705872058868,35.20298767089844,75.5321044921875
267,1,2,1.0,0.8,1.0,7.933163642883301,11.91597330570221,39.753997802734375,98.23075866699219
267,1,2,1.0,0.8,2.0,5.691239356994629,8.226783633232117,47.39913558959961,135.427734375
267,1,2,1.2,0.2,0.5,0.0,0.0,25.00069808959961,40.679256439208984
267,1,2,1.2,0.2,1.0,0.0,0.0,21.25748062133789,42.59885025024414
267,1,2,1.2,0.2,2.0,0.0,0.0,16.718488693237305,42.683921813964844
267,1,2,1.2,0.5,0.5,4.082165718078613,5.028428852558136,46.52934265136719,92.60858154296875
267,1,2,1.2,0.5,1.0,3.640472173690796,5.511389315128326,37.45487976074219,85.2812271118164
267,1,2,1.2,0.5,2.0,2.962261199951172,4.330717742443085,38.25847244262695,109.70484161376953
267,1,2,1.2,0.8,0.5,10.706762313842773,11.981277465820312,133.59918212890625,217.89144897460938
267,1,2,1.2,0.8,1.0,8.2777099609375,11.183043122291565,95.15713500976562,200.32232666015625
267,1,2,1.2,0.8,2.0,5.658116340637207,8.022562742233276,76.92527770996094,189.46224975585938
267,1,3,0.8,0.2,0.5,5.464900016784668,7.230301380157471,5.2442731857299805,7.7266645431518555
267,1,3,0.8,0.2,1.0,0.59771728515625,1.2814874649047852,5.497716903686523,10.487020492553711
267,1,3,0.8,0.2,2.0,0.21278893947601318,0.20654410123825073,6.165347099304199,15.826977729797363
267,1,3,0.8,0.5,0.5,1.9966816902160645,2.7341301441192627,8.47036075592041,15.718767166137695
267,1,3,0.8,0.5,1.0,0.9502163529396057,1.4139115810394287,10.895408630371094,27.216320037841797
267,1,3,0.8,0.5,2.0,1.2005488872528076,1.1543446779251099,11.95007610321045,35.60783004760742
267,1,3,0.8,0.8,0.5,5.725019931793213,7.781662166118622,12.158230781555176,24.85527992248535
267,1,3,0.8,0.8,1.0,7.951528549194336,12.176073431968689,23.989473342895508,61.48474884033203
267,1,3,0.8,0.8,2.0,5.214611053466797,8.256527543067932,22.632909774780273,70.32960510253906
267,1,3,1.0,0.2,0.5,2.0307960510253906,2.633053719997406,11.187405586242676,17.611196517944336
267,1,3,1.0,0.2,1.0,0.0,0.12503117322921753,9.41454792022705,18.66138458251953
267,1,3,1.0,0.2,2.0,0.0,0.0,10.453871726989746,26.717769622802734
267,1,3,1.0,0.5,0.5,2.273416757583618,4.361979246139526,14.278976440429688,26.861196517944336
267,1,3,1.0,0.5,1.0,2.3158762454986572,3.3690251111984253,18.32259750366211,45.76280212402344
267,1,3,1.0,0.5,2.0,2.1803393363952637,3.5275745391845703,22.944061279296875,67.3242416381836
267,1,3,1.0,0.8,0.5,11.676633834838867,16.144790768623352,40.45130920410156,83.05339050292969
267,1,3,1.0,0.8,1.0,8.217477798461914,12.216771900653839,39.7817497253418,98.82742309570312
267,1,3,1.0,0.8,2.0,5.589066982269287,8.584005057811737,41.12168502807617,118.41481018066406
267,1,3,1.2,0.2,0.5,0.0,0.0,24.522443771362305,44.670921325683594
267,1,3,1.2,0.2,1.0,0.0,0.0,10.079928398132324,19.36547088623047
267,1,3,1.2,0.2,2.0,0.0,0.0,12.821435928344727,34.53153610229492
267,1,3,1.2,0.5,0.5,3.5187880992889404,4.384545564651489,53.439029693603516,100.06840515136719
267,1,3,1.2,0.5,1.0,3.5033326148986816,5.012684524059296,45.06119918823242,105.99420928955078
267,1,3,1.2,0.5,2.0,3.1005659103393555,4.58556056022644,41.6552848815918,114.81694793701172
267,1,3,1.2,0.8,0.5,11.238608360290527,13.213835418224335,114.23949432373047,198.38902282714844
267,1,3,1.2,0.8,1.0,7.8699164390563965,10.740172803401947,95.32408142089844,198.5845489501953
267,1,3,1.2,0.8,2.0,5.880924224853516,8.262959599494934,77.82914733886719,192.61485290527344
267,1,4,0.8,0.2,0.5,4.937070846557617,7.115236580371857,5.043221950531006,7.537525177001953
267,1,4,0.8,0.2,1.0,0.3458762764930725,0.3345867991447449,6.030436992645264,11.31004810333252
267,1,4,0.8,0.2,2.0,0.0,0.0,6.434360980987549,16.10759162902832
267,1,4,0.8,0.5,0.5,3.543710708618164,3.445604145526886,7.6085076332092285,13.590784072875977
267,1,4,0.8,0.5,1.0,0.9582962989807129,1.0056636333465576,8.24265193939209,18.573915481567383
267,1,4,0.8,0.5,2.0,0.9511274695396423,0.9561931490898132,11.989082336425781,35.070518493652344
267,1,4,0.8,0.8,0.5,7.050339698791504,9.955136835575104,15.742520332336426,31.974971771240234
267,1,4,0.8,0.8,1.0,7.835842132568359,11.970857799053192,20.161760330200195,51.870811462402344
267,1,4,0.8,0.8,2.0,5.957330703735352,8.792445302009583,21.27461051940918,65.5088119506836
267,1,4,1.0,0.2,0.5,3.5456912517547607,5.096513867378235,9.315240859985352,14.681228637695312
267,1,4,1.0,0.2,1.0,0.0,0.0,11.943089485168457,23.8085994720459
267,1,4,1.0,0.2,2.0,0.0,0.0,8.678390502929688,20.461219787597656
267,1,4,1.0,0.5,0.5,4.93050479888916,7.321232438087463,18.27120590209961,35.11250305175781
267,1,4,1.0,0.5,1.0,1.9495158195495605,3.4093223214149475,18.523923873901367,44.63683319091797
267,1,4,1.0,0.5,2.0,2.533890962600708,3.8916444182395935,23.548091888427734,71.61609649658203
267,1,4,1.0,0.8,0.5,11.993854522705078,16.66867285966873,39.00825500488281,82.5570297241211
267,1,4,1.0,0.8,1.0,8.345146179199219,12.882023692131042,48.68478012084961,119.02449035644531
267,1,4,1.0,0.8,2.0,6.163324356079102,9.08877819776535,46.163143157958984,130.24436950683594
267,1,4,1.2,0.2,0.5,0.009359002113342285,0.004819512367248535,19.674009323120117,31.483455657958984
267,1,4,1.2,0.2,1.0,0.0,0.0,20.82732582092285,43.20612335205078
267,1,4,1.2,0.2,2.0,0.0,0.0,16.34483528137207,42.46870040893555
267,1,4,1.2,0.5,0.5,3.7028162479400635,4.1473371386528015,59.65521240234375,108.4898910522461
267,1,4,1.2,0.5,1.0,3.9036881923675537,5.067817330360413,50.833980560302734,112.04934692382812
267,1,4,1.2,0.5,2.0,2.610079050064087,3.6260247230529785,39.578330993652344,110.71874237060547
267,1,4,1.2,0.8,0.5,10.032679557800293,11.676193833351135,119.93936157226562,203.6138153076172
267,1,4,1.2,0.8,1.0,7.917604446411133,10.957026183605194,99.48046112060547,206.0021514892578
267,1,4,1.2,0.8,2.0,5.607295513153076,8.31534057855606,79.8774185180664,196.01097106933594
268,1,0,0.8,0.2,0.5,5.440820693969727,9.064760029315948,4.847513198852539,7.171807289123535
268,1,0,0.8,0.2,1.0,0.3966296315193176,0.3934105634689331,5.843815326690674,11.5847749710083
268,1,0,0.8,0.2,2.0,0.0,0.0,6.6671319007873535,16.651784896850586
268,1,0,0.8,0.5,0.5,2.7631373405456543,3.262335777282715,8.562796592712402,15.663837432861328
268,1,0,0.8,0.5,1.0,0.9233233332633972,1.4203696846961975,10.145917892456055,22.93544578552246
268,1,0,0.8,0.5,2.0,0.0,0.0,11.722529411315918,33.079586029052734
268,1,0,0.8,0.8,0.5,4.8103718757629395,6.564210891723633,14.41382884979248,29.077774047851562
268,1,0,0.8,0.8,1.0,7.644807815551758,11.647053480148315,19.575849533081055,50.921512603759766
268,1,0,0.8,0.8,2.0,5.2998857498168945,8.32045966386795,23.477399826049805,72.69963836669922
268,1,0,1.0,0.2,0.5,0.8986758589744568,1.5374780893325806,8.2124605178833,13.450335502624512
268,1,0,1.0,0.2,1.0,0.07289087772369385,0.08284437656402588,10.045516014099121,21.166770935058594
268,1,0,1.0,0.2,2.0,0.0,0.0,10.610787391662598,28.1096248626709
268,1,0,1.0,0.5,0.5,0.8946983218193054,0.4963100552558899,13.49573040008545,25.304405212402344
268,1,0,1.0,0.5,1.0,4.306912899017334,6.43678092956543,23.936992645263672,58.697757720947266
268,1,0,1.0,0.5,2.0,2.963813543319702,4.442984521389008,24.394609451293945,69.94330596923828
268,1,0,1.0,0.8,0.5,12.178686141967773,16.46655297279358,39.404937744140625,80.46453094482422
268,1,0,1.0,0.8,1.0,8.000165939331055,11.250592768192291,50.243446350097656,121.00215911865234
268,1,0,1.0,0.8,2.0,5.76179313659668,8.789250433444977,42.82442855834961,123.9740982055664
268,1,0,1.2,0.2,0.5,0.0,0.0,27.430206298828125,44.32206726074219
268,1,0,1.2,0.2,1.0,0.0,0.0,22.290605545043945,44.21387481689453
268,1,0,1.2,0.2,2.0,0.0,0.0,13.675753593444824,36.72791290283203
268,1,0,1.2,0.5,0.5,3.8510961532592773,4.458087861537933,42.92012023925781,90.89990997314453
268,1,0,1.2,0.5,1.0,3.3390564918518066,4.505392134189606,51.76368713378906,110.45360565185547
268,1,0,1.2,0.5,2.0,2.8958489894866943,4.06558358669281,42.898860931396484,110.39200592041016
268,1,0,1.2,0.8,0.5,10.12747573852539,11.934775412082672,114.4541015625,195.04356384277344
268,1,0,1.2,0.8,1.0,8.444426536560059,11.546635091304779,101.60675048828125,208.53977966308594
268,1,0,1.2,0.8,2.0,5.974959373474121,8.67991954088211,67.31461334228516,172.87673950195312
268,1,1,0.8,0.2,0.5,3.990060329437256,5.233435392379761,5.276346683502197,8.117215156555176
268,1,1,0.8,0.2,1.0,0.32179534435272217,0.2976989150047302,6.30933141708374,12.509012222290039
268,1,1,0.8,0.2,2.0,0.0,0.0,5.939591407775879,15.258096694946289
268,1,1,0.8,0.5,0.5,2.218203067779541,2.886879086494446,7.426727294921875,12.949320793151855
268,1,1,0.8,0.5,1.0,0.19023734331130981,0.29841238260269165,10.832770347595215,24.114065170288086
268,1,1,0.8,0.5,2.0,0.0,0.0,12.018047332763672,35.38650131225586
268,1,1,0.8,0.8,0.5,7.34127950668335,10.17587959766388,15.836127281188965,32.67918395996094
268,1,1,0.8,0.8,1.0,7.374902725219727,11.345610082149506,19.12984848022461,49.27080535888672
268,1,1,0.8,0.8,2.0,3.553483009338379,4.37928432226181,19.650230407714844,62.44995880126953
268,1,1,1.0,0.2,0.5,1.4852635860443115,1.6587719321250916,8.126771926879883,13.700644493103027
268,1,1,1.0,0.2,1.0,0.0,0.0,12.53425407409668,26.617477416992188
268,1,1,1.0,0.2,2.0,0.0,0.0,9.35368537902832,25.636043548583984
268,1,1,1.0,0.5,0.5,6.270422458648682,9.524549543857574,18.975236892700195,37.07830047607422
268,1,1,1.0,0.5,1.0,2.973008155822754,4.770606160163879,21.2724552154541,51.84819793701172
268,1,1,1.0,0.5,2.0,0.0,0.0,16.340517044067383,47.424137115478516
268,1,1,1.0,0.8,0.5,11.956259727478027,16.272984385490417,40.830535888671875,84.34492492675781
268,1,1,1.0,0.8,1.0,7.922364234924316,12.190349459648132,45.78559112548828,115.2137451171875
268,1,1,1.0,0.8,2.0,5.659970283508301,8.180504143238068,51.648189544677734,139.7377471923828
268,1,1,1.2,0.2,0.5,0.0,0.0,24.947509765625,42.67167282104492
268,1,1,1.2,0.2,1.0,0.0,0.0,21.128421783447266,45.77814483642578
268,1,1,1.2,0.2,2.0,0.0,0.0,15.748248100280762,39.76481246948242
268,1,1,1.2,0.5,0.5,3.925753116607666,7.324107348918915,47.49320602416992,86.22232818603516
268,1,1,1.2,0.5,1.0,3.3882784843444824,4.695031821727753,36.870079040527344,82.11762237548828
268,1,1,1.2,0.5,2.0,2.59490966796875,3.5309888124465942,39.64209747314453,109.00594329833984
268,1,1,1.2,0.8,0.5,11.498435974121094,15.713011741638184,53.01993942260742,105.21500396728516
268,1,1,1.2,0.8,1.0,8.264078140258789,10.982839941978455,93.87477111816406,195.989013671875
268,1,1,1.2,0.8,2.0,5.864197731018066,8.116420686244965,79.62065887451172,199.68630981445312
268,1,2,0.8,0.2,0.5,4.001151084899902,6.613740503787994,4.8107452392578125,7.401370048522949
268,1,2,0.8,0.2,1.0,0.3682176470756531,0.9047645926475525,5.819268226623535,11.392539024353027
268,1,2,0.8,0.2,2.0,0.0,0.0,6.540770530700684,16.657602310180664
268,1,2,0.8,0.5,0.5,2.703813076019287,3.052974581718445,6.948270320892334,11.758338928222656
268,1,2,0.8,0.5,1.0,0.6799429059028625,0.6459547281265259,11.082659721374512,26.953107833862305
268,1,2,0.8,0.5,2.0,0.5639763474464417,0.4976692199707031,11.789846420288086,34.99751663208008
268,1,2,0.8,0.8,0.5,7.458139896392822,9.617168366909027,14.746861457824707,29.969545364379883
268,1,2,0.8,0.8,1.0,4.472073078155518,5.162115693092346,16.285367965698242,39.44656753540039
268,1,2,0.8,0.8,2.0,2.9297025203704834,4.292605459690094,18.987592697143555,58.36421203613281
268,1,2,1.0,0.2,0.5,6.288677215576172,9.21299034357071,6.660144805908203,9.85374927520752
268,1,2,1.0,0.2,1.0,0.0,0.0,10.732481956481934,23.617799758911133
268,1,2,1.0,0.2,2.0,0.0,0.0,10.017410278320312,25.99028778076172
268,1,2,1.0,0.5,0.5,6.74567985534668,10.318066596984863,18.857444763183594,36.876304626464844
268,1,2,1.0,0.5,1.0,4.231773376464844,6.521721422672272,21.218494415283203,51.32156753540039
268,1,2,1.0,0.5,2.0,0.8713686466217041,0.8672829866409302,19.262632369995117,59.309776306152344
268,1,2,1.0,0.8,0.5,10.908185958862305,15.180873394012451,37.62504959106445,78.26946258544922
268,1,2,1.0,0.8,1.0,8.135573387145996,11.946685254573822,52.50197219848633,124.57504272460938
268,1,2,1.0,0.8,2.0,5.767759323120117,8.499675214290619,38.09720993041992,109.3228530883789
268,1,2,1.2,0.2,0.5,0.0,0.0,23.036117553710938,36.86113357543945
268,1,2,1.2,0.2,1.0,0.0,0.0,19.50293731689453,45.48438262939453
268,1,2,1.2,0.2,2.0,0.0,0.0,16.09077262878418,44.520843505859375
268,1,2,1.2,0.5,0.5,3.277069568634033,3.933686852455139,62.07823944091797,104.26691436767578
268,1,2,1.2,0.5,1.0,3.7363383769989014,5.067057490348816,42.00770568847656,97.10262298583984
268,1,2,1.2,0.5,2.0,2.946993350982666,4.116116523742676,43.37286376953125,117.3148193359375
268,1,2,1.2,0.8,0.5,11.657585144042969,13.577739238739014,116.22433471679688,198.68789672851562
268,1,2,1.2,0.8,1.0,8.228055000305176,10.939016282558441,103.71401977539062,211.57034301757812
268,1,2,1.2,0.8,2.0,5.529623031616211,7.917128145694733,88.14279174804688,210.47386169433594
268,1,3,0.8,0.2,0.5,4.032878875732422,5.291890382766724,5.359307289123535,7.726343631744385
268,1,3,0.8,0.2,1.0,0.12898492813110352,0.13057345151901245,6.0216522216796875,11.278592109680176
268,1,3,0.8,0.2,2.0,0.0,0.06513714790344238,6.350302696228027,15.610967636108398
268,1,3,0.8,0.5,0.5,2.6957342624664307,3.4287121891975403,7.021628379821777,11.65705394744873
268,1,3,0.8,0.5,1.0,1.0854852199554443,1.029338002204895,11.54793930053711,27.179929733276367
268,1,3,0.8,0.5,2.0,0.7161825299263,0.720761239528656,12.916441917419434,36.47475051879883
268,1,3,0.8,0.8,0.5,5.956689834594727,6.6774173974990845,14.488605499267578,30.01856231689453
268,1,3,0.8,0.8,1.0,7.48869514465332,11.859012484550476,20.5087947845459,53.30387878417969
268,1,3,0.8,0.8,2.0,5.525380611419678,8.596952438354492,24.068466186523438,72.50704956054688
268,1,3,1.0,0.2,0.5,4.2931413650512695,6.715832889080048,8.292604446411133,13.002365112304688
268,1,3,1.0,0.2,1.0,0.03058713674545288,0.02019059658050537,7.898507595062256,15.13890266418457
268,1,3,1.0,0.2,2.0,0.0,0.0,9.918225288391113,27.0787410736084
268,1,3,1.0,0.5,0.5,5.5287604331970215,8.37308543920517,21.033313751220703,41.66194152832031
268,1,3,1.0,0.5,1.0,4.054930686950684,5.997401714324951,22.156997680664062,53.16458511352539
268,1,3,1.0,0.5,2.0,1.7697498798370361,2.9055120944976807,19.774213790893555,61.07589340209961
268,1,3,1.0,0.8,0.5,11.263632774353027,15.822061598300934,37.28414535522461,77.39016723632812
268,1,3,1.0,0.8,1.0,7.632985591888428,11.276468694210052,49.22785186767578,118.47286987304688
268,1,3,1.0,0.8,2.0,5.594675064086914,8.210183560848236,43.84953308105469,127.4437255859375
268,1,3,1.2,0.2,0.5,0.0,0.0,27.5599422454834,47.024845123291016
268,1,3,1.2,0.2,1.0,0.0,0.0,15.376136779785156,33.94402313232422
268,1,3,1.2,0.2,2.0,0.0,0.0,14.784684181213379,37.76864242553711
268,1,3,1.2,0.5,0.5,3.3272414207458496,3.84362930059433,56.262935638427734,106.4516372680664
268,1,3,1.2,0.5,1.0,3.8255844116210938,5.187272071838379,37.56317901611328,85.52017974853516
268,1,3,1.2,0.5,2.0,3.3461689949035645,4.796773672103882,40.595611572265625,110.5316390991211
268,1,3,1.2,0.8,0.5,10.681631088256836,12.921230554580688,91.26764678955078,167.33798217773438
268,1,3,1.2,0.8,1.0,8.00748348236084,10.645598769187927,94.14207458496094,198.55160522460938
268,1,3,1.2,0.8,2.0,6.320852279663086,8.822050034999847,77.7668228149414,189.67575073242188
268,1,4,0.8,0.2,0.5,3.109422445297241,4.680990636348724,5.496119976043701,8.590710639953613
268,1,4,0.8,0.2,1.0,0.08501577377319336,0.07432478666305542,6.0927205085754395,11.884105682373047
268,1,4,0.8,0.2,2.0,0.0,0.0,6.645463943481445,15.620948791503906
268,1,4,0.8,0.5,0.5,2.93412446975708,3.8941362500190735,7.0102996826171875,11.630829811096191
268,1,4,0.8,0.5,1.0,0.9865043759346008,0.9880009889602661,11.10998249053955,27.203176498413086
268,1,4,0.8,0.5,2.0,0.8158828020095825,0.8070792555809021,13.605250358581543,43.0124397277832
268,1,4,0.8,0.8,0.5,6.5532450675964355,9.217584073543549,15.432497024536133,31.90587043762207
268,1,4,0.8,0.8,1.0,8.040672302246094,12.402825117111206,22.359203338623047,56.552616119384766
268,1,4,0.8,0.8,2.0,5.094110012054443,6.871703743934631,19.825529098510742,63.95863342285156
268,1,4,1.0,0.2,0.5,5.1037397384643555,7.970123887062073,9.301198959350586,14.978937149047852
268,1,4,1.0,0.2,1.0,0.0,0.0,11.501618385314941,25.911468505859375
268,1,4,1.0,0.2,2.0,0.0,0.0,10.281259536743164,25.042659759521484
268,1,4,1.0,0.5,0.5,1.9301459789276123,2.884194314479828,13.1917142868042,24.9559326171875
268,1,4,1.0,0.5,1.0,4.372345447540283,6.278852224349976,22.37544822692871,54.93770217895508
268,1,4,1.0,0.5,2.0,1.4640426635742188,2.0399163961410522,19.198389053344727,56.30912399291992
268,1,4,1.0,0.8,0.5,11.543377876281738,16.917147517204285,20.521129608154297,41.757545471191406
268,1,4,1.0,0.8,1.0,8.294218063354492,12.29792594909668,46.952362060546875,112.4384536743164
268,1,4,1.0,0.8,2.0,5.741816520690918,8.459725797176361,42.526527404785156,122.75163269042969
268,1,4,1.2,0.2,0.5,0.0,0.0,33.16920852661133,38.03597640991211
268,1,4,1.2,0.2,1.0,0.0,0.0,24.032386779785156,47.30004119873047
268,1,4,1.2,0.2,2.0,0.0,0.0,16.25238037109375,38.048587799072266
268,1,4,1.2,0.5,0.5,3.0366055965423584,3.376617670059204,65.51646423339844,113.89237213134766
268,1,4,1.2,0.5,1.0,3.6379456520080566,4.932357132434845,50.403839111328125,113.19194030761719
268,1,4,1.2,0.5,2.0,3.1226840019226074,4.3312458992004395,42.79150390625,112.11406707763672
268,1,4,1.2,0.8,0.5,12.050402641296387,15.293872475624084,71.86263275146484,137.8611602783203
268,1,4,1.2,0.8,1.0,8.746289253234863,12.095666944980621,87.02709197998047,183.75355529785156
268,1,4,1.2,0.8,2.0,5.71787166595459,7.996574699878693,79.878173828125,199.82167053222656
269,1,0,0.8,0.2,0.5,5.175260066986084,7.249711394309998,4.8658647537231445,7.332374572753906
269,1,0,0.8,0.2,1.0,0.26458245515823364,0.26291728019714355,6.249509334564209,12.423866271972656
269,1,0,0.8,0.2,2.0,0.0,0.0,6.338103771209717,14.360435485839844
269,1,0,0.8,0.5,0.5,3.140444755554199,4.485948204994202,7.364180088043213,12.717864990234375
269,1,0,0.8,0.5,1.0,0.11625468730926514,0.3896822929382324,10.774649620056152,26.4906063079834
269,1,0,0.8,0.5,2.0,1.2822364568710327,1.245926856994629,11.386754035949707,33.0858268737793
269,1,0,0.8,0.8,0.5,6.733139991760254,9.388306081295013,14.788739204406738,30.696613311767578
269,1,0,0.8,0.8,1.0,7.784875869750977,12.267795205116272,20.42259979248047,51.96187210083008
269,1,0,0.8,0.8,2.0,5.227077484130859,8.228808581829071,22.450960159301758,69.69367980957031
269,1,0,1.0,0.2,0.5,2.637460708618164,4.045706570148468,8.986760139465332,14.432412147521973
269,1,0,1.0,0.2,1.0,0.0,0.0,9.812427520751953,22.1137752532959
269,1,0,1.0,0.2,2.0,0.0,0.0,10.817317962646484,29.064931869506836
269,1,0,1.0,0.5,0.5,5.872791767120361,9.125457465648651,22.124523162841797,43.73757553100586
269,1,0,1.0,0.5,1.0,1.1971173286437988,1.2083863615989685,17.5047664642334,41.372413635253906
269,1,0,1.0,0.5,2.0,2.8720548152923584,4.3635998368263245,22.518001556396484,65.89974975585938
269,1,0,1.0,0.8,0.5,11.894377708435059,16.72602814435959,36.83411407470703,74.6955337524414
269,1,0,1.0,0.8,1.0,8.524604797363281,12.616084575653076,39.755332946777344,96.80809020996094
269,1,0,1.0,0.8,2.0,5.302040100097656,7.74506801366806,47.131126403808594,134.330078125
269,1,0,1.2,0.2,0.5,0.0,0.0,30.26971435546875,61.16502380371094
269,1,0,1.2,0.2,1.0,0.0,0.0,24.527284622192383,48.74124526977539
269,1,0,1.2,0.2,2.0,0.0,0.0,15.645936965942383,40.5267219543457
269,1,0,1.2,0.5,0.5,4.072189807891846,4.916253328323364,52.504249572753906,96.15251159667969
269,1,0,1.2,0.5,1.0,2.7933247089385986,3.6011258959770203,48.87518310546875,108.33872985839844
269,1,0,1.2,0.5,2.0,2.7186737060546875,3.6971060037612915,43.62551498413086,117.3145980834961
269,1,0,1.2,0.8,0.5,10.833778381347656,13.51582646369934,92.1763916015625,169.41525268554688
269,1,0,1.2,0.8,1.0,8.537507057189941,11.398091971874237,103.38985443115234,209.02142333984375
269,1,0,1.2,0.8,2.0,5.826281547546387,8.507534503936768,72.2854232788086,180.31700134277344
269,1,1,0.8,0.2,0.5,5.036303997039795,7.534010469913483,4.7957282066345215,7.292806148529053
269,1,1,0.8,0.2,1.0,0.1922321915626526,0.16407912969589233,5.625797748565674,10.211231231689453
269,1,1,0.8,0.2,2.0,0.0,0.0,7.24141263961792,17.34858512878418
269,1,1,0.8,0.5,0.5,2.645883560180664,4.215472459793091,7.44885778427124,13.327505111694336
269,1,1,0.8,0.5,1.0,0.9343258738517761,1.382214903831482,10.668086051940918,25.461410522460938
269,1,1,0.8,0.5,2.0,0.0,0.0,9.78955078125,28.693952560424805
269,1,1,0.8,0.8,0.5,7.272589683532715,11.238950610160828,17.11445426940918,34.470977783203125
269,1,1,0.8,0.8,1.0,5.132843017578125,7.405535161495209,17.1686954498291,43.57674026489258
269,1,1,0.8,0.8,2.0,5.114401817321777,8.138133525848389,21.234224319458008,65.88878631591797
269,1,1,1.0,0.2,0.5,5.322190284729004,8.21863579750061,8.964215278625488,13.472187995910645
269,1,1,1.0,0.2,1.0,0.0,0.0,10.68796443939209,21.76168441772461
269,1,1,1.0,0.2,2.0,0.0,0.0,9.970230102539062,25.503332138061523
269,1,1,1.0,0.5,0.5,6.968051433563232,10.366787850856781,17.524642944335938,34.400516510009766
269,1,1,1.0,0.5,1.0,4.07505989074707,6.00145024061203,24.313892364501953,56.130615234375
269,1,1,1.0,0.5,2.0,0.9521363377571106,1.4327041506767273,20.01681137084961,60.51157760620117
269,1,1,1.0,0.8,0.5,11.38204574584961,16.086471259593964,37.458595275878906,75.42618560791016
269,1,1,1.0,0.8,1.0,9.307392120361328,13.578670918941498,34.009578704833984,81.0990219116211
269,1,1,1.0,0.8,2.0,5.7297868728637695,8.732035994529724,39.65895462036133,115.37217712402344
269,1,1,1.2,0.2,0.5,0.0,0.0,29.331453323364258,45.087032318115234
269,1,1,1.2,0.2,1.0,0.0,0.0,22.884334564208984,45.85074996948242
269,1,1,1.2,0.2,2.0,0.0,0.0,14.80079174041748,35.32621383666992
269,1,1,1.2,0.5,0.5,3.9237022399902344,5.0200483202934265,52.658348083496094,98.51826477050781
269,1,1,1.2,0.5,1.0,4.114041328430176,6.561803221702576,20.179702758789062,49.31254959106445
269,1,1,1.2,0.5,2.0,2.819796562194824,4.089454829692841,39.619937896728516,107.59912109375
269,1,1,1.2,0.8,0.5,11.129329681396484,13.893735527992249,91.528564453125,172.0145721435547
269,1,1,1.2,0.8,1.0,9.016657829284668,12.200278341770172,82.05350494384766,174.90621948242188
269,1,1,1.2,0.8,2.0,5.482656002044678,7.963388919830322,74.07750701904297,185.67601013183594
269,1,2,0.8,0.2,0.5,3.678936719894409,5.782360255718231,5.317759990692139,7.923579692840576
269,1,2,0.8,0.2,1.0,0.19961625337600708,0.20961260795593262,5.866535663604736,12.281538009643555
269,1,2,0.8,0.2,2.0,0.0,0.0,6.255580902099609,15.770223617553711
269,1,2,0.8,0.5,0.5,1.8721427917480469,2.198476254940033,8.009319305419922,13.934974670410156
269,1,2,0.8,0.5,1.0,1.6294610500335693,2.4140817523002625,9.649395942687988,23.439983367919922
269,1,2,0.8,0.5,2.0,0.22058874368667603,0.201083242893219,10.006492614746094,28.922815322875977
269,1,2,0.8,0.8,0.5,10.787454605102539,16.4577077627182,16.890188217163086,35.452186584472656
269,1,2,0.8,0.8,1.0,7.966373920440674,12.431377410888672,20.992218017578125,56.175621032714844
269,1,2,0.8,0.8,2.0,5.945116996765137,8.84934377670288,24.015031814575195,75.22270965576172
269,1,2,1.0,0.2,0.5,2.8314895629882812,4.722995400428772,10.121105194091797,15.7485933303833
269,1,2,1.0,0.2,1.0,0.0,0.0,10.633322715759277,22.21354103088379
269,1,2,1.0,0.2,2.0,0.0,0.0,7.717488765716553,19.020055770874023
269,1,2,1.0,0.5,0.5,5.777939796447754,8.721322000026703,17.585567474365234,32.75770950317383
269,1,2,1.0,0.5,1.0,2.821826457977295,4.462273359298706,19.87696075439453,49.6444206237793
269,1,2,1.0,0.5,2.0,0.0,0.0,18.970966339111328,58.675537109375
269,1,2,1.0,0.8,0.5,10.893123626708984,16.66665232181549,19.045333862304688,39.578121185302734
269,1,2,1.0,0.8,1.0,7.820019721984863,11.877442359924316,42.87690734863281,107.616455078125
269,1,2,1.0,0.8,2.0,5.784353256225586,8.94676923751831,41.81279754638672,118.2489242553711
269,1,2,1.2,0.2,0.5,0.0,0.0,34.38206100463867,48.15740966796875
269,1,2,1.2,0.2,1.0,0.0,0.0,22.390090942382812,46.64501190185547
269,1,2,1.2,0.2,2.0,0.0,0.0,16.395315170288086,44.664649963378906
269,1,2,1.2,0.5,0.5,3.093728542327881,3.6985400915145874,67.56795501708984,126.87648010253906
269,1,2,1.2,0.5,1.0,3.862348794937134,5.412772953510284,29.878162384033203,73.72399139404297
269,1,2,1.2,0.5,2.0,2.437483072280884,3.674378514289856,38.488182067871094,106.5171890258789
269,1,2,1.2,0.8,0.5,11.240713119506836,13.070542514324188,117.34839630126953,204.26321411132812
269,1,2,1.2,0.8,1.0,8.876373291015625,12.07324105501175,89.01677703857422,188.09625244140625
269,1,2,1.2,0.8,2.0,6.2167181968688965,8.930795013904572,88.16578674316406,207.82296752929688
269,1,3,0.8,0.2,0.5,4.976993560791016,7.6692270040512085,4.623117446899414,6.74043083190918
269,1,3,0.8,0.2,1.0,0.1489916443824768,0.5370557308197021,6.183703899383545,12.431543350219727
269,1,3,0.8,0.2,2.0,0.0,0.0,6.515744686126709,15.866893768310547
269,1,3,0.8,0.5,0.5,2.587204694747925,3.4485265016555786,7.443945407867432,13.40982437133789
269,1,3,0.8,0.5,1.0,0.9789180755615234,1.1105809807777405,10.223748207092285,24.712324142456055
269,1,3,0.8,0.5,2.0,0.8684263825416565,0.8389910459518433,12.03062629699707,35.05367660522461
269,1,3,0.8,0.8,0.5,6.389842987060547,7.8116008043289185,13.903205871582031,27.811038970947266
269,1,3,0.8,0.8,1.0,5.69858455657959,7.62860643863678,18.185476303100586,45.99066162109375
269,1,3,0.8,0.8,2.0,5.080745697021484,7.78145033121109,22.67023277282715,70.36617279052734
269,1,3,1.0,0.2,0.5,3.576371669769287,6.816640317440033,8.32481861114502,13.744111061096191
269,1,3,1.0,0.2,1.0,0.06282711029052734,0.04378318786621094,8.651969909667969,16.708232879638672
269,1,3,1.0,0.2,2.0,0.0,0.0,9.271356582641602,23.47873306274414
269,1,3,1.0,0.5,0.5,5.774503231048584,8.546122789382935,20.545866012573242,39.841983795166016
269,1,3,1.0,0.5,1.0,4.0376739501953125,6.075939834117889,20.5084228515625,49.375816345214844
269,1,3,1.0,0.5,2.0,2.4278976917266846,3.565115809440613,22.872825622558594,67.93988037109375
269,1,3,1.0,0.8,0.5,10.770312309265137,15.383455157279968,40.28748321533203,85.56068420410156
269,1,3,1.0,0.8,1.0,7.798347473144531,11.818524837493896,28.392780303955078,72.85368347167969
269,1,3,1.0,0.8,2.0,5.569982051849365,8.52300900220871,43.45848846435547,126.14041137695312
269,1,3,1.2,0.2,0.5,0.0,0.0,20.871152877807617,33.03202438354492
269,1,3,1.2,0.2,1.0,0.0,0.0,25.424663543701172,50.73174285888672
269,1,3,1.2,0.2,2.0,0.0,0.0,17.532747268676758,46.90235900878906
269,1,3,1.2,0.5,0.5,3.2124578952789307,3.8467904329299927,60.30303192138672,107.85287475585938
269,1,3,1.2,0.5,1.0,3.5880799293518066,4.841346740722656,58.15302658081055,122.91767883300781
269,1,3,1.2,0.5,2.0,2.59375,3.820700228214264,36.78305435180664,104.03225708007812
269,1,3,1.2,0.8,0.5,10.380197525024414,13.885215401649475,70.08244323730469,135.98878479003906
269,1,3,1.2,0.8,1.0,8.510599136352539,11.497000396251678,99.86219787597656,203.64913940429688
269,1,3,1.2,0.8,2.0,5.77517557144165,8.101376473903656,87.97722625732422,208.01670837402344
269,1,4,0.8,0.2,0.5,5.002101898193359,6.212774038314819,4.663951873779297,7.113750457763672
269,1,4,0.8,0.2,1.0,0.6062684059143066,0.4194785952568054,5.778263092041016,10.255069732666016
269,1,4,0.8,0.2,2.0,0.0,0.0,6.2403717041015625,14.921778678894043
269,1,4,0.8,0.5,0.5,2.3502776622772217,3.265969157218933,7.150946140289307,11.822266578674316
269,1,4,0.8,0.5,1.0,0.9320405721664429,1.0572694540023804,10.902913093566895,25.009260177612305
269,1,4,0.8,0.5,2.0,0.7597660422325134,0.833397388458252,10.992020606994629,32.33686828613281
269,1,4,0.8,0.8,0.5,6.792730331420898,9.016420125961304,14.576581001281738,29.02264976501465
269,1,4,0.8,0.8,1.0,7.059044361114502,11.03591674566269,21.401607513427734,55.58761978149414
269,1,4,0.8,0.8,2.0,5.229814529418945,8.022470831871033,22.937063217163086,71.52555847167969
269,1,4,1.0,0.2,0.5,0.3781362771987915,0.3702074885368347,10.176168441772461,17.587289810180664
269,1,4,1.0,0.2,1.0,0.0,0.0,10.921669006347656,22.097688674926758
269,1,4,1.0,0.2,2.0,0.0,0.0,8.713018417358398,22.2575740814209
269,1,4,1.0,0.5,0.5,2.6633920669555664,3.3958622813224792,12.806193351745605,24.321592330932617
269,1,4,1.0,0.5,1.0,3.8493852615356445,5.67136013507843,20.62725067138672,51.81137466430664
269,1,4,1.0,0.5,2.0,1.485933780670166,1.7858628630638123,21.154359817504883,63.31669616699219
269,1,4,1.0,0.8,0.5,11.570712089538574,15.813629746437073,41.832427978515625,87.25733184814453
269,1,4,1.0,0.8,1.0,8.134696006774902,11.865409314632416,53.231143951416016,128.0253448486328
269,1,4,1.0,0.8,2.0,6.353650093078613,9.977603137493134,40.70229721069336,111.39695739746094
269,1,4,1.2,0.2,0.5,0.0,0.0,30.075485229492188,51.028656005859375
269,1,4,1.2,0.2,1.0,0.0,0.0,22.651782989501953,43.927635192871094
269,1,4,1.2,0.2,2.0,0.0,0.0,16.58928108215332,43.72724151611328
269,1,4,1.2,0.5,0.5,3.4463720321655273,3.870455801486969,60.491641998291016,113.73184204101562
269,1,4,1.2,0.5,1.0,3.695295810699463,4.887313723564148,55.66225814819336,118.2037582397461
269,1,4,1.2,0.5,2.0,3.4631927013397217,4.53129118680954,38.05594253540039,104.32923126220703
269,1,4,1.2,0.8,0.5,12.049983978271484,14.57889473438263,103.14556884765625,180.1051025390625
269,1,4,1.2,0.8,1.0,8.417574882507324,11.233595788478851,104.12764739990234,209.00527954101562
269,1,4,1.2,0.8,2.0,5.433831691741943,7.86914587020874,61.589595794677734,164.80430603027344
270,1,0,0.8,0.2,0.5,5.100277900695801,6.433095693588257,4.510031223297119,6.684321403503418
270,1,0,0.8,0.2,1.0,0.6293756365776062,0.8290894627571106,6.135494232177734,11.048736572265625
270,1,0,0.8,0.2,2.0,0.20332419872283936,0.4430810213088989,6.0539655685424805,14.350177764892578
270,1,0,0.8,0.5,0.5,2.8038268089294434,2.950481593608856,8.518415451049805,15.91312026977539
270,1,0,0.8,0.5,1.0,0.514538586139679,0.4317806363105774,11.037656784057617,25.67366600036621
270,1,0,0.8,0.5,2.0,0.0,0.0,10.93096923828125,32.484535217285156
270,1,0,0.8,0.8,0.5,7.678318500518799,10.675895869731903,15.992993354797363,34.40507888793945
270,1,0,0.8,0.8,1.0,4.8151984214782715,7.7526862025260925,17.647018432617188,46.114532470703125
270,1,0,0.8,0.8,2.0,2.771876811981201,3.1525673866271973,18.481399536132812,57.97604751586914
270,1,0,1.0,0.2,0.5,2.428980827331543,2.9809450507164,9.165057182312012,15.427997589111328
270,1,0,1.0,0.2,1.0,0.0,0.0,10.307727813720703,22.14707374572754
270,1,0,1.0,0.2,2.0,0.0,0.0,9.437264442443848,25.75632667541504
270,1,0,1.0,0.5,0.5,4.258453369140625,6.128618001937866,16.563655853271484,33.136070251464844
270,1,0,1.0,0.5,1.0,1.371855616569519,2.137287139892578,19.167150497436523,47.354652404785156
270,1,0,1.0,0.5,2.0,2.421475887298584,3.4001709818840027,21.95921516418457,64.67100524902344
270,1,0,1.0,0.8,0.5,11.955135345458984,17.387255787849426,34.705326080322266,73.96250915527344
270,1,0,1.0,0.8,1.0,7.373170852661133,11.086141645908356,49.040069580078125,118.76438903808594
270,1,0,1.0,0.8,2.0,5.375568389892578,8.091690003871918,28.64937400817871,87.70931243896484
270,1,0,1.2,0.2,0.5,0.0,0.0,31.033357620239258,51.90555191040039
270,1,0,1.2,0.2,1.0,0.0,0.0,22.323877334594727,46.441741943359375
270,1,0,1.2,0.2,2.0,0.0,0.0,14.736918449401855,41.15069580078125
270,1,0,1.2,0.5,0.5,4.373192310333252,5.395691990852356,45.00990676879883,85.14453125
270,1,0,1.2,0.5,1.0,4.158138275146484,5.521420478820801,52.667083740234375,118.34538269042969
270,1,0,1.2,0.5,2.0,2.913916826248169,4.137137532234192,42.72306823730469,114.01402282714844
270,1,0,1.2,0.8,0.5,11.263040542602539,12.691733658313751,111.46693420410156,194.17323303222656
270,1,0,1.2,0.8,1.0,8.464616775512695,11.206114292144775,93.62894439697266,192.9458770751953
270,1,0,1.2,0.8,2.0,5.950710296630859,8.115821421146393,84.74896240234375,203.89944458007812
270,1,1,0.8,0.2,0.5,6.2696661949157715,10.227865934371948,4.552463531494141,6.454046726226807
270,1,1,0.8,0.2,1.0,0.7814152836799622,0.8742232918739319,5.429312229156494,11.082311630249023
270,1,1,0.8,0.2,2.0,0.0,0.0,6.303154468536377,14.776819229125977
270,1,1,0.8,0.5,0.5,2.601097583770752,3.433426558971405,7.8726091384887695,14.15219783782959
270,1,1,0.8,0.5,1.0,1.7362682819366455,1.634459376335144,9.365782737731934,21.838603973388672
270,1,1,0.8,0.5,2.0,0.0,0.0,12.000593185424805,36.76270294189453
270,1,1,0.8,0.8,0.5,6.209506034851074,9.658823013305664,16.19821548461914,33.46896743774414
270,1,1,0.8,0.8,1.0,7.641444206237793,11.98259162902832,20.295957565307617,53.5477180480957
270,1,1,0.8,0.8,2.0,5.140605449676514,7.869984209537506,19.565465927124023,60.960906982421875
270,1,1,1.0,0.2,0.5,1.6168572902679443,1.8982881903648376,10.981330871582031,17.600584030151367
270,1,1,1.0,0.2,1.0,0.0,0.0,10.2402925491333,21.498424530029297
270,1,1,1.0,0.2,2.0,0.0,0.0,9.227105140686035,24.705167770385742
270,1,1,1.0,0.5,0.5,3.570563316345215,5.143258333206177,13.225205421447754,24.409944534301758
270,1,1,1.0,0.5,1.0,3.7820892333984375,5.3933053612709045,21.37704849243164,53.1885986328125
270,1,1,1.0,0.5,2.0,2.914777994155884,3.856015980243683,22.537261962890625,67.33489990234375
270,1,1,1.0,0.8,0.5,12.167681694030762,16.89818388223648,36.681114196777344,73.1021499633789
270,1,1,1.0,0.8,1.0,8.439273834228516,11.9446941614151,55.270294189453125,132.8552703857422
270,1,1,1.0,0.8,2.0,5.557737350463867,8.081906259059906,46.361976623535156,132.19610595703125
270,1,1,1.2,0.2,0.5,0.0,0.0,33.0782356262207,53.314659118652344
270,1,1,1.2,0.2,1.0,0.0,0.0,24.435705184936523,51.10765075683594
270,1,1,1.2,0.2,2.0,0.0,0.0,14.483234405517578,37.62509536743164
270,1,1,1.2,0.5,0.5,3.9714245796203613,4.741212964057922,52.62483596801758,91.97868347167969
270,1,1,1.2,0.5,1.0,4.045005798339844,5.491664111614227,47.398651123046875,110.77684020996094
270,1,1,1.2,0.5,2.0,2.76888370513916,3.9468552470207214,47.534420013427734,122.91486358642578
270,1,1,1.2,0.8,0.5,11.640151977539062,13.697366952896118,109.7682113647461,190.5077667236328
270,1,1,1.2,0.8,1.0,8.146513938903809,10.932286322116852,113.82916259765625,222.88827514648438
270,1,1,1.2,0.8,2.0,6.011813640594482,8.236902952194214,93.4117660522461,219.59986877441406
270,1,2,0.8,0.2,0.5,3.5967423915863037,5.475825726985931,5.042431354522705,7.3958539962768555
270,1,2,0.8,0.2,1.0,0.773653507232666,0.8975314497947693,5.788552761077881,11.642684936523438
270,1,2,0.8,0.2,2.0,0.08136093616485596,0.08821910619735718,6.577898979187012,17.051982879638672
270,1,2,0.8,0.5,0.5,2.3058488368988037,3.6230100989341736,6.4053053855896,10.613367080688477
270,1,2,0.8,0.5,1.0,0.9678567051887512,1.6742343306541443,8.719346046447754,20.319475173950195
270,1,2,0.8,0.5,2.0,0.0,0.08782714605331421,12.976449966430664,37.855323791503906
270,1,2,0.8,0.8,0.5,5.08748722076416,7.512106537818909,12.581453323364258,25.20661735534668
270,1,2,0.8,0.8,1.0,8.003373146057129,12.586711287498474,21.14055633544922,53.31767272949219
270,1,2,0.8,0.8,2.0,4.611348628997803,6.883756399154663,19.8028621673584,63.28834915161133
270,1,2,1.0,0.2,0.5,2.750971555709839,4.368734419345856,7.900473594665527,12.528590202331543
270,1,2,1.0,0.2,1.0,0.0,0.0,9.254828453063965,18.055622100830078
270,1,2,1.0,0.2,2.0,0.0,0.0,9.264640808105469,23.0052490234375
270,1,2,1.0,0.5,0.5,6.30913782119751,9.123608648777008,17.005210876464844,33.12130355834961
270,1,2,1.0,0.5,1.0,2.9067189693450928,4.376233756542206,18.841779708862305,45.12882614135742
270,1,2,1.0,0.5,2.0,2.01234769821167,2.1055415272712708,19.992490768432617,60.02229309082031
270,1,2,1.0,0.8,0.5,12.294587135314941,16.635834872722626,36.80354690551758,76.57891082763672
270,1,2,1.0,0.8,1.0,7.892779350280762,11.990444242954254,43.700130462646484,105.4404067993164
270,1,2,1.0,0.8,2.0,5.721982002258301,8.762341797351837,42.990562438964844,121.82987976074219
270,1,2,1.2,0.2,0.5,0.0,0.0,30.494644165039062,51.964500427246094
270,1,2,1.2,0.2,1.0,0.0,0.0,22.299524307250977,45.68023681640625
270,1,2,1.2,0.2,2.0,0.0,0.0,17.109407424926758,49.74415969848633
270,1,2,1.2,0.5,0.5,3.643190860748291,4.301337480545044,63.914306640625,113.40431213378906
270,1,2,1.2,0.5,1.0,3.5289392471313477,4.988180100917816,47.138282775878906,108.4715805053711
270,1,2,1.2,0.5,2.0,3.177949905395508,4.461653053760529,32.73396682739258,91.91792297363281
270,1,2,1.2,0.8,0.5,10.857893943786621,12.847269177436829,107.24476623535156,176.92247009277344
270,1,2,1.2,0.8,1.0,8.833683013916016,11.638382911682129,108.11676788330078,214.1215362548828
270,1,2,1.2,0.8,2.0,6.2919840812683105,8.637764573097229,88.38555908203125,209.70628356933594
270,1,3,0.8,0.2,0.5,3.7306525707244873,6.617591083049774,5.348545074462891,8.402237892150879
270,1,3,0.8,0.2,1.0,0.6048973798751831,0.8438684940338135,6.2195048332214355,12.312856674194336
270,1,3,0.8,0.2,2.0,0.16808098554611206,0.17380356788635254,6.400102138519287,15.016965866088867
270,1,3,0.8,0.5,0.5,2.860177993774414,3.024981439113617,5.896068572998047,9.692598342895508
270,1,3,0.8,0.5,1.0,0.9010636210441589,1.6845301985740662,10.699421882629395,24.298931121826172
270,1,3,0.8,0.5,2.0,0.0,0.0,13.756943702697754,38.77626419067383
270,1,3,0.8,0.8,0.5,6.534746170043945,8.549007773399353,12.614724159240723,25.690706253051758
270,1,3,0.8,0.8,1.0,7.258115291595459,11.112195432186127,20.092166900634766,52.726688385009766
270,1,3,0.8,0.8,2.0,5.518057823181152,8.606151461601257,24.80113410949707,75.49425506591797
270,1,3,1.0,0.2,0.5,1.9656343460083008,3.052046298980713,11.322718620300293,17.352046966552734
270,1,3,1.0,0.2,1.0,0.0,0.0,10.558492660522461,22.678579330444336
270,1,3,1.0,0.2,2.0,0.0,0.0,9.808884620666504,25.593225479125977
270,1,3,1.0,0.5,0.5,5.847256660461426,8.697290897369385,18.80399513244629,38.51492691040039
270,1,3,1.0,0.5,1.0,3.899515151977539,5.56841242313385,22.583908081054688,55.46019744873047
270,1,3,1.0,0.5,2.0,0.9218372106552124,0.8929491639137268,20.050371170043945,58.15302658081055
270,1,3,1.0,0.8,0.5,11.890298843383789,16.660467743873596,42.88898468017578,88.21696472167969
270,1,3,1.0,0.8,1.0,8.83062744140625,12.650818169116974,50.66518783569336,119.28836059570312
270,1,3,1.0,0.8,2.0,6.021876335144043,9.025451183319092,39.33665466308594,109.362060546875
270,1,3,1.2,0.2,0.5,0.0,0.0,23.835201263427734,44.715450286865234
270,1,3,1.2,0.2,1.0,0.0,0.0,14.297422409057617,30.998077392578125
270,1,3,1.2,0.2,2.0,0.0,0.0,13.663896560668945,34.18681716918945
270,1,3,1.2,0.5,0.5,3.2668800354003906,3.4298378825187683,59.18352127075195,103.21735382080078
270,1,3,1.2,0.5,1.0,3.9730987548828125,5.6453627943992615,37.10026550292969,87.1573257446289
270,1,3,1.2,0.5,2.0,2.452643632888794,3.3200945258140564,39.57880401611328,106.90013122558594
270,1,3,1.2,0.8,0.5,11.000311851501465,13.78287422657013,89.20433044433594,166.91346740722656
270,1,3,1.2,0.8,1.0,8.459603309631348,11.589925110340118,81.76908111572266,175.5623016357422
270,1,3,1.2,0.8,2.0,5.5918474197387695,7.850370287895203,81.45922088623047,202.0481414794922
270,1,4,0.8,0.2,0.5,5.919345855712891,8.571727752685547,5.377892971038818,8.154824256896973
270,1,4,0.8,0.2,1.0,0.08234173059463501,0.09998190402984619,6.40761137008667,12.159732818603516
270,1,4,0.8,0.2,2.0,0.03602123260498047,0.15903210639953613,5.445542335510254,12.744793891906738
270,1,4,0.8,0.5,0.5,1.8898818492889404,2.8590773940086365,7.399489402770996,13.314251899719238
270,1,4,0.8,0.5,1.0,0.8286022543907166,0.8771555423736572,10.242417335510254,24.28196144104004
270,1,4,0.8,0.5,2.0,0.889720618724823,0.8913745880126953,11.60954475402832,33.346649169921875
270,1,4,0.8,0.8,0.5,5.866406440734863,7.2560312151908875,10.781258583068848,20.86107063293457
270,1,4,0.8,0.8,1.0,5.170068264007568,7.950242280960083,17.01749038696289,43.1170768737793
270,1,4,0.8,0.8,2.0,5.5826921463012695,8.595113277435303,23.825475692749023,71.31359100341797
270,1,4,1.0,0.2,0.5,6.779684066772461,9.35451626777649,6.294379711151123,9.757944107055664
270,1,4,1.0,0.2,1.0,0.0,0.0,10.169164657592773,21.057483673095703
270,1,4,1.0,0.2,2.0,0.0,0.0,9.991921424865723,24.746904373168945
270,1,4,1.0,0.5,0.5,5.824121475219727,8.549169957637787,17.212549209594727,32.65956115722656
270,1,4,1.0,0.5,1.0,3.928971767425537,5.755510091781616,23.554044723510742,58.51251220703125
270,1,4,1.0,0.5,2.0,2.6272263526916504,3.5847386717796326,21.096738815307617,62.812007904052734
270,1,4,1.0,0.8,0.5,12.217438697814941,16.932686269283295,34.081825256347656,71.03756713867188
270,1,4,1.0,0.8,1.0,7.84379243850708,11.254582583904266,49.2226448059082,117.08676147460938
270,1,4,1.0,0.8,2.0,5.768296718597412,8.748084902763367,37.87323760986328,111.2950668334961
270,1,4,1.2,0.2,0.5,0.0,0.0,21.9155216217041,34.83098220825195
270,1,4,1.2,0.2,1.0,0.0,0.0,24.87822914123535,52.41941833496094
270,1,4,1.2,0.2,2.0,0.0,0.0,16.89208984375,44.10405731201172
270,1,4,1.2,0.5,0.5,4.065996170043945,5.258087158203125,52.14130783081055,97.11151885986328
270,1,4,1.2,0.5,1.0,3.6755404472351074,5.275805592536926,44.58625793457031,102.27682495117188
270,1,4,1.2,0.5,2.0,2.8416125774383545,3.876680850982666,33.154258728027344,97.34662628173828
270,1,4,1.2,0.8,0.5,10.817545890808105,13.117773175239563,112.51707458496094,197.3040008544922
270,1,4,1.2,0.8,1.0,8.005252838134766,10.56059443950653,102.5052261352539,207.0333709716797
270,1,4,1.2,0.8,2.0,6.01025915145874,8.50916337966919,79.04180908203125,193.2677001953125
271,1,0,0.8,0.2,0.5,3.519347667694092,5.259237706661224,6.045531749725342,8.988965034484863
271,1,0,0.8,0.2,1.0,0.4684606194496155,0.616276741027832,5.946536064147949,11.294791221618652
271,1,0,0.8,0.2,2.0,0.0,0.0,6.2215657234191895,14.992621421813965
271,1,0,0.8,0.5,0.5,3.740147113800049,5.547426819801331,9.1428804397583,16.247406005859375
271,1,0,0.8,0.5,1.0,1.7455708980560303,1.6206158995628357,10.832841873168945,25.610727310180664
271,1,0,0.8,0.5,2.0,0.5333948135375977,0.4780465364456177,12.34576416015625,35.84975051879883
271,1,0,0.8,0.8,0.5,4.113475322723389,4.001624882221222,12.447118759155273,25.312454223632812
271,1,0,0.8,0.8,1.0,6.9410295486450195,10.881495952606201,19.1984806060791,49.04758071899414
271,1,0,0.8,0.8,2.0,6.202239990234375,9.330766379833221,24.101030349731445,71.81388854980469
271,1,0,1.0,0.2,0.5,4.481829643249512,5.255249798297882,11.019338607788086,17.39623260498047
271,1,0,1.0,0.2,1.0,0.0,0.0,11.905721664428711,25.63427734375
271,1,0,1.0,0.2,2.0,0.0,0.0,9.820869445800781,25.333881378173828
271,1,0,1.0,0.5,0.5,6.22791051864624,9.069198071956635,17.887550354003906,33.563541412353516
271,1,0,1.0,0.5,1.0,4.007180213928223,6.122219681739807,21.01350975036621,51.96564483642578
271,1,0,1.0,0.5,2.0,0.3052597641944885,0.03687632083892822,12.869484901428223,38.24589538574219
271,1,0,1.0,0.8,0.5,12.221229553222656,17.640037953853607,29.918060302734375,61.124176025390625
271,1,0,1.0,0.8,1.0,8.100035667419434,11.897175192832947,48.6640510559082,118.57109832763672
271,1,0,1.0,0.8,2.0,5.571389675140381,8.538333415985107,36.65530776977539,110.39410400390625
271,1,0,1.2,0.2,0.5,0.0,0.0,23.69904136657715,40.509986877441406
271,1,0,1.2,0.2,1.0,0.0,0.0,22.736129760742188,45.89042663574219
271,1,0,1.2,0.2,2.0,0.0,0.0,16.732311248779297,44.30914306640625
271,1,0,1.2,0.5,0.5,4.666745185852051,6.283912003040314,41.63114929199219,79.38780975341797
271,1,0,1.2,0.5,1.0,3.087857246398926,4.32374370098114,48.42454147338867,112.5096206665039
271,1,0,1.2,0.5,2.0,2.752309799194336,4.141380488872528,38.41653823852539,104.4144287109375
271,1,0,1.2,0.8,0.5,9.732110023498535,11.610970914363861,116.81166076660156,205.03314208984375
271,1,0,1.2,0.8,1.0,7.883588790893555,10.720968961715698,94.42868041992188,194.233154296875
271,1,0,1.2,0.8,2.0,5.928544521331787,8.376787185668945,69.28865814208984,177.1470184326172
271,1,1,0.8,0.2,0.5,4.589008808135986,5.907787919044495,5.43875789642334,7.830432891845703
271,1,1,0.8,0.2,1.0,0.7127328515052795,1.0606472492218018,5.259938716888428,9.649293899536133
271,1,1,0.8,0.2,2.0,0.1972029209136963,0.18208837509155273,6.451296329498291,16.171255111694336
271,1,1,0.8,0.5,0.5,3.0400707721710205,3.842679023742676,7.54632043838501,12.944233894348145
271,1,1,0.8,0.5,1.0,0.21162718534469604,0.5555626153945923,8.171846389770508,18.444238662719727
271,1,1,0.8,0.5,2.0,0.8972295522689819,0.8966698050498962,13.67116928100586,41.2977294921875
271,1,1,0.8,0.8,0.5,6.542010307312012,7.187083125114441,13.278386116027832,26.65898895263672
271,1,1,0.8,0.8,1.0,7.582167148590088,11.789893567562103,20.610742568969727,54.149192810058594
271,1,1,0.8,0.8,2.0,5.351768493652344,8.131065368652344,22.59528160095215,70.56629943847656
271,1,1,1.0,0.2,0.5,2.7253005504608154,3.5281888246536255,9.452373504638672,15.133204460144043
271,1,1,1.0,0.2,1.0,0.0,0.0,11.575641632080078,25.60919952392578
271,1,1,1.0,0.2,2.0,0.0,0.0,9.378246307373047,24.527111053466797
271,1,1,1.0,0.5,0.5,6.959087371826172,9.891235589981079,18.818866729736328,35.58517837524414
271,1,1,1.0,0.5,1.0,3.666132688522339,5.72948557138443,20.80716896057129,51.70613479614258
271,1,1,1.0,0.5,2.0,2.5319104194641113,3.6683846712112427,20.558469772338867,61.07231521606445
271,1,1,1.0,0.8,0.5,11.421892166137695,16.783051431179047,29.21807098388672,61.307281494140625
271,1,1,1.0,0.8,1.0,7.935787200927734,11.43903923034668,49.07548522949219,117.7398452758789
271,1,1,1.0,0.8,2.0,5.1598005294799805,7.8185760378837585,41.687744140625,121.81106567382812
271,1,1,1.2,0.2,0.5,0.0,0.0,25.7291202545166,41.019161224365234
271,1,1,1.2,0.2,1.0,0.0,0.0,17.916271209716797,36.92717742919922
271,1,1,1.2,0.2,2.0,0.0,0.0,16.929492950439453,41.5550422668457
271,1,1,1.2,0.5,0.5,3.857731819152832,4.718216359615326,47.829811096191406,91.68399047851562
271,1,1,1.2,0.5,1.0,3.7014479637145996,5.199718534946442,45.004703521728516,106.71255493164062
271,1,1,1.2,0.5,2.0,2.858008861541748,3.9343103170394897,43.99232482910156,114.80139923095703
271,1,1,1.2,0.8,0.5,11.924124717712402,14.278448104858398,112.92536163330078,198.4982147216797
271,1,1,1.2,0.8,1.0,8.012578964233398,10.850436329841614,111.56893157958984,219.76673889160156
271,1,1,1.2,0.8,2.0,5.6046552658081055,8.019911348819733,78.4489974975586,194.27908325195312
271,1,2,0.8,0.2,0.5,5.63214111328125,6.38363516330719,4.576605319976807,7.078813076019287
271,1,2,0.8,0.2,1.0,0.10204923152923584,0.20824790000915527,5.091431140899658,9.897356986999512
271,1,2,0.8,0.2,2.0,0.0,0.0,6.010894775390625,13.407417297363281
271,1,2,0.8,0.5,0.5,1.1218305826187134,1.0877687335014343,7.305278778076172,12.476020812988281
271,1,2,0.8,0.5,1.0,0.026105403900146484,0.030802786350250244,10.48190975189209,23.735795974731445
271,1,2,0.8,0.5,2.0,0.0,0.0,11.017754554748535,31.943387985229492
271,1,2,0.8,0.8,0.5,5.879227638244629,6.5242995619773865,13.877791404724121,28.591995239257812
271,1,2,0.8,0.8,1.0,7.875950336456299,12.339774131774902,20.03804588317871,52.993125915527344
271,1,2,0.8,0.8,2.0,5.5065155029296875,8.853533864021301,21.181541442871094,64.73761749267578
271,1,2,1.0,0.2,0.5,1.788015365600586,2.472691297531128,9.114510536193848,14.621415138244629
271,1,2,1.0,0.2,1.0,0.0,0.0,8.497426986694336,17.231576919555664
271,1,2,1.0,0.2,2.0,0.0,0.0,8.859773635864258,22.665672302246094
271,1,2,1.0,0.5,0.5,6.573861122131348,10.129951298236847,17.639280319213867,34.6440315246582
271,1,2,1.0,0.5,1.0,1.1277434825897217,2.025509536266327,16.682052612304688,40.60565948486328
271,1,2,1.0,0.5,2.0,2.66746187210083,3.7781477570533752,22.347389221191406,66.82685852050781
271,1,2,1.0,0.8,0.5,11.295809745788574,16.957475185394287,20.42620849609375,43.14852523803711
271,1,2,1.0,0.8,1.0,7.817411422729492,11.460685789585114,53.73522186279297,126.19178771972656
271,1,2,1.0,0.8,2.0,5.265600204467773,7.85011488199234,35.830406188964844,106.6459732055664
271,1,2,1.2,0.2,0.5,1.040481686592102,1.1166160106658936,14.466352462768555,24.855154037475586
271,1,2,1.2,0.2,1.0,0.0,0.0,25.35980224609375,45.75384521484375
271,1,2,1.2,0.2,2.0,0.0,0.0,16.39560317993164,40.16902542114258
271,1,2,1.2,0.5,0.5,4.397764682769775,5.65031510591507,49.219757080078125,92.18769073486328
271,1,2,1.2,0.5,1.0,4.179022789001465,5.8025025725364685,44.480255126953125,101.23654174804688
271,1,2,1.2,0.5,2.0,2.702709674835205,3.86147278547287,35.06938171386719,99.12825775146484
271,1,2,1.2,0.8,0.5,10.6654691696167,12.223379373550415,110.97207641601562,192.84901428222656
271,1,2,1.2,0.8,1.0,8.325984954833984,10.96211153268814,100.60719299316406,205.24513244628906
271,1,2,1.2,0.8,2.0,6.33523416519165,8.929251432418823,81.80145263671875,196.1727294921875
271,1,3,0.8,0.2,0.5,3.877997875213623,5.210226118564606,4.986455917358398,7.222697734832764
271,1,3,0.8,0.2,1.0,0.13865411281585693,0.28839582204818726,5.727304458618164,10.866083145141602
271,1,3,0.8,0.2,2.0,0.0,0.0,6.836578369140625,16.86895179748535
271,1,3,0.8,0.5,0.5,1.7065517902374268,2.844629406929016,7.333776950836182,12.945029258728027
271,1,3,0.8,0.5,1.0,1.0605052709579468,1.115339994430542,9.225679397583008,22.10350799560547
271,1,3,0.8,0.5,2.0,0.6621396541595459,0.6673061847686768,11.74150276184082,34.74810028076172
271,1,3,0.8,0.8,0.5,9.807547569274902,14.78590303659439,17.63641929626465,36.82851028442383
271,1,3,0.8,0.8,1.0,7.862588882446289,12.145518779754639,21.489782333374023,54.97684860229492
271,1,3,0.8,0.8,2.0,5.35042667388916,8.190975725650787,21.83909797668457,66.57708740234375
271,1,3,1.0,0.2,0.5,1.1416754722595215,1.2379607558250427,9.39484691619873,13.731082916259766
271,1,3,1.0,0.2,1.0,0.0,0.0,9.202128410339355,19.13751220703125
271,1,3,1.0,0.2,2.0,0.0,0.0,10.198640823364258,25.887115478515625
271,1,3,1.0,0.5,0.5,5.913818359375,8.606642961502075,20.31466293334961,39.72635269165039
271,1,3,1.0,0.5,1.0,1.5486412048339844,1.554517686367035,12.927960395812988,30.28384017944336
271,1,3,1.0,0.5,2.0,2.3331985473632812,3.270076870918274,23.660306930541992,72.06495666503906
271,1,3,1.0,0.8,0.5,12.132307052612305,17.062140822410583,30.962173461914062,61.92518615722656
271,1,3,1.0,0.8,1.0,7.629583358764648,11.837768077850342,25.00967025756836,66.90452575683594
271,1,3,1.0,0.8,2.0,5.526428699493408,8.140567004680634,43.6038932800293,125.50611877441406
271,1,3,1.2,0.2,0.5,0.0,0.0,27.919841766357422,41.491512298583984
271,1,3,1.2,0.2,1.0,0.0,0.0,15.971513748168945,33.74049377441406
271,1,3,1.2,0.2,2.0,0.0,0.0,15.108718872070312,44.01609802246094
271,1,3,1.2,0.5,0.5,3.9127109050750732,5.003682196140289,45.533206939697266,87.39649200439453
271,1,3,1.2,0.5,1.0,3.8559677600860596,5.546821177005768,42.34547424316406,95.82223510742188
271,1,3,1.2,0.5,2.0,2.61272931098938,3.824230194091797,30.567325592041016,88.72073364257812
271,1,3,1.2,0.8,0.5,11.34048080444336,13.696156978607178,93.27872467041016,170.4007568359375
271,1,3,1.2,0.8,1.0,9.062975883483887,12.341274440288544,85.28850555419922,182.09202575683594
271,1,3,1.2,0.8,2.0,5.604309558868408,7.81257438659668,90.43463134765625,210.06167602539062
271,1,4,0.8,0.2,0.5,3.384331226348877,5.938299298286438,5.2190070152282715,7.976305961608887
271,1,4,0.8,0.2,1.0,0.48458153009414673,0.799522340297699,5.83119535446167,10.951774597167969
271,1,4,0.8,0.2,2.0,0.0,0.0,7.119742393493652,17.60043716430664
271,1,4,0.8,0.5,0.5,0.9970186352729797,1.7489598393440247,9.100441932678223,15.94588851928711
271,1,4,0.8,0.5,1.0,1.4147735834121704,1.4219796657562256,8.397782325744629,18.27745819091797
271,1,4,0.8,0.5,2.0,0.008880436420440674,0.005870044231414795,10.765554428100586,31.91448211669922
271,1,4,0.8,0.8,0.5,6.2266035079956055,7.930719375610352,14.222439765930176,28.325220108032227
271,1,4,0.8,0.8,1.0,7.971876621246338,12.346486210823059,24.13255500793457,61.286293029785156
271,1,4,0.8,0.8,2.0,5.437398910522461,8.326288878917694,23.865873336791992,74.09185028076172
271,1,4,1.0,0.2,0.5,1.989981770515442,2.962583303451538,8.600656509399414,14.313692092895508
271,1,4,1.0,0.2,1.0,0.0,0.0,9.681761741638184,20.785139083862305
271,1,4,1.0,0.2,2.0,0.0,0.0,9.285751342773438,22.246517181396484
271,1,4,1.0,0.5,0.5,1.9536457061767578,2.4419705271720886,11.109627723693848,21.044706344604492
271,1,4,1.0,0.5,1.0,4.162843227386475,6.370455265045166,21.101856231689453,48.98694610595703
271,1,4,1.0,0.5,2.0,2.960693836212158,4.116080403327942,24.3092041015625,70.12944793701172
271,1,4,1.0,0.8,0.5,11.865848541259766,16.489027321338654,39.201377868652344,82.07776641845703
271,1,4,1.0,0.8,1.0,8.162592887878418,12.000944435596466,40.52150344848633,99.0324935913086
271,1,4,1.0,0.8,2.0,5.794276714324951,8.478420913219452,45.3438606262207,130.33116149902344
271,1,4,1.2,0.2,0.5,0.0,0.0,32.750362396240234,50.53434753417969
271,1,4,1.2,0.2,1.0,0.0,0.0,22.39047622680664,43.1859130859375
271,1,4,1.2,0.2,2.0,0.0,0.0,16.48550796508789,42.895015716552734
271,1,4,1.2,0.5,0.5,2.961583137512207,3.3092199563980103,62.71689224243164,111.41549682617188
271,1,4,1.2,0.5,1.0,3.7212631702423096,5.458243012428284,41.4501953125,94.65038299560547
271,1,4,1.2,0.5,2.0,2.5599498748779297,3.486058294773102,39.553165435791016,109.96057891845703
271,1,4,1.2,0.8,0.5,10.997358322143555,12.88403594493866,107.72237396240234,189.83970642089844
271,1,4,1.2,0.8,1.0,8.661311149597168,12.102670311927795,80.45539855957031,171.48199462890625
271,1,4,1.2,0.8,2.0,5.4988298416137695,7.749775826931,72.2368392944336,183.2852783203125
272,1,0,0.8,0.2,0.5,4.120072364807129,5.822771072387695,5.0328474044799805,7.584376335144043
272,1,0,0.8,0.2,1.0,0.30983829498291016,0.6001133322715759,6.297957420349121,12.837212562561035
272,1,0,0.8,0.2,2.0,0.0,0.0,6.975744724273682,17.80164337158203
272,1,0,0.8,0.5,0.5,2.0220484733581543,2.9797244668006897,7.8273749351501465,13.144413948059082
272,1,0,0.8,0.5,1.0,0.9147003889083862,0.9077863693237305,10.07071590423584,24.1718692779541
272,1,0,0.8,0.5,2.0,0.40792715549468994,0.4602454900741577,12.295080184936523,37.80478286743164
272,1,0,0.8,0.8,0.5,5.804978847503662,8.084343552589417,14.889119148254395,30.939836502075195
272,1,0,0.8,0.8,1.0,7.745390892028809,11.80034452676773,21.191442489624023,53.617408752441406
272,1,0,0.8,0.8,2.0,5.5760722160339355,8.40053516626358,21.869861602783203,68.4175796508789
272,1,0,1.0,0.2,0.5,3.9628355503082275,5.45394366979599,10.274243354797363,15.763688087463379
272,1,0,1.0,0.2,1.0,0.056250154972076416,0.059902727603912354,8.994706153869629,18.02607536315918
272,1,0,1.0,0.2,2.0,0.0,0.0,9.250222206115723,22.555343627929688
272,1,0,1.0,0.5,0.5,2.6568822860717773,3.2453136444091797,12.152138710021973,23.042186737060547
272,1,0,1.0,0.5,1.0,2.2579550743103027,3.9012745022773743,19.117406845092773,46.89871597290039
272,1,0,1.0,0.5,2.0,2.8088221549987793,4.296728014945984,22.118024826049805,66.19551086425781
272,1,0,1.0,0.8,0.5,11.52065658569336,16.920709908008575,30.925039291381836,64.04148864746094
272,1,0,1.0,0.8,1.0,8.317726135253906,12.236241459846497,48.370079040527344,115.41575622558594
272,1,0,1.0,0.8,2.0,5.512946128845215,8.493674218654633,36.48693084716797,105.53366088867188
272,1,0,1.2,0.2,0.5,0.0,0.0,23.566082000732422,39.013275146484375
272,1,0,1.2,0.2,1.0,0.0,0.0,24.049741744995117,52.04597473144531
272,1,0,1.2,0.2,2.0,0.0,0.0,16.356054306030273,46.09463882446289
272,1,0,1.2,0.5,0.5,3.203883647918701,3.727072536945343,70.99101257324219,117.85565948486328
272,1,0,1.2,0.5,1.0,3.1611194610595703,4.302166938781738,40.02652359008789,90.76943969726562
272,1,0,1.2,0.5,2.0,2.8260326385498047,4.0359384417533875,33.753456115722656,98.56322479248047
272,1,0,1.2,0.8,0.5,11.57354736328125,13.360564172267914,114.08908081054688,196.45375061035156
272,1,0,1.2,0.8,1.0,8.445999145507812,11.584141731262207,82.25654602050781,177.53720092773438
272,1,0,1.2,0.8,2.0,5.613536834716797,8.078049957752228,81.54367065429688,196.29258728027344
272,1,1,0.8,0.2,0.5,4.332462787628174,5.3444308042526245,4.668400287628174,6.83499002456665
272,1,1,0.8,0.2,1.0,0.3703804016113281,0.41525208950042725,5.9978461265563965,11.963186264038086
272,1,1,0.8,0.2,2.0,0.1640613079071045,0.1640392541885376,6.432763576507568,14.50823974609375
272,1,1,0.8,0.5,0.5,1.1527831554412842,1.8242070078849792,7.532843589782715,13.266130447387695
272,1,1,0.8,0.5,1.0,1.0485455989837646,1.8058671951293945,9.477670669555664,22.465715408325195
272,1,1,0.8,0.5,2.0,0.8141002655029297,0.8932910561561584,11.222393989562988,32.09098815917969
272,1,1,0.8,0.8,0.5,6.535269260406494,9.718481600284576,14.588359832763672,29.223295211791992
272,1,1,0.8,0.8,1.0,7.538975238800049,11.609715163707733,20.291929244995117,51.66767501831055
272,1,1,0.8,0.8,2.0,5.235342025756836,8.308536291122437,21.356718063354492,69.12181091308594
272,1,1,1.0,0.2,0.5,5.067275524139404,6.7405301332473755,8.15258502960205,11.79077434539795
272,1,1,1.0,0.2,1.0,0.0,0.0,10.188493728637695,20.696325302124023
272,1,1,1.0,0.2,2.0,0.0,0.0,9.78040599822998,25.012527465820312
272,1,1,1.0,0.5,0.5,5.4217000007629395,8.3624969124794,16.690662384033203,32.30792236328125
272,1,1,1.0,0.5,1.0,3.2107341289520264,4.9809077978134155,18.734615325927734,44.627925872802734
272,1,1,1.0,0.5,2.0,2.150336742401123,3.1725643277168274,21.348251342773438,61.314151763916016
272,1,1,1.0,0.8,0.5,12.199631690979004,17.213744699954987,40.582122802734375,86.31818389892578
272,1,1,1.0,0.8,1.0,8.777275085449219,12.5565065741539,53.78301239013672,127.35429382324219
272,1,1,1.0,0.8,2.0,6.002445220947266,8.730090916156769,48.729454040527344,135.06350708007812
272,1,1,1.2,0.2,0.5,0.0,0.0,27.483470916748047,42.263999938964844
272,1,1,1.2,0.2,1.0,0.0,0.0,16.731874465942383,35.62146759033203
272,1,1,1.2,0.2,2.0,0.0,0.0,15.898004531860352,43.03367233276367
272,1,1,1.2,0.5,0.5,3.5886545181274414,4.165797710418701,54.2098388671875,100.55342102050781
272,1,1,1.2,0.5,1.0,3.8567540645599365,6.1496641635894775,29.147512435913086,70.05628967285156
272,1,1,1.2,0.5,2.0,2.560107946395874,3.5547678470611572,37.46177291870117,101.56989288330078
272,1,1,1.2,0.8,0.5,11.523844718933105,13.312968611717224,107.82794189453125,187.27218627929688
272,1,1,1.2,0.8,1.0,8.824043273925781,11.765911519527435,105.91014099121094,209.74989318847656
272,1,1,1.2,0.8,2.0,6.077889919281006,8.52365905046463,69.23615264892578,177.02947998046875
272,1,2,0.8,0.2,0.5,5.144328594207764,8.779222965240479,5.411458492279053,8.33725643157959
272,1,2,0.8,0.2,1.0,0.3592224717140198,0.7008623480796814,5.843545913696289,10.79766845703125
272,1,2,0.8,0.2,2.0,0.0,0.0,6.252106666564941,14.038817405700684
272,1,2,0.8,0.5,0.5,2.1295433044433594,3.3859221935272217,7.598984718322754,13.694849967956543
272,1,2,0.8,0.5,1.0,1.955916166305542,1.9824244976043701,10.705604553222656,26.104982376098633
272,1,2,0.8,0.5,2.0,0.0,0.0,10.547690391540527,30.78736686706543
272,1,2,0.8,0.8,0.5,5.720197677612305,6.947345793247223,14.025394439697266,28.250303268432617
272,1,2,0.8,0.8,1.0,8.500435829162598,12.76242184638977,23.315523147583008,59.79461669921875
272,1,2,0.8,0.8,2.0,5.65678596496582,8.85351675748825,23.92459487915039,71.22893524169922
272,1,2,1.0,0.2,0.5,1.6176997423171997,2.878808915615082,8.450477600097656,13.883655548095703
272,1,2,1.0,0.2,1.0,0.0,0.0,10.363064765930176,21.29424476623535
272,1,2,1.0,0.2,2.0,0.0,0.0,9.857662200927734,25.373117446899414
272,1,2,1.0,0.5,0.5,7.173476219177246,9.592535436153412,23.7458438873291,47.216121673583984
272,1,2,1.0,0.5,1.0,4.373593330383301,6.968691647052765,20.53368377685547,48.16969680786133
272,1,2,1.0,0.5,2.0,2.23809814453125,3.141702115535736,22.490230560302734,67.48712921142578
272,1,2,1.0,0.8,0.5,11.584556579589844,15.591106057167053,43.849952697753906,91.5969009399414
272,1,2,1.0,0.8,1.0,8.378522872924805,12.538766205310822,44.26990509033203,107.30245971679688
272,1,2,1.0,0.8,2.0,5.9596967697143555,8.728407323360443,42.84935760498047,124.74427032470703
272,1,2,1.2,0.2,0.5,0.0,0.0,21.40818214416504,40.33039474487305
272,1,2,1.2,0.2,1.0,0.0,0.0,19.732017517089844,40.60828399658203
272,1,2,1.2,0.2,2.0,0.0,0.0,11.084818840026855,28.569713592529297
272,1,2,1.2,0.5,0.5,4.405942916870117,5.415582835674286,49.9990119934082,92.52723693847656
272,1,2,1.2,0.5,1.0,4.3723955154418945,6.070165455341339,49.323917388916016,107.14836120605469
272,1,2,1.2,0.5,2.0,3.1788902282714844,4.271201074123383,46.98619079589844,122.20451354980469
272,1,2,1.2,0.8,0.5,11.67289924621582,13.998367846012115,96.72406005859375,175.35214233398438
272,1,2,1.2,0.8,1.0,8.736649513244629,12.285569190979004,57.62852096557617,134.54302978515625
272,1,2,1.2,0.8,2.0,5.7869462966918945,8.028386414051056,75.18042755126953,185.71826171875
272,1,3,0.8,0.2,0.5,3.8339648246765137,5.304560422897339,4.908111572265625,7.4228925704956055
272,1,3,0.8,0.2,1.0,0.01326829195022583,0.0,6.043798446655273,11.275976181030273
272,1,3,0.8,0.2,2.0,0.01440972089767456,0.0,6.687999725341797,15.388187408447266
272,1,3,0.8,0.5,0.5,2.98345947265625,3.9677997827529907,8.443586349487305,15.466428756713867
272,1,3,0.8,0.5,1.0,0.8549532294273376,1.515930950641632,9.430471420288086,22.48772621154785
272,1,3,0.8,0.5,2.0,0.0,0.0,8.039724349975586,22.96306037902832
272,1,3,0.8,0.8,0.5,8.864968299865723,14.072785377502441,17.175745010375977,36.323570251464844
272,1,3,0.8,0.8,1.0,7.541790962219238,11.668055832386017,24.749004364013672,64.84599304199219
272,1,3,0.8,0.8,2.0,5.566577911376953,8.56923508644104,22.801097869873047,72.16657257080078
272,1,3,1.0,0.2,0.5,0.06280195713043213,0.26213955879211426,9.952325820922852,17.007110595703125
272,1,3,1.0,0.2,1.0,0.0,0.0,10.613419532775879,20.82373046875
272,1,3,1.0,0.2,2.0,0.0,0.0,10.757305145263672,27.783336639404297
272,1,3,1.0,0.5,0.5,4.462599754333496,7.075270593166351,16.232526779174805,33.07200241088867
272,1,3,1.0,0.5,1.0,3.8273630142211914,5.516417741775513,21.819929122924805,50.647823333740234
272,1,3,1.0,0.5,2.0,0.6121553182601929,0.6523019075393677,20.196752548217773,62.69584655761719
272,1,3,1.0,0.8,0.5,10.885675430297852,14.649652659893036,50.58348846435547,104.47164916992188
272,1,3,1.0,0.8,1.0,8.25914192199707,11.900747954845428,47.528114318847656,112.92346954345703
272,1,3,1.0,0.8,2.0,5.660172462463379,8.105843663215637,47.846927642822266,138.34129333496094
272,1,3,1.2,0.2,0.5,0.0,0.0,27.418148040771484,46.331939697265625
272,1,3,1.2,0.2,1.0,0.0,0.0,24.650737762451172,46.78670883178711
272,1,3,1.2,0.2,2.0,0.0,0.0,15.581974029541016,38.163536071777344
272,1,3,1.2,0.5,0.5,3.8569064140319824,5.540166854858398,33.22116470336914,64.1946029663086
272,1,3,1.2,0.5,1.0,3.595463752746582,5.096503496170044,36.44923782348633,88.66191101074219
272,1,3,1.2,0.5,2.0,2.6615657806396484,3.723714590072632,40.84234619140625,110.45540618896484
272,1,3,1.2,0.8,0.5,10.803518295288086,13.056916773319244,102.37661743164062,180.38787841796875
272,1,3,1.2,0.8,1.0,7.963752746582031,10.397651612758636,106.15550994873047,214.31439208984375
272,1,3,1.2,0.8,2.0,6.270539283752441,9.120593070983887,56.19375991821289,150.42332458496094
272,1,4,0.8,0.2,0.5,4.030179977416992,5.7761799693107605,5.0444722175598145,7.619677543640137
272,1,4,0.8,0.2,1.0,0.15434032678604126,0.10757333040237427,6.452425479888916,12.302214622497559
272,1,4,0.8,0.2,2.0,0.0,0.0,6.22271728515625,14.245522499084473
272,1,4,0.8,0.5,0.5,1.6529614925384521,2.510689377784729,8.980602264404297,16.1795711517334
272,1,4,0.8,0.5,1.0,1.0596188306808472,1.3865675926208496,8.941226959228516,19.915653228759766
272,1,4,0.8,0.5,2.0,0.9171655178070068,0.9004290103912354,10.998472213745117,32.717063903808594
272,1,4,0.8,0.8,0.5,4.912955284118652,5.980781376361847,13.579301834106445,27.66693878173828
272,1,4,0.8,0.8,1.0,6.908148765563965,10.596693217754364,18.820819854736328,48.25632095336914
272,1,4,0.8,0.8,2.0,5.513230323791504,8.677918553352356,22.729658126831055,70.91136169433594
272,1,4,1.0,0.2,0.5,2.966310501098633,4.322098553180695,10.818419456481934,17.6999454498291
272,1,4,1.0,0.2,1.0,0.0,0.0,11.133379936218262,21.758451461791992
272,1,4,1.0,0.2,2.0,0.0,0.0,9.56458854675293,24.888397216796875
272,1,4,1.0,0.5,0.5,6.064635276794434,9.189590811729431,17.797672271728516,35.283512115478516
272,1,4,1.0,0.5,1.0,3.592320442199707,5.433539271354675,19.85309600830078,52.78074645996094
272,1,4,1.0,0.5,2.0,2.029778003692627,3.424453854560852,21.148712158203125,61.281063079833984
272,1,4,1.0,0.8,0.5,11.476329803466797,16.318080127239227,43.59147262573242,88.72809600830078
272,1,4,1.0,0.8,1.0,8.097933769226074,11.629335761070251,32.32667541503906,82.83910369873047
272,1,4,1.0,0.8,2.0,5.948244094848633,8.981845378875732,38.69723129272461,111.62837219238281
272,1,4,1.2,0.2,0.5,0.0,0.0,26.360031127929688,40.09781265258789
272,1,4,1.2,0.2,1.0,0.0,0.0,24.67368507385254,49.43004608154297
272,1,4,1.2,0.2,2.0,0.0,0.0,17.513208389282227,42.29046630859375
272,1,4,1.2,0.5,0.5,3.8553547859191895,4.781585156917572,48.409053802490234,96.27532958984375
272,1,4,1.2,0.5,1.0,3.9907445907592773,5.920208692550659,49.19516372680664,110.02603149414062
272,1,4,1.2,0.5,2.0,2.9703166484832764,4.144859611988068,32.6741943359375,91.66453552246094
272,1,4,1.2,0.8,0.5,11.644906997680664,13.819185256958008,97.4529800415039,179.03341674804688
272,1,4,1.2,0.8,1.0,8.17117691040039,11.508582770824432,73.28572845458984,162.98916625976562
272,1,4,1.2,0.8,2.0,5.762875556945801,8.343038082122803,85.8022689819336,202.639892578125
273,1,0,0.8,0.2,0.5,6.189717769622803,9.725180864334106,3.9641640186309814,5.591342449188232
273,1,0,0.8,0.2,1.0,0.5006672739982605,0.5493994355201721,5.405604362487793,10.963680267333984
273,1,0,0.8,0.2,2.0,0.0,0.0,5.961826324462891,14.233497619628906
273,1,0,0.8,0.5,0.5,2.553021192550659,3.2749801874160767,7.905310153961182,13.691644668579102
273,1,0,0.8,0.5,1.0,1.3592097759246826,1.6566312909126282,9.84284782409668,21.74094009399414
273,1,0,0.8,0.5,2.0,0.029217958450317383,0.21762800216674805,9.92239761352539,29.355554580688477
273,1,0,0.8,0.8,0.5,6.274676322937012,8.15203845500946,12.405632972717285,23.770864486694336
273,1,0,0.8,0.8,1.0,7.483259677886963,11.509509205818176,22.376380920410156,58.053672790527344
273,1,0,0.8,0.8,2.0,5.347719192504883,8.15196144580841,20.99953269958496,64.07286071777344
273,1,0,1.0,0.2,0.5,4.285533428192139,8.032329380512238,9.67078685760498,14.781146049499512
273,1,0,1.0,0.2,1.0,0.0,0.0,10.41075611114502,22.416990280151367
273,1,0,1.0,0.2,2.0,0.0,0.0,9.671642303466797,23.56998062133789
273,1,0,1.0,0.5,0.5,4.935855388641357,7.727770805358887,16.532835006713867,31.766422271728516
273,1,0,1.0,0.5,1.0,0.0,0.0,14.177165031433105,34.419029235839844
273,1,0,1.0,0.5,2.0,2.2819886207580566,3.279630482196808,22.477825164794922,66.9738540649414
273,1,0,1.0,0.8,0.5,11.47741985321045,15.919804632663727,32.08479690551758,67.40959167480469
273,1,0,1.0,0.8,1.0,8.153610229492188,12.100836634635925,45.42848205566406,111.57217407226562
273,1,0,1.0,0.8,2.0,5.9852423667907715,9.088967144489288,47.52105712890625,128.78285217285156
273,1,0,1.2,0.2,0.5,0.0,0.0,29.23404884338379,46.21266555786133
273,1,0,1.2,0.2,1.0,0.0,0.0,22.763010025024414,50.21596145629883
273,1,0,1.2,0.2,2.0,0.0,0.0,15.65975284576416,39.92848205566406
273,1,0,1.2,0.5,0.5,3.861323595046997,4.873208403587341,49.2421989440918,82.0748291015625
273,1,0,1.2,0.5,1.0,3.9956319332122803,5.909097492694855,36.76201248168945,86.21366119384766
273,1,0,1.2,0.5,2.0,2.962282419204712,4.21454530954361,41.18679428100586,110.76521301269531
273,1,0,1.2,0.8,0.5,11.732667922973633,13.862390041351318,110.61003875732422,195.29913330078125
273,1,0,1.2,0.8,1.0,8.039509773254395,10.711831152439117,106.54522705078125,212.4557342529297
273,1,0,1.2,0.8,2.0,6.079678058624268,8.341561436653137,84.21134185791016,205.68963623046875
273,1,1,0.8,0.2,0.5,4.8892903327941895,7.114551603794098,4.672749042510986,7.007508277893066
273,1,1,0.8,0.2,1.0,0.3764037489891052,0.2897685170173645,5.434002876281738,11.269556045532227
273,1,1,0.8,0.2,2.0,0.0,0.0,6.196685791015625,14.77743911743164
273,1,1,0.8,0.5,0.5,2.562546491622925,3.4942198395729065,5.9920830726623535,10.07382869720459
273,1,1,0.8,0.5,1.0,0.0,0.0,11.63890266418457,26.7232666015625
273,1,1,0.8,0.5,2.0,0.5975027084350586,0.6086909770965576,11.054330825805664,32.64268493652344
273,1,1,0.8,0.8,0.5,4.619101524353027,6.9838603138923645,14.010683059692383,28.690921783447266
273,1,1,0.8,0.8,1.0,5.259185314178467,8.495005667209625,18.25019073486328,45.90537643432617
273,1,1,0.8,0.8,2.0,5.139432907104492,8.08008337020874,20.87938117980957,65.15949249267578
273,1,1,1.0,0.2,0.5,1.883228063583374,2.865304112434387,8.438854217529297,13.873893737792969
273,1,1,1.0,0.2,1.0,0.0,0.0,10.887669563293457,21.734752655029297
273,1,1,1.0,0.2,2.0,0.0,0.0,7.527646064758301,20.14325714111328
273,1,1,1.0,0.5,0.5,2.7423593997955322,4.372572541236877,16.170225143432617,32.66653823852539
273,1,1,1.0,0.5,1.0,2.540428876876831,3.8378530740737915,18.661483764648438,45.1315803527832
273,1,1,1.0,0.5,2.0,0.44088470935821533,0.5058172345161438,18.662174224853516,59.8679084777832
273,1,1,1.0,0.8,0.5,12.099048614501953,16.045941829681396,46.03150177001953,94.74304962158203
273,1,1,1.0,0.8,1.0,7.8098368644714355,11.510676860809326,47.13701629638672,113.27433776855469
273,1,1,1.0,0.8,2.0,5.7013840675354,8.29664158821106,38.30747985839844,110.4953842163086
273,1,1,1.2,0.2,0.5,0.0,0.0,29.709896087646484,36.54371643066406
273,1,1,1.2,0.2,1.0,0.0,0.0,27.269594192504883,55.176185607910156
273,1,1,1.2,0.2,2.0,0.0,0.0,9.555633544921875,26.184078216552734
273,1,1,1.2,0.5,0.5,3.323920965194702,3.7145766019821167,64.77757263183594,108.05384063720703
273,1,1,1.2,0.5,1.0,3.5771188735961914,4.954440951347351,49.44151306152344,110.90733337402344
273,1,1,1.2,0.5,2.0,2.6425960063934326,3.720377266407013,37.57832336425781,107.45735168457031
273,1,1,1.2,0.8,0.5,11.87409782409668,15.30289363861084,68.82328796386719,132.5817413330078
273,1,1,1.2,0.8,1.0,7.0633721351623535,9.651843428611755,91.24319458007812,195.68019104003906
273,1,1,1.2,0.8,2.0,5.455677509307861,7.645990014076233,80.90323638916016,198.12960815429688
273,1,2,0.8,0.2,0.5,4.119736671447754,5.741105556488037,4.982377529144287,7.882302284240723
273,1,2,0.8,0.2,1.0,0.09943246841430664,0.22616887092590332,5.922021389007568,11.337632179260254
273,1,2,0.8,0.2,2.0,0.016847550868988037,0.3943113088607788,6.238145351409912,15.695084571838379
273,1,2,0.8,0.5,0.5,1.9734232425689697,2.927084743976593,7.75563383102417,14.340249061584473
273,1,2,0.8,0.5,1.0,0.8890910148620605,1.5193538069725037,9.68164348602295,22.660171508789062
273,1,2,0.8,0.5,2.0,0.0,0.0,10.548797607421875,30.093990325927734
273,1,2,0.8,0.8,0.5,5.617631912231445,8.61572813987732,12.423625946044922,25.084047317504883
273,1,2,0.8,0.8,1.0,7.556404113769531,11.821596384048462,20.803300857543945,54.34004592895508
273,1,2,0.8,0.8,2.0,5.4501214027404785,8.392555713653564,22.289121627807617,70.3051986694336
273,1,2,1.0,0.2,0.5,4.7836785316467285,7.888866305351257,7.690587043762207,11.750517845153809
273,1,2,1.0,0.2,1.0,0.037667930126190186,0.04299056529998779,8.12507438659668,18.18463897705078
273,1,2,1.0,0.2,2.0,0.0,0.0,10.701921463012695,26.66512107849121
273,1,2,1.0,0.5,0.5,6.384612560272217,9.47087299823761,19.846233367919922,41.50461959838867
273,1,2,1.0,0.5,1.0,4.362735271453857,6.420287668704987,21.44856834411621,52.81571578979492
273,1,2,1.0,0.5,2.0,0.9490332007408142,1.1868194937705994,18.85867691040039,55.552433013916016
273,1,2,1.0,0.8,0.5,11.477729797363281,16.25226068496704,40.16549301147461,84.1762466430664
273,1,2,1.0,0.8,1.0,8.287525177001953,12.114385962486267,35.6635627746582,90.24319458007812
273,1,2,1.0,0.8,2.0,5.655610084533691,8.557000517845154,45.647945404052734,128.23062133789062
273,1,2,1.2,0.2,0.5,0.0,0.0,33.788291931152344,51.64546585083008
273,1,2,1.2,0.2,1.0,0.0,0.0,23.999229431152344,50.04063034057617
273,1,2,1.2,0.2,2.0,0.0,0.0,16.591251373291016,43.82083511352539
273,1,2,1.2,0.5,0.5,4.416504383087158,5.722258746623993,34.515193939208984,63.979312896728516
273,1,2,1.2,0.5,1.0,3.8815433979034424,5.582575559616089,38.497249603271484,87.93478393554688
273,1,2,1.2,0.5,2.0,2.886233329772949,4.217652857303619,37.01533126831055,104.05999755859375
273,1,2,1.2,0.8,0.5,11.685649871826172,14.098938345909119,102.76470947265625,184.97154235839844
273,1,2,1.2,0.8,1.0,8.612436294555664,11.41065388917923,100.59590911865234,203.70799255371094
273,1,2,1.2,0.8,2.0,6.557648658752441,9.162599384784698,87.43938446044922,207.6283416748047
273,1,3,0.8,0.2,0.5,6.153741359710693,10.136619448661804,5.247754096984863,7.945188522338867
273,1,3,0.8,0.2,1.0,0.5959604978561401,0.7789068818092346,5.936561107635498,11.626618385314941
273,1,3,0.8,0.2,2.0,0.0,0.048642516136169434,6.341308116912842,14.984206199645996
273,1,3,0.8,0.5,0.5,2.1031718254089355,2.7407572865486145,7.468385219573975,13.720263481140137
273,1,3,0.8,0.5,1.0,1.3975998163223267,1.3698434233665466,12.306174278259277,28.619827270507812
273,1,3,0.8,0.5,2.0,0.9775920510292053,1.2797031998634338,12.280590057373047,35.31593322753906
273,1,3,0.8,0.8,0.5,4.686831951141357,6.327485084533691,14.267521858215332,28.45241928100586
273,1,3,0.8,0.8,1.0,7.436521530151367,11.686748385429382,20.337284088134766,53.29611587524414
273,1,3,0.8,0.8,2.0,5.425424575805664,8.658637762069702,21.701194763183594,66.64013671875
273,1,3,1.0,0.2,0.5,4.576180458068848,6.45940887928009,9.047186851501465,14.358275413513184
273,1,3,1.0,0.2,1.0,0.0,0.0,10.2099027633667,20.608623504638672
273,1,3,1.0,0.2,2.0,0.0,0.0,10.241738319396973,23.907880783081055
273,1,3,1.0,0.5,0.5,5.866874694824219,8.36065411567688,20.6279239654541,40.37478256225586
273,1,3,1.0,0.5,1.0,3.094099521636963,4.801501929759979,19.98687171936035,50.515602111816406
273,1,3,1.0,0.5,2.0,2.661252975463867,4.017749488353729,21.521100997924805,67.66471099853516
273,1,3,1.0,0.8,0.5,12.081464767456055,16.35282677412033,42.57207489013672,86.39411926269531
273,1,3,1.0,0.8,1.0,8.358366012573242,12.572736084461212,37.15085983276367,92.93841552734375
273,1,3,1.0,0.8,2.0,5.5195817947387695,8.199842751026154,42.30706787109375,121.73883056640625
273,1,3,1.2,0.2,0.5,0.0,0.0,21.458465576171875,38.323246002197266
273,1,3,1.2,0.2,1.0,0.0,0.0,16.304290771484375,31.00609588623047
273,1,3,1.2,0.2,2.0,0.0,0.0,16.720294952392578,43.17833709716797
273,1,3,1.2,0.5,0.5,3.7024781703948975,4.234345376491547,54.86664962768555,101.99615478515625
273,1,3,1.2,0.5,1.0,4.433770179748535,5.8217902183532715,51.8747444152832,115.9842300415039
273,1,3,1.2,0.5,2.0,2.90309739112854,4.095713376998901,37.322418212890625,106.07991027832031
273,1,3,1.2,0.8,0.5,11.401845932006836,13.968567252159119,98.91422271728516,177.81507873535156
273,1,3,1.2,0.8,1.0,8.025432586669922,11.229660093784332,79.46227264404297,172.6315155029297
273,1,3,1.2,0.8,2.0,5.47485876083374,8.15863972902298,76.58756256103516,188.13034057617188
273,1,4,0.8,0.2,0.5,3.4758903980255127,5.228288948535919,5.8645710945129395,9.538399696350098
273,1,4,0.8,0.2,1.0,0.15997350215911865,0.14555346965789795,4.900447845458984,8.989645004272461
273,1,4,0.8,0.2,2.0,0.0,0.0,6.418793201446533,15.473526000976562
273,1,4,0.8,0.5,0.5,1.7367274761199951,2.2750208377838135,6.657758712768555,11.404023170471191
273,1,4,0.8,0.5,1.0,0.8142669200897217,0.8288832902908325,9.208690643310547,21.767906188964844
273,1,4,0.8,0.5,2.0,0.8311828374862671,1.337161660194397,8.971321105957031,25.05620002746582
273,1,4,0.8,0.8,0.5,5.51158332824707,7.396120250225067,13.56917953491211,27.824583053588867
273,1,4,0.8,0.8,1.0,4.895420551300049,6.960091054439545,16.906831741333008,42.55299758911133
273,1,4,0.8,0.8,2.0,4.2046308517456055,6.598301827907562,19.862716674804688,59.466915130615234
273,1,4,1.0,0.2,0.5,1.204778790473938,2.0848609805107117,9.544535636901855,15.3889799118042
273,1,4,1.0,0.2,1.0,0.15039551258087158,0.16288894414901733,7.47662878036499,14.116314888000488
273,1,4,1.0,0.2,2.0,0.0,0.0,10.833658218383789,28.13024139404297
273,1,4,1.0,0.5,0.5,5.95551872253418,8.49674141407013,21.378175735473633,44.07402038574219
273,1,4,1.0,0.5,1.0,4.066498756408691,6.334714949131012,21.592025756835938,52.35991287231445
273,1,4,1.0,0.5,2.0,0.0,0.03579920530319214,18.549549102783203,57.01897430419922
273,1,4,1.0,0.8,0.5,10.896723747253418,15.476688206195831,42.82575225830078,90.5446548461914
273,1,4,1.0,0.8,1.0,8.510360717773438,13.057015538215637,25.780946731567383,64.2561264038086
273,1,4,1.0,0.8,2.0,6.220969200134277,9.078689336776733,49.28175354003906,136.2857666015625
273,1,4,1.2,0.2,0.5,0.0,0.0,20.0030517578125,37.15137481689453
273,1,4,1.2,0.2,1.0,0.0,0.0,18.251487731933594,35.802669525146484
273,1,4,1.2,0.2,2.0,0.0,0.0,16.53634262084961,43.12642288208008
273,1,4,1.2,0.5,0.5,4.439609050750732,5.656763315200806,41.380916595458984,69.9259262084961
273,1,4,1.2,0.5,1.0,3.625056028366089,5.216776371002197,55.17626190185547,123.5418930053711
273,1,4,1.2,0.5,2.0,3.096308469772339,4.371107220649719,41.313655853271484,113.58670043945312
273,1,4,1.2,0.8,0.5,11.925143241882324,13.404142439365387,123.31342315673828,209.3142547607422
273,1,4,1.2,0.8,1.0,8.366174697875977,11.230028092861176,91.82040405273438,192.09048461914062
273,1,4,1.2,0.8,2.0,5.663928985595703,7.611416876316071,94.77377319335938,222.8564910888672
274,1,0,0.8,0.2,0.5,5.014815330505371,8.064314126968384,5.063691139221191,7.059759616851807
274,1,0,0.8,0.2,1.0,0.06443387269973755,0.21490997076034546,6.0854597091674805,11.64163875579834
274,1,0,0.8,0.2,2.0,0.0,0.0,6.919618129730225,16.03328514099121
274,1,0,0.8,0.5,0.5,1.442192792892456,1.5071019530296326,7.326883316040039,12.757741928100586
274,1,0,0.8,0.5,1.0,0.7307032346725464,0.6392050981521606,10.954968452453613,26.93743896484375
274,1,0,0.8,0.5,2.0,0.9081437587738037,0.9147986173629761,11.967103958129883,35.638328552246094
274,1,0,0.8,0.8,0.5,8.529120445251465,13.007484376430511,17.078699111938477,36.11122131347656
274,1,0,0.8,0.8,1.0,7.799228191375732,11.708535134792328,24.671663284301758,62.85026550292969
274,1,0,0.8,0.8,2.0,5.635425567626953,8.863762259483337,25.76972007751465,78.17900848388672
274,1,0,1.0,0.2,0.5,4.04914665222168,7.052196025848389,8.561379432678223,13.644735336303711
274,1,0,1.0,0.2,1.0,0.0,0.0,8.170258522033691,16.60838508605957
274,1,0,1.0,0.2,2.0,0.0,0.0,10.759875297546387,28.649484634399414
274,1,0,1.0,0.5,0.5,3.6228275299072266,4.937227249145508,13.654417037963867,26.343219757080078
274,1,0,1.0,0.5,1.0,0.76413494348526,0.7456469535827637,16.400405883789062,42.029422760009766
274,1,0,1.0,0.5,2.0,0.6671116352081299,0.664807915687561,17.804140090942383,53.77265548706055
274,1,0,1.0,0.8,0.5,6.6075592041015625,8.935146749019623,12.642306327819824,24.94170570373535
274,1,0,1.0,0.8,1.0,8.333648681640625,12.213349640369415,40.720680236816406,98.73331451416016
274,1,0,1.0,0.8,2.0,6.058608531951904,8.54908549785614,54.82817840576172,148.6739501953125
274,1,0,1.2,0.2,0.5,0.0,0.0,24.414077758789062,59.36234664916992
274,1,0,1.2,0.2,1.0,0.0,0.0,21.221580505371094,46.66876983642578
274,1,0,1.2,0.2,2.0,0.0,0.0,15.297719955444336,41.206932067871094
274,1,0,1.2,0.5,0.5,3.276068687438965,4.210024654865265,57.73468780517578,103.2298583984375
274,1,0,1.2,0.5,1.0,3.2146806716918945,4.418443143367767,49.49491882324219,109.3716049194336
274,1,0,1.2,0.5,2.0,3.109171152114868,4.703021943569183,28.678665161132812,80.95085906982422
274,1,0,1.2,0.8,0.5,11.806354522705078,13.80491316318512,112.83068084716797,200.1851043701172
274,1,0,1.2,0.8,1.0,9.14725112915039,12.542731404304504,92.4770736694336,194.3092803955078
274,1,0,1.2,0.8,2.0,5.739361763000488,8.0172478556633,87.80685424804688,208.9564666748047
274,1,1,0.8,0.2,0.5,3.050881862640381,4.519785821437836,4.883364677429199,7.622450351715088
274,1,1,0.8,0.2,1.0,1.291935682296753,2.8383535146713257,4.375260353088379,7.415534496307373
274,1,1,0.8,0.2,2.0,0.0,0.0,7.0723347663879395,15.865951538085938
274,1,1,0.8,0.5,0.5,1.2778379917144775,1.926673412322998,8.22742748260498,14.311429977416992
274,1,1,0.8,0.5,1.0,0.9917116165161133,1.638290822505951,11.432394981384277,27.741384506225586
274,1,1,0.8,0.5,2.0,0.0,0.0,12.768843650817871,39.22886657714844
274,1,1,0.8,0.8,0.5,6.2125349044799805,7.494965493679047,13.302720069885254,27.459789276123047
274,1,1,0.8,0.8,1.0,8.093812942504883,12.043006122112274,19.27054214477539,47.6220817565918
274,1,1,0.8,0.8,2.0,5.105035781860352,7.830449342727661,21.032987594604492,65.5994644165039
274,1,1,1.0,0.2,0.5,2.724297523498535,3.7826616168022156,9.466103553771973,16.200889587402344
274,1,1,1.0,0.2,1.0,0.0,0.0,9.68498420715332,19.12352752685547
274,1,1,1.0,0.2,2.0,0.0,0.0,9.59079360961914,23.762788772583008
274,1,1,1.0,0.5,0.5,1.5590837001800537,1.4497990012168884,11.893430709838867,22.891216278076172
274,1,1,1.0,0.5,1.0,2.90323805809021,3.461281657218933,18.447528839111328,45.24617004394531
274,1,1,1.0,0.5,2.0,1.6907665729522705,1.560890555381775,17.769683837890625,53.264739990234375
274,1,1,1.0,0.8,0.5,11.65839672088623,16.13418161869049,38.7263069152832,80.49215698242188
274,1,1,1.0,0.8,1.0,7.499578952789307,11.147692084312439,47.29273223876953,114.91767120361328
274,1,1,1.0,0.8,2.0,5.9407830238342285,8.62782508134842,49.31171417236328,138.68580627441406
274,1,1,1.2,0.2,0.5,0.0,0.0,38.20152282714844,56.357208251953125
274,1,1,1.2,0.2,1.0,0.0,0.0,23.86924171447754,48.381996154785156
274,1,1,1.2,0.2,2.0,0.0,0.0,15.986387252807617,45.88739776611328
274,1,1,1.2,0.5,0.5,3.0952048301696777,3.5902165174484253,54.20853805541992,97.1668701171875
274,1,1,1.2,0.5,1.0,3.896984338760376,5.829423427581787,28.139415740966797,68.4529800415039
274,1,1,1.2,0.5,2.0,2.8367624282836914,3.9946030974388123,40.42535400390625,111.52632141113281
274,1,1,1.2,0.8,0.5,11.118626594543457,13.418255507946014,101.54397583007812,180.30384826660156
274,1,1,1.2,0.8,1.0,8.57433032989502,12.004470765590668,75.71553802490234,166.41795349121094
274,1,1,1.2,0.8,2.0,5.476357936859131,8.032245099544525,74.72441864013672,187.0821533203125
274,1,2,0.8,0.2,0.5,5.734430313110352,8.735955715179443,5.188385963439941,7.884736061096191
274,1,2,0.8,0.2,1.0,0.4769781827926636,0.4783979654312134,5.7510905265808105,10.632379531860352
274,1,2,0.8,0.2,2.0,0.0,0.0,6.131463050842285,14.565286636352539
274,1,2,0.8,0.5,0.5,2.2508163452148438,2.969845414161682,7.866325378417969,13.960440635681152
274,1,2,0.8,0.5,1.0,1.488074541091919,1.4829730987548828,11.335555076599121,26.484010696411133
274,1,2,0.8,0.5,2.0,0.0,0.6882458329200745,11.924479484558105,34.29485321044922
274,1,2,0.8,0.8,0.5,5.6275129318237305,6.589340448379517,9.812829971313477,18.4465389251709
274,1,2,0.8,0.8,1.0,5.5854387283325195,8.494919419288635,17.997251510620117,46.768672943115234
274,1,2,0.8,0.8,2.0,1.6364209651947021,1.4278327822685242,13.369234085083008,42.28032302856445
274,1,2,1.0,0.2,0.5,1.0133342742919922,1.6542927026748657,10.999214172363281,16.4140625
274,1,2,1.0,0.2,1.0,0.0,0.0,8.417436599731445,19.247695922851562
274,1,2,1.0,0.2,2.0,0.0,0.0,9.286824226379395,24.484272003173828
274,1,2,1.0,0.5,0.5,6.12598180770874,8.605227589607239,19.144845962524414,36.87118911743164
274,1,2,1.0,0.5,1.0,4.244162559509277,6.298073947429657,24.472431182861328,59.75736618041992
274,1,2,1.0,0.5,2.0,1.4502947330474854,1.339000403881073,20.43190574645996,62.12994384765625
274,1,2,1.0,0.8,0.5,11.360042572021484,16.416953206062317,41.872474670410156,88.38311004638672
274,1,2,1.0,0.8,1.0,7.713024139404297,11.315873146057129,50.98604202270508,119.87916564941406
274,1,2,1.0,0.8,2.0,5.771832466125488,8.6889568567276,47.419273376464844,128.12677001953125
274,1,2,1.2,0.2,0.5,0.0,0.0,27.934757232666016,49.35943603515625
274,1,2,1.2,0.2,1.0,0.0,0.0,19.42658233642578,43.27713394165039
274,1,2,1.2,0.2,2.0,0.0,0.0,14.042854309082031,40.58491134643555
274,1,2,1.2,0.5,0.5,3.1588382720947266,3.692584812641144,60.71745300292969,110.74440002441406
274,1,2,1.2,0.5,1.0,3.624455213546753,4.84227067232132,55.016448974609375,120.310546875
274,1,2,1.2,0.5,2.0,2.926485061645508,4.1401233077049255,38.823970794677734,108.78495788574219
274,1,2,1.2,0.8,0.5,11.568412780761719,14.75555419921875,65.60247039794922,128.10386657714844
274,1,2,1.2,0.8,1.0,9.094762802124023,12.015109539031982,108.23292541503906,214.9071044921875
274,1,2,1.2,0.8,2.0,5.74177885055542,8.126273155212402,81.89598083496094,201.49012756347656
274,1,3,0.8,0.2,0.5,3.06152081489563,3.8971592783927917,5.28342866897583,8.087799072265625
274,1,3,0.8,0.2,1.0,0.23838776350021362,0.3559296727180481,5.725879669189453,10.510024070739746
274,1,3,0.8,0.2,2.0,0.08760297298431396,0.06863182783126831,6.7054123878479,15.94045639038086
274,1,3,0.8,0.5,0.5,1.757842779159546,2.9381162524223328,7.772313594818115,13.49339485168457
274,1,3,0.8,0.5,1.0,0.4317699670791626,0.4209975004196167,9.981746673583984,23.336299896240234
274,1,3,0.8,0.5,2.0,0.9235349297523499,1.0132702589035034,11.110453605651855,32.30762481689453
274,1,3,0.8,0.8,0.5,6.437196731567383,8.851061880588531,12.910892486572266,25.865114212036133
274,1,3,0.8,0.8,1.0,5.1158447265625,5.3488762974739075,17.86775016784668,45.442867279052734
274,1,3,0.8,0.8,2.0,5.618090629577637,8.489729940891266,21.029727935791016,66.75080871582031
274,1,3,1.0,0.2,0.5,1.3273873329162598,3.033574342727661,8.822284698486328,14.698779106140137
274,1,3,1.0,0.2,1.0,0.2326945662498474,0.1931867003440857,8.771663665771484,18.07373809814453
274,1,3,1.0,0.2,2.0,0.0,0.0,7.964203357696533,18.497264862060547
274,1,3,1.0,0.5,0.5,1.974912405014038,2.603445887565613,10.514863967895508,19.441177368164062
274,1,3,1.0,0.5,1.0,3.8854684829711914,5.788064002990723,19.666059494018555,47.725467681884766
274,1,3,1.0,0.5,2.0,2.811016798019409,4.195827901363373,26.102567672729492,76.3021469116211
274,1,3,1.0,0.8,0.5,11.153676986694336,16.166955828666687,24.253141403198242,52.45770263671875
274,1,3,1.0,0.8,1.0,8.020638465881348,11.494513809680939,58.00959014892578,133.8304901123047
274,1,3,1.0,0.8,2.0,5.7907233238220215,9.057003498077393,38.244354248046875,110.73748016357422
274,1,3,1.2,0.2,0.5,0.0,0.0,27.925140380859375,43.25736999511719
274,1,3,1.2,0.2,1.0,0.0,0.0,15.136022567749023,30.770526885986328
274,1,3,1.2,0.2,2.0,0.0,0.0,11.5286283493042,33.10313415527344
274,1,3,1.2,0.5,0.5,5.139434814453125,6.470544219017029,44.16775894165039,82.20831298828125
274,1,3,1.2,0.5,1.0,4.022210597991943,6.065557599067688,44.36225128173828,99.1974868774414
274,1,3,1.2,0.5,2.0,2.856776237487793,3.9066160917282104,35.39470291137695,97.67484283447266
274,1,3,1.2,0.8,0.5,11.077873229980469,13.199881851673126,102.26316833496094,182.8494415283203
274,1,3,1.2,0.8,1.0,8.832710266113281,11.765098750591278,108.1334228515625,214.46548461914062
274,1,3,1.2,0.8,2.0,5.521749496459961,8.0949786901474,78.66663360595703,193.4625244140625
274,1,4,0.8,0.2,0.5,4.407039642333984,6.634553790092468,4.546370506286621,6.944384574890137
274,1,4,0.8,0.2,1.0,0.6571944355964661,1.0195396542549133,4.854663372039795,9.013530731201172
274,1,4,0.8,0.2,2.0,0.17577999830245972,0.14613139629364014,6.528233051300049,16.657577514648438
274,1,4,0.8,0.5,0.5,4.433961868286133,4.624200165271759,7.550091743469238,13.585826873779297
274,1,4,0.8,0.5,1.0,0.2990027666091919,0.30730652809143066,10.85354232788086,24.504817962646484
274,1,4,0.8,0.5,2.0,0.9183736443519592,0.9339455366134644,9.968300819396973,30.331220626831055
274,1,4,0.8,0.8,0.5,5.895611763000488,7.789623379707336,15.016557693481445,31.17475128173828
274,1,4,0.8,0.8,1.0,8.29276180267334,12.768238067626953,20.50591468811035,53.198944091796875
274,1,4,0.8,0.8,2.0,5.410305023193359,8.377145886421204,23.567026138305664,74.68987274169922
274,1,4,1.0,0.2,0.5,1.9748187065124512,3.4261423349380493,8.887918472290039,14.099785804748535
274,1,4,1.0,0.2,1.0,0.0,0.0,9.894340515136719,19.581336975097656
274,1,4,1.0,0.2,2.0,0.0,0.0,9.851381301879883,25.591882705688477
274,1,4,1.0,0.5,0.5,6.977685451507568,10.044589042663574,19.120906829833984,38.66570281982422
274,1,4,1.0,0.5,1.0,3.981628894805908,6.274878621101379,22.692903518676758,53.62981033325195
274,1,4,1.0,0.5,2.0,0.9389608502388,0.9570212364196777,18.01821517944336,56.852928161621094
274,1,4,1.0,0.8,0.5,12.036972045898438,16.30659955739975,42.67960739135742,89.79523468017578
274,1,4,1.0,0.8,1.0,8.286664009094238,12.217098712921143,50.637550354003906,119.00804138183594
274,1,4,1.0,0.8,2.0,5.9511237144470215,8.59818434715271,43.694068908691406,122.20335388183594
274,1,4,1.2,0.2,0.5,0.0,0.0,23.123079299926758,39.30607223510742
274,1,4,1.2,0.2,1.0,0.0,0.0,18.24517822265625,36.977447509765625
274,1,4,1.2,0.2,2.0,0.0,0.0,17.72386932373047,42.400611877441406
274,1,4,1.2,0.5,0.5,3.1715259552001953,3.6415374279022217,52.033729553222656,92.6919937133789
274,1,4,1.2,0.5,1.0,3.951169729232788,6.035575568675995,21.020586013793945,51.476280212402344
274,1,4,1.2,0.5,2.0,2.770002841949463,3.5819531679153442,38.092864990234375,109.43441772460938
274,1,4,1.2,0.8,0.5,12.099584579467773,15.059841573238373,68.8227310180664,129.2210693359375
274,1,4,1.2,0.8,1.0,8.032791137695312,10.964342653751373,95.20606231689453,199.54669189453125
274,1,4,1.2,0.8,2.0,5.851800918579102,7.975065290927887,89.66105651855469,210.43240356445312
275,1,0,0.8,0.2,0.5,2.602808713912964,3.6903746128082275,4.925364017486572,7.406077861785889
275,1,0,0.8,0.2,1.0,0.6768573522567749,0.6818724274635315,5.801534652709961,11.183536529541016
275,1,0,0.8,0.2,2.0,0.03399837017059326,0.0,6.410336494445801,15.491663932800293
275,1,0,0.8,0.5,0.5,2.1351747512817383,3.1585586071014404,8.709775924682617,15.240285873413086
275,1,0,0.8,0.5,1.0,0.8578614592552185,0.8379022479057312,10.48086929321289,25.90351104736328
275,1,0,0.8,0.5,2.0,0.872886061668396,0.8773626089096069,12.072436332702637,34.03133010864258
275,1,0,0.8,0.8,0.5,7.53428316116333,9.369833171367645,15.272068977355957,30.833580017089844
275,1,0,0.8,0.8,1.0,7.182899475097656,11.24735802412033,18.587608337402344,48.90180587768555
275,1,0,0.8,0.8,2.0,5.5221734046936035,8.466177761554718,22.117918014526367,68.54731750488281
275,1,0,1.0,0.2,0.5,2.999476432800293,4.423974394798279,10.471797943115234,16.86918067932129
275,1,0,1.0,0.2,1.0,0.0,0.0,9.743499755859375,20.90152359008789
275,1,0,1.0,0.2,2.0,0.0,0.0,10.402597427368164,27.31181526184082
275,1,0,1.0,0.5,0.5,6.535001277923584,10.150610983371735,18.36810874938965,34.90428161621094
275,1,0,1.0,0.5,1.0,3.8838682174682617,5.722948610782623,19.894384384155273,51.674156188964844
275,1,0,1.0,0.5,2.0,2.0851588249206543,3.104150712490082,22.146957397460938,65.79118347167969
275,1,0,1.0,0.8,0.5,10.639184951782227,14.623659551143646,42.2138557434082,85.79085540771484
275,1,0,1.0,0.8,1.0,8.726656913757324,12.827976286411285,49.87487030029297,118.50926208496094
275,1,0,1.0,0.8,2.0,6.069586753845215,8.895703613758087,45.97425842285156,129.97808837890625
275,1,0,1.2,0.2,0.5,0.0,0.0,28.225589752197266,43.834022521972656
275,1,0,1.2,0.2,1.0,0.0,0.0,14.362452507019043,30.003278732299805
275,1,0,1.2,0.2,2.0,0.0,0.0,14.234440803527832,39.0534553527832
275,1,0,1.2,0.5,0.5,3.774714946746826,5.195368051528931,40.75008010864258,75.73294830322266
275,1,0,1.2,0.5,1.0,3.4595866203308105,4.883864998817444,52.224754333496094,113.28961944580078
275,1,0,1.2,0.5,2.0,2.7036962509155273,3.904583156108856,38.10527420043945,105.74069213867188
275,1,0,1.2,0.8,0.5,10.263140678405762,11.591009259223938,113.9155044555664,200.24668884277344
275,1,0,1.2,0.8,1.0,8.5393705368042,11.754327714443207,86.0688705444336,183.3224334716797
275,1,0,1.2,0.8,2.0,5.654293537139893,8.706847846508026,41.132999420166016,119.87133026123047
275,1,1,0.8,0.2,0.5,4.430514812469482,7.710114657878876,5.064082145690918,7.151136875152588
275,1,1,0.8,0.2,1.0,0.28827613592147827,0.4152815341949463,6.237590789794922,11.92505931854248
275,1,1,0.8,0.2,2.0,0.0,0.0,6.693769454956055,16.024887084960938
275,1,1,0.8,0.5,0.5,2.2588236331939697,2.782855212688446,8.053400039672852,13.845439910888672
275,1,1,0.8,0.5,1.0,0.2808271646499634,1.0024097561836243,9.875398635864258,21.690311431884766
275,1,1,0.8,0.5,2.0,0.610025942325592,0.6077362298965454,13.179302215576172,38.21322250366211
275,1,1,0.8,0.8,0.5,9.05261516571045,12.400624752044678,16.60642433166504,34.58614730834961
275,1,1,0.8,0.8,1.0,7.300210952758789,12.005256414413452,22.1390438079834,57.074493408203125
275,1,1,0.8,0.8,2.0,5.566414833068848,8.738914370536804,22.158842086791992,69.69693756103516
275,1,1,1.0,0.2,0.5,2.072552442550659,2.4654563665390015,7.84499454498291,12.533109664916992
275,1,1,1.0,0.2,1.0,0.0,0.0,8.884689331054688,18.374767303466797
275,1,1,1.0,0.2,2.0,0.0,0.0,10.187612533569336,26.875534057617188
275,1,1,1.0,0.5,0.5,5.086750030517578,7.902248799800873,14.850458145141602,28.229049682617188
275,1,1,1.0,0.5,1.0,1.4488996267318726,1.450789451599121,13.70213794708252,32.18289566040039
275,1,1,1.0,0.5,2.0,2.775020122528076,4.261713922023773,23.38201141357422,69.67051696777344
275,1,1,1.0,0.8,0.5,10.982185363769531,15.643088102340698,41.52701187133789,86.74763488769531
275,1,1,1.0,0.8,1.0,8.171730041503906,11.865969598293304,47.8078498840332,113.9140396118164
275,1,1,1.0,0.8,2.0,5.885794162750244,8.671903431415558,45.84278106689453,126.89112854003906
275,1,1,1.2,0.2,0.5,0.0,0.0,23.616544723510742,41.967952728271484
275,1,1,1.2,0.2,1.0,0.0,0.0,22.473255157470703,47.795928955078125
275,1,1,1.2,0.2,2.0,0.0,0.0,16.762550354003906,47.77963638305664
275,1,1,1.2,0.5,0.5,4.4429779052734375,5.4663960337638855,40.69268035888672,74.0185775756836
275,1,1,1.2,0.5,1.0,3.5540990829467773,4.853938341140747,46.87942886352539,106.0286865234375
275,1,1,1.2,0.5,2.0,3.013373613357544,4.3784419298172,34.35631561279297,96.77859497070312
275,1,1,1.2,0.8,0.5,12.114133834838867,14.998460710048676,103.83085632324219,182.11936950683594
275,1,1,1.2,0.8,1.0,8.227667808532715,11.65746957063675,64.68800354003906,148.86322021484375
275,1,1,1.2,0.8,2.0,6.61850118637085,9.31670194864273,68.04352569580078,173.24388122558594
275,1,2,0.8,0.2,0.5,4.625216007232666,6.619776725769043,4.667044639587402,6.7348151206970215
275,1,2,0.8,0.2,1.0,1.4408495426177979,1.7868952751159668,5.709711074829102,11.039125442504883
275,1,2,0.8,0.2,2.0,0.0,0.0,6.316723823547363,16.070234298706055
275,1,2,0.8,0.5,0.5,1.0335114002227783,2.3295252323150635,7.548026084899902,13.397178649902344
275,1,2,0.8,0.5,1.0,0.9839775562286377,1.6966115832328796,9.438754081726074,22.895261764526367
275,1,2,0.8,0.5,2.0,0.5917903184890747,0.2881205677986145,11.354450225830078,34.122657775878906
275,1,2,0.8,0.8,0.5,3.855419397354126,4.264597475528717,9.901983261108398,19.28091812133789
275,1,2,0.8,0.8,1.0,4.712904930114746,6.682870924472809,15.183971405029297,40.027706146240234
275,1,2,0.8,0.8,2.0,3.5374786853790283,5.882190585136414,19.698869705200195,61.25009536743164
275,1,2,1.0,0.2,0.5,2.100261926651001,2.37534898519516,9.263294219970703,15.287055969238281
275,1,2,1.0,0.2,1.0,0.0,0.0,11.290007591247559,23.06315040588379
275,1,2,1.0,0.2,2.0,0.0,0.0,10.309516906738281,28.43695831298828
275,1,2,1.0,0.5,0.5,6.706046104431152,9.282447338104248,18.020517349243164,36.08965301513672
275,1,2,1.0,0.5,1.0,3.746546745300293,5.722419917583466,21.22308921813965,52.44362258911133
275,1,2,1.0,0.5,2.0,2.500563144683838,3.8244500756263733,21.652793884277344,62.74988555908203
275,1,2,1.0,0.8,0.5,12.38769245147705,17.268463790416718,31.150110244750977,64.14836883544922
275,1,2,1.0,0.8,1.0,8.487751007080078,12.421052157878876,45.517112731933594,112.5981674194336
275,1,2,1.0,0.8,2.0,5.638833045959473,8.945545375347137,28.097309112548828,84.87322998046875
275,1,2,1.2,0.2,0.5,0.0,0.0,32.740501403808594,50.194820404052734
275,1,2,1.2,0.2,1.0,0.0,0.0,21.110164642333984,48.24868392944336
275,1,2,1.2,0.2,2.0,0.0,0.0,17.46118927001953,46.18764877319336
275,1,2,1.2,0.5,0.5,4.686102867126465,6.207819700241089,35.819576263427734,67.55831909179688
275,1,2,1.2,0.5,1.0,3.4903547763824463,5.033634662628174,48.67118835449219,105.25951385498047
275,1,2,1.2,0.5,2.0,2.8412458896636963,3.7324737310409546,36.367122650146484,103.44918060302734
275,1,2,1.2,0.8,0.5,11.979118347167969,14.588314175605774,98.35050964355469,175.48439025878906
275,1,2,1.2,0.8,1.0,8.017314910888672,11.251315891742706,72.35935974121094,160.5537109375
275,1,2,1.2,0.8,2.0,6.219801902770996,8.996147990226746,85.20659637451172,202.340087890625
275,1,3,0.8,0.2,0.5,3.9246737957000732,5.217130064964294,5.1326375007629395,7.501009464263916
275,1,3,0.8,0.2,1.0,1.1834795475006104,1.775949776172638,4.805232048034668,8.955015182495117
275,1,3,0.8,0.2,2.0,0.0,0.0,6.537099838256836,15.55154037475586
275,1,3,0.8,0.5,0.5,1.1953344345092773,1.2804072499275208,8.115971565246582,14.627060890197754
275,1,3,0.8,0.5,1.0,0.9755151271820068,0.9500499963760376,9.148460388183594,20.96320343017578
275,1,3,0.8,0.5,2.0,0.7623499631881714,0.77632737159729,12.122749328613281,36.197349548339844
275,1,3,0.8,0.8,0.5,6.500319957733154,8.8061044216156,14.584614753723145,29.52898597717285
275,1,3,0.8,0.8,1.0,7.726655006408691,11.649915337562561,21.767492294311523,55.66019058227539
275,1,3,0.8,0.8,2.0,3.2997426986694336,4.477364897727966,19.331497192382812,61.25068283081055
275,1,3,1.0,0.2,0.5,1.9101861715316772,2.7476847767829895,7.4373979568481445,11.510828018188477
275,1,3,1.0,0.2,1.0,0.0,0.0,10.818638801574707,22.722414016723633
275,1,3,1.0,0.2,2.0,0.0,0.0,9.303330421447754,21.898725509643555
275,1,3,1.0,0.5,0.5,2.6792449951171875,3.774632453918457,10.557966232299805,19.368574142456055
275,1,3,1.0,0.5,1.0,3.882140636444092,6.0816638469696045,23.621471405029297,55.146305084228516
275,1,3,1.0,0.5,2.0,1.2438743114471436,1.2435911893844604,19.78630828857422,56.98054122924805
275,1,3,1.0,0.8,0.5,10.912633895874023,15.975789487361908,37.107704162597656,77.89753723144531
275,1,3,1.0,0.8,1.0,8.582486152648926,12.520039021968842,44.09059524536133,106.59400939941406
275,1,3,1.0,0.8,2.0,5.821793556213379,8.635631144046783,49.07298278808594,136.2747344970703
275,1,3,1.2,0.2,0.5,0.0,0.0,24.20182991027832,25.064437866210938
275,1,3,1.2,0.2,1.0,0.0,0.0,21.429262161254883,47.58095169067383
275,1,3,1.2,0.2,2.0,0.0,0.0,9.499916076660156,25.800537109375
275,1,3,1.2,0.5,0.5,3.979309558868408,4.6099050641059875,49.02357482910156,92.28590393066406
275,1,3,1.2,0.5,1.0,3.6331965923309326,5.173633813858032,46.84345245361328,104.86064910888672
275,1,3,1.2,0.5,2.0,3.0606727600097656,4.184309482574463,31.15412712097168,88.0561294555664
275,1,3,1.2,0.8,0.5,11.78873062133789,14.945832371711731,73.40324401855469,137.48716735839844
275,1,3,1.2,0.8,1.0,9.062856674194336,12.317235827445984,78.14102935791016,169.7686309814453
275,1,3,1.2,0.8,2.0,6.246920585632324,8.751039862632751,67.37189483642578,172.7556915283203
275,1,4,0.8,0.2,0.5,4.628713130950928,5.827682435512543,4.921247959136963,7.091645240783691
275,1,4,0.8,0.2,1.0,0.034278154373168945,0.034812092781066895,5.3907551765441895,9.597366333007812
275,1,4,0.8,0.2,2.0,0.23788225650787354,0.0,6.702098369598389,16.033245086669922
275,1,4,0.8,0.5,0.5,2.4863181114196777,3.7170013189315796,8.009136199951172,14.535640716552734
275,1,4,0.8,0.5,1.0,0.8767926692962646,0.85987389087677,11.277717590332031,26.889705657958984
275,1,4,0.8,0.5,2.0,0.0,0.0,11.037612915039062,32.94865798950195
275,1,4,0.8,0.8,0.5,4.801469802856445,5.95535534620285,13.071005821228027,26.65359878540039
275,1,4,0.8,0.8,1.0,7.197874069213867,11.473007202148438,19.42607307434082,50.45675277709961
275,1,4,0.8,0.8,2.0,3.7371773719787598,4.764722406864166,18.602903366088867,56.438289642333984
275,1,4,1.0,0.2,0.5,0.24913913011550903,0.3232230544090271,10.439558029174805,17.18467140197754
275,1,4,1.0,0.2,1.0,0.0,0.0,9.968756675720215,20.764450073242188
275,1,4,1.0,0.2,2.0,0.0,0.0,7.2535810470581055,17.748292922973633
275,1,4,1.0,0.5,0.5,3.975464344024658,5.791156888008118,14.9630708694458,28.83770179748535
275,1,4,1.0,0.5,1.0,4.780244827270508,6.624725103378296,24.265995025634766,57.27421951293945
275,1,4,1.0,0.5,2.0,0.6331949234008789,0.6218564510345459,18.945573806762695,57.02104187011719
275,1,4,1.0,0.8,0.5,12.173707008361816,16.562360167503357,44.18558120727539,89.83189392089844
275,1,4,1.0,0.8,1.0,8.31749153137207,12.171517968177795,41.570011138916016,101.58616638183594
275,1,4,1.0,0.8,2.0,5.658231735229492,8.54509723186493,49.25988006591797,137.22164916992188
275,1,4,1.2,0.2,0.5,0.23791354894638062,0.2257857322692871,17.730377197265625,28.551210403442383
275,1,4,1.2,0.2,1.0,0.0,0.0,17.509700775146484,40.304866790771484
275,1,4,1.2,0.2,2.0,0.0,0.0,14.981976509094238,38.495975494384766
275,1,4,1.2,0.5,0.5,3.7787046432495117,4.368486940860748,52.59191131591797,97.18035888671875
275,1,4,1.2,0.5,1.0,3.885180711746216,5.881253778934479,40.41279602050781,93.61050415039062
275,1,4,1.2,0.5,2.0,2.3581714630126953,3.4139989018440247,36.213890075683594,101.63005828857422
275,1,4,1.2,0.8,0.5,11.321344375610352,13.644627511501312,94.71964263916016,168.99562072753906
275,1,4,1.2,0.8,1.0,8.600701332092285,11.639262020587921,93.64813995361328,193.8109893798828
275,1,4,1.2,0.8,2.0,5.844438552856445,8.07288372516632,91.9271240234375,214.11358642578125
276,1,0,0.8,0.2,0.5,3.9944205284118652,6.176506459712982,5.192107677459717,7.918856620788574
276,1,0,0.8,0.2,1.0,0.15642976760864258,0.34393996000289917,5.81240701675415,10.785662651062012
276,1,0,0.8,0.2,2.0,0.0671122670173645,0.0759384036064148,6.693554401397705,16.254201889038086
276,1,0,0.8,0.5,0.5,2.686617612838745,4.2238287925720215,7.714620590209961,13.747411727905273
276,1,0,0.8,0.5,1.0,0.8364851474761963,1.5311546921730042,9.577764511108398,22.39737892150879
276,1,0,0.8,0.5,2.0,0.5099387168884277,0.5644934177398682,13.550605773925781,40.22584533691406
276,1,0,0.8,0.8,0.5,7.70688009262085,10.338789343833923,15.561783790588379,31.614328384399414
276,1,0,0.8,0.8,1.0,7.609322547912598,11.84972459077835,21.50006866455078,55.9407958984375
276,1,0,0.8,0.8,2.0,3.045154571533203,3.6546179056167603,12.329110145568848,37.61603546142578
276,1,0,1.0,0.2,0.5,4.208529949188232,7.052448570728302,8.774030685424805,14.092419624328613
276,1,0,1.0,0.2,1.0,0.0,0.0,8.409164428710938,17.209951400756836
276,1,0,1.0,0.2,2.0,0.0,0.0,9.84870433807373,24.924087524414062
276,1,0,1.0,0.5,0.5,5.560482025146484,8.17585974931717,19.7584228515625,36.878997802734375
276,1,0,1.0,0.5,1.0,4.098556041717529,6.385815382003784,23.828962326049805,56.53654861450195
276,1,0,1.0,0.5,2.0,2.5097389221191406,3.8823437690734863,22.173072814941406,66.93535614013672
276,1,0,1.0,0.8,0.5,11.377389907836914,15.887337028980255,45.685203552246094,94.22654724121094
276,1,0,1.0,0.8,1.0,8.181106567382812,12.098226189613342,41.653656005859375,102.96611022949219
276,1,0,1.0,0.8,2.0,5.417324066162109,8.533380091190338,38.514888763427734,114.34297943115234
276,1,0,1.2,0.2,0.5,0.0,0.0,34.171592712402344,57.89543533325195
276,1,0,1.2,0.2,1.0,0.0,0.0,21.555471420288086,40.912933349609375
276,1,0,1.2,0.2,2.0,0.0,0.0,12.478816986083984,32.24964141845703
276,1,0,1.2,0.5,0.5,3.1853227615356445,4.107951760292053,50.000789642333984,101.90044403076172
276,1,0,1.2,0.5,1.0,3.7509288787841797,5.428828239440918,41.61150360107422,95.22644805908203
276,1,0,1.2,0.5,2.0,3.0862505435943604,4.376164555549622,38.97992706298828,106.04774475097656
276,1,0,1.2,0.8,0.5,12.142914772033691,15.326599955558777,73.08039855957031,136.6249542236328
276,1,0,1.2,0.8,1.0,8.959310531616211,12.087217569351196,101.01025390625,205.22132873535156
276,1,0,1.2,0.8,2.0,5.835204124450684,8.549624264240265,59.709144592285156,156.52772521972656
276,1,1,0.8,0.2,0.5,5.878378391265869,9.166970372200012,4.602233409881592,6.958770275115967
276,1,1,0.8,0.2,1.0,1.9730664491653442,2.6442487835884094,4.38448429107666,7.969829559326172
276,1,1,0.8,0.2,2.0,0.0,0.0,6.080233573913574,15.231945037841797
276,1,1,0.8,0.5,0.5,1.7423152923583984,2.5595191717147827,8.077213287353516,14.416929244995117
276,1,1,0.8,0.5,1.0,1.2121787071228027,1.080656111240387,11.463510513305664,27.768230438232422
276,1,1,0.8,0.5,2.0,0.204051673412323,0.1366264820098877,11.06820011138916,31.788375854492188
276,1,1,0.8,0.8,0.5,5.987419605255127,8.574248015880585,9.26131534576416,17.64929962158203
276,1,1,0.8,0.8,1.0,7.695741653442383,12.08723109960556,21.159364700317383,54.44594192504883
276,1,1,0.8,0.8,2.0,1.9285162687301636,1.9054552912712097,15.78321361541748,49.477088928222656
276,1,1,1.0,0.2,0.5,0.18410205841064453,0.20428580045700073,11.744479179382324,19.425100326538086
276,1,1,1.0,0.2,1.0,0.0,0.0,9.562641143798828,20.896581649780273
276,1,1,1.0,0.2,2.0,0.0,0.0,9.960261344909668,23.907424926757812
276,1,1,1.0,0.5,0.5,2.122174024581909,2.9059508442878723,12.93920612335205,25.164669036865234
276,1,1,1.0,0.5,1.0,0.9755388498306274,1.4662396907806396,9.2826566696167,21.30579376220703
276,1,1,1.0,0.5,2.0,2.732545852661133,4.136059463024139,23.890247344970703,70.4183349609375
276,1,1,1.0,0.8,0.5,11.227540969848633,16.01361572742462,37.55133819580078,76.49343872070312
276,1,1,1.0,0.8,1.0,8.102524757385254,12.094119548797607,50.71998977661133,124.77574157714844
276,1,1,1.0,0.8,2.0,5.836021423339844,8.688371062278748,36.13045883178711,106.4451904296875
276,1,1,1.2,0.2,0.5,1.0952386856079102,1.2949236035346985,16.908235549926758,29.01858901977539
276,1,1,1.2,0.2,1.0,0.0,0.0,22.831195831298828,49.374629974365234
276,1,1,1.2,0.2,2.0,0.0,0.0,20.0677547454834,51.317771911621094
276,1,1,1.2,0.5,0.5,4.715513229370117,6.2379655838012695,47.355125427246094,91.9500961303711
276,1,1,1.2,0.5,1.0,3.827718734741211,5.3278632164001465,34.51849365234375,82.21098327636719
276,1,1,1.2,0.5,2.0,2.5393576622009277,3.767638921737671,33.96896743774414,97.7155532836914
276,1,1,1.2,0.8,0.5,12.067100524902344,14.649222671985626,93.14525604248047,173.68348693847656
276,1,1,1.2,0.8,1.0,8.424649238586426,11.419340074062347,94.68451690673828,195.62030029296875
276,1,1,1.2,0.8,2.0,5.473552227020264,7.655112445354462,80.96742248535156,195.6533203125
276,1,2,0.8,0.2,0.5,3.7782156467437744,5.7168291211128235,5.010499954223633,7.445306777954102
276,1,2,0.8,0.2,1.0,0.14810484647750854,0.5954838395118713,5.676944255828857,10.803791999816895
276,1,2,0.8,0.2,2.0,0.0,0.0,6.161418437957764,14.442814826965332
276,1,2,0.8,0.5,0.5,1.7483078241348267,2.511665105819702,7.807685375213623,13.892635345458984
276,1,2,0.8,0.5,1.0,1.5734615325927734,2.038115978240967,8.975970268249512,21.443756103515625
276,1,2,0.8,0.5,2.0,0.0,0.0,11.151849746704102,31.994232177734375
276,1,2,0.8,0.8,0.5,7.685741424560547,11.930318415164948,16.127246856689453,33.04954528808594
276,1,2,0.8,0.8,1.0,7.098188877105713,10.868848502635956,19.570537567138672,51.161136627197266
276,1,2,0.8,0.8,2.0,5.675841331481934,8.465108513832092,23.688161849975586,74.14517974853516
276,1,2,1.0,0.2,0.5,4.662959575653076,8.098434805870056,7.127802848815918,11.379722595214844
276,1,2,1.0,0.2,1.0,0.0,0.0,11.578970909118652,22.669023513793945
276,1,2,1.0,0.2,2.0,0.0,0.0,8.969698905944824,21.860034942626953
276,1,2,1.0,0.5,0.5,2.4271860122680664,3.314310848712921,13.639566421508789,26.424692153930664
276,1,2,1.0,0.5,1.0,3.311755657196045,5.151908278465271,19.988927841186523,50.73261260986328
276,1,2,1.0,0.5,2.0,1.7903189659118652,2.414070427417755,19.92414665222168,57.656497955322266
276,1,2,1.0,0.8,0.5,11.512595176696777,16.032005608081818,38.94841384887695,79.31278228759766
276,1,2,1.0,0.8,1.0,8.396506309509277,11.965967535972595,52.29368209838867,125.89020538330078
276,1,2,1.0,0.8,2.0,6.243741989135742,9.069913446903229,47.49275207519531,130.6167755126953
276,1,2,1.2,0.2,0.5,0.0,0.0,37.56159973144531,41.638336181640625
276,1,2,1.2,0.2,1.0,0.0,0.0,24.742172241210938,51.15587615966797
276,1,2,1.2,0.2,2.0,0.0,0.0,16.985313415527344,44.82673645019531
276,1,2,1.2,0.5,0.5,3.375293016433716,3.804220199584961,65.56375122070312,116.05033874511719
276,1,2,1.2,0.5,1.0,3.907707452774048,5.103627443313599,43.535980224609375,102.31610107421875
276,1,2,1.2,0.5,2.0,2.812554359436035,3.8825733065605164,38.292476654052734,103.3834457397461
276,1,2,1.2,0.8,0.5,11.59815788269043,13.476825714111328,120.05123138427734,200.75991821289062
276,1,2,1.2,0.8,1.0,8.196793556213379,11.245985865592957,93.4112777709961,194.7093963623047
276,1,2,1.2,0.8,2.0,6.292631149291992,8.934345364570618,76.14433288574219,186.46585083007812
276,1,3,0.8,0.2,0.5,5.31587028503418,7.170955061912537,4.669051170349121,6.739595413208008
276,1,3,0.8,0.2,1.0,0.4780794382095337,0.9165245294570923,4.757482528686523,9.152047157287598
276,1,3,0.8,0.2,2.0,0.0336376428604126,0.01667332649230957,5.952017784118652,14.951498985290527
276,1,3,0.8,0.5,0.5,0.8392454981803894,0.8614479303359985,8.001523971557617,14.7504301071167
276,1,3,0.8,0.5,1.0,0.35436272621154785,0.2616161108016968,10.481122016906738,24.34993553161621
276,1,3,0.8,0.5,2.0,0.0,0.0,10.462115287780762,31.156221389770508
276,1,3,0.8,0.8,0.5,5.941449165344238,9.537068843841553,15.445711135864258,32.74011993408203
276,1,3,0.8,0.8,1.0,7.668980598449707,12.197960555553436,19.34554100036621,49.32649230957031
276,1,3,0.8,0.8,2.0,4.83303165435791,5.706480920314789,19.37948989868164,60.07099533081055
276,1,3,1.0,0.2,0.5,1.774585485458374,2.700445532798767,10.339638710021973,17.38667869567871
276,1,3,1.0,0.2,1.0,0.0,0.0,9.988429069519043,21.249570846557617
276,1,3,1.0,0.2,2.0,0.0,0.0,9.20315933227539,24.154470443725586
276,1,3,1.0,0.5,0.5,6.962499618530273,9.882024765014648,17.255294799804688,32.0869255065918
276,1,3,1.0,0.5,1.0,3.8160898685455322,5.546790778636932,24.310171127319336,60.95381546020508
276,1,3,1.0,0.5,2.0,1.313171625137329,1.2655235528945923,19.576007843017578,57.0509033203125
276,1,3,1.0,0.8,0.5,11.966314315795898,17.347237527370453,28.710676193237305,61.58524703979492
276,1,3,1.0,0.8,1.0,8.698320388793945,12.872251868247986,45.39548873901367,108.51011657714844
276,1,3,1.0,0.8,2.0,6.324052810668945,8.99565714597702,41.347957611083984,118.56645965576172
276,1,3,1.2,0.2,0.5,0.0,0.0,25.352365493774414,19.559789657592773
276,1,3,1.2,0.2,1.0,0.0,0.0,22.662187576293945,43.99113845825195
276,1,3,1.2,0.2,2.0,0.0,0.0,17.334394454956055,46.589786529541016
276,1,3,1.2,0.5,0.5,3.1250252723693848,3.128295123577118,69.1942367553711,125.48236083984375
276,1,3,1.2,0.5,1.0,3.8806710243225098,5.639442324638367,39.38225173950195,91.48545837402344
276,1,3,1.2,0.5,2.0,3.2365360260009766,4.665490388870239,29.589326858520508,87.44430541992188
276,1,3,1.2,0.8,0.5,11.353374481201172,13.225900709629059,111.18415069580078,196.92193603515625
276,1,3,1.2,0.8,1.0,8.867337226867676,11.96508002281189,92.51068878173828,191.21107482910156
276,1,3,1.2,0.8,2.0,5.5892839431762695,7.820403277873993,82.22160339355469,198.548095703125
276,1,4,0.8,0.2,0.5,3.970790386199951,5.491898357868195,5.606327056884766,8.494745254516602
276,1,4,0.8,0.2,1.0,0.7037807703018188,0.865411639213562,6.005555152893066,11.661487579345703
276,1,4,0.8,0.2,2.0,0.0,0.0,6.613986492156982,16.720060348510742
276,1,4,0.8,0.5,0.5,1.5180249214172363,2.3721876740455627,9.203323364257812,16.608028411865234
276,1,4,0.8,0.5,1.0,1.7139110565185547,1.7241915464401245,10.395610809326172,24.407413482666016
276,1,4,0.8,0.5,2.0,0.643226146697998,0.5498284697532654,10.947339057922363,30.942520141601562
276,1,4,0.8,0.8,0.5,4.538836479187012,5.943118572235107,11.079340934753418,22.210832595825195
276,1,4,0.8,0.8,1.0,7.570252418518066,11.41742193698883,24.83631706237793,64.1894302368164
276,1,4,0.8,0.8,2.0,5.3521623611450195,8.256427347660065,21.5197811126709,67.87718963623047
276,1,4,1.0,0.2,0.5,3.8555245399475098,6.610278248786926,8.953083992004395,14.71724796295166
276,1,4,1.0,0.2,1.0,0.0,0.0,10.23904037475586,21.540977478027344
276,1,4,1.0,0.2,2.0,0.0,0.0,10.920689582824707,27.856475830078125
276,1,4,1.0,0.5,0.5,6.439179420471191,9.295182883739471,16.725177764892578,31.530359268188477
276,1,4,1.0,0.5,1.0,1.4235121011734009,2.246497392654419,18.430017471313477,45.27368927001953
276,1,4,1.0,0.5,2.0,1.445462942123413,1.682936429977417,19.587888717651367,57.84656524658203
276,1,4,1.0,0.8,0.5,12.078157424926758,17.67492264509201,32.402061462402344,67.34700012207031
276,1,4,1.0,0.8,1.0,8.304849624633789,12.34757399559021,37.72492599487305,95.1574935913086
276,1,4,1.0,0.8,2.0,5.682542324066162,8.56185793876648,48.115760803222656,132.47747802734375
276,1,4,1.2,0.2,0.5,0.0,0.0,27.22279167175293,43.37197494506836
276,1,4,1.2,0.2,1.0,0.0,0.0,21.928138732910156,43.85708236694336
276,1,4,1.2,0.2,2.0,0.0,0.0,17.828641891479492,47.16526412963867
276,1,4,1.2,0.5,0.5,3.3706765174865723,4.121328592300415,53.20724105834961,95.63909912109375
276,1,4,1.2,0.5,1.0,4.442120552062988,6.678645551204681,30.509944915771484,73.0552749633789
276,1,4,1.2,0.5,2.0,2.714498281478882,3.7303335070610046,25.48992156982422,73.38727569580078
276,1,4,1.2,0.8,0.5,11.092056274414062,13.451944530010223,106.4670181274414,189.54222106933594
276,1,4,1.2,0.8,1.0,8.234493255615234,10.785339891910553,91.52377319335938,190.2954864501953
276,1,4,1.2,0.8,2.0,5.71904182434082,8.08355462551117,74.24335479736328,187.5960693359375
277,1,0,0.8,0.2,0.5,4.95637321472168,8.060650050640106,4.443406105041504,6.458629131317139
277,1,0,0.8,0.2,1.0,0.40745288133621216,0.5130441188812256,6.463607311248779,13.380803108215332
277,1,0,0.8,0.2,2.0,0.035076677799224854,0.02028888463973999,6.757771968841553,17.16948890686035
277,1,0,0.8,0.5,0.5,1.1397168636322021,1.9662044644355774,7.269930839538574,12.942837715148926
277,1,0,0.8,0.5,1.0,0.9697229862213135,1.4542896151542664,9.767223358154297,22.30931854248047
277,1,0,0.8,0.5,2.0,0.9068426489830017,0.9007112979888916,11.195029258728027,33.94031524658203
277,1,0,0.8,0.8,0.5,10.722938537597656,16.260109186172485,17.791006088256836,36.41825485229492
277,1,0,0.8,0.8,1.0,4.621427059173584,5.218890309333801,16.45415687561035,41.40107727050781
277,1,0,0.8,0.8,2.0,2.5883121490478516,2.8421674370765686,16.232135772705078,51.616024017333984
277,1,0,1.0,0.2,0.5,2.236337184906006,3.9919578433036804,7.214233875274658,11.114875793457031
277,1,0,1.0,0.2,1.0,0.0,0.0,10.201677322387695,21.223838806152344
277,1,0,1.0,0.2,2.0,0.0,0.0,8.095860481262207,18.893220901489258
277,1,0,1.0,0.5,0.5,2.4276161193847656,3.9799548983573914,10.834550857543945,19.551742553710938
277,1,0,1.0,0.5,1.0,2.225468873977661,3.7817746996879578,18.313806533813477,45.87257385253906
277,1,0,1.0,0.5,2.0,0.8858752846717834,0.8671737313270569,13.95265007019043,41.48843765258789
277,1,0,1.0,0.8,0.5,11.72277545928955,16.482726275920868,35.19633102416992,74.58758544921875
277,1,0,1.0,0.8,1.0,7.912843704223633,11.894065976142883,36.37535095214844,92.08212280273438
277,1,0,1.0,0.8,2.0,6.022390365600586,8.798781633377075,46.05057907104492,129.77989196777344
277,1,0,1.2,0.2,0.5,0.0,0.0,31.834354400634766,46.68742370605469
277,1,0,1.2,0.2,1.0,0.0,0.0,20.589853286743164,42.440643310546875
277,1,0,1.2,0.2,2.0,0.0,0.0,16.211862564086914,42.42768096923828
277,1,0,1.2,0.5,0.5,2.9031903743743896,3.3296985030174255,57.843528747558594,108.36415100097656
277,1,0,1.2,0.5,1.0,3.9690942764282227,5.649890124797821,23.598270416259766,55.551902770996094
277,1,0,1.2,0.5,2.0,3.5678963661193848,4.738354682922363,43.75772476196289,113.42648315429688
277,1,0,1.2,0.8,0.5,11.049596786499023,13.052234888076782,107.7349624633789,189.73672485351562
277,1,0,1.2,0.8,1.0,8.219388008117676,11.081894099712372,93.42512512207031,194.63931274414062
277,1,0,1.2,0.8,2.0,6.058528423309326,8.243463635444641,87.52010345458984,211.90806579589844
277,1,1,0.8,0.2,0.5,5.477039337158203,7.427376747131348,4.784581661224365,7.3026909828186035
277,1,1,0.8,0.2,1.0,1.21390962600708,1.786176323890686,5.662499904632568,10.348535537719727
277,1,1,0.8,0.2,2.0,0.0,0.0,5.715865612030029,13.42424488067627
277,1,1,0.8,0.5,0.5,2.209115505218506,2.5086090564727783,5.752556324005127,9.59400749206543
277,1,1,0.8,0.5,1.0,1.3659131526947021,1.4785656929016113,9.533119201660156,22.831668853759766
277,1,1,0.8,0.5,2.0,0.0,0.0,12.392704963684082,36.16313171386719
277,1,1,0.8,0.8,0.5,5.049326419830322,6.82115250825882,10.115323066711426,19.795391082763672
277,1,1,0.8,0.8,1.0,8.097335815429688,12.667126178741455,22.75729751586914,59.11002731323242
277,1,1,0.8,0.8,2.0,4.875720024108887,7.438374757766724,22.644428253173828,73.11846160888672
277,1,1,1.0,0.2,0.5,3.801740884780884,6.218646585941315,9.879498481750488,16.17489242553711
277,1,1,1.0,0.2,1.0,0.0,0.0,9.692988395690918,20.440282821655273
277,1,1,1.0,0.2,2.0,0.0,0.0,9.202712059020996,25.1275577545166
277,1,1,1.0,0.5,0.5,5.841719627380371,8.169861018657684,17.515504837036133,33.93739700317383
277,1,1,1.0,0.5,1.0,0.9958196878433228,2.070140302181244,17.893722534179688,44.455169677734375
277,1,1,1.0,0.5,2.0,2.5150914192199707,3.707727551460266,22.17836570739746,65.41682434082031
277,1,1,1.0,0.8,0.5,10.949796676635742,15.685254573822021,36.79438400268555,76.3266372680664
277,1,1,1.0,0.8,1.0,8.455432891845703,12.221226036548615,42.61585235595703,105.38817596435547
277,1,1,1.0,0.8,2.0,5.880183219909668,8.81312620639801,45.987789154052734,127.97168731689453
277,1,1,1.2,0.2,0.5,0.0,0.0,31.686376571655273,51.09746170043945
277,1,1,1.2,0.2,1.0,0.0,0.0,18.83007049560547,40.61735534667969
277,1,1,1.2,0.2,2.0,0.0,0.0,12.634279251098633,32.21010971069336
277,1,1,1.2,0.5,0.5,3.18870210647583,3.7598979473114014,67.39879608154297,123.11994171142578
277,1,1,1.2,0.5,1.0,4.073519706726074,6.178861618041992,27.31768226623535,67.67029571533203
277,1,1,1.2,0.5,2.0,2.939277172088623,4.189434707164764,46.222049713134766,121.01276397705078
277,1,1,1.2,0.8,0.5,12.375272750854492,15.002681195735931,90.44613647460938,161.84304809570312
277,1,1,1.2,0.8,1.0,8.872960090637207,12.30140084028244,80.22650146484375,173.19827270507812
277,1,1,1.2,0.8,2.0,5.962793350219727,8.561163306236267,75.00228881835938,186.18980407714844
277,1,2,0.8,0.2,0.5,4.844178676605225,8.28233653306961,4.327759265899658,6.686890602111816
277,1,2,0.8,0.2,1.0,0.35963940620422363,0.6436389684677124,5.865549564361572,11.324714660644531
277,1,2,0.8,0.2,2.0,0.0,0.0,6.617283821105957,15.840631484985352
277,1,2,0.8,0.5,0.5,2.300616979598999,1.9733673930168152,8.205549240112305,15.412181854248047
277,1,2,0.8,0.5,1.0,1.4338247776031494,1.518800973892212,9.835230827331543,22.638689041137695
277,1,2,0.8,0.5,2.0,0.5974545478820801,0.35961073637008667,10.27045726776123,29.959659576416016
277,1,2,0.8,0.8,0.5,5.846535682678223,7.475134909152985,14.646093368530273,30.24153709411621
277,1,2,0.8,0.8,1.0,7.2984747886657715,11.425982177257538,19.631059646606445,51.0427360534668
277,1,2,0.8,0.8,2.0,5.215666770935059,8.280310690402985,21.049461364746094,65.31312561035156
277,1,2,1.0,0.2,0.5,2.605750560760498,4.155767202377319,7.752603054046631,13.101349830627441
277,1,2,1.0,0.2,1.0,0.0,0.0,10.720866203308105,22.725902557373047
277,1,2,1.0,0.2,2.0,0.0,0.0,9.681918144226074,24.30628776550293
277,1,2,1.0,0.5,0.5,5.229515552520752,8.475027561187744,16.554473876953125,31.45798110961914
277,1,2,1.0,0.5,1.0,0.9827587604522705,1.5551116466522217,12.191844940185547,30.314165115356445
277,1,2,1.0,0.5,2.0,0.038714587688446045,0.08432435989379883,17.68732452392578,52.7636604309082
277,1,2,1.0,0.8,0.5,11.510424613952637,16.409316182136536,44.1202392578125,90.88139343261719
277,1,2,1.0,0.8,1.0,8.60620403289795,12.798874080181122,44.13359069824219,108.50696563720703
277,1,2,1.0,0.8,2.0,5.615866661071777,8.183703601360321,44.248043060302734,126.53011322021484
277,1,2,1.2,0.2,0.5,0.0,0.0,19.752893447875977,34.18390655517578
277,1,2,1.2,0.2,1.0,0.0,0.0,26.992883682250977,56.06178665161133
277,1,2,1.2,0.2,2.0,0.0,0.0,15.299909591674805,40.998592376708984
277,1,2,1.2,0.5,0.5,5.803040504455566,7.780722081661224,32.76119613647461,63.815574645996094
277,1,2,1.2,0.5,1.0,4.31022310256958,5.983469665050507,40.087738037109375,90.09902954101562
277,1,2,1.2,0.5,2.0,2.7696831226348877,3.8735228776931763,36.072757720947266,99.3336181640625
277,1,2,1.2,0.8,0.5,11.647863388061523,14.275090217590332,100.447509765625,178.72601318359375
277,1,2,1.2,0.8,1.0,7.9146270751953125,10.429251551628113,99.94098663330078,207.70697021484375
277,1,2,1.2,0.8,2.0,5.012070655822754,7.266022264957428,76.93712615966797,194.08880615234375
277,1,3,0.8,0.2,0.5,5.193972587585449,9.705865025520325,5.1085333824157715,7.392226219177246
277,1,3,0.8,0.2,1.0,0.0,0.03883659839630127,5.743222713470459,10.302066802978516
277,1,3,0.8,0.2,2.0,0.0,0.0,6.288027286529541,15.829211235046387
277,1,3,0.8,0.5,0.5,2.6077256202697754,3.154008150100708,6.789595603942871,11.655649185180664
277,1,3,0.8,0.5,1.0,0.0,0.0,9.885275840759277,23.841646194458008
277,1,3,0.8,0.5,2.0,0.0,0.0,9.228143692016602,26.314769744873047
277,1,3,0.8,0.8,0.5,6.4218525886535645,7.694812476634979,12.25617790222168,24.602092742919922
277,1,3,0.8,0.8,1.0,5.15139102935791,7.527122437953949,17.988588333129883,48.500885009765625
277,1,3,0.8,0.8,2.0,5.353878974914551,8.389234364032745,21.06497573852539,63.577659606933594
277,1,3,1.0,0.2,0.5,3.4273624420166016,5.61574387550354,9.273978233337402,14.524858474731445
277,1,3,1.0,0.2,1.0,0.04033011198043823,0.017975032329559326,6.963366985321045,14.676307678222656
277,1,3,1.0,0.2,2.0,0.0,0.0,10.321929931640625,25.9292049407959
277,1,3,1.0,0.5,0.5,4.353926658630371,5.663321018218994,15.417594909667969,30.568777084350586
277,1,3,1.0,0.5,1.0,0.21576011180877686,0.24069339036941528,12.850934028625488,29.983469009399414
277,1,3,1.0,0.5,2.0,0.0,0.13889867067337036,14.685640335083008,44.43427276611328
277,1,3,1.0,0.8,0.5,11.75975227355957,16.431604981422424,33.12721633911133,67.5814208984375
277,1,3,1.0,0.8,1.0,8.35875129699707,12.371022522449493,49.33657455444336,116.44539642333984
277,1,3,1.0,0.8,2.0,5.493860721588135,7.910049557685852,49.01741409301758,138.56932067871094
277,1,3,1.2,0.2,0.5,2.2072768211364746,2.7930951714515686,12.909064292907715,22.896228790283203
277,1,3,1.2,0.2,1.0,0.0,0.0,21.72403335571289,43.492279052734375
277,1,3,1.2,0.2,2.0,0.0,0.0,16.341449737548828,45.131160736083984
277,1,3,1.2,0.5,0.5,3.822209596633911,4.711649477481842,50.58351516723633,95.33562469482422
277,1,3,1.2,0.5,1.0,3.904902219772339,5.434936463832855,53.76475524902344,119.23990631103516
277,1,3,1.2,0.5,2.0,2.7033205032348633,3.5838374495506287,39.895748138427734,107.80531311035156
277,1,3,1.2,0.8,0.5,11.22761058807373,13.156744122505188,105.3829574584961,189.98985290527344
277,1,3,1.2,0.8,1.0,8.588415145874023,11.810882568359375,98.72395324707031,203.01766967773438
277,1,3,1.2,0.8,2.0,5.628739356994629,8.088733494281769,76.98278045654297,190.52883911132812
277,1,4,0.8,0.2,0.5,5.03665018081665,7.20197069644928,5.432131767272949,7.929970741271973
277,1,4,0.8,0.2,1.0,0.24122339487075806,0.37351125478744507,6.527097702026367,13.357805252075195
277,1,4,0.8,0.2,2.0,0.0,0.0,5.663913249969482,13.490129470825195
277,1,4,0.8,0.5,0.5,2.371941566467285,2.4647250175476074,7.2002716064453125,12.803788185119629
277,1,4,0.8,0.5,1.0,1.5918735265731812,1.8901878595352173,8.263591766357422,18.439502716064453
277,1,4,0.8,0.5,2.0,0.12943220138549805,0.4821121096611023,10.638545989990234,31.87775230407715
277,1,4,0.8,0.8,0.5,4.417865753173828,5.476701974868774,13.482534408569336,28.260732650756836
277,1,4,0.8,0.8,1.0,7.849031925201416,12.194835007190704,21.196889877319336,55.13660430908203
277,1,4,0.8,0.8,2.0,5.574094772338867,8.471893072128296,23.07030487060547,70.65323638916016
277,1,4,1.0,0.2,0.5,1.4671087265014648,2.4517285227775574,10.9935884475708,18.029741287231445
277,1,4,1.0,0.2,1.0,0.0,0.0,9.722271919250488,19.908157348632812
277,1,4,1.0,0.2,2.0,0.0,0.07064366340637207,5.876439094543457,14.068782806396484
277,1,4,1.0,0.5,0.5,2.620347499847412,3.196091949939728,15.802404403686523,31.004417419433594
277,1,4,1.0,0.5,1.0,3.9489080905914307,5.606336057186127,25.41874885559082,61.02375793457031
277,1,4,1.0,0.5,2.0,2.62518310546875,4.149270534515381,24.698211669921875,74.7865219116211
277,1,4,1.0,0.8,0.5,11.247278213500977,16.149001836776733,28.92988395690918,60.453033447265625
277,1,4,1.0,0.8,1.0,8.465642929077148,11.993351399898529,51.68556213378906,120.73213958740234
277,1,4,1.0,0.8,2.0,5.974823951721191,8.65420013666153,45.57976150512695,125.29546356201172
277,1,4,1.2,0.2,0.5,0.0,0.0,28.759557723999023,43.78501510620117
277,1,4,1.2,0.2,1.0,0.057306110858917236,0.05467885732650757,17.68413734436035,32.97307586669922
277,1,4,1.2,0.2,2.0,0.0,0.0,13.867849349975586,34.823665618896484
277,1,4,1.2,0.5,0.5,3.44503116607666,4.439131200313568,52.066749572753906,95.21859741210938
277,1,4,1.2,0.5,1.0,3.9850423336029053,5.333555340766907,35.170127868652344,82.28047180175781
277,1,4,1.2,0.5,2.0,2.7248966693878174,3.937050998210907,39.37227249145508,108.76327514648438
277,1,4,1.2,0.8,0.5,10.820677757263184,12.79746812582016,115.22406005859375,201.0286102294922
277,1,4,1.2,0.8,1.0,8.285211563110352,11.984857380390167,47.87406539916992,114.24073791503906
277,1,4,1.2,0.8,2.0,5.758907318115234,8.121122062206268,83.09312438964844,198.33245849609375
278,1,0,0.8,0.2,0.5,5.996873378753662,8.075236558914185,5.272586822509766,7.8140058517456055
278,1,0,0.8,0.2,1.0,1.0317530632019043,1.0074548125267029,5.406168460845947,9.988319396972656
278,1,0,0.8,0.2,2.0,0.0,0.0,5.260014057159424,11.482734680175781
278,1,0,0.8,0.5,0.5,2.6638193130493164,3.7650827765464783,7.160264015197754,12.49665641784668
278,1,0,0.8,0.5,1.0,0.0,0.0,6.28401517868042,14.16653823852539
278,1,0,0.8,0.5,2.0,0.8208805322647095,0.8096799254417419,9.669502258300781,28.475372314453125
278,1,0,0.8,0.8,0.5,6.083400726318359,8.434646785259247,13.871781349182129,28.17455291748047
278,1,0,0.8,0.8,1.0,5.918119430541992,8.237156331539154,18.189128875732422,47.63202667236328
278,1,0,0.8,0.8,2.0,4.997815132141113,8.072957932949066,21.760900497436523,69.78974914550781
278,1,0,1.0,0.2,0.5,3.9542336463928223,6.1773377656936646,9.364625930786133,15.738582611083984
278,1,0,1.0,0.2,1.0,0.0,0.0,11.191985130310059,23.013389587402344
278,1,0,1.0,0.2,2.0,0.0,0.0,9.853911399841309,23.927520751953125
278,1,0,1.0,0.5,0.5,3.7364296913146973,4.575447201728821,15.856542587280273,29.971818923950195
278,1,0,1.0,0.5,1.0,1.6854032278060913,2.4388142228126526,16.92502784729004,41.26324462890625
278,1,0,1.0,0.5,2.0,2.7730605602264404,4.23280930519104,24.40113067626953,71.09992218017578
278,1,0,1.0,0.8,0.5,11.345335006713867,15.148117423057556,39.83002853393555,80.03099060058594
278,1,0,1.0,0.8,1.0,8.354583740234375,12.380465269088745,40.16289520263672,97.96165466308594
278,1,0,1.0,0.8,2.0,6.456730842590332,9.083967983722687,52.74300765991211,138.85096740722656
278,1,0,1.2,0.2,0.5,0.0,0.0,23.899721145629883,39.71629333496094
278,1,0,1.2,0.2,1.0,0.0,0.0,17.58405303955078,34.674556732177734
278,1,0,1.2,0.2,2.0,0.0,0.0,17.61229133605957,45.12281036376953
278,1,0,1.2,0.5,0.5,3.388688087463379,3.890668570995331,60.797733306884766,107.8563232421875
278,1,0,1.2,0.5,1.0,3.5150845050811768,4.946761190891266,48.723934173583984,107.99320983886719
278,1,0,1.2,0.5,2.0,2.530258893966675,4.01863294839859,30.062883377075195,86.14482879638672
278,1,0,1.2,0.8,0.5,12.12109375,14.209270000457764,107.9804916381836,187.0557403564453
278,1,0,1.2,0.8,1.0,7.9174699783325195,10.865345776081085,104.07418060302734,215.1248779296875
278,1,0,1.2,0.8,2.0,6.054703712463379,8.850606918334961,74.21932220458984,184.40113830566406
278,1,1,0.8,0.2,0.5,7.016528129577637,8.297317326068878,4.894814968109131,7.1787519454956055
278,1,1,0.8,0.2,1.0,0.7779648900032043,1.0843260884284973,5.546592712402344,10.652198791503906
278,1,1,0.8,0.2,2.0,0.0,0.0,6.588242053985596,15.60369873046875
278,1,1,0.8,0.5,0.5,1.9295259714126587,3.7471572756767273,7.860924243927002,14.089581489562988
278,1,1,0.8,0.5,1.0,0.8926860690116882,1.5884954929351807,10.073577880859375,23.821613311767578
278,1,1,0.8,0.5,2.0,0.9136028289794922,0.866149365901947,10.487056732177734,30.794578552246094
278,1,1,0.8,0.8,0.5,3.781001567840576,5.412313222885132,5.938374996185303,10.736159324645996
278,1,1,0.8,0.8,1.0,7.221795082092285,11.184149384498596,19.722187042236328,51.81019973754883
278,1,1,0.8,0.8,2.0,5.453217506408691,8.335139334201813,21.673185348510742,68.2299575805664
278,1,1,1.0,0.2,0.5,3.2563681602478027,4.747384071350098,10.015769958496094,16.42902183532715
278,1,1,1.0,0.2,1.0,0.0,0.0,10.466769218444824,21.532310485839844
278,1,1,1.0,0.2,2.0,0.0,0.0,7.790936470031738,19.202972412109375
278,1,1,1.0,0.5,0.5,6.424772262573242,9.476464688777924,20.562419891357422,41.64118576049805
278,1,1,1.0,0.5,1.0,3.4422056674957275,4.934035003185272,20.636577606201172,49.47671127319336
278,1,1,1.0,0.5,2.0,1.218290090560913,1.2053362131118774,13.475082397460938,39.5115966796875
278,1,1,1.0,0.8,0.5,11.6234712600708,15.88053148984909,46.951454162597656,95.10215759277344
278,1,1,1.0,0.8,1.0,8.526603698730469,12.316554307937622,48.0077018737793,116.81768798828125
278,1,1,1.0,0.8,2.0,5.440489292144775,8.094275414943695,41.5866584777832,120.8435287475586
278,1,1,1.2,0.2,0.5,0.0,0.0,19.48862075805664,24.77739715576172
278,1,1,1.2,0.2,1.0,0.0,0.0,22.20074462890625,44.57352828979492
278,1,1,1.2,0.2,2.0,0.0,0.0,16.42610740661621,45.33553695678711
278,1,1,1.2,0.5,0.5,3.838912010192871,4.892726302146912,37.7171745300293,72.80794525146484
278,1,1,1.2,0.5,1.0,4.095595359802246,5.810358822345734,49.27431869506836,110.80208587646484
278,1,1,1.2,0.5,2.0,3.0574874877929688,4.2297961711883545,38.242103576660156,102.89871978759766
278,1,1,1.2,0.8,0.5,11.767730712890625,14.26122933626175,99.7155532836914,179.3881378173828
278,1,1,1.2,0.8,1.0,9.293712615966797,12.509596168994904,94.57039642333984,193.53273010253906
278,1,1,1.2,0.8,2.0,6.276242256164551,9.184403896331787,77.6781005859375,190.7084503173828
278,1,2,0.8,0.2,0.5,4.613933563232422,6.437689781188965,4.593423843383789,6.877185344696045
278,1,2,0.8,0.2,1.0,0.004450619220733643,0.0,6.009120941162109,12.415385246276855
278,1,2,0.8,0.2,2.0,0.0,0.0,6.672132968902588,16.533071517944336
278,1,2,0.8,0.5,0.5,2.5995841026306152,3.0894068479537964,7.6919074058532715,13.493866920471191
278,1,2,0.8,0.5,1.0,0.0,0.0,10.100142478942871,23.322423934936523
278,1,2,0.8,0.5,2.0,0.0,0.2832344174385071,13.475500106811523,39.82542037963867
278,1,2,0.8,0.8,0.5,5.645031929016113,7.688216328620911,8.471515655517578,15.113563537597656
278,1,2,0.8,0.8,1.0,7.774899005889893,12.008244633674622,19.885303497314453,50.963191986083984
278,1,2,0.8,0.8,2.0,4.926894187927246,7.785763442516327,20.556861877441406,63.57460403442383
278,1,2,1.0,0.2,0.5,4.430004119873047,6.319254517555237,6.727216720581055,10.359389305114746
278,1,2,1.0,0.2,1.0,0.0,0.0,8.465228080749512,17.445823669433594
278,1,2,1.0,0.2,2.0,0.0,0.0,9.342022895812988,25.532201766967773
278,1,2,1.0,0.5,0.5,2.0137851238250732,3.470102906227112,13.332857131958008,26.202163696289062
278,1,2,1.0,0.5,1.0,1.4296865463256836,2.1854493618011475,18.319597244262695,44.744667053222656
278,1,2,1.0,0.5,2.0,2.611316442489624,3.3604280948638916,20.88153648376465,61.77692413330078
278,1,2,1.0,0.8,0.5,11.448713302612305,16.25231271982193,31.62577247619629,69.28677368164062
278,1,2,1.0,0.8,1.0,7.790667533874512,11.911019563674927,39.1140022277832,97.47868347167969
278,1,2,1.0,0.8,2.0,5.819089412689209,8.487069010734558,49.53830337524414,135.93711853027344
278,1,2,1.2,0.2,0.5,0.0,0.0,29.765588760375977,48.44508743286133
278,1,2,1.2,0.2,1.0,0.0,0.0,19.957759857177734,38.884647369384766
278,1,2,1.2,0.2,2.0,0.0,0.0,12.221649169921875,30.409833908081055
278,1,2,1.2,0.5,0.5,1.2631477117538452,1.3684024810791016,11.098670959472656,20.77474594116211
278,1,2,1.2,0.5,1.0,3.308990001678467,4.768620491027832,51.05147171020508,109.52216339111328
278,1,2,1.2,0.5,2.0,2.7420547008514404,3.6415441036224365,42.02823257446289,115.54185485839844
278,1,2,1.2,0.8,0.5,11.688196182250977,14.781774461269379,77.3832015991211,143.8729705810547
278,1,2,1.2,0.8,1.0,8.19146728515625,11.24523663520813,100.6693344116211,206.266357421875
278,1,2,1.2,0.8,2.0,5.707155227661133,8.019826233386993,81.83617401123047,199.50453186035156
278,1,3,0.8,0.2,0.5,5.668680667877197,7.397002816200256,5.5346574783325195,8.570472717285156
278,1,3,0.8,0.2,1.0,0.8803038597106934,1.3179870247840881,4.431337356567383,7.528245449066162
278,1,3,0.8,0.2,2.0,0.0,0.2424895167350769,6.259766101837158,14.619327545166016
278,1,3,0.8,0.5,0.5,2.173982858657837,3.21477210521698,6.43272066116333,11.279065132141113
278,1,3,0.8,0.5,1.0,0.9722778797149658,0.9721537828445435,7.9460577964782715,18.465137481689453
278,1,3,0.8,0.5,2.0,0.0,0.0,10.35954475402832,29.515972137451172
278,1,3,0.8,0.8,0.5,8.13262939453125,10.652925312519073,16.689468383789062,36.01688003540039
278,1,3,0.8,0.8,1.0,7.889120101928711,11.81598436832428,18.88248634338379,47.2238655090332
278,1,3,0.8,0.8,2.0,5.306252479553223,8.34597235918045,21.78951644897461,68.29570770263672
278,1,3,1.0,0.2,0.5,2.970782518386841,3.721865713596344,10.384285926818848,17.016809463500977
278,1,3,1.0,0.2,1.0,0.0,0.0,10.23167610168457,22.44159507751465
278,1,3,1.0,0.2,2.0,0.0,0.0,10.0087251663208,24.91267967224121
278,1,3,1.0,0.5,0.5,6.2833099365234375,8.886136293411255,17.22132110595703,33.73827362060547
278,1,3,1.0,0.5,1.0,3.981099843978882,5.839972674846649,20.448081970214844,46.89027404785156
278,1,3,1.0,0.5,2.0,0.9413146376609802,1.273554265499115,18.492286682128906,57.465904235839844
278,1,3,1.0,0.8,0.5,10.332276344299316,15.022998690605164,37.05941390991211,80.65617370605469
278,1,3,1.0,0.8,1.0,8.434269905090332,12.12133902311325,53.077728271484375,124.68170928955078
278,1,3,1.0,0.8,2.0,5.659588813781738,8.606360971927643,43.82255935668945,126.0387954711914
278,1,3,1.2,0.2,0.5,0.0,0.0,21.602113723754883,35.819847106933594
278,1,3,1.2,0.2,1.0,0.0,0.0,18.450702667236328,36.45326232910156
278,1,3,1.2,0.2,2.0,0.0,0.0,10.858821868896484,29.023826599121094
278,1,3,1.2,0.5,0.5,4.015374660491943,5.204904794692993,54.05548095703125,96.08403778076172
278,1,3,1.2,0.5,1.0,4.039644718170166,6.321393311023712,21.39358901977539,50.08224868774414
278,1,3,1.2,0.5,2.0,2.991331100463867,4.16262412071228,37.287498474121094,106.25086975097656
278,1,3,1.2,0.8,0.5,13.266956329345703,15.694894254207611,103.41273498535156,180.98011779785156
278,1,3,1.2,0.8,1.0,8.287153244018555,11.144799530506134,103.29056549072266,210.19924926757812
278,1,3,1.2,0.8,2.0,5.9589128494262695,8.50696974992752,65.93162536621094,171.7735137939453
278,1,4,0.8,0.2,0.5,3.8210859298706055,4.71428120136261,3.933086395263672,5.580993175506592
278,1,4,0.8,0.2,1.0,0.9006949663162231,1.1858914494514465,5.543310642242432,11.044702529907227
278,1,4,0.8,0.2,2.0,0.0,0.0,6.619518756866455,16.999631881713867
278,1,4,0.8,0.5,0.5,2.070779323577881,3.5911378264427185,8.204826354980469,15.144400596618652
278,1,4,0.8,0.5,1.0,1.5596445798873901,2.3003602623939514,9.689169883728027,22.806198120117188
278,1,4,0.8,0.5,2.0,0.842174768447876,0.8338416814804077,11.882644653320312,35.30717468261719
278,1,4,0.8,0.8,0.5,6.519095420837402,9.954471707344055,12.323341369628906,24.64946174621582
278,1,4,0.8,0.8,1.0,7.019402503967285,10.89750450849533,19.732187271118164,52.4658203125
278,1,4,0.8,0.8,2.0,5.501291275024414,8.637952148914337,22.53520393371582,71.63248443603516
278,1,4,1.0,0.2,0.5,2.702155828475952,3.2446136474609375,9.934602737426758,17.010408401489258
278,1,4,1.0,0.2,1.0,0.0,0.0,9.603492736816406,19.220312118530273
278,1,4,1.0,0.2,2.0,0.0,0.0,7.634059429168701,20.352758407592773
278,1,4,1.0,0.5,0.5,6.362972259521484,9.002096354961395,18.14490509033203,34.547576904296875
278,1,4,1.0,0.5,1.0,2.4574592113494873,3.6277120113372803,18.820209503173828,44.18730926513672
278,1,4,1.0,0.5,2.0,2.774890184402466,3.9236785173416138,21.793731689453125,63.27084732055664
278,1,4,1.0,0.8,0.5,11.463539123535156,16.533427834510803,33.215274810791016,66.89454650878906
278,1,4,1.0,0.8,1.0,7.6984357833862305,11.481123447418213,37.46363067626953,95.65154266357422
278,1,4,1.0,0.8,2.0,5.765944480895996,8.59685218334198,50.822105407714844,138.11659240722656
278,1,4,1.2,0.2,0.5,0.23950350284576416,0.26380133628845215,19.24810218811035,29.66226577758789
278,1,4,1.2,0.2,1.0,0.0,0.0,17.688383102416992,36.958866119384766
278,1,4,1.2,0.2,2.0,0.0,0.0,16.93227767944336,43.20286560058594
278,1,4,1.2,0.5,0.5,5.1055498123168945,6.978071689605713,30.337779998779297,59.71232986450195
278,1,4,1.2,0.5,1.0,3.790036678314209,4.997366428375244,54.71984100341797,119.03494262695312
278,1,4,1.2,0.5,2.0,2.8756425380706787,4.491236507892609,33.042823791503906,91.2537612915039
278,1,4,1.2,0.8,0.5,11.439369201660156,13.918891310691833,103.9714584350586,182.28958129882812
278,1,4,1.2,0.8,1.0,7.654749870300293,11.068113803863525,52.63151168823242,124.86811065673828
278,1,4,1.2,0.8,2.0,5.8304643630981445,8.344511032104492,82.27070617675781,196.2185821533203
279,1,0,0.8,0.2,0.5,4.110439777374268,5.985804259777069,5.009058475494385,7.352046012878418
279,1,0,0.8,0.2,1.0,0.39251405000686646,0.6487526297569275,5.804140567779541,11.106348991394043
279,1,0,0.8,0.2,2.0,0.3849547505378723,0.5010573863983154,5.141562461853027,10.823901176452637
279,1,0,0.8,0.5,0.5,3.1869020462036133,4.361935555934906,7.052621841430664,11.919723510742188
279,1,0,0.8,0.5,1.0,0.3939225673675537,0.48851484060287476,9.947794914245605,24.07221221923828
279,1,0,0.8,0.5,2.0,0.5823171138763428,0.5503443479537964,10.94031047821045,30.56744956970215
279,1,0,0.8,0.8,0.5,4.86796236038208,5.4951252937316895,14.32813835144043,29.108850479125977
279,1,0,0.8,0.8,1.0,7.346048355102539,11.563743889331818,19.731670379638672,50.18415832519531
279,1,0,0.8,0.8,2.0,4.843674659729004,7.432542324066162,20.03010368347168,61.75492477416992
279,1,0,1.0,0.2,0.5,2.2911899089813232,2.631113290786743,10.79226016998291,17.93210792541504
279,1,0,1.0,0.2,1.0,0.0,0.0,9.622897148132324,20.191926956176758
279,1,0,1.0,0.2,2.0,0.0,0.0,10.31977653503418,26.982954025268555
279,1,0,1.0,0.5,0.5,3.1255927085876465,4.102750599384308,12.574246406555176,24.074071884155273
279,1,0,1.0,0.5,1.0,3.4839484691619873,5.2615721225738525,20.428958892822266,47.575313568115234
279,1,0,1.0,0.5,2.0,0.35357028245925903,0.687745213508606,19.79341697692871,57.393470764160156
279,1,0,1.0,0.8,0.5,11.547235488891602,16.664422750473022,32.08363723754883,68.19336700439453
279,1,0,1.0,0.8,1.0,8.3583984375,11.9212926030159,47.151763916015625,113.54884338378906
279,1,0,1.0,0.8,2.0,5.871171951293945,8.837257087230682,37.555057525634766,111.23538208007812
279,1,0,1.2,0.2,0.5,0.0,0.0,25.104156494140625,53.20304489135742
279,1,0,1.2,0.2,1.0,0.0,0.0,11.256987571716309,24.849117279052734
279,1,0,1.2,0.2,2.0,0.0,0.0,9.55559253692627,23.545801162719727
279,1,0,1.2,0.5,0.5,3.313992977142334,4.023485004901886,42.43592834472656,82.43036651611328
279,1,0,1.2,0.5,1.0,3.7882590293884277,5.043865144252777,52.595611572265625,116.46772766113281
279,1,0,1.2,0.5,2.0,2.413377046585083,3.246221601963043,33.33125305175781,91.99785614013672
279,1,0,1.2,0.8,0.5,11.141486167907715,13.219895660877228,109.88645935058594,191.1018829345703
279,1,0,1.2,0.8,1.0,8.647494316101074,11.633957266807556,87.35700225830078,184.59857177734375
279,1,0,1.2,0.8,2.0,5.86494779586792,8.159932076931,88.86502838134766,210.93551635742188
279,1,1,0.8,0.2,0.5,5.175624370574951,6.470156371593475,5.043145179748535,7.305346488952637
279,1,1,0.8,0.2,1.0,0.7802777290344238,0.9647200703620911,5.472933769226074,10.5728759765625
279,1,1,0.8,0.2,2.0,0.12880027294158936,0.16660940647125244,6.462209224700928,16.579689025878906
279,1,1,0.8,0.5,0.5,2.5334441661834717,3.5658889412879944,5.883912086486816,9.584903717041016
279,1,1,0.8,0.5,1.0,1.2606227397918701,1.2508235573768616,10.330707550048828,24.216371536254883
279,1,1,0.8,0.5,2.0,0.898318886756897,0.8586322665214539,12.785164833068848,36.78318786621094
279,1,1,0.8,0.8,0.5,5.740515232086182,7.897623300552368,15.21972942352295,31.64234161376953
279,1,1,0.8,0.8,1.0,8.397397994995117,12.700162947177887,21.929330825805664,55.367977142333984
279,1,1,0.8,0.8,2.0,5.186419486999512,7.902854323387146,20.102012634277344,63.784393310546875
279,1,1,1.0,0.2,0.5,4.483798027038574,6.692141234874725,4.279879093170166,6.141631603240967
279,1,1,1.0,0.2,1.0,0.0,0.0,9.599966049194336,18.798131942749023
279,1,1,1.0,0.2,2.0,0.0,0.0,9.762674331665039,25.31889533996582
279,1,1,1.0,0.5,0.5,6.365673065185547,9.469484865665436,17.498273849487305,34.1937141418457
279,1,1,1.0,0.5,1.0,3.638265371322632,5.111407101154327,18.408935546875,43.235816955566406
279,1,1,1.0,0.5,2.0,0.0,0.0,16.29677963256836,48.51058578491211
279,1,1,1.0,0.8,0.5,12.269792556762695,16.558932781219482,41.77546310424805,83.93692779541016
279,1,1,1.0,0.8,1.0,8.192110061645508,12.581049025058746,36.87454605102539,90.75971221923828
279,1,1,1.0,0.8,2.0,5.598414421081543,8.064288437366486,43.935638427734375,123.02909851074219
279,1,1,1.2,0.2,0.5,0.0,0.0,19.487775802612305,30.5887508392334
279,1,1,1.2,0.2,1.0,0.0,0.0,17.32804298400879,36.90959930419922
279,1,1,1.2,0.2,2.0,0.0,0.0,13.972634315490723,36.05691146850586
279,1,1,1.2,0.5,0.5,4.313774585723877,5.3238449692726135,36.07548522949219,70.24210357666016
279,1,1,1.2,0.5,1.0,3.860811233520508,5.295222282409668,58.409088134765625,126.88628387451172
279,1,1,1.2,0.5,2.0,2.878734588623047,4.283799946308136,33.39320755004883,94.49922180175781
279,1,1,1.2,0.8,0.5,12.161650657653809,14.68506121635437,91.9183578491211,167.1280975341797
279,1,1,1.2,0.8,1.0,8.461234092712402,11.58705222606659,82.28726196289062,176.5200958251953
279,1,1,1.2,0.8,2.0,5.954123497009277,8.531743705272675,71.44269561767578,182.62062072753906
279,1,2,0.8,0.2,0.5,6.737921237945557,10.550831019878387,5.310433387756348,8.064823150634766
279,1,2,0.8,0.2,1.0,0.682354748249054,0.6840571761131287,5.736313819885254,10.753623962402344
279,1,2,0.8,0.2,2.0,0.2257462739944458,0.19980037212371826,6.9038801193237305,15.961846351623535
279,1,2,0.8,0.5,0.5,2.3566880226135254,3.2895320653915405,9.669327735900879,17.57386589050293
279,1,2,0.8,0.5,1.0,1.4402201175689697,1.7508795857429504,9.505732536315918,21.789751052856445
279,1,2,0.8,0.5,2.0,0.16052311658859253,0.22727936506271362,11.159123420715332,31.32408905029297
279,1,2,0.8,0.8,0.5,5.25530481338501,7.5707069635391235,10.334473609924316,20.066009521484375
279,1,2,0.8,0.8,1.0,7.493099212646484,11.47734534740448,19.00870704650879,46.87050247192383
279,1,2,0.8,0.8,2.0,3.147524833679199,2.8959416151046753,15.005895614624023,48.03505325317383
279,1,2,1.0,0.2,0.5,4.178702354431152,5.74465948343277,9.285523414611816,15.17585277557373
279,1,2,1.0,0.2,1.0,0.0,0.0,10.642057418823242,21.32488250732422
279,1,2,1.0,0.2,2.0,0.0,0.0,7.105135440826416,16.501056671142578
279,1,2,1.0,0.5,0.5,2.7206685543060303,3.540041446685791,10.647664070129395,19.716123580932617
279,1,2,1.0,0.5,1.0,3.8943982124328613,5.980636477470398,20.34209632873535,49.3392448425293
279,1,2,1.0,0.5,2.0,0.9839881062507629,1.6418444514274597,20.624422073364258,60.94678497314453
279,1,2,1.0,0.8,0.5,11.508016586303711,15.489357113838196,49.20411682128906,100.6865234375
279,1,2,1.0,0.8,1.0,8.000883102416992,11.56601768732071,48.66524887084961,120.10580444335938
279,1,2,1.0,0.8,2.0,6.100557327270508,8.721660435199738,35.69230651855469,108.56394958496094
279,1,2,1.2,0.2,0.5,2.766587495803833,3.985725700855255,11.93837833404541,18.788959503173828
279,1,2,1.2,0.2,1.0,0.0,0.0,21.42485237121582,45.226112365722656
279,1,2,1.2,0.2,2.0,0.0,0.0,13.393106460571289,35.336936950683594
279,1,2,1.2,0.5,0.5,5.564525604248047,8.013467371463776,35.697898864746094,69.729248046875
279,1,2,1.2,0.5,1.0,3.6134259700775146,5.114097535610199,46.35152053833008,103.82709503173828
279,1,2,1.2,0.5,2.0,2.535085916519165,3.801157534122467,39.89274978637695,108.85054016113281
279,1,2,1.2,0.8,0.5,12.151446342468262,16.753689110279083,51.84281921386719,103.34697723388672
279,1,2,1.2,0.8,1.0,8.046117782592773,11.714227318763733,59.58624267578125,139.94505310058594
279,1,2,1.2,0.8,2.0,5.553429126739502,7.983064293861389,73.40155792236328,185.8727569580078
279,1,3,0.8,0.2,0.5,4.306328296661377,6.662487685680389,4.830957412719727,7.0886054039001465
279,1,3,0.8,0.2,1.0,0.4187420606613159,0.5961558222770691,6.092026233673096,11.564340591430664
279,1,3,0.8,0.2,2.0,0.21418040990829468,0.21661603450775146,6.170497417449951,15.43510627746582
279,1,3,0.8,0.5,0.5,2.6445043087005615,3.223545789718628,7.222339630126953,12.936988830566406
279,1,3,0.8,0.5,1.0,1.470428466796875,1.877159059047699,9.222138404846191,20.320127487182617
279,1,3,0.8,0.5,2.0,0.49021029472351074,0.5159584283828735,11.641797065734863,34.759117126464844
279,1,3,0.8,0.8,0.5,6.2106428146362305,7.928317368030548,14.642699241638184,30.75290298461914
279,1,3,0.8,0.8,1.0,4.378947734832764,5.925932586193085,14.127943992614746,36.16173553466797
279,1,3,0.8,0.8,2.0,5.343836784362793,8.301100254058838,20.44940757751465,62.87700653076172
279,1,3,1.0,0.2,0.5,0.6555102467536926,0.9679982662200928,7.344728469848633,10.837646484375
279,1,3,1.0,0.2,1.0,0.0,0.0,9.488776206970215,19.22985076904297
279,1,3,1.0,0.2,2.0,0.0,0.0,9.614982604980469,25.49081039428711
279,1,3,1.0,0.5,0.5,2.7923266887664795,2.7895668745040894,10.424262046813965,18.86825180053711
279,1,3,1.0,0.5,1.0,4.04313850402832,6.257958650588989,23.656837463378906,56.43244934082031
279,1,3,1.0,0.5,2.0,0.0,0.0,17.84839630126953,53.21755599975586
279,1,3,1.0,0.8,0.5,11.796838760375977,16.714065313339233,38.36934280395508,77.78974914550781
279,1,3,1.0,0.8,1.0,8.713908195495605,12.857732474803925,46.2077751159668,111.30897521972656
279,1,3,1.0,0.8,2.0,5.5269389152526855,8.338801741600037,48.150569915771484,132.48504638671875
279,1,3,1.2,0.2,0.5,0.0,0.0,23.02627182006836,35.289878845214844
279,1,3,1.2,0.2,1.0,0.0,0.0,15.244857788085938,33.821434020996094
279,1,3,1.2,0.2,2.0,0.0,0.0,14.995938301086426,38.88721466064453
279,1,3,1.2,0.5,0.5,3.752333164215088,4.924124836921692,42.44770812988281,78.8680648803711
279,1,3,1.2,0.5,1.0,1.396841287612915,1.9303851127624512,16.620006561279297,39.20909118652344
279,1,3,1.2,0.5,2.0,2.592344284057617,3.855189025402069,30.679309844970703,89.5995101928711
279,1,3,1.2,0.8,0.5,11.308666229248047,13.321361720561981,114.72407531738281,199.91983032226562
279,1,3,1.2,0.8,1.0,8.44633674621582,11.352075219154358,94.17831420898438,190.77610778808594
279,1,3,1.2,0.8,2.0,5.556490898132324,7.71031790971756,80.30947875976562,197.22470092773438
279,1,4,0.8,0.2,0.5,4.888985633850098,7.1332767605781555,5.2454657554626465,7.955863952636719
279,1,4,0.8,0.2,1.0,0.2534292936325073,0.4519727826118469,6.255240440368652,12.566259384155273
279,1,4,0.8,0.2,2.0,0.0,0.0,6.293057918548584,14.388386726379395
279,1,4,0.8,0.5,0.5,2.1267340183258057,2.561017692089081,5.258607387542725,8.506607055664062
279,1,4,0.8,0.5,1.0,0.4054582715034485,0.37996870279312134,10.869685173034668,25.23772621154785
279,1,4,0.8,0.5,2.0,1.0570876598358154,1.1288582682609558,12.18480396270752,36.26458740234375
279,1,4,0.8,0.8,0.5,5.556427955627441,7.202492296695709,11.964005470275879,23.941946029663086
279,1,4,0.8,0.8,1.0,8.211491584777832,12.658587396144867,21.59869956970215,57.21479797363281
279,1,4,0.8,0.8,2.0,5.7972822189331055,8.840799868106842,23.517501831054688,72.72325134277344
279,1,4,1.0,0.2,0.5,1.0816831588745117,2.143965482711792,8.741153717041016,14.113710403442383
279,1,4,1.0,0.2,1.0,0.0,0.0,10.704700469970703,22.98381805419922
279,1,4,1.0,0.2,2.0,0.0,0.0,8.684349060058594,22.423336029052734
279,1,4,1.0,0.5,0.5,5.828676700592041,8.750244081020355,20.07933807373047,39.79914093017578
279,1,4,1.0,0.5,1.0,4.135529518127441,5.799299716949463,27.750930786132812,66.479248046875
279,1,4,1.0,0.5,2.0,1.6112130880355835,1.766843020915985,19.26300811767578,57.9001579284668
279,1,4,1.0,0.8,0.5,12.063728332519531,16.149892926216125,44.79930877685547,93.61210632324219
279,1,4,1.0,0.8,1.0,8.856979370117188,13.281620979309082,42.093875885009766,99.26463317871094
279,1,4,1.0,0.8,2.0,6.079863548278809,8.675649404525757,43.062923431396484,122.5988998413086
279,1,4,1.2,0.2,0.5,0.0,0.0,30.04979705810547,46.76876449584961
279,1,4,1.2,0.2,1.0,0.0,0.0,18.92687225341797,41.08705139160156
279,1,4,1.2,0.2,2.0,0.0,0.0,15.06732177734375,42.53754806518555
279,1,4,1.2,0.5,0.5,4.84090518951416,5.855302333831787,36.2177734375,66.66075897216797
279,1,4,1.2,0.5,1.0,3.618314743041992,4.8380531668663025,50.0628547668457,112.97528076171875
279,1,4,1.2,0.5,2.0,3.1943905353546143,4.30839341878891,43.89672088623047,119.91878509521484
279,1,4,1.2,0.8,0.5,12.955204010009766,15.17625743150711,94.62903594970703,171.41880798339844
279,1,4,1.2,0.8,1.0,7.9680609703063965,11.3535875082016,96.91796112060547,200.9610595703125
279,1,4,1.2,0.8,2.0,5.550561428070068,7.951879799365997,74.16006469726562,184.1317596435547
280,1,0,0.8,0.2,0.5,7.374600410461426,10.680887818336487,4.921324729919434,7.096144199371338
280,1,0,0.8,0.2,1.0,1.1196073293685913,1.4475634694099426,5.404477119445801,10.315815925598145
280,1,0,0.8,0.2,2.0,0.0,0.0,6.241261005401611,14.4002103805542
280,1,0,0.8,0.5,0.5,1.0364320278167725,2.303761839866638,7.417192459106445,13.068286895751953
280,1,0,0.8,0.5,1.0,0.9423895478248596,1.7468551993370056,6.819489479064941,14.393097877502441
280,1,0,0.8,0.5,2.0,0.702986478805542,0.550998330116272,11.882436752319336,35.90498352050781
280,1,0,0.8,0.8,0.5,5.809645652770996,8.471098065376282,16.05076789855957,33.77706527709961
280,1,0,0.8,0.8,1.0,7.819346904754639,11.859871447086334,21.468454360961914,55.061012268066406
280,1,0,0.8,0.8,2.0,5.749936580657959,9.03574812412262,23.51416015625,71.2661361694336
280,1,0,1.0,0.2,0.5,6.958802700042725,9.955520987510681,4.811165809631348,7.027674198150635
280,1,0,1.0,0.2,1.0,0.0,0.0,7.3907670974731445,14.992481231689453
280,1,0,1.0,0.2,2.0,0.0,0.0,10.143735885620117,27.90744972229004
280,1,0,1.0,0.5,0.5,5.895478248596191,8.836762547492981,17.51492691040039,33.98517608642578
280,1,0,1.0,0.5,1.0,0.9970380067825317,1.7056391835212708,16.647228240966797,40.159793853759766
280,1,0,1.0,0.5,2.0,0.9246796369552612,0.9331678152084351,13.925605773925781,42.495277404785156
280,1,0,1.0,0.8,0.5,11.960180282592773,16.422052025794983,41.79533767700195,87.83223724365234
280,1,0,1.0,0.8,1.0,8.173624992370605,12.04399037361145,48.13895034790039,117.75696563720703
280,1,0,1.0,0.8,2.0,5.806008815765381,8.552898705005646,45.52408981323242,130.85960388183594
280,1,0,1.2,0.2,0.5,0.0,0.0,27.954938888549805,45.91313552856445
280,1,0,1.2,0.2,1.0,0.0,0.0,19.65891456604004,44.57720184326172
280,1,0,1.2,0.2,2.0,0.0,0.0,16.405961990356445,47.75257873535156
280,1,0,1.2,0.5,0.5,5.905635356903076,8.805889904499054,18.54353141784668,37.364280700683594
280,1,0,1.2,0.5,1.0,3.4217915534973145,5.211726784706116,36.66112518310547,86.45626068115234
280,1,0,1.2,0.5,2.0,2.605764865875244,3.7017765045166016,27.883081436157227,80.58271026611328
280,1,0,1.2,0.8,0.5,10.56782054901123,12.74315094947815,108.17926788330078,193.6353759765625
280,1,0,1.2,0.8,1.0,8.245582580566406,11.995036780834198,47.33257293701172,113.53038024902344
280,1,0,1.2,0.8,2.0,6.226072311401367,8.784734070301056,82.50768280029297,198.48211669921875
280,1,1,0.8,0.2,0.5,3.5241599082946777,5.96748012304306,4.794764995574951,7.151533603668213
280,1,1,0.8,0.2,1.0,0.6511878967285156,0.7851660251617432,5.502505302429199,10.644287109375
280,1,1,0.8,0.2,2.0,0.0,0.0,6.174121856689453,15.281944274902344
280,1,1,0.8,0.5,0.5,1.9602866172790527,2.979382336139679,6.502663612365723,10.714258193969727
280,1,1,0.8,0.5,1.0,1.2865803241729736,1.3249038457870483,8.559749603271484,19.553728103637695
280,1,1,0.8,0.5,2.0,0.0,0.0,10.071911811828613,28.540145874023438
280,1,1,0.8,0.8,0.5,6.938063621520996,9.188413381576538,15.10966968536377,32.18418502807617
280,1,1,0.8,0.8,1.0,2.6007635593414307,3.374486207962036,17.124069213867188,45.09627914428711
280,1,1,0.8,0.8,2.0,5.674737930297852,8.502884149551392,22.61243438720703,69.21083068847656
280,1,1,1.0,0.2,0.5,1.6013765335083008,2.084280550479889,8.82303237915039,14.79484748840332
280,1,1,1.0,0.2,1.0,0.0,0.0,11.07153034210205,24.607812881469727
280,1,1,1.0,0.2,2.0,0.0,0.0,9.366486549377441,23.9755802154541
280,1,1,1.0,0.5,0.5,5.9290642738342285,8.623702108860016,19.347320556640625,37.34449005126953
280,1,1,1.0,0.5,1.0,0.8323057293891907,0.8458850979804993,16.98859405517578,41.20030975341797
280,1,1,1.0,0.5,2.0,0.18731099367141724,0.1697596311569214,20.140419006347656,63.11151123046875
280,1,1,1.0,0.8,0.5,11.94289779663086,16.479363560676575,45.70866012573242,94.64835357666016
280,1,1,1.0,0.8,1.0,8.3517427444458,11.944256484508514,47.64591598510742,116.82820892333984
280,1,1,1.0,0.8,2.0,6.021087169647217,9.173929691314697,29.554956436157227,88.0217056274414
280,1,1,1.2,0.2,0.5,1.4049899578094482,1.878360629081726,16.82147216796875,27.443862915039062
280,1,1,1.2,0.2,1.0,0.0,0.0,25.58852195739746,52.10917282104492
280,1,1,1.2,0.2,2.0,0.0,0.0,14.948436737060547,38.70811080932617
280,1,1,1.2,0.5,0.5,4.051743984222412,5.100589752197266,39.67719650268555,72.17771911621094
280,1,1,1.2,0.5,1.0,3.186063528060913,4.575111269950867,55.566978454589844,118.05122375488281
280,1,1,1.2,0.5,2.0,1.7147626876831055,2.460608184337616,20.392587661743164,63.50261306762695
280,1,1,1.2,0.8,0.5,11.334835052490234,13.464093565940857,87.42066955566406,160.4170379638672
280,1,1,1.2,0.8,1.0,8.603890419006348,11.942338824272156,79.17115783691406,171.14169311523438
280,1,1,1.2,0.8,2.0,5.634815692901611,8.564300656318665,78.40861511230469,195.78790283203125
280,1,2,0.8,0.2,0.5,5.532924652099609,10.259294748306274,5.234920024871826,7.507949352264404
280,1,2,0.8,0.2,1.0,0.0,0.0,6.64260196685791,12.486204147338867
280,1,2,0.8,0.2,2.0,0.0,0.0,5.7197041511535645,13.643935203552246
280,1,2,0.8,0.5,0.5,2.5052733421325684,3.186883509159088,8.989310264587402,16.135696411132812
280,1,2,0.8,0.5,1.0,1.153822422027588,1.150169551372528,8.482810020446777,19.283355712890625
280,1,2,0.8,0.5,2.0,0.9419575929641724,0.9259030818939209,9.805947303771973,29.519729614257812
280,1,2,0.8,0.8,0.5,6.700570106506348,8.38938856124878,14.794607162475586,30.384912490844727
280,1,2,0.8,0.8,1.0,7.294191360473633,11.382928490638733,20.209646224975586,53.05892562866211
280,1,2,0.8,0.8,2.0,5.979851722717285,9.120759308338165,26.71123504638672,80.50689697265625
280,1,2,1.0,0.2,0.5,1.513545274734497,2.0699135661125183,9.579221725463867,16.157014846801758
280,1,2,1.0,0.2,1.0,0.013466596603393555,0.0008147954940795898,9.35321044921875,19.816511154174805
280,1,2,1.0,0.2,2.0,0.0,0.0,9.104174613952637,25.24420166015625
280,1,2,1.0,0.5,0.5,5.462410926818848,7.843792498111725,23.423681259155273,46.94772720336914
280,1,2,1.0,0.5,1.0,3.6268022060394287,5.493615746498108,19.250999450683594,45.3483772277832
280,1,2,1.0,0.5,2.0,0.986602783203125,0.8648056983947754,20.764930725097656,62.14155960083008
280,1,2,1.0,0.8,0.5,11.159452438354492,15.798544824123383,35.05894088745117,72.21417999267578
280,1,2,1.0,0.8,1.0,8.570337295532227,12.217080950737,39.14970779418945,98.44894409179688
280,1,2,1.0,0.8,2.0,5.8782267570495605,8.363282322883606,46.475284576416016,130.92713928222656
280,1,2,1.2,0.2,0.5,0.0,0.0,29.84264373779297,48.72743225097656
280,1,2,1.2,0.2,1.0,0.0,0.0,17.270954132080078,36.852943420410156
280,1,2,1.2,0.2,2.0,0.0,0.0,16.795848846435547,41.713134765625
280,1,2,1.2,0.5,0.5,3.7667858600616455,4.663146913051605,46.460269927978516,84.34122467041016
280,1,2,1.2,0.5,1.0,3.503079652786255,4.967228353023529,47.02479934692383,108.97492218017578
280,1,2,1.2,0.5,2.0,3.2703118324279785,4.640424907207489,39.98400115966797,109.60199737548828
280,1,2,1.2,0.8,0.5,10.200132369995117,12.778662741184235,103.58230590820312,187.22207641601562
280,1,2,1.2,0.8,1.0,8.547717094421387,11.913686156272888,69.34039306640625,154.5352783203125
280,1,2,1.2,0.8,2.0,5.881850242614746,8.21338951587677,67.2669906616211,176.1257781982422
280,1,3,0.8,0.2,0.5,4.261466026306152,5.647534012794495,5.055905342102051,7.378288745880127
280,1,3,0.8,0.2,1.0,0.6180227994918823,0.6905567049980164,5.466765403747559,10.296777725219727
280,1,3,0.8,0.2,2.0,0.0,0.0810779333114624,6.3587775230407715,14.580498695373535
280,1,3,0.8,0.5,0.5,1.4522671699523926,2.291786789894104,8.657340049743652,15.636740684509277
280,1,3,0.8,0.5,1.0,0.8824849724769592,1.5015959739685059,11.236517906188965,26.484310150146484
280,1,3,0.8,0.5,2.0,0.0,0.0,12.598633766174316,37.57152557373047
280,1,3,0.8,0.8,0.5,6.627184867858887,7.215315461158752,10.894655227661133,21.33884620666504
280,1,3,0.8,0.8,1.0,7.979050636291504,12.186603665351868,21.760828018188477,56.576351165771484
280,1,3,0.8,0.8,2.0,5.918440818786621,9.201355338096619,22.53805160522461,68.76335144042969
280,1,3,1.0,0.2,0.5,3.1883814334869385,4.40913063287735,11.003552436828613,17.74443817138672
280,1,3,1.0,0.2,1.0,0.0,0.0,9.673005104064941,19.203012466430664
280,1,3,1.0,0.2,2.0,0.0,0.0,6.478610515594482,15.180830001831055
280,1,3,1.0,0.5,0.5,3.0548572540283203,4.790376543998718,13.145075798034668,25.493915557861328
280,1,3,1.0,0.5,1.0,0.9760122895240784,1.1294013261795044,10.479141235351562,24.877588272094727
280,1,3,1.0,0.5,2.0,0.0,0.0,14.945764541625977,44.01173400878906
280,1,3,1.0,0.8,0.5,11.669490814208984,17.226312935352325,19.60025405883789,40.32233810424805
280,1,3,1.0,0.8,1.0,8.244426727294922,11.786190330982208,44.16767501831055,107.7057876586914
280,1,3,1.0,0.8,2.0,6.260890960693359,9.042864203453064,43.61165237426758,120.86405181884766
280,1,3,1.2,0.2,0.5,0.0,0.0,29.907718658447266,52.1951904296875
280,1,3,1.2,0.2,1.0,0.0,0.0,18.675628662109375,38.79518127441406
280,1,3,1.2,0.2,2.0,0.0,0.0,16.531715393066406,44.154563903808594
280,1,3,1.2,0.5,0.5,3.5103068351745605,4.313609182834625,44.983219146728516,83.9613037109375
280,1,3,1.2,0.5,1.0,4.259780406951904,6.041765093803406,51.72312545776367,113.37820434570312
280,1,3,1.2,0.5,2.0,3.2168307304382324,4.494315207004547,35.28645706176758,99.79745483398438
280,1,3,1.2,0.8,0.5,10.97536563873291,12.671850204467773,116.32640838623047,203.37277221679688
280,1,3,1.2,0.8,1.0,7.8524370193481445,11.0851269364357,75.45675659179688,160.16419982910156
280,1,3,1.2,0.8,2.0,6.131516933441162,8.538598537445068,76.29469299316406,190.76547241210938
280,1,4,0.8,0.2,0.5,5.367702007293701,7.451321303844452,4.212332725524902,6.092833995819092
280,1,4,0.8,0.2,1.0,0.41204947233200073,0.39500921964645386,6.370147705078125,11.704705238342285
280,1,4,0.8,0.2,2.0,0.2196837067604065,0.22771567106246948,5.588192462921143,13.094542503356934
280,1,4,0.8,0.5,0.5,2.443514347076416,2.5984309315681458,8.525823593139648,15.471153259277344
280,1,4,0.8,0.5,1.0,0.9238425493240356,1.697436511516571,10.395801544189453,24.136619567871094
280,1,4,0.8,0.5,2.0,0.9240299463272095,0.9165233373641968,11.830184936523438,34.215736389160156
280,1,4,0.8,0.8,0.5,6.533062934875488,9.817783653736115,7.775001049041748,13.809775352478027
280,1,4,0.8,0.8,1.0,7.350920677185059,11.49186086654663,20.707172393798828,53.991546630859375
280,1,4,0.8,0.8,2.0,4.6757307052612305,7.058076441287994,19.758798599243164,61.534732818603516
280,1,4,1.0,0.2,0.5,3.8017194271087646,7.201357483863831,7.507482528686523,11.555168151855469
280,1,4,1.0,0.2,1.0,0.0,0.0,8.124799728393555,18.080413818359375
280,1,4,1.0,0.2,2.0,0.0,0.0,9.500425338745117,25.86094093322754
280,1,4,1.0,0.5,0.5,2.3945178985595703,2.094293177127838,10.100740432739258,18.607728958129883
280,1,4,1.0,0.5,1.0,3.6724493503570557,5.206608593463898,20.369251251220703,48.87313461303711
280,1,4,1.0,0.5,2.0,2.5620365142822266,4.12998104095459,23.198524475097656,67.47502899169922
280,1,4,1.0,0.8,0.5,11.917428016662598,16.81133359670639,32.25238037109375,68.1509780883789
280,1,4,1.0,0.8,1.0,8.079476356506348,11.742160022258759,50.76837921142578,120.90727996826172
280,1,4,1.0,0.8,2.0,5.667157173156738,8.796570718288422,36.69535446166992,109.47632598876953
280,1,4,1.2,0.2,0.5,0.0,0.0,29.128976821899414,47.23512649536133
280,1,4,1.2,0.2,1.0,0.0,0.0,23.790056228637695,49.1900634765625
280,1,4,1.2,0.2,2.0,0.0,0.0,12.132680892944336,30.275653839111328
280,1,4,1.2,0.5,0.5,4.313149929046631,5.301626801490784,48.027748107910156,90.77082824707031
280,1,4,1.2,0.5,1.0,3.2767956256866455,4.969709515571594,27.894250869750977,67.16311645507812
280,1,4,1.2,0.5,2.0,2.725182056427002,4.117214560508728,25.092355728149414,71.47744750976562
280,1,4,1.2,0.8,0.5,11.738500595092773,14.786167562007904,87.81105041503906,162.52328491210938
280,1,4,1.2,0.8,1.0,8.094334602355957,11.083415865898132,99.49663543701172,203.20071411132812
280,1,4,1.2,0.8,2.0,6.254073619842529,8.747451484203339,63.65359115600586,168.65936279296875
281,1,0,0.8,0.2,0.5,2.865579843521118,4.551107227802277,4.553341388702393,7.103806972503662
281,1,0,0.8,0.2,1.0,0.8706314563751221,1.3499062657356262,5.767706871032715,11.308762550354004
281,1,0,0.8,0.2,2.0,0.0,0.0,4.984840393066406,11.626192092895508
281,1,0,0.8,0.5,0.5,0.3033493161201477,0.999652624130249,7.305041790008545,12.932640075683594
281,1,0,0.8,0.5,1.0,0.968887209892273,0.970509946346283,11.210413932800293,26.390806198120117
281,1,0,0.8,0.5,2.0,0.0,0.0,10.751092910766602,31.678142547607422
281,1,0,0.8,0.8,0.5,4.922690391540527,7.275425910949707,12.425094604492188,24.827022552490234
281,1,0,0.8,0.8,1.0,5.529525279998779,6.540898025035858,15.727559089660645,39.23447799682617
281,1,0,0.8,0.8,2.0,3.28873348236084,3.8265910148620605,18.265029907226562,55.92698287963867
281,1,0,1.0,0.2,0.5,4.727426052093506,6.4253199100494385,6.777400970458984,9.63599967956543
281,1,0,1.0,0.2,1.0,0.0,0.0,10.506744384765625,22.862783432006836
281,1,0,1.0,0.2,2.0,0.0,0.0,9.815167427062988,25.92521858215332
281,1,0,1.0,0.5,0.5,3.2643537521362305,4.882084786891937,15.164360046386719,29.799762725830078
281,1,0,1.0,0.5,1.0,1.5667533874511719,1.58314847946167,16.518646240234375,39.37997817993164
281,1,0,1.0,0.5,2.0,2.8141376972198486,4.294000267982483,23.02185821533203,68.35986328125
281,1,0,1.0,0.8,0.5,11.734947204589844,17.19595968723297,27.869590759277344,57.095237731933594
281,1,0,1.0,0.8,1.0,8.381387710571289,11.772631645202637,52.32073211669922,126.48613739013672
281,1,0,1.0,0.8,2.0,5.363398551940918,7.929560422897339,42.69870376586914,125.35188293457031
281,1,0,1.2,0.2,0.5,0.0,0.0,33.65156936645508,61.24031448364258
281,1,0,1.2,0.2,1.0,0.0,0.0,18.233156204223633,38.17967987060547
281,1,0,1.2,0.2,2.0,0.0,0.0,16.186607360839844,39.16373825073242
281,1,0,1.2,0.5,0.5,4.14225959777832,4.764027893543243,59.73966979980469,110.91510009765625
281,1,0,1.2,0.5,1.0,3.605771541595459,5.33720475435257,39.741485595703125,93.73270416259766
281,1,0,1.2,0.5,2.0,2.702361583709717,4.00431501865387,31.332155227661133,91.79212188720703
281,1,0,1.2,0.8,0.5,11.699525833129883,13.969671905040741,92.52908325195312,166.16952514648438
281,1,0,1.2,0.8,1.0,8.822195053100586,11.64794260263443,86.82733917236328,184.10269165039062
281,1,0,1.2,0.8,2.0,6.13700008392334,8.995225191116333,59.39331817626953,158.44699096679688
281,1,1,0.8,0.2,0.5,5.257039546966553,7.175400197505951,5.098037242889404,7.88524055480957
281,1,1,0.8,0.2,1.0,0.0,0.0684058666229248,6.486021995544434,12.361825942993164
281,1,1,0.8,0.2,2.0,0.2675580382347107,0.2710533142089844,5.598554611206055,12.815668106079102
281,1,1,0.8,0.5,0.5,2.3568320274353027,3.5184399485588074,7.8606486320495605,13.831253051757812
281,1,1,0.8,0.5,1.0,0.9790733456611633,0.9798980951309204,9.599175453186035,22.2564697265625
281,1,1,0.8,0.5,2.0,0.0,0.0,9.679109573364258,27.80682373046875
281,1,1,0.8,0.8,0.5,6.574619293212891,8.606243669986725,11.300345420837402,22.56782341003418
281,1,1,0.8,0.8,1.0,6.138743877410889,8.30277532339096,17.954225540161133,47.10909652709961
281,1,1,0.8,0.8,2.0,4.49270486831665,7.41109299659729,19.83951759338379,60.555885314941406
281,1,1,1.0,0.2,0.5,1.0592906475067139,1.1436517834663391,11.207854270935059,18.450345993041992
281,1,1,1.0,0.2,1.0,0.0,0.0,8.951141357421875,17.64409828186035
281,1,1,1.0,0.2,2.0,0.0,0.0,8.884291648864746,22.521039962768555
281,1,1,1.0,0.5,0.5,2.236996650695801,2.0754013657569885,10.570442199707031,19.59076690673828
281,1,1,1.0,0.5,1.0,0.740379810333252,0.7451056241989136,18.69526481628418,46.434844970703125
281,1,1,1.0,0.5,2.0,0.8966986536979675,1.2229271531105042,16.26873779296875,50.19765853881836
281,1,1,1.0,0.8,0.5,12.537469863891602,17.01730042695999,41.83494567871094,85.47908782958984
281,1,1,1.0,0.8,1.0,8.324810028076172,11.978787302970886,51.70415115356445,120.89241027832031
281,1,1,1.0,0.8,2.0,5.372386932373047,8.259755074977875,40.997772216796875,116.11355590820312
281,1,1,1.2,0.2,0.5,0.0,0.0,29.586400985717773,47.14379119873047
281,1,1,1.2,0.2,1.0,0.0,0.0,21.101207733154297,43.27511215209961
281,1,1,1.2,0.2,2.0,0.0,0.0,15.884058952331543,41.74775314331055
281,1,1,1.2,0.5,0.5,3.360067844390869,4.211305737495422,49.410133361816406,91.9890365600586
281,1,1,1.2,0.5,1.0,3.493927478790283,4.573087155818939,46.09970474243164,109.59107208251953
281,1,1,1.2,0.5,2.0,3.532008409500122,5.193075060844421,28.84461784362793,83.50386810302734
281,1,1,1.2,0.8,0.5,10.173095703125,12.304695725440979,102.5716781616211,176.6549072265625
281,1,1,1.2,0.8,1.0,8.574943542480469,11.873866260051727,69.34888458251953,155.3367919921875
281,1,1,1.2,0.8,2.0,5.863753795623779,8.500672817230225,58.69831848144531,154.81716918945312
281,1,2,0.8,0.2,0.5,5.497687339782715,8.228063344955444,5.312273979187012,7.937440872192383
281,1,2,0.8,0.2,1.0,0.537955641746521,0.54692542552948,5.467525482177734,10.574288368225098
281,1,2,0.8,0.2,2.0,0.12902295589447021,0.12597352266311646,5.002901554107666,11.29895305633545
281,1,2,0.8,0.5,0.5,3.2864952087402344,4.491978883743286,6.292202472686768,11.140741348266602
281,1,2,0.8,0.5,1.0,0.5150802135467529,0.5256786942481995,10.48306941986084,24.576602935791016
281,1,2,0.8,0.5,2.0,0.0,0.0,8.505972862243652,23.806482315063477
281,1,2,0.8,0.8,0.5,6.165874481201172,8.101094901561737,16.015579223632812,33.14306640625
281,1,2,0.8,0.8,1.0,7.490994453430176,11.993271172046661,19.48761749267578,48.45635986328125
281,1,2,0.8,0.8,2.0,5.391452312469482,8.25157481431961,20.62574005126953,63.9596061706543
281,1,2,1.0,0.2,0.5,4.1838765144348145,7.149330198764801,6.909122467041016,10.888614654541016
281,1,2,1.0,0.2,1.0,0.0,0.0,11.000333786010742,23.276954650878906
281,1,2,1.0,0.2,2.0,0.0,0.0,9.130758285522461,23.530698776245117
281,1,2,1.0,0.5,0.5,4.1017560958862305,6.380840480327606,16.217668533325195,31.854215621948242
281,1,2,1.0,0.5,1.0,4.764665603637695,7.219688713550568,23.04397964477539,56.72008514404297
281,1,2,1.0,0.5,2.0,2.459824562072754,3.6016530990600586,22.35613441467285,65.14901733398438
281,1,2,1.0,0.8,0.5,11.894465446472168,17.470601677894592,22.358015060424805,46.17620849609375
281,1,2,1.0,0.8,1.0,7.562591075897217,11.92587798833847,20.108427047729492,51.579864501953125
281,1,2,1.0,0.8,2.0,6.128125190734863,9.234928727149963,39.07419204711914,113.18179321289062
281,1,2,1.2,0.2,0.5,0.25766444206237793,0.2625494599342346,22.16460609436035,32.8389892578125
281,1,2,1.2,0.2,1.0,0.0,0.0,19.002840042114258,42.073936462402344
281,1,2,1.2,0.2,2.0,0.0,0.0,15.846399307250977,41.18180847167969
281,1,2,1.2,0.5,0.5,5.176670551300049,6.354514300823212,35.41717529296875,67.91950225830078
281,1,2,1.2,0.5,1.0,3.327110767364502,4.933363974094391,40.173336029052734,94.74091339111328
281,1,2,1.2,0.5,2.0,2.8723537921905518,4.311698079109192,31.517078399658203,89.52639770507812
281,1,2,1.2,0.8,0.5,11.551416397094727,13.369077682495117,117.61763000488281,203.12069702148438
281,1,2,1.2,0.8,1.0,8.34129524230957,11.311184883117676,91.30016326904297,188.90484619140625
281,1,2,1.2,0.8,2.0,5.9003143310546875,8.394774913787842,84.08141326904297,201.66256713867188
281,1,3,0.8,0.2,0.5,4.2486491203308105,5.928600192070007,5.5836405754089355,8.42424201965332
281,1,3,0.8,0.2,1.0,0.5328981876373291,0.7609958648681641,6.191021919250488,11.528388977050781
281,1,3,0.8,0.2,2.0,0.0,0.1088188886642456,5.226611614227295,11.496675491333008
281,1,3,0.8,0.5,0.5,3.3832340240478516,4.3827513456344604,7.832727432250977,14.313605308532715
281,1,3,0.8,0.5,1.0,0.25012868642807007,0.8776509761810303,11.020076751708984,27.681875228881836
281,1,3,0.8,0.5,2.0,0.8948703408241272,0.8879372477531433,10.387965202331543,29.836753845214844
281,1,3,0.8,0.8,0.5,5.446157932281494,7.63968962430954,9.691094398498535,18.874616622924805
281,1,3,0.8,0.8,1.0,7.674161911010742,11.674258530139923,21.352338790893555,53.93201446533203
281,1,3,0.8,0.8,2.0,5.638566493988037,8.624138414859772,23.272266387939453,73.79130554199219
281,1,3,1.0,0.2,0.5,0.14898139238357544,0.15300989151000977,11.013252258300781,19.97063446044922
281,1,3,1.0,0.2,1.0,0.13187402486801147,0.14756548404693604,7.712491035461426,15.799348831176758
281,1,3,1.0,0.2,2.0,0.0,0.0,9.826921463012695,25.940759658813477
281,1,3,1.0,0.5,0.5,6.18347692489624,9.284448444843292,16.23183822631836,30.827795028686523
281,1,3,1.0,0.5,1.0,3.7793359756469727,5.417489588260651,22.488798141479492,53.92556381225586
281,1,3,1.0,0.5,2.0,2.56484055519104,4.057170391082764,22.99045181274414,67.72042083740234
281,1,3,1.0,0.8,0.5,10.737678527832031,15.353712618350983,30.515480041503906,65.51734161376953
281,1,3,1.0,0.8,1.0,8.469160079956055,12.613095164299011,47.836753845214844,113.05266571044922
281,1,3,1.0,0.8,2.0,5.734786033630371,8.553184151649475,41.59339904785156,121.56694793701172
281,1,3,1.2,0.2,0.5,0.0,0.0,28.967905044555664,41.15242004394531
281,1,3,1.2,0.2,1.0,0.0,0.0,14.446892738342285,30.17977523803711
281,1,3,1.2,0.2,2.0,0.0,0.0,14.912189483642578,41.33218765258789
281,1,3,1.2,0.5,0.5,3.848985433578491,4.7506023645401,48.703575134277344,89.63288879394531
281,1,3,1.2,0.5,1.0,3.30564284324646,4.2357253432273865,52.99037170410156,116.35447692871094
281,1,3,1.2,0.5,2.0,2.734576940536499,3.831011652946472,39.83495330810547,110.03999328613281
281,1,3,1.2,0.8,0.5,10.73206615447998,12.770575284957886,105.6712875366211,183.7418975830078
281,1,3,1.2,0.8,1.0,8.907094955444336,12.566659271717072,64.46733856201172,147.73321533203125
281,1,3,1.2,0.8,2.0,6.020476341247559,8.618150532245636,69.49205017089844,176.89817810058594
281,1,4,0.8,0.2,0.5,7.147903919219971,11.670940458774567,4.860991954803467,6.882279396057129
281,1,4,0.8,0.2,1.0,0.4174513816833496,0.5688503384590149,5.624834060668945,10.944023132324219
281,1,4,0.8,0.2,2.0,0.0,0.0,6.245834827423096,15.597366333007812
281,1,4,0.8,0.5,0.5,3.005732774734497,4.977951109409332,5.782829284667969,9.68893814086914
281,1,4,0.8,0.5,1.0,1.5103256702423096,1.989628255367279,9.955866813659668,23.029130935668945
281,1,4,0.8,0.5,2.0,0.0,0.0,11.531208992004395,33.122352600097656
281,1,4,0.8,0.8,0.5,4.893439769744873,7.243331789970398,15.272010803222656,31.2209529876709
281,1,4,0.8,0.8,1.0,3.404792308807373,3.351145625114441,16.466537475585938,42.520179748535156
281,1,4,0.8,0.8,2.0,4.072240829467773,5.7650304436683655,20.684173583984375,67.82234954833984
281,1,4,1.0,0.2,0.5,1.9705641269683838,1.9158174991607666,6.472154140472412,10.51148796081543
281,1,4,1.0,0.2,1.0,0.0,0.0,9.109915733337402,18.354341506958008
281,1,4,1.0,0.2,2.0,0.11296254396438599,0.11922651529312134,7.663724422454834,19.525012969970703
281,1,4,1.0,0.5,0.5,6.389930248260498,9.934104025363922,18.601261138916016,35.010311126708984
281,1,4,1.0,0.5,1.0,3.6219890117645264,5.583436727523804,20.94709587097168,52.03322219848633
281,1,4,1.0,0.5,2.0,2.9255142211914062,4.440128564834595,23.299375534057617,68.88188934326172
281,1,4,1.0,0.8,0.5,11.381930351257324,16.35412859916687,32.88517379760742,69.2577133178711
281,1,4,1.0,0.8,1.0,8.026336669921875,11.511781394481659,51.970237731933594,124.18905639648438
281,1,4,1.0,0.8,2.0,5.762366771697998,8.730335295200348,32.543296813964844,99.50508117675781
281,1,4,1.2,0.2,0.5,0.9165624976158142,1.357448160648346,10.29787826538086,17.10944366455078
281,1,4,1.2,0.2,1.0,0.0,0.0,17.670015335083008,35.372684478759766
281,1,4,1.2,0.2,2.0,0.0,0.0,15.675411224365234,38.9109001159668
281,1,4,1.2,0.5,0.5,3.0817084312438965,5.259242534637451,14.781991958618164,27.3448429107666
281,1,4,1.2,0.5,1.0,3.463707447052002,4.922008514404297,46.59196090698242,105.38536834716797
281,1,4,1.2,0.5,2.0,2.7873566150665283,4.298750877380371,34.47120666503906,98.97843170166016
281,1,4,1.2,0.8,0.5,12.379365921020508,14.671296834945679,104.28813934326172,183.9044952392578
281,1,4,1.2,0.8,1.0,8.392478942871094,11.44230729341507,114.99715423583984,222.68971252441406
281,1,4,1.2,0.8,2.0,5.75645112991333,8.0602525472641,75.45276641845703,190.77084350585938
282,1,0,0.8,0.2,0.5,6.408529758453369,8.60423094034195,5.12864351272583,7.91671895980835
282,1,0,0.8,0.2,1.0,0.07015430927276611,0.12526094913482666,5.669365882873535,11.522263526916504
282,1,0,0.8,0.2,2.0,0.0,0.0,6.168917179107666,15.412127494812012
282,1,0,0.8,0.5,0.5,3.1816279888153076,4.3123167753219604,6.197482109069824,10.334901809692383
282,1,0,0.8,0.5,1.0,0.0,0.0,7.252099990844727,15.612961769104004
282,1,0,0.8,0.5,2.0,0.0,0.0,12.760024070739746,36.82953643798828
282,1,0,0.8,0.8,0.5,4.739618301391602,6.504096031188965,13.726519584655762,27.325069427490234
282,1,0,0.8,0.8,1.0,7.639291763305664,11.94307667016983,22.358980178833008,56.944847106933594
282,1,0,0.8,0.8,2.0,2.853912591934204,2.29054057598114,13.493027687072754,40.083560943603516
282,1,0,1.0,0.2,0.5,1.2866235971450806,1.6254417300224304,10.078579902648926,15.553399085998535
282,1,0,1.0,0.2,1.0,0.0,0.0,8.543920516967773,17.219133377075195
282,1,0,1.0,0.2,2.0,0.0,0.0,9.573933601379395,23.826799392700195
282,1,0,1.0,0.5,0.5,3.3887715339660645,5.003357946872711,15.369975090026855,29.45090103149414
282,1,0,1.0,0.5,1.0,0.523517370223999,1.0026110410690308,14.090118408203125,34.1973876953125
282,1,0,1.0,0.5,2.0,2.556267499923706,3.7172837257385254,20.82330894470215,62.179500579833984
282,1,0,1.0,0.8,0.5,11.873956680297852,16.95166277885437,31.574600219726562,64.00164794921875
282,1,0,1.0,0.8,1.0,8.16347599029541,11.54013067483902,49.30682373046875,121.52191162109375
282,1,0,1.0,0.8,2.0,5.514922618865967,8.293791353702545,45.18470001220703,131.07029724121094
282,1,0,1.2,0.2,0.5,0.0,0.0,29.16124153137207,52.835819244384766
282,1,0,1.2,0.2,1.0,0.0,0.0,17.610313415527344,35.024070739746094
282,1,0,1.2,0.2,2.0,0.0,0.0,15.353482246398926,41.77702713012695
282,1,0,1.2,0.5,0.5,3.6425890922546387,4.509232342243195,58.653018951416016,109.89385223388672
282,1,0,1.2,0.5,1.0,3.6828880310058594,4.982404589653015,47.25303649902344,106.52232360839844
282,1,0,1.2,0.5,2.0,3.005413293838501,4.053258538246155,41.64640808105469,111.62197875976562
282,1,0,1.2,0.8,0.5,11.693863868713379,14.311513304710388,95.44169616699219,173.05101013183594
282,1,0,1.2,0.8,1.0,8.139750480651855,10.732361495494843,101.5242691040039,206.58506774902344
282,1,0,1.2,0.8,2.0,6.294787406921387,8.849034428596497,62.246009826660156,162.0446014404297
282,1,1,0.8,0.2,0.5,4.47858190536499,7.710928022861481,4.358052730560303,6.1657280921936035
282,1,1,0.8,0.2,1.0,0.2889168858528137,0.2678369879722595,6.114193439483643,12.046854972839355
282,1,1,0.8,0.2,2.0,0.22546851634979248,0.2227514386177063,5.555027484893799,12.96743392944336
282,1,1,0.8,0.5,0.5,2.6549644470214844,3.756435751914978,7.874880790710449,13.665952682495117
282,1,1,0.8,0.5,1.0,1.1846420764923096,1.2589086294174194,10.25316047668457,22.56967544555664
282,1,1,0.8,0.5,2.0,0.18473714590072632,0.3387700319290161,10.534642219543457,30.463069915771484
282,1,1,0.8,0.8,0.5,7.260484218597412,8.029705882072449,13.08591365814209,25.470359802246094
282,1,1,0.8,0.8,1.0,7.3097147941589355,10.788106441497803,18.617460250854492,47.60774230957031
282,1,1,0.8,0.8,2.0,5.76812219619751,8.774342477321625,20.739477157592773,65.00069427490234
282,1,1,1.0,0.2,0.5,7.452934265136719,9.762216031551361,6.7553324699401855,10.800551414489746
282,1,1,1.0,0.2,1.0,0.0,0.0,7.4450764656066895,15.109572410583496
282,1,1,1.0,0.2,2.0,0.0,0.0,6.733521938323975,16.591575622558594
282,1,1,1.0,0.5,0.5,4.647222518920898,6.829640090465546,14.542860984802246,26.270645141601562
282,1,1,1.0,0.5,1.0,3.767392635345459,5.630377113819122,19.45681381225586,47.35257339477539
282,1,1,1.0,0.5,2.0,2.740417957305908,3.973473310470581,23.8513126373291,71.8967056274414
282,1,1,1.0,0.8,0.5,11.153270721435547,15.670790910720825,41.14393615722656,84.6451644897461
282,1,1,1.0,0.8,1.0,8.430957794189453,12.444606900215149,51.4609260559082,120.16915893554688
282,1,1,1.0,0.8,2.0,5.6025285720825195,8.527523159980774,37.90349578857422,112.43378448486328
282,1,1,1.2,0.2,0.5,0.0346105694770813,0.03759676218032837,17.01773452758789,28.401020050048828
282,1,1,1.2,0.2,1.0,0.0,0.0,19.04757308959961,39.758331298828125
282,1,1,1.2,0.2,2.0,0.0,0.0,13.982155799865723,35.86382293701172
282,1,1,1.2,0.5,0.5,4.338214874267578,5.443641185760498,38.204044342041016,71.71810150146484
282,1,1,1.2,0.5,1.0,4.298419952392578,5.594659507274628,47.18336486816406,101.39620971679688
282,1,1,1.2,0.5,2.0,2.6478614807128906,3.786644697189331,38.117523193359375,106.60427856445312
282,1,1,1.2,0.8,0.5,10.869180679321289,15.209060490131378,41.41655731201172,84.0118408203125
282,1,1,1.2,0.8,1.0,8.751590728759766,12.004457712173462,86.07929992675781,181.34889221191406
282,1,1,1.2,0.8,2.0,5.8321685791015625,8.40576285123825,67.26256561279297,173.0842742919922
282,1,2,0.8,0.2,0.5,3.768207550048828,5.514133036136627,4.167118072509766,6.391750335693359
282,1,2,0.8,0.2,1.0,0.29470187425613403,0.6293826699256897,5.921065807342529,11.594192504882812
282,1,2,0.8,0.2,2.0,0.31492549180984497,0.3430967330932617,4.554590225219727,10.381341934204102
282,1,2,0.8,0.5,0.5,2.587635040283203,3.5451380014419556,6.5771260261535645,11.145698547363281
282,1,2,0.8,0.5,1.0,0.4350225329399109,0.36587780714035034,11.633858680725098,28.97036361694336
282,1,2,0.8,0.5,2.0,0.7850560545921326,0.5035955905914307,12.291919708251953,35.81380081176758
282,1,2,0.8,0.8,0.5,8.935014724731445,12.611847460269928,17.20391845703125,36.26382827758789
282,1,2,0.8,0.8,1.0,4.079059600830078,6.027594685554504,14.901651382446289,38.8360710144043
282,1,2,0.8,0.8,2.0,1.8541933298110962,1.4997667074203491,17.71622085571289,57.396976470947266
282,1,2,1.0,0.2,0.5,1.595099925994873,1.869651198387146,8.005830764770508,12.866952896118164
282,1,2,1.0,0.2,1.0,0.2777799367904663,0.2258501648902893,6.7353973388671875,12.594943046569824
282,1,2,1.0,0.2,2.0,0.0,0.0,9.653868675231934,24.04483985900879
282,1,2,1.0,0.5,0.5,5.154195308685303,6.8564594984054565,15.908310890197754,29.2586612701416
282,1,2,1.0,0.5,1.0,1.593282699584961,1.4122140407562256,18.333755493164062,42.97373580932617
282,1,2,1.0,0.5,2.0,2.607428550720215,3.5194080471992493,22.47164535522461,65.457763671875
282,1,2,1.0,0.8,0.5,11.788734436035156,16.063734471797943,43.531776428222656,87.84852600097656
282,1,2,1.0,0.8,1.0,8.004172325134277,11.526102125644684,50.90626525878906,118.56272888183594
282,1,2,1.0,0.8,2.0,5.906968116760254,8.60556948184967,48.65131378173828,134.70396423339844
282,1,2,1.2,0.2,0.5,0.0,0.0,21.612436294555664,34.57794952392578
282,1,2,1.2,0.2,1.0,0.0,0.0,18.428691864013672,37.81341552734375
282,1,2,1.2,0.2,2.0,0.0,0.0,14.999625205993652,38.50251388549805
282,1,2,1.2,0.5,0.5,3.8351523876190186,4.350964546203613,55.192710876464844,106.87306213378906
282,1,2,1.2,0.5,1.0,4.557773590087891,6.534315347671509,33.86208724975586,78.13067626953125
282,1,2,1.2,0.5,2.0,2.6049420833587646,3.6246026754379272,39.44129943847656,109.67047882080078
282,1,2,1.2,0.8,0.5,11.523172378540039,13.629800140857697,103.94078063964844,184.2898712158203
282,1,2,1.2,0.8,1.0,8.097513198852539,11.340520739555359,80.47492218017578,172.9337158203125
282,1,2,1.2,0.8,2.0,5.554043292999268,7.908621907234192,77.82142639160156,191.1266632080078
282,1,3,0.8,0.2,0.5,4.510327339172363,7.431041240692139,3.827401876449585,5.323192596435547
282,1,3,0.8,0.2,1.0,1.074346899986267,1.075291931629181,5.735958099365234,11.752243041992188
282,1,3,0.8,0.2,2.0,0.0,0.0,6.450736999511719,15.900199890136719
282,1,3,0.8,0.5,0.5,2.6825413703918457,2.7653623819351196,6.881547927856445,11.628101348876953
282,1,3,0.8,0.5,1.0,0.9709736704826355,0.6451368927955627,8.915929794311523,20.01203155517578
282,1,3,0.8,0.5,2.0,0.8454985618591309,0.8432500958442688,10.15381145477295,28.950244903564453
282,1,3,0.8,0.8,0.5,4.4379987716674805,6.345224499702454,8.115296363830566,15.414934158325195
282,1,3,0.8,0.8,1.0,3.096034288406372,4.328741014003754,12.214771270751953,30.532968521118164
282,1,3,0.8,0.8,2.0,3.8467726707458496,5.566088616847992,19.414703369140625,59.89603805541992
282,1,3,1.0,0.2,0.5,1.3303554058074951,2.10676509141922,9.364234924316406,15.593238830566406
282,1,3,1.0,0.2,1.0,0.0,0.0,9.592371940612793,20.48570442199707
282,1,3,1.0,0.2,2.0,0.0,0.0,10.191219329833984,28.11407470703125
282,1,3,1.0,0.5,0.5,6.570585250854492,9.311044573783875,20.861940383911133,39.8370361328125
282,1,3,1.0,0.5,1.0,3.232064723968506,4.6351951360702515,18.67009925842285,45.79964065551758
282,1,3,1.0,0.5,2.0,0.745049238204956,0.5375118255615234,19.705041885375977,57.56916427612305
282,1,3,1.0,0.8,0.5,11.487095832824707,16.571045339107513,31.92053985595703,67.4476547241211
282,1,3,1.0,0.8,1.0,8.25609302520752,12.244387865066528,45.37449645996094,111.56275177001953
282,1,3,1.0,0.8,2.0,5.529079437255859,8.496181905269623,30.658246994018555,94.57991027832031
282,1,3,1.2,0.2,0.5,0.2512552738189697,0.2543632388114929,18.78865623474121,29.317092895507812
282,1,3,1.2,0.2,1.0,0.0,0.0,18.543928146362305,38.27571487426758
282,1,3,1.2,0.2,2.0,0.0,0.0,12.889931678771973,35.137447357177734
282,1,3,1.2,0.5,0.5,4.5139946937561035,5.971830666065216,42.8873176574707,82.42990112304688
282,1,3,1.2,0.5,1.0,3.805661201477051,5.020273983478546,53.69955062866211,113.41432189941406
282,1,3,1.2,0.5,2.0,0.8173515200614929,0.857793390750885,16.971817016601562,53.086917877197266
282,1,3,1.2,0.8,0.5,10.764663696289062,12.176663219928741,118.7345962524414,204.03123474121094
282,1,3,1.2,0.8,1.0,8.12747573852539,11.069506824016571,107.55377197265625,214.2079315185547
282,1,3,1.2,0.8,2.0,6.217975616455078,8.888460874557495,57.49879837036133,154.2782440185547
282,1,4,0.8,0.2,0.5,3.7545950412750244,5.529268562793732,5.46957540512085,8.526900291442871
282,1,4,0.8,0.2,1.0,0.35450035333633423,0.5602033138275146,4.970232009887695,9.372430801391602
282,1,4,0.8,0.2,2.0,0.0,0.0,6.387561798095703,14.641868591308594
282,1,4,0.8,0.5,0.5,3.0804686546325684,4.470108270645142,8.449075698852539,14.758401870727539
282,1,4,0.8,0.5,1.0,1.2574920654296875,1.6191118359565735,8.93759536743164,21.05086326599121
282,1,4,0.8,0.5,2.0,0.0,0.0,12.021231651306152,35.43761444091797
282,1,4,0.8,0.8,0.5,5.593099594116211,7.187094330787659,13.876935005187988,28.34798240661621
282,1,4,0.8,0.8,1.0,4.642712116241455,5.7951600551605225,16.6949520111084,42.64476013183594
282,1,4,0.8,0.8,2.0,4.958982467651367,7.4755494594573975,20.617977142333984,65.86856079101562
282,1,4,1.0,0.2,0.5,5.051103591918945,7.513042688369751,6.157008171081543,9.22443962097168
282,1,4,1.0,0.2,1.0,0.0,0.0,9.47063159942627,18.248306274414062
282,1,4,1.0,0.2,2.0,0.0002034306526184082,0.0,8.696340560913086,21.94198226928711
282,1,4,1.0,0.5,0.5,4.9578094482421875,6.838384509086609,14.90911865234375,28.072616577148438
282,1,4,1.0,0.5,1.0,2.0041821002960205,2.0268567204475403,16.13812828063965,37.548179626464844
282,1,4,1.0,0.5,2.0,0.9633585214614868,1.4206244349479675,16.40939712524414,49.71732711791992
282,1,4,1.0,0.8,0.5,11.026965141296387,15.769245028495789,39.24044418334961,82.8428955078125
282,1,4,1.0,0.8,1.0,7.942296028137207,11.527292907238007,39.045101165771484,97.49141693115234
282,1,4,1.0,0.8,2.0,5.556471824645996,8.53571480512619,26.23832130432129,80.90192413330078
282,1,4,1.2,0.2,0.5,2.02790904045105,2.4053272008895874,12.646385192871094,21.399486541748047
282,1,4,1.2,0.2,1.0,0.0,0.0,13.934818267822266,29.35603141784668
282,1,4,1.2,0.2,2.0,0.0,0.0,14.314852714538574,39.18836975097656
282,1,4,1.2,0.5,0.5,4.510107040405273,5.572463035583496,49.53968811035156,90.75862121582031
282,1,4,1.2,0.5,1.0,3.96983003616333,5.9814669489860535,27.350679397583008,66.81404876708984
282,1,4,1.2,0.5,2.0,3.1213366985321045,4.649685263633728,27.293581008911133,77.98149108886719
282,1,4,1.2,0.8,0.5,11.461050033569336,13.449944138526917,108.22673797607422,184.88670349121094
282,1,4,1.2,0.8,1.0,8.641429901123047,11.717689394950867,97.41316223144531,200.0819549560547
282,1,4,1.2,0.8,2.0,6.0468645095825195,8.528205573558807,83.29766082763672,202.03225708007812
